t_s,state,nthreads,utime_s,stime_s,disk_r_mb,disk_w_mb,disk_io_ms
0.0,R,1,0.00,0.00,17932058.1,90707473.5,443328312
1.0,S,47,9.70,4.39,17932058.1,90707474.7,443328328
2.0,S,47,20.43,9.45,17932058.1,90707474.9,443328328
3.0,S,47,31.16,14.55,17932058.1,90707475.0,443328328
4.0,S,47,41.88,19.70,17932058.1,90707475.7,443328330
5.0,S,47,52.67,24.73,17932058.1,90707475.8,443328331
6.0,S,47,62.67,29.46,17932058.1,90707540.7,443328394
7.0,S,47,73.35,34.66,17932058.1,90707541.2,443328402
8.0,S,47,82.94,39.42,17932058.1,90707649.5,443328509
9.0,S,47,93.77,44.42,17932058.1,90707650.1,443328511
10.0,S,47,103.40,49.07,17932058.1,90707751.0,443328600
11.0,S,47,114.07,54.23,17932058.1,90707751.2,443328602
12.0,S,47,123.43,58.80,17932058.1,90707876.5,443328715
13.0,S,47,134.06,64.01,17932058.1,90707876.9,443328719
14.0,S,47,144.68,69.27,17932058.1,90707877.2,443328723
15.0,S,51,155.89,74.02,17932058.1,90707970.3,443328804
16.0,S,51,170.34,79.47,17932058.1,90707970.8,443328809
17.0,S,47,181.75,84.49,17932058.1,90708138.7,443328956
18.0,S,51,195.21,89.20,17932058.1,90708217.2,443329034
19.0,S,51,209.07,94.09,17932058.1,90708384.8,443329180
20.0,S,55,223.98,98.80,17932058.1,90708489.4,443329273
21.0,S,55,243.90,103.84,17932058.1,90708490.6,443329276
22.0,S,54,262.98,108.55,17932058.1,90708633.4,443329397
23.0,S,51,278.84,112.90,17932058.1,90708786.4,443329532
24.0,S,49,294.17,118.24,17932058.1,90708970.7,443329691
25.0,S,47,306.57,123.41,17932058.1,90709100.1,443329803
26.0,S,51,318.54,128.11,17932058.1,90709201.3,443329894
27.0,S,51,334.24,133.33,17932058.1,90709202.3,443329895
28.0,S,51,349.79,138.58,17932058.1,90709225.3,443329918
29.0,S,47,361.12,142.87,17932058.1,90709519.0,443330168
30.0,S,47,373.84,147.99,17932058.1,90709519.3,443330173
31.0,S,47,386.51,153.16,17932058.1,90709520.1,443330176
32.0,S,47,397.99,157.94,17932058.1,90709624.2,443330266
33.0,S,47,410.58,163.17,17932058.1,90709624.4,443330268
34.0,S,47,421.68,168.17,17932058.1,90709916.9,443330524
35.0,S,47,433.50,173.21,17932058.1,90709917.4,443330528
36.0,S,47,444.27,177.96,17932058.1,90710011.8,443330614
37.0,S,51,459.63,183.25,17932058.1,90710020.0,443330623
38.0,S,51,474.94,188.85,17932058.1,90710068.0,443330665
39.0,S,51,486.98,193.53,17932058.1,90710311.9,443330881
40.0,S,51,504.27,198.14,17932058.1,90710312.2,443330886
41.0,S,51,520.91,202.96,17932058.1,90710394.3,443330955
42.0,S,47,532.52,207.54,17932058.1,90710819.8,443331323
43.0,S,47,545.11,212.84,17932058.1,90710821.1,443331327
44.0,S,47,557.99,217.80,17932058.1,90710821.4,443331331
45.0,S,55,575.77,222.57,17932058.1,90710924.3,443331421
46.0,S,55,597.03,227.22,17932058.1,90710924.6,443331423
47.0,S,49,614.26,231.76,17932058.1,90711306.8,443331747
48.0,S,47,626.98,236.42,17932058.1,90711409.6,443331842
49.0,S,47,640.69,241.58,17932058.1,90711410.5,443331843
50.0,S,47,652.37,246.56,17932058.1,90711701.5,443332092
51.0,S,47,665.21,251.61,17932058.1,90711701.7,443332094
52.0,S,47,677.64,257.04,17932058.1,90711702.0,443332098
53.0,S,47,689.14,261.77,17932058.1,90711805.1,443332190
54.0,S,47,700.85,266.99,17932058.1,90711996.2,443332367
55.0,S,47,711.47,271.64,17932058.1,90712099.5,443332453
56.0,S,47,723.24,276.77,17932058.1,90712099.8,443332457
57.0,S,47,735.01,281.84,17932058.1,90712100.2,443332464
58.0,S,51,748.47,286.24,17932058.1,90712203.0,443332557
59.0,S,51,764.16,291.49,17932058.1,90712203.2,443332558
60.0,S,47,777.67,296.41,17932058.1,90712394.2,443332724
61.0,S,51,792.81,301.02,17932058.1,90712497.3,443332815
62.0,S,51,809.53,306.25,17932058.1,90712498.0,443332819
63.0,S,47,823.43,311.32,17932058.2,90712688.6,443332987
64.0,S,51,839.59,316.01,17932058.2,90712791.7,443333076
65.0,S,51,857.41,321.14,17932058.2,90712792.5,443333079
66.0,S,47,872.60,325.84,17932058.2,90712983.8,443333249
67.0,S,51,889.58,330.42,17932058.2,90713086.9,443333338
68.0,S,51,908.76,335.17,17932058.2,90713087.2,443333340
69.0,S,47,925.07,339.89,17932058.2,90713277.8,443333503
70.0,S,47,938.59,344.80,17932058.2,90713761.4,443333916
71.0,S,47,953.40,349.88,17932058.2,90713763.0,443333920
72.0,S,47,966.95,354.63,17932058.2,90713997.3,443334118
73.0,S,47,979.88,359.63,17932058.2,90714056.9,443334173
74.0,S,47,993.42,365.02,17932058.2,90714057.2,443334175
75.0,S,47,1005.39,369.82,17932058.2,90714350.1,443334428
76.0,S,47,1017.83,375.15,17932058.2,90714435.2,443334506
77.1,S,47,1029.53,380.18,17932058.2,90714541.7,443334605
78.1,S,47,1040.31,384.72,17932058.2,90714644.7,443334698
79.1,S,47,1052.21,389.69,17932058.2,90714644.9,443334699
80.1,S,51,1064.17,394.28,17932058.2,90714937.6,443334950
81.1,S,66,1084.56,399.56,17932058.2,90714938.9,443334956
82.1,S,66,1114.42,404.24,17932058.2,90714940.4,443334959
83.1,S,62,1142.66,409.09,17932058.2,90715131.3,443335130
84.1,S,66,1170.42,413.43,17932058.2,90715234.6,443335226
85.1,S,66,1200.67,418.12,17932058.2,90715274.3,443335267
86.1,S,66,1228.70,420.64,17932058.2,90715274.6,443335270
87.1,S,62,1254.66,422.12,17932058.2,90715466.0,443335443
88.1,S,62,1279.92,423.34,17932058.2,90715466.9,443335446
89.1,S,62,1305.15,424.65,17932058.2,90715467.4,443335447
90.1,S,66,1331.80,426.29,17932058.2,90715570.2,443335542
91.1,S,66,1358.81,427.80,17932058.2,90715725.5,443335836
92.1,S,63,1371.74,429.14,17932058.2,90716528.6,443336837
93.1,S,63,1378.54,430.28,17932058.2,90716968.3,443337838
94.1,S,59,1383.61,431.13,17932058.2,90717314.2,443338842
95.1,S,47,1394.14,432.50,17932058.2,90717735.6,443339426
96.1,S,62,1420.76,434.00,17932058.2,90717736.0,443339432
97.1,S,62,1447.81,435.45,17932058.2,90717736.6,443339434
98.1,S,62,1469.79,436.15,17932058.2,90717981.1,443340014
99.1,S,65,1495.42,437.60,17932058.2,90718062.5,443340272
100.1,S,65,1523.80,439.19,17932058.2,90718063.1,443340279
101.1,S,65,1542.86,440.92,17932058.2,90718646.8,443341085
102.1,S,63,1551.66,442.45,17932058.2,90718988.2,443342086
103.3,S,56,1556.20,443.28,17932058.2,90719451.3,443343335
104.3,S,47,1565.96,445.07,17932058.2,90719533.7,443343417
105.3,S,47,1575.68,446.59,17932058.2,90719534.3,443343419
106.3,S,47,1585.38,447.92,17932058.2,90719534.6,443343424
107.3,S,47,1594.33,449.15,17932058.2,90719637.5,443343522
108.3,S,47,1601.40,450.64,17932058.2,90719828.3,443343929
109.3,S,47,1610.14,452.08,17932058.2,90719828.8,443343940
110.3,S,47,1619.10,453.49,17932058.2,90719830.0,443343948
111.3,S,47,1627.83,454.81,17932058.2,90719830.2,443343950
112.3,S,47,1636.54,456.28,17932058.2,90719830.5,443343954
113.3,S,47,1645.23,457.71,17932058.2,90719830.7,443343957
114.3,S,47,1651.20,458.72,17932058.2,90720011.4,443344474
115.3,S,62,1666.50,460.22,17932058.2,90720125.9,443344783
116.3,S,62,1690.03,461.79,17932058.2,90720126.5,443344787
117.3,S,62,1713.38,463.10,17932058.2,90720127.0,443344798
118.4,S,61,1733.11,464.43,17932058.2,90720248.2,443345152
119.4,S,61,1755.34,466.03,17932058.2,90720298.9,443345300
120.4,S,60,1765.64,466.60,17932058.2,90720865.1,443346250
121.4,S,52,1767.99,467.21,17932058.2,90721210.7,443347251
122.4,S,72,1795.41,468.29,17932058.2,90721240.4,443347403
123.4,S,72,1830.26,468.85,17932058.2,90721240.7,443347412
124.4,S,72,1865.06,469.42,17932058.2,90721241.0,443347415
125.4,S,71,1899.53,470.00,17932058.2,90721308.8,443347624
126.4,S,69,1932.89,470.71,17932058.2,90721353.7,443347759
127.4,S,67,1964.12,471.37,17932058.2,90721454.6,443348127
128.4,S,64,1989.73,472.46,17932058.2,90721982.4,443348917
129.4,S,63,1992.99,473.28,17932058.2,90722311.9,443349918
130.4,S,59,1995.52,474.14,17932058.2,90722873.3,443350918
131.4,S,57,2005.39,475.67,17932058.2,90723304.5,443351634
132.4,S,57,2025.63,477.35,17932058.2,90723305.1,443351635
133.4,S,56,2045.40,479.03,17932058.2,90723432.6,443351749
134.4,S,55,2064.56,480.73,17932058.2,90723470.1,443351835
135.4,S,55,2082.74,482.45,17932058.2,90723470.7,443351849
136.4,S,53,2095.83,484.00,17932058.2,90723735.4,443352659
137.4,S,47,2101.87,485.60,17932058.2,90724176.4,443353253
138.4,S,47,2109.69,487.07,17932058.2,90724274.1,443353615
139.4,S,47,2117.57,488.43,17932058.2,90724274.3,443353616
140.4,S,51,2128.01,490.09,17932058.2,90724280.4,443353646
141.4,S,51,2139.55,491.70,17932058.2,90724280.7,443353649
142.4,S,53,2146.67,492.90,17932058.2,90724472.9,443354208
143.4,S,53,2161.04,494.62,17932058.2,90724473.7,443354212
144.4,S,52,2174.63,496.32,17932058.2,90724494.0,443354305
145.4,S,52,2188.09,497.94,17932058.2,90724494.1,443354306
146.4,S,52,2199.75,499.34,17932058.2,90724547.8,443354523
147.4,S,52,2203.80,499.86,17932058.2,90724826.2,443355472
148.4,S,69,2225.23,501.30,17932058.2,90724985.6,443355684
149.4,S,68,2255.19,502.76,17932058.2,90725001.0,443355704
150.4,S,66,2284.03,504.38,17932058.2,90725096.5,443355790
151.4,S,64,2311.02,505.99,17932058.2,90725192.0,443355875
152.4,S,64,2337.93,507.39,17932058.2,90725192.6,443355878
153.4,S,62,2362.88,508.89,17932058.2,90725373.2,443356339
154.4,S,62,2370.96,509.92,17932058.2,90725647.3,443357340
155.5,S,60,2371.90,510.34,17932058.2,90726262.7,443358480
156.7,S,57,2375.94,510.92,17932058.2,90726570.6,443359367
157.7,S,57,2394.16,512.94,17932058.2,90726571.2,443359371
158.7,S,56,2410.90,514.78,17932058.2,90726686.5,443359699
159.7,S,52,2425.40,516.72,17932058.2,90726781.8,443359965
160.7,S,52,2438.40,518.23,17932058.2,90726910.7,443360348
161.7,S,49,2450.15,519.86,17932058.2,90727155.4,443360923
162.7,S,54,2466.85,521.69,17932058.2,90727172.4,443360940
163.7,S,58,2487.61,523.39,17932058.2,90727275.6,443361033
164.7,S,58,2509.84,524.86,17932058.2,90727277.1,443361036
165.7,S,54,2526.19,526.20,17932058.2,90727512.3,443361618
166.7,S,52,2543.54,527.87,17932058.2,90727565.9,443361779
167.7,S,51,2550.91,528.87,17932058.2,90727861.5,443362760
168.7,S,47,2558.50,530.03,17932058.2,90728079.8,443363460
169.7,S,47,2567.42,531.39,17932058.2,90728169.8,443363559
170.7,S,47,2577.10,532.60,17932058.2,90728184.0,443363578
171.7,S,47,2586.79,534.00,17932058.2,90728236.1,443363623
172.7,S,47,2595.35,535.56,17932058.2,90728374.7,443363744
173.7,S,47,2604.08,537.03,17932058.2,90728374.9,443363744
174.7,S,47,2612.73,538.40,17932058.2,90728375.1,443363746
175.7,S,47,2621.60,539.84,17932058.2,90728375.2,443363748
176.7,S,47,2629.18,541.05,17932058.2,90728478.9,443363880
177.7,S,47,2636.93,542.57,17932058.2,90728651.1,443364390
178.7,S,56,2652.04,544.14,17932058.2,90728669.3,443364454
179.7,S,56,2669.30,545.94,17932058.2,90728670.5,443364466
180.7,S,55,2685.98,547.77,17932058.2,90728705.7,443364577
181.7,S,55,2701.99,549.64,17932058.2,90728707.3,443364581
182.7,S,55,2714.52,551.14,17932058.2,90728902.0,443365427
183.7,S,48,2718.08,551.90,17932058.2,90729404.3,443366390
184.7,S,66,2743.59,553.40,17932058.2,90729429.1,443366427
185.7,S,65,2773.51,554.75,17932058.2,90729437.0,443366436
186.7,S,65,2803.31,556.09,17932058.2,90729437.8,443366438
187.7,S,65,2833.12,557.44,17932058.2,90729447.6,443366447
188.7,S,64,2862.14,558.91,17932058.2,90729476.8,443366475
189.7,S,64,2888.49,560.33,17932058.2,90729578.7,443366724
190.9,S,63,2899.03,561.28,17932058.2,90729968.4,443367912
191.9,S,60,2902.08,561.74,17932058.2,90730408.4,443368913
192.9,S,58,2908.40,563.06,17932058.2,90730867.1,443369936
193.9,S,55,2920.37,564.75,17932058.2,90731118.4,443370358
194.9,S,55,2937.71,566.49,17932058.2,90731118.7,443370363
195.9,S,55,2954.98,568.26,17932058.2,90731118.9,443370365
196.9,S,54,2972.05,570.01,17932058.2,90731164.9,443370407
197.9,S,53,2987.84,571.87,17932058.2,90731294.4,443370519
198.9,S,51,2996.08,573.22,17932058.2,90731628.4,443371514
199.9,S,47,3002.01,574.63,17932058.2,90731773.8,443371887
200.9,S,51,3010.21,575.87,17932058.2,90731849.5,443372164
201.9,S,51,3021.89,577.53,17932058.2,90731849.7,443372166
202.9,S,48,3028.69,578.64,17932058.2,90732040.7,443372841
203.9,S,53,3042.52,580.29,17932058.2,90732041.8,443372846
204.9,S,53,3056.67,582.16,17932058.2,90732062.9,443372868
205.9,S,53,3070.71,584.10,17932058.2,90732063.1,443372869
206.9,S,52,3084.71,585.96,17932058.2,90732119.6,443372921
207.9,S,55,3094.79,587.23,17932058.2,90732579.9,443373696
208.9,S,62,3118.20,588.58,17932058.2,90732592.4,443373751
209.9,S,61,3138.54,589.90,17932058.2,90732747.9,443374339
210.9,S,58,3159.98,591.58,17932058.2,90732784.0,443374542
211.9,S,58,3181.19,593.22,17932058.2,90732784.6,443374546
212.9,S,58,3202.61,594.72,17932058.2,90732784.9,443374554
213.9,S,57,3207.63,595.00,17932058.2,90733069.5,443375494
215.0,S,55,3208.08,595.33,17932058.2,90733715.5,443376575
216.0,S,57,3221.73,596.92,17932058.2,90733780.7,443376776
217.0,S,57,3239.76,598.95,17932058.2,90733781.7,443376785
218.0,S,55,3251.87,600.22,17932058.2,90733972.3,443377528
219.0,S,53,3267.10,602.20,17932058.2,90733973.0,443377536
220.0,S,52,3280.31,604.01,17932058.2,90734137.9,443377997
221.0,S,59,3292.97,605.38,17932058.2,90734417.0,443378325
222.0,S,62,3316.14,606.79,17932058.2,90734537.0,443378440
223.0,S,62,3342.51,608.22,17932058.2,90734537.4,443378445
224.0,S,62,3368.50,609.49,17932058.2,90734537.6,443378445
225.0,S,59,3389.25,610.77,17932058.2,90734680.7,443378896
226.0,S,56,3405.09,611.88,17932058.2,90734938.0,443379766
227.0,S,56,3418.34,612.99,17932058.2,90735096.3,443380364
228.0,S,47,3426.53,614.37,17932058.2,90735607.4,443381104
229.0,S,47,3434.10,615.40,17932058.2,90735710.7,443381376
230.0,S,47,3443.68,616.93,17932058.2,90735710.9,443381377
231.0,S,47,3453.44,618.37,17932058.2,90735711.1,443381379
232.0,S,47,3461.94,619.79,17932058.2,90735884.0,443382003
233.1,S,47,3470.65,621.31,17932058.2,90735902.7,443382076
234.1,S,47,3479.37,622.65,17932058.2,90735903.4,443382084
235.1,S,47,3488.09,624.04,17932058.2,90735903.7,443382086
236.1,S,47,3495.03,625.23,17932058.2,90735972.5,443382301
237.1,S,47,3502.90,626.47,17932058.2,90736007.0,443382427
238.1,S,47,3510.09,627.86,17932058.2,90736198.0,443383042
239.1,S,56,3526.69,629.76,17932058.2,90736199.3,443383057
240.1,S,56,3544.02,631.52,17932058.2,90736199.3,443383057
241.1,S,56,3561.23,633.35,17932058.2,90736199.5,443383058
242.1,S,55,3577.99,635.14,17932058.2,90736294.0,443383356
243.1,S,54,3589.27,636.54,17932058.2,90736762.4,443384082
244.1,S,47,3596.32,637.81,17932058.2,90736936.9,443384716
245.1,S,74,3629.35,638.49,17932058.2,90736939.9,443384724
246.1,S,74,3664.30,638.94,17932058.2,90736957.9,443384785
247.1,S,74,3699.08,639.42,17932058.2,90736958.1,443384786
248.1,S,72,3733.46,640.10,17932058.2,90737021.8,443384996
249.1,S,71,3766.81,640.74,17932058.2,90737067.6,443385119
250.1,S,68,3795.89,641.41,17932058.2,90737271.1,443385716
251.1,S,65,3817.75,642.32,17932058.2,90737791.0,443386556
252.1,S,63,3821.56,642.85,17932058.2,90738079.4,443387608
253.3,S,62,3823.63,643.43,17932058.2,90738396.9,443388815
254.3,S,60,3826.60,644.15,17932058.2,90738645.1,443389816
255.3,S,59,3827.79,644.37,17932058.2,90738873.1,443390816
256.4,S,47,3834.83,645.97,17932058.2,90739110.4,443391040
257.4,S,47,3842.40,647.41,17932058.2,90739111.4,443391046
258.4,S,47,3849.58,648.92,17932058.2,90739118.6,443391065
259.4,S,47,3857.27,650.42,17932058.2,90739118.9,443391067
260.4,S,47,3864.76,651.85,17932058.2,90739119.9,443391072
261.4,S,47,3871.56,653.24,17932058.2,90739209.0,443391210
262.4,S,47,3879.31,654.75,17932058.2,90739209.3,443391218
263.4,S,47,3886.96,656.14,17932058.2,90739209.5,443391220
264.4,S,47,3894.78,657.51,17932058.2,90739209.7,443391222
265.4,S,51,3904.84,659.03,17932058.2,90739224.1,443391245
266.4,S,51,3916.36,660.59,17932058.2,90739224.6,443391248
267.4,S,51,3923.99,661.89,17932058.2,90739499.8,443392084
268.4,S,53,3937.42,663.59,17932058.2,90739500.0,443392089
269.4,S,52,3950.98,665.24,17932058.2,90739516.0,443392145
270.4,S,52,3964.28,666.99,17932058.2,90739516.5,443392149
271.4,S,52,3977.05,668.62,17932058.2,90739583.6,443392355
272.5,S,56,3982.99,669.30,17932058.2,90739825.1,443393353
273.5,S,59,3997.79,670.69,17932058.2,90739925.8,443393868
274.5,S,58,4019.23,672.39,17932058.2,90739992.8,443394088
275.5,S,54,4035.48,674.11,17932058.2,90740126.7,443394527
276.5,S,53,4049.59,675.53,17932058.2,90740214.9,443394892
277.5,S,52,4064.77,677.30,17932058.2,90740432.9,443395664
278.5,S,52,4076.15,678.71,17932058.2,90740603.1,443396293
279.5,S,53,4082.56,679.69,17932058.2,90740839.4,443397051
280.5,S,57,4100.82,681.55,17932058.2,90740867.7,443397168
281.5,S,56,4116.98,683.23,17932058.2,90740890.9,443397313
282.5,S,52,4129.29,684.73,17932058.2,90741081.3,443397953
283.5,S,52,4143.54,686.56,17932058.2,90741082.9,443397964
284.5,S,52,4155.41,688.28,17932058.2,90741284.7,443398686
285.5,S,56,4163.51,689.45,17932058.2,90741471.6,443399242
286.5,S,67,4190.30,690.90,17932058.2,90741581.2,443399345
287.5,S,67,4219.15,692.28,17932058.2,90741581.7,443399349
288.5,S,66,4247.48,693.90,17932058.2,90741601.8,443399369
289.5,S,65,4274.95,695.53,17932058.2,90741828.1,443399573
290.5,S,61,4293.11,696.71,17932058.2,90742053.1,443400371
291.5,S,61,4312.94,697.83,17932058.2,90742251.4,443401074
292.5,S,57,4319.23,698.59,17932058.2,90742734.2,443402075
293.5,S,47,4329.51,699.99,17932058.2,90742927.1,443402437
294.5,S,47,4337.95,701.17,17932058.2,90742978.9,443402623
295.5,S,47,4346.00,702.45,17932058.2,90743030.6,443402814
296.5,S,47,4355.12,703.92,17932058.2,90743220.8,443403412
297.5,S,47,4363.93,705.47,17932058.2,90743221.5,443403422
298.5,S,47,4372.61,706.95,17932058.2,90743222.1,443403424
299.5,S,47,4381.20,708.46,17932058.2,90743223.3,443403431
300.5,S,47,4389.78,709.97,17932058.2,90743223.7,443403436
301.5,S,47,4398.16,711.16,17932058.2,90743240.2,443403498
302.5,S,47,4403.92,712.34,17932058.2,90743450.0,443404170
303.5,S,56,4418.21,714.23,17932058.2,90743517.4,443404381
304.5,S,55,4435.39,716.03,17932058.2,90743538.4,443404452
305.5,S,55,4451.40,717.95,17932058.2,90743538.6,443404453
306.5,S,55,4467.81,719.69,17932058.2,90743538.9,443404457
307.5,S,51,4482.52,721.33,17932058.2,90743902.6,443404806
308.5,S,70,4497.89,722.39,17932058.2,90744224.1,443405622
309.5,S,69,4529.30,723.42,17932058.2,90744236.9,443406097
310.5,S,68,4560.21,724.23,17932058.2,90744262.2,443406178
311.5,S,68,4590.60,725.10,17932058.2,90744262.5,443406187
312.5,S,66,4620.69,726.09,17932058.2,90744362.6,443406540
313.5,S,66,4650.31,727.56,17932058.2,90744434.0,443406701
314.5,S,64,4666.44,728.42,17932058.2,90744823.8,443407701
315.6,S,59,4680.66,729.78,17932058.2,90745304.2,443408636
316.6,S,58,4683.11,730.39,17932058.2,90745582.6,443409637
317.6,S,47,4686.86,731.54,17932058.2,90745966.0,443410379
318.6,S,47,4694.62,732.91,17932058.2,90746067.9,443410472
319.6,S,47,4701.97,734.34,17932058.2,90746070.2,443410484
320.6,S,47,4709.52,735.78,17932058.2,90746071.6,443410485
321.6,S,47,4717.32,737.13,17932058.2,90746071.8,443410486
322.6,S,47,4725.11,738.52,17932058.2,90746072.0,443410488
323.6,S,47,4732.88,739.94,17932058.2,90746072.1,443410490
324.6,S,47,4740.47,741.31,17932058.2,90746072.3,443410494
325.6,S,47,4748.32,742.72,17932058.2,90746072.8,443410496
326.6,S,51,4756.77,744.02,17932058.2,90746175.5,443410688
327.6,S,51,4768.16,745.64,17932058.2,90746175.9,443410693
328.6,S,50,4776.41,746.88,17932058.2,90746366.1,443411295
329.6,S,53,4789.95,748.53,17932058.2,90746366.9,443411308
330.6,S,53,4804.34,750.26,17932058.2,90746366.9,443411308
331.6,S,53,4818.48,752.15,17932058.2,90746403.9,443411401
332.6,S,52,4832.34,753.89,17932058.2,90746488.5,443411651
333.6,S,52,4836.98,754.36,17932058.2,90746751.8,443412559
334.6,S,68,4855.81,755.66,17932058.2,90746915.1,443412847
335.6,S,67,4884.69,757.50,17932058.2,90746926.6,443412859
336.6,S,64,4912.30,758.90,17932058.2,90747070.0,443412980
337.6,S,62,4938.77,760.50,17932058.2,90747158.7,443413056
338.6,S,61,4963.67,761.92,17932058.2,90747201.1,443413111
339.6,S,61,4987.58,763.18,17932058.2,90747335.7,443413491
340.6,S,61,4991.10,763.38,17932058.2,90747832.9,443414491
341.7,S,60,4991.11,763.64,17932058.2,90748320.5,443415573
342.7,S,57,5006.75,765.43,17932058.2,90748396.8,443415654
343.7,S,57,5025.06,767.31,17932058.2,90748397.1,443415659
344.7,S,52,5039.91,769.26,17932058.2,90748614.8,443415846
345.7,S,52,5054.26,771.17,17932058.2,90748615.4,443415848
346.7,S,52,5064.95,772.58,17932058.2,90748864.9,443416403
347.8,S,58,5080.04,774.05,17932058.2,90749004.8,443416777
348.8,S,61,5102.55,775.26,17932058.2,90749123.9,443417066
349.8,S,61,5128.09,776.59,17932058.2,90749124.1,443417073
350.8,S,61,5151.47,777.98,17932058.2,90749210.2,443417282
351.8,S,56,5166.37,779.16,17932058.2,90749399.9,443418000
352.8,S,55,5185.72,780.87,17932058.2,90749724.8,443418434
353.8,S,52,5192.93,781.75,17932058.2,90750054.9,443419245
354.8,S,47,5202.23,783.04,17932058.2,90750123.4,443419469
355.8,S,47,5208.63,783.92,17932058.2,90750226.3,443419880
356.8,S,47,5218.36,785.26,17932058.2,90750226.6,443419882
357.8,S,47,5226.66,786.57,17932058.2,90750417.0,443420479
358.8,S,47,5235.41,788.10,17932058.2,90750417.3,443420479
359.8,S,47,5244.06,789.60,17932058.2,90750418.7,443420705
360.8,S,47,5252.88,790.90,17932058.2,90750418.9,443420709
361.8,S,47,5261.58,792.36,17932058.2,90750419.1,443420716
362.8,S,47,5267.23,793.40,17932058.2,90750521.9,443421093
363.8,S,56,5277.74,795.17,17932058.2,90750712.5,443421262
364.8,S,56,5294.78,796.95,17932058.2,90750713.9,443421265
365.8,S,55,5311.77,798.73,17932058.2,90750742.5,443421296
366.8,S,55,5328.06,800.54,17932058.2,90750742.9,443421301
367.8,S,55,5343.65,802.39,17932058.2,90750908.0,443421461
368.8,S,53,5350.53,803.35,17932058.2,90751232.5,443422430
369.8,S,71,5363.44,804.51,17932058.2,90751326.2,443422812
370.8,S,71,5394.53,805.36,17932058.2,90751430.1,443423109
371.8,S,71,5426.16,806.07,17932058.2,90751431.5,443423120
372.8,S,71,5456.94,806.70,17932058.2,90751432.0,443423125
373.8,S,69,5487.39,807.49,17932058.2,90751561.9,443423544
374.8,S,69,5518.11,808.49,17932058.2,90751625.6,443423729
375.8,S,61,5544.63,809.89,17932058.2,90752095.0,443424276
376.8,S,60,5554.28,811.01,17932058.2,90752426.8,443425251
377.8,S,59,5559.15,812.12,17932058.2,90752736.0,443426252
378.8,S,47,5563.14,813.27,17932058.2,90753221.2,443426915
379.8,S,47,5570.95,814.62,17932058.2,90753222.0,443426926
380.8,S,47,5576.03,815.72,17932058.2,90753324.9,443427241
381.8,S,47,5583.66,817.24,17932058.2,90753325.1,443427245
382.8,S,47,5591.56,818.63,17932058.2,90753326.2,443427248
383.8,S,47,5599.44,819.99,17932058.2,90753326.4,443427249
384.8,S,47,5607.11,821.42,17932058.2,90753326.5,443427251
385.8,S,47,5614.89,822.85,17932058.2,90753349.9,443427321
386.8,S,47,5621.70,824.07,17932058.2,90753425.3,443427711
387.8,S,51,5631.05,825.56,17932058.2,90753430.4,443427749
388.8,S,51,5642.66,827.12,17932058.2,90753431.0,443427758
389.8,S,51,5650.70,828.42,17932058.2,90753599.2,443428304
390.8,S,53,5662.96,829.98,17932058.2,90753621.7,443428385
391.8,S,53,5677.36,831.62,17932058.2,90753622.7,443428396
392.8,S,53,5691.75,833.43,17932058.2,90753622.8,443428398
393.8,S,52,5705.24,835.11,17932058.2,90753709.4,443428666
394.8,S,53,5713.15,836.00,17932058.2,90754139.6,443429308
395.8,S,59,5734.30,837.64,17932058.2,90754167.1,443429340
396.8,S,59,5756.33,839.24,17932058.2,90754177.3,443429350
397.9,S,55,5774.87,841.10,17932058.2,90754358.3,443430030
398.9,S,54,5792.52,842.95,17932058.2,90754483.7,443430469
399.9,S,54,5809.16,844.84,17932058.2,90754698.8,443431153
400.9,S,52,5817.60,846.04,17932058.2,90755148.6,443431901
401.9,S,56,5834.69,847.97,17932058.2,90755160.1,443431921
402.9,S,56,5850.71,849.86,17932058.2,90755248.8,443432130
403.9,S,52,5863.81,851.64,17932058.2,90755351.7,443432534
404.9,S,52,5878.07,853.39,17932058.2,90755352.3,443432537
405.9,S,52,5887.63,854.68,17932058.2,90755539.7,443433235
406.9,S,47,5893.80,855.54,17932058.2,90755742.7,443433937
407.9,S,57,5913.75,857.10,17932058.2,90755777.5,443434048
408.9,S,61,5935.82,858.25,17932058.2,90755846.7,443434320
409.9,S,61,5960.99,859.59,17932058.2,90755846.8,443434320
410.9,S,57,5983.00,860.88,17932058.2,90756260.6,443434752
411.9,S,56,6002.27,862.44,17932058.2,90756396.0,443435223
412.9,S,56,6012.57,863.63,17932058.2,90756668.4,443436154
414.0,S,47,6019.46,864.80,17932058.2,90756853.7,443436709
415.0,S,47,6027.72,865.90,17932058.2,90756985.0,443436984
416.0,S,47,6037.41,867.40,17932058.2,90756985.2,443436984
417.0,S,47,6046.53,868.94,17932058.2,90757177.0,443437149
418.0,S,47,6055.20,870.32,17932058.2,90757177.6,443437151
419.0,S,47,6063.88,871.66,17932058.2,90757177.8,443437153
420.0,S,47,6072.68,873.00,17932058.2,90757178.0,443437154
421.0,S,47,6081.36,874.35,17932058.2,90757178.2,443437157
422.0,S,47,6089.35,875.73,17932058.2,90757281.4,443437248
423.0,S,47,6097.82,877.11,17932058.2,90757438.0,443437671
424.0,S,56,6111.70,878.94,17932058.2,90757473.1,443437878
425.0,S,56,6128.94,880.81,17932058.2,90757473.4,443437881
426.0,S,56,6146.18,882.61,17932058.2,90757473.9,443437893
427.0,S,56,6163.06,884.53,17932058.2,90757550.9,443438150
428.0,S,55,6175.42,885.98,17932058.2,90757728.6,443438675
429.0,S,50,6176.51,886.20,17932058.2,90758195.2,443439672
430.0,S,71,6200.34,887.42,17932058.2,90758219.8,443439703
431.0,S,71,6234.72,888.06,17932058.2,90758220.1,443439704
432.0,S,68,6268.45,888.65,17932058.2,90758292.6,443439772
433.0,S,67,6300.40,889.31,17932058.2,90758324.8,443439821
434.0,S,66,6328.16,890.02,17932058.2,90758494.7,443440295
435.0,S,65,6357.97,891.12,17932058.2,90758595.2,443440643
436.0,S,64,6379.85,892.22,17932058.2,90758957.8,443441550
437.0,S,64,6386.99,892.91,17932058.2,90759532.1,443442551
438.1,S,59,6389.57,893.54,17932058.2,90759894.5,443443696
439.3,S,51,6396.68,894.90,17932058.2,90760121.3,443444301
440.3,S,51,6409.09,896.53,17932058.2,90760122.3,443444311
441.3,S,50,6419.37,897.81,17932058.2,90760188.9,443444664
442.3,S,50,6430.19,899.39,17932058.2,90760342.0,443444802
443.3,S,49,6441.62,901.05,17932058.2,90760492.9,443444935
444.3,S,47,6449.43,902.64,17932058.2,90760518.9,443444967
445.3,S,47,6457.21,904.09,17932058.2,90760518.9,443444967
446.3,S,47,6464.97,905.43,17932058.2,90760519.3,443444973
447.3,S,47,6472.59,906.82,17932058.2,90760519.7,443444975
448.3,S,51,6480.93,908.14,17932058.2,90760623.1,443445195
449.3,S,51,6492.33,909.90,17932058.2,90760623.8,443445196
450.3,S,51,6502.83,911.47,17932058.2,90760703.9,443445414
451.4,S,52,6513.84,912.97,17932058.2,90760814.9,443445715
452.4,S,52,6527.15,914.83,17932058.2,90760816.0,443445721
453.4,S,52,6540.61,916.56,17932058.2,90760816.0,443445721
454.4,S,52,6553.86,918.08,17932058.2,90760912.6,443446067
455.4,S,51,6563.36,919.30,17932058.2,90761116.9,443446699
456.4,S,62,6570.00,919.87,17932058.2,90761303.7,443447376
457.4,S,62,6594.26,921.46,17932058.2,90761303.7,443447376
458.4,S,62,6618.36,922.91,17932058.2,90761352.4,443447425
459.4,S,58,6638.70,924.62,17932058.2,90761495.8,443447547
460.4,S,58,6658.83,926.29,17932058.2,90761536.9,443447585
461.4,S,57,6675.72,927.92,17932058.2,90761799.4,443448096
462.6,S,55,6678.01,928.31,17932058.2,90762171.3,443449336
463.6,S,57,6683.16,929.04,17932058.2,90762430.9,443449969
464.6,S,57,6701.29,930.79,17932058.2,90762431.8,443449975
465.6,S,53,6718.29,932.59,17932058.2,90762622.3,443450136
466.6,S,53,6733.82,934.50,17932058.2,90762624.4,443450145
467.6,S,52,6748.83,936.31,17932058.2,90762679.1,443450194
468.6,S,52,6757.53,937.42,17932058.2,90762949.6,443450952
469.6,S,69,6775.61,938.43,17932058.2,90763068.8,443451360
470.6,S,69,6806.11,939.39,17932058.2,90763140.7,443451620
471.6,S,69,6835.15,940.10,17932058.2,90763254.1,443452025
472.6,S,69,6865.65,940.83,17932058.2,90763254.6,443452045
473.6,S,69,6896.03,941.64,17932058.2,90763326.0,443452277
474.6,S,65,6924.42,942.92,17932058.2,90763638.2,443452762
475.6,S,64,6943.45,944.07,17932058.2,90764014.3,443453598
476.6,S,62,6950.48,945.01,17932058.2,90764355.9,443454599
477.8,S,47,6955.98,945.97,17932058.2,90764908.6,443455565
478.8,S,47,6965.70,947.34,17932058.2,90764909.8,443455573
479.8,S,47,6975.57,948.77,17932058.2,90765002.1,443455888
480.8,S,47,6982.61,949.82,17932058.2,90765127.4,443456240
481.8,S,47,6989.77,951.00,17932058.2,90765202.9,443456449
482.8,S,47,6998.42,952.47,17932058.2,90765203.7,443456455
483.8,S,47,7007.24,953.91,17932058.2,90765203.7,443456455
484.8,S,47,7015.98,955.42,17932058.2,90765204.6,443456463
485.8,S,47,7024.71,956.87,17932058.2,90765204.6,443456463
486.8,S,47,7032.88,958.38,17932058.2,90765316.2,443456868
487.8,S,55,7044.76,960.15,17932058.2,90765396.1,443457126
488.8,S,55,7058.97,961.59,17932058.2,90765500.4,443457387
489.8,S,55,7075.51,963.37,17932058.2,90765500.7,443457392
490.8,S,55,7091.66,965.21,17932058.2,90765501.1,443457395
491.8,S,55,7105.00,966.82,17932058.2,90765883.1,443458011
492.8,S,61,7115.87,968.42,17932058.2,90766083.4,443458312
493.8,S,71,7149.24,969.20,17932058.2,90766084.8,443458326
494.8,S,70,7182.21,969.82,17932058.2,90766118.6,443458437
495.8,S,69,7213.17,970.47,17932058.2,90766278.3,443458890
496.8,S,69,7244.52,971.26,17932058.2,90766280.0,443458914
497.8,S,67,7271.19,972.20,17932058.2,90766423.1,443459447
498.8,S,67,7293.04,973.31,17932058.2,90766687.8,443460347
499.8,S,67,7308.08,974.64,17932058.2,90766948.6,443461348
501.1,S,66,7316.28,976.14,17932058.2,90767612.3,443462580
502.2,S,61,7319.18,976.59,17932058.2,90767978.3,443463747
503.3,S,49,7328.31,978.12,17932058.2,90768116.8,443464223
504.3,S,49,7339.84,979.73,17932058.2,90768117.1,443464227
505.3,S,49,7351.42,981.20,17932058.2,90768117.2,443464228
506.3,S,49,7361.75,982.49,17932058.2,90768157.4,443464424
507.3,S,47,7371.80,983.92,17932058.2,90768408.1,443464642
508.3,S,47,7379.57,985.36,17932058.2,90768410.1,443464649
509.3,S,47,7387.37,986.79,17932058.2,90768410.2,443464650
510.3,S,47,7395.04,988.15,17932058.2,90768410.4,443464651
511.3,S,47,7402.82,989.55,17932058.2,90768410.5,443464653
512.3,S,47,7410.54,990.92,17932058.2,90768410.8,443464655
513.3,S,51,7419.07,992.40,17932058.2,90768513.5,443464772
514.3,S,51,7430.54,994.05,17932058.2,90768514.0,443464780
515.3,S,51,7438.27,995.25,17932058.2,90768704.2,443465337
516.3,S,53,7451.71,996.84,17932058.2,90768704.4,443465343
517.3,S,53,7465.96,998.60,17932058.2,90768705.2,443465347
518.3,S,53,7480.33,1000.34,17932058.2,90768705.5,443465353
519.3,S,53,7494.55,1002.06,17932058.2,90768713.9,443465372
520.3,S,52,7497.16,1002.22,17932058.2,90769036.9,443466370
521.3,S,66,7504.49,1002.97,17932058.2,90769256.1,443466991
522.3,S,66,7533.24,1004.79,17932058.2,90769266.3,443467004
523.3,S,66,7560.77,1006.36,17932058.2,90769315.1,443467052
524.3,S,61,7585.70,1007.92,17932058.2,90769483.9,443467199
525.3,S,61,7610.00,1009.26,17932058.2,90769566.8,443467276
526.3,S,60,7626.59,1010.36,17932058.2,90769870.6,443468069
527.3,S,59,7642.59,1011.52,17932058.2,90770112.8,443468862
528.6,S,60,7647.70,1012.14,17932058.2,90770657.3,443469862
529.6,S,60,7672.03,1013.75,17932058.2,90770657.7,443469867
530.6,S,60,7696.34,1015.26,17932058.2,90770659.0,443469872
531.6,S,56,7715.56,1016.98,17932058.2,90770851.0,443470347
532.6,S,56,7739.51,1020.89,17932058.2,90770851.2,443470348
533.6,S,54,7755.78,1022.95,17932058.2,90771081.7,443471091
534.6,S,52,7758.96,1023.07,17932058.2,90771387.0,443472092
535.6,S,71,7772.53,1026.09,17932058.2,90771772.1,443472509
536.6,S,70,7803.92,1026.86,17932058.2,90771783.4,443472524
537.6,S,68,7831.32,1027.63,17932058.2,90771941.8,443472929
538.6,S,65,7860.32,1029.00,17932058.2,90771989.7,443473079
539.6,S,64,7889.25,1030.44,17932058.2,90772031.2,443473275
540.6,S,64,7916.79,1031.95,17932058.2,90772184.2,443473824
541.6,S,62,7936.20,1033.12,17932058.2,90772431.1,443474594
542.6,S,61,7946.75,1033.94,17932058.2,90772716.1,443475595
543.6,S,57,7951.73,1034.65,17932058.2,90773288.0,443476596
544.6,S,52,7964.73,1035.86,17932058.2,90773482.7,443477224
545.6,S,51,7982.15,1037.69,17932058.2,90773495.3,443477262
546.6,S,51,7999.48,1039.44,17932058.2,90773496.5,443477268
547.6,S,51,8015.33,1041.53,17932058.2,90773729.1,443478005
548.6,S,49,8028.19,1043.13,17932058.2,90773800.8,443478339
549.6,S,47,8035.03,1044.25,17932058.2,90774159.2,443478904
550.6,S,47,8043.94,1045.53,17932058.2,90774159.5,443478907
551.6,S,47,8051.76,1046.85,17932058.2,90774329.8,443479186
552.6,S,55,8063.34,1048.86,17932058.2,90774453.4,443479598
553.6,S,55,8079.45,1050.70,17932058.2,90774455.8,443479623
554.6,S,55,8095.80,1052.42,17932058.2,90774455.9,443479625
555.6,S,55,8111.97,1054.29,17932058.2,90774456.6,443479628
556.6,S,54,8125.15,1055.82,17932058.2,90774692.6,443480327
557.6,S,50,8128.80,1056.53,17932058.2,90775014.4,443481325
558.6,S,73,8139.19,1057.86,17932058.2,90775142.3,443481446
559.6,S,72,8172.81,1058.60,17932058.2,90775152.6,443481459
560.6,S,72,8205.93,1059.27,17932058.2,90775152.8,443481461
561.6,S,71,8238.47,1059.89,17932058.2,90775181.9,443481489
562.6,S,71,8270.60,1060.49,17932058.2,90775182.3,443481490
563.6,S,70,8300.69,1061.15,17932058.2,90775412.2,443481807
564.6,S,69,8321.80,1062.15,17932058.2,90775699.4,443482696
565.6,S,67,8334.89,1062.85,17932058.2,90775967.1,443483697
566.6,S,65,8339.21,1063.68,17932058.2,90776572.1,443484698
567.8,S,61,8343.69,1064.25,17932058.2,90776920.1,443485879
568.8,S,48,8348.94,1065.01,17932058.2,90777153.8,443486667
569.8,S,54,8368.81,1066.84,17932058.2,90777166.0,443486711
570.8,S,53,8386.59,1068.63,17932058.2,90777189.1,443486798
571.8,S,52,8404.50,1070.43,17932058.2,90777225.0,443486916
572.8,S,52,8421.58,1072.44,17932058.2,90777225.2,443486917
573.8,S,52,8433.75,1073.96,17932058.2,90777405.3,443487566
574.9,S,47,8439.58,1075.38,17932058.2,90777849.0,443488078
575.9,S,47,8447.41,1076.69,17932058.2,90777850.0,443488090
576.9,S,47,8455.20,1077.94,17932058.2,90777850.1,443488092
577.9,S,51,8462.40,1079.20,17932058.2,90777952.9,443488352
578.9,S,51,8474.09,1080.78,17932058.2,90777953.0,443488359
579.9,S,49,8482.88,1082.16,17932058.2,90778138.4,443488783
580.9,S,52,8495.29,1083.83,17932058.2,90778153.0,443488819
581.9,S,52,8508.78,1085.41,17932058.2,90778153.3,443488828
582.9,S,52,8522.27,1087.18,17932058.2,90778153.4,443488829
583.9,S,52,8535.67,1088.91,17932058.2,90778153.7,443488833
584.9,S,52,8540.88,1089.54,17932058.2,90778390.0,443489650
585.9,S,51,8544.92,1090.10,17932058.2,90778645.9,443490388
586.9,S,66,8572.51,1091.89,17932058.2,90778648.1,443490394
587.9,S,66,8601.17,1093.55,17932058.2,90778666.1,443490416
588.9,S,62,8626.28,1095.24,17932058.2,90778883.6,443490605
589.9,S,61,8651.52,1096.58,17932058.2,90778927.1,443490645
590.9,S,60,8671.77,1098.19,17932058.2,90779193.2,443491401
592.1,S,58,8687.32,1099.34,17932058.2,90779541.5,443492523
593.1,S,52,8692.54,1100.15,17932058.2,90780077.7,443493438
594.1,S,58,8712.39,1101.93,17932058.2,90780110.1,443493562
595.1,S,58,8733.48,1103.58,17932058.2,90780110.5,443493574
596.1,S,54,8749.30,1105.18,17932058.2,90780301.3,443494177
597.1,S,54,8767.53,1107.11,17932058.2,90780302.3,443494187
598.1,S,54,8785.19,1108.97,17932058.2,90780357.4,443494372
599.1,S,54,8790.18,1109.61,17932058.2,90780648.6,443495373
600.1,S,67,8805.15,1110.83,17932058.2,90781042.9,443495904
601.1,S,66,8833.84,1112.61,17932058.2,90781056.4,443495918
602.1,S,66,8862.35,1114.36,17932058.2,90781056.8,443495919
603.1,S,64,8886.83,1115.79,17932058.2,90781206.7,443496302
604.1,S,61,8910.86,1117.22,17932058.2,90781393.4,443496721
605.1,S,61,8936.51,1118.70,17932058.2,90781526.9,443497014
606.1,S,59,8948.94,1119.63,17932058.2,90781780.9,443497831
607.2,S,49,8954.84,1120.52,17932058.2,90782366.7,443498854
608.2,S,50,8964.99,1121.53,17932058.2,90782480.1,443499243
609.2,S,50,8980.10,1123.44,17932058.2,90782481.8,443499254
610.2,S,50,8995.39,1125.25,17932058.2,90782507.9,443499328
611.2,S,50,9009.61,1127.24,17932058.2,90782673.2,443499855
612.2,S,47,9021.30,1129.07,17932058.2,90782890.1,443500564
613.2,S,47,9029.16,1130.37,17932058.2,90783021.0,443500853
614.2,S,47,9037.93,1131.76,17932058.2,90783022.3,443500856
615.2,S,47,9045.81,1133.06,17932058.2,90783125.0,443500950
616.2,S,47,9054.32,1134.53,17932058.2,90783315.5,443501112
617.2,S,55,9069.96,1136.53,17932058.2,90783316.9,443501117
618.2,S,55,9085.94,1138.39,17932058.2,90783316.9,443501117
619.2,S,55,9102.09,1140.26,17932058.2,90783317.3,443501119
620.2,S,55,9118.36,1141.94,17932058.2,90783318.7,443501124
621.2,S,55,9124.91,1142.82,17932058.2,90783639.3,443502060
622.2,S,48,9128.29,1143.51,17932058.2,90783910.5,443503015
623.2,S,69,9148.90,1144.65,17932058.2,90784006.6,443503292
624.2,S,69,9179.93,1145.81,17932058.2,90784007.0,443503292
625.2,S,69,9211.14,1146.95,17932058.2,90784007.2,443503296
626.2,S,69,9242.42,1148.10,17932058.2,90784008.8,443503300
627.2,S,69,9271.69,1149.18,17932058.2,90784208.8,443503936
628.2,S,67,9297.98,1150.33,17932058.2,90784447.6,443504635
629.2,S,61,9319.17,1151.65,17932058.2,90785006.9,443505496
630.2,S,61,9325.80,1152.63,17932058.2,90785307.5,443506498
631.2,S,49,9328.60,1153.24,17932058.2,90785713.9,443507424
632.2,S,52,9343.95,1155.10,17932058.2,90785828.0,443507541
633.2,S,52,9361.16,1156.92,17932058.2,90785828.3,443507543
634.2,S,52,9378.04,1158.80,17932058.2,90785828.6,443507543
635.2,S,52,9395.14,1160.65,17932058.2,90785828.7,443507545
636.2,S,51,9407.12,1162.02,17932058.2,90786051.0,443508118
637.2,S,48,9412.64,1162.96,17932058.2,90786421.5,443509120
638.2,S,47,9420.32,1164.45,17932058.2,90786452.4,443509215
639.2,S,51,9429.64,1166.01,17932058.2,90786544.5,443509524
640.2,S,51,9441.14,1167.59,17932058.2,90786544.8,443509528
641.2,S,50,9450.43,1168.98,17932058.2,90786763.6,443509992
642.2,S,53,9463.64,1170.70,17932058.2,90786765.1,443510001
643.2,S,53,9477.96,1172.53,17932058.2,90786765.4,443510006
644.2,S,53,9492.20,1174.22,17932058.2,90786765.4,443510006
645.2,S,52,9506.08,1175.97,17932058.2,90786826.5,443510059
646.2,S,56,9515.17,1177.05,17932058.2,90787238.4,443510936
647.2,S,69,9539.71,1178.68,17932058.2,90787311.2,443511175
648.2,S,67,9566.91,1180.16,17932058.2,90787436.8,443511554
649.2,S,63,9592.41,1181.82,17932058.2,90787523.6,443511866
650.2,S,63,9619.12,1183.15,17932058.2,90787524.2,443511873
651.2,S,63,9645.46,1184.46,17932058.2,90787653.8,443512356
652.2,S,62,9669.44,1185.80,17932058.2,90787878.5,443512636
653.2,S,60,9675.76,1186.11,17932058.2,90788332.4,443513624
654.2,S,57,9675.83,1186.25,17932058.2,90788657.0,443514625
655.2,S,62,9682.83,1187.18,17932058.2,90788897.2,443515159
656.2,S,61,9710.06,1188.71,17932058.2,90788901.6,443515166
657.2,S,61,9736.12,1190.02,17932058.2,90789038.4,443515282
658.2,S,57,9760.84,1191.82,17932058.2,90789094.0,443515338
659.2,S,55,9784.27,1193.18,17932058.2,90789182.2,443515512
660.2,S,52,9802.20,1194.81,17932058.2,90789370.8,443516104
661.2,S,52,9806.22,1195.07,17932058.2,90789681.5,443517105
662.2,S,51,9806.82,1195.20,17932058.2,90789991.7,443518107
663.2,S,65,9816.67,1196.09,17932058.2,90790138.4,443518657
664.2,S,65,9844.67,1197.83,17932058.2,90790141.0,443518670
665.2,S,63,9869.78,1199.38,17932058.2,90790299.6,443518925
666.2,S,58,9893.37,1200.75,17932058.2,90790397.4,443519015
667.2,S,58,9916.79,1202.13,17932058.2,90790397.6,443519017
668.2,S,58,9940.14,1203.73,17932058.2,90790551.9,443519153
669.2,S,58,9948.38,1204.24,17932058.2,90790822.2,443519989
670.2,S,56,9950.18,1204.38,17932058.2,90791122.8,443520989
671.3,S,48,9955.64,1205.23,17932058.2,90791395.6,443521575
672.3,S,51,9970.75,1207.16,17932058.2,90791594.1,443521749
673.3,S,50,9985.97,1209.04,17932058.2,90791623.2,443521797
674.3,S,50,10000.15,1210.79,17932058.2,90791623.7,443521808
675.3,S,48,10012.54,1212.32,17932058.2,90791713.8,443522100
676.3,S,48,10020.87,1213.51,17932058.2,90791913.1,443522669
677.3,S,47,10026.72,1214.45,17932058.2,90792063.7,443523239
678.3,S,47,10035.23,1215.89,17932058.2,90792069.5,443523275
679.3,S,47,10043.28,1217.45,17932058.2,90792255.2,443523898
680.3,S,56,10058.94,1219.35,17932058.2,90792261.3,443523934
681.3,S,55,10075.32,1221.19,17932058.2,90792274.9,443523976
682.3,S,55,10091.76,1222.99,17932058.2,90792275.4,443523989
683.3,S,55,10107.81,1224.81,17932058.2,90792322.7,443524107
684.3,S,52,10120.14,1226.39,17932058.2,90792733.3,443524562
685.3,S,49,10124.11,1227.11,17932058.2,90792961.3,443525376
686.3,S,75,10158.26,1227.71,17932058.2,90792964.2,443525395
687.3,S,73,10192.65,1228.35,17932058.2,90792987.6,443525466
688.3,S,72,10226.47,1229.02,17932058.2,90793010.9,443525532
689.3,S,71,10259.86,1229.71,17932058.2,90793085.6,443525750
690.3,S,70,10289.60,1230.45,17932058.2,90793232.6,443526205
691.3,S,69,10315.85,1231.08,17932058.2,90793579.5,443526885
692.3,S,69,10338.74,1231.80,17932058.2,90793948.3,443527708
693.3,S,67,10344.16,1232.29,17932058.2,90794281.3,443528709
694.4,S,61,10346.04,1232.90,17932058.2,90794611.8,443529867
695.4,S,55,10351.47,1233.89,17932058.2,90795010.5,443530638
696.4,S,55,10373.71,1235.69,17932058.2,90795012.5,443530648
697.4,S,54,10396.29,1237.30,17932058.2,90795135.4,443530753
698.4,S,54,10417.54,1238.98,17932058.2,90795138.6,443530777
699.4,S,51,10435.47,1240.42,17932058.2,90795280.0,443531317
700.4,S,48,10448.53,1241.94,17932058.2,90795483.7,443531945
701.4,S,48,10452.31,1242.65,17932058.2,90795759.6,443532946
702.5,S,47,10459.38,1244.02,17932058.2,90796016.1,443533293
703.5,S,47,10467.01,1245.53,17932058.2,90796016.8,443533300
704.5,S,47,10474.94,1246.91,17932058.2,90796017.6,443533305
705.5,S,51,10484.58,1248.37,17932058.2,90796028.9,443533325
706.5,S,51,10496.11,1250.02,17932058.2,90796029.3,443533328
707.6,S,53,10504.01,1251.13,17932058.2,90796219.7,443533662
708.6,S,52,10517.88,1252.90,17932058.2,90796227.1,443533691
709.6,S,52,10531.15,1254.63,17932058.2,90796227.2,443533691
710.6,S,52,10544.52,1256.37,17932058.2,90796228.3,443533697
711.6,S,52,10557.88,1258.05,17932058.2,90796246.6,443533747
712.6,S,51,10562.38,1258.66,17932058.2,90796587.2,443534748
713.6,S,69,10574.97,1259.62,17932058.2,90796720.0,443535257
714.6,S,69,10604.83,1261.33,17932058.2,90796721.2,443535268
715.6,S,68,10633.98,1262.83,17932058.2,90796767.1,443535432
716.6,S,63,10660.80,1264.44,17932058.2,90796960.4,443535860
717.6,S,62,10686.08,1265.86,17932058.2,90797041.0,443535938
718.6,S,62,10710.42,1267.21,17932058.2,90797245.0,443536110
719.6,S,62,10720.20,1268.01,17932058.2,90797541.0,443537088
720.6,S,60,10724.16,1268.80,17932058.2,90797856.9,443538089
721.6,S,58,10724.24,1269.01,17932058.2,90798169.7,443539091
722.6,S,62,10737.30,1269.86,17932058.2,90798262.1,443539571
723.6,S,61,10763.90,1271.38,17932058.2,90798274.6,443539624
724.6,S,60,10787.96,1272.80,17932058.2,90798460.0,443539787
725.6,S,55,10810.39,1274.65,17932058.2,90798552.9,443539869
726.6,S,53,10830.36,1276.28,17932058.2,90798617.9,443539928
727.6,S,52,10845.58,1277.56,17932058.2,90798763.7,443540407
728.6,S,52,10846.18,1277.69,17932058.2,90799079.4,443541408
729.6,S,54,10848.12,1277.99,17932058.2,90799404.4,443542363
730.6,S,65,10870.19,1279.83,17932058.2,90799424.5,443542395
731.6,S,65,10898.38,1281.51,17932058.2,90799425.0,443542400
732.6,S,61,10925.15,1283.00,17932058.2,90799644.7,443542602
733.6,S,60,10950.36,1284.34,17932058.2,90799699.2,443542686
734.6,S,59,10974.66,1285.76,17932058.2,90799794.0,443543053
735.6,S,58,10995.23,1286.95,17932058.2,90799946.9,443543523
736.6,S,58,10998.99,1287.12,17932058.2,90800251.8,443544524
737.7,S,47,11003.33,1287.67,17932058.2,90800810.2,443545422
738.7,S,50,11018.42,1289.37,17932058.2,90800841.0,443545564
739.7,S,50,11032.71,1291.28,17932058.2,90801003.1,443546076
740.7,S,50,11047.12,1293.02,17932058.2,90801046.0,443546200
741.7,S,48,11059.81,1294.70,17932058.2,90801091.4,443546356
742.7,S,47,11066.00,1295.68,17932058.2,90801339.1,443547191
743.7,S,47,11074.69,1297.08,17932058.2,90801339.8,443547205
744.7,S,47,11080.35,1298.03,17932058.2,90801444.1,443547589
745.7,S,56,11090.44,1299.75,17932058.2,90801634.8,443547763
746.7,S,55,11107.10,1301.55,17932058.2,90801644.1,443547778
747.7,S,55,11123.51,1303.27,17932058.2,90801644.2,443547780
748.7,S,55,11139.52,1305.27,17932058.2,90801644.5,443547784
749.7,S,55,11155.90,1307.09,17932058.2,90801704.5,443547837
750.7,S,52,11162.33,1308.01,17932058.2,90802091.7,443548736
751.7,S,47,11168.49,1309.03,17932058.2,90802266.6,443549357
752.7,S,73,11189.06,1309.82,17932058.2,90802335.5,443549689
753.7,S,72,11221.99,1310.48,17932058.2,90802345.7,443549742
754.7,S,71,11254.55,1311.11,17932058.2,90802367.8,443549824
755.7,S,70,11286.35,1311.80,17932058.2,90802395.7,443549905
756.7,S,69,11315.57,1312.54,17932058.2,90802477.8,443550150
757.7,S,68,11343.30,1313.31,17932058.2,90802671.9,443550782
758.7,S,65,11366.78,1314.26,17932058.2,90803105.0,443551599
759.7,S,64,11377.24,1315.17,17932058.2,90803521.1,443552600
760.9,S,60,11379.83,1315.83,17932058.2,90803873.1,443553828
762.1,S,56,11390.44,1317.21,17932058.2,90804326.2,443554499
763.1,S,55,11411.98,1318.75,17932058.2,90804335.9,443554533
764.1,S,55,11432.91,1320.39,17932058.2,90804345.5,443554582
765.1,S,54,11453.63,1321.98,17932058.2,90804402.6,443554746
766.1,S,51,11466.54,1323.36,17932058.2,90804509.5,443555100
767.1,S,50,11480.03,1325.03,17932058.2,90804721.9,443555755
768.1,S,49,11484.50,1326.04,17932058.2,90805103.2,443556756
769.1,S,47,11492.19,1327.55,17932058.2,90805130.8,443556786
770.1,S,47,11499.94,1328.92,17932058.2,90805131.2,443556789
771.1,S,51,11508.76,1330.19,17932058.2,90805234.1,443556884
772.1,S,51,11520.32,1331.85,17932058.2,90805234.2,443556885
773.1,S,47,11529.03,1333.16,17932058.2,90805426.1,443557227
774.1,S,52,11542.33,1334.84,17932058.2,90805429.9,443557251
775.1,S,52,11555.73,1336.49,17932058.2,90805430.1,443557253
776.1,S,52,11569.16,1338.16,17932058.2,90805430.2,443557253
777.1,S,52,11582.66,1339.84,17932058.2,90805431.3,443557256
778.1,S,52,11588.12,1340.59,17932058.2,90805844.2,443558257
779.1,S,66,11606.65,1341.84,17932058.2,90805923.7,443558551
780.1,S,66,11634.77,1343.66,17932058.2,90805924.7,443558559
781.1,S,64,11661.74,1345.11,17932058.2,90806057.4,443559060
782.1,S,60,11685.79,1346.65,17932058.2,90806158.2,443559277
783.1,S,60,11709.15,1348.20,17932058.2,90806252.6,443559362
784.1,S,60,11722.60,1349.23,17932058.2,90806643.7,443560150
785.2,S,59,11728.70,1350.07,17932058.2,90806966.7,443561240
786.2,S,56,11729.31,1350.18,17932058.2,90807258.9,443562240
787.2,S,60,11747.60,1351.78,17932058.2,90807285.7,443562379
788.2,S,60,11772.85,1353.14,17932058.2,90807285.9,443562389
789.2,S,59,11793.64,1354.42,17932058.2,90807478.5,443562977
790.2,S,55,11815.57,1356.22,17932058.2,90807514.3,443563053
791.2,S,55,11836.94,1357.85,17932058.2,90807514.6,443563056
792.2,S,52,11849.85,1358.86,17932058.2,90807976.0,443563692
793.2,S,54,11854.56,1359.43,17932058.2,90808294.2,443564754
794.2,S,70,11868.55,1360.73,17932058.2,90808428.8,443565239
795.2,S,69,11894.98,1361.68,17932058.2,90808592.1,443565721
796.2,S,65,11924.07,1363.15,17932058.2,90808640.9,443565769
797.2,S,64,11952.96,1364.65,17932058.2,90808706.6,443565828
798.2,S,64,11980.41,1366.35,17932058.2,90808707.1,443565834
799.3,S,64,12008.00,1367.98,17932058.2,90808794.6,443565911
800.3,S,62,12031.39,1369.42,17932058.2,90809044.6,443566413
801.5,S,62,12037.99,1370.27,17932058.2,90809414.2,443567661
802.6,S,51,12042.85,1371.12,17932058.2,90809974.0,443568703
803.6,S,51,12053.87,1372.37,17932058.2,90810096.7,443569070
804.6,S,51,12070.18,1374.20,17932058.2,90810136.3,443569180
805.6,S,51,12083.69,1376.04,17932058.2,90810349.8,443569957
806.6,S,49,12096.82,1377.69,17932058.2,90810376.1,443570057
807.6,S,48,12109.00,1379.26,17932058.2,90810421.8,443570222
808.6,S,47,12116.46,1380.56,17932058.2,90810654.6,443571029
809.6,S,47,12124.65,1382.01,17932058.2,90810898.9,443571832
810.6,S,55,12137.93,1384.01,17932058.2,90810949.8,443572037
811.6,S,55,12153.89,1386.01,17932058.2,90810951.0,443572038
812.6,S,55,12170.17,1387.84,17932058.2,90810951.6,443572051
813.6,S,55,12186.14,1389.85,17932058.2,90810951.8,443572051
814.6,S,51,12199.62,1391.69,17932058.2,90811381.5,443572541
815.6,S,75,12208.65,1392.99,17932058.2,90811530.1,443573099
816.6,S,75,12243.41,1393.48,17932058.2,90811542.6,443573143
817.6,S,74,12278.49,1393.95,17932058.2,90811562.7,443573209
818.6,S,74,12313.29,1394.52,17932058.2,90811577.5,443573255
819.6,S,74,12347.71,1395.10,17932058.2,90811707.1,443573667
820.8,S,73,12382.21,1395.91,17932058.2,90811803.1,443574138
821.8,S,72,12409.99,1396.63,17932058.2,90812232.2,443575032
822.8,S,70,12432.08,1397.55,17932058.2,90812678.3,443575990
823.8,S,67,12436.54,1398.27,17932058.2,90813044.1,443576989
824.8,S,59,12441.70,1399.51,17932058.2,90813610.7,443577990
825.8,S,54,12448.44,1400.64,17932058.2,90813869.4,443578807
826.8,S,54,12469.75,1402.31,17932058.2,90813870.6,443578961
827.8,S,54,12490.77,1403.84,17932058.2,90813870.6,443578961
828.8,S,54,12511.20,1405.42,17932058.2,90813876.8,443579367
832.6,S,53,12525.68,1406.10,17932058.2,90814612.4,443583156
833.7,S,47,12532.33,1407.51,17932058.2,90814680.1,443583361
834.7,S,47,12540.14,1408.89,17932058.2,90814680.7,443583368
835.7,S,47,12547.97,1410.21,17932058.2,90814680.8,443583368
836.7,S,47,12554.86,1411.41,17932058.2,90814769.9,443583607
837.7,S,47,12562.62,1412.69,17932058.2,90814771.0,443583614
838.7,S,47,12570.31,1414.10,17932058.2,90814771.3,443583623
839.7,S,47,12577.94,1415.47,17932058.2,90814771.4,443583623
840.7,S,51,12588.26,1416.97,17932058.2,90814785.8,443583673
841.7,S,51,12600.15,1418.54,17932058.2,90814868.9,443583748
842.7,S,47,12606.81,1419.67,17932058.2,90815060.7,443584407
843.7,S,52,12620.43,1421.44,17932058.2,90815066.6,443584426
844.7,S,52,12633.98,1423.09,17932058.2,90815067.1,443584437
845.7,S,52,12647.24,1424.81,17932058.2,90815067.1,443584437
846.7,S,52,12660.46,1426.56,17932058.2,90815070.5,443584631
847.7,S,52,12661.88,1426.73,17932058.2,90815095.6,443585633
848.7,S,65,12674.14,1428.14,17932058.2,90815477.5,443585991
849.7,S,65,12701.51,1429.73,17932058.2,90815477.5,443585991
850.7,S,65,12726.20,1431.00,17932058.2,90815583.9,443586332
851.7,S,59,12748.15,1432.47,17932058.2,90815735.0,443586600
852.7,S,59,12769.91,1434.16,17932058.2,90815817.8,443586723
853.7,S,59,12788.76,1435.61,17932058.2,90816049.0,443587445
854.7,S,58,12797.09,1436.25,17932058.2,90816348.0,443588442
855.7,S,52,12800.55,1436.88,17932058.2,90816778.3,443589219
856.7,S,63,12825.29,1438.43,17932058.2,90816783.8,443589241
857.7,S,62,12851.69,1439.83,17932058.2,90816796.6,443589523
858.7,S,62,12874.51,1441.34,17932058.2,90816841.3,443590457
859.7,S,62,12884.64,1441.98,17932058.2,90816885.0,443591457
861.0,S,58,12906.16,1443.66,17932058.2,90817000.2,443592122
862.0,S,57,12926.72,1445.09,17932058.2,90817192.9,443592432
863.0,S,56,12928.74,1445.30,17932058.2,90817692.7,443593433
864.0,S,52,12929.37,1445.45,17932058.2,90818020.5,443594434
865.0,S,68,12950.74,1447.28,17932058.2,90818057.7,443594556
866.0,S,68,12980.72,1448.72,17932058.2,90818060.0,443594565
867.0,S,64,13008.97,1450.29,17932058.2,90818270.7,443594769
868.0,S,63,13035.92,1451.61,17932058.2,90818271.1,443594771
869.0,S,61,13059.30,1452.91,17932058.2,90818485.8,443595355
870.0,S,61,13084.55,1454.29,17932058.2,90818618.8,443595759
871.0,S,55,13098.07,1455.29,17932058.2,90819416.9,443596598
872.0,S,51,13107.11,1456.29,17932058.2,90819553.0,443597057
873.0,S,50,13121.48,1458.18,17932058.2,90819561.7,443597087
874.0,S,50,13134.96,1460.08,17932058.2,90819570.5,443597732
875.0,S,50,13148.04,1461.81,17932058.2,90819581.1,443598732
876.0,S,50,13155.85,1462.88,17932058.2,90819591.5,443599734
877.6,S,49,13165.20,1464.35,17932058.2,90819731.2,443601304
878.6,S,47,13172.58,1465.87,17932058.2,90820026.2,443601667
879.6,S,47,13178.78,1466.99,17932058.2,90820129.9,443601991
880.6,S,47,13187.42,1468.45,17932058.2,90820203.4,443602082
881.6,S,55,13201.18,1470.41,17932058.2,90820321.6,443602229
882.6,S,55,13217.37,1472.25,17932058.2,90820322.1,443602241
883.6,S,55,13233.63,1474.02,17932058.2,90820324.2,443603166
884.6,S,55,13249.91,1475.75,17932058.2,90820324.4,443603195
885.6,S,47,13262.97,1477.41,17932058.2,90820905.4,443603698
886.6,S,72,13295.19,1478.30,17932058.2,90821020.8,443603811
887.6,S,70,13327.15,1478.95,17932058.2,90821063.9,443603891
888.6,S,70,13358.13,1479.62,17932058.2,90821065.8,443603903
889.6,S,68,13388.79,1480.54,17932058.2,90821130.5,443604102
890.6,S,68,13419.13,1481.50,17932058.2,90821331.8,443604459
891.6,S,67,13448.81,1482.57,17932058.2,90821712.4,443604794
892.6,S,60,13467.58,1483.87,17932058.2,90822590.2,443605669
893.6,S,47,13472.71,1484.92,17932058.2,90822862.9,443606580
894.6,S,55,13493.38,1486.79,17932058.2,90822865.6,443606636
895.6,S,54,13511.01,1487.95,17932058.2,90822981.7,443607043
896.6,S,54,13531.32,1489.59,17932058.2,90822987.9,443607059
897.6,S,52,13549.96,1491.37,17932058.2,90823067.9,443607474
898.6,S,48,13565.05,1493.13,17932058.2,90823555.9,443607899
899.6,S,47,13572.63,1494.65,17932058.2,90823742.1,443608072
900.6,S,47,13580.48,1496.06,17932058.2,90823743.3,443608074
901.6,S,47,13588.18,1497.40,17932058.2,90823743.6,443608081
902.6,S,51,13596.95,1498.84,17932058.2,90823846.4,443608185
903.6,S,51,13608.43,1500.49,17932058.2,90823846.7,443608198
904.6,S,47,13616.97,1501.86,17932058.2,90824038.0,443608610
905.6,S,52,13630.13,1503.69,17932058.2,90824039.2,443608619
906.6,S,52,13643.63,1505.26,17932058.2,90824040.2,443608643
907.6,S,52,13656.98,1507.12,17932058.2,90824040.3,443608649
908.6,S,52,13669.80,1508.73,17932058.2,90824099.4,443608847
909.8,S,64,13680.80,1510.06,17932058.2,90824533.3,443609626
910.8,S,64,13707.93,1511.54,17932058.2,90824534.3,443609637
911.8,S,64,13734.41,1512.94,17932058.2,90824589.1,443609783
912.8,S,60,13755.49,1514.41,17932058.2,90824727.1,443610242
913.8,S,59,13778.68,1515.95,17932058.2,90824768.8,443610396
914.8,S,59,13798.65,1517.48,17932058.2,90824986.5,443611071
915.8,S,59,13804.79,1517.69,17932058.2,90824997.8,443612073
916.8,S,59,13804.79,1517.69,17932058.2,90825008.3,443613074
917.8,S,59,13804.79,1517.69,17932058.2,90825018.3,443614075
918.8,S,59,13804.79,1517.69,17932058.2,90825029.9,443615076
922.9,S,51,13811.66,1518.81,17932058.2,90825828.7,443618771
923.9,S,62,13838.31,1520.55,17932058.2,90825840.6,443618808
924.9,S,62,13863.69,1521.94,17932058.2,90825975.1,443618937
925.9,S,58,13887.39,1523.75,17932058.2,90826031.8,443618986
926.9,S,57,13911.38,1526.40,17932058.2,90826072.0,443619121
927.9,S,61,13935.00,1530.14,17932058.2,90826206.0,443619440
928.9,S,52,13951.75,1533.41,17932058.2,90827050.6,443620299
929.9,S,67,13978.67,1536.28,17932058.2,90827058.5,443620310
930.9,S,63,14006.60,1538.02,17932058.2,90827250.1,443620479
931.9,S,62,14033.58,1539.27,17932058.2,90827273.8,443620562
932.9,S,61,14059.82,1540.57,17932058.2,90827305.6,443620634
933.9,S,61,14085.73,1541.84,17932058.2,90827559.9,443620951
934.9,S,59,14108.76,1543.34,17932058.2,90828186.6,443621493
935.9,S,52,14121.30,1545.06,17932058.2,90828503.4,443621767
936.9,S,52,14138.65,1546.85,17932058.2,90828503.9,443621777
937.9,S,51,14155.83,1548.48,17932058.2,90828528.2,443623018
938.9,S,49,14171.34,1550.30,17932058.2,90828617.6,443623260
939.9,S,49,14182.55,1551.93,17932058.2,90828888.8,443623953
940.9,S,47,14192.78,1553.34,17932058.2,90829214.5,443624334
941.9,S,47,14201.47,1554.69,17932058.2,90829214.9,443624341
942.9,S,47,14208.38,1555.85,17932058.2,90829375.7,443624738
943.9,S,55,14223.04,1557.80,17932058.2,90829409.0,443624786
944.9,S,55,14239.51,1559.65,17932058.2,90829409.3,443624796
945.9,S,55,14255.64,1561.42,17932058.2,90829409.6,443624818
946.9,S,55,14270.04,1562.85,17932058.2,90829555.5,443625160
947.9,S,49,14283.08,1564.49,17932058.2,90830075.3,443625615
948.9,S,75,14308.27,1565.69,17932058.2,90830098.2,443625636
949.9,S,74,14343.19,1566.14,17932058.2,90830108.0,443625647
950.9,S,73,14378.18,1566.62,17932058.2,90830150.0,443625765
951.9,S,73,14412.54,1567.32,17932058.2,90830150.2,443625767
952.9,S,71,14445.61,1567.97,17932058.2,90830264.9,443625880
953.9,S,68,14476.47,1568.68,17932058.2,90830609.8,443626178
954.9,S,65,14504.51,1569.69,17932058.2,90831366.3,443626820
955.9,S,65,14510.94,1570.50,17932058.2,90831689.8,443627821
957.1,S,60,14523.09,1572.10,17932058.2,90832170.9,443628463
958.1,S,59,14549.06,1573.44,17932058.2,90832175.9,443628960
959.1,S,59,14568.89,1573.86,17932058.2,90832186.4,443629771
960.1,S,59,14585.97,1574.10,17932058.2,90832195.4,443630772
961.1,S,59,14595.81,1574.23,17932058.2,90832223.4,443631773
962.1,S,59,14602.87,1574.52,17932058.2,90832526.6,443632789
963.4,S,53,14603.25,1574.99,17932058.2,90833196.9,443634072
964.4,S,47,14608.07,1576.06,17932058.2,90833335.7,443634589
965.4,S,47,14615.82,1577.43,17932058.2,90833335.9,443634592
966.4,S,47,14623.66,1578.76,17932058.2,90833336.6,443634595
967.4,S,47,14631.56,1580.13,17932058.2,90833337.2,443634601
968.4,S,47,14639.17,1581.57,17932058.2,90833344.7,443635105
969.4,S,47,14646.85,1582.99,17932058.2,90833354.8,443636106
970.4,S,47,14654.13,1584.34,17932058.2,90833385.9,443637107
971.4,S,51,14662.11,1585.55,17932058.2,90833517.1,443637583
972.4,S,51,14673.77,1587.11,17932058.2,90833517.8,443637595
973.4,S,49,14681.74,1588.38,17932058.2,90833709.6,443638027
974.4,S,52,14694.54,1590.08,17932058.2,90833712.7,443638034
975.4,S,52,14708.06,1591.79,17932058.2,90833713.0,443638040
976.4,S,52,14721.35,1593.40,17932058.2,90833713.1,443638051
977.4,S,52,14734.64,1595.16,17932058.2,90833723.6,443638073
978.5,S,58,14747.58,1596.91,17932058.2,90834130.1,443638522
979.5,S,58,14767.81,1598.65,17932058.2,90834131.3,443638889
980.5,S,57,14782.74,1600.01,17932058.2,90834299.4,443639377
981.5,S,53,14798.57,1601.89,17932058.2,90834410.7,443639727
982.5,S,53,14813.91,1603.76,17932058.2,90834429.4,443639812
983.5,S,49,14827.49,1605.61,17932058.2,90834749.8,443640106
984.5,S,61,14843.76,1607.15,17932058.2,90834948.1,443640293
985.5,S,61,14867.40,1608.60,17932058.2,90835143.4,443640866
986.5,S,61,14889.45,1609.97,17932058.2,90835668.0,443641828
987.5,S,57,14908.51,1611.38,17932059.9,90835832.5,443642412
988.5,S,57,14929.83,1612.97,17932062.1,90835834.8,443642538
989.5,S,57,14944.56,1614.70,17932062.4,90835838.9,443643540
990.5,S,57,14949.90,1615.39,17932062.4,90835842.3,443644541
991.5,S,57,14950.43,1615.43,17932062.6,90835987.3,443645542
992.5,S,73,14965.54,1616.90,17932062.6,90836299.4,443645882
993.5,S,72,14998.09,1617.58,17932062.6,90836308.5,443645919
994.5,S,72,15029.95,1618.24,17932062.6,90836380.2,443646132
995.5,S,66,15058.00,1619.16,17932062.6,90836560.6,443646525
996.5,S,66,15087.45,1620.37,17932062.6,90836614.7,443646687
997.5,S,65,15116.02,1621.94,17932062.6,90836704.3,443646996
998.5,S,64,15142.83,1623.61,17932062.6,90837137.1,443647504
999.5,S,59,15149.99,1624.30,17932062.6,90837443.5,443648504
1000.6,S,54,15155.88,1625.22,17932062.6,90837972.2,443649573
1001.6,S,54,15165.51,1626.69,17932062.6,90837980.3,443650575
1002.6,S,54,15168.00,1626.95,17932062.6,90837984.8,443651576
1003.6,S,54,15168.17,1626.96,17932062.6,90837993.4,443652577
1006.7,S,54,15181.55,1628.39,17932062.6,90838154.7,443655002
1007.7,S,54,15201.99,1630.16,17932062.6,90838155.7,443655008
1008.7,S,54,15222.37,1631.85,17932062.6,90838156.0,443655018
1009.7,S,52,15239.44,1633.36,17932062.6,90838294.6,443655432
1010.7,S,50,15254.36,1635.21,17932062.6,90838372.2,443655663
1011.7,S,47,15263.92,1636.80,17932062.6,90838965.1,443656235
1012.7,S,55,15278.52,1638.97,17932062.6,90839051.1,443656331
1013.7,S,55,15294.71,1640.83,17932062.6,90839051.3,443656331
1014.7,S,55,15310.85,1642.67,17932062.6,90839051.5,443656336
1015.7,S,55,15324.90,1644.43,17932062.6,90839151.3,443656653
1016.7,S,50,15337.53,1646.01,17932062.6,90839546.8,443657277
1017.7,S,68,15352.31,1647.18,17932062.6,90839636.3,443657806
1018.7,S,66,15382.29,1648.51,17932062.6,90839654.4,443658339
1019.7,S,66,15408.75,1649.21,17932062.6,90839679.6,443658941
1020.7,S,66,15432.43,1649.53,17932062.6,90839715.7,443659940
1021.7,S,64,15459.48,1650.83,17932062.6,90839907.3,443660336
1022.7,S,62,15484.90,1652.38,17932062.6,90840378.0,443660804
1023.7,S,52,15500.60,1653.84,17932062.6,90841098.1,443661430
1024.7,S,59,15521.73,1655.46,17932062.6,90841388.0,443661690
1025.7,S,59,15548.03,1656.73,17932062.6,90841388.2,443661698
1026.7,S,59,15574.01,1658.10,17932062.6,90841410.6,443661777
1027.7,S,56,15596.69,1659.33,17932062.6,90841536.1,443662114
1028.7,S,53,15616.25,1660.97,17932062.6,90841650.6,443662456
1029.7,S,49,15630.56,1662.46,17932062.6,90842320.2,443663034
1030.7,S,47,15638.80,1664.14,17932062.6,90842452.5,443663161
1031.7,S,47,15646.57,1665.48,17932062.6,90842453.1,443663167
1032.7,S,47,15654.17,1666.80,17932062.6,90842453.4,443663170
1033.8,S,47,15661.92,1668.15,17932062.6,90842454.7,443663173
1034.8,S,51,15669.26,1669.41,17932062.6,90842557.8,443663276
1035.8,S,51,15680.95,1670.94,17932062.6,90842558.3,443663322
1036.8,S,51,15692.07,1672.48,17932062.6,90842713.6,443663488
1037.8,S,53,15704.74,1674.18,17932062.6,90842750.1,443663532
1038.8,S,52,15718.84,1675.80,17932062.6,90842770.9,443663556
1039.8,S,52,15732.16,1677.53,17932062.6,90842771.5,443663576
1040.8,S,52,15745.56,1679.24,17932062.6,90842771.6,443663602
1041.8,S,52,15751.65,1679.97,17932062.6,90843084.9,443664456
1042.8,S,67,15766.19,1681.51,17932062.6,90843263.3,443664858
1043.8,S,67,15794.95,1683.10,17932062.6,90843275.4,443664883
1044.8,S,62,15821.64,1684.74,17932062.6,90843505.2,443665078
1045.8,S,61,15845.84,1686.04,17932062.6,90843505.9,443665083
1046.8,S,61,15869.97,1687.35,17932062.6,90843547.9,443665132
1047.8,S,61,15889.77,1688.56,17932062.6,90843773.9,443665718
1048.8,S,56,15900.71,1689.47,17932062.6,90844558.9,443666719
1049.8,S,63,15922.73,1691.04,17932062.6,90844702.4,443666847
1050.8,S,62,15949.91,1692.73,17932062.6,90844718.7,443666882
1051.8,S,57,15974.85,1694.28,17932062.6,90844927.0,443667079
1052.8,S,56,15997.72,1695.81,17932062.6,90844963.5,443667223
1053.8,S,56,16020.25,1697.29,17932062.6,90844963.9,443667258
1054.8,S,54,16037.14,1698.70,17932062.6,90845678.1,443667869
1055.8,S,71,16062.15,1699.94,17932062.6,90845935.1,443668095
1056.8,S,71,16094.16,1700.69,17932062.6,90845998.5,443668255
1057.8,S,67,16122.73,1701.51,17932062.6,90846127.5,443668638
1058.8,S,66,16152.77,1702.78,17932062.6,90846185.7,443668766
1059.8,S,66,16182.37,1704.08,17932062.6,90846186.1,443668774
1060.8,S,65,16207.13,1705.40,17932062.6,90846623.1,443669526
1061.8,S,53,16228.60,1706.98,17932062.6,90847475.3,443670255
1062.8,S,52,16243.69,1708.66,17932062.6,90847638.5,443670399
1063.8,S,52,16259.76,1710.19,17932062.6,90847741.6,443670557
1064.8,S,52,16276.90,1712.07,17932062.6,90847742.3,443670573
1065.8,S,50,16293.10,1713.93,17932062.6,90847830.7,443670818
1066.8,S,49,16304.74,1715.60,17932062.6,90848228.0,443671642
1067.8,S,47,16313.69,1717.18,17932062.6,90848384.3,443671781
1068.8,S,47,16322.26,1718.66,17932062.6,90848384.5,443671781
1069.8,S,47,16330.29,1719.98,17932062.6,90848487.5,443671878
1070.8,S,55,16342.12,1722.01,17932062.6,90848677.7,443672061
1071.8,S,55,16358.38,1723.79,17932062.6,90848679.1,443672069
1072.8,S,55,16374.40,1725.70,17932062.6,90848680.8,443672072
1073.8,S,55,16390.66,1727.55,17932062.6,90848721.3,443672135
1074.8,S,53,16404.87,1729.26,17932062.6,90849071.6,443672492
1075.8,S,66,16420.38,1730.93,17932062.6,90849258.7,443672657
1076.8,S,66,16449.56,1732.30,17932062.6,90849359.8,443672760
1077.8,S,64,16478.70,1733.70,17932062.6,90849398.3,443672845
1078.8,S,64,16507.07,1735.24,17932062.6,90849398.6,443672847
1079.8,S,62,16534.05,1736.82,17932062.6,90849533.5,443673189
1080.8,S,61,16560.68,1738.07,17932062.6,90849697.2,443673365
1081.8,S,53,16577.98,1739.49,17932062.6,90850607.9,443674140
1082.8,S,57,16594.33,1741.21,17932062.6,90850828.2,443674344
1083.8,S,57,16616.28,1742.62,17932062.6,90850930.8,443674436
1084.8,S,56,16638.10,1744.33,17932062.6,90850950.8,443674467
1085.8,S,56,16658.73,1745.94,17932062.6,90851015.0,443674648
1086.8,S,53,16676.57,1747.68,17932062.6,90851087.8,443674850
1087.8,S,53,16689.76,1749.24,17932062.6,90851297.7,443675375
1088.8,S,47,16695.54,1750.68,17932062.6,90851766.5,443675784
1089.8,S,51,16704.89,1752.09,17932062.6,90851869.8,443675882
1090.8,S,51,16716.55,1753.68,17932062.6,90851870.0,443675882
1091.8,S,47,16724.74,1754.96,17932062.6,90852061.0,443676294
1092.8,S,53,16738.68,1756.65,17932062.6,90852061.7,443676301
1093.8,S,53,16753.05,1758.53,17932062.6,90852062.8,443676305
1094.8,S,53,16767.28,1760.36,17932062.6,90852063.1,443676313
1095.8,S,52,16780.68,1762.09,17932062.6,90852184.1,443676422
1096.8,S,52,16793.35,1763.74,17932062.6,90852593.5,443676776
1097.8,S,65,16815.60,1765.39,17932062.6,90852600.1,443676809
1098.8,S,61,16838.83,1766.73,17932062.6,90852793.2,443677236
1099.8,S,60,16862.82,1768.21,17932062.6,90852816.7,443677264
1100.8,S,59,16885.30,1769.63,17932062.6,90852887.7,443677343
1101.8,S,63,16907.20,1771.06,17932062.6,90852991.2,443677441
1102.8,S,57,16930.01,1772.66,17932062.6,90853676.4,443678023
1103.8,S,63,16952.23,1774.23,17932062.6,90853911.8,443678222
1104.8,S,58,16974.78,1775.69,17932062.6,90854115.2,443678751
1105.8,S,57,16998.69,1777.17,17932062.6,90854175.6,443678899
1106.8,S,56,17020.42,1778.72,17932062.6,90854212.4,443678962
1107.8,S,59,17041.89,1780.20,17932062.6,90854369.2,443679116
1108.8,S,57,17061.21,1781.81,17932062.6,90854791.4,443679626
1109.8,S,66,17078.09,1783.63,17932062.6,90855133.3,443679945
1110.8,S,62,17104.71,1785.20,17932062.6,90855323.9,443680103
1111.8,S,61,17131.16,1786.46,17932062.6,90855368.3,443680145
1112.8,S,61,17157.34,1787.88,17932062.6,90855368.7,443680147
1113.8,S,61,17180.09,1788.93,17932062.6,90855470.9,443680441
1114.8,S,60,17201.54,1789.90,17932062.6,90855699.6,443681004
1115.8,S,49,17215.77,1791.29,17932062.6,90856474.5,443681745
1116.8,S,55,17234.97,1792.72,17932062.6,90856550.3,443681817
1117.8,S,54,17256.03,1794.31,17932062.6,90856567.5,443681840
1118.8,S,53,17274.98,1796.22,17932062.6,90856783.7,443682423
1119.8,S,52,17292.17,1798.23,17932062.6,90856823.4,443682571
1120.8,S,49,17306.20,1799.96,17932062.6,90857248.2,443682947
1121.8,S,47,17314.18,1801.38,17932062.6,90857475.4,443683167
1122.8,S,47,17322.92,1802.81,17932062.6,90857476.1,443683168
1123.8,S,56,17333.83,1804.65,17932062.6,90857667.5,443683351
1124.8,S,56,17350.98,1806.49,17932062.6,90857667.8,443683357
1125.8,S,56,17368.11,1808.21,17932062.6,90857669.3,443683360
1126.8,S,56,17383.61,1809.57,17932062.6,90857772.5,443683635
1127.8,S,54,17398.84,1811.56,17932062.6,90858152.5,443684032
1128.8,S,72,17410.47,1813.25,17932062.6,90858403.4,443684259
1129.8,S,70,17443.46,1814.02,17932062.6,90858418.8,443684280
1130.8,S,70,17474.65,1814.68,17932062.6,90858437.1,443684372
1131.8,S,70,17506.29,1815.37,17932062.6,90858437.3,443684380
1132.8,S,69,17537.87,1816.15,17932062.6,90858479.0,443684485
1133.8,S,68,17568.21,1817.12,17932062.6,90858592.8,443684790
1134.8,S,62,17594.25,1818.35,17932062.6,90859276.7,443685459
1135.8,S,55,17608.94,1819.57,17932062.6,90860208.3,443686246
1136.8,S,61,17633.38,1821.15,17932062.6,90860338.4,443686364
1137.8,S,61,17660.35,1822.52,17932062.6,90860338.7,443686376
1138.8,S,59,17685.27,1823.90,17932062.6,90860386.9,443686507
1139.8,S,59,17710.76,1825.27,17932062.6,90860387.4,443686513
1140.8,S,56,17734.39,1826.85,17932062.6,90860520.6,443686870
1141.8,S,50,17746.67,1827.90,17932062.6,90861345.6,443687571
1142.8,S,51,17756.98,1829.29,17932062.6,90861545.0,443687741
1143.8,S,51,17768.52,1830.78,17932062.6,90861549.3,443687780
1144.8,S,53,17776.27,1832.30,17932062.6,90861740.5,443688385
1145.8,S,53,17790.59,1834.11,17932062.6,90861741.6,443688413
1146.8,S,53,17804.92,1835.91,17932062.6,90861743.3,443688435
1147.8,S,53,17819.44,1837.48,17932062.6,90861746.1,443688479
1148.8,S,52,17832.51,1839.09,17932062.6,90861809.1,443688654
1149.8,S,65,17838.95,1839.75,17932062.6,90862287.6,443689395
1150.8,S,65,17866.66,1841.54,17932062.6,90862288.7,443689411
1151.9,S,64,17893.52,1842.88,17932062.6,90862303.8,443689452
1152.9,S,60,17914.81,1844.41,17932062.6,90862494.8,443690009
1153.9,S,59,17938.06,1845.98,17932062.6,90862579.2,443690082
1154.9,S,59,17960.25,1847.39,17932062.6,90862680.6,443690189
1155.9,S,53,17974.46,1848.71,17932062.6,90863574.3,443690950
1156.9,S,65,17998.79,1850.57,17932062.6,90863606.6,443690986
1157.9,S,61,18026.80,1852.34,17932062.6,90863784.7,443691142
1158.9,S,59,18052.56,1853.86,17932062.6,90863842.4,443691266
1159.9,S,58,18077.10,1855.21,17932062.6,90863879.2,443691332
1160.9,S,57,18101.09,1856.65,17932062.6,90863928.3,443691390
1161.9,S,57,18120.25,1858.02,17932062.6,90864637.0,443691987
1162.9,S,66,18137.91,1859.58,17932062.6,90864978.0,443692289
1163.9,S,65,18165.29,1861.09,17932062.6,90865049.2,443692463
1164.9,S,61,18189.21,1862.32,17932062.6,90865179.5,443692812
1165.9,S,61,18215.19,1863.69,17932062.6,90865180.0,443692836
1166.9,S,60,18241.23,1865.12,17932062.6,90865272.8,443692923
1167.9,S,60,18264.87,1866.26,17932062.6,90865353.0,443693134
1168.9,S,60,18269.67,1866.51,17932062.6,90865875.8,443694192
1169.9,S,47,18278.52,1867.75,17932062.6,90866347.1,443694603
1170.9,S,50,18292.99,1869.40,17932062.6,90866359.2,443694709
1171.9,S,50,18307.98,1871.22,17932062.6,90866527.3,443695232
1172.9,S,50,18322.27,1873.31,17932062.6,90866550.6,443695299
1173.9,S,49,18336.04,1875.13,17932062.6,90866659.3,443695410
1174.9,S,47,18346.11,1876.80,17932062.6,90866896.9,443695613
1175.9,S,47,18353.79,1878.04,17932062.6,90867000.5,443695759
1176.9,S,56,18364.66,1879.80,17932062.6,90867190.3,443695925
1177.9,S,56,18381.65,1881.70,17932062.6,90867191.7,443695947
1178.9,S,56,18399.20,1883.41,17932062.6,90867191.9,443695948
1179.9,S,55,18416.01,1885.37,17932062.6,90867239.2,443695987
1180.9,S,55,18428.49,1886.88,17932062.6,90867349.9,443696348
1181.9,S,50,18436.87,1888.05,17932062.6,90867670.3,443697077
1182.9,S,50,18441.44,1888.91,17932062.6,90867703.8,443698043
1183.9,S,50,18441.44,1888.91,17932062.6,90867742.1,443699045
1186.0,S,50,18441.44,1888.94,17932062.6,90867823.4,443701114
1187.4,S,47,18441.45,1888.96,17932062.6,90867876.4,443702514
1188.4,S,67,18450.79,1889.54,17932062.6,90867930.7,443703154
1189.4,S,70,18482.83,1890.66,17932062.7,90867951.5,443703184
1190.4,S,70,18515.05,1891.39,17932062.7,90867951.9,443703209
1191.4,S,70,18546.93,1892.04,17932062.7,90867953.5,443703214
1192.4,S,69,18578.41,1892.76,17932062.7,90867985.1,443703368
1193.4,S,68,18609.16,1893.48,17932062.7,90868212.4,443703579
1194.4,S,60,18636.25,1894.61,17932062.7,90868867.9,443704265
1195.4,S,49,18647.81,1895.58,17932062.7,90869857.4,443705106
1196.4,S,62,18674.25,1897.46,17932062.7,90869892.3,443705138
1197.4,S,62,18702.21,1898.93,17932062.7,90869908.6,443705162
1198.4,S,57,18728.55,1900.28,17932062.7,90870063.0,443705359
1199.4,S,56,18752.79,1901.63,17932062.7,90870100.7,443705472
1200.4,S,55,18775.34,1903.17,17932062.7,90870142.2,443705609
1201.4,S,54,18789.73,1904.74,17932062.7,90870692.2,443706279
1202.4,S,47,18795.55,1906.11,17932062.7,90871060.3,443706593
1203.4,S,47,18803.22,1907.53,17932062.7,90871062.1,443706596
1204.4,S,51,18811.10,1909.00,17932062.7,90871165.2,443706708
1205.4,S,51,18822.62,1910.77,17932062.7,90871165.3,443706712
1206.4,S,51,18833.97,1912.33,17932062.7,90871224.4,443706864
1207.4,S,53,18845.83,1913.89,17932062.7,90871356.6,443707019
1208.4,S,53,18860.13,1915.70,17932062.7,90871357.7,443707025
1209.4,S,53,18874.33,1917.50,17932062.7,90871452.8,443707283
1210.4,S,52,18888.45,1919.09,17932062.7,90871499.5,443707420
1211.4,S,52,18901.40,1920.76,17932062.7,90871891.5,443707774
1212.4,S,63,18926.18,1922.43,17932062.7,90871904.3,443707807
1213.4,S,62,18951.31,1923.77,17932062.7,90872112.8,443707998
1214.4,S,58,18973.27,1925.49,17932062.7,90872113.7,443708007
1215.4,S,57,18993.97,1927.03,17932062.7,90872156.2,443708066
1216.4,S,61,19013.54,1928.62,17932062.7,90872417.5,443708308
1217.4,S,61,19030.85,1930.24,17932062.7,90873123.8,443708908
1218.4,S,66,19060.52,1931.83,17932062.7,90873132.9,443708949
1219.4,S,61,19084.64,1933.10,17932062.7,90873344.6,443709578
1220.4,S,60,19110.50,1934.68,17932062.7,90873369.3,443709642
1221.4,S,59,19135.78,1936.04,17932062.7,90873407.4,443709687
1222.4,S,58,19160.68,1937.35,17932062.7,90873461.6,443709825
1223.4,S,57,19172.61,1937.96,17932062.7,90873902.1,443710610
1224.5,S,67,19183.77,1939.13,17932062.7,90874567.6,443711178
1225.5,S,66,19212.60,1940.84,17932062.7,90874574.9,443711206
1226.5,S,66,19239.89,1942.40,17932062.7,90874666.7,443711390
1227.5,S,61,19266.32,1943.71,17932062.7,90874830.2,443711641
1228.5,S,60,19291.38,1945.01,17932062.7,90874833.4,443711705
1229.5,S,60,19316.38,1946.30,17932062.7,90874923.1,443711795
1230.5,S,48,19331.05,1947.66,17932062.7,90875864.3,443712595
1231.5,S,56,19350.17,1949.07,17932062.7,90875965.4,443712690
1232.5,S,55,19370.67,1950.68,17932062.7,90875980.9,443712705
1233.5,S,55,19390.64,1952.51,17932062.7,90876081.8,443712972
1234.5,S,54,19409.19,1954.57,17932062.7,90876212.0,443713357
1235.5,S,51,19426.34,1956.31,17932062.7,90876449.8,443713557
1236.5,S,47,19435.71,1957.77,17932062.7,90876929.1,443713972
1237.5,S,47,19444.38,1959.08,17932062.7,90876930.1,443713974
1238.5,S,47,19453.11,1960.43,17932062.7,90876930.4,443713982
1239.5,S,47,19461.66,1961.75,17932062.7,90876991.8,443714138
1240.5,S,56,19473.09,1963.66,17932062.7,90877120.7,443714575
1241.5,S,56,19490.40,1965.36,17932062.7,90877122.4,443714578
1242.5,S,56,19507.83,1967.19,17932062.7,90877122.8,443714597
1243.5,S,55,19519.91,1968.24,17932062.7,90877268.3,443715120
1244.5,S,55,19534.36,1969.89,17932062.7,90877537.1,443715513
1245.5,S,47,19544.47,1971.37,17932062.7,90877851.7,443715786
1246.5,S,78,19578.06,1972.05,17932062.7,90877860.4,443715849
1247.5,S,77,19613.51,1972.51,17932062.7,90877871.7,443715868
1248.5,S,76,19648.69,1972.96,17932062.7,90877889.1,443715895
1249.5,S,76,19684.28,1973.36,17932062.7,90877890.8,443715900
1250.5,S,76,19719.88,1973.77,17932062.7,90877891.0,443715904
1251.5,S,74,19754.36,1974.31,17932062.7,90878037.6,443716140
1252.5,S,73,19785.91,1975.09,17932062.7,90878715.2,443716759
1253.5,S,64,19793.15,1976.03,17932062.7,90879897.1,443717760
1254.5,S,65,19812.05,1977.88,17932062.7,90880159.6,443717988
1255.5,S,64,19840.38,1979.51,17932062.7,90880267.3,443718248
1256.5,S,63,19868.59,1980.98,17932062.7,90880287.8,443718327
1257.5,S,63,19896.20,1982.55,17932062.7,90880295.6,443718361
1258.5,S,62,19923.70,1984.01,17932062.7,90880332.2,443718395
1259.5,S,60,19946.37,1985.34,17932062.7,90880532.4,443718964
1260.6,S,50,19955.19,1986.55,17932062.7,90881289.1,443719918
1261.6,S,47,19962.66,1988.25,17932062.7,90881685.5,443720259
1262.6,S,47,19970.41,1989.53,17932062.7,90881686.5,443720263
1263.6,S,47,19978.31,1990.95,17932062.7,90881686.6,443720275
1264.6,S,47,19986.04,1992.45,17932062.7,90881686.9,443720284
1265.6,S,51,19996.49,1993.86,17932062.7,90881701.9,443720366
1266.6,S,51,20007.97,1995.53,17932062.7,90881702.2,443720383
1267.6,S,52,20017.42,1996.82,17932062.7,90881893.7,443720756
1268.6,S,52,20030.69,1998.55,17932062.7,90881894.5,443720790
1269.6,S,52,20044.11,2000.39,17932062.7,90881894.7,443720799
1270.6,S,52,20057.29,2002.02,17932062.7,90881940.9,443720926
1271.6,S,52,20066.60,2003.26,17932062.7,90882129.1,443721501
1272.6,S,62,20079.12,2004.90,17932062.7,90882383.3,443721816
1273.6,S,62,20104.32,2006.45,17932062.7,90882385.9,443721821
1274.6,S,57,20127.56,2008.06,17932062.7,90882594.6,443722015
1275.6,S,57,20147.57,2009.71,17932062.7,90882595.5,443722035
1276.6,S,56,20167.52,2011.33,17932062.7,90882640.5,443722088
1277.6,S,59,20184.72,2012.86,17932062.7,90883172.8,443722548
1278.6,S,66,20201.77,2014.51,17932062.7,90883514.7,443722848
1279.6,S,65,20230.10,2016.18,17932062.7,90883528.5,443722886
1280.6,S,60,20253.44,2017.76,17932062.7,90883740.5,443723492
1281.6,S,60,20278.83,2019.23,17932062.7,90883741.3,443723528
1282.6,S,59,20303.91,2020.54,17932062.7,90883807.1,443723716
1283.6,S,58,20325.00,2021.81,17932062.7,90883923.9,443724118
1284.6,S,56,20332.76,2022.41,17932062.7,90884796.5,443725119
1285.6,S,70,20358.78,2023.64,17932062.7,90884881.8,443725214
1286.6,S,69,20389.24,2024.94,17932062.7,90884890.4,443725225
1287.6,S,65,20418.17,2026.45,17932062.7,90885081.7,443725430
1288.6,S,65,20446.44,2028.06,17932062.7,90885081.7,443725430
1289.6,S,65,20474.98,2029.62,17932062.7,90885130.9,443725553
1290.6,S,63,20497.97,2031.00,17932062.7,90885417.2,443726190
1291.6,S,54,20515.78,2032.60,17932062.7,90886251.5,443726902
1292.6,S,56,20532.12,2033.99,17932062.7,90886521.2,443727140
1293.6,S,55,20552.68,2035.55,17932062.7,90886531.9,443727157
1294.6,S,54,20572.72,2037.38,17932062.7,90886644.9,443727265
1295.6,S,53,20590.70,2039.38,17932062.7,90886794.6,443727482
1296.6,S,52,20607.81,2041.35,17932062.7,90886880.4,443727575
1297.6,S,47,20617.19,2042.92,17932062.7,90887350.7,443727978
1298.6,S,47,20622.60,2043.98,17932062.7,90887453.7,443728378
1299.6,S,47,20631.29,2045.39,17932062.7,90887453.9,443728381
1300.6,S,47,20640.01,2046.77,17932062.7,90887470.8,443728430
1301.6,S,56,20650.88,2048.84,17932062.7,90887646.3,443728936
1302.6,S,55,20667.27,2050.74,17932062.7,90887657.9,443728967
1303.6,S,55,20683.73,2052.51,17932062.7,90887658.0,443728969
1304.6,S,55,20699.87,2054.41,17932062.7,90887703.4,443729082
1305.6,S,55,20711.78,2055.60,17932062.7,90887917.7,443729686
1306.6,S,70,20721.71,2057.09,17932062.7,90888345.3,443730242
1307.6,S,69,20753.07,2058.15,17932062.7,90888350.8,443730269
1308.6,S,68,20784.32,2059.28,17932062.7,90888362.9,443730287
1309.6,S,68,20815.26,2060.22,17932062.7,90888363.2,443730287
1310.6,S,67,20845.72,2061.46,17932062.7,90888427.3,443730548
1311.6,S,65,20874.02,2062.63,17932062.7,90888544.4,443730891
1312.6,S,63,20901.26,2064.21,17932062.7,90889049.5,443731434
1313.6,S,51,20913.06,2065.38,17932062.7,90890001.2,443732249
1314.7,S,60,20935.26,2067.24,17932062.7,90890137.0,443732385
1315.7,S,59,20960.77,2068.62,17932062.7,90890147.4,443732396
1316.7,S,59,20985.90,2069.97,17932062.7,90890169.3,443732468
1317.7,S,58,21010.00,2071.35,17932062.7,90890209.5,443732619
1318.7,S,55,21031.90,2072.89,17932062.7,90890321.2,443732898
1319.7,S,55,21041.67,2073.80,17932062.7,90890985.4,443733581
1320.7,S,51,21050.88,2075.06,17932062.7,90891279.5,443733835
1321.7,S,51,21062.54,2076.62,17932062.7,90891279.8,443733838
1322.7,S,53,21071.13,2078.03,17932062.7,90891470.6,443734241
1323.7,S,53,21085.36,2079.69,17932062.7,90891471.9,443734243
1324.7,S,52,21099.17,2081.34,17932062.7,90891501.1,443734277
1325.7,S,52,21112.65,2083.07,17932062.7,90891501.3,443734287
1326.7,S,52,21125.56,2084.80,17932062.7,90891678.6,443734443
1327.7,S,60,21143.84,2086.30,17932062.7,90891999.2,443734740
1328.7,S,60,21168.14,2087.66,17932062.7,90892012.7,443734775
1329.7,S,60,21189.00,2089.03,17932062.7,90892154.1,443735092
1330.7,S,55,21206.54,2090.81,17932062.7,90892245.8,443735302
1331.7,S,55,21225.11,2092.64,17932062.7,90892246.5,443735305
1332.7,S,47,21237.39,2094.14,17932062.7,90892954.7,443735914
1333.7,S,68,21265.45,2095.51,17932062.7,90893058.7,443736008
1334.7,S,65,21294.42,2097.10,17932062.7,90893102.4,443736218
1335.7,S,64,21321.15,2098.58,17932062.7,90893214.9,443736507
1336.7,S,60,21347.54,2099.90,17932062.7,90893326.9,443736757
1337.7,S,59,21373.35,2101.12,17932062.7,90893383.3,443736820
1338.7,S,59,21393.10,2102.51,17932062.7,90893600.3,443737460
1339.7,S,52,21397.73,2103.47,17932062.7,90894434.8,443738460
1340.7,S,71,21422.61,2104.65,17932062.7,90894557.4,443738575
1341.7,S,70,21453.64,2105.36,17932062.7,90894569.8,443738603
1342.7,S,69,21484.46,2106.33,17932062.7,90894635.2,443738671
1343.7,S,68,21512.39,2107.44,17932062.7,90894775.9,443739024
1344.7,S,65,21541.20,2108.98,17932062.7,90894786.3,443739058
1345.7,S,62,21569.21,2110.54,17932062.7,90895215.0,443739629
1346.7,S,49,21585.56,2111.99,17932062.7,90896203.9,443740465
1347.7,S,58,21606.87,2113.48,17932062.7,90896211.9,443740479
1348.8,S,58,21629.79,2114.79,17932062.7,90896316.4,443740667
1349.8,S,57,21652.99,2116.29,17932062.7,90896341.3,443740762
1350.8,S,54,21674.44,2117.84,17932062.7,90896455.8,443740862
1351.8,S,54,21694.82,2119.54,17932062.7,90896487.3,443741331
1352.8,S,51,21704.21,2120.83,17932062.7,90897184.0,443742331
1353.8,S,47,21712.19,2122.40,17932062.7,90897322.8,443742460
1354.8,S,47,21720.11,2123.63,17932062.7,90897425.6,443742557
1355.8,S,47,21728.85,2124.94,17932062.7,90897425.9,443742569
1356.8,S,47,21737.58,2126.51,17932062.7,90897475.6,443742647
1357.8,S,55,21749.11,2128.37,17932062.7,90897617.5,443742943
1358.8,S,55,21765.23,2130.19,17932062.8,90897620.4,443742966
1359.8,S,55,21781.17,2132.05,17932062.8,90897620.6,443742990
1360.8,S,55,21797.15,2133.79,17932062.8,90897620.8,443742992
1361.8,S,50,21810.06,2135.31,17932062.8,90898151.4,443743563
1362.8,S,70,21832.72,2136.68,17932062.8,90898303.2,443743700
1363.8,S,68,21862.87,2137.60,17932062.8,90898318.1,443743735
1364.8,S,68,21893.27,2138.64,17932062.8,90898318.4,443743742
1365.8,S,68,21923.23,2139.72,17932062.8,90898318.7,443743744
1366.8,S,68,21953.67,2141.04,17932062.8,90898319.1,443743746
1367.8,S,68,21983.47,2142.26,17932062.8,90898524.8,443744055
1368.8,S,59,22000.42,2143.44,17932062.8,90899586.7,443744951
1369.8,S,61,22017.04,2144.87,17932062.8,90900076.4,443745380
1370.8,S,61,22042.88,2146.27,17932062.8,90900076.6,443745382
1371.8,S,60,22068.17,2147.53,17932062.8,90900096.1,443745409
1372.8,S,58,22092.47,2148.93,17932062.8,90900167.9,443745485
1373.8,S,58,22115.79,2150.39,17932062.8,90900169.7,443745496
1374.8,S,57,22131.01,2151.47,17932062.8,90900333.7,443746103
1375.9,S,48,22139.95,2153.13,17932062.8,90901160.7,443746920
1376.9,S,51,22150.44,2154.72,17932062.8,90901239.6,443746994
1377.9,S,51,22161.85,2156.49,17932062.8,90901240.4,443747006
1378.9,S,53,22169.44,2157.89,17932062.8,90901432.0,443747544
1379.9,S,53,22183.82,2159.59,17932062.8,90901432.4,443747544
1380.9,S,53,22198.09,2161.34,17932062.8,90901433.3,443747554
1381.9,S,53,22212.55,2162.97,17932062.8,90901433.6,443747565
1382.9,S,52,22226.08,2164.66,17932062.8,90901516.8,443747796
1383.9,S,52,22229.35,2165.20,17932062.8,90901974.0,443748641
1384.9,S,72,22255.41,2166.30,17932062.8,90901984.9,443748875
1385.9,S,72,22286.37,2166.98,17932062.8,90901994.3,443749100
1386.9,S,72,22292.63,2167.24,17932062.8,90902031.9,443750101
1387.9,S,72,22321.51,2168.66,17932062.8,90902069.7,443751102
1388.9,S,72,22326.12,2168.87,17932062.8,90902105.4,443752103
1390.2,S,66,22354.70,2170.40,17932062.8,90902211.4,443752428
1391.2,S,66,22382.96,2171.99,17932062.8,90902300.5,443752538
1392.2,S,63,22407.82,2173.79,17932062.8,90902971.3,443753150
1393.2,S,62,22419.65,2175.30,17932062.8,90903694.5,443753769
1394.2,S,61,22443.50,2176.46,17932062.8,90903792.9,443754062
1395.2,S,63,22471.19,2178.06,17932062.8,90903838.8,443754199
1396.2,S,63,22498.05,2179.69,17932062.8,90903839.0,443754200
1397.2,S,59,22524.29,2181.13,17932062.8,90904018.5,443754461
1398.2,S,57,22547.67,2182.59,17932062.8,90904172.0,443754597
1399.2,S,48,22557.53,2183.89,17932062.8,90904983.0,443755278
1400.2,S,64,22580.67,2185.34,17932062.8,90905156.5,443755464
1401.2,S,67,22608.09,2186.80,17932062.8,90905172.8,443755479
1402.2,S,67,22637.52,2188.37,17932062.8,90905173.1,443755494
1403.2,S,67,22666.91,2189.94,17932062.8,90905173.4,443755500
1404.2,S,63,22694.29,2191.42,17932062.8,90905417.6,443755825
1405.2,S,62,22718.38,2192.88,17932062.8,90906073.8,443756493
1406.2,S,56,22730.39,2194.24,17932062.8,90906577.4,443756936
1407.2,S,56,22751.70,2195.86,17932062.8,90906578.0,443757011
1408.2,S,56,22770.83,2197.12,17932062.8,90906681.3,443757311
1409.2,S,53,22788.75,2198.70,17932062.8,90906770.5,443758065
1410.2,S,53,22806.88,2200.58,17932062.8,90906770.7,443758075
1411.2,S,48,22821.69,2202.22,17932062.8,90907287.4,443758518
1412.2,S,47,22829.99,2203.82,17932062.8,90907511.8,443758719
1413.2,S,47,22838.76,2205.19,17932062.8,90907512.0,443758724
1414.2,S,47,22846.23,2206.54,17932062.8,90907615.0,443758875
1415.2,S,47,22855.06,2207.97,17932062.8,90907615.0,443758875
1416.2,S,47,22862.85,2209.19,17932062.8,90907731.5,443759097
1417.2,S,55,22876.08,2211.22,17932062.8,90907812.2,443759331
1418.2,S,55,22892.50,2213.02,17932062.8,90907812.6,443759337
1419.2,S,55,22908.73,2214.78,17932062.8,90907813.0,443759343
1420.2,S,55,22925.02,2216.52,17932062.8,90907813.2,443759349
1421.2,S,53,22936.26,2217.82,17932062.8,90908432.8,443759984
1422.2,S,69,22956.09,2219.39,17932062.8,90908503.1,443760055
1423.2,S,69,22987.93,2220.62,17932062.8,90908503.7,443760062
1424.2,S,69,23018.84,2221.39,17932062.8,90908504.0,443760074
1425.2,S,68,23050.01,2222.38,17932062.8,90908530.6,443760155
1426.2,S,67,23080.34,2223.42,17932062.8,90908611.0,443760427
1427.2,S,66,23105.60,2224.36,17932062.8,90908717.1,443760792
1428.2,S,58,23129.60,2225.73,17932062.8,90909509.5,443761466
1429.2,S,66,23143.17,2227.23,17932062.8,90910217.1,443762067
1430.2,S,63,23170.82,2228.83,17932062.8,90910335.9,443762207
1431.2,S,63,23198.59,2230.35,17932062.8,90910336.1,443762207
1432.2,S,63,23226.17,2231.82,17932062.8,90910337.9,443762215
1433.2,S,62,23253.47,2233.35,17932062.8,90910372.0,443762319
1434.2,S,61,23280.65,2234.73,17932062.8,90910429.2,443762374
1435.2,S,51,23293.01,2236.18,17932062.8,90911279.9,443763108
1436.2,S,47,23300.52,2237.83,17932062.8,90911646.4,443763426
1437.2,S,47,23308.18,2239.23,17932062.8,90911650.8,443763431
1438.2,S,51,23318.68,2240.70,17932062.8,90911750.5,443763526
1439.2,S,51,23330.20,2242.36,17932062.8,90911750.8,443763528
1440.2,S,53,23339.37,2243.77,17932062.8,90911942.6,443763999
1441.2,S,52,23353.05,2245.52,17932062.8,90911949.8,443764015
1442.2,S,52,23366.38,2247.29,17932062.8,90911950.9,443764019
1443.2,S,52,23379.70,2249.05,17932062.8,90911951.1,443764024
1444.2,S,52,23391.10,2250.48,17932062.8,90912115.6,443764403
1445.2,S,67,23403.80,2251.80,17932062.8,90912443.6,443764800
1446.2,S,64,23431.39,2253.39,17932062.8,90912466.2,443764891
1447.2,S,64,23454.63,2254.60,17932062.8,90912633.8,443765265
1448.2,S,60,23477.64,2256.35,17932062.8,90912657.8,443765331
1449.2,S,60,23501.28,2257.93,17932062.8,90912658.4,443765338
1450.2,S,60,23524.00,2259.29,17932062.8,90912823.1,443765497
1451.2,S,52,23538.33,2260.61,17932062.8,90913783.1,443766307
1452.2,S,65,23563.92,2262.38,17932062.8,90913793.7,443766343
1453.2,S,61,23590.19,2264.15,17932062.8,90913985.2,443766515
1454.2,S,60,23615.99,2265.51,17932062.8,90914014.4,443766595
1455.2,S,59,23640.69,2266.73,17932062.8,90914051.2,443766680
1456.2,S,58,23664.61,2268.09,17932062.8,90914101.5,443766825
1457.2,S,61,23677.71,2269.05,17932062.8,90915058.4,443767699
1458.3,S,68,23702.71,2270.67,17932062.8,90915139.9,443767780
1459.3,S,68,23733.23,2272.03,17932062.8,90915167.9,443767864
1460.3,S,64,23758.93,2273.33,17932062.8,90915356.2,443768269
1461.3,S,64,23786.36,2275.01,17932062.8,90915356.7,443768270
1462.3,S,63,23814.06,2276.63,17932062.8,90915409.3,443768328
1463.3,S,61,23839.13,2278.12,17932062.8,90915796.3,443768661
1464.3,S,48,23854.52,2279.88,17932062.8,90916551.2,443769305
1465.3,S,61,23877.54,2281.27,17932062.8,90916709.0,443769446
1466.3,S,60,23903.87,2282.61,17932062.8,90916724.6,443769468
1467.3,S,60,23929.62,2283.96,17932062.8,90916915.8,443769732
1468.3,S,57,23952.96,2285.72,17932062.8,90917018.3,443769825
1469.3,S,57,23975.37,2287.34,17932062.8,90917018.4,443769830
1470.3,S,54,23987.99,2288.46,17932062.8,90917562.6,443770661
1471.3,S,47,23994.28,2289.56,17932062.8,90917978.3,443771020
1472.3,S,47,24003.11,2290.95,17932062.8,90917978.9,443771020
1473.3,S,47,24011.88,2292.27,17932062.8,90917979.1,443771034
1474.3,S,55,24021.37,2294.03,17932062.8,90918169.6,443771532
1475.3,S,55,24037.54,2296.12,17932062.8,90918171.0,443771558
1476.3,S,55,24053.96,2298.02,17932062.8,90918172.7,443771568
1477.3,S,55,24068.05,2299.33,17932062.8,90918275.8,443771834
1478.3,S,54,24083.70,2301.22,17932062.8,90918512.6,443772228
1479.3,S,67,24094.52,2302.92,17932062.8,90918855.3,443772546
1480.3,S,67,24124.31,2304.23,17932062.8,90918860.7,443772566
1481.3,S,67,24154.10,2305.60,17932062.8,90918861.0,443772571
1482.3,S,67,24183.97,2307.10,17932062.8,90918863.0,443772577
1483.3,S,67,24213.61,2308.51,17932062.8,90918863.7,443772580
1484.3,S,66,24243.05,2309.93,17932062.8,90918977.2,443772687
1485.3,S,57,24263.87,2311.17,17932062.8,90919709.8,443773310
1486.3,S,60,24275.45,2312.58,17932062.8,90920542.9,443774020
1487.3,S,60,24299.80,2314.03,17932062.8,90920544.0,443774026
1488.3,S,59,24323.21,2315.45,17932062.8,90920559.6,443774111
1489.3,S,58,24346.16,2316.90,17932062.8,90920592.4,443774192
1490.3,S,58,24368.63,2318.32,17932062.8,90920592.7,443774200
1491.3,S,60,24388.92,2319.73,17932062.8,90921024.9,443774569
1492.3,S,51,24400.93,2321.20,17932062.8,90921598.8,443775059
1493.3,S,47,24411.43,2322.85,17932062.8,90921790.0,443775235
1494.3,S,53,24425.34,2324.79,17932062.8,90921790.2,443775237
1495.3,S,53,24439.64,2326.53,17932062.8,90921791.3,443775254
1496.3,S,53,24453.98,2328.18,17932062.8,90921791.4,443775259
1497.3,S,52,24468.02,2329.88,17932062.8,90921847.7,443775325
1498.3,S,51,24477.54,2331.26,17932062.8,90922339.7,443775782
1499.3,S,73,24509.62,2332.13,17932062.8,90922341.9,443775785
1500.3,S,72,24541.83,2332.88,17932062.8,90922375.4,443775879
1501.3,S,68,24570.12,2333.83,17932062.8,90922566.5,443776533
1502.3,S,68,24599.64,2335.32,17932062.8,90922567.0,443776537
1503.3,S,66,24628.27,2336.79,17932062.8,90922693.9,443776656
1504.3,S,64,24655.94,2338.41,17932062.8,90922969.9,443776904
1505.3,S,48,24668.94,2339.59,17932062.8,90924065.0,443777836
1506.3,S,68,24695.84,2341.06,17932062.8,90924138.6,443777934
1507.3,S,67,24725.16,2342.07,17932062.8,90924193.6,443778099
1508.3,S,69,24754.59,2342.82,17932062.8,90924292.7,443778380
1509.3,S,68,24784.79,2343.52,17932062.8,90924331.0,443778424
1510.3,S,68,24814.36,2344.20,17932062.8,90924331.2,443778431
1511.3,S,68,24837.43,2345.16,17932062.8,90924621.5,443779230
1512.3,S,58,24846.30,2346.22,17932062.8,90925704.6,443780232
1513.4,S,63,24866.13,2347.78,17932062.8,90925944.5,443780445
1514.4,S,62,24892.90,2349.07,17932062.8,90925959.1,443780458
1515.4,S,62,24919.01,2350.37,17932062.8,90925961.0,443780470
1516.4,S,66,24943.23,2351.45,17932062.8,90926064.0,443780767
1517.4,S,65,24971.58,2353.14,17932062.8,90926118.1,443780903
1518.4,S,64,24996.31,2354.94,17932062.8,90926630.2,443781405
1519.4,S,48,25009.21,2356.46,17932062.8,90927330.3,443782011
1520.4,S,52,25024.72,2358.29,17932062.8,90927404.2,443782079
1521.4,S,52,25041.12,2360.00,17932062.8,90927405.6,443782088
1522.4,S,52,25057.29,2361.89,17932062.8,90927405.8,443782092
1523.4,S,51,25069.47,2363.17,17932062.8,90927561.4,443782515
1524.4,S,47,25081.28,2364.64,17932062.8,90927948.2,443782876
1525.4,S,47,25090.79,2366.08,17932062.8,90928138.8,443783046
1526.4,S,47,25099.60,2367.76,17932062.8,90928140.2,443783056
1527.4,S,47,25108.49,2369.16,17932062.8,90928141.4,443783116
1528.4,S,47,25116.24,2370.41,17932062.8,90928237.9,443783364
1529.4,S,47,25125.04,2371.77,17932062.8,90928238.1,443783395
1530.4,S,47,25132.45,2372.93,17932062.8,90928245.1,443783568
1531.4,S,47,25140.62,2374.31,17932062.8,90928435.5,443784032
1532.4,S,55,25155.98,2376.23,17932062.8,90928439.5,443784068
1533.4,S,55,25172.40,2377.96,17932062.8,90928439.7,443784069
1534.4,S,55,25188.78,2379.74,17932062.8,90928440.0,443784070
1535.4,S,55,25204.96,2381.52,17932062.8,90928487.8,443784122
1536.4,S,47,25215.52,2382.86,17932062.8,90929124.8,443784660
1537.4,S,75,25248.86,2383.53,17932062.8,90929126.3,443784676
1538.4,S,74,25283.57,2384.00,17932062.8,90929145.8,443784754
1539.4,S,74,25318.34,2384.53,17932062.8,90929146.6,443784776
1540.4,S,74,25353.08,2385.09,17932062.8,90929146.8,443784780
1541.4,S,73,25387.68,2385.75,17932062.8,90929207.6,443784874
1542.4,S,71,25416.75,2386.40,17932062.8,90929368.6,443785389
1543.4,S,68,25441.56,2387.28,17932062.8,90930058.7,443786319
1544.4,S,62,25448.33,2388.41,17932062.8,90930519.1,443787318
1547.6,S,62,25449.84,2388.83,17932062.8,90930639.6,443790433
1548.6,S,62,25457.55,2390.24,17932062.8,90930676.6,443791434
1549.6,S,47,25462.47,2391.35,17932062.8,90931352.1,443792394
1550.6,S,66,25491.55,2393.12,17932062.8,90931361.1,443792411
1551.6,S,65,25520.82,2394.43,17932062.8,90931384.1,443792490
1552.6,S,63,25546.98,2395.91,17932062.8,90931425.3,443792650
1553.6,S,62,25574.54,2397.46,17932062.8,90931468.5,443792761
1554.6,S,62,25602.08,2398.84,17932062.8,90931490.6,443792793
1555.6,S,57,25624.02,2400.28,17932062.8,90932168.5,443793369
1556.6,S,47,25631.94,2401.84,17932062.8,90932825.3,443793928
1557.6,S,47,25639.67,2403.08,17932062.8,90932826.0,443793930
1558.6,S,47,25647.52,2404.46,17932062.8,90932826.1,443793936
1559.6,S,51,25656.00,2405.76,17932062.8,90932842.8,443793992
1560.6,S,51,25667.52,2407.42,17932062.8,90932843.9,443793999
1561.6,S,48,25678.40,2409.01,17932062.8,90933034.6,443794184
1562.6,S,52,25691.04,2410.56,17932062.8,90933035.5,443794188
1563.6,S,52,25704.47,2412.30,17932062.8,90933035.8,443794212
1564.6,S,52,25717.81,2414.04,17932062.8,90933036.0,443794218
1565.6,S,52,25731.29,2415.70,17932062.8,90933164.0,443794336
1566.6,S,51,25743.78,2417.44,17932062.8,90933528.3,443794651
1567.6,S,62,25768.80,2418.88,17932062.8,90933529.3,443794662
1568.6,S,62,25791.79,2420.10,17932062.8,90933613.2,443794900
1569.8,S,58,25812.65,2421.82,17932062.8,90933720.2,443795340
1570.8,S,57,25833.23,2423.47,17932062.8,90933859.5,443795494
1571.8,S,55,25852.55,2425.23,17932062.8,90933992.4,443795612
1572.8,S,70,25866.86,2426.58,17932062.8,90934685.2,443796219
1573.8,S,69,25897.86,2427.38,17932062.8,90934691.4,443796248
1574.8,S,66,25924.97,2428.23,17932062.8,90934871.3,443796786
1575.8,S,62,25951.94,2429.93,17932062.8,90934965.3,443797028
1576.8,S,62,25978.90,2431.57,17932062.8,90934967.4,443797038
1577.8,S,61,26005.79,2432.91,17932062.8,90935010.9,443797123
1578.8,S,58,26026.14,2434.30,17932062.8,90935678.0,443797708
1579.8,S,65,26036.86,2435.64,17932062.8,90936190.6,443798148
1580.8,S,69,26065.96,2437.10,17932062.8,90936294.4,443798238
1581.8,S,69,26096.15,2438.47,17932062.8,90936322.7,443798325
1582.8,S,69,26126.37,2439.62,17932062.8,90936324.3,443798331
1583.8,S,65,26154.72,2441.02,17932062.8,90936515.1,443798585
1584.8,S,62,26182.08,2442.54,17932062.8,90936656.9,443798912
1585.8,S,58,26203.37,2444.10,17932062.8,90937417.6,443799552
1586.8,S,55,26217.06,2445.50,17932062.8,90937816.5,443799895
1587.8,S,55,26236.00,2447.06,17932062.8,90937933.5,443800000
1588.8,S,55,26255.01,2448.77,17932062.8,90937934.8,443800003
1589.8,S,55,26274.23,2450.53,17932062.8,90937935.1,443800014
1590.8,S,53,26291.16,2452.61,17932062.8,90938226.8,443800272
1591.8,S,51,26300.61,2453.97,17932062.8,90938538.4,443801129
1592.8,S,47,26307.80,2455.25,17932062.8,90938715.3,443801416
1593.8,S,47,26316.53,2456.41,17932062.8,90938715.8,443801470
1594.8,S,47,26324.46,2457.58,17932062.8,90938819.3,443801569
1595.8,S,47,26333.25,2459.11,17932062.8,90938827.7,443801597
1596.8,S,56,26343.58,2461.06,17932062.8,90939010.0,443802117
1597.8,S,55,26359.71,2462.87,17932062.8,90939015.5,443802135
1598.8,S,55,26375.96,2464.73,17932062.8,90939016.0,443802146
1599.8,S,55,26392.34,2466.51,17932062.8,90939016.3,443802171
1600.8,S,55,26404.87,2467.99,17932062.8,90939166.4,443802533
1601.8,S,69,26419.08,2469.62,17932062.8,90939706.1,443802995
1602.8,S,69,26450.43,2470.49,17932062.8,90939707.9,443803047
1603.8,S,69,26480.50,2471.11,17932062.8,90939729.8,443803099
1604.8,S,69,26510.87,2471.73,17932062.8,90939730.2,443803101
1605.8,S,69,26541.53,2472.49,17932062.8,90939764.8,443803214
1606.8,S,65,26570.79,2473.48,17932062.8,90939928.9,443803634
1607.8,S,59,26594.91,2474.99,17932062.8,90940624.9,443804223
1608.8,S,47,26605.56,2476.17,17932062.8,90941452.1,443804949
1609.8,S,64,26632.84,2478.23,17932062.8,90941453.0,443804950
1610.8,S,64,26661.15,2479.85,17932062.8,90941471.8,443805003
1611.8,S,63,26688.77,2481.36,17932062.8,90941587.8,443805138
1612.8,S,61,26715.71,2482.81,17932062.8,90941696.2,443805484
1613.8,S,59,26741.28,2484.11,17932062.8,90941742.1,443805617
1614.8,S,57,26756.92,2485.45,17932062.8,90942332.5,443806321
1615.8,S,47,26764.95,2486.90,17932062.8,90942827.6,443806743
1616.8,S,47,26772.91,2488.23,17932062.8,90942828.8,443806754
1617.8,S,47,26779.59,2489.34,17932062.8,90942888.5,443806954
1618.8,S,51,26789.54,2490.67,17932062.8,90942932.2,443807098
1619.8,S,51,26801.17,2492.30,17932062.8,90942932.6,443807104
1620.8,S,53,26812.65,2493.94,17932062.8,90943123.7,443807268
1621.8,S,52,26826.19,2495.59,17932062.8,90943134.0,443807285
1622.8,S,52,26839.55,2497.26,17932062.8,90943135.2,443807293
1623.8,S,52,26852.81,2499.10,17932062.8,90943135.3,443807299
1624.8,S,49,26864.46,2500.63,17932062.8,90943513.3,443807680
1625.8,S,68,26888.63,2502.19,17932062.8,90943628.9,443807783
1626.9,S,68,26917.81,2503.84,17932062.8,90943629.0,443807784
1627.9,S,67,26943.72,2505.24,17932062.8,90943772.2,443808230
1628.9,S,64,26970.89,2506.91,17932062.8,90943821.4,443808365
1629.9,S,62,26996.69,2508.32,17932062.8,90943954.6,443808509
1630.9,S,59,27019.85,2509.71,17932062.8,90944314.0,443808825
1631.9,S,51,27029.04,2510.82,17932062.8,90945162.6,443809546
1632.9,S,67,27053.57,2512.61,17932062.8,90945168.2,443809637
1633.9,S,66,27082.28,2514.22,17932062.8,90945180.1,443809703
1634.9,S,62,27104.76,2515.72,17932062.8,90945372.1,443810250
1635.9,S,60,27131.28,2517.05,17932062.8,90945437.9,443810317
1636.9,S,60,27156.34,2518.30,17932062.8,90945442.5,443810351
1637.9,S,59,27177.17,2519.59,17932062.8,90945663.2,443810933
1638.9,S,54,27182.15,2520.32,17932062.8,90946488.2,443811933
1639.9,S,66,27204.07,2522.07,17932062.8,90946591.7,443812029
1640.9,S,66,27232.87,2523.80,17932062.8,90946592.8,443812037
1641.9,S,66,27258.31,2525.20,17932062.8,90946736.4,443812416
1642.9,S,62,27284.96,2526.44,17932062.8,90946784.6,443812667
1643.9,S,61,27311.66,2527.81,17932062.8,90946836.4,443812737
1644.9,S,60,27336.82,2529.09,17932062.8,90947166.7,443813015
1645.9,S,47,27346.46,2530.03,17932062.8,90948020.7,443813745
1646.9,S,61,27372.58,2531.37,17932062.8,90948021.2,443813758
1647.9,S,61,27399.15,2532.75,17932062.8,90948021.8,443813762
1648.9,S,61,27425.98,2534.30,17932062.8,90948021.9,443813764
1649.9,S,59,27448.99,2535.96,17932062.8,90948285.4,443814195
1650.9,S,58,27472.77,2537.44,17932062.8,90948328.1,443814243
1651.9,S,52,27486.06,2538.68,17932062.8,90949116.4,443814911
1652.9,S,47,27494.03,2540.06,17932062.8,90949344.1,443815111
1653.9,S,47,27502.73,2541.44,17932062.8,90949344.5,443815117
1654.9,S,47,27511.46,2542.87,17932062.8,90949344.8,443815127
1655.9,S,47,27520.27,2544.28,17932062.8,90949347.1,443815224
1656.9,S,56,27533.59,2546.26,17932062.8,90949536.0,443815456
1657.9,S,55,27549.91,2548.09,17932062.8,90949549.6,443815476
1658.9,S,55,27563.59,2549.32,17932062.8,90949652.7,443815814
1659.9,S,55,27579.74,2551.11,17932062.8,90949653.1,443815816
1660.9,S,52,27593.48,2552.83,17932062.8,90950043.2,443816154
1661.9,S,72,27614.94,2554.09,17932062.8,90950236.7,443816326
1662.9,S,71,27647.45,2554.84,17932062.8,90950248.3,443816345
1663.9,S,71,27679.30,2555.48,17932062.8,90950248.9,443816355
1664.9,S,70,27710.58,2556.10,17932062.8,90950300.9,443816532
1665.9,S,68,27740.63,2556.81,17932062.8,90950362.6,443816787
1666.9,S,67,27770.33,2557.83,17932062.8,90950476.0,443817090
1667.9,S,61,27792.47,2559.38,17932062.8,90951347.6,443817824
1668.9,S,69,27802.96,2560.63,17932062.8,90952084.7,443818462
1669.9,S,67,27832.87,2561.81,17932062.8,90952197.6,443818597
1670.9,S,67,27862.66,2562.97,17932062.8,90952215.4,443818619
1671.9,S,67,27892.41,2564.40,17932062.8,90952215.6,443818632
1672.9,S,67,27922.01,2565.81,17932062.8,90952217.6,443818638
1673.9,S,65,27950.62,2567.45,17932062.8,90952299.5,443818729
1674.9,S,55,27970.39,2568.93,17932062.8,90953035.3,443819360
1675.9,S,47,27979.37,2570.55,17932062.8,90953708.6,443819937
1676.9,S,47,27987.25,2572.00,17932062.8,90953709.3,443819956
1677.9,S,51,27995.44,2573.25,17932062.8,90953812.9,443820122
1678.9,S,51,28007.09,2574.77,17932062.8,90953812.9,443820122
1679.9,S,53,28017.38,2576.30,17932062.8,90954031.6,443820317
1680.9,S,52,28031.25,2578.03,17932062.8,90954041.6,443820356
1681.9,S,52,28044.68,2579.78,17932062.8,90954041.9,443820365
1682.9,S,52,28058.13,2581.45,17932062.8,90954043.1,443820375
1683.9,S,52,28071.59,2583.10,17932062.8,90954201.9,443820539
1684.9,S,66,28086.78,2584.95,17932062.8,90954534.6,443820837
1685.9,S,66,28114.75,2586.66,17932062.8,90954535.5,443820839
1686.9,S,62,28139.11,2588.13,17932062.8,90954726.5,443821347
1687.9,S,62,28164.31,2589.64,17932062.8,90954727.3,443821350
1688.9,S,61,28188.96,2591.02,17932062.8,90954771.8,443821442
1689.9,S,60,28212.57,2592.46,17932062.8,90954847.6,443821719
1690.9,S,57,28218.66,2592.76,17932062.8,90955397.1,443822720
1692.0,S,67,28233.05,2594.40,17932062.8,90955952.1,443823195
1693.0,S,66,28262.36,2595.96,17932062.8,90955957.8,443823234
1694.0,S,62,28290.07,2597.94,17932062.8,90956155.8,443823468
1695.0,S,62,28317.33,2599.31,17932062.8,90956176.0,443823495
1696.0,S,61,28343.94,2600.59,17932062.8,90956209.6,443823630
1697.0,S,60,28369.40,2602.05,17932062.8,90956318.3,443823927
1698.0,S,60,28379.91,2602.70,17932062.8,90957169.3,443824816
1699.0,S,69,28400.76,2604.14,17932062.8,90957425.2,443825035
1700.0,S,68,28430.76,2605.13,17932062.8,90957438.0,443825080
1701.0,S,64,28456.90,2606.51,17932062.8,90957629.2,443825614
1702.0,S,64,28484.73,2608.10,17932062.8,90957629.4,443825616
1703.0,S,64,28512.50,2609.69,17932062.8,90957629.7,443825628
1704.0,S,64,28537.15,2611.08,17932062.8,90957749.8,443826007
1705.0,S,56,28553.34,2612.27,17932062.8,90958486.4,443826972
1706.0,S,60,28568.33,2613.67,17932062.8,90958953.3,443827373
1707.0,S,59,28592.36,2614.93,17932062.8,90959029.3,443827453
1708.0,S,59,28616.80,2616.31,17932062.8,90959029.7,443827464
1709.0,S,59,28640.46,2617.83,17932062.8,90959237.9,443828058
1710.0,S,57,28662.08,2619.73,17932062.8,90959300.4,443828241
1711.0,S,57,28682.28,2621.28,17932062.8,90959318.2,443828644
1712.0,S,57,28684.44,2621.49,17932062.8,90959350.6,443829645
1713.0,S,57,28685.42,2621.50,17932062.8,90959387.2,443830645
1714.0,S,57,28685.45,2621.51,17932062.8,90959421.5,443831647
1716.0,S,47,28689.38,2622.39,17932062.8,90960197.9,443833255
1717.0,S,55,28701.11,2624.43,17932062.8,90960388.3,443833426
1718.0,S,55,28717.39,2626.20,17932062.8,90960389.8,443833438
1719.0,S,55,28733.54,2628.01,17932062.8,90960389.8,443833438
1720.0,S,55,28749.84,2629.80,17932062.8,90960396.1,443833480
1721.0,S,51,28763.57,2631.51,17932062.8,90960818.7,443833926
1722.0,S,68,28781.48,2633.03,17932062.8,90960973.3,443834073
1723.0,S,67,28811.44,2634.23,17932062.8,90961087.5,443834172
1724.0,S,66,28841.18,2635.28,17932062.8,90961112.2,443834254
1725.0,S,66,28870.89,2636.54,17932062.8,90961112.2,443834254
1726.0,S,66,28900.32,2637.85,17932062.8,90961114.5,443834282
1727.0,S,66,28930.02,2639.32,17932062.8,90961171.6,443834349
1728.0,S,58,28949.82,2640.72,17932062.8,90962151.1,443835183
1729.0,S,67,28965.32,2642.30,17932062.8,90962717.3,443835667
1730.0,S,66,28994.72,2643.67,17932062.8,90962826.5,443835966
1731.0,S,65,29023.52,2645.26,17932062.8,90962858.8,443836161
1732.0,S,64,29051.70,2646.99,17932062.8,90962896.4,443836201
1733.0,S,63,29079.59,2648.64,17932062.8,90962935.1,443836246
1734.0,S,62,29106.19,2649.95,17932062.8,90962986.6,443836298
1735.0,S,54,29121.11,2651.56,17932062.8,90963918.6,443837097
1736.0,S,47,29128.60,2653.13,17932062.8,90964201.4,443837350
1737.0,S,47,29136.28,2654.53,17932062.8,90964201.8,443837356
1738.0,S,51,29143.44,2655.77,17932062.8,90964304.4,443837475
1739.0,S,51,29154.83,2657.44,17932062.8,90964304.7,443837486
1740.0,S,51,29165.97,2658.99,17932062.8,90964424.3,443837598
1741.1,S,53,29178.62,2660.68,17932062.8,90964496.2,443837665
1742.1,S,53,29192.88,2662.43,17932062.8,90964496.5,443837667
1743.1,S,53,29207.28,2664.13,17932062.8,90964497.7,443837720
1744.1,S,52,29221.54,2665.88,17932062.8,90964552.5,443837775
1745.1,S,51,29230.43,2667.12,17932062.8,90965043.9,443838191
1746.1,S,75,29262.41,2668.05,17932062.8,90965057.7,443838241
1747.1,S,75,29295.90,2668.73,17932062.8,90965058.0,443838246
1748.1,S,73,29328.31,2669.42,17932062.8,90965158.5,443838475
1749.1,S,69,29357.89,2670.49,17932062.8,90965303.8,443838659
1750.1,S,69,29388.06,2671.72,17932062.8,90965304.0,443838685
1751.1,S,68,29417.13,2672.71,17932062.8,90965552.6,443838963
1752.1,S,60,29431.52,2673.98,17932062.8,90966677.7,443839918
1753.1,S,65,29449.14,2675.61,17932062.8,90966980.7,443840185
1754.1,S,64,29476.99,2677.24,17932062.8,90966993.6,443840199
1755.1,S,64,29504.47,2678.88,17932062.8,90966994.0,443840206
1756.1,S,68,29530.87,2679.97,17932062.8,90967097.0,443840466
1757.1,S,67,29560.89,2681.32,17932062.8,90967133.9,443840500
1758.1,S,64,29586.93,2682.83,17932062.8,90967519.1,443840831
1759.1,S,49,29601.04,2684.23,17932062.8,90968476.1,443841646
1760.1,S,62,29619.92,2685.80,17932062.8,90968606.9,443841772
1761.1,S,61,29645.40,2687.01,17932062.8,90968682.7,443841897
1762.1,S,61,29670.34,2688.21,17932062.8,90968716.9,443841931
1763.1,S,65,29696.40,2689.47,17932062.8,90968724.3,443842009
1764.1,S,65,29724.18,2691.02,17932062.8,90968724.4,443842014
1765.1,S,64,29747.66,2692.62,17932062.8,90969292.2,443842597
1766.1,S,60,29762.19,2694.10,17932062.8,90970005.6,443843202
1767.1,S,59,29786.94,2695.64,17932062.8,90970011.0,443843209
1768.1,S,59,29811.39,2697.01,17932062.8,90970011.3,443843212
1769.1,S,59,29834.32,2698.19,17932062.8,90970068.9,443843376
1770.1,S,57,29855.64,2699.55,17932062.8,90970197.8,443843688
1771.1,S,54,29877.13,2701.06,17932062.8,90970439.7,443843900
1772.1,S,47,29885.68,2702.40,17932062.8,90970990.2,443844380
1773.1,S,47,29894.79,2704.02,17932062.8,90971181.2,443844541
1774.1,S,47,29903.62,2705.35,17932062.8,90971181.9,443844545
1775.1,S,47,29912.24,2706.65,17932062.8,90971183.3,443844553
1776.1,S,47,29920.11,2707.96,17932062.8,90971286.1,443844654
1777.1,S,47,29928.92,2709.38,17932062.8,90971286.4,443844685
1778.1,S,47,29937.66,2710.68,17932062.8,90971286.6,443844704
1779.1,S,55,29948.19,2712.25,17932062.8,90971478.0,443845227
1780.1,S,55,29964.46,2714.13,17932062.8,90971478.4,443845233
1781.1,S,55,29980.94,2715.94,17932062.8,90971480.0,443845242
1782.1,S,55,29997.13,2717.70,17932062.8,90971480.4,443845268
1783.1,S,54,30010.66,2719.34,17932062.8,90972000.6,443845792
1784.1,S,79,30034.91,2720.33,17932062.8,90972165.6,443845939
1785.1,S,79,30070.44,2720.73,17932062.8,90972174.2,443845996
1786.1,S,78,30105.80,2721.15,17932062.8,90972191.7,443846030
1787.1,S,76,30140.46,2721.56,17932062.8,90972242.3,443846092
1788.1,S,76,30175.42,2721.98,17932062.8,90972244.3,443846103
1789.1,S,76,30210.58,2722.44,17932062.8,90972244.3,443846103
1790.1,S,74,30241.33,2723.05,17932062.8,90972432.6,443846547
1791.1,S,69,30260.53,2724.15,17932062.8,90973585.9,443847525
1792.1,S,47,30267.18,2725.32,17932062.8,90974468.2,443848267
1793.1,S,70,30294.28,2726.80,17932062.8,90974481.2,443848291
1794.1,S,70,30325.49,2727.45,17932062.8,90974499.1,443848331
1795.1,S,66,30355.11,2728.30,17932062.8,90974567.6,443848394
1796.1,S,66,30385.03,2729.72,17932062.8,90974567.7,443848396
1797.1,S,65,30414.30,2731.25,17932062.8,90974715.0,443848762
1798.1,S,62,30439.33,2732.68,17932062.8,90975086.6,443849481
1799.1,S,51,30450.65,2733.99,17932062.8,90975990.6,443850242
1800.1,S,47,30457.70,2735.45,17932062.8,90976153.7,443850388
1801.1,S,47,30465.19,2736.79,17932062.8,90976154.2,443850391
1802.1,S,47,30472.50,2738.20,17932062.8,90976154.5,443850396
1803.1,S,47,30480.19,2739.61,17932062.8,90976247.3,443850594
1804.1,S,47,30487.69,2741.00,17932062.8,90976247.3,443850606
1805.1,S,47,30495.40,2742.39,17932062.8,90976247.5,443850627
1806.1,S,51,30505.85,2743.90,17932062.8,90976257.7,443850671
1807.1,S,51,30517.28,2745.43,17932062.8,90976258.5,443850675
1808.1,S,52,30528.06,2746.87,17932062.8,90976538.4,443850916
1809.1,S,52,30541.38,2748.58,17932062.8,90976538.8,443850920
1810.1,S,52,30554.68,2750.28,17932062.8,90976538.9,443850927
1811.1,S,52,30568.10,2751.98,17932062.8,90976539.2,443850930
1812.1,S,52,30578.92,2753.46,17932062.8,90976716.3,443851440
1813.1,S,51,30581.89,2753.97,17932062.8,90977027.3,443852341
1814.1,S,69,30610.18,2755.48,17932062.8,90977053.5,443852495
1815.1,S,69,30639.51,2756.91,17932062.8,90977060.9,443853134
1816.1,S,69,30653.12,2757.66,17932062.8,90977068.4,443854135
1818.0,S,69,30680.39,2759.10,17932062.8,90977135.7,443856034
1819.0,S,68,30692.14,2759.67,17932062.8,90977177.7,443857035
1820.0,S,68,30718.21,2760.86,17932062.8,90977217.1,443858036
1821.1,S,56,30738.32,2762.53,17932062.8,90978032.2,443858849
1822.1,S,61,30750.45,2764.08,17932062.8,90978521.8,443859275
1823.1,S,63,30776.65,2765.56,17932062.8,90978564.7,443859358
1824.1,S,63,30802.94,2766.95,17932062.8,90978564.7,443859370
1825.1,S,61,30828.02,2768.37,17932062.8,90978660.6,443859673
1826.1,S,58,30849.29,2769.84,17932062.8,90978798.6,443860082
1827.1,S,58,30871.51,2771.40,17932062.8,90978919.8,443860201
1828.1,S,70,30881.26,2772.73,17932062.8,90979777.8,443860937
1829.1,S,68,30912.10,2773.97,17932062.8,90979801.4,443860993
1830.1,S,68,30941.65,2775.46,17932062.8,90979801.6,443860995
1831.1,S,67,30971.18,2776.86,17932062.8,90979851.3,443861132
1832.1,S,64,30996.60,2778.29,17932062.8,90979994.9,443861457
1833.1,S,64,31024.24,2779.96,17932062.8,90980086.6,443861644
1834.1,S,61,31048.48,2781.40,17932062.8,90980753.7,443862209
1835.1,S,60,31065.79,2782.95,17932062.8,90981270.8,443862673
1836.1,S,59,31090.95,2784.22,17932062.8,90981383.5,443862786
1837.1,S,59,31116.17,2785.54,17932062.8,90981384.0,443862824
1838.1,S,59,31141.37,2786.82,17932062.8,90981384.2,443862842
1839.1,S,56,31164.50,2788.20,17932062.8,90981512.0,443863020
1840.1,S,56,31185.66,2789.78,17932062.8,90981850.5,443863326
1841.1,S,47,31191.88,2791.25,17932062.8,90982488.8,443863874
1842.1,S,47,31199.88,2792.60,17932062.8,90982592.9,443863968
1843.1,S,47,31208.63,2793.92,17932062.8,90982593.4,443863971
1844.1,S,47,31217.18,2795.50,17932062.8,90982593.7,443863975
1845.1,S,47,31225.33,2796.98,17932062.8,90982784.1,443864505
1846.1,S,55,31241.27,2799.06,17932062.8,90982785.4,443864511
1847.1,S,55,31257.36,2800.92,17932062.8,90982786.7,443864520
1848.1,S,55,31272.60,2802.54,17932062.8,90982835.9,443864643
1849.1,S,55,31286.96,2803.99,17932062.8,90982972.2,443865076
1850.1,S,48,31296.99,2805.41,17932062.8,90983461.2,443865666
1851.1,S,71,31323.59,2806.69,17932062.8,90983469.0,443865679
1852.1,S,71,31356.08,2807.39,17932062.8,90983470.4,443865687
1853.1,S,70,31387.74,2808.06,17932062.8,90983494.5,443865757
1854.1,S,69,31418.56,2808.82,17932062.8,90983530.0,443865889
1855.1,S,68,31448.84,2809.59,17932062.8,90983615.8,443866022
1856.1,S,64,31478.47,2810.61,17932062.8,90983887.2,443866258
1857.2,S,61,31496.29,2811.96,17932062.8,90985022.4,443867212
1858.2,S,67,31517.38,2813.63,17932062.8,90985380.2,443867523
1859.2,S,66,31547.51,2814.95,17932062.8,90985394.3,443867616
1860.2,S,66,31577.33,2816.36,17932062.8,90985394.4,443867620
1861.2,S,65,31606.54,2817.65,17932062.8,90985428.2,443867650
1862.2,S,63,31634.84,2819.25,17932062.8,90985510.6,443867748
1863.2,S,58,31659.40,2820.73,17932062.8,90985919.6,443868144
1864.2,S,47,31670.24,2822.01,17932062.8,90986815.9,443868920
1865.2,S,47,31677.92,2823.72,17932062.8,90986816.8,443868925
1866.2,S,51,31683.12,2824.65,17932062.8,90986919.8,443869268
1867.2,S,51,31694.51,2826.35,17932062.8,90986920.6,443869274
1868.2,S,51,31705.90,2827.95,17932062.8,90986971.0,443869325
1869.2,S,53,31718.31,2829.59,17932062.8,90987112.9,443869454
1870.2,S,52,31731.79,2831.36,17932062.8,90987122.3,443869561
1871.2,S,52,31744.96,2833.18,17932062.8,90987122.5,443869566
1872.2,S,52,31758.25,2834.80,17932062.8,90987122.9,443869579
1873.2,S,53,31770.44,2836.43,17932062.8,90987485.0,443869894
1874.2,S,66,31788.80,2838.06,17932062.8,90987616.2,443870016
1875.2,S,65,31816.11,2839.66,17932062.8,90987772.5,443870150
1876.2,S,60,31840.24,2841.00,17932062.8,90987841.2,443870220
1877.2,S,60,31863.63,2842.32,17932062.8,90987841.5,443870230
1878.2,S,60,31887.38,2843.88,17932062.8,90987841.7,443870236
1879.2,S,63,31910.77,2845.32,17932062.8,90988267.5,443870727
1880.2,S,69,31924.00,2846.57,17932062.8,90988970.4,443871326
1881.2,S,65,31953.25,2847.85,17932062.8,90989164.0,443871518
1882.2,S,64,31981.07,2849.76,17932062.8,90989178.8,443871547
1883.2,S,64,32008.67,2851.32,17932062.8,90989179.0,443871551
1884.2,S,62,32035.97,2852.67,17932062.8,90989253.7,443871625
1885.2,S,61,32062.37,2854.08,17932062.8,90989296.4,443871671
1886.2,S,60,32071.88,2854.52,17932062.8,90989551.8,443872462
1887.2,S,52,32077.29,2855.17,17932062.8,90990513.4,443873384
1888.2,S,68,32104.35,2856.83,17932062.8,90990516.4,443873399
1889.2,S,66,32133.87,2858.23,17932062.8,90990545.1,443873433
1890.2,S,62,32160.81,2859.70,17932062.8,90990735.9,443873616
1891.2,S,61,32187.34,2861.16,17932062.8,90990773.5,443873738
1892.2,S,61,32213.62,2862.49,17932062.8,90990775.1,443873744
1893.2,S,61,32233.36,2863.88,17932062.8,90991052.8,443874386
1894.2,S,47,32243.57,2864.71,17932062.8,90991969.8,443875179
1895.2,S,54,32261.47,2866.46,17932062.8,90991970.2,443875183
1896.2,S,54,32279.66,2868.24,17932062.8,90991970.4,443875185
1897.2,S,53,32293.91,2870.16,17932062.8,90992186.0,443875763
1898.2,S,52,32309.55,2871.95,17932062.8,90992231.8,443875811
1899.2,S,48,32322.43,2873.66,17932062.8,90992576.2,443876107
1900.2,S,47,32330.85,2875.01,17932062.8,90992651.9,443876191
1901.2,S,47,32338.76,2876.50,17932062.8,90992755.0,443876294
1902.2,S,47,32347.11,2877.94,17932062.8,90992828.1,443876495
1903.2,S,56,32358.77,2879.66,17932062.8,90992947.2,443876843
1904.2,S,55,32375.29,2881.52,17932062.8,90992959.9,443876876
1905.2,S,55,32391.73,2883.46,17932062.8,90992960.1,443876886
1906.2,S,55,32407.82,2885.37,17932062.8,90992960.3,443876892
1907.2,S,55,32417.14,2886.33,17932062.8,90993168.4,443877499
1908.2,S,53,32424.59,2887.40,17932062.8,90993646.3,443878087
1909.2,S,70,32457.08,2888.20,17932062.8,90993659.5,443878133
1910.2,S,70,32489.30,2888.90,17932062.8,90993659.9,443878142
1911.2,S,70,32521.62,2889.57,17932062.8,90993660.1,443878148
1912.2,S,70,32553.61,2890.26,17932062.8,90993677.7,443878208
1913.2,S,69,32584.83,2890.94,17932062.8,90993744.7,443878445
1914.2,S,63,32611.32,2891.83,17932062.8,90994403.2,443879017
1915.2,S,60,32626.64,2893.19,17932062.8,90995419.1,443879877
1916.3,S,69,32653.01,2894.36,17932062.8,90995512.9,443880019
1917.3,S,68,32683.19,2895.07,17932062.8,90995527.7,443880042
1918.3,S,67,32712.47,2895.79,17932062.8,90995649.2,443880368
1919.3,S,66,32741.80,2897.01,17932062.8,90995701.5,443880520
1920.3,S,64,32770.65,2898.58,17932062.8,90995765.5,443880701
1921.3,S,61,32798.04,2900.15,17932062.8,90996087.5,443880977
1922.3,S,47,32807.96,2901.57,17932062.8,90997152.0,443881890
1923.3,S,47,32815.70,2903.18,17932062.8,90997152.7,443881893
1924.3,S,47,32823.53,2904.48,17932062.8,90997153.7,443881896
1925.3,S,47,32831.26,2905.82,17932062.8,90997153.9,443881900
1926.3,S,51,32838.20,2907.18,17932062.8,90997257.0,443882024
1927.3,S,51,32849.70,2908.78,17932062.8,90997257.2,443882033
1928.3,S,51,32860.85,2910.33,17932062.8,90997338.9,443882111
1929.3,S,52,32873.33,2912.12,17932062.8,90997451.5,443882228
1930.3,S,52,32886.73,2913.75,17932062.8,90997452.5,443882232
1931.3,S,52,32900.03,2915.44,17932062.8,90997452.7,443882236
1932.3,S,52,32913.54,2917.15,17932062.8,90997453.3,443882240
1933.3,S,72,32925.34,2918.78,17932062.8,90997944.7,443882660
1934.3,S,72,32956.60,2919.65,17932062.8,90997952.4,443882677
1935.3,S,71,32987.26,2920.64,17932062.8,90997965.8,443882697
1936.3,S,69,33015.27,2921.68,17932062.8,90998134.0,443883024
1937.3,S,66,33043.24,2923.44,17932062.8,90998190.2,443883182
1938.3,S,65,33070.65,2924.89,17932062.8,90998246.0,443883394
1939.3,S,64,33093.49,2926.15,17932062.8,90999015.2,443884079
1940.3,S,65,33105.96,2927.82,17932062.8,90999695.8,443884660
1941.3,S,67,33132.78,2929.12,17932062.8,90999711.2,443884683
1942.3,S,67,33161.73,2930.60,17932062.8,90999711.8,443884690
1943.3,S,66,33190.06,2932.23,17932062.8,90999742.1,443884728
1944.3,S,65,33218.28,2933.96,17932062.8,90999790.2,443884786
1945.3,S,61,33244.11,2935.45,17932062.8,91000033.8,443885001
1946.3,S,50,33258.03,2936.82,17932062.8,91000941.4,443885771
1947.3,S,56,33276.58,2938.38,17932062.8,91001086.0,443885910
1948.3,S,56,33295.49,2939.82,17932062.8,91001159.2,443886075
1949.3,S,60,33318.80,2941.30,17932062.8,91001189.6,443886159
1950.3,S,59,33342.76,2942.87,17932062.8,91001232.2,443886206
1951.3,S,54,33362.12,2944.46,17932062.8,91001770.7,443886662
1952.3,S,54,33376.93,2946.33,17932062.8,91002111.6,443886960
1953.3,S,54,33395.09,2948.17,17932062.8,91002112.1,443886962
1954.3,S,53,33410.02,2949.57,17932062.8,91002234.0,443887347
1955.3,S,52,33427.03,2951.36,17932062.8,91002274.9,443887390
1956.3,S,52,33442.91,2953.28,17932062.8,91002297.3,443887513
1957.3,S,47,33449.95,2954.43,17932062.8,91002751.2,443888509
1958.3,S,47,33458.20,2955.80,17932062.8,91002886.3,443888624
1959.3,S,47,33466.94,2957.28,17932062.8,91002887.2,443888633
1960.3,S,47,33475.70,2958.72,17932062.8,91002887.4,443888643
1961.3,S,47,33482.29,2959.64,17932062.8,91002991.2,443888929
1962.3,S,47,33490.79,2961.05,17932062.8,91003062.5,443889171
1963.3,S,56,33503.98,2962.90,17932062.8,91003182.1,443889444
1964.3,S,56,33521.14,2964.77,17932062.8,91003183.9,443889475
1965.3,S,56,33538.42,2966.54,17932062.8,91003184.5,443889480
1966.3,S,56,33555.55,2968.29,17932062.8,91003186.0,443889487
1967.3,S,52,33570.54,2970.10,17932062.8,91003615.9,443889937
1968.4,S,77,33589.67,2971.19,17932062.8,91003926.8,443890220
1969.4,S,77,33624.43,2971.59,17932062.8,91003934.3,443890238
1970.4,S,77,33660.02,2971.99,17932062.8,91003934.9,443890250
1971.4,S,77,33695.60,2972.40,17932062.8,91003965.7,443890336
1972.4,S,76,33731.11,2972.84,17932062.8,91004006.7,443890496
1973.4,S,75,33766.07,2973.31,17932062.8,91004022.7,443890538
1974.4,S,73,33800.06,2973.91,17932062.8,91004208.7,443890791
1975.4,S,69,33820.05,2975.05,17932062.8,91005393.3,443891792
1976.4,S,77,33827.92,2976.39,17932062.8,91006225.3,443892502
1977.4,S,77,33862.67,2977.14,17932062.8,91006226.6,443892511
1978.4,S,76,33898.21,2977.57,17932062.8,91006239.7,443892543
1979.4,S,76,33933.47,2978.01,17932062.8,91006239.9,443892549
1980.4,S,73,33968.47,2978.45,17932062.8,91006430.2,443892883
1981.4,S,72,34002.16,2978.98,17932062.8,91006470.2,443892929
1982.4,S,72,34036.51,2979.55,17932062.8,91006470.2,443892929
1983.4,S,70,34060.13,2980.30,17932062.8,91006768.6,443893788
1984.7,S,67,34064.50,2981.41,17932062.8,91008009.6,443895077
1985.7,S,47,34071.33,2983.22,17932062.8,91008449.0,443895470
1986.7,S,47,34079.30,2984.64,17932062.8,91008518.9,443895534
1987.7,S,47,34086.47,2986.08,17932062.8,91008534.9,443895588
1988.8,S,47,34094.13,2987.49,17932062.8,91008535.1,443895603
1989.8,S,47,34101.81,2989.01,17932062.8,91008536.5,443895643
1990.8,S,47,34109.81,2990.39,17932062.8,91008536.5,443895643
1991.8,S,47,34117.55,2991.73,17932062.8,91008536.7,443895668
1992.8,S,47,34125.34,2993.16,17932062.8,91008537.4,443895683
1993.8,S,47,34133.18,2994.61,17932062.8,91008537.7,443895688
1994.8,S,51,34139.35,2995.62,17932062.8,91008571.0,443895915
1995.8,S,51,34150.82,2997.24,17932062.8,91008571.2,443895924
1996.8,S,51,34162.10,2998.77,17932062.8,91008740.3,443896076
1997.8,S,52,34173.77,3000.45,17932062.8,91008844.6,443896165
1998.8,S,52,34187.04,3002.14,17932062.8,91008845.1,443896200
1999.8,S,52,34200.44,3003.77,17932062.8,91008846.0,443896203
2000.8,S,52,34213.88,3005.46,17932062.8,91008846.3,443896213
2001.8,S,51,34221.42,3006.63,17932062.8,91009123.8,443897047
2002.8,S,61,34233.14,3007.91,17932062.8,91009329.7,443897376
2003.8,S,61,34257.14,3009.43,17932062.8,91009342.8,443897655
2004.8,S,61,34278.64,3011.00,17932062.8,91009363.0,443898212
2005.8,S,61,34297.75,3012.68,17932062.8,91009399.5,443899213
2006.8,S,61,34300.62,3012.90,17932062.8,91009440.4,443900214
2008.0,S,56,34319.72,3014.50,17932062.8,91009723.8,443901404
2009.0,S,60,34332.91,3016.40,17932062.8,91010277.5,443901880
2010.0,S,63,34359.08,3018.05,17932062.8,91010311.0,443901930
2011.0,S,62,34384.60,3019.51,17932062.8,91010329.3,443901952
2012.0,S,59,34408.90,3021.09,17932062.8,91010472.2,443902078
2013.0,S,58,34431.58,3022.61,17932062.8,91010521.5,443902130
2014.0,S,57,34453.79,3025.38,17932062.8,91010694.0,443902565
2015.0,S,55,34457.72,3025.72,17932062.8,91011352.9,443903566
2016.1,S,66,34482.15,3028.58,17932062.8,91011495.1,443903706
2017.1,S,66,34512.03,3030.12,17932062.8,91011512.1,443903756
2018.1,S,62,34537.18,3031.46,17932062.8,91011676.1,443904206
2019.1,S,61,34563.81,3032.80,17932062.8,91011725.2,443904404
2020.1,S,61,34590.34,3034.22,17932062.8,91011725.6,443904417
2021.1,S,61,34613.59,3035.49,17932062.8,91011888.6,443904850
2022.1,S,58,34622.33,3036.22,17932062.8,91012558.7,443905851
2023.1,S,61,34635.39,3037.27,17932062.8,91012973.4,443906209
2024.1,S,60,34660.94,3038.64,17932062.8,91012983.3,443906233
2025.1,S,60,34685.94,3039.98,17932062.8,91012990.5,443906260
2026.1,S,58,34709.85,3041.36,17932062.8,91013044.3,443906438
2027.1,S,58,34733.14,3042.94,17932062.8,91013100.6,443906599
2028.1,S,58,34751.92,3044.44,17932062.8,91013289.9,443907177
2029.3,S,47,34756.39,3045.25,17932062.8,91014187.0,443908092
2030.3,S,47,34765.15,3046.75,17932062.8,91014216.3,443908136
2031.3,S,47,34773.83,3048.24,17932062.8,91014218.1,443908148
2032.3,S,56,34783.07,3049.93,17932062.8,91014409.5,443908315
2033.3,S,56,34800.42,3051.79,17932062.8,91014410.5,443908335
2034.3,S,56,34817.94,3053.52,17932062.8,91014411.4,443908345
2035.3,S,55,34834.22,3055.26,17932062.8,91014545.8,443908596
2036.3,S,55,34850.39,3057.13,17932062.8,91014615.9,443908686
2037.3,S,65,34861.38,3058.71,17932062.8,91015143.4,443909142
2038.3,S,74,34895.26,3059.42,17932062.8,91015162.7,443909192
2039.3,S,74,34930.30,3059.88,17932062.8,91015163.0,443909207
2040.3,S,73,34965.27,3060.38,17932062.8,91015189.8,443909240
2041.3,S,73,34999.89,3060.92,17932062.8,91015190.1,443909252
2042.3,S,73,35034.89,3061.46,17932062.8,91015192.1,443909262
2043.3,S,72,35068.97,3062.07,17932062.8,91015310.3,443909633
2044.3,S,70,35089.54,3063.04,17932062.8,91015958.0,443910632
2045.3,S,63,35096.44,3064.01,17932062.8,91017175.8,443911671
2046.4,S,78,35123.91,3065.18,17932062.8,91017339.7,443911826
2047.4,S,78,35159.32,3065.62,17932062.8,91017342.8,443911830
2048.4,S,76,35194.66,3066.06,17932062.8,91017407.0,443912010
2049.4,S,74,35229.77,3066.55,17932062.8,91017564.2,443912224
2050.4,S,72,35264.17,3067.14,17932062.8,91017646.7,443912303
2051.4,S,71,35297.33,3067.73,17932062.8,91017689.0,443912341
2052.4,S,71,35324.02,3068.35,17932062.8,91017858.2,443912728
2053.4,S,68,35333.92,3069.49,17932062.8,91018476.2,443913729
2054.4,S,47,35335.62,3070.48,17932062.8,91019646.5,443914717
2055.4,S,47,35343.34,3072.14,17932062.8,91019646.9,443914722
2056.4,S,47,35351.09,3073.38,17932062.8,91019647.6,443914736
2057.4,S,47,35358.84,3074.68,17932062.8,91019648.1,443914740
2058.4,S,47,35366.52,3076.15,17932062.8,91019648.2,443914748
2059.4,S,47,35374.26,3077.49,17932062.8,91019649.4,443914799
2060.4,S,47,35382.08,3078.83,17932062.8,91019720.3,443914865
2061.4,S,51,35389.90,3080.30,17932062.8,91019746.4,443914937
2062.4,S,51,35401.54,3081.93,17932062.8,91019746.6,443914946
2063.4,S,51,35412.09,3083.41,17932062.8,91019851.3,443915188
2064.4,S,52,35423.98,3084.96,17932062.8,91019939.9,443915270
2065.4,S,52,35437.36,3086.71,17932062.8,91019940.2,443915274
2066.4,S,52,35450.88,3088.35,17932062.8,91019940.3,443915283
2067.4,S,52,35464.46,3090.12,17932062.8,91019940.6,443915294
2068.4,S,65,35478.17,3091.77,17932062.8,91020361.3,443915691
2069.4,S,65,35505.80,3093.37,17932062.8,91020362.3,443915695
2070.4,S,60,35531.87,3094.85,17932062.8,91020654.3,443916043
2071.4,S,59,35554.80,3096.34,17932062.8,91020688.9,443916092
2072.4,S,59,35577.33,3097.73,17932062.8,91020689.1,443916099
2073.4,S,63,35599.99,3099.13,17932062.8,91020723.2,443916348
2074.4,S,52,35613.18,3100.38,17932062.8,91021650.0,443917294
2075.4,S,68,35638.17,3101.87,17932062.8,91021680.4,443917356
2076.4,S,64,35666.17,3103.90,17932062.8,91021855.8,443917510
2077.4,S,62,35693.53,3105.44,17932062.8,91021902.7,443917556
2078.4,S,61,35720.10,3106.80,17932062.8,91021941.9,443917754
2079.4,S,61,35746.22,3108.06,17932062.8,91021942.2,443917763
2080.4,S,61,35763.30,3108.76,17932062.8,91022431.9,443918421
2081.5,S,67,35775.69,3110.17,17932062.8,91023164.9,443919061
2082.5,S,67,35805.02,3111.75,17932062.8,91023166.3,443919072
2083.5,S,63,35833.09,3113.26,17932062.8,91023357.4,443919269
2084.5,S,63,35860.25,3114.70,17932062.8,91023357.6,443919277
2085.5,S,63,35887.18,3116.16,17932062.8,91023358.3,443919284
2086.5,S,63,35912.32,3117.32,17932062.8,91023438.7,443919539
2087.5,S,55,35935.06,3119.01,17932062.8,91024175.0,443920291
2088.5,S,61,35949.65,3120.43,17932062.8,91024671.2,443920715
2089.5,S,60,35976.02,3121.72,17932062.8,91024680.6,443920726
2090.5,S,60,36001.60,3122.96,17932062.8,91024866.2,443920897
2091.5,S,59,36026.71,3124.57,17932062.8,91024911.5,443921003
2092.5,S,58,36050.45,3126.12,17932062.8,91024953.5,443921159
2093.5,S,58,36070.61,3127.26,17932062.8,91025025.4,443921441
2094.5,S,56,36073.73,3127.56,17932062.8,91025588.8,443922442
2095.5,S,47,36080.42,3128.69,17932062.8,91025964.6,443922762
2096.5,S,47,36089.04,3130.05,17932062.8,91025965.0,443922773
2097.5,S,47,36097.77,3131.43,17932062.8,91026019.2,443922966
2098.5,S,55,36109.06,3133.45,17932062.8,91026156.2,443923361
2099.5,S,55,36125.21,3135.31,17932062.8,91026157.5,443923370
2100.5,S,55,36141.21,3137.09,17932062.8,91026157.8,443923376
2101.5,S,55,36156.05,3138.52,17932062.8,91026261.5,443923575
2102.5,S,55,36170.27,3140.22,17932062.8,91026280.8,443924079
2103.5,S,55,36178.06,3141.62,17932062.8,91026313.3,443925079
2104.5,S,55,36181.75,3142.34,17932062.8,91026353.1,443926081
2105.5,S,55,36187.53,3143.55,17932062.8,91026389.6,443927081
2107.2,S,49,36193.60,3144.81,17932062.8,91026836.1,443928725
2108.2,S,74,36216.75,3146.00,17932062.8,91026845.7,443928883
2109.2,S,74,36251.11,3146.65,17932062.8,91026846.0,443928891
2110.2,S,73,36285.10,3147.35,17932062.8,91026864.7,443928921
2111.2,S,73,36318.67,3147.96,17932062.8,91026866.3,443928925
2112.2,S,73,36351.98,3148.59,17932062.8,91026966.6,443929283
2113.2,S,70,36384.29,3149.23,17932062.8,91027127.4,443929462
2114.2,S,67,36411.14,3150.06,17932062.8,91027967.6,443930171
2115.2,S,47,36419.91,3151.33,17932062.8,91028979.6,443931035
2116.2,S,72,36451.66,3152.46,17932062.8,91028982.2,443931121
2117.2,S,71,36484.18,3153.11,17932062.8,91029001.2,443931171
2118.2,S,71,36516.20,3153.79,17932062.8,91029001.9,443931184
2119.2,S,70,36547.87,3154.45,17932062.8,91029038.8,443931226
2120.2,S,68,36577.93,3155.17,17932063.2,91029125.8,443931312
2121.2,S,63,36605.43,3156.21,17932067.9,91029476.0,443931645
2122.2,S,53,36619.29,3157.67,17932068.1,91030513.0,443932521
2123.2,S,47,36625.00,3159.35,17932068.2,91030847.2,443932815
2124.2,S,47,36632.41,3160.78,17932068.2,91030853.1,443932834
2125.2,S,51,36643.11,3162.47,17932089.0,91030940.5,443932970
2126.2,S,51,36654.73,3164.12,17932089.0,91030943.0,443932994
2127.2,S,52,36663.80,3165.59,17932165.0,91031142.6,443933499
2128.2,S,52,36676.91,3167.38,17932344.4,91031236.4,443933922
2129.2,S,52,36690.19,3169.15,17932481.2,91031388.1,443934418
2130.2,S,52,36703.41,3170.91,17932486.4,91031394.1,443934453
2131.2,S,56,36717.81,3172.70,17932487.0,91031527.7,443934587
2132.2,S,60,36732.16,3174.57,17932487.0,91031798.0,443934829
2133.2,S,60,36753.56,3176.09,17932487.0,91032060.8,443935066
2134.2,S,56,36772.24,3177.84,17932487.0,91032077.7,443935083
2135.2,S,56,36790.47,3179.47,17932487.0,91032078.0,443935109
2136.2,S,56,36808.86,3181.17,17932487.0,91032078.3,443935112
2137.2,S,53,36821.32,3182.34,17932487.1,91032702.9,443935869
2138.2,S,64,36840.11,3183.96,17932487.1,91032792.1,443935997
2139.2,S,59,36865.19,3185.53,17932487.1,91032993.5,443936253
2140.2,S,59,36888.63,3187.23,17932487.1,91032994.6,443936264
2141.2,S,58,36911.44,3188.48,17932487.1,91033096.2,443936371
2142.2,S,58,36933.67,3190.04,17932487.1,91033172.5,443936471
2143.2,S,59,36956.28,3191.47,17932487.1,91033594.4,443936881
2144.2,S,61,36968.27,3192.89,17932487.1,91034095.6,443937316
2145.2,S,71,37001.81,3193.63,17932487.1,91034288.4,443937487
2146.2,S,69,37032.77,3194.43,17932487.1,91034407.5,443937843
2147.2,S,69,37064.04,3195.09,17932487.1,91034417.1,443937863
2148.2,S,69,37095.56,3195.78,17932487.1,91034422.6,443937898
2149.2,S,67,37125.47,3196.54,17932487.1,91034615.1,443938117
2150.2,S,65,37154.88,3197.48,17932487.1,91034855.3,443938327
2151.2,S,57,37168.86,3198.72,17932487.1,91036030.2,443939314
2152.2,S,63,37188.68,3200.30,17932487.1,91036109.1,443939391
2153.2,S,62,37215.55,3201.81,17932487.1,91036234.5,443939509
2154.2,S,61,37241.98,3203.19,17932487.1,91036255.9,443939529
2155.2,S,60,37264.53,3204.56,17932487.1,91036519.2,443940354
2156.2,S,59,37289.76,3206.07,17932487.1,91036561.2,443940396
2157.2,S,59,37313.62,3207.60,17932487.1,91036635.5,443940643
2158.2,S,57,37319.21,3208.43,17932487.1,91037185.1,443941644
2159.2,S,47,37325.92,3209.68,17932487.1,91037522.6,443941945
2160.2,S,47,37333.03,3211.06,17932487.1,91037816.1,443942303
2161.2,S,55,37348.93,3213.28,17932487.1,91037847.5,443942331
2162.2,S,55,37365.30,3215.19,17932487.1,91037848.1,443942334
2163.2,S,55,37381.60,3217.04,17932487.1,91037848.2,443942340
2164.2,S,54,37397.77,3218.79,17932487.1,91037908.6,443942472
2165.2,S,52,37407.58,3220.19,17932487.1,91038391.8,443943279
2166.2,S,63,37430.33,3221.57,17932487.1,91038428.5,443943320
2167.3,S,63,37456.81,3222.90,17932487.1,91038533.4,443943424
2168.3,S,63,37483.90,3224.21,17932487.1,91038534.2,443943447
2169.3,S,63,37511.15,3225.68,17932487.1,91038534.3,443943449
2170.3,S,62,37538.45,3227.09,17932487.1,91038586.0,443943549
2171.3,S,61,37560.98,3228.45,17932487.1,91039127.9,443944135
2172.3,S,47,37570.44,3229.89,17932487.1,91039860.3,443944762
2173.3,S,70,37601.64,3231.03,17932487.1,91039862.0,443944826
2174.3,S,70,37632.55,3231.70,17932487.1,91039964.9,443944955
2175.3,S,68,37663.50,3232.51,17932487.1,91040045.9,443945114
2176.3,S,67,37693.27,3233.55,17932487.1,91040082.0,443945217
2177.3,S,67,37722.46,3234.70,17932487.1,91040105.0,443945270
2178.3,S,59,37745.97,3235.98,17932487.1,91040614.3,443945950
2179.3,S,47,37756.45,3237.42,17932487.1,91041579.5,443946783
2180.3,S,47,37764.11,3239.27,17932487.1,91041579.5,443946783
2181.3,S,47,37771.85,3240.58,17932487.1,91041580.1,443946800
2182.3,S,47,37779.56,3241.97,17932487.1,91041580.4,443946806
2183.3,S,51,37786.82,3243.06,17932487.1,91041683.9,443947154
2184.3,S,51,37798.36,3244.59,17932487.1,91041684.5,443947157
2185.3,S,50,37806.10,3245.84,17932487.1,91041875.3,443947754
2186.3,S,53,37819.12,3247.62,17932487.1,91041875.3,443947755
2187.3,S,53,37833.60,3249.34,17932487.1,91041876.2,443947798
2188.3,S,53,37847.88,3251.10,17932487.1,91041877.4,443947804
2189.3,S,52,37862.04,3253.01,17932487.1,91041929.5,443947850
2190.3,S,62,37875.15,3254.60,17932487.1,91042421.4,443948307
2191.3,S,67,37903.70,3256.20,17932487.1,91042422.4,443948314
2192.3,S,66,37926.18,3257.52,17932487.1,91042610.0,443948903
2193.3,S,63,37952.25,3259.00,17932487.1,91042614.4,443948921
2194.3,S,62,37978.11,3260.24,17932487.1,91042656.8,443948963
2195.3,S,62,38003.25,3261.57,17932487.1,91042657.3,443948969
2196.3,S,61,38014.38,3262.48,17932487.1,91042961.2,443949895
2197.4,S,54,38024.02,3263.51,17932487.1,91043906.5,443950760
2198.4,S,70,38054.68,3264.73,17932487.1,91043907.7,443950768
2199.4,S,70,38083.82,3265.84,17932487.1,91043928.2,443951251
2200.4,S,67,38092.22,3266.28,17932487.1,91043965.5,443952205
2201.4,S,67,38119.83,3267.84,17932487.1,91044007.9,443953201
2202.4,S,67,38125.91,3268.12,17932487.1,91044048.3,443954202
2203.4,S,63,38152.73,3270.04,17932487.1,91044157.4,443954567
2204.4,S,61,38179.00,3271.32,17932487.1,91044370.6,443954826
2205.4,S,49,38191.13,3272.55,17932487.1,91045469.4,443955768
2206.4,S,62,38212.66,3274.07,17932487.1,91045490.5,443955842
2207.4,S,62,38238.90,3275.48,17932487.1,91045490.7,443955847
2208.4,S,62,38264.79,3276.85,17932487.1,91045533.3,443955998
2209.4,S,58,38287.26,3278.36,17932487.1,91045681.9,443956318
2210.4,S,57,38309.73,3279.84,17932487.1,91045727.6,443956427
2211.4,S,53,38324.97,3281.09,17932487.1,91046534.8,443957106
2212.4,S,55,38341.02,3282.63,17932487.1,91046657.4,443957225
2213.4,S,55,38360.62,3284.31,17932487.1,91046670.2,443957281
2214.4,S,54,38379.51,3286.21,17932487.1,91046702.4,443957364
2215.4,S,54,38397.69,3288.09,17932487.1,91046703.6,443957368
2216.4,S,53,38415.16,3289.93,17932487.1,91046754.6,443957438
2217.4,S,47,38425.48,3291.88,17932487.1,91047428.3,443958028
2218.4,S,47,38433.32,3293.30,17932487.1,91047531.6,443958179
2219.4,S,47,38442.03,3294.66,17932487.1,91047532.3,443958193
2220.4,S,47,38450.72,3296.11,17932487.1,91047533.4,443958200
2221.4,S,47,38459.10,3297.52,17932487.1,91047662.0,443958504
2222.4,S,56,38472.70,3299.45,17932487.1,91047723.6,443958740
2223.4,S,56,38489.90,3301.37,17932487.1,91047725.2,443958752
2224.4,S,56,38506.06,3302.93,17932487.1,91047776.3,443958903
2225.4,S,55,38521.86,3304.51,17932487.1,91047879.8,443959194
2226.4,S,52,38535.73,3306.30,17932487.1,91048345.3,443959668
2227.4,S,75,38551.68,3307.86,17932487.1,91048464.8,443959780
2228.4,S,74,38586.66,3308.31,17932487.1,91048481.3,443959839
2229.4,S,72,38621.02,3308.92,17932487.1,91048510.6,443959912
2230.4,S,71,38655.06,3309.61,17932487.1,91048537.5,443959942
2231.4,S,70,38688.26,3310.22,17932487.1,91048577.4,443960064
2232.4,S,68,38719.34,3310.86,17932487.1,91048676.8,443960413
2233.4,S,67,38749.82,3311.50,17932487.1,91048981.6,443960691
2234.4,S,59,38765.25,3312.75,17932487.1,91050132.0,443961658
2235.4,S,73,38778.35,3314.34,17932487.1,91050538.4,443962009
2236.4,S,73,38812.37,3315.09,17932487.1,91050549.0,443962102
2237.4,S,73,38846.16,3315.64,17932487.1,91050642.7,443962368
2238.4,S,71,38878.12,3316.32,17932487.1,91050692.0,443962511
2239.4,S,69,38909.93,3316.99,17932487.1,91050761.7,443962576
2240.4,S,67,38939.86,3317.87,17932487.1,91050893.6,443962727
2241.4,S,64,38969.27,3319.12,17932487.1,91051188.3,443962995
2242.4,S,58,38976.96,3320.13,17932487.1,91052377.9,443963995
2243.4,S,47,38984.06,3321.75,17932487.1,91052468.3,443964077
2244.4,S,47,38991.82,3323.21,17932487.1,91052469.0,443964081
2245.5,S,47,38999.50,3324.66,17932487.1,91052516.6,443964168
2246.5,S,51,39007.02,3326.11,17932487.1,91052572.3,443964227
2247.5,S,51,39018.50,3327.71,17932487.1,91052572.5,443964239
2248.5,S,51,39029.77,3329.30,17932487.1,91052613.4,443964334
2249.5,S,53,39039.70,3330.75,17932487.1,91052764.4,443964699
2250.5,S,53,39054.13,3332.49,17932487.1,91052765.2,443964707
2251.5,S,53,39068.12,3334.21,17932487.1,91052858.1,443964797
2252.5,S,53,39082.40,3336.05,17932487.1,91052858.5,443964805
2253.5,S,52,39092.22,3337.12,17932487.1,91053050.4,443965397
2254.5,S,51,39099.22,3338.16,17932487.1,91053315.0,443965924
2255.5,S,66,39126.89,3339.91,17932487.1,91053319.0,443965948
2256.5,S,66,39155.07,3341.53,17932487.1,91053540.8,443966169
2257.5,S,62,39181.34,3343.27,17932487.1,91053594.2,443966220
2258.5,S,62,39207.24,3344.60,17932487.1,91053632.4,443966349
2259.5,S,60,39232.14,3345.93,17932487.1,91053696.3,443966543
2260.5,S,57,39244.87,3346.95,17932487.1,91054585.0,443967488
2261.5,S,75,39268.12,3348.26,17932487.1,91054801.7,443967680
2262.5,S,74,39301.78,3348.87,17932487.1,91054812.1,443967696
2263.5,S,70,39334.34,3349.54,17932487.1,91055025.2,443967901
2264.5,S,69,39364.79,3350.55,17932487.1,91055027.7,443967914
2265.5,S,66,39395.71,3351.58,17932487.1,91055149.0,443968019
2266.5,S,66,39425.37,3352.93,17932487.1,91055149.2,443968035
2267.5,S,66,39445.30,3354.22,17932487.1,91055389.0,443968725
2268.5,S,63,39451.49,3355.38,17932487.1,91056318.0,443969725
2269.5,S,64,39467.68,3356.88,17932487.1,91056629.1,443969992
2270.5,S,64,39495.27,3358.42,17932487.1,91056647.3,443970024
2271.5,S,68,39523.35,3359.77,17932487.1,91056750.4,443970126
2272.5,S,67,39552.54,3361.17,17932487.1,91056784.4,443970213
2273.5,S,67,39581.36,3362.67,17932487.1,91056824.6,443970458
2274.5,S,62,39607.39,3364.25,17932487.1,91057374.2,443971060
2275.5,S,50,39624.16,3365.81,17932487.1,91058110.2,443971690
2276.5,S,60,39645.53,3367.25,17932487.1,91058191.7,443971765
2277.5,S,59,39670.54,3368.62,17932487.1,91058208.8,443971795
2278.6,S,59,39692.04,3369.65,17932487.1,91058340.9,443972231
2279.6,S,57,39713.24,3371.58,17932487.1,91058611.6,443972906
2280.6,S,57,39734.78,3373.27,17932487.1,91058612.6,443972918
2281.6,S,47,39746.79,3374.76,17932487.1,91059396.2,443973581
2282.6,S,47,39755.53,3376.23,17932487.1,91059396.5,443973612
2283.6,S,47,39764.32,3377.54,17932487.1,91059396.8,443973616
2284.6,S,47,39771.89,3378.88,17932487.1,91059484.2,443973762
2285.6,S,47,39780.18,3380.23,17932487.1,91059500.5,443973801
2286.6,S,47,39788.98,3381.62,17932487.1,91059597.0,443973886
2287.6,S,55,39803.11,3383.75,17932487.1,91059692.5,443973968
2288.6,S,55,39819.62,3385.58,17932487.1,91059693.7,443973973
2289.6,S,55,39835.93,3387.46,17932487.1,91059693.9,443973979
2290.6,S,55,39852.07,3389.34,17932487.1,91059744.5,443974140
2291.6,S,47,39864.01,3390.74,17932487.1,91060375.5,443974686
2292.6,S,69,39889.33,3392.03,17932487.1,91060380.9,443974698
2293.6,S,69,39920.81,3392.80,17932487.1,91060382.2,443974701
2294.6,S,68,39951.29,3393.70,17932487.1,91060422.4,443974739
2295.6,S,68,39982.84,3395.06,17932487.1,91060422.6,443974744
2296.6,S,68,40013.90,3396.17,17932487.1,91060422.9,443974751
2297.6,S,65,40043.22,3397.36,17932487.1,91060721.2,443975029
2298.6,S,59,40058.53,3398.48,17932487.1,91061724.3,443975877
2299.6,S,70,40073.39,3400.05,17932487.1,91062133.7,443976238
2300.6,S,69,40103.15,3400.95,17932487.1,91062242.3,443976479
2301.6,S,67,40132.94,3402.28,17932487.1,91062276.2,443976563
2302.6,S,66,40162.08,3403.79,17932487.1,91062306.6,443976590
2303.6,S,66,40191.09,3405.23,17932487.1,91062308.4,443976594
2304.6,S,66,40219.90,3406.87,17932487.1,91062363.6,443976783
2305.9,S,55,40235.93,3408.06,17932487.1,91063018.9,443977952
2306.9,S,47,40244.71,3409.46,17932487.1,91063745.1,443978577
2307.9,S,47,40252.39,3410.98,17932487.1,91063746.1,443978600
2308.9,S,47,40259.49,3412.25,17932487.1,91063786.8,443978686
2309.9,S,51,40269.44,3413.65,17932487.1,91063850.0,443978818
2310.9,S,51,40281.02,3415.28,17932487.1,91063850.2,443978827
2311.9,S,53,40292.46,3416.83,17932487.1,91064041.6,443979002
2312.9,S,53,40306.70,3418.65,17932487.1,91064041.7,443979007
2313.9,S,53,40320.95,3420.42,17932487.1,91064042.3,443979011
2314.9,S,53,40335.46,3422.13,17932487.1,91064042.4,443979036
2315.9,S,54,40346.71,3423.43,17932487.1,91064514.1,443979442
2316.9,S,60,40367.73,3425.02,17932487.1,91064592.6,443979513
2317.9,S,60,40390.92,3426.48,17932487.1,91064592.9,443979520
2318.9,S,56,40408.01,3428.14,17932487.1,91064784.7,443979959
2319.9,S,56,40427.22,3429.77,17932487.1,91064784.8,443979972
2320.9,S,54,40445.11,3431.65,17932487.1,91065004.2,443980338
2321.9,S,51,40456.17,3433.14,17932487.1,91065640.3,443980894
2322.9,S,71,40486.57,3434.34,17932487.1,91065641.1,443980897
2323.9,S,71,40517.23,3435.13,17932487.1,91065642.5,443980904
2324.9,S,67,40546.53,3436.32,17932487.1,91065833.5,443981225
2325.9,S,64,40575.38,3437.84,17932487.1,91065948.7,443981329
2326.9,S,64,40603.19,3439.39,17932487.1,91065994.8,443981445
2327.9,S,63,40625.85,3440.78,17932487.1,91066172.4,443981976
2328.9,S,56,40634.32,3441.87,17932487.1,91067158.8,443982977
2329.9,S,63,40653.19,3443.24,17932487.1,91067233.1,443983054
2330.9,S,67,40681.36,3444.78,17932487.1,91067337.9,443983166
2331.9,S,66,40710.17,3446.39,17932487.1,91067359.4,443983206
2332.9,S,66,40738.35,3448.12,17932487.1,91067407.4,443983322
2333.9,S,62,40763.61,3449.45,17932487.1,91067550.6,443983655
2334.9,S,62,40788.21,3450.80,17932487.1,91067847.0,443984042
2335.9,S,48,40800.93,3452.58,17932487.1,91068701.5,443984772
2336.9,S,61,40825.36,3453.95,17932487.1,91068708.8,443984786
2337.9,S,61,40850.79,3455.11,17932487.1,91068811.7,443984888
2338.9,S,60,40876.11,3456.48,17932487.1,91068835.6,443984948
2339.9,S,59,40900.03,3458.24,17932487.1,91069065.3,443985367
2340.9,S,58,40922.80,3459.92,17932487.1,91069118.7,443985481
2341.9,S,48,40936.30,3461.23,17932487.1,91069844.5,443986094
2342.9,S,47,40944.52,3462.57,17932487.1,91070042.7,443986273
2343.9,S,47,40952.93,3463.93,17932487.1,91070068.5,443986298
2344.9,S,47,40961.70,3465.36,17932487.1,91070068.7,443986309
2345.9,S,47,40970.38,3466.71,17932487.1,91070069.2,443986315
2346.9,S,56,40979.17,3468.41,17932487.1,91070260.1,443986692
2347.9,S,56,40996.24,3470.27,17932487.1,91070261.6,443986703
2348.9,S,56,41013.68,3472.05,17932487.1,91070261.8,443986707
2349.9,S,55,41028.55,3473.45,17932487.1,91070402.1,443987053
2350.9,S,55,41044.03,3475.35,17932487.1,91070603.9,443987226
2351.9,S,47,41054.10,3476.89,17932487.1,91070986.4,443987557
2352.9,S,76,41087.22,3477.66,17932487.1,91070990.7,443987564
2353.9,S,76,41122.64,3478.08,17932487.1,91070990.9,443987569
2354.9,S,75,41157.63,3478.54,17932487.1,91071008.5,443987628
2355.9,S,73,41192.22,3479.20,17932487.1,91071066.7,443987677
2356.9,S,73,41226.59,3479.85,17932487.1,91071067.1,443987688
2357.9,S,73,41260.70,3480.45,17932487.1,91071114.4,443987932
2359.0,S,70,41285.71,3481.35,17932487.1,91071568.2,443988764
2360.0,S,68,41289.44,3482.69,17932487.1,91072740.5,443989765
2361.0,S,75,41304.49,3484.27,17932487.1,91073163.1,443990137
2362.0,S,75,41339.44,3484.77,17932487.1,91073164.4,443990144
2363.0,S,74,41374.48,3485.25,17932487.1,91073182.6,443990209
2364.0,S,74,41409.20,3485.75,17932487.1,91073282.4,443990514
2365.0,S,71,41442.02,3486.38,17932487.1,91073378.4,443990844
2366.0,S,70,41474.28,3487.11,17932487.1,91073423.7,443990893
2367.0,S,65,41504.29,3488.02,17932487.1,91073794.3,443991214
2368.0,S,59,41514.74,3489.23,17932487.1,91074888.3,443992132
2369.0,S,47,41520.62,3490.80,17932487.1,91075300.5,443992496
2370.0,S,47,41528.32,3492.12,17932487.1,91075301.9,443992499
2371.0,S,47,41536.18,3493.58,17932487.1,91075302.0,443992509
2372.0,S,47,41543.89,3495.04,17932487.1,91075302.2,443992512
2373.0,S,47,41551.61,3496.53,17932487.1,91075302.4,443992512
2374.0,S,47,41559.02,3497.89,17932487.1,91075332.8,443992613
2375.0,S,51,41568.74,3499.23,17932487.1,91075399.0,443992764
2376.0,S,51,41580.35,3500.72,17932487.1,91075399.1,443992768
2377.0,S,51,41588.42,3502.23,17932487.1,91075434.8,443993666
2379.3,S,51,41595.99,3503.62,17932487.1,91075523.1,443995972
2380.3,S,51,41597.99,3503.97,17932487.1,91075562.8,443996973
2381.4,S,52,41605.30,3505.26,17932487.2,91075590.3,443997752
2382.4,S,52,41618.54,3507.07,17932487.2,91075591.2,443997758
2383.4,S,52,41631.93,3508.74,17932487.2,91075591.3,443997760
2384.4,S,56,41648.51,3510.65,17932487.2,91075617.5,443997794
2385.4,S,56,41665.61,3512.39,17932487.2,91075781.2,443997934
2386.4,S,65,41678.46,3514.02,17932487.2,91076278.8,443998373
2387.4,S,65,41705.64,3515.30,17932487.2,91076280.1,443998375
2388.4,S,64,41732.78,3516.53,17932487.2,91076300.7,443998397
2389.4,S,64,41759.41,3517.96,17932487.2,91076301.0,443998399
2390.4,S,68,41787.35,3519.48,17932487.2,91076321.7,443998423
2391.4,S,66,41814.99,3521.12,17932487.2,91076595.2,443998657
2392.4,S,54,41834.38,3522.68,17932487.2,91077386.7,443999342
2393.4,S,60,41846.92,3524.33,17932487.2,91077771.8,443999677
2394.4,S,59,41870.73,3525.71,17932487.2,91077778.4,443999687
2395.4,S,58,41893.28,3527.20,17932487.2,91077795.3,443999703
2396.4,S,62,41916.02,3528.51,17932487.2,91077898.3,443999798
2397.4,S,61,41942.20,3529.96,17932487.2,91077945.8,443999842
2398.4,S,60,41966.69,3531.30,17932487.2,91078157.0,444000020
2399.4,S,47,41974.80,3532.63,17932487.2,91078917.0,444000668
2400.4,S,47,41984.46,3534.09,17932487.2,91078917.7,444000673
2401.4,S,47,41993.94,3535.66,17932487.2,91078917.9,444000676
2402.4,S,47,42003.62,3537.12,17932487.2,91078918.0,444000678
2403.4,S,47,42012.43,3538.51,17932487.2,91079021.1,444000774
2404.4,S,47,42022.07,3539.91,17932487.2,91079021.8,444000777
2405.4,S,47,42031.79,3541.40,17932487.2,91079022.1,444000780
2406.4,S,47,42041.50,3542.78,17932487.2,91079022.2,444000781
2407.4,S,47,42051.09,3544.11,17932487.2,91079022.5,444000783
2408.4,S,47,42060.67,3545.46,17932487.2,91079022.6,444000785
2409.4,S,47,42070.16,3546.88,17932487.2,91079051.2,444000816
2410.4,S,47,42078.85,3548.37,17932487.2,91079316.7,444001041
2411.4,S,47,42087.56,3549.79,17932487.2,91079316.9,444001045
2412.4,S,47,42096.36,3551.16,17932487.2,91079317.3,444001050
2413.4,S,47,42105.13,3552.67,17932487.2,91079317.5,444001054
2414.4,S,47,42113.83,3554.08,17932487.2,91079318.3,444001057
2415.4,S,47,42122.59,3555.39,17932487.2,91079318.4,444001057
2416.4,S,47,42128.44,3556.59,17932487.2,91079801.3,444001478
2417.4,S,58,42145.69,3558.51,17932487.2,91079802.8,444001483
2418.4,S,58,42164.88,3560.28,17932487.2,91079803.0,444001485
2419.4,S,58,42184.26,3562.08,17932487.2,91079803.2,444001486
2420.4,S,58,42203.36,3563.74,17932487.2,91079803.6,444001487
2421.4,S,53,42218.92,3565.39,17932487.2,91080355.1,444001953
2422.4,S,76,42237.13,3566.84,17932487.2,91080675.0,444002232
2423.4,S,75,42272.20,3567.34,17932487.2,91080680.6,444002237
2424.4,S,75,42307.30,3567.78,17932487.2,91080680.7,444002238
2425.4,S,73,42342.09,3568.34,17932487.2,91080726.0,444002277
2426.4,S,73,42377.01,3568.89,17932487.2,91080728.5,444002279
2427.4,S,72,42411.44,3569.47,17932487.2,91080774.7,444002320
2428.4,S,70,42444.85,3570.07,17932487.2,91081050.2,444002555
2429.4,S,70,42461.41,3570.91,17932487.2,91081986.5,444003532
2430.4,S,62,42464.01,3571.66,17932487.2,91082494.1,444004576
2431.5,S,71,42477.50,3573.11,17932487.2,91082873.4,444005314
2432.5,S,71,42509.53,3573.72,17932487.2,91082875.4,444005316
2433.5,S,70,42540.94,3574.38,17932487.2,91082891.9,444005361
2434.5,S,68,42571.16,3575.13,17932487.2,91082935.3,444005464
2435.5,S,66,42601.08,3576.01,17932487.2,91083015.7,444005672
2436.5,S,66,42628.73,3577.28,17932487.2,91083174.6,444006256
2437.5,S,61,42652.22,3578.53,17932487.2,91083567.6,444007141
2438.5,S,60,42655.08,3578.76,17932487.2,91084073.4,444008141
2439.6,S,59,42655.08,3578.92,17932487.2,91084423.6,444009282
2440.6,S,74,42668.67,3580.09,17932487.2,91084648.1,444009747
2441.6,S,74,42702.13,3580.77,17932487.2,91084729.2,444009819
2442.6,S,74,42735.43,3581.41,17932487.2,91084729.6,444009823
2443.6,S,74,42766.37,3582.38,17932487.2,91084946.1,444010067
2444.6,S,72,42799.89,3583.24,17932487.2,91085022.8,444010285
2445.6,S,72,42832.92,3583.88,17932487.2,91085023.1,444010287
2446.6,S,69,42857.13,3584.52,17932487.2,91085278.0,444011165
2447.6,S,67,42868.47,3585.08,17932487.2,91085593.8,444012166
2448.8,S,66,42872.63,3585.83,17932487.2,91086233.5,444013282
2449.8,S,52,42879.98,3586.84,17932487.2,91086646.5,444013932
2450.8,S,51,42889.88,3588.28,17932487.2,91086829.6,444014436
2451.8,S,65,42902.10,3589.88,17932487.2,91086977.2,444014887
2452.8,S,64,42929.13,3591.53,17932487.2,91086979.0,444014903
2453.8,S,67,42955.76,3592.80,17932487.2,91087040.3,444015148
2454.8,S,67,42983.95,3594.40,17932487.2,91087104.4,444015213
2455.8,S,66,43012.02,3595.96,17932487.2,91087151.7,444015256
2456.8,S,62,43038.12,3597.56,17932487.2,91087463.5,444015636
2457.8,S,62,43051.28,3598.81,17932487.2,91087747.8,444016637
2458.8,S,60,43057.50,3599.98,17932487.2,91088067.1,444017711
2459.9,S,67,43065.77,3601.45,17932487.2,91088504.5,444018282
2460.9,S,67,43094.59,3603.00,17932487.2,91088507.3,444018297
2461.9,S,71,43123.00,3604.29,17932487.2,91088561.3,444018512
2462.9,S,70,43153.53,3605.39,17932487.2,91088566.4,444018549
2463.9,S,69,43183.64,3606.47,17932487.2,91088604.7,444018678
2464.9,S,68,43213.48,3607.81,17932487.2,91088665.8,444018901
2465.9,S,66,43231.28,3608.99,17932487.2,91088973.8,444019902
2466.9,S,65,43235.60,3609.66,17932487.2,91089275.1,444020903
2468.1,S,62,43238.30,3610.66,17932487.2,91089933.9,444022150
2469.3,S,65,43247.09,3611.76,17932487.2,91090149.0,444022819
2470.3,S,65,43274.59,3613.37,17932487.2,91090150.2,444022833
2471.3,S,65,43302.39,3614.98,17932487.2,91090150.3,444022835
2472.3,S,69,43329.38,3616.20,17932487.2,91090199.7,444023066
2473.3,S,69,43359.22,3617.42,17932487.2,91090200.5,444023071
2474.3,S,68,43385.79,3618.51,17932487.2,91090304.2,444023523
2475.3,S,67,43405.12,3619.74,17932487.2,91090917.3,444024517
2476.3,S,67,43409.34,3620.39,17932487.2,91091207.9,444025518
2477.4,S,63,43413.78,3620.95,17932487.2,91091545.7,444026618
2478.4,S,51,43423.98,3622.53,17932487.2,91091783.6,444027427
2479.4,S,59,43443.47,3624.06,17932487.2,91091809.0,444027578
2480.4,S,58,43467.21,3625.52,17932487.2,91091820.6,444027637
2481.4,S,58,43490.14,3626.84,17932487.2,91091837.6,444027701
2482.4,S,57,43512.42,3628.40,17932487.2,91091872.0,444027810
2483.4,S,57,43534.25,3630.06,17932487.2,91092062.3,444028123
2484.4,S,54,43546.99,3631.58,17932487.2,91092463.3,444028841
2485.5,S,47,43551.39,3632.38,17932487.2,91092840.5,444029879
2486.5,S,47,43560.11,3633.72,17932487.2,91092840.9,444029882
2487.5,S,47,43568.76,3634.93,17932487.2,91092841.4,444029909
2488.5,S,47,43575.31,3635.91,17932487.2,91092944.6,444030191
2489.5,S,47,43584.09,3637.25,17932487.2,91092945.7,444030195
2490.5,S,47,43592.79,3638.66,17932487.2,91092946.1,444030197
2491.5,S,47,43600.83,3640.04,17932487.2,91093137.1,444030613
2492.5,S,55,43616.93,3642.00,17932487.2,91093138.5,444030618
2493.5,S,55,43633.25,3643.84,17932487.2,91093236.7,444030704
2494.5,S,55,43649.20,3645.73,17932487.2,91093241.8,444030723
2495.5,S,55,43665.21,3647.51,17932487.2,91093352.7,444030817
2496.5,S,52,43673.67,3648.53,17932487.2,91093686.3,444031635
2497.5,S,68,43689.72,3649.69,17932487.2,91093831.0,444032114
2498.5,S,68,43720.88,3650.86,17932487.2,91093831.4,444032123
2499.5,S,67,43751.74,3652.11,17932487.2,91093852.7,444032190
2500.5,S,66,43781.61,3653.54,17932487.2,91093879.0,444032282
2501.5,S,66,43811.46,3655.04,17932487.2,91093880.9,444032285
2502.5,S,66,43837.63,3656.26,17932487.2,91093981.6,444032664
2503.6,S,66,43851.62,3656.81,17932487.2,91094605.9,444033757
2504.6,S,65,43855.50,3656.98,17932487.2,91094888.2,444034758
2505.6,S,60,43855.91,3657.18,17932487.2,91095185.5,444035759
2506.9,S,57,43861.27,3658.17,17932487.2,91095568.6,444037089
2507.9,S,73,43882.48,3659.61,17932487.2,91095590.5,444037127
2508.9,S,72,43915.50,3660.23,17932487.2,91095602.0,444037142
2509.9,S,71,43947.79,3660.96,17932487.2,91095619.9,444037161
2510.9,S,70,43979.40,3661.62,17932487.2,91095651.4,444037191
2511.9,S,70,44011.03,3662.27,17932487.2,91095653.2,444037196
2512.9,S,67,44041.14,3663.31,17932487.2,91095944.0,444037449
2513.9,S,65,44062.22,3664.49,17932487.2,91096212.1,444038348
2514.9,S,63,44067.39,3665.17,17932487.2,91096545.4,444039349
2515.9,S,62,44069.97,3665.82,17932487.2,91096796.6,444040350
2517.0,S,58,44072.77,3666.76,17932487.2,91097397.5,444041460
2518.0,S,47,44079.86,3668.42,17932487.2,91097481.9,444041684
2519.0,S,51,44089.95,3670.03,17932487.2,91097486.8,444041716
2520.0,S,51,44101.27,3671.71,17932487.2,91097486.9,444041718
2521.0,S,53,44109.95,3673.15,17932487.2,91097677.5,444042167
2522.0,S,53,44124.19,3675.01,17932487.2,91097678.4,444042178
2523.0,S,53,44138.66,3676.85,17932487.2,91097772.9,444042599
2524.0,S,53,44152.98,3678.58,17932487.2,91097773.5,444042603
2525.0,S,53,44165.72,3680.14,17932487.2,91097890.0,444042970
2526.0,S,51,44174.19,3681.18,17932487.2,91098215.5,444043789
2527.0,S,66,44195.94,3682.95,17932487.2,91098257.3,444043834
2528.0,S,62,44223.78,3684.60,17932487.2,91098465.1,444044055
2529.0,S,62,44249.57,3686.04,17932487.2,91098537.3,444044280
2530.0,S,62,44275.81,3687.29,17932487.2,91098538.1,444044284
2531.0,S,61,44300.89,3688.49,17932487.2,91098590.0,444044439
2532.0,S,59,44314.54,3689.24,17932487.2,91098826.9,444045292
2533.0,S,59,44316.51,3689.39,17932487.2,91099100.6,444046293
2534.0,S,58,44317.14,3689.78,17932487.2,91099683.4,444047290
2535.0,S,72,44340.98,3691.12,17932487.2,91099733.0,444047459
2536.0,S,72,44373.24,3691.81,17932487.2,91099734.0,444047469
2537.0,S,70,44404.41,3692.61,17932487.2,91099859.8,444047872
2538.0,S,67,44431.97,3694.05,17932487.2,91099945.9,444048111
2539.0,S,66,44461.93,3695.42,17932487.2,91100031.0,444048530
2540.0,S,65,44490.80,3696.91,17932487.2,91100123.4,444048873
2541.0,S,63,44510.71,3698.07,17932487.2,91100656.9,444049728
2542.1,S,61,44516.65,3699.09,17932487.2,91100977.9,444050791
2543.2,S,58,44521.90,3700.12,17932487.2,91101302.5,444051916
2544.2,S,64,44527.90,3700.91,17932487.2,91101527.3,444052750
2545.2,S,68,44556.79,3702.12,17932487.2,91101541.2,444052820
2546.2,S,67,44585.34,3703.55,17932487.2,91101557.9,444053591
2547.2,S,67,44614.27,3705.10,17932487.2,91101558.7,444053599
2548.2,S,67,44641.38,3706.67,17932487.2,91101602.8,444054528
2549.2,S,64,44649.47,3707.14,17932487.2,91101791.3,444055428
2550.2,S,61,44675.51,3708.55,17932487.2,91101946.9,444055614
2551.2,S,61,44685.95,3709.56,17932487.2,91102230.7,444056615
2552.3,S,61,44689.73,3710.27,17932487.2,91102520.5,444057649
2553.3,S,48,44697.09,3711.53,17932487.2,91103027.7,444058430
2554.3,S,64,44721.18,3712.95,17932487.2,91103044.3,444058508
2555.3,S,63,44747.98,3714.59,17932487.2,91103145.8,444058808
2556.3,S,61,44769.90,3716.22,17932487.2,91103297.2,444059296
2557.3,S,61,44795.15,3717.47,17932487.2,91103299.0,444059302
2558.3,S,61,44820.53,3718.91,17932487.2,91103299.6,444059351
2559.3,S,61,44841.48,3720.36,17932487.2,91103435.7,444059812
2560.3,S,60,44845.50,3721.14,17932487.2,91103870.9,444060813
2561.3,S,60,44846.81,3721.28,17932487.2,91103941.4,444061814
2563.6,S,60,44847.80,3721.38,17932487.2,91104025.4,444064123
2564.6,S,60,44848.78,3721.40,17932487.2,91104035.4,444065124
2565.6,S,60,44849.23,3721.42,17932487.2,91104042.7,444066125
2566.6,S,60,44849.23,3721.50,17932487.2,91104083.0,444067127
2567.9,S,51,44849.23,3721.75,17932487.2,91104454.5,444068358
2568.9,S,55,44851.05,3722.52,17932487.2,91104694.2,444069161
2569.9,S,55,44867.16,3724.45,17932487.2,91104695.6,444069162
2570.9,S,55,44883.26,3726.30,17932487.2,91104696.0,444069468
2571.9,S,55,44899.59,3728.09,17932487.2,91104696.1,444069471
2572.9,S,55,44915.61,3730.07,17932487.2,91104698.3,444069937
2573.9,S,55,44926.21,3731.70,17932487.2,91104709.2,444070936
2574.9,S,55,44933.40,3732.86,17932487.2,91104745.9,444071937
2575.9,S,55,44934.16,3733.15,17932487.2,91105324.8,444072938
2576.9,S,71,44950.91,3734.26,17932487.2,91105384.4,444073166
2577.9,S,69,44983.52,3734.99,17932487.2,91105398.9,444073225
2578.9,S,69,45016.03,3735.72,17932487.2,91105398.9,444073225
2579.9,S,69,45047.98,3736.43,17932487.2,91105429.5,444073266
2580.9,S,68,45078.82,3737.08,17932487.2,91105475.0,444073472
2581.9,S,67,45107.63,3737.73,17932487.2,91105535.3,444073771
2582.9,S,63,45129.73,3738.81,17932487.2,91106119.9,444074487
2583.9,S,54,45141.92,3740.02,17932487.2,91107254.0,444075476
2584.9,S,53,45155.43,3742.02,17932487.2,91107260.7,444075521
2585.9,S,53,45169.75,3743.78,17932487.2,91107261.7,444075531
2586.9,S,53,45183.25,3745.36,17932487.2,91107365.2,444075842
2587.9,S,53,45197.53,3747.05,17932487.2,91107365.5,444075843
2588.9,S,52,45206.57,3748.32,17932487.2,91107620.7,444076567
2589.9,S,74,45221.40,3749.54,17932487.2,91107813.1,444077054
2590.9,S,74,45255.67,3750.22,17932487.2,91107815.0,444077081
2591.9,S,74,45289.81,3750.83,17932487.2,91107815.3,444077092
2592.9,S,73,45323.54,3751.43,17932487.2,91107840.0,444077123
2593.9,S,69,45354.60,3752.06,17932487.2,91107980.1,444077367
2594.9,S,68,45384.49,3752.78,17932487.2,91108025.6,444077530
2595.9,S,68,45413.27,3753.82,17932487.2,91108128.7,444078075
2597.0,S,61,45421.08,3755.68,17932487.2,91109387.2,444079156
2598.0,S,51,45428.25,3757.26,17932487.2,91109677.5,444079524
2599.0,S,51,45439.66,3759.06,17932487.2,91109677.7,444079532
2600.0,S,47,45449.77,3760.50,17932487.2,91109869.8,444079908
2601.0,S,52,45463.09,3762.20,17932487.2,91109870.4,444079912
2602.0,S,52,45476.49,3763.94,17932487.2,91109871.8,444079915
2603.0,S,52,45489.85,3765.42,17932487.2,91109966.8,444080003
2604.0,S,51,45502.64,3767.10,17932487.2,91110061.6,444080245
2605.0,S,51,45508.73,3767.96,17932487.2,91110327.6,444081138
2606.0,S,51,45508.73,3767.96,17932487.2,91110337.8,444082139
2608.3,S,50,45508.73,3767.96,17932487.2,91110380.7,444084468
2609.3,S,49,45508.73,3767.96,17932487.2,91110421.5,444085470
2610.3,S,60,45520.02,3768.94,17932487.2,91110435.9,444085914
2611.3,S,60,45542.13,3770.55,17932487.2,91110437.3,444085930
2612.3,S,56,45563.03,3772.39,17932487.2,91110628.6,444086094
2613.3,S,56,45581.36,3774.29,17932487.2,91110629.2,444086104
2614.3,S,55,45599.70,3775.95,17932487.2,91110716.5,444086250
2615.3,S,48,45610.62,3777.36,17932487.2,91111348.5,444086854
2616.3,S,65,45633.17,3779.08,17932487.2,91111379.2,444086888
2617.3,S,65,45660.40,3780.68,17932487.2,91111379.9,444086897
2618.3,S,64,45687.38,3782.10,17932487.2,91111427.7,444087033
2619.3,S,60,45710.96,3783.43,17932487.2,91111701.1,444087557
2620.3,S,59,45734.90,3784.92,17932487.2,91111745.6,444087594
2621.3,S,55,45751.38,3786.32,17932487.2,91112426.9,444088177
2622.4,S,73,45771.15,3787.55,17932487.2,91112680.4,444088404
2623.4,S,73,45803.81,3788.20,17932487.2,91112681.6,444088405
2624.4,S,73,45836.43,3788.85,17932487.2,91112681.8,444088432
2625.4,S,69,45867.76,3789.58,17932487.2,91112873.8,444088605
2626.4,S,68,45898.15,3790.33,17932487.2,91112909.9,444088670
2627.4,S,67,45928.62,3791.23,17932487.2,91113076.9,444088898
2628.4,S,61,45954.40,3792.59,17932487.2,91113720.6,444089449
2629.4,S,49,45965.33,3794.06,17932487.2,91114496.7,444090110
2630.4,S,67,45995.79,3795.26,17932487.2,91114597.6,444090202
2631.4,S,66,46025.77,3796.57,17932487.2,91114611.5,444090229
2632.4,S,66,46055.08,3797.81,17932487.2,91114618.6,444090291
2633.4,S,66,46084.40,3798.95,17932487.2,91114618.8,444090295
2634.4,S,65,46112.84,3800.75,17932487.2,91114853.2,444090552
2635.4,S,57,46135.48,3802.18,17932487.2,91115393.1,444091013
2636.4,S,47,46146.39,3803.55,17932487.2,91116178.2,444091689
2637.4,S,47,46155.22,3804.91,17932487.2,91116178.6,444091693
2638.4,S,47,46163.43,3806.39,17932487.2,91116272.1,444091962
2639.4,S,55,46175.19,3808.18,17932487.2,91116473.5,444092309
2640.4,S,55,46191.57,3809.94,17932487.2,91116473.7,444092315
2641.4,S,55,46207.67,3811.79,17932487.2,91116475.5,444092333
2642.4,S,55,46223.81,3813.63,17932487.2,91116475.8,444092339
2643.4,S,52,46235.94,3815.17,17932487.2,91117026.6,444093047
2644.4,S,72,46261.55,3816.44,17932487.2,91117055.2,444093094
2645.4,S,72,46294.35,3817.08,17932487.2,91117055.8,444093095
2646.4,S,72,46327.04,3817.74,17932487.2,91117056.0,444093104
2647.4,S,72,46359.69,3818.37,17932487.2,91117057.8,444093107
2648.4,S,72,46385.83,3818.86,17932487.2,91117248.7,444093683
2649.4,S,69,46416.69,3819.55,17932487.2,91117311.0,444093773
2650.4,S,61,46440.71,3820.53,17932487.2,91118197.5,444094525
2651.4,S,47,46449.53,3821.91,17932487.2,91119095.7,444095292
2652.4,S,75,46483.06,3822.85,17932487.2,91119096.9,444095300
2653.4,S,73,46517.22,3823.50,17932487.2,91119126.2,444095425
2654.4,S,73,46550.55,3824.12,17932487.2,91119126.4,444095439
2655.4,S,72,46583.52,3824.79,17932487.2,91119248.2,444095723
2656.4,S,71,46615.79,3825.46,17932487.2,91119289.9,444095814
2657.4,S,70,46647.29,3826.16,17932487.2,91119409.4,444096021
2658.4,S,60,46663.62,3827.56,17932487.2,91120524.0,444096963
2659.4,S,47,46669.84,3829.15,17932487.2,91121073.7,444097445
2660.4,S,47,46677.72,3830.50,17932487.2,91121074.5,444097450
2661.4,S,47,46685.08,3831.73,17932487.2,91121090.1,444097494
2662.4,S,47,46692.57,3833.11,17932487.2,91121090.3,444097496
2663.4,S,47,46700.39,3834.70,17932487.2,91121091.4,444097500
2664.4,S,47,46708.13,3836.02,17932487.2,91121091.6,444097506
2665.4,S,47,46715.92,3837.38,17932487.2,91121091.8,444097519
2666.4,S,47,46722.83,3838.63,17932487.2,91121187.6,444097659
2667.4,S,47,46730.64,3839.97,17932487.2,91121187.8,444097669
2668.4,S,51,46740.58,3841.55,17932487.2,91121195.5,444097690
2669.4,S,51,46752.17,3843.17,17932487.2,91121195.7,444097690
2670.4,S,47,46760.20,3844.41,17932487.2,91121386.3,444098235
2671.4,S,52,46773.24,3846.06,17932487.2,91121480.2,444098335
2672.4,S,52,46786.43,3847.89,17932487.2,91121480.3,444098350
2673.4,S,52,46799.92,3849.61,17932487.2,91121480.6,444098354
2674.4,S,52,46813.33,3851.42,17932487.2,91121486.1,444098363
2675.4,S,56,46820.18,3852.19,17932487.2,91121836.7,444099355
2676.4,S,67,46844.57,3853.83,17932487.2,91121885.6,444099457
2677.4,S,67,46872.81,3855.46,17932487.2,91121937.7,444099564
2678.4,S,63,46898.71,3857.00,17932487.2,91122078.2,444099694
2679.4,S,63,46924.94,3858.27,17932487.2,91122078.5,444099698
2680.4,S,62,46950.44,3859.63,17932487.2,91122122.7,444099817
2681.4,S,61,46967.56,3860.58,17932487.2,91122481.7,444100571
2682.6,S,59,46968.70,3860.88,17932487.2,91123019.8,444101748
2684.3,S,59,46969.65,3860.94,17932487.2,91123085.6,444103442
2685.3,S,59,46969.65,3860.94,17932487.2,91123124.7,444104444
2689.7,S,53,46974.46,3861.75,17932487.2,91123366.6,444108518
2690.7,S,71,47003.19,3863.11,17932487.2,91123378.2,444108545
2691.7,S,71,47034.61,3864.03,17932487.2,91123378.2,444108545
2692.7,S,66,47062.96,3865.21,17932487.2,91123589.0,444108922
2693.7,S,66,47091.76,3866.93,17932487.2,91123589.3,444108922
2694.7,S,64,47118.24,3868.42,17932487.2,91123767.5,444109325
2695.7,S,62,47143.32,3869.89,17932487.2,91123992.9,444109729
2696.7,S,53,47151.70,3870.81,17932487.2,91124845.2,444110730
2697.7,S,66,47169.33,3872.28,17932487.2,91125053.1,444110910
2698.7,S,70,47198.92,3873.78,17932487.2,91125064.5,444110937
2699.7,S,70,47229.99,3875.07,17932487.2,91125065.2,444110955
2700.7,S,69,47260.62,3876.22,17932487.2,91125186.3,444111227
2701.7,S,69,47286.85,3877.44,17932487.2,91125291.2,444111553
2702.7,S,64,47314.44,3878.98,17932487.2,91125490.9,444111767
2703.7,S,54,47333.09,3880.46,17932487.2,91126341.7,444112499
2704.7,S,57,47348.63,3881.96,17932487.2,91126715.1,444112820
2705.7,S,57,47369.90,3883.54,17932487.2,91126790.4,444112913
2706.7,S,56,47390.47,3885.21,17932487.2,91126833.5,444113090
2707.7,S,56,47410.51,3887.00,17932487.2,91127024.0,444113272
2708.7,S,55,47429.39,3888.89,17932487.2,91127078.5,444113323
2709.7,S,47,47441.11,3890.28,17932487.2,91127679.8,444113834
2710.7,S,47,47449.97,3891.59,17932487.2,91127680.5,444113890
2711.7,S,47,47458.81,3893.06,17932487.2,91127681.5,444113892
2712.7,S,47,47466.82,3894.45,17932487.2,91127710.9,444113976
2713.7,S,47,47475.69,3895.89,17932487.2,91127711.0,444113982
2714.7,S,55,47487.28,3897.90,17932487.2,91127901.5,444114230
2715.7,S,55,47503.46,3899.75,17932487.2,91127902.9,444114247
2716.7,S,55,47519.63,3901.57,17932487.2,91127903.6,444114249
2717.7,S,55,47535.90,3903.38,17932487.2,91127905.2,444114251
2718.7,S,52,47549.20,3904.88,17932487.2,91128348.2,444114640
2719.7,S,71,47571.07,3906.31,17932487.2,91128588.8,444114848
2720.7,S,70,47602.70,3907.10,17932487.2,91128596.5,444114865
2721.7,S,70,47634.06,3907.81,17932487.2,91128597.1,444114871
2722.7,S,69,47665.26,3908.54,17932487.2,91128627.2,444115145
2723.7,S,68,47696.23,3909.39,17932487.2,91128680.4,444115230
2724.7,S,67,47725.94,3910.29,17932487.2,91128924.1,444115518
2725.7,S,60,47747.57,3911.63,17932487.2,91129832.5,444116293
2726.7,S,52,47758.05,3913.07,17932487.2,91130403.1,444116799
2727.7,S,52,47771.55,3914.70,17932487.2,91130404.8,444116807
2728.7,S,52,47784.19,3916.28,17932487.2,91130507.7,444116895
2729.7,S,52,47797.40,3918.01,17932487.2,91130507.8,444116895
2730.7,S,52,47807.39,3919.45,17932487.2,91130679.6,444117414
2731.9,S,80,47824.45,3920.78,17932487.2,91130894.5,444117964
2732.9,S,80,47859.97,3921.24,17932487.2,91130897.3,444117974
2733.9,S,80,47895.38,3921.68,17932487.2,91130897.4,444117975
2734.9,S,78,47930.38,3922.14,17932487.2,91130947.3,444118054
2735.9,S,76,47965.76,3922.60,17932487.2,91131004.8,444118270
2736.9,S,75,48000.79,3923.06,17932487.2,91131130.2,444118627
2737.9,S,75,48036.00,3923.54,17932487.2,91131130.7,444118636
2738.9,S,69,48057.43,3924.57,17932487.2,91132100.3,444119465
2739.9,S,47,48065.68,3925.84,17932487.2,91133228.3,444120421
2740.9,S,47,48073.73,3927.59,17932487.2,91133229.1,444120439
2741.9,S,47,48081.25,3928.93,17932487.2,91133229.4,444120443
2742.9,S,51,48091.16,3930.44,17932487.2,91133241.5,444120483
2743.9,S,51,48102.63,3932.06,17932487.2,91133241.8,444120489
2744.9,S,52,48111.94,3933.60,17932487.2,91133433.9,444120968
2746.0,S,52,48125.45,3935.37,17932487.2,91133434.6,444121023
2747.0,S,52,48138.86,3937.18,17932487.2,91133434.8,444121033
2748.0,S,52,48152.45,3938.84,17932487.2,91133531.5,444121154
2749.0,S,56,48164.48,3940.33,17932487.2,91133602.0,444121352
2750.0,S,54,48174.92,3941.70,17932487.2,91133907.0,444122126
2751.0,S,58,48193.55,3943.44,17932487.2,91133974.2,444122238
2752.0,S,54,48210.23,3945.29,17932487.2,91134117.8,444122369
2753.0,S,54,48226.41,3947.14,17932487.2,91134208.2,444122533
2754.0,S,54,48242.88,3948.86,17932487.2,91134208.2,444122534
2755.0,S,52,48253.53,3950.34,17932487.2,91134584.7,444123316
2756.0,S,68,48271.01,3951.99,17932487.2,91134790.9,444123504
2757.0,S,68,48299.90,3953.49,17932487.2,91134791.2,444123515
2758.0,S,67,48328.40,3955.04,17932487.2,91134840.8,444123580
2759.0,S,66,48355.73,3956.46,17932487.2,91135066.1,444123779
2760.0,S,62,48381.84,3957.91,17932487.2,91135068.0,444123782
2761.0,S,61,48406.05,3959.29,17932487.2,91135378.6,444124049
2762.0,S,68,48418.88,3960.56,17932487.2,91136178.3,444124737
2763.0,S,68,48449.09,3961.86,17932487.2,91136178.8,444124768
2764.0,S,72,48478.62,3962.64,17932487.2,91136282.0,444125191
2765.0,S,72,48510.66,3963.33,17932487.2,91136282.5,444125201
2766.0,S,71,48542.53,3964.05,17932487.2,91136318.5,444125238
2767.0,S,66,48572.66,3964.92,17932487.2,91136625.1,444125513
2768.0,S,64,48600.83,3966.46,17932487.2,91137180.3,444126047
2769.0,S,47,48613.63,3967.99,17932487.2,91138040.9,444126780
2770.0,S,64,48639.61,3969.49,17932487.2,91138041.2,444126791
2771.0,S,63,48667.12,3970.91,17932487.2,91138057.5,444126807
2772.0,S,62,48693.82,3972.27,17932487.2,91138080.2,444126836
2773.0,S,62,48719.61,3973.55,17932487.2,91138183.4,444126993
2774.0,S,61,48744.30,3975.07,17932487.2,91138419.6,444127618
2775.0,S,59,48760.30,3976.66,17932487.2,91139048.6,444128263
2776.0,S,47,48769.85,3978.06,17932487.2,91139443.8,444128601
2777.0,S,47,48778.37,3979.56,17932487.2,91139444.5,444128611
2778.0,S,47,48787.08,3980.92,17932487.2,91139445.9,444128616
2779.0,S,47,48795.33,3982.39,17932487.2,91139472.8,444128677
2780.0,S,47,48802.27,3983.69,17932487.2,91139665.4,444129191
2781.0,S,55,48814.06,3985.72,17932487.2,91139739.3,444129442
2782.0,S,55,48830.50,3987.53,17932487.2,91139741.4,444129473
2783.0,S,55,48846.81,3989.35,17932487.2,91139741.6,444129482
2784.0,S,55,48862.72,3991.17,17932487.2,91139793.1,444129687
2785.0,S,53,48875.46,3992.70,17932487.2,91140069.4,444130382
2786.0,S,71,48893.46,3994.14,17932487.2,91140352.1,444130654
2787.0,S,71,48925.99,3994.86,17932487.2,91140443.1,444130737
2788.0,S,70,48957.73,3995.50,17932487.2,91140464.7,444130844
2789.0,S,69,48989.24,3996.22,17932487.2,91140494.2,444130920
2790.0,S,69,49020.76,3997.03,17932487.2,91140496.1,444130930
2791.0,S,67,49051.50,3998.03,17932487.2,91140652.4,444131099
2792.0,S,61,49076.23,3999.38,17932487.2,91141448.6,444131890
2793.1,S,75,49090.34,4000.89,17932487.2,91142253.1,444132582
2794.1,S,75,49124.56,4001.56,17932487.2,91142254.2,444132589
2795.1,S,74,49158.74,4002.13,17932487.2,91142372.0,444132706
2796.1,S,73,49191.72,4002.79,17932487.2,91142393.4,444132751
2797.1,S,71,49223.47,4003.43,17932487.2,91142464.2,444132935
2798.1,S,70,49254.30,4004.12,17932487.2,91142503.6,444133071
2799.1,S,67,49283.09,4005.16,17932487.2,91142938.3,444133510
2800.1,S,59,49293.62,4006.52,17932487.2,91144068.2,444134463
2801.1,S,47,49300.69,4008.17,17932487.2,91144199.2,444134581
2802.1,S,47,49308.51,4009.65,17932487.2,91144200.0,444134590
2803.1,S,47,49316.16,4011.08,17932487.2,91144200.7,444134663
2804.1,S,47,49323.96,4012.37,17932487.2,91144200.9,444134666
2805.1,S,47,49331.76,4013.78,17932487.2,91144298.9,444134792
2806.1,S,51,49339.88,4015.07,17932487.2,91144304.0,444134885
2807.1,S,51,49351.38,4016.60,17932487.2,91144304.7,444134893
2808.1,S,48,49361.81,4018.26,17932487.2,91144495.9,444135061
2809.1,S,53,49375.24,4019.97,17932487.2,91144496.7,444135063
2810.1,S,53,49389.37,4021.78,17932487.2,91144588.3,444135243
2811.1,S,53,49403.69,4023.58,17932487.2,91144588.6,444135245
2812.1,S,53,49417.73,4025.43,17932487.2,91144643.5,444135359
2813.1,S,64,49430.96,4027.08,17932487.2,91145049.0,444135739
2814.1,S,64,49458.74,4028.63,17932487.2,91145049.9,444135740
2815.1,S,63,49485.60,4030.12,17932487.2,91145120.9,444135912
2816.1,S,59,49506.40,4031.58,17932487.2,91145261.3,444136255
2817.1,S,58,49529.71,4032.95,17932487.2,91145304.4,444136376
2818.1,S,56,49550.45,4034.41,17932487.2,91145529.9,444136640
2819.1,S,52,49559.62,4035.30,17932487.2,91146347.6,444137354
2820.1,S,74,49588.05,4036.27,17932487.2,91146352.9,444137369
2821.1,S,73,49619.97,4036.93,17932487.2,91146362.2,444137411
2822.1,S,71,49649.86,4037.67,17932487.2,91146508.1,444137862
2823.1,S,68,49679.04,4038.99,17932487.2,91146582.0,444138101
2824.1,S,66,49707.99,4040.13,17932487.2,91146667.7,444138556
2825.1,S,64,49736.12,4041.92,17932487.2,91146907.0,444138907
2826.1,S,55,49749.65,4043.20,17932487.2,91148031.0,444139851
2827.1,S,63,49767.87,4044.60,17932487.2,91148079.8,444139895
2828.1,S,67,49793.76,4045.85,17932487.2,91148183.9,444139998
2829.1,S,66,49820.69,4047.12,17932487.2,91148208.8,444140019
2830.1,S,66,49847.95,4048.33,17932487.2,91148210.0,444140033
2831.1,S,65,49875.75,4049.80,17932487.2,91148258.5,444140181
2832.1,S,60,49895.08,4051.17,17932487.2,91148701.0,444141067
2833.1,S,50,49909.41,4052.69,17932487.2,91149380.4,444141722
2834.1,S,64,49930.14,4054.39,17932487.2,91149538.1,444141903
2835.1,S,64,49957.55,4055.95,17932487.2,91150222.4,444142588
2836.1,S,64,49984.15,4057.43,17932489.6,91150448.0,444142842
2837.1,S,64,50011.17,4059.47,17932491.6,91150466.2,444142870
2838.1,S,61,50036.58,4060.86,17932491.6,91151006.2,444143343
2839.1,S,51,50058.69,4062.23,17932491.6,91151116.2,444143453
2840.1,S,47,50069.88,4063.79,17932491.6,91151256.4,444143585
2841.1,S,47,50078.67,4065.29,17932491.6,91151256.9,444143601
2842.1,S,47,50087.36,4066.62,17932491.6,91151257.1,444143606
2843.1,S,47,50095.42,4067.89,17932491.6,91151276.2,444143684
2844.1,S,47,50104.10,4069.40,17932491.6,91151277.2,444143696
2845.1,S,56,50116.02,4071.51,17932491.6,91151385.3,444144081
2846.1,S,56,50133.38,4073.33,17932491.6,91151386.8,444144213
2847.1,S,55,50150.00,4075.11,17932491.6,91151415.0,444144276
2848.1,S,55,50165.98,4076.99,17932491.6,91151463.9,444144345
2849.1,S,55,50180.81,4078.77,17932491.6,91151787.5,444144626
2850.1,S,77,50204.80,4080.01,17932491.6,91152045.7,444144851
2851.1,S,76,50240.31,4080.46,17932491.6,91152055.9,444144977
2852.1,S,74,50275.77,4080.89,17932491.6,91152095.2,444145288
2853.1,S,74,50310.83,4081.38,17932491.6,91152119.5,444145327
2854.1,S,72,50345.28,4081.95,17932491.6,91152191.3,444145397
2855.1,S,70,50378.52,4082.71,17932491.6,91152279.5,444145479
2856.1,S,70,50409.83,4083.40,17932491.6,91152443.4,444145861
2857.2,S,69,50416.27,4084.31,17932491.6,91153100.2,444146879
2858.2,S,60,50422.56,4085.52,17932491.6,91154185.4,444147791
2859.2,S,76,50448.27,4087.02,17932491.6,91154271.0,444147893
2860.2,S,76,50483.75,4087.44,17932491.6,91154272.3,444147900
2861.2,S,76,50519.25,4087.91,17932491.6,91154275.0,444147910
2862.2,S,74,50554.49,4088.39,17932491.6,91154345.6,444148159
2863.2,S,71,50587.80,4089.00,17932491.6,91154442.9,444148542
2864.2,S,70,50619.95,4089.59,17932491.6,91154487.5,444148613
2865.2,S,65,50650.38,4090.40,17932491.6,91154869.6,444148977
2866.2,S,60,50656.99,4091.66,17932491.6,91156060.0,444149978
2867.2,S,47,50663.51,4093.34,17932491.6,91156274.7,444150165
2868.2,S,47,50670.05,4094.69,17932491.6,91156345.2,444150274
2869.2,S,47,50676.87,4095.86,17932491.6,91156418.8,444150472
2870.2,S,47,50684.54,4097.23,17932491.6,91156420.7,444150499
2871.2,S,47,50692.31,4098.62,17932491.6,91156421.1,444150506
2872.2,S,47,50699.94,4100.02,17932491.6,91156422.1,444150510
2873.2,S,47,50707.89,4101.40,17932491.6,91156422.3,444150512
2874.2,S,47,50715.52,4102.78,17932491.6,91156422.5,444150518
2875.2,S,51,50722.30,4103.89,17932491.6,91156520.6,444150810
2876.2,S,51,50733.99,4105.44,17932491.6,91156520.9,444150815
2877.2,S,51,50744.03,4107.12,17932491.6,91156583.8,444151205
2878.2,S,51,50746.58,4107.64,17932491.6,91156593.8,444152207
2882.5,S,51,50746.58,4107.64,17932491.6,91156638.2,444156484
2883.5,S,49,50747.09,4107.73,17932491.6,91156753.0,444157486
2884.5,S,52,50759.37,4109.17,17932491.6,91156775.1,444157539
2885.5,S,52,50772.86,4110.84,17932491.6,91156775.2,444157540
2886.5,S,52,50786.25,4112.51,17932491.6,91156775.4,444157545
2887.5,S,56,50798.32,4114.00,17932491.6,91156801.7,444157784
2888.5,S,55,50812.24,4115.58,17932491.6,91157189.2,444158286
2889.5,S,59,50833.22,4117.26,17932491.6,91157218.1,444158378
2890.5,S,55,50849.17,4118.90,17932491.6,91157381.8,444158786
2891.5,S,55,50866.37,4120.72,17932491.6,91157382.1,444158795
2892.5,S,55,50883.80,4122.45,17932491.6,91157382.6,444158810
2893.5,S,54,50893.40,4123.57,17932491.6,91157661.8,444159588
2894.5,S,67,50902.44,4124.78,17932491.6,91158054.6,444160108
2895.5,S,67,50931.12,4126.64,17932491.6,91158056.2,444160122
2896.5,S,67,50959.26,4128.31,17932491.6,91158071.4,444160493
2897.5,S,67,50959.96,4128.32,17932491.6,91158108.0,444161494
2899.7,S,62,50985.84,4129.97,17932491.6,91158352.7,444163069
2900.7,S,61,51011.76,4131.40,17932491.6,91158393.6,444163197
2901.7,S,60,51036.91,4132.68,17932491.6,91158452.8,444163347
2902.7,S,59,51048.99,4133.77,17932491.6,91159138.8,444164202
2903.7,S,75,51067.44,4134.92,17932491.6,91159454.3,444164485
2904.7,S,73,51101.18,4135.51,17932491.6,91159474.7,444164615
2905.7,S,71,51133.22,4136.18,17932491.6,91159593.6,444164823
2906.7,S,68,51163.09,4136.97,17932491.6,91159690.8,444164913
2907.7,S,68,51193.55,4137.75,17932491.6,91159691.1,444164924
2908.7,S,67,51224.20,4138.86,17932491.6,91159908.2,444165117
2909.7,S,63,51250.24,4140.10,17932491.6,91160519.8,444165637
2910.7,S,66,51262.60,4141.49,17932491.6,91161386.7,444166386
2911.7,S,66,51292.48,4142.84,17932491.6,91161388.3,444166399
2912.7,S,65,51321.49,4144.33,17932491.6,91161399.2,444166423
2913.7,S,65,51350.29,4145.80,17932491.6,91161407.2,444166455
2914.7,S,64,51378.05,4147.72,17932491.6,91161641.1,444166670
2915.7,S,64,51405.78,4149.46,17932491.6,91161641.3,444166679
2916.7,S,54,51425.77,4151.18,17932491.6,91162391.1,444167310
2917.7,S,47,51434.75,4152.44,17932491.6,91162899.8,444167748
2918.7,S,47,51443.47,4153.75,17932491.6,91162899.8,444167748
2919.7,S,47,51452.26,4155.16,17932491.6,91162899.9,444167750
2920.7,S,47,51457.61,4155.95,17932491.6,91163002.8,444168179
2921.7,S,55,51470.71,4158.10,17932491.6,91163199.6,444168368
2922.7,S,55,51486.91,4159.88,17932491.6,91163201.2,444168881
2923.7,S,55,51503.32,4161.62,17932491.6,91163201.6,444168898
2924.7,S,55,51519.37,4163.47,17932491.6,91163201.8,444168901
2925.7,S,52,51531.16,4164.84,17932491.6,91163702.8,444169677
2926.7,S,65,51550.79,4166.36,17932491.6,91163884.7,444169987
2927.7,S,65,51580.13,4167.82,17932491.6,91163907.0,444170022
2928.7,S,65,51608.84,4169.33,17932491.6,91163938.0,444170059
2929.7,S,65,51636.98,4171.11,17932491.6,91163938.3,444170065
2930.7,S,65,51665.48,4172.61,17932491.6,91163938.3,444170065
2931.7,S,65,51690.69,4174.12,17932491.6,91164171.6,444170581
2932.7,S,53,51703.88,4175.26,17932491.6,91164996.7,444171507
2933.7,S,73,51719.42,4177.01,17932491.6,91165399.1,444171860
2934.7,S,72,51752.83,4177.72,17932491.6,91165409.9,444171943
2935.7,S,71,51784.83,4178.38,17932491.6,91165423.3,444171986
2936.7,S,71,51816.69,4179.04,17932491.6,91165499.9,444172159
2937.7,S,70,51848.23,4179.63,17932491.6,91165566.3,444172407
2938.7,S,67,51878.52,4180.39,17932491.6,91165727.0,444172675
2939.7,S,63,51902.44,4181.56,17932491.6,91165969.1,444173032
2940.7,S,57,51913.59,4182.93,17932491.6,91167047.1,444173946
2941.8,S,47,51920.07,4184.48,17932491.6,91167286.6,444174169
2942.8,S,47,51927.67,4185.90,17932491.6,91167286.6,444174169
2943.8,S,47,51935.48,4187.29,17932491.6,91167286.9,444174175
2944.8,S,47,51943.41,4188.66,17932491.6,91167287.2,444174181
2945.8,S,47,51949.42,4189.85,17932491.6,91167368.5,444174399
2946.8,S,51,51960.47,4191.28,17932491.6,91167390.8,444174445
2947.8,S,51,51971.93,4192.93,17932491.6,91167390.9,444174450
2948.8,S,53,51981.61,4194.37,17932491.6,91167581.2,444174906
2949.8,S,53,51995.87,4196.19,17932491.6,91167582.2,444174931
2950.8,S,53,52010.32,4197.91,17932491.6,91167582.5,444174939
2951.8,S,53,52024.77,4199.60,17932491.6,91167583.4,444174942
2952.8,S,52,52035.17,4200.79,17932491.6,91167660.5,444175442
2953.8,S,51,52041.24,4201.66,17932491.6,91168127.4,444176043
2954.8,S,63,52067.43,4203.06,17932491.6,91168132.6,444176060
2955.8,S,62,52092.71,4204.36,17932491.6,91168155.0,444176598
2956.8,S,62,52113.97,4205.86,17932491.6,91168194.1,444177598
2957.8,S,62,52125.00,4206.67,17932491.6,91168229.0,444178599
2959.3,S,62,52137.98,4207.55,17932491.6,91168283.3,444180095
2960.5,S,57,52158.74,4209.40,17932491.6,91168672.3,444180631
2961.5,S,75,52170.42,4210.36,17932491.6,91169333.2,444181200
2962.5,S,75,52203.95,4211.07,17932491.6,91169334.0,444181208
2963.5,S,75,52237.57,4211.73,17932491.6,91169340.2,444181253
2964.5,S,72,52266.07,4212.41,17932491.6,91169549.1,444181869
2965.5,S,69,52296.23,4213.40,17932491.6,91169586.5,444181972
2966.5,S,68,52327.30,4214.53,17932491.6,91169639.6,444182042
2967.5,S,62,52355.61,4215.82,17932491.6,91170122.8,444182540
2968.5,S,47,52366.82,4217.03,17932491.6,91171171.5,444183430
2969.5,S,61,52391.75,4218.50,17932491.6,91171182.2,444183495
2970.5,S,65,52416.93,4219.74,17932491.6,91171287.3,444183640
2971.5,S,65,52444.59,4221.40,17932491.6,91171287.6,444183647
2972.5,S,64,52471.99,4222.94,17932491.6,91171328.6,444183746
2973.5,S,63,52499.10,4224.50,17932491.6,91171446.5,444183898
2974.5,S,59,52516.16,4225.80,17932491.6,91172174.2,444184513
2975.6,S,62,52530.41,4227.05,17932491.6,91172551.0,444184839
2976.6,S,61,52557.05,4228.27,17932491.6,91172565.2,444184861
2977.6,S,60,52582.27,4229.50,17932491.6,91172694.6,444184980
2978.6,S,60,52607.53,4230.86,17932491.6,91172694.8,444184989
2979.6,S,60,52632.16,4232.14,17932491.6,91172885.3,444185507
2980.6,S,59,52655.42,4233.95,17932491.6,91173042.0,444185899
2981.6,S,47,52662.65,4235.07,17932491.6,91173843.6,444186632
2982.6,S,47,52671.39,4236.48,17932491.6,91173844.1,444186638
2983.6,S,47,52680.16,4237.81,17932491.6,91173844.4,444186668
2984.6,S,47,52686.37,4238.90,17932491.6,91173947.3,444186967
2985.6,S,47,52695.02,4240.38,17932491.6,91173976.7,444187043
2986.6,S,56,52704.13,4241.97,17932491.6,91174168.3,444187215
2987.6,S,56,52720.95,4243.94,17932491.6,91174169.9,444187220
2988.6,S,56,52738.12,4245.84,17932491.6,91174170.3,444187242
2989.6,S,56,52755.55,4247.57,17932491.6,91174170.3,444187242
2990.6,S,56,52770.70,4248.97,17932491.6,91174287.9,444187530
2991.6,S,68,52781.50,4250.37,17932491.6,91174913.1,444188278
2992.6,S,74,52816.44,4250.82,17932491.6,91174915.3,444188306
2993.6,S,73,52851.10,4251.37,17932491.6,91174943.9,444188431
2994.6,S,73,52885.62,4252.03,17932491.6,91174944.2,444188457
2995.6,S,73,52919.96,4252.63,17932491.6,91174944.7,444188485
2996.6,S,73,52954.18,4253.18,17932491.6,91174945.0,444188510
2997.6,S,71,52987.64,4253.83,17932491.6,91175122.0,444188752
2998.6,S,65,53004.46,4254.91,17932491.6,91176266.1,444189718
2999.6,S,48,53013.51,4256.23,17932491.6,91177034.6,444190381
3000.6,S,80,53045.18,4257.25,17932491.6,91177085.5,444190434
3001.6,S,78,53080.60,4257.68,17932491.6,91177169.7,444190520
3002.6,S,78,53116.22,4258.11,17932491.6,91177169.9,444190529
3003.6,S,78,53151.67,4258.55,17932491.6,91177172.5,444190539
3004.6,S,78,53187.13,4259.00,17932491.6,91177214.5,444190619
3005.6,S,76,53222.26,4259.48,17932491.6,91177257.6,444190728
3006.6,S,73,53255.46,4260.05,17932491.6,91177566.5,444190999
3007.6,S,71,53264.01,4261.42,17932491.6,91178735.9,444191999
3008.7,S,47,53270.80,4262.89,17932491.6,91179362.0,444192537
3009.7,S,47,53278.05,4264.33,17932491.6,91179371.7,444192600
3010.7,S,47,53286.03,4265.83,17932491.6,91179371.8,444192613
3011.7,S,47,53293.57,4267.23,17932491.6,91179456.0,444192706
3012.7,S,47,53301.25,4268.69,17932491.6,91179456.3,444192719
3013.7,S,47,53308.88,4270.10,17932491.6,91179457.8,444192728
3014.7,S,47,53316.68,4271.44,17932491.6,91179457.9,444192739
3015.7,S,47,53324.28,4272.81,17932491.6,91179458.2,444192742
3016.7,S,51,53332.77,4274.24,17932491.6,91179554.0,444192931
3017.7,S,51,53344.43,4275.79,17932491.6,91179554.3,444192939
3018.7,S,53,53354.67,4277.35,17932491.6,91179745.1,444193117
3019.7,S,53,53368.96,4279.09,17932491.6,91179746.8,444193122
3020.7,S,53,53383.12,4280.80,17932491.6,91179747.3,444193138
3021.7,S,53,53397.29,4282.50,17932491.6,91179818.8,444193324
3022.7,S,52,53410.24,4284.20,17932491.6,91179887.4,444193531
3023.7,S,64,53421.34,4285.51,17932491.6,91180291.8,444194115
3024.7,S,63,53447.88,4287.00,17932491.6,91180301.1,444194136
3025.7,S,62,53473.15,4288.32,17932491.6,91180493.2,444194313
3026.7,S,59,53495.66,4290.00,17932491.6,91180494.2,444194320
3027.7,S,59,53517.75,4291.53,17932491.6,91180494.6,444194326
3028.7,S,58,53535.86,4292.98,17932491.6,91180917.8,444195110
3029.7,S,73,53553.17,4294.34,17932491.6,91181477.4,444195656
3030.7,S,73,53585.58,4295.06,17932491.6,91181478.6,444195664
3031.7,S,69,53616.68,4296.03,17932491.6,91181671.2,444195835
3032.7,S,69,53647.51,4296.97,17932491.6,91181672.1,444195846
3033.7,S,67,53678.04,4298.15,17932491.6,91181741.4,444196050
3034.7,S,67,53707.63,4299.62,17932491.6,91181749.9,444196328
3035.7,S,65,53730.75,4300.83,17932491.6,91182193.5,444196899
3036.7,S,48,53738.58,4301.84,17932491.6,91183193.6,444197807
3037.7,S,69,53764.21,4303.03,17932491.6,91183201.2,444197820
3038.7,S,72,53793.34,4303.86,17932491.6,91183315.2,444198126
3039.7,S,72,53825.43,4304.55,17932491.6,91183316.1,444198159
3040.7,S,72,53857.25,4305.20,17932491.6,91183343.4,444198438
3041.7,S,70,53889.15,4305.94,17932491.6,91183464.9,444198540
3042.7,S,65,53917.19,4307.11,17932491.6,91184022.3,444199017
3043.7,S,57,53936.44,4308.86,17932491.6,91184950.7,444199819
3044.7,S,69,53959.64,4310.17,17932491.6,91185122.3,444199974
3045.7,S,69,53990.90,4311.00,17932491.6,91185122.6,444199984
3046.7,S,68,54020.46,4311.87,17932491.6,91185142.8,444200130
3047.7,S,67,54047.86,4312.90,17932491.6,91185480.9,444200963
3048.7,S,66,54076.26,4314.64,17932491.6,91185503.6,444201088
3049.7,S,66,54104.88,4316.28,17932491.6,91185521.6,444201584
3050.7,S,66,54125.09,4317.81,17932491.6,91185558.9,444202585
3051.7,S,66,54126.94,4318.05,17932491.6,91185597.6,444203586
3054.4,S,64,54130.59,4319.53,17932491.6,91186877.1,444206226
3055.4,S,47,54139.37,4320.87,17932491.6,91186880.4,444206238
3056.4,S,47,54148.20,4322.39,17932491.6,91186880.8,444206260
3057.4,S,47,54156.88,4323.72,17932491.6,91186881.1,444206285
3058.4,S,47,54165.36,4325.15,17932491.6,91187106.3,444206760
3059.4,S,55,54175.31,4326.82,17932491.6,91187175.5,444207079
3060.4,S,55,54191.69,4328.62,17932491.6,91187177.0,444207152
3061.4,S,55,54208.12,4330.45,17932491.6,91187177.2,444207160
3062.4,S,55,54224.33,4332.25,17932491.6,91187177.4,444207167
3063.4,S,55,54235.53,4333.80,17932491.6,91187453.6,444207753
3064.4,S,54,54243.85,4334.99,17932491.6,91187646.7,444208754
3065.4,S,54,54245.72,4335.27,17932491.6,91187658.2,444209755
3070.4,S,54,54249.61,4335.98,17932491.6,91187750.2,444214784
3071.4,S,68,54261.13,4336.80,17932491.6,91187938.6,444215383
3072.4,S,68,54292.65,4337.66,17932491.6,91187967.6,444215540
3073.4,S,68,54323.35,4338.64,17932491.6,91187968.1,444215553
3074.4,S,68,54353.60,4339.40,17932491.6,91187968.3,444215560
3075.4,S,68,54384.66,4340.51,17932491.6,91187969.1,444215560
3076.4,S,66,54413.15,4341.55,17932491.6,91188191.9,444216020
3077.5,S,63,54430.03,4342.57,17932491.6,91188746.1,444217134
3078.5,S,75,54442.91,4343.94,17932491.6,91189647.2,444217902
3079.5,S,81,54477.60,4344.66,17932491.6,91189648.3,444217912
3080.5,S,81,54512.24,4345.11,17932491.6,91189648.8,444217914
3081.5,S,81,54547.32,4345.53,17932491.6,91189657.1,444217987
3082.5,S,80,54582.54,4345.97,17932491.6,91189750.2,444218361
3083.5,S,76,54617.72,4346.44,17932491.6,91189893.2,444218564
3084.5,S,76,54652.92,4346.89,17932491.6,91189893.4,444218573
3085.5,S,72,54684.55,4347.71,17932491.6,91190498.1,444219148
3086.5,S,55,54693.64,4348.69,17932491.6,91191679.0,444220148
3087.5,S,47,54701.07,4350.28,17932491.6,91192021.4,444220509
3088.5,S,47,54708.89,4351.73,17932491.6,91192021.7,444220545
3089.5,S,47,54716.44,4353.15,17932491.6,91192021.7,444220545
3090.5,S,47,54724.13,4354.55,17932491.6,91192021.8,444220554
3091.5,S,47,54731.72,4356.07,17932491.6,91192022.4,444220558
3092.5,S,47,54739.67,4357.42,17932491.6,91192093.0,444220621
3093.5,S,47,54747.45,4358.79,17932491.6,91192093.8,444220626
3094.5,S,51,54757.33,4360.37,17932491.6,91192125.3,444220670
3095.5,S,51,54768.82,4361.89,17932491.6,91192125.6,444220676
3096.6,S,53,54777.23,4363.13,17932491.6,91192316.3,444221038
3097.6,S,52,54790.61,4364.88,17932491.6,91192320.7,444221065
3098.6,S,52,54804.17,4366.40,17932491.6,91192321.7,444221071
3099.6,S,52,54817.36,4368.11,17932491.6,91192321.9,444221079
3100.6,S,52,54830.58,4369.73,17932491.6,91192376.6,444221205
3101.6,S,48,54835.91,4370.58,17932491.6,91192746.0,444222179
3102.6,S,66,54859.85,4372.29,17932491.6,91192806.7,444222382
3103.6,S,65,54887.45,4373.81,17932491.6,91192866.6,444222849
3104.6,S,65,54913.59,4375.29,17932491.6,91192885.0,444223355
3105.6,S,65,54931.92,4376.31,17932491.6,91192925.5,444224356
3107.5,S,65,54953.11,4377.49,17932491.6,91193003.1,444226278
3108.5,S,59,54974.61,4379.18,17932491.6,91193544.4,444227232
3109.5,S,68,54988.52,4380.47,17932491.6,91194154.8,444227762
3110.5,S,67,55017.49,4382.23,17932491.6,91194163.3,444227779
3111.5,S,67,55046.04,4383.86,17932491.6,91194178.2,444227816
3112.5,S,63,55071.20,4385.34,17932491.6,91194354.7,444228409
3113.5,S,63,55097.35,4386.70,17932491.6,91194357.4,444228471
3114.5,S,61,55123.59,4388.21,17932491.6,91194507.9,444228643
3115.5,S,49,55139.60,4389.68,17932491.6,91195423.1,444229427
3116.5,S,62,55162.29,4391.23,17932491.6,91195613.5,444229598
3117.5,S,62,55189.09,4392.70,17932491.6,91195613.8,444229599
3118.5,S,62,55213.29,4394.09,17932491.6,91195766.2,444229972
3119.5,S,58,55236.73,4395.59,17932491.6,91195831.5,444230135
3120.5,S,57,55259.66,4397.21,17932491.6,91195941.2,444230229
3121.5,S,53,55273.69,4398.50,17932491.6,91196703.1,444230875
3122.5,S,59,55290.61,4400.02,17932491.6,91196811.4,444230977
3123.5,S,59,55315.39,4402.53,17932491.6,91196811.4,444230977
3124.5,S,58,55341.67,4407.17,17932491.6,91196829.3,444231121
3125.5,S,57,55367.33,4411.70,17932491.6,91196858.8,444231154
3126.5,S,57,55388.52,4415.17,17932491.6,91197013.5,444231572
3127.5,S,55,55407.62,4419.55,17932491.6,91197381.1,444232265
3128.5,S,47,55420.71,4424.50,17932491.6,91197872.1,444232687
3129.5,S,47,55429.10,4428.11,17932491.6,91197975.2,444232994
3130.5,S,47,55440.70,4433.33,17932491.6,91197976.5,444232999
3131.5,S,47,55452.37,4438.47,17932491.6,91198073.0,444233113
3132.5,S,56,55469.35,4443.13,17932491.6,91198271.3,444233344
3133.5,S,56,55490.36,4448.09,17932491.6,91198271.8,444233352
3134.5,S,56,55511.47,4452.92,17932491.6,91198272.3,444233361
3135.5,S,59,55531.31,4457.38,17932491.6,91198430.6,444233545
3136.5,S,55,55553.02,4462.53,17932491.6,91198754.4,444233902
3137.5,S,54,55572.14,4467.14,17932491.6,91198876.7,444234087
3138.5,S,72,55593.23,4470.27,17932491.6,91199206.5,444234383
3139.5,S,72,55627.50,4470.98,17932491.6,91199217.2,444234424
3140.5,S,71,55660.33,4471.59,17932491.6,91199295.3,444234810
3141.5,S,75,55695.32,4472.07,17932491.6,91199341.6,444234876
3142.5,S,74,55729.72,4472.56,17932491.6,91199381.9,444234989
3143.5,S,74,55764.06,4473.12,17932491.6,91199455.0,444235227
3144.5,S,70,55786.91,4473.74,17932491.6,91200058.1,444236167
3145.5,S,60,55800.19,4474.95,17932491.6,91201265.7,444237178
3146.5,S,73,55824.57,4475.98,17932491.6,91201405.8,444237310
3147.5,S,72,55858.62,4476.57,17932491.6,91201417.1,444237329
3148.5,S,71,55891.65,4477.23,17932491.6,91201433.9,444237347
3149.5,S,71,55924.76,4477.91,17932491.6,91201434.1,444237349
3150.5,S,70,55957.47,4478.58,17932491.6,91201473.9,444237404
3151.5,S,69,55988.79,4479.27,17932491.6,91201523.0,444237512
3152.5,S,62,56012.91,4480.22,17932491.6,91202232.6,444238152
3153.5,S,47,56018.55,4481.15,17932491.6,91203126.7,444238937
3154.5,S,47,56028.05,4482.67,17932491.6,91203317.1,444239113
3155.5,S,47,56034.08,4483.75,17932491.6,91203418.4,444239452
3156.5,S,51,56046.29,4485.47,17932491.6,91203420.8,444239474
3157.5,S,51,56058.75,4487.04,17932491.6,91203461.0,444239594
3158.5,S,47,56068.16,4488.46,17932491.6,91203612.9,444239729
3159.5,S,47,56076.85,4490.53,17932491.6,91203804.3,444239993
3160.5,S,47,56085.72,4491.92,17932491.6,91203805.3,444240003
3161.5,S,47,56094.61,4493.14,17932491.6,91203805.5,444240009
3162.5,S,47,56100.96,4494.10,17932491.6,91203884.5,444240315
3163.5,S,51,56112.31,4495.67,17932491.6,91203910.4,444240405
3164.5,S,51,56124.90,4497.30,17932491.6,91203910.7,444240418
3165.5,S,47,56134.26,4498.55,17932491.6,91204101.2,444240594
3166.5,S,47,56143.94,4500.04,17932491.6,91204101.4,444240602
3167.5,S,47,56153.79,4501.43,17932491.6,91204102.2,444240606
3168.6,S,47,56163.38,4502.91,17932491.6,91204102.4,444240611
3169.6,S,47,56171.25,4504.33,17932491.6,91204395.7,444241218
3170.6,S,47,56180.09,4505.78,17932491.6,91204396.4,444241221
3171.6,S,47,56188.83,4507.26,17932491.6,91204396.5,444241226
3172.6,S,47,56197.62,4508.73,17932491.6,91204396.8,444241248
3173.6,S,47,56206.23,4510.22,17932491.6,91204397.3,444241250
3174.6,S,47,56214.95,4511.71,17932491.6,91204398.0,444241257
3175.6,S,47,56223.72,4513.06,17932491.6,91204491.8,444241654
3176.6,S,62,56238.41,4514.73,17932491.6,91204692.0,444241915
3177.6,S,62,56261.80,4516.27,17932491.6,91204692.3,444241925
3178.6,S,62,56285.14,4517.70,17932491.6,91204692.8,444241948
3179.6,S,62,56308.55,4519.11,17932491.6,91204693.2,444241950
3180.6,S,61,56329.97,4520.84,17932491.6,91204943.7,444242532
3181.6,S,55,56347.15,4523.63,17932491.6,91205539.9,444243045
3182.6,S,81,56370.39,4526.56,17932491.6,91205812.9,444243286
3183.6,S,81,56405.84,4526.97,17932491.6,91205813.1,444243302
3184.6,S,81,56440.89,4527.39,17932491.6,91205813.6,444243308
3185.6,S,80,56475.49,4527.81,17932491.6,91205832.7,444243372
3186.6,S,78,56511.04,4528.20,17932491.6,91205872.2,444243606
3187.6,S,76,56546.41,4528.61,17932491.6,91205969.2,444243698
3188.6,S,75,56581.51,4529.08,17932491.6,91206127.2,444244041
3189.6,S,70,56614.15,4529.72,17932491.6,91206837.5,444244658
3190.6,S,62,56640.71,4531.15,17932491.6,91207788.9,444245464
3191.6,S,77,56655.06,4532.79,17932491.6,91208581.6,444246142
3192.6,S,113,56690.06,4533.75,17932491.6,91208582.9,444246144
3193.6,S,113,56725.71,4534.17,17932491.6,91208583.9,444246160
3194.6,S,112,56761.13,4534.58,17932491.6,91208598.6,444246189
3195.6,S,111,56796.87,4535.02,17932491.6,91208617.8,444246509
3196.6,S,110,56832.51,4535.42,17932491.6,91208722.5,444246614
3197.6,S,109,56868.22,4535.82,17932491.6,91208743.2,444246680
3198.6,S,107,56903.73,4536.24,17932491.6,91208809.3,444246860
3199.6,S,104,56939.02,4536.68,17932491.6,91208934.3,444247136
3200.6,S,103,56968.00,4537.15,17932491.6,91209049.6,444247526
3201.6,S,96,57003.51,4537.68,17932491.6,91209579.3,444248065
3202.6,S,95,57039.03,4538.12,17932491.6,91209675.7,444248199
3203.6,S,93,57073.76,4538.59,17932491.6,91209844.8,444248340
3204.6,S,82,57108.52,4539.21,17932491.6,91210650.1,444249036
3205.6,S,74,57134.10,4540.42,17932491.6,91211812.8,444250020
3206.6,S,59,57139.69,4541.14,17932491.6,91212784.5,444251043
3207.6,S,47,57144.86,4542.58,17932491.6,91213181.4,444251631
3208.6,S,47,57152.47,4544.30,17932491.6,91213182.8,444251675
3209.6,S,47,57160.12,4545.60,17932491.6,91213189.9,444251704
3210.6,S,47,57167.27,4547.12,17932491.6,91213196.7,444251764
3211.6,S,47,57174.97,4548.60,17932491.6,91213196.9,444251775
3212.7,S,47,57182.82,4549.99,17932491.6,91213234.4,444251816
3213.7,S,47,57190.55,4551.36,17932491.6,91213262.5,444251847
3214.7,S,47,57198.26,4552.86,17932491.6,91213263.2,444251853
3215.7,S,47,57206.02,4554.25,17932491.6,91213263.4,444251858
3216.7,S,47,57213.30,4555.55,17932491.6,91213269.5,444251937
3217.7,S,51,57223.77,4557.05,17932491.6,91213301.7,444252019
3218.7,S,51,57235.31,4558.50,17932491.6,91213301.9,444252023
3219.7,S,53,57242.66,4559.65,17932491.6,91213492.9,444252582
3220.7,S,52,57256.64,4561.42,17932491.6,91213503.5,444252592
3221.7,S,52,57269.96,4563.12,17932491.6,91213503.8,444252599
3222.7,S,52,57283.18,4564.81,17932491.6,91213504.2,444252607
3223.7,S,52,57294.19,4566.23,17932491.6,91213736.6,444252945
3224.7,S,61,57309.53,4567.71,17932491.6,91213954.5,444253141
3225.7,S,60,57332.64,4569.23,17932491.6,91213961.1,444253324
3226.7,S,60,57355.11,4570.81,17932491.6,91213974.1,444253615
3227.7,S,60,57374.35,4572.54,17932491.6,91214010.2,444254615
3228.7,S,60,57388.00,4573.88,17932491.6,91214045.1,444255616
3229.7,S,52,57403.60,4575.76,17932491.6,91214744.8,444256217
3230.7,S,65,57423.41,4577.43,17932491.6,91214960.2,444256421
3231.7,S,64,57450.62,4579.15,17932491.6,91214974.1,444256449
3232.7,S,63,57477.09,4580.54,17932491.6,91215001.2,444256482
3233.7,S,59,57500.34,4582.01,17932491.6,91215185.8,444256936
3234.7,S,58,57523.91,4583.57,17932491.6,91215229.9,444257026
3235.7,S,54,57540.12,4585.67,17932491.6,91215929.6,444257641
3236.7,S,68,57561.67,4587.62,17932491.6,91216205.2,444257876
3237.7,S,68,57592.18,4589.02,17932491.6,91216222.7,444257908
3238.7,S,65,57621.25,4590.47,17932491.6,91216366.0,444258059
3239.7,S,63,57647.15,4591.98,17932491.6,91216442.8,444258237
3240.7,S,62,57673.85,4593.29,17932491.6,91216485.2,444258434
3241.7,S,62,57700.52,4594.65,17932491.6,91216665.2,444258716
3242.7,S,49,57715.17,4596.13,17932491.6,91217588.8,444259508
3243.7,S,64,57736.83,4597.62,17932491.6,91217747.5,444259655
3244.7,S,64,57764.56,4599.23,17932491.6,91217747.7,444259664
3245.7,S,62,57791.68,4600.87,17932491.6,91217797.3,444259762
3246.7,S,61,57818.25,4602.16,17932491.6,91217838.6,444259805
3247.7,S,61,57844.25,4603.36,17932491.6,91217839.3,444259859
3248.7,S,61,57863.97,4604.55,17932491.6,91218028.1,444260324
3249.7,S,51,57871.75,4605.87,17932491.6,91218864.7,444261324
3250.7,S,47,57878.93,4607.37,17932491.6,91219145.3,444261640
3251.7,S,47,57887.73,4608.54,17932491.6,91219145.5,444261646
3252.7,S,47,57896.39,4610.04,17932491.6,91219239.1,444261874
3253.7,S,56,57909.68,4612.03,17932491.6,91219337.3,444262077
3254.7,S,55,57926.18,4613.89,17932491.6,91219351.9,444262131
3255.7,S,55,57942.47,4615.70,17932491.6,91219352.2,444262142
3256.7,S,55,57957.86,4617.31,17932491.6,91219455.1,444262261
3257.7,S,55,57968.64,4618.63,17932491.6,91219672.2,444262834
3258.7,S,71,57977.62,4619.93,17932491.6,91220038.9,444263442
3259.7,S,71,58010.19,4620.83,17932491.6,91220040.4,444263451
3260.7,S,70,58041.87,4621.52,17932491.6,91220052.6,444263484
3261.7,S,70,58072.74,4622.12,17932491.6,91220052.9,444263491
3262.7,S,70,58104.67,4622.87,17932491.6,91220065.6,444263518
3263.7,S,68,58134.73,4623.63,17932491.6,91220197.0,444263763
3264.7,S,65,58157.46,4624.49,17932491.6,91220605.6,444264449
3265.7,S,55,58171.78,4625.80,17932491.6,91221748.5,444265416
3266.8,S,80,58199.03,4627.05,17932491.6,91221856.3,444265545
3267.8,S,78,58234.55,4627.49,17932491.6,91221874.6,444265645
3268.8,S,78,58270.11,4627.91,17932491.6,91221876.5,444265651
3269.8,S,78,58305.69,4628.33,17932491.6,91221877.0,444265659
3270.8,S,76,58340.95,4628.80,17932491.6,91222054.3,444265895
3271.8,S,76,58375.95,4629.22,17932491.6,91222055.9,444265964
3272.8,S,74,58410.06,4629.72,17932491.6,91222250.3,444266148
3273.8,S,70,58420.51,4630.94,17932491.6,91223421.1,444267148
3274.8,S,47,58424.82,4632.64,17932491.6,91224146.7,444267766
3275.9,S,47,58431.80,4633.84,17932491.6,91224230.0,444267981
3276.9,S,47,58439.36,4635.30,17932491.6,91224230.8,444267983
3277.9,S,47,58447.13,4636.66,17932491.6,91224231.1,444267992
3278.9,S,47,58454.86,4638.02,17932491.6,91224231.3,444268005
3279.9,S,47,58462.59,4639.47,17932491.6,91224232.6,444268019
3280.9,S,47,58470.31,4640.90,17932491.6,91224232.7,444268024
3281.9,S,51,58480.87,4642.49,17932491.6,91224329.9,444268121
3282.9,S,51,58492.25,4644.12,17932491.6,91224330.3,444268129
3283.9,S,53,58500.14,4645.33,17932491.6,91224521.7,444268582
3284.9,S,53,58514.22,4647.02,17932491.6,91224534.8,444268939
3285.9,S,52,58527.64,4648.68,17932491.6,91224536.3,444269018
3286.9,S,52,58540.40,4650.34,17932491.6,91224559.4,444269556
3287.9,S,52,58552.99,4652.02,17932491.6,91224584.6,444270223
3288.9,S,52,58556.03,4652.33,17932491.6,91224623.9,444271224
3289.9,S,53,58557.67,4652.67,17932491.6,91224943.3,444272122
3290.9,S,70,58584.33,4654.06,17932491.6,91224952.1,444272142
3291.9,S,70,58615.14,4654.93,17932491.6,91225035.8,444272220
3292.9,S,66,58644.48,4656.07,17932491.6,91225245.8,444272417
3293.9,S,63,58671.86,4657.62,17932491.6,91225323.9,444272502
3294.9,S,63,58699.21,4659.14,17932491.6,91225324.0,444272510
3295.9,S,62,58723.75,4660.46,17932491.6,91225560.6,444273105
3296.9,S,60,58734.17,4661.75,17932491.6,91226310.7,444274106
3297.9,S,73,58749.35,4663.26,17932491.6,91226685.7,444274438
3298.9,S,73,58781.22,4664.05,17932491.6,91226686.2,444274447
3299.9,S,72,58812.51,4664.69,17932491.6,91226705.2,444274470
3300.9,S,70,58841.87,4665.46,17932491.6,91226800.9,444274843
3301.9,S,66,58866.33,4666.72,17932491.6,91227058.8,444275401
3302.9,S,66,58895.29,4668.11,17932491.6,91227060.4,444275429
3303.9,S,66,58916.34,4669.30,17932491.6,91227323.1,444276272
3305.0,S,50,58925.67,4670.33,17932491.6,91228411.7,444277365
3306.0,S,50,58934.03,4671.63,17932491.6,91228451.1,444278353
3307.6,S,63,58954.97,4672.98,17932491.6,91228485.8,444279187
3308.6,S,63,58978.09,4673.80,17932491.6,91228502.9,444279715
3309.6,S,67,59005.92,4675.33,17932491.6,91228504.6,444279838
3310.6,S,66,59034.53,4676.94,17932491.6,91228543.8,444279871
3311.6,S,64,59062.26,4678.50,17932491.6,91228647.2,444279963
3312.6,S,59,59082.06,4679.91,17932491.6,91229386.6,444280721
3313.6,S,54,59088.45,4680.69,17932491.6,91229867.6,444281721
3314.6,S,63,59109.68,4682.04,17932491.6,91229960.5,444281815
3315.6,S,63,59136.66,4683.59,17932491.6,91229975.4,444281832
3316.6,S,62,59162.93,4684.94,17932491.6,91229988.0,444281855
3317.6,S,62,59188.80,4686.68,17932491.6,91230178.7,444282176
3318.6,S,60,59213.74,4688.09,17932491.6,91230272.5,444282426
3319.6,S,60,59232.91,4689.38,17932491.6,91230400.4,444282812
3320.6,S,59,59241.17,4690.65,17932491.6,91230710.6,444283813
3321.8,S,47,59247.36,4691.75,17932491.6,91231224.9,444284658
3322.8,S,47,59256.17,4693.23,17932491.6,91231225.1,444284660
3323.8,S,47,59264.30,4694.51,17932491.6,91231250.3,444284729
3324.8,S,47,59270.10,4695.36,17932491.6,91231329.3,444285108
3325.8,S,47,59278.27,4696.85,17932491.6,91231492.5,444285569
3326.8,S,55,59291.79,4698.87,17932491.6,91231520.0,444285663
3327.8,S,55,59308.13,4700.71,17932491.6,91231521.6,444285676
3328.8,S,55,59324.26,4702.51,17932491.6,91231521.8,444285680
3329.8,S,55,59340.37,4704.31,17932491.6,91231620.5,444285940
3330.8,S,55,59349.87,4705.52,17932491.6,91231869.2,444286647
3331.8,S,74,59357.56,4706.56,17932491.6,91232211.7,444287196
3332.8,S,72,59391.15,4707.19,17932491.6,91232227.9,444287223
3333.8,S,72,59423.99,4707.85,17932491.6,91232228.1,444287224
3334.8,S,72,59457.05,4708.49,17932491.6,91232228.4,444287226
3335.8,S,71,59489.36,4709.12,17932491.6,91232265.9,444287258
3336.8,S,70,59520.99,4709.84,17932491.6,91232362.7,444287474
3337.8,S,68,59543.03,4710.44,17932491.6,91232564.5,444288119
3338.8,S,68,59561.30,4711.37,17932491.6,91232864.8,444289120
3339.8,S,65,59566.04,4712.62,17932491.6,91233402.2,444290120
3340.8,S,62,59567.89,4713.39,17932491.6,91233843.9,444291172
3341.8,S,72,59581.99,4714.92,17932491.6,91234265.1,444291556
3342.8,S,72,59613.69,4715.61,17932491.6,91234274.4,444291569
3343.8,S,70,59644.27,4716.23,17932491.6,91234299.6,444291596
3344.8,S,70,59674.74,4716.94,17932491.6,91234299.8,444291598
3345.8,S,69,59705.35,4717.68,17932491.6,91234356.6,444291658
3346.8,S,68,59735.63,4718.49,17932491.6,91234472.5,444291762
3347.8,S,64,59753.74,4719.44,17932491.6,91234752.9,444292632
3348.8,S,62,59767.34,4720.58,17932491.6,91235042.4,444293633
3350.1,S,61,59769.65,4721.55,17932491.6,91235726.6,444294890
3351.1,S,47,59775.96,4722.79,17932491.6,91235976.9,444295484
3352.1,S,47,59783.66,4724.51,17932491.6,91236068.2,444295567
3353.1,S,47,59791.54,4725.85,17932491.6,91236069.7,444295569
3354.1,S,47,59799.59,4727.23,17932491.6,91236070.0,444295572
3355.1,S,51,59809.76,4728.79,17932491.6,91236082.8,444295594
3356.1,S,51,59821.24,4730.40,17932491.6,91236083.1,444295599
3357.1,S,53,59831.17,4731.73,17932491.6,91236358.9,444295915
3358.1,S,52,59844.54,4733.51,17932491.6,91236364.9,444295938
3359.1,S,52,59858.01,4735.28,17932491.6,91236366.1,444295942
3360.1,S,52,59871.26,4737.00,17932491.6,91236366.4,444295943
3361.1,S,52,59884.01,4738.71,17932491.6,91236391.2,444296173
3362.1,S,52,59885.09,4738.90,17932491.6,91236714.4,444297174
3363.1,S,68,59894.44,4739.78,17932491.6,91236849.6,444297692
3364.1,S,68,59924.53,4740.95,17932491.6,91236851.1,444297705
3365.1,S,68,59953.44,4742.17,17932491.6,91236931.4,444297938
3366.2,S,64,59981.28,4743.90,17932491.6,91237060.2,444298225
3367.2,S,64,60008.34,4745.30,17932491.6,91237103.4,444298267
3368.2,S,63,60034.81,4746.66,17932491.6,91237273.1,444298416
3369.2,S,63,60047.36,4747.54,17932491.6,91237578.8,444299211
3370.3,S,60,60051.46,4748.11,17932491.6,91237887.9,444300263
3371.3,S,54,60058.49,4749.21,17932491.6,91238383.6,444301105
3372.3,S,72,60084.38,4750.39,17932491.6,91238412.0,444301145
3373.3,S,71,60115.48,4751.10,17932491.6,91238422.6,444301156
3374.3,S,67,60142.83,4752.06,17932491.6,91238618.8,444301735
3375.3,S,66,60171.87,4753.80,17932491.6,91238633.9,444301793
3376.3,S,66,60200.79,4755.37,17932491.6,91238636.2,444301799
3377.3,S,66,60227.10,4756.79,17932491.6,91238750.2,444302257
3378.4,S,62,60240.74,4757.98,17932491.6,91239068.6,444303376
3379.4,S,59,60244.59,4758.76,17932491.6,91239650.2,444304377
3380.4,S,56,60247.08,4759.34,17932491.6,91239983.5,444305377
3381.4,S,68,60257.83,4760.73,17932491.6,91240132.6,444305886
3382.4,S,68,60287.49,4762.21,17932491.6,91240134.3,444305892
3383.4,S,68,60317.36,4763.69,17932491.6,91240134.5,444305894
3384.4,S,68,60347.10,4765.20,17932491.6,91240155.4,444305988
3385.4,S,64,60371.85,4766.63,17932491.6,91240326.0,444306330
3386.4,S,63,60399.07,4767.98,17932491.6,91240466.1,444306453
3387.4,S,63,60417.19,4769.11,17932491.6,91240823.5,444307305
3388.4,S,63,60420.24,4769.47,17932491.6,91241079.7,444308306
3389.4,S,52,60426.15,4770.40,17932491.6,91241660.3,444309272
3390.4,S,63,60446.26,4771.85,17932491.6,91241687.3,444309405
3391.4,S,62,60472.74,4773.23,17932491.6,91241716.5,444309515
3392.4,S,62,60498.66,4775.02,17932491.6,91241901.3,444310135
3393.4,S,62,60524.58,4776.43,17932491.6,91241902.9,444310138
3394.4,S,62,60550.78,4777.82,17932491.6,91241914.1,444310173
3395.4,S,61,60573.53,4779.18,17932491.6,91242039.2,444310611
3396.5,S,59,60581.06,4780.35,17932491.6,91242527.1,444311712
3397.7,S,47,60585.63,4781.23,17932491.6,91243071.4,444312660
3398.7,S,47,60594.23,4782.65,17932491.6,91243073.3,444312663
3399.7,S,47,60602.83,4784.06,17932491.6,91243074.1,444312669
3400.7,S,56,60612.85,4785.96,17932491.6,91243264.7,444312834
3401.7,S,55,60629.20,4787.85,17932491.6,91243270.9,444312844
3402.7,S,55,60645.48,4789.70,17932491.6,91243368.1,444312927
3403.7,S,55,60661.68,4791.50,17932491.6,91243412.0,444312966
3404.7,S,55,60677.46,4793.26,17932491.6,91243502.9,444313066
3405.7,S,48,60685.74,4794.39,17932491.6,91243954.2,444313760
3406.7,S,69,60709.67,4795.81,17932491.6,91243959.3,444313773
3407.7,S,69,60741.28,4796.86,17932491.6,91243960.6,444313783
3408.7,S,69,60772.61,4797.79,17932491.6,91243960.9,444313787
3409.7,S,67,60803.24,4798.83,17932491.6,91244043.8,444313962
3410.7,S,64,60830.67,4800.19,17932491.6,91244163.3,444314302
3411.7,S,64,60859.12,4801.81,17932491.6,91244163.4,444314304
3412.7,S,63,60872.90,4802.60,17932491.6,91244512.3,444315286
3413.8,S,64,60873.19,4803.07,17932491.6,91245071.7,444316446
3415.5,S,62,60873.47,4803.28,17932491.6,91245341.3,444318148
3416.6,S,49,60877.54,4804.03,17932491.6,91245728.5,444318985
3417.6,S,70,60905.15,4805.34,17932491.6,91245741.8,444319008
3418.6,S,70,60936.66,4806.33,17932491.6,91245742.1,444319011
3419.6,S,69,60967.67,4807.37,17932491.6,91245764.1,444319032
3420.6,S,68,60998.71,4808.60,17932491.6,91245798.1,444319062
3421.6,S,67,61028.20,4809.86,17932491.6,91245930.2,444319189
3422.6,S,66,61051.44,4810.97,17932491.6,91246125.9,444319754
3423.6,S,64,61066.29,4812.18,17932491.6,91246436.2,444320755
3424.6,S,61,61068.99,4813.00,17932491.6,91246973.1,444321756
3425.6,S,64,61070.74,4813.63,17932491.6,91247380.0,444322774
3426.7,S,47,61077.33,4815.06,17932491.6,91247437.2,444323048
3427.7,S,51,61088.35,4816.78,17932491.6,91247449.5,444323070
3428.7,S,51,61099.92,4818.41,17932491.6,91247449.9,444323073
3429.7,S,53,61112.00,4820.15,17932491.6,91247641.4,444323237
3430.7,S,53,61126.44,4821.94,17932491.6,91247641.6,444323240
3431.7,S,52,61140.20,4823.82,17932491.6,91247677.5,444323275
3432.7,S,52,61153.41,4825.60,17932491.6,91247774.9,444323361
3433.7,S,56,61165.82,4827.20,17932491.6,91247939.9,444323793
3434.7,S,53,61176.91,4828.65,17932491.6,91248160.1,444324531
3435.7,S,62,61196.75,4829.95,17932491.6,91248308.0,444325016
3436.7,S,59,61217.26,4831.52,17932491.6,91248363.1,444325208
3437.7,S,59,61239.21,4833.00,17932491.6,91248454.7,444325495
3438.7,S,59,61261.50,4834.44,17932491.6,91248455.0,444325502
3439.7,S,62,61282.41,4835.66,17932491.6,91248521.1,444325725
3440.7,S,61,61295.80,4836.81,17932491.6,91249086.2,444326601
3441.7,S,57,61301.03,4837.62,17932491.6,91249367.8,444327601
3442.7,S,52,61310.14,4839.10,17932491.6,91249574.2,444328253
3443.7,S,73,61334.68,4840.34,17932491.6,91249608.3,444328479
3444.7,S,72,61368.10,4840.99,17932491.6,91249623.1,444328500
3445.7,S,71,61400.23,4841.65,17932491.6,91249639.2,444328516
3446.7,S,70,61431.61,4842.31,17932491.6,91249696.1,444328576
3447.7,S,68,61462.53,4843.02,17932491.6,91249873.0,444328733
3448.7,S,68,61492.15,4843.83,17932491.6,91250008.6,444328907
3449.7,S,66,61506.41,4844.57,17932491.6,91250314.4,444329908
3450.7,S,65,61513.52,4845.46,17932491.6,91250675.4,444330909
3451.8,S,59,61516.81,4846.42,17932491.6,91251269.4,444332009
3452.8,S,55,61522.55,4847.26,17932491.6,91251463.1,444332659
3453.8,S,70,61552.51,4848.26,17932491.6,91251474.1,444332727
3454.8,S,70,61583.55,4849.08,17932491.6,91251474.7,444332731
3455.8,S,70,61614.71,4849.94,17932491.6,91251523.9,444332886
3456.8,S,66,61642.69,4851.04,17932491.6,91251703.1,444333429
3457.8,S,63,61669.23,4852.41,17932491.6,91251795.8,444333730
3458.8,S,63,61693.34,4853.84,17932491.6,91252288.4,444334370
3459.8,S,62,61702.26,4854.64,17932491.6,91252563.4,444335371
3460.9,S,57,61706.03,4855.34,17932491.6,91253103.5,444336491
3461.9,S,65,61719.00,4857.01,17932491.6,91253357.6,444336987
3462.9,S,65,61746.48,4858.48,17932491.6,91253358.5,444336994
3463.9,S,64,61772.32,4859.90,17932491.6,91253384.6,444337178
3464.9,S,62,61797.53,4861.20,17932491.6,91253453.7,444337404
3465.9,S,62,61823.80,4862.51,17932491.6,91253453.8,444337405
3466.9,S,62,61849.79,4863.85,17932491.6,91253485.8,444337513
3467.9,S,60,61858.44,4864.62,17932491.6,91253773.6,444338514
3468.9,S,54,61863.34,4865.46,17932491.6,91254397.0,444339514
3469.9,S,47,61866.54,4866.07,17932491.6,91254669.4,444340515
3470.9,S,47,61875.17,4867.43,17932491.6,91254701.1,444340689
3471.9,S,47,61879.53,4868.18,17932491.6,91254708.4,444341250
3472.9,S,47,61879.53,4868.18,17932491.6,91254717.6,444342252
3473.9,S,47,61879.53,4868.18,17932491.6,91254727.6,444343253
3474.9,S,47,61879.53,4868.18,17932491.6,91254737.2,444344254
3475.9,S,55,61884.11,4869.19,17932491.6,91254899.0,444344884
3476.9,S,55,61900.27,4871.15,17932491.6,91254900.6,444344891
3477.9,S,55,61916.59,4872.94,17932491.6,91254901.3,444344897
3478.9,S,55,61932.68,4874.76,17932491.6,91254901.4,444344907
3479.9,S,54,61948.04,4876.56,17932491.6,91255134.1,444345106
3480.9,S,48,61956.08,4877.87,17932491.6,91255475.3,444345850
3481.9,S,65,61980.25,4879.15,17932491.6,91255500.2,444345934
3482.9,S,65,62009.33,4880.41,17932491.6,91255532.2,444346051
3483.9,S,65,62038.97,4881.85,17932491.6,91255532.4,444346054
3484.9,S,65,62068.76,4883.20,17932491.6,91255532.6,444346060
3485.9,S,65,62098.29,4884.57,17932491.6,91255620.1,444346160
3486.9,S,63,62119.01,4885.74,17932491.6,91255937.8,444346775
3487.9,S,62,62130.79,4886.76,17932491.6,91256268.5,444347776
3488.9,S,58,62135.67,4887.56,17932491.6,91256833.2,444348777
3489.9,S,60,62143.43,4888.50,17932491.6,91257162.0,444349727
3490.9,S,52,62156.74,4890.28,17932491.6,91257186.2,444350289
3491.9,S,52,62168.14,4891.42,17932491.6,91257203.2,444350584
3492.9,S,52,62181.58,4893.11,17932491.6,91257203.4,444350587
3493.9,S,52,62194.72,4894.83,17932491.6,91257211.1,444350757
3494.9,S,52,62202.75,4896.27,17932491.6,91257252.2,444351758
3495.9,S,52,62209.20,4897.36,17932491.6,91257437.7,444352759
3496.9,S,48,62213.45,4898.02,17932491.6,91257677.3,444353533
3497.9,S,77,62242.04,4898.99,17932491.6,91257685.0,444353574
3498.9,S,75,62276.60,4899.50,17932491.6,91257706.6,444353658
3499.9,S,74,62311.39,4900.04,17932491.6,91257731.0,444353757
3500.9,S,74,62345.82,4900.67,17932491.6,91257731.2,444353761
3501.9,S,74,62380.02,4901.30,17932491.6,91257733.1,444353772
3502.9,S,73,62413.82,4901.96,17932491.6,91257783.0,444353916
3503.9,S,70,62439.99,4902.78,17932491.6,91258432.7,444354507
3504.9,S,65,62440.59,4903.21,17932491.6,91259122.0,444355509
3505.9,S,51,62440.96,4903.52,17932491.6,91259699.0,444356484
3506.9,S,51,62452.37,4905.20,17932491.6,91259705.3,444356506
3507.9,S,51,62463.69,4906.65,17932491.6,91259727.0,444357507
3508.9,S,51,62471.45,4908.06,17932491.6,91259734.1,444358508
3509.9,S,51,62479.17,4909.41,17932491.6,91259734.1,444359509
3510.9,S,51,62480.86,4909.77,17932491.6,91259738.3,444360510
3513.2,S,52,62490.20,4911.51,17932491.6,91260045.3,444362135
3514.2,S,52,62503.38,4913.27,17932491.6,91260046.4,444362145
3515.2,S,56,62517.04,4914.74,17932491.6,91260065.3,444362209
3516.2,S,56,62534.15,4916.54,17932491.6,91260065.5,444362212
3517.2,S,56,62550.01,4918.45,17932491.6,91260456.2,444362555
3518.2,S,65,62570.45,4920.07,17932491.6,91260646.7,444362736
3519.2,S,65,62597.51,4921.45,17932491.6,91260648.1,444362740
3520.2,S,64,62624.25,4922.94,17932491.6,91260673.2,444362832
3521.2,S,63,62650.18,4924.07,17932491.6,91260735.9,444362984
3522.2,S,67,62677.84,4925.71,17932491.6,91260753.3,444363099
3523.2,S,66,62701.81,4927.07,17932491.6,91260959.0,444363835
3524.2,S,65,62707.06,4927.65,17932491.6,91261554.4,444364835
3525.3,S,65,62710.06,4928.47,17932491.6,91262135.6,444365883
3526.3,S,53,62717.25,4929.40,17932491.6,91262211.8,444366834
3527.3,S,53,62725.10,4930.78,17932491.6,91262220.9,444367834
3528.3,S,67,62740.12,4932.17,17932491.6,91262224.2,444368428
3529.3,S,67,62769.47,4933.59,17932491.6,91262231.4,444368991
3530.3,S,67,62773.58,4933.81,17932491.6,91262241.0,444369992
3532.8,S,63,62800.69,4935.22,17932491.6,91262278.4,444371567
3533.8,S,67,62829.67,4936.55,17932491.6,91262298.8,444371601
3534.8,S,67,62859.22,4938.05,17932491.6,91262299.5,444371629
3535.8,S,67,62888.29,4939.54,17932491.6,91262308.6,444371945
3536.8,S,55,62901.06,4940.90,17932491.6,91263349.1,444372942
3537.8,S,47,62910.54,4942.32,17932491.6,91263694.2,444373250
3538.8,S,47,62920.15,4943.78,17932491.6,91263694.2,444373250
3539.8,S,47,62929.95,4945.14,17932491.6,91263764.5,444373326
3540.8,S,47,62939.22,4946.46,17932491.6,91263797.1,444373413
3541.8,S,47,62949.08,4947.82,17932491.6,91263797.3,444373424
3542.8,S,47,62959.09,4949.20,17932491.6,91263797.5,444373429
3543.8,S,47,62968.64,4950.58,17932491.6,91263798.6,444373434
3544.8,S,47,62978.38,4952.13,17932491.6,91263798.8,444373443
3545.8,S,47,62988.09,4953.52,17932491.6,91263799.0,444373468
3546.8,S,47,62997.69,4955.08,17932491.6,91263799.3,444373470
3547.8,S,47,63004.98,4956.13,17932491.6,91263902.2,444373789
3548.8,S,47,63013.84,4957.67,17932491.6,91264093.1,444374291
3549.8,S,47,63022.82,4959.00,17932491.6,91264093.5,444374294
3550.8,S,47,63031.45,4960.53,17932491.6,91264093.8,444374299
3551.8,S,47,63040.03,4962.01,17932491.6,91264093.9,444374302
3552.8,S,47,63048.97,4963.47,17932491.6,91264094.2,444374308
3553.8,S,47,63057.35,4964.97,17932491.6,91264104.8,444374573
3554.8,S,47,63059.84,4965.67,17932491.6,91264552.2,444375571
3555.8,S,58,63076.20,4967.92,17932491.6,91264579.6,444375606
3556.8,S,58,63095.41,4969.64,17932491.6,91264579.6,444375606
3557.8,S,58,63114.66,4971.24,17932491.6,91264582.4,444375683
3558.8,S,58,63133.99,4972.81,17932491.6,91264608.3,444375717
3559.8,S,56,63151.58,4974.59,17932491.6,91264979.6,444376046
3560.8,S,71,63170.90,4976.03,17932491.6,91265384.5,444376399
3561.8,S,69,63203.68,4976.72,17932491.6,91265513.8,444376519
3562.8,S,69,63236.09,4977.38,17932491.6,91265514.0,444376525
3563.8,S,69,63268.14,4978.01,17932491.6,91265514.2,444376527
3564.8,S,69,63299.83,4978.64,17932491.6,91265516.0,444376539
3565.8,S,66,63330.65,4979.43,17932491.6,91265829.6,444376817
3566.8,S,65,63356.27,4980.69,17932491.6,91266305.1,444377224
3567.8,S,47,63366.47,4981.81,17932491.6,91267389.5,444378151
3568.8,S,87,63399.89,4982.74,17932491.6,91267389.9,444378155
3569.8,S,87,63435.44,4983.18,17932491.6,91267391.3,444378161
3570.8,S,86,63471.08,4983.59,17932491.6,91267407.6,444378202
3571.8,S,86,63506.61,4984.00,17932491.6,91267407.9,444378209
3572.8,S,84,63542.16,4984.48,17932491.6,91267485.9,444378292
3573.8,S,82,63577.28,4984.89,17932491.6,91267569.3,444378365
3574.8,S,82,63611.26,4985.35,17932491.6,91267680.8,444378796
3575.8,S,76,63637.17,4986.05,17932491.6,91268403.9,444379802
3576.8,S,60,63662.33,4987.23,17932491.6,91269292.9,444380553
3577.8,S,47,63669.94,4988.81,17932491.6,91270212.0,444381341
3578.8,S,51,63677.29,4990.36,17932491.6,91270220.7,444381387
3579.8,S,51,63688.73,4992.08,17932491.6,91270220.7,444381387
3580.8,S,51,63699.66,4993.80,17932491.6,91270261.5,444381563
3581.8,S,53,63710.17,4995.39,17932491.6,91270499.2,444381883
3582.8,S,53,63724.47,4997.15,17932491.6,91270500.1,444381898
3583.8,S,53,63738.79,4998.86,17932491.6,91270500.4,444381902
3584.8,S,53,63753.13,5000.55,17932491.6,91270500.6,444381905
3585.8,S,56,63767.11,5002.39,17932491.6,91270784.2,444382270
3586.8,S,65,63787.38,5004.21,17932491.6,91271044.1,444382583
3587.8,S,65,63814.26,5005.62,17932491.6,91271195.8,444382727
3588.9,S,61,63838.82,5007.18,17932491.6,91271243.9,444382793
3589.9,S,61,63863.21,5008.60,17932491.6,91271244.2,444382795
3590.9,S,59,63886.58,5010.04,17932491.6,91271334.8,444383008
3591.9,S,58,63898.32,5010.66,17932491.6,91271909.4,444383851
3593.2,S,53,63909.34,5012.10,17932491.6,91272385.6,444385065
3594.2,S,75,63939.50,5013.13,17932491.6,91272394.2,444385092
3595.2,S,74,63972.32,5013.86,17932491.6,91272424.8,444385699
3596.2,S,74,64003.45,5014.59,17932491.6,91272470.3,444386699
3597.2,S,74,64009.55,5014.76,17932491.6,91272515.4,444387700
3598.2,S,68,64040.26,5015.79,17932491.6,91272663.2,444388337
3599.2,S,68,64071.27,5016.95,17932491.6,91272664.3,444388344
3600.2,S,67,64094.04,5017.84,17932491.6,91272974.0,444389171
3601.2,S,67,64105.00,5018.71,17932491.6,91273327.0,444390175
3602.4,S,62,64108.50,5019.42,17932491.6,91273965.6,444391352
3603.4,S,61,64110.43,5019.66,17932491.6,91274123.2,444392353
3611.3,S,66,64134.94,5021.39,17932491.6,91274255.0,444399306
3612.3,S,66,64160.91,5022.43,17932491.6,91274276.3,444399722
3613.3,S,69,64191.10,5023.83,17932491.6,91274386.2,444399830
3614.3,S,69,64221.09,5025.02,17932491.6,91274386.5,444399831
3615.3,S,67,64250.58,5026.39,17932491.6,91274480.9,444399998
3616.3,S,62,64274.41,5027.80,17932491.6,91275228.5,444400641
3617.3,S,49,64289.47,5029.50,17932491.6,91275887.0,444401206
3618.3,S,59,64309.90,5031.10,17932491.6,91275965.6,444401377
3619.3,S,58,64325.57,5032.18,17932491.6,91276171.0,444402033
3620.3,S,57,64345.34,5034.03,17932491.6,91276217.3,444402177
3621.3,S,57,64365.79,5035.65,17932491.6,91276219.4,444402189
3622.3,S,57,64385.94,5037.33,17932491.6,91276219.6,444402189
3623.3,S,47,64397.66,5038.79,17932491.6,91276997.5,444402878
3624.3,S,47,64406.48,5040.17,17932491.6,91276997.6,444402881
3625.3,S,47,64415.28,5041.56,17932491.6,91276997.8,444402882
3626.3,S,47,64423.72,5042.84,17932491.6,91277029.6,444402914
3627.3,S,47,64432.34,5044.39,17932491.6,91277030.5,444402936
3628.3,S,47,64440.92,5045.75,17932491.6,91277135.6,444403212
3629.3,S,56,64454.81,5047.66,17932491.6,91277221.7,444403402
3630.3,S,56,64471.88,5049.56,17932491.6,91277223.3,444403439
3631.3,S,56,64489.10,5051.38,17932491.6,91277223.7,444403448
3632.3,S,55,64505.06,5053.05,17932491.6,91277347.4,444403747
3633.3,S,55,64518.78,5054.72,17932491.6,91277481.1,444404460
3634.3,S,55,64526.95,5056.22,17932491.6,91277493.6,444405461
3635.3,S,55,64534.80,5057.64,17932491.6,91277504.1,444406461
3636.3,S,55,64542.38,5059.12,17932491.6,91277514.0,444407463
3637.3,S,55,64549.96,5060.51,17932491.6,91277525.5,444408464
3638.3,S,55,64554.44,5061.35,17932491.6,91277625.6,444409465
3639.3,S,58,64559.52,5062.26,17932491.6,91277892.5,444410223
3640.3,S,67,64590.50,5063.27,17932491.6,91277898.5,444410253
3641.3,S,65,64620.12,5064.06,17932491.6,91278035.4,444410458
3642.3,S,65,64649.56,5065.27,17932491.6,91278056.8,444410488
3643.3,S,65,64679.16,5066.67,17932491.6,91278057.1,444410495
3644.3,S,65,64703.79,5067.77,17932491.6,91278199.0,444410839
3645.3,S,61,64728.87,5069.31,17932491.6,91278661.5,444411231
3646.3,S,48,64741.34,5070.45,17932491.6,91279629.7,444412065
3647.3,S,85,64771.14,5071.47,17932491.6,91279638.8,444412082
3648.3,S,85,64806.71,5071.88,17932491.6,91279639.1,444412137
3649.3,S,83,64842.38,5072.35,17932491.6,91279678.3,444412235
3650.3,S,83,64877.89,5072.79,17932491.6,91279680.6,444412269
3651.3,S,81,64913.44,5073.23,17932491.6,91279737.6,444412326
3652.3,S,81,64948.40,5073.66,17932491.6,91279737.9,444412327
3653.3,S,81,64983.97,5074.13,17932491.6,91279770.1,444412413
3654.3,S,73,65007.13,5075.03,17932491.6,91280924.3,444413413
3655.3,S,54,65021.80,5076.23,17932491.6,91281708.4,444414134
3656.3,S,51,65030.17,5077.77,17932491.6,91282276.4,444414630
3657.3,S,51,65041.70,5079.54,17932491.6,91282277.4,444414641
3658.3,S,51,65053.12,5081.15,17932491.6,91282304.8,444414716
3659.3,S,53,65062.01,5082.48,17932491.6,91282467.9,444415114
3660.3,S,53,65076.31,5084.27,17932491.6,91282559.6,444415251
3661.3,S,53,65090.73,5086.04,17932491.6,91282561.3,444415263
3662.3,S,53,65105.17,5087.86,17932491.6,91282561.7,444415263
3663.3,S,56,65115.68,5089.16,17932491.6,91282824.6,444415909
3664.3,S,63,65136.35,5091.03,17932491.6,91283020.6,444416178
3665.3,S,61,65163.10,5092.33,17932491.6,91283137.3,444416286
3666.3,S,57,65186.06,5094.04,17932491.6,91283328.1,444416457
3667.3,S,57,65207.31,5095.54,17932491.6,91283330.5,444416464
3668.3,S,55,65225.89,5097.12,17932491.6,91283421.0,444416699
3669.3,S,55,65237.67,5098.17,17932491.6,91283795.6,444417482
3670.4,S,63,65256.64,5099.77,17932491.6,91284209.0,444417839
3671.4,S,62,65282.87,5101.25,17932491.6,91284223.9,444417913
3672.4,S,58,65305.66,5103.15,17932491.6,91284437.6,444418112
3673.4,S,58,65329.03,5106.26,17932491.6,91284440.1,444418129
3674.4,S,58,65351.77,5110.05,17932491.6,91284521.3,444418342
3675.4,S,59,65372.77,5113.82,17932491.6,91284887.0,444419024
3676.4,S,51,65391.34,5118.45,17932491.6,91285345.2,444419501
3677.4,S,71,65422.13,5119.80,17932491.6,91285537.7,444419665
3678.4,S,69,65453.70,5120.58,17932491.6,91285563.1,444419695
3679.4,S,68,65484.95,5121.47,17932491.6,91285591.3,444419728
3680.4,S,68,65515.94,5122.51,17932491.6,91285593.0,444419733
3681.4,S,68,65546.28,5123.40,17932491.6,91285630.9,444419850
3682.4,S,68,65568.78,5124.18,17932491.6,91285929.3,444420580
3683.4,S,59,65589.26,5125.46,17932491.6,91286791.6,444421443
3684.4,S,71,65605.38,5126.84,17932491.6,91287294.1,444421871
3685.4,S,71,65637.50,5127.53,17932491.7,91287294.5,444421882
3686.4,S,71,65669.51,5128.22,17932491.7,91287295.9,444421885
3687.4,S,71,65701.28,5128.90,17932491.7,91287359.9,444422045
3688.4,S,69,65729.04,5129.88,17932491.7,91287555.1,444422586
3689.4,S,67,65759.39,5131.11,17932491.7,91287644.2,444422735
3690.4,S,60,65785.62,5132.70,17932491.7,91288110.1,444423129
3691.4,S,47,65793.38,5133.89,17932491.7,91289075.5,444423949
3692.4,S,47,65801.51,5135.09,17932491.7,91289185.9,444424057
3693.4,S,55,65814.81,5137.24,17932491.7,91289370.6,444424227
3694.4,S,55,65831.02,5139.11,17932491.7,91289371.0,444424238
3695.4,S,55,65847.58,5140.75,17932491.7,91289371.3,444424244
3696.4,S,55,65863.66,5142.59,17932491.7,91289427.8,444424335
3697.4,S,50,65875.54,5144.22,17932491.7,91289875.2,444424849
3698.4,S,73,65901.03,5145.31,17932491.7,91289959.8,444424936
3699.4,S,73,65934.77,5146.02,17932491.7,91289960.4,444424945
3700.4,S,72,65967.28,5146.63,17932491.7,91290084.1,444425137
3701.4,S,72,65999.97,5147.25,17932491.7,91290118.3,444425231
3702.4,S,71,66032.12,5147.94,17932491.7,91290156.2,444425296
3703.4,S,70,66063.51,5148.59,17932491.7,91290233.6,444425378
3704.4,S,64,66089.20,5149.64,17932491.7,91291097.7,444426117
3705.4,S,74,66098.06,5151.03,17932491.7,91292069.0,444426935
3706.4,S,80,66133.16,5151.71,17932491.7,91292157.7,444427161
3707.4,S,80,66168.76,5152.11,17932491.7,91292159.8,444427167
3708.4,S,80,66204.27,5152.53,17932491.7,91292160.0,444427170
3709.4,S,79,66239.54,5152.99,17932491.7,91292191.5,444427228
3710.4,S,76,66274.84,5153.47,17932491.7,91292306.0,444427370
3711.4,S,74,66309.43,5154.02,17932491.7,91292405.9,444427462
3712.4,S,73,66336.84,5154.85,17932491.7,91293114.5,444428067
3713.4,S,54,66346.66,5155.95,17932491.7,91294174.6,444428989
3714.4,S,47,66353.99,5157.59,17932491.7,91294472.3,444429252
3715.4,S,47,66361.71,5159.05,17932491.7,91294472.6,444429264
3716.4,S,47,66368.92,5160.34,17932491.7,91294489.0,444429321
3717.4,S,47,66376.38,5161.78,17932491.7,91294490.6,444429334
3718.4,S,47,66383.91,5163.15,17932491.7,91294490.8,444429338
3719.4,S,47,66391.63,5164.58,17932491.7,91294491.0,444429344
3720.4,S,47,66399.27,5165.89,17932491.7,91294491.3,444429352
3721.4,S,47,66407.15,5167.21,17932491.7,91294491.5,444429361
3722.4,S,47,66414.94,5168.67,17932491.7,91294492.0,444429373
3723.4,S,51,66422.02,5169.99,17932491.7,91294529.7,444429495
3724.4,S,51,66433.58,5171.74,17932491.7,91294530.2,444429502
3725.4,S,51,66444.60,5173.33,17932491.7,91294593.6,444429631
3726.5,S,52,66456.34,5174.96,17932491.7,91294724.7,444429801
3727.5,S,52,66469.76,5176.52,17932491.7,91294817.0,444430025
3728.5,S,52,66483.09,5178.30,17932491.7,91294817.7,444430031
3729.5,S,52,66496.48,5179.98,17932491.7,91294817.8,444430033
3730.5,S,51,66508.51,5181.55,17932491.7,91295218.4,444430474
3731.5,S,64,66534.49,5183.13,17932491.7,91295222.8,444430479
3732.5,S,64,66561.01,5184.64,17932491.7,91295280.5,444430670
3733.5,S,60,66578.93,5185.79,17932491.7,91295503.8,444431291
3734.5,S,60,66601.74,5187.41,17932491.7,91295512.7,444431869
3735.5,S,60,66624.23,5188.89,17932491.7,91295522.7,444432870
3736.5,S,60,66632.70,5189.32,17932491.7,91295533.5,444433871
3737.5,S,60,66632.70,5189.34,17932491.7,91295544.2,444434872
3739.1,S,54,66638.91,5190.42,17932491.7,91296498.1,444436229
3740.1,S,68,66664.38,5192.23,17932491.7,91296517.5,444436252
3741.1,S,68,66693.45,5193.83,17932491.7,91296525.1,444436289
3742.1,S,62,66719.69,5195.61,17932491.7,91296758.8,444436493
3743.1,S,62,66746.09,5196.95,17932491.7,91296797.5,444436548
3744.1,S,62,66772.14,5198.10,17932491.7,91296799.9,444436553
3745.1,S,62,66793.39,5199.27,17932491.7,91296970.2,444437070
3746.1,S,59,66795.63,5199.67,17932491.7,91297893.5,444438070
3747.1,S,74,66823.58,5200.66,17932491.7,91297990.2,444438166
3748.1,S,73,66856.07,5201.40,17932491.7,91298002.6,444438191
3749.2,S,71,66887.35,5202.19,17932491.7,91298146.2,444438318
3750.2,S,69,66917.81,5203.06,17932491.7,91298195.9,444438409
3751.2,S,68,66948.39,5204.13,17932491.7,91298237.6,444438497
3752.2,S,68,66976.90,5205.41,17932491.7,91298391.1,444439009
3753.2,S,60,66995.34,5206.55,17932491.7,91299272.1,444439955
3754.2,S,65,67012.88,5208.30,17932491.7,91299871.3,444440472
3755.2,S,64,67040.61,5209.94,17932491.7,91299876.6,444440486
3756.2,S,62,67067.64,5211.39,17932491.7,91299921.7,444440550
3757.2,S,62,67093.72,5213.03,17932491.7,91300112.5,444440731
3758.2,S,62,67119.76,5214.22,17932491.7,91300113.2,444440739
3759.2,S,62,67145.35,5215.50,17932491.7,91300119.4,444440894
3760.2,S,60,67153.10,5216.80,17932491.7,91300884.4,444441894
3761.2,S,47,67161.14,5218.14,17932491.7,91301184.1,444442161
3762.2,S,47,67169.88,5219.40,17932491.7,91301184.4,444442167
3763.2,S,47,67177.87,5220.69,17932491.7,91301287.2,444442260
3764.2,S,47,67185.92,5222.19,17932491.7,91301477.7,444442845
3765.2,S,55,67201.91,5224.24,17932491.7,91301480.7,444442858
3766.2,S,55,67218.21,5226.08,17932491.7,91301481.5,444442862
3767.2,S,55,67234.39,5227.91,17932491.7,91301524.8,444442956
3768.2,S,55,67250.65,5229.53,17932491.7,91301525.2,444442963
3769.2,S,54,67257.45,5230.34,17932491.7,91301997.6,444443858
3770.2,S,69,67273.22,5231.50,17932491.7,91302169.1,444444119
3771.2,S,69,67305.05,5232.65,17932491.7,91302177.4,444444149
3772.2,S,69,67336.60,5233.50,17932491.7,91302177.7,444444154
3773.2,S,69,67368.50,5234.61,17932491.7,91302179.6,444444172
3774.2,S,68,67399.50,5235.63,17932491.7,91302252.8,444444350
3775.2,S,67,67428.56,5236.71,17932491.7,91302421.6,444444636
3776.2,S,58,67453.07,5238.42,17932491.7,91303239.5,444445332
3777.2,S,76,67468.58,5239.80,17932491.7,91303901.9,444445903
3778.2,S,76,67503.57,5240.27,17932491.7,91303903.6,444445919
3779.2,S,76,67538.75,5240.71,17932491.7,91303905.6,444445929
3780.2,S,76,67573.69,5241.16,17932491.7,91304006.8,444446155
3781.2,S,72,67606.59,5241.76,17932491.7,91304149.0,444446532
3782.2,S,71,67638.89,5242.41,17932491.7,91304220.1,444446677
3783.2,S,70,67670.99,5243.10,17932491.7,91304322.5,444446836
3784.2,S,62,67681.56,5244.32,17932491.7,91305502.4,444447837
3785.3,S,47,67688.37,5245.97,17932491.7,91306001.1,444448274
3786.3,S,47,67696.01,5247.52,17932491.7,91306002.1,444448279
3787.3,S,47,67703.80,5248.93,17932491.7,91306002.3,444448306
3788.3,S,47,67711.51,5250.35,17932491.7,91306002.9,444448312
3789.3,S,47,67719.37,5251.76,17932491.7,91306003.0,444448323
3790.3,S,51,67727.13,5253.07,17932491.7,91306105.9,444448439
3791.3,S,51,67738.68,5254.68,17932491.7,91306107.2,444448441
3792.3,S,51,67749.08,5256.30,17932491.7,91306214.9,444448756
3793.3,S,52,67759.79,5257.72,17932491.7,91306305.7,444449034
3794.3,S,52,67772.92,5259.50,17932491.7,91306306.2,444449040
3795.3,S,52,67786.44,5261.23,17932491.7,91306306.4,444449041
3796.3,S,52,67799.87,5262.86,17932491.7,91306347.3,444449668
3797.3,S,52,67807.30,5263.72,17932491.7,91306355.3,444450669
3798.3,S,52,67807.30,5263.72,17932491.7,91306362.3,444451670
3799.3,S,52,67807.30,5263.73,17932491.7,91306368.8,444452671
3803.0,S,54,67811.17,5264.33,17932491.7,91306858.5,444456059
3804.0,S,67,67835.22,5266.12,17932491.7,91306877.4,444456145
3805.0,S,66,67863.53,5267.69,17932491.7,91306892.2,444456176
3806.0,S,62,67888.48,5269.24,17932491.7,91307083.3,444456338
3807.0,S,61,67913.02,5270.53,17932491.7,91307120.7,444456429
3808.0,S,61,67937.22,5272.00,17932491.7,91307123.4,444456488
3809.0,S,60,67953.21,5272.97,17932491.7,91307396.4,444457198
3810.2,S,55,67954.08,5273.42,17932491.7,91308201.1,444458417
3811.2,S,72,67977.44,5274.92,17932491.7,91308232.9,444458458
3812.2,S,71,68008.58,5275.71,17932491.7,91308241.8,444458476
3813.2,S,67,68035.73,5276.65,17932491.7,91308479.6,444459010
3814.2,S,65,68062.23,5278.04,17932491.7,91308582.8,444459307
3815.2,S,65,68090.68,5279.55,17932491.7,91308583.3,444459310
3816.2,S,64,68118.49,5281.14,17932491.7,91308698.2,444459414
3817.2,S,55,68135.43,5282.53,17932491.7,91309624.0,444460196
3818.2,S,66,68153.08,5284.01,17932491.7,91309910.0,444460456
3819.2,S,70,68182.69,5285.39,17932491.7,91309946.1,444460578
3820.2,S,69,68213.49,5286.37,17932491.7,91309947.9,444460644
3821.2,S,69,68244.63,5287.52,17932491.7,91309948.4,444460647
3822.2,S,67,68272.40,5288.36,17932491.7,91310184.2,444461125
3823.2,S,64,68300.06,5290.09,17932491.7,91310315.6,444461291
3824.2,S,57,68314.67,5291.08,17932491.7,91311308.2,444462292
3825.2,S,63,68333.08,5292.37,17932491.7,91311618.5,444462561
3826.2,S,63,68360.02,5293.82,17932491.7,91311620.2,444462574
3827.2,S,63,68386.83,5295.15,17932491.7,91311631.4,444462614
3828.2,S,63,68413.78,5296.58,17932491.7,91311631.7,444462625
3829.3,S,61,68439.38,5298.13,17932491.7,91311854.5,444463177
3830.3,S,60,68463.08,5299.91,17932491.7,91312261.2,444463653
3831.3,S,47,68473.89,5301.30,17932491.7,91312969.5,444464343
3832.3,S,47,68482.61,5302.62,17932491.7,91312969.9,444464344
3833.3,S,47,68491.44,5303.91,17932491.7,91312970.2,444464346
3834.3,S,47,68498.43,5305.00,17932491.7,91313047.5,444464573
3835.3,S,47,68506.60,5306.27,17932491.7,91313074.7,444464651
3836.3,S,55,68519.35,5308.38,17932491.7,91313266.1,444464874
3837.3,S,55,68535.70,5310.08,17932491.7,91313267.5,444464886
3838.3,S,55,68551.87,5311.87,17932491.7,91313267.7,444464892
3839.3,S,55,68567.87,5313.75,17932491.7,91313268.0,444464896
3840.3,S,48,68581.24,5315.51,17932491.7,91313838.6,444465544
3841.3,S,71,68610.03,5316.59,17932491.7,91313948.5,444465649
3842.3,S,70,68641.66,5317.27,17932491.7,91313964.4,444465692
3843.3,S,69,68672.14,5317.93,17932491.7,91313984.4,444465800
3844.3,S,68,68702.88,5318.63,17932491.7,91314019.5,444465887
3845.3,S,67,68732.07,5319.41,17932491.7,91314068.5,444465931
3846.3,S,62,68759.78,5320.84,17932491.7,91314518.0,444466320
3847.3,S,58,68777.01,5322.26,17932491.7,91315390.4,444467061
3848.3,S,80,68795.56,5323.52,17932491.7,91315726.2,444467454
3849.3,S,79,68831.00,5323.96,17932491.7,91315737.4,444467486
3850.3,S,78,68865.45,5324.40,17932491.7,91315852.0,444467786
3851.3,S,77,68900.52,5324.85,17932491.7,91315888.4,444467870
3852.3,S,75,68935.52,5325.28,17932491.7,91315938.6,444467998
3853.3,S,74,68970.85,5325.74,17932491.7,91315987.3,444468045
3854.3,S,73,69005.35,5326.28,17932491.7,91316032.2,444468097
3855.3,S,73,69023.86,5326.84,17932491.7,91316330.9,444468996
3856.3,S,70,69029.53,5327.87,17932491.7,91317435.0,444470006
3857.4,S,47,69034.50,5329.47,17932491.7,91318042.6,444470531
3858.4,S,47,69041.99,5331.03,17932491.7,91318051.5,444470550
3859.4,S,47,69049.63,5332.45,17932491.7,91318051.9,444470554
3860.4,S,47,69057.30,5333.88,17932491.7,91318052.1,444470559
3861.4,S,47,69065.12,5335.33,17932491.7,91318140.8,444470643
3862.4,S,47,69072.81,5336.71,17932491.7,91318141.8,444470670
3863.4,S,47,69080.49,5338.09,17932491.7,91318142.1,444470674
3864.4,S,47,69088.30,5339.25,17932491.7,91318142.2,444470679
3865.4,S,51,69098.94,5340.74,17932491.7,91318157.0,444470735
3866.4,S,51,69110.51,5342.39,17932491.7,91318239.6,444470809
3867.4,S,52,69118.60,5343.59,17932491.7,91318432.7,444471465
3868.4,S,52,69132.03,5345.35,17932491.7,91318432.9,444471471
3869.4,S,52,69145.27,5347.19,17932491.7,91318433.2,444471474
3870.4,S,52,69158.61,5348.97,17932491.7,91318433.5,444471475
3871.4,S,52,69169.93,5350.46,17932491.7,91318550.9,444471770
3872.5,S,65,69177.82,5351.43,17932491.7,91318842.7,444472553
3873.5,S,65,69206.12,5353.35,17932491.7,91318844.1,444472558
3874.5,S,65,69233.27,5354.84,17932491.7,91318864.4,444473078
3875.5,S,65,69257.59,5356.35,17932491.7,91318904.9,444474079
3876.5,S,65,69270.99,5357.11,17932491.7,91318938.8,444475080
3878.3,S,65,69300.15,5358.74,17932491.7,91319008.3,444476876
3879.3,S,55,69312.77,5360.12,17932491.7,91320003.6,444477758
3880.3,S,70,69330.24,5361.60,17932491.7,91320235.0,444477986
3881.3,S,70,69361.12,5362.92,17932491.7,91320235.2,444477988
3882.3,S,69,69391.39,5363.91,17932491.7,91320254.9,444478046
3883.3,S,66,69413.88,5364.83,17932491.7,91320475.8,444478698
3884.3,S,64,69441.47,5366.49,17932491.7,91320478.0,444478705
3885.3,S,64,69468.72,5368.14,17932491.7,91320621.4,444478836
3886.3,S,61,69489.70,5369.56,17932491.7,91321417.4,444479515
3887.3,S,57,69510.22,5371.08,17932491.7,91321757.5,444479806
3888.3,S,60,69533.10,5372.60,17932491.7,91321883.1,444479912
3889.3,S,60,69557.40,5374.05,17932491.7,91321883.6,444479913
3890.3,S,58,69578.97,5375.39,17932491.7,91322030.4,444480323
3891.3,S,54,69595.35,5377.05,17932491.7,91322394.9,444480998
3892.3,S,55,69611.44,5378.78,17932491.7,91322813.7,444481362
3893.3,S,55,69630.38,5380.29,17932491.7,91322917.3,444481460
3894.3,S,55,69652.88,5384.47,17932491.7,91322917.9,444481461
3895.3,S,55,69676.17,5389.08,17932491.7,91322919.1,444481468
3896.3,S,55,69697.02,5393.13,17932491.7,91323025.6,444481837
3897.3,S,50,69714.06,5397.33,17932491.7,91323461.9,444482318
3898.3,S,47,69725.52,5402.30,17932491.7,91323840.6,444482649
3899.3,S,47,69737.09,5407.55,17932491.7,91323841.4,444482658
3900.3,S,47,69744.91,5410.69,17932491.7,91323944.3,444483026
3901.3,S,47,69756.64,5415.81,17932491.7,91323945.8,444483037
3902.3,S,47,69766.85,5420.25,17932491.7,91324238.6,444483296
3903.3,S,56,69786.79,5425.72,17932491.7,91324239.8,444483298
3904.3,S,56,69807.67,5430.82,17932491.7,91324240.4,444483302
3905.3,S,56,69828.82,5435.60,17932491.7,91324240.9,444483633
3906.3,S,60,69851.28,5440.12,17932491.7,91324397.5,444483830
3907.3,S,58,69875.23,5445.07,17932491.7,91324602.3,444484011
3908.3,S,51,69890.62,5449.73,17932491.7,91325056.1,444484401
3909.3,S,71,69917.40,5451.79,17932491.7,91325176.9,444484506
3910.3,S,71,69950.26,5452.44,17932491.7,91325177.1,444484506
3911.3,S,74,69982.24,5453.07,17932491.7,91325300.6,444484827
3912.3,S,73,70016.54,5453.76,17932491.7,91325335.5,444484963
3913.3,S,73,70050.79,5454.36,17932491.7,91325337.6,444485016
3914.3,S,70,70083.53,5455.06,17932491.7,91325607.8,444485269
3915.3,S,61,70105.62,5456.06,17932491.7,91326719.5,444486221
3916.3,S,83,70122.18,5456.85,17932491.7,91327359.2,444486775
3917.3,S,83,70157.71,5457.29,17932491.7,91327360.1,444486784
3918.3,S,82,70193.26,5457.73,17932491.7,91327373.5,444486803
3919.3,S,80,70228.90,5458.14,17932491.7,91327410.8,444486910
3920.3,S,78,70264.13,5458.59,17932491.7,91327469.4,444487077
3921.3,S,77,70299.11,5459.06,17932491.7,91327510.0,444487169
3922.3,S,76,70334.05,5459.54,17932491.7,91327559.6,444487258
3923.3,S,70,70363.56,5460.53,17932491.7,91328361.9,444487987
3924.3,S,54,70380.31,5461.94,17932491.7,91329216.0,444488728
3925.4,S,47,70387.81,5463.31,17932491.7,91329701.2,444489147
3926.4,S,47,70396.64,5464.63,17932491.7,91329701.2,444489147
3927.4,S,47,70405.46,5466.07,17932491.7,91329702.0,444489150
3928.4,S,51,70415.95,5467.67,17932491.7,91329804.8,444489252
3929.4,S,51,70428.40,5469.43,17932491.7,91329805.7,444489261
3930.4,S,47,70438.62,5470.85,17932491.7,91329996.4,444489434
3931.4,S,47,70448.26,5472.30,17932491.7,91329996.5,444489436
3932.4,S,47,70457.90,5473.78,17932491.7,91329997.1,444489443
3933.4,S,47,70467.68,5475.24,17932491.7,91329997.2,444489446
3934.4,S,47,70477.31,5476.75,17932491.7,91329997.5,444489449
3935.4,S,51,70489.06,5478.30,17932491.7,91330100.5,444489548
3936.4,S,51,70502.39,5480.14,17932491.7,91330100.8,444489552
3937.4,S,47,70511.45,5481.41,17932491.7,91330291.8,444489992
3938.4,S,47,70522.08,5482.79,17932491.7,91330292.3,444490001
3939.4,S,47,70532.74,5484.14,17932491.7,91330292.8,444490012
3940.4,S,47,70543.26,5485.71,17932491.7,91330292.8,444490012
3941.4,S,47,70552.70,5487.25,17932491.7,91330628.1,444490874
3942.4,S,47,70559.53,5488.94,17932491.7,91331043.0,444491359
3943.4,S,47,70567.98,5490.64,17932491.7,91331072.1,444492046
3944.4,S,47,70576.48,5492.04,17932491.7,91331074.9,444492171
3945.4,S,47,70585.24,5493.33,17932491.7,91331075.0,444492174
3946.4,S,47,70593.84,5494.88,17932491.7,91331075.3,444492180
3947.4,S,47,70602.53,5496.23,17932491.7,91331076.9,444492186
3948.4,S,47,70611.01,5497.74,17932491.7,91331267.6,444492346
3949.4,S,61,70632.98,5499.27,17932491.7,91331295.6,444492376
3950.4,S,61,70655.28,5500.84,17932491.7,91331295.8,444492380
3951.4,S,61,70677.85,5502.38,17932491.7,91331296.0,444492382
3952.4,S,60,70699.61,5503.99,17932491.7,91331381.5,444492460
3953.4,S,59,70720.17,5505.62,17932491.7,91331778.9,444492809
3954.4,S,75,70740.78,5506.77,17932491.7,91332249.3,444493218
3955.4,S,75,70775.99,5507.23,17932491.7,91332257.7,444493226
3956.4,S,75,70811.58,5507.64,17932491.7,91332258.0,444493230
3957.4,S,74,70847.08,5508.14,17932491.7,91332393.3,444493349
3958.4,S,73,70882.25,5508.58,17932491.7,91332436.2,444493387
3959.4,S,69,70917.01,5509.18,17932491.7,91332620.6,444493548
3960.4,S,67,70949.77,5510.02,17932491.7,91332853.3,444493742
3961.4,S,64,70968.18,5511.25,17932491.7,91333959.2,444494682
3962.4,S,56,70984.15,5512.73,17932491.7,91334642.9,444495269
3963.4,S,55,71003.59,5514.57,17932491.7,91334650.9,444495277
3964.4,S,54,71022.93,5516.26,17932491.7,91334683.4,444495306
3965.4,S,53,71040.21,5518.07,17932491.7,91334719.6,444495338
3966.4,S,53,71056.07,5519.69,17932491.7,91334941.8,444495533
3967.4,S,50,71066.27,5521.32,17932491.7,91335389.3,444496214
3968.6,S,105,71097.12,5522.65,17932491.7,91335471.2,444496454
3969.6,S,105,71132.91,5523.05,17932491.7,91335473.2,444496458
3970.6,S,104,71168.58,5523.46,17932491.7,91335482.8,444496493
3971.6,S,103,71203.99,5523.89,17932491.7,91335495.7,444496532
3972.6,S,103,71239.41,5524.33,17932491.7,91335568.2,444496798
3973.6,S,101,71274.08,5524.79,17932491.7,91335629.7,444497067
3974.6,S,99,71309.64,5525.20,17932491.7,91335686.1,444497222
3975.6,S,98,71345.16,5525.63,17932491.7,91335777.1,444497505
3976.6,S,97,71380.64,5526.05,17932491.7,91335813.4,444497603
3977.6,S,92,71415.67,5526.53,17932491.7,91336162.8,444498279
3978.6,S,90,71449.60,5527.08,17932491.7,91336543.4,444499032
3979.6,S,88,71472.16,5527.55,17932491.7,91336846.1,444500032
3980.6,S,85,71488.35,5528.00,17932491.7,91337155.6,444501032
3981.7,S,85,71492.43,5528.92,17932491.7,91337778.6,444502091
3982.7,S,82,71494.11,5529.88,17932491.7,91338721.6,444503143
3983.8,S,66,71495.59,5530.54,17932491.7,91339345.2,444504212
3984.8,S,47,71503.30,5532.15,17932491.7,91339487.4,444504662
3985.8,S,47,71511.05,5533.67,17932491.7,91339488.7,444504675
3986.8,S,47,71518.93,5535.01,17932491.7,91339490.8,444504682
3987.8,S,47,71526.76,5536.49,17932491.7,91339491.4,444504688
3988.8,S,51,71536.17,5537.89,17932491.7,91339510.7,444504754
3989.8,S,51,71546.69,5539.32,17932491.7,91339566.0,444504905
3990.8,S,47,71554.34,5540.55,17932491.7,91339757.1,444505453
3991.8,S,53,71568.02,5542.40,17932491.7,91339757.7,444505456
3992.8,S,52,71581.15,5544.01,17932491.7,91339775.5,444505528
3993.8,S,52,71594.60,5545.76,17932491.7,91339775.8,444505529
3994.8,S,52,71607.98,5547.42,17932491.7,91339784.8,444505549
3995.8,S,51,71614.31,5548.23,17932491.7,91340137.8,444506530
3996.8,S,65,71637.95,5549.94,17932491.7,91340214.7,444506633
3997.8,S,65,71665.42,5551.45,17932491.7,91340216.1,444506635
3998.8,S,61,71690.46,5553.03,17932491.7,91340407.4,444506812
3999.8,S,61,71715.06,5554.63,17932491.7,91340449.7,444506849
4000.8,S,60,71738.31,5556.02,17932491.7,91340611.7,444507216
4001.8,S,58,71750.14,5557.10,17932491.7,91340916.2,444508080
4002.8,S,57,71754.08,5557.57,17932491.7,91341254.7,444509080
4003.8,S,71,71769.95,5558.72,17932491.7,91341579.1,444509434
4004.8,S,71,71800.31,5559.48,17932491.7,91341579.5,444509439
4005.8,S,68,71828.22,5560.25,17932491.7,91341714.6,444509784
4006.8,S,64,71853.86,5561.89,17932491.7,91341837.3,444510189
4007.8,S,64,71881.75,5563.39,17932491.7,91341838.2,444510199
4008.8,S,64,71909.36,5565.16,17932491.7,91341886.8,444510677
4009.8,S,64,71923.85,5566.16,17932491.7,91342218.2,444511628
4010.8,S,61,71932.02,5567.26,17932491.7,91342527.4,444512629
4012.0,S,52,71936.31,5568.12,17932491.7,91343136.4,444513730
4013.0,S,63,71953.78,5569.63,17932491.7,91343191.3,444513924
4014.0,S,63,71981.17,5571.13,17932491.7,91343191.3,444513924
4015.0,S,63,72008.04,5572.52,17932491.7,91343193.1,444513926
4016.0,S,60,72031.63,5573.86,17932491.7,91343355.4,444514440
4017.0,S,57,72046.44,5574.84,17932491.7,91343464.2,444514850
4018.0,S,56,72067.50,5576.38,17932491.7,91343584.0,444515186
4019.0,S,56,72072.61,5577.07,17932491.7,91343892.9,444516187
4020.0,S,56,72078.11,5577.92,17932491.7,91344198.8,444517188
4021.0,S,55,72091.57,5579.54,17932491.7,91344390.9,444517377
4022.0,S,55,72112.02,5581.26,17932491.7,91344391.7,444517383
4023.0,S,55,72131.38,5583.13,17932491.7,91344593.5,444517596
4024.0,S,55,72149.77,5585.13,17932491.7,91344606.3,444517668
4025.0,S,53,72165.42,5586.86,17932491.7,91344750.8,444518147
4026.0,S,51,72174.62,5588.13,17932491.7,91345042.9,444519082
4027.1,S,47,72178.33,5588.70,17932491.7,91345290.1,444519907
4028.1,S,47,72186.96,5590.22,17932491.7,91345290.4,444519915
4029.1,S,47,72195.49,5591.71,17932491.7,91345290.6,444519917
4030.1,S,47,72203.99,5593.24,17932491.7,91345481.3,444520082
4031.1,S,56,72219.83,5595.39,17932491.7,91345482.4,444520086
4032.1,S,56,72237.04,5597.18,17932491.7,91345483.7,444520092
4033.1,S,55,72253.98,5598.91,17932491.7,91345519.1,444520127
4034.1,S,55,72269.31,5600.53,17932491.7,91345622.1,444520241
4035.1,S,55,72280.70,5601.81,17932491.7,91345889.4,444520934
4036.2,S,47,72284.66,5602.58,17932491.7,91346204.0,444522049
4037.2,S,68,72313.94,5603.85,17932491.7,91346207.7,444522066
4038.2,S,68,72345.13,5605.10,17932491.7,91346207.9,444522067
4039.2,S,68,72375.60,5606.09,17932491.7,91346208.2,444522068
4040.2,S,68,72405.89,5606.90,17932491.7,91346208.4,444522075
4041.2,S,66,72435.85,5608.23,17932491.7,91346326.1,444522423
4042.2,S,65,72458.95,5609.45,17932491.7,91346590.6,444523363
4043.2,S,62,72466.46,5610.02,17932491.7,91347180.3,444524364
4044.2,S,61,72467.34,5610.18,17932491.7,91347463.7,444525365
4045.4,S,58,72467.95,5610.38,17932491.7,91347850.1,444526568
4046.6,S,53,72482.11,5611.93,17932491.7,91347986.7,444527060
4047.6,S,53,72496.52,5613.68,17932491.7,91347989.1,444527070
4048.6,S,53,72510.78,5615.45,17932491.7,91347989.2,444527079
4049.6,S,52,72524.62,5617.35,17932491.7,91348036.7,444527230
4050.6,S,52,72533.87,5618.71,17932491.7,91348288.7,444527810
4051.6,S,83,72556.26,5620.24,17932491.7,91348519.4,444528023
4052.6,S,82,72591.80,5620.67,17932491.7,91348525.8,444528030
4053.6,S,82,72627.29,5621.12,17932491.7,91348527.9,444528037
4054.6,S,81,72662.58,5621.58,17932491.7,91348580.9,444528153
4055.6,S,80,72696.59,5622.06,17932491.7,91348657.3,444528383
4056.6,S,77,72731.69,5622.53,17932491.7,91348683.6,444528477
4057.6,S,77,72767.19,5622.98,17932491.7,91348683.9,444528483
4058.6,S,77,72790.62,5623.65,17932491.7,91348953.2,444529342
4059.7,S,76,72799.41,5624.55,17932491.7,91349396.3,444530434
4060.7,S,76,72799.79,5625.03,17932491.7,91349871.6,444531435
4061.9,S,73,72799.82,5625.47,17932491.7,91350275.3,444532661
4062.9,S,73,72799.83,5625.73,17932491.7,91350613.3,444533662
4064.0,S,51,72806.28,5626.68,17932491.7,91350980.8,444534259
4065.0,S,51,72817.78,5628.34,17932491.7,91350981.8,444534283
4066.0,S,51,72826.82,5629.82,17932491.7,91351014.2,444534932
4067.0,S,51,72833.91,5631.18,17932491.7,91351058.3,444535933
4068.6,S,52,72842.95,5632.92,17932491.7,91351176.9,444537061
4069.6,S,52,72856.31,5634.78,17932491.7,91351189.9,444537115
4070.6,S,52,72869.69,5636.52,17932491.7,91351207.7,444537178
4071.6,S,56,72883.55,5638.31,17932491.7,91351234.3,444537224
4072.6,S,56,72899.20,5640.12,17932491.7,91351326.5,444537520
4073.6,S,53,72909.48,5641.38,17932491.7,91351556.9,444538307
4074.6,S,62,72927.28,5642.78,17932491.7,91351808.7,444539123
4075.6,S,59,72950.00,5644.28,17932491.7,91351844.3,444539236
4076.6,S,59,72972.69,5645.78,17932491.7,91351845.3,444539331
4077.6,S,63,72994.37,5646.98,17932491.7,91351897.1,444539549
4078.6,S,62,73022.07,5649.77,17932491.7,91351953.3,444539622
4079.6,S,60,73040.26,5652.99,17932491.7,91352461.0,444540493
4080.8,S,56,73044.89,5654.33,17932491.7,91352849.9,444541667
4082.7,S,56,73052.60,5657.66,17932491.7,91352935.2,444543550
4083.7,S,56,73056.01,5659.35,17932491.7,91352979.8,444544551
4084.7,S,54,73058.82,5660.83,17932491.7,91353022.8,444545601
4087.6,S,59,73075.07,5664.72,17932491.7,91353139.0,444547765
4088.6,S,58,73101.78,5669.63,17932491.7,91353151.6,444547804
4089.6,S,58,73127.76,5674.59,17932491.7,91353151.9,444547811
4090.6,S,58,73152.38,5679.01,17932491.7,91353188.5,444547935
4091.6,S,62,73178.24,5682.89,17932491.7,91353326.7,444548389
4092.6,S,60,73206.00,5687.48,17932491.7,91353555.4,444548779
4093.6,S,57,73221.23,5690.58,17932491.7,91353918.4,444549553
4094.6,S,53,73229.84,5693.69,17932491.7,91354238.9,444550553
4095.6,S,47,73239.04,5697.05,17932491.7,91354403.2,444551126
4096.6,S,47,73251.81,5702.11,17932491.7,91354403.5,444551156
4097.6,S,47,73264.54,5707.21,17932491.7,91354404.1,444551170
4098.6,S,47,73267.29,5707.65,17932491.7,91354411.5,444552095
4099.6,S,47,73269.25,5707.70,17932491.7,91354451.7,444553095
4100.6,S,47,73271.09,5707.76,17932491.7,91354496.0,444554094
4101.6,S,47,73280.79,5711.05,17932491.7,91354507.4,444554399
4102.6,S,47,73293.42,5716.23,17932491.7,91354507.9,444554422
4103.6,S,47,73302.80,5719.81,17932491.7,91354610.7,444554726
4104.6,S,47,73315.47,5725.04,17932491.7,91354611.4,444554732
4105.6,S,47,73328.01,5730.23,17932491.7,91354796.1,444554919
4106.6,S,51,73340.42,5734.88,17932491.7,91354904.5,444555047
4107.6,S,51,73356.15,5740.07,17932491.7,91354904.9,444555055
4108.6,S,47,73369.47,5744.60,17932491.7,91355095.8,444555485
4109.6,S,51,73383.16,5749.28,17932491.7,91355376.8,444555750
4110.6,S,51,73398.75,5754.85,17932491.7,91355579.6,444555933
4111.6,S,47,73412.24,5759.87,17932491.7,91355771.4,444556099
4112.6,S,51,73426.49,5764.53,17932491.7,91355874.2,444556199
4113.6,S,51,73443.14,5769.82,17932491.7,91355874.4,444556214
4114.6,S,48,73457.21,5774.70,17932491.7,91356017.5,444556557
4115.6,S,51,73472.64,5779.20,17932491.7,91356168.0,444556697
4116.6,S,51,73490.48,5784.32,17932491.7,91356168.8,444556703
4117.6,S,48,73505.42,5789.02,17932491.7,91356311.9,444557184
4118.6,S,47,73518.22,5793.43,17932491.7,91356462.4,444557461
4119.6,S,47,73532.87,5798.66,17932491.7,91356462.6,444557469
4120.6,S,47,73545.99,5803.27,17932491.7,91356539.0,444557659
4121.7,S,47,73554.87,5806.44,17932491.7,91356756.7,444558305
4122.7,S,47,73568.65,5811.54,17932491.7,91356757.1,444558309
4123.7,S,47,73581.71,5816.83,17932491.7,91356948.4,444558477
4124.7,S,47,73593.31,5821.50,17932491.7,91357051.4,444558576
4125.7,S,47,73606.05,5826.61,17932491.7,91357051.8,444558591
4126.7,S,47,73616.49,5830.73,17932491.7,91357132.5,444558793
4127.7,S,47,73624.86,5834.35,17932491.7,91357345.6,444559100
4128.7,S,47,73636.69,5839.43,17932491.7,91357346.2,444559111
4129.7,S,51,73645.54,5843.38,17932491.7,91357639.1,444559380
4130.7,S,66,73672.29,5848.35,17932491.7,91357640.3,444559390
4131.7,S,66,73701.83,5853.01,17932491.7,91357641.0,444559403
4132.7,S,66,73727.29,5856.95,17932491.7,91357784.7,444559711
4133.7,S,62,73755.33,5861.86,17932491.7,91357833.1,444559773
4134.7,S,66,73783.57,5866.18,17932491.7,91357937.4,444559868
4135.7,S,66,73813.49,5870.89,17932491.7,91358271.5,444560155
4136.7,S,66,73840.24,5872.62,17932491.7,91358661.4,444560486
4137.7,S,62,73865.72,5873.99,17932491.7,91358935.3,444560726
4138.7,S,56,73888.41,5875.62,17932491.7,91359283.1,444561024
4139.7,S,78,73906.20,5876.87,17932491.7,91359651.0,444561338
4140.7,S,76,73941.87,5877.29,17932491.7,91359672.4,444561369
4141.7,S,75,73977.40,5877.71,17932491.7,91359686.1,444561399
4142.7,S,72,74011.61,5878.16,17932491.7,91359751.7,444561597
4143.7,S,75,74046.82,5878.66,17932491.7,91359878.2,444562032
4144.7,S,73,74082.21,5879.12,17932491.7,91359937.4,444562082
4145.7,S,72,74117.50,5879.57,17932491.7,91359971.2,444562119
4146.7,S,66,74152.19,5880.12,17932491.7,91360364.7,444562489
4147.7,S,66,74184.43,5880.92,17932491.7,91361231.5,444563230
4148.7,S,65,74211.16,5881.72,17932491.7,91362240.8,444564080
4149.7,S,65,74243.69,5882.50,17932491.7,91362463.0,444564283
4150.7,S,63,74273.12,5883.78,17932491.7,91362768.9,444564555
4151.7,S,61,74301.27,5885.59,17932491.7,91362820.4,444564606
4152.7,S,60,74328.71,5887.07,17932491.7,91362861.2,444564717
4153.7,S,60,74349.42,5888.22,17932491.7,91363036.2,444565311
4154.7,S,91,74367.25,5889.81,17932491.7,91363945.9,444566111
4155.7,S,113,74401.83,5890.56,17932491.7,91364196.8,444566326
4156.7,S,122,74437.60,5890.98,17932491.7,91364208.1,444566345
4157.7,S,136,74473.27,5891.40,17932491.7,91364280.2,444566440
4158.7,S,148,74508.69,5891.85,17932491.7,91364291.0,444566501
4159.7,S,147,74544.26,5892.29,17932491.7,91364295.4,444566532
4160.7,S,147,74579.84,5892.70,17932491.7,91364295.7,444566542
4161.7,S,147,74615.33,5893.11,17932491.7,91364467.4,444566697
4162.7,S,144,74650.84,5893.56,17932491.7,91364573.8,444566834
4163.7,S,143,74686.26,5894.01,17932492.0,91364612.6,444566936
4164.8,S,143,74721.86,5894.45,17932494.1,91364612.9,444566941
4165.8,S,141,74757.29,5894.92,17932498.2,91364674.7,444567100
4166.8,S,139,74792.80,5895.36,17932506.7,91364725.9,444567229
4167.8,S,138,74828.34,5895.79,17932519.8,91364855.1,444567575
4168.8,S,137,74863.66,5896.25,17932537.8,91364932.4,444567896
4169.8,S,130,74899.04,5896.79,17932556.4,91365385.3,444568348
4170.8,S,125,74934.55,5897.20,17932578.8,91365494.8,444568490
4171.8,S,124,74969.89,5897.68,17932606.2,91365657.5,444568687
4172.8,S,116,75005.17,5898.27,17932634.7,91366254.7,444569290
4173.8,S,109,75040.32,5898.82,17932677.0,91366631.9,444569721
4174.8,S,100,75075.12,5899.49,17932728.4,91367309.8,444570444
4175.8,S,93,75106.53,5900.11,17932781.5,91368326.6,444571435
4176.8,S,90,75119.95,5901.27,17932796.7,91369467.1,444572453
4178.1,S,79,75125.67,5901.97,17932801.5,91370192.5,444573759
4179.3,S,77,75127.73,5902.49,17932805.3,91370873.5,444574909
4180.4,S,61,75129.66,5902.88,17932808.4,91371263.3,444576009
4181.4,S,62,75144.12,5905.21,17932808.4,91371492.8,444576346
4182.4,S,62,75167.59,5907.77,17932808.4,91371495.7,444576370
4183.4,S,61,75189.93,5909.40,17932808.4,91371656.2,444576668
4184.4,S,58,75209.77,5911.06,17932808.4,91371717.5,444576811
4185.4,S,58,75229.79,5912.59,17932808.4,91371775.7,444576916
4186.4,S,58,75236.52,5913.30,17932808.4,91372138.3,444577917
4187.4,S,76,75253.32,5914.44,17932808.4,91372524.2,444578343
4188.4,S,76,75288.86,5914.86,17932808.4,91372528.1,444578356
4189.4,S,75,75324.19,5915.33,17932808.4,91372542.5,444578393
4190.4,S,74,75359.77,5915.75,17932808.4,91372569.9,444578458
4191.4,S,72,75394.72,5916.25,17932808.4,91372647.0,444578529
4192.4,S,71,75428.76,5916.72,17932808.4,91372714.3,444578695
4193.4,S,70,75463.00,5917.47,17932808.4,91372789.8,444578935
4194.4,S,69,75479.37,5918.27,17932808.4,91373370.9,444579936
4195.7,S,65,75482.79,5919.27,17932808.4,91374123.6,444581242
4196.7,S,63,75492.63,5920.71,17932808.4,91374174.2,444582243
4197.7,S,63,75498.46,5921.74,17932808.4,91374184.9,444583244
4202.2,S,49,75505.09,5922.89,17932808.4,91374750.2,444587444
4203.2,S,81,75535.36,5923.94,17932820.9,91374763.0,444587485
4204.2,S,80,75570.62,5924.44,17932838.1,91374767.9,444587516
4205.2,S,80,75605.43,5925.45,17932850.6,91374964.3,444587936
4206.2,S,78,75640.92,5925.88,17932865.1,91375006.4,444588082
4207.2,S,76,75676.11,5926.34,17932878.2,91375115.5,444588375
4208.2,S,74,75709.11,5926.84,17932889.0,91375342.1,444588885
4209.2,S,73,75743.18,5927.35,17932907.7,91375523.3,444589069
4210.2,S,73,75761.44,5928.40,17932919.6,91375956.8,444590063
4211.4,S,66,75769.31,5929.83,17932930.2,91376671.3,444591277
4212.8,S,48,75775.26,5930.95,17932940.9,91377341.7,444592486
4213.8,S,47,75781.94,5932.72,17932940.9,91377409.3,444592680
4214.8,S,47,75789.63,5934.11,17932940.9,91377410.6,444592690
4215.8,S,47,75797.49,5935.55,17932940.9,91377410.9,444592696
4216.8,S,47,75805.18,5936.91,17932940.9,91377411.0,444592716
4217.8,S,47,75812.90,5938.26,17932940.9,91377411.8,444592761
4218.8,S,47,75819.86,5939.60,17932940.9,91377423.9,444593436
4219.8,S,47,75827.63,5940.98,17932940.9,91377435.8,444594437
4220.8,S,47,75828.92,5941.18,17932940.9,91377446.7,444595438
4221.8,S,47,75828.92,5941.19,17932940.9,91377457.9,444596439
4223.5,S,47,75828.92,5941.19,17932940.9,91377477.7,444598174
4224.5,S,47,75828.92,5941.20,17932940.9,91377486.6,444599174
4225.5,S,47,75836.57,5942.64,17932940.9,91377486.7,444599177
4226.5,S,47,75844.39,5944.03,17932940.9,91377487.1,444599187
4227.5,S,47,75852.24,5945.42,17932940.9,91377487.2,444599189
4228.5,S,47,75859.84,5946.84,17932940.9,91377488.1,444599194
4229.5,S,47,75867.74,5948.17,17932940.9,91377488.2,444599196
4230.5,S,47,75875.37,5949.51,17932940.9,91377488.5,444599205
4231.5,S,47,75881.93,5950.75,17932940.9,91377540.4,444599355
4232.5,S,47,75889.63,5952.14,17932940.9,91377540.7,444599360
4233.5,S,47,75897.36,5953.48,17932940.9,91377541.0,444599364
4234.5,S,47,75905.04,5954.85,17932940.9,91377541.5,444599374
4235.5,S,47,75912.76,5956.26,17932940.9,91377541.6,444599376
4236.5,S,47,75920.47,5957.74,17932940.9,91377541.8,444599377
4237.5,S,47,75928.28,5959.11,17932940.9,91377542.3,444599377
4238.5,S,47,75934.71,5960.26,17932940.9,91377582.4,444599546
4239.5,S,51,75945.17,5961.63,17932940.9,91377599.6,444599696
4240.5,S,51,75956.74,5963.27,17932940.9,91377599.9,444599704
4241.5,S,55,75965.73,5964.62,17932940.9,91377790.8,444600210
4242.5,S,55,75982.00,5966.46,17932940.9,91377791.9,444600218
4243.5,S,55,75997.99,5968.25,17932940.9,91377792.6,444600223
4244.5,S,55,76014.09,5970.10,17932940.9,91377792.7,444600225
4245.5,S,59,76030.68,5971.77,17932940.9,91378027.6,444600431
4246.5,S,58,76042.44,5973.03,17932940.9,91378372.6,444601188
4247.5,S,71,76060.32,5974.35,17932940.9,91378474.8,444601531
4248.5,S,67,76081.31,5975.01,17932940.9,91378661.4,444602275
4249.5,S,66,76110.64,5976.36,17932940.9,91378691.0,444602367
4250.5,S,65,76139.54,5978.04,17932940.9,91378719.9,444602451
4251.5,S,63,76166.85,5979.57,17932940.9,91378792.0,444602645
4252.5,S,62,76193.41,5980.97,17932940.9,91378858.9,444602830
4253.5,S,62,76211.37,5982.09,17932940.9,91379425.9,444603641
4254.7,S,58,76213.01,5982.29,17932940.9,91379746.5,444604752
4256.0,S,52,76219.10,5983.15,17932940.9,91380225.7,444605768
4257.0,S,84,76250.78,5983.91,17932940.9,91380234.4,444605782
4258.0,S,84,76286.19,5984.34,17932940.9,91380234.9,444605785
4259.0,S,83,76321.53,5984.84,17932944.0,91380330.6,444605880
4260.0,S,79,76356.58,5985.37,17932952.5,91380435.6,444606119
4261.0,S,76,76391.47,5986.22,17932958.6,91380541.3,444606403
4262.0,S,76,76426.73,5986.67,17932974.7,91380606.1,444606698
4263.0,S,74,76449.36,5987.26,17932984.0,91380900.5,444607699
4264.0,S,74,76467.55,5988.16,17932988.7,91381484.1,444608699
4265.0,S,73,76473.48,5988.55,17932988.7,91381855.8,444609701
4266.0,S,69,76475.67,5988.97,17932988.7,91382193.1,444610702
4267.0,S,48,76481.82,5990.13,17932988.7,91382707.6,444611436
4268.0,S,58,76502.78,5991.68,17932988.7,91382724.1,444611489
4269.0,S,57,76524.76,5993.28,17932988.7,91382740.8,444611559
4270.0,S,57,76545.89,5994.89,17932988.7,91382741.0,444611561
4271.0,S,61,76565.03,5996.01,17932988.7,91382845.3,444611907
4272.0,S,60,76587.56,5997.51,17932988.7,91382994.4,444612327
4273.0,S,58,76603.48,5998.82,17932988.7,91383518.8,444613120
4274.1,S,51,76610.73,5999.93,17932988.7,91383852.2,444614084
4275.1,S,59,76634.61,6001.49,17932996.5,91383854.2,444614119
4276.1,S,59,76657.69,6002.74,17933005.1,91383898.1,444614266
4277.1,S,59,76679.61,6004.16,17933013.9,91384144.6,444615148
4278.1,S,57,76701.38,6006.21,17933031.4,91384228.4,444615498
4279.1,S,57,76722.31,6007.88,17933042.5,91384266.2,444615652
4280.1,S,56,76728.05,6008.59,17933046.8,91384767.1,444616653
4281.1,S,47,76735.19,6009.73,17933046.8,91385000.4,444617093
4282.1,S,47,76744.04,6011.23,17933046.8,91385000.5,444617095
4283.1,S,47,76752.92,6012.74,17933046.8,91385001.1,444617106
4284.1,S,47,76760.60,6013.92,17933046.8,91385030.5,444617227
4285.1,S,47,76769.39,6015.26,17933046.8,91385031.1,444617231
4286.1,S,47,76778.13,6016.78,17933046.8,91385031.2,444617233
4287.1,S,47,76786.03,6018.25,17933046.8,91385255.3,444617934
4288.1,S,56,76798.80,6019.88,17933046.8,91385310.1,444618213
4289.1,S,56,76816.01,6021.65,17933046.8,91385311.7,444618225
4290.1,S,56,76833.13,6023.58,17933046.8,91385311.8,444618225
4291.1,S,56,76849.93,6025.30,17933046.8,91385372.4,444618400
4292.1,S,55,76863.48,6026.92,17933046.8,91385566.0,444618870
4293.1,S,73,76873.08,6028.12,17933046.8,91385960.0,444619418
4294.1,S,71,76907.36,6028.71,17933046.8,91385967.6,444619429
4295.1,S,69,76941.13,6029.31,17933046.8,91386003.2,444619461
4296.1,S,67,76972.81,6029.98,17933046.8,91386052.5,444619549
4297.1,S,67,77004.08,6030.66,17933046.8,91386054.4,444619557
4298.1,S,67,77035.40,6031.34,17933046.8,91386054.6,444619559
4299.1,S,67,77063.01,6032.09,17933046.8,91386256.8,444620276
4300.2,S,66,77075.74,6032.92,17933046.8,91386636.5,444621404
4301.2,S,65,77079.55,6033.86,17933046.8,91387236.2,444622404
4302.2,S,63,77081.14,6034.46,17933046.8,91387683.4,444623405
4303.3,S,76,77091.86,6035.92,17933048.0,91388013.4,444624050
4304.3,S,76,77126.45,6036.67,17933061.2,91388015.9,444624092
4305.3,S,74,77160.27,6037.29,17933065.9,91388043.1,444624181
4306.3,S,74,77193.85,6037.95,17933068.5,91388043.8,444624189
4307.3,S,72,77226.38,6038.61,17933075.9,91388106.9,444624390
4308.3,S,71,77258.17,6039.28,17933083.0,91388173.0,444624608
4309.3,S,71,77285.33,6039.99,17933089.3,91388443.1,444625491
4310.3,S,69,77298.64,6041.32,17933096.6,91389039.2,444626492
4311.3,S,68,77301.70,6042.26,17933098.0,91389417.6,444627493
4312.3,S,47,77308.43,6043.61,17933098.0,91389983.4,444628175
4313.3,S,47,77316.29,6045.32,17933098.0,91389985.7,444628195
4314.3,S,47,77323.93,6046.82,17933098.0,91389986.2,444628201
4315.3,S,51,77332.62,6048.30,17933098.0,91390003.9,444628226
4316.3,S,51,77344.31,6049.79,17933098.0,91390004.1,444628228
4317.3,S,51,77353.50,6051.08,17933098.0,91390190.6,444628611
4318.3,S,53,77365.93,6052.68,17933098.0,91390195.9,444628670
4319.3,S,53,77380.43,6054.34,17933098.0,91390289.7,444629063
4320.4,S,53,77394.88,6056.00,17933098.0,91390290.0,444629072
4321.4,S,53,77408.94,6057.87,17933098.0,91390327.0,444629172
4322.4,S,52,77414.41,6058.51,17933098.0,91390560.3,444630068
4323.4,S,71,77422.41,6059.15,17933098.0,91390752.1,444630739
4324.4,S,71,77453.32,6060.03,17933098.0,91390753.7,444630742
4325.4,S,70,77483.68,6060.76,17933098.0,91390835.3,444630968
4326.4,S,62,77512.25,6061.73,17933098.0,91391040.7,444631658
4327.4,S,53,77538.36,6062.47,17933098.0,91391051.3,444631741
4328.4,S,31,77555.28,6062.74,17933098.0,91391159.4,444632171
4329.4,S,4,77555.32,6063.41,17933098.0,91391284.3,444632594
