t_s,state,nthreads,utime_s,stime_s,disk_r_mb,disk_w_mb,disk_io_ms
0.0,R,1,0.00,0.00,17748676.5,83355102.5,427843098
1.0,S,34,9.49,4.14,17748676.5,83355104.1,427843138
2.0,S,34,20.26,9.27,17748676.5,83355156.5,427843324
3.0,S,34,31.20,14.21,17748676.5,83355156.9,427843327
4.0,S,34,42.04,19.25,17748676.5,83355157.6,427843330
5.0,S,34,52.91,24.24,17748676.5,83355158.4,427843340
6.0,S,34,63.88,29.12,17748676.5,83355158.7,427843345
7.0,S,34,74.75,34.12,17748676.5,83355159.1,427843354
8.0,S,34,85.59,39.13,17748676.5,83355159.8,427843371
9.0,S,42,88.51,40.20,17748676.5,83355365.4,427844127
10.0,S,42,106.95,45.08,17748676.5,83355486.0,427844243
11.0,S,36,124.57,49.86,17748676.5,83355580.6,427844333
12.0,S,37,139.12,54.69,17748676.5,83355606.5,427844359
13.0,S,37,154.20,59.48,17748676.5,83355606.9,427844360
14.0,S,37,169.30,64.25,17748676.5,83355607.5,427844362
15.0,S,36,183.95,69.17,17748676.5,83355653.3,427844406
16.0,S,35,197.72,73.98,17748676.5,83355748.7,427844560
17.0,S,34,208.36,78.72,17748676.5,83355847.7,427844956
18.0,S,34,213.43,81.25,17748676.5,83355989.9,427845461
19.0,S,42,222.89,83.67,17748676.5,83356105.4,427845933
20.0,S,42,237.92,87.62,17748676.5,83356225.6,427846328
21.0,S,34,250.68,91.21,17748676.5,83356346.5,427846873
22.0,S,41,268.28,96.16,17748676.5,83356346.8,427846881
23.0,S,41,287.13,101.03,17748676.5,83356347.0,427846887
24.0,S,40,305.55,105.83,17748676.5,83356371.4,427846948
25.0,S,40,323.51,110.52,17748676.5,83356371.6,427846948
26.0,S,40,341.52,115.25,17748676.5,83356372.5,427846951
27.0,S,38,358.83,120.13,17748676.5,83356500.9,427847062
28.0,S,35,369.85,124.28,17748676.5,83356874.8,427847645
29.0,S,38,374.67,126.02,17748676.5,83357065.3,427848324
30.0,S,38,389.35,131.08,17748676.5,83357065.5,427848326
31.0,S,38,404.08,136.08,17748676.5,83357065.8,427848327
32.0,S,37,417.96,141.01,17748676.5,83357166.0,427848629
33.0,S,34,428.72,145.71,17748676.5,83357287.4,427849017
34.0,S,34,440.43,150.68,17748676.5,83357287.8,427849019
35.0,S,34,452.10,155.69,17748676.5,83357288.0,427849022
36.0,S,34,463.75,160.75,17748676.5,83357288.6,427849028
37.0,S,34,473.88,165.21,17748676.5,83357361.2,427849220
38.2,S,38,483.96,168.24,17748676.5,83357592.9,427849805
39.2,S,38,499.83,173.16,17748676.5,83357593.1,427849807
40.2,S,37,515.11,178.08,17748676.5,83357635.3,427849846
41.2,S,35,528.63,183.06,17748676.5,83357754.4,427849947
42.2,S,35,541.35,187.98,17748676.5,83357819.2,427850007
43.2,S,35,554.18,192.76,17748676.5,83357885.3,427850151
44.2,S,35,566.96,197.71,17748676.5,83357885.6,427850155
45.2,S,34,579.43,202.73,17748676.5,83357940.4,427850296
46.2,S,34,588.32,206.33,17748676.5,83358009.9,427850569
47.2,S,39,593.74,208.11,17748676.5,83358241.0,427851251
48.2,S,38,609.58,213.21,17748676.5,83358252.9,427851291
49.2,S,37,624.86,217.89,17748676.5,83358283.5,427851392
50.2,S,36,638.95,222.93,17748676.5,83358402.9,427851790
51.2,S,34,650.96,227.65,17748676.5,83358463.2,427852003
52.2,S,34,661.66,232.32,17748676.5,83358527.8,427852236
53.2,S,34,673.45,237.30,17748676.5,83358528.4,427852237
54.2,S,34,685.24,242.27,17748676.5,83358528.9,427852246
55.2,S,34,696.67,247.27,17748676.5,83358536.9,427852269
56.2,S,41,698.61,247.63,17748676.5,83358780.5,427853214
57.2,S,39,714.63,252.13,17748676.5,83358832.1,427853408
58.3,S,37,729.11,256.66,17748676.5,83358921.5,427853627
59.3,S,36,742.97,261.62,17748676.5,83358922.4,427853631
60.3,S,34,756.01,266.64,17748676.5,83359053.1,427853751
61.3,S,34,767.92,271.42,17748676.5,83359118.0,427853814
62.3,S,34,779.74,276.35,17748676.5,83359118.1,427853815
63.3,S,34,791.41,281.46,17748676.5,83359118.3,427853816
64.3,S,34,803.26,286.40,17748676.5,83359119.3,427853820
65.3,S,40,811.93,289.22,17748676.5,83359356.3,427854247
66.3,S,40,829.32,293.99,17748676.5,83359423.6,427854463
67.3,S,37,845.97,298.71,17748676.5,83359513.4,427854807
68.3,S,37,860.72,303.53,17748676.5,83359562.7,427855029
69.3,S,35,873.96,308.70,17748676.5,83359633.1,427855377
70.3,S,35,886.62,313.77,17748676.5,83359634.1,427855388
71.3,S,34,895.85,317.78,17748676.5,83359753.0,427855792
72.3,S,38,911.54,322.31,17748676.5,83359756.3,427855809
73.3,S,38,927.45,327.11,17748676.5,83359756.5,427855811
74.3,S,38,935.27,328.69,17748676.5,83359948.5,427856505
75.3,S,43,948.45,331.62,17748676.5,83360070.8,427856924
76.3,S,41,968.54,336.42,17748676.5,83360112.6,427857063
77.3,S,39,983.99,340.86,17748676.5,83360253.9,427857543
78.3,S,43,999.51,345.45,17748676.5,83360395.6,427857670
79.3,S,41,1019.17,350.27,17748676.5,83360515.6,427857778
80.3,S,41,1038.11,355.07,17748676.5,83360516.3,427857783
81.3,S,41,1056.99,359.91,17748676.5,83360517.1,427857786
82.3,S,41,1076.13,364.49,17748676.5,83360517.5,427857791
83.3,S,41,1095.05,369.25,17748676.5,83360517.7,427857794
84.3,S,41,1109.12,372.36,17748676.5,83360706.7,427858162
85.3,S,46,1122.72,374.55,17748676.5,83360985.7,427859013
86.3,S,45,1136.28,377.26,17748676.5,83361213.6,427859811
87.3,S,38,1147.27,380.38,17748676.5,83361570.8,427860438
88.3,S,37,1162.95,385.46,17748676.5,83361630.9,427860490
89.3,S,37,1177.80,390.42,17748676.5,83361631.4,427860493
90.3,S,37,1192.54,395.43,17748676.5,83361631.8,427860496
91.3,S,36,1206.62,400.00,17748676.5,83361675.5,427860535
92.3,S,36,1218.30,404.34,17748676.5,83361792.0,427860973
93.3,S,36,1230.45,409.02,17748676.5,83361870.6,427861238
94.3,S,36,1244.15,413.99,17748676.5,83361871.3,427861249
95.3,S,35,1248.06,414.70,17748676.5,83362099.0,427862118
96.3,S,41,1264.97,418.79,17748676.5,83362184.0,427862430
97.3,S,38,1281.53,423.85,17748676.5,83362240.7,427862654
98.3,S,38,1296.99,428.75,17748676.5,83362272.1,427862787
99.3,S,35,1307.35,433.04,17748676.5,83362487.4,427863132
100.3,S,35,1320.10,438.08,17748676.5,83362487.7,427863134
101.3,S,34,1331.97,443.18,17748676.5,83362512.0,427863155
102.3,S,34,1343.88,448.12,17748676.5,83362512.8,427863157
103.3,S,42,1357.00,451.82,17748676.5,83362712.9,427863406
104.3,S,37,1370.92,456.01,17748676.5,83362841.1,427863799
105.3,S,38,1386.82,460.95,17748676.5,83362905.1,427863994
106.3,S,38,1402.58,465.98,17748676.5,83362905.2,427863996
107.3,S,38,1418.39,470.96,17748676.5,83362927.1,427864063
108.3,S,36,1432.35,476.07,17748676.5,83362997.0,427864258
109.3,S,36,1446.31,480.93,17748676.5,83363026.0,427864350
110.3,S,35,1454.24,484.05,17748676.5,83363232.8,427865072
111.3,S,44,1462.72,485.96,17748676.5,83363420.1,427865675
112.3,S,38,1480.62,490.47,17748676.5,83363527.1,427865779
113.3,S,36,1495.25,495.53,17748676.5,83363560.6,427865813
114.3,S,36,1509.17,500.35,17748676.5,83363561.9,427865820
115.3,S,36,1522.92,505.39,17748676.5,83363602.4,427865858
116.3,S,35,1536.12,510.30,17748676.5,83363662.9,427865915
117.3,S,35,1548.06,515.48,17748676.5,83363752.6,427865994
118.3,S,35,1557.05,518.79,17748676.5,83363853.6,427866330
119.3,S,43,1571.03,521.98,17748676.5,83363965.4,427866716
120.3,S,37,1585.27,525.98,17748676.5,83364061.0,427867044
121.3,S,36,1599.23,530.91,17748676.5,83364082.3,427867127
122.3,S,35,1612.13,535.92,17748676.5,83364166.2,427867476
123.3,S,42,1627.35,540.71,17748676.5,83364214.3,427867655
124.3,S,41,1646.21,545.42,17748676.5,83364260.3,427867842
125.3,S,41,1665.04,550.14,17748676.5,83364261.3,427867854
126.3,S,41,1683.25,554.67,17748676.5,83364279.5,427867920
127.3,S,49,1694.99,555.76,17748676.5,83364462.2,427868598
128.3,S,44,1713.66,557.58,17748676.5,83364618.5,427869167
129.3,S,42,1734.38,562.50,17748676.5,83364700.7,427869419
130.3,S,42,1753.82,567.35,17748676.5,83364784.0,427869743
131.3,S,42,1773.60,572.11,17748676.5,83364868.1,427869817
132.3,S,41,1791.08,576.23,17748676.5,83365017.9,427869949
133.3,S,41,1804.58,578.96,17748676.5,83365018.2,427869952
134.3,S,41,1816.93,581.62,17748676.5,83365210.9,427870273
135.3,S,41,1828.36,584.37,17748676.5,83365379.0,427870941
136.3,S,41,1838.85,586.76,17748676.5,83365523.3,427871503
137.3,S,41,1851.70,588.86,17748676.5,83365523.5,427871506
138.3,S,41,1864.13,590.27,17748676.5,83365523.8,427871515
139.3,S,41,1874.99,591.46,17748676.5,83365695.1,427872112
140.3,S,39,1885.56,592.76,17748676.5,83365856.6,427872730
141.3,S,39,1893.09,593.88,17748676.5,83366073.2,427873487
142.4,S,34,1900.79,595.68,17748676.5,83366290.5,427873828
143.4,S,39,1911.91,597.03,17748676.5,83366509.6,427874175
144.4,S,35,1921.21,598.59,17748676.5,83366558.1,427874550
145.4,S,35,1930.49,600.27,17748676.5,83366559.5,427874552
146.4,S,35,1939.88,602.04,17748676.5,83366560.0,427874553
147.4,S,34,1948.01,603.75,17748676.5,83366640.5,427875188
148.4,S,34,1955.98,605.47,17748676.5,83366685.1,427875627
149.4,S,34,1964.34,607.17,17748676.5,83366685.3,427875628
150.4,S,34,1972.80,608.80,17748676.5,83366685.7,427875661
151.4,S,34,1980.96,610.63,17748676.5,83366686.1,427875664
152.4,S,34,1988.51,612.28,17748676.5,83366751.0,427876009
153.4,S,34,1997.04,613.98,17748676.5,83366751.3,427876011
154.4,S,34,2005.52,615.66,17748676.5,83366751.6,427876026
155.4,S,34,2013.62,617.39,17748676.5,83366752.0,427876038
156.4,S,34,2021.94,619.04,17748676.5,83366752.6,427876041
157.4,S,34,2030.19,620.86,17748676.5,83366817.2,427876187
158.4,S,34,2037.26,622.31,17748676.5,83366891.6,427876360
159.4,S,42,2046.37,623.36,17748676.5,83367074.8,427876794
160.4,S,39,2057.21,624.78,17748676.5,83367200.6,427877288
161.4,S,36,2069.57,626.51,17748676.5,83367274.4,427877493
162.4,S,34,2077.77,628.20,17748676.5,83367379.8,427877799
163.4,S,34,2086.09,629.85,17748676.5,83367380.0,427877806
164.4,S,34,2094.24,631.66,17748676.5,83367380.7,427877821
165.4,S,34,2102.48,633.38,17748676.5,83367380.9,427877829
166.4,S,41,2111.87,635.19,17748676.5,83367439.9,427877930
167.4,S,41,2127.04,636.90,17748676.5,83367440.7,427877933
168.4,S,41,2142.37,638.49,17748676.5,83367441.0,427877936
169.4,S,41,2157.61,640.08,17748676.5,83367441.5,427877939
170.4,S,41,2172.89,641.52,17748676.5,83367441.8,427877942
171.4,S,41,2188.28,643.35,17748676.8,83367500.0,427877995
172.4,S,41,2203.41,645.07,17748676.8,83367579.9,427878065
173.4,S,41,2218.40,646.92,17748676.8,83367643.2,427878121
174.4,S,49,2232.81,648.40,17748676.8,83367900.3,427878359
175.4,S,46,2254.46,650.09,17748676.8,83368082.6,427878530
176.4,S,45,2269.60,651.55,17748676.8,83368275.8,427879073
177.5,S,43,2277.40,652.58,17748676.8,83368566.7,427880199
178.5,S,41,2284.25,653.50,17748676.8,83368832.2,427880973
179.5,S,41,2299.38,655.20,17748676.8,83368832.6,427880977
180.5,S,41,2314.70,657.01,17748676.8,83368893.2,427881034
181.5,S,40,2329.58,658.91,17748676.8,83368955.6,427881095
182.5,S,39,2343.34,660.70,17748676.8,83369086.4,427881212
183.5,S,38,2352.61,661.90,17748676.8,83369365.1,427881968
184.5,S,34,2357.55,663.16,17748676.8,83369521.9,427882576
185.5,S,34,2366.30,664.47,17748676.8,83369523.4,427882589
186.5,S,34,2374.86,665.90,17748676.8,83369523.6,427882598
187.5,S,34,2383.51,667.30,17748676.8,83369524.0,427882603
188.5,S,34,2392.20,668.60,17748676.8,83369544.3,427882670
189.5,S,34,2400.79,669.91,17748676.8,83369590.0,427882825
190.5,S,34,2409.63,671.34,17748676.8,83369590.2,427882834
191.5,S,34,2418.34,672.58,17748676.8,83369590.7,427882839
192.5,S,34,2426.99,673.94,17748676.8,83369590.9,427882847
193.5,S,34,2430.89,674.57,17748676.8,83369770.5,427883601
194.5,S,42,2437.90,675.43,17748676.8,83369912.4,427884187
195.5,S,37,2447.09,676.63,17748676.8,83370038.4,427884675
196.5,S,36,2458.15,678.20,17748676.8,83370063.8,427884765
197.5,S,35,2468.02,679.75,17748676.8,83370197.3,427884956
198.5,S,34,2476.79,681.15,17748676.8,83370217.9,427884977
199.5,S,34,2485.74,682.40,17748676.8,83370218.2,427884982
200.5,S,34,2494.30,683.75,17748676.8,83370259.8,427885025
201.5,S,34,2502.93,685.15,17748676.8,83370260.4,427885030
202.5,S,37,2513.10,686.67,17748676.8,83370294.6,427885070
203.5,S,37,2524.62,688.26,17748676.8,83370294.9,427885076
204.5,S,37,2536.22,689.74,17748676.8,83370295.2,427885079
205.5,S,37,2547.81,691.17,17748676.8,83370296.0,427885081
206.5,S,36,2558.48,692.58,17748676.8,83370478.9,427885267
207.5,S,34,2565.89,693.89,17748676.8,83370552.8,427885519
208.6,S,34,2574.68,695.28,17748676.8,83370553.0,427885520
209.6,S,34,2583.35,696.56,17748676.8,83370553.3,427885528
210.6,S,34,2592.07,697.93,17748676.8,83370553.9,427885531
211.6,S,34,2600.52,699.27,17748676.8,83370618.7,427885795
212.6,S,34,2602.86,699.59,17748676.8,83370815.9,427886605
213.6,S,40,2613.28,700.88,17748676.8,83370946.9,427887105
214.6,S,37,2626.21,702.47,17748676.8,83371018.9,427887402
215.6,S,34,2636.13,703.94,17748676.8,83371180.4,427887717
216.6,S,34,2644.74,705.41,17748676.8,83371181.0,427887718
217.6,S,34,2653.39,706.82,17748676.8,83371181.3,427887721
218.6,S,34,2662.10,708.16,17748676.8,83371182.0,427887724
219.6,S,34,2670.93,709.55,17748676.8,83371246.7,427887783
220.6,S,34,2679.54,710.95,17748676.8,83371246.9,427887786
221.6,S,34,2688.22,712.33,17748676.8,83371247.2,427887790
222.6,S,34,2697.01,713.67,17748676.8,83371247.6,427887794
223.6,S,34,2705.66,715.00,17748676.8,83371312.7,427887852
224.6,S,34,2714.35,716.39,17748676.8,83371312.9,427887855
225.6,S,34,2723.03,717.75,17748676.8,83371313.2,427887858
226.6,S,34,2731.91,719.07,17748676.8,83371313.4,427887861
227.6,S,34,2740.66,720.39,17748676.8,83371313.9,427887865
228.6,S,34,2749.18,721.95,17748676.8,83371383.7,427887927
229.6,S,34,2757.84,723.28,17748676.8,83371384.3,427887932
230.6,S,34,2764.42,724.31,17748676.8,83371515.2,427888194
231.6,S,45,2770.58,724.96,17748676.8,83371687.9,427888871
232.6,S,41,2785.76,726.65,17748676.8,83371792.1,427889240
233.6,S,39,2800.15,728.48,17748676.8,83371873.5,427889530
234.6,S,37,2810.47,730.01,17748676.8,83371928.7,427889751
235.6,S,37,2821.80,731.57,17748676.8,83371929.3,427889756
236.6,S,37,2829.40,732.71,17748676.8,83372117.4,427890525
237.6,S,37,2838.60,734.23,17748676.8,83372187.4,427890836
238.6,S,37,2849.98,735.79,17748676.8,83372187.7,427890839
239.6,S,36,2860.96,737.29,17748676.8,83372215.5,427890949
240.6,S,36,2871.55,738.75,17748676.8,83372216.0,427890953
241.6,S,36,2881.65,740.29,17748676.8,83372298.5,427891261
242.6,S,39,2891.60,741.74,17748676.8,83372410.9,427891652
243.6,S,39,2904.66,743.58,17748676.8,83372411.5,427891656
244.6,S,38,2917.28,745.20,17748676.8,83372437.3,427891681
245.6,S,38,2929.61,746.97,17748676.8,83372481.6,427891724
246.6,S,36,2941.96,748.44,17748676.8,83372566.4,427891799
247.6,S,37,2951.85,749.86,17748676.8,83372759.1,427891967
248.6,S,36,2962.97,751.39,17748676.8,83372777.0,427891985
249.6,S,36,2969.75,752.17,17748676.8,83372909.6,427892476
250.6,S,44,2979.46,753.13,17748676.8,83373052.4,427893056
251.6,S,41,2993.34,754.83,17748676.8,83373204.7,427893573
252.6,S,39,3002.65,756.01,17748676.8,83373433.9,427894391
253.6,S,37,3014.05,757.66,17748676.8,83373466.8,427894425
254.6,S,37,3025.54,759.38,17748676.8,83373467.7,427894429
255.6,S,37,3036.89,760.97,17748676.8,83373467.9,427894432
256.6,S,36,3048.19,762.44,17748676.8,83373573.4,427894524
257.6,S,37,3058.32,763.95,17748676.8,83373718.8,427894654
258.6,S,36,3069.82,765.52,17748676.8,83373740.9,427894675
259.6,S,36,3080.43,766.95,17748676.8,83373741.3,427894679
260.6,S,36,3091.07,768.47,17748676.8,83373788.6,427894724
261.6,S,36,3101.49,769.91,17748676.8,83373839.8,427894886
262.6,S,37,3109.99,771.04,17748676.8,83373936.9,427895204
263.6,S,36,3120.93,772.41,17748676.8,83373948.8,427895249
264.6,S,36,3131.45,773.80,17748676.8,83373949.1,427895253
265.6,S,36,3142.20,775.22,17748676.8,83373949.3,427895262
266.6,S,36,3152.42,776.75,17748676.8,83374038.2,427895523
267.6,S,39,3161.96,778.38,17748676.8,83374173.3,427895966
268.6,S,38,3168.94,778.92,17748676.8,83374372.9,427896692
269.6,S,44,3185.04,780.48,17748676.8,83374502.8,427897110
270.6,S,40,3202.34,782.28,17748676.8,83374619.9,427897227
271.6,S,38,3215.36,783.87,17748676.8,83374678.3,427897282
272.6,S,37,3222.70,785.28,17748676.8,83375000.7,427897905
273.6,S,37,3234.38,786.83,17748676.8,83375001.8,427897918
274.6,S,36,3245.31,788.51,17748676.8,83375022.6,427897987
275.6,S,36,3255.81,790.05,17748676.8,83375023.0,427897996
276.6,S,36,3266.03,791.39,17748676.8,83375079.1,427898182
277.6,S,37,3274.17,792.76,17748676.8,83375217.9,427898697
278.6,S,37,3285.61,794.37,17748676.8,83375218.6,427898699
279.6,S,36,3297.03,795.95,17748676.8,83375248.7,427898809
280.6,S,36,3307.67,797.35,17748676.8,83375249.0,427898813
281.6,S,36,3318.47,798.76,17748676.8,83375249.3,427898822
282.6,S,34,3324.57,799.88,17748676.8,83375443.8,427899481
283.6,S,37,3335.88,801.42,17748676.8,83375444.3,427899491
284.6,S,37,3347.38,803.15,17748676.8,83375445.0,427899496
285.6,S,36,3358.45,804.57,17748676.8,83375482.7,427899656
286.6,S,36,3367.10,805.64,17748676.8,83375591.3,427900132
287.6,S,35,3368.77,805.76,17748676.8,83375886.7,427901116
288.6,S,42,3385.45,807.67,17748676.8,83376009.0,427901246
289.6,S,37,3399.58,809.32,17748676.8,83376145.0,427901376
290.6,S,36,3408.24,810.58,17748676.8,83376175.3,427901410
291.6,S,35,3415.70,811.61,17748676.8,83376220.7,427901501
292.6,S,35,3422.96,812.74,17748676.8,83376266.5,427901636
293.6,S,37,3429.94,813.85,17748676.8,83376350.7,427901914
294.6,S,37,3439.72,814.93,17748676.8,83376351.8,427901923
295.6,S,36,3448.69,816.06,17748676.8,83376371.1,427901997
296.6,S,36,3457.42,817.22,17748676.8,83376371.3,427902001
297.6,S,36,3466.19,818.24,17748676.8,83376423.9,427902162
298.6,S,34,3473.12,819.33,17748676.8,83376566.6,427902668
299.6,S,37,3484.45,820.76,17748676.8,83376567.4,427902688
300.6,S,36,3495.78,822.22,17748676.8,83376594.8,427902765
301.6,S,36,3506.28,823.69,17748676.8,83376595.2,427902773
302.6,S,36,3516.76,825.12,17748676.8,83376595.6,427902777
303.6,S,36,3525.10,826.30,17748676.8,83376772.8,427903312
304.6,S,38,3536.19,827.95,17748676.8,83376790.3,427903422
305.6,S,38,3548.61,829.60,17748676.8,83376790.7,427903428
306.6,S,37,3560.77,831.15,17748676.8,83376828.8,427903530
307.6,S,37,3572.30,832.78,17748676.8,83376829.2,427903538
308.6,S,36,3582.83,834.36,17748676.8,83376972.6,427903823
309.6,S,37,3593.19,835.78,17748676.8,83377089.0,427903933
310.6,S,45,3604.97,836.88,17748676.8,83377394.3,427904472
311.6,S,40,3620.10,838.50,17748676.8,83377505.1,427904939
312.6,S,36,3630.22,839.75,17748676.8,83377613.3,427905367
313.6,S,36,3633.16,839.80,17748676.8,83377621.0,427905394
314.6,S,37,3634.19,839.97,17748676.8,83377807.6,427906104
315.6,S,37,3638.09,840.04,17748676.8,83377820.5,427906153
316.6,S,36,3641.05,840.08,17748676.8,83377827.1,427906186
317.6,S,36,3643.65,840.13,17748676.8,83377909.8,427906563
318.6,S,36,3646.22,840.19,17748676.8,83377972.8,427906805
319.6,S,37,3648.91,840.28,17748676.8,83378022.2,427907037
320.6,S,37,3652.75,840.34,17748676.8,83378048.5,427907161
321.6,S,36,3655.71,840.37,17748676.8,83378049.1,427907174
322.6,S,36,3658.67,840.41,17748676.8,83378049.3,427907181
323.6,S,38,3659.85,840.53,17748676.8,83378243.0,427907797
324.6,S,38,3664.79,840.60,17748676.8,83378243.6,427907804
325.6,S,38,3669.72,840.67,17748676.8,83378244.4,427907806
326.6,S,37,3673.65,840.74,17748676.8,83378324.5,427907880
327.6,S,34,3677.04,840.83,17748676.8,83378539.0,427908063
328.6,S,37,3680.68,840.91,17748676.8,83378539.6,427908070
329.6,S,37,3684.63,840.97,17748676.8,83378540.0,427908072
330.6,S,36,3688.22,841.02,17748676.8,83378584.1,427908116
331.6,S,36,3691.11,841.08,17748676.8,83378599.7,427908162
332.6,S,34,3693.34,841.42,17748676.8,83378778.6,427908809
333.6,S,41,3704.99,842.57,17748676.8,83378779.3,427908818
334.7,S,41,3718.63,843.82,17748676.8,83378780.1,427908824
335.7,S,41,3732.32,845.05,17748676.8,83378780.6,427908832
336.7,S,41,3746.19,846.36,17748676.8,83378781.6,427908840
337.7,S,41,3760.24,847.54,17748676.8,83378809.9,427908955
338.7,S,41,3773.94,848.73,17748676.8,83378884.5,427909291
339.7,S,41,3787.79,849.87,17748676.8,83378969.3,427909638
340.7,S,41,3801.73,851.04,17748676.8,83378992.2,427909739
341.7,S,41,3814.56,852.17,17748676.8,83379078.4,427910067
342.7,S,41,3825.95,853.38,17748676.8,83379266.4,427910802
343.7,S,41,3831.33,854.22,17748676.8,83379639.1,427911802
344.7,S,41,3843.79,855.64,17748676.8,83379916.8,427912149
345.7,S,41,3857.41,856.89,17748676.8,83379917.6,427912163
346.7,S,41,3871.49,858.02,17748676.8,83379917.9,427912167
347.7,S,41,3885.60,859.16,17748676.8,83379918.6,427912172
348.7,S,41,3899.32,860.37,17748676.8,83379918.8,427912175
349.7,S,41,3912.95,861.55,17748676.8,83379985.7,427912390
350.7,S,41,3923.80,862.77,17748676.8,83380190.4,427913137
351.7,S,41,3937.72,864.04,17748676.8,83380191.1,427913145
352.7,S,41,3951.20,865.29,17748676.8,83380281.4,427913463
353.7,S,41,3956.68,865.97,17748676.8,83380553.0,427914463
354.7,S,41,3966.91,867.22,17748676.8,83380698.6,427915077
355.7,S,41,3979.61,868.44,17748676.8,83380887.7,427915538
356.7,S,41,3993.35,869.70,17748676.8,83380900.4,427915552
357.7,S,41,4007.16,870.94,17748676.8,83380962.0,427915609
358.7,S,49,4020.90,872.06,17748676.8,83381111.8,427915775
359.7,S,46,4037.55,873.03,17748676.8,83381280.9,427916138
360.7,S,44,4050.88,873.92,17748676.8,83381452.3,427916719
361.7,S,40,4058.12,874.46,17748676.8,83381614.5,427917520
362.7,S,40,4063.26,874.57,17748676.8,83381790.9,427918147
363.8,S,37,4065.25,874.71,17748676.8,83382102.2,427919269
364.8,S,34,4066.18,874.95,17748676.8,83382209.2,427919476
365.8,S,34,4073.07,876.32,17748676.8,83382210.6,427919483
366.8,S,34,4081.85,877.80,17748676.8,83382210.8,427919488
367.8,S,34,4090.44,879.13,17748676.8,83382211.0,427919491
368.8,S,34,4099.12,880.44,17748676.8,83382211.3,427919496
369.8,S,34,4107.63,881.89,17748676.8,83382277.5,427919564
370.8,S,34,4116.44,883.17,17748676.8,83382277.8,427919567
371.8,S,34,4125.06,884.58,17748676.8,83382278.0,427919570
372.8,S,34,4133.80,886.11,17748676.8,83382278.2,427919574
373.8,S,34,4142.58,887.45,17748676.8,83382342.8,427919631
374.8,S,34,4151.30,888.89,17748676.8,83382343.0,427919633
375.8,S,34,4160.06,890.22,17748676.8,83382343.8,427919636
376.8,S,34,4168.73,891.60,17748676.8,83382344.0,427919641
377.8,S,34,4177.22,892.97,17748676.8,83382408.6,427919705
378.8,S,34,4185.83,894.30,17748676.8,83382408.9,427919708
379.8,S,34,4194.56,895.58,17748676.8,83382409.2,427919710
380.8,S,34,4203.12,897.08,17748676.8,83382409.8,427919713
381.8,S,34,4210.36,898.18,17748676.8,83382549.6,427919935
382.8,S,42,4215.31,898.69,17748676.8,83382731.3,427920669
383.8,S,38,4228.16,900.28,17748676.9,83382838.9,427921042
384.8,S,38,4237.57,901.54,17748676.9,83382942.1,427921457
385.8,S,34,4245.50,902.91,17748676.9,83383023.9,427921791
386.8,S,34,4254.09,904.37,17748676.9,83383051.9,427921904
387.8,S,34,4262.69,905.66,17748676.9,83383052.3,427921913
388.8,S,34,4271.36,907.05,17748676.9,83383052.6,427921918
389.8,S,34,4279.76,908.40,17748676.9,83383117.3,427922152
390.8,S,34,4288.40,909.70,17748676.9,83383117.9,427922161
391.8,S,34,4297.08,911.12,17748676.9,83383118.6,427922166
392.9,S,34,4305.72,912.56,17748676.9,83383118.9,427922168
393.9,S,34,4314.43,913.89,17748676.9,83383183.5,427922263
394.9,S,34,4323.24,915.20,17748676.9,83383183.9,427922265
395.9,S,34,4332.13,916.52,17748676.9,83383184.4,427922268
396.9,S,34,4340.87,917.88,17748676.9,83383184.9,427922274
397.9,S,34,4349.54,919.18,17748676.9,83383250.0,427922333
398.9,S,34,4358.10,920.53,17748676.9,83383250.3,427922338
399.9,S,34,4366.72,921.87,17748676.9,83383250.5,427922342
400.9,S,42,4375.97,923.12,17748676.9,83383507.5,427922581
401.9,S,40,4389.24,924.79,17748676.9,83383658.8,427923085
402.9,S,35,4398.53,926.11,17748676.9,83383796.6,427923650
403.9,S,34,4406.94,927.71,17748676.9,83383821.1,427923748
404.9,S,34,4415.60,929.04,17748676.9,83383821.3,427923758
405.9,S,34,4424.30,930.36,17748676.9,83383821.5,427923761
406.9,S,34,4433.14,931.61,17748676.9,83383821.8,427923763
407.9,S,34,4441.62,933.08,17748676.9,83383886.9,427924006
408.9,S,34,4450.59,934.40,17748676.9,83383887.6,427924015
409.9,S,34,4459.25,935.77,17748676.9,83383887.9,427924021
410.9,S,34,4468.05,937.16,17748676.9,83383888.2,427924030
411.9,S,34,4475.98,938.59,17748676.9,83383952.8,427924232
412.9,S,34,4484.72,939.89,17748676.9,83383953.1,427924235
413.9,S,34,4493.51,941.28,17748676.9,83383953.7,427924241
414.9,S,34,4502.23,942.68,17748676.9,83383954.4,427924264
415.9,S,34,4510.74,943.97,17748676.9,83383993.5,427924464
416.9,S,34,4519.38,945.26,17748676.9,83384019.2,427924578
417.9,S,34,4527.02,946.51,17748676.9,83384064.4,427924723
418.9,S,42,4531.69,947.09,17748676.9,83384277.3,427925473
419.9,S,40,4544.93,948.68,17748676.9,83384372.1,427925829
420.9,S,36,4554.21,949.93,17748676.9,83384556.4,427926372
421.9,S,34,4563.33,951.27,17748676.9,83384582.6,427926399
422.9,S,34,4572.10,952.66,17748676.9,83384582.9,427926402
423.9,S,34,4580.80,954.08,17748676.9,83384583.1,427926403
424.9,S,34,4589.41,955.56,17748676.9,83384648.6,427926464
425.9,S,34,4598.19,956.88,17748676.9,83384649.0,427926471
426.9,S,34,4606.73,958.34,17748676.9,83384649.3,427926476
427.9,S,34,4615.43,959.66,17748676.9,83384649.5,427926479
428.9,S,34,4624.21,960.90,17748676.9,83384714.2,427926546
429.9,S,34,4633.10,962.13,17748676.9,83384714.7,427926551
430.9,S,34,4641.92,963.35,17748676.9,83384715.4,427926556
431.9,S,34,4650.85,964.71,17748676.9,83384715.7,427926559
432.9,S,34,4659.55,966.04,17748676.9,83384780.3,427926615
433.9,S,34,4668.39,967.41,17748676.9,83384780.7,427926619
434.9,S,34,4677.15,968.71,17748676.9,83384781.0,427926620
435.9,S,34,4685.88,970.17,17748676.9,83384781.8,427926623
436.9,S,42,4688.97,970.59,17748676.9,83385039.0,427927418
437.9,S,40,4701.32,972.05,17748693.0,83385174.0,427927959
438.9,S,36,4712.34,973.72,17748693.0,83385296.6,427928422
439.9,S,34,4719.36,974.81,17748693.0,83385344.3,427928607
440.9,S,34,4720.34,974.83,17748693.0,83385345.0,427928614
441.9,S,34,4721.11,974.85,17748693.0,83385409.7,427928837
442.9,S,34,4722.09,974.87,17748693.0,83385410.3,427928856
443.9,S,34,4723.08,974.88,17748693.0,83385410.5,427928858
444.9,S,34,4724.06,974.90,17748693.0,83385411.2,427928880
445.9,S,34,4724.80,974.93,17748693.0,83385475.9,427929123
446.9,S,34,4725.79,974.94,17748693.0,83385476.4,427929126
447.9,S,34,4726.49,975.22,17748693.0,83385503.3,427929162
448.9,S,41,4733.05,975.33,17748693.0,83385504.5,427929172
449.9,S,41,4740.93,975.46,17748693.0,83385504.7,427929175
450.9,S,41,4748.82,975.58,17748693.0,83385504.9,427929178
451.9,S,41,4756.69,975.72,17748693.0,83385506.0,427929182
452.9,S,41,4764.50,975.87,17748693.0,83385566.0,427929241
453.9,S,41,4772.24,976.07,17748693.0,83385685.9,427929349
454.9,S,41,4780.09,976.23,17748693.0,83385686.1,427929354
455.9,S,41,4787.88,976.40,17748693.0,83385773.4,427929432
456.9,S,41,4795.69,976.58,17748693.0,83385801.7,427929461
457.9,S,41,4802.94,976.74,17748693.0,83385963.2,427929985
458.9,S,41,4806.65,976.87,17748693.0,83386191.3,427930915
459.9,S,41,4813.56,977.06,17748693.0,83386356.6,427931441
460.9,S,41,4819.98,977.21,17748693.0,83386449.0,427931762
461.9,S,41,4827.80,977.37,17748693.0,83386449.9,427931768
462.9,S,41,4835.66,977.52,17748693.0,83386450.0,427931770
463.9,S,41,4843.43,977.69,17748693.0,83386509.6,427931843
464.9,S,41,4851.10,977.90,17748693.0,83386723.2,427932030
465.9,S,41,4858.89,978.06,17748693.0,83386790.8,427932094
466.9,S,41,4866.78,978.18,17748693.0,83386791.0,427932098
467.9,S,41,4874.65,978.31,17748693.0,83386792.0,427932101
468.9,S,41,4881.02,978.47,17748693.0,83386958.6,427932545
469.9,S,41,4888.71,978.60,17748693.0,83387049.8,427932884
470.9,S,41,4896.14,978.74,17748693.0,83387129.1,427933322
471.9,S,41,4902.79,978.91,17748693.0,83387320.5,427933871
472.9,S,41,4910.20,979.09,17748693.0,83387450.2,427934338
473.9,S,41,4917.64,979.24,17748693.0,83387560.9,427934726
474.9,S,41,4925.21,979.36,17748693.0,83387579.2,427934794
475.9,S,41,4931.11,979.52,17748693.0,83387752.8,427935372
476.9,S,41,4938.97,979.66,17748693.0,83387753.4,427935383
477.9,S,41,4946.53,979.83,17748693.0,83387852.7,427935681
478.9,S,41,4954.38,979.99,17748693.0,83387852.9,427935683
479.9,S,41,4962.04,980.18,17748693.0,83388098.2,427935894
480.9,S,41,4969.72,980.33,17748693.0,83388227.3,427936085
481.9,S,41,4977.59,980.48,17748693.0,83388227.6,427936090
482.9,S,41,4985.05,980.61,17748693.0,83388286.5,427936283
483.9,S,41,4992.45,980.76,17748693.0,83388421.8,427936779
484.9,S,40,4999.15,980.87,17748693.0,83388565.1,427937333
485.9,S,39,5002.16,981.01,17748693.0,83388833.8,427938334
486.9,S,35,5005.34,981.10,17748693.0,83388977.5,427938817
487.9,S,35,5006.82,981.14,17748693.0,83389087.0,427939205
488.9,S,34,5007.08,981.68,17748693.0,83389150.4,427939460
489.9,S,34,5014.97,983.34,17748693.0,83389153.4,427939481
490.9,S,34,5023.24,985.04,17748693.0,83389153.8,427939486
491.9,S,34,5031.50,986.76,17748693.0,83389154.3,427939504
492.9,S,34,5040.13,988.36,17748693.0,83389154.4,427939507
493.9,S,34,5048.45,990.05,17748693.0,83389212.8,427939585
494.9,S,34,5056.88,991.71,17748693.0,83389213.8,427939588
495.9,S,34,5065.15,993.50,17748693.0,83389214.1,427939592
496.9,S,34,5073.60,995.23,17748693.0,83389214.3,427939594
497.9,S,34,5081.79,996.93,17748693.0,83389279.1,427939651
498.9,S,34,5090.21,998.72,17748693.0,83389279.2,427939652
499.9,S,34,5098.34,1000.54,17748693.0,83389279.7,427939656
500.9,S,34,5106.85,1002.17,17748693.0,83389280.3,427939664
501.9,S,34,5115.01,1003.86,17748693.0,83389333.4,427939714
502.9,S,42,5123.17,1005.21,17748693.0,83389561.6,427940007
503.9,S,40,5136.65,1006.72,17748693.0,83389669.4,427940382
504.9,S,36,5148.09,1008.36,17748693.0,83389724.5,427940587
505.9,S,35,5156.41,1009.92,17748693.0,83389802.8,427940899
506.9,S,34,5164.56,1011.58,17748693.0,83389835.6,427941059
507.9,S,34,5172.80,1013.24,17748693.0,83389867.8,427941204
508.9,S,34,5181.27,1014.84,17748693.0,83389868.0,427941206
509.9,S,34,5189.69,1016.57,17748693.0,83389868.4,427941214
510.9,S,34,5197.94,1018.37,17748693.0,83389868.8,427941216
511.9,S,34,5205.94,1019.95,17748693.0,83389934.0,427941474
512.9,S,34,5214.28,1021.73,17748693.0,83389934.4,427941480
513.9,S,34,5222.56,1023.48,17748693.0,83389934.5,427941487
514.9,S,34,5230.98,1025.08,17748693.0,83389934.8,427941490
515.9,S,34,5239.25,1026.75,17748693.0,83389953.4,427941586
517.0,S,34,5247.43,1028.41,17748693.0,83390000.4,427941800
518.0,S,34,5256.01,1030.08,17748693.0,83390000.8,427941811
519.0,S,34,5260.32,1030.84,17748693.0,83390142.6,427942352
520.0,S,42,5268.86,1031.74,17748693.0,83390258.0,427942830
521.0,S,39,5280.57,1033.14,17748693.0,83390446.0,427943394
522.0,S,35,5290.81,1034.81,17748693.0,83390550.6,427943660
523.0,S,34,5299.42,1036.55,17748693.0,83390563.6,427943679
524.0,S,34,5307.39,1038.51,17748693.0,83390602.5,427943717
525.0,S,34,5315.47,1040.25,17748693.0,83390603.2,427943719
526.0,S,34,5323.86,1042.04,17748693.0,83390603.6,427943724
527.0,S,34,5332.10,1043.68,17748693.0,83390603.9,427943727
528.0,S,34,5340.39,1045.43,17748693.0,83390605.3,427943734
529.0,S,34,5348.56,1047.09,17748693.0,83390670.0,427943792
530.0,S,34,5356.93,1048.60,17748693.0,83390670.3,427943797
531.0,S,34,5365.28,1050.33,17748693.0,83390670.9,427943801
532.0,S,34,5373.48,1052.09,17748693.0,83390671.2,427943802
533.0,S,34,5381.71,1053.76,17748693.0,83390736.0,427943861
534.0,S,34,5390.06,1055.39,17748693.0,83390736.7,427943864
535.0,S,34,5398.40,1057.08,17748693.0,83390736.9,427943869
536.0,S,34,5403.75,1058.22,17748693.0,83390958.9,427944255
537.0,S,42,5416.05,1059.51,17748693.0,83391056.4,427944668
538.0,S,38,5428.45,1060.97,17748693.0,83391209.5,427945187
539.0,S,35,5438.00,1062.40,17748694.8,83391287.3,427945477
540.0,S,34,5446.81,1063.78,17748694.8,83391299.8,427945529
541.0,S,34,5455.61,1065.03,17748694.8,83391300.0,427945533
542.0,S,34,5463.79,1066.29,17748694.8,83391364.8,427945753
543.0,S,34,5472.59,1067.62,17748694.8,83391365.2,427945757
544.0,S,34,5481.34,1068.94,17748694.8,83391365.9,427945768
545.0,S,34,5490.17,1070.23,17748694.8,83391366.6,427945771
546.0,S,34,5498.50,1071.73,17748694.8,83391422.2,427945972
547.0,S,34,5507.20,1073.21,17748694.8,83391422.7,427945979
548.0,S,34,5515.93,1074.58,17748694.8,83391422.9,427945983
549.0,S,34,5524.62,1075.95,17748694.8,83391423.5,427945992
550.0,S,34,5533.08,1077.39,17748694.8,83391488.5,427946226
551.0,S,34,5541.63,1078.79,17748694.8,83391489.0,427946232
552.0,S,34,5550.38,1080.23,17748694.8,83391489.4,427946242
553.0,S,34,5559.11,1081.67,17748694.8,83391489.7,427946249
554.0,S,34,5560.37,1081.87,17748694.8,83391729.2,427947185
555.0,S,42,5571.15,1083.12,17748694.8,83391822.3,427947571
556.0,S,37,5583.71,1084.72,17748694.8,83392028.2,427947863
557.0,S,34,5593.18,1086.15,17748694.8,83392052.2,427947903
558.0,S,34,5601.92,1087.57,17748694.8,83392052.5,427947907
559.0,S,34,5610.57,1088.95,17748694.8,83392117.2,427947968
560.0,S,34,5619.31,1090.27,17748694.8,83392118.0,427947974
561.0,S,34,5628.14,1091.60,17748694.8,83392118.5,427947979
562.0,S,34,5636.83,1093.00,17748694.8,83392118.8,427947983
563.0,S,34,5645.60,1094.26,17748694.8,83392183.5,427948042
564.0,S,34,5654.51,1095.52,17748694.8,83392183.8,427948046
565.0,S,34,5663.24,1096.84,17748694.8,83392184.1,427948050
566.0,S,34,5671.86,1098.41,17748694.8,83392235.7,427948097
567.0,S,41,5681.66,1099.87,17748694.8,83392236.6,427948104
568.0,S,41,5697.07,1101.51,17748694.8,83392265.9,427948201
569.0,S,41,5712.54,1103.32,17748694.8,83392266.4,427948213
570.0,S,41,5727.86,1104.98,17748694.8,83392266.7,427948216
571.0,S,41,5741.23,1106.54,17748694.8,83392374.4,427948588
572.0,S,41,5749.75,1107.03,17748694.8,83392683.7,427949506
573.0,S,47,5769.79,1108.54,17748694.8,83392849.5,427949961
574.0,S,44,5788.25,1110.23,17748694.8,83393068.4,427950600
575.0,S,41,5804.01,1111.91,17748694.8,83393147.5,427950675
576.0,S,41,5815.28,1112.87,17748694.8,83393213.1,427950735
577.0,S,41,5824.26,1113.75,17748694.8,83393464.6,427951182
578.0,S,41,5835.63,1114.72,17748694.8,83393541.6,427951409
579.0,S,41,5847.13,1115.63,17748694.8,83393618.2,427951604
580.0,S,41,5857.30,1116.50,17748694.8,83393788.9,427952116
581.0,S,41,5868.93,1117.36,17748694.8,83393789.1,427952120
582.0,S,41,5880.23,1118.28,17748694.8,83393918.6,427952477
583.0,S,41,5891.76,1119.24,17748694.8,83393919.0,427952481
584.0,S,41,5900.31,1120.09,17748694.8,83394139.9,427953118
585.1,S,41,5911.76,1121.10,17748694.8,83394257.2,427953562
586.1,S,41,5923.09,1122.05,17748694.8,83394335.6,427953812
587.1,S,41,5933.94,1122.94,17748694.8,83394510.5,427954316
588.1,S,41,5945.40,1123.86,17748694.8,83394740.8,427954517
589.1,S,41,5956.80,1124.74,17748694.8,83394848.6,427954667
590.1,S,41,5968.43,1125.62,17748694.8,83394848.9,427954669
591.1,S,41,5980.00,1126.45,17748694.8,83394849.2,427954670
592.1,S,41,5991.58,1127.33,17748694.8,83394849.4,427954681
593.1,S,41,6001.64,1128.26,17748694.8,83395016.6,427955219
594.1,S,41,6013.22,1129.13,17748694.8,83395017.4,427955233
595.1,S,41,6024.32,1130.06,17748694.8,83395146.3,427955664
596.1,S,41,6035.69,1130.97,17748694.8,83395170.5,427955777
597.1,S,41,6042.35,1131.73,17748694.8,83395443.9,427956778
598.2,S,41,6053.85,1132.74,17748694.8,83395704.6,427957153
599.2,S,41,6065.66,1133.58,17748694.8,83395752.6,427957200
600.2,S,41,6077.43,1134.44,17748694.8,83395752.8,427957202
601.2,S,40,6088.50,1135.33,17748694.8,83395950.6,427957506
602.2,S,38,6098.16,1136.19,17748694.8,83396019.4,427957709
603.2,S,38,6102.71,1137.01,17748694.8,83396334.5,427958689
604.2,S,34,6107.11,1138.09,17748694.8,83396567.1,427959460
605.2,S,34,6115.36,1139.75,17748694.8,83396568.5,427959474
606.2,S,34,6124.19,1141.09,17748694.8,83396568.8,427959482
607.2,S,34,6132.76,1142.38,17748694.8,83396569.0,427959485
608.2,S,34,6141.39,1143.78,17748694.8,83396569.3,427959488
609.2,S,42,6151.92,1145.06,17748694.8,83396729.1,427960028
610.2,S,37,6164.38,1146.79,17748694.8,83396848.7,427960417
611.2,S,35,6173.07,1147.97,17748694.8,83396926.3,427960778
612.2,S,34,6181.97,1149.44,17748694.8,83396938.2,427960822
613.2,S,34,6190.82,1150.93,17748694.8,83396938.5,427960834
614.2,S,34,6199.47,1152.33,17748694.8,83397003.5,427960936
615.2,S,34,6208.14,1153.86,17748694.8,83397003.7,427960938
616.2,S,34,6216.70,1155.22,17748694.8,83397004.7,427960944
617.2,S,34,6225.25,1156.78,17748694.8,83397052.7,427960988
618.2,S,34,6233.89,1158.17,17748694.8,83397053.0,427960993
619.2,S,34,6242.68,1159.52,17748694.8,83397053.3,427960995
620.2,S,34,6251.36,1160.88,17748694.8,83397054.0,427960999
621.2,S,34,6260.00,1162.24,17748694.8,83397119.1,427961056
622.2,S,34,6268.73,1163.60,17748694.8,83397119.4,427961059
623.2,S,34,6277.59,1164.98,17748694.8,83397119.6,427961061
624.2,S,34,6286.22,1166.37,17748694.8,83397119.9,427961065
625.2,S,34,6294.83,1167.77,17748694.8,83397184.7,427961124
626.2,S,34,6301.84,1168.88,17748694.8,83397345.1,427961326
627.2,S,41,6312.82,1170.12,17748694.8,83397481.9,427961726
628.2,S,40,6322.89,1171.50,17748694.8,83397648.0,427962351
629.2,S,34,6332.55,1173.18,17748694.8,83397728.9,427962702
630.2,S,34,6341.38,1174.60,17748694.8,83397729.4,427962712
631.2,S,34,6350.01,1175.97,17748694.8,83397730.0,427962720
632.2,S,34,6358.69,1177.45,17748694.8,83397730.5,427962722
633.2,S,34,6366.57,1178.71,17748694.8,83397795.1,427963010
634.2,S,34,6375.17,1180.10,17748694.8,83397795.4,427963019
635.2,S,34,6383.97,1181.36,17748694.8,83397795.7,427963024
636.2,S,34,6392.81,1182.65,17748694.8,83397796.2,427963034
637.2,S,34,6401.46,1184.02,17748694.8,83397861.2,427963252
638.2,S,34,6410.27,1185.46,17748694.8,83397861.5,427963264
639.2,S,34,6418.55,1187.03,17748694.8,83397891.6,427963368
640.2,S,34,6427.34,1188.51,17748694.8,83397892.1,427963372
641.2,S,34,6436.22,1189.80,17748694.8,83397892.7,427963378
642.2,S,34,6445.07,1191.14,17748694.8,83397892.9,427963383
643.2,S,34,6453.74,1192.55,17748694.8,83397893.3,427963386
644.2,S,34,6460.46,1193.69,17748694.8,83398100.4,427963822
645.2,S,41,6474.38,1195.41,17748694.8,83398262.0,427963976
646.2,S,36,6486.21,1197.06,17748694.8,83398433.8,427964354
647.2,S,34,6495.06,1198.46,17748694.8,83398455.7,427964422
648.2,S,34,6502.96,1199.69,17748694.8,83398520.4,427964634
649.2,S,34,6511.64,1200.99,17748694.8,83398521.1,427964644
650.3,S,34,6520.41,1202.28,17748694.8,83398521.6,427964652
651.3,S,34,6529.06,1203.64,17748694.8,83398521.9,427964663
652.3,S,34,6537.49,1205.05,17748694.8,83398586.7,427964903
653.3,S,34,6546.46,1206.37,17748694.8,83398587.1,427964909
654.3,S,34,6555.23,1207.68,17748694.8,83398587.7,427964914
655.3,S,34,6563.99,1208.98,17748694.8,83398588.0,427964918
656.3,S,34,6572.63,1210.44,17748694.8,83398588.3,427964921
657.3,S,34,6581.22,1211.84,17748694.8,83398653.2,427965104
658.3,S,34,6589.93,1213.19,17748694.8,83398653.4,427965106
659.3,S,34,6598.72,1214.57,17748694.8,83398654.1,427965112
660.3,S,34,6607.42,1215.98,17748694.8,83398654.4,427965114
661.3,S,34,6616.17,1217.37,17748694.8,83398720.5,427965181
662.3,S,49,6626.54,1218.72,17748694.8,83398985.6,427965428
663.3,S,47,6647.87,1220.44,17748694.8,83399093.9,427965736
664.3,S,41,6662.36,1221.78,17748694.8,83399226.4,427966217
665.3,S,41,6675.30,1222.84,17748694.8,83399226.8,427966223
666.3,S,41,6688.11,1223.88,17748694.8,83399292.0,427966505
667.3,S,41,6700.91,1225.02,17748694.8,83399318.2,427966600
668.3,S,41,6713.75,1226.11,17748694.8,83399318.8,427966604
669.3,S,41,6725.96,1227.20,17748694.8,83399406.5,427966936
670.3,S,41,6738.73,1228.23,17748694.8,83399499.9,427967232
671.3,S,41,6751.57,1229.43,17748694.8,83399500.2,427967236
672.3,S,41,6762.72,1230.56,17748694.8,83399682.8,427967858
673.3,S,41,6769.17,1231.46,17748694.8,83399993.4,427968859
674.3,S,41,6780.98,1232.63,17748694.8,83400093.0,427969067
675.3,S,41,6793.25,1233.87,17748694.9,83400290.8,427969235
676.3,S,41,6806.03,1235.08,17748694.9,83400299.4,427969248
677.3,S,41,6819.05,1236.21,17748694.9,83400393.0,427969330
678.3,S,41,6829.87,1237.13,17748694.9,83400565.4,427969912
679.3,S,41,6842.91,1238.25,17748694.9,83400566.0,427969915
680.3,S,41,6855.76,1239.33,17748694.9,83400566.6,427969923
681.3,S,41,6868.60,1240.46,17748694.9,83400610.7,427970048
682.3,S,41,6879.32,1241.50,17748694.9,83400794.7,427970703
683.3,S,41,6891.91,1242.73,17748694.9,83400927.1,427971065
684.3,S,41,6905.08,1243.84,17748694.9,83400927.7,427971068
685.3,S,41,6911.98,1244.56,17748694.9,83401150.2,427971917
686.3,S,41,6925.98,1245.93,17748694.9,83401150.6,427971920
687.3,S,41,6939.11,1246.97,17748694.9,83401150.8,427971922
688.3,S,41,6950.94,1247.99,17748694.9,83401228.1,427972165
689.3,S,41,6961.65,1249.25,17748694.9,83401655.8,427972962
690.3,S,41,6974.31,1250.43,17748694.9,83401797.2,427973086
691.3,S,41,6987.23,1251.53,17748694.9,83401835.6,427973120
692.3,S,41,6999.47,1252.72,17748694.9,83401956.3,427973564
693.3,S,41,7011.97,1253.85,17748694.9,83402000.1,427973707
694.3,S,41,7024.70,1255.03,17748694.9,83402000.5,427973717
695.3,S,41,7037.43,1256.15,17748694.9,83402060.2,427973889
696.3,S,41,7044.82,1256.44,17748694.9,83402282.0,427974785
697.3,S,49,7060.37,1257.56,17748694.9,83402548.8,427975593
698.3,S,45,7076.26,1258.57,17748694.9,83402788.8,427975808
699.3,S,41,7085.30,1259.23,17748694.9,83403130.4,427976624
700.3,S,40,7091.36,1259.34,17748697.0,83403217.7,427976923
701.3,S,39,7097.30,1259.44,17748697.0,83403310.8,427977219
702.3,S,36,7099.79,1259.53,17748697.0,83403460.8,427977817
703.3,S,34,7100.21,1259.73,17748697.0,83403623.8,427978368
704.3,S,34,7105.40,1260.91,17748697.0,83403625.2,427978382
705.3,S,34,7114.12,1262.41,17748697.0,83403626.8,427978387
706.3,S,34,7122.83,1263.70,17748697.0,83403627.4,427978393
707.3,S,34,7131.67,1265.02,17748697.0,83403627.5,427978399
708.3,S,34,7140.13,1266.34,17748697.0,83403692.1,427978640
709.3,S,34,7148.87,1267.75,17748697.0,83403692.3,427978643
710.3,S,34,7157.62,1269.03,17748697.0,83403692.7,427978646
711.3,S,34,7166.49,1270.37,17748697.0,83403693.1,427978648
712.3,S,34,7175.15,1271.85,17748697.0,83403734.1,427978785
713.3,S,34,7183.11,1273.22,17748697.0,83403758.4,427978891
714.3,S,34,7191.83,1274.51,17748697.1,83403758.7,427978894
715.3,S,34,7200.58,1275.96,17748697.6,83403758.8,427978902
716.3,S,34,7208.93,1277.65,17748697.6,83403759.4,427978907
717.3,S,34,7217.17,1279.14,17748697.6,83403822.9,427979175
718.3,S,34,7226.02,1280.50,17748697.6,83403822.9,427979176
719.3,S,34,7234.82,1281.81,17748697.6,83403823.1,427979182
720.3,S,42,7240.78,1282.59,17748697.6,83404079.9,427979678
721.3,S,39,7255.42,1284.31,17748697.6,83404296.5,427979896
722.3,S,34,7266.27,1285.72,17748697.6,83404413.9,427980369
723.3,S,34,7274.88,1287.15,17748697.6,83404414.5,427980370
724.3,S,34,7283.46,1288.62,17748697.6,83404414.8,427980373
725.3,S,34,7291.76,1289.97,17748697.6,83404479.4,427980605
726.3,S,34,7300.62,1291.31,17748697.6,83404479.7,427980609
727.3,S,34,7309.30,1292.65,17748697.6,83404480.6,427980617
728.3,S,34,7317.30,1293.88,17748697.6,83404481.7,427980636
729.3,S,34,7326.02,1295.36,17748697.6,83404481.9,427980642
730.3,S,34,7333.79,1296.90,17748697.6,83404546.6,427980851
731.3,S,34,7342.06,1298.46,17748697.6,83404547.0,427980862
732.3,S,34,7350.21,1300.15,17748697.6,83404547.2,427980863
733.3,S,34,7358.34,1301.79,17748697.6,83404596.2,427981047
734.3,S,34,7366.45,1303.54,17748697.9,83404596.9,427981091
735.3,S,34,7374.83,1305.32,17748697.9,83404597.4,427981102
736.3,S,34,7383.19,1307.04,17748697.9,83404597.8,427981105
737.3,S,34,7391.82,1308.43,17748697.9,83404598.6,427981124
738.3,S,34,7394.87,1308.93,17748697.9,83404803.5,427981808
739.3,S,42,7404.27,1309.96,17748697.9,83404931.1,427982272
740.3,S,37,7417.81,1311.53,17748697.9,83405103.2,427982527
741.3,S,34,7427.45,1313.04,17748697.9,83405160.9,427982582
742.3,S,34,7436.16,1314.57,17748697.9,83405225.5,427982641
743.3,S,34,7444.85,1315.90,17748697.9,83405225.7,427982643
744.3,S,34,7453.64,1317.40,17748697.9,83405226.7,427982646
745.3,S,34,7461.70,1318.74,17748697.9,83405227.3,427982655
746.3,S,34,7470.44,1319.98,17748697.9,83405227.6,427982658
747.3,S,34,7478.69,1321.61,17748697.9,83405292.2,427982717
748.3,S,34,7486.96,1323.33,17748697.9,83405292.5,427982723
749.3,S,34,7495.27,1325.08,17748697.9,83405293.0,427982725
750.3,S,34,7503.59,1326.81,17748697.9,83405293.3,427982727
751.3,S,34,7511.73,1328.53,17748697.9,83405357.9,427982868
752.3,S,34,7520.09,1330.19,17748697.9,83405358.2,427982880
753.3,S,34,7528.20,1331.96,17748697.9,83405358.4,427982884
754.3,S,34,7536.54,1333.59,17748697.9,83405358.6,427982889
755.3,S,34,7545.12,1335.05,17748697.9,83405371.2,427982956
756.3,S,34,7547.51,1335.41,17748697.9,83405638.5,427983936
757.3,S,42,7560.60,1337.03,17748697.9,83405737.7,427984303
758.3,S,35,7571.07,1338.41,17748697.9,83405903.3,427984939
759.3,S,34,7578.65,1339.49,17748697.9,83405921.7,427985021
760.3,S,34,7583.40,1340.31,17748697.9,83405986.5,427985258
761.3,S,34,7588.22,1341.06,17748697.9,83405987.0,427985259
762.3,S,39,7596.97,1342.19,17748697.9,83406006.3,427985334
763.3,S,39,7607.83,1343.19,17748697.9,83406006.6,427985343
764.3,S,38,7617.65,1344.25,17748697.9,83406032.1,427985449
765.3,S,38,7627.36,1345.23,17748697.9,83406070.4,427985609
766.3,S,38,7636.98,1346.20,17748697.9,83406121.4,427985820
767.3,S,34,7643.00,1347.19,17748697.9,83406351.1,427986469
768.3,S,41,7658.17,1348.85,17748697.9,83406351.8,427986474
769.3,S,41,7673.47,1350.54,17748697.9,83406352.1,427986479
770.3,S,41,7688.71,1352.40,17748697.9,83406352.4,427986484
771.3,S,41,7704.12,1354.12,17748697.9,83406407.1,427986535
772.3,S,41,7719.23,1355.97,17748697.9,83406477.7,427986597
773.3,S,41,7733.12,1357.69,17748697.9,83406774.0,427987072
774.3,S,41,7744.38,1359.14,17748697.9,83406968.6,427987844
775.5,S,35,7751.96,1360.32,17748697.9,83407109.4,427988313
776.5,S,34,7760.51,1361.74,17748697.9,83407110.7,427988336
777.5,S,34,7769.03,1363.22,17748697.9,83407112.0,427988364
778.5,S,34,7777.77,1364.64,17748697.9,83407112.6,427988366
779.5,S,34,7780.21,1365.04,17748697.9,83407364.6,427989153
780.5,S,42,7792.81,1366.64,17748697.9,83407504.0,427989593
781.5,S,36,7804.62,1368.16,17748697.9,83407643.7,427990170
782.5,S,34,7812.12,1369.35,17748697.9,83407674.3,427990287
783.5,S,34,7818.51,1370.32,17748697.9,83407700.4,427990387
784.5,S,39,7829.12,1371.60,17748697.9,83407721.2,427990412
785.5,S,39,7840.78,1372.81,17748697.9,83407721.5,427990417
786.5,S,38,7851.69,1374.06,17748697.9,83407754.2,427990447
787.5,S,38,7862.28,1375.24,17748697.9,83407798.4,427990491
788.5,S,38,7872.62,1376.39,17748697.9,83407918.0,427990607
789.5,S,39,7882.37,1377.55,17748697.9,83408083.3,427990804
790.5,S,39,7894.06,1378.78,17748697.9,83408083.6,427990812
791.5,S,39,7905.64,1380.06,17748697.9,83408083.9,427990814
792.5,S,39,7916.50,1381.15,17748697.9,83408128.8,427990996
793.5,S,39,7928.23,1382.37,17748697.9,83408142.2,427991111
794.5,S,37,7935.60,1383.48,17748697.9,83408398.8,427992061
795.5,S,40,7945.19,1384.87,17748697.9,83408474.4,427992361
796.5,S,40,7958.06,1386.05,17748697.9,83408475.2,427992374
797.5,S,39,7969.93,1387.29,17748697.9,83408497.8,427992457
798.5,S,39,7981.73,1388.45,17748697.9,83408582.7,427992758
799.5,S,39,7992.74,1389.68,17748697.9,83408660.3,427993044
800.5,S,34,7998.80,1390.66,17748697.9,83408916.6,427993992
801.5,S,39,8011.66,1392.41,17748697.9,83408920.9,427994014
802.5,S,39,8025.03,1394.08,17748697.9,83408921.2,427994019
803.5,S,39,8038.58,1395.68,17748697.9,83408922.7,427994039
804.5,S,39,8051.23,1397.37,17748700.7,83408923.2,427994066
805.5,S,39,8057.58,1398.14,17748701.1,83409281.0,427994658
806.5,S,42,8062.26,1398.78,17748701.3,83409560.7,427995348
807.5,S,48,8078.35,1400.31,17748701.3,83409686.8,427995851
808.5,S,42,8095.03,1401.85,17748701.3,83409779.8,427996229
809.5,S,41,8109.35,1403.33,17748701.3,83409801.9,427996311
810.5,S,41,8123.02,1404.56,17748701.3,83409802.8,427996324
811.5,S,41,8136.74,1405.77,17748701.3,83409804.2,427996330
812.5,S,41,8150.02,1406.93,17748701.3,83409869.8,427996619
813.5,S,41,8163.17,1408.18,17748701.3,83409941.9,427996911
814.5,S,41,8175.44,1409.41,17748701.3,83410024.3,427997213
815.5,S,41,8188.76,1410.54,17748701.3,83410131.8,427997562
816.5,S,41,8199.81,1411.65,17748701.3,83410306.1,427998220
817.5,S,41,8212.77,1412.99,17748701.3,83410748.1,427998826
818.5,S,41,8226.90,1414.10,17748701.3,83410748.4,427998830
819.5,S,41,8240.63,1415.35,17748701.3,83410767.5,427998908
820.5,S,41,8253.89,1416.46,17748701.3,83410807.9,427999098
821.5,S,41,8267.62,1417.61,17748701.3,83410893.7,427999409
822.5,S,41,8279.88,1418.84,17748701.3,83411054.1,428000030
823.5,S,41,8293.76,1420.06,17748701.3,83411054.5,428000033
824.5,S,41,8307.44,1421.22,17748701.3,83411183.6,428000584
825.5,S,41,8319.26,1422.36,17748701.3,83411357.5,428001202
826.5,S,41,8333.44,1423.53,17748701.3,83411358.0,428001207
827.5,S,41,8346.38,1424.81,17748701.3,83411506.0,428001806
828.5,S,41,8357.35,1425.94,17748701.3,83411695.4,428002381
829.5,S,41,8371.42,1427.10,17748701.3,83411750.9,428002432
830.5,S,41,8385.23,1428.34,17748701.3,83411880.4,428002545
831.5,S,41,8399.33,1429.58,17748701.3,83411880.7,428002548
832.5,S,41,8413.08,1430.86,17748701.3,83411932.9,428002596
833.5,S,41,8426.68,1432.12,17748701.3,83412126.4,428002979
834.6,S,41,8440.01,1433.38,17748701.3,83412291.4,428003582
835.6,S,40,8445.63,1433.58,17748701.3,83412549.4,428004575
836.6,S,39,8450.25,1433.72,17748701.3,83412804.2,428005569
837.6,S,45,8457.81,1434.48,17748701.3,83413025.5,428006306
838.6,S,39,8472.46,1436.23,17748701.3,83413233.4,428006502
839.6,S,34,8482.53,1438.09,17748701.4,83413340.0,428006600
840.6,S,34,8491.34,1439.39,17748701.4,83413341.2,428006608
841.6,S,34,8499.95,1440.72,17748701.4,83413341.4,428006611
842.6,S,34,8508.57,1442.08,17748701.4,83413362.1,428006642
843.6,S,34,8517.22,1443.45,17748701.4,83413407.6,428006776
844.6,S,34,8526.03,1445.05,17748701.4,83413407.9,428006780
845.6,S,34,8534.85,1446.39,17748701.4,83413408.8,428006793
846.6,S,34,8543.65,1447.74,17748701.4,83413409.1,428006797
847.6,S,34,8552.16,1449.06,17748701.4,83413473.9,428006968
848.6,S,34,8561.02,1450.37,17748701.4,83413474.2,428006973
849.6,S,34,8569.72,1451.78,17748701.4,83413474.4,428006977
850.6,S,34,8578.37,1453.19,17748701.4,83413474.9,428006987
851.6,S,34,8586.84,1454.58,17748701.4,83413533.4,428007146
852.6,S,34,8595.66,1456.03,17748701.4,83413534.1,428007157
853.6,S,34,8604.32,1457.47,17748701.4,83413534.3,428007158
854.6,S,34,8612.48,1458.70,17748701.4,83413562.1,428007249
855.6,S,34,8613.09,1458.82,17748701.4,83413838.5,428008231
856.6,S,42,8625.79,1460.19,17748701.4,83413951.5,428008651
857.6,S,36,8636.87,1461.62,17748701.4,83414056.0,428009134
858.6,S,34,8646.28,1463.06,17748701.4,83414097.6,428009326
859.6,S,34,8655.02,1464.44,17748701.4,83414098.0,428009331
860.6,S,34,8663.31,1465.90,17748701.4,83414162.6,428009598
861.6,S,34,8672.05,1467.21,17748701.4,83414163.1,428009601
862.6,S,34,8680.89,1468.53,17748701.4,83414163.5,428009610
863.6,S,34,8689.39,1470.07,17748701.4,83414210.9,428009781
864.6,S,34,8698.14,1471.40,17748701.4,83414211.2,428009787
865.6,S,34,8706.75,1472.74,17748701.4,83414211.4,428009791
866.6,S,34,8715.53,1474.01,17748701.4,83414212.0,428009804
867.6,S,34,8723.88,1475.42,17748701.4,83414276.6,428010044
868.6,S,34,8732.69,1476.79,17748701.4,83414277.1,428010056
869.6,S,34,8741.34,1478.06,17748701.4,83414277.3,428010060
870.6,S,34,8749.84,1479.51,17748701.4,83414277.6,428010068
871.6,S,34,8758.55,1480.85,17748701.4,83414278.0,428010072
872.6,S,34,8767.24,1482.15,17748701.4,83414342.7,428010332
873.6,S,42,8776.04,1483.46,17748701.4,83414600.1,428010564
874.6,S,39,8790.39,1485.19,17748701.4,83414744.6,428010772
875.6,S,34,8799.96,1486.68,17748701.4,83414886.4,428011237
876.6,S,34,8808.80,1488.15,17748701.4,83414886.8,428011241
877.6,S,34,8817.45,1489.63,17748701.4,83414887.4,428011246
878.6,S,34,8826.16,1490.97,17748701.4,83414887.7,428011252
879.6,S,34,8834.87,1492.45,17748701.4,83414909.5,428011346
880.6,S,34,8842.68,1493.74,17748701.4,83414952.9,428011522
881.6,S,34,8851.40,1495.09,17748701.4,83414980.5,428011612
882.6,S,34,8860.10,1496.41,17748701.4,83414981.3,428011625
883.6,S,34,8868.92,1497.69,17748701.4,83414981.5,428011628
884.6,S,34,8877.46,1498.91,17748701.4,83415046.5,428011874
885.6,S,34,8886.30,1500.43,17748701.4,83415046.6,428011876
886.6,S,34,8895.14,1501.64,17748701.4,83415046.9,428011885
887.6,S,34,8903.65,1503.20,17748701.4,83415093.9,428012049
888.6,S,34,8912.42,1504.52,17748701.4,83415094.6,428012058
889.6,S,34,8921.24,1505.84,17748701.4,83415095.4,428012065
890.6,S,34,8928.60,1506.89,17748701.4,83415147.7,428012265
891.6,S,34,8929.30,1507.00,17748701.4,83415406.2,428013244
892.6,S,42,8943.46,1508.77,17748701.4,83415509.8,428013595
893.6,S,36,8955.64,1510.28,17748701.4,83415606.6,428013933
894.6,S,34,8960.65,1510.99,17748701.4,83415657.7,428014148
895.6,S,34,8961.60,1511.01,17748701.4,83415671.2,428014189
896.6,S,34,8962.42,1511.03,17748701.4,83415722.5,428014357
897.6,S,34,8963.41,1511.05,17748701.4,83415722.7,428014363
898.6,S,34,8964.39,1511.07,17748701.4,83415723.0,428014366
899.6,S,34,8965.29,1511.10,17748701.4,83415787.9,428014453
900.6,S,34,8966.27,1511.12,17748701.4,83415788.3,428014457
901.6,S,34,8967.25,1511.13,17748701.4,83415788.5,428014460
902.6,S,34,8968.24,1511.15,17748701.4,83415788.7,428014464
903.6,S,34,8969.17,1511.18,17748701.4,83415853.3,428014523
904.6,S,34,8970.16,1511.19,17748701.4,83415853.6,428014528
905.6,S,34,8971.15,1511.20,17748701.4,83415854.3,428014533
906.6,S,34,8972.07,1511.22,17748701.4,83415919.0,428014600
907.6,S,34,8973.06,1511.23,17748701.4,83415919.2,428014604
908.6,S,34,8974.05,1511.24,17748701.4,83415919.4,428014609
909.6,S,34,8975.04,1511.26,17748701.4,83415919.6,428014612
910.6,S,34,8975.89,1511.36,17748701.4,83415983.9,428014673
911.6,S,41,8982.03,1511.44,17748701.4,83415984.7,428014677
912.6,S,41,8989.92,1511.55,17748701.4,83415985.0,428014682
913.6,S,41,8997.73,1511.68,17748701.4,83416067.1,428014756
914.6,S,41,9005.55,1511.80,17748701.4,83416118.4,428014829
915.6,S,41,9013.16,1511.92,17748701.4,83416198.8,428015121
916.6,S,41,9021.06,1512.03,17748701.4,83416199.8,428015125
917.6,S,41,9027.83,1512.17,17748701.4,83416393.0,428015760
918.6,S,41,9035.14,1512.31,17748701.4,83416503.2,428016208
919.6,S,41,9038.31,1512.47,17748701.4,83416851.6,428017209
920.6,S,41,9046.13,1512.60,17748701.5,83416909.3,428017266
921.6,S,41,9054.00,1512.74,17748701.5,83416909.8,428017270
922.6,S,41,9061.85,1512.85,17748701.5,83416981.5,428017337
923.6,S,41,9069.11,1512.99,17748701.5,83417162.3,428017657
924.6,S,41,9076.99,1513.11,17748701.5,83417199.5,428017758
925.6,S,41,9084.69,1513.22,17748701.5,83417250.9,428017968
926.6,S,41,9092.38,1513.32,17748701.5,83417314.6,428018181
927.6,S,41,9099.94,1513.46,17748701.5,83417419.9,428018524
928.6,S,41,9104.05,1513.61,17748701.5,83417710.7,428019525
929.6,S,41,9109.60,1513.74,17748701.5,83417937.0,428020413
930.6,S,41,9116.56,1513.86,17748701.5,83417962.0,428020557
931.6,S,41,9123.51,1514.00,17748701.5,83418139.9,428021034
932.6,S,41,9131.39,1514.10,17748701.5,83418171.6,428021062
933.6,S,41,9139.28,1514.21,17748701.5,83418186.7,428021081
934.6,S,41,9147.00,1514.34,17748701.5,83418362.2,428021233
935.6,S,41,9154.17,1514.49,17748701.5,83418533.1,428021587
936.6,S,41,9160.31,1514.60,17748701.5,83418758.6,428022409
937.6,S,41,9166.51,1514.71,17748701.5,83418937.4,428023098
938.6,S,41,9174.15,1514.85,17748701.5,83418994.0,428023349
939.6,S,41,9181.66,1514.96,17748701.5,83419093.8,428023745
940.6,S,41,9188.79,1515.10,17748701.5,83419226.1,428024217
941.6,S,41,9194.40,1515.22,17748701.5,83419389.5,428024849
942.6,S,41,9202.24,1515.33,17748701.5,83419428.5,428024919
943.6,S,41,9209.99,1515.49,17748701.5,83419585.4,428025064
944.6,S,41,9217.77,1515.63,17748701.5,83419687.4,428025161
945.6,S,41,9224.39,1515.77,17748701.5,83419886.3,428025599
946.6,S,41,9230.87,1515.88,17748701.5,83419971.4,428025965
947.6,S,41,9236.54,1516.01,17748701.5,83420146.0,428026611
948.6,S,41,9244.44,1516.12,17748701.5,83420146.7,428026615
949.6,S,41,9252.28,1516.23,17748701.5,83420164.4,428026683
950.6,S,40,9258.70,1516.32,17748701.5,83420298.5,428027176
951.6,S,40,9265.34,1516.43,17748701.5,83420425.2,428027465
952.6,S,37,9270.09,1516.56,17748701.5,83420709.1,428027715
953.7,S,34,9270.92,1517.07,17748701.5,83420836.8,428028011
954.7,S,34,9278.70,1518.38,17748701.5,83420838.1,428028023
955.7,S,34,9287.49,1519.77,17748701.5,83420840.0,428028030
956.7,S,34,9296.28,1521.11,17748701.5,83420840.3,428028031
957.7,S,34,9304.68,1522.43,17748701.5,83420898.2,428028207
958.7,S,34,9313.45,1523.69,17748701.5,83420898.5,428028209
959.7,S,34,9322.41,1525.10,17748701.5,83420899.2,428028214
960.7,S,34,9331.15,1526.48,17748701.5,83420899.6,428028223
961.7,S,34,9340.04,1527.82,17748701.5,83420900.2,428028228
962.7,S,34,9348.60,1529.13,17748701.5,83420964.8,428028404
963.7,S,34,9357.29,1530.55,17748701.5,83420965.1,428028408
964.7,S,34,9365.96,1531.96,17748701.5,83420965.3,428028410
965.7,S,34,9374.61,1533.34,17748701.5,83420966.0,428028421
966.7,S,34,9383.18,1534.70,17748701.5,83421030.7,428028569
967.7,S,34,9391.88,1535.98,17748701.5,83421031.1,428028580
968.7,S,34,9400.51,1537.39,17748701.5,83421031.4,428028584
969.7,S,42,9404.88,1538.01,17748701.5,83421282.6,428029402
970.7,S,39,9419.37,1539.82,17748701.5,83421434.4,428029873
971.7,S,34,9430.40,1541.50,17748701.5,83421548.5,428030138
972.7,S,34,9439.20,1542.86,17748701.5,83421549.2,428030142
973.7,S,34,9447.76,1544.22,17748701.5,83421549.6,428030146
974.7,S,34,9456.42,1545.58,17748701.5,83421614.3,428030215
975.7,S,34,9465.08,1546.98,17748701.5,83421614.9,428030221
976.7,S,34,9473.72,1548.30,17748701.5,83421615.2,428030225
977.7,S,34,9482.38,1549.62,17748701.5,83421615.4,428030229
978.7,S,34,9491.19,1551.08,17748701.5,83421680.2,428030286
979.7,S,34,9500.04,1552.42,17748701.5,83421680.6,428030291
980.7,S,34,9508.62,1553.70,17748701.5,83421681.0,428030298
981.7,S,34,9517.21,1555.11,17748701.5,83421719.9,428030334
982.7,S,34,9525.89,1556.41,17748701.5,83421720.3,428030340
983.7,S,34,9534.77,1557.92,17748701.5,83421721.1,428030346
984.7,S,34,9543.41,1559.28,17748701.5,83421721.4,428030351
985.7,S,34,9552.11,1560.58,17748701.5,83421786.1,428030409
986.7,S,34,9560.91,1561.95,17748701.5,83421786.8,428030415
987.7,S,42,9563.17,1562.25,17748701.5,83422043.7,428031245
988.7,S,40,9576.62,1563.84,17748701.5,83422136.0,428031566
989.7,S,36,9587.60,1565.41,17748701.5,83422297.7,428032235
990.7,S,34,9596.73,1566.87,17748701.5,83422348.5,428032424
991.7,S,34,9605.50,1568.33,17748701.5,83422348.8,428032428
992.7,S,34,9613.89,1569.70,17748701.5,83422387.0,428032570
993.7,S,34,9622.72,1571.11,17748701.5,83422387.3,428032571
994.7,S,34,9631.53,1572.52,17748701.5,83422387.6,428032581
995.7,S,34,9640.23,1573.86,17748701.5,83422388.4,428032591
996.7,S,34,9648.71,1575.13,17748701.5,83422435.6,428032789
997.7,S,34,9657.17,1576.55,17748701.5,83422453.9,428032875
998.7,S,34,9665.83,1578.00,17748701.5,83422454.3,428032885
999.7,S,34,9674.48,1579.28,17748701.5,83422454.5,428032889
1000.7,S,34,9683.52,1580.77,17748701.5,83422455.0,428032894
1001.7,S,34,9691.91,1582.17,17748701.5,83422519.7,428033001
1002.7,S,34,9700.73,1583.49,17748701.5,83422520.0,428033005
1003.7,S,34,9709.30,1584.87,17748701.5,83422520.5,428033009
1004.7,S,34,9718.03,1586.11,17748701.5,83422520.8,428033013
1005.7,S,42,9725.60,1587.32,17748701.5,83422842.3,428033297
1006.7,S,39,9739.64,1589.07,17748701.5,83422970.7,428033685
1007.7,S,34,9750.76,1590.68,17748701.5,83423082.4,428034060
1008.7,S,34,9759.63,1591.96,17748701.5,83423083.1,428034067
1009.7,S,34,9768.36,1593.24,17748701.5,83423121.2,428034187
1010.7,S,34,9777.02,1594.60,17748701.5,83423148.1,428034319
1011.7,S,34,9785.83,1595.89,17748701.5,83423148.6,428034322
1012.7,S,34,9794.59,1597.15,17748701.5,83423148.9,428034325
1013.7,S,34,9803.39,1598.35,17748701.5,83423149.2,428034334
1014.7,S,34,9811.59,1599.59,17748701.5,83423214.3,428034598
1015.7,S,34,9820.42,1601.09,17748701.5,83423214.6,428034602
1016.7,S,34,9829.08,1602.48,17748701.5,83423215.6,428034615
1017.7,S,34,9837.67,1603.93,17748701.5,83423215.8,428034621
1018.7,S,34,9846.13,1605.39,17748701.5,83423280.4,428034851
1019.7,S,34,9855.05,1606.79,17748701.5,83423281.0,428034856
1020.7,S,34,9863.77,1608.18,17748701.5,83423281.3,428034860
1021.7,S,34,9872.47,1609.45,17748701.5,83423281.5,428034863
1022.7,S,34,9878.47,1610.34,17748701.5,83423377.6,428035208
1023.7,S,42,9881.11,1610.62,17748701.5,83423603.1,428036068
1024.7,S,40,9893.93,1612.17,17748701.5,83423710.5,428036497
1025.7,S,37,9906.49,1613.89,17748701.5,83423784.8,428036778
1026.7,S,34,9914.41,1615.13,17748701.5,83423844.3,428036990
1027.7,S,34,9923.11,1616.64,17748701.5,83423909.3,428037046
1028.7,S,34,9931.84,1618.07,17748701.5,83423921.4,428037064
1029.7,S,34,9940.60,1619.41,17748701.5,83423921.5,428037067
1030.7,S,34,9949.45,1620.77,17748701.5,83423921.8,428037073
1031.7,S,34,9958.11,1622.20,17748701.5,83423922.2,428037077
1032.7,S,34,9966.70,1623.60,17748701.5,83424015.2,428037166
1033.7,S,34,9975.66,1625.01,17748701.5,83424015.9,428037170
1034.7,S,34,9984.44,1626.27,17748701.5,83424016.2,428037173
1035.7,S,34,9993.20,1627.64,17748701.5,83424016.4,428037174
1036.7,S,34,10001.62,1629.04,17748701.5,83424081.7,428037232
1037.7,S,34,10010.53,1630.34,17748701.5,83424081.9,428037236
1038.7,S,34,10019.31,1631.66,17748701.5,83424082.4,428037242
1039.7,S,34,10028.09,1633.00,17748701.5,83424082.6,428037246
1040.7,S,34,10036.44,1634.44,17748701.5,83424183.1,428037334
1041.7,S,42,10040.09,1634.88,17748701.5,83424404.3,428038128
1042.7,S,40,10052.38,1636.45,17748701.5,83424534.4,428038654
1043.7,S,36,10064.39,1638.07,17748701.5,83424593.8,428038891
1044.7,S,34,10071.32,1639.16,17748701.5,83424645.4,428039083
1045.7,S,34,10077.08,1640.09,17748701.5,83424709.9,428039335
1046.7,S,34,10082.84,1641.14,17748701.5,83424710.3,428039339
1047.7,S,34,10088.78,1642.05,17748701.5,83424710.9,428039349
1048.7,S,34,10094.49,1642.93,17748701.5,83424711.3,428039351
1049.7,S,34,10100.34,1643.81,17748701.5,83424711.7,428039358
1050.7,S,34,10106.03,1644.81,17748701.5,83424776.8,428039571
1051.7,S,34,10111.80,1645.71,17748701.5,83424777.0,428039577
1052.7,S,34,10117.49,1646.72,17748701.5,83424777.2,428039581
1053.7,S,34,10123.13,1647.65,17748701.5,83424777.6,428039584
1054.7,S,34,10128.71,1648.62,17748701.5,83424842.4,428039828
1055.7,S,34,10134.54,1649.57,17748701.5,83424844.1,428039867
1056.7,S,34,10140.43,1650.47,17748701.5,83424844.4,428039868
1057.7,S,34,10145.91,1651.44,17748701.5,83424890.9,428039985
1058.7,S,41,10150.39,1652.12,17748701.5,83424891.9,428039991
1059.7,S,41,10161.52,1652.88,17748701.5,83424892.4,428039995
1060.7,S,41,10172.44,1653.76,17748701.5,83424893.3,428040004
1061.7,S,41,10183.51,1654.55,17748701.5,83424893.5,428040007
1062.7,S,41,10194.36,1655.40,17748701.5,83424984.1,428040262
1063.7,S,41,10204.48,1656.14,17748701.5,83425114.0,428040688
1064.7,S,41,10215.32,1656.95,17748701.5,83425263.9,428040998
1065.7,S,41,10226.01,1657.69,17748701.5,83425350.0,428041079
1066.7,S,41,10237.06,1658.51,17748701.5,83425350.9,428041085
1067.7,S,41,10248.26,1659.25,17748701.5,83425351.5,428041094
1068.7,S,41,10258.96,1660.15,17748701.5,83425632.2,428041452
1069.7,S,41,10268.82,1660.93,17748701.5,83425764.1,428042016
1070.7,S,41,10279.87,1661.75,17748701.5,83425835.2,428042253
1071.7,S,41,10289.99,1662.52,17748701.5,83425898.8,428042493
1072.7,S,41,10299.13,1662.87,17748701.5,83425969.9,428042712
1073.7,S,41,10306.81,1663.42,17748701.5,83426236.5,428043712
1074.7,S,41,10315.80,1663.84,17748701.5,83426394.0,428044275
1075.8,S,41,10325.31,1664.21,17748701.5,83426394.5,428044278
1076.8,S,41,10334.18,1664.63,17748701.5,83426629.4,428044953
1077.8,S,41,10343.66,1665.04,17748701.5,83426736.7,428045048
1078.8,S,41,10352.99,1665.51,17748701.5,83426898.9,428045191
1079.8,S,41,10362.52,1665.91,17748701.5,83426899.1,428045194
1080.8,S,41,10372.08,1666.29,17748701.5,83426899.7,428045197
1081.8,S,41,10381.59,1666.69,17748701.5,83426899.9,428045200
1082.8,S,41,10391.20,1667.04,17748701.5,83426900.5,428045209
1083.8,S,41,10398.56,1667.39,17748701.5,83427186.2,428046037
1084.8,S,41,10407.23,1667.78,17748701.5,83427269.2,428046421
1085.8,S,41,10416.34,1668.23,17748701.5,83427398.8,428046905
1086.8,S,41,10425.34,1668.66,17748701.5,83427513.0,428047279
1087.8,S,49,10438.08,1669.04,17748701.5,83427749.7,428047789
1088.8,S,47,10453.28,1669.48,17748701.5,83427882.3,428047916
1089.8,S,43,10464.81,1669.84,17748701.5,83428018.3,428048118
1090.8,S,41,10471.68,1670.08,17748701.5,83428181.1,428048659
1091.8,S,41,10478.32,1670.24,17748701.5,83428311.3,428049090
1092.8,S,41,10485.60,1670.38,17748701.5,83428420.7,428049419
1093.8,S,41,10493.48,1670.51,17748701.5,83428421.5,428049422
1094.8,S,41,10501.10,1670.65,17748701.5,83428500.9,428049675
1095.8,S,41,10508.82,1670.80,17748701.5,83428543.4,428049829
1096.8,S,41,10514.82,1670.93,17748701.5,83428670.7,428050297
1097.8,S,41,10522.48,1671.07,17748701.5,83428728.5,428050517
1098.8,S,41,10529.33,1671.20,17748701.5,83428849.2,428050920
1099.8,S,41,10535.14,1671.37,17748701.5,83429136.4,428051626
1100.8,S,41,10543.01,1671.51,17748701.5,83429136.7,428051630
1101.8,S,41,10550.78,1671.67,17748701.5,83429251.1,428051732
1102.8,S,41,10558.56,1671.82,17748701.5,83429350.7,428051819
1103.8,S,41,10566.35,1671.96,17748701.5,83429411.7,428051907
1104.8,S,40,10573.65,1672.12,17748701.5,83429457.1,428052073
1105.8,S,40,10579.16,1672.26,17748701.5,83429619.6,428052645
1106.8,S,40,10583.80,1672.38,17748701.5,83429771.2,428053117
1107.8,S,40,10590.23,1672.52,17748701.5,83429863.3,428053397
1108.8,S,36,10594.82,1672.63,17748701.5,83430023.9,428053882
1109.8,S,34,10595.13,1673.27,17748701.5,83430099.9,428054229
1110.8,S,34,10603.52,1674.81,17748701.5,83430102.3,428054243
1111.8,S,34,10611.98,1676.51,17748701.5,83430102.6,428054249
1112.8,S,34,10620.22,1678.30,17748701.5,83430103.0,428054253
1113.8,S,34,10628.73,1679.89,17748701.5,83430103.3,428054258
1114.8,S,34,10636.99,1681.56,17748701.5,83430168.0,428054522
1115.8,S,34,10645.59,1683.17,17748701.5,83430168.5,428054533
1116.8,S,34,10653.83,1684.87,17748701.5,83430168.8,428054537
1117.8,S,34,10662.23,1686.60,17748701.5,83430169.4,428054546
1118.8,S,34,10670.50,1688.26,17748701.5,83430169.7,428054551
1119.8,S,34,10678.44,1690.01,17748701.5,83430234.3,428054775
1120.8,S,34,10686.51,1691.66,17748701.5,83430407.6,428055372
1121.8,S,34,10694.56,1693.36,17748701.5,83430407.9,428055376
1122.8,S,34,10702.76,1695.10,17748701.5,83430408.5,428055382
1123.8,S,34,10710.76,1696.80,17748701.5,83430465.1,428055447
1124.8,S,34,10719.22,1698.53,17748701.5,83430465.3,428055450
1125.8,S,42,10727.07,1700.05,17748701.5,83430549.4,428055552
1126.8,S,41,10742.66,1701.74,17748701.5,83430644.5,428055648
1127.8,S,36,10755.17,1703.51,17748701.5,83430735.7,428055736
1128.8,S,34,10763.16,1705.07,17748701.5,83430855.1,428055984
1129.8,S,34,10771.56,1706.77,17748701.5,83430855.5,428055994
1130.8,S,34,10780.04,1708.38,17748701.5,83430855.8,428055996
1131.8,S,34,10788.40,1710.14,17748701.5,83430856.1,428055998
1132.8,S,34,10796.47,1711.77,17748701.5,83430921.2,428056248
1133.8,S,34,10804.72,1713.46,17748701.5,83430921.5,428056254
1134.8,S,34,10812.89,1715.21,17748701.5,83430921.8,428056260
1135.8,S,34,10821.33,1716.94,17748701.5,83430922.0,428056264
1136.8,S,34,10829.51,1718.67,17748701.5,83430922.3,428056274
1137.8,S,34,10837.79,1720.36,17748701.5,83430987.5,428056508
1138.8,S,34,10846.26,1722.02,17748701.5,83430987.9,428056510
1139.8,S,34,10854.67,1723.73,17748701.5,83430988.1,428056513
1140.8,S,34,10862.68,1725.44,17748701.5,83431025.8,428056671
1141.8,S,34,10867.93,1726.46,17748701.5,83431138.7,428057070
1142.8,S,42,10874.81,1727.23,17748701.5,83431282.8,428057654
1143.8,S,40,10888.11,1728.80,17748701.5,83431405.0,428058088
1144.8,S,35,10899.60,1730.52,17748701.5,83431493.1,428058283
1145.8,S,34,10907.72,1732.28,17748701.5,83431588.2,428058365
1146.8,S,34,10916.14,1733.95,17748701.5,83431588.5,428058367
1147.8,S,34,10924.49,1735.63,17748701.5,83431588.8,428058370
1148.8,S,34,10932.69,1737.26,17748701.5,83431589.8,428058373
1149.8,S,34,10940.97,1739.03,17748701.5,83431650.2,428058431
1150.8,S,34,10949.35,1740.73,17748701.5,83431650.6,428058435
1151.8,S,34,10957.71,1742.38,17748701.5,83431650.9,428058438
1152.8,S,34,10966.32,1743.99,17748701.5,83431651.1,428058441
1153.8,S,34,10974.74,1745.66,17748701.5,83431651.7,428058446
1154.8,S,34,10983.13,1747.22,17748701.5,83431716.6,428058506
1155.8,S,34,10991.40,1748.94,17748701.5,83431716.9,428058508
1156.8,S,34,10999.76,1750.75,17748701.5,83431717.1,428058510
1157.8,S,34,11008.00,1752.38,17748701.5,83431717.4,428058513
1158.8,S,42,11009.94,1752.76,17748701.5,83432039.1,428059330
1159.8,S,40,11023.74,1754.32,17748701.5,83432120.3,428059654
1160.8,S,38,11037.60,1756.04,17748701.5,83432191.4,428059945
1161.8,S,34,11046.42,1757.89,17748701.5,83432279.9,428060211
1162.8,S,34,11054.68,1759.63,17748701.5,83432280.1,428060215
1163.8,S,34,11062.85,1761.40,17748701.5,83432345.1,428060438
1164.8,S,34,11070.98,1763.15,17748701.5,83432351.5,428060478
1165.8,S,34,11079.35,1764.80,17748701.5,83432352.2,428060482
1166.8,S,34,11087.66,1766.54,17748701.5,83432352.4,428060485
1167.8,S,34,11096.08,1767.99,17748701.5,83432352.9,428060495
1168.8,S,34,11104.65,1769.34,17748701.5,83432419.2,428060808
1169.8,S,34,11109.64,1770.23,17748701.6,83432602.4,428061505
1170.8,S,34,11118.17,1771.68,17748702.6,83432611.8,428061571
1171.8,S,34,11127.03,1773.06,17748703.8,83432612.1,428061577
1172.8,S,34,11135.53,1774.35,17748703.8,83432693.1,428061919
1173.8,S,34,11144.16,1775.74,17748703.8,83432710.0,428061973
1174.8,S,34,11152.87,1777.06,17748703.8,83432710.4,428061982
1175.8,S,42,11162.58,1778.34,17748703.8,83432750.8,428062129
1176.8,S,40,11176.86,1780.02,17748703.8,83432906.0,428062364
1177.8,S,34,11184.39,1781.03,17748703.8,83433019.5,428062471
1178.8,S,34,11185.25,1781.11,17748703.8,83433095.9,428062542
1179.8,S,41,11188.86,1781.16,17748703.8,83433096.2,428062546
1180.8,S,41,11196.75,1781.27,17748703.8,83433096.7,428062552
1181.8,S,41,11204.65,1781.38,17748703.8,83433096.9,428062556
1182.8,S,41,11212.38,1781.51,17748703.8,83433200.6,428062722
1183.8,S,41,11219.67,1781.64,17748703.8,83433350.6,428063172
1184.9,S,41,11227.17,1781.76,17748703.8,83433442.9,428063595
1185.9,S,41,11234.09,1781.87,17748703.8,83433535.4,428063951
1186.9,S,41,11241.73,1781.99,17748703.8,83433599.1,428064212
1187.9,S,41,11249.33,1782.12,17748703.8,83433689.6,428064500
1188.9,S,41,11254.60,1782.27,17748703.8,83433961.1,428065147
1189.9,S,41,11262.35,1782.42,17748703.8,83434104.4,428065276
1190.9,S,41,11270.18,1782.55,17748703.8,83434154.4,428065321
1191.9,S,41,11277.63,1782.71,17748703.8,83434326.2,428065759
1192.9,S,41,11285.01,1782.82,17748703.8,83434385.7,428065952
1193.9,S,41,11291.64,1782.96,17748703.8,83434545.0,428066487
1194.9,S,41,11298.28,1783.09,17748703.8,83434658.4,428066916
1196.0,S,41,11303.04,1783.22,17748703.8,83434837.0,428067528
1197.0,S,41,11310.94,1783.32,17748703.8,83434837.2,428067532
1198.0,S,41,11318.32,1783.46,17748703.8,83434950.3,428068041
1199.0,S,41,11325.24,1783.58,17748703.8,83435041.9,428068357
1200.1,S,41,11333.05,1783.70,17748703.8,83435100.4,428068554
1201.1,S,41,11340.79,1783.81,17748703.8,83435152.9,428068733
1202.1,S,41,11347.39,1783.97,17748703.8,83435480.3,428069156
1203.1,S,41,11355.15,1784.09,17748703.8,83435518.5,428069189
1204.1,S,41,11362.20,1784.25,17748703.8,83435737.2,428069718
1205.1,S,41,11369.17,1784.36,17748703.8,83435863.4,428070198
1206.1,S,41,11377.07,1784.47,17748703.8,83435863.7,428070207
1207.1,S,41,11382.73,1784.60,17748703.8,83436034.1,428070870
1208.1,S,41,11390.23,1784.70,17748703.8,83436059.1,428070957
1209.1,S,41,11396.33,1784.82,17748703.8,83436300.7,428071823
1210.1,S,41,11404.22,1784.93,17748703.8,83436301.2,428071826
1211.1,S,41,11411.08,1785.08,17748703.8,83436462.4,428072363
1212.1,S,41,11417.35,1785.22,17748703.8,83436671.9,428072947
1213.1,S,41,11425.14,1785.34,17748703.8,83436799.8,428073057
1214.2,S,41,11432.98,1785.47,17748703.8,83436868.4,428073118
1215.2,S,41,11440.82,1785.59,17748703.8,83436946.0,428073186
1216.2,S,41,11448.41,1785.71,17748703.8,83437027.1,428073499
1217.2,S,41,11455.23,1785.84,17748703.8,83437226.8,428074217
1218.2,S,41,11462.84,1785.97,17748703.8,83437319.3,428074499
1219.2,S,41,11469.61,1786.11,17748703.8,83437530.3,428075044
1220.2,S,41,11477.35,1786.24,17748703.8,83437591.1,428075191
1221.2,S,40,11484.60,1786.39,17748703.8,83437836.8,428075540
1222.2,S,40,11491.35,1786.50,17748703.8,83437920.3,428075616
1223.2,S,39,11498.14,1786.61,17748703.8,83438002.5,428075689
1224.2,S,38,11500.67,1786.72,17748703.8,83438218.5,428076353
1225.2,S,34,11500.96,1787.42,17748703.8,83438303.6,428076645
1226.2,S,34,11509.75,1788.93,17748703.8,83438305.4,428076657
1227.2,S,34,11518.52,1790.32,17748703.8,83438305.7,428076666
1228.2,S,34,11527.23,1791.73,17748703.8,83438307.5,428076673
1229.2,S,34,11535.96,1793.09,17748703.8,83438307.8,428076676
1230.2,S,34,11544.69,1794.35,17748703.8,83438372.4,428076897
1231.2,S,34,11553.36,1795.55,17748703.8,83438372.7,428076899
1232.2,S,34,11562.15,1796.88,17748703.8,83438373.1,428076902
1233.2,S,34,11570.91,1798.22,17748703.8,83438373.5,428076912
1234.2,S,34,11579.24,1799.53,17748703.8,83438438.5,428077168
1235.2,S,34,11588.05,1800.64,17748703.8,83438438.9,428077178
1236.2,S,34,11596.68,1801.98,17748703.8,83438439.3,428077184
1237.2,S,34,11605.61,1803.19,17748703.8,83438439.5,428077188
1238.2,S,34,11614.05,1804.57,17748703.8,83438504.9,428077412
1239.2,S,34,11622.91,1805.96,17748703.8,83438505.1,428077421
1240.2,S,34,11631.66,1807.33,17748703.8,83438505.5,428077427
1241.2,S,34,11634.66,1807.85,17748703.8,83438669.7,428078101
1242.2,S,40,11646.92,1809.28,17748703.9,83438848.1,428078387
1243.2,S,36,11659.52,1810.89,17748703.9,83438958.0,428078490
1244.2,S,34,11668.51,1812.42,17748703.9,83439010.0,428078547
1245.2,S,34,11677.18,1813.71,17748703.9,83439010.2,428078550
1246.2,S,34,11685.80,1815.11,17748703.9,83439074.8,428078619
1247.2,S,34,11694.37,1816.49,17748703.9,83439075.1,428078623
1248.2,S,34,11703.08,1817.74,17748703.9,83439075.8,428078629
1249.2,S,34,11711.87,1818.99,17748703.9,83439076.2,428078632
1250.2,S,34,11720.43,1820.34,17748703.9,83439127.8,428078901
1251.2,S,34,11729.06,1821.76,17748703.9,83439141.1,428078953
1252.2,S,34,11737.62,1823.20,17748703.9,83439163.9,428079027
1253.2,S,34,11746.43,1824.69,17748703.9,83439164.5,428079030
1254.2,S,34,11755.23,1826.09,17748703.9,83439165.1,428079043
1255.2,S,34,11764.09,1827.53,17748703.9,83439165.5,428079052
1256.2,S,34,11772.86,1828.99,17748703.9,83439184.0,428079107
1257.2,S,34,11781.12,1830.26,17748703.9,83439230.5,428079256
1258.2,S,34,11789.84,1831.56,17748703.9,83439230.7,428079259
1259.2,S,34,11791.30,1831.73,17748703.9,83439472.2,428080167
1260.2,S,40,11803.63,1833.23,17748703.9,83439598.5,428080642
1261.3,S,39,11814.79,1834.64,17748703.9,83439748.6,428081274
1262.3,S,34,11824.14,1836.03,17748703.9,83439821.0,428081522
1263.3,S,34,11832.65,1837.50,17748703.9,83439843.7,428081615
1264.3,S,34,11841.37,1838.88,17748703.9,83439844.6,428081618
1265.3,S,34,11850.05,1840.35,17748703.9,83439845.5,428081630
1266.3,S,34,11858.85,1841.79,17748703.9,83439845.7,428081650
1267.3,S,34,11867.24,1843.10,17748703.9,83439910.4,428081877
1268.3,S,34,11875.92,1844.52,17748703.9,83439910.6,428081885
1269.3,S,34,11884.64,1845.86,17748703.9,83439911.2,428081890
1270.3,S,34,11893.29,1847.18,17748703.9,83439911.4,428081898
1271.3,S,34,11902.11,1848.53,17748703.9,83439911.9,428081903
1272.3,S,34,11910.67,1849.89,17748703.9,83439976.5,428082131
1273.3,S,34,11919.21,1851.31,17748703.9,83439999.0,428082235
1274.3,S,34,11927.93,1852.72,17748703.9,83439999.6,428082241
1275.3,S,34,11936.58,1854.19,17748703.9,83439999.8,428082251
1276.3,S,34,11945.36,1855.54,17748703.9,83440000.2,428082255
1277.3,S,42,11952.62,1856.57,17748703.9,83440297.1,428082678
1278.3,S,40,11967.34,1858.24,17748703.9,83440451.3,428082897
1279.3,S,34,11977.71,1859.64,17748703.9,83440561.7,428083272
1280.3,S,34,11986.75,1860.92,17748703.9,83440562.1,428083284
1281.3,S,34,11995.47,1862.44,17748703.9,83440562.6,428083288
1282.3,S,34,12003.92,1863.80,17748703.9,83440627.5,428083502
1283.3,S,34,12012.53,1865.08,17748703.9,83440650.0,428083578
1284.3,S,34,12021.23,1866.54,17748703.9,83440650.4,428083581
1285.3,S,34,12029.80,1868.09,17748703.9,83440650.7,428083590
1286.3,S,34,12038.56,1869.37,17748703.9,83440651.2,428083592
1287.3,S,34,12047.20,1870.80,17748703.9,83440651.8,428083598
1288.3,S,34,12055.58,1872.27,17748703.9,83440716.4,428083803
1289.3,S,34,12064.44,1873.59,17748703.9,83440716.8,428083807
1290.3,S,34,12073.18,1874.87,17748703.9,83440717.0,428083811
1291.3,S,34,12081.82,1876.26,17748703.9,83440717.3,428083821
1292.3,S,34,12089.90,1877.75,17748703.9,83440782.1,428084204
1293.3,S,34,12098.61,1879.03,17748703.9,83440782.6,428084214
1294.3,S,34,12107.28,1880.38,17748703.9,83440805.3,428084299
1295.3,S,34,12108.63,1880.57,17748703.9,83441056.9,428085226
1296.3,S,40,12124.04,1882.48,17748703.9,83441166.1,428085344
1297.3,S,35,12135.72,1884.26,17748703.9,83441280.8,428085457
1298.3,S,34,12144.38,1885.57,17748703.9,83441367.5,428085536
1299.3,S,34,12153.17,1886.90,17748703.9,83441368.2,428085541
1300.3,S,34,12161.91,1888.16,17748703.9,83441368.5,428085547
1301.3,S,34,12170.61,1889.52,17748703.9,83441368.7,428085549
1302.3,S,34,12179.44,1890.89,17748703.9,83441369.0,428085554
1303.3,S,34,12187.60,1892.27,17748703.9,83441433.9,428085638
1304.3,S,34,12196.26,1893.74,17748703.9,83441456.7,428085710
1305.3,S,34,12204.93,1895.06,17748703.9,83441457.3,428085713
1306.3,S,34,12213.59,1896.43,17748703.9,83441457.6,428085714
1307.3,S,34,12222.39,1897.72,17748703.9,83441457.8,428085718
1308.3,S,34,12231.00,1899.04,17748703.9,83441479.3,428085783
1309.3,S,34,12239.55,1900.40,17748703.9,83441523.0,428085923
1310.3,S,34,12248.19,1901.75,17748703.9,83441523.5,428085930
1311.3,S,34,12257.02,1903.08,17748703.9,83441523.8,428085933
1312.3,S,34,12264.86,1904.24,17748703.9,83441567.5,428086065
1313.3,S,34,12265.42,1904.34,17748703.9,83441797.0,428087054
1314.4,S,41,12277.04,1905.70,17748703.9,83441919.8,428087586
1315.4,S,37,12288.95,1907.32,17748703.9,83442047.4,428088076
1316.4,S,34,12298.15,1908.69,17748703.9,83442108.6,428088312
1317.4,S,34,12299.13,1908.71,17748703.9,83442109.0,428088315
1318.4,S,34,12300.13,1908.72,17748703.9,83442109.2,428088318
1319.4,S,34,12300.90,1908.74,17748703.9,83442173.8,428088529
1320.4,S,34,12301.89,1908.75,17748703.9,83442174.3,428088534
1321.4,S,34,12302.88,1908.76,17748703.9,83442174.7,428088536
1322.4,S,34,12303.85,1908.78,17748703.9,83442181.6,428088556
1323.4,S,34,12304.65,1908.81,17748703.9,83442239.5,428088742
1324.4,S,34,12305.49,1908.89,17748703.9,83442261.9,428088830
1325.4,S,41,12310.03,1908.94,17748703.9,83442262.9,428088844
1326.4,S,41,12317.91,1909.07,17748703.9,83442263.1,428088849
1327.4,S,41,12325.80,1909.19,17748703.9,83442263.8,428088851
1328.4,S,41,12333.43,1909.30,17748703.9,83442353.8,428089138
1329.4,S,41,12340.98,1909.43,17748703.9,83442485.5,428089398
1330.4,S,41,12348.69,1909.57,17748703.9,83442719.6,428089602
1331.4,S,41,12356.33,1909.69,17748703.9,83442815.6,428089870
1332.4,S,41,12363.31,1909.81,17748703.9,83442932.3,428090296
1333.4,S,41,12371.02,1909.92,17748703.9,83442995.3,428090508
1334.4,S,41,12378.41,1910.03,17748703.9,83443113.2,428091041
1335.4,S,41,12386.09,1910.14,17748703.9,83443178.2,428091264
1336.4,S,41,12390.89,1910.25,17748703.9,83443362.0,428091929
1337.4,S,41,12396.89,1910.37,17748703.9,83443541.3,428092606
1338.4,S,41,12404.44,1910.49,17748703.9,83443627.3,428092900
1339.4,S,41,12412.12,1910.62,17748703.9,83443689.5,428093114
1340.4,S,41,12419.76,1910.78,17748703.9,83443922.3,428093380
1341.4,S,41,12427.55,1910.90,17748703.9,83444049.8,428093496
1342.4,S,41,12435.35,1911.02,17748703.9,83444114.2,428093603
1343.4,S,41,12441.37,1911.13,17748703.9,83444224.9,428094083
1344.4,S,41,12449.27,1911.24,17748703.9,83444225.2,428094091
1345.4,S,41,12455.82,1911.35,17748703.9,83444363.6,428094565
1346.4,S,41,12463.58,1911.48,17748703.9,83444389.1,428094682
1347.4,S,41,12469.38,1911.58,17748703.9,83444607.9,428095558
1348.4,S,41,12475.71,1911.70,17748703.9,83444742.4,428096013
1349.4,S,41,12483.59,1911.82,17748703.9,83444743.0,428096017
1350.4,S,41,12490.80,1911.98,17748703.9,83444874.1,428096531
1351.4,S,41,12496.47,1912.11,17748703.9,83445080.1,428097131
1352.4,S,41,12503.88,1912.29,17748703.9,83445326.0,428097343
1353.4,S,41,12511.70,1912.43,17748703.9,83445405.4,428097414
1354.4,S,41,12518.59,1912.55,17748703.9,83445504.8,428097791
1355.4,S,41,12526.31,1912.67,17748703.9,83445560.2,428097983
1356.4,S,41,12532.96,1912.78,17748703.9,83445686.2,428098430
1357.4,S,41,12540.28,1912.90,17748703.9,83445764.4,428098814
1358.4,S,41,12545.90,1913.03,17748703.9,83445985.2,428099584
1359.4,S,41,12553.59,1913.15,17748703.9,83446050.4,428099799
1360.4,S,41,12561.29,1913.26,17748703.9,83446110.1,428100008
1361.4,S,41,12567.95,1913.38,17748703.9,83446273.4,428100573
1362.4,S,41,12574.77,1913.52,17748703.9,83446461.1,428101081
1363.4,S,41,12582.44,1913.65,17748703.9,83446619.4,428101216
1364.4,S,41,12590.28,1913.78,17748703.9,83446668.4,428101263
1365.4,S,41,12598.12,1913.90,17748703.9,83446734.7,428101321
1366.4,S,41,12605.77,1914.02,17748703.9,83446803.8,428101572
1367.4,S,41,12612.02,1914.15,17748703.9,83447074.7,428102473
1368.4,S,40,12618.54,1914.27,17748703.9,83447169.7,428102748
1369.4,S,40,12625.45,1914.36,17748703.9,83447170.1,428102751
1370.4,S,38,12629.70,1914.51,17748703.9,83447454.0,428103623
1371.4,S,34,12630.73,1914.89,17748703.9,83447653.9,428104368
1372.4,S,34,12636.52,1916.09,17748703.9,83447655.0,428104381
1373.4,S,34,12645.36,1917.46,17748703.9,83447655.6,428104390
1374.4,S,34,12654.05,1918.74,17748703.9,83447656.2,428104394
1375.4,S,34,12662.63,1920.23,17748703.9,83447657.5,428104415
1376.4,S,34,12671.09,1921.68,17748703.9,83447723.7,428104638
1377.4,S,34,12679.86,1922.99,17748703.9,83447723.9,428104643
1378.4,S,34,12688.63,1924.24,17748703.9,83447724.3,428104647
1379.4,S,34,12697.44,1925.61,17748703.9,83447724.6,428104650
1380.4,S,34,12706.39,1926.87,17748703.9,83447730.3,428104667
1381.4,S,34,12715.01,1928.30,17748703.9,83447789.8,428104874
1382.4,S,34,12723.70,1929.64,17748703.9,83447790.3,428104879
1383.4,S,34,12732.44,1931.02,17748703.9,83447824.2,428104913
1384.4,S,34,12741.05,1932.51,17748703.9,83447825.2,428104929
1385.4,S,34,12749.03,1933.78,17748703.9,83447825.8,428104934
1386.4,S,34,12757.18,1935.07,17748703.9,83447868.6,428104984
1387.4,S,42,12770.22,1936.68,17748703.9,83448151.1,428105253
1388.4,S,37,12782.00,1938.21,17748703.9,83448297.7,428105746
1389.4,S,34,12791.36,1939.65,17748703.9,83448346.0,428105871
1390.4,S,34,12800.03,1940.89,17748703.9,83448346.3,428105874
1391.4,S,34,12808.78,1942.25,17748703.9,83448346.6,428105877
1392.4,S,34,12817.38,1943.70,17748703.9,83448411.4,428106043
1393.4,S,34,12825.89,1945.24,17748703.9,83448411.7,428106045
1394.4,S,34,12834.34,1946.78,17748703.9,83448445.8,428106144
1395.4,S,34,12843.06,1948.27,17748703.9,83448447.2,428106175
1396.4,S,34,12851.82,1949.81,17748703.9,83448447.9,428106179
1397.4,S,34,12860.62,1951.19,17748703.9,83448448.1,428106182
1398.4,S,34,12869.31,1952.61,17748703.9,83448513.2,428106343
1399.4,S,34,12877.89,1954.08,17748703.9,83448513.4,428106349
1400.4,S,34,12886.48,1955.56,17748703.9,83448513.6,428106352
1401.4,S,34,12895.21,1956.92,17748703.9,83448513.8,428106355
1402.4,S,34,12903.92,1958.27,17748703.9,83448514.9,428106373
1403.4,S,34,12911.59,1959.61,17748703.9,83448580.2,428106573
1404.4,S,34,12916.54,1960.34,17748703.9,83448706.4,428107040
1405.4,S,42,12922.40,1961.11,17748703.9,83448863.6,428107658
1406.4,S,37,12936.90,1962.83,17748703.9,83449050.9,428107894
1407.4,S,34,12946.41,1964.60,17748703.9,83449104.9,428107964
1408.4,S,34,12955.34,1965.83,17748703.9,83449105.4,428107968
1409.4,S,34,12963.90,1967.17,17748703.9,83449171.1,428108028
1410.4,S,34,12972.74,1968.56,17748703.9,83449171.5,428108033
1411.4,S,34,12981.57,1969.90,17748703.9,83449171.6,428108035
1412.4,S,34,12990.34,1971.33,17748703.9,83449171.9,428108039
1413.4,S,34,12999.26,1972.72,17748703.9,83449172.0,428108039
1414.4,S,34,13008.16,1973.97,17748703.9,83449237.2,428108097
1415.4,S,34,13016.76,1975.34,17748703.9,83449237.7,428108103
1416.4,S,34,13024.57,1976.82,17748703.9,83449272.8,428108182
1417.4,S,34,13033.25,1978.00,17748703.9,83449272.9,428108183
1418.4,S,34,13041.75,1979.47,17748703.9,83449273.7,428108200
1419.4,S,34,13050.37,1980.73,17748703.9,83449274.3,428108210
1420.4,S,34,13058.88,1982.03,17748703.9,83449339.3,428108405
1421.4,S,34,13067.53,1983.38,17748703.9,83449339.6,428108415
1422.4,S,34,13074.68,1984.51,17748703.9,83449398.4,428108641
1423.4,S,42,13076.19,1984.74,17748703.9,83449627.2,428109529
1424.4,S,41,13090.93,1986.69,17748703.9,83449735.8,428109902
1425.4,S,35,13101.36,1988.10,17748703.9,83449856.6,428110357
1426.4,S,34,13109.32,1989.61,17748703.9,83449868.2,428110397
1427.4,S,34,13117.48,1991.10,17748703.9,83449869.1,428110409
1428.4,S,34,13125.71,1992.56,17748703.9,83449869.3,428110414
1429.4,S,34,13133.64,1993.94,17748703.9,83449934.5,428110618
1430.4,S,34,13141.90,1995.38,17748703.9,83449935.2,428110629
1431.4,S,34,13151.92,1998.75,17748703.9,83449935.8,428110643
1432.4,S,34,13163.34,2003.39,17748703.9,83449936.3,428110649
1433.4,S,34,13174.82,2008.16,17748703.9,83449936.4,428110653
1434.5,S,34,13186.09,2012.63,17748703.9,83449936.6,428110653
1435.5,S,34,13193.92,2015.73,17748703.9,83450088.1,428111226
1436.5,S,42,13197.73,2016.23,17748703.9,83450264.7,428111906
1437.5,S,41,13210.59,2017.24,17748703.9,83450352.3,428111992
1438.5,S,34,13221.75,2018.97,17748703.9,83450504.4,428112133
1439.5,S,34,13233.00,2023.84,17748703.9,83450504.8,428112136
1440.5,S,34,13244.29,2028.35,17748703.9,83450505.1,428112138
1441.5,S,34,13255.58,2032.94,17748703.9,83450506.0,428112144
1442.5,S,34,13266.87,2037.64,17748703.9,83450570.5,428112200
1443.5,S,34,13277.74,2041.90,17748703.9,83450570.8,428112205
1444.5,S,34,13288.90,2046.19,17748703.9,83450571.0,428112209
1445.5,S,34,13300.01,2050.70,17748703.9,83450571.2,428112214
1446.5,S,34,13310.64,2054.70,17748703.9,83450571.9,428112218
1447.5,S,34,13321.85,2058.69,17748703.9,83450572.3,428112221
1448.5,S,42,13324.00,2059.42,17748703.9,83450893.5,428113058
1449.5,S,41,13336.20,2060.23,17748703.9,83450959.9,428113233
1450.5,S,39,13347.04,2060.96,17748703.9,83451041.2,428113492
1451.5,S,34,13352.88,2061.79,17748703.9,83451140.4,428113860
1452.5,S,34,13353.85,2061.82,17748703.9,83451141.3,428113864
1453.5,S,34,13354.83,2061.85,17748703.9,83451141.5,428113872
1454.5,S,34,13355.61,2061.88,17748703.9,83451206.1,428114072
1455.5,S,34,13356.58,2061.91,17748703.9,83451206.4,428114081
1456.5,S,34,13357.56,2061.93,17748703.9,83451206.6,428114084
1457.5,S,34,13358.55,2061.94,17748703.9,83451207.4,428114096
1458.5,S,34,13359.49,2061.98,17748703.9,83451221.3,428114140
1459.5,S,41,13360.29,2062.10,17748703.9,83451277.9,428114398
1460.5,S,41,13368.16,2062.24,17748703.9,83451278.6,428114413
1461.5,S,41,13376.02,2062.38,17748703.9,83451278.7,428114415
1462.5,S,41,13383.88,2062.53,17748703.9,83451279.1,428114424
1463.5,S,41,13391.74,2062.69,17748703.9,83451279.9,428114428
1464.5,S,41,13399.38,2062.86,17748703.9,83451391.5,428114625
1465.5,S,41,13407.12,2063.04,17748703.9,83451535.8,428114755
1466.5,S,41,13414.97,2063.19,17748703.9,83451536.0,428114757
1467.5,S,41,13422.81,2063.34,17748703.9,83451575.0,428114796
1468.5,S,41,13430.32,2063.53,17748703.9,83451781.3,428115152
1469.5,S,39,13436.98,2063.71,17748703.9,83451972.4,428115833
1470.5,S,38,13439.01,2063.83,17748703.9,83452237.8,428116834
1471.5,S,35,13440.23,2063.86,17748703.9,83452285.3,428117037
1472.5,S,34,13445.70,2064.96,17748703.9,83452312.8,428117141
1473.5,S,34,13455.22,2067.54,17748703.9,83452313.0,428117143
1474.5,S,34,13464.97,2070.79,17748703.9,83452314.4,428117148
1475.5,S,34,13475.81,2074.78,17748703.9,83452314.7,428117155
1476.5,S,34,13484.33,2076.97,17748703.9,83452315.1,428117157
1477.5,S,34,13495.38,2081.50,17748703.9,83452315.6,428117169
1478.5,S,34,13506.26,2085.96,17748703.9,83452380.3,428117326
1479.5,S,34,13517.30,2090.42,17748703.9,83452381.0,428117327
1480.5,S,34,13528.41,2094.86,17748703.9,83452381.3,428117331
1481.5,S,34,13538.98,2099.06,17748703.9,83452627.2,428117540
1482.5,S,42,13549.97,2100.78,17748703.9,83452648.9,428117614
1483.5,S,41,13562.10,2101.61,17748703.9,83452739.0,428117747
1484.5,S,40,13568.48,2102.25,17748703.9,83452883.8,428118448
1485.7,S,34,13572.68,2103.06,17748703.9,83452950.6,428119014
1486.7,S,34,13573.65,2103.08,17748703.9,83452950.9,428119018
1487.8,S,34,13574.63,2103.11,17748703.9,83452951.2,428119032
1488.8,S,34,13575.61,2103.13,17748703.9,83452951.4,428119034
1489.8,S,34,13576.59,2103.15,17748703.9,83452951.6,428119042
1490.8,S,34,13577.09,2103.19,17748703.9,83453016.8,428119533
1491.8,S,34,13578.07,2103.21,17748703.9,83453017.1,428119537
1492.8,S,34,13579.05,2103.23,17748703.9,83453017.2,428119541
1493.8,S,34,13580.03,2103.25,17748703.9,83453045.3,428119621
1494.8,S,34,13581.01,2103.27,17748703.9,83453045.4,428119623
1495.8,S,34,13581.85,2103.31,17748703.9,83453110.3,428119762
1496.8,S,41,13588.07,2103.44,17748703.9,83453116.8,428119784
1497.8,S,41,13595.93,2103.58,17748703.9,83453117.1,428119788
1498.8,S,41,13603.79,2103.73,17748703.9,83453117.4,428119791
1499.8,S,41,13611.57,2103.87,17748703.9,83453155.9,428119882
1500.8,S,40,13618.03,2104.04,17748703.9,83453386.7,428120413
1501.8,S,37,13621.24,2104.13,17748703.9,83453535.7,428120948
1502.8,S,34,13621.85,2104.25,17748703.9,83453627.4,428121275
1503.8,S,34,13622.82,2104.28,17748703.9,83453627.7,428121279
1504.8,S,34,13623.79,2104.31,17748703.9,83453627.9,428121281
1505.8,S,34,13624.77,2104.33,17748703.9,83453628.1,428121290
1506.8,S,34,13625.65,2104.37,17748703.9,83453661.5,428121398
1507.8,S,34,13626.52,2104.39,17748703.9,83453693.4,428121521
1508.8,S,34,13627.50,2104.41,17748703.9,83453694.0,428121529
1509.8,S,34,13628.47,2104.43,17748703.9,83453694.3,428121532
1510.8,S,34,13629.45,2104.45,17748703.9,83453694.4,428121535
1511.8,S,34,13630.18,2104.48,17748703.9,83453759.2,428121788
1512.8,S,40,13634.22,2104.57,17748703.9,83453805.5,428121919
1513.8,S,40,13641.09,2104.70,17748703.9,83453806.2,428121929
1514.8,S,39,13647.61,2104.83,17748703.9,83453831.1,428121996
1515.8,S,39,13653.51,2104.94,17748703.9,83453831.5,428122006
1516.8,S,39,13658.98,2105.06,17748703.9,83453940.3,428122250
1517.8,S,35,13661.56,2105.18,17748703.9,83454204.5,428122702
1518.8,S,34,13663.60,2105.50,17748703.9,83454220.6,428122722
1519.8,S,34,13666.04,2105.85,17748703.9,83454220.9,428122728
1520.8,S,34,13668.44,2106.21,17748703.9,83454221.2,428122731
1521.8,S,34,13670.92,2106.59,17748703.9,83454221.5,428122736
1522.8,S,34,13673.47,2106.94,17748703.9,83454222.3,428122739
1523.8,S,34,13675.87,2107.33,17748703.9,83454287.1,428122807
1524.8,S,34,13678.36,2107.65,17748703.9,83454287.3,428122810
1525.8,S,34,13680.89,2107.98,17748703.9,83454287.9,428122816
1526.8,S,34,13683.25,2108.29,17748703.9,83454338.5,428122864
1527.8,S,34,13685.15,2108.59,17748703.9,83454338.9,428122872
1528.8,S,41,13693.44,2108.91,17748703.9,83454340.2,428122879
1529.8,S,41,13702.05,2109.17,17748703.9,83454340.5,428122884
1530.8,S,41,13710.65,2109.42,17748703.9,83454341.0,428122889
1531.8,S,41,13719.14,2109.73,17748703.9,83454412.9,428122956
1532.8,S,41,13727.60,2109.98,17748703.9,83454459.3,428123101
1533.8,S,41,13734.15,2110.25,17748703.9,83454593.1,428123619
1534.8,S,41,13741.49,2110.55,17748703.9,83454748.6,428124170
1535.8,S,41,13750.07,2110.83,17748703.9,83454748.7,428124171
1536.8,S,41,13758.56,2111.12,17748703.9,83454855.7,428124265
1537.8,S,41,13767.08,2111.42,17748703.9,83454928.1,428124333
1538.8,S,41,13775.53,2111.73,17748703.9,83455082.8,428124468
1539.8,S,41,13783.74,2112.02,17748703.9,83455221.2,428124863
1540.8,S,41,13791.90,2112.34,17748703.9,83455344.2,428125347
1541.8,S,41,13800.39,2112.69,17748703.9,83455428.8,428125710
1542.8,S,41,13809.20,2113.04,17748703.9,83455429.5,428125714
1543.8,S,41,13816.89,2113.44,17748703.9,83455577.1,428126221
1544.8,S,41,13823.96,2113.86,17748703.9,83455703.1,428126607
1545.8,S,41,13832.14,2114.29,17748703.9,83455830.9,428126881
1546.8,S,41,13840.88,2114.62,17748703.9,83455965.9,428127000
1547.8,S,41,13849.62,2114.84,17748703.9,83455966.3,428127003
1548.8,S,41,13858.24,2115.11,17748703.9,83456184.9,428127231
1549.8,S,41,13866.50,2115.36,17748703.9,83456345.0,428127655
1550.8,S,41,13875.20,2115.59,17748703.9,83456354.0,428127703
1551.8,S,41,13883.72,2115.83,17748703.9,83456415.5,428127976
1552.8,S,41,13892.20,2116.09,17748703.9,83456531.7,428128315
1553.8,S,41,13900.74,2116.36,17748703.9,83456578.8,428128538
1554.8,S,41,13908.43,2116.61,17748703.9,83456707.4,428128979
1555.8,S,41,13916.71,2116.87,17748703.9,83456896.4,428129498
1556.8,S,41,13925.40,2117.13,17748703.9,83457005.7,428129595
1557.8,S,41,13934.07,2117.37,17748703.9,83457182.7,428129750
1558.8,S,41,13942.81,2117.63,17748703.9,83457236.1,428129800
1559.8,S,41,13951.53,2117.87,17748703.9,83457236.7,428129802
1560.8,S,41,13960.12,2118.12,17748703.9,83457296.3,428129969
1561.8,S,41,13968.74,2118.35,17748703.9,83457349.9,428130135
1562.8,S,41,13977.29,2118.59,17748703.9,83457414.6,428130328
1563.8,S,41,13984.85,2118.83,17748703.9,83457596.9,428130924
1564.8,S,41,13992.34,2119.09,17748703.9,83457779.1,428131466
1565.8,S,41,13999.99,2119.36,17748703.9,83458041.9,428132057
1566.8,S,41,14008.78,2119.62,17748703.9,83458042.8,428132061
1567.8,S,41,14017.50,2119.85,17748703.9,83458116.4,428132125
1568.8,S,41,14026.18,2120.09,17748703.9,83458256.9,428132252
1569.8,S,41,14033.63,2120.32,17748703.9,83458440.4,428132787
1570.8,S,41,14042.17,2120.56,17748703.9,83458510.5,428133054
1571.8,S,41,14050.99,2120.78,17748703.9,83458510.7,428133058
1572.8,S,41,14059.56,2120.99,17748703.9,83458584.8,428133321
1573.8,S,40,14067.56,2121.29,17748703.9,83458748.8,428133821
1574.8,S,40,14074.23,2121.54,17748703.9,83458907.6,428134378
1575.8,S,40,14081.41,2121.82,17748703.9,83458985.0,428134643
1576.8,S,34,14085.11,2122.12,17748703.9,83459299.1,428134998
1577.8,S,34,14092.26,2123.56,17748703.9,83459301.2,428135003
1578.8,S,34,14100.47,2125.22,17748703.9,83459301.5,428135005
1579.8,S,34,14108.69,2126.89,17748703.9,83459377.2,428135075
1580.8,S,34,14116.71,2128.70,17748703.9,83459377.6,428135078
1581.8,S,34,14125.06,2130.38,17748703.9,83459378.3,428135082
1582.8,S,34,14132.98,2132.09,17748703.9,83459444.1,428135308
1583.8,S,34,14141.38,2133.78,17748703.9,83459444.4,428135313
1584.8,S,34,14148.22,2135.31,17748703.9,83459481.5,428135472
1585.8,S,41,14160.99,2136.58,17748703.9,83459560.7,428135792
1586.9,S,38,14174.50,2138.25,17748703.9,83459685.8,428136213
1587.9,S,34,14181.94,2139.70,17748703.9,83459836.7,428136704
1588.9,S,34,14190.22,2141.34,17748703.9,83459837.4,428136708
1589.9,S,34,14198.72,2142.93,17748703.9,83459837.6,428136716
1590.9,S,34,14207.06,2144.73,17748703.9,83459837.9,428136722
1591.9,S,34,14215.04,2146.58,17748703.9,83459894.5,428136876
1592.9,S,34,14223.30,2148.25,17748703.9,83459895.0,428136886
1593.9,S,34,14231.41,2150.09,17748703.9,83459895.7,428136889
1594.9,S,34,14239.77,2151.73,17748703.9,83459896.0,428136898
1595.9,S,34,14248.20,2153.45,17748703.9,83459896.3,428136905
1596.9,S,34,14256.37,2155.20,17748703.9,83459961.2,428137127
1597.9,S,34,14264.78,2156.83,17748703.9,83459961.4,428137130
1598.9,S,34,14273.17,2158.53,17748703.9,83459962.0,428137131
1599.9,S,34,14281.58,2160.22,17748703.9,83459962.4,428137135
1600.9,S,34,14288.12,2161.52,17748703.9,83460025.6,428137391
1601.9,S,42,14298.30,2162.70,17748703.9,83460286.3,428137748
1602.9,S,40,14312.70,2164.44,17748703.9,83460457.2,428137979
1603.9,S,34,14321.81,2166.11,17748703.9,83460541.5,428138304
1604.9,S,34,14330.38,2167.77,17748703.9,83460542.4,428138312
1605.9,S,34,14338.52,2169.48,17748703.9,83460542.7,428138317
1606.9,S,34,14346.89,2171.12,17748703.9,83460542.9,428138321
1607.9,S,34,14355.01,2172.78,17748703.9,83460607.7,428138540
1608.9,S,34,14363.08,2174.55,17748703.9,83460608.2,428138543
1609.9,S,34,14371.51,2176.23,17748703.9,83460608.6,428138553
1610.9,S,34,14379.66,2177.98,17748703.9,83460609.0,428138557
1611.9,S,34,14388.07,2179.56,17748703.9,83460649.3,428138705
1612.9,S,34,14396.33,2181.35,17748703.9,83460668.4,428138782
1613.9,S,34,14404.52,2183.11,17748703.9,83460668.7,428138787
1614.9,S,34,14412.79,2184.80,17748703.9,83460669.8,428138807
1615.9,S,34,14420.88,2186.49,17748703.9,83460670.1,428138814
1616.9,S,34,14428.37,2187.92,17748703.9,83460709.8,428138942
1617.9,S,34,14429.03,2188.02,17748703.9,83460982.0,428139918
1618.9,S,41,14444.28,2189.66,17748703.9,83461026.2,428140067
1619.9,S,37,14457.39,2191.29,17748703.9,83461178.1,428140361
1620.9,S,34,14466.25,2193.14,17748703.9,83461232.5,428140414
1621.9,S,34,14474.63,2194.76,17748703.9,83461233.2,428140415
1622.9,S,34,14483.11,2196.43,17748703.9,83461297.7,428140470
1623.9,S,34,14491.36,2198.05,17748703.9,83461306.5,428140485
1624.9,S,34,14499.63,2199.72,17748703.9,83461307.3,428140496
1625.9,S,34,14508.00,2201.46,17748703.9,83461308.1,428140498
1626.9,S,34,14516.39,2203.14,17748703.9,83461308.6,428140500
1627.9,S,34,14524.52,2204.97,17748703.9,83461373.2,428140559
1628.9,S,34,14532.90,2206.60,17748703.9,83461373.4,428140561
1629.9,S,34,14541.12,2208.41,17748703.9,83461373.6,428140565
1630.9,S,34,14549.72,2210.15,17748703.9,83461374.0,428140568
1631.9,S,34,14558.07,2211.86,17748703.9,83461374.4,428140572
1632.9,S,34,14566.28,2213.62,17748703.9,83461439.1,428140630
1633.9,S,34,14569.08,2214.18,17748703.9,83461636.4,428141357
1634.9,S,41,14581.80,2215.55,17748703.9,83461721.4,428141642
1635.9,S,40,14593.34,2216.89,17748703.9,83461867.9,428142181
1636.9,S,34,14602.65,2218.48,17748703.9,83461936.5,428142434
1637.9,S,34,14610.92,2220.16,17748703.9,83462001.6,428142636
1638.9,S,34,14619.19,2221.88,17748703.9,83462001.8,428142637
1639.9,S,34,14627.35,2223.63,17748703.9,83462026.3,428142722
1640.9,S,34,14635.80,2225.27,17748703.9,83462026.6,428142726
1641.9,S,34,14643.92,2227.07,17748703.9,83462027.1,428142733
1642.9,S,34,14652.26,2228.79,17748703.9,83462027.7,428142737
1643.9,S,34,14659.70,2230.32,17748703.9,83462092.6,428142979
1644.9,S,34,14668.16,2232.03,17748703.9,83462092.8,428142983
1645.9,S,34,14676.31,2233.79,17748703.9,83462093.1,428142988
1646.9,S,34,14684.47,2235.48,17748703.9,83462122.5,428143119
1647.9,S,34,14692.57,2237.25,17748703.9,83462123.0,428143125
1648.9,S,34,14700.92,2238.97,17748703.9,83462187.7,428143184
1649.9,S,42,14707.36,2240.31,17748703.9,83462444.6,428143418
1650.9,S,42,14723.36,2242.11,17748703.9,83462520.6,428143571
1651.9,S,35,14735.00,2243.77,17748703.9,83462658.1,428144005
1652.9,S,34,14739.35,2244.55,17748703.9,83462685.3,428144110
1653.9,S,34,14741.89,2244.94,17748703.9,83462750.5,428144344
1654.9,S,34,14744.00,2245.38,17748703.9,83462762.6,428144399
1655.9,S,34,14746.22,2245.67,17748703.9,83462763.0,428144402
1656.9,S,34,14748.41,2245.96,17748703.9,83462763.7,428144413
1657.9,S,34,14750.65,2246.22,17748703.9,83462763.9,428144417
1658.9,S,34,14752.57,2246.55,17748703.9,83462828.5,428144678
1659.9,S,34,14754.68,2246.88,17748703.9,83462829.3,428144689
1660.9,S,34,14756.82,2247.17,17748703.9,83462829.5,428144692
1661.9,S,34,14758.97,2247.45,17748703.9,83462829.9,428144701
1662.9,S,34,14761.05,2247.74,17748703.9,83462853.9,428144770
1663.9,S,34,14762.66,2247.98,17748703.9,83462894.3,428144923
1664.9,S,34,14764.36,2248.21,17748703.9,83462894.9,428144932
1665.9,S,34,14766.08,2248.42,17748703.9,83462895.3,428144935
1666.9,S,34,14767.79,2248.62,17748703.9,83462895.9,428144945
1667.9,S,34,14769.30,2248.80,17748703.9,83462960.6,428145192
1668.9,S,34,14771.01,2249.01,17748703.9,83462960.8,428145195
1669.9,S,34,14772.73,2249.22,17748703.9,83462961.2,428145200
1670.9,S,34,14774.43,2249.45,17748703.9,83462961.4,428145206
1671.9,S,34,14775.93,2249.65,17748703.9,83463025.8,428145466
1672.9,S,34,14777.33,2249.83,17748703.9,83463026.2,428145470
1673.9,S,34,14778.77,2249.97,17748703.9,83463026.5,428145479
1674.9,S,34,14780.19,2250.05,17748703.9,83463027.0,428145482
1675.9,S,34,14781.64,2250.12,17748703.9,83463027.2,428145487
1676.9,S,34,14782.88,2250.21,17748703.9,83463092.0,428145690
1677.9,S,34,14784.27,2250.31,17748703.9,83463092.7,428145694
1678.9,S,34,14785.67,2250.41,17748703.9,83463092.9,428145701
1679.9,S,34,14787.10,2250.49,17748703.9,83463093.1,428145706
1680.9,S,34,14788.20,2250.58,17748703.9,83463157.4,428145924
1681.9,S,34,14789.45,2250.63,17748703.9,83463226.1,428146191
1682.9,S,34,14790.71,2250.68,17748703.9,83463226.4,428146197
1683.9,S,34,14791.97,2250.74,17748703.9,83463226.9,428146201
1684.9,S,34,14792.95,2250.81,17748703.9,83463291.5,428146492
1685.9,S,34,14794.19,2250.89,17748703.9,83463291.8,428146494
1686.9,S,34,14795.32,2250.96,17748703.9,83463321.2,428146585
1687.9,S,34,14796.47,2251.01,17748703.9,83463321.6,428146595
1688.9,S,34,14797.62,2251.07,17748703.9,83463322.2,428146599
1689.9,S,34,14798.79,2251.10,17748703.9,83463322.5,428146604
1690.9,S,34,14799.75,2251.17,17748703.9,83463387.0,428146821
1691.9,S,34,14800.90,2251.21,17748703.9,83463387.6,428146831
1692.9,S,34,14802.05,2251.26,17748703.9,83463387.8,428146835
1693.9,S,34,14803.20,2251.30,17748703.9,83463388.5,428146847
1694.9,S,34,14804.22,2251.35,17748703.9,83463434.3,428146979
1695.9,S,34,14805.22,2251.41,17748703.9,83463452.7,428147038
1696.9,S,34,14806.31,2251.45,17748703.9,83463452.9,428147040
1697.9,S,34,14807.40,2251.49,17748703.9,83463453.4,428147044
1698.9,S,34,14808.47,2251.54,17748703.9,83463464.1,428147055
1699.9,S,34,14809.51,2251.58,17748703.9,83463518.5,428147105
1700.9,S,34,14810.60,2251.62,17748703.9,83463518.9,428147112
1701.9,S,34,14811.68,2251.66,17748703.9,83463519.2,428147117
1702.9,S,34,14812.77,2251.70,17748703.9,83463527.1,428147124
1703.9,S,34,14813.75,2251.76,17748703.9,83463583.4,428147178
1704.9,S,41,14820.82,2251.88,17748703.9,83463584.1,428147180
1705.9,S,41,14828.75,2252.01,17748703.9,83463584.5,428147184
1706.9,S,41,14836.68,2252.15,17748703.9,83463584.7,428147188
1707.9,S,41,14844.57,2252.29,17748703.9,83463637.4,428147236
1708.9,S,41,14852.29,2252.45,17748703.9,83463836.5,428147431
1710.0,S,41,14859.17,2252.60,17748703.9,83463988.3,428147999
1711.0,S,41,14867.09,2252.75,17748703.9,83463988.9,428148001
1712.0,S,41,14873.21,2252.91,17748703.9,83464200.9,428148623
1713.0,S,41,14881.09,2253.07,17748703.9,83464255.1,428148673
1714.0,S,41,14888.85,2253.24,17748703.9,83464437.0,428148830
1715.0,S,41,14896.76,2253.40,17748703.9,83464437.2,428148832
1716.0,S,41,14904.64,2253.54,17748703.9,83464520.2,428148908
1717.0,S,41,14912.42,2253.71,17748703.9,83464566.7,428149036
1718.0,S,41,14918.19,2253.87,17748703.9,83464775.5,428149839
1719.0,S,41,14924.55,2254.02,17748703.9,83465007.7,428150535
1720.0,S,41,14932.48,2254.16,17748703.9,83465008.4,428150537
1721.0,S,41,14940.32,2254.33,17748703.9,83465037.4,428150617
1722.0,S,41,14946.80,2254.53,17748703.9,83465262.7,428151285
1723.0,S,41,14953.50,2254.72,17748703.9,83465490.7,428152048
1724.0,S,41,14961.42,2254.86,17748703.9,83465490.8,428152050
1725.0,S,41,14969.33,2255.02,17748703.9,83465491.1,428152061
1726.0,S,41,14976.92,2255.17,17748703.9,83465591.5,428152409
1727.0,S,41,14984.67,2255.35,17748703.9,83465796.5,428152591
1728.0,S,41,14992.15,2255.55,17748703.9,83466037.4,428152933
1729.0,S,41,15000.07,2255.69,17748703.9,83466037.7,428152938
1730.0,S,41,15007.40,2255.84,17748703.9,83466144.5,428153266
1731.0,S,41,15014.89,2256.00,17748703.9,83466284.1,428153725
1732.0,S,41,15022.65,2256.15,17748703.9,83466392.9,428153897
1733.0,S,41,15030.47,2256.29,17748703.9,83466538.7,428154028
1734.0,S,41,15038.36,2256.42,17748703.9,83466604.9,428154087
1735.0,S,41,15045.54,2256.58,17748703.9,83466722.9,428154307
1736.0,S,41,15052.78,2256.75,17748703.9,83466855.9,428154745
1737.0,S,41,15060.55,2256.91,17748703.9,83466905.6,428154909
1738.0,S,41,15067.75,2257.07,17748703.9,83467057.6,428155497
1739.0,S,41,15075.69,2257.20,17748703.9,83467057.9,428155502
1740.0,S,41,15083.61,2257.35,17748703.9,83467058.1,428155506
1741.0,S,41,15088.06,2257.52,17748703.9,83467357.1,428156460
1742.0,S,41,15095.60,2257.68,17748703.9,83467439.0,428156745
1743.0,S,41,15103.32,2257.84,17748703.9,83467504.6,428156961
1744.0,S,41,15110.77,2257.97,17748703.9,83467635.6,428157479
1745.0,S,41,15118.42,2258.16,17748703.9,83467814.4,428157744
1746.0,S,41,15126.13,2258.32,17748703.9,83467957.1,428157869
1747.0,S,41,15134.03,2258.45,17748703.9,83468016.9,428157924
1748.0,S,41,15141.75,2258.59,17748703.9,83468124.4,428158150
1749.0,S,41,15149.39,2258.73,17748703.9,83468235.7,428158459
1750.0,S,41,15156.68,2258.87,17748703.9,83468384.9,428158942
1751.0,S,41,15163.16,2259.00,17748703.9,83468593.7,428159807
1752.0,S,40,15170.53,2259.12,17748703.9,83468633.2,428159954
1753.0,S,40,15177.49,2259.22,17748703.9,83468634.1,428159964
1754.0,S,40,15183.34,2259.35,17748703.9,83468750.7,428160389
1755.0,S,38,15188.76,2259.53,17748703.9,83469173.5,428160835
1756.0,S,34,15194.86,2261.39,17748703.9,83469240.8,428161004
1757.0,S,34,15203.41,2262.78,17748703.9,83469241.9,428161012
1758.0,S,34,15212.32,2264.23,17748703.9,83469243.8,428161021
1759.0,S,34,15221.03,2265.53,17748703.9,83469244.0,428161024
1760.0,S,34,15229.81,2266.80,17748703.9,83469244.7,428161031
1761.0,S,34,15238.29,2268.12,17748703.9,83469309.4,428161238
1762.0,S,34,15247.05,2269.45,17748703.9,83469309.6,428161241
1763.0,S,34,15255.67,2270.70,17748703.9,83469310.1,428161243
1764.0,S,34,15264.50,2271.99,17748703.9,83469310.3,428161245
1765.0,S,34,15272.92,2273.41,17748703.9,83469375.0,428161385
1766.0,S,34,15281.62,2274.83,17748703.9,83469375.5,428161386
1767.0,S,34,15290.16,2276.37,17748703.9,83469398.6,428161456
1768.0,S,34,15295.79,2277.22,17748703.9,83469528.5,428161831
1769.0,S,42,15309.02,2278.83,17748703.9,83469639.7,428162171
1770.0,S,35,15320.46,2280.35,17748703.9,83469794.1,428162718
1771.0,S,34,15329.13,2281.75,17748703.9,83469886.0,428163049
1772.0,S,34,15338.14,2282.96,17748703.9,83469886.4,428163051
1773.0,S,34,15346.95,2284.33,17748703.9,83469886.7,428163053
1774.0,S,34,15355.89,2285.64,17748703.9,83469887.2,428163061
1775.0,S,34,15364.42,2287.07,17748703.9,83469952.0,428163169
1776.0,S,34,15373.36,2288.48,17748703.9,83469952.4,428163175
1777.0,S,34,15382.28,2289.71,17748703.9,83469953.1,428163177
1778.0,S,34,15391.02,2291.07,17748703.9,83469953.3,428163179
1779.0,S,34,15399.77,2292.38,17748703.9,83469953.6,428163183
1780.0,S,34,15408.36,2293.76,17748703.9,83470027.3,428163252
1781.0,S,34,15417.25,2295.17,17748703.9,83470027.8,428163256
1782.0,S,34,15426.01,2296.54,17748703.9,83470028.2,428163260
1783.0,S,34,15434.93,2297.82,17748703.9,83470028.4,428163264
1784.0,S,34,15443.58,2299.15,17748703.9,83470044.1,428163279
1785.0,S,34,15452.30,2300.59,17748703.9,83470093.6,428163324
1786.0,S,42,15461.25,2301.77,17748703.9,83470350.7,428163710
1787.0,S,40,15475.80,2303.46,17748703.9,83470494.1,428164216
1788.0,S,34,15485.58,2305.01,17748703.9,83470591.2,428164545
1789.0,S,34,15494.09,2306.38,17748703.9,83470663.2,428164800
1790.0,S,34,15502.66,2307.92,17748703.9,83470663.8,428164810
1791.0,S,34,15511.25,2309.37,17748703.9,83470664.6,428164821
1792.0,S,34,15519.95,2310.75,17748703.9,83470664.8,428164822
1793.0,S,34,15528.70,2311.99,17748703.9,83470665.3,428164825
1794.1,S,34,15537.22,2313.31,17748703.9,83470730.0,428165028
1795.1,S,34,15545.99,2314.69,17748703.9,83470730.2,428165033
1796.1,S,34,15554.66,2316.12,17748703.9,83470730.6,428165036
1797.1,S,34,15563.52,2317.50,17748703.9,83470731.1,428165043
1798.1,S,34,15571.48,2318.76,17748703.9,83470795.8,428165250
1799.1,S,34,15580.03,2320.15,17748703.9,83470803.8,428165283
1800.1,S,34,15588.69,2321.49,17748703.9,83470804.0,428165285
1801.1,S,34,15597.28,2322.89,17748703.9,83470804.3,428165289
1802.1,S,34,15606.02,2324.17,17748703.9,83470804.8,428165297
1803.1,S,34,15614.08,2325.52,17748703.9,83470869.5,428165503
1804.1,S,34,15615.33,2325.71,17748703.9,83471112.6,428166439
1805.1,S,41,15628.76,2327.14,17748703.9,83471213.8,428166809
1806.1,S,35,15640.46,2328.80,17748703.9,83471353.6,428167192
1807.1,S,34,15649.19,2330.15,17748703.9,83471367.4,428167211
1808.1,S,34,15657.80,2331.61,17748703.9,83471439.2,428167276
1809.1,S,34,15666.61,2332.97,17748703.9,83471439.8,428167278
1810.1,S,34,15675.31,2334.36,17748703.9,83471440.1,428167278
1811.1,S,34,15684.03,2335.71,17748703.9,83471440.4,428167280
1812.1,S,34,15692.67,2337.14,17748703.9,83471440.6,428167282
1813.1,S,34,15701.43,2338.52,17748703.9,83471505.5,428167341
1814.1,S,34,15710.16,2339.87,17748703.9,83471505.7,428167344
1815.1,S,34,15718.89,2341.46,17748703.9,83471506.4,428167350
1816.1,S,34,15727.57,2342.75,17748703.9,83471506.6,428167352
1817.1,S,34,15736.10,2344.31,17748703.9,83471571.3,428167409
1818.1,S,34,15744.88,2345.64,17748703.9,83471571.6,428167411
1819.1,S,34,15753.59,2346.89,17748703.9,83471572.0,428167414
1820.1,S,34,15762.35,2348.20,17748703.9,83471624.4,428167465
1821.1,S,34,15771.04,2349.50,17748703.9,83471624.7,428167468
1822.1,S,34,15775.10,2350.16,17748703.9,83471839.4,428168041
1823.1,S,42,15787.04,2351.59,17748703.9,83471954.9,428168400
1824.1,S,35,15799.59,2353.19,17748703.9,83472115.4,428168921
1825.1,S,34,15806.76,2354.34,17748703.9,83472186.4,428169246
1826.1,S,34,15815.57,2355.72,17748703.9,83472186.9,428169250
1827.1,S,34,15824.47,2357.00,17748703.9,83472187.2,428169259
1828.1,S,34,15833.18,2358.39,17748703.9,83472187.4,428169262
1829.1,S,34,15841.24,2359.76,17748703.9,83472244.3,428169468
1830.1,S,34,15849.93,2361.10,17748703.9,83472244.6,428169472
1831.1,S,34,15858.97,2362.46,17748703.9,83472245.2,428169477
1832.1,S,34,15867.84,2363.66,17748703.9,83472245.4,428169481
1833.1,S,34,15876.40,2364.94,17748703.9,83472310.1,428169695
1834.1,S,34,15885.25,2366.27,17748703.9,83472310.3,428169699
1835.1,S,34,15894.18,2367.61,17748703.9,83472310.8,428169711
1836.1,S,34,15903.00,2368.92,17748703.9,83472311.4,428169720
1837.1,S,34,15911.72,2370.21,17748703.9,83472311.8,428169724
1838.1,S,34,15919.87,2371.47,17748703.9,83472376.4,428169946
1839.1,S,34,15928.62,2372.79,17748703.9,83472376.7,428169957
1840.1,S,42,15939.70,2374.21,17748703.9,83472656.8,428170245
1841.1,S,36,15953.38,2375.92,17748703.9,83472833.2,428170562
1842.1,S,34,15955.37,2376.17,17748703.9,83472938.3,428170973
1843.1,S,34,15956.35,2376.19,17748703.9,83472938.5,428170983
1844.1,S,34,15957.08,2376.29,17748703.9,83472965.8,428171155
1845.1,S,34,15958.06,2376.31,17748703.9,83472966.0,428171165
1846.1,S,34,15959.05,2376.32,17748703.9,83472966.7,428171171
1847.1,S,34,15960.04,2376.34,17748703.9,83472968.0,428171195
1848.1,S,34,15960.79,2376.36,17748703.9,83473032.6,428171430
1849.1,S,34,15961.77,2376.38,17748703.9,83473032.7,428171432
1850.1,S,34,15962.76,2376.39,17748703.9,83473032.9,428171435
1851.1,S,34,15963.75,2376.40,17748703.9,83473034.4,428171461
1852.1,S,34,15964.52,2376.43,17748703.9,83473098.8,428171679
1853.1,S,34,15965.50,2376.44,17748703.9,83473099.0,428171690
1854.1,S,34,15966.49,2376.46,17748703.9,83473099.1,428171690
1855.1,S,34,15967.23,2376.53,17748703.9,83473159.9,428171896
1856.1,S,34,15968.21,2376.54,17748703.9,83473160.5,428171912
1857.1,S,34,15969.19,2376.56,17748703.9,83473161.0,428171913
1858.1,S,34,15970.17,2376.58,17748703.9,83473162.1,428171943
1859.1,S,34,15970.85,2376.60,17748703.9,83473226.6,428172253
1860.1,S,34,15971.85,2376.61,17748703.9,83473226.8,428172257
1861.1,S,34,15972.83,2376.62,17748703.9,83473226.9,428172266
1862.1,S,34,15973.82,2376.64,17748703.9,83473227.8,428172282
1863.1,S,34,15974.61,2376.66,17748703.9,83473292.5,428172479
1864.1,S,34,15975.60,2376.67,17748703.9,83473292.8,428172482
1865.1,S,34,15976.59,2376.69,17748703.9,83473293.4,428172496
1866.1,S,34,15977.57,2376.70,17748703.9,83473293.5,428172503
1867.1,S,34,15978.23,2376.72,17748703.9,83473386.3,428172845
1868.1,S,34,15979.22,2376.74,17748703.9,83473387.5,428172847
1869.1,S,34,15980.21,2376.75,17748703.9,83473387.6,428172848
1870.1,S,34,15981.19,2376.77,17748703.9,83473387.8,428172855
1871.1,S,34,15982.00,2376.79,17748703.9,83473452.3,428173033
1872.1,S,34,15982.99,2376.80,17748703.9,83473483.6,428173107
1873.1,S,34,15983.98,2376.82,17748703.9,83473484.0,428173110
1874.1,S,34,15984.81,2376.84,17748703.9,83473548.7,428173269
1875.1,S,34,15985.80,2376.85,17748703.9,83473548.9,428173271
1876.1,S,34,15986.78,2376.87,17748703.9,83473549.1,428173274
1877.1,S,34,15987.77,2376.88,17748703.9,83473549.3,428173277
1878.1,S,34,15988.61,2376.90,17748703.9,83473613.9,428173436
1879.1,S,34,15989.59,2376.92,17748703.9,83473615.2,428173453
1880.1,S,34,15990.59,2376.93,17748703.9,83473615.4,428173462
1881.1,S,34,15991.55,2376.95,17748703.9,83473628.2,428173490
1882.1,S,34,15992.19,2376.96,17748703.9,83473680.2,428173850
1883.1,S,34,15993.16,2376.98,17748703.9,83473680.9,428173858
1884.1,S,34,15994.15,2377.00,17748703.9,83473681.1,428173872
1885.1,S,34,15995.00,2377.02,17748703.9,83473746.0,428174005
1886.1,S,34,15995.99,2377.03,17748703.9,83473746.2,428174008
1887.1,S,34,15996.97,2377.06,17748703.9,83473746.4,428174010
1888.1,S,34,15997.95,2377.07,17748703.9,83473746.6,428174015
1889.1,S,34,15998.88,2377.10,17748703.9,83473811.1,428174069
1890.1,S,34,15999.87,2377.11,17748703.9,83473811.5,428174072
1891.1,S,34,16000.85,2377.13,17748703.9,83473811.8,428174074
1892.1,S,34,16001.79,2377.15,17748703.9,83473876.4,428174131
1893.1,S,34,16002.69,2377.25,17748703.9,83473879.4,428174139
1894.1,S,34,16003.68,2377.25,17748703.9,83473879.7,428174140
1895.1,S,34,16004.66,2377.28,17748703.9,83473880.2,428174143
1896.1,S,34,16005.58,2377.30,17748703.9,83473945.2,428174202
1897.1,S,34,16006.56,2377.33,17748703.9,83473945.3,428174205
1898.1,S,34,16007.55,2377.34,17748703.9,83473945.5,428174208
1899.1,S,34,16008.53,2377.36,17748703.9,83473945.7,428174210
1900.1,S,34,16009.43,2377.40,17748703.9,83474017.6,428174278
1901.1,S,41,16010.98,2377.41,17748703.9,83474018.4,428174280
1902.1,S,41,16018.88,2377.52,17748703.9,83474018.9,428174283
1903.1,S,41,16026.77,2377.64,17748703.9,83474019.1,428174284
1904.1,S,41,16033.01,2377.79,17748703.9,83474192.3,428174673
1905.1,S,41,16040.56,2377.91,17748703.9,83474303.0,428175025
1906.1,S,41,16048.45,2378.02,17748703.9,83474303.3,428175029
1907.1,S,41,16054.80,2378.18,17748703.9,83474440.0,428175454
1908.1,S,41,16062.26,2378.32,17748703.9,83474624.8,428175699
1909.1,S,41,16069.94,2378.45,17748703.9,83474746.6,428175801
1910.2,S,41,16077.69,2378.58,17748703.9,83474873.9,428175968
1911.2,S,41,16084.01,2378.70,17748703.9,83474994.8,428176458
1912.2,S,41,16090.47,2378.85,17748703.9,83475120.7,428176839
1913.2,S,41,16098.24,2378.97,17748703.9,83475140.1,428176910
1914.2,S,41,16105.99,2379.09,17748703.9,83475184.9,428177056
1915.2,S,41,16110.47,2379.24,17748703.9,83475439.7,428177931
1916.2,S,41,16118.15,2379.36,17748703.9,83475484.5,428178147
1917.2,S,41,16125.94,2379.47,17748703.9,83475529.3,428178275
1918.2,S,41,16133.60,2379.63,17748703.9,83475786.5,428178505
1919.2,S,41,16141.44,2379.76,17748703.9,83475846.4,428178559
1920.2,S,41,16148.08,2379.90,17748703.9,83476033.0,428179169
1921.2,S,41,16154.60,2380.01,17748703.9,83476202.9,428179773
1922.2,S,41,16162.14,2380.15,17748703.9,83476282.7,428180061
1923.2,S,41,16169.84,2380.26,17748703.9,83476332.7,428180271
1924.2,S,41,16177.29,2380.37,17748703.9,83476448.1,428180685
1925.2,S,41,16184.12,2380.51,17748703.9,83476568.2,428181083
1926.2,S,41,16191.39,2380.64,17748703.9,83476750.2,428181709
1927.2,S,41,16198.84,2380.76,17748703.9,83476892.5,428182169
1928.2,S,41,16206.73,2380.87,17748703.9,83476893.1,428182173
1929.2,S,41,16214.42,2381.03,17748703.9,83477124.6,428182384
1930.2,S,41,16222.30,2381.15,17748703.9,83477124.8,428182387
1931.2,S,41,16229.38,2381.30,17748703.9,83477336.6,428182778
1932.2,S,41,16237.27,2381.41,17748703.9,83477336.8,428182780
1933.2,S,41,16243.91,2381.51,17748703.9,83477447.8,428183228
1934.2,S,41,16250.47,2381.66,17748703.9,83477707.4,428184091
1935.2,S,41,16258.19,2381.78,17748703.9,83477772.7,428184272
1936.2,S,41,16265.32,2381.92,17748703.9,83477948.2,428184745
1937.2,S,41,16272.19,2382.04,17748703.9,83478064.4,428185102
1938.2,S,41,16278.53,2382.19,17748703.9,83478227.9,428185613
1939.2,S,41,16286.43,2382.29,17748703.9,83478228.7,428185614
1940.2,S,41,16294.33,2382.39,17748703.9,83478229.2,428185619
1941.2,S,41,16301.55,2382.56,17748703.9,83478495.2,428186114
1942.2,S,41,16309.36,2382.68,17748703.9,83478613.1,428186216
1943.2,S,41,16317.26,2382.79,17748703.9,83478613.2,428186218
1944.2,S,41,16325.00,2382.92,17748703.9,83478742.2,428186370
1945.2,S,41,16332.19,2383.06,17748703.9,83478856.9,428186692
1946.2,S,41,16337.37,2383.19,17748703.9,83479095.5,428187516
1947.3,S,40,16344.24,2383.29,17748703.9,83479160.6,428187696
1948.3,S,40,16350.97,2383.41,17748703.9,83479233.7,428187879
1949.3,S,40,16357.53,2383.51,17748703.9,83479339.2,428188191
1950.3,S,41,16359.64,2383.64,17748703.9,83479733.3,428188886
1951.3,S,34,16361.88,2384.66,17748703.9,83479734.9,428188892
1952.3,S,34,16370.66,2385.99,17748703.9,83479735.6,428188898
1953.3,S,34,16379.58,2387.23,17748703.9,83479735.7,428188900
1954.3,S,34,16388.47,2388.60,17748703.9,83479736.0,428188901
1955.3,S,34,16397.10,2389.95,17748703.9,83479800.8,428188959
1956.3,S,34,16406.03,2391.30,17748703.9,83479801.5,428188964
1957.3,S,34,16414.93,2392.54,17748703.9,83479803.0,428188968
1958.3,S,34,16423.76,2393.88,17748703.9,83479803.3,428188972
1959.3,S,34,16432.68,2395.16,17748703.9,83479803.4,428188975
1960.3,S,34,16441.31,2396.64,17748703.9,83479868.7,428189137
1961.3,S,34,16450.21,2398.10,17748703.9,83479896.9,428189229
1962.3,S,34,16459.03,2399.32,17748703.9,83479897.5,428189234
1963.3,S,34,16467.78,2400.59,17748703.9,83479897.7,428189237
1964.3,S,34,16476.37,2401.93,17748703.9,83479962.4,428189425
1965.3,S,34,16485.06,2403.19,17748703.9,83479962.6,428189433
1966.3,S,34,16490.62,2404.01,17748703.9,83480073.9,428189842
1967.3,S,42,16500.85,2405.21,17748703.9,83480223.4,428190280
1968.3,S,38,16514.33,2406.84,17748703.9,83480353.2,428190679
1969.3,S,34,16523.16,2408.27,17748703.9,83480493.9,428191092
1970.3,S,34,16532.08,2409.68,17748703.9,83480494.2,428191097
1971.4,S,34,16540.76,2411.03,17748703.9,83480494.6,428191106
1972.4,S,34,16549.59,2412.38,17748703.9,83480495.0,428191109
1973.4,S,34,16558.35,2413.76,17748703.9,83480547.1,428191256
1974.4,S,34,16567.03,2415.22,17748703.9,83480569.6,428191401
1975.4,S,34,16575.81,2416.63,17748703.9,83480570.3,428191405
1976.4,S,34,16584.63,2418.04,17748703.9,83480570.5,428191408
1977.4,S,34,16593.32,2419.46,17748703.9,83480570.8,428191412
1978.4,S,34,16602.00,2420.88,17748703.9,83480636.3,428191471
1979.4,S,34,16610.62,2422.30,17748703.9,83480636.9,428191474
1980.4,S,34,16619.35,2423.60,17748703.9,83480637.1,428191476
1981.4,S,34,16628.02,2424.94,17748703.9,83480637.4,428191478
1982.4,S,34,16636.73,2426.33,17748703.9,83480637.6,428191478
1983.4,S,34,16644.99,2427.75,17748703.9,83480702.5,428191534
1984.4,S,42,16654.37,2429.03,17748703.9,83480959.7,428191829
1985.4,S,40,16667.18,2430.61,17748703.9,83481106.2,428192373
1986.4,S,34,16676.63,2432.02,17748703.9,83481199.8,428192650
1987.4,S,34,16685.24,2433.34,17748703.9,83481264.4,428192836
1988.4,S,34,16693.90,2434.71,17748703.9,83481265.3,428192839
1989.4,S,34,16702.67,2436.08,17748703.9,83481266.0,428192844
1990.4,S,34,16711.66,2437.49,17748703.9,83481266.1,428192847
1991.4,S,34,16720.45,2438.81,17748703.9,83481266.4,428192856
1992.4,S,34,16728.40,2439.98,17748703.9,83481331.2,428193071
1993.4,S,34,16737.12,2441.45,17748703.9,83481331.5,428193072
1994.4,S,34,16745.90,2442.74,17748703.9,83481331.8,428193075
1995.4,S,34,16754.62,2444.03,17748703.9,83481332.0,428193079
1996.4,S,34,16763.10,2445.40,17748703.9,83481396.5,428193329
1997.4,S,34,16771.81,2446.75,17748703.9,83481397.0,428193332
1998.4,S,34,16780.52,2448.03,17748703.9,83481397.1,428193333
1999.4,S,34,16789.36,2449.37,17748703.9,83481397.7,428193342
2000.4,S,34,16798.19,2450.66,17748703.9,83481398.2,428193348
2001.4,S,34,16805.96,2451.74,17748703.9,83481501.5,428193635
2002.4,S,42,16809.28,2452.15,17748703.9,83481719.6,428194463
2003.4,S,41,16824.05,2453.84,17748704.0,83481853.5,428194923
2004.4,S,34,16834.31,2455.24,17748704.0,83481959.8,428195292
2005.4,S,34,16843.21,2456.49,17748704.0,83481960.2,428195302
2006.4,S,34,16851.75,2457.90,17748704.0,83482024.8,428195451
2007.4,S,34,16860.53,2459.34,17748704.0,83482025.1,428195454
2008.4,S,34,16869.43,2460.61,17748704.0,83482025.3,428195454
2009.4,S,34,16878.40,2461.92,17748704.0,83482025.5,428195459
2010.4,S,34,16887.15,2463.27,17748704.0,83482090.3,428195519
2011.4,S,34,16896.08,2464.55,17748704.0,83482090.9,428195524
2012.4,S,34,16904.82,2465.98,17748704.0,83482091.1,428195526
2013.4,S,34,16913.77,2467.29,17748704.0,83482091.4,428195528
2014.4,S,34,16922.32,2468.66,17748704.0,83482155.7,428195584
2015.4,S,34,16931.14,2470.07,17748704.0,83482156.5,428195590
2016.4,S,34,16940.11,2471.46,17748704.0,83482156.8,428195593
2017.4,S,34,16948.82,2472.76,17748704.0,83482157.1,428195596
2018.4,S,34,16957.60,2474.04,17748704.0,83482157.3,428195598
2019.4,S,34,16962.57,2474.84,17748704.0,83482476.2,428196084
2020.4,S,41,16976.91,2476.40,17748704.0,83482581.8,428196457
2021.4,S,35,16986.81,2477.60,17748704.0,83482702.5,428196942
2022.4,S,34,16995.68,2478.94,17748704.0,83482719.5,428197054
2023.4,S,34,17004.34,2480.38,17748704.0,83482747.9,428197134
2024.4,S,34,17012.92,2481.96,17748704.0,83482784.0,428197283
2025.4,S,34,17021.67,2483.32,17748704.0,83482784.3,428197286
2026.4,S,34,17030.48,2484.65,17748704.0,83482784.4,428197286
2027.4,S,34,17039.27,2486.03,17748704.0,83482785.4,428197290
2028.4,S,34,17047.75,2487.46,17748704.0,83482850.1,428197521
2029.4,S,34,17056.50,2488.73,17748704.0,83482850.4,428197527
2030.4,S,34,17065.11,2490.10,17748704.0,83482882.9,428197631
2031.4,S,34,17073.77,2491.40,17748704.0,83482883.1,428197634
2032.4,S,34,17082.61,2492.72,17748704.0,83482883.7,428197637
2033.4,S,34,17091.35,2494.08,17748704.0,83482884.0,428197638
2034.4,S,34,17100.26,2495.40,17748704.0,83482884.3,428197642
2035.4,S,34,17108.71,2496.88,17748704.0,83482949.0,428197919
2036.4,S,34,17117.42,2498.18,17748704.0,83482949.2,428197926
2037.4,S,42,17122.22,2498.96,17748704.0,83483245.0,428198464
2038.4,S,41,17138.09,2500.75,17748704.0,83483381.1,428198590
2039.4,S,34,17147.51,2502.07,17748704.0,83483485.3,428198825
2040.4,S,34,17148.50,2502.09,17748704.0,83483485.5,428198827
2041.4,S,34,17149.39,2502.11,17748704.0,83483526.4,428198932
2042.4,S,34,17150.30,2502.11,17748704.0,83483550.3,428199015
2043.4,S,34,17151.28,2502.13,17748704.0,83483550.7,428199018
2044.4,S,34,17152.27,2502.15,17748704.0,83483551.1,428199021
2045.4,S,34,17153.09,2502.17,17748704.0,83483615.7,428199219
2046.4,S,34,17153.96,2502.25,17748704.0,83483633.3,428199262
2047.4,S,34,17154.95,2502.27,17748704.0,83483633.8,428199269
2048.4,S,34,17155.93,2502.29,17748704.0,83483634.4,428199273
2049.4,S,34,17156.92,2502.30,17748704.0,83483634.9,428199278
2050.4,S,34,17157.74,2502.32,17748704.0,83483699.4,428199454
2051.4,S,34,17158.72,2502.34,17748704.0,83483699.6,428199460
2052.4,S,34,17159.71,2502.35,17748704.0,83483699.8,428199462
2053.5,S,34,17160.70,2502.36,17748704.0,83483700.2,428199463
2054.5,S,34,17161.45,2502.39,17748704.0,83483764.7,428199690
2055.5,S,34,17162.37,2502.43,17748704.0,83483779.8,428199726
2056.5,S,34,17163.36,2502.45,17748704.0,83483780.0,428199733
2057.5,S,34,17164.34,2502.47,17748704.0,83483780.2,428199737
2058.5,S,34,17165.28,2502.49,17748704.0,83483806.4,428199798
2059.5,S,34,17166.15,2502.50,17748704.0,83483845.3,428199916
2060.5,S,34,17167.13,2502.52,17748704.0,83483845.8,428199925
2061.5,S,34,17168.11,2502.54,17748704.0,83483846.0,428199927
2062.5,S,34,17168.85,2502.56,17748704.0,83483910.5,428200186
2063.5,S,34,17169.83,2502.57,17748704.0,83483911.0,428200190
2064.5,S,34,17170.82,2502.59,17748704.0,83483911.1,428200192
2065.5,S,34,17171.81,2502.60,17748704.0,83483911.3,428200197
2066.5,S,34,17172.53,2502.62,17748704.0,83483975.9,428200463
2067.5,S,34,17173.52,2502.64,17748704.0,83483976.2,428200468
2068.5,S,34,17174.50,2502.65,17748704.0,83483976.3,428200471
2069.5,S,40,17175.39,2502.71,17748704.0,83484029.2,428200635
2070.5,S,40,17182.28,2502.82,17748704.0,83484029.6,428200636
2071.5,S,40,17189.19,2502.92,17748704.0,83484029.9,428200643
2072.5,S,40,17195.98,2503.02,17748704.0,83484103.3,428200890
2073.5,S,39,17201.79,2503.13,17748704.0,83484248.9,428201418
2074.5,S,34,17202.09,2503.28,17748704.0,83484502.3,428202243
2075.5,S,34,17203.16,2503.33,17748704.0,83484503.1,428202248
2076.5,S,34,17204.23,2503.38,17748704.0,83484503.2,428202250
2077.5,S,34,17205.31,2503.42,17748704.0,83484504.0,428202256
2078.5,S,34,17206.33,2503.47,17748704.0,83484568.6,428202313
2079.5,S,34,17207.41,2503.50,17748704.0,83484568.8,428202315
2080.5,S,34,17208.48,2503.55,17748704.0,83484569.2,428202316
2081.5,S,34,17209.53,2503.61,17748704.0,83484614.1,428202361
2082.5,S,34,17210.63,2503.66,17748704.0,83484614.6,428202364
2083.5,S,34,17211.73,2503.70,17748704.0,83484614.8,428202369
2084.5,S,34,17212.78,2503.74,17748704.0,83484679.4,428202428
2085.5,S,34,17213.89,2503.78,17748704.0,83484680.0,428202432
2086.5,S,34,17215.00,2503.82,17748704.0,83484680.2,428202435
2087.5,S,34,17216.04,2503.89,17748704.0,83484730.0,428202479
2088.5,S,34,17217.17,2503.94,17748704.0,83484730.3,428202482
2089.5,S,34,17218.29,2504.00,17748704.0,83484730.9,428202486
2090.5,S,34,17219.41,2504.05,17748704.0,83484731.1,428202491
2091.5,S,34,17220.46,2504.13,17748704.0,83484796.1,428202552
2092.5,S,34,17221.60,2504.17,17748704.0,83484796.2,428202553
2093.5,S,34,17222.73,2504.22,17748704.0,83484796.4,428202556
2094.5,S,34,17223.77,2504.30,17748704.0,83484844.3,428202648
2095.5,S,34,17224.95,2504.34,17748704.0,83484844.4,428202651
2096.5,S,34,17226.13,2504.39,17748704.0,83484844.7,428202664
2097.5,S,34,17227.28,2504.45,17748704.0,83484845.2,428202667
2098.5,S,34,17228.24,2504.52,17748704.0,83484909.9,428202888
2099.5,S,34,17229.39,2504.58,17748704.0,83484910.4,428202898
2100.5,S,34,17230.56,2504.62,17748704.0,83484910.5,428202898
2101.5,S,34,17231.59,2504.72,17748704.0,83484958.0,428203047
2102.5,S,34,17232.78,2504.80,17748704.0,83484958.2,428203053
2103.5,S,34,17233.99,2504.85,17748704.0,83484958.7,428203055
2104.5,S,34,17235.19,2504.92,17748704.0,83484964.2,428203073
2105.5,S,34,17236.19,2504.97,17748704.0,83485023.8,428203322
2106.5,S,34,17237.40,2505.04,17748704.0,83485048.5,428203408
2107.5,S,34,17238.60,2505.11,17748704.0,83485053.0,428203443
2108.5,S,34,17239.63,2505.19,17748704.0,83485105.8,428203691
2109.5,S,34,17240.88,2505.28,17748704.0,83485105.9,428203697
2110.5,S,34,17242.15,2505.35,17748704.0,83485106.4,428203701
2111.5,S,34,17243.41,2505.43,17748704.0,83485106.6,428203704
2112.5,S,34,17244.41,2505.51,17748704.0,83485171.2,428203993
2113.5,S,34,17245.66,2505.60,17748704.0,83485171.5,428204000
2114.5,S,34,17246.92,2505.68,17748704.0,83485171.9,428204000
2115.5,S,34,17248.08,2505.77,17748704.0,83485219.7,428204153
2116.5,S,41,17255.10,2505.93,17748704.0,83485220.2,428204154
2117.5,S,41,17263.34,2506.13,17748704.0,83485220.4,428204161
2118.5,S,41,17271.43,2506.32,17748704.0,83485259.4,428204293
2119.5,S,41,17278.73,2506.53,17748704.0,83485416.6,428204911
2120.5,S,41,17286.59,2506.74,17748704.0,83485546.3,428205154
2121.5,S,41,17294.63,2506.97,17748704.0,83485665.0,428205257
2122.5,S,41,17302.75,2507.19,17748704.0,83485706.0,428205296
2123.5,S,41,17309.77,2507.41,17748704.0,83485908.3,428205651
2124.5,S,41,17315.27,2507.56,17748704.0,83486060.8,428206210
2125.5,S,41,17322.21,2507.79,17748704.0,83486158.1,428206667
2126.5,S,41,17330.41,2507.96,17748704.0,83486158.2,428206668
2127.5,S,41,17338.04,2508.15,17748704.0,83486306.8,428207249
2128.5,S,41,17343.48,2508.36,17748704.0,83486506.0,428207969
2129.6,S,41,17351.26,2508.56,17748704.0,83486583.2,428208277
2130.6,S,41,17359.42,2508.78,17748704.0,83486583.7,428208279
2131.6,S,41,17366.33,2508.98,17748704.0,83486685.9,428208698
2132.6,S,41,17374.51,2509.17,17748704.0,83486686.8,428208700
2133.6,S,41,17382.38,2509.38,17748704.0,83486845.8,428209038
2134.6,S,41,17390.11,2509.65,17748704.0,83487180.6,428209443
2135.6,S,41,17395.16,2509.83,17748704.0,83487330.0,428210009
2136.6,S,41,17403.34,2510.02,17748704.0,83487330.2,428210017
2137.6,S,41,17411.52,2510.21,17748704.0,83487330.5,428210023
2138.6,S,41,17418.36,2510.43,17748704.0,83487491.3,428210596
2139.6,S,41,17421.21,2510.60,17748704.0,83487756.2,428211597
2140.6,S,41,17428.89,2510.79,17748704.0,83487780.3,428211752
2141.6,S,41,17437.10,2510.97,17748704.0,83487780.5,428211755
2142.6,S,41,17444.36,2511.20,17748704.0,83487951.9,428212423
2143.6,S,41,17451.02,2511.44,17748704.0,83488122.9,428212885
2144.6,S,41,17459.17,2511.64,17748704.0,83488203.1,428212955
2145.6,S,41,17467.41,2511.81,17748704.0,83488203.3,428212958
2146.6,S,41,17475.55,2512.00,17748704.0,83488308.0,428213051
2147.6,S,41,17483.54,2512.24,17748704.0,83488469.0,428213233
2148.6,S,41,17490.30,2512.43,17748704.0,83488699.1,428213887
2149.6,S,41,17498.00,2512.66,17748704.0,83488797.3,428214217
2150.6,S,41,17505.99,2512.87,17748704.0,83488866.1,428214422
2151.6,S,41,17514.12,2513.10,17748704.0,83488882.4,428214471
2152.6,S,41,17521.99,2513.29,17748704.0,83489009.7,428214810
2153.6,S,41,17529.13,2513.50,17748704.0,83489108.7,428215135
2154.6,S,41,17537.27,2513.69,17748704.0,83489109.4,428215136
2155.6,S,41,17544.32,2513.98,17748704.0,83489578.2,428215755
2156.6,S,41,17552.45,2514.18,17748704.0,83489585.5,428215779
2157.6,S,41,17560.19,2514.39,17748704.0,83489724.8,428216211
2158.6,S,40,17567.00,2514.57,17748704.0,83489835.4,428216524
2159.6,S,40,17574.18,2514.77,17748704.0,83489835.6,428216527
2160.6,S,39,17580.28,2514.98,17748704.0,83489971.7,428216925
2161.6,S,38,17581.68,2515.16,17748704.0,83490285.5,428217925
2162.6,S,34,17588.60,2516.93,17748704.0,83490301.0,428217983
2163.6,S,34,17597.05,2518.54,17748704.0,83490302.1,428217993
2164.6,S,34,17605.79,2520.05,17748704.0,83490302.4,428217995
2165.6,S,34,17614.55,2521.45,17748704.0,83490304.0,428218001
2166.6,S,34,17623.24,2522.74,17748704.0,83490310.9,428218028
2167.6,S,34,17631.78,2524.11,17748704.0,83490368.9,428218138
2168.6,S,34,17640.60,2525.56,17748704.0,83490369.6,428218139
2169.6,S,34,17649.00,2526.81,17748704.0,83490491.6,428218243
2170.6,S,34,17657.61,2528.14,17748704.0,83490491.9,428218247
2171.6,S,34,17666.35,2529.55,17748704.0,83490556.8,428218308
2172.6,S,34,17675.10,2530.85,17748704.0,83490557.0,428218311
2173.6,S,34,17683.84,2532.20,17748704.0,83490557.5,428218314
2174.6,S,34,17692.59,2533.54,17748704.0,83490609.8,428218361
2175.6,S,42,17700.94,2534.74,17748704.0,83490697.7,428218466
2176.6,S,41,17714.61,2536.39,17748704.0,83490841.2,428218868
2177.6,S,35,17726.22,2537.89,17748704.0,83490938.0,428219159
2178.6,S,34,17734.78,2539.21,17748704.0,83490938.2,428219160
2179.6,S,34,17743.45,2540.59,17748704.0,83491003.2,428219370
2180.6,S,34,17752.09,2541.92,17748704.0,83491003.6,428219372
2181.6,S,34,17760.76,2543.24,17748704.0,83491004.2,428219376
2182.6,S,34,17769.58,2544.65,17748704.0,83491004.4,428219377
2183.6,S,34,17777.04,2545.84,17748704.0,83491069.1,428219631
2184.6,S,34,17785.67,2547.18,17748704.0,83491069.5,428219634
2185.6,S,34,17794.38,2548.66,17748704.0,83491092.8,428219716
2186.6,S,34,17803.03,2550.12,17748704.0,83491093.2,428219723
2187.6,S,34,17811.67,2551.54,17748704.0,83491093.6,428219725
2188.6,S,34,17820.41,2552.82,17748704.0,83491093.9,428219727
2189.6,S,34,17829.02,2554.19,17748704.0,83491158.5,428219907
2190.6,S,34,17837.83,2555.53,17748704.0,83491159.1,428219916
2191.6,S,34,17846.76,2556.83,17748704.0,83491185.5,428219988
2192.6,S,34,17855.45,2558.30,17748704.0,83491187.9,428220007
2193.6,S,34,17859.53,2558.97,17748704.0,83491365.8,428220601
2194.6,S,42,17866.27,2559.76,17748704.0,83491516.5,428221217
2195.6,S,40,17879.58,2561.37,17748704.0,83491663.1,428221690
2196.6,S,34,17888.53,2562.62,17748704.0,83491757.1,428222105
2197.6,S,34,17897.24,2564.00,17748704.0,83491757.8,428222109
2198.6,S,34,17905.81,2565.45,17748704.0,83491758.1,428222111
2199.6,S,34,17914.53,2566.87,17748704.0,83491822.6,428222167
2200.6,S,34,17923.25,2568.19,17748704.0,83491822.9,428222170
2201.6,S,34,17932.04,2569.51,17748704.0,83491823.2,428222173
2202.6,S,34,17940.79,2570.83,17748704.0,83491823.5,428222177
2203.6,S,34,17949.39,2572.21,17748704.0,83491877.2,428222228
2204.6,S,34,17958.19,2573.55,17748704.0,83491877.5,428222230
2205.6,S,34,17966.82,2574.84,17748704.0,83491877.7,428222233
2206.6,S,34,17975.68,2576.17,17748704.0,83491878.3,428222237
2207.6,S,34,17984.35,2577.51,17748704.0,83491943.0,428222295
2208.6,S,34,17993.19,2578.69,17748704.0,83491943.6,428222299
2209.6,S,34,18002.05,2580.04,17748704.0,83491944.0,428222301
2210.6,S,34,18010.76,2581.26,17748704.0,83491997.3,428222350
2211.6,S,34,18019.55,2582.61,17748704.0,83491997.8,428222353
2212.6,S,42,18027.21,2583.47,17748704.0,83492254.8,428222863
2213.6,S,40,18039.88,2584.98,17748704.0,83492397.4,428223274
2214.6,S,34,18049.11,2586.24,17748704.0,83492495.2,428223753
2215.6,S,34,18057.49,2587.64,17748704.0,83492560.3,428224087
2216.6,S,34,18066.11,2589.12,17748704.0,83492561.2,428224093
2217.6,S,34,18074.81,2590.61,17748704.0,83492581.9,428224167
2218.6,S,34,18083.51,2591.96,17748704.0,83492582.1,428224171
2219.6,S,34,18092.22,2593.37,17748704.0,83492582.6,428224172
2220.6,S,34,18100.91,2594.76,17748704.0,83492583.3,428224184
2221.6,S,34,18109.51,2596.09,17748704.0,83492598.6,428224230
2222.6,S,34,18117.95,2597.51,17748704.0,83492648.3,428224397
2223.6,S,34,18126.69,2598.85,17748704.0,83492648.7,428224404
2224.6,S,34,18135.39,2600.27,17748704.0,83492648.9,428224411
2225.6,S,34,18143.86,2601.82,17748704.0,83492702.5,428224599
2226.6,S,34,18152.52,2603.14,17748704.0,83492702.8,428224599
2227.6,S,34,18161.22,2604.53,17748704.0,83492703.5,428224604
2228.6,S,34,18169.91,2605.89,17748704.0,83492703.7,428224607
2229.6,S,34,18177.19,2606.92,17748704.0,83492755.1,428224795
2230.6,S,34,18177.69,2606.99,17748704.0,83492938.8,428225783
2231.6,S,42,18186.31,2607.96,17748704.0,83493036.4,428226298
2232.6,S,40,18199.50,2609.56,17748704.0,83493198.6,428226852
2233.6,S,34,18209.23,2610.87,17748704.0,83493266.1,428227099
2234.6,S,34,18217.70,2612.28,17748704.0,83493319.4,428227303
2235.6,S,34,18226.45,2613.62,17748704.0,83493320.1,428227313
2236.7,S,34,18235.18,2614.89,17748704.0,83493320.3,428227314
2237.7,S,34,18244.09,2616.15,17748704.0,83493320.6,428227322
2238.7,S,34,18252.85,2617.47,17748704.0,83493321.1,428227326
2239.7,S,34,18261.68,2618.73,17748704.0,83493385.8,428227444
2240.7,S,34,18270.37,2620.19,17748704.0,83493406.3,428227465
2241.7,S,34,18279.23,2621.50,17748704.0,83493406.7,428227470
2242.7,S,34,18287.81,2622.92,17748704.0,83493406.9,428227473
2243.7,S,34,18296.60,2624.28,17748704.0,83493407.4,428227475
2244.7,S,34,18305.34,2625.62,17748704.0,83493472.0,428227529
2245.7,S,34,18314.09,2626.99,17748704.0,83493472.3,428227532
2246.7,S,34,18322.84,2628.44,17748704.0,83493472.5,428227534
2247.7,S,34,18331.55,2629.92,17748704.0,83493473.0,428227539
2248.7,S,42,18340.99,2631.24,17748704.0,83493730.1,428227768
2249.7,S,39,18355.89,2632.99,17748704.0,83493947.3,428227957
2250.7,S,34,18359.77,2633.51,17748704.1,83494034.5,428228035
2251.7,S,34,18360.76,2633.53,17748704.1,83494034.8,428228036
2252.7,S,34,18361.64,2633.61,17748704.1,83494085.6,428228081
2253.7,S,41,18367.29,2633.69,17748704.1,83494086.3,428228084
2254.7,S,41,18375.18,2633.81,17748704.1,83494086.6,428228089
2255.7,S,41,18383.08,2633.91,17748704.1,83494086.8,428228094
2256.7,S,41,18390.76,2634.05,17748704.1,83494346.6,428228320
2257.7,S,41,18398.55,2634.17,17748704.1,83494474.8,428228452
2258.7,S,41,18406.45,2634.28,17748704.1,83494475.8,428228465
2259.7,S,41,18414.12,2634.39,17748704.1,83494526.3,428228622
2260.7,S,41,18419.34,2634.53,17748704.1,83494749.5,428229325
2262.0,S,41,18426.65,2634.67,17748704.1,83494932.0,428230045
2263.0,S,41,18434.40,2634.80,17748704.1,83494969.7,428230186
2264.0,S,41,18442.11,2634.92,17748704.1,83495013.9,428230372
2265.0,S,41,18448.75,2635.05,17748704.1,83495192.6,428231062
2266.0,S,41,18455.55,2635.18,17748704.1,83495390.7,428231822
2267.0,S,41,18463.03,2635.34,17748704.1,83495519.8,428232114
2268.0,S,41,18470.88,2635.45,17748704.1,83495578.0,428232167
2269.0,S,41,18478.68,2635.58,17748704.1,83495693.3,428232269
2270.0,S,41,18486.45,2635.73,17748704.1,83495799.7,428232365
2271.0,S,41,18493.47,2635.85,17748704.1,83495895.6,428232697
2272.0,S,41,18500.39,2635.97,17748704.1,83496096.0,428233466
2273.0,S,41,18507.24,2636.08,17748704.1,83496189.1,428233788
2274.0,S,41,18514.98,2636.18,17748704.1,83496241.9,428233973
2275.0,S,41,18521.96,2636.30,17748704.1,83496425.4,428234630
2276.0,S,41,18529.24,2636.46,17748704.1,83496708.1,428234987
2277.0,S,41,18537.09,2636.59,17748704.1,83496760.9,428235034
2278.0,S,41,18544.95,2636.70,17748704.1,83496808.0,428235078
2279.0,S,41,18552.68,2636.81,17748704.1,83496865.8,428235247
2280.0,S,41,18558.73,2636.97,17748704.1,83497077.2,428235870
2281.0,S,41,18565.21,2637.09,17748704.1,83497237.1,428236524
2282.0,S,41,18572.94,2637.21,17748704.1,83497292.7,428236693
2283.0,S,41,18579.78,2637.35,17748704.1,83497487.9,428237337
2284.0,S,41,18587.49,2637.48,17748704.1,83497545.8,428237521
2285.0,S,41,18594.62,2637.61,17748704.1,83497723.8,428238238
2286.0,S,41,18602.49,2637.72,17748704.1,83497729.7,428238274
2287.0,S,41,18610.38,2637.84,17748704.1,83497730.4,428238280
2288.0,S,41,18617.06,2637.96,17748704.1,83497948.6,428238737
2289.0,S,41,18624.82,2638.10,17748704.1,83498095.7,428238863
2290.0,S,41,18632.44,2638.23,17748704.1,83498246.0,428239145
2291.0,S,41,18639.25,2638.35,17748704.1,83498330.4,428239484
2292.0,S,41,18645.05,2638.49,17748704.1,83498566.8,428240201
2293.0,S,41,18652.84,2638.63,17748704.1,83498590.9,428240279
2294.0,S,41,18660.04,2638.74,17748704.1,83498673.9,428240521
2295.0,S,41,18667.54,2638.86,17748704.1,83498785.7,428240900
2296.0,S,41,18675.08,2638.99,17748704.1,83498893.8,428241251
2297.0,S,41,18682.92,2639.11,17748704.1,83498969.3,428241315
2298.1,S,41,18690.56,2639.29,17748704.1,83499201.1,428241525
2299.1,S,41,18696.76,2639.43,17748704.1,83499395.8,428241962
2300.1,S,40,18703.15,2639.54,17748704.1,83499482.3,428242257
2301.1,S,40,18710.07,2639.62,17748704.1,83499482.5,428242268
2302.1,S,39,18713.89,2639.73,17748704.1,83499671.6,428242984
2303.1,S,34,18714.48,2639.91,17748704.1,83499887.6,428243696
2304.1,S,34,18718.02,2641.12,17748704.1,83499889.6,428243710
2305.1,S,34,18726.74,2642.50,17748704.1,83499889.8,428243713
2306.1,S,34,18735.46,2643.76,17748704.1,83499890.1,428243722
2307.1,S,34,18744.15,2645.03,17748704.1,83499890.3,428243725
2308.1,S,34,18752.58,2646.37,17748704.1,83499953.4,428243931
2309.1,S,34,18761.22,2647.77,17748704.1,83499957.0,428243943
2310.1,S,34,18769.94,2649.06,17748704.1,83499957.3,428243946
2311.1,S,34,18778.81,2650.46,17748704.1,83499957.5,428243947
2312.1,S,34,18787.34,2651.90,17748704.1,83500010.7,428243996
2313.1,S,34,18796.01,2653.18,17748704.1,83500011.0,428244002
2314.1,S,34,18804.95,2654.49,17748704.1,83500011.6,428244002
2315.1,S,34,18813.54,2655.78,17748704.1,83500011.9,428244004
2316.1,S,34,18822.31,2657.20,17748704.1,83500076.6,428244064
2317.1,S,34,18830.94,2658.62,17748704.1,83500076.9,428244065
2318.1,S,34,18839.51,2660.03,17748704.1,83500077.1,428244068
2319.1,S,34,18848.34,2661.36,17748704.1,83500077.7,428244072
2320.1,S,42,18858.82,2662.61,17748704.1,83500305.5,428244293
2321.1,S,40,18869.94,2664.00,17748704.1,83500536.1,428244985
2322.1,S,34,18879.99,2665.44,17748704.1,83500609.8,428245210
2323.1,S,34,18888.54,2666.76,17748704.1,83500609.9,428245212
2324.1,S,34,18897.36,2668.12,17748704.1,83500610.8,428245217
2325.1,S,34,18905.98,2669.48,17748704.1,83500675.7,428245396
2326.1,S,34,18914.63,2670.80,17748704.1,83500685.6,428245437
2327.1,S,34,18923.45,2672.12,17748704.1,83500685.8,428245439
2328.1,S,34,18932.20,2673.42,17748704.1,83500686.1,428245447
2329.1,S,34,18940.88,2674.78,17748704.1,83500686.4,428245450
2330.1,S,34,18948.78,2675.95,17748704.1,83500751.4,428245703
2331.1,S,34,18957.63,2677.20,17748704.1,83500752.0,428245711
2332.1,S,34,18966.30,2678.50,17748704.1,83500752.1,428245712
2333.1,S,34,18975.06,2679.73,17748704.1,83500752.2,428245715
2334.1,S,34,18983.81,2681.00,17748704.1,83500752.5,428245716
2335.1,S,34,18992.55,2682.23,17748704.1,83500817.4,428245925
2336.1,S,34,19001.34,2683.62,17748704.1,83500817.8,428245929
2337.1,S,34,19009.96,2684.96,17748704.1,83500818.1,428245933
2338.1,S,42,19011.31,2685.17,17748704.1,83501075.0,428246865
2339.1,S,41,19023.35,2686.54,17748704.1,83501219.0,428247349
2340.1,S,37,19033.82,2687.83,17748704.1,83501364.4,428247924
2341.1,S,34,19042.77,2689.25,17748704.1,83501384.0,428247973
2342.1,S,34,19051.66,2690.46,17748704.1,83501384.6,428247977
2343.1,S,34,19060.52,2691.67,17748704.1,83501384.9,428247978
2344.1,S,34,19069.42,2693.02,17748704.1,83501425.8,428248012
2345.1,S,34,19078.16,2694.33,17748704.1,83501449.7,428248040
2346.1,S,34,19087.04,2695.62,17748704.1,83501450.5,428248044
2347.1,S,34,19095.62,2696.99,17748704.1,83501450.8,428248047
2348.1,S,34,19104.28,2698.36,17748704.1,83501499.7,428248092
2349.1,S,34,19113.07,2699.65,17748704.1,83501500.1,428248095
2350.1,S,34,19121.75,2701.00,17748704.1,83501500.3,428248097
2351.1,S,34,19130.53,2702.27,17748704.1,83501500.5,428248102
2352.1,S,34,19139.22,2703.76,17748704.1,83501565.3,428248155
2353.1,S,34,19147.95,2705.07,17748704.1,83501565.6,428248159
2354.1,S,34,19156.65,2706.37,17748704.1,83501566.0,428248162
2355.1,S,34,19165.28,2707.81,17748704.1,83501610.8,428248205
2356.1,S,34,19170.24,2708.60,17748704.1,83501835.9,428248667
2357.1,S,41,19183.82,2710.10,17748704.1,83501964.3,428249104
2358.1,S,36,19196.52,2711.68,17748704.1,83502100.6,428249481
2359.1,S,34,19204.92,2713.01,17748704.1,83502137.4,428249598
2360.1,S,34,19213.36,2714.30,17748704.1,83502202.2,428249806
2361.1,S,34,19222.17,2715.69,17748704.1,83502202.5,428249810
2362.1,S,34,19230.94,2717.14,17748704.1,83502203.1,428249812
2363.1,S,34,19239.86,2718.53,17748704.1,83502203.4,428249822
2364.1,S,34,19248.37,2719.83,17748704.1,83502267.9,428250079
2365.1,S,34,19257.11,2721.22,17748704.1,83502268.5,428250083
2366.1,S,34,19265.86,2722.47,17748704.1,83502268.7,428250086
2367.1,S,34,19274.50,2723.90,17748704.1,83502269.3,428250093
2368.1,S,34,19282.90,2725.31,17748704.1,83502322.4,428250275
2369.1,S,34,19291.52,2726.71,17748704.1,83502322.9,428250284
2370.1,S,34,19300.26,2728.11,17748704.1,83502323.1,428250287
2371.1,S,34,19308.96,2729.56,17748704.1,83502323.7,428250291
2372.1,S,34,19317.49,2731.02,17748704.1,83502360.3,428250413
2373.1,S,34,19326.17,2732.30,17748704.1,83502388.8,428250545
2374.1,S,42,19333.37,2733.25,17748704.1,83502645.7,428250910
2375.1,S,39,19348.29,2735.11,17748704.1,83502786.2,428251040
2376.1,S,34,19357.97,2736.52,17748704.1,83502933.3,428251427
2377.1,S,34,19366.52,2738.11,17748704.1,83502934.0,428251433
2378.1,S,34,19375.28,2739.48,17748704.1,83502934.2,428251435
2379.1,S,34,19383.91,2740.80,17748704.1,83502934.4,428251443
2380.1,S,34,19392.33,2742.25,17748704.1,83502999.0,428251652
2381.1,S,34,19401.09,2743.53,17748704.1,83502999.3,428251658
2382.1,S,34,19409.98,2744.93,17748704.1,83502999.6,428251660
2383.1,S,34,19418.88,2746.24,17748704.1,83503000.1,428251663
2384.1,S,34,19427.38,2747.84,17748704.1,83503047.5,428251811
2385.1,S,34,19436.16,2749.07,17748704.1,83503047.8,428251818
2386.1,S,34,19444.94,2750.42,17748704.1,83503048.0,428251819
2387.1,S,34,19453.82,2751.75,17748704.1,83503048.5,428251824
2388.1,S,34,19461.82,2753.03,17748704.1,83503113.7,428252072
2389.1,S,34,19470.87,2754.24,17748704.1,83503113.7,428252073
2390.1,S,34,19479.60,2755.49,17748704.1,83503113.9,428252075
2391.1,S,34,19487.18,2756.74,17748704.1,83503146.4,428252226
2392.1,S,34,19487.19,2756.85,17748704.1,83503400.6,428253199
2393.1,S,41,19500.88,2758.51,17748704.1,83503501.3,428253545
2394.1,S,35,19512.95,2760.23,17748704.1,83503640.3,428253678
2395.1,S,34,19515.42,2760.52,17748704.1,83503658.9,428253698
2396.1,S,34,19516.40,2760.54,17748704.1,83503659.0,428253699
2397.1,S,34,19517.34,2760.56,17748704.1,83503723.7,428253757
2398.1,S,34,19518.32,2760.58,17748704.1,83503724.3,428253764
2399.1,S,34,19519.22,2760.65,17748704.1,83503772.0,428253812
2400.1,S,34,19520.19,2760.68,17748704.1,83503772.4,428253816
2401.1,S,34,19521.18,2760.69,17748704.1,83503772.7,428253820
2402.1,S,34,19522.17,2760.71,17748704.1,83503772.8,428253822
2403.1,S,34,19523.10,2760.73,17748704.1,83503837.8,428253880
2404.1,S,34,19524.08,2760.75,17748704.1,83503838.0,428253883
2405.1,S,34,19525.10,2760.76,17748704.1,83503838.7,428253889
2406.1,S,34,19525.96,2760.80,17748704.1,83503885.9,428254010
2407.1,S,34,19526.94,2760.81,17748704.1,83503886.1,428254012
2408.1,S,34,19527.93,2760.83,17748704.1,83503886.5,428254018
2409.1,S,34,19528.91,2760.85,17748704.1,83503886.7,428254022
2410.1,S,34,19529.65,2760.87,17748704.1,83503951.5,428254271
2411.1,S,34,19530.64,2760.88,17748704.1,83503951.7,428254271
2412.1,S,34,19531.62,2760.90,17748704.1,83503951.8,428254273
2413.1,S,34,19532.49,2760.94,17748704.1,83503999.2,428254373
2414.1,S,34,19533.47,2760.96,17748704.1,83503999.3,428254376
2415.1,S,34,19534.46,2760.97,17748704.1,83503999.5,428254381
2416.1,S,34,19535.29,2761.00,17748704.1,83504064.4,428254533
2417.1,S,34,19536.28,2761.02,17748704.1,83504064.7,428254534
2418.1,S,34,19537.26,2761.04,17748704.1,83504064.8,428254536
2419.1,S,34,19538.10,2761.08,17748704.1,83504112.0,428254664
2420.2,S,41,19540.72,2761.10,17748704.1,83504112.3,428254672
2421.2,S,41,19548.60,2761.21,17748704.1,83504112.9,428254675
2422.2,S,41,19556.51,2761.32,17748704.1,83504140.7,428254753
2423.2,S,41,19564.32,2761.41,17748704.1,83504191.2,428254878
2424.2,S,41,19571.85,2761.57,17748704.1,83504426.1,428255146
2425.2,S,41,19579.64,2761.71,17748704.1,83504593.5,428255300
2426.2,S,41,19587.46,2761.84,17748704.1,83504647.1,428255465
2427.2,S,41,19594.29,2761.98,17748704.1,83504797.2,428256085
2428.2,S,41,19601.71,2762.12,17748704.1,83504922.9,428256562
2429.2,S,41,19608.28,2762.26,17748704.1,83505090.7,428257191
2430.2,S,41,19615.56,2762.39,17748704.1,83505231.8,428257672
2431.2,S,41,19623.11,2762.52,17748704.1,83505341.9,428258027
2432.2,S,41,19630.88,2762.65,17748704.1,83505378.7,428258144
2433.2,S,41,19637.72,2762.77,17748704.1,83505474.1,428258474
2434.2,S,41,19645.13,2762.89,17748704.1,83505676.5,428258991
2435.2,S,41,19652.86,2763.04,17748704.1,83505855.8,428259145
2436.2,S,41,19660.68,2763.17,17748704.1,83505933.7,428259213
2437.2,S,41,19667.96,2763.29,17748704.1,83506009.5,428259469
2438.2,S,41,19674.97,2763.42,17748704.1,83506142.6,428259976
2439.2,S,41,19681.35,2763.53,17748704.1,83506303.2,428260594
2440.2,S,41,19688.19,2763.64,17748704.1,83506410.8,428260962
2441.2,S,41,19695.57,2763.77,17748704.1,83506483.9,428261229
2442.2,S,41,19701.33,2763.88,17748704.1,83506606.6,428261728
2443.2,S,41,19707.19,2763.99,17748704.1,83506739.3,428262311
2444.2,S,41,19714.59,2764.13,17748704.1,83506862.7,428262811
2445.2,S,41,19722.35,2764.25,17748704.1,83506915.4,428262939
2446.2,S,41,19730.13,2764.39,17748704.1,83507038.0,428263048
2447.2,S,41,19737.85,2764.55,17748704.1,83507220.1,428263203
2448.2,S,41,19745.31,2764.69,17748704.1,83507354.9,428263524
2449.2,S,41,19752.89,2764.80,17748704.1,83507451.1,428263867
2450.2,S,41,19760.47,2764.93,17748704.1,83507543.8,428264197
2451.2,S,41,19767.94,2765.04,17748704.1,83507664.5,428264656
2452.2,S,41,19775.82,2765.16,17748704.1,83507665.2,428264659
2453.2,S,41,19781.35,2765.28,17748704.1,83507871.6,428265380
2454.2,S,41,19788.21,2765.42,17748704.1,83508022.7,428266018
2455.2,S,41,19795.72,2765.56,17748704.1,83508132.3,428266406
2456.2,S,41,19803.35,2765.67,17748704.1,83508198.7,428266693
2457.2,S,41,19811.09,2765.81,17748704.1,83508322.2,428266853
2458.2,S,41,19818.84,2765.94,17748704.1,83508503.4,428267013
2459.2,S,41,19826.47,2766.10,17748704.1,83508643.5,428267259
2460.2,S,41,19833.32,2766.22,17748704.1,83508774.3,428267655
2461.2,S,41,19840.41,2766.35,17748704.1,83508952.1,428268175
2462.2,S,41,19848.23,2766.46,17748704.1,83508982.5,428268267
2463.2,S,41,19854.73,2766.56,17748704.1,83509084.2,428268658
2464.2,S,41,19862.44,2766.68,17748704.1,83509136.8,428268856
2465.2,S,41,19868.75,2766.82,17748704.1,83509370.5,428269494
2466.2,S,41,19876.54,2766.95,17748704.1,83509506.9,428269618
2467.2,S,40,19883.89,2767.08,17748704.1,83509648.5,428269747
2468.2,S,40,19890.77,2767.17,17748704.1,83509679.9,428269801
2469.2,S,40,19896.62,2767.29,17748704.1,83509854.7,428270254
2470.2,S,34,19897.79,2767.66,17748704.1,83510065.7,428270849
2471.2,S,34,19903.14,2768.85,17748704.1,83510067.5,428270864
2472.2,S,34,19911.90,2770.17,17748704.1,83510067.9,428270865
2473.2,S,34,19920.61,2771.50,17748704.1,83510068.0,428270866
2474.2,S,34,19929.34,2772.89,17748704.1,83510069.9,428270870
2475.2,S,34,19937.96,2774.33,17748704.1,83510134.4,428271053
2476.2,S,34,19946.64,2775.76,17748704.1,83510134.8,428271056
2477.2,S,34,19955.34,2777.13,17748704.1,83510135.3,428271060
2478.2,S,34,19964.12,2778.64,17748704.1,83510135.6,428271069
2479.2,S,34,19972.96,2780.10,17748704.1,83510135.7,428271071
2480.2,S,34,19981.72,2781.37,17748704.1,83510200.5,428271261
2481.2,S,34,19990.49,2782.71,17748704.1,83510212.0,428271316
2482.2,S,34,19999.30,2784.06,17748704.1,83510212.3,428271324
2483.2,S,34,20008.05,2785.41,17748704.1,83510212.6,428271326
2484.2,S,34,20016.71,2786.80,17748704.1,83510212.9,428271331
2485.2,S,34,20025.35,2788.08,17748704.1,83510277.5,428271546
2486.2,S,42,20029.42,2788.65,17748704.1,83510500.9,428272204
2487.2,S,40,20044.89,2790.54,17748704.1,83510656.5,428272351
2488.2,S,34,20055.93,2792.20,17748704.1,83510740.8,428272432
2489.2,S,34,20064.64,2793.63,17748704.1,83510793.3,428272479
2490.2,S,34,20073.53,2794.99,17748704.1,83510793.8,428272482
2491.2,S,34,20082.35,2796.24,17748704.1,83510794.3,428272486
2492.2,S,34,20091.29,2797.66,17748704.1,83510794.6,428272487
2493.2,S,34,20099.83,2799.10,17748704.1,83510859.1,428272631
2494.2,S,34,20108.52,2800.46,17748704.1,83510859.7,428272634
2495.2,S,34,20117.25,2801.83,17748704.1,83510860.0,428272638
2496.2,S,34,20126.07,2803.23,17748704.1,83510860.3,428272641
2497.2,S,34,20134.49,2804.68,17748704.1,83510912.6,428272798
2498.2,S,34,20143.18,2806.17,17748704.1,83510912.9,428272801
2499.2,S,34,20151.87,2807.45,17748704.1,83510913.4,428272802
2500.2,S,34,20160.53,2808.82,17748704.1,83510913.7,428272804
2501.2,S,34,20169.24,2810.22,17748704.1,83510913.8,428272805
2502.2,S,34,20177.94,2811.53,17748704.1,83510978.7,428273015
2503.2,S,34,20183.89,2812.49,17748704.1,83511081.9,428273356
2504.2,S,42,20190.66,2813.22,17748704.1,83511236.0,428273956
2505.2,S,40,20203.20,2814.93,17748704.1,83511410.7,428274586
2506.2,S,34,20212.93,2816.26,17748704.1,83511528.5,428275146
2507.2,S,34,20221.62,2817.74,17748704.1,83511528.7,428275148
2508.2,S,34,20230.33,2819.12,17748704.1,83511529.4,428275158
2509.2,S,34,20239.07,2820.48,17748704.1,83511529.5,428275160
2510.2,S,34,20247.47,2822.03,17748704.1,83511594.4,428275385
2511.2,S,34,20256.24,2823.42,17748704.1,83511594.6,428275388
2512.2,S,34,20265.08,2824.84,17748704.1,83511594.9,428275397
2513.2,S,34,20273.81,2826.23,17748704.1,83511595.0,428275399
2514.2,S,34,20282.04,2827.81,17748704.1,83511647.3,428275630
2515.2,S,34,20290.74,2829.18,17748704.1,83511647.9,428275632
2516.2,S,34,20299.56,2830.50,17748704.1,83511648.4,428275640
2517.2,S,34,20308.30,2831.82,17748704.1,83511648.6,428275643
2518.2,S,34,20316.84,2833.12,17748704.1,83511699.0,428275829
2519.2,S,34,20325.52,2834.58,17748704.1,83511713.7,428275904
2520.2,S,34,20333.96,2835.95,17748704.1,83511734.1,428275979
2521.2,S,34,20341.58,2837.15,17748704.1,83511776.3,428276120
2522.2,S,41,20352.72,2838.62,17748704.1,83512029.9,428276431
2523.3,S,36,20365.92,2840.38,17748704.1,83512186.8,428276619
2524.3,S,34,20374.75,2841.77,17748704.1,83512295.7,428277040
2525.3,S,34,20383.32,2843.17,17748704.1,83512296.4,428277046
2526.3,S,34,20392.02,2844.54,17748704.1,83512297.1,428277048
2527.3,S,34,20400.67,2845.95,17748704.1,83512297.4,428277052
2528.3,S,34,20409.19,2847.45,17748704.1,83512349.9,428277255
2529.3,S,34,20417.95,2848.88,17748704.1,83512350.2,428277265
2530.3,S,34,20426.68,2850.26,17748704.1,83512350.5,428277268
2531.3,S,34,20435.43,2851.63,17748704.1,83512351.1,428277272
2532.3,S,34,20444.01,2853.00,17748704.1,83512388.0,428277397
2533.3,S,34,20452.56,2854.35,17748704.1,83512416.1,428277511
2534.3,S,34,20461.33,2855.61,17748704.1,83512416.4,428277518
2535.3,S,34,20470.06,2857.00,17748704.1,83512416.6,428277519
2536.3,S,34,20478.68,2858.32,17748704.1,83512468.9,428277741
2537.3,S,34,20487.61,2859.75,17748704.1,83512469.6,428277744
2538.3,S,34,20496.44,2861.10,17748704.1,83512469.8,428277746
2539.3,S,34,20500.06,2861.61,17748704.1,83512646.2,428278383
2540.3,S,41,20510.75,2862.86,17748704.1,83512789.2,428278863
2541.3,S,39,20523.63,2864.37,17748704.1,83512972.4,428279152
2542.3,S,34,20532.67,2865.72,17748704.1,83513032.0,428279213
2543.3,S,34,20541.44,2867.01,17748704.1,83513032.2,428279216
2544.3,S,34,20550.11,2868.50,17748704.1,83513084.5,428279268
2545.3,S,34,20558.90,2869.92,17748704.1,83513084.7,428279271
2546.3,S,34,20567.52,2871.16,17748704.1,83513085.0,428279276
2547.3,S,34,20576.15,2872.52,17748704.1,83513085.2,428279279
2548.3,S,34,20584.76,2873.91,17748704.1,83513088.1,428279285
2549.3,S,34,20593.41,2875.40,17748704.1,83513150.6,428279339
2550.3,S,34,20602.11,2876.68,17748704.1,83513150.9,428279342
2551.3,S,34,20610.82,2878.06,17748704.1,83513151.0,428279345
2552.3,S,34,20619.54,2879.49,17748704.1,83513203.3,428279396
2553.3,S,34,20628.59,2880.74,17748704.1,83513203.6,428279399
2554.3,S,34,20637.48,2881.90,17748704.1,83513204.2,428279402
2555.3,S,34,20646.35,2883.13,17748704.1,83513204.5,428279405
2556.3,S,34,20654.98,2884.44,17748704.1,83513269.2,428279540
2557.3,S,34,20658.69,2885.06,17748704.1,83513460.9,428280165
2558.3,S,41,20669.75,2886.51,17748704.1,83513576.5,428280691
2559.3,S,37,20682.70,2888.20,17748704.1,83513722.8,428281217
2560.3,S,34,20684.15,2888.44,17748704.1,83513818.4,428281622
2561.3,S,34,20685.13,2888.46,17748704.1,83513818.7,428281624
2562.3,S,34,20686.11,2888.48,17748704.1,83513818.9,428281632
2563.3,S,34,20687.09,2888.50,17748704.1,83513819.1,428281633
2564.3,S,34,20687.82,2888.52,17748704.1,83513883.9,428281902
2565.3,S,34,20688.80,2888.54,17748704.1,83513884.5,428281906
2566.3,S,34,20689.78,2888.55,17748704.1,83513884.6,428281908
2567.3,S,34,20690.55,2888.60,17748704.1,83513965.2,428282215
2568.3,S,34,20691.54,2888.61,17748704.1,83513965.3,428282218
2569.3,S,34,20692.52,2888.63,17748704.1,83513965.5,428282223
2570.3,S,34,20693.50,2888.65,17748704.1,83513966.0,428282234
2571.3,S,34,20694.28,2888.67,17748704.1,83514031.0,428282447
2572.3,S,34,20695.27,2888.68,17748704.1,83514031.1,428282454
2573.3,S,34,20696.25,2888.70,17748704.1,83514031.6,428282461
2574.3,S,34,20697.01,2888.75,17748704.1,83514083.4,428282659
2575.3,S,34,20697.99,2888.77,17748704.1,83514083.8,428282665
2576.3,S,34,20698.98,2888.78,17748704.1,83514084.6,428282668
2577.3,S,34,20699.97,2888.79,17748704.1,83514084.8,428282676
2578.3,S,34,20700.73,2888.81,17748704.1,83514149.2,428282907
2579.3,S,34,20701.72,2888.83,17748704.1,83514149.5,428282910
2580.3,S,34,20702.70,2888.84,17748704.1,83514149.8,428282916
2581.3,S,34,20703.69,2888.86,17748704.1,83514150.0,428282924
2582.3,S,34,20704.46,2888.90,17748704.1,83514216.5,428283123
2583.3,S,34,20705.45,2888.91,17748704.1,83514216.8,428283127
2584.3,S,34,20706.44,2888.92,17748704.1,83514217.0,428283131
2585.3,S,34,20707.42,2888.94,17748704.1,83514217.2,428283133
2586.3,S,34,20708.36,2888.96,17748704.1,83514281.8,428283189
2587.3,S,34,20709.35,2888.97,17748704.1,83514282.6,428283192
2588.3,S,34,20710.33,2888.99,17748704.1,83514282.8,428283195
2589.3,S,34,20711.26,2889.01,17748704.1,83514347.4,428283252
2590.3,S,34,20712.25,2889.03,17748704.1,83514375.3,428283277
2591.3,S,34,20713.23,2889.04,17748704.1,83514376.9,428283282
2592.3,S,34,20714.22,2889.06,17748704.1,83514377.0,428283285
2593.3,S,34,20715.15,2889.08,17748704.1,83514442.0,428283344
2594.3,S,34,20716.07,2889.15,17748704.1,83514452.7,428283358
2595.3,S,34,20717.06,2889.16,17748704.1,83514452.9,428283363
2596.3,S,34,20718.04,2889.18,17748704.1,83514453.0,428283366
2597.3,S,34,20718.97,2889.21,17748704.1,83514517.6,428283428
2598.3,S,34,20719.94,2889.23,17748704.1,83514518.4,428283430
2599.3,S,34,20720.93,2889.25,17748704.1,83514518.5,428283434
2600.3,S,34,20721.79,2889.28,17748704.1,83514560.8,428283552
2601.3,S,41,20726.68,2889.34,17748704.1,83514561.0,428283555
2602.3,S,41,20734.58,2889.45,17748704.1,83514561.5,428283558
2603.3,S,41,20742.27,2889.58,17748704.1,83514600.6,428283767
2604.3,S,41,20749.97,2889.70,17748704.1,83514651.3,428283963
2605.3,S,41,20754.77,2889.82,17748705.7,83514855.5,428284655
2606.5,S,41,20762.28,2889.94,17748705.7,83514909.9,428284877
2607.5,S,41,20769.85,2890.06,17748705.7,83515004.1,428285204
2608.5,S,41,20776.83,2890.18,17748705.7,83515168.5,428285838
2609.5,S,41,20784.53,2890.33,17748705.7,83515361.1,428286026
2610.5,S,41,20792.32,2890.47,17748705.7,83515474.6,428286123
2611.5,S,41,20800.20,2890.58,17748705.7,83515509.7,428286157
2612.5,S,41,20807.60,2890.72,17748705.7,83515693.6,428286659
2613.5,S,41,20814.71,2890.85,17748705.7,83515819.5,428287077
2614.5,S,41,20821.27,2890.97,17748705.7,83515975.0,428287645
2615.5,S,41,20828.92,2891.09,17748705.7,83516054.2,428287898
2616.5,S,41,20835.89,2891.22,17748705.7,83516185.6,428288278
2617.5,S,41,20843.01,2891.33,17748705.7,83516285.3,428288695
2618.5,S,41,20850.94,2891.41,17748705.7,83516285.6,428288699
2619.5,S,41,20858.54,2891.54,17748705.7,83516372.8,428288998
2620.5,S,41,20863.66,2891.67,17748705.7,83516569.2,428289738
2621.5,S,41,20871.41,2891.80,17748705.7,83516756.9,428289904
2622.5,S,41,20879.19,2891.92,17748705.7,83516913.8,428290039
2623.5,S,41,20886.32,2892.06,17748705.7,83516993.8,428290214
2624.5,S,41,20893.75,2892.20,17748705.7,83517117.0,428290630
2625.5,S,41,20900.13,2892.33,17748705.7,83517239.7,428291160
2626.5,S,41,20906.33,2892.46,17748705.7,83517403.6,428291796
2627.5,S,41,20914.14,2892.59,17748705.7,83517424.9,428291870
2628.5,S,41,20921.59,2892.72,17748705.7,83517535.4,428292316
2629.5,S,41,20929.04,2892.87,17748705.7,83517750.1,428292636
2630.5,S,41,20936.88,2892.99,17748705.7,83517815.7,428292699
2631.5,S,41,20944.56,2893.14,17748705.7,83517983.9,428292913
2632.5,S,41,20952.26,2893.27,17748705.7,83518032.7,428293103
2633.5,S,41,20958.33,2893.40,17748705.7,83518183.6,428293607
2634.5,S,41,20963.92,2893.54,17748705.7,83518423.7,428294332
2635.5,S,41,20971.81,2893.64,17748705.7,83518431.0,428294357
2636.5,S,41,20979.70,2893.75,17748705.7,83518431.6,428294361
2637.5,S,41,20985.93,2893.86,17748705.7,83518600.1,428294945
2638.5,S,41,20993.50,2894.00,17748705.7,83518698.1,428295267
2639.5,S,41,20999.11,2894.13,17748705.7,83518944.7,428296152
2640.5,S,41,21006.90,2894.23,17748705.7,83519005.6,428296294
2641.5,S,41,21014.72,2894.34,17748705.7,83519106.8,428296388
2642.5,S,41,21022.54,2894.48,17748705.7,83519192.3,428296462
2643.5,S,41,21030.29,2894.63,17748705.7,83519356.8,428296604
2644.5,S,41,21038.16,2894.75,17748705.7,83519362.8,428296621
2645.5,S,41,21045.50,2894.89,17748705.7,83519617.9,428297206
2646.5,S,41,21053.07,2895.03,17748705.7,83519747.0,428297514
2647.5,S,40,21059.63,2895.16,17748705.7,83519929.1,428298114
2648.5,S,40,21066.53,2895.25,17748705.7,83519929.7,428298116
2649.5,S,40,21072.93,2895.38,17748705.7,83520051.2,428298505
2650.5,S,39,21078.19,2895.48,17748705.7,83520230.1,428298980
2651.5,S,34,21081.01,2895.64,17748705.7,83520444.4,428299172
2652.5,S,34,21084.47,2896.72,17748705.7,83520448.0,428299183
2653.5,S,34,21093.20,2898.07,17748705.7,83520448.3,428299184
2654.5,S,34,21101.87,2899.40,17748705.7,83520476.6,428299217
2655.5,S,34,21110.59,2900.77,17748705.7,83520477.0,428299222
2656.5,S,34,21119.20,2902.11,17748705.7,83520541.6,428299291
2657.5,S,34,21127.85,2903.50,17748705.7,83520541.9,428299295
2658.5,S,34,21136.44,2905.08,17748705.7,83520568.0,428299370
2659.5,S,34,21145.14,2906.41,17748705.7,83520568.8,428299373
2660.5,S,34,21153.83,2907.76,17748705.7,83520569.1,428299379
2661.5,S,34,21162.57,2909.11,17748705.7,83520569.4,428299383
2662.5,S,34,21171.16,2910.38,17748705.7,83520627.9,428299558
2663.5,S,34,21179.89,2911.73,17748705.7,83520634.6,428299589
2664.5,S,34,21188.57,2913.15,17748705.7,83520634.7,428299592
2665.5,S,34,21197.24,2914.57,17748705.7,83520635.3,428299596
2666.5,S,34,21205.78,2915.94,17748705.7,83520635.5,428299603
2667.5,S,34,21214.43,2917.31,17748705.7,83520702.8,428299783
2668.5,S,42,21217.02,2917.64,17748705.7,83520930.7,428300578
2669.5,S,41,21231.42,2919.12,17748705.7,83521034.0,428300932
2670.5,S,36,21243.12,2920.70,17748705.7,83521136.4,428301383
2671.5,S,34,21252.03,2922.16,17748705.7,83521209.8,428301609
2672.5,S,34,21260.93,2923.58,17748705.7,83521236.3,428301701
2673.5,S,34,21269.69,2924.98,17748705.7,83521236.6,428301711
2674.5,S,34,21278.54,2926.39,17748705.7,83521236.8,428301714
2675.5,S,34,21287.34,2927.79,17748705.7,83521237.7,428301723
2676.5,S,34,21295.88,2929.29,17748705.7,83521302.3,428301812
2677.5,S,34,21304.60,2930.80,17748705.7,83521302.8,428301815
2678.5,S,34,21313.20,2932.20,17748705.7,83521330.0,428301842
2679.5,S,34,21322.11,2933.60,17748705.7,83521330.3,428301846
2680.5,S,34,21330.84,2935.13,17748705.7,83521331.0,428301847
2681.5,S,34,21339.63,2936.66,17748705.7,83521331.3,428301850
2682.5,S,34,21348.27,2938.04,17748705.7,83521395.9,428301907
2683.5,S,34,21356.94,2939.37,17748705.7,83521396.2,428301911
2684.5,S,34,21365.75,2940.68,17748705.7,83521396.4,428301913
2685.5,S,34,21373.34,2941.94,17748705.7,83521538.6,428302044
2686.5,S,41,21383.23,2943.15,17748705.7,83521753.3,428302497
2687.5,S,37,21395.74,2944.78,17748705.7,83521879.3,428302973
2688.5,S,34,21404.68,2946.10,17748705.7,83521946.9,428303220
2689.5,S,34,21413.53,2947.49,17748705.7,83521947.1,428303223
2690.5,S,34,21422.24,2948.74,17748705.7,83521969.6,428303309
2691.5,S,34,21430.42,2950.10,17748705.7,83522012.3,428303452
2692.5,S,34,21439.16,2951.53,17748705.7,83522012.5,428303457
2693.5,S,34,21447.97,2952.93,17748705.7,83522012.7,428303459
2694.5,S,34,21456.62,2954.27,17748705.7,83522059.5,428303601
2695.5,S,34,21465.52,2955.54,17748705.7,83522059.7,428303608
2696.5,S,34,21474.28,2956.82,17748705.7,83522060.3,428303613
2697.5,S,34,21482.96,2958.18,17748705.7,83522060.9,428303615
2698.5,S,34,21491.45,2959.48,17748705.7,83522125.6,428303831
2699.5,S,34,21500.19,2960.87,17748705.7,83522125.7,428303833
2700.5,S,34,21508.87,2962.27,17748705.7,83522125.9,428303835
2701.5,S,34,21517.70,2963.59,17748705.7,83522126.4,428303846
2702.5,S,34,21526.27,2964.82,17748705.7,83522173.4,428304050
2703.5,S,34,21532.30,2965.67,17748705.7,83522276.1,428304394
2704.5,S,42,21538.91,2966.41,17748705.7,83522430.5,428305001
2705.5,S,40,21550.58,2967.87,17748705.7,83522557.5,428305517
2706.5,S,34,21561.17,2969.50,17748705.7,83522735.1,428305921
2707.5,S,34,21570.05,2970.79,17748705.7,83522735.3,428305922
2708.5,S,34,21578.73,2972.13,17748705.7,83522736.4,428305926
2709.5,S,34,21587.41,2973.46,17748705.7,83522736.7,428305929
2710.5,S,34,21596.09,2974.98,17748705.7,83522783.4,428305970
2711.5,S,34,21604.79,2976.49,17748705.7,83522783.6,428305973
2712.6,S,34,21613.55,2977.85,17748705.7,83522783.8,428305978
2713.6,S,34,21622.27,2979.10,17748705.7,83522784.1,428305980
2714.6,S,34,21631.07,2980.35,17748705.7,83522849.3,428306037
2715.6,S,34,21639.68,2981.71,17748705.7,83522849.4,428306040
2716.6,S,34,21648.53,2983.00,17748705.7,83522849.7,428306045
2717.6,S,34,21657.40,2984.29,17748705.7,83522896.2,428306088
2718.6,S,34,21666.32,2985.66,17748705.7,83522896.5,428306092
2719.6,S,34,21675.08,2986.92,17748705.7,83522897.0,428306095
2720.6,S,34,21683.75,2988.28,17748705.7,83522897.5,428306098
2721.6,S,34,21692.32,2989.56,17748705.7,83522962.1,428306153
2722.6,S,34,21694.61,2989.90,17748705.7,83523210.1,428306943
2723.6,S,41,21706.32,2991.23,17748705.7,83523337.4,428307392
2724.6,S,36,21718.91,2992.81,17748705.7,83523405.1,428307665
2725.6,S,34,21727.08,2994.23,17748705.7,83523505.5,428308033
2726.6,S,34,21735.76,2995.61,17748705.7,83523506.4,428308037
2727.6,S,34,21744.37,2996.92,17748705.7,83523506.6,428308039
2728.6,S,34,21753.29,2998.35,17748705.7,83523506.9,428308043
2729.6,S,34,21761.96,2999.81,17748705.7,83523507.0,428308051
2730.6,S,34,21770.41,3001.09,17748705.7,83523571.6,428308264
2731.6,S,34,21779.17,3002.43,17748705.7,83523572.2,428308272
2732.6,S,34,21788.09,3003.64,17748705.7,83523572.5,428308273
2733.6,S,34,21796.43,3005.12,17748705.7,83523618.9,428308480
2734.6,S,34,21805.22,3006.46,17748705.7,83523619.2,428308485
2735.6,S,34,21814.05,3007.79,17748705.7,83523619.5,428308493
2736.6,S,34,21822.87,3009.12,17748705.7,83523620.2,428308497
2737.6,S,34,21831.38,3010.52,17748705.7,83523642.4,428308626
2738.6,S,34,21839.94,3011.98,17748705.7,83523685.3,428308679
2739.6,S,34,21848.86,3013.35,17748705.7,83523685.5,428308682
2740.6,S,42,21857.14,3014.57,17748705.7,83523981.1,428308952
2741.6,S,40,21870.54,3016.15,17748705.7,83524108.8,428309347
2742.6,S,35,21880.87,3017.51,17748705.7,83524220.2,428309774
2743.6,S,34,21882.34,3017.64,17748705.7,83524221.9,428309792
2744.6,S,34,21883.16,3017.67,17748705.7,83524274.6,428309967
2745.6,S,34,21884.10,3017.68,17748705.7,83524286.7,428310016
2746.6,S,34,21885.09,3017.69,17748705.7,83524286.9,428310024
2747.6,S,34,21885.84,3017.78,17748705.7,83524333.5,428310193
2748.6,S,34,21886.83,3017.79,17748705.7,83524333.8,428310202
2749.6,S,34,21887.81,3017.81,17748705.7,83524334.2,428310205
2750.6,S,34,21888.80,3017.83,17748705.7,83524334.4,428310208
2751.6,S,34,21889.58,3017.85,17748705.7,83524398.9,428310414
2752.6,S,34,21890.57,3017.87,17748705.7,83524399.2,428310421
2753.6,S,34,21891.55,3017.89,17748705.7,83524399.5,428310422
2754.6,S,34,21892.53,3017.90,17748705.7,83524399.7,428310426
2755.6,S,34,21893.32,3017.93,17748705.7,83524464.3,428310624
2756.6,S,34,21894.21,3017.98,17748719.6,83524509.3,428310856
2757.6,S,34,21895.20,3017.99,17748719.6,83524509.4,428310859
2758.6,S,34,21896.18,3018.01,17748719.6,83524510.1,428310865
2759.6,S,34,21897.17,3018.02,17748719.6,83524510.2,428310867
2760.6,S,34,21897.90,3018.05,17748719.6,83524577.0,428311130
2761.6,S,34,21898.89,3018.07,17748719.6,83524578.0,428311143
2762.6,S,34,21899.87,3018.08,17748719.6,83524578.2,428311153
2763.6,S,34,21900.86,3018.09,17748719.6,83524578.5,428311155
2764.6,S,34,21901.56,3018.12,17748719.6,83524643.1,428311442
2765.6,S,34,21902.56,3018.13,17748719.6,83524643.4,428311443
2766.6,S,34,21903.54,3018.15,17748719.6,83524643.8,428311453
2767.6,S,34,21904.20,3018.22,17748719.6,83524687.0,428311738
2768.6,S,34,21905.19,3018.23,17748719.6,83524687.7,428311744
2769.6,S,34,21906.18,3018.24,17748719.6,83524687.8,428311747
2770.6,S,34,21907.16,3018.26,17748719.6,83524688.0,428311755
2771.6,S,34,21907.90,3018.28,17748719.6,83524752.5,428312000
2772.6,S,34,21908.89,3018.30,17748719.6,83524753.0,428312008
2773.6,S,34,21909.88,3018.31,17748719.6,83524753.4,428312010
2774.6,S,34,21910.86,3018.32,17748719.6,83524753.6,428312018
2775.6,S,34,21911.63,3018.35,17748719.6,83524852.2,428312356
2776.6,S,34,21912.62,3018.36,17748719.6,83524852.4,428312361
2777.6,S,34,21913.41,3018.41,17748719.6,83524884.1,428312517
2778.6,S,34,21914.40,3018.43,17748719.6,83524884.9,428312540
2779.6,S,34,21915.38,3018.44,17748719.6,83524885.1,428312544
2780.6,S,34,21916.31,3018.46,17748719.6,83524904.6,428312608
2781.6,S,34,21917.11,3018.48,17748719.6,83524949.8,428312793
2782.6,S,34,21918.10,3018.49,17748719.6,83524949.9,428312796
2783.6,S,34,21919.00,3018.53,17748719.6,83524988.4,428312872
2784.6,S,41,21923.96,3018.59,17748719.6,83524988.5,428312875
2785.6,S,41,21931.86,3018.69,17748719.6,83524989.0,428312877
2786.6,S,41,21939.76,3018.81,17748719.6,83524989.1,428312879
2787.6,S,41,21947.52,3018.95,17748719.6,83525143.7,428313017
2788.6,S,41,21953.93,3019.12,17748719.6,83525462.1,428313614
2789.6,S,41,21961.80,3019.26,17748719.6,83525463.3,428313618
2790.6,S,41,21969.46,3019.38,17748719.6,83525525.0,428313806
2791.6,S,41,21976.52,3019.47,17748719.6,83525608.8,428314044
2792.6,S,41,21982.70,3019.60,17748719.6,83525788.5,428314734
2793.6,S,41,21990.25,3019.73,17748719.6,83525867.9,428315037
2794.6,S,41,21998.16,3019.83,17748719.6,83525868.6,428315047
2795.6,S,41,22005.84,3019.95,17748719.6,83525939.7,428315272
2796.6,S,41,22010.93,3020.09,17748719.6,83526197.9,428316144
2797.6,S,41,22017.35,3020.22,17748719.6,83526492.7,428316901
2798.6,S,41,22025.25,3020.32,17748719.6,83526496.4,428316907
2799.6,S,41,22033.16,3020.43,17748719.6,83526496.6,428316911
2800.6,S,41,22040.73,3020.58,17748719.6,83526735.8,428317118
2801.6,S,41,22047.50,3020.72,17748719.6,83526870.2,428317497
2802.6,S,41,22054.91,3020.84,17748719.6,83527008.2,428317999
2803.6,S,41,22062.44,3020.97,17748719.6,83527112.8,428318379
2804.6,S,41,22069.85,3021.08,17748719.6,83527237.5,428318803
2805.6,S,41,22077.70,3021.20,17748719.6,83527251.5,428318845
2806.6,S,41,22084.18,3021.33,17748719.6,83527432.5,428319526
2807.6,S,41,22091.97,3021.47,17748719.6,83527539.5,428319622
2808.6,S,41,22099.80,3021.59,17748719.6,83527611.5,428319687
2809.6,S,41,22107.54,3021.73,17748719.6,83527730.6,428319794
2810.6,S,41,22114.42,3021.86,17748719.6,83527907.8,428320260
2811.6,S,41,22121.74,3021.99,17748719.6,83528067.9,428320811
2812.6,S,41,22128.19,3022.11,17748719.6,83528181.2,428321267
2813.6,S,41,22134.78,3022.22,17748719.6,83528271.7,428321711
2814.6,S,41,22142.18,3022.35,17748719.6,83528407.9,428322174
2815.6,S,41,22148.99,3022.50,17748719.6,83528576.3,428322797
2816.6,S,41,22155.80,3022.61,17748719.6,83528640.9,428323045
2817.6,S,41,22163.15,3022.73,17748719.6,83528799.8,428323460
2818.6,S,41,22171.01,3022.85,17748719.6,83528848.8,428323504
2819.6,S,41,22178.73,3023.01,17748719.6,83529039.0,428323668
2820.6,S,41,22186.45,3023.15,17748719.6,83529147.2,428323840
2821.6,S,41,22193.12,3023.27,17748719.6,83529248.6,428324233
2822.6,S,41,22200.75,3023.41,17748719.6,83529317.2,428324481
2823.6,S,41,22206.00,3023.53,17748719.6,83529546.0,428325287
2824.6,S,41,22213.39,3023.66,17748719.6,83529626.0,428325579
2825.6,S,41,22220.94,3023.78,17748719.6,83529713.3,428325937
2826.6,S,41,22228.58,3023.88,17748719.6,83529780.9,428326206
2827.6,S,41,22235.61,3024.02,17748719.6,83529951.8,428326804
2828.6,S,41,22241.74,3024.14,17748719.6,83530131.4,428327333
2829.6,S,41,22249.60,3024.26,17748719.6,83530176.9,428327376
2830.6,S,40,22257.26,3024.39,17748719.6,83530290.5,428327475
2831.6,S,40,22263.86,3024.52,17748719.6,83530490.7,428327787
2832.6,S,40,22270.53,3024.62,17748719.6,83530553.0,428328034
2833.7,S,39,22276.08,3024.73,17748719.6,83530702.4,428328556
2834.7,S,36,22278.36,3024.80,17748719.6,83530871.0,428329178
2835.7,S,34,22280.47,3025.79,17748719.6,83530885.2,428329238
2836.7,S,34,22289.18,3027.01,17748719.6,83530886.8,428329254
2837.7,S,34,22298.10,3028.25,17748719.6,83530887.0,428329257
2838.7,S,34,22306.99,3029.61,17748719.6,83530889.0,428329266
2839.7,S,34,22315.57,3030.82,17748719.6,83530889.2,428329269
2840.7,S,34,22323.70,3032.13,17748719.6,83530953.9,428329503
2841.7,S,34,22332.48,3033.56,17748719.6,83530954.3,428329514
2842.7,S,34,22341.13,3034.95,17748719.6,83530954.5,428329517
2843.7,S,34,22349.38,3036.43,17748719.6,83530996.7,428329670
2844.7,S,34,22358.24,3037.80,17748719.6,83530997.1,428329672
2845.7,S,34,22367.00,3039.29,17748719.6,83530997.7,428329674
2846.7,S,34,22375.63,3040.75,17748719.6,83530998.1,428329680
2847.7,S,34,22383.96,3042.08,17748719.6,83531062.8,428329980
2848.7,S,34,22392.80,3043.39,17748719.6,83531062.9,428329982
2849.7,S,34,22401.43,3044.72,17748719.6,83531063.2,428329985
2850.7,S,34,22409.96,3046.06,17748719.6,83531115.2,428330072
2851.7,S,41,22422.13,3047.62,17748719.6,83531439.7,428330390
2852.7,S,36,22434.68,3049.19,17748719.7,83531543.4,428330739
2853.7,S,34,22443.81,3050.53,17748719.7,83531597.4,428330956
2854.7,S,34,22452.55,3052.02,17748719.7,83531597.7,428330963
2855.7,S,34,22460.97,3053.46,17748719.7,83531663.4,428331223
2856.7,S,34,22469.78,3054.77,17748719.7,83531663.6,428331224
2857.7,S,34,22478.57,3056.08,17748719.7,83531663.8,428331225
2858.7,S,34,22487.44,3057.41,17748719.7,83531664.0,428331227
2859.7,S,34,22495.97,3058.69,17748719.7,83531713.6,428331424
2860.7,S,34,22504.12,3060.01,17748719.7,83531729.1,428331499
2861.7,S,34,22512.72,3061.45,17748719.7,83531743.5,428331558
2862.7,S,34,22521.36,3062.87,17748719.7,83531743.8,428331567
2863.7,S,34,22530.08,3064.25,17748719.7,83531744.0,428331569
2864.7,S,34,22538.85,3065.61,17748719.7,83531744.2,428331571
2865.7,S,34,22547.50,3066.96,17748719.7,83531808.7,428331809
2866.7,S,34,22556.04,3068.36,17748719.7,83531809.7,428331814
2867.7,S,34,22564.67,3069.68,17748719.7,83531809.8,428331821
2868.7,S,34,22569.17,3070.28,17748719.7,83531957.7,428332349
2869.7,S,42,22576.77,3071.14,17748719.7,83532151.6,428333156
2870.7,S,39,22589.29,3072.69,17748719.7,83532276.3,428333640
2871.7,S,34,22599.24,3074.22,17748719.7,83532385.8,428334037
2872.7,S,34,22608.11,3075.57,17748719.7,83532386.4,428334039
2873.7,S,34,22617.07,3076.90,17748719.7,83532387.0,428334043
2874.7,S,34,22625.84,3078.32,17748719.7,83532387.1,428334051
2875.7,S,34,22634.43,3079.73,17748719.7,83532451.8,428334133
2876.7,S,34,22643.10,3081.10,17748719.7,83532452.5,428334135
2877.7,S,34,22651.80,3082.36,17748719.7,83532452.9,428334137
2878.7,S,34,22660.22,3083.80,17748719.7,83532494.8,428334177
2879.7,S,34,22669.04,3085.12,17748719.7,83532495.2,428334181
2880.7,S,34,22677.85,3086.44,17748719.7,83532495.4,428334184
2881.7,S,34,22686.59,3087.74,17748719.7,83532495.9,428334186
2882.7,S,34,22695.08,3089.12,17748719.7,83532560.6,428334241
2883.7,S,34,22703.76,3090.54,17748719.7,83532561.2,428334244
2884.7,S,34,22712.44,3091.98,17748719.7,83532561.5,428334246
2885.7,S,34,22721.17,3093.34,17748719.7,83532603.5,428334285
2886.7,S,34,22729.63,3094.73,17748719.7,83532625.0,428334311
2887.7,S,42,22738.41,3095.81,17748719.7,83532867.2,428334781
2888.7,S,39,22750.86,3097.40,17748719.7,83533037.2,428335501
2889.7,S,34,22760.55,3098.87,17748719.7,83533129.4,428335930
2890.7,S,34,22769.10,3100.22,17748719.7,83533193.8,428336153
2891.7,S,34,22777.77,3101.59,17748719.7,83533194.5,428336162
2892.7,S,34,22786.50,3103.04,17748719.7,83533194.7,428336164
2893.7,S,34,22794.86,3104.51,17748719.7,83533236.7,428336344
2894.7,S,34,22803.62,3105.86,17748719.7,83533237.4,428336352
2895.7,S,34,22812.34,3107.24,17748719.7,83533237.5,428336355
2896.7,S,34,22820.99,3108.58,17748719.7,83533238.2,428336361
2897.7,S,34,22829.56,3109.98,17748719.7,83533302.7,428336624
2898.7,S,34,22838.41,3111.24,17748719.7,83533303.0,428336629
2899.7,S,34,22847.09,3112.68,17748719.7,83533303.2,428336638
2900.7,S,34,22855.82,3114.04,17748719.7,83533303.6,428336643
2901.7,S,34,22864.46,3115.28,17748719.7,83533304.0,428336645
2902.7,S,34,22873.16,3116.71,17748719.7,83533368.6,428336894
2903.7,S,34,22881.64,3118.10,17748719.7,83533382.4,428336943
2904.7,S,34,22889.97,3119.29,17748719.7,83533392.0,428336979
2905.7,S,42,22891.31,3119.46,17748719.7,83533639.6,428337924
2906.7,S,41,22905.25,3121.11,17748719.7,83533714.8,428338226
2907.7,S,37,22915.56,3122.49,17748719.7,83533813.5,428338659
2908.7,S,34,22924.16,3123.90,17748719.7,83533944.9,428338980
2909.7,S,34,22932.94,3125.31,17748719.7,83533945.0,428338981
2910.7,S,34,22941.59,3126.74,17748719.7,83533945.3,428338984
2911.7,S,34,22949.91,3128.21,17748719.7,83533987.6,428339158
2912.7,S,34,22958.56,3129.64,17748719.7,83533987.8,428339161
2913.7,S,34,22967.39,3131.08,17748719.7,83533988.3,428339164
2914.7,S,34,22976.13,3132.43,17748719.7,83533988.6,428339175
2915.7,S,34,22984.74,3133.88,17748719.7,83534053.3,428339436
2916.7,S,34,22993.61,3135.25,17748719.7,83534053.6,428339441
2917.7,S,34,23002.42,3136.54,17748719.7,83534054.0,428339444
2918.7,S,34,23011.05,3137.81,17748719.7,83534096.3,428339627
2919.7,S,34,23019.86,3139.15,17748719.7,83534096.6,428339628
2920.7,S,34,23028.64,3140.64,17748719.7,83534096.8,428339637
2921.7,S,34,23037.36,3142.05,17748719.7,83534097.0,428339640
2922.7,S,34,23046.20,3143.45,17748719.7,83534097.3,428339643
2923.7,S,34,23050.57,3144.15,17748719.7,83534332.0,428340326
2924.7,S,42,23061.28,3145.47,17748719.7,83534473.6,428340782
2925.7,S,39,23074.15,3147.34,17748719.7,83534618.3,428341217
2926.7,S,34,23079.37,3148.12,17748719.7,83534700.5,428341582
2927.7,S,34,23080.35,3148.14,17748719.7,83534700.9,428341587
2928.7,S,34,23081.35,3148.14,17748719.7,83534701.3,428341587
2929.7,S,34,23082.34,3148.16,17748719.7,83534701.9,428341595
2930.7,S,34,23083.14,3148.18,17748719.7,83534766.4,428341784
2931.7,S,34,23084.13,3148.19,17748719.7,83534766.6,428341784
2932.7,S,34,23085.11,3148.21,17748719.7,83534766.8,428341793
2933.7,S,34,23086.00,3148.23,17748719.7,83534801.2,428341899
2934.7,S,34,23086.82,3148.31,17748719.7,83534845.4,428342005
2935.7,S,34,23087.80,3148.33,17748719.7,83534846.0,428342007
2936.7,S,34,23088.79,3148.34,17748719.7,83534846.2,428342008
2937.7,S,34,23089.78,3148.35,17748719.7,83534846.3,428342009
2938.7,S,34,23090.70,3148.38,17748719.7,83534910.8,428342069
2939.7,S,34,23091.69,3148.40,17748719.7,83534911.4,428342071
2940.7,S,34,23092.67,3148.42,17748719.7,83534911.9,428342072
2941.7,S,34,23093.65,3148.43,17748719.7,83534912.0,428342074
2942.7,S,34,23094.55,3148.49,17748719.7,83534972.8,428342130
2943.7,S,34,23095.54,3148.50,17748719.7,83534973.2,428342136
2944.7,S,34,23096.53,3148.51,17748719.7,83534973.4,428342139
2945.7,S,34,23097.46,3148.54,17748719.7,83535038.3,428342197
2946.7,S,34,23098.45,3148.55,17748719.7,83535038.9,428342200
2947.8,S,34,23099.43,3148.57,17748719.7,83535039.1,428342205
2948.8,S,34,23100.42,3148.58,17748719.7,83535039.3,428342208
2949.8,S,34,23101.35,3148.60,17748719.7,83535103.9,428342265
2950.8,S,34,23102.33,3148.62,17748719.7,83535104.3,428342269
2951.8,S,34,23103.25,3148.68,17748719.7,83535132.5,428342299
2952.8,S,34,23104.24,3148.69,17748719.7,83535133.1,428342301
2953.8,S,34,23105.23,3148.70,17748719.7,83535133.3,428342306
2954.8,S,34,23106.17,3148.72,17748719.7,83535197.8,428342363
2955.8,S,34,23107.15,3148.74,17748719.7,83535198.0,428342368
2956.8,S,34,23108.13,3148.76,17748719.7,83535198.3,428342370
2957.8,S,34,23109.11,3148.79,17748719.7,83535199.0,428342374
2958.8,S,34,23110.03,3148.82,17748719.7,83535263.4,428342432
2959.8,S,34,23111.02,3148.83,17748719.7,83535296.7,428342461
2960.8,S,34,23112.01,3148.84,17748719.7,83535296.9,428342466
2961.8,S,34,23112.99,3148.86,17748719.7,83535297.3,428342471
2962.8,S,34,23113.93,3148.88,17748719.7,83535361.8,428342527
2963.8,S,34,23114.92,3148.89,17748719.7,83535362.3,428342530
2964.8,S,34,23115.89,3148.92,17748719.7,83535362.4,428342530
2965.8,S,34,23116.82,3148.94,17748719.7,83535427.1,428342589
2966.8,S,34,23117.81,3148.96,17748719.7,83535434.1,428342597
2967.8,S,34,23118.74,3149.01,17748719.7,83535447.3,428342615
2968.8,S,34,23119.73,3149.03,17748719.7,83535447.7,428342618
2969.8,S,34,23120.72,3149.04,17748719.7,83535447.9,428342623
2970.8,S,34,23121.65,3149.06,17748719.7,83535512.3,428342682
2971.8,S,34,23122.63,3149.08,17748719.7,83535512.6,428342685
2972.8,S,34,23123.61,3149.10,17748719.7,83535512.7,428342685
2973.8,S,34,23124.53,3149.15,17748719.7,83535563.1,428342731
2974.8,S,34,23125.50,3149.17,17748719.7,83535563.4,428342734
2975.8,S,34,23126.49,3149.19,17748719.7,83535563.6,428342738
2976.8,S,34,23127.46,3149.21,17748719.7,83535563.8,428342741
2977.8,S,34,23128.32,3149.23,17748719.7,83535628.4,428342874
2978.8,S,34,23129.31,3149.25,17748719.7,83535628.7,428342876
2979.8,S,34,23130.20,3149.29,17748719.7,83535663.5,428342960
2980.8,S,41,23135.34,3149.35,17748719.7,83535663.7,428342962
2981.8,S,41,23143.26,3149.44,17748719.7,83535664.1,428342966
2982.8,S,41,23151.17,3149.54,17748719.7,83535664.3,428342969
2983.8,S,41,23158.35,3149.65,17748719.7,83535708.5,428343110
2984.8,S,41,23165.93,3149.80,17748719.7,83535841.3,428343432
2985.8,S,41,23171.91,3149.95,17748719.7,83536063.0,428344267
2986.8,S,41,23179.43,3150.08,17748719.7,83536185.7,428344656
2987.8,S,41,23186.43,3150.21,17748719.7,83536314.9,428345121
2988.8,S,41,23194.11,3150.36,17748719.7,83536480.6,428345329
2989.8,S,41,23201.97,3150.48,17748719.7,83536540.6,428345383
2990.8,S,41,23209.75,3150.62,17748719.7,83536674.4,428345500
2991.8,S,41,23217.27,3150.74,17748719.7,83536796.3,428345889
2992.8,S,41,23224.04,3150.87,17748719.7,83536883.6,428346248
2993.8,S,41,23229.63,3150.99,17748719.7,83537086.0,428347017
2994.8,S,41,23236.48,3151.11,17748719.7,83537201.8,428347401
2995.8,S,41,23244.03,3151.22,17748719.7,83537303.9,428347770
2996.8,S,41,23251.68,3151.34,17748719.7,83537369.8,428348018
2997.8,S,41,23259.20,3151.49,17748719.7,83537484.6,428348375
2998.8,S,41,23264.43,3151.62,17748719.7,83537686.6,428349035
2999.8,S,41,23272.23,3151.77,17748719.7,83537797.0,428349129
3000.8,S,41,23280.06,3151.88,17748719.7,83537876.1,428349202
3001.8,S,41,23287.88,3152.01,17748719.7,83537974.8,428349286
3002.8,S,41,23294.01,3152.13,17748719.7,83538136.3,428349803
3003.8,S,41,23301.42,3152.25,17748719.7,83538205.4,428350047
3004.8,S,41,23309.10,3152.37,17748719.7,83538270.0,428350283
3005.8,S,41,23316.82,3152.51,17748719.7,83538316.6,428350443
3006.8,S,41,23322.60,3152.66,17748719.7,83538581.8,428351367
3007.8,S,41,23328.80,3152.77,17748719.7,83538749.1,428351993
3008.8,S,41,23336.70,3152.87,17748719.7,83538749.3,428351998
3009.8,S,41,23343.21,3153.01,17748719.7,83538947.4,428352583
3010.8,S,41,23350.61,3153.15,17748719.7,83539135.0,428352949
3011.8,S,41,23358.35,3153.28,17748719.7,83539243.5,428353044
3012.8,S,41,23366.21,3153.40,17748719.7,83539284.5,428353083
3013.8,S,41,23374.02,3153.53,17748719.7,83539388.8,428353175
3014.8,S,41,23381.77,3153.63,17748719.7,83539693.0,428353892
3015.8,S,41,23388.49,3153.72,17748719.7,83539863.5,428354504
3016.8,S,41,23396.10,3153.85,17748721.2,83539899.7,428354664
3017.8,S,41,23403.15,3153.97,17748721.9,83539929.9,428354788
3018.8,S,41,23410.40,3154.08,17748721.9,83540132.7,428355549
3019.8,S,41,23417.98,3154.21,17748721.9,83540265.5,428355716
3020.8,S,41,23425.80,3154.34,17748721.9,83540329.7,428355776
3021.8,S,41,23433.66,3154.46,17748721.9,83540394.3,428355839
3022.8,S,41,23441.52,3154.57,17748722.0,83540442.6,428355882
3023.8,S,41,23447.91,3154.72,17748722.0,83540643.6,428356375
3024.8,S,41,23455.12,3154.85,17748722.0,83540735.7,428356728
3025.8,S,41,23461.88,3154.97,17748722.0,83540861.7,428357201
3026.8,S,41,23468.63,3155.09,17748722.0,83541015.6,428357730
3027.8,S,40,23475.53,3155.19,17748722.0,83541144.6,428358185
3028.8,S,40,23481.88,3155.29,17748722.0,83541233.6,428358543
3029.8,S,40,23488.01,3155.37,17748722.0,83541315.2,428358864
3030.8,S,35,23491.38,3155.48,17748722.0,83541556.8,428359534
3031.8,S,34,23493.95,3156.57,17748722.0,83541589.1,428359568
3032.8,S,34,23502.74,3157.80,17748722.0,83541589.4,428359573
3033.8,S,34,23511.43,3159.11,17748722.0,83541589.5,428359576
3034.8,S,34,23520.07,3160.50,17748722.0,83541591.8,428359583
3035.8,S,34,23528.58,3161.97,17748722.0,83541592.0,428359585
3036.8,S,34,23537.27,3163.38,17748722.0,83541656.8,428359645
3037.8,S,34,23546.02,3164.51,17748722.0,83541656.9,428359646
3038.8,S,34,23554.62,3165.89,17748722.0,83541657.1,428359649
3039.8,S,34,23563.16,3167.32,17748722.0,83541703.2,428359693
3040.8,S,34,23571.99,3168.53,17748722.0,83541703.9,428359697
3041.8,S,34,23580.63,3169.90,17748722.0,83541704.1,428359699
3042.8,S,34,23589.31,3171.31,17748722.0,83541704.3,428359704
3043.8,S,34,23598.01,3172.66,17748722.0,83541768.9,428359761
3044.8,S,34,23606.78,3173.94,17748722.0,83541769.2,428359764
3045.8,S,34,23615.44,3175.29,17748722.0,83541797.8,428359793
3046.8,S,34,23623.86,3176.74,17748722.0,83541833.3,428359828
3047.8,S,42,23631.51,3177.64,17748722.0,83542038.7,428360394
3048.8,S,39,23644.73,3179.33,17748722.0,83542177.3,428360908
3049.8,S,35,23653.18,3180.57,17748722.0,83542296.1,428361465
3050.8,S,34,23661.96,3181.98,17748722.0,83542327.6,428361596
3051.8,S,34,23670.61,3183.49,17748722.0,83542328.5,428361602
3052.8,S,34,23679.27,3184.83,17748722.0,83542328.7,428361605
3053.8,S,34,23688.09,3186.16,17748722.0,83542328.9,428361614
3054.8,S,34,23696.68,3187.48,17748722.0,83542393.7,428361829
3055.8,S,34,23705.47,3188.87,17748722.0,83542394.0,428361834
3056.8,S,34,23713.89,3190.30,17748722.0,83542429.6,428361962
3057.8,S,34,23722.73,3191.65,17748722.0,83542430.5,428361966
3058.8,S,34,23731.42,3192.87,17748722.0,83542430.7,428361971
3059.8,S,34,23740.13,3194.22,17748722.0,83542430.9,428361974
3060.8,S,34,23748.91,3195.62,17748722.0,83542431.1,428361983
3061.8,S,34,23757.49,3196.97,17748722.0,83542495.9,428362247
3062.8,S,34,23766.26,3198.36,17748722.0,83542496.2,428362252
3063.8,S,34,23774.94,3199.68,17748722.0,83542496.6,428362255
3064.8,S,42,23781.50,3200.87,17748722.0,83542791.5,428362631
3065.8,S,41,23797.39,3202.72,17748722.0,83542901.8,428362734
3066.8,S,34,23808.03,3204.07,17748722.0,83543032.1,428363308
3067.9,S,34,23816.83,3205.34,17748722.0,83543032.2,428363311
3068.9,S,34,23825.51,3206.69,17748722.0,83543062.1,428363413
3069.9,S,34,23834.26,3207.99,17748722.0,83543097.4,428363541
3070.9,S,34,23843.03,3209.25,17748722.0,83543097.6,428363546
3071.9,S,34,23851.61,3210.59,17748722.0,83543136.0,428363698
3072.9,S,34,23860.33,3211.82,17748722.0,83543136.4,428363702
3073.9,S,34,23869.15,3213.08,17748722.0,83543136.6,428363709
3074.9,S,34,23877.80,3214.41,17748722.0,83543136.8,428363711
3075.9,S,34,23886.46,3215.76,17748722.0,83543137.2,428363712
3076.9,S,34,23894.77,3216.98,17748722.0,83543202.3,428363947
3077.9,S,34,23903.48,3218.18,17748722.0,83543218.0,428364015
3078.9,S,34,23912.21,3219.42,17748722.0,83543218.4,428364025
3079.9,S,34,23920.78,3220.79,17748722.0,83543218.8,428364034
3080.9,S,34,23929.57,3222.12,17748722.0,83543219.2,428364040
3081.9,S,34,23938.37,3223.50,17748722.0,83543255.6,428364121
3082.9,S,34,23941.45,3224.05,17748722.0,83543541.3,428364926
3083.9,S,42,23956.46,3225.71,17748722.0,83543650.9,428365198
3084.9,S,34,23968.33,3227.36,17748722.0,83543819.2,428365360
3085.9,S,34,23977.01,3228.73,17748722.0,83543819.5,428365362
3086.9,S,34,23986.07,3230.10,17748722.0,83543819.7,428365363
3087.9,S,34,23994.85,3231.55,17748722.0,83543820.3,428365367
3088.9,S,34,24003.50,3233.02,17748722.0,83543845.4,428365389
3089.9,S,34,24012.20,3234.25,17748722.0,83543885.5,428365427
3090.9,S,34,24020.97,3235.48,17748722.0,83543885.7,428365430
3091.9,S,34,24029.61,3236.89,17748722.0,83543924.1,428365465
3092.9,S,34,24038.36,3238.25,17748722.0,83543924.6,428365467
3093.9,S,34,24047.28,3239.60,17748722.0,83543925.1,428365468
3094.9,S,34,24055.99,3240.96,17748722.0,83543925.5,428365471
3095.9,S,34,24064.43,3242.37,17748722.0,83543990.1,428365544
3096.9,S,34,24073.25,3243.75,17748722.0,83543990.3,428365545
3097.9,S,34,24082.02,3245.04,17748722.0,83543990.8,428365553
3098.9,S,34,24090.91,3246.38,17748722.0,83543991.4,428365556
3099.9,S,34,24099.44,3247.60,17748722.0,83544050.5,428365703
3100.9,S,42,24102.81,3248.00,17748722.0,83544295.5,428366524
3101.9,S,42,24116.36,3249.56,17748722.0,83544404.9,428367002
3102.9,S,34,24127.34,3250.97,17748722.0,83544535.4,428367424
3103.9,S,34,24135.86,3252.31,17748722.0,83544600.4,428367631
3104.9,S,34,24144.65,3253.69,17748722.0,83544600.9,428367640
3105.9,S,34,24153.43,3255.01,17748722.0,83544601.1,428367644
3106.9,S,34,24161.97,3256.46,17748722.0,83544639.5,428367775
3107.9,S,34,24170.67,3257.89,17748722.0,83544639.8,428367778
3108.9,S,34,24179.45,3259.21,17748722.0,83544640.0,428367778
3109.9,S,34,24188.19,3260.52,17748722.0,83544640.6,428367781
3110.9,S,34,24196.85,3261.76,17748722.0,83544686.2,428367982
3111.9,S,34,24205.58,3263.10,17748722.0,83544705.6,428368065
3112.9,S,34,24214.63,3264.30,17748722.0,83544705.8,428368068
3113.9,S,34,24223.59,3265.56,17748722.0,83544706.1,428368071
3114.9,S,34,24232.14,3266.84,17748722.0,83544752.8,428368242
3115.9,S,34,24240.93,3268.07,17748722.0,83544753.4,428368245
3116.9,S,34,24249.75,3269.25,17748722.0,83544753.6,428368248
3117.9,S,34,24258.71,3270.47,17748722.0,83544753.8,428368252
3118.9,S,34,24260.20,3270.71,17748722.0,83544971.5,428369122
3119.9,S,42,24273.59,3272.36,17748722.0,83545201.2,428369397
3120.9,S,34,24284.30,3273.71,17748722.0,83545343.9,428369531
3121.9,S,34,24285.16,3273.79,17748722.0,83545382.4,428369607
3122.9,S,34,24286.13,3273.81,17748722.0,83545382.8,428369609
3123.9,S,34,24287.11,3273.84,17748722.0,83545383.0,428369629
3124.9,S,34,24288.10,3273.84,17748722.0,83545383.5,428369632
3125.9,S,34,24288.87,3273.86,17748722.0,83545448.1,428369861
3126.9,S,34,24289.86,3273.87,17748722.0,83545448.9,428369869
3127.9,S,34,24290.69,3273.92,17748722.0,83545487.0,428369998
3128.9,S,34,24291.68,3273.93,17748722.0,83545487.2,428370000
3129.9,S,34,24292.67,3273.94,17748722.0,83545487.3,428370007
3130.9,S,34,24293.65,3273.96,17748722.0,83545487.7,428370010
3131.9,S,34,24294.43,3273.98,17748722.0,83545552.3,428370228
3132.9,S,34,24295.41,3274.00,17748722.0,83545552.6,428370230
3133.9,S,34,24296.22,3274.04,17748722.0,83545590.6,428370385
3134.9,S,34,24297.20,3274.06,17748722.0,83545590.8,428370387
3135.9,S,34,24298.18,3274.08,17748722.0,83545591.0,428370390
3136.9,S,34,24299.16,3274.10,17748722.0,83545591.4,428370391
3137.9,S,34,24299.95,3274.12,17748722.0,83545656.4,428370594
3138.9,S,34,24300.94,3274.14,17748722.0,83545656.6,428370595
3139.9,S,34,24301.92,3274.15,17748722.0,83545656.7,428370602
3140.9,S,34,24302.72,3274.20,17748722.0,83545703.6,428370775
3141.9,S,34,24303.71,3274.21,17748722.0,83545704.1,428370785
3142.9,S,34,24304.70,3274.22,17748722.0,83545704.5,428370787
3143.9,S,34,24305.68,3274.24,17748722.0,83545704.8,428370791
3144.9,S,34,24306.46,3274.27,17748722.0,83545769.3,428370996
3145.9,S,34,24307.44,3274.28,17748722.0,83545769.5,428370998
3146.9,S,34,24308.27,3274.33,17748722.0,83545807.4,428371126
3147.9,S,34,24309.26,3274.35,17748722.0,83545807.7,428371129
3148.9,S,34,24310.24,3274.37,17748722.0,83545808.1,428371130
3149.9,S,34,24311.22,3274.39,17748722.0,83545808.3,428371134
3150.9,S,34,24311.95,3274.41,17748722.0,83545872.8,428371415
3151.9,S,34,24312.93,3274.42,17748722.0,83545873.0,428371420
3152.9,S,34,24313.92,3274.44,17748722.0,83545902.7,428371523
3153.9,S,34,24314.72,3274.49,17748722.0,83545949.9,428371686
3154.9,S,34,24315.70,3274.50,17748722.0,83545950.2,428371693
3155.9,S,34,24316.70,3274.51,17748722.0,83545950.4,428371697
3156.9,S,34,24317.68,3274.53,17748722.0,83545950.6,428371706
3157.9,S,34,24318.46,3274.54,17748722.0,83546015.2,428371924
3158.9,S,34,24319.45,3274.56,17748722.0,83546015.5,428371924
3159.9,S,34,24320.43,3274.58,17748722.0,83546016.1,428371929
3160.9,S,34,24321.41,3274.59,17748722.0,83546016.2,428371936
3161.9,S,34,24322.21,3274.64,17748722.0,83546078.3,428372105
3162.9,S,34,24323.20,3274.66,17748722.0,83546078.5,428372108
3163.9,S,34,24324.18,3274.67,17748722.0,83546078.7,428372112
3164.9,S,34,24325.12,3274.69,17748722.0,83546143.7,428372168
3165.9,S,34,24326.10,3274.71,17748722.0,83546143.9,428372172
3166.9,S,34,24327.09,3274.72,17748722.0,83546144.0,428372172
3167.9,S,34,24328.07,3274.74,17748722.0,83546144.2,428372175
3168.9,S,34,24329.00,3274.77,17748722.0,83546208.7,428372232
3169.9,S,34,24329.99,3274.78,17748722.0,83546209.4,428372236
3170.9,S,34,24330.97,3274.80,17748722.0,83546209.5,428372238
3171.9,S,34,24331.89,3274.85,17748722.0,83546258.0,428372281
3172.9,S,34,24332.87,3274.87,17748722.0,83546258.4,428372285
3173.9,S,34,24333.85,3274.89,17748722.0,83546258.7,428372289
3174.9,S,34,24334.84,3274.90,17748722.0,83546259.0,428372292
3175.9,S,34,24335.77,3274.92,17748722.0,83546323.9,428372351
3176.9,S,34,24336.76,3274.93,17748722.0,83546324.0,428372353
3177.9,S,34,24337.75,3274.94,17748722.0,83546324.2,428372355
3178.9,S,34,24338.68,3274.97,17748722.0,83546388.7,428372409
3179.9,S,34,24339.67,3274.98,17748722.0,83546389.0,428372412
3180.9,S,34,24340.65,3275.00,17748722.0,83546389.4,428372416
3181.9,S,34,24341.64,3275.01,17748722.0,83546389.8,428372419
3182.9,S,34,24342.46,3275.07,17748722.0,83546449.3,428372565
3183.9,S,41,24348.32,3275.16,17748722.0,83546449.9,428372572
3184.9,S,41,24356.22,3275.26,17748722.0,83546450.3,428372583
3185.9,S,41,24364.14,3275.35,17748722.0,83546451.0,428372584
3186.9,S,41,24371.19,3275.47,17748722.0,83546563.7,428373049
3188.1,S,41,24376.16,3275.60,17748722.0,83546859.7,428374176
3189.2,S,41,24383.75,3275.69,17748722.0,83546942.0,428374485
3190.2,S,41,24391.65,3275.80,17748722.0,83546942.2,428374494
3191.2,S,41,24399.16,3275.92,17748722.0,83547051.8,428374899
3192.2,S,41,24406.77,3276.02,17748722.0,83547142.1,428375236
3193.2,S,41,24412.42,3276.13,17748722.0,83547303.4,428375871
3194.2,S,41,24419.96,3276.29,17748722.0,83547526.7,428376239
3195.2,S,41,24427.85,3276.40,17748722.0,83547526.8,428376242
3196.2,S,41,24435.63,3276.53,17748722.0,83547668.9,428376366
3197.2,S,41,24443.15,3276.67,17748722.0,83547789.1,428376743
3198.2,S,41,24450.61,3276.82,17748722.0,83547923.9,428377173
3199.2,S,41,24457.53,3276.93,17748722.0,83548071.8,428377673
3200.2,S,41,24465.03,3277.08,17748722.0,83548178.0,428378065
3201.2,S,41,24472.33,3277.21,17748722.0,83548313.8,428378577
3202.2,S,41,24478.29,3277.33,17748722.0,83548461.0,428379175
3203.2,S,41,24485.63,3277.47,17748722.0,83548550.1,428379524
3204.2,S,41,24492.63,3277.60,17748722.0,83548676.2,428379981
3205.2,S,41,24500.35,3277.73,17748722.0,83548736.1,428380038
3206.2,S,41,24507.38,3277.91,17748722.0,83549030.6,428380285
3207.2,S,41,24515.18,3278.04,17748722.0,83549075.5,428380372
3208.2,S,41,24522.92,3278.15,17748722.0,83549131.4,428380532
3209.2,S,41,24529.78,3278.27,17748722.0,83549284.9,428381078
3210.2,S,41,24536.73,3278.39,17748722.0,83549430.9,428381574
3211.2,S,41,24544.15,3278.51,17748722.0,83549504.4,428381845
3212.2,S,41,24550.31,3278.64,17748722.0,83549705.4,428382580
3213.2,S,41,24557.90,3278.74,17748722.0,83549722.8,428382664
3214.2,S,41,24565.73,3278.87,17748722.0,83549794.6,428382734
3215.2,S,41,24573.44,3279.02,17748722.0,83550017.5,428382928
3216.2,S,41,24581.09,3279.16,17748722.0,83550144.2,428383163
3217.2,S,41,24588.76,3279.30,17748722.0,83550218.0,428383380
3218.2,S,41,24595.44,3279.43,17748722.0,83550364.1,428383878
3219.2,S,41,24602.84,3279.56,17748722.0,83550497.0,428384391
3220.2,S,41,24610.74,3279.67,17748722.0,83550497.8,428384393
3221.2,S,41,24616.89,3279.80,17748722.0,83550708.1,428385241
3222.2,S,41,24623.25,3279.93,17748722.0,83550891.6,428385911
3223.2,S,41,24631.10,3280.04,17748722.0,83550910.1,428385974
3224.2,S,41,24638.99,3280.15,17748722.0,83550910.2,428385977
3225.2,S,41,24645.92,3280.29,17748722.0,83551011.9,428386350
3226.2,S,41,24653.20,3280.41,17748722.0,83551155.8,428386720
3227.2,S,40,24659.90,3280.56,17748722.0,83551519.3,428387153
3228.2,S,40,24666.54,3280.68,17748722.0,83551610.1,428387436
3229.2,S,40,24673.38,3280.79,17748722.0,83551629.4,428387491
3230.2,S,38,24674.45,3280.88,17748722.0,83551888.4,428388492
3231.2,S,34,24677.48,3281.87,17748722.0,83551894.4,428388534
3232.2,S,34,24686.28,3283.21,17748722.0,83551894.7,428388542
3233.2,S,34,24695.11,3284.44,17748722.0,83551895.0,428388547
3234.2,S,34,24703.91,3285.75,17748722.0,83551895.1,428388555
3235.2,S,34,24712.76,3286.97,17748722.0,83551914.7,428388621
3236.2,S,34,24721.08,3288.26,17748722.0,83551960.4,428388794
3237.2,S,34,24729.93,3289.52,17748722.0,83551962.2,428388797
3238.2,S,34,24738.48,3290.96,17748722.0,83551962.4,428388803
3239.2,S,34,24747.48,3292.39,17748722.0,83551962.7,428388804
3240.2,S,34,24756.00,3293.73,17748722.0,83552031.3,428389066
3241.2,S,34,24764.43,3295.12,17748722.0,83552031.9,428389074
3242.2,S,34,24773.21,3296.53,17748722.0,83552032.1,428389075
3243.2,S,34,24781.96,3297.92,17748722.0,83552032.7,428389080
3244.2,S,34,24790.67,3299.24,17748722.0,83552032.9,428389081
3245.2,S,34,24798.93,3300.70,17748722.0,83552097.6,428389361
3246.2,S,34,24807.00,3302.03,17748722.0,83552126.8,428389442
3247.2,S,42,24811.91,3302.63,17748722.0,83552326.3,428390177
3248.2,S,41,24826.15,3304.40,17748722.0,83552450.4,428390544
3249.2,S,34,24836.55,3306.01,17748722.0,83552566.6,428390699
3250.2,S,34,24845.15,3307.52,17748722.0,83552631.1,428390755
3251.2,S,34,24853.86,3308.92,17748722.0,83552631.4,428390760
3252.2,S,34,24862.44,3310.23,17748722.0,83552631.7,428390763
3253.2,S,34,24871.05,3311.72,17748722.0,83552684.0,428390813
3254.2,S,34,24879.80,3313.09,17748722.0,83552684.5,428390816
3255.2,S,34,24888.48,3314.41,17748722.0,83552684.8,428390819
3256.2,S,34,24897.10,3315.81,17748722.0,83552684.9,428390821
3257.2,S,34,24905.65,3317.15,17748722.0,83552735.6,428390867
3258.2,S,34,24914.26,3318.59,17748722.0,83552750.1,428390885
3259.2,S,34,24923.01,3319.85,17748722.0,83552750.6,428390888
3260.2,S,34,24931.70,3321.24,17748722.0,83552784.5,428390922
3261.2,S,34,24940.56,3322.51,17748722.0,83552784.9,428390925
3262.2,S,34,24949.25,3323.84,17748722.0,83552785.6,428390928
3263.2,S,34,24958.02,3325.19,17748722.0,83552785.9,428390933
3264.2,S,34,24966.82,3326.48,17748722.0,83552850.4,428390997
3265.2,S,34,24968.50,3326.70,17748722.0,83553094.0,428391882
3266.2,S,42,24981.61,3328.26,17748722.0,83553213.9,428392401
3267.2,S,35,24993.25,3329.72,17748722.0,83553344.8,428392854
3268.2,S,34,25002.29,3331.12,17748722.0,83553372.6,428392944
3269.2,S,34,25010.90,3332.45,17748722.0,83553372.9,428392946
3270.2,S,34,25019.47,3333.81,17748722.0,83553437.7,428393147
3271.2,S,34,25028.24,3335.14,17748722.0,83553438.0,428393163
3272.2,S,34,25036.99,3336.51,17748722.0,83553438.3,428393166
3273.2,S,34,25045.63,3337.85,17748722.0,83553472.3,428393288
3274.2,S,34,25054.51,3339.06,17748722.0,83553472.5,428393289
3275.2,S,34,25063.24,3340.41,17748722.0,83553472.7,428393294
3276.2,S,34,25071.87,3341.83,17748722.0,83553473.2,428393300
3277.2,S,34,25080.52,3343.06,17748722.0,83553537.9,428393446
3278.2,S,34,25089.33,3344.30,17748722.0,83553538.5,428393450
3279.2,S,34,25098.22,3345.56,17748722.0,83553538.8,428393453
3280.2,S,34,25106.91,3346.84,17748722.0,83553572.5,428393486
3281.2,S,34,25115.78,3348.12,17748722.0,83553573.0,428393488
3282.2,S,34,25124.57,3349.33,17748722.0,83553573.1,428393489
3283.2,S,42,25134.51,3350.60,17748722.0,83553840.2,428393743
3284.2,S,42,25146.67,3352.08,17748722.0,83554063.7,428394282
3285.2,S,34,25156.16,3353.61,17748722.0,83554134.6,428394521
3286.2,S,34,25164.88,3355.00,17748722.0,83554134.8,428394529
3287.2,S,34,25173.51,3356.55,17748722.0,83554167.8,428394632
3288.2,S,34,25182.47,3358.13,17748722.0,83554168.0,428394635
3289.2,S,34,25191.27,3359.45,17748722.0,83554168.6,428394643
3290.2,S,34,25200.11,3360.68,17748722.0,83554168.9,428394647
3291.2,S,34,25208.54,3361.91,17748722.0,83554233.6,428394872
3292.2,S,34,25217.23,3363.33,17748722.0,83554233.7,428394877
3293.2,S,34,25226.02,3364.69,17748722.0,83554234.3,428394879
3294.2,S,34,25234.51,3366.01,17748722.0,83554267.8,428395068
3295.2,S,34,25243.23,3367.31,17748722.0,83554268.4,428395071
3296.2,S,34,25252.11,3368.79,17748722.0,83554268.6,428395072
3297.2,S,34,25260.92,3370.14,17748722.0,83554269.0,428395081
3298.2,S,34,25269.38,3371.41,17748722.0,83554333.5,428395342
3299.2,S,34,25278.10,3372.73,17748722.0,83554334.0,428395352
3300.2,S,34,25283.51,3373.56,17748722.0,83554441.4,428395777
3301.2,S,42,25291.98,3374.61,17748722.0,83554624.7,428396241
3302.2,S,37,25306.90,3376.33,17748722.0,83554813.9,428396419
3303.2,S,34,25310.86,3376.91,17748722.0,83554864.6,428396467
3304.2,S,34,25312.33,3377.03,17748722.0,83554865.1,428396470
3305.2,S,34,25313.81,3377.16,17748722.0,83554865.3,428396473
3306.2,S,34,25315.21,3377.29,17748722.0,83554930.4,428396553
3307.2,S,34,25316.66,3377.41,17748722.0,83554930.7,428396558
3308.2,S,34,25317.93,3377.58,17748722.0,83554964.3,428396663
3309.2,S,34,25319.20,3377.66,17748722.0,83554964.5,428396672
3310.3,S,34,25320.48,3377.74,17748722.0,83554965.0,428396678
3311.3,S,34,25321.77,3377.81,17748722.0,83554965.3,428396685
3312.3,S,34,25322.79,3377.91,17748722.0,83555029.9,428396948
3313.3,S,34,25324.05,3378.01,17748722.0,83555030.2,428396951
3314.3,S,34,25325.22,3378.09,17748722.0,83555062.5,428397068
3315.3,S,34,25326.36,3378.16,17748722.0,83555062.7,428397078
3316.3,S,34,25327.52,3378.22,17748722.0,83555063.1,428397083
3317.3,S,34,25328.68,3378.27,17748722.0,83555063.7,428397089
3318.3,S,34,25329.60,3378.34,17748722.0,83555128.3,428397336
3319.3,S,34,25330.76,3378.40,17748722.0,83555128.6,428397347
3320.3,S,34,25331.84,3378.46,17748722.0,83555153.8,428397437
3321.3,S,34,25332.88,3378.52,17748722.0,83555161.8,428397480
3322.3,S,34,25333.98,3378.55,17748722.0,83555162.4,428397484
3323.3,S,34,25335.07,3378.59,17748722.0,83555162.7,428397496
3324.3,S,34,25336.15,3378.63,17748722.0,83555169.9,428397518
3325.3,S,34,25337.02,3378.68,17748722.0,83555227.5,428397750
3326.3,S,34,25338.09,3378.74,17748722.0,83555227.7,428397754
3327.3,S,34,25339.02,3378.81,17748722.0,83555261.5,428397856
3328.3,S,34,25340.08,3378.84,17748722.0,83555262.2,428397860
3329.3,S,34,25341.14,3378.86,17748722.0,83555262.3,428397861
3330.3,S,34,25342.20,3378.89,17748722.0,83555262.6,428397863
3331.3,S,34,25343.05,3378.94,17748722.0,83555327.1,428398060
3332.3,S,34,25344.09,3378.98,17748722.0,83555356.6,428398161
3333.3,S,34,25344.96,3379.03,17748722.0,83555401.4,428398343
3334.3,S,34,25346.00,3379.05,17748722.0,83555401.6,428398351
3335.3,S,34,25347.02,3379.08,17748722.0,83555401.9,428398358
3336.3,S,34,25348.04,3379.11,17748722.0,83555402.0,428398359
3337.3,S,34,25348.88,3379.16,17748722.0,83555466.6,428398551
3338.3,S,34,25349.91,3379.18,17748722.0,83555467.0,428398555
3339.3,S,34,25350.79,3379.24,17748722.0,83555500.9,428398662
3340.3,S,34,25351.80,3379.26,17748722.0,83555501.1,428398678
3341.3,S,34,25352.82,3379.28,17748722.0,83555501.2,428398680
3342.3,S,34,25353.82,3379.31,17748722.0,83555506.9,428398695
3343.3,S,34,25354.65,3379.32,17748722.0,83555566.1,428398901
3344.3,S,34,25355.66,3379.34,17748722.0,83555566.6,428398903
3345.3,S,34,25356.48,3379.39,17748722.0,83555600.1,428399074
3346.3,S,34,25357.49,3379.41,17748722.0,83555600.3,428399085
3347.3,S,34,25358.51,3379.43,17748722.0,83555629.3,428399206
3348.3,S,34,25359.48,3379.45,17748722.0,83555642.1,428399244
3349.3,S,34,25360.31,3379.47,17748722.0,83555694.3,428399435
3350.3,S,34,25361.32,3379.48,17748722.0,83555695.0,428399440
3351.3,S,34,25362.33,3379.50,17748722.0,83555695.2,428399443
3352.3,S,34,25363.22,3379.54,17748722.0,83555721.8,428399568
3353.3,S,34,25364.02,3379.59,17748722.0,83555769.2,428399750
3354.3,S,34,25365.02,3379.62,17748722.0,83555796.8,428399856
3355.3,S,34,25366.03,3379.64,17748722.0,83555797.4,428399864
3356.3,S,34,25367.03,3379.67,17748722.0,83555797.6,428399869
3357.3,S,34,25367.80,3379.70,17748722.0,83555862.2,428400119
3358.3,S,34,25368.81,3379.72,17748722.0,83555862.3,428400123
3359.3,S,34,25369.82,3379.74,17748722.0,83555862.5,428400133
3360.3,S,34,25370.66,3379.78,17748722.0,83555906.9,428400293
3361.3,S,34,25371.67,3379.80,17748722.0,83555907.1,428400295
3362.3,S,34,25372.67,3379.83,17748722.0,83555907.3,428400300
3363.3,S,34,25373.68,3379.84,17748722.0,83555907.4,428400303
3364.3,S,34,25374.64,3379.87,17748722.0,83555972.7,428400362
3365.3,S,34,25375.65,3379.89,17748722.0,83555973.2,428400368
3366.3,S,34,25376.66,3379.91,17748722.0,83555973.9,428400372
3367.3,S,34,25377.61,3379.94,17748722.0,83556038.4,428400425
3368.3,S,34,25378.62,3379.96,17748722.0,83556038.7,428400428
3369.3,S,34,25379.63,3379.98,17748722.0,83556039.0,428400430
3370.3,S,34,25380.57,3380.04,17748722.0,83556088.6,428400476
3371.3,S,34,25381.58,3380.06,17748722.0,83556089.2,428400478
3372.3,S,34,25382.59,3380.07,17748722.0,83556089.5,428400483
3373.3,S,34,25383.59,3380.10,17748722.0,83556089.6,428400485
3374.3,S,34,25384.54,3380.13,17748722.0,83556154.2,428400544
3375.3,S,34,25385.56,3380.16,17748722.0,83556154.4,428400546
3376.3,S,34,25386.52,3380.19,17748722.0,83556184.9,428400575
3377.3,S,34,25387.53,3380.21,17748722.0,83556185.5,428400580
3378.3,S,34,25388.55,3380.23,17748722.0,83556185.6,428400582
3379.3,S,34,25389.56,3380.25,17748722.0,83556185.8,428400584
3380.3,S,34,25390.52,3380.27,17748722.0,83556250.4,428400639
3381.3,S,34,25391.45,3380.31,17748722.0,83556278.2,428400695
3382.3,S,34,25392.47,3380.33,17748722.0,83556278.7,428400698
3383.3,S,34,25393.48,3380.34,17748722.0,83556279.2,428400713
3384.3,S,34,25394.49,3380.36,17748722.0,83556279.4,428400717
3385.3,S,34,25395.28,3380.39,17748722.0,83556344.0,428400952
3386.3,S,34,25396.29,3380.40,17748722.0,83556344.2,428400961
3387.3,S,34,25397.32,3380.41,17748722.2,83556344.5,428400962
3388.3,S,34,25398.32,3380.43,17748722.2,83556345.1,428400964
3389.3,S,34,25399.19,3380.47,17748722.2,83556368.1,428401113
3390.3,S,34,25400.03,3380.50,17748722.2,83556410.1,428401288
3391.3,S,34,25401.03,3380.52,17748722.2,83556410.4,428401297
3392.3,S,34,25402.04,3380.54,17748722.2,83556437.6,428401391
3393.3,S,34,25402.91,3380.57,17748722.2,83556490.2,428401536
3394.3,S,34,25403.81,3380.65,17748722.2,83556504.6,428401593
3395.3,S,34,25404.81,3380.68,17748722.2,83556504.9,428401597
3396.3,S,34,25405.81,3380.70,17748722.2,83556505.0,428401603
3397.3,S,34,25406.81,3380.73,17748722.2,83556510.8,428401617
3398.3,S,34,25407.59,3380.76,17748722.2,83556570.1,428401844
3399.3,S,34,25408.55,3380.81,17748722.2,83556597.6,428401874
3400.3,S,34,25409.56,3380.82,17748722.2,83556597.8,428401876
3401.3,S,34,25410.57,3380.85,17748722.2,83556598.1,428401881
3402.3,S,34,25411.57,3380.88,17748722.2,83556598.2,428401883
3403.3,S,34,25412.53,3380.90,17748722.2,83556662.8,428401942
3404.3,S,34,25413.54,3380.92,17748722.2,83556663.2,428401945
3405.3,S,34,25414.56,3380.93,17748722.2,83556663.8,428401950
3406.3,S,34,25415.57,3380.95,17748722.2,83556663.9,428401953
3407.3,S,34,25416.52,3380.99,17748722.2,83556728.6,428402011
3408.3,S,34,25417.53,3381.00,17748722.2,83556728.7,428402014
3409.3,S,34,25418.54,3381.02,17748722.2,83556729.2,428402018
3410.3,S,34,25419.46,3381.09,17748722.2,83556783.6,428402080
3411.3,S,41,25424.23,3381.17,17748722.2,83556783.8,428402083
3412.3,S,41,25432.15,3381.29,17748722.2,83556784.2,428402085
3413.3,S,41,25440.08,3381.39,17748722.2,83556784.4,428402089
3414.3,S,41,25447.94,3381.53,17748722.2,83556834.3,428402133
3415.3,S,41,25453.64,3381.65,17748722.2,83557054.7,428402706
3416.5,S,41,25460.41,3381.80,17748722.2,83557237.7,428403322
3417.5,S,41,25467.61,3381.92,17748722.2,83557329.5,428403612
3418.5,S,41,25475.34,3382.07,17748722.2,83557383.7,428403780
3419.6,S,41,25481.17,3382.19,17748722.2,83557536.1,428404395
3420.6,S,41,25487.55,3382.31,17748722.2,83557674.1,428404957
3421.6,S,41,25495.41,3382.43,17748722.2,83557695.9,428405023
3422.6,S,41,25503.00,3382.58,17748722.2,83557784.4,428405338
3423.6,S,41,25510.34,3382.72,17748722.2,83558019.8,428405872
3424.6,S,41,25518.11,3382.86,17748722.2,83558220.7,428406044
3425.6,S,41,25526.01,3382.98,17748722.2,83558230.6,428406054
3426.6,S,41,25533.16,3383.12,17748722.2,83558376.1,428406483
3427.6,S,41,25540.60,3383.25,17748722.2,83558459.7,428406819
3428.6,S,41,25547.97,3383.40,17748722.2,83558607.8,428407368
3429.6,S,41,25555.68,3383.52,17748722.2,83558680.3,428407593
3430.6,S,41,25563.25,3383.67,17748722.2,83558753.3,428407806
3431.6,S,41,25568.71,3383.80,17748722.2,83558925.9,428408540
3432.6,S,41,25576.19,3383.93,17748722.2,83559038.4,428408968
3433.6,S,41,25583.87,3384.08,17748722.2,83559078.6,428409092
3434.6,S,41,25589.92,3384.20,17748722.2,83559286.0,428409783
3435.6,S,41,25597.65,3384.37,17748722.2,83559507.0,428409967
3436.6,S,41,25605.52,3384.49,17748722.2,83559570.5,428410025
3437.6,S,41,25613.16,3384.62,17748722.2,83559661.6,428410307
3438.6,S,41,25620.68,3384.76,17748722.2,83559798.5,428410675
3439.6,S,41,25628.40,3384.91,17748722.2,83559854.4,428410856
3440.6,S,41,25634.98,3385.06,17748722.2,83560048.7,428411428
3441.6,S,41,25642.83,3385.18,17748722.2,83560071.3,428411507
3442.6,S,41,25649.20,3385.29,17748722.2,83560254.5,428412174
3443.6,S,41,25657.12,3385.40,17748722.2,83560254.6,428412176
3444.6,S,41,25663.14,3385.54,17748722.2,83560462.7,428412934
3445.6,S,41,25669.13,3385.67,17748722.2,83560627.6,428413608
3446.6,S,41,25676.91,3385.81,17748722.2,83560765.2,428413763
3447.6,S,41,25684.78,3385.93,17748722.2,83560833.8,428413823
3448.6,S,41,25692.54,3386.09,17748722.2,83560989.6,428413962
3449.6,S,41,25700.16,3386.23,17748722.2,83561106.1,428414261
3450.6,S,41,25708.09,3386.34,17748722.2,83561106.7,428414266
3451.6,S,41,25715.04,3386.48,17748722.2,83561260.9,428414798
3452.6,S,41,25722.79,3386.59,17748722.2,83561291.6,428414959
3453.6,S,41,25728.53,3386.71,17748722.2,83561413.0,428415475
3454.6,S,41,25731.49,3386.89,17748722.2,83561779.2,428416476
3455.6,S,40,25738.10,3386.99,17748722.2,83561864.9,428416561
3456.6,S,40,25745.03,3387.09,17748722.2,83561865.1,428416561
3457.6,S,39,25751.10,3387.21,17748722.2,83562025.4,428416700
3458.6,S,36,25753.51,3387.27,17748722.2,83562155.2,428417152
3459.6,S,34,25756.65,3388.16,17748722.2,83562244.5,428417484
3460.6,S,34,25765.09,3389.86,17748722.2,83562246.4,428417497
3461.6,S,34,25773.91,3391.12,17748722.2,83562251.0,428417517
3462.6,S,34,25782.49,3392.45,17748722.2,83562251.3,428417519
3463.6,S,34,25791.25,3393.70,17748722.2,83562251.4,428417526
3464.6,S,34,25799.83,3395.10,17748722.2,83562297.1,428417740
3465.6,S,34,25808.32,3396.54,17748722.2,83562318.1,428417818
3466.6,S,34,25816.33,3397.81,17748722.2,83562353.9,428417948
3467.6,S,34,25825.17,3399.28,17748722.2,83562354.0,428417951
3468.6,S,34,25833.67,3400.69,17748722.2,83562398.6,428418079
3469.6,S,34,25842.34,3401.98,17748722.2,83562398.9,428418081
3470.6,S,34,25851.21,3403.36,17748722.2,83562399.6,428418084
3471.6,S,34,25858.99,3404.52,17748722.2,83562452.4,428418239
3472.6,S,34,25867.54,3405.74,17748722.2,83562517.1,428418505
3473.6,S,34,25876.35,3407.00,17748722.2,83562517.5,428418508
3474.6,S,34,25880.69,3407.69,17748722.2,83562654.5,428419029
3475.6,S,42,25893.39,3409.23,17748722.2,83562739.6,428419348
3476.6,S,36,25905.64,3410.76,17748722.2,83562902.4,428420020
3477.6,S,34,25914.24,3412.22,17748722.2,83562911.9,428420059
3478.6,S,34,25922.84,3413.60,17748722.2,83562912.1,428420062
3479.6,S,34,25931.62,3414.97,17748722.2,83562976.7,428420278
3480.6,S,34,25940.26,3416.29,17748722.2,83562976.9,428420284
3481.6,S,34,25949.05,3417.62,17748722.2,83562997.4,428420347
3482.6,S,34,25957.70,3419.14,17748722.2,83563008.2,428420389
3483.6,S,34,25966.34,3420.54,17748722.2,83563008.5,428420396
3484.6,S,34,25974.99,3421.99,17748722.2,83563008.8,428420400
3485.6,S,34,25983.71,3423.27,17748722.2,83563009.1,428420413
3486.6,S,34,25992.46,3424.62,17748722.2,83563073.9,428420504
3487.6,S,34,26001.13,3426.00,17748722.2,83563102.8,428420539
3488.6,S,34,26009.88,3427.51,17748722.2,83563133.1,428420570
3489.6,S,34,26018.52,3428.92,17748722.2,83563133.4,428420572
3490.6,S,34,26027.12,3430.25,17748722.2,83563133.6,428420574
3491.6,S,34,26035.79,3431.56,17748722.2,83563133.7,428420577
3492.6,S,42,26045.09,3432.90,17748722.2,83563455.6,428420991
3493.6,S,41,26058.19,3434.42,17748722.2,83563590.2,428421541
3494.6,S,34,26067.11,3435.63,17748722.2,83563695.6,428421916
3495.6,S,34,26075.53,3437.13,17748722.2,83563725.0,428422073
3496.6,S,34,26084.21,3438.47,17748722.2,83563725.2,428422082
3497.6,S,34,26092.88,3439.81,17748722.2,83563726.3,428422087
3498.6,S,34,26101.62,3441.26,17748722.2,83563726.5,428422090
3499.6,S,34,26109.46,3442.45,17748722.2,83563791.2,428422352
3500.6,S,34,26118.41,3443.72,17748722.2,83563791.5,428422360
3501.6,S,34,26127.08,3444.97,17748722.2,83563791.7,428422364
3502.6,S,34,26135.85,3446.31,17748722.2,83563792.0,428422367
3503.6,S,34,26144.55,3447.59,17748722.2,83563792.7,428422377
3504.6,S,34,26152.57,3448.97,17748722.2,83563857.3,428422631
3505.6,S,34,26161.15,3450.47,17748722.2,83563857.6,428422634
3506.6,S,34,26170.00,3451.91,17748722.2,83563857.7,428422637
3507.6,S,34,26178.77,3453.26,17748722.2,83563858.0,428422647
3508.6,S,34,26187.19,3454.70,17748722.2,83563923.0,428422883
3509.6,S,34,26195.80,3456.20,17748722.2,83563931.5,428422933
3510.6,S,34,26200.36,3456.90,17748722.2,83564064.5,428423453
3511.6,S,42,26208.59,3457.89,17748722.2,83564194.2,428423970
3512.6,S,40,26220.23,3459.24,17748722.2,83564340.9,428424537
3513.6,S,34,26230.37,3460.74,17748722.2,83564428.7,428424619
3514.6,S,34,26238.88,3462.13,17748722.2,83564494.2,428424679
3515.6,S,34,26247.46,3463.51,17748722.2,83564494.6,428424680
3516.6,S,34,26256.17,3464.83,17748722.2,83564494.9,428424681
3517.6,S,34,26264.96,3466.29,17748722.2,83564539.6,428424721
3518.6,S,34,26273.63,3467.70,17748722.2,83564539.9,428424723
3519.6,S,34,26282.38,3468.92,17748722.2,83564540.4,428424726
3520.6,S,34,26290.92,3470.21,17748722.2,83564541.2,428424732
3521.6,S,34,26299.75,3471.55,17748722.2,83564605.7,428424789
3522.6,S,34,26308.51,3472.84,17748722.2,83564606.0,428424793
3523.6,S,34,26317.44,3474.13,17748722.2,83564606.2,428424795
3524.6,S,34,26326.26,3475.39,17748722.2,83564606.4,428424799
3525.6,S,34,26335.13,3476.75,17748722.2,83564671.5,428424859
3526.6,S,34,26343.95,3477.92,17748722.2,83564672.0,428424864
3527.6,S,34,26352.58,3479.21,17748722.2,83564672.1,428424866
3528.6,S,34,26360.61,3480.42,17748722.2,83564735.2,428425007
3529.6,S,42,26365.10,3480.98,17748722.2,83564963.9,428425745
3530.6,S,42,26377.72,3482.45,17748722.2,83565098.8,428426264
3531.6,S,34,26388.93,3484.03,17748722.2,83565204.4,428426629
3532.6,S,34,26397.63,3485.43,17748722.2,83565212.8,428426653
3533.6,S,34,26406.44,3486.84,17748722.2,83565269.8,428426845
3534.6,S,34,26415.23,3488.06,17748722.2,83565269.9,428426848
3535.6,S,34,26424.04,3489.47,17748722.2,83565270.4,428426857
3536.6,S,34,26432.90,3490.81,17748722.2,83565270.7,428426859
3537.7,S,34,26441.28,3492.24,17748722.2,83565331.4,428427085
3538.7,S,34,26449.99,3493.56,17748722.2,83565331.7,428427092
3539.7,S,34,26458.68,3494.90,17748722.2,83565332.0,428427095
3540.7,S,34,26467.44,3496.19,17748722.2,83565332.1,428427097
3541.7,S,34,26476.48,3497.45,17748722.2,83565335.3,428427105
3542.7,S,34,26485.11,3498.80,17748722.2,83565397.7,428427307
3543.7,S,34,26493.94,3500.21,17748722.2,83565397.9,428427312
3544.7,S,34,26502.78,3501.63,17748722.2,83565426.0,428427344
3545.7,S,34,26511.62,3502.98,17748722.2,83565426.3,428427348
3546.7,S,42,26519.16,3504.07,17748722.2,83565683.2,428427578
3547.7,S,40,26534.47,3505.86,17748722.2,83565818.4,428427766
3548.7,S,34,26543.33,3507.08,17748722.2,83565988.6,428428121
3549.7,S,34,26544.32,3507.10,17748722.2,83565988.8,428428123
3550.7,S,34,26545.31,3507.11,17748722.2,83565989.0,428428129
3551.7,S,34,26546.29,3507.12,17748722.2,83565989.2,428428131
3552.7,S,34,26547.14,3507.15,17748722.2,83566053.9,428428277
3553.7,S,34,26548.12,3507.16,17748722.2,83566054.3,428428281
3554.7,S,34,26549.11,3507.18,17748722.2,83566054.4,428428287
3555.7,S,34,26550.09,3507.20,17748722.2,83566054.6,428428289
3556.7,S,34,26550.91,3507.23,17748722.2,83566119.1,428428457
3557.7,S,34,26551.90,3507.24,17748722.2,83566119.7,428428459
3558.7,S,34,26552.89,3507.25,17748722.2,83566119.9,428428460
3559.7,S,34,26553.72,3507.27,17748722.2,83566182.2,428428621
3560.7,S,34,26554.65,3507.29,17748722.2,83566184.7,428428676
3561.7,S,34,26555.52,3507.39,17748722.2,83566200.6,428428714
3562.7,S,34,26556.50,3507.41,17748722.2,83566200.8,428428723
3563.7,S,34,26557.48,3507.42,17748722.2,83566201.2,428428726
3564.7,S,34,26558.26,3507.44,17748722.2,83566254.5,428428942
3565.7,S,34,26559.19,3507.46,17748722.2,83566266.3,428428996
3566.7,S,34,26560.08,3507.49,17748722.2,83566291.6,428429086
3567.7,S,41,26563.88,3507.54,17748722.2,83566291.8,428429087
3568.7,S,41,26571.78,3507.65,17748722.2,83566292.4,428429095
3569.7,S,41,26579.68,3507.76,17748722.2,83566292.8,428429100
3570.7,S,41,26585.77,3507.88,17748722.2,83566435.3,428429651
3571.7,S,41,26592.74,3508.03,17748722.2,83566665.1,428430099
3572.7,S,41,26600.55,3508.16,17748722.2,83566761.3,428430185
3573.7,S,41,26608.45,3508.26,17748722.2,83566761.6,428430189
3574.7,S,41,26616.18,3508.38,17748722.2,83566914.3,428430375
3575.7,S,41,26623.64,3508.52,17748722.2,83567044.4,428430820
3576.7,S,41,26631.07,3508.63,17748722.2,83567168.1,428431313
3577.7,S,41,26638.42,3508.77,17748722.2,83567277.7,428431708
3578.7,S,41,26645.27,3508.89,17748722.2,83567443.3,428432364
3579.7,S,41,26652.74,3509.01,17748722.2,83567577.9,428432798
3580.7,S,41,26659.80,3509.14,17748722.2,83567726.0,428433289
3581.7,S,41,26665.98,3509.27,17748722.2,83567882.8,428433857
3582.7,S,41,26673.78,3509.41,17748722.2,83568023.8,428433985
3583.7,S,41,26681.66,3509.53,17748722.2,83568024.0,428433987
3584.7,S,41,26689.36,3509.68,17748722.2,83568165.8,428434106
3585.7,S,41,26695.41,3509.81,17748722.2,83568415.3,428434803
3586.7,S,41,26702.87,3509.94,17748722.2,83568530.0,428435256
3587.7,S,41,26710.76,3510.05,17748722.2,83568530.7,428435259
3588.7,S,41,26718.40,3510.17,17748722.2,83568591.7,428435524
3589.7,S,41,26725.05,3510.28,17748722.2,83568718.4,428435966
3590.7,S,41,26731.61,3510.45,17748722.2,83568997.3,428436620
3591.7,S,41,26739.48,3510.58,17748722.2,83568997.4,428436622
3592.7,S,41,26747.26,3510.71,17748722.2,83569157.1,428436761
3593.7,S,41,26755.17,3510.80,17748722.2,83569157.6,428436764
3594.7,S,41,26761.87,3510.93,17748722.2,83569415.7,428437407
3595.7,S,41,26769.37,3511.06,17748722.2,83569502.1,428437762
3596.7,S,41,26776.39,3511.20,17748722.2,83569668.8,428438368
3597.7,S,41,26784.12,3511.30,17748722.2,83569726.3,428438552
3598.7,S,41,26791.70,3511.42,17748722.2,83569793.7,428438756
3599.7,S,41,26798.26,3511.56,17748722.2,83569988.2,428439390
3600.7,S,41,26802.92,3511.71,17748722.2,83570231.6,428440253
3601.7,S,41,26810.84,3511.80,17748722.2,83570231.8,428440254
3602.7,S,41,26818.62,3511.93,17748722.2,83570272.0,428440361
3603.7,S,41,26826.42,3512.07,17748722.2,83570377.6,428440454
3604.7,S,41,26834.05,3512.22,17748722.2,83570582.9,428440635
3605.7,S,41,26841.27,3512.35,17748722.2,83570734.2,428441091
3606.7,S,41,26848.21,3512.45,17748722.2,83570844.0,428441432
3607.7,S,41,26855.89,3512.57,17748722.2,83570907.2,428441659
3608.7,S,41,26862.75,3512.69,17748722.2,83571045.8,428442219
3609.7,S,41,26869.91,3512.82,17748722.2,83571132.6,428442573
3610.7,S,41,26876.70,3512.95,17748722.2,83571299.2,428443139
3611.7,S,41,26883.50,3513.08,17748722.2,83571480.0,428443846
3612.7,S,41,26891.04,3513.20,17748722.2,83571527.8,428444032
3613.7,S,40,26897.70,3513.33,17748722.2,83571688.2,428444316
3614.7,S,40,26904.55,3513.46,17748722.2,83571749.0,428444370
3615.7,S,40,26911.34,3513.57,17748722.2,83571913.7,428444511
3616.7,S,37,26915.96,3513.66,17748722.2,83572056.0,428444905
3617.7,S,36,26917.79,3513.72,17748722.2,83572154.5,428445316
3618.7,S,34,26918.15,3514.37,17748722.2,83572225.9,428445571
3619.7,S,34,26926.94,3515.60,17748722.2,83572227.8,428445581
3620.7,S,34,26935.71,3516.91,17748722.2,83572229.8,428445592
3621.7,S,34,26944.46,3518.23,17748722.2,83572230.0,428445595
3622.7,S,34,26953.15,3519.61,17748722.2,83572230.3,428445605
3623.7,S,34,26961.93,3520.80,17748722.2,83572294.8,428445839
3624.7,S,34,26970.62,3522.06,17748722.2,83572295.4,428445851
3625.7,S,34,26979.60,3523.41,17748722.2,83572295.6,428445853
3626.7,S,34,26988.20,3524.66,17748722.2,83572335.4,428446018
3627.7,S,34,26996.99,3525.95,17748722.2,83572335.6,428446025
3628.7,S,34,27005.67,3527.30,17748722.2,83572335.9,428446029
3629.7,S,34,27014.55,3528.59,17748722.2,83572336.1,428446030
3630.7,S,34,27023.27,3530.01,17748722.2,83572396.8,428446324
3631.7,S,34,27031.90,3531.45,17748722.2,83572401.6,428446361
3632.7,S,34,27040.62,3532.74,17748722.2,83572402.0,428446367
3633.7,S,34,27048.88,3534.04,17748722.2,83572455.8,428446555
3634.7,S,42,27056.17,3534.89,17748722.2,83572669.8,428447120
3635.7,S,37,27071.05,3536.66,17748722.2,83572846.2,428447283
3636.7,S,34,27080.91,3538.05,17748722.2,83572910.6,428447344
3637.7,S,34,27089.88,3539.41,17748722.2,83572911.0,428447346
3638.7,S,34,27098.48,3540.66,17748722.2,83572975.6,428447468
3639.7,S,34,27107.31,3541.99,17748722.2,83572975.8,428447471
3640.7,S,34,27116.01,3543.44,17748722.2,83572976.0,428447475
3641.7,S,34,27124.77,3544.79,17748722.2,83572976.5,428447476
3642.7,S,34,27133.35,3546.23,17748722.2,83573041.2,428447779
3643.7,S,34,27142.14,3547.56,17748722.2,83573041.4,428447781
3644.7,S,34,27150.94,3548.96,17748722.2,83573041.7,428447783
3645.7,S,34,27159.57,3550.44,17748722.2,83573078.8,428447910
3646.7,S,34,27168.32,3551.83,17748722.2,83573079.0,428447915
3647.7,S,34,27176.94,3553.20,17748722.2,83573079.9,428447918
3648.7,S,34,27185.68,3554.51,17748722.2,83573080.2,428447922
3649.7,S,34,27194.10,3555.92,17748722.2,83573144.9,428448125
3650.7,S,34,27202.74,3557.36,17748722.2,83573145.2,428448127
3651.7,S,34,27206.96,3557.96,17748722.2,83573276.6,428448699
3652.7,S,42,27213.43,3558.79,17748722.2,83573434.3,428449274
3653.7,S,40,27226.01,3560.19,17748722.2,83573585.0,428449913
3654.7,S,34,27235.36,3561.49,17748722.2,83573674.6,428450221
3655.7,S,34,27244.03,3562.91,17748722.2,83573674.9,428450221
3656.8,S,34,27252.72,3564.18,17748722.2,83573675.1,428450225
3657.8,S,34,27260.97,3565.50,17748722.2,83573739.9,428450490
3658.8,S,34,27269.64,3566.87,17748722.2,83573740.9,428450498
3659.8,S,34,27278.29,3568.28,17748722.2,83573773.3,428450651
3660.8,S,34,27286.97,3569.80,17748722.2,83573773.6,428450660
3661.8,S,34,27295.87,3571.04,17748722.2,83573773.8,428450663
3662.8,S,34,27304.66,3572.53,17748722.2,83573774.1,428450671
3663.8,S,34,27313.20,3573.91,17748722.2,83573774.5,428450674
3664.8,S,34,27321.45,3575.15,17748722.2,83573839.5,428450895
3665.8,S,34,27330.16,3576.55,17748722.2,83573839.6,428450902
3666.8,S,34,27338.76,3578.02,17748722.2,83573868.2,428451000
3667.8,S,34,27347.58,3579.35,17748722.2,83573868.4,428451002
3668.8,S,34,27356.38,3580.72,17748722.2,83573869.1,428451013
3669.8,S,34,27365.15,3582.12,17748722.2,83573869.2,428451016
3670.8,S,42,27374.85,3583.39,17748722.2,83574201.1,428451408
3671.8,S,39,27386.79,3584.90,17748722.2,83574359.6,428452075
3672.8,S,34,27394.37,3585.98,17748722.2,83574430.6,428452625
3673.8,S,34,27402.70,3587.50,17748722.2,83574458.9,428452979
3674.8,S,34,27411.47,3588.92,17748722.2,83574459.4,428452984
3675.8,S,34,27420.10,3590.25,17748722.2,83574460.0,428453000
3676.8,S,34,27428.71,3591.59,17748722.2,83574460.2,428453004
3677.8,S,34,27437.26,3592.93,17748722.2,83574460.3,428453025
3678.8,S,34,27441.90,3593.70,17748722.2,83574514.9,428453900
3679.9,S,34,27450.57,3595.03,17748722.2,83574525.5,428454030
3680.9,S,34,27459.28,3596.44,17748722.2,83574553.9,428454061
3681.9,S,34,27468.11,3597.69,17748722.2,83574554.2,428454063
3682.9,S,34,27476.83,3599.06,17748722.2,83574554.4,428454066
3683.9,S,34,27485.41,3600.59,17748722.2,83574554.6,428454071
3684.9,S,34,27494.13,3601.91,17748722.2,83574554.8,428454073
3685.9,S,34,27502.80,3603.34,17748722.2,83574619.7,428454134
3686.9,S,34,27511.58,3604.90,17748722.2,83574620.1,428454136
3687.9,S,34,27520.25,3606.22,17748722.2,83574648.2,428454164
3688.9,S,42,27528.38,3607.50,17748722.2,83574905.2,428454413
3689.9,S,40,27543.94,3609.34,17748722.2,83575046.2,428454542
3690.9,S,34,27554.11,3610.87,17748722.2,83575145.5,428454691
3691.9,S,34,27562.69,3612.29,17748722.2,83575210.6,428454935
3692.9,S,34,27571.30,3613.67,17748722.2,83575211.2,428454947
3693.9,S,34,27579.98,3615.20,17748722.2,83575211.6,428454953
3694.9,S,34,27588.66,3616.56,17748722.2,83575211.8,428454962
3695.9,S,34,27597.54,3617.96,17748722.2,83575212.2,428454967
3696.9,S,34,27606.25,3619.41,17748722.2,83575277.5,428455159
3697.9,S,34,27615.03,3620.77,17748722.2,83575277.9,428455161
3698.9,S,34,27623.76,3622.07,17748722.2,83575278.2,428455166
3699.9,S,34,27632.61,3623.39,17748722.2,83575301.8,428455236
3700.9,S,34,27641.35,3624.81,17748722.2,83575331.2,428455339
3701.9,S,34,27649.95,3626.13,17748722.2,83575331.9,428455346
3702.9,S,34,27658.53,3627.39,17748722.2,83575332.1,428455348
3703.9,S,34,27667.14,3628.92,17748722.2,83575332.7,428455351
3704.9,S,34,27675.65,3630.34,17748722.2,83575397.3,428455528
3705.9,S,34,27682.09,3631.45,17748722.2,83575528.8,428455802
3706.9,S,41,27695.84,3633.13,17748722.2,83575749.0,428456011
3707.9,S,35,27708.19,3634.73,17748722.2,83575874.2,428456245
3708.9,S,34,27710.66,3634.98,17748722.2,83575894.9,428456330
3709.9,S,34,27711.43,3635.00,17748722.2,83575959.9,428456553
3710.9,S,34,27712.41,3635.02,17748722.2,83575960.1,428456555
3711.9,S,34,27713.22,3635.11,17748722.2,83575991.7,428456661
3712.9,S,34,27714.21,3635.12,17748722.2,83575991.8,428456667
3713.9,S,34,27715.19,3635.14,17748722.2,83575992.3,428456670
3714.9,S,34,27716.16,3635.17,17748722.2,83575997.8,428456690
3715.9,S,34,27716.94,3635.18,17748722.2,83576057.4,428456895
3716.9,S,34,27717.82,3635.23,17748722.2,83576085.4,428456979
3717.9,S,34,27718.81,3635.24,17748722.2,83576085.7,428456983
3718.9,S,34,27719.79,3635.26,17748722.2,83576086.1,428456986
3719.9,S,34,27720.78,3635.27,17748722.2,83576086.3,428456990
3720.9,S,34,27721.56,3635.29,17748722.2,83576151.1,428457196
3721.9,S,34,27722.55,3635.31,17748722.2,83576151.3,428457201
3722.9,S,34,27723.43,3635.34,17748722.2,83576179.2,428457289
3723.9,S,34,27724.42,3635.36,17748722.2,83576179.4,428457293
3724.9,S,34,27725.40,3635.38,17748722.2,83576180.0,428457299
3725.9,S,34,27726.39,3635.39,17748722.2,83576180.5,428457308
3726.9,S,34,27727.16,3635.41,17748722.2,83576245.0,428457532
3727.9,S,34,27728.15,3635.42,17748722.2,83576245.2,428457537
3728.9,S,34,27729.13,3635.44,17748722.2,83576245.3,428457540
3729.9,S,34,27730.12,3635.45,17748722.2,83576245.9,428457545
3730.9,S,34,27730.93,3635.48,17748722.2,83576310.4,428457722
3731.9,S,34,27731.91,3635.49,17748722.2,83576310.8,428457725
3732.9,S,34,27732.75,3635.54,17748722.2,83576341.7,428457857
3733.9,S,34,27733.74,3635.55,17748722.2,83576341.9,428457861
3734.9,S,34,27734.72,3635.57,17748722.2,83576342.0,428457863
3735.9,S,34,27735.55,3635.58,17748722.2,83576400.4,428458034
3736.9,S,34,27736.45,3635.60,17748722.2,83576407.1,428458118
3737.9,S,34,27737.34,3635.64,17748722.2,83576435.4,428458198
3738.9,S,34,27738.32,3635.65,17748722.2,83576435.6,428458200
3739.9,S,34,27739.31,3635.67,17748722.2,83576469.4,428458288
3740.9,S,34,27740.29,3635.68,17748722.2,83576469.8,428458295
3741.9,S,34,27741.10,3635.70,17748722.2,83576534.4,428458495
3742.9,S,34,27742.07,3635.73,17748722.2,83576534.9,428458496
3743.9,S,34,27743.06,3635.74,17748722.2,83576535.1,428458506
3744.9,S,34,27743.92,3635.79,17748722.2,83576582.0,428458612
3745.9,S,34,27744.90,3635.81,17748722.2,83576582.5,428458617
3746.9,S,34,27745.88,3635.83,17748722.2,83576582.6,428458620
3747.9,S,34,27746.87,3635.84,17748722.2,83576582.8,428458625
3749.0,S,34,27747.79,3635.87,17748722.2,83576647.5,428458682
3750.0,S,34,27748.77,3635.89,17748722.2,83576647.8,428458685
3751.0,S,34,27749.75,3635.91,17748722.2,83576647.9,428458686
3752.0,S,34,27750.66,3635.97,17748722.2,83576701.2,428458735
3753.0,S,34,27751.65,3635.98,17748722.2,83576701.4,428458738
3754.0,S,34,27752.63,3636.00,17748722.2,83576701.8,428458742
3755.0,S,34,27753.56,3636.03,17748722.2,83576766.6,428458801
3756.0,S,34,27754.54,3636.04,17748722.2,83576766.8,428458804
3757.0,S,34,27755.47,3636.09,17748722.2,83576795.3,428458835
3758.0,S,34,27756.45,3636.11,17748722.2,83576795.4,428458838
3759.0,S,34,27757.44,3636.12,17748722.2,83576795.6,428458841
3760.0,S,34,27758.42,3636.14,17748722.2,83576795.9,428458843
3761.0,S,34,27759.35,3636.17,17748722.2,83576860.5,428458898
3762.0,S,34,27760.32,3636.20,17748722.2,83576860.9,428458901
3763.0,S,34,27761.31,3636.21,17748722.2,83576861.1,428458905
3764.0,S,34,27762.28,3636.23,17748722.2,83576887.0,428458929
3765.0,S,34,27763.23,3636.25,17748722.2,83576926.0,428458966
3766.0,S,34,27764.21,3636.27,17748722.2,83576926.1,428458967
3767.0,S,34,27765.19,3636.29,17748722.2,83576926.7,428458971
3768.0,S,34,27766.06,3636.35,17748722.2,83576981.9,428459055
3769.0,S,34,27767.05,3636.36,17748722.2,83576982.1,428459060
3770.0,S,34,27768.03,3636.38,17748722.2,83576982.4,428459066
3771.0,S,34,27768.99,3636.40,17748722.2,83577007.8,428459106
3772.0,S,34,27769.84,3636.42,17748722.2,83577047.6,428459234
3773.0,S,34,27770.82,3636.44,17748722.2,83577047.8,428459237
3774.0,S,34,27771.81,3636.45,17748722.2,83577048.1,428459241
3775.0,S,34,27772.69,3636.47,17748722.2,83577112.6,428459356
3776.0,S,34,27773.67,3636.48,17748722.2,83577112.9,428459357
3777.0,S,34,27774.65,3636.51,17748722.2,83577113.3,428459357
3778.0,S,34,27775.64,3636.52,17748722.2,83577113.8,428459359
3779.0,S,34,27776.50,3636.58,17748722.2,83577174.6,428459457
3780.0,S,41,27783.93,3636.66,17748722.2,83577175.1,428459465
3781.0,S,41,27791.83,3636.78,17748722.2,83577175.3,428459469
3782.0,S,41,27799.71,3636.90,17748722.2,83577176.0,428459470
3783.0,S,41,27805.74,3637.05,17748722.2,83577417.3,428459993
3784.0,S,41,27813.54,3637.17,17748722.2,83577531.4,428460093
3785.0,S,41,27821.37,3637.30,17748722.2,83577612.1,428460163
3786.0,S,41,27829.20,3637.42,17748722.2,83577712.2,428460251
3787.0,S,41,27836.31,3637.56,17748722.2,83577883.8,428460681
3788.0,S,41,27843.78,3637.69,17748722.2,83578002.3,428461081
3789.0,S,41,27851.68,3637.79,17748722.2,83578003.1,428461084
3790.0,S,41,27857.45,3637.91,17748722.2,83578242.6,428461764
3791.0,S,41,27864.76,3638.05,17748722.2,83578376.8,428462248
3792.0,S,41,27872.28,3638.18,17748722.2,83578511.4,428462646
3793.0,S,41,27880.10,3638.31,17748722.2,83578610.1,428462736
3794.0,S,41,27887.89,3638.44,17748722.2,83578728.9,428462842
3795.0,S,41,27895.74,3638.56,17748722.2,83578793.1,428462895
3796.0,S,41,27902.72,3638.73,17748722.3,83579080.9,428463520
3797.0,S,41,27910.60,3638.86,17748722.3,83579081.2,428463524
3798.0,S,41,27918.07,3638.99,17748722.3,83579212.2,428463879
3799.0,S,41,27925.63,3639.13,17748722.3,83579353.9,428464215
3800.0,S,41,27932.56,3639.26,17748722.3,83579591.4,428464940
3801.0,S,41,27940.31,3639.39,17748722.3,83579643.4,428465076
3802.0,S,41,27948.02,3639.51,17748722.3,83579707.5,428465264
3803.0,S,41,27955.62,3639.66,17748722.3,83579935.8,428465462
3804.0,S,41,27963.46,3639.78,17748722.3,83579995.5,428465513
3805.0,S,40,27970.65,3639.91,17748722.3,83580136.1,428465804
3806.0,S,39,27976.31,3640.03,17748722.3,83580328.8,428466465
3807.0,S,34,27976.88,3640.46,17748722.3,83580470.7,428467068
3808.0,S,34,27985.44,3641.81,17748722.3,83580471.6,428467078
3809.0,S,34,27993.98,3643.34,17748722.3,83580472.9,428467081
3810.0,S,34,28002.81,3644.70,17748722.3,83580473.1,428467083
3811.0,S,34,28011.47,3646.07,17748722.3,83580473.7,428467087
3812.0,S,34,28020.13,3647.51,17748722.3,83580538.3,428467327
3813.0,S,34,28028.94,3648.89,17748722.3,83580538.6,428467332
3814.0,S,34,28037.69,3650.16,17748722.3,83580567.8,428467441
3815.0,S,34,28046.45,3651.53,17748722.3,83580568.1,428467450
3816.0,S,34,28055.19,3652.83,17748722.3,83580568.3,428467453
3817.0,S,34,28063.91,3654.24,17748722.3,83580633.6,428467663
3818.0,S,34,28072.85,3655.51,17748722.3,83580633.8,428467666
3819.0,S,34,28081.47,3656.89,17748722.3,83580661.3,428467799
3820.0,S,34,28090.21,3658.19,17748722.3,83580661.8,428467809
3821.0,S,34,28099.11,3659.50,17748722.3,83580662.0,428467814
3822.0,S,34,28105.02,3660.38,17748722.3,83580884.2,428468171
3823.0,S,40,28120.24,3662.08,17748722.3,83581096.6,428468385
3824.0,S,36,28131.35,3663.63,17748722.3,83581181.6,428468673
3825.0,S,34,28139.88,3664.98,17748722.3,83581193.1,428468724
3826.0,S,34,28148.48,3666.32,17748722.3,83581221.9,428468838
3827.0,S,34,28157.25,3667.66,17748722.3,83581222.2,428468841
3828.0,S,34,28166.19,3669.05,17748722.3,83581222.4,428468849
3829.0,S,34,28174.98,3670.43,17748722.3,83581223.0,428468851
3830.0,S,34,28183.49,3671.87,17748722.3,83581287.8,428469057
3831.0,S,34,28192.23,3673.16,17748722.3,83581288.4,428469059
3832.0,S,34,28200.78,3674.54,17748722.3,83581319.2,428469175
3833.0,S,34,28209.55,3675.83,17748722.3,83581319.5,428469178
3834.0,S,34,28218.36,3677.23,17748722.3,83581320.0,428469179
3835.0,S,34,28226.93,3678.50,17748722.3,83581320.2,428469183
3836.0,S,34,28235.56,3679.92,17748722.3,83581320.5,428469185
3837.0,S,34,28244.03,3681.19,17748722.3,83581385.4,428469484
3838.0,S,34,28252.83,3682.70,17748722.3,83581385.6,428469494
3839.0,S,34,28261.20,3684.01,17748722.3,83581392.8,428469542
3840.0,S,42,28262.73,3684.20,17748722.3,83581642.8,428470480
3841.0,S,42,28275.76,3685.58,17748722.3,83581749.8,428470896
3842.0,S,36,28287.90,3687.13,17748722.3,83581942.2,428471620
3843.0,S,34,28289.37,3687.23,17748722.3,83581975.0,428471787
3844.0,S,34,28290.21,3687.33,17748722.3,83582006.1,428471901
3845.0,S,34,28291.22,3687.37,17748722.3,83582006.4,428471902
3846.0,S,34,28292.24,3687.39,17748722.3,83582007.1,428471904
3847.0,S,34,28293.27,3687.41,17748722.3,83582008.0,428471914
3848.0,S,34,28294.16,3687.44,17748722.3,83582072.6,428472044
3849.0,S,34,28295.17,3687.47,17748722.3,83582072.8,428472047
3850.0,S,34,28296.19,3687.50,17748722.3,83582072.9,428472049
3851.0,S,34,28297.15,3687.54,17748722.3,83582131.7,428472101
3852.0,S,34,28298.18,3687.57,17748722.3,83582132.3,428472103
3853.0,S,34,28299.21,3687.59,17748722.3,83582132.5,428472107
3854.0,S,34,28300.24,3687.61,17748722.3,83582132.7,428472110
3855.0,S,34,28301.22,3687.65,17748722.3,83582197.3,428472168
3856.0,S,34,28302.24,3687.68,17748722.3,83582197.4,428472169
3857.0,S,34,28303.22,3687.74,17748722.3,83582226.8,428472201
3858.0,S,34,28304.26,3687.76,17748722.3,83582226.9,428472204
3859.0,S,34,28305.31,3687.79,17748722.3,83582227.1,428472208
3860.0,S,34,28306.27,3687.84,17748722.3,83582291.8,428472268
3861.0,S,34,28307.32,3687.86,17748722.3,83582292.1,428472271
3862.0,S,34,28308.33,3687.91,17748722.3,83582318.1,428472298
3863.0,S,34,28309.38,3687.94,17748722.3,83582318.8,428472303
3864.0,S,34,28310.41,3687.98,17748722.3,83582318.9,428472306
3865.0,S,34,28311.46,3688.02,17748722.3,83582319.2,428472308
3866.0,S,34,28312.44,3688.07,17748722.3,83582383.7,428472363
3867.0,S,34,28313.49,3688.10,17748722.3,83582384.0,428472366
3868.0,S,34,28314.55,3688.13,17748722.3,83582384.1,428472368
3869.0,S,34,28315.59,3688.17,17748722.3,83582384.8,428472373
3870.1,S,34,28316.52,3688.20,17748722.3,83582449.3,428472511
3871.1,S,34,28317.55,3688.25,17748722.3,83582449.6,428472527
3872.1,S,34,28318.45,3688.31,17748722.3,83582485.3,428472663
3873.1,S,34,28319.52,3688.34,17748722.3,83582516.5,428472759
3874.1,S,34,28320.58,3688.39,17748722.3,83582516.7,428472766
3875.1,S,34,28321.65,3688.42,17748722.3,83582517.7,428472777
3876.1,S,34,28322.50,3688.46,17748722.3,83582582.4,428473007
3877.1,S,34,28323.57,3688.49,17748722.3,83582582.6,428473008
3878.1,S,34,28324.64,3688.52,17748722.3,83582582.8,428473011
3879.1,S,34,28325.46,3688.60,17748722.3,83582637.1,428473227
3880.1,S,34,28326.55,3688.64,17748722.3,83582638.1,428473230
3881.1,S,34,28327.62,3688.68,17748722.3,83582638.3,428473233
3882.1,S,34,28328.71,3688.71,17748722.3,83582638.5,428473243
3883.1,S,34,28329.58,3688.76,17748722.3,83582703.0,428473467
3884.1,S,34,28330.65,3688.80,17748722.3,83582703.3,428473469
3885.1,S,34,28331.74,3688.84,17748722.3,83582703.4,428473472
3886.1,S,34,28332.82,3688.88,17748722.3,83582704.1,428473477
3887.1,S,34,28333.63,3688.93,17748722.3,83582763.3,428473756
3888.1,S,34,28334.69,3688.97,17748722.3,83582768.9,428473785
3889.1,S,34,28335.77,3689.01,17748722.3,83582769.1,428473790
3890.1,S,34,28336.69,3689.10,17748722.3,83582804.9,428473934
3891.1,S,34,28337.79,3689.15,17748722.3,83582805.4,428473941
3892.1,S,34,28338.90,3689.19,17748722.3,83582805.9,428473946
3893.1,S,34,28340.00,3689.24,17748722.3,83582809.3,428473954
3894.1,S,34,28340.84,3689.29,17748722.3,83582870.7,428474233
3895.1,S,34,28341.93,3689.35,17748722.3,83582870.8,428474236
3896.1,S,34,28343.04,3689.39,17748722.3,83582871.4,428474241
3897.1,S,34,28344.12,3689.46,17748722.3,83582871.8,428474243
3898.1,S,34,28345.02,3689.51,17748722.3,83582936.4,428474463
3899.1,S,34,28346.14,3689.54,17748722.3,83582936.5,428474464
3900.1,S,34,28347.24,3689.59,17748722.3,83582936.8,428474469
3901.1,S,34,28348.34,3689.64,17748722.3,83582936.9,428474477
3902.1,S,34,28349.19,3689.74,17748722.3,83583004.4,428474726
3903.1,S,34,28350.32,3689.80,17748722.3,83583007.4,428474730
3904.1,S,34,28351.46,3689.85,17748722.3,83583007.7,428474736
3905.1,S,34,28352.61,3689.89,17748722.3,83583007.8,428474739
3906.1,S,34,28353.57,3689.94,17748722.3,83583072.6,428474934
3907.1,S,34,28354.69,3690.01,17748722.3,83583072.7,428474937
3908.1,S,34,28355.82,3690.06,17748722.3,83583073.4,428474943
3909.1,S,34,28356.96,3690.10,17748722.3,83583074.3,428474946
3910.1,S,34,28358.06,3690.14,17748722.3,83583138.9,428475006
3911.1,S,34,28359.20,3690.19,17748722.3,83583139.1,428475008
3912.1,S,34,28360.34,3690.24,17748722.3,83583139.3,428475013
3913.1,S,34,28361.43,3690.29,17748722.3,83583204.1,428475068
3914.1,S,34,28362.51,3690.39,17748722.3,83583218.1,428475085
3915.1,S,34,28363.66,3690.46,17748722.3,83583218.5,428475088
3916.1,S,34,28364.83,3690.52,17748722.3,83583218.8,428475088
3917.1,S,34,28366.00,3690.58,17748722.3,83583219.0,428475090
3918.1,S,34,28367.10,3690.67,17748722.3,83583283.9,428475145
3919.1,S,34,28368.27,3690.73,17748722.3,83583284.1,428475147
3920.1,S,34,28369.44,3690.79,17748722.3,83583284.5,428475152
3921.1,S,34,28370.61,3690.85,17748722.3,83583284.6,428475154
3922.1,S,34,28371.74,3690.90,17748722.3,83583349.2,428475213
3923.1,S,34,28372.90,3690.97,17748722.3,83583349.7,428475216
3924.1,S,34,28374.06,3691.06,17748722.3,83583376.8,428475245
3925.1,S,34,28375.29,3691.11,17748722.3,83583376.9,428475247
3926.1,S,34,28376.52,3691.17,17748722.3,83583377.3,428475251
3927.1,S,34,28377.64,3691.25,17748722.3,83583441.9,428475350
3928.1,S,34,28378.86,3691.30,17748722.3,83583442.2,428475355
3929.1,S,34,28380.09,3691.35,17748722.3,83583442.6,428475356
3930.1,S,34,28381.32,3691.40,17748722.3,83583442.8,428475360
3931.1,S,34,28382.38,3691.47,17748722.3,83583507.3,428475546
3932.1,S,34,28383.61,3691.52,17748722.3,83583507.7,428475547
3933.1,S,34,28384.76,3691.62,17748722.3,83583538.5,428475601
3934.1,S,34,28386.04,3691.68,17748722.3,83583543.7,428475610
3935.1,S,34,28387.33,3691.75,17748722.3,83583544.1,428475615
3936.1,S,34,28388.59,3691.84,17748722.3,83583544.4,428475621
3937.1,S,34,28389.74,3691.93,17748722.3,83583609.0,428475755
3938.1,S,34,28390.99,3692.03,17748722.3,83583609.5,428475757
3939.1,S,34,28392.27,3692.11,17748722.3,83583610.4,428475757
3940.1,S,34,28393.52,3692.21,17748722.3,83583611.1,428475761
3941.1,S,34,28394.62,3692.33,17748722.3,83583675.7,428475925
3942.1,S,34,28395.89,3692.41,17748722.3,83583703.5,428475980
3943.1,S,34,28397.15,3692.53,17748722.3,83583724.0,428476035
3944.1,S,34,28398.47,3692.64,17748722.3,83583724.5,428476040
3945.1,S,34,28399.81,3692.74,17748722.3,83583725.3,428476043
3946.1,S,34,28401.16,3692.82,17748722.3,83583725.5,428476047
3947.1,S,34,28402.35,3692.95,17748722.3,83583790.2,428476204
3948.1,S,34,28403.65,3693.09,17748722.3,83583790.4,428476206
3949.1,S,34,28405.00,3693.18,17748722.3,83583790.7,428476209
3950.1,S,34,28406.38,3693.23,17748722.3,83583791.0,428476214
3951.1,S,34,28407.64,3693.32,17748722.3,83583855.7,428476329
3952.1,S,34,28408.95,3693.43,17748722.3,83583875.8,428476387
3953.1,S,34,28410.35,3693.58,17748722.3,83583875.9,428476390
3954.1,S,34,28411.76,3693.71,17748722.3,83583876.1,428476395
3955.1,S,34,28413.20,3693.80,17748722.3,83583876.5,428476396
3956.1,S,34,28414.48,3693.95,17748722.3,83583941.5,428476532
3957.1,S,34,28415.92,3694.07,17748722.3,83583941.7,428476534
3958.1,S,34,28417.34,3694.19,17748722.3,83583942.0,428476538
3959.1,S,34,28418.78,3694.28,17748722.3,83583942.1,428476541
3960.1,S,34,28420.03,3694.38,17748722.3,83584007.0,428476790
3961.1,S,34,28421.45,3694.51,17748722.3,83584007.3,428476793
3962.1,S,34,28422.90,3694.64,17748722.3,83584029.6,428476855
3963.1,S,34,28424.45,3694.77,17748722.3,83584029.8,428476858
3964.1,S,34,28425.99,3694.90,17748722.3,83584030.1,428476861
3965.1,S,34,28427.55,3695.02,17748722.3,83584040.1,428476888
3966.1,S,34,28428.79,3695.19,17748722.3,83584104.8,428477167
3967.1,S,34,28430.34,3695.31,17748722.3,83584105.4,428477170
3968.1,S,34,28431.86,3695.47,17748722.3,83584105.6,428477178
3969.1,S,34,28433.40,3695.60,17748722.3,83584105.8,428477181
3970.1,S,34,28434.81,3695.73,17748722.3,83584171.9,428477363
3971.1,S,34,28436.36,3695.84,17748722.3,83584172.3,428477366
3972.1,S,34,28437.87,3696.04,17748722.3,83584200.1,428477437
3973.1,S,34,28439.51,3696.21,17748722.3,83584200.5,428477443
3974.1,S,34,28441.11,3696.41,17748722.3,83584200.7,428477447
3975.1,S,34,28442.77,3696.56,17748722.3,83584201.4,428477450
3976.1,S,34,28444.31,3696.73,17748722.3,83584266.1,428477552
3977.1,S,34,28445.99,3696.89,17748722.3,83584266.5,428477553
3978.1,S,34,28447.66,3697.06,17748722.3,83584267.1,428477559
3979.1,S,34,28449.32,3697.21,17748722.3,83584267.2,428477562
3980.1,S,34,28450.94,3697.37,17748722.3,83584332.0,428477620
3981.1,S,34,28452.68,3697.53,17748722.3,83584351.8,428477640
3982.1,S,34,28454.53,3697.68,17748722.3,83584352.3,428477642
3983.1,S,34,28456.37,3697.85,17748722.3,83584352.7,428477645
3984.1,S,34,28458.19,3698.03,17748722.3,83584352.9,428477650
3985.1,S,34,28459.98,3698.20,17748722.3,83584417.5,428477708
3986.1,S,34,28461.75,3698.42,17748722.3,83584417.7,428477713
3987.1,S,34,28463.56,3698.59,17748722.3,83584418.1,428477716
3988.1,S,34,28465.39,3698.78,17748722.3,83584418.6,428477719
3989.1,S,34,28467.14,3699.00,17748722.3,83584483.1,428477777
3990.1,S,34,28468.97,3699.16,17748722.3,83584483.3,428477782
3991.1,S,34,28470.80,3699.33,17748722.3,83584483.5,428477784
3992.2,S,34,28472.69,3699.54,17748722.3,83584526.8,428477828
3993.2,S,34,28474.72,3699.72,17748743.3,83584527.3,428477873
3994.2,S,34,28476.72,3699.98,17748753.2,83584527.8,428477888
3995.2,S,34,28478.72,3700.19,17748754.0,83584528.2,428477895
3996.2,S,34,28480.58,3700.44,17748754.0,83584611.6,428478023
3997.2,S,34,28482.61,3700.64,17748754.0,83584611.8,428478026
3998.2,S,34,28484.63,3700.84,17748754.0,83584612.1,428478030
3999.2,S,34,28486.62,3701.07,17748754.0,83584612.5,428478038
4000.2,S,34,28488.56,3701.32,17748754.0,83584613.2,428478043
4001.2,S,34,28490.39,3701.57,17748754.0,83584680.7,428478245
4002.2,S,34,28492.42,3701.76,17748754.0,83584681.1,428478249
4003.2,S,34,28494.49,3701.99,17748754.0,83584681.3,428478259
4004.2,S,34,28496.68,3702.32,17748754.0,83584717.5,428478390
4005.2,S,41,28504.90,3702.64,17748754.0,83584718.2,428478395
4006.2,S,41,28513.91,3702.99,17748754.0,83584720.0,428478401
4007.2,S,41,28522.97,3703.34,17748754.0,83584720.1,428478406
4008.2,S,41,28532.03,3703.70,17748754.0,83584720.4,428478408
4009.2,S,41,28537.61,3704.08,17748754.0,83585025.6,428479174
4010.2,S,41,28546.41,3704.49,17748754.0,83585251.8,428479365
4011.2,S,41,28555.46,3704.83,17748754.0,83585252.3,428479367
4012.2,S,41,28564.47,3705.21,17748754.0,83585252.5,428479368
4013.2,S,41,28573.46,3705.49,17748754.0,83585313.8,428479424
4014.2,S,41,28579.56,3705.77,17748754.0,83585565.9,428480280
4015.2,S,41,28587.03,3706.00,17748754.0,83585796.2,428481039
4016.2,S,41,28595.88,3706.22,17748754.0,83585796.9,428481045
4017.2,S,41,28604.76,3706.43,17748754.0,83585797.7,428481063
4018.2,S,41,28612.51,3706.64,17748754.0,83585922.8,428481504
4019.2,S,41,28620.81,3706.97,17748754.0,83586193.0,428481989
4020.2,S,41,28629.65,3707.20,17748754.0,83586312.5,428482094
4021.2,S,41,28638.51,3707.40,17748754.0,83586312.8,428482097
4022.2,S,41,28647.30,3707.66,17748754.0,83586365.4,428482141
4023.2,S,41,28656.21,3707.88,17748754.0,83586365.6,428482144
4024.2,S,41,28662.62,3708.14,17748754.0,83586650.9,428483036
4025.2,S,41,28671.15,3708.35,17748754.0,83586727.3,428483362
4026.2,S,40,28678.68,3708.59,17748754.0,83586939.2,428484127
4027.2,S,39,28686.24,3708.83,17748754.0,83586973.9,428484254
4028.2,S,37,28689.77,3709.03,17748754.0,83587243.0,428485131
4029.2,S,34,28696.64,3710.20,17748754.0,83587290.3,428485297
4030.2,S,34,28705.48,3711.62,17748754.0,83587290.5,428485304
4031.2,S,34,28714.37,3713.04,17748754.0,83587290.8,428485305
4032.2,S,34,28723.10,3714.39,17748754.0,83587301.5,428485397
4033.2,S,34,28731.79,3715.76,17748754.0,83587343.0,428485572
4034.2,S,34,28740.38,3717.14,17748754.0,83587366.5,428485705
4035.3,S,34,28748.95,3718.50,17748754.0,83587366.8,428485714
4036.3,S,34,28757.82,3719.86,17748754.0,83587367.0,428485717
4037.3,S,34,28766.60,3721.16,17748754.0,83587373.0,428485735
4038.3,S,34,28773.83,3722.35,17748754.0,83587564.0,428485958
4039.3,S,41,28788.83,3724.09,17748754.0,83587702.6,428486097
4040.3,S,36,28800.59,3725.85,17748754.0,83587792.4,428486288
4041.3,S,34,28809.37,3727.14,17748754.0,83587815.6,428486376
4042.3,S,34,28818.28,3728.56,17748754.0,83587815.8,428486378
4043.3,S,34,28826.78,3730.03,17748754.0,83587880.8,428486611
4044.3,S,34,28835.48,3731.32,17748754.0,83587908.7,428486727
4045.3,S,34,28844.24,3732.62,17748754.0,83587925.0,428486778
4046.3,S,34,28852.64,3734.16,17748754.0,83587949.1,428486867
4047.3,S,34,28861.34,3735.31,17748754.0,83587949.6,428486876
4048.3,S,34,28870.06,3736.75,17748754.0,83587950.3,428486878
4049.3,S,34,28878.78,3738.08,17748754.0,83587950.9,428486880
4050.3,S,34,28886.94,3739.37,17748754.0,83588015.5,428487141
4051.3,S,34,28895.66,3740.80,17748754.0,83588015.7,428487144
4052.3,S,34,28904.50,3742.19,17748754.0,83588037.7,428487218
4053.3,S,34,28913.36,3743.47,17748754.0,83588038.1,428487220
4054.3,S,34,28921.95,3744.80,17748754.0,83588038.4,428487228
4055.3,S,34,28930.69,3746.11,17748754.0,83588039.0,428487232
4056.3,S,34,28933.05,3746.50,17748754.0,83588269.2,428487996
4057.3,S,41,28944.15,3747.80,17748754.0,83588377.8,428488357
4058.3,S,38,28957.05,3749.51,17748754.0,83588545.4,428488707
4059.3,S,34,28961.58,3750.11,17748754.0,83588601.2,428488764
4060.3,S,34,28962.52,3750.14,17748754.0,83588660.5,428488814
4061.3,S,34,28963.43,3750.21,17748754.0,83588679.1,428488839
4062.3,S,41,28966.43,3750.25,17748754.0,83588679.6,428488844
4063.3,S,41,28974.33,3750.36,17748754.0,83588679.9,428488849
4064.3,S,41,28982.23,3750.46,17748754.0,83588680.2,428488855
4065.3,S,41,28990.11,3750.58,17748754.0,83588680.7,428488857
4066.3,S,41,28997.80,3750.73,17748754.0,83588854.6,428489052
4067.3,S,41,29002.14,3750.85,17748754.0,83589078.2,428489946
4068.3,S,41,29007.56,3750.98,17748754.0,83589252.0,428490596
4069.3,S,41,29015.45,3751.09,17748754.0,83589252.1,428490596
4070.3,S,41,29023.26,3751.22,17748754.0,83589277.1,428490682
4071.3,S,41,29030.74,3751.34,17748754.0,83589377.2,428491075
4072.3,S,41,29036.38,3751.45,17748754.0,83589630.2,428491930
4073.3,S,41,29043.67,3751.58,17748754.0,83589802.4,428492546
4074.3,S,41,29051.52,3751.69,17748754.0,83589856.4,428492598
4075.3,S,41,29059.28,3751.84,17748754.0,83590010.5,428492731
4076.3,S,41,29067.13,3751.95,17748754.0,83590064.7,428492792
4077.3,S,41,29074.51,3752.09,17748754.0,83590258.3,428493247
4078.3,S,41,29082.05,3752.20,17748754.0,83590362.6,428493622
4079.3,S,41,29088.83,3752.30,17748754.0,83590509.2,428494095
4080.3,S,41,29096.54,3752.42,17748754.0,83590568.6,428494286
4081.3,S,41,29103.83,3752.54,17748754.0,83590650.0,428494528
4082.3,S,41,29109.90,3752.66,17748754.0,83590807.5,428495156
4083.3,S,41,29117.54,3752.79,17748754.0,83590850.1,428495322
4084.3,S,41,29122.59,3752.93,17748754.0,83591098.1,428496237
4085.3,S,41,29130.20,3753.05,17748754.0,83591130.7,428496428
4086.3,S,41,29137.84,3753.17,17748754.0,83591323.4,428496595
4087.3,S,41,29145.73,3753.29,17748754.0,83591324.5,428496604
4088.3,S,41,29153.36,3753.41,17748754.0,83591543.7,428496921
4089.3,S,41,29160.53,3753.54,17748754.0,83591710.5,428497381
4090.3,S,41,29168.16,3753.67,17748754.0,83591811.2,428497641
4091.3,S,41,29175.44,3753.78,17748754.0,83591869.3,428497831
4092.3,S,41,29181.73,3753.92,17748754.0,83592045.0,428498404
4093.3,S,41,29188.97,3754.03,17748754.0,83592139.7,428498676
4094.3,S,41,29196.61,3754.13,17748754.0,83592191.0,428498846
4095.3,S,41,29203.40,3754.25,17748754.0,83592320.6,428499247
4096.3,S,41,29209.37,3754.38,17748754.0,83592491.6,428499903
4097.3,S,41,29216.73,3754.53,17748754.0,83592609.7,428500267
4098.3,S,41,29224.50,3754.65,17748754.0,83592664.5,428500332
4099.3,S,41,29232.33,3754.77,17748754.0,83592766.4,428500422
4100.3,S,41,29239.21,3754.93,17748754.0,83593077.4,428500892
4101.3,S,41,29246.92,3755.06,17748754.0,83593134.4,428501076
4102.3,S,41,29254.43,3755.18,17748754.0,83593231.3,428501470
4103.3,S,41,29262.17,3755.30,17748754.0,83593251.7,428501630
4104.3,S,41,29269.51,3755.43,17748754.0,83593378.1,428502197
4105.3,S,40,29275.74,3755.55,17748754.0,83593548.3,428502842
4106.3,S,40,29282.14,3755.68,17748754.0,83593777.5,428503257
4107.3,S,37,29288.18,3755.79,17748754.0,83593880.4,428503346
4108.3,S,34,29290.05,3756.01,17748754.0,83594051.2,428503652
4109.3,S,34,29295.12,3757.15,17748754.0,83594052.4,428503661
4110.3,S,34,29304.00,3758.47,17748754.0,83594054.4,428503668
4111.3,S,34,29312.61,3759.79,17748754.0,83594054.4,428503668
4112.3,S,34,29321.37,3761.13,17748754.0,83594055.1,428503670
4113.3,S,34,29329.85,3762.54,17748754.0,83594117.9,428503917
4114.3,S,34,29338.60,3763.82,17748754.0,83594119.9,428503945
4115.3,S,34,29347.52,3765.27,17748754.0,83594120.1,428503948
4116.3,S,34,29356.05,3766.63,17748754.0,83594153.5,428504070
4117.3,S,34,29364.68,3767.98,17748754.0,83594154.0,428504072
4118.3,S,34,29373.28,3769.31,17748754.0,83594154.4,428504078
4119.3,S,34,29382.08,3770.56,17748754.0,83594154.7,428504078
4120.3,S,34,29390.68,3771.88,17748754.0,83594219.4,428504329
4121.3,S,34,29399.38,3773.26,17748754.0,83594219.7,428504330
4122.3,S,34,29408.06,3774.55,17748754.0,83594220.4,428504337
4123.3,S,34,29416.62,3775.97,17748754.0,83594220.8,428504352
4124.3,S,34,29421.51,3776.78,17748754.0,83594342.9,428504917
4125.3,S,42,29426.82,3777.53,17748754.0,83594498.5,428505561
4126.3,S,40,29437.99,3778.94,17748754.0,83594636.0,428506160
4127.3,S,36,29448.82,3780.31,17748754.0,83594738.6,428506539
4128.3,S,34,29457.49,3781.68,17748754.0,83594739.6,428506551
4129.3,S,34,29466.20,3783.09,17748754.0,83594739.8,428506554
4130.3,S,34,29474.64,3784.49,17748754.0,83594804.4,428506855
4131.3,S,34,29483.44,3785.80,17748754.0,83594804.8,428506866
4132.3,S,34,29491.89,3787.27,17748754.0,83594833.5,428506971
4133.3,S,34,29500.55,3788.57,17748754.0,83594833.9,428506972
4134.3,S,34,29509.42,3789.99,17748754.0,83594834.2,428506977
4135.3,S,34,29518.19,3791.26,17748754.0,83594834.3,428506979
4136.3,S,34,29526.84,3792.55,17748754.0,83594834.6,428506984
4137.3,S,34,29535.16,3793.88,17748754.0,83594899.2,428507233
4138.3,S,34,29544.13,3795.28,17748754.0,83594900.2,428507239
4139.3,S,34,29552.98,3796.71,17748754.0,83594928.4,428507268
4140.3,S,34,29561.75,3798.02,17748754.0,83594928.7,428507272
4141.3,S,34,29570.36,3799.44,17748754.0,83594928.8,428507274
4142.3,S,34,29579.20,3800.77,17748754.0,83594929.1,428507278
4143.3,S,42,29589.83,3802.05,17748754.0,83595203.8,428507523
4144.3,S,40,29600.97,3803.45,17748754.0,83595405.0,428508080
4145.3,S,34,29610.75,3804.85,17748754.0,83595491.1,428508416
4146.3,S,34,29619.49,3806.22,17748754.0,83595491.4,428508424
4147.3,S,34,29628.26,3807.54,17748754.0,83595491.5,428508427
4148.3,S,34,29636.87,3808.86,17748754.0,83595533.2,428508566
4149.3,S,34,29645.66,3810.17,17748754.0,83595557.1,428508660
4150.3,S,34,29654.49,3811.51,17748754.0,83595557.3,428508669
4151.4,S,34,29663.27,3812.89,17748754.0,83595557.5,428508671
4152.4,S,34,29671.84,3814.25,17748754.0,83595607.0,428508847
4153.4,S,34,29680.48,3815.56,17748754.0,83595607.2,428508848
4154.4,S,34,29689.23,3816.93,17748754.0,83595608.0,428508851
4155.4,S,34,29698.17,3818.22,17748754.0,83595608.3,428508852
4156.4,S,34,29706.85,3819.65,17748754.0,83595629.8,428508946
4157.4,S,34,29714.86,3820.96,17748754.0,83595673.2,428509123
4158.4,S,34,29723.60,3822.29,17748754.0,83595673.5,428509133
4159.4,S,34,29732.33,3823.53,17748754.0,83595673.6,428509136
4160.4,S,34,29740.76,3824.88,17748754.0,83595681.5,428509163
4161.4,S,34,29741.11,3824.97,17748754.0,83595922.5,428510145
4162.4,S,41,29751.63,3826.18,17748754.0,83596028.7,428510553
4163.4,S,39,29761.93,3827.57,17748754.0,83596177.6,428511226
4164.4,S,34,29771.42,3829.01,17748754.0,83596233.0,428511294
4165.4,S,34,29780.32,3830.47,17748754.0,83596233.8,428511296
4166.4,S,34,29788.98,3831.82,17748754.0,83596234.0,428511297
4167.4,S,34,29797.76,3833.35,17748754.0,83596298.7,428511352
4168.4,S,34,29806.43,3834.70,17748754.0,83596299.0,428511354
4169.4,S,34,29815.23,3836.05,17748754.0,83596299.1,428511356
4170.4,S,34,29824.07,3837.42,17748754.0,83596299.4,428511361
4171.4,S,34,29832.67,3838.76,17748754.0,83596364.4,428511418
4172.4,S,34,29841.39,3840.16,17748754.0,83596364.7,428511422
4173.4,S,34,29850.03,3841.48,17748754.0,83596396.3,428511452
4174.4,S,34,29858.83,3843.06,17748754.0,83596396.6,428511456
4175.4,S,34,29867.53,3844.35,17748754.0,83596396.9,428511460
4176.4,S,34,29876.26,3845.68,17748754.0,83596397.6,428511463
4177.4,S,34,29884.97,3847.05,17748754.0,83596449.9,428511507
4178.4,S,34,29893.69,3848.49,17748754.0,83596462.8,428511523
4179.4,S,34,29898.96,3849.30,17748754.0,83596669.5,428511972
4180.4,S,41,29911.35,3850.75,17748754.0,83596747.6,428512283
4181.4,S,38,29923.52,3852.34,17748754.0,83596899.4,428512943
4182.4,S,34,29930.86,3853.48,17748754.0,83597018.5,428513476
4183.4,S,34,29939.46,3855.01,17748754.0,83597025.6,428513520
4184.4,S,34,29947.92,3856.47,17748754.0,83597049.3,428513623
4185.4,S,34,29956.75,3857.88,17748754.0,83597049.6,428513631
4186.4,S,34,29965.68,3859.17,17748754.0,83597049.8,428513634
4187.4,S,34,29974.60,3860.38,17748754.0,83597050.6,428513638
4188.4,S,34,29983.35,3861.79,17748754.0,83597051.2,428513641
4189.4,S,34,29991.91,3863.21,17748754.0,83597115.9,428513885
4190.4,S,34,30000.56,3864.59,17748754.0,83597116.3,428513892
4191.4,S,34,30009.23,3865.94,17748754.0,83597116.6,428513901
4192.4,S,34,30017.92,3867.35,17748754.0,83597117.0,428513903
4193.4,S,34,30026.25,3868.82,17748754.0,83597181.9,428514165
4194.4,S,34,30035.01,3870.23,17748754.0,83597182.1,428514167
4195.4,S,34,30043.57,3871.65,17748754.0,83597202.5,428514255
4196.4,S,34,30052.19,3873.06,17748754.0,83597202.7,428514257
4197.4,S,34,30056.71,3873.78,17748754.0,83597334.2,428514785
4198.4,S,42,30065.62,3874.77,17748754.0,83597460.3,428515247
4199.4,S,38,30079.63,3876.52,17748754.0,83597712.5,428515515
4200.4,S,34,30083.65,3877.07,17748754.0,83597765.0,428515568
4201.4,S,34,30084.63,3877.09,17748754.0,83597765.2,428515569
4202.4,S,34,30085.62,3877.11,17748754.0,83597765.3,428515570
4203.4,S,34,30086.55,3877.13,17748754.0,83597830.2,428515629
4204.4,S,34,30087.56,3877.15,17748754.0,83597830.6,428515632
4205.4,S,34,30088.55,3877.17,17748754.0,83597830.8,428515635
4206.4,S,34,30089.35,3877.26,17748754.0,83597877.8,428515751
4207.4,S,34,30090.33,3877.28,17748754.0,83597878.0,428515754
4208.4,S,34,30091.32,3877.29,17748754.0,83597878.5,428515761
4209.4,S,34,30092.31,3877.31,17748754.0,83597879.0,428515763
4210.4,S,34,30093.12,3877.34,17748754.0,83597943.5,428515929
4211.4,S,34,30094.11,3877.35,17748754.0,83597943.7,428515931
4212.4,S,34,30095.10,3877.36,17748754.0,83597943.8,428515931
4213.4,S,34,30096.09,3877.37,17748754.0,83597944.1,428515939
4214.4,S,34,30096.91,3877.40,17748754.0,83598008.8,428516099
4215.4,S,34,30097.80,3877.43,17748754.0,83598032.3,428516185
4216.4,S,41,30100.46,3877.46,17748754.0,83598032.7,428516193
4217.4,S,41,30108.38,3877.55,17748754.0,83598032.9,428516198
4218.4,S,41,30116.26,3877.68,17748754.0,83598033.1,428516199
4219.4,S,41,30124.03,3877.81,17748754.0,83598071.1,428516310
4220.4,S,41,30130.70,3877.98,17748754.0,83598378.6,428516814
4221.4,S,41,30138.42,3878.10,17748754.0,83598526.6,428516944
4222.4,S,41,30146.32,3878.22,17748754.0,83598526.8,428516946
4223.4,S,41,30153.88,3878.34,17748754.0,83598641.1,428517293
4224.4,S,41,30160.65,3878.45,17748754.0,83598756.2,428517684
4225.4,S,41,30167.31,3878.60,17748754.0,83598960.3,428518414
4226.4,S,41,30174.98,3878.72,17748754.0,83599034.5,428518657
4227.4,S,41,30181.78,3878.85,17748754.0,83599152.8,428519068
4228.4,S,41,30189.48,3879.00,17748754.0,83599194.3,428519230
4229.4,S,41,30195.89,3879.11,17748754.0,83599347.3,428519578
4230.4,S,41,30203.68,3879.23,17748754.0,83599490.0,428519703
4231.4,S,41,30211.40,3879.37,17748754.0,83599662.5,428519949
4232.4,S,41,30218.89,3879.50,17748754.0,83599776.1,428520370
4233.4,S,41,30226.26,3879.61,17748754.0,83599913.6,428520932
4234.4,S,41,30233.67,3879.73,17748754.0,83600044.6,428521436
4235.4,S,41,30241.02,3879.85,17748754.0,83600151.3,428521842
4236.4,S,41,30248.68,3879.97,17748754.0,83600214.8,428522081
4237.4,S,41,30255.67,3880.10,17748754.0,83600347.9,428522658
4238.4,S,41,30261.06,3880.22,17748754.0,83600533.1,428523325
4239.4,S,41,30268.54,3880.35,17748754.0,83600659.6,428523480
4240.4,S,41,30276.44,3880.45,17748754.0,83600659.7,428523483
4241.4,S,41,30284.11,3880.60,17748754.0,83600797.8,428523607
4242.4,S,41,30291.92,3880.73,17748754.0,83600889.2,428523686
4243.4,S,41,30298.98,3880.89,17748754.0,83601122.6,428524407
4244.4,S,41,30305.79,3881.01,17748754.0,83601205.3,428524736
4245.4,S,41,30313.28,3881.15,17748754.0,83601322.9,428525141
4246.4,S,41,30320.38,3881.26,17748754.0,83601399.1,428525429
4247.4,S,41,30326.94,3881.39,17748754.0,83601572.8,428525922
4248.4,S,41,30333.71,3881.52,17748754.0,83601753.0,428526462
4249.4,S,41,30341.53,3881.64,17748754.0,83601776.5,428526545
4250.4,S,41,30349.06,3881.76,17748754.0,83601874.9,428526861
4251.4,S,41,30356.21,3881.93,17748754.0,83602092.4,428527294
4252.4,S,41,30364.04,3882.05,17748754.0,83602169.7,428527362
4253.4,S,41,30371.84,3882.19,17748754.0,83602269.0,428527446
4254.4,S,41,30379.55,3882.32,17748754.0,83602378.0,428527629
4255.4,S,41,30387.28,3882.44,17748754.0,83602442.5,428527813
4256.4,S,41,30393.46,3882.60,17748754.0,83602685.9,428528530
4257.4,S,41,30401.19,3882.73,17748754.0,83602738.3,428528687
4258.4,S,41,30408.82,3882.86,17748754.0,83602819.9,428528953
4259.4,S,41,30415.94,3882.98,17748754.0,83603017.2,428529592
4260.4,S,41,30423.03,3883.11,17748754.0,83603167.1,428529924
4261.4,S,41,30430.92,3883.22,17748754.0,83603167.4,428529937
4262.4,S,40,30437.86,3883.32,17748754.0,83603285.9,428530042
4263.4,S,40,30444.42,3883.48,17748754.0,83603516.6,428530385
4264.4,S,40,30450.59,3883.59,17748754.0,83603677.3,428530856
4265.4,S,34,30452.70,3883.76,17748754.0,83603874.1,428531473
4266.4,S,34,30456.60,3884.86,17748754.0,83603875.6,428531481
4267.5,S,34,30465.15,3886.32,17748754.0,83603876.1,428531485
4268.5,S,34,30473.93,3887.79,17748754.0,83603876.3,428531493
4269.5,S,34,30482.79,3889.11,17748754.0,83603878.2,428531500
4270.5,S,34,30491.44,3890.55,17748754.0,83603901.7,428531559
4271.5,S,34,30499.84,3891.91,17748754.0,83603943.4,428531726
4272.5,S,34,30508.66,3893.24,17748754.0,83603943.6,428531729
4273.5,S,34,30517.28,3894.54,17748754.0,83603969.7,428531817
4274.5,S,34,30525.85,3895.98,17748754.0,83603984.3,428531875
4275.5,S,34,30534.67,3897.33,17748754.0,83604013.9,428532021
4276.5,S,34,30543.36,3898.71,17748754.0,83604014.1,428532023
4277.5,S,34,30552.13,3900.13,17748754.0,83604014.5,428532032
4278.5,S,34,30560.69,3901.46,17748754.0,83604079.0,428532229
4279.5,S,34,30569.35,3902.76,17748754.0,83604079.3,428532234
4280.5,S,34,30578.14,3904.12,17748754.0,83604088.8,428532275
4281.5,S,34,30584.61,3905.16,17748754.0,83604188.0,428532643
4282.5,S,41,30596.82,3906.70,17748754.0,83604438.3,428532923
4283.5,S,34,30609.82,3908.51,17748754.0,83604583.6,428533078
4284.5,S,34,30618.62,3909.86,17748754.0,83604583.9,428533081
4285.5,S,34,30627.42,3911.15,17748754.0,83604648.4,428533248
4286.5,S,34,30636.17,3912.47,17748754.0,83604649.1,428533249
4287.5,S,34,30645.02,3913.78,17748754.0,83604649.6,428533251
4288.5,S,34,30653.70,3915.14,17748754.0,83604685.4,428533403
4289.5,S,34,30662.53,3916.61,17748754.0,83604685.9,428533406
4290.5,S,34,30671.30,3917.93,17748754.0,83604686.1,428533407
4291.5,S,34,30680.06,3919.21,17748754.0,83604686.3,428533417
4292.5,S,34,30688.74,3920.58,17748754.0,83604750.1,428533614
4293.5,S,34,30697.34,3921.99,17748754.0,83604751.9,428533648
4294.5,S,34,30706.13,3923.40,17748754.0,83604752.1,428533648
4295.5,S,34,30714.84,3924.82,17748754.0,83604752.4,428533650
4296.5,S,34,30723.68,3926.19,17748754.0,83604752.6,428533656
4297.5,S,34,30731.61,3927.44,17748754.0,83604817.9,428533854
4298.5,S,34,30740.30,3928.77,17748754.0,83604818.1,428533856
4299.5,S,34,30741.64,3929.05,17748754.0,83605057.1,428534715
4300.5,S,41,30753.79,3930.50,17748754.0,83605178.5,428535111
4301.5,S,36,30765.87,3932.12,17748754.0,83605312.6,428535549
4302.5,S,34,30774.51,3933.41,17748754.0,83605343.0,428535657
4303.5,S,34,30783.23,3934.69,17748754.0,83605343.8,428535667
4304.5,S,34,30791.52,3936.15,17748754.0,83605408.5,428535883
4305.5,S,34,30800.24,3937.50,17748754.0,83605409.0,428535896
4306.5,S,34,30808.83,3938.90,17748754.0,83605409.3,428535906
4307.5,S,34,30817.55,3940.28,17748754.0,83605409.5,428535909
4308.5,S,34,30826.31,3941.57,17748754.0,83605410.3,428535925
4309.5,S,34,30834.63,3942.85,17748754.0,83605475.0,428536181
4310.5,S,34,30843.53,3944.19,17748754.0,83605475.3,428536185
4311.5,S,34,30852.09,3945.59,17748754.0,83605499.5,428536273
4312.5,S,34,30860.84,3946.83,17748754.0,83605499.7,428536278
4313.5,S,34,30869.73,3948.12,17748754.0,83605500.2,428536281
4314.5,S,34,30878.46,3949.38,17748754.0,83605500.7,428536290
4315.5,S,34,30886.93,3950.79,17748754.0,83605565.2,428536559
4316.5,S,34,30895.76,3952.19,17748754.0,83605565.6,428536570
4317.5,S,42,30905.21,3953.43,17748754.0,83605848.6,428536896
4318.5,S,40,30919.80,3955.24,17748754.0,83606010.9,428537161
4319.5,S,34,30929.25,3956.79,17748754.0,83606089.1,428537401
4320.5,S,34,30937.88,3958.26,17748754.0,83606089.7,428537406
4321.5,S,34,30946.73,3959.57,17748754.0,83606089.9,428537412
4322.5,S,34,30955.32,3960.95,17748754.0,83606154.6,428537668
4323.5,S,34,30964.02,3962.30,17748754.0,83606154.7,428537670
4324.5,S,34,30972.69,3963.66,17748754.0,83606155.3,428537680
4325.5,S,34,30981.50,3965.02,17748754.0,83606155.8,428537685
4326.5,S,34,30990.01,3966.35,17748754.0,83606212.1,428537864
4327.5,S,34,30998.67,3967.64,17748754.0,83606220.7,428537915
4328.5,S,34,31007.34,3969.05,17748754.0,83606242.3,428537989
4329.5,S,34,31016.13,3970.41,17748754.0,83606243.0,428537992
4330.5,S,34,31024.62,3971.80,17748754.0,83606243.3,428537997
4331.5,S,34,31033.44,3973.03,17748754.0,83606243.8,428538000
4332.5,S,34,31042.03,3974.42,17748754.0,83606289.1,428538178
4333.5,S,34,31050.23,3975.66,17748754.0,83606335.9,428538339
4334.5,S,34,31058.22,3976.97,17748754.0,83606356.1,428538429
4335.5,S,42,31060.03,3977.16,17748754.0,83606593.6,428539359
4336.5,S,40,31074.97,3979.00,17748754.0,83606739.7,428539530
4337.5,S,34,31086.25,3980.54,17748754.0,83606898.2,428539671
4338.5,S,34,31094.87,3982.05,17748754.0,83606898.5,428539675
4339.5,S,34,31103.54,3983.44,17748754.0,83606925.8,428539703
4340.5,S,34,31112.47,3984.74,17748754.0,83606926.7,428539708
4341.5,S,34,31121.29,3986.08,17748754.0,83606927.2,428539712
4342.5,S,34,31130.20,3987.43,17748754.0,83606927.4,428539717
4343.5,S,34,31138.81,3988.91,17748754.0,83606992.1,428539784
4344.5,S,34,31147.54,3990.25,17748754.0,83606992.3,428539787
4345.5,S,34,31156.42,3991.61,17748754.0,83606992.5,428539790
4346.5,S,34,31165.17,3993.02,17748754.0,83606993.1,428539793
4347.5,S,34,31173.82,3994.46,17748754.0,83606993.4,428539795
4348.5,S,34,31182.24,3995.89,17748754.0,83607058.1,428539979
4349.5,S,34,31190.92,3997.18,17748754.0,83607058.3,428539985
4350.5,S,34,31199.62,3998.58,17748754.0,83607086.1,428540071
4351.5,S,34,31208.27,3999.95,17748754.0,83607086.3,428540073
4352.5,S,34,31216.86,4001.34,17748754.0,83607086.8,428540076
4353.5,S,34,31219.03,4001.67,17748754.0,83607304.2,428540906
4354.5,S,42,31230.23,4003.08,17748754.0,83607437.4,428541494
4355.5,S,38,31242.06,4004.57,17748754.0,83607594.1,428542039
4356.5,S,34,31245.25,4004.93,17748754.0,83607648.7,428542246
4357.5,S,34,31246.23,4004.94,17748754.0,83607649.3,428542248
4358.5,S,34,31247.14,4004.97,17748754.0,83607712.0,428542335
4359.5,S,34,31248.12,4004.98,17748754.0,83607714.4,428542339
4360.5,S,34,31249.02,4005.07,17748754.0,83607741.8,428542367
4361.5,S,34,31250.01,4005.08,17748754.0,83607742.2,428542370
4362.5,S,34,31250.98,4005.11,17748754.0,83607742.4,428542374
4363.5,S,34,31251.96,4005.12,17748754.0,83607742.8,428542377
4364.5,S,34,31252.90,4005.15,17748754.0,83607807.9,428542432
4365.5,S,34,31253.88,4005.17,17748754.0,83607808.2,428542435
4366.5,S,34,31254.86,4005.19,17748754.0,83607808.4,428542439
4367.5,S,34,31255.84,4005.21,17748754.0,83607808.7,428542442
4368.5,S,34,31256.77,4005.23,17748754.0,83607873.6,428542499
4369.5,S,34,31257.69,4005.28,17748754.0,83607904.0,428542532
4370.5,S,34,31258.68,4005.30,17748754.0,83607904.3,428542539
4371.5,S,34,31259.66,4005.32,17748754.0,83607904.5,428542544
4372.5,S,34,31260.65,4005.33,17748754.0,83607904.6,428542546
4373.5,S,34,31261.58,4005.35,17748754.0,83607969.4,428542607
4374.5,S,34,31262.57,4005.37,17748754.0,83607969.9,428542612
4375.5,S,34,31263.55,4005.39,17748754.0,83607970.3,428542615
4376.5,S,34,31264.53,4005.41,17748754.0,83607970.5,428542618
4377.5,S,34,31265.44,4005.44,17748754.0,83608035.0,428542689
4378.5,S,34,31266.43,4005.45,17748754.0,83608035.3,428542692
4379.5,S,34,31267.27,4005.49,17748754.0,83608063.1,428542813
4380.5,S,34,31268.25,4005.52,17748754.0,83608063.3,428542817
4381.5,S,34,31269.23,4005.54,17748754.0,83608063.7,428542823
4382.5,S,34,31270.11,4005.56,17748754.0,83608097.4,428542939
4383.5,S,34,31270.93,4005.57,17748754.0,83608128.5,428543115
4384.5,S,34,31271.92,4005.58,17748754.0,83608129.0,428543116
4385.5,S,34,31272.90,4005.60,17748754.0,83608157.2,428543239
4386.5,S,34,31273.76,4005.61,17748754.0,83608200.2,428543382
4387.5,S,34,31274.66,4005.63,17748754.0,83608222.1,428543471
4388.5,S,34,31275.52,4005.68,17748754.0,83608249.3,428543575
4389.5,S,34,31276.51,4005.69,17748754.0,83608249.7,428543579
4390.6,S,34,31277.50,4005.71,17748754.0,83608249.9,428543582
4391.6,S,34,31278.49,4005.72,17748754.0,83608250.3,428543588
4392.6,S,34,31279.25,4005.74,17748754.0,83608314.9,428543817
4393.6,S,34,31280.24,4005.76,17748754.0,83608315.0,428543819
4394.6,S,34,31281.22,4005.77,17748754.0,83608315.2,428543822
4395.6,S,34,31282.21,4005.79,17748754.0,83608315.6,428543827
4396.6,S,34,31282.98,4005.82,17748754.0,83608380.2,428544046
4397.6,S,34,31283.97,4005.83,17748754.0,83608407.8,428544198
4398.6,S,34,31284.83,4005.88,17748754.0,83608434.9,428544288
4399.6,S,34,31285.82,4005.89,17748754.0,83608435.1,428544292
4400.6,S,34,31286.80,4005.91,17748754.0,83608435.9,428544299
4401.6,S,34,31287.66,4005.93,17748754.0,83608479.8,428544438
4402.6,S,34,31288.58,4005.95,17748754.0,83608501.0,428544509
4403.6,S,34,31289.56,4005.97,17748754.0,83608501.2,428544514
4404.6,S,34,31290.54,4005.99,17748754.0,83608501.3,428544527
4405.6,S,34,31291.28,4006.01,17748754.0,83608566.1,428544774
4406.6,S,34,31292.26,4006.03,17748754.0,83608566.4,428544776
4407.6,S,34,31293.25,4006.04,17748754.0,83608566.5,428544779
4408.6,S,34,31294.24,4006.05,17748754.0,83608566.9,428544787
4409.6,S,34,31294.95,4006.08,17748754.0,83608631.5,428545062
4410.6,S,34,31295.94,4006.10,17748754.0,83608632.0,428545064
4411.6,S,34,31296.92,4006.11,17748754.0,83608632.1,428545066
4412.6,S,34,31297.91,4006.13,17748754.0,83608632.3,428545070
4413.6,S,34,31298.63,4006.15,17748754.0,83608697.0,428545339
4414.6,S,34,31299.54,4006.21,17748754.0,83608706.7,428545376
4415.6,S,34,31300.52,4006.23,17748754.0,83608707.0,428545386
4416.6,S,34,31301.51,4006.24,17748754.0,83608707.6,428545390
4417.6,S,34,31302.49,4006.26,17748754.0,83608707.7,428545391
4418.6,S,34,31303.22,4006.28,17748754.0,83608772.3,428545653
4419.6,S,34,31304.21,4006.30,17748754.0,83608772.7,428545654
4420.6,S,34,31305.19,4006.31,17748754.0,83608772.9,428545655
4421.6,S,34,31306.18,4006.33,17748754.0,83608773.0,428545658
4422.6,S,34,31306.88,4006.35,17748754.0,83608837.8,428545951
4423.6,S,34,31307.87,4006.36,17748754.0,83608838.0,428545954
4424.6,S,34,31308.86,4006.37,17748754.0,83608838.1,428545959
4425.6,S,34,31309.61,4006.43,17748754.0,83608897.3,428546176
4426.6,S,34,31310.59,4006.45,17748754.0,83608897.8,428546189
4427.6,S,34,31311.57,4006.46,17748754.0,83608898.3,428546191
4428.6,S,34,31312.55,4006.48,17748754.0,83608898.4,428546193
4429.6,S,34,31313.35,4006.50,17748754.0,83608963.0,428546394
4430.6,S,34,31314.35,4006.51,17748754.0,83608963.3,428546401
4431.6,S,34,31315.33,4006.52,17748754.0,83608963.8,428546406
4432.6,S,34,31316.31,4006.54,17748754.0,83608964.2,428546409
4433.6,S,34,31317.25,4006.57,17748754.0,83609028.7,428546468
4434.6,S,34,31318.23,4006.58,17748754.0,83609028.9,428546471
4435.6,S,41,31320.50,4006.66,17748754.0,83609066.0,428546510
4436.6,S,41,31328.39,4006.77,17748754.0,83609067.0,428546514
4437.6,S,41,31336.28,4006.89,17748754.0,83609067.2,428546517
4438.6,S,40,31344.01,4006.99,17748754.0,83609118.2,428546561
4439.6,S,40,31349.10,4007.12,17748754.0,83609408.3,428546937
4440.6,S,34,31350.34,4007.43,17748754.0,83609562.2,428547409
4441.6,S,34,31353.01,4007.80,17748754.0,83609562.8,428547415
4442.6,S,34,31355.69,4008.15,17748754.0,83609563.6,428547417
4443.6,S,34,31358.42,4008.48,17748754.0,83609564.1,428547419
4444.6,S,34,31360.95,4008.88,17748754.0,83609628.6,428547589
4445.6,S,34,31363.68,4009.18,17748754.0,83609628.9,428547597
4446.6,S,34,31366.38,4009.53,17748754.0,83609629.1,428547600
4447.6,S,34,31368.58,4009.85,17748754.0,83609665.8,428547711
4448.6,S,34,31370.69,4010.02,17748754.0,83609666.0,428547712
4449.6,S,34,31372.77,4010.21,17748754.0,83609666.6,428547723
4450.6,S,34,31374.79,4010.45,17748754.0,83609666.8,428547726
4451.6,S,34,31376.71,4010.69,17748754.0,83609731.5,428547898
4452.6,S,34,31378.80,4010.87,17748754.0,83609731.8,428547902
4453.6,S,34,31380.88,4011.08,17748754.0,83609732.0,428547902
4454.6,S,34,31382.94,4011.30,17748754.0,83609732.4,428547905
4455.6,S,34,31384.60,4011.56,17748754.0,83609791.4,428548069
4456.6,S,34,31386.29,4011.69,17748754.0,83609791.7,428548070
4457.6,S,34,31387.94,4011.87,17748754.0,83609791.9,428548077
4458.6,S,34,31389.64,4011.99,17748754.0,83609792.0,428548080
4459.6,S,34,31391.13,4012.17,17748754.0,83609857.2,428548250
4460.6,S,34,31392.77,4012.35,17748754.0,83609857.6,428548256
4461.6,S,34,31394.45,4012.50,17748754.0,83609857.8,428548258
4462.6,S,34,31396.12,4012.66,17748754.0,83609858.0,428548264
4463.6,S,34,31397.62,4012.85,17748754.0,83609922.6,428548426
4464.6,S,34,31399.20,4013.03,17748754.0,83609936.6,428548490
4465.6,S,34,31400.58,4013.14,17748754.0,83609937.4,428548494
4466.6,S,34,31401.97,4013.25,17748754.0,83609937.6,428548494
4467.6,S,34,31403.37,4013.36,17748754.0,83609937.8,428548502
4468.6,S,34,31404.62,4013.49,17748754.0,83609974.4,428548638
4469.6,S,34,31405.90,4013.62,17748754.0,83610002.6,428548792
4470.6,S,34,31407.29,4013.73,17748754.0,83610002.9,428548794
4471.6,S,34,31408.69,4013.85,17748754.0,83610003.6,428548801
4472.6,S,34,31410.11,4013.94,17748754.0,83610033.6,428548907
4473.6,S,34,31411.36,4014.04,17748754.0,83610098.3,428549087
4474.6,S,34,31412.76,4014.15,17748754.0,83610098.4,428549090
4475.6,S,34,31413.97,4014.29,17748754.0,83610135.4,428549166
4476.6,S,34,31415.21,4014.37,17748754.0,83610136.5,428549170
4477.6,S,34,31416.45,4014.43,17748754.0,83610136.7,428549175
4478.6,S,34,31417.69,4014.51,17748754.0,83610136.9,428549177
4479.6,S,34,31418.88,4014.58,17748754.0,83610201.6,428549236
4480.6,S,34,31420.12,4014.65,17748754.0,83610201.7,428549238
4481.6,S,34,31421.36,4014.72,17748754.0,83610202.2,428549243
4482.6,S,34,31422.60,4014.80,17748754.0,83610202.5,428549244
4483.6,S,34,31423.77,4014.89,17748754.0,83610267.2,428549304
4484.6,S,34,31424.89,4014.97,17748754.0,83610280.5,428549318
4485.6,S,34,31426.01,4015.03,17748754.0,83610280.8,428549321
4486.6,S,34,31427.15,4015.09,17748754.0,83610281.3,428549328
4487.6,S,34,31428.22,4015.16,17748754.0,83610346.6,428549389
4488.6,S,34,31429.37,4015.20,17748754.0,83610346.8,428549392
4489.6,S,34,31430.51,4015.25,17748754.0,83610347.0,428549395
4490.6,S,34,31431.65,4015.30,17748754.0,83610347.2,428549399
4491.6,S,34,31432.72,4015.37,17748754.0,83610411.8,428549455
4492.6,S,34,31433.86,4015.42,17748754.0,83610412.2,428549459
4493.6,S,34,31434.94,4015.50,17748754.0,83610449.3,428549495
4494.6,S,34,31435.99,4015.57,17748754.0,83610449.6,428549499
4495.6,S,34,31437.07,4015.61,17748754.0,83610449.8,428549501
4496.6,S,34,31438.15,4015.64,17748754.0,83610450.0,428549505
4497.6,S,34,31439.13,4015.69,17748754.0,83610514.9,428549603
4498.6,S,34,31440.21,4015.73,17748754.0,83610515.5,428549606
4499.6,S,34,31441.29,4015.76,17748754.0,83610515.8,428549607
4500.7,S,34,31442.37,4015.80,17748754.0,83610515.9,428549609
4501.7,S,34,31443.23,4015.84,17748754.0,83610607.9,428549930
4502.7,S,34,31444.31,4015.89,17748754.0,83610613.7,428549943
4503.7,S,34,31445.39,4015.92,17748754.0,83610614.0,428549945
4504.7,S,34,31446.31,4015.99,17748754.0,83610655.7,428550070
4505.7,S,34,31447.36,4016.01,17748754.0,83610655.9,428550075
4506.7,S,34,31448.39,4016.05,17748754.0,83610656.1,428550077
4507.7,S,34,31449.34,4016.08,17748754.0,83610700.1,428550187
4508.7,S,34,31450.33,4016.11,17748754.0,83610721.4,428550240
4509.7,S,34,31451.38,4016.13,17748754.0,83610722.0,428550243
4510.7,S,34,31452.43,4016.16,17748754.0,83610722.1,428550251
4511.7,S,34,31453.31,4016.21,17748754.0,83610786.7,428550409
4512.7,S,34,31454.35,4016.24,17748754.0,83610786.9,428550410
4513.7,S,34,31455.40,4016.27,17748754.0,83610787.1,428550417
4514.7,S,34,31456.44,4016.29,17748754.0,83610787.5,428550417
4515.7,S,34,31457.32,4016.32,17748754.0,83610852.4,428550610
4516.7,S,34,31458.38,4016.34,17748754.0,83610852.5,428550613
4517.7,S,34,31459.42,4016.37,17748754.0,83610852.8,428550616
4518.7,S,34,31460.34,4016.42,17748754.0,83610890.5,428550702
4519.7,S,41,31467.42,4016.53,17748754.0,83610891.1,428550709
4520.7,S,41,31475.35,4016.65,17748754.0,83610892.0,428550710
4521.7,S,41,31483.02,4016.78,17748754.0,83610932.8,428550977
4522.7,S,41,31490.26,4016.94,17748754.0,83611040.1,428551237
4523.7,S,41,31496.58,4017.07,17748754.0,83611244.2,428551771
4524.7,S,41,31503.78,4017.19,17748754.0,83611395.7,428552306
4525.7,S,41,31511.65,4017.31,17748754.0,83611411.5,428552359
4526.7,S,41,31519.16,4017.45,17748754.0,83611538.7,428552787
4527.7,S,41,31526.00,4017.61,17748754.0,83611777.3,428553200
4528.7,S,41,31533.81,4017.78,17748754.0,83611894.1,428553301
4529.7,S,41,31541.75,4017.89,17748754.0,83611894.3,428553303
4530.7,S,41,31549.52,4018.05,17748754.0,83612020.2,428553454
4531.7,S,41,31554.58,4018.19,17748754.0,83612256.4,428554239
4532.7,S,41,31562.08,4018.32,17748754.0,83612361.7,428554680
4533.7,S,41,31569.96,4018.43,17748754.0,83612381.1,428554749
4534.7,S,41,31577.59,4018.58,17748754.0,83612465.1,428555046
4535.7,S,41,31584.90,4018.71,17748754.0,83612632.0,428555674
4536.7,S,41,31592.56,4018.85,17748754.0,83612840.3,428555958
4537.7,S,41,31600.50,4018.96,17748754.0,83612841.0,428555961
4538.7,S,41,31608.29,4019.11,17748754.0,83612991.7,428556095
4539.7,S,41,31615.92,4019.26,17748754.0,83613126.2,428556352
4540.7,S,41,31622.64,4019.41,17748754.0,83613322.3,428556952
4541.7,S,41,31630.50,4019.54,17748754.0,83613348.2,428557014
4542.7,S,41,31636.25,4019.69,17748754.0,83613570.6,428557677
4543.7,S,41,31643.93,4019.83,17748754.0,83613638.3,428557891
4544.7,S,41,31651.87,4019.95,17748754.0,83613638.6,428557896
4545.7,S,41,31658.11,4020.09,17748754.0,83613850.4,428558449
4546.7,S,41,31665.89,4020.24,17748754.0,83614035.4,428558608
4547.7,S,41,31673.78,4020.35,17748754.0,83614114.1,428558683
4548.7,S,41,31681.10,4020.49,17748754.0,83614240.3,428558956
4549.7,S,41,31688.66,4020.65,17748754.0,83614317.8,428559257
4550.7,S,41,31695.67,4020.78,17748754.0,83614484.6,428559838
4551.7,S,41,31703.30,4020.92,17748754.0,83614545.8,428560104
4552.7,S,41,31710.41,4021.05,17748754.0,83614707.7,428560622
4553.7,S,41,31717.69,4021.20,17748754.0,83614807.5,428561051
4554.7,S,41,31722.60,4021.35,17748754.0,83615006.8,428561872
4555.7,S,41,31730.20,4021.47,17748754.0,83615040.1,428561990
4556.7,S,41,31737.83,4021.60,17748754.0,83615145.0,428562301
4557.7,S,41,31745.66,4021.73,17748754.0,83615275.9,428562420
4558.7,S,40,31752.52,4021.89,17748754.0,83615474.2,428562596
4559.7,S,40,31759.29,4022.02,17748754.0,83615562.8,428562771
4560.7,S,40,31765.93,4022.14,17748754.0,83615670.4,428563048
4561.7,S,35,31767.26,4022.21,17748754.0,83615879.0,428563808
4562.7,S,34,31775.12,4023.97,17748754.0,83615882.0,428563829
4563.7,S,34,31784.00,4025.25,17748754.0,83615883.5,428563841
4564.7,S,34,31792.70,4026.60,17748754.0,83615898.7,428563893
4565.7,S,34,31801.61,4027.87,17748754.0,83615900.8,428563907
4566.7,S,34,31810.41,4029.35,17748754.0,83615901.0,428563910
4567.7,S,34,31817.81,4030.47,17748754.0,83615965.6,428564173
4568.7,S,34,31826.64,4031.95,17748754.0,83615965.9,428564178
4569.7,S,34,31833.92,4033.05,17748754.0,83616024.4,428564401
4570.7,S,34,31842.65,4034.34,17748754.0,83616024.7,428564405
4571.7,S,34,31851.05,4035.72,17748754.0,83616089.5,428564683
4572.7,S,34,31859.53,4037.19,17748754.0,83616102.4,428564737
4573.7,S,34,31868.39,4038.53,17748754.0,83616102.6,428564740
4574.7,S,34,31877.23,4039.85,17748754.0,83616102.9,428564742
4575.7,S,42,31883.22,4040.58,17748754.0,83616223.6,428565270
4576.7,S,41,31895.24,4042.01,17748754.0,83616326.4,428565883
4577.7,S,37,31903.54,4043.10,17748754.0,83616479.3,428566622
4578.7,S,34,31912.23,4044.48,17748754.0,83616528.5,428566815
4579.7,S,34,31921.02,4045.80,17748754.0,83616528.7,428566817
4580.7,S,34,31929.58,4047.20,17748754.0,83616558.3,428566917
4581.7,S,34,31938.16,4048.51,17748754.0,83616558.4,428566920
4582.7,S,34,31946.86,4050.00,17748754.0,83616559.2,428566929
4583.7,S,34,31955.73,4051.23,17748754.0,83616559.4,428566930
4584.7,S,34,31964.33,4052.57,17748754.0,83616624.1,428567173
4585.7,S,34,31973.02,4053.79,17748754.0,83616624.5,428567174
4586.7,S,34,31981.57,4055.15,17748754.0,83616653.5,428567273
4587.7,S,34,31990.26,4056.48,17748754.0,83616653.9,428567280
4588.7,S,34,31999.11,4057.82,17748754.0,83616654.2,428567285
4589.7,S,34,32008.10,4059.16,17748754.0,83616654.3,428567288
4590.7,S,34,32016.78,4060.64,17748754.0,83616654.8,428567298
4591.7,S,34,32025.32,4061.84,17748754.0,83616719.4,428567498
4592.7,S,34,32034.03,4063.31,17748754.0,83616719.7,428567502
4593.7,S,34,32040.56,4064.27,17748754.0,83616801.8,428567785
4594.7,S,42,32045.05,4064.77,17748754.0,83616976.9,428568526
4595.7,S,40,32057.71,4066.31,17748754.0,83617112.1,428569048
4596.7,S,35,32067.37,4067.75,17748754.0,83617270.0,428569629
4597.7,S,34,32076.20,4069.09,17748754.0,83617281.7,428569683
4598.7,S,34,32084.95,4070.53,17748754.0,83617282.0,428569686
4599.7,S,34,32093.59,4071.91,17748754.0,83617282.6,428569688
4600.7,S,34,32102.22,4073.19,17748754.0,83617347.3,428569793
4601.7,S,34,32110.90,4074.60,17748754.0,83617347.5,428569793
4602.7,S,34,32119.60,4076.01,17748754.0,83617347.9,428569797
4603.7,S,34,32128.27,4077.36,17748754.0,83617348.1,428569799
4604.7,S,34,32137.04,4078.85,17748754.0,83617348.5,428569802
4605.7,S,34,32145.76,4080.30,17748754.0,83617413.1,428569858
4606.7,S,34,32154.35,4081.75,17748754.0,83617422.8,428569869
4607.7,S,34,32163.12,4083.07,17748754.0,83617423.5,428569874
4608.7,S,34,32171.93,4084.47,17748754.0,83617423.8,428569879
4609.7,S,34,32180.83,4085.73,17748754.0,83617424.3,428569882
4610.7,S,34,32189.42,4087.23,17748754.0,83617489.0,428569939
4611.7,S,34,32197.95,4088.66,17748754.0,83617489.2,428569941
4612.7,S,42,32202.73,4089.42,17748754.0,83617746.5,428570466
4613.7,S,41,32216.04,4091.16,17748754.0,83617860.2,428570899
4614.7,S,36,32228.33,4092.69,17748754.0,83617942.5,428571215
4615.7,S,34,32236.33,4093.98,17748754.0,83618051.8,428571595
4616.7,S,34,32245.18,4095.18,17748754.0,83618052.3,428571598
4617.7,S,34,32253.90,4096.53,17748754.0,83618052.5,428571600
4618.7,S,34,32262.55,4097.96,17748754.0,83618053.3,428571607
4619.7,S,34,32270.81,4099.34,17748754.0,83618117.8,428571811
4620.7,S,34,32279.66,4100.59,17748754.0,83618118.1,428571823
4621.7,S,34,32288.58,4101.79,17748754.0,83618118.5,428571823
4622.8,S,34,32297.29,4103.18,17748754.0,83618118.7,428571827
4623.8,S,34,32306.14,4104.48,17748754.0,83618119.1,428571829
4624.8,S,34,32314.38,4105.97,17748754.0,83618190.9,428572080
4625.8,S,34,32322.96,4107.52,17748754.0,83618191.2,428572081
4626.8,S,34,32331.59,4108.93,17748754.0,83618191.4,428572089
4627.8,S,34,32340.29,4110.37,17748754.0,83618191.9,428572091
4628.8,S,34,32348.97,4111.79,17748754.0,83618192.4,428572095
4629.8,S,34,32357.38,4113.22,17748754.0,83618257.0,428572283
4630.8,S,34,32360.47,4113.60,17748754.0,83618417.4,428572996
4631.8,S,41,32370.42,4114.78,17748754.0,83618523.9,428573403
4632.8,S,37,32382.45,4116.35,17748754.0,83618690.6,428573837
4633.8,S,34,32392.07,4117.79,17748754.0,83618754.7,428573898
4634.8,S,34,32400.86,4119.21,17748754.0,83618819.5,428573952
4635.8,S,34,32409.74,4120.60,17748754.0,83618819.8,428573955
4636.8,S,34,32418.57,4122.05,17748754.0,83618855.0,428573988
4637.8,S,34,32427.38,4123.27,17748754.0,83618855.3,428573993
4638.8,S,34,32436.11,4124.47,17748754.0,83618855.4,428573995
4639.8,S,34,32444.99,4125.70,17748754.0,83618856.1,428573999
4640.8,S,34,32453.91,4127.07,17748754.0,83618856.8,428574004
4641.8,S,34,32462.69,4128.35,17748754.0,83618921.5,428574062
4642.8,S,34,32471.58,4129.64,17748754.0,83618921.7,428574064
4643.8,S,34,32480.33,4131.06,17748754.0,83618921.9,428574066
4644.8,S,34,32489.07,4132.49,17748754.0,83618922.2,428574067
4645.8,S,34,32497.80,4133.83,17748754.0,83618987.2,428574126
4646.8,S,34,32506.66,4135.07,17748754.0,83618987.4,428574128
4647.8,S,34,32515.31,4136.44,17748754.0,83618987.7,428574133
4648.8,S,34,32518.96,4137.00,17748754.0,83619217.0,428574759
4649.8,S,41,32529.17,4138.21,17748754.0,83619337.2,428575179
4650.8,S,39,32539.08,4139.40,17748754.0,83619446.2,428575757
4651.8,S,34,32548.32,4140.69,17748754.0,83619537.2,428576101
4652.8,S,34,32549.31,4140.71,17748754.0,83619537.5,428576105
4653.8,S,34,32550.10,4140.74,17748754.0,83619602.0,428576307
4654.8,S,34,32551.08,4140.75,17748754.0,83619602.2,428576315
4655.8,S,34,32552.07,4140.77,17748754.0,83619602.8,428576317
4656.8,S,34,32553.06,4140.78,17748754.0,83619603.4,428576325
4657.8,S,34,32553.82,4140.81,17748754.0,83619668.0,428576544
4658.8,S,34,32554.72,4140.89,17748754.0,83619674.3,428576568
4659.8,S,34,32555.70,4140.91,17748754.0,83619674.4,428576575
4660.8,S,34,32556.69,4140.92,17748754.0,83619674.6,428576577
4661.8,S,34,32557.67,4140.94,17748754.0,83619674.7,428576580
4662.8,S,34,32558.57,4140.96,17748754.0,83619740.0,428576671
4663.8,S,34,32559.56,4140.97,17748754.0,83619740.1,428576673
4664.8,S,34,32560.54,4140.99,17748754.0,83619740.3,428576676
4665.8,S,34,32561.47,4141.02,17748754.0,83619804.9,428576731
4666.8,S,34,32562.40,4141.07,17748754.0,83619821.3,428576754
4667.8,S,34,32563.39,4141.08,17748754.0,83619822.0,428576758
4668.8,S,34,32564.38,4141.09,17748754.0,83619822.2,428576762
4669.8,S,34,32565.36,4141.11,17748754.0,83619822.5,428576767
4670.8,S,34,32566.29,4141.14,17748754.0,83619887.1,428576830
4671.8,S,34,32567.28,4141.15,17748754.0,83619887.2,428576830
4672.8,S,34,32568.26,4141.16,17748754.0,83619887.7,428576832
4673.8,S,34,32569.24,4141.19,17748754.0,83619888.2,428576836
4674.8,S,34,32570.17,4141.21,17748754.0,83619953.0,428576900
4675.8,S,34,32571.16,4141.23,17748754.0,83619953.1,428576900
4676.8,S,34,32572.14,4141.25,17748754.0,83619953.2,428576903
4677.8,S,34,32573.04,4141.30,17748754.0,83620006.3,428576955
4678.8,S,41,32576.88,4141.36,17748754.0,83620007.3,428576958
4679.8,S,41,32584.78,4141.47,17748754.0,83620007.6,428576963
4680.8,S,41,32592.65,4141.60,17748754.0,83620007.7,428576965
4681.8,S,41,32600.32,4141.73,17748754.0,83620109.8,428577166
4682.8,S,41,32605.91,4141.84,17748754.0,83620299.6,428577889
4683.8,S,41,32611.58,4141.97,17748754.0,83620472.4,428578563
4684.8,S,41,32619.49,4142.07,17748754.0,83620473.1,428578568
4685.8,S,41,32627.01,4142.19,17748754.0,83620579.0,428578956
4686.8,S,41,32634.51,4142.30,17748754.0,83620672.6,428579292
4687.8,S,41,32638.28,4142.41,17748754.0,83620906.1,428580287
4688.8,S,41,32645.81,4142.54,17748754.0,83621048.2,428580637
4689.8,S,41,32653.68,4142.66,17748754.0,83621089.1,428580673
4690.8,S,41,32661.49,4142.79,17748754.0,83621171.0,428580745
4691.8,S,41,32669.12,4142.92,17748754.0,83621339.6,428580895
4692.8,S,41,32676.83,4143.06,17748754.0,83621416.5,428581083
4693.8,S,41,32682.87,4143.16,17748754.0,83621614.5,428581821
4694.8,S,41,32689.63,4143.28,17748754.0,83621696.1,428582166
4695.8,S,41,32696.02,4143.41,17748754.0,83621839.3,428582696
4696.8,S,41,32703.67,4143.54,17748754.0,83621905.7,428582952
4697.8,S,41,32710.63,4143.66,17748754.0,83622028.9,428583326
4698.8,S,41,32718.46,4143.78,17748754.0,83622106.0,428583391
4699.8,S,41,32726.13,4143.93,17748754.1,83622366.3,428583616
4700.8,S,41,32733.79,4144.04,17748754.1,83622429.8,428583871
4701.8,S,41,32741.19,4144.17,17748754.1,83622529.9,428584223
4702.8,S,41,32748.48,4144.30,17748754.1,83622606.5,428584535
4703.8,S,41,32754.64,4144.42,17748754.1,83622734.5,428585119
4704.8,S,41,32761.09,4144.55,17748754.1,83622930.7,428585778
4705.8,S,41,32768.88,4144.66,17748754.1,83622967.2,428585901
4706.8,S,41,32776.34,4144.79,17748754.1,83623051.5,428586323
4707.8,S,41,32783.05,4144.91,17748754.1,83623156.1,428586745
4708.8,S,41,32789.50,4145.05,17748754.1,83623383.0,428587376
4709.8,S,41,32797.34,4145.17,17748754.1,83623451.9,428587435
4710.8,S,41,32805.19,4145.28,17748754.1,83623520.1,428587492
4711.8,S,41,32812.97,4145.43,17748754.1,83623645.2,428587600
4712.8,S,41,32819.78,4145.57,17748754.1,83623759.4,428587952
4713.8,S,41,32827.34,4145.69,17748754.1,83623831.5,428588289
4714.8,S,41,32833.79,4145.85,17748754.1,83624060.4,428589034
4715.8,S,41,32840.33,4145.97,17748754.1,83624206.4,428589550
4716.8,S,41,32847.83,4146.09,17748754.1,83624310.1,428589961
4717.8,S,41,32855.64,4146.22,17748754.1,83624327.1,428590042
4718.8,S,41,32862.19,4146.34,17748754.1,83624503.1,428590695
4719.8,S,41,32869.57,4146.47,17748754.1,83624629.1,428591229
4720.8,S,41,32877.35,4146.59,17748754.1,83624771.1,428591355
4721.9,S,41,32885.20,4146.71,17748754.1,83624837.2,428591416
4722.9,S,41,32892.93,4146.83,17748754.1,83624982.2,428591541
4723.9,S,41,32899.50,4146.96,17748754.1,83625143.0,428592111
4724.9,S,41,32906.68,4147.07,17748754.1,83625211.3,428592367
4725.9,S,41,32914.10,4147.20,17748754.1,83625329.3,428592778
4726.9,S,40,32920.03,4147.30,17748754.1,83625447.6,428593268
4727.9,S,40,32924.82,4147.39,17748754.1,83625634.9,428593953
4728.9,S,40,32931.26,4147.50,17748754.1,83625670.0,428594107
4729.9,S,36,32934.46,4147.58,17748754.1,83625855.0,428594788
4730.9,S,34,32935.10,4148.07,17748754.1,83625941.9,428595105
4731.9,S,34,32942.24,4149.27,17748754.1,83625943.2,428595113
4732.9,S,34,32951.03,4150.59,17748754.1,83625943.3,428595115
4733.9,S,34,32959.71,4151.85,17748754.1,83625973.7,428595163
4734.9,S,34,32968.37,4153.42,17748754.1,83625974.2,428595170
4735.9,S,34,32977.14,4154.82,17748754.1,83626039.0,428595230
4736.9,S,34,32985.85,4156.11,17748754.1,83626039.3,428595233
4737.9,S,34,32994.56,4157.46,17748754.1,83626066.8,428595260
4738.9,S,34,33003.30,4158.78,17748754.1,83626067.4,428595263
4739.9,S,34,33011.92,4160.11,17748754.1,83626067.6,428595266
4740.9,S,34,33020.60,4161.43,17748754.1,83626067.8,428595271
4741.9,S,34,33029.23,4162.91,17748754.1,83626132.4,428595328
4742.9,S,34,33037.83,4164.31,17748754.1,83626132.9,428595333
4743.9,S,34,33046.60,4165.62,17748754.1,83626133.4,428595337
4744.9,S,34,33055.22,4166.96,17748754.1,83626133.8,428595345
4745.9,S,34,33063.82,4168.34,17748754.1,83626134.3,428595352
4746.9,S,42,33070.00,4169.19,17748754.1,83626421.0,428595942
4747.9,S,41,33084.13,4170.88,17748754.1,83626566.3,428596293
4748.9,S,35,33094.73,4172.47,17748754.1,83626681.3,428596613
4749.9,S,34,33103.42,4173.88,17748754.1,83626682.1,428596616
4750.9,S,34,33112.27,4175.31,17748754.1,83626682.3,428596619
4751.9,S,34,33121.02,4176.62,17748754.1,83626682.5,428596623
4752.9,S,34,33129.51,4178.02,17748754.1,83626747.1,428596826
4753.9,S,34,33138.31,4179.29,17748754.1,83626747.6,428596831
4754.9,S,34,33147.06,4180.69,17748754.1,83626747.8,428596838
4755.9,S,34,33155.74,4182.03,17748754.1,83626748.3,428596843
4756.9,S,34,33164.43,4183.31,17748754.1,83626765.3,428596900
4757.9,S,34,33173.01,4184.78,17748754.1,83626818.7,428597073
4758.9,S,34,33181.71,4186.23,17748754.1,83626825.5,428597110
4759.9,S,34,33190.51,4187.49,17748754.1,83626826.2,428597117
4760.9,S,34,33199.41,4188.72,17748754.1,83626826.4,428597118
4761.9,S,34,33208.23,4189.97,17748754.1,83626827.0,428597124
4762.9,S,34,33216.85,4191.23,17748754.1,83626891.5,428597336
4763.9,S,34,33221.83,4192.04,17748754.1,83627009.6,428597816
4764.9,S,42,33233.56,4193.28,17748754.1,83627219.7,428598150
4765.9,S,35,33246.99,4195.07,17748754.1,83627367.3,428598288
4766.9,S,34,33255.93,4196.54,17748754.1,83627389.3,428598309
4767.9,S,34,33264.59,4197.85,17748754.1,83627454.0,428598451
4768.9,S,34,33273.41,4199.20,17748754.1,83627454.2,428598454
4769.9,S,34,33282.15,4200.59,17748754.1,83627454.5,428598456
4770.9,S,34,33290.73,4201.94,17748754.1,83627500.6,428598621
4771.9,S,34,33299.67,4203.26,17748754.1,83627500.7,428598629
4772.9,S,34,33308.36,4204.60,17748754.1,83627501.4,428598634
4773.9,S,34,33317.06,4205.91,17748754.1,83627501.6,428598641
4774.9,S,34,33325.83,4207.27,17748754.1,83627511.6,428598671
4775.9,S,34,33333.97,4208.52,17748754.1,83627567.0,428598856
4776.9,S,34,33342.70,4209.83,17748754.1,83627567.2,428598857
4777.9,S,34,33351.31,4211.20,17748754.1,83627567.4,428598860
4778.9,S,34,33359.93,4212.54,17748754.1,83627567.8,428598863
4779.9,S,34,33368.30,4213.78,17748754.1,83627632.4,428599154
4780.9,S,34,33376.97,4215.15,17748754.1,83627633.0,428599163
4781.9,S,34,33381.59,4215.86,17748754.1,83627759.7,428599674
4782.9,S,42,33389.78,4216.84,17748754.1,83627890.2,428600179
4783.9,S,41,33399.79,4218.12,17748754.1,83628061.8,428600947
4784.9,S,35,33409.78,4219.40,17748754.1,83628168.3,428601354
4785.9,S,34,33418.81,4220.85,17748754.1,83628187.9,428601422
4786.9,S,34,33427.54,4222.26,17748754.1,83628188.5,428601425
4787.9,S,34,33436.26,4223.67,17748754.1,83628188.8,428601427
4788.9,S,34,33444.83,4224.99,17748754.1,83628253.7,428601642
4789.9,S,34,33453.64,4226.52,17748754.1,83628254.0,428601643
4790.9,S,34,33462.47,4227.88,17748754.1,83628254.2,428601645
4791.9,S,34,33471.13,4229.20,17748754.1,83628254.7,428601655
4792.9,S,34,33479.80,4230.67,17748754.1,83628254.9,428601657
4793.9,S,34,33488.33,4232.07,17748754.1,83628319.6,428601885
4794.9,S,34,33496.75,4233.52,17748754.1,83628329.4,428601938
4795.9,S,34,33505.45,4234.82,17748754.1,83628329.9,428601941
4796.9,S,34,33514.12,4236.19,17748754.1,83628330.0,428601947
4797.9,S,34,33522.96,4237.53,17748754.1,83628330.7,428601950
4798.9,S,34,33531.57,4238.96,17748754.1,83628395.4,428602063
4799.9,S,34,33540.31,4240.34,17748754.1,83628395.9,428602067
4800.9,S,42,33551.85,4241.80,17748754.1,83628718.7,428602365
4801.9,S,36,33564.76,4243.51,17748754.1,83628854.5,428602791
4802.9,S,34,33573.91,4244.87,17748754.1,83628893.1,428602930
4803.9,S,34,33582.53,4246.18,17748754.1,83628965.6,428603160
4804.9,S,34,33591.01,4247.72,17748754.1,83628967.7,428603185
4805.9,S,34,33599.94,4249.02,17748754.1,83628968.1,428603195
4806.9,S,34,33608.77,4250.37,17748754.1,83628968.1,428603196
4807.9,S,34,33617.49,4251.74,17748754.1,83628968.8,428603197
4808.9,S,34,33625.93,4253.14,17748754.1,83629033.5,428603496
4809.9,S,34,33634.64,4254.44,17748754.1,83629033.9,428603503
4810.9,S,34,33643.38,4255.77,17748754.1,83629034.1,428603507
4811.9,S,34,33652.12,4257.26,17748754.1,83629034.3,428603510
4812.9,S,34,33660.99,4258.67,17748754.1,83629034.8,428603518
4813.9,S,34,33669.13,4260.04,17748754.1,83629099.6,428603793
4814.9,S,34,33677.84,4261.27,17748754.1,83629099.6,428603793
4815.9,S,34,33686.61,4262.66,17748754.1,83629099.9,428603794
4816.9,S,34,33695.13,4263.95,17748754.1,83629138.9,428604011
4817.9,S,34,33700.64,4264.78,17748754.1,83629250.9,428604427
4818.9,S,42,33710.06,4265.89,17748754.1,83629396.6,428604858
4819.9,S,38,33724.32,4267.71,17748754.1,83629580.9,428605026
4820.9,S,34,33729.88,4268.51,17748754.1,83629701.2,428605135
4821.9,S,34,33730.87,4268.52,17748754.1,83629701.8,428605137
4822.9,S,34,33731.85,4268.54,17748754.1,83629702.0,428605141
4823.9,S,34,33732.84,4268.55,17748754.1,83629729.8,428605172
4824.9,S,34,33733.64,4268.58,17748754.1,83629794.4,428605369
4825.9,S,34,33734.63,4268.59,17748754.1,83629794.6,428605371
4826.9,S,34,33735.61,4268.61,17748754.1,83629795.0,428605375
4827.9,S,34,33736.60,4268.62,17748754.1,83629795.1,428605384
4828.9,S,34,33737.40,4268.64,17748754.1,83629859.7,428605579
4829.9,S,34,33738.28,4268.73,17748754.1,83629870.6,428605615
4830.9,S,34,33739.27,4268.75,17748754.1,83629870.8,428605617
4831.9,S,34,33740.25,4268.76,17748754.1,83629871.3,428605617
4832.9,S,34,33741.23,4268.79,17748754.1,83629871.5,428605620
4833.9,S,34,33741.99,4268.80,17748754.1,83629936.1,428605855
4834.9,S,34,33742.97,4268.82,17748754.1,83629936.6,428605858
4835.9,S,34,33743.96,4268.83,17748754.1,83629936.9,428605862
4836.9,S,34,33744.95,4268.85,17748754.1,83629937.0,428605863
4837.9,S,34,33745.72,4268.87,17748754.1,83630001.6,428606081
4838.9,S,34,33746.71,4268.88,17748754.1,83630001.8,428606087
4839.9,S,34,33747.70,4268.89,17748754.1,83630001.9,428606088
4840.9,S,34,33748.60,4268.91,17748754.1,83630016.2,428606176
4841.9,S,34,33749.37,4268.93,17748754.1,83630066.9,428606397
4842.9,S,34,33750.25,4268.97,17748754.1,83630088.8,428606470
4843.9,S,34,33751.24,4268.99,17748754.1,83630089.2,428606473
4844.9,S,34,33752.23,4269.00,17748754.1,83630089.4,428606476
4846.0,S,34,33753.21,4269.02,17748754.1,83630089.9,428606480
4847.0,S,34,33754.02,4269.03,17748754.1,83630154.5,428606676
4848.0,S,34,33755.01,4269.04,17748754.1,83630154.8,428606685
4849.0,S,34,33755.99,4269.06,17748754.1,83630182.1,428606773
4850.0,S,34,33756.97,4269.08,17748754.1,83630182.3,428606776
4851.0,S,34,33757.71,4269.11,17748754.1,83630246.9,428607027
4852.0,S,34,33758.69,4269.12,17748754.1,83630247.6,428607033
4853.0,S,34,33759.45,4269.17,17748754.1,83630320.7,428607285
4854.0,S,34,33760.43,4269.19,17748754.1,83630321.1,428607288
4855.0,S,34,33761.42,4269.21,17748754.1,83630321.3,428607293
4856.0,S,34,33762.40,4269.22,17748754.1,83630321.5,428607295
4857.0,S,34,33763.13,4269.25,17748754.1,83630386.4,428607559
4858.0,S,34,33764.11,4269.26,17748754.1,83630386.5,428607561
4859.0,S,34,33765.10,4269.28,17748754.1,83630386.7,428607562
4860.0,S,34,33766.09,4269.29,17748754.1,83630387.1,428607564
4861.0,S,34,33767.06,4269.31,17748754.2,83630457.2,428607895
4862.0,S,34,33768.05,4269.32,17748755.8,83630457.4,428607904
4863.0,S,34,33769.04,4269.33,17748756.3,83630457.5,428607907
4864.0,S,34,33769.98,4269.35,17748756.3,83630497.3,428608047
4865.0,S,34,33770.83,4269.37,17748756.3,83630524.0,428608185
4866.0,S,34,33771.73,4269.43,17748756.3,83630540.6,428608242
4867.0,S,34,33772.70,4269.45,17748756.3,83630540.9,428608253
4868.0,S,34,33773.69,4269.46,17748756.3,83630541.0,428608256
4869.0,S,34,33774.67,4269.48,17748756.3,83630542.1,428608265
4870.0,S,34,33775.40,4269.50,17748756.3,83630606.7,428608521
4871.0,S,34,33776.40,4269.51,17748756.3,83630606.9,428608524
4872.0,S,34,33777.38,4269.53,17748756.3,83630607.1,428608532
4873.0,S,34,33778.37,4269.54,17748756.3,83630607.2,428608532
4874.0,S,34,33779.13,4269.56,17748756.3,83630672.3,428608765
4875.0,S,34,33780.07,4269.60,17748756.3,83630684.9,428608786
4876.0,S,34,33781.06,4269.62,17748756.3,83630685.2,428608792
4877.0,S,34,33782.05,4269.63,17748756.3,83630685.3,428608792
4878.0,S,34,33783.02,4269.65,17748756.3,83630685.5,428608798
4879.0,S,34,33783.95,4269.68,17748756.3,83630750.5,428608854
4880.0,S,34,33784.93,4269.70,17748756.3,83630750.8,428608857
4881.0,S,34,33785.92,4269.71,17748756.3,83630751.0,428608859
4882.0,S,34,33786.85,4269.73,17748756.3,83630815.6,428608913
4883.0,S,34,33787.84,4269.75,17748756.3,83630815.7,428608914
4884.0,S,34,33788.83,4269.76,17748756.3,83630816.0,428608917
4885.0,S,34,33789.74,4269.81,17748756.3,83630854.2,428608959
4886.0,S,34,33790.72,4269.83,17748756.3,83630854.4,428608963
4887.0,S,34,33791.71,4269.84,17748756.3,83630854.5,428608964
4888.0,S,34,33792.63,4269.87,17748756.3,83630919.1,428609026
4889.0,S,34,33793.62,4269.89,17748756.3,83630919.2,428609027
4890.0,S,34,33794.61,4269.90,17748756.3,83630919.4,428609027
4891.0,S,34,33795.59,4269.92,17748756.3,83630919.9,428609028
4892.0,S,34,33796.53,4269.94,17748756.3,83630984.5,428609087
4893.0,S,34,33797.52,4269.95,17748756.3,83630984.6,428609088
4894.0,S,34,33798.50,4269.97,17748756.3,83630984.9,428609092
4895.0,S,34,33799.49,4269.98,17748756.3,83630985.1,428609095
4896.0,S,34,33800.43,4270.00,17748756.3,83631050.2,428609156
4897.0,S,34,33801.29,4270.06,17748756.3,83631074.8,428609239
4898.0,S,34,33802.28,4270.07,17748756.3,83631075.2,428609245
4899.0,S,34,33803.26,4270.09,17748756.3,83631075.3,428609246
4900.0,S,34,33804.26,4270.10,17748756.3,83631075.6,428609251
4901.0,S,34,33805.08,4270.12,17748756.3,83631140.3,428609421
4902.0,S,34,33806.06,4270.13,17748756.3,83631140.8,428609421
4903.0,S,34,33807.05,4270.14,17748756.3,83631140.9,428609422
4904.0,S,34,33808.04,4270.16,17748756.3,83631141.1,428609429
4905.0,S,34,33808.86,4270.19,17748756.3,83631205.6,428609593
4906.0,S,34,33809.85,4270.20,17748756.3,83631205.9,428609621
4907.0,S,34,33810.83,4270.22,17748756.3,83631206.3,428609623
4908.0,S,34,33811.83,4270.22,17748756.3,83631206.6,428609629
4909.0,S,34,33812.64,4270.25,17748756.3,83631271.2,428609798
4910.0,S,34,33813.63,4270.26,17748756.3,83631271.4,428609809
4911.0,S,34,33814.61,4270.28,17748756.3,83631271.7,428609814
4912.0,S,34,33815.43,4270.34,17748756.3,83631322.9,428609957
4913.0,S,34,33816.42,4270.35,17748756.3,83631323.2,428609957
4914.0,S,34,33817.40,4270.37,17748756.3,83631323.7,428609960
4915.0,S,34,33818.39,4270.38,17748756.3,83631323.7,428609961
4916.0,S,34,33819.21,4270.40,17748756.3,83631388.4,428610130
4917.0,S,34,33820.19,4270.42,17748756.3,83631388.4,428610130
4918.0,S,34,33821.17,4270.45,17748756.3,83631388.7,428610131
4919.0,S,34,33822.05,4270.47,17748756.3,83631420.2,428610245
4920.0,S,34,33822.94,4270.49,17748756.3,83631454.0,428610340
4921.0,S,34,33823.93,4270.50,17748756.3,83631454.0,428610341
4922.0,S,34,33824.91,4270.52,17748756.3,83631454.3,428610346
4923.0,S,34,33825.81,4270.54,17748756.3,83631518.7,428610435
4924.0,S,34,33826.80,4270.55,17748756.3,83631519.2,428610440
4925.0,S,34,33827.74,4270.60,17748756.3,83631544.4,428610470
4926.0,S,41,33832.58,4270.66,17748756.3,83631544.7,428610473
4927.0,S,41,33840.47,4270.78,17748756.3,83631545.0,428610478
4928.0,S,41,33848.37,4270.89,17748756.3,83631545.1,428610479
4929.0,S,41,33856.15,4271.03,17748756.3,83631656.1,428610575
4930.0,S,41,33863.57,4271.19,17748756.3,83631920.4,428610959
4931.0,S,41,33870.82,4271.32,17748756.3,83632069.4,428611426
4932.0,S,41,33878.73,4271.42,17748756.3,83632069.5,428611426
4933.0,S,41,33886.04,4271.55,17748756.3,83632222.0,428612014
4934.0,S,41,33892.76,4271.67,17748756.3,83632347.5,428612463
4935.0,S,41,33900.18,4271.80,17748756.3,83632488.5,428612956
4936.0,S,41,33907.62,4271.93,17748756.3,83632597.4,428613423
4937.0,S,41,33915.04,4272.05,17748756.3,83632693.2,428613765
4938.0,S,41,33921.74,4272.18,17748756.3,83632857.8,428614370
4939.0,S,41,33929.54,4272.30,17748756.3,83632982.6,428614482
4940.0,S,41,33937.38,4272.43,17748756.3,83633055.1,428614547
4941.0,S,41,33945.19,4272.56,17748756.3,83633151.7,428614634
4942.0,S,41,33952.75,4272.68,17748756.3,83633315.9,428614988
4943.0,S,41,33959.53,4272.80,17748756.3,83633447.1,428615479
4944.0,S,41,33967.01,4272.93,17748756.3,83633567.7,428615910
4945.0,S,41,33973.52,4273.05,17748756.3,83633690.0,428616399
4946.0,S,41,33981.28,4273.16,17748756.3,83633737.7,428616548
4947.0,S,41,33988.10,4273.30,17748756.3,83633877.8,428617017
4948.0,S,41,33995.72,4273.44,17748756.3,83634081.5,428617247
4949.0,S,41,34003.58,4273.56,17748756.3,83634142.8,428617301
4950.0,S,41,34011.33,4273.68,17748756.3,83634275.7,428617440
4951.0,S,41,34018.24,4273.80,17748756.3,83634379.1,428617848
4952.0,S,41,34024.95,4273.93,17748756.3,83634536.2,428618381
4953.0,S,41,34032.43,4274.06,17748756.3,83634663.9,428618760
4954.0,S,41,34040.05,4274.18,17748756.3,83634732.7,428618989
4955.0,S,41,34047.38,4274.31,17748756.3,83634868.3,428619393
4956.0,S,41,34053.34,4274.41,17748756.3,83635041.9,428620229
4957.0,S,41,34061.06,4274.54,17748756.3,83635095.6,428620406
4958.0,S,41,34067.74,4274.68,17748756.3,83635272.0,428621015
4959.0,S,41,34075.60,4274.79,17748756.3,83635323.2,428621065
4960.0,S,41,34083.39,4274.92,17748756.3,83635461.8,428621184
4961.0,S,41,34091.07,4275.06,17748756.3,83635657.0,428621417
4962.0,S,41,34098.77,4275.19,17748756.3,83635718.8,428621614
4963.0,S,41,34106.41,4275.32,17748756.3,83635777.8,428621871
4964.0,S,41,34112.15,4275.46,17748756.3,83635980.4,428622556
4965.0,S,41,34117.52,4275.56,17748756.3,83636174.8,428623268
4966.0,S,41,34125.16,4275.67,17748756.3,83636236.7,428623536
4967.1,S,41,34132.96,4275.80,17748756.3,83636261.4,428623615
4968.1,S,41,34139.77,4275.92,17748756.3,83636413.5,428624135
4969.1,S,41,34146.79,4276.04,17748756.3,83636580.5,428624678
4970.1,S,41,34154.34,4276.17,17748756.3,83636711.5,428624957
4971.1,S,41,34162.23,4276.29,17748756.3,83636711.7,428624962
4972.1,S,40,34169.40,4276.43,17748756.3,83636846.5,428625081
4973.1,S,40,34176.19,4276.55,17748756.3,83636977.1,428625199
4974.1,S,40,34181.95,4276.69,17748756.3,83637177.9,428625701
4975.1,S,37,34186.87,4276.78,17748756.3,83637325.7,428626223
4976.1,S,34,34187.92,4277.09,17748756.3,83637460.9,428626751
4977.1,S,34,34193.13,4278.23,17748756.3,83637462.4,428626763
4978.1,S,34,34201.80,4279.65,17748756.3,83637462.7,428626766
4979.1,S,34,34210.54,4280.88,17748756.3,83637463.3,428626771
4980.1,S,34,34219.10,4282.26,17748756.3,83637465.2,428626782
4981.1,S,34,34227.51,4283.51,17748756.3,83637529.9,428627001
4982.1,S,34,34236.26,4284.89,17748756.3,83637530.0,428627010
4983.1,S,34,34244.93,4286.38,17748756.3,83637530.3,428627015
4984.1,S,34,34253.61,4287.88,17748756.3,83637530.6,428627028
4985.1,S,34,34261.86,4289.37,17748756.3,83637585.6,428627309
4986.1,S,34,34270.48,4290.71,17748756.3,83637586.4,428627318
4987.1,S,34,34279.22,4292.04,17748756.3,83637586.7,428627322
4988.1,S,34,34287.96,4293.33,17748756.3,83637586.9,428627325
4989.1,S,34,34296.81,4294.71,17748756.3,83637587.1,428627334
4990.1,S,34,34305.44,4296.01,17748756.3,83637652.2,428627549
4991.1,S,34,34314.15,4297.28,17748756.3,83637652.7,428627554
4992.1,S,34,34317.50,4297.77,17748756.3,83637834.6,428628232
4993.1,S,42,34329.08,4298.97,17748756.3,83637931.0,428628647
4994.1,S,37,34341.21,4300.63,17748756.3,83638060.9,428628969
4995.1,S,34,34350.40,4302.20,17748756.3,83638179.3,428629075
4996.1,S,34,34359.25,4303.52,17748756.3,83638180.0,428629080
4997.1,S,34,34367.95,4304.80,17748756.3,83638180.7,428629085
4998.1,S,34,34376.65,4306.33,17748756.3,83638222.9,428629127
4999.1,S,34,34385.41,4307.77,17748756.3,83638223.0,428629129
5000.1,S,34,34394.43,4309.11,17748756.3,83638223.3,428629134
5001.1,S,34,34403.03,4310.27,17748756.3,83638223.5,428629137
5002.1,S,34,34411.49,4311.63,17748756.3,83638288.4,428629196
5003.1,S,34,34420.29,4312.97,17748756.3,83638288.9,428629200
5004.1,S,34,34429.26,4314.29,17748756.3,83638289.2,428629202
5005.1,S,34,34437.95,4315.68,17748756.3,83638289.4,428629203
5006.1,S,34,34446.93,4317.01,17748756.3,83638297.0,428629214
5007.1,S,34,34455.71,4318.35,17748756.3,83638354.5,428629267
5008.2,S,34,34464.32,4319.81,17748756.3,83638355.0,428629269
5009.2,S,34,34473.03,4321.28,17748756.3,83638395.4,428629375
5010.2,S,42,34475.76,4321.63,17748756.3,83638652.4,428630209
5011.2,S,42,34489.14,4323.13,17748756.3,83638787.4,428630678
5012.2,S,34,34499.42,4324.53,17748756.3,83638892.5,428631159
5013.2,S,34,34508.20,4325.84,17748756.3,83638893.1,428631162
5014.2,S,34,34516.76,4327.19,17748756.3,83638957.9,428631393
5015.2,S,34,34525.45,4328.50,17748756.3,83638958.2,428631404
5016.2,S,34,34534.11,4330.02,17748756.3,83638958.5,428631410
5017.2,S,34,34542.73,4331.49,17748756.3,83638958.7,428631413
5018.2,S,34,34551.20,4332.92,17748756.3,83638996.1,428631543
5019.2,S,34,34559.98,4334.22,17748756.3,83639024.0,428631650
5020.2,S,34,34568.80,4335.54,17748756.3,83639024.5,428631654
5021.2,S,34,34577.47,4336.96,17748756.3,83639060.0,428631733
5022.2,S,34,34586.29,4338.36,17748756.3,83639060.2,428631738
5023.2,S,34,34594.92,4339.78,17748756.3,83639060.5,428631740
5024.2,S,34,34603.58,4341.02,17748756.3,83639061.1,428631746
5025.2,S,34,34612.36,4342.29,17748756.3,83639061.6,428631748
5026.2,S,34,34620.90,4343.61,17748756.3,83639126.3,428631805
5027.2,S,34,34629.58,4344.96,17748756.3,83639126.5,428631807
5028.2,S,42,34638.58,4346.21,17748756.3,83639383.6,428632071
5029.2,S,39,34653.12,4348.05,17748756.3,83639537.9,428632381
5030.2,S,34,34661.79,4349.45,17748756.3,83639624.4,428632668
5031.2,S,34,34670.64,4350.84,17748756.3,83639689.0,428632856
5032.2,S,34,34679.21,4352.29,17748756.3,83639708.1,428632910
5033.2,S,34,34687.95,4353.78,17748756.3,83639708.3,428632911
5034.2,S,34,34696.54,4355.18,17748756.3,83639708.6,428632917
5035.2,S,34,34705.40,4356.60,17748756.3,83639709.4,428632922
5036.2,S,34,34714.21,4357.91,17748756.3,83639709.8,428632926
5037.2,S,34,34722.81,4359.21,17748756.3,83639774.4,428633076
5038.2,S,34,34731.79,4360.58,17748756.3,83639774.7,428633078
5039.2,S,34,34740.65,4362.01,17748756.3,83639774.8,428633081
5040.2,S,34,34749.27,4363.33,17748756.3,83639775.4,428633093
5041.2,S,34,34757.84,4364.63,17748756.3,83639840.0,428633311
5042.2,S,34,34766.46,4365.84,17748756.3,83639854.4,428633359
5043.2,S,34,34775.12,4367.13,17748756.3,83639854.6,428633364
5044.2,S,34,34783.89,4368.30,17748756.3,83639854.9,428633369
5045.2,S,34,34790.62,4369.40,17748756.3,83639907.7,428633615
5046.2,S,42,34795.82,4369.98,17748756.3,83640112.6,428634328
5047.2,S,40,34808.81,4371.54,17748756.3,83640315.4,428634968
5048.2,S,34,34819.63,4372.98,17748756.3,83640417.6,428635303
5049.2,S,34,34828.49,4374.33,17748756.3,83640417.9,428635308
5050.2,S,34,34837.38,4375.74,17748756.3,83640418.1,428635316
5051.2,S,34,34846.05,4377.08,17748756.3,83640418.7,428635322
5052.2,S,34,34854.58,4378.51,17748756.3,83640486.2,428635543
5053.2,S,34,34863.37,4379.93,17748756.3,83640486.8,428635548
5054.2,S,34,34872.07,4381.29,17748756.3,83640487.0,428635550
5055.2,S,34,34880.83,4382.72,17748756.3,83640487.4,428635555
5056.2,S,34,34889.62,4384.15,17748756.3,83640494.7,428635577
5057.2,S,34,34898.11,4385.56,17748756.3,83640552.5,428635760
5058.2,S,34,34907.02,4386.84,17748756.3,83640552.9,428635763
5059.2,S,34,34915.78,4388.11,17748756.3,83640553.2,428635768
5060.2,S,34,34924.62,4389.50,17748756.3,83640553.5,428635774
5061.2,S,34,34933.47,4390.80,17748756.3,83640618.5,428635831
5062.2,S,34,34942.25,4392.12,17748756.3,83640632.4,428635847
5063.2,S,34,34948.97,4393.16,17748756.3,83640884.1,428636089
5064.2,S,41,34962.77,4394.77,17748756.4,83641003.3,428636449
5065.2,S,35,34973.67,4396.27,17748756.4,83641107.0,428636856
5066.2,S,34,34976.35,4396.58,17748756.4,83641129.9,428636927
5067.2,S,34,34977.12,4396.60,17748756.4,83641194.8,428637149
5068.2,S,34,34978.11,4396.61,17748756.4,83641194.9,428637151
5069.2,S,34,34979.10,4396.63,17748756.4,83641195.4,428637157
5070.2,S,34,34980.08,4396.64,17748756.4,83641195.6,428637166
5071.2,S,34,34980.86,4396.67,17748756.4,83641260.2,428637372
5072.2,S,34,34981.84,4396.69,17748756.4,83641260.6,428637378
5073.2,S,34,34982.84,4396.70,17748756.4,83641260.8,428637383
5074.2,S,34,34983.73,4396.72,17748756.4,83641289.3,428637477
5075.2,S,34,34984.50,4396.81,17748756.4,83641333.1,428637621
5076.2,S,34,34985.48,4396.83,17748756.4,83641333.3,428637628
5077.2,S,34,34986.46,4396.85,17748756.4,83641333.5,428637633
5078.2,S,34,34987.45,4396.87,17748756.4,83641334.0,428637641
5079.2,S,34,34988.18,4396.89,17748756.4,83641398.6,428637901
5080.2,S,34,34989.17,4396.90,17748756.4,83641399.2,428637908
5081.2,S,34,34990.15,4396.92,17748756.4,83641399.3,428637911
5082.2,S,34,34991.13,4396.94,17748756.4,83641399.5,428637914
5083.2,S,34,34991.90,4396.96,17748756.4,83641464.3,428638134
5084.2,S,34,34992.88,4396.98,17748756.4,83641464.4,428638142
5085.2,S,34,34993.88,4396.99,17748756.4,83641464.6,428638145
5086.2,S,34,34994.86,4397.00,17748756.4,83641464.9,428638145
5087.2,S,34,34995.63,4397.03,17748756.4,83641529.5,428638372
5088.2,S,34,34996.47,4397.08,17748756.4,83641550.8,428638487
5089.2,S,34,34997.45,4397.09,17748756.4,83641551.0,428638492
5090.2,S,34,34998.44,4397.11,17748756.4,83641551.3,428638502
5091.2,S,34,34999.43,4397.13,17748756.4,83641551.8,428638505
5092.2,S,34,35000.20,4397.15,17748756.4,83641616.3,428638723
5093.2,S,34,35001.19,4397.16,17748756.4,83641616.5,428638728
5094.2,S,34,35002.17,4397.18,17748756.4,83641648.5,428638923
5095.2,S,34,35003.16,4397.19,17748756.4,83641648.7,428638932
5096.2,S,34,35003.87,4397.25,17748756.4,83641715.3,428639175
5097.2,S,34,35004.86,4397.26,17748756.4,83641715.7,428639178
5098.2,S,34,35005.84,4397.29,17748756.4,83641715.8,428639181
5099.2,S,34,35006.82,4397.30,17748756.4,83641716.5,428639187
5100.2,S,34,35007.61,4397.33,17748756.4,83641781.0,428639387
5101.2,S,34,35008.60,4397.34,17748756.4,83641781.2,428639390
5102.2,S,34,35009.58,4397.36,17748756.4,83641781.5,428639398
5103.2,S,34,35010.56,4397.38,17748756.4,83641781.7,428639402
5104.2,S,34,35011.37,4397.40,17748756.4,83641846.3,428639587
5105.2,S,34,35012.35,4397.41,17748756.4,83641846.8,428639588
5106.2,S,34,35013.34,4397.43,17748756.4,83641847.1,428639591
5107.2,S,34,35014.32,4397.45,17748756.4,83641847.4,428639600
5108.2,S,34,35015.12,4397.47,17748756.4,83641911.9,428639797
5109.2,S,34,35016.03,4397.53,17748756.4,83641919.9,428639828
5110.2,S,34,35017.01,4397.55,17748756.4,83641920.0,428639831
5111.2,S,34,35018.00,4397.57,17748756.4,83641920.7,428639836
5112.2,S,34,35018.90,4397.59,17748756.4,83641985.2,428639915
5113.2,S,34,35019.89,4397.61,17748756.4,83641985.4,428639919
5114.2,S,34,35020.88,4397.62,17748756.4,83641985.7,428639922
5115.2,S,34,35021.87,4397.63,17748756.4,83641985.9,428639924
5116.2,S,34,35022.77,4397.67,17748756.4,83642053.4,428639990
5117.2,S,34,35023.76,4397.68,17748756.4,83642053.6,428639994
5118.2,S,34,35024.75,4397.70,17748756.4,83642053.8,428639996
5119.2,S,34,35025.74,4397.71,17748756.4,83642054.2,428639996
5120.2,S,34,35026.67,4397.73,17748756.4,83642118.8,428640057
5121.2,S,34,35027.66,4397.75,17748756.4,83642119.0,428640062
5122.2,S,34,35028.64,4397.76,17748756.4,83642119.4,428640066
5123.2,S,34,35029.62,4397.78,17748756.4,83642119.6,428640068
5124.2,S,34,35030.55,4397.81,17748756.4,83642184.3,428640124
5125.2,S,34,35031.51,4397.84,17748756.4,83642197.8,428640142
5126.2,S,34,35032.50,4397.85,17748756.4,83642198.0,428640142
5127.2,S,34,35033.49,4397.86,17748756.4,83642198.4,428640144
5128.2,S,34,35034.42,4397.89,17748756.4,83642262.9,428640202
5129.2,S,34,35035.40,4397.90,17748756.4,83642263.1,428640207
5130.3,S,34,35036.39,4397.91,17748756.4,83642263.4,428640210
5131.3,S,34,35037.38,4397.92,17748756.4,83642263.7,428640212
5132.3,S,34,35038.18,4397.97,17748756.4,83642330.4,428640385
5133.3,S,34,35039.17,4397.98,17748756.4,83642331.0,428640392
5134.3,S,34,35040.15,4398.00,17748756.4,83642331.1,428640394
5135.3,S,34,35041.13,4398.02,17748756.4,83642331.3,428640402
5136.3,S,34,35041.85,4398.04,17748756.4,83642396.0,428640676
5137.3,S,34,35042.83,4398.06,17748756.4,83642396.3,428640677
5138.3,S,34,35043.82,4398.07,17748756.4,83642396.4,428640678
5139.3,S,34,35044.81,4398.09,17748756.4,83642397.0,428640682
5140.3,S,34,35045.57,4398.11,17748756.4,83642461.5,428640906
5141.3,S,34,35046.56,4398.12,17748756.4,83642461.7,428640910
5142.3,S,34,35047.55,4398.14,17748756.4,83642462.0,428640918
5143.3,S,34,35048.53,4398.16,17748756.4,83642462.2,428640921
5144.3,S,34,35049.22,4398.21,17748756.4,83642525.0,428641183
5145.3,S,34,35050.20,4398.23,17748756.4,83642525.1,428641187
5146.3,S,34,35051.19,4398.25,17748756.4,83642525.3,428641190
5147.3,S,34,35052.18,4398.26,17748756.4,83642525.7,428641199
5148.3,S,34,35053.06,4398.28,17748756.4,83642590.3,428641310
5149.3,S,34,35054.04,4398.30,17748756.4,83642590.8,428641316
5150.3,S,34,35055.03,4398.31,17748756.4,83642591.0,428641324
5151.3,S,34,35056.02,4398.32,17748756.4,83642591.2,428641327
5152.3,S,34,35056.92,4398.38,17748756.4,83642654.0,428641383
5153.3,S,34,35057.91,4398.39,17748756.4,83642654.5,428641388
5154.3,S,34,35058.89,4398.41,17748756.4,83642654.6,428641390
5155.3,S,34,35059.83,4398.43,17748756.4,83642719.5,428641447
5156.3,S,34,35060.80,4398.45,17748756.4,83642719.6,428641448
5157.3,S,34,35061.79,4398.47,17748756.4,83642719.9,428641453
5158.3,S,34,35062.77,4398.48,17748756.4,83642720.0,428641455
5159.3,S,34,35063.71,4398.51,17748756.4,83642784.8,428641514
5160.3,S,34,35064.69,4398.53,17748756.4,83642784.9,428641517
5161.3,S,34,35065.67,4398.54,17748756.4,83642785.4,428641522
5162.3,S,34,35066.66,4398.56,17748756.4,83642785.6,428641525
5163.3,S,34,35067.59,4398.58,17748756.4,83642850.2,428641585
5164.3,S,34,35068.57,4398.60,17748756.4,83642850.4,428641586
5165.3,S,34,35069.56,4398.61,17748756.4,83642850.6,428641589
5166.3,S,34,35070.46,4398.67,17748756.4,83642911.6,428641647
5167.3,S,34,35071.43,4398.70,17748756.4,83642912.6,428641655
5168.3,S,34,35072.42,4398.72,17748756.4,83642912.8,428641659
5169.3,S,34,35073.40,4398.73,17748756.4,83642913.1,428641661
5170.3,S,34,35074.27,4398.75,17748756.4,83642977.7,428641779
5171.3,S,34,35075.26,4398.76,17748756.4,83642977.9,428641782
5172.3,S,34,35076.25,4398.77,17748756.4,83642978.3,428641788
5173.3,S,34,35077.24,4398.79,17748756.4,83642978.4,428641795
5174.3,S,34,35078.13,4398.81,17748756.4,83643043.0,428641897
5175.3,S,34,35079.12,4398.82,17748756.4,83643043.3,428641900
5176.3,S,34,35079.93,4398.86,17748756.4,83643075.9,428642057
5177.3,S,41,35083.72,4398.90,17748756.4,83643076.5,428642062
5178.3,S,41,35091.61,4399.02,17748756.4,83643077.1,428642067
5179.3,S,41,35099.51,4399.13,17748756.4,83643077.3,428642069
5180.3,S,41,35107.22,4399.26,17748756.4,83643175.1,428642264
5181.3,S,41,35114.14,4399.42,17748756.4,83643481.9,428642893
5182.3,S,41,35121.76,4399.55,17748756.4,83643572.3,428643169
5183.3,S,41,35129.50,4399.68,17748756.4,83643622.4,428643319
5184.3,S,41,35137.26,4399.79,17748756.4,83643666.0,428643452
5185.3,S,41,35143.13,4399.92,17748756.4,83643792.3,428643989
5186.3,S,41,35150.57,4400.09,17748756.4,83644094.5,428644271
5187.3,S,41,35158.46,4400.21,17748756.4,83644094.7,428644273
5188.3,S,41,35166.19,4400.34,17748756.4,83644207.2,428644426
5189.3,S,41,35173.49,4400.46,17748756.4,83644320.0,428644848
5190.3,S,41,35178.99,4400.56,17748756.4,83644448.8,428645352
5191.3,S,41,35186.37,4400.69,17748756.4,83644592.6,428645877
5192.3,S,41,35194.26,4400.81,17748756.4,83644592.9,428645886
5193.3,S,41,35201.73,4400.95,17748756.4,83644740.2,428646435
5194.3,S,41,35207.99,4401.08,17748756.4,83644941.6,428647167
5195.3,S,41,35214.20,4401.21,17748756.4,83645164.9,428647875
5196.3,S,41,35222.11,4401.30,17748756.4,83645165.2,428647877
5197.3,S,41,35229.91,4401.43,17748756.4,83645279.8,428647979
5198.3,S,41,35237.71,4401.55,17748756.4,83645399.2,428648082
5199.3,S,41,35245.54,4401.67,17748756.4,83645470.6,428648154
5200.3,S,41,35252.74,4401.81,17748756.4,83645694.1,428648848
5201.3,S,41,35260.15,4401.92,17748756.4,83645765.3,428649121
5202.3,S,41,35267.25,4402.06,17748756.4,83645887.8,428649546
5203.3,S,41,35272.96,4402.18,17748756.4,83646022.6,428650098
5204.3,S,41,35279.57,4402.32,17748756.4,83646152.9,428650561
5205.3,S,41,35287.29,4402.44,17748756.4,83646214.1,428650751
5206.3,S,41,35294.76,4402.58,17748756.4,83646338.9,428651173
5207.3,S,41,35301.18,4402.71,17748756.4,83646514.1,428651804
5208.3,S,41,35309.06,4402.83,17748756.4,83646514.9,428651806
5209.3,S,41,35316.64,4402.98,17748756.4,83646718.0,428651987
5210.3,S,41,35324.50,4403.09,17748756.4,83646777.2,428652041
5211.3,S,41,35332.39,4403.20,17748756.4,83646777.7,428652045
5212.3,S,41,35339.26,4403.35,17748756.4,83647034.8,428652720
5213.3,S,41,35343.59,4403.46,17748756.4,83647287.1,428653603
5214.3,S,41,35351.26,4403.58,17748756.4,83647352.4,428653826
5215.3,S,41,35359.12,4403.68,17748756.4,83647366.5,428653878
5216.3,S,41,35366.71,4403.80,17748756.4,83647434.1,428654138
5217.3,S,41,35371.98,4403.93,17748756.4,83647672.3,428654957
5218.3,S,41,35378.76,4404.03,17748756.4,83647760.6,428655271
5219.3,S,41,35386.25,4404.16,17748756.4,83647844.4,428655685
5220.3,S,41,35394.08,4404.30,17748756.4,83647893.6,428655734
5221.3,S,41,35401.71,4404.47,17748756.4,83648093.2,428655904
5222.3,S,41,35409.40,4404.60,17748756.4,83648237.8,428656124
5223.3,S,40,35416.71,4404.73,17748756.4,83648386.3,428656685
5224.3,S,40,35423.27,4404.85,17748756.4,83648476.5,428657037
5225.3,S,40,35429.58,4404.95,17748756.4,83648609.7,428657542
5226.3,S,40,35435.75,4405.05,17748756.4,83648720.2,428657882
5227.3,S,35,35437.47,4405.14,17748756.4,83648950.6,428658869
5228.3,S,34,35438.04,4405.63,17748756.4,83648959.7,428658915
5229.3,S,34,35445.39,4406.95,17748756.4,83648960.6,428658930
5230.3,S,34,35454.17,4408.36,17748756.4,83648962.2,428658934
5231.3,S,34,35462.73,4409.98,17748756.4,83648962.4,428658937
5232.3,S,34,35471.31,4411.47,17748756.4,83648962.7,428658941
5233.3,S,34,35479.57,4412.97,17748756.4,83649027.8,428659175
5234.3,S,34,35488.24,4414.40,17748756.4,83649028.3,428659185
5235.3,S,34,35497.09,4415.77,17748756.4,83649028.9,428659195
5236.3,S,34,35505.91,4417.21,17748756.4,83649029.1,428659198
5237.3,S,34,35514.64,4418.51,17748756.4,83649029.3,428659207
5238.3,S,34,35523.23,4420.01,17748756.4,83649094.0,428659433
5239.3,S,34,35532.01,4421.36,17748756.4,83649094.8,428659437
5240.3,S,34,35540.71,4422.67,17748756.4,83649095.2,428659447
5241.3,S,34,35549.37,4424.07,17748756.4,83649136.8,428659594
5242.3,S,34,35558.18,4425.34,17748756.4,83649136.9,428659601
5243.3,S,34,35566.90,4426.75,17748756.4,83649137.3,428659606
5244.3,S,42,35574.15,4427.86,17748756.4,83649363.0,428659879
5245.3,S,41,35590.38,4429.64,17748756.4,83649536.3,428660056
5246.3,S,34,35599.90,4431.03,17748756.4,83649667.7,428660549
5247.3,S,34,35608.57,4432.45,17748756.4,83649668.0,428660554
5248.3,S,34,35617.42,4433.84,17748756.4,83649668.2,428660557
5249.3,S,34,35626.19,4435.23,17748756.4,83649668.5,428660565
5250.3,S,34,35634.53,4436.72,17748756.4,83649729.8,428660790
5251.4,S,34,35643.39,4438.11,17748756.4,83649730.4,428660802
5252.4,S,34,35652.25,4439.51,17748756.4,83649730.6,428660805
5253.4,S,34,35660.92,4440.92,17748756.4,83649730.8,428660815
5254.4,S,34,35669.49,4442.32,17748756.4,83649759.0,428660916
5255.4,S,34,35677.97,4443.75,17748756.4,83649796.0,428661086
5256.4,S,34,35686.72,4445.11,17748756.4,83649796.4,428661092
5257.4,S,34,35695.41,4446.45,17748756.4,83649796.6,428661095
5258.4,S,34,35704.21,4447.72,17748756.4,83649796.9,428661103
5259.4,S,34,35712.69,4449.05,17748756.4,83649861.6,428661431
5260.4,S,34,35721.37,4450.47,17748756.4,83649869.5,428661470
5261.4,S,34,35727.89,4451.52,17748756.4,83649954.9,428661759
5262.4,S,42,35732.94,4452.09,17748756.4,83650127.2,428662462
5263.4,S,41,35746.22,4453.64,17748756.4,83650256.3,428662987
5264.4,S,35,35755.78,4455.01,17748756.4,83650380.3,428663442
5265.4,S,34,35763.66,4456.31,17748756.4,83650431.8,428663688
5266.4,S,34,35772.55,4457.58,17748756.4,83650432.4,428663692
5267.4,S,34,35781.35,4458.93,17748756.4,83650433.1,428663695
5268.4,S,34,35790.16,4460.28,17748756.4,83650433.2,428663696
5269.4,S,34,35798.74,4461.73,17748756.4,83650497.9,428663787
5270.4,S,34,35807.61,4463.03,17748756.4,83650498.2,428663789
5271.4,S,34,35816.37,4464.33,17748756.4,83650498.5,428663792
5272.4,S,34,35825.31,4465.78,17748756.4,83650498.8,428663795
5273.4,S,34,35833.92,4467.18,17748756.4,83650499.4,428663800
5274.4,S,34,35842.74,4468.59,17748756.4,83650564.1,428663856
5275.4,S,34,35851.26,4470.03,17748756.4,83650578.3,428663875
5276.4,S,34,35859.88,4471.39,17748756.4,83650578.5,428663878
5277.4,S,34,35868.82,4472.72,17748756.4,83650579.0,428663884
5278.4,S,34,35877.58,4474.02,17748756.4,83650579.6,428663887
5279.4,S,34,35885.41,4475.30,17748756.4,83650740.7,428664029
5280.4,S,42,35896.26,4476.66,17748756.4,83650920.3,428664421
5281.4,S,39,35908.07,4478.11,17748756.4,83651094.6,428664905
5282.4,S,34,35917.66,4479.63,17748756.4,83651141.2,428665038
5283.4,S,34,35926.51,4481.00,17748756.4,83651169.8,428665099
5284.4,S,34,35935.03,4482.36,17748756.4,83651217.2,428665237
5285.4,S,34,35943.81,4483.73,17748756.4,83651217.7,428665246
5286.4,S,34,35952.49,4485.10,17748756.4,83651218.1,428665251
5287.4,S,34,35961.22,4486.38,17748756.4,83651218.3,428665255
5288.4,S,34,35970.14,4487.64,17748756.4,83651219.1,428665259
5289.4,S,34,35978.61,4489.06,17748756.4,83651283.8,428665528
5290.4,S,34,35987.29,4490.45,17748756.4,83651284.3,428665545
5291.4,S,34,35996.08,4491.88,17748756.4,83651284.6,428665546
5292.4,S,34,36005.01,4493.26,17748756.4,83651284.8,428665547
5293.4,S,34,36013.45,4494.66,17748756.4,83651333.1,428665688
5294.4,S,34,36021.71,4495.99,17748756.4,83651350.3,428665752
5295.4,S,34,36030.24,4497.24,17748756.4,83651371.9,428665828
5296.4,S,34,36038.99,4498.51,17748756.4,83651372.1,428665836
5297.4,S,34,36043.92,4499.23,17748756.4,83651499.8,428666314
5298.4,S,42,36051.39,4500.11,17748756.4,83651629.3,428666874
5299.4,S,40,36064.28,4501.69,17748756.4,83651772.1,428667360
5300.4,S,34,36073.27,4503.11,17748756.4,83651934.6,428667806
5301.4,S,34,36081.97,4504.45,17748756.4,83651934.9,428667811
5302.4,S,34,36090.67,4505.82,17748756.4,83651935.1,428667814
5303.4,S,34,36099.50,4507.08,17748756.4,83651963.8,428667850
5304.4,S,34,36107.98,4508.45,17748756.4,83652028.3,428667905
5305.4,S,34,36116.60,4509.80,17748756.4,83652029.2,428667911
5306.4,S,34,36125.37,4511.24,17748756.4,83652049.8,428667932
5307.4,S,34,36134.12,4512.44,17748756.4,83652050.4,428667934
5308.4,S,34,36142.90,4513.64,17748756.4,83652050.6,428667934
5309.4,S,34,36151.77,4514.93,17748756.4,83652050.8,428667938
5310.4,S,34,36160.62,4516.33,17748756.4,83652115.4,428667997
5311.4,S,34,36169.28,4517.74,17748756.4,83652116.0,428668002
5312.4,S,34,36178.05,4519.21,17748756.4,83652116.1,428668005
5313.4,S,34,36186.82,4520.46,17748756.4,83652116.6,428668010
5314.4,S,34,36195.52,4521.84,17748756.4,83652176.2,428668064
5315.4,S,34,36202.64,4522.89,17748756.4,83652306.4,428668291
5316.4,S,42,36210.02,4523.73,17748756.4,83652433.9,428668861
5317.4,S,41,36222.52,4525.18,17748756.4,83652581.8,428669461
5318.4,S,34,36229.52,4526.22,17748756.4,83652701.4,428669993
5319.4,S,34,36230.29,4526.23,17748756.4,83652766.0,428670216
5320.4,S,34,36231.28,4526.25,17748756.4,83652766.1,428670223
5321.4,S,34,36232.27,4526.26,17748756.4,83652766.7,428670226
5322.4,S,34,36233.25,4526.28,17748756.4,83652766.9,428670231
5323.4,S,34,36234.01,4526.31,17748756.4,83652831.8,428670463
5324.4,S,34,36235.01,4526.32,17748756.4,83652831.9,428670466
5325.4,S,34,36235.78,4526.40,17748756.4,83652869.4,428670610
5326.4,S,34,36236.77,4526.42,17748756.4,83652869.9,428670620
5327.4,S,34,36237.76,4526.43,17748756.4,83652870.5,428670622
5328.4,S,34,36238.75,4526.45,17748756.4,83652870.7,428670630
5329.4,S,34,36239.51,4526.47,17748756.4,83652935.3,428670858
5330.4,S,34,36240.49,4526.48,17748756.4,83652935.9,428670862
5331.4,S,34,36241.48,4526.50,17748756.4,83652936.1,428670870
5332.4,S,34,36242.47,4526.51,17748756.4,83652936.4,428670873
5333.4,S,34,36243.23,4526.53,17748756.4,83653001.1,428671102
5334.4,S,34,36244.22,4526.54,17748756.4,83653001.2,428671104
5335.4,S,34,36245.21,4526.55,17748756.4,83653001.5,428671106
5336.4,S,34,36246.19,4526.57,17748756.4,83653001.6,428671108
5337.4,S,34,36246.91,4526.59,17748756.4,83653066.5,428671384
5338.4,S,34,36247.81,4526.64,17748756.4,83653079.0,428671439
5339.4,S,34,36248.80,4526.66,17748756.4,83653079.2,428671443
5340.4,S,34,36249.78,4526.67,17748756.4,83653079.3,428671451
5341.4,S,34,36250.76,4526.69,17748756.4,83653079.7,428671453
5342.4,S,34,36251.51,4526.71,17748756.4,83653144.5,428671693
5343.4,S,34,36252.50,4526.73,17748756.4,83653144.8,428671696
5344.4,S,34,36253.48,4526.75,17748756.4,83653144.9,428671699
5345.4,S,34,36254.47,4526.76,17748756.4,83653145.1,428671702
5346.4,S,34,36255.27,4526.78,17748756.4,83653209.8,428671890
5347.4,S,34,36256.21,4526.83,17748756.4,83653225.3,428671910
5348.4,S,34,36257.19,4526.84,17748756.4,83653225.9,428671912
5349.4,S,34,36258.18,4526.86,17748756.4,83653226.1,428671916
5350.4,S,34,36259.16,4526.88,17748756.4,83653226.3,428671918
5351.4,S,34,36260.09,4526.91,17748756.4,83653320.3,428671999
5352.4,S,34,36261.07,4526.93,17748756.4,83653320.7,428672002
5353.4,S,34,36262.05,4526.94,17748756.4,83653321.1,428672007
5354.4,S,34,36262.98,4526.97,17748756.4,83653385.7,428672065
5355.4,S,34,36263.97,4526.98,17748756.4,83653386.1,428672071
5356.4,S,34,36264.96,4527.00,17748756.4,83653389.1,428672074
5357.4,S,34,36265.89,4527.04,17748756.4,83653422.0,428672105
5358.4,S,34,36266.87,4527.06,17748756.4,83653422.9,428672111
5359.4,S,34,36267.86,4527.07,17748756.4,83653423.0,428672113
5360.4,S,34,36268.79,4527.09,17748756.4,83653487.6,428672171
5361.4,S,34,36269.77,4527.11,17748756.4,83653487.8,428672173
5362.4,S,34,36270.76,4527.13,17748756.4,83653488.0,428672175
5363.4,S,34,36271.75,4527.14,17748756.4,83653488.4,428672179
5364.4,S,34,36272.66,4527.17,17748756.4,83653553.1,428672244
5365.4,S,34,36273.65,4527.18,17748756.4,83653553.2,428672245
5366.4,S,34,36274.49,4527.23,17748756.4,83653582.8,428672369
5367.4,S,34,36275.48,4527.24,17748756.4,83653582.9,428672372
5368.4,S,34,36276.47,4527.25,17748756.4,83653583.1,428672382
5369.4,S,34,36277.45,4527.27,17748756.4,83653583.7,428672385
5370.4,S,34,36278.21,4527.30,17748756.4,83653648.3,428672610
5371.4,S,34,36279.19,4527.31,17748756.4,83653648.4,428672612
5372.4,S,34,36280.18,4527.32,17748756.4,83653648.6,428672620
5373.5,S,34,36281.17,4527.34,17748756.4,83653648.8,428672623
5374.5,S,34,36281.90,4527.39,17748756.4,83653714.4,428672853
5375.5,S,34,36282.89,4527.40,17748756.4,83653715.1,428672863
5376.5,S,34,36283.88,4527.42,17748756.4,83653715.3,428672866
5377.5,S,34,36284.86,4527.43,17748756.4,83653715.5,428672869
5378.5,S,34,36285.59,4527.46,17748756.4,83653780.2,428673126
5379.5,S,34,36286.58,4527.48,17748756.4,83653780.3,428673132
5380.5,S,34,36287.56,4527.49,17748756.4,83653781.0,428673137
5381.5,S,34,36288.54,4527.51,17748756.4,83653781.1,428673140
5382.5,S,34,36289.32,4527.53,17748756.4,83653845.7,428673354
5383.5,S,34,36290.30,4527.55,17748756.4,83653845.9,428673359
5384.5,S,34,36291.29,4527.56,17748756.4,83653846.1,428673361
5385.5,S,34,36292.03,4527.61,17748756.4,83653896.2,428673584
5386.5,S,34,36293.01,4527.64,17748756.4,83653896.6,428673594
5387.5,S,34,36293.99,4527.66,17748756.4,83653896.7,428673597
5388.5,S,34,36294.97,4527.67,17748756.4,83653896.9,428673601
5389.5,S,34,36295.72,4527.70,17748756.4,83653961.5,428673839
5390.5,S,34,36296.71,4527.71,17748756.4,83653961.7,428673841
5391.5,S,34,36297.70,4527.72,17748756.4,83653962.3,428673844
5392.5,S,34,36298.68,4527.74,17748756.4,83653962.5,428673849
5393.5,S,34,36299.44,4527.77,17748756.4,83654027.1,428674075
5394.5,S,34,36300.42,4527.79,17748756.4,83654027.2,428674079
5395.5,S,34,36301.25,4527.85,17748756.4,83654060.2,428674205
5396.5,S,34,36302.24,4527.86,17748756.4,83654060.9,428674211
5397.5,S,34,36303.23,4527.87,17748756.4,83654061.2,428674213
5398.5,S,34,36304.19,4527.90,17748756.4,83654068.9,428674238
5399.5,S,34,36304.91,4527.92,17748756.4,83654125.9,428674502
5400.5,S,34,36305.89,4527.94,17748756.4,83654126.1,428674504
5401.5,S,34,36306.87,4527.95,17748756.4,83654126.2,428674512
5402.5,S,34,36307.81,4527.97,17748756.4,83654142.1,428674564
5403.5,S,34,36308.59,4527.99,17748756.4,83654191.4,428674775
5404.5,S,34,36309.61,4528.01,17748756.4,83654191.6,428674779
5405.5,S,34,36310.60,4528.03,17748756.4,83654191.8,428674786
5406.5,S,34,36311.52,4528.05,17748756.4,83654214.8,428674859
5407.5,S,34,36312.32,4528.10,17748756.4,83654262.0,428675011
5408.5,S,34,36313.31,4528.12,17748756.4,83654262.5,428675016
5409.5,S,34,36314.30,4528.12,17748756.4,83654262.6,428675017
5410.5,S,34,36315.28,4528.15,17748756.4,83654262.7,428675025
5411.5,S,34,36316.06,4528.17,17748756.4,83654327.2,428675230
5412.5,S,34,36317.05,4528.18,17748756.4,83654327.5,428675232
5413.5,S,34,36318.03,4528.20,17748756.4,83654328.0,428675240
5414.5,S,34,36319.01,4528.22,17748756.4,83654328.2,428675244
5415.5,S,34,36319.80,4528.24,17748756.4,83654392.9,428675455
5416.5,S,34,36320.78,4528.26,17748756.4,83654393.1,428675464
5417.5,S,34,36321.58,4528.31,17748756.4,83654435.2,428675620
5418.5,S,34,36322.57,4528.33,17748756.4,83654435.8,428675630
5419.5,S,34,36323.55,4528.34,17748756.4,83654436.5,428675634
5420.5,S,34,36324.55,4528.35,17748756.4,83654436.6,428675640
5421.5,S,34,36325.30,4528.37,17748756.4,83654501.2,428675895
5422.5,S,34,36326.28,4528.39,17748756.4,83654501.3,428675898
5423.5,S,34,36327.26,4528.40,17748756.4,83654501.5,428675898
5424.5,S,34,36328.25,4528.42,17748756.4,83654529.5,428675933
5425.5,S,34,36329.18,4528.45,17748756.4,83654594.0,428675990
5426.5,S,34,36330.17,4528.46,17748756.4,83654594.1,428675992
5427.5,S,34,36331.10,4528.50,17748756.4,83654627.2,428676023
5428.5,S,41,36335.81,4528.57,17748756.4,83654627.8,428676028
5429.5,S,41,36343.70,4528.68,17748756.4,83654629.0,428676031
5430.5,S,41,36351.57,4528.81,17748756.4,83654629.2,428676033
5431.5,S,41,36359.39,4528.92,17748756.4,83654735.9,428676136
5432.5,S,41,36366.02,4529.07,17748756.4,83655028.3,428676856
5433.5,S,41,36373.16,4529.17,17748756.4,83655108.0,428677124
5434.5,S,41,36381.04,4529.30,17748756.4,83655108.7,428677130
5435.5,S,41,36387.84,4529.46,17748756.4,83655362.3,428677947
5436.5,S,41,36395.28,4529.58,17748756.4,83655397.1,428678078
5437.5,S,41,36402.50,4529.68,17748756.4,83655496.8,428678449
5438.5,S,41,36409.99,4529.81,17748756.4,83655612.6,428678650
5439.5,S,41,36417.67,4529.96,17748756.4,83655862.8,428678867
5440.5,S,41,36425.46,4530.08,17748756.4,83655926.5,428678974
5441.5,S,41,36433.28,4530.22,17748756.4,83655949.2,428679049
5442.5,S,41,36439.10,4530.32,17748756.4,83656165.0,428679762
5443.5,S,41,36446.68,4530.44,17748756.4,83656269.6,428680096
5444.5,S,41,36454.30,4530.57,17748756.4,83656351.8,428680379
5445.5,S,41,36461.70,4530.68,17748756.4,83656486.2,428680912
5446.5,S,41,36468.37,4530.81,17748756.4,83656678.7,428681532
5447.5,S,41,36475.09,4530.94,17748756.4,83656806.3,428681941
5448.5,S,41,36483.01,4531.03,17748756.4,83656806.7,428681946
5449.5,S,41,36489.70,4531.15,17748756.4,83656898.3,428682246
5450.5,S,41,36496.03,4531.28,17748756.4,83657064.6,428682624
5451.5,S,41,36503.36,4531.41,17748756.4,83657320.0,428682897
5452.5,S,41,36511.18,4531.54,17748756.4,83657326.2,428682931
5453.5,S,41,36518.89,4531.67,17748756.4,83657381.5,428683115
5454.5,S,41,36525.52,4531.78,17748756.4,83657473.7,428683485
5455.5,S,41,36531.89,4531.91,17748756.4,83657680.3,428684207
5456.5,S,41,36539.44,4532.04,17748756.4,83657788.7,428684557
5457.5,S,41,36546.27,4532.14,17748756.4,83657850.4,428684824
5458.5,S,41,36553.83,4532.27,17748756.4,83657940.8,428685170
5459.5,S,41,36559.72,4532.40,17748756.4,83658109.9,428685712
5460.5,S,41,36566.43,4532.53,17748756.4,83658231.7,428686196
5461.5,S,41,36573.48,4532.64,17748756.4,83658298.3,428686419
5462.5,S,41,36581.30,4532.77,17748756.4,83658374.6,428686486
5463.5,S,41,36589.12,4532.88,17748756.4,83658495.7,428686590
5464.5,S,41,36595.63,4533.03,17748756.4,83658787.5,428687187
5465.5,S,41,36602.84,4533.13,17748756.4,83658857.0,428687484
5466.5,S,41,36610.50,4533.25,17748756.4,83658917.1,428687738
5467.5,S,41,36618.39,4533.38,17748756.4,83658917.2,428687740
5468.5,S,41,36625.35,4533.54,17748756.4,83659086.9,428688337
5469.5,S,41,36628.81,4533.64,17748756.4,83659340.8,428689269
5470.5,S,41,36636.53,4533.75,17748756.4,83659358.9,428689453
5471.5,S,41,36643.71,4533.87,17748756.4,83659487.9,428689903
5472.5,S,41,36651.20,4533.97,17748756.4,83659550.4,428690121
5473.5,S,41,36658.69,4534.09,17748756.4,83659727.7,428690412
5474.5,S,40,36666.24,4534.23,17748756.4,83659952.4,428690603
5475.5,S,40,36673.00,4534.34,17748756.4,83660016.7,428690750
5476.5,S,40,36679.90,4534.46,17748756.4,83660016.9,428690755
5477.5,S,39,36684.65,4534.55,17748756.4,83660184.7,428691367
5478.5,S,37,36688.66,4534.67,17748756.4,83660394.4,428692066
5479.5,S,34,36690.20,4534.74,17748756.4,83660493.0,428692414
5480.5,S,34,36693.71,4535.85,17748756.4,83660495.0,428692430
5481.5,S,34,36702.32,4537.26,17748756.4,83660495.3,428692439
5482.5,S,34,36711.16,4538.58,17748756.4,83660495.5,428692442
5483.5,S,34,36719.94,4540.00,17748756.4,83660495.8,428692450
5484.5,S,34,36728.58,4541.47,17748756.4,83660513.4,428692519
5485.5,S,34,36737.00,4542.88,17748756.4,83660562.7,428692782
5486.5,S,34,36745.55,4544.26,17748756.4,83660576.9,428692838
5487.5,S,34,36754.23,4545.58,17748756.4,83660577.1,428692840
5488.6,S,34,36762.87,4546.93,17748756.4,83660577.3,428692846
5489.6,S,34,36771.61,4548.31,17748756.4,83660577.6,428692851
5490.6,S,34,36780.22,4549.74,17748756.4,83660642.6,428693136
5491.6,S,34,36789.05,4551.01,17748756.4,83660642.9,428693156
5492.6,S,34,36797.63,4552.29,17748756.4,83660643.1,428693164
5493.6,S,34,36806.40,4553.65,17748756.4,83660643.4,428693168
5494.6,S,34,36814.92,4555.14,17748756.4,83660643.6,428693171
5495.6,S,34,36823.40,4556.56,17748756.4,83660708.4,428693411
5496.6,S,38,36824.78,4556.79,17748756.4,83660949.7,428694294
5497.6,S,41,36840.24,4558.64,17748756.4,83661081.6,428694423
5498.6,S,34,36852.07,4560.20,17748756.4,83661189.7,428694523
5499.6,S,34,36860.88,4561.49,17748756.4,83661190.0,428694527
5500.6,S,34,36869.75,4562.87,17748756.4,83661190.7,428694531
5501.6,S,34,36878.49,4564.30,17748756.4,83661255.7,428694590
5502.6,S,34,36887.09,4565.87,17748756.4,83661255.8,428694593
5503.6,S,34,36895.79,4567.20,17748756.4,83661256.0,428694597
5504.6,S,34,36904.49,4568.55,17748756.4,83661256.2,428694599
5505.6,S,34,36913.10,4569.94,17748756.4,83661302.8,428694650
5506.6,S,34,36921.69,4571.35,17748756.4,83661321.2,428694750
5507.6,S,34,36930.38,4572.84,17748756.4,83661321.8,428694759
5508.6,S,34,36938.92,4574.28,17748756.4,83661322.0,428694762
5509.6,S,34,36947.64,4575.70,17748756.4,83661322.2,428694766
5510.6,S,34,36956.31,4577.08,17748756.4,83661386.9,428695007
5511.6,S,34,36964.83,4578.60,17748756.4,83661399.3,428695070
5512.6,S,34,36973.64,4579.98,17748756.4,83661400.1,428695078
5513.6,S,34,36982.32,4581.32,17748756.4,83661403.0,428695084
5514.6,S,34,36983.30,4581.44,17748756.4,83661646.8,428696057
5515.6,S,42,36997.46,4583.10,17748756.4,83661730.3,428696331
5516.6,S,38,37008.07,4584.46,17748756.4,83661920.7,428696912
5517.6,S,34,37016.30,4585.86,17748756.4,83661963.1,428697052
5518.6,S,34,37025.02,4587.27,17748756.4,83661963.4,428697059
5519.6,S,34,37033.75,4588.66,17748756.4,83661963.5,428697060
5520.6,S,34,37042.56,4589.95,17748756.4,83661963.8,428697061
5521.6,S,34,37051.21,4591.27,17748756.4,83662028.4,428697160
5522.6,S,34,37059.73,4592.58,17748756.4,83662051.5,428697183
5523.6,S,34,37068.58,4593.91,17748756.4,83662051.8,428697186
5524.6,S,34,37077.30,4595.20,17748756.4,83662052.1,428697190
5525.6,S,34,37086.00,4596.56,17748756.4,83662052.3,428697192
5526.6,S,34,37094.74,4597.88,17748756.4,83662052.5,428697196
5527.6,S,34,37103.38,4599.18,17748756.4,83662117.6,428697255
5528.6,S,34,37112.01,4600.59,17748756.4,83662118.2,428697261
5529.6,S,34,37120.72,4602.08,17748756.4,83662118.3,428697263
5530.6,S,34,37129.62,4603.35,17748756.4,83662118.6,428697265
5531.6,S,34,37138.50,4604.69,17748756.4,83662183.2,428697319
5532.6,S,34,37144.64,4605.64,17748756.4,83662398.6,428697629
5533.6,S,42,37157.75,4607.28,17748756.4,83662536.6,428697956
5534.6,S,34,37170.21,4608.94,17748756.4,83662680.3,428698435
5535.6,S,34,37178.78,4610.26,17748756.4,83662733.2,428698559
5536.6,S,34,37187.26,4611.77,17748756.4,83662734.1,428698572
5537.6,S,34,37195.90,4613.17,17748756.4,83662734.4,428698577
5538.6,S,34,37204.76,4614.67,17748756.4,83662735.2,428698582
5539.6,S,34,37213.51,4616.17,17748756.4,83662735.8,428698584
5540.6,S,34,37222.02,4617.67,17748756.4,83662800.5,428698773
5541.6,S,34,37230.62,4619.09,17748756.4,83662800.6,428698775
5542.6,S,34,37239.44,4620.46,17748756.4,83662800.9,428698780
5543.6,S,34,37248.18,4621.84,17748756.4,83662801.1,428698782
5544.6,S,34,37256.85,4623.21,17748756.4,83662801.8,428698792
5545.6,S,34,37265.19,4624.58,17748756.4,83662869.1,428699040
5546.6,S,34,37273.86,4625.87,17748756.4,83662869.5,428699050
5547.6,S,34,37282.53,4627.33,17748756.4,83662869.6,428699053
5548.6,S,34,37291.24,4628.66,17748756.4,83662869.9,428699058
5549.6,S,34,37299.88,4629.94,17748756.4,83662870.0,428699065
5550.6,S,34,37305.38,4630.70,17748756.4,83663024.2,428699616
5551.6,S,42,37310.83,4631.28,17748756.4,83663192.1,428700298
5552.6,S,41,37323.21,4632.76,17748756.4,83663324.3,428700780
5553.6,S,34,37333.35,4634.35,17748756.4,83663432.3,428701127
5554.6,S,34,37342.22,4635.74,17748756.4,83663432.5,428701128
5555.6,S,34,37351.24,4637.09,17748756.4,83663497.9,428701188
5556.6,S,34,37360.05,4638.43,17748756.4,83663498.0,428701189
5557.6,S,34,37368.79,4639.63,17748756.4,83663526.6,428701220
5558.6,S,34,37377.68,4640.90,17748756.4,83663526.7,428701222
5559.6,S,34,37386.53,4642.20,17748756.4,83663527.0,428701225
5560.6,S,34,37395.29,4643.69,17748756.4,83663527.1,428701227
5561.6,S,34,37404.11,4645.06,17748756.4,83663592.4,428701288
5562.6,S,34,37412.99,4646.51,17748756.4,83663592.6,428701291
5563.6,S,34,37421.63,4647.85,17748756.4,83663592.9,428701293
5564.6,S,34,37430.43,4649.22,17748756.4,83663593.1,428701294
5565.6,S,34,37439.34,4650.52,17748756.4,83663657.7,428701352
5566.6,S,34,37448.24,4651.72,17748756.4,83663658.5,428701355
5567.6,S,34,37457.07,4652.95,17748756.4,83663658.7,428701356
5568.6,S,42,37463.13,4653.88,17748756.4,83663915.7,428701789
5569.6,S,42,37477.45,4655.54,17748756.4,83664043.3,428702158
5570.6,S,34,37486.66,4656.85,17748756.4,83664220.1,428702708
5571.6,S,34,37487.65,4656.87,17748756.4,83664220.3,428702715
5572.6,S,34,37488.63,4656.89,17748756.4,83664220.7,428702718
5573.6,S,34,37489.62,4656.90,17748756.4,83664221.4,428702724
5574.6,S,34,37490.37,4656.92,17748756.4,83664285.9,428702966
5575.6,S,34,37491.20,4657.02,17748756.4,83664301.7,428703044
5576.6,S,34,37492.19,4657.03,17748756.4,83664301.9,428703051
5577.6,S,34,37493.18,4657.04,17748756.4,83664302.1,428703053
5578.6,S,34,37494.16,4657.06,17748756.4,83664302.9,428703059
5579.6,S,34,37494.94,4657.09,17748756.4,83664367.5,428703264
5580.6,S,34,37495.92,4657.11,17748756.4,83664367.6,428703272
5581.6,S,34,37496.91,4657.12,17748756.4,83664367.8,428703277
5582.6,S,34,37497.89,4657.14,17748756.4,83664367.9,428703280
5583.6,S,34,37498.67,4657.16,17748756.4,83664432.9,428703492
5584.6,S,34,37499.66,4657.17,17748756.4,83664433.3,428703503
5585.6,S,34,37500.65,4657.18,17748756.4,83664433.5,428703507
5586.6,S,34,37501.44,4657.24,17748756.4,83664489.9,428703677
5587.6,S,34,37502.42,4657.26,17748756.4,83664490.1,428703682
5588.6,S,34,37503.41,4657.27,17748756.4,83664490.3,428703685
5589.6,S,34,37504.39,4657.29,17748756.4,83664491.2,428703690
5590.6,S,34,37505.18,4657.32,17748756.4,83664555.7,428703881
5591.6,S,34,37506.17,4657.33,17748756.4,83664555.9,428703886
5592.6,S,34,37507.16,4657.34,17748756.4,83664556.0,428703889
5593.6,S,34,37508.14,4657.36,17748756.4,83664556.2,428703893
5594.6,S,34,37509.06,4657.38,17748756.4,83664621.0,428703971
5595.6,S,34,37510.05,4657.39,17748756.4,83664621.3,428703975
5596.6,S,34,37511.03,4657.41,17748756.4,83664621.6,428703982
5597.6,S,34,37511.95,4657.45,17748756.4,83664669.3,428704030
5598.6,S,34,37512.94,4657.47,17748756.4,83664669.4,428704031
5599.6,S,34,37513.92,4657.48,17748756.4,83664669.6,428704033
5600.6,S,34,37514.91,4657.49,17748756.4,83664670.2,428704038
5601.6,S,34,37515.84,4657.51,17748756.4,83664734.9,428704096
5602.6,S,34,37516.82,4657.54,17748756.4,83664765.4,428704126
5603.6,S,34,37517.80,4657.56,17748756.4,83664765.6,428704127
5604.6,S,34,37518.73,4657.59,17748756.4,83664830.2,428704184
5605.7,S,34,37519.72,4657.60,17748756.4,83664830.6,428704186
5606.7,S,34,37520.63,4657.66,17748756.4,83664862.6,428704220
5607.7,S,34,37521.62,4657.67,17748756.4,83664862.7,428704223
5608.7,S,34,37522.61,4657.69,17748756.4,83664862.9,428704227
5609.7,S,34,37523.59,4657.70,17748756.4,83664863.0,428704230
5610.7,S,34,37524.52,4657.73,17748756.4,83664927.8,428704289
5611.7,S,34,37525.51,4657.74,17748756.4,83664928.3,428704291
5612.7,S,34,37526.50,4657.75,17748756.4,83664928.5,428704296
5613.7,S,34,37527.48,4657.77,17748756.4,83664928.6,428704310
5614.7,S,34,37528.34,4657.80,17748756.4,83664993.2,428704436
5615.7,S,34,37529.32,4657.82,17748756.4,83664993.5,428704440
5616.7,S,34,37530.31,4657.83,17748756.4,83664994.1,428704444
5617.7,S,34,37531.24,4657.85,17748756.4,83665030.7,428704501
5618.7,S,34,37532.17,4657.87,17748756.4,83665059.0,428704566
5619.7,S,34,37533.15,4657.89,17748756.4,83665059.1,428704568
5620.7,S,34,37534.01,4657.96,17748756.4,83665107.7,428704647
5621.7,S,34,37534.99,4657.97,17748756.4,83665107.9,428704649
5622.7,S,34,37535.98,4657.99,17748756.4,83665108.3,428704658
5623.7,S,34,37536.97,4658.00,17748756.4,83665108.7,428704661
5624.7,S,34,37537.78,4658.02,17748756.4,83665173.3,428704846
5625.7,S,34,37538.77,4658.03,17748756.4,83665173.5,428704849
5626.7,S,34,37539.74,4658.06,17748756.4,83665173.6,428704853
5627.7,S,34,37540.73,4658.07,17748756.4,83665174.1,428704858
5628.7,S,34,37541.54,4658.10,17748756.4,83665238.8,428705034
5629.7,S,34,37542.53,4658.11,17748756.4,83665239.0,428705036
5630.7,S,34,37543.42,4658.16,17748756.4,83665269.8,428705107
5631.7,S,34,37544.40,4658.19,17748756.4,83665269.9,428705114
5632.7,S,34,37545.38,4658.21,17748756.4,83665270.1,428705118
5633.7,S,34,37546.37,4658.22,17748756.4,83665270.6,428705121
5634.7,S,34,37547.23,4658.24,17748756.4,83665335.3,428705256
5635.7,S,34,37548.20,4658.27,17748756.4,83665335.5,428705258
5636.7,S,34,37549.19,4658.29,17748756.4,83665335.7,428705260
5637.7,S,34,37550.17,4658.30,17748756.4,83665335.8,428705262
5638.7,S,34,37551.04,4658.33,17748756.4,83665400.7,428705380
5639.7,S,34,37552.03,4658.34,17748756.4,83665401.0,428705382
5640.7,S,34,37553.02,4658.35,17748756.4,83665401.2,428705387
5641.7,S,34,37553.84,4658.37,17748756.4,83665463.8,428705563
5642.7,S,34,37554.81,4658.38,17748756.4,83665466.0,428705577
5643.7,S,34,37555.70,4658.44,17748756.4,83665488.7,428705642
5644.7,S,34,37556.69,4658.45,17748756.4,83665488.9,428705647
5645.7,S,34,37557.68,4658.46,17748756.4,83665489.4,428705655
5646.7,S,34,37558.67,4658.48,17748756.4,83665489.6,428705663
5647.7,S,34,37559.50,4658.50,17748756.4,83665554.2,428705823
5648.7,S,34,37560.49,4658.51,17748756.4,83665554.4,428705832
5649.7,S,34,37561.48,4658.52,17748756.4,83665554.9,428705836
5650.7,S,34,37562.38,4658.54,17748756.4,83665593.7,428705925
5651.7,S,34,37563.23,4658.59,17748756.4,83665634.3,428706032
5652.7,S,34,37564.22,4658.60,17748756.4,83665634.6,428706040
5653.7,S,34,37565.20,4658.62,17748756.4,83665634.7,428706041
5654.7,S,34,37566.19,4658.63,17748756.4,83665635.2,428706045
5655.7,S,34,37567.01,4658.65,17748756.4,83665699.7,428706221
5656.7,S,34,37567.98,4658.68,17748756.4,83665700.1,428706222
5657.7,S,34,37568.97,4658.69,17748756.4,83665728.8,428706311
5658.7,S,34,37569.95,4658.71,17748756.4,83665729.2,428706316
5659.7,S,34,37570.70,4658.73,17748756.4,83665793.8,428706562
5660.7,S,34,37571.69,4658.74,17748756.4,83665794.6,428706573
5661.7,S,34,37572.67,4658.76,17748756.4,83665794.9,428706576
5662.7,S,34,37573.65,4658.78,17748756.4,83665795.3,428706579
5663.7,S,34,37574.45,4658.83,17748756.4,83665856.8,428706739
5664.7,S,34,37575.44,4658.85,17748756.4,83665856.9,428706741
5665.7,S,34,37576.41,4658.87,17748756.4,83665857.3,428706745
5666.7,S,34,37577.40,4658.89,17748756.4,83665857.4,428706747
5667.7,S,34,37578.33,4658.91,17748756.4,83665922.2,428706803
5668.7,S,34,37579.31,4658.93,17748756.4,83665922.3,428706805
5669.7,S,34,37580.30,4658.94,17748756.4,83665922.6,428706808
5670.7,S,34,37581.24,4658.96,17748756.4,83665987.3,428706866
5671.7,S,34,37582.22,4658.98,17748756.4,83665987.5,428706870
5672.7,S,34,37583.15,4659.03,17748756.4,83666016.2,428706900
5673.7,S,34,37584.13,4659.05,17748756.4,83666016.6,428706905
5674.7,S,34,37585.11,4659.07,17748756.4,83666016.8,428706906
5675.7,S,34,37586.10,4659.09,17748756.4,83666017.0,428706909
5676.7,S,34,37587.02,4659.11,17748756.4,83666082.0,428706967
5677.7,S,34,37588.01,4659.12,17748756.4,83666082.2,428706967
5678.7,S,34,37589.00,4659.13,17748756.4,83666082.5,428706968
5679.7,S,41,37591.63,4659.20,17748756.4,83666132.0,428707018
5680.7,S,41,37599.52,4659.31,17748756.4,83666132.1,428707020
5681.7,S,41,37607.42,4659.41,17748756.4,83666132.4,428707025
5682.7,S,41,37615.24,4659.54,17748756.4,83666215.0,428707114
5683.7,S,41,37622.19,4659.66,17748756.4,83666326.8,428707511
5684.7,S,41,37628.36,4659.78,17748756.4,83666497.8,428708047
5685.7,S,41,37635.12,4659.92,17748756.4,83666675.2,428708702
5686.7,S,41,37642.80,4660.03,17748756.4,83666730.6,428708925
5687.7,S,41,37649.24,4660.15,17748756.4,83666855.3,428709391
5688.7,S,41,37655.60,4660.29,17748756.4,83666978.6,428709910
5689.7,S,41,37663.25,4660.41,17748756.4,83667059.0,428710158
5690.7,S,41,37670.19,4660.54,17748756.4,83667254.0,428710733
5691.7,S,41,37678.07,4660.67,17748756.4,83667254.2,428710736
5692.7,S,41,37685.87,4660.79,17748756.4,83667385.9,428710852
5693.7,S,41,37693.35,4660.94,17748756.4,83667620.6,428711118
5694.7,S,41,37701.03,4661.06,17748756.4,83667684.1,428711342
5695.7,S,41,37708.43,4661.18,17748756.4,83667819.3,428711759
5696.7,S,41,37714.63,4661.30,17748756.4,83667922.1,428712131
5697.7,S,41,37720.52,4661.42,17748756.4,83668090.8,428712732
5698.7,S,41,37728.20,4661.55,17748756.4,83668150.7,428712936
5699.7,S,41,37735.94,4661.70,17748756.4,83668196.1,428713070
5700.7,S,41,37743.46,4661.81,17748756.4,83668303.4,428713468
5701.7,S,41,37749.03,4661.97,17748756.4,83668562.0,428714315
5702.7,S,41,37756.41,4662.08,17748756.4,83668680.1,428714617
5703.7,S,41,37764.29,4662.21,17748756.4,83668680.4,428714622
5704.7,S,41,37772.09,4662.33,17748756.4,83668807.7,428714732
5705.7,S,41,37779.66,4662.47,17748756.4,83669023.7,428714930
5706.7,S,40,37786.16,4662.60,17748756.4,83669203.3,428715563
5707.7,S,40,37792.82,4662.69,17748756.4,83669236.8,428715684
5708.7,S,35,37795.26,4662.78,17748756.4,83669454.7,428716509
5709.7,S,34,37799.27,4663.81,17748756.4,83669502.0,428716666
5710.7,S,34,37808.14,4665.16,17748756.4,83669502.3,428716675
5711.7,S,34,37816.93,4666.45,17748756.4,83669502.8,428716681
5712.7,S,34,37825.55,4667.75,17748756.4,83669504.3,428716691
5713.7,S,34,37834.17,4669.08,17748756.4,83669522.4,428716772
5714.7,S,34,37841.99,4670.25,17748756.4,83669573.3,428716993
5715.7,S,34,37850.78,4671.50,17748756.4,83669573.5,428716996
5716.7,S,34,37859.60,4672.77,17748756.4,83669573.8,428717004
5717.7,S,34,37868.31,4674.19,17748756.4,83669574.5,428717008
5718.7,S,34,37876.85,4675.59,17748756.4,83669608.9,428717137
5719.7,S,34,37884.80,4676.98,17748756.4,83669639.6,428717268
5720.7,S,34,37893.48,4678.19,17748756.4,83669639.9,428717271
5721.7,S,34,37902.25,4679.57,17748756.4,83669640.2,428717280
5722.7,S,34,37910.90,4681.06,17748756.4,83669640.6,428717282
5723.7,S,34,37919.40,4682.46,17748756.4,83669705.4,428717488
5724.8,S,34,37927.55,4683.75,17748756.4,83669735.2,428717577
5725.8,S,42,37930.97,4684.12,17748756.4,83669941.2,428718432
5726.8,S,40,37946.37,4685.96,17748756.4,83670104.5,428718639
5727.8,S,34,37957.13,4687.71,17748756.4,83670207.6,428718739
5728.8,S,34,37965.98,4689.00,17748756.4,83670208.0,428718742
5729.8,S,34,37974.66,4690.33,17748756.4,83670208.3,428718746
5730.8,S,34,37983.37,4691.76,17748756.4,83670273.4,428718802
5731.8,S,34,37992.23,4693.08,17748756.4,83670273.6,428718805
5732.8,S,34,38001.00,4694.45,17748756.4,83670273.7,428718806
5733.8,S,34,38009.71,4696.00,17748756.4,83670274.3,428718812
5734.8,S,34,38018.06,4697.55,17748756.4,83670333.2,428718888
5735.8,S,34,38026.79,4699.00,17748756.4,83670333.8,428718892
5736.8,S,34,38035.68,4700.43,17748756.4,83670334.0,428718893
5737.8,S,34,38044.42,4701.80,17748756.4,83670334.2,428718896
5738.8,S,34,38053.08,4703.19,17748756.4,83670334.7,428718899
5739.8,S,34,38061.54,4704.50,17748756.4,83670399.5,428719181
5740.8,S,34,38070.23,4705.94,17748756.4,83670399.7,428719183
5741.8,S,34,38079.02,4707.23,17748756.4,83670400.1,428719192
5742.8,S,34,38084.06,4708.12,17748756.4,83670521.0,428719662
5743.8,S,42,38091.30,4708.92,17748756.4,83670721.6,428720444
5744.8,S,41,38104.23,4710.43,17748756.4,83670836.1,428720904
5745.8,S,34,38111.85,4711.59,17748756.4,83670961.7,428721370
5746.8,S,34,38112.88,4711.62,17748756.4,83670962.2,428721379
5747.8,S,34,38113.91,4711.65,17748756.4,83670962.4,428721384
5748.8,S,34,38114.66,4711.70,17748756.4,83671032.9,428721668
5749.8,S,34,38115.66,4711.78,17748756.4,83671033.3,428721671
5750.8,S,34,38116.71,4711.81,17748756.4,83671033.9,428721684
5751.8,S,34,38117.76,4711.83,17748756.4,83671034.5,428721693
5752.8,S,34,38118.64,4711.87,17748756.4,83671086.6,428721873
5753.8,S,34,38119.63,4711.90,17748756.4,83671099.2,428721925
5754.8,S,34,38120.67,4711.94,17748756.4,83671099.4,428721928
5755.8,S,34,38121.72,4711.96,17748756.4,83671099.9,428721936
5756.8,S,34,38122.59,4712.02,17748756.4,83671149.9,428722103
5757.8,S,34,38123.60,4712.04,17748756.4,83671164.9,428722165
5758.8,S,34,38124.57,4712.07,17748756.4,83671214.8,428722335
5759.8,S,34,38125.54,4712.15,17748756.4,83671225.2,428722387
5760.8,S,34,38126.59,4712.20,17748756.4,83671225.5,428722388
5761.8,S,34,38127.65,4712.23,17748756.4,83671226.2,428722392
5762.8,S,34,38128.57,4712.28,17748756.4,83671251.0,428722525
5763.8,S,34,38129.58,4712.32,17748756.4,83671291.4,428722579
5764.8,S,34,38130.64,4712.35,17748756.4,83671291.5,428722581
5765.8,S,34,38131.70,4712.38,17748756.4,83671291.7,428722586
5766.8,S,34,38132.71,4712.42,17748756.4,83671356.7,428722642
5767.8,S,34,38133.77,4712.45,17748756.4,83671357.0,428722645
5768.8,S,34,38134.83,4712.48,17748756.4,83671357.3,428722647
5769.8,S,34,38135.89,4712.52,17748756.4,83671357.5,428722651
5770.8,S,34,38136.90,4712.55,17748756.4,83671422.1,428722706
5771.8,S,34,38137.95,4712.58,17748756.4,83671441.3,428722728
5772.8,S,34,38138.96,4712.68,17748756.4,83671441.9,428722731
5773.8,S,34,38140.03,4712.73,17748756.4,83671442.1,428722734
5774.8,S,34,38141.11,4712.77,17748756.4,83671442.5,428722737
5775.8,S,34,38142.12,4712.83,17748756.4,83671507.2,428722796
5776.8,S,34,38143.18,4712.88,17748756.4,83671541.8,428722830
5777.8,S,34,38144.23,4712.94,17748756.4,83671542.4,428722836
5778.8,S,34,38145.30,4712.99,17748756.4,83671542.7,428722844
5779.8,S,34,38146.32,4713.03,17748756.4,83671607.6,428722903
5780.8,S,34,38147.39,4713.08,17748756.4,83671607.9,428722905
5781.8,S,34,38148.46,4713.13,17748756.4,83671608.0,428722908
5782.8,S,34,38149.53,4713.18,17748756.4,83671608.2,428722913
5783.8,S,34,38150.46,4713.28,17748756.4,83671672.0,428723022
5784.8,S,34,38151.57,4713.32,17748756.4,83671672.3,428723025
5785.8,S,34,38152.66,4713.37,17748756.4,83671672.8,428723025
5786.8,S,34,38153.73,4713.43,17748756.4,83671673.0,428723034
5787.8,S,34,38154.67,4713.48,17748756.4,83671737.5,428723200
5788.8,S,34,38155.77,4713.53,17748756.4,83671737.9,428723201
5789.8,S,34,38156.87,4713.56,17748756.4,83671738.0,428723203
5790.8,S,34,38157.98,4713.59,17748756.4,83671738.2,428723211
5791.8,S,34,38158.90,4713.63,17748756.4,83671802.8,428723409
5792.8,S,34,38160.01,4713.66,17748756.4,83671803.0,428723411
5793.8,S,34,38161.09,4713.73,17748756.4,83671804.0,428723434
5794.8,S,34,38162.20,4713.75,17748756.4,83671804.5,428723440
5795.8,S,34,38163.18,4713.81,17748756.4,83671869.1,428723570
5796.8,S,34,38164.26,4713.89,17748756.4,83671875.4,428723588
5797.8,S,34,38165.39,4713.93,17748756.4,83671875.8,428723590
5798.8,S,34,38166.50,4713.99,17748756.4,83671876.0,428723592
5799.8,S,34,38167.50,4714.06,17748756.4,83671940.8,428723722
5800.8,S,34,38168.63,4714.10,17748756.4,83671941.0,428723728
5801.8,S,34,38169.74,4714.16,17748756.4,83671941.1,428723730
5802.8,S,34,38170.85,4714.22,17748756.4,83671941.4,428723733
5803.8,S,34,38171.85,4714.27,17748756.4,83672006.0,428723874
5804.8,S,34,38172.98,4714.32,17748756.4,83672007.0,428723903
5805.8,S,34,38174.12,4714.35,17748756.4,83672007.4,428723905
5806.8,S,34,38175.23,4714.41,17748756.4,83672010.7,428723913
5807.8,S,34,38176.23,4714.48,17748756.4,83672075.2,428724031
5808.8,S,34,38177.33,4714.57,17748756.4,83672108.5,428724102
5809.8,S,34,38178.49,4714.63,17748756.4,83672108.6,428724104
5810.8,S,34,38179.66,4714.68,17748756.4,83672109.4,428724109
5811.8,S,34,38180.82,4714.74,17748756.4,83672109.7,428724111
5812.8,S,34,38181.81,4714.81,17748756.4,83672174.3,428724294
5813.8,S,34,38182.96,4714.87,17748756.4,83672174.6,428724295
5814.8,S,34,38184.14,4714.91,17748756.4,83672174.8,428724296
5815.8,S,34,38185.32,4714.95,17748756.4,83672175.8,428724318
5816.8,S,34,38186.34,4715.01,17748756.4,83672240.8,428724472
5817.8,S,34,38187.50,4715.06,17748756.4,83672241.0,428724480
5818.8,S,34,38188.66,4715.11,17748756.4,83672241.1,428724484
5819.8,S,34,38189.77,4715.17,17748756.4,83672254.6,428724535
5820.8,S,34,38190.73,4715.30,17748756.4,83672315.9,428724693
5821.8,S,34,38191.93,4715.36,17748756.4,83672316.3,428724695
5822.8,S,34,38193.13,4715.42,17748756.4,83672316.4,428724696
5823.8,S,34,38194.34,4715.48,17748756.4,83672316.9,428724712
5824.8,S,34,38195.38,4715.57,17748756.4,83672381.5,428724856
5825.8,S,34,38196.58,4715.65,17748756.4,83672382.1,428724864
5826.8,S,34,38197.79,4715.71,17748756.4,83672382.4,428724868
5827.8,S,34,38199.00,4715.76,17748756.4,83672383.4,428724871
5828.8,S,34,38200.06,4715.81,17748756.4,83672448.1,428725047
5829.8,S,34,38201.28,4715.86,17748756.4,83672448.2,428725048
5830.8,S,34,38202.39,4715.96,17748756.4,83672475.8,428725129
5831.8,S,34,38203.67,4716.01,17748756.4,83672475.9,428725131
5832.8,S,34,38204.94,4716.07,17748756.4,83672476.2,428725143
5833.8,S,34,38206.21,4716.14,17748756.4,83672476.6,428725147
5834.8,S,34,38207.31,4716.25,17748756.4,83672541.3,428725292
5835.8,S,34,38208.57,4716.32,17748756.4,83672541.4,428725294
5836.8,S,34,38209.84,4716.38,17748756.4,83672541.9,428725302
5837.8,S,34,38211.11,4716.45,17748756.4,83672547.6,428725311
5838.8,S,34,38212.28,4716.53,17748756.4,83672612.3,428725411
5839.8,S,34,38213.54,4716.59,17748756.4,83672612.9,428725420
5840.8,S,34,38214.79,4716.68,17748756.4,83672613.1,428725422
5841.8,S,34,38215.96,4716.81,17748756.4,83672664.2,428725468
5842.8,S,34,38217.28,4716.90,17748756.4,83672664.8,428725473
5843.9,S,34,38218.57,4716.99,17748756.4,83672665.0,428725476
5844.9,S,34,38219.86,4717.10,17748756.4,83672665.7,428725485
5845.9,S,34,38221.17,4717.18,17748756.4,83672666.1,428725493
5846.9,S,34,38222.43,4717.30,17748756.4,83672730.6,428725549
5847.9,S,34,38223.77,4717.37,17748756.4,83672731.0,428725552
5848.9,S,34,38225.09,4717.47,17748756.4,83672731.3,428725553
5849.9,S,34,38226.39,4717.57,17748756.4,83672731.8,428725558
5850.9,S,34,38227.64,4717.68,17748756.4,83672796.4,428725621
5851.9,S,34,38228.96,4717.77,17748756.4,83672796.6,428725624
5852.9,S,34,38230.28,4717.85,17748756.4,83672797.1,428725629
5853.9,S,34,38231.57,4717.99,17748756.4,83672848.4,428725676
5854.9,S,34,38232.96,4718.12,17748756.4,83672848.9,428725679
5855.9,S,34,38234.33,4718.24,17748756.4,83672849.2,428725682
5856.9,S,34,38235.74,4718.35,17748756.4,83672849.5,428725686
5857.9,S,34,38237.08,4718.46,17748756.4,83672914.0,428725745
5858.9,S,34,38238.49,4718.57,17748756.4,83672914.5,428725751
5859.9,S,34,38239.92,4718.66,17748756.4,83672914.7,428725753
5860.9,S,34,38241.33,4718.76,17748756.4,83672915.3,428725759
5861.9,S,34,38242.64,4718.89,17748756.4,83672979.8,428725841
5862.9,S,34,38244.04,4719.00,17748756.4,83672980.0,428725844
5863.9,S,34,38245.40,4719.18,17748756.4,83673007.3,428725920
5864.9,S,34,38246.91,4719.29,17748756.4,83673007.6,428725923
5865.9,S,34,38248.44,4719.39,17748756.4,83673007.7,428725925
5866.9,S,34,38249.92,4719.54,17748756.4,83673008.3,428725936
5867.9,S,34,38251.30,4719.66,17748756.4,83673072.8,428726082
5868.9,S,34,38252.82,4719.78,17748756.4,83673083.5,428726109
5869.9,S,34,38254.34,4719.89,17748756.4,83673083.8,428726112
5870.9,S,34,38255.85,4720.00,17748756.4,83673084.0,428726116
5871.9,S,34,38257.24,4720.12,17748756.4,83673149.1,428726266
5872.9,S,34,38258.72,4720.27,17748756.4,83673149.2,428726267
5873.9,S,34,38260.23,4720.39,17748756.4,83673150.2,428726280
5874.9,S,34,38261.73,4720.51,17748756.4,83673150.6,428726284
5875.9,S,34,38263.11,4720.65,17748756.4,83673215.1,428726441
5876.9,S,34,38264.61,4720.79,17748756.4,83673215.7,428726447
5877.9,S,34,38266.11,4720.98,17748756.4,83673244.0,428726503
5878.9,S,34,38267.76,4721.11,17748756.4,83673244.3,428726507
5879.9,S,34,38269.39,4721.26,17748756.4,83673244.4,428726515
5880.9,S,34,38271.04,4721.40,17748756.4,83673245.0,428726519
5881.9,S,34,38272.47,4721.55,17748756.4,83673309.5,428726727
5882.9,S,34,38274.13,4721.66,17748756.4,83673310.0,428726734
5883.9,S,34,38275.70,4721.85,17748756.4,83673310.3,428726735
5884.9,S,34,38277.33,4722.00,17748756.4,83673310.7,428726741
5885.9,S,34,38278.77,4722.18,17748756.4,83673375.6,428726928
5886.9,S,34,38280.41,4722.32,17748756.4,83673403.1,428727024
5887.9,S,34,38282.01,4722.52,17748756.4,83673431.2,428727107
5888.9,S,34,38283.79,4722.67,17748756.4,83673431.3,428727108
5889.9,S,34,38285.56,4722.83,17748756.4,83673431.5,428727115
5890.9,S,34,38287.27,4723.06,17748756.4,83673432.0,428727118
5891.9,S,34,38288.91,4723.23,17748756.4,83673496.7,428727319
5892.9,S,34,38290.68,4723.40,17748756.4,83673497.0,428727326
5893.9,S,34,38292.50,4723.52,17748756.4,83673497.1,428727334
5894.9,S,34,38294.19,4723.75,17748756.4,83673497.4,428727339
5895.9,S,34,38295.79,4723.94,17748756.4,83673562.0,428727545
5896.9,S,34,38297.55,4724.09,17748756.4,83673562.4,428727549
5897.9,S,34,38299.32,4724.25,17748756.4,83673562.5,428727557
5898.9,S,34,38301.09,4724.42,17748756.4,83673581.4,428727622
5899.9,S,34,38302.71,4724.59,17748756.4,83673641.4,428727805
5900.9,S,34,38304.47,4724.79,17748756.4,83673646.2,428727828
5901.9,S,34,38306.31,4725.00,17748756.4,83673664.5,428727886
5902.9,S,34,38308.27,4725.19,17748756.4,83673664.7,428727891
5903.9,S,34,38310.24,4725.36,17748756.4,83673664.9,428727892
5904.9,S,34,38312.18,4725.57,17748756.4,83673666.6,428727896
5905.9,S,34,38313.95,4725.75,17748756.4,83673731.4,428728134
5906.9,S,34,38315.93,4725.92,17748756.4,83673731.7,428728141
5907.9,S,34,38317.87,4726.12,17748756.4,83673732.1,428728150
5908.9,S,34,38319.82,4726.32,17748756.4,83673732.3,428728155
5909.9,S,34,38321.68,4726.52,17748756.4,83673797.2,428728281
5910.9,S,34,38323.66,4726.71,17748756.4,83673797.4,428728284
5911.9,S,34,38325.65,4726.98,17748756.4,83673823.9,428728310
5912.9,S,34,38327.83,4727.18,17748756.4,83673824.1,428728314
5913.9,S,34,38330.04,4727.37,17748756.4,83673824.4,428728317
5914.9,S,34,38332.18,4727.62,17748756.4,83673824.8,428728321
5915.9,S,34,38334.30,4727.85,17748756.4,83673889.6,428728382
5916.9,S,34,38336.48,4728.04,17748756.4,83673889.9,428728384
5917.9,S,34,38338.67,4728.24,17748756.4,83673890.0,428728387
5918.9,S,34,38340.85,4728.44,17748756.4,83673890.2,428728391
5919.9,S,34,38342.95,4728.68,17748756.4,83673955.0,428728447
5920.9,S,34,38345.13,4728.90,17748756.4,83673955.5,428728451
5921.9,S,34,38347.31,4729.10,17748756.4,83673955.7,428728453
5922.9,S,34,38349.49,4729.30,17748756.4,83673955.9,428728456
5923.9,S,34,38351.72,4729.58,17748756.4,83674015.2,428728510
5924.9,S,34,38354.24,4729.80,17748756.4,83674015.4,428728511
5925.9,S,34,38356.72,4730.05,17748756.4,83674015.8,428728516
5926.9,S,34,38359.19,4730.32,17748756.4,83674016.5,428728520
5927.9,S,34,38361.58,4730.62,17748756.4,83674081.0,428728580
5928.9,S,34,38364.00,4730.92,17748756.4,83674081.3,428728584
5929.9,S,34,38366.50,4731.19,17748756.4,83674114.5,428728618
5930.9,S,34,38369.03,4731.48,17748756.4,83674114.8,428728622
5931.9,S,34,38371.47,4731.78,17748756.4,83674115.5,428728624
5932.9,S,34,38373.83,4732.05,17748756.4,83674171.3,428728740
5933.9,S,34,38376.27,4732.34,17748756.4,83674180.2,428728784
5934.9,S,34,38378.70,4732.64,17748756.4,83674182.5,428728795
5935.9,S,34,38381.14,4732.94,17748756.4,83674182.7,428728805
5936.9,S,34,38383.58,4733.25,17748756.4,83674182.9,428728807
5937.9,S,34,38385.87,4733.55,17748756.4,83674248.1,428729082
5938.9,S,34,38388.31,4733.83,17748756.4,83674248.3,428729083
5939.9,S,34,38390.82,4734.17,17748756.4,83674276.6,428729177
5940.9,S,34,38393.59,4734.50,17748756.4,83674276.8,428729184
5941.9,S,34,38396.34,4734.83,17748756.4,83674277.0,428729187
5942.9,S,34,38399.11,4735.17,17748756.4,83674277.7,428729195
5943.9,S,34,38401.71,4735.54,17748756.4,83674340.3,428729376
5944.9,S,34,38404.54,4735.84,17748756.4,83674342.5,428729392
5945.9,S,34,38407.30,4736.17,17748756.4,83674342.8,428729392
5946.9,S,34,38410.06,4736.52,17748756.4,83674342.9,428729397
5947.9,S,34,38412.84,4736.85,17748756.4,83674343.2,428729401
5948.9,S,34,38415.47,4737.20,17748756.4,83674408.3,428729647
5949.9,S,34,38418.21,4737.59,17748756.4,83674408.7,428729650
5950.9,S,34,38421.00,4737.93,17748756.4,83674408.8,428729653
5951.9,S,34,38423.79,4738.29,17748756.4,83674409.1,428729664
5952.9,S,34,38426.37,4738.71,17748756.4,83674459.6,428729892
5953.9,S,34,38429.15,4739.07,17748756.4,83674474.3,428729970
5954.9,S,34,38431.92,4739.43,17748756.4,83674474.5,428729971
5955.9,S,34,38434.65,4739.84,17748756.4,83674474.7,428729974
5956.9,S,34,38437.42,4740.20,17748756.4,83674474.9,428729976
5957.9,S,34,38440.08,4740.57,17748756.4,83674539.5,428730232
5958.9,S,34,38443.04,4740.99,17748756.4,83674546.2,428730287
5959.9,S,34,38446.18,4741.32,17748756.4,83674547.1,428730292
5960.9,S,34,38449.15,4741.66,17748756.4,83674598.6,428730488
5961.9,S,34,38452.20,4742.07,17748756.4,83674598.9,428730497
5962.9,S,34,38455.20,4742.47,17748756.4,83674663.4,428730767
5963.9,S,34,38458.28,4742.86,17748756.4,83674663.7,428730772
5964.9,S,34,38461.33,4743.27,17748756.4,83674664.1,428730775
5966.0,S,34,38464.46,4743.63,17748756.4,83674667.9,428730787
5967.0,S,34,38467.55,4744.01,17748756.4,83674682.6,428730843
5968.0,S,34,38470.70,4744.41,17748756.4,83674733.3,428731049
5969.0,S,34,38473.77,4744.82,17748756.4,83674733.4,428731051
5970.0,S,34,38476.87,4745.21,17748756.4,83674733.7,428731063
5971.0,S,34,38479.95,4745.59,17748756.4,83674734.3,428731075
5972.0,S,34,38483.21,4746.07,17748756.4,83674794.6,428731264
5973.0,S,41,38491.05,4746.57,17748756.4,83674795.3,428731277
5974.0,S,41,38501.21,4747.22,17748756.4,83674795.4,428731278
5975.0,S,41,38511.35,4747.86,17748756.4,83674795.6,428731280
5976.0,S,41,38521.70,4748.42,17748756.4,83674796.1,428731287
5977.0,S,41,38530.49,4749.03,17748756.4,83674944.2,428731809
5978.0,S,41,38537.71,4749.57,17748756.4,83675235.4,428732421
5979.0,S,41,38547.88,4750.15,17748756.4,83675308.1,428732484
5980.0,S,41,38558.14,4750.76,17748756.4,83675308.4,428732487
5981.0,S,41,38568.27,4751.36,17748756.4,83675356.3,428732534
5982.0,S,41,38578.52,4751.92,17748756.4,83675480.6,428732688
5983.0,S,41,38586.41,4752.49,17748756.4,83675711.7,428733494
5984.0,S,41,38595.93,4753.06,17748756.4,83675747.9,428733658
5985.0,S,41,38605.97,4753.68,17748756.4,83675838.5,428734023
5986.0,S,41,38616.27,4754.32,17748756.4,83675838.9,428734024
5987.0,S,41,38623.95,4754.84,17748756.4,83676033.2,428734765
5988.0,S,41,38633.69,4755.50,17748756.4,83676160.0,428735185
5989.0,S,41,38643.36,4756.10,17748756.4,83676310.1,428735776
5990.0,S,41,38653.39,4756.70,17748756.4,83676370.7,428736022
5991.0,S,41,38663.63,4757.33,17748756.4,83676371.1,428736026
5992.0,S,41,38673.31,4757.97,17748756.4,83676642.2,428736394
5993.0,S,41,38682.94,4758.60,17748756.4,83676820.5,428736712
5994.0,S,41,38692.90,4759.19,17748756.4,83676882.3,428736948
5995.0,S,41,38702.65,4759.65,17748756.4,83676923.4,428737135
5996.0,S,49,38713.57,4760.24,17748756.4,83677162.7,428738083
5997.0,S,44,38726.88,4760.86,17748756.4,83677300.9,428738613
5998.0,S,41,38734.35,4761.20,17748756.4,83677490.3,428739304
5999.0,S,41,38741.92,4761.33,17748756.4,83677578.5,428739635
6000.0,S,41,38749.39,4761.43,17748756.4,83677627.3,428739853
6001.0,S,41,38756.62,4761.57,17748756.4,83677821.7,428740236
6002.0,S,41,38764.32,4761.72,17748756.4,83678033.2,428740429
6003.0,S,41,38772.12,4761.86,17748756.4,83678098.7,428740514
6004.0,S,41,38779.36,4761.98,17748756.4,83678159.9,428740741
6005.0,S,41,38785.77,4762.12,17748756.4,83678335.3,428741412
6006.0,S,41,38792.69,4762.25,17748756.4,83678472.2,428741824
6007.0,S,41,38800.23,4762.37,17748756.4,83678606.7,428742208
6008.0,S,41,38808.14,4762.46,17748756.4,83678607.2,428742210
6009.0,S,41,38814.29,4762.59,17748756.4,83678749.4,428742688
6010.0,S,41,38821.59,4762.74,17748756.4,83678945.5,428743283
6011.0,S,41,38829.11,4762.87,17748756.4,83679072.1,428743668
6012.0,S,41,38836.67,4762.99,17748756.4,83679150.0,428744018
6013.0,S,41,38844.42,4763.13,17748756.4,83679327.6,428744173
6014.0,S,41,38852.25,4763.25,17748756.4,83679390.4,428744227
6015.0,S,41,38860.07,4763.39,17748756.4,83679466.5,428744304
6016.0,S,40,38864.83,4763.50,17748756.4,83679673.6,428744934
6017.0,S,40,38871.36,4763.62,17748756.4,83679774.8,428745307
6018.0,S,40,38877.94,4763.72,17748756.4,83679859.7,428745650
6019.0,S,38,38882.86,4763.85,17748756.4,83680045.9,428746267
6020.0,S,35,38884.17,4763.88,17748756.4,83680151.1,428746653
6021.0,S,34,38886.49,4764.86,17748756.4,83680195.7,428746805
6022.0,S,34,38895.18,4766.28,17748756.4,83680195.8,428746805
6023.0,S,34,38903.78,4767.70,17748756.4,83680196.1,428746809
6024.0,S,34,38912.60,4768.97,17748756.4,83680196.5,428746809
6025.0,S,34,38921.37,4770.42,17748756.4,83680196.9,428746822
6026.0,S,34,38929.94,4771.78,17748756.4,83680261.3,428747059
6027.0,S,34,38938.58,4773.31,17748756.4,83680263.4,428747068
6028.0,S,34,38946.38,4774.45,17748756.4,83680397.9,428747550
6029.0,S,34,38955.07,4775.91,17748756.4,83680398.1,428747552
6030.0,S,34,38963.90,4777.24,17748756.4,83680398.7,428747554
6031.0,S,34,38972.45,4778.70,17748756.4,83680398.8,428747555
6032.0,S,34,38980.98,4780.13,17748756.4,83680463.8,428747778
6033.0,S,34,38989.49,4781.53,17748756.4,83680463.9,428747786
6034.0,S,34,38998.15,4782.86,17748756.4,83680464.2,428747789
6035.0,S,34,39006.73,4784.19,17748756.4,83680464.5,428747796
6036.0,S,34,39015.44,4785.58,17748756.4,83680465.1,428747808
6037.0,S,34,39024.08,4787.00,17748756.4,83680529.7,428747961
6038.0,S,42,39033.09,4788.30,17748756.4,83680677.5,428748115
6039.0,S,39,39047.55,4790.06,17748756.4,83680824.5,428748254
6040.0,S,34,39057.99,4791.42,17748756.4,83680917.2,428748438
6041.0,S,34,39066.33,4792.87,17748756.4,83680975.4,428748677
6042.0,S,34,39075.19,4794.14,17748756.4,83680975.6,428748687
6043.0,S,34,39083.82,4795.50,17748756.4,83680976.2,428748696
6044.0,S,34,39092.63,4796.78,17748756.4,83680976.5,428748696
6045.0,S,34,39101.26,4798.28,17748756.4,83680976.8,428748703
6046.0,S,34,39109.80,4799.52,17748756.4,83681041.3,428748965
6047.0,S,34,39118.53,4800.85,17748756.4,83681041.9,428748971
6048.0,S,34,39127.31,4802.20,17748756.4,83681042.1,428748974
6049.0,S,34,39136.05,4803.61,17748756.4,83681042.5,428748977
6050.0,S,34,39144.69,4804.87,17748756.4,83681088.5,428749141
6051.0,S,34,39153.30,4806.17,17748756.4,83681107.2,428749212
6052.0,S,34,39161.85,4807.44,17748756.4,83681131.9,428749339
6053.0,S,34,39170.73,4808.77,17748756.4,83681132.3,428749350
6054.0,S,34,39179.22,4810.00,17748756.4,83681132.5,428749353
6055.0,S,34,39187.71,4811.36,17748756.4,83681133.0,428749363
6056.0,S,42,39189.70,4811.62,17748756.4,83681389.9,428750221
6057.0,S,41,39203.28,4813.39,17748756.4,83681528.2,428750879
6058.0,S,37,39215.66,4815.09,17748756.4,83681659.1,428751349
6059.0,S,34,39223.59,4816.25,17748756.4,83681694.8,428751482
6060.0,S,34,39232.49,4817.57,17748756.4,83681695.0,428751485
6061.0,S,34,39241.32,4818.80,17748756.4,83681695.6,428751493
6062.0,S,34,39249.42,4820.01,17748756.4,83681760.4,428751743
6063.0,S,34,39258.30,4821.42,17748756.4,83681760.6,428751744
6064.0,S,34,39266.94,4822.82,17748756.4,83681785.5,428751844
6065.0,S,34,39275.66,4824.15,17748756.4,83681785.9,428751851
6066.0,S,34,39284.39,4825.58,17748756.4,83681786.5,428751856
6067.0,S,34,39293.15,4826.89,17748756.4,83681786.6,428751858
6068.0,S,34,39301.85,4828.29,17748756.4,83681851.3,428751997
6069.0,S,34,39310.53,4829.57,17748756.4,83681851.9,428752000
6070.0,S,34,39319.21,4831.02,17748756.4,83681852.2,428752005
6071.0,S,34,39327.74,4832.50,17748756.4,83681852.3,428752008
6072.0,S,34,39336.57,4833.87,17748756.4,83681852.8,428752013
6073.0,S,34,39345.18,4835.23,17748756.4,83681917.3,428752068
6074.0,S,42,39356.82,4836.67,17748756.4,83682186.8,428752311
6075.0,S,38,39368.20,4838.10,17748756.4,83682351.0,428752855
6076.0,S,34,39377.07,4839.46,17748756.4,83682414.4,428753098
6077.0,S,34,39385.81,4840.71,17748756.4,83682414.5,428753100
6078.0,S,34,39393.97,4842.21,17748756.4,83682483.5,428753370
6079.0,S,34,39402.69,4843.62,17748756.4,83682483.7,428753373
6080.0,S,34,39411.47,4845.05,17748756.4,83682484.5,428753382
6081.0,S,34,39420.38,4846.42,17748756.4,83682484.6,428753385
6082.0,S,34,39429.20,4847.56,17748756.4,83682484.9,428753388
6083.0,S,34,39437.65,4848.92,17748756.4,83682549.4,428753634
6084.0,S,34,39446.38,4850.24,17748756.4,83682550.1,428753637
6085.0,S,34,39455.21,4851.61,17748756.4,83682550.6,428753643
6086.0,S,34,39464.05,4852.93,17748756.4,83682550.7,428753646
6087.0,S,34,39472.70,4854.19,17748756.4,83682615.3,428753891
6088.0,S,34,39481.41,4855.56,17748756.4,83682615.8,428753908
6089.0,S,34,39490.10,4856.90,17748756.4,83682616.1,428753918
6090.1,S,34,39498.62,4858.26,17748756.4,83682650.3,428754049
6091.1,S,34,39505.38,4859.27,17748756.4,83682717.4,428754294
6092.1,S,42,39507.34,4859.45,17748756.4,83682907.9,428755209
6093.1,S,41,39520.33,4860.92,17748756.4,83683016.3,428755598
6094.1,S,34,39532.01,4862.46,17748756.4,83683148.0,428756024
6095.1,S,34,39532.93,4862.49,17748756.4,83683212.9,428756081
6096.1,S,34,39533.92,4862.51,17748756.4,83683213.2,428756083
6097.1,S,34,39534.90,4862.52,17748756.4,83683213.7,428756086
6098.1,S,34,39535.83,4862.55,17748756.4,83683278.3,428756145
6099.1,S,34,39536.81,4862.57,17748756.4,83683278.4,428756148
6100.1,S,34,39537.71,4862.65,17748756.4,83683302.8,428756174
6101.1,S,41,39543.02,4862.73,17748756.4,83683303.4,428756179
6102.1,S,41,39550.92,4862.84,17748756.4,83683304.3,428756184
6103.1,S,41,39558.80,4862.96,17748756.4,83683304.4,428756187
6104.1,S,41,39566.68,4863.07,17748756.4,83683331.1,428756213
6105.1,S,41,39573.72,4863.23,17748756.4,83683604.1,428756683
6106.1,S,41,39577.05,4863.35,17748756.4,83683834.9,428757683
6107.1,S,41,39584.50,4863.47,17748756.4,83683869.7,428757822
6108.1,S,41,39592.22,4863.59,17748756.4,83683914.9,428758012
6109.1,S,41,39599.53,4863.73,17748756.4,83684005.5,428758352
6110.1,S,41,39606.84,4863.86,17748756.4,83684128.7,428758793
6111.1,S,41,39613.51,4863.98,17748756.4,83684236.0,428759198
6112.1,S,41,39619.18,4864.12,17748756.4,83684486.7,428759953
6113.1,S,41,39627.07,4864.24,17748756.4,83684487.1,428759957
6114.1,S,41,39634.89,4864.38,17748756.4,83684555.5,428760018
6115.1,S,41,39642.64,4864.50,17748756.4,83684728.7,428760180
6116.1,S,41,39650.00,4864.64,17748756.4,83684947.4,428760735
6117.1,S,41,39657.66,4864.76,17748756.4,83685000.5,428760920
6118.1,S,41,39665.28,4864.88,17748756.4,83685069.8,428761108
6119.1,S,41,39671.55,4865.00,17748756.4,83685274.9,428761730
6120.1,S,41,39678.67,4865.12,17748756.5,83685404.8,428762122
6121.1,S,41,39685.27,4865.24,17748756.5,83685531.3,428762574
6122.1,S,41,39693.10,4865.36,17748756.5,83685553.5,428762642
6123.1,S,41,39700.60,4865.50,17748756.5,83685680.2,428763045
6124.1,S,41,39706.84,4865.65,17748756.5,83685906.8,428763757
6125.1,S,41,39714.63,4865.78,17748756.5,83686042.6,428763885
6126.1,S,41,39722.47,4865.89,17748756.5,83686151.8,428763979
6127.1,S,41,39730.21,4866.03,17748756.5,83686281.1,428764127
6128.1,S,41,39738.10,4866.15,17748756.5,83686281.7,428764130
6129.1,S,41,39743.91,4866.28,17748756.5,83686465.6,428764734
6130.1,S,41,39749.32,4866.41,17748756.5,83686677.1,428765550
6131.1,S,41,39756.93,4866.53,17748756.5,83686733.0,428765720
6132.1,S,41,39764.82,4866.65,17748756.5,83686733.2,428765723
6133.1,S,41,39772.41,4866.74,17748756.5,83686822.0,428766073
6134.1,S,41,39777.89,4866.88,17748756.5,83687009.1,428766814
6135.1,S,41,39781.91,4866.99,17748756.5,83687223.4,428767625
6136.1,S,41,39789.70,4867.11,17748756.5,83687286.9,428767734
6137.1,S,41,39797.58,4867.24,17748756.5,83687287.1,428767737
6138.1,S,41,39805.38,4867.37,17748756.5,83687397.6,428767832
6139.1,S,41,39812.95,4867.53,17748756.5,83687640.8,428768069
6140.1,S,41,39820.43,4867.66,17748756.5,83687737.4,428768490
6141.1,S,41,39827.45,4867.78,17748756.5,83687848.2,428768875
6142.1,S,41,39835.04,4867.91,17748756.5,83687937.7,428769177
6143.1,S,41,39841.73,4868.03,17748756.5,83688103.2,428769703
6144.1,S,41,39849.48,4868.17,17748756.5,83688140.5,428769825
6145.1,S,41,39856.32,4868.29,17748756.5,83688388.4,428770782
6146.1,S,41,39863.91,4868.40,17748756.5,83688400.2,428770838
6147.1,S,40,39869.93,4868.52,17748756.5,83688545.0,428771425
6148.1,S,40,39876.60,4868.66,17748756.5,83688665.4,428771650
6149.1,S,40,39883.27,4868.78,17748756.5,83688784.3,428771757
6150.1,S,38,39887.72,4868.87,17748756.5,83688983.4,428771960
6151.1,S,34,39888.61,4869.29,17748756.5,83689107.5,428772312
6152.1,S,34,39895.30,4870.63,17748756.5,83689108.8,428772317
6153.1,S,34,39904.07,4872.08,17748756.5,83689109.6,428772322
6154.1,S,34,39912.67,4873.57,17748756.5,83689109.9,428772333
6155.1,S,34,39921.40,4874.86,17748756.5,83689111.6,428772338
6156.1,S,34,39929.92,4876.23,17748756.5,83689176.3,428772476
6157.1,S,34,39938.76,4877.53,17748756.5,83689176.9,428772485
6158.1,S,34,39947.54,4878.88,17748756.5,83689177.2,428772488
6159.1,S,34,39956.17,4880.30,17748756.5,83689218.2,428772633
6160.1,S,34,39964.83,4881.66,17748756.5,83689218.6,428772636
6161.1,S,34,39973.42,4883.05,17748756.5,83689218.9,428772638
6162.1,S,34,39982.20,4884.40,17748756.5,83689219.3,428772649
6163.1,S,34,39990.94,4885.76,17748756.5,83689227.5,428772665
6164.1,S,34,39999.40,4887.14,17748756.5,83689284.4,428772813
6165.1,S,34,40008.14,4888.53,17748756.5,83689284.5,428772816
6166.1,S,34,40017.01,4889.83,17748756.5,83689284.8,428772820
6167.1,S,34,40022.66,4890.75,17748756.5,83689441.0,428773205
6168.1,S,42,40033.33,4892.12,17748756.5,83689591.1,428773842
6169.1,S,38,40045.35,4893.55,17748756.5,83689770.6,428774345
6170.1,S,34,40054.72,4895.07,17748756.5,83689817.7,428774396
6171.1,S,34,40063.52,4896.53,17748756.5,83689818.1,428774400
6172.1,S,34,40072.13,4897.93,17748756.5,83689818.1,428774401
6173.1,S,34,40080.79,4899.24,17748756.5,83689883.2,428774457
6174.1,S,34,40089.40,4900.71,17748756.5,83689883.9,428774461
6175.1,S,34,40098.03,4902.14,17748756.5,83689884.0,428774464
6176.1,S,34,40106.64,4903.56,17748756.5,83689884.3,428774469
6177.1,S,34,40115.13,4905.06,17748756.5,83689938.8,428774519
6178.1,S,34,40123.92,4906.48,17748756.5,83689939.6,428774525
6179.1,S,34,40132.62,4907.90,17748756.5,83689939.8,428774528
6180.1,S,34,40141.26,4909.28,17748756.5,83689940.5,428774534
6181.1,S,34,40149.86,4910.62,17748756.5,83690005.1,428774591
6182.1,S,34,40158.64,4911.81,17748756.5,83690005.4,428774596
6183.1,S,34,40167.35,4913.13,17748756.5,83690005.5,428774599
6184.1,S,34,40176.31,4914.47,17748756.5,83690006.1,428774602
6185.1,S,34,40182.06,4915.52,17748756.5,83690162.8,428774949
6186.1,S,42,40188.51,4916.28,17748756.5,83690327.8,428775562
6187.1,S,41,40200.33,4917.67,17748756.5,83690470.1,428776208
6188.1,S,34,40210.62,4919.23,17748756.5,83690576.4,428776565
6189.1,S,34,40219.30,4920.62,17748756.5,83690577.0,428776567
6190.1,S,34,40228.10,4921.86,17748756.5,83690577.3,428776573
6191.1,S,34,40236.58,4923.23,17748756.5,83690642.2,428776781
6192.1,S,34,40245.22,4924.75,17748756.5,83690642.6,428776783
6193.1,S,34,40254.01,4926.09,17748756.5,83690642.8,428776792
6194.1,S,34,40262.70,4927.39,17748756.5,83690643.1,428776795
6195.1,S,34,40271.51,4928.73,17748756.5,83690643.4,428776798
6196.1,S,34,40279.80,4930.12,17748756.5,83690711.4,428777197
6197.1,S,34,40288.44,4931.46,17748756.5,83690711.8,428777200
6198.1,S,34,40297.15,4932.81,17748756.5,83690712.1,428777205
6199.1,S,34,40306.00,4934.03,17748756.5,83690712.3,428777213
6200.1,S,34,40314.76,4935.43,17748756.5,83690712.9,428777217
6201.1,S,34,40323.39,4936.73,17748756.5,83690777.7,428777410
6202.1,S,34,40332.16,4938.10,17748756.5,83690778.4,428777415
6203.1,S,34,40340.56,4939.32,17748756.5,83690803.6,428777477
6204.1,S,42,40345.34,4939.86,17748756.5,83691035.6,428778203
6205.1,S,40,40360.41,4941.65,17748756.5,83691258.3,428778473
6206.1,S,34,40370.53,4943.16,17748756.5,83691340.4,428778557
6207.1,S,34,40379.24,4944.48,17748756.5,83691341.0,428778564
6208.1,S,34,40387.97,4945.85,17748756.5,83691341.1,428778567
6209.2,S,34,40396.77,4947.24,17748756.5,83691341.3,428778569
6210.2,S,34,40405.39,4948.61,17748756.5,83691413.8,428778636
6211.2,S,34,40414.17,4949.97,17748756.5,83691414.4,428778641
6212.2,S,34,40422.85,4951.40,17748756.5,83691414.5,428778644
6213.2,S,34,40431.71,4952.74,17748756.5,83691415.2,428778650
6214.2,S,34,40440.35,4954.16,17748756.5,83691415.4,428778652
6215.2,S,34,40448.68,4955.66,17748756.5,83691508.3,428778925
6216.2,S,34,40457.52,4957.01,17748756.5,83691509.2,428778931
6217.2,S,34,40466.38,4958.24,17748756.5,83691509.5,428778940
6218.2,S,34,40474.93,4959.54,17748756.5,83691510.2,428778944
6219.2,S,34,40483.73,4960.91,17748756.5,83691510.5,428778951
6220.2,S,34,40492.18,4962.37,17748756.5,83691575.2,428779184
6221.2,S,34,40498.37,4963.28,17748756.5,83691664.5,428779517
6222.2,S,42,40502.78,4963.81,17748756.5,83691863.9,428780255
6223.2,S,41,40514.85,4965.27,17748756.5,83691993.1,428780778
6224.2,S,34,40525.29,4966.68,17748756.5,83692104.2,428781149
6225.2,S,34,40534.07,4968.05,17748756.5,83692104.5,428781152
6226.2,S,34,40542.93,4969.49,17748756.5,83692105.2,428781156
6227.2,S,34,40551.73,4970.77,17748756.5,83692169.8,428781214
6228.2,S,34,40560.63,4972.06,17748756.5,83692170.1,428781216
6229.2,S,34,40569.38,4973.40,17748756.5,83692170.6,428781219
6230.2,S,34,40578.06,4974.80,17748756.5,83692170.9,428781223
6231.2,S,34,40586.70,4976.17,17748756.5,83692235.6,428781283
6232.2,S,34,40595.51,4977.53,17748756.5,83692235.9,428781288
6233.2,S,34,40604.32,4978.92,17748756.5,83692236.1,428781290
6234.2,S,34,40612.95,4980.25,17748756.5,83692236.4,428781293
6235.2,S,34,40621.59,4981.64,17748756.5,83692236.8,428781296
6236.2,S,34,40630.09,4983.18,17748756.5,83692307.3,428781362
6237.2,S,34,40638.86,4984.52,17748756.5,83692307.9,428781365
6238.2,S,34,40647.54,4985.87,17748756.5,83692308.2,428781367
6239.2,S,34,40655.83,4987.12,17748756.5,83692371.8,428781425
6240.2,S,42,40663.73,4988.05,17748756.5,83692572.8,428781962
6241.2,S,40,40674.59,4989.43,17748756.5,83692785.3,428782676
6242.2,S,34,40683.08,4990.48,17748756.5,83692870.3,428783025
6243.2,S,34,40684.07,4990.49,17748756.5,83692870.8,428783029
6244.2,S,34,40685.06,4990.50,17748756.5,83692871.0,428783032
6245.2,S,34,40685.84,4990.53,17748756.5,83692935.8,428783237
6246.2,S,34,40686.71,4990.62,17748756.5,83692950.7,428783302
6247.2,S,34,40687.70,4990.63,17748756.5,83692951.1,428783314
6248.2,S,34,40688.69,4990.64,17748756.5,83692951.2,428783316
6249.2,S,34,40689.68,4990.65,17748756.5,83692951.8,428783321
6250.2,S,34,40690.46,4990.67,17748756.5,83693016.3,428783524
6251.2,S,34,40691.45,4990.69,17748756.5,83693016.8,428783535
6252.2,S,34,40692.43,4990.70,17748756.5,83693017.0,428783538
6253.2,S,34,40693.42,4990.72,17748756.5,83693017.1,428783543
6254.2,S,34,40694.20,4990.74,17748756.5,83693081.6,428783755
6255.2,S,34,40695.18,4990.76,17748756.5,83693082.0,428783762
6256.2,S,34,40696.17,4990.77,17748756.5,83693082.3,428783764
6257.2,S,34,40697.15,4990.79,17748756.5,83693082.5,428783768
6258.2,S,34,40697.79,4990.85,17748756.5,83693145.2,428784080
6259.2,S,34,40698.78,4990.86,17748756.5,83693145.5,428784085
6260.2,S,34,40699.77,4990.87,17748756.5,83693145.6,428784088
6261.2,S,34,40700.75,4990.89,17748756.5,83693146.1,428784095
6262.2,S,34,40701.51,4990.91,17748756.5,83693210.9,428784330
6263.2,S,34,40702.49,4990.93,17748756.5,83693211.1,428784332
6264.2,S,34,40703.48,4990.94,17748756.5,83693211.3,428784334
6265.2,S,34,40704.47,4990.95,17748756.5,83693211.5,428784338
6266.2,S,34,40705.24,4990.98,17748756.5,83693275.9,428784558
6267.2,S,34,40706.23,4990.99,17748756.5,83693276.3,428784561
6268.2,S,34,40707.21,4991.00,17748756.5,83693276.7,428784562
6269.2,S,34,40708.19,4991.03,17748756.5,83693276.9,428784563
6270.2,S,34,40708.94,4991.04,17748756.5,83693341.6,428784815
6271.2,S,34,40709.93,4991.06,17748756.5,83693341.9,428784819
6272.2,S,34,40710.90,4991.08,17748756.5,83693342.0,428784822
6273.2,S,34,40711.89,4991.10,17748756.5,83693342.7,428784832
6274.2,S,34,40712.58,4991.17,17748756.5,83693443.4,428785175
6275.2,S,34,40713.57,4991.18,17748756.5,83693445.6,428785180
6276.2,S,34,40714.55,4991.19,17748756.5,83693445.9,428785186
6277.2,S,34,40715.53,4991.21,17748756.5,83693446.0,428785186
6278.2,S,34,40716.46,4991.24,17748756.5,83693510.5,428785243
6279.2,S,34,40717.46,4991.25,17748756.5,83693511.4,428785249
6280.2,S,34,40718.44,4991.26,17748756.5,83693511.5,428785254
6281.2,S,34,40719.43,4991.28,17748756.5,83693511.7,428785258
6282.2,S,34,40720.36,4991.30,17748756.5,83693576.3,428785318
6283.2,S,34,40721.35,4991.32,17748756.5,83693576.5,428785323
6284.2,S,34,40722.34,4991.32,17748756.5,83693576.9,428785326
6285.2,S,34,40723.24,4991.38,17748756.5,83693632.9,428785377
6286.2,S,34,40724.23,4991.40,17748756.5,83693633.1,428785378
6287.2,S,34,40725.22,4991.41,17748756.5,83693633.4,428785380
6288.2,S,34,40726.21,4991.42,17748756.5,83693633.5,428785382
6289.2,S,34,40727.13,4991.45,17748756.5,83693698.0,428785441
6290.2,S,34,40728.12,4991.46,17748756.5,83693698.8,428785446
6291.2,S,34,40729.10,4991.48,17748756.5,83693699.0,428785451
6292.2,S,34,40730.09,4991.49,17748756.5,83693699.1,428785453
6293.2,S,34,40731.02,4991.52,17748756.5,83693763.7,428785510
6294.2,S,34,40732.00,4991.54,17748756.5,83693764.0,428785510
6295.2,S,34,40732.98,4991.56,17748756.5,83693764.4,428785510
6296.2,S,34,40733.93,4991.58,17748756.5,83693803.4,428785544
6297.2,S,34,40734.74,4991.60,17748756.5,83693829.3,428785723
6298.2,S,34,40735.60,4991.66,17748756.5,83693849.6,428785819
6299.2,S,34,40736.59,4991.67,17748756.5,83693849.9,428785831
6300.2,S,34,40737.57,4991.68,17748756.5,83693877.5,428785931
6301.2,S,34,40738.56,4991.70,17748756.5,83693878.3,428785934
6302.2,S,34,40739.35,4991.72,17748756.5,83693943.2,428786130
6303.2,S,34,40740.34,4991.74,17748756.5,83693943.3,428786133
6304.2,S,34,40741.32,4991.75,17748756.5,83693943.5,428786135
6305.2,S,34,40742.30,4991.77,17748756.5,83693943.8,428786138
6306.2,S,34,40743.10,4991.80,17748756.5,83694008.7,428786341
6307.2,S,34,40744.01,4991.82,17748756.5,83694033.6,428786424
6308.2,S,34,40744.95,4991.86,17748756.5,83694037.3,428786456
6309.2,S,34,40745.93,4991.88,17748756.5,83694037.4,428786457
6310.2,S,34,40746.91,4991.90,17748756.5,83694037.6,428786459
6311.2,S,34,40747.69,4991.92,17748756.5,83694102.1,428786672
6312.2,S,34,40748.68,4991.93,17748756.5,83694102.6,428786675
6313.2,S,34,40749.67,4991.94,17748756.5,83694103.0,428786681
6314.2,S,34,40750.64,4991.97,17748756.5,83694103.1,428786684
6315.2,S,34,40751.39,4992.00,17748756.5,83694167.7,428786921
6316.2,S,34,40752.38,4992.01,17748756.5,83694167.9,428786928
6317.2,S,34,40753.21,4992.06,17748756.5,83694196.2,428787057
6318.2,S,34,40754.20,4992.08,17748756.5,83694196.3,428787066
6319.2,S,34,40755.18,4992.09,17748756.5,83694196.7,428787068
6320.2,S,34,40756.17,4992.10,17748756.5,83694196.9,428787071
6321.2,S,34,40756.90,4992.12,17748756.5,83694261.4,428787344
6322.2,S,34,40757.89,4992.13,17748756.5,83694261.6,428787346
6323.2,S,34,40758.87,4992.15,17748756.5,83694262.0,428787355
6324.2,S,34,40759.86,4992.16,17748756.5,83694262.3,428787360
6325.2,S,34,40760.61,4992.18,17748756.5,83694326.9,428787605
6326.2,S,34,40761.59,4992.20,17748756.5,83694327.1,428787609
6327.2,S,34,40762.58,4992.21,17748756.5,83694327.3,428787613
6328.3,S,34,40763.57,4992.23,17748756.5,83694327.4,428787615
6329.3,S,34,40764.32,4992.25,17748756.5,83694392.3,428787861
6330.3,S,34,40765.30,4992.27,17748756.5,83694392.6,428787868
6331.3,S,34,40766.26,4992.29,17748756.5,83694403.8,428787911
6332.3,S,34,40767.05,4992.34,17748756.5,83694437.4,428788072
6333.3,S,41,40773.45,4992.45,17748756.5,83694438.0,428788083
6334.3,S,41,40781.34,4992.57,17748756.5,83694438.5,428788085
6335.3,S,41,40789.23,4992.69,17748756.5,83694438.8,428788090
6336.3,S,41,40796.70,4992.82,17748756.5,83694492.4,428788284
6337.3,S,41,40799.17,4992.94,17748756.5,83694777.3,428789316
6338.3,S,41,40806.80,4993.06,17748756.5,83694881.6,428789406
6339.3,S,41,40814.64,4993.17,17748756.5,83694978.1,428789489
6340.3,S,41,40822.53,4993.29,17748756.5,83694978.4,428789494
6341.3,S,41,40830.19,4993.43,17748756.5,83695145.9,428789733
6342.3,S,41,40836.00,4993.56,17748756.5,83695343.3,428790371
6343.3,S,41,40842.90,4993.71,17748756.5,83695485.1,428791030
6344.3,S,41,40850.71,4993.84,17748756.5,83695505.5,428791103
6345.3,S,41,40858.00,4993.97,17748756.5,83695563.7,428791296
6346.3,S,41,40863.61,4994.10,17748756.5,83695768.8,428792073
6347.6,S,41,40870.92,4994.23,17748756.5,83695902.3,428792581
6348.6,S,41,40878.30,4994.35,17748756.5,83696075.7,428793182
6349.6,S,41,40886.11,4994.47,17748756.5,83696122.9,428793229
6350.6,S,41,40893.79,4994.60,17748756.5,83696361.1,428793442
6351.6,S,41,40901.63,4994.73,17748756.5,83696431.3,428793506
6352.6,S,41,40908.32,4994.85,17748756.5,83696599.7,428794050
6353.6,S,41,40916.17,4994.97,17748756.5,83696605.6,428794081
6354.6,S,41,40922.73,4995.09,17748756.5,83696773.4,428794636
6355.6,S,41,40930.13,4995.21,17748756.5,83696877.8,428795126
6356.6,S,41,40936.94,4995.36,17748756.5,83697040.4,428795686
6357.6,S,41,40944.83,4995.48,17748756.5,83697040.7,428795689
6358.6,S,41,40952.07,4995.62,17748756.5,83697179.6,428796168
6359.6,S,41,40956.57,4995.75,17748756.5,83697426.7,428797053
6360.6,S,41,40964.38,4995.87,17748756.5,83697544.2,428797155
6361.6,S,41,40972.27,4995.98,17748756.5,83697544.5,428797158
6362.6,S,41,40980.12,4996.10,17748756.5,83697610.9,428797215
6363.6,S,41,40987.91,4996.23,17748756.5,83697735.9,428797330
6364.6,S,41,40995.07,4996.37,17748756.5,83697920.7,428797767
6365.6,S,41,41001.58,4996.51,17748756.5,83698127.7,428798484
6366.6,S,41,41009.18,4996.65,17748756.5,83698177.1,428798776
6367.6,S,41,41016.39,4996.77,17748756.5,83698309.6,428799242
6368.6,S,41,41024.06,4996.88,17748756.5,83698384.8,428799490
6369.6,S,41,41030.99,4997.00,17748756.5,83698494.9,428799937
6370.6,S,41,41036.13,4997.10,17748756.5,83698696.6,428800634
6371.6,S,41,41043.91,4997.23,17748756.5,83698735.0,428800753
6372.6,S,41,41051.54,4997.35,17748756.5,83698891.9,428801035
6373.6,S,41,41059.23,4997.49,17748756.5,83699061.3,428801183
6374.6,S,41,41067.03,4997.63,17748756.5,83699164.5,428801279
6375.6,S,41,41074.81,4997.75,17748756.5,83699193.7,428801389
6376.6,S,41,41082.46,4997.87,17748756.5,83699259.7,428801631
6377.7,S,41,41087.65,4998.02,17748756.5,83699455.8,428802439
6378.7,S,41,41093.77,4998.16,17748756.5,83699622.3,428803034
6379.7,S,41,41101.17,4998.30,17748756.5,83699744.9,428803506
6380.7,S,40,41107.60,4998.40,17748756.5,83699821.9,428803820
6381.7,S,40,41114.21,4998.51,17748756.5,83699911.0,428804117
6382.7,S,39,41119.20,4998.62,17748756.5,83700106.4,428804877
6383.7,S,39,41124.79,4998.72,17748756.5,83700190.2,428805221
6384.7,S,34,41126.09,4998.86,17748756.5,83700354.6,428805912
6385.7,S,34,41129.84,5000.05,17748756.5,83700356.1,428805919
6386.7,S,34,41138.40,5001.48,17748756.5,83700358.0,428805925
6387.7,S,34,41146.99,5002.88,17748756.5,83700358.2,428805930
6388.7,S,34,41155.85,5004.21,17748756.5,83700358.4,428805933
6389.7,S,34,41164.45,5005.67,17748756.5,83700378.6,428806031
6390.7,S,34,41173.15,5007.10,17748756.5,83700423.6,428806077
6391.7,S,34,41181.86,5008.44,17748756.5,83700424.0,428806083
6392.7,S,34,41190.83,5009.74,17748756.5,83700424.4,428806086
6393.7,S,34,41199.60,5010.99,17748756.5,83700424.6,428806087
6394.7,S,34,41208.21,5012.37,17748756.5,83700489.7,428806154
6395.7,S,34,41217.02,5013.70,17748756.5,83700490.1,428806160
6396.7,S,34,41225.89,5015.09,17748756.5,83700490.4,428806163
6397.7,S,34,41234.68,5016.41,17748756.5,83700493.6,428806168
6398.7,S,34,41243.46,5017.75,17748756.5,83700542.4,428806216
6399.7,S,34,41252.37,5019.11,17748756.5,83700542.9,428806219
6400.7,S,34,41259.12,5020.13,17748756.5,83700764.8,428806480
6401.7,S,41,41273.19,5021.77,17748756.5,83700852.3,428806783
6402.7,S,38,41282.56,5023.04,17748756.5,83701032.5,428807479
6403.7,S,34,41291.32,5024.35,17748756.5,83701075.1,428807640
6404.7,S,34,41299.99,5025.69,17748756.5,83701075.2,428807641
6405.7,S,34,41308.69,5026.98,17748756.5,83701075.6,428807648
6406.7,S,34,41317.45,5028.26,17748756.5,83701075.8,428807651
6407.7,S,34,41326.07,5029.52,17748756.5,83701140.4,428807887
6408.7,S,34,41335.00,5030.93,17748756.5,83701141.2,428807906
6409.7,S,34,41343.76,5032.30,17748756.5,83701141.3,428807908
6410.7,S,34,41352.55,5033.74,17748756.5,83701141.9,428807914
6411.7,S,34,41361.04,5035.25,17748756.5,83701197.1,428808136
6412.7,S,34,41369.75,5036.53,17748756.5,83701197.5,428808142
6413.7,S,34,41378.45,5037.79,17748756.5,83701197.7,428808150
6414.7,S,34,41387.28,5039.16,17748756.5,83701198.3,428808159
6415.7,S,34,41396.00,5040.45,17748756.5,83701198.7,428808162
6416.7,S,34,41404.57,5041.69,17748756.5,83701263.4,428808416
6417.7,S,34,41413.17,5043.16,17748756.5,83701263.6,428808419
6418.7,S,42,41417.15,5043.65,17748756.5,83701520.6,428809060
6419.7,S,41,41432.61,5045.53,17748756.5,83701632.4,428809174
6420.7,S,34,41443.89,5047.07,17748756.5,83701762.0,428809295
6421.7,S,34,41452.38,5048.46,17748756.5,83701826.6,428809588
6422.7,S,34,41461.10,5049.87,17748756.5,83701826.8,428809592
6423.7,S,34,41469.70,5051.26,17748756.5,83701859.5,428809687
6424.7,S,34,41478.50,5052.64,17748756.5,83701860.2,428809690
6425.7,S,34,41487.38,5054.09,17748756.5,83701860.5,428809701
6426.7,S,34,41496.10,5055.41,17748756.5,83701861.1,428809705
6427.7,S,34,41504.88,5056.71,17748756.5,83701861.2,428809707
6428.7,S,34,41513.21,5058.20,17748756.5,83701926.3,428809920
6429.7,S,34,41521.90,5059.62,17748756.5,83701926.5,428809925
6430.7,S,34,41530.37,5061.23,17748756.5,83701927.0,428809928
6431.7,S,34,41538.97,5062.71,17748756.5,83701927.2,428809933
6432.7,S,34,41547.35,5064.03,17748756.5,83701992.2,428810155
6433.7,S,34,41555.93,5065.44,17748756.5,83701992.4,428810158
6434.7,S,34,41564.61,5066.83,17748756.5,83701992.7,428810163
6435.7,S,34,41573.01,5068.04,17748756.5,83702011.5,428810225
6436.7,S,42,41576.87,5068.53,17748756.5,83702250.0,428811002
6437.7,S,41,41586.98,5069.85,17748756.5,83702445.5,428811729
6438.7,S,37,41599.15,5071.53,17748756.5,83702534.2,428812100
6439.7,S,34,41607.77,5072.84,17748756.5,83702554.5,428812176
6440.7,S,34,41616.47,5074.23,17748756.5,83702554.8,428812184
6441.7,S,34,41624.85,5075.72,17748756.5,83702609.1,428812381
6442.7,S,34,41633.60,5077.19,17748756.5,83702609.5,428812384
6443.7,S,34,41642.31,5078.48,17748756.5,83702609.9,428812390
6444.7,S,34,41650.90,5079.90,17748756.5,83702610.3,428812394
6445.7,S,34,41659.59,5081.22,17748756.5,83702610.4,428812397
6446.7,S,34,41668.11,5082.65,17748756.5,83702675.3,428812711
6447.7,S,34,41676.85,5084.10,17748756.5,83702675.6,428812723
6448.7,S,34,41685.71,5085.38,17748756.5,83702676.1,428812727
6449.7,S,34,41694.28,5086.77,17748756.5,83702676.3,428812730
6450.7,S,34,41703.13,5088.17,17748756.5,83702679.8,428812747
6451.7,S,34,41711.33,5089.35,17748756.5,83702741.3,428812976
6452.7,S,34,41719.98,5090.63,17748756.5,83702767.1,428813003
6453.7,S,34,41728.68,5091.90,17748756.5,83702767.6,428813006
6454.7,S,42,41737.85,5093.17,17748756.5,83703024.5,428813246
6455.7,S,41,41752.37,5094.88,17748756.6,83703176.1,428813510
6456.7,S,34,41761.79,5096.44,17748756.6,83703264.9,428813809
6457.7,S,34,41769.88,5097.76,17748756.6,83703329.8,428814013
6458.7,S,34,41778.45,5099.27,17748756.6,83703330.7,428814017
6459.7,S,34,41787.17,5100.67,17748756.6,83703331.6,428814021
6460.7,S,34,41795.88,5102.02,17748756.6,83703331.9,428814030
6461.7,S,34,41804.72,5103.36,17748756.6,83703332.1,428814031
6462.7,S,34,41813.11,5104.74,17748756.6,83703396.8,428814275
6463.7,S,34,41821.89,5106.06,17748756.6,83703397.2,428814277
6464.7,S,34,41830.60,5107.32,17748756.6,83703397.7,428814287
6465.7,S,34,41839.28,5108.62,17748756.6,83703398.0,428814291
6466.7,S,34,41847.60,5109.88,17748756.6,83703453.3,428814534
6467.7,S,34,41856.28,5111.15,17748756.6,83703462.9,428814589
6468.7,S,34,41865.00,5112.47,17748756.6,83703463.4,428814596
6469.7,S,34,41873.56,5113.83,17748756.6,83703502.9,428814746
6470.7,S,34,41882.22,5115.17,17748756.6,83703503.3,428814756
6471.7,S,34,41890.89,5116.58,17748756.6,83703503.5,428814759
6472.7,S,34,41894.73,5117.11,17748756.6,83703649.2,428815376
6473.7,S,42,41904.62,5118.25,17748756.6,83703773.0,428815815
6474.7,S,41,41915.45,5119.71,17748756.6,83703984.2,428816614
6475.7,S,34,41922.54,5120.74,17748756.6,83704065.6,428816939
6476.7,S,34,41923.52,5120.76,17748756.6,83704065.9,428816943
6477.7,S,34,41924.50,5120.78,17748756.6,83704066.2,428816950
6478.7,S,34,41925.37,5120.81,17748756.6,83704130.6,428817066
6479.7,S,34,41926.36,5120.82,17748756.6,83704130.7,428817067
6480.7,S,34,41927.35,5120.83,17748756.6,83704131.3,428817068
6481.7,S,34,41928.34,5120.85,17748756.6,83704131.8,428817072
6482.7,S,34,41929.27,5120.87,17748756.6,83704196.4,428817131
6483.7,S,34,41930.26,5120.88,17748756.6,83704196.7,428817134
6484.7,S,34,41931.25,5120.90,17748756.6,83704196.9,428817139
6485.7,S,34,41932.23,5120.92,17748756.6,83704197.3,428817146
6486.7,S,34,41933.16,5120.94,17748756.6,83704262.5,428817205
6487.7,S,34,41934.05,5121.04,17748756.6,83704284.2,428817227
6488.7,S,34,41935.04,5121.05,17748756.6,83704284.6,428817232
6489.7,S,34,41936.03,5121.06,17748756.6,83704284.7,428817235
6490.7,S,34,41937.01,5121.08,17748756.6,83704284.9,428817240
6491.7,S,34,41937.94,5121.10,17748756.6,83704349.9,428817300
6492.7,S,34,41938.93,5121.12,17748756.6,83704350.1,428817302
6493.7,S,34,41939.92,5121.13,17748756.6,83704350.2,428817303
6494.7,S,34,41940.91,5121.14,17748756.6,83704350.5,428817307
6495.7,S,34,41941.84,5121.16,17748756.6,83704415.1,428817364
6496.7,S,34,41942.82,5121.18,17748756.6,83704415.4,428817366
6497.8,S,34,41943.73,5121.24,17748756.6,83704455.2,428817401
6498.8,S,34,41944.72,5121.25,17748756.6,83704455.9,428817404
6499.8,S,34,41945.72,5121.26,17748756.6,83704456.1,428817407
6500.8,S,34,41946.71,5121.27,17748756.6,83704456.3,428817411
6501.8,S,34,41947.52,5121.29,17748756.6,83704521.1,428817580
6502.8,S,34,41948.51,5121.30,17748756.6,83704521.2,428817589
6503.8,S,34,41949.50,5121.32,17748756.6,83704521.6,428817591
6504.8,S,34,41950.48,5121.33,17748756.6,83704521.8,428817594
6505.8,S,34,41951.31,5121.36,17748756.6,83704618.2,428817846
6506.8,S,34,41952.28,5121.38,17748756.6,83704618.5,428817848
6507.8,S,34,41953.27,5121.40,17748756.6,83704618.8,428817851
6508.8,S,34,41954.25,5121.41,17748756.6,83704618.9,428817861
6509.8,S,34,41955.08,5121.48,17748756.6,83704692.0,428817988
6510.8,S,34,41956.06,5121.50,17748756.6,83704692.3,428817993
6511.8,S,34,41957.04,5121.52,17748756.6,83704692.4,428817996
6512.8,S,34,41958.03,5121.53,17748756.6,83704692.6,428818001
6513.8,S,34,41958.89,5121.56,17748756.6,83704757.3,428818126
6514.8,S,34,41959.88,5121.57,17748756.6,83704757.8,428818135
6515.8,S,34,41960.87,5121.58,17748756.6,83704758.1,428818142
6516.8,S,34,41961.86,5121.59,17748756.6,83704758.4,428818145
6517.8,S,34,41962.71,5121.62,17748756.6,83704822.9,428818279
6518.8,S,34,41963.70,5121.63,17748756.6,83704823.2,428818284
6519.8,S,34,41964.69,5121.64,17748756.6,83704823.6,428818287
6520.8,S,34,41965.54,5121.70,17748756.6,83704871.7,428818402
6521.8,S,34,41966.52,5121.71,17748756.6,83704871.7,428818403
6522.8,S,34,41967.50,5121.73,17748756.6,83704871.8,428818405
6523.8,S,34,41968.46,5121.75,17748756.6,83704894.1,428818444
6524.8,S,34,41969.35,5121.77,17748756.6,83704936.7,428818545
6525.8,S,34,41970.33,5121.78,17748756.6,83704937.5,428818550
6526.8,S,34,41971.32,5121.80,17748756.6,83704937.6,428818552
6527.8,S,34,41972.13,5121.82,17748756.6,83705002.1,428818745
6528.8,S,34,41973.12,5121.83,17748756.6,83705002.3,428818748
6529.8,S,34,41974.00,5121.88,17748756.6,83705029.2,428818825
6530.8,S,34,41974.99,5121.89,17748756.6,83705029.7,428818831
6531.8,S,34,41975.98,5121.90,17748756.6,83705030.3,428818837
6532.8,S,34,41976.96,5121.92,17748756.6,83705030.4,428818839
6533.8,S,34,41977.69,5121.94,17748756.6,83705095.0,428819108
6534.8,S,34,41978.67,5121.96,17748756.6,83705095.1,428819111
6535.8,S,34,41979.66,5121.97,17748756.6,83705095.5,428819119
6536.8,S,34,41980.65,5121.99,17748756.6,83705096.0,428819123
6537.8,S,34,41981.38,5122.00,17748756.6,83705160.6,428819389
6538.8,S,34,41982.36,5122.02,17748756.6,83705160.7,428819389
6539.8,S,34,41983.27,5122.04,17748756.6,83705180.2,428819465
6540.8,S,34,41984.13,5122.09,17748756.6,83705203.2,428819554
6541.8,S,34,41985.12,5122.11,17748756.6,83705203.7,428819556
6542.8,S,34,41986.11,5122.12,17748756.6,83705204.0,428819561
6543.8,S,34,41987.04,5122.14,17748756.6,83705268.6,428819618
6544.8,S,34,41988.03,5122.15,17748756.6,83705268.8,428819621
6545.8,S,34,41989.01,5122.17,17748756.6,83705269.0,428819624
6546.8,S,34,41990.00,5122.18,17748756.6,83705269.1,428819627
6547.8,S,34,41990.93,5122.21,17748756.6,83705334.4,428819687
6548.8,S,34,41991.92,5122.22,17748756.6,83705334.5,428819690
6549.8,S,34,41992.90,5122.24,17748756.6,83705334.7,428819692
6550.8,S,34,41993.89,5122.25,17748756.6,83705334.8,428819692
6551.8,S,34,41994.77,5122.32,17748756.6,83705405.9,428819758
6552.8,S,34,41995.76,5122.33,17748756.6,83705406.2,428819761
6553.8,S,34,41996.74,5122.35,17748756.6,83705406.8,428819766
6554.8,S,34,41997.73,5122.36,17748756.6,83705406.9,428819769
6555.8,S,34,41998.67,5122.38,17748756.6,83705471.5,428819828
6556.8,S,34,41999.66,5122.39,17748756.6,83705471.6,428819831
6557.8,S,34,42000.64,5122.41,17748756.6,83705471.8,428819833
6558.8,S,34,42001.62,5122.43,17748756.6,83705472.3,428819836
6559.8,S,34,42002.55,5122.45,17748756.6,83705537.0,428819893
6560.8,S,34,42003.49,5122.49,17748756.6,83705563.8,428819919
6561.8,S,34,42004.47,5122.52,17748756.6,83705564.1,428819921
6562.8,S,34,42005.46,5122.53,17748756.6,83705564.2,428819924
6563.8,S,34,42006.44,5122.55,17748756.6,83705564.4,428819928
6564.8,S,34,42007.36,5122.58,17748756.6,83705629.2,428819989
6565.8,S,34,42008.35,5122.59,17748756.6,83705629.6,428819992
6566.8,S,34,42009.33,5122.61,17748756.6,83705629.7,428819992
6567.8,S,34,42010.32,5122.63,17748756.6,83705629.9,428819995
6568.8,S,34,42011.25,5122.65,17748756.6,83705694.4,428820050
6569.8,S,34,42012.23,5122.67,17748756.6,83705694.9,428820055
6570.8,S,34,42013.21,5122.69,17748756.6,83705695.2,428820057
6571.8,S,34,42014.11,5122.75,17748756.6,83705757.8,428820114
6572.8,S,34,42015.10,5122.77,17748756.6,83705758.0,428820116
6573.8,S,34,42016.08,5122.78,17748756.6,83705758.2,428820118
6574.8,S,34,42017.07,5122.80,17748756.6,83705758.7,428820119
6575.8,S,34,42017.99,5122.82,17748756.6,83705823.2,428820181
6576.8,S,34,42018.98,5122.84,17748756.6,83705823.6,428820182
6577.8,S,34,42019.96,5122.85,17748756.6,83705823.9,428820186
6578.8,S,34,42020.95,5122.86,17748756.6,83705824.2,428820194
6579.8,S,34,42021.88,5122.89,17748756.6,83705917.1,428820287
6580.8,S,34,42022.86,5122.91,17748756.6,83705918.0,428820292
6581.8,S,34,42023.85,5122.93,17748756.6,83705918.1,428820292
6582.8,S,34,42024.80,5122.95,17748756.6,83705955.7,428820327
6583.8,S,34,42025.66,5123.01,17748756.6,83705977.9,428820414
6584.8,S,34,42026.64,5123.03,17748756.6,83705978.2,428820420
6585.8,S,34,42027.63,5123.04,17748756.6,83705978.2,428820421
6586.8,S,34,42028.48,5123.06,17748756.6,83706023.0,428820560
6587.8,S,34,42029.40,5123.08,17748756.6,83706043.2,428820629
6588.8,S,34,42030.39,5123.09,17748756.6,83706043.7,428820640
6589.8,S,34,42031.36,5123.12,17748756.6,83706044.0,428820645
6590.8,S,34,42032.15,5123.14,17748756.6,83706108.6,428820854
6591.8,S,34,42033.14,5123.16,17748756.6,83706109.0,428820856
6592.8,S,34,42034.12,5123.17,17748756.6,83706109.2,428820862
6593.8,S,34,42034.89,5123.22,17748756.6,83706152.4,428821054
6594.8,S,41,42037.98,5123.26,17748756.6,83706153.0,428821077
6595.8,S,41,42045.87,5123.39,17748756.6,83706153.1,428821077
6596.8,S,41,42053.75,5123.50,17748756.6,83706153.4,428821086
6597.8,S,41,42061.65,5123.61,17748756.6,83706153.8,428821088
6598.8,S,41,42065.23,5123.75,17748756.6,83706357.0,428821802
6599.8,S,41,42066.83,5123.83,17748756.6,83706525.5,428822803
6600.8,S,41,42071.36,5123.92,17748756.6,83706641.6,428823378
6601.8,S,41,42079.25,5124.03,17748756.6,83706641.9,428823384
6602.8,S,41,42087.06,5124.14,17748756.6,83706655.4,428823483
6603.8,S,41,42094.37,5124.27,17748756.6,83706768.1,428823773
6604.8,S,41,42101.09,5124.44,17748756.6,83707079.8,428824352
6605.8,S,41,42108.83,5124.54,17748756.6,83707157.4,428824533
6606.8,S,41,42116.50,5124.66,17748756.6,83707202.6,428824771
6607.8,S,41,42124.08,5124.78,17748756.6,83707323.9,428825098
6608.8,S,41,42131.49,5124.93,17748756.6,83707450.7,428825412
6609.8,S,41,42137.15,5125.07,17748756.6,83707645.1,428826012
6610.8,S,41,42144.83,5125.20,17748756.6,83707711.0,428826218
6611.8,S,41,42152.31,5125.32,17748756.6,83707808.9,428826651
6612.8,S,41,42160.15,5125.43,17748756.6,83707888.7,428826730
6613.8,S,41,42167.71,5125.58,17748756.6,83708160.1,428826961
6614.8,S,41,42175.52,5125.69,17748756.6,83708219.5,428827072
6615.9,S,41,42183.19,5125.82,17748756.6,83708307.5,428827301
6616.9,S,41,42190.97,5125.93,17748756.6,83708352.4,428827435
6617.9,S,41,42197.68,5126.05,17748756.6,83708505.8,428827937
6618.9,S,41,42204.68,5126.18,17748756.6,83708686.7,428828532
6619.9,S,41,42212.21,5126.31,17748756.6,83708824.3,428828916
6620.9,S,41,42219.90,5126.42,17748756.6,83708892.9,428829139
6621.9,S,41,42226.66,5126.56,17748756.6,83709045.9,428829760
6622.9,S,41,42234.04,5126.67,17748756.6,83709079.8,428829912
6623.9,S,41,42240.50,5126.82,17748756.6,83709298.0,428830550
6624.9,S,41,42248.30,5126.94,17748756.6,83709412.5,428830651
6625.9,S,41,42256.14,5127.07,17748756.6,83709475.2,428830706
6626.9,S,41,42263.95,5127.19,17748756.6,83709584.4,428830807
6627.9,S,41,42270.83,5127.31,17748756.6,83709726.0,428831186
6628.9,S,41,42276.43,5127.42,17748756.6,83709924.9,428831947
6629.9,S,41,42283.92,5127.56,17748756.6,83709986.3,428832163
6630.9,S,41,42291.42,5127.70,17748756.6,83710101.6,428832545
6631.9,S,41,42298.77,5127.85,17748756.6,83710244.0,428833091
6632.9,S,41,42306.67,5127.96,17748756.6,83710244.3,428833099
6633.9,S,41,42313.05,5128.09,17748756.6,83710448.4,428833940
6634.9,S,41,42320.22,5128.23,17748756.6,83710536.3,428834325
6635.9,S,41,42327.86,5128.36,17748756.6,83710742.3,428834506
6636.9,S,41,42335.70,5128.48,17748756.6,83710807.4,428834567
6637.9,S,41,42342.85,5128.63,17748756.6,83710981.9,428834850
6638.9,S,41,42350.54,5128.76,17748756.6,83711049.7,428835047
6639.9,S,41,42356.70,5128.90,17748756.6,83711257.3,428835813
6640.9,S,41,42364.41,5129.01,17748756.6,83711315.8,428835999
6641.9,S,40,42371.00,5129.11,17748756.6,83711404.6,428836335
6642.9,S,40,42377.41,5129.21,17748756.6,83711477.1,428836616
6643.9,S,40,42382.53,5129.32,17748756.6,83711655.9,428837100
6644.9,S,40,42389.32,5129.44,17748756.6,83711790.1,428837214
6645.9,S,37,42393.92,5129.54,17748756.6,83711970.3,428837385
6646.9,S,34,42394.72,5130.25,17748756.6,83712043.2,428837628
6647.9,S,34,42403.73,5131.52,17748756.6,83712044.8,428837637
6648.9,S,34,42412.48,5132.83,17748756.6,83712046.9,428837642
6649.9,S,34,42421.04,5134.18,17748756.6,83712047.0,428837642
6650.9,S,34,42429.87,5135.52,17748756.6,83712047.3,428837644
6651.9,S,34,42438.32,5136.86,17748756.6,83712112.0,428837886
6652.9,S,34,42447.07,5138.03,17748756.6,83712112.3,428837886
6653.9,S,34,42455.82,5139.34,17748756.6,83712144.4,428838010
6654.9,S,34,42464.76,5140.67,17748756.6,83712144.9,428838015
6655.9,S,34,42473.51,5141.90,17748756.6,83712145.1,428838016
6656.9,S,34,42482.21,5143.20,17748756.6,83712145.4,428838025
6657.9,S,34,42490.92,5144.43,17748756.6,83712145.5,428838028
6658.9,S,34,42499.46,5145.82,17748756.6,83712210.6,428838295
6659.9,S,34,42508.18,5147.19,17748756.6,83712211.1,428838297
6660.9,S,34,42516.73,5148.59,17748756.6,83712235.6,428838388
6661.9,S,34,42525.37,5150.03,17748756.6,83712235.8,428838390
6662.9,S,34,42529.05,5150.63,17748756.6,83712396.4,428839032
6663.9,S,41,42540.17,5151.93,17748756.6,83712532.6,428839457
6664.9,S,37,42552.81,5153.66,17748756.6,83712650.6,428839852
6665.9,S,34,42562.13,5155.08,17748756.6,83712766.5,428839958
6666.9,S,34,42570.83,5156.50,17748756.6,83712766.8,428839963
6667.9,S,34,42579.59,5157.86,17748756.6,83712766.9,428839964
6668.9,S,34,42588.30,5159.30,17748756.6,83712819.2,428840012
6669.9,S,34,42597.05,5160.70,17748756.6,83712820.1,428840016
6670.9,S,34,42605.92,5162.10,17748756.6,83712820.7,428840021
6671.9,S,34,42614.82,5163.60,17748756.6,83712820.8,428840022
6672.9,S,34,42623.60,5164.93,17748756.6,83712821.1,428840025
6673.9,S,34,42632.38,5166.17,17748756.6,83712885.6,428840080
6674.9,S,34,42641.13,5167.49,17748756.6,83712913.9,428840114
6675.9,S,34,42649.82,5168.77,17748756.6,83712915.1,428840121
6676.9,S,34,42658.75,5170.10,17748756.6,83712915.2,428840122
6677.9,S,34,42667.43,5171.51,17748756.6,83712973.4,428840174
6678.9,S,34,42676.11,5172.80,17748756.6,83712973.6,428840177
6679.9,S,34,42684.20,5174.19,17748756.6,83713028.6,428840229
6680.9,S,42,42687.89,5174.64,17748756.6,83713231.0,428841032
6681.9,S,41,42698.40,5176.00,17748756.6,83713420.9,428841648
6682.9,S,36,42711.04,5177.63,17748756.6,83713513.8,428842000
6683.9,S,34,42720.02,5179.03,17748756.6,83713535.8,428842092
6684.9,S,34,42728.72,5180.44,17748756.6,83713536.0,428842100
6685.9,S,34,42737.35,5181.80,17748756.6,83713536.2,428842100
6686.9,S,34,42745.94,5183.15,17748756.6,83713601.4,428842353
6687.9,S,34,42754.54,5184.55,17748756.6,83713620.5,428842441
6688.9,S,34,42763.21,5185.86,17748756.6,83713620.9,428842449
6689.9,S,34,42771.93,5187.23,17748756.6,83713621.2,428842451
6690.9,S,34,42780.58,5188.62,17748756.6,83713621.5,428842461
6691.9,S,34,42789.36,5189.87,17748756.6,83713621.7,428842464
6692.9,S,34,42797.90,5191.27,17748756.6,83713686.7,428842677
6693.9,S,34,42806.70,5192.53,17748756.6,83713687.0,428842680
6694.9,S,34,42815.56,5193.86,17748756.6,83713687.3,428842689
6695.9,S,34,42824.14,5195.20,17748756.6,83713687.7,428842695
6696.9,S,34,42832.78,5196.57,17748756.6,83713703.6,428842746
6697.9,S,34,42841.34,5197.92,17748756.6,83713753.1,428842931
6698.9,S,34,42844.95,5198.45,17748756.6,83713926.9,428843563
6699.9,S,41,42855.41,5199.61,17748756.6,83714049.7,428843940
6700.9,S,36,42868.70,5201.52,17748756.6,83714212.9,428844101
6701.9,S,34,42877.48,5203.09,17748756.6,83714312.6,428844190
6702.9,S,34,42886.12,5204.57,17748756.6,83714313.1,428844192
6703.9,S,34,42894.74,5206.00,17748756.6,83714314.0,428844195
6704.9,S,34,42902.63,5207.27,17748756.7,83714442.3,428844533
6705.9,S,34,42911.39,5208.62,17748758.2,83714442.5,428844541
6706.9,S,34,42919.82,5210.16,17748758.9,83714466.2,428844642
6707.9,S,34,42927.39,5211.39,17748758.9,83714517.2,428844822
6708.9,S,34,42936.06,5212.79,17748758.9,83714517.6,428844831
6709.9,S,34,42944.74,5214.04,17748758.9,83714517.7,428844832
6710.9,S,34,42953.32,5215.39,17748758.9,83714568.4,428844989
6711.9,S,34,42962.11,5216.71,17748758.9,83714569.5,428845001
6712.9,S,34,42970.77,5218.17,17748758.9,83714570.4,428845011
6713.9,S,34,42979.26,5219.62,17748758.9,83714610.6,428845146
6714.9,S,34,42988.01,5221.01,17748758.9,83714611.0,428845150
6715.9,S,34,42996.74,5222.35,17748758.9,83714611.1,428845151
6716.9,S,34,43004.95,5223.71,17748758.9,83714626.0,428845208
6717.9,S,42,43012.41,5224.57,17748758.9,83714753.1,428845772
6718.9,S,41,43023.47,5226.10,17748758.9,83714948.9,428846474
6719.9,S,35,43034.16,5227.55,17748758.9,83715058.0,428846868
6720.9,S,34,43043.04,5228.90,17748758.9,83715058.1,428846875
6721.9,S,34,43051.82,5230.17,17748758.9,83715058.5,428846881
6722.9,S,34,43060.75,5231.50,17748758.9,83715058.8,428846882
6723.9,S,34,43069.53,5232.91,17748758.9,83715123.9,428847093
6724.9,S,34,43078.17,5234.12,17748758.9,83715124.3,428847097
6725.9,S,34,43086.89,5235.52,17748758.9,83715124.7,428847108
6726.9,S,34,43095.77,5236.80,17748758.9,83715124.8,428847109
6727.9,S,34,43104.43,5238.03,17748758.9,83715189.6,428847323
6728.9,S,34,43113.25,5239.39,17748758.9,83715190.3,428847325
6729.9,S,34,43122.08,5240.70,17748758.9,83715190.6,428847334
6730.9,S,34,43130.92,5241.95,17748758.9,83715190.7,428847335
6731.9,S,34,43139.79,5243.20,17748758.9,83715191.1,428847340
6732.9,S,34,43148.26,5244.63,17748758.9,83715261.3,428847562
6734.0,S,34,43156.88,5246.09,17748758.9,83715262.4,428847573
6735.0,S,34,43160.63,5246.70,17748758.9,83715510.1,428848178
6736.0,S,41,43176.07,5248.60,17748758.9,83715645.4,428848305
6737.0,S,34,43186.95,5250.06,17748758.9,83715760.0,428848430
6738.0,S,34,43187.66,5250.08,17748758.9,83715824.7,428848715
6739.0,S,34,43188.65,5250.09,17748758.9,83715824.8,428848716
6740.0,S,34,43189.64,5250.10,17748758.9,83715825.6,428848721
6741.0,S,34,43190.63,5250.12,17748758.9,83715826.0,428848728
6742.0,S,34,43191.44,5250.14,17748758.9,83715890.6,428848905
6743.0,S,34,43192.42,5250.16,17748758.9,83715890.7,428848906
6744.0,S,34,43193.27,5250.25,17748758.9,83715916.6,428848983
6745.0,S,34,43194.26,5250.27,17748758.9,83715917.1,428848985
6746.0,S,34,43195.24,5250.28,17748758.9,83715917.6,428848991
6747.0,S,34,43196.07,5250.30,17748758.9,83715981.3,428849149
6748.0,S,34,43197.05,5250.31,17748758.9,83715982.3,428849163
6749.0,S,34,43198.04,5250.33,17748758.9,83715982.4,428849164
6750.0,S,34,43199.03,5250.34,17748758.9,83715982.6,428849174
6751.0,S,34,43199.80,5250.36,17748758.9,83716047.2,428849394
6752.0,S,34,43200.78,5250.38,17748758.9,83716047.7,428849400
6753.0,S,34,43201.65,5250.44,17748758.9,83716073.1,428849485
6754.0,S,34,43202.63,5250.46,17748758.9,83716073.3,428849489
6755.0,S,34,43203.61,5250.48,17748758.9,83716073.5,428849492
6756.0,S,34,43204.59,5250.49,17748758.9,83716074.0,428849513
6757.0,S,34,43205.39,5250.52,17748758.9,83716138.8,428849705
6758.0,S,34,43206.37,5250.54,17748758.9,83716139.1,428849715
6759.0,S,34,43207.35,5250.56,17748758.9,83716139.2,428849716
6760.0,S,34,43208.33,5250.57,17748758.9,83716139.5,428849718
6761.0,S,34,43209.08,5250.59,17748758.9,83716203.9,428849960
6762.0,S,34,43210.06,5250.61,17748758.9,83716204.3,428849971
6763.0,S,34,43211.05,5250.63,17748758.9,83716204.6,428849972
6764.0,S,34,43212.03,5250.65,17748758.9,83716204.8,428849976
6765.0,S,34,43212.75,5250.70,17748758.9,83716269.7,428850212
6766.0,S,34,43213.73,5250.72,17748758.9,83716269.9,428850222
6767.0,S,34,43214.72,5250.73,17748758.9,83716270.3,428850222
6768.0,S,34,43215.71,5250.75,17748758.9,83716270.6,428850226
6769.0,S,34,43216.47,5250.77,17748758.9,83716369.4,428850605
6770.0,S,34,43217.45,5250.79,17748758.9,83716369.6,428850611
6771.0,S,34,43218.44,5250.80,17748758.9,83716369.9,428850613
6772.0,S,34,43219.42,5250.82,17748758.9,83716370.0,428850613
6773.0,S,34,43220.19,5250.85,17748758.9,83716434.7,428850824
6774.0,S,34,43221.18,5250.86,17748758.9,83716435.4,428850826
6775.0,S,34,43222.16,5250.88,17748758.9,83716435.5,428850829
6776.0,S,34,43223.15,5250.90,17748758.9,83716435.7,428850834
6777.0,S,34,43224.03,5250.92,17748758.9,83716500.3,428850942
6778.0,S,34,43224.96,5250.97,17748758.9,83716527.6,428850971
6779.0,S,34,43225.94,5250.99,17748758.9,83716528.1,428850971
6780.0,S,34,43226.93,5251.01,17748758.9,83716528.6,428850977
6781.0,S,34,43227.92,5251.02,17748758.9,83716528.7,428850980
6782.0,S,34,43228.85,5251.04,17748758.9,83716593.3,428851038
6783.0,S,34,43229.83,5251.05,17748758.9,83716593.5,428851039
6784.0,S,34,43230.82,5251.07,17748758.9,83716593.8,428851043
6785.0,S,34,43231.80,5251.08,17748758.9,83716594.5,428851049
6786.0,S,34,43232.74,5251.11,17748758.9,83716659.1,428851106
6787.0,S,34,43233.72,5251.12,17748758.9,83716659.2,428851108
6788.0,S,34,43234.72,5251.13,17748758.9,83716659.5,428851110
6789.0,S,34,43235.65,5251.15,17748758.9,83716724.0,428851167
6790.0,S,34,43236.64,5251.17,17748758.9,83716752.7,428851201
6791.0,S,34,43237.63,5251.18,17748758.9,83716753.0,428851206
6792.0,S,34,43238.62,5251.19,17748758.9,83716753.0,428851207
6793.0,S,34,43239.55,5251.22,17748758.9,83716817.5,428851263
6794.0,S,34,43240.54,5251.23,17748758.9,83716817.8,428851266
6795.0,S,34,43241.38,5251.29,17748758.9,83716849.4,428851362
6796.0,S,34,43242.36,5251.31,17748758.9,83716850.3,428851372
6797.0,S,34,43243.35,5251.33,17748758.9,83716850.4,428851373
6798.0,S,34,43244.33,5251.35,17748758.9,83716850.6,428851376
6799.0,S,34,43245.13,5251.36,17748758.9,83716915.2,428851574
6800.0,S,34,43246.12,5251.38,17748758.9,83716915.5,428851579
6801.0,S,34,43247.10,5251.40,17748758.9,83716916.3,428851591
6802.0,S,34,43248.09,5251.41,17748758.9,83716916.4,428851591
6803.0,S,34,43248.88,5251.43,17748758.9,83716980.9,428851792
6804.0,S,34,43249.86,5251.45,17748758.9,83716981.1,428851796
6805.0,S,34,43250.85,5251.47,17748758.9,83716981.2,428851798
6806.0,S,34,43251.83,5251.48,17748758.9,83716981.5,428851804
6807.0,S,34,43252.63,5251.51,17748758.9,83717046.5,428852001
6808.0,S,34,43253.61,5251.52,17748758.9,83717046.7,428852005
6809.0,S,34,43254.45,5251.58,17748758.9,83717081.2,428852112
6810.0,S,34,43255.44,5251.59,17748758.9,83717081.4,428852117
6811.0,S,34,43256.43,5251.61,17748758.9,83717108.3,428852212
6812.0,S,34,43257.41,5251.63,17748758.9,83717109.2,428852216
6813.0,S,34,43258.11,5251.65,17748758.9,83717173.7,428852507
6814.0,S,34,43259.09,5251.67,17748758.9,83717173.9,428852511
6815.0,S,34,43260.08,5251.68,17748758.9,83717174.1,428852514
6816.0,S,34,43261.05,5251.71,17748758.9,83717174.4,428852518
6817.0,S,34,43261.89,5251.73,17748758.9,83717238.9,428852666
6818.0,S,34,43262.87,5251.75,17748758.9,83717239.7,428852668
6819.0,S,34,43263.85,5251.77,17748758.9,83717239.8,428852670
6820.0,S,34,43264.64,5251.83,17748758.9,83717291.7,428852846
6821.0,S,34,43265.62,5251.84,17748758.9,83717291.8,428852849
6822.0,S,34,43266.61,5251.86,17748758.9,83717292.0,428852851
6823.0,S,34,43267.59,5251.87,17748758.9,83717292.3,428852852
6824.0,S,34,43268.40,5251.89,17748758.9,83717357.1,428853035
6825.0,S,34,43269.39,5251.90,17748758.9,83717357.2,428853037
6826.0,S,34,43270.38,5251.91,17748758.9,83717357.4,428853041
6827.0,S,34,43271.32,5251.95,17748758.9,83717366.9,428853083
6828.0,S,34,43272.12,5251.96,17748758.9,83717422.2,428853266
6829.0,S,34,43273.10,5251.98,17748758.9,83717423.1,428853270
6830.0,S,34,43274.08,5252.00,17748758.9,83717423.3,428853280
6831.0,S,34,43275.01,5252.02,17748758.9,83717443.5,428853349
6832.0,S,34,43275.89,5252.04,17748758.9,83717487.9,428853448
6833.0,S,34,43276.87,5252.06,17748758.9,83717488.1,428853452
6834.0,S,34,43277.86,5252.07,17748758.9,83717488.7,428853454
6835.0,S,34,43278.79,5252.09,17748758.9,83717553.3,428853519
6836.0,S,34,43279.77,5252.11,17748758.9,83717553.5,428853521
6837.0,S,34,43280.69,5252.17,17748758.9,83717574.4,428853546
6838.0,S,34,43281.68,5252.19,17748758.9,83717574.5,428853549
6839.0,S,34,43282.67,5252.20,17748758.9,83717574.7,428853553
6840.0,S,34,43283.65,5252.22,17748758.9,83717582.6,428853562
6841.0,S,34,43284.58,5252.24,17748758.9,83717640.1,428853614
6842.0,S,34,43285.57,5252.25,17748758.9,83717640.2,428853615
6843.0,S,34,43286.55,5252.27,17748758.9,83717640.4,428853617
6844.0,S,34,43287.48,5252.30,17748758.9,83717704.9,428853674
6845.0,S,34,43288.46,5252.32,17748758.9,83717705.7,428853680
6846.0,S,34,43289.45,5252.33,17748758.9,83717706.0,428853685
6847.0,S,34,43290.43,5252.35,17748758.9,83717706.2,428853687
6848.0,S,34,43291.36,5252.38,17748758.9,83717770.7,428853744
6849.0,S,34,43292.30,5252.42,17748758.9,83717788.8,428853761
6850.0,S,34,43293.28,5252.44,17748758.9,83717789.3,428853763
6851.0,S,34,43294.27,5252.45,17748758.9,83717789.8,428853764
6852.0,S,34,43295.26,5252.46,17748758.9,83717789.9,428853765
6853.1,S,34,43296.19,5252.48,17748758.9,83717854.5,428853825
6854.1,S,34,43297.18,5252.50,17748758.9,83717854.6,428853827
6855.1,S,34,43298.17,5252.51,17748758.9,83717854.8,428853830
6856.1,S,34,43299.10,5252.54,17748758.9,83717919.8,428853884
6857.1,S,34,43300.09,5252.55,17748758.9,83717920.0,428853890
6858.1,S,34,43301.07,5252.57,17748758.9,83717920.2,428853893
6859.1,S,34,43302.05,5252.59,17748758.9,83717920.4,428853897
6860.1,S,34,43302.97,5252.62,17748758.9,83717984.9,428853956
6861.1,S,34,43303.96,5252.63,17748758.9,83717985.4,428853960
6862.1,S,34,43304.95,5252.64,17748758.9,83717985.8,428853961
6863.1,S,34,43305.94,5252.66,17748758.9,83717986.0,428853962
6864.1,S,34,43306.87,5252.68,17748758.9,83718050.5,428854017
6865.1,S,34,43307.82,5252.72,17748758.9,83718059.9,428854031
6866.1,S,41,43314.89,5252.84,17748758.9,83718060.9,428854035
6867.1,S,41,43322.78,5252.96,17748758.9,83718061.6,428854036
6868.1,S,41,43330.69,5253.06,17748758.9,83718061.8,428854039
6869.1,S,41,43337.82,5253.22,17748758.9,83718292.6,428854322
6870.1,S,41,43343.73,5253.36,17748758.9,83718554.1,428854881
6871.1,S,41,43351.65,5253.45,17748758.9,83718554.3,428854882
6872.1,S,41,43359.54,5253.57,17748758.9,83718554.8,428854885
6873.1,S,41,43367.26,5253.71,17748758.9,83718631.8,428855043
6874.1,S,41,43372.89,5253.84,17748758.9,83718871.6,428855756
6875.1,S,41,43378.66,5253.96,17748758.9,83719076.9,428856445
6876.1,S,41,43386.55,5254.08,17748758.9,83719077.2,428856447
6877.1,S,41,43394.27,5254.20,17748758.9,83719129.3,428856628
6878.1,S,41,43400.27,5254.35,17748758.9,83719372.4,428857562
6879.1,S,41,43407.98,5254.50,17748758.9,83719494.9,428857734
6880.1,S,41,43415.79,5254.63,17748758.9,83719584.5,428857811
6881.1,S,41,43423.62,5254.77,17748758.9,83719644.0,428857865
6882.1,S,41,43431.45,5254.88,17748758.9,83719748.4,428857955
6883.1,S,41,43438.34,5255.01,17748758.9,83719933.7,428858615
6884.1,S,41,43443.55,5255.13,17748758.9,83720148.2,428859486
6885.1,S,41,43450.40,5255.21,17748758.9,83720177.3,428859649
6886.1,S,41,43458.18,5255.34,17748758.9,83720203.7,428859755
6887.1,S,41,43465.52,5255.48,17748758.9,83720349.3,428860313
6888.1,S,41,43473.14,5255.64,17748758.9,83720611.4,428860583
6889.1,S,41,43480.97,5255.76,17748758.9,83720688.2,428860654
6890.1,S,41,43488.86,5255.88,17748758.9,83720688.5,428860661
6891.1,S,41,43496.50,5256.01,17748758.9,83720823.4,428860927
6892.1,S,41,43502.84,5256.14,17748758.9,83721028.4,428861569
6893.1,S,41,43507.78,5256.25,17748758.9,83721200.0,428862316
6894.1,S,41,43515.68,5256.35,17748758.9,83721200.2,428862319
6895.1,S,41,43522.93,5256.48,17748758.9,83721319.4,428862700
6896.1,S,41,43530.58,5256.62,17748758.9,83721393.1,428862941
6897.1,S,41,43536.01,5256.76,17748758.9,83721628.8,428863728
6898.1,S,41,43543.62,5256.87,17748758.9,83721694.2,428864027
6899.1,S,41,43551.52,5256.97,17748758.9,83721694.4,428864029
6900.1,S,41,43559.00,5257.12,17748758.9,83721894.1,428864376
6901.1,S,41,43566.24,5257.29,17748758.9,83722172.7,428864766
6902.1,S,41,43574.09,5257.39,17748758.9,83722184.2,428864823
6903.1,S,41,43581.98,5257.51,17748758.9,83722184.4,428864827
6904.1,S,41,43588.66,5257.64,17748758.9,83722295.2,428865238
6905.1,S,41,43591.73,5257.76,17748758.9,83722550.9,428866239
6906.1,S,41,43597.64,5257.87,17748758.9,83722686.5,428866718
6907.1,S,41,43605.55,5257.97,17748758.9,83722686.7,428866723
6908.1,S,41,43613.44,5258.09,17748758.9,83722686.9,428866728
6909.1,S,41,43620.19,5258.22,17748758.9,83722829.1,428867186
6910.1,S,41,43625.73,5258.36,17748758.9,83723065.3,428867947
6911.1,S,41,43633.42,5258.49,17748758.9,83723206.4,428868161
6912.1,S,41,43641.30,5258.61,17748758.9,83723206.9,428868165
6913.1,S,40,43648.87,5258.73,17748758.9,83723259.8,428868216
6914.1,S,40,43655.40,5258.88,17748758.9,83723494.9,428868464
6915.1,S,40,43659.27,5258.97,17748759.0,83723731.3,428869293
6916.1,S,39,43665.79,5259.09,17748759.0,83723776.5,428869454
6917.1,S,34,43667.88,5259.43,17748759.0,83723952.9,428870064
6918.1,S,34,43673.28,5260.57,17748759.0,83723955.4,428870087
6919.1,S,34,43681.89,5261.87,17748759.0,83723955.4,428870088
6920.1,S,34,43690.65,5263.17,17748759.0,83723955.6,428870091
6921.1,S,34,43699.36,5264.51,17748759.0,83723955.9,428870095
6922.1,S,34,43708.13,5265.88,17748759.0,83723966.3,428870133
6923.1,S,34,43716.70,5267.35,17748759.0,83724022.4,428870337
6924.1,S,34,43725.31,5268.73,17748759.0,83724022.8,428870339
6925.1,S,34,43734.09,5270.13,17748759.0,83724023.1,428870342
6926.1,S,34,43742.83,5271.42,17748759.0,83724023.3,428870348
6927.1,S,34,43750.97,5272.69,17748759.0,83724086.4,428870581
6928.1,S,34,43759.77,5274.01,17748759.0,83724087.0,428870583
6929.1,S,34,43768.39,5275.44,17748759.0,83724087.5,428870593
6930.1,S,34,43777.05,5276.79,17748759.0,83724087.7,428870595
6931.1,S,34,43785.85,5278.24,17748759.0,83724088.0,428870603
6932.1,S,34,43794.24,5279.61,17748759.0,83724152.8,428870872
6933.1,S,34,43800.43,5280.57,17748759.0,83724250.6,428871194
6934.1,S,41,43809.89,5281.76,17748759.0,83724401.3,428871691
6935.1,S,38,43823.31,5283.44,17748759.0,83724546.7,428871989
6936.1,S,34,43832.57,5284.76,17748759.0,83724617.0,428872058
6937.1,S,34,43841.38,5286.02,17748759.0,83724681.7,428872117
6938.1,S,34,43850.09,5287.32,17748759.0,83724681.9,428872120
6939.1,S,34,43858.81,5288.73,17748759.0,83724707.6,428872146
6940.1,S,34,43867.57,5290.02,17748759.0,83724708.3,428872150
6941.1,S,34,43876.14,5291.40,17748759.0,83724708.5,428872155
6942.1,S,34,43884.98,5292.74,17748759.0,83724708.7,428872158
6943.1,S,34,43893.57,5294.11,17748759.0,83724773.3,428872217
6944.1,S,34,43902.27,5295.42,17748759.0,83724773.7,428872223
6945.1,S,34,43911.05,5296.91,17748759.0,83724774.2,428872225
6946.1,S,34,43919.83,5298.16,17748759.0,83724774.3,428872228
6947.1,S,34,43928.42,5299.53,17748759.0,83724774.6,428872232
6948.1,S,34,43937.18,5300.86,17748759.0,83724839.1,428872287
6949.1,S,34,43945.87,5302.31,17748759.0,83724863.6,428872331
6950.1,S,34,43954.62,5303.60,17748759.0,83724863.9,428872339
6951.1,S,34,43960.78,5304.50,17748759.0,83724930.5,428872687
6952.1,S,42,43965.91,5305.09,17748759.0,83725121.9,428873393
6953.1,S,40,43978.76,5306.55,17748759.0,83725269.4,428873907
6954.1,S,34,43988.60,5308.15,17748759.0,83725426.6,428874501
6955.1,S,34,43997.32,5309.63,17748759.1,83725426.9,428874512
6956.1,S,34,44005.98,5310.98,17748759.1,83725428.1,428874524
6957.1,S,34,44014.73,5312.38,17748759.1,83725428.4,428874529
6958.1,S,34,44023.57,5313.44,17748759.1,83725428.6,428874531
6959.1,S,34,44032.18,5314.79,17748759.1,83725493.3,428874770
6960.1,S,34,44041.00,5316.16,17748759.1,83725493.5,428874772
6961.1,S,34,44049.49,5317.53,17748759.1,83725518.7,428874856
6962.1,S,34,44058.16,5318.93,17748759.1,83725519.3,428874867
6963.1,S,34,44066.94,5320.35,17748759.1,83725519.6,428874872
6964.1,S,34,44075.80,5321.85,17748759.1,83725519.8,428874875
6965.1,S,34,44083.90,5323.19,17748759.1,83725584.6,428875076
6966.1,S,34,44092.68,5324.59,17748759.1,83725585.1,428875079
6967.2,S,34,44101.37,5325.90,17748759.1,83725585.7,428875088
6968.2,S,34,44110.05,5327.32,17748759.1,83725585.9,428875090
6969.2,S,34,44118.74,5328.60,17748759.1,83725586.2,428875099
6970.2,S,34,44120.09,5328.82,17748759.1,83725810.9,428876000
6971.2,S,41,44133.95,5330.49,17748759.1,83725985.6,428876190
6972.2,S,34,44146.38,5332.09,17748759.1,83726147.7,428876337
6973.2,S,34,44155.15,5333.37,17748759.1,83726148.3,428876341
6974.2,S,34,44163.90,5334.95,17748759.1,83726196.8,428876408
6975.2,S,34,44172.32,5336.44,17748759.1,83726213.1,428876514
6976.2,S,34,44180.99,5337.94,17748759.2,83726227.1,428876555
6977.2,S,34,44189.79,5339.28,17748759.2,83726227.7,428876562
6978.2,S,34,44198.60,5340.65,17748759.2,83726228.4,428876567
6979.2,S,34,44207.21,5342.03,17748759.2,83726228.6,428876569
6980.2,S,34,44215.70,5343.39,17748759.2,83726293.2,428876735
6981.2,S,34,44224.63,5344.66,17748759.2,83726293.6,428876738
6982.2,S,34,44233.34,5346.02,17748759.2,83726293.8,428876742
6983.2,S,34,44242.01,5347.35,17748759.2,83726294.2,428876745
6984.2,S,34,44250.83,5348.77,17748759.2,83726311.6,428876793
6985.2,S,34,44259.25,5350.05,17748759.2,83726359.4,428877017
6986.2,S,34,44268.11,5351.46,17748759.2,83726359.6,428877018
6987.2,S,34,44276.87,5352.90,17748759.2,83726359.8,428877018
6988.2,S,34,44278.16,5353.12,17748759.2,83726631.7,428877915
6989.2,S,42,44289.58,5354.53,17748759.2,83726745.0,428878307
6990.2,S,36,44301.57,5356.24,17748759.2,83726884.1,428878817
6991.2,S,34,44309.89,5357.57,17748759.2,83726910.2,428878958
6992.2,S,34,44318.89,5358.81,17748759.3,83726910.5,428878961
6993.2,S,34,44327.66,5360.27,17748759.3,83726951.0,428879086
6994.2,S,34,44336.37,5361.55,17748759.3,83726975.9,428879172
6995.2,S,34,44345.30,5362.92,17748759.3,83726976.1,428879184
6996.2,S,34,44354.18,5364.27,17748759.3,83726976.5,428879189
6997.2,S,34,44362.97,5365.70,17748759.3,83726976.7,428879193
6998.2,S,34,44371.40,5367.01,17748759.3,83727041.3,428879502
6999.2,S,34,44380.09,5368.39,17748759.3,83727041.9,428879505
7000.2,S,34,44388.72,5369.91,17748759.3,83727042.4,428879513
7001.2,S,34,44397.54,5371.25,17748759.3,83727042.6,428879515
7002.2,S,34,44406.31,5372.59,17748759.3,83727042.9,428879519
7003.2,S,34,44414.82,5373.85,17748759.3,83727107.5,428879764
7004.2,S,34,44423.58,5375.24,17748759.3,83727107.7,428879768
7005.2,S,34,44432.39,5376.65,17748759.3,83727108.2,428879771
7006.2,S,42,44438.89,5377.54,17748759.3,83727365.3,428880266
7007.2,S,41,44454.14,5379.42,17748759.4,83727556.3,428880441
7008.2,S,34,44461.33,5380.52,17748759.4,83727662.4,428880733
7009.2,S,34,44462.31,5380.53,17748759.4,83727662.8,428880737
7010.2,S,34,44463.30,5380.55,17748759.4,83727663.4,428880741
7011.2,S,34,44464.09,5380.57,17748759.4,83727728.7,428880957
7012.2,S,34,44465.07,5380.59,17748759.4,83727728.9,428880962
7013.2,S,34,44466.05,5380.61,17748759.4,83727729.1,428880975
7014.2,S,34,44467.03,5380.63,17748759.4,83727729.2,428880976
7015.2,S,34,44467.71,5380.65,17748759.4,83727794.3,428881289
7016.2,S,34,44468.70,5380.66,17748759.4,83727794.4,428881290
7017.2,S,34,44469.53,5380.74,17748759.4,83727819.2,428881390
7018.2,S,34,44470.52,5380.76,17748759.4,83727819.2,428881393
7019.2,S,34,44471.50,5380.78,17748759.4,83727819.5,428881400
7020.2,S,34,44472.33,5380.80,17748759.4,83727860.2,428881560
7021.2,S,34,44473.23,5380.81,17748759.4,83727884.6,428881663
7022.2,S,34,44474.21,5380.83,17748759.4,83727884.6,428881664
7023.2,S,34,44475.19,5380.85,17748759.4,83727885.0,428881669
7024.2,S,34,44476.03,5380.88,17748759.4,83727919.8,428881830
7025.2,S,34,44476.91,5380.89,17748759.4,83727950.1,428881932
7026.2,S,34,44477.73,5380.95,17748759.4,83727974.4,428882062
7027.2,S,34,44478.72,5380.96,17748759.4,83727974.7,428882065
7028.2,S,34,44479.70,5380.98,17748759.4,83727974.8,428882065
7029.2,S,34,44480.68,5381.00,17748759.4,83727975.3,428882076
7030.2,S,34,44481.44,5381.02,17748759.4,83728039.6,428882305
7031.2,S,34,44482.43,5381.03,17748759.5,83728040.8,428882348
7032.2,S,34,44483.42,5381.04,17748759.5,83728041.1,428882349
7033.2,S,34,44484.40,5381.06,17748759.5,83728041.4,428882356
7034.2,S,34,44485.18,5381.09,17748759.5,83728105.9,428882570
7035.2,S,34,44486.16,5381.11,17748759.5,83728106.1,428882572
7036.2,S,34,44487.15,5381.12,17748759.5,83728106.3,428882574
7037.2,S,34,44488.13,5381.14,17748759.5,83728106.6,428882583
7038.2,S,34,44488.88,5381.16,17748759.5,83728171.2,428882828
7039.2,S,34,44489.76,5381.22,17748759.5,83728188.5,428882892
7040.2,S,34,44490.75,5381.23,17748759.5,83728189.0,428882896
7041.2,S,34,44491.73,5381.24,17748759.6,83728222.0,428883090
7042.2,S,34,44492.72,5381.26,17748759.6,83728222.6,428883096
7043.2,S,34,44493.52,5381.28,17748759.6,83728287.1,428883279
7044.2,S,34,44494.45,5381.32,17748759.6,83728299.2,428883323
7045.2,S,34,44495.43,5381.34,17748759.6,83728299.3,428883325
7046.2,S,34,44496.42,5381.35,17748759.6,83728299.5,428883329
7047.2,S,34,44497.40,5381.37,17748759.6,83728300.7,428883333
7048.2,S,34,44498.16,5381.39,17748759.6,83728364.8,428883563
7049.2,S,34,44499.16,5381.40,17748759.6,83728364.9,428883567
7050.2,S,34,44500.14,5381.42,17748759.6,83728365.1,428883571
7051.2,S,34,44501.12,5381.43,17748759.6,83728393.7,428883679
7052.2,S,34,44501.90,5381.45,17748759.6,83728458.5,428883895
7053.2,S,34,44502.88,5381.47,17748759.6,83728459.1,428883896
7054.2,S,34,44503.87,5381.49,17748759.7,83728459.3,428883901
7055.2,S,34,44504.72,5381.54,17748759.7,83728508.5,428884006
7056.2,S,34,44505.70,5381.56,17748759.7,83728508.7,428884007
7057.2,S,34,44506.69,5381.57,17748759.7,83728508.9,428884010
7058.2,S,34,44507.62,5381.59,17748759.7,83728574.2,428884073
7059.2,S,34,44508.61,5381.60,17748759.7,83728574.3,428884076
7060.2,S,34,44509.59,5381.62,17748759.7,83728574.6,428884079
7061.2,S,34,44510.58,5381.63,17748759.7,83728574.9,428884080
7062.2,S,34,44511.51,5381.65,17748759.7,83728639.6,428884140
7063.2,S,34,44512.50,5381.67,17748759.7,83728639.9,428884143
7064.2,S,34,44513.48,5381.69,17748759.7,83728640.3,428884147
7065.2,S,34,44514.47,5381.70,17748759.7,83728640.4,428884150
7066.2,S,34,44515.36,5381.75,17748759.7,83728711.1,428884218
7067.2,S,34,44516.34,5381.77,17748759.7,83728711.2,428884219
7068.2,S,34,44517.33,5381.79,17748759.7,83728711.4,428884223
7069.2,S,34,44518.31,5381.80,17748759.7,83728712.1,428884227
7070.2,S,34,44519.24,5381.83,17748759.7,83728776.7,428884285
7071.2,S,34,44520.22,5381.85,17748759.7,83728776.8,428884287
7072.2,S,34,44521.21,5381.87,17748759.7,83728777.1,428884290
7073.2,S,34,44522.19,5381.88,17748759.7,83728777.4,428884293
7074.2,S,34,44523.12,5381.91,17748759.7,83728842.2,428884353
7075.2,S,34,44524.11,5381.92,17748759.7,83728842.5,428884355
7076.2,S,34,44525.09,5381.94,17748759.7,83728842.8,428884357
7077.2,S,34,44526.08,5381.95,17748759.7,83728843.1,428884361
7078.2,S,34,44527.01,5381.98,17748759.7,83728907.8,428884425
7079.2,S,34,44527.99,5381.99,17748759.7,83728908.1,428884430
7080.2,S,34,44528.97,5382.01,17748759.7,83728908.9,428884435
7081.2,S,34,44529.96,5382.03,17748759.7,83728909.1,428884436
7082.2,S,34,44530.90,5382.05,17748759.8,83728973.7,428884494
7083.2,S,34,44531.88,5382.06,17748759.8,83728973.9,428884499
7084.2,S,34,44532.87,5382.07,17748759.8,83728974.1,428884502
7085.2,S,34,44533.74,5382.17,17748759.8,83729029.8,428884552
7086.2,S,34,44534.72,5382.19,17748759.8,83729030.2,428884557
7087.3,S,34,44535.71,5382.20,17748759.8,83729030.6,428884563
7088.3,S,34,44536.70,5382.21,17748759.8,83729030.8,428884564
7089.3,S,34,44537.62,5382.24,17748759.8,83729095.3,428884621
7090.3,S,34,44538.61,5382.26,17748759.8,83729095.7,428884624
7091.3,S,34,44539.59,5382.27,17748759.8,83729095.9,428884628
7092.3,S,34,44540.57,5382.29,17748759.8,83729096.4,428884632
7093.3,S,34,44541.50,5382.32,17748759.8,83729161.0,428884688
7094.3,S,34,44542.48,5382.34,17748759.8,83729161.1,428884690
7095.3,S,34,44543.47,5382.35,17748759.8,83729161.3,428884694
7096.3,S,34,44544.41,5382.37,17748759.8,83729219.7,428884753
7097.3,S,34,44545.38,5382.39,17748759.8,83729226.4,428884765
7098.3,S,34,44546.36,5382.41,17748759.8,83729226.6,428884766
7099.3,S,34,44547.34,5382.43,17748759.8,83729226.7,428884769
7100.3,S,34,44548.18,5382.49,17748759.8,83729279.1,428884884
7101.3,S,34,44549.16,5382.51,17748759.8,83729279.3,428884888
7102.3,S,34,44550.14,5382.53,17748759.8,83729279.8,428884889
7103.3,S,34,44551.10,5382.55,17748759.8,83729298.9,428884926
7104.3,S,34,44551.96,5382.57,17748759.8,83729344.8,428885047
7105.3,S,34,44552.95,5382.58,17748759.8,83729345.0,428885051
7106.3,S,34,44553.93,5382.60,17748759.8,83729345.1,428885054
7107.3,S,34,44554.78,5382.62,17748759.8,83729409.8,428885193
7108.3,S,34,44555.77,5382.63,17748759.8,83729410.3,428885200
7109.3,S,34,44556.76,5382.65,17748759.8,83729410.4,428885203
7110.3,S,34,44557.75,5382.66,17748759.9,83729410.6,428885206
7111.3,S,34,44558.55,5382.72,17748759.9,83729477.7,428885359
7112.3,S,34,44559.53,5382.74,17748759.9,83729477.9,428885360
7113.3,S,34,44560.52,5382.75,17748759.9,83729478.3,428885367
7114.3,S,34,44561.50,5382.77,17748759.9,83729478.7,428885370
7115.3,S,34,44562.34,5382.79,17748759.9,83729543.2,428885522
7116.3,S,34,44563.33,5382.80,17748759.9,83729543.3,428885524
7117.3,S,34,44564.32,5382.81,17748759.9,83729543.6,428885526
7118.3,S,34,44565.31,5382.82,17748759.9,83729543.7,428885529
7119.3,S,34,44566.09,5382.85,17748759.9,83729608.6,428885734
7120.3,S,34,44567.06,5382.88,17748759.9,83729609.0,428885736
7121.3,S,34,44568.05,5382.89,17748759.9,83729609.1,428885740
7122.3,S,34,44569.03,5382.91,17748759.9,83729609.3,428885743
7123.3,S,34,44569.88,5382.94,17748759.9,83729673.9,428885876
7124.3,S,34,44570.87,5382.96,17748759.9,83729674.1,428885886
7125.3,S,34,44571.85,5382.97,17748759.9,83729674.6,428885889
7126.3,S,34,44572.84,5382.98,17748759.9,83729675.0,428885894
7127.3,S,34,44573.69,5383.00,17748759.9,83729739.5,428886035
7128.3,S,34,44574.68,5383.02,17748759.9,83729739.7,428886039
7129.3,S,34,44575.67,5383.03,17748760.0,83729739.8,428886043
7130.3,S,34,44576.47,5383.11,17748760.0,83729801.1,428886179
7131.3,S,34,44577.46,5383.12,17748760.0,83729801.7,428886186
7132.3,S,34,44578.45,5383.14,17748760.0,83729802.1,428886192
7133.3,S,34,44579.42,5383.16,17748760.0,83729802.2,428886193
7134.3,S,34,44580.29,5383.18,17748760.0,83729866.9,428886323
7135.3,S,34,44581.28,5383.19,17748760.0,83729866.9,428886324
7136.3,S,34,44582.27,5383.20,17748760.0,83729867.2,428886327
7137.3,S,34,44583.26,5383.21,17748760.0,83729867.6,428886331
7138.3,S,34,44584.13,5383.24,17748760.0,83729932.3,428886444
7139.3,S,34,44585.11,5383.26,17748760.0,83729932.6,428886450
7140.3,S,34,44586.09,5383.28,17748760.0,83729932.8,428886453
7141.3,S,34,44587.07,5383.29,17748760.0,83729933.0,428886459
7142.3,S,34,44587.92,5383.32,17748760.1,83729997.9,428886606
7143.3,S,34,44588.91,5383.33,17748760.1,83729998.2,428886608
7144.3,S,34,44589.77,5383.38,17748760.1,83730033.4,428886712
7145.3,S,34,44590.75,5383.40,17748760.1,83730033.7,428886715
7146.3,S,34,44591.73,5383.42,17748760.1,83730062.0,428886776
7147.3,S,34,44592.72,5383.44,17748760.1,83730062.2,428886779
7148.3,S,34,44593.55,5383.46,17748760.1,83730127.5,428886937
7149.3,S,34,44594.53,5383.48,17748760.1,83730128.0,428886939
7150.3,S,34,44595.51,5383.50,17748760.1,83730128.2,428886943
7151.3,S,34,44596.49,5383.51,17748760.1,83730128.3,428886945
7152.3,S,34,44597.30,5383.54,17748760.1,83730193.0,428887123
7153.3,S,34,44598.29,5383.55,17748760.1,83730193.2,428887123
7154.3,S,34,44599.27,5383.57,17748760.1,83730193.6,428887125
7155.3,S,34,44600.23,5383.59,17748760.1,83730223.5,428887152
7156.3,S,34,44601.19,5383.61,17748760.2,83730258.5,428887188
7157.3,S,34,44602.11,5383.66,17748760.2,83730285.3,428887217
7158.3,S,41,44605.58,5383.71,17748760.2,83730285.6,428887220
7159.3,S,41,44613.45,5383.84,17748760.2,83730286.1,428887225
7160.3,S,41,44621.34,5383.96,17748760.2,83730286.7,428887232
7161.3,S,41,44629.19,5384.08,17748760.2,83730335.0,428887285
7162.3,S,41,44636.22,5384.24,17748760.2,83730649.4,428887777
7163.3,S,41,44643.92,5384.38,17748760.2,83730742.8,428887986
7164.3,S,41,44651.36,5384.49,17748760.2,83730817.3,428888177
7165.3,S,41,44659.25,5384.61,17748760.3,83730817.7,428888180
7166.3,S,41,44666.18,5384.76,17748760.3,83730985.3,428888708
7167.4,S,41,44672.28,5384.92,17748760.3,83731348.4,428889570
7168.4,S,41,44680.17,5385.04,17748760.3,83731348.5,428889572
7169.4,S,41,44688.07,5385.14,17748760.3,83731348.8,428889576
7170.4,S,41,44695.74,5385.30,17748760.3,83731468.1,428889788
7171.4,S,41,44703.26,5385.46,17748760.3,83731783.2,428890065
7172.4,S,41,44710.89,5385.58,17748760.3,83731864.9,428890352
7173.4,S,41,44718.79,5385.68,17748760.3,83731865.0,428890359
7174.4,S,41,44726.00,5385.82,17748760.3,83732023.0,428890934
7175.4,S,41,44733.16,5385.95,17748760.3,83732161.9,428891424
7176.4,S,41,44740.13,5386.07,17748760.3,83732318.6,428891938
7177.4,S,41,44747.69,5386.21,17748760.3,83732394.6,428892273
7178.4,S,41,44755.11,5386.33,17748760.4,83732480.1,428892581
7179.4,S,41,44762.16,5386.46,17748760.4,83732644.6,428893172
7180.4,S,41,44769.26,5386.59,17748760.4,83732824.5,428893683
7181.4,S,41,44777.07,5386.72,17748760.4,83732918.7,428893767
7182.4,S,41,44784.92,5386.83,17748760.4,83732981.7,428893825
7183.4,S,41,44792.57,5386.97,17748760.4,83733168.1,428894072
7184.4,S,41,44799.99,5387.09,17748760.4,83733279.1,428894557
7185.4,S,41,44806.66,5387.24,17748760.4,83733421.2,428895080
7186.4,S,41,44814.14,5387.35,17748760.4,83733483.2,428895299
7187.4,S,41,44821.51,5387.48,17748760.4,83733624.0,428895821
7188.4,S,41,44828.92,5387.60,17748760.4,83733735.1,428896261
7189.4,S,41,44836.47,5387.71,17748760.4,83733793.4,428896466
7190.4,S,41,44841.72,5387.84,17748760.4,83734005.1,428897349
7191.4,S,41,44848.97,5388.00,17748760.4,83734183.7,428897671
7192.4,S,41,44856.82,5388.12,17748760.4,83734242.7,428897724
7193.4,S,41,44864.72,5388.22,17748760.4,83734243.1,428897726
7194.4,S,41,44871.96,5388.36,17748760.4,83734491.5,428898052
7195.4,S,41,44879.65,5388.48,17748760.4,83734557.1,428898271
7196.4,S,41,44885.84,5388.61,17748760.4,83734763.9,428898968
7197.4,S,41,44893.74,5388.72,17748760.4,83734764.1,428898977
7198.4,S,41,44900.64,5388.85,17748760.4,83734876.1,428899345
7199.4,S,41,44907.69,5388.98,17748760.4,83734979.1,428899694
7200.6,S,41,44913.87,5389.13,17748760.4,83735208.4,428900631
7201.6,S,41,44921.17,5389.26,17748760.4,83735276.7,428900897
7202.6,S,41,44928.79,5389.38,17748760.4,83735339.5,428901168
7203.6,S,40,44936.21,5389.49,17748760.4,83735472.4,428901513
7204.6,S,40,44943.01,5389.62,17748760.4,83735601.6,428901628
7205.6,S,40,44949.80,5389.73,17748760.4,83735744.9,428901753
7206.6,S,39,44956.23,5389.86,17748760.4,83735871.6,428902088
7207.6,S,37,44959.38,5389.94,17748760.5,83736088.9,428902821
7208.6,S,34,44959.83,5390.35,17748760.7,83736150.4,428903114
7209.6,S,34,44966.08,5391.58,17748760.7,83736152.1,428903130
7210.6,S,34,44974.81,5393.07,17748760.7,83736154.1,428903134
7211.6,S,34,44983.53,5394.47,17748760.7,83736154.3,428903141
7212.6,S,34,44992.18,5395.77,17748760.7,83736154.5,428903145
7213.6,S,34,45000.34,5397.18,17748760.7,83736219.0,428903404
7214.6,S,34,45008.91,5398.59,17748760.7,83736219.3,428903409
7215.6,S,34,45017.52,5399.89,17748760.7,83736219.9,428903416
7216.6,S,34,45026.15,5401.33,17748760.7,83736220.3,428903418
7217.6,S,34,45034.82,5402.62,17748760.7,83736220.5,428903419
7218.6,S,34,45043.43,5404.01,17748760.7,83736285.1,428903648
7219.6,S,34,45052.14,5405.37,17748760.7,83736285.2,428903650
7220.6,S,34,45060.56,5406.86,17748760.8,83736317.3,428903865
7221.6,S,34,45069.27,5408.18,17748760.8,83736317.7,428904748
7222.6,S,34,45078.12,5409.51,17748760.8,83736317.9,428904750
7223.6,S,34,45086.71,5410.85,17748760.8,83736318.0,428904757
7224.6,S,34,45092.91,5411.90,17748760.8,83736398.0,428905059
7225.6,S,42,45104.36,5413.33,17748760.8,83736682.5,428905391
7226.6,S,34,45116.90,5414.86,17748760.8,83736847.8,428905669
7227.6,S,34,45125.58,5416.29,17748760.8,83736848.0,428905672
7228.6,S,34,45134.44,5417.58,17748760.8,83736848.2,428905677
7229.6,S,34,45142.80,5418.75,17748760.8,83736896.2,428905834
7230.6,S,34,45151.55,5420.08,17748760.8,83736913.0,428905905
7231.6,S,34,45160.22,5421.46,17748760.8,83736930.0,428905963
7232.6,S,34,45168.67,5422.99,17748760.8,83736941.0,428906026
7233.6,S,34,45177.35,5424.36,17748760.8,83736941.2,428906028
7234.6,S,34,45185.94,5425.78,17748760.8,83736941.4,428906037
7235.6,S,34,45194.54,5427.10,17748760.8,83736941.8,428906044
7236.6,S,34,45202.75,5428.39,17748760.8,83737002.7,428906317
7237.6,S,34,45211.16,5429.82,17748760.8,83737007.4,428906370
7238.6,S,34,45220.02,5431.13,17748760.8,83737007.7,428906382
7239.6,S,34,45228.78,5432.43,17748760.8,83737007.8,428906383
7240.6,S,34,45237.40,5433.93,17748760.8,83737008.1,428906386
7241.6,S,34,45246.04,5435.17,17748760.8,83737067.2,428906612
7242.6,S,34,45254.61,5436.53,17748760.8,83737073.4,428906651
7243.6,S,42,45256.44,5436.74,17748760.8,83737330.4,428907530
7244.6,S,42,45271.25,5438.48,17748760.8,83737439.6,428907839
7245.6,S,34,45282.25,5440.04,17748760.8,83737570.5,428908409
7246.6,S,34,45290.64,5441.41,17748760.8,83737635.2,428908655
7247.6,S,34,45299.17,5442.93,17748760.8,83737643.3,428908689
7248.6,S,34,45307.88,5444.35,17748760.8,83737644.1,428908695
7249.6,S,34,45316.65,5445.74,17748760.8,83737644.2,428908697
7250.6,S,34,45325.31,5447.03,17748760.8,83737644.6,428908706
7251.7,S,34,45333.28,5448.15,17748760.8,83737709.1,428908932
7252.7,S,34,45341.86,5449.59,17748760.8,83737709.4,428908934
7253.7,S,34,45350.63,5450.93,17748760.8,83737709.9,428908936
7254.7,S,34,45359.46,5452.30,17748760.8,83737710.2,428908938
7255.7,S,34,45368.10,5453.77,17748760.8,83737710.4,428908940
7256.7,S,34,45376.47,5455.18,17748760.8,83737775.1,428909167
7257.7,S,34,45385.15,5456.60,17748760.8,83737775.2,428909168
7258.7,S,34,45393.80,5457.92,17748760.8,83737800.8,428909239
7259.7,S,34,45402.51,5459.37,17748760.8,83737801.4,428909247
7260.7,S,34,45411.33,5460.68,17748760.8,83737801.8,428909251
7261.7,S,42,45419.57,5461.83,17748760.8,83738058.7,428909488
7262.7,S,41,45431.93,5463.22,17748760.8,83738233.6,428909889
7263.7,S,34,45442.37,5464.76,17748760.8,83738363.3,428910327
7264.7,S,34,45451.06,5466.03,17748760.8,83738364.0,428910340
7265.7,S,34,45459.84,5467.23,17748760.8,83738364.3,428910343
7266.7,S,34,45468.41,5468.64,17748760.8,83738364.7,428910347
7267.7,S,34,45476.84,5470.05,17748760.8,83738429.3,428910593
7268.7,S,34,45485.58,5471.51,17748760.8,83738430.0,428910600
7269.7,S,34,45494.41,5472.83,17748760.8,83738430.3,428910601
7270.7,S,34,45503.15,5474.25,17748760.8,83738430.6,428910608
7271.7,S,34,45511.84,5475.66,17748760.8,83738459.6,428910734
7272.7,S,34,45520.35,5476.94,17748760.8,83738495.5,428910883
7273.7,S,34,45529.17,5478.25,17748760.8,83738495.9,428910885
7274.7,S,34,45537.92,5479.61,17748760.8,83738496.4,428910889
7275.7,S,34,45546.70,5480.96,17748760.8,83738496.5,428910897
7276.7,S,34,45554.70,5482.23,17748760.8,83738561.3,428911125
7277.7,S,34,45563.29,5483.66,17748760.8,83738561.4,428911127
7278.7,S,34,45571.72,5485.09,17748760.8,83738561.7,428911131
7279.7,S,34,45575.66,5485.65,17748760.8,83738725.7,428911718
7280.7,S,42,45587.64,5487.02,17748760.8,83738891.8,428911979
7281.7,S,34,45600.68,5488.67,17748760.8,83739100.8,428912168
7282.7,S,34,45609.27,5490.19,17748760.8,83739129.6,428912200
7283.7,S,34,45617.95,5491.62,17748760.8,83739129.7,428912203
7284.7,S,34,45626.59,5493.02,17748760.8,83739172.8,428912335
7285.7,S,34,45635.29,5494.33,17748760.8,83739221.7,428912494
7286.7,S,34,45644.10,5495.69,17748760.8,83739222.7,428912509
7287.7,S,34,45652.86,5497.02,17748760.8,83739222.9,428912510
7288.7,S,34,45661.57,5498.33,17748760.8,83739223.1,428912513
7289.7,S,34,45670.24,5499.82,17748760.8,83739287.6,428912701
7290.7,S,34,45679.10,5501.14,17748760.8,83739288.3,428912706
7291.7,S,34,45687.96,5502.59,17748760.8,83739288.6,428912709
7292.7,S,34,45696.63,5503.92,17748760.8,83739288.9,428912719
7293.7,S,34,45705.22,5505.23,17748760.8,83739302.5,428912823
7294.7,S,34,45713.49,5506.56,17748760.8,83739353.7,428913013
7295.7,S,34,45722.39,5507.85,17748760.8,83739354.3,428913022
7296.7,S,34,45730.99,5509.23,17748760.8,83739354.6,428913025
7297.7,S,34,45733.38,5509.66,17748760.8,83739599.5,428913776
7298.7,S,42,45746.20,5511.21,17748760.8,83739710.1,428914093
7299.7,S,38,45757.16,5512.76,17748760.8,83739849.7,428914585
7300.7,S,34,45759.69,5513.12,17748760.8,83739897.2,428914698
7301.7,S,34,45760.68,5513.13,17748760.8,83739897.3,428914701
7302.7,S,34,45761.60,5513.17,17748760.8,83739962.4,428914761
7303.7,S,34,45762.59,5513.18,17748760.8,83739962.6,428914764
7304.7,S,34,45763.57,5513.20,17748760.8,83739962.7,428914768
7305.7,S,34,45764.55,5513.22,17748760.8,83739962.8,428914771
7306.7,S,34,45765.48,5513.24,17748760.8,83740027.4,428914830
7307.7,S,34,45766.46,5513.26,17748760.8,83740028.0,428914832
7308.7,S,34,45767.44,5513.28,17748760.8,83740028.2,428914833
7309.7,S,34,45768.42,5513.30,17748760.8,83740028.5,428914837
7310.7,S,34,45769.36,5513.32,17748760.8,83740093.1,428914894
7311.7,S,34,45770.34,5513.34,17748760.8,83740093.2,428914897
7312.7,S,34,45771.23,5513.43,17748760.8,83740125.7,428914932
7313.7,S,34,45772.21,5513.45,17748760.8,83740126.1,428914936
7314.7,S,34,45773.20,5513.46,17748760.8,83740126.3,428914941
7315.7,S,34,45774.13,5513.49,17748760.8,83740190.8,428914998
7316.7,S,34,45775.11,5513.50,17748760.8,83740191.1,428915003
7317.7,S,34,45776.10,5513.52,17748760.8,83740191.6,428915006
7318.7,S,34,45777.08,5513.53,17748760.8,83740192.0,428915009
7319.7,S,34,45778.01,5513.56,17748760.8,83740256.6,428915067
7320.7,S,34,45778.99,5513.58,17748760.8,83740256.9,428915071
7321.7,S,34,45779.98,5513.60,17748760.8,83740257.1,428915073
7322.7,S,34,45780.96,5513.61,17748760.8,83740257.7,428915075
7323.7,S,34,45781.74,5513.63,17748760.8,83740322.3,428915296
7324.7,S,34,45782.72,5513.64,17748760.8,83740322.7,428915307
7325.7,S,34,45783.70,5513.66,17748760.8,83740322.9,428915310
7326.7,S,34,45784.42,5513.73,17748760.8,83740373.1,428915552
7327.7,S,34,45785.41,5513.74,17748760.8,83740373.3,428915552
7328.7,S,34,45786.40,5513.75,17748760.8,83740373.9,428915556
7329.7,S,34,45787.38,5513.77,17748760.8,83740374.1,428915568
7330.7,S,34,45788.12,5513.79,17748760.8,83740438.8,428915816
7331.7,S,34,45789.10,5513.81,17748760.8,83740439.0,428915821
7332.7,S,34,45790.09,5513.83,17748760.8,83740468.3,428915930
7333.7,S,34,45791.07,5513.84,17748760.8,83740468.8,428915938
7334.7,S,34,45791.78,5513.87,17748760.8,83740533.3,428916219
7335.7,S,34,45792.77,5513.88,17748760.8,83740533.8,428916222
7336.7,S,34,45793.64,5513.93,17748760.8,83740557.0,428916306
7337.7,S,34,45794.62,5513.94,17748760.8,83740557.2,428916315
7338.7,S,34,45795.61,5513.96,17748760.8,83740557.3,428916316
7339.7,S,34,45796.44,5513.98,17748760.8,83740605.8,428916489
7340.7,S,34,45797.37,5513.99,17748760.8,83740622.6,428916550
7341.7,S,34,45798.35,5514.01,17748760.8,83740623.0,428916551
7342.7,S,34,45799.34,5514.01,17748760.8,83740623.1,428916551
7343.7,S,34,45800.11,5514.04,17748760.8,83740684.7,428916776
7344.7,S,34,45801.07,5514.06,17748760.8,83740688.1,428916804
7345.7,S,34,45802.06,5514.07,17748760.8,83740688.3,428916812
7346.7,S,34,45803.04,5514.09,17748760.8,83740688.5,428916813
7347.7,S,34,45803.82,5514.12,17748760.8,83740753.2,428917031
7348.7,S,34,45804.80,5514.14,17748760.8,83740753.3,428917033
7349.7,S,34,45805.78,5514.15,17748760.8,83740753.5,428917043
7350.7,S,34,45806.56,5514.18,17748760.8,83740803.0,428917251
7351.7,S,34,45807.52,5514.23,17748760.8,83740803.3,428917253
7352.7,S,34,45808.50,5514.24,17748760.8,83740803.6,428917260
7353.7,S,34,45809.48,5514.26,17748760.8,83740803.8,428917262
7354.7,S,34,45810.23,5514.28,17748760.9,83740868.3,428917504
7355.7,S,34,45811.22,5514.30,17748760.9,83740868.8,428917513
7356.7,S,34,45812.20,5514.32,17748760.9,83740869.0,428917516
7357.7,S,34,45813.19,5514.33,17748760.9,83740869.4,428917526
7358.7,S,34,45813.91,5514.36,17748760.9,83740934.0,428917791
7359.7,S,34,45814.89,5514.37,17748760.9,83740934.2,428917795
7360.7,S,34,45815.88,5514.38,17748760.9,83740934.3,428917797
7361.7,S,34,45816.86,5514.40,17748760.9,83740939.5,428917812
7362.7,S,34,45817.58,5514.45,17748760.9,83740988.3,428918058
7363.7,S,34,45818.57,5514.46,17748760.9,83740988.7,428918063
7364.7,S,34,45819.55,5514.48,17748760.9,83740988.8,428918066
7365.7,S,34,45820.41,5514.50,17748760.9,83741025.6,428918200
7366.7,S,34,45821.31,5514.51,17748760.9,83741053.8,428918284
7367.7,S,34,45822.30,5514.53,17748760.9,83741054.0,428918289
7368.7,S,34,45823.29,5514.54,17748760.9,83741054.3,428918292
7369.7,S,34,45824.11,5514.57,17748760.9,83741112.5,428918458
7370.7,S,34,45825.08,5514.58,17748760.9,83741119.2,428918493
7371.7,S,34,45826.06,5514.60,17748760.9,83741119.4,428918498
7372.8,S,34,45827.05,5514.61,17748760.9,83741119.8,428918506
7373.8,S,34,45827.90,5514.64,17748760.9,83741184.6,428918643
7374.8,S,34,45828.89,5514.65,17748760.9,83741185.0,428918647
7375.8,S,34,45829.82,5514.70,17748760.9,83741207.0,428918668
7376.8,S,34,45830.81,5514.72,17748760.9,83741207.1,428918671
7377.8,S,34,45831.80,5514.73,17748760.9,83741207.7,428918679
7378.8,S,34,45832.72,5514.76,17748760.9,83741272.1,428918736
7379.8,S,34,45833.71,5514.78,17748760.9,83741272.7,428918740
7380.8,S,34,45834.69,5514.79,17748760.9,83741273.0,428918744
7381.8,S,34,45835.68,5514.81,17748760.9,83741273.4,428918749
7382.8,S,34,45836.60,5514.84,17748760.9,83741338.0,428918804
7383.8,S,34,45837.59,5514.86,17748760.9,83741338.5,428918811
7384.8,S,34,45838.57,5514.88,17748760.9,83741338.9,428918813
7385.8,S,34,45839.55,5514.89,17748760.9,83741339.2,428918817
7386.8,S,34,45840.48,5514.92,17748760.9,83741403.8,428918875
7387.8,S,34,45841.41,5514.98,17748760.9,83741423.0,428918898
7388.8,S,34,45842.40,5514.99,17748760.9,83741423.7,428918904
7389.8,S,34,45843.38,5515.00,17748760.9,83741423.8,428918907
7390.8,S,34,45844.37,5515.02,17748760.9,83741424.0,428918912
7391.8,S,34,45845.30,5515.04,17748760.9,83741488.7,428918967
7392.8,S,34,45846.29,5515.05,17748760.9,83741489.0,428918970
7393.8,S,34,45847.28,5515.07,17748760.9,83741489.1,428918972
7394.8,S,34,45848.25,5515.09,17748760.9,83741496.4,428918983
7395.8,S,34,45849.09,5515.13,17748760.9,83741552.2,428919113
7396.8,S,34,45850.07,5515.15,17748760.9,83741552.6,428919117
7397.8,S,34,45851.05,5515.17,17748760.9,83741552.8,428919124
7398.8,S,34,45851.88,5515.19,17748760.9,83741589.2,428919287
7399.8,S,34,45852.77,5515.21,17748760.9,83741617.9,428919373
7400.8,S,34,45853.76,5515.23,17748760.9,83741618.1,428919383
7401.8,S,34,45854.74,5515.24,17748760.9,83741618.2,428919386
7402.8,S,34,45855.52,5515.26,17748760.9,83741682.9,428919608
7403.8,S,34,45856.51,5515.27,17748760.9,83741683.1,428919608
7404.8,S,34,45857.49,5515.29,17748760.9,83741683.6,428919616
7405.8,S,34,45858.48,5515.30,17748760.9,83741683.7,428919620
7406.8,S,34,45859.28,5515.33,17748760.9,83741748.3,428919804
7407.8,S,34,45860.19,5515.39,17748760.9,83741761.1,428919847
7408.8,S,34,45861.17,5515.41,17748760.9,83741761.4,428919859
7409.8,S,34,45862.15,5515.42,17748760.9,83741761.5,428919862
7410.8,S,34,45863.13,5515.44,17748760.9,83741762.0,428919869
7411.8,S,34,45863.95,5515.46,17748760.9,83741826.5,428920043
7412.8,S,34,45864.93,5515.48,17748760.9,83741826.6,428920050
7413.8,S,34,45865.92,5515.49,17748760.9,83741826.8,428920052
7414.8,S,34,45866.90,5515.51,17748760.9,83741827.2,428920054
7415.8,S,34,45867.70,5515.53,17748760.9,83741891.7,428920250
7416.8,S,34,45868.68,5515.55,17748760.9,83741892.2,428920263
7417.8,S,34,45869.67,5515.56,17748760.9,83741892.3,428920265
7418.8,S,34,45870.65,5515.58,17748760.9,83741892.5,428920269
7419.8,S,34,45871.50,5515.63,17748760.9,83741960.6,428920380
7420.8,S,34,45872.49,5515.64,17748760.9,83741961.1,428920384
7421.8,S,34,45873.48,5515.65,17748760.9,83741961.5,428920389
7422.8,S,34,45874.47,5515.67,17748760.9,83741961.7,428920390
7423.8,S,34,45875.40,5515.69,17748760.9,83742026.2,428920449
7424.8,S,34,45876.39,5515.71,17748760.9,83742026.4,428920453
7425.8,S,34,45877.36,5515.73,17748760.9,83742026.8,428920455
7426.8,S,34,45878.30,5515.75,17748760.9,83742091.6,428920515
7427.8,S,34,45879.29,5515.76,17748760.9,83742091.7,428920518
7428.8,S,34,45880.28,5515.77,17748760.9,83742091.9,428920523
7429.8,S,34,45881.26,5515.79,17748760.9,83742092.1,428920530
7430.8,S,34,45882.19,5515.82,17748760.9,83742156.8,428920585
7431.8,S,34,45883.17,5515.83,17748760.9,83742157.3,428920588
7432.8,S,34,45884.16,5515.85,17748760.9,83742157.5,428920589
7433.8,S,34,45885.14,5515.87,17748760.9,83742157.6,428920590
7434.8,S,34,45886.07,5515.89,17748760.9,83742222.2,428920647
7435.8,S,34,45887.06,5515.91,17748760.9,83742222.3,428920650
7436.8,S,34,45887.95,5515.99,17748760.9,83742253.0,428920686
7437.8,S,34,45888.93,5516.01,17748760.9,83742253.6,428920690
7438.8,S,34,45889.92,5516.02,17748760.9,83742253.8,428920695
7439.8,S,34,45890.90,5516.05,17748760.9,83742256.2,428920699
7440.8,S,34,45891.79,5516.07,17748760.9,83742318.4,428920791
7441.8,S,34,45892.78,5516.08,17748760.9,83742318.8,428920795
7442.8,S,34,45893.77,5516.09,17748760.9,83742319.7,428920806
7443.8,S,34,45894.63,5516.11,17748760.9,83742384.2,428920936
7444.8,S,34,45895.62,5516.12,17748760.9,83742384.4,428920940
7445.8,S,34,45896.61,5516.14,17748760.9,83742384.7,428920944
7446.8,S,34,45897.60,5516.15,17748760.9,83742384.8,428920945
7447.8,S,34,45898.40,5516.17,17748760.9,83742449.5,428921136
7448.8,S,34,45899.38,5516.19,17748760.9,83742450.2,428921141
7449.8,S,34,45900.36,5516.21,17748760.9,83742450.3,428921144
7450.8,S,34,45901.35,5516.23,17748760.9,83742450.5,428921148
7451.8,S,34,45902.23,5516.25,17748760.9,83742515.0,428921258
7452.8,S,34,45903.22,5516.26,17748760.9,83742515.4,428921262
7453.8,S,34,45904.09,5516.31,17748761.0,83742545.5,428921344
7454.8,S,41,45908.75,5516.37,17748761.0,83742546.1,428921348
7455.8,S,41,45916.63,5516.50,17748761.0,83742546.3,428921356
7456.8,S,41,45924.52,5516.62,17748761.0,83742546.5,428921360
7457.8,S,41,45932.42,5516.72,17748761.0,83742546.6,428921362
7458.8,S,41,45939.07,5516.90,17748761.0,83742819.2,428921909
7459.8,S,41,45944.11,5517.03,17748761.0,83743099.6,428922575
7460.8,S,41,45952.00,5517.15,17748761.0,83743100.3,428922582
7461.8,S,41,45959.92,5517.24,17748761.0,83743100.4,428922587
7462.8,S,41,45967.06,5517.37,17748761.0,83743276.0,428922971
7463.8,S,41,45974.75,5517.53,17748761.0,83743472.0,428923162
7464.8,S,41,45982.51,5517.68,17748761.0,83743618.0,428923290
7465.8,S,41,45990.39,5517.80,17748761.0,83743618.4,428923293
7466.8,S,41,45997.95,5517.94,17748761.0,83743741.6,428923634
7467.8,S,41,46004.60,5518.05,17748761.0,83743936.3,428924322
7468.8,S,41,46011.43,5518.19,17748761.0,83744072.1,428924714
7469.8,S,41,46019.15,5518.30,17748761.0,83744149.7,428924900
7470.8,S,41,46026.90,5518.44,17748761.0,83744213.8,428925059
7471.8,S,41,46034.26,5518.56,17748761.0,83744410.5,428925627
7472.8,S,41,46041.26,5518.69,17748761.0,83744564.1,428926130
7473.8,S,41,46047.68,5518.81,17748761.0,83744683.2,428926535
7474.8,S,41,46055.57,5518.92,17748761.0,83744683.4,428926542
7475.8,S,41,46063.13,5519.05,17748761.0,83744817.9,428926902
7476.8,S,41,46070.85,5519.20,17748761.1,83745026.1,428927086
7477.8,S,41,46078.54,5519.33,17748761.1,83745159.8,428927292
7478.8,S,41,46086.20,5519.46,17748761.1,83745237.9,428927529
7479.8,S,41,46093.73,5519.62,17748761.1,83745365.5,428927890
7480.8,S,41,46101.41,5519.74,17748761.1,83745429.4,428928108
7481.8,S,41,46107.45,5519.88,17748761.1,83745648.5,428929082
7482.8,S,41,46114.29,5520.01,17748761.1,83745763.2,428929473
7483.8,S,41,46120.84,5520.12,17748761.1,83745885.1,428929892
7484.8,S,41,46128.56,5520.23,17748761.1,83745943.1,428930079
7485.8,S,41,46136.13,5520.37,17748761.1,83745999.6,428930388
7486.8,S,41,46142.73,5520.50,17748761.1,83746246.6,428930867
7487.8,S,41,46150.50,5520.63,17748761.1,83746378.7,428930988
7488.8,S,41,46158.29,5520.76,17748761.1,83746494.8,428931105
7489.8,S,41,46166.18,5520.87,17748761.1,83746495.1,428931108
7490.9,S,41,46171.29,5520.98,17748761.1,83746671.6,428931792
7491.9,S,41,46178.63,5521.10,17748761.1,83746815.9,428932291
7492.9,S,41,46185.28,5521.22,17748761.1,83746908.2,428932721
7493.9,S,41,46192.25,5521.34,17748761.1,83747036.4,428933140
7494.9,S,41,46200.13,5521.45,17748761.1,83747045.8,428933172
7495.9,S,41,46207.02,5521.61,17748761.2,83747351.6,428933743
7496.9,S,41,46214.86,5521.74,17748761.2,83747407.2,428933794
7497.9,S,41,46222.70,5521.86,17748761.2,83747475.2,428933853
7498.9,S,41,46230.41,5521.97,17748761.2,83747550.2,428934047
7499.9,S,41,46235.63,5522.12,17748761.2,83747796.3,428934838
7500.9,S,41,46242.39,5522.25,17748761.2,83747902.8,428935269
7501.9,S,40,46248.42,5522.35,17748761.2,83747966.4,428935541
7502.9,S,40,46255.06,5522.47,17748761.2,83748040.5,428935781
7503.9,S,36,46259.23,5522.61,17748761.2,83748363.6,428936315
7504.9,S,34,46260.33,5522.78,17748761.2,83748382.2,428936333
7505.9,S,34,46264.33,5523.89,17748761.2,83748384.0,428936340
7506.9,S,34,46273.20,5525.20,17748761.2,83748384.2,428936343
7507.9,S,34,46281.95,5526.60,17748761.2,83748384.5,428936348
7508.9,S,34,46290.74,5527.95,17748761.2,83748386.4,428936355
7509.9,S,34,46299.25,5529.44,17748761.2,83748451.4,428936418
7510.9,S,34,46308.16,5530.75,17748761.2,83748480.1,428936454
7511.9,S,34,46316.76,5532.08,17748761.2,83748480.3,428936457
7512.9,S,34,46325.74,5533.48,17748761.2,83748480.5,428936457
7513.9,S,34,46334.60,5534.85,17748761.2,83748481.0,428936459
7514.9,S,34,46343.28,5536.16,17748761.2,83748545.6,428936526
7515.9,S,34,46351.99,5537.41,17748761.2,83748564.0,428936572
7516.9,S,34,46360.70,5538.77,17748761.2,83748564.1,428936573
7517.9,S,34,46369.52,5540.05,17748761.2,83748564.4,428936575
7518.9,S,34,46378.18,5541.33,17748761.2,83748564.8,428936577
7519.9,S,34,46386.97,5542.61,17748761.2,83748565.1,428936583
7520.9,S,34,46395.04,5543.88,17748761.2,83748664.1,428936815
7521.9,S,42,46403.10,5544.83,17748761.2,83748858.1,428937330
7522.9,S,40,46414.78,5546.22,17748761.2,83749008.5,428937927
7523.9,S,34,46425.07,5547.80,17748761.2,83749097.9,428938247
7524.9,S,34,46433.97,5549.14,17748761.2,83749098.0,428938255
7525.9,S,34,46442.68,5550.43,17748761.2,83749163.1,428938436
7526.9,S,34,46451.26,5551.70,17748761.2,83749183.9,428938504
7527.9,S,34,46460.11,5553.11,17748761.2,83749184.5,428938511
7528.9,S,34,46468.77,5554.58,17748761.2,83749184.7,428938517
7529.9,S,34,46477.52,5555.85,17748761.2,83749185.0,428938519
7530.9,S,34,46486.22,5557.30,17748761.2,83749185.4,428938523
7531.9,S,34,46494.70,5558.68,17748761.2,83749250.3,428938710
7532.9,S,34,46503.34,5560.17,17748761.2,83749250.5,428938716
7533.9,S,34,46512.16,5561.48,17748761.2,83749250.8,428938718
7534.9,S,34,46520.93,5562.77,17748761.2,83749251.1,428938719
7535.9,S,34,46529.94,5564.06,17748761.2,83749251.5,428938726
7536.9,S,34,46538.46,5565.35,17748761.2,83749316.5,428939054
7537.9,S,34,46547.25,5566.70,17748761.2,83749316.7,428939057
7538.9,S,34,46552.61,5567.60,17748761.2,83749440.4,428939481
7539.9,S,42,46559.16,5568.40,17748761.2,83749616.4,428940077
7540.9,S,39,46573.39,5570.16,17748761.2,83749786.9,428940307
7541.9,S,34,46583.07,5571.60,17748761.2,83749856.6,428940376
7542.9,S,34,46591.99,5572.98,17748761.2,83749857.1,428940381
7543.9,S,34,46600.75,5574.33,17748761.2,83749857.3,428940386
7544.9,S,34,46609.51,5575.79,17748761.2,83749921.9,428940452
7545.9,S,34,46618.25,5577.07,17748761.2,83749922.1,428940456
7546.9,S,34,46627.10,5578.22,17748761.2,83749922.5,428940459
7547.9,S,34,46635.98,5579.66,17748761.2,83749922.8,428940464
7548.9,S,34,46644.58,5581.18,17748761.3,83749987.7,428940522
7549.9,S,34,46653.46,5582.52,17748761.3,83749988.0,428940527
7550.9,S,34,46662.27,5583.85,17748761.3,83749988.4,428940533
7551.9,S,34,46670.90,5585.26,17748761.3,83749988.6,428940535
7552.9,S,34,46679.55,5586.70,17748761.3,83749988.9,428940537
7553.9,S,34,46688.11,5588.05,17748761.3,83750053.8,428940726
7554.9,S,34,46696.97,5589.37,17748761.3,83750054.0,428940728
7555.9,S,34,46705.26,5590.80,17748761.3,83750088.2,428940873
7556.9,S,34,46710.16,5591.56,17748761.3,83750217.5,428941371
7557.9,S,42,46718.06,5592.53,17748761.3,83750345.4,428941896
7558.9,S,40,46731.12,5594.09,17748761.3,83750490.6,428942410
7559.9,S,34,46740.50,5595.40,17748761.3,83750586.1,428942749
7560.9,S,34,46748.90,5596.81,17748761.3,83750650.6,428942994
7561.9,S,34,46757.98,5598.20,17748761.3,83750651.0,428943001
7562.9,S,34,46766.72,5599.58,17748761.3,83750651.4,428943004
7563.9,S,34,46775.53,5600.95,17748761.3,83750652.1,428943013
7564.9,S,34,46784.37,5602.36,17748761.3,83750652.8,428943017
7565.9,S,34,46792.95,5603.59,17748761.3,83750717.4,428943228
7566.9,S,34,46801.79,5604.83,17748761.3,83750717.6,428943230
7567.9,S,34,46810.41,5606.21,17748761.3,83750717.9,428943235
7568.9,S,34,46819.35,5607.46,17748761.3,83750718.1,428943237
7569.9,S,34,46827.95,5608.80,17748761.3,83750773.5,428943418
7570.9,S,34,46836.55,5610.16,17748761.3,83750794.4,428943501
7571.9,S,34,46845.39,5611.45,17748761.3,83750794.8,428943509
7572.9,S,34,46854.31,5612.68,17748761.3,83750795.1,428943511
7573.9,S,34,46863.11,5613.87,17748761.3,83750795.3,428943520
7574.9,S,34,46868.66,5614.77,17748761.3,83750904.2,428943920
7575.9,S,42,46877.92,5615.99,17748761.3,83751142.4,428944360
7576.9,S,38,46892.13,5617.73,17748761.3,83751282.6,428944501
7577.9,S,34,46901.13,5619.10,17748761.3,83751357.5,428944587
7578.9,S,34,46909.89,5620.43,17748761.3,83751357.7,428944594
7579.9,S,34,46918.77,5621.85,17748761.3,83751366.2,428944665
7580.9,S,34,46927.36,5623.21,17748761.3,83751423.5,428944902
7581.9,S,34,46936.15,5624.59,17748761.3,83751423.8,428944913
7582.9,S,34,46944.97,5625.85,17748761.3,83751423.9,428944915
7583.9,S,34,46953.57,5627.28,17748761.3,83751424.2,428944918
7584.9,S,34,46962.07,5628.77,17748761.3,83751486.6,428945139
7585.9,S,34,46970.94,5630.09,17748761.3,83751486.9,428945141
7586.9,S,34,46979.64,5631.57,17748761.3,83751487.3,428945142
7587.9,S,34,46988.37,5632.90,17748761.3,83751487.5,428945152
7588.9,S,34,46997.09,5634.24,17748761.3,83751487.7,428945155
7589.9,S,34,47005.59,5635.59,17748761.3,83751552.4,428945424
7590.9,S,34,47014.21,5636.94,17748761.3,83751552.6,428945430
7591.9,S,34,47022.98,5638.28,17748761.3,83751553.1,428945432
7592.9,S,34,47025.38,5638.68,17748761.3,83751776.5,428946220
7593.9,S,42,47037.30,5640.11,17748761.3,83751934.3,428946710
7594.9,S,36,47050.19,5641.62,17748761.3,83752079.2,428947191
7595.9,S,34,47053.98,5642.09,17748761.3,83752115.0,428947329
7596.9,S,34,47054.97,5642.11,17748761.3,83752115.6,428947331
7597.9,S,34,47055.96,5642.12,17748761.3,83752116.3,428947337
7598.9,S,34,47056.73,5642.15,17748761.3,83752180.8,428947553
7599.9,S,34,47057.69,5642.16,17748761.3,83752189.1,428947591
7600.9,S,34,47058.52,5642.25,17748761.3,83752238.6,428947771
7601.9,S,34,47059.50,5642.27,17748761.3,83752238.8,428947775
7602.9,S,34,47060.49,5642.28,17748761.3,83752239.8,428947779
7603.9,S,34,47061.31,5642.30,17748761.3,83752284.0,428947947
7604.9,S,34,47062.23,5642.32,17748761.3,83752304.5,428948024
7605.9,S,34,47063.22,5642.33,17748761.3,83752304.7,428948029
7606.9,S,34,47064.20,5642.35,17748761.3,83752304.8,428948030
7607.9,S,34,47064.98,5642.38,17748761.3,83752369.6,428948244
7608.9,S,34,47065.96,5642.39,17748761.3,83752370.1,428948247
7609.9,S,34,47066.95,5642.41,17748761.3,83752370.3,428948252
7611.0,S,34,47067.94,5642.42,17748761.3,83752370.6,428948258
7612.0,S,34,47068.86,5642.44,17748761.3,83752435.1,428948324
7613.0,S,34,47069.84,5642.46,17748761.3,83752435.3,428948326
7614.0,S,34,47070.83,5642.48,17748761.3,83752435.6,428948330
7615.0,S,34,47071.81,5642.49,17748761.3,83752436.1,428948332
7616.0,S,34,47072.68,5642.58,17748761.3,83752498.7,428948393
7617.0,S,34,47073.67,5642.59,17748761.3,83752498.8,428948395
7618.0,S,34,47074.65,5642.61,17748761.3,83752499.0,428948399
7619.0,S,34,47075.63,5642.63,17748761.3,83752499.5,428948400
7620.0,S,34,47076.56,5642.65,17748761.3,83752564.4,428948464
7621.0,S,34,47077.54,5642.67,17748761.3,83752564.5,428948466
7622.0,S,34,47078.52,5642.69,17748761.3,83752564.8,428948470
7623.0,S,34,47079.46,5642.71,17748761.3,83752629.4,428948533
7624.0,S,34,47080.44,5642.72,17748761.3,83752629.8,428948537
7625.0,S,34,47081.43,5642.74,17748761.3,83752662.8,428948568
7626.0,S,34,47082.42,5642.75,17748761.3,83752663.4,428948572
7627.0,S,34,47083.34,5642.78,17748761.3,83752728.0,428948632
7628.0,S,34,47084.33,5642.79,17748761.3,83752728.1,428948635
7629.0,S,34,47085.32,5642.80,17748761.3,83752728.3,428948638
7630.0,S,34,47086.23,5642.82,17748761.3,83752765.8,428948723
7631.0,S,34,47087.14,5642.89,17748761.3,83752783.3,428948811
7632.0,S,34,47088.12,5642.90,17748761.3,83752783.4,428948813
7633.0,S,34,47089.11,5642.92,17748761.3,83752783.6,428948820
7634.0,S,34,47089.82,5642.94,17748761.3,83752848.0,428949088
7635.0,S,34,47090.80,5642.96,17748761.3,83752848.4,428949105
7636.0,S,34,47091.79,5642.98,17748761.3,83752848.8,428949110
7637.0,S,34,47092.76,5643.00,17748761.3,83752849.7,428949122
7638.0,S,34,47093.53,5643.02,17748761.3,83752914.2,428949350
7639.0,S,34,47094.52,5643.03,17748761.3,83752914.4,428949354
7640.0,S,34,47095.50,5643.05,17748761.3,83752914.6,428949363
7641.0,S,34,47096.49,5643.06,17748761.3,83752915.0,428949365
7642.0,S,34,47097.22,5643.09,17748761.3,83752980.1,428949631
7643.0,S,34,47098.21,5643.10,17748761.3,83752980.3,428949638
7644.0,S,34,47099.20,5643.11,17748761.3,83752980.4,428949641
7645.0,S,34,47100.02,5643.17,17748761.3,83753018.2,428949780
7646.0,S,34,47101.00,5643.19,17748761.3,83753018.3,428949782
7647.0,S,34,47101.99,5643.20,17748761.3,83753018.8,428949791
7648.0,S,34,47102.98,5643.21,17748761.3,83753019.2,428949794
7649.0,S,34,47103.69,5643.23,17748761.3,83753083.8,428950079
7650.0,S,34,47104.67,5643.25,17748761.3,83753084.0,428950079
7651.0,S,34,47105.66,5643.25,17748761.3,83753084.2,428950082
7652.0,S,34,47106.64,5643.27,17748761.3,83753088.0,428950088
7653.0,S,34,47107.44,5643.29,17748761.3,83753149.1,428950287
7654.0,S,34,47108.42,5643.31,17748761.3,83753149.5,428950290
7655.0,S,34,47109.40,5643.33,17748761.3,83753149.8,428950294
7656.0,S,34,47110.26,5643.35,17748761.3,83753190.3,428950425
7657.0,S,34,47111.18,5643.37,17748761.3,83753214.5,428950498
7658.0,S,34,47112.17,5643.39,17748761.3,83753214.8,428950501
7659.0,S,34,47113.16,5643.40,17748761.3,83753215.3,428950508
7660.0,S,34,47113.93,5643.42,17748761.3,83753279.9,428950732
7661.0,S,34,47114.91,5643.44,17748761.3,83753280.1,428950739
7662.0,S,34,47115.89,5643.45,17748761.3,83753280.2,428950742
7663.0,S,34,47116.87,5643.47,17748761.3,83753280.4,428950747
7664.0,S,34,47117.64,5643.55,17748761.3,83753333.1,428950917
7665.0,S,34,47118.63,5643.56,17748761.3,83753333.3,428950922
7666.0,S,34,47119.61,5643.58,17748761.3,83753333.5,428950925
7667.0,S,34,47120.54,5643.61,17748761.3,83753398.0,428950986
7668.0,S,34,47121.52,5643.62,17748761.3,83753398.2,428950989
7669.0,S,34,47122.50,5643.64,17748761.3,83753398.6,428950991
7670.1,S,34,47123.49,5643.66,17748761.3,83753399.3,428950995
7671.1,S,34,47124.42,5643.69,17748761.3,83753463.9,428951052
7672.1,S,34,47125.40,5643.70,17748761.3,83753464.1,428951057
7673.1,S,34,47126.39,5643.72,17748761.3,83753464.2,428951059
7674.1,S,34,47127.38,5643.73,17748761.3,83753464.7,428951063
7675.1,S,34,47128.31,5643.75,17748761.3,83753529.5,428951118
7676.1,S,34,47129.30,5643.76,17748761.3,83753529.8,428951120
7677.1,S,34,47130.29,5643.78,17748761.3,83753530.0,428951123
7678.1,S,34,47131.27,5643.79,17748761.3,83753530.2,428951127
7679.1,S,34,47132.14,5643.87,17748761.3,83753600.7,428951198
7680.1,S,34,47133.13,5643.88,17748761.3,83753601.2,428951206
7681.1,S,34,47134.12,5643.89,17748761.3,83753601.6,428951211
7682.1,S,34,47135.11,5643.91,17748761.3,83753601.8,428951215
7683.1,S,34,47136.03,5643.93,17748761.3,83753666.3,428951270
7684.1,S,34,47137.02,5643.95,17748761.3,83753666.7,428951275
7685.1,S,34,47138.00,5643.97,17748761.3,83753667.0,428951281
7686.1,S,34,47138.98,5643.99,17748761.3,83753667.8,428951284
7687.1,S,34,47139.87,5644.01,17748761.3,83753732.4,428951385
7688.1,S,34,47140.86,5644.03,17748761.3,83753732.7,428951390
7689.1,S,34,47141.84,5644.04,17748761.3,83753732.9,428951399
7690.1,S,34,47142.82,5644.06,17748761.3,83753733.1,428951404
7691.1,S,34,47143.58,5644.09,17748761.3,83753798.4,428951630
7692.1,S,34,47144.57,5644.10,17748761.3,83753798.6,428951633
7693.1,S,34,47145.44,5644.16,17748761.3,83753833.5,428951719
7694.1,S,34,47146.42,5644.18,17748761.3,83753833.7,428951720
7695.1,S,34,47147.40,5644.20,17748761.3,83753833.9,428951728
7696.1,S,34,47148.39,5644.21,17748761.3,83753834.6,428951731
7697.1,S,34,47149.22,5644.23,17748761.3,83753899.2,428951898
7698.1,S,34,47150.20,5644.25,17748761.3,83753899.3,428951901
7699.1,S,34,47151.19,5644.26,17748761.3,83753899.5,428951904
7700.1,S,34,47152.16,5644.28,17748761.3,83753910.2,428951934
7701.1,S,34,47152.97,5644.30,17748761.3,83753964.4,428952109
7702.1,S,34,47153.96,5644.31,17748761.3,83753964.7,428952112
7703.1,S,34,47154.94,5644.33,17748761.3,83753965.2,428952119
7704.1,S,34,47155.79,5644.35,17748761.3,83754029.7,428952261
7705.1,S,34,47156.77,5644.37,17748761.3,83754029.9,428952266
7706.1,S,34,47157.76,5644.39,17748761.3,83754030.1,428952273
7707.1,S,34,47158.74,5644.40,17748761.3,83754030.5,428952278
7708.1,S,34,47159.55,5644.43,17748761.3,83754095.2,428952453
7709.1,S,34,47160.53,5644.46,17748761.3,83754095.4,428952458
7710.1,S,34,47161.41,5644.52,17748761.3,83754123.6,428952521
7711.1,S,34,47162.39,5644.54,17748761.3,83754124.0,428952525
7712.1,S,34,47163.38,5644.55,17748761.3,83754124.1,428952528
7713.1,S,34,47164.37,5644.56,17748761.3,83754124.6,428952532
7714.1,S,34,47165.30,5644.59,17748761.3,83754189.4,428952591
7715.1,S,34,47166.28,5644.61,17748761.3,83754189.6,428952595
7716.1,S,34,47167.27,5644.62,17748761.3,83754189.8,428952598
7717.1,S,34,47168.26,5644.63,17748761.3,83754190.0,428952601
7718.1,S,34,47169.20,5644.64,17748761.3,83754254.7,428952660
7719.1,S,34,47170.18,5644.66,17748761.3,83754255.3,428952666
7720.1,S,34,47171.17,5644.68,17748761.3,83754255.4,428952668
7721.1,S,34,47172.10,5644.70,17748761.3,83754320.0,428952724
7722.1,S,34,47173.09,5644.71,17748761.3,83754320.1,428952725
7723.1,S,34,47174.07,5644.73,17748761.3,83754320.4,428952727
7724.1,S,34,47174.98,5644.79,17748761.3,83754364.1,428952773
7725.1,S,41,47180.33,5644.86,17748761.3,83754365.0,428952782
7726.1,S,41,47188.23,5644.97,17748761.3,83754365.3,428952787
7727.1,S,41,47196.10,5645.10,17748761.3,83754365.4,428952788
7728.1,S,41,47203.93,5645.21,17748761.3,83754474.4,428952883
7729.1,S,41,47207.97,5645.36,17748761.3,83754747.0,428953850
7730.1,S,41,47215.06,5645.48,17748761.4,83754868.0,428954312
7731.1,S,41,47222.79,5645.60,17748761.4,83754913.3,428954497
7732.1,S,41,47230.67,5645.72,17748761.4,83754913.4,428954497
7733.1,S,41,47236.66,5645.86,17748761.4,83755077.9,428955155
7734.1,S,41,47244.12,5646.00,17748761.4,83755339.7,428955482
7735.1,S,41,47251.96,5646.12,17748761.4,83755403.2,428955536
7736.1,S,41,47259.85,5646.23,17748761.4,83755403.8,428955541
7737.1,S,41,47267.32,5646.37,17748761.4,83755581.1,428955939
7738.1,S,41,47272.36,5646.49,17748761.4,83755840.3,428956907
7739.1,S,41,47280.25,5646.60,17748761.4,83755840.4,428956908
7740.1,S,41,47287.92,5646.71,17748761.4,83755913.6,428957148
7741.1,S,41,47295.34,5646.84,17748761.4,83756037.6,428957641
7742.1,S,41,47303.03,5646.96,17748761.4,83756098.6,428957858
7743.1,S,41,47309.31,5647.09,17748761.4,83756304.0,428958532
7744.1,S,41,47314.60,5647.20,17748761.4,83756481.7,428959212
7745.1,S,41,47322.44,5647.33,17748761.4,83756535.4,428959261
7746.1,S,41,47330.23,5647.46,17748761.4,83756662.7,428959379
7747.1,S,41,47337.87,5647.60,17748761.4,83756826.9,428959521
7748.1,S,41,47345.19,5647.74,17748761.4,83757001.6,428960096
7749.1,S,41,47353.09,5647.86,17748761.4,83757001.9,428960098
7750.1,S,41,47360.74,5647.98,17748761.4,83757069.2,428960363
7751.1,S,41,47367.23,5648.08,17748761.4,83757203.2,428960888
7752.1,S,41,47371.89,5648.21,17748761.4,83757441.1,428961780
7753.1,S,41,47378.85,5648.31,17748761.4,83757545.3,428962156
7754.1,S,41,47386.74,5648.42,17748761.4,83757545.6,428962191
7755.1,S,41,47393.55,5648.58,17748761.4,83757656.1,428962641
7756.1,S,41,47400.10,5648.71,17748761.4,83757855.0,428963152
7757.1,S,41,47407.73,5648.86,17748761.4,83757979.8,428963270
7758.1,S,41,47415.62,5648.98,17748761.4,83757981.0,428963274
7759.1,S,41,47423.30,5649.10,17748761.4,83758122.5,428963394
7760.1,S,41,47430.19,5649.24,17748761.4,83758296.2,428963808
7761.1,S,41,47436.63,5649.38,17748761.4,83758518.1,428964540
7762.1,S,41,47444.43,5649.50,17748761.4,83758538.8,428964636
7763.1,S,41,47452.08,5649.63,17748761.4,83758607.7,428964870
7764.1,S,41,47458.83,5649.77,17748761.4,83758756.8,428965443
7765.1,S,41,47465.46,5649.88,17748761.4,83758852.5,428965794
7766.1,S,41,47470.36,5650.01,17748761.4,83759074.6,428966544
7767.1,S,41,47478.25,5650.12,17748761.4,83759074.9,428966551
7768.1,S,41,47485.00,5650.24,17748761.4,83759170.5,428966961
7769.1,S,41,47492.43,5650.38,17748761.4,83759282.8,428967099
7770.1,S,41,47500.09,5650.54,17748761.4,83759531.6,428967320
7771.1,S,41,47507.82,5650.67,17748761.4,83759599.9,428967487
7772.1,S,40,47515.47,5650.78,17748761.4,83759638.3,428967623
7773.1,S,40,47521.58,5650.90,17748761.4,83759832.2,428968317
7774.1,S,40,47527.96,5651.01,17748761.4,83759882.6,428968557
7775.1,S,40,47530.33,5651.11,17748761.4,83760150.4,428969520
7776.1,S,37,47534.11,5651.17,17748761.4,83760240.0,428969865
7777.1,S,34,47535.02,5651.55,17748761.5,83760307.9,428970092
7778.1,S,34,47541.16,5652.79,17748761.5,83760309.7,428970110
7779.1,S,34,47550.00,5654.06,17748761.5,83760309.9,428970111
7780.1,S,34,47558.78,5655.36,17748761.5,83760312.4,428970123
7781.1,S,34,47567.68,5656.61,17748761.5,83760312.6,428970128
7782.1,S,34,47576.15,5657.89,17748761.5,83760377.3,428970349
7783.1,S,34,47584.76,5659.13,17748761.5,83760377.5,428970351
7784.1,S,34,47593.35,5660.53,17748761.5,83760393.1,428970405
7785.1,S,34,47602.11,5661.86,17748761.5,83760393.6,428970407
7786.1,S,34,47610.84,5663.10,17748761.5,83760394.1,428970417
7787.1,S,34,47619.48,5664.34,17748761.5,83760394.3,428970420
7788.2,S,34,47627.83,5665.75,17748761.5,83760459.0,428970688
7789.2,S,34,47636.51,5667.12,17748761.5,83760459.2,428970695
7790.2,S,34,47645.41,5668.58,17748761.5,83760459.4,428970697
7791.2,S,34,47654.32,5669.94,17748761.5,83760460.1,428970698
7792.2,S,34,47662.87,5671.26,17748761.5,83760505.0,428970853
7793.2,S,34,47670.25,5672.46,17748761.5,83760615.5,428971049
7794.2,S,42,47684.07,5674.23,17748761.5,83760815.4,428971250
7795.2,S,35,47696.58,5675.82,17748761.5,83760962.7,428971560
7796.2,S,34,47705.31,5677.27,17748761.5,83760981.9,428971654
7797.2,S,34,47714.16,5678.60,17748761.5,83761047.3,428971883
7798.2,S,34,47722.95,5680.09,17748761.5,83761047.6,428971887
7799.2,S,34,47731.82,5681.47,17748761.5,83761047.8,428971890
7800.2,S,34,47740.70,5682.78,17748761.5,83761048.1,428971898
7801.2,S,34,47749.49,5684.17,17748761.5,83761048.2,428971900
7802.2,S,34,47758.22,5685.53,17748761.5,83761113.1,428972144
7803.2,S,34,47766.73,5686.92,17748761.5,83761128.4,428972205
7804.2,S,34,47775.42,5688.18,17748761.5,83761128.8,428972212
7805.2,S,34,47784.19,5689.67,17748761.5,83761129.2,428972223
7806.2,S,34,47792.92,5691.01,17748761.5,83761129.4,428972230
7807.2,S,34,47801.66,5692.33,17748761.5,83761129.9,428972234
7808.2,S,34,47810.00,5693.61,17748761.5,83761194.9,428972486
7809.2,S,34,47818.57,5694.92,17748761.5,83761195.3,428972504
7810.2,S,34,47827.26,5696.24,17748761.5,83761195.8,428972505
7811.2,S,34,47828.47,5696.39,17748761.5,83761438.5,428973446
7812.2,S,42,47842.03,5698.12,17748761.5,83761533.2,428973803
7813.2,S,35,47853.01,5699.53,17748761.5,83761757.3,428974460
7814.2,S,34,47861.99,5700.92,17748761.5,83761757.9,428974469
7815.2,S,34,47870.59,5702.35,17748761.5,83761764.8,428974507
7816.2,S,34,47879.15,5703.74,17748761.5,83761795.3,428974638
7817.2,S,34,47887.91,5705.18,17748761.5,83761795.5,428974646
7818.2,S,34,47896.66,5706.55,17748761.5,83761795.8,428974650
7819.2,S,34,47905.38,5707.92,17748761.5,83761796.3,428974654
7820.2,S,34,47914.08,5709.28,17748761.5,83761861.3,428974829
7821.2,S,34,47922.90,5710.61,17748761.5,83761861.5,428974829
7822.2,S,34,47931.65,5711.97,17748761.5,83761861.8,428974832
7823.2,S,34,47940.38,5713.28,17748761.5,83761862.0,428974840
7824.2,S,34,47949.10,5714.53,17748761.5,83761862.5,428974845
7825.2,S,34,47957.73,5715.82,17748761.5,83761927.2,428974964
7826.2,S,34,47966.46,5717.19,17748761.5,83761927.5,428974966
7827.2,S,34,47975.32,5718.45,17748761.5,83761927.7,428974968
7828.2,S,34,47984.08,5719.72,17748761.5,83761928.0,428974968
7829.2,S,42,47992.60,5720.81,17748761.5,83762251.4,428975267
7830.2,S,40,48007.43,5722.53,17748761.5,83762394.1,428975502
7831.2,S,34,48016.80,5724.00,17748761.5,83762491.9,428975711
7832.2,S,34,48025.42,5725.51,17748761.5,83762492.2,428975716
7833.2,S,34,48034.24,5726.83,17748761.5,83762492.4,428975724
7834.2,S,34,48042.53,5728.03,17748761.5,83762557.1,428975822
7835.2,S,34,48051.24,5729.51,17748761.5,83762557.8,428975825
7836.2,S,34,48060.12,5730.65,17748761.5,83762558.1,428975826
7837.2,S,34,48068.85,5731.93,17748761.5,83762558.3,428975828
7838.2,S,34,48077.55,5733.17,17748761.5,83762569.2,428975855
7839.2,S,34,48086.39,5734.44,17748761.5,83762623.2,428975944
7840.2,S,34,48095.07,5735.75,17748761.5,83762623.9,428975945
7841.2,S,34,48103.87,5737.11,17748761.5,83762624.1,428975949
7842.2,S,34,48112.63,5738.41,17748761.5,83762624.5,428975951
7843.2,S,34,48121.29,5739.62,17748761.5,83762689.1,428976092
7844.2,S,34,48129.96,5741.08,17748761.5,83762689.4,428976096
7845.2,S,34,48138.94,5742.43,17748761.5,83762689.8,428976099
7846.2,S,34,48145.02,5743.44,17748761.5,83762833.2,428976412
7847.2,S,42,48151.12,5744.27,17748761.5,83763001.5,428977048
7848.2,S,42,48164.45,5745.85,17748761.5,83763138.7,428977515
7849.2,S,34,48174.42,5747.38,17748761.5,83763241.4,428977750
7850.2,S,34,48183.15,5748.65,17748761.5,83763242.1,428977757
7851.2,S,34,48191.94,5750.00,17748761.5,83763242.6,428977762
7852.2,S,34,48200.61,5751.28,17748761.5,83763307.3,428977819
7853.2,S,34,48209.51,5752.59,17748761.5,83763308.0,428977821
7854.2,S,34,48218.24,5753.92,17748761.5,83763308.3,428977826
7855.2,S,34,48226.84,5755.09,17748761.5,83763308.5,428977829
7856.2,S,34,48235.59,5756.54,17748761.5,83763373.4,428977888
7857.2,S,34,48244.46,5757.93,17748761.5,83763373.7,428977892
7858.2,S,34,48253.09,5759.28,17748761.5,83763374.0,428977895
7859.2,S,34,48261.90,5760.58,17748761.5,83763374.3,428977897
7860.2,S,34,48270.57,5761.88,17748761.5,83763374.6,428977898
7861.2,S,34,48279.14,5763.23,17748761.5,83763439.2,428977954
7862.2,S,34,48288.03,5764.65,17748761.5,83763439.7,428977957
7863.2,S,34,48296.82,5766.01,17748761.5,83763439.9,428977960
7864.2,S,34,48305.14,5767.20,17748761.5,83763489.8,428978011
7865.2,S,42,48313.56,5768.19,17748761.5,83763769.2,428978613
7866.2,S,38,48327.19,5769.84,17748761.5,83763919.4,428978905
7867.2,S,34,48332.51,5770.70,17748761.5,83763998.9,428979050
7868.2,S,34,48333.49,5770.72,17748761.5,83763999.2,428979057
7869.2,S,34,48334.31,5770.74,17748761.5,83764063.7,428979234
7870.2,S,34,48335.29,5770.76,17748761.5,83764064.0,428979239
7871.2,S,34,48336.28,5770.77,17748761.5,83764064.8,428979249
7872.2,S,34,48337.27,5770.78,17748761.5,83764065.1,428979260
7873.2,S,34,48338.00,5770.80,17748761.5,83764130.1,428979522
7874.2,S,34,48338.98,5770.81,17748761.5,83764130.4,428979529
7875.2,S,34,48339.82,5770.90,17748761.5,83764152.3,428979607
7876.2,S,34,48340.80,5770.92,17748761.5,83764152.9,428979615
7877.2,S,34,48341.79,5770.93,17748761.5,83764153.1,428979618
7878.2,S,34,48342.78,5770.95,17748761.5,83764153.7,428979623
7879.2,S,34,48343.55,5770.97,17748761.5,83764218.2,428979836
7880.2,S,34,48344.53,5770.99,17748761.5,83764218.4,428979839
7881.2,S,34,48345.51,5771.01,17748761.5,83764218.5,428979842
7882.2,S,34,48346.50,5771.02,17748761.5,83764219.0,428979845
7883.2,S,34,48347.27,5771.04,17748761.5,83764283.5,428980076
7884.2,S,34,48348.16,5771.08,17748761.5,83764301.6,428980144
7885.2,S,34,48349.15,5771.10,17748761.5,83764301.8,428980147
7886.2,S,34,48350.13,5771.11,17748761.5,83764302.0,428980152
7887.2,S,34,48351.11,5771.13,17748761.5,83764302.1,428980160
7888.2,S,34,48351.84,5771.16,17748761.5,83764366.9,428980412
7889.2,S,34,48352.83,5771.17,17748761.5,83764367.0,428980415
7890.2,S,34,48353.82,5771.19,17748761.5,83764367.5,428980419
7891.2,S,34,48354.81,5771.19,17748761.5,83764367.6,428980420
7892.2,S,34,48355.73,5771.22,17748761.6,83764432.4,428980482
7893.2,S,34,48356.67,5771.27,17748761.6,83764455.8,428980506
7894.2,S,34,48357.65,5771.28,17748761.6,83764456.0,428980508
7895.2,S,34,48358.64,5771.30,17748761.6,83764456.6,428980512
7896.2,S,34,48359.62,5771.32,17748761.6,83764456.8,428980514
7897.2,S,34,48360.55,5771.35,17748761.6,83764553.9,428980600
7898.2,S,34,48361.53,5771.36,17748761.6,83764554.3,428980605
7899.2,S,34,48362.51,5771.38,17748761.6,83764554.4,428980608
7900.2,S,34,48363.49,5771.40,17748761.6,83764555.0,428980612
7901.2,S,34,48364.42,5771.43,17748761.6,83764619.6,428980670
7902.2,S,34,48365.41,5771.44,17748761.6,83764619.8,428980675
7903.2,S,34,48366.32,5771.49,17748761.6,83764667.3,428980718
7904.2,S,34,48367.31,5771.50,17748761.6,83764667.9,428980722
7905.2,S,34,48368.30,5771.52,17748761.6,83764668.0,428980724
7906.2,S,34,48369.28,5771.53,17748761.6,83764668.6,428980729
7907.2,S,34,48370.21,5771.56,17748761.6,83764733.1,428980788
7908.2,S,34,48371.20,5771.57,17748761.6,83764733.3,428980791
7909.2,S,34,48372.19,5771.59,17748761.6,83764733.4,428980793
7910.2,S,34,48373.17,5771.61,17748761.6,83764733.8,428980796
7911.2,S,34,48373.97,5771.63,17748761.6,83764798.7,428980983
7912.3,S,34,48374.96,5771.64,17748761.6,83764798.9,428980988
7913.3,S,34,48375.95,5771.65,17748761.6,83764799.0,428980991
7914.3,S,34,48376.93,5771.67,17748761.6,83764799.2,428981000
7915.3,S,34,48377.71,5771.69,17748761.6,83764863.9,428981223
7916.3,S,34,48378.60,5771.75,17748761.6,83764878.8,428981281
7917.3,S,34,48379.58,5771.76,17748761.6,83764879.0,428981283
7918.3,S,34,48380.56,5771.78,17748761.6,83764879.2,428981297
7919.3,S,34,48381.54,5771.80,17748761.6,83764879.3,428981299
7920.3,S,34,48382.27,5771.82,17748761.6,83764944.1,428981565
7921.3,S,34,48383.25,5771.84,17748761.6,83764944.5,428981572
7922.3,S,34,48384.23,5771.86,17748761.6,83764944.7,428981576
7923.3,S,34,48385.22,5771.87,17748761.6,83764944.8,428981579
7924.3,S,34,48385.96,5771.89,17748761.6,83765009.5,428981835
7925.3,S,34,48386.94,5771.91,17748761.6,83765009.6,428981844
7926.3,S,34,48387.93,5771.92,17748761.6,83765009.9,428981847
7927.3,S,34,48388.91,5771.94,17748761.6,83765010.5,428981854
7928.3,S,34,48389.68,5771.97,17748761.6,83765075.0,428982075
7929.3,S,34,48390.66,5771.98,17748761.6,83765075.2,428982078
7930.3,S,34,48391.65,5772.00,17748761.6,83765075.4,428982079
7931.3,S,34,48392.63,5772.01,17748761.6,83765075.7,428982086
7932.3,S,34,48393.31,5772.09,17748761.6,83765141.5,428982348
7933.3,S,34,48394.29,5772.11,17748761.6,83765141.9,428982353
7934.3,S,34,48395.28,5772.12,17748761.6,83765142.0,428982359
7935.3,S,34,48396.28,5772.13,17748761.6,83765142.3,428982362
7936.3,S,34,48396.99,5772.14,17748761.6,83765207.0,428982641
7937.3,S,34,48397.98,5772.16,17748761.6,83765207.7,428982641
7938.3,S,34,48398.96,5772.18,17748761.6,83765207.8,428982643
7939.3,S,34,48399.94,5772.19,17748761.6,83765208.0,428982645
7940.3,S,34,48400.69,5772.22,17748761.6,83765272.7,428982890
7941.3,S,34,48401.68,5772.23,17748761.6,83765272.9,428982906
7942.3,S,34,48402.66,5772.25,17748761.6,83765273.1,428982913
7943.3,S,34,48403.40,5772.30,17748761.6,83765328.9,428983126
7944.3,S,34,48404.39,5772.32,17748761.6,83765329.1,428983128
7945.3,S,34,48405.37,5772.34,17748761.6,83765329.3,428983139
7946.3,S,34,48406.36,5772.35,17748761.6,83765329.4,428983141
7947.3,S,34,48407.12,5772.37,17748761.6,83765394.0,428983374
7948.3,S,34,48408.11,5772.38,17748761.6,83765394.2,428983377
7949.3,S,34,48409.10,5772.40,17748761.6,83765394.8,428983386
7950.3,S,34,48410.08,5772.41,17748761.6,83765394.9,428983388
7951.3,S,34,48410.86,5772.43,17748761.6,83765462.5,428983606
7952.3,S,34,48411.82,5772.47,17748761.6,83765462.7,428983609
7953.3,S,34,48412.80,5772.49,17748761.6,83765463.0,428983616
7954.3,S,34,48413.78,5772.51,17748761.6,83765463.6,428983618
7955.3,S,34,48414.52,5772.53,17748761.6,83765493.3,428983878
7956.3,S,34,48415.38,5772.54,17748761.6,83765528.4,428984009
7957.3,S,34,48416.37,5772.56,17748761.6,83765528.6,428984010
7958.3,S,34,48417.35,5772.57,17748761.6,83765528.7,428984013
7959.3,S,34,48418.18,5772.59,17748761.6,83765576.7,428984178
7960.3,S,34,48419.10,5772.62,17748761.6,83765593.9,428984255
7961.3,S,34,48420.08,5772.63,17748761.6,83765594.1,428984258
7962.3,S,34,48420.91,5772.68,17748761.6,83765633.0,428984395
7963.3,S,34,48421.89,5772.69,17748761.6,83765633.3,428984400
7964.3,S,34,48422.87,5772.71,17748761.6,83765633.4,428984403
7965.3,S,34,48423.86,5772.73,17748761.6,83765634.0,428984411
7966.3,S,34,48424.65,5772.75,17748761.6,83765698.6,428984603
7967.3,S,34,48425.64,5772.77,17748761.6,83765698.8,428984605
7968.3,S,34,48426.62,5772.78,17748761.6,83765698.9,428984608
7969.3,S,34,48427.61,5772.80,17748761.6,83765699.2,428984613
7970.3,S,34,48428.53,5772.83,17748761.6,83765764.0,428984676
7971.3,S,34,48429.51,5772.85,17748761.6,83765764.4,428984677
7972.3,S,34,48430.50,5772.86,17748761.6,83765764.6,428984681
7973.3,S,34,48431.44,5772.89,17748761.6,83765829.3,428984741
7974.3,S,34,48432.43,5772.90,17748761.6,83765829.5,428984744
7975.3,S,34,48433.35,5772.95,17748761.6,83765860.9,428984778
7976.3,S,34,48434.33,5772.97,17748761.6,83765889.9,428984819
7977.3,S,34,48435.32,5772.98,17748761.6,83765890.2,428984824
7978.3,S,34,48436.30,5773.00,17748761.6,83765890.3,428984825
7979.3,S,34,48437.24,5773.02,17748761.6,83765954.9,428984879
7980.3,S,34,48438.21,5773.05,17748761.6,83765955.1,428984880
7981.3,S,34,48439.20,5773.06,17748761.6,83765955.3,428984881
7982.3,S,34,48440.19,5773.07,17748761.6,83765955.8,428984884
7983.3,S,34,48441.12,5773.10,17748761.6,83766020.5,428984940
7984.3,S,34,48442.11,5773.11,17748761.6,83766020.7,428984942
7985.3,S,34,48443.10,5773.12,17748761.6,83766020.9,428984946
7986.3,S,34,48444.08,5773.14,17748761.6,83766021.0,428984948
7987.3,S,34,48444.99,5773.17,17748761.6,83766086.0,428985032
7988.3,S,34,48445.83,5773.22,17748761.6,83766111.3,428985147
7989.3,S,34,48446.81,5773.24,17748761.6,83766111.6,428985152
7990.3,S,34,48447.79,5773.26,17748761.6,83766111.7,428985155
7991.3,S,34,48448.78,5773.27,17748761.6,83766112.0,428985159
7992.3,S,34,48449.64,5773.29,17748761.6,83766176.6,428985291
7993.3,S,34,48450.62,5773.31,17748761.6,83766177.2,428985299
7994.3,S,34,48451.61,5773.32,17748761.6,83766177.7,428985302
7995.3,S,34,48452.60,5773.34,17748761.6,83766177.8,428985303
7996.3,S,34,48453.48,5773.36,17748761.7,83766242.5,428985408
7997.3,S,34,48454.46,5773.38,17748761.7,83766242.7,428985414
7998.3,S,34,48455.44,5773.40,17748761.7,83766243.3,428985416
7999.3,S,34,48456.42,5773.42,17748761.7,83766243.6,428985423
8000.3,S,34,48457.27,5773.46,17748761.7,83766308.2,428985555
8001.3,S,34,48458.19,5773.50,17748761.7,83766326.1,428985616
8002.3,S,41,48463.39,5773.59,17748761.7,83766326.4,428985618
8003.3,S,41,48471.28,5773.70,17748761.7,83766327.0,428985622
8004.3,S,41,48479.18,5773.81,17748761.7,83766327.2,428985624
8005.3,S,41,48487.08,5773.92,17748761.7,83766327.9,428985628
8006.3,S,41,48491.61,5774.13,17748761.7,83766774.9,428986629
8007.3,S,41,48498.66,5774.24,17748761.7,83766843.9,428986845
8008.3,S,41,48506.55,5774.36,17748761.7,83766844.1,428986854
8009.3,S,41,48514.44,5774.47,17748761.7,83766844.4,428986856
8010.3,S,41,48521.92,5774.61,17748761.7,83766983.6,428987176
8011.3,S,41,48529.00,5774.78,17748761.7,83767321.5,428987562
8012.3,S,41,48536.84,5774.90,17748761.7,83767402.1,428987634
8013.3,S,41,48544.74,5775.01,17748761.7,83767402.2,428987637
8014.3,S,41,48551.65,5775.14,17748761.7,83767505.9,428988046
8015.3,S,41,48557.03,5775.27,17748761.7,83767764.6,428988817
8016.3,S,41,48564.70,5775.38,17748761.7,83767845.3,428989068
8017.3,S,41,48572.31,5775.51,17748761.7,83767925.3,428989347
8018.3,S,41,48580.18,5775.62,17748761.7,83767929.4,428989369
8019.3,S,41,48585.38,5775.78,17748761.7,83768240.0,428990121
8020.3,S,41,48593.23,5775.90,17748761.7,83768306.8,428990179
8021.3,S,41,48601.06,5776.04,17748761.7,83768370.5,428990236
8022.3,S,41,48608.78,5776.18,17748761.7,83768494.6,428990405
8023.3,S,41,48614.94,5776.30,17748761.7,83768662.6,428991005
8024.4,S,41,48620.19,5776.41,17748761.7,83768806.8,428991606
8025.4,S,41,48628.06,5776.53,17748761.7,83768813.4,428991636
8026.4,S,41,48635.71,5776.65,17748761.7,83768881.3,428991891
8027.4,S,41,48641.12,5776.77,17748761.7,83769064.0,428992580
8028.4,S,41,48646.39,5776.91,17748761.7,83769307.1,428993545
8029.4,S,41,48654.19,5777.04,17748761.7,83769314.1,428993599
8030.4,S,41,48661.81,5777.16,17748761.7,83769376.3,428993820
8031.4,S,41,48669.69,5777.27,17748761.7,83769383.3,428993849
8032.4,S,41,48676.73,5777.39,17748761.7,83769552.8,428994429
8033.4,S,41,48682.84,5777.53,17748761.7,83769810.4,428995118
8034.4,S,41,48690.62,5777.66,17748761.7,83769957.4,428995245
8035.4,S,41,48698.51,5777.78,17748761.7,83769957.8,428995254
8036.4,S,41,48706.32,5777.91,17748761.7,83770049.1,428995343
8037.4,S,41,48712.68,5778.05,17748761.7,83770297.5,428995962
8038.4,S,41,48719.11,5778.15,17748761.7,83770455.2,428996614
8039.4,S,41,48726.97,5778.29,17748761.7,83770455.8,428996621
8040.4,S,41,48734.68,5778.42,17748761.7,83770515.1,428996813
8041.4,S,41,48741.66,5778.52,17748761.7,83770640.7,428997213
8042.4,S,41,48747.88,5778.66,17748761.7,83770845.4,428997811
8043.4,S,41,48755.72,5778.77,17748761.7,83770916.3,428997876
8044.4,S,41,48763.51,5778.89,17748761.7,83771064.8,428998006
8045.4,S,41,48771.31,5779.02,17748761.7,83771177.2,428998108
8046.4,S,41,48778.53,5779.16,17748761.7,83771351.2,428998796
8047.4,S,41,48785.27,5779.27,17748761.7,83771440.3,428999139
8048.4,S,41,48792.92,5779.40,17748761.7,83771499.9,428999376
8049.4,S,41,48799.58,5779.53,17748761.7,83771632.8,428999846
8050.4,S,40,48805.70,5779.65,17748761.7,83771822.5,429000642
8051.4,S,40,48810.34,5779.75,17748761.7,83771969.8,429001229
8052.4,S,37,48814.79,5779.84,17748761.7,83772101.6,429001632
8053.4,S,36,48817.35,5779.88,17748761.7,83772139.2,429001851
8054.4,S,34,48817.64,5780.46,17748761.7,83772221.1,429002201
8055.4,S,34,48825.44,5781.81,17748761.8,83772224.4,429002219
8056.4,S,34,48834.43,5783.14,17748761.8,83772224.9,429002231
8057.4,S,34,48843.19,5784.48,17748761.8,83772225.1,429002234
8058.4,S,34,48852.03,5785.85,17748761.8,83772225.9,429002239
8059.4,S,34,48860.09,5787.20,17748761.8,83772290.4,429002488
8060.4,S,34,48868.77,5788.59,17748761.8,83772290.8,429002491
8061.4,S,34,48877.51,5790.05,17748761.8,83772291.2,429002498
8062.4,S,34,48886.15,5791.36,17748761.8,83772291.4,429002503
8063.4,S,34,48894.86,5792.71,17748761.8,83772291.6,429002506
8064.4,S,34,48903.44,5794.07,17748761.8,83772356.5,429002750
8065.4,S,34,48912.18,5795.45,17748761.8,83772356.7,429002751
8066.4,S,34,48919.42,5796.64,17748761.8,83772415.2,429003018
8067.4,S,34,48928.09,5797.99,17748761.8,83772415.7,429003021
8068.4,S,34,48936.59,5799.26,17748761.8,83772416.0,429003024
8069.4,S,34,48945.45,5800.50,17748761.8,83772416.5,429003027
8070.4,S,42,48955.38,5801.86,17748761.8,83772641.0,429003243
8071.4,S,38,48969.09,5803.47,17748761.8,83772866.1,429003602
8072.4,S,34,48978.54,5804.89,17748761.8,83772945.9,429003835
8073.4,S,34,48987.36,5806.19,17748761.8,83772946.1,429003836
8074.4,S,34,48996.19,5807.30,17748761.8,83772946.7,429003849
8075.4,S,34,49004.89,5808.73,17748761.8,83772947.0,429003854
8076.4,S,34,49012.50,5809.88,17748761.8,83773011.8,429004155
8077.4,S,34,49021.42,5811.11,17748761.8,83773012.2,429004157
8078.4,S,34,49030.19,5812.37,17748761.8,83773012.5,429004162
8079.4,S,34,49038.88,5813.72,17748761.8,83773027.9,429004220
8080.4,S,34,49047.58,5815.19,17748761.8,83773065.1,429004346
8081.4,S,34,49056.39,5816.50,17748761.8,83773065.2,429004354
8082.4,S,34,49065.22,5817.82,17748761.8,83773065.5,429004358
8083.4,S,34,49073.88,5819.24,17748761.8,83773066.0,429004362
8084.4,S,34,49082.43,5820.62,17748761.8,83773130.7,429004585
8085.4,S,34,49091.11,5822.03,17748761.8,83773130.9,429004587
8086.4,S,34,49099.78,5823.38,17748761.8,83773131.4,429004591
8087.4,S,34,49105.65,5824.20,17748761.8,83773219.0,429004965
8088.4,S,42,49114.38,5825.22,17748761.8,83773400.6,429005460
8089.4,S,40,49127.26,5826.83,17748761.8,83773592.8,429005877
8090.4,S,34,49137.01,5828.36,17748761.8,83773693.2,429005974
8091.4,S,34,49145.40,5829.92,17748761.8,83773720.4,429006003
8092.4,S,34,49154.07,5831.25,17748761.8,83773720.9,429006005
8093.4,S,34,49162.92,5832.63,17748761.8,83773721.2,429006007
8094.5,S,34,49171.63,5834.06,17748761.8,83773721.9,429006010
8095.5,S,34,49180.29,5835.51,17748761.8,83773786.6,429006067
8096.5,S,34,49189.07,5836.71,17748761.8,83773787.1,429006070
8097.5,S,34,49197.67,5838.01,17748761.8,83773787.4,429006072
8098.5,S,34,49206.35,5839.39,17748761.8,83773787.6,429006074
8099.5,S,34,49215.13,5840.77,17748761.8,83773787.9,429006079
8100.5,S,34,49223.83,5842.05,17748761.8,83773852.5,429006137
8101.5,S,34,49232.57,5843.33,17748761.8,83773853.1,429006138
8102.5,S,34,49241.22,5844.75,17748761.8,83773853.3,429006142
8103.5,S,34,49249.80,5846.10,17748761.8,83773853.5,429006147
8104.5,S,34,49258.40,5847.61,17748761.8,83773918.1,429006233
8105.5,S,34,49265.32,5848.66,17748761.8,83773989.8,429006461
8106.5,S,42,49267.63,5848.97,17748761.8,83774200.8,429007324
8107.5,S,41,49281.05,5850.66,17748761.8,83774311.3,429007764
8108.5,S,35,49292.36,5852.05,17748761.8,83774441.1,429008267
8109.5,S,34,49301.15,5853.40,17748761.8,83774441.5,429008282
8110.5,S,34,49309.83,5854.75,17748761.8,83774441.6,429008289
8111.5,S,34,49318.42,5856.13,17748761.8,83774506.6,429008524
8112.5,S,34,49327.33,5857.48,17748761.8,83774506.8,429008525
8113.5,S,34,49336.11,5858.79,17748761.8,83774507.4,429008535
8114.5,S,34,49344.89,5860.11,17748761.8,83774507.9,429008540
8115.5,S,34,49353.59,5861.34,17748761.8,83774508.2,429008549
8116.5,S,34,49361.94,5862.69,17748761.8,83774573.1,429008812
8117.5,S,34,49370.75,5864.01,17748761.8,83774573.2,429008813
8118.5,S,34,49379.54,5865.29,17748761.8,83774573.8,429008816
8119.5,S,34,49388.14,5866.67,17748761.8,83774604.3,429008917
8120.5,S,34,49396.80,5868.05,17748761.8,83774625.7,429009004
8121.5,S,34,49405.62,5869.37,17748761.8,83774626.3,429009011
8122.5,S,34,49414.23,5870.66,17748761.8,83774626.5,429009012
8123.5,S,34,49423.10,5872.02,17748761.8,83774627.0,429009019
8124.5,S,34,49426.58,5872.60,17748761.8,83774790.0,429009658
8125.5,S,42,49436.89,5873.82,17748761.8,83774958.4,429010046
8126.5,S,34,49451.24,5875.54,17748761.8,83775188.2,429010264
8127.5,S,34,49460.02,5876.87,17748761.8,83775188.9,429010269
8128.5,S,34,49468.80,5878.23,17748761.8,83775189.1,429010272
8129.5,S,34,49477.25,5879.57,17748761.8,83775254.1,429010465
8130.5,S,34,49486.14,5880.96,17748761.8,83775254.3,429010466
8131.5,S,34,49494.99,5882.28,17748761.8,83775254.5,429010470
8132.5,S,34,49503.72,5883.66,17748761.8,83775254.8,429010478
8133.5,S,34,49512.50,5885.13,17748761.8,83775281.7,429010560
8134.5,S,34,49521.09,5886.54,17748761.8,83775320.1,429010724
8135.5,S,34,49529.78,5887.86,17748761.8,83775330.0,429010760
8136.5,S,34,49538.35,5889.18,17748761.8,83775347.5,429010825
8137.5,S,34,49547.11,5890.69,17748761.8,83775347.8,429010834
8138.5,S,34,49555.85,5892.03,17748761.8,83775348.3,429010837
8139.5,S,34,49564.54,5893.34,17748761.8,83775348.6,429010842
8140.5,S,34,49572.91,5894.72,17748761.8,83775413.5,429011064
8141.5,S,34,49581.63,5896.06,17748761.8,83775413.8,429011067
8142.5,S,34,49583.03,5896.26,17748761.8,83775653.0,429011992
8143.5,S,41,49595.34,5897.77,17748761.8,83775752.9,429012386
8144.5,S,39,49606.99,5899.22,17748761.8,83775889.3,429012913
8145.5,S,34,49610.01,5899.65,17748761.8,83775975.8,429013331
8146.5,S,34,49610.98,5899.68,17748761.8,83775975.9,429013334
8147.5,S,34,49611.97,5899.69,17748761.8,83775976.2,429013339
8148.5,S,34,49612.96,5899.71,17748761.8,83775976.3,429013347
8149.5,S,34,49613.72,5899.73,17748761.8,83776040.9,429013576
8150.5,S,34,49614.71,5899.74,17748761.8,83776041.4,429013584
8151.5,S,34,49615.69,5899.76,17748761.8,83776042.0,429013594
8152.5,S,34,49616.68,5899.77,17748761.8,83776042.1,429013595
8153.5,S,34,49617.33,5899.88,17748761.9,83776106.0,429013852
8154.5,S,34,49618.32,5899.89,17748761.9,83776106.3,429013855
8155.5,S,34,49619.30,5899.91,17748761.9,83776106.8,429013862
8156.5,S,34,49620.29,5899.93,17748761.9,83776107.4,429013865
8157.5,S,34,49621.04,5899.95,17748761.9,83776172.0,429014106
8158.5,S,34,49622.03,5899.96,17748761.9,83776172.1,429014108
8159.5,S,34,49623.01,5899.98,17748761.9,83776172.3,429014113
8160.5,S,34,49623.99,5899.99,17748761.9,83776172.6,429014116
8161.5,S,34,49624.77,5900.01,17748761.9,83776237.4,429014333
8162.5,S,34,49625.75,5900.03,17748761.9,83776237.6,429014338
8163.5,S,34,49626.63,5900.08,17748761.9,83776261.1,429014420
8164.5,S,34,49627.61,5900.10,17748761.9,83776261.4,429014424
8165.5,S,34,49628.60,5900.11,17748761.9,83776261.6,429014427
8166.5,S,34,49629.49,5900.14,17748761.9,83776296.1,429014530
8167.5,S,34,49630.36,5900.15,17748761.9,83776326.9,429014647
8168.5,S,34,49631.35,5900.17,17748761.9,83776327.0,429014649
8169.5,S,34,49632.33,5900.19,17748761.9,83776327.2,429014653
8170.5,S,34,49633.19,5900.20,17748761.9,83776367.2,429014788
8171.5,S,34,49634.05,5900.22,17748761.9,83776391.9,429014927
8172.5,S,34,49635.04,5900.23,17748761.9,83776392.5,429014930
8173.5,S,34,49636.02,5900.25,17748761.9,83776392.7,429014939
8174.5,S,34,49636.96,5900.27,17748761.9,83776435.5,429015099
8175.5,S,34,49637.80,5900.29,17748761.9,83776487.3,429015252
8176.5,S,34,49638.79,5900.30,17748761.9,83776487.5,429015256
8177.5,S,34,49639.71,5900.35,17748761.9,83776519.9,429015286
8178.5,S,34,49640.70,5900.37,17748761.9,83776520.9,429015293
8179.5,S,34,49641.67,5900.39,17748761.9,83776521.1,429015296
8180.5,S,34,49642.60,5900.42,17748761.9,83776585.6,429015355
8181.5,S,34,49643.58,5900.44,17748761.9,83776585.8,429015357
8182.5,S,34,49644.57,5900.45,17748761.9,83776586.0,429015359
8183.5,S,34,49645.55,5900.47,17748761.9,83776586.5,429015361
8184.5,S,34,49646.48,5900.49,17748761.9,83776651.1,429015420
8185.5,S,34,49647.47,5900.51,17748761.9,83776651.2,429015421
8186.5,S,34,49648.45,5900.52,17748761.9,83776651.4,429015425
8187.5,S,34,49649.36,5900.58,17748761.9,83776705.7,429015473
8188.5,S,34,49650.34,5900.60,17748761.9,83776706.3,429015477
8189.5,S,34,49651.33,5900.61,17748761.9,83776706.7,429015482
8190.5,S,34,49652.31,5900.63,17748761.9,83776706.9,429015488
8191.5,S,34,49653.23,5900.66,17748761.9,83776771.4,429015553
8192.5,S,34,49654.22,5900.67,17748761.9,83776771.6,429015555
8193.5,S,34,49655.21,5900.68,17748761.9,83776771.8,429015559
8194.5,S,34,49656.19,5900.69,17748761.9,83776772.3,429015560
8195.5,S,34,49657.12,5900.72,17748761.9,83776837.1,429015621
8196.5,S,34,49658.11,5900.73,17748761.9,83776837.3,429015624
8197.5,S,34,49659.09,5900.75,17748761.9,83776837.5,429015628
8198.5,S,34,49660.08,5900.76,17748761.9,83776837.6,429015629
8199.5,S,34,49660.83,5900.78,17748761.9,83776902.6,429015874
8200.5,S,34,49661.70,5900.84,17748761.9,83776920.2,429015952
8201.5,S,34,49662.69,5900.85,17748761.9,83776920.7,429015955
8202.5,S,34,49663.67,5900.87,17748761.9,83776920.9,429015957
8203.5,S,34,49664.66,5900.88,17748761.9,83776921.1,429015966
8204.5,S,34,49665.37,5900.90,17748761.9,83776985.6,429016244
8205.5,S,34,49666.36,5900.92,17748761.9,83776986.0,429016252
8206.5,S,34,49667.34,5900.93,17748761.9,83776986.3,429016255
8207.5,S,34,49668.33,5900.95,17748761.9,83776986.5,429016263
8208.5,S,34,49669.08,5900.97,17748761.9,83777079.1,429016610
8209.5,S,34,49670.07,5900.98,17748761.9,83777079.3,429016619
8210.5,S,34,49671.06,5900.99,17748761.9,83777080.1,429016622
8211.5,S,34,49672.04,5901.01,17748761.9,83777080.3,429016623
8212.5,S,34,49672.81,5901.04,17748761.9,83777145.0,429016848
8213.5,S,34,49673.79,5901.05,17748761.9,83777145.3,429016852
8214.5,S,34,49674.59,5901.11,17748761.9,83777181.7,429017001
8215.6,S,34,49675.58,5901.12,17748762.0,83777182.0,429017006
8216.6,S,34,49676.56,5901.14,17748762.0,83777182.5,429017012
8217.6,S,34,49677.55,5901.16,17748762.0,83777182.7,429017022
8218.6,S,34,49678.25,5901.18,17748762.0,83777247.5,429017310
8219.6,S,34,49679.23,5901.20,17748762.0,83777247.8,429017313
8220.6,S,34,49680.22,5901.22,17748762.0,83777247.9,429017314
8221.6,S,34,49681.20,5901.23,17748762.0,83777248.1,429017319
8222.6,S,34,49681.94,5901.26,17748762.0,83777312.8,429017571
8223.6,S,34,49682.92,5901.27,17748762.0,83777313.2,429017574
8224.6,S,34,49683.91,5901.28,17748762.0,83777313.3,429017581
8225.6,S,34,49684.88,5901.30,17748762.0,83777322.3,429017608
8226.6,S,34,49685.67,5901.35,17748762.0,83777366.0,429017778
8227.6,S,34,49686.65,5901.36,17748762.0,83777366.5,429017782
8228.6,S,34,49687.64,5901.38,17748762.0,83777366.7,429017785
8229.6,S,34,49688.54,5901.40,17748762.0,83777395.1,429017879
8230.6,S,34,49689.40,5901.41,17748762.0,83777431.6,429018017
8231.6,S,34,49690.37,5901.43,17748762.0,83777431.8,429018020
8232.6,S,34,49691.36,5901.45,17748762.0,83777432.3,429018025
8233.6,S,34,49692.20,5901.47,17748762.0,83777461.6,429018175
8234.6,S,34,49693.13,5901.48,17748762.0,83777497.0,429018234
8235.6,S,34,49694.12,5901.50,17748762.0,83777497.5,429018236
8236.6,S,34,49695.11,5901.51,17748762.0,83777498.2,429018248
8237.6,S,34,49696.04,5901.53,17748762.0,83777562.7,429018304
8238.6,S,34,49697.02,5901.55,17748762.0,83777562.9,429018307
8239.6,S,34,49698.00,5901.57,17748762.0,83777563.4,429018308
8240.6,S,34,49698.91,5901.63,17748762.0,83777600.6,429018347
8241.6,S,34,49699.90,5901.65,17748762.0,83777601.0,429018349
8242.6,S,34,49700.89,5901.66,17748762.0,83777601.1,429018355
8243.6,S,34,49701.82,5901.68,17748762.0,83777666.0,429018417
8244.6,S,34,49702.80,5901.70,17748762.0,83777666.5,429018422
8245.6,S,34,49703.78,5901.72,17748762.0,83777666.6,429018426
8246.6,S,34,49704.77,5901.74,17748762.0,83777666.8,429018429
8247.6,S,34,49705.70,5901.76,17748762.0,83777731.5,429018485
8248.6,S,34,49706.69,5901.77,17748762.0,83777731.7,429018487
8249.6,S,34,49707.68,5901.78,17748762.0,83777731.8,429018490
8250.6,S,34,49708.66,5901.80,17748762.0,83777732.2,429018494
8251.6,S,34,49709.59,5901.83,17748762.0,83777796.8,429018551
8252.6,S,34,49710.58,5901.84,17748762.0,83777797.1,429018554
8253.6,S,34,49711.56,5901.86,17748762.0,83777797.3,429018557
8254.6,S,34,49712.47,5901.89,17748762.0,83777843.9,429018642
8255.6,S,34,49713.35,5901.94,17748762.0,83777859.4,429018714
8256.6,S,34,49714.33,5901.96,17748762.0,83777859.6,429018719
8257.6,S,34,49715.32,5901.97,17748762.0,83777859.8,429018723
8258.6,S,34,49716.20,5901.99,17748762.0,83777924.5,429018826
8259.6,S,34,49717.20,5902.00,17748762.0,83777924.7,429018827
8260.6,S,34,49718.18,5902.01,17748762.0,83777924.9,429018832
8261.6,S,34,49719.17,5902.03,17748762.0,83777925.3,429018836
8262.6,S,34,49720.04,5902.06,17748762.0,83777989.9,429018953
8263.6,S,34,49721.02,5902.08,17748762.0,83777990.2,429018954
8264.6,S,34,49722.01,5902.09,17748762.0,83777990.4,429018956
8265.6,S,34,49722.99,5902.11,17748762.0,83777990.5,429018959
8266.6,S,34,49723.84,5902.13,17748762.0,83778055.2,429019106
8267.6,S,34,49724.82,5902.15,17748762.0,83778055.5,429019108
8268.6,S,34,49725.80,5902.17,17748762.0,83778055.7,429019113
8269.6,S,34,49726.79,5902.18,17748762.0,83778056.0,429019115
8270.6,S,34,49727.64,5902.25,17748762.0,83778117.4,429019205
8271.6,S,34,49728.63,5902.26,17748762.0,83778144.8,429019291
8272.6,S,34,49729.63,5902.27,17748762.0,83778145.6,429019297
8273.6,S,34,49730.51,5902.29,17748762.0,83778210.2,429019410
8274.6,S,34,49731.50,5902.30,17748762.0,83778210.8,429019414
8275.6,S,34,49732.49,5902.31,17748762.0,83778210.9,429019416
8276.6,S,34,49733.47,5902.33,17748762.0,83778211.3,429019420
8277.6,S,34,49734.37,5902.35,17748762.0,83778276.2,429019514
8278.6,S,34,49735.35,5902.37,17748762.0,83778276.4,429019519
8279.6,S,34,49736.34,5902.38,17748762.0,83778276.5,429019519
8280.6,S,34,49737.32,5902.40,17748762.0,83778276.9,429019522
8281.6,S,34,49738.20,5902.42,17748762.1,83778341.5,429019630
8282.6,S,34,49739.20,5902.43,17748762.1,83778341.7,429019635
8283.6,S,34,49740.09,5902.49,17748762.1,83778378.5,429019694
8284.6,S,41,49743.02,5902.52,17748762.1,83778378.7,429019698
8285.6,S,41,49750.93,5902.62,17748762.1,83778379.7,429019705
8286.6,S,41,49758.81,5902.75,17748762.1,83778380.0,429019710
8287.6,S,41,49766.63,5902.86,17748762.1,83778426.6,429019785
8288.6,S,41,49773.89,5903.02,17748762.1,83778556.4,429020165
8289.6,S,41,49777.68,5903.16,17748762.1,83778834.1,429020959
8290.6,S,41,49785.52,5903.28,17748762.1,83778913.5,429021026
8291.6,S,41,49793.37,5903.40,17748762.1,83778975.1,429021080
8292.6,S,41,49801.19,5903.53,17748762.1,83779038.1,429021137
8293.6,S,41,49806.77,5903.67,17748762.1,83779316.6,429021739
8294.6,S,41,49814.06,5903.80,17748762.1,83779413.3,429022087
8295.6,S,41,49821.96,5903.91,17748762.1,83779413.7,429022091
8296.6,S,41,49829.57,5904.03,17748762.1,83779487.4,429022390
8297.6,S,41,49836.40,5904.17,17748762.1,83779637.5,429022939
8298.6,S,41,49843.61,5904.29,17748762.1,83779806.0,429023634
8299.6,S,41,49850.96,5904.44,17748762.1,83779964.3,429024185
8300.6,S,41,49858.78,5904.54,17748762.1,83779989.3,429024276
8301.6,S,41,49865.07,5904.67,17748762.1,83780146.2,429024950
8302.6,S,41,49872.85,5904.80,17748762.1,83780273.9,429025071
8303.6,S,41,49880.58,5904.95,17748762.1,83780455.9,429025234
8304.6,S,41,49888.48,5905.06,17748762.1,83780456.2,429025237
8305.6,S,41,49894.61,5905.17,17748762.1,83780570.8,429025593
8306.6,S,41,49902.01,5905.31,17748762.1,83780688.3,429026035
8307.6,S,41,49908.07,5905.44,17748762.1,83780927.5,429026898
8308.6,S,41,49915.69,5905.56,17748762.1,83781007.6,429027186
8309.6,S,41,49923.40,5905.67,17748762.1,83781066.3,429027388
8310.6,S,41,49930.84,5905.79,17748762.1,83781187.0,429027864
8311.6,S,41,49938.02,5905.92,17748762.1,83781322.9,429028339
8312.6,S,41,49943.16,5906.03,17748762.1,83781497.5,429029027
8313.6,S,41,49951.05,5906.14,17748762.1,83781497.6,429029033
8314.6,S,41,49957.91,5906.27,17748762.1,83781634.1,429029649
8315.6,S,41,49965.53,5906.39,17748762.1,83781704.3,429029926
8316.6,S,41,49973.11,5906.53,17748762.1,83781848.3,429030217
8317.6,S,41,49980.82,5906.68,17748762.1,83782071.4,429030409
8318.6,S,41,49987.39,5906.80,17748762.1,83782208.7,429030737
8319.6,S,41,49994.80,5906.90,17748762.1,83782256.4,429030883
8320.6,S,41,50002.44,5907.01,17748762.1,83782322.3,429031073
8321.6,S,41,50009.61,5907.15,17748762.1,83782565.8,429031830
8322.6,S,41,50016.54,5907.28,17748762.1,83782639.1,429032109
8323.6,S,41,50023.74,5907.41,17748762.1,83782778.7,429032496
8324.6,S,41,50030.36,5907.53,17748762.1,83782883.7,429032831
8325.6,S,41,50037.85,5907.66,17748762.1,83783022.9,429033163
8326.6,S,41,50045.41,5907.78,17748762.1,83783124.7,429033380
8327.6,S,41,50052.74,5907.91,17748762.1,83783247.1,429033663
8328.6,S,41,50060.35,5908.04,17748762.1,83783359.8,429033948
8329.6,S,41,50068.14,5908.17,17748762.1,83783481.7,429034056
8330.6,S,41,50075.89,5908.32,17748762.1,83783612.9,429034171
8331.6,S,40,50082.82,5908.43,17748762.1,83783731.3,429034367
8332.6,S,40,50089.20,5908.55,17748762.1,83783869.6,429034867
8333.6,S,40,50095.17,5908.65,17748762.1,83783990.9,429035390
8334.6,S,40,50099.88,5908.76,17748762.1,83784192.1,429036138
8335.7,S,34,50100.28,5909.36,17748762.1,83784254.9,429036360
8336.7,S,34,50108.48,5910.60,17748762.1,83784256.2,429036369
8337.7,S,34,50117.23,5912.00,17748762.1,83784257.0,429036375
8338.7,S,34,50126.26,5913.35,17748762.1,83784257.3,429036377
8339.7,S,34,50134.90,5914.86,17748762.1,83784257.6,429036381
8340.7,S,34,50143.12,5916.37,17748762.1,83784323.8,429036622
8341.7,S,34,50151.81,5917.84,17748762.1,83784324.1,429036624
8342.7,S,34,50160.52,5919.15,17748762.1,83784324.3,429036634
8343.7,S,34,50169.25,5920.48,17748762.1,83784324.8,429036635
8344.7,S,34,50177.99,5921.87,17748762.1,83784325.1,429036637
8345.7,S,34,50186.64,5923.10,17748762.1,83784389.8,429036692
8346.7,S,34,50195.44,5924.40,17748762.1,83784390.2,429036694
8347.7,S,34,50204.08,5925.80,17748762.1,83784420.7,429036728
8348.7,S,34,50212.84,5927.15,17748762.1,83784421.5,429036733
8349.7,S,34,50221.67,5928.48,17748762.1,83784421.7,429036736
8350.7,S,34,50230.52,5929.91,17748762.1,83784422.0,429036740
8351.7,S,42,50240.80,5931.31,17748762.1,83784720.5,429037059
8352.7,S,40,50253.09,5932.85,17748762.1,83784854.7,429037537
8353.7,S,34,50261.60,5934.15,17748762.1,83784954.1,429037873
8354.7,S,34,50270.24,5935.58,17748762.1,83784954.6,429037875
8355.7,S,34,50279.02,5936.84,17748762.1,83784954.7,429037877
8356.7,S,34,50287.87,5938.23,17748762.1,83785019.4,429038080
8357.7,S,34,50296.73,5939.51,17748762.1,83785019.8,429038085
8358.7,S,34,50305.17,5940.97,17748762.1,83785048.1,429038182
8359.7,S,34,50314.01,5942.42,17748762.1,83785048.8,429038187
8360.7,S,34,50322.71,5943.85,17748762.1,83785049.1,429038190
8361.7,S,34,50331.43,5945.20,17748762.1,83785049.3,429038193
8362.7,S,34,50340.09,5946.48,17748762.1,83785050.1,429038207
8363.7,S,34,50348.62,5947.81,17748762.1,83785114.8,429038465
8364.7,S,34,50357.36,5949.23,17748762.1,83785115.3,429038470
8365.7,S,34,50366.00,5950.71,17748762.1,83785115.6,429038472
8366.7,S,34,50374.70,5952.01,17748762.1,83785115.7,429038480
8367.7,S,34,50383.65,5953.29,17748762.1,83785116.0,429038485
8368.7,S,34,50390.33,5954.35,17748762.1,83785240.3,429038965
8369.7,S,42,50398.21,5955.23,17748762.1,83785438.4,429039491
8370.7,S,38,50413.01,5956.90,17748762.1,83785610.3,429039649
8371.7,S,34,50422.60,5958.36,17748762.1,83785696.2,429039726
8372.7,S,34,50431.32,5959.83,17748762.2,83785733.4,429039760
8373.7,S,34,50440.26,5961.13,17748762.2,83785733.7,429039762
8374.7,S,34,50448.89,5962.38,17748762.2,83785734.8,429039768
8375.7,S,34,50457.84,5963.69,17748762.2,83785735.1,429039770
8376.7,S,34,50466.01,5964.84,17748762.2,83785799.6,429040013
8377.7,S,34,50474.78,5966.10,17748762.2,83785799.9,429040018
8378.7,S,34,50483.53,5967.33,17748762.2,83785800.1,429040025
8379.7,S,34,50492.53,5968.64,17748762.2,83785800.9,429040029
8380.7,S,34,50501.33,5969.86,17748762.2,83785801.1,429040030
8381.7,S,34,50509.84,5971.28,17748762.2,83785865.8,429040254
8382.7,S,34,50518.63,5972.66,17748762.2,83785866.0,429040257
8383.7,S,34,50527.39,5973.95,17748762.2,83785866.3,429040262
8384.7,S,34,50536.17,5975.33,17748762.2,83785866.9,429040271
8385.7,S,34,50544.82,5976.67,17748762.2,83785923.9,429040436
8386.7,S,34,50549.27,5977.26,17748762.2,83786064.0,429041012
8387.7,S,42,50558.77,5978.34,17748762.2,83786188.7,429041434
8388.7,S,41,50569.84,5979.67,17748762.2,83786364.6,429041953
8389.7,S,34,50579.65,5981.16,17748762.2,83786460.5,429042160
8390.7,S,34,50588.54,5982.53,17748762.2,83786461.0,429042164
8391.7,S,34,50597.27,5983.75,17748762.2,83786461.7,429042170
8392.7,S,34,50605.67,5985.11,17748762.2,83786526.3,429042227
8393.7,S,34,50614.36,5986.50,17748762.2,83786526.6,429042230
8394.7,S,34,50623.02,5987.88,17748762.2,83786526.8,429042231
8395.7,S,34,50631.61,5989.30,17748762.2,83786527.0,429042234
8396.7,S,34,50640.34,5990.59,17748762.2,83786527.8,429042240
8397.7,S,34,50649.06,5991.80,17748762.2,83786592.5,429042300
8398.7,S,34,50657.70,5993.04,17748762.2,83786592.6,429042303
8399.7,S,34,50666.44,5994.24,17748762.2,83786592.9,429042306
8400.7,S,34,50675.09,5995.53,17748762.2,83786593.1,429042307
8401.7,S,34,50683.77,5996.87,17748762.2,83786653.7,429042365
8402.7,S,34,50692.61,5998.26,17748762.2,83786654.2,429042370
8403.7,S,34,50701.35,5999.74,17748762.2,83786654.5,429042374
8404.7,S,34,50710.06,6001.01,17748762.2,83786654.8,429042381
8405.7,S,42,50718.40,6002.14,17748762.2,83786912.0,429042852
8406.7,S,40,50728.06,6003.37,17748762.2,83787116.3,429043561
8407.7,S,34,50738.19,6004.72,17748762.2,83787217.0,429043935
8408.7,S,34,50746.92,6006.03,17748762.2,83787217.3,429043940
8409.7,S,34,50755.57,6007.46,17748762.2,83787217.7,429043943
8410.7,S,34,50764.43,6008.91,17748762.2,83787217.9,429043945
8411.7,S,34,50773.00,6010.32,17748762.2,83787282.6,429044187
8412.7,S,34,50781.91,6011.70,17748762.2,83787283.1,429044192
8413.7,S,34,50790.70,6013.04,17748762.2,83787283.6,429044199
8414.7,S,34,50799.52,6014.41,17748762.2,83787283.8,429044200
8415.7,S,34,50808.35,6015.82,17748762.2,83787284.1,429044207
8416.7,S,34,50816.79,6017.14,17748762.2,83787348.7,429044488
8417.7,S,34,50825.58,6018.48,17748762.2,83787349.2,429044493
8418.7,S,34,50833.99,6019.91,17748762.2,83787376.5,429044617
8419.7,S,34,50842.90,6021.16,17748762.2,83787376.7,429044621
8420.7,S,34,50851.63,6022.46,17748762.2,83787376.9,429044625
8421.7,S,34,50860.26,6023.79,17748762.2,83787377.1,429044630
8422.7,S,34,50867.12,6024.78,17748762.2,83787459.4,429044944
8423.7,S,42,50869.14,6025.02,17748762.2,83787699.2,429045852
8424.7,S,41,50882.24,6026.36,17748762.2,83787806.4,429046203
8425.7,S,34,50893.24,6027.97,17748762.2,83787939.6,429046332
8426.7,S,34,50894.23,6027.98,17748762.2,83787939.9,429046335
8427.7,S,34,50895.16,6028.01,17748762.2,83788004.4,429046391
8428.7,S,34,50896.06,6028.09,17748762.2,83788027.0,429046414
8429.7,S,34,50897.05,6028.10,17748762.2,83788028.0,429046420
8430.7,S,34,50898.04,6028.11,17748762.2,83788028.2,429046425
8431.7,S,34,50899.02,6028.13,17748762.2,83788028.4,429046427
8432.7,S,34,50899.94,6028.16,17748762.2,83788093.0,429046485
8433.7,S,34,50900.92,6028.18,17748762.2,83788093.1,429046485
8434.7,S,34,50901.90,6028.20,17748762.2,83788093.6,429046490
8435.7,S,34,50902.89,6028.22,17748762.2,83788094.1,429046496
8436.7,S,34,50903.75,6028.24,17748762.2,83788158.6,429046633
8437.7,S,34,50904.63,6028.29,17748762.2,83788181.2,429046713
8438.7,S,34,50905.62,6028.30,17748762.2,83788181.4,429046721
8439.7,S,34,50906.60,6028.32,17748762.2,83788181.6,429046726
8440.7,S,34,50907.59,6028.33,17748762.2,83788182.3,429046735
8441.7,S,34,50908.38,6028.35,17748762.2,83788248.0,429046953
8442.7,S,34,50909.36,6028.37,17748762.2,83788274.9,429047091
8443.7,S,34,50910.35,6028.38,17748762.2,83788275.2,429047094
8444.7,S,34,50911.33,6028.40,17748762.2,83788275.3,429047097
8445.7,S,34,50912.12,6028.41,17748762.2,83788340.4,429047309
8446.7,S,34,50913.11,6028.43,17748762.2,83788340.8,429047312
8447.7,S,34,50913.99,6028.48,17748762.2,83788363.5,429047392
8448.7,S,34,50914.98,6028.49,17748762.2,83788363.7,429047393
8449.7,S,34,50915.97,6028.50,17748762.2,83788363.9,429047398
8450.7,S,34,50916.87,6028.53,17748762.2,83788384.8,429047471
8451.7,S,34,50917.59,6028.55,17748762.2,83788429.2,429047746
8452.7,S,34,50918.58,6028.56,17748762.2,83788429.3,429047749
8453.7,S,34,50919.57,6028.57,17748762.2,83788429.5,429047756
8454.7,S,34,50920.55,6028.59,17748762.2,83788429.7,429047757
8455.7,S,34,50921.34,6028.60,17748762.2,83788494.3,429047971
8456.8,S,34,50922.23,6028.65,17748762.2,83788546.0,429048115
8457.8,S,34,50923.21,6028.66,17748762.2,83788546.6,429048119
8458.8,S,34,50924.20,6028.67,17748762.2,83788546.9,429048121
8459.8,S,34,50925.19,6028.69,17748762.2,83788547.1,429048129
8460.8,S,34,50925.98,6028.71,17748762.2,83788611.7,429048333
8461.8,S,34,50926.97,6028.72,17748762.2,83788611.9,429048338
8462.8,S,34,50927.95,6028.74,17748762.2,83788612.3,429048346
8463.8,S,34,50928.94,6028.75,17748762.2,83788612.6,429048352
8464.8,S,34,50929.71,6028.78,17748762.2,83788677.3,429048576
8465.8,S,34,50930.69,6028.79,17748762.2,83788677.5,429048579
8466.8,S,34,50931.68,6028.80,17748762.2,83788677.7,429048582
8467.8,S,34,50932.67,6028.82,17748762.2,83788678.3,429048591
8468.8,S,34,50933.40,6028.84,17748762.2,83788742.8,429048842
8469.8,S,34,50934.24,6028.90,17748762.2,83788766.3,429048956
8470.8,S,34,50935.23,6028.91,17748762.2,83788766.6,429048964
8471.8,S,34,50936.22,6028.92,17748762.2,83788766.8,429048968
8472.8,S,34,50937.20,6028.94,17748762.2,83788767.3,429048974
8473.8,S,34,50937.99,6028.96,17748762.2,83788831.9,429049176
8474.8,S,34,50938.97,6028.98,17748762.2,83788832.2,429049178
8475.8,S,34,50939.96,6028.99,17748762.2,83788832.4,429049191
8476.8,S,34,50940.94,6029.01,17748762.2,83788832.6,429049191
8477.8,S,34,50941.77,6029.03,17748762.2,83788897.5,429049354
8478.8,S,34,50942.76,6029.05,17748762.2,83788897.6,429049357
8479.8,S,34,50943.74,6029.06,17748762.2,83788897.8,429049361
8480.8,S,34,50944.73,6029.08,17748762.2,83788898.1,429049368
8481.8,S,34,50945.55,6029.10,17748762.2,83788962.7,429049541
8482.8,S,34,50946.54,6029.11,17748762.2,83788962.8,429049544
8483.8,S,34,50947.53,6029.13,17748762.2,83788963.5,429049551
8484.8,S,34,50948.36,6029.16,17748762.2,83789009.5,429049693
8485.8,S,34,50949.25,6029.22,17748762.2,83789018.2,429049744
8486.8,S,34,50950.24,6029.24,17748762.2,83789018.3,429049747
8487.8,S,34,50951.22,6029.25,17748762.2,83789018.5,429049752
8488.8,S,34,50952.02,6029.27,17748762.2,83789080.9,429049949
8489.8,S,34,50953.00,6029.29,17748762.2,83789083.6,429049965
8490.8,S,34,50953.98,6029.30,17748762.2,83789083.7,429049967
8491.8,S,34,50954.96,6029.32,17748762.2,83789084.1,429049970
8492.8,S,34,50955.73,6029.35,17748762.2,83789148.6,429050190
8493.8,S,34,50956.72,6029.36,17748762.2,83789149.1,429050198
8494.8,S,34,50957.71,6029.37,17748762.2,83789149.4,429050205
8495.8,S,34,50958.69,6029.39,17748762.2,83789149.6,429050214
8496.8,S,34,50959.57,6029.41,17748762.2,83789214.4,429050329
8497.8,S,34,50960.56,6029.43,17748762.2,83789214.6,429050331
8498.8,S,34,50961.49,6029.48,17748762.2,83789242.4,429050361
8499.8,S,34,50962.46,6029.50,17748762.2,83789242.5,429050364
8500.8,S,34,50963.45,6029.52,17748762.2,83789242.7,429050367
8501.8,S,34,50964.44,6029.53,17748762.2,83789242.8,429050367
8502.8,S,34,50965.37,6029.55,17748762.2,83789307.4,429050422
8503.8,S,34,50966.35,6029.56,17748762.2,83789307.8,429050425
8504.8,S,34,50967.34,6029.58,17748762.2,83789308.2,429050429
8505.8,S,34,50968.27,6029.60,17748762.3,83789372.7,429050485
8506.8,S,34,50969.26,6029.62,17748762.3,83789372.9,429050489
8507.8,S,34,50970.25,6029.63,17748762.3,83789373.0,429050492
8508.8,S,34,50971.23,6029.65,17748762.3,83789373.4,429050497
8509.8,S,34,50972.17,6029.67,17748762.3,83789437.9,429050552
8510.8,S,34,50973.16,6029.68,17748762.3,83789438.5,429050560
8511.8,S,34,50974.13,6029.70,17748762.3,83789438.6,429050562
8512.8,S,34,50975.11,6029.73,17748762.3,83789438.8,429050564
8513.8,S,34,50976.01,6029.79,17748762.3,83789497.8,429050620
8514.8,S,34,50977.00,6029.80,17748762.3,83789498.3,429050622
8515.8,S,34,50977.98,6029.82,17748762.3,83789498.8,429050626
8516.8,S,34,50978.89,6029.84,17748762.3,83789537.5,429050711
8517.8,S,34,50979.78,6029.85,17748762.3,83789563.6,429050808
8518.8,S,34,50980.76,6029.87,17748762.3,83789563.8,429050813
8519.8,S,34,50981.75,6029.89,17748762.3,83789563.9,429050821
8520.8,S,34,50982.57,6029.91,17748762.3,83789628.8,429050988
8521.8,S,34,50983.55,6029.93,17748762.3,83789628.9,429051001
8522.8,S,34,50984.53,6029.94,17748762.3,83789629.1,429051005
8523.8,S,34,50985.52,6029.96,17748762.3,83789629.3,429051007
8524.8,S,34,50986.35,6029.98,17748762.3,83789693.8,429051175
8525.8,S,34,50987.29,6030.03,17748762.3,83789698.1,429051195
8526.8,S,34,50988.28,6030.04,17748762.3,83789726.9,429051295
8527.8,S,34,50989.26,6030.05,17748762.3,83789727.1,429051296
8528.8,S,34,50990.15,6030.07,17748762.3,83789762.5,429051400
8529.8,S,34,50991.05,6030.09,17748762.3,83789791.9,429051486
8530.8,S,34,50992.03,6030.11,17748762.3,83789792.1,429051490
8531.8,S,34,50993.02,6030.12,17748762.3,83789792.7,429051493
8532.8,S,34,50993.78,6030.14,17748762.3,83789857.3,429051726
8533.8,S,34,50994.77,6030.15,17748762.3,83789857.5,429051728
8534.8,S,34,50995.75,6030.17,17748762.3,83789857.7,429051732
8535.8,S,34,50996.74,6030.19,17748762.3,83789857.8,429051733
8536.8,S,34,50997.53,6030.21,17748762.3,83789922.5,429051933
8537.8,S,34,50998.45,6030.26,17748762.3,83789934.9,429051966
8538.8,S,34,50999.43,6030.28,17748762.3,83789935.3,429051972
8539.8,S,34,51000.42,6030.29,17748762.3,83789935.4,429051975
8540.8,S,34,51001.40,6030.31,17748762.3,83789935.6,429051980
8541.8,S,34,51002.17,6030.33,17748762.3,83790000.1,429052204
8542.8,S,34,51003.16,6030.35,17748762.3,83790000.6,429052210
8543.8,S,34,51004.14,6030.36,17748762.3,83790001.1,429052214
8544.8,S,34,51005.13,6030.38,17748762.3,83790001.3,429052217
8545.8,S,34,51005.94,6030.41,17748762.3,83790065.8,429052383
8546.8,S,34,51006.93,6030.42,17748762.3,83790066.0,429052384
8547.8,S,34,51007.92,6030.43,17748762.3,83790066.1,429052387
8548.8,S,34,51008.81,6030.45,17748762.4,83790128.2,429052680
8549.8,S,34,51009.77,6030.46,17748763.7,83790136.4,429052721
8550.8,S,34,51010.76,6030.47,17748764.7,83790136.6,429052726
8551.8,S,34,51011.75,6030.49,17748764.8,83790168.4,429052853
8552.8,S,34,51012.63,6030.54,17748764.8,83790194.9,429052931
8553.8,S,34,51013.61,6030.56,17748764.8,83790195.1,429052938
8554.8,S,34,51014.60,6030.57,17748764.8,83790195.3,429052940
8555.8,S,34,51015.59,6030.58,17748764.8,83790195.5,429052947
8556.8,S,34,51016.41,6030.61,17748764.8,83790260.6,429053118
8557.8,S,34,51017.39,6030.62,17748764.8,83790260.8,429053121
8558.8,S,34,51018.38,6030.64,17748764.8,83790261.0,429053129
8559.8,S,34,51019.36,6030.66,17748764.8,83790261.1,429053132
8560.8,S,34,51020.23,6030.68,17748764.8,83790325.6,429053254
8561.8,S,34,51021.22,6030.69,17748764.8,83790326.2,429053257
8562.8,S,34,51022.21,6030.70,17748764.8,83790326.7,429053261
8563.8,S,34,51023.20,6030.72,17748764.8,83790326.8,429053264
8564.8,S,34,51024.10,6030.76,17748764.8,83790398.7,429053331
8565.8,S,41,51025.51,6030.77,17748764.8,83790398.9,429053333
8566.8,S,41,51033.40,6030.88,17748764.8,83790399.4,429053339
8567.8,S,41,51041.29,6031.00,17748764.8,83790400.1,429053342
8568.8,S,41,51049.19,6031.10,17748764.8,83790400.7,429053421
8569.8,S,41,51056.54,6031.27,17748764.8,83790687.4,429053698
8570.8,S,41,51063.71,6031.40,17748764.8,83790852.2,429054286
8571.8,S,41,51071.28,6031.51,17748764.8,83790947.5,429054624
8572.8,S,41,51079.17,6031.63,17748764.8,83790948.3,429054630
8573.8,S,41,51085.63,6031.75,17748764.8,83791091.2,429055124
8574.8,S,41,51092.86,6031.87,17748764.8,83791274.1,429055819
8575.9,S,41,51099.03,6031.99,17748764.8,83791469.1,429056556
8576.9,S,41,51106.92,6032.11,17748764.8,83791469.3,429056561
8577.9,S,41,51114.51,6032.22,17748764.8,83791536.8,429056758
8578.9,S,41,51120.43,6032.34,17748764.8,83791778.5,429057340
8579.9,S,41,51128.23,6032.47,17748764.8,83791889.1,429057439
8580.9,S,41,51136.04,6032.60,17748764.8,83791975.3,429057517
8581.9,S,41,51143.87,6032.74,17748764.8,83792034.5,429057569
8582.9,S,41,51151.03,6032.88,17748764.8,83792185.1,429058044
8583.9,S,41,51157.91,6033.02,17748764.8,83792363.2,429058651
8584.9,S,41,51165.45,6033.16,17748764.8,83792460.9,429059013
8585.9,S,41,51172.95,6033.29,17748764.8,83792569.0,429059397
8586.9,S,41,51180.62,6033.42,17748764.8,83792627.0,429059619
8587.9,S,41,51186.56,6033.54,17748764.8,83792827.0,429060422
8588.9,S,41,51193.54,6033.67,17748764.8,83792936.1,429060844
8589.9,S,41,51200.72,6033.77,17748764.8,83793034.3,429061167
8590.9,S,41,51208.11,6033.90,17748764.8,83793135.6,429061295
8591.9,S,41,51215.90,6034.03,17748764.8,83793256.5,429061401
8592.9,S,41,51223.47,6034.17,17748764.8,83793463.6,429061743
8593.9,S,41,51230.39,6034.29,17748764.8,83793559.7,429062054
8594.9,S,41,51238.07,6034.41,17748764.8,83793586.4,429062157
8595.9,S,41,51244.72,6034.55,17748764.8,83793749.6,429062736
8596.9,S,41,51251.97,6034.67,17748764.8,83793913.4,429063260
8597.9,S,41,51258.59,6034.80,17748764.8,83794026.2,429063718
8598.9,S,41,51266.25,6034.92,17748764.8,83794093.6,429063953
8599.9,S,41,51274.00,6035.02,17748764.8,83794157.2,429064121
8600.9,S,41,51279.52,6035.16,17748764.8,83794342.0,429064776
8601.9,S,41,51287.06,6035.31,17748764.8,83794530.7,429065127
8602.9,S,41,51294.90,6035.43,17748764.8,83794591.0,429065184
8603.9,S,41,51302.76,6035.53,17748764.8,83794650.1,429065237
8604.9,S,41,51310.53,6035.68,17748764.8,83794774.5,429065347
8605.9,S,41,51316.47,6035.83,17748764.8,83794985.0,429065960
8606.9,S,41,51323.43,6035.97,17748764.8,83795123.1,429066404
8607.9,S,41,51331.19,6036.08,17748764.8,83795169.5,429066550
8608.9,S,41,51338.79,6036.22,17748764.8,83795249.5,429066837
8609.9,S,41,51346.48,6036.37,17748764.8,83795316.6,429067022
8610.9,S,41,51352.09,6036.50,17748764.8,83795574.1,429067890
8611.9,S,41,51359.59,6036.61,17748764.8,83795662.6,429068215
8612.9,S,40,51366.37,6036.74,17748764.8,83795742.4,429068557
8613.9,S,40,51372.21,6036.85,17748764.8,83795875.3,429069014
8614.9,S,40,51377.89,6036.96,17748764.8,83796067.5,429069651
8615.9,S,38,51382.91,6037.06,17748764.8,83796188.0,429070105
8616.9,S,34,51384.34,6037.36,17748764.8,83796297.7,429070397
8617.9,S,34,51389.66,6038.55,17748764.8,83796300.1,429070416
8618.9,S,34,51398.48,6039.80,17748764.8,83796300.4,429070417
8619.9,S,34,51407.27,6041.09,17748764.8,83796300.7,429070419
8620.9,S,34,51416.13,6042.30,17748764.8,83796302.5,429070424
8621.9,S,34,51424.85,6043.66,17748764.8,83796310.9,429070444
8622.9,S,34,51433.58,6045.03,17748764.8,83796367.8,429070683
8623.9,S,34,51442.34,6046.43,17748764.8,83796391.6,429070757
8624.9,S,34,51451.20,6047.97,17748764.8,83796391.9,429070759
8625.9,S,34,51460.01,6049.34,17748764.8,83796392.1,429070765
8626.9,S,34,51468.95,6050.69,17748764.8,83796392.5,429070767
8627.9,S,34,51477.73,6052.08,17748764.8,83796393.1,429070771
8628.9,S,34,51486.39,6053.47,17748764.8,83796457.7,429070919
8629.9,S,34,51495.37,6054.83,17748764.8,83796458.0,429070922
8630.9,S,34,51504.17,6056.32,17748764.8,83796458.3,429070931
8631.9,S,34,51512.98,6057.65,17748764.8,83796458.8,429070936
8632.9,S,34,51516.62,6058.22,17748764.8,83796676.0,429071581
8633.9,S,42,51528.17,6059.61,17748764.8,83796808.1,429071928
8634.9,S,38,51540.94,6061.20,17748764.8,83796941.5,429072305
8635.9,S,34,51548.10,6062.38,17748764.8,83797019.0,429072697
8636.9,S,34,51556.78,6063.81,17748764.8,83797019.3,429072699
8637.9,S,34,51565.59,6065.34,17748764.8,83797019.9,429072702
8638.9,S,34,51574.29,6066.65,17748764.8,83797020.1,429072704
8639.9,S,34,51583.04,6067.98,17748764.8,83797020.7,429072712
8640.9,S,34,51591.67,6069.44,17748764.8,83797085.3,429072819
8641.9,S,34,51600.38,6070.75,17748764.8,83797085.6,429072824
8642.9,S,34,51609.01,6072.07,17748764.8,83797086.0,429072826
8643.9,S,34,51617.59,6073.55,17748764.8,83797086.2,429072830
8644.9,S,34,51626.12,6074.91,17748764.8,83797151.3,429072886
8645.9,S,34,51634.89,6076.23,17748764.8,83797151.6,429072890
8646.9,S,34,51643.62,6077.67,17748764.8,83797151.7,429072892
8647.9,S,34,51652.41,6078.99,17748764.8,83797152.0,429072895
8648.9,S,34,51661.12,6080.40,17748764.8,83797213.0,429072950
8649.9,S,34,51669.78,6081.69,17748764.8,83797213.6,429072953
8650.9,S,34,51677.54,6082.90,17748764.8,83797358.2,429073078
8651.9,S,41,51691.44,6084.59,17748764.8,83797565.4,429073270
8652.9,S,34,51704.05,6086.42,17748764.8,83797710.9,429073415
8653.9,S,34,51712.63,6087.75,17748764.8,83797776.0,429073473
8654.9,S,34,51721.41,6089.06,17748764.8,83797776.4,429073476
8655.9,S,34,51730.20,6090.43,17748764.8,83797776.9,429073481
8656.9,S,34,51738.83,6091.82,17748764.8,83797777.1,429073484
8657.9,S,34,51747.53,6093.23,17748764.8,83797777.3,429073488
8658.9,S,34,51756.03,6094.69,17748764.8,83797841.9,429073728
8659.9,S,34,51764.88,6095.98,17748764.8,83797842.4,429073738
8660.9,S,34,51773.47,6097.52,17748764.8,83797872.8,429073867
8661.9,S,34,51782.41,6098.89,17748764.8,83797873.6,429073871
8662.9,S,34,51791.16,6100.20,17748764.8,83797873.8,429073879
8663.9,S,34,51799.86,6101.64,17748764.8,83797874.1,429073882
8664.9,S,34,51808.58,6103.01,17748764.8,83797874.6,429073884
8665.9,S,34,51817.07,6104.31,17748764.8,83797939.3,429074122
8666.9,S,34,51825.72,6105.57,17748764.8,83797939.8,429074124
8667.9,S,34,51834.36,6106.85,17748764.8,83797940.0,429074132
8668.9,S,34,51837.39,6107.34,17748764.8,83798150.8,429074845
8669.9,S,41,51848.40,6108.68,17748764.8,83798313.7,429075459
8670.9,S,36,51859.33,6109.96,17748764.8,83798447.8,429075954
8671.9,S,30,51866.43,6110.78,17748764.8,83798502.0,429076130
8672.9,S,29,51873.18,6111.55,17748764.9,83798530.8,429076240
8673.9,S,26,51879.16,6112.33,17748764.9,83798531.2,429076245
8674.9,S,24,51883.86,6112.93,17748764.9,83798596.1,429076451
8675.9,D,17,51886.28,6113.24,17748764.9,83798635.6,429076591
