RocksDB:    version 11.2.0
Date:       Mon Aug 31 09:34:07 2026
CPU:        36 * Intel(R) Core(TM) i9-10980XE CPU @ 3.00GHz
CPUCache:   25344 KB
2026/08/31-09:34:38  ... thread 8: (455000,455000) ops and (14951.2,14951.2) ops/second in (30.432408,30.432408) seconds
2026/08/31-09:34:38  ... thread 10: (453000,453000) ops and (14884.1,14884.1) ops/second in (30.435258,30.435258) seconds
2026/08/31-09:34:38  ... thread 12: (453000,453000) ops and (14883.4,14883.4) ops/second in (30.436599,30.436599) seconds
2026/08/31-09:34:38  ... thread 5: (455000,455000) ops and (14948.0,14948.0) ops/second in (30.438955,30.438955) seconds
2026/08/31-09:34:38  ... thread 9: (453000,453000) ops and (14880.2,14880.2) ops/second in (30.443105,30.443105) seconds
2026/08/31-09:34:38  ... thread 0: (454000,454000) ops and (14910.3,14910.3) ops/second in (30.448664,30.448664) seconds

** Compaction Stats [default] **
Level    Files   Size     Score Read(GB)  Rn(GB) Rnp1(GB) Write(GB) WPreComp(GB) Wnew(GB) Moved(GB) W-Amp Rd(MB/s) Wr(MB/s) Comp(sec) CompMergeCPU(sec) Comp(cnt) Avg(sec) KeyIn KeyDrop Rblob(GB) Wblob(GB)
-------------------------------------------------------------------------------------------------------------------------------------------------------------------------------------------------------------
  L0     13/5      2.26 GB   4.0      5.9     0.0      5.9      13.0      13.0      7.1       0.0   1.8     99.1    219.7     60.47             26.89       141    0.429     13M   5590       0.0       0.0
  L1     43/0      3.89 GB   1.0     11.5     4.9      6.7      11.4      11.4      4.8       0.0   2.3    907.7    899.0     13.00             37.49         8    1.624     11M   110K       0.0       0.0
  L2     12/0    888.02 MB   0.0      0.0     0.0      0.0       0.0       0.0      0.0       0.9   0.0      0.0      0.0      0.00              0.00         0    0.000       0      0       0.0       0.0
 Sum     68/5      7.01 GB   0.0     17.4     4.9     12.5      24.4      24.4     11.9       0.9   3.4    242.1    339.8     73.47             64.38       149    0.493     24M   116K       0.0       0.0
 Int      0/0      0.00 KB   0.0     15.5     4.2     11.3      21.6      21.6     10.3       0.9   3.5    240.3    334.9     66.03             57.16       129    0.512     22M   114K       0.0       0.0

** Compaction Stats [default] **
Priority    Files   Size     Score Read(GB)  Rn(GB) Rnp1(GB) Write(GB) WPreComp(GB) Wnew(GB) Moved(GB) W-Amp Rd(MB/s) Wr(MB/s) Comp(sec) CompMergeCPU(sec) Comp(cnt) Avg(sec) KeyIn KeyDrop Rblob(GB) Wblob(GB)
----------------------------------------------------------------------------------------------------------------------------------------------------------------------------------------------------------------
 Low      0/0      0.00 KB   0.0     17.4     4.9     12.5      17.3      17.3      4.7       0.0   0.0    454.9    451.9     39.10             52.27        32    1.222     17M   116K       0.0       0.0
High      0/0      0.00 KB   0.0      0.0     0.0      0.0       7.1       7.1      7.1       0.0   0.0      0.0    212.4     34.36             12.11       117    0.294   7252K      0       0.0       0.0

Blob file count: 0, total size: 0.0 GB, garbage size: 0.0 GB, space amp: 0.0

Uptime(secs): 30.5 total, 26.4 interval
Flush(GB): cumulative 7.127, interval 6.217
AddFile(GB): cumulative 0.000, interval 0.000
AddFile(Total Files): cumulative 0, interval 0
AddFile(L0 Files): cumulative 0, interval 0
AddFile(Keys): cumulative 0, interval 0
Cumulative compaction: 24.38 GB write, 819.79 MB/s write, 17.37 GB read, 584.07 MB/s read, 73.5 seconds
Interval compaction: 21.60 GB write, 836.14 MB/s write, 15.49 GB read, 599.86 MB/s read, 66.0 seconds
Estimated pending compaction bytes: 9222722511
Write Stall (count): cf-l0-file-count-limit-delays-with-ongoing-compaction: 7, cf-l0-file-count-limit-stops-with-ongoing-compaction: 0, l0-file-count-limit-delays: 7, l0-file-count-limit-stops: 0, memtable-limit-delays: 0, memtable-limit-stops: 70, pending-compaction-bytes-delays: 0, pending-compaction-bytes-stops: 0, total-delays: 7, total-stops: 70
interval: 68 total count
Block cache AutoHyperClockCache@0x6043b84412d0#2239720 capacity: 512.00 MB seed: 1 usage: 64.00 KB table_size: 1024 occupancy: 1 collections: 1 last_copies: 1 last_secs: 8.6e-05 secs_since: 30
Block cache entry stats(count,size,portion): Misc(1,0.00 KB,0%)

** File Read Latency Histogram By Level [default] **
** Level 0 read latency histogram (micros):
Count: 2694183 Average: 1.5221  StdDev: 45.15
Min: 0  Median: 0.8357  Max: 64554
Percentiles: P50: 0.84 P75: 1.42 P99: 2.84 P99.9: 3.55 P99.99: 3.74
------------------------------------------------------
[       0,       1 ]  1611959  59.831%  59.831% ############
(       1,       2 ]   965740  35.845%  95.676% #######
(       2,       3 ]   106469   3.952%  99.628% #
(       3,       4 ]    13230   0.491% 100.119% 
(       4,       6 ]     4693   0.174% 100.294% 
(       6,      10 ]     2721   0.101% 100.395% 
(      10,      15 ]      931   0.035% 100.429% 
(      15,      22 ]      533   0.020% 100.449% 
(      22,      34 ]       28   0.001% 100.450% 
(      34,      51 ]        7   0.000% 100.450% 
(      51,      76 ]       40   0.001% 100.452% 
(      76,     110 ]       80   0.003% 100.455% 
(     110,     170 ]        2   0.000% 100.455% 
(     170,     250 ]        1   0.000% 100.455% 
(     250,     380 ]        1   0.000% 100.455% 
(     380,     580 ]        1   0.000% 100.455% 
(     580,     870 ]        5   0.000% 100.455% 
(     870,    1300 ]       18   0.001% 100.456% 
(    1300,    1900 ]        2   0.000% 100.456% 
(    1900,    2900 ]        1   0.000% 100.456% 
(    4400,    6600 ]        1   0.000% 100.456% 
(    6600,    9900 ]        1   0.000% 100.456% 
(   33000,   50000 ]        1   0.000% 100.456% 
(   50000,   75000 ]        1   0.000% 100.456% 

** Level 1 read latency histogram (micros):
Count: 1621823 Average: 1.5716  StdDev: 5.51
Min: 0  Median: 0.9971  Max: 4030
Percentiles: P50: 1.00 P75: 1.52 P99: 2.49 P99.9: 2.85 P99.99: 2.89
------------------------------------------------------
[       0,       1 ]   813274  50.146%  50.146% ##########
(       1,       2 ]   772982  47.661%  97.807% ##########
(       2,       3 ]    39731   2.450% 100.257% 
(       3,       4 ]     6151   0.379% 100.636% 
(       4,       6 ]     2551   0.157% 100.793% 
(       6,      10 ]     2208   0.136% 100.929% 
(      10,      15 ]      389   0.024% 100.953% 
(      15,      22 ]      149   0.009% 100.963% 
(      22,      34 ]       42   0.003% 100.965% 
(      34,      51 ]       12   0.001% 100.966% 
(      51,      76 ]       43   0.003% 100.969% 
(      76,     110 ]       36   0.002% 100.971% 
(     110,     170 ]       34   0.002% 100.973% 
(     170,     250 ]       21   0.001% 100.974% 
(     250,     380 ]        6   0.000% 100.975% 
(     580,     870 ]        3   0.000% 100.975% 
(     870,    1300 ]        1   0.000% 100.975% 
(    2900,    4400 ]        4   0.000% 100.975% 


** DB Stats **
Uptime(secs): 30.5 total, 26.4 interval
Cumulative writes: 7259K writes, 7259K keys, 934K commit groups, 7.8 writes per commit group, ingest: 7.07 GB, 237.67 MB/s
Cumulative WAL: 7259K writes, 0 syncs, 7259399.00 writes per sync, written: 7.07 GB, 237.67 MB/s
Cumulative stall: 00:00:17.663 H:M:S, 58.0 percent
Interval writes: 6209K writes, 6209K keys, 794K commit groups, 7.8 writes per commit group, ingest: 6191.68 MB, 234.09 MB/s
Interval WAL: 6209K writes, 0 syncs, 6209671.00 writes per sync, written: 6.05 GB, 234.09 MB/s
Interval stall: 00:00:15.576 H:M:S, 58.9 percent
Write Stall (count): write-buffer-manager-limit-stops: 0
num-running-compactions: 2
num-running-flushes: 1

2026/08/31-09:34:38  ... thread 15: (453000,453000) ops and (14876.9,14876.9) ops/second in (30.449943,30.449943) seconds
2026/08/31-09:34:38  ... thread 14: (455000,455000) ops and (14939.1,14939.1) ops/second in (30.456945,30.456945) seconds
2026/08/31-09:34:38  ... thread 11: (453000,453000) ops and (14873.4,14873.4) ops/second in (30.457051,30.457051) seconds
2026/08/31-09:34:38  ... thread 4: (453000,453000) ops and (14873.2,14873.2) ops/second in (30.457522,30.457522) seconds
2026/08/31-09:34:38  ... thread 1: (454000,454000) ops and (14906.0,14906.0) ops/second in (30.457574,30.457574) seconds
2026/08/31-09:34:38  ... thread 2: (454000,454000) ops and (14905.8,14905.8) ops/second in (30.458036,30.458036) seconds
2026/08/31-09:34:38  ... thread 3: (454000,454000) ops and (14905.6,14905.6) ops/second in (30.458333,30.458333) seconds
2026/08/31-09:34:38  ... thread 7: (454000,454000) ops and (14905.3,14905.3) ops/second in (30.459054,30.459054) seconds
2026/08/31-09:34:38  ... thread 6: (453000,453000) ops and (14871.7,14871.7) ops/second in (30.460640,30.460640) seconds
2026/08/31-09:34:38  ... thread 13: (455000,455000) ops and (14935.4,14935.4) ops/second in (30.464449,30.464449) seconds
2026/08/31-09:35:08  ... thread 7: (150000,604000) ops and (4946.3,9936.7) ops/second in (30.325948,60.785002) seconds
2026/08/31-09:35:08  ... thread 2: (151000,605000) ops and (4977.9,9952.0) ops/second in (30.334053,60.792089) seconds
2026/08/31-09:35:08  ... thread 11: (151000,604000) ops and (4977.2,9935.0) ops/second in (30.338083,60.795134) seconds
2026/08/31-09:35:08  ... thread 15: (151000,604000) ops and (4975.5,9934.5) ops/second in (30.348503,60.798446) seconds
2026/08/31-09:35:08  ... thread 5: (151000,606000) ops and (4966.7,9960.3) ops/second in (30.402556,60.841511) seconds
2026/08/31-09:35:08  ... thread 1: (151000,605000) ops and (4969.6,9943.7) ops/second in (30.384901,60.842475) seconds
2026/08/31-09:35:08  ... thread 3: (151000,605000) ops and (4969.6,9943.6) ops/second in (30.384577,60.842910) seconds
2026/08/31-09:35:08  ... thread 0: (151000,605000) ops and (4967.9,9943.5) ops/second in (30.395344,60.844008) seconds

** Compaction Stats [default] **
Level    Files   Size     Score Read(GB)  Rn(GB) Rnp1(GB) Write(GB) WPreComp(GB) Wnew(GB) Moved(GB) W-Amp Rd(MB/s) Wr(MB/s) Comp(sec) CompMergeCPU(sec) Comp(cnt) Avg(sec) KeyIn KeyDrop Rblob(GB) Wblob(GB)
-------------------------------------------------------------------------------------------------------------------------------------------------------------------------------------------------------------
  L0     13/12     1.34 GB   0.5      8.2     0.0      8.2      17.7      17.7      9.5       0.0   1.9     65.8    142.3    127.13             37.10       189    0.673     17M   7794       0.0       0.0
  L1     69/69     7.01 GB   0.0     18.7     8.2     10.5      18.4      18.4      7.9       0.0   2.3    787.7    775.7     24.31             59.17         9    2.701     19M   286K       0.0       0.0
  L2     12/0    888.02 MB   0.0      0.0     0.0      0.0       0.0       0.0      0.0       0.9   0.0      0.0      0.0      0.00              0.00         0    0.000       0      0       0.0       0.0
 Sum     94/81     9.21 GB   0.0     26.9     8.2     18.7      36.1      36.1     17.4       0.9   3.8    181.7    244.0    151.44             96.26       198    0.765     37M   294K       0.0       0.0
 Int      0/0      0.00 KB   0.0     25.0     7.5     17.5      33.3      33.3     15.8       0.9   3.9    177.7    236.8    144.01             89.04       178    0.809     34M   292K       0.0       0.0

** Compaction Stats [default] **
Priority    Files   Size     Score Read(GB)  Rn(GB) Rnp1(GB) Write(GB) WPreComp(GB) Wnew(GB) Moved(GB) W-Amp Rd(MB/s) Wr(MB/s) Comp(sec) CompMergeCPU(sec) Comp(cnt) Avg(sec) KeyIn KeyDrop Rblob(GB) Wblob(GB)
----------------------------------------------------------------------------------------------------------------------------------------------------------------------------------------------------------------
 Low      0/0      0.00 KB   0.0     26.9     8.2     18.7      26.6      26.6      7.9       0.0   0.0    363.2    359.2     75.76             79.94        42    1.804     27M   294K       0.0       0.0
High      0/0      0.00 KB   0.0      0.0     0.0      0.0       9.5       9.5      9.5       0.0   0.0      0.0    128.6     75.68             16.33       156    0.485   9671K      0       0.0       0.0

Blob file count: 0, total size: 0.0 GB, garbage size: 0.0 GB, space amp: 0.0

Uptime(secs): 60.9 total, 56.8 interval
Flush(GB): cumulative 9.504, interval 8.594
AddFile(GB): cumulative 0.000, interval 0.000
AddFile(Total Files): cumulative 0, interval 0
AddFile(L0 Files): cumulative 0, interval 0
AddFile(Keys): cumulative 0, interval 0
Cumulative compaction: 36.08 GB write, 607.18 MB/s write, 26.87 GB read, 452.17 MB/s read, 151.4 seconds
Interval compaction: 33.30 GB write, 599.81 MB/s write, 24.99 GB read, 450.22 MB/s read, 144.0 seconds
Estimated pending compaction bytes: 14109003992
Write Stall (count): cf-l0-file-count-limit-delays-with-ongoing-compaction: 11, cf-l0-file-count-limit-stops-with-ongoing-compaction: 0, l0-file-count-limit-delays: 11, l0-file-count-limit-stops: 0, memtable-limit-delays: 0, memtable-limit-stops: 90, pending-compaction-bytes-delays: 0, pending-compaction-bytes-stops: 0, total-delays: 11, total-stops: 90
interval: 92 total count
Block cache AutoHyperClockCache@0x6043b84412d0#2239720 capacity: 512.00 MB seed: 1 usage: 64.00 KB table_size: 1024 occupancy: 1 collections: 1 last_copies: 1 last_secs: 8.6e-05 secs_since: 60
Block cache entry stats(count,size,portion): Misc(1,0.00 KB,0%)

** File Read Latency Histogram By Level [default] **
** Level 0 read latency histogram (micros):
Count: 4267954 Average: 1.8827  StdDev: 267.98
Min: 0  Median: 0.8554  Max: 282421
Percentiles: P50: 0.86 P75: 1.45 P99: 2.87 P99.9: 3.62 P99.99: 3.80
------------------------------------------------------
[       0,       1 ]  2494689  58.452%  58.452% ############
(       1,       2 ]  1557329  36.489%  94.941% #######
(       2,       3 ]   198550   4.652%  99.593% #
(       3,       4 ]    21092   0.494% 100.087% 
(       4,       6 ]     7518   0.176% 100.263% 
(       6,      10 ]     4536   0.106% 100.369% 
(      10,      15 ]     1516   0.036% 100.405% 
(      15,      22 ]      857   0.020% 100.425% 
(      22,      34 ]       45   0.001% 100.426% 
(      34,      51 ]       14   0.000% 100.426% 
(      51,      76 ]       62   0.001% 100.428% 
(      76,     110 ]       99   0.002% 100.430% 
(     110,     170 ]        4   0.000% 100.430% 
(     170,     250 ]        2   0.000% 100.430% 
(     250,     380 ]        2   0.000% 100.430% 
(     380,     580 ]        1   0.000% 100.430% 
(     580,     870 ]        7   0.000% 100.430% 
(     870,    1300 ]       22   0.001% 100.431% 
(    1300,    1900 ]        5   0.000% 100.431% 
(    1900,    2900 ]        2   0.000% 100.431% 
(    4400,    6600 ]        1   0.000% 100.431% 
(    6600,    9900 ]        1   0.000% 100.431% 
(   14000,   22000 ]        1   0.000% 100.431% 
(   33000,   50000 ]        2   0.000% 100.431% 
(   50000,   75000 ]        1   0.000% 100.431% 
(   75000,  110000 ]        2   0.000% 100.431% 
(  170000,  250000 ]        5   0.000% 100.431% 
(  250000,  380000 ]        1   0.000% 100.431% 

** Level 1 read latency histogram (micros):
Count: 4292330 Average: 1.5055  StdDev: 3.62
Min: 0  Median: 0.8965  Max: 4030
Percentiles: P50: 0.90 P75: 1.46 P99: 2.54 P99.9: 2.89 P99.99: 2.92
------------------------------------------------------
[       0,       1 ]  2394007  55.774%  55.774% ###########
(       1,       2 ]  1794758  41.813%  97.587% ########
(       2,       3 ]   112166   2.613% 100.200% #
(       3,       4 ]    19257   0.449% 100.649% 
(       4,       6 ]     6160   0.144% 100.793% 
(       6,      10 ]     5425   0.126% 100.919% 
(      10,      15 ]     1087   0.025% 100.944% 
(      15,      22 ]      520   0.012% 100.956% 
(      22,      34 ]       80   0.002% 100.958% 
(      34,      51 ]       19   0.000% 100.959% 
(      51,      76 ]       49   0.001% 100.960% 
(      76,     110 ]       55   0.001% 100.961% 
(     110,     170 ]       61   0.001% 100.963% 
(     170,     250 ]       44   0.001% 100.964% 
(     250,     380 ]        8   0.000% 100.964% 
(     580,     870 ]        4   0.000% 100.964% 
(     870,    1300 ]        2   0.000% 100.964% 
(    1300,    1900 ]        1   0.000% 100.964% 
(    2900,    4400 ]        4   0.000% 100.964% 


** DB Stats **
Uptime(secs): 60.9 total, 30.4 interval
Cumulative writes: 9679K writes, 9679K keys, 1244K commit groups, 7.8 writes per commit group, ingest: 9.43 GB, 158.61 MB/s
Cumulative WAL: 9679K writes, 0 syncs, 9679314.00 writes per sync, written: 9.43 GB, 158.61 MB/s
Cumulative stall: 00:00:42.713 H:M:S, 70.2 percent
Interval writes: 2419K writes, 2419K keys, 309K commit groups, 7.8 writes per commit group, ingest: 2412.89 MB, 79.38 MB/s
Interval WAL: 2419K writes, 0 syncs, 2419915.00 writes per sync, written: 2.36 GB, 79.38 MB/s
Interval stall: 00:00:25.051 H:M:S, 82.4 percent
Write Stall (count): write-buffer-manager-limit-stops: 0
num-running-compactions: 3
num-running-flushes: 0

2026/08/31-09:35:08  ... thread 12: (152000,605000) ops and (4998.5,9943.2) ops/second in (30.409148,60.845747) seconds
2026/08/31-09:35:08  ... thread 4: (151000,604000) ops and (4968.9,9926.6) ops/second in (30.388859,60.846381) seconds
2026/08/31-09:35:08  ... thread 14: (151000,606000) ops and (4968.5,9959.1) ops/second in (30.391708,60.848653) seconds
2026/08/31-09:35:08  ... thread 10: (152000,605000) ops and (4996.7,9941.6) ops/second in (30.420005,60.855263) seconds
2026/08/31-09:35:08  ... thread 13: (151000,606000) ops and (4968.6,9958.1) ops/second in (30.390779,60.855228) seconds
2026/08/31-09:35:08  ... thread 8: (152000,607000) ops and (4995.9,9974.1) ops/second in (30.425088,60.857496) seconds
2026/08/31-09:35:08  ... thread 6: (151000,604000) ops and (4967.5,9924.7) ops/second in (30.397376,60.858016) seconds
2026/08/31-09:35:08  ... thread 9: (152000,605000) ops and (4997.1,9940.7) ops/second in (30.417803,60.860908) seconds
2026/08/31-09:35:38  ... thread 7: (194000,798000) ops and (6465.6,8789.5) ops/second in (30.004755,90.789757) seconds
2026/08/31-09:35:44  ... thread 3: (194000,799000) ops and (5404.3,8259.2) ops/second in (35.897580,96.740490) seconds
2026/08/31-09:35:44  ... thread 15: (193000,797000) ops and (5369.2,8238.2) ops/second in (35.945963,96.744409) seconds
2026/08/31-09:35:44  ... thread 14: (193000,799000) ops and (5376.2,8258.6) ops/second in (35.899068,96.747721) seconds
2026/08/31-09:35:44  ... thread 11: (194000,798000) ops and (5395.9,8248.2) ops/second in (35.953009,96.748143) seconds
2026/08/31-09:35:44  ... thread 2: (194000,799000) ops and (5395.2,8258.4) ops/second in (35.958013,96.750102) seconds
2026/08/31-09:35:44  ... thread 6: (193000,797000) ops and (5376.8,8237.5) ops/second in (35.895056,96.753072) seconds
2026/08/31-09:35:44  ... thread 5: (194000,800000) ops and (5402.1,8268.4) ops/second in (35.912156,96.753667) seconds
2026/08/31-09:35:44  ... thread 10: (194000,799000) ops and (5403.7,8257.8) ops/second in (35.901282,96.756545) seconds
2026/08/31-09:35:44  ... thread 8: (194000,801000) ops and (5404.0,8278.5) ops/second in (35.899546,96.757042) seconds
2026/08/31-09:35:44  ... thread 13: (194000,800000) ops and (5403.0,8267.8) ops/second in (35.905728,96.760956) seconds
2026/08/31-09:35:44  ... thread 9: (194000,799000) ops and (5403.8,8257.4) ops/second in (35.900913,96.761821) seconds
2026/08/31-09:35:44  ... thread 12: (194000,799000) ops and (5401.4,8257.4) ops/second in (35.916475,96.762222) seconds
2026/08/31-09:35:44  ... thread 1: (194000,799000) ops and (5400.9,8257.3) ops/second in (35.920012,96.762487) seconds
2026/08/31-09:35:44  ... thread 0: (194000,799000) ops and (5400.3,8256.9) ops/second in (35.923985,96.767993) seconds

** Compaction Stats [default] **
Level    Files   Size     Score Read(GB)  Rn(GB) Rnp1(GB) Write(GB) WPreComp(GB) Wnew(GB) Moved(GB) W-Amp Rd(MB/s) Wr(MB/s) Comp(sec) CompMergeCPU(sec) Comp(cnt) Avg(sec) KeyIn KeyDrop Rblob(GB) Wblob(GB)
-------------------------------------------------------------------------------------------------------------------------------------------------------------------------------------------------------------
  L0     12/12     1.89 GB   0.0     10.9     0.0     10.9      23.4      23.4     12.5       0.0   1.9     55.9    119.8    199.92             49.15       249    0.803     23M    10K       0.0       0.0
  L1     46/46     3.68 GB   0.0     31.8    10.6     21.2      31.4      31.4     10.2       0.0   3.0    591.6    584.0     55.07            100.91        11    5.006     32M   412K       0.0       0.0
  L2     62/0      6.51 GB   0.2      0.0     0.0      0.0       0.0       0.0      0.0       6.5   0.0      0.0      0.0      0.00              0.00         0    0.000       0      0       0.0       0.0
 Sum    120/58    12.07 GB   0.0     42.7    10.6     32.1      54.8      54.8     22.7       6.5   4.4    171.6    220.1    254.99            150.06       260    0.981     56M   422K       0.0       0.0
 Int      0/0      0.00 KB   0.0      7.8     1.8      5.9      10.1      10.1      4.1       1.7   4.2     95.0    123.1     83.62             26.31        49    1.707     10M    83K       0.0       0.0

** Compaction Stats [default] **
Priority    Files   Size     Score Read(GB)  Rn(GB) Rnp1(GB) Write(GB) WPreComp(GB) Wnew(GB) Moved(GB) W-Amp Rd(MB/s) Wr(MB/s) Comp(sec) CompMergeCPU(sec) Comp(cnt) Avg(sec) KeyIn KeyDrop Rblob(GB) Wblob(GB)
----------------------------------------------------------------------------------------------------------------------------------------------------------------------------------------------------------------
 Low      0/0      0.00 KB   0.0     42.7    10.6     32.1      42.3      42.3     10.2       0.0   0.0    344.5    341.1    127.02            128.85        55    2.309     43M   422K       0.0       0.0
High      0/0      0.00 KB   0.0      0.0     0.0      0.0      12.5      12.5     12.5       0.0   0.0      0.0    100.0    127.97             21.21       205    0.624     12M      0       0.0       0.0

Blob file count: 0, total size: 0.0 GB, garbage size: 0.0 GB, space amp: 0.0

Uptime(secs): 96.8 total, 32.8 interval
Flush(GB): cumulative 12.493, interval 2.380
AddFile(GB): cumulative 0.000, interval 0.000
AddFile(Total Files): cumulative 0, interval 0
AddFile(L0 Files): cumulative 0, interval 0
AddFile(Keys): cumulative 0, interval 0
Cumulative compaction: 54.80 GB write, 579.87 MB/s write, 42.73 GB read, 452.12 MB/s read, 255.0 seconds
Interval compaction: 10.05 GB write, 314.24 MB/s write, 7.76 GB read, 242.46 MB/s read, 83.6 seconds
Estimated pending compaction bytes: 9624595802
Write Stall (count): cf-l0-file-count-limit-delays-with-ongoing-compaction: 11, cf-l0-file-count-limit-stops-with-ongoing-compaction: 0, l0-file-count-limit-delays: 11, l0-file-count-limit-stops: 0, memtable-limit-delays: 0, memtable-limit-stops: 118, pending-compaction-bytes-delays: 0, pending-compaction-bytes-stops: 0, total-delays: 11, total-stops: 118
interval: 22 total count
Block cache AutoHyperClockCache@0x6043b84412d0#2239720 capacity: 512.00 MB seed: 1 usage: 64.00 KB table_size: 1024 occupancy: 1 collections: 1 last_copies: 2 last_secs: 8.6e-05 secs_since: 96
Block cache entry stats(count,size,portion): Misc(1,0.00 KB,0%)

** File Read Latency Histogram By Level [default] **
** Level 0 read latency histogram (micros):
Count: 5621351 Average: 2.3920  StdDev: 1361.28
Min: 0  Median: 0.8512  Max: 3176910
Percentiles: P50: 0.85 P75: 1.45 P99: 2.89 P99.9: 3.76 P99.99: 3.94
------------------------------------------------------
[       0,       1 ]  3301998  58.740%  58.740% ############
(       1,       2 ]  2027942  36.076%  94.816% #######
(       2,       3 ]   264105   4.698%  99.514% #
(       3,       4 ]    28378   0.505% 100.019% 
(       4,       6 ]    10327   0.184% 100.203% 
(       6,      10 ]     5858   0.104% 100.307% 
(      10,      15 ]     1944   0.035% 100.342% 
(      15,      22 ]     1077   0.019% 100.361% 
(      22,      34 ]       66   0.001% 100.362% 
(      34,      51 ]       20   0.000% 100.362% 
(      51,      76 ]       75   0.001% 100.364% 
(      76,     110 ]      142   0.003% 100.366% 
(     110,     170 ]        4   0.000% 100.366% 
(     170,     250 ]        3   0.000% 100.366% 
(     250,     380 ]        4   0.000% 100.366% 
(     380,     580 ]        1   0.000% 100.366% 
(     580,     870 ]       13   0.000% 100.367% 
(     870,    1300 ]       27   0.000% 100.367% 
(    1300,    1900 ]        9   0.000% 100.367% 
(    1900,    2900 ]        4   0.000% 100.367% 
(    4400,    6600 ]        1   0.000% 100.367% 
(    6600,    9900 ]        1   0.000% 100.367% 
(   14000,   22000 ]        1   0.000% 100.367% 
(   22000,   33000 ]        1   0.000% 100.367% 
(   33000,   50000 ]        2   0.000% 100.367% 
(   50000,   75000 ]        1   0.000% 100.367% 
(   75000,  110000 ]        4   0.000% 100.367% 
(  170000,  250000 ]        5   0.000% 100.368% 
(  250000,  380000 ]        1   0.000% 100.368% 
( 2900000, 4300000 ]        1   0.000% 100.368% 

** Level 1 read latency histogram (micros):
Count: 5662298 Average: 1.4789  StdDev: 3.25
Min: 0  Median: 0.8563  Max: 4030
Percentiles: P50: 0.86 P75: 1.43 P99: 2.57 P99.9: 2.90 P99.99: 2.94
------------------------------------------------------
[       0,       1 ]  3306405  58.393%  58.393% ############
(       1,       2 ]  2211243  39.052%  97.445% ########
(       2,       3 ]   154029   2.720% 100.166% #
(       3,       4 ]    23448   0.414% 100.580% 
(       4,       6 ]     7854   0.139% 100.718% 
(       6,      10 ]     6917   0.122% 100.841% 
(      10,      15 ]     1498   0.026% 100.867% 
(      15,      22 ]      747   0.013% 100.880% 
(      22,      34 ]       99   0.002% 100.882% 
(      34,      51 ]       25   0.000% 100.882% 
(      51,      76 ]       69   0.001% 100.884% 
(      76,     110 ]       76   0.001% 100.885% 
(     110,     170 ]      115   0.002% 100.887% 
(     170,     250 ]       78   0.001% 100.888% 
(     250,     380 ]        9   0.000% 100.889% 
(     380,     580 ]        2   0.000% 100.889% 
(     580,     870 ]        4   0.000% 100.889% 
(     870,    1300 ]        2   0.000% 100.889% 
(    1300,    1900 ]        1   0.000% 100.889% 
(    2900,    4400 ]        4   0.000% 100.889% 


** DB Stats **
Uptime(secs): 96.8 total, 32.8 interval
Cumulative writes: 12M writes, 12M keys, 1639K commit groups, 7.8 writes per commit group, ingest: 12.45 GB, 131.78 MB/s
Cumulative WAL: 12M writes, 0 syncs, 12789946.00 writes per sync, written: 12.45 GB, 131.78 MB/s
Cumulative stall: 00:01:12.876 H:M:S, 75.3 percent
Interval writes: 2374K writes, 2374K keys, 301K commit groups, 7.9 writes per commit group, ingest: 2367.45 MB, 72.27 MB/s
Interval WAL: 2374K writes, 0 syncs, 2374345.00 writes per sync, written: 2.31 GB, 72.27 MB/s
Interval stall: 00:00:28.481 H:M:S, 86.9 percent
Write Stall (count): write-buffer-manager-limit-stops: 0
num-running-compactions: 2
num-running-flushes: 1

2026/08/31-09:35:44  ... thread 4: (195000,799000) ops and (5428.4,8256.8) ops/second in (35.922503,96.768884) seconds
2026/08/31-09:36:13  ... thread 7: (55000,853000) ops and (1551.4,6756.9) ops/second in (35.452479,126.242236) seconds
2026/08/31-09:36:14  ... thread 15: (58000,855000) ops and (1909.4,6725.9) ops/second in (30.376475,127.120884) seconds
2026/08/31-09:36:14  ... thread 4: (57000,856000) ops and (1877.8,6733.6) ops/second in (30.353966,127.122850) seconds
2026/08/31-09:36:14  ... thread 14: (58000,857000) ops and (1909.4,6741.5) ops/second in (30.375523,127.123244) seconds
2026/08/31-09:36:14  ... thread 11: (58000,856000) ops and (1909.4,6733.6) ops/second in (30.375409,127.123552) seconds
2026/08/31-09:36:14  ... thread 3: (58000,857000) ops and (1908.8,6741.3) ops/second in (30.385608,127.126098) seconds
2026/08/31-09:36:14  ... thread 2: (58000,857000) ops and (1909.0,6741.0) ops/second in (30.381888,127.131990) seconds
2026/08/31-09:36:14  ... thread 5: (58000,858000) ops and (1909.1,6748.7) ops/second in (30.381563,127.135230) seconds
2026/08/31-09:36:14  ... thread 13: (58000,858000) ops and (1909.5,6748.7) ops/second in (30.374869,127.135825) seconds
2026/08/31-09:36:14  ... thread 6: (58000,855000) ops and (1908.8,6725.0) ops/second in (30.385260,127.138332) seconds
2026/08/31-09:36:14  ... thread 10: (58000,857000) ops and (1908.8,6740.5) ops/second in (30.385737,127.142282) seconds
2026/08/31-09:36:14  ... thread 8: (58000,859000) ops and (1908.8,6756.2) ops/second in (30.385003,127.142045) seconds
2026/08/31-09:36:14  ... thread 12: (58000,857000) ops and (1909.2,6740.5) ops/second in (30.379893,127.142115) seconds
2026/08/31-09:36:14  ... thread 1: (58000,857000) ops and (1909.2,6740.5) ops/second in (30.379716,127.142203) seconds
2026/08/31-09:36:14  ... thread 9: (58000,857000) ops and (1908.8,6740.2) ops/second in (30.385369,127.147190) seconds
2026/08/31-09:36:14  ... thread 0: (58000,857000) ops and (1909.2,6740.2) ops/second in (30.379730,127.147723) seconds

** Compaction Stats [default] **
Level    Files   Size     Score Read(GB)  Rn(GB) Rnp1(GB) Write(GB) WPreComp(GB) Wnew(GB) Moved(GB) W-Amp Rd(MB/s) Wr(MB/s) Comp(sec) CompMergeCPU(sec) Comp(cnt) Avg(sec) KeyIn KeyDrop Rblob(GB) Wblob(GB)
-------------------------------------------------------------------------------------------------------------------------------------------------------------------------------------------------------------
  L0     13/12     1.16 GB   0.5     11.4     0.0     11.4      24.8      24.8     13.4       0.0   1.8     43.7     95.0    267.36             52.06       266    1.005     25M    10K       0.0       0.0
  L1     72/72     5.25 GB   0.0     37.1    12.2     24.9      36.7      36.7     11.8       0.0   3.0    518.8    512.1     73.30            116.66        12    6.109     37M   483K       0.0       0.0
  L2     62/0      6.51 GB   0.2      0.0     0.0      0.0       0.0       0.0      0.0       6.5   0.0      0.0      0.0      0.00              0.00         0    0.000       0      0       0.0       0.0
 Sum    147/84    12.91 GB   0.0     48.5    12.2     36.3      61.5      61.5     25.2       6.5   4.6    145.9    184.7    340.66            168.72       278    1.225     63M   494K       0.0       0.0
 Int      0/0      0.00 KB   0.0      0.0     0.0      0.0       0.1       0.1      0.1       0.0   1.0      0.0      8.0     15.67              0.20         2    7.835    124K      0       0.0       0.0

** Compaction Stats [default] **
Priority    Files   Size     Score Read(GB)  Rn(GB) Rnp1(GB) Write(GB) WPreComp(GB) Wnew(GB) Moved(GB) W-Amp Rd(MB/s) Wr(MB/s) Comp(sec) CompMergeCPU(sec) Comp(cnt) Avg(sec) KeyIn KeyDrop Rblob(GB) Wblob(GB)
----------------------------------------------------------------------------------------------------------------------------------------------------------------------------------------------------------------
 Low      0/0      0.00 KB   0.0     48.5    12.2     36.3      48.0      48.0     11.7       0.0   0.0    318.6    315.4    156.00            145.85        58    2.690     49M   494K       0.0       0.0
High      0/0      0.00 KB   0.0      0.0     0.0      0.0      13.4      13.4     13.4       0.0   0.0      0.0     74.3    184.66             22.87       220    0.839     13M      0       0.0       0.0

Blob file count: 0, total size: 0.0 GB, garbage size: 0.0 GB, space amp: 0.0

Uptime(secs): 127.2 total, 3.1 interval
Flush(GB): cumulative 13.405, interval 0.122
AddFile(GB): cumulative 0.000, interval 0.000
AddFile(Total Files): cumulative 0, interval 0
AddFile(L0 Files): cumulative 0, interval 0
AddFile(Keys): cumulative 0, interval 0
Cumulative compaction: 61.45 GB write, 494.89 MB/s write, 48.54 GB read, 390.89 MB/s read, 340.7 seconds
Interval compaction: 0.12 GB write, 39.95 MB/s write, 0.00 GB read, 0.00 MB/s read, 15.7 seconds
Estimated pending compaction bytes: 12089116894
Write Stall (count): cf-l0-file-count-limit-delays-with-ongoing-compaction: 11, cf-l0-file-count-limit-stops-with-ongoing-compaction: 0, l0-file-count-limit-delays: 11, l0-file-count-limit-stops: 0, memtable-limit-delays: 0, memtable-limit-stops: 133, pending-compaction-bytes-delays: 0, pending-compaction-bytes-stops: 0, total-delays: 11, total-stops: 133
interval: 1 total count
Block cache AutoHyperClockCache@0x6043b84412d0#2239720 capacity: 512.00 MB seed: 1 usage: 64.00 KB table_size: 1024 occupancy: 1 collections: 1 last_copies: 3 last_secs: 8.6e-05 secs_since: 127
Block cache entry stats(count,size,portion): Misc(1,0.00 KB,0%)

** File Read Latency Histogram By Level [default] **
** Level 0 read latency histogram (micros):
Count: 6230943 Average: 2.3817  StdDev: 1295.98
Min: 0  Median: 0.8467  Max: 3176910
Percentiles: P50: 0.85 P75: 1.45 P99: 2.90 P99.9: 3.80 P99.99: 3.98
------------------------------------------------------
[       0,       1 ]  3679660  59.055%  59.055% ############
(       1,       2 ]  2224978  35.709%  94.763% #######
(       2,       3 ]   294865   4.732%  99.495% #
(       3,       4 ]    31511   0.506% 100.001% 
(       4,       6 ]    11508   0.185% 100.186% 
(       6,      10 ]     6499   0.104% 100.290% 
(      10,      15 ]     2148   0.034% 100.325% 
(      15,      22 ]     1206   0.019% 100.344% 
(      22,      34 ]       80   0.001% 100.345% 
(      34,      51 ]       21   0.000% 100.346% 
(      51,      76 ]       82   0.001% 100.347% 
(      76,     110 ]      154   0.002% 100.349% 
(     110,     170 ]        4   0.000% 100.349% 
(     170,     250 ]        3   0.000% 100.349% 
(     250,     380 ]        4   0.000% 100.350% 
(     380,     580 ]        1   0.000% 100.350% 
(     580,     870 ]       14   0.000% 100.350% 
(     870,    1300 ]       27   0.000% 100.350% 
(    1300,    1900 ]       10   0.000% 100.350% 
(    1900,    2900 ]        4   0.000% 100.350% 
(    4400,    6600 ]        1   0.000% 100.350% 
(    6600,    9900 ]        2   0.000% 100.350% 
(   14000,   22000 ]        1   0.000% 100.351% 
(   22000,   33000 ]        1   0.000% 100.351% 
(   33000,   50000 ]        3   0.000% 100.351% 
(   50000,   75000 ]        3   0.000% 100.351% 
(   75000,  110000 ]        5   0.000% 100.351% 
(  110000,  170000 ]        2   0.000% 100.351% 
(  170000,  250000 ]        5   0.000% 100.351% 
(  250000,  380000 ]        1   0.000% 100.351% 
( 2900000, 4300000 ]        1   0.000% 100.351% 

** Level 1 read latency histogram (micros):
Count: 7405761 Average: 1.4548  StdDev: 3.17
Min: 0  Median: 0.8224  Max: 4030
Percentiles: P50: 0.82 P75: 1.39 P99: 2.63 P99.9: 2.93 P99.99: 2.96
------------------------------------------------------
[       0,       1 ]  4502762  60.801%  60.801% ############
(       1,       2 ]  2690835  36.334%  97.135% #######
(       2,       3 ]   219576   2.965% 100.100% #
(       3,       4 ]    30588   0.413% 100.513% 
(       4,       6 ]    11215   0.151% 100.665% 
(       6,      10 ]     8572   0.116% 100.780% 
(      10,      15 ]     1943   0.026% 100.807% 
(      15,      22 ]      997   0.013% 100.820% 
(      22,      34 ]      119   0.002% 100.822% 
(      34,      51 ]       36   0.000% 100.822% 
(      51,      76 ]       96   0.001% 100.823% 
(      76,     110 ]      100   0.001% 100.825% 
(     110,     170 ]      139   0.002% 100.827% 
(     170,     250 ]       84   0.001% 100.828% 
(     250,     380 ]        9   0.000% 100.828% 
(     380,     580 ]        2   0.000% 100.828% 
(     580,     870 ]        4   0.000% 100.828% 
(     870,    1300 ]        2   0.000% 100.828% 
(    1300,    1900 ]        2   0.000% 100.828% 
(    1900,    2900 ]        2   0.000% 100.828% 
(    2900,    4400 ]        4   0.000% 100.828% 


** DB Stats **
Uptime(secs): 127.2 total, 3.1 interval
Cumulative writes: 13M writes, 13M keys, 1758K commit groups, 7.8 writes per commit group, ingest: 13.36 GB, 107.56 MB/s
Cumulative WAL: 13M writes, 0 syncs, 13716766.00 writes per sync, written: 13.36 GB, 107.56 MB/s
Cumulative stall: 00:01:40.823 H:M:S, 79.3 percent
Interval writes: 75K writes, 75K keys, 9543 commit groups, 7.9 writes per commit group, ingest: 75.31 MB, 24.06 MB/s
Interval WAL: 75K writes, 0 syncs, 75522.00 writes per sync, written: 0.07 GB, 24.06 MB/s
Interval stall: 00:00:8.190 H:M:S, 261.7 percent
Write Stall (count): write-buffer-manager-limit-stops: 0
num-running-compactions: 3
num-running-flushes: 1

2026/08/31-09:36:45  ... thread 14: (58000,915000) ops and (1882.4,5793.5) ops/second in (30.812204,157.935448) seconds
2026/08/31-09:36:45  ... thread 13: (58000,916000) ops and (1883.0,5799.7) ops/second in (30.802338,157.938163) seconds
2026/08/31-09:36:45  ... thread 3: (58000,915000) ops and (1882.2,5793.3) ops/second in (30.814266,157.940364) seconds
2026/08/31-09:36:45  ... thread 2: (58000,915000) ops and (1882.6,5793.3) ops/second in (30.808678,157.940668) seconds
2026/08/31-09:36:45  ... thread 5: (58000,916000) ops and (1882.8,5799.7) ops/second in (30.805148,157.940378) seconds
2026/08/31-09:36:45  ... thread 6: (58000,913000) ops and (1882.8,5780.5) ops/second in (30.805788,157.944120) seconds
2026/08/31-09:36:45  ... thread 7: (62000,915000) ops and (1955.7,5793.1) ops/second in (31.702974,157.945210) seconds
2026/08/31-09:36:45  ... thread 12: (58000,915000) ops and (1882.7,5793.0) ops/second in (30.806859,157.948974) seconds
2026/08/31-09:36:45  ... thread 0: (58000,915000) ops and (1882.9,5792.9) ops/second in (30.803687,157.951410) seconds
2026/08/31-09:36:45  ... thread 8: (58000,917000) ops and (1882.5,5805.6) ops/second in (30.809815,157.951860) seconds

** Compaction Stats [default] **
Level    Files   Size     Score Read(GB)  Rn(GB) Rnp1(GB) Write(GB) WPreComp(GB) Wnew(GB) Moved(GB) W-Amp Rd(MB/s) Wr(MB/s) Comp(sec) CompMergeCPU(sec) Comp(cnt) Avg(sec) KeyIn KeyDrop Rblob(GB) Wblob(GB)
-------------------------------------------------------------------------------------------------------------------------------------------------------------------------------------------------------------
  L0      7/4    810.60 MB   1.5     12.4     0.0     12.4      26.7      26.7     14.3       0.0   1.9     36.4     78.4    348.60             56.32       285    1.223     27M    11K       0.0       0.0
  L1     83/83     6.46 GB   0.0     49.5    13.5     36.0      48.9      48.9     13.0       0.0   3.6    420.1    415.4    120.65            153.62        14    8.618     50M   557K       0.0       0.0
  L2     62/0      6.51 GB   0.2      0.0     0.0      0.0       0.0       0.0      0.0       6.5   0.0      0.0      0.0      0.00              0.00         0    0.000       0      0       0.0       0.0
 Sum    152/87    13.75 GB   0.0     61.9    13.5     48.4      75.6      75.6     27.3       6.5   5.3    135.0    165.0    469.24            209.94       299    1.569     77M   569K       0.0       0.0
 Int      0/0      0.00 KB   0.0     13.3     1.3     12.1      14.3      14.3      2.2       0.0  13.8     94.6    101.5    144.25             41.42        23    6.272     14M    75K       0.0       0.0

** Compaction Stats [default] **
Priority    Files   Size     Score Read(GB)  Rn(GB) Rnp1(GB) Write(GB) WPreComp(GB) Wnew(GB) Moved(GB) W-Amp Rd(MB/s) Wr(MB/s) Comp(sec) CompMergeCPU(sec) Comp(cnt) Avg(sec) KeyIn KeyDrop Rblob(GB) Wblob(GB)
----------------------------------------------------------------------------------------------------------------------------------------------------------------------------------------------------------------
 Low      0/0      0.00 KB   0.0     61.9    13.5     48.4      61.3      61.3     12.9       0.0   0.0    268.0    265.6    236.38            185.42        64    3.693     62M   569K       0.0       0.0
High      0/0      0.00 KB   0.0      0.0     0.0      0.0      14.3      14.3     14.3       0.0   0.0      0.0     63.0    232.87             24.52       235    0.991     14M      0       0.0       0.0

Blob file count: 0, total size: 0.0 GB, garbage size: 0.0 GB, space amp: 0.0

Uptime(secs): 158.0 total, 33.9 interval
Flush(GB): cumulative 14.320, interval 1.037
AddFile(GB): cumulative 0.000, interval 0.000
AddFile(Total Files): cumulative 0, interval 0
AddFile(L0 Files): cumulative 0, interval 0
AddFile(Keys): cumulative 0, interval 0
Cumulative compaction: 75.62 GB write, 490.23 MB/s write, 61.87 GB read, 401.07 MB/s read, 469.2 seconds
Interval compaction: 14.29 GB write, 431.27 MB/s write, 13.33 GB read, 402.24 MB/s read, 144.3 seconds
Estimated pending compaction bytes: 14398892954
Write Stall (count): cf-l0-file-count-limit-delays-with-ongoing-compaction: 11, cf-l0-file-count-limit-stops-with-ongoing-compaction: 0, l0-file-count-limit-delays: 11, l0-file-count-limit-stops: 0, memtable-limit-delays: 0, memtable-limit-stops: 144, pending-compaction-bytes-delays: 0, pending-compaction-bytes-stops: 0, total-delays: 11, total-stops: 144
interval: 12 total count
Block cache AutoHyperClockCache@0x6043b84412d0#2239720 capacity: 512.00 MB seed: 1 usage: 64.00 KB table_size: 1024 occupancy: 1 collections: 1 last_copies: 3 last_secs: 8.6e-05 secs_since: 157
Block cache entry stats(count,size,portion): Misc(1,0.00 KB,0%)

** File Read Latency Histogram By Level [default] **
** Level 0 read latency histogram (micros):
Count: 6587704 Average: 2.8669  StdDev: 1752.17
Min: 0  Median: 0.8471  Max: 3176910
Percentiles: P50: 0.85 P75: 1.45 P99: 2.90 P99.9: 3.83 P99.99: 4.06
------------------------------------------------------
[       0,       1 ]  3888436  59.026%  59.026% ############
(       1,       2 ]  2350327  35.677%  94.703% #######
(       2,       3 ]   314253   4.770%  99.473% #
(       3,       4 ]    33657   0.511%  99.984% 
(       4,       6 ]    12179   0.185% 100.169% 
(       6,      10 ]     6905   0.105% 100.274% 
(      10,      15 ]     2309   0.035% 100.309% 
(      15,      22 ]     1310   0.020% 100.329% 
(      22,      34 ]       85   0.001% 100.330% 
(      34,      51 ]       22   0.000% 100.331% 
(      51,      76 ]       85   0.001% 100.332% 
(      76,     110 ]      167   0.003% 100.334% 
(     110,     170 ]        7   0.000% 100.335% 
(     170,     250 ]        3   0.000% 100.335% 
(     250,     380 ]        5   0.000% 100.335% 
(     380,     580 ]        1   0.000% 100.335% 
(     580,     870 ]       14   0.000% 100.335% 
(     870,    1300 ]       31   0.000% 100.335% 
(    1300,    1900 ]       10   0.000% 100.336% 
(    1900,    2900 ]        4   0.000% 100.336% 
(    4400,    6600 ]        1   0.000% 100.336% 
(    6600,    9900 ]        2   0.000% 100.336% 
(   14000,   22000 ]        1   0.000% 100.336% 
(   22000,   33000 ]        1   0.000% 100.336% 
(   33000,   50000 ]        4   0.000% 100.336% 
(   50000,   75000 ]        4   0.000% 100.336% 
(   75000,  110000 ]        8   0.000% 100.336% 
(  110000,  170000 ]        2   0.000% 100.336% 
(  170000,  250000 ]        5   0.000% 100.336% 
(  250000,  380000 ]        1   0.000% 100.336% 
( 2900000, 4300000 ]        2   0.000% 100.336% 

** Level 1 read latency histogram (micros):
Count: 9479634 Average: 1.4357  StdDev: 2.89
Min: 0  Median: 0.7994  Max: 4030
Percentiles: P50: 0.80 P75: 1.36 P99: 2.63 P99.9: 2.93 P99.99: 2.96
------------------------------------------------------
[       0,       1 ]  5929393  62.549%  62.549% #############
(       1,       2 ]  3275060  34.548%  97.097% #######
(       2,       3 ]   285317   3.010% 100.107% #
(       3,       4 ]    36755   0.388% 100.495% 
(       4,       6 ]    13002   0.137% 100.632% 
(       6,      10 ]    10796   0.114% 100.746% 
(      10,      15 ]     2629   0.028% 100.773% 
(      15,      22 ]     1430   0.015% 100.789% 
(      22,      34 ]      152   0.002% 100.790% 
(      34,      51 ]       55   0.001% 100.791% 
(      51,      76 ]      122   0.001% 100.792% 
(      76,     110 ]      145   0.002% 100.794% 
(     110,     170 ]      179   0.002% 100.795% 
(     170,     250 ]      111   0.001% 100.797% 
(     250,     380 ]        9   0.000% 100.797% 
(     380,     580 ]        3   0.000% 100.797% 
(     580,     870 ]        6   0.000% 100.797% 
(     870,    1300 ]        2   0.000% 100.797% 
(    1300,    1900 ]        2   0.000% 100.797% 
(    1900,    2900 ]        2   0.000% 100.797% 
(    2900,    4400 ]        4   0.000% 100.797% 


** DB Stats **
Uptime(secs): 158.0 total, 30.8 interval
Cumulative writes: 14M writes, 14M keys, 1876K commit groups, 7.8 writes per commit group, ingest: 14.26 GB, 92.42 MB/s
Cumulative WAL: 14M writes, 0 syncs, 14641473.00 writes per sync, written: 14.26 GB, 92.42 MB/s
Cumulative stall: 00:02:9.793 H:M:S, 82.2 percent
Interval writes: 924K writes, 924K keys, 118K commit groups, 7.8 writes per commit group, ingest: 922.02 MB, 29.93 MB/s
Interval WAL: 924K writes, 0 syncs, 924707.00 writes per sync, written: 0.90 GB, 29.93 MB/s
Interval stall: 00:00:28.971 H:M:S, 94.0 percent
Write Stall (count): write-buffer-manager-limit-stops: 0
num-running-compactions: 1
num-running-flushes: 2

2026/08/31-09:36:45  ... thread 9: (58000,915000) ops and (1882.5,5792.7) ops/second in (30.810887,157.958077) seconds
2026/08/31-09:36:45  ... thread 10: (58000,915000) ops and (1882.0,5792.6) ops/second in (30.817535,157.959817) seconds
2026/08/31-09:36:45  ... thread 1: (58000,915000) ops and (1881.9,5792.5) ops/second in (30.819891,157.962094) seconds
2026/08/31-09:36:45  ... thread 11: (59000,915000) ops and (1913.2,5792.5) ops/second in (30.839002,157.962554) seconds
2026/08/31-09:36:45  ... thread 15: (59000,914000) ops and (1913.0,5786.2) ops/second in (30.842106,157.962990) seconds
2026/08/31-09:36:45  ... thread 4: (59000,915000) ops and (1913.0,5792.4) ops/second in (30.841399,157.964249) seconds
2026/08/31-09:37:15  ... thread 14: (116000,1031000) ops and (3864.6,5485.4) ops/second in (30.016429,187.951877) seconds
2026/08/31-09:37:15  ... thread 2: (117000,1032000) ops and (3898.5,5490.8) ops/second in (30.011682,187.952350) seconds
2026/08/31-09:37:15  ... thread 7: (117000,1032000) ops and (3898.8,5490.7) ops/second in (30.009366,187.954576) seconds
2026/08/31-09:37:15  ... thread 3: (117000,1032000) ops and (3897.8,5490.6) ops/second in (30.016865,187.957229) seconds
2026/08/31-09:37:15  ... thread 5: (117000,1033000) ops and (3897.7,5495.9) ops/second in (30.017675,187.958053) seconds
2026/08/31-09:37:15  ... thread 9: (117000,1032000) ops and (3899.9,5490.6) ops/second in (30.000827,187.958904) seconds
2026/08/31-09:37:15  ... thread 13: (117000,1033000) ops and (3897.2,5495.9) ops/second in (30.021371,187.959534) seconds
2026/08/31-09:37:15  ... thread 8: (117000,1034000) ops and (3898.6,5501.1) ops/second in (30.010661,187.962521) seconds
2026/08/31-09:37:15  ... thread 6: (117000,1030000) ops and (3897.5,5479.8) ops/second in (30.019466,187.963586) seconds
2026/08/31-09:37:15  ... thread 12: (117000,1032000) ops and (3898.1,5490.4) ops/second in (30.014660,187.963634) seconds
2026/08/31-09:37:15  ... thread 10: (117000,1032000) ops and (3899.4,5490.4) ops/second in (30.004652,187.964469) seconds
2026/08/31-09:37:15  ... thread 4: (117000,1032000) ops and (3899.5,5490.3) ops/second in (30.003760,187.968009) seconds
2026/08/31-09:37:15  ... thread 0: (117000,1032000) ops and (3897.8,5490.3) ops/second in (30.016698,187.968108) seconds

** Compaction Stats [default] **
Level    Files   Size     Score Read(GB)  Rn(GB) Rnp1(GB) Write(GB) WPreComp(GB) Wnew(GB) Moved(GB) W-Amp Rd(MB/s) Wr(MB/s) Comp(sec) CompMergeCPU(sec) Comp(cnt) Avg(sec) KeyIn KeyDrop Rblob(GB) Wblob(GB)
-------------------------------------------------------------------------------------------------------------------------------------------------------------------------------------------------------------
  L0     13/4      2.07 GB   4.5     14.1     0.0     14.1      30.3      30.3     16.2       0.0   1.9     33.3     71.6    433.18             63.80       323    1.341     30M    13K       0.0       0.0
  L1     51/0      3.77 GB   0.9     56.6    14.1     42.4      56.0      56.0     13.5       0.0   4.0    408.1    403.8    141.91            173.82        15    9.460     57M   598K       0.0       0.0
  L2    102/0      9.72 GB   0.2      1.5     1.0      0.6       1.5       1.5      0.9       8.8   1.5     28.8     28.0     53.71              4.60         8    6.713   1537K    44K       0.0       0.0
 Sum    166/4     15.56 GB   0.0     72.1    15.1     57.1      87.7      87.7     30.6       8.8   5.4    117.5    142.8    628.80            242.23       346    1.817     89M   656K       0.0       0.0
 Int      0/0      0.00 KB   0.0      1.7     0.5      1.2       2.6       2.6      1.4       0.0   2.7     59.9     93.7     28.95              6.18        22    1.316   2717K    23K       0.0       0.0

** Compaction Stats [default] **
Priority    Files   Size     Score Read(GB)  Rn(GB) Rnp1(GB) Write(GB) WPreComp(GB) Wnew(GB) Moved(GB) W-Amp Rd(MB/s) Wr(MB/s) Comp(sec) CompMergeCPU(sec) Comp(cnt) Avg(sec) KeyIn KeyDrop Rblob(GB) Wblob(GB)
----------------------------------------------------------------------------------------------------------------------------------------------------------------------------------------------------------------
 Low      0/0      0.00 KB   0.0     72.1    15.1     57.1      71.5      71.5     14.4       0.0   0.0    215.4    213.4    343.01            214.60        80    4.288     73M   656K       0.0       0.0
High      0/0      0.00 KB   0.0      0.0     0.0      0.0      16.2      16.2     16.2       0.0   0.0      0.0     58.1    285.78             27.63       266    1.074     16M      0       0.0       0.0

Blob file count: 0, total size: 0.0 GB, garbage size: 0.0 GB, space amp: 0.0

Uptime(secs): 188.0 total, 3.9 interval
Flush(GB): cumulative 16.209, interval 0.976
AddFile(GB): cumulative 0.000, interval 0.000
AddFile(Total Files): cumulative 0, interval 0
AddFile(L0 Files): cumulative 0, interval 0
AddFile(Keys): cumulative 0, interval 0
Cumulative compaction: 87.71 GB write, 477.78 MB/s write, 72.15 GB read, 393.03 MB/s read, 628.8 seconds
Interval compaction: 2.65 GB write, 688.16 MB/s write, 1.69 GB read, 440.39 MB/s read, 28.9 seconds
Estimated pending compaction bytes: 11530682559
Write Stall (count): cf-l0-file-count-limit-delays-with-ongoing-compaction: 11, cf-l0-file-count-limit-stops-with-ongoing-compaction: 0, l0-file-count-limit-delays: 11, l0-file-count-limit-stops: 0, memtable-limit-delays: 0, memtable-limit-stops: 168, pending-compaction-bytes-delays: 0, pending-compaction-bytes-stops: 0, total-delays: 11, total-stops: 168
interval: 8 total count
Block cache AutoHyperClockCache@0x6043b84412d0#2239720 capacity: 512.00 MB seed: 1 usage: 5.59 MB table_size: 2543 occupancy: 1326 collections: 2 last_copies: 0 last_secs: 0.000232 secs_since: 3
Block cache entry stats(count,size,portion): Misc(1326,5.43 MB,1.0608%)

** File Read Latency Histogram By Level [default] **
** Level 0 read latency histogram (micros):
Count: 7173323 Average: 2.9213  StdDev: 1687.74
Min: 0  Median: 0.8341  Max: 3176910
Percentiles: P50: 0.83 P75: 1.43 P99: 2.90 P99.9: 3.87 P99.99: 4.28
------------------------------------------------------
[       0,       1 ]  4299906  59.943%  59.943% ############
(       1,       2 ]  2505252  34.925%  94.868% #######
(       2,       3 ]   329371   4.592%  99.459% #
(       3,       4 ]    36241   0.505%  99.964% 
(       4,       6 ]    13079   0.182% 100.147% 
(       6,      10 ]     7334   0.102% 100.249% 
(      10,      15 ]     2461   0.034% 100.283% 
(      15,      22 ]     1396   0.019% 100.303% 
(      22,      34 ]       93   0.001% 100.304% 
(      34,      51 ]       23   0.000% 100.304% 
(      51,      76 ]       98   0.001% 100.306% 
(      76,     110 ]      184   0.003% 100.308% 
(     110,     170 ]       11   0.000% 100.308% 
(     170,     250 ]        4   0.000% 100.309% 
(     250,     380 ]        5   0.000% 100.309% 
(     380,     580 ]        2   0.000% 100.309% 
(     580,     870 ]       14   0.000% 100.309% 
(     870,    1300 ]       36   0.001% 100.309% 
(    1300,    1900 ]       12   0.000% 100.309% 
(    1900,    2900 ]        4   0.000% 100.310% 
(    4400,    6600 ]        1   0.000% 100.310% 
(    6600,    9900 ]        2   0.000% 100.310% 
(   14000,   22000 ]        1   0.000% 100.310% 
(   22000,   33000 ]        1   0.000% 100.310% 
(   33000,   50000 ]        6   0.000% 100.310% 
(   50000,   75000 ]        4   0.000% 100.310% 
(   75000,  110000 ]       11   0.000% 100.310% 
(  110000,  170000 ]        3   0.000% 100.310% 
(  170000,  250000 ]        8   0.000% 100.310% 
(  250000,  380000 ]        2   0.000% 100.310% 
( 2900000, 4300000 ]        2   0.000% 100.310% 

** Level 1 read latency histogram (micros):
Count: 10856098 Average: 1.4241  StdDev: 2.73
Min: 0  Median: 0.7861  Max: 4030
Percentiles: P50: 0.79 P75: 1.34 P99: 2.65 P99.9: 2.95 P99.99: 2.98
------------------------------------------------------
[       0,       1 ]  6904966  63.604%  63.604% #############
(       1,       2 ]  3628613  33.425%  97.029% #######
(       2,       3 ]   327711   3.019% 100.048% #
(       3,       4 ]    44463   0.410% 100.457% 
(       4,       6 ]    14900   0.137% 100.595% 
(       6,      10 ]    11987   0.110% 100.705% 
(      10,      15 ]     3001   0.028% 100.733% 
(      15,      22 ]     1662   0.015% 100.748% 
(      22,      34 ]      166   0.002% 100.750% 
(      34,      51 ]       59   0.001% 100.750% 
(      51,      76 ]      134   0.001% 100.751% 
(      76,     110 ]      179   0.002% 100.753% 
(     110,     170 ]      201   0.002% 100.755% 
(     170,     250 ]      124   0.001% 100.756% 
(     250,     380 ]       10   0.000% 100.756% 
(     380,     580 ]        3   0.000% 100.756% 
(     580,     870 ]        6   0.000% 100.756% 
(     870,    1300 ]        2   0.000% 100.756% 
(    1300,    1900 ]        2   0.000% 100.756% 
(    1900,    2900 ]        2   0.000% 100.756% 
(    2900,    4400 ]        4   0.000% 100.756% 

** Level 2 read latency histogram (micros):
Count: 108 Average: 1480.4815  StdDev: 7619.33
Min: 1  Median: 5.3333  Max: 50556
Percentiles: P50: 5.33 P75: 42.50 P99: 49320.00 P99.9: 50556.00 P99.99: 50556.00
------------------------------------------------------
[       0,       1 ]       20  18.519%  18.519% ####
(       1,       2 ]       21  19.444%  37.963% ####
(       2,       3 ]        8   7.407%  45.370% #
(       3,       4 ]        3   2.778%  48.148% #
(       4,       6 ]        3   2.778%  50.926% #
(       6,      10 ]       16  14.815%  65.741% ###
(      10,      15 ]        5   4.630%  70.370% #
(      15,      22 ]        1   0.926%  71.296% 
(      22,      34 ]        2   1.852%  73.148% 
(      34,      51 ]        4   3.704%  76.852% #
(      51,      76 ]       10   9.259%  86.111% ##
(      76,     110 ]       10   9.259%  95.370% ##
(     250,     380 ]        1   0.926%  96.296% 
(   22000,   33000 ]        1   0.926%  97.222% 
(   33000,   50000 ]        2   1.852%  99.074% 
(   50000,   75000 ]        1   0.926% 100.000% 


** DB Stats **
Uptime(secs): 188.0 total, 3.9 interval
Cumulative writes: 16M writes, 16M keys, 2115K commit groups, 7.8 writes per commit group, ingest: 16.08 GB, 87.61 MB/s
Cumulative WAL: 16M writes, 0 syncs, 16516543.00 writes per sync, written: 16.08 GB, 87.61 MB/s
Cumulative stall: 00:02:36.453 H:M:S, 83.2 percent
Interval writes: 892K writes, 892K keys, 113K commit groups, 7.9 writes per commit group, ingest: 889.75 MB, 225.81 MB/s
Interval WAL: 892K writes, 0 syncs, 892345.00 writes per sync, written: 0.87 GB, 225.81 MB/s
Interval stall: 00:00:2.949 H:M:S, 74.9 percent
Write Stall (count): write-buffer-manager-limit-stops: 0
num-running-compactions: 2
num-running-flushes: 1

2026/08/31-09:37:15  ... thread 11: (117000,1032000) ops and (3899.2,5490.3) ops/second in (30.006342,187.968896) seconds
2026/08/31-09:37:15  ... thread 15: (117000,1031000) ops and (3899.2,5484.9) ops/second in (30.006272,187.969262) seconds
2026/08/31-09:37:15  ... thread 1: (117000,1032000) ops and (3898.2,5490.1) ops/second in (30.013937,187.976031) seconds
2026/08/31-09:37:46  ... thread 6: (57000,1087000) ops and (1853.2,4969.8) ops/second in (30.758088,218.721674) seconds
2026/08/31-09:37:46  ... thread 15: (57000,1088000) ops and (1853.3,4974.3) ops/second in (30.755129,218.724391) seconds
2026/08/31-09:37:46  ... thread 4: (57000,1089000) ops and (1853.1,4978.8) ops/second in (30.759932,218.727941) seconds
2026/08/31-09:37:46  ... thread 11: (57000,1089000) ops and (1852.9,4978.7) ops/second in (30.762987,218.731883) seconds
2026/08/31-09:37:46  ... thread 14: (58000,1089000) ops and (1884.2,4978.7) ops/second in (30.781923,218.733800) seconds
2026/08/31-09:37:46  ... thread 7: (58000,1090000) ops and (1884.3,4983.2) ops/second in (30.780263,218.734839) seconds
2026/08/31-09:37:46  ... thread 0: (57000,1089000) ops and (1852.6,4978.6) ops/second in (30.767872,218.735980) seconds

** Compaction Stats [default] **
Level    Files   Size     Score Read(GB)  Rn(GB) Rnp1(GB) Write(GB) WPreComp(GB) Wnew(GB) Moved(GB) W-Amp Rd(MB/s) Wr(MB/s) Comp(sec) CompMergeCPU(sec) Comp(cnt) Avg(sec) KeyIn KeyDrop Rblob(GB) Wblob(GB)
-------------------------------------------------------------------------------------------------------------------------------------------------------------------------------------------------------------
  L0      8/5    686.35 MB   1.5     14.8     0.0     14.8      31.9      31.9     17.1       0.0   1.9     29.8     64.3    508.47             67.22       341    1.491     32M    14K       0.0       0.0
  L1     77/18     5.97 GB   1.0     62.6    16.4     46.2      61.9      61.9     15.7       0.0   3.8    393.7    389.3    162.92            191.56        16   10.183     63M   709K       0.0       0.0
  L2    102/17     9.72 GB   0.2      1.5     1.0      0.6       1.5       1.5      0.9       8.8   1.5     28.8     28.0     53.71              4.60         8    6.713   1537K    44K       0.0       0.0
 Sum    187/40    16.36 GB   0.0     79.0    17.4     61.6      95.3      95.3     33.8       8.8   5.6    111.5    134.6    725.10            263.39       365    1.987     97M   767K       0.0       0.0
 Int      0/0      0.00 KB   0.0      8.5     2.8      5.7      10.3      10.3      4.5       0.0   5.4     69.6     84.0    125.25             27.34        41    3.055     10M   134K       0.0       0.0

** Compaction Stats [default] **
Priority    Files   Size     Score Read(GB)  Rn(GB) Rnp1(GB) Write(GB) WPreComp(GB) Wnew(GB) Moved(GB) W-Amp Rd(MB/s) Wr(MB/s) Comp(sec) CompMergeCPU(sec) Comp(cnt) Avg(sec) KeyIn KeyDrop Rblob(GB) Wblob(GB)
----------------------------------------------------------------------------------------------------------------------------------------------------------------------------------------------------------------
 Low      0/0      0.00 KB   0.0     79.0    17.4     61.6      78.2      78.2     16.6       0.0   0.0    209.1    207.1    386.74            234.13        84    4.604     80M   767K       0.0       0.0
High      0/0      0.00 KB   0.0      0.0     0.0      0.0      17.1      17.1     17.1       0.0   0.0      0.0     51.8    338.36             29.25       281    1.204     17M      0       0.0       0.0

Blob file count: 0, total size: 0.0 GB, garbage size: 0.0 GB, space amp: 0.0

Uptime(secs): 218.7 total, 34.7 interval
Flush(GB): cumulative 17.124, interval 1.892
AddFile(GB): cumulative 0.000, interval 0.000
AddFile(Total Files): cumulative 0, interval 0
AddFile(L0 Files): cumulative 0, interval 0
AddFile(Keys): cumulative 0, interval 0
Cumulative compaction: 95.33 GB write, 446.26 MB/s write, 78.96 GB read, 369.66 MB/s read, 725.1 seconds
Interval compaction: 10.27 GB write, 302.96 MB/s write, 8.51 GB read, 251.09 MB/s read, 125.3 seconds
Estimated pending compaction bytes: 14125113062
Write Stall (count): cf-l0-file-count-limit-delays-with-ongoing-compaction: 11, cf-l0-file-count-limit-stops-with-ongoing-compaction: 0, l0-file-count-limit-delays: 11, l0-file-count-limit-stops: 0, memtable-limit-delays: 0, memtable-limit-stops: 179, pending-compaction-bytes-delays: 0, pending-compaction-bytes-stops: 0, total-delays: 11, total-stops: 179
interval: 19 total count
Block cache AutoHyperClockCache@0x6043b84412d0#2239720 capacity: 512.00 MB seed: 1 usage: 5.59 MB table_size: 2543 occupancy: 1326 collections: 2 last_copies: 0 last_secs: 0.000232 secs_since: 34
Block cache entry stats(count,size,portion): Misc(1326,5.43 MB,1.0608%)

** File Read Latency Histogram By Level [default] **
** Level 0 read latency histogram (micros):
Count: 7965040 Average: 2.9016  StdDev: 1605.85
Min: 0  Median: 0.8360  Max: 3176910
Percentiles: P50: 0.84 P75: 1.43 P99: 2.91 P99.9: 3.90 P99.99: 4.40
------------------------------------------------------
[       0,       1 ]  4763892  59.810%  59.810% ############
(       1,       2 ]  2785961  34.977%  94.787% #######
(       2,       3 ]   370143   4.647%  99.434% #
(       3,       4 ]    41218   0.517%  99.952% 
(       4,       6 ]    15148   0.190% 100.142% 
(       6,      10 ]     8191   0.103% 100.245% 
(      10,      15 ]     2734   0.034% 100.279% 
(      15,      22 ]     1567   0.020% 100.299% 
(      22,      34 ]      112   0.001% 100.300% 
(      34,      51 ]       23   0.000% 100.301% 
(      51,      76 ]      103   0.001% 100.302% 
(      76,     110 ]      195   0.002% 100.304% 
(     110,     170 ]       11   0.000% 100.305% 
(     170,     250 ]        4   0.000% 100.305% 
(     250,     380 ]        5   0.000% 100.305% 
(     380,     580 ]        2   0.000% 100.305% 
(     580,     870 ]       14   0.000% 100.305% 
(     870,    1300 ]       38   0.000% 100.305% 
(    1300,    1900 ]       14   0.000% 100.306% 
(    1900,    2900 ]        4   0.000% 100.306% 
(    4400,    6600 ]        1   0.000% 100.306% 
(    6600,    9900 ]        2   0.000% 100.306% 
(   14000,   22000 ]        1   0.000% 100.306% 
(   22000,   33000 ]        1   0.000% 100.306% 
(   33000,   50000 ]        7   0.000% 100.306% 
(   50000,   75000 ]        8   0.000% 100.306% 
(   75000,  110000 ]       14   0.000% 100.306% 
(  110000,  170000 ]        5   0.000% 100.306% 
(  170000,  250000 ]        9   0.000% 100.306% 
(  250000,  380000 ]        2   0.000% 100.306% 
( 2900000, 4300000 ]        2   0.000% 100.306% 

** Level 1 read latency histogram (micros):
Count: 12322842 Average: 1.4229  StdDev: 2.70
Min: 0  Median: 0.7845  Max: 4030
Percentiles: P50: 0.78 P75: 1.34 P99: 2.66 P99.9: 2.95 P99.99: 2.98
------------------------------------------------------
[       0,       1 ]  7854447  63.739%  63.739% #############
(       1,       2 ]  4095494  33.235%  96.974% #######
(       2,       3 ]   378541   3.072% 100.046% #
(       3,       4 ]    50602   0.411% 100.456% 
(       4,       6 ]    16793   0.136% 100.593% 
(       6,      10 ]    13520   0.110% 100.702% 
(      10,      15 ]     3424   0.028% 100.730% 
(      15,      22 ]     1929   0.016% 100.746% 
(      22,      34 ]      198   0.002% 100.747% 
(      34,      51 ]       68   0.001% 100.748% 
(      51,      76 ]      152   0.001% 100.749% 
(      76,     110 ]      202   0.002% 100.751% 
(     110,     170 ]      226   0.002% 100.753% 
(     170,     250 ]      129   0.001% 100.754% 
(     250,     380 ]       10   0.000% 100.754% 
(     380,     580 ]        3   0.000% 100.754% 
(     580,     870 ]        6   0.000% 100.754% 
(     870,    1300 ]        2   0.000% 100.754% 
(    1300,    1900 ]        2   0.000% 100.754% 
(    1900,    2900 ]        3   0.000% 100.754% 
(    2900,    4400 ]        4   0.000% 100.754% 

** Level 2 read latency histogram (micros):
Count: 16087 Average: 11.2284  StdDev: 635.88
Min: 0  Median: 0.7050  Max: 50556
Percentiles: P50: 0.70 P75: 1.15 P99: 2.71 P99.9: 73.28 P99.99: 44826.05
------------------------------------------------------
[       0,       1 ]    11410  70.927%  70.927% ##############
(       1,       2 ]     4348  27.028%  97.955% #####
(       2,       3 ]      238   1.479%  99.434% 
(       3,       4 ]       11   0.068%  99.503% 
(       4,       6 ]        9   0.056%  99.559% 
(       6,      10 ]       31   0.193%  99.751% 
(      10,      15 ]        7   0.044%  99.795% 
(      15,      22 ]        2   0.012%  99.807% 
(      22,      34 ]        2   0.012%  99.820% 
(      34,      51 ]        4   0.025%  99.845% 
(      51,      76 ]       10   0.062%  99.907% 
(      76,     110 ]       10   0.062%  99.969% 
(     250,     380 ]        1   0.006%  99.975% 
(   22000,   33000 ]        1   0.006%  99.981% 
(   33000,   50000 ]        2   0.012%  99.994% 
(   50000,   75000 ]        1   0.006% 100.000% 


** DB Stats **
Uptime(secs): 218.7 total, 30.8 interval
Cumulative writes: 17M writes, 17M keys, 2231K commit groups, 7.8 writes per commit group, ingest: 16.98 GB, 79.47 MB/s
Cumulative WAL: 17M writes, 0 syncs, 17433205.00 writes per sync, written: 16.98 GB, 79.47 MB/s
Cumulative stall: 00:03:5.212 H:M:S, 84.7 percent
Interval writes: 916K writes, 916K keys, 116K commit groups, 7.9 writes per commit group, ingest: 914.00 MB, 29.71 MB/s
Interval WAL: 916K writes, 0 syncs, 916662.00 writes per sync, written: 0.89 GB, 29.71 MB/s
Interval stall: 00:00:28.759 H:M:S, 93.5 percent
Write Stall (count): write-buffer-manager-limit-stops: 0
num-running-compactions: 18
num-running-flushes: 0

2026/08/31-09:37:46  ... thread 2: (58000,1090000) ops and (1884.1,4983.2) ops/second in (30.784732,218.737082) seconds
2026/08/31-09:37:46  ... thread 1: (57000,1089000) ops and (1853.0,4978.6) ops/second in (30.760740,218.736771) seconds
2026/08/31-09:37:46  ... thread 5: (58000,1091000) ops and (1884.3,4987.7) ops/second in (30.781356,218.739409) seconds
2026/08/31-09:37:46  ... thread 3: (58000,1090000) ops and (1884.2,4983.1) ops/second in (30.782639,218.739868) seconds
2026/08/31-09:37:46  ... thread 9: (58000,1090000) ops and (1884.2,4983.0) ops/second in (30.782929,218.741833) seconds
2026/08/31-09:37:46  ... thread 13: (58000,1091000) ops and (1884.0,4987.5) ops/second in (30.786268,218.745802) seconds
2026/08/31-09:37:46  ... thread 8: (58000,1092000) ops and (1884.1,4992.1) ops/second in (30.783724,218.746245) seconds
2026/08/31-09:37:46  ... thread 12: (58000,1090000) ops and (1884.0,4982.9) ops/second in (30.785735,218.749369) seconds
2026/08/31-09:37:46  ... thread 10: (58000,1090000) ops and (1884.0,4982.8) ops/second in (30.786060,218.750529) seconds
2026/08/31-09:38:18  ... thread 8: (205000,1297000) ops and (6430.1,5175.0) ops/second in (31.881193,250.627438) seconds
2026/08/31-09:38:18  ... thread 1: (205000,1294000) ops and (6427.9,5163.0) ops/second in (31.892083,250.628854) seconds
2026/08/31-09:38:18  ... thread 15: (206000,1294000) ops and (6456.5,5163.0) ops/second in (31.905967,250.630358) seconds
2026/08/31-09:38:18  ... thread 13: (205000,1296000) ops and (6428.6,5170.9) ops/second in (31.888780,250.634582) seconds
2026/08/31-09:38:18  ... thread 5: (206000,1297000) ops and (6458.5,5174.8) ops/second in (31.895899,250.635308) seconds
2026/08/31-09:38:18  ... thread 4: (206000,1295000) ops and (6455.9,5166.8) ops/second in (31.908626,250.636567) seconds
2026/08/31-09:38:18  ... thread 6: (206000,1293000) ops and (6454.2,5158.8) ops/second in (31.917415,250.639089) seconds
2026/08/31-09:38:18  ... thread 7: (206000,1296000) ops and (6456.0,5170.7) ops/second in (31.908142,250.642981) seconds
2026/08/31-09:38:18  ... thread 14: (206000,1295000) ops and (6455.7,5166.7) ops/second in (31.909823,250.643623) seconds
2026/08/31-09:38:18  ... thread 0: (206000,1295000) ops and (6456.0,5166.7) ops/second in (31.908415,250.644395) seconds

** Compaction Stats [default] **
Level    Files   Size     Score Read(GB)  Rn(GB) Rnp1(GB) Write(GB) WPreComp(GB) Wnew(GB) Moved(GB) W-Amp Rd(MB/s) Wr(MB/s) Comp(sec) CompMergeCPU(sec) Comp(cnt) Avg(sec) KeyIn KeyDrop Rblob(GB) Wblob(GB)
-------------------------------------------------------------------------------------------------------------------------------------------------------------------------------------------------------------
  L0     18/17     3.84 GB   0.5     18.2     0.0     18.2      38.5      38.5     20.3       0.0   1.9     31.9     67.5    583.28             80.79       406    1.437     39M    17K       0.0       0.0
  L1     57/57     3.94 GB   0.0     62.6    16.4     46.2      61.9      61.9     15.7       0.0   3.8    393.7    389.3    162.92            191.56        16   10.183     63M   709K       0.0       0.0
  L2    153/0     11.60 GB   0.3      5.6     3.0      2.6       5.4       5.4      2.8       8.8   1.8     23.9     23.1    240.64             16.95        27    8.913   5725K   196K       0.0       0.0
 Sum    228/74    19.39 GB   0.0     86.4    19.4     67.0     105.8     105.8     38.8       8.8   5.2     89.7    109.8    986.85            289.30       449    2.198    108M   923K       0.0       0.0
 Int      0/0      0.00 KB   0.0      0.3     0.0      0.3       0.4       0.4      0.1       0.0   3.5     48.0     67.0      6.53              0.95         3    2.175    435K    369       0.0       0.0

** Compaction Stats [default] **
Priority    Files   Size     Score Read(GB)  Rn(GB) Rnp1(GB) Write(GB) WPreComp(GB) Wnew(GB) Moved(GB) W-Amp Rd(MB/s) Wr(MB/s) Comp(sec) CompMergeCPU(sec) Comp(cnt) Avg(sec) KeyIn KeyDrop Rblob(GB) Wblob(GB)
----------------------------------------------------------------------------------------------------------------------------------------------------------------------------------------------------------------
 Low      0/0      0.00 KB   0.0     86.4    19.4     67.0      85.5      85.5     18.5       0.0   0.0    147.1    145.5    601.75            254.83       116    5.188     87M   923K       0.0       0.0
High      0/0      0.00 KB   0.0      0.0     0.0      0.0      20.3      20.3     20.3       0.0   0.0      0.0     54.0    385.09             34.47       333    1.156     20M      0       0.0       0.0

Blob file count: 0, total size: 0.0 GB, garbage size: 0.0 GB, space amp: 0.0

Uptime(secs): 250.7 total, 6.6 interval
Flush(GB): cumulative 20.300, interval 0.122
AddFile(GB): cumulative 0.000, interval 0.000
AddFile(Total Files): cumulative 0, interval 0
AddFile(L0 Files): cumulative 0, interval 0
AddFile(Keys): cumulative 0, interval 0
Cumulative compaction: 105.82 GB write, 432.33 MB/s write, 86.44 GB read, 353.13 MB/s read, 986.8 seconds
Interval compaction: 0.43 GB write, 66.21 MB/s write, 0.31 GB read, 47.41 MB/s read, 6.5 seconds
Estimated pending compaction bytes: 18474510134
Write Stall (count): cf-l0-file-count-limit-delays-with-ongoing-compaction: 15, cf-l0-file-count-limit-stops-with-ongoing-compaction: 0, l0-file-count-limit-delays: 15, l0-file-count-limit-stops: 0, memtable-limit-delays: 0, memtable-limit-stops: 214, pending-compaction-bytes-delays: 0, pending-compaction-bytes-stops: 0, total-delays: 15, total-stops: 214
interval: 2 total count
Block cache AutoHyperClockCache@0x6043b84412d0#2239720 capacity: 512.00 MB seed: 1 usage: 5.59 MB table_size: 2543 occupancy: 1326 collections: 2 last_copies: 1 last_secs: 0.000232 secs_since: 66
Block cache entry stats(count,size,portion): Misc(1326,5.43 MB,1.0608%)

** File Read Latency Histogram By Level [default] **
** Level 0 read latency histogram (micros):
Count: 8919765 Average: 2.7777  StdDev: 1519.54
Min: 0  Median: 0.8246  Max: 3176910
Percentiles: P50: 0.82 P75: 1.42 P99: 2.89 P99.9: 3.88 P99.99: 4.34
------------------------------------------------------
[       0,       1 ]  5408472  60.635%  60.635% ############
(       1,       2 ]  3069809  34.416%  95.050% #######
(       2,       3 ]   394066   4.418%  99.468% #
(       3,       4 ]    43795   0.491%  99.959% 
(       4,       6 ]    16267   0.182% 100.142% 
(       6,      10 ]     8798   0.099% 100.240% 
(      10,      15 ]     2898   0.032% 100.273% 
(      15,      22 ]     1637   0.018% 100.291% 
(      22,      34 ]      115   0.001% 100.293% 
(      34,      51 ]       25   0.000% 100.293% 
(      51,      76 ]      114   0.001% 100.294% 
(      76,     110 ]      237   0.003% 100.297% 
(     110,     170 ]       14   0.000% 100.297% 
(     170,     250 ]        4   0.000% 100.297% 
(     250,     380 ]        5   0.000% 100.297% 
(     380,     580 ]        3   0.000% 100.297% 
(     580,     870 ]       18   0.000% 100.297% 
(     870,    1300 ]       43   0.000% 100.298% 
(    1300,    1900 ]       20   0.000% 100.298% 
(    1900,    2900 ]        5   0.000% 100.298% 
(    4400,    6600 ]        1   0.000% 100.298% 
(    6600,    9900 ]        2   0.000% 100.298% 
(   14000,   22000 ]        2   0.000% 100.298% 
(   22000,   33000 ]        1   0.000% 100.298% 
(   33000,   50000 ]        7   0.000% 100.298% 
(   50000,   75000 ]        8   0.000% 100.298% 
(   75000,  110000 ]       14   0.000% 100.298% 
(  110000,  170000 ]        6   0.000% 100.298% 
(  170000,  250000 ]       10   0.000% 100.299% 
(  250000,  380000 ]        2   0.000% 100.299% 
( 2900000, 4300000 ]        2   0.000% 100.299% 

** Level 1 read latency histogram (micros):
Count: 12970377 Average: 1.4187  StdDev: 2.71
Min: 0  Median: 0.7802  Max: 4030
Percentiles: P50: 0.78 P75: 1.33 P99: 2.66 P99.9: 2.95 P99.99: 2.98
------------------------------------------------------
[       0,       1 ]  8312550  64.089%  64.089% #############
(       1,       2 ]  4266456  32.894%  96.983% #######
(       2,       3 ]   396492   3.057% 100.039% #
(       3,       4 ]    53787   0.415% 100.454% 
(       4,       6 ]    17479   0.135% 100.589% 
(       6,      10 ]    14057   0.108% 100.697% 
(      10,      15 ]     3561   0.027% 100.725% 
(      15,      22 ]     2010   0.015% 100.740% 
(      22,      34 ]      207   0.002% 100.742% 
(      34,      51 ]       69   0.001% 100.742% 
(      51,      76 ]      152   0.001% 100.744% 
(      76,     110 ]      202   0.002% 100.745% 
(     110,     170 ]      226   0.002% 100.747% 
(     170,     250 ]      129   0.001% 100.748% 
(     250,     380 ]       10   0.000% 100.748% 
(     380,     580 ]        3   0.000% 100.748% 
(     580,     870 ]        6   0.000% 100.748% 
(     870,    1300 ]        2   0.000% 100.748% 
(    1300,    1900 ]        2   0.000% 100.748% 
(    1900,    2900 ]        4   0.000% 100.748% 
(    2900,    4400 ]        4   0.000% 100.748% 

** Level 2 read latency histogram (micros):
Count: 16366 Average: 66.6206  StdDev: 2067.73
Min: 0  Median: 0.7155  Max: 116987
Percentiles: P50: 0.72 P75: 1.19 P99: 8.89 P99.9: 27991.33 P99.99: 98859.50
------------------------------------------------------
[       0,       1 ]    11437  69.883%  69.883% ##############
(       1,       2 ]     4423  27.026%  96.908% #####
(       2,       3 ]      255   1.558%  98.466% 
(       3,       4 ]       13   0.079%  98.546% 
(       4,       6 ]       23   0.141%  98.686% 
(       6,      10 ]       71   0.434%  99.120% 
(      10,      15 ]       16   0.098%  99.218% 
(      15,      22 ]        9   0.055%  99.273% 
(      22,      34 ]        2   0.012%  99.285% 
(      34,      51 ]        9   0.055%  99.340% 
(      51,      76 ]       44   0.269%  99.609% 
(      76,     110 ]       39   0.238%  99.847% 
(     250,     380 ]        1   0.006%  99.853% 
(    1300,    1900 ]        1   0.006%  99.859% 
(    1900,    2900 ]        2   0.012%  99.872% 
(    9900,   14000 ]        2   0.012%  99.884% 
(   14000,   22000 ]        1   0.006%  99.890% 
(   22000,   33000 ]        3   0.018%  99.908% 
(   33000,   50000 ]        6   0.037%  99.945% 
(   50000,   75000 ]        6   0.037%  99.982% 
(   75000,  110000 ]        2   0.012%  99.994% 
(  110000,  170000 ]        1   0.006% 100.000% 


** DB Stats **
Uptime(secs): 250.7 total, 6.6 interval
Cumulative writes: 20M writes, 20M keys, 2648K commit groups, 7.8 writes per commit group, ingest: 20.18 GB, 82.45 MB/s
Cumulative WAL: 20M writes, 0 syncs, 20726857.00 writes per sync, written: 20.18 GB, 82.45 MB/s
Cumulative stall: 00:03:32.023 H:M:S, 84.6 percent
Interval writes: 129K writes, 129K keys, 16K commit groups, 7.8 writes per commit group, ingest: 129.56 MB, 19.61 MB/s
Interval WAL: 129K writes, 0 syncs, 129926.00 writes per sync, written: 0.13 GB, 19.61 MB/s
Interval stall: 00:00:6.319 H:M:S, 95.6 percent
Write Stall (count): write-buffer-manager-limit-stops: 0
num-running-compactions: 1
num-running-flushes: 1

2026/08/31-09:38:18  ... thread 11: (206000,1295000) ops and (6455.0,5166.7) ops/second in (31.913437,250.645320) seconds
2026/08/31-09:38:18  ... thread 2: (206000,1296000) ops and (6453.7,5170.4) ops/second in (31.919450,250.656532) seconds
2026/08/31-09:38:18  ... thread 3: (206000,1296000) ops and (6453.9,5170.4) ops/second in (31.918538,250.658406) seconds
2026/08/31-09:38:18  ... thread 12: (206000,1296000) ops and (6455.8,5170.4) ops/second in (31.909095,250.658464) seconds
2026/08/31-09:38:18  ... thread 9: (206000,1296000) ops and (6453.7,5170.3) ops/second in (31.919638,250.661471) seconds
2026/08/31-09:38:18  ... thread 10: (206000,1296000) ops and (6455.1,5170.3) ops/second in (31.912691,250.663220) seconds
2026/08/31-09:38:55  ... thread 11: (42000,1337000) ops and (1116.7,4638.3) ops/second in (37.609807,288.255127) seconds
2026/08/31-09:38:55  ... thread 14: (42000,1337000) ops and (1116.7,4638.2) ops/second in (37.612394,288.256017) seconds
2026/08/31-09:38:55  ... thread 0: (42000,1337000) ops and (1116.6,4638.2) ops/second in (37.614303,288.258698) seconds
2026/08/31-09:38:55  ... thread 2: (42000,1338000) ops and (1116.9,4641.7) ops/second in (37.602964,288.259496) seconds

** Compaction Stats [default] **
Level    Files   Size     Score Read(GB)  Rn(GB) Rnp1(GB) Write(GB) WPreComp(GB) Wnew(GB) Moved(GB) W-Amp Rd(MB/s) Wr(MB/s) Comp(sec) CompMergeCPU(sec) Comp(cnt) Avg(sec) KeyIn KeyDrop Rblob(GB) Wblob(GB)
-------------------------------------------------------------------------------------------------------------------------------------------------------------------------------------------------------------
  L0     10/8    810.20 MB   1.0     18.4     0.0     18.4      39.4      39.4     21.0       0.0   1.9     29.1     62.4    647.38             82.76       419    1.545     40M    17K       0.0       0.0
  L1     97/97     7.51 GB   0.0     70.4    20.2     50.1      69.4      69.4     19.3       0.0   3.4    380.9    375.9    189.17            213.69        17   11.128     71M   921K       0.0       0.0
  L2    153/0     11.60 GB   0.3      5.6     3.0      2.6       5.4       5.4      2.8       8.8   1.8     23.9     23.1    240.64             16.95        27    8.913   5725K   196K       0.0       0.0
 Sum    260/105   19.91 GB   0.0     94.4    23.2     71.2     114.3     114.3     43.1       8.8   5.4     89.7    108.7   1077.20            313.40       463    2.327    117M  1135K       0.0       0.0
 Int      0/0      0.00 KB   0.0      8.3     3.8      4.5       8.9       8.9      4.4       0.0  10.5     87.4     94.2     96.88             25.05        17    5.699   9284K   213K       0.0       0.0

** Compaction Stats [default] **
Priority    Files   Size     Score Read(GB)  Rn(GB) Rnp1(GB) Write(GB) WPreComp(GB) Wnew(GB) Moved(GB) W-Amp Rd(MB/s) Wr(MB/s) Comp(sec) CompMergeCPU(sec) Comp(cnt) Avg(sec) KeyIn KeyDrop Rblob(GB) Wblob(GB)
----------------------------------------------------------------------------------------------------------------------------------------------------------------------------------------------------------------
 Low      0/0      0.00 KB   0.0     94.4    23.2     71.2      93.3      93.3     22.1       0.0   0.0    150.4    148.6    642.92            277.65       118    5.448     96M  1135K       0.0       0.0
High      0/0      0.00 KB   0.0      0.0     0.0      0.0      21.0      21.0     21.0       0.0   0.0      0.0     49.6    434.28             35.75       345    1.259     21M      0       0.0       0.0

Blob file count: 0, total size: 0.0 GB, garbage size: 0.0 GB, space amp: 0.0

Uptime(secs): 288.3 total, 44.2 interval
Flush(GB): cumulative 21.031, interval 0.852
AddFile(GB): cumulative 0.000, interval 0.000
AddFile(Total Files): cumulative 0, interval 0
AddFile(L0 Files): cumulative 0, interval 0
AddFile(Keys): cumulative 0, interval 0
Cumulative compaction: 114.31 GB write, 406.06 MB/s write, 94.40 GB read, 335.35 MB/s read, 1077.2 seconds
Interval compaction: 8.91 GB write, 206.41 MB/s write, 8.27 GB read, 191.56 MB/s read, 96.9 seconds
Estimated pending compaction bytes: 19992688739
Write Stall (count): cf-l0-file-count-limit-delays-with-ongoing-compaction: 20, cf-l0-file-count-limit-stops-with-ongoing-compaction: 0, l0-file-count-limit-delays: 20, l0-file-count-limit-stops: 0, memtable-limit-delays: 0, memtable-limit-stops: 220, pending-compaction-bytes-delays: 0, pending-compaction-bytes-stops: 0, total-delays: 20, total-stops: 220
interval: 13 total count
Block cache AutoHyperClockCache@0x6043b84412d0#2239720 capacity: 512.00 MB seed: 1 usage: 5.59 MB table_size: 2543 occupancy: 1326 collections: 2 last_copies: 1 last_secs: 0.000232 secs_since: 104
Block cache entry stats(count,size,portion): Misc(1326,5.43 MB,1.0608%)

** File Read Latency Histogram By Level [default] **
** Level 0 read latency histogram (micros):
Count: 9884809 Average: 2.6924  StdDev: 1444.54
Min: 0  Median: 0.8316  Max: 3176910
Percentiles: P50: 0.83 P75: 1.43 P99: 2.91 P99.9: 3.92 P99.99: 4.52
------------------------------------------------------
[       0,       1 ]  5943256  60.125%  60.125% ############
(       1,       2 ]  3436597  34.766%  94.892% #######
(       2,       3 ]   447991   4.532%  99.424% #
(       3,       4 ]    51239   0.518%  99.942% 
(       4,       6 ]    18184   0.184% 100.126% 
(       6,      10 ]    10086   0.102% 100.228% 
(      10,      15 ]     3593   0.036% 100.264% 
(      15,      22 ]     2125   0.021% 100.286% 
(      22,      34 ]      139   0.001% 100.287% 
(      34,      51 ]       29   0.000% 100.288% 
(      51,      76 ]      120   0.001% 100.289% 
(      76,     110 ]      245   0.002% 100.291% 
(     110,     170 ]       14   0.000% 100.291% 
(     170,     250 ]        4   0.000% 100.291% 
(     250,     380 ]        5   0.000% 100.292% 
(     380,     580 ]        3   0.000% 100.292% 
(     580,     870 ]       18   0.000% 100.292% 
(     870,    1300 ]       45   0.000% 100.292% 
(    1300,    1900 ]       20   0.000% 100.292% 
(    1900,    2900 ]        6   0.000% 100.292% 
(    4400,    6600 ]        1   0.000% 100.292% 
(    6600,    9900 ]        2   0.000% 100.292% 
(   14000,   22000 ]        2   0.000% 100.293% 
(   22000,   33000 ]        1   0.000% 100.293% 
(   33000,   50000 ]        7   0.000% 100.293% 
(   50000,   75000 ]        9   0.000% 100.293% 
(   75000,  110000 ]       16   0.000% 100.293% 
(  110000,  170000 ]        7   0.000% 100.293% 
(  170000,  250000 ]       10   0.000% 100.293% 
(  250000,  380000 ]        2   0.000% 100.293% 
( 2900000, 4300000 ]        2   0.000% 100.293% 

** Level 1 read latency histogram (micros):
Count: 14990203 Average: 1.4007  StdDev: 2.57
Min: 0  Median: 0.7609  Max: 4030
Percentiles: P50: 0.76 P75: 1.30 P99: 2.66 P99.9: 2.96 P99.99: 2.99
------------------------------------------------------
[       0,       1 ]  9850171  65.711%  65.711% #############
(       1,       2 ]  4690927  31.293%  97.004% ######
(       2,       3 ]   452582   3.019% 100.023% #
(       3,       4 ]    58866   0.393% 100.416% 
(       4,       6 ]    19598   0.131% 100.547% 
(       6,      10 ]    16029   0.107% 100.654% 
(      10,      15 ]     4341   0.029% 100.683% 
(      15,      22 ]     2610   0.017% 100.700% 
(      22,      34 ]      252   0.002% 100.702% 
(      34,      51 ]       80   0.001% 100.702% 
(      51,      76 ]      181   0.001% 100.703% 
(      76,     110 ]      229   0.002% 100.705% 
(     110,     170 ]      257   0.002% 100.707% 
(     170,     250 ]      132   0.001% 100.707% 
(     250,     380 ]       11   0.000% 100.708% 
(     380,     580 ]        3   0.000% 100.708% 
(     580,     870 ]        9   0.000% 100.708% 
(     870,    1300 ]        2   0.000% 100.708% 
(    1300,    1900 ]        2   0.000% 100.708% 
(    1900,    2900 ]        4   0.000% 100.708% 
(    2900,    4400 ]        4   0.000% 100.708% 

** Level 2 read latency histogram (micros):
Count: 16366 Average: 66.6206  StdDev: 2067.73
Min: 0  Median: 0.7155  Max: 116987
Percentiles: P50: 0.72 P75: 1.19 P99: 8.89 P99.9: 27991.33 P99.99: 98859.50
------------------------------------------------------
[       0,       1 ]    11437  69.883%  69.883% ##############
(       1,       2 ]     4423  27.026%  96.908% #####
(       2,       3 ]      255   1.558%  98.466% 
(       3,       4 ]       13   0.079%  98.546% 
(       4,       6 ]       23   0.141%  98.686% 
(       6,      10 ]       71   0.434%  99.120% 
(      10,      15 ]       16   0.098%  99.218% 
(      15,      22 ]        9   0.055%  99.273% 
(      22,      34 ]        2   0.012%  99.285% 
(      34,      51 ]        9   0.055%  99.340% 
(      51,      76 ]       44   0.269%  99.609% 
(      76,     110 ]       39   0.238%  99.847% 
(     250,     380 ]        1   0.006%  99.853% 
(    1300,    1900 ]        1   0.006%  99.859% 
(    1900,    2900 ]        2   0.012%  99.872% 
(    9900,   14000 ]        2   0.012%  99.884% 
(   14000,   22000 ]        1   0.006%  99.890% 
(   22000,   33000 ]        3   0.018%  99.908% 
(   33000,   50000 ]        6   0.037%  99.945% 
(   50000,   75000 ]        6   0.037%  99.982% 
(   75000,  110000 ]        2   0.012%  99.994% 
(  110000,  170000 ]        1   0.006% 100.000% 


** DB Stats **
Uptime(secs): 288.3 total, 37.6 interval
Cumulative writes: 21M writes, 21M keys, 2740K commit groups, 7.8 writes per commit group, ingest: 20.84 GB, 74.03 MB/s
Cumulative WAL: 21M writes, 0 syncs, 21403258.00 writes per sync, written: 20.84 GB, 74.03 MB/s
Cumulative stall: 00:04:1.108 H:M:S, 83.6 percent
Interval writes: 676K writes, 676K keys, 92K commit groups, 7.3 writes per commit group, ingest: 674.50 MB, 17.93 MB/s
Interval WAL: 676K writes, 0 syncs, 676401.00 writes per sync, written: 0.66 GB, 17.93 MB/s
Interval stall: 00:00:29.085 H:M:S, 77.3 percent
Write Stall (count): write-buffer-manager-limit-stops: 0
num-running-compactions: 2
num-running-flushes: 1

2026/08/31-09:38:55  ... thread 10: (42000,1338000) ops and (1117.1,4641.6) ops/second in (37.598031,288.261251) seconds
2026/08/31-09:38:55  ... thread 12: (42000,1338000) ops and (1116.8,4641.6) ops/second in (37.606223,288.264687) seconds
2026/08/31-09:38:55  ... thread 15: (44000,1338000) ops and (1169.0,4641.5) ops/second in (37.637597,288.267955) seconds
2026/08/31-09:38:55  ... thread 3: (42000,1338000) ops and (1116.7,4641.5) ops/second in (37.610466,288.268872) seconds
2026/08/31-09:38:55  ... thread 8: (43000,1340000) ops and (1142.4,4648.4) ops/second in (37.641493,288.268931) seconds
2026/08/31-09:38:55  ... thread 9: (42000,1338000) ops and (1116.8,4641.5) ops/second in (37.609110,288.270581) seconds
2026/08/31-09:38:55  ... thread 5: (43000,1340000) ops and (1142.4,4648.3) ops/second in (37.639139,288.274447) seconds
2026/08/31-09:38:55  ... thread 13: (43000,1339000) ops and (1142.4,4644.9) ops/second in (37.641606,288.276188) seconds
2026/08/31-09:38:55  ... thread 7: (43000,1339000) ops and (1142.6,4644.8) ops/second in (37.633960,288.276941) seconds
2026/08/31-09:38:55  ... thread 1: (43000,1337000) ops and (1142.1,4637.9) ops/second in (37.649696,288.278550) seconds
2026/08/31-09:38:55  ... thread 6: (43000,1336000) ops and (1142.3,4634.4) ops/second in (37.641724,288.280813) seconds
2026/08/31-09:38:55  ... thread 4: (43000,1338000) ops and (1142.2,4641.3) ops/second in (37.646060,288.282627) seconds
2026/08/31-09:39:26  ... thread 5: (54000,1394000) ops and (1784.6,4376.3) ops/second in (30.258378,318.532825) seconds
2026/08/31-09:39:26  ... thread 8: (54000,1394000) ops and (1784.2,4376.3) ops/second in (30.266455,318.535386) seconds
2026/08/31-09:39:26  ... thread 15: (54000,1392000) ops and (1784.0,4370.0) ops/second in (30.268419,318.536374) seconds
2026/08/31-09:39:26  ... thread 3: (54000,1392000) ops and (1784.1,4370.0) ops/second in (30.267334,318.536206) seconds
2026/08/31-09:39:26  ... thread 10: (54000,1392000) ops and (1783.6,4370.0) ops/second in (30.275609,318.536860) seconds
2026/08/31-09:39:26  ... thread 12: (54000,1392000) ops and (1783.7,4370.0) ops/second in (30.273805,318.538492) seconds
2026/08/31-09:39:26  ... thread 13: (54000,1393000) ops and (1784.4,4373.1) ops/second in (30.262590,318.538778) seconds
2026/08/31-09:39:26  ... thread 6: (54000,1390000) ops and (1784.4,4363.6) ops/second in (30.262086,318.542899) seconds
2026/08/31-09:39:26  ... thread 1: (54000,1391000) ops and (1784.2,4366.7) ops/second in (30.266507,318.545057) seconds
2026/08/31-09:39:26  ... thread 7: (54000,1393000) ops and (1783.9,4373.0) ops/second in (30.270129,318.547070) seconds
2026/08/31-09:39:26  ... thread 11: (55000,1392000) ops and (1815.6,4369.8) ops/second in (30.293216,318.548343) seconds
2026/08/31-09:39:26  ... thread 2: (55000,1393000) ops and (1815.6,4372.9) ops/second in (30.293064,318.552560) seconds
2026/08/31-09:39:26  ... thread 4: (54000,1392000) ops and (1783.8,4369.7) ops/second in (30.272320,318.554947) seconds
2026/08/31-09:39:26  ... thread 0: (55000,1392000) ops and (1815.3,4369.7) ops/second in (30.297462,318.556160) seconds

** Compaction Stats [default] **
Level    Files   Size     Score Read(GB)  Rn(GB) Rnp1(GB) Write(GB) WPreComp(GB) Wnew(GB) Moved(GB) W-Amp Rd(MB/s) Wr(MB/s) Comp(sec) CompMergeCPU(sec) Comp(cnt) Avg(sec) KeyIn KeyDrop Rblob(GB) Wblob(GB)
-------------------------------------------------------------------------------------------------------------------------------------------------------------------------------------------------------------
  L0      7/0      1.22 GB   3.5     19.5     0.0     19.5      41.3      41.3     21.9       0.0   1.9     26.9     57.2    739.37             86.98       437    1.692     42M    18K       0.0       0.0
  L1     80/6      5.61 GB   1.2     78.3    20.6     57.7      77.4      77.4     19.7       0.0   3.7    366.2    361.7    218.97            236.14        18   12.165     79M   954K       0.0       0.0
  L2    204/7     13.72 GB   0.3      9.7     5.3      4.4       9.3       9.3      4.9       8.8   1.8     22.0     21.2    451.08             27.79        44   10.252   9881K   379K       0.0       0.0
 Sum    291/13    20.55 GB   0.0    107.5    25.9     81.5     128.0     128.0     46.5       8.8   5.8     78.1     93.0   1409.41            350.92       499    2.824    131M  1352K       0.0       0.0
 Int      0/0      0.00 KB   0.0      4.6     2.3      2.3       4.9       4.9      2.5       0.0  11.4     18.4     19.3    258.29             13.00        26    9.934   5149K   183K       0.0       0.0

** Compaction Stats [default] **
Priority    Files   Size     Score Read(GB)  Rn(GB) Rnp1(GB) Write(GB) WPreComp(GB) Wnew(GB) Moved(GB) W-Amp Rd(MB/s) Wr(MB/s) Comp(sec) CompMergeCPU(sec) Comp(cnt) Avg(sec) KeyIn KeyDrop Rblob(GB) Wblob(GB)
----------------------------------------------------------------------------------------------------------------------------------------------------------------------------------------------------------------
 Low      0/0      0.00 KB   0.0    107.5    25.9     81.5     106.1     106.1     24.6       0.0   0.0    119.3    117.8    922.14            313.61       140    6.587    109M  1352K       0.0       0.0
High      0/0      0.00 KB   0.0      0.0     0.0      0.0      21.9      21.9     21.9       0.0   0.0      0.0     46.0    487.27             37.31       359    1.357     22M      0       0.0       0.0

Blob file count: 0, total size: 0.0 GB, garbage size: 0.0 GB, space amp: 0.0

Uptime(secs): 318.6 total, 14.5 interval
Flush(GB): cumulative 21.885, interval 0.426
AddFile(GB): cumulative 0.000, interval 0.000
AddFile(Total Files): cumulative 0, interval 0
AddFile(L0 Files): cumulative 0, interval 0
AddFile(Keys): cumulative 0, interval 0
Cumulative compaction: 128.01 GB write, 411.48 MB/s write, 107.46 GB read, 345.43 MB/s read, 1409.4 seconds
Interval compaction: 4.88 GB write, 344.39 MB/s write, 4.63 GB read, 327.03 MB/s read, 258.3 seconds
Estimated pending compaction bytes: 16458362054
Write Stall (count): cf-l0-file-count-limit-delays-with-ongoing-compaction: 20, cf-l0-file-count-limit-stops-with-ongoing-compaction: 0, l0-file-count-limit-delays: 20, l0-file-count-limit-stops: 0, memtable-limit-delays: 0, memtable-limit-stops: 238, pending-compaction-bytes-delays: 0, pending-compaction-bytes-stops: 0, total-delays: 20, total-stops: 238
interval: 12 total count
Block cache AutoHyperClockCache@0x6043b84412d0#2239720 capacity: 512.00 MB seed: 1 usage: 5.59 MB table_size: 2543 occupancy: 1326 collections: 2 last_copies: 2 last_secs: 0.000232 secs_since: 134
Block cache entry stats(count,size,portion): Misc(1326,5.43 MB,1.0608%)

** File Read Latency Histogram By Level [default] **
** Level 0 read latency histogram (micros):
Count: 10125877 Average: 2.7706  StdDev: 1431.71
Min: 0  Median: 0.8269  Max: 3176910
Percentiles: P50: 0.83 P75: 1.42 P99: 2.90 P99.9: 3.93 P99.99: 4.58
------------------------------------------------------
[       0,       1 ]  6122677  60.466%  60.466% ############
(       1,       2 ]  3492148  34.487%  94.953% #######
(       2,       3 ]   452971   4.473%  99.426% #
(       3,       4 ]    51761   0.511%  99.938% 
(       4,       6 ]    18449   0.182% 100.120% 
(       6,      10 ]    10259   0.101% 100.221% 
(      10,      15 ]     3673   0.036% 100.257% 
(      15,      22 ]     2183   0.022% 100.279% 
(      22,      34 ]      140   0.001% 100.280% 
(      34,      51 ]       29   0.000% 100.281% 
(      51,      76 ]      123   0.001% 100.282% 
(      76,     110 ]      256   0.003% 100.284% 
(     110,     170 ]       14   0.000% 100.284% 
(     170,     250 ]        5   0.000% 100.285% 
(     250,     380 ]        5   0.000% 100.285% 
(     380,     580 ]        3   0.000% 100.285% 
(     580,     870 ]       19   0.000% 100.285% 
(     870,    1300 ]       46   0.000% 100.285% 
(    1300,    1900 ]       20   0.000% 100.285% 
(    1900,    2900 ]        8   0.000% 100.286% 
(    4400,    6600 ]        1   0.000% 100.286% 
(    6600,    9900 ]        2   0.000% 100.286% 
(   14000,   22000 ]        2   0.000% 100.286% 
(   22000,   33000 ]        1   0.000% 100.286% 
(   33000,   50000 ]        8   0.000% 100.286% 
(   50000,   75000 ]       11   0.000% 100.286% 
(   75000,  110000 ]       24   0.000% 100.286% 
(  110000,  170000 ]        7   0.000% 100.286% 
(  170000,  250000 ]       11   0.000% 100.286% 
(  250000,  380000 ]        2   0.000% 100.286% 
( 2900000, 4300000 ]        2   0.000% 100.286% 

** Level 1 read latency histogram (micros):
Count: 16810986 Average: 1.3923  StdDev: 2.96
Min: 0  Median: 0.7514  Max: 4030
Percentiles: P50: 0.75 P75: 1.28 P99: 2.67 P99.9: 2.96 P99.99: 2.99
------------------------------------------------------
[       0,       1 ] 11186762  66.544%  66.544% #############
(       1,       2 ]  5116243  30.434%  96.978% ######
(       2,       3 ]   509340   3.030% 100.008% #
(       3,       4 ]    65074   0.387% 100.395% 
(       4,       6 ]    22072   0.131% 100.526% 
(       6,      10 ]    17716   0.105% 100.632% 
(      10,      15 ]     4896   0.029% 100.661% 
(      15,      22 ]     3042   0.018% 100.679% 
(      22,      34 ]      280   0.002% 100.681% 
(      34,      51 ]       88   0.001% 100.681% 
(      51,      76 ]      202   0.001% 100.682% 
(      76,     110 ]      256   0.002% 100.684% 
(     110,     170 ]      287   0.002% 100.686% 
(     170,     250 ]      153   0.001% 100.687% 
(     250,     380 ]       13   0.000% 100.687% 
(     380,     580 ]        3   0.000% 100.687% 
(     580,     870 ]        9   0.000% 100.687% 
(     870,    1300 ]        2   0.000% 100.687% 
(    1300,    1900 ]        2   0.000% 100.687% 
(    1900,    2900 ]        4   0.000% 100.687% 
(    2900,    4400 ]        9   0.000% 100.687% 

** Level 2 read latency histogram (micros):
Count: 109502 Average: 18.1613  StdDev: 1049.93
Min: 0  Median: 0.6715  Max: 150455
Percentiles: P50: 0.67 P75: 1.02 P99: 2.72 P99.9: 49.18 P99.99: 91.33
------------------------------------------------------
[       0,       1 ]    81530  74.455%  74.455% ###############
(       1,       2 ]    25682  23.453%  97.909% #####
(       2,       3 ]     1666   1.521%  99.430% 
(       3,       4 ]      107   0.098%  99.528% 
(       4,       6 ]      114   0.104%  99.632% 
(       6,      10 ]      177   0.162%  99.794% 
(      10,      15 ]       57   0.052%  99.846% 
(      15,      22 ]       35   0.032%  99.878% 
(      22,      34 ]       12   0.011%  99.889% 
(      34,      51 ]       14   0.013%  99.901% 
(      51,      76 ]       70   0.064%  99.965% 
(      76,     110 ]       60   0.055% 100.020% 
(     110,     170 ]        4   0.004% 100.024% 
(     170,     250 ]        2   0.002% 100.026% 
(     250,     380 ]        1   0.001% 100.026% 
(     380,     580 ]        2   0.002% 100.028% 
(    1300,    1900 ]        1   0.001% 100.029% 
(    1900,    2900 ]        2   0.002% 100.031% 
(    9900,   14000 ]        2   0.002% 100.033% 
(   14000,   22000 ]        1   0.001% 100.034% 
(   22000,   33000 ]        4   0.004% 100.037% 
(   33000,   50000 ]       18   0.016% 100.054% 
(   50000,   75000 ]        6   0.005% 100.059% 
(   75000,  110000 ]        2   0.002% 100.061% 
(  110000,  170000 ]        2   0.002% 100.063% 


** DB Stats **
Uptime(secs): 318.6 total, 14.5 interval
Cumulative writes: 22M writes, 22M keys, 2852K commit groups, 7.8 writes per commit group, ingest: 21.70 GB, 69.75 MB/s
Cumulative WAL: 22M writes, 0 syncs, 22283010.00 writes per sync, written: 21.70 GB, 69.75 MB/s
Cumulative stall: 00:04:30.011 H:M:S, 84.8 percent
Interval writes: 322K writes, 322K keys, 41K commit groups, 7.7 writes per commit group, ingest: 321.58 MB, 22.16 MB/s
Interval WAL: 322K writes, 0 syncs, 322500.00 writes per sync, written: 0.31 GB, 22.16 MB/s
Interval stall: 00:00:15.810 H:M:S, 109.0 percent
Write Stall (count): write-buffer-manager-limit-stops: 0
num-running-compactions: 8
num-running-flushes: 0

2026/08/31-09:39:26  ... thread 14: (55000,1392000) ops and (1815.1,4369.7) ops/second in (30.301183,318.557200) seconds
2026/08/31-09:39:26  ... thread 9: (55000,1393000) ops and (1815.8,4372.8) ops/second in (30.289907,318.560488) seconds
2026/08/31-09:39:56  ... thread 0: (82000,1474000) ops and (2720.3,4227.1) ops/second in (30.143427,348.699587) seconds
2026/08/31-09:39:56  ... thread 11: (82000,1474000) ops and (2719.5,4227.1) ops/second in (30.152144,348.700487) seconds

** Compaction Stats [default] **
Level    Files   Size     Score Read(GB)  Rn(GB) Rnp1(GB) Write(GB) WPreComp(GB) Wnew(GB) Moved(GB) W-Amp Rd(MB/s) Wr(MB/s) Comp(sec) CompMergeCPU(sec) Comp(cnt) Avg(sec) KeyIn KeyDrop Rblob(GB) Wblob(GB)
-------------------------------------------------------------------------------------------------------------------------------------------------------------------------------------------------------------
  L0      5/4    748.47 MB   0.5     20.6     0.0     20.6      43.7      43.7     23.1       0.0   1.9     26.4     56.0    798.31             92.00       462    1.728     44M    19K       0.0       0.0
  L1     91/91     6.53 GB   0.0     84.9    22.4     62.6      83.9      83.9     21.3       0.0   3.8    358.4    354.0    242.61            255.22        19   12.769     86M  1049K       0.0       0.0
  L2    220/0     14.34 GB   0.4     11.1     6.0      5.1      10.7      10.7      5.5       8.8   1.8     23.1     22.2    493.40             31.94        50    9.868     11M   449K       0.0       0.0
 Sum    316/95    21.60 GB   0.0    116.6    28.3     88.3     138.3     138.3     50.0       8.8   6.0     77.8     92.3   1534.32            379.15       531    2.889    142M  1518K       0.0       0.0
 Int      0/0      0.00 KB   0.0     13.8     4.7      9.1      15.1      15.1      6.1       0.0   8.9     36.8     40.4    383.19             41.24        58    6.607     15M   350K       0.0       0.0

** Compaction Stats [default] **
Priority    Files   Size     Score Read(GB)  Rn(GB) Rnp1(GB) Write(GB) WPreComp(GB) Wnew(GB) Moved(GB) W-Amp Rd(MB/s) Wr(MB/s) Comp(sec) CompMergeCPU(sec) Comp(cnt) Avg(sec) KeyIn KeyDrop Rblob(GB) Wblob(GB)
----------------------------------------------------------------------------------------------------------------------------------------------------------------------------------------------------------------
 Low      0/0      0.00 KB   0.0    116.6    28.3     88.3     115.1     115.1     26.8       0.0   0.0    118.4    116.9   1008.52            339.68       151    6.679    118M  1518K       0.0       0.0
High      0/0      0.00 KB   0.0      0.0     0.0      0.0      23.2      23.2     23.2       0.0   0.0      0.0     45.1    525.80             39.47       380    1.384     23M      0       0.0       0.0

Blob file count: 0, total size: 0.0 GB, garbage size: 0.0 GB, space amp: 0.0

Uptime(secs): 348.7 total, 44.7 interval
Flush(GB): cumulative 23.165, interval 1.706
AddFile(GB): cumulative 0.000, interval 0.000
AddFile(Total Files): cumulative 0, interval 0
AddFile(L0 Files): cumulative 0, interval 0
AddFile(Keys): cumulative 0, interval 0
Cumulative compaction: 138.25 GB write, 405.99 MB/s write, 116.59 GB read, 342.38 MB/s read, 1534.3 seconds
Interval compaction: 15.12 GB write, 346.84 MB/s write, 13.76 GB read, 315.62 MB/s read, 383.2 seconds
Estimated pending compaction bytes: 18202327722
Write Stall (count): cf-l0-file-count-limit-delays-with-ongoing-compaction: 20, cf-l0-file-count-limit-stops-with-ongoing-compaction: 0, l0-file-count-limit-delays: 20, l0-file-count-limit-stops: 0, memtable-limit-delays: 0, memtable-limit-stops: 256, pending-compaction-bytes-delays: 0, pending-compaction-bytes-stops: 0, total-delays: 20, total-stops: 256
interval: 30 total count
Block cache AutoHyperClockCache@0x6043b84412d0#2239720 capacity: 512.00 MB seed: 1 usage: 5.59 MB table_size: 2543 occupancy: 1326 collections: 2 last_copies: 2 last_secs: 0.000232 secs_since: 164
Block cache entry stats(count,size,portion): Misc(1326,5.43 MB,1.0608%)

** File Read Latency Histogram By Level [default] **
** Level 0 read latency histogram (micros):
Count: 10861327 Average: 2.7385  StdDev: 1384.64
Min: 0  Median: 0.8264  Max: 3176910
Percentiles: P50: 0.83 P75: 1.42 P99: 2.91 P99.9: 3.95 P99.99: 4.69
------------------------------------------------------
[       0,       1 ]  6571336  60.502%  60.502% ############
(       1,       2 ]  3738773  34.423%  94.925% #######
(       2,       3 ]   487140   4.485%  99.410% #
(       3,       4 ]    56032   0.516%  99.926% 
(       4,       6 ]    20065   0.185% 100.111% 
(       6,      10 ]    11021   0.101% 100.212% 
(      10,      15 ]     3928   0.036% 100.248% 
(      15,      22 ]     2310   0.021% 100.270% 
(      22,      34 ]      153   0.001% 100.271% 
(      34,      51 ]       31   0.000% 100.271% 
(      51,      76 ]      130   0.001% 100.272% 
(      76,     110 ]      274   0.003% 100.275% 
(     110,     170 ]       14   0.000% 100.275% 
(     170,     250 ]        5   0.000% 100.275% 
(     250,     380 ]        5   0.000% 100.275% 
(     380,     580 ]        3   0.000% 100.275% 
(     580,     870 ]       19   0.000% 100.275% 
(     870,    1300 ]       47   0.000% 100.276% 
(    1300,    1900 ]       22   0.000% 100.276% 
(    1900,    2900 ]        9   0.000% 100.276% 
(    4400,    6600 ]        1   0.000% 100.276% 
(    6600,    9900 ]        2   0.000% 100.276% 
(   14000,   22000 ]        2   0.000% 100.276% 
(   22000,   33000 ]        2   0.000% 100.276% 
(   33000,   50000 ]       10   0.000% 100.276% 
(   50000,   75000 ]       11   0.000% 100.276% 
(   75000,  110000 ]       25   0.000% 100.277% 
(  110000,  170000 ]       10   0.000% 100.277% 
(  170000,  250000 ]       11   0.000% 100.277% 
(  250000,  380000 ]        2   0.000% 100.277% 
( 2900000, 4300000 ]        2   0.000% 100.277% 

** Level 1 read latency histogram (micros):
Count: 18459657 Average: 1.3894  StdDev: 2.84
Min: 0  Median: 0.7493  Max: 4030
Percentiles: P50: 0.75 P75: 1.27 P99: 2.66 P99.9: 2.96 P99.99: 2.99
------------------------------------------------------
[       0,       1 ] 12317349  66.726%  66.726% #############
(       1,       2 ]  5590488  30.285%  97.011% ######
(       2,       3 ]   553918   3.001% 100.011% #
(       3,       4 ]    69672   0.377% 100.389% 
(       4,       6 ]    23973   0.130% 100.519% 
(       6,      10 ]    19298   0.105% 100.623% 
(      10,      15 ]     5362   0.029% 100.652% 
(      15,      22 ]     3333   0.018% 100.670% 
(      22,      34 ]      304   0.002% 100.672% 
(      34,      51 ]       92   0.000% 100.672% 
(      51,      76 ]      227   0.001% 100.674% 
(      76,     110 ]      291   0.002% 100.675% 
(     110,     170 ]      310   0.002% 100.677% 
(     170,     250 ]      157   0.001% 100.678% 
(     250,     380 ]       13   0.000% 100.678% 
(     380,     580 ]        3   0.000% 100.678% 
(     580,     870 ]        9   0.000% 100.678% 
(     870,    1300 ]        2   0.000% 100.678% 
(    1300,    1900 ]        2   0.000% 100.678% 
(    1900,    2900 ]        4   0.000% 100.678% 
(    2900,    4400 ]        9   0.000% 100.678% 

** Level 2 read latency histogram (micros):
Count: 109594 Average: 18.5440  StdDev: 1053.41
Min: 0  Median: 0.6719  Max: 150455
Percentiles: P50: 0.67 P75: 1.03 P99: 2.75 P99.9: 57.44 P99.99: 93.81
------------------------------------------------------
[       0,       1 ]    81550  74.411%  74.411% ###############
(       1,       2 ]    25704  23.454%  97.865% #####
(       2,       3 ]     1669   1.523%  99.388% 
(       3,       4 ]      107   0.098%  99.485% 
(       4,       6 ]      116   0.106%  99.591% 
(       6,      10 ]      191   0.174%  99.765% 
(      10,      15 ]       61   0.056%  99.821% 
(      15,      22 ]       37   0.034%  99.855% 
(      22,      34 ]       12   0.011%  99.866% 
(      34,      51 ]       15   0.014%  99.880% 
(      51,      76 ]       87   0.079%  99.959% 
(      76,     110 ]       65   0.059% 100.018% 
(     110,     170 ]        4   0.004% 100.022% 
(     170,     250 ]        2   0.002% 100.024% 
(     250,     380 ]        1   0.001% 100.025% 
(     380,     580 ]        2   0.002% 100.026% 
(    1300,    1900 ]        1   0.001% 100.027% 
(    1900,    2900 ]        2   0.002% 100.029% 
(    9900,   14000 ]        2   0.002% 100.031% 
(   14000,   22000 ]        2   0.002% 100.033% 
(   22000,   33000 ]        5   0.005% 100.037% 
(   33000,   50000 ]       18   0.016% 100.054% 
(   50000,   75000 ]        6   0.005% 100.059% 
(   75000,  110000 ]        2   0.002% 100.061% 
(  110000,  170000 ]        2   0.002% 100.063% 


** DB Stats **
Uptime(secs): 348.7 total, 30.1 interval
Cumulative writes: 23M writes, 23M keys, 3019K commit groups, 7.8 writes per commit group, ingest: 22.97 GB, 67.46 MB/s
Cumulative WAL: 23M writes, 0 syncs, 23591332.00 writes per sync, written: 22.97 GB, 67.46 MB/s
Cumulative stall: 00:04:55.540 H:M:S, 84.8 percent
Interval writes: 1308K writes, 1308K keys, 166K commit groups, 7.8 writes per commit group, ingest: 1304.52 MB, 43.28 MB/s
Interval WAL: 1308K writes, 0 syncs, 1308322.00 writes per sync, written: 1.27 GB, 43.28 MB/s
Interval stall: 00:00:25.529 H:M:S, 84.7 percent
Write Stall (count): write-buffer-manager-limit-stops: 0
num-running-compactions: 2
2026/08/31-09:39:56  ... thread 6: (82000,1472000) ops and (2719.0,4221.4) ops/second in (30.157644,348.700543) seconds
num-running-flushes: 1

2026/08/31-09:39:56  ... thread 12: (82000,1474000) ops and (2718.4,4227.1) ops/second in (30.164419,348.702911) seconds
2026/08/31-09:39:56  ... thread 14: (82000,1474000) ops and (2720.1,4227.1) ops/second in (30.145948,348.703148) seconds
2026/08/31-09:39:56  ... thread 10: (83000,1475000) ops and (2750.9,4229.9) ops/second in (30.171663,348.708523) seconds
2026/08/31-09:39:56  ... thread 7: (82000,1475000) ops and (2718.6,4229.9) ops/second in (30.162525,348.709595) seconds
2026/08/31-09:39:56  ... thread 4: (82000,1474000) ops and (2719.2,4227.0) ops/second in (30.156475,348.711422) seconds
2026/08/31-09:39:56  ... thread 15: (83000,1475000) ops and (2750.6,4229.9) ops/second in (30.175642,348.712016) seconds
2026/08/31-09:39:56  ... thread 2: (82000,1475000) ops and (2718.7,4229.8) ops/second in (30.161655,348.714215) seconds
2026/08/31-09:39:56  ... thread 9: (82000,1475000) ops and (2719.4,4229.8) ops/second in (30.154101,348.714589) seconds
2026/08/31-09:39:56  ... thread 8: (83000,1477000) ops and (2750.2,4235.6) ops/second in (30.179224,348.714610) seconds
2026/08/31-09:39:56  ... thread 1: (83000,1474000) ops and (2751.1,4226.9) ops/second in (30.170013,348.715070) seconds
2026/08/31-09:39:56  ... thread 3: (83000,1475000) ops and (2750.1,4229.8) ops/second in (30.180951,348.717157) seconds
2026/08/31-09:39:56  ... thread 13: (83000,1476000) ops and (2750.0,4232.6) ops/second in (30.182201,348.720979) seconds
2026/08/31-09:39:56  ... thread 5: (83000,1477000) ops and (2749.3,4235.5) ops/second in (30.190010,348.722835) seconds
2026/08/31-09:40:28  ... thread 15: (45000,1520000) ops and (1402.7,3991.7) ops/second in (32.080731,380.792747) seconds
2026/08/31-09:40:28  ... thread 10: (45000,1520000) ops and (1402.5,3991.6) ops/second in (32.086565,380.795088) seconds
2026/08/31-09:40:28  ... thread 9: (45000,1520000) ops and (1402.6,3991.6) ops/second in (32.084012,380.798601) seconds
2026/08/31-09:40:28  ... thread 8: (45000,1522000) ops and (1402.5,3996.8) ops/second in (32.086337,380.800947) seconds
2026/08/31-09:40:28  ... thread 1: (45000,1519000) ops and (1402.4,3988.9) ops/second in (32.088118,380.803188) seconds
2026/08/31-09:40:28  ... thread 3: (45000,1520000) ops and (1402.4,3991.6) ops/second in (32.087289,380.804446) seconds
2026/08/31-09:40:28  ... thread 13: (45000,1521000) ops and (1402.4,3994.1) ops/second in (32.088017,380.808996) seconds
2026/08/31-09:40:28  ... thread 5: (45000,1522000) ops and (1402.4,3996.7) ops/second in (32.087415,380.810250) seconds
2026/08/31-09:40:28  ... thread 11: (46000,1520000) ops and (1432.3,3991.4) ops/second in (32.116062,380.816549) seconds
2026/08/31-09:40:28  ... thread 6: (46000,1518000) ops and (1432.3,3986.2) ops/second in (32.116541,380.817084) seconds
2026/08/31-09:40:28  ... thread 0: (46000,1520000) ops and (1432.2,3991.4) ops/second in (32.118840,380.818427) seconds
2026/08/31-09:40:28  ... thread 4: (46000,1520000) ops and (1432.6,3991.4) ops/second in (32.110562,380.821984) seconds
2026/08/31-09:40:28  ... thread 14: (46000,1520000) ops and (1432.1,3991.4) ops/second in (32.119779,380.822927) seconds
2026/08/31-09:40:28  ... thread 7: (46000,1521000) ops and (1432.4,3994.0) ops/second in (32.113802,380.823397) seconds
2026/08/31-09:40:28  ... thread 12: (46000,1520000) ops and (1432.1,3991.3) ops/second in (32.120860,380.823771) seconds
2026/08/31-09:40:28  ... thread 2: (46000,1521000) ops and (1432.6,3994.0) ops/second in (32.110310,380.824525) seconds

** Compaction Stats [default] **
Level    Files   Size     Score Read(GB)  Rn(GB) Rnp1(GB) Write(GB) WPreComp(GB) Wnew(GB) Moved(GB) W-Amp Rd(MB/s) Wr(MB/s) Comp(sec) CompMergeCPU(sec) Comp(cnt) Avg(sec) KeyIn KeyDrop Rblob(GB) Wblob(GB)
-------------------------------------------------------------------------------------------------------------------------------------------------------------------------------------------------------------
  L0      8/4    872.42 MB   2.0     21.0     0.0     21.0      44.9      44.9     23.9       0.0   1.9     25.3     54.1    850.44             94.53       476    1.787     45M    20K       0.0       0.0
  L1    107/23     7.15 GB   1.3     92.1    23.0     69.1      91.0      91.0     21.9       0.0   4.0    350.4    346.3    269.16            276.19        20   13.458     93M  1094K       0.0       0.0
  L2    220/25    14.34 GB   0.3     11.2     6.0      5.2      10.8      10.8      5.6       8.8   1.8     23.1     22.2    496.98             32.25        51    9.745     11M   454K       0.0       0.0
 Sum    335/52    22.35 GB   0.0    124.4    29.0     95.3     146.7     146.7     51.4       8.8   6.1     78.8     92.9   1616.58            402.97       547    2.955    150M  1569K       0.0       0.0
 Int      0/0      0.00 KB   0.0      7.8     0.7      7.1       8.2       8.2      1.1       0.0  16.9    125.9    133.0     63.34             23.37        12    5.278   8420K    50K       0.0       0.0

** Compaction Stats [default] **
Priority    Files   Size     Score Read(GB)  Rn(GB) Rnp1(GB) Write(GB) WPreComp(GB) Wnew(GB) Moved(GB) W-Amp Rd(MB/s) Wr(MB/s) Comp(sec) CompMergeCPU(sec) Comp(cnt) Avg(sec) KeyIn KeyDrop Rblob(GB) Wblob(GB)
----------------------------------------------------------------------------------------------------------------------------------------------------------------------------------------------------------------
 Low      0/0      0.00 KB   0.0    124.4    29.0     95.3     122.8     122.8     27.5       0.0   0.0    120.7    119.2   1055.21            362.20       155    6.808    126M  1569K       0.0       0.0
High      0/0      0.00 KB   0.0      0.0     0.0      0.0      23.9      23.9     23.9       0.0   0.0      0.0     43.6    561.38             40.77       392    1.432     24M      0       0.0       0.0

Blob file count: 0, total size: 0.0 GB, garbage size: 0.0 GB, space amp: 0.0

Uptime(secs): 380.8 total, 16.8 interval
Flush(GB): cumulative 23.895, interval 0.487
AddFile(GB): cumulative 0.000, interval 0.000
AddFile(Total Files): cumulative 0, interval 0
AddFile(L0 Files): cumulative 0, interval 0
AddFile(Keys): cumulative 0, interval 0
Cumulative compaction: 146.72 GB write, 394.51 MB/s write, 124.38 GB read, 334.44 MB/s read, 1616.6 seconds
Interval compaction: 8.22 GB write, 502.25 MB/s write, 7.79 GB read, 475.55 MB/s read, 63.3 seconds
Estimated pending compaction bytes: 20597104422
Write Stall (count): cf-l0-file-count-limit-delays-with-ongoing-compaction: 20, cf-l0-file-count-limit-stops-with-ongoing-compaction: 0, l0-file-count-limit-delays: 20, l0-file-count-limit-stops: 0, memtable-limit-delays: 0, memtable-limit-stops: 267, pending-compaction-bytes-delays: 0, pending-compaction-bytes-stops: 0, total-delays: 20, total-stops: 267
interval: 6 total count
Block cache AutoHyperClockCache@0x6043b84412d0#2239720 capacity: 512.00 MB seed: 1 usage: 7.72 MB table_size: 3467 occupancy: 1832 collections: 3 last_copies: 0 last_secs: 0.000483 secs_since: 16
Block cache entry stats(count,size,portion): Misc(1832,7.51 MB,1.46582%)

** File Read Latency Histogram By Level [default] **
** Level 0 read latency histogram (micros):
Count: 11191961 Average: 2.7415  StdDev: 1365.50
Min: 0  Median: 0.8249  Max: 3176910
Percentiles: P50: 0.82 P75: 1.42 P99: 2.91 P99.9: 3.97 P99.99: 4.78
------------------------------------------------------
[       0,       1 ]  6783981  60.615%  60.615% ############
(       1,       2 ]  3838566  34.298%  94.912% #######
(       2,       3 ]   502450   4.489%  99.402% #
(       3,       4 ]    57784   0.516%  99.918% 
(       4,       6 ]    20755   0.185% 100.103% 
(       6,      10 ]    11376   0.102% 100.205% 
(      10,      15 ]     4039   0.036% 100.241% 
(      15,      22 ]     2387   0.021% 100.262% 
(      22,      34 ]      157   0.001% 100.264% 
(      34,      51 ]       31   0.000% 100.264% 
(      51,      76 ]      132   0.001% 100.265% 
(      76,     110 ]      283   0.003% 100.268% 
(     110,     170 ]       16   0.000% 100.268% 
(     170,     250 ]        5   0.000% 100.268% 
(     250,     380 ]        5   0.000% 100.268% 
(     380,     580 ]        3   0.000% 100.268% 
(     580,     870 ]       19   0.000% 100.268% 
(     870,    1300 ]       49   0.000% 100.269% 
(    1300,    1900 ]       22   0.000% 100.269% 
(    1900,    2900 ]        9   0.000% 100.269% 
(    4400,    6600 ]        1   0.000% 100.269% 
(    6600,    9900 ]        2   0.000% 100.269% 
(   14000,   22000 ]        2   0.000% 100.269% 
(   22000,   33000 ]        3   0.000% 100.269% 
(   33000,   50000 ]       10   0.000% 100.269% 
(   50000,   75000 ]       14   0.000% 100.269% 
(   75000,  110000 ]       26   0.000% 100.270% 
(  110000,  170000 ]       11   0.000% 100.270% 
(  170000,  250000 ]       11   0.000% 100.270% 
(  250000,  380000 ]        2   0.000% 100.270% 
( 2900000, 4300000 ]        2   0.000% 100.270% 

** Level 1 read latency histogram (micros):
Count: 20206967 Average: 1.3886  StdDev: 2.87
Min: 0  Median: 0.7477  Max: 4030
Percentiles: P50: 0.75 P75: 1.27 P99: 2.68 P99.9: 2.97 P99.99: 3.00
------------------------------------------------------
[       0,       1 ] 13513453  66.875%  66.875% #############
(       1,       2 ]  6068186  30.030%  96.905% ######
(       2,       3 ]   623156   3.084%  99.989% #
(       3,       4 ]    76986   0.381% 100.370% 
(       4,       6 ]    26616   0.132% 100.502% 
(       6,      10 ]    21024   0.104% 100.606% 
(      10,      15 ]     5859   0.029% 100.635% 
(      15,      22 ]     3640   0.018% 100.653% 
(      22,      34 ]      339   0.002% 100.655% 
(      34,      51 ]      104   0.001% 100.655% 
(      51,      76 ]      262   0.001% 100.656% 
(      76,     110 ]      325   0.002% 100.658% 
(     110,     170 ]      335   0.002% 100.660% 
(     170,     250 ]      163   0.001% 100.661% 
(     250,     380 ]       13   0.000% 100.661% 
(     380,     580 ]        4   0.000% 100.661% 
(     580,     870 ]       11   0.000% 100.661% 
(     870,    1300 ]        3   0.000% 100.661% 
(    1300,    1900 ]        2   0.000% 100.661% 
(    1900,    2900 ]        5   0.000% 100.661% 
(    2900,    4400 ]       10   0.000% 100.661% 

** Level 2 read latency histogram (micros):
Count: 252460 Average: 8.9794  StdDev: 694.13
Min: 0  Median: 0.8517  Max: 150455
Percentiles: P50: 0.85 P75: 1.44 P99: 2.95 P99.9: 5.60 P99.99: 7.01
------------------------------------------------------
[       0,       1 ]   148218  58.709%  58.709% ############
(       1,       2 ]    93256  36.939%  95.648% #######
(       2,       3 ]     8931   3.538%  99.186% #
(       3,       4 ]     1275   0.505%  99.691% 
(       4,       6 ]      659   0.261%  99.952% 
(       6,      10 ]      378   0.150% 100.102% 
(      10,      15 ]       98   0.039% 100.141% 
(      15,      22 ]       49   0.019% 100.160% 
(      22,      34 ]       12   0.005% 100.165% 
(      34,      51 ]       17   0.007% 100.172% 
(      51,      76 ]       87   0.034% 100.206% 
(      76,     110 ]       67   0.027% 100.233% 
(     110,     170 ]        4   0.002% 100.234% 
(     170,     250 ]        2   0.001% 100.235% 
(     250,     380 ]        1   0.000% 100.235% 
(     380,     580 ]        2   0.001% 100.236% 
(    1300,    1900 ]        1   0.000% 100.236% 
(    1900,    2900 ]        2   0.001% 100.237% 
(    2900,    4400 ]        1   0.000% 100.238% 
(    9900,   14000 ]        2   0.001% 100.238% 
(   14000,   22000 ]        2   0.001% 100.239% 
(   22000,   33000 ]        5   0.002% 100.241% 
(   33000,   50000 ]       18   0.007% 100.248% 
(   50000,   75000 ]        6   0.002% 100.251% 
(   75000,  110000 ]        2   0.001% 100.252% 
(  110000,  170000 ]        2   0.001% 100.252% 


** DB Stats **
Uptime(secs): 380.8 total, 16.8 interval
Cumulative writes: 24M writes, 24M keys, 3114K commit groups, 7.8 writes per commit group, ingest: 23.69 GB, 63.70 MB/s
Cumulative WAL: 24M writes, 0 syncs, 24330889.00 writes per sync, written: 23.69 GB, 63.70 MB/s
Cumulative stall: 00:05:23.687 H:M:S, 85.0 percent
Interval writes: 387K writes, 387K keys, 49K commit groups, 7.8 writes per commit group, ingest: 386.45 MB, 23.05 MB/s
Interval WAL: 387K writes, 0 syncs, 387564.00 writes per sync, written: 0.38 GB, 23.05 MB/s
Interval stall: 00:00:17.235 H:M:S, 102.8 percent
Write Stall (count): write-buffer-manager-limit-stops: 0
num-running-compactions: 18
num-running-flushes: 0

2026/08/31-09:40:59  ... thread 3: (101000,1621000) ops and (3266.4,3937.1) ops/second in (30.921276,411.725722) seconds
2026/08/31-09:40:59  ... thread 10: (101000,1621000) ops and (3264.7,3937.0) ops/second in (30.937420,411.732508) seconds
2026/08/31-09:40:59  ... thread 1: (101000,1620000) ops and (3265.4,3934.6) ops/second in (30.930329,411.733517) seconds
2026/08/31-09:40:59  ... thread 15: (101000,1621000) ops and (3264.2,3937.0) ops/second in (30.941616,411.734363) seconds
2026/08/31-09:40:59  ... thread 14: (100000,1620000) ops and (3235.0,3934.6) ops/second in (30.912196,411.735123) seconds
2026/08/31-09:40:59  ... thread 9: (101000,1621000) ops and (3264.3,3937.0) ops/second in (30.941116,411.739717) seconds
2026/08/31-09:40:59  ... thread 4: (100000,1620000) ops and (3234.4,3934.5) ops/second in (30.917938,411.739922) seconds
2026/08/31-09:40:59  ... thread 11: (101000,1621000) ops and (3264.7,3936.8) ops/second in (30.936995,411.753544) seconds
2026/08/31-09:40:59  ... thread 2: (100000,1621000) ops and (3233.1,3936.8) ops/second in (30.929652,411.754177) seconds
2026/08/31-09:40:59  ... thread 8: (101000,1623000) ops and (3262.9,3941.7) ops/second in (30.953646,411.754593) seconds
2026/08/31-09:40:59  ... thread 12: (101000,1621000) ops and (3265.3,3936.8) ops/second in (30.931233,411.755004) seconds
2026/08/31-09:40:59  ... thread 6: (101000,1619000) ops and (3264.6,3931.9) ops/second in (30.938400,411.755484) seconds
2026/08/31-09:40:59  ... thread 0: (101000,1621000) ops and (3264.7,3936.8) ops/second in (30.937432,411.755859) seconds
2026/08/31-09:40:59  ... thread 13: (101000,1622000) ops and (3263.7,3939.2) ops/second in (30.946903,411.755899) seconds

** Compaction Stats [default] **
Level    Files   Size     Score Read(GB)  Rn(GB) Rnp1(GB) Write(GB) WPreComp(GB) Wnew(GB) Moved(GB) W-Amp Rd(MB/s) Wr(MB/s) Comp(sec) CompMergeCPU(sec) Comp(cnt) Avg(sec) KeyIn KeyDrop Rblob(GB) Wblob(GB)
-------------------------------------------------------------------------------------------------------------------------------------------------------------------------------------------------------------
  L0     15/13     2.37 GB   1.0     22.5     0.0     22.5      48.0      48.0     25.5       0.0   1.9     24.7     52.6    933.81            101.04       508    1.838     48M    21K       0.0       0.0
  L1     84/84     5.14 GB   0.0     92.1    23.0     69.1      91.0      91.0     21.9       0.0   4.0    350.4    346.3    269.16            276.19        20   13.458     93M  1094K       0.0       0.0
  L2    264/0     16.16 GB   0.4     15.0     8.0      7.1      14.4      14.4      7.4       8.8   1.8     22.6     21.7    680.60             44.42        67   10.158     15M   643K       0.0       0.0
 Sum    363/97    23.68 GB   0.0    129.7    31.0     98.6     153.4     153.4     54.8       8.8   6.0     70.5     83.4   1883.58            421.66       595    3.166    157M  1759K       0.0       0.0
 Int      0/0      0.00 KB   0.0     13.1     2.7     10.4      14.9      14.9      4.5       0.0   7.2     40.5     46.2    330.33             42.06        60    5.506     15M   241K       0.0       0.0

** Compaction Stats [default] **
Priority    Files   Size     Score Read(GB)  Rn(GB) Rnp1(GB) Write(GB) WPreComp(GB) Wnew(GB) Moved(GB) W-Amp Rd(MB/s) Wr(MB/s) Comp(sec) CompMergeCPU(sec) Comp(cnt) Avg(sec) KeyIn KeyDrop Rblob(GB) Wblob(GB)
----------------------------------------------------------------------------------------------------------------------------------------------------------------------------------------------------------------
 Low      0/0      0.00 KB   0.0    129.7    31.0     98.6     127.9     127.9     29.3       0.0   0.0    104.3    102.9   1273.26            378.21       177    7.194    131M  1759K       0.0       0.0
High      0/0      0.00 KB   0.0      0.0     0.0      0.0      25.5      25.5     25.5       0.0   0.0      0.0     42.7    610.31             43.45       418    1.460     25M      0       0.0       0.0

Blob file count: 0, total size: 0.0 GB, garbage size: 0.0 GB, space amp: 0.0

Uptime(secs): 411.8 total, 47.7 interval
Flush(GB): cumulative 25.478, interval 2.071
AddFile(GB): cumulative 0.000, interval 0.000
AddFile(Total Files): cumulative 0, interval 0
AddFile(L0 Files): cumulative 0, interval 0
AddFile(Keys): cumulative 0, interval 0
Cumulative compaction: 153.40 GB write, 381.48 MB/s write, 129.66 GB read, 322.45 MB/s read, 1883.6 seconds
Interval compaction: 14.90 GB write, 319.90 MB/s write, 13.07 GB read, 280.54 MB/s read, 330.3 seconds
Estimated pending compaction bytes: 19954364035
Write Stall (count): cf-l0-file-count-limit-delays-with-ongoing-compaction: 20, cf-l0-file-count-limit-stops-with-ongoing-compaction: 0, l0-file-count-limit-delays: 20, l0-file-count-limit-stops: 0, memtable-limit-delays: 0, memtable-limit-stops: 285, pending-compaction-bytes-delays: 0, pending-compaction-bytes-stops: 0, total-delays: 20, total-stops: 285
interval: 24 total count
Block cache AutoHyperClockCache@0x6043b84412d0#2239720 capacity: 512.00 MB seed: 1 usage: 7.72 MB table_size: 3467 occupancy: 1832 collections: 3 last_copies: 0 last_secs: 0.000483 secs_since: 47
Block cache entry stats(count,size,portion): Misc(1832,7.51 MB,1.46582%)

** File Read Latency Histogram By Level [default] **
** Level 0 read latency histogram (micros):
Count: 12004000 Average: 2.9197  StdDev: 1415.09
Min: 0  Median: 0.8264  Max: 3176910
Percentiles: P50: 0.83 P75: 1.42 P99: 2.91 P99.9: 3.98 P99.99: 4.85
------------------------------------------------------
[       0,       1 ]  7263047  60.505%  60.505% ############
(       1,       2 ]  4120824  34.329%  94.834% #######
(       2,       3 ]   546693   4.554%  99.388% #
(       3,       4 ]    62590   0.521%  99.910% 
(       4,       6 ]    22622   0.188% 100.098% 
(       6,      10 ]    12294   0.102% 100.201% 
(      10,      15 ]     4285   0.036% 100.236% 
(      15,      22 ]     2529   0.021% 100.257% 
(      22,      34 ]      163   0.001% 100.259% 
(      34,      51 ]       32   0.000% 100.259% 
(      51,      76 ]      145   0.001% 100.260% 
(      76,     110 ]      301   0.003% 100.263% 
(     110,     170 ]       16   0.000% 100.263% 
(     170,     250 ]        5   0.000% 100.263% 
(     250,     380 ]        6   0.000% 100.263% 
(     380,     580 ]        3   0.000% 100.263% 
(     580,     870 ]       21   0.000% 100.263% 
(     870,    1300 ]       52   0.000% 100.263% 
(    1300,    1900 ]       22   0.000% 100.264% 
(    1900,    2900 ]       10   0.000% 100.264% 
(    4400,    6600 ]        1   0.000% 100.264% 
(    6600,    9900 ]        2   0.000% 100.264% 
(   14000,   22000 ]        2   0.000% 100.264% 
(   22000,   33000 ]        6   0.000% 100.264% 
(   33000,   50000 ]       10   0.000% 100.264% 
(   50000,   75000 ]       16   0.000% 100.264% 
(   75000,  110000 ]       28   0.000% 100.264% 
(  110000,  170000 ]       12   0.000% 100.264% 
(  170000,  250000 ]       12   0.000% 100.264% 
(  250000,  380000 ]        2   0.000% 100.265% 
(  860000, 1200000 ]        1   0.000% 100.265% 
( 1200000, 1900000 ]        1   0.000% 100.265% 
( 2900000, 4300000 ]        2   0.000% 100.265% 

** Level 1 read latency histogram (micros):
Count: 21840836 Average: 1.3925  StdDev: 2.77
Min: 0  Median: 0.7516  Max: 4030
Percentiles: P50: 0.75 P75: 1.28 P99: 2.69 P99.9: 2.98 P99.99: 3.06
------------------------------------------------------
[       0,       1 ] 14528774  66.521%  66.521% #############
(       1,       2 ]  6618432  30.303%  96.824% ######
(       2,       3 ]   686448   3.143%  99.967% #
(       3,       4 ]    86168   0.395% 100.362% 
(       4,       6 ]    29219   0.134% 100.495% 
(       6,      10 ]    22776   0.104% 100.600% 
(      10,      15 ]     6282   0.029% 100.628% 
(      15,      22 ]     3874   0.018% 100.646% 
(      22,      34 ]      362   0.002% 100.648% 
(      34,      51 ]      106   0.000% 100.648% 
(      51,      76 ]      263   0.001% 100.650% 
(      76,     110 ]      331   0.002% 100.651% 
(     110,     170 ]      335   0.002% 100.653% 
(     170,     250 ]      163   0.001% 100.653% 
(     250,     380 ]       13   0.000% 100.653% 
(     380,     580 ]        4   0.000% 100.653% 
(     580,     870 ]       11   0.000% 100.653% 
(     870,    1300 ]        3   0.000% 100.653% 
(    1300,    1900 ]        2   0.000% 100.654% 
(    1900,    2900 ]        5   0.000% 100.654% 
(    2900,    4400 ]       10   0.000% 100.654% 

** Level 2 read latency histogram (micros):
Count: 254782 Average: 10.4009  StdDev: 759.94
Min: 0  Median: 0.8518  Max: 150455
Percentiles: P50: 0.85 P75: 1.44 P99: 2.96 P99.9: 5.97 P99.99: 8.14
------------------------------------------------------
[       0,       1 ]   149552  58.698%  58.698% ############
(       1,       2 ]    93898  36.854%  95.552% #######
(       2,       3 ]     9114   3.577%  99.129% #
(       3,       4 ]     1293   0.507%  99.637% 
(       4,       6 ]      680   0.267%  99.904% 
(       6,      10 ]      411   0.161% 100.065% 
(      10,      15 ]      109   0.043% 100.108% 
(      15,      22 ]       57   0.022% 100.130% 
(      22,      34 ]       17   0.007% 100.137% 
(      34,      51 ]       23   0.009% 100.146% 
(      51,      76 ]      120   0.047% 100.193% 
(      76,     110 ]       86   0.034% 100.227% 
(     110,     170 ]        4   0.002% 100.228% 
(     170,     250 ]        3   0.001% 100.230% 
(     250,     380 ]        1   0.000% 100.230% 
(     380,     580 ]        2   0.001% 100.231% 
(    1300,    1900 ]        2   0.001% 100.232% 
(    1900,    2900 ]        2   0.001% 100.232% 
(    2900,    4400 ]        1   0.000% 100.233% 
(    9900,   14000 ]        2   0.001% 100.234% 
(   14000,   22000 ]        2   0.001% 100.234% 
(   22000,   33000 ]        7   0.003% 100.237% 
(   33000,   50000 ]       21   0.008% 100.245% 
(   50000,   75000 ]        7   0.003% 100.248% 
(   75000,  110000 ]        2   0.001% 100.249% 
(  110000,  170000 ]        3   0.001% 100.250% 


** DB Stats **
Uptime(secs): 411.8 total, 30.9 interval
Cumulative writes: 25M writes, 25M keys, 3320K commit groups, 7.8 writes per commit group, ingest: 25.26 GB, 62.82 MB/s
Cumulative WAL: 25M writes, 0 syncs, 25942225.00 writes per sync, written: 25.26 GB, 62.82 MB/s
Cumulative stall: 00:05:48.249 H:M:S, 84.6 percent
Interval writes: 1611K writes, 1611K keys, 206K commit groups, 7.8 writes per commit group, ingest: 1606.66 MB, 51.94 MB/s
Interval WAL: 1611K writes, 0 syncs, 1611336.00 writes per sync, written: 1.57 GB, 51.94 MB/s
Interval stall: 00:00:24.562 H:M:S, 79.4 percent
Write Stall (count): write-buffer-manager-limit-stops: 0
num-running-compactions: 2
num-running-flushes: 1

2026/08/31-09:40:59  ... thread 7: (101000,1622000) ops and (3265.1,3939.2) ops/second in (30.932908,411.756305) seconds
2026/08/31-09:40:59  ... thread 5: (101000,1623000) ops and (3263.7,3941.6) ops/second in (30.946562,411.756812) seconds
2026/08/31-09:41:33  ... thread 14: (62000,1682000) ops and (1806.0,3770.7) ops/second in (34.330196,446.065319) seconds
2026/08/31-09:41:33  ... thread 13: (61000,1683000) ops and (1777.9,3773.0) ops/second in (34.310441,446.066340) seconds
2026/08/31-09:41:33  ... thread 5: (61000,1684000) ops and (1777.9,3775.2) ops/second in (34.309812,446.066624) seconds
2026/08/31-09:41:33  ... thread 6: (61000,1680000) ops and (1777.7,3766.2) ops/second in (34.314962,446.070446) seconds
2026/08/31-09:41:33  ... thread 3: (62000,1683000) ops and (1805.2,3772.9) ops/second in (34.345140,446.070862) seconds
2026/08/31-09:41:33  ... thread 10: (62000,1683000) ops and (1805.5,3772.9) ops/second in (34.339722,446.072230) seconds
2026/08/31-09:41:33  ... thread 1: (62000,1682000) ops and (1805.5,3770.7) ops/second in (34.339013,446.072530) seconds
2026/08/31-09:41:33  ... thread 11: (61000,1682000) ops and (1777.4,3770.7) ops/second in (34.319103,446.072647) seconds
2026/08/31-09:41:33  ... thread 8: (61000,1684000) ops and (1777.4,3775.2) ops/second in (34.318951,446.073544) seconds
2026/08/31-09:41:33  ... thread 4: (62000,1682000) ops and (1805.7,3770.7) ops/second in (34.335010,446.074932) seconds
2026/08/31-09:41:33  ... thread 15: (62000,1683000) ops and (1805.2,3772.9) ops/second in (34.344701,446.079064) seconds
2026/08/31-09:41:33  ... thread 9: (62000,1683000) ops and (1805.2,3772.8) ops/second in (34.344652,446.084369) seconds
2026/08/31-09:41:33  ... thread 2: (62000,1683000) ops and (1805.6,3772.8) ops/second in (34.338249,446.092426) seconds
2026/08/31-09:41:33  ... thread 12: (62000,1683000) ops and (1805.5,3772.7) ops/second in (34.338929,446.093933) seconds
2026/08/31-09:41:33  ... thread 7: (62000,1684000) ops and (1805.5,3775.0) ops/second in (34.339382,446.095687) seconds
2026/08/31-09:41:33  ... thread 0: (62000,1683000) ops and (1805.4,3772.7) ops/second in (34.341128,446.096987) seconds

** Compaction Stats [default] **
Level    Files   Size     Score Read(GB)  Rn(GB) Rnp1(GB) Write(GB) WPreComp(GB) Wnew(GB) Moved(GB) W-Amp Rd(MB/s) Wr(MB/s) Comp(sec) CompMergeCPU(sec) Comp(cnt) Avg(sec) KeyIn KeyDrop Rblob(GB) Wblob(GB)
-------------------------------------------------------------------------------------------------------------------------------------------------------------------------------------------------------------
  L0     13/11     1.52 GB   1.0     23.2     0.0     23.2      49.6      49.6     26.4       0.0   1.9     23.7     50.6   1004.48            104.55       526    1.910     50M    22K       0.0       0.0
  L1     79/79     5.07 GB   0.0     99.1    24.8     74.2      97.9      97.9     23.7       0.0   3.9    349.6    345.4    290.21            297.65        21   13.819    100M  1203K       0.0       0.0
  L2    311/0     17.74 GB   0.4     19.0     9.8      9.2      18.1      18.1      8.9       8.8   1.9     21.1     20.1    921.66             56.17        89   10.356     19M   861K       0.0       0.0
 Sum    403/90    24.33 GB   0.0    141.3    34.6    106.6     165.6     165.6     59.0       8.8   6.3     65.3     76.5   2216.34            458.37       636    3.485    170M  2087K       0.0       0.0
 Int      0/0      0.00 KB   0.0      3.7     1.5      2.2       4.1       4.1      1.8       0.0   7.4     15.5     17.1    243.19             11.68        27    9.007   4304K   178K       0.0       0.0

** Compaction Stats [default] **
Priority    Files   Size     Score Read(GB)  Rn(GB) Rnp1(GB) Write(GB) WPreComp(GB) Wnew(GB) Moved(GB) W-Amp Rd(MB/s) Wr(MB/s) Comp(sec) CompMergeCPU(sec) Comp(cnt) Avg(sec) KeyIn KeyDrop Rblob(GB) Wblob(GB)
----------------------------------------------------------------------------------------------------------------------------------------------------------------------------------------------------------------
 Low      0/0      0.00 KB   0.0    141.3    34.6    106.6     139.2     139.2     32.6       0.0   0.0     92.7     91.3   1560.43            413.27       203    7.687    143M  2087K       0.0       0.0
High      0/0      0.00 KB   0.0      0.0     0.0      0.0      26.4      26.4     26.4       0.0   0.0      0.0     41.2    655.91             45.11       433    1.515     26M      0       0.0       0.0

Blob file count: 0, total size: 0.0 GB, garbage size: 0.0 GB, space amp: 0.0

Uptime(secs): 446.1 total, 20.9 interval
Flush(GB): cumulative 26.392, interval 0.548
AddFile(GB): cumulative 0.000, interval 0.000
AddFile(Total Files): cumulative 0, interval 0
AddFile(L0 Files): cumulative 0, interval 0
AddFile(Keys): cumulative 0, interval 0
Cumulative compaction: 165.59 GB write, 380.11 MB/s write, 141.26 GB read, 324.26 MB/s read, 2216.3 seconds
Interval compaction: 4.05 GB write, 199.00 MB/s write, 3.68 GB read, 180.71 MB/s read, 243.2 seconds
Estimated pending compaction bytes: 17334036483
Write Stall (count): cf-l0-file-count-limit-delays-with-ongoing-compaction: 20, cf-l0-file-count-limit-stops-with-ongoing-compaction: 0, l0-file-count-limit-delays: 20, l0-file-count-limit-stops: 0, memtable-limit-delays: 0, memtable-limit-stops: 303, pending-compaction-bytes-delays: 0, pending-compaction-bytes-stops: 0, total-delays: 20, total-stops: 303
interval: 9 total count
Block cache AutoHyperClockCache@0x6043b84412d0#2239720 capacity: 512.00 MB seed: 1 usage: 7.72 MB table_size: 3467 occupancy: 1832 collections: 3 last_copies: 1 last_secs: 0.000483 secs_since: 82
Block cache entry stats(count,size,portion): Misc(1832,7.51 MB,1.46582%)

** File Read Latency Histogram By Level [default] **
** Level 0 read latency histogram (micros):
Count: 12416815 Average: 3.2046  StdDev: 1624.61
Min: 0  Median: 0.8263  Max: 3176910
Percentiles: P50: 0.83 P75: 1.42 P99: 2.92 P99.9: 4.00 P99.99: 4.93
------------------------------------------------------
[       0,       1 ]  7513254  60.509%  60.509% ############
(       1,       2 ]  4256412  34.279%  94.788% #######
(       2,       3 ]   569333   4.585%  99.373% #
(       3,       4 ]    65397   0.527%  99.900% 
(       4,       6 ]    24009   0.193% 100.093% 
(       6,      10 ]    12754   0.103% 100.196% 
(      10,      15 ]     4425   0.036% 100.232% 
(      15,      22 ]     2620   0.021% 100.253% 
(      22,      34 ]      169   0.001% 100.254% 
(      34,      51 ]       33   0.000% 100.254% 
(      51,      76 ]      151   0.001% 100.256% 
(      76,     110 ]      313   0.003% 100.258% 
(     110,     170 ]       16   0.000% 100.258% 
(     170,     250 ]        5   0.000% 100.258% 
(     250,     380 ]        6   0.000% 100.258% 
(     380,     580 ]        3   0.000% 100.258% 
(     580,     870 ]       22   0.000% 100.259% 
(     870,    1300 ]       54   0.000% 100.259% 
(    1300,    1900 ]       22   0.000% 100.259% 
(    1900,    2900 ]       10   0.000% 100.259% 
(    4400,    6600 ]        1   0.000% 100.259% 
(    6600,    9900 ]        2   0.000% 100.259% 
(   14000,   22000 ]        2   0.000% 100.259% 
(   22000,   33000 ]        7   0.000% 100.259% 
(   33000,   50000 ]       10   0.000% 100.259% 
(   50000,   75000 ]       19   0.000% 100.260% 
(   75000,  110000 ]       31   0.000% 100.260% 
(  110000,  170000 ]       13   0.000% 100.260% 
(  170000,  250000 ]       13   0.000% 100.260% 
(  250000,  380000 ]        2   0.000% 100.260% 
(  380000,  570000 ]        1   0.000% 100.260% 
(  860000, 1200000 ]        1   0.000% 100.260% 
( 1200000, 1900000 ]        1   0.000% 100.260% 
( 2900000, 4300000 ]        3   0.000% 100.260% 

** Level 1 read latency histogram (micros):
Count: 23653567 Average: 1.3933  StdDev: 2.68
Min: 0  Median: 0.7522  Max: 4030
Percentiles: P50: 0.75 P75: 1.28 P99: 2.70 P99.9: 2.98 P99.99: 3.06
------------------------------------------------------
[       0,       1 ] 15723484  66.474%  66.474% #############
(       1,       2 ]  7163880  30.287%  96.761% ######
(       2,       3 ]   758512   3.207%  99.967% #
(       3,       4 ]    92961   0.393% 100.360% 
(       4,       6 ]    32189   0.136% 100.497% 
(       6,      10 ]    24619   0.104% 100.601% 
(      10,      15 ]     6755   0.029% 100.629% 
(      15,      22 ]     4149   0.018% 100.647% 
(      22,      34 ]      389   0.002% 100.648% 
(      34,      51 ]      120   0.001% 100.649% 
(      51,      76 ]      288   0.001% 100.650% 
(      76,     110 ]      376   0.002% 100.652% 
(     110,     170 ]      358   0.002% 100.653% 
(     170,     250 ]      168   0.001% 100.654% 
(     250,     380 ]       13   0.000% 100.654% 
(     380,     580 ]        4   0.000% 100.654% 
(     580,     870 ]       12   0.000% 100.654% 
(     870,    1300 ]        3   0.000% 100.654% 
(    1300,    1900 ]        2   0.000% 100.654% 
(    1900,    2900 ]        5   0.000% 100.654% 
(    2900,    4400 ]       10   0.000% 100.654% 

** Level 2 read latency histogram (micros):
Count: 377815 Average: 9.3500  StdDev: 721.31
Min: 0  Median: 0.8907  Max: 150455
Percentiles: P50: 0.89 P75: 1.48 P99: 2.94 P99.9: 6.11 P99.99: 8.54
------------------------------------------------------
[       0,       1 ]   212086  56.135%  56.135% ###########
(       1,       2 ]   149721  39.628%  95.763% ########
(       2,       3 ]    13047   3.453%  99.216% #
(       3,       4 ]     1750   0.463%  99.679% 
(       4,       6 ]      818   0.217%  99.896% 
(       6,      10 ]      560   0.148% 100.044% 
(      10,      15 ]      144   0.038% 100.082% 
(      15,      22 ]       86   0.023% 100.105% 
(      22,      34 ]       25   0.007% 100.112% 
(      34,      51 ]       32   0.008% 100.120% 
(      51,      76 ]      148   0.039% 100.159% 
(      76,     110 ]      108   0.029% 100.188% 
(     110,     170 ]        4   0.001% 100.189% 
(     170,     250 ]        4   0.001% 100.190% 
(     250,     380 ]        3   0.001% 100.191% 
(     380,     580 ]        2   0.001% 100.191% 
(     870,    1300 ]        2   0.001% 100.192% 
(    1300,    1900 ]        2   0.001% 100.192% 
(    1900,    2900 ]        2   0.001% 100.193% 
(    2900,    4400 ]        4   0.001% 100.194% 
(    9900,   14000 ]        2   0.001% 100.195% 
(   14000,   22000 ]        4   0.001% 100.196% 
(   22000,   33000 ]        8   0.002% 100.198% 
(   33000,   50000 ]       23   0.006% 100.204% 
(   50000,   75000 ]       12   0.003% 100.207% 
(   75000,  110000 ]        3   0.001% 100.208% 
(  110000,  170000 ]        4   0.001% 100.209% 


** DB Stats **
Uptime(secs): 446.1 total, 20.9 interval
Cumulative writes: 26M writes, 26M keys, 3447K commit groups, 7.8 writes per commit group, ingest: 26.23 GB, 60.20 MB/s
Cumulative WAL: 26M writes, 0 syncs, 26933799.00 writes per sync, written: 26.23 GB, 60.20 MB/s
Cumulative stall: 00:06:17.147 H:M:S, 84.5 percent
Interval writes: 510K writes, 510K keys, 65K commit groups, 7.8 writes per commit group, ingest: 509.19 MB, 24.41 MB/s
Interval WAL: 510K writes, 0 syncs, 510653.00 writes per sync, written: 0.50 GB, 24.41 MB/s
Interval stall: 00:00:19.813 H:M:S, 95.0 percent
Write Stall (count): write-buffer-manager-limit-stops: 0
num-running-compactions: 2
num-running-flushes: 2

2026/08/31-09:42:05  ... thread 4: (175000,1857000) ops and (5477.4,3884.7) ops/second in (31.949447,478.024379) seconds
2026/08/31-09:42:05  ... thread 0: (173000,1856000) ops and (5418.4,3882.6) ops/second in (31.927982,478.024969) seconds

** Compaction Stats [default] **
Level    Files   Size     Score Read(GB)  Rn(GB) Rnp1(GB) Write(GB) WPreComp(GB) Wnew(GB) Moved(GB) W-Amp Rd(MB/s) Wr(MB/s) Comp(sec) CompMergeCPU(sec) Comp(cnt) Avg(sec) KeyIn KeyDrop Rblob(GB) Wblob(GB)
-------------------------------------------------------------------------------------------------------------------------------------------------------------------------------------------------------------
  L0     14/14     3.17 GB   0.0     26.3     0.0     26.3      55.5      55.5     29.2       0.0   1.9     24.4     51.4   1103.76            116.90       584    1.890     56M    25K       0.0       0.0
  L1     81/81     4.78 GB   0.0    105.3    26.0     79.3     104.0     104.0     24.7       0.0   4.0    342.0    337.9    315.28            316.17        22   14.331    107M  1266K       0.0       0.0
  L2    342/0     18.95 GB   0.5     22.0    11.2     10.8      21.0      21.0     10.1       8.8   1.9     21.4     20.5   1050.91             65.52       106    9.914     22M  1035K       0.0       0.0
 Sum    437/95    26.90 GB   0.0    153.6    37.2    116.4     180.5     180.5     64.1       8.8   6.2     63.7     74.8   2469.95            498.59       712    3.469    186M  2327K       0.0       0.0
 Int      0/0      0.00 KB   0.0     16.0     4.0     12.0      18.9      18.9      6.9       0.0   5.7     33.0     39.1    496.80             51.89       103    4.823     19M   419K       0.0       0.0

** Compaction Stats [default] **
Priority    Files   Size     Score Read(GB)  Rn(GB) Rnp1(GB) Write(GB) WPreComp(GB) Wnew(GB) Moved(GB) W-Amp Rd(MB/s) Wr(MB/s) Comp(sec) CompMergeCPU(sec) Comp(cnt) Avg(sec) KeyIn KeyDrop Rblob(GB) Wblob(GB)
----------------------------------------------------------------------------------------------------------------------------------------------------------------------------------------------------------------
 Low      0/0      0.00 KB   0.0    153.6    37.2    116.4     151.3     151.3     34.9       0.0   0.0     89.5     88.2   1756.83            448.94       233    7.540    156M  2327K       0.0       0.0
High      0/0      0.00 KB   0.0      0.0     0.0      0.0      29.2      29.2     29.2       0.0   0.0      0.0     41.9    713.13             49.65       479    1.489     29M      0       0.0       0.0

Blob file count: 0, total size: 0.0 GB, garbage size: 0.0 GB, space amp: 0.0

Uptime(secs): 478.0 total, 52.8 interval
Flush(GB): cumulative 29.198, interval 3.354
AddFile(GB): cumulative 0.000, interval 0.000
AddFile(Total Files): cumulative 0, interval 0
AddFile(L0 Files): cumulative 0, interval 0
AddFile(Keys): cumulative 0, interval 0
Cumulative compaction: 180.49 GB write, 386.63 MB/s write, 153.59 GB read, 329.01 MB/s read, 2470.0 seconds
Interval compaction: 18.95 GB write, 367.55 MB/s write, 16.01 GB read, 310.51 MB/s read, 496.8 seconds
Estimated pending compaction bytes: 22871908951
Write Stall (count): cf-l0-file-count-limit-delays-with-ongoing-compaction: 20, cf-l0-file-count-limit-stops-with-ongoing-compaction: 0, l0-file-count-limit-delays: 20, l0-file-count-limit-stops: 0, memtable-limit-delays: 0, memtable-limit-stops: 336, pending-compaction-bytes-delays: 0, pending-compaction-bytes-stops: 0, total-delays: 20, total-stops: 336
interval: 42 total count
Block cache AutoHyperClockCache@0x6043b84412d0#2239720 capacity: 512.00 MB seed: 1 usage: 7.72 MB table_size: 3467 occupancy: 1832 collections: 3 last_copies: 1 last_secs: 0.000483 secs_since: 113
Block cache entry stats(count,size,portion): Misc(1832,7.51 MB,1.46582%)

** File Read Latency Histogram By Level [default] **
** Level 0 read latency histogram (micros):
Count: 13217011 Average: 3.1377  StdDev: 1576.13
Min: 0  Median: 0.8171  Max: 3176910
Percentiles: P50: 0.82 P75: 1.41 P99: 2.92 P99.9: 4.11 P99.99: 5.05
------------------------------------------------------
[       0,       1 ]  8088203  61.195%  61.195% ############
(       1,       2 ]  4456709  33.719%  94.915% #######
(       2,       3 ]   588201   4.450%  99.365% #
(       3,       4 ]    69298   0.524%  99.890% 
(       4,       6 ]    25393   0.192% 100.082% 
(       6,      10 ]    13302   0.101% 100.182% 
(      10,      15 ]     4591   0.035% 100.217% 
(      15,      22 ]     2723   0.021% 100.238% 
(      22,      34 ]      174   0.001% 100.239% 
(      34,      51 ]       35   0.000% 100.239% 
(      51,      76 ]      165   0.001% 100.240% 
(      76,     110 ]      350   0.003% 100.243% 
(     110,     170 ]       16   0.000% 100.243% 
(     170,     250 ]        5   0.000% 100.243% 
(     250,     380 ]        7   0.000% 100.243% 
(     380,     580 ]        4   0.000% 100.243% 
(     580,     870 ]       23   0.000% 100.244% 
(     870,    1300 ]       62   0.000% 100.244% 
(    1300,    1900 ]       26   0.000% 100.244% 
(    1900,    2900 ]       11   0.000% 100.244% 
(    4400,    6600 ]        1   0.000% 100.244% 
(    6600,    9900 ]        4   0.000% 100.244% 
(   14000,   22000 ]        3   0.000% 100.244% 
(   22000,   33000 ]        7   0.000% 100.244% 
(   33000,   50000 ]       10   0.000% 100.244% 
(   50000,   75000 ]       20   0.000% 100.245% 
(   75000,  110000 ]       34   0.000% 100.245% 
(  110000,  170000 ]       15   0.000% 100.245% 
(  170000,  250000 ]       13   0.000% 100.245% 
(  250000,  380000 ]        2   0.000% 100.245% 
(  380000,  570000 ]        1   0.000% 100.245% 
(  860000, 1200000 ]        1   0.000% 100.245% 
( 1200000, 1900000 ]        1   0.000% 100.245% 
( 2900000, 4300000 ]        3   0.000% 100.245% 

** Level 1 read latency histogram (micros):
Count: 24501899 Average: 1.3949  StdDev: 2.64
Min: 0  Median: 0.7537  Max: 4030
Percentiles: P50: 0.75 P75: 1.29 P99: 2.71 P99.9: 2.98 P99.99: 3.09
------------------------------------------------------
[       0,       1 ] 16254036  66.338%  66.338% #############
(       1,       2 ]  7443337  30.379%  96.716% ######
(       2,       3 ]   793359   3.238%  99.954% #
(       3,       4 ]    96467   0.394% 100.348% 
(       4,       6 ]    33489   0.137% 100.485% 
(       6,      10 ]    25454   0.104% 100.589% 
(      10,      15 ]     6988   0.029% 100.617% 
(      15,      22 ]     4268   0.017% 100.635% 
(      22,      34 ]      408   0.002% 100.636% 
(      34,      51 ]      131   0.001% 100.637% 
(      51,      76 ]      321   0.001% 100.638% 
(      76,     110 ]      414   0.002% 100.640% 
(     110,     170 ]      367   0.001% 100.641% 
(     170,     250 ]      171   0.001% 100.642% 
(     250,     380 ]       13   0.000% 100.642% 
(     380,     580 ]        4   0.000% 100.642% 
(     580,     870 ]       13   0.000% 100.642% 
(     870,    1300 ]        3   0.000% 100.642% 
(    1300,    1900 ]        2   0.000% 100.642% 
(    1900,    2900 ]        5   0.000% 100.642% 
(    2900,    4400 ]       10   0.000% 100.642% 

** Level 2 read latency histogram (micros):
Count: 640077 Average: 8.6246  StdDev: 1782.21
Min: 0  Median: 0.9040  Max: 1349607
Percentiles: P50: 0.90 P75: 1.48 P99: 2.82 P99.9: 3.92 P99.99: 4.73
------------------------------------------------------
[       0,       1 ]   354010  55.307%  55.307% ###########
(       1,       2 ]   263839  41.220%  96.527% ########
(       2,       3 ]    19282   3.012%  99.540% #
(       3,       4 ]     2512   0.392%  99.932% 
(       4,       6 ]     1019   0.159% 100.091% 
(       6,      10 ]      900   0.141% 100.232% 
(      10,      15 ]      198   0.031% 100.263% 
(      15,      22 ]      112   0.017% 100.280% 
(      22,      34 ]       31   0.005% 100.285% 
(      34,      51 ]       42   0.007% 100.292% 
(      51,      76 ]      174   0.027% 100.319% 
(      76,     110 ]      119   0.019% 100.338% 
(     110,     170 ]        4   0.001% 100.338% 
(     170,     250 ]        4   0.001% 100.339% 
(     250,     380 ]        3   0.000% 100.339% 
(     380,     580 ]        2   0.000% 100.340% 
(     870,    1300 ]        2   0.000% 100.340% 
(    1300,    1900 ]        2   0.000% 100.340% 
(    1900,    2900 ]        2   0.000% 100.341% 
(    2900,    4400 ]        4   0.001% 100.341% 
(    9900,   14000 ]        2   0.000% 100.342% 
(   14000,   22000 ]        4   0.001% 100.342% 
(   22000,   33000 ]        8   0.001% 100.343% 
(   33000,   50000 ]       23   0.004% 100.347% 
(   50000,   75000 ]       15   0.002% 100.349% 
(   75000,  110000 ]        4   0.001% 100.350% 
(  110000,  170000 ]        4   0.001% 100.351% 
( 1200000, 1900000 ]        1   0.000% 100.351% 


** DB Stats **
Uptime(secs): 478.0 total, 31.9 interval
Cumulative writes: 29M writes, 29M keys, 3800K commit groups, 7.8 writes per commit group, ingest: 28.93 GB, 61.98 MB/s
Cumulative WAL: 29M writes, 0 syncs, 29713135.00 writes per sync, written: 28.93 GB, 61.98 MB/s
Cumulative stall: 00:06:44.551 H:M:S, 84.6 percent
Interval writes: 2779K writes, 2779K keys, 353K commit groups, 7.9 writes per commit group, ingest: 2771.25 MB, 86.80 MB/s
Interval WAL: 2779K writes, 0 syncs, 2779336.00 writes per sync, written: 2.71 GB, 86.80 MB/s
Interval stall: 00:00:27.404 H:M:S, 85.8 percent
Write Stall (count): write-buffer-manager-limit-stops: 0
num-running-compactions: 2
num-running-flushes: 1

2026/08/31-09:42:05  ... thread 13: (175000,1858000) ops and (5475.5,3886.8) ops/second in (31.960731,478.027071) seconds
2026/08/31-09:42:05  ... thread 12: (174000,1857000) ops and (5447.8,3884.7) ops/second in (31.939597,478.033530) seconds
2026/08/31-09:42:05  ... thread 1: (175000,1857000) ops and (5475.1,3884.6) ops/second in (31.962826,478.035356) seconds
2026/08/31-09:42:05  ... thread 2: (174000,1857000) ops and (5447.1,3884.6) ops/second in (31.943645,478.036071) seconds
2026/08/31-09:42:05  ... thread 7: (174000,1858000) ops and (5447.2,3886.7) ops/second in (31.943227,478.038914) seconds
2026/08/31-09:42:05  ... thread 15: (175000,1858000) ops and (5475.3,3886.7) ops/second in (31.961619,478.040683) seconds
2026/08/31-09:42:05  ... thread 10: (175000,1858000) ops and (5474.0,3886.7) ops/second in (31.969315,478.041545) seconds
2026/08/31-09:42:05  ... thread 5: (175000,1859000) ops and (5473.0,3888.8) ops/second in (31.975426,478.042050) seconds
2026/08/31-09:42:05  ... thread 11: (175000,1857000) ops and (5473.9,3884.6) ops/second in (31.970168,478.042815) seconds
2026/08/31-09:42:05  ... thread 14: (175000,1857000) ops and (5471.6,3884.5) ops/second in (31.983490,478.048809) seconds
2026/08/31-09:42:05  ... thread 9: (175000,1858000) ops and (5474.8,3886.6) ops/second in (31.964708,478.049077) seconds
2026/08/31-09:42:05  ... thread 6: (175000,1855000) ops and (5472.0,3880.3) ops/second in (31.980808,478.051254) seconds
2026/08/31-09:42:05  ... thread 8: (175000,1859000) ops and (5472.4,3888.7) ops/second in (31.978566,478.052110) seconds
2026/08/31-09:42:05  ... thread 3: (175000,1858000) ops and (5471.6,3886.6) ops/second in (31.983220,478.054082) seconds
2026/08/31-09:42:37  ... thread 14: (54000,1911000) ops and (1706.9,3749.4) ops/second in (31.635886,509.684695) seconds
2026/08/31-09:42:37  ... thread 13: (54000,1912000) ops and (1705.7,3751.3) ops/second in (31.657748,509.684819) seconds
2026/08/31-09:42:37  ... thread 5: (54000,1913000) ops and (1706.5,3753.3) ops/second in (31.643427,509.685477) seconds
2026/08/31-09:42:37  ... thread 7: (54000,1912000) ops and (1706.3,3751.3) ops/second in (31.647888,509.686802) seconds
2026/08/31-09:42:37  ... thread 10: (54000,1912000) ops and (1706.1,3751.3) ops/second in (31.651605,509.693150) seconds
2026/08/31-09:42:37  ... thread 9: (54000,1912000) ops and (1706.4,3751.3) ops/second in (31.644715,509.693792) seconds
2026/08/31-09:42:37  ... thread 1: (54000,1911000) ops and (1705.7,3749.3) ops/second in (31.658339,509.693695) seconds
2026/08/31-09:42:37  ... thread 11: (54000,1911000) ops and (1706.1,3749.3) ops/second in (31.651933,509.694748) seconds
2026/08/31-09:42:37  ... thread 12: (54000,1911000) ops and (1705.5,3749.3) ops/second in (31.662225,509.695755) seconds
2026/08/31-09:42:37  ... thread 8: (54000,1913000) ops and (1705.9,3753.1) ops/second in (31.654528,509.706638) seconds
2026/08/31-09:42:37  ... thread 6: (54000,1909000) ops and (1705.9,3745.3) ops/second in (31.655576,509.706830) seconds
2026/08/31-09:42:37  ... thread 15: (55000,1913000) ops and (1736.7,3753.1) ops/second in (31.668788,509.709471) seconds
2026/08/31-09:42:37  ... thread 4: (55000,1912000) ops and (1735.8,3751.1) ops/second in (31.686577,509.710956) seconds
2026/08/31-09:42:37  ... thread 3: (54000,1912000) ops and (1705.8,3751.1) ops/second in (31.657272,509.711354) seconds
2026/08/31-09:42:37  ... thread 0: (55000,1911000) ops and (1735.6,3749.2) ops/second in (31.688513,509.713482) seconds

** Compaction Stats [default] **
Level    Files   Size     Score Read(GB)  Rn(GB) Rnp1(GB) Write(GB) WPreComp(GB) Wnew(GB) Moved(GB) W-Amp Rd(MB/s) Wr(MB/s) Comp(sec) CompMergeCPU(sec) Comp(cnt) Avg(sec) KeyIn KeyDrop Rblob(GB) Wblob(GB)
-------------------------------------------------------------------------------------------------------------------------------------------------------------------------------------------------------------
  L0      8/8    872.33 MB   0.0     26.8     0.0     26.8      56.8      56.8     30.0       0.0   1.9     23.7     50.2   1158.34            119.58       600    1.931     57M    25K       0.0       0.0
  L1    132/132    7.75 GB   0.0    113.2    29.2     84.1     111.8     111.8     27.7       0.0   3.8    342.3    337.9    338.82            339.38        23   14.731    115M  1462K       0.0       0.0
  L2    342/0     18.95 GB   0.5     22.0    11.2     10.8      21.0      21.0     10.1       8.8   1.9     21.4     20.5   1050.91             65.52       106    9.914     22M  1035K       0.0       0.0
 Sum    482/140   27.56 GB   0.0    162.0    40.3    121.7     189.6     189.6     67.9       8.8   6.3     65.1     76.2   2548.07            524.47       729    3.495    195M  2523K       0.0       0.0
 Int      0/0      0.00 KB   0.0      8.4     3.2      5.3       8.8       8.8      3.6       0.0  14.5    116.6    122.3     74.06             25.49        13    5.697   9198K   195K       0.0       0.0

** Compaction Stats [default] **
Priority    Files   Size     Score Read(GB)  Rn(GB) Rnp1(GB) Write(GB) WPreComp(GB) Wnew(GB) Moved(GB) W-Amp Rd(MB/s) Wr(MB/s) Comp(sec) CompMergeCPU(sec) Comp(cnt) Avg(sec) KeyIn KeyDrop Rblob(GB) Wblob(GB)
----------------------------------------------------------------------------------------------------------------------------------------------------------------------------------------------------------------
 Low      0/0      0.00 KB   0.0    162.0    40.3    121.7     159.5     159.5     37.8       0.0   0.0     92.6     91.2   1791.97            473.37       236    7.593    164M  2523K       0.0       0.0
High      0/0      0.00 KB   0.0      0.0     0.0      0.0      30.1      30.1     30.1       0.0   0.0      0.0     40.7    756.11             51.11       493    1.534     30M      0       0.0       0.0

Blob file count: 0, total size: 0.0 GB, garbage size: 0.0 GB, space amp: 0.0

Uptime(secs): 509.7 total, 24.5 interval
Flush(GB): cumulative 30.050, interval 0.608
AddFile(GB): cumulative 0.000, interval 0.000
AddFile(Total Files): cumulative 0, interval 0
AddFile(L0 Files): cumulative 0, interval 0
AddFile(Keys): cumulative 0, interval 0
Cumulative compaction: 189.58 GB write, 380.85 MB/s write, 162.02 GB read, 325.49 MB/s read, 2548.1 seconds
Interval compaction: 8.85 GB write, 370.20 MB/s write, 8.43 GB read, 352.85 MB/s read, 74.1 seconds
Estimated pending compaction bytes: 25071212661
Write Stall (count): cf-l0-file-count-limit-delays-with-ongoing-compaction: 24, cf-l0-file-count-limit-stops-with-ongoing-compaction: 0, l0-file-count-limit-delays: 24, l0-file-count-limit-stops: 0, memtable-limit-delays: 0, memtable-limit-stops: 345, pending-compaction-bytes-delays: 0, pending-compaction-bytes-stops: 0, total-delays: 24, total-stops: 345
interval: 9 total count
Block cache AutoHyperClockCache@0x6043b84412d0#2239720 capacity: 512.00 MB seed: 1 usage: 7.72 MB table_size: 3467 occupancy: 1832 collections: 3 last_copies: 2 last_secs: 0.000483 secs_since: 145
Block cache entry stats(count,size,portion): Misc(1832,7.51 MB,1.46582%)

** File Read Latency Histogram By Level [default] **
** Level 0 read latency histogram (micros):
Count: 14189706 Average: 3.1644  StdDev: 1551.97
Min: 0  Median: 0.8245  Max: 3176910
Percentiles: P50: 0.82 P75: 1.42 P99: 2.93 P99.9: 4.15 P99.99: 5.05
------------------------------------------------------
[       0,       1 ]  8605455  60.646%  60.646% ############
(       1,       2 ]  4842208  34.125%  94.771% #######
(       2,       3 ]   648131   4.568%  99.338% #
(       3,       4 ]    77674   0.547%  99.886% 
(       4,       6 ]    28208   0.199% 100.084% 
(       6,      10 ]    14592   0.103% 100.187% 
(      10,      15 ]     5161   0.036% 100.224% 
(      15,      22 ]     3068   0.022% 100.245% 
(      22,      34 ]      196   0.001% 100.247% 
(      34,      51 ]       37   0.000% 100.247% 
(      51,      76 ]      170   0.001% 100.248% 
(      76,     110 ]      360   0.003% 100.251% 
(     110,     170 ]       17   0.000% 100.251% 
(     170,     250 ]        5   0.000% 100.251% 
(     250,     380 ]        7   0.000% 100.251% 
(     380,     580 ]        5   0.000% 100.251% 
(     580,     870 ]       23   0.000% 100.251% 
(     870,    1300 ]       64   0.000% 100.251% 
(    1300,    1900 ]       26   0.000% 100.252% 
(    1900,    2900 ]       11   0.000% 100.252% 
(    4400,    6600 ]        1   0.000% 100.252% 
(    6600,    9900 ]        4   0.000% 100.252% 
(   14000,   22000 ]        3   0.000% 100.252% 
(   22000,   33000 ]        7   0.000% 100.252% 
(   33000,   50000 ]       10   0.000% 100.252% 
(   50000,   75000 ]       23   0.000% 100.252% 
(   75000,  110000 ]       34   0.000% 100.252% 
(  110000,  170000 ]       16   0.000% 100.252% 
(  170000,  250000 ]       13   0.000% 100.252% 
(  250000,  380000 ]        2   0.000% 100.252% 
(  380000,  570000 ]        1   0.000% 100.252% 
(  570000,  860000 ]        1   0.000% 100.252% 
(  860000, 1200000 ]        2   0.000% 100.252% 
( 1200000, 1900000 ]        1   0.000% 100.253% 
( 2900000, 4300000 ]        3   0.000% 100.253% 

** Level 1 read latency histogram (micros):
Count: 26219471 Average: 1.3970  StdDev: 2.57
Min: 0  Median: 0.7549  Max: 4030
Percentiles: P50: 0.75 P75: 1.29 P99: 2.72 P99.9: 2.99 P99.99: 3.14
------------------------------------------------------
[       0,       1 ] 17366764  66.236%  66.236% #############
(       1,       2 ]  7972948  30.409%  96.645% ######
(       2,       3 ]   862805   3.291%  99.935% #
(       3,       4 ]   105928   0.404% 100.339% 
(       4,       6 ]    36577   0.140% 100.479% 
(       6,      10 ]    27418   0.105% 100.583% 
(      10,      15 ]     7735   0.030% 100.613% 
(      15,      22 ]     4733   0.018% 100.631% 
(      22,      34 ]      447   0.002% 100.633% 
(      34,      51 ]      141   0.001% 100.633% 
(      51,      76 ]      383   0.001% 100.635% 
(      76,     110 ]      467   0.002% 100.636% 
(     110,     170 ]      376   0.001% 100.638% 
(     170,     250 ]      173   0.001% 100.639% 
(     250,     380 ]       13   0.000% 100.639% 
(     380,     580 ]        4   0.000% 100.639% 
(     580,     870 ]       13   0.000% 100.639% 
(     870,    1300 ]        3   0.000% 100.639% 
(    1300,    1900 ]        2   0.000% 100.639% 
(    1900,    2900 ]        5   0.000% 100.639% 
(    2900,    4400 ]       10   0.000% 100.639% 

** Level 2 read latency histogram (micros):
Count: 640077 Average: 8.6246  StdDev: 1782.21
Min: 0  Median: 0.9040  Max: 1349607
Percentiles: P50: 0.90 P75: 1.48 P99: 2.82 P99.9: 3.92 P99.99: 4.73
------------------------------------------------------
[       0,       1 ]   354010  55.307%  55.307% ###########
(       1,       2 ]   263839  41.220%  96.527% ########
(       2,       3 ]    19282   3.012%  99.540% #
(       3,       4 ]     2512   0.392%  99.932% 
(       4,       6 ]     1019   0.159% 100.091% 
(       6,      10 ]      900   0.141% 100.232% 
(      10,      15 ]      198   0.031% 100.263% 
(      15,      22 ]      112   0.017% 100.280% 
(      22,      34 ]       31   0.005% 100.285% 
(      34,      51 ]       42   0.007% 100.292% 
(      51,      76 ]      174   0.027% 100.319% 
(      76,     110 ]      119   0.019% 100.338% 
(     110,     170 ]        4   0.001% 100.338% 
(     170,     250 ]        4   0.001% 100.339% 
(     250,     380 ]        3   0.000% 100.339% 
(     380,     580 ]        2   0.000% 100.340% 
(     870,    1300 ]        2   0.000% 100.340% 
(    1300,    1900 ]        2   0.000% 100.340% 
(    1900,    2900 ]        2   0.000% 100.341% 
(    2900,    4400 ]        4   0.001% 100.341% 
(    9900,   14000 ]        2   0.000% 100.342% 
(   14000,   22000 ]        4   0.001% 100.342% 
(   22000,   33000 ]        8   0.001% 100.343% 
(   33000,   50000 ]       23   0.004% 100.347% 
(   50000,   75000 ]       15   0.002% 100.349% 
(   75000,  110000 ]        4   0.001% 100.350% 
(  110000,  170000 ]        4   0.001% 100.351% 
( 1200000, 1900000 ]        1   0.000% 100.351% 


** DB Stats **
Uptime(secs): 509.7 total, 24.5 interval
Cumulative writes: 30M writes, 30M keys, 3918K commit groups, 7.8 writes per commit group, ingest: 29.79 GB, 59.85 MB/s
Cumulative WAL: 30M writes, 0 syncs, 30593778.00 writes per sync, written: 29.79 GB, 59.85 MB/s
Cumulative stall: 00:07:12.052 H:M:S, 84.8 percent
Interval writes: 509K writes, 509K keys, 70K commit groups, 7.2 writes per commit group, ingest: 508.49 MB, 20.78 MB/s
Interval WAL: 509K writes, 0 syncs, 509893.00 writes per sync, written: 0.50 GB, 20.78 MB/s
Interval stall: 00:00:24.378 H:M:S, 99.6 percent
Write Stall (count): write-buffer-manager-limit-stops: 0
num-running-compactions: 2
num-running-flushes: 0

2026/08/31-09:42:37  ... thread 2: (55000,1912000) ops and (1736.1,3751.1) ops/second in (31.679374,509.715445) seconds
2026/08/31-09:43:08  ... thread 11: (58000,1969000) ops and (1837.0,3637.8) ops/second in (31.572883,541.267631) seconds
2026/08/31-09:43:08  ... thread 10: (58000,1970000) ops and (1836.6,3639.6) ops/second in (31.579288,541.272438) seconds
2026/08/31-09:43:08  ... thread 12: (58000,1969000) ops and (1836.3,3637.7) ops/second in (31.584944,541.280699) seconds
2026/08/31-09:43:08  ... thread 1: (58000,1969000) ops and (1836.2,3637.7) ops/second in (31.587652,541.281347) seconds
2026/08/31-09:43:08  ... thread 8: (58000,1971000) ops and (1836.7,3641.3) ops/second in (31.577764,541.284402) seconds
2026/08/31-09:43:08  ... thread 9: (58000,1970000) ops and (1835.9,3639.5) ops/second in (31.591426,541.285218) seconds
2026/08/31-09:43:08  ... thread 15: (58000,1971000) ops and (1836.7,3641.3) ops/second in (31.579141,541.288612) seconds
2026/08/31-09:43:08  ... thread 6: (58000,1967000) ops and (1836.5,3633.9) ops/second in (31.582012,541.288842) seconds
2026/08/31-09:43:08  ... thread 2: (58000,1970000) ops and (1836.9,3639.5) ops/second in (31.574252,541.289697) seconds
2026/08/31-09:43:08  ... thread 3: (58000,1970000) ops and (1836.4,3639.4) ops/second in (31.582707,541.294061) seconds
2026/08/31-09:43:08  ... thread 4: (58000,1970000) ops and (1836.3,3639.4) ops/second in (31.585109,541.296065) seconds
2026/08/31-09:43:08  ... thread 13: (59000,1971000) ops and (1866.4,3641.3) ops/second in (31.612141,541.296960) seconds
2026/08/31-09:43:08  ... thread 0: (58000,1969000) ops and (1836.4,3637.6) ops/second in (31.583586,541.297068) seconds
2026/08/31-09:43:08  ... thread 7: (59000,1971000) ops and (1866.5,3641.3) ops/second in (31.610434,541.297236) seconds
2026/08/31-09:43:08  ... thread 14: (59000,1970000) ops and (1866.3,3639.4) ops/second in (31.612663,541.297358) seconds

** Compaction Stats [default] **
Level    Files   Size     Score Read(GB)  Rn(GB) Rnp1(GB) Write(GB) WPreComp(GB) Wnew(GB) Moved(GB) W-Amp Rd(MB/s) Wr(MB/s) Comp(sec) CompMergeCPU(sec) Comp(cnt) Avg(sec) KeyIn KeyDrop Rblob(GB) Wblob(GB)
-------------------------------------------------------------------------------------------------------------------------------------------------------------------------------------------------------------
  L0     10/5      1.16 GB   2.5     27.5     0.0     27.5      58.4      58.4     30.9       0.0   1.9     22.8     48.5   1234.30            123.31       618    1.997     59M    26K       0.0       0.0
  L1    136/15     8.22 GB   1.8    121.6    29.8     91.8     120.1     120.1     28.3       0.0   4.0    335.6    331.4    371.08            365.75        24   15.462    123M  1510K       0.0       0.0
  L2    344/19    19.04 GB   0.4     22.3    11.3     11.0      21.3      21.3     10.3       8.8   1.9     21.4     20.4   1070.54             66.55       109    9.821     22M  1057K       0.0       0.0
 Sum    490/39    28.41 GB   0.0    171.4    41.1    130.3     199.8     199.8     69.5       8.8   6.5     65.6     76.5   2675.92            555.61       751    3.563    205M  2594K       0.0       0.0
 Int      0/0      0.00 KB   0.0     17.9     3.9     13.9      19.1      19.1      5.2       0.0  12.6     90.6     97.0    201.90             56.62        35    5.769     19M   266K       0.0       0.0

** Compaction Stats [default] **
Priority    Files   Size     Score Read(GB)  Rn(GB) Rnp1(GB) Write(GB) WPreComp(GB) Wnew(GB) Moved(GB) W-Amp Rd(MB/s) Wr(MB/s) Comp(sec) CompMergeCPU(sec) Comp(cnt) Avg(sec) KeyIn KeyDrop Rblob(GB) Wblob(GB)
----------------------------------------------------------------------------------------------------------------------------------------------------------------------------------------------------------------
 Low      0/0      0.00 KB   0.0    171.4    41.1    130.3     168.9     168.9     38.5       0.0   0.0     94.2     92.8   1863.33            502.75       243    7.668    174M  2594K       0.0       0.0
High      0/0      0.00 KB   0.0      0.0     0.0      0.0      31.0      31.0     31.0       0.0   0.0      0.0     39.0    812.58             52.85       508    1.600     31M      0       0.0       0.0

Blob file count: 0, total size: 0.0 GB, garbage size: 0.0 GB, space amp: 0.0

Uptime(secs): 541.3 total, 56.1 interval
Flush(GB): cumulative 30.965, interval 1.523
AddFile(GB): cumulative 0.000, interval 0.000
AddFile(Total Files): cumulative 0, interval 0
AddFile(L0 Files): cumulative 0, interval 0
AddFile(Keys): cumulative 0, interval 0
Cumulative compaction: 199.85 GB write, 378.06 MB/s write, 171.45 GB read, 324.33 MB/s read, 2675.9 seconds
Interval compaction: 19.12 GB write, 349.25 MB/s write, 17.86 GB read, 326.24 MB/s read, 201.9 seconds
Estimated pending compaction bytes: 27553509128
Write Stall (count): cf-l0-file-count-limit-delays-with-ongoing-compaction: 24, cf-l0-file-count-limit-stops-with-ongoing-compaction: 0, l0-file-count-limit-delays: 24, l0-file-count-limit-stops: 0, memtable-limit-delays: 0, memtable-limit-stops: 355, pending-compaction-bytes-delays: 0, pending-compaction-bytes-stops: 0, total-delays: 24, total-stops: 355
interval: 19 total count
Block cache AutoHyperClockCache@0x6043b84412d0#2239720 capacity: 512.00 MB seed: 1 usage: 7.72 MB table_size: 3467 occupancy: 1832 collections: 3 last_copies: 2 last_secs: 0.000483 secs_since: 177
Block cache entry stats(count,size,portion): Misc(1832,7.51 MB,1.46582%)

** File Read Latency Histogram By Level [default] **
** Level 0 read latency histogram (micros):
Count: 14555677 Average: 3.1593  StdDev: 1534.37
Min: 0  Median: 0.8236  Max: 3176910
Percentiles: P50: 0.82 P75: 1.42 P99: 2.93 P99.9: 4.22 P99.99: 5.12
------------------------------------------------------
[       0,       1 ]  8836480  60.708%  60.708% ############
(       1,       2 ]  4956677  34.053%  94.761% #######
(       2,       3 ]   664656   4.566%  99.328% #
(       3,       4 ]    80116   0.550%  99.878% 
(       4,       6 ]    29178   0.200% 100.079% 
(       6,      10 ]    14984   0.103% 100.181% 
(      10,      15 ]     5297   0.036% 100.218% 
(      15,      22 ]     3170   0.022% 100.240% 
(      22,      34 ]      201   0.001% 100.241% 
(      34,      51 ]       38   0.000% 100.241% 
(      51,      76 ]      181   0.001% 100.243% 
(      76,     110 ]      365   0.003% 100.245% 
(     110,     170 ]       19   0.000% 100.245% 
(     170,     250 ]        5   0.000% 100.245% 
(     250,     380 ]        8   0.000% 100.245% 
(     380,     580 ]        5   0.000% 100.245% 
(     580,     870 ]       24   0.000% 100.245% 
(     870,    1300 ]       66   0.000% 100.246% 
(    1300,    1900 ]       26   0.000% 100.246% 
(    1900,    2900 ]       11   0.000% 100.246% 
(    2900,    4400 ]        1   0.000% 100.246% 
(    4400,    6600 ]        1   0.000% 100.246% 
(    6600,    9900 ]        5   0.000% 100.246% 
(   14000,   22000 ]        3   0.000% 100.246% 
(   22000,   33000 ]        7   0.000% 100.246% 
(   33000,   50000 ]       11   0.000% 100.246% 
(   50000,   75000 ]       24   0.000% 100.247% 
(   75000,  110000 ]       36   0.000% 100.247% 
(  110000,  170000 ]       16   0.000% 100.247% 
(  170000,  250000 ]       13   0.000% 100.247% 
(  250000,  380000 ]        3   0.000% 100.247% 
(  380000,  570000 ]        1   0.000% 100.247% 
(  570000,  860000 ]        1   0.000% 100.247% 
(  860000, 1200000 ]        2   0.000% 100.247% 
( 1200000, 1900000 ]        1   0.000% 100.247% 
( 2900000, 4300000 ]        3   0.000% 100.247% 

** Level 1 read latency histogram (micros):
Count: 27886460 Average: 1.3967  StdDev: 2.64
Min: 0  Median: 0.7541  Max: 4030
Percentiles: P50: 0.75 P75: 1.29 P99: 2.72 P99.9: 2.99 P99.99: 3.17
------------------------------------------------------
[       0,       1 ] 18490522  66.306%  66.306% #############
(       1,       2 ]  8450167  30.302%  96.608% ######
(       2,       3 ]   922855   3.309%  99.918% #
(       3,       4 ]   115394   0.414% 100.332% 
(       4,       6 ]    39288   0.141% 100.473% 
(       6,      10 ]    29163   0.105% 100.577% 
(      10,      15 ]     8197   0.029% 100.606% 
(      15,      22 ]     5034   0.018% 100.625% 
(      22,      34 ]      470   0.002% 100.626% 
(      34,      51 ]      152   0.001% 100.627% 
(      51,      76 ]      433   0.002% 100.628% 
(      76,     110 ]      536   0.002% 100.630% 
(     110,     170 ]      395   0.001% 100.632% 
(     170,     250 ]      175   0.001% 100.632% 
(     250,     380 ]       15   0.000% 100.632% 
(     380,     580 ]        5   0.000% 100.632% 
(     580,     870 ]       14   0.000% 100.632% 
(     870,    1300 ]        3   0.000% 100.632% 
(    1300,    1900 ]        2   0.000% 100.632% 
(    1900,    2900 ]        5   0.000% 100.632% 
(    2900,    4400 ]       12   0.000% 100.632% 

** Level 2 read latency histogram (micros):
Count: 885898 Average: 6.7390  StdDev: 1515.57
Min: 0  Median: 0.9269  Max: 1349607
Percentiles: P50: 0.93 P75: 1.50 P99: 2.80 P99.9: 3.69 P99.99: 3.92
------------------------------------------------------
[       0,       1 ]   477868  53.942%  53.942% ###########
(       1,       2 ]   376841  42.538%  96.479% #########
(       2,       3 ]    27877   3.147%  99.626% #
(       3,       4 ]     3514   0.397% 100.023% 
(       4,       6 ]     1388   0.157% 100.179% 
(       6,      10 ]     1213   0.137% 100.316% 
(      10,      15 ]      239   0.027% 100.343% 
(      15,      22 ]      135   0.015% 100.359% 
(      22,      34 ]       36   0.004% 100.363% 
(      34,      51 ]       45   0.005% 100.368% 
(      51,      76 ]      177   0.020% 100.388% 
(      76,     110 ]      120   0.014% 100.401% 
(     110,     170 ]        4   0.000% 100.402% 
(     170,     250 ]        4   0.000% 100.402% 
(     250,     380 ]        3   0.000% 100.403% 
(     380,     580 ]        2   0.000% 100.403% 
(     870,    1300 ]        2   0.000% 100.403% 
(    1300,    1900 ]        2   0.000% 100.403% 
(    1900,    2900 ]        2   0.000% 100.403% 
(    2900,    4400 ]        6   0.001% 100.404% 
(    4400,    6600 ]        1   0.000% 100.404% 
(    9900,   14000 ]        2   0.000% 100.404% 
(   14000,   22000 ]        4   0.000% 100.405% 
(   22000,   33000 ]       10   0.001% 100.406% 
(   33000,   50000 ]       23   0.003% 100.409% 
(   50000,   75000 ]       15   0.002% 100.410% 
(   75000,  110000 ]        4   0.000% 100.411% 
(  110000,  170000 ]        4   0.000% 100.411% 
( 1200000, 1900000 ]        1   0.000% 100.411% 


** DB Stats **
Uptime(secs): 541.3 total, 31.6 interval
Cumulative writes: 31M writes, 31M keys, 4037K commit groups, 7.8 writes per commit group, ingest: 30.70 GB, 58.07 MB/s
Cumulative WAL: 31M writes, 0 syncs, 31523819.00 writes per sync, written: 30.70 GB, 58.07 MB/s
Cumulative stall: 00:07:41.677 H:M:S, 85.3 percent
Interval writes: 930K writes, 930K keys, 118K commit groups, 7.9 writes per commit group, ingest: 927.33 MB, 29.36 MB/s
Interval WAL: 930K writes, 0 syncs, 930041.00 writes per sync, written: 0.91 GB, 29.36 MB/s
Interval stall: 00:00:29.625 H:M:S, 93.8 percent
Write Stall (count): write-buffer-manager-limit-stops: 0
num-running-compactions: 17
num-running-flushes: 0

2026/08/31-09:43:08  ... thread 5: (59000,1972000) ops and (1866.3,3643.1) ops/second in (31.614009,541.299486) seconds
2026/08/31-09:43:40  ... thread 2: (155000,2125000) ops and (4976.5,3712.2) ops/second in (31.146417,572.436114) seconds
2026/08/31-09:43:40  ... thread 10: (155000,2125000) ops and (4944.8,3711.0) ops/second in (31.346046,572.618484) seconds
2026/08/31-09:43:40  ... thread 15: (155000,2126000) ops and (4899.9,3710.8) ops/second in (31.633152,572.921764) seconds
2026/08/31-09:43:40  ... thread 6: (155000,2122000) ops and (4877.6,3702.9) ops/second in (31.777603,573.066445) seconds
2026/08/31-09:43:40  ... thread 3: (155000,2125000) ops and (4875.4,3708.0) ops/second in (31.792260,573.086321) seconds
2026/08/31-09:43:40  ... thread 9: (155000,2125000) ops and (4841.2,3706.6) ops/second in (32.016909,573.302127) seconds
2026/08/31-09:43:41  ... thread 4: (155000,2125000) ops and (4829.9,3706.0) ops/second in (32.091598,573.387663) seconds
2026/08/31-09:43:41  ... thread 0: (155000,2124000) ops and (4830.1,3704.3) ops/second in (32.090599,573.387667) seconds

** Compaction Stats [default] **
Level    Files   Size     Score Read(GB)  Rn(GB) Rnp1(GB) Write(GB) WPreComp(GB) Wnew(GB) Moved(GB) W-Amp Rd(MB/s) Wr(MB/s) Comp(sec) CompMergeCPU(sec) Comp(cnt) Avg(sec) KeyIn KeyDrop Rblob(GB) Wblob(GB)
-------------------------------------------------------------------------------------------------------------------------------------------------------------------------------------------------------------
  L0     21/19     3.59 GB   1.0     29.8     0.0     29.8      63.2      63.2     33.4       0.0   1.9     23.5     49.8   1299.84            133.04       667    1.949     64M    28K       0.0       0.0
  L1    108/108    6.56 GB   0.0    121.6    29.8     91.8     120.1     120.1     28.3       0.0   4.0    335.6    331.4    371.08            365.75        24   15.462    123M  1510K       0.0       0.0
  L2    373/0     20.45 GB   0.5     25.9    12.9     12.9      24.6      24.6     11.6       8.8   1.9     20.9     19.8   1269.42             77.67       136    9.334     26M  1295K       0.0       0.0
 Sum    502/127   30.61 GB   0.0    177.3    42.7    134.6     207.9     207.9     73.3       8.8   6.2     61.7     72.4   2940.34            576.46       827    3.555    214M  2835K       0.0       0.0
 Int      0/0      0.00 KB   0.0      3.4     0.6      2.8       5.5       5.5      2.7       0.0   2.5     24.6     39.7    142.50             13.09        56    2.545   5721K    98K       0.0       0.0

** Compaction Stats [default] **
Priority    Files   Size     Score Read(GB)  Rn(GB) Rnp1(GB) Write(GB) WPreComp(GB) Wnew(GB) Moved(GB) W-Amp Rd(MB/s) Wr(MB/s) Comp(sec) CompMergeCPU(sec) Comp(cnt) Avg(sec) KeyIn KeyDrop Rblob(GB) Wblob(GB)
----------------------------------------------------------------------------------------------------------------------------------------------------------------------------------------------------------------
 Low      0/0      0.00 KB   0.0    177.3    42.7    134.6     174.5     174.5     39.9       0.0   0.0     87.0     85.7   2085.85            519.80       279    7.476    180M  2835K       0.0       0.0
High      0/0      0.00 KB   0.0      0.0     0.0      0.0      33.4      33.4     33.4       0.0   0.0      0.0     40.0    854.49             56.66       548    1.559     33M      0       0.0       0.0

Blob file count: 0, total size: 0.0 GB, garbage size: 0.0 GB, space amp: 0.0

Uptime(secs): 573.4 total, 28.1 interval
Flush(GB): cumulative 33.405, interval 2.197
AddFile(GB): cumulative 0.000, interval 0.000
AddFile(Total Files): cumulative 0, interval 0
AddFile(L0 Files): cumulative 0, interval 0
AddFile(Keys): cumulative 0, interval 0
Cumulative compaction: 207.88 GB write, 371.25 MB/s write, 177.28 GB read, 316.59 MB/s read, 2940.3 seconds
Interval compaction: 5.53 GB write, 201.10 MB/s write, 3.43 GB read, 124.69 MB/s read, 142.5 seconds
Estimated pending compaction bytes: 30821586835
Write Stall (count): cf-l0-file-count-limit-delays-with-ongoing-compaction: 25, cf-l0-file-count-limit-stops-with-ongoing-compaction: 0, l0-file-count-limit-delays: 25, l0-file-count-limit-stops: 0, memtable-limit-delays: 0, memtable-limit-stops: 383, pending-compaction-bytes-delays: 0, pending-compaction-bytes-stops: 0, total-delays: 25, total-stops: 383
interval: 23 total count
Block cache AutoHyperClockCache@0x6043b84412d0#2239720 capacity: 512.00 MB seed: 1 usage: 9.11 MB table_size: 4212 occupancy: 2161 collections: 4 last_copies: 0 last_secs: 0.000347 secs_since: 28
Block cache entry stats(count,size,portion): Misc(2161,8.85 MB,1.72897%)

** File Read Latency Histogram By Level [default] **
** Level 0 read latency histogram (micros):
Count: 15492482 Average: 3.0804  StdDev: 1487.93
Min: 0  Median: 0.8209  Max: 3176910
Percentiles: P50: 0.82 P75: 1.42 P99: 2.93 P99.9: 4.26 P99.99: 5.16
------------------------------------------------------
[       0,       1 ]  9436198  60.908%  60.908% ############
(       1,       2 ]  5249590  33.885%  94.793% #######
(       2,       3 ]   701894   4.531%  99.324% #
(       3,       4 ]    85370   0.551%  99.875% 
(       4,       6 ]    30792   0.199% 100.073% 
(       6,      10 ]    15829   0.102% 100.176% 
(      10,      15 ]     5599   0.036% 100.212% 
(      15,      22 ]     3366   0.022% 100.233% 
(      22,      34 ]      205   0.001% 100.235% 
(      34,      51 ]       41   0.000% 100.235% 
(      51,      76 ]      201   0.001% 100.236% 
(      76,     110 ]      387   0.002% 100.239% 
(     110,     170 ]       19   0.000% 100.239% 
(     170,     250 ]        6   0.000% 100.239% 
(     250,     380 ]        8   0.000% 100.239% 
(     380,     580 ]        5   0.000% 100.239% 
(     580,     870 ]       26   0.000% 100.239% 
(     870,    1300 ]       67   0.000% 100.240% 
(    1300,    1900 ]       31   0.000% 100.240% 
(    1900,    2900 ]       11   0.000% 100.240% 
(    2900,    4400 ]        2   0.000% 100.240% 
(    4400,    6600 ]        1   0.000% 100.240% 
(    6600,    9900 ]        5   0.000% 100.240% 
(   14000,   22000 ]        3   0.000% 100.240% 
(   22000,   33000 ]        7   0.000% 100.240% 
(   33000,   50000 ]       14   0.000% 100.240% 
(   50000,   75000 ]       25   0.000% 100.240% 
(   75000,  110000 ]       37   0.000% 100.240% 
(  110000,  170000 ]       17   0.000% 100.241% 
(  170000,  250000 ]       13   0.000% 100.241% 
(  250000,  380000 ]        3   0.000% 100.241% 
(  380000,  570000 ]        1   0.000% 100.241% 
(  570000,  860000 ]        1   0.000% 100.241% 
(  860000, 1200000 ]        2   0.000% 100.241% 
( 1200000, 1900000 ]        1   0.000% 100.241% 
( 2900000, 4300000 ]        3   0.000% 100.241% 

** Level 1 read latency histogram (micros):
Count: 28857033 Average: 1.3975  StdDev: 2.60
Min: 0  Median: 0.7550  Max: 4030
Percentiles: P50: 0.76 P75: 1.29 P99: 2.72 P99.9: 3.00 P99.99: 3.18
------------------------------------------------------
[       0,       1 ] 19109420  66.221%  66.221% #############
(       1,       2 ]  8765508  30.376%  96.597% ######
(       2,       3 ]   957198   3.317%  99.914% #
(       3,       4 ]   119060   0.413% 100.326% 
(       4,       6 ]    40566   0.141% 100.467% 
(       6,      10 ]    30175   0.105% 100.571% 
(      10,      15 ]     8514   0.030% 100.601% 
(      15,      22 ]     5240   0.018% 100.619% 
(      22,      34 ]      490   0.002% 100.621% 
(      34,      51 ]      156   0.001% 100.621% 
(      51,      76 ]      436   0.002% 100.623% 
(      76,     110 ]      536   0.002% 100.625% 
(     110,     170 ]      395   0.001% 100.626% 
(     170,     250 ]      175   0.001% 100.627% 
(     250,     380 ]       15   0.000% 100.627% 
(     380,     580 ]        5   0.000% 100.627% 
(     580,     870 ]       14   0.000% 100.627% 
(     870,    1300 ]        3   0.000% 100.627% 
(    1300,    1900 ]        2   0.000% 100.627% 
(    1900,    2900 ]        5   0.000% 100.627% 
(    2900,    4400 ]       12   0.000% 100.627% 

** Level 2 read latency histogram (micros):
Count: 1115494 Average: 6.2906  StdDev: 1367.74
Min: 0  Median: 0.9383  Max: 1349607
Percentiles: P50: 0.94 P75: 1.51 P99: 2.83 P99.9: 3.68 P99.99: 3.87
------------------------------------------------------
[       0,       1 ]   594431  53.289%  53.289% ###########
(       1,       2 ]   479571  42.992%  96.280% #########
(       2,       3 ]    36654   3.286%  99.566% #
(       3,       4 ]     5436   0.487% 100.054% 
(       4,       6 ]     1875   0.168% 100.222% 
(       6,      10 ]     1518   0.136% 100.358% 
(      10,      15 ]      292   0.026% 100.384% 
(      15,      22 ]      154   0.014% 100.398% 
(      22,      34 ]       41   0.004% 100.401% 
(      34,      51 ]       64   0.006% 100.407% 
(      51,      76 ]      205   0.018% 100.426% 
(      76,     110 ]      136   0.012% 100.438% 
(     110,     170 ]        4   0.000% 100.438% 
(     170,     250 ]        4   0.000% 100.438% 
(     250,     380 ]        3   0.000% 100.439% 
(     380,     580 ]        2   0.000% 100.439% 
(     870,    1300 ]        4   0.000% 100.439% 
(    1300,    1900 ]        2   0.000% 100.439% 
(    1900,    2900 ]        2   0.000% 100.440% 
(    2900,    4400 ]        6   0.001% 100.440% 
(    4400,    6600 ]        1   0.000% 100.440% 
(    9900,   14000 ]        2   0.000% 100.440% 
(   14000,   22000 ]        5   0.000% 100.441% 
(   22000,   33000 ]       11   0.001% 100.442% 
(   33000,   50000 ]       26   0.002% 100.444% 
(   50000,   75000 ]       16   0.001% 100.446% 
(   75000,  110000 ]        9   0.001% 100.446% 
(  110000,  170000 ]        4   0.000% 100.447% 
( 1200000, 1900000 ]        1   0.000% 100.447% 


** DB Stats **
Uptime(secs): 573.4 total, 28.1 interval
Cumulative writes: 34M writes, 34M keys, 4352K commit groups, 7.8 writes per commit group, ingest: 33.11 GB, 59.13 MB/s
Cumulative WAL: 34M writes, 0 syncs, 34000997.00 writes per sync, written: 33.11 GB, 59.13 MB/s
Cumulative stall: 00:08:9.500 H:M:S, 85.4 percent
Interval writes: 2243K writes, 2243K keys, 285K commit groups, 7.9 writes per commit group, ingest: 2237.41 MB, 79.53 MB/s
Interval WAL: 2243K writes, 0 syncs, 2243935.00 writes per sync, written: 2.18 GB, 79.53 MB/s
Interval stall: 00:00:26.842 H:M:S, 95.4 percent
Write Stall (count): write-buffer-manager-limit-stops: 0
num-running-compactions: 2
num-running-flushes: 0

2026/08/31-09:43:41  ... thread 1: (155000,2124000) ops and (4814.1,3703.7) ops/second in (32.197327,573.478674) seconds
2026/08/31-09:43:41  ... thread 14: (155000,2125000) ops and (4816.3,3705.5) ops/second in (32.182080,573.479438) seconds
2026/08/31-09:43:41  ... thread 8: (155000,2126000) ops and (4812.1,3707.1) ops/second in (32.210493,573.494895) seconds
2026/08/31-09:43:41  ... thread 13: (155000,2126000) ops and (4797.2,3706.4) ops/second in (32.310224,573.607184) seconds
2026/08/31-09:43:41  ... thread 5: (155000,2127000) ops and (4760.5,3706.5) ops/second in (32.559886,573.859372) seconds
2026/08/31-09:43:41  ... thread 11: (156000,2125000) ops and (4768.5,3702.2) ops/second in (32.714837,573.982468) seconds
2026/08/31-09:43:41  ... thread 12: (156000,2125000) ops and (4756.3,3701.6) ops/second in (32.798492,574.079191) seconds
2026/08/31-09:43:41  ... thread 7: (155000,2126000) ops and (4723.3,3703.1) ops/second in (32.815873,574.113109) seconds
2026/08/31-09:44:15  ... thread 8: (34000,2160000) ops and (989.8,3553.5) ops/second in (34.351504,607.846399) seconds
2026/08/31-09:44:15  ... thread 13: (34000,2160000) ops and (993.0,3553.5) ops/second in (34.239343,607.846527) seconds
2026/08/31-09:44:15  ... thread 11: (34000,2159000) ops and (1004.0,3551.9) ops/second in (33.864802,607.847270) seconds
2026/08/31-09:44:15  ... thread 7: (34000,2160000) ops and (1007.8,3553.5) ops/second in (33.737143,607.850252) seconds
2026/08/31-09:44:15  ... thread 2: (36000,2161000) ops and (1016.3,3555.1) ops/second in (35.421716,607.857830) seconds
2026/08/31-09:44:15  ... thread 6: (35000,2157000) ops and (1005.9,3548.5) ops/second in (34.793937,607.860382) seconds
2026/08/31-09:44:15  ... thread 0: (35000,2159000) ops and (1015.3,3551.8) ops/second in (34.472768,607.860435) seconds

** Compaction Stats [default] **
Level    Files   Size     Score Read(GB)  Rn(GB) Rnp1(GB) Write(GB) WPreComp(GB) Wnew(GB) Moved(GB) W-Amp Rd(MB/s) Wr(MB/s) Comp(sec) CompMergeCPU(sec) Comp(cnt) Avg(sec) KeyIn KeyDrop Rblob(GB) Wblob(GB)
-------------------------------------------------------------------------------------------------------------------------------------------------------------------------------------------------------------
  L0      8/4    871.70 MB   2.0     30.3     0.0     30.3      64.2      64.2     33.9       0.0   1.9     23.0     48.7   1349.63            135.40       678    1.991     65M    29K       0.0       0.0
  L1    149/18     8.45 GB   1.8    131.4    33.0     98.4     129.6     129.6     31.3       0.0   3.9    332.3    327.8    404.96            394.25        25   16.199    133M  1766K       0.0       0.0
  L2    390/25    21.38 GB   0.5     28.0    14.0     14.0      26.6      26.6     12.6       8.8   1.9     20.7     19.6   1386.50             85.02       152    9.122     28M  1456K       0.0       0.0
 Sum    547/47    30.68 GB   0.0    189.7    47.0    142.7     220.5     220.5     77.8       8.8   6.5     61.9     71.9   3141.09            614.68       855    3.674    227M  3252K       0.0       0.0
 Int      0/0      0.00 KB   0.0      0.0     0.0      0.0       0.1       0.1      0.1       0.0   1.0      0.0     10.2      6.06              0.15         1    6.062     61K      0       0.0       0.0

** Compaction Stats [default] **
Priority    Files   Size     Score Read(GB)  Rn(GB) Rnp1(GB) Write(GB) WPreComp(GB) Wnew(GB) Moved(GB) W-Amp Rd(MB/s) Wr(MB/s) Comp(sec) CompMergeCPU(sec) Comp(cnt) Avg(sec) KeyIn KeyDrop Rblob(GB) Wblob(GB)
----------------------------------------------------------------------------------------------------------------------------------------------------------------------------------------------------------------
 Low      0/0      0.00 KB   0.0    189.7    47.0    142.7     186.5     186.5     43.8       0.0   0.0     86.1     84.6   2257.27            556.94       298    7.575    193M  3252K       0.0       0.0
High      0/0      0.00 KB   0.0      0.0     0.0      0.0      34.0      34.0     34.0       0.0   0.0      0.0     39.3    883.82             57.74       557    1.587     34M      0       0.0       0.0

Blob file count: 0, total size: 0.0 GB, garbage size: 0.0 GB, space amp: 0.0

Uptime(secs): 607.9 total, 2.6 interval
Flush(GB): cumulative 33.952, interval 0.061
AddFile(GB): cumulative 0.000, interval 0.000
AddFile(Total Files): cumulative 0, interval 0
AddFile(L0 Files): cumulative 0, interval 0
AddFile(Keys): cumulative 0, interval 0
Cumulative compaction: 220.47 GB write, 371.40 MB/s write, 189.73 GB read, 319.62 MB/s read, 3141.1 seconds
Interval compaction: 0.06 GB write, 23.92 MB/s write, 0.00 GB read, 0.00 MB/s read, 6.1 seconds
Estimated pending compaction bytes: 28756336422
Write Stall (count): cf-l0-file-count-limit-delays-with-ongoing-compaction: 28, cf-l0-file-count-limit-stops-with-ongoing-compaction: 0, l0-file-count-limit-delays: 28, l0-file-count-limit-stops: 0, memtable-limit-delays: 0, memtable-limit-stops: 396, pending-compaction-bytes-delays: 0, pending-compaction-bytes-stops: 0, total-delays: 28, total-stops: 396
interval: 0 total count
Block cache AutoHyperClockCache@0x6043b84412d0#2239720 capacity: 512.00 MB seed: 1 usage: 9.11 MB table_size: 4212 occupancy: 2161 collections: 4 last_copies: 1 last_secs: 0.000347 secs_since: 62
Block cache entry stats(count,size,portion): Misc(2161,8.85 MB,1.72897%)

** File Read Latency Histogram By Level [default] **
** Level 0 read latency histogram (micros):
Count: 16070187 Average: 3.0456  StdDev: 1461.77
Min: 0  Median: 0.8224  Max: 3176910
Percentiles: P50: 0.82 P75: 1.42 P99: 2.93 P99.9: 4.34 P99.99: 5.24
------------------------------------------------------
[       0,       1 ]  9769943  60.795%  60.795% ############
(       1,       2 ]  5457873  33.963%  94.758% #######
(       2,       3 ]   730600   4.546%  99.304% #
(       3,       4 ]    90158   0.561%  99.866% 
(       4,       6 ]    32175   0.200% 100.066% 
(       6,      10 ]    16557   0.103% 100.169% 
(      10,      15 ]     6088   0.038% 100.207% 
(      15,      22 ]     3701   0.023% 100.230% 
(      22,      34 ]      224   0.001% 100.231% 
(      34,      51 ]       42   0.000% 100.231% 
(      51,      76 ]      205   0.001% 100.233% 
(      76,     110 ]      394   0.002% 100.235% 
(     110,     170 ]       19   0.000% 100.235% 
(     170,     250 ]        6   0.000% 100.235% 
(     250,     380 ]        8   0.000% 100.235% 
(     380,     580 ]        5   0.000% 100.235% 
(     580,     870 ]       26   0.000% 100.235% 
(     870,    1300 ]       69   0.000% 100.236% 
(    1300,    1900 ]       31   0.000% 100.236% 
(    1900,    2900 ]       12   0.000% 100.236% 
(    2900,    4400 ]        2   0.000% 100.236% 
(    4400,    6600 ]        1   0.000% 100.236% 
(    6600,    9900 ]        5   0.000% 100.236% 
(   14000,   22000 ]        3   0.000% 100.236% 
(   22000,   33000 ]        8   0.000% 100.236% 
(   33000,   50000 ]       15   0.000% 100.236% 
(   50000,   75000 ]       25   0.000% 100.237% 
(   75000,  110000 ]       38   0.000% 100.237% 
(  110000,  170000 ]       18   0.000% 100.237% 
(  170000,  250000 ]       13   0.000% 100.237% 
(  250000,  380000 ]        3   0.000% 100.237% 
(  380000,  570000 ]        1   0.000% 100.237% 
(  570000,  860000 ]        1   0.000% 100.237% 
(  860000, 1200000 ]        2   0.000% 100.237% 
( 1200000, 1900000 ]        1   0.000% 100.237% 
( 2900000, 4300000 ]        3   0.000% 100.237% 

** Level 1 read latency histogram (micros):
Count: 30279905 Average: 1.3986  StdDev: 2.66
Min: 0  Median: 0.7557  Max: 4030
Percentiles: P50: 0.76 P75: 1.29 P99: 2.73 P99.9: 3.00 P99.99: 3.22
------------------------------------------------------
[       0,       1 ] 20034546  66.164%  66.164% #############
(       1,       2 ]  9211913  30.423%  96.587% ######
(       2,       3 ]  1003628   3.315%  99.902% #
(       3,       4 ]   124094   0.410% 100.311% 
(       4,       6 ]    42291   0.140% 100.451% 
(       6,      10 ]    31869   0.105% 100.556% 
(      10,      15 ]     9243   0.031% 100.587% 
(      15,      22 ]     5785   0.019% 100.606% 
(      22,      34 ]      517   0.002% 100.608% 
(      34,      51 ]      184   0.001% 100.608% 
(      51,      76 ]      496   0.002% 100.610% 
(      76,     110 ]      592   0.002% 100.612% 
(     110,     170 ]      409   0.001% 100.613% 
(     170,     250 ]      176   0.001% 100.614% 
(     250,     380 ]       15   0.000% 100.614% 
(     380,     580 ]        5   0.000% 100.614% 
(     580,     870 ]       15   0.000% 100.614% 
(     870,    1300 ]        3   0.000% 100.614% 
(    1300,    1900 ]        2   0.000% 100.614% 
(    1900,    2900 ]        5   0.000% 100.614% 
(    2900,    4400 ]       14   0.000% 100.614% 

** Level 2 read latency histogram (micros):
Count: 1625366 Average: 5.5190  StdDev: 1165.95
Min: 0  Median: 0.9463  Max: 1349607
Percentiles: P50: 0.95 P75: 1.51 P99: 2.80 P99.9: 3.50 P99.99: 3.68
------------------------------------------------------
[       0,       1 ]   858787  52.837%  52.837% ###########
(       1,       2 ]   707456  43.526%  96.362% #########
(       2,       3 ]    53496   3.291%  99.654% #
(       3,       4 ]     8044   0.495% 100.149% 
(       4,       6 ]     2734   0.168% 100.317% 
(       6,      10 ]     2224   0.137% 100.454% 
(      10,      15 ]      385   0.024% 100.477% 
(      15,      22 ]      197   0.012% 100.490% 
(      22,      34 ]       48   0.003% 100.493% 
(      34,      51 ]       68   0.004% 100.497% 
(      51,      76 ]      221   0.014% 100.510% 
(      76,     110 ]      153   0.009% 100.520% 
(     110,     170 ]        5   0.000% 100.520% 
(     170,     250 ]        4   0.000% 100.520% 
(     250,     380 ]        3   0.000% 100.520% 
(     380,     580 ]        2   0.000% 100.521% 
(     870,    1300 ]        4   0.000% 100.521% 
(    1300,    1900 ]        2   0.000% 100.521% 
(    1900,    2900 ]        4   0.000% 100.521% 
(    2900,    4400 ]        8   0.000% 100.522% 
(    4400,    6600 ]        2   0.000% 100.522% 
(    9900,   14000 ]        3   0.000% 100.522% 
(   14000,   22000 ]        5   0.000% 100.522% 
(   22000,   33000 ]       16   0.001% 100.523% 
(   33000,   50000 ]       28   0.002% 100.525% 
(   50000,   75000 ]       21   0.001% 100.526% 
(   75000,  110000 ]       13   0.001% 100.527% 
(  110000,  170000 ]        4   0.000% 100.527% 
(  250000,  380000 ]        1   0.000% 100.527% 
( 1200000, 1900000 ]        1   0.000% 100.527% 


** DB Stats **
Uptime(secs): 607.9 total, 2.6 interval
Cumulative writes: 34M writes, 34M keys, 4431K commit groups, 7.8 writes per commit group, ingest: 33.65 GB, 56.69 MB/s
Cumulative WAL: 34M writes, 0 syncs, 34559308.00 writes per sync, written: 33.65 GB, 56.69 MB/s
Cumulative stall: 00:08:38.214 H:M:S, 85.3 percent
Interval writes: 10K writes, 10K keys, 1314 commit groups, 7.8 writes per commit group, ingest: 10.21 MB, 3.93 MB/s
Interval WAL: 10K writes, 0 syncs, 10234.00 writes per sync, written: 0.01 GB, 3.93 MB/s
Interval stall: 00:00:8.458 H:M:S, 325.7 percent
Write Stall (count): write-buffer-manager-limit-stops: 0
num-running-compactions: 18
num-running-flushes: 1

2026/08/31-09:44:15  ... thread 1: (35000,2159000) ops and (1017.9,3551.8) ops/second in (34.383817,607.862491) seconds
2026/08/31-09:44:15  ... thread 14: (35000,2160000) ops and (1017.9,3553.4) ops/second in (34.383740,607.863178) seconds
2026/08/31-09:44:15  ... thread 4: (35000,2160000) ops and (1015.2,3553.4) ops/second in (34.476230,607.863893) seconds
2026/08/31-09:44:15  ... thread 15: (35000,2161000) ops and (1001.6,3555.1) ops/second in (34.942641,607.864405) seconds
2026/08/31-09:44:15  ... thread 9: (35000,2160000) ops and (1012.7,3553.4) ops/second in (34.561984,607.864111) seconds
2026/08/31-09:44:15  ... thread 3: (35000,2160000) ops and (1006.4,3553.4) ops/second in (34.778011,607.864332) seconds
2026/08/31-09:44:15  ... thread 5: (35000,2162000) ops and (1029.2,3556.7) ops/second in (34.005888,607.865260) seconds
2026/08/31-09:44:15  ... thread 10: (36000,2161000) ops and (1021.3,3555.0) ops/second in (35.249685,607.868169) seconds
2026/08/31-09:44:15  ... thread 12: (35000,2160000) ops and (1035.8,3553.4) ops/second in (33.789027,607.868218) seconds
2026/08/31-09:44:46  ... thread 14: (77000,2237000) ops and (2450.2,3499.2) ops/second in (31.425838,639.289016) seconds
2026/08/31-09:44:46  ... thread 1: (77000,2236000) ops and (2449.7,3497.6) ops/second in (31.432969,639.295460) seconds
2026/08/31-09:44:46  ... thread 0: (77000,2236000) ops and (2449.1,3497.6) ops/second in (31.439723,639.300158) seconds
2026/08/31-09:44:46  ... thread 6: (77000,2234000) ops and (2449.1,3494.4) ops/second in (31.439951,639.300333) seconds

** Compaction Stats [default] **
Level    Files   Size     Score Read(GB)  Rn(GB) Rnp1(GB) Write(GB) WPreComp(GB) Wnew(GB) Moved(GB) W-Amp Rd(MB/s) Wr(MB/s) Comp(sec) CompMergeCPU(sec) Comp(cnt) Avg(sec) KeyIn KeyDrop Rblob(GB) Wblob(GB)
-------------------------------------------------------------------------------------------------------------------------------------------------------------------------------------------------------------
  L0     14/13     2.13 GB   0.5     31.5     0.0     31.5      66.7      66.7     35.1       0.0   1.9     22.5     47.7   1432.16            141.00       703    2.037     67M    30K       0.0       0.0
  L1    117/117    6.57 GB   0.0    131.4    33.0     98.4     129.6     129.6     31.3       0.0   3.9    332.3    327.8    404.96            394.25        25   16.199    133M  1766K       0.0       0.0
  L2    428/0     22.94 GB   0.6     32.6    15.9     16.7      30.8      30.8     14.1       8.8   1.9     20.3     19.2   1645.30             98.73       182    9.040     33M  1778K       0.0       0.0
 Sum    559/130   31.64 GB   0.0    195.5    48.9    146.6     227.1     227.1     80.5       8.8   6.5     57.5     66.8   3482.41            633.98       910    3.827    234M  3575K       0.0       0.0
 Int      0/0      0.00 KB   0.0      5.7     1.9      3.9       6.7       6.7      2.8       0.0   5.2     16.9     19.7    347.38             19.46        56    6.203   7137K   322K       0.0       0.0

** Compaction Stats [default] **
Priority    Files   Size     Score Read(GB)  Rn(GB) Rnp1(GB) Write(GB) WPreComp(GB) Wnew(GB) Moved(GB) W-Amp Rd(MB/s) Wr(MB/s) Comp(sec) CompMergeCPU(sec) Comp(cnt) Avg(sec) KeyIn KeyDrop Rblob(GB) Wblob(GB)
----------------------------------------------------------------------------------------------------------------------------------------------------------------------------------------------------------------
 Low      0/0      0.00 KB   0.0    195.5    48.9    146.6     191.9     191.9     45.4       0.0   0.0     78.6     77.2   2545.48            573.94       333    7.644    198M  3575K       0.0       0.0
High      0/0      0.00 KB   0.0      0.0     0.0      0.0      35.2      35.2     35.2       0.0   0.0      0.0     38.4    936.93             60.05       577    1.624     35M      0       0.0       0.0

Blob file count: 0, total size: 0.0 GB, garbage size: 0.0 GB, space amp: 0.0

Uptime(secs): 639.3 total, 34.0 interval
Flush(GB): cumulative 35.168, interval 1.277
AddFile(GB): cumulative 0.000, interval 0.000
AddFile(Total Files): cumulative 0, interval 0
AddFile(L0 Files): cumulative 0, interval 0
AddFile(Keys): cumulative 0, interval 0
Cumulative compaction: 227.11 GB write, 363.77 MB/s write, 195.47 GB read, 313.09 MB/s read, 3482.4 seconds
Interval compaction: 6.70 GB write, 201.47 MB/s write, 5.74 GB read, 172.58 MB/s read, 347.4 seconds
Estimated pending compaction bytes: 27685867989
Write Stall (count): cf-l0-file-count-limit-delays-with-ongoing-compaction: 28, cf-l0-file-count-limit-stops-with-ongoing-compaction: 0, l0-file-count-limit-delays: 28, l0-file-count-limit-stops: 0, memtable-limit-delays: 0, memtable-limit-stops: 420, pending-compaction-bytes-delays: 0, pending-compaction-bytes-stops: 0, total-delays: 28, total-stops: 420
interval: 24 total count
Block cache AutoHyperClockCache@0x6043b84412d0#2239720 capacity: 512.00 MB seed: 1 usage: 9.11 MB table_size: 4212 occupancy: 2161 collections: 4 last_copies: 1 last_secs: 0.000347 secs_since: 94
Block cache entry stats(count,size,portion): Misc(2161,8.85 MB,1.72897%)

** File Read Latency Histogram By Level [default] **
** Level 0 read latency histogram (micros):
Count: 16628419 Average: 3.0576  StdDev: 1441.09
Min: 0  Median: 0.8285  Max: 3176910
Percentiles: P50: 0.83 P75: 1.43 P99: 2.94 P99.9: 4.43 P99.99: 5.30
------------------------------------------------------
[       0,       1 ] 10035796  60.353%  60.353% ############
(       1,       2 ]  5688110  34.207%  94.560% #######
(       2,       3 ]   783150   4.710%  99.270% #
(       3,       4 ]    97242   0.585%  99.855% 
(       4,       6 ]    34656   0.208% 100.063% 
(       6,      10 ]    17388   0.105% 100.168% 
(      10,      15 ]     6278   0.038% 100.206% 
(      15,      22 ]     3795   0.023% 100.229% 
(      22,      34 ]      235   0.001% 100.230% 
(      34,      51 ]       43   0.000% 100.230% 
(      51,      76 ]      218   0.001% 100.231% 
(      76,     110 ]      405   0.002% 100.234% 
(     110,     170 ]       19   0.000% 100.234% 
(     170,     250 ]        6   0.000% 100.234% 
(     250,     380 ]        9   0.000% 100.234% 
(     380,     580 ]        6   0.000% 100.234% 
(     580,     870 ]       27   0.000% 100.234% 
(     870,    1300 ]       72   0.000% 100.235% 
(    1300,    1900 ]       31   0.000% 100.235% 
(    1900,    2900 ]       12   0.000% 100.235% 
(    2900,    4400 ]        3   0.000% 100.235% 
(    4400,    6600 ]        1   0.000% 100.235% 
(    6600,    9900 ]        6   0.000% 100.235% 
(   14000,   22000 ]        4   0.000% 100.235% 
(   22000,   33000 ]       10   0.000% 100.235% 
(   33000,   50000 ]       15   0.000% 100.235% 
(   50000,   75000 ]       26   0.000% 100.235% 
(   75000,  110000 ]       39   0.000% 100.236% 
(  110000,  170000 ]       19   0.000% 100.236% 
(  170000,  250000 ]       13   0.000% 100.236% 
(  250000,  380000 ]        5   0.000% 100.236% 
(  380000,  570000 ]        1   0.000% 100.236% 
(  570000,  860000 ]        1   0.000% 100.236% 
(  860000, 1200000 ]        2   0.000% 100.236% 
( 1200000, 1900000 ]        1   0.000% 100.236% 
( 2900000, 4300000 ]        3   0.000% 100.236% 

** Level 1 read latency histogram (micros):
Count: 31762019 Average: 1.4032  StdDev: 2.77
Min: 0  Median: 0.7597  Max: 4030
Percentiles: P50: 0.76 P75: 1.30 P99: 2.74 P99.9: 3.06 P99.99: 3.27
------------------------------------------------------
[       0,       1 ] 20904896  65.817%  65.817% #############
(       1,       2 ]  9744732  30.680%  96.498% ######
(       2,       3 ]  1073130   3.379%  99.876% #
(       3,       4 ]   135459   0.426% 100.303% 
(       4,       6 ]    46321   0.146% 100.449% 
(       6,      10 ]    33617   0.106% 100.555% 
(      10,      15 ]     9707   0.031% 100.585% 
(      15,      22 ]     6010   0.019% 100.604% 
(      22,      34 ]      543   0.002% 100.606% 
(      34,      51 ]      189   0.001% 100.606% 
(      51,      76 ]      499   0.002% 100.608% 
(      76,     110 ]      596   0.002% 100.610% 
(     110,     170 ]      413   0.001% 100.611% 
(     170,     250 ]      176   0.001% 100.612% 
(     250,     380 ]       15   0.000% 100.612% 
(     380,     580 ]        5   0.000% 100.612% 
(     580,     870 ]       15   0.000% 100.612% 
(     870,    1300 ]        3   0.000% 100.612% 
(    1300,    1900 ]        2   0.000% 100.612% 
(    1900,    2900 ]        5   0.000% 100.612% 
(    2900,    4400 ]       17   0.000% 100.612% 

** Level 2 read latency histogram (micros):
Count: 1969708 Average: 6.4278  StdDev: 1336.88
Min: 0  Median: 0.9136  Max: 1349607
Percentiles: P50: 0.91 P75: 1.50 P99: 2.90 P99.9: 3.76 P99.99: 3.89
------------------------------------------------------
[       0,       1 ]  1078031  54.730%  54.730% ###########
(       1,       2 ]   805710  40.905%  95.636% ########
(       2,       3 ]    73855   3.750%  99.385% #
(       3,       4 ]    13328   0.677% 100.062% 
(       4,       6 ]     4568   0.232% 100.294% 
(       6,      10 ]     2678   0.136% 100.430% 
(      10,      15 ]      516   0.026% 100.456% 
(      15,      22 ]      257   0.013% 100.469% 
(      22,      34 ]       59   0.003% 100.472% 
(      34,      51 ]       85   0.004% 100.476% 
(      51,      76 ]      248   0.013% 100.489% 
(      76,     110 ]      183   0.009% 100.498% 
(     110,     170 ]        5   0.000% 100.498% 
(     170,     250 ]        4   0.000% 100.499% 
(     250,     380 ]        3   0.000% 100.499% 
(     380,     580 ]        2   0.000% 100.499% 
(     870,    1300 ]        4   0.000% 100.499% 
(    1300,    1900 ]        2   0.000% 100.499% 
(    1900,    2900 ]        4   0.000% 100.499% 
(    2900,    4400 ]        8   0.000% 100.500% 
(    4400,    6600 ]        3   0.000% 100.500% 
(    6600,    9900 ]        1   0.000% 100.500% 
(    9900,   14000 ]        3   0.000% 100.500% 
(   14000,   22000 ]        5   0.000% 100.500% 
(   22000,   33000 ]       16   0.001% 100.501% 
(   33000,   50000 ]       31   0.002% 100.503% 
(   50000,   75000 ]       23   0.001% 100.504% 
(   75000,  110000 ]       16   0.001% 100.505% 
(  110000,  170000 ]       11   0.001% 100.505% 
(  250000,  380000 ]        2   0.000% 100.505% 
(  570000,  860000 ]        2   0.000% 100.505% 
( 1200000, 1900000 ]        1   0.000% 100.505% 


** DB Stats **
Uptime(secs): 639.3 total, 31.4 interval
Cumulative writes: 35M writes, 35M keys, 4589K commit groups, 7.8 writes per commit group, ingest: 34.85 GB, 55.82 MB/s
Cumulative WAL: 35M writes, 0 syncs, 35791554.00 writes per sync, written: 34.85 GB, 55.82 MB/s
Cumulative stall: 00:09:6.280 H:M:S, 85.4 percent
Interval writes: 1232K writes, 1232K keys, 158K commit groups, 7.8 writes per commit group, ingest: 1228.67 MB, 39.08 MB/s
Interval WAL: 1232K writes, 0 syncs, 1232246.00 writes per sync, written: 1.20 GB, 39.08 MB/s
Interval stall: 00:00:28.066 H:M:S, 89.3 percent
Write Stall (count): write-buffer-manager-limit-stops: 0
num-running-compactions: 2
num-running-flushes: 1

2026/08/31-09:44:46  ... thread 3: (77000,2237000) ops and (2449.3,3499.1) ops/second in (31.436945,639.301277) seconds
2026/08/31-09:44:46  ... thread 2: (77000,2238000) ops and (2448.5,3500.7) ops/second in (31.447386,639.305216) seconds
2026/08/31-09:44:46  ... thread 9: (77000,2237000) ops and (2449.0,3499.1) ops/second in (31.441229,639.305340) seconds
2026/08/31-09:44:46  ... thread 4: (77000,2237000) ops and (2448.9,3499.1) ops/second in (31.442422,639.306315) seconds
2026/08/31-09:44:46  ... thread 11: (78000,2237000) ops and (2479.2,3499.1) ops/second in (31.461152,639.308422) seconds
2026/08/31-09:44:46  ... thread 5: (77000,2239000) ops and (2448.7,3502.2) ops/second in (31.444854,639.310114) seconds
2026/08/31-09:44:46  ... thread 15: (77000,2238000) ops and (2448.4,3500.6) ops/second in (31.449078,639.313483) seconds
2026/08/31-09:44:46  ... thread 10: (77000,2238000) ops and (2448.5,3500.6) ops/second in (31.448382,639.316551) seconds
2026/08/31-09:44:46  ... thread 8: (78000,2238000) ops and (2478.5,3500.6) ops/second in (31.470030,639.316429) seconds
2026/08/31-09:44:46  ... thread 13: (78000,2238000) ops and (2478.5,3500.6) ops/second in (31.471276,639.317803) seconds
2026/08/31-09:44:46  ... thread 12: (77000,2237000) ops and (2448.3,3499.0) ops/second in (31.450635,639.318853) seconds
2026/08/31-09:44:46  ... thread 7: (78000,2238000) ops and (2478.6,3500.6) ops/second in (31.469032,639.319284) seconds
2026/08/31-09:45:17  ... thread 9: (81000,2318000) ops and (2648.8,3460.3) ops/second in (30.580041,669.885381) seconds
2026/08/31-09:45:17  ... thread 8: (81000,2319000) ops and (2649.4,3461.8) ops/second in (30.572937,669.889366) seconds
2026/08/31-09:45:17  ... thread 5: (81000,2320000) ops and (2648.8,3463.3) ops/second in (30.579599,669.889713) seconds
2026/08/31-09:45:17  ... thread 2: (81000,2319000) ops and (2648.1,3461.7) ops/second in (30.587791,669.893007) seconds
2026/08/31-09:45:17  ... thread 10: (81000,2319000) ops and (2649.0,3461.7) ops/second in (30.577324,669.893875) seconds
2026/08/31-09:45:17  ... thread 4: (81000,2318000) ops and (2647.8,3460.2) ops/second in (30.591587,669.897902) seconds
2026/08/31-09:45:17  ... thread 11: (81000,2318000) ops and (2647.7,3460.2) ops/second in (30.592297,669.900719) seconds
2026/08/31-09:45:17  ... thread 3: (81000,2318000) ops and (2646.9,3460.2) ops/second in (30.601905,669.903182) seconds
2026/08/31-09:45:17  ... thread 13: (81000,2319000) ops and (2648.3,3461.7) ops/second in (30.585846,669.903649) seconds
2026/08/31-09:45:17  ... thread 12: (81000,2318000) ops and (2648.0,3460.2) ops/second in (30.589549,669.908402) seconds
2026/08/31-09:45:17  ... thread 6: (81000,2315000) ops and (2646.3,3455.7) ops/second in (30.608422,669.908755) seconds
2026/08/31-09:45:17  ... thread 14: (82000,2319000) ops and (2677.8,3461.7) ops/second in (30.622697,669.911713) seconds
2026/08/31-09:45:17  ... thread 7: (81000,2319000) ops and (2647.7,3461.7) ops/second in (30.592453,669.911737) seconds
2026/08/31-09:45:17  ... thread 0: (82000,2318000) ops and (2678.7,3460.2) ops/second in (30.612035,669.912193) seconds

** Compaction Stats [default] **
Level    Files   Size     Score Read(GB)  Rn(GB) Rnp1(GB) Write(GB) WPreComp(GB) Wnew(GB) Moved(GB) W-Amp Rd(MB/s) Wr(MB/s) Comp(sec) CompMergeCPU(sec) Comp(cnt) Avg(sec) KeyIn KeyDrop Rblob(GB) Wblob(GB)
-------------------------------------------------------------------------------------------------------------------------------------------------------------------------------------------------------------
  L0     11/4      1.82 GB   3.5     32.8     0.0     32.8      69.2      69.2     36.4       0.0   1.9     22.2     46.9   1510.18            146.67       729    2.072     70M    31K       0.0       0.0
  L1    109/0      6.33 GB   1.6    139.5    34.6    105.0     137.7     137.7     32.7       0.0   4.0    330.2    325.8    432.78            420.49        26   16.645    142M  1881K       0.0       0.0
  L2    456/0     24.35 GB   0.6     36.7    17.6     19.1      34.7      34.7     15.5       8.8   2.0     20.3     19.2   1849.13            110.69       213    8.681     37M  2091K       0.0       0.0
 Sum    576/4     32.50 GB   0.0    209.1    52.2    156.9     241.6     241.6     84.7       8.8   6.6     56.5     65.2   3792.09            677.85       968    3.917    249M  4004K       0.0       0.0
 Int      0/0      0.00 KB   0.0      0.2     0.0      0.2       0.4       0.4      0.1       0.0   3.0     17.1     25.6     14.61              0.90         3    4.871    371K    208       0.0       0.0

** Compaction Stats [default] **
Priority    Files   Size     Score Read(GB)  Rn(GB) Rnp1(GB) Write(GB) WPreComp(GB) Wnew(GB) Moved(GB) W-Amp Rd(MB/s) Wr(MB/s) Comp(sec) CompMergeCPU(sec) Comp(cnt) Avg(sec) KeyIn KeyDrop Rblob(GB) Wblob(GB)
----------------------------------------------------------------------------------------------------------------------------------------------------------------------------------------------------------------
 Low      0/0      0.00 KB   0.0    209.1    52.2    156.9     205.1     205.1     48.2       0.0   0.0     76.2     74.8   2807.86            615.51       370    7.589    212M  4004K       0.0       0.0
High      0/0      0.00 KB   0.0      0.0     0.0      0.0      36.4      36.4     36.4       0.0   0.0      0.0     37.9    984.23             62.34       598    1.646     37M      0       0.0       0.0

Blob file count: 0, total size: 0.0 GB, garbage size: 0.0 GB, space amp: 0.0

Uptime(secs): 669.9 total, 4.6 interval
Flush(GB): cumulative 36.446, interval 0.122
AddFile(GB): cumulative 0.000, interval 0.000
AddFile(Total Files): cumulative 0, interval 0
AddFile(L0 Files): cumulative 0, interval 0
AddFile(Keys): cumulative 0, interval 0
Cumulative compaction: 241.55 GB write, 369.22 MB/s write, 209.06 GB read, 319.55 MB/s read, 3792.1 seconds
Interval compaction: 0.37 GB write, 80.56 MB/s write, 0.24 GB read, 53.76 MB/s read, 14.6 seconds
Estimated pending compaction bytes: 26513028267
Write Stall (count): cf-l0-file-count-limit-delays-with-ongoing-compaction: 28, cf-l0-file-count-limit-stops-with-ongoing-compaction: 0, l0-file-count-limit-delays: 28, l0-file-count-limit-stops: 0, memtable-limit-delays: 0, memtable-limit-stops: 444, pending-compaction-bytes-delays: 0, pending-compaction-bytes-stops: 0, total-delays: 28, total-stops: 444
interval: 0 total count
Block cache AutoHyperClockCache@0x6043b84412d0#2239720 capacity: 512.00 MB seed: 1 usage: 9.11 MB table_size: 4212 occupancy: 2161 collections: 4 last_copies: 2 last_secs: 0.000347 secs_since: 124
Block cache entry stats(count,size,portion): Misc(2161,8.85 MB,1.72897%)

** File Read Latency Histogram By Level [default] **
** Level 0 read latency histogram (micros):
Count: 17043737 Average: 3.0481  StdDev: 1424.57
Min: 0  Median: 0.8269  Max: 3176910
Percentiles: P50: 0.83 P75: 1.43 P99: 2.94 P99.9: 4.48 P99.99: 5.33
------------------------------------------------------
[       0,       1 ] 10305473  60.465%  60.465% ############
(       1,       2 ]  5815952  34.124%  94.589% #######
(       2,       3 ]   797133   4.677%  99.266% #
(       3,       4 ]    99580   0.584%  99.850% 
(       4,       6 ]    35798   0.210% 100.060% 
(       6,      10 ]    17742   0.104% 100.164% 
(      10,      15 ]     6359   0.037% 100.201% 
(      15,      22 ]     3863   0.023% 100.224% 
(      22,      34 ]      242   0.001% 100.225% 
(      34,      51 ]       44   0.000% 100.226% 
(      51,      76 ]      224   0.001% 100.227% 
(      76,     110 ]      422   0.002% 100.229% 
(     110,     170 ]       20   0.000% 100.229% 
(     170,     250 ]        6   0.000% 100.230% 
(     250,     380 ]       10   0.000% 100.230% 
(     380,     580 ]        6   0.000% 100.230% 
(     580,     870 ]       27   0.000% 100.230% 
(     870,    1300 ]       74   0.000% 100.230% 
(    1300,    1900 ]       33   0.000% 100.230% 
(    1900,    2900 ]       13   0.000% 100.230% 
(    2900,    4400 ]        3   0.000% 100.231% 
(    4400,    6600 ]        1   0.000% 100.231% 
(    6600,    9900 ]        6   0.000% 100.231% 
(   14000,   22000 ]        4   0.000% 100.231% 
(   22000,   33000 ]       11   0.000% 100.231% 
(   33000,   50000 ]       16   0.000% 100.231% 
(   50000,   75000 ]       27   0.000% 100.231% 
(   75000,  110000 ]       40   0.000% 100.231% 
(  110000,  170000 ]       21   0.000% 100.231% 
(  170000,  250000 ]       13   0.000% 100.231% 
(  250000,  380000 ]        5   0.000% 100.231% 
(  380000,  570000 ]        1   0.000% 100.231% 
(  570000,  860000 ]        1   0.000% 100.231% 
(  860000, 1200000 ]        2   0.000% 100.231% 
( 1200000, 1900000 ]        1   0.000% 100.231% 
( 2900000, 4300000 ]        3   0.000% 100.231% 

** Level 1 read latency histogram (micros):
Count: 32650415 Average: 1.4022  StdDev: 3.44
Min: 0  Median: 0.7580  Max: 8012
Percentiles: P50: 0.76 P75: 1.30 P99: 2.74 P99.9: 3.07 P99.99: 3.29
------------------------------------------------------
[       0,       1 ] 21536843  65.962%  65.962% #############
(       1,       2 ]  9973048  30.545%  96.507% ######
(       2,       3 ]  1097565   3.362%  99.868% #
(       3,       4 ]   138427   0.424% 100.292% 
(       4,       6 ]    47762   0.146% 100.439% 
(       6,      10 ]    34582   0.106% 100.545% 
(      10,      15 ]     9950   0.030% 100.575% 
(      15,      22 ]     6174   0.019% 100.594% 
(      22,      34 ]      557   0.002% 100.596% 
(      34,      51 ]      209   0.001% 100.596% 
(      51,      76 ]      548   0.002% 100.598% 
(      76,     110 ]      650   0.002% 100.600% 
(     110,     170 ]      426   0.001% 100.601% 
(     170,     250 ]      179   0.001% 100.602% 
(     250,     380 ]       15   0.000% 100.602% 
(     380,     580 ]        6   0.000% 100.602% 
(     580,     870 ]       16   0.000% 100.602% 
(     870,    1300 ]        3   0.000% 100.602% 
(    1300,    1900 ]        2   0.000% 100.602% 
(    1900,    2900 ]        6   0.000% 100.602% 
(    2900,    4400 ]       17   0.000% 100.602% 
(    4400,    6600 ]        2   0.000% 100.602% 
(    6600,    9900 ]        1   0.000% 100.602% 

** Level 2 read latency histogram (micros):
Count: 2581864 Average: 7.5360  StdDev: 2830.33
Min: 0  Median: 0.8721  Max: 4134406
Percentiles: P50: 0.87 P75: 1.46 P99: 2.87 P99.9: 3.75 P99.99: 3.91
------------------------------------------------------
[       0,       1 ]  1480316  57.335%  57.335% ###########
(       1,       2 ]   996349  38.590%  95.925% ########
(       2,       3 ]    91061   3.527%  99.452% #
(       3,       4 ]    15335   0.594% 100.046% 
(       4,       6 ]     5350   0.207% 100.254% 
(       6,      10 ]     3310   0.128% 100.382% 
(      10,      15 ]      683   0.026% 100.408% 
(      15,      22 ]      370   0.014% 100.423% 
(      22,      34 ]       72   0.003% 100.425% 
(      34,      51 ]      183   0.007% 100.432% 
(      51,      76 ]      386   0.015% 100.447% 
(      76,     110 ]      279   0.011% 100.458% 
(     110,     170 ]      226   0.009% 100.467% 
(     170,     250 ]      299   0.012% 100.479% 
(     250,     380 ]      270   0.010% 100.489% 
(     380,     580 ]      224   0.009% 100.498% 
(     580,     870 ]      119   0.005% 100.502% 
(     870,    1300 ]       76   0.003% 100.505% 
(    1300,    1900 ]       72   0.003% 100.508% 
(    1900,    2900 ]       74   0.003% 100.511% 
(    2900,    4400 ]       59   0.002% 100.513% 
(    4400,    6600 ]       32   0.001% 100.514% 
(    6600,    9900 ]        7   0.000% 100.515% 
(    9900,   14000 ]        3   0.000% 100.515% 
(   14000,   22000 ]        5   0.000% 100.515% 
(   22000,   33000 ]       18   0.001% 100.516% 
(   33000,   50000 ]       33   0.001% 100.517% 
(   50000,   75000 ]       26   0.001% 100.518% 
(   75000,  110000 ]       18   0.001% 100.519% 
(  110000,  170000 ]       11   0.000% 100.519% 
(  170000,  250000 ]        1   0.000% 100.519% 
(  250000,  380000 ]        2   0.000% 100.519% 
(  570000,  860000 ]        2   0.000% 100.519% 
( 1200000, 1900000 ]        1   0.000% 100.519% 
( 2900000, 4300000 ]        1   0.000% 100.519% 


** DB Stats **
Uptime(secs): 669.9 total, 4.6 interval
Cumulative writes: 37M writes, 37M keys, 4757K commit groups, 7.8 writes per commit group, ingest: 36.12 GB, 55.22 MB/s
Cumulative WAL: 37M writes, 0 syncs, 37099218.00 writes per sync, written: 36.12 GB, 55.22 MB/s
Cumulative stall: 00:09:34.170 H:M:S, 85.7 percent
Interval writes: 11K writes, 11K keys, 1464 commit groups, 7.9 writes per commit group, ingest: 11.52 MB, 2.48 MB/s
Interval WAL: 11K writes, 0 syncs, 11549.00 writes per sync, written: 0.01 GB, 2.48 MB/s
Interval stall: 00:00:4.724 H:M:S, 101.7 percent
Write Stall (count): write-buffer-manager-limit-stops: 0
num-running-compactions: 2
num-running-flushes: 1

2026/08/31-09:45:17  ... thread 15: (82000,2320000) ops and (2679.4,3463.1) ops/second in (30.603491,669.916974) seconds
2026/08/31-09:45:17  ... thread 1: (82000,2318000) ops and (2677.7,3460.1) ops/second in (30.623516,669.918976) seconds
2026/08/31-09:45:52  ... thread 5: (132000,2452000) ops and (3723.8,3476.4) ops/second in (35.447358,705.337071) seconds
2026/08/31-09:45:52  ... thread 4: (132000,2450000) ops and (3724.1,3473.5) ops/second in (35.444427,705.342329) seconds
2026/08/31-09:45:52  ... thread 10: (132000,2451000) ops and (3723.6,3474.9) ops/second in (35.449708,705.343583) seconds
2026/08/31-09:45:52  ... thread 13: (132000,2451000) ops and (3724.6,3474.9) ops/second in (35.440510,705.344159) seconds
2026/08/31-09:45:52  ... thread 12: (132000,2450000) ops and (3725.0,3473.5) ops/second in (35.435834,705.344236) seconds
2026/08/31-09:45:53  ... thread 7: (132000,2451000) ops and (3724.8,3474.9) ops/second in (35.438116,705.349853) seconds
2026/08/31-09:45:53  ... thread 3: (132000,2450000) ops and (3723.9,3473.5) ops/second in (35.446744,705.349926) seconds
2026/08/31-09:45:53  ... thread 9: (133000,2451000) ops and (3750.1,3474.9) ops/second in (35.465863,705.351244) seconds
2026/08/31-09:45:53  ... thread 14: (132000,2451000) ops and (3724.6,3474.9) ops/second in (35.440101,705.351814) seconds
2026/08/31-09:45:53  ... thread 0: (132000,2450000) ops and (3724.5,3473.4) ops/second in (35.440640,705.352833) seconds
2026/08/31-09:45:53  ... thread 2: (132000,2451000) ops and (3722.5,3474.9) ops/second in (35.460486,705.353493) seconds

** Compaction Stats [default] **
Level    Files   Size     Score Read(GB)  Rn(GB) Rnp1(GB) Write(GB) WPreComp(GB) Wnew(GB) Moved(GB) W-Amp Rd(MB/s) Wr(MB/s) Comp(sec) CompMergeCPU(sec) Comp(cnt) Avg(sec) KeyIn KeyDrop Rblob(GB) Wblob(GB)
-------------------------------------------------------------------------------------------------------------------------------------------------------------------------------------------------------------
  L0     19/18     3.90 GB   0.5     34.9     0.0     34.9      73.4      73.4     38.5       0.0   1.9     22.6     47.5   1580.63            155.05       771    2.050     74M    33K       0.0       0.0
  L1    109/109    6.33 GB   0.0    139.5    34.6    105.0     137.7     137.7     32.7       0.0   4.0    330.2    325.8    432.78            420.49        26   16.645    142M  1881K       0.0       0.0
  L2    456/0     24.35 GB   0.6     36.7    17.6     19.1      34.7      34.7     15.5       8.8   2.0     20.3     19.2   1849.13            110.69       213    8.681     37M  2091K       0.0       0.0
 Sum    584/127   34.57 GB   0.0    211.1    52.2    158.9     245.7     245.7     86.8       8.8   6.4     56.0     65.1   3862.54            686.23      1010    3.824    254M  4006K       0.0       0.0
 Int      0/0      0.00 KB   0.0      2.3     0.0      2.3       4.5       4.5      2.2       0.0   2.1     27.9     54.4     85.06              9.28        45    1.890   4596K   2310       0.0       0.0

** Compaction Stats [default] **
Priority    Files   Size     Score Read(GB)  Rn(GB) Rnp1(GB) Write(GB) WPreComp(GB) Wnew(GB) Moved(GB) W-Amp Rd(MB/s) Wr(MB/s) Comp(sec) CompMergeCPU(sec) Comp(cnt) Avg(sec) KeyIn KeyDrop Rblob(GB) Wblob(GB)
----------------------------------------------------------------------------------------------------------------------------------------------------------------------------------------------------------------
 Low      0/0      0.00 KB   0.0    211.1    52.2    158.9     207.2     207.2     48.2       0.0   0.0     76.5     75.1   2826.56            620.57       378    7.478    214M  4006K       0.0       0.0
High      0/0      0.00 KB   0.0      0.0     0.0      0.0      38.5      38.5     38.5       0.0   0.0      0.0     38.1   1035.98             65.65       632    1.639     39M      0       0.0       0.0

Blob file count: 0, total size: 0.0 GB, garbage size: 0.0 GB, space amp: 0.0

Uptime(secs): 705.4 total, 40.1 interval
Flush(GB): cumulative 38.523, interval 2.198
AddFile(GB): cumulative 0.000, interval 0.000
AddFile(Total Files): cumulative 0, interval 0
AddFile(L0 Files): cumulative 0, interval 0
AddFile(Keys): cumulative 0, interval 0
Cumulative compaction: 245.70 GB write, 356.70 MB/s write, 211.13 GB read, 306.51 MB/s read, 3862.5 seconds
Interval compaction: 4.52 GB write, 115.36 MB/s write, 2.32 GB read, 59.26 MB/s read, 85.1 seconds
Estimated pending compaction bytes: 33572335485
Write Stall (count): cf-l0-file-count-limit-delays-with-ongoing-compaction: 31, cf-l0-file-count-limit-stops-with-ongoing-compaction: 0, l0-file-count-limit-delays: 31, l0-file-count-limit-stops: 0, memtable-limit-delays: 0, memtable-limit-stops: 463, pending-compaction-bytes-delays: 0, pending-compaction-bytes-stops: 0, total-delays: 31, total-stops: 463
interval: 22 total count
Block cache AutoHyperClockCache@0x6043b84412d0#2239720 capacity: 512.00 MB seed: 1 usage: 9.11 MB table_size: 4212 occupancy: 2161 collections: 4 last_copies: 2 last_secs: 0.000347 secs_since: 160
Block cache entry stats(count,size,portion): Misc(2161,8.85 MB,1.72897%)

** File Read Latency Histogram By Level [default] **
** Level 0 read latency histogram (micros):
Count: 18344464 Average: 2.9721  StdDev: 1374.85
Min: 0  Median: 0.8277  Max: 3176910
Percentiles: P50: 0.83 P75: 1.43 P99: 2.94 P99.9: 4.48 P99.99: 5.34
------------------------------------------------------
[       0,       1 ] 11081815  60.410%  60.410% ############
(       1,       2 ]  6272897  34.195%  94.605% #######
(       2,       3 ]   854708   4.659%  99.264% #
(       3,       4 ]   107383   0.585%  99.849% 
(       4,       6 ]    38550   0.210% 100.059% 
(       6,      10 ]    19102   0.104% 100.163% 
(      10,      15 ]     6980   0.038% 100.202% 
(      15,      22 ]     4230   0.023% 100.225% 
(      22,      34 ]      270   0.001% 100.226% 
(      34,      51 ]       47   0.000% 100.226% 
(      51,      76 ]      242   0.001% 100.228% 
(      76,     110 ]      438   0.002% 100.230% 
(     110,     170 ]       20   0.000% 100.230% 
(     170,     250 ]        6   0.000% 100.230% 
(     250,     380 ]       10   0.000% 100.230% 
(     380,     580 ]        6   0.000% 100.230% 
(     580,     870 ]       27   0.000% 100.230% 
(     870,    1300 ]       77   0.000% 100.231% 
(    1300,    1900 ]       38   0.000% 100.231% 
(    1900,    2900 ]       14   0.000% 100.231% 
(    2900,    4400 ]        3   0.000% 100.231% 
(    4400,    6600 ]        1   0.000% 100.231% 
(    6600,    9900 ]        6   0.000% 100.231% 
(   14000,   22000 ]        5   0.000% 100.231% 
(   22000,   33000 ]       11   0.000% 100.231% 
(   33000,   50000 ]       18   0.000% 100.231% 
(   50000,   75000 ]       28   0.000% 100.232% 
(   75000,  110000 ]       40   0.000% 100.232% 
(  110000,  170000 ]       23   0.000% 100.232% 
(  170000,  250000 ]       14   0.000% 100.232% 
(  250000,  380000 ]        5   0.000% 100.232% 
(  380000,  570000 ]        1   0.000% 100.232% 
(  570000,  860000 ]        1   0.000% 100.232% 
(  860000, 1200000 ]        2   0.000% 100.232% 
( 1200000, 1900000 ]        1   0.000% 100.232% 
( 2900000, 4300000 ]        3   0.000% 100.232% 

** Level 1 read latency histogram (micros):
Count: 34072029 Average: 1.3986  StdDev: 3.37
Min: 0  Median: 0.7545  Max: 8012
Percentiles: P50: 0.75 P75: 1.29 P99: 2.74 P99.9: 3.08 P99.99: 3.30
------------------------------------------------------
[       0,       1 ] 22578306  66.266%  66.266% #############
(       1,       2 ] 10305971  30.248%  96.514% ######
(       2,       3 ]  1141892   3.351%  99.865% #
(       3,       4 ]   141873   0.416% 100.282% 
(       4,       6 ]    49606   0.146% 100.427% 
(       6,      10 ]    35959   0.106% 100.533% 
(      10,      15 ]    10556   0.031% 100.564% 
(      15,      22 ]     6588   0.019% 100.583% 
(      22,      34 ]      582   0.002% 100.585% 
(      34,      51 ]      212   0.001% 100.586% 
(      51,      76 ]      549   0.002% 100.587% 
(      76,     110 ]      654   0.002% 100.589% 
(     110,     170 ]      426   0.001% 100.590% 
(     170,     250 ]      179   0.001% 100.591% 
(     250,     380 ]       15   0.000% 100.591% 
(     380,     580 ]        6   0.000% 100.591% 
(     580,     870 ]       16   0.000% 100.591% 
(     870,    1300 ]        3   0.000% 100.591% 
(    1300,    1900 ]        2   0.000% 100.591% 
(    1900,    2900 ]        6   0.000% 100.591% 
(    2900,    4400 ]       17   0.000% 100.591% 
(    4400,    6600 ]        2   0.000% 100.591% 
(    6600,    9900 ]        1   0.000% 100.591% 

** Level 2 read latency histogram (micros):
Count: 2581864 Average: 7.5360  StdDev: 2830.33
Min: 0  Median: 0.8721  Max: 4134406
Percentiles: P50: 0.87 P75: 1.46 P99: 2.87 P99.9: 3.75 P99.99: 3.91
------------------------------------------------------
[       0,       1 ]  1480316  57.335%  57.335% ###########
(       1,       2 ]   996349  38.590%  95.925% ########
(       2,       3 ]    91061   3.527%  99.452% #
(       3,       4 ]    15335   0.594% 100.046% 
(       4,       6 ]     5350   0.207% 100.254% 
(       6,      10 ]     3310   0.128% 100.382% 
(      10,      15 ]      683   0.026% 100.408% 
(      15,      22 ]      370   0.014% 100.423% 
(      22,      34 ]       72   0.003% 100.425% 
(      34,      51 ]      183   0.007% 100.432% 
(      51,      76 ]      386   0.015% 100.447% 
(      76,     110 ]      279   0.011% 100.458% 
(     110,     170 ]      226   0.009% 100.467% 
(     170,     250 ]      299   0.012% 100.479% 
(     250,     380 ]      270   0.010% 100.489% 
(     380,     580 ]      224   0.009% 100.498% 
(     580,     870 ]      119   0.005% 100.502% 
(     870,    1300 ]       76   0.003% 100.505% 
(    1300,    1900 ]       72   0.003% 100.508% 
(    1900,    2900 ]       74   0.003% 100.511% 
(    2900,    4400 ]       59   0.002% 100.513% 
(    4400,    6600 ]       32   0.001% 100.514% 
(    6600,    9900 ]        7   0.000% 100.515% 
(    9900,   14000 ]        3   0.000% 100.515% 
(   14000,   22000 ]        5   0.000% 100.515% 
(   22000,   33000 ]       18   0.001% 100.516% 
(   33000,   50000 ]       33   0.001% 100.517% 
(   50000,   75000 ]       26   0.001% 100.518% 
(   75000,  110000 ]       18   0.001% 100.519% 
(  110000,  170000 ]       11   0.000% 100.519% 
(  170000,  250000 ]        1   0.000% 100.519% 
(  250000,  380000 ]        2   0.000% 100.519% 
(  570000,  860000 ]        2   0.000% 100.519% 
( 1200000, 1900000 ]        1   0.000% 100.519% 
( 2900000, 4300000 ]        1   0.000% 100.519% 


** DB Stats **
Uptime(secs): 705.4 total, 35.4 interval
Cumulative writes: 39M writes, 39M keys, 5026K commit groups, 7.8 writes per commit group, ingest: 38.18 GB, 55.43 MB/s
Cumulative WAL: 39M writes, 0 syncs, 39210153.00 writes per sync, written: 38.18 GB, 55.43 MB/s
Cumulative stall: 00:10:5.278 H:M:S, 85.8 percent
Interval writes: 2110K writes, 2110K keys, 269K commit groups, 7.8 writes per commit group, ingest: 2104.81 MB, 59.39 MB/s
Interval WAL: 2110K writes, 0 syncs, 2110935.00 writes per sync, written: 2.06 GB, 59.39 MB/s
Interval stall: 00:00:31.108 H:M:S, 87.8 percent
Write Stall (count): write-buffer-manager-limit-stops: 0
num-running-compactions: 2
num-running-flushes: 0

2026/08/31-09:45:53  ... thread 11: (132000,2450000) ops and (3723.1,3473.4) ops/second in (35.454448,705.355167) seconds
2026/08/31-09:45:53  ... thread 6: (132000,2447000) ops and (3723.9,3469.2) ops/second in (35.446710,705.355465) seconds
2026/08/31-09:45:53  ... thread 15: (132000,2452000) ops and (3724.6,3476.3) ops/second in (35.439875,705.356849) seconds
2026/08/31-09:45:53  ... thread 8: (133000,2452000) ops and (3749.4,3476.2) ops/second in (35.471954,705.361320) seconds
2026/08/31-09:45:53  ... thread 1: (132000,2450000) ops and (3724.1,3473.4) ops/second in (35.444556,705.363532) seconds
2026/08/31-09:46:23  ... thread 0: (112000,2562000) ops and (3666.3,3481.4) ops/second in (30.548684,735.901517) seconds

** Compaction Stats [default] **
Level    Files   Size     Score Read(GB)  Rn(GB) Rnp1(GB) Write(GB) WPreComp(GB) Wnew(GB) Moved(GB) W-Amp Rd(MB/s) Wr(MB/s) Comp(sec) CompMergeCPU(sec) Comp(cnt) Avg(sec) KeyIn KeyDrop Rblob(GB) Wblob(GB)
-------------------------------------------------------------------------------------------------------------------------------------------------------------------------------------------------------------
  L0     15/8      2.25 GB   3.5     36.6     0.0     36.6      76.9      76.9     40.3       0.0   1.9     22.9     48.1   1635.74            162.74       807    2.027     78M    35K       0.0       0.0
  L1    120/0      7.31 GB   1.8    149.3    38.0    111.3     147.2     147.2     35.9       0.0   3.9    326.7    322.0    467.97            448.56        27   17.332    151M  2147K       0.0       0.0
  L2    497/0     26.09 GB   0.7     41.9    19.8     22.1      39.4      39.4     17.3       8.8   2.0     20.8     19.6   2063.80            130.22       254    8.125     42M  2514K       0.0       0.0
 Sum    632/8     35.66 GB   0.0    227.8    57.8    170.0     263.5     263.5     93.4       8.8   6.5     56.0     64.7   4167.52            741.52      1088    3.830    272M  4696K       0.0       0.0
 Int      0/0      0.00 KB   0.0      2.3     0.5      1.8       3.2       3.2      1.4       0.0   3.3     38.2     52.6     62.16              8.47        28    2.220   3354K   103K       0.0       0.0

** Compaction Stats [default] **
Priority    Files   Size     Score Read(GB)  Rn(GB) Rnp1(GB) Write(GB) WPreComp(GB) Wnew(GB) Moved(GB) W-Amp Rd(MB/s) Wr(MB/s) Comp(sec) CompMergeCPU(sec) Comp(cnt) Avg(sec) KeyIn KeyDrop Rblob(GB) Wblob(GB)
----------------------------------------------------------------------------------------------------------------------------------------------------------------------------------------------------------------
 Low      0/0      0.00 KB   0.0    227.8    57.8    170.0     223.2     223.2     53.1       0.0   0.0     75.3     73.7   3099.18            672.87       427    7.258    231M  4696K       0.0       0.0
High      0/0      0.00 KB   0.0      0.0     0.0      0.0      40.3      40.3     40.3       0.0   0.0      0.0     38.6   1068.33             68.65       661    1.616     40M      0       0.0       0.0

Blob file count: 0, total size: 0.0 GB, garbage size: 0.0 GB, space amp: 0.0

Uptime(secs): 735.9 total, 10.6 interval
Flush(GB): cumulative 40.290, interval 0.977
AddFile(GB): cumulative 0.000, interval 0.000
AddFile(Total Files): cumulative 0, interval 0
AddFile(L0 Files): cumulative 0, interval 0
AddFile(Keys): cumulative 0, interval 0
Cumulative compaction: 263.46 GB write, 366.60 MB/s write, 227.80 GB read, 316.98 MB/s read, 4167.5 seconds
Interval compaction: 3.19 GB write, 307.93 MB/s write, 2.32 GB read, 223.52 MB/s read, 62.2 seconds
Estimated pending compaction bytes: 32547172891
Write Stall (count): cf-l0-file-count-limit-delays-with-ongoing-compaction: 32, cf-l0-file-count-limit-stops-with-ongoing-compaction: 0, l0-file-count-limit-delays: 32, l0-file-count-limit-stops: 0, memtable-limit-delays: 0, memtable-limit-stops: 489, pending-compaction-bytes-delays: 0, pending-compaction-bytes-stops: 0, total-delays: 32, total-stops: 489
interval: 8 total count
Block cache AutoHyperClockCache@0x6043b84412d0#2239720 capacity: 512.00 MB seed: 1 usage: 10.44 MB table_size: 4856 occupancy: 2477 collections: 5 last_copies: 0 last_secs: 0.000389 secs_since: 10
Block cache entry stats(count,size,portion): Misc(2476,10.14 MB,1.98098%)

** File Read Latency Histogram By Level [default] **
** Level 0 read latency histogram (micros):
Count: 18879236 Average: 2.9728  StdDev: 1358.96
Min: 0  Median: 0.8250  Max: 3176910
Percentiles: P50: 0.82 P75: 1.42 P99: 2.94 P99.9: 4.52 P99.99: 5.38
------------------------------------------------------
[       0,       1 ] 11442373  60.608%  60.608% ############
(       1,       2 ]  6426248  34.039%  94.647% #######
(       2,       3 ]   871511   4.616%  99.263% #
(       3,       4 ]   110003   0.583%  99.846% 
(       4,       6 ]    39461   0.209% 100.055% 
(       6,      10 ]    19531   0.103% 100.158% 
(      10,      15 ]     7147   0.038% 100.196% 
(      15,      22 ]     4328   0.023% 100.219% 
(      22,      34 ]      275   0.001% 100.221% 
(      34,      51 ]       48   0.000% 100.221% 
(      51,      76 ]      252   0.001% 100.222% 
(      76,     110 ]      458   0.002% 100.225% 
(     110,     170 ]       20   0.000% 100.225% 
(     170,     250 ]        6   0.000% 100.225% 
(     250,     380 ]       12   0.000% 100.225% 
(     380,     580 ]        6   0.000% 100.225% 
(     580,     870 ]       29   0.000% 100.225% 
(     870,    1300 ]       81   0.000% 100.225% 
(    1300,    1900 ]       38   0.000% 100.226% 
(    1900,    2900 ]       14   0.000% 100.226% 
(    2900,    4400 ]        3   0.000% 100.226% 
(    4400,    6600 ]        2   0.000% 100.226% 
(    6600,    9900 ]        6   0.000% 100.226% 
(   14000,   22000 ]        5   0.000% 100.226% 
(   22000,   33000 ]       11   0.000% 100.226% 
(   33000,   50000 ]       19   0.000% 100.226% 
(   50000,   75000 ]       28   0.000% 100.226% 
(   75000,  110000 ]       42   0.000% 100.226% 
(  110000,  170000 ]       25   0.000% 100.226% 
(  170000,  250000 ]       14   0.000% 100.226% 
(  250000,  380000 ]        6   0.000% 100.227% 
(  380000,  570000 ]        1   0.000% 100.227% 
(  570000,  860000 ]        1   0.000% 100.227% 
(  860000, 1200000 ]        2   0.000% 100.227% 
( 1200000, 1900000 ]        1   0.000% 100.227% 
( 2900000, 4300000 ]        3   0.000% 100.227% 

** Level 1 read latency histogram (micros):
Count: 34782502 Average: 1.4048  StdDev: 3.45
Min: 0  Median: 0.7585  Max: 8012
Percentiles: P50: 0.76 P75: 1.30 P99: 2.76 P99.9: 3.17 P99.99: 3.38
------------------------------------------------------
[       0,       1 ] 22929078  65.921%  65.921% #############
(       1,       2 ] 10581452  30.422%  96.343% ######
(       2,       3 ]  1210809   3.481%  99.824% #
(       3,       4 ]   152442   0.438% 100.262% 
(       4,       6 ]    53415   0.154% 100.416% 
(       6,      10 ]    37745   0.109% 100.525% 
(      10,      15 ]    10980   0.032% 100.556% 
(      15,      22 ]     6870   0.020% 100.576% 
(      22,      34 ]      615   0.002% 100.578% 
(      34,      51 ]      237   0.001% 100.578% 
(      51,      76 ]      600   0.002% 100.580% 
(      76,     110 ]      709   0.002% 100.582% 
(     110,     170 ]      455   0.001% 100.583% 
(     170,     250 ]      183   0.001% 100.584% 
(     250,     380 ]       15   0.000% 100.584% 
(     380,     580 ]        6   0.000% 100.584% 
(     580,     870 ]       16   0.000% 100.584% 
(     870,    1300 ]        3   0.000% 100.584% 
(    1300,    1900 ]        3   0.000% 100.584% 
(    1900,    2900 ]        7   0.000% 100.584% 
(    2900,    4400 ]       19   0.000% 100.584% 
(    4400,    6600 ]        2   0.000% 100.584% 
(    6600,    9900 ]        1   0.000% 100.584% 

** Level 2 read latency histogram (micros):
Count: 3336940 Average: 13.1315  StdDev: 2586.50
Min: 0  Median: 0.9165  Max: 4134406
Percentiles: P50: 0.92 P75: 1.51 P99: 3.26 P99.9: 8.51 P99.99: 18.25
------------------------------------------------------
[       0,       1 ]  1820514  54.556%  54.556% ###########
(       1,       2 ]  1328757  39.820%  94.376% ########
(       2,       3 ]   147627   4.424%  98.800% #
(       3,       4 ]    25691   0.770%  99.570% 
(       4,       6 ]     8257   0.247%  99.817% 
(       6,      10 ]     4396   0.132%  99.949% 
(      10,      15 ]     1092   0.033%  99.982% 
(      15,      22 ]      587   0.018%  99.999% 
(      22,      34 ]      589   0.018% 100.017% 
(      34,      51 ]      987   0.030% 100.047% 
(      51,      76 ]     1434   0.043% 100.090% 
(      76,     110 ]      771   0.023% 100.113% 
(     110,     170 ]     1579   0.047% 100.160% 
(     170,     250 ]     2033   0.061% 100.221% 
(     250,     380 ]     1969   0.059% 100.280% 
(     380,     580 ]     2044   0.061% 100.341% 
(     580,     870 ]     1842   0.055% 100.396% 
(     870,    1300 ]     1298   0.039% 100.435% 
(    1300,    1900 ]     1088   0.033% 100.468% 
(    1900,    2900 ]      878   0.026% 100.494% 
(    2900,    4400 ]      543   0.016% 100.511% 
(    4400,    6600 ]      268   0.008% 100.519% 
(    6600,    9900 ]       68   0.002% 100.521% 
(    9900,   14000 ]       24   0.001% 100.521% 
(   14000,   22000 ]       29   0.001% 100.522% 
(   22000,   33000 ]       43   0.001% 100.523% 
(   33000,   50000 ]       58   0.002% 100.525% 
(   50000,   75000 ]       49   0.001% 100.527% 
(   75000,  110000 ]       48   0.001% 100.528% 
(  110000,  170000 ]       27   0.001% 100.529% 
(  170000,  250000 ]        9   0.000% 100.529% 
(  250000,  380000 ]        3   0.000% 100.529% 
(  380000,  570000 ]        2   0.000% 100.529% 
(  570000,  860000 ]        2   0.000% 100.529% 
( 1200000, 1900000 ]        1   0.000% 100.529% 
( 2900000, 4300000 ]        1   0.000% 100.529% 


** DB Stats **
Uptime(secs): 735.9 total, 10.6 interval
Cumulative writes: 40M writes, 40M keys, 5254K commit groups, 7.8 writes per commit group, ingest: 39.92 GB, 55.55 MB/s
Cumulative WAL: 40M writes, 0 syncs, 40999990.00 writes per sync, written: 39.92 GB, 55.55 MB/s
Cumulative stall: 00:10:32.086 H:M:S, 85.9 percent
Interval writes: 870K writes, 870K keys, 109K commit groups, 7.9 writes per commit group, ingest: 868.38 MB, 81.73 MB/s
Interval WAL: 870K writes, 0 syncs, 870923.00 writes per sync, written: 0.85 GB, 81.73 MB/s
Interval stall: 00:00:9.522 H:M:S, 89.6 percent
Write Stall (count): write-buffer-manager-limit-stops: 0
num-running-compactions: 2
num-running-flushes: 1

2026/08/31-09:46:23  ... thread 6: (112000,2559000) ops and (3665.7,3477.3) ops/second in (30.553110,735.908575) seconds
2026/08/31-09:46:23  ... thread 15: (112000,2564000) ops and (3665.9,3484.1) ops/second in (30.552135,735.908984) seconds
2026/08/31-09:46:23  ... thread 9: (112000,2563000) ops and (3665.0,3482.8) ops/second in (30.559743,735.910987) seconds
2026/08/31-09:46:23  ... thread 14: (112000,2563000) ops and (3664.7,3482.7) ops/second in (30.561988,735.913802) seconds
2026/08/31-09:46:23  ... thread 2: (112000,2563000) ops and (3664.4,3482.7) ops/second in (30.564228,735.917721) seconds
2026/08/31-09:46:23  ... thread 8: (112000,2564000) ops and (3665.4,3484.1) ops/second in (30.556193,735.917513) seconds
2026/08/31-09:46:23  ... thread 11: (112000,2562000) ops and (3664.6,3481.4) ops/second in (30.563064,735.918231) seconds
2026/08/31-09:46:23  ... thread 3: (112000,2562000) ops and (3663.7,3481.4) ops/second in (30.569972,735.919898) seconds
2026/08/31-09:46:23  ... thread 1: (112000,2562000) ops and (3665.3,3481.4) ops/second in (30.556680,735.920212) seconds
2026/08/31-09:46:23  ... thread 5: (113000,2565000) ops and (3694.0,3485.4) ops/second in (30.590140,735.927211) seconds
2026/08/31-09:46:23  ... thread 4: (113000,2563000) ops and (3694.5,3482.7) ops/second in (30.586369,735.928698) seconds
2026/08/31-09:46:23  ... thread 13: (113000,2564000) ops and (3694.5,3484.0) ops/second in (30.586119,735.930278) seconds
2026/08/31-09:46:23  ... thread 10: (113000,2564000) ops and (3694.3,3484.0) ops/second in (30.587266,735.930849) seconds
2026/08/31-09:46:23  ... thread 12: (113000,2563000) ops and (3694.1,3482.7) ops/second in (30.589421,735.933657) seconds
2026/08/31-09:46:23  ... thread 7: (113000,2564000) ops and (3694.5,3484.0) ops/second in (30.585900,735.935753) seconds
2026/08/31-09:46:56  ... thread 4: (100000,2663000) ops and (3047.6,3464.1) ops/second in (32.813186,768.741884) seconds
2026/08/31-09:46:56  ... thread 13: (100000,2664000) ops and (3047.5,3465.4) ops/second in (32.814030,768.744308) seconds
2026/08/31-09:46:56  ... thread 15: (101000,2665000) ops and (3075.9,3466.7) ops/second in (32.836301,768.745285) seconds
2026/08/31-09:46:56  ... thread 0: (101000,2663000) ops and (3075.1,3464.1) ops/second in (32.843987,768.745504) seconds

** Compaction Stats [default] **
Level    Files   Size     Score Read(GB)  Rn(GB) Rnp1(GB) Write(GB) WPreComp(GB) Wnew(GB) Moved(GB) W-Amp Rd(MB/s) Wr(MB/s) Comp(sec) CompMergeCPU(sec) Comp(cnt) Avg(sec) KeyIn KeyDrop Rblob(GB) Wblob(GB)
-------------------------------------------------------------------------------------------------------------------------------------------------------------------------------------------------------------
  L0     19/15     3.78 GB   2.0     38.1     0.0     38.1      79.9      79.9     41.8       0.0   1.9     23.0     48.2   1696.70            169.10       839    2.022     81M    36K       0.0       0.0
  L1    120/120    7.31 GB   0.0    149.3    38.0    111.3     147.2     147.2     35.9       0.0   3.9    326.7    322.0    467.97            448.56        27   17.332    151M  2147K       0.0       0.0
  L2    497/0     26.09 GB   0.7     41.9    19.8     22.1      39.4      39.4     17.3       8.8   2.0     20.8     19.6   2063.80            130.22       254    8.125     42M  2514K       0.0       0.0
 Sum    636/135   37.18 GB   0.0    229.3    57.8    171.5     266.5     266.5     95.0       8.8   6.4     55.5     64.5   4228.48            747.88      1120    3.775    275M  4697K       0.0       0.0
 Int      0/0      0.00 KB   0.0      3.8     0.5      3.3       6.2       6.2      3.0       0.0   2.4     31.5     51.9    123.12             14.83        60    2.052   6459K   104K       0.0       0.0

** Compaction Stats [default] **
Priority    Files   Size     Score Read(GB)  Rn(GB) Rnp1(GB) Write(GB) WPreComp(GB) Wnew(GB) Moved(GB) W-Amp Rd(MB/s) Wr(MB/s) Comp(sec) CompMergeCPU(sec) Comp(cnt) Avg(sec) KeyIn KeyDrop Rblob(GB) Wblob(GB)
----------------------------------------------------------------------------------------------------------------------------------------------------------------------------------------------------------------
 Low      0/0      0.00 KB   0.0    229.3    57.8    171.5     224.6     224.6     53.1       0.0   0.0     75.4     73.8   3115.72            676.66       433    7.196    233M  4697K       0.0       0.0
High      0/0      0.00 KB   0.0      0.0     0.0      0.0      41.9      41.9     41.9       0.0   0.0      0.0     38.5   1112.76             71.21       687    1.620     42M      0       0.0       0.0

Blob file count: 0, total size: 0.0 GB, garbage size: 0.0 GB, space amp: 0.0

Uptime(secs): 768.8 total, 43.5 interval
Flush(GB): cumulative 41.876, interval 2.563
AddFile(GB): cumulative 0.000, interval 0.000
AddFile(Total Files): cumulative 0, interval 0
AddFile(L0 Files): cumulative 0, interval 0
AddFile(Keys): cumulative 0, interval 0
Cumulative compaction: 266.51 GB write, 355.00 MB/s write, 229.27 GB read, 305.39 MB/s read, 4228.5 seconds
Interval compaction: 6.25 GB write, 147.12 MB/s write, 3.78 GB read, 89.16 MB/s read, 123.1 seconds
Estimated pending compaction bytes: 37427967561
Write Stall (count): cf-l0-file-count-limit-delays-with-ongoing-compaction: 33, cf-l0-file-count-limit-stops-with-ongoing-compaction: 0, l0-file-count-limit-delays: 33, l0-file-count-limit-stops: 0, memtable-limit-delays: 0, memtable-limit-stops: 505, pending-compaction-bytes-delays: 0, pending-compaction-bytes-stops: 0, total-delays: 33, total-stops: 505
interval: 25 total count
Block cache AutoHyperClockCache@0x6043b84412d0#2239720 capacity: 512.00 MB seed: 1 usage: 10.44 MB table_size: 4856 occupancy: 2477 collections: 5 last_copies: 0 last_secs: 0.000389 secs_since: 43
Block cache entry stats(count,size,portion): Misc(2476,10.14 MB,1.98098%)

** File Read Latency Histogram By Level [default] **
** Level 0 read latency histogram (micros):
Count: 19900996 Average: 2.9987  StdDev: 1366.55
Min: 0  Median: 0.8291  Max: 3176910
Percentiles: P50: 0.83 P75: 1.43 P99: 2.95 P99.9: 4.58 P99.99: 5.41
------------------------------------------------------
[       0,       1 ] 12002166  60.309%  60.309% ############
(       1,       2 ]  6810901  34.224%  94.533% #######
(       2,       3 ]   935438   4.700%  99.234% #
(       3,       4 ]   120166   0.604%  99.838% 
(       4,       6 ]    42937   0.216% 100.053% 
(       6,      10 ]    20764   0.104% 100.158% 
(      10,      15 ]     7623   0.038% 100.196% 
(      15,      22 ]     4634   0.023% 100.219% 
(      22,      34 ]      291   0.001% 100.221% 
(      34,      51 ]       49   0.000% 100.221% 
(      51,      76 ]      261   0.001% 100.222% 
(      76,     110 ]      478   0.002% 100.225% 
(     110,     170 ]       20   0.000% 100.225% 
(     170,     250 ]        6   0.000% 100.225% 
(     250,     380 ]       12   0.000% 100.225% 
(     380,     580 ]        6   0.000% 100.225% 
(     580,     870 ]       29   0.000% 100.225% 
(     870,    1300 ]       87   0.000% 100.225% 
(    1300,    1900 ]       38   0.000% 100.226% 
(    1900,    2900 ]       14   0.000% 100.226% 
(    2900,    4400 ]        3   0.000% 100.226% 
(    4400,    6600 ]        3   0.000% 100.226% 
(    6600,    9900 ]        6   0.000% 100.226% 
(   14000,   22000 ]        5   0.000% 100.226% 
(   22000,   33000 ]       13   0.000% 100.226% 
(   33000,   50000 ]       20   0.000% 100.226% 
(   50000,   75000 ]       28   0.000% 100.226% 
(   75000,  110000 ]       42   0.000% 100.226% 
(  110000,  170000 ]       26   0.000% 100.226% 
(  170000,  250000 ]       15   0.000% 100.227% 
(  250000,  380000 ]        6   0.000% 100.227% 
(  380000,  570000 ]        1   0.000% 100.227% 
(  570000,  860000 ]        1   0.000% 100.227% 
(  860000, 1200000 ]        2   0.000% 100.227% 
( 1200000, 1900000 ]        2   0.000% 100.227% 
( 2900000, 4300000 ]        3   0.000% 100.227% 

** Level 1 read latency histogram (micros):
Count: 36180647 Average: 1.4030  StdDev: 3.38
Min: 0  Median: 0.7566  Max: 8012
Percentiles: P50: 0.76 P75: 1.29 P99: 2.77 P99.9: 3.20 P99.99: 3.40
------------------------------------------------------
[       0,       1 ] 23911213  66.088%  66.088% #############
(       1,       2 ] 10937535  30.230%  96.319% ######
(       2,       3 ]  1264242   3.494%  99.813% #
(       3,       4 ]   159283   0.440% 100.253% 
(       4,       6 ]    55314   0.153% 100.406% 
(       6,      10 ]    39156   0.108% 100.514% 
(      10,      15 ]    11542   0.032% 100.546% 
(      15,      22 ]     7266   0.020% 100.566% 
(      22,      34 ]      636   0.002% 100.568% 
(      34,      51 ]      241   0.001% 100.569% 
(      51,      76 ]      600   0.002% 100.570% 
(      76,     110 ]      711   0.002% 100.572% 
(     110,     170 ]      455   0.001% 100.574% 
(     170,     250 ]      183   0.001% 100.574% 
(     250,     380 ]       15   0.000% 100.574% 
(     380,     580 ]        6   0.000% 100.574% 
(     580,     870 ]       16   0.000% 100.574% 
(     870,    1300 ]        3   0.000% 100.574% 
(    1300,    1900 ]        3   0.000% 100.574% 
(    1900,    2900 ]        7   0.000% 100.574% 
(    2900,    4400 ]       20   0.000% 100.574% 
(    4400,    6600 ]        2   0.000% 100.574% 
(    6600,    9900 ]        1   0.000% 100.574% 

** Level 2 read latency histogram (micros):
Count: 3336940 Average: 13.1315  StdDev: 2586.50
Min: 0  Median: 0.9165  Max: 4134406
Percentiles: P50: 0.92 P75: 1.51 P99: 3.26 P99.9: 8.51 P99.99: 18.25
------------------------------------------------------
[       0,       1 ]  1820514  54.556%  54.556% ###########
(       1,       2 ]  1328757  39.820%  94.376% ########
(       2,       3 ]   147627   4.424%  98.800% #
(       3,       4 ]    25691   0.770%  99.570% 
(       4,       6 ]     8257   0.247%  99.817% 
(       6,      10 ]     4396   0.132%  99.949% 
(      10,      15 ]     1092   0.033%  99.982% 
(      15,      22 ]      587   0.018%  99.999% 
(      22,      34 ]      589   0.018% 100.017% 
(      34,      51 ]      987   0.030% 100.047% 
(      51,      76 ]     1434   0.043% 100.090% 
(      76,     110 ]      771   0.023% 100.113% 
(     110,     170 ]     1579   0.047% 100.160% 
(     170,     250 ]     2033   0.061% 100.221% 
(     250,     380 ]     1969   0.059% 100.280% 
(     380,     580 ]     2044   0.061% 100.341% 
(     580,     870 ]     1842   0.055% 100.396% 
(     870,    1300 ]     1298   0.039% 100.435% 
(    1300,    1900 ]     1088   0.033% 100.468% 
(    1900,    2900 ]      878   0.026% 100.494% 
(    2900,    4400 ]      543   0.016% 100.511% 
(    4400,    6600 ]      268   0.008% 100.519% 
(    6600,    9900 ]       68   0.002% 100.521% 
(    9900,   14000 ]       24   0.001% 100.521% 
(   14000,   22000 ]       29   0.001% 100.522% 
(   22000,   33000 ]       43   0.001% 100.523% 
(   33000,   50000 ]       58   0.002% 100.525% 
(   50000,   75000 ]       49   0.001% 100.527% 
(   75000,  110000 ]       48   0.001% 100.528% 
(  110000,  170000 ]       27   0.001% 100.529% 
(  170000,  250000 ]        9   0.000% 100.529% 
(  250000,  380000 ]        3   0.000% 100.529% 
(  380000,  570000 ]        2   0.000% 100.529% 
(  570000,  860000 ]        2   0.000% 100.529% 
( 1200000, 1900000 ]        1   0.000% 100.529% 
( 2900000, 4300000 ]        1   0.000% 100.529% 


** DB Stats **
Uptime(secs): 768.8 total, 32.8 interval
Cumulative writes: 42M writes, 42M keys, 5462K commit groups, 7.8 writes per commit group, ingest: 41.50 GB, 55.28 MB/s
Cumulative WAL: 42M writes, 0 syncs, 42616478.00 writes per sync, written: 41.50 GB, 55.28 MB/s
Cumulative stall: 00:11:1.003 H:M:S, 86.0 percent
Interval writes: 1616K writes, 1616K keys, 207K commit groups, 7.8 writes per commit group, ingest: 1611.81 MB, 49.08 MB/s
Interval WAL: 1616K writes, 0 syncs, 1616488.00 writes per sync, written: 1.57 GB, 49.08 MB/s
Interval stall: 00:00:28.917 H:M:S, 88.0 percent
Write Stall (count): write-buffer-manager-limit-stops: 0
num-running-compactions: 1
num-running-flushes: 2

2026/08/31-09:46:56  ... thread 12: (100000,2663000) ops and (3047.6,3464.1) ops/second in (32.812592,768.746249) seconds
2026/08/31-09:46:56  ... thread 14: (101000,2664000) ops and (3076.2,3465.4) ops/second in (32.832769,768.746571) seconds
2026/08/31-09:46:56  ... thread 6: (101000,2660000) ops and (3075.4,3460.2) ops/second in (32.840797,768.749372) seconds
2026/08/31-09:46:56  ... thread 1: (101000,2663000) ops and (3076.5,3464.1) ops/second in (32.830035,768.750247) seconds
2026/08/31-09:46:56  ... thread 9: (101000,2664000) ops and (3075.5,3465.4) ops/second in (32.839827,768.750814) seconds
2026/08/31-09:46:56  ... thread 2: (101000,2664000) ops and (3076.1,3465.4) ops/second in (32.834008,768.751729) seconds
2026/08/31-09:46:56  ... thread 8: (101000,2665000) ops and (3075.6,3466.6) ops/second in (32.838600,768.756113) seconds
2026/08/31-09:46:56  ... thread 5: (101000,2666000) ops and (3076.0,3467.9) ops/second in (32.835061,768.762272) seconds
2026/08/31-09:46:56  ... thread 3: (101000,2663000) ops and (3075.1,3464.0) ops/second in (32.844726,768.764624) seconds
2026/08/31-09:46:56  ... thread 11: (101000,2663000) ops and (3074.9,3464.0) ops/second in (32.846892,768.765123) seconds
2026/08/31-09:46:56  ... thread 10: (101000,2665000) ops and (3075.6,3466.6) ops/second in (32.838800,768.769649) seconds
2026/08/31-09:46:56  ... thread 7: (101000,2665000) ops and (3076.0,3466.6) ops/second in (32.834502,768.770255) seconds
2026/08/31-09:47:29  ... thread 13: (89000,2753000) ops and (2677.0,3432.7) ops/second in (33.246143,801.990451) seconds
2026/08/31-09:47:29  ... thread 0: (89000,2752000) ops and (2676.8,3431.4) ops/second in (33.248282,801.993786) seconds
2026/08/31-09:47:29  ... thread 14: (89000,2753000) ops and (2676.9,3432.7) ops/second in (33.247362,801.993933) seconds

** Compaction Stats [default] **
Level    Files   Size     Score Read(GB)  Rn(GB) Rnp1(GB) Write(GB) WPreComp(GB) Wnew(GB) Moved(GB) W-Amp Rd(MB/s) Wr(MB/s) Comp(sec) CompMergeCPU(sec) Comp(cnt) Avg(sec) KeyIn KeyDrop Rblob(GB) Wblob(GB)
-------------------------------------------------------------------------------------------------------------------------------------------------------------------------------------------------------------
  L0     12/4      1.89 GB   4.0     39.6     0.0     39.6      82.9      82.9     43.2       0.0   1.9     23.0     48.1   1764.73            175.57       868    2.033     84M    38K       0.0       0.0
  L1    149/0      8.31 GB   2.1    159.9    41.4    118.6     157.5     157.5     38.9       0.0   3.8    324.9    320.0    504.11            481.32        28   18.004    162M  2439K       0.0       0.0
  L2    533/0     27.74 GB   0.7     46.6    21.8     24.8      43.8      43.8     18.9       8.8   2.0     20.4     19.1   2345.90            155.97       293    8.006     47M  2945K       0.0       0.0
 Sum    694/4     37.93 GB   0.0    246.2    63.2    183.0     284.1     284.1    101.1       8.8   6.6     54.6     63.1   4614.73            812.86      1189    3.881    294M  5423K       0.0       0.0
 Int      0/0      0.00 KB   0.0      5.6     1.8      3.7       6.3       6.3      2.5       0.0   5.7     17.4     19.6    326.84             29.10        57    5.734   6768K   387K       0.0       0.0

** Compaction Stats [default] **
Priority    Files   Size     Score Read(GB)  Rn(GB) Rnp1(GB) Write(GB) WPreComp(GB) Wnew(GB) Moved(GB) W-Amp Rd(MB/s) Wr(MB/s) Comp(sec) CompMergeCPU(sec) Comp(cnt) Avg(sec) KeyIn KeyDrop Rblob(GB) Wblob(GB)
----------------------------------------------------------------------------------------------------------------------------------------------------------------------------------------------------------------
 Low      0/0      0.00 KB   0.0    246.2    63.2    183.0     240.9     240.9     57.8       0.0   0.0     72.9     71.3   3460.44            739.12       479    7.224    250M  5423K       0.0       0.0
High      0/0      0.00 KB   0.0      0.0     0.0      0.0      43.3      43.3     43.3       0.0   0.0      0.0     38.4   1154.29             73.74       710    1.626     44M      0       0.0       0.0

Blob file count: 0, total size: 0.0 GB, garbage size: 0.0 GB, space amp: 0.0

Uptime(secs): 802.0 total, 16.7 interval
Flush(GB): cumulative 43.278, interval 1.097
AddFile(GB): cumulative 0.000, interval 0.000
AddFile(Total Files): cumulative 0, interval 0
AddFile(L0 Files): cumulative 0, interval 0
AddFile(Keys): cumulative 0, interval 0
Cumulative compaction: 284.15 GB write, 362.80 MB/s write, 246.22 GB read, 314.37 MB/s read, 4614.7 seconds
Interval compaction: 6.27 GB write, 384.33 MB/s write, 5.55 GB read, 340.44 MB/s read, 326.8 seconds
Estimated pending compaction bytes: 35690118051
Write Stall (count): cf-l0-file-count-limit-delays-with-ongoing-compaction: 35, cf-l0-file-count-limit-stops-with-ongoing-compaction: 0, l0-file-count-limit-delays: 35, l0-file-count-limit-stops: 0, memtable-limit-delays: 0, memtable-limit-stops: 527, pending-compaction-bytes-delays: 0, pending-compaction-bytes-stops: 0, total-delays: 35, total-stops: 527
interval: 17 total count
Block cache AutoHyperClockCache@0x6043b84412d0#2239720 capacity: 512.00 MB seed: 1 usage: 10.44 MB table_size: 4856 occupancy: 2477 collections: 5 last_copies: 1 last_secs: 0.000389 secs_since: 76
Block cache entry stats(count,size,portion): Misc(2476,10.14 MB,1.98098%)

** File Read Latency Histogram By Level [default] **
** Level 0 read latency histogram (micros):
Count: 20484938 Average: 2.9871  StdDev: 1348.41
Min: 0  Median: 0.8280  Max: 3176910
Percentiles: P50: 0.83 P75: 1.43 P99: 2.95 P99.9: 4.63 P99.99: 5.46
------------------------------------------------------
[       0,       1 ] 12369641  60.384%  60.384% ############
(       1,       2 ]  6991835  34.132%  94.516% #######
(       2,       3 ]   964739   4.710%  99.225% #
(       3,       4 ]   124319   0.607%  99.832% 
(       4,       6 ]    44419   0.217% 100.049% 
(       6,      10 ]    21418   0.105% 100.153% 
(      10,      15 ]     7914   0.039% 100.192% 
(      15,      22 ]     4831   0.024% 100.216% 
(      22,      34 ]      301   0.001% 100.217% 
(      34,      51 ]       50   0.000% 100.217% 
(      51,      76 ]      270   0.001% 100.219% 
(      76,     110 ]      494   0.002% 100.221% 
(     110,     170 ]       21   0.000% 100.221% 
(     170,     250 ]        7   0.000% 100.221% 
(     250,     380 ]       13   0.000% 100.221% 
(     380,     580 ]        6   0.000% 100.221% 
(     580,     870 ]       29   0.000% 100.221% 
(     870,    1300 ]       88   0.000% 100.222% 
(    1300,    1900 ]       44   0.000% 100.222% 
(    1900,    2900 ]       14   0.000% 100.222% 
(    2900,    4400 ]        4   0.000% 100.222% 
(    4400,    6600 ]        3   0.000% 100.222% 
(    6600,    9900 ]        6   0.000% 100.222% 
(   14000,   22000 ]        5   0.000% 100.222% 
(   22000,   33000 ]       13   0.000% 100.222% 
(   33000,   50000 ]       21   0.000% 100.222% 
(   50000,   75000 ]       29   0.000% 100.223% 
(   75000,  110000 ]       43   0.000% 100.223% 
(  110000,  170000 ]       28   0.000% 100.223% 
(  170000,  250000 ]       16   0.000% 100.223% 
(  250000,  380000 ]        6   0.000% 100.223% 
(  380000,  570000 ]        1   0.000% 100.223% 
(  570000,  860000 ]        1   0.000% 100.223% 
(  860000, 1200000 ]        2   0.000% 100.223% 
( 1200000, 1900000 ]        2   0.000% 100.223% 
( 2900000, 4300000 ]        3   0.000% 100.223% 

** Level 1 read latency histogram (micros):
Count: 37138758 Average: 1.4178  StdDev: 4.75
Min: 0  Median: 0.7647  Max: 12193
Percentiles: P50: 0.76 P75: 1.32 P99: 2.82 P99.9: 3.40 P99.99: 3.58
------------------------------------------------------
[       0,       1 ] 24283583  65.386%  65.386% #############
(       1,       2 ] 11326474  30.498%  95.884% ######
(       2,       3 ]  1416753   3.815%  99.699% #
(       3,       4 ]   187043   0.504% 100.202% 
(       4,       6 ]    68559   0.185% 100.387% 
(       6,      10 ]    43489   0.117% 100.504% 
(      10,      15 ]    12648   0.034% 100.538% 
(      15,      22 ]     8183   0.022% 100.560% 
(      22,      34 ]      731   0.002% 100.562% 
(      34,      51 ]      262   0.001% 100.563% 
(      51,      76 ]      676   0.002% 100.564% 
(      76,     110 ]      794   0.002% 100.567% 
(     110,     170 ]      466   0.001% 100.568% 
(     170,     250 ]      185   0.000% 100.568% 
(     250,     380 ]       16   0.000% 100.568% 
(     380,     580 ]        6   0.000% 100.568% 
(     580,     870 ]       16   0.000% 100.568% 
(     870,    1300 ]        3   0.000% 100.568% 
(    1300,    1900 ]        3   0.000% 100.568% 
(    1900,    2900 ]        7   0.000% 100.569% 
(    2900,    4400 ]       20   0.000% 100.569% 
(    4400,    6600 ]        2   0.000% 100.569% 
(    6600,    9900 ]        1   0.000% 100.569% 
(    9900,   14000 ]        3   0.000% 100.569% 

** Level 2 read latency histogram (micros):
Count: 4014410 Average: 35.8044  StdDev: 2789.21
Min: 0  Median: 1.0208  Max: 4134406
Percentiles: P50: 1.02 P75: 1.63 P99: 81.39 P99.9: 637.74 P99.99: 770.07
------------------------------------------------------
[       0,       1 ]  1972630  49.139%  49.139% ##########
(       1,       2 ]  1659130  41.329%  90.468% ########
(       2,       3 ]   257695   6.419%  96.887% #
(       3,       4 ]    51456   1.282%  98.169% 
(       4,       6 ]    17211   0.429%  98.598% 
(       6,      10 ]     5810   0.145%  98.743% 
(      10,      15 ]     1984   0.049%  98.792% 
(      15,      22 ]     1128   0.028%  98.820% 
(      22,      34 ]      853   0.021%  98.841% 
(      34,      51 ]     2233   0.056%  98.897% 
(      51,      76 ]     3795   0.095%  98.992% 
(      76,     110 ]     2150   0.054%  99.045% 
(     110,     170 ]     7124   0.177%  99.223% 
(     170,     250 ]     8205   0.204%  99.427% 
(     250,     380 ]     8568   0.213%  99.640% 
(     380,     580 ]     8847   0.220%  99.861% 
(     580,     870 ]     7918   0.197% 100.058% 
(     870,    1300 ]     5603   0.140% 100.198% 
(    1300,    1900 ]     4879   0.122% 100.319% 
(    1900,    2900 ]     4205   0.105% 100.424% 
(    2900,    4400 ]     2241   0.056% 100.480% 
(    4400,    6600 ]     1183   0.029% 100.509% 
(    6600,    9900 ]      323   0.008% 100.517% 
(    9900,   14000 ]      112   0.003% 100.520% 
(   14000,   22000 ]      127   0.003% 100.523% 
(   22000,   33000 ]      105   0.003% 100.526% 
(   33000,   50000 ]      159   0.004% 100.530% 
(   50000,   75000 ]      129   0.003% 100.533% 
(   75000,  110000 ]      152   0.004% 100.537% 
(  110000,  170000 ]      108   0.003% 100.539% 
(  170000,  250000 ]       67   0.002% 100.541% 
(  250000,  380000 ]       29   0.001% 100.542% 
(  380000,  570000 ]        7   0.000% 100.542% 
(  570000,  860000 ]        3   0.000% 100.542% 
( 1200000, 1900000 ]        1   0.000% 100.542% 
( 2900000, 4300000 ]        1   0.000% 100.542% 


** DB Stats **
Uptime(secs): 802.0 total, 16.7 interval
Cumulative writes: 44M writes, 44M keys, 5649K commit groups, 7.8 writes per commit group, ingest: 42.89 GB, 54.76 MB/s
Cumulative WAL: 44M writes, 0 syncs, 44042543.00 writes per sync, written: 42.89 GB, 54.76 MB/s
Cumulative stall: 00:11:30.189 H:M:S, 86.1 percent
Interval writes: 995K writes, 995K keys, 127K commit groups, 7.8 writes per commit group, ingest: 992.69 MB, 59.42 MB/s
Interval WAL: 995K writes, 0 syncs, 995578.00 writes per sync, written: 0.97 GB, 59.42 MB/s
Interval stall: 00:00:20.278 H:M:S, 121.4 percent
Write Stall (count): write-buffer-manager-limit-stops: 0
num-running-compactions: 1
num-running-flushes: 1

2026/08/31-09:47:29  ... thread 4: (89000,2752000) ops and (2676.5,3431.4) ops/second in (33.252550,801.994434) seconds
2026/08/31-09:47:29  ... thread 12: (89000,2752000) ops and (2676.8,3431.4) ops/second in (33.248150,801.994399) seconds
2026/08/31-09:47:29  ... thread 15: (90000,2755000) ops and (2706.6,3435.2) ops/second in (33.252575,801.997860) seconds
2026/08/31-09:47:29  ... thread 1: (89000,2752000) ops and (2676.9,3431.4) ops/second in (33.247776,801.998023) seconds
2026/08/31-09:47:29  ... thread 8: (89000,2754000) ops and (2677.1,3433.9) ops/second in (33.244710,802.000823) seconds
2026/08/31-09:47:29  ... thread 9: (89000,2753000) ops and (2676.1,3432.6) ops/second in (33.256762,802.007576) seconds
2026/08/31-09:47:29  ... thread 11: (89000,2752000) ops and (2677.2,3431.4) ops/second in (33.243145,802.008268) seconds
2026/08/31-09:47:29  ... thread 7: (89000,2754000) ops and (2677.6,3433.9) ops/second in (33.238248,802.008503) seconds
2026/08/31-09:47:29  ... thread 5: (89000,2755000) ops and (2676.9,3435.1) ops/second in (33.247583,802.009855) seconds
2026/08/31-09:47:29  ... thread 3: (89000,2752000) ops and (2677.0,3431.4) ops/second in (33.245791,802.010415) seconds
2026/08/31-09:47:29  ... thread 6: (90000,2750000) ops and (2705.6,3428.9) ops/second in (33.264636,802.014008) seconds
2026/08/31-09:47:29  ... thread 10: (89000,2754000) ops and (2676.8,3433.8) ops/second in (33.248678,802.018327) seconds
2026/08/31-09:47:29  ... thread 2: (90000,2754000) ops and (2705.4,3433.8) ops/second in (33.266641,802.018370) seconds
2026/08/31-09:48:04  ... thread 15: (62000,2817000) ops and (1793.2,3367.3) ops/second in (34.574629,836.572489) seconds
2026/08/31-09:48:04  ... thread 0: (62000,2814000) ops and (1792.9,3363.7) ops/second in (34.580199,836.573985) seconds

** Compaction Stats [default] **
Level    Files   Size     Score Read(GB)  Rn(GB) Rnp1(GB) Write(GB) WPreComp(GB) Wnew(GB) Moved(GB) W-Amp Rd(MB/s) Wr(MB/s) Comp(sec) CompMergeCPU(sec) Comp(cnt) Avg(sec) KeyIn KeyDrop Rblob(GB) Wblob(GB)
-------------------------------------------------------------------------------------------------------------------------------------------------------------------------------------------------------------
  L0     16/13     2.86 GB   1.5     40.4     0.0     40.4      84.6      84.6     44.2       0.0   1.9     22.4     47.0   1842.17            179.23       887    2.077     86M    38K       0.0       0.0
  L1    149/149    8.31 GB   0.0    159.9    41.4    118.6     157.5     157.5     38.9       0.0   3.8    324.9    320.0    504.11            481.32        28   18.004    162M  2439K       0.0       0.0
  L2    533/0     27.74 GB   0.7     46.6    21.8     24.8      43.8      43.8     18.9       8.8   2.0     20.4     19.1   2345.90            155.97       293    8.006     47M  2945K       0.0       0.0
 Sum    698/162   38.90 GB   0.0    246.9    63.2    183.8     285.9     285.9    102.1       8.8   6.5     53.9     62.4   4692.17            816.53      1208    3.884    296M  5424K       0.0       0.0
 Int      0/0      0.00 KB   0.0      6.3     1.8      4.5       8.0       8.0      3.5       0.0   3.8     15.9     20.2    404.28             32.76        76    5.319   8505K   388K       0.0       0.0

** Compaction Stats [default] **
Priority    Files   Size     Score Read(GB)  Rn(GB) Rnp1(GB) Write(GB) WPreComp(GB) Wnew(GB) Moved(GB) W-Amp Rd(MB/s) Wr(MB/s) Comp(sec) CompMergeCPU(sec) Comp(cnt) Avg(sec) KeyIn KeyDrop Rblob(GB) Wblob(GB)
----------------------------------------------------------------------------------------------------------------------------------------------------------------------------------------------------------------
 Low      0/0      0.00 KB   0.0    246.9    63.2    183.8     241.6     241.6     57.8       0.0   0.0     72.4     70.8   3492.73            741.02       482    7.246    251M  5424K       0.0       0.0
High      0/0      0.00 KB   0.0      0.0     0.0      0.0      44.3      44.3     44.3       0.0   0.0      0.0     37.8   1199.44             75.51       726    1.652     45M      0       0.0       0.0

Blob file count: 0, total size: 0.0 GB, garbage size: 0.0 GB, space amp: 0.0

Uptime(secs): 836.6 total, 51.3 interval
Flush(GB): cumulative 44.253, interval 2.072
AddFile(GB): cumulative 0.000, interval 0.000
AddFile(Total Files): cumulative 0, interval 0
AddFile(L0 Files): cumulative 0, interval 0
AddFile(Keys): cumulative 0, interval 0
Cumulative compaction: 285.85 GB write, 349.89 MB/s write, 246.95 GB read, 302.27 MB/s read, 4692.2 seconds
Interval compaction: 7.98 GB write, 159.25 MB/s write, 6.29 GB read, 125.50 MB/s read, 404.3 seconds
Estimated pending compaction bytes: 38802088660
Write Stall (count): cf-l0-file-count-limit-delays-with-ongoing-compaction: 35, cf-l0-file-count-limit-stops-with-ongoing-compaction: 0, l0-file-count-limit-delays: 35, l0-file-count-limit-stops: 0, memtable-limit-delays: 0, memtable-limit-stops: 540, pending-compaction-bytes-delays: 0, pending-compaction-bytes-stops: 0, total-delays: 35, total-stops: 540
interval: 30 total count
Block cache AutoHyperClockCache@0x6043b84412d0#2239720 capacity: 512.00 MB seed: 1 usage: 10.44 MB table_size: 4856 occupancy: 2477 collections: 5 last_copies: 1 last_secs: 0.000389 secs_since: 111
Block cache entry stats(count,size,portion): Misc(2476,10.14 MB,1.98098%)

** File Read Latency Histogram By Level [default] **
** Level 0 read latency histogram (micros):
Count: 21145905 Average: 2.9757  StdDev: 1328.51
Min: 0  Median: 0.8301  Max: 3176910
Percentiles: P50: 0.83 P75: 1.43 P99: 2.96 P99.9: 4.68 P99.99: 5.50
------------------------------------------------------
[       0,       1 ] 12736961  60.234%  60.234% ############
(       1,       2 ]  7230652  34.194%  94.428% #######
(       2,       3 ]  1009660   4.775%  99.203% #
(       3,       4 ]   131624   0.622%  99.825% 
(       4,       6 ]    46454   0.220% 100.045% 
(       6,      10 ]    22252   0.105% 100.150% 
(      10,      15 ]     8249   0.039% 100.189% 
(      15,      22 ]     5065   0.024% 100.213% 
(      22,      34 ]      309   0.001% 100.214% 
(      34,      51 ]       51   0.000% 100.215% 
(      51,      76 ]      271   0.001% 100.216% 
(      76,     110 ]      507   0.002% 100.218% 
(     110,     170 ]       22   0.000% 100.218% 
(     170,     250 ]        7   0.000% 100.218% 
(     250,     380 ]       13   0.000% 100.218% 
(     380,     580 ]        6   0.000% 100.218% 
(     580,     870 ]       31   0.000% 100.219% 
(     870,    1300 ]       89   0.000% 100.219% 
(    1300,    1900 ]       44   0.000% 100.219% 
(    1900,    2900 ]       14   0.000% 100.219% 
(    2900,    4400 ]        4   0.000% 100.219% 
(    4400,    6600 ]        3   0.000% 100.219% 
(    6600,    9900 ]        6   0.000% 100.219% 
(   14000,   22000 ]        5   0.000% 100.219% 
(   22000,   33000 ]       14   0.000% 100.219% 
(   33000,   50000 ]       22   0.000% 100.220% 
(   50000,   75000 ]       30   0.000% 100.220% 
(   75000,  110000 ]       45   0.000% 100.220% 
(  110000,  170000 ]       31   0.000% 100.220% 
(  170000,  250000 ]       16   0.000% 100.220% 
(  250000,  380000 ]        6   0.000% 100.220% 
(  380000,  570000 ]        1   0.000% 100.220% 
(  570000,  860000 ]        1   0.000% 100.220% 
(  860000, 1200000 ]        2   0.000% 100.220% 
( 1200000, 1900000 ]        2   0.000% 100.220% 
( 2900000, 4300000 ]        3   0.000% 100.220% 

** Level 1 read latency histogram (micros):
Count: 39207061 Average: 1.4124  StdDev: 4.62
Min: 0  Median: 0.7598  Max: 12193
Percentiles: P50: 0.76 P75: 1.31 P99: 2.82 P99.9: 3.40 P99.99: 3.58
------------------------------------------------------
[       0,       1 ] 25800204  65.805%  65.805% #############
(       1,       2 ] 11801965  30.102%  95.907% ######
(       2,       3 ]  1487991   3.795%  99.702% #
(       3,       4 ]   194816   0.497% 100.199% 
(       4,       6 ]    70879   0.181% 100.380% 
(       6,      10 ]    45490   0.116% 100.496% 
(      10,      15 ]    13320   0.034% 100.530% 
(      15,      22 ]     8623   0.022% 100.552% 
(      22,      34 ]      762   0.002% 100.553% 
(      34,      51 ]      265   0.001% 100.554% 
(      51,      76 ]      676   0.002% 100.556% 
(      76,     110 ]      797   0.002% 100.558% 
(     110,     170 ]      466   0.001% 100.559% 
(     170,     250 ]      186   0.000% 100.560% 
(     250,     380 ]       16   0.000% 100.560% 
(     380,     580 ]        6   0.000% 100.560% 
(     580,     870 ]       16   0.000% 100.560% 
(     870,    1300 ]        3   0.000% 100.560% 
(    1300,    1900 ]        3   0.000% 100.560% 
(    1900,    2900 ]        7   0.000% 100.560% 
(    2900,    4400 ]       20   0.000% 100.560% 
(    4400,    6600 ]        2   0.000% 100.560% 
(    6600,    9900 ]        1   0.000% 100.560% 
(    9900,   14000 ]        3   0.000% 100.560% 

** Level 2 read latency histogram (micros):
Count: 4014410 Average: 35.8044  StdDev: 2789.21
Min: 0  Median: 1.0208  Max: 4134406
Percentiles: P50: 1.02 P75: 1.63 P99: 81.39 P99.9: 637.74 P99.99: 770.07
------------------------------------------------------
[       0,       1 ]  1972630  49.139%  49.139% ##########
(       1,       2 ]  1659130  41.329%  90.468% ########
(       2,       3 ]   257695   6.419%  96.887% #
(       3,       4 ]    51456   1.282%  98.169% 
(       4,       6 ]    17211   0.429%  98.598% 
(       6,      10 ]     5810   0.145%  98.743% 
(      10,      15 ]     1984   0.049%  98.792% 
(      15,      22 ]     1128   0.028%  98.820% 
(      22,      34 ]      853   0.021%  98.841% 
(      34,      51 ]     2233   0.056%  98.897% 
(      51,      76 ]     3795   0.095%  98.992% 
(      76,     110 ]     2150   0.054%  99.045% 
(     110,     170 ]     7124   0.177%  99.223% 
(     170,     250 ]     8205   0.204%  99.427% 
(     250,     380 ]     8568   0.213%  99.640% 
(     380,     580 ]     8847   0.220%  99.861% 
(     580,     870 ]     7918   0.197% 100.058% 
(     870,    1300 ]     5603   0.140% 100.198% 
(    1300,    1900 ]     4879   0.122% 100.319% 
(    1900,    2900 ]     4205   0.105% 100.424% 
(    2900,    4400 ]     2241   0.056% 100.480% 
(    4400,    6600 ]     1183   0.029% 100.509% 
(    6600,    9900 ]      323   0.008% 100.517% 
(    9900,   14000 ]      112   0.003% 100.520% 
(   14000,   22000 ]      127   0.003% 100.523% 
(   22000,   33000 ]      105   0.003% 100.526% 
(   33000,   50000 ]      159   0.004% 100.530% 
(   50000,   75000 ]      129   0.003% 100.533% 
(   75000,  110000 ]      152   0.004% 100.537% 
(  110000,  170000 ]      108   0.003% 100.539% 
(  170000,  250000 ]       67   0.002% 100.541% 
(  250000,  380000 ]       29   0.001% 100.542% 
(  380000,  570000 ]        7   0.000% 100.542% 
(  570000,  860000 ]        3   0.000% 100.542% 
( 1200000, 1900000 ]        1   0.000% 100.542% 
( 2900000, 4300000 ]        1   0.000% 100.542% 


** DB Stats **
Uptime(secs): 836.6 total, 34.6 interval
Cumulative writes: 45M writes, 45M keys, 5776K commit groups, 7.8 writes per commit group, ingest: 43.85 GB, 53.68 MB/s
Cumulative WAL: 45M writes, 0 syncs, 45034457.00 writes per sync, written: 43.85 GB, 53.68 MB/s
Cumulative stall: 00:12:2.179 H:M:S, 86.3 percent
Interval writes: 991K writes, 991K keys, 126K commit groups, 7.8 writes per commit group, ingest: 989.04 MB, 28.60 MB/s
Interval WAL: 991K writes, 0 syncs, 991914.00 writes per sync, written: 0.97 GB, 28.60 MB/s
Interval stall: 00:00:31.989 H:M:S, 92.5 percent
Write Stall (count): write-buffer-manager-limit-stops: 0
num-running-compactions: 2
num-running-flushes: 1

2026/08/31-09:48:04  ... thread 12: (62000,2814000) ops and (1792.8,3363.7) ops/second in (34.583685,836.578084) seconds
2026/08/31-09:48:04  ... thread 13: (62000,2815000) ops and (1792.4,3364.9) ops/second in (34.590389,836.580840) seconds
2026/08/31-09:48:04  ... thread 4: (62000,2814000) ops and (1792.6,3363.7) ops/second in (34.587202,836.581636) seconds
2026/08/31-09:48:04  ... thread 1: (62000,2814000) ops and (1792.7,3363.7) ops/second in (34.584290,836.582313) seconds
2026/08/31-09:48:04  ... thread 11: (62000,2814000) ops and (1793.1,3363.7) ops/second in (34.576323,836.584591) seconds
2026/08/31-09:48:04  ... thread 7: (62000,2816000) ops and (1793.1,3366.1) ops/second in (34.576409,836.584912) seconds
2026/08/31-09:48:04  ... thread 8: (62000,2816000) ops and (1792.7,3366.1) ops/second in (34.584298,836.585121) seconds
2026/08/31-09:48:04  ... thread 5: (62000,2817000) ops and (1793.0,3367.2) ops/second in (34.579526,836.589381) seconds
2026/08/31-09:48:04  ... thread 9: (62000,2815000) ops and (1792.7,3364.8) ops/second in (34.585661,836.593237) seconds
2026/08/31-09:48:04  ... thread 6: (62000,2812000) ops and (1792.9,3361.2) ops/second in (34.580832,836.594840) seconds
2026/08/31-09:48:04  ... thread 3: (62000,2814000) ops and (1792.6,3363.6) ops/second in (34.587064,836.597479) seconds
2026/08/31-09:48:04  ... thread 2: (62000,2816000) ops and (1792.9,3366.0) ops/second in (34.580305,836.598675) seconds
2026/08/31-09:48:04  ... thread 10: (62000,2816000) ops and (1792.9,3366.0) ops/second in (34.580747,836.599074) seconds
2026/08/31-09:48:04  ... thread 14: (63000,2816000) ops and (1820.5,3366.0) ops/second in (34.606358,836.600291) seconds
2026/08/31-09:48:36  ... thread 10: (135000,2951000) ops and (4147.4,3395.3) ops/second in (32.550676,869.149750) seconds
2026/08/31-09:48:36  ... thread 0: (136000,2950000) ops and (4174.9,3394.1) ops/second in (32.575434,869.149419) seconds

** Compaction Stats [default] **
Level    Files   Size     Score Read(GB)  Rn(GB) Rnp1(GB) Write(GB) WPreComp(GB) Wnew(GB) Moved(GB) W-Amp Rd(MB/s) Wr(MB/s) Comp(sec) CompMergeCPU(sec) Comp(cnt) Avg(sec) KeyIn KeyDrop Rblob(GB) Wblob(GB)
-------------------------------------------------------------------------------------------------------------------------------------------------------------------------------------------------------------
  L0     20/20     3.05 GB   0.0     42.1     0.0     42.1      88.4      88.4     46.3       0.0   1.9     22.6     47.5   1905.29            187.51       928    2.053     89M    40K       0.0       0.0
  L1    158/158    9.14 GB   0.0    170.1    43.2    126.9     167.6     167.6     40.7       0.0   3.9    323.4    318.5    538.68            511.16        29   18.575    173M  2611K       0.0       0.0
  L2    549/0     28.44 GB   0.7     48.6    22.7     25.9      45.5      45.5     19.6       8.8   2.0     20.1     18.9   2473.34            166.49       309    8.004     49M  3135K       0.0       0.0
 Sum    727/178   40.62 GB   0.0    260.8    66.0    194.9     301.5     301.5    106.6       8.8   6.5     54.3     62.8   4917.31            865.16      1266    3.884    312M  5787K       0.0       0.0
 Int      0/0      0.00 KB   0.0      1.9     0.3      1.6       3.4       3.4      1.8       0.0   2.1     25.2     45.8     75.93              9.44        35    2.169   3519K    62K       0.0       0.0

** Compaction Stats [default] **
Priority    Files   Size     Score Read(GB)  Rn(GB) Rnp1(GB) Write(GB) WPreComp(GB) Wnew(GB) Moved(GB) W-Amp Rd(MB/s) Wr(MB/s) Comp(sec) CompMergeCPU(sec) Comp(cnt) Avg(sec) KeyIn KeyDrop Rblob(GB) Wblob(GB)
----------------------------------------------------------------------------------------------------------------------------------------------------------------------------------------------------------------
 Low      0/0      0.00 KB   0.0    260.8    66.0    194.9     255.1     255.1     60.2       0.0   0.0     72.8     71.2   3669.71            786.11       506    7.252    265M  5787K       0.0       0.0
High      0/0      0.00 KB   0.0      0.0     0.0      0.0      46.3      46.3     46.3       0.0   0.0      0.0     38.0   1247.60             79.04       760    1.642     47M      0       0.0       0.0

Blob file count: 0, total size: 0.0 GB, garbage size: 0.0 GB, space amp: 0.0

Uptime(secs): 869.2 total, 23.9 interval
Flush(GB): cumulative 46.329, interval 1.588
AddFile(GB): cumulative 0.000, interval 0.000
AddFile(Total Files): cumulative 0, interval 0
AddFile(L0 Files): cumulative 0, interval 0
AddFile(Keys): cumulative 0, interval 0
Cumulative compaction: 301.45 GB write, 355.16 MB/s write, 260.83 GB read, 307.30 MB/s read, 4917.3 seconds
Interval compaction: 3.40 GB write, 145.83 MB/s write, 1.87 GB read, 80.30 MB/s read, 75.9 seconds
Estimated pending compaction bytes: 42383323185
Write Stall (count): cf-l0-file-count-limit-delays-with-ongoing-compaction: 36, cf-l0-file-count-limit-stops-with-ongoing-compaction: 0, l0-file-count-limit-delays: 36, l0-file-count-limit-stops: 0, memtable-limit-delays: 0, memtable-limit-stops: 566, pending-compaction-bytes-delays: 0, pending-compaction-bytes-stops: 0, total-delays: 36, total-stops: 566
interval: 18 total count
Block cache AutoHyperClockCache@0x6043b84412d0#2239720 capacity: 512.00 MB seed: 1 usage: 10.44 MB table_size: 4856 occupancy: 2477 collections: 5 last_copies: 2 last_secs: 0.000389 secs_since: 143
Block cache entry stats(count,size,portion): Misc(2476,10.14 MB,1.98098%)

** File Read Latency Histogram By Level [default] **
** Level 0 read latency histogram (micros):
Count: 21940937 Average: 3.1289  StdDev: 1437.75
Min: 0  Median: 0.8322  Max: 3176910
Percentiles: P50: 0.83 P75: 1.43 P99: 2.96 P99.9: 4.71 P99.99: 5.54
------------------------------------------------------
[       0,       1 ] 13182623  60.082%  60.082% ############
(       1,       2 ]  7537219  34.352%  94.435% #######
(       2,       3 ]  1045511   4.765%  99.200% #
(       3,       4 ]   136561   0.622%  99.822% 
(       4,       6 ]    47802   0.218% 100.040% 
(       6,      10 ]    23041   0.105% 100.145% 
(      10,      15 ]     8583   0.039% 100.184% 
(      15,      22 ]     5279   0.024% 100.208% 
(      22,      34 ]      320   0.001% 100.210% 
(      34,      51 ]       51   0.000% 100.210% 
(      51,      76 ]      284   0.001% 100.211% 
(      76,     110 ]      531   0.002% 100.214% 
(     110,     170 ]       23   0.000% 100.214% 
(     170,     250 ]        7   0.000% 100.214% 
(     250,     380 ]       14   0.000% 100.214% 
(     380,     580 ]        6   0.000% 100.214% 
(     580,     870 ]       32   0.000% 100.214% 
(     870,    1300 ]       92   0.000% 100.214% 
(    1300,    1900 ]       46   0.000% 100.215% 
(    1900,    2900 ]       14   0.000% 100.215% 
(    2900,    4400 ]        4   0.000% 100.215% 
(    4400,    6600 ]        3   0.000% 100.215% 
(    6600,    9900 ]        6   0.000% 100.215% 
(   14000,   22000 ]        5   0.000% 100.215% 
(   22000,   33000 ]       14   0.000% 100.215% 
(   33000,   50000 ]       23   0.000% 100.215% 
(   50000,   75000 ]       32   0.000% 100.215% 
(   75000,  110000 ]       46   0.000% 100.215% 
(  110000,  170000 ]       33   0.000% 100.215% 
(  170000,  250000 ]       17   0.000% 100.216% 
(  250000,  380000 ]        6   0.000% 100.216% 
(  380000,  570000 ]        1   0.000% 100.216% 
(  570000,  860000 ]        1   0.000% 100.216% 
(  860000, 1200000 ]        2   0.000% 100.216% 
( 1200000, 1900000 ]        3   0.000% 100.216% 
( 1900000, 2900000 ]        1   0.000% 100.216% 
( 2900000, 4300000 ]        3   0.000% 100.216% 

** Level 1 read latency histogram (micros):
Count: 40518161 Average: 1.4152  StdDev: 4.55
Min: 0  Median: 0.7609  Max: 12193
Percentiles: P50: 0.76 P75: 1.31 P99: 2.83 P99.9: 3.45 P99.99: 3.63
------------------------------------------------------
[       0,       1 ] 26624136  65.709%  65.709% #############
(       1,       2 ] 12184549  30.072%  95.781% ######
(       2,       3 ]  1574998   3.887%  99.668% #
(       3,       4 ]   208174   0.514% 100.182% 
(       4,       6 ]    76837   0.190% 100.372% 
(       6,      10 ]    47957   0.118% 100.490% 
(      10,      15 ]    14013   0.035% 100.524% 
(      15,      22 ]     9117   0.023% 100.547% 
(      22,      34 ]      801   0.002% 100.549% 
(      34,      51 ]      287   0.001% 100.550% 
(      51,      76 ]      737   0.002% 100.551% 
(      76,     110 ]      863   0.002% 100.554% 
(     110,     170 ]      495   0.001% 100.555% 
(     170,     250 ]      189   0.000% 100.555% 
(     250,     380 ]       16   0.000% 100.555% 
(     380,     580 ]        6   0.000% 100.555% 
(     580,     870 ]       16   0.000% 100.555% 
(     870,    1300 ]        3   0.000% 100.555% 
(    1300,    1900 ]        3   0.000% 100.555% 
(    1900,    2900 ]        7   0.000% 100.555% 
(    2900,    4400 ]       20   0.000% 100.555% 
(    4400,    6600 ]        2   0.000% 100.555% 
(    6600,    9900 ]        1   0.000% 100.555% 
(    9900,   14000 ]        3   0.000% 100.555% 

** Level 2 read latency histogram (micros):
Count: 4289043 Average: 45.5045  StdDev: 2990.77
Min: 0  Median: 1.0562  Max: 4134406
Percentiles: P50: 1.06 P75: 1.66 P99: 198.29 P99.9: 797.16 P99.99: 938.66
------------------------------------------------------
[       0,       1 ]  2044115  47.659%  47.659% ##########
(       1,       2 ]  1785257  41.624%  89.283% ########
(       2,       3 ]   298839   6.967%  96.250% #
(       3,       4 ]    61971   1.445%  97.695% 
(       4,       6 ]    20723   0.483%  98.178% 
(       6,      10 ]     6340   0.148%  98.326% 
(      10,      15 ]     2327   0.054%  98.380% 
(      15,      22 ]     1339   0.031%  98.411% 
(      22,      34 ]     1039   0.024%  98.436% 
(      34,      51 ]     2699   0.063%  98.499% 
(      51,      76 ]     4834   0.113%  98.611% 
(      76,     110 ]     2768   0.065%  98.676% 
(     110,     170 ]     9910   0.231%  98.907% 
(     170,     250 ]    11287   0.263%  99.170% 
(     250,     380 ]    11790   0.275%  99.445% 
(     380,     580 ]    11603   0.271%  99.716% 
(     580,     870 ]    10567   0.246%  99.962% 
(     870,    1300 ]     7553   0.176% 100.138% 
(    1300,    1900 ]     6386   0.149% 100.287% 
(    1900,    2900 ]     5296   0.123% 100.410% 
(    2900,    4400 ]     2721   0.063% 100.474% 
(    4400,    6600 ]     1397   0.033% 100.506% 
(    6600,    9900 ]      370   0.009% 100.515% 
(    9900,   14000 ]      141   0.003% 100.518% 
(   14000,   22000 ]      166   0.004% 100.522% 
(   22000,   33000 ]      142   0.003% 100.525% 
(   33000,   50000 ]      213   0.005% 100.530% 
(   50000,   75000 ]      186   0.004% 100.535% 
(   75000,  110000 ]      210   0.005% 100.540% 
(  110000,  170000 ]      165   0.004% 100.544% 
(  170000,  250000 ]      103   0.002% 100.546% 
(  250000,  380000 ]       37   0.001% 100.547% 
(  380000,  570000 ]       14   0.000% 100.547% 
(  570000,  860000 ]        5   0.000% 100.547% 
(  860000, 1200000 ]        1   0.000% 100.547% 
( 1200000, 1900000 ]        1   0.000% 100.547% 
( 2900000, 4300000 ]        1   0.000% 100.547% 


** DB Stats **
Uptime(secs): 869.2 total, 23.9 interval
Cumulative writes: 47M writes, 47M keys, 6051K commit groups, 7.8 writes per commit group, ingest: 45.97 GB, 54.16 MB/s
Cumulative WAL: 47M writes, 0 syncs, 47206684.00 writes per sync, written: 45.97 GB, 54.16 MB/s
Cumulative stall: 00:12:30.962 H:M:S, 86.4 percent
Interval writes: 1554K writes, 1554K keys, 196K commit groups, 7.9 writes per commit group, ingest: 1549.89 MB, 64.97 MB/s
Interval WAL: 1554K writes, 0 syncs, 1554419.00 writes per sync, written: 1.51 GB, 64.97 MB/s
Interval stall: 00:00:21.453 H:M:S, 89.9 percent
Write Stall (count): write-buffer-manager-limit-stops: 0
num-running-compactions: 3
num-running-flushes: 1

2026/08/31-09:48:37  ... thread 15: (136000,2953000) ops and (4145.8,3396.7) ops/second in (32.804005,869.376494) seconds
2026/08/31-09:48:37  ... thread 2: (135000,2951000) ops and (4116.6,3394.3) ops/second in (32.793937,869.392612) seconds
2026/08/31-09:48:37  ... thread 12: (136000,2950000) ops and (4137.0,3392.9) ops/second in (32.873706,869.451790) seconds
2026/08/31-09:48:37  ... thread 8: (136000,2952000) ops and (4121.5,3394.7) ops/second in (32.997893,869.583014) seconds
2026/08/31-09:48:37  ... thread 1: (136000,2950000) ops and (4072.9,3390.9) ops/second in (33.391173,869.973486) seconds
2026/08/31-09:48:38  ... thread 5: (136000,2953000) ops and (4025.8,3392.8) ops/second in (33.782165,870.371546) seconds
2026/08/31-09:48:38  ... thread 13: (136000,2951000) ops and (4010.8,3390.0) ops/second in (33.908846,870.489686) seconds
2026/08/31-09:48:38  ... thread 4: (136000,2950000) ops and (4002.6,3388.6) ops/second in (33.977804,870.559440) seconds
2026/08/31-09:48:38  ... thread 11: (136000,2950000) ops and (3977.7,3387.8) ops/second in (34.190396,870.774987) seconds
2026/08/31-09:48:38  ... thread 14: (136000,2952000) ops and (3974.0,3389.9) ops/second in (34.222254,870.822545) seconds
2026/08/31-09:48:38  ... thread 7: (136000,2952000) ops and (3948.8,3389.1) ops/second in (34.440686,871.025598) seconds
2026/08/31-09:48:38  ... thread 6: (136000,2948000) ops and (3949.9,3384.5) ops/second in (34.431652,871.026492) seconds
2026/08/31-09:48:38  ... thread 9: (136000,2951000) ops and (3949.4,3387.9) ops/second in (34.435531,871.028768) seconds
2026/08/31-09:48:38  ... thread 3: (136000,2950000) ops and (3949.8,3386.8) ops/second in (34.431755,871.029234) seconds
2026/08/31-09:49:13  ... thread 2: (62000,3013000) ops and (1693.3,3325.6) ops/second in (36.613979,906.006591) seconds
2026/08/31-09:49:13  ... thread 7: (61000,3013000) ops and (1743.7,3325.6) ops/second in (34.982846,906.008444) seconds
2026/08/31-09:49:13  ... thread 8: (62000,3014000) ops and (1702.0,3326.7) ops/second in (36.427761,906.010775) seconds
2026/08/31-09:49:13  ... thread 6: (61000,3009000) ops and (1743.6,3321.1) ops/second in (34.985885,906.012377) seconds
2026/08/31-09:49:13  ... thread 14: (62000,3014000) ops and (1761.7,3326.6) ops/second in (35.194059,906.016604) seconds
2026/08/31-09:49:13  ... thread 5: (62000,3015000) ops and (1739.3,3327.7) ops/second in (35.646402,906.017948) seconds
2026/08/31-09:49:13  ... thread 13: (62000,3013000) ops and (1745.1,3325.5) ops/second in (35.528248,906.017934) seconds
2026/08/31-09:49:13  ... thread 15: (62000,3015000) ops and (1692.0,3327.7) ops/second in (36.642440,906.018934) seconds
2026/08/31-09:49:13  ... thread 11: (62000,3012000) ops and (1759.2,3324.4) ops/second in (35.243957,906.018944) seconds
2026/08/31-09:49:13  ... thread 12: (62000,3012000) ops and (1695.5,3324.4) ops/second in (36.567447,906.019237) seconds
2026/08/31-09:49:13  ... thread 3: (61000,3011000) ops and (1743.3,3323.3) ops/second in (34.990221,906.019455) seconds
2026/08/31-09:49:13  ... thread 9: (61000,3012000) ops and (1743.3,3324.4) ops/second in (34.991270,906.020038) seconds
2026/08/31-09:49:13  ... thread 10: (62000,3013000) ops and (1681.5,3325.5) ops/second in (36.871121,906.020871) seconds
2026/08/31-09:49:13  ... thread 4: (62000,3012000) ops and (1748.4,3324.4) ops/second in (35.461790,906.021230) seconds
2026/08/31-09:49:13  ... thread 1: (62000,3012000) ops and (1719.9,3324.4) ops/second in (36.047741,906.021227) seconds
2026/08/31-09:49:13  ... thread 0: (62000,3012000) ops and (1681.4,3324.4) ops/second in (36.873063,906.022482) seconds

** Compaction Stats [default] **
Level    Files   Size     Score Read(GB)  Rn(GB) Rnp1(GB) Write(GB) WPreComp(GB) Wnew(GB) Moved(GB) W-Amp Rd(MB/s) Wr(MB/s) Comp(sec) CompMergeCPU(sec) Comp(cnt) Avg(sec) KeyIn KeyDrop Rblob(GB) Wblob(GB)
-------------------------------------------------------------------------------------------------------------------------------------------------------------------------------------------------------------
  L0      9/4      1.52 GB   2.5     43.3     0.0     43.3      90.7      90.7     47.3       0.0   1.9     22.2     46.5   1997.41            193.15       950    2.103     92M    41K       0.0       0.0
  L1    168/12    10.23 GB   2.4    181.8    45.8    136.0     179.0     179.0     43.0       0.0   3.9    322.1    317.1    578.05            545.95        30   19.268    185M  2873K       0.0       0.0
  L2    568/14    29.38 GB   0.7     51.3    23.9     27.4      47.9      47.9     20.6       8.8   2.0     19.8     18.5   2648.70            180.48       329    8.051     52M  3405K       0.0       0.0
 Sum    745/30    41.13 GB   0.0    276.5    69.7    206.7     317.6     317.6    110.9       8.8   6.7     54.2     62.3   5224.16            919.58      1309    3.991    329M  6320K       0.0       0.0
 Int      0/0      0.00 KB   0.0      0.8     0.2      0.5       0.7       0.7      0.2       0.0 777559338.0     18.6     17.3     42.85              3.62         5    8.570    791K    54K       0.0       0.0

** Compaction Stats [default] **
Priority    Files   Size     Score Read(GB)  Rn(GB) Rnp1(GB) Write(GB) WPreComp(GB) Wnew(GB) Moved(GB) W-Amp Rd(MB/s) Wr(MB/s) Comp(sec) CompMergeCPU(sec) Comp(cnt) Avg(sec) KeyIn KeyDrop Rblob(GB) Wblob(GB)
----------------------------------------------------------------------------------------------------------------------------------------------------------------------------------------------------------------
 Low      0/0      0.00 KB   0.0    276.5    69.7    206.7     270.2     270.2     63.5       0.0   0.0     72.2     70.6   3921.31            838.54       532    7.371    281M  6320K       0.0       0.0
High      0/0      0.00 KB   0.0      0.0     0.0      0.0      47.4      47.4     47.4       0.0   0.0      0.0     37.2   1302.85             81.04       777    1.677     48M      0       0.0       0.0

Blob file count: 0, total size: 0.0 GB, garbage size: 0.0 GB, space amp: 0.0

Uptime(secs): 906.0 total, 0.7 interval
Flush(GB): cumulative 47.361, interval 0.000
AddFile(GB): cumulative 0.000, interval 0.000
AddFile(Total Files): cumulative 0, interval 0
AddFile(L0 Files): cumulative 0, interval 0
AddFile(Keys): cumulative 0, interval 0
Cumulative compaction: 317.59 GB write, 358.95 MB/s write, 276.46 GB read, 312.46 MB/s read, 5224.2 seconds
Interval compaction: 0.72 GB write, 1036.90 MB/s write, 0.78 GB read, 1113.62 MB/s read, 42.8 seconds
Estimated pending compaction bytes: 41742145987
Write Stall (count): cf-l0-file-count-limit-delays-with-ongoing-compaction: 40, cf-l0-file-count-limit-stops-with-ongoing-compaction: 0, l0-file-count-limit-delays: 40, l0-file-count-limit-stops: 0, memtable-limit-delays: 0, memtable-limit-stops: 579, pending-compaction-bytes-delays: 0, pending-compaction-bytes-stops: 0, total-delays: 40, total-stops: 579
interval: 1 total count
Block cache AutoHyperClockCache@0x6043b84412d0#2239720 capacity: 512.00 MB seed: 1 usage: 11.52 MB table_size: 5536 occupancy: 2729 collections: 6 last_copies: 0 last_secs: 0.000444 secs_since: 0
Block cache entry stats(count,size,portion): Misc(2729,11.18 MB,2.18341%)

** File Read Latency Histogram By Level [default] **
** Level 0 read latency histogram (micros):
Count: 22557621 Average: 3.1100  StdDev: 1418.75
Min: 0  Median: 0.8343  Max: 3176910
Percentiles: P50: 0.83 P75: 1.44 P99: 2.96 P99.9: 4.78 P99.99: 5.58
------------------------------------------------------
[       0,       1 ] 13519288  59.932%  59.932% ############
(       1,       2 ]  7765355  34.425%  94.357% #######
(       2,       3 ]  1086890   4.818%  99.175% #
(       3,       4 ]   143678   0.637%  99.812% 
(       4,       6 ]    50705   0.225% 100.037% 
(       6,      10 ]    23841   0.106% 100.142% 
(      10,      15 ]     8938   0.040% 100.182% 
(      15,      22 ]     5521   0.024% 100.207% 
(      22,      34 ]      335   0.001% 100.208% 
(      34,      51 ]       55   0.000% 100.208% 
(      51,      76 ]      289   0.001% 100.210% 
(      76,     110 ]      543   0.002% 100.212% 
(     110,     170 ]       23   0.000% 100.212% 
(     170,     250 ]        7   0.000% 100.212% 
(     250,     380 ]       15   0.000% 100.212% 
(     380,     580 ]        6   0.000% 100.212% 
(     580,     870 ]       35   0.000% 100.212% 
(     870,    1300 ]       94   0.000% 100.213% 
(    1300,    1900 ]       46   0.000% 100.213% 
(    1900,    2900 ]       15   0.000% 100.213% 
(    2900,    4400 ]        4   0.000% 100.213% 
(    4400,    6600 ]        3   0.000% 100.213% 
(    6600,    9900 ]        6   0.000% 100.213% 
(   14000,   22000 ]        5   0.000% 100.213% 
(   22000,   33000 ]       14   0.000% 100.213% 
(   33000,   50000 ]       23   0.000% 100.213% 
(   50000,   75000 ]       38   0.000% 100.213% 
(   75000,  110000 ]       46   0.000% 100.214% 
(  110000,  170000 ]       33   0.000% 100.214% 
(  170000,  250000 ]       18   0.000% 100.214% 
(  250000,  380000 ]        6   0.000% 100.214% 
(  380000,  570000 ]        1   0.000% 100.214% 
(  570000,  860000 ]        1   0.000% 100.214% 
(  860000, 1200000 ]        2   0.000% 100.214% 
( 1200000, 1900000 ]        3   0.000% 100.214% 
( 1900000, 2900000 ]        1   0.000% 100.214% 
( 2900000, 4300000 ]        3   0.000% 100.214% 

** Level 1 read latency histogram (micros):
Count: 42144662 Average: 1.4229  StdDev: 4.47
Min: 0  Median: 0.7647  Max: 12193
Percentiles: P50: 0.76 P75: 1.32 P99: 2.86 P99.9: 3.56 P99.99: 3.72
------------------------------------------------------
[       0,       1 ] 27555625  65.383%  65.383% #############
(       1,       2 ] 12686325  30.102%  95.485% ######
(       2,       3 ]  1727679   4.099%  99.585% #
(       3,       4 ]   235996   0.560% 100.145% 
(       4,       6 ]    88014   0.209% 100.353% 
(       6,      10 ]    52417   0.124% 100.478% 
(      10,      15 ]    15259   0.036% 100.514% 
(      15,      22 ]    10003   0.024% 100.538% 
(      22,      34 ]      867   0.002% 100.540% 
(      34,      51 ]      293   0.001% 100.541% 
(      51,      76 ]      808   0.002% 100.542% 
(      76,     110 ]      945   0.002% 100.545% 
(     110,     170 ]      528   0.001% 100.546% 
(     170,     250 ]      193   0.000% 100.546% 
(     250,     380 ]       16   0.000% 100.546% 
(     380,     580 ]        6   0.000% 100.546% 
(     580,     870 ]       16   0.000% 100.547% 
(     870,    1300 ]        3   0.000% 100.547% 
(    1300,    1900 ]        3   0.000% 100.547% 
(    1900,    2900 ]        7   0.000% 100.547% 
(    2900,    4400 ]       20   0.000% 100.547% 
(    4400,    6600 ]        2   0.000% 100.547% 
(    6600,    9900 ]        1   0.000% 100.547% 
(    9900,   14000 ]        3   0.000% 100.547% 

** Level 2 read latency histogram (micros):
Count: 4791772 Average: 72.2597  StdDev: 3496.26
Min: 0  Median: 1.1130  Max: 4134406
Percentiles: P50: 1.11 P75: 1.71 P99: 314.69 P99.9: 1017.04 P99.99: 1206.59
------------------------------------------------------
[       0,       1 ]  2167288  45.229%  45.229% #########
(       1,       2 ]  2022425  42.206%  87.436% ########
(       2,       3 ]   379488   7.920%  95.355% ##
(       3,       4 ]    80898   1.688%  97.043% 
(       4,       6 ]    26223   0.547%  97.591% 
(       6,      10 ]     7381   0.154%  97.745% 
(      10,      15 ]     2937   0.061%  97.806% 
(      15,      22 ]     1729   0.036%  97.842% 
(      22,      34 ]     1386   0.029%  97.871% 
(      34,      51 ]     3548   0.074%  97.945% 
(      51,      76 ]     6338   0.132%  98.077% 
(      76,     110 ]     3871   0.081%  98.158% 
(     110,     170 ]    14929   0.312%  98.470% 
(     170,     250 ]    16617   0.347%  98.816% 
(     250,     380 ]    17681   0.369%  99.185% 
(     380,     580 ]    16751   0.350%  99.535% 
(     580,     870 ]    14147   0.295%  99.830% 
(     870,    1300 ]     9783   0.204% 100.034% 
(    1300,    1900 ]     8264   0.172% 100.207% 
(    1900,    2900 ]     6876   0.143% 100.350% 
(    2900,    4400 ]     3793   0.079% 100.430% 
(    4400,    6600 ]     2140   0.045% 100.474% 
(    6600,    9900 ]      641   0.013% 100.488% 
(    9900,   14000 ]      288   0.006% 100.494% 
(   14000,   22000 ]      382   0.008% 100.502% 
(   22000,   33000 ]      329   0.007% 100.508% 
(   33000,   50000 ]      450   0.009% 100.518% 
(   50000,   75000 ]      423   0.009% 100.527% 
(   75000,  110000 ]      410   0.009% 100.535% 
(  110000,  170000 ]      398   0.008% 100.543% 
(  170000,  250000 ]      218   0.005% 100.548% 
(  250000,  380000 ]       68   0.001% 100.549% 
(  380000,  570000 ]       18   0.000% 100.550% 
(  570000,  860000 ]        6   0.000% 100.550% 
(  860000, 1200000 ]        2   0.000% 100.550% 
( 1200000, 1900000 ]        2   0.000% 100.550% 
( 2900000, 4300000 ]        1   0.000% 100.550% 


** DB Stats **
Uptime(secs): 906.0 total, 0.7 interval
Cumulative writes: 48M writes, 48M keys, 6183K commit groups, 7.8 writes per commit group, ingest: 46.94 GB, 53.05 MB/s
Cumulative WAL: 48M writes, 0 syncs, 48204880.00 writes per sync, written: 46.94 GB, 53.05 MB/s
Cumulative stall: 00:13:3.317 H:M:S, 86.5 percent
Interval writes: 10K writes, 10K keys, 1300 commit groups, 7.9 writes per commit group, ingest: 10.18 MB, 14.22 MB/s
Interval WAL: 10K writes, 0 syncs, 10195.00 writes per sync, written: 0.01 GB, 14.20 MB/s
Interval stall: 00:00:6.990 H:M:S, 976.6 percent
Write Stall (count): write-buffer-manager-limit-stops: 0
num-running-compactions: 14
num-running-flushes: 0

2026/08/31-09:49:43  ... thread 8: (69000,3083000) ops and (2276.5,3292.7) ops/second in (30.309601,936.320376) seconds
2026/08/31-09:49:43  ... thread 11: (69000,3081000) ops and (2277.1,3290.5) ops/second in (30.302364,936.321308) seconds
2026/08/31-09:49:43  ... thread 4: (69000,3081000) ops and (2276.6,3290.5) ops/second in (30.308174,936.329404) seconds
2026/08/31-09:49:43  ... thread 12: (69000,3081000) ops and (2276.3,3290.5) ops/second in (30.311743,936.330980) seconds
2026/08/31-09:49:43  ... thread 2: (70000,3083000) ops and (2308.1,3292.6) ops/second in (30.328327,936.334918) seconds
2026/08/31-09:49:43  ... thread 15: (70000,3085000) ops and (2308.7,3294.7) ops/second in (30.320395,936.339329) seconds
2026/08/31-09:49:43  ... thread 5: (70000,3085000) ops and (2308.6,3294.7) ops/second in (30.321481,936.339429) seconds
2026/08/31-09:49:43  ... thread 14: (70000,3084000) ops and (2308.2,3293.7) ops/second in (30.326589,936.343193) seconds
2026/08/31-09:49:43  ... thread 1: (70000,3082000) ops and (2308.5,3291.5) ops/second in (30.322771,936.343998) seconds
2026/08/31-09:49:43  ... thread 0: (70000,3082000) ops and (2308.4,3291.5) ops/second in (30.323858,936.346340) seconds

** Compaction Stats [default] **
Level    Files   Size     Score Read(GB)  Rn(GB) Rnp1(GB) Write(GB) WPreComp(GB) Wnew(GB) Moved(GB) W-Amp Rd(MB/s) Wr(MB/s) Comp(sec) CompMergeCPU(sec) Comp(cnt) Avg(sec) KeyIn KeyDrop Rblob(GB) Wblob(GB)
-------------------------------------------------------------------------------------------------------------------------------------------------------------------------------------------------------------
  L0     17/14     2.55 GB   1.5     44.1     0.0     44.1      92.4      92.4     48.3       0.0   1.9     21.8     45.6   2074.87            197.00       970    2.139     94M    42K       0.0       0.0
  L1    156/156    9.62 GB   0.0    181.8    45.8    136.0     179.0     179.0     43.0       0.0   3.9    322.1    317.1    578.05            545.95        30   19.268    185M  2873K       0.0       0.0
  L2    579/0     29.86 GB   0.7     52.7    24.5     28.1      49.2      49.2     21.1       8.8   2.0     19.7     18.4   2741.81            187.61       341    8.041     53M  3546K       0.0       0.0
 Sum    752/170   42.02 GB   0.0    278.6    70.3    208.3     320.6     320.6    112.4       8.8   6.6     52.9     60.9   5394.73            930.57      1341    4.023    332M  6463K       0.0       0.0
 Int      0/0      0.00 KB   0.0      2.9     0.9      2.1       3.8       3.8      1.7       0.0   3.6     14.0     18.0    213.42             14.61        37    5.768   4014K   196K       0.0       0.0

** Compaction Stats [default] **
Priority    Files   Size     Score Read(GB)  Rn(GB) Rnp1(GB) Write(GB) WPreComp(GB) Wnew(GB) Moved(GB) W-Amp Rd(MB/s) Wr(MB/s) Comp(sec) CompMergeCPU(sec) Comp(cnt) Avg(sec) KeyIn KeyDrop Rblob(GB) Wblob(GB)
----------------------------------------------------------------------------------------------------------------------------------------------------------------------------------------------------------------
 Low      0/0      0.00 KB   0.0    278.6    70.3    208.3     272.2     272.2     64.0       0.0   0.0     70.6     69.0   4040.97            847.71       547    7.388    283M  6463K       0.0       0.0
High      0/0      0.00 KB   0.0      0.0     0.0      0.0      48.4      48.4     48.4       0.0   0.0      0.0     36.6   1353.76             82.86       794    1.705     49M      0       0.0       0.0

Blob file count: 0, total size: 0.0 GB, garbage size: 0.0 GB, space amp: 0.0

Uptime(secs): 936.4 total, 31.0 interval
Flush(GB): cumulative 48.396, interval 1.034
AddFile(GB): cumulative 0.000, interval 0.000
AddFile(Total Files): cumulative 0, interval 0
AddFile(L0 Files): cumulative 0, interval 0
AddFile(Keys): cumulative 0, interval 0
Cumulative compaction: 320.62 GB write, 350.63 MB/s write, 278.60 GB read, 304.67 MB/s read, 5394.7 seconds
Interval compaction: 3.75 GB write, 123.77 MB/s write, 2.91 GB read, 96.03 MB/s read, 213.4 seconds
Estimated pending compaction bytes: 43355622476
Write Stall (count): cf-l0-file-count-limit-delays-with-ongoing-compaction: 40, cf-l0-file-count-limit-stops-with-ongoing-compaction: 0, l0-file-count-limit-delays: 40, l0-file-count-limit-stops: 0, memtable-limit-delays: 0, memtable-limit-stops: 593, pending-compaction-bytes-delays: 0, pending-compaction-bytes-stops: 0, total-delays: 40, total-stops: 593
interval: 15 total count
Block cache AutoHyperClockCache@0x6043b84412d0#2239720 capacity: 512.00 MB seed: 1 usage: 11.52 MB table_size: 5536 occupancy: 2729 collections: 6 last_copies: 0 last_secs: 0.000444 secs_since: 31
Block cache entry stats(count,size,portion): Misc(2729,11.18 MB,2.18341%)

** File Read Latency Histogram By Level [default] **
** Level 0 read latency histogram (micros):
Count: 23148754 Average: 3.0938  StdDev: 1401.73
Min: 0  Median: 0.8362  Max: 3176910
Percentiles: P50: 0.84 P75: 1.44 P99: 2.97 P99.9: 4.82 P99.99: 5.61
------------------------------------------------------
[       0,       1 ] 13841456  59.794%  59.794% ############
(       1,       2 ]  7989473  34.514%  94.307% #######
(       2,       3 ]  1124539   4.858%  99.165% #
(       3,       4 ]   148885   0.643%  99.808% 
(       4,       6 ]    52149   0.225% 100.033% 
(       6,      10 ]    24564   0.106% 100.140% 
(      10,      15 ]     9179   0.040% 100.179% 
(      15,      22 ]     5675   0.025% 100.204% 
(      22,      34 ]      353   0.002% 100.205% 
(      34,      51 ]       59   0.000% 100.206% 
(      51,      76 ]      299   0.001% 100.207% 
(      76,     110 ]      552   0.002% 100.209% 
(     110,     170 ]       24   0.000% 100.209% 
(     170,     250 ]        7   0.000% 100.209% 
(     250,     380 ]       16   0.000% 100.209% 
(     380,     580 ]        6   0.000% 100.209% 
(     580,     870 ]       36   0.000% 100.210% 
(     870,    1300 ]       95   0.000% 100.210% 
(    1300,    1900 ]       46   0.000% 100.210% 
(    1900,    2900 ]       15   0.000% 100.210% 
(    2900,    4400 ]        4   0.000% 100.210% 
(    4400,    6600 ]        3   0.000% 100.210% 
(    6600,    9900 ]        6   0.000% 100.210% 
(   14000,   22000 ]        5   0.000% 100.210% 
(   22000,   33000 ]       15   0.000% 100.210% 
(   33000,   50000 ]       24   0.000% 100.211% 
(   50000,   75000 ]       38   0.000% 100.211% 
(   75000,  110000 ]       46   0.000% 100.211% 
(  110000,  170000 ]       35   0.000% 100.211% 
(  170000,  250000 ]       19   0.000% 100.211% 
(  250000,  380000 ]        6   0.000% 100.211% 
(  380000,  570000 ]        1   0.000% 100.211% 
(  570000,  860000 ]        1   0.000% 100.211% 
(  860000, 1200000 ]        2   0.000% 100.211% 
( 1200000, 1900000 ]        3   0.000% 100.211% 
( 1900000, 2900000 ]        1   0.000% 100.211% 
( 2900000, 4300000 ]        3   0.000% 100.211% 

** Level 1 read latency histogram (micros):
Count: 44084114 Average: 1.4196  StdDev: 4.38
Min: 0  Median: 0.7621  Max: 12193
Percentiles: P50: 0.76 P75: 1.31 P99: 2.85 P99.9: 3.55 P99.99: 3.71
------------------------------------------------------
[       0,       1 ] 28923326  65.609%  65.609% #############
(       1,       2 ] 13186717  29.913%  95.522% ######
(       2,       3 ]  1798239   4.079%  99.601% #
(       3,       4 ]   241335   0.547% 100.149% 
(       4,       6 ]    90631   0.206% 100.354% 
(       6,      10 ]    54468   0.124% 100.478% 
(      10,      15 ]    15943   0.036% 100.514% 
(      15,      22 ]    10481   0.024% 100.538% 
(      22,      34 ]      899   0.002% 100.540% 
(      34,      51 ]      298   0.001% 100.540% 
(      51,      76 ]      810   0.002% 100.542% 
(      76,     110 ]      951   0.002% 100.544% 
(     110,     170 ]      529   0.001% 100.546% 
(     170,     250 ]      193   0.000% 100.546% 
(     250,     380 ]       16   0.000% 100.546% 
(     380,     580 ]        6   0.000% 100.546% 
(     580,     870 ]       16   0.000% 100.546% 
(     870,    1300 ]        3   0.000% 100.546% 
(    1300,    1900 ]        3   0.000% 100.546% 
(    1900,    2900 ]        7   0.000% 100.546% 
(    2900,    4400 ]       20   0.000% 100.546% 
(    4400,    6600 ]        2   0.000% 100.546% 
(    6600,    9900 ]        1   0.000% 100.546% 
(    9900,   14000 ]        3   0.000% 100.546% 

** Level 2 read latency histogram (micros):
Count: 4852178 Average: 72.1271  StdDev: 3476.47
Min: 0  Median: 1.1155  Max: 4134406
Percentiles: P50: 1.12 P75: 1.71 P99: 325.97 P99.9: 1050.18 P99.99: 1234.46
------------------------------------------------------
[       0,       1 ]  2189369  45.121%  45.121% #########
(       1,       2 ]  2049004  42.229%  87.350% ########
(       2,       3 ]   385552   7.946%  95.296% ##
(       3,       4 ]    81738   1.685%  96.980% 
(       4,       6 ]    26481   0.546%  97.526% 
(       6,      10 ]     7483   0.154%  97.680% 
(      10,      15 ]     2991   0.062%  97.742% 
(      15,      22 ]     1753   0.036%  97.778% 
(      22,      34 ]     1390   0.029%  97.807% 
(      34,      51 ]     3823   0.079%  97.886% 
(      51,      76 ]     6664   0.137%  98.023% 
(      76,     110 ]     4009   0.083%  98.106% 
(     110,     170 ]    15436   0.318%  98.424% 
(     170,     250 ]    17359   0.358%  98.781% 
(     250,     380 ]    18147   0.374%  99.155% 
(     380,     580 ]    17209   0.355%  99.510% 
(     580,     870 ]    14648   0.302%  99.812% 
(     870,    1300 ]    10190   0.210% 100.022% 
(    1300,    1900 ]     8588   0.177% 100.199% 
(    1900,    2900 ]     7108   0.146% 100.345% 
(    2900,    4400 ]     3895   0.080% 100.426% 
(    4400,    6600 ]     2182   0.045% 100.471% 
(    6600,    9900 ]      650   0.013% 100.484% 
(    9900,   14000 ]      291   0.006% 100.490% 
(   14000,   22000 ]      383   0.008% 100.498% 
(   22000,   33000 ]      329   0.007% 100.505% 
(   33000,   50000 ]      452   0.009% 100.514% 
(   50000,   75000 ]      423   0.009% 100.523% 
(   75000,  110000 ]      411   0.008% 100.531% 
(  110000,  170000 ]      399   0.008% 100.540% 
(  170000,  250000 ]      219   0.005% 100.544% 
(  250000,  380000 ]       68   0.001% 100.545% 
(  380000,  570000 ]       18   0.000% 100.546% 
(  570000,  860000 ]        6   0.000% 100.546% 
(  860000, 1200000 ]        2   0.000% 100.546% 
( 1200000, 1900000 ]        2   0.000% 100.546% 
( 2900000, 4300000 ]        1   0.000% 100.546% 


** DB Stats **
Uptime(secs): 936.4 total, 30.3 interval
Cumulative writes: 49M writes, 49M keys, 6326K commit groups, 7.8 writes per commit group, ingest: 48.02 GB, 52.52 MB/s
Cumulative WAL: 49M writes, 0 syncs, 49320347.00 writes per sync, written: 48.02 GB, 52.52 MB/s
Cumulative stall: 00:13:31.341 H:M:S, 86.6 percent
Interval writes: 1115K writes, 1115K keys, 143K commit groups, 7.8 writes per commit group, ingest: 1112.23 MB, 36.68 MB/s
Interval WAL: 1115K writes, 0 syncs, 1115467.00 writes per sync, written: 1.09 GB, 36.68 MB/s
Interval stall: 00:00:28.024 H:M:S, 92.4 percent
Write Stall (count): write-buffer-manager-limit-stops: 0
num-running-compactions: 2
num-running-flushes: 2

2026/08/31-09:49:43  ... thread 3: (70000,3081000) ops and (2308.0,3290.4) ops/second in (30.329555,936.349010) seconds
2026/08/31-09:49:44  ... thread 9: (70000,3082000) ops and (2308.0,3291.5) ops/second in (30.329223,936.349261) seconds
2026/08/31-09:49:44  ... thread 10: (70000,3083000) ops and (2307.8,3292.6) ops/second in (30.331380,936.352251) seconds
2026/08/31-09:49:44  ... thread 13: (70000,3083000) ops and (2307.6,3292.6) ops/second in (30.334309,936.352243) seconds
2026/08/31-09:49:44  ... thread 7: (70000,3083000) ops and (2306.9,3292.6) ops/second in (30.344306,936.352750) seconds
2026/08/31-09:49:44  ... thread 6: (70000,3079000) ops and (2307.1,3288.3) ops/second in (30.341341,936.353718) seconds
2026/08/31-09:50:16  ... thread 2: (50000,3133000) ops and (1520.8,3232.5) ops/second in (32.876786,969.211704) seconds
2026/08/31-09:50:16  ... thread 4: (50000,3131000) ops and (1520.5,3230.5) ops/second in (32.883001,969.212405) seconds
2026/08/31-09:50:16  ... thread 5: (50000,3135000) ops and (1521.0,3234.6) ops/second in (32.873643,969.213072) seconds
2026/08/31-09:50:16  ... thread 15: (50000,3135000) ops and (1520.9,3234.6) ops/second in (32.875656,969.214985) seconds
2026/08/31-09:50:16  ... thread 1: (50000,3132000) ops and (1521.0,3231.5) ops/second in (32.872482,969.216480) seconds
2026/08/31-09:50:16  ... thread 3: (50000,3131000) ops and (1520.9,3230.4) ops/second in (32.874615,969.223625) seconds
2026/08/31-09:50:16  ... thread 14: (50000,3134000) ops and (1520.7,3233.5) ops/second in (32.880465,969.223658) seconds
2026/08/31-09:50:16  ... thread 0: (50000,3132000) ops and (1520.7,3231.4) ops/second in (32.879675,969.226015) seconds

** Compaction Stats [default] **
Level    Files   Size     Score Read(GB)  Rn(GB) Rnp1(GB) Write(GB) WPreComp(GB) Wnew(GB) Moved(GB) W-Amp Rd(MB/s) Wr(MB/s) Comp(sec) CompMergeCPU(sec) Comp(cnt) Avg(sec) KeyIn KeyDrop Rblob(GB) Wblob(GB)
-------------------------------------------------------------------------------------------------------------------------------------------------------------------------------------------------------------
  L0     12/11     1.64 GB   0.5     44.8     0.0     44.8      94.0      94.0     49.2       0.0   1.9     21.4     44.8   2148.39            200.51       987    2.177     95M    43K       0.0       0.0
  L1    181/181   11.20 GB   0.0    193.2    47.6    145.7     190.2     190.2     44.5       0.0   4.0    319.0    314.0    620.23            579.49        31   20.007    196M  3055K       0.0       0.0
  L2    579/0     29.86 GB   0.7     52.7    24.5     28.1      49.2      49.2     21.1       8.8   2.0     19.7     18.4   2741.81            187.61       341    8.041     53M  3546K       0.0       0.0
 Sum    772/192   42.70 GB   0.0    290.7    72.1    218.6     333.4     333.4    114.8       8.8   6.8     54.0     62.0   5510.43            967.61      1359    4.055    345M  6645K       0.0       0.0
 Int      0/0      0.00 KB   0.0      0.0     0.0      0.0       0.1       0.1      0.1       0.0   1.0      0.0     13.9      4.49              0.15         1    4.490     61K      0       0.0       0.0

** Compaction Stats [default] **
Priority    Files   Size     Score Read(GB)  Rn(GB) Rnp1(GB) Write(GB) WPreComp(GB) Wnew(GB) Moved(GB) W-Amp Rd(MB/s) Wr(MB/s) Comp(sec) CompMergeCPU(sec) Comp(cnt) Avg(sec) KeyIn KeyDrop Rblob(GB) Wblob(GB)
----------------------------------------------------------------------------------------------------------------------------------------------------------------------------------------------------------------
 Low      0/0      0.00 KB   0.0    290.7    72.1    218.6     284.2     284.2     65.5       0.0   0.0     72.4     70.8   4109.60            883.25       551    7.458    295M  6645K       0.0       0.0
High      0/0      0.00 KB   0.0      0.0     0.0      0.0      49.2      49.2     49.2       0.0   0.0      0.0     36.0   1400.83             84.37       808    1.734     50M      0       0.0       0.0

Blob file count: 0, total size: 0.0 GB, garbage size: 0.0 GB, space amp: 0.0

Uptime(secs): 969.2 total, 3.9 interval
Flush(GB): cumulative 49.247, interval 0.061
AddFile(GB): cumulative 0.000, interval 0.000
AddFile(Total Files): cumulative 0, interval 0
AddFile(L0 Files): cumulative 0, interval 0
AddFile(Keys): cumulative 0, interval 0
Cumulative compaction: 333.40 GB write, 352.24 MB/s write, 290.70 GB read, 307.13 MB/s read, 5510.4 seconds
Interval compaction: 0.06 GB write, 15.93 MB/s write, 0.00 GB read, 0.00 MB/s read, 4.5 seconds
Estimated pending compaction bytes: 45348566613
Write Stall (count): cf-l0-file-count-limit-delays-with-ongoing-compaction: 41, cf-l0-file-count-limit-stops-with-ongoing-compaction: 0, l0-file-count-limit-delays: 41, l0-file-count-limit-stops: 0, memtable-limit-delays: 0, memtable-limit-stops: 602, pending-compaction-bytes-delays: 0, pending-compaction-bytes-stops: 0, total-delays: 41, total-stops: 602
interval: 0 total count
Block cache AutoHyperClockCache@0x6043b84412d0#2239720 capacity: 512.00 MB seed: 1 usage: 11.52 MB table_size: 5536 occupancy: 2729 collections: 6 last_copies: 1 last_secs: 0.000444 secs_since: 63
Block cache entry stats(count,size,portion): Misc(2729,11.18 MB,2.18341%)

** File Read Latency Histogram By Level [default] **
** Level 0 read latency histogram (micros):
Count: 23519597 Average: 3.1132  StdDev: 1392.51
Min: 0  Median: 0.8379  Max: 3176910
Percentiles: P50: 0.84 P75: 1.44 P99: 2.97 P99.9: 4.84 P99.99: 5.63
------------------------------------------------------
[       0,       1 ] 14034948  59.673%  59.673% ############
(       1,       2 ]  8132723  34.578%  94.252% #######
(       2,       3 ]  1152642   4.901%  99.153% #
(       3,       4 ]   153272   0.652%  99.804% 
(       4,       6 ]    53452   0.227% 100.032% 
(       6,      10 ]    25069   0.107% 100.138% 
(      10,      15 ]     9365   0.040% 100.178% 
(      15,      22 ]     5779   0.025% 100.203% 
(      22,      34 ]      358   0.002% 100.204% 
(      34,      51 ]       61   0.000% 100.204% 
(      51,      76 ]      307   0.001% 100.206% 
(      76,     110 ]      559   0.002% 100.208% 
(     110,     170 ]       24   0.000% 100.208% 
(     170,     250 ]        7   0.000% 100.208% 
(     250,     380 ]       16   0.000% 100.208% 
(     380,     580 ]        6   0.000% 100.208% 
(     580,     870 ]       36   0.000% 100.208% 
(     870,    1300 ]       97   0.000% 100.209% 
(    1300,    1900 ]       47   0.000% 100.209% 
(    1900,    2900 ]       15   0.000% 100.209% 
(    2900,    4400 ]        4   0.000% 100.209% 
(    4400,    6600 ]        3   0.000% 100.209% 
(    6600,    9900 ]        6   0.000% 100.209% 
(   14000,   22000 ]        5   0.000% 100.209% 
(   22000,   33000 ]       15   0.000% 100.209% 
(   33000,   50000 ]       25   0.000% 100.209% 
(   50000,   75000 ]       39   0.000% 100.210% 
(   75000,  110000 ]       47   0.000% 100.210% 
(  110000,  170000 ]       41   0.000% 100.210% 
(  170000,  250000 ]       19   0.000% 100.210% 
(  250000,  380000 ]        6   0.000% 100.210% 
(  380000,  570000 ]        1   0.000% 100.210% 
(  570000,  860000 ]        1   0.000% 100.210% 
(  860000, 1200000 ]        2   0.000% 100.210% 
( 1200000, 1900000 ]        3   0.000% 100.210% 
( 1900000, 2900000 ]        1   0.000% 100.210% 
( 2900000, 4300000 ]        3   0.000% 100.210% 

** Level 1 read latency histogram (micros):
Count: 45959185 Average: 1.4195  StdDev: 4.30
Min: 0  Median: 0.7619  Max: 12193
Percentiles: P50: 0.76 P75: 1.31 P99: 2.85 P99.9: 3.52 P99.99: 3.68
------------------------------------------------------
[       0,       1 ] 30162488  65.629%  65.629% #############
(       1,       2 ] 13740466  29.897%  95.526% ######
(       2,       3 ]  1879770   4.090%  99.616% #
(       3,       4 ]   250930   0.546% 100.162% 
(       4,       6 ]    93524   0.203% 100.366% 
(       6,      10 ]    56479   0.123% 100.488% 
(      10,      15 ]    16587   0.036% 100.525% 
(      15,      22 ]    10855   0.024% 100.548% 
(      22,      34 ]      931   0.002% 100.550% 
(      34,      51 ]      307   0.001% 100.551% 
(      51,      76 ]      852   0.002% 100.553% 
(      76,     110 ]     1062   0.002% 100.555% 
(     110,     170 ]      554   0.001% 100.556% 
(     170,     250 ]      197   0.000% 100.557% 
(     250,     380 ]       17   0.000% 100.557% 
(     380,     580 ]        8   0.000% 100.557% 
(     580,     870 ]       16   0.000% 100.557% 
(     870,    1300 ]        3   0.000% 100.557% 
(    1300,    1900 ]        3   0.000% 100.557% 
(    1900,    2900 ]        7   0.000% 100.557% 
(    2900,    4400 ]       20   0.000% 100.557% 
(    4400,    6600 ]        2   0.000% 100.557% 
(    6600,    9900 ]        1   0.000% 100.557% 
(    9900,   14000 ]        3   0.000% 100.557% 

** Level 2 read latency histogram (micros):
Count: 4852178 Average: 72.1271  StdDev: 3476.47
Min: 0  Median: 1.1155  Max: 4134406
Percentiles: P50: 1.12 P75: 1.71 P99: 325.97 P99.9: 1050.18 P99.99: 1234.46
------------------------------------------------------
[       0,       1 ]  2189369  45.121%  45.121% #########
(       1,       2 ]  2049004  42.229%  87.350% ########
(       2,       3 ]   385552   7.946%  95.296% ##
(       3,       4 ]    81738   1.685%  96.980% 
(       4,       6 ]    26481   0.546%  97.526% 
(       6,      10 ]     7483   0.154%  97.680% 
(      10,      15 ]     2991   0.062%  97.742% 
(      15,      22 ]     1753   0.036%  97.778% 
(      22,      34 ]     1390   0.029%  97.807% 
(      34,      51 ]     3823   0.079%  97.886% 
(      51,      76 ]     6664   0.137%  98.023% 
(      76,     110 ]     4009   0.083%  98.106% 
(     110,     170 ]    15436   0.318%  98.424% 
(     170,     250 ]    17359   0.358%  98.781% 
(     250,     380 ]    18147   0.374%  99.155% 
(     380,     580 ]    17209   0.355%  99.510% 
(     580,     870 ]    14648   0.302%  99.812% 
(     870,    1300 ]    10190   0.210% 100.022% 
(    1300,    1900 ]     8588   0.177% 100.199% 
(    1900,    2900 ]     7108   0.146% 100.345% 
(    2900,    4400 ]     3895   0.080% 100.426% 
(    4400,    6600 ]     2182   0.045% 100.471% 
(    6600,    9900 ]      650   0.013% 100.484% 
(    9900,   14000 ]      291   0.006% 100.490% 
(   14000,   22000 ]      383   0.008% 100.498% 
(   22000,   33000 ]      329   0.007% 100.505% 
(   33000,   50000 ]      452   0.009% 100.514% 
(   50000,   75000 ]      423   0.009% 100.523% 
(   75000,  110000 ]      411   0.008% 100.531% 
(  110000,  170000 ]      399   0.008% 100.540% 
(  170000,  250000 ]      219   0.005% 100.544% 
(  250000,  380000 ]       68   0.001% 100.545% 
(  380000,  570000 ]       18   0.000% 100.546% 
(  570000,  860000 ]        6   0.000% 100.546% 
(  860000, 1200000 ]        2   0.000% 100.546% 
( 1200000, 1900000 ]        2   0.000% 100.546% 
( 2900000, 4300000 ]        1   0.000% 100.546% 


** DB Stats **
Uptime(secs): 969.2 total, 3.9 interval
Cumulative writes: 50M writes, 50M keys, 6429K commit groups, 7.8 writes per commit group, ingest: 48.80 GB, 51.56 MB/s
Cumulative WAL: 50M writes, 0 syncs, 50120734.00 writes per sync, written: 48.80 GB, 51.56 MB/s
Cumulative stall: 00:13:58.879 H:M:S, 86.6 percent
Interval writes: 7052 writes, 7052 keys, 887 commit groups, 8.0 writes per commit group, ingest: 7.03 MB, 1.80 MB/s
Interval WAL: 7042 writes, 0 syncs, 7042.00 writes per sync, written: 0.01 GB, 1.80 MB/s
Interval stall: 00:00:6.455 H:M:S, 165.1 percent
Write Stall (count): write-buffer-manager-limit-stops: 0
num-running-compactions: 2
num-running-flushes: 0

2026/08/31-09:50:16  ... thread 10: (50000,3133000) ops and (1520.8,3232.5) ops/second in (32.877145,969.229396) seconds
2026/08/31-09:50:16  ... thread 7: (50000,3133000) ops and (1520.8,3232.5) ops/second in (32.878351,969.231101) seconds
2026/08/31-09:50:16  ... thread 8: (51000,3134000) ops and (1549.6,3233.5) ops/second in (32.912383,969.232759) seconds
2026/08/31-09:50:16  ... thread 6: (50000,3129000) ops and (1520.7,3228.3) ops/second in (32.879056,969.232774) seconds
2026/08/31-09:50:16  ... thread 11: (51000,3132000) ops and (1549.5,3231.4) ops/second in (32.913102,969.234410) seconds
2026/08/31-09:50:16  ... thread 13: (50000,3133000) ops and (1520.6,3232.4) ops/second in (32.882294,969.234537) seconds
2026/08/31-09:50:16  ... thread 9: (50000,3132000) ops and (1520.4,3231.4) ops/second in (32.886619,969.235880) seconds
2026/08/31-09:50:16  ... thread 12: (51000,3132000) ops and (1549.7,3231.4) ops/second in (32.908947,969.239927) seconds
2026/08/31-09:50:52  ... thread 1: (62000,3194000) ops and (1749.8,3179.2) ops/second in (35.431991,1004.648471) seconds
2026/08/31-09:50:52  ... thread 14: (62000,3196000) ops and (1749.6,3181.2) ops/second in (35.435858,1004.659516) seconds
2026/08/31-09:50:52  ... thread 3: (62000,3193000) ops and (1749.6,3178.2) ops/second in (35.436590,1004.660215) seconds
2026/08/31-09:50:52  ... thread 0: (62000,3194000) ops and (1749.7,3179.2) ops/second in (35.434924,1004.660939) seconds

** Compaction Stats [default] **
Level    Files   Size     Score Read(GB)  Rn(GB) Rnp1(GB) Write(GB) WPreComp(GB) Wnew(GB) Moved(GB) W-Amp Rd(MB/s) Wr(MB/s) Comp(sec) CompMergeCPU(sec) Comp(cnt) Avg(sec) KeyIn KeyDrop Rblob(GB) Wblob(GB)
-------------------------------------------------------------------------------------------------------------------------------------------------------------------------------------------------------------
  L0     12/12     1.52 GB   0.0     45.6     0.0     45.6      95.8      95.8     50.2       0.0   1.9     21.0     44.1   2223.70            204.31      1006    2.210     97M    43K       0.0       0.0
  L1    201/201   12.17 GB   0.0    205.5    48.7    156.8     202.4     202.4     45.5       0.0   4.2    319.0    314.1    659.71            616.29        32   20.616    209M  3182K       0.0       0.0
  L2    579/0     29.86 GB   0.7     52.7    24.5     28.1      49.2      49.2     21.1       8.8   2.0     19.7     18.4   2741.81            187.61       341    8.041     53M  3546K       0.0       0.0
 Sum    792/213   43.55 GB   0.0    303.8    73.2    230.6     347.3     347.3    116.7       8.8   6.9     55.3     63.2   5625.22           1008.22      1379    4.079    360M  6773K       0.0       0.0
 Int      0/0      0.00 KB   0.0     13.1     1.1     12.0      14.0      14.0      2.0       0.0  13.5    112.3    120.2    119.28             40.75        21    5.680     14M   128K       0.0       0.0

** Compaction Stats [default] **
Priority    Files   Size     Score Read(GB)  Rn(GB) Rnp1(GB) Write(GB) WPreComp(GB) Wnew(GB) Moved(GB) W-Amp Rd(MB/s) Wr(MB/s) Comp(sec) CompMergeCPU(sec) Comp(cnt) Avg(sec) KeyIn KeyDrop Rblob(GB) Wblob(GB)
----------------------------------------------------------------------------------------------------------------------------------------------------------------------------------------------------------------
 Low      0/0      0.00 KB   0.0    303.8    73.2    230.6     297.1     297.1     66.5       0.0   0.0     74.6     72.9   4171.17            922.07       555    7.516    309M  6773K       0.0       0.0
High      0/0      0.00 KB   0.0      0.0     0.0      0.0      50.2      50.2     50.2       0.0   0.0      0.0     35.4   1454.05             86.15       824    1.765     51M      0       0.0       0.0

Blob file count: 0, total size: 0.0 GB, garbage size: 0.0 GB, space amp: 0.0

Uptime(secs): 1004.7 total, 39.3 interval
Flush(GB): cumulative 50.223, interval 1.037
AddFile(GB): cumulative 0.000, interval 0.000
AddFile(Total Files): cumulative 0, interval 0
AddFile(L0 Files): cumulative 0, interval 0
AddFile(Keys): cumulative 0, interval 0
Cumulative compaction: 347.33 GB write, 354.02 MB/s write, 303.79 GB read, 309.63 MB/s read, 5625.2 seconds
Interval compaction: 14.00 GB write, 364.27 MB/s write, 13.08 GB read, 340.56 MB/s read, 119.3 seconds
Estimated pending compaction bytes: 47794425917
Write Stall (count): cf-l0-file-count-limit-delays-with-ongoing-compaction: 41, cf-l0-file-count-limit-stops-with-ongoing-compaction: 0, l0-file-count-limit-delays: 41, l0-file-count-limit-stops: 0, memtable-limit-delays: 0, memtable-limit-stops: 614, pending-compaction-bytes-delays: 0, pending-compaction-bytes-stops: 0, total-delays: 41, total-stops: 614
interval: 12 total count
Block cache AutoHyperClockCache@0x6043b84412d0#2239720 capacity: 512.00 MB seed: 1 usage: 11.52 MB table_size: 5536 occupancy: 2729 collections: 6 last_copies: 1 last_secs: 0.000444 secs_since: 99
Block cache entry stats(count,size,portion): Misc(2729,11.18 MB,2.18341%)

** File Read Latency Histogram By Level [default] **
** Level 0 read latency histogram (micros):
Count: 23944804 Average: 3.1266  StdDev: 1381.54
Min: 0  Median: 0.8376  Max: 3176910
Percentiles: P50: 0.84 P75: 1.44 P99: 2.97 P99.9: 4.87 P99.99: 5.66
------------------------------------------------------
[       0,       1 ] 14293659  59.694%  59.694% ############
(       1,       2 ]  8269218  34.534%  94.229% #######
(       2,       3 ]  1176656   4.914%  99.143% #
(       3,       4 ]   157459   0.658%  99.800% 
(       4,       6 ]    54778   0.229% 100.029% 
(       6,      10 ]    25521   0.107% 100.136% 
(      10,      15 ]     9530   0.040% 100.175% 
(      15,      22 ]     5891   0.025% 100.200% 
(      22,      34 ]      366   0.002% 100.202% 
(      34,      51 ]       62   0.000% 100.202% 
(      51,      76 ]      310   0.001% 100.203% 
(      76,     110 ]      573   0.002% 100.206% 
(     110,     170 ]       24   0.000% 100.206% 
(     170,     250 ]        7   0.000% 100.206% 
(     250,     380 ]       16   0.000% 100.206% 
(     380,     580 ]        6   0.000% 100.206% 
(     580,     870 ]       37   0.000% 100.206% 
(     870,    1300 ]       99   0.000% 100.206% 
(    1300,    1900 ]       48   0.000% 100.207% 
(    1900,    2900 ]       15   0.000% 100.207% 
(    2900,    4400 ]        4   0.000% 100.207% 
(    4400,    6600 ]        3   0.000% 100.207% 
(    6600,    9900 ]        6   0.000% 100.207% 
(   14000,   22000 ]        6   0.000% 100.207% 
(   22000,   33000 ]       15   0.000% 100.207% 
(   33000,   50000 ]       26   0.000% 100.207% 
(   50000,   75000 ]       40   0.000% 100.207% 
(   75000,  110000 ]       54   0.000% 100.207% 
(  110000,  170000 ]       43   0.000% 100.207% 
(  170000,  250000 ]       19   0.000% 100.208% 
(  250000,  380000 ]        6   0.000% 100.208% 
(  380000,  570000 ]        1   0.000% 100.208% 
(  570000,  860000 ]        1   0.000% 100.208% 
(  860000, 1200000 ]        2   0.000% 100.208% 
( 1200000, 1900000 ]        3   0.000% 100.208% 
( 1900000, 2900000 ]        1   0.000% 100.208% 
( 2900000, 4300000 ]        3   0.000% 100.208% 

** Level 1 read latency histogram (micros):
Count: 48221667 Average: 1.4174  StdDev: 4.20
Min: 0  Median: 0.7598  Max: 12193
Percentiles: P50: 0.76 P75: 1.31 P99: 2.85 P99.9: 3.50 P99.99: 3.67
------------------------------------------------------
[       0,       1 ] 31732616  65.806%  65.806% #############
(       1,       2 ] 14331566  29.720%  95.526% ######
(       2,       3 ]  1978914   4.104%  99.630% #
(       3,       4 ]   258488   0.536% 100.166% 
(       4,       6 ]    96934   0.201% 100.367% 
(       6,      10 ]    58793   0.122% 100.489% 
(      10,      15 ]    17333   0.036% 100.525% 
(      15,      22 ]    11324   0.023% 100.548% 
(      22,      34 ]      976   0.002% 100.550% 
(      34,      51 ]      336   0.001% 100.551% 
(      51,      76 ]      931   0.002% 100.553% 
(      76,     110 ]     1138   0.002% 100.555% 
(     110,     170 ]      584   0.001% 100.556% 
(     170,     250 ]      204   0.000% 100.557% 
(     250,     380 ]       18   0.000% 100.557% 
(     380,     580 ]        8   0.000% 100.557% 
(     580,     870 ]       16   0.000% 100.557% 
(     870,    1300 ]        3   0.000% 100.557% 
(    1300,    1900 ]        3   0.000% 100.557% 
(    1900,    2900 ]        7   0.000% 100.557% 
(    2900,    4400 ]       20   0.000% 100.557% 
(    4400,    6600 ]        2   0.000% 100.557% 
(    6600,    9900 ]        1   0.000% 100.557% 
(    9900,   14000 ]        3   0.000% 100.557% 

** Level 2 read latency histogram (micros):
Count: 4852178 Average: 72.1271  StdDev: 3476.47
Min: 0  Median: 1.1155  Max: 4134406
Percentiles: P50: 1.12 P75: 1.71 P99: 325.97 P99.9: 1050.18 P99.99: 1234.46
------------------------------------------------------
[       0,       1 ]  2189369  45.121%  45.121% #########
(       1,       2 ]  2049004  42.229%  87.350% ########
(       2,       3 ]   385552   7.946%  95.296% ##
(       3,       4 ]    81738   1.685%  96.980% 
(       4,       6 ]    26481   0.546%  97.526% 
(       6,      10 ]     7483   0.154%  97.680% 
(      10,      15 ]     2991   0.062%  97.742% 
(      15,      22 ]     1753   0.036%  97.778% 
(      22,      34 ]     1390   0.029%  97.807% 
(      34,      51 ]     3823   0.079%  97.886% 
(      51,      76 ]     6664   0.137%  98.023% 
(      76,     110 ]     4009   0.083%  98.106% 
(     110,     170 ]    15436   0.318%  98.424% 
(     170,     250 ]    17359   0.358%  98.781% 
(     250,     380 ]    18147   0.374%  99.155% 
(     380,     580 ]    17209   0.355%  99.510% 
(     580,     870 ]    14648   0.302%  99.812% 
(     870,    1300 ]    10190   0.210% 100.022% 
(    1300,    1900 ]     8588   0.177% 100.199% 
(    1900,    2900 ]     7108   0.146% 100.345% 
(    2900,    4400 ]     3895   0.080% 100.426% 
(    4400,    6600 ]     2182   0.045% 100.471% 
(    6600,    9900 ]      650   0.013% 100.484% 
(    9900,   14000 ]      291   0.006% 100.490% 
(   14000,   22000 ]      383   0.008% 100.498% 
(   22000,   33000 ]      329   0.007% 100.505% 
(   33000,   50000 ]      452   0.009% 100.514% 
(   50000,   75000 ]      423   0.009% 100.523% 
(   75000,  110000 ]      411   0.008% 100.531% 
(  110000,  170000 ]      399   0.008% 100.540% 
(  170000,  250000 ]      219   0.005% 100.544% 
(  250000,  380000 ]       68   0.001% 100.545% 
(  380000,  570000 ]       18   0.000% 100.546% 
(  570000,  860000 ]        6   0.000% 100.546% 
(  860000, 1200000 ]        2   0.000% 100.546% 
( 1200000, 1900000 ]        2   0.000% 100.546% 
( 2900000, 4300000 ]        1   0.000% 100.546% 


** DB Stats **
Uptime(secs): 1004.7 total, 35.4 interval
Cumulative writes: 51M writes, 51M keys, 6554K commit groups, 7.8 writes per commit group, ingest: 49.77 GB, 50.73 MB/s
Cumulative WAL: 51M writes, 0 syncs, 51113058.00 writes per sync, written: 49.77 GB, 50.73 MB/s
Cumulative stall: 00:14:32.389 H:M:S, 86.8 percent
Interval writes: 992K writes, 992K keys, 125K commit groups, 7.9 writes per commit group, ingest: 989.43 MB, 27.92 MB/s
Interval WAL: 992K writes, 0 syncs, 992324.00 writes per sync, written: 0.97 GB, 27.92 MB/s
Interval stall: 00:00:33.510 H:M:S, 94.6 percent
Write Stall (count): write-buffer-manager-limit-stops: 0
num-running-compactions: 2
num-running-flushes: 0

2026/08/31-09:50:52  ... thread 6: (62000,3191000) ops and (1749.9,3176.2) ops/second in (35.430522,1004.663296) seconds
2026/08/31-09:50:52  ... thread 7: (62000,3195000) ops and (1749.7,3180.2) ops/second in (35.435296,1004.666397) seconds
2026/08/31-09:50:52  ... thread 8: (62000,3196000) ops and (1749.7,3181.2) ops/second in (35.434083,1004.666842) seconds
2026/08/31-09:50:52  ... thread 13: (62000,3195000) ops and (1749.8,3180.2) ops/second in (35.432721,1004.667258) seconds
2026/08/31-09:50:52  ... thread 9: (62000,3194000) ops and (1749.7,3179.1) ops/second in (35.435518,1004.671398) seconds
2026/08/31-09:50:52  ... thread 10: (62000,3195000) ops and (1749.3,3180.1) ops/second in (35.442359,1004.671755) seconds
2026/08/31-09:50:52  ... thread 11: (62000,3194000) ops and (1749.6,3179.1) ops/second in (35.437045,1004.671455) seconds
2026/08/31-09:50:52  ... thread 12: (62000,3194000) ops and (1749.7,3179.1) ops/second in (35.435275,1004.675202) seconds
2026/08/31-09:50:52  ... thread 2: (63000,3196000) ops and (1776.4,3181.1) ops/second in (35.464309,1004.676013) seconds
2026/08/31-09:50:52  ... thread 5: (63000,3198000) ops and (1776.5,3183.1) ops/second in (35.462709,1004.675781) seconds
2026/08/31-09:50:52  ... thread 15: (63000,3198000) ops and (1776.5,3183.1) ops/second in (35.463592,1004.678577) seconds
2026/08/31-09:50:52  ... thread 4: (63000,3194000) ops and (1776.3,3179.1) ops/second in (35.466197,1004.678602) seconds
2026/08/31-09:51:24  ... thread 7: (46000,3241000) ops and (1438.8,3126.5) ops/second in (31.971093,1036.637490) seconds
2026/08/31-09:51:24  ... thread 10: (46000,3241000) ops and (1438.3,3126.4) ops/second in (31.982228,1036.653983) seconds
2026/08/31-09:51:24  ... thread 14: (46000,3242000) ops and (1437.8,3127.4) ops/second in (31.994275,1036.653791) seconds
2026/08/31-09:51:24  ... thread 9: (46000,3240000) ops and (1438.2,3125.4) ops/second in (31.983561,1036.654959) seconds
2026/08/31-09:51:24  ... thread 11: (46000,3240000) ops and (1438.2,3125.4) ops/second in (31.984999,1036.656454) seconds
2026/08/31-09:51:24  ... thread 8: (46000,3242000) ops and (1437.9,3127.4) ops/second in (31.990668,1036.657510) seconds
2026/08/31-09:51:24  ... thread 6: (46000,3237000) ops and (1437.7,3122.5) ops/second in (31.994480,1036.657776) seconds
2026/08/31-09:51:24  ... thread 1: (47000,3241000) ops and (1468.0,3126.4) ops/second in (32.015401,1036.663872) seconds
2026/08/31-09:51:24  ... thread 2: (46000,3242000) ops and (1438.0,3127.3) ops/second in (31.988330,1036.664343) seconds
2026/08/31-09:51:24  ... thread 3: (47000,3240000) ops and (1468.5,3125.4) ops/second in (32.004469,1036.664684) seconds
2026/08/31-09:51:24  ... thread 5: (46000,3244000) ops and (1438.0,3129.3) ops/second in (31.988891,1036.664672) seconds
2026/08/31-09:51:24  ... thread 4: (46000,3240000) ops and (1438.1,3125.4) ops/second in (31.986489,1036.665091) seconds
2026/08/31-09:51:24  ... thread 12: (46000,3240000) ops and (1437.8,3125.4) ops/second in (31.992583,1036.667785) seconds
2026/08/31-09:51:24  ... thread 15: (46000,3244000) ops and (1437.8,3129.2) ops/second in (31.993749,1036.672326) seconds
2026/08/31-09:51:24  ... thread 13: (47000,3242000) ops and (1468.5,3127.3) ops/second in (32.004687,1036.671945) seconds
2026/08/31-09:51:24  ... thread 0: (47000,3241000) ops and (1468.1,3126.3) ops/second in (32.013372,1036.674311) seconds

** Compaction Stats [default] **
Level    Files   Size     Score Read(GB)  Rn(GB) Rnp1(GB) Write(GB) WPreComp(GB) Wnew(GB) Moved(GB) W-Amp Rd(MB/s) Wr(MB/s) Comp(sec) CompMergeCPU(sec) Comp(cnt) Avg(sec) KeyIn KeyDrop Rblob(GB) Wblob(GB)
-------------------------------------------------------------------------------------------------------------------------------------------------------------------------------------------------------------
  L0     14/11     2.25 GB   1.5     46.4     0.0     46.4      97.3      97.3     50.9       0.0   1.9     20.5     43.1   2313.19            207.91      1021    2.266     99M    44K       0.0       0.0
  L1    201/201   12.17 GB   0.0    205.5    48.7    156.8     202.4     202.4     45.5       0.0   4.2    319.0    314.1    659.71            616.29        32   20.616    209M  3182K       0.0       0.0
  L2    579/0     29.86 GB   0.7     52.7    24.5     28.1      49.2      49.2     21.1       8.8   2.0     19.7     18.4   2741.81            187.61       341    8.041     53M  3546K       0.0       0.0
 Sum    794/212   44.27 GB   0.0    304.6    73.2    231.4     348.9     348.9    117.5       8.8   6.8     54.6     62.5   5714.71           1011.82      1394    4.100    361M  6774K       0.0       0.0
 Int      0/0      0.00 KB   0.0      0.5     0.0      0.5       0.7       0.7      0.2       0.0   3.0     12.2     18.2     40.91              1.84         6    6.818    741K    469       0.0       0.0

** Compaction Stats [default] **
Priority    Files   Size     Score Read(GB)  Rn(GB) Rnp1(GB) Write(GB) WPreComp(GB) Wnew(GB) Moved(GB) W-Amp Rd(MB/s) Wr(MB/s) Comp(sec) CompMergeCPU(sec) Comp(cnt) Avg(sec) KeyIn KeyDrop Rblob(GB) Wblob(GB)
----------------------------------------------------------------------------------------------------------------------------------------------------------------------------------------------------------------
 Low      0/0      0.00 KB   0.0    304.6    73.2    231.4     297.9     297.9     66.5       0.0   0.0     74.2     72.5   4205.33            924.25       558    7.536    309M  6774K       0.0       0.0
High      0/0      0.00 KB   0.0      0.0     0.0      0.0      51.0      51.0     51.0       0.0   0.0      0.0     34.6   1509.39             87.57       836    1.805     51M      0       0.0       0.0

Blob file count: 0, total size: 0.0 GB, garbage size: 0.0 GB, space amp: 0.0

Uptime(secs): 1036.7 total, 11.3 interval
Flush(GB): cumulative 50.952, interval 0.242
AddFile(GB): cumulative 0.000, interval 0.000
AddFile(Total Files): cumulative 0, interval 0
AddFile(L0 Files): cumulative 0, interval 0
AddFile(Keys): cumulative 0, interval 0
Cumulative compaction: 348.85 GB write, 344.58 MB/s write, 304.58 GB read, 300.85 MB/s read, 5714.7 seconds
Interval compaction: 0.73 GB write, 65.68 MB/s write, 0.49 GB read, 43.86 MB/s read, 40.9 seconds
Estimated pending compaction bytes: 49829252708
Write Stall (count): cf-l0-file-count-limit-delays-with-ongoing-compaction: 41, cf-l0-file-count-limit-stops-with-ongoing-compaction: 0, l0-file-count-limit-delays: 41, l0-file-count-limit-stops: 0, memtable-limit-delays: 0, memtable-limit-stops: 622, pending-compaction-bytes-delays: 0, pending-compaction-bytes-stops: 0, total-delays: 41, total-stops: 622
interval: 3 total count
Block cache AutoHyperClockCache@0x6043b84412d0#2239720 capacity: 512.00 MB seed: 1 usage: 11.52 MB table_size: 5536 occupancy: 2729 collections: 6 last_copies: 2 last_secs: 0.000444 secs_since: 131
Block cache entry stats(count,size,portion): Misc(2729,11.18 MB,2.18341%)

** File Read Latency Histogram By Level [default] **
** Level 0 read latency histogram (micros):
Count: 24362209 Average: 3.1362  StdDev: 1371.34
Min: 0  Median: 0.8384  Max: 3176910
Percentiles: P50: 0.84 P75: 1.44 P99: 2.97 P99.9: 4.90 P99.99: 5.68
------------------------------------------------------
[       0,       1 ] 14529400  59.639%  59.639% ############
(       1,       2 ]  8417539  34.552%  94.191% #######
(       2,       3 ]  1203432   4.940%  99.130% #
(       3,       4 ]   162084   0.665%  99.796% 
(       4,       6 ]    56259   0.231% 100.027% 
(       6,      10 ]    26001   0.107% 100.133% 
(      10,      15 ]     9722   0.040% 100.173% 
(      15,      22 ]     5999   0.025% 100.198% 
(      22,      34 ]      375   0.002% 100.199% 
(      34,      51 ]       62   0.000% 100.200% 
(      51,      76 ]      314   0.001% 100.201% 
(      76,     110 ]      583   0.002% 100.203% 
(     110,     170 ]       24   0.000% 100.204% 
(     170,     250 ]        7   0.000% 100.204% 
(     250,     380 ]       16   0.000% 100.204% 
(     380,     580 ]        7   0.000% 100.204% 
(     580,     870 ]       37   0.000% 100.204% 
(     870,    1300 ]      100   0.000% 100.204% 
(    1300,    1900 ]       49   0.000% 100.204% 
(    1900,    2900 ]       16   0.000% 100.204% 
(    2900,    4400 ]        4   0.000% 100.205% 
(    4400,    6600 ]        3   0.000% 100.205% 
(    6600,    9900 ]        6   0.000% 100.205% 
(   14000,   22000 ]        6   0.000% 100.205% 
(   22000,   33000 ]       15   0.000% 100.205% 
(   33000,   50000 ]       26   0.000% 100.205% 
(   50000,   75000 ]       43   0.000% 100.205% 
(   75000,  110000 ]       55   0.000% 100.205% 
(  110000,  170000 ]       46   0.000% 100.205% 
(  170000,  250000 ]       20   0.000% 100.205% 
(  250000,  380000 ]        6   0.000% 100.205% 
(  380000,  570000 ]        1   0.000% 100.205% 
(  570000,  860000 ]        1   0.000% 100.205% 
(  860000, 1200000 ]        2   0.000% 100.205% 
( 1200000, 1900000 ]        3   0.000% 100.205% 
( 1900000, 2900000 ]        1   0.000% 100.205% 
( 2900000, 4300000 ]        3   0.000% 100.205% 

** Level 1 read latency histogram (micros):
Count: 50348180 Average: 1.4141  StdDev: 4.20
Min: 0  Median: 0.7569  Max: 12193
Percentiles: P50: 0.76 P75: 1.30 P99: 2.84 P99.9: 3.50 P99.99: 3.67
------------------------------------------------------
[       0,       1 ] 33257395  66.055%  66.055% #############
(       1,       2 ] 14841654  29.478%  95.533% ######
(       2,       3 ]  2065966   4.103%  99.636% #
(       3,       4 ]   265972   0.528% 100.164% 
(       4,       6 ]    99890   0.198% 100.363% 
(       6,      10 ]    60723   0.121% 100.483% 
(      10,      15 ]    18002   0.036% 100.519% 
(      15,      22 ]    11751   0.023% 100.543% 
(      22,      34 ]     1015   0.002% 100.545% 
(      34,      51 ]      342   0.001% 100.545% 
(      51,      76 ]      931   0.002% 100.547% 
(      76,     110 ]     1143   0.002% 100.549% 
(     110,     170 ]      585   0.001% 100.551% 
(     170,     250 ]      204   0.000% 100.551% 
(     250,     380 ]       18   0.000% 100.551% 
(     380,     580 ]        8   0.000% 100.551% 
(     580,     870 ]       16   0.000% 100.551% 
(     870,    1300 ]        3   0.000% 100.551% 
(    1300,    1900 ]        3   0.000% 100.551% 
(    1900,    2900 ]        7   0.000% 100.551% 
(    2900,    4400 ]       20   0.000% 100.551% 
(    4400,    6600 ]        3   0.000% 100.551% 
(    6600,    9900 ]        1   0.000% 100.551% 
(    9900,   14000 ]        3   0.000% 100.551% 

** Level 2 read latency histogram (micros):
Count: 4852178 Average: 72.1271  StdDev: 3476.47
Min: 0  Median: 1.1155  Max: 4134406
Percentiles: P50: 1.12 P75: 1.71 P99: 325.97 P99.9: 1050.18 P99.99: 1234.46
------------------------------------------------------
[       0,       1 ]  2189369  45.121%  45.121% #########
(       1,       2 ]  2049004  42.229%  87.350% ########
(       2,       3 ]   385552   7.946%  95.296% ##
(       3,       4 ]    81738   1.685%  96.980% 
(       4,       6 ]    26481   0.546%  97.526% 
(       6,      10 ]     7483   0.154%  97.680% 
(      10,      15 ]     2991   0.062%  97.742% 
(      15,      22 ]     1753   0.036%  97.778% 
(      22,      34 ]     1390   0.029%  97.807% 
(      34,      51 ]     3823   0.079%  97.886% 
(      51,      76 ]     6664   0.137%  98.023% 
(      76,     110 ]     4009   0.083%  98.106% 
(     110,     170 ]    15436   0.318%  98.424% 
(     170,     250 ]    17359   0.358%  98.781% 
(     250,     380 ]    18147   0.374%  99.155% 
(     380,     580 ]    17209   0.355%  99.510% 
(     580,     870 ]    14648   0.302%  99.812% 
(     870,    1300 ]    10190   0.210% 100.022% 
(    1300,    1900 ]     8588   0.177% 100.199% 
(    1900,    2900 ]     7108   0.146% 100.345% 
(    2900,    4400 ]     3895   0.080% 100.426% 
(    4400,    6600 ]     2182   0.045% 100.471% 
(    6600,    9900 ]      650   0.013% 100.484% 
(    9900,   14000 ]      291   0.006% 100.490% 
(   14000,   22000 ]      383   0.008% 100.498% 
(   22000,   33000 ]      329   0.007% 100.505% 
(   33000,   50000 ]      452   0.009% 100.514% 
(   50000,   75000 ]      423   0.009% 100.523% 
(   75000,  110000 ]      411   0.008% 100.531% 
(  110000,  170000 ]      399   0.008% 100.540% 
(  170000,  250000 ]      219   0.005% 100.544% 
(  250000,  380000 ]       68   0.001% 100.545% 
(  380000,  570000 ]       18   0.000% 100.546% 
(  570000,  860000 ]        6   0.000% 100.546% 
(  860000, 1200000 ]        2   0.000% 100.546% 
( 1200000, 1900000 ]        2   0.000% 100.546% 
( 2900000, 4300000 ]        1   0.000% 100.546% 


** DB Stats **
Uptime(secs): 1036.7 total, 11.3 interval
Cumulative writes: 51M writes, 51M keys, 6651K commit groups, 7.8 writes per commit group, ingest: 50.50 GB, 49.88 MB/s
Cumulative WAL: 51M writes, 0 syncs, 51863917.00 writes per sync, written: 50.50 GB, 49.88 MB/s
Cumulative stall: 00:15:2.820 H:M:S, 87.1 percent
Interval writes: 262K writes, 262K keys, 33K commit groups, 7.7 writes per commit group, ingest: 261.28 MB, 23.02 MB/s
Interval WAL: 262K writes, 0 syncs, 262025.00 writes per sync, written: 0.26 GB, 23.02 MB/s
Interval stall: 00:00:17.637 H:M:S, 155.4 percent
Write Stall (count): write-buffer-manager-limit-stops: 0
num-running-compactions: 2
num-running-flushes: 0

2026/08/31-09:51:57  ... thread 6: (116000,3353000) ops and (3477.7,3133.6) ops/second in (33.355842,1070.013618) seconds
2026/08/31-09:51:57  ... thread 9: (116000,3356000) ops and (3477.3,3136.4) ops/second in (33.359138,1070.014097) seconds
2026/08/31-09:51:57  ... thread 10: (116000,3357000) ops and (3477.0,3137.3) ops/second in (33.361908,1070.015891) seconds
2026/08/31-09:51:57  ... thread 4: (116000,3356000) ops and (3478.0,3136.4) ops/second in (33.352442,1070.017533) seconds
2026/08/31-09:51:57  ... thread 8: (116000,3358000) ops and (3477.2,3138.3) ops/second in (33.360185,1070.017695) seconds
2026/08/31-09:51:57  ... thread 14: (116000,3358000) ops and (3476.8,3138.3) ops/second in (33.364438,1070.018229) seconds
2026/08/31-09:51:57  ... thread 2: (116000,3358000) ops and (3477.6,3138.3) ops/second in (33.356677,1070.021020) seconds
2026/08/31-09:51:57  ... thread 1: (116000,3357000) ops and (3477.2,3137.3) ops/second in (33.360449,1070.024321) seconds
2026/08/31-09:51:57  ... thread 11: (116000,3356000) ops and (3476.0,3136.4) ops/second in (33.372101,1070.028555) seconds
2026/08/31-09:51:57  ... thread 15: (116000,3360000) ops and (3477.2,3140.1) ops/second in (33.359991,1070.032317) seconds
2026/08/31-09:51:57  ... thread 5: (116000,3360000) ops and (3476.4,3140.1) ops/second in (33.367795,1070.032467) seconds
2026/08/31-09:51:57  ... thread 13: (116000,3358000) ops and (3477.2,3138.2) ops/second in (33.360466,1070.032411) seconds
2026/08/31-09:51:57  ... thread 12: (116000,3356000) ops and (3476.6,3136.4) ops/second in (33.365774,1070.033559) seconds
2026/08/31-09:51:57  ... thread 3: (116000,3356000) ops and (3476.3,3136.3) ops/second in (33.369132,1070.033816) seconds
2026/08/31-09:51:57  ... thread 0: (116000,3357000) ops and (3476.8,3137.3) ops/second in (33.363889,1070.038200) seconds
2026/08/31-09:51:57  ... thread 7: (117000,3358000) ops and (3502.9,3138.2) ops/second in (33.400939,1070.038429) seconds

** Compaction Stats [default] **
Level    Files   Size     Score Read(GB)  Rn(GB) Rnp1(GB) Write(GB) WPreComp(GB) Wnew(GB) Moved(GB) W-Amp Rd(MB/s) Wr(MB/s) Comp(sec) CompMergeCPU(sec) Comp(cnt) Avg(sec) KeyIn KeyDrop Rblob(GB) Wblob(GB)
-------------------------------------------------------------------------------------------------------------------------------------------------------------------------------------------------------------
  L0     16/15     2.80 GB   0.5     48.0     0.0     48.0     100.6     100.6     52.7       0.0   1.9     20.6     43.3   2381.15            215.55      1056    2.255    102M    46K       0.0       0.0
  L1    188/188   11.34 GB   0.0    218.9    49.9    169.0     215.6     215.6     46.6       0.0   4.3    315.4    310.6    710.75            656.25        33   21.538    222M  3336K       0.0       0.0
  L2    608/0     31.32 GB   0.8     56.8    26.4     30.4      52.9      52.9     22.5       8.8   2.0     19.7     18.3   2960.77            209.70       368    8.046     57M  3989K       0.0       0.0
 Sum    812/203   45.45 GB   0.0    323.7    76.3    247.4     369.2     369.2    121.8       8.8   7.0     54.8     62.5   6052.67           1081.50      1457    4.154    383M  7371K       0.0       0.0
 Int      0/0      0.00 KB   0.0     19.6     3.1     16.5      21.0      21.0      4.5       0.0  10.5     53.0     56.8    378.86             71.53        69    5.491     22M   597K       0.0       0.0

** Compaction Stats [default] **
Priority    Files   Size     Score Read(GB)  Rn(GB) Rnp1(GB) Write(GB) WPreComp(GB) Wnew(GB) Moved(GB) W-Amp Rd(MB/s) Wr(MB/s) Comp(sec) CompMergeCPU(sec) Comp(cnt) Avg(sec) KeyIn KeyDrop Rblob(GB) Wblob(GB)
----------------------------------------------------------------------------------------------------------------------------------------------------------------------------------------------------------------
 Low      0/0      0.00 KB   0.0    323.7    76.3    247.4     316.4     316.4     69.0       0.0   0.0     73.7     72.0   4498.89            990.69       592    7.599    329M  7371K       0.0       0.0
High      0/0      0.00 KB   0.0      0.0     0.0      0.0      52.7      52.7     52.7       0.0   0.0      0.0     34.7   1553.78             90.82       865    1.796     53M      0       0.0       0.0

Blob file count: 0, total size: 0.0 GB, garbage size: 0.0 GB, space amp: 0.0

Uptime(secs): 1070.0 total, 44.7 interval
Flush(GB): cumulative 52.718, interval 2.009
AddFile(GB): cumulative 0.000, interval 0.000
AddFile(Total Files): cumulative 0, interval 0
AddFile(L0 Files): cumulative 0, interval 0
AddFile(Keys): cumulative 0, interval 0
Cumulative compaction: 369.16 GB write, 353.27 MB/s write, 323.70 GB read, 309.77 MB/s read, 6052.7 seconds
Interval compaction: 21.03 GB write, 481.68 MB/s write, 19.61 GB read, 449.14 MB/s read, 378.9 seconds
Estimated pending compaction bytes: 50169805856
Write Stall (count): cf-l0-file-count-limit-delays-with-ongoing-compaction: 41, cf-l0-file-count-limit-stops-with-ongoing-compaction: 0, l0-file-count-limit-delays: 41, l0-file-count-limit-stops: 0, memtable-limit-delays: 0, memtable-limit-stops: 653, pending-compaction-bytes-delays: 0, pending-compaction-bytes-stops: 0, total-delays: 41, total-stops: 653
interval: 34 total count
Block cache AutoHyperClockCache@0x6043b84412d0#2239720 capacity: 512.00 MB seed: 1 usage: 11.52 MB table_size: 5536 occupancy: 2729 collections: 6 last_copies: 2 last_secs: 0.000444 secs_since: 164
Block cache entry stats(count,size,portion): Misc(2729,11.18 MB,2.18341%)

** File Read Latency Histogram By Level [default] **
** Level 0 read latency histogram (micros):
Count: 24965703 Average: 3.1744  StdDev: 1367.80
Min: 0  Median: 0.8384  Max: 3176910
Percentiles: P50: 0.84 P75: 1.45 P99: 2.97 P99.9: 4.93 P99.99: 5.71
------------------------------------------------------
[       0,       1 ] 14888354  59.635%  59.635% ############
(       1,       2 ]  8617368  34.517%  94.152% #######
(       2,       3 ]  1241634   4.973%  99.125% #
(       3,       4 ]   166401   0.667%  99.792% 
(       4,       6 ]    58004   0.232% 100.024% 
(       6,      10 ]    26615   0.107% 100.131% 
(      10,      15 ]     9945   0.040% 100.171% 
(      15,      22 ]     6123   0.025% 100.195% 
(      22,      34 ]      387   0.002% 100.197% 
(      34,      51 ]       65   0.000% 100.197% 
(      51,      76 ]      317   0.001% 100.198% 
(      76,     110 ]      609   0.002% 100.201% 
(     110,     170 ]       24   0.000% 100.201% 
(     170,     250 ]        7   0.000% 100.201% 
(     250,     380 ]       16   0.000% 100.201% 
(     380,     580 ]        8   0.000% 100.201% 
(     580,     870 ]       39   0.000% 100.201% 
(     870,    1300 ]      101   0.000% 100.202% 
(    1300,    1900 ]       53   0.000% 100.202% 
(    1900,    2900 ]       16   0.000% 100.202% 
(    2900,    4400 ]        5   0.000% 100.202% 
(    4400,    6600 ]        4   0.000% 100.202% 
(    6600,    9900 ]        6   0.000% 100.202% 
(   14000,   22000 ]        7   0.000% 100.202% 
(   22000,   33000 ]       15   0.000% 100.202% 
(   33000,   50000 ]       27   0.000% 100.202% 
(   50000,   75000 ]       44   0.000% 100.202% 
(   75000,  110000 ]       57   0.000% 100.202% 
(  110000,  170000 ]       50   0.000% 100.203% 
(  170000,  250000 ]       21   0.000% 100.203% 
(  250000,  380000 ]        6   0.000% 100.203% 
(  380000,  570000 ]        1   0.000% 100.203% 
(  570000,  860000 ]        1   0.000% 100.203% 
(  860000, 1200000 ]        3   0.000% 100.203% 
( 1200000, 1900000 ]        3   0.000% 100.203% 
( 1900000, 2900000 ]        1   0.000% 100.203% 
( 2900000, 4300000 ]        3   0.000% 100.203% 

** Level 1 read latency histogram (micros):
Count: 51472261 Average: 1.4240  StdDev: 4.17
Min: 0  Median: 0.7634  Max: 12193
Percentiles: P50: 0.76 P75: 1.32 P99: 2.87 P99.9: 3.58 P99.99: 3.74
------------------------------------------------------
[       0,       1 ] 33712199  65.496%  65.496% #############
(       1,       2 ] 15325855  29.775%  95.271% ######
(       2,       3 ]  2212293   4.298%  99.569% #
(       3,       4 ]   292760   0.569% 100.138% 
(       4,       6 ]   111503   0.217% 100.354% 
(       6,      10 ]    64627   0.126% 100.480% 
(      10,      15 ]    19064   0.037% 100.517% 
(      15,      22 ]    12385   0.024% 100.541% 
(      22,      34 ]     1096   0.002% 100.543% 
(      34,      51 ]      365   0.001% 100.544% 
(      51,      76 ]      995   0.002% 100.546% 
(      76,     110 ]     1251   0.002% 100.548% 
(     110,     170 ]      620   0.001% 100.549% 
(     170,     250 ]      223   0.000% 100.550% 
(     250,     380 ]       26   0.000% 100.550% 
(     380,     580 ]        9   0.000% 100.550% 
(     580,     870 ]       16   0.000% 100.550% 
(     870,    1300 ]        3   0.000% 100.550% 
(    1300,    1900 ]        3   0.000% 100.550% 
(    1900,    2900 ]        7   0.000% 100.550% 
(    2900,    4400 ]       20   0.000% 100.550% 
(    4400,    6600 ]        3   0.000% 100.550% 
(    6600,    9900 ]        1   0.000% 100.550% 
(    9900,   14000 ]        3   0.000% 100.550% 

** Level 2 read latency histogram (micros):
Count: 5422269 Average: 84.4220  StdDev: 4424.68
Min: 0  Median: 1.1625  Max: 4177656
Percentiles: P50: 1.16 P75: 1.75 P99: 438.52 P99.9: 1269.32 P99.99: 1506.31
------------------------------------------------------
[       0,       1 ]  2334812  43.060%  43.060% #########
(       1,       2 ]  2315282  42.700%  85.759% #########
(       2,       3 ]   469576   8.660%  94.419% ##
(       3,       4 ]   103503   1.909%  96.328% 
(       4,       6 ]    33049   0.610%  96.938% 
(       6,      10 ]     8619   0.159%  97.097% 
(      10,      15 ]     3715   0.069%  97.165% 
(      15,      22 ]     2047   0.038%  97.203% 
(      22,      34 ]     1447   0.027%  97.230% 
(      34,      51 ]     4539   0.084%  97.313% 
(      51,      76 ]     8508   0.157%  97.470% 
(      76,     110 ]     5197   0.096%  97.566% 
(     110,     170 ]    21119   0.389%  97.956% 
(     170,     250 ]    23902   0.441%  98.396% 
(     250,     380 ]    25775   0.475%  98.872% 
(     380,     580 ]    23774   0.438%  99.310% 
(     580,     870 ]    19470   0.359%  99.669% 
(     870,    1300 ]    13474   0.248%  99.918% 
(    1300,    1900 ]    11397   0.210% 100.128% 
(    1900,    2900 ]     9516   0.175% 100.303% 
(    2900,    4400 ]     5359   0.099% 100.402% 
(    4400,    6600 ]     3124   0.058% 100.460% 
(    6600,    9900 ]      944   0.017% 100.477% 
(    9900,   14000 ]      372   0.007% 100.484% 
(   14000,   22000 ]      472   0.009% 100.493% 
(   22000,   33000 ]      404   0.007% 100.500% 
(   33000,   50000 ]      534   0.010% 100.510% 
(   50000,   75000 ]      503   0.009% 100.519% 
(   75000,  110000 ]      500   0.009% 100.529% 
(  110000,  170000 ]      481   0.009% 100.538% 
(  170000,  250000 ]      270   0.005% 100.542% 
(  250000,  380000 ]       90   0.002% 100.544% 
(  380000,  570000 ]       21   0.000% 100.545% 
(  570000,  860000 ]        6   0.000% 100.545% 
(  860000, 1200000 ]       13   0.000% 100.545% 
( 1200000, 1900000 ]        2   0.000% 100.545% 
( 2900000, 4300000 ]        3   0.000% 100.545% 


** DB Stats **
Uptime(secs): 1070.0 total, 33.4 interval
Cumulative writes: 53M writes, 53M keys, 6888K commit groups, 7.8 writes per commit group, ingest: 52.31 GB, 50.06 MB/s
Cumulative WAL: 53M writes, 0 syncs, 53720641.00 writes per sync, written: 52.31 GB, 50.06 MB/s
Cumulative stall: 00:15:32.093 H:M:S, 87.1 percent
Interval writes: 1856K writes, 1856K keys, 237K commit groups, 7.8 writes per commit group, ingest: 1851.34 MB, 55.49 MB/s
Interval WAL: 1856K writes, 0 syncs, 1856724.00 writes per sync, written: 1.81 GB, 55.49 MB/s
Interval stall: 00:00:29.272 H:M:S, 87.7 percent
Write Stall (count): write-buffer-manager-limit-stops: 0
num-running-compactions: 2
num-running-flushes: 1

2026/08/31-09:52:31  ... thread 13: (46000,3404000) ops and (1350.5,3083.1) ops/second in (34.062271,1104.094682) seconds
2026/08/31-09:52:31  ... thread 11: (46000,3402000) ops and (1341.5,3080.6) ops/second in (34.289373,1104.317928) seconds
2026/08/31-09:52:32  ... thread 3: (46000,3402000) ops and (1334.0,3080.1) ops/second in (34.481721,1104.515537) seconds
2026/08/31-09:52:32  ... thread 0: (46000,3403000) ops and (1334.2,3081.0) ops/second in (34.477984,1104.516184) seconds

** Compaction Stats [default] **
Level    Files   Size     Score Read(GB)  Rn(GB) Rnp1(GB) Write(GB) WPreComp(GB) Wnew(GB) Moved(GB) W-Amp Rd(MB/s) Wr(MB/s) Comp(sec) CompMergeCPU(sec) Comp(cnt) Avg(sec) KeyIn KeyDrop Rblob(GB) Wblob(GB)
-------------------------------------------------------------------------------------------------------------------------------------------------------------------------------------------------------------
  L0     20/15     3.59 GB   2.5     48.7     0.0     48.7     102.2     102.2     53.5       0.0   1.9     20.2     42.4   2466.74            219.06      1072    2.301    103M    47K       0.0       0.0
  L1    188/188   11.34 GB   0.0    218.9    49.9    169.0     215.6     215.6     46.6       0.0   4.3    315.4    310.6    710.75            656.25        33   21.538    222M  3336K       0.0       0.0
  L2    608/0     31.32 GB   0.8     56.8    26.4     30.4      52.9      52.9     22.5       8.8   2.0     19.7     18.3   2960.77            209.70       368    8.046     57M  3989K       0.0       0.0
 Sum    816/203   46.24 GB   0.0    324.4    76.3    248.1     370.7     370.7    122.5       8.8   6.9     54.1     61.8   6138.26           1085.01      1473    4.167    384M  7372K       0.0       0.0
 Int      0/0      0.00 KB   0.0      0.5     0.0      0.5       0.9       0.9      0.4       0.0   2.3     10.7     18.6     46.75              2.05         8    5.843    865K    461       0.0       0.0

** Compaction Stats [default] **
Priority    Files   Size     Score Read(GB)  Rn(GB) Rnp1(GB) Write(GB) WPreComp(GB) Wnew(GB) Moved(GB) W-Amp Rd(MB/s) Wr(MB/s) Comp(sec) CompMergeCPU(sec) Comp(cnt) Avg(sec) KeyIn KeyDrop Rblob(GB) Wblob(GB)
----------------------------------------------------------------------------------------------------------------------------------------------------------------------------------------------------------------
 Low      0/0      0.00 KB   0.0    324.4    76.3    248.1     317.2     317.2     69.0       0.0   0.0     73.2     71.5   4539.70            992.71       595    7.630    330M  7372K       0.0       0.0
High      0/0      0.00 KB   0.0      0.0     0.0      0.0      53.5      53.5     53.5       0.0   0.0      0.0     34.3   1598.57             92.30       878    1.821     54M      0       0.0       0.0

Blob file count: 0, total size: 0.0 GB, garbage size: 0.0 GB, space amp: 0.0

Uptime(secs): 1104.5 total, 19.2 interval
Flush(GB): cumulative 53.508, interval 0.364
AddFile(GB): cumulative 0.000, interval 0.000
AddFile(Total Files): cumulative 0, interval 0
AddFile(L0 Files): cumulative 0, interval 0
AddFile(Keys): cumulative 0, interval 0
Cumulative compaction: 370.68 GB write, 343.65 MB/s write, 324.43 GB read, 300.78 MB/s read, 6138.3 seconds
Interval compaction: 0.85 GB write, 45.35 MB/s write, 0.49 GB read, 25.99 MB/s read, 46.7 seconds
Estimated pending compaction bytes: 52367492462
Write Stall (count): cf-l0-file-count-limit-delays-with-ongoing-compaction: 44, cf-l0-file-count-limit-stops-with-ongoing-compaction: 0, l0-file-count-limit-delays: 44, l0-file-count-limit-stops: 0, memtable-limit-delays: 0, memtable-limit-stops: 663, pending-compaction-bytes-delays: 0, pending-compaction-bytes-stops: 0, total-delays: 44, total-stops: 663
interval: 5 total count
Block cache AutoHyperClockCache@0x6043b84412d0#2239720 capacity: 512.00 MB seed: 1 usage: 13.42 MB table_size: 6008 occupancy: 3186 collections: 7 last_copies: 0 last_secs: 0.000529 secs_since: 19
Block cache entry stats(count,size,portion): Misc(3186,13.05 MB,2.54931%)

** File Read Latency Histogram By Level [default] **
** Level 0 read latency histogram (micros):
Count: 25626154 Average: 3.1555  StdDev: 1350.96
Min: 0  Median: 0.8410  Max: 3176910
Percentiles: P50: 0.84 P75: 1.45 P99: 2.98 P99.9: 4.98 P99.99: 5.74
------------------------------------------------------
[       0,       1 ] 15236278  59.456%  59.456% ############
(       1,       2 ]  8871121  34.617%  94.073% #######
(       2,       3 ]  1289211   5.031%  99.104% #
(       3,       4 ]   174255   0.680%  99.784% 
(       4,       6 ]    60579   0.236% 100.021% 
(       6,      10 ]    27515   0.107% 100.128% 
(      10,      15 ]    10290   0.040% 100.168% 
(      15,      22 ]     6325   0.025% 100.193% 
(      22,      34 ]      403   0.002% 100.194% 
(      34,      51 ]       66   0.000% 100.195% 
(      51,      76 ]      322   0.001% 100.196% 
(      76,     110 ]      618   0.002% 100.198% 
(     110,     170 ]       24   0.000% 100.198% 
(     170,     250 ]        7   0.000% 100.198% 
(     250,     380 ]       17   0.000% 100.199% 
(     380,     580 ]        8   0.000% 100.199% 
(     580,     870 ]       40   0.000% 100.199% 
(     870,    1300 ]      102   0.000% 100.199% 
(    1300,    1900 ]       53   0.000% 100.199% 
(    1900,    2900 ]       16   0.000% 100.199% 
(    2900,    4400 ]        6   0.000% 100.199% 
(    4400,    6600 ]        4   0.000% 100.199% 
(    6600,    9900 ]        6   0.000% 100.199% 
(   14000,   22000 ]        8   0.000% 100.199% 
(   22000,   33000 ]       16   0.000% 100.200% 
(   33000,   50000 ]       28   0.000% 100.200% 
(   50000,   75000 ]       45   0.000% 100.200% 
(   75000,  110000 ]       58   0.000% 100.200% 
(  110000,  170000 ]       51   0.000% 100.200% 
(  170000,  250000 ]       22   0.000% 100.200% 
(  250000,  380000 ]        6   0.000% 100.200% 
(  380000,  570000 ]        1   0.000% 100.200% 
(  570000,  860000 ]        1   0.000% 100.200% 
(  860000, 1200000 ]        3   0.000% 100.200% 
( 1200000, 1900000 ]        3   0.000% 100.200% 
( 1900000, 2900000 ]        1   0.000% 100.200% 
( 2900000, 4300000 ]        3   0.000% 100.200% 

** Level 1 read latency histogram (micros):
Count: 53641809 Average: 1.4210  StdDev: 4.08
Min: 0  Median: 0.7610  Max: 12193
Percentiles: P50: 0.76 P75: 1.31 P99: 2.87 P99.9: 3.58 P99.99: 3.74
------------------------------------------------------
[       0,       1 ] 35244094  65.703%  65.703% #############
(       1,       2 ] 15871965  29.589%  95.291% ######
(       2,       3 ]  2295383   4.279%  99.571% #
(       3,       4 ]   302463   0.564% 100.134% 
(       4,       6 ]   114777   0.214% 100.348% 
(       6,      10 ]    66722   0.124% 100.473% 
(      10,      15 ]    19843   0.037% 100.510% 
(      15,      22 ]    12897   0.024% 100.534% 
(      22,      34 ]     1130   0.002% 100.536% 
(      34,      51 ]      369   0.001% 100.537% 
(      51,      76 ]      998   0.002% 100.538% 
(      76,     110 ]     1256   0.002% 100.541% 
(     110,     170 ]      622   0.001% 100.542% 
(     170,     250 ]      223   0.000% 100.542% 
(     250,     380 ]       26   0.000% 100.542% 
(     380,     580 ]        9   0.000% 100.542% 
(     580,     870 ]       16   0.000% 100.542% 
(     870,    1300 ]        3   0.000% 100.542% 
(    1300,    1900 ]        3   0.000% 100.542% 
(    1900,    2900 ]        7   0.000% 100.542% 
(    2900,    4400 ]       20   0.000% 100.543% 
(    4400,    6600 ]        3   0.000% 100.543% 
(    6600,    9900 ]        1   0.000% 100.543% 
(    9900,   14000 ]        3   0.000% 100.543% 

** Level 2 read latency histogram (micros):
Count: 5422269 Average: 84.4220  StdDev: 4424.68
Min: 0  Median: 1.1625  Max: 4177656
Percentiles: P50: 1.16 P75: 1.75 P99: 438.52 P99.9: 1269.32 P99.99: 1506.31
------------------------------------------------------
[       0,       1 ]  2334812  43.060%  43.060% #########
(       1,       2 ]  2315282  42.700%  85.759% #########
(       2,       3 ]   469576   8.660%  94.419% ##
(       3,       4 ]   103503   1.909%  96.328% 
(       4,       6 ]    33049   0.610%  96.938% 
(       6,      10 ]     8619   0.159%  97.097% 
(      10,      15 ]     3715   0.069%  97.165% 
(      15,      22 ]     2047   0.038%  97.203% 
(      22,      34 ]     1447   0.027%  97.230% 
(      34,      51 ]     4539   0.084%  97.313% 
(      51,      76 ]     8508   0.157%  97.470% 
(      76,     110 ]     5197   0.096%  97.566% 
(     110,     170 ]    21119   0.389%  97.956% 
(     170,     250 ]    23902   0.441%  98.396% 
(     250,     380 ]    25775   0.475%  98.872% 
(     380,     580 ]    23774   0.438%  99.310% 
(     580,     870 ]    19470   0.359%  99.669% 
(     870,    1300 ]    13474   0.248%  99.918% 
(    1300,    1900 ]    11397   0.210% 100.128% 
(    1900,    2900 ]     9516   0.175% 100.303% 
(    2900,    4400 ]     5359   0.099% 100.402% 
(    4400,    6600 ]     3124   0.058% 100.460% 
(    6600,    9900 ]      944   0.017% 100.477% 
(    9900,   14000 ]      372   0.007% 100.484% 
(   14000,   22000 ]      472   0.009% 100.493% 
(   22000,   33000 ]      404   0.007% 100.500% 
(   33000,   50000 ]      534   0.010% 100.510% 
(   50000,   75000 ]      503   0.009% 100.519% 
(   75000,  110000 ]      500   0.009% 100.529% 
(  110000,  170000 ]      481   0.009% 100.538% 
(  170000,  250000 ]      270   0.005% 100.542% 
(  250000,  380000 ]       90   0.002% 100.544% 
(  380000,  570000 ]       21   0.000% 100.545% 
(  570000,  860000 ]        6   0.000% 100.545% 
(  860000, 1200000 ]       13   0.000% 100.545% 
( 1200000, 1900000 ]        2   0.000% 100.545% 
( 2900000, 4300000 ]        3   0.000% 100.545% 


** DB Stats **
Uptime(secs): 1104.5 total, 19.2 interval
Cumulative writes: 54M writes, 54M keys, 6985K commit groups, 7.8 writes per commit group, ingest: 53.02 GB, 49.16 MB/s
Cumulative WAL: 54M writes, 0 syncs, 54453272.00 writes per sync, written: 53.02 GB, 49.16 MB/s
Cumulative stall: 00:15:56.915 H:M:S, 86.6 percent
Interval writes: 345K writes, 345K keys, 46K commit groups, 7.5 writes per commit group, ingest: 344.16 MB, 17.92 MB/s
Interval WAL: 345K writes, 0 syncs, 345133.00 writes per sync, written: 0.34 GB, 17.92 MB/s
Interval stall: 00:00:13.133 H:M:S, 68.4 percent
Write Stall (count): write-buffer-manager-limit-stops: 0
num-running-compactions: 2
num-running-flushes: 0

2026/08/31-09:52:32  ... thread 15: (46000,3406000) ops and (1328.4,3083.3) ops/second in (34.627349,1104.659666) seconds
2026/08/31-09:52:32  ... thread 12: (46000,3402000) ops and (1312.5,3078.5) ops/second in (35.046905,1105.080464) seconds
2026/08/31-09:52:32  ... thread 10: (47000,3404000) ops and (1340.4,3080.3) ops/second in (35.065413,1105.081304) seconds
2026/08/31-09:52:32  ... thread 14: (47000,3405000) ops and (1340.2,3081.2) ops/second in (35.068499,1105.086728) seconds
2026/08/31-09:52:32  ... thread 7: (46000,3404000) ops and (1312.4,3080.3) ops/second in (35.049048,1105.087477) seconds
2026/08/31-09:52:32  ... thread 6: (47000,3400000) ops and (1339.9,3076.7) ops/second in (35.076639,1105.090257) seconds
2026/08/31-09:52:32  ... thread 5: (47000,3407000) ops and (1340.6,3083.0) ops/second in (35.058543,1105.091010) seconds
2026/08/31-09:52:32  ... thread 2: (47000,3405000) ops and (1340.1,3081.2) ops/second in (35.071872,1105.092892) seconds
2026/08/31-09:52:32  ... thread 4: (47000,3403000) ops and (1339.8,3079.4) ops/second in (35.079612,1105.097145) seconds
2026/08/31-09:52:32  ... thread 8: (47000,3405000) ops and (1339.8,3081.2) ops/second in (35.080059,1105.097754) seconds
2026/08/31-09:52:32  ... thread 1: (47000,3404000) ops and (1340.0,3080.3) ops/second in (35.074338,1105.098659) seconds
2026/08/31-09:52:32  ... thread 9: (47000,3403000) ops and (1339.6,3079.4) ops/second in (35.084825,1105.098922) seconds
2026/08/31-09:53:05  ... thread 4: (61000,3464000) ops and (1887.2,3045.5) ops/second in (32.322999,1137.420144) seconds
2026/08/31-09:53:05  ... thread 11: (62000,3464000) ops and (1873.0,3045.5) ops/second in (33.102479,1137.420407) seconds
2026/08/31-09:53:05  ... thread 2: (61000,3466000) ops and (1886.5,3047.2) ops/second in (32.334881,1137.427773) seconds
2026/08/31-09:53:05  ... thread 3: (62000,3464000) ops and (1883.7,3045.5) ops/second in (32.913519,1137.429056) seconds
2026/08/31-09:53:05  ... thread 15: (62000,3468000) ops and (1891.2,3048.9) ops/second in (32.782822,1137.442488) seconds
2026/08/31-09:53:05  ... thread 7: (62000,3466000) ops and (1916.2,3047.2) ops/second in (32.355690,1137.443167) seconds
2026/08/31-09:53:05  ... thread 0: (62000,3465000) ops and (1882.9,3046.3) ops/second in (32.927214,1137.443398) seconds

** Compaction Stats [default] **
Level    Files   Size     Score Read(GB)  Rn(GB) Rnp1(GB) Write(GB) WPreComp(GB) Wnew(GB) Moved(GB) W-Amp Rd(MB/s) Wr(MB/s) Comp(sec) CompMergeCPU(sec) Comp(cnt) Avg(sec) KeyIn KeyDrop Rblob(GB) Wblob(GB)
-------------------------------------------------------------------------------------------------------------------------------------------------------------------------------------------------------------
  L0     15/11     2.01 GB   2.0     49.4     0.0     49.4     103.8     103.8     54.4       0.0   1.9     19.9     41.8   2541.10            222.83      1090    2.331    105M    47K       0.0       0.0
  L1    227/227   13.53 GB   0.0    232.7    52.4    180.4     229.1     229.1     48.8       0.0   4.4    316.2    311.3    753.63            698.05        34   22.166    236M  3643K       0.0       0.0
  L2    608/0     31.32 GB   0.8     56.8    26.4     30.4      52.9      52.9     22.5       8.8   2.0     19.7     18.3   2960.77            209.70       368    8.046     57M  3989K       0.0       0.0
 Sum    850/238   46.85 GB   0.0    339.0    78.8    260.2     385.8     385.8    125.6       8.8   7.1     55.5     63.2   6255.51           1130.58      1492    4.193    400M  7680K       0.0       0.0
 Int      0/0      0.00 KB   0.0     15.0     2.5     12.6      16.0      16.0      3.5       0.0  12.5     94.0    100.0    163.99             47.62        27    6.074     16M   308K       0.0       0.0

** Compaction Stats [default] **
Priority    Files   Size     Score Read(GB)  Rn(GB) Rnp1(GB) Write(GB) WPreComp(GB) Wnew(GB) Moved(GB) W-Amp Rd(MB/s) Wr(MB/s) Comp(sec) CompMergeCPU(sec) Comp(cnt) Avg(sec) KeyIn KeyDrop Rblob(GB) Wblob(GB)
----------------------------------------------------------------------------------------------------------------------------------------------------------------------------------------------------------------
 Low      0/0      0.00 KB   0.0    339.0    78.8    260.2     331.4     331.4     71.2       0.0   0.0     75.3     73.6   4610.71           1036.65       599    7.697    344M  7680K       0.0       0.0
High      0/0      0.00 KB   0.0      0.0     0.0      0.0      54.4      54.4     54.4       0.0   0.0      0.0     33.9   1644.80             93.93       893    1.842     55M      0       0.0       0.0

Blob file count: 0, total size: 0.0 GB, garbage size: 0.0 GB, space amp: 0.0

Uptime(secs): 1137.5 total, 52.1 interval
Flush(GB): cumulative 54.421, interval 1.277
AddFile(GB): cumulative 0.000, interval 0.000
AddFile(Total Files): cumulative 0, interval 0
AddFile(L0 Files): cumulative 0, interval 0
AddFile(Keys): cumulative 0, interval 0
Cumulative compaction: 385.84 GB write, 347.36 MB/s write, 338.99 GB read, 305.18 MB/s read, 6255.5 seconds
Interval compaction: 16.02 GB write, 314.81 MB/s write, 15.05 GB read, 295.70 MB/s read, 164.0 seconds
Estimated pending compaction bytes: 54029434963
Write Stall (count): cf-l0-file-count-limit-delays-with-ongoing-compaction: 44, cf-l0-file-count-limit-stops-with-ongoing-compaction: 0, l0-file-count-limit-delays: 44, l0-file-count-limit-stops: 0, memtable-limit-delays: 0, memtable-limit-stops: 679, pending-compaction-bytes-delays: 0, pending-compaction-bytes-stops: 0, total-delays: 44, total-stops: 679
interval: 21 total count
Block cache AutoHyperClockCache@0x6043b84412d0#2239720 capacity: 512.00 MB seed: 1 usage: 13.42 MB table_size: 6008 occupancy: 3186 collections: 7 last_copies: 0 last_secs: 0.000529 secs_since: 52
Block cache entry stats(count,size,portion): Misc(3186,13.05 MB,2.54931%)

** File Read Latency Histogram By Level [default] **
** Level 0 read latency histogram (micros):
Count: 26008060 Average: 3.1898  StdDev: 1346.25
Min: 0  Median: 0.8425  Max: 3176910
Percentiles: P50: 0.84 P75: 1.45 P99: 2.98 P99.9: 5.01 P99.99: 5.76
------------------------------------------------------
[       0,       1 ] 15435450  59.349%  59.349% ############
(       1,       2 ]  9019610  34.680%  94.029% #######
(       2,       3 ]  1316861   5.063%  99.092% #
(       3,       4 ]   178988   0.688%  99.780% 
(       4,       6 ]    61931   0.238% 100.018% 
(       6,      10 ]    28036   0.108% 100.126% 
(      10,      15 ]    10463   0.040% 100.166% 
(      15,      22 ]     6413   0.025% 100.191% 
(      22,      34 ]      411   0.002% 100.193% 
(      34,      51 ]       70   0.000% 100.193% 
(      51,      76 ]      327   0.001% 100.194% 
(      76,     110 ]      630   0.002% 100.197% 
(     110,     170 ]       24   0.000% 100.197% 
(     170,     250 ]        7   0.000% 100.197% 
(     250,     380 ]       18   0.000% 100.197% 
(     380,     580 ]        8   0.000% 100.197% 
(     580,     870 ]       40   0.000% 100.197% 
(     870,    1300 ]      104   0.000% 100.197% 
(    1300,    1900 ]       54   0.000% 100.198% 
(    1900,    2900 ]       16   0.000% 100.198% 
(    2900,    4400 ]        6   0.000% 100.198% 
(    4400,    6600 ]        4   0.000% 100.198% 
(    6600,    9900 ]        6   0.000% 100.198% 
(   14000,   22000 ]        8   0.000% 100.198% 
(   22000,   33000 ]       17   0.000% 100.198% 
(   33000,   50000 ]       28   0.000% 100.198% 
(   50000,   75000 ]       49   0.000% 100.198% 
(   75000,  110000 ]       61   0.000% 100.198% 
(  110000,  170000 ]       52   0.000% 100.199% 
(  170000,  250000 ]       22   0.000% 100.199% 
(  250000,  380000 ]        7   0.000% 100.199% 
(  380000,  570000 ]        2   0.000% 100.199% 
(  570000,  860000 ]        1   0.000% 100.199% 
(  860000, 1200000 ]        3   0.000% 100.199% 
( 1200000, 1900000 ]        3   0.000% 100.199% 
( 1900000, 2900000 ]        1   0.000% 100.199% 
( 2900000, 4300000 ]        3   0.000% 100.199% 

** Level 1 read latency histogram (micros):
Count: 55783072 Average: 1.4198  StdDev: 4.03
Min: 0  Median: 0.7598  Max: 12193
Percentiles: P50: 0.76 P75: 1.31 P99: 2.86 P99.9: 3.57 P99.99: 3.73
------------------------------------------------------
[       0,       1 ] 36710677  65.810%  65.810% #############
(       1,       2 ] 16453372  29.495%  95.305% ######
(       2,       3 ]  2386454   4.278%  99.583% #
(       3,       4 ]   312382   0.560% 100.143% 
(       4,       6 ]   118335   0.212% 100.355% 
(       6,      10 ]    68932   0.124% 100.479% 
(      10,      15 ]    20531   0.037% 100.516% 
(      15,      22 ]    13301   0.024% 100.539% 
(      22,      34 ]     1162   0.002% 100.542% 
(      34,      51 ]      410   0.001% 100.542% 
(      51,      76 ]     1070   0.002% 100.544% 
(      76,     110 ]     1347   0.002% 100.547% 
(     110,     170 ]      634   0.001% 100.548% 
(     170,     250 ]      239   0.000% 100.548% 
(     250,     380 ]       32   0.000% 100.548% 
(     380,     580 ]       10   0.000% 100.548% 
(     580,     870 ]       17   0.000% 100.548% 
(     870,    1300 ]        3   0.000% 100.548% 
(    1300,    1900 ]        3   0.000% 100.548% 
(    1900,    2900 ]        7   0.000% 100.548% 
(    2900,    4400 ]       21   0.000% 100.548% 
(    4400,    6600 ]        3   0.000% 100.548% 
(    6600,    9900 ]        1   0.000% 100.548% 
(    9900,   14000 ]        3   0.000% 100.548% 

** Level 2 read latency histogram (micros):
Count: 5422269 Average: 84.4220  StdDev: 4424.68
Min: 0  Median: 1.1625  Max: 4177656
Percentiles: P50: 1.16 P75: 1.75 P99: 438.52 P99.9: 1269.32 P99.99: 1506.31
------------------------------------------------------
[       0,       1 ]  2334812  43.060%  43.060% #########
(       1,       2 ]  2315282  42.700%  85.759% #########
(       2,       3 ]   469576   8.660%  94.419% ##
(       3,       4 ]   103503   1.909%  96.328% 
(       4,       6 ]    33049   0.610%  96.938% 
(       6,      10 ]     8619   0.159%  97.097% 
(      10,      15 ]     3715   0.069%  97.165% 
(      15,      22 ]     2047   0.038%  97.203% 
(      22,      34 ]     1447   0.027%  97.230% 
(      34,      51 ]     4539   0.084%  97.313% 
(      51,      76 ]     8508   0.157%  97.470% 
(      76,     110 ]     5197   0.096%  97.566% 
(     110,     170 ]    21119   0.389%  97.956% 
(     170,     250 ]    23902   0.441%  98.396% 
(     250,     380 ]    25775   0.475%  98.872% 
(     380,     580 ]    23774   0.438%  99.310% 
(     580,     870 ]    19470   0.359%  99.669% 
(     870,    1300 ]    13474   0.248%  99.918% 
(    1300,    1900 ]    11397   0.210% 100.128% 
(    1900,    2900 ]     9516   0.175% 100.303% 
(    2900,    4400 ]     5359   0.099% 100.402% 
(    4400,    6600 ]     3124   0.058% 100.460% 
(    6600,    9900 ]      944   0.017% 100.477% 
(    9900,   14000 ]      372   0.007% 100.484% 
(   14000,   22000 ]      472   0.009% 100.493% 
(   22000,   33000 ]      404   0.007% 100.500% 
(   33000,   50000 ]      534   0.010% 100.510% 
(   50000,   75000 ]      503   0.009% 100.519% 
(   75000,  110000 ]      500   0.009% 100.529% 
(  110000,  170000 ]      481   0.009% 100.538% 
(  170000,  250000 ]      270   0.005% 100.542% 
(  250000,  380000 ]       90   0.002% 100.544% 
(  380000,  570000 ]       21   0.000% 100.545% 
(  570000,  860000 ]        6   0.000% 100.545% 
(  860000, 1200000 ]       13   0.000% 100.545% 
( 1200000, 1900000 ]        2   0.000% 100.545% 
( 2900000, 4300000 ]        3   0.000% 100.545% 


** DB Stats **
Uptime(secs): 1137.5 total, 32.9 interval
Cumulative writes: 55M writes, 55M keys, 7113K commit groups, 7.8 writes per commit group, ingest: 53.99 GB, 48.61 MB/s
Cumulative WAL: 55M writes, 0 syncs, 55450364.00 writes per sync, written: 53.99 GB, 48.61 MB/s
Cumulative stall: 00:16:27.191 H:M:S, 86.8 percent
Interval writes: 997K writes, 997K keys, 127K commit groups, 7.8 writes per commit group, ingest: 994.21 MB, 30.22 MB/s
Interval WAL: 997K writes, 0 syncs, 997092.00 writes per sync, written: 0.97 GB, 30.21 MB/s
Interval stall: 00:00:30.276 H:M:S, 92.0 percent
Write Stall (count): write-buffer-manager-limit-stops: 0
num-running-compactions: 2
num-running-flushes: 1

2026/08/31-09:53:05  ... thread 10: (62000,3466000) ops and (1915.7,3047.2) ops/second in (32.363420,1137.444724) seconds
2026/08/31-09:53:05  ... thread 12: (62000,3464000) ops and (1915.5,3045.4) ops/second in (32.366700,1137.447164) seconds
2026/08/31-09:53:05  ... thread 5: (62000,3469000) ops and (1916.1,3049.8) ops/second in (32.357185,1137.448195) seconds
2026/08/31-09:53:05  ... thread 1: (62000,3466000) ops and (1916.5,3047.2) ops/second in (32.350475,1137.449134) seconds
2026/08/31-09:53:05  ... thread 9: (62000,3465000) ops and (1916.5,3046.3) ops/second in (32.350419,1137.449341) seconds
2026/08/31-09:53:05  ... thread 6: (62000,3462000) ops and (1916.0,3043.7) ops/second in (32.359452,1137.449709) seconds
2026/08/31-09:53:05  ... thread 13: (63000,3467000) ops and (1888.7,3048.0) ops/second in (33.355947,1137.450629) seconds
2026/08/31-09:53:05  ... thread 8: (62000,3467000) ops and (1916.4,3048.0) ops/second in (32.353124,1137.450878) seconds
2026/08/31-09:53:05  ... thread 14: (62000,3467000) ops and (1915.6,3048.0) ops/second in (32.366143,1137.452871) seconds
2026/08/31-09:53:35  ... thread 0: (84000,3549000) ops and (2792.4,3039.8) ops/second in (30.081378,1167.524776) seconds

** Compaction Stats [default] **
Level    Files   Size     Score Read(GB)  Rn(GB) Rnp1(GB) Write(GB) WPreComp(GB) Wnew(GB) Moved(GB) W-Amp Rd(MB/s) Wr(MB/s) Comp(sec) CompMergeCPU(sec) Comp(cnt) Avg(sec) KeyIn KeyDrop Rblob(GB) Wblob(GB)
-------------------------------------------------------------------------------------------------------------------------------------------------------------------------------------------------------------
  L0     15/8      2.25 GB   3.5     51.0     0.0     51.0     106.7     106.7     55.8       0.0   1.9     19.8     41.4   2637.52            229.44      1119    2.357    108M    49K       0.0       0.0
  L1    241/4     13.87 GB   3.4    247.4    53.5    193.9     243.6     243.6     49.8       0.0   4.6    314.6    309.9    805.16            742.17        35   23.005    251M  3804K       0.0       0.0
  L2    621/8     31.82 GB   0.8     58.4    27.2     31.2      54.3      54.3     23.1       8.8   2.0     19.4     18.1   3073.82            217.31       382    8.047     59M  4164K       0.0       0.0
 Sum    877/20    47.94 GB   0.0    356.7    80.7    276.0     404.6     404.6    128.6       8.8   7.2     56.1     63.6   6516.50           1188.91      1536    4.243    419M  8018K       0.0       0.0
 Int      0/0      0.00 KB   0.0     17.7     1.9     15.8      18.6      18.6      2.8       0.0  15.3     71.9     75.5    252.63             58.02        41    6.162     19M   338K       0.0       0.0

** Compaction Stats [default] **
Priority    Files   Size     Score Read(GB)  Rn(GB) Rnp1(GB) Write(GB) WPreComp(GB) Wnew(GB) Moved(GB) W-Amp Rd(MB/s) Wr(MB/s) Comp(sec) CompMergeCPU(sec) Comp(cnt) Avg(sec) KeyIn KeyDrop Rblob(GB) Wblob(GB)
----------------------------------------------------------------------------------------------------------------------------------------------------------------------------------------------------------------
 Low      0/0      0.00 KB   0.0    356.7    80.7    276.0     348.8     348.8     72.8       0.0   0.0     75.8     74.1   4817.58           1092.53       620    7.770    363M  8018K       0.0       0.0
High      0/0      0.00 KB   0.0      0.0     0.0      0.0      55.8      55.8     55.8       0.0   0.0      0.0     33.6   1698.92             96.39       916    1.855     56M      0       0.0       0.0

Blob file count: 0, total size: 0.0 GB, garbage size: 0.0 GB, space amp: 0.0

Uptime(secs): 1167.5 total, 22.2 interval
Flush(GB): cumulative 55.820, interval 1.218
AddFile(GB): cumulative 0.000, interval 0.000
AddFile(Total Files): cumulative 0, interval 0
AddFile(L0 Files): cumulative 0, interval 0
AddFile(Keys): cumulative 0, interval 0
Cumulative compaction: 404.64 GB write, 354.90 MB/s write, 356.73 GB read, 312.87 MB/s read, 6516.5 seconds
Interval compaction: 18.62 GB write, 859.61 MB/s write, 17.73 GB read, 818.74 MB/s read, 252.6 seconds
Estimated pending compaction bytes: 56010539345
Write Stall (count): cf-l0-file-count-limit-delays-with-ongoing-compaction: 44, cf-l0-file-count-limit-stops-with-ongoing-compaction: 0, l0-file-count-limit-delays: 44, l0-file-count-limit-stops: 0, memtable-limit-delays: 0, memtable-limit-stops: 699, pending-compaction-bytes-delays: 0, pending-compaction-bytes-stops: 0, total-delays: 44, total-stops: 699
interval: 16 total count
Block cache AutoHyperClockCache@0x6043b84412d0#2239720 capacity: 512.00 MB seed: 1 usage: 13.42 MB table_size: 6008 occupancy: 3186 collections: 7 last_copies: 1 last_secs: 0.000529 secs_since: 82
Block cache entry stats(count,size,portion): Misc(3186,13.05 MB,2.54931%)

** File Read Latency Histogram By Level [default] **
** Level 0 read latency histogram (micros):
Count: 26449315 Average: 3.2157  StdDev: 1341.31
Min: 0  Median: 0.8420  Max: 3176910
Percentiles: P50: 0.84 P75: 1.45 P99: 2.98 P99.9: 5.03 P99.99: 5.78
------------------------------------------------------
[       0,       1 ] 15705704  59.380%  59.380% ############
(       1,       2 ]  9164179  34.648%  94.028% #######
(       2,       3 ]  1337599   5.057%  99.086% #
(       3,       4 ]   182800   0.691%  99.777% 
(       4,       6 ]    63288   0.239% 100.016% 
(       6,      10 ]    28448   0.108% 100.124% 
(      10,      15 ]    10612   0.040% 100.164% 
(      15,      22 ]     6506   0.025% 100.188% 
(      22,      34 ]      418   0.002% 100.190% 
(      34,      51 ]       72   0.000% 100.190% 
(      51,      76 ]      335   0.001% 100.191% 
(      76,     110 ]      645   0.002% 100.194% 
(     110,     170 ]       24   0.000% 100.194% 
(     170,     250 ]        8   0.000% 100.194% 
(     250,     380 ]       20   0.000% 100.194% 
(     380,     580 ]        8   0.000% 100.194% 
(     580,     870 ]       40   0.000% 100.194% 
(     870,    1300 ]      106   0.000% 100.195% 
(    1300,    1900 ]       55   0.000% 100.195% 
(    1900,    2900 ]       16   0.000% 100.195% 
(    2900,    4400 ]        6   0.000% 100.195% 
(    4400,    6600 ]        4   0.000% 100.195% 
(    6600,    9900 ]        6   0.000% 100.195% 
(   14000,   22000 ]        8   0.000% 100.195% 
(   22000,   33000 ]       17   0.000% 100.195% 
(   33000,   50000 ]       28   0.000% 100.195% 
(   50000,   75000 ]       51   0.000% 100.195% 
(   75000,  110000 ]       65   0.000% 100.196% 
(  110000,  170000 ]       52   0.000% 100.196% 
(  170000,  250000 ]       24   0.000% 100.196% 
(  250000,  380000 ]        7   0.000% 100.196% 
(  380000,  570000 ]        2   0.000% 100.196% 
(  570000,  860000 ]        2   0.000% 100.196% 
(  860000, 1200000 ]        3   0.000% 100.196% 
( 1200000, 1900000 ]        3   0.000% 100.196% 
( 1900000, 2900000 ]        1   0.000% 100.196% 
( 2900000, 4300000 ]        3   0.000% 100.196% 

** Level 1 read latency histogram (micros):
Count: 57334978 Average: 1.4227  StdDev: 3.99
Min: 0  Median: 0.7615  Max: 12193
Percentiles: P50: 0.76 P75: 1.32 P99: 2.87 P99.9: 3.60 P99.99: 3.76
------------------------------------------------------
[       0,       1 ] 37645790  65.659%  65.659% #############
(       1,       2 ] 16943126  29.551%  95.210% ######
(       2,       3 ]  2490231   4.343%  99.554% #
(       3,       4 ]   330623   0.577% 100.130% 
(       4,       6 ]   125420   0.219% 100.349% 
(       6,      10 ]    71034   0.124% 100.473% 
(      10,      15 ]    21238   0.037% 100.510% 
(      15,      22 ]    13714   0.024% 100.534% 
(      22,      34 ]     1217   0.002% 100.536% 
(      34,      51 ]      431   0.001% 100.537% 
(      51,      76 ]     1138   0.002% 100.539% 
(      76,     110 ]     1452   0.003% 100.541% 
(     110,     170 ]      684   0.001% 100.543% 
(     170,     250 ]      248   0.000% 100.543% 
(     250,     380 ]       33   0.000% 100.543% 
(     380,     580 ]       10   0.000% 100.543% 
(     580,     870 ]       17   0.000% 100.543% 
(     870,    1300 ]        3   0.000% 100.543% 
(    1300,    1900 ]        3   0.000% 100.543% 
(    1900,    2900 ]        7   0.000% 100.543% 
(    2900,    4400 ]       21   0.000% 100.543% 
(    4400,    6600 ]        3   0.000% 100.543% 
(    6600,    9900 ]        1   0.000% 100.543% 
(    9900,   14000 ]        3   0.000% 100.543% 

** Level 2 read latency histogram (micros):
Count: 5674858 Average: 82.5313  StdDev: 4326.23
Min: 0  Median: 1.1756  Max: 4177656
Percentiles: P50: 1.18 P75: 1.76 P99: 446.08 P99.9: 1255.58 P99.99: 1483.04
------------------------------------------------------
[       0,       1 ]  2410501  42.477%  42.477% ########
(       1,       2 ]  2431724  42.851%  85.328% #########
(       2,       3 ]   497328   8.764%  94.091% ##
(       3,       4 ]   112603   1.984%  96.076% 
(       4,       6 ]    35537   0.626%  96.702% 
(       6,      10 ]     9014   0.159%  96.861% 
(      10,      15 ]     3965   0.070%  96.931% 
(      15,      22 ]     2150   0.038%  96.968% 
(      22,      34 ]     1561   0.028%  96.996% 
(      34,      51 ]     5208   0.092%  97.088% 
(      51,      76 ]     9680   0.171%  97.258% 
(      76,     110 ]     6042   0.106%  97.365% 
(     110,     170 ]    25408   0.448%  97.813% 
(     170,     250 ]    28627   0.504%  98.317% 
(     250,     380 ]    30102   0.530%  98.847% 
(     380,     580 ]    26211   0.462%  99.309% 
(     580,     870 ]    20860   0.368%  99.677% 
(     870,    1300 ]    14122   0.249%  99.926% 
(    1300,    1900 ]    11960   0.211% 100.136% 
(    1900,    2900 ]     9950   0.175% 100.312% 
(    2900,    4400 ]     5641   0.099% 100.411% 
(    4400,    6600 ]     3269   0.058% 100.469% 
(    6600,    9900 ]      965   0.017% 100.486% 
(    9900,   14000 ]      372   0.007% 100.492% 
(   14000,   22000 ]      473   0.008% 100.501% 
(   22000,   33000 ]      405   0.007% 100.508% 
(   33000,   50000 ]      536   0.009% 100.517% 
(   50000,   75000 ]      504   0.009% 100.526% 
(   75000,  110000 ]      504   0.009% 100.535% 
(  110000,  170000 ]      481   0.008% 100.544% 
(  170000,  250000 ]      270   0.005% 100.548% 
(  250000,  380000 ]       90   0.002% 100.550% 
(  380000,  570000 ]       21   0.000% 100.550% 
(  570000,  860000 ]        6   0.000% 100.550% 
(  860000, 1200000 ]       13   0.000% 100.551% 
( 1200000, 1900000 ]        2   0.000% 100.551% 
( 2900000, 4300000 ]        3   0.000% 100.551% 


** DB Stats **
Uptime(secs): 1167.5 total, 22.2 interval
Cumulative writes: 56M writes, 56M keys, 7286K commit groups, 7.8 writes per commit group, ingest: 55.31 GB, 48.51 MB/s
Cumulative WAL: 56M writes, 0 syncs, 56803313.00 writes per sync, written: 55.31 GB, 48.51 MB/s
Cumulative stall: 00:16:53.854 H:M:S, 86.8 percent
Interval writes: 1116K writes, 1116K keys, 142K commit groups, 7.8 writes per commit group, ingest: 1113.07 MB, 50.19 MB/s
Interval WAL: 1116K writes, 0 syncs, 1116308.00 writes per sync, written: 1.09 GB, 50.19 MB/s
Interval stall: 00:00:24.539 H:M:S, 110.6 percent
Write Stall (count): write-buffer-manager-limit-stops: 0
num-running-compactions: 6
num-running-flushes: 1

2026/08/31-09:53:35  ... thread 3: (85000,3549000) ops and (2823.9,3039.8) ops/second in (30.100073,1167.529129) seconds
2026/08/31-09:53:35  ... thread 7: (85000,3551000) ops and (2825.2,3041.5) ops/second in (30.086340,1167.529507) seconds
2026/08/31-09:53:35  ... thread 8: (84000,3551000) ops and (2792.7,3041.5) ops/second in (30.078732,1167.529610) seconds
2026/08/31-09:53:35  ... thread 15: (85000,3553000) ops and (2824.2,3043.2) ops/second in (30.096538,1167.539026) seconds
2026/08/31-09:53:35  ... thread 12: (85000,3549000) ops and (2824.4,3039.7) ops/second in (30.094833,1167.541997) seconds
2026/08/31-09:53:35  ... thread 10: (85000,3551000) ops and (2823.9,3041.4) ops/second in (30.100734,1167.545458) seconds
2026/08/31-09:53:35  ... thread 9: (85000,3550000) ops and (2824.2,3040.6) ops/second in (30.096873,1167.546214) seconds
2026/08/31-09:53:35  ... thread 11: (86000,3550000) ops and (2854.5,3040.6) ops/second in (30.127560,1167.547967) seconds
2026/08/31-09:53:35  ... thread 6: (85000,3547000) ops and (2824.0,3038.0) ops/second in (30.099043,1167.548752) seconds
2026/08/31-09:53:35  ... thread 5: (85000,3554000) ops and (2823.8,3044.0) ops/second in (30.101096,1167.549291) seconds
2026/08/31-09:53:35  ... thread 4: (86000,3550000) ops and (2854.1,3040.5) ops/second in (30.131818,1167.551962) seconds
2026/08/31-09:53:35  ... thread 14: (85000,3552000) ops and (2824.0,3042.3) ops/second in (30.099655,1167.552526) seconds
2026/08/31-09:53:35  ... thread 2: (86000,3552000) ops and (2854.6,3042.3) ops/second in (30.126386,1167.554159) seconds
2026/08/31-09:53:35  ... thread 1: (85000,3551000) ops and (2823.3,3041.4) ops/second in (30.106376,1167.555510) seconds
2026/08/31-09:53:35  ... thread 13: (85000,3552000) ops and (2823.3,3042.2) ops/second in (30.106833,1167.557462) seconds
2026/08/31-09:54:05  ... thread 0: (78000,3627000) ops and (2594.6,3028.6) ops/second in (30.062702,1197.587478) seconds

** Compaction Stats [default] **
Level    Files   Size     Score Read(GB)  Rn(GB) Rnp1(GB) Write(GB) WPreComp(GB) Wnew(GB) Moved(GB) W-Amp Rd(MB/s) Wr(MB/s) Comp(sec) CompMergeCPU(sec) Comp(cnt) Avg(sec) KeyIn KeyDrop Rblob(GB) Wblob(GB)
-------------------------------------------------------------------------------------------------------------------------------------------------------------------------------------------------------------
  L0     20/17     3.47 GB   1.5     51.9     0.0     51.9     108.9     108.9     57.0       0.0   1.9     19.8     41.5   2684.44            234.12      1143    2.349    110M    50K       0.0       0.0
  L1    237/237   13.51 GB   0.0    247.4    53.5    193.9     243.6     243.6     49.8       0.0   4.6    314.6    309.9    805.16            742.17        35   23.005    251M  3804K       0.0       0.0
  L2    625/0     32.09 GB   0.8     59.0    27.4     31.5      54.8      54.8     23.3       8.8   2.0     19.5     18.1   3097.18            220.04       385    8.045     60M  4232K       0.0       0.0
 Sum    882/254   49.07 GB   0.0    358.3    81.0    277.3     407.4     407.4    130.0       8.8   7.1     55.7     63.3   6586.78           1196.32      1563    4.214    422M  8087K       0.0       0.0
 Int      0/0      0.00 KB   0.0     19.3     2.2     17.1      21.3      21.3      4.2       0.0   8.7     61.2     67.6    322.91             65.44        68    4.749     22M   407K       0.0       0.0

** Compaction Stats [default] **
Priority    Files   Size     Score Read(GB)  Rn(GB) Rnp1(GB) Write(GB) WPreComp(GB) Wnew(GB) Moved(GB) W-Amp Rd(MB/s) Wr(MB/s) Comp(sec) CompMergeCPU(sec) Comp(cnt) Avg(sec) KeyIn KeyDrop Rblob(GB) Wblob(GB)
----------------------------------------------------------------------------------------------------------------------------------------------------------------------------------------------------------------
 Low      0/0      0.00 KB   0.0    358.3    81.0    277.3     350.3     350.3     73.0       0.0   0.0     75.6     73.9   4854.58           1097.86       627    7.743    364M  8087K       0.0       0.0
High      0/0      0.00 KB   0.0      0.0     0.0      0.0      57.0      57.0     57.0       0.0   0.0      0.0     33.7   1732.20             98.46       936    1.851     58M      0       0.0       0.0

Blob file count: 0, total size: 0.0 GB, garbage size: 0.0 GB, space amp: 0.0

Uptime(secs): 1197.6 total, 52.2 interval
Flush(GB): cumulative 57.041, interval 2.439
AddFile(GB): cumulative 0.000, interval 0.000
AddFile(Total Files): cumulative 0, interval 0
AddFile(L0 Files): cumulative 0, interval 0
AddFile(Keys): cumulative 0, interval 0
Cumulative compaction: 407.36 GB write, 348.31 MB/s write, 358.29 GB read, 306.35 MB/s read, 6586.8 seconds
Interval compaction: 21.33 GB write, 418.14 MB/s write, 19.29 GB read, 378.20 MB/s read, 322.9 seconds
Estimated pending compaction bytes: 58510105230
Write Stall (count): cf-l0-file-count-limit-delays-with-ongoing-compaction: 47, cf-l0-file-count-limit-stops-with-ongoing-compaction: 0, l0-file-count-limit-delays: 47, l0-file-count-limit-stops: 0, memtable-limit-delays: 0, memtable-limit-stops: 711, pending-compaction-bytes-delays: 0, pending-compaction-bytes-stops: 0, total-delays: 47, total-stops: 711
interval: 31 total count
Block cache AutoHyperClockCache@0x6043b84412d0#2239720 capacity: 512.00 MB seed: 1 usage: 13.42 MB table_size: 6008 occupancy: 3186 collections: 7 last_copies: 1 last_secs: 0.000529 secs_since: 112
Block cache entry stats(count,size,portion): Misc(3186,13.05 MB,2.54931%)

** File Read Latency Histogram By Level [default] **
** Level 0 read latency histogram (micros):
Count: 27120300 Average: 3.3553  StdDev: 1418.42
Min: 0  Median: 0.8439  Max: 3176910
Percentiles: P50: 0.84 P75: 1.45 P99: 2.99 P99.9: 5.06 P99.99: 5.81
------------------------------------------------------
[       0,       1 ] 16069255  59.252%  59.252% ############
(       1,       2 ]  9424946  34.752%  94.004% #######
(       2,       3 ]  1374840   5.069%  99.074% #
(       3,       4 ]   189409   0.698%  99.772% 
(       4,       6 ]    65321   0.241% 100.013% 
(       6,      10 ]    29261   0.108% 100.121% 
(      10,      15 ]    10947   0.040% 100.161% 
(      15,      22 ]     6731   0.025% 100.186% 
(      22,      34 ]      432   0.002% 100.187% 
(      34,      51 ]       74   0.000% 100.188% 
(      51,      76 ]      345   0.001% 100.189% 
(      76,     110 ]      657   0.002% 100.191% 
(     110,     170 ]       24   0.000% 100.192% 
(     170,     250 ]        8   0.000% 100.192% 
(     250,     380 ]       20   0.000% 100.192% 
(     380,     580 ]        8   0.000% 100.192% 
(     580,     870 ]       40   0.000% 100.192% 
(     870,    1300 ]      108   0.000% 100.192% 
(    1300,    1900 ]       57   0.000% 100.192% 
(    1900,    2900 ]       16   0.000% 100.192% 
(    2900,    4400 ]        6   0.000% 100.192% 
(    4400,    6600 ]        4   0.000% 100.193% 
(    6600,    9900 ]        6   0.000% 100.193% 
(   14000,   22000 ]        8   0.000% 100.193% 
(   22000,   33000 ]       17   0.000% 100.193% 
(   33000,   50000 ]       29   0.000% 100.193% 
(   50000,   75000 ]       53   0.000% 100.193% 
(   75000,  110000 ]       66   0.000% 100.193% 
(  110000,  170000 ]       53   0.000% 100.193% 
(  170000,  250000 ]       24   0.000% 100.193% 
(  250000,  380000 ]        7   0.000% 100.193% 
(  380000,  570000 ]        2   0.000% 100.193% 
(  570000,  860000 ]        2   0.000% 100.193% 
(  860000, 1200000 ]        3   0.000% 100.194% 
( 1200000, 1900000 ]        6   0.000% 100.194% 
( 1900000, 2900000 ]        1   0.000% 100.194% 
( 2900000, 4300000 ]        3   0.000% 100.194% 

** Level 1 read latency histogram (micros):
Count: 59068001 Average: 1.4215  StdDev: 3.93
Min: 0  Median: 0.7606  Max: 12193
Percentiles: P50: 0.76 P75: 1.31 P99: 2.87 P99.9: 3.60 P99.99: 3.76
------------------------------------------------------
[       0,       1 ] 38827488  65.734%  65.734% #############
(       1,       2 ] 17417122  29.487%  95.220% ######
(       2,       3 ]  2561799   4.337%  99.557% #
(       3,       4 ]   337794   0.572% 100.129% 
(       4,       6 ]   127918   0.217% 100.346% 
(       6,      10 ]    72761   0.123% 100.469% 
(      10,      15 ]    21968   0.037% 100.506% 
(      15,      22 ]    14225   0.024% 100.530% 
(      22,      34 ]     1255   0.002% 100.532% 
(      34,      51 ]      436   0.001% 100.533% 
(      51,      76 ]     1141   0.002% 100.535% 
(      76,     110 ]     1456   0.002% 100.537% 
(     110,     170 ]      686   0.001% 100.538% 
(     170,     250 ]      248   0.000% 100.539% 
(     250,     380 ]       33   0.000% 100.539% 
(     380,     580 ]       10   0.000% 100.539% 
(     580,     870 ]       17   0.000% 100.539% 
(     870,    1300 ]        3   0.000% 100.539% 
(    1300,    1900 ]        3   0.000% 100.539% 
(    1900,    2900 ]        7   0.000% 100.539% 
(    2900,    4400 ]       21   0.000% 100.539% 
(    4400,    6600 ]        3   0.000% 100.539% 
(    6600,    9900 ]        1   0.000% 100.539% 
(    9900,   14000 ]        3   0.000% 100.539% 

** Level 2 read latency histogram (micros):
Count: 5700608 Average: 82.2864  StdDev: 4316.48
Min: 0  Median: 1.1746  Max: 4177656
Percentiles: P50: 1.17 P75: 1.76 P99: 446.51 P99.9: 1258.35 P99.99: 1487.85
------------------------------------------------------
[       0,       1 ]  2424216  42.526%  42.526% #########
(       1,       2 ]  2439913  42.801%  85.326% #########
(       2,       3 ]   498663   8.748%  94.074% ##
(       3,       4 ]   112814   1.979%  96.053% 
(       4,       6 ]    35569   0.624%  96.677% 
(       6,      10 ]     9036   0.159%  96.835% 
(      10,      15 ]     3980   0.070%  96.905% 
(      15,      22 ]     2165   0.038%  96.943% 
(      22,      34 ]     1868   0.033%  96.976% 
(      34,      51 ]     5467   0.096%  97.072% 
(      51,      76 ]    10030   0.176%  97.248% 
(      76,     110 ]     6132   0.108%  97.355% 
(     110,     170 ]    25716   0.451%  97.807% 
(     170,     250 ]    29025   0.509%  98.316% 
(     250,     380 ]    30258   0.531%  98.847% 
(     380,     580 ]    26312   0.462%  99.308% 
(     580,     870 ]    20934   0.367%  99.675% 
(     870,    1300 ]    14183   0.249%  99.924% 
(    1300,    1900 ]    12000   0.211% 100.135% 
(    1900,    2900 ]     9993   0.175% 100.310% 
(    2900,    4400 ]     5660   0.099% 100.409% 
(    4400,    6600 ]     3282   0.058% 100.467% 
(    6600,    9900 ]      967   0.017% 100.484% 
(    9900,   14000 ]      372   0.007% 100.490% 
(   14000,   22000 ]      473   0.008% 100.499% 
(   22000,   33000 ]      405   0.007% 100.506% 
(   33000,   50000 ]      536   0.009% 100.515% 
(   50000,   75000 ]      504   0.009% 100.524% 
(   75000,  110000 ]      504   0.009% 100.533% 
(  110000,  170000 ]      481   0.008% 100.541% 
(  170000,  250000 ]      270   0.005% 100.546% 
(  250000,  380000 ]       90   0.002% 100.547% 
(  380000,  570000 ]       21   0.000% 100.548% 
(  570000,  860000 ]        6   0.000% 100.548% 
(  860000, 1200000 ]       13   0.000% 100.548% 
( 1200000, 1900000 ]        2   0.000% 100.548% 
( 2900000, 4300000 ]        3   0.000% 100.548% 


** DB Stats **
Uptime(secs): 1197.6 total, 30.1 interval
Cumulative writes: 58M writes, 58M keys, 7446K commit groups, 7.8 writes per commit group, ingest: 56.53 GB, 48.33 MB/s
Cumulative WAL: 58M writes, 0 syncs, 58053128.00 writes per sync, written: 56.53 GB, 48.33 MB/s
Cumulative stall: 00:17:20.526 H:M:S, 86.9 percent
Interval writes: 1249K writes, 1249K keys, 159K commit groups, 7.8 writes per commit group, ingest: 1246.19 MB, 41.45 MB/s
Interval WAL: 1249K writes, 0 syncs, 1249815.00 writes per sync, written: 1.22 GB, 41.45 MB/s
Interval stall: 00:00:26.671 H:M:S, 88.7 percent
Write Stall (count): write-buffer-manager-limit-stops: 0
num-running-compactions: 2
num-running-flushes: 0

2026/08/31-09:54:05  ... thread 15: (78000,3631000) ops and (2585.6,3031.6) ops/second in (30.167060,1197.706086) seconds
2026/08/31-09:54:05  ... thread 12: (78000,3627000) ops and (2578.4,3028.1) ops/second in (30.251660,1197.793657) seconds
2026/08/31-09:54:05  ... thread 8: (78000,3629000) ops and (2559.8,3029.2) ops/second in (30.471307,1198.000917) seconds
2026/08/31-09:54:05  ... thread 9: (78000,3628000) ops and (2554.1,3028.2) ops/second in (30.539049,1198.085263) seconds
2026/08/31-09:54:05  ... thread 10: (78000,3629000) ops and (2542.9,3028.7) ops/second in (30.674023,1198.219481) seconds
2026/08/31-09:54:05  ... thread 2: (78000,3630000) ops and (2543.5,3029.5) ops/second in (30.666087,1198.220246) seconds
2026/08/31-09:54:05  ... thread 6: (78000,3625000) ops and (2543.0,3025.3) ops/second in (30.672100,1198.220852) seconds
2026/08/31-09:54:05  ... thread 11: (78000,3628000) ops and (2542.9,3027.8) ops/second in (30.673479,1198.221446) seconds
2026/08/31-09:54:05  ... thread 14: (78000,3630000) ops and (2543.1,3029.5) ops/second in (30.671111,1198.223637) seconds
2026/08/31-09:54:05  ... thread 3: (79000,3628000) ops and (2573.6,3027.8) ops/second in (30.696505,1198.225634) seconds
2026/08/31-09:54:05  ... thread 5: (78000,3632000) ops and (2542.5,3031.1) ops/second in (30.678540,1198.227831) seconds
2026/08/31-09:54:05  ... thread 4: (78000,3628000) ops and (2542.6,3027.8) ops/second in (30.676825,1198.228787) seconds
2026/08/31-09:54:05  ... thread 7: (79000,3630000) ops and (2573.1,3029.5) ops/second in (30.701865,1198.231372) seconds
2026/08/31-09:54:05  ... thread 1: (78000,3629000) ops and (2542.7,3028.6) ops/second in (30.676436,1198.231946) seconds
2026/08/31-09:54:05  ... thread 13: (78000,3630000) ops and (2542.7,3029.5) ops/second in (30.675577,1198.233039) seconds
2026/08/31-09:54:35  ... thread 0: (39000,3666000) ops and (1286.6,2985.6) ops/second in (30.313003,1227.900481) seconds

** Compaction Stats [default] **
Level    Files   Size     Score Read(GB)  Rn(GB) Rnp1(GB) Write(GB) WPreComp(GB) Wnew(GB) Moved(GB) W-Amp Rd(MB/s) Wr(MB/s) Comp(sec) CompMergeCPU(sec) Comp(cnt) Avg(sec) KeyIn KeyDrop Rblob(GB) Wblob(GB)
-------------------------------------------------------------------------------------------------------------------------------------------------------------------------------------------------------------
  L0      7/4      1.16 GB   1.5     52.7     0.0     52.7     110.2     110.2     57.5       0.0   1.9     19.8     41.4   2725.61            237.16      1155    2.360    112M    50K       0.0       0.0
  L1    276/17    15.91 GB   3.7    263.8    56.4    207.4     259.6     259.6     52.2       0.0   4.6    313.8    308.9    860.68            791.79        36   23.908    268M  4223K       0.0       0.0
  L2    626/19    32.13 GB   0.8     59.0    27.5     31.5      54.9      54.9     23.3       8.8   2.0     19.5     18.1   3098.45            220.37       386    8.027     60M  4241K       0.0       0.0
 Sum    909/40    49.19 GB   0.0    375.5    83.9    291.6     424.7     424.7    133.1       8.8   7.4     57.5     65.1   6684.74           1249.32      1577    4.239    440M  8516K       0.0       0.0
 Int      0/0      0.00 KB   0.0     16.9     2.9     14.0      16.9      16.9      2.9       0.0  39.8    208.5    208.5     83.16             52.20        11    7.560     17M   427K       0.0       0.0

** Compaction Stats [default] **
Priority    Files   Size     Score Read(GB)  Rn(GB) Rnp1(GB) Write(GB) WPreComp(GB) Wnew(GB) Moved(GB) W-Amp Rd(MB/s) Wr(MB/s) Comp(sec) CompMergeCPU(sec) Comp(cnt) Avg(sec) KeyIn KeyDrop Rblob(GB) Wblob(GB)
----------------------------------------------------------------------------------------------------------------------------------------------------------------------------------------------------------------
 Low      0/0      0.00 KB   0.0    375.5    83.9    291.6     367.1     367.1     75.5       0.0   0.0     77.9     76.1   4937.66           1149.78       632    7.813    382M  8516K       0.0       0.0
High      0/0      0.00 KB   0.0      0.0     0.0      0.0      57.6      57.6     57.6       0.0   0.0      0.0     33.8   1747.08             99.54       945    1.849     58M      0       0.0       0.0

Blob file count: 0, total size: 0.0 GB, garbage size: 0.0 GB, space amp: 0.0

Uptime(secs): 1227.9 total, 22.5 interval
Flush(GB): cumulative 57.588, interval 0.425
AddFile(GB): cumulative 0.000, interval 0.000
AddFile(Total Files): cumulative 0, interval 0
AddFile(L0 Files): cumulative 0, interval 0
AddFile(Keys): cumulative 0, interval 0
Cumulative compaction: 424.66 GB write, 354.14 MB/s write, 375.47 GB read, 313.12 MB/s read, 6684.7 seconds
Interval compaction: 16.94 GB write, 769.12 MB/s write, 16.93 GB read, 768.95 MB/s read, 83.2 seconds
Estimated pending compaction bytes: 58771027865
Write Stall (count): cf-l0-file-count-limit-delays-with-ongoing-compaction: 50, cf-l0-file-count-limit-stops-with-ongoing-compaction: 0, l0-file-count-limit-delays: 50, l0-file-count-limit-stops: 0, memtable-limit-delays: 0, memtable-limit-stops: 717, pending-compaction-bytes-delays: 0, pending-compaction-bytes-stops: 0, total-delays: 50, total-stops: 717
interval: 7 total count
Block cache AutoHyperClockCache@0x6043b84412d0#2239720 capacity: 512.00 MB seed: 1 usage: 13.42 MB table_size: 6008 occupancy: 3186 collections: 7 last_copies: 2 last_secs: 0.000529 secs_since: 142
Block cache entry stats(count,size,portion): Misc(3186,13.05 MB,2.54931%)

** File Read Latency Histogram By Level [default] **
** Level 0 read latency histogram (micros):
Count: 27711953 Average: 3.3317  StdDev: 1403.83
Min: 0  Median: 0.8474  Max: 3176910
Percentiles: P50: 0.85 P75: 1.46 P99: 2.99 P99.9: 5.10 P99.99: 5.83
------------------------------------------------------
[       0,       1 ] 16351054  59.004%  59.004% ############
(       1,       2 ]  9670907  34.898%  93.902% #######
(       2,       3 ]  1425580   5.144%  99.046% #
(       3,       4 ]   199032   0.718%  99.764% 
(       4,       6 ]    68442   0.247% 100.011% 
(       6,      10 ]    30192   0.109% 100.120% 
(      10,      15 ]    11297   0.041% 100.161% 
(      15,      22 ]     6954   0.025% 100.186% 
(      22,      34 ]      441   0.002% 100.187% 
(      34,      51 ]       75   0.000% 100.188% 
(      51,      76 ]      348   0.001% 100.189% 
(      76,     110 ]      667   0.002% 100.191% 
(     110,     170 ]       24   0.000% 100.191% 
(     170,     250 ]        8   0.000% 100.191% 
(     250,     380 ]       21   0.000% 100.192% 
(     380,     580 ]        9   0.000% 100.192% 
(     580,     870 ]       40   0.000% 100.192% 
(     870,    1300 ]      110   0.000% 100.192% 
(    1300,    1900 ]       58   0.000% 100.192% 
(    1900,    2900 ]       16   0.000% 100.192% 
(    2900,    4400 ]        6   0.000% 100.192% 
(    4400,    6600 ]        4   0.000% 100.192% 
(    6600,    9900 ]        6   0.000% 100.192% 
(   14000,   22000 ]        8   0.000% 100.193% 
(   22000,   33000 ]       18   0.000% 100.193% 
(   33000,   50000 ]       29   0.000% 100.193% 
(   50000,   75000 ]       53   0.000% 100.193% 
(   75000,  110000 ]       66   0.000% 100.193% 
(  110000,  170000 ]       54   0.000% 100.193% 
(  170000,  250000 ]       25   0.000% 100.193% 
(  250000,  380000 ]        7   0.000% 100.193% 
(  380000,  570000 ]        2   0.000% 100.193% 
(  570000,  860000 ]        2   0.000% 100.193% 
(  860000, 1200000 ]        3   0.000% 100.193% 
( 1200000, 1900000 ]        6   0.000% 100.193% 
( 1900000, 2900000 ]        1   0.000% 100.193% 
( 2900000, 4300000 ]        3   0.000% 100.193% 

** Level 1 read latency histogram (micros):
Count: 60891128 Average: 1.4234  StdDev: 3.88
Min: 0  Median: 0.7616  Max: 12193
Percentiles: P50: 0.76 P75: 1.32 P99: 2.88 P99.9: 3.61 P99.99: 3.77
------------------------------------------------------
[       0,       1 ] 39976910  65.653%  65.653% #############
(       1,       2 ] 17972000  29.515%  95.168% ######
(       2,       3 ]  2663707   4.375%  99.543% #
(       3,       4 ]   354181   0.582% 100.124% 
(       4,       6 ]   133574   0.219% 100.344% 
(       6,      10 ]    75218   0.124% 100.467% 
(      10,      15 ]    23026   0.038% 100.505% 
(      15,      22 ]    14814   0.024% 100.529% 
(      22,      34 ]     1301   0.002% 100.531% 
(      34,      51 ]      479   0.001% 100.532% 
(      51,      76 ]     1240   0.002% 100.534% 
(      76,     110 ]     1525   0.003% 100.537% 
(     110,     170 ]      728   0.001% 100.538% 
(     170,     250 ]      262   0.000% 100.538% 
(     250,     380 ]       42   0.000% 100.538% 
(     380,     580 ]       13   0.000% 100.538% 
(     580,     870 ]       17   0.000% 100.539% 
(     870,    1300 ]        3   0.000% 100.539% 
(    1300,    1900 ]        3   0.000% 100.539% 
(    1900,    2900 ]        7   0.000% 100.539% 
(    2900,    4400 ]       21   0.000% 100.539% 
(    4400,    6600 ]        3   0.000% 100.539% 
(    6600,    9900 ]        1   0.000% 100.539% 
(    9900,   14000 ]        3   0.000% 100.539% 

** Level 2 read latency histogram (micros):
Count: 5862954 Average: 81.0922  StdDev: 4257.17
Min: 0  Median: 1.1792  Max: 4177656
Percentiles: P50: 1.18 P75: 1.76 P99: 450.17 P99.9: 1237.92 P99.99: 1456.51
------------------------------------------------------
[       0,       1 ]  2481617  42.327%  42.327% ########
(       1,       2 ]  2510944  42.827%  85.154% #########
(       2,       3 ]   512301   8.738%  93.892% ##
(       3,       4 ]   117855   2.010%  95.902% 
(       4,       6 ]    37017   0.631%  96.534% 
(       6,      10 ]     9332   0.159%  96.693% 
(      10,      15 ]     4135   0.071%  96.764% 
(      15,      22 ]     2218   0.038%  96.801% 
(      22,      34 ]     2015   0.034%  96.836% 
(      34,      51 ]     5853   0.100%  96.936% 
(      51,      76 ]    10660   0.182%  97.117% 
(      76,     110 ]     6674   0.114%  97.231% 
(     110,     170 ]    28354   0.484%  97.715% 
(     170,     250 ]    32009   0.546%  98.261% 
(     250,     380 ]    33409   0.570%  98.831% 
(     380,     580 ]    28311   0.483%  99.313% 
(     580,     870 ]    21980   0.375%  99.688% 
(     870,    1300 ]    14503   0.247%  99.936% 
(    1300,    1900 ]    12201   0.208% 100.144% 
(    1900,    2900 ]    10137   0.173% 100.317% 
(    2900,    4400 ]     5757   0.098% 100.415% 
(    4400,    6600 ]     3349   0.057% 100.472% 
(    6600,    9900 ]      993   0.017% 100.489% 
(    9900,   14000 ]      375   0.006% 100.495% 
(   14000,   22000 ]      474   0.008% 100.503% 
(   22000,   33000 ]      408   0.007% 100.510% 
(   33000,   50000 ]      536   0.009% 100.520% 
(   50000,   75000 ]      508   0.009% 100.528% 
(   75000,  110000 ]      506   0.009% 100.537% 
(  110000,  170000 ]      481   0.008% 100.545% 
(  170000,  250000 ]      270   0.005% 100.550% 
(  250000,  380000 ]       90   0.002% 100.551% 
(  380000,  570000 ]       21   0.000% 100.552% 
(  570000,  860000 ]        6   0.000% 100.552% 
(  860000, 1200000 ]       13   0.000% 100.552% 
( 1200000, 1900000 ]        2   0.000% 100.552% 
( 2900000, 4300000 ]        3   0.000% 100.552% 


** DB Stats **
Uptime(secs): 1227.9 total, 22.5 interval
Cumulative writes: 58M writes, 58M keys, 7533K commit groups, 7.8 writes per commit group, ingest: 57.13 GB, 47.64 MB/s
Cumulative WAL: 58M writes, 0 syncs, 58671149.00 writes per sync, written: 57.13 GB, 47.64 MB/s
Cumulative stall: 00:17:43.167 H:M:S, 86.6 percent
Interval writes: 441K writes, 441K keys, 63K commit groups, 7.0 writes per commit group, ingest: 439.84 MB, 19.51 MB/s
Interval WAL: 441K writes, 0 syncs, 441044.00 writes per sync, written: 0.43 GB, 19.51 MB/s
Interval stall: 00:00:17.047 H:M:S, 75.6 percent
Write Stall (count): write-buffer-manager-limit-stops: 0
num-running-compactions: 18
num-running-flushes: 2

2026/08/31-09:54:35  ... thread 12: (39000,3666000) ops and (1294.9,2985.6) ops/second in (30.118475,1227.912132) seconds
2026/08/31-09:54:35  ... thread 15: (39000,3670000) ops and (1291.0,2988.8) ops/second in (30.209637,1227.915723) seconds
2026/08/31-09:54:35  ... thread 3: (41000,3669000) ops and (1366.6,2987.2) ops/second in (30.001227,1228.226861) seconds
2026/08/31-09:54:35  ... thread 6: (42000,3667000) ops and (1399.2,2985.6) ops/second in (30.017122,1228.237974) seconds
2026/08/31-09:54:35  ... thread 9: (42000,3670000) ops and (1392.8,2988.0) ops/second in (30.154814,1228.240077) seconds
2026/08/31-09:54:35  ... thread 8: (42000,3671000) ops and (1388.9,2988.8) ops/second in (30.239684,1228.240601) seconds
2026/08/31-09:54:35  ... thread 7: (41000,3671000) ops and (1366.2,2988.8) ops/second in (30.009887,1228.241259) seconds
2026/08/31-09:54:35  ... thread 10: (42000,3671000) ops and (1398.6,2988.8) ops/second in (30.029696,1228.249177) seconds
2026/08/31-09:54:35  ... thread 11: (42000,3670000) ops and (1398.6,2988.0) ops/second in (30.029879,1228.251325) seconds
2026/08/31-09:54:35  ... thread 5: (42000,3674000) ops and (1398.8,2991.2) ops/second in (30.026582,1228.254413) seconds
2026/08/31-09:54:35  ... thread 14: (42000,3672000) ops and (1398.6,2989.6) ops/second in (30.031045,1228.254682) seconds
2026/08/31-09:54:35  ... thread 13: (42000,3672000) ops and (1399.0,2989.6) ops/second in (30.021569,1228.254608) seconds
2026/08/31-09:54:35  ... thread 2: (42000,3672000) ops and (1398.1,2989.6) ops/second in (30.040241,1228.260487) seconds
2026/08/31-09:54:35  ... thread 4: (42000,3670000) ops and (1398.4,2988.0) ops/second in (30.034890,1228.263677) seconds
2026/08/31-09:54:35  ... thread 1: (42000,3671000) ops and (1398.1,2988.7) ops/second in (30.041040,1228.272986) seconds
2026/08/31-09:55:10  ... thread 14: (100000,3772000) ops and (2920.2,2987.7) ops/second in (34.244100,1262.498782) seconds
2026/08/31-09:55:10  ... thread 2: (100000,3772000) ops and (2920.4,2987.7) ops/second in (34.241332,1262.501819) seconds
2026/08/31-09:55:10  ... thread 12: (104000,3770000) ops and (3006.2,2986.1) ops/second in (34.594862,1262.506994) seconds
2026/08/31-09:55:10  ... thread 4: (100000,3770000) ops and (2920.2,2986.1) ops/second in (34.243996,1262.507673) seconds
2026/08/31-09:55:10  ... thread 3: (101000,3770000) ops and (2946.0,2986.1) ops/second in (34.283848,1262.510709) seconds
2026/08/31-09:55:10  ... thread 9: (101000,3771000) ops and (2946.7,2986.9) ops/second in (34.275800,1262.515877) seconds
2026/08/31-09:55:10  ... thread 15: (104000,3774000) ops and (3005.7,2989.3) ops/second in (34.600632,1262.516355) seconds
2026/08/31-09:55:10  ... thread 6: (101000,3768000) ops and (2946.4,2984.5) ops/second in (34.279297,1262.517271) seconds
2026/08/31-09:55:10  ... thread 1: (100000,3771000) ops and (2920.1,2986.9) ops/second in (34.244990,1262.517976) seconds
2026/08/31-09:55:10  ... thread 8: (101000,3772000) ops and (2946.4,2987.7) ops/second in (34.279239,1262.519840) seconds
2026/08/31-09:55:10  ... thread 7: (101000,3772000) ops and (2946.2,2987.7) ops/second in (34.281599,1262.522858) seconds
2026/08/31-09:55:10  ... thread 10: (101000,3772000) ops and (2946.7,2987.7) ops/second in (34.275073,1262.524250) seconds
2026/08/31-09:55:10  ... thread 0: (105000,3771000) ops and (3032.5,2986.9) ops/second in (34.624583,1262.525064) seconds

** Compaction Stats [default] **
Level    Files   Size     Score Read(GB)  Rn(GB) Rnp1(GB) Write(GB) WPreComp(GB) Wnew(GB) Moved(GB) W-Amp Rd(MB/s) Wr(MB/s) Comp(sec) CompMergeCPU(sec) Comp(cnt) Avg(sec) KeyIn KeyDrop Rblob(GB) Wblob(GB)
-------------------------------------------------------------------------------------------------------------------------------------------------------------------------------------------------------------
  L0      9/0      2.85 GB   4.5     55.3     0.0     55.3     114.6     114.6     59.2       0.0   1.9     20.1     41.5   2824.02            248.60      1189    2.375    116M    56K       0.0       0.0
  L1    217/13    12.54 GB   3.0    263.8    56.4    207.4     259.6     259.6     52.2       0.0   4.6    313.8    308.9    860.68            791.79        36   23.908    268M  4223K       0.0       0.0
  L2    680/17    34.62 GB   0.8     66.5    30.9     35.6      61.4      61.4     25.8       8.8   2.0     19.0     17.6   3576.96            263.30       444    8.056     67M  5138K       0.0       0.0
 Sum    906/30    50.01 GB   0.0    385.6    87.2    298.3     435.6     435.6    137.2       8.8   7.3     54.4     61.4   7261.67           1303.69      1669    4.351    452M  9419K       0.0       0.0
 Int      0/0      0.00 KB   0.0     27.0     6.3     20.7      27.8      27.8      7.1       0.0  13.1     41.9     43.2    660.09            106.57       103    6.409     29M  1331K       0.0       0.0

** Compaction Stats [default] **
Priority    Files   Size     Score Read(GB)  Rn(GB) Rnp1(GB) Write(GB) WPreComp(GB) Wnew(GB) Moved(GB) W-Amp Rd(MB/s) Wr(MB/s) Comp(sec) CompMergeCPU(sec) Comp(cnt) Avg(sec) KeyIn KeyDrop Rblob(GB) Wblob(GB)
----------------------------------------------------------------------------------------------------------------------------------------------------------------------------------------------------------------
 Low      0/0      0.00 KB   0.0    385.6    87.2    298.3     376.3     376.3     78.0       0.0   0.0     72.4     70.6   5455.50           1200.83       696    7.838    392M  9419K       0.0       0.0
High      0/0      0.00 KB   0.0      0.0     0.0      0.0      59.3      59.3     59.3       0.0   0.0      0.0     33.6   1806.17            102.86       973    1.856     60M      0       0.0       0.0

Blob file count: 0, total size: 0.0 GB, garbage size: 0.0 GB, space amp: 0.0

Uptime(secs): 1262.5 total, 57.2 interval
Flush(GB): cumulative 59.291, interval 2.129
AddFile(GB): cumulative 0.000, interval 0.000
AddFile(Total Files): cumulative 0, interval 0
AddFile(L0 Files): cumulative 0, interval 0
AddFile(Keys): cumulative 0, interval 0
Cumulative compaction: 435.57 GB write, 353.28 MB/s write, 385.56 GB read, 312.71 MB/s read, 7261.7 seconds
Interval compaction: 27.84 GB write, 498.69 MB/s write, 27.02 GB read, 484.02 MB/s read, 660.1 seconds
Estimated pending compaction bytes: 56273420657
Write Stall (count): cf-l0-file-count-limit-delays-with-ongoing-compaction: 50, cf-l0-file-count-limit-stops-with-ongoing-compaction: 0, l0-file-count-limit-delays: 50, l0-file-count-limit-stops: 0, memtable-limit-delays: 0, memtable-limit-stops: 754, pending-compaction-bytes-delays: 0, pending-compaction-bytes-stops: 0, total-delays: 50, total-stops: 754
interval: 44 total count
Block cache AutoHyperClockCache@0x6043b84412d0#2239720 capacity: 512.00 MB seed: 1 usage: 13.42 MB table_size: 6008 occupancy: 3186 collections: 7 last_copies: 2 last_secs: 0.000529 secs_since: 177
Block cache entry stats(count,size,portion): Misc(3186,13.05 MB,2.54931%)

** File Read Latency Histogram By Level [default] **
** Level 0 read latency histogram (micros):
Count: 28287278 Average: 3.4271  StdDev: 1494.53
Min: 0  Median: 0.8470  Max: 3176910
Percentiles: P50: 0.85 P75: 1.46 P99: 2.99 P99.9: 5.14 P99.99: 5.86
------------------------------------------------------
[       0,       1 ] 16698638  59.032%  59.032% ############
(       1,       2 ]  9864059  34.871%  93.903% #######
(       2,       3 ]  1453322   5.138%  99.041% #
(       3,       4 ]   203190   0.718%  99.759% 
(       4,       6 ]    69963   0.247% 100.007% 
(       6,      10 ]    30892   0.109% 100.116% 
(      10,      15 ]    11558   0.041% 100.157% 
(      15,      22 ]     7093   0.025% 100.182% 
(      22,      34 ]      452   0.002% 100.183% 
(      34,      51 ]       78   0.000% 100.184% 
(      51,      76 ]      361   0.001% 100.185% 
(      76,     110 ]      685   0.002% 100.187% 
(     110,     170 ]       25   0.000% 100.187% 
(     170,     250 ]        9   0.000% 100.188% 
(     250,     380 ]       22   0.000% 100.188% 
(     380,     580 ]       11   0.000% 100.188% 
(     580,     870 ]       42   0.000% 100.188% 
(     870,    1300 ]      110   0.000% 100.188% 
(    1300,    1900 ]       59   0.000% 100.188% 
(    1900,    2900 ]       19   0.000% 100.188% 
(    2900,    4400 ]        6   0.000% 100.188% 
(    4400,    6600 ]        4   0.000% 100.188% 
(    6600,    9900 ]        6   0.000% 100.189% 
(   14000,   22000 ]        8   0.000% 100.189% 
(   22000,   33000 ]       19   0.000% 100.189% 
(   33000,   50000 ]       33   0.000% 100.189% 
(   50000,   75000 ]       53   0.000% 100.189% 
(   75000,  110000 ]       69   0.000% 100.189% 
(  110000,  170000 ]       57   0.000% 100.189% 
(  170000,  250000 ]       25   0.000% 100.189% 
(  250000,  380000 ]        7   0.000% 100.189% 
(  380000,  570000 ]        2   0.000% 100.189% 
(  570000,  860000 ]        2   0.000% 100.189% 
(  860000, 1200000 ]        3   0.000% 100.189% 
( 1200000, 1900000 ]        6   0.000% 100.190% 
( 1900000, 2900000 ]        1   0.000% 100.190% 
( 2900000, 4300000 ]        4   0.000% 100.190% 

** Level 1 read latency histogram (micros):
Count: 61688419 Average: 1.4376  StdDev: 3.86
Min: 0  Median: 0.7697  Max: 12193
Percentiles: P50: 0.77 P75: 1.34 P99: 2.91 P99.9: 3.74 P99.99: 3.88
------------------------------------------------------
[       0,       1 ] 40073635  64.961%  64.961% #############
(       1,       2 ] 18337672  29.726%  94.688% ######
(       2,       3 ]  2913151   4.722%  99.410% #
(       3,       4 ]   407408   0.660% 100.070% 
(       4,       6 ]   158301   0.257% 100.327% 
(       6,      10 ]    82231   0.133% 100.460% 
(      10,      15 ]    24633   0.040% 100.500% 
(      15,      22 ]    16197   0.026% 100.527% 
(      22,      34 ]     1445   0.002% 100.529% 
(      34,      51 ]      502   0.001% 100.530% 
(      51,      76 ]     1241   0.002% 100.532% 
(      76,     110 ]     1533   0.002% 100.534% 
(     110,     170 ]      729   0.001% 100.535% 
(     170,     250 ]      263   0.000% 100.536% 
(     250,     380 ]       42   0.000% 100.536% 
(     380,     580 ]       13   0.000% 100.536% 
(     580,     870 ]       17   0.000% 100.536% 
(     870,    1300 ]        3   0.000% 100.536% 
(    1300,    1900 ]        3   0.000% 100.536% 
(    1900,    2900 ]        7   0.000% 100.536% 
(    2900,    4400 ]       21   0.000% 100.536% 
(    4400,    6600 ]        3   0.000% 100.536% 
(    6600,    9900 ]        1   0.000% 100.536% 
(    9900,   14000 ]        3   0.000% 100.536% 

** Level 2 read latency histogram (micros):
Count: 6846959 Average: 102.3818  StdDev: 4571.60
Min: 0  Median: 1.2597  Max: 4177656
Percentiles: P50: 1.26 P75: 1.83 P99: 650.77 P99.9: 1692.32 P99.99: 1886.20
------------------------------------------------------
[       0,       1 ]  2650463  38.710%  38.710% ########
(       1,       2 ]  2976378  43.470%  82.180% #########
(       2,       3 ]   710093  10.371%  92.551% ##
(       3,       4 ]   168177   2.456%  95.007% 
(       4,       6 ]    52556   0.768%  95.775% 
(       6,      10 ]    11464   0.167%  95.942% 
(      10,      15 ]     5698   0.083%  96.026% 
(      15,      22 ]     3137   0.046%  96.071% 
(      22,      34 ]     2261   0.033%  96.104% 
(      34,      51 ]     6528   0.095%  96.200% 
(      51,      76 ]    12875   0.188%  96.388% 
(      76,     110 ]     8170   0.119%  96.507% 
(     110,     170 ]    35288   0.515%  97.022% 
(     170,     250 ]    40514   0.592%  97.614% 
(     250,     380 ]    45240   0.661%  98.275% 
(     380,     580 ]    41283   0.603%  98.878% 
(     580,     870 ]    34277   0.501%  99.378% 
(     870,    1300 ]    23240   0.339%  99.718% 
(    1300,    1900 ]    19071   0.279%  99.996% 
(    1900,    2900 ]    16247   0.237% 100.234% 
(    2900,    4400 ]     9180   0.134% 100.368% 
(    4400,    6600 ]     5078   0.074% 100.442% 
(    6600,    9900 ]     1553   0.023% 100.465% 
(    9900,   14000 ]      552   0.008% 100.473% 
(   14000,   22000 ]      713   0.010% 100.483% 
(   22000,   33000 ]      634   0.009% 100.492% 
(   33000,   50000 ]      790   0.012% 100.504% 
(   50000,   75000 ]      814   0.012% 100.516% 
(   75000,  110000 ]      742   0.011% 100.527% 
(  110000,  170000 ]      712   0.010% 100.537% 
(  170000,  250000 ]      390   0.006% 100.543% 
(  250000,  380000 ]      126   0.002% 100.545% 
(  380000,  570000 ]       22   0.000% 100.545% 
(  570000,  860000 ]        8   0.000% 100.545% 
(  860000, 1200000 ]       16   0.000% 100.545% 
( 1200000, 1900000 ]        8   0.000% 100.545% 
( 2900000, 4300000 ]        3   0.000% 100.545% 


** DB Stats **
Uptime(secs): 1262.5 total, 34.6 interval
Cumulative writes: 60M writes, 60M keys, 7749K commit groups, 7.8 writes per commit group, ingest: 58.76 GB, 47.66 MB/s
Cumulative WAL: 60M writes, 0 syncs, 60348812.00 writes per sync, written: 58.76 GB, 47.66 MB/s
Cumulative stall: 00:18:14.009 H:M:S, 86.7 percent
Interval writes: 1677K writes, 1677K keys, 215K commit groups, 7.8 writes per commit group, ingest: 1672.82 MB, 48.31 MB/s
Interval WAL: 1677K writes, 0 syncs, 1677663.00 writes per sync, written: 1.63 GB, 48.31 MB/s
Interval stall: 00:00:30.841 H:M:S, 89.1 percent
Write Stall (count): write-buffer-manager-limit-stops: 0
num-running-compactions: 13
num-running-flushes: 0

2026/08/31-09:55:10  ... thread 5: (101000,3775000) ops and (2947.1,2990.0) ops/second in (34.271056,1262.525469) seconds
2026/08/31-09:55:10  ... thread 11: (101000,3771000) ops and (2946.8,2986.9) ops/second in (34.274407,1262.525732) seconds
2026/08/31-09:55:10  ... thread 13: (101000,3773000) ops and (2947.0,2988.5) ops/second in (34.272675,1262.527283) seconds
2026/08/31-09:55:40  ... thread 5: (100000,3875000) ops and (3245.7,2996.1) ops/second in (30.809564,1293.335033) seconds
2026/08/31-09:55:40  ... thread 14: (101000,3873000) ops and (3274.4,2994.6) ops/second in (30.845031,1293.343813) seconds
2026/08/31-09:55:40  ... thread 4: (101000,3871000) ops and (3275.2,2993.0) ops/second in (30.837930,1293.345603) seconds
2026/08/31-09:55:40  ... thread 3: (101000,3871000) ops and (3275.4,2993.0) ops/second in (30.835491,1293.346200) seconds
2026/08/31-09:55:41  ... thread 11: (101000,3872000) ops and (3276.6,2993.8) ops/second in (30.824792,1293.350524) seconds
2026/08/31-09:55:41  ... thread 12: (101000,3871000) ops and (3274.6,2993.0) ops/second in (30.843779,1293.350773) seconds
2026/08/31-09:55:41  ... thread 1: (101000,3872000) ops and (3275.6,2993.8) ops/second in (30.833865,1293.351841) seconds
2026/08/31-09:55:41  ... thread 15: (101000,3875000) ops and (3275.0,2996.1) ops/second in (30.839457,1293.355812) seconds
2026/08/31-09:55:41  ... thread 9: (101000,3872000) ops and (3274.9,2993.8) ops/second in (30.840242,1293.356119) seconds
2026/08/31-09:55:41  ... thread 6: (101000,3869000) ops and (3275.0,2991.4) ops/second in (30.839910,1293.357181) seconds
2026/08/31-09:55:41  ... thread 8: (101000,3873000) ops and (3275.1,2994.5) ops/second in (30.838392,1293.358232) seconds
2026/08/31-09:55:41  ... thread 7: (101000,3873000) ops and (3275.4,2994.5) ops/second in (30.835680,1293.358538) seconds
2026/08/31-09:55:41  ... thread 10: (101000,3873000) ops and (3275.1,2994.5) ops/second in (30.839141,1293.363391) seconds
2026/08/31-09:55:41  ... thread 2: (102000,3874000) ops and (3305.0,2995.3) ops/second in (30.861895,1293.363714) seconds
2026/08/31-09:55:41  ... thread 0: (101000,3872000) ops and (3275.1,2993.7) ops/second in (30.838998,1293.364062) seconds

** Compaction Stats [default] **
Level    Files   Size     Score Read(GB)  Rn(GB) Rnp1(GB) Write(GB) WPreComp(GB) Wnew(GB) Moved(GB) W-Amp Rd(MB/s) Wr(MB/s) Comp(sec) CompMergeCPU(sec) Comp(cnt) Avg(sec) KeyIn KeyDrop Rblob(GB) Wblob(GB)
-------------------------------------------------------------------------------------------------------------------------------------------------------------------------------------------------------------
  L0     19/16     4.44 GB   1.5     56.6     0.0     56.6     117.4     117.4     60.8       0.0   1.9     20.0     41.5   2895.03            254.81      1220    2.373    119M    58K       0.0       0.0
  L1    204/204   11.84 GB   0.0    263.8    56.4    207.4     259.6     259.6     52.2       0.0   4.6    313.8    308.9    860.68            791.79        36   23.908    268M  4223K       0.0       0.0
  L2    692/0     35.12 GB   0.9     68.1    31.6     36.5      62.8      62.8     26.3       8.8   2.0     18.9     17.5   3682.02            272.57       457    8.057     69M  5335K       0.0       0.0
 Sum    915/220   51.40 GB   0.0    388.5    87.9    300.5     439.9     439.9    139.3       8.8   7.2     53.5     60.6   7437.74           1319.18      1713    4.342    457M  9617K       0.0       0.0
 Int      0/0      0.00 KB   0.0      2.0     0.3      1.7       3.2       3.2      1.5       0.0   2.5     18.3     29.4    110.52              9.58        31    3.565   3318K    85K       0.0       0.0

** Compaction Stats [default] **
Priority    Files   Size     Score Read(GB)  Rn(GB) Rnp1(GB) Write(GB) WPreComp(GB) Wnew(GB) Moved(GB) W-Amp Rd(MB/s) Wr(MB/s) Comp(sec) CompMergeCPU(sec) Comp(cnt) Avg(sec) KeyIn KeyDrop Rblob(GB) Wblob(GB)
----------------------------------------------------------------------------------------------------------------------------------------------------------------------------------------------------------------
 Low      0/0      0.00 KB   0.0    388.5    87.9    300.5     379.0     379.0     78.5       0.0   0.0     71.2     69.4   5590.75           1213.60       714    7.830    395M  9617K       0.0       0.0
High      0/0      0.00 KB   0.0      0.0     0.0      0.0      60.9      60.9     60.9       0.0   0.0      0.0     33.8   1846.98            105.57       999    1.849     61M      0       0.0       0.0

Blob file count: 0, total size: 0.0 GB, garbage size: 0.0 GB, space amp: 0.0

Uptime(secs): 1293.4 total, 28.0 interval
Flush(GB): cumulative 60.879, interval 1.283
AddFile(GB): cumulative 0.000, interval 0.000
AddFile(Total Files): cumulative 0, interval 0
AddFile(L0 Files): cumulative 0, interval 0
AddFile(Keys): cumulative 0, interval 0
Cumulative compaction: 439.88 GB write, 348.27 MB/s write, 388.48 GB read, 307.57 MB/s read, 7437.7 seconds
Interval compaction: 3.18 GB write, 116.22 MB/s write, 1.98 GB read, 72.37 MB/s read, 110.5 seconds
Estimated pending compaction bytes: 59120787721
Write Stall (count): cf-l0-file-count-limit-delays-with-ongoing-compaction: 51, cf-l0-file-count-limit-stops-with-ongoing-compaction: 0, l0-file-count-limit-delays: 51, l0-file-count-limit-stops: 0, memtable-limit-delays: 0, memtable-limit-stops: 771, pending-compaction-bytes-delays: 0, pending-compaction-bytes-stops: 0, total-delays: 51, total-stops: 771
interval: 13 total count
Block cache AutoHyperClockCache@0x6043b84412d0#2239720 capacity: 512.00 MB seed: 1 usage: 13.57 MB table_size: 6393 occupancy: 3218 collections: 8 last_copies: 0 last_secs: 0.000795 secs_since: 28
Block cache entry stats(count,size,portion): Misc(3219,13.19 MB,2.57542%)

** File Read Latency Histogram By Level [default] **
** Level 0 read latency histogram (micros):
Count: 29148593 Average: 3.3781  StdDev: 1472.36
Min: 0  Median: 0.8496  Max: 3176910
Percentiles: P50: 0.85 P75: 1.46 P99: 2.99 P99.9: 5.14 P99.99: 5.88
------------------------------------------------------
[       0,       1 ] 17154819  58.853%  58.853% ############
(       1,       2 ] 10198111  34.987%  93.840% #######
(       2,       3 ]  1514987   5.197%  99.037% #
(       3,       4 ]   210575   0.722%  99.760% 
(       4,       6 ]    71660   0.246% 100.005% 
(       6,      10 ]    31978   0.110% 100.115% 
(      10,      15 ]    11940   0.041% 100.156% 
(      15,      22 ]     7320   0.025% 100.181% 
(      22,      34 ]      471   0.002% 100.183% 
(      34,      51 ]       80   0.000% 100.183% 
(      51,      76 ]      369   0.001% 100.184% 
(      76,     110 ]      704   0.002% 100.187% 
(     110,     170 ]       25   0.000% 100.187% 
(     170,     250 ]       11   0.000% 100.187% 
(     250,     380 ]       24   0.000% 100.187% 
(     380,     580 ]       12   0.000% 100.187% 
(     580,     870 ]       42   0.000% 100.187% 
(     870,    1300 ]      111   0.000% 100.187% 
(    1300,    1900 ]       59   0.000% 100.188% 
(    1900,    2900 ]       20   0.000% 100.188% 
(    2900,    4400 ]        6   0.000% 100.188% 
(    4400,    6600 ]        4   0.000% 100.188% 
(    6600,    9900 ]        6   0.000% 100.188% 
(   14000,   22000 ]        8   0.000% 100.188% 
(   22000,   33000 ]       20   0.000% 100.188% 
(   33000,   50000 ]       35   0.000% 100.188% 
(   50000,   75000 ]       54   0.000% 100.188% 
(   75000,  110000 ]       69   0.000% 100.188% 
(  110000,  170000 ]       57   0.000% 100.189% 
(  170000,  250000 ]       25   0.000% 100.189% 
(  250000,  380000 ]        7   0.000% 100.189% 
(  380000,  570000 ]        2   0.000% 100.189% 
(  570000,  860000 ]        2   0.000% 100.189% 
(  860000, 1200000 ]        3   0.000% 100.189% 
( 1200000, 1900000 ]        6   0.000% 100.189% 
( 1900000, 2900000 ]        1   0.000% 100.189% 
( 2900000, 4300000 ]        4   0.000% 100.189% 

** Level 1 read latency histogram (micros):
Count: 63246331 Average: 1.4378  StdDev: 3.82
Min: 0  Median: 0.7700  Max: 12193
Percentiles: P50: 0.77 P75: 1.34 P99: 2.91 P99.9: 3.74 P99.99: 3.88
------------------------------------------------------
[       0,       1 ] 41067976  64.933%  64.933% #############
(       1,       2 ] 18813472  29.746%  94.680% ######
(       2,       3 ]  2992609   4.732%  99.411% #
(       3,       4 ]   416407   0.658% 100.070% 
(       4,       6 ]   161885   0.256% 100.326% 
(       6,      10 ]    84325   0.133% 100.459% 
(      10,      15 ]    25298   0.040% 100.499% 
(      15,      22 ]    16667   0.026% 100.525% 
(      22,      34 ]     1486   0.002% 100.528% 
(      34,      51 ]      506   0.001% 100.529% 
(      51,      76 ]     1244   0.002% 100.531% 
(      76,     110 ]     1535   0.002% 100.533% 
(     110,     170 ]      729   0.001% 100.534% 
(     170,     250 ]      263   0.000% 100.535% 
(     250,     380 ]       42   0.000% 100.535% 
(     380,     580 ]       13   0.000% 100.535% 
(     580,     870 ]       17   0.000% 100.535% 
(     870,    1300 ]        3   0.000% 100.535% 
(    1300,    1900 ]        3   0.000% 100.535% 
(    1900,    2900 ]        7   0.000% 100.535% 
(    2900,    4400 ]       21   0.000% 100.535% 
(    4400,    6600 ]        3   0.000% 100.535% 
(    6600,    9900 ]        1   0.000% 100.535% 
(    9900,   14000 ]        3   0.000% 100.535% 

** Level 2 read latency histogram (micros):
Count: 6964251 Average: 102.2063  StdDev: 4536.97
Min: 0  Median: 1.2663  Max: 4177656
Percentiles: P50: 1.27 P75: 1.84 P99: 669.75 P99.9: 1722.84 P99.99: 1924.89
------------------------------------------------------
[       0,       1 ]  2674500  38.403%  38.403% ########
(       1,       2 ]  3033001  43.551%  81.954% #########
(       2,       3 ]   730509  10.489%  92.444% ##
(       3,       4 ]   172917   2.483%  94.927% 
(       4,       6 ]    53620   0.770%  95.697% 
(       6,      10 ]    11680   0.168%  95.864% 
(      10,      15 ]     5880   0.084%  95.949% 
(      15,      22 ]     3230   0.046%  95.995% 
(      22,      34 ]     2282   0.033%  96.028% 
(      34,      51 ]     6761   0.097%  96.125% 
(      51,      76 ]    13347   0.192%  96.317% 
(      76,     110 ]     8427   0.121%  96.438% 
(     110,     170 ]    36226   0.520%  96.958% 
(     170,     250 ]    41821   0.601%  97.558% 
(     250,     380 ]    46665   0.670%  98.228% 
(     380,     580 ]    42718   0.613%  98.842% 
(     580,     870 ]    35623   0.512%  99.353% 
(     870,    1300 ]    24126   0.346%  99.700% 
(    1300,    1900 ]    19800   0.284%  99.984% 
(    1900,    2900 ]    16935   0.243% 100.227% 
(    2900,    4400 ]     9547   0.137% 100.364% 
(    4400,    6600 ]     5218   0.075% 100.439% 
(    6600,    9900 ]     1587   0.023% 100.462% 
(    9900,   14000 ]      558   0.008% 100.470% 
(   14000,   22000 ]      717   0.010% 100.480% 
(   22000,   33000 ]      634   0.009% 100.489% 
(   33000,   50000 ]      791   0.011% 100.501% 
(   50000,   75000 ]      819   0.012% 100.512% 
(   75000,  110000 ]      744   0.011% 100.523% 
(  110000,  170000 ]      722   0.010% 100.533% 
(  170000,  250000 ]      391   0.006% 100.539% 
(  250000,  380000 ]      126   0.002% 100.541% 
(  380000,  570000 ]       22   0.000% 100.541% 
(  570000,  860000 ]        8   0.000% 100.541% 
(  860000, 1200000 ]       16   0.000% 100.542% 
( 1200000, 1900000 ]        8   0.000% 100.542% 
( 2900000, 4300000 ]        3   0.000% 100.542% 


** DB Stats **
Uptime(secs): 1293.4 total, 28.0 interval
Cumulative writes: 61M writes, 61M keys, 7957K commit groups, 7.8 writes per commit group, ingest: 60.34 GB, 47.77 MB/s
Cumulative WAL: 61M writes, 0 syncs, 61965376.00 writes per sync, written: 60.34 GB, 47.77 MB/s
Cumulative stall: 00:18:41.038 H:M:S, 86.7 percent
Interval writes: 1258K writes, 1258K keys, 162K commit groups, 7.7 writes per commit group, ingest: 1254.89 MB, 44.81 MB/s
Interval WAL: 1258K writes, 0 syncs, 1258516.00 writes per sync, written: 1.23 GB, 44.81 MB/s
Interval stall: 00:00:26.005 H:M:S, 92.9 percent
Write Stall (count): write-buffer-manager-limit-stops: 0
num-running-compactions: 2
num-running-flushes: 1

2026/08/31-09:55:41  ... thread 13: (101000,3874000) ops and (3275.3,2995.3) ops/second in (30.837214,1293.364497) seconds
2026/08/31-09:56:11  ... thread 8: (30000,3903000) ops and (999.4,2949.3) ops/second in (30.019027,1323.377259) seconds
2026/08/31-09:56:11  ... thread 10: (30000,3903000) ops and (998.6,2949.2) ops/second in (30.041504,1323.404895) seconds
2026/08/31-09:56:11  ... thread 7: (30000,3903000) ops and (997.4,2949.1) ops/second in (30.078398,1323.436936) seconds
2026/08/31-09:56:11  ... thread 15: (30000,3905000) ops and (988.4,2950.0) ops/second in (30.352620,1323.708432) seconds
2026/08/31-09:56:11  ... thread 2: (30000,3904000) ops and (986.9,2949.2) ops/second in (30.396895,1323.760609) seconds
2026/08/31-09:56:11  ... thread 9: (30000,3902000) ops and (986.1,2947.6) ops/second in (30.423656,1323.779775) seconds
2026/08/31-09:56:11  ... thread 0: (30000,3902000) ops and (981.6,2947.3) ops/second in (30.561614,1323.925676) seconds

** Compaction Stats [default] **
Level    Files   Size     Score Read(GB)  Rn(GB) Rnp1(GB) Write(GB) WPreComp(GB) Wnew(GB) Moved(GB) W-Amp Rd(MB/s) Wr(MB/s) Comp(sec) CompMergeCPU(sec) Comp(cnt) Avg(sec) KeyIn KeyDrop Rblob(GB) Wblob(GB)
-------------------------------------------------------------------------------------------------------------------------------------------------------------------------------------------------------------
  L0     16/16     4.87 GB   0.0     57.4     0.0     57.4     118.7     118.7     61.2       0.0   1.9     19.9     41.1   2954.34            257.72      1230    2.402    120M    59K       0.0       0.0
  L1    204/204   11.84 GB   0.0    263.8    56.4    207.4     259.6     259.6     52.2       0.0   4.6    313.8    308.9    860.68            791.79        36   23.908    268M  4223K       0.0       0.0
  L2    692/0     35.12 GB   0.9     68.1    31.6     36.5      62.8      62.8     26.3       8.8   2.0     18.9     17.5   3682.02            272.57       457    8.057     69M  5335K       0.0       0.0
 Sum    912/220   51.83 GB   0.0    389.3    87.9    301.3     441.1     441.1    139.8       8.8   7.2     53.2     60.2   7497.04           1322.08      1723    4.351    458M  9618K       0.0       0.0
 Int      0/0      0.00 KB   0.0      2.8     0.3      2.5       4.4       4.4      1.9       0.0   2.6     16.7     26.5    169.83             12.48        41    4.142   4559K    86K       0.0       0.0

** Compaction Stats [default] **
Priority    Files   Size     Score Read(GB)  Rn(GB) Rnp1(GB) Write(GB) WPreComp(GB) Wnew(GB) Moved(GB) W-Amp Rd(MB/s) Wr(MB/s) Comp(sec) CompMergeCPU(sec) Comp(cnt) Avg(sec) KeyIn KeyDrop Rblob(GB) Wblob(GB)
----------------------------------------------------------------------------------------------------------------------------------------------------------------------------------------------------------------
 Low      0/0      0.00 KB   0.0    389.3    87.9    301.3     379.8     379.8     78.5       0.0   0.0     70.9     69.2   5620.92           1215.78       717    7.839    396M  9618K       0.0       0.0
High      0/0      0.00 KB   0.0      0.0     0.0      0.0      61.3      61.3     61.3       0.0   0.0      0.0     33.5   1876.13            106.30      1006    1.865     62M      0       0.0       0.0

Blob file count: 0, total size: 0.0 GB, garbage size: 0.0 GB, space amp: 0.0

Uptime(secs): 1323.9 total, 58.6 interval
Flush(GB): cumulative 61.306, interval 1.710
AddFile(GB): cumulative 0.000, interval 0.000
AddFile(Total Files): cumulative 0, interval 0
AddFile(L0 Files): cumulative 0, interval 0
AddFile(Keys): cumulative 0, interval 0
Cumulative compaction: 441.10 GB write, 341.17 MB/s write, 389.27 GB read, 301.08 MB/s read, 7497.0 seconds
Interval compaction: 4.40 GB write, 76.88 MB/s write, 2.77 GB read, 48.46 MB/s read, 169.8 seconds
Estimated pending compaction bytes: 60271916830
Write Stall (count): cf-l0-file-count-limit-delays-with-ongoing-compaction: 54, cf-l0-file-count-limit-stops-with-ongoing-compaction: 0, l0-file-count-limit-delays: 54, l0-file-count-limit-stops: 0, memtable-limit-delays: 0, memtable-limit-stops: 776, pending-compaction-bytes-delays: 0, pending-compaction-bytes-stops: 0, total-delays: 54, total-stops: 776
interval: 21 total count
Block cache AutoHyperClockCache@0x6043b84412d0#2239720 capacity: 512.00 MB seed: 1 usage: 13.57 MB table_size: 6393 occupancy: 3218 collections: 8 last_copies: 0 last_secs: 0.000795 secs_since: 58
Block cache entry stats(count,size,portion): Misc(3219,13.19 MB,2.57542%)

** File Read Latency Histogram By Level [default] **
** Level 0 read latency histogram (micros):
Count: 29782744 Average: 3.3432  StdDev: 1456.63
Min: 0  Median: 0.8517  Max: 3176910
Percentiles: P50: 0.85 P75: 1.46 P99: 3.00 P99.9: 5.16 P99.99: 5.88
------------------------------------------------------
[       0,       1 ] 17484080  58.705%  58.705% ############
(       1,       2 ] 10451804  35.093%  93.799% #######
(       2,       3 ]  1555679   5.223%  99.022% #
(       3,       4 ]   218654   0.734%  99.756% 
(       4,       6 ]    73879   0.248% 100.005% 
(       6,      10 ]    32875   0.110% 100.115% 
(      10,      15 ]    12413   0.042% 100.157% 
(      15,      22 ]     7624   0.026% 100.182% 
(      22,      34 ]      488   0.002% 100.184% 
(      34,      51 ]       81   0.000% 100.184% 
(      51,      76 ]      372   0.001% 100.185% 
(      76,     110 ]      708   0.002% 100.188% 
(     110,     170 ]       25   0.000% 100.188% 
(     170,     250 ]       11   0.000% 100.188% 
(     250,     380 ]       26   0.000% 100.188% 
(     380,     580 ]       13   0.000% 100.188% 
(     580,     870 ]       42   0.000% 100.188% 
(     870,    1300 ]      111   0.000% 100.189% 
(    1300,    1900 ]       59   0.000% 100.189% 
(    1900,    2900 ]       20   0.000% 100.189% 
(    2900,    4400 ]        6   0.000% 100.189% 
(    4400,    6600 ]        4   0.000% 100.189% 
(    6600,    9900 ]        6   0.000% 100.189% 
(   14000,   22000 ]        8   0.000% 100.189% 
(   22000,   33000 ]       23   0.000% 100.189% 
(   33000,   50000 ]       35   0.000% 100.189% 
(   50000,   75000 ]       54   0.000% 100.189% 
(   75000,  110000 ]       69   0.000% 100.189% 
(  110000,  170000 ]       57   0.000% 100.190% 
(  170000,  250000 ]       25   0.000% 100.190% 
(  250000,  380000 ]        7   0.000% 100.190% 
(  380000,  570000 ]        2   0.000% 100.190% 
(  570000,  860000 ]        2   0.000% 100.190% 
(  860000, 1200000 ]        3   0.000% 100.190% 
( 1200000, 1900000 ]        6   0.000% 100.190% 
( 1900000, 2900000 ]        1   0.000% 100.190% 
( 2900000, 4300000 ]        4   0.000% 100.190% 

** Level 1 read latency histogram (micros):
Count: 64740636 Average: 1.4350  StdDev: 3.77
Min: 0  Median: 0.7677  Max: 12193
Percentiles: P50: 0.77 P75: 1.33 P99: 2.91 P99.9: 3.74 P99.99: 3.88
------------------------------------------------------
[       0,       1 ] 42167318  65.133%  65.133% #############
(       1,       2 ] 19153508  29.585%  94.718% ######
(       2,       3 ]  3042727   4.700%  99.418% #
(       3,       4 ]   421248   0.651% 100.068% 
(       4,       6 ]   163819   0.253% 100.321% 
(       6,      10 ]    85754   0.132% 100.454% 
(      10,      15 ]    26103   0.040% 100.494% 
(      15,      22 ]    17222   0.027% 100.521% 
(      22,      34 ]     1506   0.002% 100.523% 
(      34,      51 ]      508   0.001% 100.524% 
(      51,      76 ]     1244   0.002% 100.526% 
(      76,     110 ]     1541   0.002% 100.528% 
(     110,     170 ]      729   0.001% 100.529% 
(     170,     250 ]      263   0.000% 100.530% 
(     250,     380 ]       42   0.000% 100.530% 
(     380,     580 ]       14   0.000% 100.530% 
(     580,     870 ]       17   0.000% 100.530% 
(     870,    1300 ]        3   0.000% 100.530% 
(    1300,    1900 ]        3   0.000% 100.530% 
(    1900,    2900 ]        7   0.000% 100.530% 
(    2900,    4400 ]       21   0.000% 100.530% 
(    4400,    6600 ]        3   0.000% 100.530% 
(    6600,    9900 ]        1   0.000% 100.530% 
(    9900,   14000 ]        3   0.000% 100.530% 

** Level 2 read latency histogram (micros):
Count: 6964251 Average: 102.2063  StdDev: 4536.97
Min: 0  Median: 1.2663  Max: 4177656
Percentiles: P50: 1.27 P75: 1.84 P99: 669.75 P99.9: 1722.84 P99.99: 1924.89
------------------------------------------------------
[       0,       1 ]  2674500  38.403%  38.403% ########
(       1,       2 ]  3033001  43.551%  81.954% #########
(       2,       3 ]   730509  10.489%  92.444% ##
(       3,       4 ]   172917   2.483%  94.927% 
(       4,       6 ]    53620   0.770%  95.697% 
(       6,      10 ]    11680   0.168%  95.864% 
(      10,      15 ]     5880   0.084%  95.949% 
(      15,      22 ]     3230   0.046%  95.995% 
(      22,      34 ]     2282   0.033%  96.028% 
(      34,      51 ]     6761   0.097%  96.125% 
(      51,      76 ]    13347   0.192%  96.317% 
(      76,     110 ]     8427   0.121%  96.438% 
(     110,     170 ]    36226   0.520%  96.958% 
(     170,     250 ]    41821   0.601%  97.558% 
(     250,     380 ]    46665   0.670%  98.228% 
(     380,     580 ]    42718   0.613%  98.842% 
(     580,     870 ]    35623   0.512%  99.353% 
(     870,    1300 ]    24126   0.346%  99.700% 
(    1300,    1900 ]    19800   0.284%  99.984% 
(    1900,    2900 ]    16935   0.243% 100.227% 
(    2900,    4400 ]     9547   0.137% 100.364% 
(    4400,    6600 ]     5218   0.075% 100.439% 
(    6600,    9900 ]     1587   0.023% 100.462% 
(    9900,   14000 ]      558   0.008% 100.470% 
(   14000,   22000 ]      717   0.010% 100.480% 
(   22000,   33000 ]      634   0.009% 100.489% 
(   33000,   50000 ]      791   0.011% 100.501% 
(   50000,   75000 ]      819   0.012% 100.512% 
(   75000,  110000 ]      744   0.011% 100.523% 
(  110000,  170000 ]      722   0.010% 100.533% 
(  170000,  250000 ]      391   0.006% 100.539% 
(  250000,  380000 ]      126   0.002% 100.541% 
(  380000,  570000 ]       22   0.000% 100.541% 
(  570000,  860000 ]        8   0.000% 100.541% 
(  860000, 1200000 ]       16   0.000% 100.542% 
( 1200000, 1900000 ]        8   0.000% 100.542% 
( 2900000, 4300000 ]        3   0.000% 100.542% 


** DB Stats **
Uptime(secs): 1323.9 total, 30.6 interval
Cumulative writes: 62M writes, 62M keys, 8027K commit groups, 7.8 writes per commit group, ingest: 60.81 GB, 47.03 MB/s
Cumulative WAL: 62M writes, 0 syncs, 62446405.00 writes per sync, written: 60.81 GB, 47.03 MB/s
Cumulative stall: 00:19:7.460 H:M:S, 86.7 percent
Interval writes: 481K writes, 481K keys, 69K commit groups, 6.9 writes per commit group, ingest: 479.73 MB, 15.70 MB/s
Interval WAL: 481K writes, 0 syncs, 481029.00 writes per sync, written: 0.47 GB, 15.70 MB/s
Interval stall: 00:00:26.422 H:M:S, 86.5 percent
Write Stall (count): write-buffer-manager-limit-stops: 0
num-running-compactions: 2
num-running-flushes: 0

2026/08/31-09:56:11  ... thread 13: (30000,3904000) ops and (981.6,2948.8) ops/second in (30.562821,1323.927318) seconds
2026/08/31-09:56:11  ... thread 5: (31000,3906000) ops and (1013.3,2950.3) ops/second in (30.593140,1323.928173) seconds
2026/08/31-09:56:11  ... thread 14: (31000,3904000) ops and (1013.3,2948.8) ops/second in (30.592849,1323.936662) seconds
2026/08/31-09:56:11  ... thread 1: (31000,3903000) ops and (1013.5,2948.0) ops/second in (30.587482,1323.939323) seconds
2026/08/31-09:56:11  ... thread 11: (31000,3903000) ops and (1013.4,2948.0) ops/second in (30.591175,1323.941699) seconds
2026/08/31-09:56:11  ... thread 3: (31000,3902000) ops and (1013.2,2947.3) ops/second in (30.596099,1323.942299) seconds
2026/08/31-09:56:11  ... thread 4: (31000,3902000) ops and (1013.1,2947.3) ops/second in (30.598828,1323.944431) seconds
2026/08/31-09:56:11  ... thread 6: (31000,3900000) ops and (1013.4,2945.7) ops/second in (30.589119,1323.946300) seconds
2026/08/31-09:56:11  ... thread 12: (31000,3902000) ops and (1013.1,2947.2) ops/second in (30.598062,1323.948835) seconds
2026/08/31-09:56:41  ... thread 8: (90000,3993000) ops and (2955.6,2949.4) ops/second in (30.450640,1353.827899) seconds
2026/08/31-09:56:41  ... thread 10: (90000,3993000) ops and (2957.9,2949.4) ops/second in (30.427330,1353.832225) seconds
2026/08/31-09:56:41  ... thread 2: (90000,3994000) ops and (2992.5,2950.1) ops/second in (30.075436,1353.836045) seconds
2026/08/31-09:56:41  ... thread 7: (90000,3993000) ops and (2960.6,2949.4) ops/second in (30.398821,1353.835757) seconds
2026/08/31-09:56:41  ... thread 15: (90000,3995000) ops and (2986.8,2950.9) ops/second in (30.132079,1353.840511) seconds
2026/08/31-09:56:41  ... thread 9: (90000,3992000) ops and (2993.2,2948.6) ops/second in (30.068261,1353.848036) seconds
2026/08/31-09:56:42  ... thread 5: (93000,3999000) ops and (3047.0,2952.5) ops/second in (30.521914,1354.450087) seconds
2026/08/31-09:56:42  ... thread 11: (93000,3996000) ops and (3047.8,2950.3) ops/second in (30.514081,1354.455780) seconds
2026/08/31-09:56:42  ... thread 3: (93000,3995000) ops and (3047.7,2949.5) ops/second in (30.514928,1354.457227) seconds
2026/08/31-09:56:42  ... thread 14: (93000,3997000) ops and (3046.9,2951.0) ops/second in (30.522915,1354.459577) seconds
2026/08/31-09:56:42  ... thread 12: (93000,3995000) ops and (3046.6,2949.5) ops/second in (30.526206,1354.475041) seconds
2026/08/31-09:56:42  ... thread 6: (93000,3993000) ops and (3045.9,2948.0) ops/second in (30.532579,1354.478879) seconds
2026/08/31-09:56:42  ... thread 4: (93000,3995000) ops and (3044.9,2949.5) ops/second in (30.543047,1354.487478) seconds
2026/08/31-09:56:42  ... thread 0: (94000,3996000) ops and (3075.6,2950.2) ops/second in (30.563083,1354.488759) seconds

** Compaction Stats [default] **
Level    Files   Size     Score Read(GB)  Rn(GB) Rnp1(GB) Write(GB) WPreComp(GB) Wnew(GB) Moved(GB) W-Amp Rd(MB/s) Wr(MB/s) Comp(sec) CompMergeCPU(sec) Comp(cnt) Avg(sec) KeyIn KeyDrop Rblob(GB) Wblob(GB)
-------------------------------------------------------------------------------------------------------------------------------------------------------------------------------------------------------------
  L0     10/4      2.49 GB   3.0     59.8     0.0     59.8     122.6     122.6     62.8       0.0   2.0     20.1     41.3   3039.32            267.32      1260    2.412    124M    65K       0.0       0.0
  L1    206/15    12.65 GB   2.9    279.4    60.2    219.2     274.8     274.8     55.5       0.0   4.6    314.1    308.8    911.05            838.16        37   24.623    284M  4735K       0.0       0.0
  L2    726/22    36.94 GB   0.9     73.9    34.2     39.7      67.9      67.9     28.2       8.8   2.0     18.7     17.2   4048.54            304.88       498    8.130     75M  6078K       0.0       0.0
 Sum    942/41    52.09 GB   0.0    413.1    94.4    318.7     465.2     465.2    146.5       8.8   7.4     52.9     59.6   7998.90           1410.36      1795    4.456    484M    10M       0.0       0.0
 Int      0/0      0.00 KB   0.0      8.2     2.6      5.5       8.8       8.8      3.3       0.0   6.3     18.5     20.1    451.09             41.70        69    6.538   9738K   748K       0.0       0.0

** Compaction Stats [default] **
Priority    Files   Size     Score Read(GB)  Rn(GB) Rnp1(GB) Write(GB) WPreComp(GB) Wnew(GB) Moved(GB) W-Amp Rd(MB/s) Wr(MB/s) Comp(sec) CompMergeCPU(sec) Comp(cnt) Avg(sec) KeyIn KeyDrop Rblob(GB) Wblob(GB)
----------------------------------------------------------------------------------------------------------------------------------------------------------------------------------------------------------------
 Low      0/0      0.00 KB   0.0    413.1    94.4    318.7     402.4     402.4     83.7       0.0   0.0     69.6     67.8   6076.89           1301.17       764    7.954    420M    10M       0.0       0.0
High      0/0      0.00 KB   0.0      0.0     0.0      0.0      62.8      62.8     62.8       0.0   0.0      0.0     33.5   1922.01            109.19      1031    1.864     63M      0       0.0       0.0

Blob file count: 0, total size: 0.0 GB, garbage size: 0.0 GB, space amp: 0.0

Uptime(secs): 1354.5 total, 29.1 interval
Flush(GB): cumulative 62.831, interval 1.403
AddFile(GB): cumulative 0.000, interval 0.000
AddFile(Total Files): cumulative 0, interval 0
AddFile(L0 Files): cumulative 0, interval 0
AddFile(Keys): cumulative 0, interval 0
Cumulative compaction: 465.23 GB write, 351.71 MB/s write, 413.11 GB read, 312.31 MB/s read, 7998.9 seconds
Interval compaction: 8.83 GB write, 310.70 MB/s write, 8.17 GB read, 287.22 MB/s read, 451.1 seconds
Estimated pending compaction bytes: 57419334735
Write Stall (count): cf-l0-file-count-limit-delays-with-ongoing-compaction: 54, cf-l0-file-count-limit-stops-with-ongoing-compaction: 0, l0-file-count-limit-delays: 54, l0-file-count-limit-stops: 0, memtable-limit-delays: 0, memtable-limit-stops: 804, pending-compaction-bytes-delays: 0, pending-compaction-bytes-stops: 0, total-delays: 54, total-stops: 804
interval: 26 total count
Block cache AutoHyperClockCache@0x6043b84412d0#2239720 capacity: 512.00 MB seed: 1 usage: 13.57 MB table_size: 6393 occupancy: 3218 collections: 8 last_copies: 1 last_secs: 0.000795 secs_since: 89
Block cache entry stats(count,size,portion): Misc(3219,13.19 MB,2.57542%)

** File Read Latency Histogram By Level [default] **
** Level 0 read latency histogram (micros):
Count: 30387756 Average: 3.3833  StdDev: 1476.63
Min: 0  Median: 0.8489  Max: 3176910
Percentiles: P50: 0.85 P75: 1.46 P99: 3.00 P99.9: 5.18 P99.99: 5.91
------------------------------------------------------
[       0,       1 ] 17898080  58.899%  58.899% ############
(       1,       2 ] 10616018  34.935%  93.834% #######
(       2,       3 ]  1576979   5.190%  99.024% #
(       3,       4 ]   222183   0.731%  99.755% 
(       4,       6 ]    74951   0.247% 100.001% 
(       6,      10 ]    33438   0.110% 100.112% 
(      10,      15 ]    12652   0.042% 100.153% 
(      15,      22 ]     7759   0.026% 100.179% 
(      22,      34 ]      498   0.002% 100.180% 
(      34,      51 ]       83   0.000% 100.181% 
(      51,      76 ]      384   0.001% 100.182% 
(      76,     110 ]      724   0.002% 100.184% 
(     110,     170 ]       26   0.000% 100.184% 
(     170,     250 ]       11   0.000% 100.184% 
(     250,     380 ]       29   0.000% 100.184% 
(     380,     580 ]       14   0.000% 100.185% 
(     580,     870 ]       43   0.000% 100.185% 
(     870,    1300 ]      111   0.000% 100.185% 
(    1300,    1900 ]       61   0.000% 100.185% 
(    1900,    2900 ]       20   0.000% 100.185% 
(    2900,    4400 ]        7   0.000% 100.185% 
(    4400,    6600 ]        5   0.000% 100.185% 
(    6600,    9900 ]        6   0.000% 100.185% 
(   14000,   22000 ]        8   0.000% 100.185% 
(   22000,   33000 ]       23   0.000% 100.185% 
(   33000,   50000 ]       37   0.000% 100.186% 
(   50000,   75000 ]       54   0.000% 100.186% 
(   75000,  110000 ]       75   0.000% 100.186% 
(  110000,  170000 ]       57   0.000% 100.186% 
(  170000,  250000 ]       25   0.000% 100.186% 
(  250000,  380000 ]        7   0.000% 100.186% 
(  380000,  570000 ]        2   0.000% 100.186% 
(  570000,  860000 ]        2   0.000% 100.186% 
(  860000, 1200000 ]        3   0.000% 100.186% 
( 1200000, 1900000 ]        7   0.000% 100.186% 
( 1900000, 2900000 ]        1   0.000% 100.186% 
( 2900000, 4300000 ]        4   0.000% 100.186% 

** Level 1 read latency histogram (micros):
Count: 65517407 Average: 1.4472  StdDev: 3.76
Min: 0  Median: 0.7746  Max: 12193
Percentiles: P50: 0.77 P75: 1.35 P99: 2.94 P99.9: 3.83 P99.99: 3.95
------------------------------------------------------
[       0,       1 ] 42290981  64.549%  64.549% #############
(       1,       2 ] 19512893  29.783%  94.332% ######
(       2,       3 ]  3258355   4.973%  99.305% #
(       3,       4 ]   469961   0.717% 100.023% 
(       4,       6 ]   186739   0.285% 100.308% 
(       6,      10 ]    92133   0.141% 100.448% 
(      10,      15 ]    27555   0.042% 100.490% 
(      15,      22 ]    18367   0.028% 100.518% 
(      22,      34 ]     1673   0.003% 100.521% 
(      34,      51 ]      539   0.001% 100.522% 
(      51,      76 ]     1305   0.002% 100.524% 
(      76,     110 ]     1638   0.003% 100.526% 
(     110,     170 ]      794   0.001% 100.527% 
(     170,     250 ]      267   0.000% 100.528% 
(     250,     380 ]       46   0.000% 100.528% 
(     380,     580 ]       14   0.000% 100.528% 
(     580,     870 ]       17   0.000% 100.528% 
(     870,    1300 ]        3   0.000% 100.528% 
(    1300,    1900 ]        3   0.000% 100.528% 
(    1900,    2900 ]        7   0.000% 100.528% 
(    2900,    4400 ]       21   0.000% 100.528% 
(    4400,    6600 ]        3   0.000% 100.528% 
(    6600,    9900 ]        1   0.000% 100.528% 
(    9900,   14000 ]        3   0.000% 100.528% 

** Level 2 read latency histogram (micros):
Count: 7904909 Average: 111.6338  StdDev: 4566.70
Min: 0  Median: 1.3092  Max: 4177656
Percentiles: P50: 1.31 P75: 1.88 P99: 768.99 P99.9: 1865.26 P99.99: 2159.25
------------------------------------------------------
[       0,       1 ]  2881438  36.451%  36.451% #######
(       1,       2 ]  3464392  43.826%  80.277% #########
(       2,       3 ]   895400  11.327%  91.604% ##
(       3,       4 ]   217682   2.754%  94.358% #
(       4,       6 ]    67567   0.855%  95.213% 
(       6,      10 ]    13670   0.173%  95.386% 
(      10,      15 ]     7176   0.091%  95.476% 
(      15,      22 ]     3946   0.050%  95.526% 
(      22,      34 ]     2531   0.032%  95.558% 
(      34,      51 ]     7664   0.097%  95.655% 
(      51,      76 ]    15784   0.200%  95.855% 
(      76,     110 ]    10013   0.127%  95.982% 
(     110,     170 ]    44107   0.558%  96.540% 
(     170,     250 ]    51366   0.650%  97.189% 
(     250,     380 ]    59142   0.748%  97.938% 
(     380,     580 ]    54516   0.690%  98.627% 
(     580,     870 ]    45217   0.572%  99.199% 
(     870,    1300 ]    31117   0.394%  99.593% 
(    1300,    1900 ]    25770   0.326%  99.919% 
(    1900,    2900 ]    21688   0.274% 100.193% 
(    2900,    4400 ]    11919   0.151% 100.344% 
(    4400,    6600 ]     6551   0.083% 100.427% 
(    6600,    9900 ]     2012   0.025% 100.452% 
(    9900,   14000 ]      724   0.009% 100.462% 
(   14000,   22000 ]      925   0.012% 100.473% 
(   22000,   33000 ]      824   0.010% 100.484% 
(   33000,   50000 ]      996   0.013% 100.496% 
(   50000,   75000 ]     1023   0.013% 100.509% 
(   75000,  110000 ]      960   0.012% 100.521% 
(  110000,  170000 ]      895   0.011% 100.533% 
(  170000,  250000 ]      462   0.006% 100.539% 
(  250000,  380000 ]      145   0.002% 100.540% 
(  380000,  570000 ]       22   0.000% 100.541% 
(  570000,  860000 ]        9   0.000% 100.541% 
(  860000, 1200000 ]       17   0.000% 100.541% 
( 1200000, 1900000 ]       13   0.000% 100.541% 
( 2900000, 4300000 ]        3   0.000% 100.541% 


** DB Stats **
Uptime(secs): 1354.5 total, 29.1 interval
Cumulative writes: 63M writes, 63M keys, 8218K commit groups, 7.8 writes per commit group, ingest: 62.27 GB, 47.07 MB/s
Cumulative WAL: 63M writes, 0 syncs, 63947074.00 writes per sync, written: 62.27 GB, 47.07 MB/s
Cumulative stall: 00:19:34.552 H:M:S, 86.7 percent
Interval writes: 1313K writes, 1313K keys, 167K commit groups, 7.8 writes per commit group, ingest: 1310.00 MB, 44.99 MB/s
Interval WAL: 1313K writes, 0 syncs, 1313813.00 writes per sync, written: 1.28 GB, 44.99 MB/s
Interval stall: 00:00:26.871 H:M:S, 92.3 percent
Write Stall (count): write-buffer-manager-limit-stops: 0
num-running-compactions: 17
num-running-flushes: 1

2026/08/31-09:56:42  ... thread 13: (94000,3998000) ops and (3075.0,2951.7) ops/second in (30.569231,1354.496549) seconds
2026/08/31-09:56:42  ... thread 1: (94000,3997000) ops and (3076.1,2950.9) ops/second in (30.558471,1354.497794) seconds
2026/08/31-09:57:11  ... thread 9: (137000,4129000) ops and (4554.4,2983.5) ops/second in (30.080822,1383.928858) seconds
2026/08/31-09:57:11  ... thread 10: (138000,4131000) ops and (4569.9,2984.8) ops/second in (30.197479,1384.029704) seconds
2026/08/31-09:57:12  ... thread 7: (138000,4131000) ops and (4499.5,2983.7) ops/second in (30.670059,1384.505816) seconds
2026/08/31-09:57:12  ... thread 13: (134000,4132000) ops and (4455.2,2984.3) ops/second in (30.077420,1384.573969) seconds
2026/08/31-09:57:12  ... thread 3: (135000,4130000) ops and (4454.8,2982.5) ops/second in (30.304710,1384.761937) seconds
2026/08/31-09:57:12  ... thread 15: (138000,4133000) ops and (4462.5,2984.6) ops/second in (30.924708,1384.765219) seconds
2026/08/31-09:57:12  ... thread 11: (135000,4131000) ops and (4442.3,2983.0) ops/second in (30.389842,1384.845622) seconds
2026/08/31-09:57:12  ... thread 1: (134000,4131000) ops and (4383.9,2982.5) ops/second in (30.566709,1385.064503) seconds
2026/08/31-09:57:12  ... thread 8: (139000,4132000) ops and (4436.2,2983.0) ops/second in (31.332932,1385.160831) seconds
2026/08/31-09:57:12  ... thread 12: (135000,4130000) ops and (4380.6,2981.3) ops/second in (30.817877,1385.292918) seconds
2026/08/31-09:57:13  ... thread 5: (135000,4134000) ops and (4335.2,2983.6) ops/second in (31.140762,1385.590849) seconds
2026/08/31-09:57:13  ... thread 6: (135000,4128000) ops and (4337.1,2979.2) ops/second in (31.126898,1385.605777) seconds
2026/08/31-09:57:13  ... thread 2: (139000,4133000) ops and (4350.3,2982.4) ops/second in (31.951813,1385.787858) seconds
2026/08/31-09:57:13  ... thread 14: (135000,4132000) ops and (4294.4,2981.5) ops/second in (31.436441,1385.896018) seconds
2026/08/31-09:57:13  ... thread 4: (135000,4130000) ops and (4254.8,2979.3) ops/second in (31.729165,1386.216643) seconds
2026/08/31-09:57:13  ... thread 0: (135000,4131000) ops and (4254.9,2980.1) ops/second in (31.728005,1386.216764) seconds

** Compaction Stats [default] **
Level    Files   Size     Score Read(GB)  Rn(GB) Rnp1(GB) Write(GB) WPreComp(GB) Wnew(GB) Moved(GB) W-Amp Rd(MB/s) Wr(MB/s) Comp(sec) CompMergeCPU(sec) Comp(cnt) Avg(sec) KeyIn KeyDrop Rblob(GB) Wblob(GB)
-------------------------------------------------------------------------------------------------------------------------------------------------------------------------------------------------------------
  L0     20/18     4.63 GB   1.0     61.6     0.0     61.6     126.4     126.4     64.8       0.0   1.9     20.4     41.8   3093.62            275.60      1301    2.378    128M    66K       0.0       0.0
  L1    185/185   11.36 GB   0.0    279.4    60.2    219.2     274.8     274.8     55.5       0.0   4.6    314.1    308.8    911.05            838.16        37   24.623    284M  4735K       0.0       0.0
  L2    746/0     37.86 GB   0.9     76.6    35.4     41.2      70.3      70.3     29.1       8.8   2.0     18.6     17.0   4224.37            319.76       517    8.171     77M  6428K       0.0       0.0
 Sum    951/203   53.84 GB   0.0    417.6    95.6    322.0     471.5     471.5    149.4       8.8   7.3     52.0     58.7   8229.04           1433.53      1855    4.436    491M    11M       0.0       0.0
 Int      0/0      0.00 KB   0.0      0.0     0.0      0.0       0.0       0.0      0.0       0.0   0.0      0.0      0.0      0.00              0.00         0    0.000       0      0       0.0       0.0

** Compaction Stats [default] **
Priority    Files   Size     Score Read(GB)  Rn(GB) Rnp1(GB) Write(GB) WPreComp(GB) Wnew(GB) Moved(GB) W-Amp Rd(MB/s) Wr(MB/s) Comp(sec) CompMergeCPU(sec) Comp(cnt) Avg(sec) KeyIn KeyDrop Rblob(GB) Wblob(GB)
----------------------------------------------------------------------------------------------------------------------------------------------------------------------------------------------------------------
 Low      0/0      0.00 KB   0.0    417.6    95.6    322.0     406.6     406.6     84.5       0.0   0.0     68.2     66.4   6267.28           1320.79       790    7.933    424M    11M       0.0       0.0
High      0/0      0.00 KB   0.0      0.0     0.0      0.0      64.9      64.9     64.9       0.0   0.0      0.0     33.9   1961.76            112.74      1065    1.842     66M      0       0.0       0.0

Blob file count: 0, total size: 0.0 GB, garbage size: 0.0 GB, space amp: 0.0

Uptime(secs): 1386.2 total, 0.8 interval
Flush(GB): cumulative 64.906, interval 0.000
AddFile(GB): cumulative 0.000, interval 0.000
AddFile(Total Files): cumulative 0, interval 0
AddFile(L0 Files): cumulative 0, interval 0
AddFile(Keys): cumulative 0, interval 0
Cumulative compaction: 471.47 GB write, 348.27 MB/s write, 417.62 GB read, 308.50 MB/s read, 8229.0 seconds
Interval compaction: 0.00 GB write, 0.00 MB/s write, 0.00 GB read, 0.00 MB/s read, 0.0 seconds
Estimated pending compaction bytes: 60507565723
Write Stall (count): cf-l0-file-count-limit-delays-with-ongoing-compaction: 56, cf-l0-file-count-limit-stops-with-ongoing-compaction: 0, l0-file-count-limit-delays: 56, l0-file-count-limit-stops: 0, memtable-limit-delays: 0, memtable-limit-stops: 828, pending-compaction-bytes-delays: 0, pending-compaction-bytes-stops: 0, total-delays: 56, total-stops: 828
interval: 0 total count
Block cache AutoHyperClockCache@0x6043b84412d0#2239720 capacity: 512.00 MB seed: 1 usage: 13.57 MB table_size: 6393 occupancy: 3218 collections: 8 last_copies: 2 last_secs: 0.000795 secs_since: 120
Block cache entry stats(count,size,portion): Misc(3219,13.19 MB,2.57542%)

** File Read Latency Histogram By Level [default] **
** Level 0 read latency histogram (micros):
Count: 31281598 Average: 3.3762  StdDev: 1461.69
Min: 0  Median: 0.8506  Max: 3176910
Percentiles: P50: 0.85 P75: 1.46 P99: 3.00 P99.9: 5.18 P99.99: 5.91
------------------------------------------------------
[       0,       1 ] 18388862  58.785%  58.785% ############
(       1,       2 ] 10958614  35.032%  93.817% #######
(       2,       3 ]  1627878   5.204%  99.021% #
(       3,       4 ]   229513   0.734%  99.755% 
(       4,       6 ]    76944   0.246% 100.001% 
(       6,      10 ]    34413   0.110% 100.111% 
(      10,      15 ]    12996   0.042% 100.152% 
(      15,      22 ]     7992   0.026% 100.178% 
(      22,      34 ]      510   0.002% 100.179% 
(      34,      51 ]       87   0.000% 100.180% 
(      51,      76 ]      395   0.001% 100.181% 
(      76,     110 ]      747   0.002% 100.183% 
(     110,     170 ]       26   0.000% 100.183% 
(     170,     250 ]       13   0.000% 100.183% 
(     250,     380 ]       34   0.000% 100.184% 
(     380,     580 ]       15   0.000% 100.184% 
(     580,     870 ]       44   0.000% 100.184% 
(     870,    1300 ]      111   0.000% 100.184% 
(    1300,    1900 ]       61   0.000% 100.184% 
(    1900,    2900 ]       21   0.000% 100.184% 
(    2900,    4400 ]        7   0.000% 100.184% 
(    4400,    6600 ]        5   0.000% 100.184% 
(    6600,    9900 ]        7   0.000% 100.184% 
(   14000,   22000 ]        8   0.000% 100.184% 
(   22000,   33000 ]       23   0.000% 100.185% 
(   33000,   50000 ]       37   0.000% 100.185% 
(   50000,   75000 ]       56   0.000% 100.185% 
(   75000,  110000 ]       79   0.000% 100.185% 
(  110000,  170000 ]       59   0.000% 100.185% 
(  170000,  250000 ]       25   0.000% 100.185% 
(  250000,  380000 ]        7   0.000% 100.185% 
(  380000,  570000 ]        2   0.000% 100.185% 
(  570000,  860000 ]        3   0.000% 100.185% 
(  860000, 1200000 ]        3   0.000% 100.185% 
( 1200000, 1900000 ]        7   0.000% 100.185% 
( 1900000, 2900000 ]        1   0.000% 100.185% 
( 2900000, 4300000 ]        4   0.000% 100.185% 

** Level 1 read latency histogram (micros):
Count: 66769716 Average: 1.4483  StdDev: 3.73
Min: 0  Median: 0.7755  Max: 12193
Percentiles: P50: 0.78 P75: 1.35 P99: 2.94 P99.9: 3.83 P99.99: 3.96
------------------------------------------------------
[       0,       1 ] 43051373  64.477%  64.477% #############
(       1,       2 ] 19911336  29.821%  94.298% ######
(       2,       3 ]  3339769   5.002%  99.300% #
(       3,       4 ]   479975   0.719% 100.019% 
(       4,       6 ]   190775   0.286% 100.305% 
(       6,      10 ]    94516   0.142% 100.446% 
(      10,      15 ]    28216   0.042% 100.489% 
(      15,      22 ]    18847   0.028% 100.517% 
(      22,      34 ]     1710   0.003% 100.519% 
(      34,      51 ]      542   0.001% 100.520% 
(      51,      76 ]     1308   0.002% 100.522% 
(      76,     110 ]     1645   0.002% 100.525% 
(     110,     170 ]      795   0.001% 100.526% 
(     170,     250 ]      267   0.000% 100.526% 
(     250,     380 ]       46   0.000% 100.526% 
(     380,     580 ]       14   0.000% 100.526% 
(     580,     870 ]       17   0.000% 100.526% 
(     870,    1300 ]        3   0.000% 100.526% 
(    1300,    1900 ]        3   0.000% 100.526% 
(    1900,    2900 ]        7   0.000% 100.526% 
(    2900,    4400 ]       21   0.000% 100.526% 
(    4400,    6600 ]        3   0.000% 100.526% 
(    6600,    9900 ]        1   0.000% 100.526% 
(    9900,   14000 ]        3   0.000% 100.526% 

** Level 2 read latency histogram (micros):
Count: 8152548 Average: 112.3740  StdDev: 4537.89
Min: 0  Median: 1.3144  Max: 4177656
Percentiles: P50: 1.31 P75: 1.88 P99: 787.17 P99.9: 1899.88 P99.99: 2218.38
------------------------------------------------------
[       0,       1 ]  2950716  36.194%  36.194% #######
(       1,       2 ]  3579931  43.912%  80.106% #########
(       2,       3 ]   928463  11.389%  91.494% ##
(       3,       4 ]   223946   2.747%  94.241% #
(       4,       6 ]    69359   0.851%  95.092% 
(       6,      10 ]    14112   0.173%  95.265% 
(      10,      15 ]     7457   0.091%  95.356% 
(      15,      22 ]     4093   0.050%  95.407% 
(      22,      34 ]     2870   0.035%  95.442% 
(      34,      51 ]     8438   0.104%  95.545% 
(      51,      76 ]    16978   0.208%  95.754% 
(      76,     110 ]    10744   0.132%  95.885% 
(     110,     170 ]    46725   0.573%  96.459% 
(     170,     250 ]    54458   0.668%  97.127% 
(     250,     380 ]    62045   0.761%  97.888% 
(     380,     580 ]    56885   0.698%  98.585% 
(     580,     870 ]    47317   0.580%  99.166% 
(     870,    1300 ]    32622   0.400%  99.566% 
(    1300,    1900 ]    27242   0.334%  99.900% 
(    1900,    2900 ]    23028   0.282% 100.183% 
(    2900,    4400 ]    12584   0.154% 100.337% 
(    4400,    6600 ]     6836   0.084% 100.421% 
(    6600,    9900 ]     2099   0.026% 100.446% 
(    9900,   14000 ]      757   0.009% 100.456% 
(   14000,   22000 ]      951   0.012% 100.467% 
(   22000,   33000 ]      863   0.011% 100.478% 
(   33000,   50000 ]     1043   0.013% 100.491% 
(   50000,   75000 ]     1060   0.013% 100.504% 
(   75000,  110000 ]      991   0.012% 100.516% 
(  110000,  170000 ]      925   0.011% 100.527% 
(  170000,  250000 ]      473   0.006% 100.533% 
(  250000,  380000 ]      146   0.002% 100.535% 
(  380000,  570000 ]       22   0.000% 100.535% 
(  570000,  860000 ]       10   0.000% 100.535% 
(  860000, 1200000 ]       18   0.000% 100.536% 
( 1200000, 1900000 ]       13   0.000% 100.536% 
( 2900000, 4300000 ]        3   0.000% 100.536% 


** DB Stats **
Uptime(secs): 1386.2 total, 0.8 interval
Cumulative writes: 66M writes, 66M keys, 8495K commit groups, 7.8 writes per commit group, ingest: 64.37 GB, 47.55 MB/s
Cumulative WAL: 66M writes, 0 syncs, 66106513.00 writes per sync, written: 64.37 GB, 47.55 MB/s
Cumulative stall: 00:19:59.274 H:M:S, 86.5 percent
Interval writes: 6392 writes, 6392 keys, 1297 commit groups, 4.9 writes per commit group, ingest: 6.38 MB, 7.65 MB/s
Interval WAL: 6392 writes, 0 syncs, 6392.00 writes per sync, written: 0.01 GB, 7.65 MB/s
Interval stall: 00:00:0.691 H:M:S, 82.9 percent
Write Stall (count): write-buffer-manager-limit-stops: 0
num-running-compactions: 2
num-running-flushes: 0

2026/08/31-09:57:42  ... thread 9: (25000,4154000) ops and (811.4,2936.2) ops/second in (30.811575,1414.740433) seconds
2026/08/31-09:57:43  ... thread 8: (24000,4156000) ops and (794.6,2936.3) ops/second in (30.203003,1415.363834) seconds
2026/08/31-09:57:43  ... thread 7: (25000,4156000) ops and (810.1,2936.3) ops/second in (30.858487,1415.364303) seconds
2026/08/31-09:57:43  ... thread 10: (25000,4156000) ops and (790.9,2935.8) ops/second in (31.610609,1415.640313) seconds
2026/08/31-09:57:43  ... thread 5: (25000,4159000) ops and (824.3,2937.3) ops/second in (30.328865,1415.919714) seconds
2026/08/31-09:57:43  ... thread 14: (24000,4156000) ops and (790.8,2934.5) ops/second in (30.348601,1416.244619) seconds
2026/08/31-09:57:43  ... thread 2: (25000,4158000) ops and (820.8,2935.9) ops/second in (30.459515,1416.247373) seconds
2026/08/31-09:57:44  ... thread 1: (25000,4156000) ops and (794.7,2933.9) ops/second in (31.458330,1416.522833) seconds
2026/08/31-09:57:44  ... thread 13: (25000,4157000) ops and (782.4,2934.6) ops/second in (31.951982,1416.525951) seconds
2026/08/31-09:57:44  ... thread 11: (25000,4156000) ops and (789.1,2933.9) ops/second in (31.681092,1416.526714) seconds
2026/08/31-09:57:44  ... thread 3: (25000,4155000) ops and (787.0,2933.2) ops/second in (31.765288,1416.527225) seconds
2026/08/31-09:57:44  ... thread 15: (25000,4158000) ops and (786.9,2935.3) ops/second in (31.768386,1416.533605) seconds
2026/08/31-09:57:44  ... thread 12: (25000,4155000) ops and (800.2,2933.2) ops/second in (31.240663,1416.533581) seconds
2026/08/31-09:57:44  ... thread 6: (25000,4153000) ops and (808.0,2931.8) ops/second in (30.940592,1416.546369) seconds
2026/08/31-09:57:44  ... thread 0: (25000,4156000) ops and (824.1,2933.9) ops/second in (30.334477,1416.551241) seconds
2026/08/31-09:57:44  ... thread 4: (25000,4155000) ops and (824.1,2933.2) ops/second in (30.334620,1416.551263) seconds

** Compaction Stats [default] **
Level    Files   Size     Score Read(GB)  Rn(GB) Rnp1(GB) Write(GB) WPreComp(GB) Wnew(GB) Moved(GB) W-Amp Rd(MB/s) Wr(MB/s) Comp(sec) CompMergeCPU(sec) Comp(cnt) Avg(sec) KeyIn KeyDrop Rblob(GB) Wblob(GB)
-------------------------------------------------------------------------------------------------------------------------------------------------------------------------------------------------------------
  L0      3/0    807.93 MB   1.5     62.3     0.0     62.3     127.6     127.6     65.3       0.0   2.0     20.3     41.6   3142.62            278.65      1311    2.397    129M    67K       0.0       0.0
  L1    245/18    15.07 GB   3.5    295.1    64.5    230.6     289.8     289.8     59.2       0.0   4.5    315.3    309.7    958.27            886.33        38   25.218    300M  5290K       0.0       0.0
  L2    746/28    37.86 GB   0.9     76.6    35.4     41.2      70.3      70.3     29.1       8.8   2.0     18.6     17.0   4224.37            319.76       517    8.171     77M  6428K       0.0       0.0
 Sum    994/46    53.72 GB   0.0    434.0    99.8    334.2     487.7     487.7    153.6       8.8   7.5     53.4     60.0   8325.26           1484.75      1866    4.462    508M    11M       0.0       0.0
 Int      0/0      0.00 KB   0.0     16.4     4.3     12.1      16.3      16.3      4.1       0.0  38.4    174.6    173.3     96.22             51.22        11    8.747     17M   555K       0.0       0.0

** Compaction Stats [default] **
Priority    Files   Size     Score Read(GB)  Rn(GB) Rnp1(GB) Write(GB) WPreComp(GB) Wnew(GB) Moved(GB) W-Amp Rd(MB/s) Wr(MB/s) Comp(sec) CompMergeCPU(sec) Comp(cnt) Avg(sec) KeyIn KeyDrop Rblob(GB) Wblob(GB)
----------------------------------------------------------------------------------------------------------------------------------------------------------------------------------------------------------------
 Low      0/0      0.00 KB   0.0    434.0    99.8    334.2     422.4     422.4     88.2       0.0   0.0     70.1     68.2   6340.15           1371.22       794    7.985    441M    11M       0.0       0.0
High      0/0      0.00 KB   0.0      0.0     0.0      0.0      65.3      65.3     65.3       0.0   0.0      0.0     33.7   1985.11            113.53      1072    1.852     66M      0       0.0       0.0

Blob file count: 0, total size: 0.0 GB, garbage size: 0.0 GB, space amp: 0.0

Uptime(secs): 1416.6 total, 31.2 interval
Flush(GB): cumulative 65.330, interval 0.424
AddFile(GB): cumulative 0.000, interval 0.000
AddFile(Total Files): cumulative 0, interval 0
AddFile(L0 Files): cumulative 0, interval 0
AddFile(Keys): cumulative 0, interval 0
Cumulative compaction: 487.75 GB write, 352.58 MB/s write, 434.03 GB read, 313.75 MB/s read, 8325.3 seconds
Interval compaction: 16.28 GB write, 534.99 MB/s write, 16.41 GB read, 539.06 MB/s read, 96.2 seconds
Estimated pending compaction bytes: 60162145799
Write Stall (count): cf-l0-file-count-limit-delays-with-ongoing-compaction: 62, cf-l0-file-count-limit-stops-with-ongoing-compaction: 0, l0-file-count-limit-delays: 62, l0-file-count-limit-stops: 0, memtable-limit-delays: 0, memtable-limit-stops: 832, pending-compaction-bytes-delays: 0, pending-compaction-bytes-stops: 0, total-delays: 62, total-stops: 832
interval: 10 total count
Block cache AutoHyperClockCache@0x6043b84412d0#2239720 capacity: 512.00 MB seed: 1 usage: 13.57 MB table_size: 6393 occupancy: 3218 collections: 8 last_copies: 2 last_secs: 0.000795 secs_since: 151
Block cache entry stats(count,size,portion): Misc(3219,13.19 MB,2.57542%)

** File Read Latency Histogram By Level [default] **
** Level 0 read latency histogram (micros):
Count: 32115511 Average: 3.3709  StdDev: 1450.90
Min: 0  Median: 0.8546  Max: 3176910
Percentiles: P50: 0.85 P75: 1.47 P99: 3.02 P99.9: 5.22 P99.99: 5.93
------------------------------------------------------
[       0,       1 ] 18789152  58.505%  58.505% ############
(       1,       2 ] 11301505  35.190%  93.695% #######
(       2,       3 ]  1699953   5.293%  98.988% #
(       3,       4 ]   242948   0.756%  99.745% 
(       4,       6 ]    81689   0.254%  99.999% 
(       6,      10 ]    35740   0.111% 100.110% 
(      10,      15 ]    13698   0.043% 100.153% 
(      15,      22 ]     8434   0.026% 100.179% 
(      22,      34 ]      532   0.002% 100.181% 
(      34,      51 ]       91   0.000% 100.181% 
(      51,      76 ]      399   0.001% 100.183% 
(      76,     110 ]      752   0.002% 100.185% 
(     110,     170 ]       26   0.000% 100.185% 
(     170,     250 ]       13   0.000% 100.185% 
(     250,     380 ]       36   0.000% 100.185% 
(     380,     580 ]       16   0.000% 100.185% 
(     580,     870 ]       44   0.000% 100.185% 
(     870,    1300 ]      111   0.000% 100.186% 
(    1300,    1900 ]       61   0.000% 100.186% 
(    1900,    2900 ]       21   0.000% 100.186% 
(    2900,    4400 ]        7   0.000% 100.186% 
(    4400,    6600 ]        5   0.000% 100.186% 
(    6600,    9900 ]        7   0.000% 100.186% 
(   14000,   22000 ]        8   0.000% 100.186% 
(   22000,   33000 ]       23   0.000% 100.186% 
(   33000,   50000 ]       37   0.000% 100.186% 
(   50000,   75000 ]       57   0.000% 100.186% 
(   75000,  110000 ]       81   0.000% 100.187% 
(  110000,  170000 ]       60   0.000% 100.187% 
(  170000,  250000 ]       25   0.000% 100.187% 
(  250000,  380000 ]        7   0.000% 100.187% 
(  380000,  570000 ]        2   0.000% 100.187% 
(  570000,  860000 ]        4   0.000% 100.187% 
(  860000, 1200000 ]        3   0.000% 100.187% 
( 1200000, 1900000 ]        7   0.000% 100.187% 
( 1900000, 2900000 ]        1   0.000% 100.187% 
( 2900000, 4300000 ]        4   0.000% 100.187% 

** Level 1 read latency histogram (micros):
Count: 68559615 Average: 1.4474  StdDev: 3.69
Min: 0  Median: 0.7745  Max: 12193
Percentiles: P50: 0.77 P75: 1.35 P99: 2.94 P99.9: 3.84 P99.99: 3.96
------------------------------------------------------
[       0,       1 ] 44260248  64.557%  64.557% #############
(       1,       2 ] 20398395  29.753%  94.310% ######
(       2,       3 ]  3420405   4.989%  99.299% #
(       3,       4 ]   491131   0.716% 100.015% 
(       4,       6 ]   194194   0.283% 100.299% 
(       6,      10 ]    96743   0.141% 100.440% 
(      10,      15 ]    29321   0.043% 100.483% 
(      15,      22 ]    19606   0.029% 100.511% 
(      22,      34 ]     1754   0.003% 100.514% 
(      34,      51 ]      553   0.001% 100.514% 
(      51,      76 ]     1373   0.002% 100.516% 
(      76,     110 ]     1756   0.003% 100.519% 
(     110,     170 ]      846   0.001% 100.520% 
(     170,     250 ]      270   0.000% 100.521% 
(     250,     380 ]       49   0.000% 100.521% 
(     380,     580 ]       15   0.000% 100.521% 
(     580,     870 ]       17   0.000% 100.521% 
(     870,    1300 ]        3   0.000% 100.521% 
(    1300,    1900 ]        3   0.000% 100.521% 
(    1900,    2900 ]        7   0.000% 100.521% 
(    2900,    4400 ]       21   0.000% 100.521% 
(    4400,    6600 ]        3   0.000% 100.521% 
(    6600,    9900 ]        1   0.000% 100.521% 
(    9900,   14000 ]        3   0.000% 100.521% 

** Level 2 read latency histogram (micros):
Count: 8159373 Average: 112.2962  StdDev: 4536.00
Min: 0  Median: 1.3150  Max: 4177656
Percentiles: P50: 1.31 P75: 1.88 P99: 786.24 P99.9: 1897.90 P99.99: 2214.75
------------------------------------------------------
[       0,       1 ]  2951355  36.171%  36.171% #######
(       1,       2 ]  3582514  43.907%  80.078% #########
(       2,       3 ]   930169  11.400%  91.478% ##
(       3,       4 ]   225056   2.758%  94.236% #
(       4,       6 ]    69619   0.853%  95.090% 
(       6,      10 ]    14119   0.173%  95.263% 
(      10,      15 ]     7467   0.092%  95.354% 
(      15,      22 ]     4099   0.050%  95.404% 
(      22,      34 ]     2870   0.035%  95.440% 
(      34,      51 ]     8449   0.104%  95.543% 
(      51,      76 ]    17032   0.209%  95.752% 
(      76,     110 ]    10756   0.132%  95.884% 
(     110,     170 ]    46881   0.575%  96.458% 
(     170,     250 ]    54664   0.670%  97.128% 
(     250,     380 ]    62184   0.762%  97.890% 
(     380,     580 ]    56899   0.697%  98.588% 
(     580,     870 ]    47317   0.580%  99.168% 
(     870,    1300 ]    32622   0.400%  99.567% 
(    1300,    1900 ]    27242   0.334%  99.901% 
(    1900,    2900 ]    23028   0.282% 100.183% 
(    2900,    4400 ]    12584   0.154% 100.338% 
(    4400,    6600 ]     6836   0.084% 100.421% 
(    6600,    9900 ]     2099   0.026% 100.447% 
(    9900,   14000 ]      757   0.009% 100.456% 
(   14000,   22000 ]      951   0.012% 100.468% 
(   22000,   33000 ]      863   0.011% 100.479% 
(   33000,   50000 ]     1043   0.013% 100.491% 
(   50000,   75000 ]     1060   0.013% 100.504% 
(   75000,  110000 ]      991   0.012% 100.517% 
(  110000,  170000 ]      925   0.011% 100.528% 
(  170000,  250000 ]      473   0.006% 100.534% 
(  250000,  380000 ]      146   0.002% 100.536% 
(  380000,  570000 ]       22   0.000% 100.536% 
(  570000,  860000 ]       10   0.000% 100.536% 
(  860000, 1200000 ]       18   0.000% 100.536% 
( 1200000, 1900000 ]       13   0.000% 100.536% 
( 2900000, 4300000 ]        3   0.000% 100.536% 


** DB Stats **
Uptime(secs): 1416.6 total, 30.3 interval
Cumulative writes: 66M writes, 66M keys, 8554K commit groups, 7.8 writes per commit group, ingest: 64.76 GB, 46.81 MB/s
Cumulative WAL: 66M writes, 0 syncs, 66507358.00 writes per sync, written: 64.76 GB, 46.81 MB/s
Cumulative stall: 00:20:24.391 H:M:S, 86.4 percent
Interval writes: 400K writes, 400K keys, 59K commit groups, 6.8 writes per commit group, ingest: 399.78 MB, 13.18 MB/s
Interval WAL: 400K writes, 0 syncs, 400845.00 writes per sync, written: 0.39 GB, 13.18 MB/s
Interval stall: 00:00:25.117 H:M:S, 82.8 percent
Write Stall (count): write-buffer-manager-limit-stops: 0
num-running-compactions: 18
num-running-flushes: 0

2026/08/31-09:58:16  ... thread 10: (104000,4260000) ops and (3152.2,2940.7) ops/second in (32.993073,1448.633386) seconds
2026/08/31-09:58:16  ... thread 6: (103000,4256000) ops and (3210.0,2937.9) ops/second in (32.087640,1448.634009) seconds
2026/08/31-09:58:16  ... thread 0: (103000,4259000) ops and (3206.3,2939.9) ops/second in (32.123800,1448.675041) seconds

** Compaction Stats [default] **
Level    Files   Size     Score Read(GB)  Rn(GB) Rnp1(GB) Write(GB) WPreComp(GB) Wnew(GB) Moved(GB) W-Amp Rd(MB/s) Wr(MB/s) Comp(sec) CompMergeCPU(sec) Comp(cnt) Avg(sec) KeyIn KeyDrop Rblob(GB) Wblob(GB)
-------------------------------------------------------------------------------------------------------------------------------------------------------------------------------------------------------------
  L0     14/4      2.37 GB   5.0     63.6     0.0     63.6     130.4     130.4     66.8       0.0   1.9     20.3     41.6   3212.78            285.28      1342    2.394    132M    68K       0.0       0.0
  L1    198/6     12.41 GB   3.0    295.1    64.5    230.6     289.8     289.8     59.2       0.0   4.5    315.3    309.7    958.27            886.33        38   25.218    300M  5290K       0.0       0.0
  L2    786/12    39.72 GB   1.0     82.7    38.0     44.6      75.5      75.5     30.9       8.8   2.0     18.4     16.8   4594.55            352.46       563    8.161     84M  7238K       0.0       0.0
 Sum    998/22    54.51 GB   0.0    441.3   102.5    338.8     495.8     495.8    157.0       8.8   7.4     51.6     57.9   8765.61           1524.07      1943    4.511    517M    12M       0.0       0.0
 Int      0/0      0.00 KB   0.0      0.3     0.1      0.2       0.3       0.3      0.2       0.0   5.6     20.0     21.2     16.39              1.75         4    4.097    387K    43K       0.0       0.0

** Compaction Stats [default] **
Priority    Files   Size     Score Read(GB)  Rn(GB) Rnp1(GB) Write(GB) WPreComp(GB) Wnew(GB) Moved(GB) W-Amp Rd(MB/s) Wr(MB/s) Comp(sec) CompMergeCPU(sec) Comp(cnt) Avg(sec) KeyIn KeyDrop Rblob(GB) Wblob(GB)
----------------------------------------------------------------------------------------------------------------------------------------------------------------------------------------------------------------
 Low      0/0      0.00 KB   0.0    441.3   102.5    338.8     428.9     428.9     90.1       0.0   0.0     67.2     65.3   6729.03           1407.57       845    7.963    449M    12M       0.0       0.0
High      0/0      0.00 KB   0.0      0.0     0.0      0.0      66.9      66.9     66.9       0.0   0.0      0.0     33.6   2036.58            116.50      1098    1.855     68M      0       0.0       0.0

Blob file count: 0, total size: 0.0 GB, garbage size: 0.0 GB, space amp: 0.0

Uptime(secs): 1448.7 total, 3.3 interval
Flush(GB): cumulative 66.913, interval 0.061
AddFile(GB): cumulative 0.000, interval 0.000
AddFile(Total Files): cumulative 0, interval 0
AddFile(L0 Files): cumulative 0, interval 0
AddFile(Keys): cumulative 0, interval 0
Cumulative compaction: 495.79 GB write, 350.45 MB/s write, 441.28 GB read, 311.92 MB/s read, 8765.6 seconds
Interval compaction: 0.34 GB write, 105.50 MB/s write, 0.32 GB read, 99.71 MB/s read, 16.4 seconds
Estimated pending compaction bytes: 58565694629
Write Stall (count): cf-l0-file-count-limit-delays-with-ongoing-compaction: 62, cf-l0-file-count-limit-stops-with-ongoing-compaction: 0, l0-file-count-limit-delays: 62, l0-file-count-limit-stops: 0, memtable-limit-delays: 0, memtable-limit-stops: 861, pending-compaction-bytes-delays: 0, pending-compaction-bytes-stops: 0, total-delays: 62, total-stops: 861
interval: 1 total count
Block cache AutoHyperClockCache@0x6043b84412d0#2239720 capacity: 512.00 MB seed: 1 usage: 14.58 MB table_size: 6875 occupancy: 3457 collections: 9 last_copies: 0 last_secs: 0.000541 secs_since: 3
Block cache entry stats(count,size,portion): Misc(3457,14.16 MB,2.76578%)

** File Read Latency Histogram By Level [default] **
** Level 0 read latency histogram (micros):
Count: 32487138 Average: 3.3703  StdDev: 1443.34
Min: 0  Median: 0.8545  Max: 3176910
Percentiles: P50: 0.85 P75: 1.47 P99: 3.02 P99.9: 5.24 P99.99: 5.94
------------------------------------------------------
[       0,       1 ] 19009313  58.513%  58.513% ############
(       1,       2 ] 11435879  35.201%  93.715% #######
(       2,       3 ]  1713299   5.274%  98.988% #
(       3,       4 ]   245214   0.755%  99.743% 
(       4,       6 ]    82475   0.254%  99.997% 
(       6,      10 ]    36133   0.111% 100.108% 
(      10,      15 ]    13852   0.043% 100.151% 
(      15,      22 ]     8534   0.026% 100.177% 
(      22,      34 ]      535   0.002% 100.179% 
(      34,      51 ]       92   0.000% 100.179% 
(      51,      76 ]      404   0.001% 100.180% 
(      76,     110 ]      771   0.002% 100.183% 
(     110,     170 ]       27   0.000% 100.183% 
(     170,     250 ]       16   0.000% 100.183% 
(     250,     380 ]       41   0.000% 100.183% 
(     380,     580 ]       17   0.000% 100.183% 
(     580,     870 ]       45   0.000% 100.183% 
(     870,    1300 ]      111   0.000% 100.184% 
(    1300,    1900 ]       61   0.000% 100.184% 
(    1900,    2900 ]       21   0.000% 100.184% 
(    2900,    4400 ]        7   0.000% 100.184% 
(    4400,    6600 ]        5   0.000% 100.184% 
(    6600,    9900 ]        7   0.000% 100.184% 
(    9900,   14000 ]        1   0.000% 100.184% 
(   14000,   22000 ]        8   0.000% 100.184% 
(   22000,   33000 ]       24   0.000% 100.184% 
(   33000,   50000 ]       37   0.000% 100.184% 
(   50000,   75000 ]       57   0.000% 100.184% 
(   75000,  110000 ]       85   0.000% 100.184% 
(  110000,  170000 ]       62   0.000% 100.185% 
(  170000,  250000 ]       25   0.000% 100.185% 
(  250000,  380000 ]        7   0.000% 100.185% 
(  380000,  570000 ]        2   0.000% 100.185% 
(  570000,  860000 ]        4   0.000% 100.185% 
(  860000, 1200000 ]        3   0.000% 100.185% 
( 1200000, 1900000 ]        7   0.000% 100.185% 
( 1900000, 2900000 ]        1   0.000% 100.185% 
( 2900000, 4300000 ]        4   0.000% 100.185% 

** Level 1 read latency histogram (micros):
Count: 69325078 Average: 1.4575  StdDev: 3.67
Min: 0  Median: 0.7809  Max: 12193
Percentiles: P50: 0.78 P75: 1.37 P99: 2.96 P99.9: 3.89 P99.99: 4.05
------------------------------------------------------
[       0,       1 ] 44386287  64.026%  64.026% #############
(       1,       2 ] 20772610  29.964%  93.990% ######
(       2,       3 ]  3621136   5.223%  99.214% #
(       3,       4 ]   533037   0.769%  99.983% 
(       4,       6 ]   212486   0.307% 100.289% 
(       6,      10 ]   101741   0.147% 100.436% 
(      10,      15 ]    30549   0.044% 100.480% 
(      15,      22 ]    20497   0.030% 100.510% 
(      22,      34 ]     1854   0.003% 100.512% 
(      34,      51 ]      566   0.001% 100.513% 
(      51,      76 ]     1374   0.002% 100.515% 
(      76,     110 ]     1760   0.003% 100.518% 
(     110,     170 ]      846   0.001% 100.519% 
(     170,     250 ]      270   0.000% 100.519% 
(     250,     380 ]       49   0.000% 100.519% 
(     380,     580 ]       15   0.000% 100.519% 
(     580,     870 ]       17   0.000% 100.519% 
(     870,    1300 ]        3   0.000% 100.519% 
(    1300,    1900 ]        3   0.000% 100.519% 
(    1900,    2900 ]        7   0.000% 100.519% 
(    2900,    4400 ]       21   0.000% 100.519% 
(    4400,    6600 ]        3   0.000% 100.519% 
(    6600,    9900 ]        1   0.000% 100.519% 
(    9900,   14000 ]        3   0.000% 100.519% 

** Level 2 read latency histogram (micros):
Count: 9139314 Average: 115.7708  StdDev: 4468.09
Min: 0  Median: 1.3428  Max: 4177656
Percentiles: P50: 1.34 P75: 1.91 P99: 820.99 P99.9: 1960.63 P99.99: 2265.55
------------------------------------------------------
[       0,       1 ]  3185895  34.859%  34.859% #######
(       1,       2 ]  4036327  44.164%  79.024% #########
(       2,       3 ]  1085879  11.881%  90.905% ##
(       3,       4 ]   265190   2.902%  93.807% #
(       4,       6 ]    81357   0.890%  94.697% 
(       6,      10 ]    15956   0.175%  94.871% 
(      10,      15 ]     8686   0.095%  94.967% 
(      15,      22 ]     4758   0.052%  95.019% 
(      22,      34 ]     3283   0.036%  95.055% 
(      34,      51 ]     9926   0.109%  95.163% 
(      51,      76 ]    20458   0.224%  95.387% 
(      76,     110 ]    13074   0.143%  95.530% 
(     110,     170 ]    57666   0.631%  96.161% 
(     170,     250 ]    67495   0.739%  96.900% 
(     250,     380 ]    76933   0.842%  97.741% 
(     380,     580 ]    68466   0.749%  98.490% 
(     580,     870 ]    56044   0.613%  99.104% 
(     870,    1300 ]    38998   0.427%  99.530% 
(    1300,    1900 ]    32149   0.352%  99.882% 
(    1900,    2900 ]    26976   0.295% 100.177% 
(    2900,    4400 ]    14778   0.162% 100.339% 
(    4400,    6600 ]     8003   0.088% 100.427% 
(    6600,    9900 ]     2462   0.027% 100.453% 
(    9900,   14000 ]      868   0.009% 100.463% 
(   14000,   22000 ]     1121   0.012% 100.475% 
(   22000,   33000 ]     1025   0.011% 100.486% 
(   33000,   50000 ]     1154   0.013% 100.499% 
(   50000,   75000 ]     1208   0.013% 100.512% 
(   75000,  110000 ]     1138   0.012% 100.525% 
(  110000,  170000 ]     1037   0.011% 100.536% 
(  170000,  250000 ]      558   0.006% 100.542% 
(  250000,  380000 ]      165   0.002% 100.544% 
(  380000,  570000 ]       25   0.000% 100.544% 
(  570000,  860000 ]       10   0.000% 100.544% 
(  860000, 1200000 ]       22   0.000% 100.545% 
( 1200000, 1900000 ]       13   0.000% 100.545% 
( 2900000, 4300000 ]        3   0.000% 100.545% 


** DB Stats **
Uptime(secs): 1448.7 total, 3.3 interval
Cumulative writes: 68M writes, 68M keys, 8764K commit groups, 7.8 writes per commit group, ingest: 66.37 GB, 46.91 MB/s
Cumulative WAL: 68M writes, 0 syncs, 68154961.00 writes per sync, written: 66.37 GB, 46.91 MB/s
Cumulative stall: 00:20:52.499 H:M:S, 86.5 percent
Interval writes: 2524 writes, 2524 keys, 332 commit groups, 7.6 writes per commit group, ingest: 2.52 MB, 0.77 MB/s
Interval WAL: 2513 writes, 0 syncs, 2513.00 writes per sync, written: 0.00 GB, 0.76 MB/s
Interval stall: 00:00:4.244 H:M:S, 129.1 percent
Write Stall (count): write-buffer-manager-limit-stops: 0
num-running-compactions: 7
num-running-flushes: 1

2026/08/31-09:58:16  ... thread 4: (103000,4258000) ops and (3206.1,2939.2) ops/second in (32.125987,1448.677250) seconds
2026/08/31-09:58:16  ... thread 5: (104000,4263000) ops and (3174.7,2942.7) ops/second in (32.759426,1448.679140) seconds
2026/08/31-09:58:16  ... thread 1: (104000,4260000) ops and (3233.5,2940.6) ops/second in (32.162804,1448.685637) seconds
2026/08/31-09:58:16  ... thread 2: (104000,4262000) ops and (3206.0,2942.0) ops/second in (32.439628,1448.687001) seconds
2026/08/31-09:58:16  ... thread 12: (104000,4259000) ops and (3234.4,2939.9) ops/second in (32.154287,1448.687868) seconds
2026/08/31-09:58:16  ... thread 11: (104000,4260000) ops and (3233.4,2940.6) ops/second in (32.164163,1448.690877) seconds
2026/08/31-09:58:16  ... thread 3: (104000,4259000) ops and (3233.4,2939.9) ops/second in (32.164186,1448.691411) seconds
2026/08/31-09:58:16  ... thread 14: (104000,4260000) ops and (3203.6,2940.6) ops/second in (32.463549,1448.708168) seconds
2026/08/31-09:58:16  ... thread 9: (105000,4259000) ops and (3090.9,2939.9) ops/second in (33.970299,1448.710732) seconds
2026/08/31-09:58:16  ... thread 15: (104000,4262000) ops and (3232.0,2941.9) ops/second in (32.177899,1448.711504) seconds
2026/08/31-09:58:16  ... thread 13: (104000,4261000) ops and (3230.9,2941.2) ops/second in (32.188757,1448.714708) seconds
2026/08/31-09:58:16  ... thread 7: (105000,4261000) ops and (3148.3,2941.2) ops/second in (33.351458,1448.715761) seconds
2026/08/31-09:58:16  ... thread 8: (105000,4261000) ops and (3148.0,2941.2) ops/second in (33.354753,1448.718587) seconds
2026/08/31-09:58:46  ... thread 11: (18000,4278000) ops and (587.3,2891.8) ops/second in (30.648408,1479.339285) seconds
2026/08/31-09:58:47  ... thread 0: (18000,4277000) ops and (579.9,2890.4) ops/second in (31.037300,1479.712341) seconds

** Compaction Stats [default] **
Level    Files   Size     Score Read(GB)  Rn(GB) Rnp1(GB) Write(GB) WPreComp(GB) Wnew(GB) Moved(GB) W-Amp Rd(MB/s) Wr(MB/s) Comp(sec) CompMergeCPU(sec) Comp(cnt) Avg(sec) KeyIn KeyDrop Rblob(GB) Wblob(GB)
-------------------------------------------------------------------------------------------------------------------------------------------------------------------------------------------------------------
  L0     13/11     2.67 GB   1.0     64.1     0.0     64.1     131.2     131.2     67.1       0.0   2.0     20.3     41.5   3235.92            287.07      1349    2.399    133M    69K       0.0       0.0
  L1    192/192   11.98 GB   0.0    295.1    64.5    230.6     289.8     289.8     59.2       0.0   4.5    315.3    309.7    958.27            886.33        38   25.218    300M  5290K       0.0       0.0
  L2    788/0     39.79 GB   1.0     83.7    38.5     45.2      76.4      76.4     31.2       8.8   2.0     18.3     16.7   4675.50            357.97       569    8.217     85M  7375K       0.0       0.0
  L3      4/0    231.12 MB   0.0      0.0     0.0      0.0       0.0       0.0      0.0       0.2   0.0      0.0      0.0      0.00              0.00         0    0.000       0      0       0.0       0.0
 Sum    997/203   54.67 GB   0.0    442.8   102.9    339.9     497.5     497.5    157.6       9.0   7.4     51.1     57.4   8869.69           1531.38      1956    4.535    518M    12M       0.0       0.0
 Int      0/0      0.00 KB   0.0      1.8     0.6      1.3       2.0       2.0      0.8       0.2   5.5     15.5     17.1    120.48              9.06        17    7.087   2232K   181K       0.0       0.0

** Compaction Stats [default] **
Priority    Files   Size     Score Read(GB)  Rn(GB) Rnp1(GB) Write(GB) WPreComp(GB) Wnew(GB) Moved(GB) W-Amp Rd(MB/s) Wr(MB/s) Comp(sec) CompMergeCPU(sec) Comp(cnt) Avg(sec) KeyIn KeyDrop Rblob(GB) Wblob(GB)
----------------------------------------------------------------------------------------------------------------------------------------------------------------------------------------------------------------
 Low      0/0      0.00 KB   0.0    442.8   102.9    339.9     430.2     430.2     90.4       0.0   0.0     66.5     64.6   6816.41           1414.36       853    7.991    450M    12M       0.0       0.0
High      0/0      0.00 KB   0.0      0.0     0.0      0.0      67.2      67.2     67.2       0.0   0.0      0.0     33.5   2053.28            117.02      1103    1.862     68M      0       0.0       0.0

Blob file count: 0, total size: 0.0 GB, garbage size: 0.0 GB, space amp: 0.0

Uptime(secs): 1479.7 total, 34.3 interval
Flush(GB): cumulative 67.217, interval 0.365
AddFile(GB): cumulative 0.000, interval 0.000
AddFile(Total Files): cumulative 0, interval 0
AddFile(L0 Files): cumulative 0, interval 0
AddFile(Keys): cumulative 0, interval 0
Cumulative compaction: 497.47 GB write, 344.26 MB/s write, 442.79 GB read, 306.42 MB/s read, 8869.7 seconds
Interval compaction: 2.02 GB write, 60.13 MB/s write, 1.83 GB read, 54.55 MB/s read, 120.5 seconds
Estimated pending compaction bytes: 69514951820
Write Stall (count): cf-l0-file-count-limit-delays-with-ongoing-compaction: 62, cf-l0-file-count-limit-stops-with-ongoing-compaction: 0, l0-file-count-limit-delays: 62, l0-file-count-limit-stops: 0, memtable-limit-delays: 0, memtable-limit-stops: 863, pending-compaction-bytes-delays: 7, pending-compaction-bytes-stops: 0, total-delays: 69, total-stops: 863
interval: 10 total count
Block cache AutoHyperClockCache@0x6043b84412d0#2239720 capacity: 512.00 MB seed: 1 usage: 14.58 MB table_size: 6875 occupancy: 3457 collections: 9 last_copies: 0 last_secs: 0.000541 secs_since: 34
Block cache entry stats(count,size,portion): Misc(3457,14.16 MB,2.76578%)

** File Read Latency Histogram By Level [default] **
** Level 0 read latency histogram (micros):
Count: 33068388 Average: 3.3404  StdDev: 1430.60
Min: 0  Median: 0.8573  Max: 3176910
Percentiles: P50: 0.86 P75: 1.47 P99: 3.04 P99.9: 5.27 P99.99: 5.97
------------------------------------------------------
[       0,       1 ] 19285737  58.321%  58.321% ############
(       1,       2 ] 11688542  35.347%  93.667% #######
(       2,       3 ]  1753852   5.304%  98.971% #
(       3,       4 ]   253538   0.767%  99.738% 
(       4,       6 ]    84642   0.256%  99.994% 
(       6,      10 ]    37015   0.112% 100.106% 
(      10,      15 ]    14462   0.044% 100.149% 
(      15,      22 ]     8903   0.027% 100.176% 
(      22,      34 ]      551   0.002% 100.178% 
(      34,      51 ]       94   0.000% 100.178% 
(      51,      76 ]      408   0.001% 100.179% 
(      76,     110 ]      773   0.002% 100.182% 
(     110,     170 ]       28   0.000% 100.182% 
(     170,     250 ]       16   0.000% 100.182% 
(     250,     380 ]       43   0.000% 100.182% 
(     380,     580 ]       17   0.000% 100.182% 
(     580,     870 ]       45   0.000% 100.182% 
(     870,    1300 ]      111   0.000% 100.183% 
(    1300,    1900 ]       61   0.000% 100.183% 
(    1900,    2900 ]       21   0.000% 100.183% 
(    2900,    4400 ]        7   0.000% 100.183% 
(    4400,    6600 ]        5   0.000% 100.183% 
(    6600,    9900 ]        7   0.000% 100.183% 
(    9900,   14000 ]        1   0.000% 100.183% 
(   14000,   22000 ]        8   0.000% 100.183% 
(   22000,   33000 ]       24   0.000% 100.183% 
(   33000,   50000 ]       37   0.000% 100.183% 
(   50000,   75000 ]       57   0.000% 100.183% 
(   75000,  110000 ]       85   0.000% 100.184% 
(  110000,  170000 ]       62   0.000% 100.184% 
(  170000,  250000 ]       25   0.000% 100.184% 
(  250000,  380000 ]        7   0.000% 100.184% 
(  380000,  570000 ]        2   0.000% 100.184% 
(  570000,  860000 ]        4   0.000% 100.184% 
(  860000, 1200000 ]        3   0.000% 100.184% 
( 1200000, 1900000 ]        7   0.000% 100.184% 
( 1900000, 2900000 ]        1   0.000% 100.184% 
( 2900000, 4300000 ]        4   0.000% 100.184% 

** Level 1 read latency histogram (micros):
Count: 71679632 Average: 1.4535  StdDev: 3.61
Min: 0  Median: 0.7776  Max: 12193
Percentiles: P50: 0.78 P75: 1.36 P99: 2.96 P99.9: 3.88 P99.99: 4.02
------------------------------------------------------
[       0,       1 ] 46091708  64.302%  64.302% #############
(       1,       2 ] 21335269  29.765%  94.067% ######
(       2,       3 ]  3702215   5.165%  99.232% #
(       3,       4 ]   541596   0.756%  99.988% 
(       4,       6 ]   215139   0.300% 100.288% 
(       6,      10 ]   104132   0.145% 100.433% 
(      10,      15 ]    32159   0.045% 100.478% 
(      15,      22 ]    21618   0.030% 100.508% 
(      22,      34 ]     1889   0.003% 100.511% 
(      34,      51 ]      569   0.001% 100.512% 
(      51,      76 ]     1374   0.002% 100.513% 
(      76,     110 ]     1767   0.002% 100.516% 
(     110,     170 ]      847   0.001% 100.517% 
(     170,     250 ]      270   0.000% 100.517% 
(     250,     380 ]       49   0.000% 100.518% 
(     380,     580 ]       15   0.000% 100.518% 
(     580,     870 ]       17   0.000% 100.518% 
(     870,    1300 ]        3   0.000% 100.518% 
(    1300,    1900 ]        3   0.000% 100.518% 
(    1900,    2900 ]        7   0.000% 100.518% 
(    2900,    4400 ]       21   0.000% 100.518% 
(    4400,    6600 ]        3   0.000% 100.518% 
(    6600,    9900 ]        1   0.000% 100.518% 
(    9900,   14000 ]        3   0.000% 100.518% 

** Level 2 read latency histogram (micros):
Count: 9150781 Average: 115.6560  StdDev: 4465.30
Min: 0  Median: 1.3431  Max: 4177656
Percentiles: P50: 1.34 P75: 1.91 P99: 820.45 P99.9: 1959.93 P99.99: 2265.11
------------------------------------------------------
[       0,       1 ]  3188814  34.847%  34.847% #######
(       1,       2 ]  4041561  44.166%  79.014% #########
(       2,       3 ]  1087706  11.886%  90.900% ##
(       3,       4 ]   265605   2.903%  93.803% #
(       4,       6 ]    81393   0.889%  94.692% 
(       6,      10 ]    15985   0.175%  94.867% 
(      10,      15 ]     8697   0.095%  94.962% 
(      15,      22 ]     4767   0.052%  95.014% 
(      22,      34 ]     3334   0.036%  95.050% 
(      34,      51 ]     9987   0.109%  95.160% 
(      51,      76 ]    20600   0.225%  95.385% 
(      76,     110 ]    13128   0.143%  95.528% 
(     110,     170 ]    57817   0.632%  96.160% 
(     170,     250 ]    67640   0.739%  96.899% 
(     250,     380 ]    77173   0.843%  97.743% 
(     380,     580 ]    68571   0.749%  98.492% 
(     580,     870 ]    56076   0.613%  99.105% 
(     870,    1300 ]    39005   0.426%  99.531% 
(    1300,    1900 ]    32154   0.351%  99.882% 
(    1900,    2900 ]    26986   0.295% 100.177% 
(    2900,    4400 ]    14778   0.161% 100.339% 
(    4400,    6600 ]     8004   0.087% 100.426% 
(    6600,    9900 ]     2462   0.027% 100.453% 
(    9900,   14000 ]      868   0.009% 100.463% 
(   14000,   22000 ]     1121   0.012% 100.475% 
(   22000,   33000 ]     1025   0.011% 100.486% 
(   33000,   50000 ]     1154   0.013% 100.499% 
(   50000,   75000 ]     1208   0.013% 100.512% 
(   75000,  110000 ]     1138   0.012% 100.524% 
(  110000,  170000 ]     1037   0.011% 100.536% 
(  170000,  250000 ]      558   0.006% 100.542% 
(  250000,  380000 ]      165   0.002% 100.544% 
(  380000,  570000 ]       25   0.000% 100.544% 
(  570000,  860000 ]       10   0.000% 100.544% 
(  860000, 1200000 ]       22   0.000% 100.544% 
( 1200000, 1900000 ]       13   0.000% 100.544% 
( 2900000, 4300000 ]        3   0.000% 100.544% 


** DB Stats **
Uptime(secs): 1479.7 total, 31.0 interval
Cumulative writes: 68M writes, 68M keys, 8816K commit groups, 7.8 writes per commit group, ingest: 66.66 GB, 46.13 MB/s
Cumulative WAL: 68M writes, 0 syncs, 68452716.00 writes per sync, written: 66.66 GB, 46.13 MB/s
Cumulative stall: 00:21:14.942 H:M:S, 86.2 percent
Interval writes: 297K writes, 297K keys, 51K commit groups, 5.7 writes per commit group, ingest: 297.04 MB, 9.57 MB/s
Interval WAL: 297K writes, 0 syncs, 297755.00 writes per sync, written: 0.29 GB, 9.57 MB/s
Interval stall: 00:00:22.443 H:M:S, 72.3 percent
Write Stall (count): write-buffer-manager-limit-stops: 0
num-running-compactions: 1
num-running-flushes: 0

2026/08/31-09:58:47  ... thread 9: (18000,4277000) ops and (576.1,2890.0) ops/second in (31.244848,1479.955580) seconds
2026/08/31-09:58:47  ... thread 8: (18000,4279000) ops and (576.1,2891.3) ops/second in (31.247194,1479.965781) seconds
2026/08/31-09:58:47  ... thread 2: (18000,4280000) ops and (572.0,2891.6) ops/second in (31.467267,1480.154268) seconds
2026/08/31-09:58:48  ... thread 13: (18000,4279000) ops and (565.5,2890.2) ops/second in (31.830453,1480.545161) seconds
2026/08/31-09:58:48  ... thread 5: (19000,4282000) ops and (593.2,2891.9) ops/second in (32.031230,1480.710370) seconds
2026/08/31-09:58:48  ... thread 12: (18000,4277000) ops and (560.7,2888.3) ops/second in (32.101246,1480.789114) seconds
2026/08/31-09:58:48  ... thread 7: (18000,4279000) ops and (555.2,2889.0) ops/second in (32.422375,1481.138136) seconds
2026/08/31-09:58:48  ... thread 15: (18000,4280000) ops and (552.4,2889.4) ops/second in (32.582382,1481.293886) seconds
2026/08/31-09:58:48  ... thread 4: (20000,4278000) ops and (612.5,2887.9) ops/second in (32.653154,1481.330404) seconds
2026/08/31-09:58:49  ... thread 14: (19000,4279000) ops and (579.4,2888.3) ops/second in (32.792262,1481.500430) seconds
2026/08/31-09:58:49  ... thread 6: (19000,4275000) ops and (570.8,2884.8) ops/second in (33.287839,1481.921848) seconds
2026/08/31-09:58:51  ... thread 1: (19000,4279000) ops and (534.1,2882.9) ops/second in (35.571996,1484.257633) seconds
2026/08/31-09:58:52  ... thread 10: (19000,4279000) ops and (530.8,2882.6) ops/second in (35.796179,1484.429565) seconds
2026/08/31-09:58:52  ... thread 3: (20000,4279000) ops and (559.6,2882.6) ops/second in (35.739019,1484.430430) seconds
2026/08/31-09:59:21  ... thread 0: (62000,4339000) ops and (1797.8,2865.5) ops/second in (34.487249,1514.199590) seconds

** Compaction Stats [default] **
Level    Files   Size     Score Read(GB)  Rn(GB) Rnp1(GB) Write(GB) WPreComp(GB) Wnew(GB) Moved(GB) W-Amp Rd(MB/s) Wr(MB/s) Comp(sec) CompMergeCPU(sec) Comp(cnt) Avg(sec) KeyIn KeyDrop Rblob(GB) Wblob(GB)
-------------------------------------------------------------------------------------------------------------------------------------------------------------------------------------------------------------
  L0      9/5      1.15 GB   2.0     65.1     0.0     65.1     133.3     133.3     68.2       0.0   2.0     20.2     41.4   3293.65            291.91      1369    2.406    135M    70K       0.0       0.0
  L1    193/17    12.11 GB   2.8    309.6    67.0    242.6     304.0     304.0     61.5       0.0   4.5    317.0    311.3   1000.19            928.94        39   25.646    315M  5623K       0.0       0.0
  L2    816/25    41.29 GB   1.0     88.1    40.4     47.7      80.3      80.3     32.6       8.9   2.0     18.3     16.7   4932.89            382.85       601    8.208     89M  7985K       0.0       0.0
  L3      4/0    231.12 MB   0.0      0.0     0.0      0.0       0.0       0.0      0.0       0.2   0.0      0.0      0.0      0.00              0.00         0    0.000       0      0       0.0       0.0
 Sum   1022/47    54.78 GB   0.0    462.8   107.5    355.3     517.6     517.6    162.2       9.2   7.6     51.4     57.4   9226.73           1603.70      2009    4.593    540M    13M       0.0       0.0
 Int      0/0      0.00 KB   0.0      2.3     0.7      1.6       2.5       2.5      0.8       0.0   6.8     18.5     19.5    130.24             12.23        21    6.202   2761K   238K       0.0       0.0

** Compaction Stats [default] **
Priority    Files   Size     Score Read(GB)  Rn(GB) Rnp1(GB) Write(GB) WPreComp(GB) Wnew(GB) Moved(GB) W-Amp Rd(MB/s) Wr(MB/s) Comp(sec) CompMergeCPU(sec) Comp(cnt) Avg(sec) KeyIn KeyDrop Rblob(GB) Wblob(GB)
----------------------------------------------------------------------------------------------------------------------------------------------------------------------------------------------------------------
 Low      0/0      0.00 KB   0.0    462.8   107.5    355.3     449.3     449.3     94.0       0.0   0.0     66.4     64.5   7134.05           1484.81       889    8.025    470M    13M       0.0       0.0
High      0/0      0.00 KB   0.0      0.0     0.0      0.0      68.3      68.3     68.3       0.0   0.0      0.0     33.4   2092.68            118.90      1120    1.868     69M      0       0.0       0.0

Blob file count: 0, total size: 0.0 GB, garbage size: 0.0 GB, space amp: 0.0

Uptime(secs): 1514.2 total, 8.8 interval
Flush(GB): cumulative 68.252, interval 0.366
AddFile(GB): cumulative 0.000, interval 0.000
AddFile(Total Files): cumulative 0, interval 0
AddFile(L0 Files): cumulative 0, interval 0
AddFile(Keys): cumulative 0, interval 0
Cumulative compaction: 517.57 GB write, 350.01 MB/s write, 462.79 GB read, 312.97 MB/s read, 9226.7 seconds
Interval compaction: 2.48 GB write, 288.47 MB/s write, 2.35 GB read, 273.15 MB/s read, 130.2 seconds
Estimated pending compaction bytes: 66529998243
Write Stall (count): cf-l0-file-count-limit-delays-with-ongoing-compaction: 62, cf-l0-file-count-limit-stops-with-ongoing-compaction: 0, l0-file-count-limit-delays: 62, l0-file-count-limit-stops: 0, memtable-limit-delays: 0, memtable-limit-stops: 879, pending-compaction-bytes-delays: 12, pending-compaction-bytes-stops: 0, total-delays: 74, total-stops: 879
interval: 6 total count
Block cache AutoHyperClockCache@0x6043b84412d0#2239720 capacity: 512.00 MB seed: 1 usage: 14.58 MB table_size: 6875 occupancy: 3457 collections: 9 last_copies: 1 last_secs: 0.000541 secs_since: 68
Block cache entry stats(count,size,portion): Misc(3457,14.16 MB,2.76578%)

** File Read Latency Histogram By Level [default] **
** Level 0 read latency histogram (micros):
Count: 33459677 Average: 3.3389  StdDev: 1422.78
Min: 0  Median: 0.8578  Max: 3176910
Percentiles: P50: 0.86 P75: 1.47 P99: 3.05 P99.9: 5.29 P99.99: 5.99
------------------------------------------------------
[       0,       1 ] 19503034  58.288%  58.288% ############
(       1,       2 ] 11832826  35.364%  93.653% #######
(       2,       3 ]  1776912   5.311%  98.963% #
(       3,       4 ]   257702   0.770%  99.733% 
(       4,       6 ]    86274   0.258%  99.991% 
(       6,      10 ]    37512   0.112% 100.103% 
(      10,      15 ]    14758   0.044% 100.147% 
(      15,      22 ]     9096   0.027% 100.175% 
(      22,      34 ]      561   0.002% 100.176% 
(      34,      51 ]       96   0.000% 100.177% 
(      51,      76 ]      409   0.001% 100.178% 
(      76,     110 ]      792   0.002% 100.180% 
(     110,     170 ]       28   0.000% 100.180% 
(     170,     250 ]       16   0.000% 100.180% 
(     250,     380 ]       44   0.000% 100.180% 
(     380,     580 ]       18   0.000% 100.181% 
(     580,     870 ]       46   0.000% 100.181% 
(     870,    1300 ]      112   0.000% 100.181% 
(    1300,    1900 ]       61   0.000% 100.181% 
(    1900,    2900 ]       21   0.000% 100.181% 
(    2900,    4400 ]        7   0.000% 100.181% 
(    4400,    6600 ]        5   0.000% 100.181% 
(    6600,    9900 ]        7   0.000% 100.181% 
(    9900,   14000 ]        1   0.000% 100.181% 
(   14000,   22000 ]        8   0.000% 100.181% 
(   22000,   33000 ]       24   0.000% 100.181% 
(   33000,   50000 ]       37   0.000% 100.182% 
(   50000,   75000 ]       59   0.000% 100.182% 
(   75000,  110000 ]       91   0.000% 100.182% 
(  110000,  170000 ]       62   0.000% 100.182% 
(  170000,  250000 ]       25   0.000% 100.182% 
(  250000,  380000 ]        7   0.000% 100.182% 
(  380000,  570000 ]        2   0.000% 100.182% 
(  570000,  860000 ]        4   0.000% 100.182% 
(  860000, 1200000 ]        3   0.000% 100.182% 
( 1200000, 1900000 ]        7   0.000% 100.182% 
( 1900000, 2900000 ]        1   0.000% 100.182% 
( 2900000, 4300000 ]        4   0.000% 100.182% 

** Level 1 read latency histogram (micros):
Count: 72920765 Average: 1.4617  StdDev: 3.59
Min: 0  Median: 0.7822  Max: 12193
Percentiles: P50: 0.78 P75: 1.37 P99: 2.97 P99.9: 3.93 P99.99: 4.21
------------------------------------------------------
[       0,       1 ] 46614327  63.925%  63.925% #############
(       1,       2 ] 21786939  29.878%  93.802% ######
(       2,       3 ]  3903187   5.353%  99.155% #
(       3,       4 ]   584613   0.802%  99.957% 
(       4,       6 ]   234768   0.322% 100.278% 
(       6,      10 ]   110164   0.151% 100.430% 
(      10,      15 ]    33799   0.046% 100.476% 
(      15,      22 ]    22904   0.031% 100.507% 
(      22,      34 ]     1990   0.003% 100.510% 
(      34,      51 ]      592   0.001% 100.511% 
(      51,      76 ]     1449   0.002% 100.513% 
(      76,     110 ]     1876   0.003% 100.515% 
(     110,     170 ]      885   0.001% 100.517% 
(     170,     250 ]      272   0.000% 100.517% 
(     250,     380 ]       49   0.000% 100.517% 
(     380,     580 ]       15   0.000% 100.517% 
(     580,     870 ]       17   0.000% 100.517% 
(     870,    1300 ]        4   0.000% 100.517% 
(    1300,    1900 ]        3   0.000% 100.517% 
(    1900,    2900 ]        7   0.000% 100.517% 
(    2900,    4400 ]       21   0.000% 100.517% 
(    4400,    6600 ]        3   0.000% 100.517% 
(    6600,    9900 ]        1   0.000% 100.517% 
(    9900,   14000 ]        3   0.000% 100.517% 

** Level 2 read latency histogram (micros):
Count: 9909084 Average: 129.2268  StdDev: 4700.69
Min: 0  Median: 1.3666  Max: 4177656
Percentiles: P50: 1.37 P75: 1.93 P99: 856.49 P99.9: 2068.24 P99.99: 2360.56
------------------------------------------------------
[       0,       1 ]  3346013  33.767%  33.767% #######
(       1,       2 ]  4388224  44.285%  78.052% #########
(       2,       3 ]  1225382  12.366%  90.418% ##
(       3,       4 ]   305521   3.083%  93.501% #
(       4,       6 ]    93541   0.944%  94.445% 
(       6,      10 ]    17508   0.177%  94.622% 
(      10,      15 ]     9803   0.099%  94.721% 
(      15,      22 ]     5378   0.054%  94.775% 
(      22,      34 ]     3427   0.035%  94.810% 
(      34,      51 ]    10661   0.108%  94.918% 
(      51,      76 ]    22579   0.228%  95.145% 
(      76,     110 ]    14511   0.146%  95.292% 
(     110,     170 ]    65209   0.658%  95.950% 
(     170,     250 ]    76221   0.769%  96.719% 
(     250,     380 ]    87455   0.883%  97.602% 
(     380,     580 ]    77658   0.784%  98.385% 
(     580,     870 ]    63891   0.645%  99.030% 
(     870,    1300 ]    44534   0.449%  99.480% 
(    1300,    1900 ]    36538   0.369%  99.848% 
(    1900,    2900 ]    30509   0.308% 100.156% 
(    2900,    4400 ]    16923   0.171% 100.327% 
(    4400,    6600 ]     9290   0.094% 100.421% 
(    6600,    9900 ]     2982   0.030% 100.451% 
(    9900,   14000 ]     1139   0.011% 100.462% 
(   14000,   22000 ]     1372   0.014% 100.476% 
(   22000,   33000 ]     1237   0.012% 100.489% 
(   33000,   50000 ]     1403   0.014% 100.503% 
(   50000,   75000 ]     1474   0.015% 100.518% 
(   75000,  110000 ]     1423   0.014% 100.532% 
(  110000,  170000 ]     1326   0.013% 100.545% 
(  170000,  250000 ]      697   0.007% 100.552% 
(  250000,  380000 ]      220   0.002% 100.555% 
(  380000,  570000 ]       39   0.000% 100.555% 
(  570000,  860000 ]       13   0.000% 100.555% 
(  860000, 1200000 ]       23   0.000% 100.555% 
( 1200000, 1900000 ]       17   0.000% 100.556% 
( 2900000, 4300000 ]        3   0.000% 100.556% 


** DB Stats **
Uptime(secs): 1514.2 total, 8.8 interval
Cumulative writes: 69M writes, 69M keys, 8950K commit groups, 7.8 writes per commit group, ingest: 67.63 GB, 45.74 MB/s
Cumulative WAL: 69M writes, 0 syncs, 69453263.00 writes per sync, written: 67.63 GB, 45.74 MB/s
Cumulative stall: 00:21:43.635 H:M:S, 86.1 percent
Interval writes: 273K writes, 273K keys, 35K commit groups, 7.8 writes per commit group, ingest: 272.79 MB, 30.99 MB/s
Interval WAL: 273K writes, 0 syncs, 273592.00 writes per sync, written: 0.27 GB, 30.99 MB/s
Interval stall: 00:00:8.186 H:M:S, 93.0 percent
Write Stall (count): write-buffer-manager-limit-stops: 0
num-running-compactions: 18
num-running-flushes: 1

2026/08/31-09:59:21  ... thread 4: (62000,4340000) ops and (1886.0,2866.2) ops/second in (32.873234,1514.203638) seconds
2026/08/31-09:59:21  ... thread 13: (62000,4341000) ops and (1841.8,2866.8) ops/second in (33.662988,1514.208149) seconds
2026/08/31-09:59:21  ... thread 8: (63000,4342000) ops and (1839.4,2867.5) ops/second in (34.250379,1514.216160) seconds
2026/08/31-09:59:21  ... thread 14: (63000,4342000) ops and (1925.6,2867.5) ops/second in (32.716518,1514.216948) seconds
2026/08/31-09:59:21  ... thread 9: (64000,4341000) ops and (1868.0,2866.8) ops/second in (34.261942,1514.217522) seconds
2026/08/31-09:59:21  ... thread 7: (63000,4342000) ops and (1904.1,2867.5) ops/second in (33.086120,1514.224256) seconds
2026/08/31-09:59:21  ... thread 2: (63000,4343000) ops and (1848.8,2868.1) ops/second in (34.076524,1514.230792) seconds
2026/08/31-09:59:21  ... thread 12: (64000,4341000) ops and (1913.6,2866.8) ops/second in (33.444121,1514.233235) seconds
2026/08/31-09:59:21  ... thread 11: (63000,4341000) ops and (1805.4,2866.8) ops/second in (34.894925,1514.234210) seconds
2026/08/31-09:59:21  ... thread 6: (63000,4338000) ops and (1949.7,2864.8) ops/second in (32.312384,1514.234232) seconds
2026/08/31-09:59:21  ... thread 5: (63000,4345000) ops and (1879.2,2869.4) ops/second in (33.524286,1514.234656) seconds
2026/08/31-09:59:21  ... thread 15: (63000,4343000) ops and (1912.5,2868.1) ops/second in (32.941556,1514.235442) seconds
2026/08/31-09:59:21  ... thread 1: (64000,4343000) ops and (2131.7,2868.0) ops/second in (30.023264,1514.280897) seconds
2026/08/31-09:59:22  ... thread 10: (69000,4348000) ops and (2298.2,2871.0) ops/second in (30.023772,1514.453337) seconds
2026/08/31-09:59:22  ... thread 3: (70000,4349000) ops and (2265.6,2870.0) ops/second in (30.897267,1515.327697) seconds
2026/08/31-09:59:53  ... thread 12: (135000,4476000) ops and (4338.5,2896.4) ops/second in (31.116745,1545.349980) seconds
2026/08/31-09:59:53  ... thread 5: (135000,4480000) ops and (4338.4,2899.0) ops/second in (31.117452,1545.352108) seconds
2026/08/31-09:59:53  ... thread 0: (136000,4475000) ops and (4365.6,2895.8) ops/second in (31.152837,1545.352427) seconds

** Compaction Stats [default] **
Level    Files   Size     Score Read(GB)  Rn(GB) Rnp1(GB) Write(GB) WPreComp(GB) Wnew(GB) Moved(GB) W-Amp Rd(MB/s) Wr(MB/s) Comp(sec) CompMergeCPU(sec) Comp(cnt) Avg(sec) KeyIn KeyDrop Rblob(GB) Wblob(GB)
-------------------------------------------------------------------------------------------------------------------------------------------------------------------------------------------------------------
  L0     17/16     3.23 GB   0.5     66.9     0.0     66.9     137.1     137.1     70.2       0.0   1.9     20.4     41.7   3363.34            300.33      1410    2.385    139M    72K       0.0       0.0
  L1    155/155    9.97 GB   0.0    309.6    67.0    242.6     304.0     304.0     61.5       0.0   4.5    317.0    311.3   1000.19            928.94        39   25.646    315M  5623K       0.0       0.0
  L2    792/0     39.97 GB   1.0     93.2    42.5     50.8      84.7      84.7     34.0       9.0   2.0     18.0     16.4   5298.38            412.70       637    8.318     94M  8669K       0.0       0.0
  L3     61/0      3.02 GB   0.0      0.0     0.0      0.0       0.0       0.0      0.0       3.0   0.0      0.0      0.0      0.00              0.00         0    0.000       0      0       0.0       0.0
 Sum   1025/171   56.18 GB   0.0    469.7   109.5    360.2     525.9     525.9    165.7      12.0   7.5     49.8     55.7   9661.91           1641.97      2086    4.632    549M    14M       0.0       0.0
 Int      0/0      0.00 KB   0.0      9.3     2.8      6.5      10.8      10.8      4.3       2.9   4.4     16.8     19.5    565.42             50.50        98    5.770     11M   923K       0.0       0.0

** Compaction Stats [default] **
Priority    Files   Size     Score Read(GB)  Rn(GB) Rnp1(GB) Write(GB) WPreComp(GB) Wnew(GB) Moved(GB) W-Amp Rd(MB/s) Wr(MB/s) Comp(sec) CompMergeCPU(sec) Comp(cnt) Avg(sec) KeyIn KeyDrop Rblob(GB) Wblob(GB)
----------------------------------------------------------------------------------------------------------------------------------------------------------------------------------------------------------------
 Low      0/0      0.00 KB   0.0    469.7   109.5    360.2     455.6     455.6     95.4       0.0   0.0     64.0     62.0   7519.72           1519.49       932    8.068    477M    14M       0.0       0.0
High      0/0      0.00 KB   0.0      0.0     0.0      0.0      70.3      70.3     70.3       0.0   0.0      0.0     33.6   2142.19            122.49      1154    1.856     71M      0       0.0       0.0

Blob file count: 0, total size: 0.0 GB, garbage size: 0.0 GB, space amp: 0.0

Uptime(secs): 1545.4 total, 40.0 interval
Flush(GB): cumulative 70.326, interval 2.440
AddFile(GB): cumulative 0.000, interval 0.000
AddFile(Total Files): cumulative 0, interval 0
AddFile(L0 Files): cumulative 0, interval 0
AddFile(Keys): cumulative 0, interval 0
Cumulative compaction: 525.88 GB write, 348.46 MB/s write, 469.70 GB read, 311.24 MB/s read, 9661.9 seconds
Interval compaction: 10.79 GB write, 276.55 MB/s write, 9.26 GB read, 237.27 MB/s read, 565.4 seconds
Estimated pending compaction bytes: 64396697978
Write Stall (count): cf-l0-file-count-limit-delays-with-ongoing-compaction: 62, cf-l0-file-count-limit-stops-with-ongoing-compaction: 0, l0-file-count-limit-delays: 62, l0-file-count-limit-stops: 0, memtable-limit-delays: 0, memtable-limit-stops: 909, pending-compaction-bytes-delays: 12, pending-compaction-bytes-stops: 0, total-delays: 74, total-stops: 909
interval: 36 total count
Block cache AutoHyperClockCache@0x6043b84412d0#2239720 capacity: 512.00 MB seed: 1 usage: 14.58 MB table_size: 6875 occupancy: 3457 collections: 9 last_copies: 1 last_secs: 0.000541 secs_since: 99
Block cache entry stats(count,size,portion): Misc(3457,14.16 MB,2.76578%)

** File Read Latency Histogram By Level [default] **
** Level 0 read latency histogram (micros):
Count: 34177338 Average: 3.3363  StdDev: 1408.91
Min: 0  Median: 0.8577  Max: 3176910
Percentiles: P50: 0.86 P75: 1.47 P99: 3.04 P99.9: 5.29 P99.99: 5.99
------------------------------------------------------
[       0,       1 ] 19923213  58.294%  58.294% ############
(       1,       2 ] 12086732  35.365%  93.658% #######
(       2,       3 ]  1814074   5.308%  98.966% #
(       3,       4 ]   262481   0.768%  99.734% 
(       4,       6 ]    87721   0.257%  99.991% 
(       6,      10 ]    38285   0.112% 100.103% 
(      10,      15 ]    14996   0.044% 100.147% 
(      15,      22 ]     9232   0.027% 100.174% 
(      22,      34 ]      567   0.002% 100.175% 
(      34,      51 ]       98   0.000% 100.176% 
(      51,      76 ]      418   0.001% 100.177% 
(      76,     110 ]      817   0.002% 100.179% 
(     110,     170 ]       28   0.000% 100.179% 
(     170,     250 ]       18   0.000% 100.179% 
(     250,     380 ]       49   0.000% 100.180% 
(     380,     580 ]       18   0.000% 100.180% 
(     580,     870 ]       47   0.000% 100.180% 
(     870,    1300 ]      113   0.000% 100.180% 
(    1300,    1900 ]       61   0.000% 100.180% 
(    1900,    2900 ]       21   0.000% 100.180% 
(    2900,    4400 ]        7   0.000% 100.180% 
(    4400,    6600 ]        5   0.000% 100.180% 
(    6600,    9900 ]        8   0.000% 100.180% 
(    9900,   14000 ]        2   0.000% 100.180% 
(   14000,   22000 ]        8   0.000% 100.180% 
(   22000,   33000 ]       24   0.000% 100.181% 
(   33000,   50000 ]       39   0.000% 100.181% 
(   50000,   75000 ]       64   0.000% 100.181% 
(   75000,  110000 ]       96   0.000% 100.181% 
(  110000,  170000 ]       65   0.000% 100.181% 
(  170000,  250000 ]       25   0.000% 100.181% 
(  250000,  380000 ]        7   0.000% 100.181% 
(  380000,  570000 ]        2   0.000% 100.181% 
(  570000,  860000 ]        4   0.000% 100.181% 
(  860000, 1200000 ]        3   0.000% 100.181% 
( 1200000, 1900000 ]        7   0.000% 100.181% 
( 1900000, 2900000 ]        1   0.000% 100.181% 
( 2900000, 4300000 ]        4   0.000% 100.181% 

** Level 1 read latency histogram (micros):
Count: 73974798 Average: 1.4672  StdDev: 3.57
Min: 0  Median: 0.7857  Max: 12193
Percentiles: P50: 0.79 P75: 1.38 P99: 2.98 P99.9: 3.95 P99.99: 4.31
------------------------------------------------------
[       0,       1 ] 47074126  63.635%  63.635% #############
(       1,       2 ] 22187773  29.994%  93.629% ######
(       2,       3 ]  4053609   5.480%  99.109% #
(       3,       4 ]   613789   0.830%  99.938% 
(       4,       6 ]   247547   0.335% 100.273% 
(       6,      10 ]   114819   0.155% 100.428% 
(      10,      15 ]    34792   0.047% 100.475% 
(      15,      22 ]    23690   0.032% 100.507% 
(      22,      34 ]     2064   0.003% 100.510% 
(      34,      51 ]      602   0.001% 100.511% 
(      51,      76 ]     1452   0.002% 100.513% 
(      76,     110 ]     1878   0.003% 100.516% 
(     110,     170 ]      886   0.001% 100.517% 
(     170,     250 ]      272   0.000% 100.517% 
(     250,     380 ]       49   0.000% 100.517% 
(     380,     580 ]       15   0.000% 100.517% 
(     580,     870 ]       17   0.000% 100.517% 
(     870,    1300 ]        4   0.000% 100.517% 
(    1300,    1900 ]        3   0.000% 100.517% 
(    1900,    2900 ]        7   0.000% 100.517% 
(    2900,    4400 ]       21   0.000% 100.517% 
(    4400,    6600 ]        3   0.000% 100.517% 
(    6600,    9900 ]        1   0.000% 100.517% 
(    9900,   14000 ]        3   0.000% 100.517% 

** Level 2 read latency histogram (micros):
Count: 10543935 Average: 134.1516  StdDev: 4678.81
Min: 0  Median: 1.3840  Max: 4177656
Percentiles: P50: 1.38 P75: 1.95 P99: 915.25 P99.9: 2183.61 P99.99: 2460.10
------------------------------------------------------
[       0,       1 ]  3472155  32.930%  32.930% #######
(       1,       2 ]  4686973  44.452%  77.382% #########
(       2,       3 ]  1341018  12.718%  90.101% ###
(       3,       4 ]   335446   3.181%  93.282% #
(       4,       6 ]   102465   0.972%  94.254% 
(       6,      10 ]    18916   0.179%  94.433% 
(      10,      15 ]    10750   0.102%  94.535% 
(      15,      22 ]     5917   0.056%  94.591% 
(      22,      34 ]     4056   0.038%  94.630% 
(      34,      51 ]    11441   0.109%  94.738% 
(      51,      76 ]    24505   0.232%  94.971% 
(      76,     110 ]    15749   0.149%  95.120% 
(     110,     170 ]    69951   0.663%  95.783% 
(     170,     250 ]    82273   0.780%  96.564% 
(     250,     380 ]    95094   0.902%  97.466% 
(     380,     580 ]    85630   0.812%  98.278% 
(     580,     870 ]    70947   0.673%  98.951% 
(     870,    1300 ]    49510   0.470%  99.420% 
(    1300,    1900 ]    40861   0.388%  99.808% 
(    1900,    2900 ]    34322   0.326% 100.133% 
(    2900,    4400 ]    18967   0.180% 100.313% 
(    4400,    6600 ]    10546   0.100% 100.413% 
(    6600,    9900 ]     3318   0.031% 100.445% 
(    9900,   14000 ]     1262   0.012% 100.457% 
(   14000,   22000 ]     1492   0.014% 100.471% 
(   22000,   33000 ]     1334   0.013% 100.483% 
(   33000,   50000 ]     1544   0.015% 100.498% 
(   50000,   75000 ]     1637   0.016% 100.514% 
(   75000,  110000 ]     1577   0.015% 100.528% 
(  110000,  170000 ]     1492   0.014% 100.543% 
(  170000,  250000 ]      765   0.007% 100.550% 
(  250000,  380000 ]      242   0.002% 100.552% 
(  380000,  570000 ]       45   0.000% 100.553% 
(  570000,  860000 ]       14   0.000% 100.553% 
(  860000, 1200000 ]       23   0.000% 100.553% 
( 1200000, 1900000 ]       17   0.000% 100.553% 
( 2900000, 4300000 ]        3   0.000% 100.553% 


** DB Stats **
Uptime(secs): 1545.4 total, 31.2 interval
Cumulative writes: 71M writes, 71M keys, 9226K commit groups, 7.8 writes per commit group, ingest: 69.75 GB, 46.22 MB/s
Cumulative WAL: 71M writes, 0 syncs, 71626956.00 writes per sync, written: 69.75 GB, 46.22 MB/s
Cumulative stall: 00:22:9.995 H:M:S, 86.1 percent
Interval writes: 2173K writes, 2173K keys, 275K commit groups, 7.9 writes per commit group, ingest: 2167.37 MB, 69.57 MB/s
Interval WAL: 2173K writes, 0 syncs, 2173693.00 writes per sync, written: 2.12 GB, 69.57 MB/s
Interval stall: 00:00:26.360 H:M:S, 84.6 percent
Write Stall (count): write-buffer-manager-limit-stops: 0
num-running-compactions: 2
num-running-flushes: 1

2026/08/31-09:59:53  ... thread 6: (135000,4473000) ops and (4337.9,2894.5) ops/second in (31.121286,1545.355518) seconds
2026/08/31-09:59:53  ... thread 4: (136000,4476000) ops and (4365.4,2896.4) ops/second in (31.153945,1545.357583) seconds
2026/08/31-09:59:53  ... thread 15: (135000,4478000) ops and (4337.2,2897.7) ops/second in (31.126389,1545.361831) seconds
2026/08/31-09:59:53  ... thread 14: (136000,4478000) ops and (4366.1,2897.7) ops/second in (31.148943,1545.365891) seconds
2026/08/31-09:59:53  ... thread 9: (136000,4477000) ops and (4365.7,2897.0) ops/second in (31.152266,1545.369788) seconds
2026/08/31-09:59:53  ... thread 3: (128000,4477000) ops and (4260.6,2897.0) ops/second in (30.042932,1545.370629) seconds
2026/08/31-09:59:53  ... thread 13: (136000,4477000) ops and (4364.2,2897.0) ops/second in (31.162710,1545.370859) seconds
2026/08/31-09:59:53  ... thread 8: (136000,4478000) ops and (4365.0,2897.7) ops/second in (31.157203,1545.373363) seconds
2026/08/31-09:59:53  ... thread 10: (129000,4477000) ops and (4171.8,2897.0) ops/second in (30.922211,1545.375548) seconds
2026/08/31-09:59:53  ... thread 7: (136000,4478000) ops and (4365.8,2897.7) ops/second in (31.151061,1545.375317) seconds
2026/08/31-09:59:53  ... thread 1: (134000,4477000) ops and (4309.4,2897.0) ops/second in (31.094638,1545.375535) seconds
2026/08/31-09:59:53  ... thread 2: (136000,4479000) ops and (4366.6,2898.3) ops/second in (31.145620,1545.376412) seconds
2026/08/31-09:59:53  ... thread 11: (136000,4477000) ops and (4366.2,2897.0) ops/second in (31.148627,1545.382837) seconds
2026/08/31-10:00:25  ... thread 12: (31000,4507000) ops and (947.1,2856.0) ops/second in (32.732311,1578.082291) seconds
2026/08/31-10:00:25  ... thread 15: (31000,4509000) ops and (940.2,2856.8) ops/second in (32.973350,1578.335181) seconds
2026/08/31-10:00:25  ... thread 0: (31000,4506000) ops and (939.9,2854.9) ops/second in (32.982641,1578.335068) seconds
2026/08/31-10:00:25  ... thread 6: (31000,4504000) ops and (939.7,2853.6) ops/second in (32.989558,1578.345076) seconds
2026/08/31-10:00:26  ... thread 5: (31000,4511000) ops and (939.2,2858.0) ops/second in (33.007278,1578.359386) seconds
2026/08/31-10:00:26  ... thread 4: (31000,4507000) ops and (937.7,2855.4) ops/second in (33.058932,1578.416515) seconds

** Compaction Stats [default] **
Level    Files   Size     Score Read(GB)  Rn(GB) Rnp1(GB) Write(GB) WPreComp(GB) Wnew(GB) Moved(GB) W-Amp Rd(MB/s) Wr(MB/s) Comp(sec) CompMergeCPU(sec) Comp(cnt) Avg(sec) KeyIn KeyDrop Rblob(GB) Wblob(GB)
-------------------------------------------------------------------------------------------------------------------------------------------------------------------------------------------------------------
  L0     20/16     3.77 GB   2.0     67.3     0.0     67.3     138.1     138.1     70.8       0.0   1.9     20.1     41.2   3431.18            302.67      1421    2.415    140M    73K       0.0       0.0
  L1    155/155    9.97 GB   0.0    309.6    67.0    242.6     304.0     304.0     61.5       0.0   4.5    317.0    311.3   1000.19            928.94        39   25.646    315M  5623K       0.0       0.0
  L2    792/0     39.97 GB   1.0     93.2    42.5     50.8      84.7      84.7     34.0       9.0   2.0     18.0     16.4   5298.38            412.70       637    8.318     94M  8669K       0.0       0.0
  L3     61/0      3.02 GB   0.0      0.0     0.0      0.0       0.0       0.0      0.0       3.0   0.0      0.0      0.0      0.00              0.00         0    0.000       0      0       0.0       0.0
 Sum   1028/171   56.73 GB   0.0    470.2   109.5    360.7     526.9     526.9    166.2      12.0   7.4     49.5     55.5   9729.75           1644.31      2097    4.640    550M    14M       0.0       0.0
 Int      0/0      0.00 KB   0.0      0.0     0.0      0.0       0.2       0.2      0.2       0.0   1.0      0.0     11.0     22.77              0.52         4    5.692    247K      0       0.0       0.0

** Compaction Stats [default] **
Priority    Files   Size     Score Read(GB)  Rn(GB) Rnp1(GB) Write(GB) WPreComp(GB) Wnew(GB) Moved(GB) W-Amp Rd(MB/s) Wr(MB/s) Comp(sec) CompMergeCPU(sec) Comp(cnt) Avg(sec) KeyIn KeyDrop Rblob(GB) Wblob(GB)
----------------------------------------------------------------------------------------------------------------------------------------------------------------------------------------------------------------
 Low      0/0      0.00 KB   0.0    470.2   109.5    360.7     456.0     456.0     95.4       0.0   0.0     63.8     61.9   7545.73           1520.79       934    8.079    478M    14M       0.0       0.0
High      0/0      0.00 KB   0.0      0.0     0.0      0.0      70.9      70.9     70.9       0.0   0.0      0.0     33.2   2184.02            123.52      1163    1.878     72M      0       0.0       0.0

Blob file count: 0, total size: 0.0 GB, garbage size: 0.0 GB, space amp: 0.0

Uptime(secs): 1578.4 total, 13.0 interval
Flush(GB): cumulative 70.875, interval 0.244
AddFile(GB): cumulative 0.000, interval 0.000
AddFile(Total Files): cumulative 0, interval 0
AddFile(L0 Files): cumulative 0, interval 0
AddFile(Keys): cumulative 0, interval 0
Cumulative compaction: 526.92 GB write, 341.84 MB/s write, 470.19 GB read, 305.03 MB/s read, 9729.7 seconds
Interval compaction: 0.24 GB write, 19.17 MB/s write, 0.00 GB read, 0.00 MB/s read, 22.8 seconds
Estimated pending compaction bytes: 66709410304
Write Stall (count): cf-l0-file-count-limit-delays-with-ongoing-compaction: 64, cf-l0-file-count-limit-stops-with-ongoing-compaction: 0, l0-file-count-limit-delays: 64, l0-file-count-limit-stops: 0, memtable-limit-delays: 0, memtable-limit-stops: 914, pending-compaction-bytes-delays: 12, pending-compaction-bytes-stops: 0, total-delays: 76, total-stops: 914
interval: 3 total count
Block cache AutoHyperClockCache@0x6043b84412d0#2239720 capacity: 512.00 MB seed: 1 usage: 14.58 MB table_size: 6875 occupancy: 3457 collections: 9 last_copies: 2 last_secs: 0.000541 secs_since: 133
Block cache entry stats(count,size,portion): Misc(3457,14.16 MB,2.76578%)

** File Read Latency Histogram By Level [default] **
** Level 0 read latency histogram (micros):
Count: 34767680 Average: 3.3144  StdDev: 1397.06
Min: 0  Median: 0.8598  Max: 3176910
Percentiles: P50: 0.86 P75: 1.48 P99: 3.06 P99.9: 5.31 P99.99: 6.01
------------------------------------------------------
[       0,       1 ] 20218616  58.153%  58.153% ############
(       1,       2 ] 12325178  35.450%  93.604% #######
(       2,       3 ]  1860750   5.352%  98.956% #
(       3,       4 ]   269413   0.775%  99.730% 
(       4,       6 ]    90154   0.259%  99.990% 
(       6,      10 ]    39212   0.113% 100.103% 
(      10,      15 ]    15326   0.044% 100.147% 
(      15,      22 ]     9447   0.027% 100.174% 
(      22,      34 ]      584   0.002% 100.175% 
(      34,      51 ]       98   0.000% 100.176% 
(      51,      76 ]      421   0.001% 100.177% 
(      76,     110 ]      823   0.002% 100.179% 
(     110,     170 ]       28   0.000% 100.179% 
(     170,     250 ]       19   0.000% 100.179% 
(     250,     380 ]       50   0.000% 100.180% 
(     380,     580 ]       18   0.000% 100.180% 
(     580,     870 ]       47   0.000% 100.180% 
(     870,    1300 ]      113   0.000% 100.180% 
(    1300,    1900 ]       61   0.000% 100.180% 
(    1900,    2900 ]       21   0.000% 100.180% 
(    2900,    4400 ]        7   0.000% 100.180% 
(    4400,    6600 ]        5   0.000% 100.180% 
(    6600,    9900 ]        8   0.000% 100.180% 
(    9900,   14000 ]        2   0.000% 100.180% 
(   14000,   22000 ]        8   0.000% 100.180% 
(   22000,   33000 ]       24   0.000% 100.180% 
(   33000,   50000 ]       41   0.000% 100.181% 
(   50000,   75000 ]       64   0.000% 100.181% 
(   75000,  110000 ]       98   0.000% 100.181% 
(  110000,  170000 ]       65   0.000% 100.181% 
(  170000,  250000 ]       25   0.000% 100.181% 
(  250000,  380000 ]        7   0.000% 100.181% 
(  380000,  570000 ]        2   0.000% 100.181% 
(  570000,  860000 ]        4   0.000% 100.181% 
(  860000, 1200000 ]        3   0.000% 100.181% 
( 1200000, 1900000 ]        7   0.000% 100.181% 
( 1900000, 2900000 ]        1   0.000% 100.181% 
( 2900000, 4300000 ]        4   0.000% 100.181% 

** Level 1 read latency histogram (micros):
Count: 75611627 Average: 1.4649  StdDev: 3.53
Min: 0  Median: 0.7840  Max: 12193
Percentiles: P50: 0.78 P75: 1.38 P99: 2.98 P99.9: 3.95 P99.99: 4.30
------------------------------------------------------
[       0,       1 ] 48220710  63.774%  63.774% #############
(       1,       2 ] 22610769  29.904%  93.678% ######
(       2,       3 ]  4113726   5.441%  99.119% #
(       3,       4 ]   621215   0.822%  99.940% 
(       4,       6 ]   250198   0.331% 100.271% 
(       6,      10 ]   116512   0.154% 100.425% 
(      10,      15 ]    35533   0.047% 100.472% 
(      15,      22 ]    24116   0.032% 100.504% 
(      22,      34 ]     2092   0.003% 100.507% 
(      34,      51 ]      606   0.001% 100.508% 
(      51,      76 ]     1453   0.002% 100.510% 
(      76,     110 ]     1885   0.002% 100.512% 
(     110,     170 ]      886   0.001% 100.513% 
(     170,     250 ]      272   0.000% 100.514% 
(     250,     380 ]       49   0.000% 100.514% 
(     380,     580 ]       15   0.000% 100.514% 
(     580,     870 ]       17   0.000% 100.514% 
(     870,    1300 ]        4   0.000% 100.514% 
(    1300,    1900 ]        3   0.000% 100.514% 
(    1900,    2900 ]        7   0.000% 100.514% 
(    2900,    4400 ]       21   0.000% 100.514% 
(    4400,    6600 ]        3   0.000% 100.514% 
(    6600,    9900 ]        1   0.000% 100.514% 
(    9900,   14000 ]        3   0.000% 100.514% 

** Level 2 read latency histogram (micros):
Count: 10543935 Average: 134.1516  StdDev: 4678.81
Min: 0  Median: 1.3840  Max: 4177656
Percentiles: P50: 1.38 P75: 1.95 P99: 915.25 P99.9: 2183.61 P99.99: 2460.10
------------------------------------------------------
[       0,       1 ]  3472155  32.930%  32.930% #######
(       1,       2 ]  4686973  44.452%  77.382% #########
(       2,       3 ]  1341018  12.718%  90.101% ###
(       3,       4 ]   335446   3.181%  93.282% #
(       4,       6 ]   102465   0.972%  94.254% 
(       6,      10 ]    18916   0.179%  94.433% 
(      10,      15 ]    10750   0.102%  94.535% 
(      15,      22 ]     5917   0.056%  94.591% 
(      22,      34 ]     4056   0.038%  94.630% 
(      34,      51 ]    11441   0.109%  94.738% 
(      51,      76 ]    24505   0.232%  94.971% 
(      76,     110 ]    15749   0.149%  95.120% 
(     110,     170 ]    69951   0.663%  95.783% 
(     170,     250 ]    82273   0.780%  96.564% 
(     250,     380 ]    95094   0.902%  97.466% 
(     380,     580 ]    85630   0.812%  98.278% 
(     580,     870 ]    70947   0.673%  98.951% 
(     870,    1300 ]    49510   0.470%  99.420% 
(    1300,    1900 ]    40861   0.388%  99.808% 
(    1900,    2900 ]    34322   0.326% 100.133% 
(    2900,    4400 ]    18967   0.180% 100.313% 
(    4400,    6600 ]    10546   0.100% 100.413% 
(    6600,    9900 ]     3318   0.031% 100.445% 
(    9900,   14000 ]     1262   0.012% 100.457% 
(   14000,   22000 ]     1492   0.014% 100.471% 
(   22000,   33000 ]     1334   0.013% 100.483% 
(   33000,   50000 ]     1544   0.015% 100.498% 
(   50000,   75000 ]     1637   0.016% 100.514% 
(   75000,  110000 ]     1577   0.015% 100.528% 
(  110000,  170000 ]     1492   0.014% 100.543% 
(  170000,  250000 ]      765   0.007% 100.550% 
(  250000,  380000 ]      242   0.002% 100.552% 
(  380000,  570000 ]       45   0.000% 100.553% 
(  570000,  860000 ]       14   0.000% 100.553% 
(  860000, 1200000 ]       23   0.000% 100.553% 
( 1200000, 1900000 ]       17   0.000% 100.553% 
( 2900000, 4300000 ]        3   0.000% 100.553% 


** DB Stats **
Uptime(secs): 1578.4 total, 13.0 interval
Cumulative writes: 72M writes, 72M keys, 9293K commit groups, 7.8 writes per commit group, ingest: 70.23 GB, 45.56 MB/s
Cumulative WAL: 72M writes, 0 syncs, 72125042.00 writes per sync, written: 70.23 GB, 45.56 MB/s
Cumulative stall: 00:22:40.012 H:M:S, 86.2 percent
Interval writes: 127K writes, 127K keys, 16K commit groups, 7.7 writes per commit group, ingest: 126.68 MB, 9.73 MB/s
Interval WAL: 127K writes, 0 syncs, 127043.00 writes per sync, written: 0.12 GB, 9.73 MB/s
Interval stall: 00:00:14.981 H:M:S, 115.1 percent
Write Stall (count): write-buffer-manager-limit-stops: 0
num-running-compactions: 2
num-running-flushes: 0

2026/08/31-10:00:26  ... thread 14: (31000,4509000) ops and (924.7,2855.8) ops/second in (33.524298,1578.890189) seconds
2026/08/31-10:00:26  ... thread 13: (31000,4508000) ops and (924.8,2855.2) ops/second in (33.521076,1578.891935) seconds
2026/08/31-10:00:26  ... thread 10: (31000,4508000) ops and (922.6,2855.0) ops/second in (33.601171,1578.976719) seconds
2026/08/31-10:00:26  ... thread 3: (31000,4508000) ops and (916.0,2854.6) ops/second in (33.843759,1579.214388) seconds
2026/08/31-10:00:26  ... thread 2: (31000,4510000) ops and (916.1,2855.8) ops/second in (33.839355,1579.215767) seconds
2026/08/31-10:00:27  ... thread 7: (31000,4509000) ops and (911.5,2854.9) ops/second in (34.010672,1579.385989) seconds
2026/08/31-10:00:27  ... thread 11: (31000,4508000) ops and (911.2,2854.2) ops/second in (34.021874,1579.404711) seconds
2026/08/31-10:00:27  ... thread 9: (31000,4508000) ops and (907.7,2854.0) ops/second in (34.152009,1579.521797) seconds
2026/08/31-10:00:27  ... thread 8: (31000,4509000) ops and (905.3,2854.5) ops/second in (34.243219,1579.616582) seconds
2026/08/31-10:00:27  ... thread 1: (31000,4508000) ops and (901.4,2853.6) ops/second in (34.389213,1579.764748) seconds
2026/08/31-10:00:59  ... thread 7: (174000,4683000) ops and (5340.9,2905.2) ops/second in (32.578693,1611.964682) seconds
2026/08/31-10:00:59  ... thread 12: (175000,4682000) ops and (5164.4,2904.5) ops/second in (33.885690,1611.967981) seconds
2026/08/31-10:00:59  ... thread 1: (174000,4682000) ops and (5402.3,2904.5) ops/second in (32.208442,1611.973190) seconds
2026/08/31-10:00:59  ... thread 4: (175000,4682000) ops and (5213.3,2904.5) ops/second in (33.567721,1611.984236) seconds
2026/08/31-10:00:59  ... thread 6: (175000,4679000) ops and (5202.0,2902.6) ops/second in (33.640851,1611.985927) seconds
2026/08/31-10:00:59  ... thread 14: (175000,4684000) ops and (5287.4,2905.7) ops/second in (33.097693,1611.987882) seconds
2026/08/31-10:00:59  ... thread 15: (175000,4684000) ops and (5200.0,2905.7) ops/second in (33.653723,1611.988904) seconds
2026/08/31-10:00:59  ... thread 0: (175000,4681000) ops and (5199.8,2903.9) ops/second in (33.654952,1611.990020) seconds

** Compaction Stats [default] **
Level    Files   Size     Score Read(GB)  Rn(GB) Rnp1(GB) Write(GB) WPreComp(GB) Wnew(GB) Moved(GB) W-Amp Rd(MB/s) Wr(MB/s) Comp(sec) CompMergeCPU(sec) Comp(cnt) Avg(sec) KeyIn KeyDrop Rblob(GB) Wblob(GB)
-------------------------------------------------------------------------------------------------------------------------------------------------------------------------------------------------------------
  L0     16/16     3.60 GB   0.0     70.3     0.0     70.3     143.9     143.9     73.5       0.0   2.0     20.4     41.8   3522.91            315.34      1478    2.384    146M    75K       0.0       0.0
  L1    164/164    9.95 GB   0.0    322.5    69.9    252.5     316.6     316.6     64.1       0.0   4.5    316.2    310.5   1044.26            968.73        40   26.106    328M  5951K       0.0       0.0
  L2    780/0     39.95 GB   1.0     98.0    44.5     53.5      88.8      88.8     35.3       9.6   2.0     18.0     16.3   5574.19            438.23       668    8.345     99M  9312K       0.0       0.0
  L3    101/0      5.02 GB   0.0      0.0     0.0      0.0       0.0       0.0      0.0       5.0   0.0      0.0      0.0      0.00              0.00         0    0.000       0      0       0.0       0.0
 Sum   1061/180   58.52 GB   0.0    490.8   114.4    376.4     549.3     549.3    172.9      14.7   7.5     49.6     55.5  10141.36           1722.29      2186    4.639    574M    15M       0.0       0.0
 Int      0/0      0.00 KB   0.0     20.6     4.9     15.7      22.6      22.6      6.9       2.6   7.6     48.5     53.3    434.37             78.51        93    4.671     23M   973K       0.0       0.0

** Compaction Stats [default] **
Priority    Files   Size     Score Read(GB)  Rn(GB) Rnp1(GB) Write(GB) WPreComp(GB) Wnew(GB) Moved(GB) W-Amp Rd(MB/s) Wr(MB/s) Comp(sec) CompMergeCPU(sec) Comp(cnt) Avg(sec) KeyIn KeyDrop Rblob(GB) Wblob(GB)
----------------------------------------------------------------------------------------------------------------------------------------------------------------------------------------------------------------
 Low      0/0      0.00 KB   0.0    490.8   114.4    376.4     475.7     475.7     99.3       0.0   0.0     63.6     61.6   7905.55           1594.16       978    8.083    499M    15M       0.0       0.0
High      0/0      0.00 KB   0.0      0.0     0.0      0.0      73.6      73.6     73.6       0.0   0.0      0.0     33.7   2235.81            128.13      1208    1.851     74M      0       0.0       0.0

Blob file count: 0, total size: 0.0 GB, garbage size: 0.0 GB, space amp: 0.0

Uptime(secs): 1612.0 total, 46.6 interval
Flush(GB): cumulative 73.622, interval 2.991
AddFile(GB): cumulative 0.000, interval 0.000
AddFile(Total Files): cumulative 0, interval 0
AddFile(L0 Files): cumulative 0, interval 0
AddFile(Keys): cumulative 0, interval 0
Cumulative compaction: 549.30 GB write, 348.93 MB/s write, 490.78 GB read, 311.76 MB/s read, 10141.4 seconds
Interval compaction: 22.63 GB write, 497.30 MB/s write, 20.59 GB read, 452.61 MB/s read, 434.4 seconds
Estimated pending compaction bytes: 66254263422
Write Stall (count): cf-l0-file-count-limit-delays-with-ongoing-compaction: 65, cf-l0-file-count-limit-stops-with-ongoing-compaction: 0, l0-file-count-limit-delays: 65, l0-file-count-limit-stops: 0, memtable-limit-delays: 0, memtable-limit-stops: 952, pending-compaction-bytes-delays: 12, pending-compaction-bytes-stops: 0, total-delays: 77, total-stops: 952
interval: 42 total count
Block cache AutoHyperClockCache@0x6043b84412d0#2239720 capacity: 512.00 MB seed: 1 usage: 14.58 MB table_size: 6875 occupancy: 3457 collections: 9 last_copies: 2 last_secs: 0.000541 secs_since: 166
Block cache entry stats(count,size,portion): Misc(3457,14.16 MB,2.76578%)

** File Read Latency Histogram By Level [default] **
** Level 0 read latency histogram (micros):
Count: 35533264 Average: 3.2947  StdDev: 1382.81
Min: 0  Median: 0.8577  Max: 3176910
Percentiles: P50: 0.86 P75: 1.47 P99: 3.06 P99.9: 5.33 P99.99: 6.10
------------------------------------------------------
[       0,       1 ] 20714667  58.297%  58.297% ############
(       1,       2 ] 12562546  35.354%  93.651% #######
(       2,       3 ]  1885535   5.306%  98.957% #
(       3,       4 ]   274117   0.771%  99.729% 
(       4,       6 ]    91867   0.259%  99.987% 
(       6,      10 ]    39827   0.112% 100.099% 
(      10,      15 ]    15552   0.044% 100.143% 
(      15,      22 ]     9612   0.027% 100.170% 
(      22,      34 ]      595   0.002% 100.172% 
(      34,      51 ]       98   0.000% 100.172% 
(      51,      76 ]      436   0.001% 100.173% 
(      76,     110 ]      854   0.002% 100.176% 
(     110,     170 ]       31   0.000% 100.176% 
(     170,     250 ]       24   0.000% 100.176% 
(     250,     380 ]       58   0.000% 100.176% 
(     380,     580 ]       19   0.000% 100.176% 
(     580,     870 ]       48   0.000% 100.176% 
(     870,    1300 ]      113   0.000% 100.177% 
(    1300,    1900 ]       61   0.000% 100.177% 
(    1900,    2900 ]       22   0.000% 100.177% 
(    2900,    4400 ]        7   0.000% 100.177% 
(    4400,    6600 ]        5   0.000% 100.177% 
(    6600,    9900 ]        8   0.000% 100.177% 
(    9900,   14000 ]        2   0.000% 100.177% 
(   14000,   22000 ]        8   0.000% 100.177% 
(   22000,   33000 ]       24   0.000% 100.177% 
(   33000,   50000 ]       43   0.000% 100.177% 
(   50000,   75000 ]       65   0.000% 100.177% 
(   75000,  110000 ]      100   0.000% 100.178% 
(  110000,  170000 ]       68   0.000% 100.178% 
(  170000,  250000 ]       25   0.000% 100.178% 
(  250000,  380000 ]        7   0.000% 100.178% 
(  380000,  570000 ]        2   0.000% 100.178% 
(  570000,  860000 ]        4   0.000% 100.178% 
(  860000, 1200000 ]        3   0.000% 100.178% 
( 1200000, 1900000 ]        7   0.000% 100.178% 
( 1900000, 2900000 ]        1   0.000% 100.178% 
( 2900000, 4300000 ]        4   0.000% 100.178% 

** Level 1 read latency histogram (micros):
Count: 76342853 Average: 1.4711  StdDev: 3.52
Min: 0  Median: 0.7879  Max: 12193
Percentiles: P50: 0.79 P75: 1.38 P99: 2.99 P99.9: 3.98 P99.99: 4.41
------------------------------------------------------
[       0,       1 ] 48449998  63.464%  63.464% #############
(       1,       2 ] 22920044  30.023%  93.486% ######
(       2,       3 ]  4258165   5.578%  99.064% #
(       3,       4 ]   652451   0.855%  99.919% 
(       4,       6 ]   263952   0.346% 100.264% 
(       6,      10 ]   120478   0.158% 100.422% 
(      10,      15 ]    36525   0.048% 100.470% 
(      15,      22 ]    24812   0.033% 100.502% 
(      22,      34 ]     2161   0.003% 100.505% 
(      34,      51 ]      622   0.001% 100.506% 
(      51,      76 ]     1522   0.002% 100.508% 
(      76,     110 ]     1987   0.003% 100.511% 
(     110,     170 ]      903   0.001% 100.512% 
(     170,     250 ]      276   0.000% 100.512% 
(     250,     380 ]       49   0.000% 100.512% 
(     380,     580 ]       16   0.000% 100.512% 
(     580,     870 ]       17   0.000% 100.512% 
(     870,    1300 ]        4   0.000% 100.512% 
(    1300,    1900 ]        3   0.000% 100.512% 
(    1900,    2900 ]        7   0.000% 100.512% 
(    2900,    4400 ]       21   0.000% 100.512% 
(    4400,    6600 ]        3   0.000% 100.512% 
(    6600,    9900 ]        1   0.000% 100.512% 
(    9900,   14000 ]        3   0.000% 100.512% 

** Level 2 read latency histogram (micros):
Count: 11227842 Average: 138.3998  StdDev: 4796.59
Min: 0  Median: 1.3958  Max: 4177656
Percentiles: P50: 1.40 P75: 1.96 P99: 933.62 P99.9: 2201.86 P99.99: 2477.14
------------------------------------------------------
[       0,       1 ]  3633350  32.360%  32.360% ######
(       1,       2 ]  5004187  44.569%  76.930% #########
(       2,       3 ]  1450741  12.921%  89.851% ###
(       3,       4 ]   365130   3.252%  93.103% #
(       4,       6 ]   111287   0.991%  94.094% 
(       6,      10 ]    20272   0.181%  94.274% 
(      10,      15 ]    11605   0.103%  94.378% 
(      15,      22 ]     6347   0.057%  94.434% 
(      22,      34 ]     4346   0.039%  94.473% 
(      34,      51 ]    12568   0.112%  94.585% 
(      51,      76 ]    26986   0.240%  94.825% 
(      76,     110 ]    17322   0.154%  94.979% 
(     110,     170 ]    77185   0.687%  95.667% 
(     170,     250 ]    90747   0.808%  96.475% 
(     250,     380 ]   104648   0.932%  97.407% 
(     380,     580 ]    93641   0.834%  98.241% 
(     580,     870 ]    77227   0.688%  98.929% 
(     870,    1300 ]    53897   0.480%  99.409% 
(    1300,    1900 ]    44047   0.392%  99.801% 
(    1900,    2900 ]    36709   0.327% 100.128% 
(    2900,    4400 ]    20349   0.181% 100.309% 
(    4400,    6600 ]    11313   0.101% 100.410% 
(    6600,    9900 ]     3570   0.032% 100.442% 
(    9900,   14000 ]     1373   0.012% 100.454% 
(   14000,   22000 ]     1651   0.015% 100.469% 
(   22000,   33000 ]     1493   0.013% 100.482% 
(   33000,   50000 ]     1719   0.015% 100.498% 
(   50000,   75000 ]     1813   0.016% 100.514% 
(   75000,  110000 ]     1786   0.016% 100.530% 
(  110000,  170000 ]     1649   0.015% 100.544% 
(  170000,  250000 ]      841   0.007% 100.552% 
(  250000,  380000 ]      269   0.002% 100.554% 
(  380000,  570000 ]       49   0.000% 100.555% 
(  570000,  860000 ]       14   0.000% 100.555% 
(  860000, 1200000 ]       23   0.000% 100.555% 
( 1200000, 1900000 ]       19   0.000% 100.555% 
( 2900000, 4300000 ]        4   0.000% 100.555% 


** DB Stats **
Uptime(secs): 1612.0 total, 33.6 interval
Cumulative writes: 74M writes, 74M keys, 9648K commit groups, 7.8 writes per commit group, ingest: 72.96 GB, 46.35 MB/s
Cumulative WAL: 74M writes, 0 syncs, 74927834.00 writes per sync, written: 72.96 GB, 46.35 MB/s
Cumulative stall: 00:23:7.770 H:M:S, 86.1 percent
Interval writes: 2802K writes, 2802K keys, 355K commit groups, 7.9 writes per commit group, ingest: 2794.63 MB, 83.24 MB/s
Interval WAL: 2802K writes, 0 syncs, 2802792.00 writes per sync, written: 2.73 GB, 83.24 MB/s
Interval stall: 00:00:27.758 H:M:S, 82.7 percent
Write Stall (count): write-buffer-manager-limit-stops: 0
num-running-compactions: 2
num-running-flushes: 1

2026/08/31-10:00:59  ... thread 13: (175000,4683000) ops and (5286.9,2905.1) ops/second in (33.100446,1611.992381) seconds
2026/08/31-10:00:59  ... thread 5: (175000,4686000) ops and (5203.0,2907.0) ops/second in (33.634319,1611.993705) seconds
2026/08/31-10:00:59  ... thread 10: (175000,4683000) ops and (5300.2,2905.1) ops/second in (33.017562,1611.994281) seconds
2026/08/31-10:00:59  ... thread 11: (175000,4683000) ops and (5369.8,2905.1) ops/second in (32.589510,1611.994221) seconds
2026/08/31-10:00:59  ... thread 3: (175000,4683000) ops and (5338.5,2905.1) ops/second in (32.780703,1611.995091) seconds
2026/08/31-10:00:59  ... thread 9: (175000,4683000) ops and (5388.9,2905.1) ops/second in (32.474134,1611.995931) seconds
2026/08/31-10:00:59  ... thread 8: (175000,4684000) ops and (5404.6,2905.7) ops/second in (32.380037,1611.996619) seconds
2026/08/31-10:00:59  ... thread 2: (175000,4685000) ops and (5338.1,2906.3) ops/second in (32.783481,1611.999248) seconds
2026/08/31-10:01:29  ... thread 10: (34000,4717000) ops and (1127.5,2872.5) ops/second in (30.155975,1642.150256) seconds
2026/08/31-10:01:29  ... thread 6: (35000,4714000) ops and (1156.6,2870.5) ops/second in (30.259830,1642.245757) seconds
2026/08/31-10:01:29  ... thread 13: (34000,4717000) ops and (1122.2,2872.2) ops/second in (30.296495,1642.288876) seconds
2026/08/31-10:01:29  ... thread 2: (34000,4719000) ops and (1121.9,2873.4) ops/second in (30.304636,1642.303884) seconds
2026/08/31-10:01:29  ... thread 1: (35000,4717000) ops and (1153.8,2872.2) ops/second in (30.333426,1642.306616) seconds
2026/08/31-10:01:29  ... thread 9: (34000,4717000) ops and (1121.7,2872.2) ops/second in (30.311371,1642.307302) seconds
2026/08/31-10:01:29  ... thread 0: (35000,4716000) ops and (1154.4,2871.6) ops/second in (30.319131,1642.309151) seconds
2026/08/31-10:01:29  ... thread 15: (34000,4718000) ops and (1121.3,2872.8) ops/second in (30.320651,1642.309555) seconds

** Compaction Stats [default] **
Level    Files   Size     Score Read(GB)  Rn(GB) Rnp1(GB) Write(GB) WPreComp(GB) Wnew(GB) Moved(GB) W-Amp Rd(MB/s) Wr(MB/s) Comp(sec) CompMergeCPU(sec) Comp(cnt) Avg(sec) KeyIn KeyDrop Rblob(GB) Wblob(GB)
-------------------------------------------------------------------------------------------------------------------------------------------------------------------------------------------------------------
  L0     18/16     4.08 GB   1.0     70.8     0.0     70.8     144.9     144.9     74.0       0.0   2.0     20.4     41.7   3553.31            317.60      1488    2.388    147M    76K       0.0       0.0
  L1    164/164    9.95 GB   0.0    322.5    69.9    252.5     316.6     316.6     64.1       0.0   4.5    316.2    310.5   1044.26            968.73        40   26.106    328M  5951K       0.0       0.0
  L2    780/0     39.95 GB   1.0     98.0    44.5     53.5      88.8      88.8     35.3       9.6   2.0     18.0     16.3   5574.19            438.23       668    8.345     99M  9312K       0.0       0.0
  L3    101/0      5.02 GB   0.0      0.0     0.0      0.0       0.0       0.0      0.0       5.0   0.0      0.0      0.0      0.00              0.00         0    0.000       0      0       0.0       0.0
 Sum   1063/180   59.01 GB   0.0    491.3   114.4    376.8     550.3     550.3    173.4      14.7   7.4     49.5     55.4  10171.75           1724.56      2196    4.632    575M    15M       0.0       0.0
 Int      0/0      0.00 KB   0.0      0.5     0.0      0.5       0.7       0.7      0.2       0.0   3.7     21.0     28.9     23.75              1.73         5    4.750    682K    437       0.0       0.0

** Compaction Stats [default] **
Priority    Files   Size     Score Read(GB)  Rn(GB) Rnp1(GB) Write(GB) WPreComp(GB) Wnew(GB) Moved(GB) W-Amp Rd(MB/s) Wr(MB/s) Comp(sec) CompMergeCPU(sec) Comp(cnt) Avg(sec) KeyIn KeyDrop Rblob(GB) Wblob(GB)
----------------------------------------------------------------------------------------------------------------------------------------------------------------------------------------------------------------
 Low      0/0      0.00 KB   0.0    491.3   114.4    376.8     476.2     476.2     99.3       0.0   0.0     63.5     61.5   7924.21           1595.55       980    8.086    499M    15M       0.0       0.0
High      0/0      0.00 KB   0.0      0.0     0.0      0.0      74.1      74.1     74.1       0.0   0.0      0.0     33.8   2247.54            129.00      1216    1.848     75M      0       0.0       0.0

Blob file count: 0, total size: 0.0 GB, garbage size: 0.0 GB, space amp: 0.0

Uptime(secs): 1642.3 total, 16.9 interval
Flush(GB): cumulative 74.110, interval 0.183
AddFile(GB): cumulative 0.000, interval 0.000
AddFile(Total Files): cumulative 0, interval 0
AddFile(L0 Files): cumulative 0, interval 0
AddFile(Keys): cumulative 0, interval 0
Cumulative compaction: 550.27 GB write, 343.10 MB/s write, 491.27 GB read, 306.31 MB/s read, 10171.8 seconds
Interval compaction: 0.67 GB write, 40.61 MB/s write, 0.49 GB read, 29.56 MB/s read, 23.7 seconds
Estimated pending compaction bytes: 68306390137
Write Stall (count): cf-l0-file-count-limit-delays-with-ongoing-compaction: 70, cf-l0-file-count-limit-stops-with-ongoing-compaction: 0, l0-file-count-limit-delays: 70, l0-file-count-limit-stops: 0, memtable-limit-delays: 0, memtable-limit-stops: 956, pending-compaction-bytes-delays: 12, pending-compaction-bytes-stops: 0, total-delays: 82, total-stops: 956
interval: 4 total count
Block cache AutoHyperClockCache@0x6043b84412d0#2239720 capacity: 512.00 MB seed: 1 usage: 16.63 MB table_size: 7309 occupancy: 3951 collections: 10 last_copies: 0 last_secs: 0.000687 secs_since: 16
Block cache entry stats(count,size,portion): Misc(3956,16.21 MB,3.16545%)

** File Read Latency Histogram By Level [default] **
** Level 0 read latency histogram (micros):
Count: 36405575 Average: 3.2696  StdDev: 1366.71
Min: 0  Median: 0.8634  Max: 3176910
Percentiles: P50: 0.86 P75: 1.48 P99: 3.10 P99.9: 5.35 P99.99: 6.09
------------------------------------------------------
[       0,       1 ] 21081908  57.908%  57.908% ############
(       1,       2 ] 12960295  35.600%  93.508% #######
(       2,       3 ]  1970114   5.412%  98.920% #
(       3,       4 ]   291407   0.800%  99.720% 
(       4,       6 ]    97303   0.267%  99.988% 
(       6,      10 ]    41323   0.114% 100.101% 
(      10,      15 ]    16339   0.045% 100.146% 
(      15,      22 ]    10110   0.028% 100.174% 
(      22,      34 ]      627   0.002% 100.175% 
(      34,      51 ]      102   0.000% 100.176% 
(      51,      76 ]      441   0.001% 100.177% 
(      76,     110 ]      859   0.002% 100.179% 
(     110,     170 ]       31   0.000% 100.179% 
(     170,     250 ]       24   0.000% 100.179% 
(     250,     380 ]       60   0.000% 100.180% 
(     380,     580 ]       19   0.000% 100.180% 
(     580,     870 ]       48   0.000% 100.180% 
(     870,    1300 ]      113   0.000% 100.180% 
(    1300,    1900 ]       61   0.000% 100.180% 
(    1900,    2900 ]       22   0.000% 100.180% 
(    2900,    4400 ]        7   0.000% 100.180% 
(    4400,    6600 ]        5   0.000% 100.180% 
(    6600,    9900 ]        8   0.000% 100.180% 
(    9900,   14000 ]        2   0.000% 100.180% 
(   14000,   22000 ]        8   0.000% 100.180% 
(   22000,   33000 ]       24   0.000% 100.180% 
(   33000,   50000 ]       44   0.000% 100.181% 
(   50000,   75000 ]       66   0.000% 100.181% 
(   75000,  110000 ]      100   0.000% 100.181% 
(  110000,  170000 ]       69   0.000% 100.181% 
(  170000,  250000 ]       26   0.000% 100.181% 
(  250000,  380000 ]        7   0.000% 100.181% 
(  380000,  570000 ]        2   0.000% 100.181% 
(  570000,  860000 ]        4   0.000% 100.181% 
(  860000, 1200000 ]        3   0.000% 100.181% 
( 1200000, 1900000 ]        7   0.000% 100.181% 
( 1900000, 2900000 ]        1   0.000% 100.181% 
( 2900000, 4300000 ]        4   0.000% 100.181% 

** Level 1 read latency histogram (micros):
Count: 78325569 Average: 1.4703  StdDev: 3.48
Min: 0  Median: 0.7875  Max: 12193
Percentiles: P50: 0.79 P75: 1.38 P99: 2.99 P99.9: 3.97 P99.99: 4.39
------------------------------------------------------
[       0,       1 ] 49729799  63.491%  63.491% #############
(       1,       2 ] 23516220  30.024%  93.515% ######
(       2,       3 ]  4354246   5.559%  99.074% #
(       3,       4 ]   665174   0.849%  99.923% 
(       4,       6 ]   267594   0.342% 100.265% 
(       6,      10 ]   122838   0.157% 100.422% 
(      10,      15 ]    37807   0.048% 100.470% 
(      15,      22 ]    25588   0.033% 100.503% 
(      22,      34 ]     2210   0.003% 100.505% 
(      34,      51 ]      625   0.001% 100.506% 
(      51,      76 ]     1524   0.002% 100.508% 
(      76,     110 ]     1989   0.003% 100.511% 
(     110,     170 ]      903   0.001% 100.512% 
(     170,     250 ]      276   0.000% 100.512% 
(     250,     380 ]       49   0.000% 100.512% 
(     380,     580 ]       16   0.000% 100.512% 
(     580,     870 ]       17   0.000% 100.512% 
(     870,    1300 ]        4   0.000% 100.512% 
(    1300,    1900 ]        3   0.000% 100.512% 
(    1900,    2900 ]        7   0.000% 100.512% 
(    2900,    4400 ]       21   0.000% 100.512% 
(    4400,    6600 ]        3   0.000% 100.512% 
(    6600,    9900 ]        1   0.000% 100.512% 
(    9900,   14000 ]        3   0.000% 100.512% 

** Level 2 read latency histogram (micros):
Count: 11227842 Average: 138.3998  StdDev: 4796.59
Min: 0  Median: 1.3958  Max: 4177656
Percentiles: P50: 1.40 P75: 1.96 P99: 933.62 P99.9: 2201.86 P99.99: 2477.14
------------------------------------------------------
[       0,       1 ]  3633350  32.360%  32.360% ######
(       1,       2 ]  5004187  44.569%  76.930% #########
(       2,       3 ]  1450741  12.921%  89.851% ###
(       3,       4 ]   365130   3.252%  93.103% #
(       4,       6 ]   111287   0.991%  94.094% 
(       6,      10 ]    20272   0.181%  94.274% 
(      10,      15 ]    11605   0.103%  94.378% 
(      15,      22 ]     6347   0.057%  94.434% 
(      22,      34 ]     4346   0.039%  94.473% 
(      34,      51 ]    12568   0.112%  94.585% 
(      51,      76 ]    26986   0.240%  94.825% 
(      76,     110 ]    17322   0.154%  94.979% 
(     110,     170 ]    77185   0.687%  95.667% 
(     170,     250 ]    90747   0.808%  96.475% 
(     250,     380 ]   104648   0.932%  97.407% 
(     380,     580 ]    93641   0.834%  98.241% 
(     580,     870 ]    77227   0.688%  98.929% 
(     870,    1300 ]    53897   0.480%  99.409% 
(    1300,    1900 ]    44047   0.392%  99.801% 
(    1900,    2900 ]    36709   0.327% 100.128% 
(    2900,    4400 ]    20349   0.181% 100.309% 
(    4400,    6600 ]    11313   0.101% 100.410% 
(    6600,    9900 ]     3570   0.032% 100.442% 
(    9900,   14000 ]     1373   0.012% 100.454% 
(   14000,   22000 ]     1651   0.015% 100.469% 
(   22000,   33000 ]     1493   0.013% 100.482% 
(   33000,   50000 ]     1719   0.015% 100.498% 
(   50000,   75000 ]     1813   0.016% 100.514% 
(   75000,  110000 ]     1786   0.016% 100.530% 
(  110000,  170000 ]     1649   0.015% 100.544% 
(  170000,  250000 ]      841   0.007% 100.552% 
(  250000,  380000 ]      269   0.002% 100.554% 
(  380000,  570000 ]       49   0.000% 100.555% 
(  570000,  860000 ]       14   0.000% 100.555% 
(  860000, 1200000 ]       23   0.000% 100.555% 
( 1200000, 1900000 ]       19   0.000% 100.555% 
( 2900000, 4300000 ]        4   0.000% 100.555% 


** DB Stats **
Uptime(secs): 1642.3 total, 16.9 interval
Cumulative writes: 75M writes, 75M keys, 9730K commit groups, 7.8 writes per commit group, ingest: 73.50 GB, 45.83 MB/s
Cumulative WAL: 75M writes, 0 syncs, 75478431.00 writes per sync, written: 73.50 GB, 45.83 MB/s
Cumulative stall: 00:23:27.560 H:M:S, 85.7 percent
Interval writes: 234K writes, 234K keys, 35K commit groups, 6.7 writes per commit group, ingest: 234.30 MB, 13.87 MB/s
Interval WAL: 234K writes, 0 syncs, 234915.00 writes per sync, written: 0.23 GB, 13.87 MB/s
Interval stall: 00:00:10.083 H:M:S, 59.7 percent
Write Stall (count): write-buffer-manager-limit-stops: 0
num-running-compactions: 1
num-running-flushes: 1

2026/08/31-10:01:29  ... thread 7: (35000,4718000) ops and (1153.4,2872.8) ops/second in (30.345007,1642.309689) seconds
2026/08/31-10:01:29  ... thread 11: (34000,4717000) ops and (1121.5,2872.2) ops/second in (30.316343,1642.310564) seconds
2026/08/31-10:01:29  ... thread 12: (35000,4717000) ops and (1153.5,2872.2) ops/second in (30.342807,1642.310788) seconds
2026/08/31-10:01:29  ... thread 5: (34000,4720000) ops and (1121.1,2874.0) ops/second in (30.326161,1642.319866) seconds
2026/08/31-10:01:29  ... thread 4: (35000,4717000) ops and (1153.6,2872.2) ops/second in (30.339036,1642.323272) seconds
2026/08/31-10:01:29  ... thread 3: (35000,4718000) ops and (1153.9,2872.8) ops/second in (30.330773,1642.325864) seconds
2026/08/31-10:01:29  ... thread 8: (35000,4719000) ops and (1153.8,2873.4) ops/second in (30.335679,1642.332298) seconds
2026/08/31-10:01:29  ... thread 14: (35000,4719000) ops and (1153.4,2873.4) ops/second in (30.345740,1642.333622) seconds
2026/08/31-10:02:00  ... thread 5: (73000,4793000) ops and (2364.5,2864.6) ops/second in (30.873133,1673.192999) seconds
2026/08/31-10:02:00  ... thread 14: (73000,4792000) ops and (2364.8,2864.0) ops/second in (30.869022,1673.202644) seconds
2026/08/31-10:02:00  ... thread 8: (73000,4792000) ops and (2364.7,2864.0) ops/second in (30.870902,1673.203200) seconds
2026/08/31-10:02:00  ... thread 3: (73000,4791000) ops and (2364.2,2863.4) ops/second in (30.877401,1673.203265) seconds
2026/08/31-10:02:00  ... thread 15: (74000,4792000) ops and (2394.9,2864.0) ops/second in (30.899217,1673.208772) seconds
2026/08/31-10:02:00  ... thread 10: (74000,4791000) ops and (2382.6,2863.4) ops/second in (31.058940,1673.209196) seconds
2026/08/31-10:02:00  ... thread 6: (74000,4788000) ops and (2389.7,2861.6) ops/second in (30.966165,1673.211922) seconds
2026/08/31-10:02:00  ... thread 2: (74000,4793000) ops and (2394.1,2864.5) ops/second in (30.908694,1673.212578) seconds
2026/08/31-10:02:00  ... thread 1: (74000,4791000) ops and (2394.3,2863.4) ops/second in (30.906454,1673.213070) seconds
2026/08/31-10:02:00  ... thread 0: (74000,4790000) ops and (2394.4,2862.8) ops/second in (30.904871,1673.214022) seconds

** Compaction Stats [default] **
Level    Files   Size     Score Read(GB)  Rn(GB) Rnp1(GB) Write(GB) WPreComp(GB) Wnew(GB) Moved(GB) W-Amp Rd(MB/s) Wr(MB/s) Comp(sec) CompMergeCPU(sec) Comp(cnt) Avg(sec) KeyIn KeyDrop Rblob(GB) Wblob(GB)
-------------------------------------------------------------------------------------------------------------------------------------------------------------------------------------------------------------
  L0      8/0      1.70 GB   4.0     71.9     0.0     71.9     147.2     147.2     75.2       0.0   2.0     20.3     41.6   3626.71            323.54      1512    2.399    149M    77K       0.0       0.0
  L1    181/16    10.92 GB   2.5    336.0    73.5    262.5     329.8     329.8     67.3       0.0   4.5    317.5    311.5   1083.89           1012.03        41   26.436    341M  6363K       0.0       0.0
  L2    801/32    41.27 GB   1.0    101.4    45.9     55.5      91.8      91.8     36.3      10.4   2.0     17.9     16.2   5810.34            457.53       694    8.372    103M  9818K       0.0       0.0
  L3    109/0      5.42 GB   0.0      0.0     0.0      0.0       0.0       0.0      0.0       5.4   0.0      0.0      0.0      0.00              0.00         0    0.000       0      0       0.0       0.0
 Sum   1099/48    59.32 GB   0.0    509.3   119.5    389.9     568.7     568.7    178.8      15.8   7.5     49.6     55.3  10520.95           1793.10      2247    4.682    594M    16M       0.0       0.0
 Int      0/0      0.00 KB   0.0     18.6     5.0     13.5      19.1      19.1      5.5       1.2  13.6     51.0     52.3    372.94             70.28        56    6.660     20M   919K       0.0       0.0

** Compaction Stats [default] **
Priority    Files   Size     Score Read(GB)  Rn(GB) Rnp1(GB) Write(GB) WPreComp(GB) Wnew(GB) Moved(GB) W-Amp Rd(MB/s) Wr(MB/s) Comp(sec) CompMergeCPU(sec) Comp(cnt) Avg(sec) KeyIn KeyDrop Rblob(GB) Wblob(GB)
----------------------------------------------------------------------------------------------------------------------------------------------------------------------------------------------------------------
 Low      0/0      0.00 KB   0.0    509.3   119.5    389.9     493.3     493.3    103.5       0.0   0.0     63.4     61.4   8223.38           1661.69      1011    8.134    518M    16M       0.0       0.0
High      0/0      0.00 KB   0.0      0.0     0.0      0.0      75.3      75.3     75.3       0.0   0.0      0.0     33.6   2297.56            131.41      1236    1.859     76M      0       0.0       0.0

Blob file count: 0, total size: 0.0 GB, garbage size: 0.0 GB, space amp: 0.0

Uptime(secs): 1673.2 total, 47.8 interval
Flush(GB): cumulative 75.326, interval 1.399
AddFile(GB): cumulative 0.000, interval 0.000
AddFile(Total Files): cumulative 0, interval 0
AddFile(L0 Files): cumulative 0, interval 0
AddFile(Keys): cumulative 0, interval 0
Cumulative compaction: 568.67 GB write, 348.02 MB/s write, 509.35 GB read, 311.72 MB/s read, 10520.9 seconds
Interval compaction: 19.06 GB write, 408.39 MB/s write, 18.57 GB read, 397.81 MB/s read, 372.9 seconds
Estimated pending compaction bytes: 64876956788
Write Stall (count): cf-l0-file-count-limit-delays-with-ongoing-compaction: 71, cf-l0-file-count-limit-stops-with-ongoing-compaction: 0, l0-file-count-limit-delays: 71, l0-file-count-limit-stops: 0, memtable-limit-delays: 0, memtable-limit-stops: 982, pending-compaction-bytes-delays: 12, pending-compaction-bytes-stops: 0, total-delays: 83, total-stops: 982
interval: 31 total count
Block cache AutoHyperClockCache@0x6043b84412d0#2239720 capacity: 512.00 MB seed: 1 usage: 16.63 MB table_size: 7309 occupancy: 3951 collections: 10 last_copies: 0 last_secs: 0.000687 secs_since: 47
Block cache entry stats(count,size,portion): Misc(3956,16.21 MB,3.16545%)

** File Read Latency Histogram By Level [default] **
** Level 0 read latency histogram (micros):
Count: 36843273 Average: 3.3340  StdDev: 1411.03
Min: 0  Median: 0.8657  Max: 3176910
Percentiles: P50: 0.87 P75: 1.48 P99: 3.12 P99.9: 5.37 P99.99: 6.14
------------------------------------------------------
[       0,       1 ] 21278954  57.755%  57.755% ############
(       1,       2 ] 13149667  35.691%  93.446% #######
(       2,       3 ]  2011041   5.458%  98.905% #
(       3,       4 ]   297884   0.809%  99.713% 
(       4,       6 ]   100566   0.273%  99.986% 
(       6,      10 ]    42109   0.114% 100.100% 
(      10,      15 ]    16615   0.045% 100.145% 
(      15,      22 ]    10225   0.028% 100.173% 
(      22,      34 ]      637   0.002% 100.175% 
(      34,      51 ]      105   0.000% 100.175% 
(      51,      76 ]      447   0.001% 100.176% 
(      76,     110 ]      874   0.002% 100.179% 
(     110,     170 ]       32   0.000% 100.179% 
(     170,     250 ]       24   0.000% 100.179% 
(     250,     380 ]       63   0.000% 100.179% 
(     380,     580 ]       20   0.000% 100.179% 
(     580,     870 ]       48   0.000% 100.179% 
(     870,    1300 ]      116   0.000% 100.180% 
(    1300,    1900 ]       61   0.000% 100.180% 
(    1900,    2900 ]       22   0.000% 100.180% 
(    2900,    4400 ]        7   0.000% 100.180% 
(    4400,    6600 ]        5   0.000% 100.180% 
(    6600,    9900 ]        8   0.000% 100.180% 
(    9900,   14000 ]        3   0.000% 100.180% 
(   14000,   22000 ]        9   0.000% 100.180% 
(   22000,   33000 ]       24   0.000% 100.180% 
(   33000,   50000 ]       44   0.000% 100.180% 
(   50000,   75000 ]       68   0.000% 100.180% 
(   75000,  110000 ]      103   0.000% 100.181% 
(  110000,  170000 ]       72   0.000% 100.181% 
(  170000,  250000 ]       26   0.000% 100.181% 
(  250000,  380000 ]        7   0.000% 100.181% 
(  380000,  570000 ]        2   0.000% 100.181% 
(  570000,  860000 ]        4   0.000% 100.181% 
(  860000, 1200000 ]        3   0.000% 100.181% 
( 1200000, 1900000 ]        7   0.000% 100.181% 
( 1900000, 2900000 ]        2   0.000% 100.181% 
( 2900000, 4300000 ]        4   0.000% 100.181% 

** Level 1 read latency histogram (micros):
Count: 79303972 Average: 1.4767  StdDev: 3.46
Min: 0  Median: 0.7914  Max: 12193
Percentiles: P50: 0.79 P75: 1.39 P99: 3.00 P99.9: 4.01 P99.99: 4.51
------------------------------------------------------
[       0,       1 ] 50104697  63.181%  63.181% #############
(       1,       2 ] 23901559  30.139%  93.320% ######
(       2,       3 ]  4513402   5.691%  99.011% #
(       3,       4 ]   703952   0.888%  99.899% 
(       4,       6 ]   286021   0.361% 100.259% 
(       6,      10 ]   127402   0.161% 100.420% 
(      10,      15 ]    38984   0.049% 100.469% 
(      15,      22 ]    26388   0.033% 100.502% 
(      22,      34 ]     2293   0.003% 100.505% 
(      34,      51 ]      644   0.001% 100.506% 
(      51,      76 ]     1590   0.002% 100.508% 
(      76,     110 ]     2096   0.003% 100.511% 
(     110,     170 ]      926   0.001% 100.512% 
(     170,     250 ]      282   0.000% 100.512% 
(     250,     380 ]       49   0.000% 100.512% 
(     380,     580 ]       16   0.000% 100.512% 
(     580,     870 ]       17   0.000% 100.512% 
(     870,    1300 ]        5   0.000% 100.512% 
(    1300,    1900 ]        3   0.000% 100.512% 
(    1900,    2900 ]        7   0.000% 100.512% 
(    2900,    4400 ]       21   0.000% 100.512% 
(    4400,    6600 ]        3   0.000% 100.512% 
(    6600,    9900 ]        1   0.000% 100.512% 
(    9900,   14000 ]        3   0.000% 100.512% 

** Level 2 read latency histogram (micros):
Count: 11894518 Average: 141.8449  StdDev: 4835.91
Min: 0  Median: 1.4107  Max: 4177656
Percentiles: P50: 1.41 P75: 1.97 P99: 971.03 P99.9: 2238.26 P99.99: 2505.43
------------------------------------------------------
[       0,       1 ]  3767076  31.671%  31.671% ######
(       1,       2 ]  5308028  44.626%  76.297% #########
(       2,       3 ]  1575438  13.245%  89.542% ###
(       3,       4 ]   402188   3.381%  92.923% #
(       4,       6 ]   123203   1.036%  93.959% 
(       6,      10 ]    21711   0.183%  94.141% 
(      10,      15 ]    12612   0.106%  94.247% 
(      15,      22 ]     6897   0.058%  94.305% 
(      22,      34 ]     4564   0.038%  94.344% 
(      34,      51 ]    13183   0.111%  94.454% 
(      51,      76 ]    28817   0.242%  94.697% 
(      76,     110 ]    18502   0.156%  94.852% 
(     110,     170 ]    82709   0.695%  95.548% 
(     170,     250 ]    97383   0.819%  96.366% 
(     250,     380 ]   113268   0.952%  97.319% 
(     380,     580 ]   101742   0.855%  98.174% 
(     580,     870 ]    84348   0.709%  98.883% 
(     870,    1300 ]    59181   0.498%  99.381% 
(    1300,    1900 ]    48221   0.405%  99.786% 
(    1900,    2900 ]    40068   0.337% 100.123% 
(    2900,    4400 ]    22103   0.186% 100.309% 
(    4400,    6600 ]    12240   0.103% 100.412% 
(    6600,    9900 ]     3909   0.033% 100.445% 
(    9900,   14000 ]     1517   0.013% 100.457% 
(   14000,   22000 ]     1836   0.015% 100.473% 
(   22000,   33000 ]     1635   0.014% 100.486% 
(   33000,   50000 ]     1851   0.016% 100.502% 
(   50000,   75000 ]     1949   0.016% 100.518% 
(   75000,  110000 ]     1926   0.016% 100.535% 
(  110000,  170000 ]     1770   0.015% 100.549% 
(  170000,  250000 ]      907   0.008% 100.557% 
(  250000,  380000 ]      317   0.003% 100.560% 
(  380000,  570000 ]       50   0.000% 100.560% 
(  570000,  860000 ]       14   0.000% 100.560% 
(  860000, 1200000 ]       24   0.000% 100.561% 
( 1200000, 1900000 ]       20   0.000% 100.561% 
( 1900000, 2900000 ]        1   0.000% 100.561% 
( 2900000, 4300000 ]        4   0.000% 100.561% 


** DB Stats **
Uptime(secs): 1673.2 total, 30.9 interval
Cumulative writes: 76M writes, 76M keys, 9882K commit groups, 7.8 writes per commit group, ingest: 74.65 GB, 45.68 MB/s
Cumulative WAL: 76M writes, 0 syncs, 76661011.00 writes per sync, written: 74.65 GB, 45.68 MB/s
Cumulative stall: 00:23:54.393 H:M:S, 85.7 percent
Interval writes: 1182K writes, 1182K keys, 152K commit groups, 7.8 writes per commit group, ingest: 1179.17 MB, 38.15 MB/s
Interval WAL: 1182K writes, 0 syncs, 1182580.00 writes per sync, written: 1.15 GB, 38.15 MB/s
Interval stall: 00:00:26.833 H:M:S, 86.8 percent
Write Stall (count): write-buffer-manager-limit-stops: 0
num-running-compactions: 16
num-running-flushes: 1

2026/08/31-10:02:00  ... thread 9: (74000,4791000) ops and (2394.3,2863.4) ops/second in (30.907356,1673.214658) seconds
2026/08/31-10:02:00  ... thread 13: (74000,4791000) ops and (2392.7,2863.3) ops/second in (30.927186,1673.216062) seconds
2026/08/31-10:02:00  ... thread 7: (74000,4792000) ops and (2394.2,2863.9) ops/second in (30.907666,1673.217355) seconds
2026/08/31-10:02:00  ... thread 11: (74000,4791000) ops and (2394.2,2863.3) ops/second in (30.908594,1673.219158) seconds
2026/08/31-10:02:00  ... thread 12: (74000,4791000) ops and (2394.2,2863.3) ops/second in (30.908290,1673.219078) seconds
2026/08/31-10:02:00  ... thread 4: (74000,4791000) ops and (2394.6,2863.3) ops/second in (30.902580,1673.225852) seconds
2026/08/31-10:02:30  ... thread 14: (135000,4927000) ops and (4483.3,2892.6) ops/second in (30.111893,1703.314537) seconds
2026/08/31-10:02:31  ... thread 2: (135000,4928000) ops and (4468.0,2893.0) ops/second in (30.214928,1703.427506) seconds
2026/08/31-10:02:31  ... thread 7: (135000,4927000) ops and (4436.4,2892.0) ops/second in (30.429954,1703.647309) seconds
2026/08/31-10:02:31  ... thread 11: (135000,4926000) ops and (4435.4,2891.4) ops/second in (30.437279,1703.656437) seconds
2026/08/31-10:02:31  ... thread 3: (135000,4926000) ops and (4422.8,2891.3) ops/second in (30.523750,1703.727015) seconds
2026/08/31-10:02:31  ... thread 4: (134000,4925000) ops and (4389.5,2890.7) ops/second in (30.527659,1703.753511) seconds
2026/08/31-10:02:31  ... thread 13: (135000,4926000) ops and (4419.5,2891.2) ops/second in (30.546303,1703.762365) seconds
2026/08/31-10:02:31  ... thread 0: (135000,4925000) ops and (4406.6,2890.5) ops/second in (30.635885,1703.849907) seconds

** Compaction Stats [default] **
Level    Files   Size     Score Read(GB)  Rn(GB) Rnp1(GB) Write(GB) WPreComp(GB) Wnew(GB) Moved(GB) W-Amp Rd(MB/s) Wr(MB/s) Comp(sec) CompMergeCPU(sec) Comp(cnt) Avg(sec) KeyIn KeyDrop Rblob(GB) Wblob(GB)
-------------------------------------------------------------------------------------------------------------------------------------------------------------------------------------------------------------
  L0     21/21     3.77 GB   0.0     73.6     0.0     73.6     150.9     150.9     77.3       0.0   2.0     20.5     42.1   3671.28            331.53      1553    2.364    153M    79K       0.0       0.0
  L1    165/165    9.97 GB   0.0    336.0    73.5    262.5     329.8     329.8     67.3       0.0   4.5    317.5    311.5   1083.89           1012.03        41   26.436    341M  6363K       0.0       0.0
  L2    770/0     39.89 GB   1.0    103.9    46.9     57.0      93.9      93.9     36.9      10.4   2.0     17.8     16.1   5977.58            471.54       709    8.431    105M    10M       0.0       0.0
  L3    150/0      7.43 GB   0.0      0.0     0.0      0.0       0.0       0.0      0.0       7.4   0.0      0.0      0.0      0.00              0.00         0    0.000       0      0       0.0       0.0
 Sum   1106/186   61.06 GB   0.0    513.6   120.4    393.1     574.6     574.6    181.5      17.8   7.4     49.0     54.8  10732.75           1815.10      2303    4.660    601M    16M       0.0       0.0
 Int      0/0      0.00 KB   0.0      0.5     0.0      0.5       1.1       1.1      0.6       0.0   1.8     36.6     82.3     13.66              2.24        12    1.138   1117K    447       0.0       0.0

** Compaction Stats [default] **
Priority    Files   Size     Score Read(GB)  Rn(GB) Rnp1(GB) Write(GB) WPreComp(GB) Wnew(GB) Moved(GB) W-Amp Rd(MB/s) Wr(MB/s) Comp(sec) CompMergeCPU(sec) Comp(cnt) Avg(sec) KeyIn KeyDrop Rblob(GB) Wblob(GB)
----------------------------------------------------------------------------------------------------------------------------------------------------------------------------------------------------------------
 Low      0/0      0.00 KB   0.0    513.6   120.4    393.1     497.2     497.2    104.1       0.0   0.0     62.6     60.6   8404.20           1680.14      1033    8.136    522M    16M       0.0       0.0
High      0/0      0.00 KB   0.0      0.0     0.0      0.0      77.4      77.4     77.4       0.0   0.0      0.0     34.0   2328.55            134.97      1270    1.834     78M      0       0.0       0.0

Blob file count: 0, total size: 0.0 GB, garbage size: 0.0 GB, space amp: 0.0

Uptime(secs): 1703.9 total, 18.4 interval
Flush(GB): cumulative 77.400, interval 0.611
AddFile(GB): cumulative 0.000, interval 0.000
AddFile(Total Files): cumulative 0, interval 0
AddFile(L0 Files): cumulative 0, interval 0
AddFile(Keys): cumulative 0, interval 0
Cumulative compaction: 574.63 GB write, 345.35 MB/s write, 513.57 GB read, 308.65 MB/s read, 10732.8 seconds
Interval compaction: 1.10 GB write, 61.03 MB/s write, 0.49 GB read, 27.12 MB/s read, 13.7 seconds
Estimated pending compaction bytes: 67472422331
Write Stall (count): cf-l0-file-count-limit-delays-with-ongoing-compaction: 73, cf-l0-file-count-limit-stops-with-ongoing-compaction: 0, l0-file-count-limit-delays: 73, l0-file-count-limit-stops: 0, memtable-limit-delays: 0, memtable-limit-stops: 1007, pending-compaction-bytes-delays: 12, pending-compaction-bytes-stops: 0, total-delays: 85, total-stops: 1007
interval: 9 total count
Block cache AutoHyperClockCache@0x6043b84412d0#2239720 capacity: 512.00 MB seed: 1 usage: 16.63 MB table_size: 7309 occupancy: 3951 collections: 10 last_copies: 1 last_secs: 0.000687 secs_since: 78
Block cache entry stats(count,size,portion): Misc(3956,16.21 MB,3.16545%)

** File Read Latency Histogram By Level [default] **
** Level 0 read latency histogram (micros):
Count: 37708258 Average: 3.3019  StdDev: 1394.95
Min: 0  Median: 0.8670  Max: 3176910
Percentiles: P50: 0.87 P75: 1.48 P99: 3.13 P99.9: 5.37 P99.99: 6.15
------------------------------------------------------
[       0,       1 ] 21745680  57.668%  57.668% ############
(       1,       2 ] 13485121  35.762%  93.430% #######
(       2,       3 ]  2061904   5.468%  98.898% #
(       3,       4 ]   306755   0.813%  99.711% 
(       4,       6 ]   103463   0.274%  99.986% 
(       6,      10 ]    43097   0.114% 100.100% 
(      10,      15 ]    17031   0.045% 100.145% 
(      15,      22 ]    10456   0.028% 100.173% 
(      22,      34 ]      647   0.002% 100.175% 
(      34,      51 ]      107   0.000% 100.175% 
(      51,      76 ]      463   0.001% 100.176% 
(      76,     110 ]      896   0.002% 100.179% 
(     110,     170 ]       32   0.000% 100.179% 
(     170,     250 ]       25   0.000% 100.179% 
(     250,     380 ]       69   0.000% 100.179% 
(     380,     580 ]       20   0.000% 100.179% 
(     580,     870 ]       48   0.000% 100.179% 
(     870,    1300 ]      117   0.000% 100.179% 
(    1300,    1900 ]       61   0.000% 100.180% 
(    1900,    2900 ]       23   0.000% 100.180% 
(    2900,    4400 ]        7   0.000% 100.180% 
(    4400,    6600 ]        7   0.000% 100.180% 
(    6600,    9900 ]        8   0.000% 100.180% 
(    9900,   14000 ]        4   0.000% 100.180% 
(   14000,   22000 ]       10   0.000% 100.180% 
(   22000,   33000 ]       24   0.000% 100.180% 
(   33000,   50000 ]       44   0.000% 100.180% 
(   50000,   75000 ]       70   0.000% 100.180% 
(   75000,  110000 ]      105   0.000% 100.180% 
(  110000,  170000 ]       72   0.000% 100.181% 
(  170000,  250000 ]       26   0.000% 100.181% 
(  250000,  380000 ]        7   0.000% 100.181% 
(  380000,  570000 ]        2   0.000% 100.181% 
(  570000,  860000 ]        4   0.000% 100.181% 
(  860000, 1200000 ]        3   0.000% 100.181% 
( 1200000, 1900000 ]        7   0.000% 100.181% 
( 1900000, 2900000 ]        2   0.000% 100.181% 
( 2900000, 4300000 ]        4   0.000% 100.181% 

** Level 1 read latency histogram (micros):
Count: 80463128 Average: 1.4771  StdDev: 3.44
Min: 0  Median: 0.7917  Max: 12193
Percentiles: P50: 0.79 P75: 1.39 P99: 3.00 P99.9: 4.01 P99.99: 4.51
------------------------------------------------------
[       0,       1 ] 50816944  63.156%  63.156% #############
(       1,       2 ] 24264339  30.156%  93.311% ######
(       2,       3 ]  4583465   5.696%  99.008% #
(       3,       4 ]   716369   0.890%  99.898% 
(       4,       6 ]   290348   0.361% 100.259% 
(       6,      10 ]   129324   0.161% 100.420% 
(      10,      15 ]    39683   0.049% 100.469% 
(      15,      22 ]    26899   0.033% 100.502% 
(      22,      34 ]     2323   0.003% 100.505% 
(      34,      51 ]      649   0.001% 100.506% 
(      51,      76 ]     1592   0.002% 100.508% 
(      76,     110 ]     2100   0.003% 100.511% 
(     110,     170 ]      926   0.001% 100.512% 
(     170,     250 ]      282   0.000% 100.512% 
(     250,     380 ]       49   0.000% 100.512% 
(     380,     580 ]       16   0.000% 100.512% 
(     580,     870 ]       17   0.000% 100.512% 
(     870,    1300 ]        5   0.000% 100.512% 
(    1300,    1900 ]        3   0.000% 100.512% 
(    1900,    2900 ]        7   0.000% 100.512% 
(    2900,    4400 ]       21   0.000% 100.512% 
(    4400,    6600 ]        3   0.000% 100.512% 
(    6600,    9900 ]        1   0.000% 100.512% 
(    9900,   14000 ]        3   0.000% 100.512% 

** Level 2 read latency histogram (micros):
Count: 12122219 Average: 141.6207  StdDev: 4804.90
Min: 0  Median: 1.4123  Max: 4177656
Percentiles: P50: 1.41 P75: 1.97 P99: 987.44 P99.9: 2259.28 P99.99: 2523.08
------------------------------------------------------
[       0,       1 ]  3830151  31.596%  31.596% ######
(       1,       2 ]  5410645  44.634%  76.230% #########
(       2,       3 ]  1606642  13.254%  89.484% ###
(       3,       4 ]   410716   3.388%  92.872% #
(       4,       6 ]   125515   1.035%  93.907% 
(       6,      10 ]    22136   0.183%  94.090% 
(      10,      15 ]    12883   0.106%  94.196% 
(      15,      22 ]     7048   0.058%  94.254% 
(      22,      34 ]     4583   0.038%  94.292% 
(      34,      51 ]    13886   0.115%  94.407% 
(      51,      76 ]    29870   0.246%  94.653% 
(      76,     110 ]    19089   0.157%  94.811% 
(     110,     170 ]    84957   0.701%  95.512% 
(     170,     250 ]   100291   0.827%  96.339% 
(     250,     380 ]   115634   0.954%  97.293% 
(     380,     580 ]   103886   0.857%  98.150% 
(     580,     870 ]    86398   0.713%  98.863% 
(     870,    1300 ]    61025   0.503%  99.366% 
(    1300,    1900 ]    49883   0.412%  99.777% 
(    1900,    2900 ]    41357   0.341% 100.119% 
(    2900,    4400 ]    22690   0.187% 100.306% 
(    4400,    6600 ]    12536   0.103% 100.409% 
(    6600,    9900 ]     3965   0.033% 100.442% 
(    9900,   14000 ]     1529   0.013% 100.455% 
(   14000,   22000 ]     1860   0.015% 100.470% 
(   22000,   33000 ]     1655   0.014% 100.484% 
(   33000,   50000 ]     1882   0.016% 100.499% 
(   50000,   75000 ]     1971   0.016% 100.515% 
(   75000,  110000 ]     1956   0.016% 100.531% 
(  110000,  170000 ]     1797   0.015% 100.546% 
(  170000,  250000 ]      919   0.008% 100.554% 
(  250000,  380000 ]      320   0.003% 100.556% 
(  380000,  570000 ]       50   0.000% 100.557% 
(  570000,  860000 ]       14   0.000% 100.557% 
(  860000, 1200000 ]       24   0.000% 100.557% 
( 1200000, 1900000 ]       20   0.000% 100.557% 
( 1900000, 2900000 ]        1   0.000% 100.557% 
( 2900000, 4300000 ]        4   0.000% 100.557% 


** DB Stats **
Uptime(secs): 1703.9 total, 18.4 interval
Cumulative writes: 78M writes, 78M keys, 10M commit groups, 7.8 writes per commit group, ingest: 76.75 GB, 46.13 MB/s
Cumulative WAL: 78M writes, 0 syncs, 78820549.00 writes per sync, written: 76.75 GB, 46.13 MB/s
Cumulative stall: 00:24:15.371 H:M:S, 85.4 percent
Interval writes: 574K writes, 574K keys, 74K commit groups, 7.7 writes per commit group, ingest: 572.87 MB, 31.09 MB/s
Interval WAL: 574K writes, 0 syncs, 574525.00 writes per sync, written: 0.56 GB, 31.09 MB/s
Interval stall: 00:00:11.324 H:M:S, 61.4 percent
Write Stall (count): write-buffer-manager-limit-stops: 0
num-running-compactions: 2
num-running-flushes: 0

2026/08/31-10:02:31  ... thread 9: (135000,4926000) ops and (4394.4,2891.0) ops/second in (30.721111,1703.935769) seconds
2026/08/31-10:02:31  ... thread 15: (135000,4927000) ops and (4348.6,2891.0) ops/second in (31.044210,1704.252982) seconds
2026/08/31-10:02:31  ... thread 1: (135000,4926000) ops and (4345.6,2890.4) ops/second in (31.065891,1704.278961) seconds
2026/08/31-10:02:32  ... thread 12: (135000,4926000) ops and (4310.0,2889.9) ops/second in (31.322228,1704.541306) seconds
2026/08/31-10:02:32  ... thread 10: (136000,4927000) ops and (4273.2,2889.7) ops/second in (31.826269,1705.035465) seconds
2026/08/31-10:02:32  ... thread 5: (136000,4929000) ops and (4231.1,2890.3) ops/second in (32.142581,1705.335580) seconds
2026/08/31-10:02:32  ... thread 8: (136000,4928000) ops and (4232.5,2889.8) ops/second in (32.132623,1705.335823) seconds
2026/08/31-10:02:32  ... thread 6: (136000,4924000) ops and (4232.7,2887.4) ops/second in (32.130485,1705.342407) seconds
2026/08/31-10:03:00  ... thread 14: (40000,4967000) ops and (1332.4,2865.6) ops/second in (30.021519,1733.336056) seconds
2026/08/31-10:03:06  ... thread 8: (42000,4970000) ops and (1256.4,2858.3) ops/second in (33.429828,1738.765651) seconds
2026/08/31-10:03:06  ... thread 6: (42000,4966000) ops and (1256.5,2856.0) ops/second in (33.426383,1738.768790) seconds
2026/08/31-10:03:06  ... thread 2: (43000,4971000) ops and (1216.7,2858.9) ops/second in (35.342834,1738.770340) seconds
2026/08/31-10:03:06  ... thread 10: (43000,4970000) ops and (1274.5,2858.3) ops/second in (33.738624,1738.774089) seconds
2026/08/31-10:03:06  ... thread 1: (43000,4969000) ops and (1246.6,2857.8) ops/second in (34.494837,1738.773798) seconds
2026/08/31-10:03:06  ... thread 13: (43000,4969000) ops and (1228.1,2857.8) ops/second in (35.012329,1738.774694) seconds
2026/08/31-10:03:06  ... thread 7: (43000,4970000) ops and (1224.1,2858.3) ops/second in (35.128232,1738.775541) seconds
2026/08/31-10:03:06  ... thread 3: (43000,4969000) ops and (1226.8,2857.8) ops/second in (35.051681,1738.778696) seconds
2026/08/31-10:03:06  ... thread 12: (43000,4969000) ops and (1255.8,2857.7) ops/second in (34.239854,1738.781160) seconds
2026/08/31-10:03:06  ... thread 9: (43000,4969000) ops and (1234.0,2857.7) ops/second in (34.846291,1738.782060) seconds
2026/08/31-10:03:06  ... thread 4: (43000,4968000) ops and (1227.6,2857.2) ops/second in (35.028632,1738.782143) seconds
2026/08/31-10:03:06  ... thread 11: (43000,4969000) ops and (1224.1,2857.7) ops/second in (35.127335,1738.783772) seconds
2026/08/31-10:03:06  ... thread 5: (43000,4972000) ops and (1285.5,2859.5) ops/second in (33.449493,1738.785073) seconds
2026/08/31-10:03:06  ... thread 15: (43000,4970000) ops and (1245.1,2858.3) ops/second in (34.534463,1738.787445) seconds
2026/08/31-10:03:06  ... thread 0: (43000,4968000) ops and (1230.7,2857.2) ops/second in (34.940601,1738.790508) seconds

** Compaction Stats [default] **
Level    Files   Size     Score Read(GB)  Rn(GB) Rnp1(GB) Write(GB) WPreComp(GB) Wnew(GB) Moved(GB) W-Amp Rd(MB/s) Wr(MB/s) Comp(sec) CompMergeCPU(sec) Comp(cnt) Avg(sec) KeyIn KeyDrop Rblob(GB) Wblob(GB)
-------------------------------------------------------------------------------------------------------------------------------------------------------------------------------------------------------------
  L0     10/4    996.32 MB   3.0     74.4     0.0     74.4     152.4     152.4     78.0       0.0   2.0     20.4     41.9   3724.21            334.86      1568    2.375    155M    79K       0.0       0.0
  L1    204/17    12.19 GB   2.8    349.5    77.1    272.5     342.9     342.9     70.4       0.0   4.4    317.6    311.5   1126.92           1053.40        42   26.831    355M  6767K       0.0       0.0
  L2    784/30    40.75 GB   1.0    105.0    47.3     57.6      94.9      94.9     37.3      11.0   2.0     17.9     16.2   6008.44            475.85       716    8.392    106M    10M       0.0       0.0
  L3    150/0      7.43 GB   0.0      0.0     0.0      0.0       0.0       0.0      0.0       7.4   0.0      0.0      0.0      0.00              0.00         0    0.000       0      0       0.0       0.0
 Sum   1148/51    61.34 GB   0.0    528.8   124.4    404.4     590.1     590.1    185.7      18.4   7.6     49.9     55.6  10859.57           1864.10      2326    4.669    617M    17M       0.0       0.0
 Int      0/0      0.00 KB   0.0     15.8     4.0     11.8      16.6      16.6      4.8       0.6  12.4    114.9    121.1    140.47             51.24        35    4.013     17M   487K       0.0       0.0

** Compaction Stats [default] **
Priority    Files   Size     Score Read(GB)  Rn(GB) Rnp1(GB) Write(GB) WPreComp(GB) Wnew(GB) Moved(GB) W-Amp Rd(MB/s) Wr(MB/s) Comp(sec) CompMergeCPU(sec) Comp(cnt) Avg(sec) KeyIn KeyDrop Rblob(GB) Wblob(GB)
----------------------------------------------------------------------------------------------------------------------------------------------------------------------------------------------------------------
 Low      0/0      0.00 KB   0.0    528.8   124.4    404.4     512.0     512.0    107.6       0.0   0.0     63.7     61.7   8498.53           1727.84      1044    8.140    538M    17M       0.0       0.0
High      0/0      0.00 KB   0.0      0.0     0.0      0.0      78.1      78.1     78.1       0.0   0.0      0.0     33.9   2361.04            136.27      1282    1.842     79M      0       0.0       0.0

Blob file count: 0, total size: 0.0 GB, garbage size: 0.0 GB, space amp: 0.0

Uptime(secs): 1738.8 total, 53.4 interval
Flush(GB): cumulative 78.129, interval 1.340
AddFile(GB): cumulative 0.000, interval 0.000
AddFile(Total Files): cumulative 0, interval 0
AddFile(L0 Files): cumulative 0, interval 0
AddFile(Keys): cumulative 0, interval 0
Cumulative compaction: 590.15 GB write, 347.55 MB/s write, 528.84 GB read, 311.44 MB/s read, 10859.6 seconds
Interval compaction: 16.62 GB write, 318.83 MB/s write, 15.76 GB read, 302.34 MB/s read, 140.5 seconds
Estimated pending compaction bytes: 66662813614
Write Stall (count): cf-l0-file-count-limit-delays-with-ongoing-compaction: 79, cf-l0-file-count-limit-stops-with-ongoing-compaction: 0, l0-file-count-limit-delays: 79, l0-file-count-limit-stops: 0, memtable-limit-delays: 0, memtable-limit-stops: 1016, pending-compaction-bytes-delays: 12, pending-compaction-bytes-stops: 0, total-delays: 91, total-stops: 1016
interval: 24 total count
Block cache AutoHyperClockCache@0x6043b84412d0#2239720 capacity: 512.00 MB seed: 1 usage: 16.63 MB table_size: 7309 occupancy: 3951 collections: 10 last_copies: 1 last_secs: 0.000687 secs_since: 113
Block cache entry stats(count,size,portion): Misc(3956,16.21 MB,3.16545%)

** File Read Latency Histogram By Level [default] **
** Level 0 read latency histogram (micros):
Count: 38354086 Average: 3.2969  StdDev: 1387.86
Min: 0  Median: 0.8710  Max: 3176910
Percentiles: P50: 0.87 P75: 1.49 P99: 3.15 P99.9: 5.38 P99.99: 6.16
------------------------------------------------------
[       0,       1 ] 22018441  57.408%  57.408% ###########
(       1,       2 ] 13783484  35.937%  93.346% #######
(       2,       3 ]  2121722   5.532%  98.878% #
(       3,       4 ]   318383   0.830%  99.708% 
(       4,       6 ]   106458   0.278%  99.985% 
(       6,      10 ]    44127   0.115% 100.100% 
(      10,      15 ]    17585   0.046% 100.146% 
(      15,      22 ]    10790   0.028% 100.174% 
(      22,      34 ]      666   0.002% 100.176% 
(      34,      51 ]      111   0.000% 100.176% 
(      51,      76 ]      466   0.001% 100.178% 
(      76,     110 ]      906   0.002% 100.180% 
(     110,     170 ]       33   0.000% 100.180% 
(     170,     250 ]       25   0.000% 100.180% 
(     250,     380 ]       72   0.000% 100.180% 
(     380,     580 ]       20   0.000% 100.180% 
(     580,     870 ]       48   0.000% 100.181% 
(     870,    1300 ]      117   0.000% 100.181% 
(    1300,    1900 ]       61   0.000% 100.181% 
(    1900,    2900 ]       23   0.000% 100.181% 
(    2900,    4400 ]        7   0.000% 100.181% 
(    4400,    6600 ]        7   0.000% 100.181% 
(    6600,    9900 ]        8   0.000% 100.181% 
(    9900,   14000 ]        4   0.000% 100.181% 
(   14000,   22000 ]       10   0.000% 100.181% 
(   22000,   33000 ]       25   0.000% 100.181% 
(   33000,   50000 ]       44   0.000% 100.181% 
(   50000,   75000 ]       70   0.000% 100.182% 
(   75000,  110000 ]      106   0.000% 100.182% 
(  110000,  170000 ]       72   0.000% 100.182% 
(  170000,  250000 ]       26   0.000% 100.182% 
(  250000,  380000 ]        7   0.000% 100.182% 
(  380000,  570000 ]        2   0.000% 100.182% 
(  570000,  860000 ]        5   0.000% 100.182% 
(  860000, 1200000 ]        3   0.000% 100.182% 
( 1200000, 1900000 ]        7   0.000% 100.182% 
( 1900000, 2900000 ]        2   0.000% 100.182% 
( 2900000, 4300000 ]        4   0.000% 100.182% 

** Level 1 read latency histogram (micros):
Count: 82245832 Average: 1.4783  StdDev: 3.41
Min: 0  Median: 0.7924  Max: 12193
Percentiles: P50: 0.79 P75: 1.39 P99: 3.00 P99.9: 4.03 P99.99: 4.52
------------------------------------------------------
[       0,       1 ] 51898736  63.102%  63.102% #############
(       1,       2 ] 24820189  30.178%  93.280% ######
(       2,       3 ]  4705174   5.721%  99.001% #
(       3,       4 ]   735577   0.894%  99.895% 
(       4,       6 ]   298622   0.363% 100.258% 
(       6,      10 ]   132830   0.162% 100.420% 
(      10,      15 ]    40995   0.050% 100.470% 
(      15,      22 ]    27864   0.034% 100.504% 
(      22,      34 ]     2391   0.003% 100.506% 
(      34,      51 ]      677   0.001% 100.507% 
(      51,      76 ]     1646   0.002% 100.509% 
(      76,     110 ]     2212   0.003% 100.512% 
(     110,     170 ]      959   0.001% 100.513% 
(     170,     250 ]      282   0.000% 100.513% 
(     250,     380 ]       49   0.000% 100.514% 
(     380,     580 ]       16   0.000% 100.514% 
(     580,     870 ]       17   0.000% 100.514% 
(     870,    1300 ]        5   0.000% 100.514% 
(    1300,    1900 ]        3   0.000% 100.514% 
(    1900,    2900 ]        7   0.000% 100.514% 
(    2900,    4400 ]       21   0.000% 100.514% 
(    4400,    6600 ]        3   0.000% 100.514% 
(    6600,    9900 ]        1   0.000% 100.514% 
(    9900,   14000 ]        3   0.000% 100.514% 

** Level 2 read latency histogram (micros):
Count: 12353247 Average: 145.0296  StdDev: 4876.08
Min: 0  Median: 1.4181  Max: 4177656
Percentiles: P50: 1.42 P75: 1.98 P99: 1006.36 P99.9: 2293.17 P99.99: 2553.42
------------------------------------------------------
[       0,       1 ]  3869374  31.323%  31.323% ######
(       1,       2 ]  5518654  44.674%  75.996% #########
(       2,       3 ]  1653928  13.389%  89.385% ###
(       3,       4 ]   422894   3.423%  92.808% #
(       4,       6 ]   130025   1.053%  93.861% 
(       6,      10 ]    22634   0.183%  94.044% 
(      10,      15 ]    13261   0.107%  94.152% 
(      15,      22 ]     7264   0.059%  94.210% 
(      22,      34 ]     4601   0.037%  94.248% 
(      34,      51 ]    14267   0.115%  94.363% 
(      51,      76 ]    30586   0.248%  94.611% 
(      76,     110 ]    19508   0.158%  94.769% 
(     110,     170 ]    87079   0.705%  95.473% 
(     170,     250 ]   102748   0.832%  96.305% 
(     250,     380 ]   118240   0.957%  97.262% 
(     380,     580 ]   106100   0.859%  98.121% 
(     580,     870 ]    88650   0.718%  98.839% 
(     870,    1300 ]    62757   0.508%  99.347% 
(    1300,    1900 ]    51527   0.417%  99.764% 
(    1900,    2900 ]    42721   0.346% 100.110% 
(    2900,    4400 ]    23420   0.190% 100.299% 
(    4400,    6600 ]    12948   0.105% 100.404% 
(    6600,    9900 ]     4174   0.034% 100.438% 
(    9900,   14000 ]     1651   0.013% 100.451% 
(   14000,   22000 ]     1962   0.016% 100.467% 
(   22000,   33000 ]     1716   0.014% 100.481% 
(   33000,   50000 ]     1963   0.016% 100.497% 
(   50000,   75000 ]     2095   0.017% 100.514% 
(   75000,  110000 ]     2070   0.017% 100.531% 
(  110000,  170000 ]     1884   0.015% 100.546% 
(  170000,  250000 ]      963   0.008% 100.554% 
(  250000,  380000 ]      326   0.003% 100.556% 
(  380000,  570000 ]       51   0.000% 100.557% 
(  570000,  860000 ]       18   0.000% 100.557% 
(  860000, 1200000 ]       25   0.000% 100.557% 
( 1200000, 1900000 ]       22   0.000% 100.557% 
( 1900000, 2900000 ]        1   0.000% 100.557% 
( 2900000, 4300000 ]        4   0.000% 100.557% 


** DB Stats **
Uptime(secs): 1738.8 total, 34.9 interval
Cumulative writes: 79M writes, 79M keys, 10M commit groups, 7.8 writes per commit group, ingest: 77.43 GB, 45.60 MB/s
Cumulative WAL: 79M writes, 0 syncs, 79515611.00 writes per sync, written: 77.43 GB, 45.60 MB/s
Cumulative stall: 00:24:40.058 H:M:S, 85.1 percent
Interval writes: 695K writes, 695K keys, 94K commit groups, 7.3 writes per commit group, ingest: 693.12 MB, 19.84 MB/s
Interval WAL: 695K writes, 0 syncs, 695062.00 writes per sync, written: 0.68 GB, 19.84 MB/s
Interval stall: 00:00:24.687 H:M:S, 70.7 percent
Write Stall (count): write-buffer-manager-limit-stops: 0
num-running-compactions: 18
num-running-flushes: 0

2026/08/31-10:03:31  ... thread 14: (156000,5123000) ops and (5196.7,2905.3) ops/second in (30.018772,1763.354828) seconds
2026/08/31-10:03:36  ... thread 0: (191000,5159000) ops and (6348.0,2916.5) ops/second in (30.088255,1768.878763) seconds

** Compaction Stats [default] **
Level    Files   Size     Score Read(GB)  Rn(GB) Rnp1(GB) Write(GB) WPreComp(GB) Wnew(GB) Moved(GB) W-Amp Rd(MB/s) Wr(MB/s) Comp(sec) CompMergeCPU(sec) Comp(cnt) Avg(sec) KeyIn KeyDrop Rblob(GB) Wblob(GB)
-------------------------------------------------------------------------------------------------------------------------------------------------------------------------------------------------------------
  L0     20/18     3.96 GB   1.0     77.2     0.0     77.2     158.3     158.3     81.0       0.0   2.0     20.8     42.7   3793.04            347.87      1628    2.330    161M    82K       0.0       0.0
  L1    166/166   10.00 GB   0.0    349.5    77.1    272.5     342.9     342.9     70.4       0.0   4.4    317.6    311.5   1126.92           1053.40        42   26.831    355M  6767K       0.0       0.0
  L2    773/0     39.98 GB   1.0    110.6    49.4     61.2      99.8      99.8     38.6      11.0   2.0     17.8     16.0   6367.31            507.55       752    8.467    112M    11M       0.0       0.0
  L3    191/0      9.56 GB   0.0      0.0     0.0      0.0       0.0       0.0      0.0       9.6   0.0      0.0      0.0      0.00              0.00         0    0.000       0      0       0.0       0.0
 Sum   1150/184   63.50 GB   0.0    537.4   126.5    410.9     600.9     600.9    190.0      20.5   7.4     48.8     54.5  11287.27           1908.82      2422    4.660    629M    17M       0.0       0.0
 Int      0/0      0.00 KB   0.0      6.9     1.5      5.4       8.9       8.9      3.5       2.1   3.5     22.1     28.4    320.90             35.03        77    4.168   9643K   600K       0.0       0.0

** Compaction Stats [default] **
Priority    Files   Size     Score Read(GB)  Rn(GB) Rnp1(GB) Write(GB) WPreComp(GB) Wnew(GB) Moved(GB) W-Amp Rd(MB/s) Wr(MB/s) Comp(sec) CompMergeCPU(sec) Comp(cnt) Avg(sec) KeyIn KeyDrop Rblob(GB) Wblob(GB)
----------------------------------------------------------------------------------------------------------------------------------------------------------------------------------------------------------------
 Low      0/0      0.00 KB   0.0    537.4   126.5    410.9     519.8     519.8    108.9       0.0   0.0     61.9     59.9   8884.15           1767.26      1091    8.143    546M    17M       0.0       0.0
High      0/0      0.00 KB   0.0      0.0     0.0      0.0      81.1      81.1     81.1       0.0   0.0      0.0     34.6   2403.12            141.56      1331    1.805     82M      0       0.0       0.0

Blob file count: 0, total size: 0.0 GB, garbage size: 0.0 GB, space amp: 0.0

Uptime(secs): 1768.9 total, 23.5 interval
Flush(GB): cumulative 81.120, interval 2.566
AddFile(GB): cumulative 0.000, interval 0.000
AddFile(Total Files): cumulative 0, interval 0
AddFile(L0 Files): cumulative 0, interval 0
AddFile(Keys): cumulative 0, interval 0
Cumulative compaction: 600.90 GB write, 347.86 MB/s write, 537.40 GB read, 311.10 MB/s read, 11287.3 seconds
Interval compaction: 8.89 GB write, 388.02 MB/s write, 6.91 GB read, 301.78 MB/s read, 320.9 seconds
Estimated pending compaction bytes: 69021291074
Write Stall (count): cf-l0-file-count-limit-delays-with-ongoing-compaction: 81, cf-l0-file-count-limit-stops-with-ongoing-compaction: 0, l0-file-count-limit-delays: 81, l0-file-count-limit-stops: 0, memtable-limit-delays: 0, memtable-limit-stops: 1056, pending-compaction-bytes-delays: 12, pending-compaction-bytes-stops: 0, total-delays: 93, total-stops: 1056
interval: 35 total count
Block cache AutoHyperClockCache@0x6043b84412d0#2239720 capacity: 512.00 MB seed: 1 usage: 16.63 MB table_size: 7309 occupancy: 3951 collections: 10 last_copies: 2 last_secs: 0.000687 secs_since: 143
Block cache entry stats(count,size,portion): Misc(3956,16.21 MB,3.16545%)

** File Read Latency Histogram By Level [default] **
** Level 0 read latency histogram (micros):
Count: 39239030 Average: 3.2629  StdDev: 1372.37
Min: 0  Median: 0.8698  Max: 3176910
Percentiles: P50: 0.87 P75: 1.49 P99: 3.15 P99.9: 5.39 P99.99: 6.17
------------------------------------------------------
[       0,       1 ] 22557068  57.486%  57.486% ###########
(       1,       2 ] 14086130  35.898%  93.385% #######
(       2,       3 ]  2155819   5.494%  98.879% #
(       3,       4 ]   325135   0.829%  99.707% 
(       4,       6 ]   109101   0.278%  99.985% 
(       6,      10 ]    44908   0.114% 100.100% 
(      10,      15 ]    17864   0.046% 100.145% 
(      15,      22 ]    10942   0.028% 100.173% 
(      22,      34 ]      683   0.002% 100.175% 
(      34,      51 ]      112   0.000% 100.175% 
(      51,      76 ]      481   0.001% 100.176% 
(      76,     110 ]      941   0.002% 100.179% 
(     110,     170 ]       35   0.000% 100.179% 
(     170,     250 ]       27   0.000% 100.179% 
(     250,     380 ]       81   0.000% 100.179% 
(     380,     580 ]       21   0.000% 100.179% 
(     580,     870 ]       48   0.000% 100.179% 
(     870,    1300 ]      117   0.000% 100.180% 
(    1300,    1900 ]       61   0.000% 100.180% 
(    1900,    2900 ]       23   0.000% 100.180% 
(    2900,    4400 ]        8   0.000% 100.180% 
(    4400,    6600 ]        8   0.000% 100.180% 
(    6600,    9900 ]        8   0.000% 100.180% 
(    9900,   14000 ]        4   0.000% 100.180% 
(   14000,   22000 ]       10   0.000% 100.180% 
(   22000,   33000 ]       25   0.000% 100.180% 
(   33000,   50000 ]       44   0.000% 100.180% 
(   50000,   75000 ]       71   0.000% 100.180% 
(   75000,  110000 ]      107   0.000% 100.181% 
(  110000,  170000 ]       73   0.000% 100.181% 
(  170000,  250000 ]       26   0.000% 100.181% 
(  250000,  380000 ]        7   0.000% 100.181% 
(  380000,  570000 ]        2   0.000% 100.181% 
(  570000,  860000 ]        5   0.000% 100.181% 
(  860000, 1200000 ]        3   0.000% 100.181% 
( 1200000, 1900000 ]        7   0.000% 100.181% 
( 1900000, 2900000 ]        2   0.000% 100.181% 
( 2900000, 4300000 ]        4   0.000% 100.181% 

** Level 1 read latency histogram (micros):
Count: 83074584 Average: 1.4830  StdDev: 3.40
Min: 0  Median: 0.7954  Max: 12193
Percentiles: P50: 0.80 P75: 1.40 P99: 3.04 P99.9: 4.11 P99.99: 4.59
------------------------------------------------------
[       0,       1 ] 52224292  62.864%  62.864% #############
(       1,       2 ] 25145229  30.268%  93.133% ######
(       2,       3 ]  4841935   5.828%  98.961% #
(       3,       4 ]   763550   0.919%  99.880% 
(       4,       6 ]   311801   0.375% 100.255% 
(       6,      10 ]   136578   0.164% 100.420% 
(      10,      15 ]    41966   0.051% 100.470% 
(      15,      22 ]    28528   0.034% 100.505% 
(      22,      34 ]     2451   0.003% 100.508% 
(      34,      51 ]      686   0.001% 100.508% 
(      51,      76 ]     1647   0.002% 100.510% 
(      76,     110 ]     2212   0.003% 100.513% 
(     110,     170 ]      959   0.001% 100.514% 
(     170,     250 ]      282   0.000% 100.515% 
(     250,     380 ]       49   0.000% 100.515% 
(     380,     580 ]       16   0.000% 100.515% 
(     580,     870 ]       17   0.000% 100.515% 
(     870,    1300 ]        5   0.000% 100.515% 
(    1300,    1900 ]        3   0.000% 100.515% 
(    1900,    2900 ]        7   0.000% 100.515% 
(    2900,    4400 ]       21   0.000% 100.515% 
(    4400,    6600 ]        3   0.000% 100.515% 
(    6600,    9900 ]        1   0.000% 100.515% 
(    9900,   14000 ]        3   0.000% 100.515% 

** Level 2 read latency histogram (micros):
Count: 13080695 Average: 147.2591  StdDev: 4940.05
Min: 0  Median: 1.4261  Max: 4177656
Percentiles: P50: 1.43 P75: 1.98 P99: 1028.71 P99.9: 2328.98 P99.99: 2585.32
------------------------------------------------------
[       0,       1 ]  4047324  30.941%  30.941% ######
(       1,       2 ]  5851421  44.733%  75.674% #########
(       2,       3 ]  1769154  13.525%  89.199% ###
(       3,       4 ]   454667   3.476%  92.675% #
(       4,       6 ]   139746   1.068%  93.744% 
(       6,      10 ]    24042   0.184%  93.927% 
(      10,      15 ]    14272   0.109%  94.036% 
(      15,      22 ]     7765   0.059%  94.096% 
(      22,      34 ]     4990   0.038%  94.134% 
(      34,      51 ]    15068   0.115%  94.249% 
(      51,      76 ]    32738   0.250%  94.499% 
(      76,     110 ]    21026   0.161%  94.660% 
(     110,     170 ]    92797   0.709%  95.370% 
(     170,     250 ]   109850   0.840%  96.209% 
(     250,     380 ]   127837   0.977%  97.187% 
(     380,     580 ]   115858   0.886%  98.072% 
(     580,     870 ]    96385   0.737%  98.809% 
(     870,    1300 ]    67592   0.517%  99.326% 
(    1300,    1900 ]    55381   0.423%  99.749% 
(    1900,    2900 ]    45926   0.351% 100.100% 
(    2900,    4400 ]    25191   0.193% 100.293% 
(    4400,    6600 ]    13982   0.107% 100.400% 
(    6600,    9900 ]     4563   0.035% 100.435% 
(    9900,   14000 ]     1799   0.014% 100.449% 
(   14000,   22000 ]     2124   0.016% 100.465% 
(   22000,   33000 ]     1842   0.014% 100.479% 
(   33000,   50000 ]     2101   0.016% 100.495% 
(   50000,   75000 ]     2293   0.018% 100.513% 
(   75000,  110000 ]     2194   0.017% 100.529% 
(  110000,  170000 ]     2016   0.015% 100.545% 
(  170000,  250000 ]     1025   0.008% 100.553% 
(  250000,  380000 ]      353   0.003% 100.555% 
(  380000,  570000 ]       56   0.000% 100.556% 
(  570000,  860000 ]       19   0.000% 100.556% 
(  860000, 1200000 ]       27   0.000% 100.556% 
( 1200000, 1900000 ]       23   0.000% 100.556% 
( 1900000, 2900000 ]        1   0.000% 100.556% 
( 2900000, 4300000 ]        5   0.000% 100.556% 


** DB Stats **
Uptime(secs): 1768.9 total, 23.5 interval
Cumulative writes: 82M writes, 82M keys, 10M commit groups, 7.8 writes per commit group, ingest: 80.40 GB, 46.54 MB/s
Cumulative WAL: 82M writes, 0 syncs, 82570636.00 writes per sync, written: 80.40 GB, 46.54 MB/s
Cumulative stall: 00:25:3.507 H:M:S, 85.0 percent
Interval writes: 2509K writes, 2509K keys, 317K commit groups, 7.9 writes per commit group, ingest: 2502.35 MB, 106.70 MB/s
Interval WAL: 2509K writes, 0 syncs, 2509669.00 writes per sync, written: 2.44 GB, 106.70 MB/s
Interval stall: 00:00:21.102 H:M:S, 90.0 percent
Write Stall (count): write-buffer-manager-limit-stops: 0
num-running-compactions: 1
num-running-flushes: 0

2026/08/31-10:03:36  ... thread 5: (191000,5163000) ops and (6308.5,2918.5) ops/second in (30.276549,1769.061622) seconds
2026/08/31-10:03:36  ... thread 6: (192000,5158000) ops and (6333.4,2915.6) ops/second in (30.315480,1769.084270) seconds
2026/08/31-10:03:37  ... thread 10: (192000,5162000) ops and (6211.0,2916.9) ops/second in (30.912855,1769.686944) seconds
2026/08/31-10:03:37  ... thread 1: (192000,5161000) ops and (6180.3,2916.1) ops/second in (31.066510,1769.840308) seconds
2026/08/31-10:03:37  ... thread 8: (192000,5162000) ops and (6177.2,2916.6) ops/second in (31.081966,1769.847617) seconds
2026/08/31-10:03:37  ... thread 11: (192000,5161000) ops and (6150.0,2915.8) ops/second in (31.219634,1770.003406) seconds
2026/08/31-10:03:40  ... thread 3: (192000,5161000) ops and (5676.3,2911.5) ops/second in (33.824830,1772.603526) seconds
2026/08/31-10:03:40  ... thread 13: (192000,5161000) ops and (5675.6,2911.5) ops/second in (33.828769,1772.603463) seconds
2026/08/31-10:03:40  ... thread 2: (192000,5163000) ops and (5674.8,2912.7) ops/second in (33.833900,1772.604240) seconds
2026/08/31-10:03:40  ... thread 12: (192000,5161000) ops and (5676.7,2911.5) ops/second in (33.822698,1772.603858) seconds
2026/08/31-10:03:40  ... thread 15: (192000,5162000) ops and (5677.1,2912.1) ops/second in (33.819943,1772.607388) seconds
2026/08/31-10:03:40  ... thread 7: (192000,5162000) ops and (5675.0,2912.1) ops/second in (33.832481,1772.608022) seconds
2026/08/31-10:03:40  ... thread 9: (192000,5161000) ops and (5675.5,2911.5) ops/second in (33.829590,1772.611650) seconds
2026/08/31-10:03:40  ... thread 4: (192000,5160000) ops and (5675.4,2911.0) ops/second in (33.830209,1772.612352) seconds
2026/08/31-10:04:01  ... thread 14: (47000,5170000) ops and (1526.2,2881.6) ops/second in (30.796391,1794.151219) seconds
2026/08/31-10:04:08  ... thread 11: (12000,5173000) ops and (386.6,2872.2) ops/second in (31.036268,1801.039674) seconds
2026/08/31-10:04:08  ... thread 1: (10000,5171000) ops and (319.2,2870.9) ops/second in (31.330010,1801.170318) seconds
2026/08/31-10:04:09  ... thread 8: (10000,5172000) ops and (309.5,2869.9) ops/second in (32.306262,1802.153879) seconds
2026/08/31-10:04:09  ... thread 10: (10000,5172000) ops and (307.5,2869.8) ops/second in (32.523835,1802.210779) seconds
2026/08/31-10:04:10  ... thread 0: (10000,5169000) ops and (296.6,2867.5) ops/second in (33.719013,1802.597776) seconds

** Compaction Stats [default] **
Level    Files   Size     Score Read(GB)  Rn(GB) Rnp1(GB) Write(GB) WPreComp(GB) Wnew(GB) Moved(GB) W-Amp Rd(MB/s) Wr(MB/s) Comp(sec) CompMergeCPU(sec) Comp(cnt) Avg(sec) KeyIn KeyDrop Rblob(GB) Wblob(GB)
-------------------------------------------------------------------------------------------------------------------------------------------------------------------------------------------------------------
  L0     19/18     4.08 GB   0.5     77.5     0.0     77.5     158.6     158.6     81.2       0.0   2.0     20.8     42.7   3807.68            348.80      1631    2.335    161M    83K       0.0       0.0
  L1    166/166   10.00 GB   0.0    349.5    77.1    272.5     342.9     342.9     70.4       0.0   4.4    317.6    311.5   1126.92           1053.40        42   26.831    355M  6767K       0.0       0.0
  L2    773/0     39.98 GB   1.0    110.6    49.4     61.2      99.8      99.8     38.6      11.0   2.0     17.8     16.0   6367.31            507.55       752    8.467    112M    11M       0.0       0.0
  L3    191/0      9.56 GB   0.0      0.0     0.0      0.0       0.0       0.0      0.0       9.6   0.0      0.0      0.0      0.00              0.00         0    0.000       0      0       0.0       0.0
 Sum   1149/184   63.62 GB   0.0    537.6   126.5    411.1     601.3     601.3    190.1      20.5   7.4     48.7     54.5  11301.90           1909.75      2425    4.661    629M    17M       0.0       0.0
 Int      0/0      0.00 KB   0.0      7.2     1.5      5.6       9.3       9.3      3.6       2.1   3.4     21.8     28.2    335.54             35.95        80    4.194     10M   600K       0.0       0.0

** Compaction Stats [default] **
Priority    Files   Size     Score Read(GB)  Rn(GB) Rnp1(GB) Write(GB) WPreComp(GB) Wnew(GB) Moved(GB) W-Amp Rd(MB/s) Wr(MB/s) Comp(sec) CompMergeCPU(sec) Comp(cnt) Avg(sec) KeyIn KeyDrop Rblob(GB) Wblob(GB)
----------------------------------------------------------------------------------------------------------------------------------------------------------------------------------------------------------------
 Low      0/0      0.00 KB   0.0    537.6   126.5    411.1     520.0     520.0    108.9       0.0   0.0     61.9     59.9   8893.39           1767.94      1092    8.144    547M    17M       0.0       0.0
High      0/0      0.00 KB   0.0      0.0     0.0      0.0      81.2      81.2     81.2       0.0   0.0      0.0     34.5   2408.51            141.81      1333    1.807     82M      0       0.0       0.0

Blob file count: 0, total size: 0.0 GB, garbage size: 0.0 GB, space amp: 0.0

Uptime(secs): 1802.6 total, 57.2 interval
Flush(GB): cumulative 81.241, interval 2.687
AddFile(GB): cumulative 0.000, interval 0.000
AddFile(Total Files): cumulative 0, interval 0
AddFile(L0 Files): cumulative 0, interval 0
AddFile(Keys): cumulative 0, interval 0
Cumulative compaction: 601.27 GB write, 341.56 MB/s write, 537.64 GB read, 305.42 MB/s read, 11301.9 seconds
Interval compaction: 9.25 GB write, 165.69 MB/s write, 7.15 GB read, 128.15 MB/s read, 335.5 seconds
Estimated pending compaction bytes: 69535746407
Write Stall (count): cf-l0-file-count-limit-delays-with-ongoing-compaction: 85, cf-l0-file-count-limit-stops-with-ongoing-compaction: 0, l0-file-count-limit-delays: 85, l0-file-count-limit-stops: 0, memtable-limit-delays: 0, memtable-limit-stops: 1056, pending-compaction-bytes-delays: 14, pending-compaction-bytes-stops: 0, total-delays: 99, total-stops: 1056
interval: 41 total count
Block cache AutoHyperClockCache@0x6043b84412d0#2239720 capacity: 512.00 MB seed: 1 usage: 16.63 MB table_size: 7309 occupancy: 3951 collections: 10 last_copies: 2 last_secs: 0.000687 secs_since: 177
Block cache entry stats(count,size,portion): Misc(3956,16.21 MB,3.16545%)

** File Read Latency Histogram By Level [default] **
** Level 0 read latency histogram (micros):
Count: 40038880 Average: 3.2344  StdDev: 1358.63
Min: 0  Median: 0.8740  Max: 3176910
Percentiles: P50: 0.87 P75: 1.49 P99: 3.17 P99.9: 5.41 P99.99: 6.23
------------------------------------------------------
[       0,       1 ] 22906772  57.211%  57.211% ###########
(       1,       2 ] 14455083  36.103%  93.314% #######
(       2,       3 ]  2219521   5.543%  98.857% #
(       3,       4 ]   337890   0.844%  99.701% 
(       4,       6 ]   112932   0.282%  99.983% 
(       6,      10 ]    46233   0.115% 100.099% 
(      10,      15 ]    18712   0.047% 100.146% 
(      15,      22 ]    11512   0.029% 100.174% 
(      22,      34 ]      723   0.002% 100.176% 
(      34,      51 ]      116   0.000% 100.176% 
(      51,      76 ]      482   0.001% 100.178% 
(      76,     110 ]      943   0.002% 100.180% 
(     110,     170 ]       36   0.000% 100.180% 
(     170,     250 ]       27   0.000% 100.180% 
(     250,     380 ]       82   0.000% 100.180% 
(     380,     580 ]       21   0.000% 100.180% 
(     580,     870 ]       48   0.000% 100.180% 
(     870,    1300 ]      117   0.000% 100.181% 
(    1300,    1900 ]       61   0.000% 100.181% 
(    1900,    2900 ]       23   0.000% 100.181% 
(    2900,    4400 ]        8   0.000% 100.181% 
(    4400,    6600 ]        8   0.000% 100.181% 
(    6600,    9900 ]        8   0.000% 100.181% 
(    9900,   14000 ]        4   0.000% 100.181% 
(   14000,   22000 ]       10   0.000% 100.181% 
(   22000,   33000 ]       25   0.000% 100.181% 
(   33000,   50000 ]       45   0.000% 100.181% 
(   50000,   75000 ]       72   0.000% 100.181% 
(   75000,  110000 ]      107   0.000% 100.182% 
(  110000,  170000 ]       73   0.000% 100.182% 
(  170000,  250000 ]       26   0.000% 100.182% 
(  250000,  380000 ]        7   0.000% 100.182% 
(  380000,  570000 ]        2   0.000% 100.182% 
(  570000,  860000 ]        5   0.000% 100.182% 
(  860000, 1200000 ]        3   0.000% 100.182% 
( 1200000, 1900000 ]        7   0.000% 100.182% 
( 1900000, 2900000 ]        2   0.000% 100.182% 
( 2900000, 4300000 ]        4   0.000% 100.182% 

** Level 1 read latency histogram (micros):
Count: 84942429 Average: 1.4809  StdDev: 3.36
Min: 0  Median: 0.7939  Max: 12193
Percentiles: P50: 0.79 P75: 1.40 P99: 3.03 P99.9: 4.09 P99.99: 4.57
------------------------------------------------------
[       0,       1 ] 53499348  62.983%  62.983% #############
(       1,       2 ] 25655735  30.204%  93.187% ######
(       2,       3 ]  4916672   5.788%  98.975% #
(       3,       4 ]   772008   0.909%  99.884% 
(       4,       6 ]   314291   0.370% 100.254% 
(       6,      10 ]   138689   0.163% 100.417% 
(      10,      15 ]    43225   0.051% 100.468% 
(      15,      22 ]    29468   0.035% 100.503% 
(      22,      34 ]     2496   0.003% 100.506% 
(      34,      51 ]      689   0.001% 100.506% 
(      51,      76 ]     1648   0.002% 100.508% 
(      76,     110 ]     2217   0.003% 100.511% 
(     110,     170 ]      959   0.001% 100.512% 
(     170,     250 ]      282   0.000% 100.512% 
(     250,     380 ]       49   0.000% 100.513% 
(     380,     580 ]       16   0.000% 100.513% 
(     580,     870 ]       17   0.000% 100.513% 
(     870,    1300 ]        5   0.000% 100.513% 
(    1300,    1900 ]        3   0.000% 100.513% 
(    1900,    2900 ]        7   0.000% 100.513% 
(    2900,    4400 ]       21   0.000% 100.513% 
(    4400,    6600 ]        3   0.000% 100.513% 
(    6600,    9900 ]        1   0.000% 100.513% 
(    9900,   14000 ]        3   0.000% 100.513% 

** Level 2 read latency histogram (micros):
Count: 13080695 Average: 147.2591  StdDev: 4940.05
Min: 0  Median: 1.4261  Max: 4177656
Percentiles: P50: 1.43 P75: 1.98 P99: 1028.71 P99.9: 2328.98 P99.99: 2585.32
------------------------------------------------------
[       0,       1 ]  4047324  30.941%  30.941% ######
(       1,       2 ]  5851421  44.733%  75.674% #########
(       2,       3 ]  1769154  13.525%  89.199% ###
(       3,       4 ]   454667   3.476%  92.675% #
(       4,       6 ]   139746   1.068%  93.744% 
(       6,      10 ]    24042   0.184%  93.927% 
(      10,      15 ]    14272   0.109%  94.036% 
(      15,      22 ]     7765   0.059%  94.096% 
(      22,      34 ]     4990   0.038%  94.134% 
(      34,      51 ]    15068   0.115%  94.249% 
(      51,      76 ]    32738   0.250%  94.499% 
(      76,     110 ]    21026   0.161%  94.660% 
(     110,     170 ]    92797   0.709%  95.370% 
(     170,     250 ]   109850   0.840%  96.209% 
(     250,     380 ]   127837   0.977%  97.187% 
(     380,     580 ]   115858   0.886%  98.072% 
(     580,     870 ]    96385   0.737%  98.809% 
(     870,    1300 ]    67592   0.517%  99.326% 
(    1300,    1900 ]    55381   0.423%  99.749% 
(    1900,    2900 ]    45926   0.351% 100.100% 
(    2900,    4400 ]    25191   0.193% 100.293% 
(    4400,    6600 ]    13982   0.107% 100.400% 
(    6600,    9900 ]     4563   0.035% 100.435% 
(    9900,   14000 ]     1799   0.014% 100.449% 
(   14000,   22000 ]     2124   0.016% 100.465% 
(   22000,   33000 ]     1842   0.014% 100.479% 
(   33000,   50000 ]     2101   0.016% 100.495% 
(   50000,   75000 ]     2293   0.018% 100.513% 
(   75000,  110000 ]     2194   0.017% 100.529% 
(  110000,  170000 ]     2016   0.015% 100.545% 
(  170000,  250000 ]     1025   0.008% 100.553% 
(  250000,  380000 ]      353   0.003% 100.555% 
(  380000,  570000 ]       56   0.000% 100.556% 
(  570000,  860000 ]       19   0.000% 100.556% 
(  860000, 1200000 ]       27   0.000% 100.556% 
( 1200000, 1900000 ]       23   0.000% 100.556% 
( 1900000, 2900000 ]        1   0.000% 100.556% 
( 2900000, 4300000 ]        5   0.000% 100.556% 


** DB Stats **
Uptime(secs): 1802.6 total, 33.7 interval
Cumulative writes: 82M writes, 82M keys, 10M commit groups, 7.7 writes per commit group, ingest: 80.56 GB, 45.76 MB/s
Cumulative WAL: 82M writes, 0 syncs, 82733173.00 writes per sync, written: 80.56 GB, 45.76 MB/s
Cumulative stall: 00:25:24.722 H:M:S, 84.6 percent
Interval writes: 162K writes, 162K keys, 34K commit groups, 4.7 writes per commit group, ingest: 162.23 MB, 4.81 MB/s
Interval WAL: 162K writes, 0 syncs, 162537.00 writes per sync, written: 0.16 GB, 4.81 MB/s
Interval stall: 00:00:21.215 H:M:S, 62.9 percent
Write Stall (count): write-buffer-manager-limit-stops: 0
num-running-compactions: 1
num-running-flushes: 1

2026/08/31-10:04:10  ... thread 15: (9000,5171000) ops and (293.8,2867.6) ops/second in (30.636597,1803.243985) seconds
2026/08/31-10:04:10  ... thread 3: (9000,5170000) ops and (293.1,2866.9) ops/second in (30.708769,1803.312295) seconds
2026/08/31-10:04:11  ... thread 5: (11000,5174000) ops and (319.2,2868.8) ops/second in (34.460468,1803.522090) seconds
2026/08/31-10:04:11  ... thread 12: (9000,5170000) ops and (291.0,2866.6) ops/second in (30.923368,1803.527226) seconds
2026/08/31-10:04:11  ... thread 6: (10000,5168000) ops and (287.4,2864.9) ops/second in (34.798811,1803.883081) seconds
2026/08/31-10:04:12  ... thread 4: (9000,5169000) ops and (281.4,2864.4) ops/second in (31.978058,1804.590410) seconds
2026/08/31-10:04:13  ... thread 2: (10000,5173000) ops and (300.1,2864.5) ops/second in (33.320487,1805.924727) seconds
2026/08/31-10:04:15  ... thread 9: (9000,5170000) ops and (258.1,2860.3) ops/second in (34.873751,1807.485401) seconds
2026/08/31-10:04:15  ... thread 13: (10000,5171000) ops and (282.6,2860.1) ops/second in (35.390392,1807.993855) seconds
2026/08/31-10:04:15  ... thread 7: (10000,5172000) ops and (282.5,2860.6) ops/second in (35.395116,1808.003138) seconds
2026/08/31-10:04:33  ... thread 14: (65000,5235000) ops and (2061.1,2867.4) ops/second in (31.536422,1825.687641) seconds
2026/08/31-10:04:40  ... thread 11: (74000,5247000) ops and (2362.5,2863.5) ops/second in (31.322992,1832.362666) seconds
2026/08/31-10:04:40  ... thread 10: (74000,5246000) ops and (2454.1,2863.0) ops/second in (30.154233,1832.365012) seconds
2026/08/31-10:04:40  ... thread 8: (74000,5246000) ops and (2448.6,2863.0) ops/second in (30.221569,1832.375448) seconds
2026/08/31-10:04:40  ... thread 1: (75000,5246000) ops and (2402.5,2862.9) ops/second in (31.216972,1832.387290) seconds
2026/08/31-10:04:40  ... thread 0: (82000,5251000) ops and (2674.4,2864.3) ops/second in (30.661230,1833.259006) seconds

** Compaction Stats [default] **
Level    Files   Size     Score Read(GB)  Rn(GB) Rnp1(GB) Write(GB) WPreComp(GB) Wnew(GB) Moved(GB) W-Amp Rd(MB/s) Wr(MB/s) Comp(sec) CompMergeCPU(sec) Comp(cnt) Avg(sec) KeyIn KeyDrop Rblob(GB) Wblob(GB)
-------------------------------------------------------------------------------------------------------------------------------------------------------------------------------------------------------------
  L0     10/4      1.58 GB   3.0     78.6     0.0     78.6     161.1     161.1     82.5       0.0   2.0     20.8     42.7   3864.33            354.56      1656    2.334    164M    85K       0.0       0.0
  L1    184/16    11.01 GB   2.5    363.4    80.9    282.5     356.2     356.2     73.8       0.0   4.4    318.3    312.1   1168.91           1095.95        43   27.184    369M  7213K       0.0       0.0
  L2    798/36    41.74 GB   1.0    115.7    51.3     64.4     104.2     104.2     39.8      11.5   2.0     17.7     16.0   6689.67            535.97       784    8.533    117M    11M       0.0       0.0
  L3    191/0      9.56 GB   0.0      0.0     0.0      0.0       0.0       0.0      0.0       9.6   0.0      0.0      0.0      0.00              0.00         0    0.000       0      0       0.0       0.0
 Sum   1183/56    63.90 GB   0.0    557.7   132.2    425.5     621.6     621.6    196.1      21.0   7.5     48.7     54.3  11722.91           1986.48      2483    4.721    651M    18M       0.0       0.0
 Int      0/0      0.00 KB   0.0     20.1     5.7     14.3      20.3      20.3      5.9       0.5  15.8     49.0     49.5    419.40             76.61        57    7.358     21M  1084K       0.0       0.0

** Compaction Stats [default] **
Priority    Files   Size     Score Read(GB)  Rn(GB) Rnp1(GB) Write(GB) WPreComp(GB) Wnew(GB) Moved(GB) W-Amp Rd(MB/s) Wr(MB/s) Comp(sec) CompMergeCPU(sec) Comp(cnt) Avg(sec) KeyIn KeyDrop Rblob(GB) Wblob(GB)
----------------------------------------------------------------------------------------------------------------------------------------------------------------------------------------------------------------
 Low      0/0      0.00 KB   0.0    557.7   132.2    425.5     539.0     539.0    113.5       0.0   0.0     61.6     59.5   9270.03           1842.14      1128    8.218    567M    18M       0.0       0.0
High      0/0      0.00 KB   0.0      0.0     0.0      0.0      82.6      82.6     82.6       0.0   0.0      0.0     34.5   2452.87            144.35      1355    1.810     84M      0       0.0       0.0

Blob file count: 0, total size: 0.0 GB, garbage size: 0.0 GB, space amp: 0.0

Uptime(secs): 1833.3 total, 27.8 interval
Flush(GB): cumulative 82.582, interval 1.280
AddFile(GB): cumulative 0.000, interval 0.000
AddFile(Total Files): cumulative 0, interval 0
AddFile(L0 Files): cumulative 0, interval 0
AddFile(Keys): cumulative 0, interval 0
Cumulative compaction: 621.60 GB write, 347.21 MB/s write, 557.70 GB read, 311.51 MB/s read, 11722.9 seconds
Interval compaction: 20.28 GB write, 746.25 MB/s write, 20.06 GB read, 738.41 MB/s read, 419.4 seconds
Estimated pending compaction bytes: 66530938585
Write Stall (count): cf-l0-file-count-limit-delays-with-ongoing-compaction: 86, cf-l0-file-count-limit-stops-with-ongoing-compaction: 0, l0-file-count-limit-delays: 86, l0-file-count-limit-stops: 0, memtable-limit-delays: 0, memtable-limit-stops: 1079, pending-compaction-bytes-delays: 14, pending-compaction-bytes-stops: 0, total-delays: 100, total-stops: 1079
interval: 23 total count
Block cache AutoHyperClockCache@0x6043b84412d0#2239720 capacity: 512.00 MB seed: 1 usage: 16.70 MB table_size: 7745 occupancy: 3961 collections: 11 last_copies: 0 last_secs: 0.000603 secs_since: 27
Block cache entry stats(count,size,portion): Misc(3961,16.23 MB,3.16918%)

** File Read Latency Histogram By Level [default] **
** Level 0 read latency histogram (micros):
Count: 40468459 Average: 3.2764  StdDev: 1391.00
Min: 0  Median: 0.8734  Max: 3176910
Percentiles: P50: 0.87 P75: 1.49 P99: 3.17 P99.9: 5.42 P99.99: 6.28
------------------------------------------------------
[       0,       1 ] 23166729  57.246%  57.246% ###########
(       1,       2 ] 14598274  36.073%  93.320% #######
(       2,       3 ]  2240400   5.536%  98.856% #
(       3,       4 ]   341112   0.843%  99.699% 
(       4,       6 ]   114615   0.283%  99.982% 
(       6,      10 ]    46766   0.116% 100.097% 
(      10,      15 ]    18938   0.047% 100.144% 
(      15,      22 ]    11656   0.029% 100.173% 
(      22,      34 ]      728   0.002% 100.175% 
(      34,      51 ]      119   0.000% 100.175% 
(      51,      76 ]      493   0.001% 100.176% 
(      76,     110 ]      955   0.002% 100.179% 
(     110,     170 ]       37   0.000% 100.179% 
(     170,     250 ]       27   0.000% 100.179% 
(     250,     380 ]       84   0.000% 100.179% 
(     380,     580 ]       22   0.000% 100.179% 
(     580,     870 ]       49   0.000% 100.179% 
(     870,    1300 ]      117   0.000% 100.180% 
(    1300,    1900 ]       61   0.000% 100.180% 
(    1900,    2900 ]       23   0.000% 100.180% 
(    2900,    4400 ]        8   0.000% 100.180% 
(    4400,    6600 ]        8   0.000% 100.180% 
(    6600,    9900 ]        8   0.000% 100.180% 
(    9900,   14000 ]        4   0.000% 100.180% 
(   14000,   22000 ]       13   0.000% 100.180% 
(   22000,   33000 ]       26   0.000% 100.180% 
(   33000,   50000 ]       45   0.000% 100.180% 
(   50000,   75000 ]       74   0.000% 100.180% 
(   75000,  110000 ]      107   0.000% 100.180% 
(  110000,  170000 ]       74   0.000% 100.181% 
(  170000,  250000 ]       26   0.000% 100.181% 
(  250000,  380000 ]        7   0.000% 100.181% 
(  380000,  570000 ]        2   0.000% 100.181% 
(  570000,  860000 ]        5   0.000% 100.181% 
(  860000, 1200000 ]        3   0.000% 100.181% 
( 1200000, 1900000 ]        7   0.000% 100.181% 
( 1900000, 2900000 ]        3   0.000% 100.181% 
( 2900000, 4300000 ]        4   0.000% 100.181% 

** Level 1 read latency histogram (micros):
Count: 85899220 Average: 1.7375  StdDev: 147.62
Min: 0  Median: 0.7988  Max: 355761
Percentiles: P50: 0.80 P75: 1.41 P99: 3.11 P99.9: 4.29 P99.99: 4.74
------------------------------------------------------
[       0,       1 ] 53764579  62.590%  62.590% #############
(       1,       2 ] 26050627  30.327%  92.917% ######
(       2,       3 ]  5131400   5.974%  98.891% #
(       3,       4 ]   818673   0.953%  99.844% 
(       4,       6 ]   337110   0.392% 100.237% 
(       6,      10 ]   144529   0.168% 100.405% 
(      10,      15 ]    44687   0.052% 100.457% 
(      15,      22 ]    30621   0.036% 100.492% 
(      22,      34 ]     2641   0.003% 100.496% 
(      34,      51 ]      757   0.001% 100.496% 
(      51,      76 ]     1922   0.002% 100.499% 
(      76,     110 ]     2493   0.003% 100.502% 
(     110,     170 ]     1608   0.002% 100.503% 
(     170,     250 ]     1050   0.001% 100.505% 
(     250,     380 ]     1208   0.001% 100.506% 
(     380,     580 ]     1171   0.001% 100.507% 
(     580,     870 ]     1064   0.001% 100.509% 
(     870,    1300 ]      789   0.001% 100.510% 
(    1300,    1900 ]      654   0.001% 100.510% 
(    1900,    2900 ]      533   0.001% 100.511% 
(    2900,    4400 ]      340   0.000% 100.511% 
(    4400,    6600 ]      158   0.000% 100.512% 
(    6600,    9900 ]       41   0.000% 100.512% 
(    9900,   14000 ]       26   0.000% 100.512% 
(   14000,   22000 ]       38   0.000% 100.512% 
(   22000,   33000 ]       22   0.000% 100.512% 
(   33000,   50000 ]       27   0.000% 100.512% 
(   50000,   75000 ]       32   0.000% 100.512% 
(   75000,  110000 ]       15   0.000% 100.512% 
(  110000,  170000 ]       28   0.000% 100.512% 
(  170000,  250000 ]       13   0.000% 100.512% 
(  250000,  380000 ]        6   0.000% 100.512% 

** Level 2 read latency histogram (micros):
Count: 13991185 Average: 151.5808  StdDev: 4942.95
Min: 0  Median: 1.4423  Max: 4177656
Percentiles: P50: 1.44 P75: 2.00 P99: 1074.65 P99.9: 2387.89 P99.99: 2635.01
------------------------------------------------------
[       0,       1 ]  4214794  30.125%  30.125% ######
(       1,       2 ]  6286665  44.933%  75.058% #########
(       2,       3 ]  1941145  13.874%  88.932% ###
(       3,       4 ]   501134   3.582%  92.514% #
(       4,       6 ]   154987   1.108%  93.621% 
(       6,      10 ]    25990   0.186%  93.807% 
(      10,      15 ]    15674   0.112%  93.919% 
(      15,      22 ]     8573   0.061%  93.980% 
(      22,      34 ]     5213   0.037%  94.018% 
(      34,      51 ]    15666   0.112%  94.130% 
(      51,      76 ]    34904   0.249%  94.379% 
(      76,     110 ]    22434   0.160%  94.539% 
(     110,     170 ]    98889   0.707%  95.246% 
(     170,     250 ]   117464   0.840%  96.086% 
(     250,     380 ]   138645   0.991%  97.077% 
(     380,     580 ]   127053   0.908%  97.985% 
(     580,     870 ]   106340   0.760%  98.745% 
(     870,    1300 ]    75018   0.536%  99.281% 
(    1300,    1900 ]    61747   0.441%  99.722% 
(    1900,    2900 ]    50954   0.364% 100.087% 
(    2900,    4400 ]    27934   0.200% 100.286% 
(    4400,    6600 ]    15366   0.110% 100.396% 
(    6600,    9900 ]     4976   0.036% 100.432% 
(    9900,   14000 ]     1995   0.014% 100.446% 
(   14000,   22000 ]     2373   0.017% 100.463% 
(   22000,   33000 ]     2060   0.015% 100.478% 
(   33000,   50000 ]     2361   0.017% 100.494% 
(   50000,   75000 ]     2564   0.018% 100.513% 
(   75000,  110000 ]     2396   0.017% 100.530% 
(  110000,  170000 ]     2254   0.016% 100.546% 
(  170000,  250000 ]     1123   0.008% 100.554% 
(  250000,  380000 ]      378   0.003% 100.557% 
(  380000,  570000 ]       61   0.000% 100.557% 
(  570000,  860000 ]       20   0.000% 100.557% 
(  860000, 1200000 ]       27   0.000% 100.557% 
( 1200000, 1900000 ]       26   0.000% 100.558% 
( 1900000, 2900000 ]        1   0.000% 100.558% 
( 2900000, 4300000 ]        5   0.000% 100.558% 


** DB Stats **
Uptime(secs): 1833.3 total, 27.8 interval
Cumulative writes: 84M writes, 84M keys, 10M commit groups, 7.7 writes per commit group, ingest: 81.84 GB, 45.71 MB/s
Cumulative WAL: 84M writes, 0 syncs, 84046158.00 writes per sync, written: 81.84 GB, 45.71 MB/s
Cumulative stall: 00:25:50.026 H:M:S, 84.5 percent
Interval writes: 1304K writes, 1304K keys, 167K commit groups, 7.8 writes per commit group, ingest: 1300.90 MB, 46.76 MB/s
Interval WAL: 1304K writes, 0 syncs, 1304672.00 writes per sync, written: 1.27 GB, 46.76 MB/s
Interval stall: 00:00:23.885 H:M:S, 85.8 percent
Write Stall (count): write-buffer-manager-limit-stops: 0
num-running-compactions: 17
num-running-flushes: 0

2026/08/31-10:04:40  ... thread 15: (82000,5253000) ops and (2731.2,2865.4) ops/second in (30.023005,1833.266990) seconds
2026/08/31-10:04:40  ... thread 3: (85000,5255000) ops and (2832.8,2866.4) ops/second in (30.005864,1833.318159) seconds
2026/08/31-10:04:41  ... thread 12: (89000,5259000) ops and (2947.0,2867.9) ops/second in (30.199914,1833.727140) seconds
2026/08/31-10:04:41  ... thread 5: (89000,5263000) ops and (2945.9,2870.1) ops/second in (30.211793,1833.733883) seconds
2026/08/31-10:04:47  ... thread 9: (92000,5262000) ops and (2879.3,2860.7) ops/second in (31.952723,1839.438124) seconds
2026/08/31-10:04:47  ... thread 7: (92000,5264000) ops and (2926.7,2861.7) ops/second in (31.435064,1839.438202) seconds
2026/08/31-10:04:47  ... thread 4: (93000,5262000) ops and (2667.6,2860.6) ops/second in (34.862282,1839.452692) seconds
2026/08/31-10:04:47  ... thread 6: (93000,5261000) ops and (2614.5,2860.1) ops/second in (35.571463,1839.454544) seconds
2026/08/31-10:04:47  ... thread 2: (93000,5266000) ops and (2773.5,2862.8) ops/second in (33.531611,1839.456338) seconds
2026/08/31-10:04:47  ... thread 13: (93000,5264000) ops and (2954.9,2861.7) ops/second in (31.472946,1839.466801) seconds
2026/08/31-10:05:03  ... thread 14: (97000,5332000) ops and (3180.8,2872.6) ops/second in (30.495578,1856.183219) seconds
2026/08/31-10:05:10  ... thread 10: (93000,5339000) ops and (3067.0,2866.3) ops/second in (30.322822,1862.687834) seconds
2026/08/31-10:05:10  ... thread 8: (93000,5339000) ops and (3067.7,2866.3) ops/second in (30.315707,1862.691155) seconds
2026/08/31-10:05:10  ... thread 11: (94000,5341000) ops and (3097.1,2867.3) ops/second in (30.350690,1862.713356) seconds
2026/08/31-10:05:10  ... thread 1: (93000,5339000) ops and (3066.5,2866.2) ops/second in (30.327785,1862.715075) seconds
2026/08/31-10:05:11  ... thread 0: (89000,5340000) ops and (2884.8,2864.6) ops/second in (30.850835,1864.109841) seconds

** Compaction Stats [default] **
Level    Files   Size     Score Read(GB)  Rn(GB) Rnp1(GB) Write(GB) WPreComp(GB) Wnew(GB) Moved(GB) W-Amp Rd(MB/s) Wr(MB/s) Comp(sec) CompMergeCPU(sec) Comp(cnt) Avg(sec) KeyIn KeyDrop Rblob(GB) Wblob(GB)
-------------------------------------------------------------------------------------------------------------------------------------------------------------------------------------------------------------
  L0     17/16     2.92 GB   0.5     79.8     0.0     79.8     163.7     163.7     83.8       0.0   2.0     20.8     42.7   3922.51            360.22      1683    2.331    166M    86K       0.0       0.0
  L1    163/163    9.69 GB   0.0    363.4    80.9    282.5     356.2     356.2     73.8       0.0   4.4    318.3    312.1   1168.91           1095.95        43   27.184    369M  7213K       0.0       0.0
  L2    760/0     39.97 GB   1.0    119.6    52.6     67.0     107.7     107.7     40.7      11.5   2.0     17.6     15.9   6953.71            558.58       805    8.638    121M    12M       0.0       0.0
  L3    241/0     12.15 GB   0.0      0.0     0.0      0.0       0.0       0.0      0.0      12.2   0.0      0.0      0.0      0.00              0.00         0    0.000       0      0       0.0       0.0
 Sum   1181/179   64.74 GB   0.0    562.8   133.6    429.3     627.6     627.6    198.3      23.6   7.5     47.8     53.4  12045.13           2014.75      2531    4.759    658M    19M       0.0       0.0
 Int      0/0      0.00 KB   0.0     25.2     7.0     18.2      26.3      26.3      8.1       3.1  10.0     34.8     36.3    741.62            104.88       105    7.063     28M  1595K       0.0       0.0

** Compaction Stats [default] **
Priority    Files   Size     Score Read(GB)  Rn(GB) Rnp1(GB) Write(GB) WPreComp(GB) Wnew(GB) Moved(GB) W-Amp Rd(MB/s) Wr(MB/s) Comp(sec) CompMergeCPU(sec) Comp(cnt) Avg(sec) KeyIn KeyDrop Rblob(GB) Wblob(GB)
----------------------------------------------------------------------------------------------------------------------------------------------------------------------------------------------------------------
 Low      0/0      0.00 KB   0.0    562.8   133.6    429.3     543.7     543.7    114.4       0.0   0.0     60.3     58.3   9555.59           1868.06      1154    8.280    572M    19M       0.0       0.0
High      0/0      0.00 KB   0.0      0.0     0.0      0.0      83.9      83.9     83.9       0.0   0.0      0.0     34.5   2489.54            146.69      1377    1.808     85M      0       0.0       0.0

Blob file count: 0, total size: 0.0 GB, garbage size: 0.0 GB, space amp: 0.0

Uptime(secs): 1864.1 total, 58.7 interval
Flush(GB): cumulative 83.925, interval 2.623
AddFile(GB): cumulative 0.000, interval 0.000
AddFile(Total Files): cumulative 0, interval 0
AddFile(L0 Files): cumulative 0, interval 0
AddFile(Keys): cumulative 0, interval 0
Cumulative compaction: 627.58 GB write, 344.75 MB/s write, 562.85 GB read, 309.18 MB/s read, 12045.1 seconds
Interval compaction: 26.26 GB write, 458.28 MB/s write, 25.20 GB read, 439.88 MB/s read, 741.6 seconds
Estimated pending compaction bytes: 63624401611
Write Stall (count): cf-l0-file-count-limit-delays-with-ongoing-compaction: 87, cf-l0-file-count-limit-stops-with-ongoing-compaction: 0, l0-file-count-limit-delays: 87, l0-file-count-limit-stops: 0, memtable-limit-delays: 0, memtable-limit-stops: 1104, pending-compaction-bytes-delays: 14, pending-compaction-bytes-stops: 0, total-delays: 101, total-stops: 1104
interval: 49 total count
Block cache AutoHyperClockCache@0x6043b84412d0#2239720 capacity: 512.00 MB seed: 1 usage: 16.70 MB table_size: 7745 occupancy: 3961 collections: 11 last_copies: 0 last_secs: 0.000603 secs_since: 58
Block cache entry stats(count,size,portion): Misc(3961,16.23 MB,3.16918%)

** File Read Latency Histogram By Level [default] **
** Level 0 read latency histogram (micros):
Count: 41118544 Average: 3.2632  StdDev: 1380.32
Min: 0  Median: 0.8736  Max: 3176910
Percentiles: P50: 0.87 P75: 1.49 P99: 3.17 P99.9: 5.42 P99.99: 6.28
------------------------------------------------------
[       0,       1 ] 23532648  57.231%  57.231% ###########
(       1,       2 ] 14830351  36.067%  93.299% #######
(       2,       3 ]  2284099   5.555%  98.853% #
(       3,       4 ]   346871   0.844%  99.697% 
(       4,       6 ]   117177   0.285%  99.982% 
(       6,      10 ]    47564   0.116% 100.098% 
(      10,      15 ]    19208   0.047% 100.144% 
(      15,      22 ]    11838   0.029% 100.173% 
(      22,      34 ]      739   0.002% 100.175% 
(      34,      51 ]      124   0.000% 100.175% 
(      51,      76 ]      499   0.001% 100.176% 
(      76,     110 ]      972   0.002% 100.179% 
(     110,     170 ]       37   0.000% 100.179% 
(     170,     250 ]       27   0.000% 100.179% 
(     250,     380 ]       90   0.000% 100.179% 
(     380,     580 ]       22   0.000% 100.179% 
(     580,     870 ]       52   0.000% 100.179% 
(     870,    1300 ]      119   0.000% 100.180% 
(    1300,    1900 ]       61   0.000% 100.180% 
(    1900,    2900 ]       23   0.000% 100.180% 
(    2900,    4400 ]        8   0.000% 100.180% 
(    4400,    6600 ]        8   0.000% 100.180% 
(    6600,    9900 ]        8   0.000% 100.180% 
(    9900,   14000 ]        4   0.000% 100.180% 
(   14000,   22000 ]       13   0.000% 100.180% 
(   22000,   33000 ]       30   0.000% 100.180% 
(   33000,   50000 ]       46   0.000% 100.180% 
(   50000,   75000 ]       77   0.000% 100.180% 
(   75000,  110000 ]      108   0.000% 100.181% 
(  110000,  170000 ]       75   0.000% 100.181% 
(  170000,  250000 ]       26   0.000% 100.181% 
(  250000,  380000 ]        7   0.000% 100.181% 
(  380000,  570000 ]        2   0.000% 100.181% 
(  570000,  860000 ]        5   0.000% 100.181% 
(  860000, 1200000 ]        3   0.000% 100.181% 
( 1200000, 1900000 ]        7   0.000% 100.181% 
( 1900000, 2900000 ]        3   0.000% 100.181% 
( 2900000, 4300000 ]        4   0.000% 100.181% 

** Level 1 read latency histogram (micros):
Count: 87429719 Average: 1.7450  StdDev: 146.51
Min: 0  Median: 0.7998  Max: 355761
Percentiles: P50: 0.80 P75: 1.41 P99: 3.13 P99.9: 4.32 P99.99: 4.77
------------------------------------------------------
[       0,       1 ] 54655297  62.513%  62.513% #############
(       1,       2 ] 26551424  30.369%  92.882% ######
(       2,       3 ]  5243787   5.998%  98.880% #
(       3,       4 ]   837209   0.958%  99.838% 
(       4,       6 ]   345452   0.395% 100.233% 
(       6,      10 ]   147625   0.169% 100.402% 
(      10,      15 ]    45507   0.052% 100.454% 
(      15,      22 ]    31254   0.036% 100.489% 
(      22,      34 ]     2694   0.003% 100.492% 
(      34,      51 ]      828   0.001% 100.493% 
(      51,      76 ]     2025   0.002% 100.496% 
(      76,     110 ]     2530   0.003% 100.499% 
(     110,     170 ]     1782   0.002% 100.501% 
(     170,     250 ]     1259   0.001% 100.502% 
(     250,     380 ]     1333   0.002% 100.504% 
(     380,     580 ]     1291   0.001% 100.505% 
(     580,     870 ]     1173   0.001% 100.506% 
(     870,    1300 ]      922   0.001% 100.507% 
(    1300,    1900 ]      757   0.001% 100.508% 
(    1900,    2900 ]      600   0.001% 100.509% 
(    2900,    4400 ]      369   0.000% 100.509% 
(    4400,    6600 ]      167   0.000% 100.510% 
(    6600,    9900 ]       42   0.000% 100.510% 
(    9900,   14000 ]       26   0.000% 100.510% 
(   14000,   22000 ]       39   0.000% 100.510% 
(   22000,   33000 ]       22   0.000% 100.510% 
(   33000,   50000 ]       27   0.000% 100.510% 
(   50000,   75000 ]       33   0.000% 100.510% 
(   75000,  110000 ]       15   0.000% 100.510% 
(  110000,  170000 ]       28   0.000% 100.510% 
(  170000,  250000 ]       13   0.000% 100.510% 
(  250000,  380000 ]        6   0.000% 100.510% 

** Level 2 read latency histogram (micros):
Count: 14348598 Average: 151.3948  StdDev: 4919.47
Min: 0  Median: 1.4475  Max: 4177656
Percentiles: P50: 1.45 P75: 2.01 P99: 1087.52 P99.9: 2402.24 P99.99: 2647.26
------------------------------------------------------
[       0,       1 ]  4286681  29.875%  29.875% ######
(       1,       2 ]  6453153  44.974%  74.849% #########
(       2,       3 ]  2007209  13.989%  88.838% ###
(       3,       4 ]   519093   3.618%  92.456% #
(       4,       6 ]   160695   1.120%  93.576% 
(       6,      10 ]    26702   0.186%  93.762% 
(      10,      15 ]    16220   0.113%  93.875% 
(      15,      22 ]     8879   0.062%  93.937% 
(      22,      34 ]     5260   0.037%  93.974% 
(      34,      51 ]    16014   0.112%  94.085% 
(      51,      76 ]    35889   0.250%  94.335% 
(      76,     110 ]    23005   0.160%  94.496% 
(     110,     170 ]   100947   0.704%  95.199% 
(     170,     250 ]   120257   0.838%  96.037% 
(     250,     380 ]   142710   0.995%  97.032% 
(     380,     580 ]   132066   0.920%  97.952% 
(     580,     870 ]   110849   0.773%  98.725% 
(     870,    1300 ]    78053   0.544%  99.269% 
(    1300,    1900 ]    64097   0.447%  99.716% 
(    1900,    2900 ]    52705   0.367% 100.083% 
(    2900,    4400 ]    28740   0.200% 100.283% 
(    4400,    6600 ]    15810   0.110% 100.393% 
(    6600,    9900 ]     5102   0.036% 100.429% 
(    9900,   14000 ]     2034   0.014% 100.443% 
(   14000,   22000 ]     2416   0.017% 100.460% 
(   22000,   33000 ]     2114   0.015% 100.475% 
(   33000,   50000 ]     2416   0.017% 100.491% 
(   50000,   75000 ]     2638   0.018% 100.510% 
(   75000,  110000 ]     2450   0.017% 100.527% 
(  110000,  170000 ]     2301   0.016% 100.543% 
(  170000,  250000 ]     1136   0.008% 100.551% 
(  250000,  380000 ]      379   0.003% 100.554% 
(  380000,  570000 ]       61   0.000% 100.554% 
(  570000,  860000 ]       20   0.000% 100.554% 
(  860000, 1200000 ]       28   0.000% 100.554% 
( 1200000, 1900000 ]       27   0.000% 100.554% 
( 1900000, 2900000 ]        1   0.000% 100.554% 
( 2900000, 4300000 ]        5   0.000% 100.555% 


** DB Stats **
Uptime(secs): 1864.1 total, 30.9 interval
Cumulative writes: 85M writes, 85M keys, 11M commit groups, 7.8 writes per commit group, ingest: 83.23 GB, 45.72 MB/s
Cumulative WAL: 85M writes, 0 syncs, 85470525.00 writes per sync, written: 83.23 GB, 45.72 MB/s
Cumulative stall: 00:26:17.749 H:M:S, 84.6 percent
Interval writes: 1424K writes, 1424K keys, 180K commit groups, 7.9 writes per commit group, ingest: 1420.22 MB, 46.03 MB/s
Interval WAL: 1424K writes, 0 syncs, 1424367.00 writes per sync, written: 1.39 GB, 46.03 MB/s
Interval stall: 00:00:27.723 H:M:S, 89.9 percent
Write Stall (count): write-buffer-manager-limit-stops: 0
num-running-compactions: 2
num-running-flushes: 1

2026/08/31-10:05:11  ... thread 12: (82000,5341000) ops and (2698.7,2865.2) ops/second in (30.385389,1864.112529) seconds
2026/08/31-10:05:11  ... thread 3: (87000,5342000) ops and (2824.5,2865.7) ops/second in (30.801945,1864.120104) seconds
2026/08/31-10:05:11  ... thread 15: (89000,5342000) ops and (2884.5,2865.7) ops/second in (30.854230,1864.121220) seconds
2026/08/31-10:05:11  ... thread 5: (82000,5345000) ops and (2698.5,2867.3) ops/second in (30.387578,1864.121461) seconds
2026/08/31-10:05:18  ... thread 6: (85000,5346000) ops and (2705.5,2857.5) ops/second in (31.416991,1870.871535) seconds
2026/08/31-10:05:18  ... thread 2: (85000,5351000) ops and (2705.4,2860.2) ops/second in (31.418814,1870.875152) seconds
2026/08/31-10:05:18  ... thread 4: (85000,5347000) ops and (2705.1,2858.0) ops/second in (31.422457,1870.875149) seconds
2026/08/31-10:05:18  ... thread 7: (86000,5350000) ops and (2734.5,2859.6) ops/second in (31.449733,1870.887935) seconds
2026/08/31-10:05:18  ... thread 13: (85000,5349000) ops and (2705.1,2859.1) ops/second in (31.422621,1870.889422) seconds
2026/08/31-10:05:18  ... thread 9: (86000,5348000) ops and (2734.3,2858.5) ops/second in (31.452589,1870.890713) seconds
2026/08/31-10:05:36  ... thread 14: (42000,5374000) ops and (1280.6,2844.9) ops/second in (32.796332,1888.979551) seconds
2026/08/31-10:05:41  ... thread 15: (38000,5380000) ops and (1264.5,2840.3) ops/second in (30.050225,1894.171445) seconds
2026/08/31-10:05:41  ... thread 5: (38000,5383000) ops and (1264.4,2841.9) ops/second in (30.052913,1894.174374) seconds
2026/08/31-10:05:41  ... thread 1: (42000,5381000) ops and (1334.6,2840.8) ops/second in (31.469633,1894.184708) seconds
2026/08/31-10:05:41  ... thread 10: (43000,5382000) ops and (1365.1,2841.3) ops/second in (31.499034,1894.186868) seconds
2026/08/31-10:05:41  ... thread 0: (39000,5379000) ops and (1296.6,2839.7) ops/second in (30.077936,1894.187777) seconds

** Compaction Stats [default] **
Level    Files   Size     Score Read(GB)  Rn(GB) Rnp1(GB) Write(GB) WPreComp(GB) Wnew(GB) Moved(GB) W-Amp Rd(MB/s) Wr(MB/s) Comp(sec) CompMergeCPU(sec) Comp(cnt) Avg(sec) KeyIn KeyDrop Rblob(GB) Wblob(GB)
-------------------------------------------------------------------------------------------------------------------------------------------------------------------------------------------------------------
  L0     10/10     1.16 GB   0.0     80.3     0.0     80.3     164.8     164.8     84.5       0.0   1.9     20.7     42.5   3973.78            363.01      1696    2.343    167M    86K       0.0       0.0
  L1    195/195   11.87 GB   0.0    375.5    83.3    292.1     368.1     368.1     76.0       0.0   4.4    318.8    312.6   1206.05           1134.84        44   27.410    382M  7473K       0.0       0.0
  L2    760/0     39.97 GB   1.0    119.6    52.6     67.0     107.7     107.7     40.7      11.5   2.0     17.6     15.9   6953.71            558.58       805    8.638    121M    12M       0.0       0.0
  L3    241/0     12.15 GB   0.0      0.0     0.0      0.0       0.0       0.0      0.0      12.2   0.0      0.0      0.0      0.00              0.00         0    0.000       0      0       0.0       0.0
 Sum   1206/205   65.15 GB   0.0    575.5   136.0    439.5     640.6     640.6    201.1      23.6   7.6     48.6     54.1  12133.54           2056.43      2545    4.768    671M    19M       0.0       0.0
 Int      0/0      0.00 KB   0.0     12.6     2.4     10.2      13.0      13.0      2.8       0.0  21.3    148.9    153.1     86.73             41.59        13    6.671     13M   260K       0.0       0.0

** Compaction Stats [default] **
Priority    Files   Size     Score Read(GB)  Rn(GB) Rnp1(GB) Write(GB) WPreComp(GB) Wnew(GB) Moved(GB) W-Amp Rd(MB/s) Wr(MB/s) Comp(sec) CompMergeCPU(sec) Comp(cnt) Avg(sec) KeyIn KeyDrop Rblob(GB) Wblob(GB)
----------------------------------------------------------------------------------------------------------------------------------------------------------------------------------------------------------------
 Low      0/0      0.00 KB   0.0    575.5   136.0    439.5     556.0     556.0    116.5       0.0   0.0     61.3     59.2   9610.02           1908.42      1157    8.306    585M    19M       0.0       0.0
High      0/0      0.00 KB   0.0      0.0     0.0      0.0      84.6      84.6     84.6       0.0   0.0      0.0     34.3   2523.52            148.01      1388    1.818     86M      0       0.0       0.0

Blob file count: 0, total size: 0.0 GB, garbage size: 0.0 GB, space amp: 0.0

Uptime(secs): 1894.2 total, 28.7 interval
Flush(GB): cumulative 84.594, interval 0.608
AddFile(GB): cumulative 0.000, interval 0.000
AddFile(Total Files): cumulative 0, interval 0
AddFile(L0 Files): cumulative 0, interval 0
AddFile(Keys): cumulative 0, interval 0
Cumulative compaction: 640.61 GB write, 346.31 MB/s write, 575.46 GB read, 311.09 MB/s read, 12133.5 seconds
Interval compaction: 12.96 GB write, 461.80 MB/s write, 12.61 GB read, 449.30 MB/s read, 86.7 seconds
Estimated pending compaction bytes: 65470215695
Write Stall (count): cf-l0-file-count-limit-delays-with-ongoing-compaction: 90, cf-l0-file-count-limit-stops-with-ongoing-compaction: 0, l0-file-count-limit-delays: 90, l0-file-count-limit-stops: 0, memtable-limit-delays: 0, memtable-limit-stops: 1111, pending-compaction-bytes-delays: 14, pending-compaction-bytes-stops: 0, total-delays: 104, total-stops: 1111
interval: 9 total count
Block cache AutoHyperClockCache@0x6043b84412d0#2239720 capacity: 512.00 MB seed: 1 usage: 16.70 MB table_size: 7745 occupancy: 3961 collections: 11 last_copies: 1 last_secs: 0.000603 secs_since: 88
Block cache entry stats(count,size,portion): Misc(3961,16.23 MB,3.16918%)

** File Read Latency Histogram By Level [default] **
** Level 0 read latency histogram (micros):
Count: 41587713 Average: 3.3336  StdDev: 1466.79
Min: 0  Median: 0.8758  Max: 3332460
Percentiles: P50: 0.88 P75: 1.50 P99: 3.19 P99.9: 5.44 P99.99: 6.31
------------------------------------------------------
[       0,       1 ] 23742120  57.089%  57.089% ###########
(       1,       2 ] 15031085  36.143%  93.232% #######
(       2,       3 ]  2331421   5.606%  98.838% #
(       3,       4 ]   355443   0.855%  99.693% 
(       4,       6 ]   119691   0.288%  99.981% 
(       6,      10 ]    48419   0.116% 100.097% 
(      10,      15 ]    19515   0.047% 100.144% 
(      15,      22 ]    11995   0.029% 100.173% 
(      22,      34 ]      751   0.002% 100.175% 
(      34,      51 ]      124   0.000% 100.175% 
(      51,      76 ]      505   0.001% 100.176% 
(      76,     110 ]      977   0.002% 100.179% 
(     110,     170 ]       37   0.000% 100.179% 
(     170,     250 ]       27   0.000% 100.179% 
(     250,     380 ]       92   0.000% 100.179% 
(     380,     580 ]       22   0.000% 100.179% 
(     580,     870 ]       52   0.000% 100.179% 
(     870,    1300 ]      119   0.000% 100.180% 
(    1300,    1900 ]       61   0.000% 100.180% 
(    1900,    2900 ]       23   0.000% 100.180% 
(    2900,    4400 ]        8   0.000% 100.180% 
(    4400,    6600 ]        8   0.000% 100.180% 
(    6600,    9900 ]        8   0.000% 100.180% 
(    9900,   14000 ]        4   0.000% 100.180% 
(   14000,   22000 ]       13   0.000% 100.180% 
(   22000,   33000 ]       30   0.000% 100.180% 
(   33000,   50000 ]       46   0.000% 100.180% 
(   50000,   75000 ]       79   0.000% 100.180% 
(   75000,  110000 ]      110   0.000% 100.181% 
(  110000,  170000 ]       75   0.000% 100.181% 
(  170000,  250000 ]       26   0.000% 100.181% 
(  250000,  380000 ]        7   0.000% 100.181% 
(  380000,  570000 ]        2   0.000% 100.181% 
(  570000,  860000 ]        5   0.000% 100.181% 
(  860000, 1200000 ]        3   0.000% 100.181% 
( 1200000, 1900000 ]        7   0.000% 100.181% 
( 1900000, 2900000 ]        3   0.000% 100.181% 
( 2900000, 4300000 ]        5   0.000% 100.181% 

** Level 1 read latency histogram (micros):
Count: 89399400 Average: 1.7387  StdDev: 144.89
Min: 0  Median: 0.7996  Max: 355761
Percentiles: P50: 0.80 P75: 1.41 P99: 3.11 P99.9: 4.26 P99.99: 4.72
------------------------------------------------------
[       0,       1 ] 55899735  62.528%  62.528% #############
(       1,       2 ] 27168071  30.390%  92.918% ######
(       2,       3 ]  5346205   5.980%  98.898% #
(       3,       4 ]   850530   0.951%  99.849% 
(       4,       6 ]   348809   0.390% 100.239% 
(       6,      10 ]   150015   0.168% 100.407% 
(      10,      15 ]    46305   0.052% 100.459% 
(      15,      22 ]    31652   0.035% 100.494% 
(      22,      34 ]     2733   0.003% 100.497% 
(      34,      51 ]      842   0.001% 100.498% 
(      51,      76 ]     2083   0.002% 100.501% 
(      76,     110 ]     2612   0.003% 100.504% 
(     110,     170 ]     1823   0.002% 100.506% 
(     170,     250 ]     1262   0.001% 100.507% 
(     250,     380 ]     1333   0.001% 100.509% 
(     380,     580 ]     1292   0.001% 100.510% 
(     580,     870 ]     1173   0.001% 100.511% 
(     870,    1300 ]      922   0.001% 100.512% 
(    1300,    1900 ]      757   0.001% 100.513% 
(    1900,    2900 ]      600   0.001% 100.514% 
(    2900,    4400 ]      369   0.000% 100.514% 
(    4400,    6600 ]      167   0.000% 100.514% 
(    6600,    9900 ]       42   0.000% 100.514% 
(    9900,   14000 ]       26   0.000% 100.514% 
(   14000,   22000 ]       39   0.000% 100.515% 
(   22000,   33000 ]       22   0.000% 100.515% 
(   33000,   50000 ]       27   0.000% 100.515% 
(   50000,   75000 ]       33   0.000% 100.515% 
(   75000,  110000 ]       15   0.000% 100.515% 
(  110000,  170000 ]       28   0.000% 100.515% 
(  170000,  250000 ]       13   0.000% 100.515% 
(  250000,  380000 ]        6   0.000% 100.515% 

** Level 2 read latency histogram (micros):
Count: 14348598 Average: 151.3948  StdDev: 4919.47
Min: 0  Median: 1.4475  Max: 4177656
Percentiles: P50: 1.45 P75: 2.01 P99: 1087.52 P99.9: 2402.24 P99.99: 2647.26
------------------------------------------------------
[       0,       1 ]  4286681  29.875%  29.875% ######
(       1,       2 ]  6453153  44.974%  74.849% #########
(       2,       3 ]  2007209  13.989%  88.838% ###
(       3,       4 ]   519093   3.618%  92.456% #
(       4,       6 ]   160695   1.120%  93.576% 
(       6,      10 ]    26702   0.186%  93.762% 
(      10,      15 ]    16220   0.113%  93.875% 
(      15,      22 ]     8879   0.062%  93.937% 
(      22,      34 ]     5260   0.037%  93.974% 
(      34,      51 ]    16014   0.112%  94.085% 
(      51,      76 ]    35889   0.250%  94.335% 
(      76,     110 ]    23005   0.160%  94.496% 
(     110,     170 ]   100947   0.704%  95.199% 
(     170,     250 ]   120257   0.838%  96.037% 
(     250,     380 ]   142710   0.995%  97.032% 
(     380,     580 ]   132066   0.920%  97.952% 
(     580,     870 ]   110849   0.773%  98.725% 
(     870,    1300 ]    78053   0.544%  99.269% 
(    1300,    1900 ]    64097   0.447%  99.716% 
(    1900,    2900 ]    52705   0.367% 100.083% 
(    2900,    4400 ]    28740   0.200% 100.283% 
(    4400,    6600 ]    15810   0.110% 100.393% 
(    6600,    9900 ]     5102   0.036% 100.429% 
(    9900,   14000 ]     2034   0.014% 100.443% 
(   14000,   22000 ]     2416   0.017% 100.460% 
(   22000,   33000 ]     2114   0.015% 100.475% 
(   33000,   50000 ]     2416   0.017% 100.491% 
(   50000,   75000 ]     2638   0.018% 100.510% 
(   75000,  110000 ]     2450   0.017% 100.527% 
(  110000,  170000 ]     2301   0.016% 100.543% 
(  170000,  250000 ]     1136   0.008% 100.551% 
(  250000,  380000 ]      379   0.003% 100.554% 
(  380000,  570000 ]       61   0.000% 100.554% 
(  570000,  860000 ]       20   0.000% 100.554% 
(  860000, 1200000 ]       28   0.000% 100.554% 
( 1200000, 1900000 ]       27   0.000% 100.554% 
( 1900000, 2900000 ]        1   0.000% 100.554% 
( 2900000, 4300000 ]        5   0.000% 100.555% 


** DB Stats **
Uptime(secs): 1894.2 total, 28.7 interval
Cumulative writes: 86M writes, 86M keys, 11M commit groups, 7.8 writes per commit group, ingest: 83.83 GB, 45.32 MB/s
Cumulative WAL: 86M writes, 0 syncs, 86090740.00 writes per sync, written: 83.83 GB, 45.32 MB/s
Cumulative stall: 00:26:40.909 H:M:S, 84.5 percent
Interval writes: 565K writes, 565K keys, 73K commit groups, 7.7 writes per commit group, ingest: 563.63 MB, 19.61 MB/s
Interval WAL: 565K writes, 0 syncs, 565249.00 writes per sync, written: 0.55 GB, 19.61 MB/s
Interval stall: 00:00:23.160 H:M:S, 80.6 percent
Write Stall (count): write-buffer-manager-limit-stops: 0
num-running-compactions: 2
num-running-flushes: 1

2026/08/31-10:05:41  ... thread 11: (42000,5383000) ops and (1334.3,2841.8) ops/second in (31.476678,1894.190034) seconds
2026/08/31-10:05:41  ... thread 8: (43000,5382000) ops and (1365.1,2841.3) ops/second in (31.499486,1894.190641) seconds
2026/08/31-10:05:41  ... thread 12: (39000,5380000) ops and (1296.3,2840.3) ops/second in (30.084509,1894.197038) seconds
2026/08/31-10:05:41  ... thread 3: (39000,5381000) ops and (1296.5,2840.8) ops/second in (30.080033,1894.200137) seconds
2026/08/31-10:05:54  ... thread 9: (46000,5394000) ops and (1266.3,2828.2) ops/second in (36.326934,1907.217647) seconds
2026/08/31-10:05:54  ... thread 13: (46000,5395000) ops and (1264.9,2828.7) ops/second in (36.365856,1907.255278) seconds
2026/08/31-10:05:54  ... thread 6: (47000,5393000) ops and (1291.2,2827.6) ops/second in (36.400478,1907.272013) seconds
2026/08/31-10:05:54  ... thread 4: (47000,5394000) ops and (1291.2,2828.1) ops/second in (36.400966,1907.276115) seconds
2026/08/31-10:05:54  ... thread 2: (47000,5398000) ops and (1291.1,2830.2) ops/second in (36.402476,1907.277628) seconds
2026/08/31-10:05:54  ... thread 7: (47000,5397000) ops and (1291.5,2829.7) ops/second in (36.392540,1907.280475) seconds
2026/08/31-10:06:06  ... thread 14: (47000,5421000) ops and (1551.5,2824.5) ops/second in (30.292634,1919.272185) seconds
2026/08/31-10:06:14  ... thread 0: (46000,5425000) ops and (1409.2,2815.5) ops/second in (32.642157,1926.829934) seconds

** Compaction Stats [default] **
Level    Files   Size     Score Read(GB)  Rn(GB) Rnp1(GB) Write(GB) WPreComp(GB) Wnew(GB) Moved(GB) W-Amp Rd(MB/s) Wr(MB/s) Comp(sec) CompMergeCPU(sec) Comp(cnt) Avg(sec) KeyIn KeyDrop Rblob(GB) Wblob(GB)
-------------------------------------------------------------------------------------------------------------------------------------------------------------------------------------------------------------
  L0     16/14     1.89 GB   1.0     80.8     0.0     80.8     166.0     166.0     85.2       0.0   1.9     20.4     42.0   4049.26            365.78      1710    2.368    169M    87K       0.0       0.0
  L1    195/195   11.87 GB   0.0    375.5    83.3    292.1     368.1     368.1     76.0       0.0   4.4    318.8    312.6   1206.05           1134.84        44   27.410    382M  7473K       0.0       0.0
  L2    760/0     39.97 GB   1.0    119.6    52.6     67.0     107.7     107.7     40.7      11.5   2.0     17.6     15.9   6953.71            558.58       805    8.638    121M    12M       0.0       0.0
  L3    241/0     12.15 GB   0.0      0.0     0.0      0.0       0.0       0.0      0.0      12.2   0.0      0.0      0.0      0.00              0.00         0    0.000       0      0       0.0       0.0
 Sum   1212/209   65.88 GB   0.0    575.9   136.0    440.0     641.8     641.8    201.9      23.6   7.5     48.3     53.8  12209.02           2059.20      2559    4.771    672M    19M       0.0       0.0
 Int      0/0      0.00 KB   0.0      0.0     0.0      0.0       0.1       0.1      0.1       0.0   1.0      0.0      8.7     14.30              0.25         2    7.149    124K      0       0.0       0.0

** Compaction Stats [default] **
Priority    Files   Size     Score Read(GB)  Rn(GB) Rnp1(GB) Write(GB) WPreComp(GB) Wnew(GB) Moved(GB) W-Amp Rd(MB/s) Wr(MB/s) Comp(sec) CompMergeCPU(sec) Comp(cnt) Avg(sec) KeyIn KeyDrop Rblob(GB) Wblob(GB)
----------------------------------------------------------------------------------------------------------------------------------------------------------------------------------------------------------------
 Low      0/0      0.00 KB   0.0    575.9   136.0    440.0     556.5     556.5    116.5       0.0   0.0     61.2     59.2   9631.43           1909.75      1159    8.310    586M    19M       0.0       0.0
High      0/0      0.00 KB   0.0      0.0     0.0      0.0      85.3      85.3     85.3       0.0   0.0      0.0     33.9   2577.59            149.45      1400    1.841     86M      0       0.0       0.0

Blob file count: 0, total size: 0.0 GB, garbage size: 0.0 GB, space amp: 0.0

Uptime(secs): 1926.8 total, 1.4 interval
Flush(GB): cumulative 85.325, interval 0.122
AddFile(GB): cumulative 0.000, interval 0.000
AddFile(Total Files): cumulative 0, interval 0
AddFile(L0 Files): cumulative 0, interval 0
AddFile(Keys): cumulative 0, interval 0
Cumulative compaction: 641.82 GB write, 341.09 MB/s write, 575.94 GB read, 306.08 MB/s read, 12209.0 seconds
Interval compaction: 0.12 GB write, 90.29 MB/s write, 0.00 GB read, 0.00 MB/s read, 14.3 seconds
Estimated pending compaction bytes: 68678121511
Write Stall (count): cf-l0-file-count-limit-delays-with-ongoing-compaction: 90, cf-l0-file-count-limit-stops-with-ongoing-compaction: 0, l0-file-count-limit-delays: 90, l0-file-count-limit-stops: 0, memtable-limit-delays: 0, memtable-limit-stops: 1119, pending-compaction-bytes-delays: 14, pending-compaction-bytes-stops: 0, total-delays: 104, total-stops: 1119
interval: 0 total count
Block cache AutoHyperClockCache@0x6043b84412d0#2239720 capacity: 512.00 MB seed: 1 usage: 16.70 MB table_size: 7745 occupancy: 3961 collections: 11 last_copies: 2 last_secs: 0.000603 secs_since: 121
Block cache entry stats(count,size,portion): Misc(3961,16.23 MB,3.16918%)

** File Read Latency Histogram By Level [default] **
** Level 0 read latency histogram (micros):
Count: 41872392 Average: 3.3865  StdDev: 1477.80
Min: 0  Median: 0.8762  Max: 3332460
Percentiles: P50: 0.88 P75: 1.50 P99: 3.19 P99.9: 5.44 P99.99: 6.34
------------------------------------------------------
[       0,       1 ] 23895518  57.067%  57.067% ###########
(       1,       2 ] 15135857  36.148%  93.215% #######
(       2,       3 ]  2352891   5.619%  98.834% #
(       3,       4 ]   359147   0.858%  99.692% 
(       4,       6 ]   120611   0.288%  99.980% 
(       6,      10 ]    48784   0.117% 100.097% 
(      10,      15 ]    19628   0.047% 100.143% 
(      15,      22 ]    12059   0.029% 100.172% 
(      22,      34 ]      756   0.002% 100.174% 
(      34,      51 ]      124   0.000% 100.174% 
(      51,      76 ]      508   0.001% 100.176% 
(      76,     110 ]      986   0.002% 100.178% 
(     110,     170 ]       37   0.000% 100.178% 
(     170,     250 ]       27   0.000% 100.178% 
(     250,     380 ]       94   0.000% 100.178% 
(     380,     580 ]       22   0.000% 100.178% 
(     580,     870 ]       52   0.000% 100.178% 
(     870,    1300 ]      119   0.000% 100.179% 
(    1300,    1900 ]       61   0.000% 100.179% 
(    1900,    2900 ]       23   0.000% 100.179% 
(    2900,    4400 ]        8   0.000% 100.179% 
(    4400,    6600 ]        9   0.000% 100.179% 
(    6600,    9900 ]        8   0.000% 100.179% 
(    9900,   14000 ]        4   0.000% 100.179% 
(   14000,   22000 ]       13   0.000% 100.179% 
(   22000,   33000 ]       30   0.000% 100.179% 
(   33000,   50000 ]       47   0.000% 100.179% 
(   50000,   75000 ]       81   0.000% 100.179% 
(   75000,  110000 ]      111   0.000% 100.180% 
(  110000,  170000 ]       76   0.000% 100.180% 
(  170000,  250000 ]       28   0.000% 100.180% 
(  250000,  380000 ]        7   0.000% 100.180% 
(  380000,  570000 ]        2   0.000% 100.180% 
(  570000,  860000 ]        5   0.000% 100.180% 
(  860000, 1200000 ]        5   0.000% 100.180% 
( 1200000, 1900000 ]        7   0.000% 100.180% 
( 1900000, 2900000 ]        3   0.000% 100.180% 
( 2900000, 4300000 ]        5   0.000% 100.180% 

** Level 1 read latency histogram (micros):
Count: 91485666 Average: 1.7309  StdDev: 143.23
Min: 0  Median: 0.7984  Max: 355761
Percentiles: P50: 0.80 P75: 1.41 P99: 3.09 P99.9: 4.22 P99.99: 4.69
------------------------------------------------------
[       0,       1 ] 57293672  62.626%  62.626% #############
(       1,       2 ] 27763639  30.348%  92.973% ######
(       2,       3 ]  5439142   5.945%  98.919% #
(       3,       4 ]   858415   0.938%  99.857% 
(       4,       6 ]   351764   0.385% 100.242% 
(       6,      10 ]   152022   0.166% 100.408% 
(      10,      15 ]    46952   0.051% 100.459% 
(      15,      22 ]    32053   0.035% 100.494% 
(      22,      34 ]     2764   0.003% 100.497% 
(      34,      51 ]      845   0.001% 100.498% 
(      51,      76 ]     2086   0.002% 100.500% 
(      76,     110 ]     2620   0.003% 100.503% 
(     110,     170 ]     1823   0.002% 100.505% 
(     170,     250 ]     1262   0.001% 100.507% 
(     250,     380 ]     1333   0.001% 100.508% 
(     380,     580 ]     1292   0.001% 100.509% 
(     580,     870 ]     1173   0.001% 100.511% 
(     870,    1300 ]      922   0.001% 100.512% 
(    1300,    1900 ]      757   0.001% 100.513% 
(    1900,    2900 ]      600   0.001% 100.513% 
(    2900,    4400 ]      369   0.000% 100.514% 
(    4400,    6600 ]      167   0.000% 100.514% 
(    6600,    9900 ]       42   0.000% 100.514% 
(    9900,   14000 ]       26   0.000% 100.514% 
(   14000,   22000 ]       39   0.000% 100.514% 
(   22000,   33000 ]       22   0.000% 100.514% 
(   33000,   50000 ]       27   0.000% 100.514% 
(   50000,   75000 ]       33   0.000% 100.514% 
(   75000,  110000 ]       15   0.000% 100.514% 
(  110000,  170000 ]       28   0.000% 100.514% 
(  170000,  250000 ]       13   0.000% 100.514% 
(  250000,  380000 ]        6   0.000% 100.514% 

** Level 2 read latency histogram (micros):
Count: 14348598 Average: 151.3948  StdDev: 4919.47
Min: 0  Median: 1.4475  Max: 4177656
Percentiles: P50: 1.45 P75: 2.01 P99: 1087.52 P99.9: 2402.24 P99.99: 2647.26
------------------------------------------------------
[       0,       1 ]  4286681  29.875%  29.875% ######
(       1,       2 ]  6453153  44.974%  74.849% #########
(       2,       3 ]  2007209  13.989%  88.838% ###
(       3,       4 ]   519093   3.618%  92.456% #
(       4,       6 ]   160695   1.120%  93.576% 
(       6,      10 ]    26702   0.186%  93.762% 
(      10,      15 ]    16220   0.113%  93.875% 
(      15,      22 ]     8879   0.062%  93.937% 
(      22,      34 ]     5260   0.037%  93.974% 
(      34,      51 ]    16014   0.112%  94.085% 
(      51,      76 ]    35889   0.250%  94.335% 
(      76,     110 ]    23005   0.160%  94.496% 
(     110,     170 ]   100947   0.704%  95.199% 
(     170,     250 ]   120257   0.838%  96.037% 
(     250,     380 ]   142710   0.995%  97.032% 
(     380,     580 ]   132066   0.920%  97.952% 
(     580,     870 ]   110849   0.773%  98.725% 
(     870,    1300 ]    78053   0.544%  99.269% 
(    1300,    1900 ]    64097   0.447%  99.716% 
(    1900,    2900 ]    52705   0.367% 100.083% 
(    2900,    4400 ]    28740   0.200% 100.283% 
(    4400,    6600 ]    15810   0.110% 100.393% 
(    6600,    9900 ]     5102   0.036% 100.429% 
(    9900,   14000 ]     2034   0.014% 100.443% 
(   14000,   22000 ]     2416   0.017% 100.460% 
(   22000,   33000 ]     2114   0.015% 100.475% 
(   33000,   50000 ]     2416   0.017% 100.491% 
(   50000,   75000 ]     2638   0.018% 100.510% 
(   75000,  110000 ]     2450   0.017% 100.527% 
(  110000,  170000 ]     2301   0.016% 100.543% 
(  170000,  250000 ]     1136   0.008% 100.551% 
(  250000,  380000 ]      379   0.003% 100.554% 
(  380000,  570000 ]       61   0.000% 100.554% 
(  570000,  860000 ]       20   0.000% 100.554% 
(  860000, 1200000 ]       28   0.000% 100.554% 
( 1200000, 1900000 ]       27   0.000% 100.554% 
( 1900000, 2900000 ]        1   0.000% 100.554% 
( 2900000, 4300000 ]        5   0.000% 100.555% 


** DB Stats **
Uptime(secs): 1926.8 total, 1.4 interval
Cumulative writes: 86M writes, 86M keys, 11M commit groups, 7.8 writes per commit group, ingest: 84.55 GB, 44.93 MB/s
Cumulative WAL: 86M writes, 0 syncs, 86826698.00 writes per sync, written: 84.55 GB, 44.93 MB/s
Cumulative stall: 00:27:12.044 H:M:S, 84.7 percent
Interval writes: 510 writes, 510 keys, 66 commit groups, 7.7 writes per commit group, ingest: 0.51 MB, 0.37 MB/s
Interval WAL: 504 writes, 0 syncs, 504.00 writes per sync, written: 0.00 GB, 0.36 MB/s
Interval stall: 00:00:7.401 H:M:S, 535.1 percent
Write Stall (count): write-buffer-manager-limit-stops: 0
num-running-compactions: 3
num-running-flushes: 1

2026/08/31-10:06:14  ... thread 1: (46000,5427000) ops and (1409.0,2816.5) ops/second in (32.646396,1926.831104) seconds
2026/08/31-10:06:14  ... thread 11: (46000,5429000) ops and (1409.2,2817.6) ops/second in (32.642555,1926.832589) seconds
2026/08/31-10:06:14  ... thread 8: (46000,5428000) ops and (1409.1,2817.1) ops/second in (32.645495,1926.836136) seconds
2026/08/31-10:06:14  ... thread 15: (47000,5427000) ops and (1437.6,2816.5) ops/second in (32.693135,1926.864580) seconds
2026/08/31-10:06:14  ... thread 12: (46000,5426000) ops and (1408.1,2816.0) ops/second in (32.667667,1926.864705) seconds
2026/08/31-10:06:14  ... thread 3: (46000,5427000) ops and (1408.2,2816.5) ops/second in (32.666757,1926.866894) seconds
2026/08/31-10:06:14  ... thread 5: (47000,5430000) ops and (1437.4,2818.0) ops/second in (32.697987,1926.872361) seconds
2026/08/31-10:06:14  ... thread 10: (47000,5429000) ops and (1437.7,2817.5) ops/second in (32.691235,1926.878103) seconds
2026/08/31-10:06:25  ... thread 9: (70000,5464000) ops and (2320.5,2820.3) ops/second in (30.165778,1937.383425) seconds
2026/08/31-10:06:25  ... thread 13: (70000,5465000) ops and (2322.2,2820.8) ops/second in (30.143840,1937.399118) seconds
2026/08/31-10:06:25  ... thread 6: (70000,5463000) ops and (2322.8,2819.7) ops/second in (30.136382,1937.408395) seconds
2026/08/31-10:06:25  ... thread 4: (70000,5464000) ops and (2322.9,2820.3) ops/second in (30.134743,1937.410858) seconds
2026/08/31-10:06:25  ... thread 7: (70000,5467000) ops and (2322.5,2821.8) ops/second in (30.139348,1937.419823) seconds
2026/08/31-10:06:25  ... thread 2: (70000,5468000) ops and (2322.0,2822.3) ops/second in (30.146732,1937.424360) seconds
2026/08/31-10:06:37  ... thread 14: (97000,5518000) ops and (3165.1,2829.9) ops/second in (30.646656,1949.918841) seconds
2026/08/31-10:06:45  ... thread 5: (104000,5534000) ops and (3347.2,2826.4) ops/second in (31.070492,1957.942853) seconds
2026/08/31-10:06:45  ... thread 1: (105000,5532000) ops and (3373.9,2825.4) ops/second in (31.120902,1957.952006) seconds
2026/08/31-10:06:45  ... thread 0: (105000,5530000) ops and (3373.6,2824.4) ops/second in (31.124248,1957.954182) seconds

** Compaction Stats [default] **
Level    Files   Size     Score Read(GB)  Rn(GB) Rnp1(GB) Write(GB) WPreComp(GB) Wnew(GB) Moved(GB) W-Amp Rd(MB/s) Wr(MB/s) Comp(sec) CompMergeCPU(sec) Comp(cnt) Avg(sec) KeyIn KeyDrop Rblob(GB) Wblob(GB)
-------------------------------------------------------------------------------------------------------------------------------------------------------------------------------------------------------------
  L0      7/0      2.61 GB   3.5     84.3     0.0     84.3     171.2     171.2     86.9       0.0   2.0     20.8     42.3   4145.87            377.78      1746    2.374    174M    98K       0.0       0.0
  L1    170/12    10.47 GB   2.4    388.3    84.3    304.0     380.8     380.8     76.8       0.0   4.5    317.8    311.7   1251.08           1174.03        45   27.802    395M  7585K       0.0       0.0
  L2    775/29    41.16 GB   1.0    124.1    54.2     69.9     111.5     111.5     41.6      12.1   2.1     17.6     15.8   7234.75            583.63       831    8.706    126M    12M       0.0       0.0
  L3    249/0     12.56 GB   0.0      0.0     0.0      0.0       0.0       0.0      0.0      12.6   0.0      0.0      0.0      0.00              0.00         0    0.000       0      0       0.0       0.0
 Sum   1201/41    66.79 GB   0.0    596.7   138.5    458.2     663.5     663.5    205.3      24.6   7.6     48.4     53.8  12631.70           2135.45      2622    4.818    695M    20M       0.0       0.0
 Int      0/0      0.00 KB   0.0     20.7     2.5     18.2      21.8      21.8      3.5       1.0  12.3     48.6     51.0    436.98             76.49        65    6.723     22M   745K       0.0       0.0

** Compaction Stats [default] **
Priority    Files   Size     Score Read(GB)  Rn(GB) Rnp1(GB) Write(GB) WPreComp(GB) Wnew(GB) Moved(GB) W-Amp Rd(MB/s) Wr(MB/s) Comp(sec) CompMergeCPU(sec) Comp(cnt) Avg(sec) KeyIn KeyDrop Rblob(GB) Wblob(GB)
----------------------------------------------------------------------------------------------------------------------------------------------------------------------------------------------------------------
 Low      0/0      0.00 KB   0.0    596.7   138.5    458.2     576.5     576.5    118.3       0.0   0.0     61.1     59.0  10005.94           1983.04      1195    8.373    607M    20M       0.0       0.0
High      0/0      0.00 KB   0.0      0.0     0.0      0.0      87.0      87.0     87.0       0.0   0.0      0.0     33.9   2625.77            152.40      1427    1.840     88M      0       0.0       0.0

Blob file count: 0, total size: 0.0 GB, garbage size: 0.0 GB, space amp: 0.0

Uptime(secs): 1958.0 total, 32.5 interval
Flush(GB): cumulative 86.971, interval 1.768
AddFile(GB): cumulative 0.000, interval 0.000
AddFile(Total Files): cumulative 0, interval 0
AddFile(L0 Files): cumulative 0, interval 0
AddFile(Keys): cumulative 0, interval 0
Cumulative compaction: 663.46 GB write, 346.99 MB/s write, 596.67 GB read, 312.05 MB/s read, 12631.7 seconds
Interval compaction: 21.76 GB write, 685.52 MB/s write, 20.73 GB read, 652.92 MB/s read, 437.0 seconds
Estimated pending compaction bytes: 68199654882
Write Stall (count): cf-l0-file-count-limit-delays-with-ongoing-compaction: 90, cf-l0-file-count-limit-stops-with-ongoing-compaction: 0, l0-file-count-limit-delays: 90, l0-file-count-limit-stops: 0, memtable-limit-delays: 0, memtable-limit-stops: 1143, pending-compaction-bytes-delays: 22, pending-compaction-bytes-stops: 0, total-delays: 112, total-stops: 1143
interval: 32 total count
Block cache AutoHyperClockCache@0x6043b84412d0#2239720 capacity: 512.00 MB seed: 1 usage: 16.70 MB table_size: 7745 occupancy: 3961 collections: 11 last_copies: 2 last_secs: 0.000603 secs_since: 152
Block cache entry stats(count,size,portion): Misc(3961,16.23 MB,3.16918%)

** File Read Latency Histogram By Level [default] **
** Level 0 read latency histogram (micros):
Count: 42697002 Average: 3.3687  StdDev: 1465.34
Min: 0  Median: 0.8720  Max: 3332460
Percentiles: P50: 0.87 P75: 1.49 P99: 3.18 P99.9: 5.45 P99.99: 6.42
------------------------------------------------------
[       0,       1 ] 24481683  57.338%  57.338% ###########
(       1,       2 ] 15353030  35.958%  93.296% #######
(       2,       3 ]  2369879   5.550%  98.847% #
(       3,       4 ]   361382   0.846%  99.693% 
(       4,       6 ]   121537   0.285%  99.978% 
(       6,      10 ]    49478   0.116% 100.094% 
(      10,      15 ]    19962   0.047% 100.140% 
(      15,      22 ]    12229   0.029% 100.169% 
(      22,      34 ]      766   0.002% 100.171% 
(      34,      51 ]      126   0.000% 100.171% 
(      51,      76 ]      516   0.001% 100.172% 
(      76,     110 ]     1007   0.002% 100.175% 
(     110,     170 ]       41   0.000% 100.175% 
(     170,     250 ]       27   0.000% 100.175% 
(     250,     380 ]      102   0.000% 100.175% 
(     380,     580 ]       22   0.000% 100.175% 
(     580,     870 ]       52   0.000% 100.175% 
(     870,    1300 ]      120   0.000% 100.176% 
(    1300,    1900 ]       62   0.000% 100.176% 
(    1900,    2900 ]       24   0.000% 100.176% 
(    2900,    4400 ]        8   0.000% 100.176% 
(    4400,    6600 ]        9   0.000% 100.176% 
(    6600,    9900 ]        8   0.000% 100.176% 
(    9900,   14000 ]        4   0.000% 100.176% 
(   14000,   22000 ]       13   0.000% 100.176% 
(   22000,   33000 ]       30   0.000% 100.176% 
(   33000,   50000 ]       47   0.000% 100.176% 
(   50000,   75000 ]       84   0.000% 100.176% 
(   75000,  110000 ]      114   0.000% 100.176% 
(  110000,  170000 ]       76   0.000% 100.177% 
(  170000,  250000 ]       28   0.000% 100.177% 
(  250000,  380000 ]        7   0.000% 100.177% 
(  380000,  570000 ]        3   0.000% 100.177% 
(  570000,  860000 ]        5   0.000% 100.177% 
(  860000, 1200000 ]        5   0.000% 100.177% 
( 1200000, 1900000 ]        7   0.000% 100.177% 
( 1900000, 2900000 ]        3   0.000% 100.177% 
( 2900000, 4300000 ]        5   0.000% 100.177% 

** Level 1 read latency histogram (micros):
Count: 92141135 Average: 1.8059  StdDev: 169.59
Min: 0  Median: 0.8022  Max: 397856
Percentiles: P50: 0.80 P75: 1.42 P99: 3.15 P99.9: 4.34 P99.99: 4.79
------------------------------------------------------
[       0,       1 ] 57431861  62.330%  62.330% ############
(       1,       2 ] 28040462  30.432%  92.762% ######
(       2,       3 ]  5616759   6.096%  98.858% #
(       3,       4 ]   897774   0.974%  99.833% 
(       4,       6 ]   368636   0.400% 100.233% 
(       6,      10 ]   156765   0.170% 100.403% 
(      10,      15 ]    48063   0.052% 100.455% 
(      15,      22 ]    32931   0.036% 100.491% 
(      22,      34 ]     2876   0.003% 100.494% 
(      34,      51 ]      879   0.001% 100.495% 
(      51,      76 ]     2182   0.002% 100.497% 
(      76,     110 ]     2763   0.003% 100.500% 
(     110,     170 ]     2068   0.002% 100.502% 
(     170,     250 ]     1503   0.002% 100.504% 
(     250,     380 ]     1608   0.002% 100.506% 
(     380,     580 ]     1526   0.002% 100.507% 
(     580,     870 ]     1354   0.001% 100.509% 
(     870,    1300 ]     1016   0.001% 100.510% 
(    1300,    1900 ]      843   0.001% 100.511% 
(    1900,    2900 ]      692   0.001% 100.512% 
(    2900,    4400 ]      425   0.000% 100.512% 
(    4400,    6600 ]      206   0.000% 100.512% 
(    6600,    9900 ]       58   0.000% 100.512% 
(    9900,   14000 ]       36   0.000% 100.512% 
(   14000,   22000 ]       50   0.000% 100.512% 
(   22000,   33000 ]       39   0.000% 100.513% 
(   33000,   50000 ]       35   0.000% 100.513% 
(   50000,   75000 ]       41   0.000% 100.513% 
(   75000,  110000 ]       23   0.000% 100.513% 
(  110000,  170000 ]       34   0.000% 100.513% 
(  170000,  250000 ]       18   0.000% 100.513% 
(  250000,  380000 ]        7   0.000% 100.513% 
(  380000,  570000 ]        1   0.000% 100.513% 

** Level 2 read latency histogram (micros):
Count: 15318007 Average: 155.1826  StdDev: 4936.52
Min: 0  Median: 1.4611  Max: 4177656
Percentiles: P50: 1.46 P75: 2.05 P99: 1102.25 P99.9: 2426.11 P99.99: 2668.20
------------------------------------------------------
[       0,       1 ]  4480076  29.247%  29.247% ######
(       1,       2 ]  6894490  45.009%  74.256% #########
(       2,       3 ]  2194769  14.328%  88.584% ###
(       3,       4 ]   567443   3.704%  92.289% #
(       4,       6 ]   175906   1.148%  93.437% 
(       6,      10 ]    28789   0.188%  93.625% 
(      10,      15 ]    17675   0.115%  93.740% 
(      15,      22 ]     9735   0.064%  93.804% 
(      22,      34 ]     5892   0.038%  93.842% 
(      34,      51 ]    17491   0.114%  93.957% 
(      51,      76 ]    39073   0.255%  94.212% 
(      76,     110 ]    25246   0.165%  94.376% 
(     110,     170 ]   109654   0.716%  95.092% 
(     170,     250 ]   131255   0.857%  95.949% 
(     250,     380 ]   156269   1.020%  96.969% 
(     380,     580 ]   144860   0.946%  97.915% 
(     580,     870 ]   120720   0.788%  98.703% 
(     870,    1300 ]    84219   0.550%  99.253% 
(    1300,    1900 ]    69171   0.452%  99.704% 
(    1900,    2900 ]    56946   0.372% 100.076% 
(    2900,    4400 ]    31166   0.203% 100.280% 
(    4400,    6600 ]    17221   0.112% 100.392% 
(    6600,    9900 ]     5700   0.037% 100.429% 
(    9900,   14000 ]     2321   0.015% 100.444% 
(   14000,   22000 ]     2707   0.018% 100.462% 
(   22000,   33000 ]     2341   0.015% 100.477% 
(   33000,   50000 ]     2662   0.017% 100.495% 
(   50000,   75000 ]     2878   0.019% 100.514% 
(   75000,  110000 ]     2688   0.018% 100.531% 
(  110000,  170000 ]     2530   0.017% 100.548% 
(  170000,  250000 ]     1245   0.008% 100.556% 
(  250000,  380000 ]      412   0.003% 100.558% 
(  380000,  570000 ]       80   0.001% 100.559% 
(  570000,  860000 ]       20   0.000% 100.559% 
(  860000, 1200000 ]       28   0.000% 100.559% 
( 1200000, 1900000 ]       30   0.000% 100.559% 
( 1900000, 2900000 ]        1   0.000% 100.559% 
( 2900000, 4300000 ]        5   0.000% 100.560% 


** DB Stats **
Uptime(secs): 1958.0 total, 31.1 interval
Cumulative writes: 88M writes, 88M keys, 11M commit groups, 7.8 writes per commit group, ingest: 86.18 GB, 45.07 MB/s
Cumulative WAL: 88M writes, 0 syncs, 88506718.00 writes per sync, written: 86.18 GB, 45.07 MB/s
Cumulative stall: 00:27:38.765 H:M:S, 84.7 percent
Interval writes: 1680K writes, 1680K keys, 214K commit groups, 7.8 writes per commit group, ingest: 1675.15 MB, 53.82 MB/s
Interval WAL: 1680K writes, 0 syncs, 1680020.00 writes per sync, written: 1.64 GB, 53.82 MB/s
Interval stall: 00:00:26.721 H:M:S, 85.9 percent
Write Stall (count): write-buffer-manager-limit-stops: 0
num-running-compactions: 12
num-running-flushes: 0

2026/08/31-10:06:45  ... thread 11: (105000,5534000) ops and (3373.1,2826.4) ops/second in (31.128858,1957.961447) seconds
2026/08/31-10:06:45  ... thread 15: (105000,5532000) ops and (3376.3,2825.4) ops/second in (31.098988,1957.963568) seconds
2026/08/31-10:06:45  ... thread 8: (105000,5533000) ops and (3373.0,2825.9) ops/second in (31.129477,1957.965613) seconds
2026/08/31-10:06:45  ... thread 12: (105000,5531000) ops and (3376.1,2824.9) ops/second in (31.101428,1957.966133) seconds
2026/08/31-10:06:45  ... thread 3: (105000,5532000) ops and (3375.8,2825.4) ops/second in (31.103659,1957.970553) seconds
2026/08/31-10:06:45  ... thread 10: (105000,5534000) ops and (3376.9,2826.4) ops/second in (31.093171,1957.971274) seconds
2026/08/31-10:06:56  ... thread 6: (112000,5575000) ops and (3537.0,2831.3) ops/second in (31.665131,1969.073526) seconds
2026/08/31-10:06:56  ... thread 4: (112000,5576000) ops and (3536.1,2831.8) ops/second in (31.673725,1969.084583) seconds
2026/08/31-10:06:56  ... thread 7: (112000,5579000) ops and (3536.8,2833.3) ops/second in (31.666758,1969.086581) seconds
2026/08/31-10:06:56  ... thread 9: (113000,5577000) ops and (3564.0,2832.3) ops/second in (31.706062,1969.089487) seconds
2026/08/31-10:06:56  ... thread 2: (112000,5580000) ops and (3536.7,2833.8) ops/second in (31.667688,1969.092048) seconds
2026/08/31-10:06:56  ... thread 13: (113000,5578000) ops and (3565.2,2832.8) ops/second in (31.695605,1969.094723) seconds
2026/08/31-10:07:08  ... thread 14: (85000,5603000) ops and (2793.0,2829.3) ops/second in (30.433086,1980.351927) seconds
2026/08/31-10:07:18  ... thread 11: (81000,5615000) ops and (2468.8,2820.5) ops/second in (32.809906,1990.771353) seconds
2026/08/31-10:07:18  ... thread 15: (81000,5613000) ops and (2468.4,2819.5) ops/second in (32.814238,1990.777806) seconds
2026/08/31-10:07:18  ... thread 8: (81000,5614000) ops and (2468.5,2820.0) ops/second in (32.813709,1990.779322) seconds
2026/08/31-10:07:18  ... thread 12: (81000,5612000) ops and (2468.1,2819.0) ops/second in (32.818525,1990.784658) seconds
2026/08/31-10:07:18  ... thread 10: (81000,5615000) ops and (2467.9,2820.5) ops/second in (32.821053,1990.792327) seconds
2026/08/31-10:07:18  ... thread 5: (82000,5616000) ops and (2496.3,2821.0) ops/second in (32.849175,1990.792028) seconds
2026/08/31-10:07:18  ... thread 3: (81000,5613000) ops and (2467.8,2819.5) ops/second in (32.823117,1990.793670) seconds
2026/08/31-10:07:18  ... thread 1: (82000,5614000) ops and (2496.3,2820.0) ops/second in (32.848585,1990.800591) seconds
2026/08/31-10:07:18  ... thread 0: (82000,5612000) ops and (2496.2,2819.0) ops/second in (32.850145,1990.804327) seconds

** Compaction Stats [default] **
Level    Files   Size     Score Read(GB)  Rn(GB) Rnp1(GB) Write(GB) WPreComp(GB) Wnew(GB) Moved(GB) W-Amp Rd(MB/s) Wr(MB/s) Comp(sec) CompMergeCPU(sec) Comp(cnt) Avg(sec) KeyIn KeyDrop Rblob(GB) Wblob(GB)
-------------------------------------------------------------------------------------------------------------------------------------------------------------------------------------------------------------
  L0     19/17     3.89 GB   1.0     85.3     0.0     85.3     173.4     173.4     88.1       0.0   2.0     20.7     42.0   4225.53            382.90      1771    2.386    176M    99K       0.0       0.0
  L1    158/158    9.72 GB   0.0    388.3    84.3    304.0     380.8     380.8     76.8       0.0   4.5    317.8    311.7   1251.08           1174.03        45   27.802    395M  7585K       0.0       0.0
  L2    747/0     39.84 GB   1.0    126.5    55.0     71.5     113.6     113.6     42.1      12.1   2.1     17.4     15.7   7427.20            597.10       843    8.810    128M    13M       0.0       0.0
  L3    285/0     14.31 GB   0.0      0.0     0.0      0.0       0.0       0.0      0.0      14.3   0.0      0.0      0.0      0.00              0.00         0    0.000       0      0       0.0       0.0
 Sum   1209/175   67.75 GB   0.0    600.0   139.2    460.7     667.8     667.8    207.0      26.4   7.6     47.6     53.0  12903.81           2154.03      2659    4.853    700M    20M       0.0       0.0
 Int      0/0      0.00 KB   0.0      0.2     0.0      0.2       0.4       0.4      0.2       0.0   2.3     13.2     23.0     19.04              1.09         4    4.761    435K    203       0.0       0.0

** Compaction Stats [default] **
Priority    Files   Size     Score Read(GB)  Rn(GB) Rnp1(GB) Write(GB) WPreComp(GB) Wnew(GB) Moved(GB) W-Amp Rd(MB/s) Wr(MB/s) Comp(sec) CompMergeCPU(sec) Comp(cnt) Avg(sec) KeyIn KeyDrop Rblob(GB) Wblob(GB)
----------------------------------------------------------------------------------------------------------------------------------------------------------------------------------------------------------------
 Low      0/0      0.00 KB   0.0    600.0   139.2    460.7     579.5     579.5    118.8       0.0   0.0     60.1     58.0  10224.96           1999.33      1211    8.443    610M    20M       0.0       0.0
High      0/0      0.00 KB   0.0      0.0     0.0      0.0      88.3      88.3     88.3       0.0   0.0      0.0     33.7   2678.85            154.70      1448    1.850     89M      0       0.0       0.0

Blob file count: 0, total size: 0.0 GB, garbage size: 0.0 GB, space amp: 0.0

Uptime(secs): 1990.8 total, 5.3 interval
Flush(GB): cumulative 88.252, interval 0.183
AddFile(GB): cumulative 0.000, interval 0.000
AddFile(Total Files): cumulative 0, interval 0
AddFile(L0 Files): cumulative 0, interval 0
AddFile(Keys): cumulative 0, interval 0
Cumulative compaction: 667.75 GB write, 343.47 MB/s write, 600.00 GB read, 308.62 MB/s read, 12903.8 seconds
Interval compaction: 0.43 GB write, 81.94 MB/s write, 0.24 GB read, 46.87 MB/s read, 19.0 seconds
Estimated pending compaction bytes: 68199477910
Write Stall (count): cf-l0-file-count-limit-delays-with-ongoing-compaction: 90, cf-l0-file-count-limit-stops-with-ongoing-compaction: 0, l0-file-count-limit-delays: 90, l0-file-count-limit-stops: 0, memtable-limit-delays: 0, memtable-limit-stops: 1159, pending-compaction-bytes-delays: 22, pending-compaction-bytes-stops: 0, total-delays: 112, total-stops: 1159
interval: 2 total count
Block cache AutoHyperClockCache@0x6043b84412d0#2239720 capacity: 512.00 MB seed: 1 usage: 17.83 MB table_size: 7799 occupancy: 4237 collections: 12 last_copies: 0 last_secs: 0.000599 secs_since: 5
Block cache entry stats(count,size,portion): Misc(4237,17.36 MB,3.39011%)

** File Read Latency Histogram By Level [default] **
** Level 0 read latency histogram (micros):
Count: 43567316 Average: 3.3540  StdDev: 1451.41
Min: 0  Median: 0.8747  Max: 3332460
Percentiles: P50: 0.87 P75: 1.49 P99: 3.19 P99.9: 5.44 P99.99: 6.37
------------------------------------------------------
[       0,       1 ] 24903287  57.160%  57.160% ###########
(       1,       2 ] 15722130  36.087%  93.247% #######
(       2,       3 ]  2437517   5.595%  98.842% #
(       3,       4 ]   371053   0.852%  99.694% 
(       4,       6 ]   124339   0.285%  99.979% 
(       6,      10 ]    50581   0.116% 100.095% 
(      10,      15 ]    20329   0.047% 100.142% 
(      15,      22 ]    12425   0.029% 100.171% 
(      22,      34 ]      785   0.002% 100.172% 
(      34,      51 ]      127   0.000% 100.173% 
(      51,      76 ]      524   0.001% 100.174% 
(      76,     110 ]     1021   0.002% 100.176% 
(     110,     170 ]       44   0.000% 100.176% 
(     170,     250 ]       28   0.000% 100.176% 
(     250,     380 ]      106   0.000% 100.177% 
(     380,     580 ]       22   0.000% 100.177% 
(     580,     870 ]       52   0.000% 100.177% 
(     870,    1300 ]      120   0.000% 100.177% 
(    1300,    1900 ]       62   0.000% 100.177% 
(    1900,    2900 ]       25   0.000% 100.177% 
(    2900,    4400 ]        8   0.000% 100.177% 
(    4400,    6600 ]        9   0.000% 100.177% 
(    6600,    9900 ]        8   0.000% 100.177% 
(    9900,   14000 ]        4   0.000% 100.177% 
(   14000,   22000 ]       13   0.000% 100.177% 
(   22000,   33000 ]       31   0.000% 100.178% 
(   33000,   50000 ]       48   0.000% 100.178% 
(   50000,   75000 ]       84   0.000% 100.178% 
(   75000,  110000 ]      117   0.000% 100.178% 
(  110000,  170000 ]       80   0.000% 100.178% 
(  170000,  250000 ]       28   0.000% 100.178% 
(  250000,  380000 ]        7   0.000% 100.178% 
(  380000,  570000 ]        3   0.000% 100.178% 
(  570000,  860000 ]        5   0.000% 100.178% 
(  860000, 1200000 ]        5   0.000% 100.178% 
( 1200000, 1900000 ]        7   0.000% 100.178% 
( 1900000, 2900000 ]        3   0.000% 100.178% 
( 2900000, 4300000 ]        5   0.000% 100.178% 

** Level 1 read latency histogram (micros):
Count: 93944952 Average: 1.7996  StdDev: 167.95
Min: 0  Median: 0.8027  Max: 397856
Percentiles: P50: 0.80 P75: 1.42 P99: 3.13 P99.9: 4.30 P99.99: 4.75
------------------------------------------------------
[       0,       1 ] 58514459  62.286%  62.286% ############
(       1,       2 ] 28661544  30.509%  92.795% ######
(       2,       3 ]  5711147   6.079%  98.874% #
(       3,       4 ]   908376   0.967%  99.841% 
(       4,       6 ]   371866   0.396% 100.237% 
(       6,      10 ]   158844   0.169% 100.406% 
(      10,      15 ]    48682   0.052% 100.458% 
(      15,      22 ]    33291   0.035% 100.493% 
(      22,      34 ]     2908   0.003% 100.496% 
(      34,      51 ]      883   0.001% 100.497% 
(      51,      76 ]     2184   0.002% 100.499% 
(      76,     110 ]     2768   0.003% 100.502% 
(     110,     170 ]     2068   0.002% 100.505% 
(     170,     250 ]     1503   0.002% 100.506% 
(     250,     380 ]     1608   0.002% 100.508% 
(     380,     580 ]     1526   0.002% 100.510% 
(     580,     870 ]     1354   0.001% 100.511% 
(     870,    1300 ]     1016   0.001% 100.512% 
(    1300,    1900 ]      843   0.001% 100.513% 
(    1900,    2900 ]      692   0.001% 100.514% 
(    2900,    4400 ]      425   0.000% 100.514% 
(    4400,    6600 ]      206   0.000% 100.514% 
(    6600,    9900 ]       58   0.000% 100.514% 
(    9900,   14000 ]       36   0.000% 100.514% 
(   14000,   22000 ]       50   0.000% 100.515% 
(   22000,   33000 ]       39   0.000% 100.515% 
(   33000,   50000 ]       35   0.000% 100.515% 
(   50000,   75000 ]       41   0.000% 100.515% 
(   75000,  110000 ]       23   0.000% 100.515% 
(  110000,  170000 ]       34   0.000% 100.515% 
(  170000,  250000 ]       18   0.000% 100.515% 
(  250000,  380000 ]        7   0.000% 100.515% 
(  380000,  570000 ]        1   0.000% 100.515% 

** Level 2 read latency histogram (micros):
Count: 15419543 Average: 154.4386  StdDev: 4920.38
Min: 0  Median: 1.4609  Max: 4177656
Percentiles: P50: 1.46 P75: 2.05 P99: 1098.75 P99.9: 2422.19 P99.99: 2664.99
------------------------------------------------------
[       0,       1 ]  4511934  29.261%  29.261% ######
(       1,       2 ]  6938638  44.999%  74.260% #########
(       2,       3 ]  2208306  14.321%  88.582% ###
(       3,       4 ]   570603   3.701%  92.282% #
(       4,       6 ]   176592   1.145%  93.427% 
(       6,      10 ]    28929   0.188%  93.615% 
(      10,      15 ]    17765   0.115%  93.730% 
(      15,      22 ]     9776   0.063%  93.794% 
(      22,      34 ]     6133   0.040%  93.833% 
(      34,      51 ]    17862   0.116%  93.949% 
(      51,      76 ]    39766   0.258%  94.207% 
(      76,     110 ]    25640   0.166%  94.373% 
(     110,     170 ]   110712   0.718%  95.091% 
(     170,     250 ]   132626   0.860%  95.951% 
(     250,     380 ]   157726   1.023%  96.974% 
(     380,     580 ]   146060   0.947%  97.922% 
(     580,     870 ]   121342   0.787%  98.709% 
(     870,    1300 ]    84471   0.548%  99.256% 
(    1300,    1900 ]    69396   0.450%  99.706% 
(    1900,    2900 ]    57156   0.371% 100.077% 
(    2900,    4400 ]    31288   0.203% 100.280% 
(    4400,    6600 ]    17278   0.112% 100.392% 
(    6600,    9900 ]     5709   0.037% 100.429% 
(    9900,   14000 ]     2322   0.015% 100.444% 
(   14000,   22000 ]     2708   0.018% 100.462% 
(   22000,   33000 ]     2343   0.015% 100.477% 
(   33000,   50000 ]     2664   0.017% 100.494% 
(   50000,   75000 ]     2878   0.019% 100.513% 
(   75000,  110000 ]     2689   0.017% 100.530% 
(  110000,  170000 ]     2530   0.016% 100.547% 
(  170000,  250000 ]     1245   0.008% 100.555% 
(  250000,  380000 ]      412   0.003% 100.557% 
(  380000,  570000 ]       80   0.001% 100.558% 
(  570000,  860000 ]       20   0.000% 100.558% 
(  860000, 1200000 ]       28   0.000% 100.558% 
( 1200000, 1900000 ]       30   0.000% 100.558% 
( 1900000, 2900000 ]        1   0.000% 100.558% 
( 2900000, 4300000 ]        5   0.000% 100.559% 


** DB Stats **
Uptime(secs): 1990.8 total, 5.3 interval
Cumulative writes: 89M writes, 89M keys, 11M commit groups, 7.8 writes per commit group, ingest: 87.46 GB, 44.99 MB/s
Cumulative WAL: 89M writes, 0 syncs, 89818581.00 writes per sync, written: 87.46 GB, 44.99 MB/s
Cumulative stall: 00:28:8.925 H:M:S, 84.8 percent
Interval writes: 137K writes, 137K keys, 17K commit groups, 7.9 writes per commit group, ingest: 137.15 MB, 25.65 MB/s
Interval WAL: 137K writes, 0 syncs, 137551.00 writes per sync, written: 0.13 GB, 25.65 MB/s
Interval stall: 00:00:9.957 H:M:S, 186.2 percent
Write Stall (count): write-buffer-manager-limit-stops: 0
num-running-compactions: 3
num-running-flushes: 1

2026/08/31-10:07:26  ... thread 7: (44000,5623000) ops and (1458.0,2812.5) ops/second in (30.178391,1999.264972) seconds
2026/08/31-10:07:27  ... thread 9: (44000,5621000) ops and (1448.3,2811.2) ops/second in (30.380109,1999.469596) seconds
2026/08/31-10:07:27  ... thread 4: (44000,5620000) ops and (1447.4,2810.7) ops/second in (30.400363,1999.484946) seconds
2026/08/31-10:07:27  ... thread 2: (44000,5624000) ops and (1441.7,2812.5) ops/second in (30.520357,1999.612405) seconds
2026/08/31-10:07:27  ... thread 13: (44000,5622000) ops and (1411.0,2810.6) ops/second in (31.184642,2000.279365) seconds
2026/08/31-10:07:28  ... thread 6: (45000,5620000) ops and (1412.2,2808.7) ops/second in (31.864309,2000.937835) seconds
2026/08/31-10:07:39  ... thread 14: (47000,5650000) ops and (1514.6,2809.0) ops/second in (31.031507,2011.383434) seconds
2026/08/31-10:07:48  ... thread 11: (70000,5685000) ops and (2300.8,2812.7) ops/second in (30.424681,2021.196034) seconds
2026/08/31-10:07:48  ... thread 0: (69000,5681000) ops and (2270.1,2810.7) ops/second in (30.395721,2021.200048) seconds

** Compaction Stats [default] **
Level    Files   Size     Score Read(GB)  Rn(GB) Rnp1(GB) Write(GB) WPreComp(GB) Wnew(GB) Moved(GB) W-Amp Rd(MB/s) Wr(MB/s) Comp(sec) CompMergeCPU(sec) Comp(cnt) Avg(sec) KeyIn KeyDrop Rblob(GB) Wblob(GB)
-------------------------------------------------------------------------------------------------------------------------------------------------------------------------------------------------------------
  L0     12/4      1.83 GB   4.0     86.2     0.0     86.2     175.4     175.4     89.2       0.0   2.0     20.7     42.0   4275.03            387.67      1792    2.386    178M   100K       0.0       0.0
  L1    178/12    10.98 GB   2.5    401.1    87.4    313.7     393.3     393.3     79.5       0.0   4.5    318.8    312.6   1288.46           1215.23        46   28.010    408M  7918K       0.0       0.0
  L2    772/22    41.07 GB   1.0    129.5    56.2     73.3     116.2     116.2     43.0      12.6   2.1     17.4     15.6   7611.37            613.25       864    8.809    131M    13M       0.0       0.0
  L3    285/0     14.31 GB   0.0      0.0     0.0      0.0       0.0       0.0      0.0      14.3   0.0      0.0      0.0      0.00              0.00         0    0.000       0      0       0.0       0.0
 Sum   1247/38    68.18 GB   0.0    616.8   143.6    473.2     684.9     684.9    211.7      26.9   7.7     47.9     53.2  13174.86           2216.14      2702    4.876    718M    21M       0.0       0.0
 Int      0/0      0.00 KB   0.0     17.0     4.3     12.7      17.6      17.6      4.9       0.6  14.5     60.2     62.2    290.09             63.20        47    6.172     18M   661K       0.0       0.0

** Compaction Stats [default] **
Priority    Files   Size     Score Read(GB)  Rn(GB) Rnp1(GB) Write(GB) WPreComp(GB) Wnew(GB) Moved(GB) W-Amp Rd(MB/s) Wr(MB/s) Comp(sec) CompMergeCPU(sec) Comp(cnt) Avg(sec) KeyIn KeyDrop Rblob(GB) Wblob(GB)
----------------------------------------------------------------------------------------------------------------------------------------------------------------------------------------------------------------
 Low      0/0      0.00 KB   0.0    616.8   143.6    473.2     595.7     595.7    122.4       0.0   0.0     60.4     58.3  10464.37           2059.46      1237    8.459    627M    21M       0.0       0.0
High      0/0      0.00 KB   0.0      0.0     0.0      0.0      89.3      89.3     89.3       0.0   0.0      0.0     33.7   2710.48            156.68      1465    1.850     90M      0       0.0       0.0

Blob file count: 0, total size: 0.0 GB, garbage size: 0.0 GB, space amp: 0.0

Uptime(secs): 2021.2 total, 35.7 interval
Flush(GB): cumulative 89.288, interval 1.218
AddFile(GB): cumulative 0.000, interval 0.000
AddFile(Total Files): cumulative 0, interval 0
AddFile(L0 Files): cumulative 0, interval 0
AddFile(Keys): cumulative 0, interval 0
Cumulative compaction: 684.94 GB write, 347.01 MB/s write, 616.80 GB read, 312.49 MB/s read, 13174.9 seconds
Interval compaction: 17.61 GB write, 504.64 MB/s write, 17.05 GB read, 488.37 MB/s read, 290.1 seconds
Estimated pending compaction bytes: 67164832672
Write Stall (count): cf-l0-file-count-limit-delays-with-ongoing-compaction: 90, cf-l0-file-count-limit-stops-with-ongoing-compaction: 0, l0-file-count-limit-delays: 90, l0-file-count-limit-stops: 0, memtable-limit-delays: 0, memtable-limit-stops: 1182, pending-compaction-bytes-delays: 26, pending-compaction-bytes-stops: 0, total-delays: 116, total-stops: 1182
interval: 29 total count
Block cache AutoHyperClockCache@0x6043b84412d0#2239720 capacity: 512.00 MB seed: 1 usage: 17.83 MB table_size: 7799 occupancy: 4237 collections: 12 last_copies: 0 last_secs: 0.000599 secs_since: 35
Block cache entry stats(count,size,portion): Misc(4237,17.36 MB,3.39011%)

** File Read Latency Histogram By Level [default] **
** Level 0 read latency histogram (micros):
Count: 44036456 Average: 3.3490  StdDev: 1444.13
Min: 0  Median: 0.8744  Max: 3332460
Percentiles: P50: 0.87 P75: 1.49 P99: 3.19 P99.9: 5.45 P99.99: 6.38
------------------------------------------------------
[       0,       1 ] 25180325  57.181%  57.181% ###########
(       1,       2 ] 15882689  36.067%  93.248% #######
(       2,       3 ]  2462584   5.592%  98.840% #
(       3,       4 ]   375419   0.853%  99.692% 
(       4,       6 ]   126192   0.287%  99.979% 
(       6,      10 ]    51080   0.116% 100.095% 
(      10,      15 ]    20556   0.047% 100.142% 
(      15,      22 ]    12551   0.029% 100.170% 
(      22,      34 ]      791   0.002% 100.172% 
(      34,      51 ]      130   0.000% 100.172% 
(      51,      76 ]      532   0.001% 100.173% 
(      76,     110 ]     1032   0.002% 100.176% 
(     110,     170 ]       44   0.000% 100.176% 
(     170,     250 ]       29   0.000% 100.176% 
(     250,     380 ]      110   0.000% 100.176% 
(     380,     580 ]       22   0.000% 100.176% 
(     580,     870 ]       53   0.000% 100.176% 
(     870,    1300 ]      120   0.000% 100.177% 
(    1300,    1900 ]       63   0.000% 100.177% 
(    1900,    2900 ]       26   0.000% 100.177% 
(    2900,    4400 ]        9   0.000% 100.177% 
(    4400,    6600 ]        9   0.000% 100.177% 
(    6600,    9900 ]        8   0.000% 100.177% 
(    9900,   14000 ]        4   0.000% 100.177% 
(   14000,   22000 ]       13   0.000% 100.177% 
(   22000,   33000 ]       32   0.000% 100.177% 
(   33000,   50000 ]       49   0.000% 100.177% 
(   50000,   75000 ]       86   0.000% 100.177% 
(   75000,  110000 ]      120   0.000% 100.178% 
(  110000,  170000 ]       81   0.000% 100.178% 
(  170000,  250000 ]       28   0.000% 100.178% 
(  250000,  380000 ]        7   0.000% 100.178% 
(  380000,  570000 ]        3   0.000% 100.178% 
(  570000,  860000 ]        5   0.000% 100.178% 
(  860000, 1200000 ]        5   0.000% 100.178% 
( 1200000, 1900000 ]        7   0.000% 100.178% 
( 1900000, 2900000 ]        3   0.000% 100.178% 
( 2900000, 4300000 ]        5   0.000% 100.178% 

** Level 1 read latency histogram (micros):
Count: 95121274 Average: 2.0567  StdDev: 232.13
Min: 0  Median: 0.8056  Max: 397856
Percentiles: P50: 0.81 P75: 1.42 P99: 3.17 P99.9: 4.39 P99.99: 4.84
------------------------------------------------------
[       0,       1 ] 59039664  62.068%  62.068% ############
(       1,       2 ] 29100636  30.593%  92.661% ######
(       2,       3 ]  5870183   6.171%  98.832% #
(       3,       4 ]   939647   0.988%  99.820% 
(       4,       6 ]   385413   0.405% 100.225% 
(       6,      10 ]   162975   0.171% 100.397% 
(      10,      15 ]    49987   0.053% 100.449% 
(      15,      22 ]    34189   0.036% 100.485% 
(      22,      34 ]     3008   0.003% 100.488% 
(      34,      51 ]      981   0.001% 100.489% 
(      51,      76 ]     2480   0.003% 100.492% 
(      76,     110 ]     3022   0.003% 100.495% 
(     110,     170 ]     2835   0.003% 100.498% 
(     170,     250 ]     2418   0.003% 100.501% 
(     250,     380 ]     2844   0.003% 100.504% 
(     380,     580 ]     2873   0.003% 100.507% 
(     580,     870 ]     2619   0.003% 100.509% 
(     870,    1300 ]     1834   0.002% 100.511% 
(    1300,    1900 ]     1505   0.002% 100.513% 
(    1900,    2900 ]     1229   0.001% 100.514% 
(    2900,    4400 ]      732   0.001% 100.515% 
(    4400,    6600 ]      392   0.000% 100.515% 
(    6600,    9900 ]      100   0.000% 100.515% 
(    9900,   14000 ]       62   0.000% 100.516% 
(   14000,   22000 ]       81   0.000% 100.516% 
(   22000,   33000 ]       63   0.000% 100.516% 
(   33000,   50000 ]       53   0.000% 100.516% 
(   50000,   75000 ]       78   0.000% 100.516% 
(   75000,  110000 ]       54   0.000% 100.516% 
(  110000,  170000 ]       57   0.000% 100.516% 
(  170000,  250000 ]       36   0.000% 100.516% 
(  250000,  380000 ]       14   0.000% 100.516% 
(  380000,  570000 ]        2   0.000% 100.516% 

** Level 2 read latency histogram (micros):
Count: 15916632 Average: 155.3922  StdDev: 4903.11
Min: 0  Median: 1.4636  Max: 4177656
Percentiles: P50: 1.46 P75: 2.06 P99: 1112.27 P99.9: 2445.74 P99.99: 2686.25
------------------------------------------------------
[       0,       1 ]  4636984  29.133%  29.133% ######
(       1,       2 ]  7164930  45.015%  74.148% #########
(       2,       3 ]  2286140  14.363%  88.512% ###
(       3,       4 ]   591613   3.717%  92.228% #
(       4,       6 ]   183311   1.152%  93.380% 
(       6,      10 ]    29995   0.188%  93.569% 
(      10,      15 ]    18450   0.116%  93.685% 
(      15,      22 ]    10137   0.064%  93.748% 
(      22,      34 ]     6190   0.039%  93.787% 
(      34,      51 ]    18462   0.116%  93.903% 
(      51,      76 ]    41219   0.259%  94.162% 
(      76,     110 ]    26498   0.166%  94.329% 
(     110,     170 ]   114655   0.720%  95.049% 
(     170,     250 ]   137273   0.862%  95.911% 
(     250,     380 ]   163702   1.028%  96.940% 
(     380,     580 ]   151644   0.953%  97.893% 
(     580,     870 ]   126541   0.795%  98.688% 
(     870,    1300 ]    88253   0.554%  99.242% 
(    1300,    1900 ]    72214   0.454%  99.696% 
(    1900,    2900 ]    59562   0.374% 100.070% 
(    2900,    4400 ]    32735   0.206% 100.276% 
(    4400,    6600 ]    18099   0.114% 100.389% 
(    6600,    9900 ]     5912   0.037% 100.427% 
(    9900,   14000 ]     2397   0.015% 100.442% 
(   14000,   22000 ]     2824   0.018% 100.459% 
(   22000,   33000 ]     2453   0.015% 100.475% 
(   33000,   50000 ]     2780   0.017% 100.492% 
(   50000,   75000 ]     2981   0.019% 100.511% 
(   75000,  110000 ]     2776   0.017% 100.528% 
(  110000,  170000 ]     2624   0.016% 100.545% 
(  170000,  250000 ]     1286   0.008% 100.553% 
(  250000,  380000 ]      434   0.003% 100.556% 
(  380000,  570000 ]       83   0.001% 100.556% 
(  570000,  860000 ]       21   0.000% 100.556% 
(  860000, 1200000 ]       29   0.000% 100.556% 
( 1200000, 1900000 ]       30   0.000% 100.557% 
( 1900000, 2900000 ]        1   0.000% 100.557% 
( 2900000, 4300000 ]        5   0.000% 100.557% 


** DB Stats **
Uptime(secs): 2021.2 total, 30.4 interval
Cumulative writes: 90M writes, 90M keys, 11M commit groups, 7.8 writes per commit group, ingest: 88.54 GB, 44.86 MB/s
Cumulative WAL: 90M writes, 0 syncs, 90924475.00 writes per sync, written: 88.54 GB, 44.86 MB/s
Cumulative stall: 00:28:33.667 H:M:S, 84.8 percent
Interval writes: 1105K writes, 1105K keys, 145K commit groups, 7.6 writes per commit group, ingest: 1102.74 MB, 36.28 MB/s
Interval WAL: 1105K writes, 0 syncs, 1105894.00 writes per sync, written: 1.08 GB, 36.28 MB/s
Interval stall: 00:00:24.742 H:M:S, 81.4 percent
Write Stall (count): write-buffer-manager-limit-stops: 0
num-running-compactions: 13
num-running-flushes: 2

2026/08/31-10:07:48  ... thread 15: (70000,5683000) ops and (2300.8,2811.7) ops/second in (30.424383,2021.202189) seconds
2026/08/31-10:07:48  ... thread 10: (70000,5685000) ops and (2301.6,2812.7) ops/second in (30.413214,2021.205541) seconds
2026/08/31-10:07:48  ... thread 12: (70000,5682000) ops and (2300.3,2811.2) ops/second in (30.430897,2021.215555) seconds
2026/08/31-10:07:48  ... thread 3: (70000,5683000) ops and (2300.5,2811.7) ops/second in (30.428756,2021.222426) seconds
2026/08/31-10:07:48  ... thread 8: (71000,5685000) ops and (2332.2,2812.7) ops/second in (30.443491,2021.222813) seconds
2026/08/31-10:07:48  ... thread 5: (70000,5686000) ops and (2300.2,2813.1) ops/second in (30.432375,2021.224403) seconds
2026/08/31-10:07:48  ... thread 1: (70000,5684000) ops and (2300.7,2812.2) ops/second in (30.425018,2021.225609) seconds
2026/08/31-10:07:57  ... thread 7: (115000,5738000) ops and (3808.3,2827.3) ops/second in (30.197535,2029.462507) seconds
2026/08/31-10:07:57  ... thread 9: (115000,5736000) ops and (3829.1,2826.3) ops/second in (30.032905,2029.502501) seconds
2026/08/31-10:07:57  ... thread 4: (116000,5736000) ops and (3862.8,2826.3) ops/second in (30.030410,2029.515356) seconds
2026/08/31-10:07:57  ... thread 2: (121000,5745000) ops and (4032.2,2830.6) ops/second in (30.008126,2029.620531) seconds
2026/08/31-10:07:58  ... thread 13: (130000,5752000) ops and (4287.7,2832.7) ops/second in (30.319479,2030.598844) seconds
2026/08/31-10:07:58  ... thread 6: (138000,5758000) ops and (4593.2,2835.1) ops/second in (30.044695,2030.982530) seconds
2026/08/31-10:08:11  ... thread 14: (144000,5794000) ops and (4486.7,2835.4) ops/second in (32.094584,2043.478018) seconds
2026/08/31-10:08:18  ... thread 0: (113000,5794000) ops and (3757.4,2824.6) ops/second in (30.074031,2051.274079) seconds

** Compaction Stats [default] **
Level    Files   Size     Score Read(GB)  Rn(GB) Rnp1(GB) Write(GB) WPreComp(GB) Wnew(GB) Moved(GB) W-Amp Rd(MB/s) Wr(MB/s) Comp(sec) CompMergeCPU(sec) Comp(cnt) Avg(sec) KeyIn KeyDrop Rblob(GB) Wblob(GB)
-------------------------------------------------------------------------------------------------------------------------------------------------------------------------------------------------------------
  L0     17/13     3.66 GB   2.0     88.3     0.0     88.3     179.3     179.3     91.0       0.0   2.0     20.9     42.4   4330.40            395.89      1830    2.366    182M   102K       0.0       0.0
  L1    166/166   10.13 GB   0.0    401.1    87.4    313.7     393.3     393.3     79.5       0.0   4.5    318.8    312.6   1288.46           1215.23        46   28.010    408M  7918K       0.0       0.0
  L2    751/0     39.81 GB   1.0    131.1    56.8     74.4     117.7     117.7     43.3      12.6   2.1     17.4     15.6   7709.29            622.61       873    8.831    133M    13M       0.0       0.0
  L3    321/0     16.15 GB   0.0      0.0     0.0      0.0       0.0       0.0      0.0      16.2   0.0      0.0      0.0      0.00              0.00         0    0.000       0      0       0.0       0.0
 Sum   1255/179   69.75 GB   0.0    620.5   144.1    476.3     690.2     690.2    213.9      28.8   7.6     47.7     53.0  13328.15           2233.73      2749    4.848    724M    21M       0.0       0.0
 Int      0/0      0.00 KB   0.0      0.0     0.0      0.0       0.1       0.1      0.1       0.0   1.0      0.0     44.5      1.39              0.11         1    1.394     61K      0       0.0       0.0

** Compaction Stats [default] **
Priority    Files   Size     Score Read(GB)  Rn(GB) Rnp1(GB) Write(GB) WPreComp(GB) Wnew(GB) Moved(GB) W-Amp Rd(MB/s) Wr(MB/s) Comp(sec) CompMergeCPU(sec) Comp(cnt) Avg(sec) KeyIn KeyDrop Rblob(GB) Wblob(GB)
----------------------------------------------------------------------------------------------------------------------------------------------------------------------------------------------------------------
 Low      0/0      0.00 KB   0.0    620.5   144.1    476.3     599.1     599.1    122.8       0.0   0.0     60.0     58.0  10584.19           2074.05      1254    8.440    631M    21M       0.0       0.0
High      0/0      0.00 KB   0.0      0.0     0.0      0.0      91.1      91.1     91.1       0.0   0.0      0.0     34.0   2743.95            159.68      1495    1.835     92M      0       0.0       0.0

Blob file count: 0, total size: 0.0 GB, garbage size: 0.0 GB, space amp: 0.0

Uptime(secs): 2051.3 total, 5.8 interval
Flush(GB): cumulative 91.119, interval 0.061
AddFile(GB): cumulative 0.000, interval 0.000
AddFile(Total Files): cumulative 0, interval 0
AddFile(L0 Files): cumulative 0, interval 0
AddFile(Keys): cumulative 0, interval 0
Cumulative compaction: 690.23 GB write, 344.56 MB/s write, 620.48 GB read, 309.74 MB/s read, 13328.1 seconds
Interval compaction: 0.06 GB write, 10.68 MB/s write, 0.00 GB read, 0.00 MB/s read, 1.4 seconds
Estimated pending compaction bytes: 69334448317
Write Stall (count): cf-l0-file-count-limit-delays-with-ongoing-compaction: 91, cf-l0-file-count-limit-stops-with-ongoing-compaction: 0, l0-file-count-limit-delays: 91, l0-file-count-limit-stops: 0, memtable-limit-delays: 0, memtable-limit-stops: 1201, pending-compaction-bytes-delays: 30, pending-compaction-bytes-stops: 0, total-delays: 121, total-stops: 1201
interval: 2 total count
Block cache AutoHyperClockCache@0x6043b84412d0#2239720 capacity: 512.00 MB seed: 1 usage: 17.83 MB table_size: 7799 occupancy: 4237 collections: 12 last_copies: 1 last_secs: 0.000599 secs_since: 65
Block cache entry stats(count,size,portion): Misc(4237,17.36 MB,3.39011%)

** File Read Latency Histogram By Level [default] **
** Level 0 read latency histogram (micros):
Count: 44978914 Average: 3.3243  StdDev: 1429.36
Min: 0  Median: 0.8750  Max: 3332460
Percentiles: P50: 0.87 P75: 1.49 P99: 3.19 P99.9: 5.46 P99.99: 6.43
------------------------------------------------------
[       0,       1 ] 25703118  57.145%  57.145% ###########
(       1,       2 ] 16239275  36.104%  93.249% #######
(       2,       3 ]  2513453   5.588%  98.837% #
(       3,       4 ]   384097   0.854%  99.691% 
(       4,       6 ]   128887   0.287%  99.978% 
(       6,      10 ]    52256   0.116% 100.094% 
(      10,      15 ]    21125   0.047% 100.141% 
(      15,      22 ]    12905   0.029% 100.169% 
(      22,      34 ]      814   0.002% 100.171% 
(      34,      51 ]      132   0.000% 100.172% 
(      51,      76 ]      543   0.001% 100.173% 
(      76,     110 ]     1057   0.002% 100.175% 
(     110,     170 ]       45   0.000% 100.175% 
(     170,     250 ]       32   0.000% 100.175% 
(     250,     380 ]      114   0.000% 100.176% 
(     380,     580 ]       23   0.000% 100.176% 
(     580,     870 ]       53   0.000% 100.176% 
(     870,    1300 ]      120   0.000% 100.176% 
(    1300,    1900 ]       64   0.000% 100.176% 
(    1900,    2900 ]       27   0.000% 100.176% 
(    2900,    4400 ]        9   0.000% 100.176% 
(    4400,    6600 ]        9   0.000% 100.176% 
(    6600,    9900 ]        9   0.000% 100.176% 
(    9900,   14000 ]        4   0.000% 100.176% 
(   14000,   22000 ]       13   0.000% 100.176% 
(   22000,   33000 ]       33   0.000% 100.176% 
(   33000,   50000 ]       50   0.000% 100.176% 
(   50000,   75000 ]       87   0.000% 100.177% 
(   75000,  110000 ]      122   0.000% 100.177% 
(  110000,  170000 ]       83   0.000% 100.177% 
(  170000,  250000 ]       28   0.000% 100.177% 
(  250000,  380000 ]        7   0.000% 100.177% 
(  380000,  570000 ]        3   0.000% 100.177% 
(  570000,  860000 ]        5   0.000% 100.177% 
(  860000, 1200000 ]        5   0.000% 100.177% 
( 1200000, 1900000 ]        7   0.000% 100.177% 
( 1900000, 2900000 ]        3   0.000% 100.177% 
( 2900000, 4300000 ]        5   0.000% 100.177% 

** Level 1 read latency histogram (micros):
Count: 96576830 Average: 2.0649  StdDev: 230.86
Min: 0  Median: 0.8051  Max: 397856
Percentiles: P50: 0.81 P75: 1.42 P99: 3.16 P99.9: 4.39 P99.99: 4.83
------------------------------------------------------
[       0,       1 ] 59976738  62.103%  62.103% ############
(       1,       2 ] 29531077  30.578%  92.680% ######
(       2,       3 ]  5948213   6.159%  98.839% #
(       3,       4 ]   949324   0.983%  99.822% 
(       4,       6 ]   388304   0.402% 100.225% 
(       6,      10 ]   164767   0.171% 100.395% 
(      10,      15 ]    50818   0.053% 100.448% 
(      15,      22 ]    34789   0.036% 100.484% 
(      22,      34 ]     3041   0.003% 100.487% 
(      34,      51 ]     1046   0.001% 100.488% 
(      51,      76 ]     2621   0.003% 100.491% 
(      76,     110 ]     3087   0.003% 100.494% 
(     110,     170 ]     3142   0.003% 100.497% 
(     170,     250 ]     2747   0.003% 100.500% 
(     250,     380 ]     3219   0.003% 100.503% 
(     380,     580 ]     3193   0.003% 100.507% 
(     580,     870 ]     2877   0.003% 100.510% 
(     870,    1300 ]     1982   0.002% 100.512% 
(    1300,    1900 ]     1629   0.002% 100.513% 
(    1900,    2900 ]     1326   0.001% 100.515% 
(    2900,    4400 ]      773   0.001% 100.516% 
(    4400,    6600 ]      419   0.000% 100.516% 
(    6600,    9900 ]      107   0.000% 100.516% 
(    9900,   14000 ]       62   0.000% 100.516% 
(   14000,   22000 ]       81   0.000% 100.516% 
(   22000,   33000 ]       64   0.000% 100.516% 
(   33000,   50000 ]       54   0.000% 100.516% 
(   50000,   75000 ]       78   0.000% 100.516% 
(   75000,  110000 ]       54   0.000% 100.516% 
(  110000,  170000 ]       58   0.000% 100.517% 
(  170000,  250000 ]       36   0.000% 100.517% 
(  250000,  380000 ]       14   0.000% 100.517% 
(  380000,  570000 ]        2   0.000% 100.517% 

** Level 2 read latency histogram (micros):
Count: 16001171 Average: 154.8667  StdDev: 4890.29
Min: 0  Median: 1.4633  Max: 4177656
Percentiles: P50: 1.46 P75: 2.06 P99: 1112.59 P99.9: 2446.91 P99.99: 2687.58
------------------------------------------------------
[       0,       1 ]  4663560  29.145%  29.145% ######
(       1,       2 ]  7202337  45.011%  74.156% #########
(       2,       3 ]  2296015  14.349%  88.505% ###
(       3,       4 ]   594293   3.714%  92.220% #
(       4,       6 ]   183817   1.149%  93.368% 
(       6,      10 ]    30132   0.188%  93.557% 
(      10,      15 ]    18540   0.116%  93.672% 
(      15,      22 ]    10180   0.064%  93.736% 
(      22,      34 ]     6203   0.039%  93.775% 
(      34,      51 ]    18752   0.117%  93.892% 
(      51,      76 ]    41770   0.261%  94.153% 
(      76,     110 ]    26774   0.167%  94.320% 
(     110,     170 ]   115642   0.723%  95.043% 
(     170,     250 ]   138555   0.866%  95.909% 
(     250,     380 ]   164754   1.030%  96.939% 
(     380,     580 ]   152472   0.953%  97.892% 
(     580,     870 ]   127299   0.796%  98.687% 
(     870,    1300 ]    88742   0.555%  99.242% 
(    1300,    1900 ]    72606   0.454%  99.695% 
(    1900,    2900 ]    59839   0.374% 100.069% 
(    2900,    4400 ]    32859   0.205% 100.275% 
(    4400,    6600 ]    18170   0.114% 100.388% 
(    6600,    9900 ]     5926   0.037% 100.425% 
(    9900,   14000 ]     2399   0.015% 100.440% 
(   14000,   22000 ]     2824   0.018% 100.458% 
(   22000,   33000 ]     2454   0.015% 100.473% 
(   33000,   50000 ]     2781   0.017% 100.491% 
(   50000,   75000 ]     2981   0.019% 100.509% 
(   75000,  110000 ]     2777   0.017% 100.527% 
(  110000,  170000 ]     2624   0.016% 100.543% 
(  170000,  250000 ]     1286   0.008% 100.551% 
(  250000,  380000 ]      434   0.003% 100.554% 
(  380000,  570000 ]       83   0.001% 100.554% 
(  570000,  860000 ]       21   0.000% 100.555% 
(  860000, 1200000 ]       29   0.000% 100.555% 
( 1200000, 1900000 ]       30   0.000% 100.555% 
( 1900000, 2900000 ]        1   0.000% 100.555% 
( 2900000, 4300000 ]        5   0.000% 100.555% 


** DB Stats **
Uptime(secs): 2051.3 total, 5.8 interval
Cumulative writes: 92M writes, 92M keys, 11M commit groups, 7.8 writes per commit group, ingest: 90.30 GB, 45.08 MB/s
Cumulative WAL: 92M writes, 0 syncs, 92734491.00 writes per sync, written: 90.30 GB, 45.08 MB/s
Cumulative stall: 00:28:58.613 H:M:S, 84.8 percent
Interval writes: 42K writes, 42K keys, 9433 commit groups, 4.5 writes per commit group, ingest: 42.27 MB, 7.28 MB/s
Interval WAL: 42K writes, 0 syncs, 42351.00 writes per sync, written: 0.04 GB, 7.28 MB/s
Interval stall: 00:00:5.035 H:M:S, 86.7 percent
Write Stall (count): write-buffer-manager-limit-stops: 0
num-running-compactions: 1
num-running-flushes: 0

2026/08/31-10:08:18  ... thread 12: (113000,5795000) ops and (3753.7,2825.0) ops/second in (30.103595,2051.319150) seconds
2026/08/31-10:08:19  ... thread 8: (113000,5798000) ops and (3749.2,2826.4) ops/second in (30.139363,2051.362176) seconds
2026/08/31-10:08:19  ... thread 10: (113000,5798000) ops and (3728.0,2826.2) ops/second in (30.311189,2051.516730) seconds
2026/08/31-10:08:19  ... thread 11: (113000,5798000) ops and (3719.4,2826.1) ops/second in (30.380951,2051.576985) seconds
2026/08/31-10:08:20  ... thread 1: (113000,5797000) ops and (3565.2,2823.8) ops/second in (31.695263,2052.920872) seconds
2026/08/31-10:08:20  ... thread 3: (113000,5796000) ops and (3524.8,2822.8) ops/second in (32.058472,2053.280898) seconds
2026/08/31-10:08:21  ... thread 5: (113000,5799000) ops and (3469.7,2823.6) ops/second in (32.567254,2053.791657) seconds
2026/08/31-10:08:21  ... thread 15: (114000,5797000) ops and (3470.8,2822.2) ops/second in (32.845279,2054.047468) seconds
2026/08/31-10:08:27  ... thread 2: (55000,5800000) ops and (1805.3,2815.4) ops/second in (30.465269,2060.085800) seconds
2026/08/31-10:08:29  ... thread 9: (61000,5797000) ops and (1905.9,2812.0) ops/second in (32.005506,2061.508007) seconds
2026/08/31-10:08:29  ... thread 4: (60000,5796000) ops and (1866.5,2811.3) ops/second in (32.146143,2061.661499) seconds
2026/08/31-10:08:29  ... thread 7: (62000,5800000) ops and (1910.8,2812.9) ops/second in (32.446815,2061.909322) seconds
2026/08/31-10:08:30  ... thread 13: (46000,5798000) ops and (1439.9,2811.1) ops/second in (31.947040,2062.545884) seconds
2026/08/31-10:08:33  ... thread 6: (39000,5797000) ops and (1125.9,2806.4) ops/second in (34.639346,2065.621876) seconds
2026/08/31-10:08:43  ... thread 14: (23000,5817000) ops and (706.2,2802.0) ops/second in (32.568367,2076.046385) seconds
2026/08/31-10:08:53  ... thread 3: (49000,5845000) ops and (1492.3,2801.9) ops/second in (32.835035,2086.115933) seconds
2026/08/31-10:08:53  ... thread 5: (49000,5848000) ops and (1515.8,2803.3) ops/second in (32.325664,2086.117321) seconds
2026/08/31-10:08:53  ... thread 10: (50000,5848000) ops and (1445.0,2803.3) ops/second in (34.602419,2086.119149) seconds
2026/08/31-10:08:53  ... thread 11: (50000,5848000) ops and (1447.5,2803.3) ops/second in (34.542101,2086.119086) seconds
2026/08/31-10:08:53  ... thread 12: (50000,5845000) ops and (1436.7,2801.9) ops/second in (34.801036,2086.120186) seconds
2026/08/31-10:08:53  ... thread 15: (49000,5846000) ops and (1527.5,2802.3) ops/second in (32.078733,2086.126201) seconds
2026/08/31-10:08:53  ... thread 8: (50000,5848000) ops and (1437.8,2803.3) ops/second in (34.775148,2086.137324) seconds
2026/08/31-10:08:53  ... thread 0: (50000,5844000) ops and (1433.9,2801.3) ops/second in (34.870225,2086.144304) seconds

** Compaction Stats [default] **
Level    Files   Size     Score Read(GB)  Rn(GB) Rnp1(GB) Write(GB) WPreComp(GB) Wnew(GB) Moved(GB) W-Amp Rd(MB/s) Wr(MB/s) Comp(sec) CompMergeCPU(sec) Comp(cnt) Avg(sec) KeyIn KeyDrop Rblob(GB) Wblob(GB)
-------------------------------------------------------------------------------------------------------------------------------------------------------------------------------------------------------------
  L0      8/4      1.22 GB   2.0     89.0     0.0     89.0     180.8     180.8     91.8       0.0   2.0     20.9     42.5   4353.31            399.66      1846    2.358    184M   102K       0.0       0.0
  L1    187/17    11.47 GB   2.6    414.4    90.6    323.9     406.3     406.3     82.4       0.0   4.5    320.1    313.8   1325.68           1254.95        47   28.206    421M  8290K       0.0       0.0
  L2    774/38    41.07 GB   1.0    133.9    57.9     76.0     120.1     120.1     44.2      13.1   2.1     17.5     15.7   7851.24            636.51       891    8.812    136M    13M       0.0       0.0
  L3    321/0     16.15 GB   0.0      0.0     0.0      0.0       0.0       0.0      0.0      16.2   0.0      0.0      0.0      0.00              0.00         0    0.000       0      0       0.0       0.0
 Sum   1290/59    69.91 GB   0.0    637.3   148.5    488.8     707.2     707.2    218.4      29.2   7.7     48.2     53.5  13530.24           2291.11      2784    4.860    742M    22M       0.0       0.0
 Int      0/0      0.00 KB   0.0     16.8     4.3     12.5      17.0      17.0      4.5       0.4  20.0     84.6     85.7    203.49             57.49        36    5.652     17M   647K       0.0       0.0

** Compaction Stats [default] **
Priority    Files   Size     Score Read(GB)  Rn(GB) Rnp1(GB) Write(GB) WPreComp(GB) Wnew(GB) Moved(GB) W-Amp Rd(MB/s) Wr(MB/s) Comp(sec) CompMergeCPU(sec) Comp(cnt) Avg(sec) KeyIn KeyDrop Rblob(GB) Wblob(GB)
----------------------------------------------------------------------------------------------------------------------------------------------------------------------------------------------------------------
 Low      0/0      0.00 KB   0.0    637.3   148.5    488.8     615.3     615.3    126.5       0.0   0.0     60.6     58.5  10769.33           2129.86      1276    8.440    648M    22M       0.0       0.0
High      0/0      0.00 KB   0.0      0.0     0.0      0.0      91.9      91.9     91.9       0.0   0.0      0.0     34.1   2760.91            161.25      1508    1.831     93M      0       0.0       0.0

Blob file count: 0, total size: 0.0 GB, garbage size: 0.0 GB, space amp: 0.0

Uptime(secs): 2086.2 total, 40.7 interval
Flush(GB): cumulative 91.910, interval 0.852
AddFile(GB): cumulative 0.000, interval 0.000
AddFile(Total Files): cumulative 0, interval 0
AddFile(L0 Files): cumulative 0, interval 0
AddFile(Keys): cumulative 0, interval 0
Cumulative compaction: 707.20 GB write, 347.13 MB/s write, 637.29 GB read, 312.82 MB/s read, 13530.2 seconds
Interval compaction: 17.03 GB write, 428.72 MB/s write, 16.81 GB read, 423.31 MB/s read, 203.5 seconds
Estimated pending compaction bytes: 67020163700
Write Stall (count): cf-l0-file-count-limit-delays-with-ongoing-compaction: 91, cf-l0-file-count-limit-stops-with-ongoing-compaction: 0, l0-file-count-limit-delays: 91, l0-file-count-limit-stops: 0, memtable-limit-delays: 0, memtable-limit-stops: 1214, pending-compaction-bytes-delays: 33, pending-compaction-bytes-stops: 0, total-delays: 124, total-stops: 1214
interval: 18 total count
Block cache AutoHyperClockCache@0x6043b84412d0#2239720 capacity: 512.00 MB seed: 1 usage: 17.83 MB table_size: 7799 occupancy: 4237 collections: 12 last_copies: 1 last_secs: 0.000599 secs_since: 100
Block cache entry stats(count,size,portion): Misc(4237,17.36 MB,3.39011%)

** File Read Latency Histogram By Level [default] **
** Level 0 read latency histogram (micros):
Count: 45492297 Average: 3.3147  StdDev: 1421.57
Min: 0  Median: 0.8766  Max: 3332460
Percentiles: P50: 0.88 P75: 1.50 P99: 3.20 P99.9: 5.48 P99.99: 6.50
------------------------------------------------------
[       0,       1 ] 25948456  57.039%  57.039% ###########
(       1,       2 ] 16461511  36.185%  93.225% #######
(       2,       3 ]  2549320   5.604%  98.828% #
(       3,       4 ]   390866   0.859%  99.688% 
(       4,       6 ]   130918   0.288%  99.975% 
(       6,      10 ]    53078   0.117% 100.092% 
(      10,      15 ]    21633   0.048% 100.140% 
(      15,      22 ]    13228   0.029% 100.169% 
(      22,      34 ]      828   0.002% 100.170% 
(      34,      51 ]      132   0.000% 100.171% 
(      51,      76 ]      549   0.001% 100.172% 
(      76,     110 ]     1066   0.002% 100.174% 
(     110,     170 ]       45   0.000% 100.174% 
(     170,     250 ]       32   0.000% 100.174% 
(     250,     380 ]      117   0.000% 100.175% 
(     380,     580 ]       23   0.000% 100.175% 
(     580,     870 ]       53   0.000% 100.175% 
(     870,    1300 ]      120   0.000% 100.175% 
(    1300,    1900 ]       64   0.000% 100.175% 
(    1900,    2900 ]       28   0.000% 100.175% 
(    2900,    4400 ]        9   0.000% 100.175% 
(    4400,    6600 ]        9   0.000% 100.175% 
(    6600,    9900 ]        9   0.000% 100.175% 
(    9900,   14000 ]        4   0.000% 100.175% 
(   14000,   22000 ]       13   0.000% 100.175% 
(   22000,   33000 ]       34   0.000% 100.176% 
(   33000,   50000 ]       50   0.000% 100.176% 
(   50000,   75000 ]       88   0.000% 100.176% 
(   75000,  110000 ]      123   0.000% 100.176% 
(  110000,  170000 ]       85   0.000% 100.176% 
(  170000,  250000 ]       28   0.000% 100.176% 
(  250000,  380000 ]        7   0.000% 100.176% 
(  380000,  570000 ]        3   0.000% 100.176% 
(  570000,  860000 ]        5   0.000% 100.176% 
(  860000, 1200000 ]        5   0.000% 100.176% 
( 1200000, 1900000 ]        7   0.000% 100.176% 
( 1900000, 2900000 ]        3   0.000% 100.176% 
( 2900000, 4300000 ]        5   0.000% 100.176% 

** Level 1 read latency histogram (micros):
Count: 98309490 Average: 2.3325  StdDev: 284.90
Min: 0  Median: 0.8067  Max: 397856
Percentiles: P50: 0.81 P75: 1.43 P99: 3.20 P99.9: 4.48 P99.99: 4.92
------------------------------------------------------
[       0,       1 ] 60929570  61.977%  61.977% ############
(       1,       2 ] 30082270  30.600%  92.577% ######
(       2,       3 ]  6121597   6.227%  98.804% #
(       3,       4 ]   981579   0.998%  99.802% 
(       4,       6 ]   403453   0.410% 100.213% 
(       6,      10 ]   169531   0.172% 100.385% 
(      10,      15 ]    52628   0.054% 100.439% 
(      15,      22 ]    36206   0.037% 100.475% 
(      22,      34 ]     3149   0.003% 100.479% 
(      34,      51 ]     1096   0.001% 100.480% 
(      51,      76 ]     2834   0.003% 100.483% 
(      76,     110 ]     3280   0.003% 100.486% 
(     110,     170 ]     3639   0.004% 100.490% 
(     170,     250 ]     3350   0.003% 100.493% 
(     250,     380 ]     3919   0.004% 100.497% 
(     380,     580 ]     3897   0.004% 100.501% 
(     580,     870 ]     3704   0.004% 100.505% 
(     870,    1300 ]     2523   0.003% 100.507% 
(    1300,    1900 ]     2100   0.002% 100.509% 
(    1900,    2900 ]     1791   0.002% 100.511% 
(    2900,    4400 ]     1066   0.001% 100.512% 
(    4400,    6600 ]      590   0.001% 100.513% 
(    6600,    9900 ]      166   0.000% 100.513% 
(    9900,   14000 ]       98   0.000% 100.513% 
(   14000,   22000 ]      111   0.000% 100.513% 
(   22000,   33000 ]      106   0.000% 100.513% 
(   33000,   50000 ]       87   0.000% 100.514% 
(   50000,   75000 ]      125   0.000% 100.514% 
(   75000,  110000 ]       94   0.000% 100.514% 
(  110000,  170000 ]       87   0.000% 100.514% 
(  170000,  250000 ]       58   0.000% 100.514% 
(  250000,  380000 ]       23   0.000% 100.514% 
(  380000,  570000 ]        2   0.000% 100.514% 

** Level 2 read latency histogram (micros):
Count: 16436337 Average: 155.9202  StdDev: 4930.19
Min: 0  Median: 1.4698  Max: 4177656
Percentiles: P50: 1.47 P75: 2.08 P99: 1132.43 P99.9: 2483.65 P99.99: 2720.03
------------------------------------------------------
[       0,       1 ]  4737539  28.824%  28.824% ######
(       1,       2 ]  7408614  45.075%  73.898% #########
(       2,       3 ]  2381191  14.487%  88.386% ###
(       3,       4 ]   618792   3.765%  92.150% #
(       4,       6 ]   192637   1.172%  93.322% 
(       6,      10 ]    31018   0.189%  93.511% 
(      10,      15 ]    19272   0.117%  93.628% 
(      15,      22 ]    10603   0.065%  93.693% 
(      22,      34 ]     6249   0.038%  93.731% 
(      34,      51 ]    19088   0.116%  93.847% 
(      51,      76 ]    42928   0.261%  94.108% 
(      76,     110 ]    27418   0.167%  94.275% 
(     110,     170 ]   118753   0.723%  94.997% 
(     170,     250 ]   142357   0.866%  95.864% 
(     250,     380 ]   169477   1.031%  96.895% 
(     380,     580 ]   157270   0.957%  97.852% 
(     580,     870 ]   132368   0.805%  98.657% 
(     870,    1300 ]    92417   0.562%  99.219% 
(    1300,    1900 ]    75386   0.459%  99.678% 
(    1900,    2900 ]    62581   0.381% 100.059% 
(    2900,    4400 ]    34680   0.211% 100.270% 
(    4400,    6600 ]    19049   0.116% 100.385% 
(    6600,    9900 ]     6152   0.037% 100.423% 
(    9900,   14000 ]     2463   0.015% 100.438% 
(   14000,   22000 ]     2893   0.018% 100.455% 
(   22000,   33000 ]     2518   0.015% 100.471% 
(   33000,   50000 ]     2842   0.017% 100.488% 
(   50000,   75000 ]     3060   0.019% 100.507% 
(   75000,  110000 ]     2862   0.017% 100.524% 
(  110000,  170000 ]     2688   0.016% 100.540% 
(  170000,  250000 ]     1320   0.008% 100.548% 
(  250000,  380000 ]      452   0.003% 100.551% 
(  380000,  570000 ]       87   0.001% 100.552% 
(  570000,  860000 ]       22   0.000% 100.552% 
(  860000, 1200000 ]       29   0.000% 100.552% 
( 1200000, 1900000 ]       32   0.000% 100.552% 
( 1900000, 2900000 ]        2   0.000% 100.552% 
( 2900000, 4300000 ]        5   0.000% 100.552% 


** DB Stats **
Uptime(secs): 2086.2 total, 34.9 interval
Cumulative writes: 93M writes, 93M keys, 12M commit groups, 7.7 writes per commit group, ingest: 91.09 GB, 44.71 MB/s
Cumulative WAL: 93M writes, 0 syncs, 93541972.00 writes per sync, written: 91.09 GB, 44.71 MB/s
Cumulative stall: 00:29:26.386 H:M:S, 84.7 percent
Interval writes: 807K writes, 807K keys, 111K commit groups, 7.3 writes per commit group, ingest: 805.24 MB, 23.09 MB/s
Interval WAL: 807K writes, 0 syncs, 807481.00 writes per sync, written: 0.79 GB, 23.09 MB/s
Interval stall: 00:00:27.773 H:M:S, 79.6 percent
Write Stall (count): write-buffer-manager-limit-stops: 0
num-running-compactions: 18
num-running-flushes: 1

2026/08/31-10:08:53  ... thread 1: (50000,5847000) ops and (1504.9,2802.8) ops/second in (33.225795,2086.146667) seconds
2026/08/31-10:08:57  ... thread 2: (75000,5875000) ops and (2499.5,2810.9) ops/second in (30.005609,2090.091409) seconds
2026/08/31-10:09:03  ... thread 9: (78000,5875000) ops and (2290.6,2803.5) ops/second in (34.052026,2095.560033) seconds
2026/08/31-10:09:03  ... thread 13: (78000,5876000) ops and (2362.3,2804.0) ops/second in (33.019132,2095.565016) seconds
2026/08/31-10:09:03  ... thread 7: (78000,5878000) ops and (2317.2,2805.0) ops/second in (33.660621,2095.569943) seconds
2026/08/31-10:09:03  ... thread 4: (78000,5874000) ops and (2300.2,2803.1) ops/second in (33.909964,2095.571463) seconds
2026/08/31-10:09:03  ... thread 6: (80000,5877000) ops and (2665.3,2804.4) ops/second in (30.014945,2095.636821) seconds
2026/08/31-10:09:19  ... thread 14: (178000,5995000) ops and (4988.7,2838.9) ops/second in (35.680498,2111.726883) seconds
2026/08/31-10:09:24  ... thread 11: (153000,6001000) ops and (5019.2,2835.2) ops/second in (30.482759,2116.601845) seconds
2026/08/31-10:09:24  ... thread 15: (153000,5999000) ops and (4975.0,2833.9) ops/second in (30.753528,2116.879729) seconds
2026/08/31-10:09:24  ... thread 8: (153000,6001000) ops and (4973.1,2834.8) ops/second in (30.765699,2116.903023) seconds
2026/08/31-10:09:25  ... thread 10: (154000,6002000) ops and (4926.9,2834.6) ops/second in (31.256821,2117.375970) seconds
2026/08/31-10:09:25  ... thread 0: (153000,5997000) ops and (4854.2,2831.9) ops/second in (31.519137,2117.663441) seconds

** Compaction Stats [default] **
Level    Files   Size     Score Read(GB)  Rn(GB) Rnp1(GB) Write(GB) WPreComp(GB) Wnew(GB) Moved(GB) W-Amp Rd(MB/s) Wr(MB/s) Comp(sec) CompMergeCPU(sec) Comp(cnt) Avg(sec) KeyIn KeyDrop Rblob(GB) Wblob(GB)
-------------------------------------------------------------------------------------------------------------------------------------------------------------------------------------------------------------
  L0     20/19     3.60 GB   0.5     91.2     0.0     91.2     185.4     185.4     94.2       0.0   2.0     21.2     43.1   4404.31            409.53      1894    2.325    188M   104K       0.0       0.0
  L1    164/164    9.98 GB   0.0    414.4    90.6    323.9     406.3     406.3     82.4       0.0   4.5    320.1    313.8   1325.68           1254.95        47   28.206    421M  8290K       0.0       0.0
  L2    751/0     39.92 GB   1.0    138.1    59.4     78.8     123.8     123.8     45.1      13.1   2.1     17.5     15.6   8105.03            661.39       914    8.868    140M    14M       0.0       0.0
  L3    361/0     18.22 GB   0.0      0.0     0.0      0.0       0.0       0.0      0.0      18.2   0.0      0.0      0.0      0.00              0.00         0    0.000       0      0       0.0       0.0
 Sum   1296/183   71.72 GB   0.0    643.8   150.0    493.8     715.5     715.5    221.7      31.3   7.6     47.6     53.0  13835.02           2325.86      2855    4.846    751M    22M       0.0       0.0
 Int      0/0      0.00 KB   0.0      0.0     0.0      0.0       0.2       0.2      0.2       0.0   1.0      0.0     11.4     16.35              0.35         3    5.452    185K      0       0.0       0.0

** Compaction Stats [default] **
Priority    Files   Size     Score Read(GB)  Rn(GB) Rnp1(GB) Write(GB) WPreComp(GB) Wnew(GB) Moved(GB) W-Amp Rd(MB/s) Wr(MB/s) Comp(sec) CompMergeCPU(sec) Comp(cnt) Avg(sec) KeyIn KeyDrop Rblob(GB) Wblob(GB)
----------------------------------------------------------------------------------------------------------------------------------------------------------------------------------------------------------------
 Low      0/0      0.00 KB   0.0    643.8   150.0    493.8     621.2     621.2    127.4       0.0   0.0     59.7     57.6  11034.41           2160.54      1308    8.436    655M    22M       0.0       0.0
High      0/0      0.00 KB   0.0      0.0     0.0      0.0      94.3      94.3     94.3       0.0   0.0      0.0     34.5   2800.61            165.33      1547    1.810     95M      0       0.0       0.0

Blob file count: 0, total size: 0.0 GB, garbage size: 0.0 GB, space amp: 0.0

Uptime(secs): 2117.7 total, 12.2 interval
Flush(GB): cumulative 94.293, interval 0.182
AddFile(GB): cumulative 0.000, interval 0.000
AddFile(Total Files): cumulative 0, interval 0
AddFile(L0 Files): cumulative 0, interval 0
AddFile(Keys): cumulative 0, interval 0
Cumulative compaction: 715.47 GB write, 345.97 MB/s write, 643.75 GB read, 311.29 MB/s read, 13835.0 seconds
Interval compaction: 0.18 GB write, 15.32 MB/s write, 0.00 GB read, 0.00 MB/s read, 16.4 seconds
Estimated pending compaction bytes: 69046658667
Write Stall (count): cf-l0-file-count-limit-delays-with-ongoing-compaction: 93, cf-l0-file-count-limit-stops-with-ongoing-compaction: 0, l0-file-count-limit-delays: 93, l0-file-count-limit-stops: 0, memtable-limit-delays: 0, memtable-limit-stops: 1249, pending-compaction-bytes-delays: 34, pending-compaction-bytes-stops: 0, total-delays: 127, total-stops: 1249
interval: 3 total count
Block cache AutoHyperClockCache@0x6043b84412d0#2239720 capacity: 512.00 MB seed: 1 usage: 17.83 MB table_size: 7799 occupancy: 4237 collections: 12 last_copies: 2 last_secs: 0.000599 secs_since: 132
Block cache entry stats(count,size,portion): Misc(4237,17.36 MB,3.39011%)

** File Read Latency Histogram By Level [default] **
** Level 0 read latency histogram (micros):
Count: 46356958 Average: 3.2984  StdDev: 1408.91
Min: 0  Median: 0.8762  Max: 3332460
Percentiles: P50: 0.88 P75: 1.50 P99: 3.20 P99.9: 5.48 P99.99: 6.53
------------------------------------------------------
[       0,       1 ] 26452514  57.063%  57.063% ###########
(       1,       2 ] 16766853  36.169%  93.232% #######
(       2,       3 ]  2595685   5.599%  98.831% #
(       3,       4 ]   397234   0.857%  99.688% 
(       4,       6 ]   132859   0.287%  99.975% 
(       6,      10 ]    54000   0.116% 100.091% 
(      10,      15 ]    22009   0.047% 100.138% 
(      15,      22 ]    13452   0.029% 100.168% 
(      22,      34 ]      843   0.002% 100.169% 
(      34,      51 ]      133   0.000% 100.170% 
(      51,      76 ]      560   0.001% 100.171% 
(      76,     110 ]     1097   0.002% 100.173% 
(     110,     170 ]       47   0.000% 100.173% 
(     170,     250 ]       34   0.000% 100.173% 
(     250,     380 ]      124   0.000% 100.174% 
(     380,     580 ]       24   0.000% 100.174% 
(     580,     870 ]       53   0.000% 100.174% 
(     870,    1300 ]      121   0.000% 100.174% 
(    1300,    1900 ]       64   0.000% 100.174% 
(    1900,    2900 ]       28   0.000% 100.174% 
(    2900,    4400 ]        9   0.000% 100.174% 
(    4400,    6600 ]       10   0.000% 100.174% 
(    6600,    9900 ]        9   0.000% 100.174% 
(    9900,   14000 ]        4   0.000% 100.174% 
(   14000,   22000 ]       13   0.000% 100.174% 
(   22000,   33000 ]       34   0.000% 100.174% 
(   33000,   50000 ]       52   0.000% 100.175% 
(   50000,   75000 ]       89   0.000% 100.175% 
(   75000,  110000 ]      127   0.000% 100.175% 
(  110000,  170000 ]       87   0.000% 100.175% 
(  170000,  250000 ]       28   0.000% 100.175% 
(  250000,  380000 ]        7   0.000% 100.175% 
(  380000,  570000 ]        3   0.000% 100.175% 
(  570000,  860000 ]        5   0.000% 100.175% 
(  860000, 1200000 ]        5   0.000% 100.175% 
( 1200000, 1900000 ]        7   0.000% 100.175% 
( 1900000, 2900000 ]        3   0.000% 100.175% 
( 2900000, 4300000 ]        5   0.000% 100.175% 

** Level 1 read latency histogram (micros):
Count: 99423096 Average: 2.3644  StdDev: 283.71
Min: 0  Median: 0.8087  Max: 397856
Percentiles: P50: 0.81 P75: 1.43 P99: 3.21 P99.9: 4.51 P99.99: 4.95
------------------------------------------------------
[       0,       1 ] 61471838  61.829%  61.829% ############
(       1,       2 ] 30511620  30.689%  92.517% ######
(       2,       3 ]  6232760   6.269%  98.786% #
(       3,       4 ]  1001282   1.007%  99.793% 
(       4,       6 ]   413382   0.416% 100.209% 
(       6,      10 ]   172689   0.174% 100.383% 
(      10,      15 ]    53533   0.054% 100.437% 
(      15,      22 ]    36908   0.037% 100.474% 
(      22,      34 ]     3200   0.003% 100.477% 
(      34,      51 ]     1128   0.001% 100.478% 
(      51,      76 ]     2915   0.003% 100.481% 
(      76,     110 ]     3354   0.003% 100.484% 
(     110,     170 ]     3898   0.004% 100.488% 
(     170,     250 ]     3678   0.004% 100.492% 
(     250,     380 ]     4480   0.005% 100.496% 
(     380,     580 ]     4584   0.005% 100.501% 
(     580,     870 ]     4336   0.004% 100.505% 
(     870,    1300 ]     2943   0.003% 100.508% 
(    1300,    1900 ]     2427   0.002% 100.511% 
(    1900,    2900 ]     2024   0.002% 100.513% 
(    2900,    4400 ]     1198   0.001% 100.514% 
(    4400,    6600 ]      657   0.001% 100.515% 
(    6600,    9900 ]      183   0.000% 100.515% 
(    9900,   14000 ]      101   0.000% 100.515% 
(   14000,   22000 ]      114   0.000% 100.515% 
(   22000,   33000 ]      107   0.000% 100.515% 
(   33000,   50000 ]       90   0.000% 100.515% 
(   50000,   75000 ]      127   0.000% 100.515% 
(   75000,  110000 ]       94   0.000% 100.516% 
(  110000,  170000 ]       87   0.000% 100.516% 
(  170000,  250000 ]       58   0.000% 100.516% 
(  250000,  380000 ]       23   0.000% 100.516% 
(  380000,  570000 ]        2   0.000% 100.516% 

** Level 2 read latency histogram (micros):
Count: 16893962 Average: 154.6893  StdDev: 4873.45
Min: 0  Median: 1.4730  Max: 4177656
Percentiles: P50: 1.47 P75: 2.08 P99: 1143.56 P99.9: 2497.07 P99.99: 2731.71
------------------------------------------------------
[       0,       1 ]  4842108  28.662%  28.662% ######
(       1,       2 ]  7620930  45.110%  73.772% #########
(       2,       3 ]  2457000  14.544%  88.316% ###
(       3,       4 ]   638633   3.780%  92.096% #
(       4,       6 ]   199731   1.182%  93.278% 
(       6,      10 ]    31913   0.189%  93.467% 
(      10,      15 ]    19919   0.118%  93.585% 
(      15,      22 ]    11068   0.066%  93.651% 
(      22,      34 ]     7047   0.042%  93.692% 
(      34,      51 ]    19786   0.117%  93.809% 
(      51,      76 ]    44558   0.264%  94.073% 
(      76,     110 ]    28249   0.167%  94.240% 
(     110,     170 ]   121453   0.719%  94.959% 
(     170,     250 ]   145986   0.864%  95.823% 
(     250,     380 ]   174560   1.033%  96.857% 
(     380,     580 ]   163205   0.966%  97.823% 
(     580,     870 ]   137675   0.815%  98.638% 
(     870,    1300 ]    96199   0.569%  99.207% 
(    1300,    1900 ]    78360   0.464%  99.671% 
(    1900,    2900 ]    64797   0.384% 100.055% 
(    2900,    4400 ]    35848   0.212% 100.267% 
(    4400,    6600 ]    19693   0.117% 100.383% 
(    6600,    9900 ]     6354   0.038% 100.421% 
(    9900,   14000 ]     2524   0.015% 100.436% 
(   14000,   22000 ]     2966   0.018% 100.453% 
(   22000,   33000 ]     2556   0.015% 100.469% 
(   33000,   50000 ]     2888   0.017% 100.486% 
(   50000,   75000 ]     3118   0.018% 100.504% 
(   75000,  110000 ]     2889   0.017% 100.521% 
(  110000,  170000 ]     2722   0.016% 100.537% 
(  170000,  250000 ]     1329   0.008% 100.545% 
(  250000,  380000 ]      453   0.003% 100.548% 
(  380000,  570000 ]       87   0.001% 100.548% 
(  570000,  860000 ]       22   0.000% 100.549% 
(  860000, 1200000 ]       29   0.000% 100.549% 
( 1200000, 1900000 ]       32   0.000% 100.549% 
( 1900000, 2900000 ]        2   0.000% 100.549% 
( 2900000, 4300000 ]        5   0.000% 100.549% 


** DB Stats **
Uptime(secs): 2117.7 total, 12.2 interval
Cumulative writes: 95M writes, 95M keys, 12M commit groups, 7.8 writes per commit group, ingest: 93.47 GB, 45.20 MB/s
Cumulative WAL: 95M writes, 0 syncs, 95990418.00 writes per sync, written: 93.47 GB, 45.20 MB/s
Cumulative stall: 00:29:52.576 H:M:S, 84.6 percent
Interval writes: 100K writes, 100K keys, 15K commit groups, 6.3 writes per commit group, ingest: 100.24 MB, 8.23 MB/s
Interval WAL: 100K writes, 0 syncs, 100493.00 writes per sync, written: 0.10 GB, 8.23 MB/s
Interval stall: 00:00:11.831 H:M:S, 97.1 percent
Write Stall (count): write-buffer-manager-limit-stops: 0
num-running-compactions: 2
num-running-flushes: 0

2026/08/31-10:09:25  ... thread 1: (153000,6000000) ops and (4846.8,2833.2) ops/second in (31.567405,2117.714072) seconds
2026/08/31-10:09:25  ... thread 3: (154000,5999000) ops and (4867.4,2832.7) ops/second in (31.639213,2117.755146) seconds
2026/08/31-10:09:26  ... thread 12: (154000,5999000) ops and (4746.2,2831.6) ops/second in (32.447231,2118.567417) seconds
2026/08/31-10:09:26  ... thread 5: (154000,6002000) ops and (4739.4,2833.0) ops/second in (32.493541,2118.610862) seconds
2026/08/31-10:09:28  ... thread 2: (127000,6002000) ops and (4105.3,2829.8) ops/second in (30.935629,2121.027038) seconds
2026/08/31-10:09:33  ... thread 7: (125000,6003000) ops and (4137.3,2823.9) ops/second in (30.213130,2125.783073) seconds
2026/08/31-10:09:34  ... thread 13: (126000,6002000) ops and (4073.7,2822.5) ops/second in (30.929907,2126.494923) seconds
2026/08/31-10:09:34  ... thread 4: (126000,6000000) ops and (3997.9,2820.8) ops/second in (31.516215,2127.087678) seconds
2026/08/31-10:09:35  ... thread 9: (127000,6002000) ops and (3972.9,2821.1) ops/second in (31.966403,2127.526436) seconds
2026/08/31-10:09:35  ... thread 6: (123000,6000000) ops and (3826.9,2819.8) ops/second in (32.140684,2127.777505) seconds
2026/08/31-10:09:50  ... thread 14: (14000,6009000) ops and (454.1,2804.6) ops/second in (30.832779,2142.559662) seconds
2026/08/31-10:09:54  ... thread 15: (14000,6013000) ops and (462.1,2800.4) ops/second in (30.295816,2147.175545) seconds
2026/08/31-10:09:54  ... thread 11: (14000,6015000) ops and (457.7,2801.3) ops/second in (30.587584,2147.189429) seconds
2026/08/31-10:09:54  ... thread 8: (14000,6015000) ops and (462.2,2801.3) ops/second in (30.291438,2147.194461) seconds
2026/08/31-10:09:55  ... thread 10: (18000,6020000) ops and (597.0,2803.2) ops/second in (30.152723,2147.528693) seconds
2026/08/31-10:09:56  ... thread 0: (21000,6018000) ops and (679.9,2801.0) ops/second in (30.889151,2148.552592) seconds

** Compaction Stats [default] **
Level    Files   Size     Score Read(GB)  Rn(GB) Rnp1(GB) Write(GB) WPreComp(GB) Wnew(GB) Moved(GB) W-Amp Rd(MB/s) Wr(MB/s) Comp(sec) CompMergeCPU(sec) Comp(cnt) Avg(sec) KeyIn KeyDrop Rblob(GB) Wblob(GB)
-------------------------------------------------------------------------------------------------------------------------------------------------------------------------------------------------------------
  L0      7/6    622.36 MB   0.5     91.4     0.0     91.4     185.9     185.9     94.5       0.0   2.0     21.1     43.0   4427.79            410.78      1900    2.330    189M   105K       0.0       0.0
  L1    204/17    12.25 GB   2.8    427.7    93.9    333.8     419.2     419.2     85.3       0.0   4.5    321.1    314.7   1364.08           1297.53        48   28.418    435M  8665K       0.0       0.0
  L2    757/33    40.57 GB   1.0    138.2    59.4     78.8     123.9     123.9     45.1      13.7   2.1     17.5     15.6   8110.19            661.78       915    8.864    140M    14M       0.0       0.0
  L3    361/0     18.22 GB   0.0      0.0     0.0      0.0       0.0       0.0      0.0      18.2   0.0      0.0      0.0      0.00              0.00         0    0.000       0      0       0.0       0.0
 Sum   1329/56    71.65 GB   0.0    657.4   153.3    504.1     729.0     729.0    224.9      31.9   7.7     48.4     53.7  13902.06           2370.09      2863    4.856    765M    23M       0.0       0.0
 Int      0/0      0.00 KB   0.0     13.6     3.3     10.3      13.7      13.7      3.5       0.6  28.3    167.3    168.7     83.40             44.58        11    7.582     14M   379K       0.0       0.0

** Compaction Stats [default] **
Priority    Files   Size     Score Read(GB)  Rn(GB) Rnp1(GB) Write(GB) WPreComp(GB) Wnew(GB) Moved(GB) W-Amp Rd(MB/s) Wr(MB/s) Comp(sec) CompMergeCPU(sec) Comp(cnt) Avg(sec) KeyIn KeyDrop Rblob(GB) Wblob(GB)
----------------------------------------------------------------------------------------------------------------------------------------------------------------------------------------------------------------
 Low      0/0      0.00 KB   0.0    657.4   153.3    504.1     634.4     634.4    130.3       0.0   0.0     60.7     58.6  11086.53           2204.17      1311    8.457    668M    23M       0.0       0.0
High      0/0      0.00 KB   0.0      0.0     0.0      0.0      94.6      94.6     94.6       0.0   0.0      0.0     34.4   2815.53            165.92      1552    1.814     96M      0       0.0       0.0

Blob file count: 0, total size: 0.0 GB, garbage size: 0.0 GB, space amp: 0.0

Uptime(secs): 2148.6 total, 43.1 interval
Flush(GB): cumulative 94.596, interval 0.486
AddFile(GB): cumulative 0.000, interval 0.000
AddFile(Total Files): cumulative 0, interval 0
AddFile(L0 Files): cumulative 0, interval 0
AddFile(Keys): cumulative 0, interval 0
Cumulative compaction: 729.03 GB write, 347.45 MB/s write, 657.38 GB read, 313.31 MB/s read, 13902.1 seconds
Interval compaction: 13.74 GB write, 326.62 MB/s write, 13.63 GB read, 323.97 MB/s read, 83.4 seconds
Estimated pending compaction bytes: 67165728608
Write Stall (count): cf-l0-file-count-limit-delays-with-ongoing-compaction: 93, cf-l0-file-count-limit-stops-with-ongoing-compaction: 0, l0-file-count-limit-delays: 93, l0-file-count-limit-stops: 0, memtable-limit-delays: 0, memtable-limit-stops: 1253, pending-compaction-bytes-delays: 39, pending-compaction-bytes-stops: 0, total-delays: 132, total-stops: 1253
interval: 12 total count
Block cache AutoHyperClockCache@0x6043b84412d0#2239720 capacity: 512.00 MB seed: 1 usage: 17.83 MB table_size: 7799 occupancy: 4237 collections: 12 last_copies: 2 last_secs: 0.000599 secs_since: 163
Block cache entry stats(count,size,portion): Misc(4237,17.36 MB,3.39011%)

** File Read Latency Histogram By Level [default] **
** Level 0 read latency histogram (micros):
Count: 46951679 Average: 3.2811  StdDev: 1399.96
Min: 0  Median: 0.8797  Max: 3332460
Percentiles: P50: 0.88 P75: 1.50 P99: 3.22 P99.9: 5.49 P99.99: 6.51
------------------------------------------------------
[       0,       1 ] 26685460  56.836%  56.836% ###########
(       1,       2 ] 17052513  36.319%  93.155% #######
(       2,       3 ]  2654425   5.654%  98.809% #
(       3,       4 ]   410213   0.874%  99.683% 
(       4,       6 ]   137292   0.292%  99.975% 
(       6,      10 ]    55246   0.118% 100.093% 
(      10,      15 ]    22586   0.048% 100.141% 
(      15,      22 ]    13778   0.029% 100.170% 
(      22,      34 ]      865   0.002% 100.172% 
(      34,      51 ]      133   0.000% 100.172% 
(      51,      76 ]      562   0.001% 100.173% 
(      76,     110 ]     1102   0.002% 100.176% 
(     110,     170 ]       47   0.000% 100.176% 
(     170,     250 ]       34   0.000% 100.176% 
(     250,     380 ]      125   0.000% 100.176% 
(     380,     580 ]       24   0.000% 100.176% 
(     580,     870 ]       53   0.000% 100.176% 
(     870,    1300 ]      121   0.000% 100.177% 
(    1300,    1900 ]       64   0.000% 100.177% 
(    1900,    2900 ]       28   0.000% 100.177% 
(    2900,    4400 ]        9   0.000% 100.177% 
(    4400,    6600 ]       10   0.000% 100.177% 
(    6600,    9900 ]       10   0.000% 100.177% 
(    9900,   14000 ]        4   0.000% 100.177% 
(   14000,   22000 ]       15   0.000% 100.177% 
(   22000,   33000 ]       35   0.000% 100.177% 
(   33000,   50000 ]       52   0.000% 100.177% 
(   50000,   75000 ]       89   0.000% 100.177% 
(   75000,  110000 ]      127   0.000% 100.178% 
(  110000,  170000 ]       87   0.000% 100.178% 
(  170000,  250000 ]       28   0.000% 100.178% 
(  250000,  380000 ]        7   0.000% 100.178% 
(  380000,  570000 ]        3   0.000% 100.178% 
(  570000,  860000 ]        5   0.000% 100.178% 
(  860000, 1200000 ]        5   0.000% 100.178% 
( 1200000, 1900000 ]        7   0.000% 100.178% 
( 1900000, 2900000 ]        3   0.000% 100.178% 
( 2900000, 4300000 ]        5   0.000% 100.178% 

** Level 1 read latency histogram (micros):
Count: 101246186 Average: 2.3999  StdDev: 290.87
Min: 0  Median: 0.8088  Max: 397856
Percentiles: P50: 0.81 P75: 1.43 P99: 3.22 P99.9: 4.52 P99.99: 4.96
------------------------------------------------------
[       0,       1 ] 62589935  61.820%  61.820% ############
(       1,       2 ] 31073730  30.691%  92.511% ######
(       2,       3 ]  6349402   6.271%  98.782% #
(       3,       4 ]  1021391   1.009%  99.791% 
(       4,       6 ]   421913   0.417% 100.208% 
(       6,      10 ]   176018   0.174% 100.381% 
(      10,      15 ]    54945   0.054% 100.436% 
(      15,      22 ]    37890   0.037% 100.473% 
(      22,      34 ]     3280   0.003% 100.476% 
(      34,      51 ]     1158   0.001% 100.478% 
(      51,      76 ]     2994   0.003% 100.480% 
(      76,     110 ]     3492   0.003% 100.484% 
(     110,     170 ]     4020   0.004% 100.488% 
(     170,     250 ]     3801   0.004% 100.492% 
(     250,     380 ]     4618   0.005% 100.496% 
(     380,     580 ]     4728   0.005% 100.501% 
(     580,     870 ]     4542   0.004% 100.505% 
(     870,    1300 ]     3109   0.003% 100.508% 
(    1300,    1900 ]     2575   0.003% 100.511% 
(    1900,    2900 ]     2103   0.002% 100.513% 
(    2900,    4400 ]     1232   0.001% 100.514% 
(    4400,    6600 ]      671   0.001% 100.515% 
(    6600,    9900 ]      192   0.000% 100.515% 
(    9900,   14000 ]      108   0.000% 100.515% 
(   14000,   22000 ]      123   0.000% 100.515% 
(   22000,   33000 ]      113   0.000% 100.515% 
(   33000,   50000 ]       96   0.000% 100.516% 
(   50000,   75000 ]      132   0.000% 100.516% 
(   75000,  110000 ]       99   0.000% 100.516% 
(  110000,  170000 ]       95   0.000% 100.516% 
(  170000,  250000 ]       63   0.000% 100.516% 
(  250000,  380000 ]       25   0.000% 100.516% 
(  380000,  570000 ]        2   0.000% 100.516% 

** Level 2 read latency histogram (micros):
Count: 17110620 Average: 156.6723  StdDev: 5014.56
Min: 0  Median: 1.4735  Max: 4177656
Percentiles: P50: 1.47 P75: 2.09 P99: 1143.67 P99.9: 2493.65 P99.99: 2728.52
------------------------------------------------------
[       0,       1 ]  4899814  28.636%  28.636% ######
(       1,       2 ]  7720005  45.118%  73.754% #########
(       2,       3 ]  2489593  14.550%  88.304% ###
(       3,       4 ]   648806   3.792%  92.096% #
(       4,       6 ]   203786   1.191%  93.287% 
(       6,      10 ]    32424   0.189%  93.477% 
(      10,      15 ]    20188   0.118%  93.595% 
(      15,      22 ]    11213   0.066%  93.660% 
(      22,      34 ]     7068   0.041%  93.701% 
(      34,      51 ]    20078   0.117%  93.819% 
(      51,      76 ]    45046   0.263%  94.082% 
(      76,     110 ]    28561   0.167%  94.249% 
(     110,     170 ]   122669   0.717%  94.966% 
(     170,     250 ]   147568   0.862%  95.828% 
(     250,     380 ]   176257   1.030%  96.858% 
(     380,     580 ]   164757   0.963%  97.821% 
(     580,     870 ]   139475   0.815%  98.636% 
(     870,    1300 ]    97743   0.571%  99.208% 
(    1300,    1900 ]    79537   0.465%  99.673% 
(    1900,    2900 ]    65566   0.383% 100.056% 
(    2900,    4400 ]    36215   0.212% 100.267% 
(    4400,    6600 ]    19889   0.116% 100.384% 
(    6600,    9900 ]     6451   0.038% 100.421% 
(    9900,   14000 ]     2586   0.015% 100.436% 
(   14000,   22000 ]     3044   0.018% 100.454% 
(   22000,   33000 ]     2616   0.015% 100.470% 
(   33000,   50000 ]     2970   0.017% 100.487% 
(   50000,   75000 ]     3193   0.019% 100.506% 
(   75000,  110000 ]     2963   0.017% 100.523% 
(  110000,  170000 ]     2812   0.016% 100.539% 
(  170000,  250000 ]     1369   0.008% 100.547% 
(  250000,  380000 ]      482   0.003% 100.550% 
(  380000,  570000 ]       89   0.001% 100.551% 
(  570000,  860000 ]       23   0.000% 100.551% 
(  860000, 1200000 ]       29   0.000% 100.551% 
( 1200000, 1900000 ]       32   0.000% 100.551% 
( 1900000, 2900000 ]        3   0.000% 100.551% 
( 2900000, 4300000 ]        6   0.000% 100.551% 


** DB Stats **
Uptime(secs): 2148.6 total, 30.9 interval
Cumulative writes: 96M writes, 96M keys, 12M commit groups, 7.7 writes per commit group, ingest: 93.80 GB, 44.70 MB/s
Cumulative WAL: 96M writes, 0 syncs, 96326178.00 writes per sync, written: 93.80 GB, 44.70 MB/s
Cumulative stall: 00:30:11.666 H:M:S, 84.3 percent
Interval writes: 335K writes, 335K keys, 51K commit groups, 6.6 writes per commit group, ingest: 334.89 MB, 10.84 MB/s
Interval WAL: 335K writes, 0 syncs, 335760.00 writes per sync, written: 0.33 GB, 10.84 MB/s
Interval stall: 00:00:19.091 H:M:S, 61.8 percent
Write Stall (count): write-buffer-manager-limit-stops: 0
num-running-compactions: 18
num-running-flushes: 1

2026/08/31-10:09:56  ... thread 1: (21000,6021000) ops and (679.1,2802.2) ops/second in (30.921345,2148.635417) seconds
2026/08/31-10:09:56  ... thread 3: (21000,6020000) ops and (680.0,2801.8) ops/second in (30.882539,2148.637685) seconds
2026/08/31-10:09:56  ... thread 12: (21000,6020000) ops and (698.2,2801.8) ops/second in (30.076170,2148.643587) seconds
2026/08/31-10:09:56  ... thread 5: (21000,6023000) ops and (698.8,2803.1) ops/second in (30.049898,2148.660760) seconds
2026/08/31-10:10:04  ... thread 7: (26000,6029000) ops and (848.8,2795.8) ops/second in (30.630497,2156.413570) seconds
2026/08/31-10:10:04  ... thread 2: (28000,6030000) ops and (791.0,2796.3) ops/second in (35.399322,2156.426360) seconds
2026/08/31-10:10:04  ... thread 13: (29000,6031000) ops and (965.4,2796.6) ops/second in (30.039362,2156.534285) seconds
2026/08/31-10:10:05  ... thread 4: (33000,6033000) ops and (1058.3,2795.3) ops/second in (31.182858,2158.270536) seconds
2026/08/31-10:10:05  ... thread 6: (33000,6033000) ops and (1081.8,2795.3) ops/second in (30.504913,2158.282418) seconds
2026/08/31-10:10:05  ... thread 9: (33000,6035000) ops and (1072.8,2796.2) ops/second in (30.759550,2158.285986) seconds
2026/08/31-10:10:20  ... thread 14: (56000,6065000) ops and (1833.0,2790.9) ops/second in (30.551114,2173.110776) seconds
2026/08/31-10:10:29  ... thread 0: (58000,6076000) ops and (1735.6,2784.6) ops/second in (33.418134,2181.970726) seconds

** Compaction Stats [default] **
Level    Files   Size     Score Read(GB)  Rn(GB) Rnp1(GB) Write(GB) WPreComp(GB) Wnew(GB) Moved(GB) W-Amp Rd(MB/s) Wr(MB/s) Comp(sec) CompMergeCPU(sec) Comp(cnt) Avg(sec) KeyIn KeyDrop Rblob(GB) Wblob(GB)
-------------------------------------------------------------------------------------------------------------------------------------------------------------------------------------------------------------
  L0      9/4      1.52 GB   2.5     92.6     0.0     92.6     188.0     188.0     95.4       0.0   2.0     21.1     42.9   4487.12            415.87      1918    2.339    191M   107K       0.0       0.0
  L1    183/17    11.03 GB   2.5    427.7    93.9    333.8     419.2     419.2     85.3       0.0   4.5    321.1    314.7   1364.08           1297.53        48   28.418    435M  8665K       0.0       0.0
  L2    768/46    41.37 GB   1.0    141.9    60.7     81.2     127.1     127.1     46.0      13.7   2.1     17.1     15.3   8499.70            683.63       938    9.062    144M    15M       0.0       0.0
  L3    361/0     18.22 GB   0.0      0.0     0.0      0.0       0.0       0.0      0.0      18.2   0.0      0.0      0.0      0.00              0.00         0    0.000       0      0       0.0       0.0
 Sum   1321/67    72.14 GB   0.0    662.2   154.6    507.6     734.3     734.3    226.7      31.9   7.7     47.3     52.4  14350.90           2397.03      2904    4.942    771M    23M       0.0       0.0
 Int      0/0      0.00 KB   0.0      1.7     0.5      1.2       1.9       1.9      0.7       0.0   5.2     10.4     11.6    169.15             10.37        15   11.277   2123K   175K       0.0       0.0

** Compaction Stats [default] **
Priority    Files   Size     Score Read(GB)  Rn(GB) Rnp1(GB) Write(GB) WPreComp(GB) Wnew(GB) Moved(GB) W-Amp Rd(MB/s) Wr(MB/s) Comp(sec) CompMergeCPU(sec) Comp(cnt) Avg(sec) KeyIn KeyDrop Rblob(GB) Wblob(GB)
----------------------------------------------------------------------------------------------------------------------------------------------------------------------------------------------------------------
 Low      0/0      0.00 KB   0.0    662.2   154.6    507.6     638.8     638.8    131.2       0.0   0.0     59.0     56.9  11500.66           2229.30      1337    8.602    673M    23M       0.0       0.0
High      0/0      0.00 KB   0.0      0.0     0.0      0.0      95.5      95.5     95.5       0.0   0.0      0.0     34.3   2850.24            167.73      1567    1.819     97M      0       0.0       0.0

Blob file count: 0, total size: 0.0 GB, garbage size: 0.0 GB, space amp: 0.0

Uptime(secs): 2182.0 total, 16.5 interval
Flush(GB): cumulative 95.510, interval 0.366
AddFile(GB): cumulative 0.000, interval 0.000
AddFile(Total Files): cumulative 0, interval 0
AddFile(L0 Files): cumulative 0, interval 0
AddFile(Keys): cumulative 0, interval 0
Cumulative compaction: 734.29 GB write, 344.60 MB/s write, 662.20 GB read, 310.77 MB/s read, 14350.9 seconds
Interval compaction: 1.91 GB write, 118.91 MB/s write, 1.72 GB read, 106.93 MB/s read, 169.2 seconds
Estimated pending compaction bytes: 67448623119
Write Stall (count): cf-l0-file-count-limit-delays-with-ongoing-compaction: 93, cf-l0-file-count-limit-stops-with-ongoing-compaction: 0, l0-file-count-limit-delays: 93, l0-file-count-limit-stops: 0, memtable-limit-delays: 0, memtable-limit-stops: 1274, pending-compaction-bytes-delays: 39, pending-compaction-bytes-stops: 0, total-delays: 132, total-stops: 1274
interval: 8 total count
Block cache AutoHyperClockCache@0x6043b84412d0#2239720 capacity: 512.00 MB seed: 1 usage: 18.04 MB table_size: 8203 occupancy: 4282 collections: 13 last_copies: 0 last_secs: 0.000702 secs_since: 16
Block cache entry stats(count,size,portion): Misc(4276,17.52 MB,3.4211%)

** File Read Latency Histogram By Level [default] **
** Level 0 read latency histogram (micros):
Count: 47298217 Average: 3.3313  StdDev: 1430.60
Min: 0  Median: 0.8785  Max: 3332460
Percentiles: P50: 0.88 P75: 1.50 P99: 3.22 P99.9: 5.50 P99.99: 6.56
------------------------------------------------------
[       0,       1 ] 26918894  56.913%  56.913% ###########
(       1,       2 ] 17147652  36.254%  93.167% #######
(       2,       3 ]  2668546   5.642%  98.809% #
(       3,       4 ]   412493   0.872%  99.682% 
(       4,       6 ]   138134   0.292%  99.974% 
(       6,      10 ]    55598   0.118% 100.091% 
(      10,      15 ]    22788   0.048% 100.139% 
(      15,      22 ]    13906   0.029% 100.169% 
(      22,      34 ]      875   0.002% 100.171% 
(      34,      51 ]      133   0.000% 100.171% 
(      51,      76 ]      566   0.001% 100.172% 
(      76,     110 ]     1114   0.002% 100.174% 
(     110,     170 ]       48   0.000% 100.174% 
(     170,     250 ]       35   0.000% 100.175% 
(     250,     380 ]      125   0.000% 100.175% 
(     380,     580 ]       25   0.000% 100.175% 
(     580,     870 ]       54   0.000% 100.175% 
(     870,    1300 ]      121   0.000% 100.175% 
(    1300,    1900 ]       64   0.000% 100.175% 
(    1900,    2900 ]       28   0.000% 100.175% 
(    2900,    4400 ]        9   0.000% 100.175% 
(    4400,    6600 ]       10   0.000% 100.175% 
(    6600,    9900 ]       10   0.000% 100.176% 
(    9900,   14000 ]        4   0.000% 100.176% 
(   14000,   22000 ]       15   0.000% 100.176% 
(   22000,   33000 ]       36   0.000% 100.176% 
(   33000,   50000 ]       52   0.000% 100.176% 
(   50000,   75000 ]       90   0.000% 100.176% 
(   75000,  110000 ]      129   0.000% 100.176% 
(  110000,  170000 ]       90   0.000% 100.176% 
(  170000,  250000 ]       29   0.000% 100.176% 
(  250000,  380000 ]        7   0.000% 100.176% 
(  380000,  570000 ]        3   0.000% 100.176% 
(  570000,  860000 ]        5   0.000% 100.176% 
(  860000, 1200000 ]        5   0.000% 100.176% 
( 1200000, 1900000 ]        7   0.000% 100.177% 
( 1900000, 2900000 ]        4   0.000% 100.177% 
( 2900000, 4300000 ]        5   0.000% 100.177% 

** Level 1 read latency histogram (micros):
Count: 101685749 Average: 2.6212  StdDev: 534.33
Min: 0  Median: 0.8118  Max: 3116334
Percentiles: P50: 0.81 P75: 1.44 P99: 3.27 P99.9: 4.64 P99.99: 5.05
------------------------------------------------------
[       0,       1 ] 62632229  61.594%  61.594% ############
(       1,       2 ] 31253904  30.736%  92.330% ######
(       2,       3 ]  6502753   6.395%  98.725% #
(       3,       4 ]  1055255   1.038%  99.762% 
(       4,       6 ]   439365   0.432% 100.194% 
(       6,      10 ]   181846   0.179% 100.373% 
(      10,      15 ]    55902   0.055% 100.428% 
(      15,      22 ]    38920   0.038% 100.467% 
(      22,      34 ]     3396   0.003% 100.470% 
(      34,      51 ]     1173   0.001% 100.471% 
(      51,      76 ]     3056   0.003% 100.474% 
(      76,     110 ]     3526   0.003% 100.478% 
(     110,     170 ]     4198   0.004% 100.482% 
(     170,     250 ]     4047   0.004% 100.486% 
(     250,     380 ]     4947   0.005% 100.490% 
(     380,     580 ]     5276   0.005% 100.496% 
(     580,     870 ]     5329   0.005% 100.501% 
(     870,    1300 ]     4013   0.004% 100.505% 
(    1300,    1900 ]     3658   0.004% 100.508% 
(    1900,    2900 ]     2893   0.003% 100.511% 
(    2900,    4400 ]     1515   0.001% 100.513% 
(    4400,    6600 ]      767   0.001% 100.514% 
(    6600,    9900 ]      223   0.000% 100.514% 
(    9900,   14000 ]      121   0.000% 100.514% 
(   14000,   22000 ]      135   0.000% 100.514% 
(   22000,   33000 ]      130   0.000% 100.514% 
(   33000,   50000 ]      121   0.000% 100.514% 
(   50000,   75000 ]      158   0.000% 100.514% 
(   75000,  110000 ]      119   0.000% 100.515% 
(  110000,  170000 ]      108   0.000% 100.515% 
(  170000,  250000 ]       68   0.000% 100.515% 
(  250000,  380000 ]       25   0.000% 100.515% 
(  380000,  570000 ]        2   0.000% 100.515% 
(  860000, 1200000 ]        1   0.000% 100.515% 
( 2900000, 4300000 ]        2   0.000% 100.515% 

** Level 2 read latency histogram (micros):
Count: 17742821 Average: 162.2584  StdDev: 5505.18
Min: 0  Median: 1.4844  Max: 5242826
Percentiles: P50: 1.48 P75: 2.11 P99: 1211.11 P99.9: 2558.67 P99.99: 2777.42
------------------------------------------------------
[       0,       1 ]  4986808  28.106%  28.106% ######
(       1,       2 ]  8019922  45.201%  73.307% #########
(       2,       3 ]  2632202  14.835%  88.142% ###
(       3,       4 ]   684702   3.859%  92.001% #
(       4,       6 ]   217175   1.224%  93.225% 
(       6,      10 ]    33895   0.191%  93.416% 
(      10,      15 ]    21317   0.120%  93.537% 
(      15,      22 ]    12001   0.068%  93.604% 
(      22,      34 ]     7157   0.040%  93.645% 
(      34,      51 ]    20182   0.114%  93.758% 
(      51,      76 ]    45601   0.257%  94.015% 
(      76,     110 ]    28947   0.163%  94.178% 
(     110,     170 ]   124304   0.701%  94.879% 
(     170,     250 ]   149743   0.844%  95.723% 
(     250,     380 ]   179831   1.014%  96.737% 
(     380,     580 ]   169962   0.958%  97.694% 
(     580,     870 ]   147087   0.829%  98.523% 
(     870,    1300 ]   106594   0.601%  99.124% 
(    1300,    1900 ]    89567   0.505%  99.629% 
(    1900,    2900 ]    73000   0.411% 100.040% 
(    2900,    4400 ]    38501   0.217% 100.257% 
(    4400,    6600 ]    20685   0.117% 100.374% 
(    6600,    9900 ]     6805   0.038% 100.412% 
(    9900,   14000 ]     2734   0.015% 100.428% 
(   14000,   22000 ]     3236   0.018% 100.446% 
(   22000,   33000 ]     2791   0.016% 100.462% 
(   33000,   50000 ]     3179   0.018% 100.480% 
(   50000,   75000 ]     3416   0.019% 100.499% 
(   75000,  110000 ]     3177   0.018% 100.517% 
(  110000,  170000 ]     3033   0.017% 100.534% 
(  170000,  250000 ]     1420   0.008% 100.542% 
(  250000,  380000 ]      487   0.003% 100.545% 
(  380000,  570000 ]       89   0.001% 100.545% 
(  570000,  860000 ]       25   0.000% 100.545% 
(  860000, 1200000 ]       34   0.000% 100.546% 
( 1200000, 1900000 ]       37   0.000% 100.546% 
( 1900000, 2900000 ]        5   0.000% 100.546% 
( 2900000, 4300000 ]       10   0.000% 100.546% 
( 4300000, 6500000 ]        1   0.000% 100.546% 


** DB Stats **
Uptime(secs): 2182.0 total, 16.5 interval
Cumulative writes: 97M writes, 97M keys, 12M commit groups, 7.7 writes per commit group, ingest: 94.70 GB, 44.44 MB/s
Cumulative WAL: 97M writes, 0 syncs, 97252814.00 writes per sync, written: 94.70 GB, 44.44 MB/s
Cumulative stall: 00:30:42.315 H:M:S, 84.4 percent
Interval writes: 434K writes, 434K keys, 55K commit groups, 7.8 writes per commit group, ingest: 432.95 MB, 26.27 MB/s
Interval WAL: 434K writes, 0 syncs, 434199.00 writes per sync, written: 0.42 GB, 26.27 MB/s
Interval stall: 00:00:16.081 H:M:S, 97.6 percent
Write Stall (count): write-buffer-manager-limit-stops: 0
num-running-compactions: 18
num-running-flushes: 1

2026/08/31-10:10:29  ... thread 8: (65000,6080000) ops and (1868.7,2786.5) ops/second in (34.783673,2181.978134) seconds
2026/08/31-10:10:29  ... thread 1: (58000,6079000) ops and (1739.1,2786.0) ops/second in (33.349964,2181.985381) seconds
2026/08/31-10:10:29  ... thread 12: (58000,6078000) ops and (1739.5,2785.5) ops/second in (33.343030,2181.986617) seconds
2026/08/31-10:10:29  ... thread 15: (66000,6079000) ops and (1895.6,2786.0) ops/second in (34.817258,2181.992803) seconds
2026/08/31-10:10:29  ... thread 10: (62000,6082000) ops and (1798.7,2787.4) ops/second in (34.469075,2181.997768) seconds
2026/08/31-10:10:29  ... thread 5: (58000,6081000) ops and (1739.6,2786.9) ops/second in (33.340484,2182.001244) seconds
2026/08/31-10:10:29  ... thread 11: (66000,6081000) ops and (1895.9,2786.9) ops/second in (34.812214,2182.001643) seconds
2026/08/31-10:10:29  ... thread 3: (59000,6079000) ops and (1768.2,2786.0) ops/second in (33.367170,2182.004855) seconds
2026/08/31-10:10:39  ... thread 6: (65000,6098000) ops and (1940.2,2782.2) ops/second in (33.501420,2191.783838) seconds
2026/08/31-10:10:39  ... thread 9: (65000,6100000) ops and (1940.4,2783.1) ops/second in (33.497954,2191.783940) seconds
2026/08/31-10:10:39  ... thread 13: (70000,6101000) ops and (1985.0,2783.6) ops/second in (35.264705,2191.798990) seconds
2026/08/31-10:10:39  ... thread 4: (66000,6099000) ops and (1968.3,2782.6) ops/second in (33.531677,2191.802213) seconds
2026/08/31-10:10:39  ... thread 2: (73000,6103000) ops and (2063.3,2784.5) ops/second in (35.379548,2191.805908) seconds
2026/08/31-10:10:39  ... thread 7: (74000,6103000) ops and (2090.5,2784.5) ops/second in (35.398058,2191.811628) seconds
2026/08/31-10:10:51  ... thread 14: (62000,6127000) ops and (2006.1,2779.9) ops/second in (30.905750,2204.016526) seconds
2026/08/31-10:11:00  ... thread 3: (69000,6148000) ops and (2273.2,2778.9) ops/second in (30.354211,2212.359066) seconds
2026/08/31-10:11:00  ... thread 0: (70000,6146000) ops and (2303.5,2778.0) ops/second in (30.388495,2212.359221) seconds

** Compaction Stats [default] **
Level    Files   Size     Score Read(GB)  Rn(GB) Rnp1(GB) Write(GB) WPreComp(GB) Wnew(GB) Moved(GB) W-Amp Rd(MB/s) Wr(MB/s) Comp(sec) CompMergeCPU(sec) Comp(cnt) Avg(sec) KeyIn KeyDrop Rblob(GB) Wblob(GB)
-------------------------------------------------------------------------------------------------------------------------------------------------------------------------------------------------------------
  L0     15/8      2.68 GB   3.5     93.9     0.0     93.9     190.4     190.4     96.6       0.0   2.0     21.0     42.6   4573.63            421.53      1942    2.355    193M   108K       0.0       0.0
  L1    154/2      9.29 GB   2.3    427.7    93.9    333.8     419.2     419.2     85.3       0.0   4.5    321.1    314.7   1364.08           1297.53        48   28.418    435M  8665K       0.0       0.0
  L2    742/6     40.26 GB   1.0    146.9    62.4     84.6     131.4     131.4     46.9      13.7   2.1     16.6     14.9   9057.51            714.81       965    9.386    149M    15M       0.0       0.0
  L3    398/0     20.28 GB   0.1      0.0     0.0      0.0       0.0       0.0      0.0      20.3   0.0      0.0      0.0      0.00              0.00         0    0.000       0      0       0.0       0.0
 Sum   1309/16    72.51 GB   0.0    668.5   156.3    512.3     741.0     741.0    228.8      33.9   7.7     45.7     50.6  14995.22           2433.87      2955    5.075    778M    24M       0.0       0.0
 Int      0/0      0.00 KB   0.0      8.0     2.1      5.9       8.7       8.7      2.8       2.1   5.7     10.1     10.9    813.47             47.21        66   12.325   9738K   932K       0.0       0.0

** Compaction Stats [default] **
Priority    Files   Size     Score Read(GB)  Rn(GB) Rnp1(GB) Write(GB) WPreComp(GB) Wnew(GB) Moved(GB) W-Amp Rd(MB/s) Wr(MB/s) Comp(sec) CompMergeCPU(sec) Comp(cnt) Avg(sec) KeyIn KeyDrop Rblob(GB) Wblob(GB)
----------------------------------------------------------------------------------------------------------------------------------------------------------------------------------------------------------------
 Low      0/0      0.00 KB   0.0    668.5   156.3    512.3     644.4     644.4    132.1       0.0   0.0     56.7     54.6  12082.87           2264.02      1369    8.826    680M    24M       0.0       0.0
High      0/0      0.00 KB   0.0      0.0     0.0      0.0      96.7      96.7     96.7       0.0   0.0      0.0     34.0   2912.35            169.85      1586    1.836     98M      0       0.0       0.0

Blob file count: 0, total size: 0.0 GB, garbage size: 0.0 GB, space amp: 0.0

Uptime(secs): 2212.4 total, 46.9 interval
Flush(GB): cumulative 96.669, interval 1.525
AddFile(GB): cumulative 0.000, interval 0.000
AddFile(Total Files): cumulative 0, interval 0
AddFile(L0 Files): cumulative 0, interval 0
AddFile(Keys): cumulative 0, interval 0
Cumulative compaction: 741.03 GB write, 342.99 MB/s write, 668.53 GB read, 309.43 MB/s read, 14995.2 seconds
Interval compaction: 8.65 GB write, 189.05 MB/s write, 8.04 GB read, 175.75 MB/s read, 813.5 seconds
Estimated pending compaction bytes: 62709426901
Write Stall (count): cf-l0-file-count-limit-delays-with-ongoing-compaction: 93, cf-l0-file-count-limit-stops-with-ongoing-compaction: 0, l0-file-count-limit-delays: 93, l0-file-count-limit-stops: 0, memtable-limit-delays: 0, memtable-limit-stops: 1297, pending-compaction-bytes-delays: 39, pending-compaction-bytes-stops: 0, total-delays: 132, total-stops: 1297
interval: 31 total count
Block cache AutoHyperClockCache@0x6043b84412d0#2239720 capacity: 512.00 MB seed: 1 usage: 18.04 MB table_size: 8203 occupancy: 4282 collections: 13 last_copies: 0 last_secs: 0.000702 secs_since: 46
Block cache entry stats(count,size,portion): Misc(4276,17.52 MB,3.4211%)

** File Read Latency Histogram By Level [default] **
** Level 0 read latency histogram (micros):
Count: 47562230 Average: 3.3426  StdDev: 1428.03
Min: 0  Median: 0.8777  Max: 3332460
Percentiles: P50: 0.88 P75: 1.50 P99: 3.22 P99.9: 5.50 P99.99: 6.58
------------------------------------------------------
[       0,       1 ] 27094340  56.966%  56.966% ###########
(       1,       2 ] 17227452  36.221%  93.187% #######
(       2,       3 ]  2675620   5.626%  98.812% #
(       3,       4 ]   413401   0.869%  99.682% 
(       4,       6 ]   138503   0.291%  99.973% 
(       6,      10 ]    55828   0.117% 100.090% 
(      10,      15 ]    22885   0.048% 100.138% 
(      15,      22 ]    13955   0.029% 100.168% 
(      22,      34 ]      880   0.002% 100.170% 
(      34,      51 ]      133   0.000% 100.170% 
(      51,      76 ]      571   0.001% 100.171% 
(      76,     110 ]     1127   0.002% 100.173% 
(     110,     170 ]       52   0.000% 100.173% 
(     170,     250 ]       35   0.000% 100.174% 
(     250,     380 ]      129   0.000% 100.174% 
(     380,     580 ]       26   0.000% 100.174% 
(     580,     870 ]       54   0.000% 100.174% 
(     870,    1300 ]      121   0.000% 100.174% 
(    1300,    1900 ]       65   0.000% 100.174% 
(    1900,    2900 ]       28   0.000% 100.174% 
(    2900,    4400 ]        9   0.000% 100.174% 
(    4400,    6600 ]       11   0.000% 100.174% 
(    6600,    9900 ]       10   0.000% 100.175% 
(    9900,   14000 ]        4   0.000% 100.175% 
(   14000,   22000 ]       15   0.000% 100.175% 
(   22000,   33000 ]       36   0.000% 100.175% 
(   33000,   50000 ]       52   0.000% 100.175% 
(   50000,   75000 ]       91   0.000% 100.175% 
(   75000,  110000 ]      131   0.000% 100.175% 
(  110000,  170000 ]       94   0.000% 100.175% 
(  170000,  250000 ]       29   0.000% 100.175% 
(  250000,  380000 ]        8   0.000% 100.175% 
(  380000,  570000 ]        3   0.000% 100.175% 
(  570000,  860000 ]        5   0.000% 100.176% 
(  860000, 1200000 ]        5   0.000% 100.176% 
( 1200000, 1900000 ]        7   0.000% 100.176% 
( 1900000, 2900000 ]        4   0.000% 100.176% 
( 2900000, 4300000 ]        5   0.000% 100.176% 

** Level 1 read latency histogram (micros):
Count: 101974794 Average: 2.6211  StdDev: 533.57
Min: 0  Median: 0.8136  Max: 3116334
Percentiles: P50: 0.81 P75: 1.44 P99: 3.29 P99.9: 4.69 P99.99: 5.09
------------------------------------------------------
[       0,       1 ] 62665457  61.452%  61.452% ############
(       1,       2 ] 31378692  30.771%  92.223% ######
(       2,       3 ]  6600823   6.473%  98.696% #
(       3,       4 ]  1074099   1.053%  99.749% 
(       4,       6 ]   448559   0.440% 100.189% 
(       6,      10 ]   185840   0.182% 100.371% 
(      10,      15 ]    56522   0.055% 100.427% 
(      15,      22 ]    39588   0.039% 100.466% 
(      22,      34 ]     3458   0.003% 100.469% 
(      34,      51 ]     1181   0.001% 100.470% 
(      51,      76 ]     3056   0.003% 100.473% 
(      76,     110 ]     3527   0.003% 100.477% 
(     110,     170 ]     4198   0.004% 100.481% 
(     170,     250 ]     4047   0.004% 100.485% 
(     250,     380 ]     4947   0.005% 100.490% 
(     380,     580 ]     5276   0.005% 100.495% 
(     580,     870 ]     5329   0.005% 100.500% 
(     870,    1300 ]     4013   0.004% 100.504% 
(    1300,    1900 ]     3658   0.004% 100.507% 
(    1900,    2900 ]     2893   0.003% 100.510% 
(    2900,    4400 ]     1515   0.001% 100.512% 
(    4400,    6600 ]      767   0.001% 100.513% 
(    6600,    9900 ]      223   0.000% 100.513% 
(    9900,   14000 ]      121   0.000% 100.513% 
(   14000,   22000 ]      135   0.000% 100.513% 
(   22000,   33000 ]      130   0.000% 100.513% 
(   33000,   50000 ]      121   0.000% 100.513% 
(   50000,   75000 ]      158   0.000% 100.513% 
(   75000,  110000 ]      119   0.000% 100.514% 
(  110000,  170000 ]      108   0.000% 100.514% 
(  170000,  250000 ]       68   0.000% 100.514% 
(  250000,  380000 ]       25   0.000% 100.514% 
(  380000,  570000 ]        2   0.000% 100.514% 
(  860000, 1200000 ]        1   0.000% 100.514% 
( 2900000, 4300000 ]        2   0.000% 100.514% 

** Level 2 read latency histogram (micros):
Count: 18352517 Average: 164.5550  StdDev: 5476.55
Min: 0  Median: 1.4909  Max: 5242826
Percentiles: P50: 1.49 P75: 2.13 P99: 1258.71 P99.9: 2608.10 P99.99: 2815.52
------------------------------------------------------
[       0,       1 ]  5096271  27.769%  27.769% ######
(       1,       2 ]  8310526  45.283%  73.052% #########
(       2,       3 ]  2756536  15.020%  88.071% ###
(       3,       4 ]   710078   3.869%  91.941% #
(       4,       6 ]   226304   1.233%  93.174% 
(       6,      10 ]    35189   0.192%  93.365% 
(      10,      15 ]    22365   0.122%  93.487% 
(      15,      22 ]    12656   0.069%  93.556% 
(      22,      34 ]     7220   0.039%  93.596% 
(      34,      51 ]    20468   0.112%  93.707% 
(      51,      76 ]    46545   0.254%  93.961% 
(      76,     110 ]    29540   0.161%  94.122% 
(     110,     170 ]   127257   0.693%  94.815% 
(     170,     250 ]   153206   0.835%  95.650% 
(     250,     380 ]   183880   1.002%  96.652% 
(     380,     580 ]   174527   0.951%  97.603% 
(     580,     870 ]   153445   0.836%  98.439% 
(     870,    1300 ]   113917   0.621%  99.060% 
(    1300,    1900 ]    97847   0.533%  99.593% 
(    1900,    2900 ]    79632   0.434% 100.027% 
(    2900,    4400 ]    41046   0.224% 100.250% 
(    4400,    6600 ]    21472   0.117% 100.367% 
(    6600,    9900 ]     7110   0.039% 100.406% 
(    9900,   14000 ]     2960   0.016% 100.422% 
(   14000,   22000 ]     3424   0.019% 100.441% 
(   22000,   33000 ]     2937   0.016% 100.457% 
(   33000,   50000 ]     3358   0.018% 100.475% 
(   50000,   75000 ]     3579   0.020% 100.495% 
(   75000,  110000 ]     3353   0.018% 100.513% 
(  110000,  170000 ]     3177   0.017% 100.530% 
(  170000,  250000 ]     1480   0.008% 100.538% 
(  250000,  380000 ]      495   0.003% 100.541% 
(  380000,  570000 ]       89   0.000% 100.541% 
(  570000,  860000 ]       25   0.000% 100.542% 
(  860000, 1200000 ]       34   0.000% 100.542% 
( 1200000, 1900000 ]       37   0.000% 100.542% 
( 1900000, 2900000 ]        6   0.000% 100.542% 
( 2900000, 4300000 ]       10   0.000% 100.542% 
( 4300000, 6500000 ]        1   0.000% 100.542% 


** DB Stats **
Uptime(secs): 2212.4 total, 30.4 interval
Cumulative writes: 98M writes, 98M keys, 12M commit groups, 7.7 writes per commit group, ingest: 95.79 GB, 44.34 MB/s
Cumulative WAL: 98M writes, 0 syncs, 98372932.00 writes per sync, written: 95.79 GB, 44.34 MB/s
Cumulative stall: 00:31:10.665 H:M:S, 84.6 percent
Interval writes: 1120K writes, 1120K keys, 142K commit groups, 7.9 writes per commit group, ingest: 1116.86 MB, 36.75 MB/s
Interval WAL: 1120K writes, 0 syncs, 1120118.00 writes per sync, written: 1.09 GB, 36.75 MB/s
Interval stall: 00:00:28.350 H:M:S, 93.3 percent
Write Stall (count): write-buffer-manager-limit-stops: 0
num-running-compactions: 4
num-running-flushes: 1

2026/08/31-10:11:00  ... thread 8: (70000,6150000) ops and (2303.6,2779.8) ops/second in (30.387800,2212.365934) seconds
2026/08/31-10:11:00  ... thread 1: (70000,6149000) ops and (2303.9,2779.4) ops/second in (30.383207,2212.368588) seconds
2026/08/31-10:11:00  ... thread 12: (70000,6148000) ops and (2303.8,2778.9) ops/second in (30.385130,2212.371747) seconds
2026/08/31-10:11:00  ... thread 15: (70000,6149000) ops and (2304.1,2779.4) ops/second in (30.380763,2212.373566) seconds
2026/08/31-10:11:00  ... thread 10: (70000,6152000) ops and (2304.0,2780.7) ops/second in (30.382460,2212.380228) seconds
2026/08/31-10:11:00  ... thread 11: (70000,6151000) ops and (2304.2,2780.3) ops/second in (30.379507,2212.381150) seconds
2026/08/31-10:11:00  ... thread 5: (70000,6151000) ops and (2303.9,2780.3) ops/second in (30.383599,2212.384843) seconds
2026/08/31-10:11:15  ... thread 9: (78000,6178000) ops and (2186.0,2773.6) ops/second in (35.680804,2227.464744) seconds
2026/08/31-10:11:15  ... thread 6: (78000,6176000) ops and (2185.9,2772.7) ops/second in (35.682570,2227.466408) seconds
2026/08/31-10:11:15  ... thread 4: (78000,6177000) ops and (2186.8,2773.1) ops/second in (35.669075,2227.471288) seconds
2026/08/31-10:11:15  ... thread 13: (78000,6179000) ops and (2186.4,2774.0) ops/second in (35.674415,2227.473405) seconds
2026/08/31-10:11:15  ... thread 2: (78000,6181000) ops and (2186.7,2774.9) ops/second in (35.669996,2227.475904) seconds
2026/08/31-10:11:15  ... thread 7: (78000,6181000) ops and (2186.9,2774.9) ops/second in (35.666744,2227.478372) seconds
2026/08/31-10:11:25  ... thread 14: (62000,6189000) ops and (1810.7,2765.1) ops/second in (34.241055,2238.257581) seconds
2026/08/31-10:11:33  ... thread 10: (46000,6198000) ops and (1359.4,2759.3) ops/second in (33.838277,2246.218505) seconds
2026/08/31-10:11:33  ... thread 11: (46000,6197000) ops and (1359.4,2758.9) ops/second in (33.837972,2246.219122) seconds
2026/08/31-10:11:33  ... thread 5: (46000,6197000) ops and (1359.2,2758.8) ops/second in (33.843874,2246.228717) seconds
2026/08/31-10:11:33  ... thread 3: (47000,6195000) ops and (1387.6,2758.0) ops/second in (33.871237,2246.230303) seconds
2026/08/31-10:11:33  ... thread 0: (47000,6193000) ops and (1387.5,2757.1) ops/second in (33.874602,2246.233823) seconds

** Compaction Stats [default] **
Level    Files   Size     Score Read(GB)  Rn(GB) Rnp1(GB) Write(GB) WPreComp(GB) Wnew(GB) Moved(GB) W-Amp Rd(MB/s) Wr(MB/s) Comp(sec) CompMergeCPU(sec) Comp(cnt) Avg(sec) KeyIn KeyDrop Rblob(GB) Wblob(GB)
-------------------------------------------------------------------------------------------------------------------------------------------------------------------------------------------------------------
  L0     18/16     3.41 GB   1.0     94.4     0.0     94.4     191.6     191.6     97.3       0.0   2.0     20.9     42.4   4630.18            423.94      1956    2.367    195M   108K       0.0       0.0
  L1    152/152    9.15 GB   0.0    427.7    93.9    333.8     419.2     419.2     85.3       0.0   4.5    321.1    314.7   1364.08           1297.53        48   28.418    435M  8665K       0.0       0.0
  L2    736/0     39.94 GB   1.0    147.4    62.5     84.9     131.8     131.8     46.9      13.7   2.1     16.6     14.8   9098.31            717.59       967    9.409    150M    15M       0.0       0.0
  L3    406/0     20.67 GB   0.1      0.0     0.0      0.0       0.0       0.0      0.0      20.7   0.0      0.0      0.0      0.00              0.00         0    0.000       0      0       0.0       0.0
 Sum   1312/168   73.17 GB   0.0    669.5   156.4    513.1     742.6     742.6    229.6      34.3   7.6     45.4     50.4  15092.56           2439.06      2971    5.080    780M    24M       0.0       0.0
 Int      0/0      0.00 KB   0.0      0.0     0.0      0.0       0.2       0.2      0.2       0.0   1.0      0.0      7.4     34.09              0.46         4    8.523    249K      0       0.0       0.0

** Compaction Stats [default] **
Priority    Files   Size     Score Read(GB)  Rn(GB) Rnp1(GB) Write(GB) WPreComp(GB) Wnew(GB) Moved(GB) W-Amp Rd(MB/s) Wr(MB/s) Comp(sec) CompMergeCPU(sec) Comp(cnt) Avg(sec) KeyIn KeyDrop Rblob(GB) Wblob(GB)
----------------------------------------------------------------------------------------------------------------------------------------------------------------------------------------------------------------
 Low      0/0      0.00 KB   0.0    669.5   156.4    513.1     645.2     645.2    132.2       0.0   0.0     56.5     54.5  12130.33           2267.98      1373    8.835    681M    24M       0.0       0.0
High      0/0      0.00 KB   0.0      0.0     0.0      0.0      97.4      97.4     97.4       0.0   0.0      0.0     33.7   2962.24            171.08      1598    1.854     99M      0       0.0       0.0

Blob file count: 0, total size: 0.0 GB, garbage size: 0.0 GB, space amp: 0.0

Uptime(secs): 2246.2 total, 19.9 interval
Flush(GB): cumulative 97.403, interval 0.245
AddFile(GB): cumulative 0.000, interval 0.000
AddFile(Total Files): cumulative 0, interval 0
AddFile(L0 Files): cumulative 0, interval 0
AddFile(Keys): cumulative 0, interval 0
Cumulative compaction: 742.64 GB write, 338.55 MB/s write, 669.47 GB read, 305.19 MB/s read, 15092.6 seconds
Interval compaction: 0.24 GB write, 12.62 MB/s write, 0.00 GB read, 0.00 MB/s read, 34.1 seconds
Estimated pending compaction bytes: 64901496425
Write Stall (count): cf-l0-file-count-limit-delays-with-ongoing-compaction: 93, cf-l0-file-count-limit-stops-with-ongoing-compaction: 0, l0-file-count-limit-delays: 93, l0-file-count-limit-stops: 0, memtable-limit-delays: 0, memtable-limit-stops: 1304, pending-compaction-bytes-delays: 39, pending-compaction-bytes-stops: 0, total-delays: 132, total-stops: 1304
interval: 2 total count
Block cache AutoHyperClockCache@0x6043b84412d0#2239720 capacity: 512.00 MB seed: 1 usage: 18.04 MB table_size: 8203 occupancy: 4282 collections: 13 last_copies: 1 last_secs: 0.000702 secs_since: 80
Block cache entry stats(count,size,portion): Misc(4276,17.52 MB,3.4211%)

** File Read Latency Histogram By Level [default] **
** Level 0 read latency histogram (micros):
Count: 48005061 Average: 3.3459  StdDev: 1424.93
Min: 0  Median: 0.8774  Max: 3332460
Percentiles: P50: 0.88 P75: 1.50 P99: 3.21 P99.9: 5.50 P99.99: 6.57
------------------------------------------------------
[       0,       1 ] 27355956  56.986%  56.986% ###########
(       1,       2 ] 17384345  36.214%  93.199% #######
(       2,       3 ]  2695519   5.615%  98.814% #
(       3,       4 ]   416635   0.868%  99.682% 
(       4,       6 ]   139737   0.291%  99.973% 
(       6,      10 ]    56306   0.117% 100.090% 
(      10,      15 ]    23020   0.048% 100.138% 
(      15,      22 ]    14028   0.029% 100.168% 
(      22,      34 ]      884   0.002% 100.170% 
(      34,      51 ]      134   0.000% 100.170% 
(      51,      76 ]      575   0.001% 100.171% 
(      76,     110 ]     1138   0.002% 100.173% 
(     110,     170 ]       53   0.000% 100.173% 
(     170,     250 ]       35   0.000% 100.174% 
(     250,     380 ]      131   0.000% 100.174% 
(     380,     580 ]       26   0.000% 100.174% 
(     580,     870 ]       55   0.000% 100.174% 
(     870,    1300 ]      121   0.000% 100.174% 
(    1300,    1900 ]       65   0.000% 100.174% 
(    1900,    2900 ]       28   0.000% 100.174% 
(    2900,    4400 ]        9   0.000% 100.174% 
(    4400,    6600 ]       11   0.000% 100.174% 
(    6600,    9900 ]       10   0.000% 100.174% 
(    9900,   14000 ]        4   0.000% 100.174% 
(   14000,   22000 ]       15   0.000% 100.175% 
(   22000,   33000 ]       36   0.000% 100.175% 
(   33000,   50000 ]       52   0.000% 100.175% 
(   50000,   75000 ]       91   0.000% 100.175% 
(   75000,  110000 ]      131   0.000% 100.175% 
(  110000,  170000 ]       94   0.000% 100.175% 
(  170000,  250000 ]       29   0.000% 100.175% 
(  250000,  380000 ]        8   0.000% 100.175% 
(  380000,  570000 ]        5   0.000% 100.175% 
(  570000,  860000 ]        5   0.000% 100.175% 
(  860000, 1200000 ]        5   0.000% 100.175% 
( 1200000, 1900000 ]        7   0.000% 100.175% 
( 1900000, 2900000 ]        4   0.000% 100.175% 
( 2900000, 4300000 ]        5   0.000% 100.176% 

** Level 1 read latency histogram (micros):
Count: 102853714 Average: 2.6101  StdDev: 531.28
Min: 0  Median: 0.8125  Max: 3116334
Percentiles: P50: 0.81 P75: 1.44 P99: 3.28 P99.9: 4.67 P99.99: 5.08
------------------------------------------------------
[       0,       1 ] 63293771  61.538%  61.538% ############
(       1,       2 ] 31602002  30.725%  92.263% ######
(       2,       3 ]  6627574   6.444%  98.707% #
(       3,       4 ]  1077187   1.047%  99.754% 
(       4,       6 ]   449577   0.437% 100.191% 
(       6,      10 ]   186662   0.181% 100.372% 
(      10,      15 ]    56715   0.055% 100.428% 
(      15,      22 ]    39710   0.039% 100.466% 
(      22,      34 ]     3464   0.003% 100.470% 
(      34,      51 ]     1182   0.001% 100.471% 
(      51,      76 ]     3057   0.003% 100.474% 
(      76,     110 ]     3529   0.003% 100.477% 
(     110,     170 ]     4198   0.004% 100.481% 
(     170,     250 ]     4047   0.004% 100.485% 
(     250,     380 ]     4947   0.005% 100.490% 
(     380,     580 ]     5276   0.005% 100.495% 
(     580,     870 ]     5329   0.005% 100.500% 
(     870,    1300 ]     4013   0.004% 100.504% 
(    1300,    1900 ]     3658   0.004% 100.508% 
(    1900,    2900 ]     2893   0.003% 100.511% 
(    2900,    4400 ]     1515   0.001% 100.512% 
(    4400,    6600 ]      767   0.001% 100.513% 
(    6600,    9900 ]      223   0.000% 100.513% 
(    9900,   14000 ]      121   0.000% 100.513% 
(   14000,   22000 ]      135   0.000% 100.513% 
(   22000,   33000 ]      130   0.000% 100.513% 
(   33000,   50000 ]      121   0.000% 100.513% 
(   50000,   75000 ]      158   0.000% 100.514% 
(   75000,  110000 ]      119   0.000% 100.514% 
(  110000,  170000 ]      108   0.000% 100.514% 
(  170000,  250000 ]       68   0.000% 100.514% 
(  250000,  380000 ]       25   0.000% 100.514% 
(  380000,  570000 ]        2   0.000% 100.514% 
(  860000, 1200000 ]        1   0.000% 100.514% 
( 2900000, 4300000 ]        2   0.000% 100.514% 

** Level 2 read latency histogram (micros):
Count: 18356283 Average: 164.5412  StdDev: 5476.00
Min: 0  Median: 1.4909  Max: 5242826
Percentiles: P50: 1.49 P75: 2.13 P99: 1258.91 P99.9: 2608.45 P99.99: 2815.84
------------------------------------------------------
[       0,       1 ]  5097328  27.769%  27.769% ######
(       1,       2 ]  8312230  45.283%  73.052% #########
(       2,       3 ]  2757109  15.020%  88.072% ###
(       3,       4 ]   710152   3.869%  91.940% #
(       4,       6 ]   226317   1.233%  93.173% 
(       6,      10 ]    35199   0.192%  93.365% 
(      10,      15 ]    22369   0.122%  93.487% 
(      15,      22 ]    12658   0.069%  93.556% 
(      22,      34 ]     7220   0.039%  93.595% 
(      34,      51 ]    20469   0.112%  93.707% 
(      51,      76 ]    46570   0.254%  93.960% 
(      76,     110 ]    29549   0.161%  94.121% 
(     110,     170 ]   127282   0.693%  94.815% 
(     170,     250 ]   153239   0.835%  95.649% 
(     250,     380 ]   183911   1.002%  96.651% 
(     380,     580 ]   174563   0.951%  97.602% 
(     580,     870 ]   153482   0.836%  98.438% 
(     870,    1300 ]   113963   0.621%  99.059% 
(    1300,    1900 ]    97884   0.533%  99.593% 
(    1900,    2900 ]    79657   0.434% 100.027% 
(    2900,    4400 ]    41062   0.224% 100.250% 
(    4400,    6600 ]    21478   0.117% 100.367% 
(    6600,    9900 ]     7111   0.039% 100.406% 
(    9900,   14000 ]     2960   0.016% 100.422% 
(   14000,   22000 ]     3424   0.019% 100.441% 
(   22000,   33000 ]     2938   0.016% 100.457% 
(   33000,   50000 ]     3358   0.018% 100.475% 
(   50000,   75000 ]     3579   0.019% 100.495% 
(   75000,  110000 ]     3353   0.018% 100.513% 
(  110000,  170000 ]     3177   0.017% 100.530% 
(  170000,  250000 ]     1480   0.008% 100.538% 
(  250000,  380000 ]      495   0.003% 100.541% 
(  380000,  570000 ]       89   0.000% 100.541% 
(  570000,  860000 ]       25   0.000% 100.541% 
(  860000, 1200000 ]       34   0.000% 100.542% 
( 1200000, 1900000 ]       37   0.000% 100.542% 
( 1900000, 2900000 ]        6   0.000% 100.542% 
( 2900000, 4300000 ]       10   0.000% 100.542% 
( 4300000, 6500000 ]        1   0.000% 100.542% 


** DB Stats **
Uptime(secs): 2246.2 total, 19.9 interval
Cumulative writes: 99M writes, 99M keys, 12M commit groups, 7.7 writes per commit group, ingest: 96.52 GB, 44.00 MB/s
Cumulative WAL: 99M writes, 0 syncs, 99123867.00 writes per sync, written: 96.52 GB, 44.00 MB/s
Cumulative stall: 00:31:43.180 H:M:S, 84.7 percent
Interval writes: 256K writes, 256K keys, 32K commit groups, 8.0 writes per commit group, ingest: 255.57 MB, 12.87 MB/s
Interval WAL: 256K writes, 0 syncs, 256314.00 writes per sync, written: 0.25 GB, 12.87 MB/s
Interval stall: 00:00:26.262 H:M:S, 132.2 percent
Write Stall (count): write-buffer-manager-limit-stops: 0
num-running-compactions: 2
num-running-flushes: 0

2026/08/31-10:11:33  ... thread 15: (47000,6196000) ops and (1387.5,2758.4) ops/second in (33.872721,2246.246287) seconds
2026/08/31-10:11:33  ... thread 1: (47000,6196000) ops and (1387.3,2758.4) ops/second in (33.878271,2246.246859) seconds
2026/08/31-10:11:33  ... thread 12: (47000,6195000) ops and (1387.4,2757.9) ops/second in (33.876092,2246.247839) seconds
2026/08/31-10:11:33  ... thread 8: (47000,6197000) ops and (1387.2,2758.8) ops/second in (33.882247,2246.248181) seconds
2026/08/31-10:11:52  ... thread 9: (27000,6205000) ops and (719.4,2739.5) ops/second in (37.532390,2264.997134) seconds
2026/08/31-10:11:52  ... thread 6: (27000,6203000) ops and (719.3,2738.6) ops/second in (37.534303,2265.000711) seconds
2026/08/31-10:11:53  ... thread 4: (27000,6204000) ops and (711.3,2738.6) ops/second in (37.957530,2265.428818) seconds
2026/08/31-10:11:53  ... thread 13: (27000,6206000) ops and (710.3,2739.4) ops/second in (38.011265,2265.484670) seconds
2026/08/31-10:11:53  ... thread 7: (27000,6208000) ops and (698.3,2739.5) ops/second in (38.662604,2266.140976) seconds
2026/08/31-10:11:53  ... thread 2: (27000,6208000) ops and (698.3,2739.5) ops/second in (38.666205,2266.142109) seconds
2026/08/31-10:11:57  ... thread 14: (21000,6210000) ops and (658.9,2735.5) ops/second in (31.870864,2270.128445) seconds
2026/08/31-10:12:11  ... thread 5: (19000,6216000) ops and (499.2,2721.2) ops/second in (38.058400,2284.287117) seconds
2026/08/31-10:12:12  ... thread 15: (20000,6216000) ops and (520.2,2720.7) ops/second in (38.450189,2284.696476) seconds
2026/08/31-10:12:12  ... thread 3: (19000,6214000) ops and (493.9,2719.8) ops/second in (38.472480,2284.702783) seconds
2026/08/31-10:12:12  ... thread 0: (19000,6212000) ops and (493.8,2718.9) ops/second in (38.474177,2284.708000) seconds

** Compaction Stats [default] **
Level    Files   Size     Score Read(GB)  Rn(GB) Rnp1(GB) Write(GB) WPreComp(GB) Wnew(GB) Moved(GB) W-Amp Rd(MB/s) Wr(MB/s) Comp(sec) CompMergeCPU(sec) Comp(cnt) Avg(sec) KeyIn KeyDrop Rblob(GB) Wblob(GB)
-------------------------------------------------------------------------------------------------------------------------------------------------------------------------------------------------------------
  L0     17/12     3.72 GB   2.5     94.8     0.0     94.8     192.4     192.4     97.6       0.0   2.0     20.5     41.6   4736.32            425.85      1963    2.413    195M   109K       0.0       0.0
  L1    152/152    9.15 GB   0.0    427.7    93.9    333.8     419.2     419.2     85.3       0.0   4.5    321.1    314.7   1364.08           1297.53        48   28.418    435M  8665K       0.0       0.0
  L2    736/0     39.94 GB   1.0    147.4    62.5     84.9     131.8     131.8     46.9      13.7   2.1     16.6     14.8   9098.31            717.59       967    9.409    150M    15M       0.0       0.0
  L3    406/0     20.67 GB   0.1      0.0     0.0      0.0       0.0       0.0      0.0      20.7   0.0      0.0      0.0      0.00              0.00         0    0.000       0      0       0.0       0.0
 Sum   1311/164   73.47 GB   0.0    670.0   156.4    513.6     743.4     743.4    229.9      34.3   7.6     45.1     50.1  15198.71           2440.97      2978    5.104    781M    24M       0.0       0.0
 Int      0/0      0.00 KB   0.0      0.5     0.0      0.5       1.0       1.0      0.5       0.0   1.9      3.6      7.6    140.23              2.36        11   12.748   1057K    426       0.0       0.0

** Compaction Stats [default] **
Priority    Files   Size     Score Read(GB)  Rn(GB) Rnp1(GB) Write(GB) WPreComp(GB) Wnew(GB) Moved(GB) W-Amp Rd(MB/s) Wr(MB/s) Comp(sec) CompMergeCPU(sec) Comp(cnt) Avg(sec) KeyIn KeyDrop Rblob(GB) Wblob(GB)
----------------------------------------------------------------------------------------------------------------------------------------------------------------------------------------------------------------
 Low      0/0      0.00 KB   0.0    670.0   156.4    513.6     645.7     645.7    132.2       0.0   0.0     56.3     54.3  12182.56           2269.31      1375    8.860    681M    24M       0.0       0.0
High      0/0      0.00 KB   0.0      0.0     0.0      0.0      97.7      97.7     97.7       0.0   0.0      0.0     33.2   3016.15            171.66      1603    1.882     99M      0       0.0       0.0

Blob file count: 0, total size: 0.0 GB, garbage size: 0.0 GB, space amp: 0.0

Uptime(secs): 2284.7 total, 58.3 interval
Flush(GB): cumulative 97.708, interval 0.550
AddFile(GB): cumulative 0.000, interval 0.000
AddFile(Total Files): cumulative 0, interval 0
AddFile(L0 Files): cumulative 0, interval 0
AddFile(Keys): cumulative 0, interval 0
Cumulative compaction: 743.43 GB write, 333.20 MB/s write, 669.96 GB read, 300.27 MB/s read, 15198.7 seconds
Interval compaction: 1.04 GB write, 18.24 MB/s write, 0.49 GB read, 8.59 MB/s read, 140.2 seconds
Estimated pending compaction bytes: 66321898387
Write Stall (count): cf-l0-file-count-limit-delays-with-ongoing-compaction: 96, cf-l0-file-count-limit-stops-with-ongoing-compaction: 0, l0-file-count-limit-delays: 96, l0-file-count-limit-stops: 0, memtable-limit-delays: 0, memtable-limit-stops: 1307, pending-compaction-bytes-delays: 39, pending-compaction-bytes-stops: 0, total-delays: 135, total-stops: 1307
interval: 8 total count
Block cache AutoHyperClockCache@0x6043b84412d0#2239720 capacity: 512.00 MB seed: 1 usage: 18.04 MB table_size: 8203 occupancy: 4282 collections: 13 last_copies: 1 last_secs: 0.000702 secs_since: 119
Block cache entry stats(count,size,portion): Misc(4276,17.52 MB,3.4211%)

** File Read Latency Histogram By Level [default] **
** Level 0 read latency histogram (micros):
Count: 48433799 Average: 3.3567  StdDev: 1421.10
Min: 0  Median: 0.8778  Max: 3332460
Percentiles: P50: 0.88 P75: 1.50 P99: 3.22 P99.9: 5.51 P99.99: 6.61
------------------------------------------------------
[       0,       1 ] 27586688  56.958%  56.958% ###########
(       1,       2 ] 17547469  36.230%  93.187% #######
(       2,       3 ]  2723536   5.623%  98.811% #
(       3,       4 ]   421349   0.870%  99.680% 
(       4,       6 ]   141241   0.292%  99.972% 
(       6,      10 ]    56875   0.117% 100.090% 
(      10,      15 ]    23305   0.048% 100.138% 
(      15,      22 ]    14201   0.029% 100.167% 
(      22,      34 ]      891   0.002% 100.169% 
(      34,      51 ]      135   0.000% 100.169% 
(      51,      76 ]      577   0.001% 100.170% 
(      76,     110 ]     1141   0.002% 100.173% 
(     110,     170 ]       53   0.000% 100.173% 
(     170,     250 ]       35   0.000% 100.173% 
(     250,     380 ]      133   0.000% 100.173% 
(     380,     580 ]       26   0.000% 100.173% 
(     580,     870 ]       55   0.000% 100.173% 
(     870,    1300 ]      121   0.000% 100.173% 
(    1300,    1900 ]       65   0.000% 100.174% 
(    1900,    2900 ]       28   0.000% 100.174% 
(    2900,    4400 ]        9   0.000% 100.174% 
(    4400,    6600 ]       11   0.000% 100.174% 
(    6600,    9900 ]       10   0.000% 100.174% 
(    9900,   14000 ]        4   0.000% 100.174% 
(   14000,   22000 ]       15   0.000% 100.174% 
(   22000,   33000 ]       36   0.000% 100.174% 
(   33000,   50000 ]       52   0.000% 100.174% 
(   50000,   75000 ]       91   0.000% 100.174% 
(   75000,  110000 ]      133   0.000% 100.174% 
(  110000,  170000 ]       94   0.000% 100.175% 
(  170000,  250000 ]       32   0.000% 100.175% 
(  250000,  380000 ]        8   0.000% 100.175% 
(  380000,  570000 ]        6   0.000% 100.175% 
(  570000,  860000 ]        5   0.000% 100.175% 
(  860000, 1200000 ]        5   0.000% 100.175% 
( 1200000, 1900000 ]        7   0.000% 100.175% 
( 1900000, 2900000 ]        4   0.000% 100.175% 
( 2900000, 4300000 ]        5   0.000% 100.175% 

** Level 1 read latency histogram (micros):
Count: 103931375 Average: 2.5967  StdDev: 528.52
Min: 0  Median: 0.8108  Max: 3116334
Percentiles: P50: 0.81 P75: 1.44 P99: 3.27 P99.9: 4.67 P99.99: 5.08
------------------------------------------------------
[       0,       1 ] 64088015  61.664%  61.664% ############
(       1,       2 ] 31839739  30.635%  92.299% ######
(       2,       3 ]  6668664   6.416%  98.716% #
(       3,       4 ]  1080648   1.040%  99.755% 
(       4,       6 ]   450726   0.434% 100.189% 
(       6,      10 ]   187650   0.181% 100.370% 
(      10,      15 ]    57175   0.055% 100.425% 
(      15,      22 ]    40019   0.039% 100.463% 
(      22,      34 ]     3484   0.003% 100.466% 
(      34,      51 ]     1185   0.001% 100.468% 
(      51,      76 ]     3058   0.003% 100.470% 
(      76,     110 ]     3532   0.003% 100.474% 
(     110,     170 ]     4198   0.004% 100.478% 
(     170,     250 ]     4048   0.004% 100.482% 
(     250,     380 ]     4947   0.005% 100.487% 
(     380,     580 ]     5276   0.005% 100.492% 
(     580,     870 ]     5329   0.005% 100.497% 
(     870,    1300 ]     4013   0.004% 100.501% 
(    1300,    1900 ]     3658   0.004% 100.504% 
(    1900,    2900 ]     2893   0.003% 100.507% 
(    2900,    4400 ]     1515   0.001% 100.508% 
(    4400,    6600 ]      767   0.001% 100.509% 
(    6600,    9900 ]      223   0.000% 100.509% 
(    9900,   14000 ]      121   0.000% 100.509% 
(   14000,   22000 ]      135   0.000% 100.510% 
(   22000,   33000 ]      130   0.000% 100.510% 
(   33000,   50000 ]      121   0.000% 100.510% 
(   50000,   75000 ]      158   0.000% 100.510% 
(   75000,  110000 ]      119   0.000% 100.510% 
(  110000,  170000 ]      108   0.000% 100.510% 
(  170000,  250000 ]       68   0.000% 100.510% 
(  250000,  380000 ]       25   0.000% 100.510% 
(  380000,  570000 ]        2   0.000% 100.510% 
(  860000, 1200000 ]        1   0.000% 100.510% 
( 2900000, 4300000 ]        2   0.000% 100.510% 

** Level 2 read latency histogram (micros):
Count: 18356283 Average: 164.5412  StdDev: 5476.00
Min: 0  Median: 1.4909  Max: 5242826
Percentiles: P50: 1.49 P75: 2.13 P99: 1258.91 P99.9: 2608.45 P99.99: 2815.84
------------------------------------------------------
[       0,       1 ]  5097328  27.769%  27.769% ######
(       1,       2 ]  8312230  45.283%  73.052% #########
(       2,       3 ]  2757109  15.020%  88.072% ###
(       3,       4 ]   710152   3.869%  91.940% #
(       4,       6 ]   226317   1.233%  93.173% 
(       6,      10 ]    35199   0.192%  93.365% 
(      10,      15 ]    22369   0.122%  93.487% 
(      15,      22 ]    12658   0.069%  93.556% 
(      22,      34 ]     7220   0.039%  93.595% 
(      34,      51 ]    20469   0.112%  93.707% 
(      51,      76 ]    46570   0.254%  93.960% 
(      76,     110 ]    29549   0.161%  94.121% 
(     110,     170 ]   127282   0.693%  94.815% 
(     170,     250 ]   153239   0.835%  95.649% 
(     250,     380 ]   183911   1.002%  96.651% 
(     380,     580 ]   174563   0.951%  97.602% 
(     580,     870 ]   153482   0.836%  98.438% 
(     870,    1300 ]   113963   0.621%  99.059% 
(    1300,    1900 ]    97884   0.533%  99.593% 
(    1900,    2900 ]    79657   0.434% 100.027% 
(    2900,    4400 ]    41062   0.224% 100.250% 
(    4400,    6600 ]    21478   0.117% 100.367% 
(    6600,    9900 ]     7111   0.039% 100.406% 
(    9900,   14000 ]     2960   0.016% 100.422% 
(   14000,   22000 ]     3424   0.019% 100.441% 
(   22000,   33000 ]     2938   0.016% 100.457% 
(   33000,   50000 ]     3358   0.018% 100.475% 
(   50000,   75000 ]     3579   0.019% 100.495% 
(   75000,  110000 ]     3353   0.018% 100.513% 
(  110000,  170000 ]     3177   0.017% 100.530% 
(  170000,  250000 ]     1480   0.008% 100.538% 
(  250000,  380000 ]      495   0.003% 100.541% 
(  380000,  570000 ]       89   0.000% 100.541% 
(  570000,  860000 ]       25   0.000% 100.541% 
(  860000, 1200000 ]       34   0.000% 100.542% 
( 1200000, 1900000 ]       37   0.000% 100.542% 
( 1900000, 2900000 ]        6   0.000% 100.542% 
( 2900000, 4300000 ]       10   0.000% 100.542% 
( 4300000, 6500000 ]        1   0.000% 100.542% 


** DB Stats **
Uptime(secs): 2284.7 total, 38.5 interval
Cumulative writes: 99M writes, 99M keys, 12M commit groups, 7.7 writes per commit group, ingest: 96.82 GB, 43.40 MB/s
Cumulative WAL: 99M writes, 0 syncs, 99433504.00 writes per sync, written: 96.82 GB, 43.40 MB/s
Cumulative stall: 00:32:17.735 H:M:S, 84.8 percent
Interval writes: 309K writes, 309K keys, 43K commit groups, 7.2 writes per commit group, ingest: 308.77 MB, 8.03 MB/s
Interval WAL: 309K writes, 0 syncs, 309637.00 writes per sync, written: 0.30 GB, 8.03 MB/s
Interval stall: 00:00:34.555 H:M:S, 89.8 percent
Write Stall (count): write-buffer-manager-limit-stops: 0
num-running-compactions: 1
num-running-flushes: 0

2026/08/31-10:12:12  ... thread 8: (19000,6216000) ops and (493.9,2720.7) ops/second in (38.467915,2284.716096) seconds
2026/08/31-10:12:12  ... thread 1: (19000,6215000) ops and (493.8,2720.2) ops/second in (38.474529,2284.721388) seconds
2026/08/31-10:12:12  ... thread 10: (20000,6218000) ops and (519.4,2721.6) ops/second in (38.503670,2284.722175) seconds
2026/08/31-10:12:12  ... thread 11: (20000,6217000) ops and (519.4,2721.1) ops/second in (38.503319,2284.722441) seconds
2026/08/31-10:12:12  ... thread 12: (19000,6214000) ops and (493.8,2719.8) ops/second in (38.476400,2284.724239) seconds
2026/08/31-10:12:27  ... thread 7: (24000,6232000) ops and (701.6,2709.2) ops/second in (34.206845,2300.347821) seconds
2026/08/31-10:12:28  ... thread 6: (23000,6226000) ops and (647.8,2706.4) ops/second in (35.503915,2300.504626) seconds
2026/08/31-10:12:28  ... thread 9: (23000,6228000) ops and (647.7,2707.2) ops/second in (35.507972,2300.505106) seconds
2026/08/31-10:12:28  ... thread 14: (22000,6232000) ops and (724.1,2709.0) ops/second in (30.383736,2300.512181) seconds
2026/08/31-10:12:28  ... thread 13: (23000,6229000) ops and (656.6,2707.7) ops/second in (35.028281,2300.512951) seconds
2026/08/31-10:12:28  ... thread 4: (23000,6227000) ops and (655.5,2706.8) ops/second in (35.085621,2300.514439) seconds
2026/08/31-10:12:28  ... thread 2: (23000,6231000) ops and (669.0,2708.5) ops/second in (34.377684,2300.519793) seconds
2026/08/31-10:12:41  ... thread 5: (93000,6309000) ops and (3098.0,2726.1) ops/second in (30.019172,2314.306289) seconds
2026/08/31-10:12:42  ... thread 15: (102000,6318000) ops and (3399.9,2729.5) ops/second in (30.000999,2314.697475) seconds
2026/08/31-10:12:42  ... thread 0: (103000,6315000) ops and (3432.3,2728.2) ops/second in (30.009410,2314.717410) seconds

** Compaction Stats [default] **
Level    Files   Size     Score Read(GB)  Rn(GB) Rnp1(GB) Write(GB) WPreComp(GB) Wnew(GB) Moved(GB) W-Amp Rd(MB/s) Wr(MB/s) Comp(sec) CompMergeCPU(sec) Comp(cnt) Avg(sec) KeyIn KeyDrop Rblob(GB) Wblob(GB)
-------------------------------------------------------------------------------------------------------------------------------------------------------------------------------------------------------------
  L0     13/4      2.20 GB   4.5     96.2     0.0     96.2     195.3     195.3     99.1       0.0   2.0     20.5     41.6   4805.46            432.63      1993    2.411    198M   110K       0.0       0.0
  L1    161/3      9.90 GB   2.4    439.9    96.9    343.0     431.0     431.0     88.1       0.0   4.4    311.7    305.4   1445.12           1332.76        49   29.492    447M  8982K       0.0       0.0
  L2    732/9     40.38 GB   1.0    150.8    63.8     87.0     134.9     134.9     47.8      14.3   2.1     16.7     14.9   9245.19            735.11       988    9.357    153M    16M       0.0       0.0
  L3    430/0     21.80 GB   0.1      0.0     0.0      0.0       0.0       0.0      0.0      21.8   0.0      0.0      0.0      0.00              0.00         0    0.000       0      0       0.0       0.0
 Sum   1336/16    74.27 GB   0.0    686.9   160.7    526.2     761.2     761.2    235.0      36.1   7.7     45.4     50.3  15495.77           2500.50      3030    5.114    800M    25M       0.0       0.0
 Int      0/0      0.00 KB   0.0     17.0     4.3     12.6      17.8      17.8      5.1       1.8  11.6     58.5     61.3    297.06             59.53        52    5.713     18M   740K       0.0       0.0

** Compaction Stats [default] **
Priority    Files   Size     Score Read(GB)  Rn(GB) Rnp1(GB) Write(GB) WPreComp(GB) Wnew(GB) Moved(GB) W-Amp Rd(MB/s) Wr(MB/s) Comp(sec) CompMergeCPU(sec) Comp(cnt) Avg(sec) KeyIn KeyDrop Rblob(GB) Wblob(GB)
----------------------------------------------------------------------------------------------------------------------------------------------------------------------------------------------------------------
 Low      0/0      0.00 KB   0.0    686.9   160.7    526.2     662.0     662.0    135.8       0.0   0.0     56.6     54.5  12431.79           2326.14      1402    8.867    699M    25M       0.0       0.0
High      0/0      0.00 KB   0.0      0.0     0.0      0.0      99.2      99.2     99.2       0.0   0.0      0.0     33.2   3063.98            174.36      1628    1.882    100M      0       0.0       0.0

Blob file count: 0, total size: 0.0 GB, garbage size: 0.0 GB, space amp: 0.0

Uptime(secs): 2314.7 total, 24.2 interval
Flush(GB): cumulative 99.234, interval 1.526
AddFile(GB): cumulative 0.000, interval 0.000
AddFile(Total Files): cumulative 0, interval 0
AddFile(L0 Files): cumulative 0, interval 0
AddFile(Keys): cumulative 0, interval 0
Cumulative compaction: 761.21 GB write, 336.75 MB/s write, 686.94 GB read, 303.89 MB/s read, 15495.8 seconds
Interval compaction: 17.78 GB write, 753.02 MB/s write, 16.98 GB read, 719.25 MB/s read, 297.1 seconds
Estimated pending compaction bytes: 63886204167
Write Stall (count): cf-l0-file-count-limit-delays-with-ongoing-compaction: 98, cf-l0-file-count-limit-stops-with-ongoing-compaction: 0, l0-file-count-limit-delays: 98, l0-file-count-limit-stops: 0, memtable-limit-delays: 0, memtable-limit-stops: 1326, pending-compaction-bytes-delays: 39, pending-compaction-bytes-stops: 0, total-delays: 137, total-stops: 1326
interval: 20 total count
Block cache AutoHyperClockCache@0x6043b84412d0#2239720 capacity: 512.00 MB seed: 1 usage: 18.04 MB table_size: 8203 occupancy: 4282 collections: 13 last_copies: 2 last_secs: 0.000702 secs_since: 149
Block cache entry stats(count,size,portion): Misc(4276,17.52 MB,3.4211%)

** File Read Latency Histogram By Level [default] **
** Level 0 read latency histogram (micros):
Count: 48977105 Average: 3.3546  StdDev: 1413.80
Min: 0  Median: 0.8782  Max: 3332460
Percentiles: P50: 0.88 P75: 1.50 P99: 3.22 P99.9: 5.51 P99.99: 6.65
------------------------------------------------------
[       0,       1 ] 27883703  56.932%  56.932% ###########
(       1,       2 ] 17759654  36.261%  93.193% #######
(       2,       3 ]  2751968   5.619%  98.812% #
(       3,       4 ]   425153   0.868%  99.680% 
(       4,       6 ]   142438   0.291%  99.971% 
(       6,      10 ]    57452   0.117% 100.088% 
(      10,      15 ]    23496   0.048% 100.136% 
(      15,      22 ]    14316   0.029% 100.166% 
(      22,      34 ]      899   0.002% 100.167% 
(      34,      51 ]      137   0.000% 100.168% 
(      51,      76 ]      583   0.001% 100.169% 
(      76,     110 ]     1163   0.002% 100.171% 
(     110,     170 ]       54   0.000% 100.171% 
(     170,     250 ]       37   0.000% 100.171% 
(     250,     380 ]      134   0.000% 100.172% 
(     380,     580 ]       28   0.000% 100.172% 
(     580,     870 ]       55   0.000% 100.172% 
(     870,    1300 ]      121   0.000% 100.172% 
(    1300,    1900 ]       65   0.000% 100.172% 
(    1900,    2900 ]       28   0.000% 100.172% 
(    2900,    4400 ]        9   0.000% 100.172% 
(    4400,    6600 ]       11   0.000% 100.172% 
(    6600,    9900 ]       10   0.000% 100.172% 
(    9900,   14000 ]        4   0.000% 100.172% 
(   14000,   22000 ]       15   0.000% 100.172% 
(   22000,   33000 ]       36   0.000% 100.172% 
(   33000,   50000 ]       53   0.000% 100.173% 
(   50000,   75000 ]       93   0.000% 100.173% 
(   75000,  110000 ]      137   0.000% 100.173% 
(  110000,  170000 ]       97   0.000% 100.173% 
(  170000,  250000 ]       32   0.000% 100.173% 
(  250000,  380000 ]        8   0.000% 100.173% 
(  380000,  570000 ]        6   0.000% 100.173% 
(  570000,  860000 ]        5   0.000% 100.173% 
(  860000, 1200000 ]        5   0.000% 100.173% 
( 1200000, 1900000 ]        7   0.000% 100.173% 
( 1900000, 2900000 ]        4   0.000% 100.173% 
( 2900000, 4300000 ]        5   0.000% 100.173% 

** Level 1 read latency histogram (micros):
Count: 104795871 Average: 2.6772  StdDev: 530.85
Min: 0  Median: 0.8127  Max: 3116334
Percentiles: P50: 0.81 P75: 1.44 P99: 3.30 P99.9: 4.73 P99.99: 5.14
------------------------------------------------------
[       0,       1 ] 64471952  61.521%  61.521% ############
(       1,       2 ] 32173640  30.701%  92.223% ######
(       2,       3 ]  6777024   6.467%  98.690% #
(       3,       4 ]  1101247   1.051%  99.740% 
(       4,       6 ]   459477   0.438% 100.179% 
(       6,      10 ]   190553   0.182% 100.361% 
(      10,      15 ]    57953   0.055% 100.416% 
(      15,      22 ]    40545   0.039% 100.455% 
(      22,      34 ]     3583   0.003% 100.458% 
(      34,      51 ]     1477   0.001% 100.460% 
(      51,      76 ]     3512   0.003% 100.463% 
(      76,     110 ]     3876   0.004% 100.467% 
(     110,     170 ]     5163   0.005% 100.472% 
(     170,     250 ]     5169   0.005% 100.476% 
(     250,     380 ]     5913   0.006% 100.482% 
(     380,     580 ]     5968   0.006% 100.488% 
(     580,     870 ]     5861   0.006% 100.493% 
(     870,    1300 ]     4453   0.004% 100.498% 
(    1300,    1900 ]     4089   0.004% 100.502% 
(    1900,    2900 ]     3247   0.003% 100.505% 
(    2900,    4400 ]     1686   0.002% 100.506% 
(    4400,    6600 ]      848   0.001% 100.507% 
(    6600,    9900 ]      244   0.000% 100.507% 
(    9900,   14000 ]      128   0.000% 100.507% 
(   14000,   22000 ]      144   0.000% 100.508% 
(   22000,   33000 ]      141   0.000% 100.508% 
(   33000,   50000 ]      131   0.000% 100.508% 
(   50000,   75000 ]      171   0.000% 100.508% 
(   75000,  110000 ]      131   0.000% 100.508% 
(  110000,  170000 ]      116   0.000% 100.508% 
(  170000,  250000 ]       70   0.000% 100.508% 
(  250000,  380000 ]       26   0.000% 100.508% 
(  380000,  570000 ]        2   0.000% 100.508% 
(  860000, 1200000 ]        1   0.000% 100.508% 
( 2900000, 4300000 ]        2   0.000% 100.508% 

** Level 2 read latency histogram (micros):
Count: 18881255 Average: 163.6077  StdDev: 5439.65
Min: 0  Median: 1.4909  Max: 5242826
Percentiles: P50: 1.49 P75: 2.13 P99: 1258.44 P99.9: 2607.82 P99.99: 2815.65
------------------------------------------------------
[       0,       1 ]  5241546  27.761%  27.761% ######
(       1,       2 ]  8553034  45.299%  73.060% #########
(       2,       3 ]  2831023  14.994%  88.053% ###
(       3,       4 ]   728095   3.856%  91.910% #
(       4,       6 ]   232015   1.229%  93.138% 
(       6,      10 ]    36148   0.191%  93.330% 
(      10,      15 ]    22953   0.122%  93.451% 
(      15,      22 ]    12970   0.069%  93.520% 
(      22,      34 ]     7691   0.041%  93.561% 
(      34,      51 ]    21943   0.116%  93.677% 
(      51,      76 ]    49010   0.260%  93.937% 
(      76,     110 ]    30958   0.164%  94.101% 
(     110,     170 ]   132803   0.703%  94.804% 
(     170,     250 ]   159956   0.847%  95.651% 
(     250,     380 ]   190356   1.008%  96.659% 
(     380,     580 ]   179210   0.949%  97.609% 
(     580,     870 ]   157106   0.832%  98.441% 
(     870,    1300 ]   116926   0.619%  99.060% 
(    1300,    1900 ]   100755   0.534%  99.593% 
(    1900,    2900 ]    81766   0.433% 100.027% 
(    2900,    4400 ]    42230   0.224% 100.250% 
(    4400,    6600 ]    21975   0.116% 100.367% 
(    6600,    9900 ]     7248   0.038% 100.405% 
(    9900,   14000 ]     3018   0.016% 100.421% 
(   14000,   22000 ]     3485   0.018% 100.439% 
(   22000,   33000 ]     3005   0.016% 100.455% 
(   33000,   50000 ]     3449   0.018% 100.474% 
(   50000,   75000 ]     3689   0.020% 100.493% 
(   75000,  110000 ]     3425   0.018% 100.511% 
(  110000,  170000 ]     3227   0.017% 100.528% 
(  170000,  250000 ]     1509   0.008% 100.536% 
(  250000,  380000 ]      504   0.003% 100.539% 
(  380000,  570000 ]       90   0.000% 100.539% 
(  570000,  860000 ]       26   0.000% 100.540% 
(  860000, 1200000 ]       34   0.000% 100.540% 
( 1200000, 1900000 ]       37   0.000% 100.540% 
( 1900000, 2900000 ]        7   0.000% 100.540% 
( 2900000, 4300000 ]       10   0.000% 100.540% 
( 4300000, 6500000 ]        1   0.000% 100.540% 


** DB Stats **
Uptime(secs): 2314.7 total, 24.2 interval
Cumulative writes: 101M writes, 101M keys, 13M commit groups, 7.7 writes per commit group, ingest: 98.42 GB, 43.54 MB/s
Cumulative WAL: 101M writes, 0 syncs, 101078657.00 writes per sync, written: 98.42 GB, 43.54 MB/s
Cumulative stall: 00:32:44.518 H:M:S, 84.9 percent
Interval writes: 1527K writes, 1527K keys, 193K commit groups, 7.9 writes per commit group, ingest: 1522.61 MB, 62.98 MB/s
Interval WAL: 1527K writes, 0 syncs, 1527052.00 writes per sync, written: 1.49 GB, 62.98 MB/s
Interval stall: 00:00:26.782 H:M:S, 110.8 percent
Write Stall (count): write-buffer-manager-limit-stops: 0
num-running-compactions: 4
num-running-flushes: 1

2026/08/31-10:12:42  ... thread 3: (103000,6317000) ops and (3431.4,2729.1) ops/second in (30.017149,2314.719932) seconds
2026/08/31-10:12:42  ... thread 8: (103000,6319000) ops and (3432.2,2729.9) ops/second in (30.009512,2314.725608) seconds
2026/08/31-10:12:42  ... thread 10: (103000,6321000) ops and (3432.6,2730.8) ops/second in (30.006555,2314.728730) seconds
2026/08/31-10:12:42  ... thread 11: (103000,6320000) ops and (3432.4,2730.3) ops/second in (30.008338,2314.730779) seconds
2026/08/31-10:12:42  ... thread 1: (103000,6318000) ops and (3432.0,2729.5) ops/second in (30.012010,2314.733398) seconds
2026/08/31-10:12:42  ... thread 12: (103000,6317000) ops and (3432.0,2729.0) ops/second in (30.011529,2314.735768) seconds
2026/08/31-10:12:58  ... thread 9: (128000,6356000) ops and (4168.4,2726.5) ops/second in (30.707320,2331.212426) seconds
2026/08/31-10:12:58  ... thread 14: (128000,6360000) ops and (4169.3,2728.2) ops/second in (30.700705,2331.212886) seconds
2026/08/31-10:12:58  ... thread 4: (128000,6355000) ops and (4168.8,2726.0) ops/second in (30.704488,2331.218927) seconds
2026/08/31-10:12:58  ... thread 2: (128000,6359000) ops and (4168.2,2727.7) ops/second in (30.708453,2331.228246) seconds
2026/08/31-10:12:58  ... thread 13: (128000,6357000) ops and (4165.9,2726.9) ops/second in (30.725537,2331.238488) seconds
2026/08/31-10:12:58  ... thread 7: (129000,6361000) ops and (4175.1,2728.6) ops/second in (30.897343,2331.245164) seconds
2026/08/31-10:12:58  ... thread 6: (129000,6355000) ops and (4196.3,2726.0) ops/second in (30.741036,2331.245662) seconds
2026/08/31-10:13:12  ... thread 5: (68000,6377000) ops and (2236.6,2719.7) ops/second in (30.403290,2344.709579) seconds
2026/08/31-10:13:12  ... thread 3: (58000,6375000) ops and (1933.2,2718.9) ops/second in (30.001659,2344.721591) seconds
2026/08/31-10:13:12  ... thread 15: (59000,6377000) ops and (1964.9,2719.7) ops/second in (30.027467,2344.724942) seconds
2026/08/31-10:13:12  ... thread 8: (58000,6377000) ops and (1933.2,2719.7) ops/second in (30.002408,2344.728016) seconds
2026/08/31-10:13:12  ... thread 11: (58000,6378000) ops and (1933.0,2720.1) ops/second in (30.004434,2344.735213) seconds
2026/08/31-10:13:12  ... thread 1: (58000,6376000) ops and (1933.2,2719.3) ops/second in (30.002694,2344.736092) seconds
2026/08/31-10:13:12  ... thread 12: (58000,6375000) ops and (1933.2,2718.9) ops/second in (30.001874,2344.737642) seconds
2026/08/31-10:13:12  ... thread 0: (59000,6374000) ops and (1965.2,2718.4) ops/second in (30.022616,2344.740026) seconds

** Compaction Stats [default] **
Level    Files   Size     Score Read(GB)  Rn(GB) Rnp1(GB) Write(GB) WPreComp(GB) Wnew(GB) Moved(GB) W-Amp Rd(MB/s) Wr(MB/s) Comp(sec) CompMergeCPU(sec) Comp(cnt) Avg(sec) KeyIn KeyDrop Rblob(GB) Wblob(GB)
-------------------------------------------------------------------------------------------------------------------------------------------------------------------------------------------------------------
  L0     17/13     3.17 GB   2.0     97.2     0.0     97.2     197.3     197.3    100.1       0.0   2.0     20.5     41.5   4863.83            437.08      2013    2.416    200M   111K       0.0       0.0
  L1    158/158    9.65 GB   0.0    439.9    96.9    343.0     431.0     431.0     88.1       0.0   4.4    311.7    305.4   1445.12           1332.76        49   29.492    447M  8982K       0.0       0.0
  L2    722/0     39.92 GB   1.0    151.6    64.1     87.5     135.5     135.5     48.0      14.3   2.1     16.7     15.0   9275.74            738.59       991    9.360    154M    16M       0.0       0.0
  L3    442/0     22.41 GB   0.1      0.0     0.0      0.0       0.0       0.0      0.0      22.4   0.0      0.0      0.0      0.00              0.00         0    0.000       0      0       0.0       0.0
 Sum   1339/171   75.16 GB   0.0    688.6   161.0    527.7     763.8     763.8    236.1      36.8   7.6     45.2     50.2  15584.68           2508.42      3053    5.105    802M    25M       0.0       0.0
 Int      0/0      0.00 KB   0.0     18.7     4.6     14.1      20.4      20.4      6.3       2.4   8.1     49.6     54.0    385.98             67.46        75    5.146     21M   833K       0.0       0.0

** Compaction Stats [default] **
Priority    Files   Size     Score Read(GB)  Rn(GB) Rnp1(GB) Write(GB) WPreComp(GB) Wnew(GB) Moved(GB) W-Amp Rd(MB/s) Wr(MB/s) Comp(sec) CompMergeCPU(sec) Comp(cnt) Avg(sec) KeyIn KeyDrop Rblob(GB) Wblob(GB)
----------------------------------------------------------------------------------------------------------------------------------------------------------------------------------------------------------------
 Low      0/0      0.00 KB   0.0    688.6   161.0    527.7     663.6     663.6    135.9       0.0   0.0     56.5     54.4  12488.56           2332.23      1409    8.863    700M    25M       0.0       0.0
High      0/0      0.00 KB   0.0      0.0     0.0      0.0     100.2     100.2    100.2       0.0   0.0      0.0     33.1   3096.12            176.19      1644    1.883    101M      0       0.0       0.0

Blob file count: 0, total size: 0.0 GB, garbage size: 0.0 GB, space amp: 0.0

Uptime(secs): 2344.7 total, 54.2 interval
Flush(GB): cumulative 100.210, interval 2.502
AddFile(GB): cumulative 0.000, interval 0.000
AddFile(Total Files): cumulative 0, interval 0
AddFile(L0 Files): cumulative 0, interval 0
AddFile(Keys): cumulative 0, interval 0
Cumulative compaction: 763.80 GB write, 333.57 MB/s write, 688.65 GB read, 300.75 MB/s read, 15584.7 seconds
Interval compaction: 20.37 GB write, 384.89 MB/s write, 18.69 GB read, 353.11 MB/s read, 386.0 seconds
Estimated pending compaction bytes: 66449553095
Write Stall (count): cf-l0-file-count-limit-delays-with-ongoing-compaction: 100, cf-l0-file-count-limit-stops-with-ongoing-compaction: 0, l0-file-count-limit-delays: 100, l0-file-count-limit-stops: 0, memtable-limit-delays: 0, memtable-limit-stops: 1334, pending-compaction-bytes-delays: 39, pending-compaction-bytes-stops: 0, total-delays: 139, total-stops: 1334
interval: 30 total count
Block cache AutoHyperClockCache@0x6043b84412d0#2239720 capacity: 512.00 MB seed: 1 usage: 18.04 MB table_size: 8203 occupancy: 4282 collections: 13 last_copies: 2 last_secs: 0.000702 secs_since: 179
Block cache entry stats(count,size,portion): Misc(4276,17.52 MB,3.4211%)

** File Read Latency Histogram By Level [default] **
** Level 0 read latency histogram (micros):
Count: 49656285 Average: 3.3805  StdDev: 1432.01
Min: 0  Median: 0.8808  Max: 3332460
Percentiles: P50: 0.88 P75: 1.50 P99: 3.23 P99.9: 5.52 P99.99: 6.63
------------------------------------------------------
[       0,       1 ] 28187183  56.765%  56.765% ###########
(       1,       2 ] 18052390  36.355%  93.119% #######
(       2,       3 ]  2819063   5.677%  98.796% #
(       3,       4 ]   436413   0.879%  99.675% 
(       4,       6 ]   147037   0.296%  99.971% 
(       6,      10 ]    58694   0.118% 100.090% 
(      10,      15 ]    23904   0.048% 100.138% 
(      15,      22 ]    14518   0.029% 100.167% 
(      22,      34 ]      913   0.002% 100.169% 
(      34,      51 ]      139   0.000% 100.169% 
(      51,      76 ]      589   0.001% 100.170% 
(      76,     110 ]     1173   0.002% 100.173% 
(     110,     170 ]       55   0.000% 100.173% 
(     170,     250 ]       37   0.000% 100.173% 
(     250,     380 ]      138   0.000% 100.173% 
(     380,     580 ]       28   0.000% 100.173% 
(     580,     870 ]       55   0.000% 100.173% 
(     870,    1300 ]      121   0.000% 100.174% 
(    1300,    1900 ]       65   0.000% 100.174% 
(    1900,    2900 ]       28   0.000% 100.174% 
(    2900,    4400 ]        9   0.000% 100.174% 
(    4400,    6600 ]       11   0.000% 100.174% 
(    6600,    9900 ]       10   0.000% 100.174% 
(    9900,   14000 ]        4   0.000% 100.174% 
(   14000,   22000 ]       15   0.000% 100.174% 
(   22000,   33000 ]       36   0.000% 100.174% 
(   33000,   50000 ]       53   0.000% 100.174% 
(   50000,   75000 ]       94   0.000% 100.174% 
(   75000,  110000 ]      139   0.000% 100.174% 
(  110000,  170000 ]       97   0.000% 100.175% 
(  170000,  250000 ]       33   0.000% 100.175% 
(  250000,  380000 ]        8   0.000% 100.175% 
(  380000,  570000 ]        6   0.000% 100.175% 
(  570000,  860000 ]        5   0.000% 100.175% 
(  860000, 1200000 ]        5   0.000% 100.175% 
( 1200000, 1900000 ]        7   0.000% 100.175% 
( 1900000, 2900000 ]        5   0.000% 100.175% 
( 2900000, 4300000 ]        5   0.000% 100.175% 

** Level 1 read latency histogram (micros):
Count: 106623160 Average: 2.6813  StdDev: 530.30
Min: 0  Median: 0.8126  Max: 3116334
Percentiles: P50: 0.81 P75: 1.44 P99: 3.28 P99.9: 4.69 P99.99: 5.11
------------------------------------------------------
[       0,       1 ] 65608373  61.533%  61.533% ############
(       1,       2 ] 32783342  30.747%  92.280% ######
(       2,       3 ]  6851404   6.426%  98.706% #
(       3,       4 ]  1112701   1.044%  99.749% 
(       4,       6 ]   464386   0.436% 100.185% 
(       6,      10 ]   192795   0.181% 100.366% 
(      10,      15 ]    58675   0.055% 100.421% 
(      15,      22 ]    41010   0.038% 100.459% 
(      22,      34 ]     3619   0.003% 100.463% 
(      34,      51 ]     1489   0.001% 100.464% 
(      51,      76 ]     3526   0.003% 100.467% 
(      76,     110 ]     3889   0.004% 100.471% 
(     110,     170 ]     5193   0.005% 100.476% 
(     170,     250 ]     5198   0.005% 100.481% 
(     250,     380 ]     5946   0.006% 100.486% 
(     380,     580 ]     5994   0.006% 100.492% 
(     580,     870 ]     5877   0.006% 100.497% 
(     870,    1300 ]     4462   0.004% 100.502% 
(    1300,    1900 ]     4100   0.004% 100.505% 
(    1900,    2900 ]     3263   0.003% 100.508% 
(    2900,    4400 ]     1691   0.002% 100.510% 
(    4400,    6600 ]      849   0.001% 100.511% 
(    6600,    9900 ]      247   0.000% 100.511% 
(    9900,   14000 ]      131   0.000% 100.511% 
(   14000,   22000 ]      147   0.000% 100.511% 
(   22000,   33000 ]      142   0.000% 100.511% 
(   33000,   50000 ]      135   0.000% 100.512% 
(   50000,   75000 ]      171   0.000% 100.512% 
(   75000,  110000 ]      136   0.000% 100.512% 
(  110000,  170000 ]      120   0.000% 100.512% 
(  170000,  250000 ]       73   0.000% 100.512% 
(  250000,  380000 ]       28   0.000% 100.512% 
(  380000,  570000 ]        2   0.000% 100.512% 
(  860000, 1200000 ]        1   0.000% 100.512% 
( 2900000, 4300000 ]        2   0.000% 100.512% 

** Level 2 read latency histogram (micros):
Count: 18883233 Average: 163.8208  StdDev: 5459.12
Min: 0  Median: 1.4910  Max: 5242826
Percentiles: P50: 1.49 P75: 2.13 P99: 1258.60 P99.9: 2608.31 P99.99: 2816.12
------------------------------------------------------
[       0,       1 ]  5242019  27.760%  27.760% ######
(       1,       2 ]  8553892  45.299%  73.059% #########
(       2,       3 ]  2831385  14.994%  88.053% ###
(       3,       4 ]   728157   3.856%  91.909% #
(       4,       6 ]   232030   1.229%  93.138% 
(       6,      10 ]    36164   0.192%  93.330% 
(      10,      15 ]    22962   0.122%  93.451% 
(      15,      22 ]    12971   0.069%  93.520% 
(      22,      34 ]     7691   0.041%  93.561% 
(      34,      51 ]    21946   0.116%  93.677% 
(      51,      76 ]    49018   0.260%  93.936% 
(      76,     110 ]    30964   0.164%  94.100% 
(     110,     170 ]   132816   0.703%  94.804% 
(     170,     250 ]   159964   0.847%  95.651% 
(     250,     380 ]   190374   1.008%  96.659% 
(     380,     580 ]   179234   0.949%  97.608% 
(     580,     870 ]   157136   0.832%  98.440% 
(     870,    1300 ]   116935   0.619%  99.060% 
(    1300,    1900 ]   100767   0.534%  99.593% 
(    1900,    2900 ]    81779   0.433% 100.026% 
(    2900,    4400 ]    42240   0.224% 100.250% 
(    4400,    6600 ]    21979   0.116% 100.366% 
(    6600,    9900 ]     7249   0.038% 100.405% 
(    9900,   14000 ]     3019   0.016% 100.421% 
(   14000,   22000 ]     3488   0.018% 100.439% 
(   22000,   33000 ]     3005   0.016% 100.455% 
(   33000,   50000 ]     3449   0.018% 100.473% 
(   50000,   75000 ]     3693   0.020% 100.493% 
(   75000,  110000 ]     3433   0.018% 100.511% 
(  110000,  170000 ]     3229   0.017% 100.528% 
(  170000,  250000 ]     1512   0.008% 100.536% 
(  250000,  380000 ]      505   0.003% 100.539% 
(  380000,  570000 ]       90   0.000% 100.539% 
(  570000,  860000 ]       26   0.000% 100.540% 
(  860000, 1200000 ]       34   0.000% 100.540% 
( 1200000, 1900000 ]       37   0.000% 100.540% 
( 1900000, 2900000 ]        8   0.000% 100.540% 
( 2900000, 4300000 ]       10   0.000% 100.540% 
( 4300000, 6500000 ]        1   0.000% 100.540% 


** DB Stats **
Uptime(secs): 2344.7 total, 30.0 interval
Cumulative writes: 102M writes, 102M keys, 13M commit groups, 7.7 writes per commit group, ingest: 99.34 GB, 43.39 MB/s
Cumulative WAL: 102M writes, 0 syncs, 102021639.00 writes per sync, written: 99.34 GB, 43.39 MB/s
Cumulative stall: 00:33:10.981 H:M:S, 84.9 percent
Interval writes: 942K writes, 942K keys, 120K commit groups, 7.8 writes per commit group, ingest: 940.25 MB, 31.32 MB/s
Interval WAL: 942K writes, 0 syncs, 942982.00 writes per sync, written: 0.92 GB, 31.32 MB/s
Interval stall: 00:00:26.464 H:M:S, 88.1 percent
Write Stall (count): write-buffer-manager-limit-stops: 0
num-running-compactions: 1
num-running-flushes: 0

2026/08/31-10:13:12  ... thread 10: (59000,6380000) ops and (1965.2,2721.0) ops/second in (30.021724,2344.750454) seconds
2026/08/31-10:13:29  ... thread 13: (46000,6403000) ops and (1508.5,2711.1) ops/second in (30.494498,2361.732986) seconds
2026/08/31-10:13:29  ... thread 6: (46000,6401000) ops and (1508.5,2710.3) ops/second in (30.493279,2361.738941) seconds
2026/08/31-10:13:29  ... thread 9: (47000,6403000) ops and (1539.6,2711.1) ops/second in (30.527813,2361.740239) seconds
2026/08/31-10:13:29  ... thread 7: (46000,6407000) ops and (1508.3,2712.8) ops/second in (30.497258,2361.742422) seconds
2026/08/31-10:13:29  ... thread 14: (47000,6407000) ops and (1539.4,2712.8) ops/second in (30.532347,2361.745233) seconds
2026/08/31-10:13:29  ... thread 4: (47000,6402000) ops and (1539.5,2710.7) ops/second in (30.529788,2361.748715) seconds
2026/08/31-10:13:29  ... thread 2: (47000,6406000) ops and (1539.9,2712.4) ops/second in (30.521795,2361.750041) seconds
Initializing RocksDB Options from the specified file
Initializing RocksDB Options from command-line flags
Integrated BlobDB: blob cache disabled
Keys:       16 bytes each (+ 0 bytes user-defined timestamp)
Values:     1024 bytes each (512 bytes after compression)
Entries:    103244288
Prefix:    0 bytes
Keys per prefix:    0
RawSize:    102399.9 MB (estimated)
FileSize:   51987.6 MB (estimated)
Write rate: 0 bytes/second
Read rate: 0 ops/second
Compression: NoCompression
Compression sampling rate: 0
Memtablerep: SkipListFactory
Perf Level: 1
------------------------------------------------
Initializing RocksDB Options from the specified file
Initializing RocksDB Options from command-line flags
Integrated BlobDB: blob cache disabled
DB path: [/tmp/l0trig_trig2]
fillrandom   :     367.513 micros/op 43530 ops/sec 2371.742 seconds 103244288 operations;   43.2 MB/s
Microseconds per write:
Count: 103244288 Average: 367.5133  StdDev: 37042.05
Min: 2  Median: 21.4270  Max: 10988748
Percentiles: P50: 21.43 P75: 29.46 P99: 2189.89 P99.9: 6501.44 P99.99: 423555.19
------------------------------------------------------
(       1,       2 ]        9   0.000%   0.000% 
(       2,       3 ]      249   0.000%   0.000% 
(       3,       4 ]      489   0.000%   0.001% 
(       4,       6 ]    13464   0.013%   0.014% 
(       6,      10 ]   323172   0.313%   0.327% 
(      10,      15 ]   572698   0.555%   0.881% 
(      15,      22 ] 55233182  53.498%  54.379% ###########
(      22,      34 ] 34269308  33.192%  87.571% #######
(      34,      51 ]  9070020   8.785%  96.357% ##
(      51,      76 ]  1665888   1.614%  97.970% 
(      76,     110 ]   356245   0.345%  98.315% 
(     110,     170 ]   107163   0.104%  98.419% 
(     170,     250 ]    71817   0.070%  98.488% 
(     250,     380 ]    21085   0.020%  98.509% 
(     380,     580 ]     5722   0.006%  98.514% 
(     580,     870 ]     3854   0.004%  98.518% 
(     870,    1300 ]   289436   0.280%  98.798% 
(    1300,    1900 ]     3510   0.003%  98.802% 
(    1900,    2900 ]   705562   0.683%  99.485% 
(    2900,    4400 ]   286928   0.278%  99.763% 
(    4400,    6600 ]   147867   0.143%  99.906% 
(    6600,    9900 ]    42662   0.041%  99.948% 
(    9900,   14000 ]    12102   0.012%  99.959% 
(   14000,   22000 ]     5798   0.006%  99.965% 
(   22000,   33000 ]     3819   0.004%  99.969% 
(   33000,   50000 ]     4138   0.004%  99.973% 
(   50000,   75000 ]     4806   0.005%  99.977% 
(   75000,  110000 ]     4631   0.004%  99.982% 
(  110000,  170000 ]     3672   0.004%  99.985% 
(  170000,  250000 ]     2633   0.003%  99.988% 
(  250000,  380000 ]     1671   0.002%  99.990% 
(  380000,  570000 ]     1586   0.002%  99.991% 
(  570000,  860000 ]     1874   0.002%  99.993% 
(  860000, 1200000 ]     1164   0.001%  99.994% 
( 1200000, 1900000 ]     1696   0.002%  99.996% 
( 1900000, 2900000 ]      944   0.001%  99.997% 
( 2900000, 4300000 ]      336   0.000%  99.997% 
( 4300000, 6500000 ]     1776   0.002%  99.999% 
( 6500000, 9800000 ]     1280   0.001% 100.000% 
( 9800000, 14000000 ]       32   0.000% 100.000% 

STATISTICS:
rocksdb.block.cache.miss COUNT : 179787653
rocksdb.block.cache.hit COUNT : 0
rocksdb.block.cache.add COUNT : 0
rocksdb.block.cache.add.failures COUNT : 0
rocksdb.block.cache.index.miss COUNT : 0
rocksdb.block.cache.index.hit COUNT : 0
rocksdb.block.cache.index.add COUNT : 0
rocksdb.block.cache.index.bytes.insert COUNT : 0
rocksdb.block.cache.filter.miss COUNT : 0
rocksdb.block.cache.filter.hit COUNT : 0
rocksdb.block.cache.filter.add COUNT : 0
rocksdb.block.cache.filter.bytes.insert COUNT : 0
rocksdb.block.cache.data.miss COUNT : 179787655
rocksdb.block.cache.data.hit COUNT : 0
rocksdb.block.cache.data.add COUNT : 0
rocksdb.block.cache.data.bytes.insert COUNT : 0
rocksdb.block.cache.bytes.read COUNT : 0
rocksdb.block.cache.bytes.write COUNT : 0
rocksdb.block.cache.compression.dict.miss COUNT : 0
rocksdb.block.cache.compression.dict.hit COUNT : 0
rocksdb.block.cache.compression.dict.add COUNT : 0
rocksdb.block.cache.compression.dict.bytes.insert COUNT : 0
rocksdb.block.cache.add.redundant COUNT : 0
rocksdb.block.cache.index.add.redundant COUNT : 0
rocksdb.block.cache.filter.add.redundant COUNT : 0
rocksdb.block.cache.data.add.redundant COUNT : 0
rocksdb.block.cache.compression.dict.add.redundant COUNT : 0
rocksdb.secondary.cache.hits COUNT : 0
rocksdb.secondary.cache.filter.hits COUNT : 0
rocksdb.secondary.cache.index.hits COUNT : 0
rocksdb.secondary.cache.data.hits COUNT : 0
rocksdb.compressed.secondary.cache.dummy.hits COUNT : 0
rocksdb.compressed.secondary.cache.hits COUNT : 0
rocksdb.compressed.secondary.cache.promotions COUNT : 0
rocksdb.compressed.secondary.cache.promotion.skips COUNT : 0
rocksdb.bloom.filter.useful COUNT : 0
rocksdb.bloom.filter.full.positive COUNT : 0
rocksdb.bloom.filter.full.true.positive COUNT : 0
rocksdb.bloom.filter.prefix.checked COUNT : 0
rocksdb.bloom.filter.prefix.useful COUNT : 0
rocksdb.bloom.filter.prefix.true.positive COUNT : 0
rocksdb.persistent.cache.hit COUNT : 0
rocksdb.persistent.cache.miss COUNT : 0
rocksdb.sim.block.cache.hit COUNT : 0
rocksdb.sim.block.cache.miss COUNT : 0
rocksdb.memtable.hit COUNT : 0
rocksdb.memtable.miss COUNT : 0
rocksdb.l0.hit COUNT : 0
rocksdb.l1.hit COUNT : 0
rocksdb.l2andup.hit COUNT : 0
rocksdb.compaction.key.drop.new COUNT : 26288460
rocksdb.compaction.key.drop.obsolete COUNT : 0
rocksdb.compaction.key.drop.range_del COUNT : 0
rocksdb.compaction.key.drop.user COUNT : 0
rocksdb.compaction.range_del.drop.obsolete COUNT : 0
rocksdb.compaction.optimized.del.drop.obsolete COUNT : 0
rocksdb.compaction.cancelled COUNT : 0
rocksdb.compaction.aborted COUNT : 0
rocksdb.number.keys.written COUNT : 103244288
rocksdb.number.keys.read COUNT : 0
rocksdb.number.keys.updated COUNT : 0
rocksdb.bytes.written COUNT : 107946995100
rocksdb.bytes.read COUNT : 0
rocksdb.number.db.seek COUNT : 0
rocksdb.number.db.next COUNT : 0
rocksdb.number.db.prev COUNT : 0
rocksdb.number.db.seek.found COUNT : 0
rocksdb.number.db.next.found COUNT : 0
rocksdb.number.db.prev.found COUNT : 0
rocksdb.db.iter.bytes.read COUNT : 0
rocksdb.number.iter.skip COUNT : 0
rocksdb.number.reseeks.iteration COUNT : 0
rocksdb.num.iterator.created COUNT : 0
rocksdb.num.iterator.deleted COUNT : 0
rocksdb.no.file.opens COUNT : 11710
rocksdb.no.file.errors COUNT : 0
rocksdb.stall.micros COUNT : 2010952497
rocksdb.db.mutex.wait.micros COUNT : 0
rocksdb.number.multiget.get COUNT : 0
rocksdb.number.multiget.keys.read COUNT : 0
rocksdb.number.multiget.bytes.read COUNT : 0
rocksdb.number.multiget.keys.found COUNT : 0
rocksdb.number.merge.failures COUNT : 0
rocksdb.getupdatessince.calls COUNT : 0
rocksdb.wal.synced COUNT : 0
rocksdb.wal.bytes COUNT : 107946995100
rocksdb.write.self COUNT : 13329869
rocksdb.write.other COUNT : 89914419
rocksdb.write.wal COUNT : 103244288
rocksdb.compact.read.bytes COUNT : 756550427589
rocksdb.compact.write.bytes COUNT : 730950887855
rocksdb.flush.write.bytes COUNT : 108909084878
rocksdb.compact.read.marked.bytes COUNT : 0
rocksdb.compact.read.periodic.bytes COUNT : 0
rocksdb.compact.read.ttl.bytes COUNT : 0
rocksdb.compact.write.marked.bytes COUNT : 0
rocksdb.compact.write.periodic.bytes COUNT : 0
rocksdb.compact.write.ttl.bytes COUNT : 0
rocksdb.number.direct.load.table.properties COUNT : 0
rocksdb.number.superversion_acquires COUNT : 0
rocksdb.number.superversion_releases COUNT : 0
rocksdb.number.superversion_cleanups COUNT : 0
rocksdb.number.block.compressed COUNT : 0
rocksdb.number.block.decompressed COUNT : 0
rocksdb.bytes.compressed.from COUNT : 0
rocksdb.bytes.compressed.to COUNT : 0
rocksdb.bytes.compression_bypassed COUNT : 838870108439
rocksdb.bytes.compression.rejected COUNT : 0
rocksdb.number.block_compression_bypassed COUNT : 199015788
rocksdb.number.block_compression_rejected COUNT : 0
rocksdb.bytes.decompressed.from COUNT : 0
rocksdb.bytes.decompressed.to COUNT : 0
rocksdb.merge.operation.time.nanos COUNT : 0
rocksdb.filter.operation.time.nanos COUNT : 0
rocksdb.compaction.total.time.cpu_micros COUNT : 2399167503
rocksdb.row.cache.hit COUNT : 0
rocksdb.row.cache.miss COUNT : 0
rocksdb.read.amp.estimate.useful.bytes COUNT : 0
rocksdb.read.amp.total.read.bytes COUNT : 0
rocksdb.number.rate_limiter.drains COUNT : 0
rocksdb.blobdb.num.put COUNT : 0
rocksdb.blobdb.num.write COUNT : 0
rocksdb.blobdb.num.get COUNT : 0
rocksdb.blobdb.num.multiget COUNT : 0
rocksdb.blobdb.num.seek COUNT : 0
rocksdb.blobdb.num.next COUNT : 0
rocksdb.blobdb.num.prev COUNT : 0
rocksdb.blobdb.num.keys.written COUNT : 0
rocksdb.blobdb.num.keys.read COUNT : 0
rocksdb.blobdb.bytes.written COUNT : 0
rocksdb.blobdb.bytes.read COUNT : 0
rocksdb.blobdb.write.inlined COUNT : 0
rocksdb.blobdb.write.inlined.ttl COUNT : 0
rocksdb.blobdb.write.blob COUNT : 0
rocksdb.blobdb.write.blob.ttl COUNT : 0
rocksdb.blobdb.blob.file.bytes.written COUNT : 0
rocksdb.blobdb.blob.file.bytes.read COUNT : 0
rocksdb.blobdb.blob.file.synced COUNT : 0
rocksdb.blobdb.blob.index.expired.count COUNT : 0
rocksdb.blobdb.blob.index.expired.size COUNT : 0
rocksdb.blobdb.blob.index.evicted.count COUNT : 0
rocksdb.blobdb.blob.index.evicted.size COUNT : 0
rocksdb.blobdb.gc.num.files COUNT : 0
rocksdb.blobdb.gc.num.new.files COUNT : 0
rocksdb.blobdb.gc.failures COUNT : 0
rocksdb.blobdb.gc.num.keys.relocated COUNT : 0
rocksdb.blobdb.gc.bytes.relocated COUNT : 0
rocksdb.blobdb.fifo.num.files.evicted COUNT : 0
rocksdb.blobdb.fifo.num.keys.evicted COUNT : 0
rocksdb.blobdb.fifo.bytes.evicted COUNT : 0
rocksdb.blobdb.cache.miss COUNT : 0
rocksdb.blobdb.cache.hit COUNT : 0
rocksdb.blobdb.cache.add COUNT : 0
rocksdb.blobdb.cache.add.failures COUNT : 0
rocksdb.blobdb.cache.bytes.read COUNT : 0
rocksdb.blobdb.cache.bytes.write COUNT : 0
rocksdb.txn.overhead.mutex.prepare COUNT : 0
rocksdb.txn.overhead.mutex.old.commit.map COUNT : 0
rocksdb.txn.overhead.duplicate.key COUNT : 0
rocksdb.txn.overhead.mutex.snapshot COUNT : 0
rocksdb.txn.get.tryagain COUNT : 0
rocksdb.files.marked.trash COUNT : 0
rocksdb.files.marked.trash.deleted COUNT : 0
rocksdb.files.deleted.immediately COUNT : 11944
rocksdb.error.handler.bg.error.count COUNT : 0
rocksdb.error.handler.bg.io.error.count COUNT : 0
rocksdb.error.handler.bg.retryable.io.error.count COUNT : 0
rocksdb.error.handler.autoresume.count COUNT : 0
rocksdb.error.handler.autoresume.retry.total.count COUNT : 0
rocksdb.error.handler.autoresume.success.count COUNT : 0
rocksdb.memtable.payload.bytes.at.flush COUNT : 108168382040
rocksdb.memtable.garbage.bytes.at.flush COUNT : 32288880
rocksdb.verify_checksum.read.bytes COUNT : 0
rocksdb.backup.read.bytes COUNT : 0
rocksdb.backup.write.bytes COUNT : 0
rocksdb.remote.compact.read.bytes COUNT : 0
rocksdb.remote.compact.write.bytes COUNT : 0
rocksdb.remote.compact.resumed.bytes COUNT : 0
rocksdb.hot.file.read.bytes COUNT : 0
rocksdb.warm.file.read.bytes COUNT : 0
rocksdb.cool.file.read.bytes COUNT : 0
rocksdb.cold.file.read.bytes COUNT : 0
rocksdb.ice.file.read.bytes COUNT : 0
rocksdb.hot.file.read.count COUNT : 0
rocksdb.warm.file.read.count COUNT : 0
rocksdb.cool.file.read.count COUNT : 0
rocksdb.cold.file.read.count COUNT : 0
rocksdb.ice.file.read.count COUNT : 0
rocksdb.last.level.read.bytes COUNT : 0
rocksdb.last.level.read.count COUNT : 0
rocksdb.non.last.level.read.bytes COUNT : 759166973666
rocksdb.non.last.level.read.count COUNT : 179834511
rocksdb.last.level.seek.filtered COUNT : 0
rocksdb.last.level.seek.filter.match COUNT : 0
rocksdb.last.level.seek.data COUNT : 0
rocksdb.last.level.seek.data.useful.no.filter COUNT : 0
rocksdb.last.level.seek.data.useful.filter.match COUNT : 0
rocksdb.non.last.level.seek.filtered COUNT : 0
rocksdb.non.last.level.seek.filter.match COUNT : 0
rocksdb.non.last.level.seek.data COUNT : 0
rocksdb.non.last.level.seek.data.useful.no.filter COUNT : 0
rocksdb.non.last.level.seek.data.useful.filter.match COUNT : 0
rocksdb.block.checksum.compute.count COUNT : 179811092
rocksdb.block.checksum.mismatch.count COUNT : 0
rocksdb.multiget.coroutine.count COUNT : 0
rocksdb.read.async.micros COUNT : 0
rocksdb.async.read.error.count COUNT : 0
rocksdb.table.open.prefetch.tail.miss COUNT : 0
rocksdb.table.open.prefetch.tail.hit COUNT : 0
rocksdb.timestamp.filter.table.checked COUNT : 0
rocksdb.timestamp.filter.table.filtered COUNT : 0
rocksdb.readahead.trimmed COUNT : 0
rocksdb.fifo.max.size.compactions COUNT : 0
rocksdb.fifo.ttl.compactions COUNT : 0
rocksdb.fifo.change_temperature.compactions COUNT : 0
rocksdb.prefetch.bytes COUNT : 0
rocksdb.prefetch.bytes.useful COUNT : 0
rocksdb.prefetch.hits COUNT : 0
rocksdb.footer.corruption.count COUNT : 0
rocksdb.file.read.corruption.retry.count COUNT : 0
rocksdb.file.read.corruption.retry.success.count COUNT : 0
rocksdb.number.wbwi.ingest COUNT : 0
rocksdb.sst.user.defined.index.load.fail.count COUNT : 0
rocksdb.multiscan.prepare.calls COUNT : 0
rocksdb.multiscan.prepare.errors COUNT : 0
rocksdb.multiscan.blocks.prefetched COUNT : 0
rocksdb.multiscan.blocks.from.cache COUNT : 0
rocksdb.multiscan.prefetch.bytes COUNT : 0
rocksdb.multiscan.prefetch.blocks.wasted COUNT : 0
rocksdb.multiscan.io.requests COUNT : 0
rocksdb.multiscan.io.coalesced.nonadjacent COUNT : 0
rocksdb.multiscan.seek.errors COUNT : 0
rocksdb.prefetch.memory.bytes.granted COUNT : 0
rocksdb.prefetch.memory.bytes.released COUNT : 0
rocksdb.prefetch.memory.requests.blocked COUNT : 0
rocksdb.read.path.range.tombstones.inserted COUNT : 0
rocksdb.read.path.range.tombstones.discarded COUNT : 0
rocksdb.file.open.metadata.retrieved COUNT : 0
rocksdb.file.open.metadata.passed COUNT : 0
rocksdb.db.get.micros P50 : 0.000000 P95 : 0.000000 P99 : 0.000000 P100 : 0.000000 COUNT : 0 SUM : 0
rocksdb.db.write.micros P50 : 20.776374 P95 : 47.413601 P99 : 2189.748183 P100 : 10988745.000000 COUNT : 103244288 SUM : 37820339881
rocksdb.compaction.times.micros P50 : 8288877.755511 P95 : 20663945.578231 P99 : 41906666.666667 P100 : 81036944.000000 COUNT : 1431 SUM : 12678033596
rocksdb.compaction.times.cpu_micros P50 : 746945.636624 P95 : 1681376.811594 P99 : 38352000.000000 P100 : 49625246.000000 COUNT : 1431 SUM : 2388995640
rocksdb.subcompaction.setup.times.micros P50 : 194000.000000 P95 : 332847.000000 P99 : 332847.000000 P100 : 332847.000000 COUNT : 50 SUM : 8767888
rocksdb.table.sync.micros P50 : 475000.000000 P95 : 6173908.629442 P99 : 8783111.111111 P100 : 9231538.000000 COUNT : 1664 SUM : 2394808516
rocksdb.compaction.outfile.sync.micros P50 : 1425784.645099 P95 : 8100111.982083 P99 : 9587144.456887 P100 : 31565957.000000 COUNT : 10060 SUM : 25151042296
rocksdb.wal.file.sync.micros P50 : 0.000000 P95 : 0.000000 P99 : 0.000000 P100 : 0.000000 COUNT : 0 SUM : 0
rocksdb.manifest.file.sync.micros P50 : 3862.264151 P95 : 461700.000000 P99 : 3482666.666667 P100 : 6220845.000000 COUNT : 2626 SUM : 424172386
rocksdb.table.open.io.micros P50 : 230.864395 P95 : 58854.166667 P99 : 162948.051948 P100 : 5243285.000000 COUNT : 11710 SUM : 149771467
rocksdb.db.multiget.micros P50 : 0.000000 P95 : 0.000000 P99 : 0.000000 P100 : 0.000000 COUNT : 0 SUM : 0
rocksdb.read.block.compaction.micros P50 : 1.860207 P95 : 5.544943 P99 : 13.290136 P100 : 4177668.000000 COUNT : 179788191 SUM : 3753025054
rocksdb.read.block.get.micros P50 : 109.305764 P95 : 261.164122 P99 : 1114.392405 P100 : 3448.000000 COUNT : 11710 SUM : 1617331
rocksdb.write.raw.block.micros P50 : 0.549356 P95 : 1.551343 P99 : 2.743577 P100 : 5241666.000000 COUNT : 199039856 SUM : 2906205263
rocksdb.numfiles.in.singlecompaction P50 : 2.709906 P95 : 5.063333 P99 : 169.890909 P100 : 250.000000 COUNT : 1602 SUM : 10972
rocksdb.db.seek.micros P50 : 0.000000 P95 : 0.000000 P99 : 0.000000 P100 : 0.000000 COUNT : 0 SUM : 0
rocksdb.db.write.stall P50 : 2309.573499 P95 : 3929.806937 P99 : 5309.161593 P100 : 10860783.000000 COUNT : 124154 SUM : 2010952497
rocksdb.sst.read.micros P50 : 0.890169 P95 : 2.699778 P99 : 7.629161 P100 : 5242826.000000 COUNT : 179835303 SUM : 3678284855
rocksdb.file.read.flush.micros P50 : 8.881416 P95 : 61292.134831 P99 : 168254.545455 P100 : 3332460.000000 COUNT : 6656 SUM : 85370061
rocksdb.file.read.compaction.micros P50 : 0.890140 P95 : 2.699468 P99 : 7.582467 P100 : 5242826.000000 COUNT : 179828716 SUM : 3592917231
rocksdb.file.read.db.open.micros P50 : 0.000000 P95 : 0.000000 P99 : 0.000000 P100 : 0.000000 COUNT : 0 SUM : 0
rocksdb.file.read.get.micros P50 : 0.000000 P95 : 0.000000 P99 : 0.000000 P100 : 0.000000 COUNT : 0 SUM : 0
rocksdb.file.read.multiget.micros P50 : 0.000000 P95 : 0.000000 P99 : 0.000000 P100 : 0.000000 COUNT : 0 SUM : 0
rocksdb.file.read.db.iterator.micros P50 : 0.000000 P95 : 0.000000 P99 : 0.000000 P100 : 0.000000 COUNT : 0 SUM : 0
rocksdb.file.read.verify.db.checksum.micros P50 : 0.000000 P95 : 0.000000 P99 : 0.000000 P100 : 0.000000 COUNT : 0 SUM : 0
rocksdb.file.read.verify.file.checksums.micros P50 : 0.000000 P95 : 0.000000 P99 : 0.000000 P100 : 0.000000 COUNT : 0 SUM : 0
rocksdb.sst.write.micros P50 : 0.501824 P95 : 0.953466 P99 : 0.993611 P100 : 5241659.000000 COUNT : 398092335 SUM : 2823079426
rocksdb.file.write.flush.micros P50 : 0.501250 P95 : 0.952376 P99 : 0.992476 P100 : 5217005.000000 COUNT : 51604596 SUM : 124020686
rocksdb.file.write.compaction.micros P50 : 0.501910 P95 : 0.953628 P99 : 0.993781 P100 : 5241659.000000 COUNT : 346487739 SUM : 2699058740
rocksdb.file.write.db.open.micros P50 : 0.000000 P95 : 0.000000 P99 : 0.000000 P100 : 0.000000 COUNT : 0 SUM : 0
rocksdb.num.subcompactions.scheduled P50 : 16.000000 P95 : 16.000000 P99 : 16.000000 P100 : 16.000000 COUNT : 50 SUM : 748
rocksdb.bytes.per.read P50 : 0.000000 P95 : 0.000000 P99 : 0.000000 P100 : 0.000000 COUNT : 0 SUM : 0
rocksdb.bytes.per.write P50 : 8102.605658 P95 : 13173.078620 P99 : 15065.441185 P100 : 16716.000000 COUNT : 13329869 SUM : 107946995100
rocksdb.bytes.per.multiget P50 : 0.000000 P95 : 0.000000 P99 : 0.000000 P100 : 0.000000 COUNT : 0 SUM : 0
rocksdb.compression.times.nanos P50 : 0.000000 P95 : 0.000000 P99 : 0.000000 P100 : 0.000000 COUNT : 0 SUM : 0
rocksdb.decompression.times.nanos P50 : 0.000000 P95 : 0.000000 P99 : 0.000000 P100 : 0.000000 COUNT : 0 SUM : 0
rocksdb.read.num.merge_operands P50 : 0.000000 P95 : 0.000000 P99 : 0.000000 P100 : 0.000000 COUNT : 0 SUM : 0
rocksdb.blobdb.key.size P50 : 0.000000 P95 : 0.000000 P99 : 0.000000 P100 : 0.000000 COUNT : 0 SUM : 0
rocksdb.blobdb.value.size P50 : 0.000000 P95 : 0.000000 P99 : 0.000000 P100 : 0.000000 COUNT : 0 SUM : 0
rocksdb.blobdb.write.micros P50 : 0.000000 P95 : 0.000000 P99 : 0.000000 P100 : 0.000000 COUNT : 0 SUM : 0
rocksdb.blobdb.get.micros P50 : 0.000000 P95 : 0.000000 P99 : 0.000000 P100 : 0.000000 COUNT : 0 SUM : 0
rocksdb.blobdb.multiget.micros P50 : 0.000000 P95 : 0.000000 P99 : 0.000000 P100 : 0.000000 COUNT : 0 SUM : 0
rocksdb.blobdb.seek.micros P50 : 0.000000 P95 : 0.000000 P99 : 0.000000 P100 : 0.000000 COUNT : 0 SUM : 0
rocksdb.blobdb.next.micros P50 : 0.000000 P95 : 0.000000 P99 : 0.000000 P100 : 0.000000 COUNT : 0 SUM : 0
rocksdb.blobdb.prev.micros P50 : 0.000000 P95 : 0.000000 P99 : 0.000000 P100 : 0.000000 COUNT : 0 SUM : 0
rocksdb.blobdb.blob.file.write.micros P50 : 0.000000 P95 : 0.000000 P99 : 0.000000 P100 : 0.000000 COUNT : 0 SUM : 0
rocksdb.blobdb.blob.file.read.micros P50 : 0.000000 P95 : 0.000000 P99 : 0.000000 P100 : 0.000000 COUNT : 0 SUM : 0
rocksdb.blobdb.blob.file.sync.micros P50 : 0.000000 P95 : 0.000000 P99 : 0.000000 P100 : 0.000000 COUNT : 0 SUM : 0
rocksdb.blobdb.compression.micros P50 : 0.000000 P95 : 0.000000 P99 : 0.000000 P100 : 0.000000 COUNT : 0 SUM : 0
rocksdb.blobdb.decompression.micros P50 : 0.000000 P95 : 0.000000 P99 : 0.000000 P100 : 0.000000 COUNT : 0 SUM : 0
rocksdb.db.flush.micros P50 : 771084.905660 P95 : 7286923.076923 P99 : 9398923.076923 P100 : 16146108.000000 COUNT : 1664 SUM : 3125311252
rocksdb.sst.batch.size P50 : 0.000000 P95 : 0.000000 P99 : 0.000000 P100 : 0.000000 COUNT : 0 SUM : 0
rocksdb.multiget.io.batch.size P50 : 0.000000 P95 : 0.000000 P99 : 0.000000 P100 : 0.000000 COUNT : 0 SUM : 0
rocksdb.num.index.and.filter.blocks.read.per.level P50 : 0.000000 P95 : 0.000000 P99 : 0.000000 P100 : 0.000000 COUNT : 0 SUM : 0
rocksdb.num.sst.read.per.level P50 : 0.000000 P95 : 0.000000 P99 : 0.000000 P100 : 0.000000 COUNT : 0 SUM : 0
rocksdb.num.level.read.per.multiget P50 : 0.000000 P95 : 0.000000 P99 : 0.000000 P100 : 0.000000 COUNT : 0 SUM : 0
rocksdb.error.handler.autoresume.retry.count P50 : 0.000000 P95 : 0.000000 P99 : 0.000000 P100 : 0.000000 COUNT : 0 SUM : 0
rocksdb.async.read.bytes P50 : 0.000000 P95 : 0.000000 P99 : 0.000000 P100 : 0.000000 COUNT : 0 SUM : 0
rocksdb.poll.wait.micros P50 : 0.000000 P95 : 0.000000 P99 : 0.000000 P100 : 0.000000 COUNT : 0 SUM : 0
rocksdb.compaction.prefetch.bytes P50 : 0.000000 P95 : 0.000000 P99 : 0.000000 P100 : 0.000000 COUNT : 0 SUM : 0
rocksdb.prefetched.bytes.discarded P50 : 0.000000 P95 : 0.000000 P99 : 0.000000 P100 : 0.000000 COUNT : 0 SUM : 0
rocksdb.async.prefetch.abort.micros P50 : 0.000000 P95 : 0.000000 P99 : 0.000000 P100 : 0.000000 COUNT : 0 SUM : 0
rocksdb.table.open.prefetch.tail.read.bytes P50 : 0.000000 P95 : 0.000000 P99 : 0.000000 P100 : 0.000000 COUNT : 0 SUM : 0
rocksdb.num.op.per.transaction P50 : 0.000000 P95 : 0.000000 P99 : 0.000000 P100 : 0.000000 COUNT : 0 SUM : 0
rocksdb.multiscan.op.prepare.iterators.micros P50 : 0.000000 P95 : 0.000000 P99 : 0.000000 P100 : 0.000000 COUNT : 0 SUM : 0
rocksdb.multiscan.prepare.micros P50 : 0.000000 P95 : 0.000000 P99 : 0.000000 P100 : 0.000000 COUNT : 0 SUM : 0
rocksdb.multiscan.blocks.per.prepare P50 : 0.000000 P95 : 0.000000 P99 : 0.000000 P100 : 0.000000 COUNT : 0 SUM : 0
rocksdb.block.key.distribution.cv P50 : 0.000000 P95 : 0.000000 P99 : 0.000000 P100 : 0.000000 COUNT : 0 SUM : 0

