RocksDB:    version 11.2.0
Date:       Mon Aug 31 11:33:25 2026
CPU:        36 * Intel(R) Core(TM) i9-10980XE CPU @ 3.00GHz
CPUCache:   25344 KB
2026/08/31-11:33:55  ... thread 9: (401000,401000) ops and (13366.6,13366.6) ops/second in (30.000050,30.000050) seconds
2026/08/31-11:33:55  ... thread 12: (401000,401000) ops and (13366.6,13366.6) ops/second in (30.000236,30.000236) seconds
2026/08/31-11:33:55  ... thread 10: (401000,401000) ops and (13366.4,13366.4) ops/second in (30.000590,30.000590) seconds
2026/08/31-11:33:55  ... thread 6: (402000,402000) ops and (13399.2,13399.2) ops/second in (30.001791,30.001791) seconds
2026/08/31-11:33:55  ... thread 15: (401000,401000) ops and (13364.6,13364.6) ops/second in (30.004539,30.004539) seconds
2026/08/31-11:33:55  ... thread 8: (401000,401000) ops and (13364.6,13364.6) ops/second in (30.004638,30.004638) seconds
2026/08/31-11:33:55  ... thread 3: (402000,402000) ops and (13396.6,13396.6) ops/second in (30.007571,30.007571) seconds
2026/08/31-11:33:55  ... thread 14: (403000,403000) ops and (13428.6,13428.6) ops/second in (30.010590,30.010590) seconds
2026/08/31-11:33:55  ... thread 13: (402000,402000) ops and (13394.8,13394.8) ops/second in (30.011672,30.011672) seconds
2026/08/31-11:33:55  ... thread 5: (402000,402000) ops and (13394.5,13394.5) ops/second in (30.012355,30.012355) seconds
2026/08/31-11:33:55  ... thread 0: (402000,402000) ops and (13394.4,13394.4) ops/second in (30.012524,30.012524) seconds

** Compaction Stats [default] **
Level    Files   Size     Score Read(GB)  Rn(GB) Rnp1(GB) Write(GB) WPreComp(GB) Wnew(GB) Moved(GB) W-Amp Rd(MB/s) Wr(MB/s) Comp(sec) CompMergeCPU(sec) Comp(cnt) Avg(sec) KeyIn KeyDrop Rblob(GB) Wblob(GB)
-------------------------------------------------------------------------------------------------------------------------------------------------------------------------------------------------------------
  L0     18/8      2.85 GB   2.5      3.0     0.0      3.0       9.2       9.2      6.2       0.0   1.5     57.8    175.6     53.83             18.80       114    0.472   9398K   3020       0.0       0.0
  L1     63/0      3.29 GB   0.8     17.2     3.3     13.9      17.2      17.2      3.3       0.0   5.1    894.1    891.3     19.75             62.45        11    1.795     17M    53K       0.0       0.0
 Sum     81/8      6.14 GB   0.0     20.3     3.3     16.9      26.4      26.4      9.5       0.0   4.3    282.3    367.7     73.57             81.26       125    0.589     26M    56K       0.0       0.0
 Int      0/0      0.00 KB   0.0     18.8     2.6     16.2      24.0      24.0      7.8       0.0   4.6    284.8    363.0     67.68             74.80       106    0.638     24M    54K       0.0       0.0

** Compaction Stats [default] **
Priority    Files   Size     Score Read(GB)  Rn(GB) Rnp1(GB) Write(GB) WPreComp(GB) Wnew(GB) Moved(GB) W-Amp Rd(MB/s) Wr(MB/s) Comp(sec) CompMergeCPU(sec) Comp(cnt) Avg(sec) KeyIn KeyDrop Rblob(GB) Wblob(GB)
----------------------------------------------------------------------------------------------------------------------------------------------------------------------------------------------------------------
 Low      0/0      0.00 KB   0.0     20.3     3.3     16.9      20.2      20.2      3.3       0.0   0.0    623.1    621.3     33.33             70.44        23    1.449     20M    56K       0.0       0.0
High      0/0      0.00 KB   0.0      0.0     0.0      0.0       6.2       6.2      6.2       0.0   0.0      0.0    157.7     40.24             10.81       102    0.395   6306K      0       0.0       0.0

Blob file count: 0, total size: 0.0 GB, garbage size: 0.0 GB, space amp: 0.0

Uptime(secs): 30.0 total, 26.0 interval
Flush(GB): cumulative 6.198, interval 5.226
AddFile(GB): cumulative 0.000, interval 0.000
AddFile(Total Files): cumulative 0, interval 0
AddFile(L0 Files): cumulative 0, interval 0
AddFile(Keys): cumulative 0, interval 0
Cumulative compaction: 26.42 GB write, 901.19 MB/s write, 20.28 GB read, 691.75 MB/s read, 73.6 seconds
Interval compaction: 23.99 GB write, 944.48 MB/s write, 18.82 GB read, 740.94 MB/s read, 67.7 seconds
Estimated pending compaction bytes: 6593105817
Write Stall (count): cf-l0-file-count-limit-delays-with-ongoing-compaction: 0, cf-l0-file-count-limit-stops-with-ongoing-compaction: 0, l0-file-count-limit-delays: 0, l0-file-count-limit-stops: 0, memtable-limit-delays: 0, memtable-limit-stops: 62, pending-compaction-bytes-delays: 0, pending-compaction-bytes-stops: 0, total-delays: 0, total-stops: 62
interval: 52 total count
Block cache AutoHyperClockCache@0x5cc2bb2b62d0#2301963 capacity: 512.00 MB seed: 1 usage: 64.00 KB table_size: 1024 occupancy: 1 collections: 1 last_copies: 1 last_secs: 6.9e-05 secs_since: 30
Block cache entry stats(count,size,portion): Misc(1,0.00 KB,0%)

** File Read Latency Histogram By Level [default] **
** Level 0 read latency histogram (micros):
Count: 1691970 Average: 1.8610  StdDev: 103.56
Min: 0  Median: 1.1473  Max: 78168
Percentiles: P50: 1.15 P75: 1.66 P99: 2.96 P99.9: 4.87 P99.99: 5.67
------------------------------------------------------
[       0,       1 ]   723327  42.751%  42.751% #########
(       1,       2 ]   832428  49.199%  91.949% ##########
(       2,       3 ]   124493   7.358%  99.307% #
(       3,       4 ]     8395   0.496%  99.803% 
(       4,       6 ]     3777   0.223% 100.027% 
(       6,      10 ]     2285   0.135% 100.162% 
(      10,      15 ]      491   0.029% 100.191% 
(      15,      22 ]      188   0.011% 100.202% 
(      22,      34 ]       21   0.001% 100.203% 
(      34,      51 ]       13   0.001% 100.204% 
(      51,      76 ]       57   0.003% 100.207% 
(      76,     110 ]       45   0.003% 100.210% 
(     110,     170 ]        1   0.000% 100.210% 
(     170,     250 ]        1   0.000% 100.210% 
(     380,     580 ]        1   0.000% 100.210% 
(     580,     870 ]        6   0.000% 100.210% 
(     870,    1300 ]        5   0.000% 100.211% 
(    1300,    1900 ]        2   0.000% 100.211% 
(    1900,    2900 ]        1   0.000% 100.211% 
(    2900,    4400 ]        1   0.000% 100.211% 
(    4400,    6600 ]        1   0.000% 100.211% 
(   22000,   33000 ]        1   0.000% 100.211% 
(   33000,   50000 ]        1   0.000% 100.211% 
(   50000,   75000 ]        2   0.000% 100.211% 
(   75000,  110000 ]        1   0.000% 100.211% 

** Level 1 read latency histogram (micros):
Count: 3391217 Average: 1.7388  StdDev: 11.61
Min: 0  Median: 1.2166  Max: 6356
Percentiles: P50: 1.22 P75: 1.64 P99: 2.69 P99.9: 2.93 P99.99: 2.95
------------------------------------------------------
[       0,       1 ]  1260075  37.157%  37.157% #######
(       1,       2 ]  2010352  59.281%  96.438% ############
(       2,       3 ]   126806   3.739% 100.177% #
(       3,       4 ]    18279   0.539% 100.716% 
(       4,       6 ]     6819   0.201% 100.917% 
(       6,      10 ]     5389   0.159% 101.076% 
(      10,      15 ]      878   0.026% 101.102% 
(      15,      22 ]      311   0.009% 101.111% 
(      22,      34 ]       68   0.002% 101.113% 
(      34,      51 ]       19   0.001% 101.114% 
(      51,      76 ]       99   0.003% 101.117% 
(      76,     110 ]      109   0.003% 101.120% 
(     110,     170 ]       34   0.001% 101.121% 
(     170,     250 ]       15   0.000% 101.122% 
(     250,     380 ]       14   0.000% 101.122% 
(     380,     580 ]       13   0.000% 101.122% 
(     580,     870 ]       15   0.000% 101.123% 
(    1900,    2900 ]        2   0.000% 101.123% 
(    2900,    4400 ]        9   0.000% 101.123% 
(    4400,    6600 ]        9   0.000% 101.123% 


** DB Stats **
Uptime(secs): 30.0 total, 26.0 interval
Cumulative writes: 6429K writes, 6429K keys, 836K commit groups, 7.7 writes per commit group, ingest: 6.26 GB, 213.56 MB/s
Cumulative WAL: 6429K writes, 0 syncs, 6429735.00 writes per sync, written: 6.26 GB, 213.56 MB/s
Cumulative stall: 00:00:17.807 H:M:S, 59.3 percent
Interval writes: 5317K writes, 5317K keys, 690K commit groups, 7.7 writes per commit group, ingest: 5301.78 MB, 203.80 MB/s
Interval WAL: 5317K writes, 0 syncs, 5317082.00 writes per sync, written: 5.18 GB, 203.80 MB/s
Interval stall: 00:00:16.236 H:M:S, 62.4 percent
Write Stall (count): write-buffer-manager-limit-stops: 0
num-running-compactions: 2
num-running-flushes: 1

2026/08/31-11:33:55  ... thread 2: (401000,401000) ops and (13320.2,13320.2) ops/second in (30.104560,30.104560) seconds
2026/08/31-11:33:55  ... thread 7: (401000,401000) ops and (13320.2,13320.2) ops/second in (30.104678,30.104678) seconds
2026/08/31-11:33:55  ... thread 4: (403000,403000) ops and (13386.0,13386.0) ops/second in (30.106018,30.106018) seconds
2026/08/31-11:33:55  ... thread 1: (402000,402000) ops and (13352.2,13352.2) ops/second in (30.107349,30.107349) seconds
2026/08/31-11:33:55  ... thread 11: (403000,403000) ops and (13385.1,13385.1) ops/second in (30.108074,30.108074) seconds
2026/08/31-11:34:25  ... thread 8: (117000,518000) ops and (3831.9,8556.6) ops/second in (30.533225,60.537863) seconds
2026/08/31-11:34:25  ... thread 9: (117000,518000) ops and (3831.0,8556.3) ops/second in (30.540442,60.540492) seconds
2026/08/31-11:34:25  ... thread 2: (116000,517000) ops and (3811.2,8539.6) ops/second in (30.436773,60.541333) seconds
2026/08/31-11:34:25  ... thread 12: (117000,518000) ops and (3830.9,8556.1) ops/second in (30.541422,60.541658) seconds
2026/08/31-11:34:25  ... thread 5: (116000,518000) ops and (3799.0,8555.4) ops/second in (30.533950,60.546305) seconds
2026/08/31-11:34:25  ... thread 6: (117000,519000) ops and (3830.2,8571.7) ops/second in (30.546538,60.548329) seconds
2026/08/31-11:34:25  ... thread 11: (116000,519000) ops and (3810.2,8571.1) ops/second in (30.444443,60.552517) seconds
2026/08/31-11:34:25  ... thread 7: (116000,517000) ops and (3809.7,8537.9) ops/second in (30.448692,60.553370) seconds
2026/08/31-11:34:25  ... thread 15: (117000,518000) ops and (3829.9,8554.4) ops/second in (30.549428,60.553967) seconds
2026/08/31-11:34:25  ... thread 10: (117000,518000) ops and (3829.3,8554.3) ops/second in (30.553783,60.554373) seconds
2026/08/31-11:34:25  ... thread 4: (117000,520000) ops and (3842.0,8586.7) ops/second in (30.452528,60.558546) seconds
2026/08/31-11:34:25  ... thread 13: (117000,519000) ops and (3830.0,8570.1) ops/second in (30.548026,60.559698) seconds
2026/08/31-11:34:25  ... thread 3: (117000,519000) ops and (3829.4,8569.9) ops/second in (30.553207,60.560778) seconds
2026/08/31-11:34:25  ... thread 1: (117000,519000) ops and (3841.4,8569.3) ops/second in (30.458026,60.565375) seconds
2026/08/31-11:34:25  ... thread 0: (117000,519000) ops and (3829.3,8569.2) ops/second in (30.553576,60.566100) seconds

** Compaction Stats [default] **
Level    Files   Size     Score Read(GB)  Rn(GB) Rnp1(GB) Write(GB) WPreComp(GB) Wnew(GB) Moved(GB) W-Amp Rd(MB/s) Wr(MB/s) Comp(sec) CompMergeCPU(sec) Comp(cnt) Avg(sec) KeyIn KeyDrop Rblob(GB) Wblob(GB)
-------------------------------------------------------------------------------------------------------------------------------------------------------------------------------------------------------------
  L0      7/4    623.35 MB   0.8      4.8     0.0      4.8      12.9      12.9      8.1       0.0   1.6     45.9    123.6    107.20             26.80       153    0.701     13M   4758       0.0       0.0
  L1     51/0      4.75 GB   1.2     28.5     7.5     21.0      28.3      28.3      7.3       0.0   3.8    639.2    633.7     45.72             97.45        13    3.517     29M   246K       0.0       0.0
  L2     44/0      2.54 GB   0.1      0.0     0.0      0.0       0.0       0.0      0.0       2.5   0.0      0.0      0.0      0.00              0.00         0    0.000       0      0       0.0       0.0
 Sum    102/4      7.90 GB   0.0     33.3     7.5     25.8      41.2      41.2     15.4       2.5   5.1    223.3    276.2    152.92            124.25       166    0.921     42M   250K       0.0       0.0
 Int      0/0      0.00 KB   0.0     31.9     6.8     25.1      38.8      38.8     13.7       2.5   5.4    222.1    270.3    147.02            117.79       147    1.000     39M   248K       0.0       0.0

** Compaction Stats [default] **
Priority    Files   Size     Score Read(GB)  Rn(GB) Rnp1(GB) Write(GB) WPreComp(GB) Wnew(GB) Moved(GB) W-Amp Rd(MB/s) Wr(MB/s) Comp(sec) CompMergeCPU(sec) Comp(cnt) Avg(sec) KeyIn KeyDrop Rblob(GB) Wblob(GB)
----------------------------------------------------------------------------------------------------------------------------------------------------------------------------------------------------------------
 Low      0/0      0.00 KB   0.0     33.3     7.5     25.8      33.1      33.1      7.3       0.0   0.0    425.4    422.2     80.26            110.01        32    2.508     33M   250K       0.0       0.0
High      0/0      0.00 KB   0.0      0.0     0.0      0.0       8.1       8.1      8.1       0.0   0.0      0.0    114.8     72.65             14.24       134    0.542   8289K      0       0.0       0.0

Blob file count: 0, total size: 0.0 GB, garbage size: 0.0 GB, space amp: 0.0

Uptime(secs): 60.6 total, 56.6 interval
Flush(GB): cumulative 8.146, interval 7.174
AddFile(GB): cumulative 0.000, interval 0.000
AddFile(Total Files): cumulative 0, interval 0
AddFile(L0 Files): cumulative 0, interval 0
AddFile(Keys): cumulative 0, interval 0
Cumulative compaction: 41.24 GB write, 697.12 MB/s write, 33.34 GB read, 563.64 MB/s read, 152.9 seconds
Interval compaction: 38.81 GB write, 702.57 MB/s write, 31.88 GB read, 577.18 MB/s read, 147.0 seconds
Estimated pending compaction bytes: 7908656660
Write Stall (count): cf-l0-file-count-limit-delays-with-ongoing-compaction: 4, cf-l0-file-count-limit-stops-with-ongoing-compaction: 0, l0-file-count-limit-delays: 4, l0-file-count-limit-stops: 0, memtable-limit-delays: 0, memtable-limit-stops: 85, pending-compaction-bytes-delays: 0, pending-compaction-bytes-stops: 0, total-delays: 4, total-stops: 85
interval: 79 total count
Block cache AutoHyperClockCache@0x5cc2bb2b62d0#2301963 capacity: 512.00 MB seed: 1 usage: 64.00 KB table_size: 1024 occupancy: 1 collections: 1 last_copies: 1 last_secs: 6.9e-05 secs_since: 60
Block cache entry stats(count,size,portion): Misc(1,0.00 KB,0%)

** File Read Latency Histogram By Level [default] **
** Level 0 read latency histogram (micros):
Count: 3175115 Average: 1.8065  StdDev: 115.57
Min: 0  Median: 1.0594  Max: 107550
Percentiles: P50: 1.06 P75: 1.61 P99: 2.95 P99.9: 4.36 P99.99: 5.22
------------------------------------------------------
[       0,       1 ]  1502233  47.313%  47.313% #########
(       1,       2 ]  1435690  45.217%  92.530% #########
(       2,       3 ]   215451   6.786%  99.315% #
(       3,       4 ]    17371   0.547%  99.862% 
(       4,       6 ]     6672   0.210% 100.073% 
(       6,      10 ]     4207   0.132% 100.205% 
(      10,      15 ]     1243   0.039% 100.244% 
(      15,      22 ]      676   0.021% 100.265% 
(      22,      34 ]       52   0.002% 100.267% 
(      34,      51 ]       14   0.000% 100.268% 
(      51,      76 ]       69   0.002% 100.270% 
(      76,     110 ]       67   0.002% 100.272% 
(     110,     170 ]        3   0.000% 100.272% 
(     170,     250 ]        1   0.000% 100.272% 
(     380,     580 ]        2   0.000% 100.272% 
(     580,     870 ]        7   0.000% 100.272% 
(     870,    1300 ]        9   0.000% 100.272% 
(    1300,    1900 ]        4   0.000% 100.273% 
(    1900,    2900 ]        1   0.000% 100.273% 
(    2900,    4400 ]        1   0.000% 100.273% 
(    4400,    6600 ]        1   0.000% 100.273% 
(   22000,   33000 ]        1   0.000% 100.273% 
(   33000,   50000 ]        2   0.000% 100.273% 
(   50000,   75000 ]        2   0.000% 100.273% 
(   75000,  110000 ]        3   0.000% 100.273% 

** Level 1 read latency histogram (micros):
Count: 5148194 Average: 1.6438  StdDev: 9.49
Min: 0  Median: 1.0898  Max: 6356
Percentiles: P50: 1.09 P75: 1.58 P99: 2.70 P99.9: 2.94 P99.99: 2.97
------------------------------------------------------
[       0,       1 ]  2338426  45.422%  45.422% #########
(       1,       2 ]  2623506  50.960%  96.382% ##########
(       2,       3 ]   192148   3.732% 100.114% #
(       3,       4 ]    24794   0.482% 100.596% 
(       4,       6 ]     9912   0.193% 100.788% 
(       6,      10 ]     7573   0.147% 100.936% 
(      10,      15 ]     1588   0.031% 100.966% 
(      15,      22 ]      733   0.014% 100.981% 
(      22,      34 ]      115   0.002% 100.983% 
(      34,      51 ]       26   0.001% 100.983% 
(      51,      76 ]      142   0.003% 100.986% 
(      76,     110 ]      181   0.004% 100.990% 
(     110,     170 ]       45   0.001% 100.991% 
(     170,     250 ]       40   0.001% 100.991% 
(     250,     380 ]       15   0.000% 100.992% 
(     380,     580 ]       13   0.000% 100.992% 
(     580,     870 ]       15   0.000% 100.992% 
(    1900,    2900 ]        3   0.000% 100.992% 
(    2900,    4400 ]        9   0.000% 100.992% 
(    4400,    6600 ]        9   0.000% 100.993% 


** DB Stats **
Uptime(secs): 60.6 total, 30.6 interval
Cumulative writes: 8303K writes, 8303K keys, 1079K commit groups, 7.7 writes per commit group, ingest: 8.09 GB, 136.68 MB/s
Cumulative WAL: 8303K writes, 0 syncs, 8303491.00 writes per sync, written: 8.09 GB, 136.68 MB/s
Cumulative stall: 00:00:42.210 H:M:S, 69.7 percent
Interval writes: 1873K writes, 1873K keys, 243K commit groups, 7.7 writes per commit group, ingest: 1868.36 MB, 61.15 MB/s
Interval WAL: 1873K writes, 0 syncs, 1873756.00 writes per sync, written: 1.82 GB, 61.15 MB/s
Interval stall: 00:00:24.403 H:M:S, 79.9 percent
Write Stall (count): write-buffer-manager-limit-stops: 0
num-running-compactions: 1
num-running-flushes: 0

2026/08/31-11:34:25  ... thread 14: (117000,520000) ops and (3829.0,8585.6) ops/second in (30.556145,60.566735) seconds
2026/08/31-11:35:01  ... thread 4: (104000,624000) ops and (2909.6,6479.6) ops/second in (35.743987,96.302533) seconds
2026/08/31-11:35:01  ... thread 9: (105000,623000) ops and (2935.7,6468.9) ops/second in (35.767060,96.307552) seconds
2026/08/31-11:35:01  ... thread 1: (104000,623000) ops and (2909.8,6468.9) ops/second in (35.741765,96.307140) seconds
2026/08/31-11:35:01  ... thread 13: (104000,623000) ops and (2909.1,6468.7) ops/second in (35.749604,96.309302) seconds
2026/08/31-11:35:01  ... thread 11: (104000,623000) ops and (2908.4,6468.6) ops/second in (35.758862,96.311379) seconds
2026/08/31-11:35:01  ... thread 14: (104000,624000) ops and (2909.4,6478.9) ops/second in (35.746283,96.313018) seconds
2026/08/31-11:35:01  ... thread 12: (105000,623000) ops and (2935.2,6468.4) ops/second in (35.772423,96.314081) seconds
2026/08/31-11:35:01  ... thread 5: (105000,623000) ops and (2935.6,6468.4) ops/second in (35.768080,96.314385) seconds
2026/08/31-11:35:01  ... thread 15: (105000,623000) ops and (2935.6,6467.9) ops/second in (35.767228,96.321195) seconds
2026/08/31-11:35:01  ... thread 2: (105000,622000) ops and (2934.6,6457.5) ops/second in (35.780545,96.321878) seconds
2026/08/31-11:35:01  ... thread 10: (105000,623000) ops and (2935.6,6467.8) ops/second in (35.768253,96.322626) seconds
2026/08/31-11:35:01  ... thread 6: (105000,624000) ops and (2934.6,6477.9) ops/second in (35.779766,96.328095) seconds
2026/08/31-11:35:01  ... thread 0: (104000,623000) ops and (2908.0,6467.4) ops/second in (35.762869,96.328969) seconds

** Compaction Stats [default] **
Level    Files   Size     Score Read(GB)  Rn(GB) Rnp1(GB) Write(GB) WPreComp(GB) Wnew(GB) Moved(GB) W-Amp Rd(MB/s) Wr(MB/s) Comp(sec) CompMergeCPU(sec) Comp(cnt) Avg(sec) KeyIn KeyDrop Rblob(GB) Wblob(GB)
-------------------------------------------------------------------------------------------------------------------------------------------------------------------------------------------------------------
  L0      7/4      1.04 GB   0.8      6.3     0.0      6.3      16.1      16.1      9.8       0.0   1.6     33.1     84.3    195.76             33.16       186    1.052     16M   6226       0.0       0.0
  L1     45/0      3.75 GB   0.9     33.7     8.7     24.9      33.4      33.4      8.5       0.0   3.8    497.5    493.1     69.31            111.94        14    4.951     34M   299K       0.0       0.0
  L2     65/0      4.71 GB   0.1      0.0     0.0      0.0       0.0       0.0      0.0       4.7   0.0      0.0      0.0      0.00              0.00         0    0.000       0      0       0.0       0.0
 Sum    117/4      9.49 GB   0.0     40.0     8.7     31.3      49.5      49.5     18.2       4.7   5.1    154.5    191.2    265.07            145.10       200    1.325     50M   305K       0.0       0.0
 Int      0/0      0.00 KB   0.0      6.2     1.2      5.0       7.3       7.3      2.3       1.3   6.3     61.1     72.0    103.50             18.83        24    4.312   7458K    54K       0.0       0.0

** Compaction Stats [default] **
Priority    Files   Size     Score Read(GB)  Rn(GB) Rnp1(GB) Write(GB) WPreComp(GB) Wnew(GB) Moved(GB) W-Amp Rd(MB/s) Wr(MB/s) Comp(sec) CompMergeCPU(sec) Comp(cnt) Avg(sec) KeyIn KeyDrop Rblob(GB) Wblob(GB)
----------------------------------------------------------------------------------------------------------------------------------------------------------------------------------------------------------------
 Low      0/0      0.00 KB   0.0     40.0     8.7     31.3      39.7      39.7      8.4       0.0   0.0    306.2    303.8    133.80            128.16        39    3.431     40M   305K       0.0       0.0
High      0/0      0.00 KB   0.0      0.0     0.0      0.0       9.8       9.8      9.8       0.0   0.0      0.0     76.4    131.27             16.94       161    0.815   9963K      0       0.0       0.0

Blob file count: 0, total size: 0.0 GB, garbage size: 0.0 GB, space amp: 0.0

Uptime(secs): 96.3 total, 32.3 interval
Flush(GB): cumulative 9.791, interval 1.157
AddFile(GB): cumulative 0.000, interval 0.000
AddFile(Total Files): cumulative 0, interval 0
AddFile(L0 Files): cumulative 0, interval 0
AddFile(Keys): cumulative 0, interval 0
Cumulative compaction: 49.49 GB write, 526.03 MB/s write, 40.00 GB read, 425.19 MB/s read, 265.1 seconds
Interval compaction: 7.28 GB write, 230.50 MB/s write, 6.17 GB read, 195.56 MB/s read, 103.5 seconds
Estimated pending compaction bytes: 6795588430
Write Stall (count): cf-l0-file-count-limit-delays-with-ongoing-compaction: 4, cf-l0-file-count-limit-stops-with-ongoing-compaction: 0, l0-file-count-limit-delays: 4, l0-file-count-limit-stops: 0, memtable-limit-delays: 0, memtable-limit-stops: 103, pending-compaction-bytes-delays: 0, pending-compaction-bytes-stops: 0, total-delays: 4, total-stops: 103
interval: 11 total count
Block cache AutoHyperClockCache@0x5cc2bb2b62d0#2301963 capacity: 512.00 MB seed: 1 usage: 64.00 KB table_size: 1024 occupancy: 1 collections: 1 last_copies: 2 last_secs: 6.9e-05 secs_since: 96
Block cache entry stats(count,size,portion): Misc(1,0.00 KB,0%)

** File Read Latency Histogram By Level [default] **
** Level 0 read latency histogram (micros):
Count: 3817651 Average: 1.9294  StdDev: 226.62
Min: 0  Median: 0.9973  Max: 345972
Percentiles: P50: 1.00 P75: 1.58 P99: 2.95 P99.9: 4.39 P99.99: 5.31
------------------------------------------------------
[       0,       1 ]  1913953  50.134%  50.134% ##########
(       1,       2 ]  1632118  42.752%  92.886% #########
(       2,       3 ]   246785   6.464%  99.351% #
(       3,       4 ]    19534   0.512%  99.862% 
(       4,       6 ]     7428   0.195% 100.057% 
(       6,      10 ]     4751   0.124% 100.181% 
(      10,      15 ]     1386   0.036% 100.218% 
(      15,      22 ]      773   0.020% 100.238% 
(      22,      34 ]       61   0.002% 100.239% 
(      34,      51 ]       18   0.000% 100.240% 
(      51,      76 ]       78   0.002% 100.242% 
(      76,     110 ]       89   0.002% 100.244% 
(     110,     170 ]        3   0.000% 100.244% 
(     170,     250 ]        1   0.000% 100.244% 
(     380,     580 ]        2   0.000% 100.244% 
(     580,     870 ]        7   0.000% 100.245% 
(     870,    1300 ]       16   0.000% 100.245% 
(    1300,    1900 ]        4   0.000% 100.245% 
(    1900,    2900 ]        1   0.000% 100.245% 
(    2900,    4400 ]        1   0.000% 100.245% 
(    4400,    6600 ]        1   0.000% 100.245% 
(   22000,   33000 ]        1   0.000% 100.245% 
(   33000,   50000 ]        2   0.000% 100.245% 
(   50000,   75000 ]        3   0.000% 100.245% 
(   75000,  110000 ]        5   0.000% 100.245% 
(  110000,  170000 ]        1   0.000% 100.245% 
(  250000,  380000 ]        1   0.000% 100.245% 

** Level 1 read latency histogram (micros):
Count: 6115166 Average: 1.6013  StdDev: 8.72
Min: 0  Median: 1.0243  Max: 6356
Percentiles: P50: 1.02 P75: 1.55 P99: 2.68 P99.9: 2.93 P99.99: 2.96
------------------------------------------------------
[       0,       1 ]  2986644  48.840%  48.840% ##########
(       1,       2 ]  2918251  47.722%  96.561% ##########
(       2,       3 ]   219120   3.583% 100.145% #
(       3,       4 ]    26102   0.427% 100.572% 
(       4,       6 ]    10609   0.173% 100.745% 
(       6,      10 ]     8516   0.139% 100.884% 
(      10,      15 ]     1767   0.029% 100.913% 
(      15,      22 ]      844   0.014% 100.927% 
(      22,      34 ]      128   0.002% 100.929% 
(      34,      51 ]       31   0.001% 100.930% 
(      51,      76 ]      156   0.003% 100.932% 
(      76,     110 ]      195   0.003% 100.935% 
(     110,     170 ]       61   0.001% 100.936% 
(     170,     250 ]       51   0.001% 100.937% 
(     250,     380 ]       15   0.000% 100.937% 
(     380,     580 ]       13   0.000% 100.938% 
(     580,     870 ]       15   0.000% 100.938% 
(    1900,    2900 ]        3   0.000% 100.938% 
(    2900,    4400 ]        9   0.000% 100.938% 
(    4400,    6600 ]        9   0.000% 100.938% 


** DB Stats **
Uptime(secs): 96.3 total, 32.3 interval
Cumulative writes: 9975K writes, 9975K keys, 1293K commit groups, 7.7 writes per commit group, ingest: 9.71 GB, 103.25 MB/s
Cumulative WAL: 9975K writes, 0 syncs, 9975858.00 writes per sync, written: 9.71 GB, 103.25 MB/s
Cumulative stall: 00:01:14.825 H:M:S, 77.7 percent
Interval writes: 1066K writes, 1066K keys, 136K commit groups, 7.8 writes per commit group, ingest: 1063.42 MB, 32.90 MB/s
Interval WAL: 1066K writes, 0 syncs, 1066507.00 writes per sync, written: 1.04 GB, 32.90 MB/s
Interval stall: 00:00:30.327 H:M:S, 93.8 percent
Write Stall (count): write-buffer-manager-limit-stops: 0
num-running-compactions: 2
num-running-flushes: 0

2026/08/31-11:35:01  ... thread 8: (106000,624000) ops and (2961.3,6477.5) ops/second in (35.795287,96.333150) seconds
2026/08/31-11:35:01  ... thread 3: (105000,624000) ops and (2935.2,6477.5) ops/second in (35.773117,96.333895) seconds
2026/08/31-11:35:01  ... thread 7: (105000,622000) ops and (2934.5,6456.7) ops/second in (35.780640,96.334010) seconds
2026/08/31-11:35:32  ... thread 3: (61000,685000) ops and (1969.7,5380.9) ops/second in (30.968705,127.302600) seconds
2026/08/31-11:35:32  ... thread 8: (61000,685000) ops and (1969.7,5380.9) ops/second in (30.969572,127.302722) seconds
2026/08/31-11:35:32  ... thread 4: (62000,686000) ops and (1999.9,5388.7) ops/second in (31.001204,127.303737) seconds
2026/08/31-11:35:32  ... thread 13: (62000,685000) ops and (2000.3,5380.8) ops/second in (30.994590,127.303892) seconds
2026/08/31-11:35:32  ... thread 11: (62000,685000) ops and (2000.3,5380.7) ops/second in (30.995105,127.306484) seconds
2026/08/31-11:35:32  ... thread 14: (62000,686000) ops and (2000.1,5388.4) ops/second in (30.998549,127.311567) seconds
2026/08/31-11:35:32  ... thread 15: (62000,685000) ops and (2000.5,5380.4) ops/second in (30.992780,127.313975) seconds
2026/08/31-11:35:32  ... thread 5: (62000,685000) ops and (2000.0,5380.4) ops/second in (30.999930,127.314315) seconds
2026/08/31-11:35:32  ... thread 12: (62000,685000) ops and (1999.9,5380.3) ops/second in (31.002235,127.316316) seconds
2026/08/31-11:35:32  ... thread 6: (62000,686000) ops and (2000.6,5388.1) ops/second in (30.990588,127.318683) seconds
2026/08/31-11:35:32  ... thread 2: (62000,684000) ops and (2000.2,5372.3) ops/second in (30.996897,127.318775) seconds
2026/08/31-11:35:32  ... thread 10: (62000,685000) ops and (1999.6,5379.8) ops/second in (31.006568,127.329194) seconds
2026/08/31-11:35:32  ... thread 1: (63000,686000) ops and (2030.6,5387.5) ops/second in (31.025356,127.332496) seconds
2026/08/31-11:35:32  ... thread 9: (63000,686000) ops and (2030.5,5387.4) ops/second in (31.027185,127.334737) seconds
2026/08/31-11:35:32  ... thread 0: (62000,685000) ops and (1999.7,5379.5) ops/second in (31.005344,127.334313) seconds

** Compaction Stats [default] **
Level    Files   Size     Score Read(GB)  Rn(GB) Rnp1(GB) Write(GB) WPreComp(GB) Wnew(GB) Moved(GB) W-Amp Rd(MB/s) Wr(MB/s) Comp(sec) CompMergeCPU(sec) Comp(cnt) Avg(sec) KeyIn KeyDrop Rblob(GB) Wblob(GB)
-------------------------------------------------------------------------------------------------------------------------------------------------------------------------------------------------------------
  L0     13/12     1.95 GB   0.2      7.1     0.0      7.1      17.8      17.8     10.7       0.0   1.7     29.7     74.6    243.71             36.53       204    1.195     18M   6873       0.0       0.0
  L1     45/45     3.75 GB   0.0     33.7     8.7     24.9      33.4      33.4      8.5       0.0   3.8    497.5    493.1     69.31            111.94        14    4.951     34M   299K       0.0       0.0
  L2     65/0      4.71 GB   0.1      0.0     0.0      0.0       0.0       0.0      0.0       4.7   0.0      0.0      0.0      0.00              0.00         0    0.000       0      0       0.0       0.0
 Sum    123/57    10.40 GB   0.0     40.7     8.7     32.0      51.1      51.1     19.2       4.7   4.8    133.3    167.3    313.02            148.47       218    1.436     52M   306K       0.0       0.0
 Int      0/0      0.00 KB   0.0      0.0     0.0      0.0       0.0       0.0      0.0       0.0   0.0      0.0      0.0      0.00              0.00         0    0.000       0      0       0.0       0.0

** Compaction Stats [default] **
Priority    Files   Size     Score Read(GB)  Rn(GB) Rnp1(GB) Write(GB) WPreComp(GB) Wnew(GB) Moved(GB) W-Amp Rd(MB/s) Wr(MB/s) Comp(sec) CompMergeCPU(sec) Comp(cnt) Avg(sec) KeyIn KeyDrop Rblob(GB) Wblob(GB)
----------------------------------------------------------------------------------------------------------------------------------------------------------------------------------------------------------------
 Low      0/0      0.00 KB   0.0     40.7     8.7     32.0      40.4      40.4      8.4       0.0   0.0    299.8    297.6    139.13            129.91        42    3.313     41M   306K       0.0       0.0
High      0/0      0.00 KB   0.0      0.0     0.0      0.0      10.7      10.7     10.7       0.0   0.0      0.0     63.0    173.90             18.55       176    0.988     10M      0       0.0       0.0

Blob file count: 0, total size: 0.0 GB, garbage size: 0.0 GB, space amp: 0.0

Uptime(secs): 127.3 total, 3.3 interval
Flush(GB): cumulative 10.706, interval 0.000
AddFile(GB): cumulative 0.000, interval 0.000
AddFile(Total Files): cumulative 0, interval 0
AddFile(L0 Files): cumulative 0, interval 0
AddFile(Keys): cumulative 0, interval 0
Cumulative compaction: 51.13 GB write, 411.19 MB/s write, 40.73 GB read, 327.55 MB/s read, 313.0 seconds
Interval compaction: 0.00 GB write, 0.00 MB/s write, 0.00 GB read, 0.00 MB/s read, 0.0 seconds
Estimated pending compaction bytes: 9437579320
Write Stall (count): cf-l0-file-count-limit-delays-with-ongoing-compaction: 4, cf-l0-file-count-limit-stops-with-ongoing-compaction: 0, l0-file-count-limit-delays: 4, l0-file-count-limit-stops: 0, memtable-limit-delays: 0, memtable-limit-stops: 113, pending-compaction-bytes-delays: 0, pending-compaction-bytes-stops: 0, total-delays: 4, total-stops: 113
interval: 0 total count
Block cache AutoHyperClockCache@0x5cc2bb2b62d0#2301963 capacity: 512.00 MB seed: 1 usage: 64.00 KB table_size: 1024 occupancy: 1 collections: 1 last_copies: 3 last_secs: 6.9e-05 secs_since: 127
Block cache entry stats(count,size,portion): Misc(1,0.00 KB,0%)

** File Read Latency Histogram By Level [default] **
** Level 0 read latency histogram (micros):
Count: 4408586 Average: 2.1740  StdDev: 404.49
Min: 0  Median: 0.9754  Max: 619049
Percentiles: P50: 0.98 P75: 1.57 P99: 2.94 P99.9: 4.34 P99.99: 5.31
------------------------------------------------------
[       0,       1 ]  2259978  51.263%  51.263% ##########
(       1,       2 ]  1842388  41.791%  93.054% ########
(       2,       3 ]   278428   6.316%  99.370% #
(       3,       4 ]    21992   0.499%  99.868% 
(       4,       6 ]     8206   0.186% 100.055% 
(       6,      10 ]     5377   0.122% 100.177% 
(      10,      15 ]     1553   0.035% 100.212% 
(      15,      22 ]      858   0.019% 100.231% 
(      22,      34 ]       70   0.002% 100.233% 
(      34,      51 ]       19   0.000% 100.233% 
(      51,      76 ]       81   0.002% 100.235% 
(      76,     110 ]      103   0.002% 100.237% 
(     110,     170 ]        5   0.000% 100.238% 
(     170,     250 ]        1   0.000% 100.238% 
(     380,     580 ]        2   0.000% 100.238% 
(     580,     870 ]        7   0.000% 100.238% 
(     870,    1300 ]       18   0.000% 100.238% 
(    1300,    1900 ]        5   0.000% 100.238% 
(    1900,    2900 ]        1   0.000% 100.238% 
(    2900,    4400 ]        1   0.000% 100.238% 
(    4400,    6600 ]        1   0.000% 100.238% 
(   22000,   33000 ]        1   0.000% 100.238% 
(   33000,   50000 ]        2   0.000% 100.238% 
(   50000,   75000 ]        3   0.000% 100.238% 
(   75000,  110000 ]        6   0.000% 100.239% 
(  110000,  170000 ]        2   0.000% 100.239% 
(  170000,  250000 ]        1   0.000% 100.239% 
(  250000,  380000 ]        2   0.000% 100.239% 
(  570000,  860000 ]        1   0.000% 100.239% 

** Level 1 read latency histogram (micros):
Count: 6941992 Average: 1.5645  StdDev: 8.19
Min: 0  Median: 0.9658  Max: 6356
Percentiles: P50: 0.97 P75: 1.52 P99: 2.67 P99.9: 2.93 P99.99: 2.96
------------------------------------------------------
[       0,       1 ]  3594047  51.773%  51.773% ##########
(       1,       2 ]  3116898  44.899%  96.672% #########
(       2,       3 ]   240227   3.460% 100.132% #
(       3,       4 ]    27196   0.392% 100.524% 
(       4,       6 ]    11148   0.161% 100.685% 
(       6,      10 ]     9261   0.133% 100.818% 
(      10,      15 ]     1958   0.028% 100.846% 
(      15,      22 ]      953   0.014% 100.860% 
(      22,      34 ]      147   0.002% 100.862% 
(      34,      51 ]       31   0.000% 100.862% 
(      51,      76 ]      158   0.002% 100.865% 
(      76,     110 ]      198   0.003% 100.868% 
(     110,     170 ]       61   0.001% 100.868% 
(     170,     250 ]       51   0.001% 100.869% 
(     250,     380 ]       15   0.000% 100.869% 
(     380,     580 ]       13   0.000% 100.870% 
(     580,     870 ]       15   0.000% 100.870% 
(    1900,    2900 ]        3   0.000% 100.870% 
(    2900,    4400 ]        9   0.000% 100.870% 
(    4400,    6600 ]        9   0.000% 100.870% 


** DB Stats **
Uptime(secs): 127.3 total, 3.3 interval
Cumulative writes: 10M writes, 10M keys, 1419K commit groups, 7.7 writes per commit group, ingest: 10.68 GB, 85.91 MB/s
Cumulative WAL: 10M writes, 0 syncs, 10971773.00 writes per sync, written: 10.68 GB, 85.91 MB/s
Cumulative stall: 00:01:43.386 H:M:S, 81.2 percent
Interval writes: 15K writes, 15K keys, 1950 commit groups, 7.9 writes per commit group, ingest: 15.40 MB, 4.64 MB/s
Interval WAL: 15K writes, 0 syncs, 15434.00 writes per sync, written: 0.02 GB, 4.64 MB/s
Interval stall: 00:00:6.349 H:M:S, 191.4 percent
Write Stall (count): write-buffer-manager-limit-stops: 0
num-running-compactions: 2
num-running-flushes: 2

2026/08/31-11:35:32  ... thread 7: (62000,684000) ops and (2000.0,5371.7) ops/second in (31.000586,127.334596) seconds
2026/08/31-11:36:03  ... thread 1: (81000,767000) ops and (2663.2,4862.2) ops/second in (30.414564,157.747060) seconds
2026/08/31-11:36:03  ... thread 0: (81000,766000) ops and (2662.8,4855.7) ops/second in (30.419078,157.753391) seconds

** Compaction Stats [default] **
Level    Files   Size     Score Read(GB)  Rn(GB) Rnp1(GB) Write(GB) WPreComp(GB) Wnew(GB) Moved(GB) W-Amp Rd(MB/s) Wr(MB/s) Comp(sec) CompMergeCPU(sec) Comp(cnt) Avg(sec) KeyIn KeyDrop Rblob(GB) Wblob(GB)
-------------------------------------------------------------------------------------------------------------------------------------------------------------------------------------------------------------
  L0     10/7      1.59 GB   0.8      8.3     0.0      8.3      20.3      20.3     12.0       0.0   1.7     26.5     64.6    322.31             41.67       230    1.401     20M   8150       0.0       0.0
  L1     50/50     3.59 GB   0.0     39.1    10.4     28.7      38.7      38.7     10.0       0.0   3.7    387.2    383.6    103.30            127.36        15    6.887     39M   373K       0.0       0.0
  L2     81/0      6.44 GB   0.2      0.0     0.0      0.0       0.0       0.0      0.0       6.4   0.0      0.0      0.0      0.00              0.00         0    0.000       0      0       0.0       0.0
 Sum    141/57    11.61 GB   0.0     47.4    10.4     37.0      59.0      59.0     22.0       6.4   4.9    114.1    142.0    425.61            169.04       245    1.737     60M   381K       0.0       0.0
 Int      0/0      0.00 KB   0.0      6.7     1.6      5.0       7.9       7.9      2.9       1.7   6.1     60.7     71.7    112.59             20.57        27    4.170   8092K    74K       0.0       0.0

** Compaction Stats [default] **
Priority    Files   Size     Score Read(GB)  Rn(GB) Rnp1(GB) Write(GB) WPreComp(GB) Wnew(GB) Moved(GB) W-Amp Rd(MB/s) Wr(MB/s) Comp(sec) CompMergeCPU(sec) Comp(cnt) Avg(sec) KeyIn KeyDrop Rblob(GB) Wblob(GB)
----------------------------------------------------------------------------------------------------------------------------------------------------------------------------------------------------------------
 Low      0/0      0.00 KB   0.0     47.4    10.4     37.0      47.0      47.0     10.0       0.0   0.0    245.3    243.3    197.92            148.44        48    4.123     48M   381K       0.0       0.0
High      0/0      0.00 KB   0.0      0.0     0.0      0.0      12.0      12.0     12.0       0.0   0.0      0.0     53.9    227.69             20.60       197    1.156     12M      0       0.0       0.0

Blob file count: 0, total size: 0.0 GB, garbage size: 0.0 GB, space amp: 0.0

Uptime(secs): 157.8 total, 33.7 interval
Flush(GB): cumulative 11.988, interval 1.282
AddFile(GB): cumulative 0.000, interval 0.000
AddFile(Total Files): cumulative 0, interval 0
AddFile(L0 Files): cumulative 0, interval 0
AddFile(Keys): cumulative 0, interval 0
Cumulative compaction: 59.01 GB write, 383.05 MB/s write, 47.40 GB read, 307.69 MB/s read, 425.6 seconds
Interval compaction: 7.88 GB write, 239.15 MB/s write, 6.67 GB read, 202.49 MB/s read, 112.6 seconds
Estimated pending compaction bytes: 8380086513
Write Stall (count): cf-l0-file-count-limit-delays-with-ongoing-compaction: 4, cf-l0-file-count-limit-stops-with-ongoing-compaction: 0, l0-file-count-limit-delays: 4, l0-file-count-limit-stops: 0, memtable-limit-delays: 0, memtable-limit-stops: 126, pending-compaction-bytes-delays: 0, pending-compaction-bytes-stops: 0, total-delays: 4, total-stops: 126
interval: 13 total count
Block cache AutoHyperClockCache@0x5cc2bb2b62d0#2301963 capacity: 512.00 MB seed: 1 usage: 64.00 KB table_size: 1024 occupancy: 1 collections: 1 last_copies: 3 last_secs: 6.9e-05 secs_since: 157
Block cache entry stats(count,size,portion): Misc(1,0.00 KB,0%)

** File Read Latency Histogram By Level [default] **
** Level 0 read latency histogram (micros):
Count: 4956664 Average: 2.4612  StdDev: 539.37
Min: 0  Median: 0.9493  Max: 619049
Percentiles: P50: 0.95 P75: 1.55 P99: 2.94 P99.9: 4.32 P99.99: 5.31
------------------------------------------------------
[       0,       1 ]  2610808  52.673%  52.673% ###########
(       1,       2 ]  2014271  40.638%  93.310% ########
(       2,       3 ]   301142   6.075%  99.386% #
(       3,       4 ]    24036   0.485%  99.871% 
(       4,       6 ]     9055   0.183% 100.053% 
(       6,      10 ]     5891   0.119% 100.172% 
(      10,      15 ]     1702   0.034% 100.207% 
(      15,      22 ]      940   0.019% 100.226% 
(      22,      34 ]       79   0.002% 100.227% 
(      34,      51 ]       19   0.000% 100.228% 
(      51,      76 ]       87   0.002% 100.229% 
(      76,     110 ]      117   0.002% 100.232% 
(     110,     170 ]        6   0.000% 100.232% 
(     170,     250 ]        2   0.000% 100.232% 
(     380,     580 ]        2   0.000% 100.232% 
(     580,     870 ]        8   0.000% 100.232% 
(     870,    1300 ]       22   0.000% 100.232% 
(    1300,    1900 ]        7   0.000% 100.233% 
(    1900,    2900 ]        1   0.000% 100.233% 
(    2900,    4400 ]        2   0.000% 100.233% 
(    4400,    6600 ]        2   0.000% 100.233% 
(   22000,   33000 ]        1   0.000% 100.233% 
(   33000,   50000 ]        3   0.000% 100.233% 
(   50000,   75000 ]        3   0.000% 100.233% 
(   75000,  110000 ]        7   0.000% 100.233% 
(  110000,  170000 ]        2   0.000% 100.233% 
(  170000,  250000 ]        4   0.000% 100.233% 
(  250000,  380000 ]        2   0.000% 100.233% 
(  380000,  570000 ]        2   0.000% 100.233% 
(  570000,  860000 ]        1   0.000% 100.233% 

** Level 1 read latency histogram (micros):
Count: 7624784 Average: 1.5445  StdDev: 7.90
Min: 0  Median: 0.9332  Max: 6356
Percentiles: P50: 0.93 P75: 1.50 P99: 2.67 P99.9: 2.93 P99.99: 2.96
------------------------------------------------------
[       0,       1 ]  4085243  53.578%  53.578% ###########
(       1,       2 ]  3288280  43.126%  96.705% #########
(       2,       3 ]   262046   3.437% 100.141% #
(       3,       4 ]    28439   0.373% 100.514% 
(       4,       6 ]    11795   0.155% 100.669% 
(       6,      10 ]     9958   0.131% 100.800% 
(      10,      15 ]     2186   0.029% 100.828% 
(      15,      22 ]     1076   0.014% 100.843% 
(      22,      34 ]      158   0.002% 100.845% 
(      34,      51 ]       32   0.000% 100.845% 
(      51,      76 ]      174   0.002% 100.847% 
(      76,     110 ]      219   0.003% 100.850% 
(     110,     170 ]       79   0.001% 100.851% 
(     170,     250 ]       60   0.001% 100.852% 
(     250,     380 ]       15   0.000% 100.852% 
(     380,     580 ]       14   0.000% 100.852% 
(     580,     870 ]       15   0.000% 100.853% 
(    1900,    2900 ]        3   0.000% 100.853% 
(    2900,    4400 ]       10   0.000% 100.853% 
(    4400,    6600 ]        9   0.000% 100.853% 


** DB Stats **
Uptime(secs): 157.8 total, 30.4 interval
Cumulative writes: 12M writes, 12M keys, 1584K commit groups, 7.7 writes per commit group, ingest: 11.94 GB, 77.51 MB/s
Cumulative WAL: 12M writes, 0 syncs, 12264007.00 writes per sync, written: 11.94 GB, 77.51 MB/s
Cumulative stall: 00:02:8.142 H:M:S, 81.2 percent
Interval writes: 1292K writes, 1292K keys, 164K commit groups, 7.9 writes per commit group, ingest: 1288.47 MB, 42.36 MB/s
Interval WAL: 1292K writes, 0 syncs, 1292234.00 writes per sync, written: 1.26 GB, 42.36 MB/s
Interval stall: 00:00:24.756 H:M:S, 81.4 percent
Write Stall (count): write-buffer-manager-limit-stops: 0
num-running-compactions: 1
num-running-flushes: 1

2026/08/31-11:36:03  ... thread 13: (82000,767000) ops and (2692.5,4861.8) ops/second in (30.455286,157.759178) seconds
2026/08/31-11:36:03  ... thread 9: (81000,767000) ops and (2662.0,4861.7) ops/second in (30.427930,157.762667) seconds
2026/08/31-11:36:03  ... thread 7: (81000,765000) ops and (2661.9,4849.0) ops/second in (30.429069,157.763665) seconds
2026/08/31-11:36:03  ... thread 10: (81000,766000) ops and (2661.4,4855.4) ops/second in (30.434595,157.763789) seconds
2026/08/31-11:36:03  ... thread 11: (82000,767000) ops and (2692.0,4861.6) ops/second in (30.460143,157.766627) seconds
2026/08/31-11:36:03  ... thread 14: (82000,768000) ops and (2692.5,4867.9) ops/second in (30.455472,157.767039) seconds
2026/08/31-11:36:03  ... thread 15: (82000,767000) ops and (2692.5,4861.5) ops/second in (30.454985,157.768960) seconds
2026/08/31-11:36:03  ... thread 3: (82000,767000) ops and (2691.4,4861.5) ops/second in (30.467228,157.769828) seconds
2026/08/31-11:36:03  ... thread 8: (82000,767000) ops and (2691.3,4861.5) ops/second in (30.468126,157.770848) seconds
2026/08/31-11:36:03  ... thread 12: (82000,767000) ops and (2692.4,4861.4) ops/second in (30.456210,157.772526) seconds
2026/08/31-11:36:03  ... thread 5: (82000,767000) ops and (2692.1,4861.4) ops/second in (30.459191,157.773506) seconds
2026/08/31-11:36:03  ... thread 4: (82000,768000) ops and (2691.2,4867.7) ops/second in (30.469818,157.773555) seconds
2026/08/31-11:36:03  ... thread 2: (82000,766000) ops and (2692.3,4855.0) ops/second in (30.456817,157.775592) seconds
2026/08/31-11:36:03  ... thread 6: (82000,768000) ops and (2692.1,4867.6) ops/second in (30.458948,157.777631) seconds
2026/08/31-11:36:34  ... thread 5: (127000,894000) ops and (3984.4,4714.0) ops/second in (31.874529,189.648035) seconds
2026/08/31-11:36:34  ... thread 2: (127000,893000) ops and (3984.5,4708.7) ops/second in (31.873411,189.649003) seconds
2026/08/31-11:36:34  ... thread 1: (128000,895000) ops and (4011.6,4719.1) ops/second in (31.907435,189.654495) seconds
2026/08/31-11:36:34  ... thread 13: (128000,895000) ops and (4012.5,4719.0) ops/second in (31.900116,189.659294) seconds
2026/08/31-11:36:34  ... thread 10: (128000,894000) ops and (4012.6,4713.6) ops/second in (31.899893,189.663682) seconds
2026/08/31-11:36:34  ... thread 14: (128000,896000) ops and (4013.0,4724.2) ops/second in (31.896518,189.663557) seconds
2026/08/31-11:36:34  ... thread 11: (128000,895000) ops and (4012.8,4718.9) ops/second in (31.897976,189.664603) seconds
2026/08/31-11:36:34  ... thread 12: (128000,895000) ops and (4013.3,4718.8) ops/second in (31.893581,189.666107) seconds
2026/08/31-11:36:34  ... thread 7: (128000,893000) ops and (4012.2,4708.3) ops/second in (31.902719,189.666384) seconds
2026/08/31-11:36:34  ... thread 3: (128000,895000) ops and (4012.9,4718.8) ops/second in (31.896882,189.666710) seconds
2026/08/31-11:36:34  ... thread 4: (128000,896000) ops and (4013.3,4724.1) ops/second in (31.893784,189.667339) seconds
2026/08/31-11:36:34  ... thread 15: (128000,895000) ops and (4012.3,4718.7) ops/second in (31.901812,189.670772) seconds
2026/08/31-11:36:34  ... thread 6: (128000,896000) ops and (4013.4,4724.0) ops/second in (31.893266,189.670897) seconds
2026/08/31-11:36:34  ... thread 8: (127000,894000) ops and (3980.9,4713.4) ops/second in (31.902198,189.673046) seconds
2026/08/31-11:36:34  ... thread 0: (128000,894000) ops and (4009.9,4713.3) ops/second in (31.921236,189.674627) seconds

** Compaction Stats [default] **
Level    Files   Size     Score Read(GB)  Rn(GB) Rnp1(GB) Write(GB) WPreComp(GB) Wnew(GB) Moved(GB) W-Amp Rd(MB/s) Wr(MB/s) Comp(sec) CompMergeCPU(sec) Comp(cnt) Avg(sec) KeyIn KeyDrop Rblob(GB) Wblob(GB)
-------------------------------------------------------------------------------------------------------------------------------------------------------------------------------------------------------------
  L0     16/14     2.25 GB   0.5     10.0     0.0     10.0      24.1      24.1     14.1       0.0   1.7     26.3     63.1    390.95             49.44       271    1.443     24M   9744       0.0       0.0
  L1     70/70     3.99 GB   0.0     44.1    11.8     32.3      43.6      43.6     11.4       0.0   3.7    361.6    358.1    124.76            141.65        16    7.797     44M   431K       0.0       0.0
  L2     90/0      7.38 GB   0.2      0.0     0.0      0.0       0.0       0.0      0.0       7.4   0.0      0.0      0.0      0.00              0.00         0    0.000       0      0       0.0       0.0
 Sum    176/84    13.62 GB   0.0     54.1    11.8     42.3      67.7      67.7     25.4       7.4   4.8    107.4    134.5    515.71            191.08       287    1.797     69M   441K       0.0       0.0
 Int      0/0      0.00 KB   0.0      0.0     0.0      0.0       0.2       0.2      0.2       0.0   1.0      0.0     16.7     14.83              0.47         4    3.709    246K      0       0.0       0.0

** Compaction Stats [default] **
Priority    Files   Size     Score Read(GB)  Rn(GB) Rnp1(GB) Write(GB) WPreComp(GB) Wnew(GB) Moved(GB) W-Amp Rd(MB/s) Wr(MB/s) Comp(sec) CompMergeCPU(sec) Comp(cnt) Avg(sec) KeyIn KeyDrop Rblob(GB) Wblob(GB)
----------------------------------------------------------------------------------------------------------------------------------------------------------------------------------------------------------------
 Low      0/0      0.00 KB   0.0     54.1    11.8     42.3      53.7      53.7     11.4       0.0   0.0    234.0    232.1    236.72            166.96        56    4.227     55M   441K       0.0       0.0
High      0/0      0.00 KB   0.0      0.0     0.0      0.0      14.1      14.1     14.1       0.0   0.0      0.0     51.6    278.98             24.13       231    1.208     14M      0       0.0       0.0

Blob file count: 0, total size: 0.0 GB, garbage size: 0.0 GB, space amp: 0.0

Uptime(secs): 189.7 total, 5.6 interval
Flush(GB): cumulative 14.061, interval 0.242
AddFile(GB): cumulative 0.000, interval 0.000
AddFile(Total Files): cumulative 0, interval 0
AddFile(L0 Files): cumulative 0, interval 0
AddFile(Keys): cumulative 0, interval 0
Cumulative compaction: 67.73 GB write, 365.61 MB/s write, 54.10 GB read, 292.07 MB/s read, 515.7 seconds
Interval compaction: 0.24 GB write, 43.88 MB/s write, 0.00 GB read, 0.00 MB/s read, 14.8 seconds
Estimated pending compaction bytes: 11962908085
Write Stall (count): cf-l0-file-count-limit-delays-with-ongoing-compaction: 4, cf-l0-file-count-limit-stops-with-ongoing-compaction: 0, l0-file-count-limit-delays: 4, l0-file-count-limit-stops: 0, memtable-limit-delays: 0, memtable-limit-stops: 144, pending-compaction-bytes-delays: 0, pending-compaction-bytes-stops: 0, total-delays: 4, total-stops: 144
interval: 1 total count
Block cache AutoHyperClockCache@0x5cc2bb2b62d0#2301963 capacity: 512.00 MB seed: 1 usage: 5.84 MB table_size: 2636 occupancy: 1386 collections: 2 last_copies: 0 last_secs: 0.000241 secs_since: 5
Block cache entry stats(count,size,portion): Misc(1386,5.68 MB,1.10957%)

** File Read Latency Histogram By Level [default] **
** Level 0 read latency histogram (micros):
Count: 6057057 Average: 2.8780  StdDev: 1277.98
Min: 0  Median: 0.9289  Max: 2890246
Percentiles: P50: 0.93 P75: 1.53 P99: 2.94 P99.9: 4.49 P99.99: 5.44
------------------------------------------------------
[       0,       1 ]  3260284  53.826%  53.826% ###########
(       1,       2 ]  2398535  39.599%  93.425% ########
(       2,       3 ]   358946   5.926%  99.351% #
(       3,       4 ]    30383   0.502%  99.853% 
(       4,       6 ]    11528   0.190% 100.043% 
(       6,      10 ]     6996   0.116% 100.159% 
(      10,      15 ]     2080   0.034% 100.193% 
(      15,      22 ]     1194   0.020% 100.213% 
(      22,      34 ]       88   0.001% 100.214% 
(      34,      51 ]       19   0.000% 100.215% 
(      51,      76 ]       97   0.002% 100.216% 
(      76,     110 ]      147   0.002% 100.219% 
(     110,     170 ]        7   0.000% 100.219% 
(     170,     250 ]        2   0.000% 100.219% 
(     380,     580 ]        2   0.000% 100.219% 
(     580,     870 ]        9   0.000% 100.219% 
(     870,    1300 ]       28   0.000% 100.219% 
(    1300,    1900 ]        8   0.000% 100.220% 
(    1900,    2900 ]        2   0.000% 100.220% 
(    2900,    4400 ]        2   0.000% 100.220% 
(    4400,    6600 ]        2   0.000% 100.220% 
(   22000,   33000 ]        2   0.000% 100.220% 
(   33000,   50000 ]        3   0.000% 100.220% 
(   50000,   75000 ]        5   0.000% 100.220% 
(   75000,  110000 ]       10   0.000% 100.220% 
(  110000,  170000 ]        2   0.000% 100.220% 
(  170000,  250000 ]        5   0.000% 100.220% 
(  250000,  380000 ]        2   0.000% 100.220% 
(  380000,  570000 ]        2   0.000% 100.220% 
(  570000,  860000 ]        1   0.000% 100.220% 
( 1900000, 2900000 ]        1   0.000% 100.220% 

** Level 1 read latency histogram (micros):
Count: 8919740 Average: 1.5232  StdDev: 7.32
Min: 0  Median: 0.9028  Max: 6356
Percentiles: P50: 0.90 P75: 1.48 P99: 2.69 P99.9: 2.95 P99.99: 2.98
------------------------------------------------------
[       0,       1 ]  4940307  55.386%  55.386% ###########
(       1,       2 ]  3677380  41.227%  96.614% ########
(       2,       3 ]   308618   3.460% 100.074% #
(       3,       4 ]    33191   0.372% 100.446% 
(       4,       6 ]    13786   0.155% 100.600% 
(       6,      10 ]    11315   0.127% 100.727% 
(      10,      15 ]     2590   0.029% 100.756% 
(      15,      22 ]     1356   0.015% 100.771% 
(      22,      34 ]      182   0.002% 100.773% 
(      34,      51 ]       44   0.000% 100.774% 
(      51,      76 ]      200   0.002% 100.776% 
(      76,     110 ]      248   0.003% 100.779% 
(     110,     170 ]       93   0.001% 100.780% 
(     170,     250 ]       63   0.001% 100.781% 
(     250,     380 ]       15   0.000% 100.781% 
(     380,     580 ]       14   0.000% 100.781% 
(     580,     870 ]       15   0.000% 100.781% 
(    1900,    2900 ]        3   0.000% 100.781% 
(    2900,    4400 ]       10   0.000% 100.781% 
(    4400,    6600 ]        9   0.000% 100.781% 


** DB Stats **
Uptime(secs): 189.7 total, 5.6 interval
Cumulative writes: 14M writes, 14M keys, 1846K commit groups, 7.8 writes per commit group, ingest: 13.94 GB, 75.28 MB/s
Cumulative WAL: 14M writes, 0 syncs, 14319781.00 writes per sync, written: 13.94 GB, 75.27 MB/s
Cumulative stall: 00:02:36.493 H:M:S, 82.5 percent
Interval writes: 134K writes, 134K keys, 17K commit groups, 7.6 writes per commit group, ingest: 134.23 MB, 23.77 MB/s
Interval WAL: 134K writes, 0 syncs, 134604.00 writes per sync, written: 0.13 GB, 23.77 MB/s
Interval stall: 00:00:9.648 H:M:S, 170.8 percent
Write Stall (count): write-buffer-manager-limit-stops: 0
num-running-compactions: 2
num-running-flushes: 0

2026/08/31-11:36:35  ... thread 9: (128000,895000) ops and (4010.8,4718.6) ops/second in (31.913795,189.676462) seconds
2026/08/31-11:37:05  ... thread 7: (174000,1067000) ops and (5613.4,4835.4) ops/second in (30.997192,220.663576) seconds
2026/08/31-11:37:05  ... thread 15: (174000,1069000) ops and (5613.8,4844.4) ops/second in (30.995280,220.666052) seconds
2026/08/31-11:37:05  ... thread 10: (174000,1068000) ops and (5612.2,4839.9) ops/second in (31.003609,220.667291) seconds
2026/08/31-11:37:05  ... thread 12: (174000,1069000) ops and (5612.3,4844.4) ops/second in (31.003137,220.669244) seconds
2026/08/31-11:37:05  ... thread 4: (174000,1070000) ops and (5612.4,4848.9) ops/second in (31.002831,220.670170) seconds
2026/08/31-11:37:05  ... thread 8: (174000,1068000) ops and (5613.1,4839.8) ops/second in (30.998670,220.671716) seconds
2026/08/31-11:37:05  ... thread 5: (175000,1069000) ops and (5640.5,4844.3) ops/second in (31.025353,220.673388) seconds
2026/08/31-11:37:05  ... thread 1: (175000,1070000) ops and (5641.6,4848.8) ops/second in (31.019680,220.674175) seconds
2026/08/31-11:37:05  ... thread 13: (174000,1069000) ops and (5610.0,4844.2) ops/second in (31.016116,220.675410) seconds
2026/08/31-11:37:06  ... thread 6: (174000,1070000) ops and (5611.1,4848.6) ops/second in (31.010035,220.680932) seconds
2026/08/31-11:37:06  ... thread 11: (175000,1070000) ops and (5642.1,4848.6) ops/second in (31.017001,220.681604) seconds
2026/08/31-11:37:06  ... thread 9: (174000,1069000) ops and (5610.6,4843.9) ops/second in (31.012530,220.688992) seconds
2026/08/31-11:37:06  ... thread 2: (176000,1069000) ops and (5670.0,4843.9) ops/second in (31.040748,220.689751) seconds
2026/08/31-11:37:06  ... thread 3: (174000,1069000) ops and (5608.6,4843.9) ops/second in (31.023963,220.690673) seconds
2026/08/31-11:37:06  ... thread 0: (175000,1069000) ops and (5642.2,4843.9) ops/second in (31.016258,220.690885) seconds

** Compaction Stats [default] **
Level    Files   Size     Score Read(GB)  Rn(GB) Rnp1(GB) Write(GB) WPreComp(GB) Wnew(GB) Moved(GB) W-Amp Rd(MB/s) Wr(MB/s) Comp(sec) CompMergeCPU(sec) Comp(cnt) Avg(sec) KeyIn KeyDrop Rblob(GB) Wblob(GB)
-------------------------------------------------------------------------------------------------------------------------------------------------------------------------------------------------------------
  L0     17/17     3.10 GB   0.0     12.8     0.0     12.8      29.6      29.6     16.8       0.0   1.8     28.4     65.6    461.85             60.92       327    1.412     30M    12K       0.0       0.0
  L1     64/64     3.95 GB   0.0     49.9    13.6     36.2      49.4      49.4     13.1       0.0   3.6    361.9    358.2    141.10            159.15        17    8.300     50M   518K       0.0       0.0
  L2    126/0      9.10 GB   0.2      2.0     1.0      1.0       1.9       1.9      1.0       8.1   1.9     26.2     25.3     78.43              6.28        15    5.229   2042K    66K       0.0       0.0
 Sum    207/81    16.15 GB   0.0     64.7    14.7     50.0      80.9      80.9     30.9       8.1   4.8     97.2    121.5    681.38            226.36       359    1.898     82M   597K       0.0       0.0
 Int      0/0      0.00 KB   0.0     10.6     2.9      7.7      13.4      13.4      5.7       0.7   4.5     60.0     76.0    180.51             35.74        76    2.375     13M   156K       0.0       0.0

** Compaction Stats [default] **
Priority    Files   Size     Score Read(GB)  Rn(GB) Rnp1(GB) Write(GB) WPreComp(GB) Wnew(GB) Moved(GB) W-Amp Rd(MB/s) Wr(MB/s) Comp(sec) CompMergeCPU(sec) Comp(cnt) Avg(sec) KeyIn KeyDrop Rblob(GB) Wblob(GB)
----------------------------------------------------------------------------------------------------------------------------------------------------------------------------------------------------------------
 Low      0/0      0.00 KB   0.0     64.7    14.7     50.0      64.1      64.1     14.1       0.0   0.0    185.9    184.2    356.19            197.65        83    4.291     65M   597K       0.0       0.0
High      0/0      0.00 KB   0.0      0.0     0.0      0.0      16.8      16.8     16.8       0.0   0.0      0.0     52.9    325.19             28.70       276    1.178     17M      0       0.0       0.0

Blob file count: 0, total size: 0.0 GB, garbage size: 0.0 GB, space amp: 0.0

Uptime(secs): 220.7 total, 36.7 interval
Flush(GB): cumulative 16.802, interval 2.983
AddFile(GB): cumulative 0.000, interval 0.000
AddFile(Total Files): cumulative 0, interval 0
AddFile(L0 Files): cumulative 0, interval 0
AddFile(Keys): cumulative 0, interval 0
Cumulative compaction: 80.88 GB write, 375.27 MB/s write, 64.67 GB read, 300.06 MB/s read, 681.4 seconds
Interval compaction: 13.40 GB write, 374.17 MB/s write, 10.57 GB read, 295.17 MB/s read, 180.5 seconds
Estimated pending compaction bytes: 15067666374
Write Stall (count): cf-l0-file-count-limit-delays-with-ongoing-compaction: 4, cf-l0-file-count-limit-stops-with-ongoing-compaction: 0, l0-file-count-limit-delays: 4, l0-file-count-limit-stops: 0, memtable-limit-delays: 0, memtable-limit-stops: 173, pending-compaction-bytes-delays: 0, pending-compaction-bytes-stops: 0, total-delays: 4, total-stops: 173
interval: 30 total count
Block cache AutoHyperClockCache@0x5cc2bb2b62d0#2301963 capacity: 512.00 MB seed: 1 usage: 5.84 MB table_size: 2636 occupancy: 1386 collections: 2 last_copies: 0 last_secs: 0.000241 secs_since: 36
Block cache entry stats(count,size,portion): Misc(1386,5.68 MB,1.10957%)

** File Read Latency Histogram By Level [default] **
** Level 0 read latency histogram (micros):
Count: 7186943 Average: 2.7254  StdDev: 1176.47
Min: 0  Median: 0.9149  Max: 2890246
Percentiles: P50: 0.91 P75: 1.52 P99: 2.94 P99.9: 4.40 P99.99: 5.36
------------------------------------------------------
[       0,       1 ]  3927586  54.649%  54.649% ###########
(       1,       2 ]  2797147  38.920%  93.569% ########
(       2,       3 ]   416339   5.793%  99.362% #
(       3,       4 ]    36037   0.501%  99.863% 
(       4,       6 ]    13366   0.186% 100.049% 
(       6,      10 ]     8070   0.112% 100.161% 
(      10,      15 ]     2361   0.033% 100.194% 
(      15,      22 ]     1344   0.019% 100.213% 
(      22,      34 ]      102   0.001% 100.214% 
(      34,      51 ]       24   0.000% 100.215% 
(      51,      76 ]      116   0.002% 100.216% 
(      76,     110 ]      174   0.002% 100.219% 
(     110,     170 ]        8   0.000% 100.219% 
(     170,     250 ]        3   0.000% 100.219% 
(     250,     380 ]        1   0.000% 100.219% 
(     380,     580 ]        2   0.000% 100.219% 
(     580,     870 ]       15   0.000% 100.219% 
(     870,    1300 ]       32   0.000% 100.220% 
(    1300,    1900 ]        9   0.000% 100.220% 
(    1900,    2900 ]        3   0.000% 100.220% 
(    2900,    4400 ]        2   0.000% 100.220% 
(    4400,    6600 ]        2   0.000% 100.220% 
(    6600,    9900 ]        1   0.000% 100.220% 
(   14000,   22000 ]        1   0.000% 100.220% 
(   22000,   33000 ]        2   0.000% 100.220% 
(   33000,   50000 ]        3   0.000% 100.220% 
(   50000,   75000 ]        5   0.000% 100.220% 
(   75000,  110000 ]       13   0.000% 100.220% 
(  110000,  170000 ]        2   0.000% 100.220% 
(  170000,  250000 ]        6   0.000% 100.220% 
(  250000,  380000 ]        2   0.000% 100.220% 
(  380000,  570000 ]        2   0.000% 100.220% 
(  570000,  860000 ]        1   0.000% 100.220% 
( 1900000, 2900000 ]        1   0.000% 100.220% 

** Level 1 read latency histogram (micros):
Count: 10102855 Average: 1.5126  StdDev: 6.89
Min: 0  Median: 0.8900  Max: 6356
Percentiles: P50: 0.89 P75: 1.46 P99: 2.69 P99.9: 2.95 P99.99: 2.98
------------------------------------------------------
[       0,       1 ]  5675499  56.177%  56.177% ###########
(       1,       2 ]  4091230  40.496%  96.673% ########
(       2,       3 ]   343175   3.397% 100.070% #
(       3,       4 ]    37679   0.373% 100.443% 
(       4,       6 ]    15324   0.152% 100.594% 
(       6,      10 ]    12640   0.125% 100.720% 
(      10,      15 ]     2866   0.028% 100.748% 
(      15,      22 ]     1519   0.015% 100.763% 
(      22,      34 ]      196   0.002% 100.765% 
(      34,      51 ]       51   0.001% 100.765% 
(      51,      76 ]      210   0.002% 100.767% 
(      76,     110 ]      296   0.003% 100.770% 
(     110,     170 ]      112   0.001% 100.771% 
(     170,     250 ]       64   0.001% 100.772% 
(     250,     380 ]       16   0.000% 100.772% 
(     380,     580 ]       17   0.000% 100.772% 
(     580,     870 ]       15   0.000% 100.773% 
(    1900,    2900 ]        3   0.000% 100.773% 
(    2900,    4400 ]       10   0.000% 100.773% 
(    4400,    6600 ]        9   0.000% 100.773% 

** Level 2 read latency histogram (micros):
Count: 180 Average: 526.0389  StdDev: 4050.89
Min: 1  Median: 2.6316  Max: 43306
Percentiles: P50: 2.63 P75: 15.00 P99: 28600.00 P99.9: 43306.00 P99.99: 43306.00
------------------------------------------------------
[       0,       1 ]       21  11.667%  11.667% ##
(       1,       2 ]       57  31.667%  43.333% ######
(       2,       3 ]       19  10.556%  53.889% ##
(       3,       4 ]        3   1.667%  55.556% 
(       4,       6 ]        5   2.778%  58.333% #
(       6,      10 ]       25  13.889%  72.222% ###
(      10,      15 ]        5   2.778%  75.000% #
(      15,      22 ]        1   0.556%  75.556% 
(      22,      34 ]        4   2.222%  77.778% 
(      34,      51 ]        3   1.667%  79.444% 
(      51,      76 ]       17   9.444%  88.889% ##
(      76,     110 ]       13   7.222%  96.111% #
(     170,     250 ]        4   2.222%  98.333% 
(   22000,   33000 ]        2   1.111%  99.444% 
(   33000,   50000 ]        1   0.556% 100.000% 


** DB Stats **
Uptime(secs): 220.7 total, 31.0 interval
Cumulative writes: 17M writes, 17M keys, 2204K commit groups, 7.8 writes per commit group, ingest: 16.66 GB, 77.32 MB/s
Cumulative WAL: 17M writes, 0 syncs, 17112957.00 writes per sync, written: 16.66 GB, 77.32 MB/s
Cumulative stall: 00:03:2.184 H:M:S, 82.5 percent
Interval writes: 2793K writes, 2793K keys, 358K commit groups, 7.8 writes per commit group, ingest: 2785.08 MB, 89.79 MB/s
Interval WAL: 2793K writes, 0 syncs, 2793176.00 writes per sync, written: 2.72 GB, 89.79 MB/s
Interval stall: 00:00:25.690 H:M:S, 82.8 percent
Write Stall (count): write-buffer-manager-limit-stops: 0
num-running-compactions: 2
num-running-flushes: 1

2026/08/31-11:37:06  ... thread 14: (175000,1071000) ops and (5640.1,4852.9) ops/second in (31.027981,220.691538) seconds
2026/08/31-11:37:36  ... thread 14: (88000,1159000) ops and (2914.4,4619.6) ops/second in (30.195296,250.886834) seconds
2026/08/31-11:37:36  ... thread 2: (88000,1157000) ops and (2913.8,4611.6) ops/second in (30.201528,250.891279) seconds
2026/08/31-11:37:36  ... thread 4: (89000,1159000) ops and (2944.6,4619.5) ops/second in (30.224731,250.894901) seconds
2026/08/31-11:37:36  ... thread 8: (89000,1157000) ops and (2944.8,4611.5) ops/second in (30.223118,250.894834) seconds
2026/08/31-11:37:36  ... thread 15: (89000,1158000) ops and (2943.9,4615.4) ops/second in (30.232167,250.898219) seconds
2026/08/31-11:37:36  ... thread 7: (89000,1156000) ops and (2943.6,4607.4) ops/second in (30.234642,250.898218) seconds
2026/08/31-11:37:36  ... thread 11: (89000,1159000) ops and (2945.4,4619.4) ops/second in (30.216566,250.898170) seconds
2026/08/31-11:37:36  ... thread 1: (89000,1159000) ops and (2944.6,4619.4) ops/second in (30.224745,250.898920) seconds
2026/08/31-11:37:36  ... thread 9: (88000,1157000) ops and (2912.6,4611.4) ops/second in (30.213121,250.902113) seconds
2026/08/31-11:37:36  ... thread 12: (89000,1158000) ops and (2943.8,4615.3) ops/second in (30.232757,250.902001) seconds
2026/08/31-11:37:36  ... thread 13: (89000,1158000) ops and (2944.2,4615.3) ops/second in (30.228646,250.904056) seconds
2026/08/31-11:37:36  ... thread 0: (89000,1158000) ops and (2945.3,4615.2) ops/second in (30.217350,250.908235) seconds

** Compaction Stats [default] **
Level    Files   Size     Score Read(GB)  Rn(GB) Rnp1(GB) Write(GB) WPreComp(GB) Wnew(GB) Moved(GB) W-Amp Rd(MB/s) Wr(MB/s) Comp(sec) CompMergeCPU(sec) Comp(cnt) Avg(sec) KeyIn KeyDrop Rblob(GB) Wblob(GB)
-------------------------------------------------------------------------------------------------------------------------------------------------------------------------------------------------------------
  L0     10/4      1.70 GB   1.5     14.2     0.0     14.2      32.4      32.4     18.2       0.0   1.8     28.0     63.7    521.69             67.13       356    1.465     33M    13K       0.0       0.0
  L1     55/0      3.88 GB   1.0     56.7    16.5     40.2      56.0      56.0     15.8       0.0   3.4    361.9    357.7    160.38            179.31        18    8.910     57M   668K       0.0       0.0
  L2    188/0     11.69 GB   0.3      7.3     3.7      3.5       7.0       7.0      3.5       8.2   1.9     24.3     23.4    306.32             22.00        43    7.124   7388K   261K       0.0       0.0
 Sum    253/4     17.26 GB   0.0     78.2    20.2     58.0      95.5      95.5     37.5       8.2   5.2     81.0     98.9    988.39            268.43       417    2.370     98M   943K       0.0       0.0
 Int      0/0      0.00 KB   0.0      2.6     0.9      1.7       3.2       3.2      1.4       0.0   5.2     33.7     40.6     79.50              8.26        21    3.786   3278K    70K       0.0       0.0

** Compaction Stats [default] **
Priority    Files   Size     Score Read(GB)  Rn(GB) Rnp1(GB) Write(GB) WPreComp(GB) Wnew(GB) Moved(GB) W-Amp Rd(MB/s) Wr(MB/s) Comp(sec) CompMergeCPU(sec) Comp(cnt) Avg(sec) KeyIn KeyDrop Rblob(GB) Wblob(GB)
----------------------------------------------------------------------------------------------------------------------------------------------------------------------------------------------------------------
 Low      0/0      0.00 KB   0.0     78.2    20.2     58.0      77.3      77.3     19.3       0.0   0.0    127.3    125.8    628.77            237.32       118    5.329     79M   943K       0.0       0.0
High      0/0      0.00 KB   0.0      0.0     0.0      0.0      18.2      18.2     18.2       0.0   0.0      0.0     51.8    359.62             31.12       299    1.203     18M      0       0.0       0.0

Blob file count: 0, total size: 0.0 GB, garbage size: 0.0 GB, space amp: 0.0

Uptime(secs): 250.9 total, 6.5 interval
Flush(GB): cumulative 18.199, interval 0.609
AddFile(GB): cumulative 0.000, interval 0.000
AddFile(Total Files): cumulative 0, interval 0
AddFile(L0 Files): cumulative 0, interval 0
AddFile(Keys): cumulative 0, interval 0
Cumulative compaction: 95.45 GB write, 389.54 MB/s write, 78.19 GB read, 319.08 MB/s read, 988.4 seconds
Interval compaction: 3.15 GB write, 497.25 MB/s write, 2.61 GB read, 412.11 MB/s read, 79.5 seconds
Estimated pending compaction bytes: 11224166994
Write Stall (count): cf-l0-file-count-limit-delays-with-ongoing-compaction: 6, cf-l0-file-count-limit-stops-with-ongoing-compaction: 0, l0-file-count-limit-delays: 6, l0-file-count-limit-stops: 0, memtable-limit-delays: 0, memtable-limit-stops: 195, pending-compaction-bytes-delays: 0, pending-compaction-bytes-stops: 0, total-delays: 6, total-stops: 195
interval: 7 total count
Block cache AutoHyperClockCache@0x5cc2bb2b62d0#2301963 capacity: 512.00 MB seed: 1 usage: 5.84 MB table_size: 2636 occupancy: 1386 collections: 2 last_copies: 1 last_secs: 0.000241 secs_since: 66
Block cache entry stats(count,size,portion): Misc(1386,5.68 MB,1.10957%)

** File Read Latency Histogram By Level [default] **
** Level 0 read latency histogram (micros):
Count: 7778050 Average: 2.7569  StdDev: 1157.98
Min: 0  Median: 0.9048  Max: 2890246
Percentiles: P50: 0.90 P75: 1.51 P99: 2.94 P99.9: 4.48 P99.99: 5.44
------------------------------------------------------
[       0,       1 ]  4298112  55.260%  55.260% ###########
(       1,       2 ]  2987830  38.414%  93.673% ########
(       2,       3 ]   441647   5.678%  99.351% #
(       3,       4 ]    39208   0.504%  99.855% 
(       4,       6 ]    14582   0.187% 100.043% 
(       6,      10 ]     8559   0.110% 100.153% 
(      10,      15 ]     2571   0.033% 100.186% 
(      15,      22 ]     1481   0.019% 100.205% 
(      22,      34 ]      115   0.001% 100.206% 
(      34,      51 ]       28   0.000% 100.207% 
(      51,      76 ]      123   0.002% 100.208% 
(      76,     110 ]      196   0.003% 100.211% 
(     110,     170 ]        9   0.000% 100.211% 
(     170,     250 ]        3   0.000% 100.211% 
(     250,     380 ]        1   0.000% 100.211% 
(     380,     580 ]        2   0.000% 100.211% 
(     580,     870 ]       19   0.000% 100.211% 
(     870,    1300 ]       35   0.000% 100.212% 
(    1300,    1900 ]       12   0.000% 100.212% 
(    1900,    2900 ]        3   0.000% 100.212% 
(    2900,    4400 ]        2   0.000% 100.212% 
(    4400,    6600 ]        2   0.000% 100.212% 
(    6600,    9900 ]        1   0.000% 100.212% 
(   14000,   22000 ]        1   0.000% 100.212% 
(   22000,   33000 ]        2   0.000% 100.212% 
(   33000,   50000 ]        5   0.000% 100.212% 
(   50000,   75000 ]        6   0.000% 100.212% 
(   75000,  110000 ]       13   0.000% 100.212% 
(  110000,  170000 ]        2   0.000% 100.212% 
(  170000,  250000 ]        7   0.000% 100.212% 
(  250000,  380000 ]        2   0.000% 100.213% 
(  380000,  570000 ]        2   0.000% 100.213% 
(  570000,  860000 ]        2   0.000% 100.213% 
( 1900000, 2900000 ]        1   0.000% 100.213% 

** Level 1 read latency histogram (micros):
Count: 11669769 Average: 1.5028  StdDev: 6.42
Min: 0  Median: 0.8775  Max: 6356
Percentiles: P50: 0.88 P75: 1.45 P99: 2.68 P99.9: 2.95 P99.99: 2.97
------------------------------------------------------
[       0,       1 ]  6649171  56.978%  56.978% ###########
(       1,       2 ]  4632191  39.694%  96.672% ########
(       2,       3 ]   397435   3.406% 100.077% #
(       3,       4 ]    44021   0.377% 100.455% 
(       4,       6 ]    18044   0.155% 100.609% 
(       6,      10 ]    14199   0.122% 100.731% 
(      10,      15 ]     3324   0.028% 100.759% 
(      15,      22 ]     1748   0.015% 100.774% 
(      22,      34 ]      230   0.002% 100.776% 
(      34,      51 ]       58   0.000% 100.777% 
(      51,      76 ]      231   0.002% 100.779% 
(      76,     110 ]      317   0.003% 100.782% 
(     110,     170 ]      149   0.001% 100.783% 
(     170,     250 ]       71   0.001% 100.783% 
(     250,     380 ]       17   0.000% 100.784% 
(     380,     580 ]       17   0.000% 100.784% 
(     580,     870 ]       15   0.000% 100.784% 
(    1900,    2900 ]        3   0.000% 100.784% 
(    2900,    4400 ]       11   0.000% 100.784% 
(    4400,    6600 ]        9   0.000% 100.784% 

** Level 2 read latency histogram (micros):
Count: 31041 Average: 106.0216  StdDev: 7762.56
Min: 0  Median: 0.8130  Max: 923871
Percentiles: P50: 0.81 P75: 1.38 P99: 3.05 P99.9: 66.85 P99.99: 82.05
------------------------------------------------------
[       0,       1 ]    19090  61.499%  61.499% ############
(       1,       2 ]    11043  35.576%  97.075% #######
(       2,       3 ]      595   1.917%  98.992% 
(       3,       4 ]       49   0.158%  99.150% 
(       4,       6 ]       46   0.148%  99.298% 
(       6,      10 ]       86   0.277%  99.575% 
(      10,      15 ]       29   0.093%  99.668% 
(      15,      22 ]       10   0.032%  99.700% 
(      22,      34 ]       11   0.035%  99.736% 
(      34,      51 ]       18   0.058%  99.794% 
(      51,      76 ]       52   0.168%  99.961% 
(      76,     110 ]       50   0.161% 100.122% 
(     170,     250 ]        4   0.013% 100.135% 
(    1300,    1900 ]        1   0.003% 100.139% 
(    1900,    2900 ]        1   0.003% 100.142% 
(    9900,   14000 ]        1   0.003% 100.145% 
(   14000,   22000 ]        2   0.006% 100.151% 
(   22000,   33000 ]        6   0.019% 100.171% 
(   33000,   50000 ]        6   0.019% 100.190% 
(   75000,  110000 ]        3   0.010% 100.200% 
(  170000,  250000 ]        1   0.003% 100.203% 
(  570000,  860000 ]        2   0.006% 100.209% 
(  860000, 1200000 ]        1   0.003% 100.213% 


** DB Stats **
Uptime(secs): 250.9 total, 6.5 interval
Cumulative writes: 18M writes, 18M keys, 2388K commit groups, 7.8 writes per commit group, ingest: 18.04 GB, 73.64 MB/s
Cumulative WAL: 18M writes, 0 syncs, 18530431.00 writes per sync, written: 18.04 GB, 73.64 MB/s
Cumulative stall: 00:03:29.423 H:M:S, 83.5 percent
Interval writes: 630K writes, 630K keys, 80K commit groups, 7.8 writes per commit group, ingest: 628.44 MB, 96.80 MB/s
Interval WAL: 630K writes, 0 syncs, 630268.00 writes per sync, written: 0.61 GB, 96.80 MB/s
Interval stall: 00:00:8.786 H:M:S, 135.3 percent
Write Stall (count): write-buffer-manager-limit-stops: 0
num-running-compactions: 2
num-running-flushes: 1

2026/08/31-11:37:36  ... thread 5: (89000,1158000) ops and (2943.4,4615.2) ops/second in (30.236694,250.910082) seconds
2026/08/31-11:37:36  ... thread 3: (89000,1158000) ops and (2945.1,4615.2) ops/second in (30.219863,250.910536) seconds
2026/08/31-11:37:36  ... thread 10: (89000,1157000) ops and (2942.6,4611.2) ops/second in (30.245485,250.912776) seconds
2026/08/31-11:37:36  ... thread 6: (89000,1159000) ops and (2943.8,4619.1) ops/second in (30.233310,250.914242) seconds
2026/08/31-11:38:12  ... thread 3: (166000,1324000) ops and (4530.1,4604.3) ops/second in (36.644170,287.554706) seconds
2026/08/31-11:38:12  ... thread 14: (166000,1325000) ops and (4526.6,4607.8) ops/second in (36.672163,287.558997) seconds
2026/08/31-11:38:12  ... thread 1: (166000,1325000) ops and (4527.8,4607.7) ops/second in (36.662358,287.561278) seconds
2026/08/31-11:38:12  ... thread 13: (166000,1324000) ops and (4528.3,4604.2) ops/second in (36.658052,287.562108) seconds
2026/08/31-11:38:12  ... thread 7: (166000,1322000) ops and (4527.5,4597.2) ops/second in (36.665063,287.563281) seconds
2026/08/31-11:38:12  ... thread 9: (166000,1323000) ops and (4527.7,4600.7) ops/second in (36.663423,287.565536) seconds
2026/08/31-11:38:12  ... thread 6: (166000,1325000) ops and (4528.9,4607.6) ops/second in (36.653353,287.567595) seconds
2026/08/31-11:38:12  ... thread 12: (166000,1324000) ops and (4527.4,4604.1) ops/second in (36.665715,287.567716) seconds
2026/08/31-11:38:12  ... thread 2: (167000,1324000) ops and (4552.8,4604.1) ops/second in (36.681013,287.572292) seconds
2026/08/31-11:38:12  ... thread 11: (167000,1326000) ops and (4553.4,4611.0) ops/second in (36.675854,287.574024) seconds
2026/08/31-11:38:12  ... thread 5: (166000,1324000) ops and (4527.1,4604.0) ops/second in (36.668014,287.578096) seconds
2026/08/31-11:38:12  ... thread 0: (166000,1324000) ops and (4526.8,4604.0) ops/second in (36.670839,287.579074) seconds
2026/08/31-11:38:12  ... thread 4: (167000,1326000) ops and (4552.3,4610.9) ops/second in (36.684537,287.579438) seconds

** Compaction Stats [default] **
Level    Files   Size     Score Read(GB)  Rn(GB) Rnp1(GB) Write(GB) WPreComp(GB) Wnew(GB) Moved(GB) W-Amp Rd(MB/s) Wr(MB/s) Comp(sec) CompMergeCPU(sec) Comp(cnt) Avg(sec) KeyIn KeyDrop Rblob(GB) Wblob(GB)
-------------------------------------------------------------------------------------------------------------------------------------------------------------------------------------------------------------
  L0      7/4    620.10 MB   0.8     16.7     0.0     16.7      37.5      37.5     20.8       0.0   1.8     29.2     65.4    588.12             77.75       409    1.438     38M    16K       0.0       0.0
  L1     96/19     7.33 GB   1.3     64.3    20.2     44.1      63.4      63.4     19.3       0.0   3.1    364.2    359.3    180.66            201.27        19    9.509     65M   872K       0.0       0.0
  L2    188/27    11.73 GB   0.3      7.3     3.8      3.6       7.1       7.1      3.5       8.2   1.9     24.0     23.1    312.84             22.30        44    7.110   7461K   264K       0.0       0.0
 Sum    291/50    19.67 GB   0.0     88.3    24.0     64.4     108.0     108.0     43.6       8.2   5.2     83.6    102.3   1081.62            301.32       472    2.292    111M  1153K       0.0       0.0
 Int      0/0      0.00 KB   0.0     12.8     4.6      8.1      15.7      15.7      7.6       0.0   4.9     75.7     93.1    172.73             41.14        76    2.273     16M   280K       0.0       0.0

** Compaction Stats [default] **
Priority    Files   Size     Score Read(GB)  Rn(GB) Rnp1(GB) Write(GB) WPreComp(GB) Wnew(GB) Moved(GB) W-Amp Rd(MB/s) Wr(MB/s) Comp(sec) CompMergeCPU(sec) Comp(cnt) Avg(sec) KeyIn KeyDrop Rblob(GB) Wblob(GB)
----------------------------------------------------------------------------------------------------------------------------------------------------------------------------------------------------------------
 Low      0/0      0.00 KB   0.0     88.3    24.0     64.4      87.2      87.2     22.8       0.0   0.0    133.7    132.0    676.33            265.92       130    5.203     89M  1153K       0.0       0.0
High      0/0      0.00 KB   0.0      0.0     0.0      0.0      20.8      20.8     20.8       0.0   0.0      0.0     52.6    405.29             35.40       342    1.185     21M      0       0.0       0.0

Blob file count: 0, total size: 0.0 GB, garbage size: 0.0 GB, space amp: 0.0

Uptime(secs): 287.6 total, 43.2 interval
Flush(GB): cumulative 20.816, interval 3.225
AddFile(GB): cumulative 0.000, interval 0.000
AddFile(Total Files): cumulative 0, interval 0
AddFile(L0 Files): cumulative 0, interval 0
AddFile(Keys): cumulative 0, interval 0
Cumulative compaction: 108.01 GB write, 384.59 MB/s write, 88.34 GB read, 314.54 MB/s read, 1081.6 seconds
Interval compaction: 15.71 GB write, 372.73 MB/s write, 12.76 GB read, 302.79 MB/s read, 172.7 seconds
Estimated pending compaction bytes: 19005907529
Write Stall (count): cf-l0-file-count-limit-delays-with-ongoing-compaction: 11, cf-l0-file-count-limit-stops-with-ongoing-compaction: 0, l0-file-count-limit-delays: 11, l0-file-count-limit-stops: 0, memtable-limit-delays: 0, memtable-limit-stops: 218, pending-compaction-bytes-delays: 0, pending-compaction-bytes-stops: 0, total-delays: 11, total-stops: 218
interval: 35 total count
Block cache AutoHyperClockCache@0x5cc2bb2b62d0#2301963 capacity: 512.00 MB seed: 1 usage: 5.84 MB table_size: 2636 occupancy: 1386 collections: 2 last_copies: 1 last_secs: 0.000241 secs_since: 103
Block cache entry stats(count,size,portion): Misc(1386,5.68 MB,1.10957%)

** File Read Latency Histogram By Level [default] **
** Level 0 read latency histogram (micros):
Count: 9405180 Average: 2.6080  StdDev: 1056.26
Min: 0  Median: 0.8958  Max: 2890246
Percentiles: P50: 0.90 P75: 1.50 P99: 2.94 P99.9: 4.46 P99.99: 5.40
------------------------------------------------------
[       0,       1 ]  5249609  55.816%  55.816% ###########
(       1,       2 ]  3573217  37.992%  93.808% ########
(       2,       3 ]   519902   5.528%  99.336% #
(       3,       4 ]    48948   0.520%  99.856% 
(       4,       6 ]    17957   0.191% 100.047% 
(       6,      10 ]    10289   0.109% 100.157% 
(      10,      15 ]     3290   0.035% 100.192% 
(      15,      22 ]     1923   0.020% 100.212% 
(      22,      34 ]      150   0.002% 100.214% 
(      34,      51 ]       31   0.000% 100.214% 
(      51,      76 ]      135   0.001% 100.216% 
(      76,     110 ]      232   0.002% 100.218% 
(     110,     170 ]       10   0.000% 100.218% 
(     170,     250 ]        3   0.000% 100.218% 
(     250,     380 ]        2   0.000% 100.218% 
(     380,     580 ]        2   0.000% 100.218% 
(     580,     870 ]       21   0.000% 100.218% 
(     870,    1300 ]       40   0.000% 100.219% 
(    1300,    1900 ]       15   0.000% 100.219% 
(    1900,    2900 ]        3   0.000% 100.219% 
(    2900,    4400 ]        2   0.000% 100.219% 
(    4400,    6600 ]        2   0.000% 100.219% 
(    6600,    9900 ]        1   0.000% 100.219% 
(   14000,   22000 ]        2   0.000% 100.219% 
(   22000,   33000 ]        3   0.000% 100.219% 
(   33000,   50000 ]        6   0.000% 100.219% 
(   50000,   75000 ]        9   0.000% 100.219% 
(   75000,  110000 ]       15   0.000% 100.219% 
(  110000,  170000 ]        2   0.000% 100.219% 
(  170000,  250000 ]        8   0.000% 100.220% 
(  250000,  380000 ]        2   0.000% 100.220% 
(  380000,  570000 ]        2   0.000% 100.220% 
(  570000,  860000 ]        2   0.000% 100.220% 
( 1900000, 2900000 ]        1   0.000% 100.220% 

** Level 1 read latency histogram (micros):
Count: 13135387 Average: 1.4940  StdDev: 6.08
Min: 0  Median: 0.8650  Max: 6356
Percentiles: P50: 0.87 P75: 1.44 P99: 2.70 P99.9: 2.96 P99.99: 2.98
------------------------------------------------------
[       0,       1 ]  7592360  57.801%  57.801% ############
(       1,       2 ]  5099081  38.819%  96.620% ########
(       2,       3 ]   449415   3.421% 100.042% #
(       3,       4 ]    49837   0.379% 100.421% 
(       4,       6 ]    20502   0.156% 100.577% 
(       6,      10 ]    15928   0.121% 100.698% 
(      10,      15 ]     3808   0.029% 100.727% 
(      15,      22 ]     2104   0.016% 100.743% 
(      22,      34 ]      270   0.002% 100.745% 
(      34,      51 ]       61   0.000% 100.746% 
(      51,      76 ]      253   0.002% 100.748% 
(      76,     110 ]      359   0.003% 100.751% 
(     110,     170 ]      173   0.001% 100.752% 
(     170,     250 ]       76   0.001% 100.752% 
(     250,     380 ]       21   0.000% 100.753% 
(     380,     580 ]       18   0.000% 100.753% 
(     580,     870 ]       18   0.000% 100.753% 
(    1900,    2900 ]        3   0.000% 100.753% 
(    2900,    4400 ]       11   0.000% 100.753% 
(    4400,    6600 ]        9   0.000% 100.753% 

** Level 2 read latency histogram (micros):
Count: 68218 Average: 49.7262  StdDev: 5238.71
Min: 0  Median: 0.9243  Max: 923871
Percentiles: P50: 0.92 P75: 1.52 P99: 4.00 P99.9: 21.43 P99.99: 64.97
------------------------------------------------------
[       0,       1 ]    36901  54.093%  54.093% ###########
(       1,       2 ]    27554  40.391%  94.484% ########
(       2,       3 ]     1895   2.778%  97.262% #
(       3,       4 ]     1189   1.743%  99.005% 
(       4,       6 ]      414   0.607%  99.612% 
(       6,      10 ]      144   0.211%  99.823% 
(      10,      15 ]       39   0.057%  99.880% 
(      15,      22 ]       15   0.022%  99.902% 
(      22,      34 ]       12   0.018%  99.919% 
(      34,      51 ]       18   0.026%  99.946% 
(      51,      76 ]       54   0.079% 100.025% 
(      76,     110 ]       50   0.073% 100.098% 
(     170,     250 ]        4   0.006% 100.104% 
(    1300,    1900 ]        1   0.001% 100.106% 
(    1900,    2900 ]        1   0.001% 100.107% 
(    9900,   14000 ]        1   0.001% 100.108% 
(   14000,   22000 ]        2   0.003% 100.111% 
(   22000,   33000 ]        6   0.009% 100.120% 
(   33000,   50000 ]        7   0.010% 100.130% 
(   75000,  110000 ]        3   0.004% 100.135% 
(  170000,  250000 ]        1   0.001% 100.136% 
(  570000,  860000 ]        2   0.003% 100.139% 
(  860000, 1200000 ]        1   0.001% 100.141% 


** DB Stats **
Uptime(secs): 287.6 total, 36.7 interval
Cumulative writes: 21M writes, 21M keys, 2734K commit groups, 7.8 writes per commit group, ingest: 20.64 GB, 73.48 MB/s
Cumulative WAL: 21M writes, 0 syncs, 21193255.00 writes per sync, written: 20.64 GB, 73.48 MB/s
Cumulative stall: 00:03:58.746 H:M:S, 83.0 percent
Interval writes: 2662K writes, 2662K keys, 345K commit groups, 7.7 writes per commit group, ingest: 2655.16 MB, 72.40 MB/s
Interval WAL: 2662K writes, 0 syncs, 2662824.00 writes per sync, written: 2.59 GB, 72.40 MB/s
Interval stall: 00:00:29.323 H:M:S, 80.0 percent
Write Stall (count): write-buffer-manager-limit-stops: 0
num-running-compactions: 18
num-running-flushes: 0

2026/08/31-11:38:12  ... thread 8: (167000,1324000) ops and (4552.0,4603.9) ops/second in (36.686866,287.581700) seconds
2026/08/31-11:38:12  ... thread 10: (167000,1324000) ops and (4554.0,4603.9) ops/second in (36.670836,287.583612) seconds
2026/08/31-11:38:12  ... thread 15: (167000,1325000) ops and (4552.0,4607.3) ops/second in (36.687127,287.585346) seconds
2026/08/31-11:38:45  ... thread 10: (162000,1486000) ops and (4907.2,4635.1) ops/second in (33.012987,320.596599) seconds
2026/08/31-11:38:45  ... thread 9: (163000,1486000) ops and (4934.3,4635.1) ops/second in (33.034175,320.599711) seconds
2026/08/31-11:38:45  ... thread 12: (162000,1486000) ops and (4904.1,4635.0) ops/second in (33.033569,320.601285) seconds
2026/08/31-11:38:45  ... thread 0: (162000,1486000) ops and (4905.6,4635.0) ops/second in (33.023305,320.602379) seconds

** Compaction Stats [default] **
Level    Files   Size     Score Read(GB)  Rn(GB) Rnp1(GB) Write(GB) WPreComp(GB) Wnew(GB) Moved(GB) W-Amp Rd(MB/s) Wr(MB/s) Comp(sec) CompMergeCPU(sec) Comp(cnt) Avg(sec) KeyIn KeyDrop Rblob(GB) Wblob(GB)
-------------------------------------------------------------------------------------------------------------------------------------------------------------------------------------------------------------
  L0     17/17     3.10 GB   0.0     19.2     0.0     19.2      42.5      42.5     23.3       0.0   1.8     29.6     65.3    666.60             87.99       460    1.449     43M    18K       0.0       0.0
  L1     61/61     3.98 GB   0.0     64.3    20.2     44.1      63.4      63.4     19.3       0.0   3.1    364.2    359.3    180.66            201.27        19    9.509     65M   872K       0.0       0.0
  L2    250/0     14.82 GB   0.4     13.4     7.1      6.3      12.9      12.9      6.6       8.2   1.8     23.8     22.9    578.74             40.43        73    7.928     13M   539K       0.0       0.0
 Sum    328/78    21.90 GB   0.0     96.9    27.3     69.6     118.8     118.8     49.2       8.2   5.1     69.6     85.3   1426.00            329.69       552    2.583    122M  1430K       0.0       0.0
 Int      0/0      0.00 KB   0.0      1.8     0.0      1.8       3.5       3.5      1.8       0.0   2.0     44.9     89.9     40.28              7.07        36    1.119   3597K   1700       0.0       0.0

** Compaction Stats [default] **
Priority    Files   Size     Score Read(GB)  Rn(GB) Rnp1(GB) Write(GB) WPreComp(GB) Wnew(GB) Moved(GB) W-Amp Rd(MB/s) Wr(MB/s) Comp(sec) CompMergeCPU(sec) Comp(cnt) Avg(sec) KeyIn KeyDrop Rblob(GB) Wblob(GB)
----------------------------------------------------------------------------------------------------------------------------------------------------------------------------------------------------------------
 Low      0/0      0.00 KB   0.0     96.9    27.3     69.6      95.5      95.5     25.9       0.0   0.0    102.1    100.6    972.73            290.17       169    5.756     98M  1430K       0.0       0.0
High      0/0      0.00 KB   0.0      0.0     0.0      0.0      23.3      23.3     23.3       0.0   0.0      0.0     52.7    453.27             39.52       383    1.183     23M      0       0.0       0.0

Blob file count: 0, total size: 0.0 GB, garbage size: 0.0 GB, space amp: 0.0

Uptime(secs): 320.6 total, 16.2 interval
Flush(GB): cumulative 23.313, interval 1.769
AddFile(GB): cumulative 0.000, interval 0.000
AddFile(Total Files): cumulative 0, interval 0
AddFile(L0 Files): cumulative 0, interval 0
AddFile(Keys): cumulative 0, interval 0
Cumulative compaction: 118.84 GB write, 379.58 MB/s write, 96.95 GB read, 309.64 MB/s read, 1426.0 seconds
Interval compaction: 3.53 GB write, 223.73 MB/s write, 1.77 GB read, 111.87 MB/s read, 40.3 seconds
Estimated pending compaction bytes: 17819613143
Write Stall (count): cf-l0-file-count-limit-delays-with-ongoing-compaction: 12, cf-l0-file-count-limit-stops-with-ongoing-compaction: 0, l0-file-count-limit-delays: 12, l0-file-count-limit-stops: 0, memtable-limit-delays: 0, memtable-limit-stops: 256, pending-compaction-bytes-delays: 0, pending-compaction-bytes-stops: 0, total-delays: 12, total-stops: 256
interval: 18 total count
Block cache AutoHyperClockCache@0x5cc2bb2b62d0#2301963 capacity: 512.00 MB seed: 1 usage: 5.84 MB table_size: 2636 occupancy: 1386 collections: 2 last_copies: 2 last_secs: 0.000241 secs_since: 136
Block cache entry stats(count,size,portion): Misc(1386,5.68 MB,1.10957%)

** File Read Latency Histogram By Level [default] **
** Level 0 read latency histogram (micros):
Count: 10301233 Average: 2.6102  StdDev: 1016.43
Min: 0  Median: 0.8840  Max: 2890246
Percentiles: P50: 0.88 P75: 1.49 P99: 2.94 P99.9: 4.40 P99.99: 5.36
------------------------------------------------------
[       0,       1 ]  5826503  56.561%  56.561% ###########
(       1,       2 ]  3850309  37.377%  93.938% #######
(       2,       3 ]   557529   5.412%  99.351% #
(       3,       4 ]    52796   0.513%  99.863% 
(       4,       6 ]    19215   0.187% 100.050% 
(       6,      10 ]    11037   0.107% 100.157% 
(      10,      15 ]     3514   0.034% 100.191% 
(      15,      22 ]     2034   0.020% 100.211% 
(      22,      34 ]      164   0.002% 100.212% 
(      34,      51 ]       31   0.000% 100.213% 
(      51,      76 ]      154   0.001% 100.214% 
(      76,     110 ]      261   0.003% 100.217% 
(     110,     170 ]       11   0.000% 100.217% 
(     170,     250 ]        3   0.000% 100.217% 
(     250,     380 ]        3   0.000% 100.217% 
(     380,     580 ]        2   0.000% 100.217% 
(     580,     870 ]       23   0.000% 100.217% 
(     870,    1300 ]       45   0.000% 100.217% 
(    1300,    1900 ]       17   0.000% 100.218% 
(    1900,    2900 ]        3   0.000% 100.218% 
(    2900,    4400 ]        2   0.000% 100.218% 
(    4400,    6600 ]        3   0.000% 100.218% 
(    6600,    9900 ]        1   0.000% 100.218% 
(   14000,   22000 ]        3   0.000% 100.218% 
(   22000,   33000 ]        3   0.000% 100.218% 
(   33000,   50000 ]        6   0.000% 100.218% 
(   50000,   75000 ]       12   0.000% 100.218% 
(   75000,  110000 ]       16   0.000% 100.218% 
(  110000,  170000 ]        6   0.000% 100.218% 
(  170000,  250000 ]        9   0.000% 100.218% 
(  250000,  380000 ]        2   0.000% 100.218% 
(  380000,  570000 ]        2   0.000% 100.218% 
(  570000,  860000 ]        2   0.000% 100.218% 
( 1900000, 2900000 ]        1   0.000% 100.218% 

** Level 1 read latency histogram (micros):
Count: 14619570 Average: 1.4818  StdDev: 5.77
Min: 0  Median: 0.8501  Max: 6356
Percentiles: P50: 0.85 P75: 1.43 P99: 2.70 P99.9: 2.96 P99.99: 2.99
------------------------------------------------------
[       0,       1 ]  8598814  58.817%  58.817% ############
(       1,       2 ]  5517306  37.739%  96.556% ########
(       2,       3 ]   506812   3.467% 100.023% #
(       3,       4 ]    55697   0.381% 100.404% 
(       4,       6 ]    22538   0.154% 100.558% 
(       6,      10 ]    17332   0.119% 100.677% 
(      10,      15 ]     4182   0.029% 100.705% 
(      15,      22 ]     2334   0.016% 100.721% 
(      22,      34 ]      295   0.002% 100.723% 
(      34,      51 ]       64   0.000% 100.724% 
(      51,      76 ]      255   0.002% 100.725% 
(      76,     110 ]      361   0.002% 100.728% 
(     110,     170 ]      174   0.001% 100.729% 
(     170,     250 ]       76   0.001% 100.730% 
(     250,     380 ]       21   0.000% 100.730% 
(     380,     580 ]       18   0.000% 100.730% 
(     580,     870 ]       18   0.000% 100.730% 
(    1900,    2900 ]        3   0.000% 100.730% 
(    2900,    4400 ]       11   0.000% 100.730% 
(    4400,    6600 ]        9   0.000% 100.730% 

** Level 2 read latency histogram (micros):
Count: 95079 Average: 51.9954  StdDev: 4605.30
Min: 0  Median: 0.8678  Max: 923871
Percentiles: P50: 0.87 P75: 1.48 P99: 4.32 P99.9: 63.84 P99.99: 90.48
------------------------------------------------------
[       0,       1 ]    54783  57.618%  57.618% ############
(       1,       2 ]    34336  36.113%  93.732% #######
(       2,       3 ]     3604   3.791%  97.522% #
(       3,       4 ]     1319   1.387%  98.909% 
(       4,       6 ]      531   0.558%  99.468% 
(       6,      10 ]      225   0.237%  99.704% 
(      10,      15 ]       59   0.062%  99.767% 
(      15,      22 ]       30   0.032%  99.798% 
(      22,      34 ]       16   0.017%  99.815% 
(      34,      51 ]       27   0.028%  99.843% 
(      51,      76 ]      105   0.110%  99.954% 
(      76,     110 ]       81   0.085% 100.039% 
(     110,     170 ]        2   0.002% 100.041% 
(     170,     250 ]        7   0.007% 100.048% 
(     250,     380 ]        2   0.002% 100.050% 
(     380,     580 ]        1   0.001% 100.052% 
(    1300,    1900 ]        1   0.001% 100.053% 
(    1900,    2900 ]        1   0.001% 100.054% 
(    6600,    9900 ]        1   0.001% 100.055% 
(    9900,   14000 ]        1   0.001% 100.056% 
(   14000,   22000 ]        3   0.003% 100.059% 
(   22000,   33000 ]        8   0.008% 100.067% 
(   33000,   50000 ]       13   0.014% 100.081% 
(   50000,   75000 ]        5   0.005% 100.086% 
(   75000,  110000 ]        6   0.006% 100.093% 
(  110000,  170000 ]        3   0.003% 100.096% 
(  170000,  250000 ]        2   0.002% 100.098% 
(  570000,  860000 ]        2   0.002% 100.100% 
(  860000, 1200000 ]        1   0.001% 100.101% 


** DB Stats **
Uptime(secs): 320.6 total, 16.2 interval
Cumulative writes: 23M writes, 23M keys, 3067K commit groups, 7.8 writes per commit group, ingest: 23.16 GB, 73.98 MB/s
Cumulative WAL: 23M writes, 0 syncs, 23788756.00 writes per sync, written: 23.16 GB, 73.98 MB/s
Cumulative stall: 00:04:26.538 H:M:S, 83.1 percent
Interval writes: 1741K writes, 1741K keys, 222K commit groups, 7.8 writes per commit group, ingest: 1736.90 MB, 107.37 MB/s
Interval WAL: 1741K writes, 0 syncs, 1741954.00 writes per sync, written: 1.70 GB, 107.37 MB/s
Interval stall: 00:00:17.124 H:M:S, 105.9 percent
Write Stall (count): write-buffer-manager-limit-stops: 0
num-running-compactions: 2
num-running-flushes: 1

2026/08/31-11:38:45  ... thread 5: (163000,1487000) ops and (4935.4,4638.1) ops/second in (33.026432,320.604528) seconds
2026/08/31-11:38:45  ... thread 11: (163000,1489000) ops and (4934.3,4644.3) ops/second in (33.033775,320.607799) seconds
2026/08/31-11:38:45  ... thread 8: (162000,1486000) ops and (4905.2,4634.9) ops/second in (33.026386,320.608086) seconds
2026/08/31-11:38:45  ... thread 6: (163000,1488000) ops and (4933.3,4641.2) ops/second in (33.040915,320.608510) seconds
2026/08/31-11:38:45  ... thread 14: (163000,1488000) ops and (4931.8,4641.2) ops/second in (33.050800,320.609797) seconds
2026/08/31-11:38:45  ... thread 15: (163000,1488000) ops and (4935.3,4641.1) ops/second in (33.027702,320.613048) seconds
2026/08/31-11:38:45  ... thread 7: (163000,1485000) ops and (4931.9,4631.7) ops/second in (33.050029,320.613310) seconds
2026/08/31-11:38:45  ... thread 2: (163000,1487000) ops and (4933.2,4638.0) ops/second in (33.041519,320.613811) seconds
2026/08/31-11:38:45  ... thread 4: (162000,1488000) ops and (4903.6,4641.1) ops/second in (33.036813,320.616251) seconds
2026/08/31-11:38:45  ... thread 13: (163000,1487000) ops and (4931.3,4637.9) ops/second in (33.054003,320.616111) seconds
2026/08/31-11:38:45  ... thread 1: (163000,1488000) ops and (4931.2,4641.1) ops/second in (33.055019,320.616297) seconds
2026/08/31-11:38:46  ... thread 3: (163000,1487000) ops and (4903.5,4635.3) ops/second in (33.241321,320.796027) seconds
2026/08/31-11:39:19  ... thread 15: (65000,1553000) ops and (1965.8,4391.0) ops/second in (33.065593,353.678641) seconds
2026/08/31-11:39:19  ... thread 6: (65000,1553000) ops and (1964.6,4390.8) ops/second in (33.085736,353.694246) seconds
2026/08/31-11:39:19  ... thread 14: (66000,1554000) ops and (1994.7,4393.6) ops/second in (33.087177,353.696974) seconds
2026/08/31-11:39:19  ... thread 13: (65000,1552000) ops and (1964.8,4387.9) ops/second in (33.081666,353.697777) seconds
2026/08/31-11:39:19  ... thread 1: (65000,1553000) ops and (1964.8,4390.7) ops/second in (33.081896,353.698193) seconds
2026/08/31-11:39:19  ... thread 3: (65000,1552000) ops and (1975.4,4387.9) ops/second in (32.904539,353.700566) seconds
2026/08/31-11:39:19  ... thread 10: (66000,1552000) ops and (1993.7,4387.9) ops/second in (33.104188,353.700787) seconds
2026/08/31-11:39:19  ... thread 0: (66000,1552000) ops and (1993.9,4387.9) ops/second in (33.100557,353.702936) seconds

** Compaction Stats [default] **
Level    Files   Size     Score Read(GB)  Rn(GB) Rnp1(GB) Write(GB) WPreComp(GB) Wnew(GB) Moved(GB) W-Amp Rd(MB/s) Wr(MB/s) Comp(sec) CompMergeCPU(sec) Comp(cnt) Avg(sec) KeyIn KeyDrop Rblob(GB) Wblob(GB)
-------------------------------------------------------------------------------------------------------------------------------------------------------------------------------------------------------------
  L0      9/4      1.27 GB   1.2     20.2     0.0     20.2      44.5      44.5     24.3       0.0   1.8     27.7     61.1    745.97             92.32       481    1.551     45M    19K       0.0       0.0
  L1     69/5      4.47 GB   1.0     71.1    23.0     48.0      70.1      70.1     22.0       0.0   3.0    360.1    355.0    202.19            221.03        20   10.109     72M  1021K       0.0       0.0
  L2    296/9     16.80 GB   0.4     18.4     9.3      9.0      17.6      17.6      8.6       8.2   1.9     24.2     23.2    777.29             57.68       105    7.403     18M   786K       0.0       0.0
 Sum    374/18    22.54 GB   0.0    109.7    32.4     77.3     132.2     132.2     54.9       8.2   5.4     65.1     78.5   1725.45            371.02       606    2.847    136M  1827K       0.0       0.0
 Int      0/0      0.00 KB   0.0     14.5     5.1      9.4      16.9      16.9      7.5       0.0   6.0     43.7     51.0    339.73             48.40        90    3.775     17M   398K       0.0       0.0

** Compaction Stats [default] **
Priority    Files   Size     Score Read(GB)  Rn(GB) Rnp1(GB) Write(GB) WPreComp(GB) Wnew(GB) Moved(GB) W-Amp Rd(MB/s) Wr(MB/s) Comp(sec) CompMergeCPU(sec) Comp(cnt) Avg(sec) KeyIn KeyDrop Rblob(GB) Wblob(GB)
----------------------------------------------------------------------------------------------------------------------------------------------------------------------------------------------------------------
 Low      0/0      0.00 KB   0.0    109.7    32.4     77.3     107.9     107.9     30.6       0.0   0.0     92.4     90.9   1215.43            329.66       206    5.900    111M  1827K       0.0       0.0
High      0/0      0.00 KB   0.0      0.0     0.0      0.0      24.3      24.3     24.3       0.0   0.0      0.0     48.9    510.02             41.36       400    1.275     24M      0       0.0       0.0

Blob file count: 0, total size: 0.0 GB, garbage size: 0.0 GB, space amp: 0.0

Uptime(secs): 353.7 total, 49.3 interval
Flush(GB): cumulative 24.344, interval 2.800
AddFile(GB): cumulative 0.000, interval 0.000
AddFile(Total Files): cumulative 0, interval 0
AddFile(L0 Files): cumulative 0, interval 0
AddFile(Keys): cumulative 0, interval 0
Cumulative compaction: 132.22 GB write, 382.77 MB/s write, 109.68 GB read, 317.52 MB/s read, 1725.4 seconds
Interval compaction: 16.91 GB write, 351.35 MB/s write, 14.50 GB read, 301.33 MB/s read, 339.7 seconds
Estimated pending compaction bytes: 13503096440
Write Stall (count): cf-l0-file-count-limit-delays-with-ongoing-compaction: 14, cf-l0-file-count-limit-stops-with-ongoing-compaction: 0, l0-file-count-limit-delays: 14, l0-file-count-limit-stops: 0, memtable-limit-delays: 0, memtable-limit-stops: 280, pending-compaction-bytes-delays: 0, pending-compaction-bytes-stops: 0, total-delays: 14, total-stops: 280
interval: 44 total count
Block cache AutoHyperClockCache@0x5cc2bb2b62d0#2301963 capacity: 512.00 MB seed: 1 usage: 5.84 MB table_size: 2636 occupancy: 1386 collections: 2 last_copies: 2 last_secs: 0.000241 secs_since: 169
Block cache entry stats(count,size,portion): Misc(1386,5.68 MB,1.10957%)

** File Read Latency Histogram By Level [default] **
** Level 0 read latency histogram (micros):
Count: 11003412 Average: 2.5805  StdDev: 986.91
Min: 0  Median: 0.8783  Max: 2890246
Percentiles: P50: 0.88 P75: 1.49 P99: 2.94 P99.9: 4.37 P99.99: 5.31
------------------------------------------------------
[       0,       1 ]  6263980  56.928%  56.928% ###########
(       1,       2 ]  4079231  37.072%  94.000% #######
(       2,       3 ]   587872   5.343%  99.343% #
(       3,       4 ]    57473   0.522%  99.865% 
(       4,       6 ]    20985   0.191% 100.056% 
(       6,      10 ]    11741   0.107% 100.162% 
(      10,      15 ]     3873   0.035% 100.198% 
(      15,      22 ]     2259   0.021% 100.218% 
(      22,      34 ]      172   0.002% 100.220% 
(      34,      51 ]       33   0.000% 100.220% 
(      51,      76 ]      159   0.001% 100.221% 
(      76,     110 ]      276   0.003% 100.224% 
(     110,     170 ]       11   0.000% 100.224% 
(     170,     250 ]        3   0.000% 100.224% 
(     250,     380 ]        3   0.000% 100.224% 
(     380,     580 ]        2   0.000% 100.224% 
(     580,     870 ]       27   0.000% 100.224% 
(     870,    1300 ]       46   0.000% 100.225% 
(    1300,    1900 ]       19   0.000% 100.225% 
(    1900,    2900 ]        3   0.000% 100.225% 
(    2900,    4400 ]        3   0.000% 100.225% 
(    4400,    6600 ]        3   0.000% 100.225% 
(    6600,    9900 ]        1   0.000% 100.225% 
(   14000,   22000 ]        3   0.000% 100.225% 
(   22000,   33000 ]        3   0.000% 100.225% 
(   33000,   50000 ]        6   0.000% 100.225% 
(   50000,   75000 ]       14   0.000% 100.225% 
(   75000,  110000 ]       16   0.000% 100.225% 
(  110000,  170000 ]        7   0.000% 100.225% 
(  170000,  250000 ]       10   0.000% 100.226% 
(  250000,  380000 ]        2   0.000% 100.226% 
(  380000,  570000 ]        2   0.000% 100.226% 
(  570000,  860000 ]        2   0.000% 100.226% 
( 1900000, 2900000 ]        1   0.000% 100.226% 

** Level 1 read latency histogram (micros):
Count: 16145746 Average: 1.4872  StdDev: 5.55
Min: 0  Median: 0.8559  Max: 6356
Percentiles: P50: 0.86 P75: 1.44 P99: 2.72 P99.9: 2.98 P99.99: 3.03
------------------------------------------------------
[       0,       1 ]  9432177  58.419%  58.419% ############
(       1,       2 ]  6138093  38.017%  96.436% ########
(       2,       3 ]   571587   3.540%  99.976% #
(       3,       4 ]    67500   0.418% 100.394% 
(       4,       6 ]    26216   0.162% 100.556% 
(       6,      10 ]    19312   0.120% 100.676% 
(      10,      15 ]     4743   0.029% 100.705% 
(      15,      22 ]     2604   0.016% 100.721% 
(      22,      34 ]      315   0.002% 100.723% 
(      34,      51 ]       72   0.000% 100.724% 
(      51,      76 ]      298   0.002% 100.726% 
(      76,     110 ]      403   0.002% 100.728% 
(     110,     170 ]      186   0.001% 100.729% 
(     170,     250 ]       82   0.001% 100.730% 
(     250,     380 ]       21   0.000% 100.730% 
(     380,     580 ]       18   0.000% 100.730% 
(     580,     870 ]       18   0.000% 100.730% 
(    1900,    2900 ]        3   0.000% 100.730% 
(    2900,    4400 ]       12   0.000% 100.730% 
(    4400,    6600 ]        9   0.000% 100.730% 

** Level 2 read latency histogram (micros):
Count: 541957 Average: 12.6593  StdDev: 2008.12
Min: 0  Median: 1.0999  Max: 923871
Percentiles: P50: 1.10 P75: 1.62 P99: 3.40 P99.9: 5.07 P99.99: 5.62
------------------------------------------------------
[       0,       1 ]   244835  45.176%  45.176% #########
(       1,       2 ]   261599  48.269%  93.445% ##########
(       2,       3 ]    27499   5.074%  98.519% #
(       3,       4 ]     6541   1.207%  99.726% 
(       4,       6 ]     1767   0.326% 100.052% 
(       6,      10 ]      891   0.164% 100.217% 
(      10,      15 ]      204   0.038% 100.254% 
(      15,      22 ]       97   0.018% 100.272% 
(      22,      34 ]       33   0.006% 100.278% 
(      34,      51 ]       43   0.008% 100.286% 
(      51,      76 ]      143   0.026% 100.313% 
(      76,     110 ]      108   0.020% 100.333% 
(     110,     170 ]        5   0.001% 100.334% 
(     170,     250 ]        8   0.001% 100.335% 
(     250,     380 ]        2   0.000% 100.335% 
(     380,     580 ]        1   0.000% 100.336% 
(    1300,    1900 ]        3   0.001% 100.336% 
(    1900,    2900 ]        1   0.000% 100.336% 
(    2900,    4400 ]        2   0.000% 100.337% 
(    6600,    9900 ]        3   0.001% 100.337% 
(    9900,   14000 ]        1   0.000% 100.337% 
(   14000,   22000 ]        4   0.001% 100.338% 
(   22000,   33000 ]        9   0.002% 100.340% 
(   33000,   50000 ]       17   0.003% 100.343% 
(   50000,   75000 ]        7   0.001% 100.344% 
(   75000,  110000 ]        7   0.001% 100.346% 
(  110000,  170000 ]        5   0.001% 100.347% 
(  170000,  250000 ]        3   0.001% 100.347% 
(  250000,  380000 ]        1   0.000% 100.347% 
(  570000,  860000 ]        2   0.000% 100.348% 
(  860000, 1200000 ]        1   0.000% 100.348% 


** DB Stats **
Uptime(secs): 353.7 total, 33.1 interval
Cumulative writes: 24M writes, 24M keys, 3206K commit groups, 7.7 writes per commit group, ingest: 24.19 GB, 70.03 MB/s
Cumulative WAL: 24M writes, 0 syncs, 24842309.00 writes per sync, written: 24.19 GB, 70.03 MB/s
Cumulative stall: 00:04:56.272 H:M:S, 83.8 percent
Interval writes: 1053K writes, 1053K keys, 139K commit groups, 7.6 writes per commit group, ingest: 1050.55 MB, 31.74 MB/s
Interval WAL: 1053K writes, 0 syncs, 1053553.00 writes per sync, written: 1.03 GB, 31.74 MB/s
Interval stall: 00:00:29.734 H:M:S, 89.8 percent
Write Stall (count): write-buffer-manager-limit-stops: 0
num-running-compactions: 6
num-running-flushes: 2

2026/08/31-11:39:19  ... thread 12: (66000,1552000) ops and (1993.7,4387.8) ops/second in (33.103939,353.705224) seconds
2026/08/31-11:39:19  ... thread 11: (66000,1555000) ops and (1994.0,4396.3) ops/second in (33.100118,353.707917) seconds
2026/08/31-11:39:19  ... thread 2: (66000,1553000) ops and (1994.3,4390.6) ops/second in (33.094357,353.708168) seconds
2026/08/31-11:39:19  ... thread 9: (66000,1552000) ops and (1993.3,4387.8) ops/second in (33.111548,353.711259) seconds
2026/08/31-11:39:19  ... thread 7: (66000,1551000) ops and (1994.1,4384.9) ops/second in (33.097706,353.711016) seconds
2026/08/31-11:39:19  ... thread 5: (66000,1553000) ops and (1993.5,4390.6) ops/second in (33.107434,353.711962) seconds
2026/08/31-11:39:19  ... thread 4: (66000,1554000) ops and (1994.1,4393.4) ops/second in (33.097309,353.713560) seconds
2026/08/31-11:39:19  ... thread 8: (66000,1552000) ops and (1993.5,4387.7) ops/second in (33.106836,353.714922) seconds
2026/08/31-11:39:49  ... thread 9: (100000,1652000) ops and (3273.9,4299.2) ops/second in (30.544918,384.256177) seconds
2026/08/31-11:39:49  ... thread 12: (100000,1652000) ops and (3272.7,4299.2) ops/second in (30.555691,384.260915) seconds
2026/08/31-11:39:49  ... thread 0: (100000,1652000) ops and (3272.4,4299.2) ops/second in (30.558213,384.261149) seconds

** Compaction Stats [default] **
Level    Files   Size     Score Read(GB)  Rn(GB) Rnp1(GB) Write(GB) WPreComp(GB) Wnew(GB) Moved(GB) W-Amp Rd(MB/s) Wr(MB/s) Comp(sec) CompMergeCPU(sec) Comp(cnt) Avg(sec) KeyIn KeyDrop Rblob(GB) Wblob(GB)
-------------------------------------------------------------------------------------------------------------------------------------------------------------------------------------------------------------
  L0      7/4    810.88 MB   0.8     21.7     0.0     21.7      47.6      47.6     26.0       0.0   1.8     27.1     59.6    818.42             98.63       514    1.592     48M    20K       0.0       0.0
  L1     89/17     5.33 GB   1.0     77.1    25.1     52.0      76.0      76.0     24.0       0.0   3.0    357.6    352.4    220.87            237.80        21   10.517     78M  1121K       0.0       0.0
  L2    319/33    17.77 GB   0.4     21.5    10.7     10.8      20.6      20.6      9.7       8.2   1.9     23.8     22.7    925.88             67.42       123    7.527     21M   947K       0.0       0.0
 Sum    415/54    23.89 GB   0.0    120.3    35.8     84.5     144.2     144.2     59.7       8.2   5.5     62.7     75.1   1965.17            403.85       658    2.987    148M  2090K       0.0       0.0
 Int      0/0      0.00 KB   0.0      8.5     2.9      5.6       9.0       9.0      3.4       0.0  12.3     54.8     58.2    157.99             25.26        28    5.642   9342K   204K       0.0       0.0

** Compaction Stats [default] **
Priority    Files   Size     Score Read(GB)  Rn(GB) Rnp1(GB) Write(GB) WPreComp(GB) Wnew(GB) Moved(GB) W-Amp Rd(MB/s) Wr(MB/s) Comp(sec) CompMergeCPU(sec) Comp(cnt) Avg(sec) KeyIn KeyDrop Rblob(GB) Wblob(GB)
----------------------------------------------------------------------------------------------------------------------------------------------------------------------------------------------------------------
 Low      0/0      0.00 KB   0.0    120.3    35.8     84.5     118.2     118.2     33.7       0.0   0.0     87.9     86.4   1401.83            359.76       231    6.069    122M  2090K       0.0       0.0
High      0/0      0.00 KB   0.0      0.0     0.0      0.0      26.0      26.0     26.0       0.0   0.0      0.0     47.2    563.34             44.09       427    1.319     26M      0       0.0       0.0

Blob file count: 0, total size: 0.0 GB, garbage size: 0.0 GB, space amp: 0.0

Uptime(secs): 384.3 total, 19.8 interval
Flush(GB): cumulative 25.987, interval 0.731
AddFile(GB): cumulative 0.000, interval 0.000
AddFile(Total Files): cumulative 0, interval 0
AddFile(L0 Files): cumulative 0, interval 0
AddFile(Keys): cumulative 0, interval 0
Cumulative compaction: 144.21 GB write, 384.30 MB/s write, 120.29 GB read, 320.55 MB/s read, 1965.2 seconds
Interval compaction: 8.98 GB write, 463.78 MB/s write, 8.45 GB read, 436.46 MB/s read, 158.0 seconds
Estimated pending compaction bytes: 15460829725
Write Stall (count): cf-l0-file-count-limit-delays-with-ongoing-compaction: 14, cf-l0-file-count-limit-stops-with-ongoing-compaction: 0, l0-file-count-limit-delays: 14, l0-file-count-limit-stops: 0, memtable-limit-delays: 0, memtable-limit-stops: 300, pending-compaction-bytes-delays: 0, pending-compaction-bytes-stops: 0, total-delays: 14, total-stops: 300
interval: 11 total count
Block cache AutoHyperClockCache@0x5cc2bb2b62d0#2301963 capacity: 512.00 MB seed: 1 usage: 8.14 MB table_size: 3585 occupancy: 1932 collections: 3 last_copies: 0 last_secs: 0.000313 secs_since: 19
Block cache entry stats(count,size,portion): Misc(1932,7.92 MB,1.5465%)

** File Read Latency Histogram By Level [default] **
** Level 0 read latency histogram (micros):
Count: 11895045 Average: 2.6687  StdDev: 1082.15
Min: 0  Median: 0.8708  Max: 2890246
Percentiles: P50: 0.87 P75: 1.48 P99: 2.93 P99.9: 4.36 P99.99: 5.32
------------------------------------------------------
[       0,       1 ]  6830176  57.420%  57.420% ###########
(       1,       2 ]  4361153  36.664%  94.084% #######
(       2,       3 ]   626159   5.264%  99.348% #
(       3,       4 ]    61642   0.518%  99.866% 
(       4,       6 ]    22228   0.187% 100.053% 
(       6,      10 ]    12657   0.106% 100.159% 
(      10,      15 ]     4172   0.035% 100.195% 
(      15,      22 ]     2454   0.021% 100.215% 
(      22,      34 ]      187   0.002% 100.217% 
(      34,      51 ]       35   0.000% 100.217% 
(      51,      76 ]      171   0.001% 100.218% 
(      76,     110 ]      295   0.002% 100.221% 
(     110,     170 ]       11   0.000% 100.221% 
(     170,     250 ]        4   0.000% 100.221% 
(     250,     380 ]        3   0.000% 100.221% 
(     380,     580 ]        2   0.000% 100.221% 
(     580,     870 ]       28   0.000% 100.221% 
(     870,    1300 ]       49   0.000% 100.222% 
(    1300,    1900 ]       20   0.000% 100.222% 
(    1900,    2900 ]        4   0.000% 100.222% 
(    2900,    4400 ]        3   0.000% 100.222% 
(    4400,    6600 ]        3   0.000% 100.222% 
(    6600,    9900 ]        2   0.000% 100.222% 
(   14000,   22000 ]        3   0.000% 100.222% 
(   22000,   33000 ]        5   0.000% 100.222% 
(   33000,   50000 ]        8   0.000% 100.222% 
(   50000,   75000 ]       15   0.000% 100.222% 
(   75000,  110000 ]       17   0.000% 100.222% 
(  110000,  170000 ]        7   0.000% 100.223% 
(  170000,  250000 ]       10   0.000% 100.223% 
(  250000,  380000 ]        2   0.000% 100.223% 
(  380000,  570000 ]        2   0.000% 100.223% 
(  570000,  860000 ]        2   0.000% 100.223% 
( 1200000, 1900000 ]        1   0.000% 100.223% 
( 1900000, 2900000 ]        1   0.000% 100.223% 

** Level 1 read latency histogram (micros):
Count: 17651712 Average: 1.4768  StdDev: 5.51
Min: 0  Median: 0.8422  Max: 6356
Percentiles: P50: 0.84 P75: 1.42 P99: 2.73 P99.9: 2.99 P99.99: 3.10
------------------------------------------------------
[       0,       1 ] 10479121  59.366%  59.366% ############
(       1,       2 ]  6534207  37.017%  96.383% #######
(       2,       3 ]   629461   3.566%  99.949% #
(       3,       4 ]    72686   0.412% 100.361% 
(       4,       6 ]    28210   0.160% 100.521% 
(       6,      10 ]    20860   0.118% 100.639% 
(      10,      15 ]     5170   0.029% 100.669% 
(      15,      22 ]     2894   0.016% 100.685% 
(      22,      34 ]      350   0.002% 100.687% 
(      34,      51 ]       83   0.000% 100.687% 
(      51,      76 ]      332   0.002% 100.689% 
(      76,     110 ]      450   0.003% 100.692% 
(     110,     170 ]      200   0.001% 100.693% 
(     170,     250 ]       87   0.000% 100.693% 
(     250,     380 ]       22   0.000% 100.694% 
(     380,     580 ]       18   0.000% 100.694% 
(     580,     870 ]       18   0.000% 100.694% 
(    1900,    2900 ]        3   0.000% 100.694% 
(    2900,    4400 ]       12   0.000% 100.694% 
(    4400,    6600 ]       10   0.000% 100.694% 

** Level 2 read latency histogram (micros):
Count: 983493 Average: 8.8727  StdDev: 1526.98
Min: 0  Median: 1.0116  Max: 923871
Percentiles: P50: 1.01 P75: 1.58 P99: 3.09 P99.9: 4.07 P99.99: 4.70
------------------------------------------------------
[       0,       1 ]   486683  49.485%  49.485% ##########
(       1,       2 ]   434986  44.229%  93.714% #########
(       2,       3 ]    51105   5.196%  98.910% #
(       3,       4 ]     9633   0.979%  99.890% 
(       4,       6 ]     2843   0.289% 100.179% 
(       6,      10 ]     1433   0.146% 100.324% 
(      10,      15 ]      347   0.035% 100.360% 
(      15,      22 ]      182   0.019% 100.378% 
(      22,      34 ]       46   0.005% 100.383% 
(      34,      51 ]       52   0.005% 100.388% 
(      51,      76 ]      166   0.017% 100.405% 
(      76,     110 ]      130   0.013% 100.418% 
(     110,     170 ]        5   0.001% 100.419% 
(     170,     250 ]        8   0.001% 100.420% 
(     250,     380 ]        2   0.000% 100.420% 
(     380,     580 ]        2   0.000% 100.420% 
(     580,     870 ]        1   0.000% 100.420% 
(     870,    1300 ]        1   0.000% 100.420% 
(    1300,    1900 ]        3   0.000% 100.420% 
(    1900,    2900 ]        1   0.000% 100.421% 
(    2900,    4400 ]        2   0.000% 100.421% 
(    6600,    9900 ]        3   0.000% 100.421% 
(    9900,   14000 ]        1   0.000% 100.421% 
(   14000,   22000 ]        4   0.000% 100.422% 
(   22000,   33000 ]       11   0.001% 100.423% 
(   33000,   50000 ]       22   0.002% 100.425% 
(   50000,   75000 ]       11   0.001% 100.426% 
(   75000,  110000 ]       10   0.001% 100.427% 
(  110000,  170000 ]        8   0.001% 100.428% 
(  170000,  250000 ]        3   0.000% 100.428% 
(  250000,  380000 ]        1   0.000% 100.428% 
(  570000,  860000 ]        2   0.000% 100.428% 
(  860000, 1200000 ]        1   0.000% 100.429% 


** DB Stats **
Uptime(secs): 384.3 total, 19.8 interval
Cumulative writes: 26M writes, 26M keys, 3413K commit groups, 7.7 writes per commit group, ingest: 25.75 GB, 68.63 MB/s
Cumulative WAL: 26M writes, 0 syncs, 26447268.00 writes per sync, written: 25.75 GB, 68.63 MB/s
Cumulative stall: 00:05:23.690 H:M:S, 84.2 percent
Interval writes: 623K writes, 623K keys, 79K commit groups, 7.8 writes per commit group, ingest: 621.66 MB, 31.36 MB/s
Interval WAL: 623K writes, 0 syncs, 623457.00 writes per sync, written: 0.61 GB, 31.35 MB/s
Interval stall: 00:00:23.998 H:M:S, 121.0 percent
Write Stall (count): write-buffer-manager-limit-stops: 0
num-running-compactions: 18
num-running-flushes: 1

2026/08/31-11:39:49  ... thread 1: (100000,1653000) ops and (3271.8,4301.8) ops/second in (30.563980,384.262173) seconds
2026/08/31-11:39:49  ... thread 13: (101000,1653000) ops and (3304.2,4301.7) ops/second in (30.567045,384.264822) seconds
2026/08/31-11:39:49  ... thread 4: (100000,1654000) ops and (3273.1,4304.3) ops/second in (30.551773,384.265333) seconds
2026/08/31-11:39:49  ... thread 11: (101000,1656000) ops and (3304.4,4309.4) ops/second in (30.565096,384.273013) seconds
2026/08/31-11:39:49  ... thread 10: (101000,1653000) ops and (3303.5,4301.6) ops/second in (30.573329,384.274116) seconds
2026/08/31-11:39:49  ... thread 2: (101000,1654000) ops and (3304.1,4304.2) ops/second in (30.568299,384.276467) seconds
2026/08/31-11:39:49  ... thread 8: (100000,1652000) ops and (3272.0,4299.0) ops/second in (30.562652,384.277574) seconds
2026/08/31-11:39:49  ... thread 6: (101000,1654000) ops and (3302.1,4304.1) ops/second in (30.586868,384.281114) seconds
2026/08/31-11:39:49  ... thread 14: (101000,1655000) ops and (3302.4,4306.7) ops/second in (30.583891,384.280865) seconds
2026/08/31-11:39:49  ... thread 5: (101000,1654000) ops and (3303.8,4304.1) ops/second in (30.570738,384.282700) seconds
2026/08/31-11:39:49  ... thread 7: (101000,1652000) ops and (3303.7,4298.9) ops/second in (30.571861,384.282877) seconds
2026/08/31-11:39:49  ... thread 3: (101000,1653000) ops and (3302.5,4301.5) ops/second in (30.582509,384.283075) seconds
2026/08/31-11:39:49  ... thread 15: (101000,1654000) ops and (3299.9,4304.1) ops/second in (30.606585,384.285226) seconds
2026/08/31-11:40:22  ... thread 2: (143000,1797000) ops and (4351.7,4307.9) ops/second in (32.860771,417.137238) seconds
2026/08/31-11:40:22  ... thread 15: (143000,1797000) ops and (4352.4,4307.9) ops/second in (32.855439,417.140665) seconds
2026/08/31-11:40:22  ... thread 0: (143000,1795000) ops and (4314.8,4300.4) ops/second in (33.142032,417.403181) seconds

** Compaction Stats [default] **
Level    Files   Size     Score Read(GB)  Rn(GB) Rnp1(GB) Write(GB) WPreComp(GB) Wnew(GB) Moved(GB) W-Amp Rd(MB/s) Wr(MB/s) Comp(sec) CompMergeCPU(sec) Comp(cnt) Avg(sec) KeyIn KeyDrop Rblob(GB) Wblob(GB)
-------------------------------------------------------------------------------------------------------------------------------------------------------------------------------------------------------------
  L0     20/20     3.11 GB   0.0     23.7     0.0     23.7      51.9      51.9     28.2       0.0   1.8     27.3     59.7    889.55            107.18       559    1.591     52M    22K       0.0       0.0
  L1     69/69     3.97 GB   0.0     77.1    25.1     52.0      76.0      76.0     24.0       0.0   3.0    357.6    352.4    220.87            237.80        21   10.517     78M  1121K       0.0       0.0
  L2    344/0     18.93 GB   0.5     24.6    11.8     12.8      23.5      23.5     10.7       8.2   2.0     23.8     22.7   1058.99             76.62       140    7.564     25M  1116K       0.0       0.0
 Sum    433/89    26.01 GB   0.0    125.4    36.9     88.5     151.4     151.4     62.9       8.2   5.4     59.2     71.5   2169.41            421.60       720    3.013    156M  2260K       0.0       0.0
 Int      0/0      0.00 KB   0.0     13.6     4.0      9.5      16.2      16.2      6.6       0.0   5.4     38.3     45.7    362.23             43.01        90    4.025     16M   375K       0.0       0.0

** Compaction Stats [default] **
Priority    Files   Size     Score Read(GB)  Rn(GB) Rnp1(GB) Write(GB) WPreComp(GB) Wnew(GB) Moved(GB) W-Amp Rd(MB/s) Wr(MB/s) Comp(sec) CompMergeCPU(sec) Comp(cnt) Avg(sec) KeyIn KeyDrop Rblob(GB) Wblob(GB)
----------------------------------------------------------------------------------------------------------------------------------------------------------------------------------------------------------------
 Low      0/0      0.00 KB   0.0    125.4    36.9     88.5     123.2     123.2     34.7       0.0   0.0     82.7     81.3   1552.28            373.87       256    6.064    127M  2260K       0.0       0.0
High      0/0      0.00 KB   0.0      0.0     0.0      0.0      28.2      28.2     28.2       0.0   0.0      0.0     46.9    617.12             47.73       464    1.330     28M      0       0.0       0.0

Blob file count: 0, total size: 0.0 GB, garbage size: 0.0 GB, space amp: 0.0

Uptime(secs): 417.4 total, 53.0 interval
Flush(GB): cumulative 28.241, interval 2.986
AddFile(GB): cumulative 0.000, interval 0.000
AddFile(Total Files): cumulative 0, interval 0
AddFile(L0 Files): cumulative 0, interval 0
AddFile(Keys): cumulative 0, interval 0
Cumulative compaction: 151.41 GB write, 371.45 MB/s write, 125.41 GB read, 307.65 MB/s read, 2169.4 seconds
Interval compaction: 16.18 GB write, 312.80 MB/s write, 13.56 GB read, 262.23 MB/s read, 362.2 seconds
Estimated pending compaction bytes: 19741401240
Write Stall (count): cf-l0-file-count-limit-delays-with-ongoing-compaction: 15, cf-l0-file-count-limit-stops-with-ongoing-compaction: 0, l0-file-count-limit-delays: 15, l0-file-count-limit-stops: 0, memtable-limit-delays: 0, memtable-limit-stops: 325, pending-compaction-bytes-delays: 0, pending-compaction-bytes-stops: 0, total-delays: 15, total-stops: 325
interval: 37 total count
Block cache AutoHyperClockCache@0x5cc2bb2b62d0#2301963 capacity: 512.00 MB seed: 1 usage: 8.14 MB table_size: 3585 occupancy: 1932 collections: 3 last_copies: 0 last_secs: 0.000313 secs_since: 52
Block cache entry stats(count,size,portion): Misc(1932,7.92 MB,1.5465%)

** File Read Latency Histogram By Level [default] **
** Level 0 read latency histogram (micros):
Count: 13065288 Average: 2.6016  StdDev: 1035.05
Min: 0  Median: 0.8642  Max: 2890246
Percentiles: P50: 0.86 P75: 1.47 P99: 2.93 P99.9: 4.37 P99.99: 5.34
------------------------------------------------------
[       0,       1 ]  7559051  57.856%  57.856% ############
(       1,       2 ]  4740402  36.282%  94.138% #######
(       2,       3 ]   679972   5.204%  99.343% #
(       3,       4 ]    68233   0.522%  99.865% 
(       4,       6 ]    24420   0.187% 100.052% 
(       6,      10 ]    13819   0.106% 100.158% 
(      10,      15 ]     4630   0.035% 100.193% 
(      15,      22 ]     2723   0.021% 100.214% 
(      22,      34 ]      203   0.002% 100.216% 
(      34,      51 ]       38   0.000% 100.216% 
(      51,      76 ]      192   0.001% 100.217% 
(      76,     110 ]      316   0.002% 100.220% 
(     110,     170 ]       13   0.000% 100.220% 
(     170,     250 ]        4   0.000% 100.220% 
(     250,     380 ]        3   0.000% 100.220% 
(     380,     580 ]        2   0.000% 100.220% 
(     580,     870 ]       31   0.000% 100.220% 
(     870,    1300 ]       53   0.000% 100.221% 
(    1300,    1900 ]       22   0.000% 100.221% 
(    1900,    2900 ]        4   0.000% 100.221% 
(    2900,    4400 ]        3   0.000% 100.221% 
(    4400,    6600 ]        3   0.000% 100.221% 
(    6600,    9900 ]        2   0.000% 100.221% 
(   14000,   22000 ]        3   0.000% 100.221% 
(   22000,   33000 ]        6   0.000% 100.221% 
(   33000,   50000 ]        9   0.000% 100.221% 
(   50000,   75000 ]       16   0.000% 100.221% 
(   75000,  110000 ]       18   0.000% 100.221% 
(  110000,  170000 ]        8   0.000% 100.221% 
(  170000,  250000 ]       11   0.000% 100.221% 
(  250000,  380000 ]        2   0.000% 100.221% 
(  380000,  570000 ]        2   0.000% 100.221% 
(  570000,  860000 ]        2   0.000% 100.221% 
( 1200000, 1900000 ]        1   0.000% 100.221% 
( 1900000, 2900000 ]        1   0.000% 100.221% 

** Level 1 read latency histogram (micros):
Count: 18694190 Average: 1.4688  StdDev: 5.35
Min: 0  Median: 0.8328  Max: 6356
Percentiles: P50: 0.83 P75: 1.41 P99: 2.74 P99.9: 2.99 P99.99: 3.13
------------------------------------------------------
[       0,       1 ] 11223837  60.039%  60.039% ############
(       1,       2 ]  6791102  36.327%  96.367% #######
(       2,       3 ]   667685   3.572%  99.938% #
(       3,       4 ]    75340   0.403% 100.341% 
(       4,       6 ]    29370   0.157% 100.498% 
(       6,      10 ]    21816   0.117% 100.615% 
(      10,      15 ]     5504   0.029% 100.644% 
(      15,      22 ]     3103   0.017% 100.661% 
(      22,      34 ]      368   0.002% 100.663% 
(      34,      51 ]       86   0.000% 100.663% 
(      51,      76 ]      334   0.002% 100.665% 
(      76,     110 ]      453   0.002% 100.668% 
(     110,     170 ]      201   0.001% 100.669% 
(     170,     250 ]       87   0.000% 100.669% 
(     250,     380 ]       22   0.000% 100.669% 
(     380,     580 ]       18   0.000% 100.669% 
(     580,     870 ]       18   0.000% 100.669% 
(    1900,    2900 ]        3   0.000% 100.669% 
(    2900,    4400 ]       12   0.000% 100.670% 
(    4400,    6600 ]       10   0.000% 100.670% 

** Level 2 read latency histogram (micros):
Count: 1208247 Average: 7.9526  StdDev: 1398.31
Min: 0  Median: 0.9654  Max: 923871
Percentiles: P50: 0.97 P75: 1.55 P99: 3.02 P99.9: 4.06 P99.99: 4.75
------------------------------------------------------
[       0,       1 ]   625771  51.792%  51.792% ##########
(       1,       2 ]   507386  41.994%  93.785% ########
(       2,       3 ]    62771   5.195%  98.980% #
(       3,       4 ]    11008   0.911%  99.891% 
(       4,       6 ]     3165   0.262% 100.153% 
(       6,      10 ]     1678   0.139% 100.292% 
(      10,      15 ]      427   0.035% 100.328% 
(      15,      22 ]      224   0.019% 100.346% 
(      22,      34 ]       55   0.005% 100.351% 
(      34,      51 ]       55   0.005% 100.355% 
(      51,      76 ]      186   0.015% 100.371% 
(      76,     110 ]      158   0.013% 100.384% 
(     110,     170 ]        5   0.000% 100.384% 
(     170,     250 ]        8   0.001% 100.385% 
(     250,     380 ]        2   0.000% 100.385% 
(     380,     580 ]        2   0.000% 100.385% 
(     580,     870 ]        1   0.000% 100.385% 
(     870,    1300 ]        1   0.000% 100.385% 
(    1300,    1900 ]        3   0.000% 100.386% 
(    1900,    2900 ]        1   0.000% 100.386% 
(    2900,    4400 ]        3   0.000% 100.386% 
(    6600,    9900 ]        3   0.000% 100.386% 
(    9900,   14000 ]        1   0.000% 100.386% 
(   14000,   22000 ]        4   0.000% 100.387% 
(   22000,   33000 ]       11   0.001% 100.388% 
(   33000,   50000 ]       26   0.002% 100.390% 
(   50000,   75000 ]       12   0.001% 100.391% 
(   75000,  110000 ]       11   0.001% 100.392% 
(  110000,  170000 ]        8   0.001% 100.392% 
(  170000,  250000 ]        4   0.000% 100.393% 
(  250000,  380000 ]        1   0.000% 100.393% 
(  570000,  860000 ]        2   0.000% 100.393% 
(  860000, 1200000 ]        1   0.000% 100.393% 


** DB Stats **
Uptime(secs): 417.4 total, 33.1 interval
Cumulative writes: 28M writes, 28M keys, 3706K commit groups, 7.8 writes per commit group, ingest: 27.99 GB, 68.66 MB/s
Cumulative WAL: 28M writes, 0 syncs, 28741405.00 writes per sync, written: 27.99 GB, 68.66 MB/s
Cumulative stall: 00:05:52.827 H:M:S, 84.5 percent
Interval writes: 2294K writes, 2294K keys, 293K commit groups, 7.8 writes per commit group, ingest: 2287.48 MB, 69.02 MB/s
Interval WAL: 2294K writes, 0 syncs, 2294137.00 writes per sync, written: 2.23 GB, 69.02 MB/s
Interval stall: 00:00:29.137 H:M:S, 87.9 percent
Write Stall (count): write-buffer-manager-limit-stops: 0
num-running-compactions: 3
num-running-flushes: 0

2026/08/31-11:40:22  ... thread 7: (143000,1795000) ops and (4312.7,4300.0) ops/second in (33.158046,417.440923) seconds
2026/08/31-11:40:22  ... thread 1: (143000,1796000) ops and (4309.2,4302.3) ops/second in (33.184677,417.446850) seconds
2026/08/31-11:40:23  ... thread 14: (143000,1798000) ops and (4264.7,4303.4) ops/second in (33.530831,417.811696) seconds
2026/08/31-11:40:23  ... thread 10: (143000,1796000) ops and (4244.2,4297.0) ops/second in (33.693147,417.967263) seconds
2026/08/31-11:40:23  ... thread 5: (143000,1797000) ops and (4245.2,4299.4) ops/second in (33.684948,417.967648) seconds
2026/08/31-11:40:23  ... thread 8: (143000,1795000) ops and (4243.4,4294.5) ops/second in (33.699615,417.977189) seconds
2026/08/31-11:40:23  ... thread 6: (143000,1797000) ops and (4243.4,4299.2) ops/second in (33.699299,417.980413) seconds
2026/08/31-11:40:23  ... thread 11: (144000,1800000) ops and (4272.0,4306.4) ops/second in (33.707933,417.980946) seconds
2026/08/31-11:40:23  ... thread 4: (144000,1798000) ops and (4271.0,4301.6) ops/second in (33.716047,417.981380) seconds
2026/08/31-11:40:23  ... thread 12: (144000,1796000) ops and (4270.4,4296.8) ops/second in (33.720707,417.981622) seconds
2026/08/31-11:40:23  ... thread 9: (144000,1796000) ops and (4269.7,4296.8) ops/second in (33.726265,417.982442) seconds
2026/08/31-11:40:23  ... thread 13: (144000,1797000) ops and (4270.8,4299.2) ops/second in (33.717577,417.982399) seconds
2026/08/31-11:40:23  ... thread 3: (144000,1797000) ops and (4273.0,4299.2) ops/second in (33.699945,417.983020) seconds
2026/08/31-11:40:58  ... thread 13: (76000,1873000) ops and (2165.1,4133.9) ops/second in (35.103012,453.085411) seconds
2026/08/31-11:40:58  ... thread 4: (77000,1875000) ops and (2193.5,4138.3) ops/second in (35.104406,453.085786) seconds
2026/08/31-11:40:58  ... thread 0: (77000,1872000) ops and (2157.9,4131.7) ops/second in (35.683215,453.086396) seconds
2026/08/31-11:40:58  ... thread 10: (76000,1872000) ops and (2164.0,4131.7) ops/second in (35.119848,453.087111) seconds

** Compaction Stats [default] **
Level    Files   Size     Score Read(GB)  Rn(GB) Rnp1(GB) Write(GB) WPreComp(GB) Wnew(GB) Moved(GB) W-Amp Rd(MB/s) Wr(MB/s) Comp(sec) CompMergeCPU(sec) Comp(cnt) Avg(sec) KeyIn KeyDrop Rblob(GB) Wblob(GB)
-------------------------------------------------------------------------------------------------------------------------------------------------------------------------------------------------------------
  L0     13/11     1.70 GB   0.5     24.9     0.0     24.9      54.3      54.3     29.4       0.0   1.8     26.5     57.8    962.82            112.63       584    1.649     55M    23K       0.0       0.0
  L1     72/72     3.96 GB   0.0     83.7    27.7     56.0      82.5      82.5     26.5       0.0   3.0    355.3    350.0    241.28            256.63        22   10.967     85M  1255K       0.0       0.0
  L2    390/0     21.06 GB   0.5     31.2    14.3     16.9      29.7      29.7     12.8       8.2   2.1     23.2     22.1   1378.55             95.92       185    7.452     31M  1492K       0.0       0.0
 Sum    475/83    26.72 GB   0.0    139.8    42.0     97.8     166.5     166.5     68.8       8.2   5.7     55.4     66.0   2582.65            465.19       791    3.265    172M  2772K       0.0       0.0
 Int      0/0      0.00 KB   0.0      7.3     2.5      4.8       8.0       8.0      3.2       0.0   7.7     19.9     21.7    377.91             23.13        65    5.814   8516K   377K       0.0       0.0

** Compaction Stats [default] **
Priority    Files   Size     Score Read(GB)  Rn(GB) Rnp1(GB) Write(GB) WPreComp(GB) Wnew(GB) Moved(GB) W-Amp Rd(MB/s) Wr(MB/s) Comp(sec) CompMergeCPU(sec) Comp(cnt) Avg(sec) KeyIn KeyDrop Rblob(GB) Wblob(GB)
----------------------------------------------------------------------------------------------------------------------------------------------------------------------------------------------------------------
 Low      0/0      0.00 KB   0.0    139.8    42.0     97.8     137.1     137.1     39.3       0.0   0.0     74.5     73.1   1921.34            415.22       307    6.258    142M  2772K       0.0       0.0
High      0/0      0.00 KB   0.0      0.0     0.0      0.0      29.5      29.5     29.5       0.0   0.0      0.0     45.6    661.31             49.97       484    1.366     29M      0       0.0       0.0

Blob file count: 0, total size: 0.0 GB, garbage size: 0.0 GB, space amp: 0.0

Uptime(secs): 453.1 total, 28.6 interval
Flush(GB): cumulative 29.457, interval 1.032
AddFile(GB): cumulative 0.000, interval 0.000
AddFile(Total Files): cumulative 0, interval 0
AddFile(L0 Files): cumulative 0, interval 0
AddFile(Keys): cumulative 0, interval 0
Cumulative compaction: 166.54 GB write, 376.38 MB/s write, 139.82 GB read, 315.99 MB/s read, 2582.6 seconds
Interval compaction: 8.00 GB write, 285.88 MB/s write, 7.34 GB read, 262.24 MB/s read, 377.9 seconds
Estimated pending compaction bytes: 14505862983
Write Stall (count): cf-l0-file-count-limit-delays-with-ongoing-compaction: 15, cf-l0-file-count-limit-stops-with-ongoing-compaction: 0, l0-file-count-limit-delays: 15, l0-file-count-limit-stops: 0, memtable-limit-delays: 0, memtable-limit-stops: 351, pending-compaction-bytes-delays: 0, pending-compaction-bytes-stops: 0, total-delays: 15, total-stops: 351
interval: 23 total count
Block cache AutoHyperClockCache@0x5cc2bb2b62d0#2301963 capacity: 512.00 MB seed: 1 usage: 8.14 MB table_size: 3585 occupancy: 1932 collections: 3 last_copies: 1 last_secs: 0.000313 secs_since: 88
Block cache entry stats(count,size,portion): Misc(1932,7.92 MB,1.5465%)

** File Read Latency Histogram By Level [default] **
** Level 0 read latency histogram (micros):
Count: 13581005 Average: 2.6135  StdDev: 1018.30
Min: 0  Median: 0.8652  Max: 2890246
Percentiles: P50: 0.87 P75: 1.47 P99: 2.93 P99.9: 4.38 P99.99: 5.35
------------------------------------------------------
[       0,       1 ]  7848558  57.791%  57.791% ############
(       1,       2 ]  4936409  36.348%  94.139% #######
(       2,       3 ]   706802   5.204%  99.343% #
(       3,       4 ]    70835   0.522%  99.865% 
(       4,       6 ]    25253   0.186% 100.050% 
(       6,      10 ]    14428   0.106% 100.157% 
(      10,      15 ]     4812   0.035% 100.192% 
(      15,      22 ]     2808   0.021% 100.213% 
(      22,      34 ]      211   0.002% 100.214% 
(      34,      51 ]       41   0.000% 100.215% 
(      51,      76 ]      200   0.001% 100.216% 
(      76,     110 ]      328   0.002% 100.219% 
(     110,     170 ]       14   0.000% 100.219% 
(     170,     250 ]        4   0.000% 100.219% 
(     250,     380 ]        3   0.000% 100.219% 
(     380,     580 ]        2   0.000% 100.219% 
(     580,     870 ]       31   0.000% 100.219% 
(     870,    1300 ]       58   0.000% 100.219% 
(    1300,    1900 ]       24   0.000% 100.220% 
(    1900,    2900 ]        5   0.000% 100.220% 
(    2900,    4400 ]        3   0.000% 100.220% 
(    4400,    6600 ]        3   0.000% 100.220% 
(    6600,    9900 ]        2   0.000% 100.220% 
(   14000,   22000 ]        3   0.000% 100.220% 
(   22000,   33000 ]        7   0.000% 100.220% 
(   33000,   50000 ]       12   0.000% 100.220% 
(   50000,   75000 ]       16   0.000% 100.220% 
(   75000,  110000 ]       19   0.000% 100.220% 
(  110000,  170000 ]       10   0.000% 100.220% 
(  170000,  250000 ]       12   0.000% 100.220% 
(  250000,  380000 ]        2   0.000% 100.220% 
(  380000,  570000 ]        2   0.000% 100.220% 
(  570000,  860000 ]        2   0.000% 100.220% 
( 1200000, 1900000 ]        1   0.000% 100.220% 
( 1900000, 2900000 ]        1   0.000% 100.220% 

** Level 1 read latency histogram (micros):
Count: 20061092 Average: 1.4662  StdDev: 5.30
Min: 0  Median: 0.8297  Max: 6356
Percentiles: P50: 0.83 P75: 1.41 P99: 2.74 P99.9: 2.99 P99.99: 3.13
------------------------------------------------------
[       0,       1 ] 12089158  60.262%  60.262% ############
(       1,       2 ]  7245188  36.116%  96.377% #######
(       2,       3 ]   714287   3.561%  99.938% #
(       3,       4 ]    80384   0.401% 100.339% 
(       4,       6 ]    30771   0.153% 100.492% 
(       6,      10 ]    23363   0.116% 100.608% 
(      10,      15 ]     5856   0.029% 100.638% 
(      15,      22 ]     3240   0.016% 100.654% 
(      22,      34 ]      386   0.002% 100.656% 
(      34,      51 ]      100   0.000% 100.656% 
(      51,      76 ]      387   0.002% 100.658% 
(      76,     110 ]      489   0.002% 100.661% 
(     110,     170 ]      216   0.001% 100.662% 
(     170,     250 ]       88   0.000% 100.662% 
(     250,     380 ]       22   0.000% 100.662% 
(     380,     580 ]       18   0.000% 100.662% 
(     580,     870 ]       18   0.000% 100.662% 
(    1900,    2900 ]        3   0.000% 100.662% 
(    2900,    4400 ]       15   0.000% 100.662% 
(    4400,    6600 ]       10   0.000% 100.663% 

** Level 2 read latency histogram (micros):
Count: 2171942 Average: 5.8232  StdDev: 1082.06
Min: 0  Median: 0.8933  Max: 923871
Percentiles: P50: 0.89 P75: 1.49 P99: 2.91 P99.9: 3.67 P99.99: 3.79
------------------------------------------------------
[       0,       1 ]  1215653  55.971%  55.971% ###########
(       1,       2 ]   841038  38.723%  94.694% ########
(       2,       3 ]   102344   4.712%  99.406% #
(       3,       4 ]    16052   0.739% 100.145% 
(       4,       6 ]     4466   0.206% 100.350% 
(       6,      10 ]     2818   0.130% 100.480% 
(      10,      15 ]      676   0.031% 100.511% 
(      15,      22 ]      361   0.017% 100.528% 
(      22,      34 ]       73   0.003% 100.531% 
(      34,      51 ]       70   0.003% 100.534% 
(      51,      76 ]      238   0.011% 100.545% 
(      76,     110 ]      200   0.009% 100.555% 
(     110,     170 ]       10   0.000% 100.555% 
(     170,     250 ]        9   0.000% 100.556% 
(     250,     380 ]        2   0.000% 100.556% 
(     380,     580 ]        2   0.000% 100.556% 
(     580,     870 ]        2   0.000% 100.556% 
(     870,    1300 ]        2   0.000% 100.556% 
(    1300,    1900 ]        4   0.000% 100.556% 
(    1900,    2900 ]        3   0.000% 100.556% 
(    2900,    4400 ]        6   0.000% 100.557% 
(    6600,    9900 ]        6   0.000% 100.557% 
(    9900,   14000 ]        1   0.000% 100.557% 
(   14000,   22000 ]        5   0.000% 100.557% 
(   22000,   33000 ]       12   0.001% 100.558% 
(   33000,   50000 ]       30   0.001% 100.559% 
(   50000,   75000 ]       14   0.001% 100.560% 
(   75000,  110000 ]       15   0.001% 100.560% 
(  110000,  170000 ]       13   0.001% 100.561% 
(  170000,  250000 ]        5   0.000% 100.561% 
(  250000,  380000 ]        1   0.000% 100.561% 
(  570000,  860000 ]        2   0.000% 100.561% 
(  860000, 1200000 ]        1   0.000% 100.561% 


** DB Stats **
Uptime(secs): 453.1 total, 28.6 interval
Cumulative writes: 29M writes, 29M keys, 3867K commit groups, 7.8 writes per commit group, ingest: 29.19 GB, 65.97 MB/s
Cumulative WAL: 29M writes, 0 syncs, 29975738.00 writes per sync, written: 29.19 GB, 65.97 MB/s
Cumulative stall: 00:06:24.892 H:M:S, 84.9 percent
Interval writes: 926K writes, 926K keys, 120K commit groups, 7.7 writes per commit group, ingest: 924.28 MB, 32.27 MB/s
Interval WAL: 926K writes, 0 syncs, 926946.00 writes per sync, written: 0.90 GB, 32.27 MB/s
Interval stall: 00:00:29.762 H:M:S, 103.9 percent
Write Stall (count): write-buffer-manager-limit-stops: 0
num-running-compactions: 2
num-running-flushes: 0

2026/08/31-11:40:58  ... thread 5: (76000,1873000) ops and (2163.7,4133.8) ops/second in (35.124321,453.091969) seconds
2026/08/31-11:40:58  ... thread 8: (77000,1872000) ops and (2192.7,4131.6) ops/second in (35.115982,453.093171) seconds
2026/08/31-11:40:58  ... thread 1: (78000,1874000) ops and (2188.1,4136.0) ops/second in (35.647666,453.094516) seconds
2026/08/31-11:40:58  ... thread 3: (77000,1874000) ops and (2192.9,4136.0) ops/second in (35.113573,453.096593) seconds
2026/08/31-11:40:58  ... thread 14: (78000,1876000) ops and (2210.5,4140.4) ops/second in (35.286248,453.097944) seconds
2026/08/31-11:40:58  ... thread 11: (77000,1877000) ops and (2192.6,4142.6) ops/second in (35.118558,453.099504) seconds
2026/08/31-11:40:58  ... thread 12: (77000,1873000) ops and (2192.4,4133.7) ops/second in (35.121835,453.103457) seconds
2026/08/31-11:40:58  ... thread 2: (78000,1875000) ops and (2168.7,4138.1) ops/second in (35.967061,453.104299) seconds
2026/08/31-11:40:58  ... thread 6: (77000,1874000) ops and (2192.0,4135.9) ops/second in (35.127023,453.107436) seconds
2026/08/31-11:40:58  ... thread 7: (78000,1873000) ops and (2186.8,4133.7) ops/second in (35.668490,453.109413) seconds
2026/08/31-11:40:58  ... thread 9: (77000,1873000) ops and (2191.9,4133.6) ops/second in (35.128627,453.111069) seconds
2026/08/31-11:40:58  ... thread 15: (78000,1875000) ops and (2168.3,4138.0) ops/second in (35.972058,453.112723) seconds
2026/08/31-11:41:28  ... thread 9: (208000,2081000) ops and (6920.7,4307.0) ops/second in (30.054651,483.165720) seconds
2026/08/31-11:41:28  ... thread 5: (209000,2082000) ops and (6949.6,4309.1) ops/second in (30.073783,483.165752) seconds
2026/08/31-11:41:28  ... thread 6: (209000,2083000) ops and (6952.6,4311.1) ops/second in (30.060893,483.168329) seconds
2026/08/31-11:41:28  ... thread 14: (209000,2085000) ops and (6950.1,4315.3) ops/second in (30.071719,483.169663) seconds
2026/08/31-11:41:28  ... thread 12: (209000,2082000) ops and (6950.8,4309.0) ops/second in (30.068289,483.171746) seconds
2026/08/31-11:41:28  ... thread 1: (209000,2083000) ops and (6946.5,4311.0) ops/second in (30.086955,483.181471) seconds
2026/08/31-11:41:28  ... thread 10: (210000,2082000) ops and (6977.9,4308.9) ops/second in (30.094979,483.182090) seconds
2026/08/31-11:41:28  ... thread 15: (209000,2084000) ops and (6950.6,4313.1) ops/second in (30.069344,483.182067) seconds
2026/08/31-11:41:28  ... thread 2: (209000,2084000) ops and (6948.5,4313.1) ops/second in (30.078471,483.182770) seconds
2026/08/31-11:41:28  ... thread 4: (210000,2085000) ops and (6977.0,4315.1) ops/second in (30.098842,483.184628) seconds
2026/08/31-11:41:28  ... thread 0: (210000,2082000) ops and (6977.0,4308.9) ops/second in (30.098784,483.185180) seconds

** Compaction Stats [default] **
Level    Files   Size     Score Read(GB)  Rn(GB) Rnp1(GB) Write(GB) WPreComp(GB) Wnew(GB) Moved(GB) W-Amp Rd(MB/s) Wr(MB/s) Comp(sec) CompMergeCPU(sec) Comp(cnt) Avg(sec) KeyIn KeyDrop Rblob(GB) Wblob(GB)
-------------------------------------------------------------------------------------------------------------------------------------------------------------------------------------------------------------
  L0     19/4      3.65 GB   3.8     28.2     0.0     28.2      60.9      60.9     32.7       0.0   1.9     27.7     59.9   1040.38            126.17       651    1.598     61M    26K       0.0       0.0
  L1     71/0      3.97 GB   1.0     89.0    29.1     60.0      87.7      87.7     27.8       0.0   3.0    357.4    352.2    255.03            272.48        23   11.088     90M  1315K       0.0       0.0
  L2    410/0     22.10 GB   0.6     35.2    15.6     19.6      33.5      33.5     13.9       8.2   2.2     23.0     21.9   1563.64            107.56       208    7.518     35M  1720K       0.0       0.0
 Sum    500/4     29.72 GB   0.0    152.4    44.6    107.7     182.1     182.1     74.4       8.2   5.6     54.6     65.2   2859.05            506.21       882    3.242    188M  3063K       0.0       0.0
 Int      0/0      0.00 KB   0.0     19.9     5.1     14.8      23.6      23.6      8.8       0.0   5.5     31.2     36.9    654.31             64.16       156    4.194     24M   668K       0.0       0.0

** Compaction Stats [default] **
Priority    Files   Size     Score Read(GB)  Rn(GB) Rnp1(GB) Write(GB) WPreComp(GB) Wnew(GB) Moved(GB) W-Amp Rd(MB/s) Wr(MB/s) Comp(sec) CompMergeCPU(sec) Comp(cnt) Avg(sec) KeyIn KeyDrop Rblob(GB) Wblob(GB)
----------------------------------------------------------------------------------------------------------------------------------------------------------------------------------------------------------------
 Low      0/0      0.00 KB   0.0    152.4    44.6    107.7     149.4     149.4     41.6       0.0   0.0     72.6     71.1   2150.79            450.87       344    6.252    155M  3063K       0.0       0.0
High      0/0      0.00 KB   0.0      0.0     0.0      0.0      32.7      32.7     32.7       0.0   0.0      0.0     47.3    708.25             55.34       538    1.316     33M      0       0.0       0.0

Blob file count: 0, total size: 0.0 GB, garbage size: 0.0 GB, space amp: 0.0

Uptime(secs): 483.2 total, 58.7 interval
Flush(GB): cumulative 32.745, interval 4.321
AddFile(GB): cumulative 0.000, interval 0.000
AddFile(Total Files): cumulative 0, interval 0
AddFile(L0 Files): cumulative 0, interval 0
AddFile(Keys): cumulative 0, interval 0
Cumulative compaction: 182.11 GB write, 385.93 MB/s write, 152.39 GB read, 322.94 MB/s read, 2859.0 seconds
Interval compaction: 23.57 GB write, 410.83 MB/s write, 19.90 GB read, 346.97 MB/s read, 654.3 seconds
Estimated pending compaction bytes: 23345892433
Write Stall (count): cf-l0-file-count-limit-delays-with-ongoing-compaction: 16, cf-l0-file-count-limit-stops-with-ongoing-compaction: 0, l0-file-count-limit-delays: 16, l0-file-count-limit-stops: 0, memtable-limit-delays: 0, memtable-limit-stops: 391, pending-compaction-bytes-delays: 0, pending-compaction-bytes-stops: 0, total-delays: 16, total-stops: 391
interval: 64 total count
Block cache AutoHyperClockCache@0x5cc2bb2b62d0#2301963 capacity: 512.00 MB seed: 1 usage: 8.14 MB table_size: 3585 occupancy: 1932 collections: 3 last_copies: 1 last_secs: 0.000313 secs_since: 118
Block cache entry stats(count,size,portion): Misc(1932,7.92 MB,1.5465%)

** File Read Latency Histogram By Level [default] **
** Level 0 read latency histogram (micros):
Count: 14537196 Average: 2.5319  StdDev: 984.27
Min: 0  Median: 0.8514  Max: 2890246
Percentiles: P50: 0.85 P75: 1.46 P99: 2.93 P99.9: 4.43 P99.99: 5.42
------------------------------------------------------
[       0,       1 ]  8537704  58.730%  58.730% ############
(       1,       2 ]  5174566  35.595%  94.325% #######
(       2,       3 ]   730552   5.025%  99.351% #
(       3,       4 ]    74049   0.509%  99.860% 
(       4,       6 ]    26617   0.183% 100.043% 
(       6,      10 ]    14987   0.103% 100.146% 
(      10,      15 ]     5023   0.035% 100.181% 
(      15,      22 ]     2915   0.020% 100.201% 
(      22,      34 ]      219   0.002% 100.202% 
(      34,      51 ]       44   0.000% 100.203% 
(      51,      76 ]      210   0.001% 100.204% 
(      76,     110 ]      371   0.003% 100.207% 
(     110,     170 ]       14   0.000% 100.207% 
(     170,     250 ]        4   0.000% 100.207% 
(     250,     380 ]        5   0.000% 100.207% 
(     380,     580 ]        3   0.000% 100.207% 
(     580,     870 ]       33   0.000% 100.207% 
(     870,    1300 ]       66   0.000% 100.208% 
(    1300,    1900 ]       28   0.000% 100.208% 
(    1900,    2900 ]        5   0.000% 100.208% 
(    2900,    4400 ]        3   0.000% 100.208% 
(    4400,    6600 ]        4   0.000% 100.208% 
(    6600,    9900 ]        2   0.000% 100.208% 
(   14000,   22000 ]        3   0.000% 100.208% 
(   22000,   33000 ]        8   0.000% 100.208% 
(   33000,   50000 ]       12   0.000% 100.208% 
(   50000,   75000 ]       16   0.000% 100.208% 
(   75000,  110000 ]       19   0.000% 100.208% 
(  110000,  170000 ]       10   0.000% 100.208% 
(  170000,  250000 ]       12   0.000% 100.208% 
(  250000,  380000 ]        2   0.000% 100.208% 
(  380000,  570000 ]        2   0.000% 100.209% 
(  570000,  860000 ]        2   0.000% 100.209% 
( 1200000, 1900000 ]        1   0.000% 100.209% 
( 1900000, 2900000 ]        1   0.000% 100.209% 

** Level 1 read latency histogram (micros):
Count: 20756955 Average: 1.4638  StdDev: 5.22
Min: 0  Median: 0.8268  Max: 6356
Percentiles: P50: 0.83 P75: 1.40 P99: 2.74 P99.9: 2.99 P99.99: 3.17
------------------------------------------------------
[       0,       1 ] 12552607  60.474%  60.474% ############
(       1,       2 ]  7448013  35.882%  96.356% #######
(       2,       3 ]   740139   3.566%  99.922% #
(       3,       4 ]    83519   0.402% 100.324% 
(       4,       6 ]    31973   0.154% 100.478% 
(       6,      10 ]    24070   0.116% 100.594% 
(      10,      15 ]     6056   0.029% 100.624% 
(      15,      22 ]     3349   0.016% 100.640% 
(      22,      34 ]      400   0.002% 100.642% 
(      34,      51 ]      113   0.001% 100.642% 
(      51,      76 ]      438   0.002% 100.644% 
(      76,     110 ]      508   0.002% 100.647% 
(     110,     170 ]      221   0.001% 100.648% 
(     170,     250 ]       88   0.000% 100.648% 
(     250,     380 ]       22   0.000% 100.648% 
(     380,     580 ]       18   0.000% 100.648% 
(     580,     870 ]       18   0.000% 100.648% 
(    1900,    2900 ]        3   0.000% 100.648% 
(    2900,    4400 ]       15   0.000% 100.649% 
(    4400,    6600 ]       10   0.000% 100.649% 

** Level 2 read latency histogram (micros):
Count: 2848848 Average: 5.1187  StdDev: 985.06
Min: 0  Median: 0.8785  Max: 923871
Percentiles: P50: 0.88 P75: 1.48 P99: 2.89 P99.9: 3.59 P99.99: 3.72
------------------------------------------------------
[       0,       1 ]  1621365  56.913%  56.913% ###########
(       1,       2 ]  1081283  37.955%  94.868% ########
(       2,       3 ]   131672   4.622%  99.490% #
(       3,       4 ]    19719   0.692% 100.182% 
(       4,       6 ]     5547   0.195% 100.377% 
(       6,      10 ]     3609   0.127% 100.504% 
(      10,      15 ]      872   0.031% 100.534% 
(      15,      22 ]      481   0.017% 100.551% 
(      22,      34 ]       88   0.003% 100.554% 
(      34,      51 ]       87   0.003% 100.557% 
(      51,      76 ]      263   0.009% 100.566% 
(      76,     110 ]      224   0.008% 100.574% 
(     110,     170 ]       11   0.000% 100.575% 
(     170,     250 ]        9   0.000% 100.575% 
(     250,     380 ]        2   0.000% 100.575% 
(     380,     580 ]        2   0.000% 100.575% 
(     580,     870 ]        2   0.000% 100.575% 
(     870,    1300 ]        2   0.000% 100.575% 
(    1300,    1900 ]        4   0.000% 100.575% 
(    1900,    2900 ]        3   0.000% 100.576% 
(    2900,    4400 ]        6   0.000% 100.576% 
(    6600,    9900 ]        6   0.000% 100.576% 
(    9900,   14000 ]        1   0.000% 100.576% 
(   14000,   22000 ]        5   0.000% 100.576% 
(   22000,   33000 ]       15   0.001% 100.577% 
(   33000,   50000 ]       30   0.001% 100.578% 
(   50000,   75000 ]       15   0.001% 100.578% 
(   75000,  110000 ]       16   0.001% 100.579% 
(  110000,  170000 ]       15   0.001% 100.579% 
(  170000,  250000 ]        5   0.000% 100.580% 
(  250000,  380000 ]        1   0.000% 100.580% 
(  380000,  570000 ]        1   0.000% 100.580% 
(  570000,  860000 ]        2   0.000% 100.580% 
(  860000, 1200000 ]        1   0.000% 100.580% 


** DB Stats **
Uptime(secs): 483.2 total, 30.1 interval
Cumulative writes: 33M writes, 33M keys, 4296K commit groups, 7.8 writes per commit group, ingest: 32.46 GB, 68.78 MB/s
Cumulative WAL: 33M writes, 0 syncs, 33330893.00 writes per sync, written: 32.46 GB, 68.78 MB/s
Cumulative stall: 00:06:49.364 H:M:S, 84.7 percent
Interval writes: 3355K writes, 3355K keys, 429K commit groups, 7.8 writes per commit group, ingest: 3345.43 MB, 111.15 MB/s
Interval WAL: 3355K writes, 0 syncs, 3355155.00 writes per sync, written: 3.27 GB, 111.15 MB/s
Interval stall: 00:00:24.472 H:M:S, 81.3 percent
Write Stall (count): write-buffer-manager-limit-stops: 0
num-running-compactions: 1
num-running-flushes: 2

2026/08/31-11:41:28  ... thread 13: (209000,2082000) ops and (6943.1,4308.9) ops/second in (30.101840,483.187251) seconds
2026/08/31-11:41:28  ... thread 7: (209000,2082000) ops and (6948.2,4308.9) ops/second in (30.079777,483.189190) seconds
2026/08/31-11:41:28  ... thread 11: (209000,2086000) ops and (6945.4,4317.1) ops/second in (30.091858,483.191362) seconds
2026/08/31-11:41:28  ... thread 8: (210000,2082000) ops and (6976.8,4308.8) ops/second in (30.099727,483.192898) seconds
2026/08/31-11:41:28  ... thread 3: (210000,2084000) ops and (6977.1,4313.0) ops/second in (30.098555,483.195148) seconds
2026/08/31-11:41:59  ... thread 15: (57000,2141000) ops and (1841.6,4164.3) ops/second in (30.951554,514.133621) seconds
2026/08/31-11:41:59  ... thread 12: (58000,2140000) ops and (1873.0,4162.3) ops/second in (30.966250,514.137996) seconds
2026/08/31-11:41:59  ... thread 6: (58000,2141000) ops and (1872.8,4164.2) ops/second in (30.969964,514.138293) seconds
2026/08/31-11:41:59  ... thread 11: (57000,2143000) ops and (1841.8,4168.1) ops/second in (30.948006,514.139368) seconds
2026/08/31-11:41:59  ... thread 10: (58000,2140000) ops and (1873.4,4162.3) ops/second in (30.960500,514.142590) seconds
2026/08/31-11:41:59  ... thread 4: (58000,2143000) ops and (1873.4,4168.1) ops/second in (30.959448,514.144076) seconds
2026/08/31-11:41:59  ... thread 14: (58000,2143000) ops and (1872.4,4168.1) ops/second in (30.976637,514.146300) seconds
2026/08/31-11:41:59  ... thread 9: (58000,2139000) ops and (1872.0,4160.3) ops/second in (30.982775,514.148495) seconds
2026/08/31-11:41:59  ... thread 5: (58000,2140000) ops and (1872.0,4162.2) ops/second in (30.982538,514.148290) seconds
2026/08/31-11:41:59  ... thread 3: (58000,2142000) ops and (1873.4,4166.1) ops/second in (30.959266,514.154414) seconds
2026/08/31-11:41:59  ... thread 1: (58000,2141000) ops and (1872.5,4164.1) ops/second in (30.974715,514.156186) seconds
2026/08/31-11:41:59  ... thread 2: (58000,2142000) ops and (1872.4,4166.0) ops/second in (30.975577,514.158347) seconds
2026/08/31-11:41:59  ... thread 0: (58000,2140000) ops and (1872.4,4162.1) ops/second in (30.975613,514.160793) seconds

** Compaction Stats [default] **
Level    Files   Size     Score Read(GB)  Rn(GB) Rnp1(GB) Write(GB) WPreComp(GB) Wnew(GB) Moved(GB) W-Amp Rd(MB/s) Wr(MB/s) Comp(sec) CompMergeCPU(sec) Comp(cnt) Avg(sec) KeyIn KeyDrop Rblob(GB) Wblob(GB)
-------------------------------------------------------------------------------------------------------------------------------------------------------------------------------------------------------------
  L0      8/6    683.00 MB   0.5     28.9     0.0     28.9      62.5      62.5     33.6       0.0   1.9     27.3     58.9   1086.56            129.49       669    1.624     63M    27K       0.0       0.0
  L1    120/17     7.03 GB   1.5     96.9    33.0     63.9      95.4      95.4     31.4       0.0   2.9    353.7    348.1    280.48            295.00        24   11.687     98M  1538K       0.0       0.0
  L2    422/38    22.61 GB   0.5     36.7    16.2     20.5      34.9      34.9     14.4       8.2   2.2     23.4     22.3   1605.16            113.22       223    7.198     37M  1826K       0.0       0.0
 Sum    550/61    30.31 GB   0.0    162.5    49.1    113.3     192.8     192.8     79.5       8.2   5.7     56.0     66.4   2972.20            537.71       916    3.245    199M  3391K       0.0       0.0
 Int      0/0      0.00 KB   0.0      9.8     4.5      5.3      10.2      10.2      4.9       0.0  15.3     91.5     94.7    110.24             30.58        29    3.801     10M   328K       0.0       0.0

** Compaction Stats [default] **
Priority    Files   Size     Score Read(GB)  Rn(GB) Rnp1(GB) Write(GB) WPreComp(GB) Wnew(GB) Moved(GB) W-Amp Rd(MB/s) Wr(MB/s) Comp(sec) CompMergeCPU(sec) Comp(cnt) Avg(sec) KeyIn KeyDrop Rblob(GB) Wblob(GB)
----------------------------------------------------------------------------------------------------------------------------------------------------------------------------------------------------------------
 Low      0/0      0.00 KB   0.0    162.5    49.1    113.3     159.1     159.1     45.8       0.0   0.0     74.6     73.1   2229.20            480.75       363    6.141    165M  3391K       0.0       0.0
High      0/0      0.00 KB   0.0      0.0     0.0      0.0      33.7      33.7     33.7       0.0   0.0      0.0     46.4    743.00             56.96       553    1.344     34M      0       0.0       0.0

Blob file count: 0, total size: 0.0 GB, garbage size: 0.0 GB, space amp: 0.0

Uptime(secs): 514.2 total, 29.7 interval
Flush(GB): cumulative 33.657, interval 0.667
AddFile(GB): cumulative 0.000, interval 0.000
AddFile(Total Files): cumulative 0, interval 0
AddFile(L0 Files): cumulative 0, interval 0
AddFile(Keys): cumulative 0, interval 0
Cumulative compaction: 192.79 GB write, 383.95 MB/s write, 162.48 GB read, 323.59 MB/s read, 2972.2 seconds
Interval compaction: 10.19 GB write, 351.27 MB/s write, 9.85 GB read, 339.43 MB/s read, 110.2 seconds
Estimated pending compaction bytes: 23894634031
Write Stall (count): cf-l0-file-count-limit-delays-with-ongoing-compaction: 22, cf-l0-file-count-limit-stops-with-ongoing-compaction: 0, l0-file-count-limit-delays: 22, l0-file-count-limit-stops: 0, memtable-limit-delays: 0, memtable-limit-stops: 404, pending-compaction-bytes-delays: 0, pending-compaction-bytes-stops: 0, total-delays: 22, total-stops: 404
interval: 15 total count
Block cache AutoHyperClockCache@0x5cc2bb2b62d0#2301963 capacity: 512.00 MB seed: 1 usage: 8.14 MB table_size: 3585 occupancy: 1932 collections: 3 last_copies: 2 last_secs: 0.000313 secs_since: 149
Block cache entry stats(count,size,portion): Misc(1932,7.92 MB,1.5465%)

** File Read Latency Histogram By Level [default] **
** Level 0 read latency histogram (micros):
Count: 15652653 Average: 2.4941  StdDev: 951.10
Min: 0  Median: 0.8574  Max: 2890246
Percentiles: P50: 0.86 P75: 1.46 P99: 2.93 P99.9: 4.33 P99.99: 5.29
------------------------------------------------------
[       0,       1 ]  9128406  58.319%  58.319% ############
(       1,       2 ]  5622783  35.922%  94.241% #######
(       2,       3 ]   797277   5.094%  99.334% #
(       3,       4 ]    83660   0.534%  99.869% 
(       4,       6 ]    29320   0.187% 100.056% 
(       6,      10 ]    16436   0.105% 100.161% 
(      10,      15 ]     5763   0.037% 100.198% 
(      15,      22 ]     3404   0.022% 100.220% 
(      22,      34 ]      245   0.002% 100.221% 
(      34,      51 ]       49   0.000% 100.222% 
(      51,      76 ]      214   0.001% 100.223% 
(      76,     110 ]      385   0.002% 100.225% 
(     110,     170 ]       16   0.000% 100.226% 
(     170,     250 ]        4   0.000% 100.226% 
(     250,     380 ]        6   0.000% 100.226% 
(     380,     580 ]        3   0.000% 100.226% 
(     580,     870 ]       33   0.000% 100.226% 
(     870,    1300 ]       68   0.000% 100.226% 
(    1300,    1900 ]       28   0.000% 100.226% 
(    1900,    2900 ]        5   0.000% 100.226% 
(    2900,    4400 ]        3   0.000% 100.227% 
(    4400,    6600 ]        4   0.000% 100.227% 
(    6600,    9900 ]        2   0.000% 100.227% 
(   14000,   22000 ]        3   0.000% 100.227% 
(   22000,   33000 ]        9   0.000% 100.227% 
(   33000,   50000 ]       12   0.000% 100.227% 
(   50000,   75000 ]       16   0.000% 100.227% 
(   75000,  110000 ]       20   0.000% 100.227% 
(  110000,  170000 ]       11   0.000% 100.227% 
(  170000,  250000 ]       13   0.000% 100.227% 
(  250000,  380000 ]        2   0.000% 100.227% 
(  380000,  570000 ]        2   0.000% 100.227% 
(  570000,  860000 ]        2   0.000% 100.227% 
( 1200000, 1900000 ]        1   0.000% 100.227% 
( 1900000, 2900000 ]        1   0.000% 100.227% 

** Level 1 read latency histogram (micros):
Count: 21988128 Average: 1.4626  StdDev: 5.08
Min: 0  Median: 0.8245  Max: 6356
Percentiles: P50: 0.82 P75: 1.40 P99: 2.75 P99.9: 3.01 P99.99: 3.24
------------------------------------------------------
[       0,       1 ] 13333577  60.640%  60.640% ############
(       1,       2 ]  7845035  35.679%  96.318% #######
(       2,       3 ]   786251   3.576%  99.894% #
(       3,       4 ]    89611   0.408% 100.302% 
(       4,       6 ]    34084   0.155% 100.457% 
(       6,      10 ]    25485   0.116% 100.573% 
(      10,      15 ]     6658   0.030% 100.603% 
(      15,      22 ]     3744   0.017% 100.620% 
(      22,      34 ]      423   0.002% 100.622% 
(      34,      51 ]      124   0.001% 100.622% 
(      51,      76 ]      498   0.002% 100.625% 
(      76,     110 ]      567   0.003% 100.627% 
(     110,     170 ]      234   0.001% 100.628% 
(     170,     250 ]       89   0.000% 100.629% 
(     250,     380 ]       22   0.000% 100.629% 
(     380,     580 ]       18   0.000% 100.629% 
(     580,     870 ]       18   0.000% 100.629% 
(     870,    1300 ]        1   0.000% 100.629% 
(    1900,    2900 ]        3   0.000% 100.629% 
(    2900,    4400 ]       15   0.000% 100.629% 
(    4400,    6600 ]       10   0.000% 100.629% 

** Level 2 read latency histogram (micros):
Count: 3207155 Average: 5.0702  StdDev: 953.54
Min: 0  Median: 0.9234  Max: 923871
Percentiles: P50: 0.92 P75: 1.52 P99: 2.91 P99.9: 3.62 P99.99: 3.74
------------------------------------------------------
[       0,       1 ]  1736546  54.146%  54.146% ###########
(       1,       2 ]  1296716  40.432%  94.578% ########
(       2,       3 ]   155568   4.851%  99.429% #
(       3,       4 ]    24448   0.762% 100.191% 
(       4,       6 ]     7231   0.225% 100.416% 
(       6,      10 ]     4276   0.133% 100.550% 
(      10,      15 ]      985   0.031% 100.580% 
(      15,      22 ]      520   0.016% 100.597% 
(      22,      34 ]       92   0.003% 100.600% 
(      34,      51 ]       96   0.003% 100.602% 
(      51,      76 ]      271   0.008% 100.611% 
(      76,     110 ]      239   0.007% 100.618% 
(     110,     170 ]       14   0.000% 100.619% 
(     170,     250 ]        9   0.000% 100.619% 
(     250,     380 ]        2   0.000% 100.619% 
(     380,     580 ]        2   0.000% 100.619% 
(     580,     870 ]        2   0.000% 100.619% 
(     870,    1300 ]        2   0.000% 100.619% 
(    1300,    1900 ]        4   0.000% 100.619% 
(    1900,    2900 ]        3   0.000% 100.620% 
(    2900,    4400 ]        6   0.000% 100.620% 
(    6600,    9900 ]        6   0.000% 100.620% 
(    9900,   14000 ]        1   0.000% 100.620% 
(   14000,   22000 ]        5   0.000% 100.620% 
(   22000,   33000 ]       20   0.001% 100.621% 
(   33000,   50000 ]       33   0.001% 100.622% 
(   50000,   75000 ]       19   0.001% 100.622% 
(   75000,  110000 ]       16   0.000% 100.623% 
(  110000,  170000 ]       15   0.000% 100.623% 
(  170000,  250000 ]        6   0.000% 100.624% 
(  250000,  380000 ]        2   0.000% 100.624% 
(  380000,  570000 ]        1   0.000% 100.624% 
(  570000,  860000 ]        2   0.000% 100.624% 
(  860000, 1200000 ]        1   0.000% 100.624% 


** DB Stats **
Uptime(secs): 514.2 total, 29.7 interval
Cumulative writes: 34M writes, 34M keys, 4422K commit groups, 7.7 writes per commit group, ingest: 33.36 GB, 66.44 MB/s
Cumulative WAL: 34M writes, 0 syncs, 34260144.00 writes per sync, written: 33.36 GB, 66.44 MB/s
Cumulative stall: 00:07:16.066 H:M:S, 84.8 percent
Interval writes: 688K writes, 688K keys, 95K commit groups, 7.2 writes per commit group, ingest: 686.81 MB, 23.12 MB/s
Interval WAL: 688K writes, 0 syncs, 688716.00 writes per sync, written: 0.67 GB, 23.12 MB/s
Interval stall: 00:00:25.789 H:M:S, 86.8 percent
Write Stall (count): write-buffer-manager-limit-stops: 0
num-running-compactions: 18
num-running-flushes: 0

2026/08/31-11:41:59  ... thread 13: (58000,2140000) ops and (1872.4,4162.1) ops/second in (30.976036,514.163287) seconds
2026/08/31-11:41:59  ... thread 7: (59000,2141000) ops and (1904.7,4164.0) ops/second in (30.976046,514.165236) seconds
2026/08/31-11:41:59  ... thread 8: (58000,2140000) ops and (1872.4,4162.1) ops/second in (30.976278,514.169176) seconds
2026/08/31-11:42:29  ... thread 12: (89000,2229000) ops and (2932.2,4093.7) ops/second in (30.352368,544.490364) seconds
2026/08/31-11:42:29  ... thread 6: (89000,2230000) ops and (2932.1,4095.6) ops/second in (30.353875,544.492168) seconds
2026/08/31-11:42:29  ... thread 11: (89000,2232000) ops and (2932.0,4099.2) ops/second in (30.355085,544.494453) seconds
2026/08/31-11:42:29  ... thread 15: (89000,2230000) ops and (2931.0,4095.5) ops/second in (30.364874,544.498495) seconds
2026/08/31-11:42:29  ... thread 3: (89000,2231000) ops and (2932.8,4097.3) ops/second in (30.346152,544.500566) seconds
2026/08/31-11:42:29  ... thread 9: (89000,2228000) ops and (2931.9,4091.8) ops/second in (30.355275,544.503770) seconds
2026/08/31-11:42:29  ... thread 10: (89000,2229000) ops and (2931.4,4093.6) ops/second in (30.360847,544.503437) seconds
2026/08/31-11:42:29  ... thread 13: (88000,2228000) ops and (2900.3,4091.8) ops/second in (30.341175,544.504462) seconds
2026/08/31-11:42:29  ... thread 4: (89000,2232000) ops and (2931.4,4099.1) ops/second in (30.360964,544.505040) seconds
2026/08/31-11:42:29  ... thread 5: (89000,2229000) ops and (2931.8,4093.6) ops/second in (30.357002,544.505292) seconds
2026/08/31-11:42:29  ... thread 14: (89000,2232000) ops and (2931.3,4099.1) ops/second in (30.361463,544.507763) seconds
2026/08/31-11:42:29  ... thread 7: (89000,2230000) ops and (2933.0,4095.4) ops/second in (30.344519,544.509755) seconds
2026/08/31-11:42:29  ... thread 0: (89000,2229000) ops and (2932.5,4093.6) ops/second in (30.349471,544.510264) seconds

** Compaction Stats [default] **
Level    Files   Size     Score Read(GB)  Rn(GB) Rnp1(GB) Write(GB) WPreComp(GB) Wnew(GB) Moved(GB) W-Amp Rd(MB/s) Wr(MB/s) Comp(sec) CompMergeCPU(sec) Comp(cnt) Avg(sec) KeyIn KeyDrop Rblob(GB) Wblob(GB)
-------------------------------------------------------------------------------------------------------------------------------------------------------------------------------------------------------------
  L0      9/9      2.06 GB   0.0     30.6     0.0     30.6      65.6      65.6     35.0       0.0   1.9     26.8     57.5   1169.16            136.45       698    1.675     66M    29K       0.0       0.0
  L1     67/67     3.95 GB   0.0     96.9    33.0     63.9      95.4      95.4     31.4       0.0   2.9    353.7    348.1    280.48            295.00        24   11.687     98M  1538K       0.0       0.0
  L2    470/0     25.09 GB   0.6     46.3    19.3     27.1      43.9      43.9     16.9       8.2   2.3     23.8     22.6   1993.87            142.66       274    7.277     47M  2440K       0.0       0.0
 Sum    546/76    31.10 GB   0.0    173.8    52.2    121.6     204.9     204.9     83.3       8.2   5.8     51.7     60.9   3443.51            574.12       996    3.457    212M  4008K       0.0       0.0
 Int      0/0      0.00 KB   0.0      0.5     0.0      0.5       0.7       0.7      0.1       0.0   5.5    104.1    127.1      5.39              1.57         4    1.348    681K    587       0.0       0.0

** Compaction Stats [default] **
Priority    Files   Size     Score Read(GB)  Rn(GB) Rnp1(GB) Write(GB) WPreComp(GB) Wnew(GB) Moved(GB) W-Amp Rd(MB/s) Wr(MB/s) Comp(sec) CompMergeCPU(sec) Comp(cnt) Avg(sec) KeyIn KeyDrop Rblob(GB) Wblob(GB)
----------------------------------------------------------------------------------------------------------------------------------------------------------------------------------------------------------------
 Low      0/0      0.00 KB   0.0    173.8    52.2    121.6     169.9     169.9     48.3       0.0   0.0     67.2     65.7   2649.22            514.62       420    6.308    176M  4008K       0.0       0.0
High      0/0      0.00 KB   0.0      0.0     0.0      0.0      35.1      35.1     35.1       0.0   0.0      0.0     45.2    794.29             59.50       576    1.379     35M      0       0.0       0.0

Blob file count: 0, total size: 0.0 GB, garbage size: 0.0 GB, space amp: 0.0

Uptime(secs): 544.5 total, 0.0 interval
Flush(GB): cumulative 35.054, interval 0.122
AddFile(GB): cumulative 0.000, interval 0.000
AddFile(Total Files): cumulative 0, interval 0
AddFile(L0 Files): cumulative 0, interval 0
AddFile(Keys): cumulative 0, interval 0
Cumulative compaction: 204.92 GB write, 385.37 MB/s write, 173.82 GB read, 326.88 MB/s read, 3443.5 seconds
Interval compaction: 0.67 GB write, 13976.31 MB/s write, 0.55 GB read, 11445.70 MB/s read, 5.4 seconds
Estimated pending compaction bytes: 17636869903
Write Stall (count): cf-l0-file-count-limit-delays-with-ongoing-compaction: 22, cf-l0-file-count-limit-stops-with-ongoing-compaction: 0, l0-file-count-limit-delays: 22, l0-file-count-limit-stops: 0, memtable-limit-delays: 0, memtable-limit-stops: 442, pending-compaction-bytes-delays: 0, pending-compaction-bytes-stops: 0, total-delays: 22, total-stops: 442
interval: 0 total count
Block cache AutoHyperClockCache@0x5cc2bb2b62d0#2301963 capacity: 512.00 MB seed: 1 usage: 9.23 MB table_size: 4504 occupancy: 2186 collections: 4 last_copies: 0 last_secs: 0.000387 secs_since: 0
Block cache entry stats(count,size,portion): Misc(2186,8.96 MB,1.74939%)

** File Read Latency Histogram By Level [default] **
** Level 0 read latency histogram (micros):
Count: 16082003 Average: 2.7841  StdDev: 1405.86
Min: 0  Median: 0.8526  Max: 4185179
Percentiles: P50: 0.85 P75: 1.46 P99: 2.93 P99.9: 4.36 P99.99: 5.33
------------------------------------------------------
[       0,       1 ]  9431453  58.646%  58.646% ############
(       1,       2 ]  5736703  35.672%  94.318% #######
(       2,       3 ]   807412   5.021%  99.338% #
(       3,       4 ]    84991   0.528%  99.867% 
(       4,       6 ]    29812   0.185% 100.052% 
(       6,      10 ]    16731   0.104% 100.156% 
(      10,      15 ]     5864   0.036% 100.193% 
(      15,      22 ]     3458   0.022% 100.214% 
(      22,      34 ]      249   0.002% 100.216% 
(      34,      51 ]       51   0.000% 100.216% 
(      51,      76 ]      220   0.001% 100.217% 
(      76,     110 ]      399   0.002% 100.220% 
(     110,     170 ]       17   0.000% 100.220% 
(     170,     250 ]        5   0.000% 100.220% 
(     250,     380 ]       10   0.000% 100.220% 
(     380,     580 ]        3   0.000% 100.220% 
(     580,     870 ]       33   0.000% 100.220% 
(     870,    1300 ]       69   0.000% 100.221% 
(    1300,    1900 ]       29   0.000% 100.221% 
(    1900,    2900 ]        6   0.000% 100.221% 
(    2900,    4400 ]        3   0.000% 100.221% 
(    4400,    6600 ]        5   0.000% 100.221% 
(    6600,    9900 ]        2   0.000% 100.221% 
(   14000,   22000 ]        3   0.000% 100.221% 
(   22000,   33000 ]        9   0.000% 100.221% 
(   33000,   50000 ]       12   0.000% 100.221% 
(   50000,   75000 ]       19   0.000% 100.221% 
(   75000,  110000 ]       24   0.000% 100.221% 
(  110000,  170000 ]       14   0.000% 100.221% 
(  170000,  250000 ]       13   0.000% 100.221% 
(  250000,  380000 ]        2   0.000% 100.221% 
(  380000,  570000 ]        2   0.000% 100.221% 
(  570000,  860000 ]        2   0.000% 100.222% 
( 1200000, 1900000 ]        1   0.000% 100.222% 
( 1900000, 2900000 ]        1   0.000% 100.222% 
( 2900000, 4300000 ]        1   0.000% 100.222% 

** Level 1 read latency histogram (micros):
Count: 22687705 Average: 1.4625  StdDev: 5.00
Min: 0  Median: 0.8243  Max: 6356
Percentiles: P50: 0.82 P75: 1.40 P99: 2.76 P99.9: 3.07 P99.99: 3.29
------------------------------------------------------
[       0,       1 ] 13761632  60.657%  60.657% ############
(       1,       2 ]  8076794  35.600%  96.257% #######
(       2,       3 ]   819812   3.613%  99.870% #
(       3,       4 ]    94277   0.416% 100.286% 
(       4,       6 ]    35420   0.156% 100.442% 
(       6,      10 ]    26283   0.116% 100.558% 
(      10,      15 ]     6868   0.030% 100.588% 
(      15,      22 ]     3827   0.017% 100.605% 
(      22,      34 ]      431   0.002% 100.607% 
(      34,      51 ]      125   0.001% 100.607% 
(      51,      76 ]      502   0.002% 100.609% 
(      76,     110 ]      569   0.003% 100.612% 
(     110,     170 ]      235   0.001% 100.613% 
(     170,     250 ]       89   0.000% 100.613% 
(     250,     380 ]       22   0.000% 100.613% 
(     380,     580 ]       18   0.000% 100.614% 
(     580,     870 ]       18   0.000% 100.614% 
(     870,    1300 ]        1   0.000% 100.614% 
(    1900,    2900 ]        3   0.000% 100.614% 
(    2900,    4400 ]       15   0.000% 100.614% 
(    4400,    6600 ]       10   0.000% 100.614% 

** Level 2 read latency histogram (micros):
Count: 4712090 Average: 5.7649  StdDev: 2142.10
Min: 0  Median: 0.9006  Max: 4109393
Percentiles: P50: 0.90 P75: 1.50 P99: 2.92 P99.9: 3.66 P99.99: 3.78
------------------------------------------------------
[       0,       1 ]  2616215  55.521%  55.521% ###########
(       1,       2 ]  1830987  38.857%  94.379% ########
(       2,       3 ]   236928   5.028%  99.407% #
(       3,       4 ]    35418   0.752% 100.158% 
(       4,       6 ]    10170   0.216% 100.374% 
(       6,      10 ]     6054   0.128% 100.503% 
(      10,      15 ]     1483   0.031% 100.534% 
(      15,      22 ]      769   0.016% 100.550% 
(      22,      34 ]      129   0.003% 100.553% 
(      34,      51 ]      105   0.002% 100.555% 
(      51,      76 ]      341   0.007% 100.563% 
(      76,     110 ]      316   0.007% 100.569% 
(     110,     170 ]       15   0.000% 100.570% 
(     170,     250 ]       10   0.000% 100.570% 
(     250,     380 ]        2   0.000% 100.570% 
(     380,     580 ]        2   0.000% 100.570% 
(     580,     870 ]        2   0.000% 100.570% 
(     870,    1300 ]        2   0.000% 100.570% 
(    1300,    1900 ]        6   0.000% 100.570% 
(    1900,    2900 ]        4   0.000% 100.570% 
(    2900,    4400 ]        6   0.000% 100.570% 
(    4400,    6600 ]        1   0.000% 100.570% 
(    6600,    9900 ]        8   0.000% 100.571% 
(    9900,   14000 ]        1   0.000% 100.571% 
(   14000,   22000 ]       11   0.000% 100.571% 
(   22000,   33000 ]       26   0.001% 100.571% 
(   33000,   50000 ]       43   0.001% 100.572% 
(   50000,   75000 ]       26   0.001% 100.573% 
(   75000,  110000 ]       20   0.000% 100.573% 
(  110000,  170000 ]       23   0.000% 100.574% 
(  170000,  250000 ]       10   0.000% 100.574% 
(  250000,  380000 ]        2   0.000% 100.574% 
(  380000,  570000 ]        1   0.000% 100.574% 
(  570000,  860000 ]        2   0.000% 100.574% 
(  860000, 1200000 ]        2   0.000% 100.574% 
( 2900000, 4300000 ]        1   0.000% 100.574% 


** DB Stats **
Uptime(secs): 544.5 total, 0.0 interval
Cumulative writes: 35M writes, 35M keys, 4606K commit groups, 7.7 writes per commit group, ingest: 34.75 GB, 65.34 MB/s
Cumulative WAL: 35M writes, 0 syncs, 35681978.00 writes per sync, written: 34.75 GB, 65.34 MB/s
Cumulative stall: 00:07:43.482 H:M:S, 85.1 percent
Interval writes: 11K writes, 11K keys, 1464 commit groups, 7.6 writes per commit group, ingest: 11.05 MB, 223.02 MB/s
Interval WAL: 11K writes, 0 syncs, 11077.00 writes per sync, written: 0.01 GB, 222.94 MB/s
Interval stall: 00:00:1.100 H:M:S, 2220.9 percent
Write Stall (count): write-buffer-manager-limit-stops: 0
num-running-compactions: 3
num-running-flushes: 1

2026/08/31-11:42:29  ... thread 2: (89000,2231000) ops and (2932.1,4097.2) ops/second in (30.353446,544.511793) seconds
2026/08/31-11:42:29  ... thread 1: (89000,2230000) ops and (2931.7,4095.4) ops/second in (30.358240,544.514426) seconds
2026/08/31-11:42:29  ... thread 8: (89000,2229000) ops and (2932.8,4093.5) ops/second in (30.346183,544.515359) seconds
2026/08/31-11:43:01  ... thread 6: (62000,2292000) ops and (1981.1,3980.6) ops/second in (31.295305,575.787473) seconds
2026/08/31-11:43:01  ... thread 9: (61000,2289000) ops and (1949.6,3975.4) ops/second in (31.289190,575.792960) seconds
2026/08/31-11:43:01  ... thread 4: (61000,2293000) ops and (1949.5,3982.3) ops/second in (31.289961,575.795001) seconds
2026/08/31-11:43:01  ... thread 11: (62000,2294000) ops and (1980.5,3984.0) ops/second in (31.305868,575.800321) seconds
2026/08/31-11:43:01  ... thread 2: (61000,2292000) ops and (1949.3,3980.5) ops/second in (31.293961,575.805754) seconds
2026/08/31-11:43:01  ... thread 10: (62000,2291000) ops and (1980.5,3978.8) ops/second in (31.304727,575.808164) seconds
2026/08/31-11:43:01  ... thread 3: (62000,2293000) ops and (1980.3,3982.2) ops/second in (31.308354,575.808920) seconds
2026/08/31-11:43:01  ... thread 15: (62000,2292000) ops and (1979.9,3980.5) ops/second in (31.315499,575.813994) seconds
2026/08/31-11:43:01  ... thread 8: (61000,2290000) ops and (1948.9,3977.0) ops/second in (31.299256,575.814615) seconds
2026/08/31-11:43:01  ... thread 7: (62000,2292000) ops and (1980.3,3980.4) ops/second in (31.308163,575.817918) seconds
2026/08/31-11:43:01  ... thread 1: (62000,2292000) ops and (1980.6,3980.4) ops/second in (31.304244,575.818670) seconds
2026/08/31-11:43:01  ... thread 12: (62000,2291000) ops and (1978.9,3978.7) ops/second in (31.330037,575.820401) seconds
2026/08/31-11:43:01  ... thread 0: (62000,2291000) ops and (1979.9,3978.6) ops/second in (31.314530,575.824794) seconds
2026/08/31-11:43:01  ... thread 13: (62000,2290000) ops and (1979.6,3976.9) ops/second in (31.320160,575.824622) seconds

** Compaction Stats [default] **
Level    Files   Size     Score Read(GB)  Rn(GB) Rnp1(GB) Write(GB) WPreComp(GB) Wnew(GB) Moved(GB) W-Amp Rd(MB/s) Wr(MB/s) Comp(sec) CompMergeCPU(sec) Comp(cnt) Avg(sec) KeyIn KeyDrop Rblob(GB) Wblob(GB)
-------------------------------------------------------------------------------------------------------------------------------------------------------------------------------------------------------------
  L0      7/4    993.44 MB   0.8     31.3     0.0     31.3      67.3      67.3     36.0       0.0   1.9     25.8     55.4   1243.88            140.09       717    1.735     68M    30K       0.0       0.0
  L1     92/15     5.27 GB   1.1    102.9    35.0     67.9     101.3     101.3     33.4       0.0   2.9    352.3    346.8    299.05            313.40        25   11.962    104M  1638K       0.0       0.0
  L2    482/41    25.59 GB   0.6     48.4    19.9     28.4      45.8      45.8     17.4       8.2   2.3     23.3     22.1   2124.85            148.91       286    7.430     49M  2579K       0.0       0.0
 Sum    581/60    31.84 GB   0.0    182.6    54.9    127.7     214.4     214.4     86.8       8.2   6.0     51.0     59.9   3667.78            602.40      1028    3.568    222M  4248K       0.0       0.0
 Int      0/0      0.00 KB   0.0      9.3     2.7      6.6      10.2      10.2      3.6       0.0   9.3     41.6     45.4    229.66             29.86        36    6.379     10M   240K       0.0       0.0

** Compaction Stats [default] **
Priority    Files   Size     Score Read(GB)  Rn(GB) Rnp1(GB) Write(GB) WPreComp(GB) Wnew(GB) Moved(GB) W-Amp Rd(MB/s) Wr(MB/s) Comp(sec) CompMergeCPU(sec) Comp(cnt) Avg(sec) KeyIn KeyDrop Rblob(GB) Wblob(GB)
----------------------------------------------------------------------------------------------------------------------------------------------------------------------------------------------------------------
 Low      0/0      0.00 KB   0.0    182.6    54.9    127.7     178.4     178.4     50.7       0.0   0.0     66.3     64.8   2818.86            541.20       436    6.465    185M  4248K       0.0       0.0
High      0/0      0.00 KB   0.0      0.0     0.0      0.0      36.0      36.0     36.0       0.0   0.0      0.0     43.5    848.91             61.20       592    1.434     36M      0       0.0       0.0

Blob file count: 0, total size: 0.0 GB, garbage size: 0.0 GB, space amp: 0.0

Uptime(secs): 575.8 total, 31.4 interval
Flush(GB): cumulative 36.025, interval 1.093
AddFile(GB): cumulative 0.000, interval 0.000
AddFile(Total Files): cumulative 0, interval 0
AddFile(L0 Files): cumulative 0, interval 0
AddFile(Keys): cumulative 0, interval 0
Cumulative compaction: 214.43 GB write, 381.32 MB/s write, 182.59 GB read, 324.71 MB/s read, 3667.8 seconds
Interval compaction: 10.18 GB write, 332.29 MB/s write, 9.32 GB read, 304.36 MB/s read, 229.7 seconds
Estimated pending compaction bytes: 18973031718
Write Stall (count): cf-l0-file-count-limit-delays-with-ongoing-compaction: 22, cf-l0-file-count-limit-stops-with-ongoing-compaction: 0, l0-file-count-limit-delays: 22, l0-file-count-limit-stops: 0, memtable-limit-delays: 0, memtable-limit-stops: 456, pending-compaction-bytes-delays: 0, pending-compaction-bytes-stops: 0, total-delays: 22, total-stops: 456
interval: 14 total count
Block cache AutoHyperClockCache@0x5cc2bb2b62d0#2301963 capacity: 512.00 MB seed: 1 usage: 9.23 MB table_size: 4504 occupancy: 2186 collections: 4 last_copies: 0 last_secs: 0.000387 secs_since: 31
Block cache entry stats(count,size,portion): Misc(2186,8.96 MB,1.74939%)

** File Read Latency Histogram By Level [default] **
** Level 0 read latency histogram (micros):
Count: 16785933 Average: 2.7943  StdDev: 1389.01
Min: 0  Median: 0.8560  Max: 4185179
Percentiles: P50: 0.86 P75: 1.46 P99: 2.93 P99.9: 4.29 P99.99: 5.25
------------------------------------------------------
[       0,       1 ]  9804919  58.412%  58.412% ############
(       1,       2 ]  6012683  35.820%  94.231% #######
(       2,       3 ]   856577   5.103%  99.334% #
(       3,       4 ]    90421   0.539%  99.873% 
(       4,       6 ]    31517   0.188% 100.061% 
(       6,      10 ]    17663   0.105% 100.166% 
(      10,      15 ]     6125   0.036% 100.202% 
(      15,      22 ]     3626   0.022% 100.224% 
(      22,      34 ]      262   0.002% 100.226% 
(      34,      51 ]       53   0.000% 100.226% 
(      51,      76 ]      226   0.001% 100.227% 
(      76,     110 ]      413   0.002% 100.230% 
(     110,     170 ]       17   0.000% 100.230% 
(     170,     250 ]        5   0.000% 100.230% 
(     250,     380 ]       13   0.000% 100.230% 
(     380,     580 ]        3   0.000% 100.230% 
(     580,     870 ]       33   0.000% 100.230% 
(     870,    1300 ]       69   0.000% 100.231% 
(    1300,    1900 ]       29   0.000% 100.231% 
(    1900,    2900 ]        6   0.000% 100.231% 
(    2900,    4400 ]        3   0.000% 100.231% 
(    4400,    6600 ]        5   0.000% 100.231% 
(    6600,    9900 ]        2   0.000% 100.231% 
(   14000,   22000 ]        3   0.000% 100.231% 
(   22000,   33000 ]        9   0.000% 100.231% 
(   33000,   50000 ]       12   0.000% 100.231% 
(   50000,   75000 ]       22   0.000% 100.231% 
(   75000,  110000 ]       25   0.000% 100.231% 
(  110000,  170000 ]       14   0.000% 100.231% 
(  170000,  250000 ]       13   0.000% 100.231% 
(  250000,  380000 ]        2   0.000% 100.231% 
(  380000,  570000 ]        2   0.000% 100.231% 
(  570000,  860000 ]        3   0.000% 100.231% 
( 1200000, 1900000 ]        1   0.000% 100.231% 
( 1900000, 2900000 ]        1   0.000% 100.231% 
( 2900000, 4300000 ]        1   0.000% 100.231% 

** Level 1 read latency histogram (micros):
Count: 23934132 Average: 1.4605  StdDev: 4.88
Min: 0  Median: 0.8221  Max: 6356
Percentiles: P50: 0.82 P75: 1.40 P99: 2.76 P99.9: 3.11 P99.99: 3.33
------------------------------------------------------
[       0,       1 ] 14556141  60.818%  60.818% ############
(       1,       2 ]  8476805  35.417%  96.235% #######
(       2,       3 ]   865814   3.617%  99.852% #
(       3,       4 ]   101163   0.423% 100.275% 
(       4,       6 ]    37064   0.155% 100.430% 
(       6,      10 ]    27693   0.116% 100.545% 
(      10,      15 ]     7207   0.030% 100.576% 
(      15,      22 ]     4041   0.017% 100.592% 
(      22,      34 ]      457   0.002% 100.594% 
(      34,      51 ]      129   0.001% 100.595% 
(      51,      76 ]      552   0.002% 100.597% 
(      76,     110 ]      607   0.003% 100.600% 
(     110,     170 ]      248   0.001% 100.601% 
(     170,     250 ]       90   0.000% 100.601% 
(     250,     380 ]       22   0.000% 100.601% 
(     380,     580 ]       18   0.000% 100.601% 
(     580,     870 ]       18   0.000% 100.601% 
(     870,    1300 ]        1   0.000% 100.601% 
(    1900,    2900 ]        3   0.000% 100.601% 
(    2900,    4400 ]       15   0.000% 100.601% 
(    4400,    6600 ]       10   0.000% 100.602% 

** Level 2 read latency histogram (micros):
Count: 5283099 Average: 5.4415  StdDev: 2026.59
Min: 0  Median: 0.9063  Max: 4109393
Percentiles: P50: 0.91 P75: 1.51 P99: 2.93 P99.9: 3.66 P99.99: 3.77
------------------------------------------------------
[       0,       1 ]  2914544  55.167%  55.167% ###########
(       1,       2 ]  2074091  39.259%  94.426% ########
(       2,       3 ]   261010   4.940%  99.367% #
(       3,       4 ]    42734   0.809% 100.176% 
(       4,       6 ]    11483   0.217% 100.393% 
(       6,      10 ]     6758   0.128% 100.521% 
(      10,      15 ]     1643   0.031% 100.552% 
(      15,      22 ]      849   0.016% 100.568% 
(      22,      34 ]      142   0.003% 100.571% 
(      34,      51 ]      111   0.002% 100.573% 
(      51,      76 ]      357   0.007% 100.580% 
(      76,     110 ]      329   0.006% 100.586% 
(     110,     170 ]       18   0.000% 100.586% 
(     170,     250 ]       10   0.000% 100.586% 
(     250,     380 ]        2   0.000% 100.586% 
(     380,     580 ]        2   0.000% 100.586% 
(     580,     870 ]        2   0.000% 100.587% 
(     870,    1300 ]        2   0.000% 100.587% 
(    1300,    1900 ]        6   0.000% 100.587% 
(    1900,    2900 ]        4   0.000% 100.587% 
(    2900,    4400 ]        6   0.000% 100.587% 
(    4400,    6600 ]        1   0.000% 100.587% 
(    6600,    9900 ]        8   0.000% 100.587% 
(    9900,   14000 ]        1   0.000% 100.587% 
(   14000,   22000 ]       11   0.000% 100.587% 
(   22000,   33000 ]       27   0.001% 100.588% 
(   33000,   50000 ]       46   0.001% 100.589% 
(   50000,   75000 ]       26   0.000% 100.589% 
(   75000,  110000 ]       20   0.000% 100.590% 
(  110000,  170000 ]       27   0.001% 100.590% 
(  170000,  250000 ]       10   0.000% 100.590% 
(  250000,  380000 ]        2   0.000% 100.590% 
(  380000,  570000 ]        1   0.000% 100.590% 
(  570000,  860000 ]        2   0.000% 100.590% 
(  860000, 1200000 ]        2   0.000% 100.590% 
( 2900000, 4300000 ]        1   0.000% 100.590% 


** DB Stats **
Uptime(secs): 575.8 total, 31.3 interval
Cumulative writes: 36M writes, 36M keys, 4735K commit groups, 7.7 writes per commit group, ingest: 35.71 GB, 63.50 MB/s
Cumulative WAL: 36M writes, 0 syncs, 36672134.00 writes per sync, written: 35.71 GB, 63.50 MB/s
Cumulative stall: 00:08:12.688 H:M:S, 85.6 percent
Interval writes: 990K writes, 990K keys, 129K commit groups, 7.7 writes per commit group, ingest: 987.31 MB, 31.53 MB/s
Interval WAL: 990K writes, 0 syncs, 990156.00 writes per sync, written: 0.96 GB, 31.53 MB/s
Interval stall: 00:00:29.206 H:M:S, 93.3 percent
Write Stall (count): write-buffer-manager-limit-stops: 0
num-running-compactions: 18
num-running-flushes: 0

2026/08/31-11:43:01  ... thread 5: (62000,2291000) ops and (1979.2,3978.6) ops/second in (31.325555,575.830847) seconds
2026/08/31-11:43:01  ... thread 14: (62000,2294000) ops and (1979.3,3983.8) ops/second in (31.323613,575.831376) seconds
2026/08/31-11:43:31  ... thread 0: (136000,2427000) ops and (4526.9,4005.8) ops/second in (30.042664,605.867458) seconds

** Compaction Stats [default] **
Level    Files   Size     Score Read(GB)  Rn(GB) Rnp1(GB) Write(GB) WPreComp(GB) Wnew(GB) Moved(GB) W-Amp Rd(MB/s) Wr(MB/s) Comp(sec) CompMergeCPU(sec) Comp(cnt) Avg(sec) KeyIn KeyDrop Rblob(GB) Wblob(GB)
-------------------------------------------------------------------------------------------------------------------------------------------------------------------------------------------------------------
  L0     20/18     3.04 GB   0.5     33.0     0.0     33.0      71.1      71.1     38.1       0.0   1.9     26.0     55.9   1302.59            148.13       758    1.718     72M    31K       0.0       0.0
  L1     71/71     3.94 GB   0.0    102.9    35.0     67.9     101.3     101.3     33.4       0.0   2.9    352.3    346.8    299.05            313.40        25   11.962    104M  1638K       0.0       0.0
  L2    499/0     26.64 GB   0.7     52.9    21.2     31.6      50.0      50.0     18.4       8.2   2.4     23.8     22.5   2277.11            163.35       307    7.417     53M  2870K       0.0       0.0
 Sum    590/89    33.62 GB   0.0    188.8    56.3    132.5     222.4     222.4     89.9       8.2   5.8     49.8     58.7   3878.75            624.88      1090    3.558    230M  4541K       0.0       0.0
 Int      0/0      0.00 KB   0.0      0.0     0.0      0.0       0.0       0.0      0.0       0.0   0.0      0.0      0.0      0.00              0.00         0    0.000       0      0       0.0       0.0

** Compaction Stats [default] **
Priority    Files   Size     Score Read(GB)  Rn(GB) Rnp1(GB) Write(GB) WPreComp(GB) Wnew(GB) Moved(GB) W-Amp Rd(MB/s) Wr(MB/s) Comp(sec) CompMergeCPU(sec) Comp(cnt) Avg(sec) KeyIn KeyDrop Rblob(GB) Wblob(GB)
----------------------------------------------------------------------------------------------------------------------------------------------------------------------------------------------------------------
 Low      0/0      0.00 KB   0.0    188.8    56.3    132.5     184.3     184.3     51.8       0.0   0.0     64.7     63.2   2987.59            560.13       464    6.439    192M  4541K       0.0       0.0
High      0/0      0.00 KB   0.0      0.0     0.0      0.0      38.1      38.1     38.1       0.0   0.0      0.0     43.8    891.16             64.75       626    1.424     38M      0       0.0       0.0

Blob file count: 0, total size: 0.0 GB, garbage size: 0.0 GB, space amp: 0.0

Uptime(secs): 605.9 total, 1.4 interval
Flush(GB): cumulative 38.095, interval 0.000
AddFile(GB): cumulative 0.000, interval 0.000
AddFile(Total Files): cumulative 0, interval 0
AddFile(L0 Files): cumulative 0, interval 0
AddFile(Keys): cumulative 0, interval 0
Cumulative compaction: 222.42 GB write, 375.91 MB/s write, 188.80 GB read, 319.10 MB/s read, 3878.7 seconds
Interval compaction: 0.00 GB write, 0.00 MB/s write, 0.00 GB read, 0.00 MB/s read, 0.0 seconds
Estimated pending compaction bytes: 22904932983
Write Stall (count): cf-l0-file-count-limit-delays-with-ongoing-compaction: 23, cf-l0-file-count-limit-stops-with-ongoing-compaction: 0, l0-file-count-limit-delays: 23, l0-file-count-limit-stops: 0, memtable-limit-delays: 0, memtable-limit-stops: 483, pending-compaction-bytes-delays: 0, pending-compaction-bytes-stops: 0, total-delays: 23, total-stops: 483
interval: 0 total count
Block cache AutoHyperClockCache@0x5cc2bb2b62d0#2301963 capacity: 512.00 MB seed: 1 usage: 9.23 MB table_size: 4504 occupancy: 2186 collections: 4 last_copies: 1 last_secs: 0.000387 secs_since: 61
Block cache entry stats(count,size,portion): Misc(2186,8.96 MB,1.74939%)

** File Read Latency Histogram By Level [default] **
** Level 0 read latency histogram (micros):
Count: 17808660 Average: 2.7585  StdDev: 1350.19
Min: 0  Median: 0.8582  Max: 4185179
Percentiles: P50: 0.86 P75: 1.47 P99: 2.93 P99.9: 4.24 P99.99: 5.18
------------------------------------------------------
[       0,       1 ] 10375290  58.260%  58.260% ############
(       1,       2 ]  6400364  35.940%  94.199% #######
(       2,       3 ]   915320   5.140%  99.339% #
(       3,       4 ]    95813   0.538%  99.877% 
(       4,       6 ]    33958   0.191% 100.068% 
(       6,      10 ]    18710   0.105% 100.173% 
(      10,      15 ]     6462   0.036% 100.209% 
(      15,      22 ]     3805   0.021% 100.231% 
(      22,      34 ]      279   0.002% 100.232% 
(      34,      51 ]       54   0.000% 100.232% 
(      51,      76 ]      240   0.001% 100.234% 
(      76,     110 ]      436   0.002% 100.236% 
(     110,     170 ]       18   0.000% 100.236% 
(     170,     250 ]        8   0.000% 100.236% 
(     250,     380 ]       15   0.000% 100.236% 
(     380,     580 ]        5   0.000% 100.236% 
(     580,     870 ]       34   0.000% 100.237% 
(     870,    1300 ]       70   0.000% 100.237% 
(    1300,    1900 ]       30   0.000% 100.237% 
(    1900,    2900 ]        6   0.000% 100.237% 
(    2900,    4400 ]        3   0.000% 100.237% 
(    4400,    6600 ]        5   0.000% 100.237% 
(    6600,    9900 ]        2   0.000% 100.237% 
(   14000,   22000 ]        3   0.000% 100.237% 
(   22000,   33000 ]        9   0.000% 100.237% 
(   33000,   50000 ]       12   0.000% 100.237% 
(   50000,   75000 ]       24   0.000% 100.238% 
(   75000,  110000 ]       26   0.000% 100.238% 
(  110000,  170000 ]       17   0.000% 100.238% 
(  170000,  250000 ]       13   0.000% 100.238% 
(  250000,  380000 ]        2   0.000% 100.238% 
(  380000,  570000 ]        2   0.000% 100.238% 
(  570000,  860000 ]        3   0.000% 100.238% 
( 1200000, 1900000 ]        1   0.000% 100.238% 
( 1900000, 2900000 ]        1   0.000% 100.238% 
( 2900000, 4300000 ]        1   0.000% 100.238% 

** Level 1 read latency histogram (micros):
Count: 24938993 Average: 1.4595  StdDev: 4.82
Min: 0  Median: 0.8213  Max: 6356
Percentiles: P50: 0.82 P75: 1.40 P99: 2.77 P99.9: 3.15 P99.99: 3.36
------------------------------------------------------
[       0,       1 ] 15183554  60.883%  60.883% ############
(       1,       2 ]  8816072  35.351%  96.233% #######
(       2,       3 ]   898615   3.603%  99.837% #
(       3,       4 ]   106538   0.427% 100.264% 
(       4,       6 ]    39106   0.157% 100.421% 
(       6,      10 ]    28719   0.115% 100.536% 
(      10,      15 ]     7501   0.030% 100.566% 
(      15,      22 ]     4222   0.017% 100.583% 
(      22,      34 ]      476   0.002% 100.585% 
(      34,      51 ]      132   0.001% 100.585% 
(      51,      76 ]      553   0.002% 100.587% 
(      76,     110 ]      609   0.002% 100.590% 
(     110,     170 ]      248   0.001% 100.591% 
(     170,     250 ]       90   0.000% 100.591% 
(     250,     380 ]       22   0.000% 100.591% 
(     380,     580 ]       18   0.000% 100.591% 
(     580,     870 ]       18   0.000% 100.591% 
(     870,    1300 ]        1   0.000% 100.591% 
(    1900,    2900 ]        3   0.000% 100.591% 
(    2900,    4400 ]       16   0.000% 100.592% 
(    4400,    6600 ]       10   0.000% 100.592% 

** Level 2 read latency histogram (micros):
Count: 5844710 Average: 5.2111  StdDev: 1930.93
Min: 0  Median: 0.9069  Max: 4109393
Percentiles: P50: 0.91 P75: 1.51 P99: 2.93 P99.9: 3.66 P99.99: 3.77
------------------------------------------------------
[       0,       1 ]  3222222  55.131%  55.131% ###########
(       1,       2 ]  2296072  39.285%  94.415% ########
(       2,       3 ]   288970   4.944%  99.359% #
(       3,       4 ]    47820   0.818% 100.177% 
(       4,       6 ]    13333   0.228% 100.406% 
(       6,      10 ]     7442   0.127% 100.533% 
(      10,      15 ]     1838   0.031% 100.564% 
(      15,      22 ]      943   0.016% 100.581% 
(      22,      34 ]      157   0.003% 100.583% 
(      34,      51 ]      118   0.002% 100.585% 
(      51,      76 ]      399   0.007% 100.592% 
(      76,     110 ]      352   0.006% 100.598% 
(     110,     170 ]       19   0.000% 100.598% 
(     170,     250 ]       10   0.000% 100.599% 
(     250,     380 ]        2   0.000% 100.599% 
(     380,     580 ]        2   0.000% 100.599% 
(     580,     870 ]        2   0.000% 100.599% 
(     870,    1300 ]        2   0.000% 100.599% 
(    1300,    1900 ]        7   0.000% 100.599% 
(    1900,    2900 ]        4   0.000% 100.599% 
(    2900,    4400 ]        6   0.000% 100.599% 
(    4400,    6600 ]        2   0.000% 100.599% 
(    6600,    9900 ]        8   0.000% 100.599% 
(    9900,   14000 ]        1   0.000% 100.599% 
(   14000,   22000 ]       11   0.000% 100.599% 
(   22000,   33000 ]       29   0.000% 100.600% 
(   33000,   50000 ]       50   0.001% 100.601% 
(   50000,   75000 ]       27   0.000% 100.601% 
(   75000,  110000 ]       22   0.000% 100.602% 
(  110000,  170000 ]       28   0.000% 100.602% 
(  170000,  250000 ]       11   0.000% 100.602% 
(  250000,  380000 ]        2   0.000% 100.602% 
(  380000,  570000 ]        1   0.000% 100.602% 
(  570000,  860000 ]        2   0.000% 100.602% 
(  860000, 1200000 ]        2   0.000% 100.602% 
( 2900000, 4300000 ]        1   0.000% 100.602% 


** DB Stats **
Uptime(secs): 605.9 total, 1.4 interval
Cumulative writes: 38M writes, 38M keys, 5016K commit groups, 7.7 writes per commit group, ingest: 37.83 GB, 63.94 MB/s
Cumulative WAL: 38M writes, 0 syncs, 38852018.00 writes per sync, written: 37.83 GB, 63.94 MB/s
Cumulative stall: 00:08:37.972 H:M:S, 85.5 percent
Interval writes: 11K writes, 11K keys, 2550 commit groups, 4.4 writes per commit group, ingest: 11.08 MB, 7.93 MB/s
Interval WAL: 11K writes, 0 syncs, 11100.00 writes per sync, written: 0.01 GB, 7.93 MB/s
Interval stall: 00:00:1.255 H:M:S, 89.8 percent
Write Stall (count): write-buffer-manager-limit-stops: 0
num-running-compactions: 2
num-running-flushes: 1

2026/08/31-11:43:31  ... thread 7: (137000,2429000) ops and (4552.4,4008.8) ops/second in (30.094052,605.911970) seconds
2026/08/31-11:43:31  ... thread 4: (137000,2430000) ops and (4527.9,4009.6) ops/second in (30.256873,606.051874) seconds
2026/08/31-11:43:31  ... thread 5: (136000,2427000) ops and (4496.3,4004.4) ops/second in (30.247370,606.078217) seconds
2026/08/31-11:43:32  ... thread 8: (137000,2427000) ops and (4367.0,3997.1) ops/second in (31.371984,607.186599) seconds
2026/08/31-11:43:32  ... thread 6: (138000,2430000) ops and (4394.8,4002.1) ops/second in (31.400866,607.188339) seconds
2026/08/31-11:43:32  ... thread 12: (136000,2427000) ops and (4335.3,3997.1) ops/second in (31.370739,607.191140) seconds
2026/08/31-11:43:32  ... thread 9: (138000,2427000) ops and (4394.6,3997.1) ops/second in (31.402493,607.195453) seconds
2026/08/31-11:43:32  ... thread 11: (137000,2431000) ops and (4363.6,4003.6) ops/second in (31.395748,607.196069) seconds
2026/08/31-11:43:32  ... thread 3: (137000,2430000) ops and (4364.5,4002.0) ops/second in (31.389885,607.198805) seconds
2026/08/31-11:43:32  ... thread 10: (137000,2428000) ops and (4364.4,3998.7) ops/second in (31.390667,607.198831) seconds
2026/08/31-11:43:32  ... thread 13: (137000,2427000) ops and (4366.2,3997.0) ops/second in (31.377350,607.201972) seconds
2026/08/31-11:43:32  ... thread 1: (137000,2429000) ops and (4365.3,4000.3) ops/second in (31.383591,607.202261) seconds
2026/08/31-11:43:32  ... thread 2: (138000,2430000) ops and (4394.9,4001.9) ops/second in (31.400234,607.205988) seconds
2026/08/31-11:43:32  ... thread 14: (137000,2431000) ops and (4366.5,4003.6) ops/second in (31.374916,607.206292) seconds
2026/08/31-11:43:32  ... thread 15: (137000,2429000) ops and (4362.8,4000.2) ops/second in (31.401786,607.215780) seconds
2026/08/31-11:44:01  ... thread 0: (52000,2479000) ops and (1732.8,3898.6) ops/second in (30.008997,635.876455) seconds

** Compaction Stats [default] **
Level    Files   Size     Score Read(GB)  Rn(GB) Rnp1(GB) Write(GB) WPreComp(GB) Wnew(GB) Moved(GB) W-Amp Rd(MB/s) Wr(MB/s) Comp(sec) CompMergeCPU(sec) Comp(cnt) Avg(sec) KeyIn KeyDrop Rblob(GB) Wblob(GB)
-------------------------------------------------------------------------------------------------------------------------------------------------------------------------------------------------------------
  L0      9/4      1.15 GB   1.2     33.8     0.0     33.8      72.7      72.7     38.8       0.0   1.9     25.1     54.0   1378.32            151.75       774    1.781     73M    32K       0.0       0.0
  L1     81/14     4.79 GB   1.0    109.5    37.7     71.8     107.8     107.8     35.9       0.0   2.9    352.5    346.8    318.15            333.05        26   12.236    111M  1774K       0.0       0.0
  L2    520/46    27.94 GB   0.6     58.7    23.0     35.7      55.5      55.5     19.8       8.2   2.4     23.5     22.2   2560.11            180.73       339    7.552     59M  3274K       0.0       0.0
 Sum    610/64    33.89 GB   0.0    202.1    60.7    141.4     235.9     235.9     94.6       8.2   6.1     48.6     56.8   4256.58            665.52      1139    3.737    245M  5082K       0.0       0.0
 Int      0/0      0.00 KB   0.0     13.3     4.4      8.8      13.5      13.5      4.7       0.0  17.1     35.9     36.6    377.83             40.65        49    7.711     14M   540K       0.0       0.0

** Compaction Stats [default] **
Priority    Files   Size     Score Read(GB)  Rn(GB) Rnp1(GB) Write(GB) WPreComp(GB) Wnew(GB) Moved(GB) W-Amp Rd(MB/s) Wr(MB/s) Comp(sec) CompMergeCPU(sec) Comp(cnt) Avg(sec) KeyIn KeyDrop Rblob(GB) Wblob(GB)
----------------------------------------------------------------------------------------------------------------------------------------------------------------------------------------------------------------
 Low      0/0      0.00 KB   0.0    202.1    60.7    141.4     197.0     197.0     55.7       0.0   0.0     62.4     60.8   3316.15            599.25       500    6.632    205M  5082K       0.0       0.0
High      0/0      0.00 KB   0.0      0.0     0.0      0.0      38.9      38.9     38.9       0.0   0.0      0.0     42.3    940.43             66.27       639    1.472     39M      0       0.0       0.0

Blob file count: 0, total size: 0.0 GB, garbage size: 0.0 GB, space amp: 0.0

Uptime(secs): 635.9 total, 31.4 interval
Flush(GB): cumulative 38.885, interval 0.790
AddFile(GB): cumulative 0.000, interval 0.000
AddFile(Total Files): cumulative 0, interval 0
AddFile(L0 Files): cumulative 0, interval 0
AddFile(Keys): cumulative 0, interval 0
Cumulative compaction: 235.93 GB write, 379.94 MB/s write, 202.06 GB read, 325.39 MB/s read, 4256.6 seconds
Interval compaction: 13.52 GB write, 440.67 MB/s write, 13.26 GB read, 432.27 MB/s read, 377.8 seconds
Estimated pending compaction bytes: 18308272491
Write Stall (count): cf-l0-file-count-limit-delays-with-ongoing-compaction: 25, cf-l0-file-count-limit-stops-with-ongoing-compaction: 0, l0-file-count-limit-delays: 25, l0-file-count-limit-stops: 0, memtable-limit-delays: 0, memtable-limit-stops: 503, pending-compaction-bytes-delays: 0, pending-compaction-bytes-stops: 0, total-delays: 25, total-stops: 503
interval: 22 total count
Block cache AutoHyperClockCache@0x5cc2bb2b62d0#2301963 capacity: 512.00 MB seed: 1 usage: 9.23 MB table_size: 4504 occupancy: 2186 collections: 4 last_copies: 1 last_secs: 0.000387 secs_since: 91
Block cache entry stats(count,size,portion): Misc(2186,8.96 MB,1.74939%)

** File Read Latency Histogram By Level [default] **
** Level 0 read latency histogram (micros):
Count: 18150380 Average: 2.7971  StdDev: 1346.13
Min: 0  Median: 0.8569  Max: 4185179
Percentiles: P50: 0.86 P75: 1.46 P99: 2.93 P99.9: 4.28 P99.99: 5.22
------------------------------------------------------
[       0,       1 ] 10591283  58.353%  58.353% ############
(       1,       2 ]  6509040  35.862%  94.215% #######
(       2,       3 ]   929072   5.119%  99.333% #
(       3,       4 ]    98002   0.540%  99.873% 
(       4,       6 ]    34773   0.192% 100.065% 
(       6,      10 ]    19092   0.105% 100.170% 
(      10,      15 ]     6651   0.037% 100.207% 
(      15,      22 ]     3937   0.022% 100.228% 
(      22,      34 ]      285   0.002% 100.230% 
(      34,      51 ]       54   0.000% 100.230% 
(      51,      76 ]      243   0.001% 100.232% 
(      76,     110 ]      445   0.002% 100.234% 
(     110,     170 ]       18   0.000% 100.234% 
(     170,     250 ]        8   0.000% 100.234% 
(     250,     380 ]       17   0.000% 100.234% 
(     380,     580 ]        5   0.000% 100.234% 
(     580,     870 ]       35   0.000% 100.235% 
(     870,    1300 ]       70   0.000% 100.235% 
(    1300,    1900 ]       30   0.000% 100.235% 
(    1900,    2900 ]        6   0.000% 100.235% 
(    2900,    4400 ]        3   0.000% 100.235% 
(    4400,    6600 ]        5   0.000% 100.235% 
(    6600,    9900 ]        2   0.000% 100.235% 
(   14000,   22000 ]        4   0.000% 100.235% 
(   22000,   33000 ]       11   0.000% 100.235% 
(   33000,   50000 ]       12   0.000% 100.235% 
(   50000,   75000 ]       24   0.000% 100.236% 
(   75000,  110000 ]       31   0.000% 100.236% 
(  110000,  170000 ]       17   0.000% 100.236% 
(  170000,  250000 ]       13   0.000% 100.236% 
(  250000,  380000 ]        2   0.000% 100.236% 
(  380000,  570000 ]        2   0.000% 100.236% 
(  570000,  860000 ]        4   0.000% 100.236% 
( 1200000, 1900000 ]        1   0.000% 100.236% 
( 1900000, 2900000 ]        1   0.000% 100.236% 
( 2900000, 4300000 ]        1   0.000% 100.236% 

** Level 1 read latency histogram (micros):
Count: 25731663 Average: 1.4588  StdDev: 4.75
Min: 0  Median: 0.8198  Max: 6356
Percentiles: P50: 0.82 P75: 1.40 P99: 2.78 P99.9: 3.20 P99.99: 3.40
------------------------------------------------------
[       0,       1 ] 15693120  60.988%  60.988% ############
(       1,       2 ]  9059083  35.206%  96.194% #######
(       2,       3 ]   931791   3.621%  99.815% #
(       3,       4 ]   112098   0.436% 100.250% 
(       4,       6 ]    40352   0.157% 100.407% 
(       6,      10 ]    29691   0.115% 100.523% 
(      10,      15 ]     7834   0.030% 100.553% 
(      15,      22 ]     4417   0.017% 100.570% 
(      22,      34 ]      488   0.002% 100.572% 
(      34,      51 ]      139   0.001% 100.573% 
(      51,      76 ]      599   0.002% 100.575% 
(      76,     110 ]      662   0.003% 100.578% 
(     110,     170 ]      253   0.001% 100.579% 
(     170,     250 ]       90   0.000% 100.579% 
(     250,     380 ]       22   0.000% 100.579% 
(     380,     580 ]       18   0.000% 100.579% 
(     580,     870 ]       18   0.000% 100.579% 
(     870,    1300 ]        1   0.000% 100.579% 
(    1900,    2900 ]        3   0.000% 100.579% 
(    2900,    4400 ]       16   0.000% 100.579% 
(    4400,    6600 ]       10   0.000% 100.579% 

** Level 2 read latency histogram (micros):
Count: 7268527 Average: 5.0330  StdDev: 1830.90
Min: 0  Median: 0.8932  Max: 4109393
Percentiles: P50: 0.89 P75: 1.49 P99: 2.93 P99.9: 3.66 P99.99: 3.77
------------------------------------------------------
[       0,       1 ]  4068969  55.981%  55.981% ###########
(       1,       2 ]  2793347  38.431%  94.411% ########
(       2,       3 ]   359334   4.944%  99.355% #
(       3,       4 ]    60093   0.827% 100.182% 
(       4,       6 ]    16185   0.223% 100.404% 
(       6,      10 ]     9133   0.126% 100.530% 
(      10,      15 ]     2274   0.031% 100.561% 
(      15,      22 ]     1165   0.016% 100.577% 
(      22,      34 ]      181   0.002% 100.580% 
(      34,      51 ]      137   0.002% 100.582% 
(      51,      76 ]      437   0.006% 100.588% 
(      76,     110 ]      398   0.005% 100.593% 
(     110,     170 ]       20   0.000% 100.594% 
(     170,     250 ]       10   0.000% 100.594% 
(     250,     380 ]        2   0.000% 100.594% 
(     380,     580 ]        3   0.000% 100.594% 
(     580,     870 ]        2   0.000% 100.594% 
(     870,    1300 ]        2   0.000% 100.594% 
(    1300,    1900 ]        7   0.000% 100.594% 
(    1900,    2900 ]        4   0.000% 100.594% 
(    2900,    4400 ]       11   0.000% 100.594% 
(    4400,    6600 ]        2   0.000% 100.594% 
(    6600,    9900 ]        8   0.000% 100.594% 
(    9900,   14000 ]        3   0.000% 100.594% 
(   14000,   22000 ]       11   0.000% 100.594% 
(   22000,   33000 ]       36   0.000% 100.595% 
(   33000,   50000 ]       53   0.001% 100.596% 
(   50000,   75000 ]       31   0.000% 100.596% 
(   75000,  110000 ]       31   0.000% 100.597% 
(  110000,  170000 ]       30   0.000% 100.597% 
(  170000,  250000 ]       12   0.000% 100.597% 
(  250000,  380000 ]        2   0.000% 100.597% 
(  380000,  570000 ]        1   0.000% 100.597% 
(  570000,  860000 ]        2   0.000% 100.597% 
(  860000, 1200000 ]        4   0.000% 100.597% 
( 2900000, 4300000 ]        1   0.000% 100.597% 


** DB Stats **
Uptime(secs): 635.9 total, 30.0 interval
Cumulative writes: 39M writes, 39M keys, 5126K commit groups, 7.7 writes per commit group, ingest: 38.64 GB, 62.22 MB/s
Cumulative WAL: 39M writes, 0 syncs, 39678409.00 writes per sync, written: 38.64 GB, 62.22 MB/s
Cumulative stall: 00:09:3.349 H:M:S, 85.4 percent
Interval writes: 826K writes, 826K keys, 109K commit groups, 7.5 writes per commit group, ingest: 824.05 MB, 27.46 MB/s
Interval WAL: 826K writes, 0 syncs, 826391.00 writes per sync, written: 0.80 GB, 27.46 MB/s
Interval stall: 00:00:25.377 H:M:S, 84.6 percent
Write Stall (count): write-buffer-manager-limit-stops: 0
num-running-compactions: 14
num-running-flushes: 1

2026/08/31-11:44:01  ... thread 4: (53000,2483000) ops and (1739.9,3900.9) ops/second in (30.462102,636.513976) seconds
2026/08/31-11:44:01  ... thread 7: (53000,2482000) ops and (1731.5,3899.3) ops/second in (30.608415,636.520385) seconds
2026/08/31-11:44:01  ... thread 5: (53000,2480000) ops and (1740.4,3896.1) ops/second in (30.453400,636.531617) seconds
2026/08/31-11:44:02  ... thread 8: (56000,2483000) ops and (1866.3,3896.8) ops/second in (30.005343,637.191942) seconds
2026/08/31-11:44:02  ... thread 12: (56000,2483000) ops and (1866.5,3896.8) ops/second in (30.002535,637.193675) seconds
2026/08/31-11:44:02  ... thread 6: (56000,2486000) ops and (1866.3,3901.5) ops/second in (30.006002,637.194341) seconds
2026/08/31-11:44:02  ... thread 9: (56000,2483000) ops and (1866.2,3896.7) ops/second in (30.008284,637.203737) seconds
2026/08/31-11:44:02  ... thread 11: (56000,2487000) ops and (1866.2,3903.0) ops/second in (30.007491,637.203560) seconds
2026/08/31-11:44:02  ... thread 14: (56000,2487000) ops and (1866.3,3902.9) ops/second in (30.005651,637.211943) seconds
2026/08/31-11:44:02  ... thread 3: (57000,2487000) ops and (1899.1,3902.9) ops/second in (30.013868,637.212673) seconds
2026/08/31-11:44:02  ... thread 1: (56000,2485000) ops and (1865.8,3899.8) ops/second in (30.014723,637.216984) seconds
2026/08/31-11:44:02  ... thread 13: (57000,2484000) ops and (1898.9,3898.2) ops/second in (30.017634,637.219606) seconds
2026/08/31-11:44:02  ... thread 10: (57000,2485000) ops and (1898.3,3899.7) ops/second in (30.026762,637.225593) seconds
2026/08/31-11:44:02  ... thread 2: (57000,2487000) ops and (1898.4,3902.8) ops/second in (30.024949,637.230937) seconds
2026/08/31-11:44:02  ... thread 15: (57000,2486000) ops and (1898.7,3901.2) ops/second in (30.020043,637.235823) seconds
2026/08/31-11:44:33  ... thread 7: (112000,2594000) ops and (3503.6,3880.4) ops/second in (31.967281,668.487666) seconds
2026/08/31-11:44:33  ... thread 3: (108000,2595000) ops and (3452.5,3881.9) ops/second in (31.281717,668.494390) seconds
2026/08/31-11:44:33  ... thread 10: (108000,2593000) ops and (3453.0,3878.8) ops/second in (31.276894,668.502487) seconds
2026/08/31-11:44:33  ... thread 1: (108000,2593000) ops and (3451.7,3878.8) ops/second in (31.288616,668.505600) seconds
2026/08/31-11:44:33  ... thread 9: (108000,2591000) ops and (3450.0,3875.8) ops/second in (31.304120,668.507857) seconds
2026/08/31-11:44:33  ... thread 2: (108000,2595000) ops and (3453.1,3881.8) ops/second in (31.276518,668.507455) seconds
2026/08/31-11:44:33  ... thread 13: (108000,2592000) ops and (3451.8,3877.3) ops/second in (31.288243,668.507849) seconds
2026/08/31-11:44:33  ... thread 8: (109000,2592000) ops and (3480.6,3877.3) ops/second in (31.316466,668.508408) seconds
2026/08/31-11:44:33  ... thread 6: (109000,2595000) ops and (3480.4,3881.7) ops/second in (31.318650,668.512991) seconds
2026/08/31-11:44:33  ... thread 11: (109000,2596000) ops and (3481.4,3883.2) ops/second in (31.309244,668.512804) seconds
2026/08/31-11:44:33  ... thread 5: (112000,2592000) ops and (3502.0,3877.3) ops/second in (31.981867,668.513484) seconds
2026/08/31-11:44:33  ... thread 0: (114000,2593000) ops and (3492.4,3878.7) ops/second in (32.642409,668.518864) seconds

** Compaction Stats [default] **
Level    Files   Size     Score Read(GB)  Rn(GB) Rnp1(GB) Write(GB) WPreComp(GB) Wnew(GB) Moved(GB) W-Amp Rd(MB/s) Wr(MB/s) Comp(sec) CompMergeCPU(sec) Comp(cnt) Avg(sec) KeyIn KeyDrop Rblob(GB) Wblob(GB)
-------------------------------------------------------------------------------------------------------------------------------------------------------------------------------------------------------------
  L0      8/4    872.05 MB   1.0     35.6     0.0     35.6      76.3      76.3     40.7       0.0   1.9     24.9     53.4   1462.84            159.38       812    1.802     77M    34K       0.0       0.0
  L1    104/17     6.05 GB   1.3    115.7    39.9     75.8     113.8     113.8     38.0       0.0   2.9    350.2    344.5    338.23            350.86        27   12.527    117M  1881K       0.0       0.0
  L2    530/48    28.57 GB   0.7     61.8    23.8     38.1      58.4      58.4     20.3       8.2   2.5     23.7     22.3   2675.80            190.09       351    7.623     62M  3465K       0.0       0.0
 Sum    642/69    35.47 GB   0.0    213.1    63.6    149.4     248.5     248.5     99.1       8.2   6.1     48.7     56.8   4476.87            700.32      1190    3.762    258M  5381K       0.0       0.0
 Int      0/0      0.00 KB   0.0      0.0     0.0      0.0       0.1       0.1      0.1       0.0   1.0      0.0     10.8     11.58              0.22         2    5.788    123K      0       0.0       0.0

** Compaction Stats [default] **
Priority    Files   Size     Score Read(GB)  Rn(GB) Rnp1(GB) Write(GB) WPreComp(GB) Wnew(GB) Moved(GB) W-Amp Rd(MB/s) Wr(MB/s) Comp(sec) CompMergeCPU(sec) Comp(cnt) Avg(sec) KeyIn KeyDrop Rblob(GB) Wblob(GB)
----------------------------------------------------------------------------------------------------------------------------------------------------------------------------------------------------------------
 Low      0/0      0.00 KB   0.0    213.1    63.6    149.4     207.8     207.8     58.3       0.0   0.0     62.7     61.1   3479.21            630.78       520    6.691    216M  5381K       0.0       0.0
High      0/0      0.00 KB   0.0      0.0     0.0      0.0      40.8      40.8     40.8       0.0   0.0      0.0     41.8    997.65             69.54       670    1.489     41M      0       0.0       0.0

Blob file count: 0, total size: 0.0 GB, garbage size: 0.0 GB, space amp: 0.0

Uptime(secs): 668.5 total, 4.0 interval
Flush(GB): cumulative 40.772, interval 0.122
AddFile(GB): cumulative 0.000, interval 0.000
AddFile(Total Files): cumulative 0, interval 0
AddFile(L0 Files): cumulative 0, interval 0
AddFile(Keys): cumulative 0, interval 0
Cumulative compaction: 248.54 GB write, 380.69 MB/s write, 213.07 GB read, 326.37 MB/s read, 4476.9 seconds
Interval compaction: 0.12 GB write, 30.87 MB/s write, 0.00 GB read, 0.00 MB/s read, 11.6 seconds
Estimated pending compaction bytes: 23412349204
Write Stall (count): cf-l0-file-count-limit-delays-with-ongoing-compaction: 25, cf-l0-file-count-limit-stops-with-ongoing-compaction: 0, l0-file-count-limit-delays: 25, l0-file-count-limit-stops: 0, memtable-limit-delays: 0, memtable-limit-stops: 525, pending-compaction-bytes-delays: 0, pending-compaction-bytes-stops: 0, total-delays: 25, total-stops: 525
interval: 0 total count
Block cache AutoHyperClockCache@0x5cc2bb2b62d0#2301963 capacity: 512.00 MB seed: 1 usage: 9.23 MB table_size: 4504 occupancy: 2186 collections: 4 last_copies: 2 last_secs: 0.000387 secs_since: 124
Block cache entry stats(count,size,portion): Misc(2186,8.96 MB,1.74939%)

** File Read Latency Histogram By Level [default] **
** Level 0 read latency histogram (micros):
Count: 19150816 Average: 2.7433  StdDev: 1311.05
Min: 0  Median: 0.8548  Max: 4185179
Percentiles: P50: 0.85 P75: 1.46 P99: 2.93 P99.9: 4.30 P99.99: 5.23
------------------------------------------------------
[       0,       1 ] 11202475  58.496%  58.496% ############
(       1,       2 ]  6843222  35.733%  94.229% #######
(       2,       3 ]   978001   5.107%  99.336% #
(       3,       4 ]   102507   0.535%  99.871% 
(       4,       6 ]    36773   0.192% 100.064% 
(       6,      10 ]    20171   0.105% 100.169% 
(      10,      15 ]     6980   0.036% 100.205% 
(      15,      22 ]     4165   0.022% 100.227% 
(      22,      34 ]      300   0.002% 100.229% 
(      34,      51 ]       56   0.000% 100.229% 
(      51,      76 ]      258   0.001% 100.230% 
(      76,     110 ]      463   0.002% 100.233% 
(     110,     170 ]       20   0.000% 100.233% 
(     170,     250 ]       10   0.000% 100.233% 
(     250,     380 ]       23   0.000% 100.233% 
(     380,     580 ]        5   0.000% 100.233% 
(     580,     870 ]       36   0.000% 100.233% 
(     870,    1300 ]       71   0.000% 100.234% 
(    1300,    1900 ]       32   0.000% 100.234% 
(    1900,    2900 ]        6   0.000% 100.234% 
(    2900,    4400 ]        4   0.000% 100.234% 
(    4400,    6600 ]        5   0.000% 100.234% 
(    6600,    9900 ]        2   0.000% 100.234% 
(   14000,   22000 ]        6   0.000% 100.234% 
(   22000,   33000 ]       11   0.000% 100.234% 
(   33000,   50000 ]       12   0.000% 100.234% 
(   50000,   75000 ]       25   0.000% 100.234% 
(   75000,  110000 ]       32   0.000% 100.234% 
(  110000,  170000 ]       18   0.000% 100.234% 
(  170000,  250000 ]       13   0.000% 100.234% 
(  250000,  380000 ]        2   0.000% 100.234% 
(  380000,  570000 ]        2   0.000% 100.234% 
(  570000,  860000 ]        4   0.000% 100.234% 
( 1200000, 1900000 ]        1   0.000% 100.234% 
( 1900000, 2900000 ]        1   0.000% 100.234% 
( 2900000, 4300000 ]        1   0.000% 100.234% 

** Level 1 read latency histogram (micros):
Count: 26940603 Average: 1.4543  StdDev: 4.68
Min: 0  Median: 0.8148  Max: 6356
Percentiles: P50: 0.81 P75: 1.39 P99: 2.77 P99.9: 3.21 P99.99: 3.42
------------------------------------------------------
[       0,       1 ] 16532091  61.365%  61.365% ############
(       1,       2 ]  9389633  34.853%  96.218% #######
(       2,       3 ]   967854   3.593%  99.811% #
(       3,       4 ]   116002   0.431% 100.241% 
(       4,       6 ]    41870   0.155% 100.397% 
(       6,      10 ]    30972   0.115% 100.512% 
(      10,      15 ]     8190   0.030% 100.542% 
(      15,      22 ]     4659   0.017% 100.559% 
(      22,      34 ]      508   0.002% 100.561% 
(      34,      51 ]      149   0.001% 100.562% 
(      51,      76 ]      642   0.002% 100.564% 
(      76,     110 ]      713   0.003% 100.567% 
(     110,     170 ]      253   0.001% 100.568% 
(     170,     250 ]       90   0.000% 100.568% 
(     250,     380 ]       22   0.000% 100.568% 
(     380,     580 ]       18   0.000% 100.568% 
(     580,     870 ]       18   0.000% 100.568% 
(     870,    1300 ]        1   0.000% 100.568% 
(    1900,    2900 ]        3   0.000% 100.568% 
(    2900,    4400 ]       17   0.000% 100.568% 
(    4400,    6600 ]       10   0.000% 100.568% 

** Level 2 read latency histogram (micros):
Count: 7817527 Average: 5.3717  StdDev: 1983.34
Min: 0  Median: 0.8921  Max: 4109393
Percentiles: P50: 0.89 P75: 1.49 P99: 2.92 P99.9: 3.63 P99.99: 3.74
------------------------------------------------------
[       0,       1 ]  4381373  56.046%  56.046% ###########
(       1,       2 ]  3005309  38.443%  94.489% ########
(       2,       3 ]   383258   4.903%  99.391% #
(       3,       4 ]    63328   0.810% 100.201% 
(       4,       6 ]    17172   0.220% 100.421% 
(       6,      10 ]     9811   0.126% 100.547% 
(      10,      15 ]     2400   0.031% 100.577% 
(      15,      22 ]     1230   0.016% 100.593% 
(      22,      34 ]      193   0.002% 100.595% 
(      34,      51 ]      145   0.002% 100.597% 
(      51,      76 ]      491   0.006% 100.604% 
(      76,     110 ]      426   0.005% 100.609% 
(     110,     170 ]       40   0.001% 100.610% 
(     170,     250 ]       29   0.000% 100.610% 
(     250,     380 ]       41   0.001% 100.610% 
(     380,     580 ]       56   0.001% 100.611% 
(     580,     870 ]       56   0.001% 100.612% 
(     870,    1300 ]       80   0.001% 100.613% 
(    1300,    1900 ]       62   0.001% 100.614% 
(    1900,    2900 ]       61   0.001% 100.614% 
(    2900,    4400 ]       52   0.001% 100.615% 
(    4400,    6600 ]       19   0.000% 100.615% 
(    6600,    9900 ]       15   0.000% 100.616% 
(    9900,   14000 ]        5   0.000% 100.616% 
(   14000,   22000 ]       12   0.000% 100.616% 
(   22000,   33000 ]       39   0.000% 100.616% 
(   33000,   50000 ]       54   0.001% 100.617% 
(   50000,   75000 ]       31   0.000% 100.617% 
(   75000,  110000 ]       32   0.000% 100.618% 
(  110000,  170000 ]       32   0.000% 100.618% 
(  170000,  250000 ]       15   0.000% 100.618% 
(  250000,  380000 ]        3   0.000% 100.618% 
(  380000,  570000 ]        1   0.000% 100.618% 
(  570000,  860000 ]        2   0.000% 100.618% 
(  860000, 1200000 ]        4   0.000% 100.618% 
( 1900000, 2900000 ]        1   0.000% 100.618% 
( 2900000, 4300000 ]        1   0.000% 100.619% 


** DB Stats **
Uptime(secs): 668.5 total, 4.0 interval
Cumulative writes: 41M writes, 41M keys, 5360K commit groups, 7.7 writes per commit group, ingest: 40.41 GB, 61.90 MB/s
Cumulative WAL: 41M writes, 0 syncs, 41504037.00 writes per sync, written: 40.41 GB, 61.90 MB/s
Cumulative stall: 00:09:32.817 H:M:S, 85.7 percent
Interval writes: 14K writes, 14K keys, 1817 commit groups, 8.0 writes per commit group, ingest: 14.47 MB, 3.58 MB/s
Interval WAL: 14K writes, 0 syncs, 14502.00 writes per sync, written: 0.01 GB, 3.58 MB/s
Interval stall: 00:00:6.360 H:M:S, 157.5 percent
Write Stall (count): write-buffer-manager-limit-stops: 0
num-running-compactions: 18
num-running-flushes: 0

2026/08/31-11:44:33  ... thread 4: (113000,2596000) ops and (3530.7,3883.2) ops/second in (32.005398,668.519374) seconds
2026/08/31-11:44:33  ... thread 15: (108000,2594000) ops and (3452.2,3880.2) ops/second in (31.283983,668.519806) seconds
2026/08/31-11:44:33  ... thread 12: (109000,2592000) ops and (3479.5,3877.2) ops/second in (31.326326,668.520001) seconds
2026/08/31-11:44:33  ... thread 14: (109000,2596000) ops and (3481.4,3883.2) ops/second in (31.308845,668.520788) seconds
2026/08/31-11:45:06  ... thread 0: (166000,2759000) ops and (5013.4,3932.3) ops/second in (33.111566,701.630430) seconds

** Compaction Stats [default] **
Level    Files   Size     Score Read(GB)  Rn(GB) Rnp1(GB) Write(GB) WPreComp(GB) Wnew(GB) Moved(GB) W-Amp Rd(MB/s) Wr(MB/s) Comp(sec) CompMergeCPU(sec) Comp(cnt) Avg(sec) KeyIn KeyDrop Rblob(GB) Wblob(GB)
-------------------------------------------------------------------------------------------------------------------------------------------------------------------------------------------------------------
  L0     17/15     3.41 GB   0.5     38.3     0.0     38.3      81.6      81.6     43.3       0.0   1.9     25.7     54.7   1527.02            170.88       865    1.765     83M    36K       0.0       0.0
  L1     68/68     3.96 GB   0.0    115.7    39.9     75.8     113.8     113.8     38.0       0.0   2.9    350.2    344.5    338.23            350.86        27   12.527    117M  1881K       0.0       0.0
  L2    548/0     30.13 GB   0.8     70.2    25.8     44.4      66.3      66.3     21.9       8.2   2.6     23.6     22.3   3044.81            217.14       387    7.868     71M  3990K       0.0       0.0
 Sum    633/83    37.50 GB   0.0    224.1    65.7    158.4     261.6     261.6    103.2       8.2   6.0     46.7     54.6   4910.05            738.88      1279    3.839    272M  5909K       0.0       0.0
 Int      0/0      0.00 KB   0.0     11.1     2.1      9.0      13.2      13.2      4.2       0.0   4.9     25.5     30.4    444.76             38.78        91    4.887     13M   528K       0.0       0.0

** Compaction Stats [default] **
Priority    Files   Size     Score Read(GB)  Rn(GB) Rnp1(GB) Write(GB) WPreComp(GB) Wnew(GB) Moved(GB) W-Amp Rd(MB/s) Wr(MB/s) Comp(sec) CompMergeCPU(sec) Comp(cnt) Avg(sec) KeyIn KeyDrop Rblob(GB) Wblob(GB)
----------------------------------------------------------------------------------------------------------------------------------------------------------------------------------------------------------------
 Low      0/0      0.00 KB   0.0    224.1    65.7    158.4     218.3     218.3     59.9       0.0   0.0     59.2     57.7   3874.94            664.95       567    6.834    228M  5909K       0.0       0.0
High      0/0      0.00 KB   0.0      0.0     0.0      0.0      43.3      43.3     43.3       0.0   0.0      0.0     42.9   1035.11             73.93       712    1.454     44M      0       0.0       0.0

Blob file count: 0, total size: 0.0 GB, garbage size: 0.0 GB, space amp: 0.0

Uptime(secs): 701.6 total, 37.1 interval
Flush(GB): cumulative 43.330, interval 2.679
AddFile(GB): cumulative 0.000, interval 0.000
AddFile(Total Files): cumulative 0, interval 0
AddFile(L0 Files): cumulative 0, interval 0
AddFile(Keys): cumulative 0, interval 0
Cumulative compaction: 261.63 GB write, 381.84 MB/s write, 224.13 GB read, 327.10 MB/s read, 4910.1 seconds
Interval compaction: 13.22 GB write, 364.32 MB/s write, 11.06 GB read, 304.79 MB/s read, 444.8 seconds
Estimated pending compaction bytes: 26329228088
Write Stall (count): cf-l0-file-count-limit-delays-with-ongoing-compaction: 26, cf-l0-file-count-limit-stops-with-ongoing-compaction: 0, l0-file-count-limit-delays: 26, l0-file-count-limit-stops: 0, memtable-limit-delays: 0, memtable-limit-stops: 562, pending-compaction-bytes-delays: 0, pending-compaction-bytes-stops: 0, total-delays: 26, total-stops: 562
interval: 38 total count
Block cache AutoHyperClockCache@0x5cc2bb2b62d0#2301963 capacity: 512.00 MB seed: 1 usage: 9.23 MB table_size: 4504 occupancy: 2186 collections: 4 last_copies: 2 last_secs: 0.000387 secs_since: 157
Block cache entry stats(count,size,portion): Misc(2186,8.96 MB,1.74939%)

** File Read Latency Histogram By Level [default] **
** Level 0 read latency histogram (micros):
Count: 19883741 Average: 2.7628  StdDev: 1288.98
Min: 0  Median: 0.8544  Max: 4185179
Percentiles: P50: 0.85 P75: 1.46 P99: 2.93 P99.9: 4.30 P99.99: 5.24
------------------------------------------------------
[       0,       1 ] 11636485  58.523%  58.523% ############
(       1,       2 ]  7107844  35.747%  94.270% #######
(       2,       3 ]  1007747   5.068%  99.338% #
(       3,       4 ]   106077   0.533%  99.871% 
(       4,       6 ]    37953   0.191% 100.062% 
(       6,      10 ]    20810   0.105% 100.167% 
(      10,      15 ]     7179   0.036% 100.203% 
(      15,      22 ]     4229   0.021% 100.224% 
(      22,      34 ]      306   0.002% 100.226% 
(      34,      51 ]       56   0.000% 100.226% 
(      51,      76 ]      272   0.001% 100.227% 
(      76,     110 ]      493   0.002% 100.230% 
(     110,     170 ]       21   0.000% 100.230% 
(     170,     250 ]       12   0.000% 100.230% 
(     250,     380 ]       32   0.000% 100.230% 
(     380,     580 ]        5   0.000% 100.230% 
(     580,     870 ]       36   0.000% 100.230% 
(     870,    1300 ]       73   0.000% 100.231% 
(    1300,    1900 ]       32   0.000% 100.231% 
(    1900,    2900 ]        7   0.000% 100.231% 
(    2900,    4400 ]        4   0.000% 100.231% 
(    4400,    6600 ]        5   0.000% 100.231% 
(    6600,    9900 ]        2   0.000% 100.231% 
(   14000,   22000 ]        7   0.000% 100.231% 
(   22000,   33000 ]       11   0.000% 100.231% 
(   33000,   50000 ]       12   0.000% 100.231% 
(   50000,   75000 ]       29   0.000% 100.231% 
(   75000,  110000 ]       41   0.000% 100.232% 
(  110000,  170000 ]       20   0.000% 100.232% 
(  170000,  250000 ]       13   0.000% 100.232% 
(  250000,  380000 ]        2   0.000% 100.232% 
(  380000,  570000 ]        2   0.000% 100.232% 
(  570000,  860000 ]        4   0.000% 100.232% 
( 1200000, 1900000 ]        1   0.000% 100.232% 
( 1900000, 2900000 ]        1   0.000% 100.232% 
( 2900000, 4300000 ]        1   0.000% 100.232% 

** Level 1 read latency histogram (micros):
Count: 27456780 Average: 1.4572  StdDev: 4.64
Min: 0  Median: 0.8171  Max: 6356
Percentiles: P50: 0.82 P75: 1.40 P99: 2.79 P99.9: 3.25 P99.99: 3.46
------------------------------------------------------
[       0,       1 ] 16801787  61.194%  61.194% ############
(       1,       2 ]  9588108  34.921%  96.114% #######
(       2,       3 ]  1008826   3.674%  99.789% #
(       3,       4 ]   121261   0.442% 100.230% 
(       4,       6 ]    43626   0.159% 100.389% 
(       6,      10 ]    32150   0.117% 100.506% 
(      10,      15 ]     8421   0.031% 100.537% 
(      15,      22 ]     4843   0.018% 100.554% 
(      22,      34 ]      531   0.002% 100.556% 
(      34,      51 ]      152   0.001% 100.557% 
(      51,      76 ]      643   0.002% 100.559% 
(      76,     110 ]      717   0.003% 100.562% 
(     110,     170 ]      253   0.001% 100.563% 
(     170,     250 ]       90   0.000% 100.563% 
(     250,     380 ]       22   0.000% 100.563% 
(     380,     580 ]       18   0.000% 100.563% 
(     580,     870 ]       18   0.000% 100.563% 
(     870,    1300 ]        1   0.000% 100.563% 
(    1900,    2900 ]        3   0.000% 100.563% 
(    2900,    4400 ]       17   0.000% 100.563% 
(    4400,    6600 ]       10   0.000% 100.563% 

** Level 2 read latency histogram (micros):
Count: 9020796 Average: 8.1936  StdDev: 2270.11
Min: 0  Median: 0.8924  Max: 4109393
Percentiles: P50: 0.89 P75: 1.50 P99: 2.95 P99.9: 3.78 P99.99: 3.89
------------------------------------------------------
[       0,       1 ]  5054017  56.026%  56.026% ###########
(       1,       2 ]  3433708  38.064%  94.091% ########
(       2,       3 ]   466290   5.169%  99.260% #
(       3,       4 ]    73921   0.819% 100.079% 
(       4,       6 ]    20052   0.222% 100.301% 
(       6,      10 ]    11273   0.125% 100.426% 
(      10,      15 ]     2946   0.033% 100.459% 
(      15,      22 ]     1514   0.017% 100.476% 
(      22,      34 ]      683   0.008% 100.483% 
(      34,      51 ]      372   0.004% 100.488% 
(      51,      76 ]     1244   0.014% 100.501% 
(      76,     110 ]      682   0.008% 100.509% 
(     110,     170 ]      628   0.007% 100.516% 
(     170,     250 ]      769   0.009% 100.524% 
(     250,     380 ]     1419   0.016% 100.540% 
(     380,     580 ]     1432   0.016% 100.556% 
(     580,     870 ]     1450   0.016% 100.572% 
(     870,    1300 ]     1128   0.013% 100.585% 
(    1300,    1900 ]     1003   0.011% 100.596% 
(    1900,    2900 ]      733   0.008% 100.604% 
(    2900,    4400 ]      372   0.004% 100.608% 
(    4400,    6600 ]      135   0.001% 100.609% 
(    6600,    9900 ]       55   0.001% 100.610% 
(    9900,   14000 ]       27   0.000% 100.610% 
(   14000,   22000 ]       46   0.001% 100.611% 
(   22000,   33000 ]       70   0.001% 100.612% 
(   33000,   50000 ]       77   0.001% 100.612% 
(   50000,   75000 ]       56   0.001% 100.613% 
(   75000,  110000 ]       52   0.001% 100.614% 
(  110000,  170000 ]       59   0.001% 100.614% 
(  170000,  250000 ]       24   0.000% 100.615% 
(  250000,  380000 ]        7   0.000% 100.615% 
(  380000,  570000 ]        6   0.000% 100.615% 
(  570000,  860000 ]        5   0.000% 100.615% 
(  860000, 1200000 ]        4   0.000% 100.615% 
( 1200000, 1900000 ]        1   0.000% 100.615% 
( 1900000, 2900000 ]        1   0.000% 100.615% 
( 2900000, 4300000 ]        2   0.000% 100.615% 


** DB Stats **
Uptime(secs): 701.6 total, 33.1 interval
Cumulative writes: 44M writes, 44M keys, 5700K commit groups, 7.7 writes per commit group, ingest: 43.00 GB, 62.75 MB/s
Cumulative WAL: 44M writes, 0 syncs, 44156302.00 writes per sync, written: 43.00 GB, 62.75 MB/s
Cumulative stall: 00:10:0.533 H:M:S, 85.6 percent
Interval writes: 2652K writes, 2652K keys, 339K commit groups, 7.8 writes per commit group, ingest: 2644.58 MB, 79.87 MB/s
Interval WAL: 2652K writes, 0 syncs, 2652265.00 writes per sync, written: 2.58 GB, 79.87 MB/s
Interval stall: 00:00:27.716 H:M:S, 83.7 percent
Write Stall (count): write-buffer-manager-limit-stops: 0
num-running-compactions: 1
num-running-flushes: 1

2026/08/31-11:45:06  ... thread 11: (166000,2762000) ops and (5012.1,3936.5) ops/second in (33.120149,701.632953) seconds
2026/08/31-11:45:06  ... thread 6: (166000,2761000) ops and (5011.1,3935.1) ops/second in (33.126269,701.639260) seconds
2026/08/31-11:45:06  ... thread 2: (167000,2762000) ops and (5039.6,3936.5) ops/second in (33.137692,701.645147) seconds
2026/08/31-11:45:06  ... thread 10: (167000,2760000) ops and (5038.7,3933.6) ops/second in (33.143506,701.645993) seconds
2026/08/31-11:45:06  ... thread 15: (166000,2760000) ops and (5011.0,3933.6) ops/second in (33.126998,701.646804) seconds
2026/08/31-11:45:06  ... thread 3: (167000,2762000) ops and (5037.2,3936.4) ops/second in (33.153289,701.647679) seconds
2026/08/31-11:45:06  ... thread 14: (166000,2762000) ops and (5011.0,3936.4) ops/second in (33.127318,701.648106) seconds
2026/08/31-11:45:06  ... thread 4: (166000,2762000) ops and (5010.7,3936.4) ops/second in (33.129262,701.648636) seconds
2026/08/31-11:45:06  ... thread 7: (167000,2761000) ops and (5036.1,3935.0) ops/second in (33.160894,701.648560) seconds
2026/08/31-11:45:06  ... thread 1: (167000,2760000) ops and (5038.7,3933.6) ops/second in (33.143160,701.648760) seconds
2026/08/31-11:45:06  ... thread 12: (167000,2759000) ops and (5040.9,3932.2) ops/second in (33.129088,701.649089) seconds
2026/08/31-11:45:06  ... thread 8: (167000,2759000) ops and (5039.1,3932.2) ops/second in (33.141012,701.649420) seconds
2026/08/31-11:45:06  ... thread 9: (167000,2758000) ops and (5038.5,3930.7) ops/second in (33.144706,701.652563) seconds
2026/08/31-11:45:06  ... thread 13: (166000,2758000) ops and (5008.2,3930.7) ops/second in (33.145591,701.653440) seconds
2026/08/31-11:45:06  ... thread 5: (166000,2758000) ops and (5008.7,3930.7) ops/second in (33.142140,701.655624) seconds
2026/08/31-11:45:37  ... thread 11: (50000,2812000) ops and (1648.3,3841.7) ops/second in (30.334292,731.967245) seconds
2026/08/31-11:45:37  ... thread 6: (50000,2811000) ops and (1648.4,3840.3) ops/second in (30.332656,731.971916) seconds
2026/08/31-11:45:37  ... thread 0: (50000,2809000) ops and (1647.9,3837.6) ops/second in (30.342357,731.972787) seconds

** Compaction Stats [default] **
Level    Files   Size     Score Read(GB)  Rn(GB) Rnp1(GB) Write(GB) WPreComp(GB) Wnew(GB) Moved(GB) W-Amp Rd(MB/s) Wr(MB/s) Comp(sec) CompMergeCPU(sec) Comp(cnt) Avg(sec) KeyIn KeyDrop Rblob(GB) Wblob(GB)
-------------------------------------------------------------------------------------------------------------------------------------------------------------------------------------------------------------
  L0      9/4    932.07 MB   1.2     39.0     0.0     39.0      83.1      83.1     44.1       0.0   1.9     25.4     54.0   1574.93            174.41       881    1.788     84M    37K       0.0       0.0
  L1    113/17     6.42 GB   1.4    122.9    43.2     79.7     120.9     120.9     41.1       0.0   2.8    351.3    345.5    358.24            373.76        28   12.794    125M  2060K       0.0       0.0
  L2    559/53    30.62 GB   0.7     72.8    26.6     46.2      68.7      68.7     22.5       8.2   2.6     23.3     22.0   3195.29            227.98       401    7.968     74M  4190K       0.0       0.0
 Sum    681/74    37.95 GB   0.0    234.7    69.8    165.0     272.6     272.6    107.7       8.2   6.2     46.9     54.4   5128.46            776.14      1310    3.915    283M  6287K       0.0       0.0
 Int      0/0      0.00 KB   0.0      2.9     0.8      2.1       2.9       2.9      0.8       0.0  12.0     17.7     18.0    165.50             11.94        19    8.711   3152K   199K       0.0       0.0

** Compaction Stats [default] **
Priority    Files   Size     Score Read(GB)  Rn(GB) Rnp1(GB) Write(GB) WPreComp(GB) Wnew(GB) Moved(GB) W-Amp Rd(MB/s) Wr(MB/s) Comp(sec) CompMergeCPU(sec) Comp(cnt) Avg(sec) KeyIn KeyDrop Rblob(GB) Wblob(GB)
----------------------------------------------------------------------------------------------------------------------------------------------------------------------------------------------------------------
 Low      0/0      0.00 KB   0.0    234.7    69.8    165.0     228.5     228.5     63.6       0.0   0.0     59.2     57.6   4063.00            700.57       585    6.945    238M  6287K       0.0       0.0
High      0/0      0.00 KB   0.0      0.0     0.0      0.0      44.1      44.1     44.1       0.0   0.0      0.0     42.4   1065.46             75.57       725    1.470     44M      0       0.0       0.0

Blob file count: 0, total size: 0.0 GB, garbage size: 0.0 GB, space amp: 0.0

Uptime(secs): 732.0 total, 7.5 interval
Flush(GB): cumulative 44.118, interval 0.242
AddFile(GB): cumulative 0.000, interval 0.000
AddFile(Total Files): cumulative 0, interval 0
AddFile(L0 Files): cumulative 0, interval 0
AddFile(Keys): cumulative 0, interval 0
Cumulative compaction: 272.64 GB write, 381.41 MB/s write, 234.72 GB read, 328.36 MB/s read, 5128.5 seconds
Interval compaction: 2.90 GB write, 396.82 MB/s write, 2.86 GB read, 390.55 MB/s read, 165.5 seconds
Estimated pending compaction bytes: 26376179408
Write Stall (count): cf-l0-file-count-limit-delays-with-ongoing-compaction: 29, cf-l0-file-count-limit-stops-with-ongoing-compaction: 0, l0-file-count-limit-delays: 29, l0-file-count-limit-stops: 0, memtable-limit-delays: 0, memtable-limit-stops: 576, pending-compaction-bytes-delays: 0, pending-compaction-bytes-stops: 0, total-delays: 29, total-stops: 576
interval: 8 total count
Block cache AutoHyperClockCache@0x5cc2bb2b62d0#2301963 capacity: 512.00 MB seed: 1 usage: 11.05 MB table_size: 5143 occupancy: 2620 collections: 5 last_copies: 0 last_secs: 0.0004 secs_since: 7
Block cache entry stats(count,size,portion): Misc(2620,10.73 MB,2.09659%)

** File Read Latency Histogram By Level [default] **
** Level 0 read latency histogram (micros):
Count: 20776611 Average: 2.7695  StdDev: 1268.07
Min: 0  Median: 0.8609  Max: 4185179
Percentiles: P50: 0.86 P75: 1.47 P99: 2.94 P99.9: 4.25 P99.99: 5.15
------------------------------------------------------
[       0,       1 ] 12066959  58.080%  58.080% ############
(       1,       2 ]  7485866  36.030%  94.110% #######
(       2,       3 ]  1083776   5.216%  99.326% #
(       3,       4 ]   114118   0.549%  99.875% 
(       4,       6 ]    41286   0.199% 100.074% 
(       6,      10 ]    22059   0.106% 100.180% 
(      10,      15 ]     7635   0.037% 100.217% 
(      15,      22 ]     4531   0.022% 100.239% 
(      22,      34 ]      327   0.002% 100.240% 
(      34,      51 ]       58   0.000% 100.241% 
(      51,      76 ]      279   0.001% 100.242% 
(      76,     110 ]      500   0.002% 100.244% 
(     110,     170 ]       21   0.000% 100.245% 
(     170,     250 ]       12   0.000% 100.245% 
(     250,     380 ]       35   0.000% 100.245% 
(     380,     580 ]        5   0.000% 100.245% 
(     580,     870 ]       37   0.000% 100.245% 
(     870,    1300 ]       73   0.000% 100.245% 
(    1300,    1900 ]       32   0.000% 100.245% 
(    1900,    2900 ]        7   0.000% 100.245% 
(    2900,    4400 ]        4   0.000% 100.246% 
(    4400,    6600 ]        6   0.000% 100.246% 
(    6600,    9900 ]        2   0.000% 100.246% 
(    9900,   14000 ]        1   0.000% 100.246% 
(   14000,   22000 ]        7   0.000% 100.246% 
(   22000,   33000 ]       13   0.000% 100.246% 
(   33000,   50000 ]       12   0.000% 100.246% 
(   50000,   75000 ]       29   0.000% 100.246% 
(   75000,  110000 ]       42   0.000% 100.246% 
(  110000,  170000 ]       20   0.000% 100.246% 
(  170000,  250000 ]       14   0.000% 100.246% 
(  250000,  380000 ]        3   0.000% 100.246% 
(  380000,  570000 ]        3   0.000% 100.246% 
(  570000,  860000 ]        4   0.000% 100.246% 
( 1200000, 1900000 ]        1   0.000% 100.246% 
( 1900000, 2900000 ]        1   0.000% 100.246% 
( 2900000, 4300000 ]        1   0.000% 100.246% 

** Level 1 read latency histogram (micros):
Count: 28645271 Average: 1.4619  StdDev: 4.55
Min: 0  Median: 0.8193  Max: 6356
Percentiles: P50: 0.82 P75: 1.40 P99: 2.81 P99.9: 3.37 P99.99: 3.56
------------------------------------------------------
[       0,       1 ] 17481426  61.027%  61.027% ############
(       1,       2 ]  9992949  34.885%  95.912% #######
(       2,       3 ]  1091728   3.811%  99.724% #
(       3,       4 ]   135667   0.474% 100.197% 
(       4,       6 ]    50127   0.175% 100.372% 
(       6,      10 ]    34841   0.122% 100.494% 
(      10,      15 ]     9165   0.032% 100.526% 
(      15,      22 ]     5368   0.019% 100.545% 
(      22,      34 ]      571   0.002% 100.547% 
(      34,      51 ]      164   0.001% 100.547% 
(      51,      76 ]      682   0.002% 100.550% 
(      76,     110 ]      781   0.003% 100.552% 
(     110,     170 ]      264   0.001% 100.553% 
(     170,     250 ]       90   0.000% 100.554% 
(     250,     380 ]       22   0.000% 100.554% 
(     380,     580 ]       18   0.000% 100.554% 
(     580,     870 ]       18   0.000% 100.554% 
(     870,    1300 ]        1   0.000% 100.554% 
(    1900,    2900 ]        3   0.000% 100.554% 
(    2900,    4400 ]       17   0.000% 100.554% 
(    4400,    6600 ]       10   0.000% 100.554% 

** Level 2 read latency histogram (micros):
Count: 9892722 Average: 14.6895  StdDev: 2349.65
Min: 0  Median: 0.9043  Max: 4109393
Percentiles: P50: 0.90 P75: 1.52 P99: 3.10 P99.9: 4.60 P99.99: 5.30
------------------------------------------------------
[       0,       1 ]  5469792  55.291%  55.291% ###########
(       1,       2 ]  3768782  38.097%  93.388% ########
(       2,       3 ]   545687   5.516%  98.904% #
(       3,       4 ]    90971   0.920%  99.823% 
(       4,       6 ]    25380   0.257% 100.080% 
(       6,      10 ]    12584   0.127% 100.207% 
(      10,      15 ]     3592   0.036% 100.243% 
(      15,      22 ]     1866   0.019% 100.262% 
(      22,      34 ]     1138   0.012% 100.274% 
(      34,      51 ]      736   0.007% 100.281% 
(      51,      76 ]     2096   0.021% 100.302% 
(      76,     110 ]     1186   0.012% 100.314% 
(     110,     170 ]     1963   0.020% 100.334% 
(     170,     250 ]     2622   0.027% 100.361% 
(     250,     380 ]     4591   0.046% 100.407% 
(     380,     580 ]     5601   0.057% 100.464% 
(     580,     870 ]     5153   0.052% 100.516% 
(     870,    1300 ]     3604   0.036% 100.552% 
(    1300,    1900 ]     2969   0.030% 100.582% 
(    1900,    2900 ]     2233   0.023% 100.605% 
(    2900,    4400 ]     1099   0.011% 100.616% 
(    4400,    6600 ]      491   0.005% 100.621% 
(    6600,    9900 ]      225   0.002% 100.623% 
(    9900,   14000 ]       87   0.001% 100.624% 
(   14000,   22000 ]      124   0.001% 100.625% 
(   22000,   33000 ]      140   0.001% 100.627% 
(   33000,   50000 ]      178   0.002% 100.628% 
(   50000,   75000 ]      168   0.002% 100.630% 
(   75000,  110000 ]      136   0.001% 100.631% 
(  110000,  170000 ]      156   0.002% 100.633% 
(  170000,  250000 ]       61   0.001% 100.634% 
(  250000,  380000 ]       11   0.000% 100.634% 
(  380000,  570000 ]       10   0.000% 100.634% 
(  570000,  860000 ]        6   0.000% 100.634% 
(  860000, 1200000 ]        4   0.000% 100.634% 
( 1200000, 1900000 ]        2   0.000% 100.634% 
( 1900000, 2900000 ]        1   0.000% 100.634% 
( 2900000, 4300000 ]        2   0.000% 100.634% 


** DB Stats **
Uptime(secs): 732.0 total, 7.5 interval
Cumulative writes: 44M writes, 44M keys, 5806K commit groups, 7.7 writes per commit group, ingest: 43.78 GB, 61.24 MB/s
Cumulative WAL: 44M writes, 0 syncs, 44959355.00 writes per sync, written: 43.78 GB, 61.24 MB/s
Cumulative stall: 00:10:22.685 H:M:S, 85.1 percent
Interval writes: 249K writes, 249K keys, 32K commit groups, 7.7 writes per commit group, ingest: 249.11 MB, 33.26 MB/s
Interval WAL: 249K writes, 0 syncs, 249822.00 writes per sync, written: 0.24 GB, 33.26 MB/s
Interval stall: 00:00:8.043 H:M:S, 107.4 percent
Write Stall (count): write-buffer-manager-limit-stops: 0
num-running-compactions: 18
num-running-flushes: 1

2026/08/31-11:45:37  ... thread 2: (50000,2812000) ops and (1648.6,3841.7) ops/second in (30.328780,731.973927) seconds
2026/08/31-11:45:37  ... thread 1: (50000,2810000) ops and (1648.8,3838.9) ops/second in (30.325641,731.974401) seconds
2026/08/31-11:45:37  ... thread 7: (50000,2811000) ops and (1648.7,3840.3) ops/second in (30.326398,731.974958) seconds
2026/08/31-11:45:37  ... thread 3: (50000,2812000) ops and (1648.6,3841.7) ops/second in (30.327896,731.975575) seconds
2026/08/31-11:45:37  ... thread 8: (50000,2809000) ops and (1648.6,3837.5) ops/second in (30.328695,731.978115) seconds
2026/08/31-11:45:37  ... thread 10: (50000,2810000) ops and (1648.3,3838.9) ops/second in (30.335028,731.981021) seconds
2026/08/31-11:45:37  ... thread 5: (50000,2808000) ops and (1648.5,3836.1) ops/second in (30.329769,731.985393) seconds
2026/08/31-11:45:37  ... thread 12: (50000,2809000) ops and (1648.1,3837.5) ops/second in (30.337949,731.987038) seconds
2026/08/31-11:45:37  ... thread 4: (50000,2812000) ops and (1648.0,3841.6) ops/second in (30.340675,731.989311) seconds
2026/08/31-11:45:37  ... thread 9: (50000,2808000) ops and (1648.0,3836.1) ops/second in (30.340410,731.992973) seconds
2026/08/31-11:45:37  ... thread 14: (50000,2812000) ops and (1647.7,3841.6) ops/second in (30.344882,731.992988) seconds
2026/08/31-11:45:37  ... thread 13: (50000,2808000) ops and (1648.0,3836.1) ops/second in (30.340198,731.993638) seconds
2026/08/31-11:45:37  ... thread 15: (50000,2810000) ops and (1647.4,3838.8) ops/second in (30.350036,731.996840) seconds
2026/08/31-11:46:12  ... thread 9: (131000,2939000) ops and (3721.9,3830.9) ops/second in (35.197085,767.190058) seconds
2026/08/31-11:46:12  ... thread 13: (131000,2939000) ops and (3721.6,3830.8) ops/second in (35.199469,767.193107) seconds
2026/08/31-11:46:12  ... thread 10: (131000,2941000) ops and (3720.0,3833.4) ops/second in (35.215435,767.196456) seconds
2026/08/31-11:46:12  ... thread 7: (132000,2943000) ops and (3747.3,3836.0) ops/second in (35.225388,767.200346) seconds
2026/08/31-11:46:12  ... thread 14: (131000,2943000) ops and (3720.7,3836.0) ops/second in (35.208157,767.201145) seconds
2026/08/31-11:46:12  ... thread 0: (132000,2941000) ops and (3746.4,3833.4) ops/second in (35.233572,767.206359) seconds

** Compaction Stats [default] **
Level    Files   Size     Score Read(GB)  Rn(GB) Rnp1(GB) Write(GB) WPreComp(GB) Wnew(GB) Moved(GB) W-Amp Rd(MB/s) Wr(MB/s) Comp(sec) CompMergeCPU(sec) Comp(cnt) Avg(sec) KeyIn KeyDrop Rblob(GB) Wblob(GB)
-------------------------------------------------------------------------------------------------------------------------------------------------------------------------------------------------------------
  L0     17/14     2.98 GB   0.8     40.8     0.0     40.8      87.0      87.0     46.1       0.0   1.9     25.3     54.0   1650.67            182.94       922    1.790     88M    39K       0.0       0.0
  L1     70/70     4.10 GB   0.0    122.9    43.2     79.7     120.9     120.9     41.1       0.0   2.8    351.3    345.5    358.24            373.76        28   12.794    125M  2060K       0.0       0.0
  L2    585/0     32.30 GB   0.8     81.7    28.8     52.9      77.0      77.0     24.1       8.2   2.7     23.2     21.8   3613.14            261.48       440    8.212     83M  4811K       0.0       0.0
 Sum    672/84    39.38 GB   0.0    245.5    72.0    173.5     284.9     284.9    111.4       8.2   6.2     44.7     51.9   5622.05            818.18      1390    4.045    296M  6910K       0.0       0.0
 Int      0/0      0.00 KB   0.0     13.6     3.0     10.7      15.1      15.1      4.5       0.0   6.5     21.2     23.5    659.09             53.98        99    6.657     16M   822K       0.0       0.0

** Compaction Stats [default] **
Priority    Files   Size     Score Read(GB)  Rn(GB) Rnp1(GB) Write(GB) WPreComp(GB) Wnew(GB) Moved(GB) W-Amp Rd(MB/s) Wr(MB/s) Comp(sec) CompMergeCPU(sec) Comp(cnt) Avg(sec) KeyIn KeyDrop Rblob(GB) Wblob(GB)
----------------------------------------------------------------------------------------------------------------------------------------------------------------------------------------------------------------
 Low      0/0      0.00 KB   0.0    245.5    72.0    173.5     238.7     238.7     65.2       0.0   0.0     55.8     54.3   4504.38            738.86       631    7.138    249M  6910K       0.0       0.0
High      0/0      0.00 KB   0.0      0.0     0.0      0.0      46.2      46.2     46.2       0.0   0.0      0.0     42.3   1117.67             79.32       759    1.473     47M      0       0.0       0.0

Blob file count: 0, total size: 0.0 GB, garbage size: 0.0 GB, space amp: 0.0

Uptime(secs): 767.2 total, 42.7 interval
Flush(GB): cumulative 46.188, interval 2.312
AddFile(GB): cumulative 0.000, interval 0.000
AddFile(Total Files): cumulative 0, interval 0
AddFile(L0 Files): cumulative 0, interval 0
AddFile(Keys): cumulative 0, interval 0
Cumulative compaction: 284.87 GB write, 380.22 MB/s write, 245.49 GB read, 327.66 MB/s read, 5622.1 seconds
Interval compaction: 15.13 GB write, 362.74 MB/s write, 13.63 GB read, 326.71 MB/s read, 659.1 seconds
Estimated pending compaction bytes: 25972810928
Write Stall (count): cf-l0-file-count-limit-delays-with-ongoing-compaction: 29, cf-l0-file-count-limit-stops-with-ongoing-compaction: 0, l0-file-count-limit-delays: 29, l0-file-count-limit-stops: 0, memtable-limit-delays: 0, memtable-limit-stops: 613, pending-compaction-bytes-delays: 0, pending-compaction-bytes-stops: 0, total-delays: 29, total-stops: 613
interval: 45 total count
Block cache AutoHyperClockCache@0x5cc2bb2b62d0#2301963 capacity: 512.00 MB seed: 1 usage: 11.05 MB table_size: 5143 occupancy: 2620 collections: 5 last_copies: 0 last_secs: 0.0004 secs_since: 42
Block cache entry stats(count,size,portion): Misc(2620,10.73 MB,2.09659%)

** File Read Latency Histogram By Level [default] **
** Level 0 read latency histogram (micros):
Count: 21482563 Average: 2.7705  StdDev: 1249.08
Min: 0  Median: 0.8634  Max: 4185179
Percentiles: P50: 0.86 P75: 1.47 P99: 2.94 P99.9: 4.19 P99.99: 5.10
------------------------------------------------------
[       0,       1 ] 12441179  57.913%  57.913% ############
(       1,       2 ]  7765596  36.148%  94.061% #######
(       2,       3 ]  1132580   5.272%  99.333% #
(       3,       4 ]   117782   0.548%  99.882% 
(       4,       6 ]    42515   0.198% 100.080% 
(       6,      10 ]    22863   0.106% 100.186% 
(      10,      15 ]     7813   0.036% 100.222% 
(      15,      22 ]     4621   0.022% 100.244% 
(      22,      34 ]      332   0.002% 100.245% 
(      34,      51 ]       59   0.000% 100.246% 
(      51,      76 ]      294   0.001% 100.247% 
(      76,     110 ]      519   0.002% 100.249% 
(     110,     170 ]       21   0.000% 100.250% 
(     170,     250 ]       13   0.000% 100.250% 
(     250,     380 ]       41   0.000% 100.250% 
(     380,     580 ]        5   0.000% 100.250% 
(     580,     870 ]       37   0.000% 100.250% 
(     870,    1300 ]       73   0.000% 100.250% 
(    1300,    1900 ]       33   0.000% 100.250% 
(    1900,    2900 ]        7   0.000% 100.251% 
(    2900,    4400 ]        4   0.000% 100.251% 
(    4400,    6600 ]        6   0.000% 100.251% 
(    6600,    9900 ]        2   0.000% 100.251% 
(    9900,   14000 ]        1   0.000% 100.251% 
(   14000,   22000 ]        7   0.000% 100.251% 
(   22000,   33000 ]       14   0.000% 100.251% 
(   33000,   50000 ]       14   0.000% 100.251% 
(   50000,   75000 ]       32   0.000% 100.251% 
(   75000,  110000 ]       43   0.000% 100.251% 
(  110000,  170000 ]       22   0.000% 100.251% 
(  170000,  250000 ]       15   0.000% 100.251% 
(  250000,  380000 ]        3   0.000% 100.251% 
(  380000,  570000 ]        3   0.000% 100.251% 
(  570000,  860000 ]        4   0.000% 100.251% 
( 1200000, 1900000 ]        1   0.000% 100.251% 
( 1900000, 2900000 ]        1   0.000% 100.251% 
( 2900000, 4300000 ]        1   0.000% 100.251% 

** Level 1 read latency histogram (micros):
Count: 29358220 Average: 1.4671  StdDev: 4.50
Min: 0  Median: 0.8240  Max: 6356
Percentiles: P50: 0.82 P75: 1.41 P99: 2.82 P99.9: 3.42 P99.99: 3.61
------------------------------------------------------
[       0,       1 ] 17814697  60.680%  60.680% ############
(       1,       2 ] 10301522  35.089%  95.769% #######
(       2,       3 ]  1151347   3.922%  99.691% #
(       3,       4 ]   144356   0.492% 100.183% 
(       4,       6 ]    52971   0.180% 100.363% 
(       6,      10 ]    36591   0.125% 100.488% 
(      10,      15 ]     9499   0.032% 100.520% 
(      15,      22 ]     5589   0.019% 100.539% 
(      22,      34 ]      593   0.002% 100.541% 
(      34,      51 ]      168   0.001% 100.542% 
(      51,      76 ]      683   0.002% 100.544% 
(      76,     110 ]      786   0.003% 100.547% 
(     110,     170 ]      264   0.001% 100.548% 
(     170,     250 ]       90   0.000% 100.548% 
(     250,     380 ]       22   0.000% 100.548% 
(     380,     580 ]       18   0.000% 100.548% 
(     580,     870 ]       18   0.000% 100.548% 
(     870,    1300 ]        2   0.000% 100.548% 
(    1900,    2900 ]        3   0.000% 100.548% 
(    2900,    4400 ]       17   0.000% 100.548% 
(    4400,    6600 ]       10   0.000% 100.548% 

** Level 2 read latency histogram (micros):
Count: 11163543 Average: 16.7666  StdDev: 2290.77
Min: 0  Median: 0.9174  Max: 4109393
Percentiles: P50: 0.92 P75: 1.54 P99: 3.34 P99.9: 5.97 P99.99: 8.67
------------------------------------------------------
[       0,       1 ]  6084147  54.500%  54.500% ###########
(       1,       2 ]  4274414  38.289%  92.789% ########
(       2,       3 ]   656481   5.881%  98.670% #
(       3,       4 ]   107517   0.963%  99.633% 
(       4,       6 ]    30220   0.271%  99.904% 
(       6,      10 ]    14464   0.130% 100.033% 
(      10,      15 ]     4319   0.039% 100.072% 
(      15,      22 ]     2308   0.021% 100.093% 
(      22,      34 ]     1978   0.018% 100.110% 
(      34,      51 ]     1678   0.015% 100.125% 
(      51,      76 ]     3766   0.034% 100.159% 
(      76,     110 ]     1937   0.017% 100.176% 
(     110,     170 ]     3664   0.033% 100.209% 
(     170,     250 ]     4914   0.044% 100.253% 
(     250,     380 ]     7774   0.070% 100.323% 
(     380,     580 ]     9029   0.081% 100.404% 
(     580,     870 ]     8022   0.072% 100.476% 
(     870,    1300 ]     5525   0.049% 100.525% 
(    1300,    1900 ]     4670   0.042% 100.567% 
(    1900,    2900 ]     3463   0.031% 100.598% 
(    2900,    4400 ]     1650   0.015% 100.613% 
(    4400,    6600 ]      787   0.007% 100.620% 
(    6600,    9900 ]      343   0.003% 100.623% 
(    9900,   14000 ]      111   0.001% 100.624% 
(   14000,   22000 ]      149   0.001% 100.625% 
(   22000,   33000 ]      175   0.002% 100.627% 
(   33000,   50000 ]      222   0.002% 100.629% 
(   50000,   75000 ]      226   0.002% 100.631% 
(   75000,  110000 ]      178   0.002% 100.632% 
(  110000,  170000 ]      194   0.002% 100.634% 
(  170000,  250000 ]       78   0.001% 100.635% 
(  250000,  380000 ]       15   0.000% 100.635% 
(  380000,  570000 ]       10   0.000% 100.635% 
(  570000,  860000 ]        7   0.000% 100.635% 
(  860000, 1200000 ]        5   0.000% 100.635% 
( 1200000, 1900000 ]        2   0.000% 100.635% 
( 1900000, 2900000 ]        1   0.000% 100.635% 
( 2900000, 4300000 ]        2   0.000% 100.635% 


** DB Stats **
Uptime(secs): 767.2 total, 35.2 interval
Cumulative writes: 47M writes, 47M keys, 6075K commit groups, 7.7 writes per commit group, ingest: 45.83 GB, 61.17 MB/s
Cumulative WAL: 47M writes, 0 syncs, 47068517.00 writes per sync, written: 45.83 GB, 61.17 MB/s
Cumulative stall: 00:10:53.428 H:M:S, 85.2 percent
Interval writes: 2109K writes, 2109K keys, 269K commit groups, 7.8 writes per commit group, ingest: 2103.04 MB, 59.69 MB/s
Interval WAL: 2109K writes, 0 syncs, 2109162.00 writes per sync, written: 2.05 GB, 59.69 MB/s
Interval stall: 00:00:30.743 H:M:S, 87.3 percent
Write Stall (count): write-buffer-manager-limit-stops: 0
num-running-compactions: 1
num-running-flushes: 1

2026/08/31-11:46:12  ... thread 5: (132000,2940000) ops and (3747.6,3832.1) ops/second in (35.222343,767.207736) seconds
2026/08/31-11:46:12  ... thread 1: (132000,2942000) ops and (3746.4,3834.7) ops/second in (35.234138,767.208539) seconds
2026/08/31-11:46:12  ... thread 6: (132000,2943000) ops and (3746.1,3836.0) ops/second in (35.236882,767.208798) seconds
2026/08/31-11:46:12  ... thread 4: (131000,2943000) ops and (3719.4,3836.0) ops/second in (35.220465,767.209776) seconds
2026/08/31-11:46:12  ... thread 15: (131000,2941000) ops and (3720.1,3833.4) ops/second in (35.214129,767.210969) seconds
2026/08/31-11:46:12  ... thread 8: (132000,2941000) ops and (3746.5,3833.4) ops/second in (35.232869,767.210984) seconds
2026/08/31-11:46:12  ... thread 2: (132000,2944000) ops and (3745.6,3837.3) ops/second in (35.240956,767.214883) seconds
2026/08/31-11:46:12  ... thread 3: (132000,2944000) ops and (3745.6,3837.2) ops/second in (35.241050,767.216625) seconds
2026/08/31-11:46:12  ... thread 12: (132000,2941000) ops and (3746.8,3833.3) ops/second in (35.229665,767.216703) seconds
2026/08/31-11:46:12  ... thread 11: (132000,2944000) ops and (3744.6,3837.2) ops/second in (35.250800,767.218045) seconds
2026/08/31-11:46:44  ... thread 5: (73000,3013000) ops and (2269.9,3769.2) ops/second in (32.159978,799.367714) seconds
2026/08/31-11:46:44  ... thread 12: (73000,3014000) ops and (2270.5,3770.5) ops/second in (32.151746,799.368449) seconds
2026/08/31-11:46:44  ... thread 8: (73000,3014000) ops and (2269.7,3770.5) ops/second in (32.163050,799.374034) seconds
2026/08/31-11:46:44  ... thread 0: (73000,3014000) ops and (2269.1,3770.4) ops/second in (32.171905,799.378264) seconds

** Compaction Stats [default] **
Level    Files   Size     Score Read(GB)  Rn(GB) Rnp1(GB) Write(GB) WPreComp(GB) Wnew(GB) Moved(GB) W-Amp Rd(MB/s) Wr(MB/s) Comp(sec) CompMergeCPU(sec) Comp(cnt) Avg(sec) KeyIn KeyDrop Rblob(GB) Wblob(GB)
-------------------------------------------------------------------------------------------------------------------------------------------------------------------------------------------------------------
  L0     10/4      1.39 GB   1.5     41.9     0.0     41.9      89.2      89.2     47.4       0.0   1.9     24.9     53.1   1720.12            188.31       946    1.818     90M    40K       0.0       0.0
  L1     98/17     5.74 GB   1.2    129.8    46.0     83.8     127.6     127.6     43.8       0.0   2.8    350.8    344.9    378.92            395.53        29   13.066    132M  2209K       0.0       0.0
  L2    599/64    33.02 GB   0.7     85.4    29.8     55.5      80.3      80.3     24.8       8.2   2.7     22.8     21.4   3836.98            281.24       457    8.396     86M  5097K       0.0       0.0
 Sum    707/85    40.16 GB   0.0    257.0    75.8    181.3     297.2     297.2    115.9       8.2   6.3     44.3     51.3   5936.03            865.09      1432    4.145    309M  7347K       0.0       0.0
 Int      0/0      0.00 KB   0.0      4.4     1.0      3.4       4.8       4.8      1.4       0.0   6.6     16.8     18.5    267.52             23.54        32    8.360   5211K   286K       0.0       0.0

** Compaction Stats [default] **
Priority    Files   Size     Score Read(GB)  Rn(GB) Rnp1(GB) Write(GB) WPreComp(GB) Wnew(GB) Moved(GB) W-Amp Rd(MB/s) Wr(MB/s) Comp(sec) CompMergeCPU(sec) Comp(cnt) Avg(sec) KeyIn KeyDrop Rblob(GB) Wblob(GB)
----------------------------------------------------------------------------------------------------------------------------------------------------------------------------------------------------------------
 Low      0/0      0.00 KB   0.0    257.0    75.8    181.3     249.8     249.8     68.5       0.0   0.0     55.2     53.6   4771.15            783.41       653    7.307    261M  7347K       0.0       0.0
High      0/0      0.00 KB   0.0      0.0     0.0      0.0      47.4      47.4     47.4       0.0   0.0      0.0     41.7   1164.88             81.67       779    1.495     48M      0       0.0       0.0

Blob file count: 0, total size: 0.0 GB, garbage size: 0.0 GB, space amp: 0.0

Uptime(secs): 799.4 total, 14.9 interval
Flush(GB): cumulative 47.402, interval 0.728
AddFile(GB): cumulative 0.000, interval 0.000
AddFile(Total Files): cumulative 0, interval 0
AddFile(L0 Files): cumulative 0, interval 0
AddFile(Keys): cumulative 0, interval 0
Cumulative compaction: 297.19 GB write, 380.69 MB/s write, 257.02 GB read, 329.24 MB/s read, 5936.0 seconds
Interval compaction: 4.84 GB write, 333.00 MB/s write, 4.39 GB read, 302.30 MB/s read, 267.5 seconds
Estimated pending compaction bytes: 26628571252
Write Stall (count): cf-l0-file-count-limit-delays-with-ongoing-compaction: 32, cf-l0-file-count-limit-stops-with-ongoing-compaction: 0, l0-file-count-limit-delays: 32, l0-file-count-limit-stops: 0, memtable-limit-delays: 0, memtable-limit-stops: 632, pending-compaction-bytes-delays: 0, pending-compaction-bytes-stops: 0, total-delays: 32, total-stops: 632
interval: 12 total count
Block cache AutoHyperClockCache@0x5cc2bb2b62d0#2301963 capacity: 512.00 MB seed: 1 usage: 11.05 MB table_size: 5143 occupancy: 2620 collections: 5 last_copies: 1 last_secs: 0.0004 secs_since: 74
Block cache entry stats(count,size,portion): Misc(2620,10.73 MB,2.09659%)

** File Read Latency Histogram By Level [default] **
** Level 0 read latency histogram (micros):
Count: 22264967 Average: 2.7472  StdDev: 1227.63
Min: 0  Median: 0.8657  Max: 4185179
Percentiles: P50: 0.87 P75: 1.48 P99: 2.94 P99.9: 4.23 P99.99: 5.13
------------------------------------------------------
[       0,       1 ] 12859387  57.756%  57.756% ############
(       1,       2 ]  8071509  36.252%  94.008% #######
(       2,       3 ]  1181986   5.309%  99.317% #
(       3,       4 ]   124802   0.561%  99.877% 
(       4,       6 ]    44518   0.200% 100.077% 
(       6,      10 ]    23964   0.108% 100.185% 
(      10,      15 ]     8247   0.037% 100.222% 
(      15,      22 ]     4902   0.022% 100.244% 
(      22,      34 ]      350   0.002% 100.246% 
(      34,      51 ]       61   0.000% 100.246% 
(      51,      76 ]      301   0.001% 100.247% 
(      76,     110 ]      532   0.002% 100.250% 
(     110,     170 ]       21   0.000% 100.250% 
(     170,     250 ]       16   0.000% 100.250% 
(     250,     380 ]       42   0.000% 100.250% 
(     380,     580 ]        6   0.000% 100.250% 
(     580,     870 ]       37   0.000% 100.250% 
(     870,    1300 ]       73   0.000% 100.251% 
(    1300,    1900 ]       34   0.000% 100.251% 
(    1900,    2900 ]        7   0.000% 100.251% 
(    2900,    4400 ]        4   0.000% 100.251% 
(    4400,    6600 ]        6   0.000% 100.251% 
(    6600,    9900 ]        2   0.000% 100.251% 
(    9900,   14000 ]        1   0.000% 100.251% 
(   14000,   22000 ]        7   0.000% 100.251% 
(   22000,   33000 ]       14   0.000% 100.251% 
(   33000,   50000 ]       15   0.000% 100.251% 
(   50000,   75000 ]       32   0.000% 100.251% 
(   75000,  110000 ]       47   0.000% 100.251% 
(  110000,  170000 ]       22   0.000% 100.251% 
(  170000,  250000 ]       15   0.000% 100.251% 
(  250000,  380000 ]        3   0.000% 100.251% 
(  380000,  570000 ]        3   0.000% 100.252% 
(  570000,  860000 ]        4   0.000% 100.252% 
( 1200000, 1900000 ]        1   0.000% 100.252% 
( 1900000, 2900000 ]        1   0.000% 100.252% 
( 2900000, 4300000 ]        1   0.000% 100.252% 

** Level 1 read latency histogram (micros):
Count: 30472534 Average: 1.4757  StdDev: 4.43
Min: 0  Median: 0.8279  Max: 6356
Percentiles: P50: 0.83 P75: 1.42 P99: 2.86 P99.9: 3.58 P99.99: 3.74
------------------------------------------------------
[       0,       1 ] 18404162  60.396%  60.396% ############
(       1,       2 ] 10664676  34.998%  95.394% #######
(       2,       3 ]  1275991   4.187%  99.581% #
(       3,       4 ]   168758   0.554% 100.135% 
(       4,       6 ]    63385   0.208% 100.343% 
(       6,      10 ]    40140   0.132% 100.474% 
(      10,      15 ]    10473   0.034% 100.509% 
(      15,      22 ]     6344   0.021% 100.530% 
(      22,      34 ]      668   0.002% 100.532% 
(      34,      51 ]      182   0.001% 100.532% 
(      51,      76 ]      726   0.002% 100.535% 
(      76,     110 ]      844   0.003% 100.538% 
(     110,     170 ]      274   0.001% 100.538% 
(     170,     250 ]       90   0.000% 100.539% 
(     250,     380 ]       22   0.000% 100.539% 
(     380,     580 ]       19   0.000% 100.539% 
(     580,     870 ]       18   0.000% 100.539% 
(     870,    1300 ]        3   0.000% 100.539% 
(    1900,    2900 ]        3   0.000% 100.539% 
(    2900,    4400 ]       17   0.000% 100.539% 
(    4400,    6600 ]       10   0.000% 100.539% 

** Level 2 read latency histogram (micros):
Count: 12296780 Average: 23.3431  StdDev: 2289.00
Min: 0  Median: 0.9555  Max: 4109393
Percentiles: P50: 0.96 P75: 1.58 P99: 3.90 P99.9: 211.46 P99.99: 295.75
------------------------------------------------------
[       0,       1 ]  6434821  52.329%  52.329% ##########
(       1,       2 ]  4789105  38.946%  91.275% ########
(       2,       3 ]   815474   6.632%  97.907% #
(       3,       4 ]   148904   1.211%  99.118% 
(       4,       6 ]    42388   0.345%  99.463% 
(       6,      10 ]    16626   0.135%  99.598% 
(      10,      15 ]     5596   0.046%  99.643% 
(      15,      22 ]     3065   0.025%  99.668% 
(      22,      34 ]     2179   0.018%  99.686% 
(      34,      51 ]     2652   0.022%  99.707% 
(      51,      76 ]     5754   0.047%  99.754% 
(      76,     110 ]     3228   0.026%  99.781% 
(     110,     170 ]     8746   0.071%  99.852% 
(     170,     250 ]    11476   0.093%  99.945% 
(     250,     380 ]    15736   0.128% 100.073% 
(     380,     580 ]    18243   0.148% 100.221% 
(     580,     870 ]    16693   0.136% 100.357% 
(     870,    1300 ]    11609   0.094% 100.451% 
(    1300,    1900 ]     9350   0.076% 100.527% 
(    1900,    2900 ]     6715   0.055% 100.582% 
(    2900,    4400 ]     3356   0.027% 100.609% 
(    4400,    6600 ]     1683   0.014% 100.623% 
(    6600,    9900 ]      623   0.005% 100.628% 
(    9900,   14000 ]      195   0.002% 100.630% 
(   14000,   22000 ]      248   0.002% 100.632% 
(   22000,   33000 ]      252   0.002% 100.634% 
(   33000,   50000 ]      358   0.003% 100.637% 
(   50000,   75000 ]      338   0.003% 100.639% 
(   75000,  110000 ]      298   0.002% 100.642% 
(  110000,  170000 ]      272   0.002% 100.644% 
(  170000,  250000 ]      111   0.001% 100.645% 
(  250000,  380000 ]       23   0.000% 100.645% 
(  380000,  570000 ]       12   0.000% 100.645% 
(  570000,  860000 ]        7   0.000% 100.645% 
(  860000, 1200000 ]        5   0.000% 100.645% 
( 1200000, 1900000 ]        2   0.000% 100.645% 
( 1900000, 2900000 ]        1   0.000% 100.645% 
( 2900000, 4300000 ]        2   0.000% 100.645% 


** DB Stats **
Uptime(secs): 799.4 total, 14.9 interval
Cumulative writes: 48M writes, 48M keys, 6231K commit groups, 7.7 writes per commit group, ingest: 46.97 GB, 60.17 MB/s
Cumulative WAL: 48M writes, 0 syncs, 48240691.00 writes per sync, written: 46.97 GB, 60.17 MB/s
Cumulative stall: 00:11:19.058 H:M:S, 84.9 percent
Interval writes: 622K writes, 622K keys, 81K commit groups, 7.6 writes per commit group, ingest: 620.71 MB, 41.71 MB/s
Interval WAL: 622K writes, 0 syncs, 622485.00 writes per sync, written: 0.61 GB, 41.71 MB/s
Interval stall: 00:00:15.924 H:M:S, 107.0 percent
Write Stall (count): write-buffer-manager-limit-stops: 0
num-running-compactions: 18
num-running-flushes: 0

2026/08/31-11:46:44  ... thread 6: (73000,3016000) ops and (2269.0,3772.9) ops/second in (32.172134,799.380932) seconds
2026/08/31-11:46:44  ... thread 2: (73000,3017000) ops and (2269.5,3774.2) ops/second in (32.166169,799.381052) seconds
2026/08/31-11:46:44  ... thread 9: (74000,3013000) ops and (2298.7,3769.2) ops/second in (32.192544,799.382602) seconds
2026/08/31-11:46:44  ... thread 10: (74000,3015000) ops and (2299.0,3771.7) ops/second in (32.187229,799.383685) seconds
2026/08/31-11:46:44  ... thread 7: (73000,3016000) ops and (2268.2,3772.9) ops/second in (32.184569,799.384915) seconds
2026/08/31-11:46:44  ... thread 3: (73000,3017000) ops and (2269.1,3774.1) ops/second in (32.170996,799.387621) seconds
2026/08/31-11:46:44  ... thread 11: (73000,3017000) ops and (2269.2,3774.1) ops/second in (32.170529,799.388574) seconds
2026/08/31-11:46:44  ... thread 15: (74000,3015000) ops and (2299.6,3771.6) ops/second in (32.179742,799.390711) seconds
2026/08/31-11:46:44  ... thread 4: (74000,3017000) ops and (2299.4,3774.1) ops/second in (32.182877,799.392653) seconds
2026/08/31-11:46:44  ... thread 14: (74000,3017000) ops and (2298.6,3774.1) ops/second in (32.193437,799.394582) seconds
2026/08/31-11:46:44  ... thread 13: (74000,3013000) ops and (2297.9,3769.1) ops/second in (32.202709,799.395816) seconds
2026/08/31-11:46:44  ... thread 1: (74000,3016000) ops and (2299.0,3772.8) ops/second in (32.188380,799.396919) seconds
2026/08/31-11:47:14  ... thread 5: (97000,3110000) ops and (3232.9,3749.8) ops/second in (30.004197,829.371911) seconds
2026/08/31-11:47:14  ... thread 8: (97000,3111000) ops and (3233.3,3751.0) ops/second in (30.000303,829.374337) seconds
2026/08/31-11:47:14  ... thread 2: (97000,3114000) ops and (3232.9,3754.6) ops/second in (30.004306,829.385358) seconds
2026/08/31-11:47:14  ... thread 6: (97000,3113000) ops and (3232.8,3753.4) ops/second in (30.005329,829.386261) seconds
2026/08/31-11:47:14  ... thread 11: (97000,3114000) ops and (3233.3,3754.6) ops/second in (30.000168,829.388742) seconds
2026/08/31-11:47:14  ... thread 10: (97000,3112000) ops and (3232.8,3752.2) ops/second in (30.005230,829.388915) seconds
2026/08/31-11:47:14  ... thread 7: (97000,3113000) ops and (3232.8,3753.4) ops/second in (30.005367,829.390282) seconds
2026/08/31-11:47:14  ... thread 15: (97000,3112000) ops and (3233.0,3752.1) ops/second in (30.003031,829.393742) seconds
2026/08/31-11:47:14  ... thread 3: (97000,3114000) ops and (3232.2,3754.5) ops/second in (30.010598,829.398219) seconds
2026/08/31-11:47:14  ... thread 12: (97000,3111000) ops and (3230.0,3750.9) ops/second in (30.030742,829.399191) seconds
2026/08/31-11:47:14  ... thread 0: (98000,3112000) ops and (3264.0,3752.1) ops/second in (30.024842,829.403106) seconds

** Compaction Stats [default] **
Level    Files   Size     Score Read(GB)  Rn(GB) Rnp1(GB) Write(GB) WPreComp(GB) Wnew(GB) Moved(GB) W-Amp Rd(MB/s) Wr(MB/s) Comp(sec) CompMergeCPU(sec) Comp(cnt) Avg(sec) KeyIn KeyDrop Rblob(GB) Wblob(GB)
-------------------------------------------------------------------------------------------------------------------------------------------------------------------------------------------------------------
  L0     17/16     2.91 GB   0.2     43.3     0.0     43.3      92.2      92.2     48.9       0.0   1.9     24.7     52.6   1795.93            195.07       977    1.838     93M    41K       0.0       0.0
  L1     81/81     4.68 GB   0.0    129.8    46.0     83.8     127.6     127.6     43.8       0.0   2.8    350.8    344.9    378.92            395.53        29   13.066    132M  2209K       0.0       0.0
  L2    612/0     33.77 GB   0.8     89.9    30.9     59.0      84.5      84.5     25.6       8.2   2.7     22.6     21.3   4064.41            302.81       474    8.575     91M  5415K       0.0       0.0
 Sum    710/97    41.37 GB   0.0    263.0    76.8    186.1     304.4     304.4    118.2       8.2   6.2     43.2     50.0   6239.27            893.41      1480    4.216    317M  7667K       0.0       0.0
 Int      0/0      0.00 KB   0.0     10.4     2.1      8.3      12.0      12.0      3.7       0.0   5.3     18.6     21.5    570.75             51.87        80    7.134     12M   606K       0.0       0.0

** Compaction Stats [default] **
Priority    Files   Size     Score Read(GB)  Rn(GB) Rnp1(GB) Write(GB) WPreComp(GB) Wnew(GB) Moved(GB) W-Amp Rd(MB/s) Wr(MB/s) Comp(sec) CompMergeCPU(sec) Comp(cnt) Avg(sec) KeyIn KeyDrop Rblob(GB) Wblob(GB)
----------------------------------------------------------------------------------------------------------------------------------------------------------------------------------------------------------------
 Low      0/0      0.00 KB   0.0    263.0    76.8    186.1     255.4     255.4     69.3       0.0   0.0     53.5     52.0   5030.63            808.95       676    7.442    267M  7667K       0.0       0.0
High      0/0      0.00 KB   0.0      0.0     0.0      0.0      48.9      48.9     48.9       0.0   0.0      0.0     41.4   1208.64             84.46       804    1.503     49M      0       0.0       0.0

Blob file count: 0, total size: 0.0 GB, garbage size: 0.0 GB, space amp: 0.0

Uptime(secs): 829.4 total, 44.9 interval
Flush(GB): cumulative 48.921, interval 2.247
AddFile(GB): cumulative 0.000, interval 0.000
AddFile(Total Files): cumulative 0, interval 0
AddFile(L0 Files): cumulative 0, interval 0
AddFile(Keys): cumulative 0, interval 0
Cumulative compaction: 304.35 GB write, 375.76 MB/s write, 262.99 GB read, 324.68 MB/s read, 6239.3 seconds
Interval compaction: 12.00 GB write, 273.75 MB/s write, 10.35 GB read, 236.11 MB/s read, 570.8 seconds
Estimated pending compaction bytes: 29176128813
Write Stall (count): cf-l0-file-count-limit-delays-with-ongoing-compaction: 33, cf-l0-file-count-limit-stops-with-ongoing-compaction: 0, l0-file-count-limit-delays: 33, l0-file-count-limit-stops: 0, memtable-limit-delays: 0, memtable-limit-stops: 651, pending-compaction-bytes-delays: 0, pending-compaction-bytes-stops: 0, total-delays: 33, total-stops: 651
interval: 32 total count
Block cache AutoHyperClockCache@0x5cc2bb2b62d0#2301963 capacity: 512.00 MB seed: 1 usage: 11.05 MB table_size: 5143 occupancy: 2620 collections: 5 last_copies: 1 last_secs: 0.0004 secs_since: 104
Block cache entry stats(count,size,portion): Misc(2620,10.73 MB,2.09659%)

** File Read Latency Histogram By Level [default] **
** Level 0 read latency histogram (micros):
Count: 23162497 Average: 2.8667  StdDev: 1391.63
Min: 0  Median: 0.8694  Max: 4185179
Percentiles: P50: 0.87 P75: 1.48 P99: 2.94 P99.9: 4.24 P99.99: 5.13
------------------------------------------------------
[       0,       1 ] 13321011  57.511%  57.511% ############
(       1,       2 ]  8434212  36.413%  93.924% #######
(       2,       3 ]  1246699   5.382%  99.307% #
(       3,       4 ]   131913   0.570%  99.876% 
(       4,       6 ]    46792   0.202% 100.078% 
(       6,      10 ]    25084   0.108% 100.187% 
(      10,      15 ]     8564   0.037% 100.224% 
(      15,      22 ]     5082   0.022% 100.245% 
(      22,      34 ]      365   0.002% 100.247% 
(      34,      51 ]       61   0.000% 100.247% 
(      51,      76 ]      311   0.001% 100.249% 
(      76,     110 ]      549   0.002% 100.251% 
(     110,     170 ]       25   0.000% 100.251% 
(     170,     250 ]       17   0.000% 100.251% 
(     250,     380 ]       47   0.000% 100.251% 
(     380,     580 ]        7   0.000% 100.251% 
(     580,     870 ]       37   0.000% 100.252% 
(     870,    1300 ]       73   0.000% 100.252% 
(    1300,    1900 ]       35   0.000% 100.252% 
(    1900,    2900 ]        7   0.000% 100.252% 
(    2900,    4400 ]        4   0.000% 100.252% 
(    4400,    6600 ]        6   0.000% 100.252% 
(    6600,    9900 ]        2   0.000% 100.252% 
(    9900,   14000 ]        1   0.000% 100.252% 
(   14000,   22000 ]        7   0.000% 100.252% 
(   22000,   33000 ]       15   0.000% 100.252% 
(   33000,   50000 ]       16   0.000% 100.252% 
(   50000,   75000 ]       33   0.000% 100.252% 
(   75000,  110000 ]       48   0.000% 100.253% 
(  110000,  170000 ]       22   0.000% 100.253% 
(  170000,  250000 ]       16   0.000% 100.253% 
(  250000,  380000 ]        3   0.000% 100.253% 
(  380000,  570000 ]        3   0.000% 100.253% 
(  570000,  860000 ]        4   0.000% 100.253% 
( 1200000, 1900000 ]        1   0.000% 100.253% 
( 1900000, 2900000 ]        1   0.000% 100.253% 
( 2900000, 4300000 ]        2   0.000% 100.253% 

** Level 1 read latency histogram (micros):
Count: 31694967 Average: 1.4759  StdDev: 4.35
Min: 0  Median: 0.8269  Max: 6356
Percentiles: P50: 0.83 P75: 1.42 P99: 2.87 P99.9: 3.61 P99.99: 3.77
------------------------------------------------------
[       0,       1 ] 19165754  60.469%  60.469% ############
(       1,       2 ] 11038534  34.827%  95.297% #######
(       2,       3 ]  1348846   4.256%  99.553% #
(       3,       4 ]   180550   0.570% 100.122% 
(       4,       6 ]    67891   0.214% 100.336% 
(       6,      10 ]    42318   0.134% 100.470% 
(      10,      15 ]    10998   0.035% 100.505% 
(      15,      22 ]     6720   0.021% 100.526% 
(      22,      34 ]      694   0.002% 100.528% 
(      34,      51 ]      185   0.001% 100.529% 
(      51,      76 ]      727   0.002% 100.531% 
(      76,     110 ]      849   0.003% 100.534% 
(     110,     170 ]      275   0.001% 100.534% 
(     170,     250 ]       90   0.000% 100.535% 
(     250,     380 ]       22   0.000% 100.535% 
(     380,     580 ]       19   0.000% 100.535% 
(     580,     870 ]       18   0.000% 100.535% 
(     870,    1300 ]        3   0.000% 100.535% 
(    1900,    2900 ]        3   0.000% 100.535% 
(    2900,    4400 ]       17   0.000% 100.535% 
(    4400,    6600 ]       10   0.000% 100.535% 

** Level 2 read latency histogram (micros):
Count: 12679530 Average: 25.7543  StdDev: 2283.85
Min: 0  Median: 0.9688  Max: 4109393
Percentiles: P50: 0.97 P75: 1.60 P99: 4.43 P99.9: 317.79 P99.99: 403.82
------------------------------------------------------
[       0,       1 ]  6544107  51.612%  51.612% ##########
(       1,       2 ]  4960524  39.122%  90.734% ########
(       2,       3 ]   875000   6.901%  97.635% #
(       3,       4 ]   163186   1.287%  98.922% 
(       4,       6 ]    46109   0.364%  99.285% 
(       6,      10 ]    17327   0.137%  99.422% 
(      10,      15 ]     6129   0.048%  99.470% 
(      15,      22 ]     3435   0.027%  99.498% 
(      22,      34 ]     2282   0.018%  99.516% 
(      34,      51 ]     3070   0.024%  99.540% 
(      51,      76 ]     6841   0.054%  99.594% 
(      76,     110 ]     3845   0.030%  99.624% 
(     110,     170 ]    11163   0.088%  99.712% 
(     170,     250 ]    14176   0.112%  99.824% 
(     250,     380 ]    18518   0.146%  99.970% 
(     380,     580 ]    21412   0.169% 100.139% 
(     580,     870 ]    20292   0.160% 100.299% 
(     870,    1300 ]    14463   0.114% 100.413% 
(    1300,    1900 ]    11478   0.091% 100.503% 
(    1900,    2900 ]     8259   0.065% 100.569% 
(    2900,    4400 ]     4162   0.033% 100.601% 
(    4400,    6600 ]     2065   0.016% 100.618% 
(    6600,    9900 ]      769   0.006% 100.624% 
(    9900,   14000 ]      248   0.002% 100.626% 
(   14000,   22000 ]      288   0.002% 100.628% 
(   22000,   33000 ]      287   0.002% 100.630% 
(   33000,   50000 ]      401   0.003% 100.633% 
(   50000,   75000 ]      381   0.003% 100.636% 
(   75000,  110000 ]      345   0.003% 100.639% 
(  110000,  170000 ]      299   0.002% 100.641% 
(  170000,  250000 ]      123   0.001% 100.642% 
(  250000,  380000 ]       24   0.000% 100.643% 
(  380000,  570000 ]       12   0.000% 100.643% 
(  570000,  860000 ]        7   0.000% 100.643% 
(  860000, 1200000 ]        5   0.000% 100.643% 
( 1200000, 1900000 ]        2   0.000% 100.643% 
( 1900000, 2900000 ]        1   0.000% 100.643% 
( 2900000, 4300000 ]        2   0.000% 100.643% 


** DB Stats **
Uptime(secs): 829.4 total, 30.0 interval
Cumulative writes: 49M writes, 49M keys, 6433K commit groups, 7.7 writes per commit group, ingest: 48.50 GB, 59.87 MB/s
Cumulative WAL: 49M writes, 0 syncs, 49803277.00 writes per sync, written: 48.50 GB, 59.87 MB/s
Cumulative stall: 00:11:45.409 H:M:S, 85.0 percent
Interval writes: 1562K writes, 1562K keys, 202K commit groups, 7.7 writes per commit group, ingest: 1558.08 MB, 51.89 MB/s
Interval WAL: 1562K writes, 0 syncs, 1562586.00 writes per sync, written: 1.52 GB, 51.89 MB/s
Interval stall: 00:00:26.350 H:M:S, 87.8 percent
Write Stall (count): write-buffer-manager-limit-stops: 0
num-running-compactions: 2
num-running-flushes: 0

2026/08/31-11:47:14  ... thread 4: (97000,3114000) ops and (3232.0,3754.5) ops/second in (30.012135,829.404788) seconds
2026/08/31-11:47:14  ... thread 9: (97000,3110000) ops and (3230.8,3749.7) ops/second in (30.023650,829.406252) seconds
2026/08/31-11:47:14  ... thread 14: (97000,3114000) ops and (3231.9,3754.5) ops/second in (30.013113,829.407695) seconds
2026/08/31-11:47:14  ... thread 13: (98000,3111000) ops and (3264.5,3750.8) ops/second in (30.019780,829.415596) seconds
2026/08/31-11:47:14  ... thread 1: (98000,3114000) ops and (3264.5,3754.4) ops/second in (30.019876,829.416795) seconds
2026/08/31-11:47:48  ... thread 12: (107000,3218000) ops and (3155.2,3727.5) ops/second in (33.912215,863.311406) seconds
2026/08/31-11:47:48  ... thread 10: (107000,3219000) ops and (3154.1,3728.7) ops/second in (33.924231,863.313146) seconds
2026/08/31-11:47:48  ... thread 8: (108000,3219000) ops and (3181.5,3728.6) ops/second in (33.946030,863.320367) seconds
2026/08/31-11:47:48  ... thread 0: (107000,3219000) ops and (3154.5,3728.6) ops/second in (33.920281,863.323387) seconds

** Compaction Stats [default] **
Level    Files   Size     Score Read(GB)  Rn(GB) Rnp1(GB) Write(GB) WPreComp(GB) Wnew(GB) Moved(GB) W-Amp Rd(MB/s) Wr(MB/s) Comp(sec) CompMergeCPU(sec) Comp(cnt) Avg(sec) KeyIn KeyDrop Rblob(GB) Wblob(GB)
-------------------------------------------------------------------------------------------------------------------------------------------------------------------------------------------------------------
  L0      9/0      2.19 GB   2.2     45.1     0.0     45.1      95.7      95.7     50.6       0.0   1.9     24.8     52.5   1866.86            203.30      1011    1.847     97M    44K       0.0       0.0
  L1     95/9      5.46 GB   1.2    136.9    48.4     88.5     134.6     134.6     46.1       0.0   2.8    354.9    348.9    394.99            416.92        30   13.166    139M  2348K       0.0       0.0
  L2    631/28    34.82 GB   0.8     95.9    32.4     63.5      90.1      90.1     26.6       8.2   2.8     22.1     20.8   4442.90            334.35       499    8.904     97M  5884K       0.0       0.0
 Sum    735/37    42.47 GB   0.0    277.9    80.8    197.2     320.4     320.4    123.2       8.2   6.3     42.4     48.9   6704.75            954.56      1540    4.354    334M  8277K       0.0       0.0
 Int      0/0      0.00 KB   0.0      6.9     1.3      5.6       7.4       7.4      1.8       0.0   8.1     17.4     18.7    407.01             35.20        42    9.691   7964K   417K       0.0       0.0

** Compaction Stats [default] **
Priority    Files   Size     Score Read(GB)  Rn(GB) Rnp1(GB) Write(GB) WPreComp(GB) Wnew(GB) Moved(GB) W-Amp Rd(MB/s) Wr(MB/s) Comp(sec) CompMergeCPU(sec) Comp(cnt) Avg(sec) KeyIn KeyDrop Rblob(GB) Wblob(GB)
----------------------------------------------------------------------------------------------------------------------------------------------------------------------------------------------------------------
 Low      0/0      0.00 KB   0.0    277.9    80.8    197.2     269.8     269.8     72.6       0.0   0.0     52.2     50.7   5451.70            867.00       708    7.700    282M  8277K       0.0       0.0
High      0/0      0.00 KB   0.0      0.0     0.0      0.0      50.6      50.6     50.6       0.0   0.0      0.0     41.4   1253.06             87.56       832    1.506     51M      0       0.0       0.0

Blob file count: 0, total size: 0.0 GB, garbage size: 0.0 GB, space amp: 0.0

Uptime(secs): 863.3 total, 18.8 interval
Flush(GB): cumulative 50.622, interval 0.911
AddFile(GB): cumulative 0.000, interval 0.000
AddFile(Total Files): cumulative 0, interval 0
AddFile(L0 Files): cumulative 0, interval 0
AddFile(Keys): cumulative 0, interval 0
Cumulative compaction: 320.41 GB write, 380.04 MB/s write, 277.94 GB read, 329.67 MB/s read, 6704.8 seconds
Interval compaction: 7.42 GB write, 403.55 MB/s write, 6.91 GB read, 376.30 MB/s read, 407.0 seconds
Estimated pending compaction bytes: 29940163288
Write Stall (count): cf-l0-file-count-limit-delays-with-ongoing-compaction: 33, cf-l0-file-count-limit-stops-with-ongoing-compaction: 0, l0-file-count-limit-delays: 33, l0-file-count-limit-stops: 0, memtable-limit-delays: 0, memtable-limit-stops: 681, pending-compaction-bytes-delays: 0, pending-compaction-bytes-stops: 0, total-delays: 33, total-stops: 681
interval: 20 total count
Block cache AutoHyperClockCache@0x5cc2bb2b62d0#2301963 capacity: 512.00 MB seed: 1 usage: 11.05 MB table_size: 5143 occupancy: 2620 collections: 5 last_copies: 2 last_secs: 0.0004 secs_since: 138
Block cache entry stats(count,size,portion): Misc(2620,10.73 MB,2.09659%)

** File Read Latency Histogram By Level [default] **
** Level 0 read latency histogram (micros):
Count: 23648340 Average: 2.8787  StdDev: 1379.53
Min: 0  Median: 0.8675  Max: 4185179
Percentiles: P50: 0.87 P75: 1.48 P99: 2.94 P99.9: 4.28 P99.99: 5.17
------------------------------------------------------
[       0,       1 ] 13630752  57.639%  57.639% ############
(       1,       2 ]  8585914  36.307%  93.946% #######
(       2,       3 ]  1266497   5.356%  99.302% #
(       3,       4 ]   134802   0.570%  99.872% 
(       4,       6 ]    47830   0.202% 100.074% 
(       6,      10 ]    25604   0.108% 100.182% 
(      10,      15 ]     8764   0.037% 100.219% 
(      15,      22 ]     5199   0.022% 100.241% 
(      22,      34 ]      371   0.002% 100.243% 
(      34,      51 ]       61   0.000% 100.243% 
(      51,      76 ]      329   0.001% 100.244% 
(      76,     110 ]      562   0.002% 100.247% 
(     110,     170 ]       28   0.000% 100.247% 
(     170,     250 ]       19   0.000% 100.247% 
(     250,     380 ]       52   0.000% 100.247% 
(     380,     580 ]        7   0.000% 100.247% 
(     580,     870 ]       39   0.000% 100.247% 
(     870,    1300 ]       73   0.000% 100.248% 
(    1300,    1900 ]       36   0.000% 100.248% 
(    1900,    2900 ]        8   0.000% 100.248% 
(    2900,    4400 ]        4   0.000% 100.248% 
(    4400,    6600 ]        6   0.000% 100.248% 
(    6600,    9900 ]        3   0.000% 100.248% 
(    9900,   14000 ]        1   0.000% 100.248% 
(   14000,   22000 ]        8   0.000% 100.248% 
(   22000,   33000 ]       16   0.000% 100.248% 
(   33000,   50000 ]       18   0.000% 100.248% 
(   50000,   75000 ]       34   0.000% 100.248% 
(   75000,  110000 ]       50   0.000% 100.248% 
(  110000,  170000 ]       23   0.000% 100.249% 
(  170000,  250000 ]       17   0.000% 100.249% 
(  250000,  380000 ]        4   0.000% 100.249% 
(  380000,  570000 ]        3   0.000% 100.249% 
(  570000,  860000 ]        4   0.000% 100.249% 
( 1200000, 1900000 ]        1   0.000% 100.249% 
( 1900000, 2900000 ]        1   0.000% 100.249% 
( 2900000, 4300000 ]        2   0.000% 100.249% 

** Level 1 read latency histogram (micros):
Count: 32255362 Average: 1.4897  StdDev: 4.32
Min: 0  Median: 0.8352  Max: 6356
Percentiles: P50: 0.84 P75: 1.43 P99: 2.91 P99.9: 3.75 P99.99: 3.89
------------------------------------------------------
[       0,       1 ] 19309488  59.864%  59.864% ############
(       1,       2 ] 11271445  34.944%  94.809% #######
(       2,       3 ]  1484719   4.603%  99.412% #
(       3,       4 ]   210118   0.651% 100.063% 
(       4,       6 ]    81467   0.253% 100.316% 
(       6,      10 ]    46304   0.144% 100.459% 
(      10,      15 ]    11887   0.037% 100.496% 
(      15,      22 ]     7496   0.023% 100.519% 
(      22,      34 ]      772   0.002% 100.522% 
(      34,      51 ]      197   0.001% 100.522% 
(      51,      76 ]      781   0.002% 100.525% 
(      76,     110 ]      901   0.003% 100.528% 
(     110,     170 ]      283   0.001% 100.529% 
(     170,     250 ]       92   0.000% 100.529% 
(     250,     380 ]       23   0.000% 100.529% 
(     380,     580 ]       20   0.000% 100.529% 
(     580,     870 ]       19   0.000% 100.529% 
(     870,    1300 ]        3   0.000% 100.529% 
(    1900,    2900 ]        3   0.000% 100.529% 
(    2900,    4400 ]       17   0.000% 100.529% 
(    4400,    6600 ]       10   0.000% 100.529% 

** Level 2 read latency histogram (micros):
Count: 14110353 Average: 37.6879  StdDev: 2704.88
Min: 0  Median: 1.0238  Max: 4109393
Percentiles: P50: 1.02 P75: 1.65 P99: 34.73 P99.9: 574.49 P99.99: 682.52
------------------------------------------------------
[       0,       1 ]  6921393  49.052%  49.052% ##########
(       1,       2 ]  5625723  39.869%  88.921% ########
(       2,       3 ]  1100185   7.797%  96.718% ##
(       3,       4 ]   221342   1.569%  98.287% 
(       4,       6 ]    64684   0.458%  98.745% 
(       6,      10 ]    20357   0.144%  98.890% 
(      10,      15 ]     7995   0.057%  98.946% 
(      15,      22 ]     4702   0.033%  98.980% 
(      22,      34 ]     2698   0.019%  98.999% 
(      34,      51 ]     4016   0.028%  99.027% 
(      51,      76 ]     9802   0.069%  99.097% 
(      76,     110 ]     5921   0.042%  99.139% 
(     110,     170 ]    18714   0.133%  99.271% 
(     170,     250 ]    23290   0.165%  99.436% 
(     250,     380 ]    30990   0.220%  99.656% 
(     380,     580 ]    35411   0.251%  99.907% 
(     580,     870 ]    33161   0.235% 100.142% 
(     870,    1300 ]    23687   0.168% 100.310% 
(    1300,    1900 ]    18641   0.132% 100.442% 
(    1900,    2900 ]    13278   0.094% 100.536% 
(    2900,    4400 ]     6836   0.048% 100.584% 
(    4400,    6600 ]     3600   0.026% 100.610% 
(    6600,    9900 ]     1420   0.010% 100.620% 
(    9900,   14000 ]      572   0.004% 100.624% 
(   14000,   22000 ]      582   0.004% 100.628% 
(   22000,   33000 ]      539   0.004% 100.632% 
(   33000,   50000 ]      652   0.005% 100.637% 
(   50000,   75000 ]      616   0.004% 100.641% 
(   75000,  110000 ]      574   0.004% 100.645% 
(  110000,  170000 ]      491   0.003% 100.649% 
(  170000,  250000 ]      187   0.001% 100.650% 
(  250000,  380000 ]       63   0.000% 100.650% 
(  380000,  570000 ]       16   0.000% 100.650% 
(  570000,  860000 ]        9   0.000% 100.651% 
(  860000, 1200000 ]        7   0.000% 100.651% 
( 1200000, 1900000 ]        4   0.000% 100.651% 
( 1900000, 2900000 ]        1   0.000% 100.651% 
( 2900000, 4300000 ]        3   0.000% 100.651% 


** DB Stats **
Uptime(secs): 863.3 total, 18.8 interval
Cumulative writes: 51M writes, 51M keys, 6656K commit groups, 7.7 writes per commit group, ingest: 50.16 GB, 59.50 MB/s
Cumulative WAL: 51M writes, 0 syncs, 51517235.00 writes per sync, written: 50.16 GB, 59.50 MB/s
Cumulative stall: 00:12:15.361 H:M:S, 85.2 percent
Interval writes: 869K writes, 869K keys, 113K commit groups, 7.7 writes per commit group, ingest: 867.22 MB, 46.08 MB/s
Interval WAL: 869K writes, 0 syncs, 869702.00 writes per sync, written: 0.85 GB, 46.08 MB/s
Interval stall: 00:00:20.662 H:M:S, 109.8 percent
Write Stall (count): write-buffer-manager-limit-stops: 0
num-running-compactions: 8
num-running-flushes: 1

2026/08/31-11:47:48  ... thread 14: (107000,3221000) ops and (3154.4,3730.9) ops/second in (33.920825,863.328520) seconds
2026/08/31-11:47:48  ... thread 7: (108000,3221000) ops and (3182.1,3730.9) ops/second in (33.939590,863.329872) seconds
2026/08/31-11:47:48  ... thread 4: (107000,3221000) ops and (3153.6,3730.9) ops/second in (33.929210,863.333998) seconds
2026/08/31-11:47:48  ... thread 3: (108000,3222000) ops and (3182.1,3732.0) ops/second in (33.940038,863.338257) seconds
2026/08/31-11:47:48  ... thread 6: (108000,3221000) ops and (3181.0,3730.9) ops/second in (33.952070,863.338331) seconds
2026/08/31-11:47:48  ... thread 11: (108000,3222000) ops and (3181.2,3732.0) ops/second in (33.949682,863.338424) seconds
2026/08/31-11:47:48  ... thread 13: (107000,3218000) ops and (3154.1,3727.4) ops/second in (33.923974,863.339570) seconds
2026/08/31-11:47:48  ... thread 1: (107000,3221000) ops and (3153.9,3730.8) ops/second in (33.925868,863.342663) seconds
2026/08/31-11:47:48  ... thread 15: (108000,3220000) ops and (3181.1,3729.7) ops/second in (33.950924,863.344666) seconds
2026/08/31-11:47:48  ... thread 2: (109000,3223000) ops and (3209.6,3733.2) ops/second in (33.960240,863.345598) seconds
2026/08/31-11:47:48  ... thread 9: (108000,3218000) ops and (3182.0,3727.4) ops/second in (33.940424,863.346676) seconds
2026/08/31-11:47:48  ... thread 5: (109000,3219000) ops and (3208.2,3728.5) ops/second in (33.975048,863.346959) seconds
2026/08/31-11:48:19  ... thread 11: (141000,3363000) ops and (4587.9,3761.4) ops/second in (30.732826,894.071250) seconds
2026/08/31-11:48:19  ... thread 10: (142000,3361000) ops and (4615.4,3759.2) ops/second in (30.766559,894.079705) seconds
2026/08/31-11:48:19  ... thread 7: (141000,3362000) ops and (4584.7,3760.3) ops/second in (30.754724,894.084596) seconds
2026/08/31-11:48:19  ... thread 14: (142000,3363000) ops and (4616.5,3761.4) ops/second in (30.759177,894.087697) seconds
2026/08/31-11:48:19  ... thread 13: (142000,3360000) ops and (4618.1,3758.0) ops/second in (30.748541,894.088111) seconds
2026/08/31-11:48:19  ... thread 8: (142000,3361000) ops and (4615.1,3759.1) ops/second in (30.768843,894.089210) seconds
2026/08/31-11:48:19  ... thread 15: (141000,3361000) ops and (4586.0,3759.1) ops/second in (30.745825,894.090491) seconds
2026/08/31-11:48:19  ... thread 3: (141000,3363000) ops and (4585.0,3761.4) ops/second in (30.752528,894.090785) seconds
2026/08/31-11:48:19  ... thread 12: (142000,3360000) ops and (4613.2,3758.0) ops/second in (30.781568,894.092974) seconds
2026/08/31-11:48:19  ... thread 2: (141000,3364000) ops and (4585.4,3762.5) ops/second in (30.749793,894.095391) seconds
2026/08/31-11:48:19  ... thread 1: (142000,3363000) ops and (4616.7,3761.3) ops/second in (30.757989,894.100652) seconds
2026/08/31-11:48:19  ... thread 9: (142000,3360000) ops and (4617.0,3758.0) ops/second in (30.756063,894.102739) seconds
2026/08/31-11:48:19  ... thread 0: (142000,3361000) ops and (4613.4,3759.1) ops/second in (30.779955,894.103342) seconds

** Compaction Stats [default] **
Level    Files   Size     Score Read(GB)  Rn(GB) Rnp1(GB) Write(GB) WPreComp(GB) Wnew(GB) Moved(GB) W-Amp Rd(MB/s) Wr(MB/s) Comp(sec) CompMergeCPU(sec) Comp(cnt) Avg(sec) KeyIn KeyDrop Rblob(GB) Wblob(GB)
-------------------------------------------------------------------------------------------------------------------------------------------------------------------------------------------------------------
  L0     21/21     4.38 GB   0.0     47.3     0.0     47.3     100.1     100.1     52.8       0.0   1.9     25.5     53.9   1900.99            212.68      1056    1.800    101M    46K       0.0       0.0
  L1     86/86     4.96 GB   0.0    136.9    48.4     88.5     134.6     134.6     46.1       0.0   2.8    354.9    348.9    394.99            416.92        30   13.166    139M  2348K       0.0       0.0
  L2    638/0     35.17 GB   0.9     98.0    32.9     65.1      92.0      92.0     26.9       8.2   2.8     22.0     20.7   4561.75            345.99       507    8.998     99M  6039K       0.0       0.0
 Sum    745/107   44.51 GB   0.0    282.2    81.3    201.0     326.7     326.7    125.8       8.2   6.2     42.1     48.8   6857.72            975.58      1593    4.305    340M  8433K       0.0       0.0
 Int      0/0      0.00 KB   0.0     11.2     1.8      9.4      13.7      13.7      4.4       0.0   4.4     20.5     25.1    559.99             56.22        95    5.895     14M   574K       0.0       0.0

** Compaction Stats [default] **
Priority    Files   Size     Score Read(GB)  Rn(GB) Rnp1(GB) Write(GB) WPreComp(GB) Wnew(GB) Moved(GB) W-Amp Rd(MB/s) Wr(MB/s) Comp(sec) CompMergeCPU(sec) Comp(cnt) Avg(sec) KeyIn KeyDrop Rblob(GB) Wblob(GB)
----------------------------------------------------------------------------------------------------------------------------------------------------------------------------------------------------------------
 Low      0/0      0.00 KB   0.0    282.2    81.3    201.0     273.9     273.9     73.0       0.0   0.0     51.8     50.2   5583.37            884.39       725    7.701    287M  8433K       0.0       0.0
High      0/0      0.00 KB   0.0      0.0     0.0      0.0      52.8      52.8     52.8       0.0   0.0      0.0     42.4   1274.35             91.19       868    1.468     53M      0       0.0       0.0

Blob file count: 0, total size: 0.0 GB, garbage size: 0.0 GB, space amp: 0.0

Uptime(secs): 894.1 total, 49.6 interval
Flush(GB): cumulative 52.816, interval 3.106
AddFile(GB): cumulative 0.000, interval 0.000
AddFile(Total Files): cumulative 0, interval 0
AddFile(L0 Files): cumulative 0, interval 0
AddFile(Keys): cumulative 0, interval 0
Cumulative compaction: 326.73 GB write, 374.19 MB/s write, 282.22 GB read, 323.22 MB/s read, 6857.7 seconds
Interval compaction: 13.73 GB write, 283.51 MB/s write, 11.19 GB read, 231.05 MB/s read, 560.0 seconds
Estimated pending compaction bytes: 37360656999
Write Stall (count): cf-l0-file-count-limit-delays-with-ongoing-compaction: 40, cf-l0-file-count-limit-stops-with-ongoing-compaction: 0, l0-file-count-limit-delays: 40, l0-file-count-limit-stops: 0, memtable-limit-delays: 0, memtable-limit-stops: 706, pending-compaction-bytes-delays: 0, pending-compaction-bytes-stops: 0, total-delays: 40, total-stops: 706
interval: 52 total count
Block cache AutoHyperClockCache@0x5cc2bb2b62d0#2301963 capacity: 512.00 MB seed: 1 usage: 11.05 MB table_size: 5143 occupancy: 2620 collections: 5 last_copies: 2 last_secs: 0.0004 secs_since: 169
Block cache entry stats(count,size,portion): Misc(2620,10.73 MB,2.09659%)

** File Read Latency Histogram By Level [default] **
** Level 0 read latency histogram (micros):
Count: 25041159 Average: 2.8816  StdDev: 1366.08
Min: 0  Median: 0.8731  Max: 4185179
Percentiles: P50: 0.87 P75: 1.48 P99: 2.95 P99.9: 4.27 P99.99: 5.12
------------------------------------------------------
[       0,       1 ] 14339804  57.265%  57.265% ###########
(       1,       2 ]  9172103  36.628%  93.893% #######
(       2,       3 ]  1349768   5.390%  99.283% #
(       3,       4 ]   147466   0.589%  99.872% 
(       4,       6 ]    52555   0.210% 100.082% 
(       6,      10 ]    27358   0.109% 100.191% 
(      10,      15 ]     9613   0.038% 100.230% 
(      15,      22 ]     5735   0.023% 100.253% 
(      22,      34 ]      411   0.002% 100.254% 
(      34,      51 ]       63   0.000% 100.254% 
(      51,      76 ]      347   0.001% 100.256% 
(      76,     110 ]      585   0.002% 100.258% 
(     110,     170 ]       29   0.000% 100.258% 
(     170,     250 ]       20   0.000% 100.258% 
(     250,     380 ]       59   0.000% 100.259% 
(     380,     580 ]        8   0.000% 100.259% 
(     580,     870 ]       39   0.000% 100.259% 
(     870,    1300 ]       74   0.000% 100.259% 
(    1300,    1900 ]       36   0.000% 100.259% 
(    1900,    2900 ]        8   0.000% 100.259% 
(    2900,    4400 ]        4   0.000% 100.259% 
(    4400,    6600 ]        6   0.000% 100.259% 
(    6600,    9900 ]        3   0.000% 100.259% 
(    9900,   14000 ]        1   0.000% 100.259% 
(   14000,   22000 ]        8   0.000% 100.259% 
(   22000,   33000 ]       17   0.000% 100.259% 
(   33000,   50000 ]       20   0.000% 100.259% 
(   50000,   75000 ]       35   0.000% 100.260% 
(   75000,  110000 ]       52   0.000% 100.260% 
(  110000,  170000 ]       23   0.000% 100.260% 
(  170000,  250000 ]       18   0.000% 100.260% 
(  250000,  380000 ]        4   0.000% 100.260% 
(  380000,  570000 ]        3   0.000% 100.260% 
(  570000,  860000 ]        4   0.000% 100.260% 
( 1200000, 1900000 ]        2   0.000% 100.260% 
( 1900000, 2900000 ]        1   0.000% 100.260% 
( 2900000, 4300000 ]        2   0.000% 100.260% 

** Level 1 read latency histogram (micros):
Count: 33333450 Average: 1.4868  StdDev: 4.25
Min: 0  Median: 0.8318  Max: 6356
Percentiles: P50: 0.83 P75: 1.43 P99: 2.91 P99.9: 3.75 P99.99: 3.89
------------------------------------------------------
[       0,       1 ] 20036428  60.109%  60.109% ############
(       1,       2 ] 11573415  34.720%  94.829% #######
(       2,       3 ]  1528346   4.585%  99.414% #
(       3,       4 ]   215870   0.648% 100.062% 
(       4,       6 ]    83570   0.251% 100.313% 
(       6,      10 ]    47630   0.143% 100.455% 
(      10,      15 ]    12492   0.037% 100.493% 
(      15,      22 ]     7900   0.024% 100.517% 
(      22,      34 ]      793   0.002% 100.519% 
(      34,      51 ]      199   0.001% 100.520% 
(      51,      76 ]      781   0.002% 100.522% 
(      76,     110 ]      902   0.003% 100.525% 
(     110,     170 ]      283   0.001% 100.525% 
(     170,     250 ]       92   0.000% 100.526% 
(     250,     380 ]       23   0.000% 100.526% 
(     380,     580 ]       20   0.000% 100.526% 
(     580,     870 ]       19   0.000% 100.526% 
(     870,    1300 ]        3   0.000% 100.526% 
(    1900,    2900 ]        3   0.000% 100.526% 
(    2900,    4400 ]       17   0.000% 100.526% 
(    4400,    6600 ]       10   0.000% 100.526% 

** Level 2 read latency histogram (micros):
Count: 14212295 Average: 37.7108  StdDev: 2695.51
Min: 0  Median: 1.0261  Max: 4109393
Percentiles: P50: 1.03 P75: 1.65 P99: 54.85 P99.9: 583.72 P99.99: 693.56
------------------------------------------------------
[       0,       1 ]  6958246  48.959%  48.959% ##########
(       1,       2 ]  5669161  39.889%  88.848% ########
(       2,       3 ]  1111527   7.821%  96.669% ##
(       3,       4 ]   222939   1.569%  98.238% 
(       4,       6 ]    65046   0.458%  98.696% 
(       6,      10 ]    20540   0.145%  98.840% 
(      10,      15 ]     8100   0.057%  98.897% 
(      15,      22 ]     4801   0.034%  98.931% 
(      22,      34 ]     3519   0.025%  98.956% 
(      34,      51 ]     4610   0.032%  98.988% 
(      51,      76 ]    10922   0.077%  99.065% 
(      76,     110 ]     6313   0.044%  99.109% 
(     110,     170 ]    19699   0.139%  99.248% 
(     170,     250 ]    24265   0.171%  99.419% 
(     250,     380 ]    31829   0.224%  99.643% 
(     380,     580 ]    36133   0.254%  99.897% 
(     580,     870 ]    33770   0.238% 100.135% 
(     870,    1300 ]    24106   0.170% 100.304% 
(    1300,    1900 ]    18948   0.133% 100.438% 
(    1900,    2900 ]    13484   0.095% 100.532% 
(    2900,    4400 ]     6937   0.049% 100.581% 
(    4400,    6600 ]     3657   0.026% 100.607% 
(    6600,    9900 ]     1422   0.010% 100.617% 
(    9900,   14000 ]      572   0.004% 100.621% 
(   14000,   22000 ]      583   0.004% 100.625% 
(   22000,   33000 ]      541   0.004% 100.629% 
(   33000,   50000 ]      658   0.005% 100.633% 
(   50000,   75000 ]      616   0.004% 100.638% 
(   75000,  110000 ]      575   0.004% 100.642% 
(  110000,  170000 ]      491   0.003% 100.645% 
(  170000,  250000 ]      187   0.001% 100.647% 
(  250000,  380000 ]       63   0.000% 100.647% 
(  380000,  570000 ]       16   0.000% 100.647% 
(  570000,  860000 ]        9   0.000% 100.647% 
(  860000, 1200000 ]        7   0.000% 100.647% 
( 1200000, 1900000 ]        4   0.000% 100.647% 
( 1900000, 2900000 ]        1   0.000% 100.647% 
( 2900000, 4300000 ]        3   0.000% 100.647% 


** DB Stats **
Uptime(secs): 894.1 total, 30.8 interval
Cumulative writes: 53M writes, 53M keys, 6951K commit groups, 7.7 writes per commit group, ingest: 52.38 GB, 59.99 MB/s
Cumulative WAL: 53M writes, 0 syncs, 53793436.00 writes per sync, written: 52.38 GB, 59.99 MB/s
Cumulative stall: 00:12:31.918 H:M:S, 84.1 percent
Interval writes: 2276K writes, 2276K keys, 294K commit groups, 7.7 writes per commit group, ingest: 2269.63 MB, 73.74 MB/s
Interval WAL: 2276K writes, 0 syncs, 2276201.00 writes per sync, written: 2.22 GB, 73.74 MB/s
Interval stall: 00:00:16.557 H:M:S, 53.8 percent
Write Stall (count): write-buffer-manager-limit-stops: 0
num-running-compactions: 2
num-running-flushes: 0

2026/08/31-11:48:19  ... thread 5: (141000,3360000) ops and (4584.3,3758.0) ops/second in (30.757422,894.104381) seconds
2026/08/31-11:48:19  ... thread 4: (142000,3363000) ops and (4614.7,3761.3) ops/second in (30.771073,894.105071) seconds
2026/08/31-11:48:19  ... thread 6: (142000,3363000) ops and (4615.3,3761.3) ops/second in (30.766959,894.105290) seconds
2026/08/31-11:48:53  ... thread 6: (97000,3460000) ops and (2829.1,3726.9) ops/second in (34.287100,928.392390) seconds
2026/08/31-11:48:53  ... thread 13: (98000,3458000) ops and (2856.6,3724.7) ops/second in (34.306807,928.394918) seconds
2026/08/31-11:48:53  ... thread 1: (98000,3461000) ops and (2857.2,3727.9) ops/second in (34.299378,928.400030) seconds
2026/08/31-11:48:53  ... thread 2: (98000,3462000) ops and (2856.7,3729.0) ops/second in (34.304836,928.400227) seconds
2026/08/31-11:48:53  ... thread 15: (98000,3459000) ops and (2856.2,3725.8) ops/second in (34.310801,928.401292) seconds
2026/08/31-11:48:53  ... thread 14: (98000,3461000) ops and (2855.2,3727.9) ops/second in (34.322856,928.410553) seconds
2026/08/31-11:48:53  ... thread 7: (98000,3460000) ops and (2842.2,3726.2) ops/second in (34.479885,928.564481) seconds
2026/08/31-11:48:53  ... thread 9: (98000,3458000) ops and (2843.1,3724.0) ops/second in (34.469430,928.572169) seconds
2026/08/31-11:48:53  ... thread 5: (98000,3458000) ops and (2843.2,3724.0) ops/second in (34.468283,928.572664) seconds
2026/08/31-11:48:53  ... thread 4: (98000,3461000) ops and (2842.5,3727.2) ops/second in (34.476805,928.581876) seconds
2026/08/31-11:48:53  ... thread 0: (98000,3459000) ops and (2842.3,3725.0) ops/second in (34.479510,928.582852) seconds
2026/08/31-11:48:53  ... thread 12: (99000,3459000) ops and (2870.4,3725.0) ops/second in (34.490194,928.583168) seconds

** Compaction Stats [default] **
Level    Files   Size     Score Read(GB)  Rn(GB) Rnp1(GB) Write(GB) WPreComp(GB) Wnew(GB) Moved(GB) W-Amp Rd(MB/s) Wr(MB/s) Comp(sec) CompMergeCPU(sec) Comp(cnt) Avg(sec) KeyIn KeyDrop Rblob(GB) Wblob(GB)
-------------------------------------------------------------------------------------------------------------------------------------------------------------------------------------------------------------
  L0     10/4      1.82 GB   1.5     48.6     0.0     48.6     102.9     102.9     54.3       0.0   1.9     25.3     53.6   1966.67            219.08      1085    1.813    104M    48K       0.0       0.0
  L1    120/17     7.04 GB   1.5    146.0    52.5     93.5     143.4     143.4     49.9       0.0   2.7    355.3    349.0    420.80            444.39        31   13.574    148M  2628K       0.0       0.0
  L2    658/52    36.40 GB   0.8    104.3    34.7     69.6      97.8      97.8     28.2       8.2   2.8     21.7     20.3   4931.26            380.58       540    9.132    106M  6617K       0.0       0.0
 Sum    788/73    45.26 GB   0.0    298.9    87.2    211.6     344.1     344.1    132.5       8.2   6.3     41.8     48.1   7318.73           1044.05      1656    4.420    359M  9294K       0.0       0.0
 Int      0/0      0.00 KB   0.0      7.6     1.8      5.7       8.2       8.2      2.5       0.0   6.8     18.3     19.9    422.54             40.31        56    7.545   8933K   580K       0.0       0.0

** Compaction Stats [default] **
Priority    Files   Size     Score Read(GB)  Rn(GB) Rnp1(GB) Write(GB) WPreComp(GB) Wnew(GB) Moved(GB) W-Amp Rd(MB/s) Wr(MB/s) Comp(sec) CompMergeCPU(sec) Comp(cnt) Avg(sec) KeyIn KeyDrop Rblob(GB) Wblob(GB)
----------------------------------------------------------------------------------------------------------------------------------------------------------------------------------------------------------------
 Low      0/0      0.00 KB   0.0    298.9    87.2    211.6     289.7     289.7     78.1       0.0   0.0     51.0     49.5   5996.57            949.90       762    7.870    304M  9294K       0.0       0.0
High      0/0      0.00 KB   0.0      0.0     0.0      0.0      54.4      54.4     54.4       0.0   0.0      0.0     42.1   1322.16             94.15       894    1.479     55M      0       0.0       0.0

Blob file count: 0, total size: 0.0 GB, garbage size: 0.0 GB, space amp: 0.0

Uptime(secs): 928.6 total, 24.1 interval
Flush(GB): cumulative 54.395, interval 1.215
AddFile(GB): cumulative 0.000, interval 0.000
AddFile(Total Files): cumulative 0, interval 0
AddFile(L0 Files): cumulative 0, interval 0
AddFile(Keys): cumulative 0, interval 0
Cumulative compaction: 344.12 GB write, 379.48 MB/s write, 298.88 GB read, 329.59 MB/s read, 7318.7 seconds
Interval compaction: 8.21 GB write, 349.25 MB/s write, 7.56 GB read, 321.85 MB/s read, 422.5 seconds
Estimated pending compaction bytes: 36179318217
Write Stall (count): cf-l0-file-count-limit-delays-with-ongoing-compaction: 41, cf-l0-file-count-limit-stops-with-ongoing-compaction: 0, l0-file-count-limit-delays: 41, l0-file-count-limit-stops: 0, memtable-limit-delays: 0, memtable-limit-stops: 730, pending-compaction-bytes-delays: 0, pending-compaction-bytes-stops: 0, total-delays: 41, total-stops: 730
interval: 20 total count
Block cache AutoHyperClockCache@0x5cc2bb2b62d0#2301963 capacity: 512.00 MB seed: 1 usage: 12.44 MB table_size: 5763 occupancy: 2951 collections: 6 last_copies: 0 last_secs: 0.000454 secs_since: 24
Block cache entry stats(count,size,portion): Misc(2951,12.09 MB,2.36146%)

** File Read Latency Histogram By Level [default] **
** Level 0 read latency histogram (micros):
Count: 25611562 Average: 2.8772  StdDev: 1351.49
Min: 0  Median: 0.8727  Max: 4185179
Percentiles: P50: 0.87 P75: 1.48 P99: 2.95 P99.9: 4.31 P99.99: 5.16
------------------------------------------------------
[       0,       1 ] 14673666  57.293%  57.293% ###########
(       1,       2 ]  9375861  36.608%  93.901% #######
(       2,       3 ]  1376973   5.376%  99.277% #
(       3,       4 ]   151173   0.590%  99.868% 
(       4,       6 ]    53986   0.211% 100.078% 
(       6,      10 ]    28042   0.109% 100.188% 
(      10,      15 ]     9856   0.038% 100.226% 
(      15,      22 ]     5905   0.023% 100.249% 
(      22,      34 ]      421   0.002% 100.251% 
(      34,      51 ]       66   0.000% 100.251% 
(      51,      76 ]      353   0.001% 100.253% 
(      76,     110 ]      606   0.002% 100.255% 
(     110,     170 ]       30   0.000% 100.255% 
(     170,     250 ]       21   0.000% 100.255% 
(     250,     380 ]       59   0.000% 100.256% 
(     380,     580 ]        9   0.000% 100.256% 
(     580,     870 ]       39   0.000% 100.256% 
(     870,    1300 ]       76   0.000% 100.256% 
(    1300,    1900 ]       37   0.000% 100.256% 
(    1900,    2900 ]       11   0.000% 100.256% 
(    2900,    4400 ]        4   0.000% 100.256% 
(    4400,    6600 ]        6   0.000% 100.256% 
(    6600,    9900 ]        3   0.000% 100.256% 
(    9900,   14000 ]        1   0.000% 100.256% 
(   14000,   22000 ]        8   0.000% 100.256% 
(   22000,   33000 ]       20   0.000% 100.256% 
(   33000,   50000 ]       22   0.000% 100.256% 
(   50000,   75000 ]       36   0.000% 100.257% 
(   75000,  110000 ]       56   0.000% 100.257% 
(  110000,  170000 ]       24   0.000% 100.257% 
(  170000,  250000 ]       18   0.000% 100.257% 
(  250000,  380000 ]        4   0.000% 100.257% 
(  380000,  570000 ]        3   0.000% 100.257% 
(  570000,  860000 ]        4   0.000% 100.257% 
( 1200000, 1900000 ]        2   0.000% 100.257% 
( 1900000, 2900000 ]        1   0.000% 100.257% 
( 2900000, 4300000 ]        2   0.000% 100.257% 

** Level 1 read latency histogram (micros):
Count: 34114414 Average: 1.5022  StdDev: 4.21
Min: 0  Median: 0.8415  Max: 6356
Percentiles: P50: 0.84 P75: 1.45 P99: 2.95 P99.9: 3.87 P99.99: 3.99
------------------------------------------------------
[       0,       1 ] 20270556  59.419%  59.419% ############
(       1,       2 ] 11893710  34.864%  94.284% #######
(       2,       3 ]  1697141   4.975%  99.258% #
(       3,       4 ]   252470   0.740%  99.998% 
(       4,       6 ]    99590   0.292% 100.290% 
(       6,      10 ]    52147   0.153% 100.443% 
(      10,      15 ]    13702   0.040% 100.483% 
(      15,      22 ]     8791   0.026% 100.509% 
(      22,      34 ]      879   0.003% 100.512% 
(      34,      51 ]      217   0.001% 100.512% 
(      51,      76 ]      829   0.002% 100.515% 
(      76,     110 ]      981   0.003% 100.518% 
(     110,     170 ]      305   0.001% 100.519% 
(     170,     250 ]       92   0.000% 100.519% 
(     250,     380 ]       23   0.000% 100.519% 
(     380,     580 ]       21   0.000% 100.519% 
(     580,     870 ]       19   0.000% 100.519% 
(     870,    1300 ]        3   0.000% 100.519% 
(    1900,    2900 ]        3   0.000% 100.519% 
(    2900,    4400 ]       17   0.000% 100.519% 
(    4400,    6600 ]       10   0.000% 100.519% 

** Level 2 read latency histogram (micros):
Count: 15704410 Average: 47.1700  StdDev: 2955.67
Min: 0  Median: 1.0814  Max: 4109393
Percentiles: P50: 1.08 P75: 1.70 P99: 229.44 P99.9: 768.15 P99.99: 851.78
------------------------------------------------------
[       0,       1 ]  7333102  46.695%  46.695% #########
(       1,       2 ]  6373517  40.584%  87.279% ########
(       2,       3 ]  1345540   8.568%  95.847% ##
(       3,       4 ]   284829   1.814%  97.660% 
(       4,       6 ]    83520   0.532%  98.192% 
(       6,      10 ]    23740   0.151%  98.343% 
(      10,      15 ]    10037   0.064%  98.407% 
(      15,      22 ]     5960   0.038%  98.445% 
(      22,      34 ]     3861   0.025%  98.470% 
(      34,      51 ]     5805   0.037%  98.507% 
(      51,      76 ]    13951   0.089%  98.596% 
(      76,     110 ]     8387   0.053%  98.649% 
(     110,     170 ]    28519   0.182%  98.831% 
(     170,     250 ]    35808   0.228%  99.059% 
(     250,     380 ]    47370   0.302%  99.360% 
(     380,     580 ]    52968   0.337%  99.698% 
(     580,     870 ]    49010   0.312% 100.010% 
(     870,    1300 ]    34585   0.220% 100.230% 
(    1300,    1900 ]    26514   0.169% 100.399% 
(    1900,    2900 ]    18621   0.119% 100.517% 
(    2900,    4400 ]     9367   0.060% 100.577% 
(    4400,    6600 ]     4974   0.032% 100.609% 
(    6600,    9900 ]     1983   0.013% 100.621% 
(    9900,   14000 ]      753   0.005% 100.626% 
(   14000,   22000 ]      765   0.005% 100.631% 
(   22000,   33000 ]      703   0.004% 100.635% 
(   33000,   50000 ]      862   0.005% 100.641% 
(   50000,   75000 ]      811   0.005% 100.646% 
(   75000,  110000 ]      765   0.005% 100.651% 
(  110000,  170000 ]      648   0.004% 100.655% 
(  170000,  250000 ]      286   0.002% 100.657% 
(  250000,  380000 ]      107   0.001% 100.658% 
(  380000,  570000 ]       22   0.000% 100.658% 
(  570000,  860000 ]       11   0.000% 100.658% 
(  860000, 1200000 ]       13   0.000% 100.658% 
( 1200000, 1900000 ]       10   0.000% 100.658% 
( 1900000, 2900000 ]        1   0.000% 100.658% 
( 2900000, 4300000 ]        3   0.000% 100.658% 


** DB Stats **
Uptime(secs): 928.6 total, 24.1 interval
Cumulative writes: 55M writes, 55M keys, 7157K commit groups, 7.7 writes per commit group, ingest: 53.91 GB, 59.45 MB/s
Cumulative WAL: 55M writes, 0 syncs, 55364289.00 writes per sync, written: 53.91 GB, 59.45 MB/s
Cumulative stall: 00:13:1.866 H:M:S, 84.2 percent
Interval writes: 1124K writes, 1124K keys, 147K commit groups, 7.6 writes per commit group, ingest: 1121.50 MB, 46.60 MB/s
Interval WAL: 1124K writes, 0 syncs, 1124718.00 writes per sync, written: 1.10 GB, 46.60 MB/s
Interval stall: 00:00:21.403 H:M:S, 88.9 percent
Write Stall (count): write-buffer-manager-limit-stops: 0
num-running-compactions: 18
num-running-flushes: 0

2026/08/31-11:48:53  ... thread 11: (99000,3462000) ops and (2868.5,3728.3) ops/second in (34.512584,928.583834) seconds
2026/08/31-11:48:53  ... thread 3: (99000,3462000) ops and (2870.0,3728.3) ops/second in (34.494266,928.585051) seconds
2026/08/31-11:48:53  ... thread 10: (99000,3460000) ops and (2868.8,3726.1) ops/second in (34.508853,928.588558) seconds
2026/08/31-11:48:53  ... thread 8: (99000,3460000) ops and (2869.6,3726.1) ops/second in (34.499938,928.589148) seconds
2026/08/31-11:49:23  ... thread 11: (175000,3637000) ops and (5825.9,3794.0) ops/second in (30.038375,958.622209) seconds
2026/08/31-11:49:24  ... thread 7: (176000,3636000) ops and (5786.5,3791.5) ops/second in (30.415861,958.980342) seconds
2026/08/31-11:49:24  ... thread 5: (175000,3633000) ops and (5748.6,3788.3) ops/second in (30.442390,959.015054) seconds
2026/08/31-11:49:24  ... thread 10: (175000,3635000) ops and (5711.5,3789.5) ops/second in (30.640194,959.228752) seconds
2026/08/31-11:49:24  ... thread 8: (175000,3635000) ops and (5685.7,3789.0) ops/second in (30.779206,959.368354) seconds
2026/08/31-11:49:24  ... thread 14: (176000,3637000) ops and (5679.9,3790.9) ops/second in (30.986692,959.397245) seconds
2026/08/31-11:49:24  ... thread 13: (176000,3634000) ops and (5668.7,3787.6) ops/second in (31.047913,959.442831) seconds
2026/08/31-11:49:24  ... thread 4: (175000,3636000) ops and (5650.1,3789.3) ops/second in (30.972905,959.554781) seconds
2026/08/31-11:49:24  ... thread 15: (176000,3635000) ops and (5645.8,3788.1) ops/second in (31.173583,959.574875) seconds
2026/08/31-11:49:24  ... thread 3: (175000,3637000) ops and (5635.7,3790.0) ops/second in (31.052241,959.637292) seconds
2026/08/31-11:49:25  ... thread 1: (176000,3637000) ops and (5602.9,3789.3) ops/second in (31.412170,959.812200) seconds
2026/08/31-11:49:25  ... thread 12: (175000,3634000) ops and (5585.5,3785.8) ops/second in (31.331031,959.914199) seconds
2026/08/31-11:49:25  ... thread 0: (176000,3635000) ops and (5603.0,3786.5) ops/second in (31.412001,959.994853) seconds

** Compaction Stats [default] **
Level    Files   Size     Score Read(GB)  Rn(GB) Rnp1(GB) Write(GB) WPreComp(GB) Wnew(GB) Moved(GB) W-Amp Rd(MB/s) Wr(MB/s) Comp(sec) CompMergeCPU(sec) Comp(cnt) Avg(sec) KeyIn KeyDrop Rblob(GB) Wblob(GB)
-------------------------------------------------------------------------------------------------------------------------------------------------------------------------------------------------------------
  L0     21/21     4.55 GB   0.0     51.3     0.0     51.3     108.4     108.4     57.1       0.0   1.9     25.9     54.7   2027.04            230.63      1141    1.777    110M    51K       0.0       0.0
  L1     98/98     5.71 GB   0.0    146.0    52.5     93.5     143.4     143.4     49.9       0.0   2.7    355.3    349.0    420.80            444.39        31   13.574    148M  2628K       0.0       0.0
  L2    676/0     37.30 GB   0.9    109.3    36.0     73.3     102.4     102.4     29.1       8.2   2.8     21.6     20.2   5188.78            406.68       561    9.249    111M  7032K       0.0       0.0
 Sum    795/119   47.56 GB   0.0    306.6    88.5    218.1     354.2     354.2    136.1       8.2   6.2     41.1     47.5   7636.62           1081.70      1733    4.407    370M  9711K       0.0       0.0
 Int      0/0      0.00 KB   0.0     15.3     3.1     12.2      18.3      18.3      6.1       0.0   4.6     21.2     25.3    740.43             77.96       133    5.567     19M   997K       0.0       0.0

** Compaction Stats [default] **
Priority    Files   Size     Score Read(GB)  Rn(GB) Rnp1(GB) Write(GB) WPreComp(GB) Wnew(GB) Moved(GB) W-Amp Rd(MB/s) Wr(MB/s) Comp(sec) CompMergeCPU(sec) Comp(cnt) Avg(sec) KeyIn KeyDrop Rblob(GB) Wblob(GB)
----------------------------------------------------------------------------------------------------------------------------------------------------------------------------------------------------------------
 Low      0/0      0.00 KB   0.0    306.6    88.5    218.1     297.1     297.1     78.9       0.0   0.0     50.0     48.5   6276.70            983.02       794    7.905    312M  9711K       0.0       0.0
High      0/0      0.00 KB   0.0      0.0     0.0      0.0      57.1      57.1     57.1       0.0   0.0      0.0     43.0   1359.91             98.68       939    1.448     58M      0       0.0       0.0

Blob file count: 0, total size: 0.0 GB, garbage size: 0.0 GB, space amp: 0.0

Uptime(secs): 960.0 total, 55.5 interval
Flush(GB): cumulative 57.130, interval 3.950
AddFile(GB): cumulative 0.000, interval 0.000
AddFile(Total Files): cumulative 0, interval 0
AddFile(L0 Files): cumulative 0, interval 0
AddFile(Keys): cumulative 0, interval 0
Cumulative compaction: 354.19 GB write, 377.80 MB/s write, 306.63 GB read, 327.07 MB/s read, 7636.6 seconds
Interval compaction: 18.28 GB write, 337.38 MB/s write, 15.31 GB read, 282.58 MB/s read, 740.4 seconds
Estimated pending compaction bytes: 42185861332
Write Stall (count): cf-l0-file-count-limit-delays-with-ongoing-compaction: 46, cf-l0-file-count-limit-stops-with-ongoing-compaction: 0, l0-file-count-limit-delays: 46, l0-file-count-limit-stops: 0, memtable-limit-delays: 0, memtable-limit-stops: 764, pending-compaction-bytes-delays: 0, pending-compaction-bytes-stops: 0, total-delays: 46, total-stops: 764
interval: 59 total count
Block cache AutoHyperClockCache@0x5cc2bb2b62d0#2301963 capacity: 512.00 MB seed: 1 usage: 12.44 MB table_size: 5763 occupancy: 2951 collections: 6 last_copies: 0 last_secs: 0.000454 secs_since: 55
Block cache entry stats(count,size,portion): Misc(2951,12.09 MB,2.36146%)

** File Read Latency Histogram By Level [default] **
** Level 0 read latency histogram (micros):
Count: 26779837 Average: 2.9183  StdDev: 1366.41
Min: 0  Median: 0.8724  Max: 4185179
Percentiles: P50: 0.87 P75: 1.48 P99: 2.95 P99.9: 4.34 P99.99: 5.18
------------------------------------------------------
[       0,       1 ] 15348510  57.314%  57.314% ###########
(       1,       2 ]  9796437  36.581%  93.895% #######
(       2,       3 ]  1437449   5.368%  99.263% #
(       3,       4 ]   160933   0.601%  99.864% 
(       4,       6 ]    57235   0.214% 100.077% 
(       6,      10 ]    29325   0.110% 100.187% 
(      10,      15 ]    10375   0.039% 100.226% 
(      15,      22 ]     6218   0.023% 100.249% 
(      22,      34 ]      448   0.002% 100.251% 
(      34,      51 ]       70   0.000% 100.251% 
(      51,      76 ]      370   0.001% 100.252% 
(      76,     110 ]      641   0.002% 100.255% 
(     110,     170 ]       31   0.000% 100.255% 
(     170,     250 ]       21   0.000% 100.255% 
(     250,     380 ]       68   0.000% 100.255% 
(     380,     580 ]        9   0.000% 100.255% 
(     580,     870 ]       39   0.000% 100.255% 
(     870,    1300 ]       77   0.000% 100.255% 
(    1300,    1900 ]       40   0.000% 100.256% 
(    1900,    2900 ]       11   0.000% 100.256% 
(    2900,    4400 ]        4   0.000% 100.256% 
(    4400,    6600 ]        6   0.000% 100.256% 
(    6600,    9900 ]        3   0.000% 100.256% 
(    9900,   14000 ]        1   0.000% 100.256% 
(   14000,   22000 ]        8   0.000% 100.256% 
(   22000,   33000 ]       20   0.000% 100.256% 
(   33000,   50000 ]       23   0.000% 100.256% 
(   50000,   75000 ]       37   0.000% 100.256% 
(   75000,  110000 ]       62   0.000% 100.256% 
(  110000,  170000 ]       26   0.000% 100.256% 
(  170000,  250000 ]       18   0.000% 100.256% 
(  250000,  380000 ]        4   0.000% 100.256% 
(  380000,  570000 ]        3   0.000% 100.256% 
(  570000,  860000 ]        4   0.000% 100.256% 
( 1200000, 1900000 ]        3   0.000% 100.257% 
( 1900000, 2900000 ]        1   0.000% 100.257% 
( 2900000, 4300000 ]        2   0.000% 100.257% 

** Level 1 read latency histogram (micros):
Count: 34982001 Average: 1.5049  StdDev: 4.16
Min: 0  Median: 0.8427  Max: 6356
Percentiles: P50: 0.84 P75: 1.45 P99: 2.96 P99.9: 3.89 P99.99: 4.05
------------------------------------------------------
[       0,       1 ] 20754839  59.330%  59.330% ############
(       1,       2 ] 12179229  34.816%  94.146% #######
(       2,       3 ]  1775495   5.075%  99.221% #
(       3,       4 ]   266372   0.761%  99.983% 
(       4,       6 ]   104790   0.300% 100.282% 
(       6,      10 ]    54025   0.154% 100.437% 
(      10,      15 ]    14364   0.041% 100.478% 
(      15,      22 ]     9249   0.026% 100.504% 
(      22,      34 ]      922   0.003% 100.507% 
(      34,      51 ]      222   0.001% 100.507% 
(      51,      76 ]      832   0.002% 100.510% 
(      76,     110 ]      985   0.003% 100.513% 
(     110,     170 ]      305   0.001% 100.513% 
(     170,     250 ]       92   0.000% 100.514% 
(     250,     380 ]       23   0.000% 100.514% 
(     380,     580 ]       21   0.000% 100.514% 
(     580,     870 ]       19   0.000% 100.514% 
(     870,    1300 ]        3   0.000% 100.514% 
(    1900,    2900 ]        3   0.000% 100.514% 
(    2900,    4400 ]       17   0.000% 100.514% 
(    4400,    6600 ]       10   0.000% 100.514% 

** Level 2 read latency histogram (micros):
Count: 16282148 Average: 47.9399  StdDev: 2915.53
Min: 0  Median: 1.0960  Max: 4109393
Percentiles: P50: 1.10 P75: 1.71 P99: 265.43 P99.9: 802.23 P99.99: 893.99
------------------------------------------------------
[       0,       1 ]  7503812  46.086%  46.086% #########
(       1,       2 ]  6637463  40.765%  86.851% ########
(       2,       3 ]  1424369   8.748%  95.599% ##
(       3,       4 ]   306917   1.885%  97.484% 
(       4,       6 ]    89560   0.550%  98.034% 
(       6,      10 ]    24867   0.153%  98.187% 
(      10,      15 ]    10711   0.066%  98.253% 
(      15,      22 ]     6334   0.039%  98.292% 
(      22,      34 ]     4088   0.025%  98.317% 
(      34,      51 ]     6852   0.042%  98.359% 
(      51,      76 ]    15788   0.097%  98.456% 
(      76,     110 ]     9472   0.058%  98.514% 
(     110,     170 ]    32295   0.198%  98.713% 
(     170,     250 ]    40519   0.249%  98.961% 
(     250,     380 ]    52902   0.325%  99.286% 
(     380,     580 ]    58726   0.361%  99.647% 
(     580,     870 ]    53752   0.330%  99.977% 
(     870,    1300 ]    37507   0.230% 100.208% 
(    1300,    1900 ]    28711   0.176% 100.384% 
(    1900,    2900 ]    20183   0.124% 100.508% 
(    2900,    4400 ]    10070   0.062% 100.570% 
(    4400,    6600 ]     5374   0.033% 100.603% 
(    6600,    9900 ]     2117   0.013% 100.616% 
(    9900,   14000 ]      799   0.005% 100.621% 
(   14000,   22000 ]      809   0.005% 100.626% 
(   22000,   33000 ]      738   0.005% 100.630% 
(   33000,   50000 ]      900   0.006% 100.636% 
(   50000,   75000 ]      860   0.005% 100.641% 
(   75000,  110000 ]      793   0.005% 100.646% 
(  110000,  170000 ]      674   0.004% 100.650% 
(  170000,  250000 ]      291   0.002% 100.652% 
(  250000,  380000 ]      107   0.001% 100.652% 
(  380000,  570000 ]       22   0.000% 100.652% 
(  570000,  860000 ]       11   0.000% 100.653% 
(  860000, 1200000 ]       13   0.000% 100.653% 
( 1200000, 1900000 ]       10   0.000% 100.653% 
( 1900000, 2900000 ]        1   0.000% 100.653% 
( 2900000, 4300000 ]        3   0.000% 100.653% 


** DB Stats **
Uptime(secs): 960.0 total, 31.4 interval
Cumulative writes: 58M writes, 58M keys, 7522K commit groups, 7.7 writes per commit group, ingest: 56.65 GB, 60.42 MB/s
Cumulative WAL: 58M writes, 0 syncs, 58173399.00 writes per sync, written: 56.65 GB, 60.42 MB/s
Cumulative stall: 00:13:26.444 H:M:S, 84.0 percent
Interval writes: 2809K writes, 2809K keys, 364K commit groups, 7.7 writes per commit group, ingest: 2801.02 MB, 89.17 MB/s
Interval WAL: 2809K writes, 0 syncs, 2809110.00 writes per sync, written: 2.74 GB, 89.17 MB/s
Interval stall: 00:00:24.578 H:M:S, 78.2 percent
Write Stall (count): write-buffer-manager-limit-stops: 0
num-running-compactions: 2
num-running-flushes: 0

2026/08/31-11:49:25  ... thread 6: (177000,3637000) ops and (5576.0,3788.0) ops/second in (31.742918,960.135308) seconds
2026/08/31-11:49:25  ... thread 9: (176000,3634000) ops and (5563.8,3784.6) ops/second in (31.633307,960.205476) seconds
2026/08/31-11:49:25  ... thread 2: (176000,3638000) ops and (5522.2,3788.5) ops/second in (31.871527,960.271754) seconds
2026/08/31-11:49:57  ... thread 14: (75000,3712000) ops and (2254.2,3739.4) ops/second in (33.271508,992.668753) seconds
2026/08/31-11:49:58  ... thread 1: (75000,3712000) ops and (2281.9,3739.4) ops/second in (32.866949,992.679149) seconds
2026/08/31-11:49:58  ... thread 9: (75000,3709000) ops and (2306.5,3736.2) ops/second in (32.517057,992.722533) seconds
2026/08/31-11:49:58  ... thread 11: (76000,3713000) ops and (2228.4,3740.2) ops/second in (34.105348,992.727557) seconds
2026/08/31-11:49:58  ... thread 2: (75000,3713000) ops and (2291.9,3739.2) ops/second in (32.723409,992.995163) seconds
2026/08/31-11:49:58  ... thread 15: (75000,3710000) ops and (2241.7,3736.0) ops/second in (33.456546,993.031421) seconds
2026/08/31-11:49:59  ... thread 12: (76000,3710000) ops and (2249.3,3733.5) ops/second in (33.788064,993.702263) seconds
2026/08/31-11:49:59  ... thread 7: (76000,3712000) ops and (2187.3,3735.4) ops/second in (34.746560,993.726902) seconds
2026/08/31-11:49:59  ... thread 3: (76000,3713000) ops and (2208.6,3735.2) ops/second in (34.410250,994.047542) seconds
2026/08/31-11:49:59  ... thread 5: (76000,3709000) ops and (2169.4,3731.2) ops/second in (35.032631,994.047685) seconds
2026/08/31-11:49:59  ... thread 0: (76000,3711000) ops and (2226.9,3732.9) ops/second in (34.127463,994.122316) seconds

** Compaction Stats [default] **
Level    Files   Size     Score Read(GB)  Rn(GB) Rnp1(GB) Write(GB) WPreComp(GB) Wnew(GB) Moved(GB) W-Amp Rd(MB/s) Wr(MB/s) Comp(sec) CompMergeCPU(sec) Comp(cnt) Avg(sec) KeyIn KeyDrop Rblob(GB) Wblob(GB)
-------------------------------------------------------------------------------------------------------------------------------------------------------------------------------------------------------------
  L0     21/20     1.46 GB   0.2     51.5     0.0     51.5     109.8     109.8     58.3       0.0   1.9     25.5     54.4   2067.41            233.50      1162    1.779    111M    51K       0.0       0.0
  L1    150/16     8.61 GB   1.9    156.0    56.8     99.2     153.1     153.1     53.9       0.0   2.7    355.6    348.9    449.33            475.21        32   14.042    158M  2956K       0.0       0.0
  L2    689/41    38.03 GB   0.9    113.1    37.2     75.9     105.8     105.8     29.9       8.2   2.8     21.5     20.1   5395.25            426.92       582    9.270    115M  7424K       0.0       0.0
 Sum    860/77    48.10 GB   0.0    320.7    94.0    226.7     368.7     368.7    142.1       8.2   6.3     41.5     47.7   7911.99           1135.63      1776    4.455    385M    10M       0.0       0.0
 Int      0/0      0.00 KB   0.0     14.1     5.5      8.6      14.5      14.5      5.9       0.0  12.6     52.5     54.2    273.92             53.83        42    6.522     15M   720K       0.0       0.0

** Compaction Stats [default] **
Priority    Files   Size     Score Read(GB)  Rn(GB) Rnp1(GB) Write(GB) WPreComp(GB) Wnew(GB) Moved(GB) W-Amp Rd(MB/s) Wr(MB/s) Comp(sec) CompMergeCPU(sec) Comp(cnt) Avg(sec) KeyIn KeyDrop Rblob(GB) Wblob(GB)
----------------------------------------------------------------------------------------------------------------------------------------------------------------------------------------------------------------
 Low      0/0      0.00 KB   0.0    320.7    94.0    226.7     310.4     310.4     83.7       0.0   0.0     50.3     48.7   6522.30           1034.70       817    7.983    326M    10M       0.0       0.0
High      0/0      0.00 KB   0.0      0.0     0.0      0.0      58.3      58.3     58.3       0.0   0.0      0.0     43.0   1389.69            100.93       959    1.449     59M      0       0.0       0.0

Blob file count: 0, total size: 0.0 GB, garbage size: 0.0 GB, space amp: 0.0

Uptime(secs): 994.1 total, 29.6 interval
Flush(GB): cumulative 58.345, interval 1.155
AddFile(GB): cumulative 0.000, interval 0.000
AddFile(Total Files): cumulative 0, interval 0
AddFile(L0 Files): cumulative 0, interval 0
AddFile(Keys): cumulative 0, interval 0
Cumulative compaction: 368.75 GB write, 379.83 MB/s write, 320.68 GB read, 330.31 MB/s read, 7912.0 seconds
Interval compaction: 14.50 GB write, 501.55 MB/s write, 14.05 GB read, 486.13 MB/s read, 273.9 seconds
Estimated pending compaction bytes: 41945060336
Write Stall (count): cf-l0-file-count-limit-delays-with-ongoing-compaction: 52, cf-l0-file-count-limit-stops-with-ongoing-compaction: 0, l0-file-count-limit-delays: 52, l0-file-count-limit-stops: 0, memtable-limit-delays: 0, memtable-limit-stops: 782, pending-compaction-bytes-delays: 0, pending-compaction-bytes-stops: 0, total-delays: 52, total-stops: 782
interval: 23 total count
Block cache AutoHyperClockCache@0x5cc2bb2b62d0#2301963 capacity: 512.00 MB seed: 1 usage: 12.44 MB table_size: 5763 occupancy: 2951 collections: 6 last_copies: 1 last_secs: 0.000454 secs_since: 89
Block cache entry stats(count,size,portion): Misc(2951,12.09 MB,2.36146%)

** File Read Latency Histogram By Level [default] **
** Level 0 read latency histogram (micros):
Count: 27688249 Average: 2.8894  StdDev: 1344.31
Min: 0  Median: 0.8752  Max: 4185179
Percentiles: P50: 0.88 P75: 1.49 P99: 2.95 P99.9: 4.37 P99.99: 5.20
------------------------------------------------------
[       0,       1 ] 15818464  57.131%  57.131% ###########
(       1,       2 ] 10157533  36.685%  93.816% #######
(       2,       3 ]  1503251   5.429%  99.245% #
(       3,       4 ]   170127   0.614%  99.860% 
(       4,       6 ]    60279   0.218% 100.077% 
(       6,      10 ]    30676   0.111% 100.188% 
(      10,      15 ]    10968   0.040% 100.228% 
(      15,      22 ]     6591   0.024% 100.252% 
(      22,      34 ]      470   0.002% 100.253% 
(      34,      51 ]       71   0.000% 100.253% 
(      51,      76 ]      379   0.001% 100.255% 
(      76,     110 ]      654   0.002% 100.257% 
(     110,     170 ]       31   0.000% 100.257% 
(     170,     250 ]       21   0.000% 100.257% 
(     250,     380 ]       69   0.000% 100.258% 
(     380,     580 ]        9   0.000% 100.258% 
(     580,     870 ]       39   0.000% 100.258% 
(     870,    1300 ]       77   0.000% 100.258% 
(    1300,    1900 ]       40   0.000% 100.258% 
(    1900,    2900 ]       11   0.000% 100.258% 
(    2900,    4400 ]        4   0.000% 100.258% 
(    4400,    6600 ]        6   0.000% 100.258% 
(    6600,    9900 ]        3   0.000% 100.258% 
(    9900,   14000 ]        1   0.000% 100.258% 
(   14000,   22000 ]        9   0.000% 100.258% 
(   22000,   33000 ]       20   0.000% 100.258% 
(   33000,   50000 ]       24   0.000% 100.259% 
(   50000,   75000 ]       40   0.000% 100.259% 
(   75000,  110000 ]       62   0.000% 100.259% 
(  110000,  170000 ]       27   0.000% 100.259% 
(  170000,  250000 ]       18   0.000% 100.259% 
(  250000,  380000 ]        4   0.000% 100.259% 
(  380000,  570000 ]        3   0.000% 100.259% 
(  570000,  860000 ]        4   0.000% 100.259% 
( 1200000, 1900000 ]        3   0.000% 100.259% 
( 1900000, 2900000 ]        1   0.000% 100.259% 
( 2900000, 4300000 ]        2   0.000% 100.259% 

** Level 1 read latency histogram (micros):
Count: 36177071 Average: 1.5152  StdDev: 4.16
Min: 0  Median: 0.8488  Max: 6356
Percentiles: P50: 0.85 P75: 1.46 P99: 2.98 P99.9: 3.96 P99.99: 4.33
------------------------------------------------------
[       0,       1 ] 21311663  58.909%  58.909% ############
(       1,       2 ] 12611407  34.860%  93.770% #######
(       2,       3 ]  1932584   5.342%  99.112% #
(       3,       4 ]   298423   0.825%  99.936% 
(       4,       6 ]   118576   0.328% 100.264% 
(       6,      10 ]    58397   0.161% 100.426% 
(      10,      15 ]    15614   0.043% 100.469% 
(      15,      22 ]    10217   0.028% 100.497% 
(      22,      34 ]      998   0.003% 100.500% 
(      34,      51 ]      232   0.001% 100.500% 
(      51,      76 ]      897   0.002% 100.503% 
(      76,     110 ]     1074   0.003% 100.506% 
(     110,     170 ]      321   0.001% 100.507% 
(     170,     250 ]       92   0.000% 100.507% 
(     250,     380 ]       23   0.000% 100.507% 
(     380,     580 ]       21   0.000% 100.507% 
(     580,     870 ]       19   0.000% 100.507% 
(     870,    1300 ]        3   0.000% 100.507% 
(    1900,    2900 ]        3   0.000% 100.507% 
(    2900,    4400 ]       19   0.000% 100.507% 
(    4400,    6600 ]       10   0.000% 100.507% 

** Level 2 read latency histogram (micros):
Count: 17275482 Average: 53.7552  StdDev: 2978.68
Min: 0  Median: 1.1249  Max: 4109393
Percentiles: P50: 1.12 P75: 1.73 P99: 332.67 P99.9: 866.83 P99.99: 1015.21
------------------------------------------------------
[       0,       1 ]  7751978  44.873%  44.873% #########
(       1,       2 ]  7091799  41.051%  85.924% ########
(       2,       3 ]  1588970   9.198%  95.122% ##
(       3,       4 ]   352750   2.042%  97.164% 
(       4,       6 ]   102663   0.594%  97.758% 
(       6,      10 ]    26760   0.155%  97.913% 
(      10,      15 ]    12051   0.070%  97.983% 
(      15,      22 ]     7140   0.041%  98.024% 
(      22,      34 ]     4340   0.025%  98.049% 
(      34,      51 ]     7584   0.044%  98.093% 
(      51,      76 ]    17890   0.104%  98.197% 
(      76,     110 ]    11077   0.064%  98.261% 
(     110,     170 ]    38755   0.224%  98.485% 
(     170,     250 ]    48388   0.280%  98.765% 
(     250,     380 ]    63815   0.369%  99.134% 
(     380,     580 ]    69775   0.404%  99.538% 
(     580,     870 ]    63162   0.366%  99.904% 
(     870,    1300 ]    43996   0.255% 100.159% 
(    1300,    1900 ]    33635   0.195% 100.353% 
(    1900,    2900 ]    23848   0.138% 100.491% 
(    2900,    4400 ]    11855   0.069% 100.560% 
(    4400,    6600 ]     6458   0.037% 100.597% 
(    6600,    9900 ]     2577   0.015% 100.612% 
(    9900,   14000 ]     1004   0.006% 100.618% 
(   14000,   22000 ]     1062   0.006% 100.624% 
(   22000,   33000 ]      926   0.005% 100.630% 
(   33000,   50000 ]     1120   0.006% 100.636% 
(   50000,   75000 ]     1075   0.006% 100.642% 
(   75000,  110000 ]      942   0.005% 100.648% 
(  110000,  170000 ]      814   0.005% 100.653% 
(  170000,  250000 ]      342   0.002% 100.655% 
(  250000,  380000 ]      134   0.001% 100.655% 
(  380000,  570000 ]       24   0.000% 100.655% 
(  570000,  860000 ]       11   0.000% 100.655% 
(  860000, 1200000 ]       14   0.000% 100.656% 
( 1200000, 1900000 ]       11   0.000% 100.656% 
( 1900000, 2900000 ]        1   0.000% 100.656% 
( 2900000, 4300000 ]        3   0.000% 100.656% 


** DB Stats **
Uptime(secs): 994.1 total, 29.6 interval
Cumulative writes: 59M writes, 59M keys, 7683K commit groups, 7.7 writes per commit group, ingest: 57.83 GB, 59.56 MB/s
Cumulative WAL: 59M writes, 0 syncs, 59385125.00 writes per sync, written: 57.83 GB, 59.56 MB/s
Cumulative stall: 00:13:53.825 H:M:S, 83.9 percent
Interval writes: 1178K writes, 1178K keys, 154K commit groups, 7.6 writes per commit group, ingest: 1174.95 MB, 39.70 MB/s
Interval WAL: 1178K writes, 0 syncs, 1178327.00 writes per sync, written: 1.15 GB, 39.70 MB/s
Interval stall: 00:00:23.573 H:M:S, 79.6 percent
Write Stall (count): write-buffer-manager-limit-stops: 0
num-running-compactions: 18
num-running-flushes: 0

2026/08/31-11:49:59  ... thread 8: (76000,3711000) ops and (2186.3,3732.9) ops/second in (34.761913,994.130267) seconds
2026/08/31-11:49:59  ... thread 13: (76000,3710000) ops and (2182.0,3731.4) ops/second in (34.831193,994.274024) seconds
2026/08/31-11:49:59  ... thread 6: (76000,3713000) ops and (2225.4,3734.3) ops/second in (34.150914,994.286222) seconds
2026/08/31-11:49:59  ... thread 4: (76000,3712000) ops and (2185.4,3733.2) ops/second in (34.775466,994.330247) seconds
2026/08/31-11:49:59  ... thread 10: (76000,3711000) ops and (2163.6,3732.1) ops/second in (35.127324,994.356076) seconds
2026/08/31-11:50:32  ... thread 6: (92000,3805000) ops and (2784.9,3703.8) ops/second in (33.035851,1027.322073) seconds
2026/08/31-11:50:32  ... thread 10: (92000,3803000) ops and (2790.7,3701.9) ops/second in (32.966572,1027.322648) seconds
2026/08/31-11:50:32  ... thread 13: (92000,3802000) ops and (2783.7,3700.9) ops/second in (33.049804,1027.323828) seconds
2026/08/31-11:50:32  ... thread 3: (92000,3805000) ops and (2764.5,3703.8) ops/second in (33.278980,1027.326522) seconds
2026/08/31-11:50:32  ... thread 4: (92000,3804000) ops and (2788.0,3702.8) ops/second in (32.998321,1027.328568) seconds
2026/08/31-11:50:32  ... thread 11: (93000,3806000) ops and (2687.8,3704.8) ops/second in (34.601113,1027.328670) seconds
2026/08/31-11:50:32  ... thread 5: (92000,3801000) ops and (2764.0,3699.9) ops/second in (33.284960,1027.332645) seconds
2026/08/31-11:50:32  ... thread 15: (93000,3803000) ops and (2711.0,3701.8) ops/second in (34.304075,1027.335496) seconds
2026/08/31-11:50:32  ... thread 1: (93000,3805000) ops and (2683.3,3703.7) ops/second in (34.658766,1027.337915) seconds
2026/08/31-11:50:32  ... thread 9: (93000,3802000) ops and (2686.4,3700.8) ops/second in (34.618542,1027.341075) seconds
2026/08/31-11:50:32  ... thread 14: (93000,3805000) ops and (2682.0,3703.7) ops/second in (34.675776,1027.344529) seconds
2026/08/31-11:50:32  ... thread 2: (93000,3806000) ops and (2706.9,3704.7) ops/second in (34.356995,1027.352158) seconds
2026/08/31-11:50:32  ... thread 7: (93000,3805000) ops and (2765.7,3703.7) ops/second in (33.625674,1027.352576) seconds
2026/08/31-11:50:32  ... thread 12: (93000,3803000) ops and (2763.6,3701.7) ops/second in (33.651260,1027.353523) seconds
2026/08/31-11:50:32  ... thread 8: (93000,3804000) ops and (2799.1,3702.7) ops/second in (33.225056,1027.355323) seconds
2026/08/31-11:50:32  ... thread 0: (93000,3804000) ops and (2798.4,3702.7) ops/second in (33.233574,1027.355890) seconds

** Compaction Stats [default] **
Level    Files   Size     Score Read(GB)  Rn(GB) Rnp1(GB) Write(GB) WPreComp(GB) Wnew(GB) Moved(GB) W-Amp Rd(MB/s) Wr(MB/s) Comp(sec) CompMergeCPU(sec) Comp(cnt) Avg(sec) KeyIn KeyDrop Rblob(GB) Wblob(GB)
-------------------------------------------------------------------------------------------------------------------------------------------------------------------------------------------------------------
  L0     10/0      2.91 GB   2.5     54.1     0.0     54.1     113.8     113.8     59.7       0.0   1.9     25.6     53.9   2163.54            243.14      1193    1.814    115M    56K       0.0       0.0
  L1    113/10     6.57 GB   1.5    156.0    56.8     99.2     153.1     153.1     53.9       0.0   2.7    355.6    348.9    449.33            475.21        32   14.042    158M  2956K       0.0       0.0
  L2    720/28    39.37 GB   0.9    120.3    39.1     81.2     112.3     112.3     31.2       8.2   2.9     21.0     19.6   5880.31            470.09       617    9.530    122M  8102K       0.0       0.0
 Sum    843/38    48.86 GB   0.0    330.4    95.9    234.5     379.3     379.3    144.8       8.2   6.3     39.8     45.7   8493.19           1188.45      1842    4.611    397M    11M       0.0       0.0
 Int      0/0      0.00 KB   0.0      1.0     0.1      0.8       1.1       1.1      0.2       0.0   8.6     18.3     19.8     54.66              4.61         6    9.111   1120K    47K       0.0       0.0

** Compaction Stats [default] **
Priority    Files   Size     Score Read(GB)  Rn(GB) Rnp1(GB) Write(GB) WPreComp(GB) Wnew(GB) Moved(GB) W-Amp Rd(MB/s) Wr(MB/s) Comp(sec) CompMergeCPU(sec) Comp(cnt) Avg(sec) KeyIn KeyDrop Rblob(GB) Wblob(GB)
----------------------------------------------------------------------------------------------------------------------------------------------------------------------------------------------------------------
 Low      0/0      0.00 KB   0.0    330.4    95.9    234.5     319.5     319.5     85.0       0.0   0.0     48.0     46.4   7049.99           1084.72       859    8.207    336M    11M       0.0       0.0
High      0/0      0.00 KB   0.0      0.0     0.0      0.0      59.8      59.8     59.8       0.0   0.0      0.0     42.4   1443.20            103.73       983    1.468     60M      0       0.0       0.0

Blob file count: 0, total size: 0.0 GB, garbage size: 0.0 GB, space amp: 0.0

Uptime(secs): 1027.4 total, 2.8 interval
Flush(GB): cumulative 59.804, interval 0.122
AddFile(GB): cumulative 0.000, interval 0.000
AddFile(Total Files): cumulative 0, interval 0
AddFile(L0 Files): cumulative 0, interval 0
AddFile(Keys): cumulative 0, interval 0
Cumulative compaction: 379.28 GB write, 378.04 MB/s write, 330.43 GB read, 329.34 MB/s read, 8493.2 seconds
Interval compaction: 1.06 GB write, 383.12 MB/s write, 0.98 GB read, 355.65 MB/s read, 54.7 seconds
Estimated pending compaction bytes: 40517770723
Write Stall (count): cf-l0-file-count-limit-delays-with-ongoing-compaction: 55, cf-l0-file-count-limit-stops-with-ongoing-compaction: 0, l0-file-count-limit-delays: 55, l0-file-count-limit-stops: 0, memtable-limit-delays: 0, memtable-limit-stops: 811, pending-compaction-bytes-delays: 0, pending-compaction-bytes-stops: 0, total-delays: 55, total-stops: 811
interval: 2 total count
Block cache AutoHyperClockCache@0x5cc2bb2b62d0#2301963 capacity: 512.00 MB seed: 1 usage: 12.44 MB table_size: 5763 occupancy: 2951 collections: 6 last_copies: 2 last_secs: 0.000454 secs_since: 122
Block cache entry stats(count,size,portion): Misc(2951,12.09 MB,2.36146%)

** File Read Latency Histogram By Level [default] **
** Level 0 read latency histogram (micros):
Count: 28038325 Average: 2.8970  StdDev: 1337.02
Min: 0  Median: 0.8733  Max: 4185179
Percentiles: P50: 0.87 P75: 1.49 P99: 2.95 P99.9: 4.40 P99.99: 5.22
------------------------------------------------------
[       0,       1 ] 16052287  57.251%  57.251% ###########
(       1,       2 ] 10257781  36.585%  93.836% #######
(       2,       3 ]  1516402   5.408%  99.244% #
(       3,       4 ]   171731   0.612%  99.857% 
(       4,       6 ]    60967   0.217% 100.074% 
(       6,      10 ]    31010   0.111% 100.185% 
(      10,      15 ]    11065   0.039% 100.224% 
(      15,      22 ]     6649   0.024% 100.248% 
(      22,      34 ]      474   0.002% 100.250% 
(      34,      51 ]       71   0.000% 100.250% 
(      51,      76 ]      392   0.001% 100.251% 
(      76,     110 ]      667   0.002% 100.254% 
(     110,     170 ]       31   0.000% 100.254% 
(     170,     250 ]       21   0.000% 100.254% 
(     250,     380 ]       73   0.000% 100.254% 
(     380,     580 ]       11   0.000% 100.254% 
(     580,     870 ]       40   0.000% 100.254% 
(     870,    1300 ]       77   0.000% 100.255% 
(    1300,    1900 ]       41   0.000% 100.255% 
(    1900,    2900 ]       14   0.000% 100.255% 
(    2900,    4400 ]        6   0.000% 100.255% 
(    4400,    6600 ]        8   0.000% 100.255% 
(    6600,    9900 ]        3   0.000% 100.255% 
(    9900,   14000 ]        2   0.000% 100.255% 
(   14000,   22000 ]        9   0.000% 100.255% 
(   22000,   33000 ]       20   0.000% 100.255% 
(   33000,   50000 ]       25   0.000% 100.255% 
(   50000,   75000 ]       42   0.000% 100.255% 
(   75000,  110000 ]       64   0.000% 100.256% 
(  110000,  170000 ]       28   0.000% 100.256% 
(  170000,  250000 ]       19   0.000% 100.256% 
(  250000,  380000 ]        4   0.000% 100.256% 
(  380000,  570000 ]        3   0.000% 100.256% 
(  570000,  860000 ]        4   0.000% 100.256% 
( 1200000, 1900000 ]        3   0.000% 100.256% 
( 1900000, 2900000 ]        1   0.000% 100.256% 
( 2900000, 4300000 ]        2   0.000% 100.256% 

** Level 1 read latency histogram (micros):
Count: 36658505 Average: 1.5298  StdDev: 4.14
Min: 0  Median: 0.8580  Max: 6356
Percentiles: P50: 0.86 P75: 1.48 P99: 3.06 P99.9: 4.16 P99.99: 4.64
------------------------------------------------------
[       0,       1 ] 21363995  58.278%  58.278% ############
(       1,       2 ] 12817271  34.964%  93.242% #######
(       2,       3 ]  2090950   5.704%  98.946% #
(       3,       4 ]   338351   0.923%  99.869% 
(       4,       6 ]   137326   0.375% 100.244% 
(       6,      10 ]    63213   0.172% 100.416% 
(      10,      15 ]    16738   0.046% 100.462% 
(      15,      22 ]    11174   0.030% 100.492% 
(      22,      34 ]     1135   0.003% 100.496% 
(      34,      51 ]      244   0.001% 100.496% 
(      51,      76 ]      898   0.002% 100.499% 
(      76,     110 ]     1079   0.003% 100.502% 
(     110,     170 ]      322   0.001% 100.502% 
(     170,     250 ]       92   0.000% 100.503% 
(     250,     380 ]       23   0.000% 100.503% 
(     380,     580 ]       21   0.000% 100.503% 
(     580,     870 ]       19   0.000% 100.503% 
(     870,    1300 ]        3   0.000% 100.503% 
(    1900,    2900 ]        3   0.000% 100.503% 
(    2900,    4400 ]       19   0.000% 100.503% 
(    4400,    6600 ]       10   0.000% 100.503% 

** Level 2 read latency histogram (micros):
Count: 18575580 Average: 62.0187  StdDev: 3088.35
Min: 0  Median: 1.1703  Max: 4109393
Percentiles: P50: 1.17 P75: 1.77 P99: 444.14 P99.9: 1074.75 P99.99: 1202.67
------------------------------------------------------
[       0,       1 ]  7976329  42.940%  42.940% #########
(       1,       2 ]  7699156  41.448%  84.388% ########
(       2,       3 ]  1848761   9.953%  94.340% ##
(       3,       4 ]   428656   2.308%  96.648% 
(       4,       6 ]   125468   0.675%  97.323% 
(       6,      10 ]    29956   0.161%  97.485% 
(      10,      15 ]    14240   0.077%  97.561% 
(      15,      22 ]     8547   0.046%  97.607% 
(      22,      34 ]     4611   0.025%  97.632% 
(      34,      51 ]     8245   0.044%  97.676% 
(      51,      76 ]    20780   0.112%  97.788% 
(      76,     110 ]    13188   0.071%  97.859% 
(     110,     170 ]    46212   0.249%  98.108% 
(     170,     250 ]    58467   0.315%  98.423% 
(     250,     380 ]    78869   0.425%  98.847% 
(     380,     580 ]    88362   0.476%  99.323% 
(     580,     870 ]    80399   0.433%  99.756% 
(     870,    1300 ]    56197   0.303% 100.058% 
(    1300,    1900 ]    43587   0.235% 100.293% 
(    1900,    2900 ]    31188   0.168% 100.461% 
(    2900,    4400 ]    15278   0.082% 100.543% 
(    4400,    6600 ]     8348   0.045% 100.588% 
(    6600,    9900 ]     3137   0.017% 100.605% 
(    9900,   14000 ]     1173   0.006% 100.611% 
(   14000,   22000 ]     1290   0.007% 100.618% 
(   22000,   33000 ]     1127   0.006% 100.624% 
(   33000,   50000 ]     1332   0.007% 100.632% 
(   50000,   75000 ]     1283   0.007% 100.639% 
(   75000,  110000 ]     1152   0.006% 100.645% 
(  110000,  170000 ]      998   0.005% 100.650% 
(  170000,  250000 ]      438   0.002% 100.652% 
(  250000,  380000 ]      160   0.001% 100.653% 
(  380000,  570000 ]       39   0.000% 100.654% 
(  570000,  860000 ]       24   0.000% 100.654% 
(  860000, 1200000 ]       15   0.000% 100.654% 
( 1200000, 1900000 ]       11   0.000% 100.654% 
( 1900000, 2900000 ]        1   0.000% 100.654% 
( 2900000, 4300000 ]        3   0.000% 100.654% 


** DB Stats **
Uptime(secs): 1027.4 total, 2.8 interval
Cumulative writes: 60M writes, 60M keys, 7876K commit groups, 7.7 writes per commit group, ingest: 59.27 GB, 59.08 MB/s
Cumulative WAL: 60M writes, 0 syncs, 60871790.00 writes per sync, written: 59.27 GB, 59.08 MB/s
Cumulative stall: 00:14:23.516 H:M:S, 84.1 percent
Interval writes: 15K writes, 15K keys, 2022 commit groups, 7.8 writes per commit group, ingest: 15.63 MB, 5.54 MB/s
Interval WAL: 15K writes, 0 syncs, 15664.00 writes per sync, written: 0.02 GB, 5.54 MB/s
Interval stall: 00:00:5.937 H:M:S, 210.5 percent
Write Stall (count): write-buffer-manager-limit-stops: 0
num-running-compactions: 11
num-running-flushes: 1

2026/08/31-11:51:02  ... thread 1: (97000,3902000) ops and (3231.0,3690.3) ops/second in (30.021713,1057.359628) seconds
2026/08/31-11:51:02  ... thread 13: (97000,3899000) ops and (3229.3,3687.5) ops/second in (30.037116,1057.360944) seconds
2026/08/31-11:51:02  ... thread 11: (97000,3903000) ops and (3229.0,3691.2) ops/second in (30.040694,1057.369364) seconds
2026/08/31-11:51:03  ... thread 10: (97000,3900000) ops and (3195.4,3687.3) ops/second in (30.356574,1057.679222) seconds
2026/08/31-11:51:03  ... thread 4: (97000,3901000) ops and (3195.9,3688.3) ops/second in (30.351197,1057.679765) seconds
2026/08/31-11:51:03  ... thread 15: (97000,3900000) ops and (3196.6,3687.3) ops/second in (30.345050,1057.680546) seconds
2026/08/31-11:51:03  ... thread 3: (97000,3902000) ops and (3166.6,3688.2) ops/second in (30.632483,1057.959005) seconds
2026/08/31-11:51:03  ... thread 5: (97000,3898000) ops and (3147.0,3683.8) ops/second in (30.822596,1058.155241) seconds
2026/08/31-11:51:03  ... thread 14: (97000,3902000) ops and (3130.5,3686.9) ops/second in (30.985667,1058.330196) seconds
2026/08/31-11:51:03  ... thread 12: (97000,3900000) ops and (3129.9,3685.0) ops/second in (30.991809,1058.345332) seconds
2026/08/31-11:51:03  ... thread 9: (97000,3899000) ops and (3120.0,3683.8) ops/second in (31.089701,1058.430776) seconds
2026/08/31-11:51:04  ... thread 2: (97000,3903000) ops and (3077.9,3686.0) ops/second in (31.515455,1058.867613) seconds
2026/08/31-11:51:04  ... thread 8: (97000,3901000) ops and (3072.5,3683.9) ops/second in (31.569945,1058.925268) seconds
2026/08/31-11:51:04  ... thread 0: (97000,3901000) ops and (3062.2,3683.6) ops/second in (31.676397,1059.032287) seconds
2026/08/31-11:51:04  ... thread 6: (98000,3903000) ops and (3088.1,3685.4) ops/second in (31.734595,1059.056668) seconds

** Compaction Stats [default] **
Level    Files   Size     Score Read(GB)  Rn(GB) Rnp1(GB) Write(GB) WPreComp(GB) Wnew(GB) Moved(GB) W-Amp Rd(MB/s) Wr(MB/s) Comp(sec) CompMergeCPU(sec) Comp(cnt) Avg(sec) KeyIn KeyDrop Rblob(GB) Wblob(GB)
-------------------------------------------------------------------------------------------------------------------------------------------------------------------------------------------------------------
  L0     20/16     4.44 GB   1.0     55.3     0.0     55.3     116.6     116.6     61.3       0.0   1.9     25.6     54.0   2208.57            249.18      1223    1.806    118M    57K       0.0       0.0
  L1    103/103    5.99 GB   0.0    156.0    56.8     99.2     153.1     153.1     53.9       0.0   2.7    355.6    348.9    449.33            475.21        32   14.042    158M  2956K       0.0       0.0
  L2    727/0     39.75 GB   1.0    122.5    39.7     82.8     114.3     114.3     31.5       8.2   2.9     20.9     19.5   6007.20            482.65       627    9.581    124M  8306K       0.0       0.0
 Sum    850/119   50.18 GB   0.0    333.8    96.5    237.3     384.0     384.0    146.7       8.2   6.3     39.4     45.4   8665.11           1207.05      1882    4.604    402M    11M       0.0       0.0
 Int      0/0      0.00 KB   0.0      4.4     0.7      3.7       5.8       5.8      2.1       0.0   3.5     19.7     26.1    226.59             23.22        46    4.926   6121K   252K       0.0       0.0

** Compaction Stats [default] **
Priority    Files   Size     Score Read(GB)  Rn(GB) Rnp1(GB) Write(GB) WPreComp(GB) Wnew(GB) Moved(GB) W-Amp Rd(MB/s) Wr(MB/s) Comp(sec) CompMergeCPU(sec) Comp(cnt) Avg(sec) KeyIn KeyDrop Rblob(GB) Wblob(GB)
----------------------------------------------------------------------------------------------------------------------------------------------------------------------------------------------------------------
 Low      0/0      0.00 KB   0.0    333.8    96.5    237.3     322.7     322.7     85.4       0.0   0.0     47.5     45.9   7191.52           1100.66       874    8.228    339M    11M       0.0       0.0
High      0/0      0.00 KB   0.0      0.0     0.0      0.0      61.3      61.3     61.3       0.0   0.0      0.0     42.6   1473.59            106.39      1008    1.462     62M      0       0.0       0.0

Blob file count: 0, total size: 0.0 GB, garbage size: 0.0 GB, space amp: 0.0

Uptime(secs): 1059.1 total, 34.6 interval
Flush(GB): cumulative 61.329, interval 1.647
AddFile(GB): cumulative 0.000, interval 0.000
AddFile(Total Files): cumulative 0, interval 0
AddFile(L0 Files): cumulative 0, interval 0
AddFile(Keys): cumulative 0, interval 0
Cumulative compaction: 383.99 GB write, 371.26 MB/s write, 333.81 GB read, 322.75 MB/s read, 8665.1 seconds
Interval compaction: 5.77 GB write, 170.84 MB/s write, 4.37 GB read, 129.41 MB/s read, 226.6 seconds
Estimated pending compaction bytes: 44416808880
Write Stall (count): cf-l0-file-count-limit-delays-with-ongoing-compaction: 58, cf-l0-file-count-limit-stops-with-ongoing-compaction: 0, l0-file-count-limit-delays: 58, l0-file-count-limit-stops: 0, memtable-limit-delays: 0, memtable-limit-stops: 829, pending-compaction-bytes-delays: 0, pending-compaction-bytes-stops: 0, total-delays: 58, total-stops: 829
interval: 23 total count
Block cache AutoHyperClockCache@0x5cc2bb2b62d0#2301963 capacity: 512.00 MB seed: 1 usage: 12.44 MB table_size: 5763 occupancy: 2951 collections: 6 last_copies: 2 last_secs: 0.000454 secs_since: 154
Block cache entry stats(count,size,portion): Misc(2951,12.09 MB,2.36146%)

** File Read Latency Histogram By Level [default] **
** Level 0 read latency histogram (micros):
Count: 29245229 Average: 2.9464  StdDev: 1372.11
Min: 0  Median: 0.8791  Max: 4185179
Percentiles: P50: 0.88 P75: 1.49 P99: 2.96 P99.9: 4.39 P99.99: 5.20
------------------------------------------------------
[       0,       1 ] 16634053  56.878%  56.878% ###########
(       1,       2 ] 10775491  36.845%  93.723% #######
(       2,       3 ]  1608700   5.501%  99.224% #
(       3,       4 ]   184843   0.632%  99.856% 
(       4,       6 ]    65449   0.224% 100.080% 
(       6,      10 ]    32781   0.112% 100.192% 
(      10,      15 ]    11789   0.040% 100.232% 
(      15,      22 ]     7048   0.024% 100.256% 
(      22,      34 ]      502   0.002% 100.258% 
(      34,      51 ]       79   0.000% 100.258% 
(      51,      76 ]      405   0.001% 100.260% 
(      76,     110 ]      685   0.002% 100.262% 
(     110,     170 ]       32   0.000% 100.262% 
(     170,     250 ]       21   0.000% 100.262% 
(     250,     380 ]       78   0.000% 100.262% 
(     380,     580 ]       11   0.000% 100.262% 
(     580,     870 ]       40   0.000% 100.263% 
(     870,    1300 ]       77   0.000% 100.263% 
(    1300,    1900 ]       41   0.000% 100.263% 
(    1900,    2900 ]       14   0.000% 100.263% 
(    2900,    4400 ]        6   0.000% 100.263% 
(    4400,    6600 ]        8   0.000% 100.263% 
(    6600,    9900 ]        4   0.000% 100.263% 
(    9900,   14000 ]        2   0.000% 100.263% 
(   14000,   22000 ]        9   0.000% 100.263% 
(   22000,   33000 ]       20   0.000% 100.263% 
(   33000,   50000 ]       25   0.000% 100.263% 
(   50000,   75000 ]       43   0.000% 100.263% 
(   75000,  110000 ]       66   0.000% 100.264% 
(  110000,  170000 ]       29   0.000% 100.264% 
(  170000,  250000 ]       19   0.000% 100.264% 
(  250000,  380000 ]        4   0.000% 100.264% 
(  380000,  570000 ]        4   0.000% 100.264% 
(  570000,  860000 ]        4   0.000% 100.264% 
( 1200000, 1900000 ]        3   0.000% 100.264% 
( 1900000, 2900000 ]        2   0.000% 100.264% 
( 2900000, 4300000 ]        2   0.000% 100.264% 

** Level 1 read latency histogram (micros):
Count: 38024677 Average: 1.5262  StdDev: 4.07
Min: 0  Median: 0.8545  Max: 6356
Percentiles: P50: 0.85 P75: 1.47 P99: 3.04 P99.9: 4.15 P99.99: 4.63
------------------------------------------------------
[       0,       1 ] 22250731  58.517%  58.517% ############
(       1,       2 ] 13227304  34.786%  93.303% #######
(       2,       3 ]  2151551   5.658%  98.961% #
(       3,       4 ]   346755   0.912%  99.873% 
(       4,       6 ]   140379   0.369% 100.242% 
(       6,      10 ]    64843   0.171% 100.413% 
(      10,      15 ]    17420   0.046% 100.458% 
(      15,      22 ]    11617   0.031% 100.489% 
(      22,      34 ]     1172   0.003% 100.492% 
(      34,      51 ]      246   0.001% 100.493% 
(      51,      76 ]      898   0.002% 100.495% 
(      76,     110 ]     1082   0.003% 100.498% 
(     110,     170 ]      322   0.001% 100.499% 
(     170,     250 ]       92   0.000% 100.499% 
(     250,     380 ]       23   0.000% 100.499% 
(     380,     580 ]       21   0.000% 100.499% 
(     580,     870 ]       19   0.000% 100.499% 
(     870,    1300 ]        3   0.000% 100.499% 
(    1900,    2900 ]        3   0.000% 100.499% 
(    2900,    4400 ]       19   0.000% 100.499% 
(    4400,    6600 ]       10   0.000% 100.499% 

** Level 2 read latency histogram (micros):
Count: 18657589 Average: 61.9883  StdDev: 3081.83
Min: 0  Median: 1.1718  Max: 4109393
Percentiles: P50: 1.17 P75: 1.77 P99: 447.08 P99.9: 1078.98 P99.99: 1206.50
------------------------------------------------------
[       0,       1 ]  8000419  42.880%  42.880% #########
(       1,       2 ]  7734213  41.453%  84.334% ########
(       2,       3 ]  1859440   9.966%  94.300% ##
(       3,       4 ]   432843   2.320%  96.620% 
(       4,       6 ]   126318   0.677%  97.297% 
(       6,      10 ]    30112   0.161%  97.458% 
(      10,      15 ]    14355   0.077%  97.535% 
(      15,      22 ]     8599   0.046%  97.581% 
(      22,      34 ]     4677   0.025%  97.606% 
(      34,      51 ]     8486   0.045%  97.652% 
(      51,      76 ]    21257   0.114%  97.766% 
(      76,     110 ]    13480   0.072%  97.838% 
(     110,     170 ]    47174   0.253%  98.091% 
(     170,     250 ]    59635   0.320%  98.410% 
(     250,     380 ]    80039   0.429%  98.839% 
(     380,     580 ]    89346   0.479%  99.318% 
(     580,     870 ]    81021   0.434%  99.753% 
(     870,    1300 ]    56621   0.303% 100.056% 
(    1300,    1900 ]    43921   0.235% 100.291% 
(    1900,    2900 ]    31448   0.169% 100.460% 
(    2900,    4400 ]    15378   0.082% 100.542% 
(    4400,    6600 ]     8381   0.045% 100.587% 
(    6600,    9900 ]     3147   0.017% 100.604% 
(    9900,   14000 ]     1177   0.006% 100.610% 
(   14000,   22000 ]     1297   0.007% 100.617% 
(   22000,   33000 ]     1127   0.006% 100.623% 
(   33000,   50000 ]     1333   0.007% 100.631% 
(   50000,   75000 ]     1285   0.007% 100.637% 
(   75000,  110000 ]     1154   0.006% 100.644% 
(  110000,  170000 ]      998   0.005% 100.649% 
(  170000,  250000 ]      438   0.002% 100.651% 
(  250000,  380000 ]      160   0.001% 100.652% 
(  380000,  570000 ]       39   0.000% 100.652% 
(  570000,  860000 ]       24   0.000% 100.653% 
(  860000, 1200000 ]       15   0.000% 100.653% 
( 1200000, 1900000 ]       11   0.000% 100.653% 
( 1900000, 2900000 ]        1   0.000% 100.653% 
( 2900000, 4300000 ]        3   0.000% 100.653% 


** DB Stats **
Uptime(secs): 1059.1 total, 31.8 interval
Cumulative writes: 62M writes, 62M keys, 8079K commit groups, 7.7 writes per commit group, ingest: 60.78 GB, 58.77 MB/s
Cumulative WAL: 62M writes, 0 syncs, 62423244.00 writes per sync, written: 60.78 GB, 58.77 MB/s
Cumulative stall: 00:14:48.911 H:M:S, 83.9 percent
Interval writes: 1551K writes, 1551K keys, 202K commit groups, 7.6 writes per commit group, ingest: 1547.00 MB, 48.72 MB/s
Interval WAL: 1551K writes, 0 syncs, 1551454.00 writes per sync, written: 1.51 GB, 48.72 MB/s
Interval stall: 00:00:25.396 H:M:S, 80.0 percent
Write Stall (count): write-buffer-manager-limit-stops: 0
num-running-compactions: 1
num-running-flushes: 0

2026/08/31-11:51:04  ... thread 7: (97000,3902000) ops and (3040.3,3683.7) ops/second in (31.904519,1059.257095) seconds
2026/08/31-11:51:36  ... thread 4: (89000,3990000) ops and (2645.2,3656.1) ops/second in (33.645534,1091.325299) seconds
2026/08/31-11:51:36  ... thread 6: (88000,3991000) ops and (2727.1,3657.0) ops/second in (32.269112,1091.325780) seconds
2026/08/31-11:51:36  ... thread 8: (88000,3989000) ops and (2715.9,3655.2) ops/second in (32.401598,1091.326866) seconds
2026/08/31-11:51:36  ... thread 7: (88000,3990000) ops and (2744.0,3656.1) ops/second in (32.070402,1091.327497) seconds
2026/08/31-11:51:36  ... thread 2: (88000,3991000) ops and (2710.9,3657.0) ops/second in (32.461948,1091.329561) seconds
2026/08/31-11:51:36  ... thread 10: (89000,3989000) ops and (2644.3,3655.2) ops/second in (33.656829,1091.336051) seconds
2026/08/31-11:51:36  ... thread 3: (89000,3991000) ops and (2662.0,3656.8) ops/second in (33.432967,1091.391972) seconds
2026/08/31-11:51:36  ... thread 5: (89000,3987000) ops and (2677.6,3653.1) ops/second in (33.238900,1091.394141) seconds
2026/08/31-11:51:36  ... thread 9: (89000,3988000) ops and (2698.9,3654.0) ops/second in (32.976216,1091.406992) seconds
2026/08/31-11:51:36  ... thread 14: (89000,3991000) ops and (2690.7,3656.7) ops/second in (33.077221,1091.407417) seconds
2026/08/31-11:51:36  ... thread 0: (89000,3990000) ops and (2748.8,3655.8) ops/second in (32.377595,1091.409882) seconds
2026/08/31-11:51:36  ... thread 13: (90000,3989000) ops and (2643.2,3654.9) ops/second in (34.049260,1091.410204) seconds

** Compaction Stats [default] **
Level    Files   Size     Score Read(GB)  Rn(GB) Rnp1(GB) Write(GB) WPreComp(GB) Wnew(GB) Moved(GB) W-Amp Rd(MB/s) Wr(MB/s) Comp(sec) CompMergeCPU(sec) Comp(cnt) Avg(sec) KeyIn KeyDrop Rblob(GB) Wblob(GB)
-------------------------------------------------------------------------------------------------------------------------------------------------------------------------------------------------------------
  L0     12/6      1.76 GB   1.5     56.3     0.0     56.3     118.9     118.9     62.7       0.0   1.9     25.4     53.6   2271.42            254.01      1248    1.820    121M    59K       0.0       0.0
  L1    138/17     8.13 GB   1.8    166.0    60.8    105.2     162.8     162.8     57.6       0.0   2.7    356.3    349.3    477.24            505.94        33   14.462    168M  3265K       0.0       0.0
  L2    744/44    40.78 GB   1.0    127.9    41.3     86.6     119.2     119.2     32.6       8.2   2.9     20.6     19.2   6371.28            512.81       656    9.712    130M  8881K       0.0       0.0
 Sum    894/67    50.66 GB   0.0    350.2   102.2    248.1     400.9     400.9    152.9       8.2   6.4     39.3     45.0   9119.94           1272.76      1937    4.708    420M    12M       0.0       0.0
 Int      0/0      0.00 KB   0.0      1.2     0.3      0.9       1.4       1.4      0.5       0.0   5.6     13.0     14.2     98.47              8.30        11    8.952   1517K   126K       0.0       0.0

** Compaction Stats [default] **
Priority    Files   Size     Score Read(GB)  Rn(GB) Rnp1(GB) Write(GB) WPreComp(GB) Wnew(GB) Moved(GB) W-Amp Rd(MB/s) Wr(MB/s) Comp(sec) CompMergeCPU(sec) Comp(cnt) Avg(sec) KeyIn KeyDrop Rblob(GB) Wblob(GB)
----------------------------------------------------------------------------------------------------------------------------------------------------------------------------------------------------------------
 Low      0/0      0.00 KB   0.0    350.2   102.2    248.1     338.2     338.2     90.1       0.0   0.0     47.2     45.6   7596.64           1163.82       906    8.385    356M    12M       0.0       0.0
High      0/0      0.00 KB   0.0      0.0     0.0      0.0      62.7      62.7     62.7       0.0   0.0      0.0     42.2   1523.30            108.94      1031    1.477     63M      0       0.0       0.0

Blob file count: 0, total size: 0.0 GB, garbage size: 0.0 GB, space amp: 0.0

Uptime(secs): 1091.4 total, 6.9 interval
Flush(GB): cumulative 62.728, interval 0.243
AddFile(GB): cumulative 0.000, interval 0.000
AddFile(Total Files): cumulative 0, interval 0
AddFile(L0 Files): cumulative 0, interval 0
AddFile(Keys): cumulative 0, interval 0
Cumulative compaction: 400.93 GB write, 376.17 MB/s write, 350.22 GB read, 328.59 MB/s read, 9119.9 seconds
Interval compaction: 1.37 GB write, 203.83 MB/s write, 1.25 GB read, 186.08 MB/s read, 98.5 seconds
Estimated pending compaction bytes: 43011026538
Write Stall (count): cf-l0-file-count-limit-delays-with-ongoing-compaction: 58, cf-l0-file-count-limit-stops-with-ongoing-compaction: 0, l0-file-count-limit-delays: 58, l0-file-count-limit-stops: 0, memtable-limit-delays: 0, memtable-limit-stops: 856, pending-compaction-bytes-delays: 0, pending-compaction-bytes-stops: 0, total-delays: 58, total-stops: 856
interval: 4 total count
Block cache AutoHyperClockCache@0x5cc2bb2b62d0#2301963 capacity: 512.00 MB seed: 1 usage: 13.34 MB table_size: 6080 occupancy: 3166 collections: 7 last_copies: 0 last_secs: 0.000266 secs_since: 6
Block cache entry stats(count,size,portion): Misc(3163,12.96 MB,2.53115%)

** File Read Latency Histogram By Level [default] **
** Level 0 read latency histogram (micros):
Count: 29695014 Average: 2.9504  StdDev: 1363.15
Min: 0  Median: 0.8766  Max: 4185179
Percentiles: P50: 0.88 P75: 1.49 P99: 2.96 P99.9: 4.42 P99.99: 5.22
------------------------------------------------------
[       0,       1 ] 16937416  57.038%  57.038% ###########
(       1,       2 ] 10901191  36.711%  93.748% #######
(       2,       3 ]  1625033   5.472%  99.221% #
(       3,       4 ]   187692   0.632%  99.853% 
(       4,       6 ]    66546   0.224% 100.077% 
(       6,      10 ]    33242   0.112% 100.189% 
(      10,      15 ]    12038   0.041% 100.229% 
(      15,      22 ]     7179   0.024% 100.254% 
(      22,      34 ]      509   0.002% 100.255% 
(      34,      51 ]       81   0.000% 100.256% 
(      51,      76 ]      415   0.001% 100.257% 
(      76,     110 ]      697   0.002% 100.259% 
(     110,     170 ]       32   0.000% 100.259% 
(     170,     250 ]       22   0.000% 100.260% 
(     250,     380 ]       78   0.000% 100.260% 
(     380,     580 ]       12   0.000% 100.260% 
(     580,     870 ]       41   0.000% 100.260% 
(     870,    1300 ]       78   0.000% 100.260% 
(    1300,    1900 ]       42   0.000% 100.260% 
(    1900,    2900 ]       14   0.000% 100.260% 
(    2900,    4400 ]        7   0.000% 100.260% 
(    4400,    6600 ]        8   0.000% 100.261% 
(    6600,    9900 ]        4   0.000% 100.261% 
(    9900,   14000 ]        2   0.000% 100.261% 
(   14000,   22000 ]        9   0.000% 100.261% 
(   22000,   33000 ]       22   0.000% 100.261% 
(   33000,   50000 ]       25   0.000% 100.261% 
(   50000,   75000 ]       43   0.000% 100.261% 
(   75000,  110000 ]       67   0.000% 100.261% 
(  110000,  170000 ]       32   0.000% 100.261% 
(  170000,  250000 ]       20   0.000% 100.261% 
(  250000,  380000 ]        4   0.000% 100.261% 
(  380000,  570000 ]        4   0.000% 100.261% 
(  570000,  860000 ]        4   0.000% 100.261% 
( 1200000, 1900000 ]        3   0.000% 100.261% 
( 1900000, 2900000 ]        2   0.000% 100.261% 
( 2900000, 4300000 ]        2   0.000% 100.261% 

** Level 1 read latency histogram (micros):
Count: 38700983 Average: 1.5392  StdDev: 4.04
Min: 0  Median: 0.8628  Max: 6356
Percentiles: P50: 0.86 P75: 1.49 P99: 3.17 P99.9: 4.39 P99.99: 4.83
------------------------------------------------------
[       0,       1 ] 22427950  57.952%  57.952% ############
(       1,       2 ] 13499883  34.883%  92.834% #######
(       2,       3 ]  2320861   5.997%  98.831% #
(       3,       4 ]   383427   0.991%  99.822% 
(       4,       6 ]   156003   0.403% 100.225% 
(       6,      10 ]    69490   0.180% 100.405% 
(      10,      15 ]    18613   0.048% 100.453% 
(      15,      22 ]    12518   0.032% 100.485% 
(      22,      34 ]     1267   0.003% 100.488% 
(      34,      51 ]      257   0.001% 100.489% 
(      51,      76 ]      958   0.002% 100.492% 
(      76,     110 ]     1172   0.003% 100.495% 
(     110,     170 ]      336   0.001% 100.495% 
(     170,     250 ]       93   0.000% 100.496% 
(     250,     380 ]       23   0.000% 100.496% 
(     380,     580 ]       21   0.000% 100.496% 
(     580,     870 ]       19   0.000% 100.496% 
(     870,    1300 ]        3   0.000% 100.496% 
(    1900,    2900 ]        3   0.000% 100.496% 
(    2900,    4400 ]       19   0.000% 100.496% 
(    4400,    6600 ]       10   0.000% 100.496% 

** Level 2 read latency histogram (micros):
Count: 19882008 Average: 69.3685  StdDev: 3434.39
Min: 0  Median: 1.2022  Max: 4109393
Percentiles: P50: 1.20 P75: 1.80 P99: 511.23 P99.9: 1174.04 P99.99: 1289.02
------------------------------------------------------
[       0,       1 ]  8259588  41.543%  41.543% ########
(       1,       2 ]  8314789  41.821%  83.364% ########
(       2,       3 ]  2075647  10.440%  93.804% ##
(       3,       4 ]   489726   2.463%  96.267% 
(       4,       6 ]   141988   0.714%  96.981% 
(       6,      10 ]    32810   0.165%  97.146% 
(      10,      15 ]    16161   0.081%  97.227% 
(      15,      22 ]     9732   0.049%  97.276% 
(      22,      34 ]     4867   0.024%  97.301% 
(      34,      51 ]     9402   0.047%  97.348% 
(      51,      76 ]    24094   0.121%  97.469% 
(      76,     110 ]    15427   0.078%  97.547% 
(     110,     170 ]    55441   0.279%  97.825% 
(     170,     250 ]    70161   0.353%  98.178% 
(     250,     380 ]    94655   0.476%  98.654% 
(     380,     580 ]   104708   0.527%  99.181% 
(     580,     870 ]    95616   0.481%  99.662% 
(     870,    1300 ]    66920   0.337%  99.999% 
(    1300,    1900 ]    51960   0.261% 100.260% 
(    1900,    2900 ]    37000   0.186% 100.446% 
(    2900,    4400 ]    17828   0.090% 100.536% 
(    4400,    6600 ]     9518   0.048% 100.584% 
(    6600,    9900 ]     3633   0.018% 100.602% 
(    9900,   14000 ]     1349   0.007% 100.609% 
(   14000,   22000 ]     1538   0.008% 100.616% 
(   22000,   33000 ]     1361   0.007% 100.623% 
(   33000,   50000 ]     1594   0.008% 100.631% 
(   50000,   75000 ]     1509   0.008% 100.639% 
(   75000,  110000 ]     1357   0.007% 100.646% 
(  110000,  170000 ]     1216   0.006% 100.652% 
(  170000,  250000 ]      558   0.003% 100.655% 
(  250000,  380000 ]      198   0.001% 100.656% 
(  380000,  570000 ]       55   0.000% 100.656% 
(  570000,  860000 ]       27   0.000% 100.656% 
(  860000, 1200000 ]       16   0.000% 100.656% 
( 1200000, 1900000 ]       11   0.000% 100.656% 
( 1900000, 2900000 ]        1   0.000% 100.656% 
( 2900000, 4300000 ]        6   0.000% 100.656% 


** DB Stats **
Uptime(secs): 1091.4 total, 6.9 interval
Cumulative writes: 63M writes, 63M keys, 8263K commit groups, 7.7 writes per commit group, ingest: 62.17 GB, 58.33 MB/s
Cumulative WAL: 63M writes, 0 syncs, 63844826.00 writes per sync, written: 62.17 GB, 58.33 MB/s
Cumulative stall: 00:15:17.235 H:M:S, 84.0 percent
Interval writes: 221K writes, 221K keys, 28K commit groups, 7.7 writes per commit group, ingest: 221.31 MB, 32.24 MB/s
Interval WAL: 221K writes, 0 syncs, 221952.00 writes per sync, written: 0.22 GB, 32.24 MB/s
Interval stall: 00:00:6.075 H:M:S, 88.5 percent
Write Stall (count): write-buffer-manager-limit-stops: 0
num-running-compactions: 18
num-running-flushes: 1

2026/08/31-11:51:36  ... thread 11: (90000,3993000) ops and (2643.8,3658.6) ops/second in (34.041883,1091.411247) seconds
2026/08/31-11:51:36  ... thread 12: (89000,3989000) ops and (2691.5,3654.9) ops/second in (33.067552,1091.412884) seconds
2026/08/31-11:51:36  ... thread 1: (90000,3992000) ops and (2642.8,3657.6) ops/second in (34.054676,1091.414304) seconds
2026/08/31-11:51:36  ... thread 15: (90000,3990000) ops and (2667.8,3655.8) ops/second in (33.735058,1091.415604) seconds
2026/08/31-11:52:06  ... thread 2: (152000,4143000) ops and (5065.0,3694.7) ops/second in (30.010102,1121.339663) seconds
2026/08/31-11:52:06  ... thread 8: (153000,4142000) ops and (5094.6,3693.7) ops/second in (30.031591,1121.358457) seconds
2026/08/31-11:52:06  ... thread 1: (152000,4144000) ops and (5042.8,3694.9) ops/second in (30.142277,1121.556581) seconds
2026/08/31-11:52:07  ... thread 13: (152000,4141000) ops and (4998.4,3691.3) ops/second in (30.410016,1121.820220) seconds
2026/08/31-11:52:07  ... thread 9: (152000,4140000) ops and (4997.1,3690.4) ops/second in (30.417350,1121.824342) seconds
2026/08/31-11:52:07  ... thread 3: (152000,4143000) ops and (4994.8,3693.1) ops/second in (30.431827,1121.823799) seconds
2026/08/31-11:52:07  ... thread 15: (152000,4142000) ops and (4998.5,3692.2) ops/second in (30.409224,1121.824828) seconds
2026/08/31-11:52:07  ... thread 0: (152000,4142000) ops and (4997.2,3692.2) ops/second in (30.416768,1121.826650) seconds

** Compaction Stats [default] **
Level    Files   Size     Score Read(GB)  Rn(GB) Rnp1(GB) Write(GB) WPreComp(GB) Wnew(GB) Moved(GB) W-Amp Rd(MB/s) Wr(MB/s) Comp(sec) CompMergeCPU(sec) Comp(cnt) Avg(sec) KeyIn KeyDrop Rblob(GB) Wblob(GB)
-------------------------------------------------------------------------------------------------------------------------------------------------------------------------------------------------------------
  L0     15/15     4.20 GB   0.0     59.2     0.0     59.2     124.2     124.2     65.0       0.0   1.9     25.8     54.1   2351.30            266.42      1298    1.811    126M    62K       0.0       0.0
  L1    104/104    6.25 GB   0.0    166.0    60.8    105.2     162.8     162.8     57.6       0.0   2.7    356.3    349.3    477.24            505.94        33   14.462    168M  3265K       0.0       0.0
  L2    724/0     39.80 GB   1.0    135.0    43.1     91.8     125.6     125.6     33.7       8.2   2.9     20.3     18.9   6795.46            552.70       688    9.877    137M  9563K       0.0       0.0
  L3     40/0      2.16 GB   0.0      0.0     0.0      0.0       0.0       0.0      0.0       2.2   0.0      0.0      0.0      0.00              0.00         0    0.000       0      0       0.0       0.0
 Sum    883/119   52.41 GB   0.0    360.2   104.0    256.2     412.6     412.6    156.4      10.4   6.3     38.3     43.9   9624.00           1325.06      2019    4.767    432M    12M       0.0       0.0
 Int      0/0      0.00 KB   0.0     11.2     2.2      9.1      13.0      13.0      4.0       2.2   5.0     19.1     22.2    602.53             60.60        93    6.479     14M   811K       0.0       0.0

** Compaction Stats [default] **
Priority    Files   Size     Score Read(GB)  Rn(GB) Rnp1(GB) Write(GB) WPreComp(GB) Wnew(GB) Moved(GB) W-Amp Rd(MB/s) Wr(MB/s) Comp(sec) CompMergeCPU(sec) Comp(cnt) Avg(sec) KeyIn KeyDrop Rblob(GB) Wblob(GB)
----------------------------------------------------------------------------------------------------------------------------------------------------------------------------------------------------------------
 Low      0/0      0.00 KB   0.0    360.2   104.0    256.2     347.5     347.5     91.3       0.0   0.0     45.8     44.1   8061.34           1211.92       949    8.495    366M    12M       0.0       0.0
High      0/0      0.00 KB   0.0      0.0     0.0      0.0      65.1      65.1     65.1       0.0   0.0      0.0     42.7   1562.66            113.14      1070    1.460     66M      0       0.0       0.0

Blob file count: 0, total size: 0.0 GB, garbage size: 0.0 GB, space amp: 0.0

Uptime(secs): 1121.8 total, 37.3 interval
Flush(GB): cumulative 65.104, interval 2.619
AddFile(GB): cumulative 0.000, interval 0.000
AddFile(Total Files): cumulative 0, interval 0
AddFile(L0 Files): cumulative 0, interval 0
AddFile(Keys): cumulative 0, interval 0
Cumulative compaction: 412.61 GB write, 376.63 MB/s write, 360.20 GB read, 328.79 MB/s read, 9624.0 seconds
Interval compaction: 13.05 GB write, 358.31 MB/s write, 11.22 GB read, 308.29 MB/s read, 602.5 seconds
Estimated pending compaction bytes: 51542276852
Write Stall (count): cf-l0-file-count-limit-delays-with-ongoing-compaction: 59, cf-l0-file-count-limit-stops-with-ongoing-compaction: 0, l0-file-count-limit-delays: 59, l0-file-count-limit-stops: 0, memtable-limit-delays: 0, memtable-limit-stops: 885, pending-compaction-bytes-delays: 0, pending-compaction-bytes-stops: 0, total-delays: 59, total-stops: 885
interval: 34 total count
Block cache AutoHyperClockCache@0x5cc2bb2b62d0#2301963 capacity: 512.00 MB seed: 1 usage: 13.34 MB table_size: 6080 occupancy: 3166 collections: 7 last_copies: 0 last_secs: 0.000266 secs_since: 37
Block cache entry stats(count,size,portion): Misc(3163,12.96 MB,2.53115%)

** File Read Latency Histogram By Level [default] **
** Level 0 read latency histogram (micros):
Count: 30345736 Average: 2.9543  StdDev: 1350.25
Min: 0  Median: 0.8754  Max: 4185179
Percentiles: P50: 0.88 P75: 1.49 P99: 2.96 P99.9: 4.45 P99.99: 5.26
------------------------------------------------------
[       0,       1 ] 17333448  57.120%  57.120% ###########
(       1,       2 ] 11133746  36.690%  93.810% #######
(       2,       3 ]  1642625   5.413%  99.223% #
(       3,       4 ]   190225   0.627%  99.849% 
(       4,       6 ]    67578   0.223% 100.072% 
(       6,      10 ]    33821   0.111% 100.184% 
(      10,      15 ]    12241   0.040% 100.224% 
(      15,      22 ]     7296   0.024% 100.248% 
(      22,      34 ]      520   0.002% 100.250% 
(      34,      51 ]       83   0.000% 100.250% 
(      51,      76 ]      435   0.001% 100.251% 
(      76,     110 ]      720   0.002% 100.254% 
(     110,     170 ]       32   0.000% 100.254% 
(     170,     250 ]       22   0.000% 100.254% 
(     250,     380 ]       87   0.000% 100.254% 
(     380,     580 ]       14   0.000% 100.254% 
(     580,     870 ]       42   0.000% 100.254% 
(     870,    1300 ]       78   0.000% 100.255% 
(    1300,    1900 ]       44   0.000% 100.255% 
(    1900,    2900 ]       15   0.000% 100.255% 
(    2900,    4400 ]        7   0.000% 100.255% 
(    4400,    6600 ]        9   0.000% 100.255% 
(    6600,    9900 ]        4   0.000% 100.255% 
(    9900,   14000 ]        2   0.000% 100.255% 
(   14000,   22000 ]        9   0.000% 100.255% 
(   22000,   33000 ]       22   0.000% 100.255% 
(   33000,   50000 ]       26   0.000% 100.255% 
(   50000,   75000 ]       43   0.000% 100.255% 
(   75000,  110000 ]       70   0.000% 100.255% 
(  110000,  170000 ]       36   0.000% 100.256% 
(  170000,  250000 ]       21   0.000% 100.256% 
(  250000,  380000 ]        4   0.000% 100.256% 
(  380000,  570000 ]        4   0.000% 100.256% 
(  570000,  860000 ]        4   0.000% 100.256% 
( 1200000, 1900000 ]        3   0.000% 100.256% 
( 1900000, 2900000 ]        2   0.000% 100.256% 
( 2900000, 4300000 ]        2   0.000% 100.256% 

** Level 1 read latency histogram (micros):
Count: 39062778 Average: 1.5472  StdDev: 4.03
Min: 0  Median: 0.8686  Max: 6356
Percentiles: P50: 0.87 P75: 1.50 P99: 3.23 P99.9: 4.51 P99.99: 4.93
------------------------------------------------------
[       0,       1 ] 22485136  57.562%  57.562% ############
(       1,       2 ] 13672828  35.002%  92.564% #######
(       2,       3 ]  2419168   6.193%  98.757% #
(       3,       4 ]   404906   1.037%  99.793% 
(       4,       6 ]   164681   0.422% 100.215% 
(       6,      10 ]    72137   0.185% 100.400% 
(      10,      15 ]    19237   0.049% 100.449% 
(      15,      22 ]    12996   0.033% 100.482% 
(      22,      34 ]     1321   0.003% 100.485% 
(      34,      51 ]      262   0.001% 100.486% 
(      51,      76 ]      958   0.002% 100.489% 
(      76,     110 ]     1175   0.003% 100.492% 
(     110,     170 ]      337   0.001% 100.492% 
(     170,     250 ]       93   0.000% 100.493% 
(     250,     380 ]       23   0.000% 100.493% 
(     380,     580 ]       21   0.000% 100.493% 
(     580,     870 ]       19   0.000% 100.493% 
(     870,    1300 ]        3   0.000% 100.493% 
(    1900,    2900 ]        3   0.000% 100.493% 
(    2900,    4400 ]       19   0.000% 100.493% 
(    4400,    6600 ]       10   0.000% 100.493% 

** Level 2 read latency histogram (micros):
Count: 20928378 Average: 71.1141  StdDev: 3463.72
Min: 0  Median: 1.2202  Max: 4109393
Percentiles: P50: 1.22 P75: 1.81 P99: 539.56 P99.9: 1222.97 P99.99: 1358.98
------------------------------------------------------
[       0,       1 ]  8525280  40.736%  40.736% ########
(       1,       2 ]  8804069  42.068%  82.803% ########
(       2,       3 ]  2234706  10.678%  93.481% ##
(       3,       4 ]   528178   2.524%  96.005% #
(       4,       6 ]   152879   0.730%  96.735% 
(       6,      10 ]    35023   0.167%  96.903% 
(      10,      15 ]    17571   0.084%  96.987% 
(      15,      22 ]    10648   0.051%  97.037% 
(      22,      34 ]     5414   0.026%  97.063% 
(      34,      51 ]    11630   0.056%  97.119% 
(      51,      76 ]    28400   0.136%  97.255% 
(      76,     110 ]    17981   0.086%  97.340% 
(     110,     170 ]    65846   0.315%  97.655% 
(     170,     250 ]    81981   0.392%  98.047% 
(     250,     380 ]   107516   0.514%  98.561% 
(     380,     580 ]   115280   0.551%  99.111% 
(     580,     870 ]   104629   0.500%  99.611% 
(     870,    1300 ]    73603   0.352%  99.963% 
(    1300,    1900 ]    57491   0.275% 100.238% 
(    1900,    2900 ]    41272   0.197% 100.435% 
(    2900,    4400 ]    19764   0.094% 100.529% 
(    4400,    6600 ]    10473   0.050% 100.579% 
(    6600,    9900 ]     3975   0.019% 100.598% 
(    9900,   14000 ]     1427   0.007% 100.605% 
(   14000,   22000 ]     1632   0.008% 100.613% 
(   22000,   33000 ]     1437   0.007% 100.620% 
(   33000,   50000 ]     1697   0.008% 100.628% 
(   50000,   75000 ]     1611   0.008% 100.636% 
(   75000,  110000 ]     1469   0.007% 100.643% 
(  110000,  170000 ]     1289   0.006% 100.649% 
(  170000,  250000 ]      589   0.003% 100.652% 
(  250000,  380000 ]      203   0.001% 100.653% 
(  380000,  570000 ]       56   0.000% 100.653% 
(  570000,  860000 ]       27   0.000% 100.653% 
(  860000, 1200000 ]       18   0.000% 100.653% 
( 1200000, 1900000 ]       11   0.000% 100.653% 
( 1900000, 2900000 ]        1   0.000% 100.653% 
( 2900000, 4300000 ]        7   0.000% 100.653% 


** DB Stats **
Uptime(secs): 1121.8 total, 30.4 interval
Cumulative writes: 66M writes, 66M keys, 8578K commit groups, 7.7 writes per commit group, ingest: 64.54 GB, 58.91 MB/s
Cumulative WAL: 66M writes, 0 syncs, 66278191.00 writes per sync, written: 64.54 GB, 58.91 MB/s
Cumulative stall: 00:15:42.561 H:M:S, 84.0 percent
Interval writes: 2433K writes, 2433K keys, 314K commit groups, 7.7 writes per commit group, ingest: 2426.34 MB, 79.77 MB/s
Interval WAL: 2433K writes, 0 syncs, 2433365.00 writes per sync, written: 2.37 GB, 79.77 MB/s
Interval stall: 00:00:25.326 H:M:S, 83.3 percent
Write Stall (count): write-buffer-manager-limit-stops: 0
num-running-compactions: 3
num-running-flushes: 1

2026/08/31-11:52:07  ... thread 10: (153000,4142000) ops and (5017.2,3692.2) ops/second in (30.495087,1121.831138) seconds
2026/08/31-11:52:07  ... thread 7: (153000,4143000) ops and (5015.3,3693.1) ops/second in (30.506701,1121.834198) seconds
2026/08/31-11:52:07  ... thread 11: (152000,4145000) ops and (4996.2,3694.8) ops/second in (30.423153,1121.834400) seconds
2026/08/31-11:52:07  ... thread 6: (153000,4144000) ops and (5014.8,3693.9) ops/second in (30.509557,1121.835337) seconds
2026/08/31-11:52:07  ... thread 4: (153000,4143000) ops and (5013.7,3693.0) ops/second in (30.516160,1121.841459) seconds
2026/08/31-11:52:07  ... thread 12: (152000,4141000) ops and (4995.2,3691.3) ops/second in (30.429187,1121.842071) seconds
2026/08/31-11:52:07  ... thread 14: (153000,4144000) ops and (5026.6,3693.9) ops/second in (30.438045,1121.845462) seconds
2026/08/31-11:52:07  ... thread 5: (153000,4140000) ops and (5024.2,3690.3) ops/second in (30.452478,1121.846619) seconds
2026/08/31-11:52:36  ... thread 1: (49000,4193000) ops and (1629.5,3640.9) ops/second in (30.070568,1151.627149) seconds
2026/08/31-11:52:36  ... thread 2: (49000,4192000) ops and (1617.8,3640.1) ops/second in (30.288032,1151.627695) seconds
2026/08/31-11:52:36  ... thread 8: (50000,4192000) ops and (1651.1,3640.0) ops/second in (30.282886,1151.641343) seconds
2026/08/31-11:52:37  ... thread 0: (56000,4198000) ops and (1866.6,3644.6) ops/second in (30.000725,1151.827375) seconds

** Compaction Stats [default] **
Level    Files   Size     Score Read(GB)  Rn(GB) Rnp1(GB) Write(GB) WPreComp(GB) Wnew(GB) Moved(GB) W-Amp Rd(MB/s) Wr(MB/s) Comp(sec) CompMergeCPU(sec) Comp(cnt) Avg(sec) KeyIn KeyDrop Rblob(GB) Wblob(GB)
-------------------------------------------------------------------------------------------------------------------------------------------------------------------------------------------------------------
  L0      7/0    808.51 MB   1.8     59.7     0.0     59.7     125.5     125.5     65.8       0.0   1.9     25.6     53.8   2390.44            269.31      1313    1.821    127M    62K       0.0       0.0
  L1    163/17     9.65 GB   2.2    176.5    65.0    111.4     172.9     172.9     61.5       0.0   2.7    357.0    349.8    506.27            540.12        34   14.890    179M  3604K       0.0       0.0
  L2    728/40    40.27 GB   1.0    135.0    43.1     91.8     125.6     125.6     33.7       8.7   2.9     20.3     18.9   6795.46            552.70       688    9.877    137M  9563K       0.0       0.0
  L3     40/0      2.16 GB   0.0      0.0     0.0      0.0       0.0       0.0      0.0       2.2   0.0      0.0      0.0      0.00              0.00         0    0.000       0      0       0.0       0.0
 Sum    938/57    52.87 GB   0.0    371.1   108.2    263.0     424.0     424.0    161.0      10.8   6.4     39.2     44.8   9692.17           1362.13      2035    4.763    444M    13M       0.0       0.0
 Int      0/0      0.00 KB   0.0     10.7     4.2      6.5      10.6      10.6      4.1       0.5  43.7    260.0    257.8     42.10             35.35         6    7.017     11M   339K       0.0       0.0

** Compaction Stats [default] **
Priority    Files   Size     Score Read(GB)  Rn(GB) Rnp1(GB) Write(GB) WPreComp(GB) Wnew(GB) Moved(GB) W-Amp Rd(MB/s) Wr(MB/s) Comp(sec) CompMergeCPU(sec) Comp(cnt) Avg(sec) KeyIn KeyDrop Rblob(GB) Wblob(GB)
----------------------------------------------------------------------------------------------------------------------------------------------------------------------------------------------------------------
 Low      0/0      0.00 KB   0.0    371.1   108.2    263.0     358.1     358.1     95.1       0.0   0.0     46.9     45.2   8107.05           1247.37       952    8.516    377M    13M       0.0       0.0
High      0/0      0.00 KB   0.0      0.0     0.0      0.0      65.9      65.9     65.9       0.0   0.0      0.0     42.6   1585.12            114.76      1083    1.464     67M      0       0.0       0.0

Blob file count: 0, total size: 0.0 GB, garbage size: 0.0 GB, space amp: 0.0

Uptime(secs): 1151.8 total, 7.3 interval
Flush(GB): cumulative 65.894, interval 0.243
AddFile(GB): cumulative 0.000, interval 0.000
AddFile(Total Files): cumulative 0, interval 0
AddFile(L0 Files): cumulative 0, interval 0
AddFile(Keys): cumulative 0, interval 0
Cumulative compaction: 424.00 GB write, 376.94 MB/s write, 371.13 GB read, 329.94 MB/s read, 9692.2 seconds
Interval compaction: 10.60 GB write, 1491.25 MB/s write, 10.69 GB read, 1504.19 MB/s read, 42.1 seconds
Estimated pending compaction bytes: 52322350867
Write Stall (count): cf-l0-file-count-limit-delays-with-ongoing-compaction: 64, cf-l0-file-count-limit-stops-with-ongoing-compaction: 0, l0-file-count-limit-delays: 64, l0-file-count-limit-stops: 0, memtable-limit-delays: 0, memtable-limit-stops: 894, pending-compaction-bytes-delays: 0, pending-compaction-bytes-stops: 0, total-delays: 64, total-stops: 894
interval: 3 total count
Block cache AutoHyperClockCache@0x5cc2bb2b62d0#2301963 capacity: 512.00 MB seed: 1 usage: 13.34 MB table_size: 6080 occupancy: 3166 collections: 7 last_copies: 1 last_secs: 0.000266 secs_since: 67
Block cache entry stats(count,size,portion): Misc(3163,12.96 MB,2.53115%)

** File Read Latency Histogram By Level [default] **
** Level 0 read latency histogram (micros):
Count: 31516735 Average: 3.0234  StdDev: 1417.74
Min: 0  Median: 0.8841  Max: 4185179
Percentiles: P50: 0.88 P75: 1.50 P99: 2.97 P99.9: 4.40 P99.99: 5.17
------------------------------------------------------
[       0,       1 ] 17824004  56.554%  56.554% ###########
(       1,       2 ] 11672363  37.035%  93.590% #######
(       2,       3 ]  1765546   5.602%  99.191% #
(       3,       4 ]   208572   0.662%  99.853% 
(       4,       6 ]    73526   0.233% 100.087% 
(       6,      10 ]    35894   0.114% 100.200% 
(      10,      15 ]    13061   0.041% 100.242% 
(      15,      22 ]     7715   0.024% 100.266% 
(      22,      34 ]      548   0.002% 100.268% 
(      34,      51 ]       86   0.000% 100.268% 
(      51,      76 ]      439   0.001% 100.270% 
(      76,     110 ]      730   0.002% 100.272% 
(     110,     170 ]       34   0.000% 100.272% 
(     170,     250 ]       22   0.000% 100.272% 
(     250,     380 ]       89   0.000% 100.273% 
(     380,     580 ]       14   0.000% 100.273% 
(     580,     870 ]       42   0.000% 100.273% 
(     870,    1300 ]       78   0.000% 100.273% 
(    1300,    1900 ]       44   0.000% 100.273% 
(    1900,    2900 ]       15   0.000% 100.273% 
(    2900,    4400 ]        8   0.000% 100.273% 
(    4400,    6600 ]       10   0.000% 100.273% 
(    6600,    9900 ]        4   0.000% 100.273% 
(    9900,   14000 ]        2   0.000% 100.273% 
(   14000,   22000 ]        9   0.000% 100.273% 
(   22000,   33000 ]       23   0.000% 100.273% 
(   33000,   50000 ]       27   0.000% 100.273% 
(   50000,   75000 ]       44   0.000% 100.274% 
(   75000,  110000 ]       70   0.000% 100.274% 
(  110000,  170000 ]       37   0.000% 100.274% 
(  170000,  250000 ]       21   0.000% 100.274% 
(  250000,  380000 ]        6   0.000% 100.274% 
(  380000,  570000 ]        4   0.000% 100.274% 
(  570000,  860000 ]        4   0.000% 100.274% 
( 1200000, 1900000 ]        3   0.000% 100.274% 
( 1900000, 2900000 ]        3   0.000% 100.274% 
( 2900000, 4300000 ]        2   0.000% 100.274% 

** Level 1 read latency histogram (micros):
Count: 40709644 Average: 1.5467  StdDev: 3.95
Min: 0  Median: 0.8685  Max: 6356
Percentiles: P50: 0.87 P75: 1.50 P99: 3.22 P99.9: 4.47 P99.99: 4.90
------------------------------------------------------
[       0,       1 ] 23436295  57.569%  57.569% ############
(       1,       2 ] 14258294  35.024%  92.594% #######
(       2,       3 ]  2515375   6.179%  98.773% #
(       3,       4 ]   418900   1.029%  99.802% 
(       4,       6 ]   169943   0.417% 100.219% 
(       6,      10 ]    74585   0.183% 100.402% 
(      10,      15 ]    20125   0.049% 100.452% 
(      15,      22 ]    13517   0.033% 100.485% 
(      22,      34 ]     1375   0.003% 100.488% 
(      34,      51 ]      273   0.001% 100.489% 
(      51,      76 ]     1019   0.003% 100.491% 
(      76,     110 ]     1275   0.003% 100.495% 
(     110,     170 ]      344   0.001% 100.495% 
(     170,     250 ]       97   0.000% 100.496% 
(     250,     380 ]       23   0.000% 100.496% 
(     380,     580 ]       21   0.000% 100.496% 
(     580,     870 ]       19   0.000% 100.496% 
(     870,    1300 ]        3   0.000% 100.496% 
(    1900,    2900 ]        3   0.000% 100.496% 
(    2900,    4400 ]       19   0.000% 100.496% 
(    4400,    6600 ]       10   0.000% 100.496% 

** Level 2 read latency histogram (micros):
Count: 21135486 Average: 70.7787  StdDev: 3446.78
Min: 0  Median: 1.2220  Max: 4109393
Percentiles: P50: 1.22 P75: 1.82 P99: 538.26 P99.9: 1217.82 P99.99: 1349.53
------------------------------------------------------
[       0,       1 ]  8592300  40.653%  40.653% ########
(       1,       2 ]  8900170  42.110%  82.764% ########
(       2,       3 ]  2253986  10.664%  93.428% ##
(       3,       4 ]   535625   2.534%  95.962% #
(       4,       6 ]   154992   0.733%  96.696% 
(       6,      10 ]    35394   0.167%  96.863% 
(      10,      15 ]    17759   0.084%  96.947% 
(      15,      22 ]    10734   0.051%  96.998% 
(      22,      34 ]     5429   0.026%  97.024% 
(      34,      51 ]    11976   0.057%  97.080% 
(      51,      76 ]    29270   0.138%  97.219% 
(      76,     110 ]    18516   0.088%  97.306% 
(     110,     170 ]    68850   0.326%  97.632% 
(     170,     250 ]    85466   0.404%  98.036% 
(     250,     380 ]   111154   0.526%  98.562% 
(     380,     580 ]   116906   0.553%  99.115% 
(     580,     870 ]   105616   0.500%  99.615% 
(     870,    1300 ]    74433   0.352%  99.967% 
(    1300,    1900 ]    58107   0.275% 100.242% 
(    1900,    2900 ]    41761   0.198% 100.440% 
(    2900,    4400 ]    19901   0.094% 100.534% 
(    4400,    6600 ]    10490   0.050% 100.584% 
(    6600,    9900 ]     3975   0.019% 100.602% 
(    9900,   14000 ]     1427   0.007% 100.609% 
(   14000,   22000 ]     1632   0.008% 100.617% 
(   22000,   33000 ]     1437   0.007% 100.624% 
(   33000,   50000 ]     1698   0.008% 100.632% 
(   50000,   75000 ]     1611   0.008% 100.639% 
(   75000,  110000 ]     1469   0.007% 100.646% 
(  110000,  170000 ]     1289   0.006% 100.652% 
(  170000,  250000 ]      589   0.003% 100.655% 
(  250000,  380000 ]      203   0.001% 100.656% 
(  380000,  570000 ]       56   0.000% 100.656% 
(  570000,  860000 ]       27   0.000% 100.657% 
(  860000, 1200000 ]       18   0.000% 100.657% 
( 1200000, 1900000 ]       11   0.000% 100.657% 
( 1900000, 2900000 ]        1   0.000% 100.657% 
( 2900000, 4300000 ]        7   0.000% 100.657% 


** DB Stats **
Uptime(secs): 1151.8 total, 7.3 interval
Cumulative writes: 67M writes, 67M keys, 8697K commit groups, 7.7 writes per commit group, ingest: 65.41 GB, 58.15 MB/s
Cumulative WAL: 67M writes, 0 syncs, 67176113.00 writes per sync, written: 65.41 GB, 58.15 MB/s
Cumulative stall: 00:16:0.485 H:M:S, 83.4 percent
Interval writes: 344K writes, 344K keys, 45K commit groups, 7.6 writes per commit group, ingest: 343.59 MB, 47.21 MB/s
Interval WAL: 344K writes, 0 syncs, 344568.00 writes per sync, written: 0.34 GB, 47.21 MB/s
Interval stall: 00:00:4.069 H:M:S, 55.9 percent
Write Stall (count): write-buffer-manager-limit-stops: 0
num-running-compactions: 18
num-running-flushes: 1

2026/08/31-11:52:43  ... thread 10: (56000,4198000) ops and (1560.5,3626.1) ops/second in (35.884807,1157.715945) seconds
2026/08/31-11:52:43  ... thread 6: (56000,4200000) ops and (1560.7,3627.8) ops/second in (35.882367,1157.717704) seconds
2026/08/31-11:52:43  ... thread 4: (56000,4199000) ops and (1560.7,3626.9) ops/second in (35.881418,1157.722877) seconds
2026/08/31-11:52:43  ... thread 5: (56000,4196000) ops and (1560.7,3624.3) ops/second in (35.881338,1157.727957) seconds
2026/08/31-11:52:43  ... thread 12: (56000,4197000) ops and (1560.5,3625.2) ops/second in (35.886322,1157.728393) seconds
2026/08/31-11:52:43  ... thread 14: (56000,4200000) ops and (1560.6,3627.8) ops/second in (35.884294,1157.729756) seconds
2026/08/31-11:52:43  ... thread 13: (57000,4198000) ops and (1587.3,3626.1) ops/second in (35.909979,1157.730199) seconds
2026/08/31-11:52:43  ... thread 3: (57000,4200000) ops and (1587.4,3627.8) ops/second in (35.908563,1157.732362) seconds
2026/08/31-11:52:43  ... thread 9: (57000,4197000) ops and (1587.1,3625.2) ops/second in (35.915176,1157.739518) seconds
2026/08/31-11:52:43  ... thread 15: (57000,4199000) ops and (1586.9,3626.9) ops/second in (35.918132,1157.742960) seconds
2026/08/31-11:52:43  ... thread 7: (57000,4200000) ops and (1587.3,3627.7) ops/second in (35.909285,1157.743483) seconds
2026/08/31-11:52:43  ... thread 11: (57000,4202000) ops and (1587.3,3629.5) ops/second in (35.910973,1157.745373) seconds
2026/08/31-11:53:07  ... thread 2: (120000,4312000) ops and (3923.2,3647.4) ops/second in (30.587461,1182.215156) seconds
2026/08/31-11:53:07  ... thread 1: (120000,4313000) ops and (3922.5,3648.2) ops/second in (30.592842,1182.219991) seconds
2026/08/31-11:53:07  ... thread 0: (113000,4311000) ops and (3716.5,3646.5) ops/second in (30.405356,1182.232731) seconds

** Compaction Stats [default] **
Level    Files   Size     Score Read(GB)  Rn(GB) Rnp1(GB) Write(GB) WPreComp(GB) Wnew(GB) Moved(GB) W-Amp Rd(MB/s) Wr(MB/s) Comp(sec) CompMergeCPU(sec) Comp(cnt) Avg(sec) KeyIn KeyDrop Rblob(GB) Wblob(GB)
-------------------------------------------------------------------------------------------------------------------------------------------------------------------------------------------------------------
  L0     12/4      2.67 GB   2.0     61.6     0.0     61.6     129.3     129.3     67.7       0.0   1.9     25.6     53.7   2466.07            278.26      1350    1.827    131M    65K       0.0       0.0
  L1    128/13     7.68 GB   1.7    176.5    65.0    111.4     172.9     172.9     61.5       0.0   2.7    357.0    349.8    506.27            540.12        34   14.890    179M  3604K       0.0       0.0
  L2    757/45    41.51 GB   1.0    141.6    45.1     96.5     131.4     131.4     35.0       8.7   2.9     20.1     18.7   7203.75            589.91       723    9.964    144M    10M       0.0       0.0
  L3     40/0      2.16 GB   0.0      0.0     0.0      0.0       0.0       0.0      0.0       2.2   0.0      0.0      0.0      0.00              0.00         0    0.000       0      0       0.0       0.0
 Sum    937/62    54.02 GB   0.0    379.7   110.1    269.5     433.7     433.7    164.2      10.8   6.4     38.2     43.6  10176.09           1408.29      2107    4.830    455M    13M       0.0       0.0
 Int      0/0      0.00 KB   0.0     19.2     6.2     13.1      20.3      20.3      7.2       0.5   9.5     37.5     39.5    526.03             81.51        78    6.744     21M  1084K       0.0       0.0

** Compaction Stats [default] **
Priority    Files   Size     Score Read(GB)  Rn(GB) Rnp1(GB) Write(GB) WPreComp(GB) Wnew(GB) Moved(GB) W-Amp Rd(MB/s) Wr(MB/s) Comp(sec) CompMergeCPU(sec) Comp(cnt) Avg(sec) KeyIn KeyDrop Rblob(GB) Wblob(GB)
----------------------------------------------------------------------------------------------------------------------------------------------------------------------------------------------------------------
 Low      0/0      0.00 KB   0.0    379.7   110.1    269.5     365.9     365.9     96.4       0.0   0.0     45.5     43.9   8540.61           1290.06       993    8.601    386M    13M       0.0       0.0
High      0/0      0.00 KB   0.0      0.0     0.0      0.0      67.8      67.8     67.8       0.0   0.0      0.0     42.4   1635.49            118.23      1114    1.468     68M      0       0.0       0.0

Blob file count: 0, total size: 0.0 GB, garbage size: 0.0 GB, space amp: 0.0

Uptime(secs): 1182.2 total, 37.7 interval
Flush(GB): cumulative 67.781, interval 2.130
AddFile(GB): cumulative 0.000, interval 0.000
AddFile(Total Files): cumulative 0, interval 0
AddFile(L0 Files): cumulative 0, interval 0
AddFile(Keys): cumulative 0, interval 0
Cumulative compaction: 433.71 GB write, 375.66 MB/s write, 379.69 GB read, 328.87 MB/s read, 10176.1 seconds
Interval compaction: 20.31 GB write, 551.80 MB/s write, 19.24 GB read, 522.92 MB/s read, 526.0 seconds
Estimated pending compaction bytes: 54104507741
Write Stall (count): cf-l0-file-count-limit-delays-with-ongoing-compaction: 64, cf-l0-file-count-limit-stops-with-ongoing-compaction: 0, l0-file-count-limit-delays: 64, l0-file-count-limit-stops: 0, memtable-limit-delays: 0, memtable-limit-stops: 923, pending-compaction-bytes-delays: 0, pending-compaction-bytes-stops: 0, total-delays: 64, total-stops: 923
interval: 32 total count
Block cache AutoHyperClockCache@0x5cc2bb2b62d0#2301963 capacity: 512.00 MB seed: 1 usage: 13.34 MB table_size: 6080 occupancy: 3166 collections: 7 last_copies: 1 last_secs: 0.000266 secs_since: 97
Block cache entry stats(count,size,portion): Misc(3163,12.96 MB,2.53115%)

** File Read Latency Histogram By Level [default] **
** Level 0 read latency histogram (micros):
Count: 32013096 Average: 3.0274  StdDev: 1407.86
Min: 0  Median: 0.8825  Max: 4185179
Percentiles: P50: 0.88 P75: 1.50 P99: 2.97 P99.9: 4.43 P99.99: 5.21
------------------------------------------------------
[       0,       1 ] 18137400  56.656%  56.656% ###########
(       1,       2 ] 11834712  36.968%  93.625% #######
(       2,       3 ]  1781629   5.565%  99.190% #
(       3,       4 ]   211148   0.660%  99.849% 
(       4,       6 ]    74515   0.233% 100.082% 
(       6,      10 ]    36461   0.114% 100.196% 
(      10,      15 ]    13265   0.041% 100.238% 
(      15,      22 ]     7848   0.025% 100.262% 
(      22,      34 ]      557   0.002% 100.264% 
(      34,      51 ]       91   0.000% 100.264% 
(      51,      76 ]      450   0.001% 100.265% 
(      76,     110 ]      751   0.002% 100.268% 
(     110,     170 ]       34   0.000% 100.268% 
(     170,     250 ]       24   0.000% 100.268% 
(     250,     380 ]       92   0.000% 100.268% 
(     380,     580 ]       17   0.000% 100.268% 
(     580,     870 ]       42   0.000% 100.268% 
(     870,    1300 ]       78   0.000% 100.269% 
(    1300,    1900 ]       45   0.000% 100.269% 
(    1900,    2900 ]       15   0.000% 100.269% 
(    2900,    4400 ]       10   0.000% 100.269% 
(    4400,    6600 ]       10   0.000% 100.269% 
(    6600,    9900 ]        4   0.000% 100.269% 
(    9900,   14000 ]        2   0.000% 100.269% 
(   14000,   22000 ]        9   0.000% 100.269% 
(   22000,   33000 ]       23   0.000% 100.269% 
(   33000,   50000 ]       27   0.000% 100.269% 
(   50000,   75000 ]       47   0.000% 100.269% 
(   75000,  110000 ]       74   0.000% 100.270% 
(  110000,  170000 ]       38   0.000% 100.270% 
(  170000,  250000 ]       22   0.000% 100.270% 
(  250000,  380000 ]        6   0.000% 100.270% 
(  380000,  570000 ]        4   0.000% 100.270% 
(  570000,  860000 ]        4   0.000% 100.270% 
( 1200000, 1900000 ]        3   0.000% 100.270% 
( 1900000, 2900000 ]        3   0.000% 100.270% 
( 2900000, 4300000 ]        2   0.000% 100.270% 

** Level 1 read latency histogram (micros):
Count: 41220135 Average: 1.5591  StdDev: 3.94
Min: 0  Median: 0.8770  Max: 6356
Percentiles: P50: 0.88 P75: 1.51 P99: 3.33 P99.9: 4.66 P99.99: 5.06
------------------------------------------------------
[       0,       1 ] 23500682  57.013%  57.013% ###########
(       1,       2 ] 14486368  35.144%  92.157% #######
(       2,       3 ]  2671666   6.481%  98.638% #
(       3,       4 ]   457989   1.111%  99.749% 
(       4,       6 ]   187312   0.454% 100.203% 
(       6,      10 ]    78881   0.191% 100.395% 
(      10,      15 ]    21254   0.052% 100.446% 
(      15,      22 ]    14385   0.035% 100.481% 
(      22,      34 ]     1466   0.004% 100.485% 
(      34,      51 ]      285   0.001% 100.486% 
(      51,      76 ]     1021   0.002% 100.488% 
(      76,     110 ]     1280   0.003% 100.491% 
(     110,     170 ]      344   0.001% 100.492% 
(     170,     250 ]       97   0.000% 100.492% 
(     250,     380 ]       23   0.000% 100.492% 
(     380,     580 ]       21   0.000% 100.492% 
(     580,     870 ]       20   0.000% 100.492% 
(     870,    1300 ]        3   0.000% 100.492% 
(    1900,    2900 ]        3   0.000% 100.492% 
(    2900,    4400 ]       19   0.000% 100.492% 
(    4400,    6600 ]       10   0.000% 100.492% 

** Level 2 read latency histogram (micros):
Count: 22380055 Average: 75.6980  StdDev: 3876.37
Min: 0  Median: 1.2460  Max: 5199402
Percentiles: P50: 1.25 P75: 1.84 P99: 580.67 P99.9: 1284.03 P99.99: 1455.34
------------------------------------------------------
[       0,       1 ]  8859259  39.586%  39.586% ########
(       1,       2 ]  9474857  42.336%  81.922% ########
(       2,       3 ]  2466175  11.020%  92.941% ##
(       3,       4 ]   603719   2.698%  95.639% #
(       4,       6 ]   172792   0.772%  96.411% 
(       6,      10 ]    37924   0.169%  96.580% 
(      10,      15 ]    19730   0.088%  96.668% 
(      15,      22 ]    11877   0.053%  96.722% 
(      22,      34 ]     5680   0.025%  96.747% 
(      34,      51 ]    12918   0.058%  96.805% 
(      51,      76 ]    32600   0.146%  96.950% 
(      76,     110 ]    20626   0.092%  97.042% 
(     110,     170 ]    78532   0.351%  97.393% 
(     170,     250 ]    97472   0.436%  97.829% 
(     250,     380 ]   127872   0.571%  98.400% 
(     380,     580 ]   133947   0.599%  98.999% 
(     580,     870 ]   120429   0.538%  99.537% 
(     870,    1300 ]    84405   0.377%  99.914% 
(    1300,    1900 ]    65690   0.294% 100.208% 
(    1900,    2900 ]    47949   0.214% 100.422% 
(    2900,    4400 ]    23385   0.104% 100.526% 
(    4400,    6600 ]    12177   0.054% 100.581% 
(    6600,    9900 ]     4484   0.020% 100.601% 
(    9900,   14000 ]     1542   0.007% 100.608% 
(   14000,   22000 ]     1759   0.008% 100.615% 
(   22000,   33000 ]     1545   0.007% 100.622% 
(   33000,   50000 ]     1833   0.008% 100.631% 
(   50000,   75000 ]     1740   0.008% 100.638% 
(   75000,  110000 ]     1589   0.007% 100.645% 
(  110000,  170000 ]     1392   0.006% 100.652% 
(  170000,  250000 ]      667   0.003% 100.655% 
(  250000,  380000 ]      228   0.001% 100.656% 
(  380000,  570000 ]       65   0.000% 100.656% 
(  570000,  860000 ]       39   0.000% 100.656% 
(  860000, 1200000 ]       18   0.000% 100.656% 
( 1200000, 1900000 ]       14   0.000% 100.656% 
( 1900000, 2900000 ]        9   0.000% 100.656% 
( 2900000, 4300000 ]        7   0.000% 100.656% 
( 4300000, 6500000 ]        1   0.000% 100.656% 


** DB Stats **
Uptime(secs): 1182.2 total, 30.4 interval
Cumulative writes: 68M writes, 68M keys, 8930K commit groups, 7.7 writes per commit group, ingest: 67.17 GB, 58.18 MB/s
Cumulative WAL: 68M writes, 0 syncs, 68981840.00 writes per sync, written: 67.17 GB, 58.18 MB/s
Cumulative stall: 00:16:27.010 H:M:S, 83.5 percent
Interval writes: 1805K writes, 1805K keys, 232K commit groups, 7.8 writes per commit group, ingest: 1800.51 MB, 59.22 MB/s
Interval WAL: 1805K writes, 0 syncs, 1805727.00 writes per sync, written: 1.76 GB, 59.22 MB/s
Interval stall: 00:00:26.524 H:M:S, 87.2 percent
Write Stall (count): write-buffer-manager-limit-stops: 0
num-running-compactions: 14
num-running-flushes: 1

2026/08/31-11:53:07  ... thread 8: (120000,4312000) ops and (3921.4,3647.3) ops/second in (30.600990,1182.242333) seconds
2026/08/31-11:53:13  ... thread 10: (120000,4318000) ops and (3996.6,3635.5) ops/second in (30.025381,1187.741326) seconds
2026/08/31-11:53:13  ... thread 3: (120000,4320000) ops and (3998.8,3637.2) ops/second in (30.009065,1187.741427) seconds
2026/08/31-11:53:13  ... thread 9: (120000,4317000) ops and (3999.6,3634.6) ops/second in (30.003041,1187.742559) seconds
2026/08/31-11:53:13  ... thread 13: (120000,4318000) ops and (3998.3,3635.5) ops/second in (30.013012,1187.743211) seconds
2026/08/31-11:53:13  ... thread 6: (121000,4321000) ops and (4022.8,3637.8) ops/second in (30.078247,1187.795951) seconds
2026/08/31-11:53:13  ... thread 4: (121000,4320000) ops and (4023.4,3637.0) ops/second in (30.074274,1187.797151) seconds
2026/08/31-11:53:13  ... thread 11: (120000,4322000) ops and (3992.7,3638.7) ops/second in (30.055127,1187.800500) seconds
2026/08/31-11:53:13  ... thread 15: (120000,4319000) ops and (3989.3,3636.1) ops/second in (30.080140,1187.823100) seconds
2026/08/31-11:53:13  ... thread 12: (121000,4318000) ops and (4019.5,3635.2) ops/second in (30.103531,1187.831924) seconds
2026/08/31-11:53:13  ... thread 5: (121000,4317000) ops and (4019.2,3634.3) ops/second in (30.105741,1187.833698) seconds
2026/08/31-11:53:13  ... thread 14: (121000,4321000) ops and (4019.4,3637.7) ops/second in (30.103862,1187.833618) seconds
2026/08/31-11:53:13  ... thread 7: (121000,4321000) ops and (4021.1,3637.7) ops/second in (30.091448,1187.834931) seconds
2026/08/31-11:53:38  ... thread 2: (109000,4421000) ops and (3560.7,3645.2) ops/second in (30.612313,1212.827469) seconds
2026/08/31-11:53:38  ... thread 8: (109000,4421000) ops and (3471.3,3642.8) ops/second in (31.400190,1213.642523) seconds
2026/08/31-11:53:38  ... thread 1: (110000,4423000) ops and (3499.6,3644.4) ops/second in (31.432066,1213.652057) seconds
2026/08/31-11:53:38  ... thread 0: (109000,4420000) ops and (3468.7,3641.9) ops/second in (31.423777,1213.656508) seconds

** Compaction Stats [default] **
Level    Files   Size     Score Read(GB)  Rn(GB) Rnp1(GB) Write(GB) WPreComp(GB) Wnew(GB) Moved(GB) W-Amp Rd(MB/s) Wr(MB/s) Comp(sec) CompMergeCPU(sec) Comp(cnt) Avg(sec) KeyIn KeyDrop Rblob(GB) Wblob(GB)
-------------------------------------------------------------------------------------------------------------------------------------------------------------------------------------------------------------
  L0     19/17     4.38 GB   0.5     63.3     0.0     63.3     132.8     132.8     69.4       0.0   1.9     25.7     53.8   2526.32            285.88      1385    1.824    135M    67K       0.0       0.0
  L1    115/115    6.83 GB   0.0    176.5    65.0    111.4     172.9     172.9     61.5       0.0   2.7    357.0    349.8    506.27            540.12        34   14.890    179M  3604K       0.0       0.0
  L2    727/0     39.90 GB   1.0    144.8    46.0     98.8     134.3     134.3     35.5       8.7   2.9     20.0     18.6   7404.07            607.76       736   10.060    147M    10M       0.0       0.0
  L3     80/0      4.29 GB   0.0      0.0     0.0      0.0       0.0       0.0      0.0       4.3   0.0      0.0      0.0      0.00              0.00         0    0.000       0      0       0.0       0.0
 Sum    941/132   55.40 GB   0.0    384.6   111.0    273.6     440.0     440.0    166.4      13.0   6.3     37.7     43.2  10436.66           1433.77      2155    4.843    462M    14M       0.0       0.0
 Int      0/0      0.00 KB   0.0      0.2     0.0      0.2       0.3       0.3      0.1       0.0   5.0     19.4     24.2     12.93              0.88         2    6.467    310K    207       0.0       0.0

** Compaction Stats [default] **
Priority    Files   Size     Score Read(GB)  Rn(GB) Rnp1(GB) Write(GB) WPreComp(GB) Wnew(GB) Moved(GB) W-Amp Rd(MB/s) Wr(MB/s) Comp(sec) CompMergeCPU(sec) Comp(cnt) Avg(sec) KeyIn KeyDrop Rblob(GB) Wblob(GB)
----------------------------------------------------------------------------------------------------------------------------------------------------------------------------------------------------------------
 Low      0/0      0.00 KB   0.0    384.6   111.0    273.6     370.5     370.5     96.9       0.0   0.0     44.9     43.3   8767.83           1312.59      1013    8.655    391M    14M       0.0       0.0
High      0/0      0.00 KB   0.0      0.0     0.0      0.0      69.5      69.5     69.5       0.0   0.0      0.0     42.6   1668.83            121.18      1142    1.461     70M      0       0.0       0.0

Blob file count: 0, total size: 0.0 GB, garbage size: 0.0 GB, space amp: 0.0

Uptime(secs): 1213.7 total, 9.1 interval
Flush(GB): cumulative 69.486, interval 0.061
AddFile(GB): cumulative 0.000, interval 0.000
AddFile(Total Files): cumulative 0, interval 0
AddFile(L0 Files): cumulative 0, interval 0
AddFile(Keys): cumulative 0, interval 0
Cumulative compaction: 439.99 GB write, 371.23 MB/s write, 384.59 GB read, 324.49 MB/s read, 10436.7 seconds
Interval compaction: 0.31 GB write, 34.34 MB/s write, 0.24 GB read, 27.54 MB/s read, 12.9 seconds
Estimated pending compaction bytes: 55653605637
Write Stall (count): cf-l0-file-count-limit-delays-with-ongoing-compaction: 71, cf-l0-file-count-limit-stops-with-ongoing-compaction: 0, l0-file-count-limit-delays: 71, l0-file-count-limit-stops: 0, memtable-limit-delays: 0, memtable-limit-stops: 940, pending-compaction-bytes-delays: 0, pending-compaction-bytes-stops: 0, total-delays: 71, total-stops: 940
interval: 2 total count
Block cache AutoHyperClockCache@0x5cc2bb2b62d0#2301963 capacity: 512.00 MB seed: 1 usage: 13.34 MB table_size: 6080 occupancy: 3166 collections: 7 last_copies: 2 last_secs: 0.000266 secs_since: 129
Block cache entry stats(count,size,portion): Misc(3163,12.96 MB,2.53115%)

** File Read Latency Histogram By Level [default] **
** Level 0 read latency histogram (micros):
Count: 33069206 Average: 3.0574  StdDev: 1417.15
Min: 0  Median: 0.8854  Max: 4185179
Percentiles: P50: 0.89 P75: 1.50 P99: 2.97 P99.9: 4.43 P99.99: 5.19
------------------------------------------------------
[       0,       1 ] 18675682  56.475%  56.475% ###########
(       1,       2 ] 12268847  37.101%  93.575% #######
(       2,       3 ]  1851681   5.599%  99.174% #
(       3,       4 ]   223092   0.675%  99.849% 
(       4,       6 ]    78457   0.237% 100.086% 
(       6,      10 ]    37837   0.114% 100.201% 
(      10,      15 ]    13848   0.042% 100.243% 
(      15,      22 ]     8188   0.025% 100.267% 
(      22,      34 ]      572   0.002% 100.269% 
(      34,      51 ]       94   0.000% 100.269% 
(      51,      76 ]      458   0.001% 100.271% 
(      76,     110 ]      776   0.002% 100.273% 
(     110,     170 ]       36   0.000% 100.273% 
(     170,     250 ]       26   0.000% 100.273% 
(     250,     380 ]       97   0.000% 100.274% 
(     380,     580 ]       17   0.000% 100.274% 
(     580,     870 ]       42   0.000% 100.274% 
(     870,    1300 ]       79   0.000% 100.274% 
(    1300,    1900 ]       45   0.000% 100.274% 
(    1900,    2900 ]       15   0.000% 100.274% 
(    2900,    4400 ]       10   0.000% 100.274% 
(    4400,    6600 ]       10   0.000% 100.274% 
(    6600,    9900 ]        4   0.000% 100.274% 
(    9900,   14000 ]        2   0.000% 100.274% 
(   14000,   22000 ]        9   0.000% 100.274% 
(   22000,   33000 ]       23   0.000% 100.274% 
(   33000,   50000 ]       29   0.000% 100.274% 
(   50000,   75000 ]       48   0.000% 100.275% 
(   75000,  110000 ]       75   0.000% 100.275% 
(  110000,  170000 ]       42   0.000% 100.275% 
(  170000,  250000 ]       22   0.000% 100.275% 
(  250000,  380000 ]        6   0.000% 100.275% 
(  380000,  570000 ]        4   0.000% 100.275% 
(  570000,  860000 ]        4   0.000% 100.275% 
( 1200000, 1900000 ]        4   0.000% 100.275% 
( 1900000, 2900000 ]        3   0.000% 100.275% 
( 2900000, 4300000 ]        2   0.000% 100.275% 

** Level 1 read latency histogram (micros):
Count: 42361341 Average: 1.5573  StdDev: 3.88
Min: 0  Median: 0.8748  Max: 6356
Percentiles: P50: 0.87 P75: 1.51 P99: 3.32 P99.9: 4.66 P99.99: 5.06
------------------------------------------------------
[       0,       1 ] 24211051  57.154%  57.154% ###########
(       1,       2 ] 14833089  35.016%  92.169% #######
(       2,       3 ]  2742053   6.473%  98.642% #
(       3,       4 ]   469996   1.109%  99.752% 
(       4,       6 ]   191164   0.451% 100.203% 
(       6,      10 ]    80799   0.191% 100.394% 
(      10,      15 ]    21941   0.052% 100.446% 
(      15,      22 ]    14873   0.035% 100.481% 
(      22,      34 ]     1510   0.004% 100.484% 
(      34,      51 ]      286   0.001% 100.485% 
(      51,      76 ]     1021   0.002% 100.487% 
(      76,     110 ]     1280   0.003% 100.490% 
(     110,     170 ]      345   0.001% 100.491% 
(     170,     250 ]       97   0.000% 100.491% 
(     250,     380 ]       23   0.000% 100.491% 
(     380,     580 ]       21   0.000% 100.492% 
(     580,     870 ]       20   0.000% 100.492% 
(     870,    1300 ]        3   0.000% 100.492% 
(    1900,    2900 ]        3   0.000% 100.492% 
(    2900,    4400 ]       19   0.000% 100.492% 
(    4400,    6600 ]       10   0.000% 100.492% 

** Level 2 read latency histogram (micros):
Count: 22682909 Average: 76.2589  StdDev: 3884.92
Min: 0  Median: 1.2490  Max: 5199402
Percentiles: P50: 1.25 P75: 1.84 P99: 587.99 P99.9: 1294.63 P99.99: 1473.11
------------------------------------------------------
[       0,       1 ]  8949972  39.457%  39.457% ########
(       1,       2 ]  9603777  42.339%  81.796% ########
(       2,       3 ]  2510775  11.069%  92.865% ##
(       3,       4 ]   615124   2.712%  95.577% #
(       4,       6 ]   175106   0.772%  96.349% 
(       6,      10 ]    38483   0.170%  96.519% 
(      10,      15 ]    20133   0.089%  96.607% 
(      15,      22 ]    12089   0.053%  96.661% 
(      22,      34 ]     6119   0.027%  96.688% 
(      34,      51 ]    13787   0.061%  96.748% 
(      51,      76 ]    34363   0.151%  96.900% 
(      76,     110 ]    21587   0.095%  96.995% 
(     110,     170 ]    81468   0.359%  97.354% 
(     170,     250 ]   101129   0.446%  97.800% 
(     250,     380 ]   131690   0.581%  98.381% 
(     380,     580 ]   137096   0.604%  98.985% 
(     580,     870 ]   122703   0.541%  99.526% 
(     870,    1300 ]    85898   0.379%  99.905% 
(    1300,    1900 ]    67038   0.296% 100.200% 
(    1900,    2900 ]    48963   0.216% 100.416% 
(    2900,    4400 ]    23924   0.105% 100.522% 
(    4400,    6600 ]    12480   0.055% 100.577% 
(    6600,    9900 ]     4585   0.020% 100.597% 
(    9900,   14000 ]     1576   0.007% 100.604% 
(   14000,   22000 ]     1777   0.008% 100.612% 
(   22000,   33000 ]     1565   0.007% 100.619% 
(   33000,   50000 ]     1856   0.008% 100.627% 
(   50000,   75000 ]     1777   0.008% 100.635% 
(   75000,  110000 ]     1618   0.007% 100.642% 
(  110000,  170000 ]     1417   0.006% 100.648% 
(  170000,  250000 ]      691   0.003% 100.651% 
(  250000,  380000 ]      235   0.001% 100.652% 
(  380000,  570000 ]       65   0.000% 100.652% 
(  570000,  860000 ]       39   0.000% 100.652% 
(  860000, 1200000 ]       18   0.000% 100.653% 
( 1200000, 1900000 ]       15   0.000% 100.653% 
( 1900000, 2900000 ]        9   0.000% 100.653% 
( 2900000, 4300000 ]        7   0.000% 100.653% 
( 4300000, 6500000 ]        1   0.000% 100.653% 


** DB Stats **
Uptime(secs): 1213.7 total, 9.1 interval
Cumulative writes: 70M writes, 70M keys, 9158K commit groups, 7.7 writes per commit group, ingest: 68.88 GB, 58.11 MB/s
Cumulative WAL: 70M writes, 0 syncs, 70734895.00 writes per sync, written: 68.88 GB, 58.11 MB/s
Cumulative stall: 00:16:50.040 H:M:S, 83.2 percent
Interval writes: 74K writes, 74K keys, 13K commit groups, 5.7 writes per commit group, ingest: 74.03 MB, 8.14 MB/s
Interval WAL: 74K writes, 0 syncs, 74204.00 writes per sync, written: 0.07 GB, 8.14 MB/s
Interval stall: 00:00:5.151 H:M:S, 56.6 percent
Write Stall (count): write-buffer-manager-limit-stops: 0
num-running-compactions: 1
num-running-flushes: 0

2026/08/31-11:53:46  ... thread 12: (107000,4425000) ops and (3249.9,3624.8) ops/second in (32.924433,1220.756357) seconds
2026/08/31-11:53:46  ... thread 14: (107000,4428000) ops and (3249.9,3627.3) ops/second in (32.923669,1220.757287) seconds
2026/08/31-11:53:46  ... thread 6: (107000,4428000) ops and (3231.1,3626.8) ops/second in (33.116030,1220.911981) seconds
2026/08/31-11:53:46  ... thread 7: (107000,4428000) ops and (3215.2,3626.2) ops/second in (33.279321,1221.114252) seconds
2026/08/31-11:53:46  ... thread 4: (108000,4428000) ops and (3218.5,3625.5) ops/second in (33.556246,1221.353397) seconds
2026/08/31-11:53:46  ... thread 3: (109000,4429000) ops and (3216.1,3625.5) ops/second in (33.891642,1221.633069) seconds
2026/08/31-11:53:47  ... thread 10: (109000,4427000) ops and (3198.2,3623.3) ops/second in (34.081583,1221.822909) seconds
2026/08/31-11:53:47  ... thread 15: (108000,4427000) ops and (3173.0,3623.2) ops/second in (34.037537,1221.860637) seconds
2026/08/31-11:53:47  ... thread 9: (109000,4426000) ops and (3173.9,3621.7) ops/second in (34.342865,1222.085424) seconds
2026/08/31-11:53:47  ... thread 11: (108000,4430000) ops and (3146.8,3624.8) ops/second in (34.320944,1222.121444) seconds
2026/08/31-11:53:47  ... thread 5: (108000,4425000) ops and (3132.7,3620.2) ops/second in (34.475419,1222.309117) seconds
2026/08/31-11:53:47  ... thread 13: (109000,4427000) ops and (3140.6,3621.4) ops/second in (34.706688,1222.449899) seconds
2026/08/31-11:54:08  ... thread 2: (65000,4486000) ops and (2159.2,3609.2) ops/second in (30.103139,1242.930608) seconds
2026/08/31-11:54:10  ... thread 1: (72000,4495000) ops and (2300.1,3610.6) ops/second in (31.303213,1244.955270) seconds
2026/08/31-11:54:10  ... thread 0: (72000,4492000) ops and (2299.7,3608.1) ops/second in (31.308495,1244.965003) seconds

** Compaction Stats [default] **
Level    Files   Size     Score Read(GB)  Rn(GB) Rnp1(GB) Write(GB) WPreComp(GB) Wnew(GB) Moved(GB) W-Amp Rd(MB/s) Wr(MB/s) Comp(sec) CompMergeCPU(sec) Comp(cnt) Avg(sec) KeyIn KeyDrop Rblob(GB) Wblob(GB)
-------------------------------------------------------------------------------------------------------------------------------------------------------------------------------------------------------------
  L0     12/7      1.46 GB   1.2     64.0     0.0     64.0     134.6     134.6     70.6       0.0   1.9     25.6     53.7   2564.82            289.89      1406    1.824    136M    68K       0.0       0.0
  L1    154/16     8.90 GB   2.0    187.4    69.1    118.3     183.5     183.5     65.2       0.0   2.7    357.0    349.6    537.46            573.79        35   15.356    190M  3954K       0.0       0.0
  L2    750/41    41.16 GB   1.0    148.5    47.2    101.3     137.7     137.7     36.3       9.1   2.9     20.0     18.6   7589.95            627.25       759   10.000    151M    11M       0.0       0.0
  L3     80/0      4.29 GB   0.0      0.0     0.0      0.0       0.0       0.0      0.0       4.3   0.0      0.0      0.0      0.00              0.00         0    0.000       0      0       0.0       0.0
 Sum    996/64    55.81 GB   0.0    399.9   116.3    283.6     455.7     455.7    172.1      13.4   6.5     38.3     43.6  10692.23           1490.94      2200    4.860    478M    15M       0.0       0.0
 Int      0/0      0.00 KB   0.0     15.6     5.3     10.3      16.0      16.0      5.7       0.4  13.2     59.3     61.1    268.50             58.05        47    5.713     17M   760K       0.0       0.0

** Compaction Stats [default] **
Priority    Files   Size     Score Read(GB)  Rn(GB) Rnp1(GB) Write(GB) WPreComp(GB) Wnew(GB) Moved(GB) W-Amp Rd(MB/s) Wr(MB/s) Comp(sec) CompMergeCPU(sec) Comp(cnt) Avg(sec) KeyIn KeyDrop Rblob(GB) Wblob(GB)
----------------------------------------------------------------------------------------------------------------------------------------------------------------------------------------------------------------
 Low      0/0      0.00 KB   0.0    399.9   116.3    283.6     385.1     385.1    101.4       0.0   0.0     45.5     43.8   8993.15           1367.58      1039    8.656    406M    15M       0.0       0.0
High      0/0      0.00 KB   0.0      0.0     0.0      0.0      70.6      70.6     70.6       0.0   0.0      0.0     42.6   1699.09            123.36      1161    1.463     71M      0       0.0       0.0

Blob file count: 0, total size: 0.0 GB, garbage size: 0.0 GB, space amp: 0.0

Uptime(secs): 1245.0 total, 40.4 interval
Flush(GB): cumulative 70.641, interval 1.216
AddFile(GB): cumulative 0.000, interval 0.000
AddFile(Total Files): cumulative 0, interval 0
AddFile(L0 Files): cumulative 0, interval 0
AddFile(Keys): cumulative 0, interval 0
Cumulative compaction: 455.71 GB write, 374.82 MB/s write, 399.90 GB read, 328.92 MB/s read, 10692.2 seconds
Interval compaction: 16.03 GB write, 406.12 MB/s write, 15.56 GB read, 394.29 MB/s read, 268.5 seconds
Estimated pending compaction bytes: 53879033797
Write Stall (count): cf-l0-file-count-limit-delays-with-ongoing-compaction: 74, cf-l0-file-count-limit-stops-with-ongoing-compaction: 0, l0-file-count-limit-delays: 74, l0-file-count-limit-stops: 0, memtable-limit-delays: 0, memtable-limit-stops: 955, pending-compaction-bytes-delays: 0, pending-compaction-bytes-stops: 0, total-delays: 74, total-stops: 955
interval: 20 total count
Block cache AutoHyperClockCache@0x5cc2bb2b62d0#2301963 capacity: 512.00 MB seed: 1 usage: 13.34 MB table_size: 6080 occupancy: 3166 collections: 7 last_copies: 2 last_secs: 0.000266 secs_since: 160
Block cache entry stats(count,size,portion): Misc(3163,12.96 MB,2.53115%)

** File Read Latency Histogram By Level [default] **
** Level 0 read latency histogram (micros):
Count: 33744103 Average: 3.0548  StdDev: 1403.96
Min: 0  Median: 0.8869  Max: 4185179
Percentiles: P50: 0.89 P75: 1.50 P99: 2.97 P99.9: 4.47 P99.99: 5.21
------------------------------------------------------
[       0,       1 ] 19023911  56.377%  56.377% ###########
(       1,       2 ] 12535221  37.148%  93.525% #######
(       2,       3 ]  1900546   5.632%  99.157% #
(       3,       4 ]   231648   0.686%  99.844% 
(       4,       6 ]    81843   0.243% 100.086% 
(       6,      10 ]    38806   0.115% 100.201% 
(      10,      15 ]    14269   0.042% 100.243% 
(      15,      22 ]     8460   0.025% 100.268% 
(      22,      34 ]      588   0.002% 100.270% 
(      34,      51 ]       94   0.000% 100.271% 
(      51,      76 ]      461   0.001% 100.272% 
(      76,     110 ]      793   0.002% 100.274% 
(     110,     170 ]       37   0.000% 100.274% 
(     170,     250 ]       26   0.000% 100.274% 
(     250,     380 ]       98   0.000% 100.275% 
(     380,     580 ]       18   0.000% 100.275% 
(     580,     870 ]       42   0.000% 100.275% 
(     870,    1300 ]       79   0.000% 100.275% 
(    1300,    1900 ]       46   0.000% 100.275% 
(    1900,    2900 ]       15   0.000% 100.275% 
(    2900,    4400 ]       10   0.000% 100.275% 
(    4400,    6600 ]       10   0.000% 100.275% 
(    6600,    9900 ]        4   0.000% 100.275% 
(    9900,   14000 ]        2   0.000% 100.275% 
(   14000,   22000 ]       10   0.000% 100.275% 
(   22000,   33000 ]       23   0.000% 100.275% 
(   33000,   50000 ]       30   0.000% 100.276% 
(   50000,   75000 ]       51   0.000% 100.276% 
(   75000,  110000 ]       77   0.000% 100.276% 
(  110000,  170000 ]       45   0.000% 100.276% 
(  170000,  250000 ]       22   0.000% 100.276% 
(  250000,  380000 ]        6   0.000% 100.276% 
(  380000,  570000 ]        4   0.000% 100.276% 
(  570000,  860000 ]        4   0.000% 100.276% 
( 1200000, 1900000 ]        4   0.000% 100.276% 
( 1900000, 2900000 ]        3   0.000% 100.276% 
( 2900000, 4300000 ]        2   0.000% 100.276% 

** Level 1 read latency histogram (micros):
Count: 43523958 Average: 1.5638  StdDev: 3.86
Min: 0  Median: 0.8792  Max: 6356
Percentiles: P50: 0.88 P75: 1.52 P99: 3.37 P99.9: 4.74 P99.99: 5.13
------------------------------------------------------
[       0,       1 ] 24752554  56.871%  56.871% ###########
(       1,       2 ] 15268985  35.082%  91.953% #######
(       2,       3 ]  2882182   6.622%  98.575% #
(       3,       4 ]   500884   1.151%  99.726% 
(       4,       6 ]   203927   0.469% 100.194% 
(       6,      10 ]    84692   0.195% 100.389% 
(      10,      15 ]    23156   0.053% 100.442% 
(      15,      22 ]    15695   0.036% 100.478% 
(      22,      34 ]     1585   0.004% 100.482% 
(      34,      51 ]      298   0.001% 100.482% 
(      51,      76 ]     1085   0.002% 100.485% 
(      76,     110 ]     1369   0.003% 100.488% 
(     110,     170 ]      357   0.001% 100.489% 
(     170,     250 ]      100   0.000% 100.489% 
(     250,     380 ]       26   0.000% 100.489% 
(     380,     580 ]       23   0.000% 100.489% 
(     580,     870 ]       20   0.000% 100.489% 
(     870,    1300 ]        4   0.000% 100.489% 
(    1900,    2900 ]        4   0.000% 100.489% 
(    2900,    4400 ]       19   0.000% 100.489% 
(    4400,    6600 ]       10   0.000% 100.489% 

** Level 2 read latency histogram (micros):
Count: 23510037 Average: 77.4723  StdDev: 3918.91
Min: 0  Median: 1.2603  Max: 5199402
Percentiles: P50: 1.26 P75: 1.85 P99: 613.35 P99.9: 1333.83 P99.99: 1511.51
------------------------------------------------------
[       0,       1 ]  9157495  38.951%  38.951% ########
(       1,       2 ]  9978429  42.443%  81.395% ########
(       2,       3 ]  2640678  11.232%  92.627% ##
(       3,       4 ]   654610   2.784%  95.411% #
(       4,       6 ]   186169   0.792%  96.203% 
(       6,      10 ]    40212   0.171%  96.374% 
(      10,      15 ]    21358   0.091%  96.465% 
(      15,      22 ]    12753   0.054%  96.519% 
(      22,      34 ]     6235   0.027%  96.546% 
(      34,      51 ]    14556   0.062%  96.608% 
(      51,      76 ]    36637   0.156%  96.763% 
(      76,     110 ]    23067   0.098%  96.862% 
(     110,     170 ]    88193   0.375%  97.237% 
(     170,     250 ]   109532   0.466%  97.703% 
(     250,     380 ]   142683   0.607%  98.310% 
(     380,     580 ]   147283   0.626%  98.936% 
(     580,     870 ]   130885   0.557%  99.493% 
(     870,    1300 ]    91727   0.390%  99.883% 
(    1300,    1900 ]    71449   0.304% 100.187% 
(    1900,    2900 ]    52499   0.223% 100.410% 
(    2900,    4400 ]    25988   0.111% 100.521% 
(    4400,    6600 ]    13469   0.057% 100.578% 
(    6600,    9900 ]     4905   0.021% 100.599% 
(    9900,   14000 ]     1654   0.007% 100.606% 
(   14000,   22000 ]     1839   0.008% 100.614% 
(   22000,   33000 ]     1626   0.007% 100.621% 
(   33000,   50000 ]     1921   0.008% 100.629% 
(   50000,   75000 ]     1858   0.008% 100.637% 
(   75000,  110000 ]     1676   0.007% 100.644% 
(  110000,  170000 ]     1454   0.006% 100.650% 
(  170000,  250000 ]      720   0.003% 100.653% 
(  250000,  380000 ]      240   0.001% 100.654% 
(  380000,  570000 ]       65   0.000% 100.654% 
(  570000,  860000 ]       39   0.000% 100.654% 
(  860000, 1200000 ]       18   0.000% 100.655% 
( 1200000, 1900000 ]       19   0.000% 100.655% 
( 1900000, 2900000 ]       10   0.000% 100.655% 
( 2900000, 4300000 ]        7   0.000% 100.655% 
( 4300000, 6500000 ]        1   0.000% 100.655% 


** DB Stats **
Uptime(secs): 1245.0 total, 31.3 interval
Cumulative writes: 71M writes, 71M keys, 9310K commit groups, 7.7 writes per commit group, ingest: 70.00 GB, 57.58 MB/s
Cumulative WAL: 71M writes, 0 syncs, 71888724.00 writes per sync, written: 70.00 GB, 57.58 MB/s
Cumulative stall: 00:17:12.914 H:M:S, 83.0 percent
Interval writes: 1153K writes, 1153K keys, 151K commit groups, 7.6 writes per commit group, ingest: 1150.53 MB, 36.75 MB/s
Interval WAL: 1153K writes, 0 syncs, 1153829.00 writes per sync, written: 1.12 GB, 36.75 MB/s
Interval stall: 00:00:22.875 H:M:S, 73.1 percent
Write Stall (count): write-buffer-manager-limit-stops: 0
num-running-compactions: 18
num-running-flushes: 0

2026/08/31-11:54:10  ... thread 8: (73000,4494000) ops and (2329.1,3609.7) ops/second in (31.342363,1244.984886) seconds
2026/08/31-11:54:17  ... thread 11: (81000,4511000) ops and (2696.7,3602.6) ops/second in (30.036171,1252.157615) seconds
2026/08/31-11:54:17  ... thread 7: (81000,4509000) ops and (2608.3,3601.0) ops/second in (31.055148,1252.169400) seconds
2026/08/31-11:54:17  ... thread 6: (81000,4509000) ops and (2591.3,3600.9) ops/second in (31.258065,1252.170046) seconds
2026/08/31-11:54:17  ... thread 3: (81000,4510000) ops and (2652.3,3601.7) ops/second in (30.539486,1252.172555) seconds
2026/08/31-11:54:17  ... thread 15: (81000,4508000) ops and (2672.1,3600.1) ops/second in (30.312719,1252.173356) seconds
2026/08/31-11:54:17  ... thread 9: (81000,4507000) ops and (2691.9,3599.3) ops/second in (30.090683,1252.176107) seconds
2026/08/31-11:54:17  ... thread 10: (81000,4508000) ops and (2668.2,3600.1) ops/second in (30.357425,1252.180334) seconds
2026/08/31-11:54:17  ... thread 12: (82000,4507000) ops and (2609.2,3599.3) ops/second in (31.426969,1252.183326) seconds
2026/08/31-11:54:17  ... thread 14: (82000,4510000) ops and (2609.2,3601.7) ops/second in (31.427576,1252.184863) seconds
2026/08/31-11:54:17  ... thread 4: (82000,4510000) ops and (2659.3,3601.7) ops/second in (30.834630,1252.188027) seconds
2026/08/31-11:54:17  ... thread 5: (87000,4512000) ops and (2892.8,3602.7) ops/second in (30.074878,1252.383995) seconds
2026/08/31-11:54:18  ... thread 13: (89000,4516000) ops and (2907.0,3604.0) ops/second in (30.616108,1253.066007) seconds
2026/08/31-11:54:38  ... thread 2: (105000,4591000) ops and (3499.3,3606.6) ops/second in (30.005754,1272.936362) seconds
2026/08/31-11:54:40  ... thread 1: (132000,4627000) ops and (4346.4,3628.1) ops/second in (30.369841,1275.325111) seconds
2026/08/31-11:54:40  ... thread 0: (132000,4624000) ops and (4343.3,3625.7) ops/second in (30.391871,1275.356874) seconds

** Compaction Stats [default] **
Level    Files   Size     Score Read(GB)  Rn(GB) Rnp1(GB) Write(GB) WPreComp(GB) Wnew(GB) Moved(GB) W-Amp Rd(MB/s) Wr(MB/s) Comp(sec) CompMergeCPU(sec) Comp(cnt) Avg(sec) KeyIn KeyDrop Rblob(GB) Wblob(GB)
-------------------------------------------------------------------------------------------------------------------------------------------------------------------------------------------------------------
  L0     19/8      3.53 GB   2.8     66.4     0.0     66.4     139.0     139.0     72.6       0.0   1.9     25.7     53.9   2642.57            300.02      1449    1.824    141M    70K       0.0       0.0
  L1    118/0      7.08 GB   1.8    187.4    69.1    118.3     183.5     183.5     65.2       0.0   2.7    357.0    349.6    537.46            573.79        35   15.356    190M  3954K       0.0       0.0
  L2    734/0     39.92 GB   1.0    155.2    49.0    106.2     143.6     143.6     37.4       9.1   2.9     19.8     18.3   8044.38            667.74       794   10.131    157M    11M       0.0       0.0
  L3    124/0      6.61 GB   0.0      0.0     0.0      0.0       0.0       0.0      0.0       6.6   0.0      0.0      0.0      0.00              0.00         0    0.000       0      0       0.0       0.0
 Sum    995/8     57.14 GB   0.0    409.0   118.1    290.9     466.1     466.1    175.2      15.7   6.4     37.3     42.5  11224.41           1541.55      2278    4.927    490M    15M       0.0       0.0
 Int      0/0      0.00 KB   0.0      4.3     0.8      3.4       5.0       5.0      1.6       2.3   4.6     17.7     20.9    245.86             23.81        39    6.304   5452K   340K       0.0       0.0

** Compaction Stats [default] **
Priority    Files   Size     Score Read(GB)  Rn(GB) Rnp1(GB) Write(GB) WPreComp(GB) Wnew(GB) Moved(GB) W-Amp Rd(MB/s) Wr(MB/s) Comp(sec) CompMergeCPU(sec) Comp(cnt) Avg(sec) KeyIn KeyDrop Rblob(GB) Wblob(GB)
----------------------------------------------------------------------------------------------------------------------------------------------------------------------------------------------------------------
 Low      0/0      0.00 KB   0.0    409.0   118.1    290.9     393.4     393.4    102.5       0.0   0.0     44.2     42.5   9473.40           1414.48      1083    8.747    416M    15M       0.0       0.0
High      0/0      0.00 KB   0.0      0.0     0.0      0.0      72.7      72.7     72.7       0.0   0.0      0.0     42.5   1751.01            127.08      1195    1.465     73M      0       0.0       0.0

Blob file count: 0, total size: 0.0 GB, garbage size: 0.0 GB, space amp: 0.0

Uptime(secs): 1275.4 total, 10.8 interval
Flush(GB): cumulative 72.711, interval 1.096
AddFile(GB): cumulative 0.000, interval 0.000
AddFile(Total Files): cumulative 0, interval 0
AddFile(L0 Files): cumulative 0, interval 0
AddFile(Keys): cumulative 0, interval 0
Cumulative compaction: 466.09 GB write, 374.23 MB/s write, 408.95 GB read, 328.35 MB/s read, 11224.4 seconds
Interval compaction: 5.02 GB write, 476.85 MB/s write, 4.26 GB read, 404.57 MB/s read, 245.9 seconds
Estimated pending compaction bytes: 53197035210
Write Stall (count): cf-l0-file-count-limit-delays-with-ongoing-compaction: 74, cf-l0-file-count-limit-stops-with-ongoing-compaction: 0, l0-file-count-limit-delays: 74, l0-file-count-limit-stops: 0, memtable-limit-delays: 0, memtable-limit-stops: 981, pending-compaction-bytes-delays: 0, pending-compaction-bytes-stops: 0, total-delays: 74, total-stops: 981
interval: 14 total count
Block cache AutoHyperClockCache@0x5cc2bb2b62d0#2301963 capacity: 512.00 MB seed: 1 usage: 14.47 MB table_size: 6566 occupancy: 3434 collections: 8 last_copies: 0 last_secs: 0.000565 secs_since: 10
Block cache entry stats(count,size,portion): Misc(3434,14.07 MB,2.74801%)

** File Read Latency Histogram By Level [default] **
** Level 0 read latency histogram (micros):
Count: 34241331 Average: 3.1701  StdDev: 1474.18
Min: 0  Median: 0.8850  Max: 4185179
Percentiles: P50: 0.88 P75: 1.50 P99: 2.97 P99.9: 4.49 P99.99: 5.23
------------------------------------------------------
[       0,       1 ] 19345762  56.498%  56.498% ###########
(       1,       2 ] 12687691  37.054%  93.552% #######
(       2,       3 ]  1919557   5.606%  99.158% #
(       3,       4 ]   233798   0.683%  99.841% 
(       4,       6 ]    82776   0.242% 100.083% 
(       6,      10 ]    39260   0.115% 100.197% 
(      10,      15 ]    14443   0.042% 100.239% 
(      15,      22 ]     8567   0.025% 100.264% 
(      22,      34 ]      598   0.002% 100.266% 
(      34,      51 ]       96   0.000% 100.266% 
(      51,      76 ]      472   0.001% 100.268% 
(      76,     110 ]      819   0.002% 100.270% 
(     110,     170 ]       39   0.000% 100.270% 
(     170,     250 ]       27   0.000% 100.270% 
(     250,     380 ]      105   0.000% 100.271% 
(     380,     580 ]       18   0.000% 100.271% 
(     580,     870 ]       42   0.000% 100.271% 
(     870,    1300 ]       80   0.000% 100.271% 
(    1300,    1900 ]       49   0.000% 100.271% 
(    1900,    2900 ]       17   0.000% 100.271% 
(    2900,    4400 ]       10   0.000% 100.271% 
(    4400,    6600 ]       10   0.000% 100.271% 
(    6600,    9900 ]        4   0.000% 100.271% 
(    9900,   14000 ]        2   0.000% 100.271% 
(   14000,   22000 ]       10   0.000% 100.271% 
(   22000,   33000 ]       24   0.000% 100.271% 
(   33000,   50000 ]       32   0.000% 100.272% 
(   50000,   75000 ]       55   0.000% 100.272% 
(   75000,  110000 ]       80   0.000% 100.272% 
(  110000,  170000 ]       46   0.000% 100.272% 
(  170000,  250000 ]       22   0.000% 100.272% 
(  250000,  380000 ]        6   0.000% 100.272% 
(  380000,  570000 ]        4   0.000% 100.272% 
(  570000,  860000 ]        4   0.000% 100.272% 
( 1200000, 1900000 ]        4   0.000% 100.272% 
( 1900000, 2900000 ]        5   0.000% 100.272% 
( 2900000, 4300000 ]        2   0.000% 100.272% 

** Level 1 read latency histogram (micros):
Count: 43890624 Average: 1.5729  StdDev: 3.85
Min: 0  Median: 0.8854  Max: 6356
Percentiles: P50: 0.89 P75: 1.53 P99: 3.43 P99.9: 4.86 P99.99: 5.23
------------------------------------------------------
[       0,       1 ] 24785366  56.471%  56.471% ###########
(       1,       2 ] 15426486  35.148%  91.618% #######
(       2,       3 ]  3012433   6.864%  98.482% #
(       3,       4 ]   528780   1.205%  99.687% 
(       4,       6 ]   217059   0.495% 100.181% 
(       6,      10 ]    88655   0.202% 100.383% 
(      10,      15 ]    23978   0.055% 100.438% 
(      15,      22 ]    16510   0.038% 100.475% 
(      22,      34 ]     1670   0.004% 100.479% 
(      34,      51 ]      304   0.001% 100.480% 
(      51,      76 ]     1087   0.002% 100.482% 
(      76,     110 ]     1370   0.003% 100.485% 
(     110,     170 ]      358   0.001% 100.486% 
(     170,     250 ]      100   0.000% 100.487% 
(     250,     380 ]       26   0.000% 100.487% 
(     380,     580 ]       23   0.000% 100.487% 
(     580,     870 ]       20   0.000% 100.487% 
(     870,    1300 ]        4   0.000% 100.487% 
(    1900,    2900 ]        4   0.000% 100.487% 
(    2900,    4400 ]       19   0.000% 100.487% 
(    4400,    6600 ]       10   0.000% 100.487% 

** Level 2 read latency histogram (micros):
Count: 24455957 Average: 83.9838  StdDev: 4620.41
Min: 0  Median: 1.2807  Max: 5199402
Percentiles: P50: 1.28 P75: 1.87 P99: 667.52 P99.9: 1443.81 P99.99: 1610.47
------------------------------------------------------
[       0,       1 ]  9295459  38.009%  38.009% ########
(       1,       2 ] 10446398  42.715%  80.724% #########
(       2,       3 ]  2834386  11.590%  92.314% ##
(       3,       4 ]   703255   2.876%  95.189% #
(       4,       6 ]   201263   0.823%  96.012% 
(       6,      10 ]    42148   0.172%  96.185% 
(      10,      15 ]    23083   0.094%  96.279% 
(      15,      22 ]    13839   0.057%  96.336% 
(      22,      34 ]     6341   0.026%  96.362% 
(      34,      51 ]    15288   0.063%  96.424% 
(      51,      76 ]    39255   0.161%  96.585% 
(      76,     110 ]    24386   0.100%  96.684% 
(     110,     170 ]    94627   0.387%  97.071% 
(     170,     250 ]   117375   0.480%  97.551% 
(     250,     380 ]   152848   0.625%  98.176% 
(     380,     580 ]   158321   0.647%  98.824% 
(     580,     870 ]   142899   0.584%  99.408% 
(     870,    1300 ]   101337   0.414%  99.822% 
(    1300,    1900 ]    79242   0.324% 100.146% 
(    1900,    2900 ]    58799   0.240% 100.387% 
(    2900,    4400 ]    29277   0.120% 100.506% 
(    4400,    6600 ]    15101   0.062% 100.568% 
(    6600,    9900 ]     5529   0.023% 100.591% 
(    9900,   14000 ]     1917   0.008% 100.599% 
(   14000,   22000 ]     2108   0.009% 100.607% 
(   22000,   33000 ]     1862   0.008% 100.615% 
(   33000,   50000 ]     2148   0.009% 100.624% 
(   50000,   75000 ]     2064   0.008% 100.632% 
(   75000,  110000 ]     1843   0.008% 100.640% 
(  110000,  170000 ]     1653   0.007% 100.646% 
(  170000,  250000 ]      796   0.003% 100.650% 
(  250000,  380000 ]      253   0.001% 100.651% 
(  380000,  570000 ]       68   0.000% 100.651% 
(  570000,  860000 ]       39   0.000% 100.651% 
(  860000, 1200000 ]       18   0.000% 100.651% 
( 1200000, 1900000 ]       19   0.000% 100.651% 
( 1900000, 2900000 ]       23   0.000% 100.651% 
( 2900000, 4300000 ]       12   0.000% 100.651% 
( 4300000, 6500000 ]        1   0.000% 100.651% 


** DB Stats **
Uptime(secs): 1275.4 total, 10.8 interval
Cumulative writes: 74M writes, 74M keys, 9582K commit groups, 7.7 writes per commit group, ingest: 72.06 GB, 57.86 MB/s
Cumulative WAL: 74M writes, 0 syncs, 74003013.00 writes per sync, written: 72.06 GB, 57.86 MB/s
Cumulative stall: 00:17:39.577 H:M:S, 83.1 percent
Interval writes: 1004K writes, 1004K keys, 128K commit groups, 7.8 writes per commit group, ingest: 1001.72 MB, 92.86 MB/s
Interval WAL: 1004K writes, 0 syncs, 1004624.00 writes per sync, written: 0.98 GB, 92.86 MB/s
Interval stall: 00:00:9.656 H:M:S, 89.5 percent
Write Stall (count): write-buffer-manager-limit-stops: 0
num-running-compactions: 2
num-running-flushes: 1

2026/08/31-11:54:40  ... thread 8: (132000,4626000) ops and (4345.5,3627.2) ops/second in (30.376105,1275.360991) seconds
2026/08/31-11:54:51  ... thread 15: (170000,4678000) ops and (4963.0,3636.4) ops/second in (34.253349,1286.426705) seconds
2026/08/31-11:54:51  ... thread 12: (169000,4676000) ops and (4902.5,3634.2) ops/second in (34.472069,1286.655395) seconds
2026/08/31-11:54:52  ... thread 14: (170000,4680000) ops and (4874.8,3636.2) ops/second in (34.873087,1287.057950) seconds
2026/08/31-11:54:53  ... thread 5: (164000,4676000) ops and (4638.9,3631.2) ops/second in (35.353106,1287.737101) seconds
2026/08/31-11:54:53  ... thread 7: (171000,4680000) ops and (4807.7,3634.3) ops/second in (35.567889,1287.737289) seconds
2026/08/31-11:54:53  ... thread 10: (170000,4678000) ops and (4775.8,3632.6) ops/second in (35.596186,1287.776520) seconds
2026/08/31-11:54:53  ... thread 6: (171000,4680000) ops and (4774.3,3633.6) ops/second in (35.816898,1287.986944) seconds
2026/08/31-11:54:53  ... thread 4: (170000,4680000) ops and (4748.5,3633.6) ops/second in (35.800622,1287.988649) seconds
2026/08/31-11:54:53  ... thread 13: (163000,4679000) ops and (4666.9,3632.8) ops/second in (34.926904,1287.992911) seconds
2026/08/31-11:54:53  ... thread 11: (171000,4682000) ops and (4754.2,3634.7) ops/second in (35.968055,1288.125670) seconds
2026/08/31-11:54:53  ... thread 9: (171000,4678000) ops and (4756.5,3631.6) ops/second in (35.950597,1288.126704) seconds
2026/08/31-11:54:53  ... thread 3: (171000,4681000) ops and (4750.7,3633.8) ops/second in (35.994593,1288.167148) seconds
2026/08/31-11:55:10  ... thread 2: (98000,4689000) ops and (3060.5,3593.2) ops/second in (32.021332,1304.957694) seconds
2026/08/31-11:55:10  ... thread 1: (64000,4691000) ops and (2123.2,3593.3) ops/second in (30.142984,1305.468095) seconds
2026/08/31-11:55:12  ... thread 0: (64000,4688000) ops and (2010.1,3586.3) ops/second in (31.839517,1307.196391) seconds
2026/08/31-11:55:12  ... thread 8: (64000,4690000) ops and (2009.9,3587.8) ops/second in (31.842150,1307.203141) seconds

** Compaction Stats [default] **
Level    Files   Size     Score Read(GB)  Rn(GB) Rnp1(GB) Write(GB) WPreComp(GB) Wnew(GB) Moved(GB) W-Amp Rd(MB/s) Wr(MB/s) Comp(sec) CompMergeCPU(sec) Comp(cnt) Avg(sec) KeyIn KeyDrop Rblob(GB) Wblob(GB)
-------------------------------------------------------------------------------------------------------------------------------------------------------------------------------------------------------------
  L0     20/17     4.50 GB   0.8     67.4     0.0     67.4     141.0     141.0     73.6       0.0   1.9     25.8     54.0   2673.31            304.19      1469    1.820    143M    71K       0.0       0.0
  L1    118/118    7.08 GB   0.0    187.4    69.1    118.3     183.5     183.5     65.2       0.0   2.7    357.0    349.6    537.46            573.79        35   15.356    190M  3954K       0.0       0.0
  L2    734/0     39.92 GB   1.0    155.2    49.0    106.2     143.6     143.6     37.4       9.1   2.9     19.8     18.3   8044.38            667.74       794   10.131    157M    11M       0.0       0.0
  L3    124/0      6.61 GB   0.0      0.0     0.0      0.0       0.0       0.0      0.0       6.6   0.0      0.0      0.0      0.00              0.00         0    0.000       0      0       0.0       0.0
 Sum    996/135   58.12 GB   0.0    409.9   118.1    291.8     468.0     468.0    176.2      15.7   6.4     37.3     42.6  11255.15           1545.72      2298    4.898    492M    15M       0.0       0.0
 Int      0/0      0.00 KB   0.0      5.2     0.8      4.4       7.0       7.0      2.6       2.3   3.4     19.4     25.8    276.61             27.98        59    4.688   7438K   341K       0.0       0.0

** Compaction Stats [default] **
Priority    Files   Size     Score Read(GB)  Rn(GB) Rnp1(GB) Write(GB) WPreComp(GB) Wnew(GB) Moved(GB) W-Amp Rd(MB/s) Wr(MB/s) Comp(sec) CompMergeCPU(sec) Comp(cnt) Avg(sec) KeyIn KeyDrop Rblob(GB) Wblob(GB)
----------------------------------------------------------------------------------------------------------------------------------------------------------------------------------------------------------------
 Low      0/0      0.00 KB   0.0    409.9   118.1    291.8     394.4     394.4    102.5       0.0   0.0     44.3     42.6   9484.10           1416.96      1087    8.725    417M    15M       0.0       0.0
High      0/0      0.00 KB   0.0      0.0     0.0      0.0      73.7      73.7     73.7       0.0   0.0      0.0     42.6   1771.05            128.77      1211    1.462     74M      0       0.0       0.0

Blob file count: 0, total size: 0.0 GB, garbage size: 0.0 GB, space amp: 0.0

Uptime(secs): 1307.2 total, 42.6 interval
Flush(GB): cumulative 73.686, interval 2.072
AddFile(GB): cumulative 0.000, interval 0.000
AddFile(Total Files): cumulative 0, interval 0
AddFile(L0 Files): cumulative 0, interval 0
AddFile(Keys): cumulative 0, interval 0
Cumulative compaction: 468.05 GB write, 366.64 MB/s write, 409.93 GB read, 321.11 MB/s read, 11255.2 seconds
Interval compaction: 6.97 GB write, 167.44 MB/s write, 5.24 GB read, 125.76 MB/s read, 276.6 seconds
Estimated pending compaction bytes: 57821587519
Write Stall (count): cf-l0-file-count-limit-delays-with-ongoing-compaction: 81, cf-l0-file-count-limit-stops-with-ongoing-compaction: 0, l0-file-count-limit-delays: 81, l0-file-count-limit-stops: 0, memtable-limit-delays: 0, memtable-limit-stops: 990, pending-compaction-bytes-delays: 0, pending-compaction-bytes-stops: 0, total-delays: 81, total-stops: 990
interval: 30 total count
Block cache AutoHyperClockCache@0x5cc2bb2b62d0#2301963 capacity: 512.00 MB seed: 1 usage: 14.47 MB table_size: 6566 occupancy: 3434 collections: 8 last_copies: 0 last_secs: 0.000565 secs_since: 42
Block cache entry stats(count,size,portion): Misc(3434,14.07 MB,2.74801%)

** File Read Latency Histogram By Level [default] **
** Level 0 read latency histogram (micros):
Count: 35417290 Average: 3.1349  StdDev: 1449.96
Min: 0  Median: 0.8914  Max: 4185179
Percentiles: P50: 0.89 P75: 1.51 P99: 2.98 P99.9: 4.51 P99.99: 5.22
------------------------------------------------------
[       0,       1 ] 19866394  56.092%  56.092% ###########
(       1,       2 ] 13223809  37.337%  93.430% #######
(       2,       3 ]  2017399   5.696%  99.126% #
(       3,       4 ]   251857   0.711%  99.837% 
(       4,       6 ]    88698   0.250% 100.087% 
(       6,      10 ]    41065   0.116% 100.203% 
(      10,      15 ]    15268   0.043% 100.246% 
(      15,      22 ]     9040   0.026% 100.272% 
(      22,      34 ]      640   0.002% 100.274% 
(      34,      51 ]       99   0.000% 100.274% 
(      51,      76 ]      480   0.001% 100.275% 
(      76,     110 ]      830   0.002% 100.278% 
(     110,     170 ]       40   0.000% 100.278% 
(     170,     250 ]       27   0.000% 100.278% 
(     250,     380 ]      110   0.000% 100.278% 
(     380,     580 ]       18   0.000% 100.278% 
(     580,     870 ]       43   0.000% 100.278% 
(     870,    1300 ]       80   0.000% 100.278% 
(    1300,    1900 ]       49   0.000% 100.279% 
(    1900,    2900 ]       17   0.000% 100.279% 
(    2900,    4400 ]       10   0.000% 100.279% 
(    4400,    6600 ]       10   0.000% 100.279% 
(    6600,    9900 ]        5   0.000% 100.279% 
(    9900,   14000 ]        2   0.000% 100.279% 
(   14000,   22000 ]       10   0.000% 100.279% 
(   22000,   33000 ]       24   0.000% 100.279% 
(   33000,   50000 ]       33   0.000% 100.279% 
(   50000,   75000 ]       55   0.000% 100.279% 
(   75000,  110000 ]       83   0.000% 100.279% 
(  110000,  170000 ]       47   0.000% 100.279% 
(  170000,  250000 ]       22   0.000% 100.279% 
(  250000,  380000 ]        6   0.000% 100.279% 
(  380000,  570000 ]        4   0.000% 100.279% 
(  570000,  860000 ]        4   0.000% 100.279% 
( 1200000, 1900000 ]        4   0.000% 100.280% 
( 1900000, 2900000 ]        5   0.000% 100.280% 
( 2900000, 4300000 ]        2   0.000% 100.280% 

** Level 1 read latency histogram (micros):
Count: 45517960 Average: 1.5676  StdDev: 3.78
Min: 0  Median: 0.8806  Max: 6356
Percentiles: P50: 0.88 P75: 1.52 P99: 3.40 P99.9: 4.80 P99.99: 5.18
------------------------------------------------------
[       0,       1 ] 25845333  56.781%  56.781% ###########
(       1,       2 ] 15914255  34.963%  91.743% #######
(       2,       3 ]  3087446   6.783%  98.526% #
(       3,       4 ]   537320   1.180%  99.706% 
(       4,       6 ]   219372   0.482% 100.188% 
(       6,      10 ]    90505   0.199% 100.387% 
(      10,      15 ]    24772   0.054% 100.442% 
(      15,      22 ]    16984   0.037% 100.479% 
(      22,      34 ]     1715   0.004% 100.483% 
(      34,      51 ]      310   0.001% 100.483% 
(      51,      76 ]     1088   0.002% 100.486% 
(      76,     110 ]     1370   0.003% 100.489% 
(     110,     170 ]      358   0.001% 100.490% 
(     170,     250 ]      100   0.000% 100.490% 
(     250,     380 ]       26   0.000% 100.490% 
(     380,     580 ]       23   0.000% 100.490% 
(     580,     870 ]       20   0.000% 100.490% 
(     870,    1300 ]        4   0.000% 100.490% 
(    1900,    2900 ]        4   0.000% 100.490% 
(    2900,    4400 ]       19   0.000% 100.490% 
(    4400,    6600 ]       10   0.000% 100.490% 

** Level 2 read latency histogram (micros):
Count: 24455957 Average: 83.9838  StdDev: 4620.41
Min: 0  Median: 1.2807  Max: 5199402
Percentiles: P50: 1.28 P75: 1.87 P99: 667.52 P99.9: 1443.81 P99.99: 1610.47
------------------------------------------------------
[       0,       1 ]  9295459  38.009%  38.009% ########
(       1,       2 ] 10446398  42.715%  80.724% #########
(       2,       3 ]  2834386  11.590%  92.314% ##
(       3,       4 ]   703255   2.876%  95.189% #
(       4,       6 ]   201263   0.823%  96.012% 
(       6,      10 ]    42148   0.172%  96.185% 
(      10,      15 ]    23083   0.094%  96.279% 
(      15,      22 ]    13839   0.057%  96.336% 
(      22,      34 ]     6341   0.026%  96.362% 
(      34,      51 ]    15288   0.063%  96.424% 
(      51,      76 ]    39255   0.161%  96.585% 
(      76,     110 ]    24386   0.100%  96.684% 
(     110,     170 ]    94627   0.387%  97.071% 
(     170,     250 ]   117375   0.480%  97.551% 
(     250,     380 ]   152848   0.625%  98.176% 
(     380,     580 ]   158321   0.647%  98.824% 
(     580,     870 ]   142899   0.584%  99.408% 
(     870,    1300 ]   101337   0.414%  99.822% 
(    1300,    1900 ]    79242   0.324% 100.146% 
(    1900,    2900 ]    58799   0.240% 100.387% 
(    2900,    4400 ]    29277   0.120% 100.506% 
(    4400,    6600 ]    15101   0.062% 100.568% 
(    6600,    9900 ]     5529   0.023% 100.591% 
(    9900,   14000 ]     1917   0.008% 100.599% 
(   14000,   22000 ]     2108   0.009% 100.607% 
(   22000,   33000 ]     1862   0.008% 100.615% 
(   33000,   50000 ]     2148   0.009% 100.624% 
(   50000,   75000 ]     2064   0.008% 100.632% 
(   75000,  110000 ]     1843   0.008% 100.640% 
(  110000,  170000 ]     1653   0.007% 100.646% 
(  170000,  250000 ]      796   0.003% 100.650% 
(  250000,  380000 ]      253   0.001% 100.651% 
(  380000,  570000 ]       68   0.000% 100.651% 
(  570000,  860000 ]       39   0.000% 100.651% 
(  860000, 1200000 ]       18   0.000% 100.651% 
( 1200000, 1900000 ]       19   0.000% 100.651% 
( 1900000, 2900000 ]       23   0.000% 100.651% 
( 2900000, 4300000 ]       12   0.000% 100.651% 
( 4300000, 6500000 ]        1   0.000% 100.651% 


** DB Stats **
Uptime(secs): 1307.2 total, 31.9 interval
Cumulative writes: 75M writes, 75M keys, 9716K commit groups, 7.7 writes per commit group, ingest: 73.06 GB, 57.23 MB/s
Cumulative WAL: 75M writes, 0 syncs, 75030953.00 writes per sync, written: 73.06 GB, 57.23 MB/s
Cumulative stall: 00:18:0.516 H:M:S, 82.7 percent
Interval writes: 1027K writes, 1027K keys, 134K commit groups, 7.6 writes per commit group, ingest: 1024.98 MB, 32.17 MB/s
Interval WAL: 1027K writes, 0 syncs, 1027940.00 writes per sync, written: 1.00 GB, 32.17 MB/s
Interval stall: 00:00:20.940 H:M:S, 65.7 percent
Write Stall (count): write-buffer-manager-limit-stops: 0
num-running-compactions: 1
num-running-flushes: 0

2026/08/31-11:55:25  ... thread 15: (51000,4729000) ops and (1509.5,3582.0) ops/second in (33.785233,1320.211938) seconds
2026/08/31-11:55:25  ... thread 11: (50000,4732000) ops and (1558.2,3584.3) ops/second in (32.088843,1320.214513) seconds
2026/08/31-11:55:25  ... thread 6: (51000,4731000) ops and (1582.5,3583.5) ops/second in (32.227813,1320.214757) seconds
2026/08/31-11:55:25  ... thread 3: (50000,4731000) ops and (1560.1,3583.5) ops/second in (32.048854,1320.216002) seconds
2026/08/31-11:55:25  ... thread 10: (50000,4728000) ops and (1541.3,3581.2) ops/second in (32.440310,1320.216830) seconds
2026/08/31-11:55:25  ... thread 9: (50000,4728000) ops and (1558.0,3581.2) ops/second in (32.092787,1320.219491) seconds
2026/08/31-11:55:25  ... thread 4: (50000,4730000) ops and (1551.2,3582.7) ops/second in (32.232576,1320.221225) seconds
2026/08/31-11:55:25  ... thread 14: (50000,4730000) ops and (1507.7,3582.7) ops/second in (33.163434,1320.221384) seconds
2026/08/31-11:55:25  ... thread 5: (50000,4726000) ops and (1539.1,3579.7) ops/second in (32.486339,1320.223440) seconds
2026/08/31-11:55:25  ... thread 12: (51000,4727000) ops and (1519.3,3580.5) ops/second in (33.567997,1320.223392) seconds
2026/08/31-11:55:25  ... thread 13: (50000,4729000) ops and (1551.3,3582.0) ops/second in (32.230443,1320.223354) seconds
2026/08/31-11:55:25  ... thread 7: (51000,4731000) ops and (1569.6,3583.5) ops/second in (32.492739,1320.230028) seconds
2026/08/31-11:55:47  ... thread 8: (109000,4799000) ops and (3141.5,3576.3) ops/second in (34.697066,1341.900207) seconds
2026/08/31-11:55:47  ... thread 2: (111000,4800000) ops and (3003.2,3577.0) ops/second in (36.960655,1341.918349) seconds
2026/08/31-11:55:47  ... thread 0: (110000,4798000) ops and (3167.9,3575.5) ops/second in (34.723219,1341.919610) seconds

** Compaction Stats [default] **
Level    Files   Size     Score Read(GB)  Rn(GB) Rnp1(GB) Write(GB) WPreComp(GB) Wnew(GB) Moved(GB) W-Amp Rd(MB/s) Wr(MB/s) Comp(sec) CompMergeCPU(sec) Comp(cnt) Avg(sec) KeyIn KeyDrop Rblob(GB) Wblob(GB)
-------------------------------------------------------------------------------------------------------------------------------------------------------------------------------------------------------------
  L0     17/12     2.13 GB   1.2     68.8     0.0     68.8     144.1     144.1     75.4       0.0   1.9     25.7     53.9   2739.43            311.31      1501    1.825    146M    74K       0.0       0.0
  L1    143/16     8.63 GB   1.9    198.6    73.2    125.4     194.3     194.3     69.0       0.0   2.7    356.7    349.0    570.16            608.83        36   15.838    202M  4321K       0.0       0.0
  L2    761/51    41.61 GB   1.0    160.4    50.6    109.9     148.3     148.3     38.5       9.8   2.9     19.7     18.2   8324.47            694.58       820   10.152    163M    12M       0.0       0.0
  L3    124/0      6.61 GB   0.0      0.0     0.0      0.0       0.0       0.0      0.0       6.6   0.0      0.0      0.0      0.00              0.00         0    0.000       0      0       0.0       0.0
 Sum   1045/79    58.98 GB   0.0    427.8   123.8    304.0     486.8     486.8    182.8      16.4   6.5     37.7     42.8  11634.07           1614.72      2357    4.936    512M    16M       0.0       0.0
 Int      0/0      0.00 KB   0.0      3.1     0.6      2.5       3.6       3.6      1.2       0.0   5.0     19.7     23.0    160.95             15.34        24    6.706   3890K   209K       0.0       0.0

** Compaction Stats [default] **
Priority    Files   Size     Score Read(GB)  Rn(GB) Rnp1(GB) Write(GB) WPreComp(GB) Wnew(GB) Moved(GB) W-Amp Rd(MB/s) Wr(MB/s) Comp(sec) CompMergeCPU(sec) Comp(cnt) Avg(sec) KeyIn KeyDrop Rblob(GB) Wblob(GB)
----------------------------------------------------------------------------------------------------------------------------------------------------------------------------------------------------------------
 Low      0/0      0.00 KB   0.0    427.8   123.8    304.0     411.3     411.3    107.3       0.0   0.0     44.6     42.9   9822.43           1482.66      1117    8.794    435M    16M       0.0       0.0
High      0/0      0.00 KB   0.0      0.0     0.0      0.0      75.4      75.4     75.4       0.0   0.0      0.0     42.6   1811.63            132.06      1240    1.461     76M      0       0.0       0.0

Blob file count: 0, total size: 0.0 GB, garbage size: 0.0 GB, space amp: 0.0

Uptime(secs): 1341.9 total, 17.3 interval
Flush(GB): cumulative 75.449, interval 0.728
AddFile(GB): cumulative 0.000, interval 0.000
AddFile(Total Files): cumulative 0, interval 0
AddFile(L0 Files): cumulative 0, interval 0
AddFile(Keys): cumulative 0, interval 0
Cumulative compaction: 486.76 GB write, 371.44 MB/s write, 427.78 GB read, 326.43 MB/s read, 11634.1 seconds
Interval compaction: 3.62 GB write, 213.64 MB/s write, 3.10 GB read, 182.82 MB/s read, 160.9 seconds
Estimated pending compaction bytes: 57072207525
Write Stall (count): cf-l0-file-count-limit-delays-with-ongoing-compaction: 83, cf-l0-file-count-limit-stops-with-ongoing-compaction: 0, l0-file-count-limit-delays: 83, l0-file-count-limit-stops: 0, memtable-limit-delays: 0, memtable-limit-stops: 1018, pending-compaction-bytes-delays: 0, pending-compaction-bytes-stops: 0, total-delays: 83, total-stops: 1018
interval: 12 total count
Block cache AutoHyperClockCache@0x5cc2bb2b62d0#2301963 capacity: 512.00 MB seed: 1 usage: 14.47 MB table_size: 6566 occupancy: 3434 collections: 8 last_copies: 1 last_secs: 0.000565 secs_since: 77
Block cache entry stats(count,size,portion): Misc(3434,14.07 MB,2.74801%)

** File Read Latency Histogram By Level [default] **
** Level 0 read latency histogram (micros):
Count: 35974372 Average: 3.1362  StdDev: 1439.65
Min: 0  Median: 0.8895  Max: 4185179
Percentiles: P50: 0.89 P75: 1.50 P99: 2.98 P99.9: 4.54 P99.99: 5.26
------------------------------------------------------
[       0,       1 ] 20221418  56.211%  56.211% ###########
(       1,       2 ] 13394106  37.232%  93.443% #######
(       2,       3 ]  2042319   5.677%  99.120% #
(       3,       4 ]   256143   0.712%  99.832% 
(       4,       6 ]    90275   0.251% 100.083% 
(       6,      10 ]    41714   0.116% 100.199% 
(      10,      15 ]    15563   0.043% 100.242% 
(      15,      22 ]     9215   0.026% 100.268% 
(      22,      34 ]      651   0.002% 100.270% 
(      34,      51 ]       99   0.000% 100.270% 
(      51,      76 ]      497   0.001% 100.271% 
(      76,     110 ]      847   0.002% 100.274% 
(     110,     170 ]       41   0.000% 100.274% 
(     170,     250 ]       29   0.000% 100.274% 
(     250,     380 ]      110   0.000% 100.274% 
(     380,     580 ]       19   0.000% 100.274% 
(     580,     870 ]       45   0.000% 100.274% 
(     870,    1300 ]       81   0.000% 100.275% 
(    1300,    1900 ]       50   0.000% 100.275% 
(    1900,    2900 ]       17   0.000% 100.275% 
(    2900,    4400 ]       11   0.000% 100.275% 
(    4400,    6600 ]       10   0.000% 100.275% 
(    6600,    9900 ]        5   0.000% 100.275% 
(    9900,   14000 ]        2   0.000% 100.275% 
(   14000,   22000 ]       10   0.000% 100.275% 
(   22000,   33000 ]       26   0.000% 100.275% 
(   33000,   50000 ]       35   0.000% 100.275% 
(   50000,   75000 ]       56   0.000% 100.275% 
(   75000,  110000 ]       87   0.000% 100.275% 
(  110000,  170000 ]       50   0.000% 100.276% 
(  170000,  250000 ]       22   0.000% 100.276% 
(  250000,  380000 ]        6   0.000% 100.276% 
(  380000,  570000 ]        4   0.000% 100.276% 
(  570000,  860000 ]        4   0.000% 100.276% 
( 1200000, 1900000 ]        4   0.000% 100.276% 
( 1900000, 2900000 ]        5   0.000% 100.276% 
( 2900000, 4300000 ]        2   0.000% 100.276% 

** Level 1 read latency histogram (micros):
Count: 46333290 Average: 1.6900  StdDev: 94.89
Min: 0  Median: 0.8877  Max: 334001
Percentiles: P50: 0.89 P75: 1.53 P99: 3.47 P99.9: 4.95 P99.99: 5.30
------------------------------------------------------
[       0,       1 ] 26098051  56.327%  56.327% ###########
(       1,       2 ] 16244877  35.061%  91.388% #######
(       2,       3 ]  3257949   7.032%  98.419% #
(       3,       4 ]   574309   1.240%  99.659% 
(       4,       6 ]   235834   0.509% 100.168% 
(       6,      10 ]    95668   0.206% 100.374% 
(      10,      15 ]    26106   0.056% 100.431% 
(      15,      22 ]    17952   0.039% 100.469% 
(      22,      34 ]     1819   0.004% 100.473% 
(      34,      51 ]      351   0.001% 100.474% 
(      51,      76 ]     1230   0.003% 100.477% 
(      76,     110 ]     1528   0.003% 100.480% 
(     110,     170 ]      666   0.001% 100.481% 
(     170,     250 ]      392   0.001% 100.482% 
(     250,     380 ]      428   0.001% 100.483% 
(     380,     580 ]      363   0.001% 100.484% 
(     580,     870 ]      338   0.001% 100.485% 
(     870,    1300 ]      237   0.001% 100.485% 
(    1300,    1900 ]      178   0.000% 100.486% 
(    1900,    2900 ]      155   0.000% 100.486% 
(    2900,    4400 ]      110   0.000% 100.486% 
(    4400,    6600 ]       55   0.000% 100.486% 
(    6600,    9900 ]       11   0.000% 100.486% 
(    9900,   14000 ]        7   0.000% 100.486% 
(   14000,   22000 ]        7   0.000% 100.486% 
(   22000,   33000 ]        3   0.000% 100.486% 
(   33000,   50000 ]        6   0.000% 100.486% 
(   50000,   75000 ]        5   0.000% 100.486% 
(   75000,  110000 ]        6   0.000% 100.486% 
(  110000,  170000 ]        7   0.000% 100.486% 
(  170000,  250000 ]        2   0.000% 100.486% 
(  250000,  380000 ]        1   0.000% 100.486% 

** Level 2 read latency histogram (micros):
Count: 25723458 Average: 88.8156  StdDev: 4635.45
Min: 0  Median: 1.2956  Max: 5199402
Percentiles: P50: 1.30 P75: 1.88 P99: 704.61 P99.9: 1509.57 P99.99: 1669.36
------------------------------------------------------
[       0,       1 ]  9601865  37.327%  37.327% #######
(       1,       2 ] 11026324  42.865%  80.192% #########
(       2,       3 ]  3045935  11.841%  92.033% ##
(       3,       4 ]   759692   2.953%  94.987% #
(       4,       6 ]   218224   0.848%  95.835% 
(       6,      10 ]    44920   0.175%  96.009% 
(      10,      15 ]    24907   0.097%  96.106% 
(      15,      22 ]    14943   0.058%  96.164% 
(      22,      34 ]     6637   0.026%  96.190% 
(      34,      51 ]    16207   0.063%  96.253% 
(      51,      76 ]    42239   0.164%  96.417% 
(      76,     110 ]    26317   0.102%  96.520% 
(     110,     170 ]   102989   0.400%  96.920% 
(     170,     250 ]   127966   0.497%  97.418% 
(     250,     380 ]   167056   0.649%  98.067% 
(     380,     580 ]   172672   0.671%  98.738% 
(     580,     870 ]   156698   0.609%  99.347% 
(     870,    1300 ]   111780   0.435%  99.782% 
(    1300,    1900 ]    86931   0.338% 100.120% 
(    1900,    2900 ]    64749   0.252% 100.372% 
(    2900,    4400 ]    32374   0.126% 100.497% 
(    4400,    6600 ]    16676   0.065% 100.562% 
(    6600,    9900 ]     6078   0.024% 100.586% 
(    9900,   14000 ]     2188   0.009% 100.594% 
(   14000,   22000 ]     2421   0.009% 100.604% 
(   22000,   33000 ]     2128   0.008% 100.612% 
(   33000,   50000 ]     2431   0.009% 100.622% 
(   50000,   75000 ]     2372   0.009% 100.631% 
(   75000,  110000 ]     2124   0.008% 100.639% 
(  110000,  170000 ]     1884   0.007% 100.646% 
(  170000,  250000 ]      904   0.004% 100.650% 
(  250000,  380000 ]      285   0.001% 100.651% 
(  380000,  570000 ]       71   0.000% 100.651% 
(  570000,  860000 ]       42   0.000% 100.651% 
(  860000, 1200000 ]       20   0.000% 100.652% 
( 1200000, 1900000 ]       19   0.000% 100.652% 
( 1900000, 2900000 ]       25   0.000% 100.652% 
( 2900000, 4300000 ]       12   0.000% 100.652% 
( 4300000, 6500000 ]        1   0.000% 100.652% 


** DB Stats **
Uptime(secs): 1341.9 total, 17.3 interval
Cumulative writes: 76M writes, 76M keys, 9946K commit groups, 7.7 writes per commit group, ingest: 74.77 GB, 57.06 MB/s
Cumulative WAL: 76M writes, 0 syncs, 76785777.00 writes per sync, written: 74.77 GB, 57.06 MB/s
Cumulative stall: 00:18:30.005 H:M:S, 82.7 percent
Interval writes: 625K writes, 625K keys, 81K commit groups, 7.6 writes per commit group, ingest: 623.87 MB, 35.98 MB/s
Interval WAL: 625K writes, 0 syncs, 625651.00 writes per sync, written: 0.61 GB, 35.98 MB/s
Interval stall: 00:00:16.388 H:M:S, 94.5 percent
Write Stall (count): write-buffer-manager-limit-stops: 0
num-running-compactions: 18
num-running-flushes: 1

2026/08/31-11:55:47  ... thread 1: (111000,4802000) ops and (3045.0,3578.5) ops/second in (36.452792,1341.920887) seconds
2026/08/31-11:55:56  ... thread 4: (104000,4834000) ops and (3410.0,3578.8) ops/second in (30.498573,1350.719798) seconds
2026/08/31-11:55:56  ... thread 6: (104000,4835000) ops and (3409.1,3579.6) ops/second in (30.506203,1350.720960) seconds
2026/08/31-11:55:56  ... thread 14: (104000,4834000) ops and (3409.7,3578.8) ops/second in (30.501011,1350.722395) seconds
2026/08/31-11:55:56  ... thread 12: (104000,4831000) ops and (3409.6,3576.6) ops/second in (30.501956,1350.725348) seconds
2026/08/31-11:55:56  ... thread 9: (104000,4832000) ops and (3409.1,3577.3) ops/second in (30.506697,1350.726188) seconds
2026/08/31-11:55:56  ... thread 10: (104000,4832000) ops and (3408.5,3577.3) ops/second in (30.512254,1350.729084) seconds
2026/08/31-11:55:56  ... thread 5: (104000,4830000) ops and (3409.0,3575.8) ops/second in (30.507724,1350.731164) seconds
2026/08/31-11:55:56  ... thread 7: (104000,4835000) ops and (3409.6,3579.5) ops/second in (30.502515,1350.732543) seconds
2026/08/31-11:55:56  ... thread 13: (104000,4833000) ops and (3406.0,3578.0) ops/second in (30.534182,1350.757536) seconds
2026/08/31-11:55:56  ... thread 3: (105000,4836000) ops and (3436.5,3580.2) ops/second in (30.554406,1350.770408) seconds
2026/08/31-11:55:56  ... thread 15: (105000,4834000) ops and (3436.0,3578.7) ops/second in (30.558480,1350.770418) seconds
2026/08/31-11:55:56  ... thread 11: (105000,4837000) ops and (3436.0,3580.9) ops/second in (30.558996,1350.773509) seconds
2026/08/31-11:56:17  ... thread 8: (149000,4948000) ops and (4945.6,3606.3) ops/second in (30.127553,1372.027760) seconds
2026/08/31-11:56:17  ... thread 1: (148000,4950000) ops and (4915.8,3607.8) ops/second in (30.107283,1372.028170) seconds
2026/08/31-11:56:18  ... thread 2: (148000,4948000) ops and (4809.6,3604.6) ops/second in (30.772032,1372.690381) seconds
2026/08/31-11:56:22  ... thread 0: (149000,4947000) ops and (4198.6,3591.5) ops/second in (35.488180,1377.407790) seconds

** Compaction Stats [default] **
Level    Files   Size     Score Read(GB)  Rn(GB) Rnp1(GB) Write(GB) WPreComp(GB) Wnew(GB) Moved(GB) W-Amp Rd(MB/s) Wr(MB/s) Comp(sec) CompMergeCPU(sec) Comp(cnt) Avg(sec) KeyIn KeyDrop Rblob(GB) Wblob(GB)
-------------------------------------------------------------------------------------------------------------------------------------------------------------------------------------------------------------
  L0     20/17     4.44 GB   0.8     71.1     0.0     71.1     148.8     148.8     77.7       0.0   1.9     25.9     54.3   2807.78            321.94      1548    1.814    151M    77K       0.0       0.0
  L1    115/115    6.88 GB   0.0    198.6    73.2    125.4     194.3     194.3     69.0       0.0   2.7    356.7    349.0    570.16            608.83        36   15.838    202M  4321K       0.0       0.0
  L2    725/0     39.89 GB   1.0    167.0    52.3    114.7     154.2     154.2     39.5       9.8   2.9     19.5     18.0   8778.18            733.48       848   10.352    170M    13M       0.0       0.0
  L3    176/0      9.34 GB   0.0      0.0     0.0      0.0       0.0       0.0      0.0       9.3   0.0      0.0      0.0      0.00              0.00         0    0.000       0      0       0.0       0.0
 Sum   1036/132   60.55 GB   0.0    436.8   125.6    311.2     497.3     497.3    186.1      19.1   6.4     36.8     41.9  12156.12           1664.26      2432    4.998    523M    17M       0.0       0.0
 Int      0/0      0.00 KB   0.0     12.1     2.4      9.7      14.2      14.2      4.5       2.7   4.7     18.1     21.3    683.00             64.87        99    6.899     15M   963K       0.0       0.0

** Compaction Stats [default] **
Priority    Files   Size     Score Read(GB)  Rn(GB) Rnp1(GB) Write(GB) WPreComp(GB) Wnew(GB) Moved(GB) W-Amp Rd(MB/s) Wr(MB/s) Comp(sec) CompMergeCPU(sec) Comp(cnt) Avg(sec) KeyIn KeyDrop Rblob(GB) Wblob(GB)
----------------------------------------------------------------------------------------------------------------------------------------------------------------------------------------------------------------
 Low      0/0      0.00 KB   0.0    436.8   125.6    311.2     419.6     419.6    108.4       0.0   0.0     43.4     41.7  10307.67           1528.13      1154    8.932    444M    17M       0.0       0.0
High      0/0      0.00 KB   0.0      0.0     0.0      0.0      77.8      77.8     77.8       0.0   0.0      0.0     43.1   1848.44            136.13      1278    1.446     79M      0       0.0       0.0

Blob file count: 0, total size: 0.0 GB, garbage size: 0.0 GB, space amp: 0.0

Uptime(secs): 1377.4 total, 52.8 interval
Flush(GB): cumulative 77.765, interval 3.043
AddFile(GB): cumulative 0.000, interval 0.000
AddFile(Total Files): cumulative 0, interval 0
AddFile(L0 Files): cumulative 0, interval 0
AddFile(Keys): cumulative 0, interval 0
Cumulative compaction: 497.33 GB write, 369.72 MB/s write, 436.77 GB read, 324.71 MB/s read, 12156.1 seconds
Interval compaction: 14.18 GB write, 274.89 MB/s write, 12.09 GB read, 234.26 MB/s read, 683.0 seconds
Estimated pending compaction bytes: 56980485282
Write Stall (count): cf-l0-file-count-limit-delays-with-ongoing-compaction: 84, cf-l0-file-count-limit-stops-with-ongoing-compaction: 0, l0-file-count-limit-delays: 84, l0-file-count-limit-stops: 0, memtable-limit-delays: 0, memtable-limit-stops: 1052, pending-compaction-bytes-delays: 0, pending-compaction-bytes-stops: 0, total-delays: 84, total-stops: 1052
interval: 47 total count
Block cache AutoHyperClockCache@0x5cc2bb2b62d0#2301963 capacity: 512.00 MB seed: 1 usage: 14.47 MB table_size: 6566 occupancy: 3434 collections: 8 last_copies: 1 last_secs: 0.000565 secs_since: 112
Block cache entry stats(count,size,portion): Misc(3434,14.07 MB,2.74801%)

** File Read Latency Histogram By Level [default] **
** Level 0 read latency histogram (micros):
Count: 36885475 Average: 3.1101  StdDev: 1422.08
Min: 0  Median: 0.8910  Max: 4185179
Percentiles: P50: 0.89 P75: 1.51 P99: 2.98 P99.9: 4.54 P99.99: 5.25
------------------------------------------------------
[       0,       1 ] 20699719  56.119%  56.119% ###########
(       1,       2 ] 13764886  37.318%  93.437% #######
(       2,       3 ]  2094049   5.677%  99.114% #
(       3,       4 ]   264698   0.718%  99.832% 
(       4,       6 ]    93446   0.253% 100.085% 
(       6,      10 ]    42868   0.116% 100.201% 
(      10,      15 ]    15984   0.043% 100.244% 
(      15,      22 ]     9424   0.026% 100.270% 
(      22,      34 ]      664   0.002% 100.272% 
(      34,      51 ]      104   0.000% 100.272% 
(      51,      76 ]      513   0.001% 100.273% 
(      76,     110 ]      867   0.002% 100.276% 
(     110,     170 ]       41   0.000% 100.276% 
(     170,     250 ]       30   0.000% 100.276% 
(     250,     380 ]      117   0.000% 100.276% 
(     380,     580 ]       21   0.000% 100.276% 
(     580,     870 ]       45   0.000% 100.277% 
(     870,    1300 ]       81   0.000% 100.277% 
(    1300,    1900 ]       50   0.000% 100.277% 
(    1900,    2900 ]       19   0.000% 100.277% 
(    2900,    4400 ]       11   0.000% 100.277% 
(    4400,    6600 ]       10   0.000% 100.277% 
(    6600,    9900 ]        5   0.000% 100.277% 
(    9900,   14000 ]        2   0.000% 100.277% 
(   14000,   22000 ]       10   0.000% 100.277% 
(   22000,   33000 ]       27   0.000% 100.277% 
(   33000,   50000 ]       37   0.000% 100.277% 
(   50000,   75000 ]       57   0.000% 100.277% 
(   75000,  110000 ]       90   0.000% 100.278% 
(  110000,  170000 ]       50   0.000% 100.278% 
(  170000,  250000 ]       22   0.000% 100.278% 
(  250000,  380000 ]        6   0.000% 100.278% 
(  380000,  570000 ]        4   0.000% 100.278% 
(  570000,  860000 ]        4   0.000% 100.278% 
( 1200000, 1900000 ]        4   0.000% 100.278% 
( 1900000, 2900000 ]        5   0.000% 100.278% 
( 2900000, 4300000 ]        2   0.000% 100.278% 

** Level 1 read latency histogram (micros):
Count: 47330882 Average: 1.6903  StdDev: 93.89
Min: 0  Median: 0.8890  Max: 334001
Percentiles: P50: 0.89 P75: 1.54 P99: 3.49 P99.9: 4.98 P99.99: 5.32
------------------------------------------------------
[       0,       1 ] 26618854  56.240%  56.240% ###########
(       1,       2 ] 16580771  35.032%  91.272% #######
(       2,       3 ]  3365989   7.112%  98.383% #
(       3,       4 ]   597657   1.263%  99.646% 
(       4,       6 ]   246089   0.520% 100.166% 
(       6,      10 ]    98865   0.209% 100.375% 
(      10,      15 ]    27027   0.057% 100.432% 
(      15,      22 ]    18605   0.039% 100.471% 
(      22,      34 ]     1899   0.004% 100.475% 
(      34,      51 ]      355   0.001% 100.476% 
(      51,      76 ]     1230   0.003% 100.478% 
(      76,     110 ]     1529   0.003% 100.482% 
(     110,     170 ]      666   0.001% 100.483% 
(     170,     250 ]      392   0.001% 100.484% 
(     250,     380 ]      428   0.001% 100.485% 
(     380,     580 ]      363   0.001% 100.486% 
(     580,     870 ]      338   0.001% 100.486% 
(     870,    1300 ]      237   0.001% 100.487% 
(    1300,    1900 ]      178   0.000% 100.487% 
(    1900,    2900 ]      155   0.000% 100.488% 
(    2900,    4400 ]      110   0.000% 100.488% 
(    4400,    6600 ]       55   0.000% 100.488% 
(    6600,    9900 ]       11   0.000% 100.488% 
(    9900,   14000 ]        7   0.000% 100.488% 
(   14000,   22000 ]        7   0.000% 100.488% 
(   22000,   33000 ]        3   0.000% 100.488% 
(   33000,   50000 ]        6   0.000% 100.488% 
(   50000,   75000 ]        5   0.000% 100.488% 
(   75000,  110000 ]        6   0.000% 100.488% 
(  110000,  170000 ]        7   0.000% 100.488% 
(  170000,  250000 ]        2   0.000% 100.488% 
(  250000,  380000 ]        1   0.000% 100.488% 

** Level 2 read latency histogram (micros):
Count: 26485157 Average: 90.5656  StdDev: 4602.50
Min: 0  Median: 1.3049  Max: 5199402
Percentiles: P50: 1.30 P75: 1.89 P99: 723.02 P99.9: 1544.48 P99.99: 1701.18
------------------------------------------------------
[       0,       1 ]  9773192  36.901%  36.901% #######
(       1,       2 ] 11379686  42.966%  79.867% #########
(       2,       3 ]  3171637  11.975%  91.842% ##
(       3,       4 ]   795609   3.004%  94.846% #
(       4,       6 ]   228586   0.863%  95.709% 
(       6,      10 ]    46631   0.176%  95.885% 
(      10,      15 ]    26038   0.098%  95.983% 
(      15,      22 ]    15576   0.059%  96.042% 
(      22,      34 ]     7373   0.028%  96.070% 
(      34,      51 ]    17230   0.065%  96.135% 
(      51,      76 ]    44974   0.170%  96.305% 
(      76,     110 ]    27939   0.105%  96.410% 
(     110,     170 ]   108522   0.410%  96.820% 
(     170,     250 ]   135138   0.510%  97.330% 
(     250,     380 ]   177279   0.669%  98.000% 
(     380,     580 ]   183322   0.692%  98.692% 
(     580,     870 ]   165404   0.625%  99.317% 
(     870,    1300 ]   117346   0.443%  99.760% 
(    1300,    1900 ]    91270   0.345% 100.104% 
(    1900,    2900 ]    68323   0.258% 100.362% 
(    2900,    4400 ]    34396   0.130% 100.492% 
(    4400,    6600 ]    17689   0.067% 100.559% 
(    6600,    9900 ]     6310   0.024% 100.583% 
(    9900,   14000 ]     2270   0.009% 100.591% 
(   14000,   22000 ]     2515   0.009% 100.601% 
(   22000,   33000 ]     2233   0.008% 100.609% 
(   33000,   50000 ]     2557   0.010% 100.619% 
(   50000,   75000 ]     2486   0.009% 100.628% 
(   75000,  110000 ]     2235   0.008% 100.637% 
(  110000,  170000 ]     1996   0.008% 100.644% 
(  170000,  250000 ]      956   0.004% 100.648% 
(  250000,  380000 ]      310   0.001% 100.649% 
(  380000,  570000 ]       71   0.000% 100.649% 
(  570000,  860000 ]       42   0.000% 100.649% 
(  860000, 1200000 ]       20   0.000% 100.649% 
( 1200000, 1900000 ]       19   0.000% 100.650% 
( 1900000, 2900000 ]       25   0.000% 100.650% 
( 2900000, 4300000 ]       12   0.000% 100.650% 
( 4300000, 6500000 ]        1   0.000% 100.650% 


** DB Stats **
Uptime(secs): 1377.4 total, 35.5 interval
Cumulative writes: 79M writes, 79M keys, 10M commit groups, 7.7 writes per commit group, ingest: 77.09 GB, 57.31 MB/s
Cumulative WAL: 79M writes, 0 syncs, 79171925.00 writes per sync, written: 77.09 GB, 57.31 MB/s
Cumulative stall: 00:18:53.965 H:M:S, 82.3 percent
Interval writes: 2386K writes, 2386K keys, 306K commit groups, 7.8 writes per commit group, ingest: 2379.23 MB, 67.04 MB/s
Interval WAL: 2386K writes, 0 syncs, 2386148.00 writes per sync, written: 2.32 GB, 67.04 MB/s
Interval stall: 00:00:23.960 H:M:S, 67.5 percent
Write Stall (count): write-buffer-manager-limit-stops: 0
num-running-compactions: 1
num-running-flushes: 0

2026/08/31-11:56:26  ... thread 4: (117000,4951000) ops and (3865.2,3585.1) ops/second in (30.269901,1380.989699) seconds
2026/08/31-11:56:26  ... thread 13: (117000,4950000) ops and (3808.8,3583.1) ops/second in (30.718553,1381.476089) seconds
2026/08/31-11:56:27  ... thread 10: (117000,4949000) ops and (3766.0,3581.6) ops/second in (31.067307,1381.796391) seconds
2026/08/31-11:56:27  ... thread 12: (118000,4949000) ops and (3715.5,3579.8) ops/second in (31.758531,1382.483879) seconds
2026/08/31-11:56:27  ... thread 3: (117000,4953000) ops and (3675.6,3582.4) ops/second in (31.831416,1382.601824) seconds
2026/08/31-11:56:28  ... thread 9: (118000,4950000) ops and (3670.3,3579.5) ops/second in (32.149822,1382.876010) seconds
2026/08/31-11:56:28  ... thread 14: (118000,4952000) ops and (3663.8,3580.8) ops/second in (32.206648,1382.929043) seconds
2026/08/31-11:56:28  ... thread 5: (118000,4948000) ops and (3643.6,3577.4) ops/second in (32.385703,1383.116867) seconds
2026/08/31-11:56:28  ... thread 6: (118000,4953000) ops and (3631.2,3580.8) ops/second in (32.496063,1383.217023) seconds
2026/08/31-11:56:28  ... thread 11: (117000,4954000) ops and (3592.3,3581.2) ops/second in (32.569979,1383.343488) seconds
2026/08/31-11:56:28  ... thread 7: (118000,4953000) ops and (3617.5,3580.4) ops/second in (32.619101,1383.351644) seconds
2026/08/31-11:56:28  ... thread 15: (118000,4952000) ops and (3608.3,3579.4) ops/second in (32.702335,1383.472753) seconds
2026/08/31-11:56:50  ... thread 1: (45000,4995000) ops and (1356.7,3554.7) ops/second in (33.169840,1405.198010) seconds
2026/08/31-11:56:50  ... thread 2: (45000,4993000) ops and (1383.9,3553.2) ops/second in (32.517483,1405.207864) seconds
2026/08/31-11:56:50  ... thread 8: (46000,4994000) ops and (1386.4,3553.9) ops/second in (33.179906,1405.207666) seconds
2026/08/31-11:56:53  ... thread 0: (60000,5007000) ops and (1968.6,3556.4) ops/second in (30.478625,1407.886415) seconds

** Compaction Stats [default] **
Level    Files   Size     Score Read(GB)  Rn(GB) Rnp1(GB) Write(GB) WPreComp(GB) Wnew(GB) Moved(GB) W-Amp Rd(MB/s) Wr(MB/s) Comp(sec) CompMergeCPU(sec) Comp(cnt) Avg(sec) KeyIn KeyDrop Rblob(GB) Wblob(GB)
-------------------------------------------------------------------------------------------------------------------------------------------------------------------------------------------------------------
  L0      8/0      1.15 GB   2.0     71.9     0.0     71.9     150.6     150.6     78.7       0.0   1.9     25.9     54.2   2846.19            325.74      1566    1.817    153M    78K       0.0       0.0
  L1    159/17     9.41 GB   2.1    209.7    77.5    132.2     205.1     205.1     72.9       0.0   2.6    358.1    350.2    599.80            643.81        37   16.211    213M  4692K       0.0       0.0
  L2    743/42    40.97 GB   1.0    169.4    53.1    116.3     156.3     156.3     40.0      10.3   2.9     19.5     18.0   8900.05            746.58       863   10.313    172M    13M       0.0       0.0
  L3    176/0      9.34 GB   0.0      0.0     0.0      0.0       0.0       0.0      0.0       9.3   0.0      0.0      0.0      0.00              0.00         0    0.000       0      0       0.0       0.0
 Sum   1086/59    60.88 GB   0.0    451.0   130.6    320.4     511.9     511.9    191.5      19.7   6.5     37.4     42.5  12346.03           1716.14      2466    5.007    539M    18M       0.0       0.0
 Int      0/0      0.00 KB   0.0     14.3     5.1      9.2      14.5      14.5      5.3       0.5  15.9     77.7     79.1    188.23             51.76        33    5.704     15M   657K       0.0       0.0

** Compaction Stats [default] **
Priority    Files   Size     Score Read(GB)  Rn(GB) Rnp1(GB) Write(GB) WPreComp(GB) Wnew(GB) Moved(GB) W-Amp Rd(MB/s) Wr(MB/s) Comp(sec) CompMergeCPU(sec) Comp(cnt) Avg(sec) KeyIn KeyDrop Rblob(GB) Wblob(GB)
----------------------------------------------------------------------------------------------------------------------------------------------------------------------------------------------------------------
 Low      0/0      0.00 KB   0.0    451.0   130.6    320.4     433.2     433.2    112.8       0.0   0.0     44.1     42.4  10474.03           1578.13      1172    8.937    458M    18M       0.0       0.0
High      0/0      0.00 KB   0.0      0.0     0.0      0.0      78.7      78.7     78.7       0.0   0.0      0.0     43.1   1872.00            138.00      1294    1.447     80M      0       0.0       0.0

Blob file count: 0, total size: 0.0 GB, garbage size: 0.0 GB, space amp: 0.0

Uptime(secs): 1407.9 total, 23.2 interval
Flush(GB): cumulative 78.738, interval 0.912
AddFile(GB): cumulative 0.000, interval 0.000
AddFile(Total Files): cumulative 0, interval 0
AddFile(L0 Files): cumulative 0, interval 0
AddFile(Keys): cumulative 0, interval 0
Cumulative compaction: 511.93 GB write, 372.34 MB/s write, 451.05 GB read, 328.06 MB/s read, 12346.0 seconds
Interval compaction: 14.54 GB write, 640.64 MB/s write, 14.28 GB read, 628.97 MB/s read, 188.2 seconds
Estimated pending compaction bytes: 55418561057
Write Stall (count): cf-l0-file-count-limit-delays-with-ongoing-compaction: 87, cf-l0-file-count-limit-stops-with-ongoing-compaction: 0, l0-file-count-limit-delays: 87, l0-file-count-limit-stops: 0, memtable-limit-delays: 0, memtable-limit-stops: 1066, pending-compaction-bytes-delays: 0, pending-compaction-bytes-stops: 0, total-delays: 87, total-stops: 1066
interval: 15 total count
Block cache AutoHyperClockCache@0x5cc2bb2b62d0#2301963 capacity: 512.00 MB seed: 1 usage: 14.47 MB table_size: 6566 occupancy: 3434 collections: 8 last_copies: 2 last_secs: 0.000565 secs_since: 143
Block cache entry stats(count,size,portion): Misc(3434,14.07 MB,2.74801%)

** File Read Latency Histogram By Level [default] **
** Level 0 read latency histogram (micros):
Count: 37752167 Average: 3.0955  StdDev: 1406.39
Min: 0  Median: 0.8947  Max: 4185179
Percentiles: P50: 0.89 P75: 1.51 P99: 2.99 P99.9: 4.57 P99.99: 5.26
------------------------------------------------------
[       0,       1 ] 21097581  55.884%  55.884% ###########
(       1,       2 ] 14133740  37.438%  93.323% #######
(       2,       3 ]  2175417   5.762%  99.085% #
(       3,       4 ]   279819   0.741%  99.826% 
(       4,       6 ]    98138   0.260% 100.086% 
(       6,      10 ]    44351   0.117% 100.204% 
(      10,      15 ]    16702   0.044% 100.248% 
(      15,      22 ]     9834   0.026% 100.274% 
(      22,      34 ]      700   0.002% 100.276% 
(      34,      51 ]      108   0.000% 100.276% 
(      51,      76 ]      516   0.001% 100.277% 
(      76,     110 ]      881   0.002% 100.280% 
(     110,     170 ]       42   0.000% 100.280% 
(     170,     250 ]       30   0.000% 100.280% 
(     250,     380 ]      118   0.000% 100.280% 
(     380,     580 ]       22   0.000% 100.280% 
(     580,     870 ]       46   0.000% 100.280% 
(     870,    1300 ]       82   0.000% 100.281% 
(    1300,    1900 ]       50   0.000% 100.281% 
(    1900,    2900 ]       19   0.000% 100.281% 
(    2900,    4400 ]       11   0.000% 100.281% 
(    4400,    6600 ]       10   0.000% 100.281% 
(    6600,    9900 ]        5   0.000% 100.281% 
(    9900,   14000 ]        2   0.000% 100.281% 
(   14000,   22000 ]       10   0.000% 100.281% 
(   22000,   33000 ]       29   0.000% 100.281% 
(   33000,   50000 ]       37   0.000% 100.281% 
(   50000,   75000 ]       58   0.000% 100.281% 
(   75000,  110000 ]       92   0.000% 100.282% 
(  110000,  170000 ]       52   0.000% 100.282% 
(  170000,  250000 ]       22   0.000% 100.282% 
(  250000,  380000 ]        6   0.000% 100.282% 
(  380000,  570000 ]        4   0.000% 100.282% 
(  570000,  860000 ]        4   0.000% 100.282% 
( 1200000, 1900000 ]        4   0.000% 100.282% 
( 1900000, 2900000 ]        5   0.000% 100.282% 
( 2900000, 4300000 ]        2   0.000% 100.282% 

** Level 1 read latency histogram (micros):
Count: 48677730 Average: 1.7961  StdDev: 127.22
Min: 0  Median: 0.8914  Max: 334001
Percentiles: P50: 0.89 P75: 1.54 P99: 3.52 P99.9: 5.04 P99.99: 5.38
------------------------------------------------------
[       0,       1 ] 27304190  56.092%  56.092% ###########
(       1,       2 ] 17049374  35.025%  91.117% #######
(       2,       3 ]  3512719   7.216%  98.333% #
(       3,       4 ]   627980   1.290%  99.623% 
(       4,       6 ]   258613   0.531% 100.154% 
(       6,      10 ]   103115   0.212% 100.366% 
(      10,      15 ]    28290   0.058% 100.424% 
(      15,      22 ]    19594   0.040% 100.465% 
(      22,      34 ]     1996   0.004% 100.469% 
(      34,      51 ]      402   0.001% 100.470% 
(      51,      76 ]     1338   0.003% 100.472% 
(      76,     110 ]     1694   0.003% 100.476% 
(     110,     170 ]      971   0.002% 100.478% 
(     170,     250 ]      696   0.001% 100.479% 
(     250,     380 ]      819   0.002% 100.481% 
(     380,     580 ]      654   0.001% 100.482% 
(     580,     870 ]      630   0.001% 100.483% 
(     870,    1300 ]      563   0.001% 100.485% 
(    1300,    1900 ]      459   0.001% 100.486% 
(    1900,    2900 ]      336   0.001% 100.486% 
(    2900,    4400 ]      166   0.000% 100.487% 
(    4400,    6600 ]       92   0.000% 100.487% 
(    6600,    9900 ]       30   0.000% 100.487% 
(    9900,   14000 ]       10   0.000% 100.487% 
(   14000,   22000 ]       17   0.000% 100.487% 
(   22000,   33000 ]        5   0.000% 100.487% 
(   33000,   50000 ]       13   0.000% 100.487% 
(   50000,   75000 ]       14   0.000% 100.487% 
(   75000,  110000 ]       12   0.000% 100.487% 
(  110000,  170000 ]       10   0.000% 100.487% 
(  170000,  250000 ]        3   0.000% 100.487% 
(  250000,  380000 ]        3   0.000% 100.487% 

** Level 2 read latency histogram (micros):
Count: 27085156 Average: 91.7294  StdDev: 4575.50
Min: 0  Median: 1.3122  Max: 5199402
Percentiles: P50: 1.31 P75: 1.89 P99: 738.44 P99.9: 1569.80 P99.99: 1722.04
------------------------------------------------------
[       0,       1 ]  9902475  36.561%  36.561% #######
(       1,       2 ] 11659782  43.049%  79.609% #########
(       2,       3 ]  3272865  12.084%  91.693% ##
(       3,       4 ]   826102   3.050%  94.743% #
(       4,       6 ]   238097   0.879%  95.622% 
(       6,      10 ]    48073   0.177%  95.799% 
(      10,      15 ]    26926   0.099%  95.899% 
(      15,      22 ]    16104   0.059%  95.958% 
(      22,      34 ]     7442   0.027%  95.986% 
(      34,      51 ]    17813   0.066%  96.051% 
(      51,      76 ]    46628   0.172%  96.224% 
(      76,     110 ]    28929   0.107%  96.330% 
(     110,     170 ]   113736   0.420%  96.750% 
(     170,     250 ]   141433   0.522%  97.272% 
(     250,     380 ]   184916   0.683%  97.955% 
(     380,     580 ]   189378   0.699%  98.654% 
(     580,     870 ]   171331   0.633%  99.287% 
(     870,    1300 ]   122844   0.454%  99.741% 
(    1300,    1900 ]    96068   0.355% 100.095% 
(    1900,    2900 ]    71466   0.264% 100.359% 
(    2900,    4400 ]    35572   0.131% 100.490% 
(    4400,    6600 ]    18322   0.068% 100.558% 
(    6600,    9900 ]     6595   0.024% 100.582% 
(    9900,   14000 ]     2386   0.009% 100.591% 
(   14000,   22000 ]     2634   0.010% 100.601% 
(   22000,   33000 ]     2326   0.009% 100.610% 
(   33000,   50000 ]     2639   0.010% 100.619% 
(   50000,   75000 ]     2590   0.010% 100.629% 
(   75000,  110000 ]     2308   0.009% 100.637% 
(  110000,  170000 ]     2067   0.008% 100.645% 
(  170000,  250000 ]      982   0.004% 100.649% 
(  250000,  380000 ]      324   0.001% 100.650% 
(  380000,  570000 ]       73   0.000% 100.650% 
(  570000,  860000 ]       43   0.000% 100.650% 
(  860000, 1200000 ]       20   0.000% 100.650% 
( 1200000, 1900000 ]       19   0.000% 100.650% 
( 1900000, 2900000 ]       25   0.000% 100.650% 
( 2900000, 4300000 ]       12   0.000% 100.651% 
( 4300000, 6500000 ]        1   0.000% 100.651% 


** DB Stats **
Uptime(secs): 1407.9 total, 23.2 interval
Cumulative writes: 80M writes, 80M keys, 10M commit groups, 7.7 writes per commit group, ingest: 78.03 GB, 56.76 MB/s
Cumulative WAL: 80M writes, 0 syncs, 80136569.00 writes per sync, written: 78.03 GB, 56.76 MB/s
Cumulative stall: 00:19:15.237 H:M:S, 82.1 percent
Interval writes: 910K writes, 910K keys, 119K commit groups, 7.6 writes per commit group, ingest: 907.97 MB, 39.07 MB/s
Interval WAL: 910K writes, 0 syncs, 910569.00 writes per sync, written: 0.89 GB, 39.07 MB/s
Interval stall: 00:00:16.079 H:M:S, 69.2 percent
Write Stall (count): write-buffer-manager-limit-stops: 0
num-running-compactions: 18
num-running-flushes: 0

2026/08/31-11:57:00  ... thread 6: (72000,5025000) ops and (2220.9,3549.6) ops/second in (32.419901,1415.636924) seconds
2026/08/31-11:57:00  ... thread 13: (73000,5023000) ops and (2136.8,3548.2) ops/second in (34.163044,1415.639133) seconds
2026/08/31-11:57:00  ... thread 5: (72000,5020000) ops and (2213.4,3546.1) ops/second in (32.529447,1415.646314) seconds
2026/08/31-11:57:00  ... thread 3: (72000,5025000) ops and (2178.8,3549.6) ops/second in (33.045729,1415.647553) seconds
2026/08/31-11:57:00  ... thread 12: (72000,5021000) ops and (2170.9,3546.8) ops/second in (33.165654,1415.649533) seconds
2026/08/31-11:57:00  ... thread 9: (72000,5022000) ops and (2196.8,3547.5) ops/second in (32.775061,1415.651071) seconds
2026/08/31-11:57:00  ... thread 11: (72000,5026000) ops and (2228.5,3550.3) ops/second in (32.308408,1415.651896) seconds
2026/08/31-11:57:00  ... thread 10: (73000,5022000) ops and (2156.2,3547.5) ops/second in (33.856476,1415.652867) seconds
2026/08/31-11:57:00  ... thread 4: (73000,5024000) ops and (2105.7,3548.9) ops/second in (34.668548,1415.658247) seconds
2026/08/31-11:57:00  ... thread 15: (72000,5024000) ops and (2236.6,3548.9) ops/second in (32.192374,1415.665127) seconds
2026/08/31-11:57:00  ... thread 14: (72000,5024000) ops and (2199.3,3548.9) ops/second in (32.737405,1415.666448) seconds
2026/08/31-11:57:00  ... thread 7: (72000,5025000) ops and (2227.9,3549.6) ops/second in (32.317214,1415.668858) seconds
2026/08/31-11:57:20  ... thread 2: (108000,5101000) ops and (3558.9,3553.3) ops/second in (30.346112,1435.553976) seconds
2026/08/31-11:57:20  ... thread 1: (109000,5104000) ops and (3588.3,3555.4) ops/second in (30.376371,1435.574381) seconds
2026/08/31-11:57:20  ... thread 8: (109000,5103000) ops and (3588.9,3554.7) ops/second in (30.371008,1435.578674) seconds
2026/08/31-11:57:25  ... thread 0: (100000,5107000) ops and (3058.6,3545.1) ops/second in (32.695042,1440.581457) seconds

** Compaction Stats [default] **
Level    Files   Size     Score Read(GB)  Rn(GB) Rnp1(GB) Write(GB) WPreComp(GB) Wnew(GB) Moved(GB) W-Amp Rd(MB/s) Wr(MB/s) Comp(sec) CompMergeCPU(sec) Comp(cnt) Avg(sec) KeyIn KeyDrop Rblob(GB) Wblob(GB)
-------------------------------------------------------------------------------------------------------------------------------------------------------------------------------------------------------------
  L0     13/4      2.67 GB   2.2     73.4     0.0     73.4     153.6     153.6     80.2       0.0   1.9     25.8     54.0   2909.28            332.82      1595    1.824    156M    81K       0.0       0.0
  L1    129/15     7.68 GB   1.7    209.7    77.5    132.2     205.1     205.1     72.9       0.0   2.6    358.1    350.2    599.80            643.81        37   16.211    213M  4692K       0.0       0.0
  L2    765/53    42.00 GB   1.0    175.8    54.9    120.8     161.9     161.9     41.1      10.3   2.9     19.3     17.8   9303.76            782.96       893   10.419    178M    14M       0.0       0.0
  L3    176/0      9.34 GB   0.0      0.0     0.0      0.0       0.0       0.0      0.0       9.3   0.0      0.0      0.0      0.00              0.00         0    0.000       0      0       0.0       0.0
 Sum   1083/72    61.70 GB   0.0    458.9   132.4    326.5     520.6     520.6    194.1      19.7   6.5     36.7     41.6  12812.84           1759.60      2525    5.074    548M    18M       0.0       0.0
 Int      0/0      0.00 KB   0.0     22.1     6.9     15.3      23.2      23.2      7.9       0.5   9.5     34.6     36.2    655.04             95.23        92    7.120     24M  1396K       0.0       0.0

** Compaction Stats [default] **
Priority    Files   Size     Score Read(GB)  Rn(GB) Rnp1(GB) Write(GB) WPreComp(GB) Wnew(GB) Moved(GB) W-Amp Rd(MB/s) Wr(MB/s) Comp(sec) CompMergeCPU(sec) Comp(cnt) Avg(sec) KeyIn KeyDrop Rblob(GB) Wblob(GB)
----------------------------------------------------------------------------------------------------------------------------------------------------------------------------------------------------------------
 Low      0/0      0.00 KB   0.0    458.9   132.4    326.5     440.3     440.3    113.8       0.0   0.0     43.1     41.4  10901.69           1618.70      1206    9.040    466M    18M       0.0       0.0
High      0/0      0.00 KB   0.0      0.0     0.0      0.0      80.3      80.3     80.3       0.0   0.0      0.0     43.0   1911.15            140.90      1319    1.449     81M      0       0.0       0.0

Blob file count: 0, total size: 0.0 GB, garbage size: 0.0 GB, space amp: 0.0

Uptime(secs): 1440.6 total, 55.9 interval
Flush(GB): cumulative 80.260, interval 2.435
AddFile(GB): cumulative 0.000, interval 0.000
AddFile(Total Files): cumulative 0, interval 0
AddFile(L0 Files): cumulative 0, interval 0
AddFile(Keys): cumulative 0, interval 0
Cumulative compaction: 520.57 GB write, 370.03 MB/s write, 458.89 GB read, 326.19 MB/s read, 12812.8 seconds
Interval compaction: 23.18 GB write, 424.34 MB/s write, 22.12 GB read, 404.92 MB/s read, 655.0 seconds
Estimated pending compaction bytes: 56333537951
Write Stall (count): cf-l0-file-count-limit-delays-with-ongoing-compaction: 87, cf-l0-file-count-limit-stops-with-ongoing-compaction: 0, l0-file-count-limit-delays: 87, l0-file-count-limit-stops: 0, memtable-limit-delays: 0, memtable-limit-stops: 1091, pending-compaction-bytes-delays: 0, pending-compaction-bytes-stops: 0, total-delays: 87, total-stops: 1091
interval: 40 total count
Block cache AutoHyperClockCache@0x5cc2bb2b62d0#2301963 capacity: 512.00 MB seed: 1 usage: 14.47 MB table_size: 6566 occupancy: 3434 collections: 8 last_copies: 2 last_secs: 0.000565 secs_since: 176
Block cache entry stats(count,size,portion): Misc(3434,14.07 MB,2.74801%)

** File Read Latency Histogram By Level [default] **
** Level 0 read latency histogram (micros):
Count: 38185554 Average: 3.1282  StdDev: 1408.07
Min: 0  Median: 0.8932  Max: 4185179
Percentiles: P50: 0.89 P75: 1.51 P99: 2.99 P99.9: 4.60 P99.99: 5.29
------------------------------------------------------
[       0,       1 ] 21374546  55.975%  55.975% ###########
(       1,       2 ] 14268905  37.367%  93.343% #######
(       2,       3 ]  2191449   5.739%  99.082% #
(       3,       4 ]   282877   0.741%  99.823% 
(       4,       6 ]    99463   0.260% 100.083% 
(       6,      10 ]    44848   0.117% 100.200% 
(      10,      15 ]    16877   0.044% 100.245% 
(      15,      22 ]     9950   0.026% 100.271% 
(      22,      34 ]      704   0.002% 100.273% 
(      34,      51 ]      110   0.000% 100.273% 
(      51,      76 ]      526   0.001% 100.274% 
(      76,     110 ]      899   0.002% 100.277% 
(     110,     170 ]       42   0.000% 100.277% 
(     170,     250 ]       30   0.000% 100.277% 
(     250,     380 ]      119   0.000% 100.277% 
(     380,     580 ]       24   0.000% 100.277% 
(     580,     870 ]       47   0.000% 100.277% 
(     870,    1300 ]       82   0.000% 100.277% 
(    1300,    1900 ]       50   0.000% 100.278% 
(    1900,    2900 ]       21   0.000% 100.278% 
(    2900,    4400 ]       11   0.000% 100.278% 
(    4400,    6600 ]       11   0.000% 100.278% 
(    6600,    9900 ]        6   0.000% 100.278% 
(    9900,   14000 ]        2   0.000% 100.278% 
(   14000,   22000 ]       10   0.000% 100.278% 
(   22000,   33000 ]       29   0.000% 100.278% 
(   33000,   50000 ]       41   0.000% 100.278% 
(   50000,   75000 ]       59   0.000% 100.278% 
(   75000,  110000 ]       95   0.000% 100.278% 
(  110000,  170000 ]       54   0.000% 100.278% 
(  170000,  250000 ]       23   0.000% 100.279% 
(  250000,  380000 ]        6   0.000% 100.279% 
(  380000,  570000 ]        4   0.000% 100.279% 
(  570000,  860000 ]        4   0.000% 100.279% 
(  860000, 1200000 ]        1   0.000% 100.279% 
( 1200000, 1900000 ]        4   0.000% 100.279% 
( 1900000, 2900000 ]        5   0.000% 100.279% 
( 2900000, 4300000 ]        2   0.000% 100.279% 

** Level 1 read latency histogram (micros):
Count: 49215881 Average: 1.8040  StdDev: 126.52
Min: 0  Median: 0.8985  Max: 334001
Percentiles: P50: 0.90 P75: 1.55 P99: 3.58 P99.9: 5.15 P99.99: 5.47
------------------------------------------------------
[       0,       1 ] 27388777  55.650%  55.650% ###########
(       1,       2 ] 17275135  35.101%  90.751% #######
(       2,       3 ]  3675717   7.469%  98.220% #
(       3,       4 ]   667732   1.357%  99.576% 
(       4,       6 ]   277430   0.564% 100.140% 
(       6,      10 ]   108177   0.220% 100.360% 
(      10,      15 ]    29426   0.060% 100.420% 
(      15,      22 ]    20619   0.042% 100.462% 
(      22,      34 ]     2116   0.004% 100.466% 
(      34,      51 ]      412   0.001% 100.467% 
(      51,      76 ]     1339   0.003% 100.469% 
(      76,     110 ]     1696   0.003% 100.473% 
(     110,     170 ]      972   0.002% 100.475% 
(     170,     250 ]      696   0.001% 100.476% 
(     250,     380 ]      819   0.002% 100.478% 
(     380,     580 ]      654   0.001% 100.479% 
(     580,     870 ]      630   0.001% 100.480% 
(     870,    1300 ]      563   0.001% 100.482% 
(    1300,    1900 ]      459   0.001% 100.483% 
(    1900,    2900 ]      336   0.001% 100.483% 
(    2900,    4400 ]      166   0.000% 100.484% 
(    4400,    6600 ]       92   0.000% 100.484% 
(    6600,    9900 ]       30   0.000% 100.484% 
(    9900,   14000 ]       10   0.000% 100.484% 
(   14000,   22000 ]       17   0.000% 100.484% 
(   22000,   33000 ]        5   0.000% 100.484% 
(   33000,   50000 ]       13   0.000% 100.484% 
(   50000,   75000 ]       14   0.000% 100.484% 
(   75000,  110000 ]       12   0.000% 100.484% 
(  110000,  170000 ]       10   0.000% 100.484% 
(  170000,  250000 ]        3   0.000% 100.484% 
(  250000,  380000 ]        3   0.000% 100.484% 

** Level 2 read latency histogram (micros):
Count: 28446579 Average: 97.0844  StdDev: 4654.29
Min: 0  Median: 1.3286  Max: 5199402
Percentiles: P50: 1.33 P75: 1.91 P99: 776.41 P99.9: 1638.08 P99.99: 1782.25
------------------------------------------------------
[       0,       1 ] 10186656  35.810%  35.810% #######
(       1,       2 ] 12282762  43.178%  78.988% #########
(       2,       3 ]  3526120  12.396%  91.384% ##
(       3,       4 ]   899567   3.162%  94.546% #
(       4,       6 ]   259955   0.914%  95.460% 
(       6,      10 ]    51256   0.180%  95.640% 
(      10,      15 ]    29241   0.103%  95.743% 
(      15,      22 ]    17489   0.061%  95.804% 
(      22,      34 ]     7627   0.027%  95.831% 
(      34,      51 ]    18530   0.065%  95.896% 
(      51,      76 ]    49248   0.173%  96.069% 
(      76,     110 ]    30750   0.108%  96.177% 
(     110,     170 ]   120766   0.425%  96.602% 
(     170,     250 ]   150512   0.529%  97.131% 
(     250,     380 ]   199117   0.700%  97.831% 
(     380,     580 ]   205552   0.723%  98.554% 
(     580,     870 ]   187467   0.659%  99.213% 
(     870,    1300 ]   135481   0.476%  99.689% 
(    1300,    1900 ]   106549   0.375% 100.064% 
(    1900,    2900 ]    79240   0.279% 100.342% 
(    2900,    4400 ]    39370   0.138% 100.480% 
(    4400,    6600 ]    20211   0.071% 100.552% 
(    6600,    9900 ]     7318   0.026% 100.577% 
(    9900,   14000 ]     2648   0.009% 100.587% 
(   14000,   22000 ]     2930   0.010% 100.597% 
(   22000,   33000 ]     2633   0.009% 100.606% 
(   33000,   50000 ]     2943   0.010% 100.616% 
(   50000,   75000 ]     2860   0.010% 100.627% 
(   75000,  110000 ]     2583   0.009% 100.636% 
(  110000,  170000 ]     2348   0.008% 100.644% 
(  170000,  250000 ]     1162   0.004% 100.648% 
(  250000,  380000 ]      369   0.001% 100.649% 
(  380000,  570000 ]       76   0.000% 100.649% 
(  570000,  860000 ]       43   0.000% 100.650% 
(  860000, 1200000 ]       21   0.000% 100.650% 
( 1200000, 1900000 ]       20   0.000% 100.650% 
( 1900000, 2900000 ]       27   0.000% 100.650% 
( 2900000, 4300000 ]       13   0.000% 100.650% 
( 4300000, 6500000 ]        1   0.000% 100.650% 


** DB Stats **
Uptime(secs): 1440.6 total, 32.7 interval
Cumulative writes: 81M writes, 81M keys, 10M commit groups, 7.7 writes per commit group, ingest: 79.59 GB, 56.57 MB/s
Cumulative WAL: 81M writes, 0 syncs, 81735548.00 writes per sync, written: 79.59 GB, 56.57 MB/s
Cumulative stall: 00:19:44.128 H:M:S, 82.2 percent
Interval writes: 1598K writes, 1598K keys, 205K commit groups, 7.8 writes per commit group, ingest: 1594.36 MB, 48.76 MB/s
Interval WAL: 1598K writes, 0 syncs, 1598979.00 writes per sync, written: 1.56 GB, 48.76 MB/s
Interval stall: 00:00:28.891 H:M:S, 88.4 percent
Write Stall (count): write-buffer-manager-limit-stops: 0
num-running-compactions: 16
num-running-flushes: 2

2026/08/31-11:57:34  ... thread 3: (139000,5164000) ops and (4086.8,3562.2) ops/second in (34.011623,1449.659176) seconds
2026/08/31-11:57:34  ... thread 10: (139000,5161000) ops and (4086.9,3560.1) ops/second in (34.011507,1449.664374) seconds
2026/08/31-11:57:34  ... thread 12: (139000,5160000) ops and (4086.4,3559.4) ops/second in (34.014982,1449.664515) seconds
2026/08/31-11:57:34  ... thread 4: (139000,5163000) ops and (4087.5,3561.5) ops/second in (34.006472,1449.664719) seconds
2026/08/31-11:57:34  ... thread 13: (139000,5162000) ops and (4085.1,3560.8) ops/second in (34.026147,1449.665280) seconds
2026/08/31-11:57:34  ... thread 5: (139000,5159000) ops and (4085.7,3558.7) ops/second in (34.020830,1449.667144) seconds
2026/08/31-11:57:34  ... thread 7: (139000,5164000) ops and (4088.2,3562.2) ops/second in (34.000035,1449.668893) seconds
2026/08/31-11:57:34  ... thread 11: (139000,5165000) ops and (4086.0,3562.9) ops/second in (34.018750,1449.670646) seconds
2026/08/31-11:57:34  ... thread 15: (139000,5163000) ops and (4087.4,3561.5) ops/second in (34.007362,1449.672489) seconds
2026/08/31-11:57:35  ... thread 14: (139000,5163000) ops and (4086.8,3561.5) ops/second in (34.011669,1449.678117) seconds
2026/08/31-11:57:35  ... thread 6: (140000,5165000) ops and (4112.1,3562.8) ops/second in (34.045455,1449.682379) seconds
2026/08/31-11:57:35  ... thread 9: (140000,5162000) ops and (4109.3,3560.7) ops/second in (34.069464,1449.720535) seconds
2026/08/31-11:57:51  ... thread 1: (150000,5254000) ops and (4938.8,3584.0) ops/second in (30.371578,1465.945959) seconds
2026/08/31-11:57:51  ... thread 2: (151000,5252000) ops and (4920.8,3582.0) ops/second in (30.686300,1466.240276) seconds
2026/08/31-11:57:52  ... thread 8: (150000,5253000) ops and (4764.2,3580.6) ops/second in (31.485133,1467.063807) seconds
2026/08/31-11:57:59  ... thread 0: (151000,5258000) ops and (4483.4,3566.5) ops/second in (33.679676,1474.261133) seconds

** Compaction Stats [default] **
Level    Files   Size     Score Read(GB)  Rn(GB) Rnp1(GB) Write(GB) WPreComp(GB) Wnew(GB) Moved(GB) W-Amp Rd(MB/s) Wr(MB/s) Comp(sec) CompMergeCPU(sec) Comp(cnt) Avg(sec) KeyIn KeyDrop Rblob(GB) Wblob(GB)
-------------------------------------------------------------------------------------------------------------------------------------------------------------------------------------------------------------
  L0     21/17     5.11 GB   1.0     75.9     0.0     75.9     158.5     158.5     82.6       0.0   1.9     26.1     54.5   2980.91            343.79      1645    1.812    161M    83K       0.0       0.0
  L1    112/112    6.59 GB   0.0    209.7    77.5    132.2     205.1     205.1     72.9       0.0   2.6    358.1    350.2    599.80            643.81        37   16.211    213M  4692K       0.0       0.0
  L2    723/0     39.79 GB   1.0    179.8    56.0    123.9     165.5     165.5     41.6      10.3   3.0     19.3     17.7   9551.05            806.68       909   10.507    183M    14M       0.0       0.0
  L3    228/0     12.17 GB   0.0      0.0     0.0      0.0       0.0       0.0      0.0      12.2   0.0      0.0      0.0      0.00              0.00         0    0.000       0      0       0.0       0.0
 Sum   1084/129   63.65 GB   0.0    465.5   133.5    332.1     529.2     529.2    197.1      22.5   6.4     36.3     41.3  13131.75           1794.28      2591    5.068    557M    19M       0.0       0.0
 Int      0/0      0.00 KB   0.0      3.3     0.3      3.0       5.1       5.1      2.1       1.2   2.7     31.2     47.5    109.58             15.26        44    2.490   5315K   147K       0.0       0.0

** Compaction Stats [default] **
Priority    Files   Size     Score Read(GB)  Rn(GB) Rnp1(GB) Write(GB) WPreComp(GB) Wnew(GB) Moved(GB) W-Amp Rd(MB/s) Wr(MB/s) Comp(sec) CompMergeCPU(sec) Comp(cnt) Avg(sec) KeyIn KeyDrop Rblob(GB) Wblob(GB)
----------------------------------------------------------------------------------------------------------------------------------------------------------------------------------------------------------------
 Low      0/0      0.00 KB   0.0    465.5   133.5    332.1     446.5     446.5    114.4       0.0   0.0     42.6     40.9  11178.13           1649.13      1232    9.073    473M    19M       0.0       0.0
High      0/0      0.00 KB   0.0      0.0     0.0      0.0      82.7      82.7     82.7       0.0   0.0      0.0     43.3   1953.62            145.15      1359    1.438     84M      0       0.0       0.0

Blob file count: 0, total size: 0.0 GB, garbage size: 0.0 GB, space amp: 0.0

Uptime(secs): 1474.3 total, 29.6 interval
Flush(GB): cumulative 82.697, interval 1.889
AddFile(GB): cumulative 0.000, interval 0.000
AddFile(Total Files): cumulative 0, interval 0
AddFile(L0 Files): cumulative 0, interval 0
AddFile(Keys): cumulative 0, interval 0
Cumulative compaction: 529.17 GB write, 367.55 MB/s write, 465.52 GB read, 323.34 MB/s read, 13131.8 seconds
Interval compaction: 5.08 GB write, 175.68 MB/s write, 3.33 GB read, 115.35 MB/s read, 109.6 seconds
Estimated pending compaction bytes: 59027680842
Write Stall (count): cf-l0-file-count-limit-delays-with-ongoing-compaction: 93, cf-l0-file-count-limit-stops-with-ongoing-compaction: 0, l0-file-count-limit-delays: 93, l0-file-count-limit-stops: 0, memtable-limit-delays: 0, memtable-limit-stops: 1126, pending-compaction-bytes-delays: 0, pending-compaction-bytes-stops: 0, total-delays: 93, total-stops: 1126
interval: 29 total count
Block cache AutoHyperClockCache@0x5cc2bb2b62d0#2301963 capacity: 512.00 MB seed: 1 usage: 15.39 MB table_size: 6954 occupancy: 3653 collections: 9 last_copies: 0 last_secs: 0.000565 secs_since: 29
Block cache entry stats(count,size,portion): Misc(3653,14.97 MB,2.92324%)

** File Read Latency Histogram By Level [default] **
** Level 0 read latency histogram (micros):
Count: 39598931 Average: 3.0779  StdDev: 1382.79
Min: 0  Median: 0.8961  Max: 4185179
Percentiles: P50: 0.90 P75: 1.51 P99: 2.99 P99.9: 4.60 P99.99: 5.28
------------------------------------------------------
[       0,       1 ] 22094171  55.795%  55.795% ###########
(       1,       2 ] 14851728  37.505%  93.300% ########
(       2,       3 ]  2285304   5.771%  99.071% #
(       3,       4 ]   297064   0.750%  99.822% 
(       4,       6 ]   104415   0.264% 100.085% 
(       6,      10 ]    46632   0.118% 100.203% 
(      10,      15 ]    17595   0.044% 100.247% 
(      15,      22 ]    10362   0.026% 100.274% 
(      22,      34 ]      738   0.002% 100.275% 
(      34,      51 ]      112   0.000% 100.276% 
(      51,      76 ]      530   0.001% 100.277% 
(      76,     110 ]      933   0.002% 100.279% 
(     110,     170 ]       46   0.000% 100.280% 
(     170,     250 ]       35   0.000% 100.280% 
(     250,     380 ]      126   0.000% 100.280% 
(     380,     580 ]       24   0.000% 100.280% 
(     580,     870 ]       47   0.000% 100.280% 
(     870,    1300 ]       83   0.000% 100.280% 
(    1300,    1900 ]       53   0.000% 100.280% 
(    1900,    2900 ]       21   0.000% 100.281% 
(    2900,    4400 ]       12   0.000% 100.281% 
(    4400,    6600 ]       11   0.000% 100.281% 
(    6600,    9900 ]        7   0.000% 100.281% 
(    9900,   14000 ]        2   0.000% 100.281% 
(   14000,   22000 ]       11   0.000% 100.281% 
(   22000,   33000 ]       29   0.000% 100.281% 
(   33000,   50000 ]       41   0.000% 100.281% 
(   50000,   75000 ]       61   0.000% 100.281% 
(   75000,  110000 ]       95   0.000% 100.281% 
(  110000,  170000 ]       54   0.000% 100.281% 
(  170000,  250000 ]       23   0.000% 100.281% 
(  250000,  380000 ]        6   0.000% 100.281% 
(  380000,  570000 ]        4   0.000% 100.281% 
(  570000,  860000 ]        4   0.000% 100.281% 
(  860000, 1200000 ]        1   0.000% 100.281% 
( 1200000, 1900000 ]        4   0.000% 100.281% 
( 1900000, 2900000 ]        5   0.000% 100.281% 
( 2900000, 4300000 ]        2   0.000% 100.281% 

** Level 1 read latency histogram (micros):
Count: 50549006 Average: 1.7960  StdDev: 124.84
Min: 0  Median: 0.8966  Max: 334001
Percentiles: P50: 0.90 P75: 1.55 P99: 3.56 P99.9: 5.13 P99.99: 5.45
------------------------------------------------------
[       0,       1 ] 28188720  55.765%  55.765% ###########
(       1,       2 ] 17720303  35.056%  90.821% #######
(       2,       3 ]  3751632   7.422%  98.243% #
(       3,       4 ]   679362   1.344%  99.587% 
(       4,       6 ]   281334   0.557% 100.143% 
(       6,      10 ]   110082   0.218% 100.361% 
(      10,      15 ]    30129   0.060% 100.420% 
(      15,      22 ]    21073   0.042% 100.462% 
(      22,      34 ]     2137   0.004% 100.466% 
(      34,      51 ]      414   0.001% 100.467% 
(      51,      76 ]     1342   0.003% 100.470% 
(      76,     110 ]     1702   0.003% 100.473% 
(     110,     170 ]      972   0.002% 100.475% 
(     170,     250 ]      696   0.001% 100.477% 
(     250,     380 ]      819   0.002% 100.478% 
(     380,     580 ]      654   0.001% 100.479% 
(     580,     870 ]      630   0.001% 100.481% 
(     870,    1300 ]      563   0.001% 100.482% 
(    1300,    1900 ]      459   0.001% 100.483% 
(    1900,    2900 ]      336   0.001% 100.483% 
(    2900,    4400 ]      166   0.000% 100.484% 
(    4400,    6600 ]       92   0.000% 100.484% 
(    6600,    9900 ]       30   0.000% 100.484% 
(    9900,   14000 ]       10   0.000% 100.484% 
(   14000,   22000 ]       17   0.000% 100.484% 
(   22000,   33000 ]        5   0.000% 100.484% 
(   33000,   50000 ]       13   0.000% 100.484% 
(   50000,   75000 ]       14   0.000% 100.484% 
(   75000,  110000 ]       12   0.000% 100.484% 
(  110000,  170000 ]       10   0.000% 100.484% 
(  170000,  250000 ]        3   0.000% 100.484% 
(  250000,  380000 ]        3   0.000% 100.484% 

** Level 2 read latency histogram (micros):
Count: 28726030 Average: 96.9446  StdDev: 4635.08
Min: 0  Median: 1.3301  Max: 5199402
Percentiles: P50: 1.33 P75: 1.91 P99: 778.93 P99.9: 1645.24 P99.99: 1789.18
------------------------------------------------------
[       0,       1 ] 10267385  35.742%  35.742% #######
(       1,       2 ] 12406536  43.189%  78.932% #########
(       2,       3 ]  3564573  12.409%  91.340% ##
(       3,       4 ]   909826   3.167%  94.508% #
(       4,       6 ]   262405   0.913%  95.421% 
(       6,      10 ]    51785   0.180%  95.601% 
(      10,      15 ]    29581   0.103%  95.704% 
(      15,      22 ]    17666   0.061%  95.766% 
(      22,      34 ]     8239   0.029%  95.795% 
(      34,      51 ]    19834   0.069%  95.864% 
(      51,      76 ]    51207   0.178%  96.042% 
(      76,     110 ]    31625   0.110%  96.152% 
(     110,     170 ]   123673   0.431%  96.583% 
(     170,     250 ]   154392   0.537%  97.120% 
(     250,     380 ]   202134   0.704%  97.824% 
(     380,     580 ]   207876   0.724%  98.547% 
(     580,     870 ]   189565   0.660%  99.207% 
(     870,    1300 ]   136992   0.477%  99.684% 
(    1300,    1900 ]   107769   0.375% 100.059% 
(    1900,    2900 ]    80238   0.279% 100.339% 
(    2900,    4400 ]    39986   0.139% 100.478% 
(    4400,    6600 ]    20493   0.071% 100.549% 
(    6600,    9900 ]     7392   0.026% 100.575% 
(    9900,   14000 ]     2665   0.009% 100.584% 
(   14000,   22000 ]     2943   0.010% 100.594% 
(   22000,   33000 ]     2647   0.009% 100.604% 
(   33000,   50000 ]     2959   0.010% 100.614% 
(   50000,   75000 ]     2878   0.010% 100.624% 
(   75000,  110000 ]     2600   0.009% 100.633% 
(  110000,  170000 ]     2361   0.008% 100.641% 
(  170000,  250000 ]     1168   0.004% 100.645% 
(  250000,  380000 ]      371   0.001% 100.647% 
(  380000,  570000 ]       76   0.000% 100.647% 
(  570000,  860000 ]       43   0.000% 100.647% 
(  860000, 1200000 ]       21   0.000% 100.647% 
( 1200000, 1900000 ]       20   0.000% 100.647% 
( 1900000, 2900000 ]       27   0.000% 100.647% 
( 2900000, 4300000 ]       13   0.000% 100.647% 
( 4300000, 6500000 ]        1   0.000% 100.647% 


** DB Stats **
Uptime(secs): 1474.3 total, 29.6 interval
Cumulative writes: 84M writes, 84M keys, 10M commit groups, 7.7 writes per commit group, ingest: 81.95 GB, 56.92 MB/s
Cumulative WAL: 84M writes, 0 syncs, 84157797.00 writes per sync, written: 81.95 GB, 56.92 MB/s
Cumulative stall: 00:20:10.305 H:M:S, 82.1 percent
Interval writes: 1805K writes, 1805K keys, 234K commit groups, 7.7 writes per commit group, ingest: 1800.47 MB, 60.81 MB/s
Interval WAL: 1805K writes, 0 syncs, 1805666.00 writes per sync, written: 1.76 GB, 60.81 MB/s
Interval stall: 00:00:23.936 H:M:S, 80.8 percent
Write Stall (count): write-buffer-manager-limit-stops: 0
num-running-compactions: 1
num-running-flushes: 0

2026/08/31-11:58:05  ... thread 13: (100000,5262000) ops and (3324.2,3556.0) ops/second in (30.082817,1479.748097) seconds
2026/08/31-11:58:05  ... thread 10: (100000,5261000) ops and (3254.7,3553.8) ops/second in (30.724665,1480.389039) seconds
2026/08/31-11:58:05  ... thread 5: (100000,5259000) ops and (3239.0,3552.1) ops/second in (30.873814,1480.540958) seconds
2026/08/31-11:58:05  ... thread 6: (100000,5265000) ops and (3240.5,3556.1) ops/second in (30.859682,1480.542061) seconds
2026/08/31-11:58:06  ... thread 15: (100000,5263000) ops and (3217.2,3554.3) ops/second in (31.082916,1480.755405) seconds
2026/08/31-11:58:06  ... thread 12: (101000,5261000) ops and (3248.3,3552.9) ops/second in (31.093198,1480.757713) seconds
2026/08/31-11:58:06  ... thread 11: (100000,5265000) ops and (3216.8,3555.6) ops/second in (31.087257,1480.757903) seconds
2026/08/31-11:58:06  ... thread 7: (100000,5264000) ops and (3215.8,3554.9) ops/second in (31.096644,1480.765537) seconds
2026/08/31-11:58:06  ... thread 14: (100000,5263000) ops and (3173.9,3553.2) ops/second in (31.507188,1481.185305) seconds
2026/08/31-11:58:06  ... thread 9: (100000,5262000) ops and (3146.5,3551.8) ops/second in (31.781503,1481.502038) seconds
2026/08/31-11:58:06  ... thread 4: (101000,5264000) ops and (3172.3,3553.1) ops/second in (31.837758,1481.502477) seconds
2026/08/31-11:58:06  ... thread 3: (101000,5265000) ops and (3165.6,3553.7) ops/second in (31.905873,1481.565049) seconds
2026/08/31-11:58:23  ... thread 2: (43000,5295000) ops and (1350.6,3534.5) ops/second in (31.838377,1498.078653) seconds
2026/08/31-11:58:23  ... thread 8: (43000,5296000) ops and (1385.9,3535.2) ops/second in (31.027714,1498.091521) seconds
2026/08/31-11:58:23  ... thread 1: (44000,5298000) ops and (1368.5,3536.5) ops/second in (32.151600,1498.097559) seconds
2026/08/31-11:58:33  ... thread 0: (74000,5332000) ops and (2206.0,3536.3) ops/second in (33.544718,1507.805851) seconds

** Compaction Stats [default] **
Level    Files   Size     Score Read(GB)  Rn(GB) Rnp1(GB) Write(GB) WPreComp(GB) Wnew(GB) Moved(GB) W-Amp Rd(MB/s) Wr(MB/s) Comp(sec) CompMergeCPU(sec) Comp(cnt) Avg(sec) KeyIn KeyDrop Rblob(GB) Wblob(GB)
-------------------------------------------------------------------------------------------------------------------------------------------------------------------------------------------------------------
  L0     13/8      1.58 GB   1.2     76.7     0.0     76.7     160.4     160.4     83.8       0.0   1.9     26.0     54.4   3019.97            348.24      1666    1.813    163M    84K       0.0       0.0
  L1    151/16     8.93 GB   2.0    221.0    82.2    138.8     216.0     216.0     77.1       0.0   2.6    357.7    349.6    632.68            678.69        38   16.649    224M  5095K       0.0       0.0
  L2    756/39    41.39 GB   1.0    183.9    57.4    126.5     169.2     169.2     42.7      10.8   2.9     19.3     17.8   9733.02            827.70       932   10.443    187M    14M       0.0       0.0
  L3    228/0     12.17 GB   0.0      0.0     0.0      0.0       0.0       0.0      0.0      12.2   0.0      0.0      0.0      0.00              0.00         0    0.000       0      0       0.0       0.0
 Sum   1148/63    64.06 GB   0.0    481.5   139.6    341.9     545.6     545.6    203.6      23.0   6.5     36.8     41.7  13385.67           1854.63      2636    5.078    575M    20M       0.0       0.0
 Int      0/0      0.00 KB   0.0      0.2     0.1      0.1       0.3       0.3      0.2       0.0   2.5     10.2     14.5     21.62              1.49         3    7.208    342K    30K       0.0       0.0

** Compaction Stats [default] **
Priority    Files   Size     Score Read(GB)  Rn(GB) Rnp1(GB) Write(GB) WPreComp(GB) Wnew(GB) Moved(GB) W-Amp Rd(MB/s) Wr(MB/s) Comp(sec) CompMergeCPU(sec) Comp(cnt) Avg(sec) KeyIn KeyDrop Rblob(GB) Wblob(GB)
----------------------------------------------------------------------------------------------------------------------------------------------------------------------------------------------------------------
 Low      0/0      0.00 KB   0.0    481.5   139.6    341.9     461.7     461.7    119.8       0.0   0.0     43.2     41.5  11402.35           1707.22      1258    9.064    490M    20M       0.0       0.0
High      0/0      0.00 KB   0.0      0.0     0.0      0.0      83.9      83.9     83.9       0.0   0.0      0.0     43.3   1983.32            147.41      1378    1.439     85M      0       0.0       0.0

Blob file count: 0, total size: 0.0 GB, garbage size: 0.0 GB, space amp: 0.0

Uptime(secs): 1507.8 total, 3.1 interval
Flush(GB): cumulative 83.852, interval 0.122
AddFile(GB): cumulative 0.000, interval 0.000
AddFile(Total Files): cumulative 0, interval 0
AddFile(L0 Files): cumulative 0, interval 0
AddFile(Keys): cumulative 0, interval 0
Cumulative compaction: 545.59 GB write, 370.52 MB/s write, 481.53 GB read, 327.02 MB/s read, 13385.7 seconds
Interval compaction: 0.31 GB write, 99.79 MB/s write, 0.21 GB read, 69.97 MB/s read, 21.6 seconds
Estimated pending compaction bytes: 56410938692
Write Stall (count): cf-l0-file-count-limit-delays-with-ongoing-compaction: 95, cf-l0-file-count-limit-stops-with-ongoing-compaction: 0, l0-file-count-limit-delays: 95, l0-file-count-limit-stops: 0, memtable-limit-delays: 0, memtable-limit-stops: 1142, pending-compaction-bytes-delays: 0, pending-compaction-bytes-stops: 0, total-delays: 95, total-stops: 1142
interval: 1 total count
Block cache AutoHyperClockCache@0x5cc2bb2b62d0#2301963 capacity: 512.00 MB seed: 1 usage: 15.39 MB table_size: 6954 occupancy: 3653 collections: 9 last_copies: 1 last_secs: 0.000565 secs_since: 63
Block cache entry stats(count,size,portion): Misc(3653,14.97 MB,2.92324%)

** File Read Latency Histogram By Level [default] **
** Level 0 read latency histogram (micros):
Count: 40260001 Average: 3.1189  StdDev: 1407.00
Min: 0  Median: 0.8965  Max: 4185179
Percentiles: P50: 0.90 P75: 1.51 P99: 2.99 P99.9: 4.63 P99.99: 5.31
------------------------------------------------------
[       0,       1 ] 22453804  55.772%  55.772% ###########
(       1,       2 ] 15095783  37.496%  93.268% #######
(       2,       3 ]  2330330   5.788%  99.056% #
(       3,       4 ]   305762   0.759%  99.815% 
(       4,       6 ]   107499   0.267% 100.082% 
(       6,      10 ]    47605   0.118% 100.201% 
(      10,      15 ]    18141   0.045% 100.246% 
(      15,      22 ]    10743   0.027% 100.272% 
(      22,      34 ]      753   0.002% 100.274% 
(      34,      51 ]      115   0.000% 100.275% 
(      51,      76 ]      537   0.001% 100.276% 
(      76,     110 ]      946   0.002% 100.278% 
(     110,     170 ]       48   0.000% 100.278% 
(     170,     250 ]       36   0.000% 100.278% 
(     250,     380 ]      128   0.000% 100.279% 
(     380,     580 ]       24   0.000% 100.279% 
(     580,     870 ]       48   0.000% 100.279% 
(     870,    1300 ]       83   0.000% 100.279% 
(    1300,    1900 ]       53   0.000% 100.279% 
(    1900,    2900 ]       21   0.000% 100.279% 
(    2900,    4400 ]       12   0.000% 100.279% 
(    4400,    6600 ]       11   0.000% 100.279% 
(    6600,    9900 ]        7   0.000% 100.279% 
(    9900,   14000 ]        2   0.000% 100.279% 
(   14000,   22000 ]       13   0.000% 100.279% 
(   22000,   33000 ]       30   0.000% 100.280% 
(   33000,   50000 ]       41   0.000% 100.280% 
(   50000,   75000 ]       64   0.000% 100.280% 
(   75000,  110000 ]       98   0.000% 100.280% 
(  110000,  170000 ]       55   0.000% 100.280% 
(  170000,  250000 ]       23   0.000% 100.280% 
(  250000,  380000 ]        6   0.000% 100.280% 
(  380000,  570000 ]        4   0.000% 100.280% 
(  570000,  860000 ]        4   0.000% 100.280% 
(  860000, 1200000 ]        1   0.000% 100.280% 
( 1200000, 1900000 ]        4   0.000% 100.280% 
( 1900000, 2900000 ]        6   0.000% 100.280% 
( 2900000, 4300000 ]        2   0.000% 100.280% 

** Level 1 read latency histogram (micros):
Count: 51665629 Average: 2.3194  StdDev: 243.40
Min: 0  Median: 0.9026  Max: 462630
Percentiles: P50: 0.90 P75: 1.56 P99: 3.62 P99.9: 5.27 P99.99: 5.58
------------------------------------------------------
[       0,       1 ] 28621848  55.398%  55.398% ###########
(       1,       2 ] 18141241  35.113%  90.511% #######
(       2,       3 ]  3937270   7.621%  98.132% ##
(       3,       4 ]   723375   1.400%  99.532% 
(       4,       6 ]   300376   0.581% 100.113% 
(       6,      10 ]   115276   0.223% 100.336% 
(      10,      15 ]    31705   0.061% 100.398% 
(      15,      22 ]    22213   0.043% 100.441% 
(      22,      34 ]     2262   0.004% 100.445% 
(      34,      51 ]      518   0.001% 100.446% 
(      51,      76 ]     1640   0.003% 100.449% 
(      76,     110 ]     1951   0.004% 100.453% 
(     110,     170 ]     1833   0.004% 100.457% 
(     170,     250 ]     1778   0.003% 100.460% 
(     250,     380 ]     2310   0.004% 100.464% 
(     380,     580 ]     2308   0.004% 100.469% 
(     580,     870 ]     2072   0.004% 100.473% 
(     870,    1300 ]     1530   0.003% 100.476% 
(    1300,    1900 ]     1249   0.002% 100.478% 
(    1900,    2900 ]      900   0.002% 100.480% 
(    2900,    4400 ]      412   0.001% 100.481% 
(    4400,    6600 ]      246   0.000% 100.481% 
(    6600,    9900 ]       95   0.000% 100.482% 
(    9900,   14000 ]       47   0.000% 100.482% 
(   14000,   22000 ]       60   0.000% 100.482% 
(   22000,   33000 ]       38   0.000% 100.482% 
(   33000,   50000 ]       46   0.000% 100.482% 
(   50000,   75000 ]       55   0.000% 100.482% 
(   75000,  110000 ]       45   0.000% 100.482% 
(  110000,  170000 ]       50   0.000% 100.482% 
(  170000,  250000 ]       19   0.000% 100.482% 
(  250000,  380000 ]        4   0.000% 100.482% 
(  380000,  570000 ]        1   0.000% 100.482% 

** Level 2 read latency histogram (micros):
Count: 29526334 Average: 97.9956  StdDev: 4610.10
Min: 0  Median: 1.3385  Max: 5199402
Percentiles: P50: 1.34 P75: 1.92 P99: 792.30 P99.9: 1666.59 P99.99: 1807.73
------------------------------------------------------
[       0,       1 ] 10438153  35.352%  35.352% #######
(       1,       2 ] 12778219  43.277%  78.629% #########
(       2,       3 ]  3705941  12.551%  91.181% ###
(       3,       4 ]   953111   3.228%  94.409% #
(       4,       6 ]   275465   0.933%  95.342% 
(       6,      10 ]    53586   0.181%  95.523% 
(      10,      15 ]    30894   0.105%  95.628% 
(      15,      22 ]    18372   0.062%  95.690% 
(      22,      34 ]     8442   0.029%  95.719% 
(      34,      51 ]    20318   0.069%  95.787% 
(      51,      76 ]    52795   0.179%  95.966% 
(      76,     110 ]    32726   0.111%  96.077% 
(     110,     170 ]   127928   0.433%  96.510% 
(     170,     250 ]   160119   0.542%  97.053% 
(     250,     380 ]   210909   0.714%  97.767% 
(     380,     580 ]   218446   0.740%  98.507% 
(     580,     870 ]   198950   0.674%  99.181% 
(     870,    1300 ]   143413   0.486%  99.666% 
(    1300,    1900 ]   112967   0.383% 100.049% 
(    1900,    2900 ]    83717   0.284% 100.332% 
(    2900,    4400 ]    41717   0.141% 100.474% 
(    4400,    6600 ]    21406   0.072% 100.546% 
(    6600,    9900 ]     7730   0.026% 100.572% 
(    9900,   14000 ]     2790   0.009% 100.582% 
(   14000,   22000 ]     3083   0.010% 100.592% 
(   22000,   33000 ]     2761   0.009% 100.602% 
(   33000,   50000 ]     3087   0.010% 100.612% 
(   50000,   75000 ]     2988   0.010% 100.622% 
(   75000,  110000 ]     2687   0.009% 100.631% 
(  110000,  170000 ]     2460   0.008% 100.640% 
(  170000,  250000 ]     1207   0.004% 100.644% 
(  250000,  380000 ]      384   0.001% 100.645% 
(  380000,  570000 ]       77   0.000% 100.645% 
(  570000,  860000 ]       43   0.000% 100.645% 
(  860000, 1200000 ]       21   0.000% 100.645% 
( 1200000, 1900000 ]       20   0.000% 100.646% 
( 1900000, 2900000 ]       28   0.000% 100.646% 
( 2900000, 4300000 ]       13   0.000% 100.646% 
( 4300000, 6500000 ]        1   0.000% 100.646% 


** DB Stats **
Uptime(secs): 1507.8 total, 3.1 interval
Cumulative writes: 85M writes, 85M keys, 11M commit groups, 7.7 writes per commit group, ingest: 83.10 GB, 56.43 MB/s
Cumulative WAL: 85M writes, 0 syncs, 85337338.00 writes per sync, written: 83.10 GB, 56.43 MB/s
Cumulative stall: 00:20:34.989 H:M:S, 81.9 percent
Interval writes: 9692 writes, 9692 keys, 1231 commit groups, 7.9 writes per commit group, ingest: 9.66 MB, 3.08 MB/s
Interval WAL: 9686 writes, 0 syncs, 9686.00 writes per sync, written: 0.01 GB, 3.08 MB/s
Interval stall: 00:00:5.222 H:M:S, 166.3 percent
Write Stall (count): write-buffer-manager-limit-stops: 0
num-running-compactions: 18
num-running-flushes: 0

2026/08/31-11:58:35  ... thread 13: (86000,5348000) ops and (2863.9,3542.2) ops/second in (30.029438,1509.777535) seconds
2026/08/31-11:58:36  ... thread 15: (85000,5348000) ops and (2806.7,3539.3) ops/second in (30.284402,1511.039807) seconds
2026/08/31-11:58:36  ... thread 5: (86000,5345000) ops and (2819.2,3537.3) ops/second in (30.505573,1511.046531) seconds
2026/08/31-11:58:36  ... thread 12: (86000,5347000) ops and (2838.6,3538.6) ops/second in (30.296225,1511.053938) seconds
2026/08/31-11:58:36  ... thread 6: (86000,5351000) ops and (2818.4,3541.2) ops/second in (30.513674,1511.055735) seconds
2026/08/31-11:58:36  ... thread 10: (86000,5347000) ops and (2803.9,3538.6) ops/second in (30.671365,1511.060404) seconds
2026/08/31-11:58:36  ... thread 7: (86000,5350000) ops and (2838.6,3540.6) ops/second in (30.296269,1511.061806) seconds
2026/08/31-11:58:36  ... thread 11: (86000,5351000) ops and (2837.5,3541.2) ops/second in (30.308724,1511.066627) seconds
2026/08/31-11:58:36  ... thread 14: (89000,5352000) ops and (2963.1,3541.5) ops/second in (30.036254,1511.221559) seconds
2026/08/31-11:58:37  ... thread 4: (93000,5357000) ops and (3051.8,3543.0) ops/second in (30.474096,1511.976573) seconds
2026/08/31-11:58:37  ... thread 3: (93000,5358000) ops and (3058.0,3543.7) ops/second in (30.412439,1511.977488) seconds
2026/08/31-11:58:37  ... thread 9: (93000,5355000) ops and (3050.6,3541.7) ops/second in (30.486138,1511.988176) seconds
2026/08/31-11:58:53  ... thread 2: (107000,5402000) ops and (3566.6,3535.2) ops/second in (30.000456,1528.079109) seconds
2026/08/31-11:58:53  ... thread 1: (108000,5406000) ops and (3598.9,3537.7) ops/second in (30.009540,1528.107099) seconds
2026/08/31-11:58:53  ... thread 8: (108000,5404000) ops and (3597.2,3536.4) ops/second in (30.023316,1528.114837) seconds
2026/08/31-11:59:03  ... thread 0: (119000,5451000) ops and (3881.7,3543.1) ops/second in (30.656420,1538.462271) seconds

** Compaction Stats [default] **
Level    Files   Size     Score Read(GB)  Rn(GB) Rnp1(GB) Write(GB) WPreComp(GB) Wnew(GB) Moved(GB) W-Amp Rd(MB/s) Wr(MB/s) Comp(sec) CompMergeCPU(sec) Comp(cnt) Avg(sec) KeyIn KeyDrop Rblob(GB) Wblob(GB)
-------------------------------------------------------------------------------------------------------------------------------------------------------------------------------------------------------------
  L0     18/8      3.46 GB   2.5     78.9     0.0     78.9     164.6     164.6     85.6       0.0   1.9     26.2     54.5   3090.13            358.01      1705    1.812    167M    87K       0.0       0.0
  L1    114/1      6.70 GB   1.7    221.0    82.2    138.8     216.0     216.0     77.1       0.0   2.6    357.7    349.6    632.68            678.69        38   16.649    224M  5095K       0.0       0.0
  L2    733/4     40.10 GB   1.0    191.7    59.6    132.1     176.1     176.1     44.0      10.8   3.0     19.2     17.6  10217.54            874.39       969   10.544    195M    15M       0.0       0.0
  L3    276/0     14.74 GB   0.0      0.0     0.0      0.0       0.0       0.0      0.0      14.7   0.0      0.0      0.0      0.00              0.00         0    0.000       0      0       0.0       0.0
 Sum   1141/13    65.00 GB   0.0    491.6   141.8    349.8     556.6     556.6    206.8      25.6   6.5     36.1     40.9  13940.35           1911.09      2712    5.140    587M    21M       0.0       0.0
 Int      0/0      0.00 KB   0.0     10.3     2.3      8.0      11.4      11.4      3.3       2.6   5.7     18.3     20.2    576.31             57.95        79    7.295     12M   987K       0.0       0.0

** Compaction Stats [default] **
Priority    Files   Size     Score Read(GB)  Rn(GB) Rnp1(GB) Write(GB) WPreComp(GB) Wnew(GB) Moved(GB) W-Amp Rd(MB/s) Wr(MB/s) Comp(sec) CompMergeCPU(sec) Comp(cnt) Avg(sec) KeyIn KeyDrop Rblob(GB) Wblob(GB)
----------------------------------------------------------------------------------------------------------------------------------------------------------------------------------------------------------------
 Low      0/0      0.00 KB   0.0    491.6   141.8    349.8     470.9     470.9    121.1       0.0   0.0     42.2     40.5  11917.19           1760.06      1303    9.146    500M    21M       0.0       0.0
High      0/0      0.00 KB   0.0      0.0     0.0      0.0      85.7      85.7     85.7       0.0   0.0      0.0     43.4   2023.16            151.03      1409    1.436     87M      0       0.0       0.0

Blob file count: 0, total size: 0.0 GB, garbage size: 0.0 GB, space amp: 0.0

Uptime(secs): 1538.5 total, 33.8 interval
Flush(GB): cumulative 85.735, interval 2.005
AddFile(GB): cumulative 0.000, interval 0.000
AddFile(Total Files): cumulative 0, interval 0
AddFile(L0 Files): cumulative 0, interval 0
AddFile(Keys): cumulative 0, interval 0
Cumulative compaction: 556.64 GB write, 370.49 MB/s write, 491.63 GB read, 327.23 MB/s read, 13940.4 seconds
Interval compaction: 11.35 GB write, 344.02 MB/s write, 10.32 GB read, 312.67 MB/s read, 576.3 seconds
Estimated pending compaction bytes: 52501648948
Write Stall (count): cf-l0-file-count-limit-delays-with-ongoing-compaction: 95, cf-l0-file-count-limit-stops-with-ongoing-compaction: 0, l0-file-count-limit-delays: 95, l0-file-count-limit-stops: 0, memtable-limit-delays: 0, memtable-limit-stops: 1175, pending-compaction-bytes-delays: 0, pending-compaction-bytes-stops: 0, total-delays: 95, total-stops: 1175
interval: 34 total count
Block cache AutoHyperClockCache@0x5cc2bb2b62d0#2301963 capacity: 512.00 MB seed: 1 usage: 15.39 MB table_size: 6954 occupancy: 3653 collections: 9 last_copies: 1 last_secs: 0.000565 secs_since: 93
Block cache entry stats(count,size,portion): Misc(3653,14.97 MB,2.92324%)

** File Read Latency Histogram By Level [default] **
** Level 0 read latency histogram (micros):
Count: 40708444 Average: 3.1167  StdDev: 1399.90
Min: 0  Median: 0.8951  Max: 4185179
Percentiles: P50: 0.90 P75: 1.51 P99: 2.99 P99.9: 4.65 P99.99: 5.33
------------------------------------------------------
[       0,       1 ] 22740047  55.861%  55.861% ###########
(       1,       2 ] 15233637  37.421%  93.282% #######
(       2,       3 ]  2348650   5.769%  99.052% #
(       3,       4 ]   309882   0.761%  99.813% 
(       4,       6 ]   108636   0.267% 100.080% 
(       6,      10 ]    48046   0.118% 100.198% 
(      10,      15 ]    18338   0.045% 100.243% 
(      15,      22 ]    10842   0.027% 100.269% 
(      22,      34 ]      760   0.002% 100.271% 
(      34,      51 ]      115   0.000% 100.271% 
(      51,      76 ]      547   0.001% 100.273% 
(      76,     110 ]      967   0.002% 100.275% 
(     110,     170 ]       49   0.000% 100.275% 
(     170,     250 ]       36   0.000% 100.275% 
(     250,     380 ]      134   0.000% 100.276% 
(     380,     580 ]       25   0.000% 100.276% 
(     580,     870 ]       50   0.000% 100.276% 
(     870,    1300 ]       84   0.000% 100.276% 
(    1300,    1900 ]       53   0.000% 100.276% 
(    1900,    2900 ]       23   0.000% 100.276% 
(    2900,    4400 ]       12   0.000% 100.276% 
(    4400,    6600 ]       11   0.000% 100.276% 
(    6600,    9900 ]        7   0.000% 100.276% 
(    9900,   14000 ]        2   0.000% 100.276% 
(   14000,   22000 ]       13   0.000% 100.276% 
(   22000,   33000 ]       30   0.000% 100.276% 
(   33000,   50000 ]       41   0.000% 100.277% 
(   50000,   75000 ]       65   0.000% 100.277% 
(   75000,  110000 ]      100   0.000% 100.277% 
(  110000,  170000 ]       58   0.000% 100.277% 
(  170000,  250000 ]       23   0.000% 100.277% 
(  250000,  380000 ]        6   0.000% 100.277% 
(  380000,  570000 ]        4   0.000% 100.277% 
(  570000,  860000 ]        4   0.000% 100.277% 
(  860000, 1200000 ]        1   0.000% 100.277% 
( 1200000, 1900000 ]        4   0.000% 100.277% 
( 1900000, 2900000 ]        6   0.000% 100.277% 
( 2900000, 4300000 ]        2   0.000% 100.277% 

** Level 1 read latency histogram (micros):
Count: 52137392 Average: 2.3408  StdDev: 243.56
Min: 0  Median: 0.9085  Max: 462630
Percentiles: P50: 0.91 P75: 1.57 P99: 3.66 P99.9: 5.33 P99.99: 5.63
------------------------------------------------------
[       0,       1 ] 28694942  55.037%  55.037% ###########
(       1,       2 ] 18341056  35.178%  90.215% #######
(       2,       3 ]  4081997   7.829%  98.045% ##
(       3,       4 ]   756995   1.452%  99.497% 
(       4,       6 ]   315045   0.604% 100.101% 
(       6,      10 ]   119291   0.229% 100.330% 
(      10,      15 ]    32746   0.063% 100.393% 
(      15,      22 ]    23137   0.044% 100.437% 
(      22,      34 ]     2351   0.005% 100.441% 
(      34,      51 ]      527   0.001% 100.442% 
(      51,      76 ]     1665   0.003% 100.446% 
(      76,     110 ]     1961   0.004% 100.449% 
(     110,     170 ]     1870   0.004% 100.453% 
(     170,     250 ]     1823   0.003% 100.457% 
(     250,     380 ]     2403   0.005% 100.461% 
(     380,     580 ]     2410   0.005% 100.466% 
(     580,     870 ]     2180   0.004% 100.470% 
(     870,    1300 ]     1618   0.003% 100.473% 
(    1300,    1900 ]     1317   0.003% 100.476% 
(    1900,    2900 ]      957   0.002% 100.477% 
(    2900,    4400 ]      449   0.001% 100.478% 
(    4400,    6600 ]      269   0.001% 100.479% 
(    6600,    9900 ]       98   0.000% 100.479% 
(    9900,   14000 ]       47   0.000% 100.479% 
(   14000,   22000 ]       62   0.000% 100.479% 
(   22000,   33000 ]       38   0.000% 100.479% 
(   33000,   50000 ]       47   0.000% 100.479% 
(   50000,   75000 ]       55   0.000% 100.479% 
(   75000,  110000 ]       45   0.000% 100.480% 
(  110000,  170000 ]       51   0.000% 100.480% 
(  170000,  250000 ]       19   0.000% 100.480% 
(  250000,  380000 ]        4   0.000% 100.480% 
(  380000,  570000 ]        1   0.000% 100.480% 

** Level 2 read latency histogram (micros):
Count: 30597096 Average: 99.5258  StdDev: 4581.62
Min: 0  Median: 1.3508  Max: 5199402
Percentiles: P50: 1.35 P75: 1.93 P99: 814.36 P99.9: 1704.41 P99.99: 1841.02
------------------------------------------------------
[       0,       1 ] 10639604  34.773%  34.773% #######
(       1,       2 ] 13282550  43.411%  78.184% #########
(       2,       3 ]  3910883  12.782%  90.966% ###
(       3,       4 ]  1009276   3.299%  94.265% #
(       4,       6 ]   291324   0.952%  95.217% 
(       6,      10 ]    55842   0.183%  95.400% 
(      10,      15 ]    32644   0.107%  95.506% 
(      15,      22 ]    19479   0.064%  95.570% 
(      22,      34 ]     8795   0.029%  95.599% 
(      34,      51 ]    21211   0.069%  95.668% 
(      51,      76 ]    55492   0.181%  95.849% 
(      76,     110 ]    34467   0.113%  95.962% 
(     110,     170 ]   134508   0.440%  96.402% 
(     170,     250 ]   168448   0.551%  96.952% 
(     250,     380 ]   222626   0.728%  97.680% 
(     380,     580 ]   232322   0.759%  98.439% 
(     580,     870 ]   212404   0.694%  99.133% 
(     870,    1300 ]   153104   0.500%  99.634% 
(    1300,    1900 ]   120948   0.395% 100.029% 
(    1900,    2900 ]    89812   0.294% 100.322% 
(    2900,    4400 ]    44429   0.145% 100.468% 
(    4400,    6600 ]    22851   0.075% 100.542% 
(    6600,    9900 ]     8168   0.027% 100.569% 
(    9900,   14000 ]     2878   0.009% 100.578% 
(   14000,   22000 ]     3182   0.010% 100.589% 
(   22000,   33000 ]     2849   0.009% 100.598% 
(   33000,   50000 ]     3233   0.011% 100.609% 
(   50000,   75000 ]     3139   0.010% 100.619% 
(   75000,  110000 ]     2802   0.009% 100.628% 
(  110000,  170000 ]     2581   0.008% 100.637% 
(  170000,  250000 ]     1258   0.004% 100.641% 
(  250000,  380000 ]      399   0.001% 100.642% 
(  380000,  570000 ]       79   0.000% 100.642% 
(  570000,  860000 ]       50   0.000% 100.642% 
(  860000, 1200000 ]       21   0.000% 100.642% 
( 1200000, 1900000 ]       22   0.000% 100.642% 
( 1900000, 2900000 ]       28   0.000% 100.643% 
( 2900000, 4300000 ]       13   0.000% 100.643% 
( 4300000, 6500000 ]        1   0.000% 100.643% 


** DB Stats **
Uptime(secs): 1538.5 total, 30.7 interval
Cumulative writes: 87M writes, 87M keys, 11M commit groups, 7.7 writes per commit group, ingest: 84.96 GB, 56.55 MB/s
Cumulative WAL: 87M writes, 0 syncs, 87245494.00 writes per sync, written: 84.96 GB, 56.55 MB/s
Cumulative stall: 00:21:0.814 H:M:S, 82.0 percent
Interval writes: 1908K writes, 1908K keys, 246K commit groups, 7.7 writes per commit group, ingest: 1902.65 MB, 62.06 MB/s
Interval WAL: 1908K writes, 0 syncs, 1908156.00 writes per sync, written: 1.86 GB, 62.06 MB/s
Interval stall: 00:00:25.825 H:M:S, 84.2 percent
Write Stall (count): write-buffer-manager-limit-stops: 0
num-running-compactions: 3
num-running-flushes: 1

2026/08/31-11:59:05  ... thread 13: (130000,5478000) ops and (4331.1,3557.6) ops/second in (30.015774,1539.793309) seconds
2026/08/31-11:59:06  ... thread 11: (131000,5482000) ops and (4357.9,3557.1) ops/second in (30.060012,1541.126639) seconds
2026/08/31-11:59:06  ... thread 6: (131000,5482000) ops and (4356.3,3557.1) ops/second in (30.071219,1541.126954) seconds
2026/08/31-11:59:06  ... thread 12: (131000,5478000) ops and (4355.2,3554.5) ops/second in (30.078958,1541.132896) seconds
2026/08/31-11:59:06  ... thread 7: (131000,5481000) ops and (4355.8,3556.5) ops/second in (30.074522,1541.136328) seconds
2026/08/31-11:59:06  ... thread 5: (132000,5477000) ops and (4386.1,3553.9) ops/second in (30.095097,1541.141628) seconds
2026/08/31-11:59:06  ... thread 15: (132000,5480000) ops and (4383.9,3555.8) ops/second in (30.110208,1541.150015) seconds
2026/08/31-11:59:06  ... thread 10: (132000,5479000) ops and (4386.6,3555.1) ops/second in (30.091796,1541.152200) seconds
2026/08/31-11:59:06  ... thread 14: (129000,5481000) ops and (4296.5,3556.2) ops/second in (30.024595,1541.246154) seconds
2026/08/31-11:59:08  ... thread 4: (132000,5489000) ops and (4191.6,3556.3) ops/second in (31.491916,1543.468489) seconds
2026/08/31-11:59:09  ... thread 9: (131000,5486000) ops and (4081.0,3552.9) ops/second in (32.099827,1544.088003) seconds
2026/08/31-11:59:09  ... thread 3: (132000,5490000) ops and (4091.1,3555.1) ops/second in (32.264907,1544.242395) seconds
2026/08/31-11:59:25  ... thread 1: (94000,5500000) ops and (2889.7,3524.2) ops/second in (32.529049,1560.636148) seconds
2026/08/31-11:59:27  ... thread 2: (95000,5497000) ops and (2769.4,3518.3) ops/second in (34.303106,1562.382215) seconds
2026/08/31-11:59:28  ... thread 8: (94000,5498000) ops and (2712.2,3518.1) ops/second in (34.658132,1562.772969) seconds
2026/08/31-11:59:33  ... thread 0: (48000,5499000) ops and (1598.6,3505.9) ops/second in (30.025707,1568.487978) seconds

** Compaction Stats [default] **
Level    Files   Size     Score Read(GB)  Rn(GB) Rnp1(GB) Write(GB) WPreComp(GB) Wnew(GB) Moved(GB) W-Amp Rd(MB/s) Wr(MB/s) Comp(sec) CompMergeCPU(sec) Comp(cnt) Avg(sec) KeyIn KeyDrop Rblob(GB) Wblob(GB)
-------------------------------------------------------------------------------------------------------------------------------------------------------------------------------------------------------------
  L0      3/0    373.89 MB   0.8     79.4     0.0     79.4     165.7     165.7     86.3       0.0   1.9     26.1     54.4   3118.44            360.43      1718    1.815    168M    88K       0.0       0.0
  L1    156/17     9.45 GB   2.1    231.4    85.9    145.5     226.1     226.1     80.6       0.0   2.6    358.4    350.1    661.25            710.13        39   16.955    235M  5406K       0.0       0.0
  L2    735/39    40.56 GB   1.0    191.9    59.7    132.3     176.3     176.3     44.1      11.5   3.0     19.2     17.7  10229.13            875.66       970   10.545    195M    15M       0.0       0.0
  L3    280/0     14.96 GB   0.0      0.0     0.0      0.0       0.0       0.0      0.0      15.0   0.0      0.0      0.0      0.00              0.00         0    0.000       0      0       0.0       0.0
 Sum   1174/56    65.34 GB   0.0    502.8   145.6    357.1     568.1     568.1    211.0      26.4   6.6     36.8     41.5  14008.82           1946.22      2727    5.137    599M    21M       0.0       0.0
 Int      0/0      0.00 KB   0.0     10.4     3.8      6.6      10.1      10.1      3.5       0.7 10846426324.0    373.1    362.1     28.57             31.45         1   28.566     10M   311K       0.0       0.0

** Compaction Stats [default] **
Priority    Files   Size     Score Read(GB)  Rn(GB) Rnp1(GB) Write(GB) WPreComp(GB) Wnew(GB) Moved(GB) W-Amp Rd(MB/s) Wr(MB/s) Comp(sec) CompMergeCPU(sec) Comp(cnt) Avg(sec) KeyIn KeyDrop Rblob(GB) Wblob(GB)
----------------------------------------------------------------------------------------------------------------------------------------------------------------------------------------------------------------
 Low      0/0      0.00 KB   0.0    502.8   145.6    357.1     481.7     481.7    124.6       0.0   0.0     43.0     41.2  11968.06           1794.02      1307    9.157    511M    21M       0.0       0.0
High      0/0      0.00 KB   0.0      0.0     0.0      0.0      86.4      86.4     86.4       0.0   0.0      0.0     43.4   2040.75            152.20      1420    1.437     87M      0       0.0       0.0

Blob file count: 0, total size: 0.0 GB, garbage size: 0.0 GB, space amp: 0.0

Uptime(secs): 1568.5 total, 3.8 interval
Flush(GB): cumulative 86.406, interval 0.000
AddFile(GB): cumulative 0.000, interval 0.000
AddFile(Total Files): cumulative 0, interval 0
AddFile(L0 Files): cumulative 0, interval 0
AddFile(Keys): cumulative 0, interval 0
Cumulative compaction: 568.10 GB write, 370.89 MB/s write, 502.77 GB read, 328.23 MB/s read, 14008.8 seconds
Interval compaction: 10.10 GB write, 2713.30 MB/s write, 10.41 GB read, 2795.78 MB/s read, 28.6 seconds
Estimated pending compaction bytes: 39511365432
Write Stall (count): cf-l0-file-count-limit-delays-with-ongoing-compaction: 99, cf-l0-file-count-limit-stops-with-ongoing-compaction: 0, l0-file-count-limit-delays: 99, l0-file-count-limit-stops: 0, memtable-limit-delays: 0, memtable-limit-stops: 1183, pending-compaction-bytes-delays: 0, pending-compaction-bytes-stops: 0, total-delays: 99, total-stops: 1183
interval: 0 total count
Block cache AutoHyperClockCache@0x5cc2bb2b62d0#2301963 capacity: 512.00 MB seed: 1 usage: 15.39 MB table_size: 6954 occupancy: 3653 collections: 9 last_copies: 2 last_secs: 0.000565 secs_since: 123
Block cache entry stats(count,size,portion): Misc(3653,14.97 MB,2.92324%)

** File Read Latency Histogram By Level [default] **
** Level 0 read latency histogram (micros):
Count: 41777205 Average: 3.0881  StdDev: 1382.05
Min: 0  Median: 0.8988  Max: 4185179
Percentiles: P50: 0.90 P75: 1.52 P99: 2.99 P99.9: 4.65 P99.99: 5.32
------------------------------------------------------
[       0,       1 ] 23241280  55.631%  55.631% ###########
(       1,       2 ] 15704194  37.590%  93.222% ########
(       2,       3 ]  2428685   5.813%  99.035% #
(       3,       4 ]   324275   0.776%  99.811% 
(       4,       6 ]   113331   0.271% 100.083% 
(       6,      10 ]    49772   0.119% 100.202% 
(      10,      15 ]    19131   0.046% 100.248% 
(      15,      22 ]    11371   0.027% 100.275% 
(      22,      34 ]      800   0.002% 100.277% 
(      34,      51 ]      117   0.000% 100.277% 
(      51,      76 ]      551   0.001% 100.278% 
(      76,     110 ]      978   0.002% 100.281% 
(     110,     170 ]       50   0.000% 100.281% 
(     170,     250 ]       36   0.000% 100.281% 
(     250,     380 ]      136   0.000% 100.281% 
(     380,     580 ]       25   0.000% 100.281% 
(     580,     870 ]       50   0.000% 100.281% 
(     870,    1300 ]       84   0.000% 100.282% 
(    1300,    1900 ]       53   0.000% 100.282% 
(    1900,    2900 ]       23   0.000% 100.282% 
(    2900,    4400 ]       12   0.000% 100.282% 
(    4400,    6600 ]       11   0.000% 100.282% 
(    6600,    9900 ]        7   0.000% 100.282% 
(    9900,   14000 ]        2   0.000% 100.282% 
(   14000,   22000 ]       13   0.000% 100.282% 
(   22000,   33000 ]       30   0.000% 100.282% 
(   33000,   50000 ]       41   0.000% 100.282% 
(   50000,   75000 ]       71   0.000% 100.282% 
(   75000,  110000 ]      100   0.000% 100.283% 
(  110000,  170000 ]       58   0.000% 100.283% 
(  170000,  250000 ]       23   0.000% 100.283% 
(  250000,  380000 ]        6   0.000% 100.283% 
(  380000,  570000 ]        4   0.000% 100.283% 
(  570000,  860000 ]        4   0.000% 100.283% 
(  860000, 1200000 ]        1   0.000% 100.283% 
( 1200000, 1900000 ]        4   0.000% 100.283% 
( 1900000, 2900000 ]        6   0.000% 100.283% 
( 2900000, 4300000 ]        2   0.000% 100.283% 

** Level 1 read latency histogram (micros):
Count: 53823958 Average: 2.3119  StdDev: 239.72
Min: 0  Median: 0.9026  Max: 462630
Percentiles: P50: 0.90 P75: 1.56 P99: 3.64 P99.9: 5.31 P99.99: 5.61
------------------------------------------------------
[       0,       1 ] 29816530  55.396%  55.396% ###########
(       1,       2 ] 18824649  34.974%  90.371% #######
(       2,       3 ]  4154414   7.719%  98.089% ##
(       3,       4 ]   766856   1.425%  99.514% 
(       4,       6 ]   317644   0.590% 100.104% 
(       6,      10 ]   121272   0.225% 100.330% 
(      10,      15 ]    33746   0.063% 100.392% 
(      15,      22 ]    23743   0.044% 100.436% 
(      22,      34 ]     2397   0.004% 100.441% 
(      34,      51 ]      535   0.001% 100.442% 
(      51,      76 ]     1701   0.003% 100.445% 
(      76,     110 ]     2056   0.004% 100.449% 
(     110,     170 ]     1893   0.004% 100.452% 
(     170,     250 ]     1826   0.003% 100.456% 
(     250,     380 ]     2403   0.004% 100.460% 
(     380,     580 ]     2410   0.004% 100.465% 
(     580,     870 ]     2180   0.004% 100.469% 
(     870,    1300 ]     1618   0.003% 100.472% 
(    1300,    1900 ]     1317   0.002% 100.474% 
(    1900,    2900 ]      957   0.002% 100.476% 
(    2900,    4400 ]      449   0.001% 100.477% 
(    4400,    6600 ]      269   0.000% 100.477% 
(    6600,    9900 ]       98   0.000% 100.477% 
(    9900,   14000 ]       47   0.000% 100.478% 
(   14000,   22000 ]       62   0.000% 100.478% 
(   22000,   33000 ]       38   0.000% 100.478% 
(   33000,   50000 ]       47   0.000% 100.478% 
(   50000,   75000 ]       55   0.000% 100.478% 
(   75000,  110000 ]       45   0.000% 100.478% 
(  110000,  170000 ]       51   0.000% 100.478% 
(  170000,  250000 ]       19   0.000% 100.478% 
(  250000,  380000 ]        4   0.000% 100.478% 
(  380000,  570000 ]        1   0.000% 100.478% 

** Level 2 read latency histogram (micros):
Count: 30631885 Average: 99.4322  StdDev: 4579.02
Min: 0  Median: 1.3508  Max: 5199402
Percentiles: P50: 1.35 P75: 1.93 P99: 813.55 P99.9: 1702.95 P99.99: 1839.70
------------------------------------------------------
[       0,       1 ] 10651493  34.773%  34.773% #######
(       1,       2 ] 13298218  43.413%  78.186% #########
(       2,       3 ]  3913911  12.777%  90.963% ###
(       3,       4 ]  1010773   3.300%  94.263% #
(       4,       6 ]   291526   0.952%  95.214% 
(       6,      10 ]    55907   0.183%  95.397% 
(      10,      15 ]    32667   0.107%  95.503% 
(      15,      22 ]    19492   0.064%  95.567% 
(      22,      34 ]     8796   0.029%  95.596% 
(      34,      51 ]    21366   0.070%  95.666% 
(      51,      76 ]    55783   0.182%  95.848% 
(      76,     110 ]    34586   0.113%  95.961% 
(     110,     170 ]   135113   0.441%  96.402% 
(     170,     250 ]   169229   0.552%  96.954% 
(     250,     380 ]   223192   0.729%  97.683% 
(     380,     580 ]   232448   0.759%  98.442% 
(     580,     870 ]   212415   0.693%  99.135% 
(     870,    1300 ]   153107   0.500%  99.635% 
(    1300,    1900 ]   120959   0.395% 100.030% 
(    1900,    2900 ]    89818   0.293% 100.323% 
(    2900,    4400 ]    44429   0.145% 100.468% 
(    4400,    6600 ]    22851   0.075% 100.543% 
(    6600,    9900 ]     8168   0.027% 100.569% 
(    9900,   14000 ]     2878   0.009% 100.579% 
(   14000,   22000 ]     3182   0.010% 100.589% 
(   22000,   33000 ]     2849   0.009% 100.598% 
(   33000,   50000 ]     3233   0.011% 100.609% 
(   50000,   75000 ]     3139   0.010% 100.619% 
(   75000,  110000 ]     2802   0.009% 100.628% 
(  110000,  170000 ]     2581   0.008% 100.637% 
(  170000,  250000 ]     1258   0.004% 100.641% 
(  250000,  380000 ]      399   0.001% 100.642% 
(  380000,  570000 ]       79   0.000% 100.642% 
(  570000,  860000 ]       50   0.000% 100.643% 
(  860000, 1200000 ]       21   0.000% 100.643% 
( 1200000, 1900000 ]       22   0.000% 100.643% 
( 1900000, 2900000 ]       28   0.000% 100.643% 
( 2900000, 4300000 ]       13   0.000% 100.643% 
( 4300000, 6500000 ]        1   0.000% 100.643% 


** DB Stats **
Uptime(secs): 1568.5 total, 3.8 interval
Cumulative writes: 88M writes, 88M keys, 11M commit groups, 7.7 writes per commit group, ingest: 85.71 GB, 55.95 MB/s
Cumulative WAL: 88M writes, 0 syncs, 88018401.00 writes per sync, written: 85.71 GB, 55.95 MB/s
Cumulative stall: 00:21:21.610 H:M:S, 81.7 percent
Interval writes: 64K writes, 64K keys, 9214 commit groups, 7.0 writes per commit group, ingest: 64.13 MB, 16.82 MB/s
Interval WAL: 64K writes, 0 syncs, 64309.00 writes per sync, written: 0.06 GB, 16.82 MB/s
Interval stall: 00:00:1.301 H:M:S, 34.1 percent
Write Stall (count): write-buffer-manager-limit-stops: 0
num-running-compactions: 18
num-running-flushes: 1

2026/08/31-11:59:36  ... thread 7: (31000,5512000) ops and (1031.5,3508.2) ops/second in (30.053980,1571.190308) seconds
2026/08/31-11:59:36  ... thread 11: (31000,5513000) ops and (1031.0,3508.8) ops/second in (30.067058,1571.193697) seconds
2026/08/31-11:59:36  ... thread 13: (33000,5511000) ops and (1050.9,3507.5) ops/second in (31.401253,1571.194562) seconds
2026/08/31-11:59:36  ... thread 15: (31000,5511000) ops and (1031.4,3507.5) ops/second in (30.057541,1571.207556) seconds
2026/08/31-11:59:36  ... thread 12: (31000,5509000) ops and (1030.7,3506.2) ops/second in (30.077304,1571.210200) seconds
2026/08/31-11:59:36  ... thread 5: (31000,5508000) ops and (1030.8,3505.6) ops/second in (30.072405,1571.214033) seconds
2026/08/31-11:59:36  ... thread 6: (32000,5514000) ops and (1063.5,3509.4) ops/second in (30.090711,1571.217665) seconds
2026/08/31-11:59:36  ... thread 10: (31000,5510000) ops and (1031.1,3506.8) ops/second in (30.065497,1571.217697) seconds
2026/08/31-11:59:36  ... thread 14: (32000,5513000) ops and (1066.0,3508.6) ops/second in (30.018561,1571.264715) seconds
2026/08/31-11:59:43  ... thread 9: (43000,5529000) ops and (1271.1,3504.0) ops/second in (33.828395,1577.916398) seconds
2026/08/31-11:59:43  ... thread 4: (43000,5532000) ops and (1247.6,3505.8) ops/second in (34.466506,1577.934995) seconds
2026/08/31-11:59:43  ... thread 3: (43000,5533000) ops and (1272.5,3506.3) ops/second in (33.791719,1578.034114) seconds
2026/08/31-12:00:00  ... thread 1: (85000,5585000) ops and (2454.6,3501.0) ops/second in (34.628557,1595.264705) seconds
2026/08/31-12:00:00  ... thread 8: (85000,5583000) ops and (2614.4,3499.7) ops/second in (32.512124,1595.285093) seconds
2026/08/31-12:00:00  ... thread 2: (85000,5582000) ops and (2583.2,3499.1) ops/second in (32.904553,1595.286768) seconds
2026/08/31-12:00:03  ... thread 0: (100000,5599000) ops and (3333.0,3502.7) ops/second in (30.002636,1598.490614) seconds

** Compaction Stats [default] **
Level    Files   Size     Score Read(GB)  Rn(GB) Rnp1(GB) Write(GB) WPreComp(GB) Wnew(GB) Moved(GB) W-Amp Rd(MB/s) Wr(MB/s) Comp(sec) CompMergeCPU(sec) Comp(cnt) Avg(sec) KeyIn KeyDrop Rblob(GB) Wblob(GB)
-------------------------------------------------------------------------------------------------------------------------------------------------------------------------------------------------------------
  L0      9/4      1.94 GB   1.2     80.9     0.0     80.9     168.8     168.8     87.9       0.0   1.9     26.0     54.2   3186.16            367.54      1748    1.823    171M    90K       0.0       0.0
  L1    123/17     7.48 GB   1.6    231.4    85.9    145.5     226.1     226.1     80.6       0.0   2.6    358.4    350.1    661.25            710.13        39   16.955    235M  5406K       0.0       0.0
  L2    764/62    41.82 GB   1.0    198.7    61.7    137.0     182.4     182.4     45.3      11.5   3.0     19.2     17.6  10586.28            910.18      1003   10.555    202M    16M       0.0       0.0
  L3    280/0     14.96 GB   0.0      0.0     0.0      0.0       0.0       0.0      0.0      15.0   0.0      0.0      0.0      0.00              0.00         0    0.000       0      0       0.0       0.0
 Sum   1176/83    66.21 GB   0.0    511.0   147.6    363.4     577.2     577.2    213.8      26.4   6.6     36.3     40.9  14433.69           1987.85      2790    5.173    609M    22M       0.0       0.0
 Int      0/0      0.00 KB   0.0     18.6     5.7     12.9      19.2      19.2      6.3       0.7  12.1     42.1     43.3    453.44             73.07        64    7.085     20M  1032K       0.0       0.0

** Compaction Stats [default] **
Priority    Files   Size     Score Read(GB)  Rn(GB) Rnp1(GB) Write(GB) WPreComp(GB) Wnew(GB) Moved(GB) W-Amp Rd(MB/s) Wr(MB/s) Comp(sec) CompMergeCPU(sec) Comp(cnt) Avg(sec) KeyIn KeyDrop Rblob(GB) Wblob(GB)
----------------------------------------------------------------------------------------------------------------------------------------------------------------------------------------------------------------
 Low      0/0      0.00 KB   0.0    511.0   147.6    363.4     489.2     489.2    125.8       0.0   0.0     42.4     40.6  12344.12           1832.54      1344    9.185    519M    22M       0.0       0.0
High      0/0      0.00 KB   0.0      0.0     0.0      0.0      88.0      88.0     88.0       0.0   0.0      0.0     43.1   2089.57            155.31      1446    1.445     89M      0       0.0       0.0

Blob file count: 0, total size: 0.0 GB, garbage size: 0.0 GB, space amp: 0.0

Uptime(secs): 1598.5 total, 33.8 interval
Flush(GB): cumulative 87.987, interval 1.581
AddFile(GB): cumulative 0.000, interval 0.000
AddFile(Total Files): cumulative 0, interval 0
AddFile(L0 Files): cumulative 0, interval 0
AddFile(Keys): cumulative 0, interval 0
Cumulative compaction: 577.19 GB write, 369.75 MB/s write, 510.98 GB read, 327.33 MB/s read, 14433.7 seconds
Interval compaction: 19.19 GB write, 581.08 MB/s write, 18.62 GB read, 563.96 MB/s read, 453.4 seconds
Estimated pending compaction bytes: 52032530563
Write Stall (count): cf-l0-file-count-limit-delays-with-ongoing-compaction: 99, cf-l0-file-count-limit-stops-with-ongoing-compaction: 0, l0-file-count-limit-delays: 99, l0-file-count-limit-stops: 0, memtable-limit-delays: 0, memtable-limit-stops: 1211, pending-compaction-bytes-delays: 0, pending-compaction-bytes-stops: 0, total-delays: 99, total-stops: 1211
interval: 28 total count
Block cache AutoHyperClockCache@0x5cc2bb2b62d0#2301963 capacity: 512.00 MB seed: 1 usage: 15.39 MB table_size: 6954 occupancy: 3653 collections: 9 last_copies: 2 last_secs: 0.000565 secs_since: 153
Block cache entry stats(count,size,portion): Misc(3653,14.97 MB,2.92324%)

** File Read Latency Histogram By Level [default] **
** Level 0 read latency histogram (micros):
Count: 42161517 Average: 3.1284  StdDev: 1396.43
Min: 0  Median: 0.8974  Max: 4185179
Percentiles: P50: 0.90 P75: 1.51 P99: 2.99 P99.9: 4.66 P99.99: 5.33
------------------------------------------------------
[       0,       1 ] 23491730  55.718%  55.718% ###########
(       1,       2 ] 15822204  37.528%  93.246% ########
(       2,       3 ]  2441648   5.791%  99.037% #
(       3,       4 ]   325904   0.773%  99.810% 
(       4,       6 ]   113900   0.270% 100.080% 
(       6,      10 ]    50154   0.119% 100.199% 
(      10,      15 ]    19277   0.046% 100.245% 
(      15,      22 ]    11479   0.027% 100.272% 
(      22,      34 ]      810   0.002% 100.274% 
(      34,      51 ]      117   0.000% 100.274% 
(      51,      76 ]      557   0.001% 100.276% 
(      76,     110 ]     1000   0.002% 100.278% 
(     110,     170 ]       51   0.000% 100.278% 
(     170,     250 ]       36   0.000% 100.278% 
(     250,     380 ]      137   0.000% 100.279% 
(     380,     580 ]       28   0.000% 100.279% 
(     580,     870 ]       51   0.000% 100.279% 
(     870,    1300 ]       85   0.000% 100.279% 
(    1300,    1900 ]       53   0.000% 100.279% 
(    1900,    2900 ]       23   0.000% 100.279% 
(    2900,    4400 ]       12   0.000% 100.279% 
(    4400,    6600 ]       11   0.000% 100.279% 
(    6600,    9900 ]        7   0.000% 100.279% 
(    9900,   14000 ]        2   0.000% 100.279% 
(   14000,   22000 ]       13   0.000% 100.279% 
(   22000,   33000 ]       31   0.000% 100.279% 
(   33000,   50000 ]       43   0.000% 100.280% 
(   50000,   75000 ]       72   0.000% 100.280% 
(   75000,  110000 ]      105   0.000% 100.280% 
(  110000,  170000 ]       59   0.000% 100.280% 
(  170000,  250000 ]       23   0.000% 100.280% 
(  250000,  380000 ]        6   0.000% 100.280% 
(  380000,  570000 ]        4   0.000% 100.280% 
(  570000,  860000 ]        4   0.000% 100.280% 
(  860000, 1200000 ]        1   0.000% 100.280% 
( 1200000, 1900000 ]        5   0.000% 100.280% 
( 1900000, 2900000 ]        6   0.000% 100.280% 
( 2900000, 4300000 ]        2   0.000% 100.280% 

** Level 1 read latency histogram (micros):
Count: 54595821 Average: 2.4259  StdDev: 269.85
Min: 0  Median: 0.9093  Max: 544865
Percentiles: P50: 0.91 P75: 1.57 P99: 3.68 P99.9: 5.39 P99.99: 5.68
------------------------------------------------------
[       0,       1 ] 30019201  54.984%  54.984% ###########
(       1,       2 ] 19145645  35.068%  90.052% #######
(       2,       3 ]  4331500   7.934%  97.986% ##
(       3,       4 ]   810392   1.484%  99.471% 
(       4,       6 ]   337601   0.618% 100.089% 
(       6,      10 ]   125943   0.231% 100.320% 
(      10,      15 ]    35039   0.064% 100.384% 
(      15,      22 ]    24690   0.045% 100.429% 
(      22,      34 ]     2503   0.005% 100.434% 
(      34,      51 ]      559   0.001% 100.435% 
(      51,      76 ]     1773   0.003% 100.438% 
(      76,     110 ]     2125   0.004% 100.442% 
(     110,     170 ]     2119   0.004% 100.446% 
(     170,     250 ]     2102   0.004% 100.449% 
(     250,     380 ]     2778   0.005% 100.455% 
(     380,     580 ]     2825   0.005% 100.460% 
(     580,     870 ]     2616   0.005% 100.464% 
(     870,    1300 ]     1941   0.004% 100.468% 
(    1300,    1900 ]     1549   0.003% 100.471% 
(    1900,    2900 ]     1144   0.002% 100.473% 
(    2900,    4400 ]      544   0.001% 100.474% 
(    4400,    6600 ]      323   0.001% 100.475% 
(    6600,    9900 ]      109   0.000% 100.475% 
(    9900,   14000 ]       51   0.000% 100.475% 
(   14000,   22000 ]       65   0.000% 100.475% 
(   22000,   33000 ]       43   0.000% 100.475% 
(   33000,   50000 ]       49   0.000% 100.475% 
(   50000,   75000 ]       65   0.000% 100.475% 
(   75000,  110000 ]       46   0.000% 100.475% 
(  110000,  170000 ]       56   0.000% 100.475% 
(  170000,  250000 ]       23   0.000% 100.475% 
(  250000,  380000 ]        5   0.000% 100.475% 
(  380000,  570000 ]        3   0.000% 100.476% 

** Level 2 read latency histogram (micros):
Count: 32095496 Average: 100.5290  StdDev: 4619.44
Min: 0  Median: 1.3610  Max: 5199402
Percentiles: P50: 1.36 P75: 1.94 P99: 824.94 P99.9: 1716.83 P99.99: 1850.92
------------------------------------------------------
[       0,       1 ] 11008174  34.298%  34.298% #######
(       1,       2 ] 13959902  43.495%  77.793% #########
(       2,       3 ]  4159114  12.959%  90.752% ###
(       3,       4 ]  1083740   3.377%  94.128% #
(       4,       6 ]   313627   0.977%  95.105% 
(       6,      10 ]    58849   0.183%  95.289% 
(      10,      15 ]    34801   0.108%  95.397% 
(      15,      22 ]    20721   0.065%  95.462% 
(      22,      34 ]     9166   0.029%  95.490% 
(      34,      51 ]    22458   0.070%  95.560% 
(      51,      76 ]    59023   0.184%  95.744% 
(      76,     110 ]    36878   0.115%  95.859% 
(     110,     170 ]   144341   0.450%  96.309% 
(     170,     250 ]   181219   0.565%  96.873% 
(     250,     380 ]   239929   0.748%  97.621% 
(     380,     580 ]   249974   0.779%  98.400% 
(     580,     870 ]   228070   0.711%  99.110% 
(     870,    1300 ]   163631   0.510%  99.620% 
(    1300,    1900 ]   129249   0.403% 100.023% 
(    1900,    2900 ]    95927   0.299% 100.322% 
(    2900,    4400 ]    47429   0.148% 100.470% 
(    4400,    6600 ]    24372   0.076% 100.546% 
(    6600,    9900 ]     8590   0.027% 100.572% 
(    9900,   14000 ]     2990   0.009% 100.582% 
(   14000,   22000 ]     3276   0.010% 100.592% 
(   22000,   33000 ]     2933   0.009% 100.601% 
(   33000,   50000 ]     3381   0.011% 100.612% 
(   50000,   75000 ]     3282   0.010% 100.622% 
(   75000,  110000 ]     2945   0.009% 100.631% 
(  110000,  170000 ]     2711   0.008% 100.639% 
(  170000,  250000 ]     1331   0.004% 100.644% 
(  250000,  380000 ]      422   0.001% 100.645% 
(  380000,  570000 ]       88   0.000% 100.645% 
(  570000,  860000 ]       51   0.000% 100.645% 
(  860000, 1200000 ]       23   0.000% 100.645% 
( 1200000, 1900000 ]       23   0.000% 100.645% 
( 1900000, 2900000 ]       30   0.000% 100.645% 
( 2900000, 4300000 ]       14   0.000% 100.646% 
( 4300000, 6500000 ]        1   0.000% 100.646% 


** DB Stats **
Uptime(secs): 1598.5 total, 30.0 interval
Cumulative writes: 89M writes, 89M keys, 11M commit groups, 7.7 writes per commit group, ingest: 87.26 GB, 55.90 MB/s
Cumulative WAL: 89M writes, 0 syncs, 89614438.00 writes per sync, written: 87.26 GB, 55.90 MB/s
Cumulative stall: 00:21:47.905 H:M:S, 81.8 percent
Interval writes: 1596K writes, 1596K keys, 206K commit groups, 7.7 writes per commit group, ingest: 1591.44 MB, 53.04 MB/s
Interval WAL: 1596K writes, 0 syncs, 1596037.00 writes per sync, written: 1.55 GB, 53.04 MB/s
Interval stall: 00:00:26.295 H:M:S, 87.6 percent
Write Stall (count): write-buffer-manager-limit-stops: 0
num-running-compactions: 18
num-running-flushes: 1

2026/08/31-12:00:10  ... thread 15: (100000,5611000) ops and (2954.0,3495.8) ops/second in (33.851890,1605.059446) seconds
2026/08/31-12:00:10  ... thread 12: (100000,5609000) ops and (2952.5,3494.5) ops/second in (33.869521,1605.079721) seconds
2026/08/31-12:00:10  ... thread 11: (101000,5614000) ops and (2980.3,3497.6) ops/second in (33.889717,1605.083414) seconds
2026/08/31-12:00:10  ... thread 7: (101000,5613000) ops and (2979.9,3497.0) ops/second in (33.894090,1605.084398) seconds
2026/08/31-12:00:10  ... thread 5: (100000,5608000) ops and (2949.3,3493.8) ops/second in (33.905812,1605.119845) seconds
2026/08/31-12:00:10  ... thread 6: (100000,5614000) ops and (2949.5,3497.6) ops/second in (33.903798,1605.121463) seconds
2026/08/31-12:00:10  ... thread 10: (100000,5610000) ops and (2949.4,3495.1) ops/second in (33.905035,1605.122732) seconds
2026/08/31-12:00:10  ... thread 13: (101000,5612000) ops and (2976.8,3496.3) ops/second in (33.929173,1605.123735) seconds
2026/08/31-12:00:10  ... thread 14: (98000,5611000) ops and (2893.6,3495.7) ops/second in (33.867823,1605.132538) seconds
2026/08/31-12:00:13  ... thread 9: (105000,5634000) ops and (3498.4,3503.9) ops/second in (30.013756,1607.930154) seconds
2026/08/31-12:00:13  ... thread 4: (105000,5637000) ops and (3497.6,3505.7) ops/second in (30.020390,1607.955385) seconds
2026/08/31-12:00:13  ... thread 3: (106000,5639000) ops and (3530.7,3506.7) ops/second in (30.022267,1608.056381) seconds
2026/08/31-12:00:33  ... thread 1: (170000,5755000) ops and (5201.3,3535.1) ops/second in (32.684002,1627.948707) seconds
2026/08/31-12:00:36  ... thread 8: (170000,5753000) ops and (4687.9,3526.1) ops/second in (36.263652,1631.548745) seconds
2026/08/31-12:00:36  ... thread 2: (171000,5753000) ops and (4714.4,3526.1) ops/second in (36.271691,1631.558459) seconds
2026/08/31-12:00:36  ... thread 0: (151000,5750000) ops and (4566.1,3524.2) ops/second in (33.069827,1631.560441) seconds

** Compaction Stats [default] **
Level    Files   Size     Score Read(GB)  Rn(GB) Rnp1(GB) Write(GB) WPreComp(GB) Wnew(GB) Moved(GB) W-Amp Rd(MB/s) Wr(MB/s) Comp(sec) CompMergeCPU(sec) Comp(cnt) Avg(sec) KeyIn KeyDrop Rblob(GB) Wblob(GB)
-------------------------------------------------------------------------------------------------------------------------------------------------------------------------------------------------------------
  L0     20/20     4.37 GB   0.0     83.2     0.0     83.2     173.5     173.5     90.3       0.0   1.9     26.2     54.6   3252.40            378.10      1797    1.810    176M    92K       0.0       0.0
  L1     99/99     6.00 GB   0.0    231.4    85.9    145.5     226.1     226.1     80.6       0.0   2.6    358.4    350.1    661.25            710.13        39   16.955    235M  5406K       0.0       0.0
  L2    724/0     39.93 GB   1.0    204.7    63.1    141.6     187.7     187.7     46.1      11.5   3.0     19.2     17.6  10932.37            945.64      1027   10.645    208M    17M       0.0       0.0
  L3    328/0     17.64 GB   0.0      0.0     0.0      0.0       0.0       0.0      0.0      17.6   0.0      0.0      0.0      0.00              0.00         0    0.000       0      0       0.0       0.0
 Sum   1171/119   67.94 GB   0.0    519.3   149.1    370.2     587.2     587.2    217.0      29.1   6.5     35.8     40.5  14846.02           2033.88      2863    5.185    620M    22M       0.0       0.0
 Int      0/0      0.00 KB   0.0      0.0     0.0      0.0       0.2       0.2      0.2       0.0   1.0      0.0     47.7      3.93              0.36         3    1.309    186K      0       0.0       0.0

** Compaction Stats [default] **
Priority    Files   Size     Score Read(GB)  Rn(GB) Rnp1(GB) Write(GB) WPreComp(GB) Wnew(GB) Moved(GB) W-Amp Rd(MB/s) Wr(MB/s) Comp(sec) CompMergeCPU(sec) Comp(cnt) Avg(sec) KeyIn KeyDrop Rblob(GB) Wblob(GB)
----------------------------------------------------------------------------------------------------------------------------------------------------------------------------------------------------------------
 Low      0/0      0.00 KB   0.0    519.3   149.1    370.2     496.8     496.8    126.6       0.0   0.0     41.8     40.0  12711.34           1874.39      1377    9.231    528M    22M       0.0       0.0
High      0/0      0.00 KB   0.0      0.0     0.0      0.0      90.4      90.4     90.4       0.0   0.0      0.0     43.4   2134.68            159.49      1486    1.437     92M      0       0.0       0.0

Blob file count: 0, total size: 0.0 GB, garbage size: 0.0 GB, space amp: 0.0

Uptime(secs): 1631.6 total, 6.9 interval
Flush(GB): cumulative 90.419, interval 0.183
AddFile(GB): cumulative 0.000, interval 0.000
AddFile(Total Files): cumulative 0, interval 0
AddFile(L0 Files): cumulative 0, interval 0
AddFile(Keys): cumulative 0, interval 0
Cumulative compaction: 587.25 GB write, 368.57 MB/s write, 519.30 GB read, 325.92 MB/s read, 14846.0 seconds
Interval compaction: 0.18 GB write, 27.25 MB/s write, 0.00 GB read, 0.00 MB/s read, 3.9 seconds
Estimated pending compaction bytes: 53680805108
Write Stall (count): cf-l0-file-count-limit-delays-with-ongoing-compaction: 103, cf-l0-file-count-limit-stops-with-ongoing-compaction: 0, l0-file-count-limit-delays: 103, l0-file-count-limit-stops: 0, memtable-limit-delays: 0, memtable-limit-stops: 1245, pending-compaction-bytes-delays: 0, pending-compaction-bytes-stops: 0, total-delays: 103, total-stops: 1245
interval: 2 total count
Block cache AutoHyperClockCache@0x5cc2bb2b62d0#2301963 capacity: 512.00 MB seed: 1 usage: 17.36 MB table_size: 7284 occupancy: 4125 collections: 10 last_copies: 0 last_secs: 0.000401 secs_since: 6
Block cache entry stats(count,size,portion): Misc(4118,16.87 MB,3.29575%)

** File Read Latency Histogram By Level [default] **
** Level 0 read latency histogram (micros):
Count: 43115396 Average: 3.1362  StdDev: 1391.56
Min: 0  Median: 0.8985  Max: 4185179
Percentiles: P50: 0.90 P75: 1.52 P99: 2.99 P99.9: 4.68 P99.99: 5.34
------------------------------------------------------
[       0,       1 ] 23992022  55.646%  55.646% ###########
(       1,       2 ] 16199870  37.573%  93.219% ########
(       2,       3 ]  2506643   5.814%  99.033% #
(       3,       4 ]   334496   0.776%  99.809% 
(       4,       6 ]   116270   0.270% 100.079% 
(       6,      10 ]    51378   0.119% 100.198% 
(      10,      15 ]    19725   0.046% 100.244% 
(      15,      22 ]    11703   0.027% 100.271% 
(      22,      34 ]      831   0.002% 100.273% 
(      34,      51 ]      118   0.000% 100.273% 
(      51,      76 ]      574   0.001% 100.274% 
(      76,     110 ]     1025   0.002% 100.277% 
(     110,     170 ]       52   0.000% 100.277% 
(     170,     250 ]       39   0.000% 100.277% 
(     250,     380 ]      142   0.000% 100.277% 
(     380,     580 ]       30   0.000% 100.277% 
(     580,     870 ]       52   0.000% 100.277% 
(     870,    1300 ]       85   0.000% 100.278% 
(    1300,    1900 ]       53   0.000% 100.278% 
(    1900,    2900 ]       24   0.000% 100.278% 
(    2900,    4400 ]       12   0.000% 100.278% 
(    4400,    6600 ]       11   0.000% 100.278% 
(    6600,    9900 ]        7   0.000% 100.278% 
(    9900,   14000 ]        2   0.000% 100.278% 
(   14000,   22000 ]       13   0.000% 100.278% 
(   22000,   33000 ]       32   0.000% 100.278% 
(   33000,   50000 ]       44   0.000% 100.278% 
(   50000,   75000 ]       72   0.000% 100.278% 
(   75000,  110000 ]      111   0.000% 100.278% 
(  110000,  170000 ]       60   0.000% 100.279% 
(  170000,  250000 ]       23   0.000% 100.279% 
(  250000,  380000 ]        6   0.000% 100.279% 
(  380000,  570000 ]        4   0.000% 100.279% 
(  570000,  860000 ]        4   0.000% 100.279% 
(  860000, 1200000 ]        2   0.000% 100.279% 
( 1200000, 1900000 ]        5   0.000% 100.279% 
( 1900000, 2900000 ]        6   0.000% 100.279% 
( 2900000, 4300000 ]        2   0.000% 100.279% 

** Level 1 read latency histogram (micros):
Count: 55363652 Average: 2.4180  StdDev: 267.98
Min: 0  Median: 0.9127  Max: 544865
Percentiles: P50: 0.91 P75: 1.57 P99: 3.69 P99.9: 5.40 P99.99: 5.69
------------------------------------------------------
[       0,       1 ] 30328718  54.781%  54.781% ###########
(       1,       2 ] 19475771  35.178%  89.959% #######
(       2,       3 ]  4431811   8.005%  97.964% ##
(       3,       4 ]   830184   1.500%  99.463% 
(       4,       6 ]   345339   0.624% 100.087% 
(       6,      10 ]   128552   0.232% 100.319% 
(      10,      15 ]    35748   0.065% 100.384% 
(      15,      22 ]    25157   0.045% 100.429% 
(      22,      34 ]     2550   0.005% 100.434% 
(      34,      51 ]      562   0.001% 100.435% 
(      51,      76 ]     1773   0.003% 100.438% 
(      76,     110 ]     2132   0.004% 100.442% 
(     110,     170 ]     2119   0.004% 100.446% 
(     170,     250 ]     2102   0.004% 100.450% 
(     250,     380 ]     2778   0.005% 100.455% 
(     380,     580 ]     2825   0.005% 100.460% 
(     580,     870 ]     2616   0.005% 100.464% 
(     870,    1300 ]     1941   0.004% 100.468% 
(    1300,    1900 ]     1549   0.003% 100.471% 
(    1900,    2900 ]     1145   0.002% 100.473% 
(    2900,    4400 ]      544   0.001% 100.474% 
(    4400,    6600 ]      323   0.001% 100.474% 
(    6600,    9900 ]      109   0.000% 100.474% 
(    9900,   14000 ]       51   0.000% 100.475% 
(   14000,   22000 ]       65   0.000% 100.475% 
(   22000,   33000 ]       43   0.000% 100.475% 
(   33000,   50000 ]       49   0.000% 100.475% 
(   50000,   75000 ]       65   0.000% 100.475% 
(   75000,  110000 ]       46   0.000% 100.475% 
(  110000,  170000 ]       56   0.000% 100.475% 
(  170000,  250000 ]       23   0.000% 100.475% 
(  250000,  380000 ]        5   0.000% 100.475% 
(  380000,  570000 ]        3   0.000% 100.475% 

** Level 2 read latency histogram (micros):
Count: 32787385 Average: 102.2498  StdDev: 4714.99
Min: 0  Median: 1.3662  Max: 5199402
Percentiles: P50: 1.37 P75: 1.94 P99: 833.84 P99.9: 1734.14 P99.99: 1866.89
------------------------------------------------------
[       0,       1 ] 11166899  34.059%  34.059% #######
(       1,       2 ] 14274350  43.536%  77.595% #########
(       2,       3 ]  4276891  13.044%  90.639% ###
(       3,       4 ]  1116276   3.405%  94.044% #
(       4,       6 ]   322100   0.982%  95.026% 
(       6,      10 ]    60244   0.184%  95.210% 
(      10,      15 ]    35832   0.109%  95.319% 
(      15,      22 ]    21365   0.065%  95.384% 
(      22,      34 ]     9767   0.030%  95.414% 
(      34,      51 ]    23741   0.072%  95.486% 
(      51,      76 ]    61587   0.188%  95.674% 
(      76,     110 ]    38410   0.117%  95.791% 
(     110,     170 ]   149752   0.457%  96.248% 
(     170,     250 ]   188169   0.574%  96.822% 
(     250,     380 ]   248537   0.758%  97.580% 
(     380,     580 ]   259001   0.790%  98.370% 
(     580,     870 ]   236021   0.720%  99.090% 
(     870,    1300 ]   169149   0.516%  99.606% 
(    1300,    1900 ]   133376   0.407% 100.012% 
(    1900,    2900 ]    98874   0.302% 100.314% 
(    2900,    4400 ]    48843   0.149% 100.463% 
(    4400,    6600 ]    25211   0.077% 100.540% 
(    6600,    9900 ]     8998   0.027% 100.567% 
(    9900,   14000 ]     3186   0.010% 100.577% 
(   14000,   22000 ]     3468   0.011% 100.588% 
(   22000,   33000 ]     3065   0.009% 100.597% 
(   33000,   50000 ]     3491   0.011% 100.608% 
(   50000,   75000 ]     3425   0.010% 100.618% 
(   75000,  110000 ]     3074   0.009% 100.627% 
(  110000,  170000 ]     2828   0.009% 100.636% 
(  170000,  250000 ]     1378   0.004% 100.640% 
(  250000,  380000 ]      434   0.001% 100.642% 
(  380000,  570000 ]       90   0.000% 100.642% 
(  570000,  860000 ]       52   0.000% 100.642% 
(  860000, 1200000 ]       24   0.000% 100.642% 
( 1200000, 1900000 ]       25   0.000% 100.642% 
( 1900000, 2900000 ]       31   0.000% 100.642% 
( 2900000, 4300000 ]       16   0.000% 100.642% 
( 4300000, 6500000 ]        1   0.000% 100.642% 


** DB Stats **
Uptime(secs): 1631.6 total, 6.9 interval
Cumulative writes: 92M writes, 92M keys, 11M commit groups, 7.7 writes per commit group, ingest: 89.61 GB, 56.24 MB/s
Cumulative WAL: 92M writes, 0 syncs, 92026845.00 writes per sync, written: 89.61 GB, 56.24 MB/s
Cumulative stall: 00:22:13.103 H:M:S, 81.7 percent
Interval writes: 133K writes, 133K keys, 17K commit groups, 7.5 writes per commit group, ingest: 133.38 MB, 19.40 MB/s
Interval WAL: 133K writes, 0 syncs, 133767.00 writes per sync, written: 0.13 GB, 19.40 MB/s
Interval stall: 00:00:3.328 H:M:S, 48.4 percent
Write Stall (count): write-buffer-manager-limit-stops: 0
num-running-compactions: 2
num-running-flushes: 0

2026/08/31-12:00:41  ... thread 11: (143000,5757000) ops and (4661.1,3519.5) ops/second in (30.679321,1635.762735) seconds
2026/08/31-12:00:41  ... thread 10: (142000,5752000) ops and (4634.0,3516.4) ops/second in (30.643087,1635.765819) seconds
2026/08/31-12:00:41  ... thread 15: (143000,5754000) ops and (4656.3,3517.6) ops/second in (30.711380,1635.770826) seconds
2026/08/31-12:00:41  ... thread 14: (143000,5754000) ops and (4661.4,3517.5) ops/second in (30.677159,1635.809697) seconds
2026/08/31-12:00:41  ... thread 12: (143000,5752000) ops and (4635.1,3516.0) ops/second in (30.851358,1635.931079) seconds
2026/08/31-12:00:41  ... thread 6: (142000,5756000) ops and (4564.6,3517.8) ops/second in (31.108767,1636.230230) seconds
2026/08/31-12:00:41  ... thread 5: (143000,5751000) ops and (4596.5,3514.8) ops/second in (31.110522,1636.230367) seconds
2026/08/31-12:00:42  ... thread 7: (143000,5756000) ops and (4519.9,3516.8) ops/second in (31.637854,1636.722252) seconds
2026/08/31-12:00:42  ... thread 13: (143000,5755000) ops and (4478.7,3515.5) ops/second in (31.928638,1637.052373) seconds
2026/08/31-12:00:43  ... thread 3: (118000,5757000) ops and (3924.6,3514.4) ops/second in (30.066698,1638.123079) seconds
2026/08/31-12:00:43  ... thread 9: (121000,5755000) ops and (4006.2,3513.1) ops/second in (30.203454,1638.133608) seconds
2026/08/31-12:00:43  ... thread 4: (120000,5757000) ops and (3975.8,3514.4) ops/second in (30.182376,1638.137761) seconds
2026/08/31-12:01:06  ... thread 1: (43000,5798000) ops and (1287.0,3489.9) ops/second in (33.411487,1661.360194) seconds
2026/08/31-12:01:06  ... thread 2: (48000,5801000) ops and (1600.0,3491.3) ops/second in (30.000426,1661.558885) seconds
2026/08/31-12:01:06  ... thread 8: (49000,5802000) ops and (1632.0,3491.9) ops/second in (30.024150,1661.572895) seconds
2026/08/31-12:01:06  ... thread 0: (49000,5799000) ops and (1632.2,3490.0) ops/second in (30.020750,1661.581191) seconds

** Compaction Stats [default] **
Level    Files   Size     Score Read(GB)  Rn(GB) Rnp1(GB) Write(GB) WPreComp(GB) Wnew(GB) Moved(GB) W-Amp Rd(MB/s) Wr(MB/s) Comp(sec) CompMergeCPU(sec) Comp(cnt) Avg(sec) KeyIn KeyDrop Rblob(GB) Wblob(GB)
-------------------------------------------------------------------------------------------------------------------------------------------------------------------------------------------------------------
  L0     12/9    934.74 MB   0.8     83.4     0.0     83.4     174.4     174.4     91.0       0.0   1.9     26.0     54.3   3289.70            380.12      1809    1.819    177M    92K       0.0       0.0
  L1    147/17     8.83 GB   1.9    241.5    90.1    151.5     235.9     235.9     84.4       0.0   2.6    360.4    352.0    686.28            742.36        40   17.157    245M  5729K       0.0       0.0
  L2    737/46    40.83 GB   1.0    205.9    63.5    142.4     188.8     188.8     46.4      12.0   3.0     19.2     17.6  10981.50            950.81      1035   10.610    209M    17M       0.0       0.0
  L3    328/0     17.64 GB   0.0      0.0     0.0      0.0       0.0       0.0      0.0      17.6   0.0      0.0      0.0      0.00              0.00         0    0.000       0      0       0.0       0.0
 Sum   1224/72    68.22 GB   0.0    530.9   153.6    377.3     599.1     599.1    221.8      29.7   6.6     36.3     41.0  14957.48           2073.29      2884    5.186    632M    23M       0.0       0.0
 Int      0/0      0.00 KB   0.0     11.6     4.5      7.0      12.1      12.1      5.0       0.6  14.1    102.9    107.0    115.38             39.77        24    4.808     12M   402K       0.0       0.0

** Compaction Stats [default] **
Priority    Files   Size     Score Read(GB)  Rn(GB) Rnp1(GB) Write(GB) WPreComp(GB) Wnew(GB) Moved(GB) W-Amp Rd(MB/s) Wr(MB/s) Comp(sec) CompMergeCPU(sec) Comp(cnt) Avg(sec) KeyIn KeyDrop Rblob(GB) Wblob(GB)
----------------------------------------------------------------------------------------------------------------------------------------------------------------------------------------------------------------
 Low      0/0      0.00 KB   0.0    530.9   153.6    377.3     508.0     508.0    130.8       0.0   0.0     42.5     40.7  12794.95           1912.49      1387    9.225    540M    23M       0.0       0.0
High      0/0      0.00 KB   0.0      0.0     0.0      0.0      91.1      91.1     91.1       0.0   0.0      0.0     43.1   2162.53            160.79      1497    1.445     92M      0       0.0       0.0

Blob file count: 0, total size: 0.0 GB, garbage size: 0.0 GB, space amp: 0.0

Uptime(secs): 1661.6 total, 36.9 interval
Flush(GB): cumulative 91.089, interval 0.852
AddFile(GB): cumulative 0.000, interval 0.000
AddFile(Total Files): cumulative 0, interval 0
AddFile(L0 Files): cumulative 0, interval 0
AddFile(Keys): cumulative 0, interval 0
Cumulative compaction: 599.12 GB write, 369.22 MB/s write, 530.90 GB read, 327.18 MB/s read, 14957.5 seconds
Interval compaction: 12.05 GB write, 334.47 MB/s write, 11.60 GB read, 321.82 MB/s read, 115.4 seconds
Estimated pending compaction bytes: 52217694612
Write Stall (count): cf-l0-file-count-limit-delays-with-ongoing-compaction: 106, cf-l0-file-count-limit-stops-with-ongoing-compaction: 0, l0-file-count-limit-delays: 106, l0-file-count-limit-stops: 0, memtable-limit-delays: 0, memtable-limit-stops: 1251, pending-compaction-bytes-delays: 0, pending-compaction-bytes-stops: 0, total-delays: 106, total-stops: 1251
interval: 11 total count
Block cache AutoHyperClockCache@0x5cc2bb2b62d0#2301963 capacity: 512.00 MB seed: 1 usage: 17.36 MB table_size: 7284 occupancy: 4125 collections: 10 last_copies: 0 last_secs: 0.000401 secs_since: 36
Block cache entry stats(count,size,portion): Misc(4118,16.87 MB,3.29575%)

** File Read Latency Histogram By Level [default] **
** Level 0 read latency histogram (micros):
Count: 43976869 Average: 3.1580  StdDev: 1396.99
Min: 0  Median: 0.9011  Max: 4185179
Percentiles: P50: 0.90 P75: 1.52 P99: 3.00 P99.9: 4.71 P99.99: 5.36
------------------------------------------------------
[       0,       1 ] 24403012  55.491%  55.491% ###########
(       1,       2 ] 16567690  37.674%  93.164% ########
(       2,       3 ]  2573527   5.852%  99.016% #
(       3,       4 ]   346007   0.787%  99.803% 
(       4,       6 ]   120706   0.274% 100.077% 
(       6,      10 ]    52785   0.120% 100.198% 
(      10,      15 ]    20447   0.046% 100.244% 
(      15,      22 ]    12088   0.027% 100.271% 
(      22,      34 ]      863   0.002% 100.273% 
(      34,      51 ]      119   0.000% 100.274% 
(      51,      76 ]      579   0.001% 100.275% 
(      76,     110 ]     1034   0.002% 100.277% 
(     110,     170 ]       52   0.000% 100.278% 
(     170,     250 ]       39   0.000% 100.278% 
(     250,     380 ]      143   0.000% 100.278% 
(     380,     580 ]       30   0.000% 100.278% 
(     580,     870 ]       53   0.000% 100.278% 
(     870,    1300 ]       85   0.000% 100.278% 
(    1300,    1900 ]       53   0.000% 100.278% 
(    1900,    2900 ]       24   0.000% 100.278% 
(    2900,    4400 ]       12   0.000% 100.279% 
(    4400,    6600 ]       11   0.000% 100.279% 
(    6600,    9900 ]        7   0.000% 100.279% 
(    9900,   14000 ]        2   0.000% 100.279% 
(   14000,   22000 ]       13   0.000% 100.279% 
(   22000,   33000 ]       32   0.000% 100.279% 
(   33000,   50000 ]       44   0.000% 100.279% 
(   50000,   75000 ]       72   0.000% 100.279% 
(   75000,  110000 ]      113   0.000% 100.279% 
(  110000,  170000 ]       62   0.000% 100.279% 
(  170000,  250000 ]       23   0.000% 100.279% 
(  250000,  380000 ]        7   0.000% 100.279% 
(  380000,  570000 ]        4   0.000% 100.279% 
(  570000,  860000 ]        4   0.000% 100.279% 
(  860000, 1200000 ]        2   0.000% 100.279% 
( 1200000, 1900000 ]        6   0.000% 100.279% 
( 1900000, 2900000 ]        6   0.000% 100.279% 
( 2900000, 4300000 ]        2   0.000% 100.279% 

** Level 1 read latency histogram (micros):
Count: 56670124 Average: 2.4004  StdDev: 264.87
Min: 0  Median: 0.9130  Max: 544865
Percentiles: P50: 0.91 P75: 1.58 P99: 3.70 P99.9: 5.42 P99.99: 5.71
------------------------------------------------------
[       0,       1 ] 31035870  54.766%  54.766% ###########
(       1,       2 ] 19915457  35.143%  89.909% #######
(       2,       3 ]  4556541   8.040%  97.949% ##
(       3,       4 ]   853725   1.506%  99.456% 
(       4,       6 ]   355264   0.627% 100.082% 
(       6,      10 ]   131985   0.233% 100.315% 
(      10,      15 ]    36861   0.065% 100.380% 
(      15,      22 ]    25905   0.046% 100.426% 
(      22,      34 ]     2614   0.005% 100.431% 
(      34,      51 ]      568   0.001% 100.432% 
(      51,      76 ]     1818   0.003% 100.435% 
(      76,     110 ]     2226   0.004% 100.439% 
(     110,     170 ]     2138   0.004% 100.443% 
(     170,     250 ]     2105   0.004% 100.446% 
(     250,     380 ]     2780   0.005% 100.451% 
(     380,     580 ]     2825   0.005% 100.456% 
(     580,     870 ]     2616   0.005% 100.461% 
(     870,    1300 ]     1941   0.003% 100.464% 
(    1300,    1900 ]     1549   0.003% 100.467% 
(    1900,    2900 ]     1145   0.002% 100.469% 
(    2900,    4400 ]      544   0.001% 100.470% 
(    4400,    6600 ]      323   0.001% 100.471% 
(    6600,    9900 ]      109   0.000% 100.471% 
(    9900,   14000 ]       51   0.000% 100.471% 
(   14000,   22000 ]       65   0.000% 100.471% 
(   22000,   33000 ]       43   0.000% 100.471% 
(   33000,   50000 ]       49   0.000% 100.471% 
(   50000,   75000 ]       65   0.000% 100.471% 
(   75000,  110000 ]       46   0.000% 100.471% 
(  110000,  170000 ]       56   0.000% 100.471% 
(  170000,  250000 ]       23   0.000% 100.471% 
(  250000,  380000 ]        5   0.000% 100.471% 
(  380000,  570000 ]        3   0.000% 100.471% 

** Level 2 read latency histogram (micros):
Count: 33359879 Average: 102.7787  StdDev: 4705.66
Min: 0  Median: 1.3689  Max: 5199402
Percentiles: P50: 1.37 P75: 1.94 P99: 836.53 P99.9: 1739.44 P99.99: 1871.83
------------------------------------------------------
[       0,       1 ] 11317440  33.925%  33.925% #######
(       1,       2 ] 14537975  43.579%  77.505% #########
(       2,       3 ]  4366522  13.089%  90.594% ###
(       3,       4 ]  1140950   3.420%  94.014% #
(       4,       6 ]   330038   0.989%  95.003% 
(       6,      10 ]    61449   0.184%  95.187% 
(      10,      15 ]    36546   0.110%  95.297% 
(      15,      22 ]    21798   0.065%  95.362% 
(      22,      34 ]     9977   0.030%  95.392% 
(      34,      51 ]    24098   0.072%  95.464% 
(      51,      76 ]    62649   0.188%  95.652% 
(      76,     110 ]    39256   0.118%  95.770% 
(     110,     170 ]   152590   0.457%  96.227% 
(     170,     250 ]   191908   0.575%  96.802% 
(     250,     380 ]   254196   0.762%  97.564% 
(     380,     580 ]   265326   0.795%  98.360% 
(     580,     870 ]   241429   0.724%  99.084% 
(     870,    1300 ]   172719   0.518%  99.601% 
(    1300,    1900 ]   136068   0.408% 100.009% 
(    1900,    2900 ]   100932   0.303% 100.312% 
(    2900,    4400 ]    50004   0.150% 100.462% 
(    4400,    6600 ]    25793   0.077% 100.539% 
(    6600,    9900 ]     9305   0.028% 100.567% 
(    9900,   14000 ]     3274   0.010% 100.577% 
(   14000,   22000 ]     3557   0.011% 100.587% 
(   22000,   33000 ]     3132   0.009% 100.597% 
(   33000,   50000 ]     3575   0.011% 100.607% 
(   50000,   75000 ]     3504   0.011% 100.618% 
(   75000,  110000 ]     3136   0.009% 100.627% 
(  110000,  170000 ]     2904   0.009% 100.636% 
(  170000,  250000 ]     1416   0.004% 100.640% 
(  250000,  380000 ]      443   0.001% 100.642% 
(  380000,  570000 ]       90   0.000% 100.642% 
(  570000,  860000 ]       52   0.000% 100.642% 
(  860000, 1200000 ]       27   0.000% 100.642% 
( 1200000, 1900000 ]       26   0.000% 100.642% 
( 1900000, 2900000 ]       31   0.000% 100.642% 
( 2900000, 4300000 ]       16   0.000% 100.642% 
( 4300000, 6500000 ]        1   0.000% 100.642% 


** DB Stats **
Uptime(secs): 1661.6 total, 30.0 interval
Cumulative writes: 92M writes, 92M keys, 12M commit groups, 7.7 writes per commit group, ingest: 90.37 GB, 55.69 MB/s
Cumulative WAL: 92M writes, 0 syncs, 92808910.00 writes per sync, written: 90.37 GB, 55.69 MB/s
Cumulative stall: 00:22:36.225 H:M:S, 81.6 percent
Interval writes: 782K writes, 782K keys, 104K commit groups, 7.5 writes per commit group, ingest: 779.86 MB, 25.98 MB/s
Interval WAL: 782K writes, 0 syncs, 782065.00 writes per sync, written: 0.76 GB, 25.98 MB/s
Interval stall: 00:00:23.122 H:M:S, 77.0 percent
Write Stall (count): write-buffer-manager-limit-stops: 0
num-running-compactions: 18
num-running-flushes: 1

2026/08/31-12:01:14  ... thread 15: (62000,5816000) ops and (1859.5,3484.5) ops/second in (33.343112,1669.113938) seconds
2026/08/31-12:01:14  ... thread 10: (62000,5814000) ops and (1859.0,3483.3) ops/second in (33.351360,1669.117179) seconds
2026/08/31-12:01:14  ... thread 6: (62000,5818000) ops and (1885.1,3485.7) ops/second in (32.889243,1669.119473) seconds
2026/08/31-12:01:14  ... thread 11: (62000,5819000) ops and (1858.6,3486.3) ops/second in (33.358903,1669.121638) seconds
2026/08/31-12:01:14  ... thread 14: (62000,5816000) ops and (1861.1,3484.5) ops/second in (33.312874,1669.122571) seconds
2026/08/31-12:01:14  ... thread 3: (61000,5818000) ops and (1967.5,3485.7) ops/second in (31.003248,1669.126327) seconds
2026/08/31-12:01:14  ... thread 12: (62000,5814000) ops and (1867.7,3483.3) ops/second in (33.195460,1669.126539) seconds
2026/08/31-12:01:14  ... thread 7: (62000,5818000) ops and (1913.2,3485.7) ops/second in (32.406569,1669.128821) seconds
2026/08/31-12:01:14  ... thread 5: (62000,5813000) ops and (1884.5,3482.7) ops/second in (32.899530,1669.129897) seconds
2026/08/31-12:01:14  ... thread 9: (61000,5816000) ops and (1967.5,3484.4) ops/second in (31.003798,1669.137406) seconds
2026/08/31-12:01:14  ... thread 13: (62000,5817000) ops and (1932.2,3485.0) ops/second in (32.087942,1669.140315) seconds
2026/08/31-12:01:14  ... thread 4: (61000,5818000) ops and (1967.4,3485.6) ops/second in (31.005953,1669.143714) seconds
2026/08/31-12:01:36  ... thread 1: (103000,5901000) ops and (3431.1,3488.9) ops/second in (30.019516,1691.379710) seconds
2026/08/31-12:01:36  ... thread 2: (102000,5903000) ops and (3394.2,3489.6) ops/second in (30.051451,1691.610336) seconds
2026/08/31-12:01:36  ... thread 8: (102000,5904000) ops and (3393.8,3490.1) ops/second in (30.055108,1691.628003) seconds
2026/08/31-12:01:36  ... thread 0: (102000,5901000) ops and (3394.3,3488.3) ops/second in (30.050150,1691.631341) seconds

** Compaction Stats [default] **
Level    Files   Size     Score Read(GB)  Rn(GB) Rnp1(GB) Write(GB) WPreComp(GB) Wnew(GB) Moved(GB) W-Amp Rd(MB/s) Wr(MB/s) Comp(sec) CompMergeCPU(sec) Comp(cnt) Avg(sec) KeyIn KeyDrop Rblob(GB) Wblob(GB)
-------------------------------------------------------------------------------------------------------------------------------------------------------------------------------------------------------------
  L0     12/4      2.55 GB   2.0     85.4     0.0     85.4     178.1     178.1     92.6       0.0   1.9     25.9     54.0   3373.94            388.95      1842    1.832    181M    95K       0.0       0.0
  L1    109/8      6.49 GB   1.5    241.5    90.1    151.5     235.9     235.9     84.4       0.0   2.6    360.4    352.0    686.28            742.36        40   17.157    245M  5729K       0.0       0.0
  L2    758/30    41.47 GB   1.0    214.7    65.9    148.8     196.8     196.8     48.0      12.0   3.0     19.1     17.5  11498.44            999.09      1073   10.716    218M    18M       0.0       0.0
  L3    344/0     18.51 GB   0.0      0.0     0.0      0.0       0.0       0.0      0.0      18.5   0.0      0.0      0.0      0.00              0.00         0    0.000       0      0       0.0       0.0
 Sum   1223/42    69.03 GB   0.0    541.7   156.0    385.7     610.7     610.7    225.0      30.6   6.6     35.7     40.2  15558.65           2130.40      2955    5.265    645M    24M       0.0       0.0
 Int      0/0      0.00 KB   0.0      2.6     0.5      2.1       2.8       2.8      0.7       0.9   6.5     19.6     21.2    133.87             13.61        16    8.367   3035K   216K       0.0       0.0

** Compaction Stats [default] **
Priority    Files   Size     Score Read(GB)  Rn(GB) Rnp1(GB) Write(GB) WPreComp(GB) Wnew(GB) Moved(GB) W-Amp Rd(MB/s) Wr(MB/s) Comp(sec) CompMergeCPU(sec) Comp(cnt) Avg(sec) KeyIn KeyDrop Rblob(GB) Wblob(GB)
----------------------------------------------------------------------------------------------------------------------------------------------------------------------------------------------------------------
 Low      0/0      0.00 KB   0.0    541.7   156.0    385.7     518.0     518.0    132.3       0.0   0.0     41.6     39.7  13348.47           1966.43      1431    9.328    551M    24M       0.0       0.0
High      0/0      0.00 KB   0.0      0.0     0.0      0.0      92.7      92.7     92.7       0.0   0.0      0.0     43.0   2210.19            163.97      1524    1.450     94M      0       0.0       0.0

Blob file count: 0, total size: 0.0 GB, garbage size: 0.0 GB, space amp: 0.0

Uptime(secs): 1691.6 total, 6.9 interval
Flush(GB): cumulative 92.732, interval 0.426
AddFile(GB): cumulative 0.000, interval 0.000
AddFile(Total Files): cumulative 0, interval 0
AddFile(L0 Files): cumulative 0, interval 0
AddFile(Keys): cumulative 0, interval 0
Cumulative compaction: 610.71 GB write, 369.68 MB/s write, 541.68 GB read, 327.90 MB/s read, 15558.7 seconds
Interval compaction: 2.77 GB write, 408.68 MB/s write, 2.56 GB read, 377.32 MB/s read, 133.9 seconds
Estimated pending compaction bytes: 49714494217
Write Stall (count): cf-l0-file-count-limit-delays-with-ongoing-compaction: 106, cf-l0-file-count-limit-stops-with-ongoing-compaction: 0, l0-file-count-limit-delays: 106, l0-file-count-limit-stops: 0, memtable-limit-delays: 0, memtable-limit-stops: 1286, pending-compaction-bytes-delays: 0, pending-compaction-bytes-stops: 0, total-delays: 106, total-stops: 1286
interval: 6 total count
Block cache AutoHyperClockCache@0x5cc2bb2b62d0#2301963 capacity: 512.00 MB seed: 1 usage: 17.36 MB table_size: 7284 occupancy: 4125 collections: 10 last_copies: 1 last_secs: 0.000401 secs_since: 66
Block cache entry stats(count,size,portion): Misc(4118,16.87 MB,3.29575%)

** File Read Latency Histogram By Level [default] **
** Level 0 read latency histogram (micros):
Count: 44374818 Average: 3.2630  StdDev: 1459.51
Min: 0  Median: 0.9005  Max: 4185179
Percentiles: P50: 0.90 P75: 1.52 P99: 3.00 P99.9: 4.72 P99.99: 5.38
------------------------------------------------------
[       0,       1 ] 24639125  55.525%  55.525% ###########
(       1,       2 ] 16710531  37.658%  93.183% ########
(       2,       3 ]  2588773   5.834%  99.017% #
(       3,       4 ]   348348   0.785%  99.802% 
(       4,       6 ]   121394   0.274% 100.075% 
(       6,      10 ]    53226   0.120% 100.195% 
(      10,      15 ]    20588   0.046% 100.242% 
(      15,      22 ]    12162   0.027% 100.269% 
(      22,      34 ]      873   0.002% 100.271% 
(      34,      51 ]      124   0.000% 100.271% 
(      51,      76 ]      585   0.001% 100.272% 
(      76,     110 ]     1057   0.002% 100.275% 
(     110,     170 ]       52   0.000% 100.275% 
(     170,     250 ]       40   0.000% 100.275% 
(     250,     380 ]      148   0.000% 100.275% 
(     380,     580 ]       31   0.000% 100.275% 
(     580,     870 ]       55   0.000% 100.276% 
(     870,    1300 ]       85   0.000% 100.276% 
(    1300,    1900 ]       53   0.000% 100.276% 
(    1900,    2900 ]       25   0.000% 100.276% 
(    2900,    4400 ]       14   0.000% 100.276% 
(    4400,    6600 ]       11   0.000% 100.276% 
(    6600,    9900 ]        8   0.000% 100.276% 
(    9900,   14000 ]        2   0.000% 100.276% 
(   14000,   22000 ]       13   0.000% 100.276% 
(   22000,   33000 ]       32   0.000% 100.276% 
(   33000,   50000 ]       44   0.000% 100.276% 
(   50000,   75000 ]       72   0.000% 100.276% 
(   75000,  110000 ]      115   0.000% 100.277% 
(  110000,  170000 ]       64   0.000% 100.277% 
(  170000,  250000 ]       23   0.000% 100.277% 
(  250000,  380000 ]        7   0.000% 100.277% 
(  380000,  570000 ]        4   0.000% 100.277% 
(  570000,  860000 ]        4   0.000% 100.277% 
(  860000, 1200000 ]        3   0.000% 100.277% 
( 1200000, 1900000 ]        6   0.000% 100.277% 
( 1900000, 2900000 ]        8   0.000% 100.277% 
( 2900000, 4300000 ]        2   0.000% 100.277% 

** Level 1 read latency histogram (micros):
Count: 57237918 Average: 2.3994  StdDev: 263.55
Min: 0  Median: 0.9181  Max: 544865
Percentiles: P50: 0.92 P75: 1.58 P99: 3.72 P99.9: 5.46 P99.99: 5.74
------------------------------------------------------
[       0,       1 ] 31170302  54.457%  54.457% ###########
(       1,       2 ] 20151430  35.206%  89.664% #######
(       2,       3 ]  4703177   8.217%  97.881% ##
(       3,       4 ]   885739   1.547%  99.428% 
(       4,       6 ]   369269   0.645% 100.073% 
(       6,      10 ]   136056   0.238% 100.311% 
(      10,      15 ]    37724   0.066% 100.377% 
(      15,      22 ]    26657   0.047% 100.424% 
(      22,      34 ]     2684   0.005% 100.428% 
(      34,      51 ]      578   0.001% 100.429% 
(      51,      76 ]     1818   0.003% 100.432% 
(      76,     110 ]     2226   0.004% 100.436% 
(     110,     170 ]     2142   0.004% 100.440% 
(     170,     250 ]     2105   0.004% 100.444% 
(     250,     380 ]     2780   0.005% 100.449% 
(     380,     580 ]     2825   0.005% 100.454% 
(     580,     870 ]     2616   0.005% 100.458% 
(     870,    1300 ]     1941   0.003% 100.461% 
(    1300,    1900 ]     1549   0.003% 100.464% 
(    1900,    2900 ]     1145   0.002% 100.466% 
(    2900,    4400 ]      544   0.001% 100.467% 
(    4400,    6600 ]      323   0.001% 100.468% 
(    6600,    9900 ]      109   0.000% 100.468% 
(    9900,   14000 ]       51   0.000% 100.468% 
(   14000,   22000 ]       65   0.000% 100.468% 
(   22000,   33000 ]       43   0.000% 100.468% 
(   33000,   50000 ]       49   0.000% 100.468% 
(   50000,   75000 ]       65   0.000% 100.468% 
(   75000,  110000 ]       46   0.000% 100.468% 
(  110000,  170000 ]       56   0.000% 100.469% 
(  170000,  250000 ]       23   0.000% 100.469% 
(  250000,  380000 ]        5   0.000% 100.469% 
(  380000,  570000 ]        3   0.000% 100.469% 

** Level 2 read latency histogram (micros):
Count: 34691742 Average: 103.8736  StdDev: 4684.06
Min: 0  Median: 1.3771  Max: 5199402
Percentiles: P50: 1.38 P75: 1.95 P99: 846.39 P99.9: 1759.96 P99.99: 1890.63
------------------------------------------------------
[       0,       1 ] 11631833  33.529%  33.529% #######
(       1,       2 ] 15154022  43.682%  77.211% #########
(       2,       3 ]  4592760  13.239%  90.450% ###
(       3,       4 ]  1201481   3.463%  93.913% #
(       4,       6 ]   347299   1.001%  94.914% 
(       6,      10 ]    64168   0.185%  95.099% 
(      10,      15 ]    38470   0.111%  95.210% 
(      15,      22 ]    22961   0.066%  95.276% 
(      22,      34 ]    10378   0.030%  95.306% 
(      34,      51 ]    25312   0.073%  95.379% 
(      51,      76 ]    65997   0.190%  95.569% 
(      76,     110 ]    41483   0.120%  95.689% 
(     110,     170 ]   160394   0.462%  96.151% 
(     170,     250 ]   202406   0.583%  96.735% 
(     250,     380 ]   268884   0.775%  97.510% 
(     380,     580 ]   282037   0.813%  98.323% 
(     580,     870 ]   255763   0.737%  99.060% 
(     870,    1300 ]   181500   0.523%  99.583% 
(    1300,    1900 ]   143363   0.413%  99.996% 
(    1900,    2900 ]   106896   0.308% 100.305% 
(    2900,    4400 ]    53291   0.154% 100.458% 
(    4400,    6600 ]    27386   0.079% 100.537% 
(    6600,    9900 ]     9856   0.028% 100.566% 
(    9900,   14000 ]     3436   0.010% 100.575% 
(   14000,   22000 ]     3739   0.011% 100.586% 
(   22000,   33000 ]     3248   0.009% 100.596% 
(   33000,   50000 ]     3744   0.011% 100.606% 
(   50000,   75000 ]     3656   0.011% 100.617% 
(   75000,  110000 ]     3291   0.009% 100.626% 
(  110000,  170000 ]     3051   0.009% 100.635% 
(  170000,  250000 ]     1474   0.004% 100.639% 
(  250000,  380000 ]      461   0.001% 100.641% 
(  380000,  570000 ]       91   0.000% 100.641% 
(  570000,  860000 ]       54   0.000% 100.641% 
(  860000, 1200000 ]       36   0.000% 100.641% 
( 1200000, 1900000 ]       27   0.000% 100.641% 
( 1900000, 2900000 ]       31   0.000% 100.641% 
( 2900000, 4300000 ]       16   0.000% 100.642% 
( 4300000, 6500000 ]        1   0.000% 100.642% 


** DB Stats **
Uptime(secs): 1691.6 total, 6.9 interval
Cumulative writes: 94M writes, 94M keys, 12M commit groups, 7.7 writes per commit group, ingest: 91.96 GB, 55.67 MB/s
Cumulative WAL: 94M writes, 0 syncs, 94437757.00 writes per sync, written: 91.96 GB, 55.67 MB/s
Cumulative stall: 00:23:2.627 H:M:S, 81.7 percent
Interval writes: 383K writes, 383K keys, 49K commit groups, 7.7 writes per commit group, ingest: 382.56 MB, 55.12 MB/s
Interval WAL: 383K writes, 0 syncs, 383654.00 writes per sync, written: 0.37 GB, 55.12 MB/s
Interval stall: 00:00:6.206 H:M:S, 89.4 percent
Write Stall (count): write-buffer-manager-limit-stops: 0
num-running-compactions: 10
num-running-flushes: 1

2026/08/31-12:01:48  ... thread 4: (146000,5964000) ops and (4290.2,3501.7) ops/second in (34.030765,1703.174479) seconds
2026/08/31-12:01:48  ... thread 11: (147000,5966000) ops and (4316.8,3502.9) ops/second in (34.053259,1703.174897) seconds
2026/08/31-12:01:48  ... thread 6: (147000,5965000) ops and (4316.2,3502.3) ops/second in (34.057415,1703.176888) seconds
2026/08/31-12:01:48  ... thread 14: (147000,5963000) ops and (4315.6,3501.1) ops/second in (34.062455,1703.185026) seconds
2026/08/31-12:01:48  ... thread 12: (147000,5961000) ops and (4316.1,3499.9) ops/second in (34.058872,1703.185411) seconds
2026/08/31-12:01:48  ... thread 13: (147000,5964000) ops and (4317.7,3501.7) ops/second in (34.045592,1703.185907) seconds
2026/08/31-12:01:48  ... thread 5: (147000,5960000) ops and (4315.9,3499.3) ops/second in (34.060244,1703.190141) seconds
2026/08/31-12:01:48  ... thread 7: (147000,5965000) ops and (4315.6,3502.2) ops/second in (34.062389,1703.191210) seconds
2026/08/31-12:01:48  ... thread 3: (147000,5965000) ops and (4314.0,3502.2) ops/second in (34.074917,1703.201244) seconds
2026/08/31-12:01:48  ... thread 9: (147000,5963000) ops and (4315.4,3501.1) ops/second in (34.064430,1703.201836) seconds
2026/08/31-12:01:48  ... thread 15: (148000,5964000) ops and (4341.2,3501.6) ops/second in (34.092125,1703.206063) seconds
2026/08/31-12:01:48  ... thread 10: (148000,5962000) ops and (4341.3,3500.5) ops/second in (34.091518,1703.208697) seconds
2026/08/31-12:02:08  ... thread 2: (85000,5988000) ops and (2685.8,3474.8) ops/second in (31.647375,1723.257711) seconds
2026/08/31-12:02:09  ... thread 8: (85000,5989000) ops and (2617.0,3473.7) ops/second in (32.480161,1724.108164) seconds
2026/08/31-12:02:09  ... thread 0: (85000,5986000) ops and (2579.4,3471.0) ops/second in (32.953665,1724.585006) seconds

** Compaction Stats [default] **
Level    Files   Size     Score Read(GB)  Rn(GB) Rnp1(GB) Write(GB) WPreComp(GB) Wnew(GB) Moved(GB) W-Amp Rd(MB/s) Wr(MB/s) Comp(sec) CompMergeCPU(sec) Comp(cnt) Avg(sec) KeyIn KeyDrop Rblob(GB) Wblob(GB)
-------------------------------------------------------------------------------------------------------------------------------------------------------------------------------------------------------------
  L0     20/19     3.95 GB   0.2     86.6     0.0     86.6     180.7     180.7     94.0       0.0   1.9     26.0     54.1   3418.75            394.84      1870    1.828    183M    96K       0.0       0.0
  L1    101/101    5.98 GB   0.0    241.5    90.1    151.5     235.9     235.9     84.4       0.0   2.6    360.4    352.0    686.28            742.36        40   17.157    245M  5729K       0.0       0.0
  L2    728/0     39.80 GB   1.0    216.9    66.4    150.5     198.7     198.7     48.2      12.0   3.0     19.1     17.5  11599.07           1011.34      1081   10.730    220M    18M       0.0       0.0
  L3    380/0     20.43 GB   0.1      0.0     0.0      0.0       0.0       0.0      0.0      20.4   0.0      0.0      0.0      0.00              0.00         0    0.000       0      0       0.0       0.0
 Sum   1229/120   70.17 GB   0.0    545.1   156.5    388.6     615.3     615.3    226.6      32.5   6.5     35.5     40.1  15704.09           2148.54      2991    5.250    650M    24M       0.0       0.0
 Int      0/0      0.00 KB   0.0      6.0     1.0      5.0       7.3       7.3      2.3       2.8   4.0     21.9     26.9    279.31             31.75        52    5.371   7935K   481K       0.0       0.0

** Compaction Stats [default] **
Priority    Files   Size     Score Read(GB)  Rn(GB) Rnp1(GB) Write(GB) WPreComp(GB) Wnew(GB) Moved(GB) W-Amp Rd(MB/s) Wr(MB/s) Comp(sec) CompMergeCPU(sec) Comp(cnt) Avg(sec) KeyIn KeyDrop Rblob(GB) Wblob(GB)
----------------------------------------------------------------------------------------------------------------------------------------------------------------------------------------------------------------
 Low      0/0      0.00 KB   0.0    545.1   156.5    388.6     521.1     521.1    132.5       0.0   0.0     41.5     39.6  13464.17           1981.94      1444    9.324    554M    24M       0.0       0.0
High      0/0      0.00 KB   0.0      0.0     0.0      0.0      94.1      94.1     94.1       0.0   0.0      0.0     43.0   2239.93            166.60      1547    1.448     95M      0       0.0       0.0

Blob file count: 0, total size: 0.0 GB, garbage size: 0.0 GB, space amp: 0.0

Uptime(secs): 1724.6 total, 39.9 interval
Flush(GB): cumulative 94.132, interval 1.826
AddFile(GB): cumulative 0.000, interval 0.000
AddFile(Total Files): cumulative 0, interval 0
AddFile(L0 Files): cumulative 0, interval 0
AddFile(Keys): cumulative 0, interval 0
Cumulative compaction: 615.26 GB write, 365.32 MB/s write, 545.10 GB read, 323.66 MB/s read, 15704.1 seconds
Interval compaction: 7.32 GB write, 188.01 MB/s write, 5.97 GB read, 153.30 MB/s read, 279.3 seconds
Estimated pending compaction bytes: 51473390863
Write Stall (count): cf-l0-file-count-limit-delays-with-ongoing-compaction: 110, cf-l0-file-count-limit-stops-with-ongoing-compaction: 0, l0-file-count-limit-delays: 110, l0-file-count-limit-stops: 0, memtable-limit-delays: 0, memtable-limit-stops: 1302, pending-compaction-bytes-delays: 0, pending-compaction-bytes-stops: 0, total-delays: 110, total-stops: 1302
interval: 26 total count
Block cache AutoHyperClockCache@0x5cc2bb2b62d0#2301963 capacity: 512.00 MB seed: 1 usage: 17.36 MB table_size: 7284 occupancy: 4125 collections: 10 last_copies: 1 last_secs: 0.000401 secs_since: 99
Block cache entry stats(count,size,portion): Misc(4118,16.87 MB,3.29575%)

** File Read Latency Histogram By Level [default] **
** Level 0 read latency histogram (micros):
Count: 45574889 Average: 3.2389  StdDev: 1441.08
Min: 0  Median: 0.9027  Max: 4185179
Percentiles: P50: 0.90 P75: 1.52 P99: 3.00 P99.9: 4.71 P99.99: 5.36
------------------------------------------------------
[       0,       1 ] 25244959  55.392%  55.392% ###########
(       1,       2 ] 17200142  37.740%  93.133% ########
(       2,       3 ]  2676888   5.874%  99.006% #
(       3,       4 ]   362508   0.795%  99.802% 
(       4,       6 ]   125949   0.276% 100.078% 
(       6,      10 ]    55060   0.121% 100.199% 
(      10,      15 ]    21322   0.047% 100.246% 
(      15,      22 ]    12608   0.028% 100.273% 
(      22,      34 ]      894   0.002% 100.275% 
(      34,      51 ]      126   0.000% 100.276% 
(      51,      76 ]      595   0.001% 100.277% 
(      76,     110 ]     1072   0.002% 100.279% 
(     110,     170 ]       53   0.000% 100.279% 
(     170,     250 ]       41   0.000% 100.279% 
(     250,     380 ]      154   0.000% 100.280% 
(     380,     580 ]       31   0.000% 100.280% 
(     580,     870 ]       55   0.000% 100.280% 
(     870,    1300 ]       85   0.000% 100.280% 
(    1300,    1900 ]       53   0.000% 100.280% 
(    1900,    2900 ]       25   0.000% 100.280% 
(    2900,    4400 ]       14   0.000% 100.280% 
(    4400,    6600 ]       11   0.000% 100.280% 
(    6600,    9900 ]        8   0.000% 100.280% 
(    9900,   14000 ]        2   0.000% 100.280% 
(   14000,   22000 ]       13   0.000% 100.280% 
(   22000,   33000 ]       32   0.000% 100.280% 
(   33000,   50000 ]       45   0.000% 100.281% 
(   50000,   75000 ]       75   0.000% 100.281% 
(   75000,  110000 ]      119   0.000% 100.281% 
(  110000,  170000 ]       64   0.000% 100.281% 
(  170000,  250000 ]       23   0.000% 100.281% 
(  250000,  380000 ]        8   0.000% 100.281% 
(  380000,  570000 ]        4   0.000% 100.281% 
(  570000,  860000 ]        4   0.000% 100.281% 
(  860000, 1200000 ]        3   0.000% 100.281% 
( 1200000, 1900000 ]        6   0.000% 100.281% 
( 1900000, 2900000 ]        8   0.000% 100.281% 
( 2900000, 4300000 ]        2   0.000% 100.281% 

** Level 1 read latency histogram (micros):
Count: 58778605 Average: 2.3757  StdDev: 260.08
Min: 0  Median: 0.9153  Max: 544865
Percentiles: P50: 0.92 P75: 1.58 P99: 3.71 P99.9: 5.43 P99.99: 5.72
------------------------------------------------------
[       0,       1 ] 32107323  54.624%  54.624% ###########
(       1,       2 ] 20654896  35.140%  89.764% #######
(       2,       3 ]  4791409   8.152%  97.916% ##
(       3,       4 ]   898483   1.529%  99.445% 
(       4,       6 ]   373179   0.635% 100.079% 
(       6,      10 ]   138172   0.235% 100.314% 
(      10,      15 ]    38548   0.066% 100.380% 
(      15,      22 ]    27189   0.046% 100.426% 
(      22,      34 ]     2727   0.005% 100.431% 
(      34,      51 ]      583   0.001% 100.432% 
(      51,      76 ]     1818   0.003% 100.435% 
(      76,     110 ]     2232   0.004% 100.439% 
(     110,     170 ]     2142   0.004% 100.443% 
(     170,     250 ]     2106   0.004% 100.446% 
(     250,     380 ]     2780   0.005% 100.451% 
(     380,     580 ]     2825   0.005% 100.456% 
(     580,     870 ]     2616   0.004% 100.460% 
(     870,    1300 ]     1941   0.003% 100.463% 
(    1300,    1900 ]     1549   0.003% 100.466% 
(    1900,    2900 ]     1146   0.002% 100.468% 
(    2900,    4400 ]      544   0.001% 100.469% 
(    4400,    6600 ]      323   0.001% 100.469% 
(    6600,    9900 ]      109   0.000% 100.470% 
(    9900,   14000 ]       51   0.000% 100.470% 
(   14000,   22000 ]       65   0.000% 100.470% 
(   22000,   33000 ]       43   0.000% 100.470% 
(   33000,   50000 ]       49   0.000% 100.470% 
(   50000,   75000 ]       65   0.000% 100.470% 
(   75000,  110000 ]       46   0.000% 100.470% 
(  110000,  170000 ]       56   0.000% 100.470% 
(  170000,  250000 ]       23   0.000% 100.470% 
(  250000,  380000 ]        5   0.000% 100.470% 
(  380000,  570000 ]        3   0.000% 100.470% 

** Level 2 read latency histogram (micros):
Count: 34898379 Average: 103.6164  StdDev: 4670.35
Min: 0  Median: 1.3777  Max: 5199402
Percentiles: P50: 1.38 P75: 1.95 P99: 847.76 P99.9: 1764.24 P99.99: 1894.66
------------------------------------------------------
[       0,       1 ] 11691176  33.501%  33.501% #######
(       1,       2 ] 15246425  43.688%  77.189% #########
(       2,       3 ]  4621116  13.242%  90.430% ###
(       3,       4 ]  1208471   3.463%  93.893% #
(       4,       6 ]   348767   0.999%  94.893% 
(       6,      10 ]    64501   0.185%  95.077% 
(      10,      15 ]    38712   0.111%  95.188% 
(      15,      22 ]    23079   0.066%  95.254% 
(      22,      34 ]    10399   0.030%  95.284% 
(      34,      51 ]    26247   0.075%  95.359% 
(      51,      76 ]    67356   0.193%  95.552% 
(      76,     110 ]    42097   0.121%  95.673% 
(     110,     170 ]   162704   0.466%  96.139% 
(     170,     250 ]   205478   0.589%  96.728% 
(     250,     380 ]   271379   0.778%  97.506% 
(     380,     580 ]   283910   0.814%  98.319% 
(     580,     870 ]   257314   0.737%  99.057% 
(     870,    1300 ]   182550   0.523%  99.580% 
(    1300,    1900 ]   144493   0.414%  99.994% 
(    1900,    2900 ]   107843   0.309% 100.303% 
(    2900,    4400 ]    53714   0.154% 100.457% 
(    4400,    6600 ]    27552   0.079% 100.536% 
(    6600,    9900 ]     9901   0.028% 100.564% 
(    9900,   14000 ]     3440   0.010% 100.574% 
(   14000,   22000 ]     3743   0.011% 100.585% 
(   22000,   33000 ]     3250   0.009% 100.594% 
(   33000,   50000 ]     3745   0.011% 100.605% 
(   50000,   75000 ]     3658   0.010% 100.615% 
(   75000,  110000 ]     3292   0.009% 100.624% 
(  110000,  170000 ]     3052   0.009% 100.633% 
(  170000,  250000 ]     1474   0.004% 100.637% 
(  250000,  380000 ]      461   0.001% 100.639% 
(  380000,  570000 ]       91   0.000% 100.639% 
(  570000,  860000 ]       54   0.000% 100.639% 
(  860000, 1200000 ]       36   0.000% 100.639% 
( 1200000, 1900000 ]       27   0.000% 100.639% 
( 1900000, 2900000 ]       31   0.000% 100.639% 
( 2900000, 4300000 ]       16   0.000% 100.639% 
( 4300000, 6500000 ]        1   0.000% 100.640% 


** DB Stats **
Uptime(secs): 1724.6 total, 33.0 interval
Cumulative writes: 95M writes, 95M keys, 12M commit groups, 7.7 writes per commit group, ingest: 93.29 GB, 55.39 MB/s
Cumulative WAL: 95M writes, 0 syncs, 95800236.00 writes per sync, written: 93.29 GB, 55.39 MB/s
Cumulative stall: 00:23:27.712 H:M:S, 81.6 percent
Interval writes: 1362K writes, 1362K keys, 179K commit groups, 7.6 writes per commit group, ingest: 1358.58 MB, 41.23 MB/s
Interval WAL: 1362K writes, 0 syncs, 1362479.00 writes per sync, written: 1.33 GB, 41.23 MB/s
Interval stall: 00:00:25.085 H:M:S, 76.1 percent
Write Stall (count): write-buffer-manager-limit-stops: 0
num-running-compactions: 2
num-running-flushes: 0

2026/08/31-12:02:10  ... thread 1: (91000,5992000) ops and (2729.5,3474.2) ops/second in (33.339145,1724.718855) seconds
2026/08/31-12:02:18  ... thread 6: (59000,6024000) ops and (1966.6,3475.7) ops/second in (30.001435,1733.178323) seconds
2026/08/31-12:02:18  ... thread 4: (59000,6023000) ops and (1966.4,3475.1) ops/second in (30.004254,1733.178733) seconds
2026/08/31-12:02:18  ... thread 11: (59000,6025000) ops and (1965.9,3476.3) ops/second in (30.011628,1733.186525) seconds
2026/08/31-12:02:18  ... thread 14: (59000,6022000) ops and (1966.4,3474.5) ops/second in (30.004055,1733.189081) seconds
2026/08/31-12:02:18  ... thread 15: (59000,6023000) ops and (1963.6,3475.0) ops/second in (30.046699,1733.252762) seconds
2026/08/31-12:02:18  ... thread 13: (59000,6023000) ops and (1962.3,3475.0) ops/second in (30.067077,1733.252984) seconds
2026/08/31-12:02:18  ... thread 10: (59000,6021000) ops and (1963.6,3473.8) ops/second in (30.046339,1733.255036) seconds
2026/08/31-12:02:18  ... thread 12: (59000,6020000) ops and (1962.1,3473.2) ops/second in (30.070020,1733.255431) seconds
2026/08/31-12:02:18  ... thread 3: (59000,6024000) ops and (1962.7,3475.5) ops/second in (30.060405,1733.261649) seconds
2026/08/31-12:02:18  ... thread 5: (59000,6019000) ops and (1961.8,3472.6) ops/second in (30.073966,1733.264107) seconds
2026/08/31-12:02:18  ... thread 7: (60000,6025000) ops and (1994.1,3476.1) ops/second in (30.088212,1733.279422) seconds
2026/08/31-12:02:18  ... thread 9: (60000,6023000) ops and (1994.4,3474.9) ops/second in (30.084788,1733.286624) seconds
2026/08/31-12:02:38  ... thread 2: (93000,6081000) ops and (3091.1,3468.2) ops/second in (30.086180,1753.343891) seconds
2026/08/31-12:02:39  ... thread 8: (102000,6091000) ops and (3399.4,3472.4) ops/second in (30.005551,1754.113715) seconds
2026/08/31-12:02:40  ... thread 0: (103000,6089000) ops and (3397.0,3469.7) ops/second in (30.320762,1754.905768) seconds

** Compaction Stats [default] **
Level    Files   Size     Score Read(GB)  Rn(GB) Rnp1(GB) Write(GB) WPreComp(GB) Wnew(GB) Moved(GB) W-Amp Rd(MB/s) Wr(MB/s) Comp(sec) CompMergeCPU(sec) Comp(cnt) Avg(sec) KeyIn KeyDrop Rblob(GB) Wblob(GB)
-------------------------------------------------------------------------------------------------------------------------------------------------------------------------------------------------------------
  L0     11/4      2.00 GB   1.8     88.1     0.0     88.1     183.6     183.6     95.5       0.0   1.9     25.9     54.0   3483.85            401.99      1900    1.834    186M    98K       0.0       0.0
  L1    117/15     7.02 GB   1.5    251.0    93.5    157.5     245.1     245.1     87.6       0.0   2.6    359.4    350.9    715.20            771.68        41   17.444    255M  5989K       0.0       0.0
  L2    760/57    41.40 GB   1.0    222.8    68.1    154.7     204.0     204.0     49.3      12.5   3.0     19.1     17.5  11929.64           1042.39      1111   10.738    226M    19M       0.0       0.0
  L3    380/0     20.43 GB   0.1      0.0     0.0      0.0       0.0       0.0      0.0      20.4   0.0      0.0      0.0      0.00              0.00         0    0.000       0      0       0.0       0.0
 Sum   1268/76    70.86 GB   0.0    561.9   161.7    400.2     632.7     632.7    232.5      32.9   6.6     35.7     40.2  16128.69           2216.06      3052    5.285    669M    25M       0.0       0.0
 Int      0/0      0.00 KB   0.0      2.5     0.5      2.0       2.9       2.9      0.9       0.0   5.3     19.9     22.8    129.25             13.38        19    6.802   3116K   186K       0.0       0.0

** Compaction Stats [default] **
Priority    Files   Size     Score Read(GB)  Rn(GB) Rnp1(GB) Write(GB) WPreComp(GB) Wnew(GB) Moved(GB) W-Amp Rd(MB/s) Wr(MB/s) Comp(sec) CompMergeCPU(sec) Comp(cnt) Avg(sec) KeyIn KeyDrop Rblob(GB) Wblob(GB)
----------------------------------------------------------------------------------------------------------------------------------------------------------------------------------------------------------------
 Low      0/0      0.00 KB   0.0    561.9   161.7    400.2     537.1     537.1    136.9       0.0   0.0     41.6     39.7  13846.91           2046.52      1480    9.356    571M    25M       0.0       0.0
High      0/0      0.00 KB   0.0      0.0     0.0      0.0      95.7      95.7     95.7       0.0   0.0      0.0     42.9   2281.78            169.54      1572    1.452     97M      0       0.0       0.0

Blob file count: 0, total size: 0.0 GB, garbage size: 0.0 GB, space amp: 0.0

Uptime(secs): 1754.9 total, 10.2 interval
Flush(GB): cumulative 95.652, interval 0.548
AddFile(GB): cumulative 0.000, interval 0.000
AddFile(Total Files): cumulative 0, interval 0
AddFile(L0 Files): cumulative 0, interval 0
AddFile(Keys): cumulative 0, interval 0
Cumulative compaction: 632.75 GB write, 369.21 MB/s write, 561.88 GB read, 327.86 MB/s read, 16128.7 seconds
Interval compaction: 2.88 GB write, 288.81 MB/s write, 2.51 GB read, 252.25 MB/s read, 129.2 seconds
Estimated pending compaction bytes: 49806439771
Write Stall (count): cf-l0-file-count-limit-delays-with-ongoing-compaction: 110, cf-l0-file-count-limit-stops-with-ongoing-compaction: 0, l0-file-count-limit-delays: 110, l0-file-count-limit-stops: 0, memtable-limit-delays: 0, memtable-limit-stops: 1327, pending-compaction-bytes-delays: 0, pending-compaction-bytes-stops: 0, total-delays: 110, total-stops: 1327
interval: 6 total count
Block cache AutoHyperClockCache@0x5cc2bb2b62d0#2301963 capacity: 512.00 MB seed: 1 usage: 17.36 MB table_size: 7284 occupancy: 4125 collections: 10 last_copies: 2 last_secs: 0.000401 secs_since: 130
Block cache entry stats(count,size,portion): Misc(4118,16.87 MB,3.29575%)

** File Read Latency Histogram By Level [default] **
** Level 0 read latency histogram (micros):
Count: 45915448 Average: 3.3531  StdDev: 1557.13
Min: 0  Median: 0.9023  Max: 4185179
Percentiles: P50: 0.90 P75: 1.52 P99: 3.00 P99.9: 4.73 P99.99: 5.38
------------------------------------------------------
[       0,       1 ] 25444707  55.416%  55.416% ###########
(       1,       2 ] 17323295  37.729%  93.145% ########
(       2,       3 ]  2690867   5.860%  99.006% #
(       3,       4 ]   364561   0.794%  99.800% 
(       4,       6 ]   126891   0.276% 100.076% 
(       6,      10 ]    55461   0.121% 100.197% 
(      10,      15 ]    21471   0.047% 100.244% 
(      15,      22 ]    12702   0.028% 100.271% 
(      22,      34 ]      895   0.002% 100.273% 
(      34,      51 ]      127   0.000% 100.273% 
(      51,      76 ]      600   0.001% 100.275% 
(      76,     110 ]     1093   0.002% 100.277% 
(     110,     170 ]       53   0.000% 100.277% 
(     170,     250 ]       41   0.000% 100.277% 
(     250,     380 ]      157   0.000% 100.278% 
(     380,     580 ]       33   0.000% 100.278% 
(     580,     870 ]       55   0.000% 100.278% 
(     870,    1300 ]       85   0.000% 100.278% 
(    1300,    1900 ]       55   0.000% 100.278% 
(    1900,    2900 ]       25   0.000% 100.278% 
(    2900,    4400 ]       14   0.000% 100.278% 
(    4400,    6600 ]       12   0.000% 100.278% 
(    6600,    9900 ]        8   0.000% 100.278% 
(    9900,   14000 ]        2   0.000% 100.278% 
(   14000,   22000 ]       13   0.000% 100.278% 
(   22000,   33000 ]       32   0.000% 100.278% 
(   33000,   50000 ]       48   0.000% 100.278% 
(   50000,   75000 ]       77   0.000% 100.279% 
(   75000,  110000 ]      121   0.000% 100.279% 
(  110000,  170000 ]       64   0.000% 100.279% 
(  170000,  250000 ]       23   0.000% 100.279% 
(  250000,  380000 ]        8   0.000% 100.279% 
(  380000,  570000 ]        4   0.000% 100.279% 
(  570000,  860000 ]        4   0.000% 100.279% 
(  860000, 1200000 ]        3   0.000% 100.279% 
( 1200000, 1900000 ]        7   0.000% 100.279% 
( 1900000, 2900000 ]        8   0.000% 100.279% 
( 2900000, 4300000 ]        3   0.000% 100.279% 

** Level 1 read latency histogram (micros):
Count: 59500043 Average: 2.4127  StdDev: 258.72
Min: 0  Median: 0.9216  Max: 544865
Percentiles: P50: 0.92 P75: 1.59 P99: 3.74 P99.9: 5.50 P99.99: 5.77
------------------------------------------------------
[       0,       1 ] 32282575  54.256%  54.256% ###########
(       1,       2 ] 20961502  35.229%  89.486% #######
(       2,       3 ]  4962369   8.340%  97.826% ##
(       3,       4 ]   939394   1.579%  99.405% 
(       4,       6 ]   392934   0.660% 100.065% 
(       6,      10 ]   142797   0.240% 100.305% 
(      10,      15 ]    39792   0.067% 100.372% 
(      15,      22 ]    28154   0.047% 100.419% 
(      22,      34 ]     2833   0.005% 100.424% 
(      34,      51 ]      623   0.001% 100.425% 
(      51,      76 ]     1950   0.003% 100.428% 
(      76,     110 ]     2374   0.004% 100.432% 
(     110,     170 ]     2469   0.004% 100.437% 
(     170,     250 ]     2468   0.004% 100.441% 
(     250,     380 ]     3226   0.005% 100.446% 
(     380,     580 ]     3244   0.005% 100.452% 
(     580,     870 ]     2997   0.005% 100.457% 
(     870,    1300 ]     2158   0.004% 100.460% 
(    1300,    1900 ]     1756   0.003% 100.463% 
(    1900,    2900 ]     1303   0.002% 100.465% 
(    2900,    4400 ]      627   0.001% 100.466% 
(    4400,    6600 ]      361   0.001% 100.467% 
(    6600,    9900 ]      116   0.000% 100.467% 
(    9900,   14000 ]       53   0.000% 100.467% 
(   14000,   22000 ]       66   0.000% 100.467% 
(   22000,   33000 ]       43   0.000% 100.467% 
(   33000,   50000 ]       50   0.000% 100.468% 
(   50000,   75000 ]       65   0.000% 100.468% 
(   75000,  110000 ]       46   0.000% 100.468% 
(  110000,  170000 ]       56   0.000% 100.468% 
(  170000,  250000 ]       23   0.000% 100.468% 
(  250000,  380000 ]        5   0.000% 100.468% 
(  380000,  570000 ]        3   0.000% 100.468% 

** Level 2 read latency histogram (micros):
Count: 36231519 Average: 104.1986  StdDev: 4624.97
Min: 0  Median: 1.3855  Max: 5199402
Percentiles: P50: 1.39 P75: 1.96 P99: 857.36 P99.9: 1779.35 P99.99: 1917.18
------------------------------------------------------
[       0,       1 ] 12003563  33.130%  33.130% #######
(       1,       2 ] 15855443  43.761%  76.892% #########
(       2,       3 ]  4853555  13.396%  90.288% ###
(       3,       4 ]  1278104   3.528%  93.815% #
(       4,       6 ]   370395   1.022%  94.837% 
(       6,      10 ]    67339   0.186%  95.023% 
(      10,      15 ]    40657   0.112%  95.136% 
(      15,      22 ]    24210   0.067%  95.202% 
(      22,      34 ]    10623   0.029%  95.232% 
(      34,      51 ]    27042   0.075%  95.306% 
(      51,      76 ]    70356   0.194%  95.501% 
(      76,     110 ]    43941   0.121%  95.622% 
(     110,     170 ]   170256   0.470%  96.092% 
(     170,     250 ]   214713   0.593%  96.684% 
(     250,     380 ]   284056   0.784%  97.468% 
(     380,     580 ]   296669   0.819%  98.287% 
(     580,     870 ]   270048   0.745%  99.032% 
(     870,    1300 ]   192547   0.531%  99.564% 
(    1300,    1900 ]   152419   0.421%  99.985% 
(    1900,    2900 ]   114064   0.315% 100.299% 
(    2900,    4400 ]    57079   0.158% 100.457% 
(    4400,    6600 ]    29203   0.081% 100.538% 
(    6600,    9900 ]    10435   0.029% 100.566% 
(    9900,   14000 ]     3615   0.010% 100.576% 
(   14000,   22000 ]     3877   0.011% 100.587% 
(   22000,   33000 ]     3377   0.009% 100.596% 
(   33000,   50000 ]     3898   0.011% 100.607% 
(   50000,   75000 ]     3832   0.011% 100.618% 
(   75000,  110000 ]     3403   0.009% 100.627% 
(  110000,  170000 ]     3188   0.009% 100.636% 
(  170000,  250000 ]     1526   0.004% 100.640% 
(  250000,  380000 ]      470   0.001% 100.641% 
(  380000,  570000 ]       92   0.000% 100.642% 
(  570000,  860000 ]       58   0.000% 100.642% 
(  860000, 1200000 ]       38   0.000% 100.642% 
( 1200000, 1900000 ]       28   0.000% 100.642% 
( 1900000, 2900000 ]       31   0.000% 100.642% 
( 2900000, 4300000 ]       16   0.000% 100.642% 
( 4300000, 6500000 ]        1   0.000% 100.642% 


** DB Stats **
Uptime(secs): 1754.9 total, 10.2 interval
Cumulative writes: 97M writes, 97M keys, 12M commit groups, 7.7 writes per commit group, ingest: 94.89 GB, 55.37 MB/s
Cumulative WAL: 97M writes, 0 syncs, 97446339.00 writes per sync, written: 94.89 GB, 55.37 MB/s
Cumulative stall: 00:23:53.116 H:M:S, 81.7 percent
Interval writes: 544K writes, 544K keys, 70K commit groups, 7.7 writes per commit group, ingest: 542.85 MB, 53.18 MB/s
Interval WAL: 544K writes, 0 syncs, 544411.00 writes per sync, written: 0.53 GB, 53.18 MB/s
Interval stall: 00:00:8.546 H:M:S, 83.7 percent
Write Stall (count): write-buffer-manager-limit-stops: 0
num-running-compactions: 15
num-running-flushes: 1

2026/08/31-12:02:40  ... thread 1: (103000,6095000) ops and (3410.4,3473.1) ops/second in (30.201419,1754.920274) seconds
2026/08/31-12:02:49  ... thread 5: (114000,6133000) ops and (3742.7,3477.3) ops/second in (30.459445,1763.723552) seconds
2026/08/31-12:02:49  ... thread 10: (114000,6135000) ops and (3741.2,3478.4) ops/second in (30.471712,1763.726748) seconds
2026/08/31-12:02:49  ... thread 7: (114000,6139000) ops and (3743.9,3480.7) ops/second in (30.449294,1763.728716) seconds
2026/08/31-12:02:49  ... thread 14: (115000,6137000) ops and (3765.6,3479.6) ops/second in (30.539975,1763.729056) seconds
2026/08/31-12:02:49  ... thread 13: (115000,6138000) ops and (3772.5,3480.1) ops/second in (30.483675,1763.736659) seconds
2026/08/31-12:02:49  ... thread 9: (114000,6137000) ops and (3743.7,3479.5) ops/second in (30.451453,1763.738077) seconds
2026/08/31-12:02:49  ... thread 11: (115000,6140000) ops and (3763.9,3481.2) ops/second in (30.553146,1763.739671) seconds
2026/08/31-12:02:49  ... thread 3: (115000,6139000) ops and (3772.8,3480.7) ops/second in (30.481341,1763.742990) seconds
2026/08/31-12:02:49  ... thread 6: (116000,6140000) ops and (3794.7,3481.2) ops/second in (30.569229,1763.747552) seconds
2026/08/31-12:02:49  ... thread 12: (115000,6135000) ops and (3771.4,3478.4) ops/second in (30.492259,1763.747690) seconds
2026/08/31-12:02:49  ... thread 4: (116000,6139000) ops and (3794.1,3480.6) ops/second in (30.573758,1763.752491) seconds
2026/08/31-12:02:49  ... thread 15: (116000,6139000) ops and (3803.3,3480.6) ops/second in (30.499855,1763.752617) seconds
2026/08/31-12:03:09  ... thread 2: (151000,6232000) ops and (4838.1,3492.2) ops/second in (31.210412,1784.554303) seconds
2026/08/31-12:03:10  ... thread 1: (140000,6235000) ops and (4631.8,3492.7) ops/second in (30.226047,1785.146321) seconds
2026/08/31-12:03:11  ... thread 0: (141000,6230000) ops and (4579.0,3488.8) ops/second in (30.792856,1785.698624) seconds

** Compaction Stats [default] **
Level    Files   Size     Score Read(GB)  Rn(GB) Rnp1(GB) Write(GB) WPreComp(GB) Wnew(GB) Moved(GB) W-Amp Rd(MB/s) Wr(MB/s) Comp(sec) CompMergeCPU(sec) Comp(cnt) Avg(sec) KeyIn KeyDrop Rblob(GB) Wblob(GB)
-------------------------------------------------------------------------------------------------------------------------------------------------------------------------------------------------------------
  L0     21/21     4.32 GB   0.0     90.4     0.0     90.4     188.2     188.2     97.9       0.0   1.9     26.1     54.4   3539.64            411.82      1947    1.818    191M   100K       0.0       0.0
  L1    102/102    6.09 GB   0.0    251.0    93.5    157.5     245.1     245.1     87.6       0.0   2.6    359.4    350.9    715.20            771.68        41   17.444    255M  5989K       0.0       0.0
  L2    731/0     39.88 GB   1.0    226.7    69.0    157.6     207.5     207.5     49.8      12.5   3.0     19.1     17.5  12145.84           1064.51      1125   10.796    230M    19M       0.0       0.0
  L3    416/0     22.45 GB   0.1      0.0     0.0      0.0       0.0       0.0      0.0      22.5   0.0      0.0      0.0      0.00              0.00         0    0.000       0      0       0.0       0.0
 Sum   1270/123   72.74 GB   0.0    568.0   162.6    405.5     640.8     640.8    235.3      34.9   6.5     35.5     40.0  16400.68           2248.01      3113    5.268    677M    25M       0.0       0.0
 Int      0/0      0.00 KB   0.0      8.7     1.4      7.2      10.9      10.9      3.7       2.0   3.8     22.1     27.8    401.24             45.33        80    5.015     11M   637K       0.0       0.0

** Compaction Stats [default] **
Priority    Files   Size     Score Read(GB)  Rn(GB) Rnp1(GB) Write(GB) WPreComp(GB) Wnew(GB) Moved(GB) W-Amp Rd(MB/s) Wr(MB/s) Comp(sec) CompMergeCPU(sec) Comp(cnt) Avg(sec) KeyIn KeyDrop Rblob(GB) Wblob(GB)
----------------------------------------------------------------------------------------------------------------------------------------------------------------------------------------------------------------
 Low      0/0      0.00 KB   0.0    568.0   162.6    405.5     542.8     542.8    137.4       0.0   0.0     41.3     39.5  14082.43           2074.57      1503    9.370    578M    25M       0.0       0.0
High      0/0      0.00 KB   0.0      0.0     0.0      0.0      98.0      98.0     98.0       0.0   0.0      0.0     43.3   2318.24            173.44      1610    1.440     99M      0       0.0       0.0

Blob file count: 0, total size: 0.0 GB, garbage size: 0.0 GB, space amp: 0.0

Uptime(secs): 1785.7 total, 41.0 interval
Flush(GB): cumulative 97.967, interval 2.862
AddFile(GB): cumulative 0.000, interval 0.000
AddFile(Total Files): cumulative 0, interval 0
AddFile(L0 Files): cumulative 0, interval 0
AddFile(Keys): cumulative 0, interval 0
Cumulative compaction: 640.78 GB write, 367.45 MB/s write, 568.04 GB read, 325.74 MB/s read, 16400.7 seconds
Interval compaction: 10.91 GB write, 272.45 MB/s write, 8.67 GB read, 216.61 MB/s read, 401.2 seconds
Estimated pending compaction bytes: 54432908579
Write Stall (count): cf-l0-file-count-limit-delays-with-ongoing-compaction: 116, cf-l0-file-count-limit-stops-with-ongoing-compaction: 0, l0-file-count-limit-delays: 116, l0-file-count-limit-stops: 0, memtable-limit-delays: 0, memtable-limit-stops: 1348, pending-compaction-bytes-delays: 0, pending-compaction-bytes-stops: 0, total-delays: 116, total-stops: 1348
interval: 33 total count
Block cache AutoHyperClockCache@0x5cc2bb2b62d0#2301963 capacity: 512.00 MB seed: 1 usage: 17.36 MB table_size: 7284 occupancy: 4125 collections: 10 last_copies: 2 last_secs: 0.000401 secs_since: 161
Block cache entry stats(count,size,portion): Misc(4118,16.87 MB,3.29575%)

** File Read Latency Histogram By Level [default] **
** Level 0 read latency histogram (micros):
Count: 46953819 Average: 3.3286  StdDev: 1540.47
Min: 0  Median: 0.9039  Max: 4185179
Percentiles: P50: 0.90 P75: 1.52 P99: 3.00 P99.9: 4.70 P99.99: 5.35
------------------------------------------------------
[       0,       1 ] 25972767  55.316%  55.316% ###########
(       1,       2 ] 17762211  37.829%  93.145% ########
(       2,       3 ]  2750887   5.859%  99.003% #
(       3,       4 ]   375265   0.799%  99.803% 
(       4,       6 ]   130541   0.278% 100.081% 
(       6,      10 ]    56654   0.121% 100.201% 
(      10,      15 ]    21869   0.047% 100.248% 
(      15,      22 ]    12928   0.028% 100.275% 
(      22,      34 ]      910   0.002% 100.277% 
(      34,      51 ]      132   0.000% 100.278% 
(      51,      76 ]      611   0.001% 100.279% 
(      76,     110 ]     1124   0.002% 100.281% 
(     110,     170 ]       53   0.000% 100.281% 
(     170,     250 ]       42   0.000% 100.281% 
(     250,     380 ]      166   0.000% 100.282% 
(     380,     580 ]       36   0.000% 100.282% 
(     580,     870 ]       57   0.000% 100.282% 
(     870,    1300 ]       85   0.000% 100.282% 
(    1300,    1900 ]       55   0.000% 100.282% 
(    1900,    2900 ]       25   0.000% 100.282% 
(    2900,    4400 ]       14   0.000% 100.282% 
(    4400,    6600 ]       12   0.000% 100.282% 
(    6600,    9900 ]        8   0.000% 100.282% 
(    9900,   14000 ]        2   0.000% 100.282% 
(   14000,   22000 ]       13   0.000% 100.283% 
(   22000,   33000 ]       33   0.000% 100.283% 
(   33000,   50000 ]       50   0.000% 100.283% 
(   50000,   75000 ]       77   0.000% 100.283% 
(   75000,  110000 ]      124   0.000% 100.283% 
(  110000,  170000 ]       64   0.000% 100.283% 
(  170000,  250000 ]       24   0.000% 100.283% 
(  250000,  380000 ]        8   0.000% 100.283% 
(  380000,  570000 ]        4   0.000% 100.283% 
(  570000,  860000 ]        4   0.000% 100.283% 
(  860000, 1200000 ]        3   0.000% 100.283% 
( 1200000, 1900000 ]        7   0.000% 100.283% 
( 1900000, 2900000 ]        8   0.000% 100.283% 
( 2900000, 4300000 ]        3   0.000% 100.283% 

** Level 1 read latency histogram (micros):
Count: 60332491 Average: 2.4012  StdDev: 256.93
Min: 0  Median: 0.9212  Max: 544865
Percentiles: P50: 0.92 P75: 1.59 P99: 3.74 P99.9: 5.48 P99.99: 5.75
------------------------------------------------------
[       0,       1 ] 32746532  54.277%  54.277% ###########
(       1,       2 ] 21260440  35.239%  89.516% #######
(       2,       3 ]  5022005   8.324%  97.839% ##
(       3,       4 ]   949933   1.574%  99.414% 
(       4,       6 ]   396468   0.657% 100.071% 
(       6,      10 ]   144560   0.240% 100.311% 
(      10,      15 ]    40260   0.067% 100.377% 
(      15,      22 ]    28431   0.047% 100.425% 
(      22,      34 ]     2869   0.005% 100.429% 
(      34,      51 ]      624   0.001% 100.430% 
(      51,      76 ]     1950   0.003% 100.434% 
(      76,     110 ]     2379   0.004% 100.438% 
(     110,     170 ]     2469   0.004% 100.442% 
(     170,     250 ]     2468   0.004% 100.446% 
(     250,     380 ]     3226   0.005% 100.451% 
(     380,     580 ]     3244   0.005% 100.456% 
(     580,     870 ]     2997   0.005% 100.461% 
(     870,    1300 ]     2158   0.004% 100.465% 
(    1300,    1900 ]     1756   0.003% 100.468% 
(    1900,    2900 ]     1303   0.002% 100.470% 
(    2900,    4400 ]      627   0.001% 100.471% 
(    4400,    6600 ]      361   0.001% 100.472% 
(    6600,    9900 ]      116   0.000% 100.472% 
(    9900,   14000 ]       53   0.000% 100.472% 
(   14000,   22000 ]       66   0.000% 100.472% 
(   22000,   33000 ]       43   0.000% 100.472% 
(   33000,   50000 ]       50   0.000% 100.472% 
(   50000,   75000 ]       65   0.000% 100.472% 
(   75000,  110000 ]       46   0.000% 100.472% 
(  110000,  170000 ]       56   0.000% 100.472% 
(  170000,  250000 ]       23   0.000% 100.473% 
(  250000,  380000 ]        5   0.000% 100.473% 
(  380000,  570000 ]        3   0.000% 100.473% 

** Level 2 read latency histogram (micros):
Count: 36552240 Average: 104.7579  StdDev: 4622.51
Min: 0  Median: 1.3874  Max: 5199402
Percentiles: P50: 1.39 P75: 1.96 P99: 860.42 P99.9: 1787.14 P99.99: 1933.55
------------------------------------------------------
[       0,       1 ] 12076627  33.039%  33.039% #######
(       1,       2 ] 16004685  43.786%  76.825% #########
(       2,       3 ]  4910076  13.433%  90.258% ###
(       3,       4 ]  1289371   3.527%  93.786% #
(       4,       6 ]   373703   1.022%  94.808% 
(       6,      10 ]    67997   0.186%  94.994% 
(      10,      15 ]    41120   0.112%  95.107% 
(      15,      22 ]    24522   0.067%  95.174% 
(      22,      34 ]    11063   0.030%  95.204% 
(      34,      51 ]    28174   0.077%  95.281% 
(      51,      76 ]    72217   0.198%  95.479% 
(      76,     110 ]    44782   0.123%  95.601% 
(     110,     170 ]   173075   0.474%  96.075% 
(     170,     250 ]   218411   0.598%  96.672% 
(     250,     380 ]   287306   0.786%  97.458% 
(     380,     580 ]   299706   0.820%  98.278% 
(     580,     870 ]   272897   0.747%  99.025% 
(     870,    1300 ]   194688   0.533%  99.557% 
(    1300,    1900 ]   154290   0.422%  99.979% 
(    1900,    2900 ]   115480   0.316% 100.295% 
(    2900,    4400 ]    57771   0.158% 100.453% 
(    4400,    6600 ]    29603   0.081% 100.534% 
(    6600,    9900 ]    10541   0.029% 100.563% 
(    9900,   14000 ]     3660   0.010% 100.573% 
(   14000,   22000 ]     3928   0.011% 100.584% 
(   22000,   33000 ]     3416   0.009% 100.593% 
(   33000,   50000 ]     3943   0.011% 100.604% 
(   50000,   75000 ]     3889   0.011% 100.615% 
(   75000,  110000 ]     3475   0.010% 100.624% 
(  110000,  170000 ]     3238   0.009% 100.633% 
(  170000,  250000 ]     1558   0.004% 100.637% 
(  250000,  380000 ]      477   0.001% 100.639% 
(  380000,  570000 ]       94   0.000% 100.639% 
(  570000,  860000 ]       63   0.000% 100.639% 
(  860000, 1200000 ]       38   0.000% 100.639% 
( 1200000, 1900000 ]       28   0.000% 100.639% 
( 1900000, 2900000 ]       31   0.000% 100.639% 
( 2900000, 4300000 ]       16   0.000% 100.639% 
( 4300000, 6500000 ]        1   0.000% 100.639% 


** DB Stats **
Uptime(secs): 1785.7 total, 30.8 interval
Cumulative writes: 99M writes, 99M keys, 12M commit groups, 7.7 writes per commit group, ingest: 97.08 GB, 55.67 MB/s
Cumulative WAL: 99M writes, 0 syncs, 99699524.00 writes per sync, written: 97.08 GB, 55.67 MB/s
Cumulative stall: 00:24:14.945 H:M:S, 81.5 percent
Interval writes: 2253K writes, 2253K keys, 290K commit groups, 7.8 writes per commit group, ingest: 2246.67 MB, 72.96 MB/s
Interval WAL: 2253K writes, 0 syncs, 2253185.00 writes per sync, written: 2.19 GB, 72.96 MB/s
Interval stall: 00:00:21.829 H:M:S, 70.9 percent
Write Stall (count): write-buffer-manager-limit-stops: 0
num-running-compactions: 2
num-running-flushes: 0

2026/08/31-12:03:11  ... thread 8: (142000,6233000) ops and (4407.4,3489.3) ops/second in (32.218506,1786.332221) seconds
2026/08/31-12:03:19  ... thread 13: (96000,6234000) ops and (3196.3,3475.4) ops/second in (30.035197,1793.771856) seconds
2026/08/31-12:03:19  ... thread 12: (95000,6230000) ops and (3158.9,3473.0) ops/second in (30.074233,1793.821923) seconds
2026/08/31-12:03:19  ... thread 10: (96000,6231000) ops and (3183.6,3473.5) ops/second in (30.154950,1793.881698) seconds
2026/08/31-12:03:19  ... thread 5: (96000,6229000) ops and (3148.4,3471.7) ops/second in (30.491312,1794.214864) seconds
2026/08/31-12:03:19  ... thread 4: (96000,6235000) ops and (3125.9,3474.6) ops/second in (30.711502,1794.463993) seconds
2026/08/31-12:03:19  ... thread 6: (96000,6236000) ops and (3125.0,3475.1) ops/second in (30.719931,1794.467483) seconds
2026/08/31-12:03:19  ... thread 11: (96000,6236000) ops and (3124.0,3475.1) ops/second in (30.729542,1794.469213) seconds
2026/08/31-12:03:19  ... thread 9: (96000,6233000) ops and (3123.7,3473.4) ops/second in (30.732784,1794.470861) seconds
2026/08/31-12:03:19  ... thread 7: (97000,6236000) ops and (3155.0,3475.1) ops/second in (30.745152,1794.473868) seconds
2026/08/31-12:03:19  ... thread 3: (96000,6235000) ops and (3123.4,3474.5) ops/second in (30.735371,1794.478361) seconds
2026/08/31-12:03:19  ... thread 15: (96000,6235000) ops and (3124.0,3474.5) ops/second in (30.729563,1794.482180) seconds
2026/08/31-12:03:19  ... thread 14: (97000,6234000) ops and (3153.4,3474.0) ops/second in (30.760756,1794.489812) seconds
2026/08/31-12:03:40  ... thread 2: (43000,6275000) ops and (1400.7,3456.8) ops/second in (30.699458,1815.253761) seconds
2026/08/31-12:03:40  ... thread 1: (43000,6278000) ops and (1428.1,3458.5) ops/second in (30.109246,1815.255567) seconds
2026/08/31-12:03:42  ... thread 0: (50000,6280000) ops and (1581.7,3455.7) ops/second in (31.611367,1817.309991) seconds

** Compaction Stats [default] **
Level    Files   Size     Score Read(GB)  Rn(GB) Rnp1(GB) Write(GB) WPreComp(GB) Wnew(GB) Moved(GB) W-Amp Rd(MB/s) Wr(MB/s) Comp(sec) CompMergeCPU(sec) Comp(cnt) Avg(sec) KeyIn KeyDrop Rblob(GB) Wblob(GB)
-------------------------------------------------------------------------------------------------------------------------------------------------------------------------------------------------------------
  L0     13/9    995.56 MB   1.0     90.6     0.0     90.6     189.2     189.2     98.6       0.0   1.9     25.9     54.1   3581.03            413.99      1961    1.826    192M   101K       0.0       0.0
  L1    147/17     8.62 GB   1.9    261.2    97.6    163.5     254.9     254.9     91.4       0.0   2.6    361.1    352.5    740.64            804.11        42   17.634    265M  6309K       0.0       0.0
  L2    747/46    40.90 GB   1.0    230.0    70.1    159.8     210.5     210.5     50.6      12.8   3.0     19.1     17.5  12336.74           1079.32      1143   10.793    234M    19M       0.0       0.0
  L3    416/0     22.45 GB   0.1      0.0     0.0      0.0       0.0       0.0      0.0      22.5   0.0      0.0      0.0      0.00              0.00         0    0.000       0      0       0.0       0.0
 Sum   1323/72    72.94 GB   0.0    581.7   167.7    414.0     654.6     654.6    240.7      35.3   6.6     35.8     40.2  16658.42           2297.41      3146    5.295    692M    26M       0.0       0.0
 Int      0/0      0.00 KB   0.0      3.3     1.1      2.2       3.7       3.7      1.5       0.0   5.5     15.2     17.1    219.75             16.04        29    7.578   4010K   282K       0.0       0.0

** Compaction Stats [default] **
Priority    Files   Size     Score Read(GB)  Rn(GB) Rnp1(GB) Write(GB) WPreComp(GB) Wnew(GB) Moved(GB) W-Amp Rd(MB/s) Wr(MB/s) Comp(sec) CompMergeCPU(sec) Comp(cnt) Avg(sec) KeyIn KeyDrop Rblob(GB) Wblob(GB)
----------------------------------------------------------------------------------------------------------------------------------------------------------------------------------------------------------------
 Low      0/0      0.00 KB   0.0    581.7   167.7    414.0     555.9     555.9    141.9       0.0   0.0     41.6     39.8  14307.92           2122.44      1523    9.395    591M    26M       0.0       0.0
High      0/0      0.00 KB   0.0      0.0     0.0      0.0      98.8      98.8     98.8       0.0   0.0      0.0     43.0   2350.49            174.97      1623    1.448    100M      0       0.0       0.0

Blob file count: 0, total size: 0.0 GB, garbage size: 0.0 GB, space amp: 0.0

Uptime(secs): 1817.3 total, 12.6 interval
Flush(GB): cumulative 98.757, interval 0.669
AddFile(GB): cumulative 0.000, interval 0.000
AddFile(Total Files): cumulative 0, interval 0
AddFile(L0 Files): cumulative 0, interval 0
AddFile(Keys): cumulative 0, interval 0
Cumulative compaction: 654.65 GB write, 368.87 MB/s write, 581.72 GB read, 327.78 MB/s read, 16658.4 seconds
Interval compaction: 3.66 GB write, 297.54 MB/s write, 3.27 GB read, 265.75 MB/s read, 219.7 seconds
Estimated pending compaction bytes: 52222728313
Write Stall (count): cf-l0-file-count-limit-delays-with-ongoing-compaction: 117, cf-l0-file-count-limit-stops-with-ongoing-compaction: 0, l0-file-count-limit-delays: 117, l0-file-count-limit-stops: 0, memtable-limit-delays: 0, memtable-limit-stops: 1360, pending-compaction-bytes-delays: 0, pending-compaction-bytes-stops: 0, total-delays: 117, total-stops: 1360
interval: 10 total count
Block cache AutoHyperClockCache@0x5cc2bb2b62d0#2301963 capacity: 512.00 MB seed: 1 usage: 17.38 MB table_size: 7720 occupancy: 4126 collections: 11 last_copies: 0 last_secs: 0.000611 secs_since: 12
Block cache entry stats(count,size,portion): Misc(4126,16.91 MB,3.3018%)

** File Read Latency Histogram By Level [default] **
** Level 0 read latency histogram (micros):
Count: 47690672 Average: 3.3157  StdDev: 1528.89
Min: 0  Median: 0.9065  Max: 4185179
Percentiles: P50: 0.91 P75: 1.52 P99: 3.02 P99.9: 4.74 P99.99: 5.37
------------------------------------------------------
[       0,       1 ] 26305479  55.159%  55.159% ###########
(       1,       2 ] 18080735  37.913%  93.071% ########
(       2,       3 ]  2818640   5.910%  98.981% #
(       3,       4 ]   388047   0.814%  99.795% 
(       4,       6 ]   136218   0.286% 100.081% 
(       6,      10 ]    57928   0.121% 100.202% 
(      10,      15 ]    22485   0.047% 100.249% 
(      15,      22 ]    13308   0.028% 100.277% 
(      22,      34 ]      929   0.002% 100.279% 
(      34,      51 ]      134   0.000% 100.279% 
(      51,      76 ]      614   0.001% 100.281% 
(      76,     110 ]     1136   0.002% 100.283% 
(     110,     170 ]       53   0.000% 100.283% 
(     170,     250 ]       43   0.000% 100.283% 
(     250,     380 ]      166   0.000% 100.284% 
(     380,     580 ]       36   0.000% 100.284% 
(     580,     870 ]       57   0.000% 100.284% 
(     870,    1300 ]       85   0.000% 100.284% 
(    1300,    1900 ]       56   0.000% 100.284% 
(    1900,    2900 ]       25   0.000% 100.284% 
(    2900,    4400 ]       14   0.000% 100.284% 
(    4400,    6600 ]       12   0.000% 100.284% 
(    6600,    9900 ]        8   0.000% 100.284% 
(    9900,   14000 ]        2   0.000% 100.284% 
(   14000,   22000 ]       13   0.000% 100.284% 
(   22000,   33000 ]       33   0.000% 100.284% 
(   33000,   50000 ]       51   0.000% 100.284% 
(   50000,   75000 ]       79   0.000% 100.285% 
(   75000,  110000 ]      127   0.000% 100.285% 
(  110000,  170000 ]       65   0.000% 100.285% 
(  170000,  250000 ]       24   0.000% 100.285% 
(  250000,  380000 ]        8   0.000% 100.285% 
(  380000,  570000 ]        4   0.000% 100.285% 
(  570000,  860000 ]        4   0.000% 100.285% 
(  860000, 1200000 ]        3   0.000% 100.285% 
( 1200000, 1900000 ]        7   0.000% 100.285% 
( 1900000, 2900000 ]        8   0.000% 100.285% 
( 2900000, 4300000 ]        3   0.000% 100.285% 

** Level 1 read latency histogram (micros):
Count: 61574975 Average: 2.5028  StdDev: 293.42
Min: 0  Median: 0.9230  Max: 938100
Percentiles: P50: 0.92 P75: 1.59 P99: 3.75 P99.9: 5.51 P99.99: 5.78
------------------------------------------------------
[       0,       1 ] 33354126  54.168%  54.168% ###########
(       1,       2 ] 21714383  35.265%  89.433% #######
(       2,       3 ]  5161947   8.383%  97.816% ##
(       3,       4 ]   976991   1.587%  99.403% 
(       4,       6 ]   406571   0.660% 100.063% 
(       6,      10 ]   148409   0.241% 100.304% 
(      10,      15 ]    41393   0.067% 100.372% 
(      15,      22 ]    29282   0.048% 100.419% 
(      22,      34 ]     2963   0.005% 100.424% 
(      34,      51 ]      655   0.001% 100.425% 
(      51,      76 ]     2079   0.003% 100.428% 
(      76,     110 ]     2537   0.004% 100.433% 
(     110,     170 ]     2697   0.004% 100.437% 
(     170,     250 ]     2774   0.005% 100.441% 
(     250,     380 ]     3615   0.006% 100.447% 
(     380,     580 ]     3714   0.006% 100.453% 
(     580,     870 ]     3423   0.006% 100.459% 
(     870,    1300 ]     2457   0.004% 100.463% 
(    1300,    1900 ]     1954   0.003% 100.466% 
(    1900,    2900 ]     1470   0.002% 100.468% 
(    2900,    4400 ]      721   0.001% 100.470% 
(    4400,    6600 ]      417   0.001% 100.470% 
(    6600,    9900 ]      133   0.000% 100.471% 
(    9900,   14000 ]       55   0.000% 100.471% 
(   14000,   22000 ]       72   0.000% 100.471% 
(   22000,   33000 ]       50   0.000% 100.471% 
(   33000,   50000 ]       53   0.000% 100.471% 
(   50000,   75000 ]       76   0.000% 100.471% 
(   75000,  110000 ]       53   0.000% 100.471% 
(  110000,  170000 ]       64   0.000% 100.471% 
(  170000,  250000 ]       27   0.000% 100.471% 
(  250000,  380000 ]        5   0.000% 100.471% 
(  380000,  570000 ]        3   0.000% 100.471% 
(  860000, 1200000 ]        1   0.000% 100.471% 

** Level 2 read latency histogram (micros):
Count: 37390243 Average: 105.6397  StdDev: 4621.33
Min: 0  Median: 1.3873  Max: 5199402
Percentiles: P50: 1.39 P75: 1.96 P99: 860.22 P99.9: 1790.53 P99.99: 1941.84
------------------------------------------------------
[       0,       1 ] 12349325  33.028%  33.028% #######
(       1,       2 ] 16383442  43.817%  76.846% #########
(       2,       3 ]  5026937  13.445%  90.290% ###
(       3,       4 ]  1314101   3.515%  93.805% #
(       4,       6 ]   381379   1.020%  94.825% 
(       6,      10 ]    69413   0.186%  95.010% 
(      10,      15 ]    42004   0.112%  95.123% 
(      15,      22 ]    25101   0.067%  95.190% 
(      22,      34 ]    11205   0.030%  95.220% 
(      34,      51 ]    28511   0.076%  95.296% 
(      51,      76 ]    73330   0.196%  95.492% 
(      76,     110 ]    45528   0.122%  95.614% 
(     110,     170 ]   175839   0.470%  96.084% 
(     170,     250 ]   221981   0.594%  96.678% 
(     250,     380 ]   292732   0.783%  97.461% 
(     380,     580 ]   306055   0.819%  98.279% 
(     580,     870 ]   278868   0.746%  99.025% 
(     870,    1300 ]   198444   0.531%  99.556% 
(    1300,    1900 ]   157373   0.421%  99.977% 
(    1900,    2900 ]   118053   0.316% 100.293% 
(    2900,    4400 ]    59311   0.159% 100.451% 
(    4400,    6600 ]    30332   0.081% 100.532% 
(    6600,    9900 ]    10780   0.029% 100.561% 
(    9900,   14000 ]     3779   0.010% 100.571% 
(   14000,   22000 ]     4089   0.011% 100.582% 
(   22000,   33000 ]     3562   0.010% 100.592% 
(   33000,   50000 ]     4089   0.011% 100.603% 
(   50000,   75000 ]     4074   0.011% 100.614% 
(   75000,  110000 ]     3620   0.010% 100.623% 
(  110000,  170000 ]     3370   0.009% 100.632% 
(  170000,  250000 ]     1629   0.004% 100.637% 
(  250000,  380000 ]      499   0.001% 100.638% 
(  380000,  570000 ]       96   0.000% 100.638% 
(  570000,  860000 ]       64   0.000% 100.638% 
(  860000, 1200000 ]       40   0.000% 100.638% 
( 1200000, 1900000 ]       28   0.000% 100.639% 
( 1900000, 2900000 ]       32   0.000% 100.639% 
( 2900000, 4300000 ]       16   0.000% 100.639% 
( 4300000, 6500000 ]        1   0.000% 100.639% 


** DB Stats **
Uptime(secs): 1817.3 total, 12.6 interval
Cumulative writes: 100M writes, 100M keys, 13M commit groups, 7.7 writes per commit group, ingest: 97.86 GB, 55.14 MB/s
Cumulative WAL: 100M writes, 0 syncs, 100502061.00 writes per sync, written: 97.86 GB, 55.14 MB/s
Cumulative stall: 00:24:40.326 H:M:S, 81.5 percent
Interval writes: 565K writes, 565K keys, 72K commit groups, 7.8 writes per commit group, ingest: 563.38 MB, 44.69 MB/s
Interval WAL: 565K writes, 0 syncs, 565010.00 writes per sync, written: 0.55 GB, 44.69 MB/s
Interval stall: 00:00:16.097 H:M:S, 127.7 percent
Write Stall (count): write-buffer-manager-limit-stops: 0
num-running-compactions: 18
num-running-flushes: 1

2026/08/31-12:03:42  ... thread 8: (50000,6283000) ops and (1613.9,3457.3) ops/second in (30.981197,1817.313418) seconds
2026/08/31-12:03:49  ... thread 13: (63000,6297000) ops and (2052.1,3451.4) ops/second in (30.700970,1824.472826) seconds
2026/08/31-12:03:49  ... thread 5: (63000,6292000) ops and (2082.0,3448.7) ops/second in (30.259411,1824.474275) seconds
2026/08/31-12:03:49  ... thread 10: (63000,6294000) ops and (2059.2,3449.8) ops/second in (30.594999,1824.476697) seconds
2026/08/31-12:03:49  ... thread 9: (63000,6296000) ops and (2099.4,3450.8) ops/second in (30.008936,1824.479797) seconds
2026/08/31-12:03:49  ... thread 12: (63000,6293000) ops and (2055.0,3449.2) ops/second in (30.657409,1824.479332) seconds
2026/08/31-12:03:49  ... thread 4: (63000,6298000) ops and (2098.9,3451.9) ops/second in (30.015770,1824.479763) seconds
2026/08/31-12:03:49  ... thread 6: (63000,6299000) ops and (2099.0,3452.5) ops/second in (30.013863,1824.481346) seconds
2026/08/31-12:03:49  ... thread 3: (63000,6298000) ops and (2099.4,3451.9) ops/second in (30.007927,1824.486288) seconds
2026/08/31-12:03:49  ... thread 11: (63000,6299000) ops and (2098.7,3452.5) ops/second in (30.018329,1824.487542) seconds
2026/08/31-12:03:49  ... thread 7: (63000,6299000) ops and (2098.4,3452.5) ops/second in (30.022280,1824.496148) seconds
2026/08/31-12:03:49  ... thread 15: (63000,6298000) ops and (2099.0,3451.9) ops/second in (30.014919,1824.497099) seconds
2026/08/31-12:03:49  ... thread 14: (63000,6297000) ops and (2099.1,3451.4) ops/second in (30.012543,1824.502355) seconds
2026/08/31-12:04:11  ... thread 1: (101000,6379000) ops and (3264.0,3455.2) ops/second in (30.943603,1846.199170) seconds
2026/08/31-12:04:11  ... thread 2: (101000,6376000) ops and (3263.7,3453.6) ops/second in (30.946712,1846.200473) seconds
2026/08/31-12:04:13  ... thread 8: (108000,6391000) ops and (3532.8,3458.5) ops/second in (30.571075,1847.884493) seconds
2026/08/31-12:04:13  ... thread 0: (108000,6388000) ops and (3532.3,3456.9) ops/second in (30.575151,1847.885142) seconds

** Compaction Stats [default] **
Level    Files   Size     Score Read(GB)  Rn(GB) Rnp1(GB) Write(GB) WPreComp(GB) Wnew(GB) Moved(GB) W-Amp Rd(MB/s) Wr(MB/s) Comp(sec) CompMergeCPU(sec) Comp(cnt) Avg(sec) KeyIn KeyDrop Rblob(GB) Wblob(GB)
-------------------------------------------------------------------------------------------------------------------------------------------------------------------------------------------------------------
  L0     12/4      2.73 GB   2.0     92.8     0.0     92.8     193.2     193.2    100.3       0.0   1.9     26.0     54.1   3654.16            423.59      1996    1.831    196M   104K       0.0       0.0
  L1    111/8      6.42 GB   1.5    261.2    97.6    163.5     254.9     254.9     91.4       0.0   2.6    361.1    352.5    740.64            804.11        42   17.634    265M  6309K       0.0       0.0
  L2    746/23    41.07 GB   1.0    237.7    72.1    165.6     217.4     217.4     51.8      12.8   3.0     19.0     17.4  12789.26           1121.81      1176   10.875    241M    20M       0.0       0.0
  L3    436/0     23.52 GB   0.1      0.0     0.0      0.0       0.0       0.0      0.0      23.5   0.0      0.0      0.0      0.00              0.00         0    0.000       0      0       0.0       0.0
 Sum   1305/35    73.75 GB   0.0    591.7   169.8    422.0     665.5     665.5    243.5      36.3   6.6     35.3     39.7  17184.06           2349.50      3214    5.347    704M    27M       0.0       0.0
 Int      0/0      0.00 KB   0.0     13.3     3.1     10.2      14.5      14.5      4.3       1.1   6.1     18.3     19.9    745.39             68.13        97    7.684     15M  1184K       0.0       0.0

** Compaction Stats [default] **
Priority    Files   Size     Score Read(GB)  Rn(GB) Rnp1(GB) Write(GB) WPreComp(GB) Wnew(GB) Moved(GB) W-Amp Rd(MB/s) Wr(MB/s) Comp(sec) CompMergeCPU(sec) Comp(cnt) Avg(sec) KeyIn KeyDrop Rblob(GB) Wblob(GB)
----------------------------------------------------------------------------------------------------------------------------------------------------------------------------------------------------------------
 Low      0/0      0.00 KB   0.0    591.7   169.8    422.0     565.0     565.0    143.1       0.0   0.0     41.0     39.1  14789.04           2171.25      1563    9.462    602M    27M       0.0       0.0
High      0/0      0.00 KB   0.0      0.0     0.0      0.0     100.5     100.5    100.5       0.0   0.0      0.0     43.0   2395.02            178.26      1651    1.451    102M      0       0.0       0.0

Blob file count: 0, total size: 0.0 GB, garbage size: 0.0 GB, space amp: 0.0

Uptime(secs): 1847.9 total, 43.2 interval
Flush(GB): cumulative 100.460, interval 2.372
AddFile(GB): cumulative 0.000, interval 0.000
AddFile(Total Files): cumulative 0, interval 0
AddFile(L0 Files): cumulative 0, interval 0
AddFile(Keys): cumulative 0, interval 0
Cumulative compaction: 665.48 GB write, 368.77 MB/s write, 591.73 GB read, 327.91 MB/s read, 17184.1 seconds
Interval compaction: 14.49 GB write, 343.71 MB/s write, 13.29 GB read, 315.08 MB/s read, 745.4 seconds
Estimated pending compaction bytes: 50262402145
Write Stall (count): cf-l0-file-count-limit-delays-with-ongoing-compaction: 117, cf-l0-file-count-limit-stops-with-ongoing-compaction: 0, l0-file-count-limit-delays: 117, l0-file-count-limit-stops: 0, memtable-limit-delays: 0, memtable-limit-stops: 1391, pending-compaction-bytes-delays: 0, pending-compaction-bytes-stops: 0, total-delays: 117, total-stops: 1391
interval: 41 total count
Block cache AutoHyperClockCache@0x5cc2bb2b62d0#2301963 capacity: 512.00 MB seed: 1 usage: 17.38 MB table_size: 7720 occupancy: 4126 collections: 11 last_copies: 0 last_secs: 0.000611 secs_since: 43
Block cache entry stats(count,size,portion): Misc(4126,16.91 MB,3.3018%)

** File Read Latency Histogram By Level [default] **
** Level 0 read latency histogram (micros):
Count: 48124968 Average: 3.3446  StdDev: 1528.60
Min: 0  Median: 0.9054  Max: 4185179
Percentiles: P50: 0.91 P75: 1.52 P99: 3.02 P99.9: 4.75 P99.99: 5.38
------------------------------------------------------
[       0,       1 ] 26575952  55.223%  55.223% ###########
(       1,       2 ] 18227850  37.876%  93.099% ########
(       2,       3 ]  2831842   5.884%  98.983% #
(       3,       4 ]   389960   0.810%  99.794% 
(       4,       6 ]   136984   0.285% 100.078% 
(       6,      10 ]    58424   0.121% 100.200% 
(      10,      15 ]    22667   0.047% 100.247% 
(      15,      22 ]    13402   0.028% 100.275% 
(      22,      34 ]      934   0.002% 100.276% 
(      34,      51 ]      137   0.000% 100.277% 
(      51,      76 ]      625   0.001% 100.278% 
(      76,     110 ]     1152   0.002% 100.280% 
(     110,     170 ]       54   0.000% 100.281% 
(     170,     250 ]       44   0.000% 100.281% 
(     250,     380 ]      170   0.000% 100.281% 
(     380,     580 ]       37   0.000% 100.281% 
(     580,     870 ]       58   0.000% 100.281% 
(     870,    1300 ]       85   0.000% 100.281% 
(    1300,    1900 ]       56   0.000% 100.281% 
(    1900,    2900 ]       25   0.000% 100.282% 
(    2900,    4400 ]       14   0.000% 100.282% 
(    4400,    6600 ]       12   0.000% 100.282% 
(    6600,    9900 ]        8   0.000% 100.282% 
(    9900,   14000 ]        2   0.000% 100.282% 
(   14000,   22000 ]       13   0.000% 100.282% 
(   22000,   33000 ]       34   0.000% 100.282% 
(   33000,   50000 ]       52   0.000% 100.282% 
(   50000,   75000 ]       87   0.000% 100.282% 
(   75000,  110000 ]      128   0.000% 100.282% 
(  110000,  170000 ]       65   0.000% 100.282% 
(  170000,  250000 ]       24   0.000% 100.282% 
(  250000,  380000 ]        9   0.000% 100.282% 
(  380000,  570000 ]        5   0.000% 100.282% 
(  570000,  860000 ]        5   0.000% 100.282% 
(  860000, 1200000 ]        3   0.000% 100.282% 
( 1200000, 1900000 ]        7   0.000% 100.283% 
( 1900000, 2900000 ]        8   0.000% 100.283% 
( 2900000, 4300000 ]        3   0.000% 100.283% 

** Level 1 read latency histogram (micros):
Count: 62041122 Average: 2.5022  StdDev: 292.32
Min: 0  Median: 0.9278  Max: 938100
Percentiles: P50: 0.93 P75: 1.60 P99: 3.77 P99.9: 5.54 P99.99: 5.81
------------------------------------------------------
[       0,       1 ] 33434460  53.891%  53.891% ###########
(       1,       2 ] 21915982  35.325%  89.216% #######
(       2,       3 ]  5298401   8.540%  97.756% ##
(       3,       4 ]  1006763   1.623%  99.379% 
(       4,       6 ]   420020   0.677% 100.056% 
(       6,      10 ]   151961   0.245% 100.301% 
(      10,      15 ]    42254   0.068% 100.369% 
(      15,      22 ]    30030   0.048% 100.417% 
(      22,      34 ]     3047   0.005% 100.422% 
(      34,      51 ]      666   0.001% 100.423% 
(      51,      76 ]     2079   0.003% 100.426% 
(      76,     110 ]     2537   0.004% 100.430% 
(     110,     170 ]     2697   0.004% 100.435% 
(     170,     250 ]     2774   0.004% 100.439% 
(     250,     380 ]     3615   0.006% 100.445% 
(     380,     580 ]     3714   0.006% 100.451% 
(     580,     870 ]     3423   0.006% 100.457% 
(     870,    1300 ]     2457   0.004% 100.461% 
(    1300,    1900 ]     1954   0.003% 100.464% 
(    1900,    2900 ]     1470   0.002% 100.466% 
(    2900,    4400 ]      721   0.001% 100.467% 
(    4400,    6600 ]      417   0.001% 100.468% 
(    6600,    9900 ]      133   0.000% 100.468% 
(    9900,   14000 ]       55   0.000% 100.468% 
(   14000,   22000 ]       72   0.000% 100.468% 
(   22000,   33000 ]       50   0.000% 100.468% 
(   33000,   50000 ]       53   0.000% 100.469% 
(   50000,   75000 ]       76   0.000% 100.469% 
(   75000,  110000 ]       53   0.000% 100.469% 
(  110000,  170000 ]       64   0.000% 100.469% 
(  170000,  250000 ]       27   0.000% 100.469% 
(  250000,  380000 ]        5   0.000% 100.469% 
(  380000,  570000 ]        3   0.000% 100.469% 
(  860000, 1200000 ]        1   0.000% 100.469% 

** Level 2 read latency histogram (micros):
Count: 38772944 Average: 106.1720  StdDev: 4621.78
Min: 0  Median: 1.3931  Max: 5199402
Percentiles: P50: 1.39 P75: 1.96 P99: 866.24 P99.9: 1796.58 P99.99: 1952.99
------------------------------------------------------
[       0,       1 ] 12696626  32.746%  32.746% #######
(       1,       2 ] 17016653  43.888%  76.634% #########
(       2,       3 ]  5248880  13.537%  90.172% ###
(       3,       4 ]  1372397   3.540%  93.711% #
(       4,       6 ]   398340   1.027%  94.738% 
(       6,      10 ]    72206   0.186%  94.925% 
(      10,      15 ]    43871   0.113%  95.038% 
(      15,      22 ]    26304   0.068%  95.106% 
(      22,      34 ]    11743   0.030%  95.136% 
(      34,      51 ]    30441   0.079%  95.214% 
(      51,      76 ]    77603   0.200%  95.415% 
(      76,     110 ]    48153   0.124%  95.539% 
(     110,     170 ]   186114   0.480%  96.019% 
(     170,     250 ]   235246   0.607%  96.626% 
(     250,     380 ]   308449   0.796%  97.421% 
(     380,     580 ]   321882   0.830%  98.251% 
(     580,     870 ]   294118   0.759%  99.010% 
(     870,    1300 ]   208871   0.539%  99.549% 
(    1300,    1900 ]   164657   0.425%  99.973% 
(    1900,    2900 ]   122947   0.317% 100.290% 
(    2900,    4400 ]    61605   0.159% 100.449% 
(    4400,    6600 ]    31654   0.082% 100.531% 
(    6600,    9900 ]    11377   0.029% 100.560% 
(    9900,   14000 ]     3945   0.010% 100.570% 
(   14000,   22000 ]     4319   0.011% 100.581% 
(   22000,   33000 ]     3723   0.010% 100.591% 
(   33000,   50000 ]     4262   0.011% 100.602% 
(   50000,   75000 ]     4225   0.011% 100.613% 
(   75000,  110000 ]     3773   0.010% 100.623% 
(  110000,  170000 ]     3501   0.009% 100.632% 
(  170000,  250000 ]     1691   0.004% 100.636% 
(  250000,  380000 ]      509   0.001% 100.637% 
(  380000,  570000 ]       96   0.000% 100.638% 
(  570000,  860000 ]       64   0.000% 100.638% 
(  860000, 1200000 ]       42   0.000% 100.638% 
( 1200000, 1900000 ]       28   0.000% 100.638% 
( 1900000, 2900000 ]       35   0.000% 100.638% 
( 2900000, 4300000 ]       16   0.000% 100.638% 
( 4300000, 6500000 ]        1   0.000% 100.638% 


** DB Stats **
Uptime(secs): 1847.9 total, 30.6 interval
Cumulative writes: 102M writes, 102M keys, 13M commit groups, 7.7 writes per commit group, ingest: 99.55 GB, 55.16 MB/s
Cumulative WAL: 102M writes, 0 syncs, 102232632.00 writes per sync, written: 99.55 GB, 55.16 MB/s
Cumulative stall: 00:25:7.118 H:M:S, 81.6 percent
Interval writes: 1730K writes, 1730K keys, 222K commit groups, 7.8 writes per commit group, ingest: 1725.57 MB, 56.44 MB/s
Interval WAL: 1730K writes, 0 syncs, 1730571.00 writes per sync, written: 1.69 GB, 56.44 MB/s
Interval stall: 00:00:26.791 H:M:S, 87.6 percent
Write Stall (count): write-buffer-manager-limit-stops: 0
num-running-compactions: 9
num-running-flushes: 0

Initializing RocksDB Options from the specified file
Initializing RocksDB Options from command-line flags
Integrated BlobDB: blob cache disabled
Keys:       16 bytes each (+ 0 bytes user-defined timestamp)
Values:     1024 bytes each (512 bytes after compression)
Entries:    103244288
Prefix:    0 bytes
Keys per prefix:    0
RawSize:    102399.9 MB (estimated)
FileSize:   51987.6 MB (estimated)
Write rate: 0 bytes/second
Read rate: 0 ops/second
Compression: NoCompression
Compression sampling rate: 0
Memtablerep: SkipListFactory
Perf Level: 1
------------------------------------------------
Initializing RocksDB Options from the specified file
Initializing RocksDB Options from command-line flags
Integrated BlobDB: blob cache disabled
DB path: [/tmp/l0trig_trig4]
fillrandom   :     287.106 micros/op 55722 ops/sec 1852.827 seconds 103244288 operations;   55.3 MB/s
Microseconds per write:
Count: 103244288 Average: 287.1059  StdDev: 29123.49
Min: 2  Median: 22.2233  Max: 7816551
Percentiles: P50: 22.22 P75: 30.27 P99: 1028.33 P99.9: 5170.70 P99.99: 368106.60
------------------------------------------------------
(       1,       2 ]      172   0.000%   0.000% 
(       2,       3 ]      623   0.001%   0.001% 
(       3,       4 ]      455   0.000%   0.001% 
(       4,       6 ]    16386   0.016%   0.017% 
(       6,      10 ]   463431   0.449%   0.466% 
(      10,      15 ]   938252   0.909%   1.375% 
(      15,      22 ] 49486357  47.931%  49.306% ##########
(      22,      34 ] 38509014  37.299%  86.605% #######
(      34,      51 ] 10103650   9.786%  96.391% ##
(      51,      76 ]  1986409   1.924%  98.315% 
(      76,     110 ]   377415   0.366%  98.681% 
(     110,     170 ]   115646   0.112%  98.793% 
(     170,     250 ]    92779   0.090%  98.883% 
(     250,     380 ]    24810   0.024%  98.907% 
(     380,     580 ]     5740   0.006%  98.912% 
(     580,     870 ]     3586   0.003%  98.916% 
(     870,    1300 ]   236602   0.229%  99.145% 
(    1300,    1900 ]     3254   0.003%  99.148% 
(    1900,    2900 ]   565925   0.548%  99.696% 
(    2900,    4400 ]   183166   0.177%  99.873% 
(    4400,    6600 ]    78134   0.076%  99.949% 
(    6600,    9900 ]    14424   0.014%  99.963% 
(    9900,   14000 ]     2867   0.003%  99.966% 
(   14000,   22000 ]     1962   0.002%  99.968% 
(   22000,   33000 ]     2601   0.003%  99.970% 
(   33000,   50000 ]     3183   0.003%  99.973% 
(   50000,   75000 ]     4622   0.004%  99.978% 
(   75000,  110000 ]     4607   0.004%  99.982% 
(  110000,  170000 ]     3824   0.004%  99.986% 
(  170000,  250000 ]     2395   0.002%  99.988% 
(  250000,  380000 ]     1841   0.002%  99.990% 
(  380000,  570000 ]     1920   0.002%  99.992% 
(  570000,  860000 ]     1996   0.002%  99.994% 
(  860000, 1200000 ]     1264   0.001%  99.995% 
( 1200000, 1900000 ]     1443   0.001%  99.997% 
( 1900000, 2900000 ]      825   0.001%  99.997% 
( 2900000, 4300000 ]      612   0.001%  99.998% 
( 4300000, 6500000 ]     1728   0.002% 100.000% 
( 6500000, 9800000 ]      368   0.000% 100.000% 

STATISTICS:
rocksdb.block.cache.miss COUNT : 151243429
rocksdb.block.cache.hit COUNT : 0
rocksdb.block.cache.add COUNT : 0
rocksdb.block.cache.add.failures COUNT : 0
rocksdb.block.cache.index.miss COUNT : 0
rocksdb.block.cache.index.hit COUNT : 0
rocksdb.block.cache.index.add COUNT : 0
rocksdb.block.cache.index.bytes.insert COUNT : 0
rocksdb.block.cache.filter.miss COUNT : 0
rocksdb.block.cache.filter.hit COUNT : 0
rocksdb.block.cache.filter.add COUNT : 0
rocksdb.block.cache.filter.bytes.insert COUNT : 0
rocksdb.block.cache.data.miss COUNT : 151243430
rocksdb.block.cache.data.hit COUNT : 0
rocksdb.block.cache.data.add COUNT : 0
rocksdb.block.cache.data.bytes.insert COUNT : 0
rocksdb.block.cache.bytes.read COUNT : 0
rocksdb.block.cache.bytes.write COUNT : 0
rocksdb.block.cache.compression.dict.miss COUNT : 0
rocksdb.block.cache.compression.dict.hit COUNT : 0
rocksdb.block.cache.compression.dict.add COUNT : 0
rocksdb.block.cache.compression.dict.bytes.insert COUNT : 0
rocksdb.block.cache.add.redundant COUNT : 0
rocksdb.block.cache.index.add.redundant COUNT : 0
rocksdb.block.cache.filter.add.redundant COUNT : 0
rocksdb.block.cache.data.add.redundant COUNT : 0
rocksdb.block.cache.compression.dict.add.redundant COUNT : 0
rocksdb.secondary.cache.hits COUNT : 0
rocksdb.secondary.cache.filter.hits COUNT : 0
rocksdb.secondary.cache.index.hits COUNT : 0
rocksdb.secondary.cache.data.hits COUNT : 0
rocksdb.compressed.secondary.cache.dummy.hits COUNT : 0
rocksdb.compressed.secondary.cache.hits COUNT : 0
rocksdb.compressed.secondary.cache.promotions COUNT : 0
rocksdb.compressed.secondary.cache.promotion.skips COUNT : 0
rocksdb.bloom.filter.useful COUNT : 0
rocksdb.bloom.filter.full.positive COUNT : 0
rocksdb.bloom.filter.full.true.positive COUNT : 0
rocksdb.bloom.filter.prefix.checked COUNT : 0
rocksdb.bloom.filter.prefix.useful COUNT : 0
rocksdb.bloom.filter.prefix.true.positive COUNT : 0
rocksdb.persistent.cache.hit COUNT : 0
rocksdb.persistent.cache.miss COUNT : 0
rocksdb.sim.block.cache.hit COUNT : 0
rocksdb.sim.block.cache.miss COUNT : 0
rocksdb.memtable.hit COUNT : 0
rocksdb.memtable.miss COUNT : 0
rocksdb.l0.hit COUNT : 0
rocksdb.l1.hit COUNT : 0
rocksdb.l2andup.hit COUNT : 0
rocksdb.compaction.key.drop.new COUNT : 27357013
rocksdb.compaction.key.drop.obsolete COUNT : 0
rocksdb.compaction.key.drop.range_del COUNT : 0
rocksdb.compaction.key.drop.user COUNT : 0
rocksdb.compaction.range_del.drop.obsolete COUNT : 0
rocksdb.compaction.optimized.del.drop.obsolete COUNT : 0
rocksdb.compaction.cancelled COUNT : 0
rocksdb.compaction.aborted COUNT : 0
rocksdb.number.keys.written COUNT : 103244288
rocksdb.number.keys.read COUNT : 0
rocksdb.number.keys.updated COUNT : 0
rocksdb.bytes.written COUNT : 107947814256
rocksdb.bytes.read COUNT : 0
rocksdb.number.db.seek COUNT : 0
rocksdb.number.db.next COUNT : 0
rocksdb.number.db.prev COUNT : 0
rocksdb.number.db.seek.found COUNT : 0
rocksdb.number.db.next.found COUNT : 0
rocksdb.number.db.prev.found COUNT : 0
rocksdb.db.iter.bytes.read COUNT : 0
rocksdb.number.iter.skip COUNT : 0
rocksdb.number.reseeks.iteration COUNT : 0
rocksdb.num.iterator.created COUNT : 0
rocksdb.num.iterator.deleted COUNT : 0
rocksdb.no.file.opens COUNT : 10321
rocksdb.no.file.errors COUNT : 0
rocksdb.stall.micros COUNT : 1510463792
rocksdb.db.mutex.wait.micros COUNT : 0
rocksdb.number.multiget.get COUNT : 0
rocksdb.number.multiget.keys.read COUNT : 0
rocksdb.number.multiget.bytes.read COUNT : 0
rocksdb.number.multiget.keys.found COUNT : 0
rocksdb.number.merge.failures COUNT : 0
rocksdb.getupdatessince.calls COUNT : 0
rocksdb.wal.synced COUNT : 0
rocksdb.wal.bytes COUNT : 107947814256
rocksdb.write.self COUNT : 13398132
rocksdb.write.other COUNT : 89846156
rocksdb.write.wal COUNT : 103244288
rocksdb.compact.read.bytes COUNT : 637004252817
rocksdb.compact.write.bytes COUNT : 609389212564
rocksdb.flush.write.bytes COUNT : 108914937910
rocksdb.compact.read.marked.bytes COUNT : 0
rocksdb.compact.read.periodic.bytes COUNT : 0
rocksdb.compact.read.ttl.bytes COUNT : 0
rocksdb.compact.write.marked.bytes COUNT : 0
rocksdb.compact.write.periodic.bytes COUNT : 0
rocksdb.compact.write.ttl.bytes COUNT : 0
rocksdb.number.direct.load.table.properties COUNT : 0
rocksdb.number.superversion_acquires COUNT : 0
rocksdb.number.superversion_releases COUNT : 0
rocksdb.number.superversion_cleanups COUNT : 0
rocksdb.number.block.compressed COUNT : 0
rocksdb.number.block.decompressed COUNT : 0
rocksdb.bytes.compressed.from COUNT : 0
rocksdb.bytes.compressed.to COUNT : 0
rocksdb.bytes.compression_bypassed COUNT : 717440236810
rocksdb.bytes.compression.rejected COUNT : 0
rocksdb.number.block_compression_bypassed COUNT : 170205150
rocksdb.number.block_compression_rejected COUNT : 0
rocksdb.bytes.decompressed.from COUNT : 0
rocksdb.bytes.decompressed.to COUNT : 0
rocksdb.merge.operation.time.nanos COUNT : 0
rocksdb.filter.operation.time.nanos COUNT : 0
rocksdb.compaction.total.time.cpu_micros COUNT : 2182563548
rocksdb.row.cache.hit COUNT : 0
rocksdb.row.cache.miss COUNT : 0
rocksdb.read.amp.estimate.useful.bytes COUNT : 0
rocksdb.read.amp.total.read.bytes COUNT : 0
rocksdb.number.rate_limiter.drains COUNT : 0
rocksdb.blobdb.num.put COUNT : 0
rocksdb.blobdb.num.write COUNT : 0
rocksdb.blobdb.num.get COUNT : 0
rocksdb.blobdb.num.multiget COUNT : 0
rocksdb.blobdb.num.seek COUNT : 0
rocksdb.blobdb.num.next COUNT : 0
rocksdb.blobdb.num.prev COUNT : 0
rocksdb.blobdb.num.keys.written COUNT : 0
rocksdb.blobdb.num.keys.read COUNT : 0
rocksdb.blobdb.bytes.written COUNT : 0
rocksdb.blobdb.bytes.read COUNT : 0
rocksdb.blobdb.write.inlined COUNT : 0
rocksdb.blobdb.write.inlined.ttl COUNT : 0
rocksdb.blobdb.write.blob COUNT : 0
rocksdb.blobdb.write.blob.ttl COUNT : 0
rocksdb.blobdb.blob.file.bytes.written COUNT : 0
rocksdb.blobdb.blob.file.bytes.read COUNT : 0
rocksdb.blobdb.blob.file.synced COUNT : 0
rocksdb.blobdb.blob.index.expired.count COUNT : 0
rocksdb.blobdb.blob.index.expired.size COUNT : 0
rocksdb.blobdb.blob.index.evicted.count COUNT : 0
rocksdb.blobdb.blob.index.evicted.size COUNT : 0
rocksdb.blobdb.gc.num.files COUNT : 0
rocksdb.blobdb.gc.num.new.files COUNT : 0
rocksdb.blobdb.gc.failures COUNT : 0
rocksdb.blobdb.gc.num.keys.relocated COUNT : 0
rocksdb.blobdb.gc.bytes.relocated COUNT : 0
rocksdb.blobdb.fifo.num.files.evicted COUNT : 0
rocksdb.blobdb.fifo.num.keys.evicted COUNT : 0
rocksdb.blobdb.fifo.bytes.evicted COUNT : 0
rocksdb.blobdb.cache.miss COUNT : 0
rocksdb.blobdb.cache.hit COUNT : 0
rocksdb.blobdb.cache.add COUNT : 0
rocksdb.blobdb.cache.add.failures COUNT : 0
rocksdb.blobdb.cache.bytes.read COUNT : 0
rocksdb.blobdb.cache.bytes.write COUNT : 0
rocksdb.txn.overhead.mutex.prepare COUNT : 0
rocksdb.txn.overhead.mutex.old.commit.map COUNT : 0
rocksdb.txn.overhead.duplicate.key COUNT : 0
rocksdb.txn.overhead.mutex.snapshot COUNT : 0
rocksdb.txn.get.tryagain COUNT : 0
rocksdb.files.marked.trash COUNT : 0
rocksdb.files.marked.trash.deleted COUNT : 0
rocksdb.files.deleted.immediately COUNT : 10679
rocksdb.error.handler.bg.error.count COUNT : 0
rocksdb.error.handler.bg.io.error.count COUNT : 0
rocksdb.error.handler.bg.retryable.io.error.count COUNT : 0
rocksdb.error.handler.autoresume.count COUNT : 0
rocksdb.error.handler.autoresume.retry.total.count COUNT : 0
rocksdb.error.handler.autoresume.success.count COUNT : 0
rocksdb.memtable.payload.bytes.at.flush COUNT : 108174180624
rocksdb.memtable.garbage.bytes.at.flush COUNT : 32288880
rocksdb.verify_checksum.read.bytes COUNT : 0
rocksdb.backup.read.bytes COUNT : 0
rocksdb.backup.write.bytes COUNT : 0
rocksdb.remote.compact.read.bytes COUNT : 0
rocksdb.remote.compact.write.bytes COUNT : 0
rocksdb.remote.compact.resumed.bytes COUNT : 0
rocksdb.hot.file.read.bytes COUNT : 0
rocksdb.warm.file.read.bytes COUNT : 0
rocksdb.cool.file.read.bytes COUNT : 0
rocksdb.cold.file.read.bytes COUNT : 0
rocksdb.ice.file.read.bytes COUNT : 0
rocksdb.hot.file.read.count COUNT : 0
rocksdb.warm.file.read.count COUNT : 0
rocksdb.cool.file.read.count COUNT : 0
rocksdb.cold.file.read.count COUNT : 0
rocksdb.ice.file.read.count COUNT : 0
rocksdb.last.level.read.bytes COUNT : 0
rocksdb.last.level.read.count COUNT : 0
rocksdb.non.last.level.read.bytes COUNT : 638709188173
rocksdb.non.last.level.read.count COUNT : 151284730
rocksdb.last.level.seek.filtered COUNT : 0
rocksdb.last.level.seek.filter.match COUNT : 0
rocksdb.last.level.seek.data COUNT : 0
rocksdb.last.level.seek.data.useful.no.filter COUNT : 0
rocksdb.last.level.seek.data.useful.filter.match COUNT : 0
rocksdb.non.last.level.seek.filtered COUNT : 0
rocksdb.non.last.level.seek.filter.match COUNT : 0
rocksdb.non.last.level.seek.data COUNT : 0
rocksdb.non.last.level.seek.data.useful.no.filter COUNT : 0
rocksdb.non.last.level.seek.data.useful.filter.match COUNT : 0
rocksdb.block.checksum.compute.count COUNT : 151264089
rocksdb.block.checksum.mismatch.count COUNT : 0
rocksdb.multiget.coroutine.count COUNT : 0
rocksdb.read.async.micros COUNT : 0
rocksdb.async.read.error.count COUNT : 0
rocksdb.table.open.prefetch.tail.miss COUNT : 0
rocksdb.table.open.prefetch.tail.hit COUNT : 0
rocksdb.timestamp.filter.table.checked COUNT : 0
rocksdb.timestamp.filter.table.filtered COUNT : 0
rocksdb.readahead.trimmed COUNT : 0
rocksdb.fifo.max.size.compactions COUNT : 0
rocksdb.fifo.ttl.compactions COUNT : 0
rocksdb.fifo.change_temperature.compactions COUNT : 0
rocksdb.prefetch.bytes COUNT : 0
rocksdb.prefetch.bytes.useful COUNT : 0
rocksdb.prefetch.hits COUNT : 0
rocksdb.footer.corruption.count COUNT : 0
rocksdb.file.read.corruption.retry.count COUNT : 0
rocksdb.file.read.corruption.retry.success.count COUNT : 0
rocksdb.number.wbwi.ingest COUNT : 0
rocksdb.sst.user.defined.index.load.fail.count COUNT : 0
rocksdb.multiscan.prepare.calls COUNT : 0
rocksdb.multiscan.prepare.errors COUNT : 0
rocksdb.multiscan.blocks.prefetched COUNT : 0
rocksdb.multiscan.blocks.from.cache COUNT : 0
rocksdb.multiscan.prefetch.bytes COUNT : 0
rocksdb.multiscan.prefetch.blocks.wasted COUNT : 0
rocksdb.multiscan.io.requests COUNT : 0
rocksdb.multiscan.io.coalesced.nonadjacent COUNT : 0
rocksdb.multiscan.seek.errors COUNT : 0
rocksdb.prefetch.memory.bytes.granted COUNT : 0
rocksdb.prefetch.memory.bytes.released COUNT : 0
rocksdb.prefetch.memory.requests.blocked COUNT : 0
rocksdb.read.path.range.tombstones.inserted COUNT : 0
rocksdb.read.path.range.tombstones.discarded COUNT : 0
rocksdb.file.open.metadata.retrieved COUNT : 0
rocksdb.file.open.metadata.passed COUNT : 0
rocksdb.db.get.micros P50 : 0.000000 P95 : 0.000000 P99 : 0.000000 P100 : 0.000000 COUNT : 0 SUM : 0
rocksdb.db.write.micros P50 : 21.279998 P95 : 47.604032 P99 : 1028.043615 P100 : 7816548.000000 COUNT : 103244288 SUM : 29495972350
rocksdb.compaction.times.micros P50 : 9388528.678304 P95 : 20437818.181818 P99 : 26244166.666667 P100 : 33987865.000000 COUNT : 1574 SUM : 14867927062
rocksdb.compaction.times.cpu_micros P50 : 849764.705882 P95 : 1846458.333333 P99 : 21181176.470588 P100 : 35041392.000000 COUNT : 1574 SUM : 2182511688
rocksdb.subcompaction.setup.times.micros P50 : 140000.000000 P95 : 278340.000000 P99 : 278340.000000 P100 : 278340.000000 COUNT : 42 SUM : 5598844
rocksdb.table.sync.micros P50 : 413502.415459 P95 : 5363591.549296 P99 : 6396661.971831 P100 : 8885838.000000 COUNT : 1667 SUM : 1794138531
rocksdb.compaction.outfile.sync.micros P50 : 1070448.275862 P95 : 6158658.192090 P99 : 8640092.307692 P100 : 14872804.000000 COUNT : 8654 SUM : 16118919267
rocksdb.wal.file.sync.micros P50 : 0.000000 P95 : 0.000000 P99 : 0.000000 P100 : 0.000000 COUNT : 0 SUM : 0
rocksdb.manifest.file.sync.micros P50 : 2414.150943 P95 : 405369.318182 P99 : 2846875.000000 P100 : 5272716.000000 COUNT : 2785 SUM : 377764342
rocksdb.table.open.io.micros P50 : 236.710727 P95 : 67870.111732 P99 : 188213.953488 P100 : 4185609.000000 COUNT : 10321 SUM : 167860675
rocksdb.db.multiget.micros P50 : 0.000000 P95 : 0.000000 P99 : 0.000000 P100 : 0.000000 COUNT : 0 SUM : 0
rocksdb.read.block.compaction.micros P50 : 1.976295 P95 : 5.838356 P99 : 280.879020 P100 : 5199420.000000 COUNT : 151243594 SUM : 4484761679
rocksdb.read.block.get.micros P50 : 104.879783 P95 : 236.287671 P99 : 933.783333 P100 : 4111.000000 COUNT : 10321 SUM : 1318092
rocksdb.write.raw.block.micros P50 : 0.568763 P95 : 1.737716 P99 : 2.940356 P100 : 4239195.000000 COUNT : 170225982 SUM : 2917424131
rocksdb.numfiles.in.singlecompaction P50 : 3.339499 P95 : 5.810800 P99 : 92.065000 P100 : 135.000000 COUNT : 1733 SUM : 9621
rocksdb.db.seek.micros P50 : 0.000000 P95 : 0.000000 P99 : 0.000000 P100 : 0.000000 COUNT : 0 SUM : 0
rocksdb.db.write.stall P50 : 2260.842350 P95 : 3733.580904 P99 : 102491.935484 P100 : 7617764.000000 COUNT : 83365 SUM : 1510463792
rocksdb.sst.read.micros P50 : 1.035449 P95 : 2.913052 P99 : 277.246323 P100 : 5199402.000000 COUNT : 151284982 SUM : 4459227100
rocksdb.file.read.flush.micros P50 : 8.720307 P95 : 47432.653061 P99 : 161862.500000 P100 : 4185179.000000 COUNT : 6668 SUM : 81627635
rocksdb.file.read.compaction.micros P50 : 1.035401 P95 : 2.912767 P99 : 277.048928 P100 : 5199402.000000 COUNT : 151278350 SUM : 4377599513
rocksdb.file.read.db.open.micros P50 : 0.000000 P95 : 0.000000 P99 : 0.000000 P100 : 0.000000 COUNT : 0 SUM : 0
rocksdb.file.read.get.micros P50 : 0.000000 P95 : 0.000000 P99 : 0.000000 P100 : 0.000000 COUNT : 0 SUM : 0
rocksdb.file.read.multiget.micros P50 : 0.000000 P95 : 0.000000 P99 : 0.000000 P100 : 0.000000 COUNT : 0 SUM : 0
rocksdb.file.read.db.iterator.micros P50 : 0.000000 P95 : 0.000000 P99 : 0.000000 P100 : 0.000000 COUNT : 0 SUM : 0
rocksdb.file.read.verify.db.checksum.micros P50 : 0.000000 P95 : 0.000000 P99 : 0.000000 P100 : 0.000000 COUNT : 0 SUM : 0
rocksdb.file.read.verify.file.checksums.micros P50 : 0.000000 P95 : 0.000000 P99 : 0.000000 P100 : 0.000000 COUNT : 0 SUM : 0
rocksdb.sst.write.micros P50 : 0.502287 P95 : 0.954346 P99 : 0.994529 P100 : 4239188.000000 COUNT : 340462669 SUM : 2839439676
rocksdb.file.write.flush.micros P50 : 0.501285 P95 : 0.952442 P99 : 0.992545 P100 : 3961243.000000 COUNT : 51607315 SUM : 118130844
rocksdb.file.write.compaction.micros P50 : 0.502467 P95 : 0.954687 P99 : 0.994885 P100 : 4239188.000000 COUNT : 288855366 SUM : 2721309194
rocksdb.file.write.db.open.micros P50 : 0.000000 P95 : 0.000000 P99 : 0.000000 P100 : 0.000000 COUNT : 0 SUM : 0
rocksdb.num.subcompactions.scheduled P50 : 16.000000 P95 : 16.000000 P99 : 16.000000 P100 : 16.000000 COUNT : 42 SUM : 648
rocksdb.bytes.per.read P50 : 0.000000 P95 : 0.000000 P99 : 0.000000 P100 : 0.000000 COUNT : 0 SUM : 0
rocksdb.bytes.per.write P50 : 8070.794770 P95 : 13249.061330 P99 : 16716.000000 P100 : 16716.000000 COUNT : 13398132 SUM : 107947814256
rocksdb.bytes.per.multiget P50 : 0.000000 P95 : 0.000000 P99 : 0.000000 P100 : 0.000000 COUNT : 0 SUM : 0
rocksdb.compression.times.nanos P50 : 0.000000 P95 : 0.000000 P99 : 0.000000 P100 : 0.000000 COUNT : 0 SUM : 0
rocksdb.decompression.times.nanos P50 : 0.000000 P95 : 0.000000 P99 : 0.000000 P100 : 0.000000 COUNT : 0 SUM : 0
rocksdb.read.num.merge_operands P50 : 0.000000 P95 : 0.000000 P99 : 0.000000 P100 : 0.000000 COUNT : 0 SUM : 0
rocksdb.blobdb.key.size P50 : 0.000000 P95 : 0.000000 P99 : 0.000000 P100 : 0.000000 COUNT : 0 SUM : 0
rocksdb.blobdb.value.size P50 : 0.000000 P95 : 0.000000 P99 : 0.000000 P100 : 0.000000 COUNT : 0 SUM : 0
rocksdb.blobdb.write.micros P50 : 0.000000 P95 : 0.000000 P99 : 0.000000 P100 : 0.000000 COUNT : 0 SUM : 0
rocksdb.blobdb.get.micros P50 : 0.000000 P95 : 0.000000 P99 : 0.000000 P100 : 0.000000 COUNT : 0 SUM : 0
rocksdb.blobdb.multiget.micros P50 : 0.000000 P95 : 0.000000 P99 : 0.000000 P100 : 0.000000 COUNT : 0 SUM : 0
rocksdb.blobdb.seek.micros P50 : 0.000000 P95 : 0.000000 P99 : 0.000000 P100 : 0.000000 COUNT : 0 SUM : 0
rocksdb.blobdb.next.micros P50 : 0.000000 P95 : 0.000000 P99 : 0.000000 P100 : 0.000000 COUNT : 0 SUM : 0
rocksdb.blobdb.prev.micros P50 : 0.000000 P95 : 0.000000 P99 : 0.000000 P100 : 0.000000 COUNT : 0 SUM : 0
rocksdb.blobdb.blob.file.write.micros P50 : 0.000000 P95 : 0.000000 P99 : 0.000000 P100 : 0.000000 COUNT : 0 SUM : 0
rocksdb.blobdb.blob.file.read.micros P50 : 0.000000 P95 : 0.000000 P99 : 0.000000 P100 : 0.000000 COUNT : 0 SUM : 0
rocksdb.blobdb.blob.file.sync.micros P50 : 0.000000 P95 : 0.000000 P99 : 0.000000 P100 : 0.000000 COUNT : 0 SUM : 0
rocksdb.blobdb.compression.micros P50 : 0.000000 P95 : 0.000000 P99 : 0.000000 P100 : 0.000000 COUNT : 0 SUM : 0
rocksdb.blobdb.decompression.micros P50 : 0.000000 P95 : 0.000000 P99 : 0.000000 P100 : 0.000000 COUNT : 0 SUM : 0
rocksdb.db.flush.micros P50 : 670742.971888 P95 : 5770203.045685 P99 : 6743833.333333 P100 : 9650543.000000 COUNT : 1667 SUM : 2401875678
rocksdb.sst.batch.size P50 : 0.000000 P95 : 0.000000 P99 : 0.000000 P100 : 0.000000 COUNT : 0 SUM : 0
rocksdb.multiget.io.batch.size P50 : 0.000000 P95 : 0.000000 P99 : 0.000000 P100 : 0.000000 COUNT : 0 SUM : 0
rocksdb.num.index.and.filter.blocks.read.per.level P50 : 0.000000 P95 : 0.000000 P99 : 0.000000 P100 : 0.000000 COUNT : 0 SUM : 0
rocksdb.num.sst.read.per.level P50 : 0.000000 P95 : 0.000000 P99 : 0.000000 P100 : 0.000000 COUNT : 0 SUM : 0
rocksdb.num.level.read.per.multiget P50 : 0.000000 P95 : 0.000000 P99 : 0.000000 P100 : 0.000000 COUNT : 0 SUM : 0
rocksdb.error.handler.autoresume.retry.count P50 : 0.000000 P95 : 0.000000 P99 : 0.000000 P100 : 0.000000 COUNT : 0 SUM : 0
rocksdb.async.read.bytes P50 : 0.000000 P95 : 0.000000 P99 : 0.000000 P100 : 0.000000 COUNT : 0 SUM : 0
rocksdb.poll.wait.micros P50 : 0.000000 P95 : 0.000000 P99 : 0.000000 P100 : 0.000000 COUNT : 0 SUM : 0
rocksdb.compaction.prefetch.bytes P50 : 0.000000 P95 : 0.000000 P99 : 0.000000 P100 : 0.000000 COUNT : 0 SUM : 0
rocksdb.prefetched.bytes.discarded P50 : 0.000000 P95 : 0.000000 P99 : 0.000000 P100 : 0.000000 COUNT : 0 SUM : 0
rocksdb.async.prefetch.abort.micros P50 : 0.000000 P95 : 0.000000 P99 : 0.000000 P100 : 0.000000 COUNT : 0 SUM : 0
rocksdb.table.open.prefetch.tail.read.bytes P50 : 0.000000 P95 : 0.000000 P99 : 0.000000 P100 : 0.000000 COUNT : 0 SUM : 0
rocksdb.num.op.per.transaction P50 : 0.000000 P95 : 0.000000 P99 : 0.000000 P100 : 0.000000 COUNT : 0 SUM : 0
rocksdb.multiscan.op.prepare.iterators.micros P50 : 0.000000 P95 : 0.000000 P99 : 0.000000 P100 : 0.000000 COUNT : 0 SUM : 0
rocksdb.multiscan.prepare.micros P50 : 0.000000 P95 : 0.000000 P99 : 0.000000 P100 : 0.000000 COUNT : 0 SUM : 0
rocksdb.multiscan.blocks.per.prepare P50 : 0.000000 P95 : 0.000000 P99 : 0.000000 P100 : 0.000000 COUNT : 0 SUM : 0
rocksdb.block.key.distribution.cv P50 : 0.000000 P95 : 0.000000 P99 : 0.000000 P100 : 0.000000 COUNT : 0 SUM : 0

