RocksDB:    version 11.2.0
Date:       Mon Aug 31 10:13:50 2026
CPU:        36 * Intel(R) Core(TM) i9-10980XE CPU @ 3.00GHz
CPUCache:   25344 KB
2026/08/31-10:14:21  ... thread 11: (205000,205000) ops and (6556.8,6556.8) ops/second in (31.265148,31.265148) seconds
2026/08/31-10:14:21  ... thread 1: (205000,205000) ops and (6556.7,6556.7) ops/second in (31.265583,31.265583) seconds
2026/08/31-10:14:21  ... thread 7: (204000,204000) ops and (6524.1,6524.1) ops/second in (31.268475,31.268475) seconds
2026/08/31-10:14:21  ... thread 12: (205000,205000) ops and (6555.6,6555.6) ops/second in (31.271087,31.271087) seconds
2026/08/31-10:14:21  ... thread 15: (205000,205000) ops and (6555.4,6555.4) ops/second in (31.271798,31.271798) seconds
2026/08/31-10:14:21  ... thread 5: (204000,204000) ops and (6521.9,6521.9) ops/second in (31.279241,31.279241) seconds
2026/08/31-10:14:21  ... thread 0: (205000,205000) ops and (6553.6,6553.6) ops/second in (31.280720,31.280720) seconds

** Compaction Stats [default] **
Level    Files   Size     Score Read(GB)  Rn(GB) Rnp1(GB) Write(GB) WPreComp(GB) Wnew(GB) Moved(GB) W-Amp Rd(MB/s) Wr(MB/s) Comp(sec) CompMergeCPU(sec) Comp(cnt) Avg(sec) KeyIn KeyDrop Rblob(GB) Wblob(GB)
-------------------------------------------------------------------------------------------------------------------------------------------------------------------------------------------------------------
  L0     13/8    804.68 MB   0.6      0.0     0.0      0.0       3.2       3.2      3.2       0.0   1.0      0.0     64.1     51.24              5.58        53    0.967   3266K      0       0.0       0.0
  L1     48/48     2.40 GB   0.0      7.2     2.4      4.8       7.2       7.2      2.4       0.0   3.0    569.5    567.2     13.02             27.93         5    2.605   7369K    28K       0.0       0.0
 Sum     61/56     3.18 GB   0.0      7.2     2.4      4.8      10.4      10.4      5.6       0.0   3.2    115.4    166.1     64.27             33.51        58    1.108     10M    28K       0.0       0.0
 Int      0/0      0.00 KB   0.0      6.8     1.9      4.8       9.0       9.0      4.1       0.0   4.0    117.0    155.3     59.15             30.23        41    1.443   9154K    27K       0.0       0.0

** Compaction Stats [default] **
Priority    Files   Size     Score Read(GB)  Rn(GB) Rnp1(GB) Write(GB) WPreComp(GB) Wnew(GB) Moved(GB) W-Amp Rd(MB/s) Wr(MB/s) Comp(sec) CompMergeCPU(sec) Comp(cnt) Avg(sec) KeyIn KeyDrop Rblob(GB) Wblob(GB)
----------------------------------------------------------------------------------------------------------------------------------------------------------------------------------------------------------------
 Low      0/0      0.00 KB   0.0      7.2     2.4      4.8       7.2       7.2      2.4       0.0   0.0    569.5    567.2     13.02             27.93         5    2.605   7369K    28K       0.0       0.0
High      0/0      0.00 KB   0.0      0.0     0.0      0.0       3.2       3.2      3.2       0.0   0.0      0.0     64.1     51.24              5.58        53    0.967   3266K      0       0.0       0.0

Blob file count: 0, total size: 0.0 GB, garbage size: 0.0 GB, space amp: 0.0

Uptime(secs): 31.3 total, 27.3 interval
Flush(GB): cumulative 3.210, interval 2.239
AddFile(GB): cumulative 0.000, interval 0.000
AddFile(Total Files): cumulative 0, interval 0
AddFile(L0 Files): cumulative 0, interval 0
AddFile(Keys): cumulative 0, interval 0
Cumulative compaction: 10.42 GB write, 341.14 MB/s write, 7.24 GB read, 237.04 MB/s read, 64.3 seconds
Interval compaction: 8.97 GB write, 336.61 MB/s write, 6.76 GB read, 253.62 MB/s read, 59.2 seconds
Estimated pending compaction bytes: 3415503908
Write Stall (count): cf-l0-file-count-limit-delays-with-ongoing-compaction: 0, cf-l0-file-count-limit-stops-with-ongoing-compaction: 0, l0-file-count-limit-delays: 0, l0-file-count-limit-stops: 0, memtable-limit-delays: 0, memtable-limit-stops: 27, pending-compaction-bytes-delays: 0, pending-compaction-bytes-stops: 0, total-delays: 0, total-stops: 27
interval: 18 total count
Block cache AutoHyperClockCache@0x6499b23c82d0#2259139 capacity: 512.00 MB seed: 1 usage: 64.00 KB table_size: 1024 occupancy: 1 collections: 1 last_copies: 1 last_secs: 5.9e-05 secs_since: 31
Block cache entry stats(count,size,portion): Misc(1,0.00 KB,0%)

** File Read Latency Histogram By Level [default] **
** Level 0 read latency histogram (micros):
Count: 707353 Average: 2.5589  StdDev: 215.53
Min: 0  Median: 1.5259  Max: 136948
Percentiles: P50: 1.53 P75: 1.88 P99: 3.02 P99.9: 3.91 P99.99: 3.99
------------------------------------------------------
[       0,       1 ]    94490  13.358%  13.358% ###
(       1,       2 ]   492868  69.678%  83.036% ##############
(       2,       3 ]   112789  15.945%  98.981% ###
(       3,       4 ]     7180   1.015%  99.996% 
(       4,       6 ]     2862   0.405% 100.401% 
(       6,      10 ]     1479   0.209% 100.610% 
(      10,      15 ]      245   0.035% 100.645% 
(      15,      22 ]       58   0.008% 100.653% 
(      22,      34 ]        9   0.001% 100.654% 
(      34,      51 ]        4   0.001% 100.655% 
(      51,      76 ]       14   0.002% 100.657% 
(      76,     110 ]       36   0.005% 100.662% 
(     170,     250 ]        1   0.000% 100.662% 
(     380,     580 ]        1   0.000% 100.662% 
(     580,     870 ]        1   0.000% 100.662% 
(    6600,    9900 ]        1   0.000% 100.662% 
(   22000,   33000 ]        1   0.000% 100.662% 
(   50000,   75000 ]        1   0.000% 100.663% 
(   75000,  110000 ]        1   0.000% 100.663% 
(  110000,  170000 ]        1   0.000% 100.663% 

** Level 1 read latency histogram (micros):
Count: 1668399 Average: 1.7641  StdDev: 1.35
Min: 0  Median: 1.2749  Max: 361
Percentiles: P50: 1.27 P75: 1.67 P99: 2.80 P99.9: 3.03 P99.99: 3.15
------------------------------------------------------
[       0,       1 ]   546141  32.734%  32.734% #######
(       1,       2 ]  1047770  62.801%  95.535% #############
(       2,       3 ]    72456   4.343%  99.878% #
(       3,       4 ]    12598   0.755% 100.633% 
(       4,       6 ]     3893   0.233% 100.867% 
(       6,      10 ]     2777   0.166% 101.033% 
(      10,      15 ]      472   0.028% 101.061% 
(      15,      22 ]      137   0.008% 101.070% 
(      22,      34 ]       31   0.002% 101.071% 
(      34,      51 ]       21   0.001% 101.073% 
(      51,      76 ]       33   0.002% 101.075% 
(      76,     110 ]       57   0.003% 101.078% 
(     110,     170 ]        3   0.000% 101.078% 
(     170,     250 ]        9   0.001% 101.079% 
(     250,     380 ]       10   0.001% 101.079% 


** DB Stats **
Uptime(secs): 31.3 total, 27.3 interval
Cumulative writes: 3275K writes, 3275K keys, 422K commit groups, 7.7 writes per commit group, ingest: 3.19 GB, 104.37 MB/s
Cumulative WAL: 3275K writes, 0 syncs, 3275249.00 writes per sync, written: 3.19 GB, 104.37 MB/s
Cumulative stall: 00:00:24.983 H:M:S, 79.8 percent
Interval writes: 2164K writes, 2164K keys, 277K commit groups, 7.8 writes per commit group, ingest: 2158.72 MB, 79.12 MB/s
Interval WAL: 2164K writes, 0 syncs, 2164989.00 writes per sync, written: 2.11 GB, 79.12 MB/s
Interval stall: 00:00:23.068 H:M:S, 84.6 percent
Write Stall (count): write-buffer-manager-limit-stops: 0
num-running-compactions: 1
num-running-flushes: 0

2026/08/31-10:14:21  ... thread 3: (204000,204000) ops and (6521.1,6521.1) ops/second in (31.283073,31.283073) seconds
2026/08/31-10:14:21  ... thread 14: (204000,204000) ops and (6520.0,6520.0) ops/second in (31.288491,31.288491) seconds
2026/08/31-10:14:21  ... thread 10: (205000,205000) ops and (6551.7,6551.7) ops/second in (31.289717,31.289717) seconds
2026/08/31-10:14:21  ... thread 4: (205000,205000) ops and (6551.5,6551.5) ops/second in (31.290315,31.290315) seconds
2026/08/31-10:14:21  ... thread 8: (205000,205000) ops and (6551.4,6551.4) ops/second in (31.290804,31.290804) seconds
2026/08/31-10:14:21  ... thread 6: (205000,205000) ops and (6551.3,6551.3) ops/second in (31.291566,31.291566) seconds
2026/08/31-10:14:21  ... thread 9: (205000,205000) ops and (6551.0,6551.0) ops/second in (31.292819,31.292819) seconds
2026/08/31-10:14:21  ... thread 13: (204000,204000) ops and (6519.0,6519.0) ops/second in (31.293052,31.293052) seconds
2026/08/31-10:14:21  ... thread 2: (206000,206000) ops and (6582.8,6582.8) ops/second in (31.293752,31.293752) seconds
2026/08/31-10:14:56  ... thread 12: (201000,406000) ops and (5807.7,6162.7) ops/second in (34.609434,65.880521) seconds
2026/08/31-10:14:56  ... thread 15: (201000,406000) ops and (5807.7,6162.6) ops/second in (34.609429,65.881227) seconds
2026/08/31-10:14:56  ... thread 0: (200000,405000) ops and (5778.1,6146.2) ops/second in (34.613693,65.894413) seconds

** Compaction Stats [default] **
Level    Files   Size     Score Read(GB)  Rn(GB) Rnp1(GB) Write(GB) WPreComp(GB) Wnew(GB) Moved(GB) W-Amp Rd(MB/s) Wr(MB/s) Comp(sec) CompMergeCPU(sec) Comp(cnt) Avg(sec) KeyIn KeyDrop Rblob(GB) Wblob(GB)
-------------------------------------------------------------------------------------------------------------------------------------------------------------------------------------------------------------
  L0     14/8      2.85 GB   0.8      2.4     0.0      2.4       8.7       8.7      6.4       0.0   1.4     19.9     73.5    121.76             16.83       111    1.097   8893K   4208       0.0       0.0
  L1     64/64     3.39 GB   0.0     13.5     3.5     10.1      13.5      13.5      3.4       0.0   3.9    434.2    432.3     31.91             51.28         7    4.559     13M    58K       0.0       0.0
 Sum     78/72     6.24 GB   0.0     15.9     3.5     12.5      22.2      22.2      9.8       0.0   3.5    106.0    148.0    153.67             68.10       118    1.302     22M    62K       0.0       0.0
 Int      0/0      0.00 KB   0.0      0.0     0.0      0.0       0.1       0.1      0.1       0.0   1.0      0.0     11.1     11.32              0.20         2    5.662    124K      0       0.0       0.0

** Compaction Stats [default] **
Priority    Files   Size     Score Read(GB)  Rn(GB) Rnp1(GB) Write(GB) WPreComp(GB) Wnew(GB) Moved(GB) W-Amp Rd(MB/s) Wr(MB/s) Comp(sec) CompMergeCPU(sec) Comp(cnt) Avg(sec) KeyIn KeyDrop Rblob(GB) Wblob(GB)
----------------------------------------------------------------------------------------------------------------------------------------------------------------------------------------------------------------
 Low      0/0      0.00 KB   0.0     15.9     3.5     12.5      15.8      15.8      3.4       0.0   0.0    353.9    352.5     46.01             57.26        13    3.539     16M    62K       0.0       0.0
High      0/0      0.00 KB   0.0      0.0     0.0      0.0       6.4       6.4      6.4       0.0   0.0      0.0     60.6    107.66             10.84       105    1.025   6480K      0       0.0       0.0

Blob file count: 0, total size: 0.0 GB, garbage size: 0.0 GB, space amp: 0.0

Uptime(secs): 65.9 total, 1.9 interval
Flush(GB): cumulative 6.369, interval 0.122
AddFile(GB): cumulative 0.000, interval 0.000
AddFile(Total Files): cumulative 0, interval 0
AddFile(L0 Files): cumulative 0, interval 0
AddFile(Keys): cumulative 0, interval 0
Cumulative compaction: 22.21 GB write, 345.08 MB/s write, 15.90 GB read, 247.10 MB/s read, 153.7 seconds
Interval compaction: 0.12 GB write, 66.43 MB/s write, 0.00 GB read, 0.00 MB/s read, 11.3 seconds
Estimated pending compaction bytes: 6705101615
Write Stall (count): cf-l0-file-count-limit-delays-with-ongoing-compaction: 0, cf-l0-file-count-limit-stops-with-ongoing-compaction: 0, l0-file-count-limit-delays: 0, l0-file-count-limit-stops: 0, memtable-limit-delays: 0, memtable-limit-stops: 56, pending-compaction-bytes-delays: 0, pending-compaction-bytes-stops: 0, total-delays: 0, total-stops: 56
interval: 0 total count
Block cache AutoHyperClockCache@0x6499b23c82d0#2259139 capacity: 512.00 MB seed: 1 usage: 64.00 KB table_size: 1024 occupancy: 1 collections: 1 last_copies: 2 last_secs: 5.9e-05 secs_since: 65
Block cache entry stats(count,size,portion): Misc(1,0.00 KB,0%)

** File Read Latency Histogram By Level [default] **
** Level 0 read latency histogram (micros):
Count: 1910564 Average: 2.0309  StdDev: 147.69
Min: 0  Median: 1.2413  Max: 136948
Percentiles: P50: 1.24 P75: 1.73 P99: 2.98 P99.9: 3.96 P99.99: 4.42
------------------------------------------------------
[       0,       1 ]   719843  37.677%  37.677% ########
(       1,       2 ]   975543  51.060%  88.737% ##########
(       2,       3 ]   200222  10.480%  99.217% ##
(       3,       4 ]    13548   0.709%  99.926% 
(       4,       6 ]     5797   0.303% 100.230% 
(       6,      10 ]     2860   0.150% 100.379% 
(      10,      15 ]      585   0.031% 100.410% 
(      15,      22 ]      183   0.010% 100.420% 
(      22,      34 ]       20   0.001% 100.421% 
(      34,      51 ]        7   0.000% 100.421% 
(      51,      76 ]       30   0.002% 100.423% 
(      76,     110 ]       73   0.004% 100.426% 
(     170,     250 ]        1   0.000% 100.426% 
(     250,     380 ]        1   0.000% 100.427% 
(     380,     580 ]        3   0.000% 100.427% 
(     580,     870 ]        2   0.000% 100.427% 
(     870,    1300 ]        1   0.000% 100.427% 
(    1300,    1900 ]        3   0.000% 100.427% 
(    1900,    2900 ]        1   0.000% 100.427% 
(    2900,    4400 ]        1   0.000% 100.427% 
(    6600,    9900 ]        1   0.000% 100.427% 
(   22000,   33000 ]        2   0.000% 100.427% 
(   33000,   50000 ]        1   0.000% 100.427% 
(   50000,   75000 ]        1   0.000% 100.427% 
(   75000,  110000 ]        2   0.000% 100.427% 
(  110000,  170000 ]        1   0.000% 100.428% 

** Level 1 read latency histogram (micros):
Count: 3060651 Average: 1.7061  StdDev: 1.45
Min: 0  Median: 1.2055  Max: 563
Percentiles: P50: 1.21 P75: 1.64 P99: 2.78 P99.9: 2.99 P99.99: 3.06
------------------------------------------------------
[       0,       1 ]  1168661  38.183%  38.183% ########
(       1,       2 ]  1759740  57.496%  95.679% ###########
(       2,       3 ]   130718   4.271%  99.950% #
(       3,       4 ]    19804   0.647% 100.597% 
(       4,       6 ]     7390   0.241% 100.838% 
(       6,      10 ]     4633   0.151% 100.990% 
(      10,      15 ]      836   0.027% 101.017% 
(      15,      22 ]      265   0.009% 101.026% 
(      22,      34 ]       52   0.002% 101.027% 
(      34,      51 ]       31   0.001% 101.029% 
(      51,      76 ]       51   0.002% 101.030% 
(      76,     110 ]      114   0.004% 101.034% 
(     110,     170 ]       12   0.000% 101.034% 
(     170,     250 ]       14   0.000% 101.035% 
(     250,     380 ]       20   0.001% 101.035% 
(     380,     580 ]        4   0.000% 101.036% 


** DB Stats **
Uptime(secs): 65.9 total, 1.9 interval
Cumulative writes: 6483K writes, 6483K keys, 831K commit groups, 7.8 writes per commit group, ingest: 6.31 GB, 98.09 MB/s
Cumulative WAL: 6483K writes, 0 syncs, 6483194.00 writes per sync, written: 6.31 GB, 98.09 MB/s
Cumulative stall: 00:00:54.193 H:M:S, 82.2 percent
Interval writes: 2403 writes, 2403 keys, 305 commit groups, 7.9 writes per commit group, ingest: 2.40 MB, 1.27 MB/s
Interval WAL: 2403 writes, 0 syncs, 2403.00 writes per sync, written: 0.00 GB, 1.27 MB/s
Interval stall: 00:00:5.819 H:M:S, 308.5 percent
Write Stall (count): write-buffer-manager-limit-stops: 0
num-running-compactions: 1
num-running-flushes: 1

2026/08/31-10:14:56  ... thread 14: (200000,404000) ops and (5778.8,6130.7) ops/second in (34.609453,65.897944) seconds
2026/08/31-10:14:56  ... thread 3: (200000,404000) ops and (5777.1,6130.3) ops/second in (34.619403,65.902476) seconds
2026/08/31-10:14:56  ... thread 2: (200000,406000) ops and (5778.9,6160.6) ops/second in (34.608761,65.902513) seconds
2026/08/31-10:14:56  ... thread 1: (201000,406000) ops and (5802.3,6160.2) ops/second in (34.641221,65.906804) seconds
2026/08/31-10:14:56  ... thread 9: (201000,406000) ops and (5804.2,6158.7) ops/second in (34.630329,65.923148) seconds
2026/08/31-10:14:56  ... thread 10: (201000,406000) ops and (5803.3,6158.5) ops/second in (34.635490,65.925207) seconds
2026/08/31-10:14:56  ... thread 6: (201000,406000) ops and (5803.4,6158.4) ops/second in (34.635116,65.926682) seconds
2026/08/31-10:14:56  ... thread 11: (202000,407000) ops and (5826.6,6172.9) ops/second in (34.668410,65.933558) seconds
2026/08/31-10:14:56  ... thread 5: (201000,405000) ops and (5800.0,6142.5) ops/second in (34.655076,65.934317) seconds
2026/08/31-10:14:56  ... thread 8: (201000,406000) ops and (5801.1,6157.2) ops/second in (34.648536,65.939340) seconds
2026/08/31-10:14:56  ... thread 4: (201000,406000) ops and (5800.7,6157.0) ops/second in (34.650765,65.941080) seconds
2026/08/31-10:14:56  ... thread 13: (201000,405000) ops and (5801.1,6141.8) ops/second in (34.648378,65.941430) seconds
2026/08/31-10:14:56  ... thread 7: (202000,406000) ops and (5825.8,6157.0) ops/second in (34.673106,65.941581) seconds
2026/08/31-10:15:27  ... thread 6: (138000,544000) ops and (4392.1,5588.3) ops/second in (31.420208,97.346890) seconds
2026/08/31-10:15:27  ... thread 11: (138000,545000) ops and (4392.9,5598.5) ops/second in (31.414385,97.347943) seconds
2026/08/31-10:15:27  ... thread 15: (138000,544000) ops and (4385.3,5588.1) ops/second in (31.468685,97.349912) seconds
2026/08/31-10:15:27  ... thread 3: (139000,543000) ops and (4419.9,5577.7) ops/second in (31.448928,97.351404) seconds
2026/08/31-10:15:27  ... thread 9: (139000,545000) ops and (4422.8,5598.3) ops/second in (31.428239,97.351387) seconds
2026/08/31-10:15:27  ... thread 14: (139000,543000) ops and (4419.0,5577.6) ops/second in (31.455327,97.353271) seconds
2026/08/31-10:15:27  ... thread 5: (138000,543000) ops and (4392.1,5577.5) ops/second in (31.420360,97.354677) seconds
2026/08/31-10:15:27  ... thread 12: (139000,545000) ops and (4415.3,5597.7) ops/second in (31.481638,97.362159) seconds
2026/08/31-10:15:27  ... thread 10: (139000,545000) ops and (4421.3,5597.5) ops/second in (31.438913,97.364120) seconds
2026/08/31-10:15:27  ... thread 0: (139000,544000) ops and (4416.7,5587.2) ops/second in (31.471700,97.366113) seconds

** Compaction Stats [default] **
Level    Files   Size     Score Read(GB)  Rn(GB) Rnp1(GB) Write(GB) WPreComp(GB) Wnew(GB) Moved(GB) W-Amp Rd(MB/s) Wr(MB/s) Comp(sec) CompMergeCPU(sec) Comp(cnt) Avg(sec) KeyIn KeyDrop Rblob(GB) Wblob(GB)
-------------------------------------------------------------------------------------------------------------------------------------------------------------------------------------------------------------
  L0      7/0    867.97 MB   0.9      4.3     0.0      4.3      12.9      12.9      8.5       0.0   1.5     23.6     70.5    186.76             25.54       151    1.237     13M   8316       0.0       0.0
  L1     38/0      3.64 GB   0.9     25.0     7.7     17.3      24.8      24.8      7.5       0.0   3.2    438.2    433.9     58.42             86.84         9    6.491     25M   246K       0.0       0.0
  L2     48/0      3.81 GB   0.1      0.0     0.0      0.0       0.0       0.0      0.0       3.8   0.0      0.0      0.0      0.00              0.00         0    0.000       0      0       0.0       0.0
 Sum     93/0      8.30 GB   0.0     29.3     7.7     21.6      37.6      37.6     16.0       3.8   4.4    122.4    157.1    245.18            112.37       160    1.532     38M   254K       0.0       0.0
 Int      0/0      0.00 KB   0.0     13.4     4.2      9.2      15.5      15.5      6.4       3.8   6.7    133.5    154.6    102.83             44.47        44    2.337     15M   192K       0.0       0.0

** Compaction Stats [default] **
Priority    Files   Size     Score Read(GB)  Rn(GB) Rnp1(GB) Write(GB) WPreComp(GB) Wnew(GB) Moved(GB) W-Amp Rd(MB/s) Wr(MB/s) Comp(sec) CompMergeCPU(sec) Comp(cnt) Avg(sec) KeyIn KeyDrop Rblob(GB) Wblob(GB)
----------------------------------------------------------------------------------------------------------------------------------------------------------------------------------------------------------------
 Low      0/0      0.00 KB   0.0     29.3     7.7     21.6      29.1      29.1      7.4       0.0   0.0    335.9    333.0     89.35             97.77        19    4.703     29M   254K       0.0       0.0
High      0/0      0.00 KB   0.0      0.0     0.0      0.0       8.6       8.6      8.6       0.0   0.0      0.0     56.2    155.83             14.60       141    1.105   8705K      0       0.0       0.0

Blob file count: 0, total size: 0.0 GB, garbage size: 0.0 GB, space amp: 0.0

Uptime(secs): 97.4 total, 33.4 interval
Flush(GB): cumulative 8.554, interval 2.308
AddFile(GB): cumulative 0.000, interval 0.000
AddFile(Total Files): cumulative 0, interval 0
AddFile(L0 Files): cumulative 0, interval 0
AddFile(Keys): cumulative 0, interval 0
Cumulative compaction: 37.61 GB write, 395.48 MB/s write, 29.31 GB read, 308.19 MB/s read, 245.2 seconds
Interval compaction: 15.52 GB write, 476.44 MB/s write, 13.40 GB read, 411.45 MB/s read, 102.8 seconds
Estimated pending compaction bytes: 0
Write Stall (count): cf-l0-file-count-limit-delays-with-ongoing-compaction: 1, cf-l0-file-count-limit-stops-with-ongoing-compaction: 0, l0-file-count-limit-delays: 1, l0-file-count-limit-stops: 0, memtable-limit-delays: 0, memtable-limit-stops: 78, pending-compaction-bytes-delays: 0, pending-compaction-bytes-stops: 0, total-delays: 1, total-stops: 78
interval: 23 total count
Block cache AutoHyperClockCache@0x6499b23c82d0#2259139 capacity: 512.00 MB seed: 1 usage: 64.00 KB table_size: 1024 occupancy: 1 collections: 1 last_copies: 2 last_secs: 5.9e-05 secs_since: 97
Block cache entry stats(count,size,portion): Misc(1,0.00 KB,0%)

** File Read Latency Histogram By Level [default] **
** Level 0 read latency histogram (micros):
Count: 3026286 Average: 1.9658  StdDev: 153.53
Min: 0  Median: 1.1405  Max: 136948
Percentiles: P50: 1.14 P75: 1.67 P99: 2.97 P99.9: 3.96 P99.99: 4.47
------------------------------------------------------
[       0,       1 ]  1312088  43.356%  43.356% #########
(       1,       2 ]  1430632  47.274%  90.630% #########
(       2,       3 ]   261880   8.654%  99.283% ##
(       3,       4 ]    19535   0.646%  99.929% 
(       4,       6 ]     7843   0.259% 100.188% 
(       6,      10 ]     4075   0.135% 100.323% 
(      10,      15 ]      907   0.030% 100.353% 
(      15,      22 ]      339   0.011% 100.364% 
(      22,      34 ]       30   0.001% 100.365% 
(      34,      51 ]        8   0.000% 100.365% 
(      51,      76 ]       50   0.002% 100.367% 
(      76,     110 ]       92   0.003% 100.370% 
(     110,     170 ]        2   0.000% 100.370% 
(     170,     250 ]        1   0.000% 100.370% 
(     250,     380 ]        1   0.000% 100.370% 
(     380,     580 ]        3   0.000% 100.370% 
(     580,     870 ]        2   0.000% 100.370% 
(     870,    1300 ]        2   0.000% 100.370% 
(    1300,    1900 ]        4   0.000% 100.370% 
(    1900,    2900 ]        2   0.000% 100.370% 
(    2900,    4400 ]        5   0.000% 100.371% 
(    6600,    9900 ]        1   0.000% 100.371% 
(   22000,   33000 ]        2   0.000% 100.371% 
(   33000,   50000 ]        2   0.000% 100.371% 
(   50000,   75000 ]        2   0.000% 100.371% 
(   75000,  110000 ]        3   0.000% 100.371% 
(  110000,  170000 ]        2   0.000% 100.371% 

** Level 1 read latency histogram (micros):
Count: 4250720 Average: 1.6313  StdDev: 2.04
Min: 0  Median: 1.0995  Max: 3010
Percentiles: P50: 1.10 P75: 1.59 P99: 2.74 P99.9: 2.98 P99.99: 3.00
------------------------------------------------------
[       0,       1 ]  1908445  44.897%  44.897% #########
(       1,       2 ]  2179957  51.284%  96.181% ##########
(       2,       3 ]   162078   3.813%  99.994% #
(       3,       4 ]    23711   0.558% 100.552% 
(       4,       6 ]     8658   0.204% 100.756% 
(       6,      10 ]     5885   0.138% 100.894% 
(      10,      15 ]     1099   0.026% 100.920% 
(      15,      22 ]      401   0.009% 100.930% 
(      22,      34 ]       61   0.001% 100.931% 
(      34,      51 ]       38   0.001% 100.932% 
(      51,      76 ]      113   0.003% 100.935% 
(      76,     110 ]      159   0.004% 100.938% 
(     110,     170 ]       37   0.001% 100.939% 
(     170,     250 ]       31   0.001% 100.940% 
(     250,     380 ]       20   0.000% 100.940% 
(     380,     580 ]        4   0.000% 100.940% 
(    2900,    4400 ]        1   0.000% 100.940% 


** DB Stats **
Uptime(secs): 97.4 total, 31.5 interval
Cumulative writes: 8714K writes, 8714K keys, 1116K commit groups, 7.8 writes per commit group, ingest: 8.49 GB, 89.23 MB/s
Cumulative WAL: 8714K writes, 0 syncs, 8714236.00 writes per sync, written: 8.49 GB, 89.23 MB/s
Cumulative stall: 00:01:20.772 H:M:S, 82.9 percent
Interval writes: 2231K writes, 2231K keys, 285K commit groups, 7.8 writes per commit group, ingest: 2224.58 MB, 70.68 MB/s
Interval WAL: 2231K writes, 0 syncs, 2231042.00 writes per sync, written: 2.17 GB, 70.68 MB/s
Interval stall: 00:00:26.579 H:M:S, 84.5 percent
Write Stall (count): write-buffer-manager-limit-stops: 0
num-running-compactions: 1
num-running-flushes: 0

2026/08/31-10:15:27  ... thread 4: (139000,545000) ops and (4423.1,5597.4) ops/second in (31.425844,97.366924) seconds
2026/08/31-10:15:27  ... thread 13: (139000,544000) ops and (4423.0,5587.0) ops/second in (31.426694,97.368124) seconds
2026/08/31-10:15:27  ... thread 7: (139000,545000) ops and (4422.8,5597.2) ops/second in (31.427774,97.369355) seconds
2026/08/31-10:15:27  ... thread 2: (140000,546000) ops and (4448.4,5607.2) ops/second in (31.471915,97.374428) seconds
2026/08/31-10:15:27  ... thread 8: (139000,545000) ops and (4421.7,5596.9) ops/second in (31.435870,97.375210) seconds
2026/08/31-10:15:27  ... thread 1: (140000,546000) ops and (4448.9,5607.2) ops/second in (31.468648,97.375452) seconds
2026/08/31-10:15:59  ... thread 2: (119000,665000) ops and (3782.7,5161.7) ops/second in (31.459113,128.833541) seconds
2026/08/31-10:15:59  ... thread 15: (120000,664000) ops and (3810.9,5153.7) ops/second in (31.488921,128.838833) seconds
2026/08/31-10:15:59  ... thread 5: (120000,663000) ops and (3811.3,5145.9) ops/second in (31.484926,128.839603) seconds
2026/08/31-10:15:59  ... thread 12: (120000,665000) ops and (3812.0,5161.4) ops/second in (31.479676,128.841835) seconds
2026/08/31-10:15:59  ... thread 3: (120000,663000) ops and (3810.3,5145.7) ops/second in (31.493835,128.845239) seconds
2026/08/31-10:15:59  ... thread 6: (120000,664000) ops and (3809.6,5153.4) ops/second in (31.499661,128.846551) seconds
2026/08/31-10:15:59  ... thread 4: (120000,665000) ops and (3811.8,5161.1) ops/second in (31.481233,128.848157) seconds
2026/08/31-10:15:59  ... thread 14: (120000,663000) ops and (3810.0,5145.6) ops/second in (31.495848,128.849119) seconds
2026/08/31-10:15:59  ... thread 11: (120000,665000) ops and (3808.7,5160.8) ops/second in (31.507007,128.854950) seconds
2026/08/31-10:15:59  ... thread 10: (120000,665000) ops and (3810.5,5160.8) ops/second in (31.491700,128.855820) seconds
2026/08/31-10:15:59  ... thread 9: (120000,665000) ops and (3808.8,5160.7) ops/second in (31.506264,128.857651) seconds
2026/08/31-10:15:59  ... thread 13: (120000,664000) ops and (3810.6,5152.9) ops/second in (31.490958,128.859082) seconds
2026/08/31-10:15:59  ... thread 0: (120000,664000) ops and (3810.3,5152.9) ops/second in (31.493391,128.859504) seconds
2026/08/31-10:15:59  ... thread 7: (120000,665000) ops and (3810.7,5160.7) ops/second in (31.490256,128.859611) seconds

** Compaction Stats [default] **
Level    Files   Size     Score Read(GB)  Rn(GB) Rnp1(GB) Write(GB) WPreComp(GB) Wnew(GB) Moved(GB) W-Amp Rd(MB/s) Wr(MB/s) Comp(sec) CompMergeCPU(sec) Comp(cnt) Avg(sec) KeyIn KeyDrop Rblob(GB) Wblob(GB)
-------------------------------------------------------------------------------------------------------------------------------------------------------------------------------------------------------------
  L0     14/8    871.85 MB   0.8      4.8     0.0      4.8      15.2      15.2     10.4       0.0   1.5     21.5     68.4    227.94             30.02       183    1.246     15M   9364       0.0       0.0
  L1     57/0      3.85 GB   1.0     34.2     9.6     24.7      33.9      33.9      9.3       0.0   3.5    423.0    419.1     82.86            118.36        11    7.533     34M   321K       0.0       0.0
  L2     65/0      5.41 GB   0.1      0.0     0.0      0.0       0.0       0.0      0.0       5.4   0.0      0.0      0.0      0.00              0.00         0    0.000       0      0       0.0       0.0
 Sum    136/8     10.11 GB   0.0     39.0     9.6     29.4      49.1      49.1     19.7       5.4   4.7    128.6    161.9    310.80            148.37       194    1.602     50M   331K       0.0       0.0
 Int      0/0      0.00 KB   0.0      4.6     0.9      3.7       5.1       5.1      1.4       0.7  10.4    208.7    229.0     22.69             16.07         9    2.521   5200K    36K       0.0       0.0

** Compaction Stats [default] **
Priority    Files   Size     Score Read(GB)  Rn(GB) Rnp1(GB) Write(GB) WPreComp(GB) Wnew(GB) Moved(GB) W-Amp Rd(MB/s) Wr(MB/s) Comp(sec) CompMergeCPU(sec) Comp(cnt) Avg(sec) KeyIn KeyDrop Rblob(GB) Wblob(GB)
----------------------------------------------------------------------------------------------------------------------------------------------------------------------------------------------------------------
 Low      0/0      0.00 KB   0.0     39.0     9.6     29.4      38.7      38.7      9.2       0.0   0.0    345.0    342.1    115.84            130.49        22    5.266     39M   331K       0.0       0.0
High      0/0      0.00 KB   0.0      0.0     0.0      0.0      10.4      10.4     10.4       0.0   0.0      0.0     54.8    194.96             17.89       172    1.134     10M      0       0.0       0.0

Blob file count: 0, total size: 0.0 GB, garbage size: 0.0 GB, space amp: 0.0

Uptime(secs): 128.9 total, 4.8 interval
Flush(GB): cumulative 10.439, interval 0.487
AddFile(GB): cumulative 0.000, interval 0.000
AddFile(Total Files): cumulative 0, interval 0
AddFile(L0 Files): cumulative 0, interval 0
AddFile(Keys): cumulative 0, interval 0
Cumulative compaction: 49.14 GB write, 390.44 MB/s write, 39.03 GB read, 310.11 MB/s read, 310.8 seconds
Interval compaction: 5.07 GB write, 1073.07 MB/s write, 4.62 GB read, 977.86 MB/s read, 22.7 seconds
Estimated pending compaction bytes: 6668734546
Write Stall (count): cf-l0-file-count-limit-delays-with-ongoing-compaction: 2, cf-l0-file-count-limit-stops-with-ongoing-compaction: 0, l0-file-count-limit-delays: 2, l0-file-count-limit-stops: 0, memtable-limit-delays: 0, memtable-limit-stops: 97, pending-compaction-bytes-delays: 0, pending-compaction-bytes-stops: 0, total-delays: 2, total-stops: 97
interval: 5 total count
Block cache AutoHyperClockCache@0x6499b23c82d0#2259139 capacity: 512.00 MB seed: 1 usage: 64.00 KB table_size: 1024 occupancy: 1 collections: 1 last_copies: 3 last_secs: 5.9e-05 secs_since: 128
Block cache entry stats(count,size,portion): Misc(1,0.00 KB,0%)

** File Read Latency Histogram By Level [default] **
** Level 0 read latency histogram (micros):
Count: 3747857 Average: 2.0383  StdDev: 169.55
Min: 0  Median: 1.1269  Max: 141201
Percentiles: P50: 1.13 P75: 1.67 P99: 2.98 P99.9: 4.20 P99.99: 4.83
------------------------------------------------------
[       0,       1 ]  1653791  44.126%  44.126% #########
(       1,       2 ]  1734944  46.292%  90.418% #########
(       2,       3 ]   327119   8.728%  99.146% ##
(       3,       4 ]    27172   0.725%  99.871% 
(       4,       6 ]    10763   0.287% 100.158% 
(       6,      10 ]     5048   0.135% 100.293% 
(      10,      15 ]     1160   0.031% 100.324% 
(      15,      22 ]      441   0.012% 100.336% 
(      22,      34 ]       41   0.001% 100.337% 
(      34,      51 ]        8   0.000% 100.337% 
(      51,      76 ]       62   0.002% 100.339% 
(      76,     110 ]      111   0.003% 100.342% 
(     110,     170 ]        8   0.000% 100.342% 
(     170,     250 ]        1   0.000% 100.342% 
(     250,     380 ]        1   0.000% 100.342% 
(     380,     580 ]        3   0.000% 100.342% 
(     580,     870 ]        3   0.000% 100.342% 
(     870,    1300 ]        3   0.000% 100.342% 
(    1300,    1900 ]        4   0.000% 100.342% 
(    1900,    2900 ]        5   0.000% 100.342% 
(    2900,    4400 ]        5   0.000% 100.342% 
(    6600,    9900 ]        1   0.000% 100.343% 
(   22000,   33000 ]        2   0.000% 100.343% 
(   33000,   50000 ]        6   0.000% 100.343% 
(   50000,   75000 ]        5   0.000% 100.343% 
(   75000,  110000 ]        3   0.000% 100.343% 
(  110000,  170000 ]        3   0.000% 100.343% 

** Level 1 read latency histogram (micros):
Count: 6055411 Average: 1.6194  StdDev: 1.83
Min: 0  Median: 1.0713  Max: 3010
Percentiles: P50: 1.07 P75: 1.58 P99: 2.77 P99.9: 2.98 P99.99: 3.02
------------------------------------------------------
[       0,       1 ]  2815009  46.487%  46.487% #########
(       1,       2 ]  2984939  49.294%  95.781% ##########
(       2,       3 ]   254251   4.199%  99.980% #
(       3,       4 ]    37326   0.616% 100.596% 
(       4,       6 ]    12847   0.212% 100.809% 
(       6,      10 ]     8238   0.136% 100.945% 
(      10,      15 ]     1629   0.027% 100.971% 
(      15,      22 ]      607   0.010% 100.982% 
(      22,      34 ]       88   0.001% 100.983% 
(      34,      51 ]       70   0.001% 100.984% 
(      51,      76 ]      143   0.002% 100.986% 
(      76,     110 ]      177   0.003% 100.989% 
(     110,     170 ]       67   0.001% 100.991% 
(     170,     250 ]       45   0.001% 100.991% 
(     250,     380 ]       20   0.000% 100.992% 
(     380,     580 ]        4   0.000% 100.992% 
(    2900,    4400 ]        1   0.000% 100.992% 


** DB Stats **
Uptime(secs): 128.9 total, 4.8 interval
Cumulative writes: 10M writes, 10M keys, 1362K commit groups, 7.8 writes per commit group, ingest: 10.36 GB, 82.29 MB/s
Cumulative WAL: 10M writes, 0 syncs, 10635803.00 writes per sync, written: 10.36 GB, 82.29 MB/s
Cumulative stall: 00:01:48.065 H:M:S, 83.9 percent
Interval writes: 385K writes, 385K keys, 48K commit groups, 7.9 writes per commit group, ingest: 384.32 MB, 79.37 MB/s
Interval WAL: 385K writes, 0 syncs, 385438.00 writes per sync, written: 0.38 GB, 79.37 MB/s
Interval stall: 00:00:4.915 H:M:S, 101.5 percent
Write Stall (count): write-buffer-manager-limit-stops: 0
num-running-compactions: 1
num-running-flushes: 1

2026/08/31-10:15:59  ... thread 1: (120000,666000) ops and (3811.3,5168.4) ops/second in (31.485004,128.860456) seconds
2026/08/31-10:15:59  ... thread 8: (120000,665000) ops and (3810.9,5160.5) ops/second in (31.488363,128.863573) seconds
2026/08/31-10:16:29  ... thread 12: (93000,758000) ops and (3099.8,4772.0) ops/second in (30.002250,158.844085) seconds
2026/08/31-10:16:29  ... thread 3: (93000,756000) ops and (3098.5,4758.9) ops/second in (30.014664,158.859903) seconds
2026/08/31-10:16:29  ... thread 10: (92000,757000) ops and (3066.0,4765.1) ops/second in (30.006673,158.862493) seconds
2026/08/31-10:16:29  ... thread 15: (93000,757000) ops and (3097.4,4765.1) ops/second in (30.024710,158.863543) seconds
2026/08/31-10:16:29  ... thread 6: (93000,757000) ops and (3098.3,4765.1) ops/second in (30.016584,158.863135) seconds
2026/08/31-10:16:29  ... thread 4: (93000,758000) ops and (3098.1,4771.3) ops/second in (30.018441,158.866598) seconds
2026/08/31-10:16:29  ... thread 5: (93000,756000) ops and (3097.2,4758.7) ops/second in (30.027188,158.866791) seconds
2026/08/31-10:16:29  ... thread 2: (93000,758000) ops and (3096.5,4771.3) ops/second in (30.033938,158.867479) seconds
2026/08/31-10:16:29  ... thread 13: (93000,757000) ops and (3099.1,4765.0) ops/second in (30.008530,158.867612) seconds
2026/08/31-10:16:29  ... thread 14: (93000,756000) ops and (3098.1,4758.7) ops/second in (30.018536,158.867655) seconds
2026/08/31-10:16:29  ... thread 11: (93000,758000) ops and (3098.5,4771.2) ops/second in (30.014667,158.869617) seconds
2026/08/31-10:16:29  ... thread 8: (92000,757000) ops and (3065.9,4764.9) ops/second in (30.007354,158.870927) seconds
2026/08/31-10:16:29  ... thread 7: (92000,757000) ops and (3065.4,4764.8) ops/second in (30.012746,158.872357) seconds
2026/08/31-10:16:29  ... thread 9: (93000,758000) ops and (3097.9,4771.0) ops/second in (30.020433,158.878084) seconds
2026/08/31-10:16:29  ... thread 0: (93000,757000) ops and (3097.7,4764.5) ops/second in (30.022433,158.881937) seconds

** Compaction Stats [default] **
Level    Files   Size     Score Read(GB)  Rn(GB) Rnp1(GB) Write(GB) WPreComp(GB) Wnew(GB) Moved(GB) W-Amp Rd(MB/s) Wr(MB/s) Comp(sec) CompMergeCPU(sec) Comp(cnt) Avg(sec) KeyIn KeyDrop Rblob(GB) Wblob(GB)
-------------------------------------------------------------------------------------------------------------------------------------------------------------------------------------------------------------
  L0     14/9      1.27 GB   0.6      5.8     0.0      5.8      17.6      17.6     11.8       0.0   1.5     20.9     63.8    282.14             34.89       208    1.356     17M    11K       0.0       0.0
  L1     65/65     3.93 GB   0.0     39.1    10.5     28.5      38.7      38.7     10.2       0.0   3.7    416.3    412.4     96.07            133.95        12    8.006     39M   363K       0.0       0.0
  L2     73/0      6.26 GB   0.2      0.0     0.0      0.0       0.0       0.0      0.0       6.3   0.0      0.0      0.0      0.00              0.00         0    0.000       0      0       0.0       0.0
 Sum    152/74    11.46 GB   0.0     44.8    10.5     34.3      56.3      56.3     22.0       6.3   4.8    121.3    152.4    378.21            168.84       220    1.719     57M   374K       0.0       0.0
 Int      0/0      0.00 KB   0.0     10.4     1.9      8.5      12.2      12.2      3.7       1.6   6.5    118.4    138.8     90.10             36.53        35    2.574     12M    79K       0.0       0.0

** Compaction Stats [default] **
Priority    Files   Size     Score Read(GB)  Rn(GB) Rnp1(GB) Write(GB) WPreComp(GB) Wnew(GB) Moved(GB) W-Amp Rd(MB/s) Wr(MB/s) Comp(sec) CompMergeCPU(sec) Comp(cnt) Avg(sec) KeyIn KeyDrop Rblob(GB) Wblob(GB)
----------------------------------------------------------------------------------------------------------------------------------------------------------------------------------------------------------------
 Low      0/0      0.00 KB   0.0     44.8    10.5     34.3      44.4      44.4     10.2       0.0   0.0    335.7    332.9    136.71            148.53        25    5.468     45M   374K       0.0       0.0
High      0/0      0.00 KB   0.0      0.0     0.0      0.0      11.8      11.8     11.8       0.0   0.0      0.0     50.2    241.50             20.31       195    1.238     12M      0       0.0       0.0

Blob file count: 0, total size: 0.0 GB, garbage size: 0.0 GB, space amp: 0.0

Uptime(secs): 158.9 total, 34.9 interval
Flush(GB): cumulative 11.831, interval 1.879
AddFile(GB): cumulative 0.000, interval 0.000
AddFile(Total Files): cumulative 0, interval 0
AddFile(L0 Files): cumulative 0, interval 0
AddFile(Keys): cumulative 0, interval 0
Cumulative compaction: 56.28 GB write, 362.70 MB/s write, 44.82 GB read, 288.85 MB/s read, 378.2 seconds
Interval compaction: 12.22 GB write, 358.81 MB/s write, 10.42 GB read, 305.96 MB/s read, 90.1 seconds
Estimated pending compaction bytes: 8430072011
Write Stall (count): cf-l0-file-count-limit-delays-with-ongoing-compaction: 2, cf-l0-file-count-limit-stops-with-ongoing-compaction: 0, l0-file-count-limit-delays: 2, l0-file-count-limit-stops: 0, memtable-limit-delays: 0, memtable-limit-stops: 111, pending-compaction-bytes-delays: 0, pending-compaction-bytes-stops: 0, total-delays: 2, total-stops: 111
interval: 19 total count
Block cache AutoHyperClockCache@0x6499b23c82d0#2259139 capacity: 512.00 MB seed: 1 usage: 64.00 KB table_size: 1024 occupancy: 1 collections: 1 last_copies: 3 last_secs: 5.9e-05 secs_since: 158
Block cache entry stats(count,size,portion): Misc(1,0.00 KB,0%)

** File Read Latency Histogram By Level [default] **
** Level 0 read latency histogram (micros):
Count: 4361076 Average: 3.2945  StdDev: 1844.57
Min: 0  Median: 1.1268  Max: 2712750
Percentiles: P50: 1.13 P75: 1.67 P99: 3.04 P99.9: 4.56 P99.99: 5.10
------------------------------------------------------
[       0,       1 ]  1927024  44.187%  44.187% #########
(       1,       2 ]  1999009  45.838%  90.024% #########
(       2,       3 ]   390023   8.943%  98.968% ##
(       3,       4 ]    36581   0.839%  99.806% 
(       4,       6 ]    14505   0.333% 100.139% 
(       6,      10 ]     5919   0.136% 100.275% 
(      10,      15 ]     1409   0.032% 100.307% 
(      15,      22 ]      556   0.013% 100.320% 
(      22,      34 ]       56   0.001% 100.321% 
(      34,      51 ]       11   0.000% 100.321% 
(      51,      76 ]       75   0.002% 100.323% 
(      76,     110 ]      125   0.003% 100.326% 
(     110,     170 ]        9   0.000% 100.326% 
(     170,     250 ]        1   0.000% 100.326% 
(     250,     380 ]        1   0.000% 100.326% 
(     380,     580 ]        3   0.000% 100.326% 
(     580,     870 ]        3   0.000% 100.326% 
(     870,    1300 ]        3   0.000% 100.326% 
(    1300,    1900 ]        5   0.000% 100.327% 
(    1900,    2900 ]        6   0.000% 100.327% 
(    2900,    4400 ]        6   0.000% 100.327% 
(    6600,    9900 ]        1   0.000% 100.327% 
(   22000,   33000 ]        3   0.000% 100.327% 
(   33000,   50000 ]        8   0.000% 100.327% 
(   50000,   75000 ]        7   0.000% 100.327% 
(   75000,  110000 ]        3   0.000% 100.327% 
(  110000,  170000 ]        3   0.000% 100.327% 
( 1900000, 2900000 ]        2   0.000% 100.327% 

** Level 1 read latency histogram (micros):
Count: 7977890 Average: 1.8572  StdDev: 196.20
Min: 0  Median: 1.0175  Max: 147837
Percentiles: P50: 1.02 P75: 1.55 P99: 2.79 P99.9: 3.01 P99.99: 3.15
------------------------------------------------------
[       0,       1 ]  3924115  49.187%  49.187% ##########
(       1,       2 ]  3711183  46.518%  95.706% #########
(       2,       3 ]   333949   4.186%  99.892% #
(       3,       4 ]    51574   0.646% 100.538% 
(       4,       6 ]    17249   0.216% 100.754% 
(       6,      10 ]    10468   0.131% 100.886% 
(      10,      15 ]     2159   0.027% 100.913% 
(      15,      22 ]      842   0.011% 100.923% 
(      22,      34 ]      119   0.001% 100.925% 
(      34,      51 ]       83   0.001% 100.926% 
(      51,      76 ]      177   0.002% 100.928% 
(      76,     110 ]      186   0.002% 100.930% 
(     110,     170 ]       79   0.001% 100.931% 
(     170,     250 ]       53   0.001% 100.932% 
(     250,     380 ]       20   0.000% 100.932% 
(     380,     580 ]        4   0.000% 100.932% 
(     870,    1300 ]        2   0.000% 100.932% 
(    1300,    1900 ]        7   0.000% 100.932% 
(    1900,    2900 ]        1   0.000% 100.932% 
(    2900,    4400 ]        1   0.000% 100.932% 
(   33000,   50000 ]        1   0.000% 100.932% 
(  110000,  170000 ]       14   0.000% 100.933% 


** DB Stats **
Uptime(secs): 158.9 total, 30.0 interval
Cumulative writes: 12M writes, 12M keys, 1555K commit groups, 7.8 writes per commit group, ingest: 11.81 GB, 76.10 MB/s
Cumulative WAL: 12M writes, 0 syncs, 12125980.00 writes per sync, written: 11.81 GB, 76.10 MB/s
Cumulative stall: 00:02:14.205 H:M:S, 84.5 percent
Interval writes: 1490K writes, 1490K keys, 192K commit groups, 7.7 writes per commit group, ingest: 1485.87 MB, 49.49 MB/s
Interval WAL: 1490K writes, 0 syncs, 1490177.00 writes per sync, written: 1.45 GB, 49.49 MB/s
Interval stall: 00:00:26.140 H:M:S, 87.1 percent
Write Stall (count): write-buffer-manager-limit-stops: 0
num-running-compactions: 1
num-running-flushes: 1

2026/08/31-10:16:29  ... thread 1: (94000,760000) ops and (3130.7,4783.3) ops/second in (30.025322,158.885778) seconds
2026/08/31-10:16:59  ... thread 3: (88000,844000) ops and (2932.5,4468.7) ops/second in (30.008359,188.868262) seconds
2026/08/31-10:16:59  ... thread 5: (88000,844000) ops and (2932.9,4468.6) ops/second in (30.004622,188.871413) seconds
2026/08/31-10:16:59  ... thread 14: (88000,844000) ops and (2932.8,4468.6) ops/second in (30.005032,188.872687) seconds
2026/08/31-10:16:59  ... thread 13: (88000,845000) ops and (2932.4,4473.8) ops/second in (30.009092,188.876704) seconds
2026/08/31-10:16:59  ... thread 10: (89000,846000) ops and (2965.2,4479.1) ops/second in (30.014894,188.877387) seconds
2026/08/31-10:16:59  ... thread 8: (88000,845000) ops and (2932.4,4473.7) ops/second in (30.009365,188.880292) seconds
2026/08/31-10:16:59  ... thread 15: (89000,846000) ops and (2964.8,4479.0) ops/second in (30.019248,188.882791) seconds
2026/08/31-10:16:59  ... thread 12: (90000,848000) ops and (2995.7,4489.5) ops/second in (30.042999,188.887084) seconds
2026/08/31-10:16:59  ... thread 6: (89000,846000) ops and (2964.2,4478.8) ops/second in (30.024924,188.888059) seconds
2026/08/31-10:16:59  ... thread 4: (89000,847000) ops and (2964.0,4484.0) ops/second in (30.027326,188.893924) seconds
2026/08/31-10:16:59  ... thread 11: (89000,847000) ops and (2964.2,4484.0) ops/second in (30.024479,188.894096) seconds
2026/08/31-10:16:59  ... thread 2: (89000,847000) ops and (2964.0,4484.0) ops/second in (30.027053,188.894532) seconds
2026/08/31-10:16:59  ... thread 7: (89000,846000) ops and (2964.5,4478.7) ops/second in (30.021995,188.894352) seconds
2026/08/31-10:16:59  ... thread 1: (88000,848000) ops and (2932.4,4489.3) ops/second in (30.009469,188.895247) seconds
2026/08/31-10:16:59  ... thread 9: (89000,847000) ops and (2964.5,4483.9) ops/second in (30.021947,188.900031) seconds
2026/08/31-10:16:59  ... thread 0: (89000,846000) ops and (2964.7,4478.5) ops/second in (30.019604,188.901541) seconds

** Compaction Stats [default] **
Level    Files   Size     Score Read(GB)  Rn(GB) Rnp1(GB) Write(GB) WPreComp(GB) Wnew(GB) Moved(GB) W-Amp Rd(MB/s) Wr(MB/s) Comp(sec) CompMergeCPU(sec) Comp(cnt) Avg(sec) KeyIn KeyDrop Rblob(GB) Wblob(GB)
-------------------------------------------------------------------------------------------------------------------------------------------------------------------------------------------------------------
  L0     12/9      1.15 GB   0.4      6.3     0.0      6.3      19.5      19.5     13.3       0.0   1.5     19.1     59.6    335.78             38.45       233    1.441     19M    12K       0.0       0.0
  L1     70/70     3.98 GB   0.0     48.1    12.1     36.0      47.6      47.6     11.6       0.0   4.0    401.4    397.9    122.63            161.76        14    8.759     48M   425K       0.0       0.0
  L2     88/0      7.66 GB   0.2      0.2     0.1      0.0       0.2       0.2      0.1       7.5   1.3     33.1     32.8      4.83              0.41         1    4.834    158K   1200       0.0       0.0
 Sum    170/79    12.79 GB   0.0     54.5    12.2     42.3      67.3      67.3     25.0       7.5   5.1    120.4    148.8    463.25            200.62       248    1.868     68M   439K       0.0       0.0
 Int      0/0      0.00 KB   0.0      0.0     0.0      0.0       0.1       0.1      0.1       0.0   1.0      0.0      8.7     14.15              0.25         2    7.074    122K      0       0.0       0.0

** Compaction Stats [default] **
Priority    Files   Size     Score Read(GB)  Rn(GB) Rnp1(GB) Write(GB) WPreComp(GB) Wnew(GB) Moved(GB) W-Amp Rd(MB/s) Wr(MB/s) Comp(sec) CompMergeCPU(sec) Comp(cnt) Avg(sec) KeyIn KeyDrop Rblob(GB) Wblob(GB)
----------------------------------------------------------------------------------------------------------------------------------------------------------------------------------------------------------------
 Low      0/0      0.00 KB   0.0     54.5    12.2     42.3      54.0      54.0     11.7       0.0   0.0    321.3    318.7    173.65            177.82        29    5.988     55M   439K       0.0       0.0
High      0/0      0.00 KB   0.0      0.0     0.0      0.0      13.3      13.3     13.3       0.0   0.0      0.0     47.0    289.60             22.80       219    1.322     13M      0       0.0       0.0

Blob file count: 0, total size: 0.0 GB, garbage size: 0.0 GB, space amp: 0.0

Uptime(secs): 188.9 total, 4.9 interval
Flush(GB): cumulative 13.289, interval 0.120
AddFile(GB): cumulative 0.000, interval 0.000
AddFile(Total Files): cumulative 0, interval 0
AddFile(L0 Files): cumulative 0, interval 0
AddFile(Keys): cumulative 0, interval 0
Cumulative compaction: 67.33 GB write, 364.99 MB/s write, 54.48 GB read, 295.32 MB/s read, 463.2 seconds
Interval compaction: 0.12 GB write, 25.16 MB/s write, 0.00 GB read, 0.00 MB/s read, 14.1 seconds
Estimated pending compaction bytes: 8534707018
Write Stall (count): cf-l0-file-count-limit-delays-with-ongoing-compaction: 2, cf-l0-file-count-limit-stops-with-ongoing-compaction: 0, l0-file-count-limit-delays: 2, l0-file-count-limit-stops: 0, memtable-limit-delays: 0, memtable-limit-stops: 128, pending-compaction-bytes-delays: 0, pending-compaction-bytes-stops: 0, total-delays: 2, total-stops: 128
interval: 0 total count
Block cache AutoHyperClockCache@0x6499b23c82d0#2259139 capacity: 512.00 MB seed: 1 usage: 6.11 MB table_size: 2716 occupancy: 1450 collections: 2 last_copies: 0 last_secs: 0.000274 secs_since: 4
Block cache entry stats(count,size,portion): Misc(1450,5.94 MB,1.16041%)

** File Read Latency Histogram By Level [default] **
** Level 0 read latency histogram (micros):
Count: 4825471 Average: 3.2366  StdDev: 1756.28
Min: 0  Median: 1.1156  Max: 2712750
Percentiles: P50: 1.12 P75: 1.67 P99: 3.06 P99.9: 4.65 P99.99: 5.20
------------------------------------------------------
[       0,       1 ]  2160022  44.763%  44.763% #########
(       1,       2 ]  2186339  45.308%  90.071% #########
(       2,       3 ]   428342   8.877%  98.948% ##
(       3,       4 ]    40772   0.845%  99.793% 
(       4,       6 ]    15920   0.330% 100.123% 
(       6,      10 ]     6494   0.135% 100.257% 
(      10,      15 ]     1577   0.033% 100.290% 
(      15,      22 ]      631   0.013% 100.303% 
(      22,      34 ]       66   0.001% 100.304% 
(      34,      51 ]       12   0.000% 100.305% 
(      51,      76 ]       83   0.002% 100.306% 
(      76,     110 ]      145   0.003% 100.309% 
(     110,     170 ]       10   0.000% 100.310% 
(     170,     250 ]        2   0.000% 100.310% 
(     250,     380 ]        1   0.000% 100.310% 
(     380,     580 ]        3   0.000% 100.310% 
(     580,     870 ]        3   0.000% 100.310% 
(     870,    1300 ]        3   0.000% 100.310% 
(    1300,    1900 ]        5   0.000% 100.310% 
(    1900,    2900 ]        7   0.000% 100.310% 
(    2900,    4400 ]        6   0.000% 100.310% 
(    6600,    9900 ]        1   0.000% 100.310% 
(   22000,   33000 ]        3   0.000% 100.310% 
(   33000,   50000 ]        9   0.000% 100.311% 
(   50000,   75000 ]        9   0.000% 100.311% 
(   75000,  110000 ]        5   0.000% 100.311% 
(  110000,  170000 ]        4   0.000% 100.311% 
( 1900000, 2900000 ]        2   0.000% 100.311% 

** Level 1 read latency histogram (micros):
Count: 9714851 Average: 1.7820  StdDev: 177.80
Min: 0  Median: 0.9680  Max: 147837
Percentiles: P50: 0.97 P75: 1.53 P99: 2.78 P99.9: 3.00 P99.99: 3.15
------------------------------------------------------
[       0,       1 ]  5018136  51.654%  51.654% ##########
(       1,       2 ]  4284490  44.102%  95.757% #########
(       2,       3 ]   402478   4.143%  99.900% #
(       3,       4 ]    58781   0.605% 100.505% 
(       4,       6 ]    19536   0.201% 100.706% 
(       6,      10 ]    12292   0.127% 100.832% 
(      10,      15 ]     2661   0.027% 100.860% 
(      15,      22 ]     1103   0.011% 100.871% 
(      22,      34 ]      151   0.002% 100.873% 
(      34,      51 ]       96   0.001% 100.874% 
(      51,      76 ]      230   0.002% 100.876% 
(      76,     110 ]      239   0.002% 100.878% 
(     110,     170 ]       99   0.001% 100.879% 
(     170,     250 ]       60   0.001% 100.880% 
(     250,     380 ]       20   0.000% 100.880% 
(     380,     580 ]        4   0.000% 100.880% 
(     870,    1300 ]        2   0.000% 100.880% 
(    1300,    1900 ]        7   0.000% 100.880% 
(    1900,    2900 ]        1   0.000% 100.880% 
(    2900,    4400 ]        1   0.000% 100.880% 
(   33000,   50000 ]        1   0.000% 100.880% 
(  110000,  170000 ]       14   0.000% 100.881% 

** Level 2 read latency histogram (micros):
Count: 12 Average: 3161.8333  StdDev: 10440.20
Min: 1  Median: 5.0000  Max: 37788
Percentiles: P50: 5.00 P75: 34.00 P99: 37788.00 P99.9: 37788.00 P99.99: 37788.00
------------------------------------------------------
[       0,       1 ]        5  41.667%  41.667% ########
(       4,       6 ]        2  16.667%  58.333% ###
(       6,      10 ]        1   8.333%  66.667% ##
(      22,      34 ]        1   8.333%  75.000% ##
(      34,      51 ]        1   8.333%  83.333% ##
(      51,      76 ]        1   8.333%  91.667% ##
(   33000,   50000 ]        1   8.333% 100.000% ##


** DB Stats **
Uptime(secs): 188.9 total, 4.9 interval
Cumulative writes: 13M writes, 13M keys, 1735K commit groups, 7.8 writes per commit group, ingest: 13.19 GB, 71.50 MB/s
Cumulative WAL: 13M writes, 0 syncs, 13546762.00 writes per sync, written: 13.19 GB, 71.50 MB/s
Cumulative stall: 00:02:41.563 H:M:S, 85.5 percent
Interval writes: 23K writes, 23K keys, 2941 commit groups, 8.0 writes per commit group, ingest: 23.38 MB, 4.79 MB/s
Interval WAL: 23K writes, 0 syncs, 23445.00 writes per sync, written: 0.02 GB, 4.79 MB/s
Interval stall: 00:00:7.218 H:M:S, 147.9 percent
Write Stall (count): write-buffer-manager-limit-stops: 0
num-running-compactions: 1
num-running-flushes: 1

2026/08/31-10:17:29  ... thread 0: (87000,933000) ops and (2876.1,4257.3) ops/second in (30.249363,219.150904) seconds

** Compaction Stats [default] **
Level    Files   Size     Score Read(GB)  Rn(GB) Rnp1(GB) Write(GB) WPreComp(GB) Wnew(GB) Moved(GB) W-Amp Rd(MB/s) Wr(MB/s) Comp(sec) CompMergeCPU(sec) Comp(cnt) Avg(sec) KeyIn KeyDrop Rblob(GB) Wblob(GB)
-------------------------------------------------------------------------------------------------------------------------------------------------------------------------------------------------------------
  L0      5/0    741.65 MB   0.6      7.2     0.0      7.2      21.9      21.9     14.7       0.0   1.5     19.0     57.6    389.25             43.23       258    1.509     22M    14K       0.0       0.0
  L1     57/0      3.98 GB   1.0     57.9    13.9     43.9      57.4      57.4     13.4       0.0   4.1    390.6    387.2    151.72            191.67        16    9.483     58M   506K       0.0       0.0
  L2    131/0      9.36 GB   0.2      3.2     1.8      1.4       3.1       3.1      1.7       7.7   1.7     27.5     26.7    117.17              9.11        23    5.094   3206K    96K       0.0       0.0
 Sum    193/0     14.07 GB   0.0     68.2    15.7     52.5      82.3      82.3     29.8       7.7   5.6    106.2    128.1    658.14            244.02       297    2.216     84M   617K       0.0       0.0
 Int      0/0      0.00 KB   0.0     13.8     3.6     10.2      15.1      15.1      4.9       0.1  10.0     67.4     74.0    209.04             43.65        51    4.099     15M   178K       0.0       0.0

** Compaction Stats [default] **
Priority    Files   Size     Score Read(GB)  Rn(GB) Rnp1(GB) Write(GB) WPreComp(GB) Wnew(GB) Moved(GB) W-Amp Rd(MB/s) Wr(MB/s) Comp(sec) CompMergeCPU(sec) Comp(cnt) Avg(sec) KeyIn KeyDrop Rblob(GB) Wblob(GB)
----------------------------------------------------------------------------------------------------------------------------------------------------------------------------------------------------------------
 Low      0/0      0.00 KB   0.0     68.2    15.7     52.5      67.6      67.6     15.1       0.0   0.0    214.4    212.5    325.91            218.82        55    5.926     69M   617K       0.0       0.0
High      0/0      0.00 KB   0.0      0.0     0.0      0.0      14.7      14.7     14.7       0.0   0.0      0.0     45.3    332.23             25.19       242    1.373     14M      0       0.0       0.0

Blob file count: 0, total size: 0.0 GB, garbage size: 0.0 GB, space amp: 0.0

Uptime(secs): 219.2 total, 35.1 interval
Flush(GB): cumulative 14.684, interval 1.514
AddFile(GB): cumulative 0.000, interval 0.000
AddFile(Total Files): cumulative 0, interval 0
AddFile(L0 Files): cumulative 0, interval 0
AddFile(Keys): cumulative 0, interval 0
Cumulative compaction: 82.31 GB write, 384.60 MB/s write, 68.24 GB read, 318.86 MB/s read, 658.1 seconds
Interval compaction: 15.10 GB write, 440.14 MB/s write, 13.76 GB read, 401.14 MB/s read, 209.0 seconds
Estimated pending compaction bytes: 0
Write Stall (count): cf-l0-file-count-limit-delays-with-ongoing-compaction: 2, cf-l0-file-count-limit-stops-with-ongoing-compaction: 0, l0-file-count-limit-delays: 2, l0-file-count-limit-stops: 0, memtable-limit-delays: 0, memtable-limit-stops: 149, pending-compaction-bytes-delays: 0, pending-compaction-bytes-stops: 0, total-delays: 2, total-stops: 149
interval: 21 total count
Block cache AutoHyperClockCache@0x6499b23c82d0#2259139 capacity: 512.00 MB seed: 1 usage: 6.11 MB table_size: 2716 occupancy: 1450 collections: 2 last_copies: 0 last_secs: 0.000274 secs_since: 35
Block cache entry stats(count,size,portion): Misc(1450,5.94 MB,1.16041%)

** File Read Latency Histogram By Level [default] **
** Level 0 read latency histogram (micros):
Count: 5347616 Average: 3.2364  StdDev: 1673.56
Min: 0  Median: 1.0851  Max: 2712750
Percentiles: P50: 1.09 P75: 1.65 P99: 3.02 P99.9: 4.70 P99.99: 5.28
------------------------------------------------------
[       0,       1 ]  2472313  46.232%  46.232% #########
(       1,       2 ]  2367409  44.270%  90.502% #########
(       2,       3 ]   453355   8.478%  98.980% ##
(       3,       4 ]    43354   0.811%  99.791% 
(       4,       6 ]    16662   0.312% 100.102% 
(       6,      10 ]     7066   0.132% 100.235% 
(      10,      15 ]     1771   0.033% 100.268% 
(      15,      22 ]      775   0.014% 100.282% 
(      22,      34 ]       72   0.001% 100.284% 
(      34,      51 ]       12   0.000% 100.284% 
(      51,      76 ]       97   0.002% 100.286% 
(      76,     110 ]      155   0.003% 100.288% 
(     110,     170 ]       12   0.000% 100.289% 
(     170,     250 ]        2   0.000% 100.289% 
(     250,     380 ]        1   0.000% 100.289% 
(     380,     580 ]        3   0.000% 100.289% 
(     580,     870 ]        3   0.000% 100.289% 
(     870,    1300 ]        3   0.000% 100.289% 
(    1300,    1900 ]        5   0.000% 100.289% 
(    1900,    2900 ]       10   0.000% 100.289% 
(    2900,    4400 ]        6   0.000% 100.289% 
(    6600,    9900 ]        1   0.000% 100.289% 
(   22000,   33000 ]        3   0.000% 100.289% 
(   33000,   50000 ]       10   0.000% 100.290% 
(   50000,   75000 ]       12   0.000% 100.290% 
(   75000,  110000 ]        8   0.000% 100.290% 
(  110000,  170000 ]        7   0.000% 100.290% 
( 1900000, 2900000 ]        2   0.000% 100.290% 

** Level 1 read latency histogram (micros):
Count: 11617491 Average: 1.7195  StdDev: 162.59
Min: 0  Median: 0.9262  Max: 147837
Percentiles: P50: 0.93 P75: 1.50 P99: 2.77 P99.9: 2.99 P99.99: 3.12
------------------------------------------------------
[       0,       1 ]  6271748  53.985%  53.985% ###########
(       1,       2 ]  4868957  41.911%  95.896% ########
(       2,       3 ]   468075   4.029%  99.925% #
(       3,       4 ]    65404   0.563% 100.488% 
(       4,       6 ]    22243   0.191% 100.679% 
(       6,      10 ]    14107   0.121% 100.801% 
(      10,      15 ]     3087   0.027% 100.827% 
(      15,      22 ]     1336   0.011% 100.839% 
(      22,      34 ]      173   0.001% 100.840% 
(      34,      51 ]      109   0.001% 100.841% 
(      51,      76 ]      260   0.002% 100.844% 
(      76,     110 ]      295   0.003% 100.846% 
(     110,     170 ]      142   0.001% 100.847% 
(     170,     250 ]       64   0.001% 100.848% 
(     250,     380 ]       20   0.000% 100.848% 
(     380,     580 ]        4   0.000% 100.848% 
(     870,    1300 ]        2   0.000% 100.848% 
(    1300,    1900 ]        7   0.000% 100.848% 
(    1900,    2900 ]        1   0.000% 100.848% 
(    2900,    4400 ]        1   0.000% 100.848% 
(   33000,   50000 ]        1   0.000% 100.848% 
(  110000,  170000 ]       14   0.000% 100.848% 

** Level 2 read latency histogram (micros):
Count: 262 Average: 1102.7939  StdDev: 8494.43
Min: 0  Median: 3.8000  Max: 85831
Percentiles: P50: 3.80 P75: 14.20 P99: 26180.00 P99.9: 47773.00 P99.99: 49777.30
------------------------------------------------------
[       0,       1 ]       48  18.321%  18.321% ####
(       1,       2 ]       65  24.809%  43.130% #####
(       2,       3 ]       14   5.344%  48.473% #
(       3,       4 ]        5   1.908%  50.382% 
(       4,       6 ]        9   3.435%  53.817% #
(       6,      10 ]       37  14.122%  67.939% ###
(      10,      15 ]       22   8.397%  76.336% ##
(      15,      22 ]        7   2.672%  79.008% #
(      22,      34 ]        6   2.290%  81.298% 
(      34,      51 ]        6   2.290%  83.588% 
(      51,      76 ]       26   9.924%  93.511% ##
(      76,     110 ]       14   5.344%  98.855% #
(   22000,   33000 ]        1   0.382%  99.237% 
(   33000,   50000 ]        2   0.763% 100.000% 
(   75000,  110000 ]        2   0.763% 100.763% 


** DB Stats **
Uptime(secs): 219.2 total, 30.2 interval
Cumulative writes: 14M writes, 14M keys, 1914K commit groups, 7.8 writes per commit group, ingest: 14.55 GB, 67.99 MB/s
Cumulative WAL: 14M writes, 0 syncs, 14943313.00 writes per sync, written: 14.55 GB, 67.99 MB/s
Cumulative stall: 00:03:9.196 H:M:S, 86.3 percent
Interval writes: 1396K writes, 1396K keys, 178K commit groups, 7.8 writes per commit group, ingest: 1392.51 MB, 46.03 MB/s
Interval WAL: 1396K writes, 0 syncs, 1396551.00 writes per sync, written: 1.36 GB, 46.03 MB/s
Interval stall: 00:00:27.633 H:M:S, 91.4 percent
Write Stall (count): write-buffer-manager-limit-stops: 0
num-running-compactions: 2
num-running-flushes: 0

2026/08/31-10:17:29  ... thread 14: (89000,933000) ops and (2939.0,4257.3) ops/second in (30.282181,219.154868) seconds
2026/08/31-10:17:29  ... thread 6: (88000,934000) ops and (2907.1,4261.7) ops/second in (30.271055,219.159114) seconds
2026/08/31-10:17:29  ... thread 11: (88000,935000) ops and (2907.3,4266.2) ops/second in (30.268131,219.162227) seconds
2026/08/31-10:17:29  ... thread 3: (89000,933000) ops and (2937.8,4257.1) ops/second in (30.294909,219.163171) seconds
2026/08/31-10:17:29  ... thread 7: (88000,934000) ops and (2907.3,4261.7) ops/second in (30.269043,219.163395) seconds
2026/08/31-10:17:29  ... thread 12: (88000,936000) ops and (2906.4,4270.7) ops/second in (30.278330,219.165414) seconds
2026/08/31-10:17:29  ... thread 9: (88000,935000) ops and (2907.6,4266.2) ops/second in (30.265104,219.165135) seconds
2026/08/31-10:17:29  ... thread 2: (88000,935000) ops and (2907.0,4266.2) ops/second in (30.271955,219.166487) seconds
2026/08/31-10:17:29  ... thread 1: (88000,936000) ops and (2906.9,4270.7) ops/second in (30.272662,219.167909) seconds
2026/08/31-10:17:29  ... thread 8: (89000,934000) ops and (2938.3,4261.5) ops/second in (30.289200,219.169492) seconds
2026/08/31-10:17:29  ... thread 13: (89000,934000) ops and (2937.8,4261.5) ops/second in (30.294327,219.171031) seconds
2026/08/31-10:17:29  ... thread 10: (89000,935000) ops and (2937.8,4266.0) ops/second in (30.294925,219.172312) seconds
2026/08/31-10:17:29  ... thread 5: (89000,933000) ops and (2937.2,4256.9) ops/second in (30.300517,219.171930) seconds
2026/08/31-10:17:29  ... thread 4: (88000,935000) ops and (2906.3,4266.0) ops/second in (30.278830,219.172754) seconds
2026/08/31-10:17:29  ... thread 15: (89000,935000) ops and (2937.7,4265.9) ops/second in (30.296139,219.178930) seconds
2026/08/31-10:18:04  ... thread 8: (88000,1022000) ops and (2537.0,4025.9) ops/second in (34.686494,253.855986) seconds
2026/08/31-10:18:04  ... thread 7: (88000,1022000) ops and (2536.5,4025.9) ops/second in (34.693775,253.857170) seconds
2026/08/31-10:18:04  ... thread 9: (88000,1023000) ops and (2536.5,4029.8) ops/second in (34.693211,253.858346) seconds
2026/08/31-10:18:04  ... thread 13: (88000,1022000) ops and (2536.7,4025.8) ops/second in (34.691070,253.862101) seconds
2026/08/31-10:18:04  ... thread 14: (89000,1022000) ops and (2563.7,4025.7) ops/second in (34.714979,253.869847) seconds
2026/08/31-10:18:04  ... thread 6: (89000,1023000) ops and (2556.0,4027.9) ops/second in (34.820560,253.979674) seconds
2026/08/31-10:18:04  ... thread 11: (89000,1024000) ops and (2556.0,4031.8) ops/second in (34.819888,253.982115) seconds
2026/08/31-10:18:04  ... thread 0: (89000,1022000) ops and (2555.1,4023.9) ops/second in (34.832588,253.983492) seconds

** Compaction Stats [default] **
Level    Files   Size     Score Read(GB)  Rn(GB) Rnp1(GB) Write(GB) WPreComp(GB) Wnew(GB) Moved(GB) W-Amp Rd(MB/s) Wr(MB/s) Comp(sec) CompMergeCPU(sec) Comp(cnt) Avg(sec) KeyIn KeyDrop Rblob(GB) Wblob(GB)
-------------------------------------------------------------------------------------------------------------------------------------------------------------------------------------------------------------
  L0     12/8      1.15 GB   0.5      7.7     0.0      7.7      23.8      23.8     16.1       0.0   1.5     17.8     54.9    443.44             46.93       282    1.572     24M    15K       0.0       0.0
  L1     53/53     3.89 GB   0.0     62.8    14.9     47.9      62.3      62.3     14.4       0.0   4.2    383.6    380.3    167.69            205.64        17    9.864     63M   548K       0.0       0.0
  L2    155/0     10.31 GB   0.3      5.1     2.8      2.3       5.0       5.0      2.6       7.7   1.8     27.0     26.2    195.16             15.04        33    5.914   5239K   167K       0.0       0.0
 Sum    220/61    15.35 GB   0.0     75.7    17.7     58.0      91.0      91.0     33.1       7.7   5.7     96.1    115.6    806.29            267.61       332    2.429     93M   731K       0.0       0.0
 Int      0/0      0.00 KB   0.0      1.8     0.7      1.2       2.2       2.2      1.0       0.0   5.9     27.4     32.1     68.60              5.94        13    5.277   2238K    49K       0.0       0.0

** Compaction Stats [default] **
Priority    Files   Size     Score Read(GB)  Rn(GB) Rnp1(GB) Write(GB) WPreComp(GB) Wnew(GB) Moved(GB) W-Amp Rd(MB/s) Wr(MB/s) Comp(sec) CompMergeCPU(sec) Comp(cnt) Avg(sec) KeyIn KeyDrop Rblob(GB) Wblob(GB)
----------------------------------------------------------------------------------------------------------------------------------------------------------------------------------------------------------------
 Low      0/0      0.00 KB   0.0     75.7    17.7     58.0      75.0      75.0     17.0       0.0   0.0    180.8    179.1    428.58            240.07        67    6.397     77M   731K       0.0       0.0
High      0/0      0.00 KB   0.0      0.0     0.0      0.0      16.1      16.1     16.1       0.0   0.0      0.0     43.6    377.71             27.55       265    1.425     16M      0       0.0       0.0

Blob file count: 0, total size: 0.0 GB, garbage size: 0.0 GB, space amp: 0.0

Uptime(secs): 254.0 total, 10.0 interval
Flush(GB): cumulative 16.077, interval 0.366
AddFile(GB): cumulative 0.000, interval 0.000
AddFile(Total Files): cumulative 0, interval 0
AddFile(L0 Files): cumulative 0, interval 0
AddFile(Keys): cumulative 0, interval 0
Cumulative compaction: 91.03 GB write, 366.99 MB/s write, 75.68 GB read, 305.10 MB/s read, 806.3 seconds
Interval compaction: 2.15 GB write, 221.33 MB/s write, 1.83 GB read, 188.72 MB/s read, 68.6 seconds
Estimated pending compaction bytes: 8805452995
Write Stall (count): cf-l0-file-count-limit-delays-with-ongoing-compaction: 2, cf-l0-file-count-limit-stops-with-ongoing-compaction: 0, l0-file-count-limit-delays: 2, l0-file-count-limit-stops: 0, memtable-limit-delays: 0, memtable-limit-stops: 166, pending-compaction-bytes-delays: 0, pending-compaction-bytes-stops: 0, total-delays: 2, total-stops: 166
interval: 5 total count
Block cache AutoHyperClockCache@0x6499b23c82d0#2259139 capacity: 512.00 MB seed: 1 usage: 6.11 MB table_size: 2716 occupancy: 1450 collections: 2 last_copies: 1 last_secs: 0.000274 secs_since: 69
Block cache entry stats(count,size,portion): Misc(1450,5.94 MB,1.16041%)

** File Read Latency Histogram By Level [default] **
** Level 0 read latency histogram (micros):
Count: 5874952 Average: 3.3782  StdDev: 1647.02
Min: 0  Median: 1.0682  Max: 2712750
Percentiles: P50: 1.07 P75: 1.64 P99: 3.02 P99.9: 4.73 P99.99: 5.32
------------------------------------------------------
[       0,       1 ]  2762339  47.019%  47.019% #########
(       1,       2 ]  2567458  43.702%  90.721% #########
(       2,       3 ]   485216   8.259%  98.980% ##
(       3,       4 ]    47613   0.810%  99.790% 
(       4,       6 ]    17774   0.303% 100.093% 
(       6,      10 ]     7644   0.130% 100.223% 
(      10,      15 ]     1948   0.033% 100.256% 
(      15,      22 ]      883   0.015% 100.271% 
(      22,      34 ]       78   0.001% 100.272% 
(      34,      51 ]       13   0.000% 100.273% 
(      51,      76 ]      106   0.002% 100.274% 
(      76,     110 ]      172   0.003% 100.277% 
(     110,     170 ]       13   0.000% 100.278% 
(     170,     250 ]        2   0.000% 100.278% 
(     250,     380 ]        1   0.000% 100.278% 
(     380,     580 ]        3   0.000% 100.278% 
(     580,     870 ]        4   0.000% 100.278% 
(     870,    1300 ]        3   0.000% 100.278% 
(    1300,    1900 ]        5   0.000% 100.278% 
(    1900,    2900 ]       11   0.000% 100.278% 
(    2900,    4400 ]        6   0.000% 100.278% 
(    6600,    9900 ]        1   0.000% 100.278% 
(   14000,   22000 ]        3   0.000% 100.278% 
(   22000,   33000 ]        4   0.000% 100.278% 
(   33000,   50000 ]       11   0.000% 100.278% 
(   50000,   75000 ]       12   0.000% 100.279% 
(   75000,  110000 ]        9   0.000% 100.279% 
(  110000,  170000 ]       11   0.000% 100.279% 
(  860000, 1200000 ]        1   0.000% 100.279% 
( 1900000, 2900000 ]        2   0.000% 100.279% 

** Level 1 read latency histogram (micros):
Count: 13760464 Average: 1.6650  StdDev: 149.40
Min: 0  Median: 0.8897  Max: 147837
Percentiles: P50: 0.89 P75: 1.47 P99: 2.75 P99.9: 2.98 P99.99: 3.04
------------------------------------------------------
[       0,       1 ]  7733398  56.200%  56.200% ###########
(       1,       2 ]  5479996  39.824%  96.024% ########
(       2,       3 ]   542504   3.942%  99.967% #
(       3,       4 ]    71077   0.517% 100.483% 
(       4,       6 ]    24155   0.176% 100.659% 
(       6,      10 ]    16148   0.117% 100.776% 
(      10,      15 ]     3583   0.026% 100.802% 
(      15,      22 ]     1574   0.011% 100.814% 
(      22,      34 ]      196   0.001% 100.815% 
(      34,      51 ]      121   0.001% 100.816% 
(      51,      76 ]      267   0.002% 100.818% 
(      76,     110 ]      312   0.002% 100.820% 
(     110,     170 ]      160   0.001% 100.821% 
(     170,     250 ]       79   0.001% 100.822% 
(     250,     380 ]       20   0.000% 100.822% 
(     380,     580 ]        4   0.000% 100.822% 
(     870,    1300 ]        2   0.000% 100.822% 
(    1300,    1900 ]        7   0.000% 100.822% 
(    1900,    2900 ]        1   0.000% 100.822% 
(    2900,    4400 ]        1   0.000% 100.822% 
(   33000,   50000 ]        1   0.000% 100.822% 
(  110000,  170000 ]       14   0.000% 100.822% 

** Level 2 read latency histogram (micros):
Count: 398 Average: 1452.1985  StdDev: 11209.99
Min: 0  Median: 4.6667  Max: 166546
Percentiles: P50: 4.67 P75: 19.58 P99: 33113.33 P99.9: 85535.00 P99.99: 91803.50
------------------------------------------------------
[       0,       1 ]       59  14.824%  14.824% ###
(       1,       2 ]      107  26.884%  41.709% #####
(       2,       3 ]       22   5.528%  47.236% #
(       3,       4 ]        7   1.759%  48.995% 
(       4,       6 ]       12   3.015%  52.010% #
(       6,      10 ]       54  13.568%  65.578% ###
(      10,      15 ]       29   7.286%  72.864% #
(      15,      22 ]       13   3.266%  76.131% #
(      22,      34 ]        7   1.759%  77.889% 
(      34,      51 ]        8   2.010%  79.899% 
(      51,      76 ]       45  11.307%  91.206% ##
(      76,     110 ]       27   6.784%  97.990% #
(   14000,   22000 ]        1   0.251%  98.241% 
(   22000,   33000 ]        3   0.754%  98.995% 
(   33000,   50000 ]        3   0.754%  99.749% 
(   75000,  110000 ]        2   0.503% 100.251% 
(  110000,  170000 ]        1   0.251% 100.503% 


** DB Stats **
Uptime(secs): 254.0 total, 10.0 interval
Cumulative writes: 16M writes, 16M keys, 2096K commit groups, 7.8 writes per commit group, ingest: 15.94 GB, 64.27 MB/s
Cumulative WAL: 16M writes, 0 syncs, 16370305.00 writes per sync, written: 15.94 GB, 64.26 MB/s
Cumulative stall: 00:03:38.015 H:M:S, 85.8 percent
Interval writes: 257K writes, 257K keys, 33K commit groups, 7.8 writes per commit group, ingest: 257.15 MB, 25.84 MB/s
Interval WAL: 257K writes, 0 syncs, 257886.00 writes per sync, written: 0.25 GB, 25.84 MB/s
Interval stall: 00:00:9.396 H:M:S, 94.4 percent
Write Stall (count): write-buffer-manager-limit-stops: 0
num-running-compactions: 1
num-running-flushes: 0

2026/08/31-10:18:04  ... thread 2: (89000,1024000) ops and (2556.0,4031.7) ops/second in (34.819981,253.986468) seconds
2026/08/31-10:18:04  ... thread 15: (88000,1023000) ops and (2528.0,4027.7) ops/second in (34.810215,253.989145) seconds
2026/08/31-10:18:04  ... thread 10: (89000,1024000) ops and (2556.2,4031.7) ops/second in (34.817297,253.989609) seconds
2026/08/31-10:18:04  ... thread 12: (89000,1025000) ops and (2555.5,4035.6) ops/second in (34.827065,253.992479) seconds
2026/08/31-10:18:04  ... thread 4: (89000,1024000) ops and (2556.0,4031.6) ops/second in (34.819851,253.992605) seconds
2026/08/31-10:18:04  ... thread 1: (89000,1025000) ops and (2555.6,4035.5) ops/second in (34.825020,253.992929) seconds
2026/08/31-10:18:04  ... thread 3: (89000,1022000) ops and (2555.1,4023.7) ops/second in (34.832378,253.995549) seconds
2026/08/31-10:18:04  ... thread 5: (89000,1022000) ops and (2555.7,4023.7) ops/second in (34.824377,253.996307) seconds
2026/08/31-10:18:34  ... thread 10: (77000,1101000) ops and (2563.6,3876.4) ops/second in (30.035908,284.025517) seconds
2026/08/31-10:18:34  ... thread 1: (76000,1101000) ops and (2530.5,3876.4) ops/second in (30.033174,284.026103) seconds
2026/08/31-10:18:34  ... thread 9: (77000,1100000) ops and (2552.2,3872.9) ops/second in (30.169716,284.028062) seconds
2026/08/31-10:18:34  ... thread 11: (76000,1100000) ops and (2529.5,3872.9) ops/second in (30.045992,284.028107) seconds
2026/08/31-10:18:34  ... thread 5: (76000,1098000) ops and (2530.5,3865.8) ops/second in (30.033969,284.030276) seconds
2026/08/31-10:18:34  ... thread 2: (77000,1101000) ops and (2562.6,3876.3) ops/second in (30.048018,284.034486) seconds
2026/08/31-10:18:34  ... thread 0: (77000,1099000) ops and (2562.3,3869.2) ops/second in (30.051651,284.035143) seconds
2026/08/31-10:18:34  ... thread 13: (77000,1099000) ops and (2551.9,3869.2) ops/second in (30.173512,284.035613) seconds

** Compaction Stats [default] **
Level    Files   Size     Score Read(GB)  Rn(GB) Rnp1(GB) Write(GB) WPreComp(GB) Wnew(GB) Moved(GB) W-Amp Rd(MB/s) Wr(MB/s) Comp(sec) CompMergeCPU(sec) Comp(cnt) Avg(sec) KeyIn KeyDrop Rblob(GB) Wblob(GB)
-------------------------------------------------------------------------------------------------------------------------------------------------------------------------------------------------------------
  L0      8/8    496.53 MB   0.0      8.2     0.0      8.2      25.5      25.5     17.3       0.0   1.5     17.0     52.7    494.56             50.34       303    1.632     25M    16K       0.0       0.0
  L1     67/0      4.92 GB   1.2     72.6    16.8     55.8      71.9      71.9     16.2       0.0   4.3    366.5    363.3    202.79            235.64        19   10.673     73M   628K       0.0       0.0
  L2    169/0     11.04 GB   0.3      6.5     3.5      2.9       6.2       6.2      3.3       7.7   1.8     30.7     29.7    215.40             18.98        40    5.385   6564K   213K       0.0       0.0
 Sum    244/8     16.44 GB   0.0     87.2    20.3     66.9     103.7     103.7     36.8       7.7   6.0     97.8    116.3    912.75            304.96       362    2.521    106M   859K       0.0       0.0
 Int      0/0      0.00 KB   0.0     13.4     3.3     10.1      14.8      14.8      4.7       0.0   9.4     78.2     86.5    175.06             43.29        43    4.071     15M   177K       0.0       0.0

** Compaction Stats [default] **
Priority    Files   Size     Score Read(GB)  Rn(GB) Rnp1(GB) Write(GB) WPreComp(GB) Wnew(GB) Moved(GB) W-Amp Rd(MB/s) Wr(MB/s) Comp(sec) CompMergeCPU(sec) Comp(cnt) Avg(sec) KeyIn KeyDrop Rblob(GB) Wblob(GB)
----------------------------------------------------------------------------------------------------------------------------------------------------------------------------------------------------------------
 Low      0/0      0.00 KB   0.0     87.2    20.3     66.9      86.4      86.4     19.5       0.0   0.0    183.4    181.6    487.06            275.27        77    6.326     88M   859K       0.0       0.0
High      0/0      0.00 KB   0.0      0.0     0.0      0.0      17.3      17.3     17.3       0.0   0.0      0.0     41.6    425.68             29.69       285    1.494     17M      0       0.0       0.0

Blob file count: 0, total size: 0.0 GB, garbage size: 0.0 GB, space amp: 0.0

Uptime(secs): 284.0 total, 40.0 interval
Flush(GB): cumulative 17.290, interval 1.578
AddFile(GB): cumulative 0.000, interval 0.000
AddFile(Total Files): cumulative 0, interval 0
AddFile(L0 Files): cumulative 0, interval 0
AddFile(Keys): cumulative 0, interval 0
Cumulative compaction: 103.66 GB write, 373.69 MB/s write, 87.22 GB read, 314.43 MB/s read, 912.7 seconds
Interval compaction: 14.78 GB write, 378.31 MB/s write, 13.38 GB read, 342.39 MB/s read, 175.1 seconds
Estimated pending compaction bytes: 10383907660
Write Stall (count): cf-l0-file-count-limit-delays-with-ongoing-compaction: 2, cf-l0-file-count-limit-stops-with-ongoing-compaction: 0, l0-file-count-limit-delays: 2, l0-file-count-limit-stops: 0, memtable-limit-delays: 0, memtable-limit-stops: 179, pending-compaction-bytes-delays: 0, pending-compaction-bytes-stops: 0, total-delays: 2, total-stops: 179
interval: 18 total count
Block cache AutoHyperClockCache@0x6499b23c82d0#2259139 capacity: 512.00 MB seed: 1 usage: 6.11 MB table_size: 2716 occupancy: 1450 collections: 2 last_copies: 1 last_secs: 0.000274 secs_since: 100
Block cache entry stats(count,size,portion): Misc(1450,5.94 MB,1.16041%)

** File Read Latency Histogram By Level [default] **
** Level 0 read latency histogram (micros):
Count: 6317195 Average: 3.9060  StdDev: 2183.63
Min: 0  Median: 1.0656  Max: 3763466
Percentiles: P50: 1.07 P75: 1.64 P99: 3.05 P99.9: 4.78 P99.99: 5.37
------------------------------------------------------
[       0,       1 ]  2978339  47.147%  47.147% #########
(       1,       2 ]  2749045  43.517%  90.663% #########
(       2,       3 ]   524165   8.297%  98.961% ##
(       3,       4 ]    51825   0.820%  99.781% 
(       4,       6 ]    19212   0.304% 100.085% 
(       6,      10 ]     8228   0.130% 100.216% 
(      10,      15 ]     2080   0.033% 100.249% 
(      15,      22 ]      941   0.015% 100.263% 
(      22,      34 ]       82   0.001% 100.265% 
(      34,      51 ]       15   0.000% 100.265% 
(      51,      76 ]      112   0.002% 100.267% 
(      76,     110 ]      187   0.003% 100.270% 
(     110,     170 ]       15   0.000% 100.270% 
(     170,     250 ]        2   0.000% 100.270% 
(     250,     380 ]        1   0.000% 100.270% 
(     380,     580 ]        3   0.000% 100.270% 
(     580,     870 ]        4   0.000% 100.270% 
(     870,    1300 ]        3   0.000% 100.270% 
(    1300,    1900 ]        6   0.000% 100.270% 
(    1900,    2900 ]       11   0.000% 100.270% 
(    2900,    4400 ]        6   0.000% 100.270% 
(    6600,    9900 ]        1   0.000% 100.270% 
(   14000,   22000 ]        3   0.000% 100.271% 
(   22000,   33000 ]        6   0.000% 100.271% 
(   33000,   50000 ]       12   0.000% 100.271% 
(   50000,   75000 ]       14   0.000% 100.271% 
(   75000,  110000 ]       10   0.000% 100.271% 
(  110000,  170000 ]       11   0.000% 100.271% 
(  860000, 1200000 ]        1   0.000% 100.271% 
( 1900000, 2900000 ]        2   0.000% 100.271% 
( 2900000, 4300000 ]        1   0.000% 100.271% 

** Level 1 read latency histogram (micros):
Count: 15368219 Average: 1.6467  StdDev: 141.37
Min: 0  Median: 0.8865  Max: 147837
Percentiles: P50: 0.89 P75: 1.47 P99: 2.76 P99.9: 2.98 P99.99: 3.06
------------------------------------------------------
[       0,       1 ]  8667540  56.399%  56.399% ###########
(       1,       2 ]  6088944  39.620%  96.019% ########
(       2,       3 ]   605822   3.942%  99.962% #
(       3,       4 ]    78790   0.513% 100.474% 
(       4,       6 ]    26977   0.176% 100.650% 
(       6,      10 ]    17836   0.116% 100.766% 
(      10,      15 ]     4010   0.026% 100.792% 
(      15,      22 ]     1762   0.011% 100.803% 
(      22,      34 ]      224   0.001% 100.805% 
(      34,      51 ]      128   0.001% 100.806% 
(      51,      76 ]      300   0.002% 100.808% 
(      76,     110 ]      355   0.002% 100.810% 
(     110,     170 ]      193   0.001% 100.811% 
(     170,     250 ]       90   0.001% 100.812% 
(     250,     380 ]       20   0.000% 100.812% 
(     380,     580 ]        4   0.000% 100.812% 
(     870,    1300 ]        2   0.000% 100.812% 
(    1300,    1900 ]        7   0.000% 100.812% 
(    1900,    2900 ]        1   0.000% 100.812% 
(    2900,    4400 ]        1   0.000% 100.812% 
(   33000,   50000 ]        1   0.000% 100.812% 
(  110000,  170000 ]       14   0.000% 100.812% 

** Level 2 read latency histogram (micros):
Count: 4331 Average: 181.6848  StdDev: 3629.71
Min: 0  Median: 1.3074  Max: 166546
Percentiles: P50: 1.31 P75: 1.72 P99: 86.46 P99.9: 29337.00 P99.99: 41879.10
------------------------------------------------------
[       0,       1 ]     1358  31.355%  31.355% ######
(       1,       2 ]     2627  60.656%  92.011% ############
(       2,       3 ]       67   1.547%  93.558% 
(       3,       4 ]       15   0.346%  93.904% 
(       4,       6 ]       21   0.485%  94.389% 
(       6,      10 ]       71   1.639%  96.029% 
(      10,      15 ]       33   0.762%  96.791% 
(      15,      22 ]       13   0.300%  97.091% 
(      22,      34 ]        8   0.185%  97.275% 
(      34,      51 ]        9   0.208%  97.483% 
(      51,      76 ]       54   1.247%  98.730% 
(      76,     110 ]       38   0.877%  99.607% 
(     380,     580 ]        2   0.046%  99.654% 
(     580,     870 ]        1   0.023%  99.677% 
(     870,    1300 ]        2   0.046%  99.723% 
(   14000,   22000 ]        3   0.069%  99.792% 
(   22000,   33000 ]        7   0.162%  99.954% 
(   33000,   50000 ]        3   0.069% 100.023% 
(   50000,   75000 ]        1   0.023% 100.046% 
(   75000,  110000 ]        2   0.046% 100.092% 
(  110000,  170000 ]        1   0.023% 100.115% 


** DB Stats **
Uptime(secs): 284.0 total, 30.1 interval
Cumulative writes: 17M writes, 17M keys, 2255K commit groups, 7.8 writes per commit group, ingest: 17.14 GB, 61.78 MB/s
Cumulative WAL: 17M writes, 0 syncs, 17598583.00 writes per sync, written: 17.14 GB, 61.78 MB/s
Cumulative stall: 00:04:4.068 H:M:S, 85.9 percent
Interval writes: 1228K writes, 1228K keys, 158K commit groups, 7.8 writes per commit group, ingest: 1224.73 MB, 40.75 MB/s
Interval WAL: 1228K writes, 0 syncs, 1228278.00 writes per sync, written: 1.20 GB, 40.75 MB/s
Interval stall: 00:00:26.053 H:M:S, 86.7 percent
Write Stall (count): write-buffer-manager-limit-stops: 0
num-running-compactions: 3
num-running-flushes: 0

2026/08/31-10:18:34  ... thread 14: (77000,1099000) ops and (2552.2,3869.2) ops/second in (30.170539,284.040386) seconds
2026/08/31-10:18:34  ... thread 3: (77000,1099000) ops and (2562.5,3869.1) ops/second in (30.049162,284.044711) seconds
2026/08/31-10:18:34  ... thread 8: (78000,1100000) ops and (2583.5,3872.6) ops/second in (30.192048,284.048034) seconds
2026/08/31-10:18:34  ... thread 12: (77000,1102000) ops and (2561.8,3879.6) ops/second in (30.056954,284.049433) seconds
2026/08/31-10:18:34  ... thread 7: (78000,1100000) ops and (2583.4,3872.6) ops/second in (30.193146,284.050316) seconds
2026/08/31-10:18:34  ... thread 4: (77000,1101000) ops and (2561.6,3876.1) ops/second in (30.059320,284.051925) seconds
2026/08/31-10:18:34  ... thread 6: (78000,1101000) ops and (2593.6,3876.0) ops/second in (30.074477,284.054151) seconds
2026/08/31-10:18:34  ... thread 15: (77000,1100000) ops and (2561.1,3872.5) ops/second in (30.065749,284.054894) seconds
2026/08/31-10:19:05  ... thread 14: (92000,1191000) ops and (2976.7,3781.6) ops/second in (30.906849,314.947235) seconds
2026/08/31-10:19:05  ... thread 11: (93000,1193000) ops and (3007.8,3787.9) ops/second in (30.919411,314.947518) seconds
2026/08/31-10:19:05  ... thread 6: (92000,1193000) ops and (2976.4,3787.7) ops/second in (30.910269,314.964420) seconds
2026/08/31-10:19:05  ... thread 10: (93000,1194000) ops and (3005.6,3790.9) ops/second in (30.941868,314.967385) seconds
2026/08/31-10:19:05  ... thread 4: (92000,1193000) ops and (2975.8,3787.7) ops/second in (30.915749,314.967674) seconds
2026/08/31-10:19:05  ... thread 7: (93000,1193000) ops and (3007.7,3787.7) ops/second in (30.920191,314.970507) seconds
2026/08/31-10:19:05  ... thread 15: (92000,1192000) ops and (2975.8,3784.5) ops/second in (30.916452,314.971346) seconds
2026/08/31-10:19:05  ... thread 12: (93000,1195000) ops and (3007.5,3794.0) ops/second in (30.922904,314.972337) seconds
2026/08/31-10:19:05  ... thread 1: (93000,1194000) ops and (3005.1,3790.8) ops/second in (30.947644,314.973747) seconds
2026/08/31-10:19:05  ... thread 0: (93000,1192000) ops and (3006.0,3784.4) ops/second in (30.938600,314.973743) seconds

** Compaction Stats [default] **
Level    Files   Size     Score Read(GB)  Rn(GB) Rnp1(GB) Write(GB) WPreComp(GB) Wnew(GB) Moved(GB) W-Amp Rd(MB/s) Wr(MB/s) Comp(sec) CompMergeCPU(sec) Comp(cnt) Avg(sec) KeyIn KeyDrop Rblob(GB) Wblob(GB)
-------------------------------------------------------------------------------------------------------------------------------------------------------------------------------------------------------------
  L0      9/9    992.28 MB   0.0      9.2     0.0      9.2      27.9      27.9     18.7       0.0   1.5     17.0     51.6    553.35             55.09       329    1.682     28M    18K       0.0       0.0
  L1     59/59     3.96 GB   0.0     77.4    17.8     59.7      76.8      76.8     17.1       0.0   4.3    361.4    358.3    219.42            250.24        20   10.971     78M   669K       0.0       0.0
  L2    210/0     12.78 GB   0.3     10.3     5.4      4.9      10.0      10.0      5.1       7.7   1.8     36.1     34.8    293.54             30.24        56    5.242     10M   365K       0.0       0.0
 Sum    278/68    17.70 GB   0.0     96.9    23.2     73.7     114.6     114.6     40.9       7.7   6.1     93.1    110.1   1066.32            335.57       405    2.633    117M  1054K       0.0       0.0
 Int      0/0      0.00 KB   0.0      7.2     1.8      5.4       7.7       7.7      2.4       0.0  11.6     83.7     90.1     87.97             22.51        20    4.398   7996K   118K       0.0       0.0

** Compaction Stats [default] **
Priority    Files   Size     Score Read(GB)  Rn(GB) Rnp1(GB) Write(GB) WPreComp(GB) Wnew(GB) Moved(GB) W-Amp Rd(MB/s) Wr(MB/s) Comp(sec) CompMergeCPU(sec) Comp(cnt) Avg(sec) KeyIn KeyDrop Rblob(GB) Wblob(GB)
----------------------------------------------------------------------------------------------------------------------------------------------------------------------------------------------------------------
 Low      0/0      0.00 KB   0.0     96.9    23.2     73.7      95.9      95.9     22.1       0.0   0.0    168.3    166.5    589.76            303.40        96    6.143     98M  1054K       0.0       0.0
High      0/0      0.00 KB   0.0      0.0     0.0      0.0      18.7      18.7     18.7       0.0   0.0      0.0     40.3    476.56             32.17       309    1.542     19M      0       0.0       0.0

Blob file count: 0, total size: 0.0 GB, garbage size: 0.0 GB, space amp: 0.0

Uptime(secs): 315.0 total, 10.9 interval
Flush(GB): cumulative 18.745, interval 0.666
AddFile(GB): cumulative 0.000, interval 0.000
AddFile(Total Files): cumulative 0, interval 0
AddFile(L0 Files): cumulative 0, interval 0
AddFile(Keys): cumulative 0, interval 0
Cumulative compaction: 114.64 GB write, 372.69 MB/s write, 96.94 GB read, 315.14 MB/s read, 1066.3 seconds
Interval compaction: 7.74 GB write, 725.08 MB/s write, 7.19 GB read, 673.63 MB/s read, 88.0 seconds
Estimated pending compaction bytes: 8856331934
Write Stall (count): cf-l0-file-count-limit-delays-with-ongoing-compaction: 2, cf-l0-file-count-limit-stops-with-ongoing-compaction: 0, l0-file-count-limit-delays: 2, l0-file-count-limit-stops: 0, memtable-limit-delays: 0, memtable-limit-stops: 195, pending-compaction-bytes-delays: 0, pending-compaction-bytes-stops: 0, total-delays: 2, total-stops: 195
interval: 6 total count
Block cache AutoHyperClockCache@0x6499b23c82d0#2259139 capacity: 512.00 MB seed: 1 usage: 6.11 MB table_size: 2716 occupancy: 1450 collections: 2 last_copies: 2 last_secs: 0.000274 secs_since: 130
Block cache entry stats(count,size,portion): Misc(1450,5.94 MB,1.16041%)

** File Read Latency Histogram By Level [default] **
** Level 0 read latency histogram (micros):
Count: 6806705 Average: 4.5111  StdDev: 2413.72
Min: 0  Median: 1.0413  Max: 3763466
Percentiles: P50: 1.04 P75: 1.63 P99: 3.05 P99.9: 4.84 P99.99: 5.44
------------------------------------------------------
[       0,       1 ]  3283393  48.238%  48.238% ##########
(       1,       2 ]  2904175  42.666%  90.904% #########
(       2,       3 ]   548480   8.058%  98.962% ##
(       3,       4 ]    55323   0.813%  99.775% 
(       4,       6 ]    20385   0.299% 100.074% 
(       6,      10 ]     8737   0.128% 100.203% 
(      10,      15 ]     2261   0.033% 100.236% 
(      15,      22 ]     1042   0.015% 100.251% 
(      22,      34 ]       89   0.001% 100.252% 
(      34,      51 ]       19   0.000% 100.253% 
(      51,      76 ]      117   0.002% 100.254% 
(      76,     110 ]      209   0.003% 100.257% 
(     110,     170 ]       15   0.000% 100.258% 
(     170,     250 ]        3   0.000% 100.258% 
(     250,     380 ]        1   0.000% 100.258% 
(     380,     580 ]        3   0.000% 100.258% 
(     580,     870 ]        4   0.000% 100.258% 
(     870,    1300 ]        3   0.000% 100.258% 
(    1300,    1900 ]        7   0.000% 100.258% 
(    1900,    2900 ]       13   0.000% 100.258% 
(    2900,    4400 ]        6   0.000% 100.258% 
(    4400,    6600 ]        1   0.000% 100.258% 
(    6600,    9900 ]        1   0.000% 100.258% 
(   14000,   22000 ]        3   0.000% 100.258% 
(   22000,   33000 ]        7   0.000% 100.258% 
(   33000,   50000 ]       13   0.000% 100.259% 
(   50000,   75000 ]       14   0.000% 100.259% 
(   75000,  110000 ]       10   0.000% 100.259% 
(  110000,  170000 ]       13   0.000% 100.259% 
(  250000,  380000 ]        2   0.000% 100.259% 
(  860000, 1200000 ]        1   0.000% 100.259% 
( 1900000, 2900000 ]        4   0.000% 100.259% 
( 2900000, 4300000 ]        1   0.000% 100.259% 

** Level 1 read latency histogram (micros):
Count: 17255851 Average: 1.6225  StdDev: 133.41
Min: 0  Median: 0.8735  Max: 147837
Percentiles: P50: 0.87 P75: 1.46 P99: 2.76 P99.9: 2.98 P99.99: 3.06
------------------------------------------------------
[       0,       1 ]  9877227  57.240%  57.240% ###########
(       1,       2 ]  6688095  38.758%  95.998% ########
(       2,       3 ]   683780   3.963%  99.961% #
(       3,       4 ]    86623   0.502% 100.463% 
(       4,       6 ]    30114   0.175% 100.637% 
(       6,      10 ]    19636   0.114% 100.751% 
(      10,      15 ]     4476   0.026% 100.777% 
(      15,      22 ]     2018   0.012% 100.789% 
(      22,      34 ]      243   0.001% 100.790% 
(      34,      51 ]      139   0.001% 100.791% 
(      51,      76 ]      318   0.002% 100.793% 
(      76,     110 ]      391   0.002% 100.795% 
(     110,     170 ]      213   0.001% 100.796% 
(     170,     250 ]       94   0.001% 100.797% 
(     250,     380 ]       20   0.000% 100.797% 
(     380,     580 ]        4   0.000% 100.797% 
(     870,    1300 ]        2   0.000% 100.797% 
(    1300,    1900 ]        7   0.000% 100.797% 
(    1900,    2900 ]        1   0.000% 100.797% 
(    2900,    4400 ]        1   0.000% 100.797% 
(   33000,   50000 ]        1   0.000% 100.797% 
(  110000,  170000 ]       14   0.000% 100.797% 

** Level 2 read latency histogram (micros):
Count: 51867 Average: 30.7176  StdDev: 2567.29
Min: 0  Median: 1.1024  Max: 516756
Percentiles: P50: 1.10 P75: 1.61 P99: 4.41 P99.9: 82.76 P99.99: 108.78
------------------------------------------------------
[       0,       1 ]    23327  44.975%  44.975% #########
(       1,       2 ]    25448  49.064%  94.039% ##########
(       2,       3 ]     1797   3.465%  97.503% #
(       3,       4 ]      749   1.444%  98.947% 
(       4,       6 ]      134   0.258%  99.206% 
(       6,      10 ]      156   0.301%  99.506% 
(      10,      15 ]       54   0.104%  99.611% 
(      15,      22 ]       25   0.048%  99.659% 
(      22,      34 ]       11   0.021%  99.680% 
(      34,      51 ]       12   0.023%  99.703% 
(      51,      76 ]       90   0.174%  99.877% 
(      76,     110 ]       61   0.118%  99.994% 
(     110,     170 ]        1   0.002%  99.996% 
(     380,     580 ]        2   0.004% 100.000% 
(     580,     870 ]        1   0.002% 100.002% 
(     870,    1300 ]        2   0.004% 100.006% 
(   14000,   22000 ]        3   0.006% 100.012% 
(   22000,   33000 ]        7   0.013% 100.025% 
(   33000,   50000 ]        5   0.010% 100.035% 
(   50000,   75000 ]        1   0.002% 100.037% 
(   75000,  110000 ]        2   0.004% 100.040% 
(  110000,  170000 ]        2   0.004% 100.044% 
(  380000,  570000 ]        1   0.002% 100.046% 


** DB Stats **
Uptime(secs): 315.0 total, 10.9 interval
Cumulative writes: 19M writes, 19M keys, 2445K commit groups, 7.8 writes per commit group, ingest: 18.59 GB, 60.42 MB/s
Cumulative WAL: 19M writes, 0 syncs, 19086816.00 writes per sync, written: 18.59 GB, 60.42 MB/s
Cumulative stall: 00:04:32.194 H:M:S, 86.4 percent
Interval writes: 627K writes, 627K keys, 81K commit groups, 7.7 writes per commit group, ingest: 625.39 MB, 57.20 MB/s
Interval WAL: 627K writes, 0 syncs, 627191.00 writes per sync, written: 0.61 GB, 57.20 MB/s
Interval stall: 00:00:16.835 H:M:S, 154.0 percent
Write Stall (count): write-buffer-manager-limit-stops: 0
num-running-compactions: 3
num-running-flushes: 0

2026/08/31-10:19:05  ... thread 9: (93000,1193000) ops and (3005.2,3787.6) ops/second in (30.946470,314.974532) seconds
2026/08/31-10:19:05  ... thread 8: (93000,1193000) ops and (3007.0,3787.6) ops/second in (30.927926,314.975960) seconds
2026/08/31-10:19:05  ... thread 13: (93000,1192000) ops and (3005.7,3784.4) ops/second in (30.941028,314.976641) seconds
2026/08/31-10:19:05  ... thread 2: (93000,1194000) ops and (3005.5,3790.7) ops/second in (30.942987,314.977473) seconds
2026/08/31-10:19:05  ... thread 5: (93000,1191000) ops and (3005.1,3781.2) ops/second in (30.947170,314.977446) seconds
2026/08/31-10:19:05  ... thread 3: (93000,1192000) ops and (3006.4,3784.4) ops/second in (30.933671,314.978382) seconds
2026/08/31-10:19:37  ... thread 11: (81000,1274000) ops and (2506.7,3668.7) ops/second in (32.313475,347.260993) seconds
2026/08/31-10:19:37  ... thread 14: (81000,1272000) ops and (2506.6,3662.9) ops/second in (32.314399,347.261634) seconds
2026/08/31-10:19:37  ... thread 4: (81000,1274000) ops and (2508.1,3668.7) ops/second in (32.295602,347.263276) seconds
2026/08/31-10:19:37  ... thread 9: (80000,1273000) ops and (2477.3,3665.8) ops/second in (32.292999,347.267531) seconds
2026/08/31-10:19:37  ... thread 10: (81000,1275000) ops and (2507.7,3671.5) ops/second in (32.300585,347.267970) seconds
2026/08/31-10:19:37  ... thread 1: (81000,1275000) ops and (2508.0,3671.5) ops/second in (32.297156,347.270903) seconds
2026/08/31-10:19:37  ... thread 13: (81000,1273000) ops and (2507.8,3665.7) ops/second in (32.298873,347.275514) seconds
2026/08/31-10:19:37  ... thread 0: (81000,1273000) ops and (2507.4,3665.7) ops/second in (32.304251,347.277994) seconds
2026/08/31-10:19:37  ... thread 7: (81000,1274000) ops and (2507.2,3668.5) ops/second in (32.307454,347.277961) seconds

** Compaction Stats [default] **
Level    Files   Size     Score Read(GB)  Rn(GB) Rnp1(GB) Write(GB) WPreComp(GB) Wnew(GB) Moved(GB) W-Amp Rd(MB/s) Wr(MB/s) Comp(sec) CompMergeCPU(sec) Comp(cnt) Avg(sec) KeyIn KeyDrop Rblob(GB) Wblob(GB)
-------------------------------------------------------------------------------------------------------------------------------------------------------------------------------------------------------------
  L0     14/8      1.27 GB   0.8      9.6     0.0      9.6      29.6      29.6     20.0       0.0   1.5     16.1     49.4    614.61             58.71       351    1.751     30M    19K       0.0       0.0
  L1     64/64     3.98 GB   0.0     82.4    18.7     63.6      81.7      81.7     18.0       0.0   4.4    362.7    359.6    232.55            265.25        21   11.074     83M   711K       0.0       0.0
  L2    235/0     13.60 GB   0.3     12.4     6.3      6.0      11.9      11.9      5.9       7.7   1.9     35.6     34.3    355.93             35.80        64    5.561     12M   451K       0.0       0.0
 Sum    313/72    18.85 GB   0.0    104.4    25.1     79.3     123.2     123.2     43.9       7.7   6.2     88.9    104.9   1203.10            359.75       436    2.759    126M  1183K       0.0       0.0
 Int      0/0      0.00 KB   0.0     14.6     3.7     10.9      16.3      16.3      5.4       0.0   8.4     66.7     74.5    224.75             46.69        51    4.407     16M   247K       0.0       0.0

** Compaction Stats [default] **
Priority    Files   Size     Score Read(GB)  Rn(GB) Rnp1(GB) Write(GB) WPreComp(GB) Wnew(GB) Moved(GB) W-Amp Rd(MB/s) Wr(MB/s) Comp(sec) CompMergeCPU(sec) Comp(cnt) Avg(sec) KeyIn KeyDrop Rblob(GB) Wblob(GB)
----------------------------------------------------------------------------------------------------------------------------------------------------------------------------------------------------------------
 Low      0/0      0.00 KB   0.0    104.4    25.1     79.3     103.2     103.2     23.9       0.0   0.0    158.7    157.0    673.43            325.23       106    6.353    106M  1183K       0.0       0.0
High      0/0      0.00 KB   0.0      0.0     0.0      0.0      20.0      20.0     20.0       0.0   0.0      0.0     38.7    529.67             34.52       330    1.605     20M      0       0.0       0.0

Blob file count: 0, total size: 0.0 GB, garbage size: 0.0 GB, space amp: 0.0

Uptime(secs): 347.3 total, 43.2 interval
Flush(GB): cumulative 20.020, interval 1.941
AddFile(GB): cumulative 0.000, interval 0.000
AddFile(Total Files): cumulative 0, interval 0
AddFile(L0 Files): cumulative 0, interval 0
AddFile(Keys): cumulative 0, interval 0
Cumulative compaction: 123.24 GB write, 363.39 MB/s write, 104.39 GB read, 307.81 MB/s read, 1203.1 seconds
Interval compaction: 16.35 GB write, 387.12 MB/s write, 14.65 GB read, 346.92 MB/s read, 224.8 seconds
Estimated pending compaction bytes: 10455401944
Write Stall (count): cf-l0-file-count-limit-delays-with-ongoing-compaction: 2, cf-l0-file-count-limit-stops-with-ongoing-compaction: 0, l0-file-count-limit-delays: 2, l0-file-count-limit-stops: 0, memtable-limit-delays: 0, memtable-limit-stops: 214, pending-compaction-bytes-delays: 0, pending-compaction-bytes-stops: 0, total-delays: 2, total-stops: 214
interval: 25 total count
Block cache AutoHyperClockCache@0x6499b23c82d0#2259139 capacity: 512.00 MB seed: 1 usage: 6.11 MB table_size: 2716 occupancy: 1450 collections: 2 last_copies: 2 last_secs: 0.000274 secs_since: 163
Block cache entry stats(count,size,portion): Misc(1450,5.94 MB,1.16041%)

** File Read Latency Histogram By Level [default] **
** Level 0 read latency histogram (micros):
Count: 7349088 Average: 4.3837  StdDev: 2324.74
Min: 0  Median: 1.0338  Max: 3763466
Percentiles: P50: 1.03 P75: 1.62 P99: 3.04 P99.9: 4.86 P99.99: 5.48
------------------------------------------------------
[       0,       1 ]  3569075  48.565%  48.565% ##########
(       1,       2 ]  3117142  42.415%  90.980% ########
(       2,       3 ]   586814   7.985%  98.965% ##
(       3,       4 ]    59438   0.809%  99.774% 
(       4,       6 ]    21508   0.293% 100.067% 
(       6,      10 ]     9451   0.129% 100.195% 
(      10,      15 ]     2458   0.033% 100.229% 
(      15,      22 ]     1159   0.016% 100.244% 
(      22,      34 ]       96   0.001% 100.246% 
(      34,      51 ]       19   0.000% 100.246% 
(      51,      76 ]      127   0.002% 100.248% 
(      76,     110 ]      224   0.003% 100.251% 
(     110,     170 ]       16   0.000% 100.251% 
(     170,     250 ]        4   0.000% 100.251% 
(     250,     380 ]        2   0.000% 100.251% 
(     380,     580 ]        3   0.000% 100.251% 
(     580,     870 ]        4   0.000% 100.251% 
(     870,    1300 ]        3   0.000% 100.251% 
(    1300,    1900 ]        7   0.000% 100.251% 
(    1900,    2900 ]       14   0.000% 100.251% 
(    2900,    4400 ]        6   0.000% 100.251% 
(    4400,    6600 ]        1   0.000% 100.252% 
(    6600,    9900 ]        2   0.000% 100.252% 
(    9900,   14000 ]        1   0.000% 100.252% 
(   14000,   22000 ]        3   0.000% 100.252% 
(   22000,   33000 ]        7   0.000% 100.252% 
(   33000,   50000 ]       13   0.000% 100.252% 
(   50000,   75000 ]       17   0.000% 100.252% 
(   75000,  110000 ]       12   0.000% 100.252% 
(  110000,  170000 ]       15   0.000% 100.252% 
(  250000,  380000 ]        2   0.000% 100.252% 
(  860000, 1200000 ]        1   0.000% 100.252% 
( 1900000, 2900000 ]        4   0.000% 100.253% 
( 2900000, 4300000 ]        1   0.000% 100.253% 

** Level 1 read latency histogram (micros):
Count: 19498369 Average: 1.5992  StdDev: 125.51
Min: 0  Median: 0.8624  Max: 147837
Percentiles: P50: 0.86 P75: 1.45 P99: 2.75 P99.9: 2.98 P99.99: 3.02
------------------------------------------------------
[       0,       1 ] 11304172  57.975%  57.975% ############
(       1,       2 ]  7425011  38.080%  96.055% ########
(       2,       3 ]   765480   3.926%  99.981% #
(       3,       4 ]    93580   0.480% 100.461% 
(       4,       6 ]    32508   0.167% 100.628% 
(       6,      10 ]    21907   0.112% 100.740% 
(      10,      15 ]     4986   0.026% 100.766% 
(      15,      22 ]     2358   0.012% 100.778% 
(      22,      34 ]      266   0.001% 100.779% 
(      34,      51 ]      147   0.001% 100.780% 
(      51,      76 ]      349   0.002% 100.782% 
(      76,     110 ]      408   0.002% 100.784% 
(     110,     170 ]      227   0.001% 100.785% 
(     170,     250 ]       98   0.001% 100.785% 
(     250,     380 ]       20   0.000% 100.785% 
(     380,     580 ]        4   0.000% 100.785% 
(     870,    1300 ]        2   0.000% 100.785% 
(    1300,    1900 ]        7   0.000% 100.786% 
(    1900,    2900 ]        1   0.000% 100.786% 
(    2900,    4400 ]        1   0.000% 100.786% 
(   33000,   50000 ]        1   0.000% 100.786% 
(  110000,  170000 ]       14   0.000% 100.786% 

** Level 2 read latency histogram (micros):
Count: 63810 Average: 26.8138  StdDev: 2330.48
Min: 0  Median: 1.0799  Max: 516756
Percentiles: P50: 1.08 P75: 1.59 P99: 4.00 P99.9: 79.82 P99.99: 128.57
------------------------------------------------------
[       0,       1 ]    29425  46.113%  46.113% #########
(       1,       2 ]    31020  48.613%  94.727% ##########
(       2,       3 ]     1954   3.062%  97.789% #
(       3,       4 ]      774   1.213%  99.002% 
(       4,       6 ]      155   0.243%  99.245% 
(       6,      10 ]      181   0.284%  99.528% 
(      10,      15 ]       61   0.096%  99.624% 
(      15,      22 ]       27   0.042%  99.666% 
(      22,      34 ]       14   0.022%  99.688% 
(      34,      51 ]       21   0.033%  99.721% 
(      51,      76 ]      107   0.168%  99.889% 
(      76,     110 ]       64   0.100%  99.989% 
(     110,     170 ]        2   0.003%  99.992% 
(     380,     580 ]        2   0.003%  99.995% 
(     580,     870 ]        2   0.003%  99.998% 
(     870,    1300 ]        2   0.003% 100.002% 
(   14000,   22000 ]        3   0.005% 100.006% 
(   22000,   33000 ]        7   0.011% 100.017% 
(   33000,   50000 ]        6   0.009% 100.027% 
(   50000,   75000 ]        2   0.003% 100.030% 
(   75000,  110000 ]        2   0.003% 100.033% 
(  110000,  170000 ]        2   0.003% 100.036% 
(  380000,  570000 ]        1   0.002% 100.038% 


** DB Stats **
Uptime(secs): 347.3 total, 32.3 interval
Cumulative writes: 20M writes, 20M keys, 2612K commit groups, 7.8 writes per commit group, ingest: 19.85 GB, 58.52 MB/s
Cumulative WAL: 20M writes, 0 syncs, 20381351.00 writes per sync, written: 19.85 GB, 58.52 MB/s
Cumulative stall: 00:05:1.273 H:M:S, 86.8 percent
Interval writes: 1294K writes, 1294K keys, 166K commit groups, 7.8 writes per commit group, ingest: 1290.78 MB, 39.96 MB/s
Interval WAL: 1294K writes, 0 syncs, 1294535.00 writes per sync, written: 1.26 GB, 39.96 MB/s
Interval stall: 00:00:29.079 H:M:S, 90.0 percent
Write Stall (count): write-buffer-manager-limit-stops: 0
num-running-compactions: 1
num-running-flushes: 0

2026/08/31-10:19:37  ... thread 8: (81000,1274000) ops and (2507.5,3668.5) ops/second in (32.302786,347.278746) seconds
2026/08/31-10:19:37  ... thread 6: (81000,1274000) ops and (2506.5,3668.5) ops/second in (32.315673,347.280093) seconds
2026/08/31-10:19:37  ... thread 2: (81000,1275000) ops and (2507.5,3671.4) ops/second in (32.302956,347.280429) seconds
2026/08/31-10:19:37  ... thread 12: (81000,1276000) ops and (2506.9,3674.2) ops/second in (32.311123,347.283460) seconds
2026/08/31-10:19:37  ... thread 15: (81000,1273000) ops and (2506.7,3665.6) ops/second in (32.313396,347.284742) seconds
2026/08/31-10:19:37  ... thread 5: (81000,1272000) ops and (2507.1,3662.7) ops/second in (32.308007,347.285453) seconds
2026/08/31-10:19:37  ... thread 3: (81000,1273000) ops and (2506.9,3665.5) ops/second in (32.310352,347.288734) seconds
2026/08/31-10:20:09  ... thread 0: (115000,1388000) ops and (3633.6,3663.0) ops/second in (31.649080,378.927074) seconds

** Compaction Stats [default] **
Level    Files   Size     Score Read(GB)  Rn(GB) Rnp1(GB) Write(GB) WPreComp(GB) Wnew(GB) Moved(GB) W-Amp Rd(MB/s) Wr(MB/s) Comp(sec) CompMergeCPU(sec) Comp(cnt) Avg(sec) KeyIn KeyDrop Rblob(GB) Wblob(GB)
-------------------------------------------------------------------------------------------------------------------------------------------------------------------------------------------------------------
  L0     15/8      2.18 GB   0.9     11.1     0.0     11.1      32.9      32.9     21.8       0.0   1.5     16.9     50.2    671.15             65.53       384    1.748     33M    23K       0.0       0.0
  L1     68/68     3.91 GB   0.0     87.2    19.6     67.6      86.5      86.5     18.9       0.0   4.4    356.7    353.7    250.47            280.14        22   11.385     88M   750K       0.0       0.0
  L2    257/0     14.45 GB   0.4     14.6     7.3      7.3      14.0      14.0      6.7       7.7   1.9     37.9     36.5    393.29             42.62        72    5.462     14M   544K       0.0       0.0
 Sum    340/76    20.53 GB   0.0    112.9    26.9     86.0     133.4     133.4     47.4       7.7   6.1     87.9    103.9   1314.91            388.29       478    2.751    137M  1318K       0.0       0.0
 Int      0/0      0.00 KB   0.0      1.0     0.0      1.0       1.9       1.9      1.0       0.0   2.0     42.4     84.7     23.40              3.99        18    1.300   1971K   2130       0.0       0.0

** Compaction Stats [default] **
Priority    Files   Size     Score Read(GB)  Rn(GB) Rnp1(GB) Write(GB) WPreComp(GB) Wnew(GB) Moved(GB) W-Amp Rd(MB/s) Wr(MB/s) Comp(sec) CompMergeCPU(sec) Comp(cnt) Avg(sec) KeyIn KeyDrop Rblob(GB) Wblob(GB)
----------------------------------------------------------------------------------------------------------------------------------------------------------------------------------------------------------------
 Low      0/0      0.00 KB   0.0    112.9    26.9     86.0     111.6     111.6     25.6       0.0   0.0    156.8    155.0    737.44            350.62       118    6.249    114M  1318K       0.0       0.0
High      0/0      0.00 KB   0.0      0.0     0.0      0.0      21.8      21.8     21.8       0.0   0.0      0.0     38.7    577.48             37.67       360    1.604     22M      0       0.0       0.0

Blob file count: 0, total size: 0.0 GB, garbage size: 0.0 GB, space amp: 0.0

Uptime(secs): 378.9 total, 14.9 interval
Flush(GB): cumulative 21.835, interval 0.969
AddFile(GB): cumulative 0.000, interval 0.000
AddFile(Total Files): cumulative 0, interval 0
AddFile(L0 Files): cumulative 0, interval 0
AddFile(Keys): cumulative 0, interval 0
Cumulative compaction: 133.44 GB write, 360.59 MB/s write, 112.91 GB read, 305.11 MB/s read, 1314.9 seconds
Interval compaction: 1.94 GB write, 133.21 MB/s write, 0.97 GB read, 66.67 MB/s read, 23.4 seconds
Estimated pending compaction bytes: 14079796428
Write Stall (count): cf-l0-file-count-limit-delays-with-ongoing-compaction: 3, cf-l0-file-count-limit-stops-with-ongoing-compaction: 0, l0-file-count-limit-delays: 3, l0-file-count-limit-stops: 0, memtable-limit-delays: 0, memtable-limit-stops: 234, pending-compaction-bytes-delays: 0, pending-compaction-bytes-stops: 0, total-delays: 3, total-stops: 234
interval: 11 total count
Block cache AutoHyperClockCache@0x6499b23c82d0#2259139 capacity: 512.00 MB seed: 1 usage: 7.79 MB table_size: 3585 occupancy: 1848 collections: 3 last_copies: 0 last_secs: 0.000155 secs_since: 14
Block cache entry stats(count,size,portion): Misc(1847,7.57 MB,1.47788%)

** File Read Latency Histogram By Level [default] **
** Level 0 read latency histogram (micros):
Count: 8130812 Average: 4.4425  StdDev: 2274.57
Min: 0  Median: 1.0148  Max: 3763466
Percentiles: P50: 1.01 P75: 1.61 P99: 3.01 P99.9: 4.84 P99.99: 5.48
------------------------------------------------------
[       0,       1 ]  4014883  49.379%  49.379% ##########
(       1,       2 ]  3407196  41.905%  91.283% ########
(       2,       3 ]   627069   7.712%  98.996% ##
(       3,       4 ]    63864   0.785%  99.781% 
(       4,       6 ]    22925   0.282% 100.063% 
(       6,      10 ]    10238   0.126% 100.189% 
(      10,      15 ]     2663   0.033% 100.222% 
(      15,      22 ]     1276   0.016% 100.237% 
(      22,      34 ]      113   0.001% 100.239% 
(      34,      51 ]       20   0.000% 100.239% 
(      51,      76 ]      139   0.002% 100.241% 
(      76,     110 ]      243   0.003% 100.244% 
(     110,     170 ]       16   0.000% 100.244% 
(     170,     250 ]        4   0.000% 100.244% 
(     250,     380 ]        2   0.000% 100.244% 
(     380,     580 ]        4   0.000% 100.244% 
(     580,     870 ]        6   0.000% 100.244% 
(     870,    1300 ]        3   0.000% 100.244% 
(    1300,    1900 ]        8   0.000% 100.244% 
(    1900,    2900 ]       17   0.000% 100.244% 
(    2900,    4400 ]        6   0.000% 100.245% 
(    4400,    6600 ]        1   0.000% 100.245% 
(    6600,    9900 ]        2   0.000% 100.245% 
(    9900,   14000 ]        1   0.000% 100.245% 
(   14000,   22000 ]        4   0.000% 100.245% 
(   22000,   33000 ]        8   0.000% 100.245% 
(   33000,   50000 ]       14   0.000% 100.245% 
(   50000,   75000 ]       18   0.000% 100.245% 
(   75000,  110000 ]       12   0.000% 100.245% 
(  110000,  170000 ]       18   0.000% 100.245% 
(  250000,  380000 ]        2   0.000% 100.246% 
(  860000, 1200000 ]        3   0.000% 100.246% 
( 1900000, 2900000 ]        4   0.000% 100.246% 
( 2900000, 4300000 ]        1   0.000% 100.246% 

** Level 1 read latency histogram (micros):
Count: 20987599 Average: 1.5929  StdDev: 120.97
Min: 0  Median: 0.8635  Max: 147837
Percentiles: P50: 0.86 P75: 1.45 P99: 2.76 P99.9: 2.98 P99.99: 3.06
------------------------------------------------------
[       0,       1 ] 12151959  57.901%  57.901% ############
(       1,       2 ]  7989577  38.068%  95.969% ########
(       2,       3 ]   838220   3.994%  99.963% #
(       3,       4 ]   101827   0.485% 100.448% 
(       4,       6 ]    34573   0.165% 100.613% 
(       6,      10 ]    23440   0.112% 100.724% 
(      10,      15 ]     5371   0.026% 100.750% 
(      15,      22 ]     2548   0.012% 100.762% 
(      22,      34 ]      291   0.001% 100.763% 
(      34,      51 ]      153   0.001% 100.764% 
(      51,      76 ]      375   0.002% 100.766% 
(      76,     110 ]      434   0.002% 100.768% 
(     110,     170 ]      238   0.001% 100.769% 
(     170,     250 ]      106   0.001% 100.770% 
(     250,     380 ]       20   0.000% 100.770% 
(     380,     580 ]        4   0.000% 100.770% 
(     870,    1300 ]        2   0.000% 100.770% 
(    1300,    1900 ]        7   0.000% 100.770% 
(    1900,    2900 ]        1   0.000% 100.770% 
(    2900,    4400 ]        1   0.000% 100.770% 
(   33000,   50000 ]        1   0.000% 100.770% 
(  110000,  170000 ]       14   0.000% 100.770% 

** Level 2 read latency histogram (micros):
Count: 114647 Average: 18.4212  StdDev: 1834.84
Min: 0  Median: 0.9452  Max: 516756
Percentiles: P50: 0.95 P75: 1.51 P99: 3.65 P99.9: 63.57 P99.99: 93.92
------------------------------------------------------
[       0,       1 ]    60646  52.898%  52.898% ###########
(       1,       2 ]    49459  43.140%  96.038% #########
(       2,       3 ]     2742   2.392%  98.430% 
(       3,       4 ]     1012   0.883%  99.313% 
(       4,       6 ]      205   0.179%  99.491% 
(       6,      10 ]      253   0.221%  99.712% 
(      10,      15 ]       79   0.069%  99.781% 
(      15,      22 ]       34   0.030%  99.811% 
(      22,      34 ]       14   0.012%  99.823% 
(      34,      51 ]       24   0.021%  99.844% 
(      51,      76 ]      128   0.112%  99.956% 
(      76,     110 ]       75   0.065% 100.021% 
(     110,     170 ]        3   0.003% 100.024% 
(     380,     580 ]        2   0.002% 100.025% 
(     580,     870 ]        2   0.002% 100.027% 
(     870,    1300 ]        2   0.002% 100.029% 
(   14000,   22000 ]        3   0.003% 100.031% 
(   22000,   33000 ]        7   0.006% 100.038% 
(   33000,   50000 ]        6   0.005% 100.043% 
(   50000,   75000 ]        3   0.003% 100.045% 
(   75000,  110000 ]        3   0.003% 100.048% 
(  110000,  170000 ]        3   0.003% 100.051% 
(  380000,  570000 ]        1   0.001% 100.051% 


** DB Stats **
Uptime(secs): 378.9 total, 14.9 interval
Cumulative writes: 22M writes, 22M keys, 2849K commit groups, 7.8 writes per commit group, ingest: 21.64 GB, 58.47 MB/s
Cumulative WAL: 22M writes, 0 syncs, 22221814.00 writes per sync, written: 21.64 GB, 58.47 MB/s
Cumulative stall: 00:05:29.212 H:M:S, 86.9 percent
Interval writes: 874K writes, 874K keys, 111K commit groups, 7.8 writes per commit group, ingest: 871.73 MB, 58.60 MB/s
Interval WAL: 874K writes, 0 syncs, 874279.00 writes per sync, written: 0.85 GB, 58.60 MB/s
Interval stall: 00:00:13.173 H:M:S, 88.5 percent
Write Stall (count): write-buffer-manager-limit-stops: 0
num-running-compactions: 1
num-running-flushes: 0

2026/08/31-10:20:09  ... thread 15: (115000,1388000) ops and (3634.2,3663.0) ops/second in (31.643850,378.928592) seconds
2026/08/31-10:20:09  ... thread 6: (115000,1389000) ops and (3633.7,3665.6) ops/second in (31.648246,378.928339) seconds
2026/08/31-10:20:09  ... thread 2: (115000,1390000) ops and (3633.7,3668.2) ops/second in (31.648477,378.928906) seconds
2026/08/31-10:20:09  ... thread 13: (115000,1388000) ops and (3632.9,3662.9) ops/second in (31.655118,378.930632) seconds
2026/08/31-10:20:09  ... thread 7: (115000,1389000) ops and (3633.0,3665.6) ops/second in (31.653873,378.931834) seconds
2026/08/31-10:20:09  ... thread 14: (116000,1388000) ops and (3662.7,3662.9) ops/second in (31.670568,378.932202) seconds
2026/08/31-10:20:09  ... thread 8: (115000,1389000) ops and (3632.7,3665.5) ops/second in (31.657277,378.936023) seconds
2026/08/31-10:20:09  ... thread 9: (116000,1389000) ops and (3662.9,3665.5) ops/second in (31.668738,378.936269) seconds
2026/08/31-10:20:09  ... thread 12: (116000,1392000) ops and (3664.7,3673.4) ops/second in (31.653350,378.936810) seconds
2026/08/31-10:20:09  ... thread 5: (115000,1387000) ops and (3633.2,3660.2) ops/second in (31.652142,378.937595) seconds
2026/08/31-10:20:09  ... thread 11: (116000,1390000) ops and (3661.7,3668.1) ops/second in (31.679543,378.940536) seconds
2026/08/31-10:20:09  ... thread 1: (116000,1391000) ops and (3662.6,3670.7) ops/second in (31.671555,378.942458) seconds
2026/08/31-10:20:09  ... thread 10: (115000,1390000) ops and (3630.6,3668.1) ops/second in (31.675075,378.943045) seconds
2026/08/31-10:20:09  ... thread 3: (115000,1388000) ops and (3632.5,3662.8) ops/second in (31.658983,378.947717) seconds
2026/08/31-10:20:09  ... thread 4: (116000,1390000) ops and (3660.9,3668.0) ops/second in (31.686369,378.949645) seconds
2026/08/31-10:20:44  ... thread 1: (80000,1471000) ops and (2305.4,3556.2) ops/second in (34.701020,413.643478) seconds
2026/08/31-10:20:44  ... thread 3: (80000,1468000) ops and (2305.4,3548.9) ops/second in (34.700893,413.648610) seconds
2026/08/31-10:20:44  ... thread 6: (81000,1470000) ops and (2332.8,3553.7) ops/second in (34.722845,413.651184) seconds
2026/08/31-10:20:44  ... thread 13: (81000,1469000) ops and (2332.5,3551.3) ops/second in (34.726200,413.656832) seconds
2026/08/31-10:20:44  ... thread 9: (81000,1470000) ops and (2332.9,3553.7) ops/second in (34.720685,413.656954) seconds
2026/08/31-10:20:44  ... thread 12: (81000,1473000) ops and (2332.9,3560.9) ops/second in (34.720770,413.657580) seconds
2026/08/31-10:20:44  ... thread 10: (81000,1471000) ops and (2333.2,3556.1) ops/second in (34.716008,413.659053) seconds
2026/08/31-10:20:44  ... thread 14: (81000,1469000) ops and (2332.4,3551.2) ops/second in (34.727823,413.660025) seconds
2026/08/31-10:20:44  ... thread 8: (81000,1470000) ops and (2332.6,3553.6) ops/second in (34.724497,413.660520) seconds
2026/08/31-10:20:44  ... thread 15: (81000,1469000) ops and (2332.1,3551.2) ops/second in (34.733320,413.661912) seconds
2026/08/31-10:20:44  ... thread 0: (81000,1469000) ops and (2332.0,3551.2) ops/second in (34.734616,413.661690) seconds
2026/08/31-10:20:44  ... thread 5: (81000,1468000) ops and (2332.7,3548.8) ops/second in (34.723943,413.661538) seconds

** Compaction Stats [default] **
Level    Files   Size     Score Read(GB)  Rn(GB) Rnp1(GB) Write(GB) WPreComp(GB) Wnew(GB) Moved(GB) W-Amp Rd(MB/s) Wr(MB/s) Comp(sec) CompMergeCPU(sec) Comp(cnt) Avg(sec) KeyIn KeyDrop Rblob(GB) Wblob(GB)
-------------------------------------------------------------------------------------------------------------------------------------------------------------------------------------------------------------
  L0     13/8      1.69 GB   0.6     12.1     0.0     12.1      35.2      35.2     23.1       0.0   1.5     16.7     48.5    743.37             70.58       407    1.826     35M    25K       0.0       0.0
  L1     68/68     3.93 GB   0.0     92.9    21.4     71.5      92.1      92.1     20.6       0.0   4.3    354.0    350.9    268.76            297.10        23   11.685     94M   830K       0.0       0.0
  L2    288/0     15.91 GB   0.4     18.6     8.9      9.7      17.9      17.9      8.2       7.7   2.0     36.0     34.6    530.52             54.68        99    5.359     18M   735K       0.0       0.0
 Sum    369/76    21.53 GB   0.0    123.7    30.3     93.3     145.2     145.2     51.9       7.7   6.3     82.1     96.4   1542.65            422.36       529    2.916    149M  1591K       0.0       0.0
 Int      0/0      0.00 KB   0.0     11.7     3.4      8.3      13.7      13.7      5.4       0.0   6.1     47.8     55.8    251.13             38.06        69    3.640     14M   275K       0.0       0.0

** Compaction Stats [default] **
Priority    Files   Size     Score Read(GB)  Rn(GB) Rnp1(GB) Write(GB) WPreComp(GB) Wnew(GB) Moved(GB) W-Amp Rd(MB/s) Wr(MB/s) Comp(sec) CompMergeCPU(sec) Comp(cnt) Avg(sec) KeyIn KeyDrop Rblob(GB) Wblob(GB)
----------------------------------------------------------------------------------------------------------------------------------------------------------------------------------------------------------------
 Low      0/0      0.00 KB   0.0    123.7    30.3     93.3     122.1     122.1     28.7       0.0   0.0    139.5    137.7    907.78            382.40       148    6.134    125M  1591K       0.0       0.0
High      0/0      0.00 KB   0.0      0.0     0.0      0.0      23.1      23.1     23.1       0.0   0.0      0.0     37.3    634.86             39.96       381    1.666     23M      0       0.0       0.0

Blob file count: 0, total size: 0.0 GB, garbage size: 0.0 GB, space amp: 0.0

Uptime(secs): 413.7 total, 49.6 interval
Flush(GB): cumulative 23.104, interval 2.239
AddFile(GB): cumulative 0.000, interval 0.000
AddFile(Total Files): cumulative 0, interval 0
AddFile(L0 Files): cumulative 0, interval 0
AddFile(Keys): cumulative 0, interval 0
Cumulative compaction: 145.20 GB write, 359.42 MB/s write, 123.67 GB read, 306.12 MB/s read, 1542.6 seconds
Interval compaction: 13.69 GB write, 282.65 MB/s write, 11.73 GB read, 242.04 MB/s read, 251.1 seconds
Estimated pending compaction bytes: 12693057133
Write Stall (count): cf-l0-file-count-limit-delays-with-ongoing-compaction: 3, cf-l0-file-count-limit-stops-with-ongoing-compaction: 0, l0-file-count-limit-delays: 3, l0-file-count-limit-stops: 0, memtable-limit-delays: 0, memtable-limit-stops: 260, pending-compaction-bytes-delays: 0, pending-compaction-bytes-stops: 0, total-delays: 3, total-stops: 260
interval: 37 total count
Block cache AutoHyperClockCache@0x6499b23c82d0#2259139 capacity: 512.00 MB seed: 1 usage: 7.79 MB table_size: 3585 occupancy: 1848 collections: 3 last_copies: 0 last_secs: 0.000155 secs_since: 49
Block cache entry stats(count,size,portion): Misc(1847,7.57 MB,1.47788%)

** File Read Latency Histogram By Level [default] **
** Level 0 read latency histogram (micros):
Count: 8757610 Average: 4.2813  StdDev: 2192.72
Min: 0  Median: 1.0035  Max: 3763466
Percentiles: P50: 1.00 P75: 1.60 P99: 3.00 P99.9: 4.85 P99.99: 5.49
------------------------------------------------------
[       0,       1 ]  4365878  49.852%  49.852% ##########
(       1,       2 ]  3642378  41.591%  91.443% ########
(       2,       3 ]   661919   7.558%  99.002% ##
(       3,       4 ]    68383   0.781%  99.782% 
(       4,       6 ]    24349   0.278% 100.060% 
(       6,      10 ]    10926   0.125% 100.185% 
(      10,      15 ]     2878   0.033% 100.218% 
(      15,      22 ]     1390   0.016% 100.234% 
(      22,      34 ]      127   0.001% 100.235% 
(      34,      51 ]       22   0.000% 100.236% 
(      51,      76 ]      147   0.002% 100.237% 
(      76,     110 ]      259   0.003% 100.240% 
(     110,     170 ]       16   0.000% 100.240% 
(     170,     250 ]        4   0.000% 100.241% 
(     250,     380 ]        2   0.000% 100.241% 
(     380,     580 ]        4   0.000% 100.241% 
(     580,     870 ]        7   0.000% 100.241% 
(     870,    1300 ]        3   0.000% 100.241% 
(    1300,    1900 ]        9   0.000% 100.241% 
(    1900,    2900 ]       19   0.000% 100.241% 
(    2900,    4400 ]        6   0.000% 100.241% 
(    4400,    6600 ]        1   0.000% 100.241% 
(    6600,    9900 ]        2   0.000% 100.241% 
(    9900,   14000 ]        1   0.000% 100.241% 
(   14000,   22000 ]        4   0.000% 100.241% 
(   22000,   33000 ]        9   0.000% 100.241% 
(   33000,   50000 ]       16   0.000% 100.241% 
(   50000,   75000 ]       19   0.000% 100.242% 
(   75000,  110000 ]       13   0.000% 100.242% 
(  110000,  170000 ]       19   0.000% 100.242% 
(  250000,  380000 ]        2   0.000% 100.242% 
(  860000, 1200000 ]        3   0.000% 100.242% 
( 1900000, 2900000 ]        4   0.000% 100.242% 
( 2900000, 4300000 ]        1   0.000% 100.242% 

** Level 1 read latency histogram (micros):
Count: 22480732 Average: 1.5818  StdDev: 116.88
Min: 0  Median: 0.8572  Max: 147837
Percentiles: P50: 0.86 P75: 1.44 P99: 2.76 P99.9: 2.99 P99.99: 3.09
------------------------------------------------------
[       0,       1 ] 13112359  58.327%  58.327% ############
(       1,       2 ]  8457620  37.622%  95.949% ########
(       2,       3 ]   898207   3.995%  99.944% #
(       3,       4 ]   109199   0.486% 100.430% 
(       4,       6 ]    37180   0.165% 100.595% 
(       6,      10 ]    25005   0.111% 100.707% 
(      10,      15 ]     5812   0.026% 100.732% 
(      15,      22 ]     2796   0.012% 100.745% 
(      22,      34 ]      313   0.001% 100.746% 
(      34,      51 ]      166   0.001% 100.747% 
(      51,      76 ]      416   0.002% 100.749% 
(      76,     110 ]      474   0.002% 100.751% 
(     110,     170 ]      254   0.001% 100.752% 
(     170,     250 ]      108   0.000% 100.753% 
(     250,     380 ]       20   0.000% 100.753% 
(     380,     580 ]        4   0.000% 100.753% 
(     870,    1300 ]        2   0.000% 100.753% 
(    1300,    1900 ]        7   0.000% 100.753% 
(    1900,    2900 ]        1   0.000% 100.753% 
(    2900,    4400 ]        1   0.000% 100.753% 
(   33000,   50000 ]        1   0.000% 100.753% 
(  110000,  170000 ]       14   0.000% 100.753% 

** Level 2 read latency histogram (micros):
Count: 628351 Average: 5.0850  StdDev: 804.48
Min: 0  Median: 0.8167  Max: 516756
Percentiles: P50: 0.82 P75: 1.40 P99: 2.92 P99.9: 4.40 P99.99: 5.30
------------------------------------------------------
[       0,       1 ]   384682  61.221%  61.221% ############
(       1,       2 ]   218440  34.764%  95.985% #######
(       2,       3 ]    20632   3.284%  99.268% #
(       3,       4 ]     3714   0.591%  99.859% 
(       4,       6 ]     1259   0.200% 100.060% 
(       6,      10 ]      778   0.124% 100.184% 
(      10,      15 ]      211   0.034% 100.217% 
(      15,      22 ]      120   0.019% 100.236% 
(      22,      34 ]       31   0.005% 100.241% 
(      34,      51 ]       42   0.007% 100.248% 
(      51,      76 ]      161   0.026% 100.274% 
(      76,     110 ]      100   0.016% 100.289% 
(     110,     170 ]        3   0.000% 100.290% 
(     380,     580 ]        2   0.000% 100.290% 
(     580,     870 ]        2   0.000% 100.291% 
(     870,    1300 ]        2   0.000% 100.291% 
(    1300,    1900 ]        1   0.000% 100.291% 
(    1900,    2900 ]        1   0.000% 100.291% 
(    2900,    4400 ]        2   0.000% 100.292% 
(   14000,   22000 ]        3   0.000% 100.292% 
(   22000,   33000 ]        9   0.001% 100.293% 
(   33000,   50000 ]        9   0.001% 100.295% 
(   50000,   75000 ]        4   0.001% 100.296% 
(   75000,  110000 ]        4   0.001% 100.296% 
(  110000,  170000 ]        3   0.000% 100.297% 
(  380000,  570000 ]        1   0.000% 100.297% 


** DB Stats **
Uptime(secs): 413.7 total, 34.7 interval
Cumulative writes: 23M writes, 23M keys, 3016K commit groups, 7.8 writes per commit group, ingest: 22.90 GB, 56.70 MB/s
Cumulative WAL: 23M writes, 0 syncs, 23521927.00 writes per sync, written: 22.90 GB, 56.70 MB/s
Cumulative stall: 00:06:0.568 H:M:S, 87.2 percent
Interval writes: 1300K writes, 1300K keys, 167K commit groups, 7.8 writes per commit group, ingest: 1296.36 MB, 37.32 MB/s
Interval WAL: 1300K writes, 0 syncs, 1300113.00 writes per sync, written: 1.27 GB, 37.32 MB/s
Interval stall: 00:00:31.356 H:M:S, 90.3 percent
Write Stall (count): write-buffer-manager-limit-stops: 0
num-running-compactions: 1
num-running-flushes: 0

2026/08/31-10:20:44  ... thread 2: (81000,1471000) ops and (2332.0,3556.0) ops/second in (34.734073,413.662979) seconds
2026/08/31-10:20:44  ... thread 11: (81000,1471000) ops and (2332.8,3556.0) ops/second in (34.722781,413.663317) seconds
2026/08/31-10:20:44  ... thread 4: (81000,1471000) ops and (2333.3,3556.0) ops/second in (34.715093,413.664738) seconds
2026/08/31-10:20:44  ... thread 7: (81000,1470000) ops and (2332.1,3553.6) ops/second in (34.732868,413.664702) seconds
2026/08/31-10:21:14  ... thread 6: (135000,1605000) ops and (4450.2,3615.0) ops/second in (30.335909,443.987093) seconds
2026/08/31-10:21:14  ... thread 14: (135000,1604000) ops and (4449.8,3612.6) ops/second in (30.338460,443.998485) seconds
2026/08/31-10:21:14  ... thread 9: (135000,1605000) ops and (4448.5,3614.8) ops/second in (30.347408,444.004362) seconds
2026/08/31-10:21:14  ... thread 10: (135000,1606000) ops and (4448.5,3617.1) ops/second in (30.347156,444.006209) seconds
2026/08/31-10:21:14  ... thread 7: (135000,1605000) ops and (4449.4,3614.8) ops/second in (30.341211,444.005913) seconds
2026/08/31-10:21:14  ... thread 2: (135000,1606000) ops and (4448.7,3617.0) ops/second in (30.346020,444.008999) seconds
2026/08/31-10:21:14  ... thread 12: (135000,1608000) ops and (4447.6,3621.5) ops/second in (30.353379,444.010959) seconds
2026/08/31-10:21:14  ... thread 5: (135000,1603000) ops and (4448.2,3610.3) ops/second in (30.349645,444.011183) seconds
2026/08/31-10:21:14  ... thread 4: (135000,1606000) ops and (4448.3,3617.0) ops/second in (30.348418,444.013156) seconds
2026/08/31-10:21:14  ... thread 15: (135000,1604000) ops and (4447.8,3612.5) ops/second in (30.352038,444.013950) seconds
2026/08/31-10:21:14  ... thread 0: (135000,1604000) ops and (4447.6,3612.5) ops/second in (30.353318,444.015008) seconds

** Compaction Stats [default] **
Level    Files   Size     Score Read(GB)  Rn(GB) Rnp1(GB) Write(GB) WPreComp(GB) Wnew(GB) Moved(GB) W-Amp Rd(MB/s) Wr(MB/s) Comp(sec) CompMergeCPU(sec) Comp(cnt) Avg(sec) KeyIn KeyDrop Rblob(GB) Wblob(GB)
-------------------------------------------------------------------------------------------------------------------------------------------------------------------------------------------------------------
  L0     10/8      2.36 GB   0.2     14.1     0.0     14.1      39.3      39.3     25.1       0.0   1.6     18.3     50.8    790.90             79.47       445    1.777     39M    30K       0.0       0.0
  L1     72/72     3.99 GB   0.0     98.2    22.8     75.4      97.3      97.3     21.9       0.0   4.3    352.6    349.4    285.29            313.15        24   11.887     99M   891K       0.0       0.0
  L2    309/0     17.03 GB   0.4     21.7    10.2     11.5      20.8      20.8      9.3       7.7   2.0     32.5     31.2    682.79             64.30       118    5.786     22M   887K       0.0       0.0
 Sum    391/80    23.38 GB   0.0    134.0    33.0    101.1     157.4     157.4     56.4       7.7   6.3     78.0     91.6   1758.97            456.92       587    2.997    162M  1809K       0.0       0.0
 Int      0/0      0.00 KB   0.0      4.9     1.2      3.7       6.5       6.5      2.8       0.0   3.8     28.1     37.0    179.40             17.47        50    3.588   6743K   150K       0.0       0.0

** Compaction Stats [default] **
Priority    Files   Size     Score Read(GB)  Rn(GB) Rnp1(GB) Write(GB) WPreComp(GB) Wnew(GB) Moved(GB) W-Amp Rd(MB/s) Wr(MB/s) Comp(sec) CompMergeCPU(sec) Comp(cnt) Avg(sec) KeyIn KeyDrop Rblob(GB) Wblob(GB)
----------------------------------------------------------------------------------------------------------------------------------------------------------------------------------------------------------------
 Low      0/0      0.00 KB   0.0    134.0    33.0    101.1     132.2     132.2     31.2       0.0   0.0    125.9    124.2   1090.04            413.42       172    6.337    136M  1809K       0.0       0.0
High      0/0      0.00 KB   0.0      0.0     0.0      0.0      25.2      25.2     25.2       0.0   0.0      0.0     38.5    668.93             43.50       415    1.612     25M      0       0.0       0.0

Blob file count: 0, total size: 0.0 GB, garbage size: 0.0 GB, space amp: 0.0

Uptime(secs): 444.0 total, 20.0 interval
Flush(GB): cumulative 25.168, interval 1.700
AddFile(GB): cumulative 0.000, interval 0.000
AddFile(Total Files): cumulative 0, interval 0
AddFile(L0 Files): cumulative 0, interval 0
AddFile(Keys): cumulative 0, interval 0
Cumulative compaction: 157.42 GB write, 363.03 MB/s write, 134.04 GB read, 309.11 MB/s read, 1759.0 seconds
Interval compaction: 6.48 GB write, 332.39 MB/s write, 4.93 GB read, 252.77 MB/s read, 179.4 seconds
Estimated pending compaction bytes: 16113247701
Write Stall (count): cf-l0-file-count-limit-delays-with-ongoing-compaction: 3, cf-l0-file-count-limit-stops-with-ongoing-compaction: 0, l0-file-count-limit-delays: 3, l0-file-count-limit-stops: 0, memtable-limit-delays: 0, memtable-limit-stops: 286, pending-compaction-bytes-delays: 0, pending-compaction-bytes-stops: 0, total-delays: 3, total-stops: 286
interval: 22 total count
Block cache AutoHyperClockCache@0x6499b23c82d0#2259139 capacity: 512.00 MB seed: 1 usage: 7.79 MB table_size: 3585 occupancy: 1848 collections: 3 last_copies: 1 last_secs: 0.000155 secs_since: 79
Block cache entry stats(count,size,portion): Misc(1847,7.57 MB,1.47788%)

** File Read Latency Histogram By Level [default] **
** Level 0 read latency histogram (micros):
Count: 9527619 Average: 4.1332  StdDev: 2104.35
Min: 0  Median: 0.9917  Max: 3763466
Percentiles: P50: 0.99 P75: 1.59 P99: 2.99 P99.9: 4.81 P99.99: 5.49
------------------------------------------------------
[       0,       1 ]  4803670  50.418%  50.418% ##########
(       1,       2 ]  3942367  41.378%  91.797% ########
(       2,       3 ]   690807   7.251%  99.047% #
(       3,       4 ]    70850   0.744%  99.791% 
(       4,       6 ]    25521   0.268% 100.059% 
(       6,      10 ]    11625   0.122% 100.181% 
(      10,      15 ]     3030   0.032% 100.213% 
(      15,      22 ]     1469   0.015% 100.228% 
(      22,      34 ]      131   0.001% 100.229% 
(      34,      51 ]       22   0.000% 100.230% 
(      51,      76 ]      158   0.002% 100.231% 
(      76,     110 ]      285   0.003% 100.234% 
(     110,     170 ]       16   0.000% 100.234% 
(     170,     250 ]        4   0.000% 100.234% 
(     250,     380 ]        2   0.000% 100.234% 
(     380,     580 ]        6   0.000% 100.235% 
(     580,     870 ]        9   0.000% 100.235% 
(     870,    1300 ]        5   0.000% 100.235% 
(    1300,    1900 ]       10   0.000% 100.235% 
(    1900,    2900 ]       19   0.000% 100.235% 
(    2900,    4400 ]        6   0.000% 100.235% 
(    4400,    6600 ]        1   0.000% 100.235% 
(    6600,    9900 ]        2   0.000% 100.235% 
(    9900,   14000 ]        1   0.000% 100.235% 
(   14000,   22000 ]        4   0.000% 100.235% 
(   22000,   33000 ]        9   0.000% 100.235% 
(   33000,   50000 ]       16   0.000% 100.235% 
(   50000,   75000 ]       21   0.000% 100.236% 
(   75000,  110000 ]       15   0.000% 100.236% 
(  110000,  170000 ]       22   0.000% 100.236% 
(  250000,  380000 ]        2   0.000% 100.236% 
(  860000, 1200000 ]        3   0.000% 100.236% 
( 1900000, 2900000 ]        4   0.000% 100.236% 
( 2900000, 4300000 ]        1   0.000% 100.236% 

** Level 1 read latency histogram (micros):
Count: 23444925 Average: 1.5780  StdDev: 114.46
Min: 0  Median: 0.8570  Max: 147837
Percentiles: P50: 0.86 P75: 1.44 P99: 2.77 P99.9: 2.99 P99.99: 3.13
------------------------------------------------------
[       0,       1 ] 13678642  58.344%  58.344% ############
(       1,       2 ]  8811407  37.583%  95.927% ########
(       2,       3 ]   937917   4.001%  99.928% #
(       3,       4 ]   115049   0.491% 100.418% 
(       4,       6 ]    39455   0.168% 100.587% 
(       6,      10 ]    26153   0.112% 100.698% 
(      10,      15 ]     6081   0.026% 100.724% 
(      15,      22 ]     2897   0.012% 100.737% 
(      22,      34 ]      323   0.001% 100.738% 
(      34,      51 ]      174   0.001% 100.739% 
(      51,      76 ]      459   0.002% 100.741% 
(      76,     110 ]      511   0.002% 100.743% 
(     110,     170 ]      260   0.001% 100.744% 
(     170,     250 ]      109   0.000% 100.744% 
(     250,     380 ]       20   0.000% 100.744% 
(     380,     580 ]        4   0.000% 100.744% 
(     870,    1300 ]        2   0.000% 100.744% 
(    1300,    1900 ]        7   0.000% 100.744% 
(    1900,    2900 ]        1   0.000% 100.744% 
(    2900,    4400 ]        1   0.000% 100.744% 
(   33000,   50000 ]        1   0.000% 100.745% 
(  110000,  170000 ]       14   0.000% 100.745% 

** Level 2 read latency histogram (micros):
Count: 968489 Average: 5.3095  StdDev: 788.99
Min: 0  Median: 0.8305  Max: 516756
Percentiles: P50: 0.83 P75: 1.42 P99: 2.95 P99.9: 3.90 P99.99: 4.07
------------------------------------------------------
[       0,       1 ]   583046  60.202%  60.202% ############
(       1,       2 ]   341293  35.240%  95.441% #######
(       2,       3 ]    36284   3.746%  99.188% #
(       3,       4 ]     7682   0.793%  99.981% 
(       4,       6 ]     2370   0.245% 100.226% 
(       6,      10 ]     1173   0.121% 100.347% 
(      10,      15 ]      298   0.031% 100.378% 
(      15,      22 ]      167   0.017% 100.395% 
(      22,      34 ]       45   0.005% 100.399% 
(      34,      51 ]       49   0.005% 100.405% 
(      51,      76 ]      184   0.019% 100.424% 
(      76,     110 ]      121   0.012% 100.436% 
(     110,     170 ]        4   0.000% 100.436% 
(     170,     250 ]        2   0.000% 100.437% 
(     380,     580 ]        2   0.000% 100.437% 
(     580,     870 ]        2   0.000% 100.437% 
(     870,    1300 ]        3   0.000% 100.437% 
(    1300,    1900 ]        1   0.000% 100.437% 
(    1900,    2900 ]        1   0.000% 100.438% 
(    2900,    4400 ]        2   0.000% 100.438% 
(    6600,    9900 ]        2   0.000% 100.438% 
(   14000,   22000 ]        3   0.000% 100.438% 
(   22000,   33000 ]       12   0.001% 100.440% 
(   33000,   50000 ]       12   0.001% 100.441% 
(   50000,   75000 ]        5   0.001% 100.441% 
(   75000,  110000 ]        6   0.001% 100.442% 
(  110000,  170000 ]        5   0.001% 100.442% 
(  170000,  250000 ]        4   0.000% 100.443% 
(  380000,  570000 ]        1   0.000% 100.443% 


** DB Stats **
Uptime(secs): 444.0 total, 20.0 interval
Cumulative writes: 25M writes, 25M keys, 3290K commit groups, 7.8 writes per commit group, ingest: 25.01 GB, 57.68 MB/s
Cumulative WAL: 25M writes, 0 syncs, 25684128.00 writes per sync, written: 25.01 GB, 57.68 MB/s
Cumulative stall: 00:06:24.912 H:M:S, 86.7 percent
Interval writes: 1803K writes, 1803K keys, 228K commit groups, 7.9 writes per commit group, ingest: 1797.96 MB, 90.07 MB/s
Interval WAL: 1803K writes, 0 syncs, 1803215.00 writes per sync, written: 1.76 GB, 90.07 MB/s
Interval stall: 00:00:16.375 H:M:S, 82.0 percent
Write Stall (count): write-buffer-manager-limit-stops: 0
num-running-compactions: 1
num-running-flushes: 1

2026/08/31-10:21:14  ... thread 8: (135000,1605000) ops and (4447.4,3614.7) ops/second in (30.354918,444.015438) seconds
2026/08/31-10:21:14  ... thread 11: (135000,1606000) ops and (4447.4,3617.0) ops/second in (30.355093,444.018410) seconds
2026/08/31-10:21:14  ... thread 13: (135000,1604000) ops and (4441.8,3612.2) ops/second in (30.393059,444.049891) seconds
2026/08/31-10:21:14  ... thread 1: (136000,1607000) ops and (4472.5,3618.9) ops/second in (30.408004,444.051482) seconds
2026/08/31-10:21:14  ... thread 3: (136000,1604000) ops and (4473.2,3612.2) ops/second in (30.403046,444.051656) seconds
2026/08/31-10:21:45  ... thread 10: (58000,1664000) ops and (1858.6,3501.6) ops/second in (31.206896,475.213105) seconds
2026/08/31-10:21:45  ... thread 13: (57000,1661000) ops and (1829.1,3495.3) ops/second in (31.163195,475.213086) seconds
2026/08/31-10:21:45  ... thread 4: (58000,1664000) ops and (1858.9,3501.6) ops/second in (31.202029,475.215185) seconds
2026/08/31-10:21:45  ... thread 7: (58000,1663000) ops and (1858.2,3499.4) ops/second in (31.213748,475.219661) seconds
2026/08/31-10:21:45  ... thread 11: (58000,1664000) ops and (1858.9,3501.5) ops/second in (31.201226,475.219636) seconds
2026/08/31-10:21:45  ... thread 6: (58000,1663000) ops and (1857.0,3499.4) ops/second in (31.233650,475.220743) seconds
2026/08/31-10:21:45  ... thread 15: (58000,1662000) ops and (1858.5,3497.3) ops/second in (31.207523,475.221473) seconds
2026/08/31-10:21:45  ... thread 14: (58000,1662000) ops and (1857.6,3497.3) ops/second in (31.222497,475.220982) seconds
2026/08/31-10:21:45  ... thread 12: (58000,1666000) ops and (1858.3,3505.7) ops/second in (31.211359,475.222318) seconds
2026/08/31-10:21:45  ... thread 0: (58000,1662000) ops and (1858.5,3497.3) ops/second in (31.207403,475.222411) seconds
2026/08/31-10:21:45  ... thread 8: (58000,1663000) ops and (1858.6,3499.4) ops/second in (31.207044,475.222482) seconds

** Compaction Stats [default] **
Level    Files   Size     Score Read(GB)  Rn(GB) Rnp1(GB) Write(GB) WPreComp(GB) Wnew(GB) Moved(GB) W-Amp Rd(MB/s) Wr(MB/s) Comp(sec) CompMergeCPU(sec) Comp(cnt) Avg(sec) KeyIn KeyDrop Rblob(GB) Wblob(GB)
-------------------------------------------------------------------------------------------------------------------------------------------------------------------------------------------------------------
  L0     11/9      1.09 GB   0.2     14.6     0.0     14.6      40.7      40.7     26.1       0.0   1.6     17.7     49.2    847.98             82.63       462    1.835     41M    31K       0.0       0.0
  L1     79/8      4.47 GB   1.0    104.5    25.0     79.4     103.5     103.5     24.0       0.0   4.1    351.0    347.7    304.74            331.10        25   12.190    106M  1000K       0.0       0.0
  L2    341/19    18.46 GB   0.4     25.8    11.9     13.9      24.7      24.7     10.8       7.7   2.1     31.1     29.8    848.94             77.15       150    5.660     26M  1114K       0.0       0.0
 Sum    431/36    24.02 GB   0.0    144.9    36.9    108.0     168.9     168.9     60.9       7.7   6.5     74.1     86.4   2001.66            490.89       637    3.142    174M  2145K       0.0       0.0
 Int      0/0      0.00 KB   0.0     15.7     5.1     10.6      17.9      17.9      7.3       0.0   6.7     38.2     43.5    422.09             51.43       100    4.221     18M   486K       0.0       0.0

** Compaction Stats [default] **
Priority    Files   Size     Score Read(GB)  Rn(GB) Rnp1(GB) Write(GB) WPreComp(GB) Wnew(GB) Moved(GB) W-Amp Rd(MB/s) Wr(MB/s) Comp(sec) CompMergeCPU(sec) Comp(cnt) Avg(sec) KeyIn KeyDrop Rblob(GB) Wblob(GB)
----------------------------------------------------------------------------------------------------------------------------------------------------------------------------------------------------------------
 Low      0/0      0.00 KB   0.0    144.9    36.9    108.0     142.7     142.7     34.7       0.0   0.0    115.4    113.7   1285.33            445.50       206    6.239    147M  2145K       0.0       0.0
High      0/0      0.00 KB   0.0      0.0     0.0      0.0      26.1      26.1     26.1       0.0   0.0      0.0     37.4    716.33             45.39       431    1.662     26M      0       0.0       0.0

Blob file count: 0, total size: 0.0 GB, garbage size: 0.0 GB, space amp: 0.0

Uptime(secs): 475.2 total, 51.2 interval
Flush(GB): cumulative 26.140, interval 2.672
AddFile(GB): cumulative 0.000, interval 0.000
AddFile(Total Files): cumulative 0, interval 0
AddFile(L0 Files): cumulative 0, interval 0
AddFile(Keys): cumulative 0, interval 0
Cumulative compaction: 168.87 GB write, 363.88 MB/s write, 144.85 GB read, 312.12 MB/s read, 2001.7 seconds
Interval compaction: 17.94 GB write, 358.96 MB/s write, 15.74 GB read, 315.07 MB/s read, 422.1 seconds
Estimated pending compaction bytes: 13219614467
Write Stall (count): cf-l0-file-count-limit-delays-with-ongoing-compaction: 3, cf-l0-file-count-limit-stops-with-ongoing-compaction: 0, l0-file-count-limit-delays: 3, l0-file-count-limit-stops: 0, memtable-limit-delays: 0, memtable-limit-stops: 302, pending-compaction-bytes-delays: 0, pending-compaction-bytes-stops: 0, total-delays: 3, total-stops: 302
interval: 38 total count
Block cache AutoHyperClockCache@0x6499b23c82d0#2259139 capacity: 512.00 MB seed: 1 usage: 7.79 MB table_size: 3585 occupancy: 1848 collections: 3 last_copies: 1 last_secs: 0.000155 secs_since: 111
Block cache entry stats(count,size,portion): Misc(1847,7.57 MB,1.47788%)

** File Read Latency Histogram By Level [default] **
** Level 0 read latency histogram (micros):
Count: 10027894 Average: 4.0560  StdDev: 2052.18
Min: 0  Median: 0.9816  Max: 3763466
Percentiles: P50: 0.98 P75: 1.59 P99: 2.99 P99.9: 4.80 P99.99: 5.49
------------------------------------------------------
[       0,       1 ]  5107860  50.937%  50.937% ##########
(       1,       2 ]  4113071  41.016%  91.953% ########
(       2,       3 ]   713237   7.113%  99.065% #
(       3,       4 ]    73225   0.730%  99.796% 
(       4,       6 ]    26149   0.261% 100.056% 
(       6,      10 ]    12152   0.121% 100.178% 
(      10,      15 ]     3191   0.032% 100.209% 
(      15,      22 ]     1571   0.016% 100.225% 
(      22,      34 ]      140   0.001% 100.226% 
(      34,      51 ]       24   0.000% 100.227% 
(      51,      76 ]      165   0.002% 100.228% 
(      76,     110 ]      294   0.003% 100.231% 
(     110,     170 ]       16   0.000% 100.231% 
(     170,     250 ]        4   0.000% 100.231% 
(     250,     380 ]        2   0.000% 100.231% 
(     380,     580 ]        7   0.000% 100.231% 
(     580,     870 ]        9   0.000% 100.232% 
(     870,    1300 ]        5   0.000% 100.232% 
(    1300,    1900 ]       10   0.000% 100.232% 
(    1900,    2900 ]       19   0.000% 100.232% 
(    2900,    4400 ]        6   0.000% 100.232% 
(    4400,    6600 ]        1   0.000% 100.232% 
(    6600,    9900 ]        3   0.000% 100.232% 
(    9900,   14000 ]        1   0.000% 100.232% 
(   14000,   22000 ]        4   0.000% 100.232% 
(   22000,   33000 ]       12   0.000% 100.232% 
(   33000,   50000 ]       17   0.000% 100.232% 
(   50000,   75000 ]       22   0.000% 100.233% 
(   75000,  110000 ]       19   0.000% 100.233% 
(  110000,  170000 ]       22   0.000% 100.233% 
(  250000,  380000 ]        2   0.000% 100.233% 
(  860000, 1200000 ]        3   0.000% 100.233% 
( 1900000, 2900000 ]        4   0.000% 100.233% 
( 2900000, 4300000 ]        1   0.000% 100.233% 

** Level 1 read latency histogram (micros):
Count: 24601987 Average: 1.5718  StdDev: 111.73
Min: 0  Median: 0.8538  Max: 147837
Percentiles: P50: 0.85 P75: 1.44 P99: 2.78 P99.9: 3.00 P99.99: 3.18
------------------------------------------------------
[       0,       1 ] 14406566  58.559%  58.559% ############
(       1,       2 ]  9183369  37.328%  95.886% #######
(       2,       3 ]   988221   4.017%  99.903% #
(       3,       4 ]   120989   0.492% 100.395% 
(       4,       6 ]    41360   0.168% 100.563% 
(       6,      10 ]    27454   0.112% 100.675% 
(      10,      15 ]     6485   0.026% 100.701% 
(      15,      22 ]     3099   0.013% 100.714% 
(      22,      34 ]      348   0.001% 100.715% 
(      34,      51 ]      185   0.001% 100.716% 
(      51,      76 ]      513   0.002% 100.718% 
(      76,     110 ]      560   0.002% 100.720% 
(     110,     170 ]      263   0.001% 100.721% 
(     170,     250 ]      111   0.000% 100.722% 
(     250,     380 ]       20   0.000% 100.722% 
(     380,     580 ]        4   0.000% 100.722% 
(     870,    1300 ]        2   0.000% 100.722% 
(    1300,    1900 ]        7   0.000% 100.722% 
(    1900,    2900 ]        1   0.000% 100.722% 
(    2900,    4400 ]        2   0.000% 100.722% 
(   33000,   50000 ]        1   0.000% 100.722% 
(  110000,  170000 ]       14   0.000% 100.722% 

** Level 2 read latency histogram (micros):
Count: 1741591 Average: 4.5082  StdDev: 674.44
Min: 0  Median: 0.8483  Max: 516756
Percentiles: P50: 0.85 P75: 1.44 P99: 2.94 P99.9: 3.85 P99.99: 3.96
------------------------------------------------------
[       0,       1 ]  1026572  58.944%  58.944% ############
(       1,       2 ]   631331  36.250%  95.195% #######
(       2,       3 ]    70302   4.037%  99.231% #
(       3,       4 ]    13763   0.790% 100.022% 
(       4,       6 ]     4258   0.244% 100.266% 
(       6,      10 ]     2117   0.122% 100.388% 
(      10,      15 ]      517   0.030% 100.417% 
(      15,      22 ]      287   0.016% 100.434% 
(      22,      34 ]       57   0.003% 100.437% 
(      34,      51 ]       67   0.004% 100.441% 
(      51,      76 ]      210   0.012% 100.453% 
(      76,     110 ]      149   0.009% 100.462% 
(     110,     170 ]        7   0.000% 100.462% 
(     170,     250 ]        2   0.000% 100.462% 
(     380,     580 ]        2   0.000% 100.462% 
(     580,     870 ]        6   0.000% 100.463% 
(     870,    1300 ]        5   0.000% 100.463% 
(    1300,    1900 ]        1   0.000% 100.463% 
(    1900,    2900 ]        1   0.000% 100.463% 
(    2900,    4400 ]        2   0.000% 100.463% 
(    4400,    6600 ]        4   0.000% 100.463% 
(    6600,    9900 ]        2   0.000% 100.463% 
(   14000,   22000 ]        3   0.000% 100.464% 
(   22000,   33000 ]       15   0.001% 100.464% 
(   33000,   50000 ]       15   0.001% 100.465% 
(   50000,   75000 ]       11   0.001% 100.466% 
(   75000,  110000 ]        6   0.000% 100.466% 
(  110000,  170000 ]        6   0.000% 100.467% 
(  170000,  250000 ]        9   0.001% 100.467% 
(  380000,  570000 ]        1   0.000% 100.467% 


** DB Stats **
Uptime(secs): 475.2 total, 31.2 interval
Cumulative writes: 26M writes, 26M keys, 3408K commit groups, 7.8 writes per commit group, ingest: 25.91 GB, 55.83 MB/s
Cumulative WAL: 26M writes, 0 syncs, 26607583.00 writes per sync, written: 25.91 GB, 55.83 MB/s
Cumulative stall: 00:06:53.699 H:M:S, 87.1 percent
Interval writes: 923K writes, 923K keys, 118K commit groups, 7.8 writes per commit group, ingest: 920.78 MB, 29.51 MB/s
Interval WAL: 923K writes, 0 syncs, 923455.00 writes per sync, written: 0.90 GB, 29.51 MB/s
Interval stall: 00:00:28.787 H:M:S, 92.2 percent
Write Stall (count): write-buffer-manager-limit-stops: 0
num-running-compactions: 10
num-running-flushes: 1

2026/08/31-10:21:45  ... thread 5: (58000,1661000) ops and (1858.3,3495.2) ops/second in (31.211608,475.222791) seconds
2026/08/31-10:21:45  ... thread 2: (58000,1664000) ops and (1858.0,3501.5) ops/second in (31.216255,475.225254) seconds
2026/08/31-10:21:45  ... thread 9: (58000,1663000) ops and (1857.7,3499.4) ops/second in (31.222087,475.226449) seconds
2026/08/31-10:21:45  ... thread 1: (57000,1664000) ops and (1828.2,3501.5) ops/second in (31.178355,475.229837) seconds
2026/08/31-10:21:45  ... thread 3: (57000,1661000) ops and (1828.2,3495.1) ops/second in (31.178628,475.230284) seconds
2026/08/31-10:22:22  ... thread 5: (150000,1811000) ops and (4086.0,3537.6) ops/second in (36.710805,511.933596) seconds
2026/08/31-10:22:22  ... thread 9: (150000,1813000) ops and (4086.1,3541.5) ops/second in (36.709779,511.936228) seconds
2026/08/31-10:22:22  ... thread 0: (150000,1812000) ops and (4085.4,3539.5) ops/second in (36.716510,511.938921) seconds

** Compaction Stats [default] **
Level    Files   Size     Score Read(GB)  Rn(GB) Rnp1(GB) Write(GB) WPreComp(GB) Wnew(GB) Moved(GB) W-Amp Rd(MB/s) Wr(MB/s) Comp(sec) CompMergeCPU(sec) Comp(cnt) Avg(sec) KeyIn KeyDrop Rblob(GB) Wblob(GB)
-------------------------------------------------------------------------------------------------------------------------------------------------------------------------------------------------------------
  L0      8/0    929.60 MB   1.0     17.0     0.0     17.0      45.5      45.5     28.5       0.0   1.6     18.9     50.5    923.29             92.90       507    1.821     46M    35K       0.0       0.0
  L1    110/18     6.26 GB   1.3    110.9    27.6     83.4     109.8     109.8     26.4       0.0   4.0    349.2    345.6    325.38            351.21        26   12.515    112M  1127K       0.0       0.0
  L2    351/30    18.99 GB   0.4     27.5    12.5     15.0      26.3      26.3     11.3       7.7   2.1     30.2     28.9    931.90             82.74       160    5.824     28M  1206K       0.0       0.0
 Sum    469/48    26.17 GB   0.0    155.5    40.0    115.5     181.7     181.7     66.2       7.7   6.4     73.0     85.3   2180.57            526.84       693    3.147    187M  2369K       0.0       0.0
 Int      0/0      0.00 KB   0.0      7.2     2.6      4.5       7.8       7.8      3.2       0.0  10.7     79.3     85.8     92.63             23.26        16    5.789   8036K   140K       0.0       0.0

** Compaction Stats [default] **
Priority    Files   Size     Score Read(GB)  Rn(GB) Rnp1(GB) Write(GB) WPreComp(GB) Wnew(GB) Moved(GB) W-Amp Rd(MB/s) Wr(MB/s) Comp(sec) CompMergeCPU(sec) Comp(cnt) Avg(sec) KeyIn KeyDrop Rblob(GB) Wblob(GB)
----------------------------------------------------------------------------------------------------------------------------------------------------------------------------------------------------------------
 Low      0/0      0.00 KB   0.0    155.5    40.0    115.5     153.2     153.2     37.7       0.0   0.0    113.0    111.3   1408.78            477.48       223    6.317    158M  2369K       0.0       0.0
High      0/0      0.00 KB   0.0      0.0     0.0      0.0      28.5      28.5     28.5       0.0   0.0      0.0     37.8    771.79             49.36       470    1.642     29M      0       0.0       0.0

Blob file count: 0, total size: 0.0 GB, garbage size: 0.0 GB, space amp: 0.0

Uptime(secs): 511.9 total, 27.9 interval
Flush(GB): cumulative 28.506, interval 0.727
AddFile(GB): cumulative 0.000, interval 0.000
AddFile(Total Files): cumulative 0, interval 0
AddFile(L0 Files): cumulative 0, interval 0
AddFile(Keys): cumulative 0, interval 0
Cumulative compaction: 181.67 GB write, 363.37 MB/s write, 155.50 GB read, 311.04 MB/s read, 2180.6 seconds
Interval compaction: 7.76 GB write, 285.02 MB/s write, 7.17 GB read, 263.40 MB/s read, 92.6 seconds
Estimated pending compaction bytes: 20124888598
Write Stall (count): cf-l0-file-count-limit-delays-with-ongoing-compaction: 5, cf-l0-file-count-limit-stops-with-ongoing-compaction: 0, l0-file-count-limit-delays: 5, l0-file-count-limit-stops: 0, memtable-limit-delays: 0, memtable-limit-stops: 328, pending-compaction-bytes-delays: 0, pending-compaction-bytes-stops: 0, total-delays: 5, total-stops: 328
interval: 11 total count
Block cache AutoHyperClockCache@0x6499b23c82d0#2259139 capacity: 512.00 MB seed: 1 usage: 7.79 MB table_size: 3585 occupancy: 1848 collections: 3 last_copies: 2 last_secs: 0.000155 secs_since: 147
Block cache entry stats(count,size,portion): Misc(1847,7.57 MB,1.47788%)

** File Read Latency Histogram By Level [default] **
** Level 0 read latency histogram (micros):
Count: 11284574 Average: 3.8606  StdDev: 1937.64
Min: 0  Median: 0.9690  Max: 3763466
Percentiles: P50: 0.97 P75: 1.58 P99: 2.99 P99.9: 4.76 P99.99: 5.47
------------------------------------------------------
[       0,       1 ]  5822634  51.598%  51.598% ##########
(       1,       2 ]  4581152  40.597%  92.195% ########
(       2,       3 ]   778304   6.897%  99.092% #
(       3,       4 ]    80208   0.711%  99.803% 
(       4,       6 ]    28843   0.256% 100.058% 
(       6,      10 ]    13435   0.119% 100.177% 
(      10,      15 ]     3561   0.032% 100.209% 
(      15,      22 ]     1776   0.016% 100.225% 
(      22,      34 ]      150   0.001% 100.226% 
(      34,      51 ]       28   0.000% 100.226% 
(      51,      76 ]      178   0.002% 100.228% 
(      76,     110 ]      326   0.003% 100.231% 
(     110,     170 ]       17   0.000% 100.231% 
(     170,     250 ]        5   0.000% 100.231% 
(     250,     380 ]        3   0.000% 100.231% 
(     380,     580 ]       11   0.000% 100.231% 
(     580,     870 ]       11   0.000% 100.231% 
(     870,    1300 ]        5   0.000% 100.231% 
(    1300,    1900 ]       10   0.000% 100.231% 
(    1900,    2900 ]       19   0.000% 100.231% 
(    2900,    4400 ]        8   0.000% 100.231% 
(    4400,    6600 ]        1   0.000% 100.231% 
(    6600,    9900 ]        3   0.000% 100.231% 
(    9900,   14000 ]        1   0.000% 100.231% 
(   14000,   22000 ]        4   0.000% 100.231% 
(   22000,   33000 ]       12   0.000% 100.232% 
(   33000,   50000 ]       19   0.000% 100.232% 
(   50000,   75000 ]       22   0.000% 100.232% 
(   75000,  110000 ]       23   0.000% 100.232% 
(  110000,  170000 ]       24   0.000% 100.232% 
(  170000,  250000 ]        1   0.000% 100.232% 
(  250000,  380000 ]        2   0.000% 100.232% 
(  860000, 1200000 ]        3   0.000% 100.232% 
( 1900000, 2900000 ]        4   0.000% 100.232% 
( 2900000, 4300000 ]        1   0.000% 100.232% 

** Level 1 read latency histogram (micros):
Count: 25812391 Average: 1.5671  StdDev: 109.08
Min: 0  Median: 0.8528  Max: 147837
Percentiles: P50: 0.85 P75: 1.44 P99: 2.78 P99.9: 3.05 P99.99: 3.23
------------------------------------------------------
[       0,       1 ] 15133676  58.630%  58.630% ############
(       1,       2 ]  9612581  37.240%  95.870% #######
(       2,       3 ]  1034338   4.007%  99.877% #
(       3,       4 ]   128522   0.498% 100.375% 
(       4,       6 ]    43619   0.169% 100.544% 
(       6,      10 ]    28830   0.112% 100.655% 
(      10,      15 ]     6878   0.027% 100.682% 
(      15,      22 ]     3335   0.013% 100.695% 
(      22,      34 ]      366   0.001% 100.696% 
(      34,      51 ]      192   0.001% 100.697% 
(      51,      76 ]      549   0.002% 100.699% 
(      76,     110 ]      621   0.002% 100.702% 
(     110,     170 ]      278   0.001% 100.703% 
(     170,     250 ]      111   0.000% 100.703% 
(     250,     380 ]       20   0.000% 100.703% 
(     380,     580 ]        4   0.000% 100.703% 
(     870,    1300 ]        2   0.000% 100.703% 
(    1300,    1900 ]        7   0.000% 100.703% 
(    1900,    2900 ]        1   0.000% 100.703% 
(    2900,    4400 ]        2   0.000% 100.703% 
(   33000,   50000 ]        1   0.000% 100.703% 
(  110000,  170000 ]       14   0.000% 100.703% 

** Level 2 read latency histogram (micros):
Count: 2079924 Average: 4.0907  StdDev: 619.74
Min: 0  Median: 0.8871  Max: 516756
Percentiles: P50: 0.89 P75: 1.48 P99: 2.95 P99.9: 3.82 P99.99: 3.92
------------------------------------------------------
[       0,       1 ]  1172304  56.363%  56.363% ###########
(       1,       2 ]   805937  38.748%  95.111% ########
(       2,       3 ]    85058   4.089%  99.201% #
(       3,       4 ]    17787   0.855% 100.056% 
(       4,       6 ]     5509   0.265% 100.321% 
(       6,      10 ]     2559   0.123% 100.444% 
(      10,      15 ]      599   0.029% 100.473% 
(      15,      22 ]      321   0.015% 100.488% 
(      22,      34 ]       66   0.003% 100.491% 
(      34,      51 ]       71   0.003% 100.495% 
(      51,      76 ]      226   0.011% 100.505% 
(      76,     110 ]      157   0.008% 100.513% 
(     110,     170 ]        7   0.000% 100.513% 
(     170,     250 ]        2   0.000% 100.513% 
(     380,     580 ]        2   0.000% 100.514% 
(     580,     870 ]        6   0.000% 100.514% 
(     870,    1300 ]        5   0.000% 100.514% 
(    1300,    1900 ]        1   0.000% 100.514% 
(    1900,    2900 ]        1   0.000% 100.514% 
(    2900,    4400 ]        7   0.000% 100.514% 
(    4400,    6600 ]        4   0.000% 100.515% 
(    6600,    9900 ]        2   0.000% 100.515% 
(   14000,   22000 ]        3   0.000% 100.515% 
(   22000,   33000 ]       15   0.001% 100.516% 
(   33000,   50000 ]       15   0.001% 100.516% 
(   50000,   75000 ]       11   0.001% 100.517% 
(   75000,  110000 ]        7   0.000% 100.517% 
(  110000,  170000 ]        6   0.000% 100.518% 
(  170000,  250000 ]        9   0.000% 100.518% 
(  380000,  570000 ]        1   0.000% 100.518% 


** DB Stats **
Uptime(secs): 511.9 total, 27.9 interval
Cumulative writes: 29M writes, 29M keys, 3714K commit groups, 7.8 writes per commit group, ingest: 28.25 GB, 56.50 MB/s
Cumulative WAL: 29M writes, 0 syncs, 29011424.00 writes per sync, written: 28.25 GB, 56.50 MB/s
Cumulative stall: 00:07:21.046 H:M:S, 86.2 percent
Interval writes: 682K writes, 682K keys, 87K commit groups, 7.8 writes per commit group, ingest: 680.18 MB, 24.40 MB/s
Interval WAL: 682K writes, 0 syncs, 682148.00 writes per sync, written: 0.66 GB, 24.40 MB/s
Interval stall: 00:00:22.368 H:M:S, 80.2 percent
Write Stall (count): write-buffer-manager-limit-stops: 0
num-running-compactions: 18
num-running-flushes: 1

2026/08/31-10:22:22  ... thread 3: (150000,1811000) ops and (4086.1,3537.5) ops/second in (36.709522,511.939806) seconds
2026/08/31-10:22:22  ... thread 1: (150000,1814000) ops and (4086.0,3543.4) ops/second in (36.710868,511.940705) seconds
2026/08/31-10:22:22  ... thread 15: (151000,1813000) ops and (4111.7,3541.4) ops/second in (36.724449,511.945922) seconds
2026/08/31-10:22:22  ... thread 7: (150000,1813000) ops and (4084.1,3541.4) ops/second in (36.727429,511.947090) seconds
2026/08/31-10:22:22  ... thread 14: (150000,1812000) ops and (4084.0,3539.4) ops/second in (36.728796,511.949778) seconds
2026/08/31-10:22:22  ... thread 13: (151000,1812000) ops and (4110.1,3539.4) ops/second in (36.738430,511.951516) seconds
2026/08/31-10:22:22  ... thread 10: (151000,1815000) ops and (4110.0,3545.2) ops/second in (36.739860,511.952965) seconds
2026/08/31-10:22:22  ... thread 6: (151000,1814000) ops and (4109.9,3543.2) ops/second in (36.740487,511.961230) seconds
2026/08/31-10:22:22  ... thread 4: (151000,1815000) ops and (4109.1,3545.2) ops/second in (36.747704,511.962889) seconds
2026/08/31-10:22:22  ... thread 11: (151000,1815000) ops and (4109.6,3545.2) ops/second in (36.743353,511.962989) seconds
2026/08/31-10:22:22  ... thread 8: (151000,1814000) ops and (4109.8,3543.2) ops/second in (36.741105,511.963587) seconds
2026/08/31-10:22:22  ... thread 2: (151000,1815000) ops and (4110.0,3545.2) ops/second in (36.739711,511.964965) seconds
2026/08/31-10:22:22  ... thread 12: (151000,1817000) ops and (4109.5,3549.1) ops/second in (36.743927,511.966245) seconds
2026/08/31-10:22:57  ... thread 14: (65000,1877000) ops and (1828.4,3428.3) ops/second in (35.549495,547.499273) seconds
2026/08/31-10:22:57  ... thread 13: (65000,1877000) ops and (1828.5,3428.3) ops/second in (35.548248,547.499764) seconds
2026/08/31-10:22:57  ... thread 7: (65000,1878000) ops and (1827.9,3430.1) ops/second in (35.559436,547.506526) seconds
2026/08/31-10:22:57  ... thread 12: (65000,1882000) ops and (1828.8,3437.4) ops/second in (35.541467,547.507712) seconds
2026/08/31-10:22:57  ... thread 10: (65000,1880000) ops and (1828.1,3433.7) ops/second in (35.555153,547.508118) seconds
2026/08/31-10:22:57  ... thread 11: (65000,1880000) ops and (1828.6,3433.7) ops/second in (35.547025,547.510014) seconds
2026/08/31-10:22:57  ... thread 4: (65000,1880000) ops and (1828.5,3433.7) ops/second in (35.549098,547.511987) seconds
2026/08/31-10:22:57  ... thread 8: (65000,1879000) ops and (1828.4,3431.9) ops/second in (35.550600,547.514187) seconds
2026/08/31-10:22:57  ... thread 6: (65000,1879000) ops and (1827.8,3431.8) ops/second in (35.561342,547.522572) seconds
2026/08/31-10:22:57  ... thread 5: (66000,1877000) ops and (1854.3,3428.1) ops/second in (35.592483,547.526079) seconds
2026/08/31-10:22:57  ... thread 2: (65000,1880000) ops and (1827.8,3433.6) ops/second in (35.562345,547.527310) seconds
2026/08/31-10:22:57  ... thread 9: (66000,1879000) ops and (1854.2,3431.8) ops/second in (35.595591,547.531819) seconds
2026/08/31-10:22:57  ... thread 0: (66000,1878000) ops and (1854.3,3429.9) ops/second in (35.593723,547.532644) seconds

** Compaction Stats [default] **
Level    Files   Size     Score Read(GB)  Rn(GB) Rnp1(GB) Write(GB) WPreComp(GB) Wnew(GB) Moved(GB) W-Amp Rd(MB/s) Wr(MB/s) Comp(sec) CompMergeCPU(sec) Comp(cnt) Avg(sec) KeyIn KeyDrop Rblob(GB) Wblob(GB)
-------------------------------------------------------------------------------------------------------------------------------------------------------------------------------------------------------------
  L0      8/8    496.18 MB   0.0     17.6     0.0     17.6      47.1      47.1     29.5       0.0   1.6     18.3     48.9    986.56             96.22       525    1.879     47M    36K       0.0       0.0
  L1     93/17     5.38 GB   1.1    116.4    29.0     87.4     115.2     115.2     27.8       0.0   4.0    344.0    340.5    346.44            368.73        27   12.831    118M  1193K       0.0       0.0
  L2    388/36    20.90 GB   0.5     34.0    14.7     19.2      32.4      32.4     13.2       7.7   2.2     27.7     26.4   1256.35            102.99       199    6.313     34M  1575K       0.0       0.0
 Sum    489/61    26.77 GB   0.0    167.9    43.8    124.2     194.7     194.7     70.5       7.7   6.6     66.4     77.0   2589.34            567.94       751    3.448    200M  2805K       0.0       0.0
 Int      0/0      0.00 KB   0.0      5.4     1.5      4.0       5.5       5.5      1.5       0.0  45.3    168.9    170.7     33.00             17.78         3   11.001   5664K    65K       0.0       0.0

** Compaction Stats [default] **
Priority    Files   Size     Score Read(GB)  Rn(GB) Rnp1(GB) Write(GB) WPreComp(GB) Wnew(GB) Moved(GB) W-Amp Rd(MB/s) Wr(MB/s) Comp(sec) CompMergeCPU(sec) Comp(cnt) Avg(sec) KeyIn KeyDrop Rblob(GB) Wblob(GB)
----------------------------------------------------------------------------------------------------------------------------------------------------------------------------------------------------------------
 Low      0/0      0.00 KB   0.0    167.9    43.8    124.2     165.2     165.2     41.0       0.0   0.0     97.3     95.7   1766.69            516.70       264    6.692    170M  2805K       0.0       0.0
High      0/0      0.00 KB   0.0      0.0     0.0      0.0      29.5      29.5     29.5       0.0   0.0      0.0     36.8    822.65             51.24       487    1.689     30M      0       0.0       0.0

Blob file count: 0, total size: 0.0 GB, garbage size: 0.0 GB, space amp: 0.0

Uptime(secs): 547.5 total, 3.5 interval
Flush(GB): cumulative 29.536, interval 0.121
AddFile(GB): cumulative 0.000, interval 0.000
AddFile(Total Files): cumulative 0, interval 0
AddFile(L0 Files): cumulative 0, interval 0
AddFile(Keys): cumulative 0, interval 0
Cumulative compaction: 194.70 GB write, 364.12 MB/s write, 167.93 GB read, 314.06 MB/s read, 2589.3 seconds
Interval compaction: 5.50 GB write, 1626.15 MB/s write, 5.44 GB read, 1609.53 MB/s read, 33.0 seconds
Estimated pending compaction bytes: 15433117731
Write Stall (count): cf-l0-file-count-limit-delays-with-ongoing-compaction: 5, cf-l0-file-count-limit-stops-with-ongoing-compaction: 0, l0-file-count-limit-delays: 5, l0-file-count-limit-stops: 0, memtable-limit-delays: 0, memtable-limit-stops: 351, pending-compaction-bytes-delays: 0, pending-compaction-bytes-stops: 0, total-delays: 5, total-stops: 351
interval: 0 total count
Block cache AutoHyperClockCache@0x6499b23c82d0#2259139 capacity: 512.00 MB seed: 1 usage: 10.14 MB table_size: 4422 occupancy: 2410 collections: 4 last_copies: 0 last_secs: 0.000375 secs_since: 3
Block cache entry stats(count,size,portion): Misc(2410,9.87 MB,1.92794%)

** File Read Latency Histogram By Level [default] **
** Level 0 read latency histogram (micros):
Count: 11793459 Average: 3.8022  StdDev: 1896.08
Min: 0  Median: 0.9706  Max: 3763466
Percentiles: P50: 0.97 P75: 1.58 P99: 2.99 P99.9: 4.76 P99.99: 5.46
------------------------------------------------------
[       0,       1 ]  6075619  51.517%  51.517% ##########
(       1,       2 ]  4791876  40.632%  92.148% ########
(       2,       3 ]   818802   6.943%  99.091% #
(       3,       4 ]    83965   0.712%  99.803% 
(       4,       6 ]    30163   0.256% 100.059% 
(       6,      10 ]    14069   0.119% 100.178% 
(      10,      15 ]     3760   0.032% 100.210% 
(      15,      22 ]     1898   0.016% 100.226% 
(      22,      34 ]      160   0.001% 100.228% 
(      34,      51 ]       28   0.000% 100.228% 
(      51,      76 ]      182   0.002% 100.229% 
(      76,     110 ]      341   0.003% 100.232% 
(     110,     170 ]       18   0.000% 100.233% 
(     170,     250 ]        5   0.000% 100.233% 
(     250,     380 ]        3   0.000% 100.233% 
(     380,     580 ]       11   0.000% 100.233% 
(     580,     870 ]       12   0.000% 100.233% 
(     870,    1300 ]        5   0.000% 100.233% 
(    1300,    1900 ]       10   0.000% 100.233% 
(    1900,    2900 ]       19   0.000% 100.233% 
(    2900,    4400 ]        8   0.000% 100.233% 
(    4400,    6600 ]        1   0.000% 100.233% 
(    6600,    9900 ]        3   0.000% 100.233% 
(    9900,   14000 ]        1   0.000% 100.233% 
(   14000,   22000 ]        4   0.000% 100.233% 
(   22000,   33000 ]       13   0.000% 100.233% 
(   33000,   50000 ]       19   0.000% 100.233% 
(   50000,   75000 ]       25   0.000% 100.234% 
(   75000,  110000 ]       26   0.000% 100.234% 
(  110000,  170000 ]       24   0.000% 100.234% 
(  170000,  250000 ]        1   0.000% 100.234% 
(  250000,  380000 ]        2   0.000% 100.234% 
(  860000, 1200000 ]        3   0.000% 100.234% 
( 1900000, 2900000 ]        4   0.000% 100.234% 
( 2900000, 4300000 ]        1   0.000% 100.234% 

** Level 1 read latency histogram (micros):
Count: 27241092 Average: 1.5629  StdDev: 106.18
Min: 0  Median: 0.8531  Max: 147837
Percentiles: P50: 0.85 P75: 1.44 P99: 2.78 P99.9: 3.06 P99.99: 3.24
------------------------------------------------------
[       0,       1 ] 15965660  58.609%  58.609% ############
(       1,       2 ] 10149195  37.257%  95.866% #######
(       2,       3 ]  1090767   4.004%  99.870% #
(       3,       4 ]   136206   0.500% 100.370% 
(       4,       6 ]    46029   0.169% 100.539% 
(       6,      10 ]    30465   0.112% 100.651% 
(      10,      15 ]     7239   0.027% 100.677% 
(      15,      22 ]     3529   0.013% 100.690% 
(      22,      34 ]      389   0.001% 100.692% 
(      34,      51 ]      196   0.001% 100.692% 
(      51,      76 ]      588   0.002% 100.694% 
(      76,     110 ]      665   0.002% 100.697% 
(     110,     170 ]      287   0.001% 100.698% 
(     170,     250 ]      113   0.000% 100.698% 
(     250,     380 ]       20   0.000% 100.698% 
(     380,     580 ]        4   0.000% 100.698% 
(     870,    1300 ]        2   0.000% 100.698% 
(    1300,    1900 ]        7   0.000% 100.698% 
(    1900,    2900 ]        1   0.000% 100.698% 
(    2900,    4400 ]        2   0.000% 100.698% 
(   33000,   50000 ]        1   0.000% 100.698% 
(  110000,  170000 ]       14   0.000% 100.699% 

** Level 2 read latency histogram (micros):
Count: 2909947 Average: 5.0595  StdDev: 1508.61
Min: 0  Median: 0.8770  Max: 2358478
Percentiles: P50: 0.88 P75: 1.47 P99: 2.96 P99.9: 3.82 P99.99: 3.92
------------------------------------------------------
[       0,       1 ]  1659015  57.012%  57.012% ###########
(       1,       2 ]  1102302  37.880%  94.892% ########
(       2,       3 ]   124491   4.278%  99.170% #
(       3,       4 ]    26005   0.894% 100.064% 
(       4,       6 ]     7501   0.258% 100.322% 
(       6,      10 ]     3490   0.120% 100.442% 
(      10,      15 ]      856   0.029% 100.471% 
(      15,      22 ]      435   0.015% 100.486% 
(      22,      34 ]       83   0.003% 100.489% 
(      34,      51 ]       87   0.003% 100.492% 
(      51,      76 ]      266   0.009% 100.501% 
(      76,     110 ]      210   0.007% 100.508% 
(     110,     170 ]        9   0.000% 100.509% 
(     170,     250 ]        4   0.000% 100.509% 
(     380,     580 ]        2   0.000% 100.509% 
(     580,     870 ]        6   0.000% 100.509% 
(     870,    1300 ]        5   0.000% 100.509% 
(    1300,    1900 ]        1   0.000% 100.509% 
(    1900,    2900 ]        1   0.000% 100.509% 
(    2900,    4400 ]        7   0.000% 100.510% 
(    4400,    6600 ]        5   0.000% 100.510% 
(    6600,    9900 ]        2   0.000% 100.510% 
(   14000,   22000 ]        4   0.000% 100.510% 
(   22000,   33000 ]       25   0.001% 100.511% 
(   33000,   50000 ]       21   0.001% 100.512% 
(   50000,   75000 ]       21   0.001% 100.512% 
(   75000,  110000 ]        8   0.000% 100.513% 
(  110000,  170000 ]       16   0.001% 100.513% 
(  170000,  250000 ]        9   0.000% 100.513% 
(  380000,  570000 ]        1   0.000% 100.513% 
( 1900000, 2900000 ]        1   0.000% 100.513% 


** DB Stats **
Uptime(secs): 547.5 total, 3.5 interval
Cumulative writes: 30M writes, 30M keys, 3849K commit groups, 7.8 writes per commit group, ingest: 29.28 GB, 54.75 MB/s
Cumulative WAL: 30M writes, 0 syncs, 30066322.00 writes per sync, written: 29.28 GB, 54.75 MB/s
Cumulative stall: 00:07:54.476 H:M:S, 86.7 percent
Interval writes: 10K writes, 10K keys, 1417 commit groups, 7.5 writes per commit group, ingest: 10.58 MB, 3.05 MB/s
Interval WAL: 10K writes, 0 syncs, 10612.00 writes per sync, written: 0.01 GB, 3.05 MB/s
Interval stall: 00:00:6.157 H:M:S, 177.7 percent
Write Stall (count): write-buffer-manager-limit-stops: 0
num-running-compactions: 18
num-running-flushes: 1

2026/08/31-10:22:57  ... thread 3: (66000,1877000) ops and (1854.2,3428.1) ops/second in (35.595437,547.535243) seconds
2026/08/31-10:22:57  ... thread 15: (66000,1879000) ops and (1854.4,3431.7) ops/second in (35.591606,547.537528) seconds
2026/08/31-10:22:57  ... thread 1: (66000,1880000) ops and (1853.7,3433.5) ops/second in (35.604384,547.545089) seconds
2026/08/31-10:23:31  ... thread 15: (84000,1963000) ops and (2473.9,3375.8) ops/second in (33.954131,581.491659) seconds
2026/08/31-10:23:31  ... thread 0: (84000,1962000) ops and (2473.6,3374.1) ops/second in (33.959204,581.491848) seconds

** Compaction Stats [default] **
Level    Files   Size     Score Read(GB)  Rn(GB) Rnp1(GB) Write(GB) WPreComp(GB) Wnew(GB) Moved(GB) W-Amp Rd(MB/s) Wr(MB/s) Comp(sec) CompMergeCPU(sec) Comp(cnt) Avg(sec) KeyIn KeyDrop Rblob(GB) Wblob(GB)
-------------------------------------------------------------------------------------------------------------------------------------------------------------------------------------------------------------
  L0     15/8      1.82 GB   0.9     18.6     0.0     18.6      49.4      49.4     30.8       0.0   1.6     18.1     48.1   1053.13            101.20       549    1.918     50M    39K       0.0       0.0
  L1     71/71     3.97 GB   0.0    116.4    29.0     87.4     115.2     115.2     27.8       0.0   4.0    344.0    340.5    346.44            368.73        27   12.831    118M  1193K       0.0       0.0
  L2    410/0     22.07 GB   0.6     38.2    16.2     22.0      36.4      36.4     14.4       7.7   2.3     27.4     26.1   1427.50            115.58       221    6.459     38M  1818K       0.0       0.0
 Sum    496/79    27.86 GB   0.0    173.2    45.2    128.0     201.0     201.0     73.0       7.7   6.5     62.7     72.8   2827.07            585.51       797    3.547    207M  3050K       0.0       0.0
 Int      0/0      0.00 KB   0.0     10.7     2.9      7.8      11.8      11.8      4.0       0.0   8.1     40.4     44.8    270.73             35.35        49    5.525     12M   310K       0.0       0.0

** Compaction Stats [default] **
Priority    Files   Size     Score Read(GB)  Rn(GB) Rnp1(GB) Write(GB) WPreComp(GB) Wnew(GB) Moved(GB) W-Amp Rd(MB/s) Wr(MB/s) Comp(sec) CompMergeCPU(sec) Comp(cnt) Avg(sec) KeyIn KeyDrop Rblob(GB) Wblob(GB)
----------------------------------------------------------------------------------------------------------------------------------------------------------------------------------------------------------------
 Low      0/0      0.00 KB   0.0    173.2    45.2    128.0     170.2     170.2     42.2       0.0   0.0     90.8     89.2   1953.91            531.91       288    6.784    176M  3050K       0.0       0.0
High      0/0      0.00 KB   0.0      0.0     0.0      0.0      30.9      30.9     30.9       0.0   0.0      0.0     36.2    873.17             53.60       509    1.715     31M      0       0.0       0.0

Blob file count: 0, total size: 0.0 GB, garbage size: 0.0 GB, space amp: 0.0

Uptime(secs): 581.5 total, 37.4 interval
Flush(GB): cumulative 30.869, interval 1.454
AddFile(GB): cumulative 0.000, interval 0.000
AddFile(Total Files): cumulative 0, interval 0
AddFile(L0 Files): cumulative 0, interval 0
AddFile(Keys): cumulative 0, interval 0
Cumulative compaction: 201.04 GB write, 354.02 MB/s write, 173.18 GB read, 304.96 MB/s read, 2827.1 seconds
Interval compaction: 11.84 GB write, 323.95 MB/s write, 10.69 GB read, 292.52 MB/s read, 270.7 seconds
Estimated pending compaction bytes: 15461531912
Write Stall (count): cf-l0-file-count-limit-delays-with-ongoing-compaction: 5, cf-l0-file-count-limit-stops-with-ongoing-compaction: 0, l0-file-count-limit-delays: 5, l0-file-count-limit-stops: 0, memtable-limit-delays: 0, memtable-limit-stops: 376, pending-compaction-bytes-delays: 0, pending-compaction-bytes-stops: 0, total-delays: 5, total-stops: 376
interval: 25 total count
Block cache AutoHyperClockCache@0x6499b23c82d0#2259139 capacity: 512.00 MB seed: 1 usage: 10.14 MB table_size: 4422 occupancy: 2410 collections: 4 last_copies: 0 last_secs: 0.000375 secs_since: 37
Block cache entry stats(count,size,portion): Misc(2410,9.87 MB,1.92794%)

** File Read Latency Histogram By Level [default] **
** Level 0 read latency histogram (micros):
Count: 12381685 Average: 3.7211  StdDev: 1851.03
Min: 0  Median: 0.9661  Max: 3763466
Percentiles: P50: 0.97 P75: 1.58 P99: 2.99 P99.9: 4.77 P99.99: 5.48
------------------------------------------------------
[       0,       1 ]  6407916  51.753%  51.753% ##########
(       1,       2 ]  5003623  40.411%  92.165% ########
(       2,       3 ]   858247   6.932%  99.096% #
(       3,       4 ]    87607   0.708%  99.804% 
(       4,       6 ]    31081   0.251% 100.055% 
(       6,      10 ]    14815   0.120% 100.174% 
(      10,      15 ]     4039   0.033% 100.207% 
(      15,      22 ]     2037   0.016% 100.224% 
(      22,      34 ]      172   0.001% 100.225% 
(      34,      51 ]       29   0.000% 100.225% 
(      51,      76 ]      188   0.002% 100.227% 
(      76,     110 ]      358   0.003% 100.230% 
(     110,     170 ]       18   0.000% 100.230% 
(     170,     250 ]        5   0.000% 100.230% 
(     250,     380 ]        3   0.000% 100.230% 
(     380,     580 ]       13   0.000% 100.230% 
(     580,     870 ]       12   0.000% 100.230% 
(     870,    1300 ]        5   0.000% 100.230% 
(    1300,    1900 ]       11   0.000% 100.230% 
(    1900,    2900 ]       19   0.000% 100.230% 
(    2900,    4400 ]        8   0.000% 100.230% 
(    4400,    6600 ]        1   0.000% 100.230% 
(    6600,    9900 ]        3   0.000% 100.230% 
(    9900,   14000 ]        1   0.000% 100.230% 
(   14000,   22000 ]        4   0.000% 100.230% 
(   22000,   33000 ]       13   0.000% 100.231% 
(   33000,   50000 ]       21   0.000% 100.231% 
(   50000,   75000 ]       27   0.000% 100.231% 
(   75000,  110000 ]       26   0.000% 100.231% 
(  110000,  170000 ]       25   0.000% 100.231% 
(  170000,  250000 ]        1   0.000% 100.231% 
(  250000,  380000 ]        2   0.000% 100.231% 
(  860000, 1200000 ]        3   0.000% 100.231% 
( 1900000, 2900000 ]        4   0.000% 100.231% 
( 2900000, 4300000 ]        1   0.000% 100.231% 

** Level 1 read latency histogram (micros):
Count: 28542974 Average: 1.5575  StdDev: 103.73
Min: 0  Median: 0.8514  Max: 147837
Percentiles: P50: 0.85 P75: 1.44 P99: 2.78 P99.9: 3.06 P99.99: 3.24
------------------------------------------------------
[       0,       1 ] 16762873  58.729%  58.729% ############
(       1,       2 ] 10602129  37.144%  95.873% #######
(       2,       3 ]  1140865   3.997%  99.870% #
(       3,       4 ]   140278   0.491% 100.361% 
(       4,       6 ]    47556   0.167% 100.528% 
(       6,      10 ]    31929   0.112% 100.640% 
(      10,      15 ]     7591   0.027% 100.667% 
(      15,      22 ]     3732   0.013% 100.680% 
(      22,      34 ]      416   0.001% 100.681% 
(      34,      51 ]      198   0.001% 100.682% 
(      51,      76 ]      590   0.002% 100.684% 
(      76,     110 ]      669   0.002% 100.686% 
(     110,     170 ]      288   0.001% 100.687% 
(     170,     250 ]      113   0.000% 100.688% 
(     250,     380 ]       20   0.000% 100.688% 
(     380,     580 ]        4   0.000% 100.688% 
(     580,     870 ]        1   0.000% 100.688% 
(     870,    1300 ]        2   0.000% 100.688% 
(    1300,    1900 ]        7   0.000% 100.688% 
(    1900,    2900 ]        1   0.000% 100.688% 
(    2900,    4400 ]        2   0.000% 100.688% 
(   33000,   50000 ]        1   0.000% 100.688% 
(  110000,  170000 ]       14   0.000% 100.688% 

** Level 2 read latency histogram (micros):
Count: 3581628 Average: 4.7256  StdDev: 1384.64
Min: 0  Median: 0.8666  Max: 2358478
Percentiles: P50: 0.87 P75: 1.46 P99: 2.92 P99.9: 3.75 P99.99: 3.86
------------------------------------------------------
[       0,       1 ]  2066428  57.695%  57.695% ############
(       1,       2 ]  1343594  37.513%  95.209% ########
(       2,       3 ]   147103   4.107%  99.316% #
(       3,       4 ]    28061   0.783% 100.099% 
(       4,       6 ]     8098   0.226% 100.325% 
(       6,      10 ]     4199   0.117% 100.443% 
(      10,      15 ]     1029   0.029% 100.471% 
(      15,      22 ]      533   0.015% 100.486% 
(      22,      34 ]       92   0.003% 100.489% 
(      34,      51 ]       99   0.003% 100.492% 
(      51,      76 ]      299   0.008% 100.500% 
(      76,     110 ]      229   0.006% 100.506% 
(     110,     170 ]       16   0.000% 100.507% 
(     170,     250 ]        4   0.000% 100.507% 
(     380,     580 ]        2   0.000% 100.507% 
(     580,     870 ]        6   0.000% 100.507% 
(     870,    1300 ]        5   0.000% 100.507% 
(    1300,    1900 ]        1   0.000% 100.507% 
(    1900,    2900 ]        2   0.000% 100.507% 
(    2900,    4400 ]        7   0.000% 100.508% 
(    4400,    6600 ]        5   0.000% 100.508% 
(    6600,    9900 ]        2   0.000% 100.508% 
(    9900,   14000 ]        2   0.000% 100.508% 
(   14000,   22000 ]        6   0.000% 100.508% 
(   22000,   33000 ]       29   0.001% 100.509% 
(   33000,   50000 ]       28   0.001% 100.510% 
(   50000,   75000 ]       22   0.001% 100.510% 
(   75000,  110000 ]        9   0.000% 100.510% 
(  110000,  170000 ]       16   0.000% 100.511% 
(  170000,  250000 ]       10   0.000% 100.511% 
(  380000,  570000 ]        2   0.000% 100.511% 
( 1900000, 2900000 ]        1   0.000% 100.511% 


** DB Stats **
Uptime(secs): 581.5 total, 34.0 interval
Cumulative writes: 31M writes, 31M keys, 4019K commit groups, 7.8 writes per commit group, ingest: 30.59 GB, 53.86 MB/s
Cumulative WAL: 31M writes, 0 syncs, 31413048.00 writes per sync, written: 30.59 GB, 53.86 MB/s
Cumulative stall: 00:08:26.183 H:M:S, 87.0 percent
Interval writes: 1346K writes, 1346K keys, 170K commit groups, 7.9 writes per commit group, ingest: 1342.80 MB, 39.54 MB/s
Interval WAL: 1346K writes, 0 syncs, 1346726.00 writes per sync, written: 1.31 GB, 39.54 MB/s
Interval stall: 00:00:31.707 H:M:S, 93.4 percent
Write Stall (count): write-buffer-manager-limit-stops: 0
num-running-compactions: 1
num-running-flushes: 1

2026/08/31-10:23:31  ... thread 13: (85000,1962000) ops and (2500.3,3374.1) ops/second in (33.995761,581.495525) seconds
2026/08/31-10:23:31  ... thread 10: (85000,1965000) ops and (2500.8,3379.2) ops/second in (33.989560,581.497678) seconds
2026/08/31-10:23:31  ... thread 11: (85000,1965000) ops and (2500.8,3379.2) ops/second in (33.988947,581.498961) seconds
2026/08/31-10:23:31  ... thread 1: (84000,1964000) ops and (2473.9,3377.5) ops/second in (33.954936,581.500025) seconds
2026/08/31-10:23:31  ... thread 14: (85000,1962000) ops and (2499.9,3374.0) ops/second in (34.000862,581.500135) seconds
2026/08/31-10:23:31  ... thread 12: (85000,1967000) ops and (2500.5,3382.6) ops/second in (33.992987,581.500699) seconds
2026/08/31-10:23:31  ... thread 6: (85000,1964000) ops and (2501.6,3377.5) ops/second in (33.978621,581.501193) seconds
2026/08/31-10:23:31  ... thread 4: (85000,1965000) ops and (2500.7,3379.2) ops/second in (33.990822,581.502809) seconds
2026/08/31-10:23:31  ... thread 7: (85000,1963000) ops and (2500.2,3375.7) ops/second in (33.996658,581.503184) seconds
2026/08/31-10:23:31  ... thread 8: (85000,1964000) ops and (2500.6,3377.4) ops/second in (33.991474,581.505661) seconds
2026/08/31-10:23:31  ... thread 2: (85000,1965000) ops and (2501.4,3379.1) ops/second in (33.980643,581.507953) seconds
2026/08/31-10:23:31  ... thread 5: (85000,1962000) ops and (2501.0,3374.0) ops/second in (33.987056,581.513135) seconds
2026/08/31-10:23:31  ... thread 9: (85000,1964000) ops and (2501.4,3377.4) ops/second in (33.981374,581.513193) seconds
2026/08/31-10:23:31  ... thread 3: (85000,1962000) ops and (2501.6,3374.0) ops/second in (33.978877,581.514120) seconds
2026/08/31-10:24:07  ... thread 6: (100000,2064000) ops and (2830.7,3346.1) ops/second in (35.327572,616.828765) seconds
2026/08/31-10:24:07  ... thread 2: (100000,2065000) ops and (2831.1,3347.8) ops/second in (35.321426,616.829379) seconds
2026/08/31-10:24:07  ... thread 10: (100000,2065000) ops and (2830.2,3347.8) ops/second in (35.332899,616.830577) seconds
2026/08/31-10:24:07  ... thread 3: (99000,2061000) ops and (2802.9,3341.3) ops/second in (35.320649,616.834769) seconds
2026/08/31-10:24:07  ... thread 0: (100000,2062000) ops and (2829.3,3342.9) ops/second in (35.343880,616.835728) seconds

** Compaction Stats [default] **
Level    Files   Size     Score Read(GB)  Rn(GB) Rnp1(GB) Write(GB) WPreComp(GB) Wnew(GB) Moved(GB) W-Amp Rd(MB/s) Wr(MB/s) Comp(sec) CompMergeCPU(sec) Comp(cnt) Avg(sec) KeyIn KeyDrop Rblob(GB) Wblob(GB)
-------------------------------------------------------------------------------------------------------------------------------------------------------------------------------------------------------------
  L0     16/16     1.94 GB   0.0     19.7     0.0     19.7      52.1      52.1     32.3       0.0   1.6     17.9     47.3   1126.35            106.71       576    1.955     53M    41K       0.0       0.0
  L1     71/71     3.99 GB   0.0    121.8    30.4     91.3     120.5     120.5     29.2       0.0   4.0    343.1    339.6    363.37            385.68        28   12.977    123M  1254K       0.0       0.0
  L2    432/0     23.14 GB   0.6     42.4    17.5     24.9      40.3      40.3     15.4       7.7   2.3     27.2     25.9   1594.93            127.48       245    6.510     43M  2065K       0.0       0.0
 Sum    519/87    29.07 GB   0.0    183.8    47.9    136.0     212.9     212.9     76.9       7.7   6.6     61.0     70.7   3084.65            619.86       849    3.633    220M  3362K       0.0       0.0
 Int      0/0      0.00 KB   0.0      0.0     0.0      0.0       0.3       0.3      0.3       0.0   1.0      0.0     15.3     20.33              0.55         5    4.067    310K      0       0.0       0.0

** Compaction Stats [default] **
Priority    Files   Size     Score Read(GB)  Rn(GB) Rnp1(GB) Write(GB) WPreComp(GB) Wnew(GB) Moved(GB) W-Amp Rd(MB/s) Wr(MB/s) Comp(sec) CompMergeCPU(sec) Comp(cnt) Avg(sec) KeyIn KeyDrop Rblob(GB) Wblob(GB)
----------------------------------------------------------------------------------------------------------------------------------------------------------------------------------------------------------------
 Low      0/0      0.00 KB   0.0    183.8    47.9    136.0     180.5     180.5     44.6       0.0   0.0     87.3     85.8   2155.28            563.49       315    6.842    187M  3362K       0.0       0.0
High      0/0      0.00 KB   0.0      0.0     0.0      0.0      32.4      32.4     32.4       0.0   0.0      0.0     35.7    929.37             56.38       534    1.740     32M      0       0.0       0.0

Blob file count: 0, total size: 0.0 GB, garbage size: 0.0 GB, space amp: 0.0

Uptime(secs): 616.8 total, 12.8 interval
Flush(GB): cumulative 32.384, interval 0.305
AddFile(GB): cumulative 0.000, interval 0.000
AddFile(Total Files): cumulative 0, interval 0
AddFile(L0 Files): cumulative 0, interval 0
AddFile(Keys): cumulative 0, interval 0
Cumulative compaction: 212.91 GB write, 353.44 MB/s write, 183.84 GB read, 305.18 MB/s read, 3084.6 seconds
Interval compaction: 0.30 GB write, 24.46 MB/s write, 0.00 GB read, 0.00 MB/s read, 20.3 seconds
Estimated pending compaction bytes: 16511800143
Write Stall (count): cf-l0-file-count-limit-delays-with-ongoing-compaction: 5, cf-l0-file-count-limit-stops-with-ongoing-compaction: 0, l0-file-count-limit-delays: 5, l0-file-count-limit-stops: 0, memtable-limit-delays: 0, memtable-limit-stops: 403, pending-compaction-bytes-delays: 0, pending-compaction-bytes-stops: 0, total-delays: 5, total-stops: 403
interval: 4 total count
Block cache AutoHyperClockCache@0x6499b23c82d0#2259139 capacity: 512.00 MB seed: 1 usage: 10.14 MB table_size: 4422 occupancy: 2410 collections: 4 last_copies: 1 last_secs: 0.000375 secs_since: 72
Block cache entry stats(count,size,portion): Misc(2410,9.87 MB,1.92794%)

** File Read Latency Histogram By Level [default] **
** Level 0 read latency histogram (micros):
Count: 13037347 Average: 3.8221  StdDev: 1921.15
Min: 0  Median: 0.9611  Max: 3763466
Percentiles: P50: 0.96 P75: 1.57 P99: 2.99 P99.9: 4.76 P99.99: 5.48
------------------------------------------------------
[       0,       1 ]  6782290  52.022%  52.022% ##########
(       1,       2 ]  5244602  40.228%  92.250% ########
(       2,       3 ]   893438   6.853%  99.102% #
(       3,       4 ]    91726   0.704%  99.806% 
(       4,       6 ]    32445   0.249% 100.055% 
(       6,      10 ]    15522   0.119% 100.174% 
(      10,      15 ]     4256   0.033% 100.207% 
(      15,      22 ]     2168   0.017% 100.223% 
(      22,      34 ]      184   0.001% 100.225% 
(      34,      51 ]       31   0.000% 100.225% 
(      51,      76 ]      197   0.002% 100.226% 
(      76,     110 ]      378   0.003% 100.229% 
(     110,     170 ]       18   0.000% 100.229% 
(     170,     250 ]        5   0.000% 100.229% 
(     250,     380 ]        3   0.000% 100.229% 
(     380,     580 ]       14   0.000% 100.230% 
(     580,     870 ]       14   0.000% 100.230% 
(     870,    1300 ]        5   0.000% 100.230% 
(    1300,    1900 ]       11   0.000% 100.230% 
(    1900,    2900 ]       20   0.000% 100.230% 
(    2900,    4400 ]        8   0.000% 100.230% 
(    4400,    6600 ]        1   0.000% 100.230% 
(    6600,    9900 ]        3   0.000% 100.230% 
(    9900,   14000 ]        1   0.000% 100.230% 
(   14000,   22000 ]        4   0.000% 100.230% 
(   22000,   33000 ]       14   0.000% 100.230% 
(   33000,   50000 ]       22   0.000% 100.230% 
(   50000,   75000 ]       29   0.000% 100.231% 
(   75000,  110000 ]       28   0.000% 100.231% 
(  110000,  170000 ]       25   0.000% 100.231% 
(  170000,  250000 ]        1   0.000% 100.231% 
(  250000,  380000 ]        2   0.000% 100.231% 
(  860000, 1200000 ]        3   0.000% 100.231% 
( 1900000, 2900000 ]        5   0.000% 100.231% 
( 2900000, 4300000 ]        1   0.000% 100.231% 

** Level 1 read latency histogram (micros):
Count: 29881875 Average: 1.5505  StdDev: 101.38
Min: 0  Median: 0.8469  Max: 147837
Percentiles: P50: 0.85 P75: 1.43 P99: 2.78 P99.9: 3.05 P99.99: 3.24
------------------------------------------------------
[       0,       1 ] 17640933  59.036%  59.036% ############
(       1,       2 ] 11016560  36.867%  95.903% #######
(       2,       3 ]  1186514   3.971%  99.873% #
(       3,       4 ]   145332   0.486% 100.360% 
(       4,       6 ]    49349   0.165% 100.525% 
(       6,      10 ]    33339   0.112% 100.636% 
(      10,      15 ]     7909   0.026% 100.663% 
(      15,      22 ]     3898   0.013% 100.676% 
(      22,      34 ]      433   0.001% 100.677% 
(      34,      51 ]      210   0.001% 100.678% 
(      51,      76 ]      627   0.002% 100.680% 
(      76,     110 ]      696   0.002% 100.682% 
(     110,     170 ]      302   0.001% 100.683% 
(     170,     250 ]      114   0.000% 100.684% 
(     250,     380 ]       20   0.000% 100.684% 
(     380,     580 ]        4   0.000% 100.684% 
(     580,     870 ]        2   0.000% 100.684% 
(     870,    1300 ]        2   0.000% 100.684% 
(    1300,    1900 ]        7   0.000% 100.684% 
(    1900,    2900 ]        1   0.000% 100.684% 
(    2900,    4400 ]        2   0.000% 100.684% 
(   33000,   50000 ]        1   0.000% 100.684% 
(  110000,  170000 ]       14   0.000% 100.684% 

** Level 2 read latency histogram (micros):
Count: 4299364 Average: 5.2147  StdDev: 2004.02
Min: 0  Median: 0.8493  Max: 3172696
Percentiles: P50: 0.85 P75: 1.44 P99: 2.89 P99.9: 3.61 P99.99: 3.74
------------------------------------------------------
[       0,       1 ]  2531167  58.873%  58.873% ############
(       1,       2 ]  1574056  36.611%  95.484% #######
(       2,       3 ]   170715   3.971%  99.455% #
(       3,       4 ]    31192   0.726% 100.181% 
(       4,       6 ]     8983   0.209% 100.390% 
(       6,      10 ]     4952   0.115% 100.505% 
(      10,      15 ]     1193   0.028% 100.532% 
(      15,      22 ]      622   0.014% 100.547% 
(      22,      34 ]      111   0.003% 100.550% 
(      34,      51 ]      113   0.003% 100.552% 
(      51,      76 ]      326   0.008% 100.560% 
(      76,     110 ]      259   0.006% 100.566% 
(     110,     170 ]       20   0.000% 100.566% 
(     170,     250 ]        4   0.000% 100.566% 
(     380,     580 ]        2   0.000% 100.566% 
(     580,     870 ]        6   0.000% 100.567% 
(     870,    1300 ]        5   0.000% 100.567% 
(    1300,    1900 ]        1   0.000% 100.567% 
(    1900,    2900 ]        2   0.000% 100.567% 
(    2900,    4400 ]        7   0.000% 100.567% 
(    4400,    6600 ]        5   0.000% 100.567% 
(    6600,    9900 ]        2   0.000% 100.567% 
(    9900,   14000 ]        2   0.000% 100.567% 
(   14000,   22000 ]        6   0.000% 100.567% 
(   22000,   33000 ]       29   0.001% 100.568% 
(   33000,   50000 ]       30   0.001% 100.569% 
(   50000,   75000 ]       26   0.001% 100.569% 
(   75000,  110000 ]       11   0.000% 100.569% 
(  110000,  170000 ]       17   0.000% 100.570% 
(  170000,  250000 ]       10   0.000% 100.570% 
(  380000,  570000 ]        3   0.000% 100.570% 
( 1900000, 2900000 ]        1   0.000% 100.570% 
( 2900000, 4300000 ]        1   0.000% 100.570% 


** DB Stats **
Uptime(secs): 616.8 total, 12.8 interval
Cumulative writes: 33M writes, 33M keys, 4224K commit groups, 7.8 writes per commit group, ingest: 32.15 GB, 53.37 MB/s
Cumulative WAL: 33M writes, 0 syncs, 33017750.00 writes per sync, written: 32.15 GB, 53.37 MB/s
Cumulative stall: 00:08:58.846 H:M:S, 87.4 percent
Interval writes: 250K writes, 250K keys, 31K commit groups, 7.9 writes per commit group, ingest: 249.80 MB, 19.58 MB/s
Interval WAL: 250K writes, 0 syncs, 250521.00 writes per sync, written: 0.24 GB, 19.58 MB/s
Interval stall: 00:00:13.603 H:M:S, 106.6 percent
Write Stall (count): write-buffer-manager-limit-stops: 0
num-running-compactions: 2
num-running-flushes: 1

2026/08/31-10:24:07  ... thread 1: (100000,2064000) ops and (2829.8,3346.1) ops/second in (35.338513,616.838538) seconds
2026/08/31-10:24:07  ... thread 8: (100000,2064000) ops and (2830.1,3346.1) ops/second in (35.334603,616.840264) seconds
2026/08/31-10:24:07  ... thread 13: (100000,2062000) ops and (2829.1,3342.8) ops/second in (35.347194,616.842719) seconds
2026/08/31-10:24:07  ... thread 12: (101000,2068000) ops and (2857.2,3352.5) ops/second in (35.349873,616.850572) seconds
2026/08/31-10:24:07  ... thread 5: (100000,2062000) ops and (2829.8,3342.8) ops/second in (35.337800,616.850935) seconds
2026/08/31-10:24:07  ... thread 9: (100000,2064000) ops and (2829.7,3346.0) ops/second in (35.339688,616.852881) seconds
2026/08/31-10:24:07  ... thread 7: (100000,2063000) ops and (2828.7,3344.4) ops/second in (35.351384,616.854568) seconds
2026/08/31-10:24:07  ... thread 11: (101000,2066000) ops and (2856.6,3349.2) ops/second in (35.356131,616.855092) seconds
2026/08/31-10:24:07  ... thread 14: (101000,2063000) ops and (2856.7,3344.4) ops/second in (35.355705,616.855840) seconds
2026/08/31-10:24:07  ... thread 4: (100000,2065000) ops and (2828.6,3347.6) ops/second in (35.353569,616.856378) seconds
2026/08/31-10:24:07  ... thread 15: (101000,2064000) ops and (2855.6,3346.0) ops/second in (35.368615,616.860274) seconds
2026/08/31-10:24:37  ... thread 5: (76000,2138000) ops and (2502.2,3303.3) ops/second in (30.372910,647.223845) seconds
2026/08/31-10:24:37  ... thread 1: (77000,2141000) ops and (2534.0,3308.0) ops/second in (30.387223,647.225761) seconds
2026/08/31-10:24:37  ... thread 4: (76000,2141000) ops and (2502.4,3308.0) ops/second in (30.370305,647.226683) seconds
2026/08/31-10:24:37  ... thread 2: (77000,2142000) ops and (2533.1,3309.5) ops/second in (30.397671,647.227050) seconds
2026/08/31-10:24:37  ... thread 6: (77000,2141000) ops and (2532.9,3307.9) ops/second in (30.400346,647.229111) seconds
2026/08/31-10:24:37  ... thread 11: (76000,2142000) ops and (2502.0,3309.5) ops/second in (30.375153,647.230245) seconds
2026/08/31-10:24:37  ... thread 15: (76000,2140000) ops and (2502.1,3306.4) ops/second in (30.374349,647.234623) seconds
2026/08/31-10:24:37  ... thread 10: (77000,2142000) ops and (2532.1,3309.4) ops/second in (30.408990,647.239567) seconds
2026/08/31-10:24:37  ... thread 3: (77000,2138000) ops and (2532.5,3303.3) ops/second in (30.405289,647.240058) seconds
2026/08/31-10:24:37  ... thread 13: (77000,2139000) ops and (2532.9,3304.8) ops/second in (30.400358,647.243077) seconds
2026/08/31-10:24:37  ... thread 0: (77000,2139000) ops and (2532.2,3304.8) ops/second in (30.407921,647.243649) seconds

** Compaction Stats [default] **
Level    Files   Size     Score Read(GB)  Rn(GB) Rnp1(GB) Write(GB) WPreComp(GB) Wnew(GB) Moved(GB) W-Amp Rd(MB/s) Wr(MB/s) Comp(sec) CompMergeCPU(sec) Comp(cnt) Avg(sec) KeyIn KeyDrop Rblob(GB) Wblob(GB)
-------------------------------------------------------------------------------------------------------------------------------------------------------------------------------------------------------------
  L0     15/9      1.75 GB   0.8     20.7     0.0     20.7      54.3      54.3     33.6       0.0   1.6     17.8     46.7   1189.65            111.63       599    1.986     55M    43K       0.0       0.0
  L1     67/67     3.98 GB   0.0    127.2    31.9     95.3     125.9     125.9     30.5       0.0   4.0    342.1    338.6    380.72            402.12        29   13.128    129M  1319K       0.0       0.0
  L2    452/0     24.26 GB   0.6     47.0    18.9     28.1      44.7      44.7     16.6       7.7   2.4     27.1     25.7   1778.16            140.30       270    6.586     47M  2342K       0.0       0.0
 Sum    534/76    29.99 GB   0.0    194.9    50.7    144.2     224.9     224.9     80.7       7.7   6.7     59.6     68.8   3348.53            654.05       898    3.729    232M  3706K       0.0       0.0
 Int      0/0      0.00 KB   0.0     11.0     2.8      8.2      12.3      12.3      4.1       0.0   7.8     39.8     44.2    284.21             34.74        54    5.263     12M   343K       0.0       0.0

** Compaction Stats [default] **
Priority    Files   Size     Score Read(GB)  Rn(GB) Rnp1(GB) Write(GB) WPreComp(GB) Wnew(GB) Moved(GB) W-Amp Rd(MB/s) Wr(MB/s) Comp(sec) CompMergeCPU(sec) Comp(cnt) Avg(sec) KeyIn KeyDrop Rblob(GB) Wblob(GB)
----------------------------------------------------------------------------------------------------------------------------------------------------------------------------------------------------------------
 Low      0/0      0.00 KB   0.0    194.9    50.7    144.2     191.2     191.2     47.1       0.0   0.0     84.0     82.5   2374.93            595.36       343    6.924    198M  3706K       0.0       0.0
High      0/0      0.00 KB   0.0      0.0     0.0      0.0      33.6      33.6     33.6       0.0   0.0      0.0     35.4    973.60             58.70       555    1.754     34M      0       0.0       0.0

Blob file count: 0, total size: 0.0 GB, garbage size: 0.0 GB, space amp: 0.0

Uptime(secs): 647.3 total, 43.2 interval
Flush(GB): cumulative 33.650, interval 1.571
AddFile(GB): cumulative 0.000, interval 0.000
AddFile(Total Files): cumulative 0, interval 0
AddFile(L0 Files): cumulative 0, interval 0
AddFile(Keys): cumulative 0, interval 0
Cumulative compaction: 224.88 GB write, 355.77 MB/s write, 194.88 GB read, 308.32 MB/s read, 3348.5 seconds
Interval compaction: 12.27 GB write, 291.18 MB/s write, 11.04 GB read, 261.95 MB/s read, 284.2 seconds
Estimated pending compaction bytes: 15879839275
Write Stall (count): cf-l0-file-count-limit-delays-with-ongoing-compaction: 5, cf-l0-file-count-limit-stops-with-ongoing-compaction: 0, l0-file-count-limit-delays: 5, l0-file-count-limit-stops: 0, memtable-limit-delays: 0, memtable-limit-stops: 426, pending-compaction-bytes-delays: 0, pending-compaction-bytes-stops: 0, total-delays: 5, total-stops: 426
interval: 27 total count
Block cache AutoHyperClockCache@0x6499b23c82d0#2259139 capacity: 512.00 MB seed: 1 usage: 10.14 MB table_size: 4422 occupancy: 2410 collections: 4 last_copies: 1 last_secs: 0.000375 secs_since: 103
Block cache entry stats(count,size,portion): Misc(2410,9.87 MB,1.92794%)

** File Read Latency Histogram By Level [default] **
** Level 0 read latency histogram (micros):
Count: 13543601 Average: 3.7613  StdDev: 1885.66
Min: 0  Median: 0.9611  Max: 3763466
Percentiles: P50: 0.96 P75: 1.57 P99: 2.99 P99.9: 4.77 P99.99: 5.49
------------------------------------------------------
[       0,       1 ]  7046244  52.026%  52.026% ##########
(       1,       2 ]  5443125  40.190%  92.216% ########
(       2,       3 ]   932207   6.883%  99.099% #
(       3,       4 ]    95438   0.705%  99.804% 
(       4,       6 ]    33833   0.250% 100.054% 
(       6,      10 ]    16144   0.119% 100.173% 
(      10,      15 ]     4446   0.033% 100.206% 
(      15,      22 ]     2283   0.017% 100.222% 
(      22,      34 ]      192   0.001% 100.224% 
(      34,      51 ]       31   0.000% 100.224% 
(      51,      76 ]      205   0.002% 100.226% 
(      76,     110 ]      390   0.003% 100.228% 
(     110,     170 ]       20   0.000% 100.229% 
(     170,     250 ]        6   0.000% 100.229% 
(     250,     380 ]        4   0.000% 100.229% 
(     380,     580 ]       14   0.000% 100.229% 
(     580,     870 ]       14   0.000% 100.229% 
(     870,    1300 ]        5   0.000% 100.229% 
(    1300,    1900 ]       11   0.000% 100.229% 
(    1900,    2900 ]       21   0.000% 100.229% 
(    2900,    4400 ]        8   0.000% 100.229% 
(    4400,    6600 ]        1   0.000% 100.229% 
(    6600,    9900 ]        3   0.000% 100.229% 
(    9900,   14000 ]        1   0.000% 100.229% 
(   14000,   22000 ]        4   0.000% 100.229% 
(   22000,   33000 ]       14   0.000% 100.229% 
(   33000,   50000 ]       23   0.000% 100.230% 
(   50000,   75000 ]       29   0.000% 100.230% 
(   75000,  110000 ]       29   0.000% 100.230% 
(  110000,  170000 ]       26   0.000% 100.230% 
(  170000,  250000 ]        1   0.000% 100.230% 
(  250000,  380000 ]        2   0.000% 100.230% 
(  860000, 1200000 ]        3   0.000% 100.230% 
( 1900000, 2900000 ]        5   0.000% 100.230% 
( 2900000, 4300000 ]        1   0.000% 100.230% 

** Level 1 read latency histogram (micros):
Count: 30966267 Average: 1.5481  StdDev: 99.59
Min: 0  Median: 0.8470  Max: 147837
Percentiles: P50: 0.85 P75: 1.43 P99: 2.78 P99.9: 3.07 P99.99: 3.25
------------------------------------------------------
[       0,       1 ] 18280358  59.033%  59.033% ############
(       1,       2 ] 11414339  36.861%  95.894% #######
(       2,       3 ]  1230391   3.973%  99.867% #
(       3,       4 ]   151210   0.488% 100.355% 
(       4,       6 ]    51542   0.166% 100.522% 
(       6,      10 ]    34625   0.112% 100.634% 
(      10,      15 ]     8191   0.026% 100.660% 
(      15,      22 ]     4045   0.013% 100.673% 
(      22,      34 ]      453   0.001% 100.675% 
(      34,      51 ]      216   0.001% 100.675% 
(      51,      76 ]      669   0.002% 100.677% 
(      76,     110 ]      731   0.002% 100.680% 
(     110,     170 ]      309   0.001% 100.681% 
(     170,     250 ]      114   0.000% 100.681% 
(     250,     380 ]       20   0.000% 100.681% 
(     380,     580 ]        4   0.000% 100.681% 
(     580,     870 ]        2   0.000% 100.681% 
(     870,    1300 ]        2   0.000% 100.681% 
(    1300,    1900 ]        7   0.000% 100.681% 
(    1900,    2900 ]        1   0.000% 100.681% 
(    2900,    4400 ]        2   0.000% 100.681% 
(   33000,   50000 ]        1   0.000% 100.681% 
(  110000,  170000 ]       14   0.000% 100.681% 

** Level 2 read latency histogram (micros):
Count: 5107309 Average: 4.7117  StdDev: 1840.76
Min: 0  Median: 0.8367  Max: 3172696
Percentiles: P50: 0.84 P75: 1.42 P99: 2.86 P99.9: 3.55 P99.99: 3.69
------------------------------------------------------
[       0,       1 ]  3052204  59.761%  59.761% ############
(       1,       2 ]  1834975  35.928%  95.690% #######
(       2,       3 ]   195815   3.834%  99.524% #
(       3,       4 ]    34726   0.680% 100.204% 
(       4,       6 ]    10260   0.201% 100.405% 
(       6,      10 ]     5763   0.113% 100.518% 
(      10,      15 ]     1389   0.027% 100.545% 
(      15,      22 ]      727   0.014% 100.559% 
(      22,      34 ]      132   0.003% 100.562% 
(      34,      51 ]      123   0.002% 100.564% 
(      51,      76 ]      357   0.007% 100.571% 
(      76,     110 ]      288   0.006% 100.577% 
(     110,     170 ]       25   0.000% 100.577% 
(     170,     250 ]        4   0.000% 100.577% 
(     380,     580 ]        2   0.000% 100.577% 
(     580,     870 ]        6   0.000% 100.577% 
(     870,    1300 ]        5   0.000% 100.577% 
(    1300,    1900 ]        2   0.000% 100.577% 
(    1900,    2900 ]        2   0.000% 100.578% 
(    2900,    4400 ]        7   0.000% 100.578% 
(    4400,    6600 ]        5   0.000% 100.578% 
(    6600,    9900 ]        3   0.000% 100.578% 
(    9900,   14000 ]        2   0.000% 100.578% 
(   14000,   22000 ]        6   0.000% 100.578% 
(   22000,   33000 ]       32   0.001% 100.579% 
(   33000,   50000 ]       35   0.001% 100.579% 
(   50000,   75000 ]       26   0.001% 100.580% 
(   75000,  110000 ]       11   0.000% 100.580% 
(  110000,  170000 ]       18   0.000% 100.580% 
(  170000,  250000 ]       10   0.000% 100.581% 
(  380000,  570000 ]        3   0.000% 100.581% 
( 1900000, 2900000 ]        1   0.000% 100.581% 
( 2900000, 4300000 ]        1   0.000% 100.581% 


** DB Stats **
Uptime(secs): 647.3 total, 30.4 interval
Cumulative writes: 34M writes, 34M keys, 4381K commit groups, 7.8 writes per commit group, ingest: 33.35 GB, 52.77 MB/s
Cumulative WAL: 34M writes, 0 syncs, 34252880.00 writes per sync, written: 33.35 GB, 52.77 MB/s
Cumulative stall: 00:09:26.890 H:M:S, 87.6 percent
Interval writes: 1235K writes, 1235K keys, 156K commit groups, 7.9 writes per commit group, ingest: 1231.54 MB, 40.50 MB/s
Interval WAL: 1235K writes, 0 syncs, 1235130.00 writes per sync, written: 1.20 GB, 40.50 MB/s
Interval stall: 00:00:28.044 H:M:S, 92.2 percent
Write Stall (count): write-buffer-manager-limit-stops: 0
num-running-compactions: 1
num-running-flushes: 0

2026/08/31-10:24:37  ... thread 8: (77000,2141000) ops and (2532.6,3307.9) ops/second in (30.403829,647.244093) seconds
2026/08/31-10:24:37  ... thread 12: (77000,2145000) ops and (2533.4,3314.0) ops/second in (30.393929,647.244501) seconds
2026/08/31-10:24:37  ... thread 7: (77000,2140000) ops and (2533.2,3306.3) ops/second in (30.395984,647.250552) seconds
2026/08/31-10:24:37  ... thread 14: (77000,2140000) ops and (2533.2,3306.3) ops/second in (30.396112,647.251952) seconds
2026/08/31-10:24:37  ... thread 9: (77000,2141000) ops and (2533.0,3307.8) ops/second in (30.399152,647.252033) seconds
2026/08/31-10:25:07  ... thread 9: (115000,2256000) ops and (3829.6,3331.0) ops/second in (30.029353,677.281386) seconds
2026/08/31-10:25:07  ... thread 1: (116000,2257000) ops and (3859.3,3332.4) ops/second in (30.057015,677.282776) seconds
2026/08/31-10:25:07  ... thread 5: (116000,2254000) ops and (3859.1,3328.0) ops/second in (30.059114,677.282959) seconds
2026/08/31-10:25:07  ... thread 4: (116000,2257000) ops and (3859.0,3332.4) ops/second in (30.059822,677.286505) seconds
2026/08/31-10:25:07  ... thread 6: (116000,2257000) ops and (3859.2,3332.4) ops/second in (30.057688,677.286799) seconds
2026/08/31-10:25:07  ... thread 7: (115000,2255000) ops and (3828.6,3329.5) ops/second in (30.036700,677.287252) seconds
2026/08/31-10:25:07  ... thread 15: (116000,2256000) ops and (3859.8,3330.9) ops/second in (30.053523,677.288146) seconds
2026/08/31-10:25:07  ... thread 11: (116000,2258000) ops and (3859.2,3333.9) ops/second in (30.057988,677.288233) seconds
2026/08/31-10:25:07  ... thread 2: (116000,2258000) ops and (3858.7,3333.9) ops/second in (30.061621,677.288671) seconds
2026/08/31-10:25:07  ... thread 14: (115000,2255000) ops and (3828.6,3329.5) ops/second in (30.036750,677.288702) seconds
2026/08/31-10:25:07  ... thread 10: (116000,2258000) ops and (3859.6,3333.9) ops/second in (30.054773,677.294340) seconds
2026/08/31-10:25:07  ... thread 0: (116000,2255000) ops and (3859.7,3329.4) ops/second in (30.053918,677.297567) seconds

** Compaction Stats [default] **
Level    Files   Size     Score Read(GB)  Rn(GB) Rnp1(GB) Write(GB) WPreComp(GB) Wnew(GB) Moved(GB) W-Amp Rd(MB/s) Wr(MB/s) Comp(sec) CompMergeCPU(sec) Comp(cnt) Avg(sec) KeyIn KeyDrop Rblob(GB) Wblob(GB)
-------------------------------------------------------------------------------------------------------------------------------------------------------------------------------------------------------------
  L0      9/8      2.12 GB   0.1     22.5     0.0     22.5      57.9      57.9     35.4       0.0   1.6     18.4     47.3   1253.53            119.33       632    1.983     58M    47K       0.0       0.0
  L1     69/69     3.96 GB   0.0    132.6    33.2     99.3     131.2     131.2     31.9       0.0   3.9    343.6    340.1    395.03            419.62        30   13.168    134M  1382K       0.0       0.0
  L2    469/0     25.34 GB   0.6     51.6    20.2     31.4      49.0      49.0     17.6       7.7   2.4     26.5     25.2   1995.59            152.99       293    6.811     52M  2622K       0.0       0.0
 Sum    547/77    31.41 GB   0.0    206.7    53.5    153.2     238.1     238.1     84.9       7.7   6.7     58.1     66.9   3644.15            691.95       955    3.816    246M  4052K       0.0       0.0
 Int      0/0      0.00 KB   0.0      4.4     0.7      3.7       5.5       5.5      1.8       0.0   4.5     28.3     35.0    160.59             13.78        35    4.588   5748K   155K       0.0       0.0

** Compaction Stats [default] **
Priority    Files   Size     Score Read(GB)  Rn(GB) Rnp1(GB) Write(GB) WPreComp(GB) Wnew(GB) Moved(GB) W-Amp Rd(MB/s) Wr(MB/s) Comp(sec) CompMergeCPU(sec) Comp(cnt) Avg(sec) KeyIn KeyDrop Rblob(GB) Wblob(GB)
----------------------------------------------------------------------------------------------------------------------------------------------------------------------------------------------------------------
 Low      0/0      0.00 KB   0.0    206.7    53.5    153.2     202.7     202.7     49.5       0.0   0.0     80.5     78.9   2629.37            630.32       371    7.087    210M  4052K       0.0       0.0
High      0/0      0.00 KB   0.0      0.0     0.0      0.0      35.4      35.4     35.4       0.0   0.0      0.0     35.7   1014.78             61.63       584    1.738     36M      0       0.0       0.0

Blob file count: 0, total size: 0.0 GB, garbage size: 0.0 GB, space amp: 0.0

Uptime(secs): 677.3 total, 13.2 interval
Flush(GB): cumulative 35.411, interval 1.214
AddFile(GB): cumulative 0.000, interval 0.000
AddFile(Total Files): cumulative 0, interval 0
AddFile(L0 Files): cumulative 0, interval 0
AddFile(Keys): cumulative 0, interval 0
Cumulative compaction: 238.07 GB write, 359.92 MB/s write, 206.65 GB read, 312.43 MB/s read, 3644.1 seconds
Interval compaction: 5.50 GB write, 426.08 MB/s write, 4.44 GB read, 343.86 MB/s read, 160.6 seconds
Estimated pending compaction bytes: 18059404755
Write Stall (count): cf-l0-file-count-limit-delays-with-ongoing-compaction: 5, cf-l0-file-count-limit-stops-with-ongoing-compaction: 0, l0-file-count-limit-delays: 5, l0-file-count-limit-stops: 0, memtable-limit-delays: 0, memtable-limit-stops: 454, pending-compaction-bytes-delays: 0, pending-compaction-bytes-stops: 0, total-delays: 5, total-stops: 454
interval: 13 total count
Block cache AutoHyperClockCache@0x6499b23c82d0#2259139 capacity: 512.00 MB seed: 1 usage: 10.14 MB table_size: 4422 occupancy: 2410 collections: 4 last_copies: 2 last_secs: 0.000375 secs_since: 133
Block cache entry stats(count,size,portion): Misc(2410,9.87 MB,1.92794%)

** File Read Latency Histogram By Level [default] **
** Level 0 read latency histogram (micros):
Count: 14198473 Average: 3.7466  StdDev: 1846.81
Min: 0  Median: 0.9582  Max: 3763466
Percentiles: P50: 0.96 P75: 1.57 P99: 2.98 P99.9: 4.77 P99.99: 5.51
------------------------------------------------------
[       0,       1 ]  7408585  52.179%  52.179% ##########
(       1,       2 ]  5700375  40.148%  92.327% ########
(       2,       3 ]   964021   6.790%  99.116% #
(       3,       4 ]    97845   0.689%  99.805% 
(       4,       6 ]    34849   0.245% 100.051% 
(       6,      10 ]    16804   0.118% 100.169% 
(      10,      15 ]     4608   0.032% 100.202% 
(      15,      22 ]     2353   0.017% 100.218% 
(      22,      34 ]      205   0.001% 100.220% 
(      34,      51 ]       32   0.000% 100.220% 
(      51,      76 ]      214   0.002% 100.221% 
(      76,     110 ]      409   0.003% 100.224% 
(     110,     170 ]       21   0.000% 100.224% 
(     170,     250 ]        6   0.000% 100.224% 
(     250,     380 ]        4   0.000% 100.224% 
(     380,     580 ]       17   0.000% 100.224% 
(     580,     870 ]       15   0.000% 100.225% 
(     870,    1300 ]        6   0.000% 100.225% 
(    1300,    1900 ]       11   0.000% 100.225% 
(    1900,    2900 ]       21   0.000% 100.225% 
(    2900,    4400 ]        8   0.000% 100.225% 
(    4400,    6600 ]        1   0.000% 100.225% 
(    6600,    9900 ]        3   0.000% 100.225% 
(    9900,   14000 ]        1   0.000% 100.225% 
(   14000,   22000 ]        4   0.000% 100.225% 
(   22000,   33000 ]       15   0.000% 100.225% 
(   33000,   50000 ]       24   0.000% 100.225% 
(   50000,   75000 ]       30   0.000% 100.225% 
(   75000,  110000 ]       31   0.000% 100.226% 
(  110000,  170000 ]       27   0.000% 100.226% 
(  170000,  250000 ]        3   0.000% 100.226% 
(  250000,  380000 ]        3   0.000% 100.226% 
(  860000, 1200000 ]        3   0.000% 100.226% 
( 1900000, 2900000 ]        5   0.000% 100.226% 
( 2900000, 4300000 ]        1   0.000% 100.226% 

** Level 1 read latency histogram (micros):
Count: 31762356 Average: 1.5463  StdDev: 98.34
Min: 0  Median: 0.8472  Max: 147837
Percentiles: P50: 0.85 P75: 1.43 P99: 2.78 P99.9: 3.08 P99.99: 3.26
------------------------------------------------------
[       0,       1 ] 18746429  59.021%  59.021% ############
(       1,       2 ] 11716293  36.887%  95.908% #######
(       2,       3 ]  1256110   3.955%  99.863% #
(       3,       4 ]   154413   0.486% 100.349% 
(       4,       6 ]    52538   0.165% 100.515% 
(       6,      10 ]    35564   0.112% 100.626% 
(      10,      15 ]     8409   0.026% 100.653% 
(      15,      22 ]     4172   0.013% 100.666% 
(      22,      34 ]      465   0.001% 100.668% 
(      34,      51 ]      229   0.001% 100.668% 
(      51,      76 ]      696   0.002% 100.670% 
(      76,     110 ]      772   0.002% 100.673% 
(     110,     170 ]      318   0.001% 100.674% 
(     170,     250 ]      115   0.000% 100.674% 
(     250,     380 ]       20   0.000% 100.674% 
(     380,     580 ]        4   0.000% 100.674% 
(     580,     870 ]        3   0.000% 100.674% 
(     870,    1300 ]        2   0.000% 100.674% 
(    1300,    1900 ]        7   0.000% 100.674% 
(    1900,    2900 ]        1   0.000% 100.674% 
(    2900,    4400 ]        2   0.000% 100.674% 
(   33000,   50000 ]        1   0.000% 100.674% 
(  110000,  170000 ]       14   0.000% 100.674% 

** Level 2 read latency histogram (micros):
Count: 5914715 Average: 4.3586  StdDev: 1712.31
Min: 0  Median: 0.8282  Max: 3172696
Percentiles: P50: 0.83 P75: 1.41 P99: 2.85 P99.9: 3.50 P99.99: 3.64
------------------------------------------------------
[       0,       1 ]  3570741  60.370%  60.370% ############
(       1,       2 ]  2093398  35.393%  95.764% #######
(       2,       3 ]   226302   3.826%  99.590% #
(       3,       4 ]    37021   0.626% 100.216% 
(       4,       6 ]    11027   0.186% 100.402% 
(       6,      10 ]     6632   0.112% 100.514% 
(      10,      15 ]     1697   0.029% 100.543% 
(      15,      22 ]      919   0.016% 100.558% 
(      22,      34 ]      150   0.003% 100.561% 
(      34,      51 ]      132   0.002% 100.563% 
(      51,      76 ]      392   0.007% 100.570% 
(      76,     110 ]      320   0.005% 100.575% 
(     110,     170 ]       25   0.000% 100.576% 
(     170,     250 ]        4   0.000% 100.576% 
(     250,     380 ]        1   0.000% 100.576% 
(     380,     580 ]        2   0.000% 100.576% 
(     580,     870 ]        6   0.000% 100.576% 
(     870,    1300 ]        5   0.000% 100.576% 
(    1300,    1900 ]        2   0.000% 100.576% 
(    1900,    2900 ]        2   0.000% 100.576% 
(    2900,    4400 ]        7   0.000% 100.576% 
(    4400,    6600 ]        5   0.000% 100.576% 
(    6600,    9900 ]        3   0.000% 100.576% 
(    9900,   14000 ]        2   0.000% 100.576% 
(   14000,   22000 ]        6   0.000% 100.576% 
(   22000,   33000 ]       35   0.001% 100.577% 
(   33000,   50000 ]       38   0.001% 100.578% 
(   50000,   75000 ]       29   0.000% 100.578% 
(   75000,  110000 ]       13   0.000% 100.578% 
(  110000,  170000 ]       18   0.000% 100.579% 
(  170000,  250000 ]       10   0.000% 100.579% 
(  380000,  570000 ]        3   0.000% 100.579% 
( 1900000, 2900000 ]        1   0.000% 100.579% 
( 2900000, 4300000 ]        1   0.000% 100.579% 


** DB Stats **
Uptime(secs): 677.3 total, 13.2 interval
Cumulative writes: 36M writes, 36M keys, 4615K commit groups, 7.8 writes per commit group, ingest: 35.16 GB, 53.15 MB/s
Cumulative WAL: 36M writes, 0 syncs, 36106572.00 writes per sync, written: 35.16 GB, 53.15 MB/s
Cumulative stall: 00:09:53.667 H:M:S, 87.7 percent
Interval writes: 1246K writes, 1246K keys, 157K commit groups, 7.9 writes per commit group, ingest: 1242.66 MB, 94.07 MB/s
Interval WAL: 1246K writes, 0 syncs, 1246296.00 writes per sync, written: 1.21 GB, 94.07 MB/s
Interval stall: 00:00:15.713 H:M:S, 118.9 percent
Write Stall (count): write-buffer-manager-limit-stops: 0
num-running-compactions: 1
num-running-flushes: 1

2026/08/31-10:25:07  ... thread 3: (116000,2254000) ops and (3859.1,3327.9) ops/second in (30.059123,677.299181) seconds
2026/08/31-10:25:07  ... thread 8: (116000,2257000) ops and (3859.4,3332.3) ops/second in (30.056264,677.300357) seconds
2026/08/31-10:25:07  ... thread 13: (116000,2255000) ops and (3859.0,3329.4) ops/second in (30.059222,677.302299) seconds
2026/08/31-10:25:07  ... thread 12: (116000,2261000) ops and (3859.0,3338.2) ops/second in (30.059303,677.303804) seconds
2026/08/31-10:25:42  ... thread 12: (57000,2318000) ops and (1641.2,3255.5) ops/second in (34.730345,712.034149) seconds
2026/08/31-10:25:42  ... thread 8: (57000,2314000) ops and (1641.0,3249.8) ops/second in (34.735123,712.035480) seconds
2026/08/31-10:25:42  ... thread 5: (58000,2312000) ops and (1668.7,3247.0) ops/second in (34.758556,712.041515) seconds
2026/08/31-10:25:42  ... thread 7: (58000,2313000) ops and (1668.8,3248.4) ops/second in (34.756531,712.043783) seconds
2026/08/31-10:25:42  ... thread 9: (58000,2314000) ops and (1668.5,3249.8) ops/second in (34.762414,712.043800) seconds
2026/08/31-10:25:42  ... thread 2: (58000,2316000) ops and (1668.8,3252.6) ops/second in (34.756410,712.045081) seconds
2026/08/31-10:25:42  ... thread 1: (58000,2315000) ops and (1668.5,3251.2) ops/second in (34.762651,712.045427) seconds
2026/08/31-10:25:42  ... thread 14: (58000,2313000) ops and (1668.7,3248.4) ops/second in (34.757857,712.046559) seconds
2026/08/31-10:25:42  ... thread 6: (58000,2315000) ops and (1668.5,3251.2) ops/second in (34.761722,712.048521) seconds
2026/08/31-10:25:42  ... thread 11: (58000,2316000) ops and (1668.5,3252.6) ops/second in (34.762544,712.050777) seconds
2026/08/31-10:25:42  ... thread 10: (58000,2316000) ops and (1668.7,3252.6) ops/second in (34.758503,712.052843) seconds
2026/08/31-10:25:42  ... thread 4: (58000,2315000) ops and (1668.3,3251.2) ops/second in (34.766586,712.053091) seconds
2026/08/31-10:25:42  ... thread 15: (58000,2314000) ops and (1668.3,3249.8) ops/second in (34.766553,712.054699) seconds
2026/08/31-10:25:42  ... thread 3: (58000,2312000) ops and (1668.7,3246.9) ops/second in (34.758028,712.057209) seconds
2026/08/31-10:25:42  ... thread 0: (58000,2313000) ops and (1668.6,3248.3) ops/second in (34.760615,712.058182) seconds

** Compaction Stats [default] **
Level    Files   Size     Score Read(GB)  Rn(GB) Rnp1(GB) Write(GB) WPreComp(GB) Wnew(GB) Moved(GB) W-Amp Rd(MB/s) Wr(MB/s) Comp(sec) CompMergeCPU(sec) Comp(cnt) Avg(sec) KeyIn KeyDrop Rblob(GB) Wblob(GB)
-------------------------------------------------------------------------------------------------------------------------------------------------------------------------------------------------------------
  L0     16/9    993.70 MB   0.9     22.5     0.0     22.5      58.8      58.8     36.3       0.0   1.6     17.6     45.9   1309.95            120.93       647    2.025     59M    47K       0.0       0.0
  L1     86/15     4.84 GB   1.0    138.6    35.3    103.3     137.1     137.1     33.8       0.0   3.9    338.9    335.3    418.76            437.88        31   13.508    141M  1480K       0.0       0.0
  L2    485/48    26.19 GB   0.6     55.6    21.4     34.2      52.8      52.8     18.6       7.7   2.5     26.2     24.9   2172.97            164.93       313    6.942     56M  2882K       0.0       0.0
 Sum    587/72    31.99 GB   0.0    216.7    56.7    160.0     248.7     248.7     88.7       7.7   6.8     56.9     65.3   3901.68            723.74       991    3.937    257M  4410K       0.0       0.0
 Int      0/0      0.00 KB   0.0     14.5     3.9     10.5      16.1      16.1      5.6       0.0   7.6     35.4     39.4    418.12             45.58        71    5.889     16M   514K       0.0       0.0

** Compaction Stats [default] **
Priority    Files   Size     Score Read(GB)  Rn(GB) Rnp1(GB) Write(GB) WPreComp(GB) Wnew(GB) Moved(GB) W-Amp Rd(MB/s) Wr(MB/s) Comp(sec) CompMergeCPU(sec) Comp(cnt) Avg(sec) KeyIn KeyDrop Rblob(GB) Wblob(GB)
----------------------------------------------------------------------------------------------------------------------------------------------------------------------------------------------------------------
 Low      0/0      0.00 KB   0.0    216.7    56.7    160.0     212.3     212.3     52.4       0.0   0.0     78.4     76.8   2830.48            660.51       392    7.221    220M  4410K       0.0       0.0
High      0/0      0.00 KB   0.0      0.0     0.0      0.0      36.3      36.3     36.3       0.0   0.0      0.0     34.7   1071.20             63.23       599    1.788     36M      0       0.0       0.0

Blob file count: 0, total size: 0.0 GB, garbage size: 0.0 GB, space amp: 0.0

Uptime(secs): 712.1 total, 48.0 interval
Flush(GB): cumulative 36.321, interval 2.123
AddFile(GB): cumulative 0.000, interval 0.000
AddFile(Total Files): cumulative 0, interval 0
AddFile(L0 Files): cumulative 0, interval 0
AddFile(Keys): cumulative 0, interval 0
Cumulative compaction: 248.66 GB write, 357.58 MB/s write, 216.69 GB read, 311.61 MB/s read, 3901.7 seconds
Interval compaction: 16.09 GB write, 343.42 MB/s write, 14.47 GB read, 308.91 MB/s read, 418.1 seconds
Estimated pending compaction bytes: 16917474102
Write Stall (count): cf-l0-file-count-limit-delays-with-ongoing-compaction: 5, cf-l0-file-count-limit-stops-with-ongoing-compaction: 0, l0-file-count-limit-delays: 5, l0-file-count-limit-stops: 0, memtable-limit-delays: 0, memtable-limit-stops: 470, pending-compaction-bytes-delays: 0, pending-compaction-bytes-stops: 0, total-delays: 5, total-stops: 470
interval: 29 total count
Block cache AutoHyperClockCache@0x6499b23c82d0#2259139 capacity: 512.00 MB seed: 1 usage: 10.14 MB table_size: 4422 occupancy: 2410 collections: 4 last_copies: 2 last_secs: 0.000375 secs_since: 167
Block cache entry stats(count,size,portion): Misc(2410,9.87 MB,1.92794%)

** File Read Latency Histogram By Level [default] **
** Level 0 read latency histogram (micros):
Count: 14764927 Average: 3.6957  StdDev: 1811.61
Min: 0  Median: 0.9578  Max: 3763466
Percentiles: P50: 0.96 P75: 1.57 P99: 2.98 P99.9: 4.82 P99.99: 5.54
------------------------------------------------------
[       0,       1 ]  7707607  52.202%  52.202% ##########
(       1,       2 ]  5921043  40.102%  92.304% ########
(       2,       3 ]  1003809   6.799%  99.103% #
(       3,       4 ]   102676   0.695%  99.798% 
(       4,       6 ]    36772   0.249% 100.047% 
(       6,      10 ]    17496   0.118% 100.166% 
(      10,      15 ]     4857   0.033% 100.199% 
(      15,      22 ]     2507   0.017% 100.216% 
(      22,      34 ]      215   0.001% 100.217% 
(      34,      51 ]       36   0.000% 100.217% 
(      51,      76 ]      225   0.002% 100.219% 
(      76,     110 ]      418   0.003% 100.222% 
(     110,     170 ]       21   0.000% 100.222% 
(     170,     250 ]        6   0.000% 100.222% 
(     250,     380 ]        4   0.000% 100.222% 
(     380,     580 ]       17   0.000% 100.222% 
(     580,     870 ]       15   0.000% 100.222% 
(     870,    1300 ]        6   0.000% 100.222% 
(    1300,    1900 ]       11   0.000% 100.222% 
(    1900,    2900 ]       21   0.000% 100.222% 
(    2900,    4400 ]       10   0.000% 100.222% 
(    4400,    6600 ]        1   0.000% 100.222% 
(    6600,    9900 ]        3   0.000% 100.222% 
(    9900,   14000 ]        1   0.000% 100.222% 
(   14000,   22000 ]        4   0.000% 100.223% 
(   22000,   33000 ]       16   0.000% 100.223% 
(   33000,   50000 ]       27   0.000% 100.223% 
(   50000,   75000 ]       33   0.000% 100.223% 
(   75000,  110000 ]       32   0.000% 100.223% 
(  110000,  170000 ]       27   0.000% 100.223% 
(  170000,  250000 ]        3   0.000% 100.223% 
(  250000,  380000 ]        3   0.000% 100.223% 
(  860000, 1200000 ]        3   0.000% 100.223% 
( 1900000, 2900000 ]        5   0.000% 100.224% 
( 2900000, 4300000 ]        1   0.000% 100.224% 

** Level 1 read latency histogram (micros):
Count: 33017911 Average: 1.5410  StdDev: 96.45
Min: 0  Median: 0.8430  Max: 147837
Percentiles: P50: 0.84 P75: 1.43 P99: 2.79 P99.9: 3.11 P99.99: 3.29
------------------------------------------------------
[       0,       1 ] 19582891  59.310%  59.310% ############
(       1,       2 ] 12073510  36.567%  95.876% #######
(       2,       3 ]  1311476   3.972%  99.848% #
(       3,       4 ]   159576   0.483% 100.332% 
(       4,       6 ]    54829   0.166% 100.498% 
(       6,      10 ]    36908   0.112% 100.610% 
(      10,      15 ]     8806   0.027% 100.636% 
(      15,      22 ]     4406   0.013% 100.650% 
(      22,      34 ]      482   0.001% 100.651% 
(      34,      51 ]      239   0.001% 100.652% 
(      51,      76 ]      723   0.002% 100.654% 
(      76,     110 ]      831   0.003% 100.657% 
(     110,     170 ]      332   0.001% 100.658% 
(     170,     250 ]      115   0.000% 100.658% 
(     250,     380 ]       20   0.000% 100.658% 
(     380,     580 ]        4   0.000% 100.658% 
(     580,     870 ]        3   0.000% 100.658% 
(     870,    1300 ]        2   0.000% 100.658% 
(    1300,    1900 ]        7   0.000% 100.658% 
(    1900,    2900 ]        1   0.000% 100.658% 
(    2900,    4400 ]        3   0.000% 100.658% 
(   33000,   50000 ]        1   0.000% 100.658% 
(  110000,  170000 ]       14   0.000% 100.658% 

** Level 2 read latency histogram (micros):
Count: 7044043 Average: 4.2409  StdDev: 1617.99
Min: 0  Median: 0.8219  Max: 3172696
Percentiles: P50: 0.82 P75: 1.41 P99: 2.85 P99.9: 3.49 P99.99: 3.64
------------------------------------------------------
[       0,       1 ]  4285053  60.832%  60.832% ############
(       1,       2 ]  2456468  34.873%  95.705% #######
(       2,       3 ]   274398   3.895%  99.601% #
(       3,       4 ]    42760   0.607% 100.208% 
(       4,       6 ]    12727   0.181% 100.388% 
(       6,      10 ]     7811   0.111% 100.499% 
(      10,      15 ]     2049   0.029% 100.528% 
(      15,      22 ]     1136   0.016% 100.545% 
(      22,      34 ]      168   0.002% 100.547% 
(      34,      51 ]      147   0.002% 100.549% 
(      51,      76 ]      441   0.006% 100.555% 
(      76,     110 ]      366   0.005% 100.560% 
(     110,     170 ]       41   0.001% 100.561% 
(     170,     250 ]       46   0.001% 100.562% 
(     250,     380 ]       57   0.001% 100.563% 
(     380,     580 ]       91   0.001% 100.564% 
(     580,     870 ]      121   0.002% 100.566% 
(     870,    1300 ]      122   0.002% 100.567% 
(    1300,    1900 ]       94   0.001% 100.569% 
(    1900,    2900 ]       68   0.001% 100.570% 
(    2900,    4400 ]       48   0.001% 100.570% 
(    4400,    6600 ]       16   0.000% 100.570% 
(    6600,    9900 ]        9   0.000% 100.571% 
(    9900,   14000 ]        3   0.000% 100.571% 
(   14000,   22000 ]        9   0.000% 100.571% 
(   22000,   33000 ]       39   0.001% 100.571% 
(   33000,   50000 ]       45   0.001% 100.572% 
(   50000,   75000 ]       30   0.000% 100.572% 
(   75000,  110000 ]       13   0.000% 100.573% 
(  110000,  170000 ]       19   0.000% 100.573% 
(  170000,  250000 ]       10   0.000% 100.573% 
(  380000,  570000 ]        3   0.000% 100.573% 
(  860000, 1200000 ]        1   0.000% 100.573% 
( 1900000, 2900000 ]        1   0.000% 100.573% 
( 2900000, 4300000 ]        1   0.000% 100.573% 


** DB Stats **
Uptime(secs): 712.1 total, 34.8 interval
Cumulative writes: 37M writes, 37M keys, 4733K commit groups, 7.8 writes per commit group, ingest: 36.06 GB, 51.86 MB/s
Cumulative WAL: 37M writes, 0 syncs, 37034540.00 writes per sync, written: 36.06 GB, 51.86 MB/s
Cumulative stall: 00:10:26.391 H:M:S, 88.0 percent
Interval writes: 927K writes, 927K keys, 117K commit groups, 7.9 writes per commit group, ingest: 925.26 MB, 26.62 MB/s
Interval WAL: 927K writes, 0 syncs, 927968.00 writes per sync, written: 0.90 GB, 26.62 MB/s
Interval stall: 00:00:32.724 H:M:S, 94.1 percent
Write Stall (count): write-buffer-manager-limit-stops: 0
num-running-compactions: 15
num-running-flushes: 2

2026/08/31-10:25:42  ... thread 13: (58000,2313000) ops and (1668.6,3248.3) ops/second in (34.758954,712.061253) seconds
2026/08/31-10:26:15  ... thread 10: (69000,2385000) ops and (2083.8,3200.6) ops/second in (33.112073,745.164916) seconds
2026/08/31-10:26:15  ... thread 1: (69000,2384000) ops and (2083.1,3199.3) ops/second in (33.123062,745.168489) seconds
2026/08/31-10:26:15  ... thread 4: (69000,2384000) ops and (2083.6,3199.3) ops/second in (33.116355,745.169446) seconds
2026/08/31-10:26:15  ... thread 15: (69000,2383000) ops and (2083.5,3197.9) ops/second in (33.117141,745.171840) seconds
2026/08/31-10:26:15  ... thread 0: (69000,2382000) ops and (2083.2,3196.5) ops/second in (33.122263,745.180445) seconds

** Compaction Stats [default] **
Level    Files   Size     Score Read(GB)  Rn(GB) Rnp1(GB) Write(GB) WPreComp(GB) Wnew(GB) Moved(GB) W-Amp Rd(MB/s) Wr(MB/s) Comp(sec) CompMergeCPU(sec) Comp(cnt) Avg(sec) KeyIn KeyDrop Rblob(GB) Wblob(GB)
-------------------------------------------------------------------------------------------------------------------------------------------------------------------------------------------------------------
  L0     11/8    682.41 MB   0.4     23.5     0.0     23.5      61.0      61.0     37.4       0.0   1.6     17.5     45.2   1379.78            126.03       668    2.066     62M    49K       0.0       0.0
  L1     90/16     5.08 GB   1.0    143.9    36.7    107.2     142.4     142.4     35.2       0.0   3.9    337.2    333.6    437.13            456.18        32   13.660    146M  1542K       0.0       0.0
  L2    502/54    27.03 GB   0.6     59.7    22.4     37.3      56.6      56.6     19.4       7.7   2.5     26.5     25.1   2311.13            177.14       333    6.940     60M  3124K       0.0       0.0
 Sum    603/78    32.77 GB   0.0    227.2    59.1    168.0     260.0     260.0     91.9       7.7   6.9     56.4     64.5   4128.05            759.35      1033    3.996    269M  4716K       0.0       0.0
 Int      0/0      0.00 KB   0.0      6.3     1.7      4.6       6.7       6.7      2.0       0.0  13.8     89.8     95.0     71.84             22.54        16    4.490   6900K   121K       0.0       0.0

** Compaction Stats [default] **
Priority    Files   Size     Score Read(GB)  Rn(GB) Rnp1(GB) Write(GB) WPreComp(GB) Wnew(GB) Moved(GB) W-Amp Rd(MB/s) Wr(MB/s) Comp(sec) CompMergeCPU(sec) Comp(cnt) Avg(sec) KeyIn KeyDrop Rblob(GB) Wblob(GB)
----------------------------------------------------------------------------------------------------------------------------------------------------------------------------------------------------------------
 Low      0/0      0.00 KB   0.0    227.2    59.1    168.0     222.5     222.5     54.5       0.0   0.0     77.3     75.7   3010.63            693.85       415    7.255    231M  4716K       0.0       0.0
High      0/0      0.00 KB   0.0      0.0     0.0      0.0      37.5      37.5     37.5       0.0   0.0      0.0     34.3   1117.41             65.50       618    1.808     38M      0       0.0       0.0

Blob file count: 0, total size: 0.0 GB, garbage size: 0.0 GB, space amp: 0.0

Uptime(secs): 745.2 total, 21.1 interval
Flush(GB): cumulative 37.474, interval 0.484
AddFile(GB): cumulative 0.000, interval 0.000
AddFile(Total Files): cumulative 0, interval 0
AddFile(L0 Files): cumulative 0, interval 0
AddFile(Keys): cumulative 0, interval 0
Cumulative compaction: 260.00 GB write, 357.27 MB/s write, 227.17 GB read, 312.17 MB/s read, 4128.0 seconds
Interval compaction: 6.66 GB write, 323.55 MB/s write, 6.30 GB read, 305.85 MB/s read, 71.8 seconds
Estimated pending compaction bytes: 16851817432
Write Stall (count): cf-l0-file-count-limit-delays-with-ongoing-compaction: 5, cf-l0-file-count-limit-stops-with-ongoing-compaction: 0, l0-file-count-limit-delays: 5, l0-file-count-limit-stops: 0, memtable-limit-delays: 0, memtable-limit-stops: 488, pending-compaction-bytes-delays: 0, pending-compaction-bytes-stops: 0, total-delays: 5, total-stops: 488
interval: 7 total count
Block cache AutoHyperClockCache@0x6499b23c82d0#2259139 capacity: 512.00 MB seed: 1 usage: 11.82 MB table_size: 5015 occupancy: 2811 collections: 5 last_copies: 0 last_secs: 0.000428 secs_since: 21
Block cache entry stats(count,size,portion): Misc(2811,11.51 MB,2.24878%)

** File Read Latency Histogram By Level [default] **
** Level 0 read latency histogram (micros):
Count: 15363159 Average: 3.6486  StdDev: 1776.75
Min: 0  Median: 0.9601  Max: 3763466
Percentiles: P50: 0.96 P75: 1.57 P99: 2.99 P99.9: 4.83 P99.99: 5.55
------------------------------------------------------
[       0,       1 ]  8000550  52.076%  52.076% ##########
(       1,       2 ]  6169460  40.157%  92.234% ########
(       2,       3 ]  1053951   6.860%  99.094% #
(       3,       4 ]   107807   0.702%  99.796% 
(       4,       6 ]    38548   0.251% 100.047% 
(       6,      10 ]    18313   0.119% 100.166% 
(      10,      15 ]     5110   0.033% 100.199% 
(      15,      22 ]     2653   0.017% 100.216% 
(      22,      34 ]      229   0.001% 100.218% 
(      34,      51 ]       39   0.000% 100.218% 
(      51,      76 ]      234   0.002% 100.220% 
(      76,     110 ]      429   0.003% 100.222% 
(     110,     170 ]       21   0.000% 100.223% 
(     170,     250 ]        6   0.000% 100.223% 
(     250,     380 ]        4   0.000% 100.223% 
(     380,     580 ]       19   0.000% 100.223% 
(     580,     870 ]       17   0.000% 100.223% 
(     870,    1300 ]        6   0.000% 100.223% 
(    1300,    1900 ]       11   0.000% 100.223% 
(    1900,    2900 ]       21   0.000% 100.223% 
(    2900,    4400 ]       10   0.000% 100.223% 
(    4400,    6600 ]        1   0.000% 100.223% 
(    6600,    9900 ]        3   0.000% 100.223% 
(    9900,   14000 ]        1   0.000% 100.223% 
(   14000,   22000 ]        4   0.000% 100.223% 
(   22000,   33000 ]       17   0.000% 100.223% 
(   33000,   50000 ]       28   0.000% 100.223% 
(   50000,   75000 ]       34   0.000% 100.224% 
(   75000,  110000 ]       36   0.000% 100.224% 
(  110000,  170000 ]       27   0.000% 100.224% 
(  170000,  250000 ]        3   0.000% 100.224% 
(  250000,  380000 ]        3   0.000% 100.224% 
(  860000, 1200000 ]        3   0.000% 100.224% 
( 1900000, 2900000 ]        5   0.000% 100.224% 
( 2900000, 4300000 ]        1   0.000% 100.224% 

** Level 1 read latency histogram (micros):
Count: 34262308 Average: 1.5417  StdDev: 94.68
Min: 0  Median: 0.8459  Max: 147837
Percentiles: P50: 0.85 P75: 1.43 P99: 2.79 P99.9: 3.13 P99.99: 3.31
------------------------------------------------------
[       0,       1 ] 20251803  59.108%  59.108% ############
(       1,       2 ] 12574641  36.701%  95.809% #######
(       2,       3 ]  1380245   4.028%  99.838% #
(       3,       4 ]   167326   0.488% 100.326% 
(       4,       6 ]    57971   0.169% 100.495% 
(       6,      10 ]    38710   0.113% 100.608% 
(      10,      15 ]     9227   0.027% 100.635% 
(      15,      22 ]     4641   0.014% 100.649% 
(      22,      34 ]      508   0.001% 100.650% 
(      34,      51 ]      247   0.001% 100.651% 
(      51,      76 ]      745   0.002% 100.653% 
(      76,     110 ]      882   0.003% 100.656% 
(     110,     170 ]      342   0.001% 100.657% 
(     170,     250 ]      115   0.000% 100.657% 
(     250,     380 ]       20   0.000% 100.657% 
(     380,     580 ]        5   0.000% 100.657% 
(     580,     870 ]        3   0.000% 100.657% 
(     870,    1300 ]        2   0.000% 100.657% 
(    1300,    1900 ]        7   0.000% 100.657% 
(    1900,    2900 ]        1   0.000% 100.657% 
(    2900,    4400 ]        3   0.000% 100.657% 
(   33000,   50000 ]        1   0.000% 100.657% 
(  110000,  170000 ]       14   0.000% 100.657% 

** Level 2 read latency histogram (micros):
Count: 7813296 Average: 5.0426  StdDev: 1555.19
Min: 0  Median: 0.8227  Max: 3172696
Percentiles: P50: 0.82 P75: 1.41 P99: 2.87 P99.9: 3.66 P99.99: 3.81
------------------------------------------------------
[       0,       1 ]  4748346  60.773%  60.773% ############
(       1,       2 ]  2717804  34.784%  95.557% #######
(       2,       3 ]   307703   3.938%  99.495% #
(       3,       4 ]    47700   0.610% 100.106% 
(       4,       6 ]    14572   0.187% 100.292% 
(       6,      10 ]     8670   0.111% 100.403% 
(      10,      15 ]     2349   0.030% 100.433% 
(      15,      22 ]     1317   0.017% 100.450% 
(      22,      34 ]      234   0.003% 100.453% 
(      34,      51 ]      545   0.007% 100.460% 
(      51,      76 ]      993   0.013% 100.473% 
(      76,     110 ]      575   0.007% 100.480% 
(     110,     170 ]      549   0.007% 100.487% 
(     170,     250 ]      831   0.011% 100.498% 
(     250,     380 ]      597   0.008% 100.505% 
(     380,     580 ]      663   0.008% 100.514% 
(     580,     870 ]      591   0.008% 100.521% 
(     870,    1300 ]      443   0.006% 100.527% 
(    1300,    1900 ]      454   0.006% 100.533% 
(    1900,    2900 ]      355   0.005% 100.537% 
(    2900,    4400 ]      216   0.003% 100.540% 
(    4400,    6600 ]      103   0.001% 100.542% 
(    6600,    9900 ]       33   0.000% 100.542% 
(    9900,   14000 ]       12   0.000% 100.542% 
(   14000,   22000 ]       12   0.000% 100.542% 
(   22000,   33000 ]       48   0.001% 100.543% 
(   33000,   50000 ]       58   0.001% 100.544% 
(   50000,   75000 ]       43   0.001% 100.544% 
(   75000,  110000 ]       29   0.000% 100.545% 
(  110000,  170000 ]       26   0.000% 100.545% 
(  170000,  250000 ]       11   0.000% 100.545% 
(  250000,  380000 ]        1   0.000% 100.545% 
(  380000,  570000 ]        3   0.000% 100.545% 
(  860000, 1200000 ]        1   0.000% 100.545% 
( 1900000, 2900000 ]        1   0.000% 100.545% 
( 2900000, 4300000 ]        1   0.000% 100.545% 


** DB Stats **
Uptime(secs): 745.2 total, 21.1 interval
Cumulative writes: 38M writes, 38M keys, 4873K commit groups, 7.8 writes per commit group, ingest: 37.14 GB, 51.03 MB/s
Cumulative WAL: 38M writes, 0 syncs, 38139362.00 writes per sync, written: 37.14 GB, 51.03 MB/s
Cumulative stall: 00:10:54.788 H:M:S, 87.9 percent
Interval writes: 437K writes, 437K keys, 55K commit groups, 7.9 writes per commit group, ingest: 435.76 MB, 20.67 MB/s
Interval WAL: 437K writes, 0 syncs, 437026.00 writes per sync, written: 0.43 GB, 20.67 MB/s
Interval stall: 00:00:18.491 H:M:S, 87.7 percent
Write Stall (count): write-buffer-manager-limit-stops: 0
num-running-compactions: 18
num-running-flushes: 1

2026/08/31-10:26:15  ... thread 3: (69000,2381000) ops and (2083.1,3195.2) ops/second in (33.124227,745.181436) seconds
2026/08/31-10:26:15  ... thread 13: (69000,2382000) ops and (2083.3,3196.5) ops/second in (33.120076,745.181329) seconds
2026/08/31-10:26:15  ... thread 8: (70000,2384000) ops and (2111.5,3199.2) ops/second in (33.152416,745.187896) seconds
2026/08/31-10:26:15  ... thread 12: (70000,2388000) ops and (2111.3,3204.6) ops/second in (33.154968,745.189117) seconds
2026/08/31-10:26:15  ... thread 5: (70000,2382000) ops and (2111.7,3196.5) ops/second in (33.147991,745.189506) seconds
2026/08/31-10:26:15  ... thread 2: (70000,2386000) ops and (2111.8,3201.9) ops/second in (33.147543,745.192624) seconds
2026/08/31-10:26:15  ... thread 7: (70000,2383000) ops and (2111.6,3197.8) ops/second in (33.149592,745.193375) seconds
2026/08/31-10:26:15  ... thread 9: (70000,2384000) ops and (2111.6,3199.2) ops/second in (33.150216,745.194016) seconds
2026/08/31-10:26:15  ... thread 11: (70000,2386000) ops and (2111.9,3201.8) ops/second in (33.146022,745.196799) seconds
2026/08/31-10:26:15  ... thread 14: (70000,2383000) ops and (2111.6,3197.8) ops/second in (33.150715,745.197274) seconds
2026/08/31-10:26:15  ... thread 6: (70000,2385000) ops and (2111.7,3200.5) ops/second in (33.148797,745.197318) seconds
2026/08/31-10:26:52  ... thread 7: (111000,2494000) ops and (2992.6,3188.1) ops/second in (37.091634,782.285009) seconds
2026/08/31-10:26:52  ... thread 11: (111000,2497000) ops and (2992.6,3191.9) ops/second in (37.091023,782.287822) seconds
2026/08/31-10:26:52  ... thread 10: (112000,2497000) ops and (3016.7,3191.9) ops/second in (37.126516,782.291432) seconds
2026/08/31-10:26:52  ... thread 4: (112000,2496000) ops and (3016.9,3190.6) ops/second in (37.124254,782.293700) seconds
2026/08/31-10:26:52  ... thread 15: (112000,2495000) ops and (3017.0,3189.3) ops/second in (37.122764,782.294604) seconds
2026/08/31-10:26:52  ... thread 1: (112000,2496000) ops and (3016.8,3190.6) ops/second in (37.125734,782.294223) seconds
2026/08/31-10:26:52  ... thread 13: (112000,2494000) ops and (3017.8,3188.1) ops/second in (37.112859,782.294188) seconds
2026/08/31-10:26:52  ... thread 6: (111000,2496000) ops and (2992.1,3190.6) ops/second in (37.097853,782.295171) seconds
2026/08/31-10:26:52  ... thread 14: (111000,2494000) ops and (2992.0,3188.0) ops/second in (37.099414,782.296688) seconds
2026/08/31-10:26:52  ... thread 0: (112000,2494000) ops and (3016.8,3188.0) ops/second in (37.125922,782.306367) seconds

** Compaction Stats [default] **
Level    Files   Size     Score Read(GB)  Rn(GB) Rnp1(GB) Write(GB) WPreComp(GB) Wnew(GB) Moved(GB) W-Amp Rd(MB/s) Wr(MB/s) Comp(sec) CompMergeCPU(sec) Comp(cnt) Avg(sec) KeyIn KeyDrop Rblob(GB) Wblob(GB)
-------------------------------------------------------------------------------------------------------------------------------------------------------------------------------------------------------------
  L0     11/9    680.97 MB   0.2     25.0     0.0     25.0      64.2      64.2     39.2       0.0   1.6     17.8     45.5   1444.09            133.03       700    2.063     65M    53K       0.0       0.0
  L1     97/17     5.68 GB   1.2    149.7    38.5    111.2     148.1     148.1     36.9       0.0   3.8    337.1    333.5    454.72            474.13        33   13.779    152M  1626K       0.0       0.0
  L2    515/53    27.89 GB   0.6     64.2    23.5     40.7      60.9      60.9     20.2       7.7   2.6     26.5     25.1   2481.09            190.53       352    7.049     65M  3392K       0.0       0.0
 Sum    623/79    34.23 GB   0.0    239.0    62.0    176.9     273.2     273.2     96.3       7.7   7.0     55.9     63.9   4379.90            797.69      1085    4.037    283M  5072K       0.0       0.0
 Int      0/0      0.00 KB   0.0     18.1     4.6     13.5      19.9      19.9      6.3       0.0   8.9     57.2     62.8    323.70             60.88        68    4.760     20M   476K       0.0       0.0

** Compaction Stats [default] **
Priority    Files   Size     Score Read(GB)  Rn(GB) Rnp1(GB) Write(GB) WPreComp(GB) Wnew(GB) Moved(GB) W-Amp Rd(MB/s) Wr(MB/s) Comp(sec) CompMergeCPU(sec) Comp(cnt) Avg(sec) KeyIn KeyDrop Rblob(GB) Wblob(GB)
----------------------------------------------------------------------------------------------------------------------------------------------------------------------------------------------------------------
 Low      0/0      0.00 KB   0.0    239.0    62.0    176.9     234.0     234.0     57.0       0.0   0.0     76.1     74.5   3214.81            729.03       438    7.340    243M  5072K       0.0       0.0
High      0/0      0.00 KB   0.0      0.0     0.0      0.0      39.2      39.2     39.2       0.0   0.0      0.0     34.5   1165.09             68.66       647    1.801     39M      0       0.0       0.0

Blob file count: 0, total size: 0.0 GB, garbage size: 0.0 GB, space amp: 0.0

Uptime(secs): 782.3 total, 58.2 interval
Flush(GB): cumulative 39.232, interval 2.243
AddFile(GB): cumulative 0.000, interval 0.000
AddFile(Total Files): cumulative 0, interval 0
AddFile(L0 Files): cumulative 0, interval 0
AddFile(Keys): cumulative 0, interval 0
Cumulative compaction: 273.20 GB write, 357.60 MB/s write, 238.97 GB read, 312.79 MB/s read, 4379.9 seconds
Interval compaction: 19.86 GB write, 349.42 MB/s write, 18.09 GB read, 318.23 MB/s read, 323.7 seconds
Estimated pending compaction bytes: 20397759058
Write Stall (count): cf-l0-file-count-limit-delays-with-ongoing-compaction: 6, cf-l0-file-count-limit-stops-with-ongoing-compaction: 0, l0-file-count-limit-delays: 6, l0-file-count-limit-stops: 0, memtable-limit-delays: 0, memtable-limit-stops: 511, pending-compaction-bytes-delays: 0, pending-compaction-bytes-stops: 0, total-delays: 6, total-stops: 511
interval: 31 total count
Block cache AutoHyperClockCache@0x6499b23c82d0#2259139 capacity: 512.00 MB seed: 1 usage: 11.82 MB table_size: 5015 occupancy: 2811 collections: 5 last_copies: 0 last_secs: 0.000428 secs_since: 58
Block cache entry stats(count,size,portion): Misc(2811,11.51 MB,2.24878%)

** File Read Latency Histogram By Level [default] **
** Level 0 read latency histogram (micros):
Count: 16221198 Average: 3.5789  StdDev: 1730.80
Min: 0  Median: 0.9569  Max: 3763466
Percentiles: P50: 0.96 P75: 1.57 P99: 2.98 P99.9: 4.82 P99.99: 5.54
------------------------------------------------------
[       0,       1 ]  8476269  52.254%  52.254% ##########
(       1,       2 ]  6492871  40.027%  92.281% ########
(       2,       3 ]  1106666   6.822%  99.104% #
(       3,       4 ]   112616   0.694%  99.798% 
(       4,       6 ]    40578   0.250% 100.048% 
(       6,      10 ]    19316   0.119% 100.167% 
(      10,      15 ]     5365   0.033% 100.200% 
(      15,      22 ]     2809   0.017% 100.218% 
(      22,      34 ]      241   0.001% 100.219% 
(      34,      51 ]       41   0.000% 100.219% 
(      51,      76 ]      244   0.002% 100.221% 
(      76,     110 ]      453   0.003% 100.224% 
(     110,     170 ]       21   0.000% 100.224% 
(     170,     250 ]        6   0.000% 100.224% 
(     250,     380 ]        5   0.000% 100.224% 
(     380,     580 ]       20   0.000% 100.224% 
(     580,     870 ]       18   0.000% 100.224% 
(     870,    1300 ]        6   0.000% 100.224% 
(    1300,    1900 ]       12   0.000% 100.224% 
(    1900,    2900 ]       22   0.000% 100.224% 
(    2900,    4400 ]       10   0.000% 100.224% 
(    4400,    6600 ]        1   0.000% 100.224% 
(    6600,    9900 ]        3   0.000% 100.224% 
(    9900,   14000 ]        3   0.000% 100.224% 
(   14000,   22000 ]        4   0.000% 100.224% 
(   22000,   33000 ]       17   0.000% 100.225% 
(   33000,   50000 ]       28   0.000% 100.225% 
(   50000,   75000 ]       36   0.000% 100.225% 
(   75000,  110000 ]       38   0.000% 100.225% 
(  110000,  170000 ]       28   0.000% 100.225% 
(  170000,  250000 ]        4   0.000% 100.225% 
(  250000,  380000 ]        3   0.000% 100.225% 
(  860000, 1200000 ]        3   0.000% 100.225% 
( 1900000, 2900000 ]        5   0.000% 100.225% 
( 2900000, 4300000 ]        1   0.000% 100.225% 

** Level 1 read latency histogram (micros):
Count: 35509891 Average: 1.5408  StdDev: 93.01
Min: 0  Median: 0.8469  Max: 147837
Percentiles: P50: 0.85 P75: 1.43 P99: 2.80 P99.9: 3.14 P99.99: 3.33
------------------------------------------------------
[       0,       1 ] 20964300  59.038%  59.038% ############
(       1,       2 ] 13040160  36.723%  95.761% #######
(       2,       3 ]  1444782   4.069%  99.829% #
(       3,       4 ]   174090   0.490% 100.319% 
(       4,       6 ]    60493   0.170% 100.490% 
(       6,      10 ]    40566   0.114% 100.604% 
(      10,      15 ]     9614   0.027% 100.631% 
(      15,      22 ]     4841   0.014% 100.645% 
(      22,      34 ]      524   0.001% 100.646% 
(      34,      51 ]      255   0.001% 100.647% 
(      51,      76 ]      784   0.002% 100.649% 
(      76,     110 ]      935   0.003% 100.652% 
(     110,     170 ]      346   0.001% 100.653% 
(     170,     250 ]      115   0.000% 100.653% 
(     250,     380 ]       20   0.000% 100.653% 
(     380,     580 ]        5   0.000% 100.653% 
(     580,     870 ]        3   0.000% 100.653% 
(     870,    1300 ]        2   0.000% 100.653% 
(    1300,    1900 ]        7   0.000% 100.653% 
(    1900,    2900 ]        1   0.000% 100.653% 
(    2900,    4400 ]        3   0.000% 100.653% 
(   33000,   50000 ]        1   0.000% 100.653% 
(  110000,  170000 ]       14   0.000% 100.653% 

** Level 2 read latency histogram (micros):
Count: 8630585 Average: 7.0687  StdDev: 1742.23
Min: 0  Median: 0.8226  Max: 3172696
Percentiles: P50: 0.82 P75: 1.41 P99: 2.89 P99.9: 3.77 P99.99: 3.91
------------------------------------------------------
[       0,       1 ]  5245722  60.781%  60.781% ############
(       1,       2 ]  2991534  34.662%  95.443% #######
(       2,       3 ]   343617   3.981%  99.424% #
(       3,       4 ]    53513   0.620% 100.044% 
(       4,       6 ]    16039   0.186% 100.230% 
(       6,      10 ]     9628   0.112% 100.341% 
(      10,      15 ]     2585   0.030% 100.371% 
(      15,      22 ]     1461   0.017% 100.388% 
(      22,      34 ]      259   0.003% 100.391% 
(      34,      51 ]      922   0.011% 100.402% 
(      51,      76 ]     1570   0.018% 100.420% 
(      76,     110 ]      763   0.009% 100.429% 
(     110,     170 ]     1088   0.013% 100.442% 
(     170,     250 ]     1719   0.020% 100.462% 
(     250,     380 ]     1151   0.013% 100.475% 
(     380,     580 ]     1142   0.013% 100.488% 
(     580,     870 ]     1076   0.012% 100.501% 
(     870,    1300 ]      824   0.010% 100.510% 
(    1300,    1900 ]      841   0.010% 100.520% 
(    1900,    2900 ]      720   0.008% 100.528% 
(    2900,    4400 ]      436   0.005% 100.533% 
(    4400,    6600 ]      207   0.002% 100.536% 
(    6600,    9900 ]       67   0.001% 100.536% 
(    9900,   14000 ]       29   0.000% 100.537% 
(   14000,   22000 ]       31   0.000% 100.537% 
(   22000,   33000 ]       68   0.001% 100.538% 
(   33000,   50000 ]       92   0.001% 100.539% 
(   50000,   75000 ]       62   0.001% 100.540% 
(   75000,  110000 ]       53   0.001% 100.540% 
(  110000,  170000 ]       53   0.001% 100.541% 
(  170000,  250000 ]       23   0.000% 100.541% 
(  250000,  380000 ]        7   0.000% 100.541% 
(  380000,  570000 ]        3   0.000% 100.541% 
(  860000, 1200000 ]        1   0.000% 100.541% 
( 1900000, 2900000 ]        2   0.000% 100.541% 
( 2900000, 4300000 ]        1   0.000% 100.541% 


** DB Stats **
Uptime(secs): 782.3 total, 37.1 interval
Cumulative writes: 39M writes, 39M keys, 5100K commit groups, 7.8 writes per commit group, ingest: 38.88 GB, 50.90 MB/s
Cumulative WAL: 39M writes, 0 syncs, 39933122.00 writes per sync, written: 38.88 GB, 50.90 MB/s
Cumulative stall: 00:11:28.409 H:M:S, 88.0 percent
Interval writes: 1793K writes, 1793K keys, 227K commit groups, 7.9 writes per commit group, ingest: 1788.53 MB, 48.17 MB/s
Interval WAL: 1793K writes, 0 syncs, 1793760.00 writes per sync, written: 1.75 GB, 48.17 MB/s
Interval stall: 00:00:33.620 H:M:S, 90.6 percent
Write Stall (count): write-buffer-manager-limit-stops: 0
num-running-compactions: 18
num-running-flushes: 0

2026/08/31-10:26:52  ... thread 12: (112000,2500000) ops and (3017.4,3195.7) ops/second in (37.118549,782.307666) seconds
2026/08/31-10:26:52  ... thread 8: (112000,2496000) ops and (3017.1,3190.6) ops/second in (37.121305,782.309201) seconds
2026/08/31-10:26:52  ... thread 2: (112000,2498000) ops and (3017.3,3193.1) ops/second in (37.118856,782.311480) seconds
2026/08/31-10:26:52  ... thread 5: (112000,2494000) ops and (3017.1,3188.0) ops/second in (37.122050,782.311556) seconds
2026/08/31-10:26:52  ... thread 3: (112000,2493000) ops and (3016.4,3186.7) ops/second in (37.130621,782.312057) seconds
2026/08/31-10:26:52  ... thread 9: (112000,2496000) ops and (3017.3,3190.5) ops/second in (37.119619,782.313635) seconds
2026/08/31-10:27:26  ... thread 12: (111000,2611000) ops and (3287.9,3199.5) ops/second in (33.760043,816.067709) seconds
2026/08/31-10:27:26  ... thread 0: (111000,2605000) ops and (3287.3,3192.1) ops/second in (33.766644,816.073011) seconds

** Compaction Stats [default] **
Level    Files   Size     Score Read(GB)  Rn(GB) Rnp1(GB) Write(GB) WPreComp(GB) Wnew(GB) Moved(GB) W-Amp Rd(MB/s) Wr(MB/s) Comp(sec) CompMergeCPU(sec) Comp(cnt) Avg(sec) KeyIn KeyDrop Rblob(GB) Wblob(GB)
-------------------------------------------------------------------------------------------------------------------------------------------------------------------------------------------------------------
  L0     13/8      2.41 GB   0.6     26.9     0.0     26.9      67.8      67.8     40.9       0.0   1.7     18.1     45.7   1521.18            140.97       733    2.075     69M    57K       0.0       0.0
  L1     68/68     3.98 GB   0.0    149.7    38.5    111.2     148.1     148.1     36.9       0.0   3.8    337.1    333.5    454.72            474.13        33   13.779    152M  1626K       0.0       0.0
  L2    536/0     29.16 GB   0.7     71.3    25.2     46.1      67.5      67.5     21.5       7.7   2.7     25.9     24.5   2820.96            213.06       381    7.404     72M  3825K       0.0       0.0
 Sum    617/76    35.55 GB   0.0    247.9    63.7    184.2     283.5     283.5     99.3       7.7   6.9     52.9     60.5   4796.86            828.16      1147    4.182    293M  5508K       0.0       0.0
 Int      0/0      0.00 KB   0.0      8.8     1.7      7.1      10.1      10.1      3.0       0.0   5.8     22.0     25.3    408.32             29.99        61    6.694     10M   424K       0.0       0.0

** Compaction Stats [default] **
Priority    Files   Size     Score Read(GB)  Rn(GB) Rnp1(GB) Write(GB) WPreComp(GB) Wnew(GB) Moved(GB) W-Amp Rd(MB/s) Wr(MB/s) Comp(sec) CompMergeCPU(sec) Comp(cnt) Avg(sec) KeyIn KeyDrop Rblob(GB) Wblob(GB)
----------------------------------------------------------------------------------------------------------------------------------------------------------------------------------------------------------------
 Low      0/0      0.00 KB   0.0    247.9    63.7    184.2     242.5     242.5     58.3       0.0   0.0     70.8     69.2   3586.99            756.42       471    7.616    252M  5508K       0.0       0.0
High      0/0      0.00 KB   0.0      0.0     0.0      0.0      41.0      41.0     41.0       0.0   0.0      0.0     34.7   1209.87             71.74       676    1.790     41M      0       0.0       0.0

Blob file count: 0, total size: 0.0 GB, garbage size: 0.0 GB, space amp: 0.0

Uptime(secs): 816.1 total, 32.0 interval
Flush(GB): cumulative 40.985, interval 1.752
AddFile(GB): cumulative 0.000, interval 0.000
AddFile(Total Files): cumulative 0, interval 0
AddFile(L0 Files): cumulative 0, interval 0
AddFile(Keys): cumulative 0, interval 0
Cumulative compaction: 283.46 GB write, 355.68 MB/s write, 247.90 GB read, 311.06 MB/s read, 4796.9 seconds
Interval compaction: 10.10 GB write, 323.64 MB/s write, 8.77 GB read, 280.88 MB/s read, 408.3 seconds
Estimated pending compaction bytes: 21173369193
Write Stall (count): cf-l0-file-count-limit-delays-with-ongoing-compaction: 6, cf-l0-file-count-limit-stops-with-ongoing-compaction: 0, l0-file-count-limit-delays: 6, l0-file-count-limit-stops: 0, memtable-limit-delays: 0, memtable-limit-stops: 543, pending-compaction-bytes-delays: 0, pending-compaction-bytes-stops: 0, total-delays: 6, total-stops: 543
interval: 30 total count
Block cache AutoHyperClockCache@0x6499b23c82d0#2259139 capacity: 512.00 MB seed: 1 usage: 11.82 MB table_size: 5015 occupancy: 2811 collections: 5 last_copies: 1 last_secs: 0.000428 secs_since: 91
Block cache entry stats(count,size,portion): Misc(2811,11.51 MB,2.24878%)

** File Read Latency Histogram By Level [default] **
** Level 0 read latency histogram (micros):
Count: 16875278 Average: 3.5425  StdDev: 1697.95
Min: 0  Median: 0.9569  Max: 3763466
Percentiles: P50: 0.96 P75: 1.57 P99: 2.99 P99.9: 4.82 P99.99: 5.54
------------------------------------------------------
[       0,       1 ]  8817414  52.250%  52.250% ##########
(       1,       2 ]  6752903  40.017%  92.267% ########
(       2,       3 ]  1153004   6.833%  99.100% #
(       3,       4 ]   117786   0.698%  99.798% 
(       4,       6 ]    42238   0.250% 100.048% 
(       6,      10 ]    20079   0.119% 100.167% 
(      10,      15 ]     5546   0.033% 100.200% 
(      15,      22 ]     2895   0.017% 100.217% 
(      22,      34 ]      248   0.001% 100.218% 
(      34,      51 ]       45   0.000% 100.219% 
(      51,      76 ]      251   0.001% 100.220% 
(      76,     110 ]      480   0.003% 100.223% 
(     110,     170 ]       21   0.000% 100.223% 
(     170,     250 ]        6   0.000% 100.223% 
(     250,     380 ]        6   0.000% 100.223% 
(     380,     580 ]       22   0.000% 100.223% 
(     580,     870 ]       20   0.000% 100.223% 
(     870,    1300 ]        6   0.000% 100.223% 
(    1300,    1900 ]       12   0.000% 100.223% 
(    1900,    2900 ]       22   0.000% 100.224% 
(    2900,    4400 ]       10   0.000% 100.224% 
(    4400,    6600 ]        1   0.000% 100.224% 
(    6600,    9900 ]        3   0.000% 100.224% 
(    9900,   14000 ]        3   0.000% 100.224% 
(   14000,   22000 ]        4   0.000% 100.224% 
(   22000,   33000 ]       17   0.000% 100.224% 
(   33000,   50000 ]       29   0.000% 100.224% 
(   50000,   75000 ]       40   0.000% 100.224% 
(   75000,  110000 ]       40   0.000% 100.224% 
(  110000,  170000 ]       30   0.000% 100.225% 
(  170000,  250000 ]        4   0.000% 100.225% 
(  250000,  380000 ]        3   0.000% 100.225% 
(  860000, 1200000 ]        3   0.000% 100.225% 
( 1900000, 2900000 ]        5   0.000% 100.225% 
( 2900000, 4300000 ]        1   0.000% 100.225% 

** Level 1 read latency histogram (micros):
Count: 36401458 Average: 1.5404  StdDev: 91.86
Min: 0  Median: 0.8474  Max: 147837
Percentiles: P50: 0.85 P75: 1.44 P99: 2.80 P99.9: 3.18 P99.99: 3.36
------------------------------------------------------
[       0,       1 ] 21478262  59.004%  59.004% ############
(       1,       2 ] 13350037  36.674%  95.678% #######
(       2,       3 ]  1504651   4.133%  99.812% #
(       3,       4 ]   180779   0.497% 100.308% 
(       4,       6 ]    62868   0.173% 100.481% 
(       6,      10 ]    41924   0.115% 100.596% 
(      10,      15 ]     9960   0.027% 100.624% 
(      15,      22 ]     5077   0.014% 100.638% 
(      22,      34 ]      545   0.001% 100.639% 
(      34,      51 ]      259   0.001% 100.640% 
(      51,      76 ]      784   0.002% 100.642% 
(      76,     110 ]      936   0.003% 100.645% 
(     110,     170 ]      346   0.001% 100.645% 
(     170,     250 ]      115   0.000% 100.646% 
(     250,     380 ]       20   0.000% 100.646% 
(     380,     580 ]        5   0.000% 100.646% 
(     580,     870 ]        3   0.000% 100.646% 
(     870,    1300 ]        2   0.000% 100.646% 
(    1300,    1900 ]        7   0.000% 100.646% 
(    1900,    2900 ]        1   0.000% 100.646% 
(    2900,    4400 ]        3   0.000% 100.646% 
(   33000,   50000 ]        1   0.000% 100.646% 
(  110000,  170000 ]       14   0.000% 100.646% 

** Level 2 read latency histogram (micros):
Count: 9587813 Average: 8.0453  StdDev: 1793.97
Min: 0  Median: 0.8193  Max: 3172696
Percentiles: P50: 0.82 P75: 1.41 P99: 2.93 P99.9: 3.92 P99.99: 4.42
------------------------------------------------------
[       0,       1 ]  5851330  61.029%  61.029% ############
(       1,       2 ]  3269515  34.101%  95.130% #######
(       2,       3 ]   400535   4.178%  99.307% #
(       3,       4 ]    61656   0.643%  99.950% 
(       4,       6 ]    17996   0.188% 100.138% 
(       6,      10 ]    10635   0.111% 100.249% 
(      10,      15 ]     3026   0.032% 100.280% 
(      15,      22 ]     1735   0.018% 100.298% 
(      22,      34 ]      941   0.010% 100.308% 
(      34,      51 ]     1201   0.013% 100.321% 
(      51,      76 ]     2322   0.024% 100.345% 
(      76,     110 ]     1057   0.011% 100.356% 
(     110,     170 ]     1686   0.018% 100.374% 
(     170,     250 ]     2427   0.025% 100.399% 
(     250,     380 ]     2400   0.025% 100.424% 
(     380,     580 ]     2296   0.024% 100.448% 
(     580,     870 ]     1949   0.020% 100.468% 
(     870,    1300 ]     1475   0.015% 100.484% 
(    1300,    1900 ]     1423   0.015% 100.498% 
(    1900,    2900 ]     1216   0.013% 100.511% 
(    2900,    4400 ]      675   0.007% 100.518% 
(    4400,    6600 ]      310   0.003% 100.521% 
(    6600,    9900 ]      101   0.001% 100.522% 
(    9900,   14000 ]       42   0.000% 100.523% 
(   14000,   22000 ]       45   0.000% 100.523% 
(   22000,   33000 ]       80   0.001% 100.524% 
(   33000,   50000 ]      110   0.001% 100.525% 
(   50000,   75000 ]       80   0.001% 100.526% 
(   75000,  110000 ]       65   0.001% 100.527% 
(  110000,  170000 ]       62   0.001% 100.528% 
(  170000,  250000 ]       29   0.000% 100.528% 
(  250000,  380000 ]        7   0.000% 100.528% 
(  380000,  570000 ]        4   0.000% 100.528% 
(  860000, 1200000 ]        1   0.000% 100.528% 
( 1900000, 2900000 ]        3   0.000% 100.528% 
( 2900000, 4300000 ]        1   0.000% 100.528% 


** DB Stats **
Uptime(secs): 816.1 total, 32.0 interval
Cumulative writes: 41M writes, 41M keys, 5324K commit groups, 7.8 writes per commit group, ingest: 40.61 GB, 50.96 MB/s
Cumulative WAL: 41M writes, 0 syncs, 41709329.00 writes per sync, written: 40.61 GB, 50.96 MB/s
Cumulative stall: 00:11:56.532 H:M:S, 87.8 percent
Interval writes: 1664K writes, 1664K keys, 209K commit groups, 7.9 writes per commit group, ingest: 1659.71 MB, 51.92 MB/s
Interval WAL: 1664K writes, 0 syncs, 1664570.00 writes per sync, written: 1.62 GB, 51.92 MB/s
Interval stall: 00:00:28.123 H:M:S, 88.0 percent
Write Stall (count): write-buffer-manager-limit-stops: 0
num-running-compactions: 1
num-running-flushes: 0

2026/08/31-10:27:26  ... thread 2: (111000,2609000) ops and (3287.3,3197.0) ops/second in (33.766481,816.077961) seconds
2026/08/31-10:27:26  ... thread 8: (111000,2607000) ops and (3287.0,3194.5) ops/second in (33.769245,816.078446) seconds
2026/08/31-10:27:26  ... thread 9: (111000,2607000) ops and (3287.2,3194.5) ops/second in (33.767694,816.081329) seconds
2026/08/31-10:27:26  ... thread 5: (111000,2605000) ops and (3287.0,3192.1) ops/second in (33.769747,816.081303) seconds
2026/08/31-10:27:26  ... thread 11: (112000,2609000) ops and (3314.0,3197.0) ops/second in (33.795907,816.083729) seconds
2026/08/31-10:27:26  ... thread 3: (111000,2604000) ops and (3286.5,3190.8) ops/second in (33.774161,816.086218) seconds
2026/08/31-10:27:26  ... thread 7: (112000,2606000) ops and (3313.5,3193.3) ops/second in (33.801522,816.086531) seconds
2026/08/31-10:27:26  ... thread 15: (112000,2607000) ops and (3314.3,3194.5) ops/second in (33.793210,816.087814) seconds
2026/08/31-10:27:26  ... thread 10: (112000,2609000) ops and (3313.7,3196.9) ops/second in (33.799207,816.090639) seconds
2026/08/31-10:27:26  ... thread 14: (112000,2606000) ops and (3314.0,3193.3) ops/second in (33.795596,816.092284) seconds
2026/08/31-10:27:26  ... thread 1: (112000,2608000) ops and (3313.6,3195.7) ops/second in (33.800010,816.094233) seconds
2026/08/31-10:27:26  ... thread 13: (112000,2606000) ops and (3313.4,3193.3) ops/second in (33.801914,816.096102) seconds
2026/08/31-10:27:26  ... thread 4: (112000,2608000) ops and (3313.3,3195.7) ops/second in (33.802913,816.096613) seconds
2026/08/31-10:27:26  ... thread 6: (112000,2608000) ops and (3313.3,3195.7) ops/second in (33.803472,816.098643) seconds
2026/08/31-10:27:56  ... thread 9: (72000,2679000) ops and (2389.2,3165.9) ops/second in (30.136145,846.217474) seconds
2026/08/31-10:27:56  ... thread 3: (72000,2676000) ops and (2389.1,3162.3) ops/second in (30.137357,846.223575) seconds
2026/08/31-10:27:56  ... thread 10: (72000,2681000) ops and (2389.4,3168.2) ops/second in (30.133103,846.223742) seconds
2026/08/31-10:27:56  ... thread 15: (72000,2679000) ops and (2389.0,3165.8) ops/second in (30.138183,846.225997) seconds
2026/08/31-10:27:56  ... thread 4: (72000,2680000) ops and (2389.6,3167.0) ops/second in (30.130558,846.227171) seconds
2026/08/31-10:27:56  ... thread 14: (72000,2678000) ops and (2389.0,3164.6) ops/second in (30.137987,846.230271) seconds
2026/08/31-10:27:56  ... thread 6: (72000,2680000) ops and (2389.5,3167.0) ops/second in (30.132093,846.230736) seconds
2026/08/31-10:27:56  ... thread 7: (72000,2678000) ops and (2388.5,3164.6) ops/second in (30.144948,846.231479) seconds
2026/08/31-10:27:56  ... thread 13: (72000,2678000) ops and (2389.1,3164.6) ops/second in (30.136738,846.232840) seconds
2026/08/31-10:27:56  ... thread 0: (73000,2678000) ops and (2420.2,3164.6) ops/second in (30.162359,846.235370) seconds

** Compaction Stats [default] **
Level    Files   Size     Score Read(GB)  Rn(GB) Rnp1(GB) Write(GB) WPreComp(GB) Wnew(GB) Moved(GB) W-Amp Rd(MB/s) Wr(MB/s) Comp(sec) CompMergeCPU(sec) Comp(cnt) Avg(sec) KeyIn KeyDrop Rblob(GB) Wblob(GB)
-------------------------------------------------------------------------------------------------------------------------------------------------------------------------------------------------------------
  L0     14/9      1.33 GB   0.6     27.5     0.0     27.5      69.4      69.4     42.0       0.0   1.7     17.8     45.1   1577.44            144.54       751    2.100     70M    58K       0.0       0.0
  L1     82/14     4.83 GB   1.0    155.8    40.6    115.2     154.1     154.1     38.9       0.0   3.8    337.3    333.6    472.91            494.37        34   13.909    158M  1726K       0.0       0.0
  L2    554/62    30.03 GB   0.7     75.6    26.4     49.2      71.6      71.6     22.3       7.7   2.7     25.3     24.0   3058.80            230.28       403    7.590     76M  4124K       0.0       0.0
 Sum    650/85    36.19 GB   0.0    258.9    67.0    191.9     295.1     295.1    103.2       7.7   7.0     51.9     59.1   5109.15            869.19      1188    4.301    306M  5909K       0.0       0.0
 Int      0/0      0.00 KB   0.0      0.0     0.0      0.0       0.1       0.1      0.1       0.0   1.0      0.0     37.6      3.28              0.24         2    1.638    122K      0       0.0       0.0

** Compaction Stats [default] **
Priority    Files   Size     Score Read(GB)  Rn(GB) Rnp1(GB) Write(GB) WPreComp(GB) Wnew(GB) Moved(GB) W-Amp Rd(MB/s) Wr(MB/s) Comp(sec) CompMergeCPU(sec) Comp(cnt) Avg(sec) KeyIn KeyDrop Rblob(GB) Wblob(GB)
----------------------------------------------------------------------------------------------------------------------------------------------------------------------------------------------------------------
 Low      0/0      0.00 KB   0.0    258.9    67.0    191.9     253.1     253.1     61.2       0.0   0.0     68.7     67.2   3856.43            795.49       495    7.791    263M  5909K       0.0       0.0
High      0/0      0.00 KB   0.0      0.0     0.0      0.0      42.0      42.0     42.0       0.0   0.0      0.0     34.3   1252.72             73.70       693    1.808     42M      0       0.0       0.0

Blob file count: 0, total size: 0.0 GB, garbage size: 0.0 GB, space amp: 0.0

Uptime(secs): 846.2 total, 2.1 interval
Flush(GB): cumulative 42.016, interval 0.120
AddFile(GB): cumulative 0.000, interval 0.000
AddFile(Total Files): cumulative 0, interval 0
AddFile(L0 Files): cumulative 0, interval 0
AddFile(Keys): cumulative 0, interval 0
Cumulative compaction: 295.07 GB write, 357.06 MB/s write, 258.88 GB read, 313.26 MB/s read, 5109.2 seconds
Interval compaction: 0.12 GB write, 58.17 MB/s write, 0.00 GB read, 0.00 MB/s read, 3.3 seconds
Estimated pending compaction bytes: 20272556575
Write Stall (count): cf-l0-file-count-limit-delays-with-ongoing-compaction: 6, cf-l0-file-count-limit-stops-with-ongoing-compaction: 0, l0-file-count-limit-delays: 6, l0-file-count-limit-stops: 0, memtable-limit-delays: 0, memtable-limit-stops: 565, pending-compaction-bytes-delays: 0, pending-compaction-bytes-stops: 0, total-delays: 6, total-stops: 565
interval: 0 total count
Block cache AutoHyperClockCache@0x6499b23c82d0#2259139 capacity: 512.00 MB seed: 1 usage: 11.82 MB table_size: 5015 occupancy: 2811 collections: 5 last_copies: 2 last_secs: 0.000428 secs_since: 122
Block cache entry stats(count,size,portion): Misc(2811,11.51 MB,2.24878%)

** File Read Latency Histogram By Level [default] **
** Level 0 read latency histogram (micros):
Count: 17367512 Average: 3.5346  StdDev: 1676.56
Min: 0  Median: 0.9569  Max: 3763466
Percentiles: P50: 0.96 P75: 1.57 P99: 2.99 P99.9: 4.82 P99.99: 5.54
------------------------------------------------------
[       0,       1 ]  9074669  52.251%  52.251% ##########
(       1,       2 ]  6952650  40.033%  92.283% ########
(       2,       3 ]  1184048   6.818%  99.101% #
(       3,       4 ]   120823   0.696%  99.797% 
(       4,       6 ]    43642   0.251% 100.048% 
(       6,      10 ]    20697   0.119% 100.167% 
(      10,      15 ]     5720   0.033% 100.200% 
(      15,      22 ]     2997   0.017% 100.217% 
(      22,      34 ]      258   0.001% 100.219% 
(      34,      51 ]       46   0.000% 100.219% 
(      51,      76 ]      256   0.001% 100.220% 
(      76,     110 ]      493   0.003% 100.223% 
(     110,     170 ]       21   0.000% 100.223% 
(     170,     250 ]        6   0.000% 100.223% 
(     250,     380 ]        6   0.000% 100.224% 
(     380,     580 ]       22   0.000% 100.224% 
(     580,     870 ]       21   0.000% 100.224% 
(     870,    1300 ]        6   0.000% 100.224% 
(    1300,    1900 ]       12   0.000% 100.224% 
(    1900,    2900 ]       22   0.000% 100.224% 
(    2900,    4400 ]       10   0.000% 100.224% 
(    4400,    6600 ]        1   0.000% 100.224% 
(    6600,    9900 ]        3   0.000% 100.224% 
(    9900,   14000 ]        3   0.000% 100.224% 
(   14000,   22000 ]        4   0.000% 100.224% 
(   22000,   33000 ]       17   0.000% 100.224% 
(   33000,   50000 ]       30   0.000% 100.224% 
(   50000,   75000 ]       42   0.000% 100.225% 
(   75000,  110000 ]       43   0.000% 100.225% 
(  110000,  170000 ]       30   0.000% 100.225% 
(  170000,  250000 ]        4   0.000% 100.225% 
(  250000,  380000 ]        4   0.000% 100.225% 
(  860000, 1200000 ]        3   0.000% 100.225% 
( 1900000, 2900000 ]        5   0.000% 100.225% 
( 2900000, 4300000 ]        1   0.000% 100.225% 

** Level 1 read latency histogram (micros):
Count: 37232849 Average: 1.5456  StdDev: 90.83
Min: 0  Median: 0.8520  Max: 147837
Percentiles: P50: 0.85 P75: 1.44 P99: 2.82 P99.9: 3.28 P99.99: 3.45
------------------------------------------------------
[       0,       1 ] 21850501  58.686%  58.686% ############
(       1,       2 ] 13689977  36.769%  95.455% #######
(       2,       3 ]  1600407   4.298%  99.753% #
(       3,       4 ]   197186   0.530% 100.283% 
(       4,       6 ]    69029   0.185% 100.468% 
(       6,      10 ]    44674   0.120% 100.588% 
(      10,      15 ]    10521   0.028% 100.616% 
(      15,      22 ]     5495   0.015% 100.631% 
(      22,      34 ]      589   0.002% 100.633% 
(      34,      51 ]      268   0.001% 100.633% 
(      51,      76 ]      842   0.002% 100.636% 
(      76,     110 ]      971   0.003% 100.638% 
(     110,     170 ]      350   0.001% 100.639% 
(     170,     250 ]      115   0.000% 100.639% 
(     250,     380 ]       20   0.000% 100.639% 
(     380,     580 ]        5   0.000% 100.639% 
(     580,     870 ]        3   0.000% 100.639% 
(     870,    1300 ]        2   0.000% 100.640% 
(    1300,    1900 ]        7   0.000% 100.640% 
(    1900,    2900 ]        1   0.000% 100.640% 
(    2900,    4400 ]        3   0.000% 100.640% 
(   33000,   50000 ]        1   0.000% 100.640% 
(  110000,  170000 ]       14   0.000% 100.640% 

** Level 2 read latency histogram (micros):
Count: 10861750 Average: 12.8124  StdDev: 1795.31
Min: 0  Median: 0.8422  Max: 3172696
Percentiles: P50: 0.84 P75: 1.45 P99: 3.17 P99.9: 6.34 P99.99: 9.46
------------------------------------------------------
[       0,       1 ]  6448159  59.366%  59.366% ############
(       1,       2 ]  3761383  34.630%  93.995% #######
(       2,       3 ]   529114   4.871%  98.867% #
(       3,       4 ]    85997   0.792%  99.658% 
(       4,       6 ]    25184   0.232%  99.890% 
(       6,      10 ]    12534   0.115% 100.006% 
(      10,      15 ]     3910   0.036% 100.042% 
(      15,      22 ]     2326   0.021% 100.063% 
(      22,      34 ]     1065   0.010% 100.073% 
(      34,      51 ]     1745   0.016% 100.089% 
(      51,      76 ]     3603   0.033% 100.122% 
(      76,     110 ]     1796   0.017% 100.139% 
(     110,     170 ]     4011   0.037% 100.176% 
(     170,     250 ]     5383   0.050% 100.225% 
(     250,     380 ]     6391   0.059% 100.284% 
(     380,     580 ]     6881   0.063% 100.347% 
(     580,     870 ]     6371   0.059% 100.406% 
(     870,    1300 ]     4776   0.044% 100.450% 
(    1300,    1900 ]     4379   0.040% 100.490% 
(    1900,    2900 ]     3293   0.030% 100.521% 
(    2900,    4400 ]     1836   0.017% 100.538% 
(    4400,    6600 ]      883   0.008% 100.546% 
(    6600,    9900 ]      270   0.002% 100.548% 
(    9900,   14000 ]      102   0.001% 100.549% 
(   14000,   22000 ]      101   0.001% 100.550% 
(   22000,   33000 ]      134   0.001% 100.551% 
(   33000,   50000 ]      190   0.002% 100.553% 
(   50000,   75000 ]      168   0.002% 100.555% 
(   75000,  110000 ]      111   0.001% 100.556% 
(  110000,  170000 ]      111   0.001% 100.557% 
(  170000,  250000 ]       64   0.001% 100.557% 
(  250000,  380000 ]        9   0.000% 100.557% 
(  380000,  570000 ]        5   0.000% 100.557% 
(  570000,  860000 ]        1   0.000% 100.557% 
(  860000, 1200000 ]        1   0.000% 100.557% 
( 1900000, 2900000 ]        3   0.000% 100.557% 
( 2900000, 4300000 ]        1   0.000% 100.557% 


** DB Stats **
Uptime(secs): 846.2 total, 2.1 interval
Cumulative writes: 42M writes, 42M keys, 5472K commit groups, 7.8 writes per commit group, ingest: 41.75 GB, 50.52 MB/s
Cumulative WAL: 42M writes, 0 syncs, 42872969.00 writes per sync, written: 41.75 GB, 50.52 MB/s
Cumulative stall: 00:12:23.770 H:M:S, 87.9 percent
Interval writes: 117K writes, 117K keys, 15K commit groups, 7.7 writes per commit group, ingest: 117.51 MB, 55.47 MB/s
Interval WAL: 117K writes, 0 syncs, 117840.00 writes per sync, written: 0.11 GB, 55.47 MB/s
Interval stall: 00:00:2.152 H:M:S, 101.6 percent
Write Stall (count): write-buffer-manager-limit-stops: 0
num-running-compactions: 15
num-running-flushes: 1

2026/08/31-10:27:56  ... thread 1: (72000,2680000) ops and (2388.2,3166.9) ops/second in (30.148151,846.242384) seconds
2026/08/31-10:27:56  ... thread 5: (73000,2678000) ops and (2420.3,3164.6) ops/second in (30.161004,846.242307) seconds
2026/08/31-10:27:56  ... thread 12: (73000,2684000) ops and (2419.2,3171.7) ops/second in (30.175598,846.243307) seconds
2026/08/31-10:28:03  ... thread 8: (73000,2680000) ops and (1984.4,3142.3) ops/second in (36.787833,852.866279) seconds
2026/08/31-10:28:03  ... thread 11: (73000,2682000) ops and (1984.2,3144.7) ops/second in (36.791393,852.875122) seconds
2026/08/31-10:28:03  ... thread 2: (73000,2682000) ops and (1983.7,3144.7) ops/second in (36.799133,852.877094) seconds
2026/08/31-10:28:30  ... thread 1: (131000,2811000) ops and (3829.9,3192.7) ops/second in (34.204882,880.447266) seconds
2026/08/31-10:28:30  ... thread 10: (132000,2813000) ops and (3856.4,3194.9) ops/second in (34.228843,880.452585) seconds
2026/08/31-10:28:30  ... thread 9: (132000,2811000) ops and (3855.7,3192.7) ops/second in (34.235225,880.452699) seconds
2026/08/31-10:28:30  ... thread 12: (131000,2815000) ops and (3828.7,3197.2) ops/second in (34.215139,880.458446) seconds
2026/08/31-10:28:30  ... thread 0: (132000,2810000) ops and (3856.9,3191.5) ops/second in (34.224031,880.459401) seconds

** Compaction Stats [default] **
Level    Files   Size     Score Read(GB)  Rn(GB) Rnp1(GB) Write(GB) WPreComp(GB) Wnew(GB) Moved(GB) W-Amp Rd(MB/s) Wr(MB/s) Comp(sec) CompMergeCPU(sec) Comp(cnt) Avg(sec) KeyIn KeyDrop Rblob(GB) Wblob(GB)
-------------------------------------------------------------------------------------------------------------------------------------------------------------------------------------------------------------
  L0     18/17     3.45 GB   0.1     29.7     0.0     29.7      73.8      73.8     44.1       0.0   1.7     18.5     46.0   1642.07            153.98       792    2.073     75M    62K       0.0       0.0
  L1     68/68     3.99 GB   0.0    155.8    40.6    115.2     154.1     154.1     38.9       0.0   3.8    337.3    333.6    472.91            494.37        34   13.909    158M  1726K       0.0       0.0
  L2    560/0     30.65 GB   0.8     79.6    27.2     52.4      75.4      75.4     22.9       7.7   2.8     25.0     23.7   3258.69            246.59       417    7.815     81M  4351K       0.0       0.0
 Sum    646/85    38.08 GB   0.0    265.1    67.8    197.3     303.2     303.2    105.9       7.7   6.9     50.5     57.8   5373.67            894.94      1243    4.323    314M  6140K       0.0       0.0
 Int      0/0      0.00 KB   0.0      6.2     0.8      5.4       8.3       8.3      2.9       0.0   3.7     23.9     31.6    267.80             25.99        57    4.698   8631K   231K       0.0       0.0

** Compaction Stats [default] **
Priority    Files   Size     Score Read(GB)  Rn(GB) Rnp1(GB) Write(GB) WPreComp(GB) Wnew(GB) Moved(GB) W-Amp Rd(MB/s) Wr(MB/s) Comp(sec) CompMergeCPU(sec) Comp(cnt) Avg(sec) KeyIn KeyDrop Rblob(GB) Wblob(GB)
----------------------------------------------------------------------------------------------------------------------------------------------------------------------------------------------------------------
 Low      0/0      0.00 KB   0.0    265.1    67.8    197.3     259.1     259.1     61.8       0.0   0.0     66.5     65.0   4081.61            817.63       515    7.925    269M  6140K       0.0       0.0
High      0/0      0.00 KB   0.0      0.0     0.0      0.0      44.1      44.1     44.1       0.0   0.0      0.0     35.0   1292.06             77.32       728    1.775     44M      0       0.0       0.0

Blob file count: 0, total size: 0.0 GB, garbage size: 0.0 GB, space amp: 0.0

Uptime(secs): 880.5 total, 36.3 interval
Flush(GB): cumulative 44.135, interval 2.239
AddFile(GB): cumulative 0.000, interval 0.000
AddFile(Total Files): cumulative 0, interval 0
AddFile(L0 Files): cumulative 0, interval 0
AddFile(Keys): cumulative 0, interval 0
Cumulative compaction: 303.21 GB write, 352.64 MB/s write, 265.13 GB read, 308.35 MB/s read, 5373.7 seconds
Interval compaction: 8.26 GB write, 232.60 MB/s write, 6.24 GB read, 175.91 MB/s read, 267.8 seconds
Estimated pending compaction bytes: 26871423894
Write Stall (count): cf-l0-file-count-limit-delays-with-ongoing-compaction: 6, cf-l0-file-count-limit-stops-with-ongoing-compaction: 0, l0-file-count-limit-delays: 6, l0-file-count-limit-stops: 0, memtable-limit-delays: 0, memtable-limit-stops: 587, pending-compaction-bytes-delays: 0, pending-compaction-bytes-stops: 0, total-delays: 6, total-stops: 587
interval: 22 total count
Block cache AutoHyperClockCache@0x6499b23c82d0#2259139 capacity: 512.00 MB seed: 1 usage: 11.82 MB table_size: 5015 occupancy: 2811 collections: 5 last_copies: 2 last_secs: 0.000428 secs_since: 156
Block cache entry stats(count,size,portion): Misc(2811,11.51 MB,2.24878%)

** File Read Latency Histogram By Level [default] **
** Level 0 read latency histogram (micros):
Count: 18552940 Average: 3.4488  StdDev: 1623.59
Min: 0  Median: 0.9518  Max: 3763466
Percentiles: P50: 0.95 P75: 1.56 P99: 2.98 P99.9: 4.78 P99.99: 5.51
------------------------------------------------------
[       0,       1 ]  9746307  52.532%  52.532% ###########
(       1,       2 ]  7399188  39.881%  92.414% ########
(       2,       3 ]  1243070   6.700%  99.114% #
(       3,       4 ]   127713   0.688%  99.802% 
(       4,       6 ]    46185   0.249% 100.051% 
(       6,      10 ]    21953   0.118% 100.170% 
(      10,      15 ]     6116   0.033% 100.203% 
(      15,      22 ]     3217   0.017% 100.220% 
(      22,      34 ]      272   0.001% 100.221% 
(      34,      51 ]       48   0.000% 100.222% 
(      51,      76 ]      268   0.001% 100.223% 
(      76,     110 ]      518   0.003% 100.226% 
(     110,     170 ]       22   0.000% 100.226% 
(     170,     250 ]        6   0.000% 100.226% 
(     250,     380 ]        7   0.000% 100.226% 
(     380,     580 ]       26   0.000% 100.226% 
(     580,     870 ]       22   0.000% 100.226% 
(     870,    1300 ]        6   0.000% 100.226% 
(    1300,    1900 ]       12   0.000% 100.226% 
(    1900,    2900 ]       23   0.000% 100.227% 
(    2900,    4400 ]       10   0.000% 100.227% 
(    4400,    6600 ]        2   0.000% 100.227% 
(    6600,    9900 ]        3   0.000% 100.227% 
(    9900,   14000 ]        3   0.000% 100.227% 
(   14000,   22000 ]        4   0.000% 100.227% 
(   22000,   33000 ]       18   0.000% 100.227% 
(   33000,   50000 ]       30   0.000% 100.227% 
(   50000,   75000 ]       43   0.000% 100.227% 
(   75000,  110000 ]       45   0.000% 100.227% 
(  110000,  170000 ]       34   0.000% 100.228% 
(  170000,  250000 ]        4   0.000% 100.228% 
(  250000,  380000 ]        4   0.000% 100.228% 
(  860000, 1200000 ]        3   0.000% 100.228% 
( 1900000, 2900000 ]        5   0.000% 100.228% 
( 2900000, 4300000 ]        1   0.000% 100.228% 

** Level 1 read latency histogram (micros):
Count: 38215432 Average: 1.5440  StdDev: 89.65
Min: 0  Median: 0.8512  Max: 147837
Percentiles: P50: 0.85 P75: 1.44 P99: 2.83 P99.9: 3.30 P99.99: 3.47
------------------------------------------------------
[       0,       1 ] 22448978  58.743%  58.743% ############
(       1,       2 ] 14009090  36.658%  95.401% #######
(       2,       3 ]  1657362   4.337%  99.738% #
(       3,       4 ]   204175   0.534% 100.273% 
(       4,       6 ]    71331   0.187% 100.459% 
(       6,      10 ]    45988   0.120% 100.580% 
(      10,      15 ]    10884   0.028% 100.608% 
(      15,      22 ]     5720   0.015% 100.623% 
(      22,      34 ]      617   0.002% 100.625% 
(      34,      51 ]      271   0.001% 100.625% 
(      51,      76 ]      842   0.002% 100.628% 
(      76,     110 ]      978   0.003% 100.630% 
(     110,     170 ]      350   0.001% 100.631% 
(     170,     250 ]      115   0.000% 100.631% 
(     250,     380 ]       20   0.000% 100.631% 
(     380,     580 ]        5   0.000% 100.631% 
(     580,     870 ]        3   0.000% 100.631% 
(     870,    1300 ]        2   0.000% 100.631% 
(    1300,    1900 ]        7   0.000% 100.631% 
(    1900,    2900 ]        1   0.000% 100.631% 
(    2900,    4400 ]        3   0.000% 100.631% 
(   33000,   50000 ]        1   0.000% 100.631% 
(  110000,  170000 ]       14   0.000% 100.631% 

** Level 2 read latency histogram (micros):
Count: 11171434 Average: 14.6830  StdDev: 1824.46
Min: 0  Median: 0.8470  Max: 3172696
Percentiles: P50: 0.85 P75: 1.46 P99: 3.28 P99.9: 8.54 P99.99: 18.34
------------------------------------------------------
[       0,       1 ]  6594847  59.033%  59.033% ############
(       1,       2 ]  3874634  34.683%  93.717% #######
(       2,       3 ]   564917   5.057%  98.773% #
(       3,       4 ]    90940   0.814%  99.587% 
(       4,       6 ]    26676   0.239%  99.826% 
(       6,      10 ]    12999   0.116%  99.943% 
(      10,      15 ]     4136   0.037%  99.980% 
(      15,      22 ]     2448   0.022% 100.001% 
(      22,      34 ]     1155   0.010% 100.012% 
(      34,      51 ]     1982   0.018% 100.030% 
(      51,      76 ]     4035   0.036% 100.066% 
(      76,     110 ]     2042   0.018% 100.084% 
(     110,     170 ]     4675   0.042% 100.126% 
(     170,     250 ]     6330   0.057% 100.182% 
(     250,     380 ]     7611   0.068% 100.251% 
(     380,     580 ]     8295   0.074% 100.325% 
(     580,     870 ]     7350   0.066% 100.391% 
(     870,    1300 ]     5335   0.048% 100.438% 
(    1300,    1900 ]     4918   0.044% 100.482% 
(    1900,    2900 ]     3654   0.033% 100.515% 
(    2900,    4400 ]     2007   0.018% 100.533% 
(    4400,    6600 ]     1006   0.009% 100.542% 
(    6600,    9900 ]      305   0.003% 100.545% 
(    9900,   14000 ]      118   0.001% 100.546% 
(   14000,   22000 ]      144   0.001% 100.547% 
(   22000,   33000 ]      178   0.002% 100.549% 
(   33000,   50000 ]      226   0.002% 100.551% 
(   50000,   75000 ]      214   0.002% 100.553% 
(   75000,  110000 ]      143   0.001% 100.554% 
(  110000,  170000 ]      152   0.001% 100.555% 
(  170000,  250000 ]       77   0.001% 100.556% 
(  250000,  380000 ]       11   0.000% 100.556% 
(  380000,  570000 ]        5   0.000% 100.556% 
(  570000,  860000 ]        1   0.000% 100.556% 
(  860000, 1200000 ]        1   0.000% 100.556% 
( 1900000, 2900000 ]        3   0.000% 100.556% 
( 2900000, 4300000 ]        1   0.000% 100.556% 


** DB Stats **
Uptime(secs): 880.5 total, 34.2 interval
Cumulative writes: 44M writes, 44M keys, 5740K commit groups, 7.8 writes per commit group, ingest: 43.80 GB, 50.94 MB/s
Cumulative WAL: 44M writes, 0 syncs, 44979553.00 writes per sync, written: 43.80 GB, 50.94 MB/s
Cumulative stall: 00:12:52.281 H:M:S, 87.7 percent
Interval writes: 2106K writes, 2106K keys, 267K commit groups, 7.9 writes per commit group, ingest: 2100.45 MB, 61.37 MB/s
Interval WAL: 2106K writes, 0 syncs, 2106584.00 writes per sync, written: 2.05 GB, 61.37 MB/s
Interval stall: 00:00:28.511 H:M:S, 83.3 percent
Write Stall (count): write-buffer-manager-limit-stops: 0
num-running-compactions: 2
num-running-flushes: 1

2026/08/31-10:28:30  ... thread 4: (132000,2812000) ops and (3855.8,3193.8) ops/second in (34.234312,880.461483) seconds
2026/08/31-10:28:30  ... thread 6: (132000,2812000) ops and (3856.1,3193.8) ops/second in (34.231798,880.462534) seconds
2026/08/31-10:28:30  ... thread 15: (132000,2811000) ops and (3854.9,3192.6) ops/second in (34.242089,880.468086) seconds
2026/08/31-10:28:30  ... thread 7: (132000,2810000) ops and (3855.2,3191.5) ops/second in (34.239425,880.470904) seconds
2026/08/31-10:28:30  ... thread 5: (132000,2810000) ops and (3856.2,3191.5) ops/second in (34.230167,880.472474) seconds
2026/08/31-10:28:30  ... thread 14: (132000,2810000) ops and (3854.9,3191.5) ops/second in (34.242534,880.472805) seconds
2026/08/31-10:28:30  ... thread 13: (132000,2810000) ops and (3855.1,3191.5) ops/second in (34.240141,880.472981) seconds
2026/08/31-10:28:30  ... thread 3: (133000,2809000) ops and (3882.8,3190.3) ops/second in (34.253357,880.476932) seconds
2026/08/31-10:28:33  ... thread 2: (139000,2821000) ops and (4589.8,3194.2) ops/second in (30.284499,883.161593) seconds
2026/08/31-10:28:33  ... thread 8: (139000,2819000) ops and (4587.1,3191.9) ops/second in (30.302161,883.168440) seconds
2026/08/31-10:28:33  ... thread 11: (139000,2821000) ops and (4587.2,3194.2) ops/second in (30.301840,883.176962) seconds
2026/08/31-10:29:01  ... thread 6: (65000,2877000) ops and (2139.9,3158.6) ops/second in (30.375054,910.837588) seconds
2026/08/31-10:29:01  ... thread 0: (65000,2875000) ops and (2120.8,3155.5) ops/second in (30.648750,911.108151) seconds

** Compaction Stats [default] **
Level    Files   Size     Score Read(GB)  Rn(GB) Rnp1(GB) Write(GB) WPreComp(GB) Wnew(GB) Moved(GB) W-Amp Rd(MB/s) Wr(MB/s) Comp(sec) CompMergeCPU(sec) Comp(cnt) Avg(sec) KeyIn KeyDrop Rblob(GB) Wblob(GB)
-------------------------------------------------------------------------------------------------------------------------------------------------------------------------------------------------------------
  L0     20/19     1.63 GB   0.1     30.8     0.0     30.8      76.0      76.0     45.2       0.0   1.7     18.4     45.4   1714.25            158.89       812    2.111     77M    65K       0.0       0.0
  L1     91/16     5.17 GB   1.0    162.7    43.5    119.2     160.8     160.8     41.7       0.0   3.7    338.4    334.5    492.34            515.42        35   14.067    165M  1877K       0.0       0.0
  L2    575/67    31.80 GB   0.7     85.9    28.9     57.0      81.1      81.1     24.1       7.7   2.8     24.4     23.1   3600.51            270.99       445    8.091     87M  4805K       0.0       0.0
 Sum    686/102   38.59 GB   0.0    279.3    72.4    207.0     317.9     317.9    111.0       7.7   7.0     49.3     56.1   5807.10            945.30      1292    4.495    330M  6748K       0.0       0.0
 Int      0/0      0.00 KB   0.0      2.2     0.4      1.8       2.3       2.3      0.5       0.0   9.6     19.1     20.3    115.86              7.64        11   10.533   2442K   104K       0.0       0.0

** Compaction Stats [default] **
Priority    Files   Size     Score Read(GB)  Rn(GB) Rnp1(GB) Write(GB) WPreComp(GB) Wnew(GB) Moved(GB) W-Amp Rd(MB/s) Wr(MB/s) Comp(sec) CompMergeCPU(sec) Comp(cnt) Avg(sec) KeyIn KeyDrop Rblob(GB) Wblob(GB)
----------------------------------------------------------------------------------------------------------------------------------------------------------------------------------------------------------------
 Low      0/0      0.00 KB   0.0    279.3    72.4    207.0     272.7     272.7     65.7       0.0   0.0     64.0     62.5   4467.96            865.86       546    8.183    284M  6748K       0.0       0.0
High      0/0      0.00 KB   0.0      0.0     0.0      0.0      45.2      45.2     45.2       0.0   0.0      0.0     34.6   1339.14             79.44       746    1.795     46M      0       0.0       0.0

Blob file count: 0, total size: 0.0 GB, garbage size: 0.0 GB, space amp: 0.0

Uptime(secs): 911.1 total, 7.0 interval
Flush(GB): cumulative 45.221, interval 0.240
AddFile(GB): cumulative 0.000, interval 0.000
AddFile(Total Files): cumulative 0, interval 0
AddFile(L0 Files): cumulative 0, interval 0
AddFile(Keys): cumulative 0, interval 0
Cumulative compaction: 317.91 GB write, 357.30 MB/s write, 279.34 GB read, 313.95 MB/s read, 5807.1 seconds
Interval compaction: 2.30 GB write, 337.07 MB/s write, 2.16 GB read, 316.98 MB/s read, 115.9 seconds
Estimated pending compaction bytes: 24345894793
Write Stall (count): cf-l0-file-count-limit-delays-with-ongoing-compaction: 9, cf-l0-file-count-limit-stops-with-ongoing-compaction: 0, l0-file-count-limit-delays: 9, l0-file-count-limit-stops: 0, memtable-limit-delays: 0, memtable-limit-stops: 612, pending-compaction-bytes-delays: 0, pending-compaction-bytes-stops: 0, total-delays: 9, total-stops: 612
interval: 7 total count
Block cache AutoHyperClockCache@0x6499b23c82d0#2259139 capacity: 512.00 MB seed: 1 usage: 12.60 MB table_size: 5483 occupancy: 2994 collections: 6 last_copies: 0 last_secs: 0.000472 secs_since: 6
Block cache entry stats(count,size,portion): Misc(2994,12.26 MB,2.39488%)

** File Read Latency Histogram By Level [default] **
** Level 0 read latency histogram (micros):
Count: 18820621 Average: 3.4492  StdDev: 1612.78
Min: 0  Median: 0.9486  Max: 3763466
Percentiles: P50: 0.95 P75: 1.56 P99: 2.98 P99.9: 4.81 P99.99: 5.53
------------------------------------------------------
[       0,       1 ]  9920592  52.711%  52.711% ###########
(       1,       2 ]  7476012  39.722%  92.434% ########
(       2,       3 ]  1256413   6.676%  99.109% #
(       3,       4 ]   129766   0.689%  99.799% 
(       4,       6 ]    46936   0.249% 100.048% 
(       6,      10 ]    22268   0.118% 100.167% 
(      10,      15 ]     6250   0.033% 100.200% 
(      15,      22 ]     3292   0.017% 100.217% 
(      22,      34 ]      285   0.002% 100.219% 
(      34,      51 ]       52   0.000% 100.219% 
(      51,      76 ]      274   0.001% 100.221% 
(      76,     110 ]      529   0.003% 100.223% 
(     110,     170 ]       22   0.000% 100.224% 
(     170,     250 ]        7   0.000% 100.224% 
(     250,     380 ]        7   0.000% 100.224% 
(     380,     580 ]       26   0.000% 100.224% 
(     580,     870 ]       23   0.000% 100.224% 
(     870,    1300 ]        6   0.000% 100.224% 
(    1300,    1900 ]       12   0.000% 100.224% 
(    1900,    2900 ]       23   0.000% 100.224% 
(    2900,    4400 ]       11   0.000% 100.224% 
(    4400,    6600 ]        2   0.000% 100.224% 
(    6600,    9900 ]        3   0.000% 100.224% 
(    9900,   14000 ]        3   0.000% 100.224% 
(   14000,   22000 ]        5   0.000% 100.224% 
(   22000,   33000 ]       20   0.000% 100.224% 
(   33000,   50000 ]       32   0.000% 100.224% 
(   50000,   75000 ]       44   0.000% 100.225% 
(   75000,  110000 ]       46   0.000% 100.225% 
(  110000,  170000 ]       36   0.000% 100.225% 
(  170000,  250000 ]        4   0.000% 100.225% 
(  250000,  380000 ]        4   0.000% 100.225% 
(  860000, 1200000 ]        3   0.000% 100.225% 
( 1900000, 2900000 ]        5   0.000% 100.225% 
( 2900000, 4300000 ]        1   0.000% 100.225% 

** Level 1 read latency histogram (micros):
Count: 38877343 Average: 1.5488  StdDev: 88.89
Min: 0  Median: 0.8545  Max: 147837
Percentiles: P50: 0.85 P75: 1.45 P99: 2.85 P99.9: 3.39 P99.99: 3.55
------------------------------------------------------
[       0,       1 ] 22748262  58.513%  58.513% ############
(       1,       2 ] 14252640  36.661%  95.173% #######
(       2,       3 ]  1752500   4.508%  99.681% #
(       3,       4 ]   219076   0.564% 100.245% 
(       4,       6 ]    77653   0.200% 100.444% 
(       6,      10 ]    48630   0.125% 100.570% 
(      10,      15 ]    11476   0.030% 100.599% 
(      15,      22 ]     6212   0.016% 100.615% 
(      22,      34 ]      666   0.002% 100.617% 
(      34,      51 ]      282   0.001% 100.617% 
(      51,      76 ]      874   0.002% 100.620% 
(      76,     110 ]     1046   0.003% 100.622% 
(     110,     170 ]      363   0.001% 100.623% 
(     170,     250 ]      117   0.000% 100.624% 
(     250,     380 ]       20   0.000% 100.624% 
(     380,     580 ]        5   0.000% 100.624% 
(     580,     870 ]        4   0.000% 100.624% 
(     870,    1300 ]        2   0.000% 100.624% 
(    1300,    1900 ]        7   0.000% 100.624% 
(    1900,    2900 ]        1   0.000% 100.624% 
(    2900,    4400 ]        3   0.000% 100.624% 
(   33000,   50000 ]        1   0.000% 100.624% 
(  110000,  170000 ]       14   0.000% 100.624% 

** Level 2 read latency histogram (micros):
Count: 12872072 Average: 19.0569  StdDev: 2390.25
Min: 0  Median: 0.8635  Max: 3481796
Percentiles: P50: 0.86 P75: 1.49 P99: 3.59 P99.9: 76.77 P99.99: 184.79
------------------------------------------------------
[       0,       1 ]  7453355  57.903%  57.903% ############
(       1,       2 ]  4506545  35.010%  92.914% #######
(       2,       3 ]   714280   5.549%  98.463% #
(       3,       4 ]   116351   0.904%  99.367% 
(       4,       6 ]    35406   0.275%  99.642% 
(       6,      10 ]    15325   0.119%  99.761% 
(      10,      15 ]     5229   0.041%  99.801% 
(      15,      22 ]     3150   0.024%  99.826% 
(      22,      34 ]     1517   0.012%  99.838% 
(      34,      51 ]     2535   0.020%  99.857% 
(      51,      76 ]     5444   0.042%  99.900% 
(      76,     110 ]     2856   0.022%  99.922% 
(     110,     170 ]     7090   0.055%  99.977% 
(     170,     250 ]     9218   0.072% 100.048% 
(     250,     380 ]    11782   0.092% 100.140% 
(     380,     580 ]    13102   0.102% 100.242% 
(     580,     870 ]    11977   0.093% 100.335% 
(     870,    1300 ]     9207   0.072% 100.406% 
(    1300,    1900 ]     8318   0.065% 100.471% 
(    1900,    2900 ]     6278   0.049% 100.520% 
(    2900,    4400 ]     3451   0.027% 100.546% 
(    4400,    6600 ]     1789   0.014% 100.560% 
(    6600,    9900 ]      554   0.004% 100.565% 
(    9900,   14000 ]      149   0.001% 100.566% 
(   14000,   22000 ]      184   0.001% 100.567% 
(   22000,   33000 ]      239   0.002% 100.569% 
(   33000,   50000 ]      288   0.002% 100.571% 
(   50000,   75000 ]      274   0.002% 100.573% 
(   75000,  110000 ]      194   0.002% 100.575% 
(  110000,  170000 ]      193   0.001% 100.577% 
(  170000,  250000 ]      100   0.001% 100.577% 
(  250000,  380000 ]       24   0.000% 100.577% 
(  380000,  570000 ]        5   0.000% 100.578% 
(  570000,  860000 ]        2   0.000% 100.578% 
(  860000, 1200000 ]        1   0.000% 100.578% 
( 1200000, 1900000 ]        7   0.000% 100.578% 
( 1900000, 2900000 ]        4   0.000% 100.578% 
( 2900000, 4300000 ]        2   0.000% 100.578% 


** DB Stats **
Uptime(secs): 911.1 total, 7.0 interval
Cumulative writes: 46M writes, 46M keys, 5873K commit groups, 7.8 writes per commit group, ingest: 44.81 GB, 50.36 MB/s
Cumulative WAL: 46M writes, 0 syncs, 46020194.00 writes per sync, written: 44.81 GB, 50.36 MB/s
Cumulative stall: 00:13:20.281 H:M:S, 87.8 percent
Interval writes: 124K writes, 124K keys, 16K commit groups, 7.8 writes per commit group, ingest: 124.45 MB, 17.83 MB/s
Interval WAL: 124K writes, 0 syncs, 124815.00 writes per sync, written: 0.12 GB, 17.83 MB/s
Interval stall: 00:00:7.384 H:M:S, 105.8 percent
Write Stall (count): write-buffer-manager-limit-stops: 0
num-running-compactions: 18
num-running-flushes: 0

2026/08/31-10:29:01  ... thread 12: (65000,2880000) ops and (2120.1,3161.0) ops/second in (30.659589,911.118035) seconds
2026/08/31-10:29:01  ... thread 10: (65000,2878000) ops and (2119.5,3158.8) ops/second in (30.666938,911.119523) seconds
2026/08/31-10:29:01  ... thread 4: (65000,2877000) ops and (2120.1,3157.6) ops/second in (30.659266,911.120749) seconds
2026/08/31-10:29:01  ... thread 5: (65000,2875000) ops and (2120.7,3155.4) ops/second in (30.649908,911.122382) seconds
2026/08/31-10:29:01  ... thread 7: (65000,2875000) ops and (2120.2,3155.4) ops/second in (30.657716,911.128620) seconds
2026/08/31-10:29:01  ... thread 15: (65000,2876000) ops and (2119.7,3156.5) ops/second in (30.665391,911.133477) seconds
2026/08/31-10:29:01  ... thread 13: (65000,2875000) ops and (2119.6,3155.4) ops/second in (30.665687,911.138668) seconds
2026/08/31-10:29:01  ... thread 14: (65000,2875000) ops and (2119.2,3155.4) ops/second in (30.672239,911.145044) seconds
2026/08/31-10:29:01  ... thread 3: (65000,2874000) ops and (2119.3,3154.3) ops/second in (30.670915,911.147847) seconds
2026/08/31-10:29:01  ... thread 9: (66000,2877000) ops and (2150.0,3157.5) ops/second in (30.697376,911.150075) seconds
2026/08/31-10:29:01  ... thread 1: (66000,2877000) ops and (2149.6,3157.5) ops/second in (30.703954,911.151220) seconds
2026/08/31-10:29:09  ... thread 2: (73000,2894000) ops and (2042.0,3149.4) ops/second in (35.748751,918.910344) seconds
2026/08/31-10:29:09  ... thread 8: (73000,2892000) ops and (2042.1,3147.2) ops/second in (35.748355,918.916795) seconds
2026/08/31-10:29:09  ... thread 11: (73000,2894000) ops and (2042.4,3149.4) ops/second in (35.742767,918.919729) seconds
2026/08/31-10:29:35  ... thread 0: (231000,3106000) ops and (6703.6,3284.8) ops/second in (34.459011,945.567162) seconds

** Compaction Stats [default] **
Level    Files   Size     Score Read(GB)  Rn(GB) Rnp1(GB) Write(GB) WPreComp(GB) Wnew(GB) Moved(GB) W-Amp Rd(MB/s) Wr(MB/s) Comp(sec) CompMergeCPU(sec) Comp(cnt) Avg(sec) KeyIn KeyDrop Rblob(GB) Wblob(GB)
-------------------------------------------------------------------------------------------------------------------------------------------------------------------------------------------------------------
  L0     21/17     5.26 GB   0.5     34.6     0.0     34.6      83.4      83.4     48.8       0.0   1.7     19.8     47.7   1789.90            174.41       885    2.022     84M    69K       0.0       0.0
  L1     72/72     3.96 GB   0.0    162.7    43.5    119.2     160.8     160.8     41.7       0.0   3.7    338.4    334.5    492.34            515.42        35   14.067    165M  1877K       0.0       0.0
  L2    589/0     32.66 GB   0.8     91.2    30.0     61.2      86.1      86.1     25.0       7.7   2.9     24.4     23.0   3828.34            292.62       463    8.269     92M  5136K       0.0       0.0
 Sum    682/89    41.88 GB   0.0    288.5    73.5    214.9     330.3     330.3    115.4       7.7   6.8     48.3     55.4   6110.58            982.44      1383    4.418    343M  7084K       0.0       0.0
 Int      0/0      0.00 KB   0.0     11.3     1.5      9.8      14.7      14.7      4.9       0.0   3.8     27.5     36.0    419.34             44.79       102    4.111     15M   440K       0.0       0.0

** Compaction Stats [default] **
Priority    Files   Size     Score Read(GB)  Rn(GB) Rnp1(GB) Write(GB) WPreComp(GB) Wnew(GB) Moved(GB) W-Amp Rd(MB/s) Wr(MB/s) Comp(sec) CompMergeCPU(sec) Comp(cnt) Avg(sec) KeyIn KeyDrop Rblob(GB) Wblob(GB)
----------------------------------------------------------------------------------------------------------------------------------------------------------------------------------------------------------------
 Low      0/0      0.00 KB   0.0    288.5    73.5    214.9     281.5     281.5     66.5       0.0   0.0     62.5     61.0   4722.80            897.08       577    8.185    293M  7084K       0.0       0.0
High      0/0      0.00 KB   0.0      0.0     0.0      0.0      48.9      48.9     48.9       0.0   0.0      0.0     36.0   1387.78             85.36       806    1.722     49M      0       0.0       0.0

Blob file count: 0, total size: 0.0 GB, garbage size: 0.0 GB, space amp: 0.0

Uptime(secs): 945.6 total, 41.4 interval
Flush(GB): cumulative 48.857, interval 3.876
AddFile(GB): cumulative 0.000, interval 0.000
AddFile(Total Files): cumulative 0, interval 0
AddFile(L0 Files): cumulative 0, interval 0
AddFile(Keys): cumulative 0, interval 0
Cumulative compaction: 330.34 GB write, 357.73 MB/s write, 288.46 GB read, 312.38 MB/s read, 6110.6 seconds
Interval compaction: 14.72 GB write, 363.84 MB/s write, 11.28 GB read, 278.78 MB/s read, 419.3 seconds
Estimated pending compaction bytes: 35357620763
Write Stall (count): cf-l0-file-count-limit-delays-with-ongoing-compaction: 15, cf-l0-file-count-limit-stops-with-ongoing-compaction: 0, l0-file-count-limit-delays: 15, l0-file-count-limit-stops: 0, memtable-limit-delays: 0, memtable-limit-stops: 649, pending-compaction-bytes-delays: 0, pending-compaction-bytes-stops: 0, total-delays: 15, total-stops: 649
interval: 50 total count
Block cache AutoHyperClockCache@0x6499b23c82d0#2259139 capacity: 512.00 MB seed: 1 usage: 12.60 MB table_size: 5483 occupancy: 2994 collections: 6 last_copies: 0 last_secs: 0.000472 secs_since: 41
Block cache entry stats(count,size,portion): Misc(2994,12.26 MB,2.39488%)

** File Read Latency Histogram By Level [default] **
** Level 0 read latency histogram (micros):
Count: 20128359 Average: 3.3292  StdDev: 1559.72
Min: 0  Median: 0.9360  Max: 3763466
Percentiles: P50: 0.94 P75: 1.55 P99: 2.98 P99.9: 4.76 P99.99: 5.49
------------------------------------------------------
[       0,       1 ] 10752735  53.421%  53.421% ###########
(       1,       2 ]  7895698  39.227%  92.648% ########
(       2,       3 ]  1304238   6.480%  99.127% #
(       3,       4 ]   136640   0.679%  99.806% 
(       4,       6 ]    49559   0.246% 100.052% 
(       6,      10 ]    23401   0.116% 100.168% 
(      10,      15 ]     6628   0.033% 100.201% 
(      15,      22 ]     3481   0.017% 100.219% 
(      22,      34 ]      297   0.001% 100.220% 
(      34,      51 ]       54   0.000% 100.220% 
(      51,      76 ]      298   0.001% 100.222% 
(      76,     110 ]      568   0.003% 100.225% 
(     110,     170 ]       22   0.000% 100.225% 
(     170,     250 ]       11   0.000% 100.225% 
(     250,     380 ]       15   0.000% 100.225% 
(     380,     580 ]       29   0.000% 100.225% 
(     580,     870 ]       23   0.000% 100.225% 
(     870,    1300 ]        6   0.000% 100.225% 
(    1300,    1900 ]       12   0.000% 100.225% 
(    1900,    2900 ]       24   0.000% 100.225% 
(    2900,    4400 ]       11   0.000% 100.226% 
(    4400,    6600 ]        2   0.000% 100.226% 
(    6600,    9900 ]        3   0.000% 100.226% 
(    9900,   14000 ]        4   0.000% 100.226% 
(   14000,   22000 ]        5   0.000% 100.226% 
(   22000,   33000 ]       20   0.000% 100.226% 
(   33000,   50000 ]       35   0.000% 100.226% 
(   50000,   75000 ]       44   0.000% 100.226% 
(   75000,  110000 ]       47   0.000% 100.226% 
(  110000,  170000 ]       36   0.000% 100.226% 
(  170000,  250000 ]        4   0.000% 100.227% 
(  250000,  380000 ]        4   0.000% 100.227% 
(  860000, 1200000 ]        3   0.000% 100.227% 
( 1900000, 2900000 ]        5   0.000% 100.227% 
( 2900000, 4300000 ]        1   0.000% 100.227% 

** Level 1 read latency histogram (micros):
Count: 39257590 Average: 1.5500  StdDev: 88.46
Min: 0  Median: 0.8556  Max: 147837
Percentiles: P50: 0.86 P75: 1.45 P99: 2.86 P99.9: 3.42 P99.99: 3.57
------------------------------------------------------
[       0,       1 ] 22941772  58.439%  58.439% ############
(       1,       2 ] 14393913  36.665%  95.104% #######
(       2,       3 ]  1788375   4.555%  99.660% #
(       3,       4 ]   226017   0.576% 100.236% 
(       4,       6 ]    79931   0.204% 100.439% 
(       6,      10 ]    49593   0.126% 100.566% 
(      10,      15 ]    11715   0.030% 100.595% 
(      15,      22 ]     6378   0.016% 100.612% 
(      22,      34 ]      680   0.002% 100.613% 
(      34,      51 ]      282   0.001% 100.614% 
(      51,      76 ]      874   0.002% 100.616% 
(      76,     110 ]     1047   0.003% 100.619% 
(     110,     170 ]      364   0.001% 100.620% 
(     170,     250 ]      117   0.000% 100.620% 
(     250,     380 ]       20   0.000% 100.620% 
(     380,     580 ]        5   0.000% 100.620% 
(     580,     870 ]        4   0.000% 100.620% 
(     870,    1300 ]        2   0.000% 100.620% 
(    1300,    1900 ]        7   0.000% 100.620% 
(    1900,    2900 ]        1   0.000% 100.620% 
(    2900,    4400 ]        3   0.000% 100.620% 
(   33000,   50000 ]        1   0.000% 100.620% 
(  110000,  170000 ]       14   0.000% 100.620% 

** Level 2 read latency histogram (micros):
Count: 13362549 Average: 21.0235  StdDev: 2381.79
Min: 0  Median: 0.8762  Max: 3481796
Percentiles: P50: 0.88 P75: 1.51 P99: 3.76 P99.9: 172.72 P99.99: 254.58
------------------------------------------------------
[       0,       1 ]  7625288  57.065%  57.065% ###########
(       1,       2 ]  4737447  35.453%  92.518% #######
(       2,       3 ]   770002   5.762%  98.280% #
(       3,       4 ]   127326   0.953%  99.233% 
(       4,       6 ]    38249   0.286%  99.519% 
(       6,      10 ]    16107   0.121%  99.640% 
(      10,      15 ]     5598   0.042%  99.682% 
(      15,      22 ]     3339   0.025%  99.707% 
(      22,      34 ]     2188   0.016%  99.723% 
(      34,      51 ]     3274   0.025%  99.748% 
(      51,      76 ]     7123   0.053%  99.801% 
(      76,     110 ]     3590   0.027%  99.828% 
(     110,     170 ]     9250   0.069%  99.897% 
(     170,     250 ]    11928   0.089%  99.986% 
(     250,     380 ]    14314   0.107% 100.093% 
(     380,     580 ]    15569   0.117% 100.210% 
(     580,     870 ]    13714   0.103% 100.312% 
(     870,    1300 ]    10456   0.078% 100.391% 
(    1300,    1900 ]     9485   0.071% 100.462% 
(    1900,    2900 ]     7214   0.054% 100.516% 
(    2900,    4400 ]     3968   0.030% 100.545% 
(    4400,    6600 ]     1994   0.015% 100.560% 
(    6600,    9900 ]      598   0.004% 100.565% 
(    9900,   14000 ]      180   0.001% 100.566% 
(   14000,   22000 ]      225   0.002% 100.568% 
(   22000,   33000 ]      287   0.002% 100.570% 
(   33000,   50000 ]      338   0.003% 100.573% 
(   50000,   75000 ]      323   0.002% 100.575% 
(   75000,  110000 ]      257   0.002% 100.577% 
(  110000,  170000 ]      242   0.002% 100.579% 
(  170000,  250000 ]      111   0.001% 100.579% 
(  250000,  380000 ]       24   0.000% 100.580% 
(  380000,  570000 ]        5   0.000% 100.580% 
(  570000,  860000 ]        2   0.000% 100.580% 
(  860000, 1200000 ]        1   0.000% 100.580% 
( 1200000, 1900000 ]        7   0.000% 100.580% 
( 1900000, 2900000 ]        4   0.000% 100.580% 
( 2900000, 4300000 ]        2   0.000% 100.580% 


** DB Stats **
Uptime(secs): 945.6 total, 34.5 interval
Cumulative writes: 49M writes, 49M keys, 6341K commit groups, 7.8 writes per commit group, ingest: 48.41 GB, 52.43 MB/s
Cumulative WAL: 49M writes, 0 syncs, 49718205.00 writes per sync, written: 48.41 GB, 52.43 MB/s
Cumulative stall: 00:13:48.426 H:M:S, 87.6 percent
Interval writes: 3698K writes, 3698K keys, 468K commit groups, 7.9 writes per commit group, ingest: 3687.23 MB, 107.00 MB/s
Interval WAL: 3698K writes, 0 syncs, 3698011.00 writes per sync, written: 3.60 GB, 107.00 MB/s
Interval stall: 00:00:28.145 H:M:S, 81.7 percent
Write Stall (count): write-buffer-manager-limit-stops: 0
num-running-compactions: 1
num-running-flushes: 0

2026/08/31-10:29:36  ... thread 4: (231000,3108000) ops and (6675.6,3286.4) ops/second in (34.603722,945.724471) seconds
2026/08/31-10:29:36  ... thread 7: (231000,3106000) ops and (6675.3,3284.2) ops/second in (34.605281,945.733901) seconds
2026/08/31-10:29:36  ... thread 5: (231000,3106000) ops and (6642.7,3283.7) ops/second in (34.774914,945.897296) seconds
2026/08/31-10:29:36  ... thread 14: (231000,3106000) ops and (6609.9,3283.0) ops/second in (34.947556,946.092600) seconds
2026/08/31-10:29:36  ... thread 13: (231000,3106000) ops and (6606.7,3282.9) ops/second in (34.964629,946.103297) seconds
2026/08/31-10:29:36  ... thread 15: (231000,3107000) ops and (6597.6,3283.8) ops/second in (35.012810,946.146287) seconds
2026/08/31-10:29:36  ... thread 9: (231000,3108000) ops and (6588.2,3284.7) ops/second in (35.062562,946.212637) seconds
2026/08/31-10:29:36  ... thread 6: (232000,3109000) ops and (6513.5,3284.9) ops/second in (35.618442,946.456030) seconds
2026/08/31-10:29:37  ... thread 1: (231000,3108000) ops and (6466.1,3282.4) ops/second in (35.724629,946.875849) seconds
2026/08/31-10:29:37  ... thread 3: (231000,3105000) ops and (6432.7,3278.6) ops/second in (35.910479,947.058326) seconds
2026/08/31-10:29:37  ... thread 10: (232000,3110000) ops and (6449.2,3283.7) ops/second in (35.973533,947.093056) seconds
2026/08/31-10:29:37  ... thread 12: (232000,3112000) ops and (6406.1,3285.0) ops/second in (36.215734,947.333769) seconds
2026/08/31-10:29:39  ... thread 2: (217000,3111000) ops and (7189.5,3277.9) ops/second in (30.182988,949.093332) seconds
2026/08/31-10:29:39  ... thread 11: (217000,3111000) ops and (7122.0,3276.8) ops/second in (30.469105,949.388834) seconds
2026/08/31-10:29:40  ... thread 8: (218000,3110000) ops and (6988.4,3273.3) ops/second in (31.194748,950.111543) seconds
2026/08/31-10:30:06  ... thread 15: (46000,3153000) ops and (1512.1,3228.7) ops/second in (30.420940,976.567227) seconds
2026/08/31-10:30:06  ... thread 13: (46000,3152000) ops and (1509.9,3227.6) ops/second in (30.465515,976.568812) seconds
2026/08/31-10:30:06  ... thread 7: (46000,3152000) ops and (1491.6,3227.6) ops/second in (30.839582,976.573483) seconds
2026/08/31-10:30:06  ... thread 9: (46000,3154000) ops and (1515.0,3229.7) ops/second in (30.362155,976.574792) seconds
2026/08/31-10:30:06  ... thread 0: (46000,3152000) ops and (1483.4,3227.6) ops/second in (31.009711,976.576873) seconds

** Compaction Stats [default] **
Level    Files   Size     Score Read(GB)  Rn(GB) Rnp1(GB) Write(GB) WPreComp(GB) Wnew(GB) Moved(GB) W-Amp Rd(MB/s) Wr(MB/s) Comp(sec) CompMergeCPU(sec) Comp(cnt) Avg(sec) KeyIn KeyDrop Rblob(GB) Wblob(GB)
-------------------------------------------------------------------------------------------------------------------------------------------------------------------------------------------------------------
  L0     16/0    990.22 MB   2.0     34.6     0.0     34.6      84.1      84.1     49.5       0.0   1.7     19.6     47.6   1811.45            175.75       897    2.019     85M    69K       0.0       0.0
  L1    139/18     8.05 GB   1.7    171.7    48.5    123.1     169.5     169.5     46.4       0.0   3.5    338.2    333.9    519.73            542.66        36   14.437    174M  2187K       0.0       0.0
  L2    598/48    33.11 GB   0.8     93.7    30.8     62.9      88.4      88.4     25.5       7.7   2.9     24.4     23.1   3926.59            305.14       478    8.215     95M  5360K       0.0       0.0
 Sum    753/66    42.13 GB   0.0    299.9    79.4    220.6     342.0     342.0    121.4       7.7   6.9     49.1     56.0   6257.76           1023.55      1411    4.435    355M  7618K       0.0       0.0
 Int      0/0      0.00 KB   0.0     11.5     5.8      5.6      11.6      11.6      6.0       0.0  17.5     81.5     82.5    144.21             40.99        27    5.341     12M   533K       0.0       0.0

** Compaction Stats [default] **
Priority    Files   Size     Score Read(GB)  Rn(GB) Rnp1(GB) Write(GB) WPreComp(GB) Wnew(GB) Moved(GB) W-Amp Rd(MB/s) Wr(MB/s) Comp(sec) CompMergeCPU(sec) Comp(cnt) Avg(sec) KeyIn KeyDrop Rblob(GB) Wblob(GB)
----------------------------------------------------------------------------------------------------------------------------------------------------------------------------------------------------------------
 Low      0/0      0.00 KB   0.0    299.9    79.4    220.6     292.4     292.4     71.9       0.0   0.0     63.3     61.8   4848.44            936.84       593    8.176    305M  7618K       0.0       0.0
High      0/0      0.00 KB   0.0      0.0     0.0      0.0      49.6      49.6     49.6       0.0   0.0      0.0     36.0   1409.33             86.71       818    1.723     50M      0       0.0       0.0

Blob file count: 0, total size: 0.0 GB, garbage size: 0.0 GB, space amp: 0.0

Uptime(secs): 976.6 total, 11.8 interval
Flush(GB): cumulative 49.582, interval 0.664
AddFile(GB): cumulative 0.000, interval 0.000
AddFile(Total Files): cumulative 0, interval 0
AddFile(L0 Files): cumulative 0, interval 0
AddFile(Keys): cumulative 0, interval 0
Cumulative compaction: 342.01 GB write, 358.61 MB/s write, 299.93 GB read, 314.50 MB/s read, 6257.8 seconds
Interval compaction: 11.61 GB write, 1011.33 MB/s write, 11.48 GB read, 999.32 MB/s read, 144.2 seconds
Estimated pending compaction bytes: 34855176809
Write Stall (count): cf-l0-file-count-limit-delays-with-ongoing-compaction: 19, cf-l0-file-count-limit-stops-with-ongoing-compaction: 0, l0-file-count-limit-delays: 19, l0-file-count-limit-stops: 0, memtable-limit-delays: 0, memtable-limit-stops: 659, pending-compaction-bytes-delays: 0, pending-compaction-bytes-stops: 0, total-delays: 19, total-stops: 659
interval: 12 total count
Block cache AutoHyperClockCache@0x6499b23c82d0#2259139 capacity: 512.00 MB seed: 1 usage: 12.60 MB table_size: 5483 occupancy: 2994 collections: 6 last_copies: 1 last_secs: 0.000472 secs_since: 72
Block cache entry stats(count,size,portion): Misc(2994,12.26 MB,2.39488%)

** File Read Latency Histogram By Level [default] **
** Level 0 read latency histogram (micros):
Count: 21034301 Average: 3.2782  StdDev: 1526.66
Min: 0  Median: 0.9386  Max: 3763466
Percentiles: P50: 0.94 P75: 1.55 P99: 2.98 P99.9: 4.76 P99.99: 5.48
------------------------------------------------------
[       0,       1 ] 11204902  53.270%  53.270% ###########
(       1,       2 ]  8274472  39.338%  92.608% ########
(       2,       3 ]  1366072   6.494%  99.102% #
(       3,       4 ]   147725   0.702%  99.804% 
(       4,       6 ]    52881   0.251% 100.056% 
(       6,      10 ]    24858   0.118% 100.174% 
(      10,      15 ]     7507   0.036% 100.210% 
(      15,      22 ]     4103   0.020% 100.229% 
(      22,      34 ]      337   0.002% 100.231% 
(      34,      51 ]       55   0.000% 100.231% 
(      51,      76 ]      306   0.001% 100.233% 
(      76,     110 ]      575   0.003% 100.235% 
(     110,     170 ]       22   0.000% 100.235% 
(     170,     250 ]       11   0.000% 100.235% 
(     250,     380 ]       15   0.000% 100.236% 
(     380,     580 ]       29   0.000% 100.236% 
(     580,     870 ]       23   0.000% 100.236% 
(     870,    1300 ]        6   0.000% 100.236% 
(    1300,    1900 ]       12   0.000% 100.236% 
(    1900,    2900 ]       25   0.000% 100.236% 
(    2900,    4400 ]       11   0.000% 100.236% 
(    4400,    6600 ]        2   0.000% 100.236% 
(    6600,    9900 ]        4   0.000% 100.236% 
(    9900,   14000 ]        4   0.000% 100.236% 
(   14000,   22000 ]        6   0.000% 100.236% 
(   22000,   33000 ]       20   0.000% 100.236% 
(   33000,   50000 ]       35   0.000% 100.236% 
(   50000,   75000 ]       45   0.000% 100.237% 
(   75000,  110000 ]       49   0.000% 100.237% 
(  110000,  170000 ]       36   0.000% 100.237% 
(  170000,  250000 ]        5   0.000% 100.237% 
(  250000,  380000 ]        4   0.000% 100.237% 
(  860000, 1200000 ]        3   0.000% 100.237% 
( 1900000, 2900000 ]        5   0.000% 100.237% 
( 2900000, 4300000 ]        1   0.000% 100.237% 

** Level 1 read latency histogram (micros):
Count: 40346676 Average: 1.5541  StdDev: 87.25
Min: 0  Median: 0.8579  Max: 147837
Percentiles: P50: 0.86 P75: 1.46 P99: 2.88 P99.9: 3.52 P99.99: 3.66
------------------------------------------------------
[       0,       1 ] 23514765  58.282%  58.282% ############
(       1,       2 ] 14756823  36.575%  94.857% #######
(       2,       3 ]  1905634   4.723%  99.580% #
(       3,       4 ]   249486   0.618% 100.198% 
(       4,       6 ]    90121   0.223% 100.422% 
(       6,      10 ]    52589   0.130% 100.552% 
(      10,      15 ]    12822   0.032% 100.584% 
(      15,      22 ]     7145   0.018% 100.602% 
(      22,      34 ]      746   0.002% 100.603% 
(      34,      51 ]      307   0.001% 100.604% 
(      51,      76 ]      932   0.002% 100.606% 
(      76,     110 ]     1119   0.003% 100.609% 
(     110,     170 ]      366   0.001% 100.610% 
(     170,     250 ]      117   0.000% 100.610% 
(     250,     380 ]       20   0.000% 100.610% 
(     380,     580 ]        5   0.000% 100.611% 
(     580,     870 ]        4   0.000% 100.611% 
(     870,    1300 ]        2   0.000% 100.611% 
(    1300,    1900 ]        7   0.000% 100.611% 
(    1900,    2900 ]        1   0.000% 100.611% 
(    2900,    4400 ]        3   0.000% 100.611% 
(   33000,   50000 ]        1   0.000% 100.611% 
(  110000,  170000 ]       14   0.000% 100.611% 

** Level 2 read latency histogram (micros):
Count: 14068709 Average: 24.6717  StdDev: 2453.75
Min: 0  Median: 0.8999  Max: 3481796
Percentiles: P50: 0.90 P75: 1.54 P99: 4.47 P99.9: 316.20 P99.99: 400.72
------------------------------------------------------
[       0,       1 ]  7816499  55.559%  55.559% ###########
(       1,       2 ]  5058149  35.953%  91.513% #######
(       2,       3 ]   884460   6.287%  97.799% #
(       3,       4 ]   157689   1.121%  98.920% 
(       4,       6 ]    47709   0.339%  99.259% 
(       6,      10 ]    17620   0.125%  99.385% 
(      10,      15 ]     6471   0.046%  99.431% 
(      15,      22 ]     3817   0.027%  99.458% 
(      22,      34 ]     2275   0.016%  99.474% 
(      34,      51 ]     3941   0.028%  99.502% 
(      51,      76 ]     8819   0.063%  99.565% 
(      76,     110 ]     4658   0.033%  99.598% 
(     110,     170 ]    14103   0.100%  99.698% 
(     170,     250 ]    17671   0.126%  99.824% 
(     250,     380 ]    21135   0.150%  99.974% 
(     380,     580 ]    22099   0.157% 100.131% 
(     580,     870 ]    18631   0.132% 100.263% 
(     870,    1300 ]    13887   0.099% 100.362% 
(    1300,    1900 ]    12221   0.087% 100.449% 
(    1900,    2900 ]     9270   0.066% 100.515% 
(    2900,    4400 ]     5013   0.036% 100.550% 
(    4400,    6600 ]     2574   0.018% 100.569% 
(    6600,    9900 ]      791   0.006% 100.574% 
(    9900,   14000 ]      229   0.002% 100.576% 
(   14000,   22000 ]      279   0.002% 100.578% 
(   22000,   33000 ]      338   0.002% 100.580% 
(   33000,   50000 ]      407   0.003% 100.583% 
(   50000,   75000 ]      392   0.003% 100.586% 
(   75000,  110000 ]      317   0.002% 100.588% 
(  110000,  170000 ]      291   0.002% 100.590% 
(  170000,  250000 ]      136   0.001% 100.591% 
(  250000,  380000 ]       29   0.000% 100.591% 
(  380000,  570000 ]        9   0.000% 100.592% 
(  570000,  860000 ]        2   0.000% 100.592% 
(  860000, 1200000 ]        1   0.000% 100.592% 
( 1200000, 1900000 ]        9   0.000% 100.592% 
( 1900000, 2900000 ]        4   0.000% 100.592% 
( 2900000, 4300000 ]        2   0.000% 100.592% 


** DB Stats **
Uptime(secs): 976.6 total, 11.8 interval
Cumulative writes: 50M writes, 50M keys, 6447K commit groups, 7.8 writes per commit group, ingest: 49.13 GB, 51.52 MB/s
Cumulative WAL: 50M writes, 0 syncs, 50459640.00 writes per sync, written: 49.13 GB, 51.52 MB/s
Cumulative stall: 00:14:12.325 H:M:S, 87.3 percent
Interval writes: 619K writes, 619K keys, 80K commit groups, 7.7 writes per commit group, ingest: 618.13 MB, 52.56 MB/s
Interval WAL: 619K writes, 0 syncs, 619919.00 writes per sync, written: 0.60 GB, 52.56 MB/s
Interval stall: 00:00:10.197 H:M:S, 86.7 percent
Write Stall (count): write-buffer-manager-limit-stops: 0
num-running-compactions: 18
num-running-flushes: 0

2026/08/31-10:30:07  ... thread 14: (46000,3152000) ops and (1508.4,3227.6) ops/second in (30.496160,976.588760) seconds
2026/08/31-10:30:07  ... thread 6: (46000,3155000) ops and (1526.5,3230.6) ops/second in (30.134210,976.590240) seconds
2026/08/31-10:30:07  ... thread 5: (47000,3153000) ops and (1529.1,3228.4) ops/second in (30.737172,976.634468) seconds
2026/08/31-10:30:07  ... thread 4: (47000,3155000) ops and (1520.5,3230.5) ops/second in (30.911593,976.636064) seconds
2026/08/31-10:30:07  ... thread 1: (52000,3160000) ops and (1732.6,3234.8) ops/second in (30.012122,976.887971) seconds
2026/08/31-10:30:07  ... thread 10: (53000,3163000) ops and (1746.0,3236.0) ops/second in (30.354701,977.447757) seconds
2026/08/31-10:30:07  ... thread 12: (54000,3166000) ops and (1792.5,3239.0) ops/second in (30.124946,977.458715) seconds
2026/08/31-10:30:07  ... thread 3: (54000,3159000) ops and (1776.0,3231.8) ops/second in (30.405430,977.463756) seconds
2026/08/31-10:30:12  ... thread 8: (60000,3170000) ops and (1879.8,3228.0) ops/second in (31.917927,982.029470) seconds
2026/08/31-10:30:12  ... thread 2: (60000,3171000) ops and (1821.0,3229.0) ops/second in (32.948844,982.042176) seconds
2026/08/31-10:30:12  ... thread 11: (60000,3171000) ops and (1836.8,3228.9) ops/second in (32.665270,982.054104) seconds
2026/08/31-10:30:37  ... thread 13: (69000,3221000) ops and (2298.1,3199.9) ops/second in (30.024569,1006.593381) seconds
2026/08/31-10:30:37  ... thread 7: (69000,3221000) ops and (2297.8,3199.9) ops/second in (30.029289,1006.602772) seconds
2026/08/31-10:30:37  ... thread 0: (69000,3221000) ops and (2297.6,3199.9) ops/second in (30.031600,1006.608473) seconds

** Compaction Stats [default] **
Level    Files   Size     Score Read(GB)  Rn(GB) Rnp1(GB) Write(GB) WPreComp(GB) Wnew(GB) Moved(GB) W-Amp Rd(MB/s) Wr(MB/s) Comp(sec) CompMergeCPU(sec) Comp(cnt) Avg(sec) KeyIn KeyDrop Rblob(GB) Wblob(GB)
-------------------------------------------------------------------------------------------------------------------------------------------------------------------------------------------------------------
  L0     18/11     1.99 GB   0.9     35.6     0.0     35.6      86.1      86.1     50.5       0.0   1.7     19.7     47.6   1850.76            180.61       915    2.023     87M    74K       0.0       0.0
  L1    101/17     5.95 GB   1.2    171.7    48.5    123.1     169.5     169.5     46.4       0.0   3.5    338.2    333.9    519.73            542.66        36   14.437    174M  2187K       0.0       0.0
  L2    630/61    34.59 GB   0.8    100.5    32.7     67.7      94.6      94.6     26.9       7.7   2.9     23.7     22.4   4334.81            345.36       513    8.450    102M  5933K       0.0       0.0
 Sum    749/89    42.53 GB   0.0    307.7    81.3    226.4     350.2     350.2    123.8       7.7   6.9     47.0     53.5   6705.31           1068.63      1464    4.580    364M  8196K       0.0       0.0
 Int      0/0      0.00 KB   0.0     19.2     7.7     11.5      19.8      19.8      8.3       0.0  11.7     33.3     34.3    591.75             86.08        80    7.397     21M  1112K       0.0       0.0

** Compaction Stats [default] **
Priority    Files   Size     Score Read(GB)  Rn(GB) Rnp1(GB) Write(GB) WPreComp(GB) Wnew(GB) Moved(GB) W-Amp Rd(MB/s) Wr(MB/s) Comp(sec) CompMergeCPU(sec) Comp(cnt) Avg(sec) KeyIn KeyDrop Rblob(GB) Wblob(GB)
----------------------------------------------------------------------------------------------------------------------------------------------------------------------------------------------------------------
 Low      0/0      0.00 KB   0.0    307.7    81.3    226.4     299.6     299.6     73.2       0.0   0.0     59.8     58.2   5269.05            979.86       629    8.377    313M  8196K       0.0       0.0
High      0/0      0.00 KB   0.0      0.0     0.0      0.0      50.6      50.6     50.6       0.0   0.0      0.0     36.1   1436.26             88.77       835    1.720     51M      0       0.0       0.0

Blob file count: 0, total size: 0.0 GB, garbage size: 0.0 GB, space amp: 0.0

Uptime(secs): 1006.6 total, 41.8 interval
Flush(GB): cumulative 50.607, interval 1.690
AddFile(GB): cumulative 0.000, interval 0.000
AddFile(Total Files): cumulative 0, interval 0
AddFile(L0 Files): cumulative 0, interval 0
AddFile(Keys): cumulative 0, interval 0
Cumulative compaction: 350.24 GB write, 356.28 MB/s write, 307.70 GB read, 313.02 MB/s read, 6705.3 seconds
Interval compaction: 19.84 GB write, 486.15 MB/s write, 19.25 GB read, 471.57 MB/s read, 591.7 seconds
Estimated pending compaction bytes: 31185850839
Write Stall (count): cf-l0-file-count-limit-delays-with-ongoing-compaction: 35, cf-l0-file-count-limit-stops-with-ongoing-compaction: 0, l0-file-count-limit-delays: 35, l0-file-count-limit-stops: 0, memtable-limit-delays: 0, memtable-limit-stops: 677, pending-compaction-bytes-delays: 0, pending-compaction-bytes-stops: 0, total-delays: 35, total-stops: 677
interval: 46 total count
Block cache AutoHyperClockCache@0x6499b23c82d0#2259139 capacity: 512.00 MB seed: 1 usage: 12.60 MB table_size: 5483 occupancy: 2994 collections: 6 last_copies: 1 last_secs: 0.000472 secs_since: 102
Block cache entry stats(count,size,portion): Misc(2994,12.26 MB,2.39488%)

** File Read Latency Histogram By Level [default] **
** Level 0 read latency histogram (micros):
Count: 21448891 Average: 3.2763  StdDev: 1512.87
Min: 0  Median: 0.9367  Max: 3763466
Percentiles: P50: 0.94 P75: 1.55 P99: 2.99 P99.9: 4.81 P99.99: 5.52
------------------------------------------------------
[       0,       1 ] 11449396  53.380%  53.380% ###########
(       1,       2 ]  8417515  39.245%  92.624% ########
(       2,       3 ]  1386915   6.466%  99.091% #
(       3,       4 ]   151533   0.706%  99.797% 
(       4,       6 ]    54342   0.253% 100.050% 
(       6,      10 ]    25353   0.118% 100.169% 
(      10,      15 ]     7750   0.036% 100.205% 
(      15,      22 ]     4263   0.020% 100.225% 
(      22,      34 ]      347   0.002% 100.226% 
(      34,      51 ]       59   0.000% 100.227% 
(      51,      76 ]      313   0.001% 100.228% 
(      76,     110 ]      586   0.003% 100.231% 
(     110,     170 ]       22   0.000% 100.231% 
(     170,     250 ]       11   0.000% 100.231% 
(     250,     380 ]       15   0.000% 100.231% 
(     380,     580 ]       29   0.000% 100.231% 
(     580,     870 ]       23   0.000% 100.231% 
(     870,    1300 ]        6   0.000% 100.231% 
(    1300,    1900 ]       13   0.000% 100.231% 
(    1900,    2900 ]       25   0.000% 100.231% 
(    2900,    4400 ]       11   0.000% 100.231% 
(    4400,    6600 ]        3   0.000% 100.231% 
(    6600,    9900 ]        4   0.000% 100.231% 
(    9900,   14000 ]        4   0.000% 100.231% 
(   14000,   22000 ]        6   0.000% 100.231% 
(   22000,   33000 ]       21   0.000% 100.232% 
(   33000,   50000 ]       38   0.000% 100.232% 
(   50000,   75000 ]       45   0.000% 100.232% 
(   75000,  110000 ]       53   0.000% 100.232% 
(  110000,  170000 ]       37   0.000% 100.232% 
(  170000,  250000 ]        5   0.000% 100.232% 
(  250000,  380000 ]        4   0.000% 100.232% 
(  860000, 1200000 ]        3   0.000% 100.232% 
( 1900000, 2900000 ]        5   0.000% 100.232% 
( 2900000, 4300000 ]        1   0.000% 100.232% 

** Level 1 read latency histogram (micros):
Count: 40856608 Average: 1.5663  StdDev: 86.71
Min: 0  Median: 0.8657  Max: 147837
Percentiles: P50: 0.87 P75: 1.47 P99: 2.91 P99.9: 3.66 P99.99: 3.79
------------------------------------------------------
[       0,       1 ] 23597235  57.756%  57.756% ############
(       1,       2 ] 14958453  36.612%  94.368% #######
(       2,       3 ]  2069063   5.064%  99.433% #
(       3,       4 ]   288610   0.706% 100.139% 
(       4,       6 ]   107687   0.264% 100.402% 
(       6,      10 ]    57171   0.140% 100.542% 
(      10,      15 ]    13904   0.034% 100.576% 
(      15,      22 ]     8135   0.020% 100.596% 
(      22,      34 ]      854   0.002% 100.598% 
(      34,      51 ]      317   0.001% 100.599% 
(      51,      76 ]      934   0.002% 100.602% 
(      76,     110 ]     1125   0.003% 100.604% 
(     110,     170 ]      367   0.001% 100.605% 
(     170,     250 ]      117   0.000% 100.605% 
(     250,     380 ]       20   0.000% 100.605% 
(     380,     580 ]        5   0.000% 100.606% 
(     580,     870 ]        4   0.000% 100.606% 
(     870,    1300 ]        2   0.000% 100.606% 
(    1300,    1900 ]        7   0.000% 100.606% 
(    1900,    2900 ]        1   0.000% 100.606% 
(    2900,    4400 ]        3   0.000% 100.606% 
(   33000,   50000 ]        1   0.000% 100.606% 
(  110000,  170000 ]       14   0.000% 100.606% 

** Level 2 read latency histogram (micros):
Count: 15478799 Average: 36.3461  StdDev: 2878.75
Min: 0  Median: 0.9506  Max: 3481796
Percentiles: P50: 0.95 P75: 1.61 P99: 46.30 P99.9: 596.26 P99.99: 717.12
------------------------------------------------------
[       0,       1 ]  8141214  52.596%  52.596% ###########
(       1,       2 ]  5667828  36.617%  89.213% #######
(       2,       3 ]  1174810   7.590%  96.802% ##
(       3,       4 ]   229900   1.485%  98.288% 
(       4,       6 ]    69782   0.451%  98.739% 
(       6,      10 ]    20704   0.134%  98.872% 
(      10,      15 ]     8597   0.056%  98.928% 
(      15,      22 ]     5303   0.034%  98.962% 
(      22,      34 ]     2672   0.017%  98.979% 
(      34,      51 ]     4426   0.029%  99.008% 
(      51,      76 ]    11191   0.072%  99.080% 
(      76,     110 ]     6263   0.040%  99.121% 
(     110,     170 ]    20256   0.131%  99.252% 
(     170,     250 ]    25997   0.168%  99.419% 
(     250,     380 ]    34134   0.221%  99.640% 
(     380,     580 ]    38370   0.248%  99.888% 
(     580,     870 ]    33428   0.216% 100.104% 
(     870,    1300 ]    24108   0.156% 100.260% 
(    1300,    1900 ]    20101   0.130% 100.389% 
(    1900,    2900 ]    15412   0.100% 100.489% 
(    2900,    4400 ]     7878   0.051% 100.540% 
(    4400,    6600 ]     4321   0.028% 100.568% 
(    6600,    9900 ]     1328   0.009% 100.576% 
(    9900,   14000 ]      426   0.003% 100.579% 
(   14000,   22000 ]      521   0.003% 100.583% 
(   22000,   33000 ]      549   0.004% 100.586% 
(   33000,   50000 ]      628   0.004% 100.590% 
(   50000,   75000 ]      656   0.004% 100.594% 
(   75000,  110000 ]      568   0.004% 100.598% 
(  110000,  170000 ]      503   0.003% 100.601% 
(  170000,  250000 ]      215   0.001% 100.603% 
(  250000,  380000 ]       49   0.000% 100.603% 
(  380000,  570000 ]       11   0.000% 100.603% 
(  570000,  860000 ]        3   0.000% 100.603% 
(  860000, 1200000 ]        3   0.000% 100.603% 
( 1200000, 1900000 ]       12   0.000% 100.603% 
( 1900000, 2900000 ]        7   0.000% 100.603% 
( 2900000, 4300000 ]        2   0.000% 100.603% 


** DB Stats **
Uptime(secs): 1006.6 total, 30.0 interval
Cumulative writes: 51M writes, 51M keys, 6593K commit groups, 7.8 writes per commit group, ingest: 50.21 GB, 51.08 MB/s
Cumulative WAL: 51M writes, 0 syncs, 51565004.00 writes per sync, written: 50.21 GB, 51.08 MB/s
Cumulative stall: 00:14:35.434 H:M:S, 87.0 percent
Interval writes: 1105K writes, 1105K keys, 146K commit groups, 7.6 writes per commit group, ingest: 1102.22 MB, 36.70 MB/s
Interval WAL: 1105K writes, 0 syncs, 1105364.00 writes per sync, written: 1.08 GB, 36.70 MB/s
Interval stall: 00:00:23.109 H:M:S, 76.9 percent
Write Stall (count): write-buffer-manager-limit-stops: 0
num-running-compactions: 18
num-running-flushes: 1

2026/08/31-10:30:37  ... thread 9: (69000,3223000) ops and (2297.2,3201.8) ops/second in (30.037001,1006.611793) seconds
2026/08/31-10:30:37  ... thread 14: (69000,3221000) ops and (2297.9,3199.8) ops/second in (30.027396,1006.616156) seconds
2026/08/31-10:30:37  ... thread 6: (69000,3224000) ops and (2292.2,3202.6) ops/second in (30.101853,1006.692093) seconds
2026/08/31-10:30:37  ... thread 15: (70000,3223000) ops and (2323.0,3201.5) ops/second in (30.133035,1006.700262) seconds
2026/08/31-10:30:37  ... thread 5: (69000,3222000) ops and (2293.8,3200.5) ops/second in (30.081445,1006.715913) seconds
2026/08/31-10:30:37  ... thread 4: (70000,3225000) ops and (2326.5,3203.5) ops/second in (30.088049,1006.724113) seconds
2026/08/31-10:30:37  ... thread 1: (66000,3226000) ops and (2196.5,3203.8) ops/second in (30.048282,1006.936253) seconds
2026/08/31-10:30:38  ... thread 12: (69000,3235000) ops and (2226.9,3207.9) ops/second in (30.984219,1008.442934) seconds
2026/08/31-10:30:38  ... thread 10: (69000,3232000) ops and (2226.1,3204.9) ops/second in (30.995566,1008.443323) seconds
2026/08/31-10:30:38  ... thread 3: (69000,3228000) ops and (2226.3,3200.9) ops/second in (30.993541,1008.457297) seconds
2026/08/31-10:30:47  ... thread 11: (76000,3247000) ops and (2155.0,3191.7) ops/second in (35.267108,1017.321212) seconds
2026/08/31-10:30:47  ... thread 2: (77000,3248000) ops and (2182.2,3192.7) ops/second in (35.285865,1017.328041) seconds
2026/08/31-10:30:47  ... thread 8: (77000,3247000) ops and (2181.1,3191.7) ops/second in (35.303064,1017.332534) seconds
2026/08/31-10:31:07  ... thread 13: (104000,3325000) ops and (3433.6,3206.7) ops/second in (30.288958,1036.882339) seconds
2026/08/31-10:31:07  ... thread 7: (104000,3325000) ops and (3434.0,3206.7) ops/second in (30.285276,1036.888048) seconds
2026/08/31-10:31:07  ... thread 9: (104000,3327000) ops and (3434.8,3208.6) ops/second in (30.278066,1036.889859) seconds
2026/08/31-10:31:07  ... thread 4: (103000,3328000) ops and (3413.9,3209.6) ops/second in (30.170961,1036.895074) seconds
2026/08/31-10:31:07  ... thread 6: (104000,3328000) ops and (3443.3,3209.6) ops/second in (30.203919,1036.896012) seconds
2026/08/31-10:31:07  ... thread 15: (104000,3327000) ops and (3443.9,3208.6) ops/second in (30.198307,1036.898569) seconds
2026/08/31-10:31:07  ... thread 0: (104000,3325000) ops and (3433.5,3206.7) ops/second in (30.290193,1036.898666) seconds

** Compaction Stats [default] **
Level    Files   Size     Score Read(GB)  Rn(GB) Rnp1(GB) Write(GB) WPreComp(GB) Wnew(GB) Moved(GB) W-Amp Rd(MB/s) Wr(MB/s) Comp(sec) CompMergeCPU(sec) Comp(cnt) Avg(sec) KeyIn KeyDrop Rblob(GB) Wblob(GB)
-------------------------------------------------------------------------------------------------------------------------------------------------------------------------------------------------------------
  L0     13/5      3.68 GB   1.0     37.9     0.0     37.9      90.1      90.1     52.2       0.0   1.7     20.0     47.5   1942.56            190.01       948    2.049     91M    79K       0.0       0.0
  L1     71/2      4.12 GB   1.0    171.7    48.5    123.1     169.5     169.5     46.4       0.0   3.5    338.2    333.9    519.73            542.66        36   14.437    174M  2187K       0.0       0.0
  L2    649/8     35.86 GB   0.9    108.3    34.6     73.8     101.9     101.9     28.2       7.7   2.9     22.9     21.5   4847.56            387.23       543    8.927    110M  6513K       0.0       0.0
 Sum    733/15    43.65 GB   0.0    317.9    83.1    234.8     361.5     361.5    126.8       7.7   6.9     44.5     50.6   7309.86           1119.90      1527    4.787    376M  8781K       0.0       0.0
 Int      0/0      0.00 KB   0.0      4.4     0.8      3.7       5.2       5.2      1.6       0.0   5.1     17.3     20.4    263.34             22.32        32    8.229   5568K   240K       0.0       0.0

** Compaction Stats [default] **
Priority    Files   Size     Score Read(GB)  Rn(GB) Rnp1(GB) Write(GB) WPreComp(GB) Wnew(GB) Moved(GB) W-Amp Rd(MB/s) Wr(MB/s) Comp(sec) CompMergeCPU(sec) Comp(cnt) Avg(sec) KeyIn KeyDrop Rblob(GB) Wblob(GB)
----------------------------------------------------------------------------------------------------------------------------------------------------------------------------------------------------------------
 Low      0/0      0.00 KB   0.0    317.9    83.1    234.8     309.2     309.2     74.5       0.0   0.0     55.9     54.4   5818.97           1028.02       664    8.764    323M  8781K       0.0       0.0
High      0/0      0.00 KB   0.0      0.0     0.0      0.0      52.3      52.3     52.3       0.0   0.0      0.0     35.9   1490.89             91.88       863    1.728     53M      0       0.0       0.0

Blob file count: 0, total size: 0.0 GB, garbage size: 0.0 GB, space amp: 0.0

Uptime(secs): 1036.9 total, 12.1 interval
Flush(GB): cumulative 52.302, interval 1.032
AddFile(GB): cumulative 0.000, interval 0.000
AddFile(Total Files): cumulative 0, interval 0
AddFile(L0 Files): cumulative 0, interval 0
AddFile(Keys): cumulative 0, interval 0
Cumulative compaction: 361.53 GB write, 357.03 MB/s write, 317.87 GB read, 313.92 MB/s read, 7309.9 seconds
Interval compaction: 5.24 GB write, 444.16 MB/s write, 4.44 GB read, 376.63 MB/s read, 263.3 seconds
Estimated pending compaction bytes: 31181804553
Write Stall (count): cf-l0-file-count-limit-delays-with-ongoing-compaction: 37, cf-l0-file-count-limit-stops-with-ongoing-compaction: 0, l0-file-count-limit-delays: 37, l0-file-count-limit-stops: 0, memtable-limit-delays: 0, memtable-limit-stops: 704, pending-compaction-bytes-delays: 0, pending-compaction-bytes-stops: 0, total-delays: 37, total-stops: 704
interval: 14 total count
Block cache AutoHyperClockCache@0x6499b23c82d0#2259139 capacity: 512.00 MB seed: 1 usage: 12.60 MB table_size: 5483 occupancy: 2994 collections: 6 last_copies: 2 last_secs: 0.000472 secs_since: 132
Block cache entry stats(count,size,portion): Misc(2994,12.26 MB,2.39488%)

** File Read Latency Histogram By Level [default] **
** Level 0 read latency histogram (micros):
Count: 21901124 Average: 3.2457  StdDev: 1497.30
Min: 0  Median: 0.9302  Max: 3763466
Percentiles: P50: 0.93 P75: 1.55 P99: 2.98 P99.9: 4.83 P99.99: 5.55
------------------------------------------------------
[       0,       1 ] 11772877  53.755%  53.755% ###########
(       1,       2 ]  8531752  38.956%  92.710% ########
(       2,       3 ]  1398924   6.387%  99.098% #
(       3,       4 ]   152905   0.698%  99.796% 
(       4,       6 ]    54874   0.251% 100.047% 
(       6,      10 ]    25709   0.117% 100.164% 
(      10,      15 ]     7873   0.036% 100.200% 
(      15,      22 ]     4338   0.020% 100.220% 
(      22,      34 ]      352   0.002% 100.221% 
(      34,      51 ]       60   0.000% 100.222% 
(      51,      76 ]      321   0.001% 100.223% 
(      76,     110 ]      605   0.003% 100.226% 
(     110,     170 ]       22   0.000% 100.226% 
(     170,     250 ]       13   0.000% 100.226% 
(     250,     380 ]       16   0.000% 100.226% 
(     380,     580 ]       30   0.000% 100.226% 
(     580,     870 ]       24   0.000% 100.226% 
(     870,    1300 ]        6   0.000% 100.226% 
(    1300,    1900 ]       13   0.000% 100.226% 
(    1900,    2900 ]       28   0.000% 100.227% 
(    2900,    4400 ]       13   0.000% 100.227% 
(    4400,    6600 ]        3   0.000% 100.227% 
(    6600,    9900 ]        4   0.000% 100.227% 
(    9900,   14000 ]        4   0.000% 100.227% 
(   14000,   22000 ]        7   0.000% 100.227% 
(   22000,   33000 ]       22   0.000% 100.227% 
(   33000,   50000 ]       40   0.000% 100.227% 
(   50000,   75000 ]       46   0.000% 100.227% 
(   75000,  110000 ]       53   0.000% 100.227% 
(  110000,  170000 ]       37   0.000% 100.228% 
(  170000,  250000 ]        5   0.000% 100.228% 
(  250000,  380000 ]        4   0.000% 100.228% 
(  860000, 1200000 ]        3   0.000% 100.228% 
( 1900000, 2900000 ]        5   0.000% 100.228% 
( 2900000, 4300000 ]        1   0.000% 100.228% 

** Level 1 read latency histogram (micros):
Count: 41203583 Average: 1.5730  StdDev: 86.34
Min: 0  Median: 0.8705  Max: 147837
Percentiles: P50: 0.87 P75: 1.48 P99: 2.93 P99.9: 3.72 P99.99: 3.84
------------------------------------------------------
[       0,       1 ] 23667717  57.441%  57.441% ###########
(       1,       2 ] 15102922  36.654%  94.095% #######
(       2,       3 ]  2170981   5.269%  99.364% #
(       3,       4 ]   307752   0.747% 100.111% 
(       4,       6 ]   115387   0.280% 100.391% 
(       6,      10 ]    59680   0.145% 100.536% 
(      10,      15 ]    14512   0.035% 100.571% 
(      15,      22 ]     8672   0.021% 100.592% 
(      22,      34 ]      899   0.002% 100.594% 
(      34,      51 ]      325   0.001% 100.595% 
(      51,      76 ]      934   0.002% 100.598% 
(      76,     110 ]     1130   0.003% 100.600% 
(     110,     170 ]      370   0.001% 100.601% 
(     170,     250 ]      117   0.000% 100.601% 
(     250,     380 ]       20   0.000% 100.601% 
(     380,     580 ]        5   0.000% 100.602% 
(     580,     870 ]        4   0.000% 100.602% 
(     870,    1300 ]        2   0.000% 100.602% 
(    1300,    1900 ]        7   0.000% 100.602% 
(    1900,    2900 ]        1   0.000% 100.602% 
(    2900,    4400 ]        3   0.000% 100.602% 
(   33000,   50000 ]        1   0.000% 100.602% 
(  110000,  170000 ]       14   0.000% 100.602% 

** Level 2 read latency histogram (micros):
Count: 16644655 Average: 41.8375  StdDev: 3017.02
Min: 0  Median: 0.9845  Max: 3481796
Percentiles: P50: 0.98 P75: 1.65 P99: 177.52 P99.9: 749.64 P99.99: 848.81
------------------------------------------------------
[       0,       1 ]  8453383  50.787%  50.787% ##########
(       1,       2 ]  6186209  37.166%  87.954% #######
(       2,       3 ]  1387887   8.338%  96.292% ##
(       3,       4 ]   269551   1.619%  97.911% 
(       4,       6 ]    81645   0.491%  98.402% 
(       6,      10 ]    22895   0.138%  98.540% 
(      10,      15 ]    10065   0.060%  98.600% 
(      15,      22 ]     6270   0.038%  98.638% 
(      22,      34 ]     3144   0.019%  98.657% 
(      34,      51 ]     5776   0.035%  98.691% 
(      51,      76 ]    14019   0.084%  98.776% 
(      76,     110 ]     7964   0.048%  98.823% 
(     110,     170 ]    26228   0.158%  98.981% 
(     170,     250 ]    33764   0.203%  99.184% 
(     250,     380 ]    43967   0.264%  99.448% 
(     380,     580 ]    49619   0.298%  99.746% 
(     580,     870 ]    43807   0.263% 100.009% 
(     870,    1300 ]    31166   0.187% 100.196% 
(    1300,    1900 ]    25613   0.154% 100.350% 
(    1900,    2900 ]    19702   0.118% 100.469% 
(    2900,    4400 ]     9992   0.060% 100.529% 
(    4400,    6600 ]     5381   0.032% 100.561% 
(    6600,    9900 ]     1670   0.010% 100.571% 
(    9900,   14000 ]      548   0.003% 100.574% 
(   14000,   22000 ]      657   0.004% 100.578% 
(   22000,   33000 ]      678   0.004% 100.582% 
(   33000,   50000 ]      737   0.004% 100.587% 
(   50000,   75000 ]      768   0.005% 100.591% 
(   75000,  110000 ]      687   0.004% 100.596% 
(  110000,  170000 ]      604   0.004% 100.599% 
(  170000,  250000 ]      284   0.002% 100.601% 
(  250000,  380000 ]       67   0.000% 100.601% 
(  380000,  570000 ]       16   0.000% 100.601% 
(  570000,  860000 ]        4   0.000% 100.601% 
(  860000, 1200000 ]        3   0.000% 100.601% 
( 1200000, 1900000 ]       14   0.000% 100.602% 
( 1900000, 2900000 ]        8   0.000% 100.602% 
( 2900000, 4300000 ]        2   0.000% 100.602% 


** DB Stats **
Uptime(secs): 1036.9 total, 12.1 interval
Cumulative writes: 53M writes, 53M keys, 6808K commit groups, 7.8 writes per commit group, ingest: 51.84 GB, 51.19 MB/s
Cumulative WAL: 53M writes, 0 syncs, 53236023.00 writes per sync, written: 51.84 GB, 51.19 MB/s
Cumulative stall: 00:15:1.491 H:M:S, 86.9 percent
Interval writes: 941K writes, 941K keys, 120K commit groups, 7.8 writes per commit group, ingest: 938.99 MB, 77.79 MB/s
Interval WAL: 941K writes, 0 syncs, 941709.00 writes per sync, written: 0.92 GB, 77.79 MB/s
Interval stall: 00:00:14.379 H:M:S, 119.1 percent
Write Stall (count): write-buffer-manager-limit-stops: 0
num-running-compactions: 4
num-running-flushes: 1

2026/08/31-10:31:07  ... thread 14: (104000,3325000) ops and (3433.9,3206.7) ops/second in (30.286257,1036.902413) seconds
2026/08/31-10:31:07  ... thread 5: (104000,3326000) ops and (3445.3,3207.6) ops/second in (30.186360,1036.902273) seconds
2026/08/31-10:31:07  ... thread 1: (103000,3329000) ops and (3433.2,3210.4) ops/second in (30.001212,1036.937465) seconds
2026/08/31-10:31:08  ... thread 10: (115000,3347000) ops and (3832.2,3223.1) ops/second in (30.008985,1038.452308) seconds
2026/08/31-10:31:08  ... thread 12: (116000,3351000) ops and (3864.2,3226.9) ops/second in (30.019402,1038.462336) seconds
2026/08/31-10:31:08  ... thread 3: (116000,3344000) ops and (3863.9,3220.1) ops/second in (30.021538,1038.478835) seconds
2026/08/31-10:31:20  ... thread 2: (119000,3367000) ops and (3680.5,3207.7) ops/second in (32.332129,1049.660170) seconds
2026/08/31-10:31:20  ... thread 11: (120000,3367000) ops and (3709.3,3207.7) ops/second in (32.351018,1049.672230) seconds
2026/08/31-10:31:20  ... thread 8: (120000,3367000) ops and (3710.4,3207.7) ops/second in (32.341676,1049.674210) seconds
2026/08/31-10:31:38  ... thread 4: (73000,3401000) ops and (2305.0,3182.8) ops/second in (31.669924,1068.564998) seconds
2026/08/31-10:31:38  ... thread 1: (71000,3400000) ops and (2244.5,3181.8) ops/second in (31.632254,1068.569719) seconds
2026/08/31-10:31:38  ... thread 9: (73000,3400000) ops and (2304.2,3181.8) ops/second in (31.680908,1068.570767) seconds
2026/08/31-10:31:38  ... thread 12: (54000,3405000) ops and (1793.4,3186.5) ops/second in (30.111169,1068.573505) seconds
2026/08/31-10:31:38  ... thread 6: (73000,3401000) ops and (2304.1,3182.7) ops/second in (31.682959,1068.578971) seconds
2026/08/31-10:31:38  ... thread 15: (73000,3400000) ops and (2304.2,3181.8) ops/second in (31.681835,1068.580404) seconds
2026/08/31-10:31:39  ... thread 5: (73000,3399000) ops and (2304.3,3180.9) ops/second in (31.679490,1068.581763) seconds
2026/08/31-10:31:39  ... thread 0: (73000,3398000) ops and (2303.9,3179.9) ops/second in (31.686066,1068.584732) seconds

** Compaction Stats [default] **
Level    Files   Size     Score Read(GB)  Rn(GB) Rnp1(GB) Write(GB) WPreComp(GB) Wnew(GB) Moved(GB) W-Amp Rd(MB/s) Wr(MB/s) Comp(sec) CompMergeCPU(sec) Comp(cnt) Avg(sec) KeyIn KeyDrop Rblob(GB) Wblob(GB)
-------------------------------------------------------------------------------------------------------------------------------------------------------------------------------------------------------------
  L0      8/0    931.60 MB   1.0     38.9     0.0     38.9      92.3      92.3     53.4       0.0   1.7     20.0     47.4   1994.81            194.68       970    2.057     93M    81K       0.0       0.0
  L1    130/18     7.69 GB   1.7    179.6    52.5    127.1     177.2     177.2     50.1       0.0   3.4    336.2    331.7    546.92            566.77        37   14.782    182M  2406K       0.0       0.0
  L2    651/51    35.95 GB   0.8    108.9    34.7     74.2     102.5     102.5     28.2       7.7   3.0     22.8     21.5   4882.01            390.46       545    8.958    110M  6554K       0.0       0.0
 Sum    789/69    44.55 GB   0.0    327.4    87.1    240.3     372.0     372.0    131.7       7.7   7.0     45.2     51.3   7423.73           1151.91      1552    4.783    387M  9042K       0.0       0.0
 Int      0/0      0.00 KB   0.0     14.0     4.8      9.2      15.7      15.7      6.5       0.0   7.2     37.9     42.5    377.22             54.33        57    6.618     16M   501K       0.0       0.0

** Compaction Stats [default] **
Priority    Files   Size     Score Read(GB)  Rn(GB) Rnp1(GB) Write(GB) WPreComp(GB) Wnew(GB) Moved(GB) W-Amp Rd(MB/s) Wr(MB/s) Comp(sec) CompMergeCPU(sec) Comp(cnt) Avg(sec) KeyIn KeyDrop Rblob(GB) Wblob(GB)
----------------------------------------------------------------------------------------------------------------------------------------------------------------------------------------------------------------
 Low      0/0      0.00 KB   0.0    327.4    87.1    240.3     318.5     318.5     78.2       0.0   0.0     56.9     55.3   5892.99           1057.90       670    8.796    333M  9042K       0.0       0.0
High      0/0      0.00 KB   0.0      0.0     0.0      0.0      53.5      53.5     53.5       0.0   0.0      0.0     35.8   1530.74             94.01       882    1.736     54M      0       0.0       0.0

Blob file count: 0, total size: 0.0 GB, garbage size: 0.0 GB, space amp: 0.0

Uptime(secs): 1068.6 total, 43.8 interval
Flush(GB): cumulative 53.457, interval 2.187
AddFile(GB): cumulative 0.000, interval 0.000
AddFile(Total Files): cumulative 0, interval 0
AddFile(L0 Files): cumulative 0, interval 0
AddFile(Keys): cumulative 0, interval 0
Cumulative compaction: 371.95 GB write, 356.43 MB/s write, 327.40 GB read, 313.74 MB/s read, 7423.7 seconds
Interval compaction: 15.66 GB write, 366.48 MB/s write, 13.97 GB read, 326.86 MB/s read, 377.2 seconds
Estimated pending compaction bytes: 34831250838
Write Stall (count): cf-l0-file-count-limit-delays-with-ongoing-compaction: 38, cf-l0-file-count-limit-stops-with-ongoing-compaction: 0, l0-file-count-limit-delays: 38, l0-file-count-limit-stops: 0, memtable-limit-delays: 0, memtable-limit-stops: 715, pending-compaction-bytes-delays: 0, pending-compaction-bytes-stops: 0, total-delays: 38, total-stops: 715
interval: 26 total count
Block cache AutoHyperClockCache@0x6499b23c82d0#2259139 capacity: 512.00 MB seed: 1 usage: 12.60 MB table_size: 5483 occupancy: 2994 collections: 6 last_copies: 2 last_secs: 0.000472 secs_since: 164
Block cache entry stats(count,size,portion): Misc(2994,12.26 MB,2.39488%)

** File Read Latency Histogram By Level [default] **
** Level 0 read latency histogram (micros):
Count: 23111911 Average: 3.2252  StdDev: 1479.07
Min: 0  Median: 0.9289  Max: 3763466
Percentiles: P50: 0.93 P75: 1.54 P99: 2.98 P99.9: 4.76 P99.99: 5.48
------------------------------------------------------
[       0,       1 ] 12440428  53.827%  53.827% ###########
(       1,       2 ]  8981183  38.860%  92.686% ########
(       2,       3 ]  1481445   6.410%  99.096% #
(       3,       4 ]   163593   0.708%  99.804% 
(       4,       6 ]    58084   0.251% 100.055% 
(       6,      10 ]    27286   0.118% 100.174% 
(      10,      15 ]     8363   0.036% 100.210% 
(      15,      22 ]     4617   0.020% 100.230% 
(      22,      34 ]      382   0.002% 100.231% 
(      34,      51 ]       64   0.000% 100.232% 
(      51,      76 ]      329   0.001% 100.233% 
(      76,     110 ]      622   0.003% 100.236% 
(     110,     170 ]       22   0.000% 100.236% 
(     170,     250 ]       13   0.000% 100.236% 
(     250,     380 ]       18   0.000% 100.236% 
(     380,     580 ]       31   0.000% 100.236% 
(     580,     870 ]       25   0.000% 100.236% 
(     870,    1300 ]        6   0.000% 100.236% 
(    1300,    1900 ]       14   0.000% 100.236% 
(    1900,    2900 ]       28   0.000% 100.236% 
(    2900,    4400 ]       13   0.000% 100.236% 
(    4400,    6600 ]        3   0.000% 100.236% 
(    6600,    9900 ]        4   0.000% 100.237% 
(    9900,   14000 ]        5   0.000% 100.237% 
(   14000,   22000 ]        7   0.000% 100.237% 
(   22000,   33000 ]       22   0.000% 100.237% 
(   33000,   50000 ]       41   0.000% 100.237% 
(   50000,   75000 ]       48   0.000% 100.237% 
(   75000,  110000 ]       55   0.000% 100.237% 
(  110000,  170000 ]       37   0.000% 100.237% 
(  170000,  250000 ]        5   0.000% 100.237% 
(  250000,  380000 ]        4   0.000% 100.237% 
(  860000, 1200000 ]        4   0.000% 100.237% 
( 1900000, 2900000 ]        5   0.000% 100.238% 
( 2900000, 4300000 ]        1   0.000% 100.238% 

** Level 1 read latency histogram (micros):
Count: 42335520 Average: 1.5714  StdDev: 85.18
Min: 0  Median: 0.8688  Max: 147837
Percentiles: P50: 0.87 P75: 1.48 P99: 2.94 P99.9: 3.74 P99.99: 3.86
------------------------------------------------------
[       0,       1 ] 24364377  57.551%  57.551% ############
(       1,       2 ] 15442173  36.476%  94.026% #######
(       2,       3 ]  2249148   5.313%  99.339% #
(       3,       4 ]   321059   0.758% 100.097% 
(       4,       6 ]   120502   0.285% 100.382% 
(       6,      10 ]    61658   0.146% 100.528% 
(      10,      15 ]    15069   0.036% 100.563% 
(      15,      22 ]     9015   0.021% 100.585% 
(      22,      34 ]      928   0.002% 100.587% 
(      34,      51 ]      335   0.001% 100.588% 
(      51,      76 ]     1001   0.002% 100.590% 
(      76,     110 ]     1177   0.003% 100.593% 
(     110,     170 ]      381   0.001% 100.594% 
(     170,     250 ]      117   0.000% 100.594% 
(     250,     380 ]       20   0.000% 100.594% 
(     380,     580 ]        5   0.000% 100.594% 
(     580,     870 ]        4   0.000% 100.594% 
(     870,    1300 ]        2   0.000% 100.594% 
(    1300,    1900 ]        7   0.000% 100.594% 
(    1900,    2900 ]        1   0.000% 100.594% 
(    2900,    4400 ]        3   0.000% 100.594% 
(   33000,   50000 ]        1   0.000% 100.594% 
(  110000,  170000 ]       14   0.000% 100.594% 

** Level 2 read latency histogram (micros):
Count: 16974023 Average: 42.0812  StdDev: 2989.12
Min: 0  Median: 0.9942  Max: 3481796
Percentiles: P50: 0.99 P75: 1.66 P99: 199.15 P99.9: 761.69 P99.99: 857.34
------------------------------------------------------
[       0,       1 ]  8536750  50.293%  50.293% ##########
(       1,       2 ]  6335892  37.327%  87.620% #######
(       2,       3 ]  1445601   8.517%  96.137% ##
(       3,       4 ]   284140   1.674%  97.811% 
(       4,       6 ]    86157   0.508%  98.318% 
(       6,      10 ]    23562   0.139%  98.457% 
(      10,      15 ]    10523   0.062%  98.519% 
(      15,      22 ]     6476   0.038%  98.557% 
(      22,      34 ]     3367   0.020%  98.577% 
(      34,      51 ]     6162   0.036%  98.613% 
(      51,      76 ]    14881   0.088%  98.701% 
(      76,     110 ]     8531   0.050%  98.751% 
(     110,     170 ]    28802   0.170%  98.921% 
(     170,     250 ]    36888   0.217%  99.138% 
(     250,     380 ]    47528   0.280%  99.418% 
(     380,     580 ]    52775   0.311%  99.729% 
(     580,     870 ]    46317   0.273% 100.002% 
(     870,    1300 ]    32817   0.193% 100.195% 
(    1300,    1900 ]    26847   0.158% 100.353% 
(    1900,    2900 ]    20663   0.122% 100.475% 
(    2900,    4400 ]    10568   0.062% 100.537% 
(    4400,    6600 ]     5657   0.033% 100.571% 
(    6600,    9900 ]     1726   0.010% 100.581% 
(    9900,   14000 ]      550   0.003% 100.584% 
(   14000,   22000 ]      666   0.004% 100.588% 
(   22000,   33000 ]      683   0.004% 100.592% 
(   33000,   50000 ]      756   0.004% 100.597% 
(   50000,   75000 ]      777   0.005% 100.601% 
(   75000,  110000 ]      693   0.004% 100.605% 
(  110000,  170000 ]      604   0.004% 100.609% 
(  170000,  250000 ]      284   0.002% 100.610% 
(  250000,  380000 ]       67   0.000% 100.611% 
(  380000,  570000 ]       16   0.000% 100.611% 
(  570000,  860000 ]        4   0.000% 100.611% 
(  860000, 1200000 ]        3   0.000% 100.611% 
( 1200000, 1900000 ]       14   0.000% 100.611% 
( 1900000, 2900000 ]        8   0.000% 100.611% 
( 2900000, 4300000 ]        2   0.000% 100.611% 


** DB Stats **
Uptime(secs): 1068.6 total, 31.7 interval
Cumulative writes: 54M writes, 54M keys, 6959K commit groups, 7.8 writes per commit group, ingest: 52.98 GB, 50.77 MB/s
Cumulative WAL: 54M writes, 0 syncs, 54407342.00 writes per sync, written: 52.98 GB, 50.77 MB/s
Cumulative stall: 00:15:26.337 H:M:S, 86.7 percent
Interval writes: 1171K writes, 1171K keys, 151K commit groups, 7.7 writes per commit group, ingest: 1167.94 MB, 36.86 MB/s
Interval WAL: 1171K writes, 0 syncs, 1171319.00 writes per sync, written: 1.14 GB, 36.86 MB/s
Interval stall: 00:00:24.845 H:M:S, 78.4 percent
Write Stall (count): write-buffer-manager-limit-stops: 0
num-running-compactions: 18
num-running-flushes: 0

2026/08/31-10:31:39  ... thread 14: (73000,3398000) ops and (2304.1,3179.9) ops/second in (31.683221,1068.585634) seconds
2026/08/31-10:31:39  ... thread 7: (74000,3399000) ops and (2334.4,3180.8) ops/second in (31.700394,1068.588442) seconds
2026/08/31-10:31:39  ... thread 13: (74000,3399000) ops and (2333.8,3180.8) ops/second in (31.707360,1068.589699) seconds
2026/08/31-10:31:39  ... thread 10: (55000,3402000) ops and (1824.7,3183.6) ops/second in (30.141917,1068.594225) seconds
2026/08/31-10:31:39  ... thread 3: (54000,3398000) ops and (1793.0,3179.9) ops/second in (30.117556,1068.596391) seconds
2026/08/31-10:31:50  ... thread 11: (83000,3450000) ops and (2693.9,3193.0) ops/second in (30.810742,1080.482972) seconds
2026/08/31-10:31:50  ... thread 8: (83000,3450000) ops and (2692.2,3193.0) ops/second in (30.830068,1080.504278) seconds
2026/08/31-10:31:50  ... thread 2: (84000,3451000) ops and (2722.7,3193.9) ops/second in (30.851668,1080.511838) seconds
2026/08/31-10:32:09  ... thread 9: (88000,3488000) ops and (2917.2,3174.6) ops/second in (30.165434,1098.736201) seconds
2026/08/31-10:32:09  ... thread 13: (88000,3487000) ops and (2872.4,3172.2) ops/second in (30.636372,1099.226071) seconds
2026/08/31-10:32:09  ... thread 7: (88000,3487000) ops and (2872.0,3172.2) ops/second in (30.641050,1099.229492) seconds
2026/08/31-10:32:09  ... thread 5: (88000,3487000) ops and (2869.4,3172.2) ops/second in (30.667943,1099.249706) seconds
2026/08/31-10:32:09  ... thread 10: (88000,3490000) ops and (2855.8,3174.4) ops/second in (30.814489,1099.408714) seconds
2026/08/31-10:32:09  ... thread 3: (88000,3486000) ops and (2843.2,3170.4) ops/second in (30.950749,1099.547140) seconds
2026/08/31-10:32:10  ... thread 1: (89000,3489000) ops and (2849.5,3172.4) ops/second in (31.233633,1099.803352) seconds
2026/08/31-10:32:10  ... thread 4: (89000,3490000) ops and (2847.6,3173.2) ops/second in (31.254527,1099.819525) seconds
2026/08/31-10:32:10  ... thread 15: (89000,3489000) ops and (2800.2,3170.8) ops/second in (31.783113,1100.363517) seconds
2026/08/31-10:32:10  ... thread 12: (89000,3494000) ops and (2787.2,3174.9) ops/second in (31.932059,1100.505564) seconds
2026/08/31-10:32:10  ... thread 6: (89000,3490000) ops and (2787.4,3171.3) ops/second in (31.929342,1100.508313) seconds
2026/08/31-10:32:10  ... thread 14: (89000,3487000) ops and (2788.0,3168.5) ops/second in (31.923056,1100.508690) seconds
2026/08/31-10:32:10  ... thread 0: (89000,3487000) ops and (2787.8,3168.5) ops/second in (31.925339,1100.510071) seconds

** Compaction Stats [default] **
Level    Files   Size     Score Read(GB)  Rn(GB) Rnp1(GB) Write(GB) WPreComp(GB) Wnew(GB) Moved(GB) W-Amp Rd(MB/s) Wr(MB/s) Comp(sec) CompMergeCPU(sec) Comp(cnt) Avg(sec) KeyIn KeyDrop Rblob(GB) Wblob(GB)
-------------------------------------------------------------------------------------------------------------------------------------------------------------------------------------------------------------
  L0     11/8      2.30 GB   0.5     40.2     0.0     40.2      95.0      95.0     54.8       0.0   1.7     19.9     47.1   2066.65            201.42       995    2.077     96M    85K       0.0       0.0
  L1     92/17     5.51 GB   1.1    179.6    52.5    127.1     177.2     177.2     50.1       0.0   3.4    336.2    331.7    546.92            566.77        37   14.782    182M  2406K       0.0       0.0
  L2    680/66    37.43 GB   0.8    117.2    36.9     80.3     110.1     110.1     29.7       7.7   3.0     22.3     20.9   5389.28            438.54       583    9.244    119M  7269K       0.0       0.0
 Sum    783/91    45.23 GB   0.0    337.0    89.3    247.7     382.3     382.3    134.6       7.7   7.0     43.1     48.9   8002.84           1206.73      1615    4.955    398M  9761K       0.0       0.0
 Int      0/0      0.00 KB   0.0      5.9     1.1      4.8       6.3       6.3      1.5       0.0   8.6     15.4     16.4    392.20             33.25        34   11.535   6763K   385K       0.0       0.0

** Compaction Stats [default] **
Priority    Files   Size     Score Read(GB)  Rn(GB) Rnp1(GB) Write(GB) WPreComp(GB) Wnew(GB) Moved(GB) W-Amp Rd(MB/s) Wr(MB/s) Comp(sec) CompMergeCPU(sec) Comp(cnt) Avg(sec) KeyIn KeyDrop Rblob(GB) Wblob(GB)
----------------------------------------------------------------------------------------------------------------------------------------------------------------------------------------------------------------
 Low      0/0      0.00 KB   0.0    337.0    89.3    247.7     327.4     327.4     79.7       0.0   0.0     53.7     52.2   6424.05           1110.01       710    9.048    342M  9761K       0.0       0.0
High      0/0      0.00 KB   0.0      0.0     0.0      0.0      54.8      54.8     54.8       0.0   0.0      0.0     35.6   1578.79             96.72       905    1.745     55M      0       0.0       0.0

Blob file count: 0, total size: 0.0 GB, garbage size: 0.0 GB, space amp: 0.0

Uptime(secs): 1100.5 total, 15.7 interval
Flush(GB): cumulative 54.848, interval 0.729
AddFile(GB): cumulative 0.000, interval 0.000
AddFile(Total Files): cumulative 0, interval 0
AddFile(L0 Files): cumulative 0, interval 0
AddFile(Keys): cumulative 0, interval 0
Cumulative compaction: 382.26 GB write, 355.68 MB/s write, 337.02 GB read, 313.59 MB/s read, 8002.8 seconds
Interval compaction: 6.27 GB write, 409.49 MB/s write, 5.92 GB read, 386.60 MB/s read, 392.2 seconds
Estimated pending compaction bytes: 32057004324
Write Stall (count): cf-l0-file-count-limit-delays-with-ongoing-compaction: 45, cf-l0-file-count-limit-stops-with-ongoing-compaction: 0, l0-file-count-limit-delays: 45, l0-file-count-limit-stops: 0, memtable-limit-delays: 0, memtable-limit-stops: 740, pending-compaction-bytes-delays: 0, pending-compaction-bytes-stops: 0, total-delays: 45, total-stops: 740
interval: 15 total count
Block cache AutoHyperClockCache@0x6499b23c82d0#2259139 capacity: 512.00 MB seed: 1 usage: 13.50 MB table_size: 6002 occupancy: 3208 collections: 7 last_copies: 0 last_secs: 0.000508 secs_since: 15
Block cache entry stats(count,size,portion): Misc(3208,13.14 MB,2.5661%)

** File Read Latency Histogram By Level [default] **
** Level 0 read latency histogram (micros):
Count: 23572423 Average: 3.3963  StdDev: 1722.66
Min: 0  Median: 0.9269  Max: 4398822
Percentiles: P50: 0.93 P75: 1.54 P99: 2.99 P99.9: 4.81 P99.99: 5.52
------------------------------------------------------
[       0,       1 ] 12716107  53.945%  53.945% ###########
(       1,       2 ]  9131983  38.740%  92.685% ########
(       2,       3 ]  1508725   6.400%  99.085% #
(       3,       4 ]   167680   0.711%  99.797% 
(       4,       6 ]    59775   0.254% 100.050% 
(       6,      10 ]    27839   0.118% 100.168% 
(      10,      15 ]     8568   0.036% 100.205% 
(      15,      22 ]     4773   0.020% 100.225% 
(      22,      34 ]      398   0.002% 100.227% 
(      34,      51 ]       68   0.000% 100.227% 
(      51,      76 ]      339   0.001% 100.228% 
(      76,     110 ]      639   0.003% 100.231% 
(     110,     170 ]       23   0.000% 100.231% 
(     170,     250 ]       16   0.000% 100.231% 
(     250,     380 ]       19   0.000% 100.231% 
(     380,     580 ]       31   0.000% 100.231% 
(     580,     870 ]       25   0.000% 100.232% 
(     870,    1300 ]        6   0.000% 100.232% 
(    1300,    1900 ]       14   0.000% 100.232% 
(    1900,    2900 ]       28   0.000% 100.232% 
(    2900,    4400 ]       15   0.000% 100.232% 
(    4400,    6600 ]        4   0.000% 100.232% 
(    6600,    9900 ]        5   0.000% 100.232% 
(    9900,   14000 ]        5   0.000% 100.232% 
(   14000,   22000 ]        8   0.000% 100.232% 
(   22000,   33000 ]       24   0.000% 100.232% 
(   33000,   50000 ]       41   0.000% 100.232% 
(   50000,   75000 ]       48   0.000% 100.232% 
(   75000,  110000 ]       57   0.000% 100.233% 
(  110000,  170000 ]       38   0.000% 100.233% 
(  170000,  250000 ]        5   0.000% 100.233% 
(  250000,  380000 ]        4   0.000% 100.233% 
(  860000, 1200000 ]        4   0.000% 100.233% 
( 1900000, 2900000 ]        5   0.000% 100.233% 
( 2900000, 4300000 ]        1   0.000% 100.233% 
( 4300000, 6500000 ]        1   0.000% 100.233% 

** Level 1 read latency histogram (micros):
Count: 42830214 Average: 1.5824  StdDev: 84.69
Min: 0  Median: 0.8760  Max: 147837
Percentiles: P50: 0.88 P75: 1.49 P99: 2.96 P99.9: 3.83 P99.99: 3.94
------------------------------------------------------
[       0,       1 ] 24445893  57.076%  57.076% ###########
(       1,       2 ] 15638387  36.513%  93.589% #######
(       2,       3 ]  2403810   5.612%  99.201% #
(       3,       4 ]   360441   0.842% 100.043% 
(       4,       6 ]   138468   0.323% 100.366% 
(       6,      10 ]    65635   0.153% 100.519% 
(      10,      15 ]    16079   0.038% 100.557% 
(      15,      22 ]     9888   0.023% 100.580% 
(      22,      34 ]     1026   0.002% 100.582% 
(      34,      51 ]      345   0.001% 100.583% 
(      51,      76 ]     1003   0.002% 100.585% 
(      76,     110 ]     1179   0.003% 100.588% 
(     110,     170 ]      382   0.001% 100.589% 
(     170,     250 ]      117   0.000% 100.589% 
(     250,     380 ]       20   0.000% 100.589% 
(     380,     580 ]        5   0.000% 100.589% 
(     580,     870 ]        4   0.000% 100.589% 
(     870,    1300 ]        2   0.000% 100.589% 
(    1300,    1900 ]        7   0.000% 100.589% 
(    1900,    2900 ]        1   0.000% 100.589% 
(    2900,    4400 ]        3   0.000% 100.589% 
(   33000,   50000 ]        1   0.000% 100.589% 
(  110000,  170000 ]       14   0.000% 100.590% 

** Level 2 read latency histogram (micros):
Count: 18447565 Average: 50.4549  StdDev: 3533.33
Min: 0  Median: 1.0462  Max: 3541438
Percentiles: P50: 1.05 P75: 1.71 P99: 309.17 P99.9: 866.27 P99.99: 1028.55
------------------------------------------------------
[       0,       1 ]  8901495  48.253%  48.253% ##########
(       1,       2 ]  6975679  37.814%  86.067% ########
(       2,       3 ]  1720225   9.325%  95.391% ##
(       3,       4 ]   361069   1.957%  97.349% 
(       4,       6 ]   107885   0.585%  97.934% 
(       6,      10 ]    26737   0.145%  98.078% 
(      10,      15 ]    12588   0.068%  98.147% 
(      15,      22 ]     7863   0.043%  98.189% 
(      22,      34 ]     3606   0.020%  98.209% 
(      34,      51 ]     6702   0.036%  98.245% 
(      51,      76 ]    17294   0.094%  98.339% 
(      76,     110 ]    10389   0.056%  98.395% 
(     110,     170 ]    36403   0.197%  98.593% 
(     170,     250 ]    46780   0.254%  98.846% 
(     250,     380 ]    62364   0.338%  99.184% 
(     380,     580 ]    70668   0.383%  99.567% 
(     580,     870 ]    62183   0.337%  99.904% 
(     870,    1300 ]    42857   0.232% 100.137% 
(    1300,    1900 ]    34279   0.186% 100.323% 
(    1900,    2900 ]    25889   0.140% 100.463% 
(    2900,    4400 ]    13132   0.071% 100.534% 
(    4400,    6600 ]     7147   0.039% 100.573% 
(    6600,    9900 ]     2257   0.012% 100.585% 
(    9900,   14000 ]      731   0.004% 100.589% 
(   14000,   22000 ]      869   0.005% 100.594% 
(   22000,   33000 ]      855   0.005% 100.598% 
(   33000,   50000 ]      943   0.005% 100.603% 
(   50000,   75000 ]     1009   0.005% 100.609% 
(   75000,  110000 ]      909   0.005% 100.614% 
(  110000,  170000 ]      767   0.004% 100.618% 
(  170000,  250000 ]      371   0.002% 100.620% 
(  250000,  380000 ]       89   0.000% 100.621% 
(  380000,  570000 ]       17   0.000% 100.621% 
(  570000,  860000 ]       10   0.000% 100.621% 
(  860000, 1200000 ]       10   0.000% 100.621% 
( 1200000, 1900000 ]       15   0.000% 100.621% 
( 1900000, 2900000 ]       12   0.000% 100.621% 
( 2900000, 4300000 ]        5   0.000% 100.621% 


** DB Stats **
Uptime(secs): 1100.5 total, 15.7 interval
Cumulative writes: 55M writes, 55M keys, 7144K commit groups, 7.8 writes per commit group, ingest: 54.36 GB, 50.58 MB/s
Cumulative WAL: 55M writes, 0 syncs, 55830019.00 writes per sync, written: 54.36 GB, 50.58 MB/s
Cumulative stall: 00:15:51.931 H:M:S, 86.5 percent
Interval writes: 635K writes, 635K keys, 83K commit groups, 7.6 writes per commit group, ingest: 633.22 MB, 40.40 MB/s
Interval WAL: 635K writes, 0 syncs, 635031.00 writes per sync, written: 0.62 GB, 40.40 MB/s
Interval stall: 00:00:16.652 H:M:S, 106.2 percent
Write Stall (count): write-buffer-manager-limit-stops: 0
num-running-compactions: 18
num-running-flushes: 0

2026/08/31-10:32:21  ... thread 8: (78000,3528000) ops and (2575.3,3176.1) ops/second in (30.287617,1110.791895) seconds
2026/08/31-10:32:21  ... thread 11: (79000,3529000) ops and (2606.1,3177.0) ops/second in (30.313856,1110.796828) seconds
2026/08/31-10:32:21  ... thread 2: (78000,3529000) ops and (2575.3,3177.0) ops/second in (30.287287,1110.799125) seconds
2026/08/31-10:32:39  ... thread 9: (120000,3608000) ops and (3994.0,3196.4) ops/second in (30.044946,1128.781147) seconds
2026/08/31-10:32:39  ... thread 7: (131000,3618000) ops and (4365.3,3203.9) ops/second in (30.009295,1129.238787) seconds
2026/08/31-10:32:39  ... thread 13: (131000,3618000) ops and (4364.6,3203.9) ops/second in (30.013995,1129.240066) seconds
2026/08/31-10:32:39  ... thread 5: (132000,3619000) ops and (4397.9,3204.7) ops/second in (30.014430,1129.264136) seconds
2026/08/31-10:32:40  ... thread 3: (134000,3620000) ops and (4370.9,3203.0) ops/second in (30.657226,1130.204366) seconds
2026/08/31-10:32:40  ... thread 1: (134000,3623000) ops and (4407.5,3205.6) ops/second in (30.402459,1130.205811) seconds
2026/08/31-10:32:40  ... thread 10: (134000,3624000) ops and (4350.3,3206.5) ops/second in (30.802672,1130.211386) seconds
2026/08/31-10:32:40  ... thread 4: (135000,3625000) ops and (4439.8,3207.3) ops/second in (30.407105,1130.226630) seconds
2026/08/31-10:32:40  ... thread 15: (141000,3630000) ops and (4698.7,3211.3) ops/second in (30.008416,1130.371933) seconds
2026/08/31-10:32:40  ... thread 14: (142000,3629000) ops and (4724.0,3209.9) ops/second in (30.059589,1130.568279) seconds
2026/08/31-10:32:40  ... thread 6: (142000,3632000) ops and (4723.5,3212.5) ops/second in (30.062591,1130.570904) seconds
2026/08/31-10:32:40  ... thread 0: (142000,3629000) ops and (4723.1,3209.9) ops/second in (30.064781,1130.574852) seconds
2026/08/31-10:32:40  ... thread 12: (142000,3636000) ops and (4722.4,3216.1) ops/second in (30.069636,1130.575200) seconds

** Compaction Stats [default] **
Level    Files   Size     Score Read(GB)  Rn(GB) Rnp1(GB) Write(GB) WPreComp(GB) Wnew(GB) Moved(GB) W-Amp Rd(MB/s) Wr(MB/s) Comp(sec) CompMergeCPU(sec) Comp(cnt) Avg(sec) KeyIn KeyDrop Rblob(GB) Wblob(GB)
-------------------------------------------------------------------------------------------------------------------------------------------------------------------------------------------------------------
  L0     16/4      4.53 GB   1.5     42.6     0.0     42.6      99.6      99.6     57.0       0.0   1.7     20.4     47.7   2139.64            212.23      1039    2.059    101M    88K       0.0       0.0
  L1     66/0      3.94 GB   1.0    179.6    52.5    127.1     177.2     177.2     50.1       0.0   3.4    336.2    331.7    546.92            566.77        37   14.782    182M  2406K       0.0       0.0
  L2    698/0     38.47 GB   1.0    124.6    38.4     86.2     116.9     116.9     30.8       7.7   3.0     21.8     20.5   5849.52            480.74       608    9.621    126M  7808K       0.0       0.0
 Sum    780/4     46.94 GB   0.0    346.8    90.9    255.9     393.7     393.7    137.8       7.7   6.9     41.6     47.2   8536.09           1259.75      1684    5.069    410M    10M       0.0       0.0
 Int      0/0      0.00 KB   0.0     15.7     2.7     12.9      17.7      17.7      4.8       0.0   6.0     17.3     19.6    925.45             86.27       103    8.985     18M   928K       0.0       0.0

** Compaction Stats [default] **
Priority    Files   Size     Score Read(GB)  Rn(GB) Rnp1(GB) Write(GB) WPreComp(GB) Wnew(GB) Moved(GB) W-Amp Rd(MB/s) Wr(MB/s) Comp(sec) CompMergeCPU(sec) Comp(cnt) Avg(sec) KeyIn KeyDrop Rblob(GB) Wblob(GB)
----------------------------------------------------------------------------------------------------------------------------------------------------------------------------------------------------------------
 Low      0/0      0.00 KB   0.0    346.8    90.9    255.9     336.6     336.6     80.8       0.0   0.0     51.4     49.9   6908.70           1158.96       742    9.311    352M    10M       0.0       0.0
High      0/0      0.00 KB   0.0      0.0     0.0      0.0      57.1      57.1     57.1       0.0   0.0      0.0     35.9   1627.39            100.79       942    1.728     58M      0       0.0       0.0

Blob file count: 0, total size: 0.0 GB, garbage size: 0.0 GB, space amp: 0.0

Uptime(secs): 1130.6 total, 45.7 interval
Flush(GB): cumulative 57.085, interval 2.966
AddFile(GB): cumulative 0.000, interval 0.000
AddFile(Total Files): cumulative 0, interval 0
AddFile(L0 Files): cumulative 0, interval 0
AddFile(Keys): cumulative 0, interval 0
Cumulative compaction: 393.70 GB write, 356.58 MB/s write, 346.76 GB read, 314.07 MB/s read, 8536.1 seconds
Interval compaction: 17.71 GB write, 396.53 MB/s write, 15.66 GB read, 350.55 MB/s read, 925.4 seconds
Estimated pending compaction bytes: 35678582307
Write Stall (count): cf-l0-file-count-limit-delays-with-ongoing-compaction: 46, cf-l0-file-count-limit-stops-with-ongoing-compaction: 0, l0-file-count-limit-delays: 46, l0-file-count-limit-stops: 0, memtable-limit-delays: 0, memtable-limit-stops: 765, pending-compaction-bytes-delays: 0, pending-compaction-bytes-stops: 0, total-delays: 46, total-stops: 765
interval: 41 total count
Block cache AutoHyperClockCache@0x6499b23c82d0#2259139 capacity: 512.00 MB seed: 1 usage: 13.50 MB table_size: 6002 occupancy: 3208 collections: 7 last_copies: 0 last_secs: 0.000508 secs_since: 45
Block cache entry stats(count,size,portion): Misc(3208,13.14 MB,2.5661%)

** File Read Latency Histogram By Level [default] **
** Level 0 read latency histogram (micros):
Count: 24088719 Average: 3.4458  StdDev: 1731.64
Min: 0  Median: 0.9231  Max: 4398822
Percentiles: P50: 0.92 P75: 1.54 P99: 2.99 P99.9: 4.85 P99.99: 5.56
------------------------------------------------------
[       0,       1 ] 13047400  54.164%  54.164% ###########
(       1,       2 ]  9292042  38.574%  92.738% ########
(       2,       3 ]  1528997   6.347%  99.086% #
(       3,       4 ]   170483   0.708%  99.793% 
(       4,       6 ]    60834   0.253% 100.046% 
(       6,      10 ]    28313   0.118% 100.163% 
(      10,      15 ]     8739   0.036% 100.200% 
(      15,      22 ]     4867   0.020% 100.220% 
(      22,      34 ]      407   0.002% 100.222% 
(      34,      51 ]       69   0.000% 100.222% 
(      51,      76 ]      348   0.001% 100.223% 
(      76,     110 ]      666   0.003% 100.226% 
(     110,     170 ]       26   0.000% 100.226% 
(     170,     250 ]       17   0.000% 100.226% 
(     250,     380 ]       22   0.000% 100.226% 
(     380,     580 ]       33   0.000% 100.226% 
(     580,     870 ]       25   0.000% 100.227% 
(     870,    1300 ]        6   0.000% 100.227% 
(    1300,    1900 ]       15   0.000% 100.227% 
(    1900,    2900 ]       30   0.000% 100.227% 
(    2900,    4400 ]       15   0.000% 100.227% 
(    4400,    6600 ]        4   0.000% 100.227% 
(    6600,    9900 ]        5   0.000% 100.227% 
(    9900,   14000 ]        5   0.000% 100.227% 
(   14000,   22000 ]       10   0.000% 100.227% 
(   22000,   33000 ]       25   0.000% 100.227% 
(   33000,   50000 ]       43   0.000% 100.227% 
(   50000,   75000 ]       50   0.000% 100.227% 
(   75000,  110000 ]       59   0.000% 100.228% 
(  110000,  170000 ]       40   0.000% 100.228% 
(  170000,  250000 ]        5   0.000% 100.228% 
(  250000,  380000 ]        4   0.000% 100.228% 
(  860000, 1200000 ]        4   0.000% 100.228% 
( 1200000, 1900000 ]        1   0.000% 100.228% 
( 1900000, 2900000 ]        5   0.000% 100.228% 
( 2900000, 4300000 ]        1   0.000% 100.228% 
( 4300000, 6500000 ]        1   0.000% 100.228% 

** Level 1 read latency histogram (micros):
Count: 43158940 Average: 1.5900  StdDev: 84.36
Min: 0  Median: 0.8812  Max: 147837
Percentiles: P50: 0.88 P75: 1.50 P99: 2.98 P99.9: 3.88 P99.99: 3.98
------------------------------------------------------
[       0,       1 ] 24488463  56.740%  56.740% ###########
(       1,       2 ] 15775118  36.551%  93.291% #######
(       2,       3 ]  2511666   5.820%  99.111% #
(       3,       4 ]   386813   0.896% 100.007% 
(       4,       6 ]   150050   0.348% 100.355% 
(       6,      10 ]    68470   0.159% 100.514% 
(      10,      15 ]    16784   0.039% 100.552% 
(      15,      22 ]    10452   0.024% 100.577% 
(      22,      34 ]     1084   0.003% 100.579% 
(      34,      51 ]      349   0.001% 100.580% 
(      51,      76 ]     1004   0.002% 100.582% 
(      76,     110 ]     1179   0.003% 100.585% 
(     110,     170 ]      383   0.001% 100.586% 
(     170,     250 ]      117   0.000% 100.586% 
(     250,     380 ]       20   0.000% 100.586% 
(     380,     580 ]        5   0.000% 100.586% 
(     580,     870 ]        4   0.000% 100.586% 
(     870,    1300 ]        2   0.000% 100.586% 
(    1300,    1900 ]        7   0.000% 100.586% 
(    1900,    2900 ]        1   0.000% 100.586% 
(    2900,    4400 ]        3   0.000% 100.586% 
(   33000,   50000 ]        1   0.000% 100.586% 
(  110000,  170000 ]       14   0.000% 100.586% 

** Level 2 read latency histogram (micros):
Count: 19636489 Average: 55.8054  StdDev: 3721.87
Min: 0  Median: 1.0876  Max: 3541438
Percentiles: P50: 1.09 P75: 1.74 P99: 373.62 P99.9: 991.86 P99.99: 1140.78
------------------------------------------------------
[       0,       1 ]  9160544  46.651%  46.651% #########
(       1,       2 ]  7507879  38.234%  84.885% ########
(       2,       3 ]  1951601   9.939%  94.824% ##
(       3,       4 ]   419523   2.136%  96.960% 
(       4,       6 ]   125721   0.640%  97.600% 
(       6,      10 ]    29429   0.150%  97.750% 
(      10,      15 ]    14367   0.073%  97.823% 
(      15,      22 ]     8884   0.045%  97.869% 
(      22,      34 ]     4338   0.022%  97.891% 
(      34,      51 ]     8228   0.042%  97.933% 
(      51,      76 ]    21132   0.108%  98.040% 
(      76,     110 ]    12541   0.064%  98.104% 
(     110,     170 ]    45253   0.230%  98.334% 
(     170,     250 ]    58069   0.296%  98.630% 
(     250,     380 ]    76364   0.389%  99.019% 
(     380,     580 ]    84651   0.431%  99.450% 
(     580,     870 ]    73868   0.376%  99.826% 
(     870,    1300 ]    51028   0.260% 100.086% 
(    1300,    1900 ]    40841   0.208% 100.294% 
(    1900,    2900 ]    30826   0.157% 100.451% 
(    2900,    4400 ]    15407   0.078% 100.530% 
(    4400,    6600 ]     8557   0.044% 100.573% 
(    6600,    9900 ]     2744   0.014% 100.587% 
(    9900,   14000 ]      857   0.004% 100.592% 
(   14000,   22000 ]      971   0.005% 100.597% 
(   22000,   33000 ]      994   0.005% 100.602% 
(   33000,   50000 ]     1074   0.005% 100.607% 
(   50000,   75000 ]     1153   0.006% 100.613% 
(   75000,  110000 ]     1059   0.005% 100.618% 
(  110000,  170000 ]      919   0.005% 100.623% 
(  170000,  250000 ]      429   0.002% 100.625% 
(  250000,  380000 ]      115   0.001% 100.626% 
(  380000,  570000 ]       26   0.000% 100.626% 
(  570000,  860000 ]       10   0.000% 100.626% 
(  860000, 1200000 ]       10   0.000% 100.626% 
( 1200000, 1900000 ]       16   0.000% 100.626% 
( 1900000, 2900000 ]       15   0.000% 100.626% 
( 2900000, 4300000 ]        6   0.000% 100.626% 


** DB Stats **
Uptime(secs): 1130.6 total, 30.1 interval
Cumulative writes: 58M writes, 58M keys, 7435K commit groups, 7.8 writes per commit group, ingest: 56.57 GB, 51.24 MB/s
Cumulative WAL: 58M writes, 0 syncs, 58099256.00 writes per sync, written: 56.57 GB, 51.24 MB/s
Cumulative stall: 00:16:17.215 H:M:S, 86.4 percent
Interval writes: 2269K writes, 2269K keys, 290K commit groups, 7.8 writes per commit group, ingest: 2262.66 MB, 75.26 MB/s
Interval WAL: 2269K writes, 0 syncs, 2269237.00 writes per sync, written: 2.21 GB, 75.26 MB/s
Interval stall: 00:00:25.283 H:M:S, 84.1 percent
Write Stall (count): write-buffer-manager-limit-stops: 0
num-running-compactions: 1
num-running-flushes: 1

2026/08/31-10:32:52  ... thread 11: (158000,3687000) ops and (5111.4,3229.4) ops/second in (30.911487,1141.708315) seconds
2026/08/31-10:32:52  ... thread 2: (158000,3687000) ops and (5006.1,3227.5) ops/second in (31.561282,1142.360407) seconds
2026/08/31-10:32:52  ... thread 8: (158000,3686000) ops and (4976.9,3226.1) ops/second in (31.746653,1142.538548) seconds
2026/08/31-10:33:09  ... thread 9: (84000,3692000) ops and (2760.6,3184.9) ops/second in (30.428654,1159.209801) seconds
2026/08/31-10:33:09  ... thread 13: (74000,3692000) ops and (2465.9,3184.8) ops/second in (30.009830,1159.249896) seconds
2026/08/31-10:33:09  ... thread 7: (74000,3692000) ops and (2465.6,3184.8) ops/second in (30.013057,1159.251844) seconds
2026/08/31-10:33:09  ... thread 5: (74000,3693000) ops and (2465.3,3185.6) ops/second in (30.016583,1159.280719) seconds
2026/08/31-10:33:17  ... thread 15: (81000,3711000) ops and (2198.6,3179.4) ops/second in (36.840919,1167.212852) seconds
2026/08/31-10:33:17  ... thread 14: (81000,3710000) ops and (2210.3,3178.5) ops/second in (36.646234,1167.214513) seconds
2026/08/31-10:33:17  ... thread 3: (89000,3709000) ops and (2404.7,3177.6) ops/second in (37.011520,1167.215886) seconds
2026/08/31-10:33:17  ... thread 1: (89000,3712000) ops and (2404.7,3180.2) ops/second in (37.011191,1167.217002) seconds
2026/08/31-10:33:17  ... thread 6: (81000,3713000) ops and (2210.0,3181.1) ops/second in (36.651881,1167.222785) seconds
2026/08/31-10:33:17  ... thread 0: (81000,3710000) ops and (2209.8,3178.5) ops/second in (36.654934,1167.229786) seconds

** Compaction Stats [default] **
Level    Files   Size     Score Read(GB)  Rn(GB) Rnp1(GB) Write(GB) WPreComp(GB) Wnew(GB) Moved(GB) W-Amp Rd(MB/s) Wr(MB/s) Comp(sec) CompMergeCPU(sec) Comp(cnt) Avg(sec) KeyIn KeyDrop Rblob(GB) Wblob(GB)
-------------------------------------------------------------------------------------------------------------------------------------------------------------------------------------------------------------
  L0     13/0    804.99 MB   1.6     43.3     0.0     43.3     101.6     101.6     58.3       0.0   1.7     20.4     47.8   2175.70            216.49      1063    2.047    103M    89K       0.0       0.0
  L1    147/18     8.65 GB   1.9    188.5    57.5    131.0     185.8     185.8     54.8       0.0   3.2    337.0    332.2    572.90            595.82        38   15.076    191M  2713K       0.0       0.0
  L2    698/44    38.47 GB   0.9    124.6    38.4     86.2     116.9     116.9     30.8       7.7   3.0     21.8     20.5   5849.52            480.74       608    9.621    126M  7808K       0.0       0.0
 Sum    858/62    47.90 GB   0.0    356.4    95.9    260.5     404.3     404.3    143.8       7.7   6.9     42.5     48.2   8598.12           1293.06      1709    5.031    422M    10M       0.0       0.0
 Int      0/0      0.00 KB   0.0      9.0     5.0      3.9       9.1       9.1      5.1       0.0  21.5    230.5    233.5     39.77             29.88         8    4.972   9538K   307K       0.0       0.0

** Compaction Stats [default] **
Priority    Files   Size     Score Read(GB)  Rn(GB) Rnp1(GB) Write(GB) WPreComp(GB) Wnew(GB) Moved(GB) W-Amp Rd(MB/s) Wr(MB/s) Comp(sec) CompMergeCPU(sec) Comp(cnt) Avg(sec) KeyIn KeyDrop Rblob(GB) Wblob(GB)
----------------------------------------------------------------------------------------------------------------------------------------------------------------------------------------------------------------
 Low      0/0      0.00 KB   0.0    356.4    95.9    260.5     346.0     346.0     85.5       0.0   0.0     52.6     51.1   6938.37           1189.97       746    9.301    362M    10M       0.0       0.0
High      0/0      0.00 KB   0.0      0.0     0.0      0.0      58.4      58.4     58.4       0.0   0.0      0.0     36.0   1659.76            103.09       963    1.724     59M      0       0.0       0.0

Blob file count: 0, total size: 0.0 GB, garbage size: 0.0 GB, space amp: 0.0

Uptime(secs): 1167.2 total, 22.4 interval
Flush(GB): cumulative 58.357, interval 0.423
AddFile(GB): cumulative 0.000, interval 0.000
AddFile(Total Files): cumulative 0, interval 0
AddFile(L0 Files): cumulative 0, interval 0
AddFile(Keys): cumulative 0, interval 0
Cumulative compaction: 404.35 GB write, 354.73 MB/s write, 356.44 GB read, 312.70 MB/s read, 8598.1 seconds
Interval compaction: 9.07 GB write, 415.00 MB/s write, 8.95 GB read, 409.55 MB/s read, 39.8 seconds
Estimated pending compaction bytes: 39758447239
Write Stall (count): cf-l0-file-count-limit-delays-with-ongoing-compaction: 49, cf-l0-file-count-limit-stops-with-ongoing-compaction: 0, l0-file-count-limit-delays: 49, l0-file-count-limit-stops: 0, memtable-limit-delays: 0, memtable-limit-stops: 776, pending-compaction-bytes-delays: 0, pending-compaction-bytes-stops: 0, total-delays: 49, total-stops: 776
interval: 6 total count
Block cache AutoHyperClockCache@0x6499b23c82d0#2259139 capacity: 512.00 MB seed: 1 usage: 13.50 MB table_size: 6002 occupancy: 3208 collections: 7 last_copies: 1 last_secs: 0.000508 secs_since: 82
Block cache entry stats(count,size,portion): Misc(3208,13.14 MB,2.5661%)

** File Read Latency Histogram By Level [default] **
** Level 0 read latency histogram (micros):
Count: 25480966 Average: 3.4438  StdDev: 1741.08
Min: 0  Median: 0.9336  Max: 4398822
Percentiles: P50: 0.93 P75: 1.55 P99: 2.99 P99.9: 4.64 P99.99: 5.32
------------------------------------------------------
[       0,       1 ] 13646790  53.557%  53.557% ###########
(       1,       2 ]  9944764  39.028%  92.585% ########
(       2,       3 ]  1655823   6.498%  99.083% #
(       3,       4 ]   186825   0.733%  99.816% 
(       4,       6 ]    66880   0.262% 100.079% 
(       6,      10 ]    30467   0.120% 100.199% 
(      10,      15 ]     9676   0.038% 100.236% 
(      15,      22 ]     5393   0.021% 100.258% 
(      22,      34 ]      430   0.002% 100.259% 
(      34,      51 ]       75   0.000% 100.260% 
(      51,      76 ]      355   0.001% 100.261% 
(      76,     110 ]      683   0.003% 100.264% 
(     110,     170 ]       26   0.000% 100.264% 
(     170,     250 ]       17   0.000% 100.264% 
(     250,     380 ]       25   0.000% 100.264% 
(     380,     580 ]       33   0.000% 100.264% 
(     580,     870 ]       25   0.000% 100.264% 
(     870,    1300 ]        6   0.000% 100.264% 
(    1300,    1900 ]       15   0.000% 100.264% 
(    1900,    2900 ]       30   0.000% 100.264% 
(    2900,    4400 ]       15   0.000% 100.264% 
(    4400,    6600 ]        4   0.000% 100.264% 
(    6600,    9900 ]        6   0.000% 100.264% 
(    9900,   14000 ]        5   0.000% 100.265% 
(   14000,   22000 ]       11   0.000% 100.265% 
(   22000,   33000 ]       25   0.000% 100.265% 
(   33000,   50000 ]       45   0.000% 100.265% 
(   50000,   75000 ]       50   0.000% 100.265% 
(   75000,  110000 ]       59   0.000% 100.265% 
(  110000,  170000 ]       40   0.000% 100.265% 
(  170000,  250000 ]        5   0.000% 100.265% 
(  250000,  380000 ]        4   0.000% 100.265% 
(  860000, 1200000 ]        4   0.000% 100.265% 
( 1200000, 1900000 ]        1   0.000% 100.265% 
( 1900000, 2900000 ]        6   0.000% 100.266% 
( 2900000, 4300000 ]        1   0.000% 100.266% 
( 4300000, 6500000 ]        1   0.000% 100.266% 

** Level 1 read latency histogram (micros):
Count: 44266350 Average: 1.5899  StdDev: 83.30
Min: 0  Median: 0.8820  Max: 147837
Percentiles: P50: 0.88 P75: 1.50 P99: 2.98 P99.9: 3.89 P99.99: 3.99
------------------------------------------------------
[       0,       1 ] 25094428  56.690%  56.690% ###########
(       1,       2 ] 16189964  36.574%  93.264% #######
(       2,       3 ]  2582818   5.835%  99.098% #
(       3,       4 ]   398609   0.900%  99.999% 
(       4,       6 ]   154706   0.349% 100.348% 
(       6,      10 ]    70493   0.159% 100.508% 
(      10,      15 ]    17488   0.040% 100.547% 
(      15,      22 ]    10932   0.025% 100.572% 
(      22,      34 ]     1102   0.002% 100.574% 
(      34,      51 ]      353   0.001% 100.575% 
(      51,      76 ]     1058   0.002% 100.577% 
(      76,     110 ]     1260   0.003% 100.580% 
(     110,     170 ]      390   0.001% 100.581% 
(     170,     250 ]      117   0.000% 100.581% 
(     250,     380 ]       20   0.000% 100.581% 
(     380,     580 ]        5   0.000% 100.581% 
(     580,     870 ]        4   0.000% 100.581% 
(     870,    1300 ]        2   0.000% 100.581% 
(    1300,    1900 ]        7   0.000% 100.581% 
(    1900,    2900 ]        1   0.000% 100.581% 
(    2900,    4400 ]        3   0.000% 100.582% 
(   33000,   50000 ]        1   0.000% 100.582% 
(  110000,  170000 ]       14   0.000% 100.582% 

** Level 2 read latency histogram (micros):
Count: 19967429 Average: 57.7342  StdDev: 3844.05
Min: 0  Median: 1.0941  Max: 3571420
Percentiles: P50: 1.09 P75: 1.75 P99: 380.18 P99.9: 1002.03 P99.99: 1148.26
------------------------------------------------------
[       0,       1 ]  9264248  46.397%  46.397% #########
(       1,       2 ]  7648758  38.306%  84.703% ########
(       2,       3 ]  1998966  10.011%  94.714% ##
(       3,       4 ]   432362   2.165%  96.879% 
(       4,       6 ]   129262   0.647%  97.527% 
(       6,      10 ]    30085   0.151%  97.677% 
(      10,      15 ]    14741   0.074%  97.751% 
(      15,      22 ]     9093   0.046%  97.797% 
(      22,      34 ]     4356   0.022%  97.819% 
(      34,      51 ]     8615   0.043%  97.862% 
(      51,      76 ]    22154   0.111%  97.973% 
(      76,     110 ]    13155   0.066%  98.039% 
(     110,     170 ]    48864   0.245%  98.283% 
(     170,     250 ]    62170   0.311%  98.595% 
(     250,     380 ]    80850   0.405%  99.000% 
(     380,     580 ]    87528   0.438%  99.438% 
(     580,     870 ]    76033   0.381%  99.819% 
(     870,    1300 ]    52845   0.265% 100.083% 
(    1300,    1900 ]    42165   0.211% 100.295% 
(    1900,    2900 ]    31695   0.159% 100.453% 
(    2900,    4400 ]    15824   0.079% 100.533% 
(    4400,    6600 ]     8790   0.044% 100.577% 
(    6600,    9900 ]     2817   0.014% 100.591% 
(    9900,   14000 ]      894   0.004% 100.595% 
(   14000,   22000 ]     1012   0.005% 100.600% 
(   22000,   33000 ]     1037   0.005% 100.605% 
(   33000,   50000 ]     1125   0.006% 100.611% 
(   50000,   75000 ]     1212   0.006% 100.617% 
(   75000,  110000 ]     1110   0.006% 100.623% 
(  110000,  170000 ]      982   0.005% 100.628% 
(  170000,  250000 ]      471   0.002% 100.630% 
(  250000,  380000 ]      131   0.001% 100.631% 
(  380000,  570000 ]       28   0.000% 100.631% 
(  570000,  860000 ]       10   0.000% 100.631% 
(  860000, 1200000 ]       10   0.000% 100.631% 
( 1200000, 1900000 ]       16   0.000% 100.631% 
( 1900000, 2900000 ]       16   0.000% 100.631% 
( 2900000, 4300000 ]        7   0.000% 100.631% 


** DB Stats **
Uptime(secs): 1167.2 total, 22.4 interval
Cumulative writes: 59M writes, 59M keys, 7607K commit groups, 7.8 writes per commit group, ingest: 57.83 GB, 50.74 MB/s
Cumulative WAL: 59M writes, 0 syncs, 59393178.00 writes per sync, written: 57.83 GB, 50.74 MB/s
Cumulative stall: 00:16:45.264 H:M:S, 86.1 percent
Interval writes: 410K writes, 410K keys, 58K commit groups, 7.1 writes per commit group, ingest: 409.50 MB, 18.30 MB/s
Interval WAL: 410K writes, 0 syncs, 410622.00 writes per sync, written: 0.40 GB, 18.30 MB/s
Interval stall: 00:00:16.430 H:M:S, 73.4 percent
Write Stall (count): write-buffer-manager-limit-stops: 0
num-running-compactions: 18
num-running-flushes: 0

2026/08/31-10:33:17  ... thread 4: (89000,3714000) ops and (2404.9,3181.9) ops/second in (37.007194,1167.233824) seconds
2026/08/31-10:33:17  ... thread 12: (81000,3717000) ops and (2209.5,3184.4) ops/second in (36.660387,1167.235587) seconds
2026/08/31-10:33:17  ... thread 10: (89000,3713000) ops and (2403.7,3181.0) ops/second in (37.026509,1167.237895) seconds
2026/08/31-10:33:22  ... thread 11: (54000,3741000) ops and (1790.3,3192.3) ops/second in (30.163152,1171.871467) seconds
2026/08/31-10:33:23  ... thread 8: (54000,3740000) ops and (1793.6,3189.4) ops/second in (30.106257,1172.644805) seconds
2026/08/31-10:33:24  ... thread 2: (55000,3742000) ops and (1729.0,3186.9) ops/second in (31.810208,1174.170615) seconds
2026/08/31-10:33:39  ... thread 5: (70000,3763000) ops and (2323.1,3163.7) ops/second in (30.132685,1189.413404) seconds
2026/08/31-10:33:39  ... thread 13: (72000,3764000) ops and (2383.7,3164.5) ops/second in (30.205146,1189.455042) seconds
2026/08/31-10:33:39  ... thread 9: (74000,3766000) ops and (2446.6,3166.2) ops/second in (30.246375,1189.456176) seconds
2026/08/31-10:33:39  ... thread 7: (72000,3764000) ops and (2382.9,3164.4) ops/second in (30.215491,1189.467335) seconds
2026/08/31-10:33:47  ... thread 15: (77000,3788000) ops and (2541.3,3163.2) ops/second in (30.299566,1197.512418) seconds
2026/08/31-10:33:47  ... thread 1: (77000,3789000) ops and (2541.6,3164.1) ops/second in (30.295560,1197.512562) seconds
2026/08/31-10:33:47  ... thread 3: (77000,3786000) ops and (2541.2,3161.5) ops/second in (30.300819,1197.516705) seconds
2026/08/31-10:33:47  ... thread 10: (76000,3789000) ops and (2509.8,3164.0) ops/second in (30.281032,1197.518927) seconds
2026/08/31-10:33:47  ... thread 4: (76000,3790000) ops and (2509.1,3164.9) ops/second in (30.289293,1197.523117) seconds
2026/08/31-10:33:47  ... thread 6: (77000,3790000) ops and (2540.7,3164.9) ops/second in (30.306200,1197.528985) seconds
2026/08/31-10:33:47  ... thread 14: (77000,3787000) ops and (2540.0,3162.3) ops/second in (30.314645,1197.529158) seconds
2026/08/31-10:33:47  ... thread 0: (77000,3787000) ops and (2540.9,3162.3) ops/second in (30.303798,1197.533584) seconds

** Compaction Stats [default] **
Level    Files   Size     Score Read(GB)  Rn(GB) Rnp1(GB) Write(GB) WPreComp(GB) Wnew(GB) Moved(GB) W-Amp Rd(MB/s) Wr(MB/s) Comp(sec) CompMergeCPU(sec) Comp(cnt) Avg(sec) KeyIn KeyDrop Rblob(GB) Wblob(GB)
-------------------------------------------------------------------------------------------------------------------------------------------------------------------------------------------------------------
  L0     17/11     1.93 GB   0.8     44.3     0.0     44.3     103.7     103.7     59.4       0.0   1.7     20.5     48.0   2213.42            221.55      1083    2.044    105M    93K       0.0       0.0
  L1    110/17     6.56 GB   1.4    188.5    57.5    131.0     185.8     185.8     54.8       0.0   3.2    337.0    332.2    572.90            595.82        38   15.076    191M  2713K       0.0       0.0
  L2    726/72    39.84 GB   0.9    132.6    40.5     92.1     124.2     124.2     32.1       7.7   3.1     21.5     20.2   6313.93            525.57       645    9.789    134M  8541K       0.0       0.0
 Sum    853/100   48.33 GB   0.0    365.5    98.0    267.4     413.8     413.8    146.3       7.7   7.0     41.1     46.6   9100.25           1342.94      1766    5.153    432M    11M       0.0       0.0
 Int      0/0      0.00 KB   0.0     18.0     7.1     10.9      18.5      18.5      7.6       0.0  11.8     33.9     35.0    541.90             79.76        65    8.337     19M  1043K       0.0       0.0

** Compaction Stats [default] **
Priority    Files   Size     Score Read(GB)  Rn(GB) Rnp1(GB) Write(GB) WPreComp(GB) Wnew(GB) Moved(GB) W-Amp Rd(MB/s) Wr(MB/s) Comp(sec) CompMergeCPU(sec) Comp(cnt) Avg(sec) KeyIn KeyDrop Rblob(GB) Wblob(GB)
----------------------------------------------------------------------------------------------------------------------------------------------------------------------------------------------------------------
 Low      0/0      0.00 KB   0.0    365.5    98.0    267.4     354.3     354.3     86.8       0.0   0.0     50.5     48.9   7415.46           1237.59       784    9.458    371M    11M       0.0       0.0
High      0/0      0.00 KB   0.0      0.0     0.0      0.0      59.5      59.5     59.5       0.0   0.0      0.0     36.2   1684.78            105.34       982    1.716     60M      0       0.0       0.0

Blob file count: 0, total size: 0.0 GB, garbage size: 0.0 GB, space amp: 0.0

Uptime(secs): 1197.5 total, 52.7 interval
Flush(GB): cumulative 59.504, interval 1.569
AddFile(GB): cumulative 0.000, interval 0.000
AddFile(Total Files): cumulative 0, interval 0
AddFile(L0 Files): cumulative 0, interval 0
AddFile(Keys): cumulative 0, interval 0
Cumulative compaction: 413.78 GB write, 353.81 MB/s write, 365.45 GB read, 312.49 MB/s read, 9100.2 seconds
Interval compaction: 18.50 GB write, 359.59 MB/s write, 17.96 GB read, 349.07 MB/s read, 541.9 seconds
Estimated pending compaction bytes: 36532189190
Write Stall (count): cf-l0-file-count-limit-delays-with-ongoing-compaction: 64, cf-l0-file-count-limit-stops-with-ongoing-compaction: 0, l0-file-count-limit-delays: 64, l0-file-count-limit-stops: 0, memtable-limit-delays: 0, memtable-limit-stops: 792, pending-compaction-bytes-delays: 0, pending-compaction-bytes-stops: 0, total-delays: 64, total-stops: 792
interval: 37 total count
Block cache AutoHyperClockCache@0x6499b23c82d0#2259139 capacity: 512.00 MB seed: 1 usage: 13.50 MB table_size: 6002 occupancy: 3208 collections: 7 last_copies: 1 last_secs: 0.000508 secs_since: 112
Block cache entry stats(count,size,portion): Misc(3208,13.14 MB,2.5661%)

** File Read Latency Histogram By Level [default] **
** Level 0 read latency histogram (micros):
Count: 25895418 Average: 3.5473  StdDev: 1819.74
Min: 0  Median: 0.9324  Max: 4398822
Percentiles: P50: 0.93 P75: 1.55 P99: 2.99 P99.9: 4.69 P99.99: 5.37
------------------------------------------------------
[       0,       1 ] 13885829  53.623%  53.623% ###########
(       1,       2 ] 10092827  38.975%  92.598% ########
(       2,       3 ]  1677340   6.477%  99.075% #
(       3,       4 ]   190023   0.734%  99.809% 
(       4,       6 ]    68567   0.265% 100.074% 
(       6,      10 ]    30950   0.120% 100.194% 
(      10,      15 ]     9910   0.038% 100.232% 
(      15,      22 ]     5569   0.022% 100.253% 
(      22,      34 ]      446   0.002% 100.255% 
(      34,      51 ]       76   0.000% 100.255% 
(      51,      76 ]      365   0.001% 100.257% 
(      76,     110 ]      696   0.003% 100.259% 
(     110,     170 ]       27   0.000% 100.260% 
(     170,     250 ]       18   0.000% 100.260% 
(     250,     380 ]       25   0.000% 100.260% 
(     380,     580 ]       33   0.000% 100.260% 
(     580,     870 ]       25   0.000% 100.260% 
(     870,    1300 ]        7   0.000% 100.260% 
(    1300,    1900 ]       16   0.000% 100.260% 
(    1900,    2900 ]       30   0.000% 100.260% 
(    2900,    4400 ]       15   0.000% 100.260% 
(    4400,    6600 ]        6   0.000% 100.260% 
(    6600,    9900 ]        6   0.000% 100.260% 
(    9900,   14000 ]        5   0.000% 100.260% 
(   14000,   22000 ]       11   0.000% 100.260% 
(   22000,   33000 ]       27   0.000% 100.260% 
(   33000,   50000 ]       46   0.000% 100.261% 
(   50000,   75000 ]       50   0.000% 100.261% 
(   75000,  110000 ]       63   0.000% 100.261% 
(  110000,  170000 ]       41   0.000% 100.261% 
(  170000,  250000 ]        5   0.000% 100.261% 
(  250000,  380000 ]        4   0.000% 100.261% 
(  860000, 1200000 ]        4   0.000% 100.261% 
( 1200000, 1900000 ]        1   0.000% 100.261% 
( 1900000, 2900000 ]        6   0.000% 100.261% 
( 2900000, 4300000 ]        2   0.000% 100.261% 
( 4300000, 6500000 ]        1   0.000% 100.261% 

** Level 1 read latency histogram (micros):
Count: 44807159 Average: 1.6019  StdDev: 82.80
Min: 0  Median: 0.8900  Max: 147837
Percentiles: P50: 0.89 P75: 1.51 P99: 3.05 P99.9: 3.96 P99.99: 4.26
------------------------------------------------------
[       0,       1 ] 25173973  56.183%  56.183% ###########
(       1,       2 ] 16398943  36.599%  92.782% #######
(       2,       3 ]  2762598   6.166%  98.947% #
(       3,       4 ]   444519   0.992%  99.939% 
(       4,       6 ]   175435   0.392% 100.331% 
(       6,      10 ]    75223   0.168% 100.499% 
(      10,      15 ]    18640   0.042% 100.540% 
(      15,      22 ]    12006   0.027% 100.567% 
(      22,      34 ]     1217   0.003% 100.570% 
(      34,      51 ]      360   0.001% 100.571% 
(      51,      76 ]     1060   0.002% 100.573% 
(      76,     110 ]     1262   0.003% 100.576% 
(     110,     170 ]      392   0.001% 100.577% 
(     170,     250 ]      117   0.000% 100.577% 
(     250,     380 ]       20   0.000% 100.577% 
(     380,     580 ]        5   0.000% 100.577% 
(     580,     870 ]        4   0.000% 100.577% 
(     870,    1300 ]        2   0.000% 100.577% 
(    1300,    1900 ]        7   0.000% 100.577% 
(    1900,    2900 ]        1   0.000% 100.577% 
(    2900,    4400 ]        3   0.000% 100.577% 
(   33000,   50000 ]        1   0.000% 100.577% 
(  110000,  170000 ]       14   0.000% 100.577% 

** Level 2 read latency histogram (micros):
Count: 21624493 Average: 65.5822  StdDev: 4038.04
Min: 0  Median: 1.1381  Max: 3571420
Percentiles: P50: 1.14 P75: 1.78 P99: 456.73 P99.9: 1117.17 P99.99: 1246.56
------------------------------------------------------
[       0,       1 ]  9657344  44.659%  44.659% #########
(       1,       2 ]  8364452  38.680%  83.340% ########
(       2,       3 ]  2325018  10.752%  94.092% ##
(       3,       4 ]   523101   2.419%  96.511% 
(       4,       6 ]   155513   0.719%  97.230% 
(       6,      10 ]    33622   0.155%  97.385% 
(      10,      15 ]    17254   0.080%  97.465% 
(      15,      22 ]    10815   0.050%  97.515% 
(      22,      34 ]     4608   0.021%  97.536% 
(      34,      51 ]     9354   0.043%  97.580% 
(      51,      76 ]    25121   0.116%  97.696% 
(      76,     110 ]    15108   0.070%  97.766% 
(     110,     170 ]    57219   0.265%  98.030% 
(     170,     250 ]    72811   0.337%  98.367% 
(     250,     380 ]    96491   0.446%  98.813% 
(     380,     580 ]   105348   0.487%  99.300% 
(     580,     870 ]    92513   0.428%  99.728% 
(     870,    1300 ]    64677   0.299% 100.027% 
(    1300,    1900 ]    51151   0.237% 100.264% 
(    1900,    2900 ]    38495   0.178% 100.442% 
(    2900,    4400 ]    19526   0.090% 100.532% 
(    4400,    6600 ]    10691   0.049% 100.581% 
(    6600,    9900 ]     3472   0.016% 100.598% 
(    9900,   14000 ]     1165   0.005% 100.603% 
(   14000,   22000 ]     1336   0.006% 100.609% 
(   22000,   33000 ]     1316   0.006% 100.615% 
(   33000,   50000 ]     1393   0.006% 100.622% 
(   50000,   75000 ]     1509   0.007% 100.629% 
(   75000,  110000 ]     1371   0.006% 100.635% 
(  110000,  170000 ]     1201   0.006% 100.640% 
(  170000,  250000 ]      610   0.003% 100.643% 
(  250000,  380000 ]      162   0.001% 100.644% 
(  380000,  570000 ]       39   0.000% 100.644% 
(  570000,  860000 ]       16   0.000% 100.644% 
(  860000, 1200000 ]       13   0.000% 100.644% 
( 1200000, 1900000 ]       20   0.000% 100.644% 
( 1900000, 2900000 ]       20   0.000% 100.645% 
( 2900000, 4300000 ]        7   0.000% 100.645% 


** DB Stats **
Uptime(secs): 1197.5 total, 30.3 interval
Cumulative writes: 60M writes, 60M keys, 7772K commit groups, 7.8 writes per commit group, ingest: 59.03 GB, 50.48 MB/s
Cumulative WAL: 60M writes, 0 syncs, 60623136.00 writes per sync, written: 59.03 GB, 50.48 MB/s
Cumulative stall: 00:17:9.523 H:M:S, 86.0 percent
Interval writes: 1229K writes, 1229K keys, 165K commit groups, 7.4 writes per commit group, ingest: 1226.48 MB, 40.47 MB/s
Interval WAL: 1229K writes, 0 syncs, 1229958.00 writes per sync, written: 1.20 GB, 40.47 MB/s
Interval stall: 00:00:24.259 H:M:S, 80.1 percent
Write Stall (count): write-buffer-manager-limit-stops: 0
num-running-compactions: 18
num-running-flushes: 1

2026/08/31-10:33:47  ... thread 12: (77000,3794000) ops and (2540.7,3168.2) ops/second in (30.307011,1197.542598) seconds
2026/08/31-10:33:56  ... thread 8: (68000,3808000) ops and (2043.8,3157.8) ops/second in (33.271623,1205.916428) seconds
2026/08/31-10:33:56  ... thread 11: (69000,3810000) ops and (2025.3,3159.4) ops/second in (34.069310,1205.940777) seconds
2026/08/31-10:33:56  ... thread 2: (68000,3810000) ops and (2140.2,3159.4) ops/second in (31.772683,1205.943298) seconds
2026/08/31-10:34:12  ... thread 9: (96000,3862000) ops and (2908.4,3159.2) ops/second in (33.007280,1222.463456) seconds
2026/08/31-10:34:12  ... thread 13: (96000,3860000) ops and (2907.2,3157.5) ops/second in (33.021642,1222.476684) seconds
2026/08/31-10:34:12  ... thread 5: (97000,3860000) ops and (2932.9,3157.5) ops/second in (33.072857,1222.486261) seconds
2026/08/31-10:34:12  ... thread 7: (96000,3860000) ops and (2907.4,3157.5) ops/second in (33.019413,1222.486748) seconds
2026/08/31-10:34:22  ... thread 0: (111000,3898000) ops and (3254.8,3164.9) ops/second in (34.103445,1231.637029) seconds

** Compaction Stats [default] **
Level    Files   Size     Score Read(GB)  Rn(GB) Rnp1(GB) Write(GB) WPreComp(GB) Wnew(GB) Moved(GB) W-Amp Rd(MB/s) Wr(MB/s) Comp(sec) CompMergeCPU(sec) Comp(cnt) Avg(sec) KeyIn KeyDrop Rblob(GB) Wblob(GB)
-------------------------------------------------------------------------------------------------------------------------------------------------------------------------------------------------------------
  L0     17/10     3.73 GB   0.9     46.3     0.0     46.3     107.6     107.6     61.2       0.0   1.8     20.7     48.1   2288.20            231.03      1117    2.049    109M    98K       0.0       0.0
  L1     84/15     4.94 GB   1.0    188.5    57.5    131.0     185.8     185.8     54.8       0.0   3.2    337.0    332.2    572.90            595.82        38   15.076    191M  2713K       0.0       0.0
  L2    740/81    40.88 GB   0.9    140.3    42.1     98.1     131.3     131.3     33.2       7.7   3.1     21.0     19.7   6832.38            568.72       670   10.198    142M  9128K       0.0       0.0
 Sum    841/106   49.56 GB   0.0    375.1    99.6    275.5     424.7     424.7    149.2       7.7   6.9     39.6     44.9   9693.47           1395.58      1825    5.311    444M    11M       0.0       0.0
 Int      0/0      0.00 KB   0.0      7.7     1.3      6.4       8.8       8.8      2.4       0.0   5.8     16.1     18.3    490.50             42.48        48   10.219   9394K   485K       0.0       0.0

** Compaction Stats [default] **
Priority    Files   Size     Score Read(GB)  Rn(GB) Rnp1(GB) Write(GB) WPreComp(GB) Wnew(GB) Moved(GB) W-Amp Rd(MB/s) Wr(MB/s) Comp(sec) CompMergeCPU(sec) Comp(cnt) Avg(sec) KeyIn KeyDrop Rblob(GB) Wblob(GB)
----------------------------------------------------------------------------------------------------------------------------------------------------------------------------------------------------------------
 Low      0/0      0.00 KB   0.0    375.1    99.6    275.5     363.4     363.4     87.9       0.0   0.0     48.2     46.7   7962.19           1286.64       813    9.794    381M    11M       0.0       0.0
High      0/0      0.00 KB   0.0      0.0     0.0      0.0      61.3      61.3     61.3       0.0   0.0      0.0     36.3   1731.28            108.94      1012    1.711     62M      0       0.0       0.0

Blob file count: 0, total size: 0.0 GB, garbage size: 0.0 GB, space amp: 0.0

Uptime(secs): 1231.6 total, 26.8 interval
Flush(GB): cumulative 61.315, interval 1.507
AddFile(GB): cumulative 0.000, interval 0.000
AddFile(Total Files): cumulative 0, interval 0
AddFile(L0 Files): cumulative 0, interval 0
AddFile(Keys): cumulative 0, interval 0
Cumulative compaction: 424.69 GB write, 353.09 MB/s write, 375.13 GB read, 311.89 MB/s read, 9693.5 seconds
Interval compaction: 8.76 GB write, 334.78 MB/s write, 7.72 GB read, 295.37 MB/s read, 490.5 seconds
Estimated pending compaction bytes: 37989170042
Write Stall (count): cf-l0-file-count-limit-delays-with-ongoing-compaction: 66, cf-l0-file-count-limit-stops-with-ongoing-compaction: 0, l0-file-count-limit-delays: 66, l0-file-count-limit-stops: 0, memtable-limit-delays: 0, memtable-limit-stops: 821, pending-compaction-bytes-delays: 0, pending-compaction-bytes-stops: 0, total-delays: 66, total-stops: 821
interval: 23 total count
Block cache AutoHyperClockCache@0x6499b23c82d0#2259139 capacity: 512.00 MB seed: 1 usage: 13.50 MB table_size: 6002 occupancy: 3208 collections: 7 last_copies: 2 last_secs: 0.000508 secs_since: 146
Block cache entry stats(count,size,portion): Misc(3208,13.14 MB,2.5661%)

** File Read Latency Histogram By Level [default] **
** Level 0 read latency histogram (micros):
Count: 26402305 Average: 3.5249  StdDev: 1802.97
Min: 0  Median: 0.9292  Max: 4398822
Percentiles: P50: 0.93 P75: 1.55 P99: 2.99 P99.9: 4.72 P99.99: 5.40
------------------------------------------------------
[       0,       1 ] 14207175  53.810%  53.810% ###########
(       1,       2 ] 10258183  38.853%  92.664% ########
(       2,       3 ]  1693263   6.413%  99.077% #
(       3,       4 ]   192270   0.728%  99.805% 
(       4,       6 ]    69715   0.264% 100.069% 
(       6,      10 ]    31482   0.119% 100.189% 
(      10,      15 ]    10146   0.038% 100.227% 
(      15,      22 ]     5688   0.022% 100.249% 
(      22,      34 ]      456   0.002% 100.250% 
(      34,      51 ]       82   0.000% 100.251% 
(      51,      76 ]      379   0.001% 100.252% 
(      76,     110 ]      708   0.003% 100.255% 
(     110,     170 ]       31   0.000% 100.255% 
(     170,     250 ]       19   0.000% 100.255% 
(     250,     380 ]       25   0.000% 100.255% 
(     380,     580 ]       35   0.000% 100.255% 
(     580,     870 ]       25   0.000% 100.255% 
(     870,    1300 ]        7   0.000% 100.255% 
(    1300,    1900 ]       18   0.000% 100.255% 
(    1900,    2900 ]       33   0.000% 100.255% 
(    2900,    4400 ]       16   0.000% 100.255% 
(    4400,    6600 ]        6   0.000% 100.255% 
(    6600,    9900 ]        6   0.000% 100.256% 
(    9900,   14000 ]        5   0.000% 100.256% 
(   14000,   22000 ]       12   0.000% 100.256% 
(   22000,   33000 ]       28   0.000% 100.256% 
(   33000,   50000 ]       46   0.000% 100.256% 
(   50000,   75000 ]       50   0.000% 100.256% 
(   75000,  110000 ]       65   0.000% 100.256% 
(  110000,  170000 ]       41   0.000% 100.256% 
(  170000,  250000 ]        6   0.000% 100.256% 
(  250000,  380000 ]        4   0.000% 100.256% 
(  860000, 1200000 ]        4   0.000% 100.257% 
( 1200000, 1900000 ]        1   0.000% 100.257% 
( 1900000, 2900000 ]        6   0.000% 100.257% 
( 2900000, 4300000 ]        2   0.000% 100.257% 
( 4300000, 6500000 ]        1   0.000% 100.257% 

** Level 1 read latency histogram (micros):
Count: 45202904 Average: 1.6103  StdDev: 82.44
Min: 0  Median: 0.8956  Max: 147837
Percentiles: P50: 0.90 P75: 1.52 P99: 3.15 P99.9: 4.03 P99.99: 4.46
------------------------------------------------------
[       0,       1 ] 25234852  55.826%  55.826% ###########
(       1,       2 ] 16556827  36.628%  92.454% #######
(       2,       3 ]  2885940   6.384%  98.838% #
(       3,       4 ]   477034   1.055%  99.893% 
(       4,       6 ]   191632   0.424% 100.317% 
(       6,      10 ]    79018   0.175% 100.492% 
(      10,      15 ]    19524   0.043% 100.535% 
(      15,      22 ]    12763   0.028% 100.563% 
(      22,      34 ]     1307   0.003% 100.566% 
(      34,      51 ]      371   0.001% 100.567% 
(      51,      76 ]     1061   0.002% 100.569% 
(      76,     110 ]     1264   0.003% 100.572% 
(     110,     170 ]      393   0.001% 100.573% 
(     170,     250 ]      117   0.000% 100.573% 
(     250,     380 ]       20   0.000% 100.573% 
(     380,     580 ]        5   0.000% 100.573% 
(     580,     870 ]        4   0.000% 100.573% 
(     870,    1300 ]        2   0.000% 100.573% 
(    1300,    1900 ]        7   0.000% 100.573% 
(    1900,    2900 ]        1   0.000% 100.573% 
(    2900,    4400 ]        3   0.000% 100.574% 
(   33000,   50000 ]        1   0.000% 100.574% 
(  110000,  170000 ]       14   0.000% 100.574% 

** Level 2 read latency histogram (micros):
Count: 23151868 Average: 71.0778  StdDev: 4085.64
Min: 0  Median: 1.1700  Max: 3571420
Percentiles: P50: 1.17 P75: 1.81 P99: 512.89 P99.9: 1204.68 P99.99: 1340.61
------------------------------------------------------
[       0,       1 ] 10042355  43.376%  43.376% #########
(       1,       2 ]  9022291  38.970%  82.346% ########
(       2,       3 ]  2603740  11.246%  93.592% ##
(       3,       4 ]   602399   2.602%  96.194% #
(       4,       6 ]   181019   0.782%  96.976% 
(       6,      10 ]    37230   0.161%  97.137% 
(      10,      15 ]    19677   0.085%  97.222% 
(      15,      22 ]    12207   0.053%  97.275% 
(      22,      34 ]     5026   0.022%  97.296% 
(      34,      51 ]    10157   0.044%  97.340% 
(      51,      76 ]    27863   0.120%  97.461% 
(      76,     110 ]    17072   0.074%  97.534% 
(     110,     170 ]    64399   0.278%  97.813% 
(     170,     250 ]    82465   0.356%  98.169% 
(     250,     380 ]   111014   0.480%  98.648% 
(     380,     580 ]   122565   0.529%  99.178% 
(     580,     870 ]   108381   0.468%  99.646% 
(     870,    1300 ]    75619   0.327%  99.972% 
(    1300,    1900 ]    60184   0.260% 100.232% 
(    1900,    2900 ]    45634   0.197% 100.429% 
(    2900,    4400 ]    23261   0.100% 100.530% 
(    4400,    6600 ]    12683   0.055% 100.585% 
(    6600,    9900 ]     4028   0.017% 100.602% 
(    9900,   14000 ]     1332   0.006% 100.608% 
(   14000,   22000 ]     1557   0.007% 100.615% 
(   22000,   33000 ]     1517   0.007% 100.621% 
(   33000,   50000 ]     1648   0.007% 100.628% 
(   50000,   75000 ]     1703   0.007% 100.636% 
(   75000,  110000 ]     1581   0.007% 100.642% 
(  110000,  170000 ]     1413   0.006% 100.649% 
(  170000,  250000 ]      718   0.003% 100.652% 
(  250000,  380000 ]      204   0.001% 100.653% 
(  380000,  570000 ]       50   0.000% 100.653% 
(  570000,  860000 ]       16   0.000% 100.653% 
(  860000, 1200000 ]       13   0.000% 100.653% 
( 1200000, 1900000 ]       21   0.000% 100.653% 
( 1900000, 2900000 ]       21   0.000% 100.653% 
( 2900000, 4300000 ]        8   0.000% 100.653% 


** DB Stats **
Uptime(secs): 1231.6 total, 26.8 interval
Cumulative writes: 62M writes, 62M keys, 8004K commit groups, 7.8 writes per commit group, ingest: 60.76 GB, 50.52 MB/s
Cumulative WAL: 62M writes, 0 syncs, 62401245.00 writes per sync, written: 60.76 GB, 50.52 MB/s
Cumulative stall: 00:17:38.667 H:M:S, 86.0 percent
Interval writes: 1480K writes, 1480K keys, 193K commit groups, 7.7 writes per commit group, ingest: 1476.68 MB, 55.14 MB/s
Interval WAL: 1480K writes, 0 syncs, 1480930.00 writes per sync, written: 1.44 GB, 55.14 MB/s
Interval stall: 00:00:27.169 H:M:S, 101.5 percent
Write Stall (count): write-buffer-manager-limit-stops: 0
num-running-compactions: 17
num-running-flushes: 0

2026/08/31-10:34:22  ... thread 1: (111000,3900000) ops and (3252.3,3166.5) ops/second in (34.129345,1231.641907) seconds
2026/08/31-10:34:22  ... thread 15: (112000,3900000) ops and (3281.5,3166.5) ops/second in (34.131095,1231.643513) seconds
2026/08/31-10:34:22  ... thread 10: (112000,3901000) ops and (3282.1,3167.3) ops/second in (34.124193,1231.643120) seconds
2026/08/31-10:34:22  ... thread 6: (111000,3901000) ops and (3253.8,3167.3) ops/second in (34.114320,1231.643305) seconds
2026/08/31-10:34:22  ... thread 3: (112000,3898000) ops and (3281.8,3164.9) ops/second in (34.127578,1231.644283) seconds
2026/08/31-10:34:22  ... thread 4: (112000,3902000) ops and (3282.4,3168.1) ops/second in (34.120987,1231.644104) seconds
2026/08/31-10:34:22  ... thread 14: (112000,3899000) ops and (3282.9,3165.7) ops/second in (34.116318,1231.645476) seconds
2026/08/31-10:34:22  ... thread 12: (111000,3905000) ops and (3254.7,3170.6) ops/second in (34.104149,1231.646747) seconds
2026/08/31-10:34:26  ... thread 8: (124000,3932000) ops and (4107.8,3181.0) ops/second in (30.186558,1236.102986) seconds
2026/08/31-10:34:26  ... thread 2: (123000,3933000) ops and (4078.2,3181.8) ops/second in (30.160528,1236.103826) seconds
2026/08/31-10:34:26  ... thread 11: (123000,3933000) ops and (4077.6,3181.8) ops/second in (30.164966,1236.105743) seconds
2026/08/31-10:34:47  ... thread 13: (176000,4036000) ops and (5146.0,3211.6) ops/second in (34.201265,1256.677949) seconds
2026/08/31-10:34:47  ... thread 5: (176000,4036000) ops and (5086.4,3210.6) ops/second in (34.601878,1257.088139) seconds
2026/08/31-10:34:47  ... thread 7: (176000,4036000) ops and (5066.2,3210.2) ops/second in (34.739724,1257.226472) seconds
2026/08/31-10:34:48  ... thread 9: (177000,4039000) ops and (5027.6,3211.5) ops/second in (35.205551,1257.669007) seconds
2026/08/31-10:34:53  ... thread 14: (139000,4038000) ops and (4405.7,3196.7) ops/second in (31.550194,1263.195670) seconds
2026/08/31-10:34:53  ... thread 12: (139000,4044000) ops and (4405.8,3201.4) ops/second in (31.549091,1263.195838) seconds
2026/08/31-10:34:53  ... thread 3: (140000,4038000) ops and (4434.2,3196.6) ops/second in (31.572841,1263.217124) seconds
2026/08/31-10:34:53  ... thread 1: (140000,4040000) ops and (4433.8,3198.2) ops/second in (31.575768,1263.217675) seconds
2026/08/31-10:34:53  ... thread 10: (140000,4041000) ops and (4433.5,3199.0) ops/second in (31.577579,1263.220699) seconds
2026/08/31-10:34:53  ... thread 0: (140000,4038000) ops and (4432.5,3196.6) ops/second in (31.585071,1263.222100) seconds

** Compaction Stats [default] **
Level    Files   Size     Score Read(GB)  Rn(GB) Rnp1(GB) Write(GB) WPreComp(GB) Wnew(GB) Moved(GB) W-Amp Rd(MB/s) Wr(MB/s) Comp(sec) CompMergeCPU(sec) Comp(cnt) Avg(sec) KeyIn KeyDrop Rblob(GB) Wblob(GB)
-------------------------------------------------------------------------------------------------------------------------------------------------------------------------------------------------------------
  L0     21/17     5.91 GB   0.5     48.9     0.0     48.9     112.3     112.3     63.4       0.0   1.8     21.2     48.8   2357.65            241.95      1163    2.027    114M   101K       0.0       0.0
  L1     69/69     3.97 GB   0.0    188.5    57.5    131.0     185.8     185.8     54.8       0.0   3.2    337.0    332.2    572.90            595.82        38   15.076    191M  2713K       0.0       0.0
  L2    717/0     39.90 GB   1.0    145.6    43.1    102.5     136.3     136.3     33.8       7.7   3.2     20.7     19.3   7213.96            602.21       685   10.531    148M  9501K       0.0       0.0
  L3     28/0      1.59 GB   0.0      0.0     0.0      0.0       0.0       0.0      0.0       1.6   0.0      0.0      0.0      0.00              0.00         0    0.000       0      0       0.0       0.0
 Sum    835/86    51.36 GB   0.0    383.0   100.6    282.4     434.4     434.4    152.0       9.3   6.8     38.7     43.8  10144.50           1439.98      1886    5.379    454M    12M       0.0       0.0
 Int      0/0      0.00 KB   0.0     15.6     2.3     13.3      18.4      18.4      5.1       1.6   5.0     17.0     20.1    941.53             86.88       109    8.638     19M   860K       0.0       0.0

** Compaction Stats [default] **
Priority    Files   Size     Score Read(GB)  Rn(GB) Rnp1(GB) Write(GB) WPreComp(GB) Wnew(GB) Moved(GB) W-Amp Rd(MB/s) Wr(MB/s) Comp(sec) CompMergeCPU(sec) Comp(cnt) Avg(sec) KeyIn KeyDrop Rblob(GB) Wblob(GB)
----------------------------------------------------------------------------------------------------------------------------------------------------------------------------------------------------------------
 Low      0/0      0.00 KB   0.0    383.0   100.6    282.4     370.9     370.9     88.5       0.0   0.0     46.8     45.4   8374.09           1327.21       838    9.993    389M    12M       0.0       0.0
High      0/0      0.00 KB   0.0      0.0     0.0      0.0      63.5      63.5     63.5       0.0   0.0      0.0     36.7   1770.41            112.77      1048    1.689     64M      0       0.0       0.0

Blob file count: 0, total size: 0.0 GB, garbage size: 0.0 GB, space amp: 0.0

Uptime(secs): 1263.2 total, 58.4 interval
Flush(GB): cumulative 63.490, interval 3.683
AddFile(GB): cumulative 0.000, interval 0.000
AddFile(Total Files): cumulative 0, interval 0
AddFile(L0 Files): cumulative 0, interval 0
AddFile(Keys): cumulative 0, interval 0
Cumulative compaction: 434.37 GB write, 352.11 MB/s write, 383.01 GB read, 310.48 MB/s read, 10144.5 seconds
Interval compaction: 18.44 GB write, 323.52 MB/s write, 15.60 GB read, 273.75 MB/s read, 941.5 seconds
Estimated pending compaction bytes: 48812107462
Write Stall (count): cf-l0-file-count-limit-delays-with-ongoing-compaction: 72, cf-l0-file-count-limit-stops-with-ongoing-compaction: 0, l0-file-count-limit-delays: 72, l0-file-count-limit-stops: 0, memtable-limit-delays: 0, memtable-limit-stops: 843, pending-compaction-bytes-delays: 0, pending-compaction-bytes-stops: 0, total-delays: 72, total-stops: 843
interval: 51 total count
Block cache AutoHyperClockCache@0x6499b23c82d0#2259139 capacity: 512.00 MB seed: 1 usage: 13.50 MB table_size: 6002 occupancy: 3208 collections: 7 last_copies: 2 last_secs: 0.000508 secs_since: 178
Block cache entry stats(count,size,portion): Misc(3208,13.14 MB,2.5661%)

** File Read Latency Histogram By Level [default] **
** Level 0 read latency histogram (micros):
Count: 27520988 Average: 3.4692  StdDev: 1766.54
Min: 0  Median: 0.9303  Max: 4398822
Percentiles: P50: 0.93 P75: 1.55 P99: 2.99 P99.9: 4.63 P99.99: 5.31
------------------------------------------------------
[       0,       1 ] 14792099  53.748%  53.748% ###########
(       1,       2 ] 10712398  38.924%  92.673% ########
(       2,       3 ]  1762489   6.404%  99.077% #
(       3,       4 ]   203282   0.739%  99.816% 
(       4,       6 ]    73493   0.267% 100.083% 
(       6,      10 ]    32933   0.120% 100.202% 
(      10,      15 ]    10665   0.039% 100.241% 
(      15,      22 ]     5967   0.022% 100.263% 
(      22,      34 ]      475   0.002% 100.265% 
(      34,      51 ]       83   0.000% 100.265% 
(      51,      76 ]      388   0.001% 100.266% 
(      76,     110 ]      735   0.003% 100.269% 
(     110,     170 ]       32   0.000% 100.269% 
(     170,     250 ]       19   0.000% 100.269% 
(     250,     380 ]       34   0.000% 100.269% 
(     380,     580 ]       37   0.000% 100.269% 
(     580,     870 ]       25   0.000% 100.269% 
(     870,    1300 ]        7   0.000% 100.270% 
(    1300,    1900 ]       19   0.000% 100.270% 
(    1900,    2900 ]       34   0.000% 100.270% 
(    2900,    4400 ]       16   0.000% 100.270% 
(    4400,    6600 ]        6   0.000% 100.270% 
(    6600,    9900 ]        6   0.000% 100.270% 
(    9900,   14000 ]        5   0.000% 100.270% 
(   14000,   22000 ]       13   0.000% 100.270% 
(   22000,   33000 ]       28   0.000% 100.270% 
(   33000,   50000 ]       46   0.000% 100.270% 
(   50000,   75000 ]       54   0.000% 100.270% 
(   75000,  110000 ]       66   0.000% 100.271% 
(  110000,  170000 ]       43   0.000% 100.271% 
(  170000,  250000 ]        6   0.000% 100.271% 
(  250000,  380000 ]        4   0.000% 100.271% 
(  860000, 1200000 ]        4   0.000% 100.271% 
( 1200000, 1900000 ]        1   0.000% 100.271% 
( 1900000, 2900000 ]        6   0.000% 100.271% 
( 2900000, 4300000 ]        2   0.000% 100.271% 
( 4300000, 6500000 ]        1   0.000% 100.271% 

** Level 1 read latency histogram (micros):
Count: 45789219 Average: 1.6116  StdDev: 81.91
Min: 0  Median: 0.8966  Max: 147837
Percentiles: P50: 0.90 P75: 1.53 P99: 3.18 P99.9: 4.09 P99.99: 4.51
------------------------------------------------------
[       0,       1 ] 25534898  55.766%  55.766% ###########
(       1,       2 ] 16759147  36.601%  92.367% #######
(       2,       3 ]  2949886   6.442%  98.809% #
(       3,       4 ]   490555   1.071%  99.880% 
(       4,       6 ]   197219   0.431% 100.311% 
(       6,      10 ]    80716   0.176% 100.487% 
(      10,      15 ]    19981   0.044% 100.531% 
(      15,      22 ]    13154   0.029% 100.560% 
(      22,      34 ]     1340   0.003% 100.563% 
(      34,      51 ]      375   0.001% 100.564% 
(      51,      76 ]     1061   0.002% 100.566% 
(      76,     110 ]     1265   0.003% 100.569% 
(     110,     170 ]      393   0.001% 100.570% 
(     170,     250 ]      117   0.000% 100.570% 
(     250,     380 ]       20   0.000% 100.570% 
(     380,     580 ]        5   0.000% 100.570% 
(     580,     870 ]        4   0.000% 100.570% 
(     870,    1300 ]        2   0.000% 100.570% 
(    1300,    1900 ]        7   0.000% 100.570% 
(    1900,    2900 ]        1   0.000% 100.570% 
(    2900,    4400 ]        3   0.000% 100.570% 
(   33000,   50000 ]        1   0.000% 100.570% 
(  110000,  170000 ]       14   0.000% 100.570% 

** Level 2 read latency histogram (micros):
Count: 23735126 Average: 73.0905  StdDev: 4085.48
Min: 0  Median: 1.1834  Max: 3571420
Percentiles: P50: 1.18 P75: 1.82 P99: 533.04 P99.9: 1238.33 P99.99: 1393.50
------------------------------------------------------
[       0,       1 ] 10165580  42.829%  42.829% #########
(       1,       2 ]  9278539  39.092%  81.921% ########
(       2,       3 ]  2718944  11.455%  93.377% ##
(       3,       4 ]   633614   2.670%  96.046% #
(       4,       6 ]   189962   0.800%  96.847% 
(       6,      10 ]    38474   0.162%  97.009% 
(      10,      15 ]    20578   0.087%  97.095% 
(      15,      22 ]    12778   0.054%  97.149% 
(      22,      34 ]     5634   0.024%  97.173% 
(      34,      51 ]    11020   0.046%  97.219% 
(      51,      76 ]    30476   0.128%  97.348% 
(      76,     110 ]    18343   0.077%  97.425% 
(     110,     170 ]    69115   0.291%  97.716% 
(     170,     250 ]    88163   0.371%  98.088% 
(     250,     380 ]   117713   0.496%  98.584% 
(     380,     580 ]   129170   0.544%  99.128% 
(     580,     870 ]   114747   0.483%  99.611% 
(     870,    1300 ]    80017   0.337%  99.948% 
(    1300,    1900 ]    63435   0.267% 100.216% 
(    1900,    2900 ]    47955   0.202% 100.418% 
(    2900,    4400 ]    24594   0.104% 100.521% 
(    4400,    6600 ]    13569   0.057% 100.578% 
(    6600,    9900 ]     4383   0.018% 100.597% 
(    9900,   14000 ]     1489   0.006% 100.603% 
(   14000,   22000 ]     1687   0.007% 100.610% 
(   22000,   33000 ]     1616   0.007% 100.617% 
(   33000,   50000 ]     1754   0.007% 100.624% 
(   50000,   75000 ]     1796   0.008% 100.632% 
(   75000,  110000 ]     1671   0.007% 100.639% 
(  110000,  170000 ]     1479   0.006% 100.645% 
(  170000,  250000 ]      758   0.003% 100.649% 
(  250000,  380000 ]      212   0.001% 100.649% 
(  380000,  570000 ]       55   0.000% 100.650% 
(  570000,  860000 ]       17   0.000% 100.650% 
(  860000, 1200000 ]       13   0.000% 100.650% 
( 1200000, 1900000 ]       22   0.000% 100.650% 
( 1900000, 2900000 ]       21   0.000% 100.650% 
( 2900000, 4300000 ]        8   0.000% 100.650% 


** DB Stats **
Uptime(secs): 1263.2 total, 31.6 interval
Cumulative writes: 64M writes, 64M keys, 8292K commit groups, 7.8 writes per commit group, ingest: 62.95 GB, 51.02 MB/s
Cumulative WAL: 64M writes, 0 syncs, 64642893.00 writes per sync, written: 62.95 GB, 51.02 MB/s
Cumulative stall: 00:18:1.531 H:M:S, 85.6 percent
Interval writes: 2241K writes, 2241K keys, 287K commit groups, 7.8 writes per commit group, ingest: 2235.16 MB, 70.77 MB/s
Interval WAL: 2241K writes, 0 syncs, 2241648.00 writes per sync, written: 2.18 GB, 70.77 MB/s
Interval stall: 00:00:22.864 H:M:S, 72.4 percent
Write Stall (count): write-buffer-manager-limit-stops: 0
num-running-compactions: 1
num-running-flushes: 0

2026/08/31-10:34:53  ... thread 4: (140000,4042000) ops and (4433.4,3199.8) ops/second in (31.578723,1263.222827) seconds
2026/08/31-10:34:53  ... thread 15: (140000,4040000) ops and (4433.1,3198.2) ops/second in (31.580665,1263.224178) seconds
2026/08/31-10:34:53  ... thread 6: (140000,4041000) ops and (4433.0,3199.0) ops/second in (31.581362,1263.224667) seconds
2026/08/31-10:34:57  ... thread 11: (111000,4044000) ops and (3557.5,3191.0) ops/second in (31.201414,1267.307157) seconds
2026/08/31-10:34:58  ... thread 2: (111000,4044000) ops and (3476.7,3189.2) ops/second in (31.926802,1268.030628) seconds
2026/08/31-10:34:59  ... thread 8: (111000,4043000) ops and (3406.3,3186.8) ops/second in (32.586872,1268.689858) seconds
2026/08/31-10:35:17  ... thread 13: (51000,4087000) ops and (1698.2,3176.3) ops/second in (30.030988,1286.708937) seconds
2026/08/31-10:35:17  ... thread 5: (58000,4094000) ops and (1933.3,3180.8) ops/second in (30.000426,1287.088565) seconds
2026/08/31-10:35:17  ... thread 7: (63000,4099000) ops and (2098.8,3184.3) ops/second in (30.017059,1287.243531) seconds
2026/08/31-10:35:19  ... thread 9: (65000,4104000) ops and (2077.0,3184.0) ops/second in (31.295525,1288.964532) seconds
2026/08/31-10:35:23  ... thread 6: (65000,4106000) ops and (2147.2,3174.3) ops/second in (30.272228,1293.496895) seconds
2026/08/31-10:35:24  ... thread 1: (66000,4106000) ops and (2171.6,3174.1) ops/second in (30.392071,1293.609746) seconds
2026/08/31-10:35:24  ... thread 10: (66000,4107000) ops and (2147.2,3174.0) ops/second in (30.737611,1293.958310) seconds
2026/08/31-10:35:24  ... thread 14: (67000,4105000) ops and (2176.9,3172.4) ops/second in (30.777725,1293.973395) seconds
2026/08/31-10:35:25  ... thread 15: (66000,4106000) ops and (2093.8,3171.3) ops/second in (31.521493,1294.745671) seconds
2026/08/31-10:35:25  ... thread 0: (67000,4105000) ops and (2117.5,3170.2) ops/second in (31.640978,1294.863078) seconds

** Compaction Stats [default] **
Level    Files   Size     Score Read(GB)  Rn(GB) Rnp1(GB) Write(GB) WPreComp(GB) Wnew(GB) Moved(GB) W-Amp Rd(MB/s) Wr(MB/s) Comp(sec) CompMergeCPU(sec) Comp(cnt) Avg(sec) KeyIn KeyDrop Rblob(GB) Wblob(GB)
-------------------------------------------------------------------------------------------------------------------------------------------------------------------------------------------------------------
  L0     21/17     1.27 GB   0.5     48.9     0.0     48.9     113.3     113.3     64.4       0.0   1.8     21.1     48.8   2375.78            243.94      1180    2.013    115M   101K       0.0       0.0
  L1    134/17     8.06 GB   1.8    198.2    63.1    135.0     195.1     195.1     60.1       0.0   3.1    338.2    333.0    599.93            625.41        39   15.383    201M  3078K       0.0       0.0
  L2    732/51    40.81 GB   1.0    148.5    44.0    104.5     138.9     138.9     34.3       8.1   3.2     20.6     19.3   7382.55            618.43       702   10.516    151M  9801K       0.0       0.0
  L3     28/0      1.59 GB   0.0      0.0     0.0      0.0       0.0       0.0      0.0       1.6   0.0      0.0      0.0      0.00              0.00         0    0.000       0      0       0.0       0.0
 Sum    915/85    51.73 GB   0.0    395.5   107.1    288.4     447.2     447.2    158.8       9.7   6.9     39.1     44.2  10358.26           1487.77      1921    5.392    468M    12M       0.0       0.0
 Int      0/0      0.00 KB   0.0     12.5     6.5      6.0      12.9      12.9      6.9       0.4  12.5     59.9     61.7    213.75             47.79        35    6.107     13M   663K       0.0       0.0

** Compaction Stats [default] **
Priority    Files   Size     Score Read(GB)  Rn(GB) Rnp1(GB) Write(GB) WPreComp(GB) Wnew(GB) Moved(GB) W-Amp Rd(MB/s) Wr(MB/s) Comp(sec) CompMergeCPU(sec) Comp(cnt) Avg(sec) KeyIn KeyDrop Rblob(GB) Wblob(GB)
----------------------------------------------------------------------------------------------------------------------------------------------------------------------------------------------------------------
 Low      0/0      0.00 KB   0.0    395.5   107.1    288.4     382.7     382.7     94.3       0.0   0.0     47.3     45.7   8569.72           1373.01       856   10.011    402M    12M       0.0       0.0
High      0/0      0.00 KB   0.0      0.0     0.0      0.0      64.5      64.5     64.5       0.0   0.0      0.0     36.9   1788.54            114.76      1065    1.679     65M      0       0.0       0.0

Blob file count: 0, total size: 0.0 GB, garbage size: 0.0 GB, space amp: 0.0

Uptime(secs): 1294.9 total, 30.0 interval
Flush(GB): cumulative 64.517, interval 1.026
AddFile(GB): cumulative 0.000, interval 0.000
AddFile(Total Files): cumulative 0, interval 0
AddFile(L0 Files): cumulative 0, interval 0
AddFile(Keys): cumulative 0, interval 0
Cumulative compaction: 447.25 GB write, 353.69 MB/s write, 395.51 GB read, 312.78 MB/s read, 10358.3 seconds
Interval compaction: 12.87 GB write, 439.44 MB/s write, 12.50 GB read, 426.73 MB/s read, 213.8 seconds
Estimated pending compaction bytes: 47612913811
Write Stall (count): cf-l0-file-count-limit-delays-with-ongoing-compaction: 81, cf-l0-file-count-limit-stops-with-ongoing-compaction: 0, l0-file-count-limit-delays: 81, l0-file-count-limit-stops: 0, memtable-limit-delays: 0, memtable-limit-stops: 855, pending-compaction-bytes-delays: 0, pending-compaction-bytes-stops: 0, total-delays: 81, total-stops: 855
interval: 21 total count
Block cache AutoHyperClockCache@0x6499b23c82d0#2259139 capacity: 512.00 MB seed: 1 usage: 15.51 MB table_size: 6615 occupancy: 3688 collections: 8 last_copies: 0 last_secs: 0.000533 secs_since: 29
Block cache entry stats(count,size,portion): Misc(3688,15.11 MB,2.95066%)

** File Read Latency Histogram By Level [default] **
** Level 0 read latency histogram (micros):
Count: 28570311 Average: 3.4036  StdDev: 1733.84
Min: 0  Median: 0.9306  Max: 4398822
Percentiles: P50: 0.93 P75: 1.55 P99: 2.99 P99.9: 4.65 P99.99: 5.32
------------------------------------------------------
[       0,       1 ] 15350424  53.729%  53.729% ###########
(       1,       2 ] 11125989  38.942%  92.671% ########
(       2,       3 ]  1826468   6.393%  99.064% #
(       3,       4 ]   213923   0.749%  99.813% 
(       4,       6 ]    76528   0.268% 100.081% 
(       6,      10 ]    34475   0.121% 100.201% 
(      10,      15 ]    11740   0.041% 100.242% 
(      15,      22 ]     6694   0.023% 100.266% 
(      22,      34 ]      495   0.002% 100.267% 
(      34,      51 ]       84   0.000% 100.268% 
(      51,      76 ]      395   0.001% 100.269% 
(      76,     110 ]      748   0.003% 100.272% 
(     110,     170 ]       32   0.000% 100.272% 
(     170,     250 ]       20   0.000% 100.272% 
(     250,     380 ]       34   0.000% 100.272% 
(     380,     580 ]       37   0.000% 100.272% 
(     580,     870 ]       27   0.000% 100.272% 
(     870,    1300 ]        7   0.000% 100.272% 
(    1300,    1900 ]       19   0.000% 100.272% 
(    1900,    2900 ]       34   0.000% 100.273% 
(    2900,    4400 ]       16   0.000% 100.273% 
(    4400,    6600 ]        6   0.000% 100.273% 
(    6600,    9900 ]        6   0.000% 100.273% 
(    9900,   14000 ]        5   0.000% 100.273% 
(   14000,   22000 ]       15   0.000% 100.273% 
(   22000,   33000 ]       28   0.000% 100.273% 
(   33000,   50000 ]       46   0.000% 100.273% 
(   50000,   75000 ]       55   0.000% 100.273% 
(   75000,  110000 ]       66   0.000% 100.273% 
(  110000,  170000 ]       43   0.000% 100.274% 
(  170000,  250000 ]        6   0.000% 100.274% 
(  250000,  380000 ]        4   0.000% 100.274% 
(  860000, 1200000 ]        4   0.000% 100.274% 
( 1200000, 1900000 ]        1   0.000% 100.274% 
( 1900000, 2900000 ]        6   0.000% 100.274% 
( 2900000, 4300000 ]        2   0.000% 100.274% 
( 4300000, 6500000 ]        1   0.000% 100.274% 

** Level 1 read latency histogram (micros):
Count: 46693659 Average: 1.6171  StdDev: 81.11
Min: 0  Median: 0.8999  Max: 147837
Percentiles: P50: 0.90 P75: 1.53 P99: 3.25 P99.9: 4.25 P99.99: 4.65
------------------------------------------------------
[       0,       1 ] 25943462  55.561%  55.561% ###########
(       1,       2 ] 17064933  36.547%  92.108% #######
(       2,       3 ]  3089835   6.617%  98.725% #
(       3,       4 ]   522279   1.119%  99.843% 
(       4,       6 ]   211119   0.452% 100.295% 
(       6,      10 ]    84610   0.181% 100.477% 
(      10,      15 ]    21212   0.045% 100.522% 
(      15,      22 ]    14155   0.030% 100.552% 
(      22,      34 ]     1419   0.003% 100.555% 
(      34,      51 ]      386   0.001% 100.556% 
(      51,      76 ]     1092   0.002% 100.559% 
(      76,     110 ]     1357   0.003% 100.562% 
(     110,     170 ]      418   0.001% 100.562% 
(     170,     250 ]      119   0.000% 100.563% 
(     250,     380 ]       20   0.000% 100.563% 
(     380,     580 ]        5   0.000% 100.563% 
(     580,     870 ]        4   0.000% 100.563% 
(     870,    1300 ]        2   0.000% 100.563% 
(    1300,    1900 ]        7   0.000% 100.563% 
(    1900,    2900 ]        1   0.000% 100.563% 
(    2900,    4400 ]        3   0.000% 100.563% 
(   33000,   50000 ]        1   0.000% 100.563% 
(  110000,  170000 ]       14   0.000% 100.563% 

** Level 2 read latency histogram (micros):
Count: 24668587 Average: 75.9705  StdDev: 4051.35
Min: 0  Median: 1.2048  Max: 3571420
Percentiles: P50: 1.20 P75: 1.84 P99: 561.51 P99.9: 1281.84 P99.99: 1459.71
------------------------------------------------------
[       0,       1 ] 10348147  41.949%  41.949% ########
(       1,       2 ]  9697355  39.311%  81.259% ########
(       2,       3 ]  2905585  11.778%  93.038% ##
(       3,       4 ]   686277   2.782%  95.820% #
(       4,       6 ]   205242   0.832%  96.652% 
(       6,      10 ]    40638   0.165%  96.816% 
(      10,      15 ]    21997   0.089%  96.906% 
(      15,      22 ]    13798   0.056%  96.962% 
(      22,      34 ]     5747   0.023%  96.985% 
(      34,      51 ]    11729   0.048%  97.032% 
(      51,      76 ]    32941   0.134%  97.166% 
(      76,     110 ]    19865   0.081%  97.246% 
(     110,     170 ]    77157   0.313%  97.559% 
(     170,     250 ]    97710   0.396%  97.955% 
(     250,     380 ]   130279   0.528%  98.483% 
(     380,     580 ]   140421   0.569%  99.053% 
(     580,     870 ]   124902   0.506%  99.559% 
(     870,    1300 ]    87840   0.356%  99.915% 
(    1300,    1900 ]    69473   0.282% 100.197% 
(    1900,    2900 ]    52391   0.212% 100.409% 
(    2900,    4400 ]    26911   0.109% 100.518% 
(    4400,    6600 ]    14845   0.060% 100.578% 
(    6600,    9900 ]     4854   0.020% 100.598% 
(    9900,   14000 ]     1731   0.007% 100.605% 
(   14000,   22000 ]     1955   0.008% 100.613% 
(   22000,   33000 ]     1805   0.007% 100.620% 
(   33000,   50000 ]     1948   0.008% 100.628% 
(   50000,   75000 ]     1968   0.008% 100.636% 
(   75000,  110000 ]     1816   0.007% 100.643% 
(  110000,  170000 ]     1564   0.006% 100.650% 
(  170000,  250000 ]      807   0.003% 100.653% 
(  250000,  380000 ]      229   0.001% 100.654% 
(  380000,  570000 ]       55   0.000% 100.654% 
(  570000,  860000 ]       17   0.000% 100.654% 
(  860000, 1200000 ]       14   0.000% 100.654% 
( 1200000, 1900000 ]       22   0.000% 100.654% 
( 1900000, 2900000 ]       21   0.000% 100.655% 
( 2900000, 4300000 ]        8   0.000% 100.655% 


** DB Stats **
Uptime(secs): 1294.9 total, 30.0 interval
Cumulative writes: 65M writes, 65M keys, 8439K commit groups, 7.8 writes per commit group, ingest: 63.98 GB, 50.60 MB/s
Cumulative WAL: 65M writes, 0 syncs, 65704562.00 writes per sync, written: 63.98 GB, 50.60 MB/s
Cumulative stall: 00:18:25.598 H:M:S, 85.4 percent
Interval writes: 1043K writes, 1043K keys, 143K commit groups, 7.3 writes per commit group, ingest: 1040.91 MB, 34.70 MB/s
Interval WAL: 1043K writes, 0 syncs, 1043820.00 writes per sync, written: 1.02 GB, 34.70 MB/s
Interval stall: 00:00:22.579 H:M:S, 75.3 percent
Write Stall (count): write-buffer-manager-limit-stops: 0
num-running-compactions: 18
num-running-flushes: 0

2026/08/31-10:35:25  ... thread 4: (66000,4108000) ops and (2084.1,3172.5) ops/second in (31.667826,1294.890653) seconds
2026/08/31-10:35:25  ... thread 3: (66000,4104000) ops and (2079.8,3169.2) ops/second in (31.733190,1294.950314) seconds
2026/08/31-10:35:25  ... thread 12: (68000,4112000) ops and (2120.4,3174.6) ops/second in (32.069865,1295.265703) seconds
2026/08/31-10:35:32  ... thread 2: (73000,4117000) ops and (2132.1,3161.4) ops/second in (34.239092,1302.269720) seconds
2026/08/31-10:35:32  ... thread 11: (73000,4117000) ops and (2086.5,3161.3) ops/second in (34.986831,1302.293988) seconds
2026/08/31-10:35:32  ... thread 8: (73000,4116000) ops and (2172.3,3160.6) ops/second in (33.604617,1302.294475) seconds
2026/08/31-10:35:47  ... thread 13: (95000,4182000) ops and (3166.3,3176.1) ops/second in (30.003265,1316.712202) seconds
2026/08/31-10:35:52  ... thread 7: (83000,4182000) ops and (2368.1,3162.7) ops/second in (35.048514,1322.292045) seconds
2026/08/31-10:35:52  ... thread 5: (88000,4182000) ops and (2499.4,3162.7) ops/second in (35.208170,1322.296735) seconds
2026/08/31-10:35:52  ... thread 9: (81000,4185000) ops and (2428.9,3164.9) ops/second in (33.348965,1322.313497) seconds
2026/08/31-10:35:53  ... thread 6: (92000,4198000) ops and (3064.1,3171.8) ops/second in (30.025062,1323.521957) seconds
2026/08/31-10:35:54  ... thread 10: (94000,4201000) ops and (3105.9,3172.4) ops/second in (30.264735,1324.223045) seconds
2026/08/31-10:35:54  ... thread 14: (94000,4199000) ops and (3106.5,3170.9) ops/second in (30.259178,1324.232573) seconds
2026/08/31-10:35:54  ... thread 1: (94000,4200000) ops and (3069.4,3171.6) ops/second in (30.625115,1324.234861) seconds
2026/08/31-10:35:56  ... thread 0: (101000,4206000) ops and (3235.3,3171.8) ops/second in (31.218607,1326.081685) seconds

** Compaction Stats [default] **
Level    Files   Size     Score Read(GB)  Rn(GB) Rnp1(GB) Write(GB) WPreComp(GB) Wnew(GB) Moved(GB) W-Amp Rd(MB/s) Wr(MB/s) Comp(sec) CompMergeCPU(sec) Comp(cnt) Avg(sec) KeyIn KeyDrop Rblob(GB) Wblob(GB)
-------------------------------------------------------------------------------------------------------------------------------------------------------------------------------------------------------------
  L0     17/10     2.83 GB   0.9     50.8     0.0     50.8     116.8     116.8     66.0       0.0   1.8     21.4     49.2   2432.70            252.48      1209    2.012    119M   109K       0.0       0.0
  L1    102/17     6.24 GB   1.3    198.2    63.1    135.0     195.1     195.1     60.1       0.0   3.1    338.2    333.0    599.93            625.41        39   15.383    201M  3078K       0.0       0.0
  L2    750/75    41.94 GB   0.9    155.7    45.8    110.0     145.4     145.4     35.5       8.1   3.2     20.3     18.9   7861.97            663.98       734   10.711    158M    10M       0.0       0.0
  L3     28/0      1.59 GB   0.0      0.0     0.0      0.0       0.0       0.0      0.0       1.6   0.0      0.0      0.0      0.00              0.00         0    0.000       0      0       0.0       0.0
 Sum    897/102   52.60 GB   0.0    404.7   108.9    295.8     457.4     457.4    161.6       9.7   6.9     38.0     43.0  10894.61           1541.87      1982    5.497    479M    13M       0.0       0.0
 Int      0/0      0.00 KB   0.0      0.2     0.1      0.2       0.3       0.3      0.2       0.0   2.6     11.3     16.5     19.57              1.62         3    6.523    341K    20K       0.0       0.0

** Compaction Stats [default] **
Priority    Files   Size     Score Read(GB)  Rn(GB) Rnp1(GB) Write(GB) WPreComp(GB) Wnew(GB) Moved(GB) W-Amp Rd(MB/s) Wr(MB/s) Comp(sec) CompMergeCPU(sec) Comp(cnt) Avg(sec) KeyIn KeyDrop Rblob(GB) Wblob(GB)
----------------------------------------------------------------------------------------------------------------------------------------------------------------------------------------------------------------
 Low      0/0      0.00 KB   0.0    404.7   108.9    295.8     391.2     391.2     95.4       0.0   0.0     45.7     44.2   9068.75           1423.97       890   10.190    411M    13M       0.0       0.0
High      0/0      0.00 KB   0.0      0.0     0.0      0.0      66.1      66.1     66.1       0.0   0.0      0.0     37.1   1825.86            117.90      1092    1.672     67M      0       0.0       0.0

Blob file count: 0, total size: 0.0 GB, garbage size: 0.0 GB, space amp: 0.0

Uptime(secs): 1326.1 total, 1.2 interval
Flush(GB): cumulative 66.149, interval 0.120
AddFile(GB): cumulative 0.000, interval 0.000
AddFile(Total Files): cumulative 0, interval 0
AddFile(L0 Files): cumulative 0, interval 0
AddFile(Keys): cumulative 0, interval 0
Cumulative compaction: 457.38 GB write, 353.18 MB/s write, 404.71 GB read, 312.52 MB/s read, 10894.6 seconds
Interval compaction: 0.32 GB write, 267.85 MB/s write, 0.22 GB read, 183.07 MB/s read, 19.6 seconds
Estimated pending compaction bytes: 48157291311
Write Stall (count): cf-l0-file-count-limit-delays-with-ongoing-compaction: 95, cf-l0-file-count-limit-stops-with-ongoing-compaction: 0, l0-file-count-limit-delays: 95, l0-file-count-limit-stops: 0, memtable-limit-delays: 0, memtable-limit-stops: 875, pending-compaction-bytes-delays: 0, pending-compaction-bytes-stops: 0, total-delays: 95, total-stops: 875
interval: 1 total count
Block cache AutoHyperClockCache@0x6499b23c82d0#2259139 capacity: 512.00 MB seed: 1 usage: 15.51 MB table_size: 6615 occupancy: 3688 collections: 8 last_copies: 1 last_secs: 0.000533 secs_since: 61
Block cache entry stats(count,size,portion): Misc(3688,15.11 MB,2.95066%)

** File Read Latency Histogram By Level [default] **
** Level 0 read latency histogram (micros):
Count: 28954723 Average: 3.4013  StdDev: 1722.85
Min: 0  Median: 0.9290  Max: 4398822
Percentiles: P50: 0.93 P75: 1.54 P99: 2.99 P99.9: 4.69 P99.99: 5.36
------------------------------------------------------
[       0,       1 ] 15583140  53.819%  53.819% ###########
(       1,       2 ] 11255248  38.872%  92.691% ########
(       2,       3 ]  1844256   6.369%  99.060% #
(       3,       4 ]   216463   0.748%  99.808% 
(       4,       6 ]    77707   0.268% 100.076% 
(       6,      10 ]    34969   0.121% 100.197% 
(      10,      15 ]    11979   0.041% 100.238% 
(      15,      22 ]     6828   0.024% 100.262% 
(      22,      34 ]      512   0.002% 100.264% 
(      34,      51 ]       86   0.000% 100.264% 
(      51,      76 ]      405   0.001% 100.265% 
(      76,     110 ]      765   0.003% 100.268% 
(     110,     170 ]       33   0.000% 100.268% 
(     170,     250 ]       21   0.000% 100.268% 
(     250,     380 ]       35   0.000% 100.268% 
(     380,     580 ]       37   0.000% 100.269% 
(     580,     870 ]       27   0.000% 100.269% 
(     870,    1300 ]        7   0.000% 100.269% 
(    1300,    1900 ]       19   0.000% 100.269% 
(    1900,    2900 ]       35   0.000% 100.269% 
(    2900,    4400 ]       16   0.000% 100.269% 
(    4400,    6600 ]        9   0.000% 100.269% 
(    6600,    9900 ]        7   0.000% 100.269% 
(    9900,   14000 ]        5   0.000% 100.269% 
(   14000,   22000 ]       15   0.000% 100.269% 
(   22000,   33000 ]       30   0.000% 100.269% 
(   33000,   50000 ]       47   0.000% 100.269% 
(   50000,   75000 ]       56   0.000% 100.270% 
(   75000,  110000 ]       69   0.000% 100.270% 
(  110000,  170000 ]       45   0.000% 100.270% 
(  170000,  250000 ]        6   0.000% 100.270% 
(  250000,  380000 ]        4   0.000% 100.270% 
(  860000, 1200000 ]        4   0.000% 100.270% 
( 1200000, 1900000 ]        1   0.000% 100.270% 
( 1900000, 2900000 ]        6   0.000% 100.270% 
( 2900000, 4300000 ]        2   0.000% 100.270% 
( 4300000, 6500000 ]        1   0.000% 100.270% 

** Level 1 read latency histogram (micros):
Count: 47159161 Average: 1.6278  StdDev: 80.71
Min: 0  Median: 0.9071  Max: 147837
Percentiles: P50: 0.91 P75: 1.54 P99: 3.35 P99.9: 4.46 P99.99: 4.82
------------------------------------------------------
[       0,       1 ] 25993675  55.119%  55.119% ###########
(       1,       2 ] 17243132  36.564%  91.683% #######
(       2,       3 ]  3255099   6.902%  98.585% #
(       3,       4 ]   566633   1.202%  99.787% 
(       4,       6 ]   232533   0.493% 100.280% 
(       6,      10 ]    89309   0.189% 100.469% 
(      10,      15 ]    22288   0.047% 100.516% 
(      15,      22 ]    15247   0.032% 100.549% 
(      22,      34 ]     1531   0.003% 100.552% 
(      34,      51 ]      397   0.001% 100.553% 
(      51,      76 ]     1092   0.002% 100.555% 
(      76,     110 ]     1358   0.003% 100.558% 
(     110,     170 ]      420   0.001% 100.559% 
(     170,     250 ]      119   0.000% 100.559% 
(     250,     380 ]       20   0.000% 100.559% 
(     380,     580 ]        5   0.000% 100.559% 
(     580,     870 ]        4   0.000% 100.559% 
(     870,    1300 ]        2   0.000% 100.559% 
(    1300,    1900 ]        7   0.000% 100.559% 
(    1900,    2900 ]        1   0.000% 100.559% 
(    2900,    4400 ]        3   0.000% 100.559% 
(   33000,   50000 ]        1   0.000% 100.559% 
(  110000,  170000 ]       14   0.000% 100.559% 

** Level 2 read latency histogram (micros):
Count: 26165595 Average: 81.5283  StdDev: 4049.73
Min: 0  Median: 1.2376  Max: 3571420
Percentiles: P50: 1.24 P75: 1.87 P99: 620.08 P99.9: 1383.05 P99.99: 1559.73
------------------------------------------------------
[       0,       1 ] 10621867  40.595%  40.595% ########
(       1,       2 ] 10359349  39.591%  80.186% ########
(       2,       3 ]  3226606  12.331%  92.518% ##
(       3,       4 ]   780011   2.981%  95.499% #
(       4,       6 ]   234416   0.896%  96.395% 
(       6,      10 ]    44209   0.169%  96.564% 
(      10,      15 ]    24705   0.094%  96.658% 
(      15,      22 ]    15461   0.059%  96.717% 
(      22,      34 ]     6064   0.023%  96.740% 
(      34,      51 ]    12512   0.048%  96.788% 
(      51,      76 ]    36037   0.138%  96.926% 
(      76,     110 ]    21924   0.084%  97.010% 
(     110,     170 ]    85939   0.328%  97.338% 
(     170,     250 ]   109100   0.417%  97.755% 
(     250,     380 ]   146624   0.560%  98.315% 
(     380,     580 ]   159370   0.609%  98.925% 
(     580,     870 ]   142932   0.546%  99.471% 
(     870,    1300 ]   101244   0.387%  99.858% 
(    1300,    1900 ]    79975   0.306% 100.163% 
(    1900,    2900 ]    60509   0.231% 100.395% 
(    2900,    4400 ]    31301   0.120% 100.514% 
(    4400,    6600 ]    17075   0.065% 100.580% 
(    6600,    9900 ]     5618   0.021% 100.601% 
(    9900,   14000 ]     1957   0.007% 100.608% 
(   14000,   22000 ]     2174   0.008% 100.617% 
(   22000,   33000 ]     2074   0.008% 100.625% 
(   33000,   50000 ]     2215   0.008% 100.633% 
(   50000,   75000 ]     2222   0.008% 100.642% 
(   75000,  110000 ]     2058   0.008% 100.650% 
(  110000,  170000 ]     1811   0.007% 100.656% 
(  170000,  250000 ]      948   0.004% 100.660% 
(  250000,  380000 ]      278   0.001% 100.661% 
(  380000,  570000 ]       60   0.000% 100.661% 
(  570000,  860000 ]       18   0.000% 100.661% 
(  860000, 1200000 ]       14   0.000% 100.661% 
( 1200000, 1900000 ]       22   0.000% 100.662% 
( 1900000, 2900000 ]       22   0.000% 100.662% 
( 2900000, 4300000 ]        8   0.000% 100.662% 


** DB Stats **
Uptime(secs): 1326.1 total, 1.2 interval
Cumulative writes: 67M writes, 67M keys, 8649K commit groups, 7.8 writes per commit group, ingest: 65.55 GB, 50.62 MB/s
Cumulative WAL: 67M writes, 0 syncs, 67314925.00 writes per sync, written: 65.55 GB, 50.62 MB/s
Cumulative stall: 00:18:50.153 H:M:S, 85.2 percent
Interval writes: 1556 writes, 1556 keys, 204 commit groups, 7.6 writes per commit group, ingest: 1.55 MB, 1.29 MB/s
Interval WAL: 1542 writes, 0 syncs, 1542.00 writes per sync, written: 0.00 GB, 1.28 MB/s
Interval stall: 00:00:1.649 H:M:S, 136.8 percent
Write Stall (count): write-buffer-manager-limit-stops: 0
num-running-compactions: 18
num-running-flushes: 1

2026/08/31-10:35:56  ... thread 3: (101000,4205000) ops and (3243.5,3171.0) ops/second in (31.139415,1326.089729) seconds
2026/08/31-10:35:56  ... thread 4: (101000,4209000) ops and (3236.6,3174.0) ops/second in (31.205872,1326.096525) seconds
2026/08/31-10:35:56  ... thread 15: (101000,4207000) ops and (3221.3,3172.5) ops/second in (31.353485,1326.099156) seconds
2026/08/31-10:35:56  ... thread 12: (101000,4213000) ops and (3275.0,3177.0) ops/second in (30.839295,1326.104998) seconds
2026/08/31-10:36:02  ... thread 2: (111000,4228000) ops and (3696.7,3173.5) ops/second in (30.026772,1332.296492) seconds
2026/08/31-10:36:02  ... thread 11: (111000,4228000) ops and (3697.7,3173.4) ops/second in (30.018703,1332.312691) seconds
2026/08/31-10:36:02  ... thread 8: (112000,4228000) ops and (3730.0,3173.4) ops/second in (30.026897,1332.321372) seconds
2026/08/31-10:36:20  ... thread 13: (101000,4283000) ops and (3022.2,3172.3) ops/second in (33.419200,1350.131402) seconds
2026/08/31-10:36:23  ... thread 7: (123000,4305000) ops and (4057.7,3182.7) ops/second in (30.312957,1352.605002) seconds
2026/08/31-10:36:23  ... thread 9: (123000,4308000) ops and (4059.8,3185.0) ops/second in (30.297134,1352.610631) seconds
2026/08/31-10:36:23  ... thread 5: (124000,4306000) ops and (4089.8,3183.5) ops/second in (30.319534,1352.616269) seconds
2026/08/31-10:36:28  ... thread 14: (115000,4314000) ops and (3381.5,3176.2) ops/second in (34.008538,1358.241111) seconds
2026/08/31-10:36:28  ... thread 0: (108000,4314000) ops and (3357.7,3176.2) ops/second in (32.164553,1358.246238) seconds

** Compaction Stats [default] **
Level    Files   Size     Score Read(GB)  Rn(GB) Rnp1(GB) Write(GB) WPreComp(GB) Wnew(GB) Moved(GB) W-Amp Rd(MB/s) Wr(MB/s) Comp(sec) CompMergeCPU(sec) Comp(cnt) Avg(sec) KeyIn KeyDrop Rblob(GB) Wblob(GB)
-------------------------------------------------------------------------------------------------------------------------------------------------------------------------------------------------------------
  L0     15/8      4.58 GB   1.0     53.0     0.0     53.0     120.7     120.7     67.7       0.0   1.8     21.6     49.3   2506.70            262.29      1242    2.018    122M   114K       0.0       0.0
  L1     82/14     4.90 GB   1.0    198.2    63.1    135.0     195.1     195.1     60.1       0.0   3.1    338.2    333.0    599.93            625.41        39   15.383    201M  3078K       0.0       0.0
  L2    763/62    42.75 GB   1.0    162.0    47.1    114.9     151.2     151.2     36.3       8.1   3.2     19.8     18.5   8357.28            704.01       754   11.084    164M    11M       0.0       0.0
  L3     28/0      1.59 GB   0.0      0.0     0.0      0.0       0.0       0.0      0.0       1.6   0.0      0.0      0.0      0.00              0.00         0    0.000       0      0       0.0       0.0
 Sum    888/84    53.83 GB   0.0    413.1   110.3    302.9     467.0     467.0    164.1       9.7   6.9     36.9     41.7  11463.92           1591.71      2035    5.633    489M    14M       0.0       0.0
 Int      0/0      0.00 KB   0.0      8.6     1.4      7.3       9.9       9.9      2.7       0.0   5.5     15.0     17.2    588.88             51.46        56   10.516     10M   559K       0.0       0.0

** Compaction Stats [default] **
Priority    Files   Size     Score Read(GB)  Rn(GB) Rnp1(GB) Write(GB) WPreComp(GB) Wnew(GB) Moved(GB) W-Amp Rd(MB/s) Wr(MB/s) Comp(sec) CompMergeCPU(sec) Comp(cnt) Avg(sec) KeyIn KeyDrop Rblob(GB) Wblob(GB)
----------------------------------------------------------------------------------------------------------------------------------------------------------------------------------------------------------------
 Low      0/0      0.00 KB   0.0    413.1   110.3    302.9     399.1     399.1     96.2       0.0   0.0     44.1     42.6   9589.61           1470.60       915   10.480    420M    14M       0.0       0.0
High      0/0      0.00 KB   0.0      0.0     0.0      0.0      67.8      67.8     67.8       0.0   0.0      0.0     37.1   1874.31            121.11      1120    1.673     69M      0       0.0       0.0

Blob file count: 0, total size: 0.0 GB, garbage size: 0.0 GB, space amp: 0.0

Uptime(secs): 1358.3 total, 33.4 interval
Flush(GB): cumulative 67.843, interval 1.814
AddFile(GB): cumulative 0.000, interval 0.000
AddFile(Total Files): cumulative 0, interval 0
AddFile(L0 Files): cumulative 0, interval 0
AddFile(Keys): cumulative 0, interval 0
Cumulative compaction: 466.97 GB write, 352.06 MB/s write, 413.14 GB read, 311.47 MB/s read, 11463.9 seconds
Interval compaction: 9.91 GB write, 304.17 MB/s write, 8.65 GB read, 265.39 MB/s read, 588.9 seconds
Estimated pending compaction bytes: 51764121779
Write Stall (count): cf-l0-file-count-limit-delays-with-ongoing-compaction: 96, cf-l0-file-count-limit-stops-with-ongoing-compaction: 0, l0-file-count-limit-delays: 96, l0-file-count-limit-stops: 0, memtable-limit-delays: 0, memtable-limit-stops: 903, pending-compaction-bytes-delays: 0, pending-compaction-bytes-stops: 0, total-delays: 96, total-stops: 903
interval: 30 total count
Block cache AutoHyperClockCache@0x6499b23c82d0#2259139 capacity: 512.00 MB seed: 1 usage: 15.51 MB table_size: 6615 occupancy: 3688 collections: 8 last_copies: 1 last_secs: 0.000533 secs_since: 93
Block cache entry stats(count,size,portion): Misc(3688,15.11 MB,2.95066%)

** File Read Latency Histogram By Level [default] **
** Level 0 read latency histogram (micros):
Count: 29416837 Average: 3.4512  StdDev: 1723.37
Min: 0  Median: 0.9286  Max: 4398822
Percentiles: P50: 0.93 P75: 1.54 P99: 2.99 P99.9: 4.73 P99.99: 5.40
------------------------------------------------------
[       0,       1 ] 15839412  53.845%  53.845% ###########
(       1,       2 ] 11426569  38.844%  92.688% ########
(       2,       3 ]  1871922   6.363%  99.052% #
(       3,       4 ]   220473   0.749%  99.801% 
(       4,       6 ]    79560   0.270% 100.072% 
(       6,      10 ]    35539   0.121% 100.193% 
(      10,      15 ]    12240   0.042% 100.234% 
(      15,      22 ]     6986   0.024% 100.258% 
(      22,      34 ]      526   0.002% 100.260% 
(      34,      51 ]       87   0.000% 100.260% 
(      51,      76 ]      416   0.001% 100.261% 
(      76,     110 ]      783   0.003% 100.264% 
(     110,     170 ]       33   0.000% 100.264% 
(     170,     250 ]       21   0.000% 100.264% 
(     250,     380 ]       36   0.000% 100.264% 
(     380,     580 ]       40   0.000% 100.264% 
(     580,     870 ]       28   0.000% 100.265% 
(     870,    1300 ]        7   0.000% 100.265% 
(    1300,    1900 ]       19   0.000% 100.265% 
(    1900,    2900 ]       35   0.000% 100.265% 
(    2900,    4400 ]       17   0.000% 100.265% 
(    4400,    6600 ]        9   0.000% 100.265% 
(    6600,    9900 ]        7   0.000% 100.265% 
(    9900,   14000 ]        6   0.000% 100.265% 
(   14000,   22000 ]       17   0.000% 100.265% 
(   22000,   33000 ]       30   0.000% 100.265% 
(   33000,   50000 ]       48   0.000% 100.265% 
(   50000,   75000 ]       57   0.000% 100.265% 
(   75000,  110000 ]       70   0.000% 100.266% 
(  110000,  170000 ]       48   0.000% 100.266% 
(  170000,  250000 ]        6   0.000% 100.266% 
(  250000,  380000 ]        4   0.000% 100.266% 
(  570000,  860000 ]        1   0.000% 100.266% 
(  860000, 1200000 ]        5   0.000% 100.266% 
( 1200000, 1900000 ]        1   0.000% 100.266% 
( 1900000, 2900000 ]        6   0.000% 100.266% 
( 2900000, 4300000 ]        2   0.000% 100.266% 
( 4300000, 6500000 ]        1   0.000% 100.266% 

** Level 1 read latency histogram (micros):
Count: 47478555 Average: 1.6350  StdDev: 80.44
Min: 0  Median: 0.9120  Max: 147837
Percentiles: P50: 0.91 P75: 1.55 P99: 3.40 P99.9: 4.58 P99.99: 4.93
------------------------------------------------------
[       0,       1 ] 26028986  54.823%  54.823% ###########
(       1,       2 ] 17369354  36.584%  91.406% #######
(       2,       3 ]  3364235   7.086%  98.492% #
(       3,       4 ]   596483   1.256%  99.748% 
(       4,       6 ]   246869   0.520% 100.268% 
(       6,      10 ]    92742   0.195% 100.464% 
(      10,      15 ]    23165   0.049% 100.512% 
(      15,      22 ]    15882   0.033% 100.546% 
(      22,      34 ]     1606   0.003% 100.549% 
(      34,      51 ]      402   0.001% 100.550% 
(      51,      76 ]     1092   0.002% 100.552% 
(      76,     110 ]     1361   0.003% 100.555% 
(     110,     170 ]      421   0.001% 100.556% 
(     170,     250 ]      119   0.000% 100.556% 
(     250,     380 ]       20   0.000% 100.556% 
(     380,     580 ]        5   0.000% 100.556% 
(     580,     870 ]        4   0.000% 100.556% 
(     870,    1300 ]        2   0.000% 100.556% 
(    1300,    1900 ]        7   0.000% 100.556% 
(    1900,    2900 ]        1   0.000% 100.556% 
(    2900,    4400 ]        3   0.000% 100.556% 
(   33000,   50000 ]        1   0.000% 100.556% 
(  110000,  170000 ]       14   0.000% 100.557% 

** Level 2 read latency histogram (micros):
Count: 27387791 Average: 88.2701  StdDev: 4176.16
Min: 0  Median: 1.2617  Max: 3571420
Percentiles: P50: 1.26 P75: 1.89 P99: 669.42 P99.9: 1466.56 P99.99: 1633.82
------------------------------------------------------
[       0,       1 ] 10845474  39.600%  39.600% ########
(       1,       2 ] 10885164  39.745%  79.344% ########
(       2,       3 ]  3495261  12.762%  92.106% ###
(       3,       4 ]   856187   3.126%  95.233% #
(       4,       6 ]   259545   0.948%  96.180% 
(       6,      10 ]    47405   0.173%  96.353% 
(      10,      15 ]    27111   0.099%  96.452% 
(      15,      22 ]    16782   0.061%  96.514% 
(      22,      34 ]     6377   0.023%  96.537% 
(      34,      51 ]    13262   0.048%  96.585% 
(      51,      76 ]    38939   0.142%  96.727% 
(      76,     110 ]    23913   0.087%  96.815% 
(     110,     170 ]    93698   0.342%  97.157% 
(     170,     250 ]   118620   0.433%  97.590% 
(     250,     380 ]   161283   0.589%  98.179% 
(     380,     580 ]   175973   0.643%  98.821% 
(     580,     870 ]   158654   0.579%  99.401% 
(     870,    1300 ]   112211   0.410%  99.810% 
(    1300,    1900 ]    88423   0.323% 100.133% 
(    1900,    2900 ]    67297   0.246% 100.379% 
(    2900,    4400 ]    34848   0.127% 100.506% 
(    4400,    6600 ]    18939   0.069% 100.575% 
(    6600,    9900 ]     6344   0.023% 100.599% 
(    9900,   14000 ]     2335   0.009% 100.607% 
(   14000,   22000 ]     2576   0.009% 100.616% 
(   22000,   33000 ]     2416   0.009% 100.625% 
(   33000,   50000 ]     2491   0.009% 100.634% 
(   50000,   75000 ]     2546   0.009% 100.644% 
(   75000,  110000 ]     2344   0.009% 100.652% 
(  110000,  170000 ]     2079   0.008% 100.660% 
(  170000,  250000 ]     1098   0.004% 100.664% 
(  250000,  380000 ]      315   0.001% 100.665% 
(  380000,  570000 ]       72   0.000% 100.665% 
(  570000,  860000 ]       34   0.000% 100.665% 
(  860000, 1200000 ]       23   0.000% 100.665% 
( 1200000, 1900000 ]       24   0.000% 100.666% 
( 1900000, 2900000 ]       23   0.000% 100.666% 
( 2900000, 4300000 ]        8   0.000% 100.666% 


** DB Stats **
Uptime(secs): 1358.3 total, 32.2 interval
Cumulative writes: 69M writes, 69M keys, 8873K commit groups, 7.8 writes per commit group, ingest: 67.23 GB, 50.68 MB/s
Cumulative WAL: 69M writes, 0 syncs, 69040592.00 writes per sync, written: 67.23 GB, 50.68 MB/s
Cumulative stall: 00:19:17.858 H:M:S, 85.2 percent
Interval writes: 1725K writes, 1725K keys, 223K commit groups, 7.7 writes per commit group, ingest: 1720.69 MB, 53.50 MB/s
Interval WAL: 1725K writes, 0 syncs, 1725667.00 writes per sync, written: 1.68 GB, 53.50 MB/s
Interval stall: 00:00:27.705 H:M:S, 86.1 percent
Write Stall (count): write-buffer-manager-limit-stops: 0
num-running-compactions: 17
num-running-flushes: 0

2026/08/31-10:36:28  ... thread 1: (115000,4315000) ops and (3380.4,3176.9) ops/second in (34.019168,1358.254029) seconds
2026/08/31-10:36:28  ... thread 3: (108000,4313000) ops and (3357.4,3175.4) ops/second in (32.167866,1358.257595) seconds
2026/08/31-10:36:28  ... thread 6: (117000,4315000) ops and (3368.3,3176.9) ops/second in (34.736014,1358.257971) seconds
2026/08/31-10:36:28  ... thread 12: (108000,4321000) ops and (3356.1,3181.2) ops/second in (32.179824,1358.284822) seconds
2026/08/31-10:36:28  ... thread 4: (108000,4317000) ops and (3355.0,3178.3) ops/second in (32.190954,1358.287479) seconds
2026/08/31-10:36:28  ... thread 15: (108000,4315000) ops and (3355.1,3176.8) ops/second in (32.189435,1358.288591) seconds
2026/08/31-10:36:28  ... thread 10: (116000,4317000) ops and (3404.9,3178.3) ops/second in (34.068178,1358.291223) seconds
2026/08/31-10:36:33  ... thread 2: (127000,4355000) ops and (4144.0,3195.3) ops/second in (30.646668,1362.943160) seconds
2026/08/31-10:36:33  ... thread 11: (127000,4355000) ops and (4144.8,3195.3) ops/second in (30.640648,1362.953339) seconds
2026/08/31-10:36:33  ... thread 8: (127000,4355000) ops and (4144.5,3195.2) ops/second in (30.643297,1362.964669) seconds
2026/08/31-10:36:51  ... thread 13: (114000,4397000) ops and (3719.7,3184.4) ops/second in (30.647673,1380.779075) seconds
2026/08/31-10:36:53  ... thread 7: (93000,4398000) ops and (3038.5,3179.6) ops/second in (30.607255,1383.212257) seconds
2026/08/31-10:36:54  ... thread 9: (93000,4401000) ops and (2982.3,3180.4) ops/second in (31.183953,1383.794584) seconds
2026/08/31-10:36:55  ... thread 5: (93000,4399000) ops and (2903.5,3177.0) ops/second in (32.030393,1384.646662) seconds
2026/08/31-10:36:59  ... thread 12: (87000,4408000) ops and (2834.9,3173.6) ops/second in (30.689255,1388.974077) seconds
2026/08/31-10:36:59  ... thread 6: (87000,4402000) ops and (2822.9,3169.0) ops/second in (30.819216,1389.077187) seconds
2026/08/31-10:37:00  ... thread 3: (87000,4400000) ops and (2772.9,3166.3) ops/second in (31.375013,1389.632608) seconds
2026/08/31-10:37:00  ... thread 4: (87000,4404000) ops and (2743.0,3168.3) ops/second in (31.717163,1390.004642) seconds
2026/08/31-10:37:01  ... thread 14: (88000,4402000) ops and (2687.9,3164.7) ops/second in (32.739719,1390.980830) seconds
2026/08/31-10:37:01  ... thread 0: (88000,4402000) ops and (2673.6,3164.3) ops/second in (32.914231,1391.160469) seconds

** Compaction Stats [default] **
Level    Files   Size     Score Read(GB)  Rn(GB) Rnp1(GB) Write(GB) WPreComp(GB) Wnew(GB) Moved(GB) W-Amp Rd(MB/s) Wr(MB/s) Comp(sec) CompMergeCPU(sec) Comp(cnt) Avg(sec) KeyIn KeyDrop Rblob(GB) Wblob(GB)
-------------------------------------------------------------------------------------------------------------------------------------------------------------------------------------------------------------
  L0     22/16     5.91 GB   0.8     54.2     0.0     54.2     123.3     123.3     69.1       0.0   1.8     21.7     49.4   2554.69            268.03      1269    2.013    125M   115K       0.0       0.0
  L1     68/68     4.03 GB   0.0    198.2    63.1    135.0     195.1     195.1     60.1       0.0   3.1    338.2    333.0    599.93            625.41        39   15.383    201M  3078K       0.0       0.0
  L2    712/0     39.95 GB   1.0    166.4    48.0    118.4     155.2     155.2     36.8       8.1   3.2     19.7     18.4   8647.54            730.74       768   11.260    169M    11M       0.0       0.0
  L3     88/0      4.91 GB   0.0      0.0     0.0      0.0       0.0       0.0      0.0       4.9   0.0      0.0      0.0      0.00              0.00         0    0.000       0      0       0.0       0.0
 Sum    890/84    54.81 GB   0.0    418.8   111.1    307.6     473.6     473.6    165.9      13.0   6.8     36.3     41.1  11802.16           1624.18      2076    5.685    496M    14M       0.0       0.0
 Int      0/0      0.00 KB   0.0      0.0     0.0      0.0       0.1       0.1      0.1       0.0   1.0      0.0     10.4      5.92              0.12         1    5.919     61K      0       0.0       0.0

** Compaction Stats [default] **
Priority    Files   Size     Score Read(GB)  Rn(GB) Rnp1(GB) Write(GB) WPreComp(GB) Wnew(GB) Moved(GB) W-Amp Rd(MB/s) Wr(MB/s) Comp(sec) CompMergeCPU(sec) Comp(cnt) Avg(sec) KeyIn KeyDrop Rblob(GB) Wblob(GB)
----------------------------------------------------------------------------------------------------------------------------------------------------------------------------------------------------------------
 Low      0/0      0.00 KB   0.0    418.8   111.1    307.6     404.4     404.4     96.8       0.0   0.0     43.3     41.8   9896.73           1500.65       934   10.596    426M    14M       0.0       0.0
High      0/0      0.00 KB   0.0      0.0     0.0      0.0      69.2      69.2     69.2       0.0   0.0      0.0     37.2   1905.43            123.53      1142    1.669     70M      0       0.0       0.0

Blob file count: 0, total size: 0.0 GB, garbage size: 0.0 GB, space amp: 0.0

Uptime(secs): 1391.2 total, 6.3 interval
Flush(GB): cumulative 69.177, interval 0.060
AddFile(GB): cumulative 0.000, interval 0.000
AddFile(Total Files): cumulative 0, interval 0
AddFile(L0 Files): cumulative 0, interval 0
AddFile(Keys): cumulative 0, interval 0
Cumulative compaction: 473.57 GB write, 348.58 MB/s write, 418.76 GB read, 308.23 MB/s read, 11802.2 seconds
Interval compaction: 0.06 GB write, 9.79 MB/s write, 0.00 GB read, 0.00 MB/s read, 5.9 seconds
Estimated pending compaction bytes: 49720992219
Write Stall (count): cf-l0-file-count-limit-delays-with-ongoing-compaction: 99, cf-l0-file-count-limit-stops-with-ongoing-compaction: 0, l0-file-count-limit-delays: 99, l0-file-count-limit-stops: 0, memtable-limit-delays: 0, memtable-limit-stops: 923, pending-compaction-bytes-delays: 0, pending-compaction-bytes-stops: 0, total-delays: 99, total-stops: 923
interval: 1 total count
Block cache AutoHyperClockCache@0x6499b23c82d0#2259139 capacity: 512.00 MB seed: 1 usage: 15.51 MB table_size: 6615 occupancy: 3688 collections: 8 last_copies: 2 last_secs: 0.000533 secs_since: 126
Block cache entry stats(count,size,portion): Misc(3688,15.11 MB,2.95066%)

** File Read Latency Histogram By Level [default] **
** Level 0 read latency histogram (micros):
Count: 30942252 Average: 3.3905  StdDev: 1681.64
Min: 0  Median: 0.9332  Max: 4398822
Percentiles: P50: 0.93 P75: 1.55 P99: 2.99 P99.9: 4.64 P99.99: 5.31
------------------------------------------------------
[       0,       1 ] 16578577  53.579%  53.579% ###########
(       1,       2 ] 12083077  39.050%  92.630% ########
(       2,       3 ]  1988695   6.427%  99.057% #
(       3,       4 ]   234203   0.757%  99.814% 
(       4,       6 ]    83565   0.270% 100.084% 
(       6,      10 ]    37847   0.122% 100.206% 
(      10,      15 ]    13266   0.043% 100.249% 
(      15,      22 ]     7558   0.024% 100.273% 
(      22,      34 ]      567   0.002% 100.275% 
(      34,      51 ]       90   0.000% 100.275% 
(      51,      76 ]      430   0.001% 100.277% 
(      76,     110 ]      795   0.003% 100.279% 
(     110,     170 ]       33   0.000% 100.279% 
(     170,     250 ]       23   0.000% 100.279% 
(     250,     380 ]       38   0.000% 100.280% 
(     380,     580 ]       41   0.000% 100.280% 
(     580,     870 ]       28   0.000% 100.280% 
(     870,    1300 ]        8   0.000% 100.280% 
(    1300,    1900 ]       19   0.000% 100.280% 
(    1900,    2900 ]       36   0.000% 100.280% 
(    2900,    4400 ]       17   0.000% 100.280% 
(    4400,    6600 ]        9   0.000% 100.280% 
(    6600,    9900 ]        7   0.000% 100.280% 
(    9900,   14000 ]        6   0.000% 100.280% 
(   14000,   22000 ]       17   0.000% 100.280% 
(   22000,   33000 ]       30   0.000% 100.280% 
(   33000,   50000 ]       48   0.000% 100.280% 
(   50000,   75000 ]       59   0.000% 100.281% 
(   75000,  110000 ]       71   0.000% 100.281% 
(  110000,  170000 ]       51   0.000% 100.281% 
(  170000,  250000 ]        7   0.000% 100.281% 
(  250000,  380000 ]        4   0.000% 100.281% 
(  570000,  860000 ]        1   0.000% 100.281% 
(  860000, 1200000 ]        5   0.000% 100.281% 
( 1200000, 1900000 ]        1   0.000% 100.281% 
( 1900000, 2900000 ]        6   0.000% 100.281% 
( 2900000, 4300000 ]        2   0.000% 100.281% 
( 4300000, 6500000 ]        1   0.000% 100.281% 

** Level 1 read latency histogram (micros):
Count: 48503497 Average: 1.6328  StdDev: 79.58
Min: 0  Median: 0.9110  Max: 147837
Percentiles: P50: 0.91 P75: 1.55 P99: 3.40 P99.9: 4.59 P99.99: 4.94
------------------------------------------------------
[       0,       1 ] 26620020  54.883%  54.883% ###########
(       1,       2 ] 17729759  36.554%  91.436% #######
(       2,       3 ]  3425676   7.063%  98.499% #
(       3,       4 ]   605508   1.248%  99.747% 
(       4,       6 ]   250189   0.516% 100.263% 
(       6,      10 ]    94422   0.195% 100.458% 
(      10,      15 ]    23829   0.049% 100.507% 
(      15,      22 ]    16250   0.034% 100.540% 
(      22,      34 ]     1632   0.003% 100.544% 
(      34,      51 ]      402   0.001% 100.545% 
(      51,      76 ]     1093   0.002% 100.547% 
(      76,     110 ]     1361   0.003% 100.550% 
(     110,     170 ]      421   0.001% 100.551% 
(     170,     250 ]      119   0.000% 100.551% 
(     250,     380 ]       20   0.000% 100.551% 
(     380,     580 ]        5   0.000% 100.551% 
(     580,     870 ]        4   0.000% 100.551% 
(     870,    1300 ]        2   0.000% 100.551% 
(    1300,    1900 ]        7   0.000% 100.551% 
(    1900,    2900 ]        1   0.000% 100.551% 
(    2900,    4400 ]        3   0.000% 100.551% 
(   33000,   50000 ]        1   0.000% 100.551% 
(  110000,  170000 ]       14   0.000% 100.551% 

** Level 2 read latency histogram (micros):
Count: 27732455 Average: 88.1784  StdDev: 4156.28
Min: 0  Median: 1.2654  Max: 3571420
Percentiles: P50: 1.27 P75: 1.89 P99: 676.08 P99.9: 1479.02 P99.99: 1645.16
------------------------------------------------------
[       0,       1 ] 10937173  39.438%  39.438% ########
(       1,       2 ] 11034885  39.791%  79.229% ########
(       2,       3 ]  3551650  12.807%  92.036% ###
(       3,       4 ]   870071   3.137%  95.173% #
(       4,       6 ]   263266   0.949%  96.122% 
(       6,      10 ]    48164   0.174%  96.296% 
(      10,      15 ]    27574   0.099%  96.395% 
(      15,      22 ]    17069   0.062%  96.457% 
(      22,      34 ]     6445   0.023%  96.480% 
(      34,      51 ]    14489   0.052%  96.532% 
(      51,      76 ]    40650   0.147%  96.679% 
(      76,     110 ]    24914   0.090%  96.769% 
(     110,     170 ]    97182   0.350%  97.119% 
(     170,     250 ]   122873   0.443%  97.562% 
(     250,     380 ]   165223   0.596%  98.158% 
(     380,     580 ]   179828   0.648%  98.806% 
(     580,     870 ]   162007   0.584%  99.391% 
(     870,    1300 ]   114366   0.412%  99.803% 
(    1300,    1900 ]    90137   0.325% 100.128% 
(    1900,    2900 ]    68621   0.247% 100.375% 
(    2900,    4400 ]    35474   0.128% 100.503% 
(    4400,    6600 ]    19222   0.069% 100.573% 
(    6600,    9900 ]     6391   0.023% 100.596% 
(    9900,   14000 ]     2350   0.008% 100.604% 
(   14000,   22000 ]     2588   0.009% 100.614% 
(   22000,   33000 ]     2422   0.009% 100.622% 
(   33000,   50000 ]     2507   0.009% 100.631% 
(   50000,   75000 ]     2570   0.009% 100.641% 
(   75000,  110000 ]     2357   0.008% 100.649% 
(  110000,  170000 ]     2086   0.008% 100.657% 
(  170000,  250000 ]     1107   0.004% 100.661% 
(  250000,  380000 ]      318   0.001% 100.662% 
(  380000,  570000 ]       74   0.000% 100.662% 
(  570000,  860000 ]       34   0.000% 100.662% 
(  860000, 1200000 ]       23   0.000% 100.662% 
( 1200000, 1900000 ]       24   0.000% 100.662% 
( 1900000, 2900000 ]       23   0.000% 100.662% 
( 2900000, 4300000 ]        8   0.000% 100.662% 


** DB Stats **
Uptime(secs): 1391.2 total, 6.3 interval
Cumulative writes: 70M writes, 70M keys, 9061K commit groups, 7.8 writes per commit group, ingest: 68.60 GB, 50.49 MB/s
Cumulative WAL: 70M writes, 0 syncs, 70449289.00 writes per sync, written: 68.60 GB, 50.49 MB/s
Cumulative stall: 00:19:40.535 H:M:S, 84.9 percent
Interval writes: 36K writes, 36K keys, 6556 commit groups, 5.6 writes per commit group, ingest: 36.40 MB, 5.80 MB/s
Interval WAL: 36K writes, 0 syncs, 36486.00 writes per sync, written: 0.04 GB, 5.80 MB/s
Interval stall: 00:00:2.954 H:M:S, 47.1 percent
Write Stall (count): write-buffer-manager-limit-stops: 0
num-running-compactions: 1
num-running-flushes: 0

2026/08/31-10:37:01  ... thread 15: (87000,4402000) ops and (2638.1,3164.0) ops/second in (32.978352,1391.266943) seconds
2026/08/31-10:37:01  ... thread 1: (88000,4403000) ops and (2659.2,3164.6) ops/second in (33.092978,1391.347007) seconds
2026/08/31-10:37:01  ... thread 10: (87000,4404000) ops and (2623.5,3165.0) ops/second in (33.161572,1391.452795) seconds
2026/08/31-10:37:08  ... thread 2: (54000,4409000) ops and (1556.6,3154.6) ops/second in (34.691404,1397.634564) seconds
2026/08/31-10:37:08  ... thread 11: (54000,4409000) ops and (1556.4,3154.6) ops/second in (34.694427,1397.647766) seconds
2026/08/31-10:37:08  ... thread 8: (54000,4409000) ops and (1556.5,3154.6) ops/second in (34.692689,1397.657358) seconds
2026/08/31-10:37:22  ... thread 13: (56000,4453000) ops and (1818.0,3154.6) ops/second in (30.803760,1411.582835) seconds
2026/08/31-10:37:28  ... thread 5: (68000,4467000) ops and (2045.3,3150.4) ops/second in (33.247427,1417.894089) seconds
2026/08/31-10:37:28  ... thread 9: (69000,4470000) ops and (2022.9,3152.5) ops/second in (34.108834,1417.903418) seconds
2026/08/31-10:37:28  ... thread 7: (69000,4467000) ops and (1988.7,3150.4) ops/second in (34.695239,1417.907496) seconds
2026/08/31-10:37:29  ... thread 12: (82000,4490000) ops and (2681.8,3163.0) ops/second in (30.577030,1419.551107) seconds
2026/08/31-10:37:29  ... thread 6: (82000,4484000) ops and (2690.2,3158.7) ops/second in (30.480705,1419.557892) seconds
2026/08/31-10:37:30  ... thread 3: (85000,4485000) ops and (2832.2,3159.2) ops/second in (30.012216,1419.644824) seconds
2026/08/31-10:37:31  ... thread 4: (90000,4494000) ops and (2940.6,3163.4) ops/second in (30.606086,1420.610728) seconds
2026/08/31-10:37:36  ... thread 15: (97000,4499000) ops and (2803.9,3155.3) ops/second in (34.595029,1425.861972) seconds
2026/08/31-10:37:36  ... thread 0: (97000,4499000) ops and (2794.6,3155.3) ops/second in (34.709921,1425.870390) seconds

** Compaction Stats [default] **
Level    Files   Size     Score Read(GB)  Rn(GB) Rnp1(GB) Write(GB) WPreComp(GB) Wnew(GB) Moved(GB) W-Amp Rd(MB/s) Wr(MB/s) Comp(sec) CompMergeCPU(sec) Comp(cnt) Avg(sec) KeyIn KeyDrop Rblob(GB) Wblob(GB)
-------------------------------------------------------------------------------------------------------------------------------------------------------------------------------------------------------------
  L0     18/13     1.93 GB   0.6     55.1     0.0     55.1     125.7     125.7     70.6       0.0   1.8     21.7     49.4   2605.69            273.17      1296    2.011    128M   119K       0.0       0.0
  L1    119/19     7.07 GB   1.5    207.7    68.7    139.0     204.3     204.3     65.3       0.0   3.0    342.0    336.4    622.01            655.47        40   15.550    211M  3433K       0.0       0.0
  L2    742/70    41.55 GB   0.9    172.3    49.6    122.7     160.6     160.6     37.9       8.6   3.2     19.6     18.2   9012.98            762.94       796   11.323    175M    11M       0.0       0.0
  L3     88/0      4.91 GB   0.0      0.0     0.0      0.0       0.0       0.0      0.0       4.9   0.0      0.0      0.0      0.00              0.00         0    0.000       0      0       0.0       0.0
 Sum    967/102   55.46 GB   0.0    435.2   118.3    316.8     490.6     490.6    173.8      13.5   6.9     36.4     41.0  12240.69           1691.57      2132    5.741    514M    15M       0.0       0.0
 Int      0/0      0.00 KB   0.0     16.4     7.2      9.2      17.1      17.1      7.9       0.5  10.5     37.8     39.5    444.44             67.51        57    7.797     18M   930K       0.0       0.0

** Compaction Stats [default] **
Priority    Files   Size     Score Read(GB)  Rn(GB) Rnp1(GB) Write(GB) WPreComp(GB) Wnew(GB) Moved(GB) W-Amp Rd(MB/s) Wr(MB/s) Comp(sec) CompMergeCPU(sec) Comp(cnt) Avg(sec) KeyIn KeyDrop Rblob(GB) Wblob(GB)
----------------------------------------------------------------------------------------------------------------------------------------------------------------------------------------------------------------
 Low      0/0      0.00 KB   0.0    435.2   118.3    316.8     419.9     419.9    103.1       0.0   0.0     43.3     41.8  10293.06           1565.01       964   10.677    442M    15M       0.0       0.0
High      0/0      0.00 KB   0.0      0.0     0.0      0.0      70.7      70.7     70.7       0.0   0.0      0.0     37.2   1947.62            126.56      1168    1.667     71M      0       0.0       0.0

Blob file count: 0, total size: 0.0 GB, garbage size: 0.0 GB, space amp: 0.0

Uptime(secs): 1425.9 total, 41.0 interval
Flush(GB): cumulative 70.748, interval 1.631
AddFile(GB): cumulative 0.000, interval 0.000
AddFile(Total Files): cumulative 0, interval 0
AddFile(L0 Files): cumulative 0, interval 0
AddFile(Keys): cumulative 0, interval 0
Cumulative compaction: 490.63 GB write, 352.35 MB/s write, 435.17 GB read, 312.52 MB/s read, 12240.7 seconds
Interval compaction: 17.13 GB write, 427.89 MB/s write, 16.41 GB read, 410.04 MB/s read, 444.4 seconds
Estimated pending compaction bytes: 47588082763
Write Stall (count): cf-l0-file-count-limit-delays-with-ongoing-compaction: 104, cf-l0-file-count-limit-stops-with-ongoing-compaction: 0, l0-file-count-limit-delays: 104, l0-file-count-limit-stops: 0, memtable-limit-delays: 0, memtable-limit-stops: 945, pending-compaction-bytes-delays: 0, pending-compaction-bytes-stops: 0, total-delays: 104, total-stops: 945
interval: 28 total count
Block cache AutoHyperClockCache@0x6499b23c82d0#2259139 capacity: 512.00 MB seed: 1 usage: 15.51 MB table_size: 6615 occupancy: 3688 collections: 8 last_copies: 2 last_secs: 0.000533 secs_since: 161
Block cache entry stats(count,size,portion): Misc(3688,15.11 MB,2.95066%)

** File Read Latency Histogram By Level [default] **
** Level 0 read latency histogram (micros):
Count: 31482440 Average: 3.3660  StdDev: 1667.37
Min: 0  Median: 0.9285  Max: 4398822
Percentiles: P50: 0.93 P75: 1.54 P99: 2.99 P99.9: 4.65 P99.99: 5.33
------------------------------------------------------
[       0,       1 ] 16953186  53.850%  53.850% ###########
(       1,       2 ] 12230490  38.849%  92.698% ########
(       2,       3 ]  2003418   6.364%  99.062% #
(       3,       4 ]   236256   0.750%  99.812% 
(       4,       6 ]    84411   0.268% 100.080% 
(       6,      10 ]    38410   0.122% 100.202% 
(      10,      15 ]    13510   0.043% 100.245% 
(      15,      22 ]     7723   0.025% 100.270% 
(      22,      34 ]      574   0.002% 100.272% 
(      34,      51 ]       92   0.000% 100.272% 
(      51,      76 ]      443   0.001% 100.273% 
(      76,     110 ]      808   0.003% 100.276% 
(     110,     170 ]       35   0.000% 100.276% 
(     170,     250 ]       24   0.000% 100.276% 
(     250,     380 ]       38   0.000% 100.276% 
(     380,     580 ]       41   0.000% 100.276% 
(     580,     870 ]       28   0.000% 100.276% 
(     870,    1300 ]        8   0.000% 100.277% 
(    1300,    1900 ]       20   0.000% 100.277% 
(    1900,    2900 ]       36   0.000% 100.277% 
(    2900,    4400 ]       17   0.000% 100.277% 
(    4400,    6600 ]       10   0.000% 100.277% 
(    6600,    9900 ]        8   0.000% 100.277% 
(    9900,   14000 ]        7   0.000% 100.277% 
(   14000,   22000 ]       17   0.000% 100.277% 
(   22000,   33000 ]       30   0.000% 100.277% 
(   33000,   50000 ]       48   0.000% 100.277% 
(   50000,   75000 ]       61   0.000% 100.277% 
(   75000,  110000 ]       73   0.000% 100.278% 
(  110000,  170000 ]       51   0.000% 100.278% 
(  170000,  250000 ]        7   0.000% 100.278% 
(  250000,  380000 ]        4   0.000% 100.278% 
(  570000,  860000 ]        1   0.000% 100.278% 
(  860000, 1200000 ]        5   0.000% 100.278% 
( 1200000, 1900000 ]        1   0.000% 100.278% 
( 1900000, 2900000 ]        6   0.000% 100.278% 
( 2900000, 4300000 ]        2   0.000% 100.278% 
( 4300000, 6500000 ]        1   0.000% 100.278% 

** Level 1 read latency histogram (micros):
Count: 49247538 Average: 1.6428  StdDev: 78.98
Min: 0  Median: 0.9183  Max: 147837
Percentiles: P50: 0.92 P75: 1.56 P99: 3.47 P99.9: 4.74 P99.99: 5.07
------------------------------------------------------
[       0,       1 ] 26813360  54.446%  54.446% ###########
(       1,       2 ] 18028137  36.607%  91.053% #######
(       2,       3 ]  3607274   7.325%  98.378% #
(       3,       4 ]   648952   1.318%  99.696% 
(       4,       6 ]   271635   0.552% 100.247% 
(       6,      10 ]    99638   0.202% 100.450% 
(      10,      15 ]    25164   0.051% 100.501% 
(      15,      22 ]    17265   0.035% 100.536% 
(      22,      34 ]     1733   0.004% 100.539% 
(      34,      51 ]      419   0.001% 100.540% 
(      51,      76 ]     1125   0.002% 100.542% 
(      76,     110 ]     1454   0.003% 100.545% 
(     110,     170 ]      436   0.001% 100.546% 
(     170,     250 ]      122   0.000% 100.547% 
(     250,     380 ]       20   0.000% 100.547% 
(     380,     580 ]        5   0.000% 100.547% 
(     580,     870 ]        4   0.000% 100.547% 
(     870,    1300 ]        2   0.000% 100.547% 
(    1300,    1900 ]        7   0.000% 100.547% 
(    1900,    2900 ]        1   0.000% 100.547% 
(    2900,    4400 ]        3   0.000% 100.547% 
(   33000,   50000 ]        1   0.000% 100.547% 
(  110000,  170000 ]       14   0.000% 100.547% 

** Level 2 read latency histogram (micros):
Count: 29249417 Average: 92.6431  StdDev: 4332.86
Min: 0  Median: 1.2892  Max: 3571420
Percentiles: P50: 1.29 P75: 1.91 P99: 715.32 P99.9: 1540.44 P99.99: 1698.24
------------------------------------------------------
[       0,       1 ] 11237787  38.421%  38.421% ########
(       1,       2 ] 11712376  40.043%  78.464% ########
(       2,       3 ]  3863315  13.208%  91.672% ###
(       3,       4 ]   953942   3.261%  94.933% #
(       4,       6 ]   290328   0.993%  95.926% 
(       6,      10 ]    51827   0.177%  96.103% 
(      10,      15 ]    30167   0.103%  96.206% 
(      15,      22 ]    18633   0.064%  96.270% 
(      22,      34 ]     6718   0.023%  96.293% 
(      34,      51 ]    15480   0.053%  96.346% 
(      51,      76 ]    44170   0.151%  96.497% 
(      76,     110 ]    27235   0.093%  96.590% 
(     110,     170 ]   106789   0.365%  96.955% 
(     170,     250 ]   134922   0.461%  97.416% 
(     250,     380 ]   181688   0.621%  98.037% 
(     380,     580 ]   197859   0.676%  98.714% 
(     580,     870 ]   179348   0.613%  99.327% 
(     870,    1300 ]   127475   0.436%  99.763% 
(    1300,    1900 ]   100090   0.342% 100.105% 
(    1900,    2900 ]    75994   0.260% 100.365% 
(    2900,    4400 ]    39561   0.135% 100.500% 
(    4400,    6600 ]    21262   0.073% 100.573% 
(    6600,    9900 ]     6989   0.024% 100.597% 
(    9900,   14000 ]     2577   0.009% 100.606% 
(   14000,   22000 ]     2855   0.010% 100.615% 
(   22000,   33000 ]     2666   0.009% 100.624% 
(   33000,   50000 ]     2766   0.009% 100.634% 
(   50000,   75000 ]     2847   0.010% 100.644% 
(   75000,  110000 ]     2639   0.009% 100.653% 
(  110000,  170000 ]     2295   0.008% 100.660% 
(  170000,  250000 ]     1229   0.004% 100.665% 
(  250000,  380000 ]      366   0.001% 100.666% 
(  380000,  570000 ]       76   0.000% 100.666% 
(  570000,  860000 ]       34   0.000% 100.666% 
(  860000, 1200000 ]       27   0.000% 100.666% 
( 1200000, 1900000 ]       24   0.000% 100.666% 
( 1900000, 2900000 ]       26   0.000% 100.667% 
( 2900000, 4300000 ]       11   0.000% 100.667% 


** DB Stats **
Uptime(secs): 1425.9 total, 34.7 interval
Cumulative writes: 72M writes, 72M keys, 9262K commit groups, 7.8 writes per commit group, ingest: 70.11 GB, 50.35 MB/s
Cumulative WAL: 72M writes, 0 syncs, 72000963.00 writes per sync, written: 70.11 GB, 50.35 MB/s
Cumulative stall: 00:20:11.556 H:M:S, 85.0 percent
Interval writes: 1551K writes, 1551K keys, 200K commit groups, 7.7 writes per commit group, ingest: 1547.21 MB, 44.58 MB/s
Interval WAL: 1551K writes, 0 syncs, 1551674.00 writes per sync, written: 1.51 GB, 44.58 MB/s
Interval stall: 00:00:31.021 H:M:S, 89.4 percent
Write Stall (count): write-buffer-manager-limit-stops: 0
num-running-compactions: 18
num-running-flushes: 0

2026/08/31-10:37:36  ... thread 1: (97000,4500000) ops and (2809.4,3156.0) ops/second in (34.526774,1425.873781) seconds
2026/08/31-10:37:36  ... thread 14: (97000,4499000) ops and (2779.7,3155.3) ops/second in (34.895385,1425.876215) seconds
2026/08/31-10:37:36  ... thread 10: (97000,4501000) ops and (2817.8,3156.7) ops/second in (34.424131,1425.876926) seconds
2026/08/31-10:37:38  ... thread 2: (100000,4509000) ops and (3241.5,3156.5) ops/second in (30.849527,1428.484091) seconds
2026/08/31-10:37:38  ... thread 11: (100000,4509000) ops and (3241.9,3156.5) ops/second in (30.846114,1428.493880) seconds
2026/08/31-10:37:38  ... thread 8: (100000,4509000) ops and (3242.6,3156.5) ops/second in (30.839203,1428.496561) seconds
2026/08/31-10:37:58  ... thread 7: (104000,4571000) ops and (3401.0,3155.7) ops/second in (30.578883,1448.486379) seconds
2026/08/31-10:37:58  ... thread 9: (104000,4574000) ops and (3399.4,3157.8) ops/second in (30.593482,1448.496900) seconds
2026/08/31-10:37:58  ... thread 13: (119000,4572000) ops and (3222.6,3156.3) ops/second in (36.927141,1448.509976) seconds
2026/08/31-10:37:58  ... thread 5: (105000,4572000) ops and (3429.4,3156.3) ops/second in (30.617538,1448.511627) seconds
2026/08/31-10:38:00  ... thread 6: (104000,4588000) ops and (3446.6,3164.7) ops/second in (30.175088,1449.732980) seconds
2026/08/31-10:38:00  ... thread 12: (104000,4594000) ops and (3444.8,3168.8) ops/second in (30.190744,1449.741851) seconds
2026/08/31-10:38:00  ... thread 3: (101000,4586000) ops and (3355.0,3163.3) ops/second in (30.104046,1449.748870) seconds
2026/08/31-10:38:01  ... thread 4: (104000,4598000) ops and (3375.9,3167.9) ops/second in (30.806420,1451.417148) seconds
2026/08/31-10:38:07  ... thread 1: (104000,4604000) ops and (3324.0,3159.6) ops/second in (31.287987,1457.161768) seconds
2026/08/31-10:38:07  ... thread 10: (104000,4605000) ops and (3323.5,3160.2) ops/second in (31.292082,1457.169008) seconds
2026/08/31-10:38:07  ... thread 0: (104000,4603000) ops and (3322.8,3158.9) ops/second in (31.299341,1457.169731) seconds

** Compaction Stats [default] **
Level    Files   Size     Score Read(GB)  Rn(GB) Rnp1(GB) Write(GB) WPreComp(GB) Wnew(GB) Moved(GB) W-Amp Rd(MB/s) Wr(MB/s) Comp(sec) CompMergeCPU(sec) Comp(cnt) Avg(sec) KeyIn KeyDrop Rblob(GB) Wblob(GB)
-------------------------------------------------------------------------------------------------------------------------------------------------------------------------------------------------------------
  L0     12/6      3.50 GB   0.8     57.3     0.0     57.3     129.5     129.5     72.2       0.0   1.8     21.9     49.5   2679.53            281.99      1326    2.021    131M   125K       0.0       0.0
  L1     94/17     5.62 GB   1.1    207.7    68.7    139.0     204.3     204.3     65.3       0.0   3.0    342.0    336.4    622.01            655.47        40   15.550    211M  3433K       0.0       0.0
  L2    759/78    42.39 GB   1.0    179.3    51.2    128.1     166.9     166.9     38.8       8.6   3.3     19.3     18.0   9509.96            807.37       820   11.598    182M    12M       0.0       0.0
  L3     88/0      4.91 GB   0.0      0.0     0.0      0.0       0.0       0.0      0.0       4.9   0.0      0.0      0.0      0.00              0.00         0    0.000       0      0       0.0       0.0
 Sum    953/101   56.43 GB   0.0    444.3   119.9    324.4     500.7     500.7    176.3      13.5   6.9     35.5     40.0  12811.50           1744.83      2186    5.861    525M    16M       0.0       0.0
 Int      0/0      0.00 KB   0.0      3.5     0.5      3.0       3.8       3.8      0.9       0.0   7.0     16.2     17.7    221.22             19.96        19   11.643   4125K   236K       0.0       0.0

** Compaction Stats [default] **
Priority    Files   Size     Score Read(GB)  Rn(GB) Rnp1(GB) Write(GB) WPreComp(GB) Wnew(GB) Moved(GB) W-Amp Rd(MB/s) Wr(MB/s) Comp(sec) CompMergeCPU(sec) Comp(cnt) Avg(sec) KeyIn KeyDrop Rblob(GB) Wblob(GB)
----------------------------------------------------------------------------------------------------------------------------------------------------------------------------------------------------------------
 Low      0/0      0.00 KB   0.0    444.3   119.9    324.4     428.4     428.4    103.9       0.0   0.0     42.1     40.5  10817.89           1615.24       992   10.905    452M    16M       0.0       0.0
High      0/0      0.00 KB   0.0      0.0     0.0      0.0      72.3      72.3     72.3       0.0   0.0      0.0     37.1   1993.61            129.59      1194    1.670     73M      0       0.0       0.0

Blob file count: 0, total size: 0.0 GB, garbage size: 0.0 GB, space amp: 0.0

Uptime(secs): 1457.2 total, 12.3 interval
Flush(GB): cumulative 72.321, interval 0.545
AddFile(GB): cumulative 0.000, interval 0.000
AddFile(Total Files): cumulative 0, interval 0
AddFile(L0 Files): cumulative 0, interval 0
AddFile(Keys): cumulative 0, interval 0
Cumulative compaction: 500.70 GB write, 351.86 MB/s write, 444.30 GB read, 312.22 MB/s read, 12811.5 seconds
Interval compaction: 3.82 GB write, 318.95 MB/s write, 3.51 GB read, 292.84 MB/s read, 221.2 seconds
Estimated pending compaction bytes: 49738443062
Write Stall (count): cf-l0-file-count-limit-delays-with-ongoing-compaction: 107, cf-l0-file-count-limit-stops-with-ongoing-compaction: 0, l0-file-count-limit-delays: 107, l0-file-count-limit-stops: 0, memtable-limit-delays: 0, memtable-limit-stops: 966, pending-compaction-bytes-delays: 0, pending-compaction-bytes-stops: 0, total-delays: 107, total-stops: 966
interval: 6 total count
Block cache AutoHyperClockCache@0x6499b23c82d0#2259139 capacity: 512.00 MB seed: 1 usage: 15.27 MB table_size: 6869 occupancy: 3625 collections: 9 last_copies: 0 last_secs: 0.000555 secs_since: 12
Block cache entry stats(count,size,portion): Misc(3625,14.85 MB,2.89978%)

** File Read Latency Histogram By Level [default] **
** Level 0 read latency histogram (micros):
Count: 31928640 Average: 3.3688  StdDev: 1656.57
Min: 0  Median: 0.9256  Max: 4398822
Percentiles: P50: 0.93 P75: 1.54 P99: 2.99 P99.9: 4.67 P99.99: 5.35
------------------------------------------------------
[       0,       1 ] 17248374  54.022%  54.022% ###########
(       1,       2 ] 12368414  38.738%  92.759% ########
(       2,       3 ]  2013889   6.307%  99.067% #
(       3,       4 ]   237471   0.744%  99.811% 
(       4,       6 ]    85035   0.266% 100.077% 
(       6,      10 ]    38869   0.122% 100.199% 
(      10,      15 ]    13680   0.043% 100.241% 
(      15,      22 ]     7821   0.024% 100.266% 
(      22,      34 ]      582   0.002% 100.268% 
(      34,      51 ]       92   0.000% 100.268% 
(      51,      76 ]      449   0.001% 100.269% 
(      76,     110 ]      828   0.003% 100.272% 
(     110,     170 ]       36   0.000% 100.272% 
(     170,     250 ]       24   0.000% 100.272% 
(     250,     380 ]       39   0.000% 100.272% 
(     380,     580 ]       41   0.000% 100.272% 
(     580,     870 ]       29   0.000% 100.273% 
(     870,    1300 ]        8   0.000% 100.273% 
(    1300,    1900 ]       20   0.000% 100.273% 
(    1900,    2900 ]       36   0.000% 100.273% 
(    2900,    4400 ]       19   0.000% 100.273% 
(    4400,    6600 ]       10   0.000% 100.273% 
(    6600,    9900 ]        8   0.000% 100.273% 
(    9900,   14000 ]        7   0.000% 100.273% 
(   14000,   22000 ]       19   0.000% 100.273% 
(   22000,   33000 ]       31   0.000% 100.273% 
(   33000,   50000 ]       48   0.000% 100.273% 
(   50000,   75000 ]       61   0.000% 100.273% 
(   75000,  110000 ]       80   0.000% 100.274% 
(  110000,  170000 ]       53   0.000% 100.274% 
(  170000,  250000 ]        7   0.000% 100.274% 
(  250000,  380000 ]        4   0.000% 100.274% 
(  570000,  860000 ]        1   0.000% 100.274% 
(  860000, 1200000 ]        5   0.000% 100.274% 
( 1200000, 1900000 ]        1   0.000% 100.274% 
( 1900000, 2900000 ]        6   0.000% 100.274% 
( 2900000, 4300000 ]        2   0.000% 100.274% 
( 4300000, 6500000 ]        1   0.000% 100.274% 

** Level 1 read latency histogram (micros):
Count: 49616303 Average: 1.6505  StdDev: 78.68
Min: 0  Median: 0.9239  Max: 147837
Percentiles: P50: 0.92 P75: 1.57 P99: 3.52 P99.9: 4.84 P99.99: 5.15
------------------------------------------------------
[       0,       1 ] 26852608  54.121%  54.121% ###########
(       1,       2 ] 18177300  36.636%  90.756% #######
(       2,       3 ]  3731634   7.521%  98.277% ##
(       3,       4 ]   683519   1.378%  99.655% 
(       4,       6 ]   288367   0.581% 100.236% 
(       6,      10 ]   103297   0.208% 100.444% 
(      10,      15 ]    26048   0.052% 100.497% 
(      15,      22 ]    17978   0.036% 100.533% 
(      22,      34 ]     1807   0.004% 100.537% 
(      34,      51 ]      423   0.001% 100.537% 
(      51,      76 ]     1125   0.002% 100.540% 
(      76,     110 ]     1456   0.003% 100.543% 
(     110,     170 ]      437   0.001% 100.544% 
(     170,     250 ]      123   0.000% 100.544% 
(     250,     380 ]       20   0.000% 100.544% 
(     380,     580 ]        6   0.000% 100.544% 
(     580,     870 ]        4   0.000% 100.544% 
(     870,    1300 ]        2   0.000% 100.544% 
(    1300,    1900 ]        7   0.000% 100.544% 
(    1900,    2900 ]        1   0.000% 100.544% 
(    2900,    4400 ]        3   0.000% 100.544% 
(   33000,   50000 ]        1   0.000% 100.544% 
(  110000,  170000 ]       14   0.000% 100.544% 

** Level 2 read latency histogram (micros):
Count: 30640733 Average: 95.4540  StdDev: 4318.29
Min: 0  Median: 1.3090  Max: 3571420
Percentiles: P50: 1.31 P75: 1.93 P99: 742.09 P99.9: 1579.83 P99.99: 1732.04
------------------------------------------------------
[       0,       1 ] 11514473  37.579%  37.579% ########
(       1,       2 ] 12316934  40.198%  77.777% ########
(       2,       3 ]  4146297  13.532%  91.309% ###
(       3,       4 ]  1037883   3.387%  94.696% #
(       4,       6 ]   317130   1.035%  95.731% 
(       6,      10 ]    55266   0.180%  95.911% 
(      10,      15 ]    32517   0.106%  96.018% 
(      15,      22 ]    20076   0.066%  96.083% 
(      22,      34 ]     7032   0.023%  96.106% 
(      34,      51 ]    16443   0.054%  96.160% 
(      51,      76 ]    47527   0.155%  96.315% 
(      76,     110 ]    29628   0.097%  96.412% 
(     110,     170 ]   117018   0.382%  96.793% 
(     170,     250 ]   148014   0.483%  97.277% 
(     250,     380 ]   200565   0.655%  97.931% 
(     380,     580 ]   217759   0.711%  98.642% 
(     580,     870 ]   196379   0.641%  99.283% 
(     870,    1300 ]   138451   0.452%  99.735% 
(    1300,    1900 ]   108710   0.355% 100.089% 
(    1900,    2900 ]    82725   0.270% 100.359% 
(    2900,    4400 ]    43315   0.141% 100.501% 
(    4400,    6600 ]    23262   0.076% 100.577% 
(    6600,    9900 ]     7559   0.025% 100.601% 
(    9900,   14000 ]     2814   0.009% 100.610% 
(   14000,   22000 ]     3103   0.010% 100.621% 
(   22000,   33000 ]     2879   0.009% 100.630% 
(   33000,   50000 ]     2952   0.010% 100.640% 
(   50000,   75000 ]     3039   0.010% 100.650% 
(   75000,  110000 ]     2832   0.009% 100.659% 
(  110000,  170000 ]     2472   0.008% 100.667% 
(  170000,  250000 ]     1328   0.004% 100.671% 
(  250000,  380000 ]      408   0.001% 100.672% 
(  380000,  570000 ]       79   0.000% 100.673% 
(  570000,  860000 ]       36   0.000% 100.673% 
(  860000, 1200000 ]       27   0.000% 100.673% 
( 1200000, 1900000 ]       24   0.000% 100.673% 
( 1900000, 2900000 ]       27   0.000% 100.673% 
( 2900000, 4300000 ]       11   0.000% 100.673% 


** DB Stats **
Uptime(secs): 1457.2 total, 12.3 interval
Cumulative writes: 73M writes, 73M keys, 9478K commit groups, 7.8 writes per commit group, ingest: 71.73 GB, 50.41 MB/s
Cumulative WAL: 73M writes, 0 syncs, 73669155.00 writes per sync, written: 71.73 GB, 50.41 MB/s
Cumulative stall: 00:20:39.275 H:M:S, 85.0 percent
Interval writes: 506K writes, 506K keys, 65K commit groups, 7.7 writes per commit group, ingest: 505.15 MB, 41.16 MB/s
Interval WAL: 506K writes, 0 syncs, 506600.00 writes per sync, written: 0.49 GB, 41.16 MB/s
Interval stall: 00:00:14.738 H:M:S, 120.1 percent
Write Stall (count): write-buffer-manager-limit-stops: 0
num-running-compactions: 18
num-running-flushes: 1

2026/08/31-10:38:07  ... thread 15: (104000,4603000) ops and (3321.7,3158.9) ops/second in (31.309310,1457.171282) seconds
2026/08/31-10:38:07  ... thread 14: (104000,4603000) ops and (3323.1,3158.9) ops/second in (31.296482,1457.172697) seconds
2026/08/31-10:38:09  ... thread 2: (104000,4613000) ops and (3411.6,3161.8) ops/second in (30.483948,1458.968039) seconds
2026/08/31-10:38:09  ... thread 8: (104000,4613000) ops and (3412.7,3161.8) ops/second in (30.474355,1458.970916) seconds
2026/08/31-10:38:09  ... thread 11: (104000,4613000) ops and (3412.4,3161.8) ops/second in (30.477309,1458.971189) seconds
2026/08/31-10:38:29  ... thread 13: (131000,4703000) ops and (4347.9,3180.6) ops/second in (30.129158,1478.639134) seconds
2026/08/31-10:38:29  ... thread 7: (131000,4702000) ops and (4344.2,3179.9) ops/second in (30.155148,1478.641527) seconds
2026/08/31-10:38:29  ... thread 9: (131000,4705000) ops and (4345.5,3182.0) ops/second in (30.146236,1478.643136) seconds
2026/08/31-10:38:29  ... thread 5: (131000,4703000) ops and (4347.2,3180.6) ops/second in (30.134646,1478.646273) seconds
2026/08/31-10:38:34  ... thread 12: (131000,4725000) ops and (3848.7,3184.4) ops/second in (34.037624,1483.779475) seconds
2026/08/31-10:38:34  ... thread 6: (131000,4719000) ops and (3847.2,3180.4) ops/second in (34.051033,1483.784013) seconds
2026/08/31-10:38:34  ... thread 4: (123000,4721000) ops and (3797.8,3181.7) ops/second in (32.386800,1483.803948) seconds
2026/08/31-10:38:34  ... thread 3: (131000,4717000) ops and (3846.5,3179.0) ops/second in (34.056970,1483.805840) seconds
2026/08/31-10:38:39  ... thread 14: (153000,4756000) ops and (4778.2,3193.7) ops/second in (32.020472,1489.193169) seconds
2026/08/31-10:38:40  ... thread 15: (153000,4756000) ops and (4608.7,3191.2) ops/second in (33.198419,1490.369701) seconds
2026/08/31-10:38:40  ... thread 0: (154000,4757000) ops and (4632.2,3191.7) ops/second in (33.245699,1490.415430) seconds

** Compaction Stats [default] **
Level    Files   Size     Score Read(GB)  Rn(GB) Rnp1(GB) Write(GB) WPreComp(GB) Wnew(GB) Moved(GB) W-Amp Rd(MB/s) Wr(MB/s) Comp(sec) CompMergeCPU(sec) Comp(cnt) Avg(sec) KeyIn KeyDrop Rblob(GB) Wblob(GB)
-------------------------------------------------------------------------------------------------------------------------------------------------------------------------------------------------------------
  L0     21/17     5.97 GB   0.5     59.8     0.0     59.8     134.5     134.5     74.7       0.0   1.8     22.1     49.7   2769.87            293.56      1377    2.012    136M   128K       0.0       0.0
  L1     68/68     3.98 GB   0.0    207.7    68.7    139.0     204.3     204.3     65.3       0.0   3.0    342.0    336.4    622.01            655.47        40   15.550    211M  3433K       0.0       0.0
  L2    712/0     39.84 GB   1.0    187.3    52.7    134.6     174.3     174.3     39.7       8.6   3.3     19.0     17.7  10086.78            858.16       845   11.937    190M    13M       0.0       0.0
  L3    152/0      8.40 GB   0.0      0.0     0.0      0.0       0.0       0.0      0.0       8.4   0.0      0.0      0.0      0.00              0.00         0    0.000       0      0       0.0       0.0
 Sum    953/85    58.19 GB   0.0    454.9   121.4    333.5     513.1     513.1    179.6      17.0   6.9     34.6     39.0  13478.66           1807.18      2262    5.959    539M    16M       0.0       0.0
 Int      0/0      0.00 KB   0.0     14.1     2.1     12.0      16.2      16.2      4.2       3.5   5.4     16.3     18.7    888.37             82.31        95    9.351     17M   932K       0.0       0.0

** Compaction Stats [default] **
Priority    Files   Size     Score Read(GB)  Rn(GB) Rnp1(GB) Write(GB) WPreComp(GB) Wnew(GB) Moved(GB) W-Amp Rd(MB/s) Wr(MB/s) Comp(sec) CompMergeCPU(sec) Comp(cnt) Avg(sec) KeyIn KeyDrop Rblob(GB) Wblob(GB)
----------------------------------------------------------------------------------------------------------------------------------------------------------------------------------------------------------------
 Low      0/0      0.00 KB   0.0    454.9   121.4    333.5     438.3     438.3    104.8       0.0   0.0     40.8     39.3  11428.07           1672.96      1027   11.128    462M    16M       0.0       0.0
High      0/0      0.00 KB   0.0      0.0     0.0      0.0      74.8      74.8     74.8       0.0   0.0      0.0     37.4   2050.58            134.22      1235    1.660     76M      0       0.0       0.0

Blob file count: 0, total size: 0.0 GB, garbage size: 0.0 GB, space amp: 0.0

Uptime(secs): 1490.4 total, 45.5 interval
Flush(GB): cumulative 74.801, interval 3.025
AddFile(GB): cumulative 0.000, interval 0.000
AddFile(Total Files): cumulative 0, interval 0
AddFile(L0 Files): cumulative 0, interval 0
AddFile(Keys): cumulative 0, interval 0
Cumulative compaction: 513.10 GB write, 352.53 MB/s write, 454.91 GB read, 312.55 MB/s read, 13478.7 seconds
Interval compaction: 16.23 GB write, 365.02 MB/s write, 14.12 GB read, 317.59 MB/s read, 888.4 seconds
Estimated pending compaction bytes: 50035419769
Write Stall (count): cf-l0-file-count-limit-delays-with-ongoing-compaction: 112, cf-l0-file-count-limit-stops-with-ongoing-compaction: 0, l0-file-count-limit-delays: 112, l0-file-count-limit-stops: 0, memtable-limit-delays: 0, memtable-limit-stops: 1001, pending-compaction-bytes-delays: 0, pending-compaction-bytes-stops: 0, total-delays: 112, total-stops: 1001
interval: 46 total count
Block cache AutoHyperClockCache@0x6499b23c82d0#2259139 capacity: 512.00 MB seed: 1 usage: 15.27 MB table_size: 6869 occupancy: 3625 collections: 9 last_copies: 0 last_secs: 0.000555 secs_since: 45
Block cache entry stats(count,size,portion): Misc(3625,14.85 MB,2.89978%)

** File Read Latency Histogram By Level [default] **
** Level 0 read latency histogram (micros):
Count: 32918844 Average: 3.4051  StdDev: 1651.74
Min: 0  Median: 0.9261  Max: 4398822
Percentiles: P50: 0.93 P75: 1.54 P99: 2.99 P99.9: 4.67 P99.99: 5.34
------------------------------------------------------
[       0,       1 ] 17772887  53.990%  53.990% ###########
(       1,       2 ] 12757861  38.755%  92.746% ########
(       2,       3 ]  2080021   6.319%  99.064% #
(       3,       4 ]   245933   0.747%  99.811% 
(       4,       6 ]    87611   0.266% 100.077% 
(       6,      10 ]    40246   0.122% 100.200% 
(      10,      15 ]    14100   0.043% 100.242% 
(      15,      22 ]     8062   0.024% 100.267% 
(      22,      34 ]      609   0.002% 100.269% 
(      34,      51 ]       94   0.000% 100.269% 
(      51,      76 ]      462   0.001% 100.270% 
(      76,     110 ]      858   0.003% 100.273% 
(     110,     170 ]       36   0.000% 100.273% 
(     170,     250 ]       27   0.000% 100.273% 
(     250,     380 ]       45   0.000% 100.273% 
(     380,     580 ]       43   0.000% 100.274% 
(     580,     870 ]       29   0.000% 100.274% 
(     870,    1300 ]        8   0.000% 100.274% 
(    1300,    1900 ]       21   0.000% 100.274% 
(    1900,    2900 ]       36   0.000% 100.274% 
(    2900,    4400 ]       19   0.000% 100.274% 
(    4400,    6600 ]       10   0.000% 100.274% 
(    6600,    9900 ]        8   0.000% 100.274% 
(    9900,   14000 ]        7   0.000% 100.274% 
(   14000,   22000 ]       19   0.000% 100.274% 
(   22000,   33000 ]       31   0.000% 100.274% 
(   33000,   50000 ]       49   0.000% 100.274% 
(   50000,   75000 ]       65   0.000% 100.274% 
(   75000,  110000 ]       84   0.000% 100.275% 
(  110000,  170000 ]       55   0.000% 100.275% 
(  170000,  250000 ]        7   0.000% 100.275% 
(  250000,  380000 ]        4   0.000% 100.275% 
(  570000,  860000 ]        1   0.000% 100.275% 
(  860000, 1200000 ]        7   0.000% 100.275% 
( 1200000, 1900000 ]        1   0.000% 100.275% 
( 1900000, 2900000 ]        6   0.000% 100.275% 
( 2900000, 4300000 ]        2   0.000% 100.275% 
( 4300000, 6500000 ]        1   0.000% 100.275% 

** Level 1 read latency histogram (micros):
Count: 50203841 Average: 1.6776  StdDev: 78.96
Min: 0  Median: 0.9279  Max: 147837
Percentiles: P50: 0.93 P75: 1.58 P99: 3.56 P99.9: 4.92 P99.99: 5.22
------------------------------------------------------
[       0,       1 ] 27052683  53.886%  53.886% ###########
(       1,       2 ] 18409556  36.670%  90.555% #######
(       2,       3 ]  3843134   7.655%  98.210% ##
(       3,       4 ]   710567   1.415%  99.626% 
(       4,       6 ]   300669   0.599% 100.225% 
(       6,      10 ]   106373   0.212% 100.437% 
(      10,      15 ]    26808   0.053% 100.490% 
(      15,      22 ]    18597   0.037% 100.527% 
(      22,      34 ]     1876   0.004% 100.531% 
(      34,      51 ]      477   0.001% 100.532% 
(      51,      76 ]     1267   0.003% 100.534% 
(      76,     110 ]     1506   0.003% 100.537% 
(     110,     170 ]      613   0.001% 100.538% 
(     170,     250 ]      334   0.001% 100.539% 
(     250,     380 ]      158   0.000% 100.539% 
(     380,     580 ]      140   0.000% 100.540% 
(     580,     870 ]      146   0.000% 100.540% 
(     870,    1300 ]      114   0.000% 100.540% 
(    1300,    1900 ]      127   0.000% 100.540% 
(    1900,    2900 ]       68   0.000% 100.541% 
(    2900,    4400 ]       44   0.000% 100.541% 
(    4400,    6600 ]       27   0.000% 100.541% 
(    6600,    9900 ]        3   0.000% 100.541% 
(    9900,   14000 ]        1   0.000% 100.541% 
(   33000,   50000 ]        1   0.000% 100.541% 
(   50000,   75000 ]        1   0.000% 100.541% 
(  110000,  170000 ]       14   0.000% 100.541% 

** Level 2 read latency histogram (micros):
Count: 31702297 Average: 98.0178  StdDev: 4321.50
Min: 0  Median: 1.3236  Max: 3571420
Percentiles: P50: 1.32 P75: 1.94 P99: 766.65 P99.9: 1625.11 P99.99: 1772.52
------------------------------------------------------
[       0,       1 ] 11718692  36.965%  36.965% #######
(       1,       2 ] 12771833  40.287%  77.252% ########
(       2,       3 ]  4374827  13.800%  91.051% ###
(       3,       4 ]  1100336   3.471%  94.522% #
(       4,       6 ]   336197   1.060%  95.583% 
(       6,      10 ]    57911   0.183%  95.765% 
(      10,      15 ]    34339   0.108%  95.874% 
(      15,      22 ]    21245   0.067%  95.941% 
(      22,      34 ]     7453   0.024%  95.964% 
(      34,      51 ]    18079   0.057%  96.021% 
(      51,      76 ]    51053   0.161%  96.182% 
(      76,     110 ]    31679   0.100%  96.282% 
(     110,     170 ]   124926   0.394%  96.676% 
(     170,     250 ]   158106   0.499%  97.175% 
(     250,     380 ]   213361   0.673%  97.848% 
(     380,     580 ]   230776   0.728%  98.576% 
(     580,     870 ]   208917   0.659%  99.235% 
(     870,    1300 ]   147936   0.467%  99.702% 
(    1300,    1900 ]   116135   0.366% 100.068% 
(    1900,    2900 ]    88662   0.280% 100.348% 
(    2900,    4400 ]    46484   0.147% 100.494% 
(    4400,    6600 ]    24968   0.079% 100.573% 
(    6600,    9900 ]     7974   0.025% 100.598% 
(    9900,   14000 ]     2963   0.009% 100.607% 
(   14000,   22000 ]     3282   0.010% 100.618% 
(   22000,   33000 ]     3017   0.010% 100.627% 
(   33000,   50000 ]     3109   0.010% 100.637% 
(   50000,   75000 ]     3222   0.010% 100.647% 
(   75000,  110000 ]     2996   0.009% 100.657% 
(  110000,  170000 ]     2624   0.008% 100.665% 
(  170000,  250000 ]     1417   0.004% 100.669% 
(  250000,  380000 ]      452   0.001% 100.671% 
(  380000,  570000 ]       79   0.000% 100.671% 
(  570000,  860000 ]       36   0.000% 100.671% 
(  860000, 1200000 ]       31   0.000% 100.671% 
( 1200000, 1900000 ]       26   0.000% 100.671% 
( 1900000, 2900000 ]       27   0.000% 100.671% 
( 2900000, 4300000 ]       11   0.000% 100.672% 


** DB Stats **
Uptime(secs): 1490.4 total, 33.2 interval
Cumulative writes: 76M writes, 76M keys, 9795K commit groups, 7.8 writes per commit group, ingest: 74.13 GB, 50.93 MB/s
Cumulative WAL: 76M writes, 0 syncs, 76127255.00 writes per sync, written: 74.13 GB, 50.93 MB/s
Cumulative stall: 00:21:5.951 H:M:S, 84.9 percent
Interval writes: 2458K writes, 2458K keys, 317K commit groups, 7.8 writes per commit group, ingest: 2450.99 MB, 73.72 MB/s
Interval WAL: 2458K writes, 0 syncs, 2458100.00 writes per sync, written: 2.39 GB, 73.72 MB/s
Interval stall: 00:00:26.676 H:M:S, 80.2 percent
Write Stall (count): write-buffer-manager-limit-stops: 0
num-running-compactions: 1
num-running-flushes: 0

2026/08/31-10:38:40  ... thread 2: (146000,4759000) ops and (4624.5,3192.8) ops/second in (31.570824,1490.538863) seconds
2026/08/31-10:38:41  ... thread 8: (146000,4759000) ops and (4589.4,3192.3) ops/second in (31.812162,1490.783078) seconds
2026/08/31-10:38:41  ... thread 11: (146000,4759000) ops and (4586.5,3192.2) ops/second in (31.832257,1490.803446) seconds
2026/08/31-10:38:41  ... thread 1: (154000,4758000) ops and (4566.4,3191.4) ops/second in (33.724803,1490.886571) seconds
2026/08/31-10:38:41  ... thread 10: (154000,4759000) ops and (4547.8,3191.8) ops/second in (33.862264,1491.031272) seconds
2026/08/31-10:39:00  ... thread 7: (61000,4763000) ops and (1948.4,3154.4) ops/second in (31.307828,1509.949355) seconds
2026/08/31-10:39:00  ... thread 9: (61000,4766000) ops and (1948.4,3156.4) ops/second in (31.307811,1509.950947) seconds
2026/08/31-10:39:00  ... thread 5: (61000,4764000) ops and (1948.4,3155.1) ops/second in (31.307077,1509.953350) seconds
2026/08/31-10:39:01  ... thread 13: (62000,4765000) ops and (1894.6,3152.8) ops/second in (32.724434,1511.363568) seconds
2026/08/31-10:39:04  ... thread 3: (53000,4770000) ops and (1761.3,3150.8) ops/second in (30.090853,1513.896693) seconds
2026/08/31-10:39:04  ... thread 12: (54000,4779000) ops and (1792.7,3156.7) ops/second in (30.122002,1513.901477) seconds
2026/08/31-10:39:04  ... thread 4: (53000,4774000) ops and (1760.7,3153.4) ops/second in (30.101447,1513.905395) seconds
2026/08/31-10:39:04  ... thread 6: (54000,4773000) ops and (1792.4,3152.8) ops/second in (30.126743,1513.910756) seconds
2026/08/31-10:39:11  ... thread 11: (38000,4797000) ops and (1248.0,3153.3) ops/second in (30.449292,1521.252738) seconds
2026/08/31-10:39:11  ... thread 2: (38000,4797000) ops and (1236.8,3153.3) ops/second in (30.723567,1521.262430) seconds
2026/08/31-10:39:11  ... thread 14: (39000,4795000) ops and (1215.9,3152.0) ops/second in (32.074743,1521.267912) seconds
2026/08/31-10:39:11  ... thread 8: (38000,4797000) ops and (1246.5,3153.3) ops/second in (30.485383,1521.268461) seconds
2026/08/31-10:39:11  ... thread 0: (38000,4795000) ops and (1231.6,3152.0) ops/second in (30.853345,1521.268775) seconds

** Compaction Stats [default] **
Level    Files   Size     Score Read(GB)  Rn(GB) Rnp1(GB) Write(GB) WPreComp(GB) Wnew(GB) Moved(GB) W-Amp Rd(MB/s) Wr(MB/s) Comp(sec) CompMergeCPU(sec) Comp(cnt) Avg(sec) KeyIn KeyDrop Rblob(GB) Wblob(GB)
-------------------------------------------------------------------------------------------------------------------------------------------------------------------------------------------------------------
  L0     14/0    864.34 MB   1.8     59.8     0.0     59.8     135.1     135.1     75.3       0.0   1.8     22.0     49.6   2788.71            294.70      1387    2.011    137M   128K       0.0       0.0
  L1    136/18     7.99 GB   1.7    217.5    74.4    143.0     213.7     213.7     70.7       0.0   2.9    343.3    337.3    648.65            689.39        41   15.821    221M  3804K       0.0       0.0
  L2    733/48    41.14 GB   1.0    188.8    53.2    135.5     175.6     175.6     40.1       9.4   3.3     19.1     17.8  10112.59            863.23       852   11.869    192M    13M       0.0       0.0
  L3    152/0      8.40 GB   0.0      0.0     0.0      0.0       0.0       0.0      0.0       8.4   0.0      0.0      0.0      0.00              0.00         0    0.000       0      0       0.0       0.0
 Sum   1035/66    58.38 GB   0.0    466.0   127.7    338.4     524.4     524.4    186.0      17.8   7.0     35.2     39.6  13549.95           1847.32      2280    5.943    550M    17M       0.0       0.0
 Int      0/0      0.00 KB   0.0     11.1     6.2      4.9      11.3      11.3      6.4       0.8  20.7    163.9    165.8     69.56             40.02        17    4.092     11M   421K       0.0       0.0

** Compaction Stats [default] **
Priority    Files   Size     Score Read(GB)  Rn(GB) Rnp1(GB) Write(GB) WPreComp(GB) Wnew(GB) Moved(GB) W-Amp Rd(MB/s) Wr(MB/s) Comp(sec) CompMergeCPU(sec) Comp(cnt) Avg(sec) KeyIn KeyDrop Rblob(GB) Wblob(GB)
----------------------------------------------------------------------------------------------------------------------------------------------------------------------------------------------------------------
 Low      0/0      0.00 KB   0.0    466.0   127.7    338.4     449.0     449.0    110.6       0.0   0.0     41.6     40.0  11480.53           1711.95      1035   11.092    474M    17M       0.0       0.0
High      0/0      0.00 KB   0.0      0.0     0.0      0.0      75.4      75.4     75.4       0.0   0.0      0.0     37.3   2069.42            135.36      1245    1.662     76M      0       0.0       0.0

Blob file count: 0, total size: 0.0 GB, garbage size: 0.0 GB, space amp: 0.0

Uptime(secs): 1521.3 total, 16.4 interval
Flush(GB): cumulative 75.405, interval 0.543
AddFile(GB): cumulative 0.000, interval 0.000
AddFile(Total Files): cumulative 0, interval 0
AddFile(L0 Files): cumulative 0, interval 0
AddFile(Keys): cumulative 0, interval 0
Cumulative compaction: 524.42 GB write, 353.00 MB/s write, 466.04 GB read, 313.70 MB/s read, 13550.0 seconds
Interval compaction: 11.26 GB write, 704.70 MB/s write, 11.13 GB read, 696.79 MB/s read, 69.6 seconds
Estimated pending compaction bytes: 46455284527
Write Stall (count): cf-l0-file-count-limit-delays-with-ongoing-compaction: 116, cf-l0-file-count-limit-stops-with-ongoing-compaction: 0, l0-file-count-limit-delays: 116, l0-file-count-limit-stops: 0, memtable-limit-delays: 0, memtable-limit-stops: 1008, pending-compaction-bytes-delays: 0, pending-compaction-bytes-stops: 0, total-delays: 116, total-stops: 1008
interval: 9 total count
Block cache AutoHyperClockCache@0x6499b23c82d0#2259139 capacity: 512.00 MB seed: 1 usage: 15.27 MB table_size: 6869 occupancy: 3625 collections: 9 last_copies: 1 last_secs: 0.000555 secs_since: 76
Block cache entry stats(count,size,portion): Misc(3625,14.85 MB,2.89978%)

** File Read Latency Histogram By Level [default] **
** Level 0 read latency histogram (micros):
Count: 33915542 Average: 3.3671  StdDev: 1627.53
Min: 0  Median: 0.9319  Max: 4398822
Percentiles: P50: 0.93 P75: 1.55 P99: 3.02 P99.9: 4.71 P99.99: 5.34
------------------------------------------------------
[       0,       1 ] 18196188  53.651%  53.651% ###########
(       1,       2 ] 13186504  38.880%  92.532% ########
(       2,       3 ]  2187150   6.449%  98.981% #
(       3,       4 ]   277003   0.817%  99.797% 
(       4,       6 ]    97580   0.288% 100.085% 
(       6,      10 ]    42900   0.126% 100.212% 
(      10,      15 ]    15243   0.045% 100.257% 
(      15,      22 ]     8784   0.026% 100.282% 
(      22,      34 ]      661   0.002% 100.284% 
(      34,      51 ]      100   0.000% 100.285% 
(      51,      76 ]      464   0.001% 100.286% 
(      76,     110 ]      869   0.003% 100.289% 
(     110,     170 ]       37   0.000% 100.289% 
(     170,     250 ]       27   0.000% 100.289% 
(     250,     380 ]       45   0.000% 100.289% 
(     380,     580 ]       43   0.000% 100.289% 
(     580,     870 ]       29   0.000% 100.289% 
(     870,    1300 ]        8   0.000% 100.289% 
(    1300,    1900 ]       21   0.000% 100.289% 
(    1900,    2900 ]       36   0.000% 100.289% 
(    2900,    4400 ]       19   0.000% 100.289% 
(    4400,    6600 ]       10   0.000% 100.289% 
(    6600,    9900 ]        8   0.000% 100.290% 
(    9900,   14000 ]        7   0.000% 100.290% 
(   14000,   22000 ]       20   0.000% 100.290% 
(   22000,   33000 ]       31   0.000% 100.290% 
(   33000,   50000 ]       49   0.000% 100.290% 
(   50000,   75000 ]       66   0.000% 100.290% 
(   75000,  110000 ]       85   0.000% 100.290% 
(  110000,  170000 ]       56   0.000% 100.290% 
(  170000,  250000 ]        7   0.000% 100.290% 
(  250000,  380000 ]        4   0.000% 100.290% 
(  570000,  860000 ]        1   0.000% 100.290% 
(  860000, 1200000 ]        7   0.000% 100.290% 
( 1200000, 1900000 ]        1   0.000% 100.290% 
( 1900000, 2900000 ]        6   0.000% 100.291% 
( 2900000, 4300000 ]        2   0.000% 100.291% 
( 4300000, 6500000 ]        1   0.000% 100.291% 

** Level 1 read latency histogram (micros):
Count: 51238312 Average: 1.9511  StdDev: 125.76
Min: 0  Median: 0.9301  Max: 209841
Percentiles: P50: 0.93 P75: 1.58 P99: 3.58 P99.9: 5.01 P99.99: 5.31
------------------------------------------------------
[       0,       1 ] 27545584  53.760%  53.760% ###########
(       1,       2 ] 18799364  36.690%  90.450% #######
(       2,       3 ]  3955663   7.720%  98.170% ##
(       3,       4 ]   731228   1.427%  99.597% 
(       4,       6 ]   308227   0.602% 100.199% 
(       6,      10 ]   108882   0.213% 100.411% 
(      10,      15 ]    27794   0.054% 100.465% 
(      15,      22 ]    19214   0.037% 100.503% 
(      22,      34 ]     2185   0.004% 100.507% 
(      34,      51 ]      729   0.001% 100.509% 
(      51,      76 ]     1957   0.004% 100.512% 
(      76,     110 ]     1953   0.004% 100.516% 
(     110,     170 ]     1659   0.003% 100.519% 
(     170,     250 ]     1451   0.003% 100.522% 
(     250,     380 ]     1682   0.003% 100.526% 
(     380,     580 ]     1579   0.003% 100.529% 
(     580,     870 ]     1306   0.003% 100.531% 
(     870,    1300 ]      891   0.002% 100.533% 
(    1300,    1900 ]      883   0.002% 100.535% 
(    1900,    2900 ]      731   0.001% 100.536% 
(    2900,    4400 ]      448   0.001% 100.537% 
(    4400,    6600 ]      230   0.000% 100.537% 
(    6600,    9900 ]       48   0.000% 100.537% 
(    9900,   14000 ]       14   0.000% 100.537% 
(   14000,   22000 ]       11   0.000% 100.537% 
(   22000,   33000 ]       13   0.000% 100.538% 
(   33000,   50000 ]       11   0.000% 100.538% 
(   50000,   75000 ]       13   0.000% 100.538% 
(   75000,  110000 ]       21   0.000% 100.538% 
(  110000,  170000 ]       21   0.000% 100.538% 
(  170000,  250000 ]        2   0.000% 100.538% 

** Level 2 read latency histogram (micros):
Count: 32085394 Average: 98.0242  StdDev: 4302.85
Min: 0  Median: 1.3268  Max: 3571420
Percentiles: P50: 1.33 P75: 1.95 P99: 769.09 P99.9: 1631.38 P99.99: 1778.44
------------------------------------------------------
[       0,       1 ] 11809704  36.807%  36.807% #######
(       1,       2 ] 12952948  40.370%  77.177% ########
(       2,       3 ]  4440764  13.840%  91.018% ###
(       3,       4 ]  1117259   3.482%  94.500% #
(       4,       6 ]   341144   1.063%  95.563% 
(       6,      10 ]    58717   0.183%  95.746% 
(      10,      15 ]    34841   0.109%  95.855% 
(      15,      22 ]    21525   0.067%  95.922% 
(      22,      34 ]     7894   0.025%  95.946% 
(      34,      51 ]    18496   0.058%  96.004% 
(      51,      76 ]    52028   0.162%  96.166% 
(      76,     110 ]    32433   0.101%  96.267% 
(     110,     170 ]   127332   0.397%  96.664% 
(     170,     250 ]   160971   0.502%  97.166% 
(     250,     380 ]   216830   0.676%  97.842% 
(     380,     580 ]   233677   0.728%  98.570% 
(     580,     870 ]   211609   0.660%  99.229% 
(     870,    1300 ]   150069   0.468%  99.697% 
(    1300,    1900 ]   117817   0.367% 100.064% 
(    1900,    2900 ]    90177   0.281% 100.345% 
(    2900,    4400 ]    47588   0.148% 100.494% 
(    4400,    6600 ]    25709   0.080% 100.574% 
(    6600,    9900 ]     8113   0.025% 100.599% 
(    9900,   14000 ]     2991   0.009% 100.609% 
(   14000,   22000 ]     3310   0.010% 100.619% 
(   22000,   33000 ]     3056   0.010% 100.628% 
(   33000,   50000 ]     3140   0.010% 100.638% 
(   50000,   75000 ]     3258   0.010% 100.648% 
(   75000,  110000 ]     3017   0.009% 100.658% 
(  110000,  170000 ]     2642   0.008% 100.666% 
(  170000,  250000 ]     1428   0.004% 100.670% 
(  250000,  380000 ]      460   0.001% 100.672% 
(  380000,  570000 ]       79   0.000% 100.672% 
(  570000,  860000 ]       36   0.000% 100.672% 
(  860000, 1200000 ]       31   0.000% 100.672% 
( 1200000, 1900000 ]       26   0.000% 100.672% 
( 1900000, 2900000 ]       27   0.000% 100.672% 
( 2900000, 4300000 ]       11   0.000% 100.672% 


** DB Stats **
Uptime(secs): 1521.3 total, 16.4 interval
Cumulative writes: 76M writes, 76M keys, 9880K commit groups, 7.8 writes per commit group, ingest: 74.72 GB, 50.30 MB/s
Cumulative WAL: 76M writes, 0 syncs, 76740088.00 writes per sync, written: 74.72 GB, 50.30 MB/s
Cumulative stall: 00:21:23.603 H:M:S, 84.4 percent
Interval writes: 518K writes, 518K keys, 69K commit groups, 7.5 writes per commit group, ingest: 517.06 MB, 31.60 MB/s
Interval WAL: 518K writes, 0 syncs, 518540.00 writes per sync, written: 0.50 GB, 31.60 MB/s
Interval stall: 00:00:12.632 H:M:S, 77.2 percent
Write Stall (count): write-buffer-manager-limit-stops: 0
num-running-compactions: 18
num-running-flushes: 1

2026/08/31-10:39:11  ... thread 10: (38000,4797000) ops and (1256.7,3153.3) ops/second in (30.239085,1521.270357) seconds
2026/08/31-10:39:11  ... thread 1: (38000,4796000) ops and (1250.7,3152.6) ops/second in (30.383887,1521.270458) seconds
2026/08/31-10:39:11  ... thread 15: (39000,4795000) ops and (1261.8,3152.0) ops/second in (30.908421,1521.278122) seconds
2026/08/31-10:39:30  ... thread 5: (77000,4841000) ops and (2517.8,3142.4) ops/second in (30.582581,1540.535931) seconds
2026/08/31-10:39:30  ... thread 9: (77000,4843000) ops and (2517.6,3143.7) ops/second in (30.585250,1540.536197) seconds
2026/08/31-10:39:30  ... thread 7: (77000,4840000) ops and (2517.3,3141.8) ops/second in (30.587934,1540.537289) seconds
2026/08/31-10:39:31  ... thread 13: (83000,4848000) ops and (2766.0,3145.3) ops/second in (30.006972,1541.370540) seconds
2026/08/31-10:39:34  ... thread 6: (92000,4865000) ops and (3062.5,3151.0) ops/second in (30.040930,1543.951686) seconds
2026/08/31-10:39:34  ... thread 3: (92000,4862000) ops and (3060.8,3149.1) ops/second in (30.057288,1543.953981) seconds
2026/08/31-10:39:34  ... thread 12: (93000,4872000) ops and (3092.3,3155.5) ops/second in (30.074837,1543.976314) seconds
2026/08/31-10:39:34  ... thread 4: (93000,4867000) ops and (3092.6,3152.2) ops/second in (30.071444,1543.976839) seconds
2026/08/31-10:39:41  ... thread 0: (84000,4879000) ops and (2778.3,3144.7) ops/second in (30.234397,1551.503172) seconds
2026/08/31-10:39:41  ... thread 14: (84000,4879000) ops and (2778.2,3144.7) ops/second in (30.235936,1551.503848) seconds

** Compaction Stats [default] **
Level    Files   Size     Score Read(GB)  Rn(GB) Rnp1(GB) Write(GB) WPreComp(GB) Wnew(GB) Moved(GB) W-Amp Rd(MB/s) Wr(MB/s) Comp(sec) CompMergeCPU(sec) Comp(cnt) Avg(sec) KeyIn KeyDrop Rblob(GB) Wblob(GB)
-------------------------------------------------------------------------------------------------------------------------------------------------------------------------------------------------------------
  L0      9/0      2.16 GB   1.1     61.6     0.0     61.6     138.2     138.2     76.6       0.0   1.8     22.3     50.0   2827.61            302.43      1411    2.004    140M   135K       0.0       0.0
  L1    100/18     5.94 GB   1.2    217.5    74.4    143.0     213.7     213.7     70.7       0.0   2.9    343.3    337.3    648.65            689.39        41   15.821    221M  3804K       0.0       0.0
  L2    757/85    42.34 GB   0.9    197.1    55.3    141.8     183.1     183.1     41.3       9.4   3.3     19.0     17.6  10632.85            913.34       888   11.974    200M    14M       0.0       0.0
  L3    152/0      8.40 GB   0.0      0.0     0.0      0.0       0.0       0.0      0.0       8.4   0.0      0.0      0.0      0.00              0.00         0    0.000       0      0       0.0       0.0
 Sum   1018/103   58.84 GB   0.0    476.1   129.7    346.4     535.0     535.0    188.6      17.8   7.0     34.6     38.8  14109.11           1905.16      2340    6.030    562M    18M       0.0       0.0
 Int      0/0      0.00 KB   0.0     21.2     8.3     12.9      21.8      21.8      8.9       0.8  11.7     34.6     35.5    628.72             97.86        77    8.165     23M  1304K       0.0       0.0

** Compaction Stats [default] **
Priority    Files   Size     Score Read(GB)  Rn(GB) Rnp1(GB) Write(GB) WPreComp(GB) Wnew(GB) Moved(GB) W-Amp Rd(MB/s) Wr(MB/s) Comp(sec) CompMergeCPU(sec) Comp(cnt) Avg(sec) KeyIn KeyDrop Rblob(GB) Wblob(GB)
----------------------------------------------------------------------------------------------------------------------------------------------------------------------------------------------------------------
 Low      0/0      0.00 KB   0.0    476.1   129.7    346.4     458.3     458.3    111.8       0.0   0.0     40.6     39.0  12021.19           1767.29      1073   11.203    484M    18M       0.0       0.0
High      0/0      0.00 KB   0.0      0.0     0.0      0.0      76.7      76.7     76.7       0.0   0.0      0.0     37.6   2087.92            137.88      1267    1.648     78M      0       0.0       0.0

Blob file count: 0, total size: 0.0 GB, garbage size: 0.0 GB, space amp: 0.0

Uptime(secs): 1551.5 total, 46.6 interval
Flush(GB): cumulative 76.733, interval 1.871
AddFile(GB): cumulative 0.000, interval 0.000
AddFile(Total Files): cumulative 0, interval 0
AddFile(L0 Files): cumulative 0, interval 0
AddFile(Keys): cumulative 0, interval 0
Cumulative compaction: 534.99 GB write, 353.09 MB/s write, 476.15 GB read, 314.26 MB/s read, 14109.1 seconds
Interval compaction: 21.82 GB write, 479.60 MB/s write, 21.24 GB read, 466.69 MB/s read, 628.7 seconds
Estimated pending compaction bytes: 44296090977
Write Stall (count): cf-l0-file-count-limit-delays-with-ongoing-compaction: 136, cf-l0-file-count-limit-stops-with-ongoing-compaction: 0, l0-file-count-limit-delays: 136, l0-file-count-limit-stops: 0, memtable-limit-delays: 0, memtable-limit-stops: 1023, pending-compaction-bytes-delays: 0, pending-compaction-bytes-stops: 0, total-delays: 136, total-stops: 1023
interval: 44 total count
Block cache AutoHyperClockCache@0x6499b23c82d0#2259139 capacity: 512.00 MB seed: 1 usage: 15.27 MB table_size: 6869 occupancy: 3625 collections: 9 last_copies: 1 last_secs: 0.000555 secs_since: 106
Block cache entry stats(count,size,portion): Misc(3625,14.85 MB,2.89978%)

** File Read Latency Histogram By Level [default] **
** Level 0 read latency histogram (micros):
Count: 34360683 Average: 3.3535  StdDev: 1617.30
Min: 0  Median: 0.9312  Max: 4398822
Percentiles: P50: 0.93 P75: 1.55 P99: 3.03 P99.9: 4.74 P99.99: 5.37
------------------------------------------------------
[       0,       1 ] 18450460  53.696%  53.696% ###########
(       1,       2 ] 13348993  38.850%  92.546% ########
(       2,       3 ]  2210393   6.433%  98.979% #
(       3,       4 ]   279909   0.815%  99.794% 
(       4,       6 ]    98732   0.287% 100.081% 
(       6,      10 ]    43456   0.126% 100.207% 
(      10,      15 ]    15540   0.045% 100.253% 
(      15,      22 ]     8958   0.026% 100.279% 
(      22,      34 ]      677   0.002% 100.281% 
(      34,      51 ]      102   0.000% 100.281% 
(      51,      76 ]      475   0.001% 100.282% 
(      76,     110 ]      882   0.003% 100.285% 
(     110,     170 ]       39   0.000% 100.285% 
(     170,     250 ]       27   0.000% 100.285% 
(     250,     380 ]       45   0.000% 100.285% 
(     380,     580 ]       43   0.000% 100.285% 
(     580,     870 ]       29   0.000% 100.285% 
(     870,    1300 ]        8   0.000% 100.285% 
(    1300,    1900 ]       21   0.000% 100.286% 
(    1900,    2900 ]       38   0.000% 100.286% 
(    2900,    4400 ]       19   0.000% 100.286% 
(    4400,    6600 ]       13   0.000% 100.286% 
(    6600,    9900 ]        8   0.000% 100.286% 
(    9900,   14000 ]        7   0.000% 100.286% 
(   14000,   22000 ]       20   0.000% 100.286% 
(   22000,   33000 ]       31   0.000% 100.286% 
(   33000,   50000 ]       49   0.000% 100.286% 
(   50000,   75000 ]       66   0.000% 100.286% 
(   75000,  110000 ]       87   0.000% 100.287% 
(  110000,  170000 ]       57   0.000% 100.287% 
(  170000,  250000 ]        7   0.000% 100.287% 
(  250000,  380000 ]        4   0.000% 100.287% 
(  570000,  860000 ]        1   0.000% 100.287% 
(  860000, 1200000 ]        7   0.000% 100.287% 
( 1200000, 1900000 ]        1   0.000% 100.287% 
( 1900000, 2900000 ]        6   0.000% 100.287% 
( 2900000, 4300000 ]        2   0.000% 100.287% 
( 4300000, 6500000 ]        1   0.000% 100.287% 

** Level 1 read latency histogram (micros):
Count: 51749960 Average: 1.9587  StdDev: 125.14
Min: 0  Median: 0.9374  Max: 209841
Percentiles: P50: 0.94 P75: 1.59 P99: 3.64 P99.9: 5.11 P99.99: 5.39
------------------------------------------------------
[       0,       1 ] 27601611  53.336%  53.336% ###########
(       1,       2 ] 18990430  36.697%  90.033% #######
(       2,       3 ]  4138322   7.997%  98.030% ##
(       3,       4 ]   782690   1.512%  99.542% 
(       4,       6 ]   332598   0.643% 100.185% 
(       6,      10 ]   113590   0.219% 100.404% 
(      10,      15 ]    28945   0.056% 100.460% 
(      15,      22 ]    20341   0.039% 100.500% 
(      22,      34 ]     2309   0.004% 100.504% 
(      34,      51 ]      746   0.001% 100.506% 
(      51,      76 ]     1959   0.004% 100.509% 
(      76,     110 ]     1957   0.004% 100.513% 
(     110,     170 ]     1661   0.003% 100.516% 
(     170,     250 ]     1451   0.003% 100.519% 
(     250,     380 ]     1682   0.003% 100.522% 
(     380,     580 ]     1580   0.003% 100.525% 
(     580,     870 ]     1307   0.003% 100.528% 
(     870,    1300 ]      891   0.002% 100.530% 
(    1300,    1900 ]      883   0.002% 100.531% 
(    1900,    2900 ]      731   0.001% 100.533% 
(    2900,    4400 ]      448   0.001% 100.534% 
(    4400,    6600 ]      230   0.000% 100.534% 
(    6600,    9900 ]       48   0.000% 100.534% 
(    9900,   14000 ]       14   0.000% 100.534% 
(   14000,   22000 ]       11   0.000% 100.534% 
(   22000,   33000 ]       13   0.000% 100.534% 
(   33000,   50000 ]       11   0.000% 100.534% 
(   50000,   75000 ]       13   0.000% 100.534% 
(   75000,  110000 ]       21   0.000% 100.534% 
(  110000,  170000 ]       21   0.000% 100.534% 
(  170000,  250000 ]        2   0.000% 100.534% 

** Level 2 read latency histogram (micros):
Count: 33800776 Average: 99.9769  StdDev: 4311.07
Min: 0  Median: 1.3489  Max: 3571420
Percentiles: P50: 1.35 P75: 1.97 P99: 788.05 P99.9: 1655.28 P99.99: 1797.10
------------------------------------------------------
[       0,       1 ] 12116205  35.846%  35.846% #######
(       1,       2 ] 13711619  40.566%  76.412% ########
(       2,       3 ]  4816284  14.249%  90.661% ###
(       3,       4 ]  1233983   3.651%  94.312% #
(       4,       6 ]   374772   1.109%  95.420% 
(       6,      10 ]    62702   0.186%  95.606% 
(      10,      15 ]    37678   0.111%  95.717% 
(      15,      22 ]    23561   0.070%  95.787% 
(      22,      34 ]     8188   0.024%  95.811% 
(      34,      51 ]    19180   0.057%  95.868% 
(      51,      76 ]    55969   0.166%  96.034% 
(      76,     110 ]    34835   0.103%  96.137% 
(     110,     170 ]   138547   0.410%  96.547% 
(     170,     250 ]   174712   0.517%  97.064% 
(     250,     380 ]   236225   0.699%  97.762% 
(     380,     580 ]   253712   0.751%  98.513% 
(     580,     870 ]   229440   0.679%  99.192% 
(     870,    1300 ]   163166   0.483%  99.675% 
(    1300,    1900 ]   128701   0.381% 100.055% 
(    1900,    2900 ]    98294   0.291% 100.346% 
(    2900,    4400 ]    51854   0.153% 100.500% 
(    4400,    6600 ]    27830   0.082% 100.582% 
(    6600,    9900 ]     8710   0.026% 100.608% 
(    9900,   14000 ]     3188   0.009% 100.617% 
(   14000,   22000 ]     3495   0.010% 100.627% 
(   22000,   33000 ]     3254   0.010% 100.637% 
(   33000,   50000 ]     3321   0.010% 100.647% 
(   50000,   75000 ]     3477   0.010% 100.657% 
(   75000,  110000 ]     3188   0.009% 100.667% 
(  110000,  170000 ]     2838   0.008% 100.675% 
(  170000,  250000 ]     1519   0.004% 100.679% 
(  250000,  380000 ]      503   0.001% 100.681% 
(  380000,  570000 ]       83   0.000% 100.681% 
(  570000,  860000 ]       36   0.000% 100.681% 
(  860000, 1200000 ]       36   0.000% 100.681% 
( 1200000, 1900000 ]       26   0.000% 100.682% 
( 1900000, 2900000 ]       30   0.000% 100.682% 
( 2900000, 4300000 ]       11   0.000% 100.682% 


** DB Stats **
Uptime(secs): 1551.5 total, 30.2 interval
Cumulative writes: 78M writes, 78M keys, 10M commit groups, 7.8 writes per commit group, ingest: 76.03 GB, 50.18 MB/s
Cumulative WAL: 78M writes, 0 syncs, 78083213.00 writes per sync, written: 76.03 GB, 50.18 MB/s
Cumulative stall: 00:21:45.412 H:M:S, 84.1 percent
Interval writes: 1343K writes, 1343K keys, 179K commit groups, 7.5 writes per commit group, ingest: 1339.32 MB, 44.30 MB/s
Interval WAL: 1343K writes, 0 syncs, 1343125.00 writes per sync, written: 1.31 GB, 44.30 MB/s
Interval stall: 00:00:21.809 H:M:S, 72.1 percent
Write Stall (count): write-buffer-manager-limit-stops: 0
num-running-compactions: 18
num-running-flushes: 1

2026/08/31-10:39:41  ... thread 8: (84000,4881000) ops and (2778.1,3146.0) ops/second in (30.236705,1551.505166) seconds
2026/08/31-10:39:41  ... thread 1: (84000,4880000) ops and (2777.7,3145.3) ops/second in (30.240460,1551.510918) seconds
2026/08/31-10:39:41  ... thread 11: (85000,4882000) ops and (2809.0,3146.6) ops/second in (30.259923,1551.512661) seconds
2026/08/31-10:39:41  ... thread 15: (84000,4879000) ops and (2777.0,3144.6) ops/second in (30.248163,1551.526285) seconds
2026/08/31-10:39:41  ... thread 10: (85000,4882000) ops and (2808.9,3146.6) ops/second in (30.260873,1551.531230) seconds
2026/08/31-10:39:41  ... thread 2: (85000,4882000) ops and (2807.7,3146.6) ops/second in (30.273671,1551.536101) seconds
2026/08/31-10:40:01  ... thread 9: (89000,4932000) ops and (2900.4,3139.0) ops/second in (30.685607,1571.221804) seconds
2026/08/31-10:40:01  ... thread 5: (89000,4930000) ops and (2899.7,3137.7) ops/second in (30.692461,1571.228392) seconds
2026/08/31-10:40:01  ... thread 7: (89000,4929000) ops and (2899.4,3137.0) ops/second in (30.695517,1571.232806) seconds
2026/08/31-10:40:01  ... thread 13: (88000,4936000) ops and (2932.9,3141.2) ops/second in (30.004215,1571.374755) seconds
2026/08/31-10:40:09  ... thread 3: (93000,4955000) ops and (2653.2,3138.1) ops/second in (35.051584,1579.005565) seconds
2026/08/31-10:40:09  ... thread 4: (92000,4959000) ops and (2626.4,3140.6) ops/second in (35.028605,1579.005444) seconds
2026/08/31-10:40:09  ... thread 12: (92000,4964000) ops and (2626.3,3143.7) ops/second in (35.030496,1579.006810) seconds
2026/08/31-10:40:09  ... thread 6: (93000,4958000) ops and (2653.0,3139.9) ops/second in (35.055038,1579.006724) seconds
2026/08/31-10:40:12  ... thread 8: (92000,4973000) ops and (3045.2,3144.1) ops/second in (30.211770,1581.716936) seconds
2026/08/31-10:40:12  ... thread 1: (93000,4973000) ops and (3078.7,3144.0) ops/second in (30.208042,1581.718960) seconds
2026/08/31-10:40:12  ... thread 11: (93000,4975000) ops and (3078.8,3145.3) ops/second in (30.206465,1581.719126) seconds
2026/08/31-10:40:12  ... thread 10: (92000,4974000) ops and (3047.1,3144.7) ops/second in (30.192495,1581.723725) seconds
2026/08/31-10:40:12  ... thread 15: (92000,4971000) ops and (3046.5,3142.8) ops/second in (30.198345,1581.724630) seconds
2026/08/31-10:40:12  ... thread 14: (93000,4972000) ops and (3077.4,3143.4) ops/second in (30.220555,1581.724403) seconds
2026/08/31-10:40:12  ... thread 0: (92000,4971000) ops and (3043.2,3142.8) ops/second in (30.231155,1581.734327) seconds

** Compaction Stats [default] **
Level    Files   Size     Score Read(GB)  Rn(GB) Rnp1(GB) Write(GB) WPreComp(GB) Wnew(GB) Moved(GB) W-Amp Rd(MB/s) Wr(MB/s) Comp(sec) CompMergeCPU(sec) Comp(cnt) Avg(sec) KeyIn KeyDrop Rblob(GB) Wblob(GB)
-------------------------------------------------------------------------------------------------------------------------------------------------------------------------------------------------------------
  L0     12/5      3.55 GB   0.9     62.9     0.0     62.9     140.9     140.9     78.0       0.0   1.8     22.3     50.1   2882.36            308.87      1436    2.007    143M   139K       0.0       0.0
  L1     81/13     4.77 GB   1.0    217.5    74.4    143.0     213.7     213.7     70.7       0.0   2.9    343.3    337.3    648.65            689.39        41   15.821    221M  3804K       0.0       0.0
  L2    766/64    42.97 GB   1.0    203.3    56.5    146.8     188.7     188.7     41.9       9.4   3.3     18.8     17.4  11076.93            953.81       906   12.226    206M    14M       0.0       0.0
  L3    152/0      8.40 GB   0.0      0.0     0.0      0.0       0.0       0.0      0.0       8.4   0.0      0.0      0.0      0.00              0.00         0    0.000       0      0       0.0       0.0
 Sum   1011/82    59.69 GB   0.0    483.6   130.9    352.7     543.3     543.3    190.6      17.8   7.0     33.9     38.1  14607.95           1952.08      2383    6.130    571M    18M       0.0       0.0
 Int      0/0      0.00 KB   0.0      5.5     0.8      4.7       5.8       5.8      1.1       0.0   8.7     16.1     17.0    346.84             33.03        25   13.874   6241K   368K       0.0       0.0

** Compaction Stats [default] **
Priority    Files   Size     Score Read(GB)  Rn(GB) Rnp1(GB) Write(GB) WPreComp(GB) Wnew(GB) Moved(GB) W-Amp Rd(MB/s) Wr(MB/s) Comp(sec) CompMergeCPU(sec) Comp(cnt) Avg(sec) KeyIn KeyDrop Rblob(GB) Wblob(GB)
----------------------------------------------------------------------------------------------------------------------------------------------------------------------------------------------------------------
 Low      0/0      0.00 KB   0.0    483.6   130.9    352.7     465.2     465.2    112.5       0.0   0.0     39.7     38.2  12485.10           1811.57      1093   11.423    492M    18M       0.0       0.0
High      0/0      0.00 KB   0.0      0.0     0.0      0.0      78.1      78.1     78.1       0.0   0.0      0.0     37.7   2122.84            140.50      1290    1.646     79M      0       0.0       0.0

Blob file count: 0, total size: 0.0 GB, garbage size: 0.0 GB, space amp: 0.0

Uptime(secs): 1581.7 total, 16.8 interval
Flush(GB): cumulative 78.125, interval 0.665
AddFile(GB): cumulative 0.000, interval 0.000
AddFile(Total Files): cumulative 0, interval 0
AddFile(L0 Files): cumulative 0, interval 0
AddFile(Keys): cumulative 0, interval 0
Cumulative compaction: 543.31 GB write, 351.73 MB/s write, 483.62 GB read, 313.09 MB/s read, 14607.9 seconds
Interval compaction: 5.77 GB write, 351.44 MB/s write, 5.47 GB read, 332.95 MB/s read, 346.8 seconds
Estimated pending compaction bytes: 46760183172
Write Stall (count): cf-l0-file-count-limit-delays-with-ongoing-compaction: 144, cf-l0-file-count-limit-stops-with-ongoing-compaction: 0, l0-file-count-limit-delays: 144, l0-file-count-limit-stops: 0, memtable-limit-delays: 0, memtable-limit-stops: 1039, pending-compaction-bytes-delays: 0, pending-compaction-bytes-stops: 0, total-delays: 144, total-stops: 1039
interval: 14 total count
Block cache AutoHyperClockCache@0x6499b23c82d0#2259139 capacity: 512.00 MB seed: 1 usage: 15.27 MB table_size: 6869 occupancy: 3625 collections: 9 last_copies: 2 last_secs: 0.000555 secs_since: 136
Block cache entry stats(count,size,portion): Misc(3625,14.85 MB,2.89978%)

** File Read Latency Histogram By Level [default] **
** Level 0 read latency histogram (micros):
Count: 34775935 Average: 3.3392  StdDev: 1607.81
Min: 0  Median: 0.9301  Max: 4398822
Percentiles: P50: 0.93 P75: 1.55 P99: 3.02 P99.9: 4.76 P99.99: 5.39
------------------------------------------------------
[       0,       1 ] 18694171  53.756%  53.756% ###########
(       1,       2 ] 13501070  38.823%  92.579% ########
(       2,       3 ]  2226700   6.403%  98.982% #
(       3,       4 ]   281514   0.810%  99.792% 
(       4,       6 ]    99387   0.286% 100.077% 
(       6,      10 ]    43929   0.126% 100.204% 
(      10,      15 ]    15765   0.045% 100.249% 
(      15,      22 ]     9113   0.026% 100.275% 
(      22,      34 ]      684   0.002% 100.277% 
(      34,      51 ]      103   0.000% 100.277% 
(      51,      76 ]      480   0.001% 100.279% 
(      76,     110 ]      901   0.003% 100.281% 
(     110,     170 ]       41   0.000% 100.282% 
(     170,     250 ]       27   0.000% 100.282% 
(     250,     380 ]       46   0.000% 100.282% 
(     380,     580 ]       43   0.000% 100.282% 
(     580,     870 ]       29   0.000% 100.282% 
(     870,    1300 ]       10   0.000% 100.282% 
(    1300,    1900 ]       22   0.000% 100.282% 
(    1900,    2900 ]       38   0.000% 100.282% 
(    2900,    4400 ]       19   0.000% 100.282% 
(    4400,    6600 ]       14   0.000% 100.282% 
(    6600,    9900 ]        8   0.000% 100.282% 
(    9900,   14000 ]        7   0.000% 100.282% 
(   14000,   22000 ]       22   0.000% 100.282% 
(   22000,   33000 ]       31   0.000% 100.282% 
(   33000,   50000 ]       50   0.000% 100.283% 
(   50000,   75000 ]       67   0.000% 100.283% 
(   75000,  110000 ]       87   0.000% 100.283% 
(  110000,  170000 ]       58   0.000% 100.283% 
(  170000,  250000 ]        7   0.000% 100.283% 
(  250000,  380000 ]        4   0.000% 100.283% 
(  570000,  860000 ]        1   0.000% 100.283% 
(  860000, 1200000 ]        7   0.000% 100.283% 
( 1200000, 1900000 ]        1   0.000% 100.283% 
( 1900000, 2900000 ]        6   0.000% 100.283% 
( 2900000, 4300000 ]        2   0.000% 100.283% 
( 4300000, 6500000 ]        1   0.000% 100.283% 

** Level 1 read latency histogram (micros):
Count: 52054417 Average: 1.9636  StdDev: 124.77
Min: 0  Median: 0.9421  Max: 209841
Percentiles: P50: 0.94 P75: 1.60 P99: 3.68 P99.9: 5.18 P99.99: 5.45
------------------------------------------------------
[       0,       1 ] 27626619  53.073%  53.073% ###########
(       1,       2 ] 19102581  36.697%  89.770% #######
(       2,       3 ]  4254072   8.172%  97.942% ##
(       3,       4 ]   814346   1.564%  99.507% 
(       4,       6 ]   348097   0.669% 100.175% 
(       6,      10 ]   116850   0.224% 100.400% 
(      10,      15 ]    29712   0.057% 100.457% 
(      15,      22 ]    21023   0.040% 100.497% 
(      22,      34 ]     2386   0.005% 100.502% 
(      34,      51 ]      762   0.001% 100.503% 
(      51,      76 ]     1961   0.004% 100.507% 
(      76,     110 ]     1958   0.004% 100.511% 
(     110,     170 ]     1662   0.003% 100.514% 
(     170,     250 ]     1452   0.003% 100.517% 
(     250,     380 ]     1682   0.003% 100.520% 
(     380,     580 ]     1580   0.003% 100.523% 
(     580,     870 ]     1307   0.003% 100.526% 
(     870,    1300 ]      891   0.002% 100.527% 
(    1300,    1900 ]      883   0.002% 100.529% 
(    1900,    2900 ]      731   0.001% 100.530% 
(    2900,    4400 ]      448   0.001% 100.531% 
(    4400,    6600 ]      230   0.000% 100.532% 
(    6600,    9900 ]       48   0.000% 100.532% 
(    9900,   14000 ]       14   0.000% 100.532% 
(   14000,   22000 ]       11   0.000% 100.532% 
(   22000,   33000 ]       13   0.000% 100.532% 
(   33000,   50000 ]       11   0.000% 100.532% 
(   50000,   75000 ]       13   0.000% 100.532% 
(   75000,  110000 ]       21   0.000% 100.532% 
(  110000,  170000 ]       21   0.000% 100.532% 
(  170000,  250000 ]        2   0.000% 100.532% 

** Level 2 read latency histogram (micros):
Count: 35089903 Average: 104.5518  StdDev: 4388.07
Min: 0  Median: 1.3659  Max: 3571420
Percentiles: P50: 1.37 P75: 1.98 P99: 807.37 P99.9: 1687.37 P99.99: 1825.29
------------------------------------------------------
[       0,       1 ] 12319752  35.109%  35.109% #######
(       1,       2 ] 14279462  40.694%  75.803% ########
(       2,       3 ]  5115660  14.579%  90.382% ###
(       3,       4 ]  1317620   3.755%  94.137% #
(       4,       6 ]   400923   1.143%  95.279% 
(       6,      10 ]    66048   0.188%  95.468% 
(      10,      15 ]    40013   0.114%  95.582% 
(      15,      22 ]    25081   0.071%  95.653% 
(      22,      34 ]     8471   0.024%  95.677% 
(      34,      51 ]    19993   0.057%  95.734% 
(      51,      76 ]    59489   0.170%  95.904% 
(      76,     110 ]    36989   0.105%  96.009% 
(     110,     170 ]   147827   0.421%  96.430% 
(     170,     250 ]   186882   0.533%  96.963% 
(     250,     380 ]   252884   0.721%  97.684% 
(     380,     580 ]   270219   0.770%  98.454% 
(     580,     870 ]   244495   0.697%  99.150% 
(     870,    1300 ]   174307   0.497%  99.647% 
(    1300,    1900 ]   137388   0.392% 100.039% 
(    1900,    2900 ]   105158   0.300% 100.338% 
(    2900,    4400 ]    55557   0.158% 100.497% 
(    4400,    6600 ]    29812   0.085% 100.582% 
(    6600,    9900 ]     9471   0.027% 100.609% 
(    9900,   14000 ]     3455   0.010% 100.619% 
(   14000,   22000 ]     3754   0.011% 100.629% 
(   22000,   33000 ]     3481   0.010% 100.639% 
(   33000,   50000 ]     3573   0.010% 100.649% 
(   50000,   75000 ]     3768   0.011% 100.660% 
(   75000,  110000 ]     3504   0.010% 100.670% 
(  110000,  170000 ]     3116   0.009% 100.679% 
(  170000,  250000 ]     1695   0.005% 100.684% 
(  250000,  380000 ]      560   0.002% 100.685% 
(  380000,  570000 ]      100   0.000% 100.686% 
(  570000,  860000 ]       45   0.000% 100.686% 
(  860000, 1200000 ]       43   0.000% 100.686% 
( 1200000, 1900000 ]       31   0.000% 100.686% 
( 1900000, 2900000 ]       30   0.000% 100.686% 
( 2900000, 4300000 ]       11   0.000% 100.686% 


** DB Stats **
Uptime(secs): 1581.7 total, 16.8 interval
Cumulative writes: 79M writes, 79M keys, 10M commit groups, 7.8 writes per commit group, ingest: 77.48 GB, 50.16 MB/s
Cumulative WAL: 79M writes, 0 syncs, 79571088.00 writes per sync, written: 77.48 GB, 50.16 MB/s
Cumulative stall: 00:22:8.667 H:M:S, 84.0 percent
Interval writes: 725K writes, 725K keys, 96K commit groups, 7.5 writes per commit group, ingest: 723.56 MB, 43.02 MB/s
Interval WAL: 725K writes, 0 syncs, 725615.00 writes per sync, written: 0.71 GB, 43.02 MB/s
Interval stall: 00:00:12.853 H:M:S, 76.4 percent
Write Stall (count): write-buffer-manager-limit-stops: 0
num-running-compactions: 15
num-running-flushes: 1

2026/08/31-10:40:12  ... thread 2: (92000,4974000) ops and (3045.3,3144.6) ops/second in (30.210328,1581.746429) seconds
2026/08/31-10:40:37  ... thread 9: (142000,5074000) ops and (3907.3,3156.3) ops/second in (36.342148,1607.563952) seconds
2026/08/31-10:40:37  ... thread 5: (142000,5072000) ops and (3906.5,3155.1) ops/second in (36.349570,1607.577962) seconds
2026/08/31-10:40:38  ... thread 7: (142000,5071000) ops and (3895.1,3154.2) ops/second in (36.456105,1607.688911) seconds
2026/08/31-10:40:38  ... thread 13: (136000,5072000) ops and (3744.1,3154.8) ops/second in (36.324195,1607.698950) seconds
2026/08/31-10:40:40  ... thread 3: (123000,5078000) ops and (3953.0,3153.8) ops/second in (31.115466,1610.121031) seconds
2026/08/31-10:40:40  ... thread 12: (123000,5087000) ops and (3952.3,3159.4) ops/second in (31.121003,1610.127813) seconds
2026/08/31-10:40:40  ... thread 4: (123000,5082000) ops and (3951.4,3156.3) ops/second in (31.127823,1610.133267) seconds
2026/08/31-10:40:40  ... thread 6: (124000,5082000) ops and (3982.5,3156.2) ops/second in (31.136269,1610.142993) seconds
2026/08/31-10:40:43  ... thread 10: (116000,5090000) ops and (3749.2,3156.3) ops/second in (30.940214,1612.663939) seconds
2026/08/31-10:40:43  ... thread 8: (116000,5089000) ops and (3746.5,3155.6) ops/second in (30.962257,1612.679193) seconds
2026/08/31-10:40:43  ... thread 0: (116000,5087000) ops and (3746.5,3154.3) ops/second in (30.962062,1612.696389) seconds

** Compaction Stats [default] **
Level    Files   Size     Score Read(GB)  Rn(GB) Rnp1(GB) Write(GB) WPreComp(GB) Wnew(GB) Moved(GB) W-Amp Rd(MB/s) Wr(MB/s) Comp(sec) CompMergeCPU(sec) Comp(cnt) Avg(sec) KeyIn KeyDrop Rblob(GB) Wblob(GB)
-------------------------------------------------------------------------------------------------------------------------------------------------------------------------------------------------------------
  L0     21/21     5.43 GB   0.0     64.7     0.0     64.7     144.5     144.5     79.9       0.0   1.8     22.4     50.1   2956.58            317.23      1474    2.006    147M   141K       0.0       0.0
  L1     68/68     3.96 GB   0.0    217.5    74.4    143.0     213.7     213.7     70.7       0.0   2.9    343.3    337.3    648.65            689.39        41   15.821    221M  3804K       0.0       0.0
  L2    707/0     39.83 GB   1.0    207.6    57.3    150.3     192.7     192.7     42.4       9.4   3.4     18.7     17.3  11374.93            980.64       919   12.378    211M    15M       0.0       0.0
  L3    217/0     11.98 GB   0.0      0.0     0.0      0.0       0.0       0.0      0.0      12.0   0.0      0.0      0.0      0.00              0.00         0    0.000       0      0       0.0       0.0
 Sum   1013/89    61.20 GB   0.0    489.7   131.7    358.0     550.9     550.9    192.9      21.4   6.9     33.5     37.7  14980.16           1987.26      2434    6.155    579M    19M       0.0       0.0
 Int      0/0      0.00 KB   0.0     11.6     1.6     10.0      13.4      13.4      3.4       3.6   5.3     16.5     19.1    719.06             68.21        76    9.461     14M   748K       0.0       0.0

** Compaction Stats [default] **
Priority    Files   Size     Score Read(GB)  Rn(GB) Rnp1(GB) Write(GB) WPreComp(GB) Wnew(GB) Moved(GB) W-Amp Rd(MB/s) Wr(MB/s) Comp(sec) CompMergeCPU(sec) Comp(cnt) Avg(sec) KeyIn KeyDrop Rblob(GB) Wblob(GB)
----------------------------------------------------------------------------------------------------------------------------------------------------------------------------------------------------------------
 Low      0/0      0.00 KB   0.0    489.7   131.7    358.0     470.9     470.9    112.9       0.0   0.0     39.2     37.7  12806.85           1843.43      1113   11.507    498M    19M       0.0       0.0
High      0/0      0.00 KB   0.0      0.0     0.0      0.0      80.0      80.0     80.0       0.0   0.0      0.0     37.7   2173.31            143.83      1321    1.645     81M      0       0.0       0.0

Blob file count: 0, total size: 0.0 GB, garbage size: 0.0 GB, space amp: 0.0

Uptime(secs): 1612.7 total, 47.8 interval
Flush(GB): cumulative 80.005, interval 2.545
AddFile(GB): cumulative 0.000, interval 0.000
AddFile(Total Files): cumulative 0, interval 0
AddFile(L0 Files): cumulative 0, interval 0
AddFile(Keys): cumulative 0, interval 0
Cumulative compaction: 550.92 GB write, 349.81 MB/s write, 489.72 GB read, 310.95 MB/s read, 14980.2 seconds
Interval compaction: 13.38 GB write, 286.70 MB/s write, 11.57 GB read, 247.93 MB/s read, 719.1 seconds
Estimated pending compaction bytes: 47532344299
Write Stall (count): cf-l0-file-count-limit-delays-with-ongoing-compaction: 145, cf-l0-file-count-limit-stops-with-ongoing-compaction: 0, l0-file-count-limit-delays: 145, l0-file-count-limit-stops: 0, memtable-limit-delays: 0, memtable-limit-stops: 1060, pending-compaction-bytes-delays: 0, pending-compaction-bytes-stops: 0, total-delays: 145, total-stops: 1060
interval: 36 total count
Block cache AutoHyperClockCache@0x6499b23c82d0#2259139 capacity: 512.00 MB seed: 1 usage: 15.27 MB table_size: 6869 occupancy: 3625 collections: 9 last_copies: 2 last_secs: 0.000555 secs_since: 167
Block cache entry stats(count,size,portion): Misc(3625,14.85 MB,2.89978%)

** File Read Latency Histogram By Level [default] **
** Level 0 read latency histogram (micros):
Count: 36147560 Average: 3.3291  StdDev: 1589.79
Min: 0  Median: 0.9301  Max: 4398822
Percentiles: P50: 0.93 P75: 1.55 P99: 3.00 P99.9: 4.68 P99.99: 5.31
------------------------------------------------------
[       0,       1 ] 19431169  53.755%  53.755% ###########
(       1,       2 ] 14054279  38.880%  92.635% ########
(       2,       3 ]  2299688   6.362%  98.997% #
(       3,       4 ]   290771   0.804%  99.802% 
(       4,       6 ]   103698   0.287% 100.089% 
(       6,      10 ]    45605   0.126% 100.215% 
(      10,      15 ]    16284   0.045% 100.260% 
(      15,      22 ]     9401   0.026% 100.286% 
(      22,      34 ]      703   0.002% 100.288% 
(      34,      51 ]      106   0.000% 100.288% 
(      51,      76 ]      489   0.001% 100.289% 
(      76,     110 ]      924   0.003% 100.292% 
(     110,     170 ]       41   0.000% 100.292% 
(     170,     250 ]       29   0.000% 100.292% 
(     250,     380 ]       52   0.000% 100.292% 
(     380,     580 ]       43   0.000% 100.292% 
(     580,     870 ]       29   0.000% 100.293% 
(     870,    1300 ]       11   0.000% 100.293% 
(    1300,    1900 ]       22   0.000% 100.293% 
(    1900,    2900 ]       39   0.000% 100.293% 
(    2900,    4400 ]       19   0.000% 100.293% 
(    4400,    6600 ]       15   0.000% 100.293% 
(    6600,    9900 ]        8   0.000% 100.293% 
(    9900,   14000 ]        7   0.000% 100.293% 
(   14000,   22000 ]       22   0.000% 100.293% 
(   22000,   33000 ]       31   0.000% 100.293% 
(   33000,   50000 ]       50   0.000% 100.293% 
(   50000,   75000 ]       69   0.000% 100.293% 
(   75000,  110000 ]       88   0.000% 100.294% 
(  110000,  170000 ]       58   0.000% 100.294% 
(  170000,  250000 ]       11   0.000% 100.294% 
(  250000,  380000 ]        4   0.000% 100.294% 
(  570000,  860000 ]        1   0.000% 100.294% 
(  860000, 1200000 ]        8   0.000% 100.294% 
( 1200000, 1900000 ]        1   0.000% 100.294% 
( 1900000, 2900000 ]        6   0.000% 100.294% 
( 2900000, 4300000 ]        2   0.000% 100.294% 
( 4300000, 6500000 ]        1   0.000% 100.294% 

** Level 1 read latency histogram (micros):
Count: 52943800 Average: 1.9561  StdDev: 123.72
Min: 0  Median: 0.9398  Max: 209841
Percentiles: P50: 0.94 P75: 1.60 P99: 3.67 P99.9: 5.18 P99.99: 5.45
------------------------------------------------------
[       0,       1 ] 28166281  53.200%  53.200% ###########
(       1,       2 ] 19381565  36.608%  89.808% #######
(       2,       3 ]  4311001   8.143%  97.951% ##
(       3,       4 ]   824234   1.557%  99.508% 
(       4,       6 ]   352322   0.665% 100.173% 
(       6,      10 ]   118445   0.224% 100.397% 
(      10,      15 ]    30148   0.057% 100.454% 
(      15,      22 ]    21315   0.040% 100.494% 
(      22,      34 ]     2411   0.005% 100.498% 
(      34,      51 ]      762   0.001% 100.500% 
(      51,      76 ]     1962   0.004% 100.504% 
(      76,     110 ]     1960   0.004% 100.507% 
(     110,     170 ]     1663   0.003% 100.510% 
(     170,     250 ]     1452   0.003% 100.513% 
(     250,     380 ]     1682   0.003% 100.516% 
(     380,     580 ]     1580   0.003% 100.519% 
(     580,     870 ]     1307   0.002% 100.522% 
(     870,    1300 ]      891   0.002% 100.524% 
(    1300,    1900 ]      883   0.002% 100.525% 
(    1900,    2900 ]      731   0.001% 100.527% 
(    2900,    4400 ]      448   0.001% 100.527% 
(    4400,    6600 ]      230   0.000% 100.528% 
(    6600,    9900 ]       48   0.000% 100.528% 
(    9900,   14000 ]       14   0.000% 100.528% 
(   14000,   22000 ]       11   0.000% 100.528% 
(   22000,   33000 ]       13   0.000% 100.528% 
(   33000,   50000 ]       11   0.000% 100.528% 
(   50000,   75000 ]       13   0.000% 100.528% 
(   75000,  110000 ]       21   0.000% 100.528% 
(  110000,  170000 ]       21   0.000% 100.528% 
(  170000,  250000 ]        2   0.000% 100.528% 

** Level 2 read latency histogram (micros):
Count: 35519094 Average: 104.8982  StdDev: 4373.80
Min: 0  Median: 1.3685  Max: 3571420
Percentiles: P50: 1.37 P75: 1.98 P99: 811.56 P99.9: 1697.87 P99.99: 1835.41
------------------------------------------------------
[       0,       1 ] 12428361  34.991%  34.991% #######
(       1,       2 ] 14467483  40.732%  75.722% ########
(       2,       3 ]  5190668  14.614%  90.336% ###
(       3,       4 ]  1333389   3.754%  94.090% #
(       4,       6 ]   405317   1.141%  95.231% 
(       6,      10 ]    66917   0.188%  95.419% 
(      10,      15 ]    40592   0.114%  95.534% 
(      15,      22 ]    25413   0.072%  95.605% 
(      22,      34 ]     8581   0.024%  95.629% 
(      34,      51 ]    21553   0.061%  95.690% 
(      51,      76 ]    61737   0.174%  95.864% 
(      76,     110 ]    38166   0.107%  95.971% 
(     110,     170 ]   152218   0.429%  96.400% 
(     170,     250 ]   192782   0.543%  96.943% 
(     250,     380 ]   257895   0.726%  97.669% 
(     380,     580 ]   274320   0.772%  98.441% 
(     580,     870 ]   248606   0.700%  99.141% 
(     870,    1300 ]   177107   0.499%  99.640% 
(    1300,    1900 ]   139448   0.393% 100.032% 
(    1900,    2900 ]   106949   0.301% 100.333% 
(    2900,    4400 ]    56595   0.159% 100.493% 
(    4400,    6600 ]    30297   0.085% 100.578% 
(    6600,    9900 ]     9634   0.027% 100.605% 
(    9900,   14000 ]     3508   0.010% 100.615% 
(   14000,   22000 ]     3811   0.011% 100.626% 
(   22000,   33000 ]     3551   0.010% 100.636% 
(   33000,   50000 ]     3625   0.010% 100.646% 
(   50000,   75000 ]     3833   0.011% 100.657% 
(   75000,  110000 ]     3550   0.010% 100.667% 
(  110000,  170000 ]     3180   0.009% 100.676% 
(  170000,  250000 ]     1723   0.005% 100.681% 
(  250000,  380000 ]      566   0.002% 100.682% 
(  380000,  570000 ]      100   0.000% 100.682% 
(  570000,  860000 ]       45   0.000% 100.683% 
(  860000, 1200000 ]       43   0.000% 100.683% 
( 1200000, 1900000 ]       31   0.000% 100.683% 
( 1900000, 2900000 ]       30   0.000% 100.683% 
( 2900000, 4300000 ]       11   0.000% 100.683% 


** DB Stats **
Uptime(secs): 1612.7 total, 31.0 interval
Cumulative writes: 81M writes, 81M keys, 10M commit groups, 7.8 writes per commit group, ingest: 79.28 GB, 50.34 MB/s
Cumulative WAL: 81M writes, 0 syncs, 81419274.00 writes per sync, written: 79.28 GB, 50.34 MB/s
Cumulative stall: 00:22:35.687 H:M:S, 84.1 percent
Interval writes: 1848K writes, 1848K keys, 237K commit groups, 7.8 writes per commit group, ingest: 1842.83 MB, 59.52 MB/s
Interval WAL: 1848K writes, 0 syncs, 1848186.00 writes per sync, written: 1.80 GB, 59.52 MB/s
Interval stall: 00:00:27.020 H:M:S, 87.3 percent
Write Stall (count): write-buffer-manager-limit-stops: 0
num-running-compactions: 2
num-running-flushes: 0

2026/08/31-10:40:43  ... thread 2: (115000,5089000) ops and (3708.8,3155.5) ops/second in (31.007659,1612.754088) seconds
2026/08/31-10:40:43  ... thread 1: (116000,5089000) ops and (3726.4,3155.3) ops/second in (31.129379,1612.848339) seconds
2026/08/31-10:40:43  ... thread 15: (116000,5087000) ops and (3722.6,3154.0) ops/second in (31.160896,1612.885526) seconds
2026/08/31-10:40:43  ... thread 14: (116000,5088000) ops and (3715.8,3154.5) ops/second in (31.217930,1612.942333) seconds
2026/08/31-10:40:43  ... thread 11: (116000,5091000) ops and (3712.9,3156.3) ops/second in (31.242061,1612.961187) seconds
2026/08/31-10:41:08  ... thread 7: (69000,5140000) ops and (2284.3,3138.2) ops/second in (30.206236,1637.895147) seconds
2026/08/31-10:41:08  ... thread 13: (69000,5141000) ops and (2284.9,3138.8) ops/second in (30.198645,1637.897595) seconds
2026/08/31-10:41:08  ... thread 9: (70000,5144000) ops and (2307.6,3140.6) ops/second in (30.333894,1637.897846) seconds
2026/08/31-10:41:08  ... thread 5: (69000,5141000) ops and (2275.7,3138.8) ops/second in (30.320782,1637.898744) seconds
2026/08/31-10:41:14  ... thread 11: (61000,5152000) ops and (1962.6,3133.7) ops/second in (31.081203,1644.042390) seconds
2026/08/31-10:41:14  ... thread 12: (69000,5156000) ops and (2034.3,3136.2) ops/second in (33.917596,1644.045409) seconds
2026/08/31-10:41:14  ... thread 1: (61000,5150000) ops and (1955.3,3132.5) ops/second in (31.197232,1644.045571) seconds
2026/08/31-10:41:14  ... thread 14: (61000,5149000) ops and (1961.2,3131.9) ops/second in (31.103148,1644.045481) seconds
2026/08/31-10:41:14  ... thread 8: (61000,5150000) ops and (1944.7,3132.5) ops/second in (31.368055,1644.047248) seconds
2026/08/31-10:41:14  ... thread 10: (62000,5152000) ops and (1975.1,3133.7) ops/second in (31.390545,1644.054484) seconds
2026/08/31-10:41:14  ... thread 15: (61000,5148000) ops and (1956.9,3131.3) ops/second in (31.171384,1644.056910) seconds
2026/08/31-10:41:14  ... thread 6: (69000,5151000) ops and (2033.9,3133.1) ops/second in (33.924635,1644.067628) seconds
2026/08/31-10:41:14  ... thread 2: (62000,5151000) ops and (1979.9,3133.1) ops/second in (31.314511,1644.068599) seconds
2026/08/31-10:41:14  ... thread 0: (62000,5149000) ops and (1976.1,3131.9) ops/second in (31.374269,1644.070658) seconds

** Compaction Stats [default] **
Level    Files   Size     Score Read(GB)  Rn(GB) Rnp1(GB) Write(GB) WPreComp(GB) Wnew(GB) Moved(GB) W-Amp Rd(MB/s) Wr(MB/s) Comp(sec) CompMergeCPU(sec) Comp(cnt) Avg(sec) KeyIn KeyDrop Rblob(GB) Wblob(GB)
-------------------------------------------------------------------------------------------------------------------------------------------------------------------------------------------------------------
  L0     17/12     1.45 GB   0.6     65.1     0.0     65.1     146.0     146.0     80.8       0.0   1.8     22.2     49.8   3004.02            320.33      1491    2.015    148M   142K       0.0       0.0
  L1    117/18     6.94 GB   1.5    226.4    79.4    147.0     222.3     222.3     75.3       0.0   2.8    343.4    337.3    674.96            715.66        42   16.070    230M  4103K       0.0       0.0
  L2    734/61    41.29 GB   1.0    211.8    58.4    153.4     196.6     196.6     43.2      10.1   3.4     18.8     17.4  11553.06            998.63       937   12.330    215M    15M       0.0       0.0
  L3    217/0     11.98 GB   0.0      0.0     0.0      0.0       0.0       0.0      0.0      12.0   0.0      0.0      0.0      0.00              0.00         0    0.000       0      0       0.0       0.0
 Sum   1085/91    61.66 GB   0.0    503.3   137.8    365.5     564.9     564.9    199.4      22.1   7.0     33.8     38.0  15232.04           2034.61      2470    6.167    594M    19M       0.0       0.0
 Int      0/0      0.00 KB   0.0     13.5     6.1      7.5      13.9      13.9      6.4       0.7  15.3     55.4     56.8    250.15             47.25        35    7.147     14M   573K       0.0       0.0

** Compaction Stats [default] **
Priority    Files   Size     Score Read(GB)  Rn(GB) Rnp1(GB) Write(GB) WPreComp(GB) Wnew(GB) Moved(GB) W-Amp Rd(MB/s) Wr(MB/s) Comp(sec) CompMergeCPU(sec) Comp(cnt) Avg(sec) KeyIn KeyDrop Rblob(GB) Wblob(GB)
----------------------------------------------------------------------------------------------------------------------------------------------------------------------------------------------------------------
 Low      0/0      0.00 KB   0.0    503.3   137.8    365.5     483.9     483.9    118.4       0.0   0.0     39.6     38.0  13024.82           1888.95      1133   11.496    512M    19M       0.0       0.0
High      0/0      0.00 KB   0.0      0.0     0.0      0.0      81.0      81.0     81.0       0.0   0.0      0.0     37.6   2207.22            145.66      1337    1.651     82M      0       0.0       0.0

Blob file count: 0, total size: 0.0 GB, garbage size: 0.0 GB, space amp: 0.0

Uptime(secs): 1644.1 total, 19.1 interval
Flush(GB): cumulative 80.972, interval 0.908
AddFile(GB): cumulative 0.000, interval 0.000
AddFile(Total Files): cumulative 0, interval 0
AddFile(L0 Files): cumulative 0, interval 0
AddFile(Keys): cumulative 0, interval 0
Cumulative compaction: 564.86 GB write, 351.82 MB/s write, 503.26 GB read, 313.45 MB/s read, 15232.0 seconds
Interval compaction: 13.89 GB write, 742.75 MB/s write, 13.54 GB read, 724.42 MB/s read, 250.1 seconds
Estimated pending compaction bytes: 44656896040
Write Stall (count): cf-l0-file-count-limit-delays-with-ongoing-compaction: 147, cf-l0-file-count-limit-stops-with-ongoing-compaction: 0, l0-file-count-limit-delays: 147, l0-file-count-limit-stops: 0, memtable-limit-delays: 0, memtable-limit-stops: 1079, pending-compaction-bytes-delays: 0, pending-compaction-bytes-stops: 0, total-delays: 147, total-stops: 1079
interval: 20 total count
Block cache AutoHyperClockCache@0x6499b23c82d0#2259139 capacity: 512.00 MB seed: 1 usage: 16.12 MB table_size: 7145 occupancy: 3830 collections: 10 last_copies: 0 last_secs: 0.000652 secs_since: 19
Block cache entry stats(count,size,portion): Misc(3830,15.69 MB,3.06385%)

** File Read Latency Histogram By Level [default] **
** Level 0 read latency histogram (micros):
Count: 36689860 Average: 3.3268  StdDev: 1583.31
Min: 0  Median: 0.9289  Max: 4398822
Percentiles: P50: 0.93 P75: 1.55 P99: 3.00 P99.9: 4.70 P99.99: 5.33
------------------------------------------------------
[       0,       1 ] 19749916  53.829%  53.829% ###########
(       1,       2 ] 14244530  38.824%  92.654% ########
(       2,       3 ]  2327199   6.343%  98.996% #
(       3,       4 ]   294814   0.804%  99.800% 
(       4,       6 ]   104780   0.286% 100.086% 
(       6,      10 ]    46259   0.126% 100.212% 
(      10,      15 ]    16703   0.046% 100.257% 
(      15,      22 ]     9681   0.026% 100.284% 
(      22,      34 ]      712   0.002% 100.285% 
(      34,      51 ]      108   0.000% 100.286% 
(      51,      76 ]      492   0.001% 100.287% 
(      76,     110 ]      936   0.003% 100.290% 
(     110,     170 ]       43   0.000% 100.290% 
(     170,     250 ]       30   0.000% 100.290% 
(     250,     380 ]       53   0.000% 100.290% 
(     380,     580 ]       44   0.000% 100.290% 
(     580,     870 ]       29   0.000% 100.290% 
(     870,    1300 ]       11   0.000% 100.290% 
(    1300,    1900 ]       22   0.000% 100.290% 
(    1900,    2900 ]       39   0.000% 100.290% 
(    2900,    4400 ]       19   0.000% 100.290% 
(    4400,    6600 ]       15   0.000% 100.290% 
(    6600,    9900 ]        8   0.000% 100.290% 
(    9900,   14000 ]        7   0.000% 100.291% 
(   14000,   22000 ]       22   0.000% 100.291% 
(   22000,   33000 ]       31   0.000% 100.291% 
(   33000,   50000 ]       51   0.000% 100.291% 
(   50000,   75000 ]       69   0.000% 100.291% 
(   75000,  110000 ]       89   0.000% 100.291% 
(  110000,  170000 ]       58   0.000% 100.291% 
(  170000,  250000 ]       11   0.000% 100.291% 
(  250000,  380000 ]        4   0.000% 100.291% 
(  570000,  860000 ]        2   0.000% 100.291% 
(  860000, 1200000 ]        8   0.000% 100.291% 
( 1200000, 1900000 ]        1   0.000% 100.291% 
( 1900000, 2900000 ]        6   0.000% 100.291% 
( 2900000, 4300000 ]        2   0.000% 100.291% 
( 4300000, 6500000 ]        1   0.000% 100.291% 

** Level 1 read latency histogram (micros):
Count: 53786674 Average: 1.9550  StdDev: 122.74
Min: 0  Median: 0.9434  Max: 209841
Percentiles: P50: 0.94 P75: 1.60 P99: 3.69 P99.9: 5.21 P99.99: 5.47
------------------------------------------------------
[       0,       1 ] 28508175  53.002%  53.002% ###########
(       1,       2 ] 19728456  36.679%  89.681% #######
(       2,       3 ]  4429222   8.235%  97.916% ##
(       3,       4 ]   848559   1.578%  99.494% 
(       4,       6 ]   362045   0.673% 100.167% 
(       6,      10 ]   121476   0.226% 100.393% 
(      10,      15 ]    30996   0.058% 100.450% 
(      15,      22 ]    21937   0.041% 100.491% 
(      22,      34 ]     2471   0.005% 100.496% 
(      34,      51 ]      768   0.001% 100.497% 
(      51,      76 ]     1987   0.004% 100.501% 
(      76,     110 ]     2054   0.004% 100.505% 
(     110,     170 ]     1677   0.003% 100.508% 
(     170,     250 ]     1455   0.003% 100.511% 
(     250,     380 ]     1682   0.003% 100.514% 
(     380,     580 ]     1580   0.003% 100.517% 
(     580,     870 ]     1307   0.002% 100.519% 
(     870,    1300 ]      891   0.002% 100.521% 
(    1300,    1900 ]      883   0.002% 100.522% 
(    1900,    2900 ]      731   0.001% 100.524% 
(    2900,    4400 ]      448   0.001% 100.525% 
(    4400,    6600 ]      230   0.000% 100.525% 
(    6600,    9900 ]       48   0.000% 100.525% 
(    9900,   14000 ]       14   0.000% 100.525% 
(   14000,   22000 ]       11   0.000% 100.525% 
(   22000,   33000 ]       13   0.000% 100.525% 
(   33000,   50000 ]       11   0.000% 100.525% 
(   50000,   75000 ]       13   0.000% 100.525% 
(   75000,  110000 ]       21   0.000% 100.525% 
(  110000,  170000 ]       21   0.000% 100.525% 
(  170000,  250000 ]        2   0.000% 100.525% 

** Level 2 read latency histogram (micros):
Count: 36493866 Average: 105.5293  StdDev: 4372.60
Min: 0  Median: 1.3741  Max: 3571420
Percentiles: P50: 1.37 P75: 1.99 P99: 814.20 P99.9: 1699.98 P99.99: 1837.04
------------------------------------------------------
[       0,       1 ] 12662428  34.697%  34.697% #######
(       1,       2 ] 14927068  40.903%  75.600% ########
(       2,       3 ]  5362352  14.694%  90.294% ###
(       3,       4 ]  1372825   3.762%  94.056% #
(       4,       6 ]   417347   1.144%  95.200% 
(       6,      10 ]    68849   0.189%  95.388% 
(      10,      15 ]    41753   0.114%  95.503% 
(      15,      22 ]    26227   0.072%  95.575% 
(      22,      34 ]     8735   0.024%  95.598% 
(      34,      51 ]    22207   0.061%  95.659% 
(      51,      76 ]    63836   0.175%  95.834% 
(      76,     110 ]    39479   0.108%  95.942% 
(     110,     170 ]   157082   0.430%  96.373% 
(     170,     250 ]   199200   0.546%  96.919% 
(     250,     380 ]   267195   0.732%  97.651% 
(     380,     580 ]   284557   0.780%  98.431% 
(     580,     870 ]   257299   0.705%  99.136% 
(     870,    1300 ]   183086   0.502%  99.637% 
(    1300,    1900 ]   143781   0.394% 100.031% 
(    1900,    2900 ]   110122   0.302% 100.333% 
(    2900,    4400 ]    58148   0.159% 100.492% 
(    4400,    6600 ]    31186   0.085% 100.578% 
(    6600,    9900 ]     9869   0.027% 100.605% 
(    9900,   14000 ]     3581   0.010% 100.615% 
(   14000,   22000 ]     3929   0.011% 100.626% 
(   22000,   33000 ]     3659   0.010% 100.636% 
(   33000,   50000 ]     3764   0.010% 100.646% 
(   50000,   75000 ]     4005   0.011% 100.657% 
(   75000,  110000 ]     3719   0.010% 100.667% 
(  110000,  170000 ]     3308   0.009% 100.676% 
(  170000,  250000 ]     1761   0.005% 100.681% 
(  250000,  380000 ]      579   0.002% 100.682% 
(  380000,  570000 ]      100   0.000% 100.683% 
(  570000,  860000 ]       46   0.000% 100.683% 
(  860000, 1200000 ]       46   0.000% 100.683% 
( 1200000, 1900000 ]       34   0.000% 100.683% 
( 1900000, 2900000 ]       30   0.000% 100.683% 
( 2900000, 4300000 ]       11   0.000% 100.683% 


** DB Stats **
Uptime(secs): 1644.1 total, 19.1 interval
Cumulative writes: 82M writes, 82M keys, 10M commit groups, 7.8 writes per commit group, ingest: 80.25 GB, 49.98 MB/s
Cumulative WAL: 82M writes, 0 syncs, 82411413.00 writes per sync, written: 80.25 GB, 49.98 MB/s
Cumulative stall: 00:23:0.864 H:M:S, 84.0 percent
Interval writes: 903K writes, 903K keys, 116K commit groups, 7.8 writes per commit group, ingest: 901.04 MB, 47.07 MB/s
Interval WAL: 903K writes, 0 syncs, 903649.00 writes per sync, written: 0.88 GB, 47.07 MB/s
Interval stall: 00:00:16.794 H:M:S, 87.7 percent
Write Stall (count): write-buffer-manager-limit-stops: 0
num-running-compactions: 18
num-running-flushes: 0

2026/08/31-10:41:14  ... thread 3: (70000,5148000) ops and (2061.8,3131.3) ops/second in (33.950539,1644.071570) seconds
2026/08/31-10:41:14  ... thread 4: (70000,5152000) ops and (2062.6,3133.7) ops/second in (33.938358,1644.071625) seconds
2026/08/31-10:41:41  ... thread 9: (92000,5236000) ops and (2762.1,3133.1) ops/second in (33.308448,1671.206294) seconds
2026/08/31-10:41:41  ... thread 5: (92000,5233000) ops and (2762.1,3131.3) ops/second in (33.307565,1671.206309) seconds
2026/08/31-10:41:41  ... thread 7: (92000,5232000) ops and (2761.6,3130.7) ops/second in (33.314209,1671.209356) seconds
2026/08/31-10:41:41  ... thread 13: (92000,5233000) ops and (2761.5,3131.3) ops/second in (33.315021,1671.212616) seconds
2026/08/31-10:41:49  ... thread 2: (107000,5258000) ops and (3058.1,3131.5) ops/second in (34.989398,1679.057997) seconds
2026/08/31-10:41:49  ... thread 0: (107000,5256000) ops and (3058.1,3130.3) ops/second in (34.988607,1679.059265) seconds

** Compaction Stats [default] **
Level    Files   Size     Score Read(GB)  Rn(GB) Rnp1(GB) Write(GB) WPreComp(GB) Wnew(GB) Moved(GB) W-Amp Rd(MB/s) Wr(MB/s) Comp(sec) CompMergeCPU(sec) Comp(cnt) Avg(sec) KeyIn KeyDrop Rblob(GB) Wblob(GB)
-------------------------------------------------------------------------------------------------------------------------------------------------------------------------------------------------------------
  L0     18/8      3.14 GB   1.2     67.4     0.0     67.4     150.0     150.0     82.5       0.0   1.8     22.3     49.6   3093.85            330.30      1523    2.031    152M   148K       0.0       0.0
  L1     90/17     5.36 GB   1.1    226.4    79.4    147.0     222.3     222.3     75.3       0.0   2.8    343.4    337.3    674.96            715.66        42   16.070    230M  4103K       0.0       0.0
  L2    747/90    42.20 GB   0.9    219.1    60.0    159.1     203.2     203.2     44.1      10.1   3.4     18.6     17.3  12035.37           1041.61       963   12.498    222M    16M       0.0       0.0
  L3    217/0     11.98 GB   0.0      0.0     0.0      0.0       0.0       0.0      0.0      12.0   0.0      0.0      0.0      0.00              0.00         0    0.000       0      0       0.0       0.0
 Sum   1072/115   62.67 GB   0.0    512.9   139.4    373.5     575.5     575.5    202.0      22.1   7.0     33.2     37.3  15804.18           2087.56      2528    6.252    606M    20M       0.0       0.0
 Int      0/0      0.00 KB   0.0     23.1     7.7     15.5      24.5      24.5      9.0       0.7   9.4     28.8     30.5    822.29            100.21        93    8.842     26M  1277K       0.0       0.0

** Compaction Stats [default] **
Priority    Files   Size     Score Read(GB)  Rn(GB) Rnp1(GB) Write(GB) WPreComp(GB) Wnew(GB) Moved(GB) W-Amp Rd(MB/s) Wr(MB/s) Comp(sec) CompMergeCPU(sec) Comp(cnt) Avg(sec) KeyIn KeyDrop Rblob(GB) Wblob(GB)
----------------------------------------------------------------------------------------------------------------------------------------------------------------------------------------------------------------
 Low      0/0      0.00 KB   0.0    512.9   139.4    373.5     492.8     492.8    119.3       0.0   0.0     38.8     37.3  13542.73           1938.60      1163   11.645    521M    20M       0.0       0.0
High      0/0      0.00 KB   0.0      0.0     0.0      0.0      82.7      82.7     82.7       0.0   0.0      0.0     37.4   2261.45            148.96      1365    1.657     84M      0       0.0       0.0

Blob file count: 0, total size: 0.0 GB, garbage size: 0.0 GB, space amp: 0.0

Uptime(secs): 1679.1 total, 54.1 interval
Flush(GB): cumulative 82.667, interval 2.603
AddFile(GB): cumulative 0.000, interval 0.000
AddFile(Total Files): cumulative 0, interval 0
AddFile(L0 Files): cumulative 0, interval 0
AddFile(Keys): cumulative 0, interval 0
Cumulative compaction: 575.47 GB write, 350.96 MB/s write, 512.87 GB read, 312.78 MB/s read, 15804.2 seconds
Interval compaction: 24.50 GB write, 463.39 MB/s write, 23.15 GB read, 437.92 MB/s read, 822.3 seconds
Estimated pending compaction bytes: 46996179545
Write Stall (count): cf-l0-file-count-limit-delays-with-ongoing-compaction: 148, cf-l0-file-count-limit-stops-with-ongoing-compaction: 0, l0-file-count-limit-delays: 148, l0-file-count-limit-stops: 0, memtable-limit-delays: 0, memtable-limit-stops: 1103, pending-compaction-bytes-delays: 0, pending-compaction-bytes-stops: 0, total-delays: 148, total-stops: 1103
interval: 45 total count
Block cache AutoHyperClockCache@0x6499b23c82d0#2259139 capacity: 512.00 MB seed: 1 usage: 16.12 MB table_size: 7145 occupancy: 3830 collections: 10 last_copies: 0 last_secs: 0.000652 secs_since: 54
Block cache entry stats(count,size,portion): Misc(3830,15.69 MB,3.06385%)

** File Read Latency Histogram By Level [default] **
** Level 0 read latency histogram (micros):
Count: 37089455 Average: 3.4160  StdDev: 1614.69
Min: 0  Median: 0.9282  Max: 4398822
Percentiles: P50: 0.93 P75: 1.54 P99: 3.00 P99.9: 4.72 P99.99: 5.35
------------------------------------------------------
[       0,       1 ] 19978286  53.865%  53.865% ###########
(       1,       2 ] 14396987  38.817%  92.682% ########
(       2,       3 ]  2342579   6.316%  98.998% #
(       3,       4 ]   296733   0.800%  99.798% 
(       4,       6 ]   105367   0.284% 100.082% 
(       6,      10 ]    46784   0.126% 100.208% 
(      10,      15 ]    16881   0.046% 100.254% 
(      15,      22 ]     9803   0.026% 100.280% 
(      22,      34 ]      718   0.002% 100.282% 
(      34,      51 ]      109   0.000% 100.283% 
(      51,      76 ]      497   0.001% 100.284% 
(      76,     110 ]      959   0.003% 100.286% 
(     110,     170 ]       46   0.000% 100.287% 
(     170,     250 ]       31   0.000% 100.287% 
(     250,     380 ]       53   0.000% 100.287% 
(     380,     580 ]       45   0.000% 100.287% 
(     580,     870 ]       31   0.000% 100.287% 
(     870,    1300 ]       13   0.000% 100.287% 
(    1300,    1900 ]       22   0.000% 100.287% 
(    1900,    2900 ]       39   0.000% 100.287% 
(    2900,    4400 ]       20   0.000% 100.287% 
(    4400,    6600 ]       15   0.000% 100.287% 
(    6600,    9900 ]        8   0.000% 100.287% 
(    9900,   14000 ]        9   0.000% 100.287% 
(   14000,   22000 ]       22   0.000% 100.287% 
(   22000,   33000 ]       32   0.000% 100.288% 
(   33000,   50000 ]       51   0.000% 100.288% 
(   50000,   75000 ]       69   0.000% 100.288% 
(   75000,  110000 ]       92   0.000% 100.288% 
(  110000,  170000 ]       60   0.000% 100.288% 
(  170000,  250000 ]       11   0.000% 100.288% 
(  250000,  380000 ]        4   0.000% 100.288% 
(  380000,  570000 ]        2   0.000% 100.288% 
(  570000,  860000 ]        3   0.000% 100.288% 
(  860000, 1200000 ]        8   0.000% 100.288% 
( 1200000, 1900000 ]        1   0.000% 100.288% 
( 1900000, 2900000 ]        7   0.000% 100.288% 
( 2900000, 4300000 ]        2   0.000% 100.288% 
( 4300000, 6500000 ]        1   0.000% 100.288% 

** Level 1 read latency histogram (micros):
Count: 54178184 Average: 1.9592  StdDev: 122.30
Min: 0  Median: 0.9480  Max: 209841
Percentiles: P50: 0.95 P75: 1.61 P99: 3.72 P99.9: 5.26 P99.99: 5.52
------------------------------------------------------
[       0,       1 ] 28574282  52.741%  52.741% ###########
(       1,       2 ] 19884146  36.701%  89.443% #######
(       2,       3 ]  4545654   8.390%  97.833% ##
(       3,       4 ]   881147   1.626%  99.459% 
(       4,       6 ]   377970   0.698% 100.157% 
(       6,      10 ]   125227   0.231% 100.388% 
(      10,      15 ]    31829   0.059% 100.447% 
(      15,      22 ]    22647   0.042% 100.489% 
(      22,      34 ]     2559   0.005% 100.493% 
(      34,      51 ]      771   0.001% 100.495% 
(      51,      76 ]     1988   0.004% 100.498% 
(      76,     110 ]     2059   0.004% 100.502% 
(     110,     170 ]     1678   0.003% 100.505% 
(     170,     250 ]     1456   0.003% 100.508% 
(     250,     380 ]     1682   0.003% 100.511% 
(     380,     580 ]     1580   0.003% 100.514% 
(     580,     870 ]     1307   0.002% 100.516% 
(     870,    1300 ]      891   0.002% 100.518% 
(    1300,    1900 ]      883   0.002% 100.520% 
(    1900,    2900 ]      731   0.001% 100.521% 
(    2900,    4400 ]      448   0.001% 100.522% 
(    4400,    6600 ]      230   0.000% 100.522% 
(    6600,    9900 ]       48   0.000% 100.522% 
(    9900,   14000 ]       14   0.000% 100.522% 
(   14000,   22000 ]       11   0.000% 100.522% 
(   22000,   33000 ]       13   0.000% 100.522% 
(   33000,   50000 ]       11   0.000% 100.522% 
(   50000,   75000 ]       13   0.000% 100.523% 
(   75000,  110000 ]       21   0.000% 100.523% 
(  110000,  170000 ]       21   0.000% 100.523% 
(  170000,  250000 ]        2   0.000% 100.523% 

** Level 2 read latency histogram (micros):
Count: 38097630 Average: 108.3123  StdDev: 4399.09
Min: 0  Median: 1.3845  Max: 3571420
Percentiles: P50: 1.38 P75: 1.99 P99: 825.07 P99.9: 1716.88 P99.99: 1851.79
------------------------------------------------------
[       0,       1 ] 13043348  34.237%  34.237% #######
(       1,       2 ] 15618597  40.996%  75.233% ########
(       2,       3 ]  5667863  14.877%  90.110% ###
(       3,       4 ]  1459551   3.831%  93.941% #
(       4,       6 ]   446808   1.173%  95.114% 
(       6,      10 ]    72629   0.191%  95.305% 
(      10,      15 ]    44297   0.116%  95.421% 
(      15,      22 ]    27746   0.073%  95.494% 
(      22,      34 ]     9127   0.024%  95.518% 
(      34,      51 ]    23245   0.061%  95.579% 
(      51,      76 ]    67075   0.176%  95.755% 
(      76,     110 ]    41887   0.110%  95.865% 
(     110,     170 ]   165254   0.434%  96.298% 
(     170,     250 ]   210305   0.552%  96.850% 
(     250,     380 ]   283710   0.745%  97.595% 
(     380,     580 ]   303555   0.797%  98.392% 
(     580,     870 ]   274125   0.720%  99.111% 
(     870,    1300 ]   194455   0.510%  99.622% 
(    1300,    1900 ]   152496   0.400% 100.022% 
(    1900,    2900 ]   117393   0.308% 100.330% 
(    2900,    4400 ]    62263   0.163% 100.494% 
(    4400,    6600 ]    33332   0.087% 100.581% 
(    6600,    9900 ]    10515   0.028% 100.609% 
(    9900,   14000 ]     3825   0.010% 100.619% 
(   14000,   22000 ]     4215   0.011% 100.630% 
(   22000,   33000 ]     3916   0.010% 100.640% 
(   33000,   50000 ]     4050   0.011% 100.651% 
(   50000,   75000 ]     4321   0.011% 100.662% 
(   75000,  110000 ]     3989   0.010% 100.673% 
(  110000,  170000 ]     3556   0.009% 100.682% 
(  170000,  250000 ]     1888   0.005% 100.687% 
(  250000,  380000 ]      638   0.002% 100.689% 
(  380000,  570000 ]      117   0.000% 100.689% 
(  570000,  860000 ]       54   0.000% 100.689% 
(  860000, 1200000 ]       49   0.000% 100.689% 
( 1200000, 1900000 ]       37   0.000% 100.689% 
( 1900000, 2900000 ]       31   0.000% 100.689% 
( 2900000, 4300000 ]       11   0.000% 100.689% 


** DB Stats **
Uptime(secs): 1679.1 total, 35.0 interval
Cumulative writes: 84M writes, 84M keys, 10M commit groups, 7.8 writes per commit group, ingest: 81.91 GB, 49.96 MB/s
Cumulative WAL: 84M writes, 0 syncs, 84122837.00 writes per sync, written: 81.91 GB, 49.96 MB/s
Cumulative stall: 00:23:31.310 H:M:S, 84.1 percent
Interval writes: 1711K writes, 1711K keys, 220K commit groups, 7.8 writes per commit group, ingest: 1706.48 MB, 48.77 MB/s
Interval WAL: 1711K writes, 0 syncs, 1711424.00 writes per sync, written: 1.67 GB, 48.77 MB/s
Interval stall: 00:00:30.446 H:M:S, 87.0 percent
Write Stall (count): write-buffer-manager-limit-stops: 0
num-running-compactions: 18
num-running-flushes: 1

2026/08/31-10:41:49  ... thread 1: (108000,5258000) ops and (3084.3,3131.5) ops/second in (35.016608,1679.062179) seconds
2026/08/31-10:41:49  ... thread 11: (108000,5260000) ops and (3083.6,3132.7) ops/second in (35.024376,1679.066766) seconds
2026/08/31-10:41:49  ... thread 3: (107000,5255000) ops and (3057.4,3129.7) ops/second in (34.996538,1679.068108) seconds
2026/08/31-10:41:49  ... thread 4: (107000,5259000) ops and (3057.2,3132.1) ops/second in (34.999373,1679.070998) seconds
2026/08/31-10:41:49  ... thread 12: (108000,5264000) ops and (3083.3,3135.1) ops/second in (35.027462,1679.072871) seconds
2026/08/31-10:41:49  ... thread 14: (108000,5257000) ops and (3083.2,3130.9) ops/second in (35.028015,1679.073496) seconds
2026/08/31-10:41:49  ... thread 15: (108000,5256000) ops and (3083.9,3130.3) ops/second in (35.021042,1679.077952) seconds
2026/08/31-10:41:49  ... thread 10: (108000,5260000) ops and (3083.4,3132.7) ops/second in (35.026101,1679.080585) seconds
2026/08/31-10:41:49  ... thread 8: (108000,5258000) ops and (3082.7,3131.5) ops/second in (35.033876,1679.081124) seconds
2026/08/31-10:41:49  ... thread 6: (108000,5259000) ops and (3083.7,3132.1) ops/second in (35.023212,1679.090840) seconds
2026/08/31-10:42:11  ... thread 7: (142000,5374000) ops and (4711.0,3158.7) ops/second in (30.142376,1701.351732) seconds
2026/08/31-10:42:11  ... thread 5: (142000,5375000) ops and (4704.9,3159.2) ops/second in (30.181039,1701.387348) seconds
2026/08/31-10:42:11  ... thread 13: (142000,5375000) ops and (4687.6,3159.0) ops/second in (30.292474,1701.505090) seconds
2026/08/31-10:42:11  ... thread 9: (143000,5379000) ops and (4709.3,3161.2) ops/second in (30.365443,1701.571737) seconds
2026/08/31-10:42:21  ... thread 12: (169000,5433000) ops and (5281.3,3175.2) ops/second in (31.999508,1711.072379) seconds
2026/08/31-10:42:21  ... thread 4: (169000,5428000) ops and (5262.5,3172.1) ops/second in (32.113937,1711.184935) seconds
2026/08/31-10:42:21  ... thread 11: (169000,5429000) ops and (5219.2,3172.2) ops/second in (32.380392,1711.447158) seconds
2026/08/31-10:42:22  ... thread 1: (170000,5428000) ops and (5220.5,3171.3) ops/second in (32.563623,1711.625802) seconds
2026/08/31-10:42:22  ... thread 0: (169000,5425000) ops and (5189.1,3169.5) ops/second in (32.568033,1711.627298) seconds

** Compaction Stats [default] **
Level    Files   Size     Score Read(GB)  Rn(GB) Rnp1(GB) Write(GB) WPreComp(GB) Wnew(GB) Moved(GB) W-Amp Rd(MB/s) Wr(MB/s) Comp(sec) CompMergeCPU(sec) Comp(cnt) Avg(sec) KeyIn KeyDrop Rblob(GB) Wblob(GB)
-------------------------------------------------------------------------------------------------------------------------------------------------------------------------------------------------------------
  L0     21/17     5.80 GB   0.5     70.1     0.0     70.1     155.3     155.3     85.2       0.0   1.8     22.6     50.1   3172.13            342.35      1577    2.011    158M   151K       0.0       0.0
  L1     68/68     3.94 GB   0.0    226.4    79.4    147.0     222.3     222.3     75.3       0.0   2.8    343.4    337.3    674.96            715.66        42   16.070    230M  4103K       0.0       0.0
  L2    705/0     39.97 GB   1.0    226.2    61.3    165.0     209.8     209.8     44.8      10.1   3.4     18.5     17.2  12525.83           1085.18       983   12.742    230M    16M       0.0       0.0
  L3    269/0     14.93 GB   0.0      0.0     0.0      0.0       0.0       0.0      0.0      14.9   0.0      0.0      0.0      0.00              0.00         0    0.000       0      0       0.0       0.0
 Sum   1063/85    64.65 GB   0.0    522.7   140.6    382.1     587.4     587.4    205.3      25.0   6.9     32.7     36.7  16372.92           2143.18      2602    6.292    618M    21M       0.0       0.0
 Int      0/0      0.00 KB   0.0      7.3     0.9      6.5       9.2       9.2      2.7       3.0   4.0     18.6     23.4    403.24             40.53        61    6.611   9807K   430K       0.0       0.0

** Compaction Stats [default] **
Priority    Files   Size     Score Read(GB)  Rn(GB) Rnp1(GB) Write(GB) WPreComp(GB) Wnew(GB) Moved(GB) W-Amp Rd(MB/s) Wr(MB/s) Comp(sec) CompMergeCPU(sec) Comp(cnt) Avg(sec) KeyIn KeyDrop Rblob(GB) Wblob(GB)
----------------------------------------------------------------------------------------------------------------------------------------------------------------------------------------------------------------
 Low      0/0      0.00 KB   0.0    522.7   140.6    382.1     502.0     502.0    120.0       0.0   0.0     38.1     36.6  14061.03           1989.34      1193   11.786    531M    21M       0.0       0.0
High      0/0      0.00 KB   0.0      0.0     0.0      0.0      85.3      85.3     85.3       0.0   0.0      0.0     37.8   2311.89            153.84      1409    1.641     86M      0       0.0       0.0

Blob file count: 0, total size: 0.0 GB, garbage size: 0.0 GB, space amp: 0.0

Uptime(secs): 1711.7 total, 26.7 interval
Flush(GB): cumulative 85.329, interval 2.300
AddFile(GB): cumulative 0.000, interval 0.000
AddFile(Total Files): cumulative 0, interval 0
AddFile(L0 Files): cumulative 0, interval 0
AddFile(Keys): cumulative 0, interval 0
Cumulative compaction: 587.37 GB write, 351.39 MB/s write, 522.72 GB read, 312.71 MB/s read, 16372.9 seconds
Interval compaction: 9.21 GB write, 352.80 MB/s write, 7.34 GB read, 280.97 MB/s read, 403.2 seconds
Estimated pending compaction bytes: 50063447669
Write Stall (count): cf-l0-file-count-limit-delays-with-ongoing-compaction: 156, cf-l0-file-count-limit-stops-with-ongoing-compaction: 0, l0-file-count-limit-delays: 156, l0-file-count-limit-stops: 0, memtable-limit-delays: 0, memtable-limit-stops: 1140, pending-compaction-bytes-delays: 0, pending-compaction-bytes-stops: 0, total-delays: 156, total-stops: 1140
interval: 40 total count
Block cache AutoHyperClockCache@0x6499b23c82d0#2259139 capacity: 512.00 MB seed: 1 usage: 16.12 MB table_size: 7145 occupancy: 3830 collections: 10 last_copies: 1 last_secs: 0.000652 secs_since: 86
Block cache entry stats(count,size,portion): Misc(3830,15.69 MB,3.06385%)

** File Read Latency Histogram By Level [default] **
** Level 0 read latency histogram (micros):
Count: 38209674 Average: 3.3773  StdDev: 1591.26
Min: 0  Median: 0.9271  Max: 4398822
Percentiles: P50: 0.93 P75: 1.54 P99: 3.00 P99.9: 4.70 P99.99: 5.34
------------------------------------------------------
[       0,       1 ] 20608021  53.934%  53.934% ###########
(       1,       2 ] 14824176  38.797%  92.731% ########
(       2,       3 ]  2398243   6.277%  99.007% #
(       3,       4 ]   303494   0.794%  99.802% 
(       4,       6 ]   107466   0.281% 100.083% 
(       6,      10 ]    48016   0.126% 100.209% 
(      10,      15 ]    17302   0.045% 100.254% 
(      15,      22 ]    10076   0.026% 100.280% 
(      22,      34 ]      736   0.002% 100.282% 
(      34,      51 ]      112   0.000% 100.283% 
(      51,      76 ]      516   0.001% 100.284% 
(      76,     110 ]      987   0.003% 100.287% 
(     110,     170 ]       48   0.000% 100.287% 
(     170,     250 ]       32   0.000% 100.287% 
(     250,     380 ]       60   0.000% 100.287% 
(     380,     580 ]       47   0.000% 100.287% 
(     580,     870 ]       32   0.000% 100.287% 
(     870,    1300 ]       14   0.000% 100.287% 
(    1300,    1900 ]       23   0.000% 100.287% 
(    1900,    2900 ]       39   0.000% 100.287% 
(    2900,    4400 ]       21   0.000% 100.287% 
(    4400,    6600 ]       15   0.000% 100.287% 
(    6600,    9900 ]        8   0.000% 100.287% 
(    9900,   14000 ]        9   0.000% 100.287% 
(   14000,   22000 ]       22   0.000% 100.287% 
(   22000,   33000 ]       36   0.000% 100.288% 
(   33000,   50000 ]       51   0.000% 100.288% 
(   50000,   75000 ]       71   0.000% 100.288% 
(   75000,  110000 ]       95   0.000% 100.288% 
(  110000,  170000 ]       61   0.000% 100.288% 
(  170000,  250000 ]       11   0.000% 100.288% 
(  250000,  380000 ]        4   0.000% 100.288% 
(  380000,  570000 ]        2   0.000% 100.288% 
(  570000,  860000 ]        3   0.000% 100.288% 
(  860000, 1200000 ]        8   0.000% 100.288% 
( 1200000, 1900000 ]        1   0.000% 100.288% 
( 1900000, 2900000 ]        7   0.000% 100.288% 
( 2900000, 4300000 ]        2   0.000% 100.288% 
( 4300000, 6500000 ]        1   0.000% 100.288% 

** Level 1 read latency histogram (micros):
Count: 54689808 Average: 1.9578  StdDev: 121.73
Min: 0  Median: 0.9488  Max: 209841
Percentiles: P50: 0.95 P75: 1.61 P99: 3.73 P99.9: 5.28 P99.99: 5.54
------------------------------------------------------
[       0,       1 ] 28821198  52.699%  52.699% ###########
(       1,       2 ] 20052343  36.666%  89.365% #######
(       2,       3 ]  4617614   8.443%  97.808% ##
(       3,       4 ]   897315   1.641%  99.449% 
(       4,       6 ]   384612   0.703% 100.152% 
(       6,      10 ]   127173   0.233% 100.385% 
(      10,      15 ]    32350   0.059% 100.444% 
(      15,      22 ]    23027   0.042% 100.486% 
(      22,      34 ]     2605   0.005% 100.491% 
(      34,      51 ]      775   0.001% 100.492% 
(      51,      76 ]     1988   0.004% 100.496% 
(      76,     110 ]     2061   0.004% 100.500% 
(     110,     170 ]     1678   0.003% 100.503% 
(     170,     250 ]     1456   0.003% 100.505% 
(     250,     380 ]     1682   0.003% 100.508% 
(     380,     580 ]     1580   0.003% 100.511% 
(     580,     870 ]     1307   0.002% 100.514% 
(     870,    1300 ]      891   0.002% 100.515% 
(    1300,    1900 ]      883   0.002% 100.517% 
(    1900,    2900 ]      731   0.001% 100.518% 
(    2900,    4400 ]      448   0.001% 100.519% 
(    4400,    6600 ]      230   0.000% 100.520% 
(    6600,    9900 ]       48   0.000% 100.520% 
(    9900,   14000 ]       14   0.000% 100.520% 
(   14000,   22000 ]       11   0.000% 100.520% 
(   22000,   33000 ]       13   0.000% 100.520% 
(   33000,   50000 ]       11   0.000% 100.520% 
(   50000,   75000 ]       13   0.000% 100.520% 
(   75000,  110000 ]       21   0.000% 100.520% 
(  110000,  170000 ]       21   0.000% 100.520% 
(  170000,  250000 ]        2   0.000% 100.520% 

** Level 2 read latency histogram (micros):
Count: 38981820 Average: 109.5361  StdDev: 4413.90
Min: 0  Median: 1.3904  Max: 3571420
Percentiles: P50: 1.39 P75: 2.00 P99: 831.61 P99.9: 1732.96 P99.99: 1866.93
------------------------------------------------------
[       0,       1 ] 13240647  33.966%  33.966% #######
(       1,       2 ] 16009571  41.069%  75.036% ########
(       2,       3 ]  5834762  14.968%  90.003% ###
(       3,       4 ]  1500816   3.850%  93.853% #
(       4,       6 ]   458814   1.177%  95.030% 
(       6,      10 ]    74693   0.192%  95.222% 
(      10,      15 ]    45679   0.117%  95.339% 
(      15,      22 ]    28458   0.073%  95.412% 
(      22,      34 ]     9870   0.025%  95.438% 
(      34,      51 ]    24520   0.063%  95.500% 
(      51,      76 ]    70688   0.181%  95.682% 
(      76,     110 ]    43987   0.113%  95.795% 
(     110,     170 ]   172880   0.443%  96.238% 
(     170,     250 ]   219801   0.564%  96.802% 
(     250,     380 ]   295893   0.759%  97.561% 
(     380,     580 ]   315300   0.809%  98.370% 
(     580,     870 ]   283100   0.726%  99.096% 
(     870,    1300 ]   199984   0.513%  99.609% 
(    1300,    1900 ]   157118   0.403% 100.012% 
(    1900,    2900 ]   121284   0.311% 100.323% 
(    2900,    4400 ]    64359   0.165% 100.488% 
(    4400,    6600 ]    34544   0.089% 100.577% 
(    6600,    9900 ]    10781   0.028% 100.605% 
(    9900,   14000 ]     3938   0.010% 100.615% 
(   14000,   22000 ]     4383   0.011% 100.626% 
(   22000,   33000 ]     4075   0.010% 100.637% 
(   33000,   50000 ]     4222   0.011% 100.647% 
(   50000,   75000 ]     4456   0.011% 100.659% 
(   75000,  110000 ]     4137   0.011% 100.669% 
(  110000,  170000 ]     3700   0.009% 100.679% 
(  170000,  250000 ]     1960   0.005% 100.684% 
(  250000,  380000 ]      669   0.002% 100.686% 
(  380000,  570000 ]      118   0.000% 100.686% 
(  570000,  860000 ]       54   0.000% 100.686% 
(  860000, 1200000 ]       49   0.000% 100.686% 
( 1200000, 1900000 ]       37   0.000% 100.686% 
( 1900000, 2900000 ]       31   0.000% 100.686% 
( 2900000, 4300000 ]       12   0.000% 100.686% 


** DB Stats **
Uptime(secs): 1711.7 total, 26.7 interval
Cumulative writes: 86M writes, 86M keys, 11M commit groups, 7.8 writes per commit group, ingest: 84.55 GB, 50.58 MB/s
Cumulative WAL: 86M writes, 0 syncs, 86834866.00 writes per sync, written: 84.55 GB, 50.58 MB/s
Cumulative stall: 00:23:57.868 H:M:S, 84.0 percent
Interval writes: 2220K writes, 2220K keys, 286K commit groups, 7.7 writes per commit group, ingest: 2214.55 MB, 82.80 MB/s
Interval WAL: 2220K writes, 0 syncs, 2220965.00 writes per sync, written: 2.16 GB, 82.80 MB/s
Interval stall: 00:00:24.041 H:M:S, 89.9 percent
Write Stall (count): write-buffer-manager-limit-stops: 0
num-running-compactions: 1
num-running-flushes: 0

2026/08/31-10:42:22  ... thread 10: (169000,5429000) ops and (5161.3,3171.5) ops/second in (32.743711,1711.824296) seconds
2026/08/31-10:42:22  ... thread 2: (170000,5428000) ops and (5121.2,3170.1) ops/second in (33.195315,1712.253312) seconds
2026/08/31-10:42:22  ... thread 14: (169000,5426000) ops and (5093.4,3168.9) ops/second in (33.180248,1712.253744) seconds
2026/08/31-10:42:22  ... thread 15: (169000,5425000) ops and (5079.5,3168.2) ops/second in (33.271142,1712.349094) seconds
2026/08/31-10:42:23  ... thread 3: (170000,5425000) ops and (5068.0,3167.7) ops/second in (33.543987,1712.612095) seconds
2026/08/31-10:42:25  ... thread 6: (169000,5428000) ops and (4666.5,3164.4) ops/second in (36.215650,1715.306490) seconds
2026/08/31-10:42:25  ... thread 8: (170000,5428000) ops and (4692.5,3164.4) ops/second in (36.228217,1715.309341) seconds
2026/08/31-10:42:43  ... thread 5: (58000,5433000) ops and (1832.3,3135.0) ops/second in (31.654227,1733.041575) seconds
2026/08/31-10:42:43  ... thread 7: (58000,5432000) ops and (1829.9,3134.4) ops/second in (31.696472,1733.048204) seconds
2026/08/31-10:42:43  ... thread 13: (59000,5434000) ops and (1869.0,3135.5) ops/second in (31.566886,1733.071976) seconds
2026/08/31-10:42:43  ... thread 9: (57000,5436000) ops and (1809.5,3136.6) ops/second in (31.500161,1733.071898) seconds
2026/08/31-10:42:53  ... thread 4: (31000,5459000) ops and (974.3,3132.0) ops/second in (31.816521,1743.001456) seconds
2026/08/31-10:42:53  ... thread 10: (31000,5460000) ops and (992.7,3132.4) ops/second in (31.229493,1743.053789) seconds
2026/08/31-10:42:53  ... thread 0: (31000,5456000) ops and (986.4,3130.1) ops/second in (31.428426,1743.055724) seconds

** Compaction Stats [default] **
Level    Files   Size     Score Read(GB)  Rn(GB) Rnp1(GB) Write(GB) WPreComp(GB) Wnew(GB) Moved(GB) W-Amp Rd(MB/s) Wr(MB/s) Comp(sec) CompMergeCPU(sec) Comp(cnt) Avg(sec) KeyIn KeyDrop Rblob(GB) Wblob(GB)
-------------------------------------------------------------------------------------------------------------------------------------------------------------------------------------------------------------
  L0     11/0    679.97 MB   1.4     70.1     0.0     70.1     155.8     155.8     85.7       0.0   1.8     22.5     50.0   3190.54            343.27      1585    2.013    158M   151K       0.0       0.0
  L1    139/18     8.19 GB   1.8    235.9    84.9    150.9     231.4     231.4     80.5       0.0   2.7    344.5    338.1    701.02            745.24        43   16.303    240M  4458K       0.0       0.0
  L2    721/53    40.89 GB   0.9    227.8    61.7    166.1     211.2     211.2     45.2      10.7   3.4     18.6     17.2  12561.87           1090.29       991   12.676    231M    16M       0.0       0.0
  L3    269/0     14.93 GB   0.0      0.0     0.0      0.0       0.0       0.0      0.0      14.9   0.0      0.0      0.0      0.00              0.00         0    0.000       0      0       0.0       0.0
 Sum   1140/71    64.68 GB   0.0    533.7   146.6    387.1     598.5     598.5    211.4      25.7   7.0     33.2     37.2  16453.44           2178.80      2619    6.282    630M    21M       0.0       0.0
 Int      0/0      0.00 KB   0.0     18.4     6.9     11.5      20.3      20.3      8.8       3.6   7.3     38.9     43.0    483.76             76.14        78    6.202     21M   842K       0.0       0.0

** Compaction Stats [default] **
Priority    Files   Size     Score Read(GB)  Rn(GB) Rnp1(GB) Write(GB) WPreComp(GB) Wnew(GB) Moved(GB) W-Amp Rd(MB/s) Wr(MB/s) Comp(sec) CompMergeCPU(sec) Comp(cnt) Avg(sec) KeyIn KeyDrop Rblob(GB) Wblob(GB)
----------------------------------------------------------------------------------------------------------------------------------------------------------------------------------------------------------------
 Low      0/0      0.00 KB   0.0    533.7   146.6    387.1     512.7     512.7    125.6       0.0   0.0     38.7     37.2  14123.15           2024.03      1202   11.750    543M    21M       0.0       0.0
High      0/0      0.00 KB   0.0      0.0     0.0      0.0      85.8      85.8     85.8       0.0   0.0      0.0     37.7   2330.30            154.76      1417    1.645     87M      0       0.0       0.0

Blob file count: 0, total size: 0.0 GB, garbage size: 0.0 GB, space amp: 0.0

Uptime(secs): 1743.1 total, 58.1 interval
Flush(GB): cumulative 85.811, interval 2.782
AddFile(GB): cumulative 0.000, interval 0.000
AddFile(Total Files): cumulative 0, interval 0
AddFile(L0 Files): cumulative 0, interval 0
AddFile(Keys): cumulative 0, interval 0
Cumulative compaction: 598.46 GB write, 351.58 MB/s write, 533.74 GB read, 313.55 MB/s read, 16453.4 seconds
Interval compaction: 20.31 GB write, 357.83 MB/s write, 18.36 GB read, 323.44 MB/s read, 483.8 seconds
Estimated pending compaction bytes: 46976049509
Write Stall (count): cf-l0-file-count-limit-delays-with-ongoing-compaction: 160, cf-l0-file-count-limit-stops-with-ongoing-compaction: 0, l0-file-count-limit-delays: 160, l0-file-count-limit-stops: 0, memtable-limit-delays: 0, memtable-limit-stops: 1145, pending-compaction-bytes-delays: 0, pending-compaction-bytes-stops: 0, total-delays: 160, total-stops: 1145
interval: 49 total count
Block cache AutoHyperClockCache@0x6499b23c82d0#2259139 capacity: 512.00 MB seed: 1 usage: 16.12 MB table_size: 7145 occupancy: 3830 collections: 10 last_copies: 1 last_secs: 0.000652 secs_since: 118
Block cache entry stats(count,size,portion): Misc(3830,15.69 MB,3.06385%)

** File Read Latency Histogram By Level [default] **
** Level 0 read latency histogram (micros):
Count: 39156435 Average: 3.3413  StdDev: 1572.03
Min: 0  Median: 0.9315  Max: 4398822
Percentiles: P50: 0.93 P75: 1.55 P99: 3.01 P99.9: 4.67 P99.99: 5.30
------------------------------------------------------
[       0,       1 ] 21018402  53.678%  53.678% ###########
(       1,       2 ] 15257220  38.965%  92.643% ########
(       2,       3 ]  2484571   6.345%  98.988% #
(       3,       4 ]   319179   0.815%  99.803% 
(       4,       6 ]   112426   0.287% 100.090% 
(       6,      10 ]    49721   0.127% 100.217% 
(      10,      15 ]    18233   0.047% 100.264% 
(      15,      22 ]    10628   0.027% 100.291% 
(      22,      34 ]      774   0.002% 100.293% 
(      34,      51 ]      119   0.000% 100.293% 
(      51,      76 ]      521   0.001% 100.295% 
(      76,     110 ]      994   0.003% 100.297% 
(     110,     170 ]       48   0.000% 100.297% 
(     170,     250 ]       32   0.000% 100.297% 
(     250,     380 ]       60   0.000% 100.298% 
(     380,     580 ]       47   0.000% 100.298% 
(     580,     870 ]       32   0.000% 100.298% 
(     870,    1300 ]       15   0.000% 100.298% 
(    1300,    1900 ]       23   0.000% 100.298% 
(    1900,    2900 ]       39   0.000% 100.298% 
(    2900,    4400 ]       21   0.000% 100.298% 
(    4400,    6600 ]       15   0.000% 100.298% 
(    6600,    9900 ]        8   0.000% 100.298% 
(    9900,   14000 ]        9   0.000% 100.298% 
(   14000,   22000 ]       23   0.000% 100.298% 
(   22000,   33000 ]       36   0.000% 100.298% 
(   33000,   50000 ]       51   0.000% 100.298% 
(   50000,   75000 ]       71   0.000% 100.299% 
(   75000,  110000 ]       95   0.000% 100.299% 
(  110000,  170000 ]       62   0.000% 100.299% 
(  170000,  250000 ]       11   0.000% 100.299% 
(  250000,  380000 ]        4   0.000% 100.299% 
(  380000,  570000 ]        2   0.000% 100.299% 
(  570000,  860000 ]        3   0.000% 100.299% 
(  860000, 1200000 ]        8   0.000% 100.299% 
( 1200000, 1900000 ]        1   0.000% 100.299% 
( 1900000, 2900000 ]        7   0.000% 100.299% 
( 2900000, 4300000 ]        2   0.000% 100.299% 
( 4300000, 6500000 ]        1   0.000% 100.299% 

** Level 1 read latency histogram (micros):
Count: 55775439 Average: 1.9507  StdDev: 120.54
Min: 0  Median: 0.9477  Max: 209841
Percentiles: P50: 0.95 P75: 1.61 P99: 3.72 P99.9: 5.29 P99.99: 5.54
------------------------------------------------------
[       0,       1 ] 29426998  52.760%  52.760% ###########
(       1,       2 ] 20430184  36.629%  89.389% #######
(       2,       3 ]  4702940   8.432%  97.821% ##
(       3,       4 ]   909533   1.631%  99.452% 
(       4,       6 ]   388922   0.697% 100.149% 
(       6,      10 ]   129542   0.232% 100.381% 
(      10,      15 ]    33134   0.059% 100.441% 
(      15,      22 ]    23536   0.042% 100.483% 
(      22,      34 ]     2647   0.005% 100.488% 
(      34,      51 ]      780   0.001% 100.489% 
(      51,      76 ]     2023   0.004% 100.493% 
(      76,     110 ]     2153   0.004% 100.497% 
(     110,     170 ]     1693   0.003% 100.500% 
(     170,     250 ]     1458   0.003% 100.502% 
(     250,     380 ]     1682   0.003% 100.505% 
(     380,     580 ]     1580   0.003% 100.508% 
(     580,     870 ]     1307   0.002% 100.510% 
(     870,    1300 ]      891   0.002% 100.512% 
(    1300,    1900 ]      883   0.002% 100.514% 
(    1900,    2900 ]      731   0.001% 100.515% 
(    2900,    4400 ]      448   0.001% 100.516% 
(    4400,    6600 ]      230   0.000% 100.516% 
(    6600,    9900 ]       48   0.000% 100.516% 
(    9900,   14000 ]       14   0.000% 100.516% 
(   14000,   22000 ]       11   0.000% 100.516% 
(   22000,   33000 ]       13   0.000% 100.516% 
(   33000,   50000 ]       11   0.000% 100.516% 
(   50000,   75000 ]       13   0.000% 100.516% 
(   75000,  110000 ]       21   0.000% 100.516% 
(  110000,  170000 ]       21   0.000% 100.516% 
(  170000,  250000 ]        2   0.000% 100.516% 

** Level 2 read latency histogram (micros):
Count: 39467305 Average: 109.4706  StdDev: 4517.32
Min: 0  Median: 1.3896  Max: 3571420
Percentiles: P50: 1.39 P75: 2.00 P99: 829.51 P99.9: 1730.43 P99.99: 1864.97
------------------------------------------------------
[       0,       1 ] 13409140  33.975%  33.975% #######
(       1,       2 ] 16233349  41.131%  75.106% ########
(       2,       3 ]  5900840  14.951%  90.058% ###
(       3,       4 ]  1509865   3.826%  93.883% #
(       4,       6 ]   461841   1.170%  95.053% 
(       6,      10 ]    75599   0.192%  95.245% 
(      10,      15 ]    46076   0.117%  95.362% 
(      15,      22 ]    28720   0.073%  95.435% 
(      22,      34 ]     9913   0.025%  95.460% 
(      34,      51 ]    24923   0.063%  95.523% 
(      51,      76 ]    71410   0.181%  95.704% 
(      76,     110 ]    44368   0.112%  95.816% 
(     110,     170 ]   174039   0.441%  96.257% 
(     170,     250 ]   221516   0.561%  96.818% 
(     250,     380 ]   297882   0.755%  97.573% 
(     380,     580 ]   317677   0.805%  98.378% 
(     580,     870 ]   285309   0.723%  99.101% 
(     870,    1300 ]   201732   0.511%  99.612% 
(    1300,    1900 ]   158411   0.401% 100.013% 
(    1900,    2900 ]   122221   0.310% 100.323% 
(    2900,    4400 ]    64983   0.165% 100.488% 
(    4400,    6600 ]    34921   0.088% 100.576% 
(    6600,    9900 ]    10875   0.028% 100.604% 
(    9900,   14000 ]     3969   0.010% 100.614% 
(   14000,   22000 ]     4403   0.011% 100.625% 
(   22000,   33000 ]     4086   0.010% 100.635% 
(   33000,   50000 ]     4245   0.011% 100.646% 
(   50000,   75000 ]     4469   0.011% 100.657% 
(   75000,  110000 ]     4151   0.011% 100.668% 
(  110000,  170000 ]     3717   0.009% 100.677% 
(  170000,  250000 ]     1966   0.005% 100.682% 
(  250000,  380000 ]      671   0.002% 100.684% 
(  380000,  570000 ]      119   0.000% 100.684% 
(  570000,  860000 ]       54   0.000% 100.685% 
(  860000, 1200000 ]       49   0.000% 100.685% 
( 1200000, 1900000 ]       45   0.000% 100.685% 
( 1900000, 2900000 ]       39   0.000% 100.685% 
( 2900000, 4300000 ]       12   0.000% 100.685% 


** DB Stats **
Uptime(secs): 1743.1 total, 31.4 interval
Cumulative writes: 87M writes, 87M keys, 11M commit groups, 7.8 writes per commit group, ingest: 85.04 GB, 49.96 MB/s
Cumulative WAL: 87M writes, 0 syncs, 87330072.00 writes per sync, written: 85.04 GB, 49.96 MB/s
Cumulative stall: 00:24:12.968 H:M:S, 83.4 percent
Interval writes: 495K writes, 495K keys, 68K commit groups, 7.3 writes per commit group, ingest: 493.83 MB, 15.74 MB/s
Interval WAL: 495K writes, 0 syncs, 495206.00 writes per sync, written: 0.48 GB, 15.74 MB/s
Interval stall: 00:00:15.101 H:M:S, 48.1 percent
Write Stall (count): write-buffer-manager-limit-stops: 0
num-running-compactions: 18
num-running-flushes: 1

2026/08/31-10:42:53  ... thread 1: (31000,5459000) ops and (986.1,3131.8) ops/second in (31.435406,1743.061208) seconds
2026/08/31-10:42:53  ... thread 14: (31000,5457000) ops and (1006.2,3130.7) ops/second in (30.807887,1743.061631) seconds
2026/08/31-10:42:53  ... thread 2: (31000,5459000) ops and (1006.2,3131.8) ops/second in (30.810008,1743.063320) seconds
2026/08/31-10:42:53  ... thread 12: (31000,5464000) ops and (969.0,3134.7) ops/second in (31.992773,1743.065152) seconds
2026/08/31-10:42:53  ... thread 11: (31000,5460000) ops and (980.4,3132.4) ops/second in (31.618270,1743.065428) seconds
2026/08/31-10:42:53  ... thread 15: (31000,5456000) ops and (1009.1,3130.1) ops/second in (30.721892,1743.070986) seconds
2026/08/31-10:42:53  ... thread 3: (31000,5456000) ops and (1017.8,3130.1) ops/second in (30.459307,1743.071402) seconds
2026/08/31-10:42:56  ... thread 6: (45000,5473000) ops and (1468.9,3134.7) ops/second in (30.634521,1745.941011) seconds
2026/08/31-10:42:56  ... thread 8: (46000,5474000) ops and (1500.1,3135.2) ops/second in (30.664037,1745.973378) seconds
2026/08/31-10:43:15  ... thread 5: (85000,5518000) ops and (2647.5,3126.1) ops/second in (32.105207,1765.146782) seconds
2026/08/31-10:43:15  ... thread 7: (85000,5517000) ops and (2647.0,3125.5) ops/second in (32.111509,1765.159713) seconds
2026/08/31-10:43:15  ... thread 13: (85000,5519000) ops and (2647.9,3126.6) ops/second in (32.100534,1765.172510) seconds
2026/08/31-10:43:15  ... thread 9: (85000,5521000) ops and (2647.9,3127.7) ops/second in (32.100494,1765.172392) seconds
2026/08/31-10:43:24  ... thread 14: (92000,5549000) ops and (3006.0,3128.5) ops/second in (30.605326,1773.666957) seconds
2026/08/31-10:43:24  ... thread 12: (92000,5556000) ops and (3006.2,3132.5) ops/second in (30.603700,1773.668852) seconds
2026/08/31-10:43:24  ... thread 2: (92000,5551000) ops and (3005.8,3129.7) ops/second in (30.607699,1773.671019) seconds
2026/08/31-10:43:24  ... thread 4: (92000,5551000) ops and (2999.6,3129.7) ops/second in (30.670962,1773.672418) seconds
2026/08/31-10:43:24  ... thread 0: (93000,5549000) ops and (3037.3,3128.5) ops/second in (30.619270,1773.674994) seconds

** Compaction Stats [default] **
Level    Files   Size     Score Read(GB)  Rn(GB) Rnp1(GB) Write(GB) WPreComp(GB) Wnew(GB) Moved(GB) W-Amp Rd(MB/s) Wr(MB/s) Comp(sec) CompMergeCPU(sec) Comp(cnt) Avg(sec) KeyIn KeyDrop Rblob(GB) Wblob(GB)
-------------------------------------------------------------------------------------------------------------------------------------------------------------------------------------------------------------
  L0     12/0      2.17 GB   1.5     71.7     0.0     71.7     158.8     158.8     87.1       0.0   1.8     22.6     50.1   3245.28            350.28      1611    2.014    161M   157K       0.0       0.0
  L1    104/19     6.07 GB   1.2    235.9    84.9    150.9     231.4     231.4     80.5       0.0   2.7    344.5    338.1    701.02            745.24        43   16.303    240M  4458K       0.0       0.0
  L2    749/70    42.23 GB   1.0    235.7    63.7    172.0     218.5     218.5     46.4      10.7   3.4     18.6     17.2  12993.88           1134.36      1023   12.702    239M    17M       0.0       0.0
  L3    269/0     14.93 GB   0.0      0.0     0.0      0.0       0.0       0.0      0.0      14.9   0.0      0.0      0.0      0.00              0.00         0    0.000       0      0       0.0       0.0
 Sum   1134/89    65.40 GB   0.0    543.3   148.7    394.6     608.7     608.7    214.1      25.7   7.0     32.8     36.8  16940.18           2229.88      2677    6.328    641M    22M       0.0       0.0
 Int      0/0      0.00 KB   0.0      8.3     1.7      6.7       9.0       9.0      2.3       0.0   6.8     19.6     21.1    435.21             46.06        51    8.533   9847K   704K       0.0       0.0

** Compaction Stats [default] **
Priority    Files   Size     Score Read(GB)  Rn(GB) Rnp1(GB) Write(GB) WPreComp(GB) Wnew(GB) Moved(GB) W-Amp Rd(MB/s) Wr(MB/s) Comp(sec) CompMergeCPU(sec) Comp(cnt) Avg(sec) KeyIn KeyDrop Rblob(GB) Wblob(GB)
----------------------------------------------------------------------------------------------------------------------------------------------------------------------------------------------------------------
 Low      0/0      0.00 KB   0.0    543.3   148.7    394.6     521.4     521.4    126.8       0.0   0.0     38.2     36.6  14574.44           2072.35      1236   11.792    552M    22M       0.0       0.0
High      0/0      0.00 KB   0.0      0.0     0.0      0.0      87.3      87.3     87.3       0.0   0.0      0.0     37.8   2365.74            157.52      1441    1.642     88M      0       0.0       0.0

Blob file count: 0, total size: 0.0 GB, garbage size: 0.0 GB, space amp: 0.0

Uptime(secs): 1773.7 total, 28.7 interval
Flush(GB): cumulative 87.262, interval 1.329
AddFile(GB): cumulative 0.000, interval 0.000
AddFile(Total Files): cumulative 0, interval 0
AddFile(L0 Files): cumulative 0, interval 0
AddFile(Keys): cumulative 0, interval 0
Cumulative compaction: 608.68 GB write, 351.41 MB/s write, 543.28 GB read, 313.65 MB/s read, 16940.2 seconds
Interval compaction: 8.98 GB write, 320.25 MB/s write, 8.35 GB read, 297.56 MB/s read, 435.2 seconds
Estimated pending compaction bytes: 45904209702
Write Stall (count): cf-l0-file-count-limit-delays-with-ongoing-compaction: 163, cf-l0-file-count-limit-stops-with-ongoing-compaction: 0, l0-file-count-limit-delays: 163, l0-file-count-limit-stops: 0, memtable-limit-delays: 0, memtable-limit-stops: 1166, pending-compaction-bytes-delays: 0, pending-compaction-bytes-stops: 0, total-delays: 163, total-stops: 1166
interval: 22 total count
Block cache AutoHyperClockCache@0x6499b23c82d0#2259139 capacity: 512.00 MB seed: 1 usage: 16.12 MB table_size: 7145 occupancy: 3830 collections: 10 last_copies: 2 last_secs: 0.000652 secs_since: 148
Block cache entry stats(count,size,portion): Misc(3830,15.69 MB,3.06385%)

** File Read Latency Histogram By Level [default] **
** Level 0 read latency histogram (micros):
Count: 39556031 Average: 3.3913  StdDev: 1603.10
Min: 0  Median: 0.9296  Max: 4398822
Percentiles: P50: 0.93 P75: 1.55 P99: 3.01 P99.9: 4.69 P99.99: 5.32
------------------------------------------------------
[       0,       1 ] 21276215  53.788%  53.788% ###########
(       1,       2 ] 15384408  38.893%  92.680% ########
(       2,       3 ]  2496398   6.311%  98.991% #
(       3,       4 ]   320488   0.810%  99.801% 
(       4,       6 ]   113155   0.286% 100.088% 
(       6,      10 ]    50107   0.127% 100.214% 
(      10,      15 ]    18415   0.047% 100.261% 
(      15,      22 ]    10751   0.027% 100.288% 
(      22,      34 ]      776   0.002% 100.290% 
(      34,      51 ]      119   0.000% 100.290% 
(      51,      76 ]      530   0.001% 100.292% 
(      76,     110 ]     1009   0.003% 100.294% 
(     110,     170 ]       48   0.000% 100.294% 
(     170,     250 ]       32   0.000% 100.294% 
(     250,     380 ]       60   0.000% 100.294% 
(     380,     580 ]       47   0.000% 100.295% 
(     580,     870 ]       32   0.000% 100.295% 
(     870,    1300 ]       17   0.000% 100.295% 
(    1300,    1900 ]       23   0.000% 100.295% 
(    1900,    2900 ]       39   0.000% 100.295% 
(    2900,    4400 ]       21   0.000% 100.295% 
(    4400,    6600 ]       17   0.000% 100.295% 
(    6600,    9900 ]        8   0.000% 100.295% 
(    9900,   14000 ]        9   0.000% 100.295% 
(   14000,   22000 ]       23   0.000% 100.295% 
(   22000,   33000 ]       37   0.000% 100.295% 
(   33000,   50000 ]       54   0.000% 100.295% 
(   50000,   75000 ]       74   0.000% 100.295% 
(   75000,  110000 ]       95   0.000% 100.296% 
(  110000,  170000 ]       63   0.000% 100.296% 
(  170000,  250000 ]       11   0.000% 100.296% 
(  250000,  380000 ]        4   0.000% 100.296% 
(  380000,  570000 ]        2   0.000% 100.296% 
(  570000,  860000 ]        3   0.000% 100.296% 
(  860000, 1200000 ]        8   0.000% 100.296% 
( 1200000, 1900000 ]        1   0.000% 100.296% 
( 1900000, 2900000 ]        8   0.000% 100.296% 
( 2900000, 4300000 ]        2   0.000% 100.296% 
( 4300000, 6500000 ]        1   0.000% 100.296% 

** Level 1 read latency histogram (micros):
Count: 56289079 Average: 1.9558  StdDev: 119.99
Min: 0  Median: 0.9533  Max: 209841
Percentiles: P50: 0.95 P75: 1.62 P99: 3.76 P99.9: 5.34 P99.99: 5.59
------------------------------------------------------
[       0,       1 ] 29522611  52.448%  52.448% ##########
(       1,       2 ] 20624523  36.640%  89.089% #######
(       2,       3 ]  4859171   8.633%  97.721% ##
(       3,       4 ]   951801   1.691%  99.412% 
(       4,       6 ]   408946   0.727% 100.139% 
(       6,      10 ]   133775   0.238% 100.376% 
(      10,      15 ]    34148   0.061% 100.437% 
(      15,      22 ]    24406   0.043% 100.480% 
(      22,      34 ]     2727   0.005% 100.485% 
(      34,      51 ]      785   0.001% 100.486% 
(      51,      76 ]     2023   0.004% 100.490% 
(      76,     110 ]     2155   0.004% 100.494% 
(     110,     170 ]     1694   0.003% 100.497% 
(     170,     250 ]     1458   0.003% 100.499% 
(     250,     380 ]     1682   0.003% 100.502% 
(     380,     580 ]     1580   0.003% 100.505% 
(     580,     870 ]     1307   0.002% 100.508% 
(     870,    1300 ]      891   0.002% 100.509% 
(    1300,    1900 ]      883   0.002% 100.511% 
(    1900,    2900 ]      732   0.001% 100.512% 
(    2900,    4400 ]      448   0.001% 100.513% 
(    4400,    6600 ]      230   0.000% 100.513% 
(    6600,    9900 ]       48   0.000% 100.513% 
(    9900,   14000 ]       14   0.000% 100.513% 
(   14000,   22000 ]       11   0.000% 100.513% 
(   22000,   33000 ]       13   0.000% 100.513% 
(   33000,   50000 ]       11   0.000% 100.513% 
(   50000,   75000 ]       13   0.000% 100.513% 
(   75000,  110000 ]       21   0.000% 100.513% 
(  110000,  170000 ]       21   0.000% 100.514% 
(  170000,  250000 ]        2   0.000% 100.514% 

** Level 2 read latency histogram (micros):
Count: 41070854 Average: 110.5904  StdDev: 4515.98
Min: 0  Median: 1.4003  Max: 3571420
Percentiles: P50: 1.40 P75: 2.02 P99: 838.52 P99.9: 1743.56 P99.99: 1876.24
------------------------------------------------------
[       0,       1 ] 13758055  33.498%  33.498% #######
(       1,       2 ] 16931143  41.224%  74.723% ########
(       2,       3 ]  6226014  15.159%  89.882% ###
(       3,       4 ]  1606086   3.911%  93.792% #
(       4,       6 ]   491770   1.197%  94.990% 
(       6,      10 ]    79058   0.192%  95.182% 
(      10,      15 ]    48670   0.119%  95.301% 
(      15,      22 ]    30341   0.074%  95.375% 
(      22,      34 ]    10179   0.025%  95.399% 
(      34,      51 ]    25476   0.062%  95.461% 
(      51,      76 ]    74404   0.181%  95.643% 
(      76,     110 ]    46444   0.113%  95.756% 
(     110,     170 ]   181944   0.443%  96.199% 
(     170,     250 ]   231764   0.564%  96.763% 
(     250,     380 ]   313543   0.763%  97.526% 
(     380,     580 ]   335888   0.818%  98.344% 
(     580,     870 ]   302176   0.736%  99.080% 
(     870,    1300 ]   213259   0.519%  99.599% 
(    1300,    1900 ]   167155   0.407% 100.006% 
(    1900,    2900 ]   129424   0.315% 100.321% 
(    2900,    4400 ]    69210   0.169% 100.490% 
(    4400,    6600 ]    37270   0.091% 100.581% 
(    6600,    9900 ]    11425   0.028% 100.608% 
(    9900,   14000 ]     4140   0.010% 100.618% 
(   14000,   22000 ]     4570   0.011% 100.630% 
(   22000,   33000 ]     4233   0.010% 100.640% 
(   33000,   50000 ]     4469   0.011% 100.651% 
(   50000,   75000 ]     4690   0.011% 100.662% 
(   75000,  110000 ]     4356   0.011% 100.673% 
(  110000,  170000 ]     3895   0.009% 100.682% 
(  170000,  250000 ]     2047   0.005% 100.687% 
(  250000,  380000 ]      699   0.002% 100.689% 
(  380000,  570000 ]      122   0.000% 100.689% 
(  570000,  860000 ]       58   0.000% 100.689% 
(  860000, 1200000 ]       52   0.000% 100.689% 
( 1200000, 1900000 ]       51   0.000% 100.690% 
( 1900000, 2900000 ]       39   0.000% 100.690% 
( 2900000, 4300000 ]       12   0.000% 100.690% 


** DB Stats **
Uptime(secs): 1773.7 total, 28.7 interval
Cumulative writes: 88M writes, 88M keys, 11M commit groups, 7.7 writes per commit group, ingest: 86.47 GB, 49.92 MB/s
Cumulative WAL: 88M writes, 0 syncs, 88805515.00 writes per sync, written: 86.47 GB, 49.92 MB/s
Cumulative stall: 00:24:37.209 H:M:S, 83.3 percent
Interval writes: 1294K writes, 1294K keys, 171K commit groups, 7.6 writes per commit group, ingest: 1290.56 MB, 44.92 MB/s
Interval WAL: 1294K writes, 0 syncs, 1294252.00 writes per sync, written: 1.26 GB, 44.92 MB/s
Interval stall: 00:00:22.784 H:M:S, 79.3 percent
Write Stall (count): write-buffer-manager-limit-stops: 0
num-running-compactions: 18
num-running-flushes: 0

2026/08/31-10:43:24  ... thread 1: (92000,5551000) ops and (3004.9,3129.7) ops/second in (30.617072,1773.678280) seconds
2026/08/31-10:43:24  ... thread 10: (93000,5553000) ops and (3036.7,3130.8) ops/second in (30.625400,1773.679189) seconds
2026/08/31-10:43:24  ... thread 3: (92000,5548000) ops and (3004.0,3127.9) ops/second in (30.626207,1773.697609) seconds
2026/08/31-10:43:24  ... thread 15: (92000,5548000) ops and (3003.5,3127.9) ops/second in (30.631132,1773.702118) seconds
2026/08/31-10:43:24  ... thread 11: (92000,5552000) ops and (3002.6,3130.2) ops/second in (30.640579,1773.706007) seconds
2026/08/31-10:43:26  ... thread 6: (92000,5565000) ops and (3049.7,3133.3) ops/second in (30.166816,1776.107827) seconds
2026/08/31-10:43:26  ... thread 8: (92000,5566000) ops and (3051.9,3133.8) ops/second in (30.145272,1776.118650) seconds
2026/08/31-10:43:45  ... thread 9: (107000,5628000) ops and (3544.3,3134.7) ops/second in (30.189311,1795.361703) seconds
2026/08/31-10:43:45  ... thread 13: (107000,5626000) ops and (3544.0,3133.6) ops/second in (30.191786,1795.364296) seconds
2026/08/31-10:43:45  ... thread 5: (108000,5626000) ops and (3572.5,3133.6) ops/second in (30.230943,1795.377725) seconds
2026/08/31-10:43:45  ... thread 7: (108000,5625000) ops and (3573.5,3133.0) ops/second in (30.222308,1795.382021) seconds
2026/08/31-10:43:54  ... thread 3: (103000,5651000) ops and (3361.6,3131.9) ops/second in (30.639751,1804.337360) seconds
2026/08/31-10:43:54  ... thread 10: (104000,5657000) ops and (3391.3,3135.2) ops/second in (30.666351,1804.345540) seconds
2026/08/31-10:43:54  ... thread 4: (104000,5655000) ops and (3390.6,3134.1) ops/second in (30.673016,1804.345434) seconds
2026/08/31-10:43:54  ... thread 12: (104000,5660000) ops and (3390.0,3136.9) ops/second in (30.678516,1804.347368) seconds
2026/08/31-10:43:54  ... thread 2: (104000,5655000) ops and (3390.1,3134.1) ops/second in (30.677737,1804.348756) seconds
2026/08/31-10:43:54  ... thread 14: (104000,5653000) ops and (3389.6,3133.0) ops/second in (30.682226,1804.349183) seconds
2026/08/31-10:43:54  ... thread 0: (104000,5653000) ops and (3390.4,3133.0) ops/second in (30.674452,1804.349446) seconds

** Compaction Stats [default] **
Level    Files   Size     Score Read(GB)  Rn(GB) Rnp1(GB) Write(GB) WPreComp(GB) Wnew(GB) Moved(GB) W-Amp Rd(MB/s) Wr(MB/s) Comp(sec) CompMergeCPU(sec) Comp(cnt) Avg(sec) KeyIn KeyDrop Rblob(GB) Wblob(GB)
-------------------------------------------------------------------------------------------------------------------------------------------------------------------------------------------------------------
  L0     13/4      3.80 GB   1.1     73.6     0.0     73.6     162.3     162.3     88.7       0.0   1.8     22.7     50.1   3314.56            359.22      1643    2.017    165M   160K       0.0       0.0
  L1     76/7      4.42 GB   1.0    235.9    84.9    150.9     231.4     231.4     80.5       0.0   2.7    344.5    338.1    701.02            745.24        43   16.303    240M  4458K       0.0       0.0
  L2    739/36    41.82 GB   1.0    243.6    65.4    178.3     225.6     225.6     47.4      10.7   3.5     18.4     17.1  13521.78           1179.03      1050   12.878    247M    18M       0.0       0.0
  L3    293/0     16.29 GB   0.0      0.0     0.0      0.0       0.0       0.0      0.0      16.3   0.0      0.0      0.0      0.00              0.00         0    0.000       0      0       0.0       0.0
 Sum   1121/47    66.32 GB   0.0    553.0   150.3    402.7     619.4     619.4    216.6      27.0   7.0     32.3     36.2  17537.36           2283.49      2736    6.410    653M    22M       0.0       0.0
 Int      0/0      0.00 KB   0.0     18.1     3.3     14.8      19.7      19.7      4.9       1.4   6.6     18.0     19.5   1032.38             99.68       110    9.385     21M  1428K       0.0       0.0

** Compaction Stats [default] **
Priority    Files   Size     Score Read(GB)  Rn(GB) Rnp1(GB) Write(GB) WPreComp(GB) Wnew(GB) Moved(GB) W-Amp Rd(MB/s) Wr(MB/s) Comp(sec) CompMergeCPU(sec) Comp(cnt) Avg(sec) KeyIn KeyDrop Rblob(GB) Wblob(GB)
----------------------------------------------------------------------------------------------------------------------------------------------------------------------------------------------------------------
 Low      0/0      0.00 KB   0.0    553.0   150.3    402.7     530.5     530.5    127.7       0.0   0.0     37.4     35.9  15131.62           2122.80      1268   11.933    562M    22M       0.0       0.0
High      0/0      0.00 KB   0.0      0.0     0.0      0.0      88.9      88.9     88.9       0.0   0.0      0.0     37.8   2405.73            160.69      1468    1.639     90M      0       0.0       0.0

Blob file count: 0, total size: 0.0 GB, garbage size: 0.0 GB, space amp: 0.0

Uptime(secs): 1804.4 total, 59.4 interval
Flush(GB): cumulative 88.894, interval 2.962
AddFile(GB): cumulative 0.000, interval 0.000
AddFile(Total Files): cumulative 0, interval 0
AddFile(L0 Files): cumulative 0, interval 0
AddFile(Keys): cumulative 0, interval 0
Cumulative compaction: 619.36 GB write, 351.50 MB/s write, 553.04 GB read, 313.86 MB/s read, 17537.4 seconds
Interval compaction: 19.67 GB write, 339.03 MB/s write, 18.11 GB read, 312.18 MB/s read, 1032.4 seconds
Estimated pending compaction bytes: 45175433401
Write Stall (count): cf-l0-file-count-limit-delays-with-ongoing-compaction: 164, cf-l0-file-count-limit-stops-with-ongoing-compaction: 0, l0-file-count-limit-delays: 164, l0-file-count-limit-stops: 0, memtable-limit-delays: 0, memtable-limit-stops: 1194, pending-compaction-bytes-delays: 0, pending-compaction-bytes-stops: 0, total-delays: 164, total-stops: 1194
interval: 51 total count
Block cache AutoHyperClockCache@0x6499b23c82d0#2259139 capacity: 512.00 MB seed: 1 usage: 16.12 MB table_size: 7145 occupancy: 3830 collections: 10 last_copies: 2 last_secs: 0.000652 secs_since: 179
Block cache entry stats(count,size,portion): Misc(3830,15.69 MB,3.06385%)

** File Read Latency Histogram By Level [default] **
** Level 0 read latency histogram (micros):
Count: 40091114 Average: 3.3909  StdDev: 1593.12
Min: 0  Median: 0.9291  Max: 4398822
Percentiles: P50: 0.93 P75: 1.54 P99: 3.01 P99.9: 4.72 P99.99: 5.35
------------------------------------------------------
[       0,       1 ] 21575750  53.817%  53.817% ###########
(       1,       2 ] 15584921  38.874%  92.691% ########
(       2,       3 ]  2525058   6.298%  98.989% #
(       3,       4 ]   324198   0.809%  99.797% 
(       4,       6 ]   114631   0.286% 100.083% 
(       6,      10 ]    50783   0.127% 100.210% 
(      10,      15 ]    18702   0.047% 100.257% 
(      15,      22 ]    10903   0.027% 100.284% 
(      22,      34 ]      794   0.002% 100.286% 
(      34,      51 ]      120   0.000% 100.286% 
(      51,      76 ]      539   0.001% 100.288% 
(      76,     110 ]     1032   0.003% 100.290% 
(     110,     170 ]       48   0.000% 100.290% 
(     170,     250 ]       33   0.000% 100.290% 
(     250,     380 ]       62   0.000% 100.290% 
(     380,     580 ]       49   0.000% 100.291% 
(     580,     870 ]       34   0.000% 100.291% 
(     870,    1300 ]       18   0.000% 100.291% 
(    1300,    1900 ]       24   0.000% 100.291% 
(    1900,    2900 ]       40   0.000% 100.291% 
(    2900,    4400 ]       22   0.000% 100.291% 
(    4400,    6600 ]       17   0.000% 100.291% 
(    6600,    9900 ]        8   0.000% 100.291% 
(    9900,   14000 ]       11   0.000% 100.291% 
(   14000,   22000 ]       23   0.000% 100.291% 
(   22000,   33000 ]       37   0.000% 100.291% 
(   33000,   50000 ]       55   0.000% 100.291% 
(   50000,   75000 ]       75   0.000% 100.292% 
(   75000,  110000 ]      100   0.000% 100.292% 
(  110000,  170000 ]       66   0.000% 100.292% 
(  170000,  250000 ]       11   0.000% 100.292% 
(  250000,  380000 ]        4   0.000% 100.292% 
(  380000,  570000 ]        2   0.000% 100.292% 
(  570000,  860000 ]        3   0.000% 100.292% 
(  860000, 1200000 ]        8   0.000% 100.292% 
( 1200000, 1900000 ]        1   0.000% 100.292% 
( 1900000, 2900000 ]        8   0.000% 100.292% 
( 2900000, 4300000 ]        2   0.000% 100.292% 
( 4300000, 6500000 ]        1   0.000% 100.292% 

** Level 1 read latency histogram (micros):
Count: 56664174 Average: 1.9595  StdDev: 119.59
Min: 0  Median: 0.9577  Max: 209841
Percentiles: P50: 0.96 P75: 1.62 P99: 3.78 P99.9: 5.38 P99.99: 5.63
------------------------------------------------------
[       0,       1 ] 29584338  52.210%  52.210% ##########
(       1,       2 ] 20774976  36.663%  88.873% #######
(       2,       3 ]  4975492   8.781%  97.654% ##
(       3,       4 ]   980278   1.730%  99.384% 
(       4,       6 ]   422520   0.746% 100.130% 
(       6,      10 ]   137383   0.242% 100.372% 
(      10,      15 ]    34939   0.062% 100.434% 
(      15,      22 ]    25071   0.044% 100.478% 
(      22,      34 ]     2789   0.005% 100.483% 
(      34,      51 ]      792   0.001% 100.484% 
(      51,      76 ]     2025   0.004% 100.488% 
(      76,     110 ]     2158   0.004% 100.492% 
(     110,     170 ]     1695   0.003% 100.495% 
(     170,     250 ]     1458   0.003% 100.497% 
(     250,     380 ]     1682   0.003% 100.500% 
(     380,     580 ]     1580   0.003% 100.503% 
(     580,     870 ]     1307   0.002% 100.505% 
(     870,    1300 ]      891   0.002% 100.507% 
(    1300,    1900 ]      883   0.002% 100.508% 
(    1900,    2900 ]      732   0.001% 100.510% 
(    2900,    4400 ]      448   0.001% 100.510% 
(    4400,    6600 ]      230   0.000% 100.511% 
(    6600,    9900 ]       48   0.000% 100.511% 
(    9900,   14000 ]       14   0.000% 100.511% 
(   14000,   22000 ]       11   0.000% 100.511% 
(   22000,   33000 ]       13   0.000% 100.511% 
(   33000,   50000 ]       11   0.000% 100.511% 
(   50000,   75000 ]       13   0.000% 100.511% 
(   75000,  110000 ]       21   0.000% 100.511% 
(  110000,  170000 ]       21   0.000% 100.511% 
(  170000,  250000 ]        2   0.000% 100.511% 

** Level 2 read latency histogram (micros):
Count: 42528703 Average: 111.8582  StdDev: 4498.66
Min: 0  Median: 1.4068  Max: 3571420
Percentiles: P50: 1.41 P75: 2.03 P99: 846.68 P99.9: 1758.34 P99.99: 1889.43
------------------------------------------------------
[       0,       1 ] 14117911  33.196%  33.196% #######
(       1,       2 ] 17567037  41.306%  74.503% ########
(       2,       3 ]  6502036  15.289%  89.791% ###
(       3,       4 ]  1670922   3.929%  93.720% #
(       4,       6 ]   514083   1.209%  94.929% 
(       6,      10 ]    82353   0.194%  95.122% 
(      10,      15 ]    50880   0.120%  95.242% 
(      15,      22 ]    31650   0.074%  95.317% 
(      22,      34 ]    10759   0.025%  95.342% 
(      34,      51 ]    26511   0.062%  95.404% 
(      51,      76 ]    77799   0.183%  95.587% 
(      76,     110 ]    48657   0.114%  95.701% 
(     110,     170 ]   189942   0.447%  96.148% 
(     170,     250 ]   242082   0.569%  96.717% 
(     250,     380 ]   328055   0.771%  97.489% 
(     380,     580 ]   351443   0.826%  98.315% 
(     580,     870 ]   316768   0.745%  99.060% 
(     870,    1300 ]   223464   0.525%  99.585% 
(    1300,    1900 ]   175186   0.412%  99.997% 
(    1900,    2900 ]   135684   0.319% 100.316% 
(    2900,    4400 ]    72515   0.171% 100.487% 
(    4400,    6600 ]    39255   0.092% 100.579% 
(    6600,    9900 ]    12105   0.028% 100.608% 
(    9900,   14000 ]     4324   0.010% 100.618% 
(   14000,   22000 ]     4779   0.011% 100.629% 
(   22000,   33000 ]     4391   0.010% 100.639% 
(   33000,   50000 ]     4703   0.011% 100.650% 
(   50000,   75000 ]     4876   0.011% 100.662% 
(   75000,  110000 ]     4594   0.011% 100.673% 
(  110000,  170000 ]     4057   0.010% 100.682% 
(  170000,  250000 ]     2159   0.005% 100.687% 
(  250000,  380000 ]      751   0.002% 100.689% 
(  380000,  570000 ]      131   0.000% 100.689% 
(  570000,  860000 ]       59   0.000% 100.689% 
(  860000, 1200000 ]       54   0.000% 100.690% 
( 1200000, 1900000 ]       53   0.000% 100.690% 
( 1900000, 2900000 ]       39   0.000% 100.690% 
( 2900000, 4300000 ]       12   0.000% 100.690% 


** DB Stats **
Uptime(secs): 1804.4 total, 30.7 interval
Cumulative writes: 90M writes, 90M keys, 11M commit groups, 7.7 writes per commit group, ingest: 88.09 GB, 49.99 MB/s
Cumulative WAL: 90M writes, 0 syncs, 90469289.00 writes per sync, written: 88.09 GB, 49.99 MB/s
Cumulative stall: 00:25:3.589 H:M:S, 83.3 percent
Interval writes: 1663K writes, 1663K keys, 216K commit groups, 7.7 writes per commit group, ingest: 1659.00 MB, 54.08 MB/s
Interval WAL: 1663K writes, 0 syncs, 1663774.00 writes per sync, written: 1.62 GB, 54.08 MB/s
Interval stall: 00:00:26.380 H:M:S, 86.0 percent
Write Stall (count): write-buffer-manager-limit-stops: 0
num-running-compactions: 10
num-running-flushes: 0

2026/08/31-10:43:54  ... thread 15: (104000,5652000) ops and (3393.1,3132.4) ops/second in (30.650710,1804.352828) seconds
2026/08/31-10:43:54  ... thread 1: (104000,5655000) ops and (3390.4,3134.1) ops/second in (30.675172,1804.353452) seconds
2026/08/31-10:43:54  ... thread 11: (104000,5656000) ops and (3393.2,3134.6) ops/second in (30.649889,1804.355896) seconds
2026/08/31-10:43:57  ... thread 6: (119000,5684000) ops and (3825.5,3145.2) ops/second in (31.106874,1807.214701) seconds
2026/08/31-10:43:57  ... thread 8: (120000,5686000) ops and (3858.3,3146.3) ops/second in (31.101710,1807.220360) seconds
2026/08/31-10:44:16  ... thread 7: (115000,5740000) ops and (3690.4,3142.5) ops/second in (31.161516,1826.543537) seconds
2026/08/31-10:44:17  ... thread 9: (116000,5744000) ops and (3627.1,3143.4) ops/second in (31.981197,1827.342900) seconds
2026/08/31-10:44:18  ... thread 5: (116000,5742000) ops and (3601.6,3141.9) ops/second in (32.207813,1827.585538) seconds
2026/08/31-10:44:18  ... thread 13: (116000,5742000) ops and (3567.9,3141.4) ops/second in (32.512223,1827.876519) seconds
2026/08/31-10:44:25  ... thread 14: (91000,5744000) ops and (2998.1,3130.8) ops/second in (30.352822,1834.702005) seconds
2026/08/31-10:44:25  ... thread 1: (92000,5747000) ops and (3014.5,3132.1) ops/second in (30.519030,1834.872482) seconds
2026/08/31-10:44:25  ... thread 0: (91000,5744000) ops and (2981.3,3130.5) ops/second in (30.523732,1834.873178) seconds

** Compaction Stats [default] **
Level    Files   Size     Score Read(GB)  Rn(GB) Rnp1(GB) Write(GB) WPreComp(GB) Wnew(GB) Moved(GB) W-Amp Rd(MB/s) Wr(MB/s) Comp(sec) CompMergeCPU(sec) Comp(cnt) Avg(sec) KeyIn KeyDrop Rblob(GB) Wblob(GB)
-------------------------------------------------------------------------------------------------------------------------------------------------------------------------------------------------------------
  L0      7/0    436.70 MB   0.9     74.8     0.0     74.8     164.9     164.9     90.1       0.0   1.8     22.9     50.5   3345.49            364.89      1671    2.002    167M   161K       0.0       0.0
  L1    142/12     8.45 GB   1.9    244.6    89.7    154.9     239.9     239.9     85.0       0.0   2.7    344.9    338.3    726.20            773.56        44   16.505    248M  4744K       0.0       0.0
  L2    704/12    39.79 GB   1.0    246.1    65.8    180.3     227.9     227.9     47.6      10.7   3.5     18.4     17.1  13659.92           1193.28      1057   12.923    250M    18M       0.0       0.0
  L3    332/0     18.54 GB   0.0      0.0     0.0      0.0       0.0       0.0      0.0      18.5   0.0      0.0      0.0      0.00              0.00         0    0.000       0      0       0.0       0.0
 Sum   1185/24    67.21 GB   0.0    565.5   155.5    409.9     632.7     632.7    222.7      29.3   7.0     32.7     36.5  17731.61           2331.73      2772    6.397    667M    23M       0.0       0.0
 Int      0/0      0.00 KB   0.0     12.4     5.2      7.2      13.3      13.3      6.1       2.3   9.5     65.5     70.2    194.26             48.24        36    5.396     14M   519K       0.0       0.0

** Compaction Stats [default] **
Priority    Files   Size     Score Read(GB)  Rn(GB) Rnp1(GB) Write(GB) WPreComp(GB) Wnew(GB) Moved(GB) W-Amp Rd(MB/s) Wr(MB/s) Comp(sec) CompMergeCPU(sec) Comp(cnt) Avg(sec) KeyIn KeyDrop Rblob(GB) Wblob(GB)
----------------------------------------------------------------------------------------------------------------------------------------------------------------------------------------------------------------
 Low      0/0      0.00 KB   0.0    565.5   155.5    409.9     542.4     542.4    132.4       0.0   0.0     37.8     36.3  15302.51           2168.59      1281   11.946    575M    23M       0.0       0.0
High      0/0      0.00 KB   0.0      0.0     0.0      0.0      90.3      90.3     90.3       0.0   0.0      0.0     38.1   2429.10            163.14      1491    1.629     91M      0       0.0       0.0

Blob file count: 0, total size: 0.0 GB, garbage size: 0.0 GB, space amp: 0.0

Uptime(secs): 1834.9 total, 29.9 interval
Flush(GB): cumulative 90.290, interval 1.395
AddFile(GB): cumulative 0.000, interval 0.000
AddFile(Total Files): cumulative 0, interval 0
AddFile(L0 Files): cumulative 0, interval 0
AddFile(Keys): cumulative 0, interval 0
Cumulative compaction: 632.67 GB write, 353.08 MB/s write, 565.47 GB read, 315.57 MB/s read, 17731.6 seconds
Interval compaction: 13.31 GB write, 455.49 MB/s write, 12.43 GB read, 425.24 MB/s read, 194.3 seconds
Estimated pending compaction bytes: 33746417783
Write Stall (count): cf-l0-file-count-limit-delays-with-ongoing-compaction: 168, cf-l0-file-count-limit-stops-with-ongoing-compaction: 0, l0-file-count-limit-delays: 168, l0-file-count-limit-stops: 0, memtable-limit-delays: 0, memtable-limit-stops: 1209, pending-compaction-bytes-delays: 0, pending-compaction-bytes-stops: 0, total-delays: 168, total-stops: 1209
interval: 18 total count
Block cache AutoHyperClockCache@0x6499b23c82d0#2259139 capacity: 512.00 MB seed: 1 usage: 16.86 MB table_size: 7472 occupancy: 4004 collections: 11 last_copies: 0 last_secs: 0.000503 secs_since: 29
Block cache entry stats(count,size,portion): Misc(4004,16.40 MB,3.20298%)

** File Read Latency Histogram By Level [default] **
** Level 0 read latency histogram (micros):
Count: 41530430 Average: 3.3512  StdDev: 1566.09
Min: 0  Median: 0.9346  Max: 4398822
Percentiles: P50: 0.93 P75: 1.55 P99: 3.02 P99.9: 4.66 P99.99: 5.28
------------------------------------------------------
[       0,       1 ] 22217280  53.496%  53.496% ###########
(       1,       2 ] 16240308  39.105%  92.601% ########
(       2,       3 ]  2649775   6.380%  98.981% #
(       3,       4 ]   341751   0.823%  99.804% 
(       4,       6 ]   120521   0.290% 100.094% 
(       6,      10 ]    53066   0.128% 100.222% 
(      10,      15 ]    19584   0.047% 100.269% 
(      15,      22 ]    11395   0.027% 100.297% 
(      22,      34 ]      839   0.002% 100.299% 
(      34,      51 ]      124   0.000% 100.299% 
(      51,      76 ]      548   0.001% 100.300% 
(      76,     110 ]     1047   0.003% 100.303% 
(     110,     170 ]       48   0.000% 100.303% 
(     170,     250 ]       35   0.000% 100.303% 
(     250,     380 ]       65   0.000% 100.303% 
(     380,     580 ]       50   0.000% 100.303% 
(     580,     870 ]       35   0.000% 100.303% 
(     870,    1300 ]       18   0.000% 100.304% 
(    1300,    1900 ]       24   0.000% 100.304% 
(    1900,    2900 ]       41   0.000% 100.304% 
(    2900,    4400 ]       22   0.000% 100.304% 
(    4400,    6600 ]       17   0.000% 100.304% 
(    6600,    9900 ]        8   0.000% 100.304% 
(    9900,   14000 ]       11   0.000% 100.304% 
(   14000,   22000 ]       23   0.000% 100.304% 
(   22000,   33000 ]       39   0.000% 100.304% 
(   33000,   50000 ]       55   0.000% 100.304% 
(   50000,   75000 ]       77   0.000% 100.304% 
(   75000,  110000 ]      101   0.000% 100.305% 
(  110000,  170000 ]       68   0.000% 100.305% 
(  170000,  250000 ]       12   0.000% 100.305% 
(  250000,  380000 ]        4   0.000% 100.305% 
(  380000,  570000 ]        2   0.000% 100.305% 
(  570000,  860000 ]        3   0.000% 100.305% 
(  860000, 1200000 ]        8   0.000% 100.305% 
( 1200000, 1900000 ]        1   0.000% 100.305% 
( 1900000, 2900000 ]        8   0.000% 100.305% 
( 2900000, 4300000 ]        2   0.000% 100.305% 
( 4300000, 6500000 ]        1   0.000% 100.305% 

** Level 1 read latency histogram (micros):
Count: 57686055 Average: 1.9518  StdDev: 118.52
Min: 0  Median: 0.9557  Max: 209841
Percentiles: P50: 0.96 P75: 1.62 P99: 3.77 P99.9: 5.37 P99.99: 5.62
------------------------------------------------------
[       0,       1 ] 30178914  52.316%  52.316% ##########
(       1,       2 ] 21140619  36.648%  88.963% #######
(       2,       3 ]  5029563   8.719%  97.682% ##
(       3,       4 ]   987307   1.712%  99.394% 
(       4,       6 ]   425022   0.737% 100.131% 
(       6,      10 ]   138846   0.241% 100.371% 
(      10,      15 ]    35480   0.062% 100.433% 
(      15,      22 ]    25443   0.044% 100.477% 
(      22,      34 ]     2818   0.005% 100.482% 
(      34,      51 ]      798   0.001% 100.483% 
(      51,      76 ]     2066   0.004% 100.487% 
(      76,     110 ]     2238   0.004% 100.491% 
(     110,     170 ]     1703   0.003% 100.494% 
(     170,     250 ]     1461   0.003% 100.496% 
(     250,     380 ]     1682   0.003% 100.499% 
(     380,     580 ]     1580   0.003% 100.502% 
(     580,     870 ]     1307   0.002% 100.504% 
(     870,    1300 ]      891   0.002% 100.506% 
(    1300,    1900 ]      883   0.002% 100.507% 
(    1900,    2900 ]      732   0.001% 100.508% 
(    2900,    4400 ]      448   0.001% 100.509% 
(    4400,    6600 ]      230   0.000% 100.510% 
(    6600,    9900 ]       48   0.000% 100.510% 
(    9900,   14000 ]       14   0.000% 100.510% 
(   14000,   22000 ]       11   0.000% 100.510% 
(   22000,   33000 ]       13   0.000% 100.510% 
(   33000,   50000 ]       11   0.000% 100.510% 
(   50000,   75000 ]       13   0.000% 100.510% 
(   75000,  110000 ]       21   0.000% 100.510% 
(  110000,  170000 ]       21   0.000% 100.510% 
(  170000,  250000 ]        2   0.000% 100.510% 

** Level 2 read latency histogram (micros):
Count: 42651791 Average: 111.6457  StdDev: 4492.22
Min: 0  Median: 1.4067  Max: 3571420
Percentiles: P50: 1.41 P75: 2.03 P99: 846.73 P99.9: 1759.04 P99.99: 1890.17
------------------------------------------------------
[       0,       1 ] 14159485  33.198%  33.198% #######
(       1,       2 ] 17619994  41.311%  74.509% ########
(       2,       3 ]  6516448  15.278%  89.787% ###
(       3,       4 ]  1673886   3.925%  93.712% #
(       4,       6 ]   514582   1.206%  94.918% 
(       6,      10 ]    82545   0.194%  95.112% 
(      10,      15 ]    50996   0.120%  95.231% 
(      15,      22 ]    31703   0.074%  95.306% 
(      22,      34 ]    10961   0.026%  95.332% 
(      34,      51 ]    27649   0.065%  95.396% 
(      51,      76 ]    78957   0.185%  95.581% 
(      76,     110 ]    49135   0.115%  95.697% 
(     110,     170 ]   191417   0.449%  96.145% 
(     170,     250 ]   244303   0.573%  96.718% 
(     250,     380 ]   329067   0.772%  97.490% 
(     380,     580 ]   352176   0.826%  98.315% 
(     580,     870 ]   317445   0.744%  99.060% 
(     870,    1300 ]   224006   0.525%  99.585% 
(    1300,    1900 ]   175649   0.412%  99.997% 
(    1900,    2900 ]   135935   0.319% 100.315% 
(    2900,    4400 ]    72577   0.170% 100.486% 
(    4400,    6600 ]    39292   0.092% 100.578% 
(    6600,    9900 ]    12105   0.028% 100.606% 
(    9900,   14000 ]     4325   0.010% 100.616% 
(   14000,   22000 ]     4781   0.011% 100.627% 
(   22000,   33000 ]     4392   0.010% 100.638% 
(   33000,   50000 ]     4704   0.011% 100.649% 
(   50000,   75000 ]     4877   0.011% 100.660% 
(   75000,  110000 ]     4595   0.011% 100.671% 
(  110000,  170000 ]     4057   0.010% 100.681% 
(  170000,  250000 ]     2159   0.005% 100.686% 
(  250000,  380000 ]      751   0.002% 100.687% 
(  380000,  570000 ]      131   0.000% 100.688% 
(  570000,  860000 ]       59   0.000% 100.688% 
(  860000, 1200000 ]       54   0.000% 100.688% 
( 1200000, 1900000 ]       53   0.000% 100.688% 
( 1900000, 2900000 ]       39   0.000% 100.688% 
( 2900000, 4300000 ]       12   0.000% 100.688% 


** DB Stats **
Uptime(secs): 1834.9 total, 29.9 interval
Cumulative writes: 91M writes, 91M keys, 11M commit groups, 7.7 writes per commit group, ingest: 89.52 GB, 49.96 MB/s
Cumulative WAL: 91M writes, 0 syncs, 91929610.00 writes per sync, written: 89.52 GB, 49.96 MB/s
Cumulative stall: 00:25:23.371 H:M:S, 83.0 percent
Interval writes: 1348K writes, 1348K keys, 179K commit groups, 7.5 writes per commit group, ingest: 1344.46 MB, 44.93 MB/s
Interval WAL: 1348K writes, 0 syncs, 1348294.00 writes per sync, written: 1.31 GB, 44.93 MB/s
Interval stall: 00:00:19.783 H:M:S, 66.1 percent
Write Stall (count): write-buffer-manager-limit-stops: 0
num-running-compactions: 10
num-running-flushes: 0

2026/08/31-10:44:25  ... thread 2: (92000,5747000) ops and (3013.0,3132.1) ops/second in (30.533859,1834.882615) seconds
2026/08/31-10:44:25  ... thread 3: (92000,5743000) ops and (3011.6,3129.9) ops/second in (30.548329,1834.885689) seconds
2026/08/31-10:44:25  ... thread 10: (92000,5749000) ops and (3011.4,3133.1) ops/second in (30.550992,1834.896532) seconds
2026/08/31-10:44:25  ... thread 4: (92000,5747000) ops and (3011.1,3132.1) ops/second in (30.553377,1834.898811) seconds
2026/08/31-10:44:25  ... thread 15: (92000,5744000) ops and (3011.1,3130.4) ops/second in (30.553588,1834.906416) seconds
2026/08/31-10:44:25  ... thread 12: (92000,5752000) ops and (3010.6,3134.8) ops/second in (30.558929,1834.906297) seconds
2026/08/31-10:44:25  ... thread 11: (91000,5747000) ops and (2978.6,3132.0) ops/second in (30.551580,1834.907476) seconds
2026/08/31-10:44:27  ... thread 6: (74000,5758000) ops and (2465.0,3134.1) ops/second in (30.019918,1837.234619) seconds
2026/08/31-10:44:27  ... thread 8: (75000,5761000) ops and (2497.0,3135.7) ops/second in (30.036248,1837.256608) seconds
2026/08/31-10:44:46  ... thread 7: (70000,5810000) ops and (2333.0,3129.5) ops/second in (30.004043,1856.547580) seconds
2026/08/31-10:44:53  ... thread 9: (73000,5817000) ops and (2061.0,3122.8) ops/second in (35.419078,1862.761978) seconds
2026/08/31-10:44:53  ... thread 5: (73000,5815000) ops and (2074.9,3121.7) ops/second in (35.183138,1862.768676) seconds
2026/08/31-10:44:53  ... thread 13: (73000,5815000) ops and (2091.8,3121.7) ops/second in (34.897708,1862.774227) seconds
2026/08/31-10:44:55  ... thread 2: (93000,5840000) ops and (3089.2,3131.4) ops/second in (30.104931,1864.987546) seconds
2026/08/31-10:44:55  ... thread 4: (93000,5840000) ops and (3090.1,3131.4) ops/second in (30.095923,1864.994734) seconds
2026/08/31-10:44:55  ... thread 10: (93000,5842000) ops and (3089.4,3132.4) ops/second in (30.103104,1864.999636) seconds
2026/08/31-10:44:55  ... thread 11: (93000,5840000) ops and (3090.5,3131.4) ops/second in (30.092570,1865.000046) seconds
2026/08/31-10:44:55  ... thread 15: (93000,5837000) ops and (3090.2,3129.8) ops/second in (30.094654,1865.001070) seconds
2026/08/31-10:44:55  ... thread 14: (94000,5838000) ops and (3102.0,3130.3) ops/second in (30.303142,1865.005147) seconds
2026/08/31-10:44:55  ... thread 1: (94000,5841000) ops and (3119.2,3131.9) ops/second in (30.135771,1865.008253) seconds
2026/08/31-10:44:55  ... thread 0: (94000,5838000) ops and (3119.0,3130.3) ops/second in (30.137964,1865.011142) seconds

** Compaction Stats [default] **
Level    Files   Size     Score Read(GB)  Rn(GB) Rnp1(GB) Write(GB) WPreComp(GB) Wnew(GB) Moved(GB) W-Amp Rd(MB/s) Wr(MB/s) Comp(sec) CompMergeCPU(sec) Comp(cnt) Avg(sec) KeyIn KeyDrop Rblob(GB) Wblob(GB)
-------------------------------------------------------------------------------------------------------------------------------------------------------------------------------------------------------------
  L0     19/12     1.94 GB   0.9     75.6     0.0     75.6     167.2     167.2     91.6       0.0   1.8     22.8     50.5   3391.61            370.32      1697    1.999    170M   165K       0.0       0.0
  L1    108/17     6.27 GB   1.3    244.6    89.7    154.9     239.9     239.9     85.0       0.0   2.7    344.9    338.3    726.20            773.56        44   16.505    248M  4744K       0.0       0.0
  L2    737/67    41.42 GB   0.9    252.5    67.4    185.2     233.7     233.7     48.6      11.4   3.5     18.4     17.1  14024.11           1226.40      1085   12.925    256M    19M       0.0       0.0
  L3    332/0     18.54 GB   0.0      0.0     0.0      0.0       0.0       0.0      0.0      18.5   0.0      0.0      0.0      0.00              0.00         0    0.000       0      0       0.0       0.0
 Sum   1196/96    68.16 GB   0.0    572.7   157.1    415.7     640.9     640.9    225.2      29.9   7.0     32.3     36.2  18141.92           2370.28      2826    6.420    676M    24M       0.0       0.0
 Int      0/0      0.00 KB   0.0      0.0     0.0      0.0       0.0       0.0      0.0       0.0   0.0      0.0      0.0      0.00              0.00         0    0.000       0      0       0.0       0.0

** Compaction Stats [default] **
Priority    Files   Size     Score Read(GB)  Rn(GB) Rnp1(GB) Write(GB) WPreComp(GB) Wnew(GB) Moved(GB) W-Amp Rd(MB/s) Wr(MB/s) Comp(sec) CompMergeCPU(sec) Comp(cnt) Avg(sec) KeyIn KeyDrop Rblob(GB) Wblob(GB)
----------------------------------------------------------------------------------------------------------------------------------------------------------------------------------------------------------------
 Low      0/0      0.00 KB   0.0    572.7   157.1    415.7     549.1     549.1    133.4       0.0   0.0     37.4     35.9  15677.53           2204.20      1310   11.968    582M    24M       0.0       0.0
High      0/0      0.00 KB   0.0      0.0     0.0      0.0      91.8      91.8     91.8       0.0   0.0      0.0     38.1   2464.39            166.08      1516    1.626     93M      0       0.0       0.0

Blob file count: 0, total size: 0.0 GB, garbage size: 0.0 GB, space amp: 0.0

Uptime(secs): 1865.0 total, 0.0 interval
Flush(GB): cumulative 91.805, interval 0.000
AddFile(GB): cumulative 0.000, interval 0.000
AddFile(Total Files): cumulative 0, interval 0
AddFile(L0 Files): cumulative 0, interval 0
AddFile(Keys): cumulative 0, interval 0
Cumulative compaction: 640.89 GB write, 351.89 MB/s write, 572.73 GB read, 314.46 MB/s read, 18141.9 seconds
Interval compaction: 0.00 GB write, 0.00 MB/s write, 0.00 GB read, 0.00 MB/s read, 0.0 seconds
Estimated pending compaction bytes: 44624159606
Write Stall (count): cf-l0-file-count-limit-delays-with-ongoing-compaction: 171, cf-l0-file-count-limit-stops-with-ongoing-compaction: 0, l0-file-count-limit-delays: 171, l0-file-count-limit-stops: 0, memtable-limit-delays: 0, memtable-limit-stops: 1232, pending-compaction-bytes-delays: 0, pending-compaction-bytes-stops: 0, total-delays: 171, total-stops: 1232
interval: 0 total count
Block cache AutoHyperClockCache@0x6499b23c82d0#2259139 capacity: 512.00 MB seed: 1 usage: 16.86 MB table_size: 7472 occupancy: 4004 collections: 11 last_copies: 1 last_secs: 0.000503 secs_since: 60
Block cache entry stats(count,size,portion): Misc(4004,16.40 MB,3.20298%)

** File Read Latency Histogram By Level [default] **
** Level 0 read latency histogram (micros):
Count: 41883873 Average: 3.3446  StdDev: 1559.68
Min: 0  Median: 0.9342  Max: 4398822
Percentiles: P50: 0.93 P75: 1.55 P99: 3.02 P99.9: 4.68 P99.99: 5.30
------------------------------------------------------
[       0,       1 ] 22417930  53.524%  53.524% ###########
(       1,       2 ] 16373403  39.092%  92.616% ########
(       2,       3 ]  2665346   6.364%  98.980% #
(       3,       4 ]   344074   0.821%  99.802% 
(       4,       6 ]   121513   0.290% 100.092% 
(       6,      10 ]    53518   0.128% 100.219% 
(      10,      15 ]    19785   0.047% 100.267% 
(      15,      22 ]    11506   0.027% 100.294% 
(      22,      34 ]      848   0.002% 100.296% 
(      34,      51 ]      124   0.000% 100.296% 
(      51,      76 ]      562   0.001% 100.298% 
(      76,     110 ]     1060   0.003% 100.300% 
(     110,     170 ]       50   0.000% 100.300% 
(     170,     250 ]       35   0.000% 100.301% 
(     250,     380 ]       66   0.000% 100.301% 
(     380,     580 ]       51   0.000% 100.301% 
(     580,     870 ]       35   0.000% 100.301% 
(     870,    1300 ]       18   0.000% 100.301% 
(    1300,    1900 ]       24   0.000% 100.301% 
(    1900,    2900 ]       41   0.000% 100.301% 
(    2900,    4400 ]       22   0.000% 100.301% 
(    4400,    6600 ]       18   0.000% 100.301% 
(    6600,    9900 ]        9   0.000% 100.301% 
(    9900,   14000 ]       12   0.000% 100.301% 
(   14000,   22000 ]       24   0.000% 100.301% 
(   22000,   33000 ]       39   0.000% 100.301% 
(   33000,   50000 ]       58   0.000% 100.302% 
(   50000,   75000 ]       78   0.000% 100.302% 
(   75000,  110000 ]      101   0.000% 100.302% 
(  110000,  170000 ]       69   0.000% 100.302% 
(  170000,  250000 ]       12   0.000% 100.302% 
(  250000,  380000 ]        4   0.000% 100.302% 
(  380000,  570000 ]        2   0.000% 100.302% 
(  570000,  860000 ]        3   0.000% 100.302% 
(  860000, 1200000 ]        8   0.000% 100.302% 
( 1200000, 1900000 ]        1   0.000% 100.302% 
( 1900000, 2900000 ]        8   0.000% 100.302% 
( 2900000, 4300000 ]        2   0.000% 100.302% 
( 4300000, 6500000 ]        1   0.000% 100.302% 

** Level 1 read latency histogram (micros):
Count: 58360037 Average: 1.9548  StdDev: 117.84
Min: 0  Median: 0.9607  Max: 209841
Percentiles: P50: 0.96 P75: 1.63 P99: 3.79 P99.9: 5.41 P99.99: 5.65
------------------------------------------------------
[       0,       1 ] 30373859  52.046%  52.046% ##########
(       1,       2 ] 21404915  36.677%  88.723% #######
(       2,       3 ]  5184262   8.883%  97.606% ##
(       3,       4 ]  1026118   1.758%  99.364% 
(       4,       6 ]   442911   0.759% 100.123% 
(       6,      10 ]   142949   0.245% 100.368% 
(      10,      15 ]    36473   0.062% 100.431% 
(      15,      22 ]    26277   0.045% 100.476% 
(      22,      34 ]     2897   0.005% 100.481% 
(      34,      51 ]      807   0.001% 100.482% 
(      51,      76 ]     2067   0.004% 100.486% 
(      76,     110 ]     2240   0.004% 100.490% 
(     110,     170 ]     1703   0.003% 100.493% 
(     170,     250 ]     1461   0.003% 100.495% 
(     250,     380 ]     1682   0.003% 100.498% 
(     380,     580 ]     1580   0.003% 100.501% 
(     580,     870 ]     1307   0.002% 100.503% 
(     870,    1300 ]      891   0.002% 100.504% 
(    1300,    1900 ]      883   0.002% 100.506% 
(    1900,    2900 ]      732   0.001% 100.507% 
(    2900,    4400 ]      448   0.001% 100.508% 
(    4400,    6600 ]      230   0.000% 100.508% 
(    6600,    9900 ]       48   0.000% 100.508% 
(    9900,   14000 ]       14   0.000% 100.508% 
(   14000,   22000 ]       11   0.000% 100.508% 
(   22000,   33000 ]       13   0.000% 100.508% 
(   33000,   50000 ]       11   0.000% 100.508% 
(   50000,   75000 ]       13   0.000% 100.509% 
(   75000,  110000 ]       21   0.000% 100.509% 
(  110000,  170000 ]       21   0.000% 100.509% 
(  170000,  250000 ]        2   0.000% 100.509% 

** Level 2 read latency histogram (micros):
Count: 44204637 Average: 112.8914  StdDev: 4540.60
Min: 0  Median: 1.4147  Max: 3571420
Percentiles: P50: 1.41 P75: 2.05 P99: 852.09 P99.9: 1765.80 P99.99: 1895.69
------------------------------------------------------
[       0,       1 ] 14506722  32.817%  32.817% #######
(       1,       2 ] 18316212  41.435%  74.252% ########
(       2,       3 ]  6818324  15.424%  89.677% ###
(       3,       4 ]  1757670   3.976%  93.653% #
(       4,       6 ]   539606   1.221%  94.874% 
(       6,      10 ]    86003   0.195%  95.068% 
(      10,      15 ]    53287   0.121%  95.189% 
(      15,      22 ]    33262   0.075%  95.264% 
(      22,      34 ]    11455   0.026%  95.290% 
(      34,      51 ]    28320   0.064%  95.354% 
(      51,      76 ]    82014   0.186%  95.539% 
(      76,     110 ]    51006   0.115%  95.655% 
(     110,     170 ]   198744   0.450%  96.104% 
(     170,     250 ]   254190   0.575%  96.679% 
(     250,     380 ]   344123   0.778%  97.458% 
(     380,     580 ]   369545   0.836%  98.294% 
(     580,     870 ]   332656   0.753%  99.046% 
(     870,    1300 ]   234616   0.531%  99.577% 
(    1300,    1900 ]   183783   0.416%  99.993% 
(    1900,    2900 ]   142646   0.323% 100.316% 
(    2900,    4400 ]    76260   0.173% 100.488% 
(    4400,    6600 ]    41166   0.093% 100.581% 
(    6600,    9900 ]    12692   0.029% 100.610% 
(    9900,   14000 ]     4540   0.010% 100.620% 
(   14000,   22000 ]     4961   0.011% 100.632% 
(   22000,   33000 ]     4619   0.010% 100.642% 
(   33000,   50000 ]     4921   0.011% 100.653% 
(   50000,   75000 ]     5107   0.012% 100.665% 
(   75000,  110000 ]     4807   0.011% 100.676% 
(  110000,  170000 ]     4209   0.010% 100.685% 
(  170000,  250000 ]     2285   0.005% 100.690% 
(  250000,  380000 ]      802   0.002% 100.692% 
(  380000,  570000 ]      131   0.000% 100.692% 
(  570000,  860000 ]       59   0.000% 100.692% 
(  860000, 1200000 ]       57   0.000% 100.693% 
( 1200000, 1900000 ]       57   0.000% 100.693% 
( 1900000, 2900000 ]       40   0.000% 100.693% 
( 2900000, 4300000 ]       14   0.000% 100.693% 


** DB Stats **
Uptime(secs): 1865.0 total, 0.0 interval
Cumulative writes: 93M writes, 93M keys, 12M commit groups, 7.7 writes per commit group, ingest: 90.98 GB, 49.95 MB/s
Cumulative WAL: 93M writes, 0 syncs, 93432765.00 writes per sync, written: 90.98 GB, 49.95 MB/s
Cumulative stall: 00:25:47.372 H:M:S, 83.0 percent
Interval writes: 12K writes, 12K keys, 1616 commit groups, 7.8 writes per commit group, ingest: 12.55 MB, 252.84 MB/s
Interval WAL: 12K writes, 0 syncs, 12582.00 writes per sync, written: 0.01 GB, 252.68 MB/s
Interval stall: 00:00:0.596 H:M:S, 1199.8 percent
Write Stall (count): write-buffer-manager-limit-stops: 0
num-running-compactions: 18
num-running-flushes: 0

2026/08/31-10:44:55  ... thread 12: (93000,5845000) ops and (3088.7,3134.0) ops/second in (30.109785,1865.016082) seconds
2026/08/31-10:44:55  ... thread 3: (94000,5837000) ops and (3119.7,3129.7) ops/second in (30.131183,1865.016872) seconds
2026/08/31-10:44:57  ... thread 6: (88000,5846000) ops and (2925.6,3130.7) ops/second in (30.079055,1867.313674) seconds
2026/08/31-10:44:59  ... thread 8: (87000,5848000) ops and (2706.4,3128.3) ops/second in (32.145889,1869.402497) seconds
2026/08/31-10:45:19  ... thread 7: (88000,5898000) ops and (2666.5,3121.4) ops/second in (33.002087,1889.549667) seconds
2026/08/31-10:45:26  ... thread 4: (81000,5921000) ops and (2578.1,3122.2) ops/second in (31.419047,1896.413781) seconds
2026/08/31-10:45:26  ... thread 3: (80000,5917000) ops and (2547.8,3120.1) ops/second in (31.399358,1896.416230) seconds
2026/08/31-10:45:26  ... thread 2: (81000,5921000) ops and (2577.1,3122.2) ops/second in (31.430228,1896.417774) seconds
2026/08/31-10:45:26  ... thread 12: (80000,5925000) ops and (2547.3,3124.3) ops/second in (31.405228,1896.421310) seconds
2026/08/31-10:45:26  ... thread 11: (81000,5921000) ops and (2577.8,3122.2) ops/second in (31.422280,1896.422326) seconds
2026/08/31-10:45:26  ... thread 10: (81000,5923000) ops and (2577.0,3123.2) ops/second in (31.432305,1896.431941) seconds
2026/08/31-10:45:26  ... thread 9: (104000,5921000) ops and (3088.8,3122.2) ops/second in (33.670005,1896.431983) seconds
2026/08/31-10:45:26  ... thread 13: (104000,5919000) ops and (3089.5,3121.1) ops/second in (33.662211,1896.436438) seconds
2026/08/31-10:45:26  ... thread 15: (81000,5918000) ops and (2576.6,3120.6) ops/second in (31.436358,1896.437428) seconds
2026/08/31-10:45:26  ... thread 5: (104000,5919000) ops and (3088.7,3121.1) ops/second in (33.671232,1896.439908) seconds
2026/08/31-10:45:26  ... thread 1: (81000,5922000) ops and (2576.9,3122.7) ops/second in (31.432513,1896.440766) seconds
2026/08/31-10:45:26  ... thread 14: (81000,5919000) ops and (2576.6,3121.1) ops/second in (31.436210,1896.441357) seconds
2026/08/31-10:45:26  ... thread 0: (81000,5919000) ops and (2576.9,3121.1) ops/second in (31.432842,1896.443984) seconds

** Compaction Stats [default] **
Level    Files   Size     Score Read(GB)  Rn(GB) Rnp1(GB) Write(GB) WPreComp(GB) Wnew(GB) Moved(GB) W-Amp Rd(MB/s) Wr(MB/s) Comp(sec) CompMergeCPU(sec) Comp(cnt) Avg(sec) KeyIn KeyDrop Rblob(GB) Wblob(GB)
-------------------------------------------------------------------------------------------------------------------------------------------------------------------------------------------------------------
  L0     10/5      3.21 GB   0.7     77.7     0.0     77.7     170.6     170.6     92.9       0.0   1.8     23.0     50.6   3451.41            379.45      1722    2.004    173M   170K       0.0       0.0
  L1     85/17     4.91 GB   1.0    244.6    89.7    154.9     239.9     239.9     85.0       0.0   2.7    344.9    338.3    726.20            773.56        44   16.505    248M  4744K       0.0       0.0
  L2    746/72    42.13 GB   1.0    259.1    68.7    190.4     239.7     239.7     49.3      11.4   3.5     18.3     17.0  14466.30           1267.11      1108   13.056    263M    19M       0.0       0.0
  L3    332/0     18.54 GB   0.0      0.0     0.0      0.0       0.0       0.0      0.0      18.5   0.0      0.0      0.0      0.00              0.00         0    0.000       0      0       0.0       0.0
 Sum   1173/94    68.79 GB   0.0    581.4   158.4    422.9     650.1     650.1    227.2      29.9   7.0     31.9     35.7  18643.92           2420.13      2874    6.487    686M    24M       0.0       0.0
 Int      0/0      0.00 KB   0.0      8.6     1.4      7.3       9.2       9.2      2.0       0.0   7.3     17.6     18.9    502.00             49.84        48   10.458     10M   660K       0.0       0.0

** Compaction Stats [default] **
Priority    Files   Size     Score Read(GB)  Rn(GB) Rnp1(GB) Write(GB) WPreComp(GB) Wnew(GB) Moved(GB) W-Amp Rd(MB/s) Wr(MB/s) Comp(sec) CompMergeCPU(sec) Comp(cnt) Avg(sec) KeyIn KeyDrop Rblob(GB) Wblob(GB)
----------------------------------------------------------------------------------------------------------------------------------------------------------------------------------------------------------------
 Low      0/0      0.00 KB   0.0    581.4   158.4    422.9     557.1     557.1    134.1       0.0   0.0     36.9     35.3  16153.07           2251.53      1337   12.082    591M    24M       0.0       0.0
High      0/0      0.00 KB   0.0      0.0     0.0      0.0      93.1      93.1     93.1       0.0   0.0      0.0     38.3   2490.85            168.59      1537    1.621     94M      0       0.0       0.0

Blob file count: 0, total size: 0.0 GB, garbage size: 0.0 GB, space amp: 0.0

Uptime(secs): 1896.5 total, 31.5 interval
Flush(GB): cumulative 93.077, interval 1.272
AddFile(GB): cumulative 0.000, interval 0.000
AddFile(Total Files): cumulative 0, interval 0
AddFile(L0 Files): cumulative 0, interval 0
AddFile(Keys): cumulative 0, interval 0
Cumulative compaction: 650.14 GB write, 351.05 MB/s write, 581.35 GB read, 313.90 MB/s read, 18643.9 seconds
Interval compaction: 9.25 GB write, 300.77 MB/s write, 8.62 GB read, 280.51 MB/s read, 502.0 seconds
Estimated pending compaction bytes: 45491203737
Write Stall (count): cf-l0-file-count-limit-delays-with-ongoing-compaction: 175, cf-l0-file-count-limit-stops-with-ongoing-compaction: 0, l0-file-count-limit-delays: 175, l0-file-count-limit-stops: 0, memtable-limit-delays: 0, memtable-limit-stops: 1250, pending-compaction-bytes-delays: 0, pending-compaction-bytes-stops: 0, total-delays: 175, total-stops: 1250
interval: 22 total count
Block cache AutoHyperClockCache@0x6499b23c82d0#2259139 capacity: 512.00 MB seed: 1 usage: 16.86 MB table_size: 7472 occupancy: 4004 collections: 11 last_copies: 1 last_secs: 0.000503 secs_since: 91
Block cache entry stats(count,size,portion): Misc(4004,16.40 MB,3.20298%)

** File Read Latency Histogram By Level [default] **
** Level 0 read latency histogram (micros):
Count: 42273210 Average: 3.3587  StdDev: 1553.91
Min: 0  Median: 0.9348  Max: 4398822
Percentiles: P50: 0.93 P75: 1.55 P99: 3.03 P99.9: 4.71 P99.99: 5.32
------------------------------------------------------
[       0,       1 ] 22610267  53.486%  53.486% ###########
(       1,       2 ] 16535668  39.116%  92.602% ########
(       2,       3 ]  2693128   6.371%  98.973% #
(       3,       4 ]   348321   0.824%  99.797% 
(       4,       6 ]   123328   0.292% 100.089% 
(       6,      10 ]    54057   0.128% 100.217% 
(      10,      15 ]    19981   0.047% 100.264% 
(      15,      22 ]    11610   0.027% 100.291% 
(      22,      34 ]      857   0.002% 100.293% 
(      34,      51 ]      128   0.000% 100.294% 
(      51,      76 ]      565   0.001% 100.295% 
(      76,     110 ]     1080   0.003% 100.298% 
(     110,     170 ]       50   0.000% 100.298% 
(     170,     250 ]       35   0.000% 100.298% 
(     250,     380 ]       66   0.000% 100.298% 
(     380,     580 ]       52   0.000% 100.298% 
(     580,     870 ]       36   0.000% 100.298% 
(     870,    1300 ]       18   0.000% 100.298% 
(    1300,    1900 ]       25   0.000% 100.298% 
(    1900,    2900 ]       41   0.000% 100.298% 
(    2900,    4400 ]       23   0.000% 100.298% 
(    4400,    6600 ]       19   0.000% 100.298% 
(    6600,    9900 ]        9   0.000% 100.298% 
(    9900,   14000 ]       12   0.000% 100.298% 
(   14000,   22000 ]       24   0.000% 100.299% 
(   22000,   33000 ]       39   0.000% 100.299% 
(   33000,   50000 ]       62   0.000% 100.299% 
(   50000,   75000 ]       78   0.000% 100.299% 
(   75000,  110000 ]      103   0.000% 100.299% 
(  110000,  170000 ]       71   0.000% 100.299% 
(  170000,  250000 ]       15   0.000% 100.299% 
(  250000,  380000 ]        4   0.000% 100.299% 
(  380000,  570000 ]        2   0.000% 100.299% 
(  570000,  860000 ]        3   0.000% 100.299% 
(  860000, 1200000 ]        8   0.000% 100.299% 
( 1200000, 1900000 ]        1   0.000% 100.299% 
( 1900000, 2900000 ]        8   0.000% 100.299% 
( 2900000, 4300000 ]        2   0.000% 100.299% 
( 4300000, 6500000 ]        1   0.000% 100.299% 

** Level 1 read latency histogram (micros):
Count: 58698487 Average: 1.9591  StdDev: 117.50
Min: 0  Median: 0.9649  Max: 209841
Percentiles: P50: 0.96 P75: 1.63 P99: 3.82 P99.9: 5.45 P99.99: 5.68
------------------------------------------------------
[       0,       1 ] 30417754  51.820%  51.820% ##########
(       1,       2 ] 21524378  36.669%  88.490% #######
(       2,       3 ]  5305012   9.038%  97.527% ##
(       3,       4 ]  1059050   1.804%  99.332% 
(       4,       6 ]   459477   0.783% 100.114% 
(       6,      10 ]   146603   0.250% 100.364% 
(      10,      15 ]    37338   0.064% 100.428% 
(      15,      22 ]    27022   0.046% 100.474% 
(      22,      34 ]     2974   0.005% 100.479% 
(      34,      51 ]      812   0.001% 100.480% 
(      51,      76 ]     2070   0.004% 100.484% 
(      76,     110 ]     2244   0.004% 100.488% 
(     110,     170 ]     1703   0.003% 100.491% 
(     170,     250 ]     1461   0.002% 100.493% 
(     250,     380 ]     1682   0.003% 100.496% 
(     380,     580 ]     1580   0.003% 100.499% 
(     580,     870 ]     1307   0.002% 100.501% 
(     870,    1300 ]      891   0.002% 100.502% 
(    1300,    1900 ]      883   0.002% 100.504% 
(    1900,    2900 ]      732   0.001% 100.505% 
(    2900,    4400 ]      448   0.001% 100.506% 
(    4400,    6600 ]      230   0.000% 100.506% 
(    6600,    9900 ]       48   0.000% 100.506% 
(    9900,   14000 ]       14   0.000% 100.506% 
(   14000,   22000 ]       11   0.000% 100.506% 
(   22000,   33000 ]       13   0.000% 100.506% 
(   33000,   50000 ]       11   0.000% 100.506% 
(   50000,   75000 ]       13   0.000% 100.506% 
(   75000,  110000 ]       21   0.000% 100.506% 
(  110000,  170000 ]       21   0.000% 100.507% 
(  170000,  250000 ]        2   0.000% 100.507% 

** Level 2 read latency histogram (micros):
Count: 45530814 Average: 114.5904  StdDev: 4520.23
Min: 0  Median: 1.4229  Max: 3571420
Percentiles: P50: 1.42 P75: 2.07 P99: 861.90 P99.9: 1782.30 P99.99: 1921.86
------------------------------------------------------
[       0,       1 ] 14783617  32.469%  32.469% ######
(       1,       2 ] 18876141  41.458%  73.927% ########
(       2,       3 ]  7102764  15.600%  89.527% ###
(       3,       4 ]  1837962   4.037%  93.564% #
(       4,       6 ]   566140   1.243%  94.807% 
(       6,      10 ]    89237   0.196%  95.003% 
(      10,      15 ]    55419   0.122%  95.125% 
(      15,      22 ]    34771   0.076%  95.202% 
(      22,      34 ]    11789   0.026%  95.227% 
(      34,      51 ]    28925   0.064%  95.291% 
(      51,      76 ]    84462   0.186%  95.476% 
(      76,     110 ]    52848   0.116%  95.593% 
(     110,     170 ]   205234   0.451%  96.043% 
(     170,     250 ]   262982   0.578%  96.621% 
(     250,     380 ]   358013   0.786%  97.407% 
(     380,     580 ]   386387   0.849%  98.256% 
(     580,     870 ]   348557   0.766%  99.021% 
(     870,    1300 ]   245502   0.539%  99.561% 
(    1300,    1900 ]   192251   0.422%  99.983% 
(    1900,    2900 ]   149297   0.328% 100.311% 
(    2900,    4400 ]    79609   0.175% 100.486% 
(    4400,    6600 ]    42923   0.094% 100.580% 
(    6600,    9900 ]    13188   0.029% 100.609% 
(    9900,   14000 ]     4763   0.010% 100.619% 
(   14000,   22000 ]     5163   0.011% 100.631% 
(   22000,   33000 ]     4826   0.011% 100.641% 
(   33000,   50000 ]     5167   0.011% 100.653% 
(   50000,   75000 ]     5402   0.012% 100.664% 
(   75000,  110000 ]     5074   0.011% 100.676% 
(  110000,  170000 ]     4466   0.010% 100.685% 
(  170000,  250000 ]     2382   0.005% 100.691% 
(  250000,  380000 ]      837   0.002% 100.692% 
(  380000,  570000 ]      138   0.000% 100.693% 
(  570000,  860000 ]       60   0.000% 100.693% 
(  860000, 1200000 ]       58   0.000% 100.693% 
( 1200000, 1900000 ]       57   0.000% 100.693% 
( 1900000, 2900000 ]       40   0.000% 100.693% 
( 2900000, 4300000 ]       14   0.000% 100.693% 


** DB Stats **
Uptime(secs): 1896.5 total, 31.4 interval
Cumulative writes: 94M writes, 94M keys, 12M commit groups, 7.7 writes per commit group, ingest: 92.24 GB, 49.81 MB/s
Cumulative WAL: 94M writes, 0 syncs, 94728984.00 writes per sync, written: 92.24 GB, 49.81 MB/s
Cumulative stall: 00:26:12.588 H:M:S, 82.9 percent
Interval writes: 1296K writes, 1296K keys, 167K commit groups, 7.7 writes per commit group, ingest: 1292.48 MB, 41.12 MB/s
Interval WAL: 1296K writes, 0 syncs, 1296219.00 writes per sync, written: 1.26 GB, 41.12 MB/s
Interval stall: 00:00:25.216 H:M:S, 80.2 percent
Write Stall (count): write-buffer-manager-limit-stops: 0
num-running-compactions: 17
num-running-flushes: 0

2026/08/31-10:45:28  ... thread 6: (81000,5927000) ops and (2660.6,3123.2) ops/second in (30.444338,1897.758012) seconds
2026/08/31-10:45:29  ... thread 8: (96000,5944000) ops and (3181.3,3129.1) ops/second in (30.176760,1899.579257) seconds
2026/08/31-10:45:53  ... thread 7: (150000,6048000) ops and (4516.5,3145.5) ops/second in (33.211637,1922.761304) seconds
2026/08/31-10:45:57  ... thread 4: (132000,6053000) ops and (4335.3,3141.4) ops/second in (30.447669,1926.861450) seconds
2026/08/31-10:45:57  ... thread 0: (131000,6050000) ops and (4306.4,3139.8) ops/second in (30.420102,1926.864086) seconds

** Compaction Stats [default] **
Level    Files   Size     Score Read(GB)  Rn(GB) Rnp1(GB) Write(GB) WPreComp(GB) Wnew(GB) Moved(GB) W-Amp Rd(MB/s) Wr(MB/s) Comp(sec) CompMergeCPU(sec) Comp(cnt) Avg(sec) KeyIn KeyDrop Rblob(GB) Wblob(GB)
-------------------------------------------------------------------------------------------------------------------------------------------------------------------------------------------------------------
  L0     21/15     5.26 GB   0.8     79.5     0.0     79.5     174.4     174.4     95.0       0.0   1.8     23.3     51.1   3497.13            388.36      1763    1.984    177M   171K       0.0       0.0
  L1     68/68     3.96 GB   0.0    244.6    89.7    154.9     239.9     239.9     85.0       0.0   2.7    344.9    338.3    726.20            773.56        44   16.505    248M  4744K       0.0       0.0
  L2    709/0     39.93 GB   1.0    264.1    69.7    194.5     244.3     244.3     49.8      11.4   3.5     18.2     16.9  14825.15           1298.06      1123   13.201    268M    20M       0.0       0.0
  L3    380/0     21.26 GB   0.1      0.0     0.0      0.0       0.0       0.0      0.0      21.3   0.0      0.0      0.0      0.00              0.00         0    0.000       0      0       0.0       0.0
 Sum   1178/83    70.40 GB   0.0    588.2   159.4    428.8     658.6     658.6    229.8      32.6   6.9     31.6     35.4  19048.48           2459.99      2930    6.501    695M    25M       0.0       0.0
 Int      0/0      0.00 KB   0.0      0.0     0.0      0.0       0.0       0.0      0.0       0.0   0.0      0.0      0.0      0.00              0.00         0    0.000       0      0       0.0       0.0

** Compaction Stats [default] **
Priority    Files   Size     Score Read(GB)  Rn(GB) Rnp1(GB) Write(GB) WPreComp(GB) Wnew(GB) Moved(GB) W-Amp Rd(MB/s) Wr(MB/s) Comp(sec) CompMergeCPU(sec) Comp(cnt) Avg(sec) KeyIn KeyDrop Rblob(GB) Wblob(GB)
----------------------------------------------------------------------------------------------------------------------------------------------------------------------------------------------------------------
 Low      0/0      0.00 KB   0.0    588.2   159.4    428.8     563.5     563.5    134.6       0.0   0.0     36.4     34.9  16527.63           2287.57      1359   12.162    598M    25M       0.0       0.0
High      0/0      0.00 KB   0.0      0.0     0.0      0.0      95.1      95.1     95.1       0.0   0.0      0.0     38.6   2520.85            172.41      1571    1.605     96M      0       0.0       0.0

Blob file count: 0, total size: 0.0 GB, garbage size: 0.0 GB, space amp: 0.0

Uptime(secs): 1926.9 total, 1.9 interval
Flush(GB): cumulative 95.134, interval 0.000
AddFile(GB): cumulative 0.000, interval 0.000
AddFile(Total Files): cumulative 0, interval 0
AddFile(L0 Files): cumulative 0, interval 0
AddFile(Keys): cumulative 0, interval 0
Cumulative compaction: 658.63 GB write, 350.01 MB/s write, 588.22 GB read, 312.60 MB/s read, 19048.5 seconds
Interval compaction: 0.00 GB write, 0.00 MB/s write, 0.00 GB read, 0.00 MB/s read, 0.0 seconds
Estimated pending compaction bytes: 47886820618
Write Stall (count): cf-l0-file-count-limit-delays-with-ongoing-compaction: 176, cf-l0-file-count-limit-stops-with-ongoing-compaction: 0, l0-file-count-limit-delays: 176, l0-file-count-limit-stops: 0, memtable-limit-delays: 0, memtable-limit-stops: 1276, pending-compaction-bytes-delays: 0, pending-compaction-bytes-stops: 0, total-delays: 176, total-stops: 1276
interval: 0 total count
Block cache AutoHyperClockCache@0x6499b23c82d0#2259139 capacity: 512.00 MB seed: 1 usage: 16.86 MB table_size: 7472 occupancy: 4004 collections: 11 last_copies: 2 last_secs: 0.000503 secs_since: 121
Block cache entry stats(count,size,portion): Misc(4004,16.40 MB,3.20298%)

** File Read Latency Histogram By Level [default] **
** Level 0 read latency histogram (micros):
Count: 43288519 Average: 3.3312  StdDev: 1536.15
Min: 0  Median: 0.9358  Max: 4398822
Percentiles: P50: 0.94 P75: 1.55 P99: 3.03 P99.9: 4.68 P99.99: 5.30
------------------------------------------------------
[       0,       1 ] 23129973  53.432%  53.432% ###########
(       1,       2 ] 16965767  39.192%  92.624% ########
(       2,       3 ]  2749887   6.352%  98.977% #
(       3,       4 ]   356453   0.823%  99.800% 
(       4,       6 ]   126116   0.291% 100.092% 
(       6,      10 ]    55287   0.128% 100.219% 
(      10,      15 ]    20427   0.047% 100.267% 
(      15,      22 ]    11834   0.027% 100.294% 
(      22,      34 ]      870   0.002% 100.296% 
(      34,      51 ]      129   0.000% 100.296% 
(      51,      76 ]      577   0.001% 100.298% 
(      76,     110 ]     1105   0.003% 100.300% 
(     110,     170 ]       51   0.000% 100.300% 
(     170,     250 ]       36   0.000% 100.300% 
(     250,     380 ]       72   0.000% 100.300% 
(     380,     580 ]       52   0.000% 100.301% 
(     580,     870 ]       36   0.000% 100.301% 
(     870,    1300 ]       19   0.000% 100.301% 
(    1300,    1900 ]       25   0.000% 100.301% 
(    1900,    2900 ]       41   0.000% 100.301% 
(    2900,    4400 ]       23   0.000% 100.301% 
(    4400,    6600 ]       19   0.000% 100.301% 
(    6600,    9900 ]        9   0.000% 100.301% 
(    9900,   14000 ]       12   0.000% 100.301% 
(   14000,   22000 ]       24   0.000% 100.301% 
(   22000,   33000 ]       40   0.000% 100.301% 
(   33000,   50000 ]       62   0.000% 100.301% 
(   50000,   75000 ]       78   0.000% 100.301% 
(   75000,  110000 ]      107   0.000% 100.302% 
(  110000,  170000 ]       71   0.000% 100.302% 
(  170000,  250000 ]       16   0.000% 100.302% 
(  250000,  380000 ]        4   0.000% 100.302% 
(  380000,  570000 ]        2   0.000% 100.302% 
(  570000,  860000 ]        3   0.000% 100.302% 
(  860000, 1200000 ]        8   0.000% 100.302% 
( 1200000, 1900000 ]        1   0.000% 100.302% 
( 1900000, 2900000 ]        8   0.000% 100.302% 
( 2900000, 4300000 ]        2   0.000% 100.302% 
( 4300000, 6500000 ]        1   0.000% 100.302% 

** Level 1 read latency histogram (micros):
Count: 59307666 Average: 1.9561  StdDev: 116.89
Min: 0  Median: 0.9649  Max: 209841
Percentiles: P50: 0.96 P75: 1.63 P99: 3.82 P99.9: 5.46 P99.99: 5.69
------------------------------------------------------
[       0,       1 ] 30734105  51.821%  51.821% ##########
(       1,       2 ] 21741071  36.658%  88.480% #######
(       2,       3 ]  5365084   9.046%  97.526% ##
(       3,       4 ]  1069925   1.804%  99.330% 
(       4,       6 ]   464214   0.783% 100.113% 
(       6,      10 ]   148183   0.250% 100.362% 
(      10,      15 ]    37747   0.064% 100.426% 
(      15,      22 ]    27292   0.046% 100.472% 
(      22,      34 ]     2999   0.005% 100.477% 
(      34,      51 ]      814   0.001% 100.478% 
(      51,      76 ]     2070   0.003% 100.482% 
(      76,     110 ]     2246   0.004% 100.486% 
(     110,     170 ]     1703   0.003% 100.489% 
(     170,     250 ]     1461   0.002% 100.491% 
(     250,     380 ]     1682   0.003% 100.494% 
(     380,     580 ]     1580   0.003% 100.497% 
(     580,     870 ]     1307   0.002% 100.499% 
(     870,    1300 ]      891   0.002% 100.500% 
(    1300,    1900 ]      883   0.001% 100.502% 
(    1900,    2900 ]      732   0.001% 100.503% 
(    2900,    4400 ]      448   0.001% 100.504% 
(    4400,    6600 ]      230   0.000% 100.504% 
(    6600,    9900 ]       48   0.000% 100.504% 
(    9900,   14000 ]       14   0.000% 100.504% 
(   14000,   22000 ]       11   0.000% 100.504% 
(   22000,   33000 ]       13   0.000% 100.504% 
(   33000,   50000 ]       11   0.000% 100.504% 
(   50000,   75000 ]       13   0.000% 100.504% 
(   75000,  110000 ]       21   0.000% 100.504% 
(  110000,  170000 ]       21   0.000% 100.504% 
(  170000,  250000 ]        2   0.000% 100.504% 

** Level 2 read latency histogram (micros):
Count: 46052854 Average: 114.6765  StdDev: 4538.21
Min: 0  Median: 1.4249  Max: 3571420
Percentiles: P50: 1.42 P75: 2.07 P99: 863.55 P99.9: 1786.50 P99.99: 1930.31
------------------------------------------------------
[       0,       1 ] 14911128  32.378%  32.378% ######
(       1,       2 ] 19099948  41.474%  73.852% ########
(       2,       3 ]  7198775  15.632%  89.484% ###
(       3,       4 ]  1861291   4.042%  93.525% #
(       4,       6 ]   573400   1.245%  94.771% 
(       6,      10 ]    90364   0.196%  94.967% 
(      10,      15 ]    56151   0.122%  95.089% 
(      15,      22 ]    35253   0.077%  95.165% 
(      22,      34 ]    12740   0.028%  95.193% 
(      34,      51 ]    30306   0.066%  95.259% 
(      51,      76 ]    87056   0.189%  95.448% 
(      76,     110 ]    54180   0.118%  95.565% 
(     110,     170 ]   209599   0.455%  96.021% 
(     170,     250 ]   268825   0.584%  96.604% 
(     250,     380 ]   364703   0.792%  97.396% 
(     380,     580 ]   392723   0.853%  98.249% 
(     580,     870 ]   353751   0.768%  99.017% 
(     870,    1300 ]   248609   0.540%  99.557% 
(    1300,    1900 ]   194860   0.423%  99.980% 
(    1900,    2900 ]   151323   0.329% 100.309% 
(    2900,    4400 ]    80557   0.175% 100.484% 
(    4400,    6600 ]    43514   0.094% 100.578% 
(    6600,    9900 ]    13381   0.029% 100.607% 
(    9900,   14000 ]     4856   0.011% 100.618% 
(   14000,   22000 ]     5233   0.011% 100.629% 
(   22000,   33000 ]     4895   0.011% 100.640% 
(   33000,   50000 ]     5231   0.011% 100.651% 
(   50000,   75000 ]     5450   0.012% 100.663% 
(   75000,  110000 ]     5131   0.011% 100.674% 
(  110000,  170000 ]     4502   0.010% 100.684% 
(  170000,  250000 ]     2403   0.005% 100.689% 
(  250000,  380000 ]      843   0.002% 100.691% 
(  380000,  570000 ]      138   0.000% 100.691% 
(  570000,  860000 ]       60   0.000% 100.691% 
(  860000, 1200000 ]       58   0.000% 100.691% 
( 1200000, 1900000 ]       58   0.000% 100.691% 
( 1900000, 2900000 ]       42   0.000% 100.692% 
( 2900000, 4300000 ]       14   0.000% 100.692% 


** DB Stats **
Uptime(secs): 1926.9 total, 1.9 interval
Cumulative writes: 96M writes, 96M keys, 12M commit groups, 7.7 writes per commit group, ingest: 94.28 GB, 50.10 MB/s
Cumulative WAL: 96M writes, 0 syncs, 96823774.00 writes per sync, written: 94.28 GB, 50.10 MB/s
Cumulative stall: 00:26:34.275 H:M:S, 82.7 percent
Interval writes: 1739 writes, 1739 keys, 218 commit groups, 8.0 writes per commit group, ingest: 1.73 MB, 0.92 MB/s
Interval WAL: 1745 writes, 0 syncs, 1745.00 writes per sync, written: 0.00 GB, 0.92 MB/s
Interval stall: 00:00:0.000 H:M:S, 0.0 percent
Write Stall (count): write-buffer-manager-limit-stops: 0
num-running-compactions: 1
num-running-flushes: 0

2026/08/31-10:45:57  ... thread 5: (131000,6050000) ops and (4305.1,3139.8) ops/second in (30.428962,1926.868870) seconds
2026/08/31-10:45:57  ... thread 1: (131000,6053000) ops and (4304.4,3141.4) ops/second in (30.433741,1926.874507) seconds
2026/08/31-10:45:57  ... thread 2: (132000,6053000) ops and (4332.8,3141.3) ops/second in (30.465017,1926.882791) seconds
2026/08/31-10:45:57  ... thread 9: (132000,6053000) ops and (4334.5,3141.3) ops/second in (30.453093,1926.885076) seconds
2026/08/31-10:45:57  ... thread 3: (132000,6049000) ops and (4332.1,3139.3) ops/second in (30.470190,1926.886420) seconds
2026/08/31-10:45:57  ... thread 13: (132000,6051000) ops and (4334.8,3140.3) ops/second in (30.450900,1926.887338) seconds
2026/08/31-10:45:57  ... thread 12: (132000,6057000) ops and (4332.6,3143.4) ops/second in (30.466702,1926.888012) seconds
2026/08/31-10:45:57  ... thread 10: (132000,6055000) ops and (4333.6,3142.4) ops/second in (30.459635,1926.891576) seconds
2026/08/31-10:45:57  ... thread 11: (132000,6053000) ops and (4332.0,3141.3) ops/second in (30.470679,1926.893005) seconds
2026/08/31-10:45:57  ... thread 15: (132000,6050000) ops and (4334.0,3139.8) ops/second in (30.457069,1926.894497) seconds
2026/08/31-10:45:57  ... thread 14: (132000,6051000) ops and (4334.6,3140.3) ops/second in (30.452789,1926.894146) seconds
2026/08/31-10:46:00  ... thread 8: (112000,6056000) ops and (3706.4,3138.2) ops/second in (30.217802,1929.797059) seconds
2026/08/31-10:46:00  ... thread 6: (127000,6054000) ops and (3963.9,3137.1) ops/second in (32.039458,1929.797470) seconds
2026/08/31-10:46:25  ... thread 7: (50000,6098000) ops and (1526.6,3118.4) ops/second in (32.752378,1955.513682) seconds
2026/08/31-10:46:28  ... thread 4: (57000,6110000) ops and (1822.4,3120.3) ops/second in (31.276842,1958.138292) seconds
2026/08/31-10:46:28  ... thread 5: (57000,6107000) ops and (1808.1,3118.4) ops/second in (31.524613,1958.393483) seconds
2026/08/31-10:46:28  ... thread 0: (57000,6107000) ops and (1807.8,3118.4) ops/second in (31.530656,1958.394742) seconds

** Compaction Stats [default] **
Level    Files   Size     Score Read(GB)  Rn(GB) Rnp1(GB) Write(GB) WPreComp(GB) Wnew(GB) Moved(GB) W-Amp Rd(MB/s) Wr(MB/s) Comp(sec) CompMergeCPU(sec) Comp(cnt) Avg(sec) KeyIn KeyDrop Rblob(GB) Wblob(GB)
-------------------------------------------------------------------------------------------------------------------------------------------------------------------------------------------------------------
  L0     21/15     1.28 GB   0.8     79.5     0.0     79.5     175.4     175.4     95.9       0.0   1.8     23.1     50.9   3530.66            390.15      1778    1.986    178M   171K       0.0       0.0
  L1    116/17     7.05 GB   1.5    253.4    94.6    158.9     248.5     248.5     89.6       0.0   2.6    345.3    338.5    751.70            801.00        45   16.704    257M  5042K       0.0       0.0
  L2    736/62    41.20 GB   0.9    268.8    71.0    197.8     248.7     248.7     50.8      11.7   3.5     18.3     16.9  15059.77           1319.17      1145   13.153    273M    20M       0.0       0.0
  L3    380/0     21.26 GB   0.1      0.0     0.0      0.0       0.0       0.0      0.0      21.3   0.0      0.0      0.0      0.00              0.00         0    0.000       0      0       0.0       0.0
 Sum   1253/94    70.79 GB   0.0    601.7   165.6    436.2     672.5     672.5    236.3      33.0   7.0     31.9     35.6  19342.13           2510.32      2968    6.517    710M    25M       0.0       0.0
 Int      0/0      0.00 KB   0.0     13.5     6.2      7.3      13.9      13.9      6.5       0.4  15.2     47.2     48.3    293.65             50.33        38    7.728     14M   585K       0.0       0.0

** Compaction Stats [default] **
Priority    Files   Size     Score Read(GB)  Rn(GB) Rnp1(GB) Write(GB) WPreComp(GB) Wnew(GB) Moved(GB) W-Amp Rd(MB/s) Wr(MB/s) Comp(sec) CompMergeCPU(sec) Comp(cnt) Avg(sec) KeyIn KeyDrop Rblob(GB) Wblob(GB)
----------------------------------------------------------------------------------------------------------------------------------------------------------------------------------------------------------------
 Low      0/0      0.00 KB   0.0    601.7   165.6    436.2     576.4     576.4    140.3       0.0   0.0     36.7     35.2  16787.74           2336.12      1382   12.147    612M    25M       0.0       0.0
High      0/0      0.00 KB   0.0      0.0     0.0      0.0      96.0      96.0     96.0       0.0   0.0      0.0     38.5   2554.39            174.20      1586    1.611     97M      0       0.0       0.0

Blob file count: 0, total size: 0.0 GB, garbage size: 0.0 GB, space amp: 0.0

Uptime(secs): 1958.5 total, 33.5 interval
Flush(GB): cumulative 96.045, interval 0.910
AddFile(GB): cumulative 0.000, interval 0.000
AddFile(Total Files): cumulative 0, interval 0
AddFile(L0 Files): cumulative 0, interval 0
AddFile(Keys): cumulative 0, interval 0
Cumulative compaction: 672.48 GB write, 351.61 MB/s write, 601.75 GB read, 314.63 MB/s read, 19342.1 seconds
Interval compaction: 13.86 GB write, 423.72 MB/s write, 13.52 GB read, 413.54 MB/s read, 293.6 seconds
Estimated pending compaction bytes: 45301903440
Write Stall (count): cf-l0-file-count-limit-delays-with-ongoing-compaction: 179, cf-l0-file-count-limit-stops-with-ongoing-compaction: 0, l0-file-count-limit-delays: 179, l0-file-count-limit-stops: 0, memtable-limit-delays: 0, memtable-limit-stops: 1294, pending-compaction-bytes-delays: 0, pending-compaction-bytes-stops: 0, total-delays: 179, total-stops: 1294
interval: 21 total count
Block cache AutoHyperClockCache@0x6499b23c82d0#2259139 capacity: 512.00 MB seed: 1 usage: 16.86 MB table_size: 7472 occupancy: 4004 collections: 11 last_copies: 2 last_secs: 0.000503 secs_since: 153
Block cache entry stats(count,size,portion): Misc(4004,16.40 MB,3.20298%)

** File Read Latency Histogram By Level [default] **
** Level 0 read latency histogram (micros):
Count: 44189298 Average: 3.3074  StdDev: 1520.89
Min: 0  Median: 0.9369  Max: 4398822
Percentiles: P50: 0.94 P75: 1.55 P99: 3.03 P99.9: 4.68 P99.99: 5.30
------------------------------------------------------
[       0,       1 ] 23583335  53.369%  53.369% ###########
(       1,       2 ] 17341524  39.244%  92.613% ########
(       2,       3 ]  2810076   6.359%  98.972% #
(       3,       4 ]   366120   0.829%  99.800% 
(       4,       6 ]   128872   0.292% 100.092% 
(       6,      10 ]    56593   0.128% 100.220% 
(      10,      15 ]    21129   0.048% 100.268% 
(      15,      22 ]    12263   0.028% 100.296% 
(      22,      34 ]      894   0.002% 100.298% 
(      34,      51 ]      131   0.000% 100.298% 
(      51,      76 ]      584   0.001% 100.299% 
(      76,     110 ]     1114   0.003% 100.302% 
(     110,     170 ]       54   0.000% 100.302% 
(     170,     250 ]       36   0.000% 100.302% 
(     250,     380 ]       73   0.000% 100.302% 
(     380,     580 ]       52   0.000% 100.302% 
(     580,     870 ]       36   0.000% 100.302% 
(     870,    1300 ]       19   0.000% 100.302% 
(    1300,    1900 ]       26   0.000% 100.302% 
(    1900,    2900 ]       43   0.000% 100.303% 
(    2900,    4400 ]       23   0.000% 100.303% 
(    4400,    6600 ]       19   0.000% 100.303% 
(    6600,    9900 ]        9   0.000% 100.303% 
(    9900,   14000 ]       12   0.000% 100.303% 
(   14000,   22000 ]       27   0.000% 100.303% 
(   22000,   33000 ]       40   0.000% 100.303% 
(   33000,   50000 ]       62   0.000% 100.303% 
(   50000,   75000 ]       81   0.000% 100.303% 
(   75000,  110000 ]      107   0.000% 100.303% 
(  110000,  170000 ]       71   0.000% 100.304% 
(  170000,  250000 ]       17   0.000% 100.304% 
(  250000,  380000 ]        4   0.000% 100.304% 
(  380000,  570000 ]        2   0.000% 100.304% 
(  570000,  860000 ]        3   0.000% 100.304% 
(  860000, 1200000 ]        8   0.000% 100.304% 
( 1200000, 1900000 ]        1   0.000% 100.304% 
( 1900000, 2900000 ]        8   0.000% 100.304% 
( 2900000, 4300000 ]        2   0.000% 100.304% 
( 4300000, 6500000 ]        1   0.000% 100.304% 

** Level 1 read latency histogram (micros):
Count: 60385301 Average: 1.9528  StdDev: 115.85
Min: 0  Median: 0.9663  Max: 209841
Percentiles: P50: 0.97 P75: 1.63 P99: 3.82 P99.9: 5.47 P99.99: 5.70
------------------------------------------------------
[       0,       1 ] 31245030  51.743%  51.743% ##########
(       1,       2 ] 22141142  36.666%  88.409% #######
(       2,       3 ]  5498541   9.106%  97.515% ##
(       3,       4 ]  1092742   1.810%  99.325% 
(       4,       6 ]   472513   0.782% 100.107% 
(       6,      10 ]   151485   0.251% 100.358% 
(      10,      15 ]    38690   0.064% 100.422% 
(      15,      22 ]    28036   0.046% 100.468% 
(      22,      34 ]     3077   0.005% 100.474% 
(      34,      51 ]      824   0.001% 100.475% 
(      51,      76 ]     2101   0.003% 100.478% 
(      76,     110 ]     2331   0.004% 100.482% 
(     110,     170 ]     1719   0.003% 100.485% 
(     170,     250 ]     1464   0.002% 100.488% 
(     250,     380 ]     1682   0.003% 100.490% 
(     380,     580 ]     1580   0.003% 100.493% 
(     580,     870 ]     1307   0.002% 100.495% 
(     870,    1300 ]      891   0.001% 100.497% 
(    1300,    1900 ]      883   0.001% 100.498% 
(    1900,    2900 ]      732   0.001% 100.499% 
(    2900,    4400 ]      448   0.001% 100.500% 
(    4400,    6600 ]      230   0.000% 100.500% 
(    6600,    9900 ]       48   0.000% 100.500% 
(    9900,   14000 ]       14   0.000% 100.500% 
(   14000,   22000 ]       11   0.000% 100.500% 
(   22000,   33000 ]       13   0.000% 100.501% 
(   33000,   50000 ]       11   0.000% 100.501% 
(   50000,   75000 ]       13   0.000% 100.501% 
(   75000,  110000 ]       21   0.000% 100.501% 
(  110000,  170000 ]       21   0.000% 100.501% 
(  170000,  250000 ]        2   0.000% 100.501% 

** Level 2 read latency histogram (micros):
Count: 47166079 Average: 113.8715  StdDev: 4503.73
Min: 0  Median: 1.4238  Max: 3571420
Percentiles: P50: 1.42 P75: 2.07 P99: 859.48 P99.9: 1779.54 P99.99: 1916.83
------------------------------------------------------
[       0,       1 ] 15281758  32.400%  32.400% ######
(       1,       2 ] 19588296  41.530%  73.930% ########
(       2,       3 ]  7371798  15.629%  89.560% ###
(       3,       4 ]  1891823   4.011%  93.571% #
(       4,       6 ]   583015   1.236%  94.807% 
(       6,      10 ]    92370   0.196%  95.003% 
(      10,      15 ]    57338   0.122%  95.124% 
(      15,      22 ]    35974   0.076%  95.201% 
(      22,      34 ]    13091   0.028%  95.228% 
(      34,      51 ]    30727   0.065%  95.293% 
(      51,      76 ]    88596   0.188%  95.481% 
(      76,     110 ]    55249   0.117%  95.598% 
(     110,     170 ]   212604   0.451%  96.049% 
(     170,     250 ]   272911   0.579%  96.628% 
(     250,     380 ]   371287   0.787%  97.415% 
(     380,     580 ]   400504   0.849%  98.264% 
(     580,     870 ]   360149   0.764%  99.028% 
(     870,    1300 ]   252759   0.536%  99.564% 
(    1300,    1900 ]   198524   0.421%  99.985% 
(    1900,    2900 ]   154064   0.327% 100.311% 
(    2900,    4400 ]    82039   0.174% 100.485% 
(    4400,    6600 ]    44300   0.094% 100.579% 
(    6600,    9900 ]    13668   0.029% 100.608% 
(    9900,   14000 ]     4954   0.011% 100.618% 
(   14000,   22000 ]     5337   0.011% 100.630% 
(   22000,   33000 ]     4991   0.011% 100.640% 
(   33000,   50000 ]     5336   0.011% 100.652% 
(   50000,   75000 ]     5550   0.012% 100.663% 
(   75000,  110000 ]     5197   0.011% 100.674% 
(  110000,  170000 ]     4567   0.010% 100.684% 
(  170000,  250000 ]     2453   0.005% 100.689% 
(  250000,  380000 ]      855   0.002% 100.691% 
(  380000,  570000 ]      140   0.000% 100.691% 
(  570000,  860000 ]       62   0.000% 100.692% 
(  860000, 1200000 ]       59   0.000% 100.692% 
( 1200000, 1900000 ]       58   0.000% 100.692% 
( 1900000, 2900000 ]       42   0.000% 100.692% 
( 2900000, 4300000 ]       14   0.000% 100.692% 


** DB Stats **
Uptime(secs): 1958.5 total, 31.6 interval
Cumulative writes: 97M writes, 97M keys, 12M commit groups, 7.7 writes per commit group, ingest: 95.17 GB, 49.76 MB/s
Cumulative WAL: 97M writes, 0 syncs, 97737250.00 writes per sync, written: 95.17 GB, 49.76 MB/s
Cumulative stall: 00:26:55.880 H:M:S, 82.5 percent
Interval writes: 913K writes, 913K keys, 119K commit groups, 7.7 writes per commit group, ingest: 910.85 MB, 28.83 MB/s
Interval WAL: 913K writes, 0 syncs, 913476.00 writes per sync, written: 0.89 GB, 28.83 MB/s
Interval stall: 00:00:21.605 H:M:S, 68.4 percent
Write Stall (count): write-buffer-manager-limit-stops: 0
num-running-compactions: 18
num-running-flushes: 0

2026/08/31-10:46:29  ... thread 2: (57000,6110000) ops and (1785.4,3119.2) ops/second in (31.926175,1958.808966) seconds
2026/08/31-10:46:29  ... thread 1: (57000,6110000) ops and (1759.4,3118.5) ops/second in (32.396664,1959.271171) seconds
2026/08/31-10:46:29  ... thread 10: (57000,6112000) ops and (1753.0,3119.3) ops/second in (32.516029,1959.407605) seconds
2026/08/31-10:46:29  ... thread 13: (57000,6108000) ops and (1748.4,3117.1) ops/second in (32.600708,1959.488046) seconds
2026/08/31-10:46:29  ... thread 9: (57000,6110000) ops and (1747.7,3118.1) ops/second in (32.614415,1959.499491) seconds
2026/08/31-10:46:30  ... thread 3: (57000,6106000) ops and (1734.4,3115.7) ops/second in (32.864279,1959.750699) seconds
2026/08/31-10:46:30  ... thread 11: (57000,6110000) ops and (1733.5,3117.7) ops/second in (32.882099,1959.775104) seconds
2026/08/31-10:46:30  ... thread 12: (57000,6114000) ops and (1724.8,3119.5) ops/second in (33.047485,1959.935497) seconds
2026/08/31-10:46:30  ... thread 14: (57000,6108000) ops and (1725.0,3116.4) ops/second in (33.043037,1959.937183) seconds
2026/08/31-10:46:30  ... thread 15: (57000,6107000) ops and (1724.7,3115.9) ops/second in (33.049907,1959.944404) seconds
2026/08/31-10:46:30  ... thread 8: (55000,6111000) ops and (1802.1,3117.4) ops/second in (30.520338,1960.317397) seconds
2026/08/31-10:46:31  ... thread 6: (55000,6109000) ops and (1781.2,3115.8) ops/second in (30.877913,1960.675383) seconds
2026/08/31-10:46:56  ... thread 7: (73000,6171000) ops and (2367.5,3106.7) ops/second in (30.834621,1986.348303) seconds
2026/08/31-10:46:59  ... thread 5: (77000,6184000) ops and (2529.6,3109.4) ops/second in (30.439216,1988.832699) seconds
2026/08/31-10:46:59  ... thread 2: (77000,6187000) ops and (2564.3,3110.9) ops/second in (30.027170,1988.836136) seconds
2026/08/31-10:46:59  ... thread 0: (78000,6185000) ops and (2560.4,3109.8) ops/second in (30.463468,1988.858210) seconds
2026/08/31-10:46:59  ... thread 4: (78000,6188000) ops and (2539.0,3111.3) ops/second in (30.720184,1988.858476) seconds

** Compaction Stats [default] **
Level    Files   Size     Score Read(GB)  Rn(GB) Rnp1(GB) Write(GB) WPreComp(GB) Wnew(GB) Moved(GB) W-Amp Rd(MB/s) Wr(MB/s) Comp(sec) CompMergeCPU(sec) Comp(cnt) Avg(sec) KeyIn KeyDrop Rblob(GB) Wblob(GB)
-------------------------------------------------------------------------------------------------------------------------------------------------------------------------------------------------------------
  L0     17/9      2.42 GB   1.0     81.5     0.0     81.5     178.6     178.6     97.0       0.0   1.8     23.2     50.8   3600.23            398.37      1800    2.000    181M   178K       0.0       0.0
  L1     92/17     5.53 GB   1.1    253.4    94.6    158.9     248.5     248.5     89.6       0.0   2.6    345.3    338.5    751.70            801.00        45   16.704    257M  5042K       0.0       0.0
  L2    750/81    42.14 GB   0.9    274.7    72.3    202.3     254.0     254.0     51.7      11.7   3.5     18.3     16.9  15407.74           1349.74      1166   13.214    279M    21M       0.0       0.0
  L3    380/0     21.26 GB   0.1      0.0     0.0      0.0       0.0       0.0      0.0      21.3   0.0      0.0      0.0      0.00              0.00         0    0.000       0      0       0.0       0.0
 Sum   1239/107   71.35 GB   0.0    609.7   166.9    442.7     681.0     681.0    238.3      33.0   7.0     31.6     35.3  19759.67           2549.11      3011    6.562    719M    26M       0.0       0.0
 Int      0/0      0.00 KB   0.0      1.1     0.1      1.0       1.2       1.2      0.2       0.0   6.8     17.4     19.2     66.35              5.84         6   11.058   1333K    67K       0.0       0.0

** Compaction Stats [default] **
Priority    Files   Size     Score Read(GB)  Rn(GB) Rnp1(GB) Write(GB) WPreComp(GB) Wnew(GB) Moved(GB) W-Amp Rd(MB/s) Wr(MB/s) Comp(sec) CompMergeCPU(sec) Comp(cnt) Avg(sec) KeyIn KeyDrop Rblob(GB) Wblob(GB)
----------------------------------------------------------------------------------------------------------------------------------------------------------------------------------------------------------------
 Low      0/0      0.00 KB   0.0    609.7   166.9    442.7     583.8     583.8    141.1       0.0   0.0     36.4     34.8  17174.65           2372.66      1406   12.215    620M    26M       0.0       0.0
High      0/0      0.00 KB   0.0      0.0     0.0      0.0      97.2      97.2     97.2       0.0   0.0      0.0     38.5   2585.02            176.45      1605    1.611     98M      0       0.0       0.0

Blob file count: 0, total size: 0.0 GB, garbage size: 0.0 GB, space amp: 0.0

Uptime(secs): 1988.9 total, 3.7 interval
Flush(GB): cumulative 97.194, interval 0.182
AddFile(GB): cumulative 0.000, interval 0.000
AddFile(Total Files): cumulative 0, interval 0
AddFile(L0 Files): cumulative 0, interval 0
AddFile(Keys): cumulative 0, interval 0
Cumulative compaction: 681.02 GB write, 350.64 MB/s write, 609.68 GB read, 313.90 MB/s read, 19759.7 seconds
Interval compaction: 1.24 GB write, 343.38 MB/s write, 1.13 GB read, 311.58 MB/s read, 66.3 seconds
Estimated pending compaction bytes: 44797845296
Write Stall (count): cf-l0-file-count-limit-delays-with-ongoing-compaction: 187, cf-l0-file-count-limit-stops-with-ongoing-compaction: 0, l0-file-count-limit-delays: 187, l0-file-count-limit-stops: 0, memtable-limit-delays: 0, memtable-limit-stops: 1313, pending-compaction-bytes-delays: 0, pending-compaction-bytes-stops: 0, total-delays: 187, total-stops: 1313
interval: 4 total count
Block cache AutoHyperClockCache@0x6499b23c82d0#2259139 capacity: 512.00 MB seed: 1 usage: 17.73 MB table_size: 7717 occupancy: 4213 collections: 12 last_copies: 0 last_secs: 0.00061 secs_since: 3
Block cache entry stats(count,size,portion): Misc(4213,17.26 MB,3.37015%)

** File Read Latency Histogram By Level [default] **
** Level 0 read latency histogram (micros):
Count: 44482383 Average: 3.3073  StdDev: 1516.19
Min: 0  Median: 0.9364  Max: 4398822
Percentiles: P50: 0.94 P75: 1.55 P99: 3.04 P99.9: 4.70 P99.99: 5.32
------------------------------------------------------
[       0,       1 ] 23752795  53.398%  53.398% ###########
(       1,       2 ] 17450207  39.229%  92.628% ########
(       2,       3 ]  2821475   6.343%  98.971% #
(       3,       4 ]   368263   0.828%  99.798% 
(       4,       6 ]   129572   0.291% 100.090% 
(       6,      10 ]    56982   0.128% 100.218% 
(      10,      15 ]    21299   0.048% 100.266% 
(      15,      22 ]    12367   0.028% 100.294% 
(      22,      34 ]      897   0.002% 100.296% 
(      34,      51 ]      131   0.000% 100.296% 
(      51,      76 ]      592   0.001% 100.297% 
(      76,     110 ]     1127   0.003% 100.300% 
(     110,     170 ]       55   0.000% 100.300% 
(     170,     250 ]       36   0.000% 100.300% 
(     250,     380 ]       74   0.000% 100.300% 
(     380,     580 ]       52   0.000% 100.300% 
(     580,     870 ]       36   0.000% 100.300% 
(     870,    1300 ]       20   0.000% 100.300% 
(    1300,    1900 ]       26   0.000% 100.300% 
(    1900,    2900 ]       43   0.000% 100.300% 
(    2900,    4400 ]       24   0.000% 100.301% 
(    4400,    6600 ]       20   0.000% 100.301% 
(    6600,    9900 ]        9   0.000% 100.301% 
(    9900,   14000 ]       13   0.000% 100.301% 
(   14000,   22000 ]       27   0.000% 100.301% 
(   22000,   33000 ]       40   0.000% 100.301% 
(   33000,   50000 ]       64   0.000% 100.301% 
(   50000,   75000 ]       83   0.000% 100.301% 
(   75000,  110000 ]      109   0.000% 100.301% 
(  110000,  170000 ]       72   0.000% 100.302% 
(  170000,  250000 ]       17   0.000% 100.302% 
(  250000,  380000 ]        4   0.000% 100.302% 
(  380000,  570000 ]        2   0.000% 100.302% 
(  570000,  860000 ]        3   0.000% 100.302% 
(  860000, 1200000 ]        8   0.000% 100.302% 
( 1200000, 1900000 ]        1   0.000% 100.302% 
( 1900000, 2900000 ]        8   0.000% 100.302% 
( 2900000, 4300000 ]        2   0.000% 100.302% 
( 4300000, 6500000 ]        1   0.000% 100.302% 

** Level 1 read latency histogram (micros):
Count: 60815172 Average: 1.9563  StdDev: 115.44
Min: 0  Median: 0.9702  Max: 209841
Percentiles: P50: 0.97 P75: 1.64 P99: 3.84 P99.9: 5.50 P99.99: 5.73
------------------------------------------------------
[       0,       1 ] 31340143  51.533%  51.533% ##########
(       1,       2 ] 22295114  36.660%  88.194% #######
(       2,       3 ]  5622076   9.245%  97.438% ##
(       3,       4 ]  1128681   1.856%  99.294% 
(       4,       6 ]   489662   0.805% 100.099% 
(       6,      10 ]   154737   0.254% 100.354% 
(      10,      15 ]    39526   0.065% 100.419% 
(      15,      22 ]    28808   0.047% 100.466% 
(      22,      34 ]     3143   0.005% 100.471% 
(      34,      51 ]      831   0.001% 100.473% 
(      51,      76 ]     2102   0.003% 100.476% 
(      76,     110 ]     2334   0.004% 100.480% 
(     110,     170 ]     1721   0.003% 100.483% 
(     170,     250 ]     1466   0.002% 100.485% 
(     250,     380 ]     1682   0.003% 100.488% 
(     380,     580 ]     1580   0.003% 100.491% 
(     580,     870 ]     1307   0.002% 100.493% 
(     870,    1300 ]      891   0.001% 100.494% 
(    1300,    1900 ]      883   0.001% 100.496% 
(    1900,    2900 ]      732   0.001% 100.497% 
(    2900,    4400 ]      448   0.001% 100.498% 
(    4400,    6600 ]      230   0.000% 100.498% 
(    6600,    9900 ]       48   0.000% 100.498% 
(    9900,   14000 ]       14   0.000% 100.498% 
(   14000,   22000 ]       11   0.000% 100.498% 
(   22000,   33000 ]       13   0.000% 100.498% 
(   33000,   50000 ]       11   0.000% 100.498% 
(   50000,   75000 ]       13   0.000% 100.498% 
(   75000,  110000 ]       21   0.000% 100.498% 
(  110000,  170000 ]       21   0.000% 100.498% 
(  170000,  250000 ]        2   0.000% 100.498% 

** Level 2 read latency histogram (micros):
Count: 48549216 Average: 114.9376  StdDev: 4529.82
Min: 0  Median: 1.4301  Max: 3571420
Percentiles: P50: 1.43 P75: 2.08 P99: 863.56 P99.9: 1784.22 P99.99: 1924.73
------------------------------------------------------
[       0,       1 ] 15601979  32.136%  32.136% ######
(       1,       2 ] 20164669  41.534%  73.671% ########
(       2,       3 ]  7655867  15.769%  89.440% ###
(       3,       4 ]  1978328   4.075%  93.515% #
(       4,       6 ]   609185   1.255%  94.770% 
(       6,      10 ]    95540   0.197%  94.967% 
(      10,      15 ]    59529   0.123%  95.089% 
(      15,      22 ]    37388   0.077%  95.166% 
(      22,      34 ]    13480   0.028%  95.194% 
(      34,      51 ]    31371   0.065%  95.259% 
(      51,      76 ]    91144   0.188%  95.446% 
(      76,     110 ]    57035   0.117%  95.564% 
(     110,     170 ]   219285   0.452%  96.016% 
(     170,     250 ]   281542   0.580%  96.595% 
(     250,     380 ]   385037   0.793%  97.389% 
(     380,     580 ]   416104   0.857%  98.246% 
(     580,     870 ]   374567   0.772%  99.017% 
(     870,    1300 ]   262405   0.540%  99.558% 
(    1300,    1900 ]   205956   0.424%  99.982% 
(    1900,    2900 ]   159837   0.329% 100.311% 
(    2900,    4400 ]    85032   0.175% 100.486% 
(    4400,    6600 ]    45682   0.094% 100.580% 
(    6600,    9900 ]    14058   0.029% 100.609% 
(    9900,   14000 ]     5121   0.011% 100.620% 
(   14000,   22000 ]     5538   0.011% 100.631% 
(   22000,   33000 ]     5167   0.011% 100.642% 
(   33000,   50000 ]     5540   0.011% 100.653% 
(   50000,   75000 ]     5761   0.012% 100.665% 
(   75000,  110000 ]     5367   0.011% 100.676% 
(  110000,  170000 ]     4751   0.010% 100.686% 
(  170000,  250000 ]     2542   0.005% 100.691% 
(  250000,  380000 ]      892   0.002% 100.693% 
(  380000,  570000 ]      156   0.000% 100.693% 
(  570000,  860000 ]       77   0.000% 100.694% 
(  860000, 1200000 ]       63   0.000% 100.694% 
( 1200000, 1900000 ]       58   0.000% 100.694% 
( 1900000, 2900000 ]       42   0.000% 100.694% 
( 2900000, 4300000 ]       15   0.000% 100.694% 


** DB Stats **
Uptime(secs): 1988.9 total, 3.7 interval
Cumulative writes: 98M writes, 98M keys, 12M commit groups, 7.7 writes per commit group, ingest: 96.38 GB, 49.62 MB/s
Cumulative WAL: 98M writes, 0 syncs, 98981174.00 writes per sync, written: 96.38 GB, 49.62 MB/s
Cumulative stall: 00:27:17.780 H:M:S, 82.3 percent
Interval writes: 199K writes, 199K keys, 25K commit groups, 7.7 writes per commit group, ingest: 199.33 MB, 53.73 MB/s
Interval WAL: 199K writes, 0 syncs, 199899.00 writes per sync, written: 0.19 GB, 53.72 MB/s
Interval stall: 00:00:7.496 H:M:S, 202.0 percent
Write Stall (count): write-buffer-manager-limit-stops: 0
num-running-compactions: 18
num-running-flushes: 1

2026/08/31-10:46:59  ... thread 1: (82000,6192000) ops and (2733.0,3112.7) ops/second in (30.003980,1989.275151) seconds
2026/08/31-10:47:00  ... thread 13: (84000,6192000) ops and (2772.2,3111.9) ops/second in (30.301188,1989.789234) seconds
2026/08/31-10:47:00  ... thread 3: (84000,6190000) ops and (2796.0,3110.9) ops/second in (30.042579,1989.793278) seconds
2026/08/31-10:47:00  ... thread 10: (85000,6197000) ops and (2795.9,3114.4) ops/second in (30.401857,1989.809462) seconds
2026/08/31-10:47:00  ... thread 11: (85000,6195000) ops and (2829.8,3113.4) ops/second in (30.037666,1989.812770) seconds
2026/08/31-10:47:00  ... thread 9: (85000,6195000) ops and (2803.8,3113.4) ops/second in (30.315571,1989.815062) seconds
2026/08/31-10:47:00  ... thread 12: (88000,6202000) ops and (2912.7,3116.4) ops/second in (30.212468,1990.147965) seconds
2026/08/31-10:47:00  ... thread 15: (88000,6195000) ops and (2913.2,3112.8) ops/second in (30.206873,1990.151277) seconds
2026/08/31-10:47:00  ... thread 14: (88000,6196000) ops and (2912.3,3113.3) ops/second in (30.216859,1990.154042) seconds
2026/08/31-10:47:01  ... thread 6: (91000,6200000) ops and (3004.4,3114.1) ops/second in (30.289197,1990.964580) seconds
2026/08/31-10:47:01  ... thread 8: (92000,6203000) ops and (3000.2,3115.5) ops/second in (30.664936,1990.982333) seconds
2026/08/31-10:47:26  ... thread 7: (140000,6311000) ops and (4665.4,3129.9) ops/second in (30.007951,2016.356254) seconds
2026/08/31-10:47:30  ... thread 2: (142000,6329000) ops and (4564.1,3133.2) ops/second in (31.112142,2019.948278) seconds
2026/08/31-10:47:30  ... thread 1: (137000,6329000) ops and (4466.0,3133.2) ops/second in (30.676535,2019.951686) seconds
2026/08/31-10:47:30  ... thread 10: (134000,6331000) ops and (4445.3,3134.2) ops/second in (30.144282,2019.953744) seconds
2026/08/31-10:47:30  ... thread 5: (142000,6326000) ops and (4561.9,3131.7) ops/second in (31.127163,2019.959862) seconds
2026/08/31-10:47:30  ... thread 11: (133000,6328000) ops and (4411.5,3132.7) ops/second in (30.148560,2019.961330) seconds
2026/08/31-10:47:30  ... thread 4: (142000,6330000) ops and (4565.0,3133.7) ops/second in (31.105924,2019.964400) seconds
2026/08/31-10:47:30  ... thread 9: (134000,6329000) ops and (4443.4,3133.2) ops/second in (30.157008,2019.972070) seconds
2026/08/31-10:47:30  ... thread 3: (135000,6325000) ops and (4473.2,3131.2) ops/second in (30.179910,2019.973188) seconds
2026/08/31-10:47:30  ... thread 13: (135000,6327000) ops and (4472.4,3132.2) ops/second in (30.185280,2019.974514) seconds
2026/08/31-10:47:30  ... thread 0: (142000,6327000) ops and (4563.1,3132.2) ops/second in (31.119327,2019.977537) seconds

** Compaction Stats [default] **
Level    Files   Size     Score Read(GB)  Rn(GB) Rnp1(GB) Write(GB) WPreComp(GB) Wnew(GB) Moved(GB) W-Amp Rd(MB/s) Wr(MB/s) Comp(sec) CompMergeCPU(sec) Comp(cnt) Avg(sec) KeyIn KeyDrop Rblob(GB) Wblob(GB)
-------------------------------------------------------------------------------------------------------------------------------------------------------------------------------------------------------------
  L0     17/13     4.71 GB   0.5     83.8     0.0     83.8     183.1     183.1     99.3       0.0   1.8     23.4     51.0   3676.80            409.19      1846    1.992    186M   181K       0.0       0.0
  L1     67/67     3.99 GB   0.0    253.4    94.6    158.9     248.5     248.5     89.6       0.0   2.6    345.3    338.5    751.70            801.00        45   16.704    257M  5042K       0.0       0.0
  L2    703/0     39.79 GB   1.0    282.6    73.9    208.7     261.1     261.1     52.4      11.7   3.5     18.2     16.8  15934.72           1398.42      1190   13.391    287M    21M       0.0       0.0
  L3    436/0     24.38 GB   0.1      0.0     0.0      0.0       0.0       0.0      0.0      24.4   0.0      0.0      0.0      0.00              0.00         0    0.000       0      0       0.0       0.0
 Sum   1223/80    72.86 GB   0.0    619.9   168.5    451.4     692.7     692.7    241.3      36.1   7.0     31.2     34.8  20363.23           2608.61      3081    6.609    732M    27M       0.0       0.0
 Int      0/0      0.00 KB   0.0     11.3     1.7      9.7      13.0      13.0      3.3       3.1   5.2     17.3     19.8    669.90             65.35        76    8.814     14M   856K       0.0       0.0

** Compaction Stats [default] **
Priority    Files   Size     Score Read(GB)  Rn(GB) Rnp1(GB) Write(GB) WPreComp(GB) Wnew(GB) Moved(GB) W-Amp Rd(MB/s) Wr(MB/s) Comp(sec) CompMergeCPU(sec) Comp(cnt) Avg(sec) KeyIn KeyDrop Rblob(GB) Wblob(GB)
----------------------------------------------------------------------------------------------------------------------------------------------------------------------------------------------------------------
 Low      0/0      0.00 KB   0.0    619.9   168.5    451.4     593.2     593.2    141.8       0.0   0.0     35.8     34.3  17728.44           2427.90      1438   12.329    630M    27M       0.0       0.0
High      0/0      0.00 KB   0.0      0.0     0.0      0.0      99.5      99.5     99.5       0.0   0.0      0.0     38.7   2634.79            180.70      1643    1.604    101M      0       0.0       0.0

Blob file count: 0, total size: 0.0 GB, garbage size: 0.0 GB, space amp: 0.0

Uptime(secs): 2020.0 total, 34.8 interval
Flush(GB): cumulative 99.489, interval 2.476
AddFile(GB): cumulative 0.000, interval 0.000
AddFile(Total Files): cumulative 0, interval 0
AddFile(L0 Files): cumulative 0, interval 0
AddFile(Keys): cumulative 0, interval 0
Cumulative compaction: 692.74 GB write, 351.17 MB/s write, 619.87 GB read, 314.23 MB/s read, 20363.2 seconds
Interval compaction: 12.96 GB write, 380.92 MB/s write, 11.32 GB read, 332.87 MB/s read, 669.9 seconds
Estimated pending compaction bytes: 44921498009
Write Stall (count): cf-l0-file-count-limit-delays-with-ongoing-compaction: 187, cf-l0-file-count-limit-stops-with-ongoing-compaction: 0, l0-file-count-limit-delays: 187, l0-file-count-limit-stops: 0, memtable-limit-delays: 0, memtable-limit-stops: 1350, pending-compaction-bytes-delays: 0, pending-compaction-bytes-stops: 0, total-delays: 187, total-stops: 1350
interval: 41 total count
Block cache AutoHyperClockCache@0x6499b23c82d0#2259139 capacity: 512.00 MB seed: 1 usage: 17.73 MB table_size: 7717 occupancy: 4213 collections: 12 last_copies: 0 last_secs: 0.00061 secs_since: 34
Block cache entry stats(count,size,portion): Misc(4213,17.26 MB,3.37015%)

** File Read Latency Histogram By Level [default] **
** Level 0 read latency histogram (micros):
Count: 45376321 Average: 3.2945  StdDev: 1502.21
Min: 0  Median: 0.9367  Max: 4398822
Percentiles: P50: 0.94 P75: 1.55 P99: 3.04 P99.9: 4.70 P99.99: 5.32
------------------------------------------------------
[       0,       1 ] 24221245  53.379%  53.379% ###########
(       1,       2 ] 17806028  39.241%  92.619% ########
(       2,       3 ]  2882001   6.351%  98.971% #
(       3,       4 ]   375553   0.828%  99.798% 
(       4,       6 ]   132146   0.291% 100.090% 
(       6,      10 ]    58112   0.128% 100.218% 
(      10,      15 ]    21663   0.048% 100.265% 
(      15,      22 ]    12563   0.028% 100.293% 
(      22,      34 ]      922   0.002% 100.295% 
(      34,      51 ]      134   0.000% 100.295% 
(      51,      76 ]      604   0.001% 100.297% 
(      76,     110 ]     1154   0.003% 100.299% 
(     110,     170 ]       57   0.000% 100.299% 
(     170,     250 ]       38   0.000% 100.299% 
(     250,     380 ]       77   0.000% 100.300% 
(     380,     580 ]       55   0.000% 100.300% 
(     580,     870 ]       37   0.000% 100.300% 
(     870,    1300 ]       22   0.000% 100.300% 
(    1300,    1900 ]       26   0.000% 100.300% 
(    1900,    2900 ]       46   0.000% 100.300% 
(    2900,    4400 ]       25   0.000% 100.300% 
(    4400,    6600 ]       21   0.000% 100.300% 
(    6600,    9900 ]       10   0.000% 100.300% 
(    9900,   14000 ]       14   0.000% 100.300% 
(   14000,   22000 ]       27   0.000% 100.300% 
(   22000,   33000 ]       44   0.000% 100.300% 
(   33000,   50000 ]       64   0.000% 100.301% 
(   50000,   75000 ]       85   0.000% 100.301% 
(   75000,  110000 ]      109   0.000% 100.301% 
(  110000,  170000 ]       75   0.000% 100.301% 
(  170000,  250000 ]       17   0.000% 100.301% 
(  250000,  380000 ]        5   0.000% 100.301% 
(  380000,  570000 ]        2   0.000% 100.301% 
(  570000,  860000 ]        3   0.000% 100.301% 
(  860000, 1200000 ]        8   0.000% 100.301% 
( 1200000, 1900000 ]        1   0.000% 100.301% 
( 1900000, 2900000 ]        8   0.000% 100.301% 
( 2900000, 4300000 ]        2   0.000% 100.301% 
( 4300000, 6500000 ]        1   0.000% 100.301% 

** Level 1 read latency histogram (micros):
Count: 61302699 Average: 1.9572  StdDev: 114.98
Min: 0  Median: 0.9728  Max: 209841
Percentiles: P50: 0.97 P75: 1.64 P99: 3.85 P99.9: 5.52 P99.99: 5.74
------------------------------------------------------
[       0,       1 ] 31508214  51.398%  51.398% ##########
(       1,       2 ] 22485955  36.680%  88.078% #######
(       2,       3 ]  5717047   9.326%  97.404% ##
(       3,       4 ]  1150129   1.876%  99.280% 
(       4,       6 ]   499616   0.815% 100.095% 
(       6,      10 ]   157342   0.257% 100.352% 
(      10,      15 ]    40165   0.066% 100.417% 
(      15,      22 ]    29278   0.048% 100.465% 
(      22,      34 ]     3186   0.005% 100.470% 
(      34,      51 ]      833   0.001% 100.472% 
(      51,      76 ]     2104   0.003% 100.475% 
(      76,     110 ]     2339   0.004% 100.479% 
(     110,     170 ]     1721   0.003% 100.482% 
(     170,     250 ]     1466   0.002% 100.484% 
(     250,     380 ]     1682   0.003% 100.487% 
(     380,     580 ]     1580   0.003% 100.489% 
(     580,     870 ]     1307   0.002% 100.491% 
(     870,    1300 ]      891   0.001% 100.493% 
(    1300,    1900 ]      883   0.001% 100.494% 
(    1900,    2900 ]      732   0.001% 100.496% 
(    2900,    4400 ]      448   0.001% 100.496% 
(    4400,    6600 ]      230   0.000% 100.497% 
(    6600,    9900 ]       48   0.000% 100.497% 
(    9900,   14000 ]       14   0.000% 100.497% 
(   14000,   22000 ]       11   0.000% 100.497% 
(   22000,   33000 ]       13   0.000% 100.497% 
(   33000,   50000 ]       11   0.000% 100.497% 
(   50000,   75000 ]       13   0.000% 100.497% 
(   75000,  110000 ]       21   0.000% 100.497% 
(  110000,  170000 ]       21   0.000% 100.497% 
(  170000,  250000 ]        2   0.000% 100.497% 

** Level 2 read latency histogram (micros):
Count: 49473746 Average: 115.8458  StdDev: 4531.63
Min: 0  Median: 1.4357  Max: 3571420
Percentiles: P50: 1.44 P75: 2.10 P99: 871.81 P99.9: 1798.98 P99.99: 1953.52
------------------------------------------------------
[       0,       1 ] 15777334  31.890%  31.890% ######
(       1,       2 ] 20564718  41.567%  73.457% ########
(       2,       3 ]  7856953  15.881%  89.338% ###
(       3,       4 ]  2031325   4.106%  93.444% #
(       4,       6 ]   625450   1.264%  94.708% 
(       6,      10 ]    97920   0.198%  94.906% 
(      10,      15 ]    61096   0.123%  95.030% 
(      15,      22 ]    38386   0.078%  95.107% 
(      22,      34 ]    14107   0.029%  95.136% 
(      34,      51 ]    32371   0.065%  95.201% 
(      51,      76 ]    94358   0.191%  95.392% 
(      76,     110 ]    58940   0.119%  95.511% 
(     110,     170 ]   225098   0.455%  95.966% 
(     170,     250 ]   289257   0.585%  96.551% 
(     250,     380 ]   396240   0.801%  97.352% 
(     380,     580 ]   428888   0.867%  98.219% 
(     580,     870 ]   385434   0.779%  98.998% 
(     870,    1300 ]   269962   0.546%  99.543% 
(    1300,    1900 ]   212157   0.429%  99.972% 
(    1900,    2900 ]   164508   0.333% 100.305% 
(    2900,    4400 ]    87486   0.177% 100.482% 
(    4400,    6600 ]    46914   0.095% 100.576% 
(    6600,    9900 ]    14426   0.029% 100.606% 
(    9900,   14000 ]     5266   0.011% 100.616% 
(   14000,   22000 ]     5717   0.012% 100.628% 
(   22000,   33000 ]     5362   0.011% 100.639% 
(   33000,   50000 ]     5694   0.012% 100.650% 
(   50000,   75000 ]     5920   0.012% 100.662% 
(   75000,  110000 ]     5530   0.011% 100.673% 
(  110000,  170000 ]     4879   0.010% 100.683% 
(  170000,  250000 ]     2605   0.005% 100.688% 
(  250000,  380000 ]      907   0.002% 100.690% 
(  380000,  570000 ]      158   0.000% 100.691% 
(  570000,  860000 ]       77   0.000% 100.691% 
(  860000, 1200000 ]       63   0.000% 100.691% 
( 1200000, 1900000 ]       62   0.000% 100.691% 
( 1900000, 2900000 ]       42   0.000% 100.691% 
( 2900000, 4300000 ]       15   0.000% 100.691% 


** DB Stats **
Uptime(secs): 2020.0 total, 31.1 interval
Cumulative writes: 101M writes, 101M keys, 13M commit groups, 7.7 writes per commit group, ingest: 98.60 GB, 49.98 MB/s
Cumulative WAL: 101M writes, 0 syncs, 101254237.00 writes per sync, written: 98.60 GB, 49.98 MB/s
Cumulative stall: 00:27:43.871 H:M:S, 82.4 percent
Interval writes: 2273K writes, 2273K keys, 293K commit groups, 7.7 writes per commit group, ingest: 2266.50 MB, 72.83 MB/s
Interval WAL: 2273K writes, 0 syncs, 2273063.00 writes per sync, written: 2.21 GB, 72.83 MB/s
Interval stall: 00:00:26.091 H:M:S, 83.8 percent
Write Stall (count): write-buffer-manager-limit-stops: 0
num-running-compactions: 1
num-running-flushes: 0

2026/08/31-10:47:37  ... thread 12: (138000,6340000) ops and (3751.9,3127.9) ops/second in (36.781624,2026.929589) seconds
2026/08/31-10:47:37  ... thread 14: (138000,6334000) ops and (3751.2,3124.9) ops/second in (36.788016,2026.942058) seconds
2026/08/31-10:47:37  ... thread 8: (135000,6338000) ops and (3753.5,3126.9) ops/second in (35.966501,2026.948834) seconds
2026/08/31-10:47:37  ... thread 15: (138000,6333000) ops and (3749.6,3124.4) ops/second in (36.804321,2026.955598) seconds
2026/08/31-10:47:37  ... thread 6: (135000,6335000) ops and (3750.8,3125.4) ops/second in (35.992076,2026.956656) seconds
2026/08/31-10:47:58  ... thread 7: (48000,6359000) ops and (1498.1,3104.4) ops/second in (32.041319,2048.397573) seconds
2026/08/31-10:48:04  ... thread 10: (42000,6373000) ops and (1222.3,3102.2) ops/second in (34.362342,2054.316086) seconds
2026/08/31-10:48:04  ... thread 9: (42000,6371000) ops and (1222.6,3101.3) ops/second in (34.353394,2054.325464) seconds
2026/08/31-10:48:04  ... thread 4: (42000,6372000) ops and (1222.1,3101.7) ops/second in (34.368054,2054.332454) seconds
2026/08/31-10:48:04  ... thread 11: (42000,6370000) ops and (1221.9,3100.8) ops/second in (34.372085,2054.333415) seconds
2026/08/31-10:48:04  ... thread 3: (42000,6367000) ops and (1222.3,3099.3) ops/second in (34.361152,2054.334340) seconds
2026/08/31-10:48:04  ... thread 13: (42000,6369000) ops and (1222.3,3100.3) ops/second in (34.362405,2054.336919) seconds
2026/08/31-10:48:04  ... thread 0: (42000,6369000) ops and (1222.4,3100.3) ops/second in (34.359432,2054.336969) seconds

** Compaction Stats [default] **
Level    Files   Size     Score Read(GB)  Rn(GB) Rnp1(GB) Write(GB) WPreComp(GB) Wnew(GB) Moved(GB) W-Amp Rd(MB/s) Wr(MB/s) Comp(sec) CompMergeCPU(sec) Comp(cnt) Avg(sec) KeyIn KeyDrop Rblob(GB) Wblob(GB)
-------------------------------------------------------------------------------------------------------------------------------------------------------------------------------------------------------------
  L0      8/0    926.92 MB   1.0     84.3     0.0     84.3     184.3     184.3    100.0       0.0   1.8     23.2     50.6   3726.65            411.92      1858    2.006    187M   182K       0.0       0.0
  L1    116/17     6.72 GB   1.4    261.9    99.1    162.8     256.7     256.7     93.8       0.0   2.6    346.3    339.3    774.49            828.38        46   16.837    266M  5306K       0.0       0.0
  L2    727/62    41.12 GB   0.9    285.4    74.7    210.7     263.8     263.8     53.1      12.4   3.5     18.2     16.8  16072.11           1407.94      1206   13.327    290M    21M       0.0       0.0
  L3    436/0     24.38 GB   0.1      0.0     0.0      0.0       0.0       0.0      0.0      24.4   0.0      0.0      0.0      0.00              0.00         0    0.000       0      0       0.0       0.0
 Sum   1287/79    73.12 GB   0.0    631.7   173.8    457.9     704.8     704.8    246.9      36.8   7.0     31.4     35.1  20573.25           2648.24      3110    6.615    744M    27M       0.0       0.0
 Int      0/0      0.00 KB   0.0      2.9     0.8      2.0       3.0       3.0      1.0       0.0  10.0     18.4     19.4    159.02             10.15        21    7.572   3214K   152K       0.0       0.0

** Compaction Stats [default] **
Priority    Files   Size     Score Read(GB)  Rn(GB) Rnp1(GB) Write(GB) WPreComp(GB) Wnew(GB) Moved(GB) W-Amp Rd(MB/s) Wr(MB/s) Comp(sec) CompMergeCPU(sec) Comp(cnt) Avg(sec) KeyIn KeyDrop Rblob(GB) Wblob(GB)
----------------------------------------------------------------------------------------------------------------------------------------------------------------------------------------------------------------
 Low      0/0      0.00 KB   0.0    631.7   173.8    457.9     604.6     604.6    146.7       0.0   0.0     36.1     34.6  17899.86           2466.22      1456   12.294    642M    27M       0.0       0.0
High      0/0      0.00 KB   0.0      0.0     0.0      0.0     100.2     100.2    100.2       0.0   0.0      0.0     38.4   2673.39            182.02      1654    1.616    101M      0       0.0       0.0

Blob file count: 0, total size: 0.0 GB, garbage size: 0.0 GB, space amp: 0.0

Uptime(secs): 2054.3 total, 9.2 interval
Flush(GB): cumulative 100.152, interval 0.302
AddFile(GB): cumulative 0.000, interval 0.000
AddFile(Total Files): cumulative 0, interval 0
AddFile(L0 Files): cumulative 0, interval 0
AddFile(Keys): cumulative 0, interval 0
Cumulative compaction: 704.78 GB write, 351.30 MB/s write, 631.67 GB read, 314.86 MB/s read, 20573.3 seconds
Interval compaction: 3.01 GB write, 335.67 MB/s write, 2.86 GB read, 318.71 MB/s read, 159.0 seconds
Estimated pending compaction bytes: 40915962518
Write Stall (count): cf-l0-file-count-limit-delays-with-ongoing-compaction: 190, cf-l0-file-count-limit-stops-with-ongoing-compaction: 0, l0-file-count-limit-delays: 190, l0-file-count-limit-stops: 0, memtable-limit-delays: 0, memtable-limit-stops: 1359, pending-compaction-bytes-delays: 0, pending-compaction-bytes-stops: 0, total-delays: 190, total-stops: 1359
interval: 6 total count
Block cache AutoHyperClockCache@0x6499b23c82d0#2259139 capacity: 512.00 MB seed: 1 usage: 17.73 MB table_size: 7717 occupancy: 4213 collections: 12 last_copies: 1 last_secs: 0.00061 secs_since: 69
Block cache entry stats(count,size,portion): Misc(4213,17.26 MB,3.37015%)

** File Read Latency Histogram By Level [default] **
** Level 0 read latency histogram (micros):
Count: 46307645 Average: 3.3415  StdDev: 1563.66
Min: 0  Median: 0.9388  Max: 4398822
Percentiles: P50: 0.94 P75: 1.55 P99: 3.04 P99.9: 4.69 P99.99: 5.30
------------------------------------------------------
[       0,       1 ] 24663435  53.260%  53.260% ###########
(       1,       2 ] 18208051  39.320%  92.580% ########
(       2,       3 ]  2956082   6.384%  98.963% #
(       3,       4 ]   386593   0.835%  99.798% 
(       4,       6 ]   136339   0.294% 100.093% 
(       6,      10 ]    59637   0.129% 100.221% 
(      10,      15 ]    22416   0.048% 100.270% 
(      15,      22 ]    13020   0.028% 100.298% 
(      22,      34 ]      951   0.002% 100.300% 
(      34,      51 ]      134   0.000% 100.300% 
(      51,      76 ]      608   0.001% 100.302% 
(      76,     110 ]     1166   0.003% 100.304% 
(     110,     170 ]       57   0.000% 100.304% 
(     170,     250 ]       38   0.000% 100.304% 
(     250,     380 ]       77   0.000% 100.304% 
(     380,     580 ]       55   0.000% 100.305% 
(     580,     870 ]       37   0.000% 100.305% 
(     870,    1300 ]       22   0.000% 100.305% 
(    1300,    1900 ]       26   0.000% 100.305% 
(    1900,    2900 ]       47   0.000% 100.305% 
(    2900,    4400 ]       25   0.000% 100.305% 
(    4400,    6600 ]       21   0.000% 100.305% 
(    6600,    9900 ]       11   0.000% 100.305% 
(    9900,   14000 ]       14   0.000% 100.305% 
(   14000,   22000 ]       27   0.000% 100.305% 
(   22000,   33000 ]       44   0.000% 100.305% 
(   33000,   50000 ]       66   0.000% 100.305% 
(   50000,   75000 ]       86   0.000% 100.305% 
(   75000,  110000 ]      112   0.000% 100.306% 
(  110000,  170000 ]       75   0.000% 100.306% 
(  170000,  250000 ]       17   0.000% 100.306% 
(  250000,  380000 ]        5   0.000% 100.306% 
(  380000,  570000 ]        2   0.000% 100.306% 
(  570000,  860000 ]        3   0.000% 100.306% 
(  860000, 1200000 ]        8   0.000% 100.306% 
( 1200000, 1900000 ]        1   0.000% 100.306% 
( 1900000, 2900000 ]        8   0.000% 100.306% 
( 2900000, 4300000 ]        3   0.000% 100.306% 
( 4300000, 6500000 ]        1   0.000% 100.306% 

** Level 1 read latency histogram (micros):
Count: 62413130 Average: 1.9505  StdDev: 113.95
Min: 0  Median: 0.9712  Max: 209841
Percentiles: P50: 0.97 P75: 1.64 P99: 3.85 P99.9: 5.52 P99.99: 5.74
------------------------------------------------------
[       0,       1 ] 32130763  51.481%  51.481% ##########
(       1,       2 ] 22874601  36.650%  88.131% #######
(       2,       3 ]  5800331   9.293%  97.425% ##
(       3,       4 ]  1161929   1.862%  99.286% 
(       4,       6 ]   504228   0.808% 100.094% 
(       6,      10 ]   159584   0.256% 100.350% 
(      10,      15 ]    40874   0.065% 100.415% 
(      15,      22 ]    29696   0.048% 100.463% 
(      22,      34 ]     3231   0.005% 100.468% 
(      34,      51 ]      841   0.001% 100.469% 
(      51,      76 ]     2140   0.003% 100.473% 
(      76,     110 ]     2415   0.004% 100.477% 
(     110,     170 ]     1735   0.003% 100.479% 
(     170,     250 ]     1467   0.002% 100.482% 
(     250,     380 ]     1682   0.003% 100.484% 
(     380,     580 ]     1580   0.003% 100.487% 
(     580,     870 ]     1307   0.002% 100.489% 
(     870,    1300 ]      891   0.001% 100.491% 
(    1300,    1900 ]      883   0.001% 100.492% 
(    1900,    2900 ]      732   0.001% 100.493% 
(    2900,    4400 ]      448   0.001% 100.494% 
(    4400,    6600 ]      230   0.000% 100.494% 
(    6600,    9900 ]       48   0.000% 100.494% 
(    9900,   14000 ]       14   0.000% 100.494% 
(   14000,   22000 ]       11   0.000% 100.494% 
(   22000,   33000 ]       13   0.000% 100.494% 
(   33000,   50000 ]       11   0.000% 100.494% 
(   50000,   75000 ]       13   0.000% 100.494% 
(   75000,  110000 ]       21   0.000% 100.494% 
(  110000,  170000 ]       21   0.000% 100.494% 
(  170000,  250000 ]        2   0.000% 100.494% 

** Level 2 read latency histogram (micros):
Count: 50118200 Average: 115.9836  StdDev: 4531.67
Min: 0  Median: 1.4326  Max: 3571420
Percentiles: P50: 1.43 P75: 2.09 P99: 865.97 P99.9: 1791.13 P99.99: 1938.92
------------------------------------------------------
[       0,       1 ] 16047912  32.020%  32.020% ######
(       1,       2 ] 20831830  41.565%  73.586% ########
(       2,       3 ]  7932317  15.827%  89.413% ###
(       3,       4 ]  2043943   4.078%  93.491% #
(       4,       6 ]   629459   1.256%  94.747% 
(       6,      10 ]    99023   0.198%  94.945% 
(      10,      15 ]    61531   0.123%  95.067% 
(      15,      22 ]    38637   0.077%  95.144% 
(      22,      34 ]    14241   0.028%  95.173% 
(      34,      51 ]    32590   0.065%  95.238% 
(      51,      76 ]    95104   0.190%  95.428% 
(      76,     110 ]    59436   0.119%  95.546% 
(     110,     170 ]   226638   0.452%  95.998% 
(     170,     250 ]   291332   0.581%  96.580% 
(     250,     380 ]   399022   0.796%  97.376% 
(     380,     580 ]   431710   0.861%  98.237% 
(     580,     870 ]   387687   0.774%  99.011% 
(     870,    1300 ]   271201   0.541%  99.552% 
(    1300,    1900 ]   213148   0.425%  99.977% 
(    1900,    2900 ]   165221   0.330% 100.307% 
(    2900,    4400 ]    87912   0.175% 100.482% 
(    4400,    6600 ]    47157   0.094% 100.576% 
(    6600,    9900 ]    14610   0.029% 100.605% 
(    9900,   14000 ]     5392   0.011% 100.616% 
(   14000,   22000 ]     5861   0.012% 100.628% 
(   22000,   33000 ]     5492   0.011% 100.639% 
(   33000,   50000 ]     5813   0.012% 100.651% 
(   50000,   75000 ]     6048   0.012% 100.663% 
(   75000,  110000 ]     5656   0.011% 100.674% 
(  110000,  170000 ]     4993   0.010% 100.684% 
(  170000,  250000 ]     2654   0.005% 100.689% 
(  250000,  380000 ]      922   0.002% 100.691% 
(  380000,  570000 ]      158   0.000% 100.691% 
(  570000,  860000 ]       79   0.000% 100.691% 
(  860000, 1200000 ]       65   0.000% 100.692% 
( 1200000, 1900000 ]       64   0.000% 100.692% 
( 1900000, 2900000 ]       42   0.000% 100.692% 
( 2900000, 4300000 ]       15   0.000% 100.692% 


** DB Stats **
Uptime(secs): 2054.3 total, 9.2 interval
Cumulative writes: 101M writes, 101M keys, 13M commit groups, 7.7 writes per commit group, ingest: 99.25 GB, 49.47 MB/s
Cumulative WAL: 101M writes, 0 syncs, 101924703.00 writes per sync, written: 99.25 GB, 49.47 MB/s
Cumulative stall: 00:28:11.262 H:M:S, 82.3 percent
Interval writes: 255K writes, 255K keys, 33K commit groups, 7.6 writes per commit group, ingest: 254.74 MB, 27.75 MB/s
Interval WAL: 255K writes, 0 syncs, 255462.00 writes per sync, written: 0.25 GB, 27.75 MB/s
Interval stall: 00:00:14.103 H:M:S, 153.6 percent
Write Stall (count): write-buffer-manager-limit-stops: 0
num-running-compactions: 18
num-running-flushes: 0

2026/08/31-10:48:04  ... thread 2: (43000,6372000) ops and (1250.2,3101.7) ops/second in (34.395069,2054.343347) seconds
2026/08/31-10:48:04  ... thread 5: (43000,6369000) ops and (1250.6,3100.3) ops/second in (34.384301,2054.344163) seconds
2026/08/31-10:48:04  ... thread 1: (43000,6372000) ops and (1250.2,3101.7) ops/second in (34.394076,2054.345762) seconds
2026/08/31-10:48:08  ... thread 6: (49000,6384000) ops and (1594.3,3102.5) ops/second in (30.734729,2057.691385) seconds
2026/08/31-10:48:08  ... thread 14: (50000,6384000) ops and (1625.5,3102.5) ops/second in (30.760655,2057.702713) seconds
2026/08/31-10:48:08  ... thread 12: (51000,6391000) ops and (1656.8,3105.9) ops/second in (30.782656,2057.712245) seconds
2026/08/31-10:48:08  ... thread 8: (50000,6388000) ops and (1625.3,3104.4) ops/second in (30.763285,2057.712119) seconds
2026/08/31-10:48:08  ... thread 15: (50000,6383000) ops and (1625.5,3102.0) ops/second in (30.759007,2057.714605) seconds
Initializing RocksDB Options from the specified file
Initializing RocksDB Options from command-line flags
Integrated BlobDB: blob cache disabled
Keys:       16 bytes each (+ 0 bytes user-defined timestamp)
Values:     1024 bytes each (512 bytes after compression)
Entries:    103244288
Prefix:    0 bytes
Keys per prefix:    0
RawSize:    102399.9 MB (estimated)
FileSize:   51987.6 MB (estimated)
Write rate: 0 bytes/second
Read rate: 0 ops/second
Compression: NoCompression
Compression sampling rate: 0
Memtablerep: SkipListFactory
Perf Level: 1
------------------------------------------------
Initializing RocksDB Options from the specified file
Initializing RocksDB Options from command-line flags
Integrated BlobDB: blob cache disabled
DB path: [/tmp/l0trig_trig8]
fillrandom   :     322.038 micros/op 49682 ops/sec 2078.092 seconds 103244288 operations;   49.3 MB/s
Microseconds per write:
Count: 103244288 Average: 322.0378  StdDev: 32523.03
Min: 2  Median: 22.6810  Max: 9071021
Percentiles: P50: 22.68 P75: 30.45 P99: 1010.82 P99.9: 5550.35 P99.99: 463994.94
------------------------------------------------------
(       1,       2 ]        5   0.000%   0.000% 
(       2,       3 ]      146   0.000%   0.000% 
(       3,       4 ]      198   0.000%   0.000% 
(       4,       6 ]    13704   0.013%   0.014% 
(       6,      10 ]   407715   0.395%   0.409% 
(      10,      15 ]   860705   0.834%   1.242% 
(      15,      22 ] 48078187  46.567%  47.810% #########
(      22,      34 ] 39852371  38.600%  86.410% ########
(      34,      51 ] 10423079  10.096%  96.505% ##
(      51,      76 ]  1896997   1.837%  98.343% 
(      76,     110 ]   379579   0.368%  98.710% 
(     110,     170 ]   107576   0.104%  98.814% 
(     170,     250 ]    80317   0.078%  98.892% 
(     250,     380 ]    27107   0.026%  98.918% 
(     380,     580 ]     6603   0.006%  98.925% 
(     580,     870 ]     3293   0.003%  98.928% 
(     870,    1300 ]   226764   0.220%  99.148% 
(    1300,    1900 ]     3996   0.004%  99.152% 
(    1900,    2900 ]   565545   0.548%  99.699% 
(    2900,    4400 ]   161606   0.157%  99.856% 
(    4400,    6600 ]    87114   0.084%  99.940% 
(    6600,    9900 ]    20131   0.019%  99.960% 
(    9900,   14000 ]     5045   0.005%  99.965% 
(   14000,   22000 ]     2251   0.002%  99.967% 
(   22000,   33000 ]     3148   0.003%  99.970% 
(   33000,   50000 ]     3976   0.004%  99.974% 
(   50000,   75000 ]     3829   0.004%  99.977% 
(   75000,  110000 ]     4303   0.004%  99.982% 
(  110000,  170000 ]     3874   0.004%  99.985% 
(  170000,  250000 ]     2196   0.002%  99.987% 
(  250000,  380000 ]     1776   0.002%  99.989% 
(  380000,  570000 ]     1872   0.002%  99.991% 
(  570000,  860000 ]     2128   0.002%  99.993% 
(  860000, 1200000 ]     1568   0.002%  99.995% 
( 1200000, 1900000 ]     1472   0.001%  99.996% 
( 1900000, 2900000 ]     1072   0.001%  99.997% 
( 2900000, 4300000 ]      528   0.001%  99.998% 
( 4300000, 6500000 ]     1920   0.002%  99.999% 
( 6500000, 9800000 ]      592   0.001% 100.000% 

STATISTICS:
rocksdb.block.cache.miss COUNT : 162941380
rocksdb.block.cache.hit COUNT : 0
rocksdb.block.cache.add COUNT : 0
rocksdb.block.cache.add.failures COUNT : 0
rocksdb.block.cache.index.miss COUNT : 0
rocksdb.block.cache.index.hit COUNT : 0
rocksdb.block.cache.index.add COUNT : 0
rocksdb.block.cache.index.bytes.insert COUNT : 0
rocksdb.block.cache.filter.miss COUNT : 0
rocksdb.block.cache.filter.hit COUNT : 0
rocksdb.block.cache.filter.add COUNT : 0
rocksdb.block.cache.filter.bytes.insert COUNT : 0
rocksdb.block.cache.data.miss COUNT : 162941381
rocksdb.block.cache.data.hit COUNT : 0
rocksdb.block.cache.data.add COUNT : 0
rocksdb.block.cache.data.bytes.insert COUNT : 0
rocksdb.block.cache.bytes.read COUNT : 0
rocksdb.block.cache.bytes.write COUNT : 0
rocksdb.block.cache.compression.dict.miss COUNT : 0
rocksdb.block.cache.compression.dict.hit COUNT : 0
rocksdb.block.cache.compression.dict.add COUNT : 0
rocksdb.block.cache.compression.dict.bytes.insert COUNT : 0
rocksdb.block.cache.add.redundant COUNT : 0
rocksdb.block.cache.index.add.redundant COUNT : 0
rocksdb.block.cache.filter.add.redundant COUNT : 0
rocksdb.block.cache.data.add.redundant COUNT : 0
rocksdb.block.cache.compression.dict.add.redundant COUNT : 0
rocksdb.secondary.cache.hits COUNT : 0
rocksdb.secondary.cache.filter.hits COUNT : 0
rocksdb.secondary.cache.index.hits COUNT : 0
rocksdb.secondary.cache.data.hits COUNT : 0
rocksdb.compressed.secondary.cache.dummy.hits COUNT : 0
rocksdb.compressed.secondary.cache.hits COUNT : 0
rocksdb.compressed.secondary.cache.promotions COUNT : 0
rocksdb.compressed.secondary.cache.promotion.skips COUNT : 0
rocksdb.bloom.filter.useful COUNT : 0
rocksdb.bloom.filter.full.positive COUNT : 0
rocksdb.bloom.filter.full.true.positive COUNT : 0
rocksdb.bloom.filter.prefix.checked COUNT : 0
rocksdb.bloom.filter.prefix.useful COUNT : 0
rocksdb.bloom.filter.prefix.true.positive COUNT : 0
rocksdb.persistent.cache.hit COUNT : 0
rocksdb.persistent.cache.miss COUNT : 0
rocksdb.sim.block.cache.hit COUNT : 0
rocksdb.sim.block.cache.miss COUNT : 0
rocksdb.memtable.hit COUNT : 0
rocksdb.memtable.miss COUNT : 0
rocksdb.l0.hit COUNT : 0
rocksdb.l1.hit COUNT : 0
rocksdb.l2andup.hit COUNT : 0
rocksdb.compaction.key.drop.new COUNT : 28272498
rocksdb.compaction.key.drop.obsolete COUNT : 0
rocksdb.compaction.key.drop.range_del COUNT : 0
rocksdb.compaction.key.drop.user COUNT : 0
rocksdb.compaction.range_del.drop.obsolete COUNT : 0
rocksdb.compaction.optimized.del.drop.obsolete COUNT : 0
rocksdb.compaction.cancelled COUNT : 0
rocksdb.compaction.aborted COUNT : 0
rocksdb.number.keys.written COUNT : 103244288
rocksdb.number.keys.read COUNT : 0
rocksdb.number.keys.updated COUNT : 0
rocksdb.bytes.written COUNT : 107947213248
rocksdb.bytes.read COUNT : 0
rocksdb.number.db.seek COUNT : 0
rocksdb.number.db.next COUNT : 0
rocksdb.number.db.prev COUNT : 0
rocksdb.number.db.seek.found COUNT : 0
rocksdb.number.db.next.found COUNT : 0
rocksdb.number.db.prev.found COUNT : 0
rocksdb.db.iter.bytes.read COUNT : 0
rocksdb.number.iter.skip COUNT : 0
rocksdb.number.reseeks.iteration COUNT : 0
rocksdb.num.iterator.created COUNT : 0
rocksdb.num.iterator.deleted COUNT : 0
rocksdb.no.file.opens COUNT : 10989
rocksdb.no.file.errors COUNT : 0
rocksdb.stall.micros COUNT : 1708063094
rocksdb.db.mutex.wait.micros COUNT : 0
rocksdb.number.multiget.get COUNT : 0
rocksdb.number.multiget.keys.read COUNT : 0
rocksdb.number.multiget.bytes.read COUNT : 0
rocksdb.number.multiget.keys.found COUNT : 0
rocksdb.number.merge.failures COUNT : 0
rocksdb.getupdatessince.calls COUNT : 0
rocksdb.wal.synced COUNT : 0
rocksdb.wal.bytes COUNT : 107947213248
rocksdb.write.self COUNT : 13348048
rocksdb.write.other COUNT : 89896240
rocksdb.write.wal COUNT : 103244288
rocksdb.compact.read.bytes COUNT : 686331642667
rocksdb.compact.write.bytes COUNT : 657763761727
rocksdb.flush.write.bytes COUNT : 108840271346
rocksdb.compact.read.marked.bytes COUNT : 0
rocksdb.compact.read.periodic.bytes COUNT : 0
rocksdb.compact.read.ttl.bytes COUNT : 0
rocksdb.compact.write.marked.bytes COUNT : 0
rocksdb.compact.write.periodic.bytes COUNT : 0
rocksdb.compact.write.ttl.bytes COUNT : 0
rocksdb.number.direct.load.table.properties COUNT : 0
rocksdb.number.superversion_acquires COUNT : 0
rocksdb.number.superversion_releases COUNT : 0
rocksdb.number.superversion_cleanups COUNT : 0
rocksdb.number.block.compressed COUNT : 0
rocksdb.number.block.decompressed COUNT : 0
rocksdb.bytes.compressed.from COUNT : 0
rocksdb.bytes.compressed.to COUNT : 0
rocksdb.bytes.compression_bypassed COUNT : 765756562949
rocksdb.bytes.compression.rejected COUNT : 0
rocksdb.number.block_compression_bypassed COUNT : 181670105
rocksdb.number.block_compression_rejected COUNT : 0
rocksdb.bytes.decompressed.from COUNT : 0
rocksdb.bytes.decompressed.to COUNT : 0
rocksdb.merge.operation.time.nanos COUNT : 0
rocksdb.filter.operation.time.nanos COUNT : 0
rocksdb.compaction.total.time.cpu_micros COUNT : 2512059203
rocksdb.row.cache.hit COUNT : 0
rocksdb.row.cache.miss COUNT : 0
rocksdb.read.amp.estimate.useful.bytes COUNT : 0
rocksdb.read.amp.total.read.bytes COUNT : 0
rocksdb.number.rate_limiter.drains COUNT : 0
rocksdb.blobdb.num.put COUNT : 0
rocksdb.blobdb.num.write COUNT : 0
rocksdb.blobdb.num.get COUNT : 0
rocksdb.blobdb.num.multiget COUNT : 0
rocksdb.blobdb.num.seek COUNT : 0
rocksdb.blobdb.num.next COUNT : 0
rocksdb.blobdb.num.prev COUNT : 0
rocksdb.blobdb.num.keys.written COUNT : 0
rocksdb.blobdb.num.keys.read COUNT : 0
rocksdb.blobdb.bytes.written COUNT : 0
rocksdb.blobdb.bytes.read COUNT : 0
rocksdb.blobdb.write.inlined COUNT : 0
rocksdb.blobdb.write.inlined.ttl COUNT : 0
rocksdb.blobdb.write.blob COUNT : 0
rocksdb.blobdb.write.blob.ttl COUNT : 0
rocksdb.blobdb.blob.file.bytes.written COUNT : 0
rocksdb.blobdb.blob.file.bytes.read COUNT : 0
rocksdb.blobdb.blob.file.synced COUNT : 0
rocksdb.blobdb.blob.index.expired.count COUNT : 0
rocksdb.blobdb.blob.index.expired.size COUNT : 0
rocksdb.blobdb.blob.index.evicted.count COUNT : 0
rocksdb.blobdb.blob.index.evicted.size COUNT : 0
rocksdb.blobdb.gc.num.files COUNT : 0
rocksdb.blobdb.gc.num.new.files COUNT : 0
rocksdb.blobdb.gc.failures COUNT : 0
rocksdb.blobdb.gc.num.keys.relocated COUNT : 0
rocksdb.blobdb.gc.bytes.relocated COUNT : 0
rocksdb.blobdb.fifo.num.files.evicted COUNT : 0
rocksdb.blobdb.fifo.num.keys.evicted COUNT : 0
rocksdb.blobdb.fifo.bytes.evicted COUNT : 0
rocksdb.blobdb.cache.miss COUNT : 0
rocksdb.blobdb.cache.hit COUNT : 0
rocksdb.blobdb.cache.add COUNT : 0
rocksdb.blobdb.cache.add.failures COUNT : 0
rocksdb.blobdb.cache.bytes.read COUNT : 0
rocksdb.blobdb.cache.bytes.write COUNT : 0
rocksdb.txn.overhead.mutex.prepare COUNT : 0
rocksdb.txn.overhead.mutex.old.commit.map COUNT : 0
rocksdb.txn.overhead.duplicate.key COUNT : 0
rocksdb.txn.overhead.mutex.snapshot COUNT : 0
rocksdb.txn.get.tryagain COUNT : 0
rocksdb.files.marked.trash COUNT : 0
rocksdb.files.marked.trash.deleted COUNT : 0
rocksdb.files.deleted.immediately COUNT : 11275
rocksdb.error.handler.bg.error.count COUNT : 0
rocksdb.error.handler.bg.io.error.count COUNT : 0
rocksdb.error.handler.bg.retryable.io.error.count COUNT : 0
rocksdb.error.handler.autoresume.count COUNT : 0
rocksdb.error.handler.autoresume.retry.total.count COUNT : 0
rocksdb.error.handler.autoresume.success.count COUNT : 0
rocksdb.memtable.payload.bytes.at.flush COUNT : 108099791488
rocksdb.memtable.garbage.bytes.at.flush COUNT : 32050984
rocksdb.verify_checksum.read.bytes COUNT : 0
rocksdb.backup.read.bytes COUNT : 0
rocksdb.backup.write.bytes COUNT : 0
rocksdb.remote.compact.read.bytes COUNT : 0
rocksdb.remote.compact.write.bytes COUNT : 0
rocksdb.remote.compact.resumed.bytes COUNT : 0
rocksdb.hot.file.read.bytes COUNT : 0
rocksdb.warm.file.read.bytes COUNT : 0
rocksdb.cool.file.read.bytes COUNT : 0
rocksdb.cold.file.read.bytes COUNT : 0
rocksdb.ice.file.read.bytes COUNT : 0
rocksdb.hot.file.read.count COUNT : 0
rocksdb.warm.file.read.count COUNT : 0
rocksdb.cool.file.read.count COUNT : 0
rocksdb.cold.file.read.count COUNT : 0
rocksdb.ice.file.read.count COUNT : 0
rocksdb.last.level.read.bytes COUNT : 0
rocksdb.last.level.read.count COUNT : 0
rocksdb.non.last.level.read.bytes COUNT : 688056323085
rocksdb.non.last.level.read.count COUNT : 162985349
rocksdb.last.level.seek.filtered COUNT : 0
rocksdb.last.level.seek.filter.match COUNT : 0
rocksdb.last.level.seek.data COUNT : 0
rocksdb.last.level.seek.data.useful.no.filter COUNT : 0
rocksdb.last.level.seek.data.useful.filter.match COUNT : 0
rocksdb.non.last.level.seek.filtered COUNT : 0
rocksdb.non.last.level.seek.filter.match COUNT : 0
rocksdb.non.last.level.seek.data COUNT : 0
rocksdb.non.last.level.seek.data.useful.no.filter COUNT : 0
rocksdb.non.last.level.seek.data.useful.filter.match COUNT : 0
rocksdb.block.checksum.compute.count COUNT : 162963373
rocksdb.block.checksum.mismatch.count COUNT : 0
rocksdb.multiget.coroutine.count COUNT : 0
rocksdb.read.async.micros COUNT : 0
rocksdb.async.read.error.count COUNT : 0
rocksdb.table.open.prefetch.tail.miss COUNT : 0
rocksdb.table.open.prefetch.tail.hit COUNT : 0
rocksdb.timestamp.filter.table.checked COUNT : 0
rocksdb.timestamp.filter.table.filtered COUNT : 0
rocksdb.readahead.trimmed COUNT : 0
rocksdb.fifo.max.size.compactions COUNT : 0
rocksdb.fifo.ttl.compactions COUNT : 0
rocksdb.fifo.change_temperature.compactions COUNT : 0
rocksdb.prefetch.bytes COUNT : 0
rocksdb.prefetch.bytes.useful COUNT : 0
rocksdb.prefetch.hits COUNT : 0
rocksdb.footer.corruption.count COUNT : 0
rocksdb.file.read.corruption.retry.count COUNT : 0
rocksdb.file.read.corruption.retry.success.count COUNT : 0
rocksdb.number.wbwi.ingest COUNT : 0
rocksdb.sst.user.defined.index.load.fail.count COUNT : 0
rocksdb.multiscan.prepare.calls COUNT : 0
rocksdb.multiscan.prepare.errors COUNT : 0
rocksdb.multiscan.blocks.prefetched COUNT : 0
rocksdb.multiscan.blocks.from.cache COUNT : 0
rocksdb.multiscan.prefetch.bytes COUNT : 0
rocksdb.multiscan.prefetch.blocks.wasted COUNT : 0
rocksdb.multiscan.io.requests COUNT : 0
rocksdb.multiscan.io.coalesced.nonadjacent COUNT : 0
rocksdb.multiscan.seek.errors COUNT : 0
rocksdb.prefetch.memory.bytes.granted COUNT : 0
rocksdb.prefetch.memory.bytes.released COUNT : 0
rocksdb.prefetch.memory.requests.blocked COUNT : 0
rocksdb.read.path.range.tombstones.inserted COUNT : 0
rocksdb.read.path.range.tombstones.discarded COUNT : 0
rocksdb.file.open.metadata.retrieved COUNT : 0
rocksdb.file.open.metadata.passed COUNT : 0
rocksdb.db.get.micros P50 : 0.000000 P95 : 0.000000 P99 : 0.000000 P100 : 0.000000 COUNT : 0 SUM : 0
rocksdb.db.write.micros P50 : 21.445308 P95 : 47.450263 P99 : 1010.509053 P100 : 9071017.000000 COUNT : 103244288 SUM : 33120390148
rocksdb.compaction.times.micros P50 : 11005154.639175 P95 : 28431502.890173 P99 : 32188034.682081 P100 : 33314696.000000 COUNT : 1477 SUM : 18224777885
rocksdb.compaction.times.cpu_micros P50 : 1096188.524590 P95 : 2766435.185185 P99 : 20840000.000000 P100 : 33922273.000000 COUNT : 1477 SUM : 2495658206
rocksdb.subcompaction.setup.times.micros P50 : 117500.000000 P95 : 229555.555556 P99 : 239892.000000 P100 : 239892.000000 COUNT : 46 SUM : 5500259
rocksdb.table.sync.micros P50 : 473376.068376 P95 : 5595697.674419 P99 : 6452162.790698 P100 : 7785902.000000 COUNT : 1674 SUM : 2037379685
rocksdb.compaction.outfile.sync.micros P50 : 986398.570152 P95 : 6205507.246377 P99 : 8733523.809524 P100 : 18820244.000000 COUNT : 9344 SUM : 17036607140
rocksdb.wal.file.sync.micros P50 : 0.000000 P95 : 0.000000 P99 : 0.000000 P100 : 0.000000 COUNT : 0 SUM : 0
rocksdb.manifest.file.sync.micros P50 : 4633.333333 P95 : 373204.545455 P99 : 3522416.666667 P100 : 5586197.000000 COUNT : 2733 SUM : 405198453
rocksdb.table.open.io.micros P50 : 235.668293 P95 : 57479.050279 P99 : 158824.460432 P100 : 4399178.000000 COUNT : 10989 SUM : 141352622
rocksdb.db.multiget.micros P50 : 0.000000 P95 : 0.000000 P99 : 0.000000 P100 : 0.000000 COUNT : 0 SUM : 0
rocksdb.read.block.compaction.micros P50 : 2.133540 P95 : 6.458103 P99 : 426.533054 P100 : 3571435.000000 COUNT : 162941628 SUM : 6379815501
rocksdb.read.block.get.micros P50 : 104.898759 P95 : 188.591716 P99 : 580.911429 P100 : 6133.000000 COUNT : 10989 SUM : 1410664
rocksdb.write.raw.block.micros P50 : 0.584190 P95 : 1.819822 P99 : 2.977111 P100 : 4518988.000000 COUNT : 181692637 SUM : 4048704080
rocksdb.numfiles.in.singlecompaction P50 : 3.759766 P95 : 9.437398 P99 : 83.350476 P100 : 89.000000 COUNT : 1646 SUM : 10381
rocksdb.db.seek.micros P50 : 0.000000 P95 : 0.000000 P99 : 0.000000 P100 : 0.000000 COUNT : 0 SUM : 0
rocksdb.db.write.stall P50 : 2270.771940 P95 : 3703.895728 P99 : 163314.285714 P100 : 9070416.000000 COUNT : 83668 SUM : 1708063094
rocksdb.sst.read.micros P50 : 1.117473 P95 : 3.081936 P99 : 422.386443 P100 : 4398822.000000 COUNT : 162985674 SUM : 6293585208
rocksdb.file.read.flush.micros P50 : 8.845588 P95 : 43961.194030 P99 : 154627.027027 P100 : 4398822.000000 COUNT : 6696 SUM : 80951053
rocksdb.file.read.compaction.micros P50 : 1.117430 P95 : 3.080906 P99 : 422.164065 P100 : 3571420.000000 COUNT : 162979014 SUM : 6212637750
rocksdb.file.read.db.open.micros P50 : 0.000000 P95 : 0.000000 P99 : 0.000000 P100 : 0.000000 COUNT : 0 SUM : 0
rocksdb.file.read.get.micros P50 : 0.000000 P95 : 0.000000 P99 : 0.000000 P100 : 0.000000 COUNT : 0 SUM : 0
rocksdb.file.read.multiget.micros P50 : 0.000000 P95 : 0.000000 P99 : 0.000000 P100 : 0.000000 COUNT : 0 SUM : 0
rocksdb.file.read.db.iterator.micros P50 : 0.000000 P95 : 0.000000 P99 : 0.000000 P100 : 0.000000 COUNT : 0 SUM : 0
rocksdb.file.read.verify.db.checksum.micros P50 : 0.000000 P95 : 0.000000 P99 : 0.000000 P100 : 0.000000 COUNT : 0 SUM : 0
rocksdb.file.read.verify.file.checksums.micros P50 : 0.000000 P95 : 0.000000 P99 : 0.000000 P100 : 0.000000 COUNT : 0 SUM : 0
rocksdb.sst.write.micros P50 : 0.502402 P95 : 0.954563 P99 : 0.994755 P100 : 4518982.000000 COUNT : 363396814 SUM : 3960459508
rocksdb.file.write.flush.micros P50 : 0.501327 P95 : 0.952522 P99 : 0.992628 P100 : 3699445.000000 COUNT : 51599146 SUM : 131017143
rocksdb.file.write.compaction.micros P50 : 0.502581 P95 : 0.954903 P99 : 0.995110 P100 : 4518982.000000 COUNT : 311797746 SUM : 3829442378
rocksdb.file.write.db.open.micros P50 : 0.000000 P95 : 0.000000 P99 : 0.000000 P100 : 0.000000 COUNT : 0 SUM : 0
rocksdb.num.subcompactions.scheduled P50 : 16.000000 P95 : 16.000000 P99 : 16.000000 P100 : 16.000000 COUNT : 46 SUM : 728
rocksdb.bytes.per.read P50 : 0.000000 P95 : 0.000000 P99 : 0.000000 P100 : 0.000000 COUNT : 0 SUM : 0
rocksdb.bytes.per.write P50 : 8084.371428 P95 : 13257.483356 P99 : 16272.852461 P100 : 16716.000000 COUNT : 13348048 SUM : 107947213248
rocksdb.bytes.per.multiget P50 : 0.000000 P95 : 0.000000 P99 : 0.000000 P100 : 0.000000 COUNT : 0 SUM : 0
rocksdb.compression.times.nanos P50 : 0.000000 P95 : 0.000000 P99 : 0.000000 P100 : 0.000000 COUNT : 0 SUM : 0
rocksdb.decompression.times.nanos P50 : 0.000000 P95 : 0.000000 P99 : 0.000000 P100 : 0.000000 COUNT : 0 SUM : 0
rocksdb.read.num.merge_operands P50 : 0.000000 P95 : 0.000000 P99 : 0.000000 P100 : 0.000000 COUNT : 0 SUM : 0
rocksdb.blobdb.key.size P50 : 0.000000 P95 : 0.000000 P99 : 0.000000 P100 : 0.000000 COUNT : 0 SUM : 0
rocksdb.blobdb.value.size P50 : 0.000000 P95 : 0.000000 P99 : 0.000000 P100 : 0.000000 COUNT : 0 SUM : 0
rocksdb.blobdb.write.micros P50 : 0.000000 P95 : 0.000000 P99 : 0.000000 P100 : 0.000000 COUNT : 0 SUM : 0
rocksdb.blobdb.get.micros P50 : 0.000000 P95 : 0.000000 P99 : 0.000000 P100 : 0.000000 COUNT : 0 SUM : 0
rocksdb.blobdb.multiget.micros P50 : 0.000000 P95 : 0.000000 P99 : 0.000000 P100 : 0.000000 COUNT : 0 SUM : 0
rocksdb.blobdb.seek.micros P50 : 0.000000 P95 : 0.000000 P99 : 0.000000 P100 : 0.000000 COUNT : 0 SUM : 0
rocksdb.blobdb.next.micros P50 : 0.000000 P95 : 0.000000 P99 : 0.000000 P100 : 0.000000 COUNT : 0 SUM : 0
rocksdb.blobdb.prev.micros P50 : 0.000000 P95 : 0.000000 P99 : 0.000000 P100 : 0.000000 COUNT : 0 SUM : 0
rocksdb.blobdb.blob.file.write.micros P50 : 0.000000 P95 : 0.000000 P99 : 0.000000 P100 : 0.000000 COUNT : 0 SUM : 0
rocksdb.blobdb.blob.file.read.micros P50 : 0.000000 P95 : 0.000000 P99 : 0.000000 P100 : 0.000000 COUNT : 0 SUM : 0
rocksdb.blobdb.blob.file.sync.micros P50 : 0.000000 P95 : 0.000000 P99 : 0.000000 P100 : 0.000000 COUNT : 0 SUM : 0
rocksdb.blobdb.compression.micros P50 : 0.000000 P95 : 0.000000 P99 : 0.000000 P100 : 0.000000 COUNT : 0 SUM : 0
rocksdb.blobdb.decompression.micros P50 : 0.000000 P95 : 0.000000 P99 : 0.000000 P100 : 0.000000 COUNT : 0 SUM : 0
rocksdb.db.flush.micros P50 : 757887.323944 P95 : 6082488.888889 P99 : 8270047.000000 P100 : 8270047.000000 COUNT : 1674 SUM : 2705989958
rocksdb.sst.batch.size P50 : 0.000000 P95 : 0.000000 P99 : 0.000000 P100 : 0.000000 COUNT : 0 SUM : 0
rocksdb.multiget.io.batch.size P50 : 0.000000 P95 : 0.000000 P99 : 0.000000 P100 : 0.000000 COUNT : 0 SUM : 0
rocksdb.num.index.and.filter.blocks.read.per.level P50 : 0.000000 P95 : 0.000000 P99 : 0.000000 P100 : 0.000000 COUNT : 0 SUM : 0
rocksdb.num.sst.read.per.level P50 : 0.000000 P95 : 0.000000 P99 : 0.000000 P100 : 0.000000 COUNT : 0 SUM : 0
rocksdb.num.level.read.per.multiget P50 : 0.000000 P95 : 0.000000 P99 : 0.000000 P100 : 0.000000 COUNT : 0 SUM : 0
rocksdb.error.handler.autoresume.retry.count P50 : 0.000000 P95 : 0.000000 P99 : 0.000000 P100 : 0.000000 COUNT : 0 SUM : 0
rocksdb.async.read.bytes P50 : 0.000000 P95 : 0.000000 P99 : 0.000000 P100 : 0.000000 COUNT : 0 SUM : 0
rocksdb.poll.wait.micros P50 : 0.000000 P95 : 0.000000 P99 : 0.000000 P100 : 0.000000 COUNT : 0 SUM : 0
rocksdb.compaction.prefetch.bytes P50 : 0.000000 P95 : 0.000000 P99 : 0.000000 P100 : 0.000000 COUNT : 0 SUM : 0
rocksdb.prefetched.bytes.discarded P50 : 0.000000 P95 : 0.000000 P99 : 0.000000 P100 : 0.000000 COUNT : 0 SUM : 0
rocksdb.async.prefetch.abort.micros P50 : 0.000000 P95 : 0.000000 P99 : 0.000000 P100 : 0.000000 COUNT : 0 SUM : 0
rocksdb.table.open.prefetch.tail.read.bytes P50 : 0.000000 P95 : 0.000000 P99 : 0.000000 P100 : 0.000000 COUNT : 0 SUM : 0
rocksdb.num.op.per.transaction P50 : 0.000000 P95 : 0.000000 P99 : 0.000000 P100 : 0.000000 COUNT : 0 SUM : 0
rocksdb.multiscan.op.prepare.iterators.micros P50 : 0.000000 P95 : 0.000000 P99 : 0.000000 P100 : 0.000000 COUNT : 0 SUM : 0
rocksdb.multiscan.prepare.micros P50 : 0.000000 P95 : 0.000000 P99 : 0.000000 P100 : 0.000000 COUNT : 0 SUM : 0
rocksdb.multiscan.blocks.per.prepare P50 : 0.000000 P95 : 0.000000 P99 : 0.000000 P100 : 0.000000 COUNT : 0 SUM : 0
rocksdb.block.key.distribution.cv P50 : 0.000000 P95 : 0.000000 P99 : 0.000000 P100 : 0.000000 COUNT : 0 SUM : 0

