t_s,state,nthreads,utime_s,stime_s,disk_r_mb,disk_w_mb,disk_io_ms
0.0,R,1,0.00,0.00,17880207.5,89331227.0,440226055
1.0,S,47,9.77,4.65,17880207.5,89331228.5,440226076
2.0,S,47,20.56,9.73,17880207.5,89331228.9,440226083
3.0,S,47,31.36,14.79,17880207.5,89331229.1,440226086
4.0,S,47,42.04,19.93,17880207.5,89331229.4,440226089
5.0,S,47,52.80,25.03,17880207.5,89331229.9,440226089
6.0,S,47,62.69,29.84,17880207.5,89331295.0,440226149
7.0,S,47,73.46,34.92,17880207.5,89331295.7,440226160
8.0,S,47,83.37,39.55,17880207.5,89331376.4,440226233
9.0,S,47,94.10,44.65,17880207.5,89331376.7,440226245
10.0,S,47,103.91,49.18,17880207.5,89331477.4,440226332
11.0,S,47,114.65,54.31,17880207.5,89331478.0,440226342
12.0,S,47,124.15,58.83,17880207.5,89331602.9,440226451
13.0,S,47,134.72,64.09,17880207.5,89331603.1,440226456
14.0,S,47,145.52,69.13,17880207.5,89331603.3,440226459
15.0,S,50,156.26,73.85,17880207.5,89331696.1,440226542
16.0,S,50,169.80,79.23,17880207.5,89331696.7,440226543
17.0,S,48,180.96,83.99,17880207.5,89331881.3,440226709
18.0,S,48,192.41,88.94,17880207.5,89331943.0,440226851
19.0,S,47,203.18,94.04,17880207.5,89331943.2,440226864
20.0,S,53,213.77,97.80,17880207.5,89332047.6,440227128
21.0,S,53,230.47,102.99,17880207.5,89332048.1,440227146
22.0,S,50,245.27,108.07,17880207.5,89332215.9,440227302
23.0,S,49,257.16,112.77,17880207.5,89332416.3,440227502
24.0,S,48,269.55,117.84,17880207.5,89332464.0,440227685
25.0,S,58,280.88,122.63,17880207.5,89332612.1,440227825
26.0,S,58,303.73,127.73,17880207.5,89332612.4,440227834
27.0,S,58,326.77,132.68,17880207.5,89332613.3,440227885
28.0,S,57,349.00,137.68,17880207.5,89332666.7,440227948
29.0,S,54,366.77,142.06,17880207.5,89332929.7,440228218
30.0,S,50,383.05,147.25,17880207.5,89333237.7,440228613
31.0,S,47,395.89,152.68,17880207.5,89333432.9,440228784
32.0,S,47,404.73,156.48,17880207.5,89333536.9,440229042
33.0,S,47,416.51,161.56,17880207.5,89333537.8,440229047
34.0,S,47,427.63,166.33,17880207.5,89333567.9,440229111
35.0,S,47,437.61,170.47,17880207.5,89333641.7,440229296
36.0,S,47,449.45,175.45,17880207.5,89333641.9,440229313
37.0,S,50,457.80,178.87,17880207.5,89333744.2,440229659
38.0,S,50,472.63,183.93,17880207.5,89333744.9,440229662
39.0,S,49,486.87,188.91,17880207.5,89333839.3,440229780
40.0,S,48,498.23,193.46,17880207.5,89333989.3,440229944
41.0,S,48,510.16,198.67,17880207.5,89334202.8,440230141
42.0,S,55,526.66,203.76,17880207.5,89334286.4,440230343
43.0,S,61,551.33,208.63,17880207.5,89334353.4,440230414
44.0,S,61,577.39,213.50,17880207.5,89334354.2,440230435
45.0,S,61,603.00,218.46,17880207.5,89334374.0,440230670
46.0,S,56,612.15,220.48,17880207.5,89334920.2,440231660
47.0,S,53,629.31,224.80,17880207.5,89335101.1,440231858
48.0,S,50,643.72,229.95,17880207.5,89335371.0,440232089
49.0,S,48,657.33,235.38,17880207.5,89335419.8,440232134
50.0,S,52,673.46,239.28,17880207.5,89335522.5,440232266
51.0,S,52,691.66,243.96,17880207.5,89335522.9,440232282
52.0,S,49,704.16,247.73,17880207.5,89335711.7,440232801
53.0,S,47,710.16,250.02,17880207.5,89335932.4,440233363
54.0,S,47,722.97,255.10,17880207.5,89335933.1,440233372
55.0,S,47,734.93,259.70,17880207.5,89336026.2,440233468
56.0,S,47,747.61,264.67,17880207.5,89336052.2,440233562
57.0,S,47,760.40,269.69,17880207.5,89336065.1,440233601
58.0,S,47,770.44,273.43,17880207.5,89336168.1,440233855
59.0,S,47,783.29,278.41,17880207.5,89336168.9,440233892
60.0,S,50,795.13,283.03,17880207.5,89336272.0,440233993
61.0,S,50,810.96,288.12,17880207.5,89336272.3,440234052
62.0,S,50,826.65,293.30,17880207.5,89336278.9,440234117
63.0,S,48,837.28,296.95,17880207.5,89336502.4,440234760
64.0,S,48,849.29,301.77,17880207.5,89336709.0,440235130
65.0,S,47,861.97,306.93,17880207.5,89336757.9,440235177
66.0,S,53,876.15,311.60,17880207.5,89336860.8,440235268
67.0,S,53,894.99,316.72,17880207.5,89336861.1,440235275
68.0,S,53,909.18,320.77,17880207.5,89337040.4,440235672
69.0,S,49,923.41,325.19,17880207.5,89337249.7,440236059
70.0,S,49,937.93,330.22,17880207.5,89337617.2,440236372
71.0,S,47,950.89,335.51,17880207.5,89337727.3,440236468
72.0,S,51,963.44,339.55,17880207.5,89337830.2,440236651
73.0,S,51,980.37,344.55,17880207.5,89337830.3,440236660
74.1,S,49,995.98,349.55,17880207.5,89337973.5,440237042
75.1,S,47,1006.73,353.13,17880207.5,89338124.0,440237420
76.1,S,47,1020.03,358.44,17880207.5,89338314.7,440237725
77.1,S,47,1032.66,363.74,17880207.5,89338315.9,440237738
78.1,S,47,1044.32,368.16,17880207.5,89338419.0,440237846
79.1,S,47,1057.23,373.03,17880207.5,89338419.2,440237867
80.1,S,47,1067.45,377.03,17880207.5,89338522.2,440238095
81.1,S,47,1080.31,382.05,17880207.5,89338522.7,440238116
82.1,S,47,1093.00,387.22,17880207.5,89338523.3,440238126
83.1,S,50,1105.12,390.96,17880207.5,89338626.0,440238369
84.1,S,50,1120.59,396.39,17880207.5,89338626.3,440238391
85.1,S,48,1134.49,401.28,17880207.5,89338931.0,440238670
86.1,S,48,1146.37,405.75,17880207.5,89339062.9,440238794
87.1,S,47,1158.96,410.95,17880207.5,89339110.7,440238845
88.1,S,53,1172.40,415.59,17880207.5,89339213.7,440238942
89.1,S,53,1191.27,420.65,17880207.5,89339213.9,440238979
90.1,S,52,1208.55,425.44,17880207.5,89339261.9,440239146
91.1,S,49,1219.29,428.98,17880207.5,89339561.0,440239925
92.1,S,49,1233.06,433.44,17880207.5,89339603.0,440240030
93.1,S,49,1247.17,438.80,17880207.5,89339983.5,440240366
94.1,S,51,1259.32,443.29,17880207.5,89340182.3,440240559
95.1,S,51,1276.13,448.43,17880207.5,89340182.6,440240560
96.1,S,50,1290.62,453.05,17880207.5,89340282.9,440240820
97.1,S,47,1301.17,456.78,17880207.5,89340476.6,440241349
98.1,S,47,1314.47,462.37,17880207.5,89340476.9,440241366
99.1,S,47,1327.21,467.80,17880207.5,89340667.8,440241542
100.1,S,47,1339.02,472.30,17880207.5,89340771.0,440241636
101.1,S,47,1351.81,477.30,17880207.5,89340771.1,440241654
102.1,S,47,1363.58,482.03,17880207.5,89340807.4,440241748
103.1,S,47,1373.72,485.72,17880207.5,89340874.4,440241997
104.1,S,47,1386.57,490.69,17880207.5,89340875.2,440242006
105.1,S,50,1399.46,495.27,17880207.5,89340978.4,440242095
106.1,S,50,1414.93,500.75,17880207.5,89340978.7,440242113
107.1,S,48,1429.72,505.93,17880207.5,89341122.0,440242245
108.1,S,48,1440.04,509.77,17880207.5,89341317.9,440242801
109.1,S,48,1452.61,514.87,17880207.5,89341463.1,440243161
110.1,S,47,1464.98,520.26,17880207.5,89341463.8,440243194
111.1,S,53,1480.57,524.75,17880207.5,89341566.6,440243345
112.1,S,53,1499.74,529.49,17880207.5,89341567.0,440243367
113.1,S,50,1515.45,534.21,17880207.5,89341852.7,440243647
114.1,S,49,1529.22,538.81,17880207.5,89341955.8,440243744
115.1,S,47,1543.36,544.08,17880207.5,89342052.1,440243840
116.1,S,51,1555.92,548.86,17880207.5,89342155.0,440243936
117.1,S,51,1572.94,554.14,17880207.5,89342328.9,440244368
118.1,S,51,1589.24,559.62,17880207.5,89342546.7,440244836
119.1,S,47,1602.34,564.29,17880207.5,89342803.8,440245169
120.1,S,47,1616.04,568.94,17880207.5,89342829.7,440245195
121.1,S,47,1628.76,574.07,17880207.5,89343020.5,440245359
122.1,S,47,1640.29,578.86,17880207.5,89343123.4,440245451
123.1,S,47,1653.09,583.93,17880207.5,89343123.9,440245470
124.1,S,47,1665.74,589.18,17880207.5,89343124.2,440245482
125.1,S,47,1675.67,593.12,17880207.5,89343227.2,440245738
126.1,S,47,1688.34,598.33,17880207.5,89343228.3,440245742
127.1,S,50,1700.81,602.83,17880207.5,89343331.6,440245852
128.1,S,50,1716.80,607.72,17880207.5,89343331.9,440245862
129.1,S,50,1731.11,612.07,17880207.5,89343410.1,440246087
130.2,S,48,1740.57,615.79,17880207.5,89343767.3,440246868
131.2,S,48,1753.29,620.93,17880207.5,89343767.9,440246870
132.2,S,47,1765.90,626.10,17880207.5,89343816.0,440246917
133.2,S,53,1780.09,629.74,17880207.5,89343919.0,440247170
134.2,S,53,1799.16,634.57,17880207.5,89343919.2,440247207
135.2,S,50,1814.43,639.04,17880207.5,89344157.8,440247741
136.2,S,49,1828.16,643.73,17880207.5,89344308.7,440247878
137.2,S,49,1842.51,649.00,17880207.5,89344449.0,440248171
138.2,S,47,1853.62,653.54,17880207.5,89344785.2,440248694
139.2,S,51,1868.56,658.22,17880207.5,89344888.5,440248789
140.2,S,51,1885.29,663.45,17880207.5,89344888.5,440248796
141.2,S,48,1898.46,668.30,17880207.5,89345065.9,440249185
142.2,S,47,1908.76,672.06,17880207.5,89345183.2,440249503
143.2,S,47,1922.57,677.15,17880207.5,89345184.0,440249513
144.2,S,47,1934.06,681.58,17880207.5,89345450.9,440249760
145.2,S,47,1946.37,686.56,17880207.5,89345477.4,440249788
146.2,S,47,1959.25,691.49,17880207.5,89345477.7,440249796
147.2,S,47,1968.61,695.17,17880207.5,89345581.1,440250092
148.2,S,47,1981.61,700.04,17880207.5,89345581.4,440250097
149.2,S,47,1994.34,705.12,17880207.5,89345581.7,440250105
150.2,S,50,2002.50,707.26,17880207.5,89345684.4,440250652
151.2,S,50,2018.33,712.36,17880207.5,89345684.8,440250661
152.2,S,50,2030.32,716.43,17880207.5,89345873.2,440251085
153.2,S,48,2041.74,720.95,17880207.5,89346148.9,440251552
154.2,S,48,2054.46,726.09,17880207.5,89346149.2,440251609
155.2,S,47,2067.20,731.09,17880207.5,89346197.5,440251660
156.2,S,53,2080.07,734.32,17880207.5,89346300.0,440252002
157.2,S,53,2098.84,739.43,17880207.5,89346300.1,440252006
158.2,S,50,2116.24,744.64,17880207.5,89346491.3,440252183
159.2,S,49,2129.42,749.34,17880207.5,89346689.4,440252355
160.2,S,49,2143.72,754.88,17880207.5,89346739.4,440252476
161.2,S,49,2151.58,758.02,17880207.5,89347165.4,440253465
162.2,S,51,2164.68,763.03,17880207.5,89347268.8,440253561
163.2,S,51,2181.13,768.52,17880207.5,89347269.2,440253570
164.2,S,47,2196.06,773.59,17880207.5,89347460.5,440253747
165.2,S,47,2206.50,777.05,17880207.5,89347563.4,440254053
166.2,S,47,2219.70,782.22,17880207.5,89347754.3,440254512
167.2,S,47,2232.60,787.16,17880207.5,89347754.9,440254517
168.2,S,47,2244.11,791.97,17880207.5,89347857.9,440254616
169.2,S,47,2256.83,797.07,17880207.5,89347858.2,440254626
170.2,S,47,2266.27,800.50,17880207.5,89347961.3,440254935
171.2,S,47,2279.03,805.61,17880207.5,89347961.5,440254937
172.2,S,47,2291.77,810.70,17880207.5,89347962.5,440254949
173.2,S,50,2304.60,815.17,17880207.5,89348065.3,440255085
174.2,S,50,2320.32,820.38,17880207.5,89348065.9,440255091
175.2,S,48,2333.82,825.45,17880207.5,89348399.6,440255759
176.2,S,48,2345.59,830.05,17880207.5,89348502.5,440255853
177.2,S,48,2358.22,835.21,17880207.5,89348502.7,440255863
178.2,S,53,2371.79,839.94,17880207.5,89348653.7,440256001
179.2,S,53,2390.63,845.08,17880207.5,89348654.2,440256007
180.2,S,53,2406.77,849.79,17880207.5,89348823.2,440256317
181.2,S,49,2420.61,854.36,17880207.5,89349043.1,440256517
182.2,S,49,2435.55,859.34,17880207.5,89349043.4,440256520
183.2,S,47,2449.43,864.48,17880207.5,89349139.1,440256729
184.2,S,51,2461.60,868.26,17880207.5,89349284.7,440257081
185.2,S,51,2477.99,873.26,17880207.5,89349623.1,440257853
186.2,S,48,2494.03,878.21,17880207.5,89349766.6,440257979
187.2,S,47,2506.47,882.82,17880207.5,89349917.2,440258123
188.2,S,47,2520.18,888.02,17880207.5,89349917.5,440258125
189.2,S,47,2533.91,893.19,17880207.5,89349918.2,440258133
190.2,S,47,2541.33,895.75,17880207.5,89350211.6,440258768
191.2,S,47,2554.16,900.76,17880207.5,89350211.7,440258782
192.2,S,47,2566.70,906.07,17880207.5,89350212.0,440258786
193.2,S,47,2578.37,910.76,17880207.5,89350314.9,440258882
194.2,S,47,2591.16,915.84,17880207.5,89350315.4,440258883
195.2,S,50,2601.37,919.61,17880207.5,89350418.4,440259158
196.2,S,50,2617.01,924.87,17880207.5,89350418.7,440259165
197.2,S,49,2632.04,930.10,17880207.5,89350626.3,440259341
198.2,S,48,2644.06,934.61,17880207.5,89350854.8,440259643
199.2,S,48,2656.84,939.68,17880207.5,89350855.2,440259649
200.2,S,47,2669.53,944.66,17880207.5,89350903.3,440259767
201.2,S,53,2682.42,947.93,17880207.5,89351006.4,440260111
202.2,S,53,2701.73,952.55,17880207.5,89351007.0,440260121
203.2,S,49,2716.78,957.11,17880207.5,89351245.2,440260372
204.2,S,49,2730.30,961.94,17880207.5,89351395.9,440260505
205.2,S,49,2744.10,967.24,17880207.5,89351559.8,440261035
206.2,S,47,2754.87,971.99,17880207.5,89351872.6,440261550
207.2,S,51,2769.49,976.64,17880207.5,89351975.6,440261642
208.2,S,51,2786.33,981.75,17880207.5,89351976.0,440261657
209.2,S,48,2800.47,986.63,17880207.5,89352159.0,440261896
210.2,S,47,2813.05,991.40,17880207.5,89352269.9,440262043
211.2,S,47,2825.78,996.79,17880207.5,89352461.4,440262295
212.2,S,47,2835.87,1000.76,17880207.5,89352564.7,440262528
213.2,S,47,2848.78,1005.69,17880207.5,89352564.9,440262533
214.2,S,47,2861.66,1010.65,17880207.5,89352565.1,440262543
215.2,S,47,2873.20,1015.39,17880207.5,89352668.1,440262642
216.2,S,47,2885.92,1020.51,17880207.5,89352668.9,440262692
217.2,S,50,2898.13,1024.92,17880207.5,89352771.8,440262828
218.2,S,50,2913.80,1030.16,17880207.5,89352772.1,440262838
219.2,S,49,2929.06,1035.13,17880207.5,89352915.1,440262972
220.2,S,48,2941.71,1039.49,17880207.5,89353208.4,440263230
221.2,S,48,2954.23,1044.87,17880207.5,89353208.9,440263236
222.2,S,47,2966.71,1050.11,17880207.5,89353256.9,440263342
223.2,S,53,2981.03,1053.99,17880207.5,89353359.9,440263579
224.2,S,53,2999.87,1059.11,17880207.5,89353360.2,440263631
225.2,S,50,3016.09,1064.20,17880207.5,89353559.8,440263834
226.2,S,49,3029.35,1068.71,17880207.5,89353749.0,440263993
227.2,S,48,3043.74,1073.95,17880207.5,89353797.4,440264043
228.2,S,47,3057.23,1079.26,17880207.5,89353845.5,440264111
229.2,S,51,3072.25,1084.33,17880207.5,89354328.6,440264527
230.2,S,51,3088.88,1089.61,17880207.5,89354329.0,440264537
231.2,S,48,3101.57,1094.11,17880207.5,89354512.6,440265014
232.2,S,47,3112.03,1097.78,17880207.5,89354623.0,440265326
233.2,S,47,3125.69,1102.99,17880207.5,89354624.2,440265332
234.2,S,47,3137.79,1107.61,17880207.5,89354917.1,440265673
235.2,S,47,3150.49,1112.65,17880207.5,89354917.3,440265683
236.2,S,47,3163.61,1117.33,17880207.5,89354917.6,440265703
237.2,S,47,3173.56,1121.10,17880207.5,89355021.0,440265955
238.2,S,47,3186.37,1126.14,17880207.5,89355021.6,440266007
239.3,S,47,3198.15,1130.87,17880207.5,89355116.7,440266094
240.3,S,50,3213.82,1135.91,17880207.5,89355124.6,440266111
241.3,S,50,3229.60,1141.07,17880207.5,89355125.0,440266127
242.3,S,48,3240.56,1145.05,17880207.5,89355458.4,440266709
243.3,S,48,3252.28,1149.66,17880207.5,89355562.0,440266814
244.3,S,47,3264.96,1154.75,17880207.5,89355610.6,440266859
245.3,S,53,3279.19,1159.32,17880207.5,89355713.5,440266959
246.3,S,53,3298.26,1164.22,17880207.5,89355713.8,440266992
247.3,S,53,3315.25,1169.55,17880207.5,89355858.8,440267395
248.3,S,49,3327.13,1173.43,17880207.5,89356102.2,440267839
249.3,S,49,3341.89,1178.61,17880207.5,89356103.0,440267842
250.3,S,47,3354.33,1183.75,17880207.5,89356579.0,440268254
251.3,S,51,3365.41,1187.64,17880207.5,89356682.4,440268493
252.3,S,51,3382.22,1192.73,17880207.5,89356682.9,440268497
253.3,S,48,3398.22,1197.81,17880207.5,89356826.1,440268627
254.3,S,47,3409.65,1201.98,17880207.5,89356976.9,440268852
255.3,S,47,3423.27,1207.27,17880207.5,89356977.9,440268884
256.3,S,47,3436.90,1212.46,17880207.5,89356990.2,440268941
257.3,S,47,3442.77,1214.71,17880207.5,89357271.6,440269709
258.3,S,47,3455.68,1219.62,17880207.5,89357271.9,440269724
259.3,S,47,3468.50,1224.61,17880207.5,89357272.3,440269740
260.3,S,47,3480.11,1229.26,17880207.5,89357375.1,440269840
261.3,S,47,3492.86,1234.37,17880207.5,89357375.6,440269843
262.3,S,50,3503.17,1238.16,17880207.5,89357478.4,440270098
263.3,S,50,3518.94,1243.29,17880207.5,89357478.6,440270104
264.3,S,49,3534.41,1248.60,17880207.5,89357621.8,440270255
265.3,S,48,3545.74,1253.09,17880207.5,89357915.3,440270510
266.3,S,48,3558.70,1257.98,17880207.5,89357916.0,440270517
267.3,S,47,3571.12,1263.16,17880207.5,89357964.0,440270727
268.3,S,53,3585.36,1266.89,17880207.5,89358067.2,440270976
269.3,S,53,3604.69,1271.45,17880207.5,89358067.4,440270984
270.3,S,49,3620.99,1276.12,17880207.5,89358353.6,440271278
271.3,S,49,3634.69,1280.72,17880207.5,89358456.6,440271391
272.3,S,49,3647.97,1285.68,17880207.5,89358684.7,440272018
273.3,S,47,3658.92,1290.40,17880207.5,89358959.1,440272557
274.3,S,51,3674.69,1295.13,17880207.5,89359036.3,440272634
275.3,S,51,3691.36,1300.42,17880207.5,89359036.9,440272642
276.3,S,48,3704.21,1304.96,17880207.5,89359253.2,440272999
277.3,S,47,3715.34,1309.00,17880207.5,89359330.2,440273205
278.3,S,47,3728.32,1314.32,17880207.5,89359521.4,440273507
279.3,S,47,3740.02,1318.77,17880207.5,89359624.3,440273668
280.3,S,47,3752.80,1323.84,17880207.5,89359624.7,440273671
281.3,S,47,3765.69,1328.81,17880207.5,89359625.0,440273681
282.3,S,47,3775.26,1332.46,17880207.5,89359727.9,440273965
283.3,S,47,3787.80,1337.75,17880207.5,89359728.4,440273974
284.3,S,50,3799.76,1342.44,17880207.5,89359831.2,440274067
285.3,S,50,3815.57,1347.54,17880207.5,89359831.4,440274070
286.3,S,50,3831.24,1352.71,17880207.5,89359882.9,440274179
287.3,S,48,3840.53,1356.09,17880207.5,89360121.8,440274757
288.3,S,48,3851.89,1360.47,17880207.5,89360267.7,440274882
289.3,S,47,3864.72,1365.44,17880207.5,89360315.8,440274927
290.3,S,53,3878.53,1369.89,17880207.5,89360418.5,440275052
291.3,S,53,3897.53,1374.82,17880207.5,89360418.8,440275056
292.3,S,53,3912.34,1379.20,17880207.5,89360593.2,440275462
293.3,S,49,3925.66,1383.54,17880207.5,89360807.4,440275845
294.3,S,49,3940.44,1388.69,17880207.5,89360807.8,440275848
295.3,S,47,3953.34,1393.54,17880207.5,89360915.4,440276084
296.3,S,51,3961.01,1396.40,17880207.5,89361386.9,440277037
297.3,S,51,3977.92,1401.70,17880207.5,89361387.6,440277046
298.3,S,51,3994.63,1406.88,17880207.5,89361414.6,440277103
299.3,S,47,4006.73,1411.19,17880207.5,89361579.0,440277475
300.3,S,47,4017.14,1414.95,17880207.5,89361699.9,440277794
301.3,S,47,4030.09,1419.79,17880207.5,89361873.1,440278069
302.3,S,47,4040.23,1423.52,17880207.5,89361976.0,440278311
303.3,S,47,4053.01,1428.59,17880207.5,89361976.4,440278316
304.3,S,47,4065.81,1433.66,17880207.5,89361977.4,440278326
305.3,S,47,4077.43,1438.24,17880207.5,89362080.1,440278420
306.3,S,47,4090.29,1443.20,17880207.5,89362080.8,440278474
307.3,S,47,4101.25,1447.49,17880207.5,89362124.5,440278639
308.3,S,50,4114.18,1451.55,17880207.5,89362184.0,440278843
309.3,S,50,4130.02,1456.61,17880207.5,89362184.3,440278846
310.3,S,48,4142.18,1461.21,17880207.5,89362519.5,440279142
311.3,S,48,4153.89,1465.89,17880207.5,89362620.6,440279226
312.3,S,47,4166.44,1471.10,17880207.5,89362668.8,440279298
313.3,S,53,4178.11,1474.98,17880207.5,89362771.4,440279546
314.3,S,53,4196.88,1480.17,17880207.5,89362771.8,440279567
315.3,S,53,4214.63,1485.51,17880207.5,89362827.9,440279859
316.3,S,49,4228.96,1489.91,17880207.5,89363160.8,440280151
317.3,S,49,4243.26,1495.36,17880207.5,89363387.1,440280347
318.3,S,47,4256.04,1500.80,17880207.5,89363637.3,440280564
319.3,S,51,4269.77,1505.17,17880207.5,89363739.9,440280652
320.3,S,51,4286.73,1510.13,17880207.5,89363740.4,440280668
321.3,S,48,4300.46,1514.52,17880207.5,89363883.8,440280985
322.3,S,47,4311.58,1518.47,17880207.5,89364035.1,440281327
323.3,S,47,4325.39,1523.53,17880207.5,89364035.2,440281337
324.3,S,47,4338.22,1528.81,17880207.5,89364226.2,440281516
325.3,S,47,4350.00,1533.30,17880207.5,89364329.4,440281609
326.3,S,47,4362.75,1538.42,17880207.5,89364330.2,440281615
327.3,S,47,4371.90,1541.99,17880207.5,89364433.2,440281931
328.3,S,47,4384.57,1547.19,17880207.5,89364434.0,440281935
329.3,S,47,4397.28,1552.39,17880207.5,89364434.1,440281939
330.3,S,50,4410.63,1556.94,17880207.5,89364537.4,440282036
331.3,S,50,4426.40,1562.11,17880207.5,89364537.9,440282085
332.3,S,49,4441.22,1567.44,17880207.5,89364871.6,440282378
333.3,S,48,4452.73,1572.10,17880207.5,89364974.2,440282476
334.3,S,47,4465.37,1577.14,17880207.5,89365022.7,440282619
335.3,S,53,4475.38,1580.89,17880207.5,89365125.4,440282882
336.3,S,53,4494.57,1585.62,17880207.5,89365125.9,440282886
337.3,S,53,4513.61,1590.18,17880207.5,89365190.8,440282958
338.3,S,49,4527.75,1593.87,17880207.5,89365514.6,440283272
339.3,S,49,4542.78,1598.74,17880207.5,89365514.7,440283273
340.3,S,48,4550.76,1601.94,17880207.5,89365843.9,440284149
341.3,S,47,4561.19,1606.43,17880207.5,89366011.1,440284565
342.3,S,51,4576.71,1611.10,17880207.5,89366094.0,440284641
343.3,S,51,4593.29,1616.45,17880207.5,89366094.3,440284650
344.3,S,47,4606.31,1621.15,17880207.5,89366307.6,440285076
345.3,S,47,4617.18,1624.73,17880207.5,89366388.7,440285341
346.3,S,47,4630.72,1629.86,17880207.5,89366579.5,440285515
347.3,S,47,4642.37,1634.45,17880207.5,89366682.2,440285612
348.3,S,47,4655.23,1639.48,17880207.5,89366682.6,440285615
349.3,S,47,4667.92,1644.61,17880207.5,89366682.9,440285624
350.3,S,47,4677.81,1648.47,17880207.5,89366785.6,440285880
351.3,S,47,4690.52,1653.64,17880207.5,89366786.0,440285881
352.3,S,50,4702.35,1658.31,17880207.5,89366889.1,440285985
353.3,S,50,4718.47,1663.08,17880207.5,89366889.2,440285986
354.3,S,50,4734.44,1667.82,17880207.5,89366895.6,440286074
355.3,S,48,4745.96,1672.15,17880207.5,89367326.2,440286457
356.3,S,48,4758.71,1677.23,17880207.5,89367326.8,440286469
357.3,S,47,4770.10,1681.85,17880207.5,89367425.7,440286627
358.3,S,53,4786.70,1686.18,17880207.5,89367477.9,440286761
359.3,S,53,4805.60,1691.22,17880207.5,89367478.0,440286771
360.3,S,51,4822.81,1696.29,17880207.5,89367622.6,440286912
361.3,S,49,4835.26,1700.47,17880207.5,89367867.5,440287120
362.3,S,49,4850.05,1705.59,17880207.5,89367867.9,440287203
363.3,S,47,4861.76,1710.56,17880207.5,89368360.4,440287655
364.3,S,51,4877.39,1715.11,17880207.5,89368447.2,440287743
365.3,S,51,4894.03,1720.39,17880207.5,89368448.1,440287750
366.3,S,47,4907.83,1725.58,17880207.5,89368658.7,440288269
367.3,S,47,4919.57,1729.88,17880207.5,89368741.3,440288432
368.3,S,47,4931.52,1734.31,17880207.5,89368932.5,440288597
369.3,S,47,4943.17,1738.84,17880207.5,89369035.3,440288693
370.3,S,47,4956.06,1743.82,17880207.5,89369035.6,440288697
371.3,S,47,4968.76,1748.95,17880207.5,89369036.1,440288702
372.3,S,47,4978.95,1752.86,17880207.5,89369139.1,440288932
373.3,S,47,4991.77,1757.90,17880207.5,89369139.3,440288935
374.3,S,50,5003.66,1762.57,17880207.5,89369242.3,440289041
375.3,S,50,5019.32,1767.84,17880207.5,89369242.4,440289044
376.3,S,50,5034.68,1773.30,17880207.5,89369338.1,440289130
377.3,S,48,5047.34,1778.22,17880207.5,89369488.7,440289265
378.3,S,48,5059.93,1783.07,17880207.5,89369679.0,440289430
379.3,S,47,5072.56,1788.15,17880207.5,89369727.1,440289544
380.3,S,53,5086.06,1792.06,17880207.5,89369830.2,440289767
381.3,S,53,5105.02,1796.99,17880207.5,89369830.4,440289776
382.3,S,51,5121.05,1801.39,17880207.5,89369966.1,440290173
383.3,S,49,5129.41,1803.83,17880207.5,89370248.5,440290960
384.3,S,49,5144.16,1808.99,17880207.5,89370248.6,440290961
385.3,S,49,5157.34,1814.32,17880207.5,89370588.3,440291919
386.3,S,51,5168.09,1818.38,17880207.5,89370828.2,440292223
387.3,S,51,5185.10,1823.30,17880207.5,89370829.2,440292225
388.3,S,47,5200.68,1828.20,17880207.5,89371020.2,440292398
389.3,S,47,5213.15,1832.92,17880207.5,89371123.0,440292494
390.3,S,47,5226.54,1838.21,17880207.5,89371202.4,440292688
391.3,S,47,5239.27,1843.32,17880207.5,89371314.8,440292965
392.3,S,47,5249.53,1847.33,17880207.5,89371417.8,440293184
393.4,S,47,5262.36,1852.35,17880207.5,89371418.2,440293192
394.4,S,47,5272.43,1856.17,17880207.5,89371507.9,440293443
395.4,S,47,5284.26,1860.83,17880207.5,89371521.0,440293522
396.4,S,47,5297.08,1865.83,17880207.5,89371521.8,440293524
397.4,S,50,5310.36,1870.24,17880207.5,89371624.8,440293636
398.4,S,50,5326.15,1875.38,17880207.5,89371625.4,440293643
399.4,S,48,5340.35,1880.48,17880207.5,89371768.6,440293963
400.4,S,48,5350.23,1884.27,17880207.5,89372061.7,440294398
401.4,S,47,5362.92,1889.36,17880207.5,89372109.9,440294455
402.4,S,53,5374.69,1893.91,17880207.5,89372212.9,440294551
403.4,S,53,5393.66,1898.88,17880207.5,89372213.0,440294553
404.4,S,53,5412.59,1903.88,17880207.5,89372213.5,440294558
405.4,S,50,5422.96,1907.20,17880207.5,89372451.9,440295251
406.4,S,49,5436.33,1911.68,17880207.5,89372602.5,440295428
407.4,S,49,5450.88,1916.88,17880207.5,89372650.6,440295628
408.4,S,47,5459.35,1920.50,17880207.5,89373078.8,440296485
409.4,S,51,5472.97,1925.09,17880207.5,89373182.3,440296584
410.4,S,51,5489.76,1930.24,17880207.5,89373182.7,440296648
411.4,S,48,5505.35,1935.43,17880207.5,89373325.7,440296802
412.4,S,47,5517.85,1940.19,17880207.5,89373476.2,440296934
413.4,S,47,5531.27,1945.38,17880207.5,89373598.5,440297188
414.4,S,47,5542.59,1949.90,17880207.5,89373692.8,440297387
415.4,S,47,5553.28,1953.88,17880207.5,89373771.1,440297578
416.4,S,47,5566.06,1958.96,17880207.5,89373771.4,440297587
417.4,S,47,5575.35,1962.48,17880207.5,89373874.7,440297903
418.4,S,47,5588.05,1967.68,17880207.5,89373874.9,440297908
419.4,S,47,5600.63,1973.00,17880207.5,89373875.3,440297914
420.4,S,50,5613.79,1977.91,17880207.5,89373978.1,440298001
421.4,S,50,5629.50,1983.13,17880207.5,89373978.4,440298009
422.4,S,48,5643.81,1988.10,17880207.5,89374311.4,440298299
423.4,S,48,5655.41,1992.61,17880207.5,89374414.4,440298403
424.4,S,47,5667.74,1997.96,17880207.5,89374462.2,440298511
425.4,S,53,5677.30,2001.40,17880207.5,89374565.4,440298807
426.4,S,53,5696.16,2006.46,17880207.5,89374566.0,440298813
427.4,S,53,5714.81,2011.75,17880207.5,89374583.3,440298836
428.4,S,50,5729.07,2015.98,17880207.5,89374828.3,440299239
429.4,S,49,5739.57,2019.15,17880207.5,89374954.4,440299611
430.4,S,48,5753.45,2024.52,17880207.5,89375002.7,440299691
431.4,S,47,5765.31,2029.25,17880207.5,89375431.7,440300183
432.4,S,51,5779.86,2034.00,17880207.5,89375535.0,440300270
433.4,S,51,5796.72,2039.04,17880207.5,89375535.4,440300293
434.4,S,47,5808.46,2043.02,17880207.5,89375725.9,440300797
435.4,S,47,5817.45,2045.59,17880207.5,89375726.2,440300800
436.4,S,47,5824.97,2047.45,17880207.5,89375830.2,440300967
437.4,S,47,5835.70,2051.47,17880207.5,89376020.8,440301131
438.4,S,47,5848.30,2056.73,17880207.5,89376020.9,440301139
439.4,S,47,5857.82,2060.29,17880207.5,89376123.8,440301436
440.4,S,47,5870.65,2065.28,17880207.5,89376123.8,440301437
441.4,S,47,5883.43,2070.33,17880207.5,89376152.0,440301585
442.4,S,47,5895.00,2074.78,17880207.5,89376255.1,440301694
443.4,S,47,5907.68,2079.97,17880207.5,89376255.5,440301796
444.4,S,50,5918.12,2084.05,17880207.5,89376358.2,440302021
445.4,S,50,5933.77,2089.33,17880207.5,89376358.5,440302029
446.4,S,50,5948.10,2094.33,17880207.5,89376691.5,440302348
447.4,S,48,5959.83,2098.93,17880207.5,89376794.7,440302450
448.4,S,48,5972.69,2103.95,17880207.5,89376795.5,440302462
449.4,S,47,5981.19,2106.88,17880207.5,89376843.4,440302611
450.4,S,47,5987.98,2108.74,17880207.5,89376843.6,440302614
451.4,S,47,5994.68,2110.67,17880207.5,89376843.9,440302627
452.4,S,47,6001.42,2112.55,17880207.5,89376844.2,440302634
453.4,S,47,6007.94,2114.48,17880207.5,89376968.2,440302979
454.4,S,53,6015.00,2116.94,17880207.5,89377328.1,440303773
455.4,S,53,6032.88,2121.97,17880207.5,89377328.7,440303779
456.4,S,53,6050.10,2127.00,17880207.5,89377400.6,440303939
457.4,S,49,6057.98,2130.12,17880207.5,89377614.9,440304575
458.4,S,49,6069.16,2134.24,17880207.5,89377718.0,440304797
459.4,S,47,6082.12,2138.93,17880207.5,89377813.7,440304893
460.4,S,47,6089.31,2140.86,17880207.5,89377814.0,440304895
461.4,S,47,6096.12,2142.89,17880207.5,89377958.6,440305359
462.4,S,51,6104.26,2146.44,17880207.5,89378107.4,440305722
463.4,S,51,6120.16,2151.47,17880207.5,89378108.2,440305730
464.4,S,51,6135.72,2156.75,17880207.5,89378127.2,440305775
465.4,S,47,6144.07,2159.83,17880207.5,89378298.9,440306239
466.4,S,47,6152.16,2162.32,17880207.5,89378299.4,440306244
467.4,S,47,6158.59,2164.02,17880207.5,89378402.3,440306359
468.4,S,47,6164.93,2165.64,17880207.5,89378402.4,440306367
469.4,S,47,6171.12,2167.25,17880207.5,89378403.0,440306378
470.4,S,47,6177.44,2168.92,17880207.5,89378403.1,440306379
471.4,S,47,6183.67,2170.64,17880207.5,89378403.7,440306383
472.4,S,47,6189.92,2172.31,17880207.5,89378403.8,440306384
473.4,S,47,6196.20,2174.00,17880207.5,89378404.1,440306389
474.4,S,47,6202.66,2175.56,17880207.5,89378404.3,440306390
475.4,S,47,6209.02,2177.26,17880207.5,89378404.7,440306395
476.4,S,47,6215.70,2178.89,17880207.5,89378594.7,440306557
477.4,S,47,6224.24,2180.45,17880207.5,89378595.6,440306562
478.4,S,47,6233.05,2181.85,17880207.5,89378595.7,440306563
479.4,S,47,6241.89,2183.21,17880207.5,89378596.3,440306566
480.4,S,47,6249.77,2184.62,17880207.5,89378699.4,440306660
481.4,S,47,6258.39,2186.17,17880207.5,89378699.7,440306666
482.4,S,47,6266.97,2187.57,17880207.5,89378700.1,440306670
483.4,S,47,6275.28,2189.04,17880207.5,89378858.0,440307021
484.4,S,47,6284.03,2190.71,17880207.5,89379080.5,440307212
485.4,S,47,6292.80,2192.20,17880207.5,89379081.2,440307229
486.4,S,47,6299.61,2193.31,17880207.5,89379184.5,440307468
487.4,S,62,6322.44,2194.83,17880207.5,89379185.4,440307478
488.4,S,62,6345.82,2196.35,17880207.5,89379185.9,440307479
489.4,S,62,6369.38,2197.77,17880207.5,89379186.2,440307482
490.4,S,62,6392.82,2199.18,17880207.5,89379186.3,440307483
491.4,S,62,6416.20,2200.76,17880207.5,89379186.8,440307484
492.4,S,65,6441.10,2202.15,17880207.5,89379290.5,440307572
493.4,S,65,6467.31,2203.44,17880207.5,89379360.4,440307632
494.4,S,64,6493.22,2204.72,17880207.5,89379408.6,440307676
495.4,S,63,6517.54,2206.09,17880207.5,89379504.0,440307759
496.4,S,63,6541.86,2207.48,17880207.5,89379504.3,440307769
497.4,S,63,6565.43,2208.83,17880207.5,89379655.0,440307935
498.4,S,62,6581.48,2210.29,17880207.5,89380675.8,440308803
499.4,S,62,6595.34,2211.86,17880207.5,89381587.6,440309574
500.4,S,62,6619.67,2213.25,17880207.5,89381587.9,440309575
501.4,S,62,6644.08,2214.52,17880207.5,89381588.2,440309579
502.4,S,62,6668.51,2215.81,17880207.5,89381589.1,440309582
503.4,S,68,6693.98,2217.39,17880207.5,89381691.9,440309676
504.4,S,68,6722.41,2219.33,17880207.5,89381820.9,440309794
505.4,S,68,6750.92,2221.04,17880207.5,89381821.5,440309795
506.4,S,64,6778.45,2222.72,17880207.5,89382107.1,440310049
507.4,S,64,6804.96,2224.21,17880207.5,89382107.3,440310051
508.4,S,64,6830.99,2225.52,17880207.5,89382118.8,440310087
509.4,S,62,6849.38,2226.48,17880207.5,89382383.6,440310724
510.4,S,62,6869.01,2227.26,17880207.5,89382821.6,440311223
511.4,S,62,6883.80,2228.52,17880207.5,89383872.1,440312108
512.4,S,62,6901.42,2229.63,17880207.5,89384424.9,440312577
513.4,S,62,6921.57,2230.66,17880207.5,89384425.2,440312587
514.4,S,62,6941.87,2231.67,17880207.5,89384426.2,440312599
515.4,S,62,6962.03,2232.60,17880207.5,89384468.4,440312690
516.4,S,62,6981.30,2233.68,17880207.5,89384620.4,440313103
517.4,S,62,7001.36,2234.56,17880207.5,89384620.6,440313128
518.4,S,62,7021.50,2235.40,17880207.5,89384620.9,440313150
519.4,S,62,7041.64,2236.50,17880207.5,89384682.3,440313375
520.4,S,62,7061.34,2237.54,17880207.5,89384919.2,440313951
521.4,S,62,7080.88,2238.60,17880207.5,89385266.1,440314387
522.4,S,62,7099.63,2239.77,17880207.5,89386136.9,440315114
523.4,S,62,7118.90,2240.97,17880207.5,89386425.7,440315373
524.4,S,66,7140.77,2241.81,17880207.5,89386528.5,440315468
525.4,S,66,7163.68,2242.49,17880207.5,89386658.2,440315735
526.4,S,66,7184.10,2243.24,17880207.5,89386799.7,440316185
527.4,S,62,7204.50,2243.93,17880207.5,89386978.2,440316446
528.4,S,62,7224.22,2244.53,17880207.5,89386978.5,440316456
529.4,S,62,7244.00,2245.08,17880207.5,89386978.7,440316465
530.4,S,62,7263.05,2245.71,17880207.5,89387199.5,440317045
531.5,S,62,7281.96,2246.53,17880207.5,89387566.0,440317561
532.5,S,62,7301.24,2247.25,17880207.5,89388087.4,440318006
533.5,S,62,7319.91,2248.18,17880207.5,89388854.4,440318652
534.5,S,62,7341.13,2249.22,17880207.5,89389234.5,440318976
535.5,S,62,7365.47,2250.56,17880207.5,89389234.8,440318984
536.5,S,62,7389.64,2251.99,17880207.5,89389438.9,440319275
537.5,S,62,7413.30,2253.35,17880207.5,89389584.4,440319614
538.5,S,62,7437.18,2254.72,17880207.5,89389672.9,440319770
539.5,S,62,7461.69,2256.16,17880207.5,89389673.1,440319773
540.5,S,62,7485.59,2257.72,17880207.5,89389863.7,440319940
541.5,S,62,7508.81,2259.25,17880207.5,89389992.6,440320068
542.5,S,62,7530.23,2260.63,17880207.5,89390227.2,440320281
543.5,S,62,7552.71,2262.28,17880207.5,89390871.0,440320835
544.5,S,62,7577.25,2264.94,17880207.5,89391104.8,440321127
545.5,S,62,7601.66,2269.02,17880207.5,89391645.3,440321583
546.5,S,61,7627.49,2273.61,17880207.5,89391716.1,440321659
547.5,S,61,7653.50,2278.49,17880207.5,89391845.6,440321795
548.5,S,61,7679.56,2283.38,17880207.5,89391845.8,440321802
549.5,S,61,7705.32,2288.32,17880207.5,89391974.9,440322095
550.5,S,64,7729.32,2292.54,17880207.5,89392206.5,440322490
551.5,S,64,7758.18,2297.54,17880207.5,89392206.9,440322503
552.5,S,64,7787.17,2302.42,17880207.5,89392207.6,440322512
553.5,S,64,7815.77,2307.19,17880207.5,89392335.0,440322639
554.5,S,61,7838.62,2310.82,17880207.5,89392757.8,440323099
555.5,S,60,7862.68,2315.38,17880207.5,89392930.3,440323541
556.5,S,59,7884.11,2319.60,17880207.6,89393512.4,440324436
557.5,S,59,7907.31,2324.27,17880207.6,89393904.6,440324777
558.5,S,57,7926.74,2327.88,17880207.6,89394311.1,440325130
559.5,S,58,7951.89,2332.76,17880207.6,89394490.1,440325289
560.5,S,55,7973.92,2337.53,17880207.6,89394596.2,440325384
561.5,S,52,7992.56,2342.68,17880207.6,89394838.8,440325598
562.5,S,50,8007.31,2347.52,17880207.6,89394989.2,440325737
563.5,S,50,8023.09,2352.54,17880207.6,89395037.6,440325891
564.5,S,47,8031.18,2354.86,17880207.6,89395178.7,440326196
565.5,S,47,8037.48,2356.17,17880207.6,89395214.6,440326262
566.5,S,150,8066.68,2357.97,17880207.6,89395287.4,440326346
567.5,S,194,8102.35,2358.49,17880207.6,89395292.6,440326362
568.5,S,194,8137.91,2358.90,17880207.6,89395292.9,440326363
569.5,S,194,8173.62,2359.31,17880207.6,89395294.6,440326379
570.5,S,194,8209.09,2359.74,17880207.6,89395294.9,440326405
571.5,S,194,8244.78,2360.16,17880207.6,89395295.6,440326413
572.5,S,194,8280.44,2360.53,17880207.6,89395295.9,440326428
573.5,S,194,8316.02,2360.93,17880207.6,89395296.6,440326442
574.5,S,194,8351.82,2361.32,17880207.6,89395297.2,440326445
575.5,S,194,8387.40,2361.71,17880207.6,89395297.6,440326449
576.5,S,194,8422.91,2362.15,17880207.6,89395298.0,440326460
577.5,S,194,8458.74,2362.58,17880207.6,89395298.7,440326472
578.5,S,194,8494.39,2362.99,17880207.6,89395299.0,440326483
579.5,S,194,8530.04,2363.42,17880207.6,89395424.1,440326757
580.5,S,194,8565.70,2363.87,17880207.6,89395490.0,440326940
581.5,S,193,8601.13,2364.29,17880207.6,89395728.1,440327166
582.5,S,191,8636.91,2364.72,17880207.6,89396184.1,440327676
583.5,S,189,8672.44,2365.17,17880207.6,89396389.7,440327975
584.5,S,187,8707.64,2365.58,17880207.6,89397502.7,440328957
585.6,S,186,8743.28,2366.03,17880207.6,89398642.1,440329922
586.6,S,183,8778.57,2366.44,17880207.6,89399830.5,440330918
587.6,S,181,8813.67,2366.86,17880207.6,89400981.7,440331882
588.6,S,181,8848.87,2367.30,17880207.6,89402133.2,440332848
589.6,S,180,8884.43,2367.70,17880207.6,89402555.3,440333213
590.6,S,172,8919.90,2368.13,17880207.6,89402677.6,440333331
591.6,S,166,8955.25,2368.61,17880207.6,89402805.1,440333449
592.6,S,162,8990.80,2369.08,17880207.6,89402996.6,440333635
593.6,S,158,9026.05,2369.62,17880207.6,89403292.8,440333925
594.6,S,151,9061.82,2370.15,17880207.6,89403552.9,440334160
595.6,S,142,9096.97,2370.68,17880207.6,89404137.8,440334685
596.6,S,131,9132.13,2371.23,17880207.6,89404626.4,440335133
597.6,S,119,9167.24,2371.82,17880207.6,89405178.6,440335661
598.6,S,122,9202.56,2372.37,17880207.6,89405742.9,440336164
599.6,S,103,9237.76,2372.86,17880219.0,89406021.9,440336481
600.6,S,100,9273.02,2373.31,17880230.9,89406117.0,440336619
601.6,S,89,9308.12,2373.84,17880245.0,89406500.1,440336991
602.6,S,72,9341.03,2374.49,17880256.2,89407097.1,440337549
603.6,S,74,9361.92,2375.78,17880263.0,89408004.9,440338372
604.6,S,51,9373.96,2377.95,17880263.3,89408184.1,440338546
605.6,S,50,9386.30,2379.67,17880263.3,89408232.6,440338596
606.6,S,47,9395.81,2381.90,17880263.3,89408377.9,440338731
607.6,S,47,9405.43,2383.25,17880263.3,89408378.4,440338767
608.6,S,47,9414.96,2384.50,17880263.4,89408378.5,440338791
609.6,S,47,9424.70,2385.85,17880263.4,89408378.8,440338800
610.6,S,47,9433.99,2387.23,17880263.4,89408408.7,440338840
611.6,S,47,9443.70,2388.69,17880263.4,89408409.0,440338849
612.6,S,47,9453.28,2390.24,17880263.4,89408410.8,440338881
613.6,S,47,9462.99,2391.58,17880263.4,89408438.9,440338926
614.6,S,47,9472.56,2392.95,17880263.4,89408439.1,440338934
615.6,S,47,9482.26,2394.40,17880263.4,89408533.6,440339054
616.6,S,47,9491.54,2395.83,17880263.4,89408826.7,440339379
617.6,S,47,9499.29,2398.19,17880263.4,89409027.2,440339557
618.6,S,62,9521.59,2400.66,17880263.4,89409028.7,440339571
619.6,S,62,9545.16,2402.20,17880263.4,89409028.8,440339580
620.7,S,62,9568.49,2403.74,17880263.5,89409030.2,440339614
621.7,S,62,9591.85,2405.11,17880263.5,89409030.9,440339631
622.7,S,62,9614.80,2406.47,17880263.5,89409185.5,440339775
623.7,S,62,9638.31,2407.94,17880263.5,89409185.6,440339783
624.7,S,62,9665.06,2411.68,17880263.5,89409185.8,440339793
625.7,S,62,9692.29,2416.32,17880263.5,89409186.1,440339797
626.7,S,65,9717.70,2420.31,17880263.5,89409288.9,440339952
627.7,S,65,9747.08,2425.21,17880263.5,89409605.2,440340221
628.7,S,65,9776.05,2430.08,17880263.5,89410057.2,440340611
629.7,S,62,9793.97,2433.74,17880263.5,89411101.7,440341488
630.7,S,56,9815.36,2437.90,17880263.5,89411503.2,440341845
631.7,S,51,9832.57,2442.50,17880263.5,89411708.6,440342035
632.7,S,47,9845.27,2447.39,17880263.6,89411861.0,440342179
633.7,S,55,9865.06,2452.68,17880263.6,89411862.2,440342181
634.7,S,61,9888.19,2457.53,17880263.6,89411965.1,440342281
635.7,S,61,9914.87,2462.76,17880263.6,89411965.2,440342284
636.7,S,60,9941.33,2467.46,17880263.6,89412060.7,440342368
637.7,S,55,9964.87,2471.81,17880263.6,89412365.0,440342630
638.7,S,52,9982.82,2476.12,17880263.6,89412737.6,440342956
639.7,S,47,9995.42,2481.29,17880263.6,89413006.3,440343203
640.7,S,47,10006.21,2485.36,17880263.6,89413103.0,440343391
641.7,S,51,10022.28,2490.32,17880263.6,89413109.3,440343433
642.7,S,51,10038.96,2495.59,17880263.6,89413109.5,440343442
643.7,S,47,10052.02,2500.46,17880263.6,89413363.6,440343666
644.7,S,47,10064.86,2505.74,17880263.6,89413594.8,440343864
645.7,S,47,10077.65,2510.89,17880263.6,89413595.4,440343871
646.7,S,47,10088.07,2514.96,17880263.6,89413698.3,440344075
647.7,S,47,10100.89,2519.99,17880263.6,89413698.6,440344086
648.7,S,47,10113.56,2525.12,17880263.6,89413699.0,440344097
649.7,S,47,10125.29,2529.74,17880263.6,89413803.0,440344192
650.7,S,47,10138.00,2534.88,17880263.6,89413803.5,440344197
651.7,S,50,10148.48,2538.62,17880263.6,89413906.5,440344464
652.7,S,50,10164.12,2543.89,17880263.6,89413906.7,440344474
653.7,S,50,10178.58,2548.83,17880263.6,89414012.1,440344753
654.7,S,48,10186.86,2551.56,17880263.6,89414343.4,440345460
655.7,S,48,10199.83,2556.42,17880263.6,89414343.5,440345468
656.7,S,47,10212.42,2561.55,17880263.6,89414391.9,440345512
657.7,S,53,10227.98,2566.08,17880263.6,89414495.0,440345604
658.7,S,53,10246.78,2571.24,17880263.6,89414495.2,440345607
659.7,S,51,10263.89,2575.81,17880263.6,89414686.1,440345788
660.7,S,49,10278.15,2580.35,17880263.7,89414884.3,440345963
661.7,S,47,10292.57,2585.43,17880263.7,89414979.8,440346053
662.7,S,47,10306.32,2590.59,17880263.7,89414980.3,440346059
663.7,S,51,10319.65,2594.45,17880263.7,89415301.0,440346837
664.7,S,51,10336.42,2599.70,17880263.7,89415463.7,440347140
665.7,S,47,10350.26,2604.44,17880263.7,89415655.1,440347315
666.7,S,47,10362.07,2608.83,17880263.7,89415883.4,440347579
667.7,S,47,10374.77,2614.00,17880263.7,89415948.8,440347651
668.7,S,47,10384.70,2617.87,17880263.7,89416051.9,440347899
669.7,S,47,10397.38,2623.01,17880263.7,89416052.0,440347903
670.7,S,47,10410.03,2628.22,17880263.7,89416052.3,440347911
671.7,S,47,10419.48,2631.71,17880263.7,89416155.6,440348216
672.7,S,47,10432.23,2636.84,17880263.7,89416155.8,440348238
673.7,S,47,10445.13,2641.80,17880263.7,89416156.3,440348258
674.7,S,50,10459.32,2646.58,17880263.7,89416259.5,440348408
675.7,S,50,10475.03,2651.77,17880263.9,89416260.6,440348433
676.7,S,48,10488.13,2656.56,17880263.9,89416502.2,440348704
677.7,S,48,10498.93,2660.75,17880263.9,89416696.5,440348874
678.7,S,47,10511.45,2665.96,17880263.9,89416744.5,440348975
679.7,S,53,10521.95,2669.66,17880263.9,89416847.7,440349263
680.7,S,53,10541.08,2674.47,17880263.9,89416848.0,440349270
681.7,S,53,10558.64,2679.25,17880263.9,89417039.2,440349441
682.7,S,49,10573.06,2683.91,17880263.9,89417237.0,440349619
683.7,S,49,10587.80,2689.09,17880263.9,89417237.1,440349623
684.7,S,47,10601.55,2693.97,17880264.0,89417333.8,440349883
685.7,S,51,10613.57,2698.64,17880264.0,89417816.9,440350385
686.7,S,51,10630.37,2703.78,17880264.0,89417817.5,440350396
687.7,S,47,10645.38,2708.61,17880264.0,89418008.7,440350557
688.7,S,47,10657.97,2713.28,17880264.0,89418111.7,440350650
689.7,S,47,10671.69,2718.40,17880264.0,89418112.5,440350655
690.7,S,47,10684.57,2723.45,17880264.0,89418302.8,440351071
691.7,S,47,10694.98,2727.64,17880264.0,89418406.0,440351267
692.7,S,47,10707.64,2732.87,17880264.0,89418406.5,440351274
693.7,S,47,10717.81,2736.62,17880264.0,89418509.1,440351518
694.7,S,47,10730.62,2741.70,17880264.0,89418509.4,440351525
695.7,S,47,10743.27,2746.95,17880264.0,89418509.7,440351531
696.7,S,50,10754.80,2750.83,17880264.0,89418612.7,440351767
697.7,S,50,10770.66,2755.90,17880264.0,89418612.8,440351770
698.7,S,49,10785.71,2761.33,17880264.0,89418708.6,440351859
699.7,S,48,10796.74,2765.43,17880264.0,89419049.2,440352201
700.7,S,48,10809.45,2770.49,17880264.0,89419089.6,440352280
701.7,S,53,10819.93,2774.59,17880264.0,89419200.3,440352509
702.7,S,53,10838.70,2779.77,17880264.0,89419200.6,440352534
703.7,S,53,10857.44,2784.96,17880264.0,89419207.3,440352563
704.7,S,49,10871.74,2789.54,17880264.0,89419487.1,440352808
705.7,S,49,10885.53,2794.07,17880264.0,89419589.7,440352906
706.7,S,49,10900.19,2799.19,17880264.0,89419637.8,440353017
707.7,S,51,10912.30,2803.33,17880264.0,89419788.4,440353306
708.7,S,51,10929.11,2808.86,17880264.0,89420168.7,440353933
709.7,S,49,10945.44,2813.87,17880264.0,89420312.5,440354060
710.7,S,47,10956.40,2817.93,17880264.0,89420463.0,440354375
711.7,S,47,10969.96,2823.23,17880264.0,89420464.0,440354379
712.7,S,47,10983.08,2828.39,17880264.0,89420654.7,440354538
713.7,S,47,10994.68,2832.92,17880264.0,89420757.6,440354644
714.7,S,47,11007.57,2837.85,17880264.0,89420758.4,440354651
715.8,S,47,11017.73,2841.94,17880264.0,89420799.6,440354878
716.8,S,47,11028.55,2846.22,17880264.0,89420861.4,440355044
717.8,S,47,11041.48,2851.12,17880264.0,89420861.7,440355049
718.8,S,50,11054.27,2855.84,17880264.0,89420964.8,440355189
719.8,S,50,11069.92,2861.06,17880264.0,89420964.9,440355199
720.8,S,48,11084.85,2866.06,17880264.0,89421108.2,440355330
721.8,S,48,11095.59,2870.14,17880264.0,89421241.3,440355681
722.8,S,47,11108.24,2875.23,17880264.0,89421449.4,440356180
723.8,S,47,11121.07,2880.21,17880264.0,89421449.8,440356180
724.8,S,53,11137.39,2884.97,17880264.0,89421552.9,440356283
725.8,S,53,11156.09,2890.22,17880264.0,89421553.5,440356289
726.8,S,50,11170.97,2894.81,17880264.0,89421740.5,440356682
727.8,S,49,11182.60,2898.74,17880264.0,89421942.5,440357075
728.8,S,49,11197.26,2903.95,17880264.0,89421942.9,440357079
729.8,S,47,11211.15,2909.30,17880264.0,89422038.7,440357162
730.8,S,51,11226.05,2914.02,17880264.0,89422522.0,440357594
731.8,S,51,11242.83,2919.33,17880264.0,89422522.8,440357594
732.8,S,47,11255.27,2923.63,17880264.0,89422713.4,440357989
733.8,S,47,11266.38,2927.71,17880264.0,89422816.3,440358205
734.8,S,47,11279.93,2933.08,17880264.0,89422817.3,440358218
735.8,S,47,11292.84,2938.22,17880264.0,89423007.6,440358396
736.8,S,47,11304.39,2942.82,17880264.0,89423110.9,440358498
737.8,S,47,11317.05,2948.05,17880264.0,89423111.0,440358505
738.8,S,47,11326.08,2951.33,17880264.0,89423213.7,440358843
739.8,S,47,11338.72,2956.60,17880264.0,89423213.8,440358849
740.8,S,47,11351.54,2961.65,17880264.0,89423214.3,440358854
741.8,S,50,11364.83,2966.46,17880264.0,89423317.2,440358952
742.8,S,50,11380.57,2971.66,17880264.0,89423317.7,440358955
743.8,S,50,11390.10,2975.31,17880264.0,89423552.5,440359531
744.8,S,48,11401.13,2979.79,17880264.0,89423754.1,440359764
745.8,S,48,11414.01,2984.79,17880264.0,89423754.3,440359766
746.8,S,47,11426.50,2989.96,17880264.0,89423802.4,440359922
747.8,S,53,11440.24,2993.75,17880264.0,89423904.9,440360193
748.8,S,53,11459.13,2998.83,17880264.0,89423905.5,440360202
749.8,S,50,11476.23,3003.82,17880264.0,89424124.3,440360394
750.8,S,49,11490.09,3008.40,17880264.0,89424293.8,440360550
751.8,S,49,11504.82,3013.57,17880264.0,89424317.3,440360601
752.8,S,47,11517.45,3018.37,17880264.0,89424431.8,440360839
753.8,S,51,11532.19,3023.07,17880264.0,89424874.2,440361500
754.8,S,51,11549.07,3028.16,17880264.0,89424874.9,440361510
755.8,S,47,11561.93,3032.70,17880264.0,89425138.9,440361746
756.8,S,47,11575.20,3037.67,17880264.0,89425168.4,440361786
757.8,S,47,11589.01,3042.76,17880264.0,89425169.2,440361790
758.8,S,47,11598.06,3046.00,17880264.0,89425462.6,440362445
759.8,S,47,11610.79,3051.15,17880264.0,89425463.0,440362454
760.8,S,47,11623.55,3056.25,17880264.0,89425463.0,440362454
761.8,S,47,11633.63,3060.25,17880264.0,89425565.9,440362707
762.8,S,47,11646.38,3065.39,17880264.0,89425566.1,440362714
763.8,S,50,11657.65,3069.82,17880264.0,89425668.9,440362850
764.8,S,50,11673.42,3074.96,17880264.0,89425669.3,440362854
765.8,S,50,11689.31,3079.93,17880264.0,89425688.4,440362900
766.8,S,48,11701.62,3084.24,17880264.0,89425915.0,440363195
767.8,S,48,11714.96,3089.34,17880264.0,89426105.3,440363361
768.8,S,47,11727.62,3094.37,17880264.0,89426153.2,440363489
769.8,S,53,11740.03,3098.21,17880264.0,89426256.3,440363756
770.8,S,53,11758.76,3103.42,17880264.0,89426256.9,440363761
771.8,S,52,11776.45,3108.57,17880264.0,89426352.2,440363848
772.8,S,49,11790.42,3113.28,17880264.0,89426645.8,440364106
773.8,S,49,11804.99,3118.58,17880264.0,89426652.4,440364144
774.8,S,48,11818.78,3123.67,17880264.0,89426694.5,440364363
775.8,S,47,11822.29,3124.88,17880264.0,89427126.7,440365251
776.8,S,47,11833.85,3129.79,17880264.0,89427225.6,440365339
777.8,S,47,11846.61,3134.83,17880264.0,89427226.3,440365350
778.8,S,51,11857.71,3138.41,17880264.0,89427329.3,440365625
779.8,S,51,11874.58,3143.35,17880264.0,89427384.7,440365748
780.8,S,51,11888.53,3148.07,17880264.0,89427663.5,440366360
781.8,S,47,11900.08,3152.52,17880264.0,89427814.4,440366578
782.8,S,47,11912.82,3157.60,17880264.0,89427814.7,440366581
783.8,S,47,11924.01,3162.04,17880264.0,89427870.3,440366723
784.8,S,47,11934.73,3166.14,17880264.0,89427917.9,440366911
785.8,S,47,11947.44,3171.30,17880264.0,89427918.0,440366912
786.8,S,50,11959.68,3176.15,17880264.0,89428021.2,440367013
787.8,S,50,11975.24,3181.51,17880264.0,89428021.7,440367017
788.8,S,50,11988.49,3185.62,17880264.0,89428142.6,440367335
789.8,S,48,12001.20,3190.25,17880264.0,89428267.2,440367499
790.8,S,48,12014.85,3195.51,17880264.0,89428267.5,440367511
791.8,S,47,12028.25,3200.80,17880264.0,89428315.9,440367678
792.8,S,53,12042.81,3204.52,17880264.0,89428418.9,440367913
793.8,S,53,12062.07,3209.20,17880264.0,89428609.3,440368286
794.8,S,50,12079.24,3214.00,17880264.0,89428800.2,440368469
795.8,S,49,12092.23,3218.31,17880264.0,89428998.4,440368688
796.8,S,48,12106.65,3223.48,17880264.0,89429046.3,440368777
797.8,S,47,12120.31,3228.59,17880264.0,89429094.9,440368862
798.8,S,51,12134.68,3232.48,17880264.0,89429249.7,440369160
799.8,S,51,12151.66,3237.75,17880264.0,89429578.7,440369516
800.8,S,47,12165.85,3242.75,17880264.0,89429769.4,440369681
801.8,S,47,12178.59,3247.33,17880264.0,89429872.4,440369780
802.8,S,47,12191.36,3252.59,17880264.0,89430063.8,440369971
803.8,S,47,12202.98,3257.31,17880264.0,89430166.8,440370058
804.8,S,47,12215.76,3262.35,17880264.0,89430167.4,440370062
805.8,S,47,12228.54,3267.42,17880264.0,89430167.6,440370065
806.8,S,47,12238.65,3271.39,17880264.0,89430270.6,440370297
807.8,S,47,12251.49,3276.43,17880264.0,89430270.6,440370297
808.9,S,47,12261.25,3280.18,17880264.0,89430314.2,440370567
809.9,S,50,12276.18,3285.07,17880264.0,89430374.3,440370619
810.9,S,50,12292.09,3290.04,17880264.0,89430374.4,440370621
811.9,S,48,12304.31,3294.52,17880264.0,89430696.2,440371256
812.9,S,48,12317.07,3299.61,17880264.0,89430810.7,440371394
813.9,S,47,12329.59,3304.71,17880264.0,89430858.8,440371576
814.9,S,53,12342.18,3308.36,17880264.0,89430962.2,440371857
815.9,S,53,12361.07,3313.37,17880264.0,89430962.5,440371862
816.9,S,51,12378.40,3318.23,17880264.0,89431105.6,440371994
817.9,S,49,12392.51,3322.78,17880264.0,89431351.2,440372202
818.9,S,49,12407.24,3327.95,17880264.0,89431351.3,440372207
819.9,S,47,12421.10,3333.13,17880264.0,89431446.9,440372422
820.9,S,51,12427.41,3335.20,17880264.0,89431930.5,440373136
821.9,S,51,12444.28,3340.37,17880264.0,89431931.3,440373161
822.9,S,49,12459.85,3345.19,17880264.0,89432026.7,440373377
823.9,S,47,12471.29,3349.13,17880264.0,89432224.8,440373779
824.9,S,47,12484.90,3354.35,17880264.0,89432274.3,440373828
825.9,S,47,12497.56,3359.56,17880264.0,89432415.9,440373966
826.9,S,47,12506.63,3362.83,17880264.0,89432519.6,440374308
827.9,S,47,12519.49,3367.87,17880264.0,89432519.8,440374314
828.9,S,47,12531.09,3372.55,17880264.0,89432622.6,440374414
829.9,S,47,12543.98,3377.51,17880264.0,89432622.6,440374415
830.9,S,47,12556.69,3382.69,17880264.0,89432622.7,440374420
831.9,S,50,12568.21,3386.61,17880264.0,89432726.0,440374639
832.9,S,50,12583.96,3391.77,17880264.0,89432726.1,440374663
833.9,S,48,12598.68,3396.84,17880264.0,89432821.8,440374884
834.9,S,48,12610.55,3401.66,17880264.0,89433162.7,440375247
835.9,S,48,12623.29,3406.81,17880264.0,89433163.3,440375249
836.9,S,47,12634.67,3411.59,17880264.0,89433245.5,440375477
837.9,S,53,12650.90,3415.23,17880264.0,89433314.2,440375655
838.9,S,53,12670.05,3419.99,17880264.0,89433314.6,440375659
839.9,S,49,12686.25,3424.76,17880264.0,89433624.2,440375989
840.9,S,49,12699.90,3429.75,17880264.0,89433703.6,440376061
841.9,S,47,12713.80,3435.07,17880264.0,89433798.9,440376152
842.9,S,51,12725.81,3440.10,17880264.0,89434282.5,440376569
843.9,S,51,12742.71,3445.14,17880264.0,89434282.8,440376578
844.9,S,51,12759.49,3449.91,17880264.0,89434333.7,440376700
845.9,S,48,12768.03,3453.08,17880264.0,89434514.0,440377255
846.9,S,47,12779.67,3457.20,17880264.0,89434577.4,440377424
847.9,S,47,12793.29,3462.44,17880264.0,89434578.0,440377429
848.9,S,47,12802.63,3465.77,17880264.0,89434873.0,440378084
849.9,S,47,12815.44,3470.81,17880264.0,89434900.4,440378109
850.9,S,47,12828.17,3475.95,17880264.0,89434901.1,440378116
851.9,S,47,12838.30,3479.66,17880264.0,89435004.1,440378358
852.9,S,47,12851.05,3484.80,17880264.0,89435004.3,440378371
853.9,S,47,12863.02,3489.53,17880264.0,89435086.1,440378470
854.9,S,50,12878.49,3494.52,17880264.0,89435107.8,440378515
855.9,S,50,12894.32,3499.62,17880264.0,89435108.5,440378537
856.9,S,48,12905.85,3503.87,17880264.0,89435272.2,440379034
857.9,S,48,12913.61,3506.65,17880264.0,89435545.2,440379489
858.9,S,47,12926.21,3511.69,17880264.0,89435592.9,440379655
859.9,S,47,12937.07,3515.92,17880264.0,89435665.1,440379834
860.9,S,53,12953.62,3520.50,17880264.0,89435696.2,440379971
861.9,S,53,12972.29,3525.76,17880264.0,89435696.5,440379979
862.9,S,50,12988.48,3530.71,17880264.0,89435935.2,440380194
863.9,S,49,13002.01,3535.53,17880264.0,89436085.8,440380381
864.9,S,49,13016.12,3540.93,17880264.0,89436466.3,440380705
865.9,S,51,13027.85,3545.69,17880264.0,89436665.4,440380889
866.9,S,51,13044.69,3550.78,17880264.0,89436665.6,440380893
867.9,S,51,13061.56,3555.75,17880264.0,89436691.0,440380952
868.9,S,47,13073.59,3560.30,17880264.0,89436960.1,440381261
869.9,S,47,13087.43,3565.30,17880264.0,89437000.4,440381302
870.9,S,47,13100.11,3570.57,17880264.0,89437151.7,440381508
871.9,S,47,13111.72,3575.25,17880264.0,89437254.9,440381648
872.9,S,47,13124.47,3580.38,17880264.0,89437255.3,440381654
873.9,S,47,13134.74,3584.23,17880264.0,89437358.6,440381878
874.9,S,47,13147.43,3589.40,17880264.0,89437358.8,440381893
875.9,S,47,13160.28,3594.39,17880264.0,89437359.3,440381896
876.9,S,50,13169.17,3597.25,17880264.0,89437462.3,440382328
877.9,S,50,13184.92,3602.44,17880264.0,89437462.3,440382328
878.9,S,50,13200.08,3607.49,17880264.0,89437557.5,440382504
879.9,S,48,13212.44,3612.27,17880264.0,89437898.8,440382802
880.9,S,48,13225.17,3617.34,17880264.0,89437899.1,440382806
881.9,S,47,13236.51,3622.07,17880264.0,89437992.8,440383016
882.9,S,53,13250.76,3625.86,17880264.0,89438050.0,440383282
883.9,S,53,13269.37,3631.21,17880264.0,89438050.2,440383290
884.9,S,51,13285.30,3636.07,17880264.0,89438217.8,440383686
885.9,S,49,13297.27,3639.78,17880264.0,89438439.6,440384091
886.9,S,48,13312.08,3644.76,17880264.0,89438498.9,440384159
887.9,S,47,13324.69,3650.05,17880264.0,89438916.4,440384514
888.9,S,51,13339.86,3654.78,17880264.0,89439019.0,440384608
889.9,S,51,13356.40,3660.11,17880264.0,89439019.8,440384614
890.9,S,48,13370.29,3664.44,17880264.0,89439265.2,440385137
891.9,S,47,13383.90,3669.63,17880264.0,89439313.5,440385182
892.9,S,47,13397.48,3674.96,17880264.0,89439313.6,440385183
893.9,S,47,13408.03,3679.33,17880264.0,89439606.5,440385466
894.9,S,47,13420.84,3684.33,17880264.0,89439607.0,440385477
895.9,S,47,13433.64,3689.39,17880264.0,89439607.9,440385478
896.9,S,47,13443.86,3693.11,17880264.0,89439711.7,440385719
897.9,S,47,13456.68,3698.18,17880264.0,89439712.2,440385719
898.9,S,47,13466.42,3702.03,17880264.0,89439789.3,440385991
899.9,S,50,13480.42,3706.73,17880264.0,89439815.3,440386109
900.9,S,50,13496.06,3712.02,17880264.0,89439815.5,440386120
901.9,S,48,13508.47,3716.61,17880264.0,89439964.8,440386335
902.9,S,48,13519.90,3721.04,17880264.0,89440252.0,440386741
903.9,S,47,13532.51,3726.09,17880264.0,89440299.8,440386849
904.9,S,53,13542.97,3729.69,17880264.0,89440402.6,440387146
905.9,S,53,13561.67,3734.95,17880264.0,89440402.9,440387156
906.9,S,53,13579.92,3740.05,17880264.0,89440498.7,440387260
907.9,S,49,13595.27,3744.19,17880264.0,89440792.0,440387667
908.9,S,49,13609.96,3749.44,17880264.0,89440792.2,440387674
909.9,S,47,13622.31,3754.20,17880264.0,89441081.6,440388367
910.9,S,51,13634.38,3758.95,17880264.0,89441372.1,440388731
911.9,S,51,13650.88,3764.38,17880264.0,89441373.0,440388746
912.9,S,49,13667.34,3769.63,17880264.0,89441468.9,440388827
913.9,S,47,13680.03,3774.38,17880264.0,89441667.2,440388997
914.9,S,47,13693.74,3779.54,17880264.0,89441667.3,440389004
915.9,S,47,13707.30,3784.74,17880264.0,89441700.0,440389128
916.9,S,47,13716.35,3788.34,17880264.0,89441960.5,440389730
917.9,S,47,13729.17,3793.42,17880264.0,89441961.0,440389731
918.9,S,47,13741.87,3798.59,17880264.0,89441963.2,440389736
919.9,S,47,13751.82,3802.49,17880264.0,89442064.5,440389979
920.9,S,47,13764.73,3807.45,17880264.0,89442064.8,440389985
921.9,S,50,13774.68,3811.24,17880264.0,89442167.7,440390253
922.9,S,50,13790.41,3816.45,17880264.0,89442168.2,440390293
923.9,S,50,13805.51,3821.95,17880264.0,89442264.7,440390384
924.9,S,48,13817.86,3826.46,17880264.0,89442414.5,440390526
925.9,S,48,13830.57,3831.72,17880264.0,89442605.0,440390694
926.9,S,47,13843.12,3836.89,17880264.0,89442653.2,440390823
927.9,S,53,13855.56,3840.63,17880264.0,89442756.4,440391080
928.9,S,53,13874.71,3845.41,17880264.0,89442756.7,440391088
929.9,S,50,13891.52,3850.19,17880264.0,89442995.2,440391397
930.9,S,49,13905.44,3854.95,17880264.0,89443145.4,440391589
931.9,S,49,13920.39,3859.90,17880264.0,89443145.8,440391594
932.9,S,47,13933.68,3865.24,17880264.0,89443325.6,440392007
933.9,S,51,13942.12,3868.19,17880264.0,89443724.5,440392707
934.9,S,51,13958.81,3873.51,17880264.0,89443726.0,440392725
935.9,S,51,13973.37,3878.26,17880264.0,89443868.9,440393037
936.9,S,47,13983.07,3881.71,17880264.0,89444047.5,440393571
937.9,S,47,13996.88,3886.75,17880264.0,89444047.7,440393571
938.9,S,47,14010.48,3892.03,17880264.0,89444048.6,440393574
939.9,S,47,14018.38,3895.00,17880264.0,89444341.6,440394237
940.9,S,47,14031.27,3899.96,17880264.0,89444341.8,440394248
941.9,S,47,14044.09,3904.99,17880264.0,89444342.7,440394260
942.9,S,47,14055.61,3909.66,17880264.0,89444445.7,440394355
943.9,S,47,14068.38,3914.72,17880264.0,89444445.8,440394379
944.9,S,50,14079.01,3918.82,17880264.0,89444548.8,440394596
945.9,S,50,14094.55,3924.21,17880264.0,89444549.0,440394603
946.9,S,50,14110.14,3929.27,17880264.0,89444603.8,440394729
947.9,S,48,14120.20,3932.92,17880264.0,89444752.5,440395134
948.9,S,48,14130.82,3936.95,17880264.0,89444985.7,440395553
949.9,S,47,14143.35,3942.19,17880264.0,89445033.9,440395603
950.9,S,53,14152.65,3945.69,17880264.0,89445136.6,440395920
951.9,S,53,14171.57,3950.72,17880264.0,89445137.3,440395927
952.9,S,53,14190.31,3955.83,17880264.0,89445168.6,440395956
953.9,S,49,14204.56,3960.58,17880264.0,89445426.7,440396174
954.9,S,49,14218.12,3965.49,17880264.0,89445526.6,440396261
955.9,S,47,14230.69,3970.95,17880264.0,89446001.7,440396693
956.9,S,47,14240.83,3974.96,17880264.0,89446105.1,440396934
957.9,S,51,14257.21,3980.26,17880264.0,89446105.7,440396943
958.9,S,51,14273.94,3985.44,17880264.0,89446117.1,440396967
959.9,S,47,14286.59,3990.01,17880264.0,89446400.1,440397249
960.9,S,47,14300.08,3995.40,17880264.0,89446400.5,440397252
961.9,S,47,14312.63,4000.59,17880264.0,89446591.3,440397425
963.0,S,47,14321.61,4003.90,17880264.0,89446694.3,440397772
964.0,S,47,14334.47,4008.89,17880264.0,89446694.4,440397777
965.0,S,47,14347.23,4013.96,17880264.0,89446695.2,440397780
966.0,S,47,14356.96,4017.60,17880264.0,89446798.2,440398046
967.0,S,47,14369.71,4022.69,17880264.0,89446798.9,440398047
968.0,S,50,14380.08,4026.58,17880264.0,89446901.7,440398282
969.0,S,50,14395.88,4031.66,17880264.0,89446901.9,440398284
970.0,S,50,14411.37,4036.80,17880264.0,89446909.2,440398399
971.0,S,48,14420.97,4040.28,17880264.0,89447338.4,440399029
972.0,S,48,14433.74,4045.41,17880264.0,89447338.7,440399029
973.0,S,47,14446.41,4050.43,17880264.0,89447386.7,440399127
974.0,S,53,14457.82,4053.67,17880264.0,89447489.4,440399452
975.0,S,53,14476.97,4058.43,17880264.0,89447489.7,440399502
976.0,S,49,14494.33,4063.49,17880264.0,89447680.6,440399667
977.0,S,49,14507.84,4068.19,17880264.0,89447906.5,440399876
978.0,S,49,14522.52,4073.44,17880264.0,89447907.1,440399877
979.0,S,49,14534.79,4078.31,17880264.0,89448136.3,440400567
980.0,S,51,14546.81,4082.82,17880264.0,89448485.5,440400896
981.0,S,51,14563.41,4088.16,17880264.0,89448486.5,440400906
982.0,S,51,14576.86,4092.62,17880264.0,89448611.4,440401304
983.0,S,47,14587.42,4096.60,17880264.0,89448780.7,440401708
984.0,S,47,14601.17,4101.73,17880264.0,89448780.8,440401709
985.0,S,47,14614.83,4106.79,17880264.0,89448865.6,440401890
986.0,S,47,14625.11,4110.90,17880264.0,89449074.1,440402336
987.0,S,47,14637.97,4115.95,17880264.0,89449074.8,440402347
988.0,S,47,14649.84,4120.67,17880264.0,89449105.0,440402431
989.0,S,47,14659.76,4124.43,17880264.0,89449178.6,440402730
990.0,S,47,14672.49,4129.60,17880264.0,89449178.8,440402733
991.0,S,50,14684.84,4134.31,17880264.0,89449281.4,440402824
992.0,S,50,14700.69,4139.41,17880264.0,89449281.8,440402831
993.0,S,50,14715.71,4144.52,17880264.0,89449333.7,440403069
994.0,S,48,14727.29,4148.85,17880264.0,89449718.9,440403563
995.0,S,48,14740.06,4153.94,17880264.0,89449718.9,440403563
996.0,S,47,14752.43,4159.03,17880264.0,89449771.9,440403720
997.0,S,53,14766.31,4163.13,17880264.0,89449870.0,440403987
998.0,S,53,14784.80,4168.54,17880264.0,89449870.2,440403993
999.0,S,52,14802.92,4173.59,17880264.0,89449966.4,440404143
1000.0,S,49,14815.26,4177.50,17880264.0,89450259.7,440404523
1001.0,S,49,14829.88,4182.79,17880264.0,89450260.0,440404533
1002.0,S,47,14841.38,4186.70,17880264.0,89450355.7,440404793
1003.0,S,47,14848.41,4188.30,17880264.0,89450355.7,440404793
1004.0,S,47,14856.03,4191.15,17880264.0,89450789.6,440405328
1005.0,S,51,14872.29,4195.60,17880264.0,89450839.5,440405380
1006.0,S,51,14888.96,4200.87,17880264.0,89450839.7,440405382
1007.0,S,47,14898.36,4203.62,17880264.0,89451030.6,440405645
1008.0,S,47,14907.29,4206.63,17880264.0,89451245.1,440405890
1009.0,S,47,14919.14,4211.40,17880264.0,89451323.8,440405964
1010.0,S,47,14931.87,4216.55,17880264.0,89451324.5,440405965
1011.0,S,47,14941.25,4220.05,17880264.0,89451427.4,440406265
1012.0,S,47,14954.06,4225.14,17880264.0,89451427.6,440406272
1013.0,S,47,14966.77,4230.31,17880264.0,89451427.8,440406289
1014.0,S,47,14976.34,4233.82,17880264.0,89451530.8,440406577
1015.0,S,47,14989.04,4238.96,17880264.0,89451531.3,440406580
1016.0,S,47,14998.87,4242.79,17880264.0,89451617.4,440406880
1017.0,S,50,15014.45,4247.69,17880264.0,89451634.7,440406895
1018.0,S,50,15029.30,4252.88,17880264.0,89451834.1,440407379
1019.0,S,48,15038.45,4256.39,17880264.0,89452070.4,440407971
1020.0,S,48,15051.32,4261.40,17880264.0,89452070.9,440407971
1021.0,S,47,15064.10,4266.39,17880264.0,89452119.2,440408019
1022.0,S,53,15076.11,4270.11,17880264.0,89452222.2,440408317
1023.0,S,53,15094.81,4275.35,17880264.0,89452222.5,440408326
1024.0,S,50,15112.07,4280.26,17880264.0,89452413.0,440408495
1025.0,S,49,15123.46,4284.21,17880264.0,89452991.1,440408997
1026.0,S,49,15137.16,4289.32,17880264.0,89453019.6,440409116
1027.0,S,47,15149.74,4294.49,17880264.0,89453088.3,440409281
1028.0,S,51,15158.74,4297.55,17880264.0,89453191.2,440409702
1029.0,S,51,15175.70,4302.51,17880264.0,89453191.3,440409702
1030.0,S,51,15191.32,4307.32,17880264.0,89453270.1,440409990
1031.1,S,47,15201.99,4310.70,17880264.0,89453382.3,440410281
1032.1,S,47,15208.16,4312.16,17880264.0,89453485.8,440410717
1033.1,S,47,15215.11,4314.38,17880264.0,89453676.2,440410978
1034.1,S,47,15222.23,4316.40,17880264.0,89453676.3,440410983
1035.1,S,47,15229.51,4318.41,17880264.0,89453676.6,440410987
1036.1,S,47,15236.93,4320.44,17880264.0,89453676.9,440410994
1037.1,S,47,15244.18,4322.43,17880264.0,89453677.4,440411004
1038.1,S,47,15251.31,4324.45,17880264.0,89453678.2,440411012
1039.1,S,47,15258.49,4326.54,17880264.0,89453678.2,440411012
1040.1,S,47,15265.73,4328.50,17880264.0,89453678.3,440411033
1041.1,S,47,15272.98,4330.25,17880264.0,89453678.6,440411037
1042.1,S,47,15279.52,4331.29,17880264.0,89453678.9,440411043
1043.1,S,47,15286.02,4332.27,17880264.0,89453679.6,440411049
1044.1,S,47,15292.21,4333.18,17880264.0,89453686.4,440411297
1045.1,S,47,15299.75,4334.48,17880264.0,89453870.3,440411636
1046.1,S,47,15307.69,4335.77,17880264.0,89453973.1,440411730
1047.1,S,47,15316.51,4337.20,17880264.0,89453973.2,440411735
1048.1,S,47,15325.28,4338.72,17880264.0,89453973.9,440411739
1049.1,S,47,15333.94,4340.02,17880264.0,89453974.0,440411744
1050.1,S,47,15342.73,4341.52,17880264.0,89453974.2,440411753
1051.1,S,47,15350.55,4343.05,17880264.0,89454355.1,440412176
1052.1,S,47,15359.42,4344.38,17880264.0,89454355.7,440412182
1053.1,S,47,15366.12,4345.61,17880264.0,89454459.0,440412427
1054.1,S,62,15380.57,4347.06,17880264.0,89454459.0,440412427
1055.1,S,62,15404.66,4348.80,17880264.0,89454459.9,440412452
1056.1,S,62,15427.95,4350.19,17880264.0,89454461.1,440412460
1057.1,S,62,15451.08,4351.68,17880264.0,89454461.2,440412469
1058.1,S,62,15471.34,4352.78,17880264.0,89454497.4,440412860
1059.1,S,65,15495.54,4354.34,17880264.0,89454719.0,440413053
1060.1,S,65,15521.75,4355.70,17880264.0,89454719.4,440413076
1061.1,S,64,15547.19,4357.04,17880264.0,89454814.9,440413291
1062.1,S,63,15571.69,4358.47,17880264.0,89454950.0,440413585
1063.1,S,63,15595.78,4359.89,17880264.0,89455047.2,440413782
1064.1,S,62,15618.95,4361.29,17880264.0,89455311.6,440414013
1065.1,S,62,15640.97,4362.67,17880264.0,89455506.4,440414453
1066.2,S,62,15656.47,4364.62,17880264.0,89456274.4,440415564
1067.2,S,62,15678.53,4366.25,17880264.0,89456600.7,440415848
1068.2,S,62,15702.74,4367.58,17880264.0,89456601.4,440415848
1069.2,S,62,15726.74,4369.03,17880264.0,89456622.1,440415909
1070.2,S,68,15752.19,4370.69,17880264.0,89456876.5,440416539
1071.2,S,68,15780.00,4372.39,17880264.0,89457193.2,440416865
1072.2,S,67,15808.33,4374.12,17880264.0,89457258.0,440417008
1073.2,S,64,15831.95,4375.52,17880264.0,89457507.6,440417651
1074.2,S,64,15857.92,4377.00,17880264.0,89457630.1,440417757
1075.2,S,64,15883.95,4378.25,17880264.0,89457653.0,440417802
1076.2,S,62,15905.72,4379.24,17880264.0,89457965.0,440418069
1077.2,S,62,15926.06,4379.94,17880264.0,89458093.8,440418185
1078.2,S,62,15945.70,4381.29,17880264.0,89459004.4,440418958
1079.2,S,62,15968.66,4382.82,17880264.0,89459482.5,440419367
1080.2,S,62,15993.07,4384.01,17880264.0,89459483.4,440419372
1081.2,S,62,16017.10,4385.34,17880264.0,89459597.7,440419643
1082.2,S,62,16041.68,4386.90,17880264.0,89459801.4,440419833
1083.2,S,66,16065.70,4388.28,17880264.0,89460087.4,440420081
1084.2,S,66,16093.14,4390.02,17880264.0,89460087.4,440420081
1085.2,S,65,16120.04,4391.44,17880264.0,89460135.6,440420189
1086.2,S,65,16142.61,4392.75,17880264.0,89460498.0,440420955
1087.2,S,62,16164.18,4393.60,17880264.0,89460498.4,440420965
1088.2,S,62,16185.01,4394.56,17880264.0,89460633.8,440421296
1089.2,S,62,16205.71,4395.52,17880264.0,89460972.9,440421935
1090.2,S,62,16226.09,4396.57,17880264.0,89461745.7,440422590
1091.2,S,62,16246.98,4397.40,17880264.0,89461849.2,440422694
1092.2,S,62,16266.70,4398.14,17880264.0,89462042.3,440422954
1093.2,S,62,16286.54,4398.79,17880264.0,89462271.0,440423156
1094.2,S,62,16306.33,4399.49,17880264.0,89462429.1,440423294
1095.2,S,62,16326.25,4400.11,17880264.0,89462429.2,440423305
1096.2,S,62,16346.18,4400.71,17880264.0,89462481.8,440423359
1097.2,S,62,16365.87,4401.41,17880264.0,89462623.8,440423481
1098.2,S,62,16385.67,4402.07,17880264.0,89462894.2,440423752
1099.2,S,62,16405.25,4403.22,17880264.0,89463277.5,440424082
1100.2,S,62,16424.25,4404.45,17880264.1,89464066.8,440424751
1101.2,S,62,16444.06,4405.40,17880264.1,89464267.2,440424928
1102.2,S,62,16465.90,4406.78,17880264.1,89464732.7,440425327
1103.2,S,62,16489.15,4408.22,17880264.1,89464733.4,440425335
1104.2,S,62,16503.43,4409.07,17880264.1,89465068.9,440426199
1105.2,S,62,16524.74,4410.48,17880264.1,89465129.5,440426338
1106.2,S,62,16546.50,4411.92,17880264.1,89465218.6,440426614
1107.2,S,62,16569.88,4413.51,17880264.1,89465392.6,440426795
1108.2,S,62,16593.23,4414.80,17880264.1,89465542.5,440426927
1109.2,S,62,16616.52,4416.32,17880264.1,89465542.8,440426931
1110.2,S,61,16635.34,4417.32,17880264.1,89465788.8,440427538
1111.2,S,61,16655.37,4419.19,17880264.1,89466365.7,440428307
1112.2,S,61,16676.59,4420.83,17880264.1,89466818.2,440428689
1113.2,S,61,16698.78,4422.40,17880264.1,89466947.6,440428804
1114.2,S,61,16721.29,4423.83,17880264.1,89466948.2,440428808
1115.2,S,61,16743.36,4425.39,17880264.1,89466989.7,440428896
1116.2,S,64,16761.93,4426.29,17880264.1,89467221.2,440429433
1117.2,S,64,16790.67,4431.13,17880264.1,89467350.1,440429710
1118.2,S,64,16820.14,4435.31,17880264.1,89467350.7,440429715
1119.2,S,62,16847.67,4439.97,17880264.1,89467590.6,440430219
1120.3,S,62,16872.40,4443.86,17880264.1,89467853.9,440430711
1121.3,S,60,16898.15,4448.85,17880264.1,89467964.0,440430821
1122.3,S,54,16919.88,4453.65,17880264.1,89468498.2,440431284
1123.3,S,50,16933.96,4458.30,17880264.1,89469206.2,440431884
1124.3,S,56,16953.46,4462.80,17880264.1,89469309.6,440431980
1125.3,S,56,16975.20,4467.77,17880264.1,89469438.7,440432245
1126.3,S,53,16995.20,4472.75,17880264.1,89469636.9,440432762
1127.3,S,52,17010.82,4477.29,17880264.1,89469880.5,440432991
1128.3,S,50,17026.91,4482.27,17880264.1,89470026.2,440433115
1129.3,S,138,17054.95,4484.63,17880277.3,89470138.4,440433348
1130.3,S,153,17090.49,4485.05,17880287.6,89470140.4,440433367
1131.3,S,151,17126.23,4485.46,17880297.4,89470150.6,440433395
1132.3,S,151,17161.96,4485.89,17880306.1,89470150.7,440433409
1133.3,S,150,17197.50,4486.33,17880314.4,89470163.5,440433451
1134.3,S,150,17232.96,4486.75,17880322.4,89470163.7,440433465
1135.3,S,149,17268.63,4487.18,17880329.1,89470180.9,440433494
1136.3,S,147,17304.36,4487.59,17880336.2,89470221.0,440433549
1137.3,S,147,17339.84,4487.99,17880343.5,89470221.3,440433562
1138.3,S,147,17375.27,4488.41,17880350.6,89470221.4,440433574
1139.3,S,147,17410.93,4488.81,17880359.9,89470221.7,440433594
1140.3,S,147,17446.46,4489.24,17880370.2,89470255.0,440433642
1141.3,S,146,17482.09,4489.69,17880380.8,89470313.8,440433706
1142.3,S,146,17517.59,4490.12,17880390.6,89470354.7,440433775
1143.3,S,142,17553.22,4490.63,17880401.5,89470549.0,440434002
1144.3,S,149,17588.63,4491.09,17880413.9,89470668.1,440434127
1145.3,S,146,17624.05,4491.64,17880423.2,89470989.3,440434476
1146.3,S,144,17659.42,4492.12,17880433.0,89471481.8,440434940
1147.3,S,140,17694.48,4492.96,17880443.5,89472069.9,440435532
1148.3,S,134,17728.97,4493.79,17880451.3,89472614.7,440436088
1149.3,S,132,17764.06,4494.65,17880460.6,89473077.3,440436544
1150.4,S,124,17799.16,4495.57,17880467.3,89473871.7,440437273
1151.4,S,112,17833.95,4496.58,17880473.7,89474742.5,440438079
1152.4,S,118,17868.70,4497.58,17880477.6,89475852.8,440439038
1153.4,S,120,17903.03,4498.59,17880479.4,89476979.4,440440016
1154.4,S,109,17937.25,4499.69,17880480.0,89478156.3,440441005
1155.4,S,116,17972.33,4500.53,17880525.2,89478485.0,440441395
1156.4,S,115,18007.74,4501.01,17880581.1,89478527.0,440441597
1157.4,S,112,18043.33,4501.48,17880629.5,89478570.5,440441758
1158.4,S,113,18078.75,4501.93,17880674.6,89478590.7,440441919
1159.4,S,109,18114.48,4502.40,17880721.2,89478661.0,440442095
1160.4,S,105,18149.95,4502.85,17880769.1,89478789.5,440442352
1161.4,S,103,18185.40,4503.36,17880821.6,89478923.6,440442590
1162.4,S,101,18221.04,4503.86,17880873.0,89479129.8,440442907
1163.4,S,99,18255.96,4504.40,17880935.3,89479289.7,440443217
1164.4,S,97,18290.74,4504.92,17880997.9,89479441.7,440443519
1165.4,S,93,18325.98,4505.46,17881068.6,89479846.1,440444029
1166.4,S,88,18361.29,4506.03,17881140.1,89480175.0,440444494
1167.4,S,81,18396.50,4506.68,17881222.0,89480698.3,440445111
1168.4,S,76,18426.49,4507.48,17881311.5,89481655.6,440446073
1169.4,S,67,18448.22,4508.69,17881383.8,89482716.1,440447088
1170.5,S,73,18472.74,4509.72,17881472.7,89483783.5,440448127
1171.5,S,75,18506.93,4510.21,17881589.4,89484205.6,440448747
1172.5,S,72,18541.44,4510.73,17881706.3,89484229.8,440449048
1173.5,S,72,18575.78,4511.23,17881826.9,89484241.2,440449358
1174.5,S,71,18610.51,4511.73,17881938.7,89484565.1,440449855
1175.5,S,71,18645.45,4512.18,17882052.8,89485477.2,440450777
1176.5,S,72,18680.78,4512.68,17882173.2,89485481.6,440451064
1177.5,S,71,18716.03,4513.21,17882292.7,89485520.6,440451380
1178.5,S,68,18750.98,4513.78,17882413.2,89485744.2,440451820
1179.5,S,70,18784.66,4514.55,17882536.5,89486327.6,440452535
1180.5,S,92,18819.99,4515.18,17882640.0,89486538.7,440453016
1181.5,S,93,18855.41,4515.73,17882764.9,89486593.9,440453408
1182.5,S,92,18890.76,4516.32,17882894.6,89486634.9,440453789
1183.5,S,88,18925.98,4516.90,17883026.2,89486925.0,440454549
1184.5,S,87,18961.32,4517.38,17883162.9,89486947.8,440454918
1185.5,S,87,18996.81,4517.90,17883299.3,89486948.0,440455267
1186.5,S,86,19032.30,4518.47,17883417.9,89487029.9,440455735
1187.5,S,83,19067.64,4519.01,17883528.2,89487201.2,440456135
1188.5,S,83,19101.06,4519.58,17883649.8,89487549.2,440456849
1189.5,S,84,19135.22,4520.23,17883774.6,89487929.5,440457700
1190.5,S,79,19162.79,4521.08,17883904.0,89488382.2,440458700
1191.7,S,80,19194.77,4521.91,17884066.4,89489052.7,440459806
1192.7,S,80,19215.91,4522.64,17884168.7,89489480.6,440460806
1193.8,S,74,19240.46,4523.55,17884306.7,89490182.4,440461900
1194.8,S,94,19269.97,4524.65,17884442.9,89490418.7,440462652
1195.8,S,93,19305.23,4525.20,17884589.8,89490423.8,440463043
1196.8,S,91,19340.60,4525.75,17884735.1,89490503.6,440463528
1197.8,S,89,19375.99,4526.35,17884869.0,89490546.9,440463942
1198.8,S,87,19411.25,4526.90,17885010.2,89490596.6,440464368
1199.8,S,83,19446.23,4527.45,17885150.3,89490795.0,440465070
1200.8,S,82,19480.71,4528.05,17885283.3,89491001.8,440465743
1201.8,S,79,19515.47,4528.70,17885411.6,89491361.7,440466424
1202.8,S,81,19550.15,4529.30,17885526.3,89491709.7,440467191
1203.8,S,79,19576.99,4530.42,17885613.4,89492078.6,440468191
1204.8,S,77,19605.42,4531.40,17885723.1,89492649.7,440469193
1205.8,S,71,19629.03,4532.41,17885823.0,89493211.2,440470192
1206.8,S,71,19642.92,4533.14,17885890.0,89493706.7,440471193
1207.8,S,75,19666.15,4533.98,17885993.1,89494296.0,440472131
1208.8,S,87,19699.95,4535.72,17886126.7,89494545.3,440472873
1209.8,S,82,19734.02,4537.38,17886283.3,89494675.5,440473447
1210.8,S,97,19769.06,4538.15,17886448.6,89494692.5,440473889
1211.8,S,95,19804.34,4538.74,17886600.8,89494870.5,440474523
1212.8,S,94,19838.42,4539.30,17886744.8,89495081.3,440475257
1213.8,S,93,19873.52,4539.98,17886885.2,89495244.7,440475879
1214.8,S,92,19908.76,4540.63,17887023.8,89495410.7,440476338
1215.8,S,87,19944.24,4541.22,17887162.5,89495564.5,440476782
1216.9,S,87,19979.51,4541.77,17887293.6,89495682.0,440477236
1217.9,S,86,20014.53,4542.37,17887415.4,89495831.0,440477783
1218.9,S,84,20043.80,4543.03,17887517.8,89496237.6,440478820
1219.9,S,83,20067.04,4543.71,17887603.7,89496642.5,440479821
1220.9,S,79,20090.31,4544.79,17887676.4,89497082.0,440480819
1222.0,S,82,20109.83,4545.90,17887732.6,89497777.6,440481930
1223.0,S,85,20137.23,4546.92,17887821.0,89498417.3,440482879
1224.0,S,109,20172.25,4547.82,17887935.7,89498555.9,440483404
1225.0,S,105,20207.76,4548.35,17888056.2,89498578.6,440483775
1226.0,S,102,20243.04,4548.88,17888175.7,89498700.6,440484245
1227.0,S,102,20278.50,4549.39,17888300.5,89498713.6,440484575
1228.0,S,99,20313.70,4549.90,17888418.7,89498856.6,440485154
1229.0,S,99,20349.04,4550.44,17888529.8,89499103.2,440485615
1230.0,S,99,20384.67,4550.91,17888639.8,89499103.3,440485894
1231.0,S,98,20420.01,4551.38,17888757.4,89499160.5,440486217
1232.0,S,96,20455.04,4551.90,17888873.3,89499397.2,440486946
1233.0,S,94,20488.83,4552.51,17888981.1,89499781.8,440487947
1234.1,S,95,20525.25,4553.11,17889099.2,89500130.2,440488813
1235.1,S,93,20557.03,4553.68,17889212.7,89500442.4,440489694
1236.1,S,97,20590.82,4554.32,17889339.7,89500968.0,440490551
1237.1,S,95,20621.22,4554.90,17889443.7,89501354.1,440491552
1238.1,S,93,20649.09,4555.40,17889535.8,89501750.1,440492552
1239.1,S,96,20665.03,4555.90,17889595.5,89502153.7,440493591
1240.3,S,87,20676.92,4556.48,17889623.1,89502581.4,440494769
1241.3,S,87,20681.35,4556.54,17889632.9,89502620.1,440495770
1246.0,S,81,20694.76,4557.35,17889688.5,89503374.8,440500477
1247.1,S,83,20714.62,4558.16,17889780.2,89503768.9,440501546
1248.1,S,76,20742.89,4558.97,17889925.0,89504370.5,440502552
1249.1,S,72,20772.49,4559.73,17890075.4,89504591.7,440503375
1250.1,S,71,20790.77,4561.51,17890120.0,89504599.5,440504376
1251.1,S,71,20802.36,4563.21,17890132.3,89504611.9,440505377
1252.1,S,71,20812.11,4564.70,17890141.9,89504624.8,440506378
1253.1,S,71,20820.86,4566.25,17890149.4,89504637.1,440507378
1254.1,S,69,20845.43,4567.95,17890280.6,89504970.2,440508377
1255.1,S,79,20871.48,4569.44,17890404.3,89505319.0,440508971
1256.1,S,78,20906.24,4570.56,17890469.0,89505324.7,440509128
1257.1,S,81,20941.66,4571.09,17890524.8,89505325.5,440509255
1258.1,S,77,20973.55,4571.62,17890578.0,89505535.8,440509745
1259.1,S,78,21004.69,4572.14,17890607.6,89505836.2,440510606
1260.1,S,77,21036.80,4572.72,17890638.3,89506051.2,440511174
1261.2,S,75,21072.10,4573.32,17890657.2,89506497.9,440511944
1262.2,S,78,21107.57,4573.82,17890664.0,89506744.9,440512365
1263.2,S,76,21137.02,4574.47,17890665.7,89507051.5,440513174
1264.2,S,84,21171.80,4575.68,17890666.8,89507231.9,440513619
1265.2,S,80,21205.41,4576.38,17890667.7,89507665.5,440514466
1266.2,S,80,21235.09,4576.96,17890668.1,89508077.4,440515225
1267.2,S,77,21263.09,4577.57,17890668.6,89508452.2,440516226
1268.2,S,75,21293.54,4578.34,17890668.6,89508579.4,440517228
1269.2,S,75,21320.10,4579.72,17890668.6,89508580.0,440518229
1270.2,S,75,21337.26,4581.44,17890668.6,89508589.3,440519230
1271.2,S,77,21337.90,4581.51,17890668.6,89508600.3,440520231
1273.9,S,71,21340.93,4582.50,17890668.6,89509379.7,440523008
1275.1,S,67,21343.10,4583.34,17890668.6,89509770.1,440524193
1276.4,S,67,21344.70,4583.88,17890668.6,89510284.4,440525465
1277.4,S,67,21347.74,4584.44,17890668.6,89510295.3,440526466
1278.4,S,67,21355.41,4585.78,17890668.6,89510307.3,440527467
1279.4,S,67,21362.36,4587.11,17890668.6,89510319.6,440528469
1280.4,S,67,21362.36,4587.11,17890668.6,89510329.9,440529470
1281.4,S,67,21362.37,4587.11,17890668.6,89510340.1,440530471
1283.1,S,84,21382.30,4587.63,17890724.5,89510584.9,440531801
1284.1,S,84,21417.09,4588.70,17890825.2,89510595.7,440532111
1285.1,S,84,21452.30,4589.22,17890934.4,89510596.4,440532387
1286.1,S,83,21487.69,4589.71,17891038.1,89510610.7,440532731
1287.1,S,83,21523.09,4590.22,17891140.1,89510626.6,440533029
1288.1,S,81,21558.04,4590.77,17891229.2,89510705.0,440533537
1289.1,S,80,21593.35,4591.25,17891329.4,89510731.9,440533866
1290.1,S,77,21628.56,4591.86,17891422.0,89510883.1,440534414
1291.1,S,74,21662.55,4592.42,17891513.3,89511223.1,440535111
1292.2,S,78,21690.08,4593.07,17891606.8,89511648.0,440536003
1293.3,S,74,21719.01,4593.87,17891699.0,89512046.9,440537086
1294.3,S,74,21738.93,4594.78,17891761.7,89512599.9,440538087
1295.3,S,71,21752.39,4595.34,17891788.6,89512969.4,440539087
1296.7,S,60,21762.04,4596.20,17891799.6,89513543.2,440540457
1297.7,S,72,21784.67,4597.41,17891821.2,89513897.2,440541071
1298.7,S,72,21818.78,4598.02,17891830.2,89513908.3,440541854
1299.7,S,72,21848.12,4599.02,17891834.7,89513915.4,440542854
1300.7,S,72,21873.93,4600.40,17891840.9,89513918.0,440543855
1301.7,S,72,21897.89,4601.70,17891854.5,89513967.6,440544856
1302.9,S,71,21912.63,4602.35,17891873.3,89514347.0,440546056
1303.9,S,59,21927.08,4603.38,17891904.6,89514968.7,440547058
1304.9,S,56,21931.39,4603.93,17891921.4,89515357.8,440548058
1305.9,S,49,21939.60,4605.00,17891948.5,89515567.5,440548899
1306.9,S,49,21940.84,4605.02,17891949.7,89515578.1,440549900
1307.9,S,49,21941.94,4605.04,17891953.6,89515588.9,440550901
1308.9,S,49,21942.70,4605.05,17891958.0,89515597.6,440551903
1309.9,S,49,21943.56,4605.07,17891962.5,89515609.0,440552904
1310.9,S,49,21943.87,4605.11,17891964.0,89515633.2,440553905
1311.9,S,50,21952.23,4606.35,17891983.3,89515854.4,440554464
1312.9,S,50,21963.07,4608.38,17891985.8,89515916.1,440554523
1313.9,S,48,21970.70,4609.54,17891985.8,89516128.1,440555067
1314.9,S,48,21979.33,4610.99,17891985.8,89516128.2,440555067
1315.9,S,48,21987.99,4612.40,17891985.8,89516133.3,440555100
1316.9,S,53,22000.38,4614.19,17891985.8,89516178.8,440555224
1317.9,S,53,22014.57,4616.06,17891985.8,89516178.9,440555253
1318.9,S,56,22030.98,4618.04,17891985.8,89516251.5,440555345
1319.9,S,56,22048.08,4619.90,17891985.8,89516377.1,440555457
1320.9,S,48,22060.54,4621.60,17891985.8,89516861.5,440556039
1321.9,S,51,22076.62,4623.47,17891985.8,89516875.0,440556078
1322.9,S,50,22091.24,4625.26,17891985.8,89516894.9,440556133
1323.9,S,50,22105.36,4627.05,17891986.1,89516947.0,440556211
1324.9,S,53,22122.69,4628.90,17891986.1,89517004.8,440556282
1325.9,S,52,22134.80,4630.37,17891986.5,89517260.5,440557028
1326.9,S,47,22145.76,4632.01,17891997.8,89517461.3,440557461
1327.9,S,47,22156.46,4633.49,17892005.4,89517462.4,440557476
1328.9,S,47,22166.97,4634.93,17892012.7,89517462.6,440557484
1329.9,S,47,22177.65,4636.35,17892020.4,89517462.8,440557492
1330.9,S,51,22185.92,4637.55,17892021.9,89517588.0,440557760
1331.9,S,51,22199.25,4639.31,17892021.9,89517634.8,440557870
1332.9,S,51,22211.54,4641.21,17892021.9,89517835.9,440558411
1333.9,S,47,22221.20,4642.63,17892021.9,89517999.8,440558558
1334.9,S,47,22230.79,4644.21,17892021.9,89517999.8,440558558
1335.9,S,47,22240.34,4645.69,17892021.9,89518000.0,440558562
1336.9,S,47,22249.85,4647.23,17892021.9,89518000.3,440558572
1337.9,S,47,22256.02,4648.24,17892021.9,89518293.4,440559211
1338.9,S,47,22264.77,4649.76,17892021.9,89518294.0,440559213
1339.9,S,47,22273.59,4651.18,17892021.9,89518294.5,440559221
1340.9,S,47,22282.23,4652.59,17892021.9,89518294.7,440559225
1341.9,S,47,22290.94,4653.97,17892021.9,89518295.1,440559234
1342.9,S,47,22299.71,4655.35,17892021.9,89518295.5,440559245
1343.9,S,47,22308.17,4656.83,17892021.9,89518446.5,440559385
1344.9,S,59,22324.92,4658.39,17892021.9,89518590.0,440559514
1345.9,S,59,22345.25,4660.11,17892021.9,89518591.0,440559515
1346.9,S,58,22365.37,4661.79,17892021.9,89518628.6,440559613
1347.9,S,58,22384.47,4663.63,17892021.9,89518628.8,440559624
1348.9,S,54,22402.19,4665.39,17892021.9,89518987.5,440559936
1349.9,S,74,22417.73,4667.33,17892021.9,89519408.7,440560303
1350.9,S,73,22452.97,4667.77,17892021.9,89519418.8,440560320
1351.9,S,72,22488.39,4668.24,17892021.9,89519435.1,440560361
1352.9,S,72,22523.56,4668.70,17892021.9,89519486.3,440560503
1353.9,S,68,22555.51,4669.43,17892021.9,89519744.2,440560896
1354.9,S,72,22590.15,4669.99,17892021.9,89519880.2,440561041
1355.9,S,70,22623.68,4670.68,17892021.9,89520166.9,440561387
1356.9,S,67,22649.89,4671.54,17892021.9,89521067.2,440562143
1357.9,S,57,22663.06,4672.88,17892021.9,89521629.6,440562701
1358.9,S,57,22686.45,4674.36,17892021.9,89521630.1,440562707
1359.9,S,57,22709.33,4675.84,17892021.9,89521789.7,440563214
1361.0,S,69,22735.73,4677.41,17892035.9,89522025.7,440563636
1362.0,S,67,22769.40,4678.07,17892063.2,89522122.5,440563953
1363.0,S,65,22801.62,4678.73,17892086.0,89522136.2,440564055
1364.0,S,64,22825.44,4679.51,17892097.1,89522427.5,440564802
1365.0,S,61,22843.32,4680.28,17892106.9,89522701.4,440565617
1366.0,S,61,22870.55,4681.53,17892121.0,89522701.5,440565650
1367.0,S,55,22889.49,4682.66,17892130.6,89523244.3,440566513
1368.0,S,52,22894.41,4683.32,17892133.2,89523601.8,440567513
1369.0,S,47,22900.96,4684.84,17892133.9,89523962.6,440567840
1370.0,S,47,22908.50,4686.18,17892133.9,89523963.3,440567849
1371.0,S,47,22916.13,4687.53,17892133.9,89524056.7,440568048
1372.0,S,47,22923.61,4689.00,17892133.9,89524057.3,440568071
1373.0,S,50,22931.49,4690.39,17892133.9,89524068.2,440568111
1374.0,S,50,22941.97,4692.04,17892133.9,89524068.4,440568119
1375.0,S,49,22952.19,4693.60,17892133.9,89524167.4,440568246
1376.0,S,48,22960.92,4694.90,17892133.9,89524300.4,440568429
1377.0,S,48,22969.67,4696.27,17892133.9,89524300.7,440568456
1378.0,S,53,22982.03,4697.94,17892133.9,89524350.7,440568512
1379.0,S,53,22996.34,4699.71,17892133.9,89524350.9,440568515
1380.0,S,56,23008.21,4700.90,17892133.9,89524396.0,440568881
1381.0,S,56,23025.23,4702.74,17892133.9,89524396.3,440568889
1382.0,S,52,23040.54,4704.56,17892133.9,89524836.3,440569275
1383.0,S,63,23061.46,4706.19,17892133.9,89524976.4,440569400
1384.0,S,63,23088.29,4707.62,17892133.9,89524977.9,440569408
1385.0,S,62,23114.68,4708.89,17892133.9,89524999.7,440569528
1386.0,S,65,23137.91,4709.95,17892133.9,89525139.8,440569996
1387.0,S,64,23165.56,4711.63,17892133.9,89525195.7,440570059
1388.0,S,63,23185.78,4712.97,17892133.9,89525824.4,440570686
1389.0,S,51,23197.45,4714.47,17892133.9,89526426.2,440571247
1390.0,S,58,23217.46,4716.15,17892144.2,89526476.7,440571405
1391.0,S,58,23240.85,4717.73,17892154.4,89526477.0,440571435
1392.0,S,58,23264.34,4719.28,17892164.8,89526477.3,440571464
1393.0,S,61,23285.94,4720.58,17892176.1,89526616.9,440571844
1394.0,S,60,23314.92,4725.05,17892189.1,89526663.3,440571981
1395.0,S,58,23333.83,4728.95,17892192.9,89527179.9,440572875
1396.0,S,56,23341.96,4731.82,17892192.9,89527508.5,440573876
1397.0,S,65,23359.60,4735.05,17892192.9,89527654.2,440574433
1398.0,S,65,23386.47,4736.31,17892192.9,89527757.3,440574700
1399.0,S,63,23413.87,4737.79,17892192.9,89527808.0,440574751
1400.0,S,63,23440.89,4739.11,17892192.9,89527808.6,440574758
1401.0,S,63,23468.02,4740.59,17892192.9,89527810.0,440574761
1402.0,S,63,23493.05,4742.03,17892192.9,89528132.7,440575225
1403.0,S,52,23505.93,4743.25,17892192.9,89528753.0,440575986
1404.1,S,47,23514.68,4744.46,17892192.9,89529201.0,440576959
1405.1,S,64,23540.00,4746.19,17892198.8,89529226.3,440576992
1406.1,S,62,23566.35,4747.48,17892208.6,89529361.7,440577128
1407.1,S,61,23592.59,4748.74,17892218.1,89529384.2,440577155
1408.1,S,60,23618.38,4750.09,17892223.9,89529417.7,440577191
1409.1,S,60,23643.49,4751.33,17892227.3,89529417.9,440577200
1410.1,S,58,23658.77,4752.57,17892228.3,89529731.3,440578064
1411.2,S,56,23662.46,4753.41,17892228.3,89530217.9,440579180
1412.3,S,47,23669.63,4754.92,17892228.3,89530645.2,440579979
1413.3,S,55,23682.95,4756.55,17892228.3,89530751.0,440580339
1414.3,S,55,23698.95,4758.44,17892228.3,89530751.3,440580344
1415.3,S,55,23715.10,4760.26,17892228.3,89530751.4,440580347
1416.3,S,54,23730.61,4762.08,17892228.3,89530930.7,440580539
1417.3,S,48,23742.02,4763.72,17892228.3,89531262.0,440580826
1418.3,S,70,23769.41,4765.10,17892228.3,89531340.5,440580907
1419.3,S,70,23800.92,4765.94,17892228.3,89531342.0,440580915
1420.3,S,70,23831.33,4766.74,17892228.3,89531445.1,440581200
1421.3,S,69,23861.05,4767.49,17892228.3,89531472.9,440581275
1422.3,S,68,23891.29,4768.76,17892228.3,89531518.3,440581322
1423.3,S,59,23917.65,4770.00,17892228.3,89532180.5,440581897
1424.3,S,59,23932.86,4771.08,17892228.3,89532744.7,440582607
1425.3,S,54,23935.79,4771.75,17892228.3,89533059.0,440583608
1426.3,S,67,23953.77,4773.20,17892228.3,89533166.4,440583906
1427.3,S,65,23983.20,4774.63,17892228.3,89533199.0,440584016
1428.3,S,64,24011.29,4776.26,17892228.3,89533222.6,440584047
1429.3,S,64,24039.12,4777.80,17892228.3,89533223.0,440584056
1430.3,S,67,24066.45,4778.85,17892228.3,89533325.7,440584344
1431.3,S,65,24093.93,4780.45,17892228.3,89533756.0,440584706
1432.3,S,54,24107.53,4781.93,17892228.3,89534286.7,440585537
1433.3,S,54,24113.04,4782.98,17892228.3,89534676.1,440586538
1434.3,S,48,24121.00,4784.34,17892228.3,89534799.8,440586776
1435.3,S,48,24129.85,4785.60,17892228.3,89534800.8,440586789
1436.3,S,48,24137.91,4786.90,17892228.3,89534836.1,440587539
1437.6,S,53,24149.97,4788.42,17892228.3,89534872.1,440588327
1438.6,S,53,24155.23,4788.50,17892228.3,89534917.6,440589328
1439.6,S,57,24171.99,4790.07,17892228.3,89534953.7,440589459
1440.6,S,57,24190.13,4791.89,17892228.3,89534954.2,440589466
1441.6,S,52,24200.41,4793.21,17892228.3,89535441.9,440590281
1442.6,S,65,24218.80,4794.74,17892228.3,89535593.1,440590511
1443.6,S,64,24246.46,4796.27,17892228.3,89535599.4,440590598
1444.6,S,64,24274.31,4797.86,17892228.3,89535696.3,440590775
1445.6,S,68,24302.13,4799.48,17892228.3,89535702.5,440590805
1446.6,S,68,24332.15,4800.84,17892228.3,89535703.1,440590810
1447.6,S,66,24360.29,4802.43,17892228.3,89535988.9,440591392
1448.6,S,57,24375.95,4803.78,17892228.3,89536694.3,440592273
1449.6,S,54,24381.71,4804.53,17892228.3,89537077.1,440593274
1450.6,S,72,24405.47,4805.73,17892228.3,89537217.9,440593407
1451.6,S,71,24438.20,4806.35,17892228.3,89537225.7,440593582
1452.6,S,69,24469.96,4807.03,17892228.3,89537263.2,440593675
1453.6,S,69,24501.60,4807.75,17892228.3,89537263.4,440593677
1454.6,S,68,24532.28,4808.39,17892228.3,89537327.6,440593991
1455.6,S,66,24561.55,4809.08,17892228.3,89537522.6,440594365
1456.6,S,62,24585.70,4810.47,17892228.3,89538316.4,440595087
1457.7,S,59,24594.97,4811.63,17892228.3,89538756.5,440596147
1458.7,S,56,24603.99,4812.85,17892228.3,89538986.7,440597148
1459.7,S,56,24613.06,4814.17,17892228.3,89538987.6,440598149
1460.7,S,56,24621.88,4815.52,17892228.3,89538992.0,440599150
1461.7,S,54,24623.76,4815.76,17892228.3,89539002.2,440600151
1464.6,S,47,24631.00,4817.12,17892228.3,89539472.1,440602567
1465.6,S,47,24640.70,4818.48,17892228.3,89539473.1,440602578
1466.6,S,47,24650.20,4819.83,17892228.3,89539691.6,440602862
1467.6,S,47,24658.52,4821.58,17892228.3,89539703.8,440602905
1468.6,S,47,24667.28,4822.73,17892228.3,89539703.9,440602909
1469.6,S,47,24676.06,4824.10,17892228.3,89539792.5,440602989
1470.6,S,47,24684.81,4825.38,17892228.3,89539792.8,440602994
1471.6,S,47,24693.43,4826.80,17892228.3,89539793.0,440602996
1472.6,S,47,24702.11,4828.20,17892228.3,89539793.2,440602997
1473.6,S,47,24710.88,4829.57,17892228.3,89539793.4,440603005
1474.6,S,47,24719.18,4830.89,17892228.3,89539810.2,440603059
1475.6,S,58,24728.78,4832.45,17892228.3,89540000.9,440603586
1476.6,S,58,24748.47,4834.31,17892228.3,89540029.7,440603666
1477.6,S,58,24767.60,4836.06,17892228.3,89540030.1,440603668
1478.6,S,58,24786.67,4837.78,17892228.3,89540048.4,440603708
1479.6,S,57,24804.64,4839.44,17892228.3,89540233.5,440603907
1480.6,S,49,24817.34,4841.13,17892228.3,89540841.5,440604424
1481.6,S,77,24843.54,4842.20,17892228.3,89540907.3,440604488
1482.6,S,76,24878.90,4842.64,17892228.3,89540927.6,440604518
1483.6,S,76,24913.96,4843.08,17892228.3,89540927.8,440604518
1484.6,S,76,24949.48,4843.53,17892228.3,89540928.1,440604524
1485.6,S,75,24985.04,4843.98,17892228.3,89540973.1,440604574
1486.6,S,72,25019.96,4844.46,17892228.3,89541125.9,440604760
1487.6,S,70,25054.50,4845.08,17892228.3,89541406.8,440605008
1488.6,S,67,25072.86,4846.20,17892228.3,89542592.5,440606010
1489.6,S,62,25078.31,4847.01,17892228.3,89542986.6,440607011
1490.7,S,69,25087.08,4848.27,17892228.3,89543433.0,440607638
1491.7,S,91,25122.07,4849.09,17892228.3,89543442.8,440607691
1492.7,S,91,25157.69,4849.50,17892228.3,89543443.0,440607695
1493.7,S,91,25193.13,4849.95,17892228.3,89543443.3,440607706
1494.7,S,89,25228.04,4850.35,17892228.3,89543493.4,440607753
1495.7,S,89,25263.72,4850.77,17892228.3,89543493.7,440607755
1496.7,S,89,25299.24,4851.20,17892228.3,89543494.4,440607763
1497.7,S,88,25334.81,4851.66,17892228.3,89543612.9,440607868
1498.7,S,76,25369.09,4852.35,17892228.3,89544319.3,440608570
1499.7,S,74,25398.53,4852.93,17892228.6,89544588.1,440609337
1500.9,S,64,25421.07,4854.21,17892228.6,89545224.2,440610439
1501.9,S,64,25425.44,4854.96,17892228.6,89545536.3,440611441
1509.8,S,63,25427.60,4855.63,17892228.6,89546195.4,440619390
1510.9,S,63,25429.95,4856.21,17892228.6,89546619.3,440620458
1512.0,S,47,25437.26,4858.17,17892228.6,89546655.2,440620576
1513.0,S,47,25445.06,4859.52,17892228.6,89546655.8,440620584
1514.0,S,47,25452.83,4860.94,17892228.6,89546656.7,440620645
1515.0,S,47,25460.50,4862.34,17892228.6,89546657.9,440620647
1516.0,S,47,25468.33,4863.73,17892228.6,89546658.1,440620655
1517.0,S,47,25475.90,4865.06,17892228.6,89546658.3,440620661
1518.0,S,47,25483.50,4866.38,17892228.6,89546658.5,440620666
1519.0,S,50,25492.64,4867.92,17892228.6,89546686.7,440620737
1520.0,S,50,25503.33,4869.45,17892228.6,89546687.2,440620741
1521.0,S,48,25510.64,4870.55,17892228.6,89546830.5,440621124
1522.0,S,48,25519.44,4871.65,17892228.6,89546830.8,440621131
1523.0,S,53,25528.19,4872.98,17892228.6,89546878.6,440621199
1524.0,S,52,25542.11,4874.70,17892228.6,89546888.4,440621247
1525.0,S,52,25555.59,4876.39,17892228.6,89546888.9,440621249
1526.0,S,56,25570.80,4878.24,17892228.6,89546942.9,440621336
1527.0,S,56,25587.90,4880.13,17892228.6,89547002.6,440621394
1528.0,S,61,25599.64,4881.88,17892228.6,89547520.8,440621839
1529.0,S,61,25624.06,4883.21,17892228.6,89547521.9,440621846
1530.0,S,61,25648.39,4884.60,17892228.6,89547522.3,440621854
1531.0,S,61,25672.47,4885.98,17892228.6,89547546.2,440621936
1532.1,S,63,25697.74,4887.44,17892228.6,89547729.2,440622274
1533.1,S,62,25725.73,4891.29,17892228.6,89547849.3,440622625
1534.1,S,58,25738.66,4893.98,17892228.6,89548469.9,440623626
1535.1,S,73,25763.50,4896.22,17892228.6,89548806.3,440624373
1536.1,S,73,25779.80,4896.85,17892228.6,89548843.7,440625374
1537.1,S,70,25810.42,4898.02,17892228.6,89548846.7,440625501
1538.1,S,70,25840.98,4898.67,17892228.6,89548847.9,440625517
1539.1,S,70,25870.84,4899.47,17892228.6,89548874.2,440626136
1540.1,S,73,25887.85,4899.88,17892228.6,89548984.2,440626852
1541.1,S,67,25917.79,4900.73,17892228.6,89549469.8,440627295
1542.1,S,60,25940.16,4902.26,17892228.6,89550264.9,440627978
1543.2,S,68,25951.83,4903.40,17892228.6,89550754.6,440628858
1544.2,S,64,25979.46,4905.07,17892228.6,89550778.3,440628933
1545.2,S,64,26007.26,4906.59,17892228.6,89550778.5,440628938
1546.2,S,63,26034.61,4908.03,17892228.6,89550809.0,440629072
1547.2,S,62,26061.72,4909.37,17892228.6,89550859.9,440629222
1548.2,S,61,26085.76,4910.49,17892228.6,89551289.3,440629599
1549.2,S,50,26102.72,4912.11,17892228.6,89552019.3,440630257
1550.2,S,66,26120.27,4913.50,17892228.6,89552114.3,440630520
1551.2,S,66,26149.31,4915.20,17892228.6,89552114.7,440630524
1552.2,S,65,26177.88,4916.81,17892228.6,89552131.2,440630939
1553.2,S,65,26205.71,4918.88,17892228.6,89552322.1,440631152
1554.2,S,65,26233.43,4920.65,17892228.6,89552323.0,440631153
1555.2,S,64,26259.95,4922.18,17892228.6,89552427.3,440631471
1556.2,S,62,26267.51,4922.64,17892228.6,89553007.2,440632471
1557.2,S,54,26268.84,4922.92,17892228.6,89553607.5,440633472
1558.2,S,47,26277.21,4924.40,17892228.6,89553694.2,440633580
1559.2,S,56,26286.00,4926.05,17892228.6,89553884.4,440634188
1560.2,S,55,26302.52,4928.23,17892228.6,89553894.7,440634213
1561.2,S,55,26318.55,4930.19,17892228.6,89553895.1,440634219
1562.2,S,55,26334.86,4932.09,17892228.6,89553895.5,440634243
1563.2,S,55,26350.52,4934.01,17892228.6,89554102.4,440634865
1564.2,S,54,26355.68,4934.62,17892228.6,89554391.3,440635866
1565.2,S,54,26355.98,4934.63,17892228.6,89554483.5,440636866
1568.1,S,54,26356.79,4934.67,17892228.6,89554504.7,440639759
1569.1,S,54,26356.79,4934.67,17892228.6,89554515.3,440640760
1570.1,S,54,26356.79,4934.67,17892228.6,89554526.8,440641761
1571.1,S,76,26362.25,4935.09,17892228.6,89554583.1,440642522
1572.1,S,76,26397.18,4935.56,17892228.6,89554584.8,440642577
1573.1,S,76,26432.68,4935.99,17892228.6,89554584.8,440642577
1574.1,S,75,26468.00,4936.43,17892228.6,89554690.3,440643024
1575.1,S,75,26503.11,4936.89,17892228.6,89554690.6,440643030
1576.1,S,71,26537.12,4937.52,17892228.6,89554950.4,440643264
1577.1,S,70,26569.00,4938.35,17892228.6,89555029.4,440643646
1578.1,S,70,26586.02,4939.26,17892228.6,89555498.8,440644647
1579.1,S,70,26590.43,4940.08,17892228.6,89555988.4,440645648
1580.4,S,67,26591.92,4940.75,17892228.6,89556534.8,440646953
1581.4,S,67,26599.61,4942.19,17892228.6,89556545.8,440647954
1582.4,S,67,26607.04,4943.59,17892228.6,89556556.7,440648955
1583.4,S,67,26614.79,4944.99,17892228.6,89556567.3,440649956
1584.4,S,67,26616.99,4945.42,17892228.6,89556578.1,440650957
1586.3,S,78,26626.70,4946.70,17892228.6,89556943.7,440652527
1587.3,S,78,26661.79,4947.36,17892228.6,89556944.8,440652539
1588.3,S,76,26697.02,4947.78,17892228.6,89556975.2,440652634
1589.3,S,74,26731.60,4948.36,17892228.6,89557043.2,440652855
1590.3,S,73,26765.75,4949.00,17892228.6,89557078.8,440652966
1591.3,S,73,26799.23,4949.60,17892229.0,89557136.0,440653032
1592.3,S,73,26832.68,4950.22,17892229.0,89557196.3,440653200
1593.3,S,71,26853.43,4951.56,17892229.0,89557882.9,440654109
1594.3,S,67,26858.10,4952.89,17892229.0,89558646.0,440655110
1595.3,S,47,26863.09,4954.39,17892229.0,89559063.8,440655815
1596.3,S,47,26870.89,4955.83,17892229.0,89559064.8,440655832
1597.3,S,47,26878.69,4957.13,17892229.0,89559066.3,440655842
1598.3,S,47,26886.42,4958.59,17892229.0,89559066.6,440655853
1599.3,S,50,26894.36,4959.97,17892229.0,89559099.2,440655894
1600.3,S,50,26904.84,4961.47,17892229.0,89559099.5,440655906
1601.3,S,50,26913.88,4962.78,17892229.0,89559242.2,440656177
1602.3,S,48,26921.85,4964.08,17892229.0,89559302.8,440656308
1603.3,S,48,26930.49,4965.42,17892229.0,89559303.4,440656329
1604.4,S,53,26942.23,4967.00,17892229.0,89559351.3,440656376
1605.4,S,52,26955.86,4968.90,17892229.0,89559369.3,440656421
1606.4,S,56,26967.49,4970.24,17892229.0,89559417.5,440656695
1607.4,S,56,26984.63,4972.11,17892229.0,89559418.3,440656699
1608.4,S,54,27000.80,4974.07,17892229.0,89559776.5,440657042
1609.4,S,63,27022.49,4975.61,17892229.0,89560000.7,440657236
1610.4,S,62,27049.18,4977.12,17892229.0,89560016.2,440657285
1611.4,S,60,27074.67,4978.51,17892229.0,89560064.8,440657394
1612.4,S,63,27099.32,4979.87,17892229.0,89560150.0,440657643
1613.4,S,63,27126.92,4981.26,17892229.0,89560150.5,440657652
1614.4,S,63,27146.76,4982.69,17892229.0,89560585.0,440658373
1615.4,S,49,27155.97,4983.99,17892229.0,89561369.9,440659158
1616.4,S,71,27187.72,4985.03,17892229.0,89561386.1,440659211
1617.4,S,70,27219.27,4985.81,17892229.0,89561389.5,440659231
1618.4,S,70,27250.87,4986.61,17892229.0,89561389.5,440659231
1619.4,S,68,27281.63,4987.41,17892229.0,89561458.6,440659294
1620.4,S,68,27312.13,4988.20,17892229.0,89561460.3,440659301
1621.4,S,67,27337.17,4988.96,17892229.0,89561832.6,440660054
1622.4,S,57,27342.96,4989.47,17892229.0,89563023.5,440661055
1623.4,S,61,27361.53,4991.19,17892229.0,89563153.1,440661180
1624.4,S,61,27386.60,4992.86,17892229.0,89563160.5,440661851
1625.4,S,61,27394.66,4993.26,17892229.0,89563173.7,440662852
1627.4,S,57,27413.35,4994.77,17892229.0,89563356.0,440664366
1628.4,S,56,27434.01,4996.51,17892229.0,89563392.4,440664417
1629.4,S,56,27454.24,4998.24,17892229.0,89563401.7,440664442
1630.4,S,56,27461.48,4998.71,17892229.0,89563729.1,440665443
1631.4,S,54,27463.31,4998.86,17892229.0,89564054.1,440666444
1632.4,S,56,27473.21,5000.26,17892229.0,89564392.2,440666834
1633.4,S,56,27492.49,5001.96,17892229.0,89564393.2,440667488
1634.4,S,56,27511.26,5003.66,17892229.1,89564399.8,440668094
1635.4,S,56,27528.84,5005.42,17892229.2,89564399.8,440669095
1636.4,S,56,27546.11,5007.29,17892229.2,89564404.7,440670096
1637.4,S,54,27555.04,5008.51,17892229.2,89564646.8,440671097
1638.4,S,50,27558.43,5009.15,17892229.2,89564994.2,440672096
1639.4,S,47,27565.76,5010.20,17892229.2,89565102.7,440672499
1640.4,S,56,27577.54,5012.02,17892229.2,89565287.0,440672885
1641.4,S,56,27594.76,5013.81,17892229.2,89565288.7,440672896
1642.4,S,56,27611.74,5015.62,17892229.2,89565288.8,440672904
1643.4,S,56,27628.97,5017.60,17892229.2,89565290.4,440672912
1644.4,S,55,27642.61,5019.14,17892229.2,89565583.1,440673627
1645.4,S,47,27650.46,5020.35,17892229.2,89565977.1,440674390
1646.4,S,47,27650.46,5020.36,17892229.2,89566022.4,440675391
1647.4,S,67,27672.02,5021.44,17892229.2,89566035.0,440675712
1648.4,S,67,27703.02,5022.62,17892229.2,89566035.3,440675719
1649.4,S,67,27734.18,5023.68,17892229.2,89566036.9,440675724
1650.4,S,67,27764.64,5024.55,17892229.2,89566037.2,440675730
1651.4,S,67,27795.40,5025.58,17892229.2,89566037.6,440675738
1652.4,S,64,27823.92,5026.69,17892229.2,89566557.9,440676200
1653.4,S,59,27839.45,5027.88,17892229.2,89566933.8,440676904
1654.4,S,59,27844.40,5028.85,17892229.2,89567264.1,440677905
1655.4,S,51,27847.44,5029.61,17892229.2,89567826.6,440678899
1656.4,S,53,27862.19,5031.53,17892229.2,89567853.7,440678949
1657.4,S,53,27876.65,5033.40,17892229.2,89567854.1,440678951
1658.4,S,52,27890.82,5035.17,17892229.2,89567893.6,440679062
1659.4,S,52,27904.12,5036.80,17892229.2,89567895.0,440679071
1660.4,S,52,27912.60,5038.08,17892229.2,89568122.6,440679865
1661.5,S,79,27932.21,5039.28,17892229.2,89568282.0,440680385
1662.5,S,79,27967.75,5039.72,17892229.2,89568283.0,440680393
1663.6,S,77,28002.78,5040.19,17892229.2,89568317.4,440680629
1664.6,S,75,28037.60,5040.70,17892229.2,89568372.5,440680783
1665.6,S,75,28072.49,5041.25,17892229.2,89568374.0,440680788
1666.6,S,74,28106.71,5041.82,17892229.2,89568519.0,440681176
1667.6,S,71,28140.21,5042.47,17892229.2,89568690.6,440681449
1668.6,S,69,28150.78,5043.23,17892229.2,89569193.4,440682395
1669.6,S,66,28151.79,5043.67,17892229.2,89569801.4,440683396
1670.6,S,57,28152.42,5044.05,17892229.2,89570410.7,440684397
1671.6,S,50,28163.16,5045.60,17892229.2,89570493.3,440684481
1672.6,S,49,28173.69,5047.07,17892229.2,89570666.8,440684630
1673.6,S,48,28181.96,5048.45,17892229.2,89570718.2,440684687
1674.6,S,48,28190.69,5049.83,17892229.2,89570718.8,440684692
1675.6,S,53,28203.23,5051.82,17892229.2,89570767.4,440684737
1676.6,S,53,28217.39,5053.62,17892229.2,89570768.8,440684741
1677.6,S,57,28232.68,5055.42,17892229.2,89570866.0,440684855
1678.6,S,56,28250.10,5057.27,17892229.2,89570914.2,440684976
1679.6,S,56,28262.76,5058.86,17892229.2,89571141.8,440685550
1680.7,S,51,28268.17,5059.82,17892229.2,89571474.8,440686584
1681.7,S,59,28287.47,5061.36,17892229.2,89571495.6,440686654
1682.7,S,59,28311.21,5062.75,17892229.2,89571511.0,440686696
1683.7,S,63,28334.47,5064.06,17892229.2,89571538.8,440686786
1684.7,S,63,28361.53,5065.48,17892229.2,89571545.5,440686797
1685.7,S,62,28387.82,5066.72,17892229.2,89571583.7,440686896
1686.7,S,61,28403.88,5068.13,17892229.2,89572123.1,440687639
1687.7,S,60,28406.96,5068.80,17892229.2,89572430.3,440688640
1688.7,S,49,28413.70,5069.61,17892229.2,89572750.9,440689583
1689.7,S,62,28436.74,5071.11,17892229.2,89572760.5,440689642
1690.7,S,62,28463.52,5072.42,17892229.2,89572760.8,440689642
1691.7,S,66,28491.50,5073.89,17892229.6,89572771.2,440689687
1692.7,S,65,28519.91,5075.39,17892229.6,89572808.0,440689745
1693.7,S,63,28547.54,5076.92,17892229.6,89572900.8,440689838
1694.7,S,59,28565.55,5078.09,17892229.6,89573336.2,440690591
1695.7,S,57,28571.88,5078.86,17892229.6,89573658.6,440691593
1696.7,S,47,28576.04,5079.66,17892229.6,89574179.5,440692511
1697.7,S,47,28585.88,5081.10,17892229.6,89574180.3,440692516
1698.7,S,47,28595.72,5082.34,17892229.6,89574181.1,440692516
1699.7,S,47,28604.51,5083.62,17892229.6,89574283.9,440692634
1700.7,S,47,28614.41,5085.08,17892229.6,89574284.2,440692637
1701.7,S,47,28624.09,5086.57,17892229.6,89574325.1,440692762
1702.7,S,47,28632.51,5088.32,17892229.6,89574475.3,440693339
1703.7,S,47,28641.24,5089.67,17892229.6,89574476.3,440693350
1704.7,S,47,28650.07,5090.95,17892229.6,89574477.3,440693351
1705.7,S,47,28658.87,5092.34,17892229.6,89574477.6,440693355
1706.7,S,47,28664.71,5093.32,17892229.6,89574729.7,440694127
1707.7,S,59,28680.83,5095.25,17892229.6,89574771.4,440694260
1708.7,S,59,28701.20,5096.95,17892229.6,89574771.4,440694260
1709.7,S,59,28721.31,5098.51,17892229.6,89574772.6,440694271
1710.7,S,58,28741.00,5100.23,17892229.6,89574817.2,440694399
1711.7,S,58,28758.10,5101.87,17892229.6,89574995.6,440694901
1712.7,S,58,28759.60,5102.03,17892229.6,89575303.2,440695902
1713.7,S,77,28768.01,5103.03,17892229.6,89575696.5,440696483
1714.7,S,77,28803.56,5103.50,17892229.6,89575696.5,440696483
1715.7,S,77,28839.05,5103.95,17892229.6,89575699.9,440696489
1716.7,S,77,28874.65,5104.39,17892229.6,89575700.2,440696491
1717.7,S,77,28910.19,5104.82,17892229.6,89575700.7,440696492
1718.7,S,75,28945.31,5105.31,17892229.6,89575809.7,440696726
1719.7,S,73,28980.68,5105.78,17892229.6,89575884.0,440696969
1720.7,S,71,29008.20,5106.71,17892229.6,89576209.2,440697922
1721.7,S,71,29014.42,5107.44,17892229.6,89576586.4,440698922
1722.8,S,71,29021.66,5108.38,17892229.6,89577171.9,440700031
1724.5,S,62,29024.55,5109.15,17892229.6,89577853.5,440701675
1725.5,S,50,29033.00,5110.23,17892229.6,89578214.5,440702514
1726.5,S,92,29062.04,5111.45,17892229.6,89578235.4,440702587
1727.5,S,90,29097.51,5111.86,17892229.6,89578257.8,440702718
1728.5,S,90,29133.16,5112.29,17892229.6,89578257.8,440702718
1729.5,S,90,29168.65,5112.75,17892229.6,89578279.2,440702821
1730.5,S,88,29202.86,5113.20,17892229.6,89578317.5,440702943
1731.5,S,86,29238.08,5113.66,17892229.6,89578450.4,440703347
1732.5,S,86,29273.70,5114.09,17892229.6,89578450.9,440703348
1733.5,S,86,29304.14,5114.53,17892229.6,89578650.5,440703936
1734.5,S,80,29331.03,5115.20,17892229.6,89578961.8,440704927
1735.5,S,78,29355.95,5115.95,17892229.6,89579611.3,440705928
1736.5,S,73,29364.71,5116.75,17892229.6,89579962.9,440706929
1737.7,S,66,29367.38,5117.70,17892229.6,89580681.7,440708135
1738.9,S,54,29368.96,5118.40,17892229.6,89581360.2,440709328
1739.9,S,47,29376.54,5120.40,17892229.6,89581361.3,440709336
1740.9,S,47,29384.08,5121.75,17892229.6,89581377.8,440709365
1741.9,S,47,29391.51,5123.32,17892229.6,89581378.1,440709370
1742.9,S,47,29398.75,5124.86,17892229.6,89581378.4,440709373
1743.9,S,47,29406.44,5126.22,17892229.6,89581379.9,440709379
1744.9,S,47,29414.15,5127.67,17892229.6,89581419.1,440709418
1745.9,S,47,29421.82,5129.04,17892229.6,89581419.4,440709421
1746.9,S,47,29429.34,5130.40,17892229.6,89581419.6,440709425
1747.9,S,47,29436.68,5131.74,17892229.6,89581419.7,440709427
1748.9,S,50,29446.25,5133.14,17892229.6,89581457.2,440709467
1749.9,S,50,29456.84,5134.72,17892229.6,89581457.3,440709468
1751.0,S,48,29464.70,5136.01,17892229.6,89581601.0,440709761
1752.0,S,48,29473.32,5137.55,17892229.6,89581601.2,440709764
1753.0,S,53,29482.62,5138.97,17892229.6,89581649.0,440709888
1754.0,S,52,29496.65,5140.72,17892229.6,89581661.9,440709925
1755.0,S,52,29510.04,5142.36,17892229.6,89581666.1,440709939
1756.0,S,56,29524.62,5143.90,17892229.6,89581721.6,440710154
1757.0,S,56,29540.02,5145.59,17892229.6,89581863.6,440710509
1758.0,S,56,29548.62,5146.76,17892229.6,89582214.3,440711474
1759.0,S,60,29565.80,5148.15,17892229.6,89582300.3,440711711
1760.0,S,60,29589.29,5149.58,17892229.6,89582301.4,440711721
1761.0,S,60,29612.72,5150.99,17892229.6,89582303.2,440711726
1762.0,S,63,29635.22,5152.16,17892229.6,89582406.1,440712012
1763.0,S,63,29661.19,5153.73,17892229.6,89582428.0,440712093
1764.0,S,61,29672.13,5154.85,17892229.6,89582936.7,440713094
1765.0,S,60,29676.99,5155.64,17892229.6,89583406.4,440714095
1766.0,S,66,29691.40,5157.09,17892229.6,89583545.8,440714507
1767.0,S,66,29720.58,5158.55,17892229.6,89583547.4,440714509
1768.0,S,65,29749.12,5160.09,17892229.6,89583566.0,440714556
1769.0,S,65,29777.46,5161.65,17892229.6,89583566.3,440714556
1770.0,S,64,29803.89,5163.13,17892229.6,89583676.5,440714921
1771.0,S,66,29829.35,5164.46,17892229.6,89583838.9,440715411
1772.0,S,62,29840.93,5165.30,17892229.6,89584446.4,440716411
1773.0,S,56,29854.48,5166.79,17892229.6,89584688.7,440717154
1774.0,S,53,29858.73,5167.53,17892229.6,89585078.6,440718155
1775.0,S,47,29868.40,5169.11,17892229.6,89585129.7,440718206
1776.0,S,47,29878.20,5170.47,17892229.6,89585130.1,440718209
1777.0,S,47,29887.86,5171.90,17892229.6,89585130.4,440718212
1778.0,S,47,29897.59,5173.32,17892229.6,89585130.5,440718214
1779.0,S,47,29906.45,5174.56,17892229.6,89585234.1,440718310
1780.0,S,47,29916.30,5176.07,17892229.6,89585234.2,440718312
1781.0,S,47,29926.01,5177.41,17892229.6,89585234.5,440718313
1782.0,S,47,29935.91,5178.75,17892229.6,89585234.6,440718313
1783.0,S,47,29945.64,5180.17,17892229.6,89585234.9,440718317
1784.0,S,47,29955.38,5181.45,17892229.6,89585235.4,440718319
1785.0,S,47,29964.18,5182.87,17892229.6,89585338.4,440718413
1786.0,S,47,29973.28,5184.36,17892229.6,89585528.5,440718698
1787.0,S,47,29981.99,5185.85,17892229.6,89585528.8,440718701
1788.0,S,47,29990.85,5187.14,17892229.6,89585528.9,440718703
1789.0,S,47,29999.72,5188.54,17892229.6,89585529.4,440718707
1790.0,S,47,30007.97,5189.95,17892229.6,89585744.4,440719302
1791.0,S,58,30018.34,5191.69,17892229.6,89585911.1,440719816
1792.0,S,58,30035.34,5192.95,17892229.6,89586014.5,440720126
1793.0,S,58,30054.53,5194.80,17892229.6,89586014.7,440720128
1794.0,S,58,30073.75,5196.50,17892229.6,89586014.9,440720130
1795.0,S,58,30092.71,5198.28,17892229.6,89586094.1,440720398
1796.0,S,55,30101.32,5199.33,17892229.6,89586683.2,440721399
1797.0,S,77,30121.63,5200.43,17892229.6,89586795.2,440721702
1798.0,S,75,30156.36,5200.98,17892229.6,89586810.3,440721746
1799.0,S,75,30191.42,5201.44,17892229.6,89586810.6,440721752
1800.0,S,75,30226.96,5201.92,17892229.6,89586812.6,440721754
1801.0,S,74,30262.00,5202.39,17892229.6,89586948.4,440722116
1802.0,S,74,30293.91,5202.83,17892229.6,89587046.1,440722498
1803.2,S,70,30328.29,5203.52,17892229.6,89587204.4,440722981
1804.2,S,70,30343.68,5204.23,17892229.6,89587529.0,440723981
1805.3,S,68,30350.52,5204.96,17892229.6,89588189.8,440725120
1806.5,S,68,30352.04,5205.19,17892229.6,89588584.8,440726353
1807.7,S,51,30355.93,5205.74,17892229.6,89589236.1,440727469
1808.7,S,61,30376.37,5207.43,17892229.6,89589267.5,440727580
1809.7,S,61,30400.56,5208.66,17892229.6,89589267.8,440727584
1810.7,S,61,30424.84,5210.00,17892229.6,89589268.0,440727586
1811.7,S,59,30447.71,5211.54,17892229.6,89589438.7,440728099
1812.7,S,58,30466.90,5212.91,17892229.6,89589491.0,440728340
1813.7,S,57,30474.73,5213.57,17892229.6,89589849.7,440729341
1814.7,S,50,30478.62,5214.23,17892229.6,89590345.9,440730042
1815.7,S,82,30512.47,5215.03,17892229.6,89590348.4,440730052
1816.7,S,81,30547.86,5215.49,17892229.6,89590363.1,440730085
1817.7,S,80,30583.21,5215.96,17892229.6,89590491.8,440730548
1818.7,S,77,30615.57,5216.47,17892229.6,89590633.5,440731004
1819.7,S,77,30650.65,5216.93,17892229.6,89590661.8,440731090
1820.7,S,76,30685.76,5217.39,17892229.6,89590680.8,440731152
1821.7,S,75,30717.35,5217.96,17892229.6,89590880.2,440731708
1822.9,S,72,30727.27,5218.93,17892229.6,89591536.5,440732890
1824.9,S,76,30731.52,5219.85,17892229.6,89592153.0,440734879
1825.9,S,72,30734.85,5220.22,17892229.6,89592530.2,440735880
1827.0,S,52,30746.14,5221.65,17892229.6,89592852.7,440736332
1828.0,S,52,30759.47,5223.43,17892229.6,89592853.1,440736337
1829.0,S,52,30772.97,5225.09,17892229.6,89592893.8,440736374
1830.0,S,52,30783.62,5226.46,17892229.6,89593112.2,440736930
1831.1,S,60,30796.21,5228.10,17892229.6,89593268.8,440737385
1832.1,S,60,30819.41,5229.71,17892229.6,89593269.7,440737390
1833.1,S,60,30842.90,5231.14,17892229.6,89593270.0,440737394
1834.1,S,58,30857.52,5232.28,17892229.6,89593500.9,440738027
1835.1,S,53,30873.43,5234.01,17892229.6,89593603.1,440738301
1836.1,S,53,30886.89,5235.65,17892229.6,89593834.0,440738758
1837.1,S,71,30898.67,5236.89,17892229.6,89594182.3,440739311
1838.1,S,74,30929.17,5237.74,17892229.6,89594233.9,440739462
1839.1,S,72,30961.32,5238.48,17892229.6,89594275.1,440739578
1840.1,S,72,30992.30,5239.13,17892229.6,89594276.8,440739588
1841.1,S,70,31022.72,5239.94,17892229.6,89594357.1,440739843
1842.1,S,67,31044.53,5240.64,17892229.6,89594630.8,440740641
1843.1,S,66,31063.68,5241.68,17892229.6,89594972.5,440741461
1844.1,S,58,31076.71,5242.88,17892229.6,89595467.1,440742320
1845.1,S,57,31081.21,5243.66,17892229.6,89595735.7,440743321
1846.3,S,63,31092.17,5244.93,17892229.6,89596054.6,440744066
1847.3,S,63,31119.36,5246.47,17892229.6,89596125.4,440744140
1848.3,S,63,31146.06,5247.78,17892229.6,89596162.9,440744172
1849.3,S,67,31174.35,5249.21,17892229.6,89596181.4,440744201
1850.3,S,66,31203.43,5250.66,17892229.6,89596229.4,440744244
1851.3,S,65,31231.26,5252.27,17892229.6,89596393.7,440744492
1852.3,S,65,31239.77,5253.10,17892229.6,89596687.2,440745493
1853.5,S,63,31245.64,5253.97,17892229.6,89597222.5,440746721
1854.5,S,55,31254.06,5255.14,17892229.6,89597559.8,440747334
1855.5,S,55,31273.36,5256.91,17892229.6,89597560.2,440747339
1856.5,S,55,31292.67,5258.59,17892229.6,89597561.7,440747339
1857.5,S,54,31310.57,5260.22,17892229.6,89597637.7,440747564
1858.5,S,53,31324.65,5262.04,17892229.6,89597860.9,440748356
1859.5,S,52,31336.19,5263.50,17892229.6,89598087.9,440749003
1860.5,S,47,31344.26,5264.86,17892229.6,89598337.1,440749361
1861.5,S,47,31352.90,5266.29,17892229.6,89598337.8,440749365
1862.5,S,47,31361.66,5267.58,17892229.6,89598338.7,440749366
1863.5,S,47,31370.42,5268.97,17892229.6,89598436.7,440749456
1864.5,S,47,31378.96,5270.33,17892229.6,89598442.4,440749474
1865.5,S,47,31387.50,5271.72,17892229.6,89598594.8,440749741
1866.5,S,56,31401.54,5273.71,17892229.6,89598633.2,440749942
1867.5,S,56,31418.68,5275.38,17892229.6,89598634.4,440749946
1868.5,S,56,31435.86,5277.13,17892229.6,89598636.1,440749963
1869.5,S,55,31452.95,5278.89,17892229.6,89598677.7,440750074
1870.5,S,55,31459.94,5279.40,17892229.6,89598926.2,440750836
1871.5,S,55,31460.88,5279.58,17892229.6,89599249.5,440751837
1872.6,S,70,31480.63,5281.05,17892229.6,89599361.7,440751950
1873.6,S,69,31512.18,5282.05,17892229.6,89599370.9,440751962
1874.6,S,69,31543.82,5282.95,17892229.6,89599371.2,440751964
1875.6,S,68,31574.56,5283.81,17892229.6,89599401.9,440751991
1876.6,S,66,31605.12,5285.17,17892229.6,89599497.0,440752075
1877.6,S,65,31634.89,5286.69,17892229.6,89599618.2,440752181
1878.6,S,65,31651.67,5287.77,17892229.6,89599943.5,440753161
1879.6,S,63,31656.69,5288.52,17892229.6,89600272.0,440754163
1880.8,S,61,31658.90,5289.29,17892229.6,89600923.4,440755367
1881.8,S,79,31671.46,5290.94,17892229.6,89601095.9,440755960
1882.8,S,79,31706.67,5291.55,17892229.6,89601199.8,440756237
1883.8,S,79,31742.15,5292.00,17892229.6,89601200.3,440756244
1884.8,S,78,31777.31,5292.49,17892229.6,89601225.0,440756308
1885.8,S,77,31812.42,5292.98,17892229.6,89601255.3,440756418
1886.8,S,76,31847.37,5293.46,17892229.6,89601293.7,440756525
1887.8,S,76,31882.46,5293.95,17892229.6,89601305.5,440756557
1888.8,S,74,31906.72,5294.70,17892229.6,89601548.3,440757423
1890.0,S,74,31909.62,5295.52,17892229.6,89602254.6,440758624
1891.5,S,72,31911.86,5296.21,17892229.6,89602795.6,440760093
1892.7,S,47,31914.90,5297.29,17892229.6,89603450.6,440761176
1893.7,S,47,31922.61,5298.96,17892229.7,89603452.2,440761200
1894.7,S,47,31930.46,5300.41,17892229.7,89603452.7,440761204
1895.7,S,47,31938.16,5301.73,17892229.7,89603452.9,440761206
1896.7,S,47,31945.83,5303.24,17892229.7,89603527.2,440761361
1897.7,S,50,31953.77,5304.62,17892229.7,89603548.4,440761424
1898.7,S,50,31964.37,5306.19,17892229.7,89603548.6,440761425
1899.7,S,50,31972.94,5307.57,17892229.7,89603643.3,440761710
1900.8,S,48,31981.30,5308.95,17892229.7,89603691.8,440761887
1901.8,S,48,31990.18,5310.17,17892229.7,89603692.1,440761890
1902.8,S,53,31999.65,5311.53,17892229.7,89603808.6,440762283
1903.8,S,53,32013.83,5313.41,17892229.7,89603809.3,440762293
1904.8,S,57,32029.09,5315.12,17892229.7,89603839.3,440762389
1905.8,S,56,32047.03,5316.95,17892229.7,89603881.5,440762541
1906.8,S,55,32062.83,5318.74,17892230.0,89603994.4,440762887
1908.0,S,47,32072.64,5320.11,17892230.0,89604464.2,440763631
1909.0,S,61,32098.15,5321.45,17892230.0,89604471.9,440763641
1910.0,S,61,32123.15,5322.62,17892230.0,89604472.2,440763643
1911.0,S,65,32149.24,5323.98,17892230.0,89604506.9,440763686
1912.0,S,64,32177.31,5325.63,17892230.0,89604589.8,440763872
1913.0,S,63,32204.30,5327.08,17892230.0,89604695.0,440764191
1914.0,S,63,32216.17,5328.12,17892230.0,89605021.1,440765192
1915.0,S,60,32217.90,5328.57,17892230.0,89605572.6,440766192
1916.0,S,48,32226.60,5329.92,17892230.1,89605834.2,440766866
1917.0,S,65,32250.61,5331.42,17892230.1,89605841.1,440766898
1918.0,S,65,32279.16,5333.17,17892230.1,89605841.3,440766902
1919.0,S,69,32307.78,5334.55,17892230.1,89605858.4,440766966
1920.0,S,68,32338.50,5335.88,17892230.1,89605897.0,440767075
1921.0,S,67,32368.53,5337.28,17892230.1,89605936.7,440767187
1922.0,S,66,32391.74,5338.58,17892230.1,89606180.2,440767877
1923.0,S,62,32400.57,5339.39,17892230.1,89606791.9,440768883
1924.2,S,54,32405.74,5340.14,17892230.1,89607200.0,440770097
1925.2,S,47,32413.68,5341.44,17892230.1,89607464.4,440770742
1926.2,S,47,32423.42,5342.78,17892230.1,89607465.3,440770754
1927.2,S,47,32433.11,5344.25,17892230.1,89607466.0,440770759
1928.2,S,47,32440.58,5345.23,17892230.1,89607568.9,440771037
1929.2,S,47,32450.16,5346.63,17892230.1,89607569.4,440771039
1930.2,S,47,32458.70,5348.21,17892230.1,89607760.3,440771202
1931.2,S,47,32467.50,5349.60,17892230.1,89607761.6,440771209
1932.2,S,47,32476.47,5350.83,17892230.1,89607762.1,440771211
1933.2,S,47,32485.38,5352.13,17892230.1,89607762.3,440771215
1934.2,S,47,32494.26,5353.36,17892230.1,89607762.5,440771217
1935.2,S,47,32501.87,5354.60,17892230.1,89607907.8,440771508
1936.2,S,59,32514.40,5356.35,17892230.1,89608055.7,440771929
1937.2,S,59,32534.64,5358.14,17892230.1,89608057.0,440771939
1938.2,S,59,32555.37,5359.82,17892230.1,89608057.4,440771940
1939.2,S,58,32575.20,5361.69,17892230.1,89608093.3,440772036
1940.2,S,57,32592.80,5363.43,17892230.1,89608208.6,440772364
1941.2,S,56,32599.31,5363.97,17892230.1,89608540.2,440773337
1942.2,S,47,32604.66,5364.75,17892230.1,89608971.6,440773936
1943.2,S,80,32639.52,5365.43,17892230.1,89608974.7,440773942
1944.2,S,78,32674.95,5365.91,17892230.1,89609002.2,440773969
1945.2,S,78,32710.59,5366.32,17892230.1,89609002.6,440773972
1946.2,S,78,32746.15,5366.74,17892230.1,89609002.8,440773973
1947.2,S,76,32781.53,5367.18,17892230.1,89609074.0,440774136
1948.2,S,73,32809.68,5367.69,17892230.1,89609216.1,440774557
1949.2,S,73,32837.51,5368.12,17892230.1,89609347.0,440774960
1950.3,S,73,32862.23,5369.18,17892230.1,89609703.6,440776057
1951.3,S,72,32870.60,5370.13,17892230.1,89610304.8,440777055
1952.7,S,67,32873.19,5370.58,17892230.1,89610745.9,440778437
1953.9,S,66,32875.50,5371.05,17892230.1,89611136.4,440779603
1955.0,S,94,32887.01,5372.27,17892230.1,89611604.4,440780297
1956.0,S,92,32922.44,5372.99,17892230.1,89611613.0,440780308
1957.0,S,92,32957.84,5373.45,17892230.5,89611613.2,440780312
1958.0,S,91,32993.46,5373.88,17892230.5,89611637.6,440780348
1959.0,S,90,33028.90,5374.32,17892230.5,89611670.8,440780429
1960.0,S,89,33064.47,5374.75,17892230.5,89611765.9,440780725
1961.0,S,88,33099.99,5375.19,17892230.5,89611803.3,440780865
1962.0,S,88,33132.01,5375.61,17892230.5,89611924.5,440781177
1963.1,S,86,33160.86,5376.23,17892230.5,89612302.6,440782245
1964.3,S,74,33193.38,5376.94,17892230.5,89612900.3,440783174
1965.3,S,72,33213.93,5377.99,17892230.5,89613292.4,440784268
1966.3,S,71,33219.61,5378.44,17892230.5,89613697.7,440785270
1967.4,S,67,33221.78,5379.26,17892230.5,89614240.2,440786337
1968.4,S,63,33225.05,5379.97,17892230.5,89614563.0,440787338
1969.4,S,47,33232.43,5381.73,17892230.5,89614793.0,440787999
1970.4,S,47,33240.27,5383.05,17892230.5,89614794.9,440788004
1971.4,S,47,33247.38,5384.34,17892230.5,89614813.1,440788086
1972.4,S,47,33255.05,5385.74,17892230.5,89614813.2,440788087
1973.4,S,47,33262.86,5387.16,17892230.5,89614849.4,440788173
1974.4,S,47,33270.63,5388.60,17892230.5,89614849.6,440788180
1975.4,S,47,33278.32,5390.01,17892230.5,89614849.8,440788184
1976.4,S,47,33285.95,5391.31,17892230.5,89614850.7,440788187
1977.4,S,50,33293.28,5392.52,17892230.5,89614890.1,440788304
1978.4,S,50,33303.89,5393.95,17892230.5,89614890.2,440788306
1979.4,S,50,33313.49,5395.39,17892230.5,89614973.0,440788531
1980.6,S,48,33321.64,5396.81,17892230.5,89615062.8,440788822
1981.6,S,48,33330.21,5398.11,17892230.5,89615063.0,440788824
1982.6,S,53,33341.08,5399.64,17892230.5,89615111.8,440788994
1983.6,S,53,33355.49,5401.35,17892230.5,89615112.5,440789000
1984.6,S,56,33369.89,5403.15,17892230.5,89615229.8,440789144
1985.6,S,56,33386.93,5405.01,17892230.5,89615230.2,440789148
1986.6,S,53,33401.34,5406.63,17892230.5,89615515.1,440789460
1987.7,S,55,33409.46,5407.82,17892230.5,89615809.5,440790319
1988.7,S,61,33434.32,5409.21,17892230.5,89615810.5,440790330
1989.7,S,61,33459.52,5410.48,17892230.5,89615811.0,440790341
1990.7,S,65,33483.57,5411.54,17892230.5,89615878.1,440790565
1991.7,S,64,33511.13,5413.21,17892230.5,89615944.3,440790723
1992.7,S,62,33537.86,5414.59,17892230.5,89616016.7,440790933
1993.7,S,62,33549.86,5415.77,17892230.5,89616325.9,440791922
1994.7,S,62,33553.66,5416.52,17892230.5,89616727.3,440792923
1995.7,S,64,33563.36,5417.85,17892230.5,89617110.7,440793484
1996.7,S,62,33590.44,5419.09,17892230.5,89617118.0,440793514
1997.7,S,62,33617.07,5420.36,17892230.5,89617118.2,440793516
1998.7,S,66,33643.21,5421.53,17892230.5,89617222.3,440793786
1999.7,S,65,33672.19,5423.12,17892230.5,89617264.8,440793894
2000.7,S,65,33700.59,5424.79,17892230.5,89617265.1,440793898
2001.7,S,64,33715.37,5426.17,17892230.5,89617515.0,440794840
2002.7,S,63,33720.69,5427.11,17892230.5,89618144.5,440795841
2003.9,S,49,33725.14,5427.98,17892230.5,89618572.0,440797083
2004.9,S,47,33733.54,5429.42,17892230.5,89618679.8,440797507
2005.9,S,47,33743.26,5430.94,17892230.5,89618680.6,440797515
2006.9,S,47,33752.18,5432.22,17892230.5,89618717.3,440797618
2007.9,S,47,33760.44,5433.38,17892230.5,89618783.4,440797815
2008.9,S,47,33770.30,5434.73,17892230.5,89618783.7,440797819
2009.9,S,47,33779.12,5436.34,17892230.5,89618975.0,440798468
2010.9,S,47,33787.99,5437.55,17892230.5,89618975.8,440798477
2011.9,S,47,33796.86,5438.85,17892230.5,89618976.1,440798481
2012.9,S,47,33805.51,5440.16,17892230.5,89618976.4,440798484
2013.9,S,47,33812.67,5441.38,17892230.5,89619053.5,440798671
2014.9,S,47,33820.98,5442.72,17892230.5,89619080.1,440798758
2015.9,S,59,33831.39,5444.52,17892230.5,89619271.2,440799261
2016.9,S,59,33851.53,5446.17,17892230.5,89619272.3,440799272
2017.9,S,58,33870.84,5447.97,17892230.5,89619292.1,440799360
2018.9,S,58,33890.33,5449.71,17892230.5,89619292.3,440799364
2019.9,S,58,33908.57,5451.41,17892230.5,89619499.3,440799549
2020.9,S,56,33920.75,5452.76,17892230.5,89619920.0,440800433
2022.4,S,73,33939.12,5454.42,17892230.5,89620177.0,440801273
2023.4,S,71,33973.75,5454.94,17892230.5,89620187.0,440801311
2024.4,S,70,34008.83,5455.42,17892230.5,89620202.6,440801359
2025.4,S,70,34043.56,5455.94,17892230.5,89620227.6,440801434
2026.4,S,68,34077.91,5456.58,17892230.5,89620303.0,440801648
2027.4,S,66,34110.39,5457.34,17892230.5,89620394.0,440801908
2028.4,S,64,34138.18,5458.06,17892230.5,89620818.7,440802377
2029.4,S,63,34148.61,5459.08,17892230.5,89621134.3,440803388
2030.6,S,63,34150.39,5459.61,17892230.5,89621532.1,440804601
2031.6,S,60,34152.14,5460.10,17892230.5,89621901.4,440805602
2032.8,S,58,34164.44,5461.53,17892230.5,89622382.7,440806319
2033.8,S,58,34185.94,5462.99,17892230.5,89622383.5,440806327
2034.8,S,57,34206.56,5464.54,17892230.5,89622414.2,440806434
2035.8,S,56,34226.21,5466.31,17892230.5,89622449.9,440806540
2036.8,S,56,34245.58,5468.04,17892230.5,89622450.2,440806543
2037.8,S,55,34255.01,5469.14,17892230.5,89622738.8,440807356
2038.8,S,54,34257.64,5469.51,17892230.5,89623088.7,440808357
2039.8,S,91,34281.63,5470.81,17892230.5,89623282.7,440808558
2040.8,S,89,34317.18,5471.22,17892230.5,89623294.5,440808575
2041.8,S,89,34352.79,5471.68,17892230.5,89623294.8,440808579
2042.8,S,88,34388.27,5472.06,17892230.5,89623307.9,440808594
2043.8,S,87,34423.77,5472.52,17892230.5,89623347.0,440808631
2044.8,S,85,34459.08,5472.97,17892230.7,89623414.6,440808694
2045.8,S,85,34494.63,5473.46,17892230.8,89623429.6,440808707
2046.8,S,83,34527.32,5474.01,17892230.8,89623752.7,440809626
2047.8,S,81,34542.86,5474.50,17892230.8,89624109.7,440810628
2048.8,S,79,34567.21,5475.54,17892230.8,89624417.9,440811661
2050.1,S,69,34576.20,5476.48,17892230.8,89625154.0,440812899
2051.6,S,67,34578.31,5476.82,17892230.8,89625584.4,440814404
2052.6,S,52,34578.37,5477.10,17892230.8,89626239.8,440815462
2053.6,S,50,34587.59,5478.58,17892230.8,89626274.1,440815593
2054.6,S,50,34598.35,5480.00,17892230.8,89626275.5,440815597
2055.6,S,48,34606.29,5481.30,17892230.8,89626418.4,440816032
2056.6,S,48,34614.98,5482.71,17892230.8,89626418.9,440816046
2057.6,S,53,34623.78,5484.32,17892230.8,89626466.8,440816170
2058.6,S,52,34637.73,5486.33,17892230.8,89626476.0,440816196
2059.6,S,56,34650.89,5487.91,17892230.8,89626502.3,440816286
2060.6,S,56,34667.90,5489.75,17892230.8,89626504.0,440816291
2061.6,S,56,34684.96,5491.68,17892230.8,89626534.9,440816416
2062.6,S,54,34690.34,5492.46,17892230.8,89626873.1,440817416
2063.6,S,62,34699.87,5493.78,17892230.8,89627082.9,440818131
2064.6,S,62,34726.06,5495.02,17892230.8,89627084.1,440818142
2065.7,S,62,34752.52,5496.44,17892230.8,89627084.3,440818144
2066.7,S,66,34778.39,5497.68,17892230.8,89627170.6,440818899
2067.7,S,64,34806.36,5499.27,17892230.8,89627259.8,440819159
2068.7,S,64,34833.70,5500.84,17892230.8,89627430.2,440819403
2069.7,S,63,34847.49,5501.80,17892230.8,89627874.9,440820219
2070.7,S,59,34852.31,5502.42,17892230.8,89628222.4,440821227
2071.7,S,48,34857.14,5503.17,17892230.8,89628582.7,440822011
2072.7,S,64,34880.95,5504.90,17892230.8,89628588.9,440822023
2073.7,S,63,34908.46,5506.46,17892230.8,89628605.3,440822039
2074.7,S,62,34935.71,5507.95,17892230.8,89628627.8,440822060
2075.7,S,65,34963.97,5509.43,17892230.8,89628680.8,440822119
2076.7,S,65,34992.42,5511.00,17892230.8,89628681.9,440822124
2077.7,S,63,35015.28,5512.59,17892230.8,89628975.7,440822746
2078.7,S,63,35021.70,5513.56,17892230.8,89629289.6,440823821
2080.2,S,60,35024.05,5514.23,17892230.8,89629769.9,440825290
2081.2,S,47,35030.09,5515.40,17892230.8,89630100.0,440825901
2082.2,S,47,35039.88,5516.82,17892230.8,89630100.5,440825907
2083.2,S,47,35049.41,5518.40,17892230.8,89630102.0,440825912
2084.2,S,47,35059.19,5519.87,17892230.8,89630204.8,440826005
2085.2,S,47,35068.80,5521.15,17892230.8,89630205.1,440826008
2086.2,S,47,35077.71,5522.86,17892230.8,89630395.8,440826503
2087.2,S,47,35086.65,5524.28,17892230.8,89630396.7,440826508
2088.2,S,47,35095.34,5525.61,17892230.8,89630397.8,440826515
2089.2,S,47,35103.97,5526.92,17892230.8,89630398.3,440826515
2090.2,S,47,35112.70,5528.24,17892230.8,89630398.5,440826517
2091.2,S,47,35119.29,5529.32,17892230.8,89630501.7,440826772
2092.2,S,47,35127.58,5530.79,17892230.8,89630692.0,440827261
2093.2,S,58,35145.42,5532.54,17892230.8,89630692.9,440827266
2094.2,S,58,35164.41,5534.36,17892230.8,89630693.8,440827273
2095.2,S,58,35183.40,5536.04,17892230.8,89630694.6,440827274
2096.2,S,58,35202.45,5537.82,17892230.8,89630780.2,440827488
2097.2,S,56,35212.99,5538.89,17892230.8,89631087.4,440828377
2098.2,S,47,35219.41,5539.87,17892230.8,89631568.3,440829223
2099.2,S,75,35252.87,5540.58,17892230.9,89631574.0,440829246
2100.2,S,75,35288.48,5541.02,17892230.9,89631574.4,440829246
2101.2,S,74,35323.51,5541.48,17892230.9,89631593.9,440829297
2102.2,S,73,35358.36,5541.99,17892230.9,89631626.2,440829385
2103.2,S,72,35392.68,5542.60,17892230.9,89631714.2,440829607
2104.2,S,69,35425.56,5543.33,17892230.9,89631812.0,440829880
2105.2,S,69,35443.12,5544.07,17892230.9,89632135.9,440830799
2106.2,S,69,35450.01,5545.02,17892230.9,89632501.0,440831800
2107.8,S,67,35452.33,5545.85,17892230.9,89633257.9,440833333
2108.9,S,65,35458.77,5546.94,17892230.9,89633619.4,440834450
2110.0,S,72,35476.10,5548.31,17892230.9,89633823.6,440834959
2111.0,S,72,35508.54,5549.01,17892230.9,89633826.4,440834968
2112.0,S,70,35539.56,5549.77,17892230.9,89633861.6,440835002
2113.0,S,70,35570.52,5550.55,17892230.9,89633862.1,440835003
2114.0,S,68,35600.58,5551.42,17892230.9,89633944.8,440835087
2115.0,S,66,35629.35,5552.66,17892230.9,89634202.8,440835402
2116.0,S,65,35644.95,5553.59,17892230.9,89634519.6,440836403
2117.0,S,61,35651.92,5554.32,17892230.9,89634851.8,440837404
2118.3,S,59,35655.73,5555.29,17892230.9,89635250.8,440838694
2119.3,S,74,35677.15,5556.44,17892230.9,89635589.9,440838999
2120.3,S,74,35710.89,5557.07,17892230.9,89635590.3,440839002
2121.3,S,74,35744.45,5557.68,17892230.9,89635590.7,440839002
2122.3,S,72,35777.22,5558.31,17892230.9,89635658.8,440839103
2123.3,S,71,35808.60,5559.00,17892230.9,89635697.3,440839198
2124.3,S,71,35839.66,5559.65,17892230.9,89635754.5,440839333
2125.3,S,70,35857.15,5560.25,17892230.9,89636000.2,440840145
2126.3,S,69,35865.37,5561.21,17892230.9,89636318.6,440841146
2127.5,S,68,35866.26,5561.88,17892230.9,89636975.9,440842350
2128.7,S,65,35867.93,5562.40,17892230.9,89637395.8,440843526
2129.8,S,47,35874.81,5564.15,17892230.9,89637577.9,440843914
2130.8,S,50,35885.23,5565.61,17892230.9,89637584.8,440843925
2131.9,S,50,35896.12,5567.07,17892230.9,89637593.7,440843936
2132.9,S,48,35904.48,5568.39,17892230.9,89637728.3,440844049
2133.9,S,48,35913.25,5569.64,17892230.9,89637729.5,440844054
2134.9,S,53,35925.26,5571.33,17892230.9,89637778.1,440844100
2135.9,S,52,35939.39,5573.06,17892230.9,89637796.6,440844119
2136.9,S,56,35954.60,5574.89,17892230.9,89637825.8,440844154
2137.9,S,56,35971.62,5576.81,17892230.9,89637825.9,440844156
2138.9,S,56,35983.43,5578.43,17892230.9,89638059.5,440844727
2139.9,S,48,35987.69,5579.17,17892230.9,89638396.9,440845576
2140.9,S,63,36010.26,5580.57,17892230.9,89638407.5,440845619
2141.9,S,63,36037.41,5582.02,17892230.9,89638407.7,440845621
2142.9,S,62,36064.36,5583.44,17892230.9,89638434.9,440845702
2143.9,S,65,36090.91,5584.74,17892230.9,89638541.2,440846089
2144.9,S,64,36118.19,5586.29,17892230.9,89638635.9,440846381
2145.9,S,62,36142.07,5587.77,17892230.9,89639154.8,440847086
2146.9,S,56,36148.75,5588.73,17892230.9,89639493.9,440848087
2147.9,S,55,36153.45,5589.65,17892230.9,89639863.7,440849088
2148.9,S,65,36173.70,5591.51,17892230.9,89639924.2,440849156
2149.9,S,65,36202.95,5592.93,17892230.9,89639925.3,440849159
2150.9,S,64,36231.67,5594.42,17892230.9,89639944.4,440849180
2151.9,S,67,36261.42,5596.06,17892230.9,89639995.1,440849235
2152.9,S,67,36291.57,5597.41,17892230.9,89640041.3,440849278
2153.9,S,66,36321.38,5598.84,17892230.9,89640214.8,440849437
2154.9,S,65,36333.15,5599.79,17892230.9,89640574.9,440850437
2156.0,S,59,36337.52,5600.55,17892230.9,89640968.6,440851588
2157.0,S,59,36341.94,5601.35,17892230.9,89641316.3,440852589
2158.1,S,47,36349.91,5602.73,17892230.9,89641573.1,440852984
2159.1,S,47,36359.58,5604.23,17892230.9,89641574.0,440852991
2160.1,S,47,36369.17,5605.68,17892230.9,89641574.2,440852991
2161.1,S,47,36378.18,5606.92,17892230.9,89641677.1,440853085
2162.1,S,47,36387.37,5608.47,17892230.9,89641856.2,440853416
2163.1,S,47,36396.10,5610.25,17892230.9,89641869.4,440853466
2164.1,S,47,36404.90,5611.64,17892230.9,89641869.9,440853469
2165.1,S,47,36413.58,5613.15,17892230.9,89641870.2,440853478
2166.1,S,47,36422.22,5614.73,17892230.9,89641870.4,440853479
2167.1,S,47,36430.85,5616.07,17892230.9,89641870.7,440853481
2168.1,S,47,36435.62,5616.77,17892230.9,89642031.6,440853957
2169.2,S,58,36446.56,5618.35,17892230.9,89642165.2,440854498
2170.2,S,58,36465.97,5619.97,17892230.9,89642166.2,440854507
2171.2,S,58,36485.14,5621.73,17892230.9,89642166.4,440854510
2172.2,S,58,36504.48,5623.48,17892230.9,89642166.6,440854512
2173.2,S,57,36521.48,5625.21,17892230.9,89642330.1,440854958
2174.2,S,50,36531.24,5626.67,17892230.9,89642867.0,440855833
2175.2,S,75,36545.19,5627.38,17892230.9,89643041.2,440856409
2176.2,S,75,36580.53,5627.81,17892230.9,89643041.4,440856411
2177.2,S,75,36616.10,5628.26,17892230.9,89643041.6,440856418
2178.2,S,74,36651.42,5628.70,17892230.9,89643063.5,440856485
2179.2,S,73,36686.46,5629.18,17892230.9,89643099.3,440856586
2180.2,S,71,36720.96,5629.79,17892230.9,89643233.3,440856981
2181.2,S,69,36754.07,5630.54,17892230.9,89643333.2,440857325
2182.2,S,69,36765.06,5631.11,17892230.9,89643672.6,440858325
2183.2,S,69,36766.56,5631.46,17892230.9,89644001.2,440859326
2184.3,S,68,36767.36,5632.16,17892230.9,89644626.2,440860391
2185.7,S,67,36770.18,5632.92,17892230.9,89645127.5,440861849
2186.7,S,60,36780.63,5634.15,17892230.9,89645359.0,440862590
2187.7,S,85,36812.95,5635.32,17892230.9,89645383.2,440862664
2188.8,S,85,36848.49,5635.75,17892230.9,89645383.4,440862666
2189.8,S,83,36883.63,5636.19,17892230.9,89645413.4,440862750
2190.8,S,82,36919.13,5636.63,17892230.9,89645447.5,440862866
2191.8,S,82,36954.58,5637.12,17892230.9,89645513.2,440863108
2192.8,S,81,36990.04,5637.60,17892230.9,89645553.3,440863188
2193.8,S,78,37024.86,5638.13,17892230.9,89645869.9,440863460
2194.8,S,76,37053.08,5639.05,17892230.9,89646230.0,440864423
2195.8,S,76,37065.01,5639.71,17892230.9,89646579.8,440865424
2197.1,S,68,37068.58,5640.43,17892230.9,89647291.8,440866743
2198.1,S,65,37071.59,5641.14,17892230.9,89647647.5,440867788
2199.3,S,47,37076.73,5642.76,17892230.9,89648059.2,440868563
2200.3,S,47,37084.19,5644.21,17892230.9,89648060.3,440868570
2201.3,S,47,37091.45,5645.50,17892230.9,89648080.0,440868601
2202.3,S,47,37099.25,5646.83,17892230.9,89648136.9,440868648
2203.3,S,47,37106.86,5648.24,17892230.9,89648137.0,440868648
2204.3,S,47,37114.75,5649.53,17892230.9,89648137.3,440868652
2205.3,S,47,37122.44,5650.77,17892230.9,89648137.4,440868654
2206.3,S,47,37130.16,5652.14,17892230.9,89648137.6,440868656
2207.3,S,47,37137.98,5653.50,17892230.9,89648188.4,440868702
2208.3,S,50,37147.84,5654.95,17892230.9,89648226.9,440868750
2209.3,S,50,37158.50,5656.41,17892230.9,89648227.0,440868752
2210.3,S,48,37166.29,5657.57,17892230.9,89648370.1,440869133
2211.3,S,48,37174.85,5659.08,17892230.9,89648370.2,440869135
2212.3,S,53,37184.38,5660.48,17892230.9,89648418.2,440869243
2213.3,S,53,37198.47,5662.37,17892230.9,89648419.2,440869251
2214.4,S,52,37211.11,5663.91,17892230.9,89648483.1,440869426
2215.4,S,56,37228.34,5665.63,17892230.9,89648486.6,440869443
2216.4,S,56,37245.48,5667.47,17892230.9,89648491.3,440869453
2217.4,S,54,37251.74,5668.47,17892230.9,89648793.9,440870454
2218.5,S,47,37257.99,5669.54,17892230.9,89649067.0,440871197
2219.5,S,65,37284.16,5671.29,17892230.9,89649069.7,440871631
2220.5,S,65,37311.76,5673.02,17892230.9,89649069.8,440871631
2221.5,S,65,37339.50,5674.66,17892230.9,89649069.9,440871633
2222.5,S,67,37365.78,5675.90,17892230.9,89649197.5,440872032
2223.5,S,66,37394.38,5677.34,17892230.9,89649255.7,440872164
2224.5,S,63,37413.89,5678.61,17892230.9,89649849.7,440873083
2225.5,S,57,37422.60,5679.62,17892230.9,89650173.4,440874084
2226.5,S,57,37429.26,5680.65,17892230.9,89650504.9,440875084
2227.5,S,64,37448.79,5682.16,17892230.9,89650605.9,440875335
2228.5,S,63,37476.18,5683.75,17892230.9,89650622.5,440875354
2229.5,S,63,37503.38,5685.09,17892230.9,89650622.7,440875354
2230.5,S,65,37528.97,5686.38,17892230.9,89650790.6,440875501
2231.5,S,65,37557.30,5688.03,17892230.9,89650792.0,440875503
2232.5,S,63,37581.15,5689.53,17892230.9,89651042.6,440875947
2233.5,S,60,37587.61,5690.28,17892230.9,89651401.0,440876948
2234.5,S,59,37595.30,5691.46,17892230.9,89651723.6,440877949
2235.6,S,52,37598.36,5692.09,17892230.9,89652145.4,440879080
2236.6,S,47,37607.88,5693.75,17892230.9,89652195.5,440879133
2237.6,S,47,37617.72,5695.09,17892230.9,89652196.8,440879137
2238.6,S,47,37627.44,5696.54,17892230.9,89652294.1,440879221
2239.6,S,47,37636.75,5697.95,17892230.9,89652299.9,440879238
2240.6,S,47,37646.13,5699.52,17892230.9,89652490.5,440879505
2241.6,S,47,37655.00,5701.13,17892230.9,89652490.9,440879508
2242.6,S,47,37664.08,5702.36,17892230.9,89652491.2,440879513
2243.6,S,47,37672.94,5703.67,17892230.9,89652492.0,440879518
2244.6,S,47,37681.74,5705.09,17892230.9,89652492.2,440879525
2245.6,S,47,37690.60,5706.56,17892230.9,89652492.5,440879528
2246.6,S,47,37696.92,5707.44,17892230.9,89652693.3,440880029
2247.6,S,59,37712.57,5709.05,17892230.9,89652785.9,440880228
2248.6,S,58,37732.44,5710.75,17892230.9,89652804.9,440880277
2249.6,S,58,37751.82,5712.44,17892230.9,89652806.2,440880287
2250.6,S,58,37771.24,5714.16,17892230.9,89652806.4,440880289
2251.6,S,58,37787.64,5715.74,17892230.9,89653042.3,440880835
2252.7,S,56,37789.71,5715.95,17892230.9,89653480.6,440881836
2253.7,S,73,37808.11,5717.39,17892230.9,89653684.8,440882026
2254.7,S,73,37843.05,5717.88,17892230.9,89653691.0,440882038
2255.7,S,73,37878.18,5718.31,17892230.9,89653692.8,440882040
2256.7,S,73,37913.07,5718.77,17892230.9,89653693.0,440882040
2257.7,S,72,37948.03,5719.27,17892230.9,89653729.8,440882128
2258.7,S,70,37982.07,5720.00,17892230.9,89653819.2,440882350
2259.7,S,69,38010.29,5720.69,17892230.9,89654058.9,440883051
2260.7,S,67,38021.95,5721.60,17892230.9,89654403.0,440884103
2261.7,S,66,38024.71,5722.33,17892230.9,89654729.3,440885104
2262.7,S,66,38027.31,5723.17,17892230.9,89655336.6,440886105
2264.0,S,65,38031.49,5723.99,17892230.9,89655736.9,440887418
2265.0,S,97,38044.70,5725.30,17892230.9,89655927.5,440888003
2266.0,S,97,38080.22,5725.87,17892230.9,89655929.0,440888012
2267.0,S,96,38115.61,5726.31,17892230.9,89655936.7,440888040
2268.0,S,96,38151.17,5726.75,17892230.9,89655938.9,440888044
2269.0,S,96,38186.80,5727.17,17892230.9,89655939.1,440888052
2270.0,S,96,38222.43,5727.62,17892230.9,89656007.9,440888150
2271.0,S,93,38258.04,5728.07,17892230.9,89656099.2,440888231
2272.0,S,91,38293.27,5728.59,17892230.9,89656302.1,440888407
2273.0,S,87,38320.97,5729.07,17892230.9,89656541.0,440889039
2274.0,S,84,38346.59,5729.57,17892230.9,89656830.7,440889867
2275.1,S,80,38378.05,5730.15,17892230.9,89657109.4,440890703
2276.2,S,78,38399.64,5731.46,17892230.9,89657485.1,440891867
2277.3,S,76,38405.51,5732.59,17892230.9,89658127.1,440892932
2278.6,S,75,38408.15,5733.49,17892230.9,89658655.1,440894242
2279.8,S,47,38413.28,5735.00,17892230.9,89659284.3,440895274
2280.8,S,47,38421.15,5736.76,17892230.9,89659337.5,440895438
2281.8,S,47,38428.80,5738.22,17892230.9,89659338.1,440895444
2282.8,S,47,38436.44,5739.69,17892230.9,89659338.4,440895464
2283.8,S,47,38444.06,5741.02,17892230.9,89659338.6,440895466
2284.8,S,47,38451.80,5742.42,17892230.9,89659340.0,440895470
2285.8,S,47,38459.40,5743.81,17892230.9,89659386.6,440895611
2286.8,S,50,38466.97,5745.05,17892230.9,89659421.4,440895732
2287.8,S,50,38477.58,5746.54,17892230.9,89659421.6,440895739
2288.8,S,50,38486.41,5747.80,17892230.9,89659526.1,440896048
2289.9,S,48,38495.02,5749.22,17892230.9,89659564.5,440896206
2290.9,S,48,38503.71,5750.59,17892230.9,89659565.2,440896215
2291.9,S,53,38515.08,5752.12,17892230.9,89659613.8,440896338
2292.9,S,52,38528.95,5753.99,17892230.9,89659631.3,440896389
2293.9,S,56,38542.44,5755.62,17892230.9,89659682.0,440896526
2294.9,S,56,38559.73,5757.37,17892230.9,89659682.3,440896530
2295.9,S,56,38574.18,5759.22,17892230.9,89659828.4,440896941
2296.9,S,54,38581.43,5760.42,17892230.9,89660262.7,440897475
2297.9,S,58,38604.05,5761.96,17892230.9,89660270.1,440897507
2298.9,S,58,38626.29,5763.42,17892230.9,89660270.4,440897517
2299.9,S,61,38648.50,5764.76,17892230.9,89660363.3,440897786
2300.9,S,61,38673.82,5766.46,17892230.9,89660363.6,440897789
2301.9,S,61,38696.29,5767.87,17892230.9,89660483.4,440898105
2302.9,S,61,38704.57,5768.79,17892230.9,89660758.6,440899106
2303.9,S,61,38707.29,5769.27,17892230.9,89661111.9,440900106
2304.9,S,48,38713.24,5770.23,17892230.9,89661380.5,440900892
2305.9,S,60,38735.62,5771.84,17892230.9,89661390.5,440900931
2306.9,S,59,38760.35,5773.15,17892230.9,89661433.0,440900989
2307.9,S,63,38786.63,5774.70,17892230.9,89661537.0,440901090
2308.9,S,63,38814.17,5776.38,17892230.9,89661537.9,440901097
2309.9,S,62,38841.37,5777.94,17892230.9,89661638.6,440901187
2310.9,S,59,38857.25,5778.97,17892230.9,89661955.9,440901874
2311.9,S,58,38860.08,5779.55,17892230.9,89662289.8,440902875
2312.9,S,58,38865.02,5780.41,17892230.9,89662629.9,440903875
2313.9,S,47,38871.04,5781.47,17892230.9,89662827.9,440904491
2314.9,S,47,38880.97,5782.81,17892230.9,89662828.3,440904494
2315.9,S,47,38888.10,5783.84,17892230.9,89662931.7,440904806
2316.9,S,47,38897.93,5785.21,17892230.9,89662932.0,440904810
2317.9,S,47,38907.68,5786.56,17892230.9,89662933.0,440904813
2318.9,S,47,38917.18,5788.06,17892230.9,89663123.2,440904973
2319.9,S,47,38925.98,5789.48,17892230.9,89663124.1,440904978
2320.9,S,47,38934.79,5790.94,17892230.9,89663124.4,440904981
2321.9,S,47,38943.62,5792.28,17892230.9,89663124.5,440904983
2322.9,S,47,38951.55,5793.56,17892230.9,89663227.4,440905076
2323.9,S,47,38958.32,5794.73,17892230.9,89663397.3,440905463
2325.0,S,59,38975.74,5796.60,17892230.9,89663419.0,440905529
2326.0,S,58,38995.12,5798.39,17892230.9,89663432.2,440905569
2327.0,S,58,39014.26,5800.20,17892230.9,89663463.6,440905642
2328.0,S,58,39033.34,5801.94,17892230.9,89663519.6,440905791
2329.0,S,57,39046.56,5802.87,17892230.9,89663681.9,440906315
2330.0,S,55,39047.59,5803.03,17892230.9,89664009.3,440907316
2331.0,S,75,39060.50,5804.03,17892230.9,89664311.8,440907695
2332.0,S,73,39095.47,5804.52,17892230.9,89664326.0,440907714
2333.0,S,73,39130.93,5804.97,17892230.9,89664326.3,440907718
2334.0,S,71,39165.64,5805.48,17892230.9,89664379.8,440907767
2335.0,S,71,39200.39,5806.02,17892230.9,89664381.7,440907778
2336.0,S,69,39234.04,5806.79,17892230.9,89664516.0,440908097
2337.0,S,69,39266.52,5807.51,17892230.9,89664561.3,440908256
2338.0,S,69,39278.18,5808.33,17892230.9,89664889.3,440909257
2339.0,S,68,39280.66,5809.07,17892230.9,89665229.9,440910258
2340.4,S,68,39282.69,5809.98,17892230.9,89665937.1,440911636
2341.8,S,66,39287.37,5811.01,17892230.9,89666403.9,440913013
2342.8,S,96,39299.79,5812.15,17892230.9,89666583.3,440913698
2343.8,S,95,39335.12,5812.75,17892230.9,89666586.2,440913713
2344.8,S,92,39370.53,5813.19,17892230.9,89666613.3,440913805
2345.8,S,92,39406.12,5813.63,17892230.9,89666613.8,440913817
2346.8,S,92,39441.74,5814.07,17892230.9,89666616.1,440913824
2347.8,S,89,39477.17,5814.55,17892230.9,89666789.4,440914000
2348.8,S,89,39512.68,5814.98,17892230.9,89666789.7,440914004
2349.8,S,88,39547.97,5815.45,17892230.9,89666912.1,440914111
2350.8,S,87,39581.32,5815.99,17892230.9,89667175.7,440914757
2352.0,S,82,39606.36,5816.71,17892230.9,89667573.7,440915952
2353.0,S,77,39633.82,5817.67,17892230.9,89668238.3,440917014
2354.0,S,70,39639.76,5818.21,17892230.9,89668592.2,440918015
2355.3,S,69,39641.24,5818.93,17892230.9,89669274.8,440919268
2356.3,S,57,39647.62,5820.34,17892230.9,89669733.6,440920269
2357.3,S,47,39654.30,5822.12,17892230.9,89669842.7,440920686
2358.3,S,47,39661.97,5823.50,17892230.9,89669844.8,440920695
2359.3,S,47,39669.60,5824.92,17892230.9,89669845.1,440920696
2360.3,S,47,39677.28,5826.29,17892230.9,89669845.2,440920696
2361.3,S,47,39684.88,5827.65,17892230.9,89669885.6,440920786
2362.3,S,47,39692.70,5829.11,17892230.9,89669885.9,440920790
2363.3,S,47,39700.35,5830.48,17892230.9,89669886.1,440920792
2364.3,S,50,39708.85,5831.77,17892230.9,89669921.5,440920880
2365.3,S,50,39719.56,5833.25,17892230.9,89669921.7,440920881
2366.3,S,48,39727.52,5834.50,17892230.9,89670065.2,440921223
2367.3,S,48,39736.31,5835.82,17892230.9,89670065.2,440921223
2368.3,S,48,39744.75,5837.14,17892230.9,89670113.2,440921322
2369.3,S,53,39758.19,5838.88,17892230.9,89670114.7,440921330
2370.3,S,53,39772.30,5840.73,17892230.9,89670114.9,440921331
2371.3,S,57,39788.32,5842.33,17892230.9,89670171.4,440921469
2372.3,S,57,39806.38,5844.15,17892230.9,89670171.6,440921470
2373.3,S,52,39816.83,5845.38,17892230.9,89670705.0,440922220
2374.3,S,59,39833.75,5846.92,17892230.9,89670808.4,440922872
2375.3,S,59,39857.66,5848.43,17892230.9,89670809.3,440922877
2376.3,S,58,39880.00,5849.71,17892230.9,89670869.4,440923022
2377.3,S,62,39904.74,5851.06,17892230.9,89670901.0,440923177
2378.3,S,61,39933.80,5855.96,17892230.9,89670947.2,440923334
2379.3,S,60,39952.63,5859.31,17892230.9,89671213.6,440924066
2380.5,S,60,39962.46,5862.34,17892230.9,89671613.9,440925219
2381.5,S,47,39970.84,5864.96,17892230.9,89671971.8,440925923
2382.5,S,67,39999.08,5867.27,17892230.9,89672075.2,440926023
2383.5,S,66,40028.52,5868.74,17892230.9,89672093.1,440926041
2384.5,S,64,40056.78,5870.30,17892230.9,89672148.9,440926092
2385.5,S,60,40081.38,5871.69,17892230.9,89672340.8,440926662
2386.5,S,60,40107.28,5872.87,17892230.9,89672341.2,440926664
2387.5,S,58,40125.89,5874.40,17892230.9,89672593.5,440927342
2388.5,S,56,40130.81,5875.16,17892230.9,89672946.7,440928343
2389.5,S,54,40135.24,5875.82,17892230.9,89673268.0,440929361
2390.5,S,47,40141.80,5877.03,17892230.9,89673591.8,440929822
2391.5,S,47,40151.64,5878.35,17892230.9,89673592.1,440929826
2392.5,S,47,40161.53,5879.67,17892230.9,89673592.2,440929828
2393.5,S,47,40171.14,5881.16,17892230.9,89673592.5,440929830
2394.5,S,47,40180.85,5882.55,17892230.9,89673592.6,440929831
2395.5,S,47,40189.22,5883.81,17892230.9,89673782.9,440930058
2396.5,S,47,40197.95,5885.08,17892230.9,89673784.9,440930067
2397.5,S,47,40204.60,5886.10,17892230.9,89673887.7,440930333
2398.5,S,47,40212.84,5887.59,17892230.9,89674076.8,440930763
2399.5,S,59,40230.56,5889.49,17892230.9,89674078.0,440930775
2400.6,S,59,40250.86,5891.32,17892230.9,89674079.0,440930780
2401.6,S,59,40271.19,5892.94,17892230.9,89674079.6,440930784
2402.6,S,58,40290.66,5894.64,17892230.9,89674184.8,440931065
2403.6,S,57,40301.61,5895.28,17892230.9,89674472.1,440931825
2404.6,S,47,40308.00,5896.16,17892230.9,89674991.2,440932599
2405.6,S,75,40338.28,5897.07,17892230.9,89675011.3,440932656
2406.6,S,74,40373.61,5897.51,17892230.9,89675026.2,440932707
2407.6,S,72,40409.00,5897.99,17892230.9,89675075.6,440932837
2408.6,S,71,40444.33,5898.48,17892230.9,89675123.8,440932964
2409.6,S,68,40476.55,5899.12,17892230.9,89675221.8,440933299
2410.6,S,67,40510.43,5899.81,17892230.9,89675268.2,440933421
2411.6,S,67,40537.04,5900.41,17892230.9,89675473.9,440933970
2412.6,S,66,40547.50,5901.05,17892230.9,89675800.1,440935019
2413.7,S,66,40550.92,5901.61,17892230.9,89676286.7,440936131
2414.7,S,63,40552.61,5902.28,17892230.9,89676816.9,440937153
2415.7,S,63,40553.66,5902.62,17892230.9,89677129.6,440938154
2416.9,S,51,40559.68,5903.52,17892230.9,89677383.7,440939010
2417.9,S,95,40590.02,5904.66,17892230.9,89677406.4,440939086
2418.9,S,93,40625.66,5905.09,17892230.9,89677418.9,440939125
2419.9,S,91,40661.31,5905.52,17892230.9,89677452.4,440939215
2420.9,S,91,40696.86,5905.95,17892230.9,89677452.8,440939224
2421.9,S,91,40732.23,5906.40,17892230.9,89677511.8,440939367
2422.9,S,90,40767.71,5906.86,17892230.9,89677594.3,440939658
2423.9,S,90,40803.28,5907.27,17892230.9,89677594.4,440939659
2424.9,S,83,40838.19,5907.80,17892230.9,89678063.0,440940226
2425.9,S,79,40870.69,5908.37,17892230.9,89678316.4,440940972
2426.9,S,79,40891.75,5908.94,17892230.9,89678682.8,440941971
2427.9,S,78,40908.82,5909.94,17892230.9,89678970.2,440942972
2428.9,S,75,40912.18,5910.62,17892230.9,89679488.6,440943973
2430.3,S,75,40913.34,5911.24,17892230.9,89680050.0,440945367
2431.6,S,48,40916.61,5912.17,17892230.9,89680686.3,440946653
2432.6,S,47,40924.70,5914.05,17892230.9,89680692.9,440946664
2433.6,S,47,40932.10,5915.29,17892230.9,89680708.9,440946691
2434.6,S,47,40939.49,5916.68,17892230.9,89680709.0,440946691
2435.6,S,47,40947.24,5917.97,17892230.9,89680710.5,440946698
2436.6,S,47,40954.91,5919.28,17892230.9,89680747.0,440946734
2437.6,S,47,40962.29,5920.73,17892230.9,89680747.3,440946736
2438.6,S,47,40969.90,5922.23,17892230.9,89680747.4,440946738
2439.6,S,47,40977.76,5923.52,17892230.9,89680747.7,440946740
2440.6,S,50,40985.86,5924.96,17892230.9,89680784.8,440946830
2441.6,S,50,40996.51,5926.44,17892230.9,89680785.3,440946839
2442.7,S,50,41004.48,5927.67,17892230.9,89680928.4,440947267
2443.7,S,48,41013.15,5929.07,17892230.9,89680928.6,440947276
2444.7,S,48,41021.92,5930.51,17892230.9,89680928.9,440947278
2445.7,S,53,41033.77,5932.13,17892230.9,89680976.8,440947396
2446.7,S,53,41047.88,5934.04,17892230.9,89680978.0,440947400
2447.7,S,57,41062.76,5935.60,17892230.9,89681037.3,440947591
2448.7,S,57,41080.82,5937.48,17892230.9,89681076.9,440947768
2449.7,S,56,41093.17,5938.98,17892230.9,89681316.1,440948519
2450.7,S,53,41097.02,5939.63,17892230.9,89681641.5,440949520
2451.7,S,58,41112.48,5941.14,17892230.9,89681673.5,440949638
2452.7,S,58,41135.95,5942.60,17892230.9,89681675.6,440949649
2453.7,S,57,41158.52,5944.02,17892230.9,89681694.3,440949696
2454.7,S,60,41182.30,5945.25,17892230.9,89681800.3,440949976
2455.7,S,59,41206.89,5946.62,17892230.9,89681846.1,440950098
2456.7,S,56,41225.25,5947.97,17892230.9,89682300.9,440950721
2457.7,S,55,41228.95,5948.58,17892230.9,89682609.3,440951722
2458.8,S,65,41243.86,5949.91,17892230.9,89682798.1,440952294
2459.8,S,64,41272.85,5951.40,17892230.9,89682810.2,440952332
2460.8,S,63,41301.02,5953.07,17892230.9,89682835.3,440952430
2461.8,S,62,41326.85,5954.41,17892230.9,89682957.6,440952784
2462.8,S,65,41355.53,5955.89,17892230.9,89683050.6,440953057
2463.8,S,65,41383.02,5957.48,17892230.9,89683143.5,440953302
2464.9,S,63,41398.33,5958.79,17892230.9,89683722.9,440954408
2465.9,S,58,41401.65,5959.29,17892230.9,89684110.4,440955409
2466.9,S,54,41407.27,5960.26,17892230.9,89684435.7,440956409
2468.1,S,47,41416.69,5961.90,17892230.9,89684520.7,440956690
2469.1,S,47,41426.49,5963.28,17892230.9,89684520.9,440956697
2470.1,S,47,41436.16,5964.79,17892230.9,89684522.5,440956704
2471.1,S,47,41444.76,5966.17,17892230.9,89684625.2,440956822
2472.1,S,47,41454.09,5967.78,17892230.9,89684815.8,440956988
2473.1,S,47,41462.78,5969.17,17892230.9,89684816.3,440956993
2474.1,S,47,41471.66,5970.55,17892230.9,89684816.6,440956995
2475.1,S,47,41480.32,5971.92,17892230.9,89684816.9,440956995
2476.1,S,47,41488.89,5973.36,17892230.9,89684817.7,440957000
2477.1,S,47,41497.67,5974.72,17892230.9,89684818.3,440957005
2478.1,S,47,41505.03,5976.03,17892230.9,89684993.0,440957404
2479.1,S,59,41518.36,5977.69,17892230.9,89685111.8,440957746
2480.1,S,58,41538.07,5979.34,17892230.9,89685126.2,440957789
2481.1,S,58,41557.30,5981.12,17892230.9,89685126.4,440957791
2482.1,S,58,41576.69,5982.87,17892230.9,89685127.6,440957798
2483.1,S,58,41595.58,5984.74,17892230.9,89685185.9,440957981
2484.1,S,57,41599.85,5985.20,17892230.9,89685534.2,440958950
2485.1,S,57,41599.85,5985.36,17892230.9,89685886.2,440959952
2486.1,S,71,41618.27,5986.18,17892230.9,89686007.0,440960311
2487.1,S,70,41652.58,5986.80,17892230.9,89686018.8,440960413
2488.1,S,70,41685.02,5987.41,17892230.9,89686076.7,440960636
2489.1,S,68,41716.68,5988.06,17892230.9,89686135.0,440960691
2490.1,S,66,41747.05,5988.81,17892230.9,89686208.5,440960754
2491.1,S,66,41777.61,5989.66,17892230.9,89686268.8,440960808
2492.1,S,65,41795.32,5990.51,17892230.9,89686656.3,440961622
2493.3,S,62,41802.12,5991.06,17892230.9,89687026.8,440962766
2494.7,S,61,41804.22,5991.66,17892230.9,89687487.1,440964165
2495.7,S,56,41811.09,5992.59,17892230.9,89687994.3,440964915
2496.7,S,56,41828.47,5994.38,17892230.9,89688020.9,440965018
2497.7,S,56,41847.03,5996.07,17892230.9,89688021.2,440965025
2498.7,S,55,41864.55,5997.74,17892230.9,89688066.0,440965175
2499.7,S,55,41881.85,5999.46,17892230.9,89688086.9,440965231
2500.7,S,53,41891.36,6000.68,17892230.9,89688388.3,440966184
2501.7,S,49,41897.29,6001.85,17892230.9,89688692.6,440967125
2502.7,S,99,41930.05,6002.97,17892230.9,89688703.4,440967155
2503.7,S,96,41965.59,6003.41,17892230.9,89688727.4,440967184
2504.7,S,95,42001.03,6003.86,17892230.9,89688738.9,440967196
2505.8,S,95,42036.66,6004.33,17892230.9,89688800.9,440967249
2506.8,S,94,42072.11,6004.78,17892230.9,89688853.9,440967305
2507.8,S,91,42107.56,6005.25,17892230.9,89688976.1,440967411
2508.8,S,90,42143.03,6005.70,17892230.9,89689018.1,440967449
2509.8,S,89,42178.46,6006.14,17892230.9,89689118.9,440967628
2510.8,S,87,42210.85,6006.67,17892230.9,89689417.3,440968484
2511.9,S,85,42240.71,6007.24,17892230.9,89689793.3,440969624
2513.2,S,80,42263.75,6008.25,17892230.9,89690269.7,440970894
2514.2,S,76,42273.74,6009.39,17892230.9,89690872.7,440971894
2515.2,S,75,42277.32,6010.07,17892230.9,89691239.9,440972895
2516.3,S,71,42279.65,6010.83,17892230.9,89691615.1,440974030
2517.3,S,57,42283.23,6011.82,17892230.9,89692232.8,440975031
2518.3,S,50,42290.91,6013.66,17892231.0,89692315.0,440975308
2519.3,S,50,42301.45,6015.14,17892231.0,89692315.5,440975316
2520.3,S,48,42309.35,6016.48,17892231.0,89692458.6,440975664
2521.3,S,48,42317.89,6017.82,17892231.0,89692458.7,440975666
2522.3,S,48,42326.60,6019.36,17892231.0,89692485.2,440975752
2523.3,S,52,42338.64,6021.09,17892231.0,89692508.3,440975819
2524.3,S,52,42351.89,6022.84,17892231.0,89692509.2,440975824
2525.3,S,56,42365.39,6024.54,17892231.1,89692543.3,440975947
2526.3,S,56,42382.35,6026.39,17892231.1,89692543.5,440975948
2527.3,S,55,42394.13,6027.90,17892231.1,89692808.9,440976781
2528.3,S,54,42396.33,6028.33,17892231.1,89693134.8,440977782
2529.3,S,66,42418.20,6029.78,17892231.1,89693179.6,440977951
2530.3,S,65,42447.00,6031.30,17892231.1,89693198.3,440978008
2531.3,S,65,42475.14,6032.88,17892231.1,89693229.0,440978085
2532.3,S,65,42502.70,6034.52,17892231.1,89693229.2,440978089
2533.3,S,68,42528.91,6035.85,17892231.1,89693328.4,440978395
2534.3,S,66,42555.30,6037.33,17892231.1,89693801.8,440979003
2535.3,S,63,42566.99,6038.25,17892231.1,89694108.0,440980004
2536.3,S,60,42573.64,6039.05,17892231.1,89694445.9,440981004
2537.4,S,56,42586.57,6040.73,17892231.1,89694808.4,440981497
2538.4,S,56,42606.91,6042.49,17892231.1,89694808.7,440981499
2539.4,S,56,42627.29,6044.30,17892231.1,89694810.3,440981502
2540.5,S,55,42647.40,6045.98,17892231.1,89694853.8,440981543
2541.5,S,59,42669.61,6047.56,17892231.1,89694895.0,440981596
2542.5,S,56,42686.92,6049.14,17892231.1,89695189.4,440982323
2543.5,S,54,42694.08,6050.07,17892231.1,89695504.7,440983324
2544.6,S,47,42698.21,6050.92,17892231.1,89695865.7,440984391
2545.6,S,47,42707.87,6052.28,17892231.1,89695866.6,440984397
2546.6,S,47,42717.62,6053.58,17892231.1,89695866.7,440984399
2547.6,S,47,42727.28,6054.92,17892231.1,89695867.0,440984407
2548.6,S,47,42734.89,6056.01,17892231.1,89695970.2,440984677
2549.6,S,47,42744.51,6057.63,17892231.1,89695970.5,440984686
2550.6,S,47,42750.48,6058.96,17892231.1,89696189.6,440985171
2551.6,S,47,42759.25,6060.38,17892231.1,89696190.5,440985178
2552.6,S,47,42768.08,6061.81,17892231.1,89696190.8,440985182
2553.6,S,47,42776.74,6063.10,17892231.1,89696191.1,440985185
2554.6,S,47,42785.44,6064.43,17892231.1,89696191.3,440985187
2555.6,S,47,42793.44,6065.75,17892231.1,89696478.6,440985458
2556.6,S,58,42809.61,6067.53,17892231.1,89696485.5,440985490
2557.6,S,58,42828.97,6069.27,17892231.1,89696486.5,440985497
2558.6,S,58,42847.84,6071.07,17892231.1,89696525.5,440985683
2559.6,S,58,42864.01,6072.62,17892231.1,89696680.7,440986111
2560.6,S,57,42881.47,6074.31,17892231.1,89696766.3,440986364
2561.8,S,56,42886.91,6075.17,17892231.1,89697174.7,440987515
2562.8,S,74,42906.88,6076.19,17892231.1,89697256.4,440987873
2563.8,S,74,42942.00,6076.68,17892231.1,89697316.4,440988054
2564.8,S,74,42977.55,6077.13,17892231.1,89697360.0,440988235
2565.8,S,72,43013.01,6077.59,17892231.1,89697408.8,440988373
2566.8,S,71,43047.81,6078.12,17892231.1,89697492.8,440988597
2567.8,S,68,43079.38,6078.91,17892231.1,89697581.4,440988861
2568.8,S,67,43109.46,6079.68,17892231.1,89697933.5,440989349
2569.8,S,67,43121.86,6080.55,17892231.1,89698336.3,440990386
2570.8,S,66,43124.46,6081.09,17892231.1,89698619.0,440991387
2572.0,S,63,43125.92,6081.63,17892231.1,89699038.7,440992567
2573.3,S,53,43136.56,6082.85,17892231.1,89699640.1,440993613
2574.3,S,64,43163.12,6084.28,17892231.1,89699655.9,440993659
2575.3,S,64,43190.31,6085.55,17892231.1,89699656.2,440993665
2576.3,S,63,43217.10,6086.89,17892231.1,89699682.8,440993736
2577.3,S,62,43243.37,6088.10,17892231.1,89699735.1,440993879
2578.3,S,61,43262.88,6089.25,17892231.1,89700001.4,440994633
2579.3,S,58,43274.39,6090.21,17892231.1,89700429.8,440995607
2580.3,S,50,43280.71,6091.31,17892231.1,89700883.2,440996557
2581.3,S,77,43313.79,6092.32,17892231.1,89700930.3,440996714
2582.3,S,76,43348.61,6092.96,17892231.1,89700941.6,440996750
2583.3,S,76,43383.50,6093.44,17892231.1,89701038.9,440997003
2584.3,S,74,43418.22,6094.01,17892231.1,89701087.7,440997158
2585.3,S,74,43452.61,6094.67,17892231.1,89701087.9,440997159
2586.3,S,73,43486.38,6095.28,17892231.1,89701136.9,440997296
2587.3,S,72,43508.82,6095.84,17892231.1,89701353.4,440997938
2588.5,S,70,43512.98,6096.69,17892231.1,89701766.8,440999129
2589.9,S,69,43514.39,6097.72,17892231.1,89702447.5,441000565
2591.1,S,69,43516.65,6098.51,17892231.1,89702893.4,441001780
2592.4,S,47,43523.35,6100.24,17892231.1,89703104.3,441002341
2593.4,S,47,43531.29,6101.60,17892231.1,89703105.2,441002346
2594.4,S,50,43540.97,6103.04,17892231.1,89703121.5,441002405
2595.4,S,50,43551.62,6104.66,17892231.1,89703121.9,441002409
2596.4,S,48,43558.46,6105.69,17892231.1,89703265.3,441002809
2597.4,S,48,43566.25,6106.75,17892231.1,89703328.8,441002983
2598.4,S,53,43575.11,6107.97,17892231.1,89703376.8,441003164
2599.4,S,53,43589.54,6109.75,17892231.1,89703377.4,441003167
2600.4,S,52,43603.08,6111.56,17892231.1,89703397.3,441003307
2601.4,S,56,43619.15,6113.25,17892231.1,89703430.8,441003380
2602.4,S,56,43636.19,6115.16,17892231.1,89703547.5,441003484
2603.4,S,51,43643.86,6116.26,17892231.1,89704001.9,441004323
2604.4,S,65,43666.84,6117.82,17892231.1,89704027.0,441004414
2605.4,S,63,43693.81,6119.18,17892231.1,89704056.7,441004494
2606.4,S,63,43720.25,6120.44,17892231.1,89704058.1,441004495
2607.4,S,67,43746.41,6121.63,17892231.1,89704098.5,441004609
2608.4,S,67,43775.28,6123.27,17892231.1,89704224.5,441004984
2609.4,S,67,43796.87,6124.76,17892231.1,89704469.2,441005780
2610.4,S,65,43806.65,6125.91,17892231.1,89705126.5,441006781
2611.4,S,61,43812.16,6126.63,17892231.1,89705501.1,441007782
2612.4,S,60,43830.95,6128.24,17892231.1,89705582.4,441008011
2613.4,S,60,43856.18,6129.62,17892231.1,89705584.0,441008023
2614.4,S,59,43881.31,6130.82,17892231.1,89705612.8,441008124
2615.4,S,62,43906.43,6132.13,17892231.1,89705669.1,441008315
2616.4,S,61,43933.18,6133.52,17892231.1,89705717.8,441008439
2617.4,S,61,43954.79,6134.95,17892231.1,89705904.8,441008964
2618.4,S,58,43960.59,6136.02,17892231.1,89706523.4,441009964
2619.4,S,47,43969.70,6137.43,17892231.1,89706851.6,441010726
2620.4,S,47,43979.34,6139.01,17892231.1,89706881.8,441010817
2621.4,S,47,43989.22,6140.47,17892231.1,89706882.1,441010820
2622.4,S,47,43995.95,6141.53,17892231.1,89706984.9,441011178
2623.4,S,47,44005.75,6142.97,17892231.1,89706986.5,441011181
2624.4,S,47,44015.07,6144.43,17892231.1,89707074.7,441011448
2625.4,S,47,44023.68,6146.06,17892231.1,89707177.2,441011732
2626.4,S,47,44032.35,6147.47,17892231.1,89707178.0,441011742
2627.4,S,47,44041.12,6148.83,17892231.1,89707178.3,441011746
2628.4,S,47,44049.88,6150.28,17892231.1,89707179.0,441011748
2629.4,S,47,44056.37,6151.29,17892231.1,89707282.0,441012032
2630.4,S,59,44065.83,6152.74,17892231.1,89707472.8,441012617
2631.4,S,58,44085.95,6154.57,17892231.1,89707485.9,441012656
2632.4,S,58,44105.08,6156.29,17892231.1,89707486.1,441012657
2633.4,S,58,44124.11,6158.10,17892231.1,89707486.4,441012658
2634.4,S,58,44143.00,6159.86,17892231.1,89707549.1,441012826
2635.4,S,56,44148.51,6160.39,17892231.1,89708071.8,441013772
2636.4,S,75,44155.06,6161.18,17892231.1,89708366.5,441014426
2637.4,S,80,44190.61,6161.65,17892231.1,89708372.4,441014440
2638.4,S,80,44226.09,6162.08,17892231.1,89708372.6,441014442
2639.4,S,77,44261.53,6162.54,17892231.1,89708423.8,441014601
2640.4,S,77,44296.70,6163.01,17892231.1,89708424.1,441014605
2641.4,S,77,44332.03,6163.45,17892231.1,89708470.4,441014745
2642.4,S,75,44367.07,6163.93,17892231.1,89708526.7,441014915
2643.4,S,74,44387.32,6164.59,17892231.1,89708801.6,441015840
2644.4,S,74,44411.06,6165.82,17892231.1,89709166.8,441016840
2645.6,S,72,44419.76,6166.80,17892231.1,89709802.2,441018046
2646.9,S,71,44424.03,6167.58,17892231.1,89710222.9,441019330
2648.2,S,65,44429.34,6168.28,17892231.1,89710623.2,441020574
2649.2,S,49,44438.09,6169.71,17892231.1,89711012.2,441021327
2650.2,S,91,44470.34,6170.77,17892231.1,89711037.7,441021362
2651.2,S,91,44505.92,6171.25,17892231.1,89711049.2,441021382
2652.2,S,91,44541.53,6171.68,17892231.1,89711049.4,441021382
2653.2,S,90,44576.97,6172.13,17892231.1,89711104.1,441021432
2654.2,S,90,44612.44,6172.54,17892231.1,89711104.3,441021433
2655.2,S,88,44648.00,6172.97,17892231.1,89711235.1,441021563
2656.2,S,87,44683.40,6173.44,17892231.1,89711271.0,441021647
2657.2,S,86,44705.34,6173.98,17892231.1,89711622.0,441022624
2658.4,S,79,44738.58,6174.72,17892231.1,89712030.0,441023807
2659.4,S,70,44769.16,6175.41,17892231.1,89712547.5,441024558
2660.4,S,68,44781.62,6176.41,17892231.1,89712884.5,441025559
2661.4,S,67,44783.92,6176.80,17892231.1,89713239.3,441026560
2662.6,S,63,44784.24,6177.21,17892231.1,89713880.3,441027799
2663.7,S,47,44788.51,6178.47,17892231.1,89714226.9,441028645
2664.7,S,47,44795.48,6180.08,17892231.1,89714240.7,441028702
2665.7,S,47,44802.97,6181.46,17892231.1,89714240.7,441028702
2666.7,S,47,44810.64,6182.87,17892231.1,89714242.0,441028706
2667.7,S,47,44818.03,6184.22,17892231.1,89714242.6,441028710
2668.7,S,47,44825.60,6185.72,17892231.1,89714280.3,441028817
2669.7,S,47,44833.22,6187.20,17892231.1,89714280.5,441028820
2670.7,S,47,44841.25,6188.66,17892231.1,89714280.7,441028820
2671.7,S,50,44848.25,6189.82,17892231.1,89714316.4,441028961
2672.7,S,50,44858.97,6191.41,17892231.1,89714317.3,441028973
2673.7,S,50,44869.36,6192.92,17892231.1,89714365.8,441029100
2674.7,S,48,44876.35,6194.10,17892231.1,89714461.0,441029491
2675.7,S,48,44885.14,6195.56,17892231.1,89714461.3,441029499
2676.7,S,53,44894.70,6197.06,17892231.1,89714509.1,441029627
2677.7,S,52,44908.66,6198.85,17892231.1,89714522.8,441029671
2678.7,S,56,44921.76,6200.38,17892231.1,89714580.3,441029854
2679.7,S,56,44939.00,6202.33,17892231.1,89714580.6,441029857
2680.7,S,56,44954.46,6204.12,17892231.1,89714719.1,441030238
2681.8,S,51,44960.98,6205.11,17892231.1,89715100.7,441031254
2683.0,S,63,44985.58,6206.43,17892231.1,89715161.1,441031462
2684.0,S,63,45012.56,6207.77,17892231.1,89715162.7,441031464
2685.0,S,63,45039.33,6209.05,17892231.1,89715192.2,441031491
2686.0,S,66,45066.52,6210.46,17892231.1,89715290.8,441031587
2687.0,S,65,45094.81,6211.94,17892231.1,89715345.5,441031636
2688.0,S,65,45111.72,6213.08,17892231.1,89715751.7,441032512
2689.3,S,60,45120.14,6213.84,17892231.1,89716180.2,441033763
2690.3,S,48,45127.97,6215.06,17892231.1,89716629.9,441034420
2691.3,S,60,45154.69,6216.48,17892231.1,89716639.0,441034433
2692.4,S,60,45180.90,6217.73,17892231.1,89716639.1,441034434
2693.4,S,59,45206.78,6219.03,17892231.1,89716672.0,441034479
2694.4,S,61,45226.35,6219.89,17892231.1,89716856.7,441035121
2695.4,S,61,45253.67,6221.42,17892231.1,89716857.5,441035124
2696.4,S,61,45266.51,6222.40,17892231.1,89717140.0,441035939
2697.4,S,61,45273.92,6223.36,17892231.1,89717414.7,441036941
2698.6,S,57,45276.13,6223.87,17892231.1,89717896.1,441038205
2699.7,S,47,45285.33,6225.32,17892231.1,89718078.5,441038370
2700.7,S,47,45294.98,6226.70,17892231.1,89718080.8,441038377
2701.7,S,47,45304.71,6227.95,17892231.1,89718081.2,441038385
2702.7,S,47,45313.59,6229.32,17892231.1,89718184.2,441038481
2703.7,S,47,45323.28,6230.83,17892231.1,89718184.3,441038483
2704.7,S,47,45332.34,6232.55,17892231.1,89718375.1,441039034
2705.7,S,47,45341.12,6233.83,17892231.1,89718376.2,441039040
2706.7,S,47,45349.99,6235.09,17892231.1,89718377.1,441039051
2707.7,S,47,45358.67,6236.52,17892231.1,89718377.3,441039054
2708.7,S,47,45367.28,6237.97,17892231.1,89718377.5,441039057
2709.7,S,47,45374.40,6239.13,17892231.1,89718538.5,441039499
2710.7,S,58,45386.20,6240.65,17892231.1,89718673.7,441039927
2711.7,S,58,45405.39,6242.41,17892231.1,89718674.1,441039934
2712.7,S,58,45424.97,6244.09,17892231.1,89718675.2,441039939
2713.7,S,58,45444.04,6245.84,17892231.1,89718675.5,441039941
2714.7,S,58,45462.66,6247.61,17892231.1,89718826.4,441040322
2715.7,S,57,45467.73,6248.25,17892231.1,89719113.2,441041323
2716.7,S,50,45471.29,6248.71,17892231.1,89719531.5,441042164
2717.7,S,71,45498.23,6249.85,17892231.1,89719559.7,441042201
2718.7,S,68,45532.01,6250.49,17892231.1,89719612.6,441042256
2719.7,S,68,45564.35,6251.18,17892231.1,89719612.8,441042258
2720.7,S,68,45596.21,6251.82,17892231.1,89719613.0,441042258
2721.7,S,68,45628.38,6252.53,17892231.1,89719613.5,441042263
2722.7,S,65,45658.96,6253.36,17892231.1,89719848.6,441042767
2723.7,S,64,45677.15,6254.53,17892231.1,89720216.6,441043768
2724.7,S,62,45678.54,6254.97,17892231.1,89720525.2,441044769
2725.7,S,62,45680.25,6255.59,17892231.1,89720943.3,441045818
2726.7,S,60,45685.42,6256.43,17892231.1,89721520.7,441046820
2727.8,S,87,45709.52,6257.82,17892231.1,89721581.6,441047037
2728.8,S,86,45744.93,6258.25,17892231.1,89721605.3,441047108
2729.8,S,86,45780.46,6258.71,17892231.1,89721605.4,441047110
2730.8,S,84,45815.91,6259.17,17892231.1,89721647.7,441047220
2731.8,S,84,45851.36,6259.62,17892231.1,89721648.3,441047224
2732.8,S,81,45886.09,6260.11,17892231.1,89721761.1,441047486
2733.8,S,79,45921.17,6260.61,17892231.1,89721917.8,441047863
2734.8,S,78,45947.66,6261.23,17892231.1,89722512.9,441048798
2735.8,S,70,45967.33,6262.21,17892231.1,89722851.0,441049769
2736.8,S,67,45978.25,6262.86,17892231.1,89723182.1,441050770
2737.8,S,63,45980.87,6263.08,17892231.1,89723550.5,441051771
2739.1,S,59,45983.02,6263.79,17892231.1,89724249.7,441053064
2740.1,S,47,45988.86,6265.18,17892231.1,89724385.8,441053440
2741.1,S,47,45996.55,6266.66,17892231.1,89724386.7,441053446
2742.1,S,47,46004.25,6267.99,17892231.1,89724387.0,441053449
2743.1,S,47,46011.81,6269.50,17892231.1,89724387.1,441053451
2744.1,S,47,46019.26,6270.84,17892231.1,89724387.5,441053454
2745.1,S,47,46026.43,6272.32,17892231.1,89724388.6,441053456
2746.1,S,47,46034.29,6273.58,17892231.1,89724388.9,441053460
2747.1,S,50,46043.44,6274.97,17892231.1,89724414.6,441053492
2748.1,S,50,46054.04,6276.54,17892231.1,89724414.8,441053493
2749.1,S,48,46063.38,6277.97,17892231.1,89724558.2,441053614
2750.1,S,48,46072.19,6279.32,17892231.1,89724623.2,441053671
2751.1,S,53,46082.13,6280.71,17892231.1,89724671.2,441053715
2752.1,S,53,46096.36,6282.51,17892231.1,89724671.9,441053721
2753.1,S,57,46110.55,6284.16,17892231.1,89724722.3,441053772
2754.1,S,57,46128.64,6286.08,17892231.1,89724722.9,441053775
2755.1,S,56,46146.01,6287.95,17892231.1,89724815.4,441053987
2756.1,S,56,46150.76,6288.61,17892231.1,89725139.6,441054988
2757.1,S,64,46159.45,6289.84,17892231.1,89725356.5,441055714
2758.1,S,64,46186.04,6291.14,17892231.1,89725366.4,441055744
2759.1,S,63,46212.27,6292.37,17892231.1,89725371.6,441055770
2760.1,S,67,46237.95,6293.53,17892231.1,89725410.2,441055886
2761.1,S,67,46266.18,6295.28,17892231.1,89725410.6,441055894
2762.1,S,67,46293.76,6296.76,17892231.1,89725502.3,441056164
2763.1,S,66,46303.49,6297.69,17892231.1,89725833.2,441057164
2764.1,S,66,46308.60,6298.42,17892231.1,89726399.6,441058165
2765.3,S,58,46312.81,6299.26,17892231.1,89726762.1,441059300
2766.3,S,63,46329.02,6300.85,17892231.1,89726818.9,441059486
2767.3,S,62,46355.94,6302.18,17892231.1,89726830.2,441059524
2768.3,S,62,46382.24,6303.48,17892231.1,89726830.5,441059529
2769.3,S,65,46405.31,6304.59,17892231.1,89726964.9,441059880
2770.3,S,65,46433.00,6306.28,17892231.1,89726965.2,441059892
2771.3,S,65,46458.93,6307.84,17892231.1,89727070.3,441060209
2772.3,S,63,46468.95,6309.12,17892231.1,89727398.7,441061209
2773.3,S,58,46471.85,6309.86,17892231.1,89728060.9,441062276
2774.3,S,47,46479.71,6311.07,17892231.1,89728163.6,441062634
2775.3,S,47,46489.71,6312.42,17892231.1,89728164.1,441062636
2776.3,S,47,46499.32,6313.82,17892231.1,89728164.5,441062638
2777.3,S,47,46506.61,6314.74,17892231.1,89728267.2,441062934
2778.3,S,47,46516.37,6316.15,17892231.1,89728267.4,441062938
2779.3,S,47,46526.32,6317.57,17892231.1,89728267.6,441062940
2780.3,S,47,46536.19,6319.02,17892231.1,89728267.8,441062946
2781.3,S,47,46545.95,6320.50,17892231.1,89728268.1,441062948
2782.3,S,47,46555.58,6322.00,17892231.1,89728268.6,441062952
2783.3,S,47,46565.44,6323.42,17892231.1,89728268.7,441062955
2784.3,S,47,46572.91,6324.58,17892231.1,89728371.6,441063230
2785.4,S,47,46580.56,6325.95,17892231.1,89728562.2,441063877
2786.4,S,47,46589.37,6327.39,17892231.1,89728562.2,441063877
2787.4,S,47,46597.97,6328.91,17892231.1,89728562.9,441063879
2788.4,S,47,46606.59,6330.35,17892231.1,89728563.1,441063886
2789.4,S,47,46615.34,6331.76,17892231.1,89728563.3,441063886
2790.4,S,47,46622.58,6333.25,17892231.1,89728873.4,441064730
2791.4,S,59,46633.65,6335.01,17892231.1,89729063.9,441065158
2792.4,S,59,46654.21,6336.80,17892231.1,89729077.3,441065173
2793.4,S,59,46674.42,6338.55,17892231.1,89729079.4,441065178
2794.4,S,59,46694.57,6340.28,17892231.1,89729079.7,441065184
2795.4,S,58,46713.73,6341.95,17892231.1,89729245.8,441065331
2796.4,S,53,46723.00,6343.15,17892231.1,89729618.5,441066188
2797.5,S,61,46731.43,6344.14,17892231.1,89729948.4,441067236
2798.5,S,75,46763.24,6344.64,17892231.1,89730023.4,441067483
2799.5,S,74,46798.58,6345.06,17892231.1,89730037.6,441067525
2800.5,S,74,46833.62,6345.54,17892231.1,89730037.9,441067528
2801.5,S,73,46868.67,6346.00,17892231.1,89730072.8,441067627
2802.5,S,72,46903.35,6346.57,17892231.1,89730112.5,441067763
2803.5,S,70,46937.44,6347.21,17892231.1,89730341.5,441067973
2804.5,S,67,46955.93,6348.12,17892231.1,89730730.5,441068850
2805.5,S,66,46963.58,6349.11,17892231.1,89731044.7,441069852
2806.7,S,69,46965.89,6349.68,17892231.1,89731453.3,441071031
2807.8,S,67,46972.39,6351.01,17892231.1,89732092.3,441072104
2808.8,S,50,46987.14,6352.59,17892231.1,89732275.8,441072739
2809.8,S,70,47018.74,6353.50,17892231.1,89732281.0,441072760
2810.8,S,68,47049.55,6354.33,17892231.1,89732309.7,441072859
2811.8,S,68,47080.64,6355.37,17892231.1,89732408.1,441073261
2812.8,S,66,47110.95,6356.35,17892231.1,89732501.6,441073518
2813.8,S,68,47135.35,6357.08,17892231.1,89732774.5,441074295
2814.8,S,93,47164.08,6358.05,17892234.2,89733024.5,441075055
2815.8,S,88,47197.86,6358.76,17892237.0,89733471.7,441075729
2816.8,S,84,47222.00,6359.28,17892237.0,89733844.5,441076665
2817.8,S,80,47247.73,6359.93,17892237.0,89734175.1,441077665
2818.8,S,73,47278.33,6360.50,17892237.0,89734308.7,441078076
2819.8,S,73,47311.20,6361.09,17892237.0,89734309.5,441078082
2820.8,S,73,47343.99,6361.75,17892237.0,89734309.8,441078086
2821.8,S,70,47371.39,6362.43,17892237.0,89734505.5,441078729
2822.8,S,76,47382.43,6363.61,17892237.0,89735125.1,441079730
2823.8,S,75,47385.73,6364.09,17892237.0,89735571.0,441080730
2824.8,S,74,47391.46,6364.59,17892237.0,89735914.3,441081730
2825.9,S,53,47405.87,6366.67,17892237.0,89736233.0,441082011
2826.9,S,53,47420.24,6368.60,17892237.0,89736235.2,441082019
2827.9,S,52,47434.31,6370.42,17892237.0,89736323.2,441082151
2828.9,S,52,47436.25,6370.63,17892237.0,89736677.4,441083152
2829.9,S,65,47456.81,6372.58,17892237.0,89736709.8,441083319
2830.9,S,64,47484.48,6374.20,17892237.0,89736775.0,441083506
2831.9,S,64,47505.09,6375.41,17892237.0,89736914.5,441083958
2833.0,S,60,47533.44,6377.08,17892237.0,89736967.6,441084130
2834.0,S,60,47557.72,6378.35,17892237.0,89736968.1,441084133
2835.0,S,62,47577.72,6379.73,17892237.0,89737478.8,441084805
2836.0,S,61,47586.92,6380.66,17892237.0,89737848.2,441085805
2837.2,S,51,47595.38,6381.91,17892237.0,89738086.1,441086603
2838.2,S,74,47618.38,6382.95,17892248.5,89738286.5,441087163
2839.2,S,74,47652.53,6383.73,17892270.7,89738287.6,441087229
2840.2,S,74,47686.74,6384.40,17892289.3,89738288.0,441087280
2841.2,S,74,47720.91,6385.08,17892305.2,89738288.2,441087319
2842.2,S,72,47753.93,6385.71,17892319.2,89738362.9,441087541
2843.2,S,71,47786.10,6386.39,17892332.5,89738422.7,441087752
2844.2,S,67,47809.83,6387.31,17892342.3,89738891.7,441088646
2845.2,S,66,47813.32,6387.97,17892347.2,89739352.1,441089647
2846.2,S,66,47815.48,6388.45,17892348.7,89739718.2,441090647
2847.2,S,56,47818.41,6388.97,17892349.4,89740070.0,441091666
2848.2,S,63,47832.25,6390.23,17892349.4,89740223.1,441092064
2849.2,S,63,47858.27,6391.44,17892349.4,89740267.1,441092173
2850.2,S,67,47887.01,6393.04,17892349.4,89740270.0,441092186
2851.2,S,67,47916.15,6394.43,17892349.4,89740270.3,441092193
2852.2,S,67,47945.18,6396.00,17892349.4,89740270.7,441092197
2853.2,S,61,47970.05,6397.48,17892349.4,89740749.4,441092755
2854.2,S,60,47978.78,6398.38,17892349.4,89741110.5,441093756
2855.2,S,57,47986.72,6399.66,17892349.4,89741409.0,441094756
2856.2,S,54,47990.76,6400.29,17892349.4,89741774.4,441095757
2857.2,S,55,48002.79,6402.02,17892349.4,89741854.4,441096003
2858.2,S,55,48020.76,6403.73,17892349.4,89741904.8,441096124
2859.2,S,54,48038.14,6405.54,17892349.4,89741926.2,441096147
2860.2,S,53,48054.77,6407.44,17892349.4,89741961.1,441096179
2861.2,S,53,48070.99,6409.26,17892349.4,89742000.2,441096212
2862.2,S,48,48077.87,6410.23,17892349.4,89742451.8,441097003
2863.2,S,47,48086.67,6411.78,17892349.4,89742508.0,441097165
2864.2,S,47,48095.28,6413.26,17892349.4,89742555.7,441097294
2865.2,S,47,48103.64,6414.63,17892349.4,89742561.5,441097335
2866.2,S,47,48111.88,6416.24,17892349.4,89742709.3,441097708
2867.2,S,55,48126.16,6418.21,17892349.4,89742757.4,441097857
2868.2,S,55,48142.33,6420.19,17892349.4,89742757.8,441097858
2869.2,S,55,48158.68,6421.84,17892349.4,89742853.8,441098096
2870.2,S,55,48174.58,6423.79,17892349.4,89742907.2,441098236
2871.2,S,55,48184.58,6425.07,17892349.4,89743150.5,441098963
2872.2,S,49,48191.33,6426.10,17892349.4,89743434.9,441099749
2873.2,S,70,48216.72,6427.33,17892349.4,89743452.3,441099943
2874.2,S,70,48248.48,6428.09,17892349.4,89743452.6,441099946
2875.2,S,69,48279.67,6428.82,17892349.4,89743473.8,441100010
2876.2,S,69,48310.79,6429.65,17892349.4,89743474.6,441100013
2877.2,S,68,48341.55,6430.66,17892349.4,89743524.6,441100065
2878.2,S,66,48370.77,6431.82,17892349.4,89743880.0,441100409
2879.2,S,62,48385.45,6432.87,17892349.4,89744219.4,441101411
2880.2,S,62,48387.50,6433.35,17892349.4,89744566.4,441102412
2881.3,S,60,48389.74,6433.90,17892349.4,89744895.9,441103468
2882.3,S,47,48398.22,6434.98,17892349.4,89745350.8,441104105
2883.3,S,78,48430.64,6435.99,17892353.9,89745352.5,441104113
2884.3,S,78,48465.94,6436.43,17892359.9,89745352.7,441104119
2885.3,S,78,48501.52,6436.88,17892365.0,89745352.9,441104128
2886.3,S,77,48536.71,6437.39,17892377.9,89745383.9,441104173
2887.3,S,76,48571.73,6437.88,17892389.6,89745451.1,441104340
2888.3,S,74,48606.16,6438.44,17892398.9,89745546.6,441104613
2889.3,S,74,48629.33,6439.06,17892402.8,89745788.8,441105358
2890.3,S,71,48633.69,6439.53,17892403.9,89746091.5,441106359
2891.5,S,71,48636.66,6440.37,17892403.9,89746504.0,441107556
2892.7,S,67,48638.68,6441.12,17892403.9,89747184.9,441108775
2893.9,S,47,48643.13,6442.26,17892403.9,89747553.2,441109801
2894.9,S,47,48650.96,6443.87,17892403.9,89747553.9,441109808
2895.9,S,47,48658.68,6445.30,17892403.9,89747554.2,441109811
2897.0,S,47,48666.64,6446.78,17892403.9,89747554.5,441109813
2898.0,S,47,48674.32,6448.15,17892403.9,89747556.1,441109817
2899.0,S,50,48684.24,6449.58,17892403.9,89747590.6,441109934
2900.0,S,50,48695.01,6450.98,17892403.9,89747654.3,441110091
2901.0,S,48,48702.06,6452.24,17892403.9,89747797.5,441110564
2902.0,S,48,48711.02,6453.57,17892403.9,89747797.7,441110567
2903.0,S,47,48719.42,6454.99,17892403.9,89747845.8,441110723
2904.0,S,52,48732.86,6456.64,17892403.9,89747852.8,441110750
2905.0,S,56,48743.85,6458.00,17892403.9,89747952.4,441111088
2906.0,S,56,48760.82,6459.89,17892403.9,89747952.7,441111097
2907.0,S,56,48777.89,6461.85,17892403.9,89747952.9,441111102
2908.0,S,50,48787.53,6463.17,17892403.9,89748517.4,441111945
2909.0,S,60,48806.67,6464.59,17892403.9,89748532.3,441111964
2910.0,S,60,48831.63,6466.08,17892403.9,89748532.9,441111967
2911.0,S,64,48855.56,6467.34,17892403.9,89748560.3,441112076
2912.0,S,62,48881.06,6468.91,17892403.9,89748663.5,441112355
2913.0,S,61,48906.22,6470.19,17892403.9,89748680.3,441112403
2914.0,S,60,48921.07,6471.43,17892403.9,89748938.4,441113178
2915.0,S,60,48926.23,6472.29,17892403.9,89749292.2,441114179
2916.0,S,57,48931.18,6473.01,17892403.9,89749606.7,441115179
2917.2,S,65,48951.02,6474.58,17892411.7,89749800.4,441115580
2918.2,S,65,48979.22,6476.12,17892421.7,89749801.2,441115591
2919.2,S,68,49007.44,6477.68,17892430.7,89749837.3,441115643
2920.2,S,66,49036.68,6479.32,17892438.4,89749890.9,441115704
2921.2,S,66,49065.11,6480.83,17892446.9,89749940.0,441115757
2922.2,S,65,49086.85,6481.74,17892452.8,89750189.9,441116327
2923.2,S,61,49098.65,6482.61,17892458.3,89750541.8,441117328
2924.3,S,57,49102.38,6483.25,17892459.8,89750882.2,441118376
2925.3,S,53,49105.84,6483.94,17892459.8,89751220.3,441119378
2926.3,S,47,49116.09,6485.78,17892459.8,89751364.0,441119525
2927.3,S,47,49125.89,6487.28,17892459.8,89751365.5,441119531
2928.3,S,47,49135.69,6488.72,17892459.8,89751365.7,441119532
2929.3,S,47,49144.58,6489.99,17892459.8,89751468.6,441119628
2930.3,S,47,49154.35,6491.49,17892459.8,89751468.8,441119632
2931.3,S,47,49163.27,6493.05,17892459.8,89751688.7,441120023
2932.3,S,47,49172.09,6494.45,17892459.8,89751690.0,441120028
2933.3,S,47,49180.68,6495.91,17892459.8,89751691.1,441120038
2934.3,S,47,49189.41,6497.31,17892459.8,89751691.2,441120038
2935.3,S,47,49197.55,6498.50,17892459.8,89751725.0,441120127
2936.3,S,47,49204.37,6499.67,17892459.8,89751905.9,441120635
2937.3,S,58,49217.61,6501.53,17892459.8,89751989.4,441120996
2938.3,S,58,49236.84,6503.27,17892459.8,89751989.6,441120998
2939.3,S,58,49256.15,6505.00,17892459.8,89751989.8,441121007
2940.3,S,58,49275.35,6506.85,17892459.8,89751991.2,441121009
2941.3,S,58,49293.55,6508.64,17892459.8,89752131.5,441121390
2942.3,S,56,49296.95,6509.04,17892459.8,89752646.0,441122391
2943.3,S,77,49307.48,6510.06,17892459.8,89752873.9,441122902
2944.3,S,75,49342.67,6510.53,17892459.8,89752880.9,441122955
2945.3,S,75,49378.13,6510.99,17892459.8,89752883.1,441122962
2946.3,S,74,49413.59,6511.44,17892459.8,89752911.7,441123081
2947.3,S,73,49448.87,6511.88,17892459.8,89752937.2,441123168
2948.3,S,71,49483.65,6512.45,17892459.8,89753023.4,441123403
2949.3,S,70,49516.14,6513.10,17892459.8,89753093.7,441123665
2950.3,S,69,49536.44,6514.10,17892459.8,89753459.7,441124666
2951.6,S,68,49539.67,6514.88,17892459.8,89753885.1,441125923
2952.6,S,67,49544.52,6515.88,17892459.8,89754475.9,441126923
2953.7,S,66,49549.30,6516.86,17892459.8,89754846.0,441127998
2954.7,S,57,49553.71,6517.45,17892459.8,89755180.0,441128999
2955.7,S,93,49582.20,6518.78,17892463.1,89755220.7,441129194
2956.7,S,93,49617.71,6519.22,17892465.8,89755229.8,441129229
2957.7,S,93,49653.17,6519.66,17892469.6,89755232.2,441129253
2958.7,S,92,49688.74,6520.10,17892472.8,89755254.4,441129343
2959.7,S,91,49724.30,6520.52,17892476.1,89755285.2,441129446
2960.7,S,91,49759.59,6520.97,17892480.7,89755354.2,441129653
2961.7,S,89,49795.22,6521.44,17892484.6,89755430.2,441129894
2962.7,S,86,49830.42,6521.93,17892490.0,89755637.6,441130144
2963.7,S,84,49865.35,6522.45,17892498.8,89755941.4,441130639
2965.0,S,81,49890.16,6523.14,17892507.0,89756335.5,441131890
2966.0,S,80,49900.08,6523.81,17892512.1,89756627.5,441132890
2967.2,S,80,49904.33,6524.45,17892516.0,89757077.0,441134088
2968.4,S,76,49905.83,6525.02,17892516.4,89757697.7,441135317
2969.4,S,75,49907.15,6525.42,17892516.4,89758093.9,441136318
2970.4,S,56,49909.57,6526.09,17892516.4,89758442.4,441137334
2971.5,S,47,49917.07,6527.95,17892516.4,89758475.6,441137448
2972.5,S,47,49924.41,6529.24,17892516.4,89758488.2,441137494
2973.5,S,47,49931.99,6530.73,17892516.4,89758489.9,441137505
2974.5,S,47,49939.92,6532.16,17892516.4,89758525.6,441137624
2975.5,S,47,49947.55,6533.67,17892516.4,89758525.9,441137627
2976.5,S,47,49955.09,6535.07,17892516.4,89758526.0,441137628
2977.5,S,47,49962.69,6536.45,17892516.4,89758526.6,441137630
2978.5,S,47,49969.93,6537.77,17892516.4,89758533.5,441137655
2979.5,S,50,49978.88,6539.17,17892516.4,89758561.3,441137807
2980.5,S,50,49989.66,6540.65,17892516.4,89758561.5,441137811
2981.5,S,48,49996.52,6541.71,17892516.4,89758704.3,441138241
2982.5,S,48,50005.16,6543.03,17892516.4,89758704.6,441138244
2983.5,S,53,50014.08,6544.55,17892516.4,89758752.6,441138364
2984.5,S,53,50028.22,6546.32,17892516.4,89758753.1,441138368
2985.5,S,52,50041.36,6548.05,17892516.4,89758786.4,441138518
2986.5,S,56,50056.89,6549.62,17892516.4,89758830.3,441138665
2987.5,S,56,50074.30,6551.45,17892516.4,89758830.6,441138669
2988.5,S,54,50081.36,6552.45,17892516.4,89759183.8,441139654
2989.7,S,61,50092.82,6553.77,17892516.4,89759410.9,441140474
2990.7,S,60,50115.07,6554.95,17892516.4,89759695.8,441140912
2991.7,S,60,50138.40,6556.26,17892516.4,89760010.2,441141808
2992.7,S,60,50157.83,6557.35,17892518.7,89760175.1,441142441
2993.7,S,64,50184.26,6558.99,17892520.8,89760177.6,441142471
2994.7,S,63,50210.75,6560.65,17892520.8,89760328.5,441142927
2995.7,S,63,50224.02,6562.09,17892520.9,89760634.6,441143927
2996.7,S,57,50230.04,6562.76,17892520.9,89760911.4,441144939
2997.7,S,56,50244.39,6564.31,17892520.9,89761017.8,441145324
2998.7,S,55,50264.35,6565.93,17892520.9,89761033.1,441145384
2999.7,S,55,50283.78,6567.71,17892520.9,89761033.4,441145385
3000.7,S,58,50305.38,6569.39,17892520.9,89761083.1,441145636
3001.7,S,58,50327.88,6570.96,17892520.9,89761083.6,441145645
3002.7,S,58,50337.01,6571.71,17892520.9,89761345.8,441146608
3003.7,S,56,50342.84,6572.65,17892520.9,89761673.8,441147609
3004.8,S,48,50348.18,6573.60,17892520.9,89761942.1,441148688
3005.8,S,47,50357.94,6575.05,17892520.9,89761943.0,441148700
3006.8,S,47,50367.65,6576.50,17892520.9,89761943.3,441148703
3007.9,S,47,50376.36,6577.76,17892520.9,89761982.5,441148835
3008.9,S,47,50386.20,6579.15,17892520.9,89761984.1,441148839
3009.9,S,47,50395.60,6580.68,17892520.9,89762084.9,441149128
3010.9,S,47,50403.80,6582.34,17892520.9,89762174.4,441149423
3011.9,S,47,50412.48,6583.75,17892520.9,89762174.8,441149427
3012.9,S,47,50421.13,6585.14,17892520.9,89762175.1,441149435
3013.9,S,47,50429.79,6586.51,17892520.9,89762175.4,441149435
3014.9,S,47,50436.82,6587.65,17892520.9,89762240.4,441149641
3015.9,S,47,50445.24,6589.04,17892520.9,89762316.0,441149858
3016.9,S,59,50458.50,6590.82,17892520.9,89762430.7,441150195
3017.9,S,58,50477.82,6592.65,17892520.9,89762440.9,441150227
3018.9,S,58,50497.17,6594.47,17892520.9,89762441.4,441150233
3019.9,S,58,50516.24,6596.26,17892520.9,89762442.8,441150236
3020.9,S,58,50529.98,6597.60,17892520.9,89762560.4,441150754
3021.9,S,57,50533.84,6597.76,17892520.9,89762879.1,441151754
3022.9,S,55,50535.58,6597.91,17892520.9,89763201.7,441152755
3023.9,S,74,50546.91,6598.94,17892520.9,89763312.2,441153184
3024.9,S,73,50582.09,6599.44,17892520.9,89763312.4,441153191
3025.9,S,71,50617.15,6599.93,17892520.9,89763343.0,441153320
3026.9,S,70,50651.41,6600.54,17892520.9,89763390.8,441153476
3027.9,S,70,50685.83,6601.23,17892520.9,89763391.0,441153476
3028.9,S,70,50717.98,6601.90,17892520.9,89763484.0,441153747
3029.9,S,67,50750.17,6602.58,17892520.9,89763630.0,441154180
3030.9,S,67,50764.49,6603.24,17892520.9,89763950.9,441155181
3031.9,S,67,50771.00,6603.96,17892520.9,89764299.7,441156183
3033.0,S,66,50774.77,6604.82,17892520.9,89764931.5,441157276
3034.0,S,64,50778.24,6605.57,17892520.9,89765312.7,441158277
3035.0,S,53,50788.10,6606.66,17892520.9,89765573.7,441159115
3036.0,S,58,50806.21,6608.58,17892520.9,89765637.3,441159293
3037.0,S,57,50827.82,6610.13,17892520.9,89765671.1,441159385
3038.0,S,57,50849.26,6611.60,17892520.9,89765671.2,441159386
3039.0,S,57,50870.71,6613.24,17892520.9,89765671.5,441159392
3040.0,S,57,50885.53,6614.38,17892520.9,89765909.1,441160034
3041.0,S,68,50898.73,6615.48,17892520.9,89766431.5,441160833
3042.0,S,97,50924.95,6616.80,17892520.9,89766643.7,441161429
3043.0,S,96,50960.34,6617.33,17892520.9,89766648.9,441161448
3044.0,S,96,50995.93,6617.75,17892520.9,89766649.1,441161449
3045.0,S,95,51031.55,6618.20,17892520.9,89766662.3,441161520
3046.0,S,94,51066.93,6618.63,17892520.9,89766730.1,441161725
3047.0,S,91,51102.63,6619.07,17892520.9,89766837.6,441162011
3048.0,S,91,51138.33,6619.49,17892520.9,89766838.9,441162015
3049.0,S,90,51173.10,6620.00,17892520.9,89767049.6,441162517
3050.1,S,88,51193.43,6620.48,17892520.9,89767390.9,441163611
3051.1,S,75,51224.67,6621.17,17892520.9,89768014.8,441164632
3052.1,S,73,51246.47,6622.42,17892520.9,89768486.3,441165633
3053.1,S,72,51252.14,6623.08,17892520.9,89768913.7,441166634
3054.3,S,58,51254.85,6623.78,17892520.9,89769720.9,441167765
3055.3,S,50,51262.78,6625.71,17892520.9,89769910.4,441168097
3056.3,S,50,51273.43,6627.18,17892520.9,89769912.0,441168101
3057.3,S,48,51282.67,6628.53,17892520.9,89770113.5,441168273
3058.3,S,48,51291.40,6629.97,17892520.9,89770113.9,441168279
3059.3,S,52,51300.71,6631.42,17892520.9,89770163.1,441168326
3060.3,S,52,51314.15,6633.09,17892520.9,89770163.7,441168328
3061.3,S,52,51327.64,6634.78,17892520.9,89770164.4,441168333
3062.3,S,56,51344.00,6636.53,17892520.9,89770197.9,441168369
3063.3,S,56,51358.85,6638.20,17892520.9,89770352.1,441168612
3064.3,S,50,51367.99,6639.43,17892520.9,89770743.4,441169382
3065.3,S,55,51384.55,6641.10,17892520.9,89770786.1,441169516
3066.3,S,55,51402.65,6642.92,17892520.9,89770786.4,441169518
3067.3,S,55,51420.63,6644.83,17892520.9,89770787.0,441169520
3068.3,S,58,51439.98,6646.47,17892520.9,89770917.6,441169661
3069.3,S,58,51459.02,6648.00,17892520.9,89771190.9,441169910
3070.3,S,51,51469.81,6649.33,17892520.9,89771459.8,441170664
3071.3,S,54,51484.66,6650.97,17892520.9,89771650.9,441171171
3072.3,S,54,51502.70,6652.92,17892520.9,89771744.1,441171399
3073.3,S,53,51519.95,6654.77,17892520.9,89771778.7,441171485
3074.3,S,56,51536.48,6656.48,17892520.9,89771818.9,441171617
3075.3,S,56,51553.67,6658.13,17892520.9,89771949.5,441172048
3076.3,S,51,51566.63,6659.88,17892520.9,89772262.2,441172449
3077.3,S,47,51575.72,6661.23,17892520.9,89772475.1,441172923
3078.3,S,47,51585.36,6662.97,17892520.9,89772644.1,441173414
3079.3,S,47,51594.99,6664.35,17892520.9,89772645.0,441173420
3080.3,S,47,51604.76,6665.77,17892520.9,89772646.2,441173424
3081.3,S,47,51612.16,6666.78,17892520.9,89772743.5,441173723
3082.3,S,47,51620.56,6668.11,17892520.9,89772749.5,441173891
3083.3,S,47,51629.35,6669.64,17892520.9,89772940.2,441174420
3084.3,S,47,51638.16,6670.99,17892520.9,89772940.9,441174432
3085.3,S,47,51647.03,6672.26,17892520.9,89772940.9,441174432
3086.3,S,47,51655.90,6673.50,17892520.9,89772941.5,441174434
3087.3,S,47,51664.69,6674.76,17892520.9,89772941.7,441174435
3088.3,S,47,51671.36,6676.05,17892520.9,89773181.0,441175158
3089.3,S,59,51687.65,6677.42,17892520.9,89773236.2,441175342
3090.3,S,59,51708.02,6679.03,17892520.9,89773236.4,441175344
3091.3,S,59,51728.19,6680.61,17892520.9,89773236.6,441175346
3092.3,S,58,51747.87,6682.34,17892520.9,89773286.3,441175481
3093.3,S,58,51764.19,6683.92,17892520.9,89773496.4,441176029
3094.4,S,49,51773.20,6685.29,17892520.9,89774048.5,441177021
3095.4,S,75,51793.22,6686.04,17892520.9,89774167.1,441177382
3096.4,S,74,51828.58,6686.52,17892520.9,89774180.7,441177424
3097.4,S,70,51862.79,6687.12,17892520.9,89774248.2,441177629
3098.4,S,70,51896.43,6687.90,17892520.9,89774250.0,441177632
3099.4,S,70,51930.05,6688.56,17892520.9,89774250.2,441177643
3100.4,S,67,51960.67,6689.24,17892520.9,89774391.0,441178009
3101.4,S,67,51983.59,6689.81,17892520.9,89774621.5,441178778
3102.5,S,66,51989.54,6690.54,17892520.9,89774972.4,441179823
3103.7,S,66,51992.78,6691.41,17892520.9,89775674.2,441181046
3104.9,S,63,51999.40,6692.50,17892520.9,89776066.4,441182233
3105.9,S,69,52013.88,6694.14,17892521.4,89776241.6,441182799
3106.9,S,68,52044.86,6695.26,17892538.2,89776253.9,441182883
3107.9,S,68,52075.51,6696.29,17892560.7,89776254.1,441182955
3108.9,S,68,52106.27,6697.30,17892579.7,89776282.5,441183072
3109.9,S,64,52130.72,6698.38,17892597.5,89776503.3,441183761
3110.9,S,64,52158.87,6699.94,17892619.5,89776556.8,441183962
3111.9,S,62,52183.57,6701.29,17892628.7,89776967.3,441184416
3113.0,S,60,52190.82,6702.55,17892631.1,89777318.6,441185473
3114.2,S,58,52195.42,6703.56,17892631.1,89777691.7,441186652
3115.2,S,48,52201.60,6704.80,17892631.1,89777986.4,441187566
3116.2,S,74,52234.01,6705.77,17892631.1,89777991.1,441187597
3117.2,S,74,52267.66,6706.45,17892631.1,89777991.1,441187597
3118.2,S,73,52300.61,6707.06,17892631.1,89778015.4,441187665
3119.2,S,73,52333.06,6707.71,17892631.1,89778016.7,441187676
3120.2,S,73,52365.91,6708.34,17892631.1,89778042.0,441187749
3121.2,S,68,52396.40,6709.08,17892631.1,89778508.0,441188321
3122.2,S,70,52408.32,6709.57,17892631.1,89778827.4,441189321
3123.6,S,68,52413.62,6710.39,17892631.1,89779290.5,441190748
3124.7,S,65,52417.51,6711.14,17892631.1,89779656.1,441191844
3125.7,S,48,52425.85,6712.74,17892631.2,89780116.3,441192474
3126.7,S,48,52433.44,6713.97,17892631.2,89780175.9,441192669
3127.7,S,48,52442.07,6715.36,17892631.2,89780176.1,441192670
3128.7,S,53,52453.72,6717.30,17892631.2,89780224.2,441192820
3129.7,S,53,52468.04,6719.04,17892631.2,89780225.5,441192829
3130.7,S,53,52482.37,6720.71,17892631.2,89780226.0,441192832
3131.7,S,56,52498.06,6722.33,17892631.5,89780297.5,441193041
3132.7,S,56,52512.14,6724.01,17892631.5,89780535.8,441193676
3133.7,S,57,52521.17,6725.11,17892631.5,89780781.7,441194409
3134.7,S,52,52532.48,6726.61,17892631.5,89780885.1,441194761
3135.7,S,52,52546.62,6728.47,17892631.5,89780885.4,441194763
3136.7,S,52,52560.87,6730.21,17892631.5,89780885.9,441194771
3137.7,S,52,52575.20,6731.93,17892631.5,89780927.1,441194869
3138.7,S,51,52578.60,6732.41,17892631.5,89781290.7,441195870
3139.7,S,72,52600.76,6733.65,17892631.5,89781380.7,441195974
3140.7,S,72,52632.55,6734.44,17892631.5,89781381.8,441195980
3141.7,S,71,52663.91,6735.23,17892631.5,89781523.4,441196099
3142.7,S,67,52692.26,6736.40,17892631.5,89781689.3,441196404
3143.7,S,67,52721.54,6737.66,17892631.5,89781726.8,441196475
3144.7,S,64,52749.67,6739.26,17892631.5,89781899.1,441196866
3145.9,S,60,52764.09,6740.42,17892631.5,89782367.8,441198049
3146.9,S,56,52768.32,6741.29,17892631.5,89783020.1,441199050
3148.0,S,63,52784.23,6742.45,17892631.5,89783136.4,441199392
3149.0,S,67,52812.22,6743.80,17892631.5,89783156.6,441199459
3150.0,S,67,52842.15,6745.14,17892631.5,89783156.9,441199462
3151.0,S,66,52871.58,6746.63,17892631.5,89783190.1,441199548
3152.0,S,65,52897.31,6748.04,17892631.5,89783358.9,441200049
3153.0,S,60,52921.97,6749.35,17892631.5,89783535.2,441200570
3154.0,S,60,52931.06,6750.26,17892631.5,89783880.0,441201571
3155.3,S,49,52942.27,6751.84,17892631.5,89784557.5,441202707
3156.3,S,69,52969.10,6753.04,17892636.1,89784566.4,441202750
3157.3,S,68,52997.82,6753.88,17892661.9,89784676.4,441203146
3158.3,S,67,53027.46,6754.91,17892683.6,89784749.5,441203458
3159.3,S,65,53055.13,6756.79,17892700.7,89784954.6,441204096
3160.3,S,65,53083.39,6758.50,17892723.5,89784956.5,441204164
3161.3,S,63,53106.75,6759.81,17892744.6,89785143.5,441204748
3162.3,S,61,53117.55,6760.75,17892759.6,89785485.1,441205748
3163.4,S,56,53123.79,6761.83,17892772.1,89786070.2,441206809
3164.4,S,47,53129.18,6762.71,17892772.6,89786348.8,441207522
3165.4,S,47,53138.02,6764.17,17892772.6,89786350.3,441207531
3166.4,S,47,53146.48,6765.41,17892772.6,89786360.1,441207565
3167.4,S,47,53154.21,6766.92,17892772.6,89786550.7,441208003
3168.4,S,55,53169.96,6769.04,17892772.6,89786551.6,441208007
3169.4,S,55,53186.17,6770.83,17892772.6,89786600.0,441208122
3170.4,S,55,53202.47,6772.69,17892772.6,89786642.2,441208260
3171.4,S,55,53218.59,6774.60,17892772.6,89786698.5,441208391
3172.4,S,54,53226.81,6775.68,17892772.6,89787071.3,441209287
3173.4,S,70,53246.62,6776.94,17892772.6,89787243.8,441209741
3174.4,S,68,53276.80,6777.76,17892772.6,89787262.1,441209802
3175.4,S,68,53307.13,6778.56,17892772.6,89787262.9,441209804
3176.4,S,68,53337.59,6779.33,17892772.6,89787263.2,441209808
3177.4,S,67,53367.61,6780.31,17892772.6,89787300.3,441210057
3178.4,S,65,53396.22,6781.51,17892772.6,89787728.5,441210513
3179.4,S,64,53411.92,6782.62,17892772.6,89788063.3,441211513
3180.6,S,60,53419.60,6783.77,17892772.6,89788514.7,441212735
3181.7,S,57,53422.79,6784.42,17892772.6,89788920.4,441213871
3182.7,S,82,53441.65,6785.87,17892778.2,89789045.2,441214039
3183.7,S,82,53476.90,6786.31,17892795.7,89789047.4,441214056
3184.7,S,81,53512.31,6786.79,17892811.8,89789058.4,441214094
3185.7,S,78,53547.73,6787.27,17892825.1,89789134.1,441214181
3186.7,S,78,53583.21,6787.69,17892836.0,89789134.3,441214190
3187.7,S,78,53618.82,6788.15,17892845.4,89789134.6,441214200
3188.7,S,77,53654.37,6788.61,17892855.5,89789190.0,441214263
3189.7,S,75,53673.05,6789.26,17892863.9,89789538.4,441215035
3190.7,S,74,53675.75,6789.55,17892868.1,89789922.8,441216034
3191.8,S,74,53679.24,6789.84,17892876.4,89790320.8,441217103
3193.1,S,71,53681.24,6790.37,17892882.7,89791035.4,441218435
3194.2,S,49,53684.21,6790.91,17892884.5,89791431.2,441219498
3195.2,S,47,53691.61,6792.93,17892884.5,89791433.6,441219518
3196.2,S,47,53699.23,6794.45,17892884.5,89791433.8,441219520
3197.2,S,47,53706.86,6795.85,17892884.5,89791434.4,441219528
3198.2,S,47,53714.41,6797.31,17892884.5,89791434.6,441219531
3199.2,S,47,53722.16,6798.66,17892884.5,89791434.8,441219532
3200.2,S,47,53729.75,6800.17,17892884.5,89791506.8,441219823
3201.2,S,50,53737.18,6801.48,17892884.5,89791533.2,441219890
3202.2,S,50,53747.74,6802.98,17892884.5,89791533.6,441219896
3203.2,S,50,53756.87,6804.46,17892884.5,89791637.4,441220107
3204.3,S,48,53765.73,6805.92,17892884.5,89791677.0,441220211
3205.3,S,48,53774.56,6807.31,17892884.5,89791743.8,441220370
3206.3,S,53,53786.27,6808.86,17892884.5,89791793.0,441220473
3207.3,S,52,53800.06,6810.45,17892884.5,89791805.3,441220487
3208.3,S,56,53814.49,6812.10,17892884.5,89791836.6,441220527
3209.3,S,56,53831.87,6813.95,17892884.5,89791836.9,441220530
3210.3,S,56,53845.82,6815.63,17892884.5,89792211.2,441220975
3211.5,S,59,53861.36,6817.10,17892884.5,89792417.4,441221649
3212.5,S,58,53882.91,6818.81,17892884.5,89792425.9,441221688
3213.5,S,58,53904.36,6820.41,17892884.5,89792426.1,441221688
3214.5,S,62,53929.57,6823.51,17892884.5,89792462.6,441221806
3215.5,S,62,53958.52,6828.29,17892884.5,89792521.4,441221972
3216.5,S,60,53979.32,6832.17,17892884.5,89792785.8,441222674
3217.6,S,59,53987.22,6834.43,17892884.5,89793202.3,441223752
3218.7,S,63,53998.66,6838.59,17892885.2,89793602.6,441224477
3219.7,S,66,54027.35,6841.04,17892887.1,89793659.2,441224535
3220.7,S,65,54055.58,6842.83,17892887.1,89793671.9,441224550
3221.7,S,63,54083.23,6844.51,17892887.1,89793767.4,441224633
3222.7,S,61,54109.27,6845.89,17892890.8,89793863.0,441224863
3223.7,S,60,54135.32,6847.13,17892903.1,89793920.3,441225019
3224.7,S,59,54148.74,6848.28,17892905.1,89794181.4,441225808
3225.7,S,59,54153.53,6849.09,17892905.1,89794574.9,441226809
3226.8,S,47,54155.36,6849.26,17892905.1,89794938.5,441227904
3227.8,S,47,54164.07,6850.43,17892905.1,89794982.5,441228052
3228.8,S,47,54173.95,6851.71,17892905.1,89794983.5,441228055
3229.8,S,47,54183.73,6853.01,17892905.1,89794983.5,441228055
3230.8,S,47,54193.42,6854.37,17892905.1,89794983.9,441228059
3231.8,S,47,54203.19,6855.77,17892905.1,89794984.2,441228061
3232.8,S,47,54212.88,6857.18,17892905.1,89794984.3,441228061
3233.8,S,47,54220.92,6858.27,17892905.1,89795084.8,441228269
3234.8,S,47,54230.06,6859.76,17892905.1,89795278.0,441228443
3235.8,S,47,54239.02,6861.01,17892905.1,89795279.0,441228448
3236.8,S,47,54247.86,6862.53,17892905.1,89795279.6,441228451
3237.8,S,47,54256.65,6863.90,17892905.1,89795279.9,441228453
3238.8,S,47,54265.61,6865.29,17892905.1,89795280.1,441228455
3239.8,S,47,54274.42,6866.57,17892905.1,89795280.3,441228459
3240.8,S,47,54282.35,6867.70,17892905.1,89795383.0,441228555
3241.8,S,47,54291.11,6869.09,17892905.1,89795383.5,441228557
3242.8,S,47,54295.22,6869.81,17892905.1,89795717.2,441229446
3243.8,S,58,54311.16,6871.71,17892905.1,89795772.7,441229628
3244.8,S,58,54330.39,6873.32,17892905.1,89795773.2,441229639
3245.8,S,58,54349.71,6874.93,17892905.1,89795793.5,441229695
3246.8,S,58,54368.37,6876.55,17892905.1,89795833.8,441229821
3247.8,S,58,54380.31,6877.62,17892905.1,89796140.5,441230755
3248.9,S,57,54387.46,6878.79,17892905.1,89796551.8,441231789
3249.9,S,68,54404.79,6880.13,17892905.1,89796657.7,441232054
3250.9,S,74,54438.63,6880.83,17892905.1,89796692.5,441232095
3251.9,S,74,54473.66,6881.30,17892905.1,89796692.8,441232096
3252.9,S,78,54508.90,6881.78,17892905.1,89796741.4,441232141
3253.9,S,77,54544.20,6882.25,17892905.1,89796799.7,441232194
3254.9,S,77,54579.76,6882.69,17892905.1,89796800.2,441232196
3255.9,S,75,54615.18,6883.14,17892905.1,89796911.3,441232297
3256.9,S,74,54638.49,6883.87,17892905.1,89797302.8,441233245
3257.9,S,73,54647.26,6884.30,17892905.1,89797674.9,441234246
3259.0,S,70,54654.57,6885.25,17892905.1,89798079.9,441235342
3260.0,S,69,54657.89,6885.68,17892905.1,89798690.8,441236343
3261.0,S,61,54661.81,6886.14,17892905.1,89799061.3,441237344
3262.0,S,63,54675.09,6887.29,17892905.1,89799314.9,441238108
3263.0,S,91,54708.83,6888.32,17892912.8,89799315.8,441238135
3264.0,S,91,54744.13,6888.77,17892921.6,89799317.2,441238156
3265.0,S,91,54779.82,6889.19,17892934.3,89799319.3,441238192
3266.0,S,91,54815.28,6889.66,17892946.1,89799319.5,441238222
3267.0,S,91,54850.67,6890.10,17892960.5,89799390.2,441238451
3268.0,S,88,54886.07,6890.54,17892977.5,89799483.2,441238635
3269.0,S,87,54921.51,6891.01,17892991.9,89799541.5,441238713
3270.0,S,83,54955.68,6891.54,17893007.5,89799937.4,441239324
3271.0,S,79,54980.06,6892.07,17893022.3,89800308.7,441240325
3272.0,S,76,54995.07,6892.69,17893034.3,89800656.3,441241325
3273.1,S,72,55002.97,6893.54,17893038.0,89801073.0,441242458
3274.1,S,70,55004.49,6893.99,17893039.9,89801639.1,441243458
3275.6,S,68,55006.62,6894.60,17893039.9,89802174.4,441244935
3276.8,S,47,55010.75,6895.57,17893039.9,89802492.3,441245977
3277.8,S,50,55020.37,6897.53,17893039.9,89802505.7,441246042
3278.8,S,50,55030.93,6899.05,17893039.9,89802505.7,441246042
3279.8,S,48,55039.74,6900.32,17893039.9,89802648.9,441246300
3280.8,S,48,55048.47,6901.61,17893039.9,89802687.1,441246336
3281.8,S,53,55058.66,6903.14,17893039.9,89802735.0,441246381
3282.8,S,52,55072.63,6904.99,17893039.9,89802752.8,441246398
3283.8,S,55,55086.25,6906.65,17893039.9,89802785.7,441246435
3284.8,S,53,55102.87,6908.34,17893039.9,89802786.0,441246437
3285.8,S,51,55117.71,6909.76,17893039.9,89803015.6,441246721
3286.8,S,42,55121.77,6910.27,17893039.9,89803345.1,441247721
3287.9,D,30,55128.74,6910.66,17893039.9,89803389.6,441247863
