t_s,state,nthreads,utime_s,stime_s,disk_r_mb,disk_w_mb,disk_io_ms
0.0,R,1,0.00,0.00,17763985.7,84576774.9,431558102
1.0,S,34,10.04,4.31,17763985.7,84576776.1,431558119
2.0,S,34,20.91,9.27,17763985.7,84576805.4,431558153
3.0,S,34,31.79,14.21,17763985.7,84576805.7,431558156
4.0,S,34,42.46,19.38,17763985.7,84576805.8,431558157
5.0,S,34,53.28,24.44,17763985.7,84576806.1,431558160
6.0,S,38,64.49,29.05,17763985.7,84576870.6,431558215
7.0,S,34,76.43,33.92,17763985.7,84576931.6,431558276
8.0,S,38,88.64,38.63,17763985.7,84577013.3,431558366
9.0,S,35,100.40,43.17,17763985.7,84577093.9,431558601
10.0,S,39,109.85,46.33,17763985.7,84577194.2,431558962
11.0,S,39,125.09,51.34,17763985.7,84577247.8,431559179
12.0,S,35,136.92,55.99,17763985.7,84577288.1,431559393
13.0,S,35,143.99,58.29,17763985.7,84577410.1,431559921
14.0,S,41,154.54,61.33,17763985.7,84577544.0,431560473
15.0,S,37,170.03,65.72,17763985.7,84577660.6,431560850
16.0,S,37,184.73,70.96,17763985.7,84577660.8,431560852
17.0,S,36,198.12,75.96,17763985.7,84577741.8,431560944
18.0,S,37,214.83,80.55,17763985.7,84577853.5,431561045
19.0,S,34,225.66,85.15,17763985.7,84578069.3,431561437
20.0,S,40,239.65,88.76,17763985.7,84578165.1,431561756
21.0,S,44,261.37,93.43,17763985.7,84578178.0,431561813
22.0,S,40,277.89,97.81,17763985.7,84578274.4,431562218
23.0,S,39,294.67,102.95,17763985.7,84578308.9,431562411
24.0,S,42,304.48,104.89,17763985.7,84578513.6,431563148
25.0,S,44,314.54,108.04,17763985.7,84578801.0,431564062
26.0,S,38,328.39,112.47,17763985.7,84578904.6,431564391
27.0,S,38,344.35,117.45,17763985.7,84578904.6,431564391
28.0,S,42,360.26,121.38,17763985.7,84579010.0,431564611
29.0,S,38,377.87,126.54,17763985.7,84579109.7,431564708
30.0,S,36,390.11,131.03,17763985.7,84579394.6,431565122
31.0,S,41,401.98,134.55,17763985.7,84579487.7,431565491
32.0,S,45,422.14,138.77,17763985.7,84579534.3,431565672
33.0,S,41,440.28,143.28,17763985.7,84579628.3,431566067
34.0,S,41,458.69,148.80,17763985.7,84579629.3,431566070
35.0,S,44,477.45,153.33,17763985.7,84579840.9,431566344
36.0,S,39,494.12,157.33,17763985.7,84580065.2,431566780
37.0,S,35,503.08,160.83,17763985.7,84580278.6,431567574
38.0,S,41,517.22,165.89,17763985.7,84580352.4,431567869
39.0,S,45,533.04,168.69,17763985.7,84580456.2,431568311
40.0,S,43,552.91,173.16,17763985.7,84580505.2,431568521
41.0,S,41,570.95,177.46,17763985.7,84580553.9,431568706
42.0,S,41,588.44,181.56,17763985.7,84580591.0,431568855
43.0,S,39,590.98,181.66,17763985.7,84580855.5,431569856
44.2,S,38,605.32,185.88,17763985.7,84581169.5,431570338
45.2,S,34,617.91,190.96,17763985.7,84581266.0,431570422
46.2,S,38,626.06,194.29,17763985.7,84581368.4,431570764
47.2,S,38,641.84,199.23,17763985.7,84581386.6,431570828
48.2,S,34,651.96,203.35,17763985.7,84581515.8,431571418
49.2,S,38,659.73,206.47,17763985.7,84581631.9,431571854
50.2,S,38,675.45,211.28,17763985.7,84581660.6,431571949
51.2,S,34,685.63,215.56,17763985.7,84581728.9,431572257
52.2,S,38,692.96,218.43,17763985.7,84581841.4,431572697
53.2,S,45,712.30,223.26,17763985.8,84581981.7,431572947
54.2,S,41,731.25,228.35,17763985.8,84581994.0,431572966
55.2,S,41,749.94,233.59,17763985.8,84581994.1,431572967
56.2,S,45,770.00,238.43,17763985.8,84582097.4,431573070
57.2,S,41,790.96,243.20,17763985.8,84582287.1,431573316
58.2,S,41,809.50,248.16,17763985.8,84582413.8,431573732
59.2,S,39,819.06,251.16,17763985.8,84582617.4,431574442
60.2,S,35,820.02,251.32,17763985.8,84582891.0,431575439
61.2,S,38,834.77,256.02,17763985.8,84582935.7,431575527
62.2,S,34,846.63,261.14,17763985.8,84583032.4,431575612
63.2,S,38,858.59,265.75,17763985.8,84583135.5,431575708
64.2,S,34,873.26,271.08,17763985.8,84583232.0,431575805
65.2,S,34,884.89,276.24,17763985.8,84583296.7,431575896
66.2,S,38,894.02,279.36,17763985.8,84583399.2,431576269
67.2,S,34,906.85,283.76,17763985.8,84583495.0,431576631
68.2,S,34,918.78,288.71,17763985.8,84583495.5,431576633
69.2,S,38,922.93,290.32,17763985.8,84583663.2,431577319
70.2,S,45,938.79,295.34,17763985.8,84583707.5,431577486
71.2,S,41,955.94,300.17,17763985.8,84583774.2,431577757
72.2,S,41,974.58,305.49,17763985.8,84583774.6,431577758
73.2,S,45,991.16,308.24,17763985.8,84583878.2,431578161
74.2,S,42,1010.72,312.45,17763985.8,84583995.5,431578633
75.2,S,41,1024.39,316.41,17763985.8,84584201.5,431579336
76.2,S,41,1043.02,321.72,17763985.8,84584263.0,431579391
77.2,S,45,1063.31,325.83,17763985.8,84584439.9,431579554
78.2,S,41,1082.98,330.17,17763985.8,84584535.7,431579640
79.2,S,41,1100.22,334.69,17763985.8,84584631.7,431579933
80.2,S,40,1109.46,337.02,17763985.8,84584825.6,431580681
81.3,S,38,1112.00,337.19,17763985.8,84585133.1,431581763
82.3,S,38,1124.27,341.26,17763985.8,84585229.4,431581995
83.3,S,34,1136.79,346.37,17763985.8,84585325.5,431582082
84.3,S,38,1148.32,350.73,17763985.8,84585428.5,431582177
85.3,S,35,1163.45,355.50,17763985.8,84585501.5,431582245
86.3,S,34,1175.30,360.42,17763985.8,84585589.9,431582447
87.3,S,38,1183.27,363.10,17763985.8,84585692.8,431582898
88.3,S,38,1196.28,367.61,17763985.8,84585765.7,431583223
89.3,S,34,1207.95,372.70,17763985.8,84585789.1,431583403
90.3,S,38,1213.00,374.57,17763985.8,84585956.3,431584024
91.3,S,38,1228.07,379.50,17763985.8,84585992.6,431584144
92.3,S,34,1238.50,383.51,17763985.8,84586053.1,431584413
93.3,S,34,1245.68,386.48,17763985.8,84586155.3,431584837
94.3,S,38,1261.12,391.50,17763985.8,84586166.4,431584884
95.3,S,34,1268.90,394.80,17763985.8,84586316.8,431585354
96.3,S,34,1279.73,399.21,17763985.8,84586358.5,431585465
97.3,S,38,1292.89,403.56,17763985.8,84586420.3,431585627
98.3,S,34,1304.29,408.00,17763985.8,84586515.9,431585886
99.3,S,38,1315.39,412.66,17763985.8,84586683.1,431586032
100.3,S,34,1330.17,417.56,17763985.8,84586779.0,431586126
101.3,S,41,1342.14,422.81,17763985.8,84586811.8,431586160
102.3,S,45,1358.37,426.95,17763985.8,84586915.3,431586405
103.3,S,44,1381.03,432.11,17763985.8,84586940.2,431586499
104.3,S,41,1398.65,436.57,17763985.8,84587050.4,431586944
105.3,S,41,1417.49,441.71,17763985.8,84587050.7,431586951
106.3,S,41,1427.90,443.42,17763985.8,84587210.1,431587625
107.3,S,45,1450.75,448.24,17763985.8,84587222.4,431587698
108.3,S,41,1468.29,452.51,17763985.8,84587385.9,431588357
109.3,S,41,1487.28,457.49,17763985.8,84587386.6,431588358
110.3,S,45,1504.77,461.48,17763985.8,84587489.6,431588597
111.3,S,43,1527.01,466.56,17763985.8,84587763.4,431588834
112.3,S,41,1543.45,471.31,17763985.8,84588018.1,431589642
113.3,S,41,1555.97,475.00,17763985.8,84588181.0,431590363
114.3,S,41,1564.84,476.64,17763985.8,84588355.3,431591032
115.3,S,45,1582.64,480.15,17763985.8,84588412.8,431591335
116.3,S,41,1599.26,483.92,17763985.8,84588508.7,431592016
117.3,S,41,1616.98,488.69,17763985.8,84588621.7,431592595
118.3,S,41,1630.09,491.56,17763985.8,84588756.4,431593506
119.3,S,40,1634.01,491.71,17763985.8,84588999.3,431594510
120.4,S,43,1653.67,495.94,17763985.8,84589143.1,431595063
121.4,S,40,1661.75,498.46,17763985.8,84589382.7,431595874
122.4,S,34,1671.74,503.07,17763985.8,84589484.8,431596206
123.4,S,38,1681.44,506.58,17763985.8,84589588.5,431596509
124.4,S,34,1695.77,511.54,17763985.8,84589684.6,431596597
125.4,S,34,1707.62,516.55,17763985.8,84589684.9,431596602
126.4,S,38,1721.13,521.05,17763985.8,84589853.1,431596751
127.4,S,34,1734.68,526.27,17763985.8,84589949.2,431596866
128.4,S,34,1745.02,530.77,17763985.8,84590006.8,431597092
129.4,S,38,1756.19,534.08,17763985.8,84590084.7,431597421
130.4,S,34,1767.79,538.49,17763985.8,84590180.4,431597785
131.4,S,34,1778.79,543.49,17763985.8,84590289.6,431598069
132.4,S,38,1793.84,548.17,17763985.8,84590348.8,431598126
133.4,S,34,1805.84,553.12,17763985.8,84590446.9,431598220
134.4,S,38,1817.87,557.54,17763985.8,84590549.8,431598326
135.4,S,42,1832.43,562.00,17763985.8,84590698.2,431598665
136.4,S,41,1851.49,567.07,17763985.8,84590708.2,431598705
137.4,S,41,1867.71,570.94,17763985.8,84590759.7,431598939
138.4,S,45,1884.48,574.17,17763985.8,84590847.4,431599313
139.4,S,45,1906.26,578.99,17763985.8,84590909.2,431599549
140.4,S,41,1924.10,583.70,17763985.8,84591004.9,431599990
141.4,S,41,1938.77,586.88,17763985.8,84591106.9,431600366
142.4,S,45,1961.66,591.54,17763985.8,84591113.0,431600395
143.4,S,41,1981.14,596.43,17763985.8,84591276.9,431601047
144.4,S,41,1999.08,601.24,17763985.8,84591436.5,431601676
145.4,S,45,2012.76,603.96,17763985.8,84591758.2,431602198
146.4,S,45,2035.16,609.21,17763985.8,84591914.0,431602378
147.4,S,41,2046.60,612.30,17763985.8,84592112.2,431603093
148.4,S,41,2065.75,617.10,17763985.8,84592112.4,431603095
149.4,S,45,2081.76,620.00,17763985.8,84592298.6,431603706
150.6,S,45,2100.25,624.05,17763985.8,84592495.5,431604324
151.6,S,41,2118.48,629.32,17763985.8,84592635.8,431604725
152.6,S,41,2136.67,634.26,17763985.8,84592692.5,431604777
153.6,S,45,2159.11,638.77,17763985.8,84592806.6,431604878
154.6,S,41,2177.91,643.63,17763985.8,84592956.4,431605009
155.6,S,41,2196.46,648.63,17763985.8,84593046.9,431605416
156.6,S,41,2202.97,650.22,17763985.8,84593314.4,431606417
157.6,S,41,2207.06,650.36,17763985.8,84593561.9,431607418
158.6,S,45,2219.64,652.56,17763985.8,84593699.9,431608006
159.6,S,43,2241.78,657.72,17763985.8,84593748.0,431608191
160.6,S,40,2254.74,660.59,17763985.8,84593840.9,431608576
161.6,S,37,2265.76,663.07,17763985.8,84594101.6,431608803
162.6,S,36,2274.63,665.64,17763985.8,84594220.5,431608905
163.6,S,34,2282.16,668.42,17763985.8,84594281.2,431609134
164.6,S,38,2290.29,671.90,17763985.8,84594384.5,431609502
165.6,S,38,2305.15,676.77,17763985.8,84594440.3,431609714
166.7,S,34,2317.21,681.79,17763985.8,84594480.6,431609895
167.7,S,38,2325.08,684.81,17763985.8,84594583.9,431610330
168.7,S,38,2338.54,689.47,17763985.8,84594723.0,431610828
169.7,S,34,2350.28,694.49,17763985.8,84594745.5,431610915
170.7,S,38,2357.80,697.19,17763985.8,84594848.5,431611370
171.7,S,36,2373.12,702.36,17763985.8,84594896.9,431611561
172.7,S,34,2383.67,706.70,17763985.8,84594993.0,431611921
173.7,S,34,2389.62,709.00,17763985.8,84595099.0,431612464
174.7,S,38,2405.07,713.98,17763985.8,84595141.4,431612508
175.7,S,34,2416.66,718.96,17763985.8,84595208.5,431612569
176.7,S,38,2428.76,723.58,17763985.8,84595311.4,431612664
177.7,S,34,2442.69,728.66,17763985.8,84595471.8,431612804
178.7,S,34,2454.55,733.67,17763985.8,84595472.1,431612806
179.7,S,38,2463.67,737.04,17763985.8,84595612.2,431613336
180.7,S,42,2478.64,741.35,17763985.8,84595684.8,431613683
181.7,S,41,2497.66,746.58,17763985.8,84595709.5,431613788
182.7,S,41,2513.46,750.33,17763985.8,84595804.9,431614172
183.7,S,45,2534.21,754.64,17763985.8,84595840.5,431614317
184.7,S,41,2550.65,758.48,17763985.8,84595984.0,431614895
185.7,S,41,2566.02,762.95,17763985.8,84596097.7,431615462
186.7,S,41,2582.17,766.79,17763985.8,84596163.9,431615719
187.7,S,45,2602.95,771.04,17763985.8,84596201.6,431615863
188.7,S,41,2619.03,774.67,17763985.8,84596346.1,431616404
189.7,S,41,2637.80,779.68,17763985.8,84596461.8,431616529
190.7,S,45,2655.78,784.18,17763985.8,84596690.5,431616732
191.7,S,45,2675.96,789.11,17763985.8,84596951.0,431617650
192.7,S,41,2686.96,791.56,17763985.8,84597158.3,431618524
193.7,S,41,2701.10,794.24,17763985.8,84597204.3,431618684
194.7,S,41,2715.52,796.93,17763985.8,84597204.6,431618687
195.7,S,41,2729.62,799.64,17763985.8,84597283.1,431619042
196.7,S,41,2743.83,802.35,17763985.8,84597516.4,431619364
197.7,S,41,2758.42,805.04,17763985.8,84597517.1,431619367
198.7,S,41,2772.71,807.65,17763985.8,84597668.6,431619503
199.7,S,45,2786.42,809.23,17763985.8,84597771.9,431619787
200.7,S,45,2798.69,810.26,17763985.8,84597982.3,431620554
201.7,S,41,2809.56,811.30,17763985.8,84598120.8,431621049
202.7,S,41,2821.18,812.21,17763985.8,84598125.4,431621068
203.7,S,41,2832.55,813.13,17763985.8,84598250.3,431621568
204.7,S,41,2844.21,814.14,17763985.8,84598250.9,431621576
205.7,S,41,2854.92,815.10,17763985.8,84598453.1,431622365
206.7,S,41,2864.09,816.05,17763985.8,84598744.2,431623151
207.7,S,41,2875.90,816.98,17763985.8,84598744.3,431623154
208.7,S,41,2887.67,817.86,17763985.8,84598873.6,431623266
209.7,S,41,2899.46,818.81,17763985.8,84598923.1,431623311
210.7,S,41,2911.40,819.73,17763985.8,84598923.9,431623315
211.7,S,41,2920.99,820.65,17763985.8,84599181.6,431624032
212.7,S,40,2931.58,821.58,17763985.8,84599287.5,431624369
213.7,S,39,2941.55,822.48,17763985.8,84599475.9,431625009
214.7,S,36,2947.39,823.39,17763985.8,84599824.5,431625866
215.7,S,34,2955.46,825.26,17763985.8,84599832.0,431625882
216.7,S,38,2966.25,826.75,17763985.8,84599935.0,431625979
217.7,S,34,2974.65,828.08,17763985.8,84600077.8,431626228
218.7,S,34,2982.92,829.43,17763985.8,84600115.5,431626352
219.7,S,34,2991.46,830.90,17763985.8,84600180.1,431626574
220.7,S,34,3000.21,832.38,17763985.8,84600180.3,431626577
221.7,S,34,3008.96,833.70,17763985.8,84600180.8,431626584
222.7,S,34,3017.47,835.17,17763985.8,84600184.1,431626593
223.7,S,38,3028.88,836.62,17763985.8,84600320.7,431627072
224.8,S,34,3036.32,837.82,17763985.8,84600440.2,431627545
225.8,S,34,3045.07,839.19,17763985.8,84600440.4,431627552
226.8,S,34,3053.70,840.77,17763985.8,84600441.0,431627556
227.8,S,34,3062.33,842.24,17763985.8,84600441.5,431627567
228.8,S,34,3070.86,843.67,17763985.8,84600506.3,431627773
229.8,S,34,3079.54,845.00,17763985.8,84600513.1,431627788
230.8,S,38,3091.28,846.60,17763985.8,84600531.6,431627864
231.8,S,34,3099.14,847.95,17763985.8,84600627.5,431628143
232.8,S,34,3107.67,849.25,17763985.8,84600692.7,431628323
233.8,S,34,3116.53,850.73,17763985.8,84600692.9,431628324
234.8,S,34,3125.15,852.30,17763985.8,84600785.5,431628594
235.8,S,34,3133.99,853.52,17763985.8,84600785.9,431628596
236.8,S,38,3142.87,854.87,17763985.8,84600851.4,431628816
237.8,S,38,3153.49,856.36,17763985.8,84600930.6,431629256
238.8,S,34,3162.03,857.98,17763985.8,84600956.1,431629377
239.8,S,34,3170.75,859.28,17763985.8,84600956.3,431629386
240.8,S,34,3179.48,860.61,17763985.8,84600957.0,431629391
241.8,S,34,3187.85,862.04,17763985.8,84601021.7,431629634
242.8,S,34,3196.62,863.51,17763985.8,84601022.3,431629640
243.8,S,38,3204.14,864.74,17763985.8,84601125.1,431629835
244.8,S,34,3216.01,866.37,17763985.8,84601221.6,431629921
245.8,S,34,3224.68,867.69,17763985.8,84601286.4,431629978
246.8,S,34,3233.42,869.02,17763985.8,84601286.7,431629982
247.8,S,34,3242.15,870.48,17763985.8,84601287.2,431629984
248.8,S,34,3251.06,871.91,17763985.8,84601287.5,431629988
249.8,S,34,3259.79,873.37,17763985.8,84601352.1,431630045
250.8,S,38,3268.89,874.75,17763985.8,84601454.8,431630186
251.8,S,34,3278.73,876.19,17763985.8,84601550.9,431630468
252.8,S,34,3287.35,877.67,17763985.8,84601551.3,431630475
253.8,S,34,3295.82,879.05,17763985.8,84601616.0,431630637
254.8,S,34,3304.51,880.46,17763985.8,84601616.3,431630642
255.8,S,34,3313.14,881.80,17763985.8,84601616.6,431630645
256.8,S,34,3321.86,883.27,17763985.8,84601616.8,431630655
257.8,S,38,3329.00,884.43,17763985.8,84601784.4,431631075
258.8,S,37,3340.41,885.94,17763985.8,84601844.6,431631313
259.8,S,34,3348.42,887.41,17763985.8,84601898.4,431631534
260.8,S,41,3362.88,889.15,17763985.8,84601898.9,431631536
261.8,S,41,3378.07,891.08,17763985.8,84601899.1,431631537
262.8,S,41,3393.44,892.82,17763985.8,84601899.9,431631543
263.8,S,41,3408.59,894.74,17763985.8,84601900.6,431631546
264.8,S,45,3422.40,895.96,17763985.8,84602027.3,431631995
265.8,S,41,3438.32,897.48,17763985.8,84602171.6,431632466
266.8,S,41,3453.52,899.32,17763985.8,84602229.4,431632514
267.8,S,41,3468.71,901.23,17763985.8,84602366.9,431632633
268.8,S,41,3484.03,903.02,17763985.8,84602404.5,431632666
269.8,S,41,3493.52,904.27,17763985.8,84602709.6,431633439
270.8,S,41,3498.56,904.90,17763985.8,84602946.6,431634440
271.8,S,41,3510.03,906.41,17763985.8,84603144.2,431635017
272.8,S,45,3528.80,908.08,17763985.8,84603187.0,431635069
273.8,S,41,3544.23,909.93,17763985.8,84603355.4,431635228
274.8,S,41,3559.52,911.69,17763985.8,84603356.0,431635232
275.8,S,41,3574.75,913.61,17763985.8,84603356.2,431635235
276.8,S,41,3589.90,915.40,17763985.8,84603425.3,431635297
277.8,S,41,3604.73,917.23,17763985.8,84603538.0,431635636
278.8,S,45,3618.43,918.45,17763985.8,84603657.3,431636084
279.8,S,45,3633.68,920.08,17763985.8,84603839.1,431636925
280.8,S,41,3647.02,921.72,17763985.8,84604125.3,431637792
281.8,S,41,3661.83,923.59,17763985.8,84604457.1,431638168
282.8,S,41,3676.64,925.42,17763985.8,84604586.2,431638575
283.8,S,41,3692.01,927.23,17763985.8,84604586.3,431638576
284.8,S,41,3705.66,928.67,17763985.8,84604663.3,431638959
285.8,S,45,3721.61,929.96,17763985.8,84604737.0,431639242
286.8,S,41,3735.77,931.38,17763985.8,84604833.2,431639658
287.8,S,41,3746.51,932.44,17763985.8,84604964.8,431640142
288.8,S,41,3758.99,933.72,17763985.8,84605002.9,431640307
289.8,S,41,3771.47,934.89,17763985.8,84605240.5,431640599
290.9,S,41,3781.42,935.79,17763985.8,84605444.8,431640975
291.9,S,41,3792.85,937.23,17763985.8,84605637.5,431641750
292.9,S,41,3804.18,938.31,17763985.8,84605741.6,431642160
293.9,S,41,3816.10,939.48,17763985.8,84605866.2,431642748
294.9,S,41,3828.87,940.62,17763985.8,84605866.4,431642749
295.9,S,41,3841.75,941.71,17763985.8,84605878.6,431642794
296.9,S,41,3852.20,942.68,17763985.8,84606097.6,431643588
297.9,S,40,3860.12,943.69,17763985.8,84606361.7,431644349
298.9,S,34,3869.82,945.17,17763985.8,84606640.4,431644605
299.9,S,34,3878.60,947.07,17763985.8,84606641.6,431644612
300.9,S,34,3887.25,948.42,17763985.8,84606641.7,431644615
301.9,S,34,3896.08,949.92,17763985.8,84606642.5,431644618
302.9,S,34,3903.78,951.28,17763985.8,84606708.5,431644859
303.9,S,34,3912.47,952.70,17763985.8,84606708.6,431644860
304.9,S,34,3921.11,954.06,17763985.8,84606717.4,431644892
305.9,S,38,3925.60,954.73,17763985.8,84606849.3,431645546
306.9,S,38,3934.64,956.12,17763985.8,84606944.9,431645941
307.9,S,34,3943.49,957.52,17763985.8,84606945.6,431645951
308.9,S,34,3952.18,958.89,17763985.8,84606946.1,431645956
309.9,S,34,3960.92,960.41,17763985.8,84606986.0,431646165
310.9,S,34,3969.46,961.75,17763985.8,84607011.0,431646317
311.9,S,34,3978.13,963.15,17763985.8,84607065.0,431646499
312.9,S,38,3988.72,964.66,17763985.8,84607114.5,431646682
313.9,S,34,3998.27,965.99,17763985.8,84607210.6,431647031
314.9,S,34,4006.78,967.38,17763985.8,84607275.4,431647364
315.9,S,34,4015.56,968.60,17763985.8,84607275.5,431647365
316.9,S,34,4024.26,970.07,17763985.8,84607275.7,431647367
317.9,S,34,4032.92,971.42,17763985.8,84607372.2,431647724
318.9,S,34,4041.23,972.90,17763985.8,84607433.5,431647954
320.0,S,38,4052.74,974.46,17763985.8,84607440.3,431647994
321.0,S,34,4061.31,975.81,17763985.8,84607536.6,431648253
322.0,S,34,4070.03,977.25,17763985.8,84607536.8,431648254
323.0,S,34,4078.58,978.84,17763985.8,84607601.3,431648311
324.0,S,34,4087.29,980.21,17763985.8,84607601.6,431648315
325.0,S,34,4095.83,981.66,17763985.8,84607602.1,431648317
326.0,S,34,4104.51,983.03,17763985.8,84607602.6,431648322
327.0,S,38,4115.69,984.64,17763985.8,84607769.7,431648469
328.0,S,34,4124.59,986.03,17763985.8,84607865.6,431648568
329.0,S,34,4133.26,987.44,17763985.8,84607866.0,431648568
330.0,S,34,4141.94,988.91,17763985.8,84607866.3,431648571
331.0,S,34,4149.22,990.09,17763985.8,84607931.5,431648834
332.0,S,34,4157.98,991.52,17763985.8,84607931.8,431648839
333.0,S,34,4164.83,992.69,17763985.8,84608007.8,431649072
334.0,S,38,4175.80,994.17,17763985.8,84608034.9,431649191
335.0,S,34,4183.87,995.55,17763985.8,84608130.9,431649549
336.0,S,34,4192.28,996.94,17763985.8,84608201.4,431649852
337.0,S,34,4200.95,998.37,17763985.8,84608202.0,431649856
338.0,S,34,4209.63,999.78,17763985.8,84608202.3,431649867
339.0,S,34,4218.45,1001.16,17763985.8,84608202.5,431649870
340.0,S,34,4226.02,1002.47,17763985.8,84608267.2,431650123
341.0,S,38,4234.17,1003.79,17763985.8,84608370.4,431650432
342.0,S,34,4243.44,1005.14,17763985.8,84608466.3,431650752
343.0,S,34,4252.17,1006.55,17763985.8,84608466.9,431650759
344.0,S,34,4260.73,1008.02,17763985.8,84608499.2,431650844
345.0,S,34,4269.18,1009.44,17763985.8,84608531.7,431650938
346.0,S,34,4277.77,1010.92,17763985.8,84608532.0,431650946
347.0,S,34,4286.57,1012.34,17763985.8,84608532.4,431650949
348.0,S,38,4297.01,1013.86,17763985.8,84608635.5,431651052
349.0,S,34,4306.83,1015.43,17763985.8,84608795.8,431651194
350.0,S,34,4315.36,1016.89,17763985.8,84608796.3,431651200
351.0,S,34,4324.13,1018.31,17763985.8,84608796.6,431651203
352.0,S,34,4332.83,1019.87,17763985.8,84608797.2,431651206
353.0,S,34,4341.56,1021.37,17763985.8,84608862.1,431651265
354.0,S,34,4349.03,1022.57,17763985.8,84608948.7,431651425
355.0,S,38,4360.76,1024.19,17763985.8,84608965.4,431651481
356.0,S,34,4368.35,1025.56,17763985.8,84609061.4,431651887
357.0,S,34,4376.91,1026.96,17763985.8,84609126.3,431652153
358.0,S,34,4385.62,1028.44,17763985.8,84609126.5,431652158
359.0,S,34,4394.53,1029.77,17763985.8,84609127.0,431652161
360.0,S,34,4402.95,1031.22,17763985.8,84609206.1,431652474
361.0,S,41,4413.33,1032.61,17763985.8,84609241.0,431652608
362.0,S,45,4429.67,1033.87,17763985.8,84609309.6,431652899
363.0,S,41,4444.99,1035.40,17763985.8,84609406.0,431653279
364.0,S,41,4460.14,1037.26,17763985.8,84609444.7,431653435
365.0,S,41,4475.45,1039.10,17763985.8,84609445.1,431653447
366.0,S,41,4490.60,1040.84,17763985.8,84609446.2,431653454
367.0,S,41,4505.62,1042.69,17763985.8,84609473.6,431653593
368.0,S,41,4514.15,1043.37,17763985.8,84609735.3,431654436
369.0,S,45,4532.25,1045.20,17763985.8,84609838.5,431654781
370.0,S,41,4546.74,1046.56,17763985.8,84610153.3,431655088
371.0,S,41,4559.66,1047.72,17763985.8,84610329.4,431655591
372.0,S,41,4570.43,1048.83,17763985.8,84610506.7,431656228
373.0,S,41,4583.96,1050.02,17763985.8,84610507.0,431656237
374.0,S,41,4597.36,1051.23,17763985.8,84610577.5,431656527
375.0,S,41,4611.00,1052.36,17763985.8,84610636.5,431656773
376.0,S,41,4624.27,1053.57,17763985.8,84610697.6,431657060
377.0,S,41,4637.62,1054.71,17763985.8,84610791.6,431657436
378.0,S,41,4651.05,1055.98,17763985.8,84610920.6,431657612
379.0,S,41,4663.62,1057.20,17763985.8,84611222.3,431657937
380.0,S,45,4678.63,1058.36,17763985.8,84611315.8,431658285
381.0,S,41,4690.06,1059.42,17763985.8,84611511.6,431659051
382.0,S,41,4701.14,1060.38,17763985.8,84611631.7,431659486
383.0,S,41,4712.65,1061.28,17763985.8,84611704.2,431659752
384.0,S,41,4723.02,1062.20,17763985.8,84611868.8,431660475
385.0,S,41,4734.46,1063.13,17763985.8,84611992.3,431660930
386.0,S,41,4745.76,1064.08,17763985.8,84612169.7,431661475
387.0,S,41,4757.59,1065.01,17763985.8,84612170.2,431661480
388.0,S,41,4769.20,1066.02,17763985.8,84612299.2,431661593
389.0,S,41,4780.75,1066.95,17763985.8,84612407.1,431661691
390.0,S,41,4792.13,1067.94,17763985.8,84612520.3,431661953
391.0,S,41,4801.50,1068.88,17763985.8,84612712.5,431662761
392.0,S,41,4812.86,1069.78,17763985.8,84612796.3,431663188
393.0,S,41,4824.00,1070.76,17763985.8,84612925.4,431663737
394.0,S,41,4834.45,1071.64,17763985.8,84613054.5,431664173
395.0,S,41,4846.29,1072.61,17763985.8,84613055.2,431664180
396.0,S,41,4856.55,1073.56,17763985.8,84613267.2,431664970
397.0,S,41,4867.70,1074.56,17763985.8,84613419.0,431665344
398.0,S,45,4880.24,1075.49,17763985.8,84613498.0,431665422
399.0,S,40,4893.02,1076.30,17763985.8,84613759.8,431665722
400.0,S,40,4899.70,1076.41,17763985.8,84613804.1,431665847
401.0,S,39,4904.61,1076.52,17763985.8,84614003.4,431666436
402.0,S,37,4908.38,1076.60,17763985.8,84614158.5,431666991
403.0,S,35,4909.18,1076.66,17763985.8,84614340.3,431667696
404.0,S,34,4911.15,1077.57,17763985.8,84614410.6,431667883
405.0,S,34,4919.97,1079.04,17763985.8,84614411.0,431667887
406.0,S,34,4928.73,1080.47,17763985.8,84614412.4,431667890
407.0,S,34,4937.56,1081.82,17763985.8,84614412.7,431667894
408.0,S,34,4946.24,1083.18,17763985.8,84614477.5,431667950
409.0,S,34,4955.23,1084.59,17763985.8,84614477.9,431667954
410.0,S,38,4964.07,1085.96,17763985.8,84614507.3,431667993
411.0,S,38,4976.45,1087.63,17763985.8,84614529.7,431668014
412.0,S,34,4985.03,1089.06,17763985.8,84614726.3,431668189
413.0,S,34,4993.88,1090.52,17763985.8,84614726.7,431668190
414.0,S,34,5002.53,1091.92,17763985.8,84614727.3,431668192
415.0,S,34,5011.33,1093.32,17763985.8,84614727.6,431668195
416.0,S,34,5020.04,1094.67,17763985.8,84614792.1,431668381
417.0,S,38,5028.67,1095.94,17763985.8,84614842.7,431668571
418.0,S,34,5038.96,1097.43,17763985.8,84614938.6,431668881
419.0,S,34,5047.69,1098.76,17763985.8,84614938.7,431668882
420.0,S,34,5056.40,1100.11,17763985.8,84614952.2,431668924
421.0,S,34,5065.01,1101.53,17763985.8,84615003.9,431669148
422.0,S,34,5073.86,1102.91,17763985.8,84615004.3,431669151
423.0,S,34,5082.53,1104.33,17763985.8,84615004.7,431669161
424.0,S,38,5092.00,1105.61,17763985.8,84615049.6,431669348
425.0,S,34,5098.70,1106.61,17763985.8,84615210.4,431670056
426.0,S,34,5107.44,1107.88,17763985.8,84615210.7,431670067
427.0,S,34,5115.77,1109.51,17763985.8,84615241.3,431670180
428.0,S,34,5124.38,1111.02,17763985.8,84615242.0,431670183
429.0,S,34,5133.14,1112.39,17763985.8,84615242.4,431670187
430.0,S,34,5141.79,1113.82,17763985.8,84615242.9,431670191
431.0,S,38,5148.06,1114.73,17763985.8,84615357.0,431670599
432.0,S,34,5159.76,1116.47,17763985.8,84615505.8,431670742
433.0,S,34,5168.30,1117.89,17763985.8,84615506.1,431670747
434.0,S,34,5177.14,1119.32,17763985.8,84615506.5,431670750
435.0,S,34,5185.86,1120.81,17763985.8,84615506.8,431670752
436.0,S,34,5194.59,1122.18,17763985.8,84615571.6,431670809
437.0,S,34,5203.28,1123.41,17763985.8,84615571.9,431670814
438.0,S,38,5212.04,1124.81,17763985.8,84615675.0,431670910
439.0,S,34,5222.73,1126.16,17763985.8,84615781.8,431671105
440.0,S,34,5231.26,1127.58,17763985.8,84615836.1,431671300
441.0,S,34,5240.13,1128.94,17763985.8,84615836.4,431671305
442.0,S,34,5248.56,1130.54,17763985.8,84615874.9,431671446
443.1,S,34,5257.28,1131.91,17763985.8,84615875.2,431671464
444.1,S,34,5266.00,1133.44,17763985.8,84615875.8,431671467
445.1,S,38,5272.20,1134.32,17763985.8,84615978.7,431671908
446.1,S,38,5281.92,1135.72,17763985.8,84616085.0,431672343
447.2,S,34,5290.73,1137.20,17763985.8,84616139.4,431672547
448.2,S,34,5299.40,1138.68,17763985.8,84616139.6,431672551
449.2,S,34,5308.09,1140.01,17763985.8,84616139.9,431672555
450.2,S,34,5316.70,1141.32,17763985.8,84616152.6,431672602
451.2,S,34,5325.16,1142.80,17763985.8,84616205.0,431672810
452.2,S,34,5331.29,1143.79,17763985.8,84616288.6,431673148
453.2,S,38,5342.20,1145.25,17763985.8,84616308.6,431673285
454.2,S,34,5350.55,1146.68,17763985.8,84616404.5,431673595
455.2,S,34,5359.26,1148.09,17763985.8,84616469.5,431673791
456.2,S,34,5367.96,1149.56,17763985.8,84616469.9,431673802
457.2,S,34,5376.76,1150.96,17763985.8,84616469.9,431673803
458.2,S,34,5385.16,1152.51,17763985.8,84616524.0,431673974
459.2,S,34,5392.71,1153.65,17763985.8,84616579.8,431674144
460.3,S,38,5402.48,1155.04,17763985.8,84616627.3,431674368
461.3,S,34,5410.85,1156.41,17763985.8,84616723.0,431674615
462.3,S,34,5419.43,1157.94,17763985.8,84616769.1,431674656
463.3,S,34,5428.16,1159.40,17763985.8,84616787.9,431674677
464.3,S,34,5436.98,1160.83,17763985.8,84616788.4,431674680
465.3,S,34,5445.59,1162.29,17763985.8,84616788.7,431674682
466.3,S,34,5454.14,1163.71,17763985.8,84616853.4,431674749
467.3,S,38,5465.12,1165.28,17763985.9,84616957.8,431674860
468.3,S,34,5474.20,1166.79,17763985.9,84617081.4,431675038
469.3,S,34,5482.85,1168.14,17763985.9,84617088.8,431675059
470.3,S,34,5491.41,1169.57,17763985.9,84617105.3,431675105
471.3,S,34,5499.00,1170.86,17763985.9,84617153.9,431675299
472.3,S,34,5507.78,1172.21,17763985.9,84617154.7,431675305
473.3,S,34,5516.61,1173.62,17763985.9,84617154.9,431675307
474.3,S,38,5524.28,1174.63,17763985.9,84617258.2,431675709
475.3,S,34,5531.06,1175.67,17763985.9,84617418.6,431676374
476.3,S,34,5539.58,1177.22,17763985.9,84617418.9,431676377
477.3,S,34,5548.24,1178.64,17763985.9,84617419.4,431676381
478.3,S,34,5557.02,1179.94,17763985.9,84617419.5,431676389
479.3,S,34,5565.35,1181.38,17763985.9,84617480.2,431676696
480.3,S,34,5573.94,1182.78,17763985.9,84617484.4,431676722
481.3,S,34,5579.68,1183.82,17763985.9,84617587.1,431677100
482.3,S,38,5591.72,1185.48,17763985.9,84617651.4,431677301
483.3,S,41,5603.72,1187.22,17763985.9,84617723.5,431677371
484.3,S,41,5619.09,1189.16,17763985.9,84617723.9,431677374
485.3,S,41,5634.32,1190.90,17763985.9,84617724.3,431677380
486.3,S,41,5649.88,1192.70,17763985.9,84617724.6,431677384
487.3,S,41,5665.15,1194.40,17763985.9,84617831.7,431677477
488.3,S,45,5681.33,1196.02,17763985.9,84618004.2,431677630
489.3,S,41,5696.76,1197.44,17763985.9,84618100.2,431677948
490.3,S,41,5707.80,1198.20,17763985.9,84618100.5,431677958
491.3,S,41,5718.40,1199.02,17763985.9,84618192.2,431678342
492.3,S,41,5728.71,1199.82,17763985.9,84618388.9,431679061
493.3,S,41,5733.46,1200.45,17763985.9,84618651.3,431680061
494.3,S,41,5738.92,1201.14,17763985.9,84618902.9,431681062
495.3,S,41,5749.45,1201.97,17763985.9,84618920.4,431681139
496.3,S,41,5760.41,1202.84,17763985.9,84618969.6,431681209
497.3,S,41,5771.70,1203.59,17763985.9,84618969.9,431681212
498.3,S,41,5782.92,1204.38,17763985.9,84618970.2,431681215
499.3,S,41,5794.11,1205.14,17763985.9,84619063.4,431681301
500.3,S,41,5805.06,1205.99,17763985.9,84619209.0,431681431
501.3,S,41,5815.94,1206.73,17763985.9,84619338.2,431681636
502.3,S,41,5826.54,1207.58,17763985.9,84619467.1,431682140
503.3,S,41,5836.70,1208.37,17763985.9,84619577.7,431682625
504.3,S,41,5843.93,1209.12,17763985.9,84619864.0,431683626
505.3,S,41,5852.45,1209.90,17763985.9,84620056.4,431684527
506.3,S,41,5863.32,1210.71,17763985.9,84620056.5,431684530
507.3,S,41,5873.82,1211.52,17763985.9,84620143.8,431684824
508.3,S,45,5884.69,1212.21,17763985.9,84620202.4,431685071
509.3,S,41,5898.25,1212.92,17763985.9,84620341.4,431685219
510.3,S,41,5908.09,1213.55,17763985.9,84620596.7,431685501
511.3,S,41,5917.76,1214.17,17763985.9,84620703.0,431685938
512.3,S,41,5927.54,1214.72,17763985.9,84620788.2,431686288
513.3,S,41,5936.65,1215.31,17763985.9,84620980.5,431686989
514.3,S,41,5944.14,1215.89,17763985.9,84621141.7,431687605
515.3,S,41,5954.00,1216.48,17763985.9,84621198.0,431687769
516.3,S,41,5963.98,1217.06,17763985.9,84621249.7,431687816
517.3,S,41,5974.10,1217.70,17763985.9,84621250.0,431687821
518.3,S,41,5984.23,1218.26,17763985.9,84621429.7,431687972
519.3,S,41,5993.63,1218.89,17763985.9,84621645.4,431688298
520.3,S,41,6003.44,1219.53,17763985.9,84621863.5,431688755
521.3,S,41,6013.26,1220.11,17763985.9,84622004.8,431689113
522.3,S,41,6023.27,1220.75,17763985.9,84622095.4,431689345
523.3,S,40,6032.63,1221.29,17763985.9,84622146.1,431689431
524.3,S,40,6041.74,1221.84,17763985.9,84622197.5,431689524
525.3,S,40,6050.67,1222.36,17763985.9,84622249.0,431689685
526.3,S,39,6058.78,1222.96,17763985.9,84622328.4,431689822
527.3,S,37,6065.34,1223.55,17763985.9,84622533.8,431690199
528.3,S,36,6069.89,1224.05,17763985.9,84622809.1,431690493
529.3,S,38,6073.46,1224.52,17763985.9,84622849.3,431690536
530.3,S,34,6081.38,1226.66,17763985.9,84622850.8,431690547
531.3,S,34,6090.11,1228.04,17763985.9,84622851.5,431690554
532.3,S,38,6099.41,1229.36,17763985.9,84622883.4,431690597
533.3,S,34,6110.94,1230.90,17763985.9,84622979.8,431690771
534.3,S,34,6119.15,1232.19,17763985.9,84623044.6,431690929
535.3,S,34,6127.71,1233.58,17763985.9,84623057.9,431690969
536.3,S,34,6136.55,1235.04,17763985.9,84623058.0,431690970
537.3,S,34,6145.43,1236.43,17763985.9,84623058.6,431690973
538.3,S,34,6154.07,1237.91,17763985.9,84623058.8,431690973
539.3,S,38,6160.90,1239.01,17763985.9,84623170.0,431691355
540.3,S,34,6171.23,1240.46,17763985.9,84623265.8,431691618
541.3,S,34,6179.52,1241.67,17763985.9,84623323.4,431691761
542.3,S,34,6188.35,1242.97,17763985.9,84623323.7,431691762
543.3,S,34,6196.94,1244.45,17763985.9,84623388.5,431691990
544.3,S,34,6205.62,1245.81,17763985.9,84623388.8,431691996
545.3,S,34,6214.32,1247.27,17763985.9,84623389.2,431692001
546.3,S,38,6222.54,1248.45,17763985.9,84623457.8,431692228
547.3,S,38,6230.84,1249.78,17763985.9,84623606.4,431692746
548.3,S,34,6239.72,1251.29,17763985.9,84623612.3,431692805
549.3,S,34,6248.29,1252.73,17763985.9,84623612.7,431692809
550.3,S,34,6256.92,1254.14,17763985.9,84623612.8,431692810
551.3,S,34,6265.49,1255.64,17763985.9,84623638.9,431692885
552.3,S,34,6273.91,1257.09,17763985.9,84623677.8,431693003
553.3,S,38,6282.99,1258.40,17763985.9,84623723.6,431693087
554.3,S,34,6294.29,1259.76,17763985.9,84623819.6,431693177
555.3,S,34,6303.06,1261.21,17763985.9,84623824.4,431693185
556.3,S,34,6311.65,1262.66,17763985.9,84623884.7,431693238
557.3,S,34,6320.16,1264.05,17763985.9,84623885.1,431693245
558.4,S,34,6328.95,1265.46,17763985.9,84623885.4,431693246
559.4,S,34,6337.41,1267.03,17763985.9,84623948.1,431693307
560.4,S,38,6346.84,1268.59,17763985.9,84624051.1,431693403
561.4,S,34,6356.95,1270.02,17763985.9,84624147.0,431693726
562.4,S,34,6365.67,1271.47,17763985.9,84624147.1,431693727
563.4,S,34,6374.42,1273.00,17763985.9,84624152.6,431693741
564.4,S,34,6382.88,1274.46,17763985.9,84624212.2,431693964
565.4,S,34,6391.59,1276.00,17763985.9,84624212.9,431693972
566.4,S,34,6400.35,1277.47,17763985.9,84624213.0,431693973
567.4,S,38,6406.68,1278.41,17763985.9,84624316.0,431694401
568.4,S,34,6417.98,1280.00,17763985.9,84624476.3,431694688
569.4,S,34,6426.69,1281.42,17763985.9,84624476.7,431694695
570.4,S,34,6435.60,1282.72,17763985.9,84624477.1,431694696
571.4,S,34,6444.19,1284.29,17763985.9,84624477.5,431694702
572.4,S,34,6452.78,1285.75,17763985.9,84624542.0,431694756
573.4,S,34,6461.50,1287.20,17763985.9,84624542.3,431694763
574.4,S,38,6471.44,1288.58,17763985.9,84624645.6,431694859
575.4,S,34,6481.92,1290.10,17763985.9,84624741.9,431694959
576.4,S,34,6490.49,1291.50,17763985.9,84624806.8,431695102
577.4,S,34,6499.20,1292.96,17763985.9,84624807.3,431695113
578.4,S,34,6507.80,1294.58,17763985.9,84624839.1,431695187
579.4,S,34,6516.60,1296.05,17763985.9,84624839.4,431695194
580.4,S,34,6525.46,1297.42,17763985.9,84624839.6,431695195
581.4,S,38,6534.00,1298.62,17763985.9,84624942.8,431695505
582.4,S,34,6540.84,1299.60,17763985.9,84625102.7,431696058
583.4,S,34,6549.52,1301.03,17763985.9,84625103.1,431696068
584.4,S,34,6558.36,1302.49,17763985.9,84625103.2,431696069
585.4,S,34,6567.13,1303.89,17763985.9,84625103.5,431696075
586.4,S,34,6575.70,1305.32,17763985.9,84625168.2,431696262
587.4,S,34,6584.32,1306.75,17763985.9,84625168.8,431696267
588.4,S,38,6591.13,1307.75,17763985.9,84625271.4,431696640
589.4,S,38,6601.80,1309.26,17763985.9,84625348.5,431696953
590.4,S,34,6610.54,1310.73,17763985.9,84625384.9,431697081
591.4,S,34,6619.23,1312.18,17763985.9,84625432.6,431697236
592.4,S,34,6628.01,1313.63,17763985.9,84625432.9,431697238
593.4,S,34,6636.73,1315.02,17763985.9,84625461.9,431697275
594.4,S,34,6645.51,1316.39,17763985.9,84625461.9,431697278
595.4,S,38,6655.12,1317.92,17763985.9,84625629.3,431697427
596.4,S,34,6666.04,1319.74,17763985.9,84625725.1,431697515
597.4,S,34,6674.65,1321.38,17763985.9,84625725.7,431697524
598.4,S,34,6683.39,1322.75,17763985.9,84625726.6,431697531
599.4,S,34,6692.14,1324.01,17763985.9,84625791.4,431697584
600.4,S,34,6700.92,1325.40,17763985.9,84625791.6,431697589
601.4,S,34,6709.53,1326.85,17763985.9,84625791.8,431697593
602.4,S,38,6717.29,1328.02,17763985.9,84625937.8,431698058
603.4,S,34,6727.12,1329.62,17763985.9,84626055.8,431698475
604.4,S,34,6735.75,1331.21,17763985.9,84626056.0,431698475
605.4,S,34,6744.54,1332.67,17763985.9,84626056.5,431698478
606.4,S,34,6753.26,1334.08,17763985.9,84626056.6,431698481
607.4,S,34,6761.18,1335.49,17763985.9,84626121.3,431698780
608.4,S,34,6769.82,1336.88,17763985.9,84626121.6,431698787
609.4,S,38,6777.15,1337.98,17763985.9,84626224.4,431699112
610.4,S,38,6787.07,1339.32,17763985.9,84626320.2,431699446
611.4,S,34,6795.71,1340.77,17763985.9,84626384.9,431699794
612.4,S,34,6804.49,1342.15,17763985.9,84626385.1,431699797
613.4,S,34,6813.34,1343.53,17763985.9,84626385.6,431699805
614.4,S,34,6822.06,1345.02,17763985.9,84626386.1,431699814
615.4,S,34,6830.66,1346.38,17763985.9,84626450.5,431700018
616.4,S,38,6840.94,1347.78,17763985.9,84626553.7,431700111
617.4,S,34,6848.54,1349.16,17763985.9,84626678.9,431700221
618.4,S,34,6852.99,1349.86,17763985.9,84626679.6,431700225
619.4,S,41,6862.96,1350.67,17763985.9,84626680.3,431700234
620.4,S,41,6874.14,1351.53,17763985.9,84626681.2,431700240
621.4,S,41,6885.31,1352.42,17763985.9,84626682.1,431700245
622.4,S,41,6896.51,1353.22,17763985.9,84626740.9,431700298
623.4,S,41,6907.45,1354.10,17763985.9,84626839.6,431700454
624.4,S,41,6918.64,1354.98,17763985.9,84626865.6,431700539
625.4,S,41,6929.60,1355.84,17763985.9,84626917.5,431700771
626.4,S,41,6938.77,1356.66,17763985.9,84627088.6,431701429
627.4,S,41,6949.71,1357.51,17763985.9,84627168.3,431701711
628.4,S,41,6959.87,1358.31,17763985.9,84627284.3,431702182
629.4,S,41,6965.81,1358.79,17763985.9,84627550.5,431703182
630.5,S,41,6976.32,1359.88,17763985.9,84627690.7,431703718
631.5,S,41,6987.49,1360.78,17763985.9,84627744.9,431703925
632.5,S,41,6998.77,1361.74,17763985.9,84627880.2,431704045
633.5,S,41,7010.14,1362.63,17763985.9,84627931.6,431704094
634.5,S,41,7021.65,1363.55,17763985.9,84628002.8,431704157
635.5,S,41,7030.70,1364.11,17763985.9,84628226.2,431704780
636.5,S,45,7044.46,1365.07,17763985.9,84628333.5,431705148
637.5,S,41,7054.01,1365.69,17763985.9,84628483.2,431705741
638.5,S,41,7064.31,1366.25,17763985.9,84628520.7,431705869
639.5,S,41,7073.11,1366.86,17763985.9,84628691.9,431706496
640.5,S,41,7079.11,1367.48,17763985.9,84628952.4,431707569
641.6,S,41,7088.10,1368.08,17763985.9,84629019.9,431707883
642.6,S,41,7098.18,1368.70,17763985.9,84629083.8,431707944
643.6,S,41,7108.29,1369.34,17763985.9,84629084.0,431707946
644.6,S,41,7118.43,1369.94,17763985.9,84629131.8,431707987
645.6,S,41,7128.38,1370.61,17763985.9,84629314.7,431708151
646.6,S,41,7138.49,1371.27,17763985.9,84629420.7,431708309
647.6,S,41,7148.25,1371.93,17763985.9,84629549.8,431708791
648.6,S,41,7158.45,1372.51,17763985.9,84629550.5,431708793
649.6,S,41,7167.91,1373.18,17763985.9,84629751.8,431709425
650.6,S,41,7176.39,1373.76,17763985.9,84629860.9,431709812
651.6,S,41,7186.62,1374.41,17763985.9,84629878.7,431709860
652.6,S,41,7196.30,1375.13,17763985.9,84630061.9,431710443
653.6,S,41,7206.54,1375.75,17763985.9,84630247.8,431710602
654.6,S,41,7216.76,1376.34,17763985.9,84630345.4,431710700
655.6,S,41,7227.12,1376.94,17763985.9,84630345.6,431710703
656.6,S,41,7237.38,1377.52,17763985.9,84630420.5,431710785
657.6,S,41,7245.65,1378.12,17763985.9,84630656.9,431711517
658.6,S,41,7254.88,1378.73,17763985.9,84630728.7,431711788
659.6,S,41,7265.04,1379.32,17763985.9,84630729.4,431711793
660.6,S,41,7275.11,1379.98,17763985.9,84630858.3,431711903
661.6,S,41,7285.37,1380.58,17763985.9,84630858.6,431711904
662.6,S,40,7294.67,1381.22,17763985.9,84631052.9,431712082
663.6,S,40,7303.18,1381.84,17763985.9,84631276.8,431712621
664.6,S,40,7311.02,1382.42,17763985.9,84631440.7,431713168
665.6,S,40,7320.31,1383.06,17763985.9,84631441.1,431713205
666.6,S,37,7326.98,1383.65,17763985.9,84631662.6,431713951
667.6,S,37,7332.35,1384.19,17763985.9,84631912.6,431714519
668.6,S,38,7341.28,1385.37,17763985.9,84631975.9,431714585
669.6,S,34,7351.35,1387.37,17763985.9,84632071.7,431714678
670.6,S,34,7360.18,1388.88,17763985.9,84632074.7,431714688
671.6,S,34,7369.10,1390.25,17763985.9,84632074.9,431714691
672.6,S,34,7377.73,1391.70,17763985.9,84632175.6,431714787
673.6,S,34,7386.36,1393.07,17763985.9,84632176.0,431714791
674.6,S,38,7395.42,1394.54,17763985.9,84632187.2,431714817
675.6,S,38,7406.89,1396.19,17763985.9,84632247.4,431714965
676.6,S,34,7415.14,1397.53,17763985.9,84632347.9,431715341
677.6,S,34,7423.80,1398.86,17763985.9,84632427.3,431715635
678.6,S,34,7432.52,1400.36,17763985.9,84632427.7,431715640
679.6,S,34,7441.22,1401.83,17763985.9,84632428.3,431715643
680.6,S,34,7449.72,1403.33,17763985.9,84632483.7,431715854
681.6,S,38,7459.30,1404.74,17763985.9,84632501.2,431715930
682.6,S,38,7467.69,1405.92,17763985.9,84632597.1,431716375
683.6,S,34,7476.50,1407.34,17763985.9,84632597.4,431716391
684.6,S,34,7485.08,1408.82,17763985.9,84632627.1,431716485
685.6,S,34,7493.78,1410.22,17763985.9,84632662.6,431716611
686.6,S,34,7502.58,1411.57,17763985.9,84632662.9,431716613
687.6,S,34,7511.37,1412.93,17763985.9,84632663.5,431716620
688.6,S,38,7518.34,1414.01,17763985.9,84632741.9,431716897
689.6,S,38,7529.16,1415.43,17763985.9,84632857.9,431717287
690.6,S,34,7537.65,1416.75,17763985.9,84632902.8,431717532
691.6,S,34,7546.43,1418.05,17763985.9,84632903.1,431717542
692.6,S,34,7555.27,1419.47,17763985.9,84632903.3,431717545
693.6,S,34,7563.68,1420.82,17763985.9,84632968.1,431717790
694.6,S,34,7572.50,1422.25,17763985.9,84632968.3,431717794
695.6,S,34,7579.26,1423.39,17763985.9,84633047.1,431718067
696.6,S,38,7588.96,1424.68,17763985.9,84633107.8,431718281
697.6,S,34,7597.79,1425.94,17763985.9,84633203.7,431718519
698.6,S,34,7606.59,1427.21,17763985.9,84633204.1,431718524
699.6,S,34,7615.47,1428.55,17763985.9,84633204.9,431718526
700.6,S,34,7624.18,1430.01,17763985.9,84633269.7,431718583
701.6,S,34,7632.91,1431.44,17763985.9,84633270.0,431718588
702.6,S,34,7641.60,1432.83,17763985.9,84633270.2,431718591
703.6,S,38,7652.71,1434.32,17763985.9,84633373.4,431718693
704.6,S,34,7661.54,1435.79,17763985.9,84633534.1,431718830
705.6,S,34,7670.28,1437.14,17763985.9,84633534.6,431718835
706.6,S,34,7678.93,1438.55,17763985.9,84633534.8,431718838
707.6,S,34,7687.69,1439.91,17763985.9,84633535.1,431718841
708.6,S,34,7696.04,1441.37,17763985.9,84633599.7,431719129
709.6,S,34,7702.73,1442.66,17763985.9,84633668.3,431719398
710.6,S,38,7713.33,1444.12,17763985.9,84633707.5,431719560
711.6,S,34,7722.45,1445.52,17763985.9,84633803.6,431719897
712.6,S,34,7731.11,1446.88,17763985.9,84633803.8,431719900
713.6,S,34,7739.48,1448.27,17763985.9,84633868.7,431720172
714.6,S,34,7748.11,1449.72,17763985.9,84633868.9,431720173
715.6,S,34,7756.77,1451.13,17763985.9,84633869.2,431720178
716.6,S,34,7763.41,1452.18,17763985.9,84633946.8,431720448
717.6,S,38,7773.87,1453.61,17763985.9,84634037.1,431720791
718.6,S,34,7781.60,1454.87,17763985.9,84634133.2,431721219
719.6,S,34,7790.20,1456.27,17763985.9,84634133.6,431721223
720.6,S,34,7798.95,1457.68,17763985.9,84634133.9,431721229
721.6,S,34,7807.59,1459.12,17763985.9,84634196.0,431721308
722.6,S,34,7816.07,1460.58,17763985.9,84634197.7,431721317
723.6,S,34,7824.85,1461.95,17763985.9,84634198.1,431721321
724.6,S,38,7835.65,1463.51,17763985.9,84634301.0,431721418
725.6,S,34,7845.00,1464.97,17763985.9,84634453.1,431721563
726.6,S,34,7853.62,1466.43,17763985.9,84634461.5,431721571
727.6,S,34,7862.48,1467.69,17763985.9,84634462.4,431721576
728.6,S,34,7871.27,1469.02,17763985.9,84634462.6,431721577
729.6,S,34,7879.64,1470.37,17763985.9,84634527.3,431721661
730.6,S,34,7887.87,1471.72,17763985.9,84634549.8,431721719
731.6,S,38,7896.70,1472.85,17763985.9,84634630.2,431722037
732.6,S,34,7905.68,1474.14,17763985.9,84634726.6,431722349
733.6,S,34,7914.40,1475.62,17763985.9,84634726.8,431722352
734.6,S,34,7922.98,1476.99,17763985.9,84634791.5,431722609
735.6,S,34,7931.58,1478.29,17763985.9,84634791.6,431722612
736.6,S,34,7940.37,1479.69,17763985.9,84634791.9,431722623
737.6,S,34,7948.99,1481.06,17763985.9,84634794.6,431722629
738.6,S,38,7954.51,1481.87,17763985.9,84634959.7,431723205
739.6,S,34,7964.44,1483.36,17763985.9,84635055.6,431723546
740.6,S,34,7973.06,1484.88,17763985.9,84635055.9,431723549
741.6,S,34,7981.78,1486.12,17763985.9,84635056.0,431723551
742.6,S,34,7990.17,1487.44,17763985.9,84635120.7,431723785
743.6,S,34,7998.74,1488.83,17763985.9,84635121.5,431723788
744.7,S,34,8007.47,1490.24,17763985.9,84635121.7,431723793
745.7,S,38,8014.38,1491.24,17763985.9,84635224.4,431724165
746.7,S,38,8024.76,1492.73,17763985.9,84635322.4,431724506
747.7,S,34,8032.31,1493.93,17763985.9,84635384.9,431724766
748.7,S,34,8041.03,1495.45,17763985.9,84635385.5,431724769
749.7,S,34,8049.70,1496.79,17763985.9,84635385.8,431724779
750.7,S,34,8058.27,1498.28,17763985.9,84635385.9,431724782
751.7,S,34,8066.80,1499.67,17763985.9,84635450.6,431725085
752.7,S,38,8073.92,1500.84,17763985.9,84635553.3,431725305
753.7,S,38,8085.99,1502.35,17763985.9,84635636.0,431725379
754.7,S,34,8094.64,1503.72,17763985.9,84635649.9,431725397
755.7,S,34,8103.54,1505.07,17763985.9,84635714.5,431725462
756.7,S,34,8112.16,1506.57,17763985.9,84635714.7,431725465
757.7,S,34,8120.90,1508.04,17763985.9,84635714.9,431725469
758.7,S,34,8129.70,1509.51,17763985.9,84635715.1,431725472
759.7,S,38,8138.25,1510.89,17763985.9,84635882.9,431725655
760.7,S,38,8147.78,1512.24,17763985.9,84635976.3,431726041
761.7,S,34,8156.40,1513.79,17763985.9,84635978.9,431726063
762.7,S,34,8164.99,1515.25,17763985.9,84635979.2,431726073
763.7,S,34,8173.55,1516.58,17763985.9,84636043.7,431726301
764.7,S,34,8182.29,1518.03,17763985.9,84636044.4,431726305
765.7,S,34,8191.17,1519.47,17763985.9,84636044.6,431726311
766.7,S,38,8198.07,1520.49,17763985.9,84636147.5,431726665
767.7,S,38,8209.08,1522.07,17763985.9,84636233.1,431727033
768.7,S,34,8213.72,1522.75,17763985.9,84636308.1,431727316
769.7,S,34,8217.44,1523.28,17763985.9,84636308.7,431727320
770.7,S,34,8221.11,1523.79,17763985.9,84636309.2,431727328
771.7,S,34,8224.53,1524.66,17763985.9,84636361.4,431727491
772.7,S,41,8228.70,1525.29,17763985.9,84636362.0,431727501
773.7,S,41,8239.85,1526.05,17763985.9,84636362.8,431727513
774.7,S,41,8250.89,1526.87,17763985.9,84636363.0,431727515
775.7,S,41,8262.04,1527.63,17763985.9,84636364.2,431727521
776.7,S,41,8271.44,1528.39,17763985.9,84636563.1,431727997
777.7,S,41,8282.36,1529.18,17763985.9,84636694.0,431728115
778.7,S,41,8293.30,1529.98,17763985.9,84636694.4,431728119
779.7,S,41,8304.23,1530.80,17763985.9,84636879.6,431728303
780.7,S,41,8315.08,1531.67,17763985.9,84636898.8,431728357
781.7,S,41,8324.80,1532.39,17763985.9,84637050.9,431728930
782.7,S,41,8336.01,1533.12,17763985.9,84637051.1,431728937
783.7,S,41,8347.14,1533.91,17763985.9,84637051.4,431728939
784.7,S,41,8357.94,1534.68,17763985.9,84637180.7,431729361
785.7,S,41,8368.54,1535.48,17763985.9,84637345.6,431730010
786.7,S,41,8377.69,1536.42,17763985.9,84637691.4,431730722
787.7,S,45,8389.99,1537.29,17763985.9,84637896.7,431730907
788.7,S,45,8400.86,1538.01,17763985.9,84638009.8,431731355
789.7,S,41,8410.98,1538.60,17763985.9,84638046.1,431731477
790.7,S,41,8421.08,1539.16,17763985.9,84638128.6,431731793
791.7,S,41,8430.10,1539.80,17763985.9,84638275.6,431732365
792.7,S,41,8440.08,1540.40,17763985.9,84638298.5,431732458
793.7,S,41,8448.06,1540.99,17763985.9,84638502.4,431733239
794.7,S,41,8456.37,1541.54,17763985.9,84638621.2,431733756
795.7,S,41,8466.42,1542.11,17763985.9,84638621.4,431733762
796.7,S,41,8475.86,1542.67,17763985.9,84638789.3,431734353
797.7,S,41,8485.74,1543.26,17763985.9,84639029.9,431734642
798.7,S,41,8495.73,1543.83,17763985.9,84639069.1,431734679
799.7,S,41,8505.63,1544.41,17763985.9,84639133.6,431734749
800.7,S,41,8514.76,1545.00,17763985.9,84639256.2,431735147
801.7,S,41,8522.80,1545.50,17763985.9,84639429.3,431735664
802.7,S,41,8532.80,1546.07,17763985.9,84639490.7,431735866
803.7,S,41,8541.91,1546.58,17763985.9,84639573.5,431736191
804.7,S,41,8550.83,1547.15,17763985.9,84639723.0,431736757
805.7,S,41,8561.06,1547.70,17763985.9,84639729.3,431736808
806.7,S,41,8569.74,1548.24,17763985.9,84639858.4,431737319
807.7,S,41,8579.72,1548.67,17763985.9,84639888.4,431737420
808.7,S,41,8586.91,1549.16,17763985.9,84640173.9,431738333
809.7,S,41,8596.87,1549.74,17763985.9,84640238.5,431738390
810.7,S,41,8606.78,1550.25,17763985.9,84640367.6,431738509
811.7,S,41,8616.84,1550.74,17763985.9,84640458.7,431738588
812.7,S,41,8625.99,1551.27,17763985.9,84640613.8,431738937
813.7,S,41,8635.74,1551.71,17763985.9,84640737.3,431739211
814.7,S,41,8645.66,1552.09,17763985.9,84640738.1,431739217
815.7,S,41,8655.48,1552.50,17763985.9,84640852.4,431739449
816.7,S,41,8664.09,1552.98,17763985.9,84641071.1,431740128
817.7,S,41,8674.14,1553.32,17763985.9,84641071.4,431740132
818.7,S,40,8682.97,1553.84,17763985.9,84641371.6,431740862
819.7,S,40,8692.00,1554.35,17763985.9,84641515.6,431740997
820.7,S,38,8699.48,1554.68,17763985.9,84641633.7,431741240
821.7,S,35,8704.40,1555.04,17763985.9,84641746.7,431741560
822.7,S,34,8708.07,1555.64,17763985.9,84641809.3,431741704
823.7,S,38,8718.83,1557.82,17763985.9,84641816.6,431741741
824.7,S,34,8727.73,1559.27,17763985.9,84641941.2,431742059
825.7,S,34,8736.45,1560.63,17763985.9,84641943.2,431742068
826.7,S,34,8745.38,1562.05,17763985.9,84641943.5,431742073
827.7,S,34,8754.07,1563.35,17763986.0,84642008.1,431742218
828.7,S,34,8762.81,1564.67,17763986.0,84642008.4,431742221
829.7,S,38,8771.88,1566.05,17763986.0,84642036.8,431742264
830.7,S,34,8783.27,1567.68,17763986.0,84642133.1,431742351
831.7,S,34,8792.13,1569.10,17763986.0,84642245.1,431742450
832.7,S,34,8800.80,1570.42,17763986.0,84642245.4,431742455
833.7,S,34,8809.46,1571.79,17763986.0,84642245.6,431742458
834.7,S,34,8818.28,1573.16,17763986.0,84642245.9,431742461
835.7,S,34,8827.01,1574.49,17763986.0,84642302.5,431742513
836.7,S,38,8837.49,1576.04,17763986.0,84642323.8,431742542
837.8,S,34,8847.50,1577.49,17763986.0,84642419.9,431742732
838.8,S,34,8856.30,1578.75,17763986.0,84642420.3,431742740
839.8,S,34,8864.98,1580.15,17763986.0,84642485.0,431742947
840.8,S,34,8873.60,1581.64,17763986.0,84642485.4,431742962
841.8,S,34,8882.24,1583.13,17763986.0,84642486.2,431742965
842.8,S,34,8890.91,1584.57,17763986.0,84642486.5,431742979
843.8,S,38,8898.32,1585.64,17763986.0,84642630.5,431743632
844.8,S,37,8907.09,1587.08,17763986.0,84642829.9,431744432
845.8,S,34,8913.18,1588.17,17763986.0,84642937.6,431744949
846.8,S,34,8921.67,1589.83,17763987.5,84642938.0,431744964
847.8,S,34,8930.25,1591.32,17763988.2,84642950.4,431745028
848.8,S,34,8938.63,1592.73,17763988.2,84643013.0,431745188
849.8,S,34,8947.27,1594.09,17763988.2,84643013.4,431745194
850.8,S,34,8956.02,1595.59,17763988.2,84643013.6,431745197
851.8,S,38,8967.68,1597.17,17763988.2,84643024.6,431745221
852.8,S,34,8976.40,1598.65,17763988.2,84643183.3,431745362
853.8,S,34,8985.12,1600.24,17763988.2,84643184.0,431745366
854.8,S,34,8994.05,1601.60,17763988.2,84643184.3,431745369
855.8,S,34,9002.90,1602.95,17763988.2,84643184.7,431745375
856.8,S,34,9011.41,1604.30,17763988.2,84643249.3,431745436
857.8,S,38,9020.18,1605.60,17763988.2,84643285.8,431745479
858.8,S,37,9031.43,1607.30,17763988.2,84643344.8,431745610
859.8,S,34,9039.87,1608.76,17763988.2,84643382.9,431745740
860.8,S,34,9047.73,1610.12,17763988.2,84643447.5,431745943
861.8,S,34,9056.38,1611.66,17763988.2,84643447.7,431745948
862.8,S,34,9065.02,1613.04,17763988.2,84643447.9,431745949
863.8,S,34,9073.69,1614.44,17763988.2,84643448.4,431745954
864.8,S,34,9079.46,1615.45,17763988.2,84643566.7,431746361
865.8,S,38,9091.25,1617.15,17763988.2,84643575.6,431746405
866.8,S,34,9099.42,1618.58,17763988.2,84643671.4,431746677
867.8,S,34,9108.23,1619.83,17763988.2,84643671.7,431746679
868.8,S,34,9116.89,1621.19,17763988.2,84643717.2,431746811
869.8,S,34,9125.52,1622.52,17763988.2,84643736.8,431746876
870.8,S,34,9134.23,1623.96,17763988.2,84643736.9,431746883
871.8,S,34,9141.88,1625.26,17763988.2,84643781.3,431747020
872.8,S,38,9152.17,1626.78,17763988.2,84643845.3,431747253
873.8,S,34,9160.22,1628.03,17763988.2,84643985.3,431747847
874.8,S,34,9168.91,1629.46,17763988.2,84643985.9,431747852
875.8,S,34,9177.67,1630.92,17763988.2,84643986.2,431747862
876.8,S,34,9186.31,1632.41,17763988.2,84643986.4,431747864
877.8,S,34,9194.67,1633.73,17763988.2,84644051.2,431748115
878.8,S,34,9203.42,1635.07,17763988.2,84644051.4,431748117
879.8,S,38,9211.38,1636.18,17763988.2,84644154.4,431748488
880.8,S,34,9220.56,1637.64,17763988.2,84644250.4,431748831
881.8,S,34,9228.85,1639.17,17763988.2,84644311.6,431749056
882.8,S,34,9237.79,1640.56,17763988.2,84644312.4,431749060
883.8,S,34,9246.45,1642.03,17763988.2,84644312.6,431749064
884.8,S,34,9255.32,1643.46,17763988.2,84644312.9,431749072
885.8,S,34,9263.75,1644.97,17763988.2,84644378.1,431749159
886.8,S,38,9274.48,1646.41,17763988.2,84644480.9,431749256
887.8,S,34,9283.96,1647.92,17763988.2,84644576.9,431749344
888.8,S,34,9292.92,1649.30,17763988.2,84644577.3,431749347
889.8,S,34,9301.76,1650.67,17763988.2,84644642.1,431749406
890.8,S,34,9310.51,1652.23,17763988.2,84644642.3,431749409
891.8,S,34,9319.11,1653.71,17763988.2,84644642.8,431749412
892.8,S,34,9326.53,1654.87,17763988.2,84644745.3,431749576
893.8,S,38,9338.41,1656.48,17763988.2,84644828.2,431749769
894.8,S,34,9346.79,1657.90,17763988.2,84644905.7,431750000
895.8,S,34,9355.63,1659.32,17763988.2,84644906.0,431750005
896.8,S,34,9364.54,1660.65,17763988.2,84644906.2,431750008
897.8,S,34,9373.27,1662.03,17763988.2,84644971.3,431750226
898.8,S,34,9382.01,1663.43,17763988.2,84644971.5,431750229
899.8,S,34,9387.23,1664.26,17763988.2,84645087.7,431750676
900.8,S,38,9398.83,1665.75,17763988.2,84645106.8,431750757
901.8,S,34,9406.62,1667.00,17763988.2,84645202.8,431751168
902.8,S,34,9415.37,1668.43,17763988.2,84645203.4,431751171
903.8,S,34,9424.40,1669.72,17763988.2,84645203.7,431751176
904.8,S,34,9432.98,1671.17,17763988.2,84645268.7,431751439
905.8,S,34,9441.65,1672.63,17763988.2,84645269.0,431751442
906.8,S,34,9448.48,1673.85,17763988.2,84645363.9,431751785
907.8,S,38,9459.62,1675.44,17763988.2,84645404.8,431751889
908.8,S,34,9468.64,1677.00,17763988.2,84645501.1,431751978
909.8,S,34,9477.28,1678.43,17763988.2,84645501.7,431751983
910.8,S,34,9485.94,1679.82,17763988.2,84645566.7,431752043
911.8,S,34,9494.60,1681.30,17763988.2,84645566.9,431752045
912.8,S,34,9503.39,1682.63,17763988.2,84645567.2,431752048
913.8,S,38,9511.84,1684.01,17763988.2,84645670.3,431752141
914.8,S,36,9524.09,1685.62,17763988.2,84645782.9,431752295
915.8,S,34,9532.16,1687.03,17763988.2,84645831.2,431752472
916.8,S,34,9540.55,1688.51,17763988.2,84645856.0,431752562
917.8,S,34,9549.39,1689.84,17763988.2,84645856.2,431752564
918.8,S,34,9558.11,1691.22,17763988.2,84645856.7,431752567
919.8,S,34,9566.57,1692.66,17763988.2,84645857.1,431752570
920.8,S,34,9572.51,1693.73,17763988.2,84645990.3,431753049
921.8,S,38,9582.90,1695.13,17763988.2,84646025.2,431753229
922.8,S,34,9589.71,1696.15,17763988.2,84646121.1,431753663
923.8,S,34,9593.57,1696.74,17763988.2,84646121.5,431753665
924.8,S,34,9597.24,1697.41,17763988.2,84646186.4,431753928
925.8,S,34,9601.08,1698.02,17763988.2,84646199.6,431753973
926.8,S,34,9605.56,1698.70,17763988.2,84646206.5,431754007
927.8,S,41,9615.39,1699.50,17763988.2,84646235.6,431754115
928.8,S,41,9626.48,1700.37,17763988.2,84646235.8,431754121
929.8,S,41,9637.82,1701.25,17763988.2,84646236.5,431754124
930.8,S,41,9648.92,1702.11,17763988.2,84646327.3,431754425
931.8,S,41,9659.99,1702.98,17763988.2,84646415.3,431754788
932.8,S,41,9669.29,1703.84,17763988.2,84646576.6,431755398
933.8,S,41,9678.61,1704.76,17763988.2,84646829.2,431755935
934.8,S,41,9689.94,1705.66,17763988.2,84646829.5,431755940
935.8,S,41,9701.29,1706.53,17763988.2,84646884.2,431755989
936.8,S,41,9712.27,1707.54,17763988.2,84647079.9,431756185
937.8,S,41,9723.16,1708.46,17763988.2,84647213.1,431756651
938.8,S,41,9734.54,1709.35,17763988.2,84647213.9,431756659
939.8,S,41,9744.92,1710.24,17763988.2,84647371.2,431757405
940.8,S,45,9757.63,1711.07,17763988.2,84647407.0,431757555
941.8,S,44,9767.62,1711.83,17763988.2,84647621.9,431758378
942.8,S,41,9777.39,1712.47,17763988.2,84647744.4,431758592
943.8,S,41,9787.43,1713.12,17763988.2,84647831.2,431758668
944.8,S,41,9797.59,1713.74,17763988.2,84647833.7,431758673
945.8,S,41,9807.16,1714.36,17763988.2,84648145.4,431759146
946.8,S,41,9817.09,1714.98,17763988.2,84648241.6,431759484
947.8,S,41,9827.24,1715.60,17763988.2,84648241.9,431759486
948.8,S,41,9837.07,1716.19,17763988.2,84648377.7,431759903
949.8,S,41,9847.03,1716.89,17763988.2,84648462.7,431760204
950.8,S,41,9854.59,1717.57,17763988.2,84648751.2,431761195
951.8,S,41,9864.56,1718.19,17763988.2,84648829.2,431761504
952.8,S,41,9874.79,1718.91,17763988.2,84648867.1,431761645
953.8,S,41,9884.89,1719.53,17763988.2,84648939.9,431761877
954.8,S,41,9894.90,1720.16,17763988.2,84649014.1,431762140
955.8,S,41,9904.66,1720.80,17763988.2,84649187.9,431762423
956.9,S,41,9914.50,1721.53,17763988.2,84649448.4,431762679
957.9,S,41,9924.21,1722.14,17763988.2,84649528.9,431762892
958.9,S,41,9933.74,1722.76,17763988.2,84649600.6,431763111
959.9,S,41,9943.53,1723.42,17763988.2,84649686.6,431763466
960.9,S,41,9953.73,1724.00,17763988.2,84649687.5,431763471
961.9,S,41,9962.86,1724.60,17763988.2,84649805.9,431763989
962.9,S,41,9972.47,1725.27,17763988.2,84649911.6,431764234
963.9,S,41,9982.18,1725.90,17763988.2,84650120.0,431764641
964.9,S,41,9992.13,1726.55,17763988.2,84650291.3,431764925
965.9,S,41,10002.43,1727.15,17763988.2,84650291.6,431764928
966.9,S,41,10012.72,1727.82,17763988.2,84650292.3,431764933
967.9,S,41,10022.81,1728.49,17763988.2,84650598.4,431765210
968.9,S,41,10031.64,1729.12,17763988.2,84650743.9,431765636
969.9,S,41,10041.71,1729.73,17763988.2,84650807.5,431765803
970.9,S,41,10051.80,1730.39,17763988.2,84650850.0,431765953
971.9,S,41,10061.74,1731.06,17763988.2,84650999.3,431766362
972.9,S,41,10071.63,1731.64,17763988.2,84651077.0,431766669
973.9,S,44,10079.43,1732.20,17763988.2,84651359.2,431767420
974.9,S,40,10090.85,1732.78,17763988.2,84651596.4,431767645
975.9,S,40,10097.75,1732.89,17763988.2,84651596.7,431767649
976.9,S,38,10103.89,1732.99,17763988.2,84651783.1,431767867
977.9,S,35,10106.27,1733.07,17763988.2,84651973.1,431768584
978.9,S,34,10106.52,1733.74,17763988.2,84652051.6,431768852
979.9,S,34,10115.11,1735.01,17763988.2,84652053.4,431768863
980.9,S,34,10123.91,1736.42,17763988.2,84652053.8,431768872
981.9,S,34,10132.67,1737.70,17763988.2,84652054.0,431768875
982.9,S,34,10141.35,1739.13,17763988.2,84652083.5,431768979
983.9,S,34,10149.97,1740.42,17763988.2,84652154.7,431769247
984.9,S,34,10158.74,1741.87,17763988.2,84652155.2,431769249
985.9,S,38,10167.59,1743.06,17763988.2,84652180.3,431769364
986.9,S,38,10177.76,1744.43,17763988.2,84652276.1,431769695
987.9,S,34,10186.23,1745.98,17763988.2,84652340.9,431769928
988.9,S,34,10195.06,1747.31,17763988.2,84652341.8,431769943
989.9,S,34,10203.81,1748.66,17763988.2,84652342.0,431769945
990.9,S,34,10212.57,1749.89,17763988.2,84652350.0,431769965
991.9,S,34,10221.10,1751.35,17763988.2,84652403.1,431770170
992.9,S,38,10230.77,1752.68,17763988.2,84652436.8,431770222
993.9,S,34,10241.80,1754.32,17763988.2,84652532.9,431770310
994.9,S,34,10250.55,1755.77,17763988.2,84652533.6,431770311
995.9,S,34,10259.25,1757.21,17763988.2,84652598.3,431770366
996.9,S,34,10267.75,1758.55,17763988.2,84652598.6,431770370
997.9,S,34,10276.49,1759.84,17763988.2,84652598.8,431770373
998.9,S,34,10285.14,1761.34,17763988.2,84652599.1,431770376
999.9,S,38,10295.37,1762.84,17763988.2,84652741.0,431770505
1000.9,S,34,10305.08,1764.43,17763988.2,84652837.0,431770691
1001.9,S,34,10313.81,1765.84,17763988.2,84652837.3,431770697
1002.9,S,34,10322.30,1767.35,17763988.2,84652893.6,431770856
1003.9,S,34,10330.91,1768.79,17763988.2,84652894.0,431770875
1004.9,S,34,10339.65,1770.27,17763988.2,84652990.2,431771186
1005.9,S,34,10348.38,1771.65,17763988.2,84652992.3,431771204
1006.9,S,38,10359.47,1773.18,17763988.2,84653047.8,431771467
1007.9,S,34,10366.38,1774.41,17763988.2,84653158.4,431771965
1008.9,S,34,10374.95,1775.96,17763988.2,84653158.6,431771970
1009.9,S,34,10383.53,1777.40,17763988.2,84653159.0,431771984
1010.9,S,34,10392.26,1778.83,17763988.2,84653159.3,431771987
1011.9,S,34,10400.72,1780.26,17763988.2,84653224.2,431772197
1012.9,S,34,10409.43,1781.58,17763988.2,84653224.8,431772207
1013.9,S,38,10416.96,1782.68,17763988.2,84653327.6,431772574
1014.9,S,34,10426.08,1784.09,17763988.2,84653423.7,431772933
1015.9,S,34,10434.66,1785.56,17763988.2,84653476.5,431772979
1016.9,S,34,10443.34,1786.95,17763988.2,84653477.1,431772981
1017.9,S,34,10452.06,1788.28,17763988.2,84653477.5,431772982
1018.9,S,34,10460.80,1789.72,17763988.2,84653477.8,431772985
1019.9,S,34,10469.50,1791.09,17763988.2,84653542.5,431773042
1020.9,S,38,10479.36,1792.56,17763988.2,84653645.1,431773137
1021.9,S,34,10489.62,1794.01,17763988.2,84653740.9,431773226
1022.9,S,34,10498.43,1795.56,17763988.2,84653741.4,431773231
1023.9,S,34,10506.83,1797.05,17763988.2,84653806.4,431773338
1024.9,S,34,10515.52,1798.49,17763988.2,84653806.8,431773344
1025.9,S,34,10524.50,1799.83,17763988.2,84653807.3,431773348
1026.9,S,34,10533.09,1801.24,17763988.2,84653852.7,431773501
1027.9,S,38,10540.52,1802.30,17763988.2,84653955.4,431773880
1028.9,S,34,10549.88,1803.58,17763988.2,84654051.7,431774267
1029.9,S,34,10558.59,1805.06,17763988.2,84654052.2,431774272
1030.9,S,34,10566.29,1806.41,17763988.2,84654117.1,431774515
1031.9,S,34,10574.94,1807.84,17763988.2,84654117.4,431774520
1032.9,S,34,10583.75,1809.23,17763988.2,84654117.8,431774527
1033.9,S,34,10592.26,1810.83,17763988.2,84654118.1,431774528
1034.9,S,34,10596.20,1811.49,17763988.2,84654279.0,431775100
1035.9,S,38,10608.25,1813.18,17763988.2,84654286.1,431775134
1036.9,S,34,10615.33,1814.28,17763988.2,84654382.1,431775549
1037.9,S,34,10623.85,1815.73,17763988.2,84654418.3,431775708
1038.9,S,34,10632.54,1817.24,17763988.2,84654418.6,431775710
1039.9,S,34,10641.27,1818.65,17763988.2,84654419.5,431775714
1040.9,S,34,10650.03,1819.96,17763988.2,84654419.7,431775716
1041.9,S,34,10657.89,1821.19,17763988.2,84654510.2,431775990
1042.9,S,38,10667.52,1822.56,17763988.2,84654587.1,431776239
1043.9,S,34,10676.01,1824.00,17763988.2,84654682.9,431776617
1044.9,S,34,10684.83,1825.50,17763988.2,84654683.5,431776620
1045.9,S,34,10693.42,1826.95,17763988.2,84654735.8,431776783
1046.9,S,34,10701.96,1828.41,17763988.2,84654748.4,431776873
1047.9,S,34,10710.56,1829.81,17763988.2,84654748.7,431776875
1048.9,S,38,10718.84,1831.24,17763988.2,84654887.8,431777028
1049.9,S,35,10730.60,1832.93,17763988.2,84654960.4,431777093
1050.9,S,34,10739.41,1834.37,17763988.2,84654984.6,431777117
1051.9,S,34,10748.35,1835.81,17763988.2,84654984.9,431777122
1052.9,S,34,10756.92,1837.40,17763988.2,84655049.5,431777179
1053.9,S,34,10765.60,1838.84,17763988.2,84655049.8,431777182
1054.9,S,34,10774.37,1840.18,17763988.2,84655078.6,431777217
1055.9,S,38,10782.86,1841.43,17763988.2,84655181.6,431777404
1056.9,S,34,10792.93,1842.89,17763988.2,84655318.7,431777797
1057.9,S,34,10801.00,1844.16,17763988.2,84655342.0,431777876
1058.9,S,34,10809.66,1845.48,17763988.2,84655342.2,431777879
1059.9,S,34,10818.20,1846.91,17763988.2,84655375.1,431778053
1060.9,S,34,10827.09,1848.26,17763988.2,84655375.9,431778066
1061.9,S,34,10835.83,1849.62,17763988.2,84655376.0,431778067
1062.9,S,34,10840.78,1850.36,17763988.2,84655470.0,431778554
1063.9,S,38,10852.84,1851.92,17763988.2,84655548.2,431778772
1064.9,S,34,10860.23,1853.14,17763988.2,84655639.3,431779083
1065.9,S,34,10869.17,1854.43,17763988.2,84655640.0,431779085
1066.9,S,34,10877.96,1855.78,17763988.2,84655640.1,431779087
1067.9,S,34,10886.40,1857.18,17763988.2,84655704.8,431779262
1068.9,S,34,10895.11,1858.64,17763988.2,84655705.0,431779264
1069.9,S,34,10902.35,1859.81,17763988.2,84655757.6,431779461
1070.9,S,38,10912.60,1861.28,17763988.2,84655843.7,431779627
1072.0,S,34,10922.12,1862.82,17763988.2,84655940.1,431779713
1073.0,S,34,10931.02,1864.28,17763988.2,84655940.4,431779718
1074.0,S,34,10939.89,1865.58,17763988.2,84655940.7,431779721
1075.0,S,34,10948.43,1866.99,17763988.2,84656005.2,431779781
1076.0,S,34,10957.25,1868.48,17763988.2,84656005.5,431779786
1077.0,S,38,10966.25,1869.83,17763988.2,84656108.3,431779878
1078.0,S,34,10976.90,1871.18,17763988.2,84656204.4,431780041
1079.0,S,34,10979.91,1871.64,17763988.2,84656268.9,431780241
1080.0,S,34,10983.26,1872.23,17763988.2,84656276.0,431780287
1081.0,S,34,10986.79,1872.70,17763988.2,84656276.2,431780291
1082.0,S,34,10990.21,1873.23,17763988.2,84656276.7,431780293
1083.0,S,34,10993.72,1873.72,17763988.2,84656277.1,431780297
1084.0,S,34,10997.18,1874.23,17763988.2,84656341.8,431780532
1085.0,S,34,11000.69,1874.71,17763988.2,84656342.2,431780537
1086.0,S,34,11004.15,1875.24,17763988.2,84656342.4,431780543
1087.0,S,34,11007.89,1875.67,17763988.2,84656430.6,431780930
1088.0,S,34,11011.42,1876.18,17763988.2,84656469.3,431781046
1089.0,S,34,11014.98,1876.72,17763988.2,84656495.8,431781139
1090.0,S,34,11018.49,1877.22,17763988.2,84656496.1,431781140
1091.0,S,34,11021.98,1877.75,17763988.2,84656496.2,431781142
1092.0,S,34,11025.45,1878.32,17763988.2,84656496.7,431781152
1093.0,S,34,11028.97,1878.82,17763988.2,84656561.4,431781460
1094.0,S,34,11032.33,1879.37,17763988.2,84656583.0,431781554
1095.0,S,34,11036.16,1879.99,17763988.2,84656588.9,431781583
1096.0,S,34,11040.00,1880.59,17763988.2,84656589.0,431781586
1097.0,S,34,11043.83,1881.27,17763988.2,84656589.3,431781590
1098.0,S,34,11047.41,1881.88,17763988.2,84656663.7,431781883
1099.0,S,34,11051.27,1882.51,17763988.2,84656726.0,431782108
1100.0,S,34,11055.10,1883.19,17763988.2,84656726.4,431782119
1101.0,S,34,11059.02,1883.78,17763988.2,84656726.9,431782124
1102.0,S,34,11062.89,1884.41,17763988.2,84656727.1,431782131
1103.0,S,34,11066.76,1885.00,17763988.2,84656791.8,431782355
1104.0,S,38,11072.49,1885.57,17763988.2,84656858.2,431782462
1105.0,S,34,11077.93,1886.05,17763988.2,84656954.2,431782553
1106.0,S,34,11081.02,1886.51,17763988.2,84656954.4,431782556
1107.0,S,34,11084.13,1886.92,17763988.2,84657019.2,431782613
1108.0,S,34,11087.40,1887.38,17763988.2,84657037.1,431782633
1109.0,S,41,11093.27,1887.86,17763988.2,84657066.4,431782662
1110.0,S,41,11103.61,1888.44,17763988.2,84657067.0,431782666
1111.0,S,41,11113.94,1889.02,17763988.2,84657067.3,431782672
1112.0,S,41,11124.23,1889.64,17763988.2,84657160.3,431782753
1113.0,S,41,11134.41,1890.25,17763988.2,84657211.6,431782855
1114.0,S,41,11142.70,1890.84,17763988.2,84657397.4,431783403
1115.0,S,41,11153.05,1891.42,17763988.2,84657398.0,431783412
1116.0,S,41,11162.33,1892.07,17763988.2,84657495.8,431783772
1117.0,S,41,11172.27,1892.73,17763988.2,84657600.0,431784154
1118.0,S,41,11181.71,1893.39,17763988.2,84657776.4,431784724
1119.0,S,41,11190.12,1894.01,17763988.2,84657912.6,431785166
1120.0,S,41,11200.36,1894.63,17763988.2,84658009.4,431785254
1121.0,S,41,11210.90,1895.29,17763988.2,84658009.8,431785257
1122.0,S,41,11221.41,1895.91,17763988.2,84658078.2,431785326
1123.0,S,41,11231.65,1896.58,17763988.2,84658274.8,431785567
1124.0,S,41,11240.70,1897.25,17763988.2,84658464.6,431786207
1125.0,S,41,11251.05,1897.83,17763988.2,84658556.6,431786474
1126.0,S,41,11261.18,1898.49,17763988.2,84658674.9,431786846
1127.0,S,41,11271.17,1899.16,17763988.2,84658776.2,431787157
1128.0,S,41,11280.79,1899.86,17763988.2,84658912.0,431787743
1129.0,S,41,11290.22,1900.43,17763988.2,84659035.4,431788249
1130.0,S,41,11300.06,1901.00,17763988.2,84659140.9,431788658
1131.0,S,41,11310.40,1901.72,17763988.2,84659141.2,431788664
1132.0,S,41,11319.52,1902.34,17763988.2,84659266.9,431788987
1133.0,S,41,11329.47,1903.02,17763988.2,84659525.9,431789208
1134.0,S,41,11339.40,1903.69,17763988.2,84659664.6,431789505
1135.0,S,41,11349.53,1904.33,17763988.2,84659721.8,431789763
1136.0,S,41,11359.66,1904.99,17763988.2,84659770.2,431789954
1137.0,S,41,11369.68,1905.64,17763988.2,84659844.8,431790233
1138.0,S,45,11378.40,1906.17,17763988.2,84660019.0,431790828
1139.0,S,45,11388.17,1906.71,17763988.2,84660203.8,431791548
1140.0,S,41,11396.63,1906.93,17763988.2,84660262.3,431791679
1141.0,S,41,11404.18,1907.07,17763988.2,84660470.1,431791862
1142.0,S,41,11411.97,1907.19,17763988.2,84660599.0,431791974
1143.0,S,41,11419.73,1907.35,17763988.2,84660654.2,431792076
1144.0,S,41,11427.53,1907.46,17763988.2,84660701.1,431792177
1145.0,S,41,11435.25,1907.61,17763988.2,84660757.4,431792347
1146.0,S,41,11442.75,1907.74,17763988.2,84660906.8,431792742
1147.0,S,41,11447.96,1907.93,17763988.2,84661249.8,431793613
1148.0,S,41,11455.35,1908.05,17763988.2,84661328.4,431793869
1149.0,S,41,11463.19,1908.17,17763988.2,84661346.5,431793924
1150.0,S,41,11470.87,1908.30,17763988.2,84661465.9,431794142
1151.0,S,41,11478.80,1908.38,17763988.2,84661466.7,431794147
1152.0,S,41,11486.60,1908.53,17763988.2,84661563.1,431794235
1153.0,S,41,11494.06,1908.68,17763988.2,84661852.5,431794691
1154.0,S,41,11500.47,1908.83,17763988.2,84662147.7,431795655
1155.0,S,41,11508.22,1908.98,17763988.2,84662191.8,431795779
1156.0,S,40,11514.25,1909.08,17763988.2,84662349.9,431796338
1157.0,S,40,11521.08,1909.19,17763988.2,84662366.9,431796412
1158.0,S,36,11524.08,1909.30,17763988.2,84662626.6,431796904
1159.0,S,35,11525.03,1909.33,17763988.2,84662753.3,431797012
1160.0,S,34,11527.94,1910.38,17763988.2,84662755.4,431797026
1161.0,S,34,11536.61,1911.83,17763988.2,84662756.2,431797029
1162.0,S,34,11545.51,1913.12,17763988.2,84662757.9,431797032
1163.0,S,34,11554.13,1914.53,17763988.2,84662758.2,431797035
1164.0,S,34,11562.81,1916.11,17763988.2,84662822.8,431797093
1165.0,S,34,11571.50,1917.52,17763988.2,84662823.2,431797096
1166.0,S,34,11580.21,1918.87,17763988.2,84662873.3,431797230
1167.0,S,38,11592.08,1920.49,17763988.2,84662877.0,431797260
1168.0,S,34,11599.41,1921.69,17763988.2,84663030.5,431797776
1169.0,S,34,11608.26,1923.05,17763988.2,84663037.4,431797804
1170.0,S,34,11617.02,1924.43,17763988.2,84663037.7,431797805
1171.0,S,34,11625.47,1925.86,17763988.2,84663079.7,431797951
1172.0,S,34,11633.80,1927.28,17763988.2,84663134.1,431798125
1173.0,S,34,11641.95,1928.60,17763988.2,84663190.9,431798313
1174.0,S,38,11653.27,1930.20,17763988.2,84663213.0,431798405
1175.0,S,34,11661.11,1931.52,17763988.2,84663308.9,431798794
1176.0,S,34,11669.62,1932.89,17763988.2,84663373.6,431798992
1177.0,S,34,11678.27,1934.38,17763988.2,84663373.9,431798995
1178.0,S,34,11687.05,1935.61,17763988.2,84663374.9,431799004
1179.0,S,34,11695.55,1937.02,17763988.2,84663375.2,431799009
1180.0,S,34,11703.79,1938.44,17763988.2,84663399.9,431799088
1181.0,S,38,11711.10,1939.42,17763988.2,84663494.2,431799521
1182.0,S,34,11721.01,1940.95,17763988.2,84663590.1,431799644
1183.0,S,34,11729.65,1942.38,17763988.2,84663590.7,431799644
1184.0,S,34,11738.16,1943.90,17763988.2,84663644.4,431799693
1185.0,S,34,11746.77,1945.30,17763988.2,84663644.9,431799698
1186.0,S,34,11755.46,1946.67,17763988.2,84663645.1,431799701
1187.0,S,34,11764.11,1948.03,17763988.2,84663645.4,431799706
1188.0,S,38,11774.97,1949.73,17763988.2,84663771.1,431799823
1189.1,S,34,11784.53,1951.28,17763988.2,84663867.5,431799920
1190.1,S,34,11793.29,1952.71,17763988.2,84663867.8,431799927
1191.1,S,34,11801.95,1954.13,17763988.2,84663868.2,431799930
1192.1,S,34,11810.59,1955.66,17763988.2,84663913.3,431800033
1193.1,S,34,11819.13,1957.07,17763988.2,84663933.1,431800104
1194.1,S,34,11826.67,1958.51,17763988.2,84663993.8,431800314
1195.1,S,38,11836.37,1959.80,17763988.2,84664059.6,431800563
1196.1,S,34,11844.78,1961.01,17763988.2,84664155.7,431800979
1197.1,S,34,11853.40,1962.57,17763988.2,84664156.0,431800983
1198.1,S,34,11862.00,1963.97,17763988.2,84664220.6,431801188
1199.1,S,34,11870.65,1965.35,17763988.2,84664220.9,431801192
1200.1,S,34,11879.36,1966.69,17763988.2,84664221.4,431801197
1201.1,S,34,11888.01,1968.07,17763988.2,84664221.6,431801201
1202.1,S,38,11896.24,1969.25,17763988.2,84664324.6,431801543
1203.1,S,34,11904.82,1970.54,17763988.2,84664484.8,431802104
1204.1,S,34,11913.29,1972.01,17763988.2,84664485.0,431802107
1205.1,S,34,11921.80,1973.43,17763988.2,84664507.7,431802222
1206.1,S,34,11930.48,1974.90,17763988.2,84664507.9,431802224
1207.1,S,34,11939.04,1976.35,17763988.2,84664508.5,431802230
1208.1,S,34,11947.68,1977.68,17763988.2,84664508.7,431802237
1209.1,S,38,11953.95,1978.65,17763988.2,84664675.9,431802843
1210.1,S,38,11964.58,1980.06,17763988.2,84664757.6,431803110
1211.1,S,34,11972.91,1981.37,17763988.2,84664772.3,431803173
1212.1,S,34,11981.74,1982.75,17763988.2,84664772.7,431803176
1213.1,S,34,11990.23,1984.10,17763988.3,84664837.5,431803532
1214.1,S,34,11999.05,1985.53,17763988.3,84664837.7,431803535
1215.1,S,34,12007.56,1987.03,17763988.3,84664860.1,431803558
1216.1,S,38,12017.08,1988.48,17763988.3,84664963.0,431803655
1217.1,S,34,12027.70,1990.11,17763988.3,84665059.0,431803741
1218.1,S,34,12036.22,1991.62,17763988.3,84665059.9,431803746
1219.1,S,34,12045.03,1992.94,17763988.3,84665124.8,431803805
1220.1,S,34,12053.72,1994.42,17763988.3,84665125.3,431803813
1221.1,S,34,12062.35,1995.83,17763988.3,84665125.6,431803816
1222.1,S,34,12070.98,1997.29,17763988.3,84665126.8,431803830
1223.1,S,38,12079.90,1998.69,17763988.3,84665267.4,431804098
1224.1,S,34,12090.29,2000.15,17763988.3,84665390.2,431804570
1225.1,S,34,12098.83,2001.79,17763988.3,84665412.7,431804646
1226.1,S,34,12107.72,2003.17,17763988.3,84665412.7,431804646
1227.1,S,34,12116.62,2004.58,17763988.3,84665412.9,431804647
1228.1,S,34,12125.39,2006.05,17763988.3,84665413.4,431804655
1229.1,S,34,12133.88,2007.49,17763988.3,84665464.6,431804813
1230.1,S,38,12141.39,2008.53,17763988.3,84665581.7,431805252
1231.1,S,34,12151.41,2009.96,17763988.3,84665677.6,431805559
1232.1,S,34,12160.10,2011.47,17763988.3,84665677.9,431805562
1233.1,S,34,12169.01,2012.71,17763988.3,84665678.3,431805568
1234.1,S,34,12177.40,2014.05,17763988.3,84665743.1,431805825
1235.1,S,34,12186.03,2015.49,17763988.3,84665765.5,431805905
1236.1,S,34,12194.82,2016.89,17763988.3,84665765.7,431805911
1237.1,S,38,12201.67,2017.86,17763988.3,84665868.6,431806367
1238.1,S,34,12212.34,2019.38,17763988.3,84665964.8,431806455
1239.1,S,34,12221.02,2020.77,17763988.3,84666029.6,431806512
1240.1,S,34,12229.62,2022.24,17763988.3,84666030.2,431806514
1241.1,S,34,12238.51,2023.63,17763988.3,84666030.4,431806519
1242.1,S,34,12247.32,2024.99,17763988.3,84666030.7,431806522
1243.1,S,34,12255.93,2026.39,17763988.3,84666068.8,431806556
1244.1,S,38,12267.05,2027.81,17763988.3,84666209.3,431806686
1245.1,S,34,12275.99,2029.28,17763988.3,84666305.3,431806914
1246.1,S,34,12284.69,2030.77,17763988.3,84666305.9,431806918
1247.1,S,34,12293.32,2032.37,17763988.3,84666306.1,431806919
1248.1,S,34,12301.74,2033.88,17763988.3,84666370.8,431807144
1249.1,S,34,12310.50,2035.37,17763988.3,84666371.2,431807147
1250.1,S,34,12318.62,2036.56,17763988.3,84666398.1,431807230
1251.1,S,38,12327.44,2037.81,17763988.3,84666474.5,431807546
1252.1,S,34,12336.66,2039.26,17763988.3,84666573.7,431807911
1253.1,S,34,12345.31,2040.58,17763988.3,84666635.2,431808181
1254.1,S,34,12353.86,2042.02,17763988.3,84666649.5,431808236
1255.1,S,34,12362.48,2043.46,17763988.3,84666650.0,431808241
1256.1,S,34,12371.31,2044.85,17763988.3,84666650.3,431808248
1257.1,S,34,12379.54,2046.16,17763988.3,84666665.0,431808299
1258.1,S,38,12385.45,2046.97,17763988.3,84666817.9,431808831
1259.1,S,34,12395.23,2048.23,17763988.3,84666913.9,431809127
1260.1,S,34,12403.87,2049.61,17763988.3,84666914.3,431809128
1261.1,S,34,12412.49,2051.02,17763988.3,84666914.5,431809133
1262.1,S,34,12421.02,2052.32,17763988.3,84666979.2,431809393
1263.1,S,34,12429.70,2053.51,17763988.3,84666979.9,431809396
1264.1,S,34,12438.50,2054.98,17763988.3,84666980.3,431809406
1265.1,S,38,12443.48,2055.78,17763988.3,84667128.3,431809909
1266.1,S,38,12454.75,2057.28,17763988.3,84667180.6,431810070
1267.1,S,34,12458.54,2057.82,17763988.3,84667225.0,431810240
1268.1,S,34,12461.69,2058.22,17763988.3,84667225.3,431810243
1269.1,S,34,12464.83,2058.62,17763988.3,84667267.4,431810281
1270.1,S,34,12467.95,2059.02,17763988.3,84667290.5,431810301
1271.1,S,34,12471.00,2059.52,17763988.3,84667290.9,431810303
1272.1,S,34,12474.13,2059.96,17763988.3,84667291.2,431810308
1273.1,S,34,12477.21,2060.41,17763988.3,84667355.7,431810365
1274.1,S,34,12480.35,2060.82,17763988.3,84667356.2,431810369
1275.1,S,34,12483.50,2061.21,17763988.3,84667356.4,431810369
1276.1,S,34,12486.59,2061.69,17763988.3,84667356.8,431810372
1277.1,S,34,12489.66,2062.16,17763988.3,84667421.4,431810434
1278.1,S,34,12492.77,2062.67,17763988.3,84667524.5,431810526
1279.1,S,34,12496.20,2063.24,17763988.3,84667525.0,431810527
1280.1,S,34,12499.77,2063.66,17763988.3,84667525.7,431810532
1281.1,S,34,12503.35,2064.10,17763988.3,84667526.3,431810536
1282.1,S,34,12506.82,2064.57,17763988.3,84667590.9,431810610
1283.1,S,34,12510.05,2065.13,17763988.3,84667603.1,431810719
1284.1,S,34,12513.57,2065.57,17763988.3,84667657.9,431810928
1285.1,S,34,12517.15,2066.03,17763988.3,84667686.1,431811058
1286.1,S,34,12520.74,2066.48,17763988.3,84667686.5,431811071
1287.1,S,34,12524.05,2067.11,17763988.3,84667751.6,431811296
1288.1,S,34,12527.55,2067.63,17763988.3,84667751.8,431811303
1289.1,S,34,12531.05,2068.09,17763988.3,84667797.2,431811453
1290.1,S,34,12534.54,2068.56,17763988.3,84667797.4,431811456
1291.1,S,34,12538.06,2069.06,17763988.3,84667862.1,431811673
1292.1,S,34,12541.69,2069.54,17763988.3,84667862.5,431811678
1293.1,S,34,12545.17,2070.06,17763988.3,84667863.0,431811683
1294.1,S,34,12548.68,2070.57,17763988.3,84667908.9,431811829
1295.1,S,34,12552.58,2071.10,17763988.3,84667909.2,431811834
1296.1,S,38,12556.66,2071.69,17763988.3,84667923.9,431811893
1297.1,S,38,12563.45,2072.26,17763988.3,84667972.0,431812001
1298.1,S,34,12567.11,2072.74,17763988.3,84668025.3,431812162
1299.1,S,34,12570.18,2073.21,17763988.3,84668112.8,431812415
1300.1,S,34,12573.26,2073.67,17763988.3,84668113.1,431812417
1301.1,S,34,12576.44,2074.07,17763988.3,84668113.3,431812424
1302.1,S,34,12579.56,2074.53,17763988.3,84668168.7,431812606
1303.1,S,41,12583.30,2075.00,17763988.3,84668169.3,431812612
1304.1,S,41,12593.74,2075.58,17763988.3,84668169.9,431812615
1305.1,S,41,12604.07,2076.25,17763988.3,84668170.2,431812616
1306.1,S,41,12614.20,2076.91,17763988.3,84668207.2,431812771
1307.1,S,41,12624.13,2077.55,17763988.3,84668297.6,431813076
1308.2,S,41,12634.25,2078.18,17763988.3,84668549.0,431813296
1309.2,S,41,12644.54,2078.80,17763988.3,84668549.6,431813299
1310.2,S,41,12654.91,2079.45,17763988.3,84668550.0,431813308
1311.2,S,41,12664.28,2080.11,17763988.3,84668803.7,431813914
1312.2,S,41,12673.05,2080.79,17763988.3,84668997.2,431814498
1313.2,S,41,12683.23,2081.40,17763988.3,84669059.3,431814747
1314.2,S,41,12693.54,2082.01,17763988.3,84669060.1,431814754
1315.2,S,41,12703.66,2082.67,17763988.3,84669141.0,431815028
1316.2,S,41,12713.95,2083.29,17763988.3,84669204.2,431815246
1317.2,S,41,12722.11,2083.95,17763988.3,84669424.8,431816037
1318.2,S,41,12731.46,2084.58,17763988.3,84669533.6,431816527
1319.3,S,41,12741.24,2085.23,17763988.3,84669740.6,431816996
1320.3,S,41,12751.50,2085.84,17763988.3,84669764.1,431817017
1321.3,S,41,12761.83,2086.45,17763988.3,84669824.5,431817072
1322.3,S,41,12772.23,2087.06,17763988.3,84669867.0,431817112
1323.3,S,41,12781.47,2087.68,17763988.3,84670155.3,431817607
1324.3,S,41,12791.92,2088.26,17763988.3,84670155.7,431817607
1325.3,S,41,12801.00,2088.90,17763988.3,84670340.5,431818191
1326.3,S,41,12811.40,2089.56,17763988.3,84670341.1,431818196
1327.3,S,41,12819.33,2090.22,17763988.3,84670572.9,431819017
1328.3,S,41,12829.56,2090.82,17763988.3,84670625.7,431819277
1329.3,S,41,12839.62,2091.48,17763988.3,84670707.4,431819607
1330.3,S,45,12849.82,2092.11,17763988.3,84670873.2,431819762
1331.3,S,45,12863.22,2092.81,17763988.3,84671091.7,431819971
1332.3,S,41,12871.00,2093.08,17763988.3,84671240.7,431820499
1333.3,S,41,12878.73,2093.19,17763988.3,84671288.6,431820667
1334.3,S,41,12886.26,2093.34,17763988.3,84671385.4,431821031
1335.3,S,41,12893.83,2093.47,17763988.3,84671500.1,431821357
1336.3,S,41,12899.14,2093.60,17763988.3,84671740.2,431822267
1337.3,S,41,12906.07,2093.73,17763988.3,84671819.3,431822562
1338.3,S,41,12913.96,2093.84,17763988.3,84671819.4,431822563
1339.3,S,41,12921.54,2093.97,17763988.3,84671874.6,431822755
1340.3,S,41,12926.30,2094.11,17763988.3,84672178.3,431823526
1341.3,S,41,12934.00,2094.25,17763988.3,84672405.0,431823718
1342.3,S,41,12941.89,2094.37,17763988.3,84672406.0,431823725
1343.3,S,41,12949.69,2094.49,17763988.3,84672448.5,431823828
1344.3,S,41,12957.29,2094.63,17763988.3,84672560.4,431824123
1345.3,S,41,12964.15,2094.77,17763988.3,84672718.3,431824651
1346.3,S,41,12971.79,2094.91,17763988.3,84672763.8,431824811
1347.3,S,41,12979.28,2095.03,17763988.3,84672875.2,431825220
1348.3,S,41,12985.68,2095.16,17763988.3,84673030.6,431825731
1349.3,S,41,12991.72,2095.33,17763988.3,84673360.1,431826249
1350.3,S,41,12999.62,2095.43,17763988.3,84673369.6,431826262
1351.3,S,40,13007.09,2095.56,17763988.3,84673529.4,431826451
1352.3,S,39,13012.82,2095.70,17763988.3,84673696.7,431826906
1353.3,S,38,13017.58,2095.78,17763988.3,84673775.0,431827141
1354.3,S,35,13020.70,2095.86,17763988.3,84673913.7,431827523
1355.3,S,34,13021.76,2096.04,17763988.3,84674024.3,431827946
1356.3,S,34,13026.14,2097.27,17763988.3,84674025.9,431827979
1357.3,S,34,13034.85,2098.59,17763988.3,84674026.3,431827985
1358.3,S,34,13043.49,2099.98,17763988.3,84674028.2,431827991
1359.3,S,34,13052.17,2101.37,17763988.3,84674028.5,431827995
1360.3,S,34,13060.47,2102.75,17763988.3,84674093.1,431828240
1361.3,S,34,13069.16,2104.17,17763988.3,84674149.4,431828436
1362.3,S,34,13077.89,2105.59,17763988.3,84674149.6,431828447
1363.3,S,38,13088.74,2107.08,17763988.3,84674175.2,431828570
1364.3,S,34,13097.44,2108.42,17763988.3,84674335.6,431828863
1365.3,S,34,13106.41,2109.80,17763988.3,84674335.9,431828865
1366.3,S,34,13115.10,2111.29,17763988.3,84674336.3,431828868
1367.3,S,34,13123.87,2112.70,17763988.3,84674336.5,431828872
1368.3,S,34,13132.63,2114.01,17763988.3,84674390.4,431828921
1369.3,S,38,13141.26,2115.31,17763988.3,84674424.3,431828963
1370.3,S,35,13153.31,2117.01,17763988.3,84674505.7,431829042
1371.3,S,34,13162.00,2118.40,17763988.3,84674520.7,431829061
1372.3,S,34,13170.63,2119.88,17763988.3,84674585.3,431829128
1373.3,S,34,13179.35,2121.27,17763988.3,84674585.6,431829132
1374.3,S,34,13188.11,2122.69,17763988.3,84674586.4,431829139
1375.3,S,34,13196.58,2124.13,17763988.3,84674586.7,431829143
1376.3,S,38,13203.61,2125.32,17763988.3,84674710.2,431829590
1377.3,S,38,13214.50,2126.86,17763988.3,84674748.6,431829780
1378.3,S,34,13222.48,2128.37,17763988.3,84674834.6,431830095
1379.3,S,34,13231.06,2129.84,17763988.3,84674835.0,431830100
1380.3,S,34,13239.84,2131.19,17763988.3,84674835.2,431830108
1381.3,S,34,13248.54,2132.68,17763988.3,84674835.9,431830114
1382.3,S,34,13256.29,2134.13,17763988.3,84674900.5,431830353
1383.3,S,34,13263.58,2135.22,17763988.3,84674958.1,431830553
1384.3,S,38,13274.99,2136.75,17763988.3,84674985.6,431830657
1385.3,S,34,13283.61,2138.16,17763988.3,84675081.6,431830970
1386.3,S,34,13292.16,2139.55,17763988.3,84675114.6,431831114
1387.3,S,34,13300.78,2140.90,17763988.3,84675146.9,431831255
1388.3,S,34,13309.31,2142.43,17763988.3,84675175.4,431831422
1389.3,S,34,13317.95,2143.87,17763988.3,84675176.1,431831428
1390.3,S,34,13324.87,2144.98,17763988.3,84675234.9,431831668
1391.3,S,38,13332.55,2146.09,17763988.3,84675351.0,431832079
1392.3,S,34,13341.63,2147.53,17763988.3,84675447.4,431832406
1393.3,S,34,13350.39,2149.02,17763988.3,84675448.0,431832416
1394.3,S,34,13359.18,2150.42,17763988.3,84675448.1,431832416
1395.3,S,34,13367.82,2151.89,17763988.3,84675448.6,431832420
1396.3,S,34,13376.16,2153.27,17763988.3,84675513.2,431832735
1397.3,S,34,13385.16,2154.55,17763988.3,84675514.0,431832739
1398.3,S,38,13396.22,2156.06,17763988.3,84675616.8,431832834
1399.3,S,34,13405.69,2157.64,17763988.3,84675712.8,431832925
1400.3,S,34,13414.17,2159.14,17763988.3,84675775.0,431832983
1401.3,S,34,13422.92,2160.60,17763988.3,84675775.5,431832992
1402.3,S,34,13431.90,2162.03,17763988.3,84675775.7,431832993
1403.3,S,34,13440.58,2163.48,17763988.3,84675776.2,431832997
1404.3,S,38,13446.79,2164.57,17763988.3,84675943.6,431833343
1405.3,S,38,13459.05,2166.37,17763988.3,84675960.2,431833389
1406.3,S,34,13466.63,2167.60,17763988.3,84676040.1,431833691
1407.3,S,34,13475.35,2168.94,17763988.3,84676040.3,431833696
1408.3,S,34,13484.13,2170.24,17763988.3,84676075.7,431833790
1409.3,S,34,13492.64,2171.87,17763988.3,84676112.6,431833922
1410.3,S,34,13501.44,2173.27,17763988.3,84676113.0,431833925
1411.3,S,38,13507.72,2174.32,17763988.3,84676215.7,431834235
1412.3,S,38,13520.31,2176.01,17763988.3,84676229.2,431834282
1413.3,S,34,13527.99,2177.39,17763988.3,84676376.1,431834758
1414.3,S,34,13536.73,2178.82,17763988.3,84676376.7,431834770
1415.3,S,34,13545.37,2180.28,17763988.3,84676377.1,431834776
1416.3,S,34,13554.09,2181.70,17763988.3,84676377.3,431834784
1417.3,S,34,13562.98,2183.14,17763988.3,84676400.5,431834846
1418.3,S,34,13567.50,2184.09,17763988.3,84676544.5,431835424
1419.3,S,38,13579.42,2185.81,17763988.3,84676552.8,431835460
1420.3,S,34,13588.03,2187.28,17763988.3,84676649.0,431835617
1421.3,S,34,13596.75,2188.62,17763988.3,84676649.2,431835618
1422.3,S,34,13605.57,2189.83,17763988.3,84676649.6,431835623
1423.3,S,34,13614.35,2191.26,17763988.3,84676714.2,431835676
1424.3,S,34,13623.32,2192.55,17763988.3,84676714.5,431835680
1425.3,S,38,13631.89,2193.85,17763988.3,84676817.6,431835784
1426.3,S,34,13643.35,2195.40,17763988.3,84676913.6,431835881
1427.3,S,34,13651.71,2196.90,17763988.3,84676985.3,431836020
1428.3,S,34,13660.33,2198.25,17763988.3,84676986.0,431836024
1429.3,S,34,13668.83,2199.69,17763988.3,84676986.2,431836029
1430.3,S,34,13677.51,2201.16,17763988.3,84676986.8,431836039
1431.3,S,34,13686.29,2202.56,17763988.3,84676987.0,431836040
1432.3,S,34,13691.93,2203.61,17763988.3,84677154.5,431836599
1433.3,S,38,13704.14,2205.25,17763988.3,84677167.8,431836642
1434.3,S,34,13711.77,2206.43,17763988.3,84677251.2,431836931
1435.3,S,34,13720.43,2207.88,17763988.3,84677251.3,431836933
1436.3,S,34,13728.93,2209.29,17763988.3,84677316.2,431837164
1437.3,S,34,13737.46,2210.85,17763988.3,84677323.5,431837189
1438.3,S,34,13746.24,2212.26,17763988.3,84677323.9,431837197
1439.3,S,34,13754.02,2213.48,17763988.3,84677367.9,431837308
1440.4,S,38,13763.56,2214.76,17763988.3,84677427.1,431837554
1441.4,S,34,13771.05,2215.94,17763988.3,84677587.5,431838129
1442.4,S,34,13779.55,2217.32,17763988.3,84677602.8,431838223
1443.4,S,34,13788.29,2218.70,17763988.3,84677603.1,431838226
1444.4,S,34,13797.09,2219.99,17763988.3,84677603.5,431838236
1445.4,S,34,13806.01,2221.38,17763988.3,84677604.1,431838247
1446.4,S,34,13814.63,2222.89,17763988.3,84677636.5,431838344
1447.4,S,38,13820.76,2223.77,17763988.3,84677771.6,431838928
1448.4,S,34,13830.50,2225.19,17763988.3,84677868.0,431839264
1449.4,S,34,13839.18,2226.38,17763988.3,84677868.3,431839270
1450.4,S,34,13848.04,2227.87,17763988.3,84677868.6,431839273
1451.4,S,34,13855.69,2229.27,17763988.3,84677933.7,431839493
1452.4,S,34,13864.49,2230.75,17763988.3,84677940.8,431839502
1453.4,S,34,13873.10,2232.12,17763988.3,84677941.6,431839506
1454.4,S,38,13882.06,2233.55,17763988.3,84678044.4,431839602
1455.4,S,34,13893.38,2235.07,17763988.3,84678140.4,431839692
1456.4,S,34,13901.99,2236.40,17763988.3,84678205.4,431839752
1457.4,S,34,13910.69,2237.77,17763988.3,84678205.8,431839757
1458.4,S,34,13919.42,2239.17,17763988.3,84678206.1,431839760
1459.4,S,34,13928.09,2240.66,17763988.3,84678206.8,431839765
1460.4,S,34,13936.83,2242.13,17763988.3,84678278.4,431839832
1461.4,S,38,13945.88,2243.55,17763988.3,84678381.6,431840022
1462.4,S,34,13955.10,2244.91,17763988.3,84678478.3,431840245
1463.4,S,34,13958.24,2245.36,17763988.3,84678478.6,431840250
1464.4,S,34,13961.23,2245.83,17763988.3,84678543.2,431840393
1465.4,S,34,13964.30,2246.34,17763988.3,84678543.8,431840400
1466.4,S,34,13967.51,2246.70,17763988.3,84678544.0,431840408
1467.4,S,34,13970.58,2247.12,17763988.3,84678580.6,431840522
1468.4,S,34,13974.02,2247.67,17763988.3,84678593.1,431840567
1469.4,S,34,13977.54,2248.13,17763988.3,84678593.3,431840571
1470.4,S,34,13981.02,2248.65,17763988.3,84678593.5,431840577
1471.4,S,34,13984.47,2249.18,17763988.3,84678594.0,431840580
1472.4,S,34,13987.82,2249.78,17763988.3,84678658.7,431840814
1473.4,S,34,13991.30,2250.29,17763988.3,84678659.3,431840819
1474.4,S,34,13994.82,2250.73,17763988.3,84678749.5,431841060
1475.4,S,34,13998.28,2251.21,17763988.3,84678749.8,431841065
1476.4,S,34,14001.85,2251.72,17763988.3,84678821.4,431841129
1477.4,S,34,14005.78,2252.29,17763988.3,84678821.7,431841132
1478.4,S,34,14009.71,2252.90,17763988.3,84678822.0,431841133
1479.4,S,34,14013.63,2253.44,17763988.3,84678891.4,431841197
1480.4,S,34,14017.55,2254.01,17763988.3,84678956.0,431841254
1481.4,S,34,14021.48,2254.60,17763988.3,84678956.5,431841259
1482.4,S,34,14025.37,2255.22,17763988.3,84678956.7,431841262
1483.4,S,34,14029.32,2255.77,17763988.3,84678957.0,431841264
1484.4,S,34,14033.17,2256.44,17763988.3,84679070.2,431841362
1485.4,S,34,14037.17,2257.18,17763988.3,84679084.2,431841402
1486.4,S,34,14041.64,2257.89,17763988.3,84679084.5,431841408
1487.4,S,38,14047.65,2258.57,17763988.3,84679097.9,431841468
1488.4,S,34,14053.76,2259.25,17763988.3,84679193.9,431841691
1489.4,S,34,14057.10,2259.83,17763988.3,84679258.5,431841834
1490.4,S,34,14060.60,2260.34,17763988.3,84679259.2,431841845
1491.4,S,34,14064.08,2260.84,17763988.3,84679259.5,431841847
1492.4,S,34,14067.63,2261.35,17763988.3,84679259.9,431841848
1493.4,S,34,14071.14,2261.80,17763988.3,84679260.2,431841855
1494.4,S,34,14074.69,2262.44,17763988.3,84679331.3,431842064
1495.4,S,34,14078.53,2263.08,17763988.3,84679363.5,431842253
1496.4,S,41,14089.39,2263.77,17763988.3,84679364.3,431842258
1497.4,S,41,14100.25,2264.53,17763988.3,84679365.2,431842263
1498.4,S,41,14111.04,2265.27,17763988.3,84679365.4,431842264
1499.4,S,41,14121.37,2266.07,17763988.3,84679463.0,431842529
1500.4,S,41,14132.05,2266.82,17763988.3,84679497.3,431842621
1501.4,S,41,14141.41,2267.56,17763988.3,84679675.9,431843232
1502.4,S,41,14151.06,2268.31,17763988.3,84679957.3,431843840
1503.4,S,41,14161.79,2269.03,17763988.3,84679958.1,431843842
1504.4,S,41,14172.49,2269.77,17763988.3,84679958.4,431843845
1505.4,S,41,14183.38,2270.48,17763988.3,84680010.9,431843892
1506.4,S,41,14193.55,2271.25,17763988.3,84680297.4,431844511
1507.4,S,41,14203.84,2272.01,17763988.3,84680399.8,431844862
1508.4,S,41,14214.08,2272.76,17763988.3,84680560.9,431845426
1509.4,S,41,14224.65,2273.52,17763988.3,84680601.7,431845585
1510.4,S,41,14235.17,2274.26,17763988.3,84680683.2,431845868
1511.4,S,41,14244.10,2274.99,17763988.3,84680847.0,431846508
1512.4,S,41,14253.42,2275.73,17763988.3,84680946.5,431846893
1513.4,S,41,14263.21,2276.51,17763988.3,84681085.1,431847386
1514.4,S,41,14273.28,2277.30,17763988.3,84681142.1,431847582
1515.4,S,45,14286.03,2278.07,17763988.3,84681228.1,431847671
1516.4,S,41,14296.09,2278.50,17763988.3,84681538.6,431848025
1517.4,S,41,14303.80,2278.63,17763988.3,84681578.4,431848210
1518.4,S,41,14310.30,2278.75,17763988.3,84681714.8,431848737
1519.4,S,41,14316.72,2278.88,17763988.3,84681898.5,431849387
1520.4,S,41,14323.05,2279.03,17763988.3,84682064.8,431849976
1521.4,S,41,14330.79,2279.15,17763988.3,84682104.3,431850122
1522.4,S,41,14338.47,2279.29,17763988.3,84682163.0,431850336
1523.4,S,41,14345.97,2279.44,17763988.3,84682269.7,431850713
1524.4,S,41,14350.83,2279.59,17763988.3,84682508.4,431851516
1525.4,S,41,14358.64,2279.73,17763988.3,84682597.5,431851594
1526.4,S,41,14366.42,2279.87,17763988.3,84682752.0,431851726
1527.4,S,41,14374.22,2279.99,17763988.3,84682839.2,431851824
1528.4,S,41,14381.86,2280.13,17763988.3,84682914.0,431852073
1529.4,S,41,14388.70,2280.26,17763988.3,84683056.7,431852590
1530.4,S,41,14394.35,2280.39,17763988.3,84683181.6,431853132
1531.4,S,41,14401.79,2280.54,17763988.3,84683309.3,431853575
1532.4,S,41,14409.24,2280.68,17763988.3,84683438.5,431854001
1533.4,S,41,14416.76,2280.84,17763988.3,84683644.0,431854297
1534.4,S,41,14424.60,2280.97,17763988.3,84683703.7,431854355
1535.4,S,41,14432.39,2281.11,17763988.3,84683834.7,431854468
1536.4,S,41,14440.14,2281.22,17763988.3,84683897.8,431854624
1537.4,S,41,14447.00,2281.35,17763988.3,84684024.3,431855000
1538.4,S,41,14454.70,2281.47,17763988.3,84684095.8,431855194
1539.4,S,41,14461.18,2281.61,17763988.3,84684309.6,431855843
1540.4,S,41,14468.78,2281.73,17763988.3,84684380.3,431856151
1541.4,S,41,14476.06,2281.87,17763988.3,84684554.0,431856781
1542.4,S,41,14483.89,2282.00,17763988.3,84684580.5,431856854
1543.4,S,40,14489.51,2282.12,17763988.3,84684825.1,431857641
1544.4,S,40,14496.30,2282.23,17763988.3,84684835.5,431857727
1545.4,S,40,14502.73,2282.37,17763988.3,84685034.9,431858035
1546.4,S,39,14509.47,2282.49,17763988.3,84685170.0,431858155
1547.4,S,35,14511.05,2282.56,17763988.3,84685396.6,431858595
1548.4,S,34,14511.94,2283.35,17763988.3,84685423.4,431858676
1549.4,S,34,14520.47,2284.82,17763988.3,84685424.5,431858687
1550.4,S,34,14529.24,2286.35,17763988.3,84685424.9,431858697
1551.4,S,34,14538.21,2287.66,17763988.3,84685425.4,431858699
1552.4,S,34,14546.93,2289.09,17763988.3,84685427.1,431858704
1553.4,S,34,14555.22,2290.54,17763988.3,84685491.9,431858943
1554.4,S,34,14563.84,2291.94,17763988.3,84685492.1,431858946
1555.4,S,38,14573.20,2293.38,17763988.3,84685517.4,431859099
1556.4,S,34,14582.34,2294.77,17763988.3,84685613.3,431859478
1557.4,S,34,14590.29,2296.06,17763988.3,84685678.3,431859718
1558.5,S,34,14598.88,2297.54,17763988.3,84685678.8,431859722
1559.5,S,34,14607.52,2298.93,17763988.3,84685679.1,431859732
1560.5,S,34,14616.10,2300.34,17763988.3,84685697.2,431859798
1561.5,S,34,14624.73,2301.83,17763988.3,84685729.7,431859931
1562.5,S,38,14633.40,2303.11,17763988.3,84685780.8,431860118
1563.5,S,38,14642.80,2304.42,17763988.3,84685877.0,431860531
1564.5,S,34,14651.67,2305.81,17763988.3,84685877.5,431860538
1565.5,S,34,14660.23,2307.31,17763988.3,84685942.2,431860721
1566.5,S,34,14668.87,2308.83,17763988.3,84685942.4,431860724
1567.5,S,34,14677.71,2310.09,17763988.3,84685942.7,431860727
1568.5,S,34,14686.56,2311.55,17763988.3,84685943.3,431860731
1569.5,S,38,14696.39,2313.10,17763988.3,84686084.3,431860859
1570.5,S,34,14706.73,2314.74,17763988.3,84686191.2,431860958
1571.5,S,34,14715.45,2316.13,17763988.3,84686191.4,431860959
1572.5,S,34,14724.15,2317.62,17763988.3,84686191.7,431860961
1573.5,S,34,14732.89,2319.02,17763988.3,84686192.2,431860964
1574.5,S,34,14741.55,2320.48,17763988.3,84686257.3,431861023
1575.5,S,34,14750.14,2321.86,17763988.3,84686257.5,431861027
1576.5,S,38,14758.94,2323.07,17763988.3,84686359.8,431861271
1577.5,S,34,14768.13,2324.46,17763988.3,84686456.0,431861667
1578.5,S,34,14776.21,2325.87,17763988.3,84686520.9,431861901
1579.5,S,34,14784.92,2327.22,17763988.3,84686539.6,431861989
1580.5,S,34,14793.55,2328.63,17763988.3,84686540.4,431861997
1581.5,S,34,14802.10,2330.05,17763988.3,84686540.6,431862002
1582.5,S,34,14810.86,2331.49,17763988.3,84686541.1,431862004
1583.5,S,38,14816.69,2332.34,17763988.3,84686651.3,431862440
1584.5,S,38,14828.42,2333.92,17763988.3,84686736.6,431862821
1585.5,S,34,14836.57,2335.32,17763988.3,84686805.2,431863084
1586.5,S,34,14845.27,2336.79,17763988.3,84686805.5,431863093
1587.5,S,34,14853.97,2338.24,17763988.3,84686805.6,431863095
1588.5,S,34,14862.46,2339.69,17763988.3,84686870.4,431863345
1589.5,S,34,14871.00,2341.21,17763988.3,84686888.5,431863420
1590.5,S,38,14877.42,2342.25,17763988.3,84686991.8,431863791
1591.5,S,38,14888.39,2343.73,17763988.3,84687041.5,431863971
1592.5,S,34,14896.85,2345.09,17763988.3,84687087.9,431864228
1593.5,S,34,14905.65,2346.51,17763988.3,84687097.3,431864261
1594.5,S,34,14914.17,2347.96,17763988.3,84687152.9,431864469
1595.5,S,34,14922.88,2349.37,17763988.3,84687154.0,431864484
1596.5,S,34,14931.43,2350.80,17763988.3,84687154.2,431864493
1597.5,S,38,14937.98,2351.82,17763988.3,84687257.2,431864774
1598.5,S,38,14950.11,2353.42,17763988.3,84687393.2,431864891
1599.5,S,34,14958.62,2354.89,17763988.3,84687434.2,431864934
1600.5,S,34,14967.23,2356.36,17763988.3,84687435.0,431864940
1601.5,S,34,14975.88,2357.75,17763988.3,84687435.2,431864943
1602.5,S,34,14984.41,2359.18,17763988.3,84687435.5,431864946
1603.5,S,34,14993.11,2360.65,17763988.3,84687500.2,431865003
1604.5,S,38,15001.49,2362.02,17763988.3,84687603.0,431865109
1605.5,S,38,15012.29,2363.51,17763988.3,84687692.6,431865340
1606.5,S,34,15020.91,2364.82,17763988.3,84687699.7,431865370
1607.5,S,34,15029.23,2366.16,17763988.3,84687764.3,431865584
1608.5,S,34,15037.91,2367.55,17763988.3,84687776.1,431865628
1609.5,S,34,15046.72,2368.90,17763988.3,84687776.4,431865637
1610.5,S,34,15055.43,2370.29,17763988.3,84687776.7,431865639
1611.5,S,34,15061.36,2371.15,17763988.3,84687877.8,431866015
1612.5,S,38,15073.19,2372.77,17763988.3,84687954.7,431866320
1613.5,S,34,15080.65,2373.99,17763988.3,84688040.9,431866619
1614.5,S,34,15089.25,2375.42,17763988.3,84688041.1,431866624
1615.5,S,34,15097.88,2376.81,17763988.3,84688041.6,431866635
1616.5,S,34,15106.56,2378.20,17763988.3,84688041.9,431866636
1617.5,S,34,15115.06,2379.63,17763988.3,84688106.7,431866886
1618.5,S,34,15122.12,2380.81,17763988.3,84688168.1,431867096
1619.5,S,38,15132.81,2382.39,17763988.3,84688209.7,431867245
1620.5,S,34,15140.56,2383.68,17763988.3,84688305.4,431867533
1621.5,S,34,15149.14,2385.11,17763988.3,84688370.0,431867593
1622.5,S,34,15157.71,2386.70,17763988.3,84688385.1,431867614
1623.5,S,34,15166.43,2388.02,17763988.3,84688385.8,431867621
1624.5,S,34,15175.10,2389.69,17763988.3,84688386.1,431867623
1625.5,S,34,15183.30,2390.89,17763988.3,84688456.2,431867687
1626.5,S,38,15195.13,2392.51,17763988.3,84688560.4,431867777
1627.5,S,34,15203.85,2393.84,17763988.3,84688649.9,431867891
1628.5,S,34,15212.60,2395.23,17763988.3,84688650.7,431867896
1629.5,S,34,15221.24,2396.63,17763988.3,84688650.9,431867901
1630.5,S,34,15229.72,2397.95,17763988.3,84688715.7,431868148
1631.5,S,34,15238.31,2399.36,17763988.3,84688715.9,431868149
1632.5,S,34,15246.15,2400.52,17763988.3,84688746.8,431868254
1633.5,S,38,15254.99,2401.78,17763988.3,84688868.8,431868710
1634.5,S,34,15263.38,2403.07,17763988.3,84688964.9,431869108
1635.5,S,34,15271.93,2404.42,17763988.3,84688965.5,431869118
1636.5,S,34,15280.68,2405.83,17763988.3,84688965.6,431869119
1637.5,S,34,15289.28,2407.35,17763988.3,84688975.4,431869150
1638.5,S,34,15297.64,2408.75,17763988.3,84689030.8,431869420
1639.5,S,34,15306.29,2410.14,17763988.3,84689031.3,431869424
1640.5,S,38,15313.35,2411.20,17763988.3,84689134.1,431869798
1641.5,S,38,15322.96,2412.50,17763988.3,84689224.4,431870226
1642.5,S,34,15330.79,2414.02,17763988.3,84689284.0,431870513
1643.5,S,34,15339.49,2415.51,17763988.3,84689284.8,431870525
1644.5,S,34,15348.09,2417.01,17763988.3,84689285.2,431870533
1645.5,S,34,15356.74,2418.42,17763988.3,84689285.9,431870537
1646.5,S,34,15364.26,2419.77,17763988.3,84689350.7,431870824
1647.5,S,34,15370.38,2420.60,17763988.3,84689441.6,431871168
1648.5,S,38,15382.26,2422.23,17763988.3,84689454.0,431871225
1649.5,S,34,15389.33,2423.41,17763988.3,84689550.4,431871522
1650.5,S,34,15397.98,2424.88,17763988.3,84689610.7,431871579
1651.5,S,34,15406.68,2426.25,17763988.3,84689610.9,431871581
1652.5,S,34,15415.34,2427.63,17763988.3,84689611.3,431871586
1653.5,S,34,15424.12,2429.12,17763988.3,84689611.5,431871588
1654.5,S,38,15432.07,2430.47,17763988.3,84689779.1,431871737
1655.5,S,35,15443.91,2432.11,17763988.3,84689875.3,431871825
1656.5,S,34,15447.63,2432.66,17763988.3,84689875.6,431871840
1657.5,S,34,15451.15,2433.15,17763988.3,84689875.9,431871842
1658.5,S,34,15454.66,2433.73,17763988.3,84689937.6,431871968
1659.5,S,34,15458.50,2434.41,17763988.3,84689938.0,431871971
1660.5,S,34,15462.36,2435.04,17763988.3,84689938.6,431871981
1661.5,S,34,15466.35,2435.58,17763988.3,84689938.8,431871985
1662.5,S,34,15470.14,2436.27,17763988.3,84689970.9,431872084
1663.5,S,34,15474.14,2436.92,17763988.3,84690031.9,431872324
1664.5,S,34,15478.07,2437.51,17763988.3,84690054.5,431872398
1665.5,S,34,15481.75,2438.04,17763988.3,84690122.0,431872644
1666.5,S,34,15485.60,2438.68,17763988.3,84690122.4,431872656
1667.5,S,34,15489.67,2439.38,17763988.3,84690183.9,431873031
1668.5,S,34,15494.15,2440.13,17763988.3,84690184.3,431873045
1669.5,S,34,15498.60,2440.85,17763988.3,84690184.5,431873049
1670.5,S,34,15503.07,2441.58,17763988.3,84690184.9,431873066
1671.5,S,34,15507.46,2442.39,17763988.3,84690249.7,431873276
1672.5,S,34,15511.98,2443.10,17763988.3,84690250.2,431873297
1673.5,S,34,15516.42,2443.79,17763988.3,84690250.4,431873300
1674.5,S,34,15520.92,2444.49,17763988.3,84690250.7,431873305
1675.5,S,34,15525.03,2445.19,17763988.3,84690362.8,431873686
1676.6,S,38,15531.80,2446.08,17763988.3,84690401.7,431873821
1677.6,S,34,15538.38,2446.86,17763988.3,84690498.0,431874131
1678.6,S,34,15542.34,2447.41,17763988.3,84690498.3,431874134
1679.6,S,34,15546.21,2447.99,17763988.3,84690498.6,431874138
1680.6,S,34,15550.03,2448.70,17763988.3,84690563.2,431874438
1681.6,S,34,15553.85,2449.28,17763988.3,84690619.8,431874636
1682.6,S,34,15557.70,2449.95,17763988.3,84690620.2,431874637
1683.6,S,34,15561.60,2450.53,17763988.3,84690620.8,431874647
1684.6,S,34,15565.56,2451.36,17763988.3,84690682.0,431874873
1685.6,S,34,15570.06,2452.10,17763988.3,84690682.3,431874875
1686.6,S,34,15574.48,2452.84,17763988.3,84690712.4,431874986
1687.6,S,34,15578.94,2453.56,17763988.3,84690719.6,431875012
1688.6,S,34,15583.49,2454.25,17763988.3,84690784.6,431875270
1689.6,S,34,15587.88,2454.99,17763988.3,84690784.9,431875281
1690.6,S,34,15592.32,2455.75,17763988.3,84690785.1,431875284
1691.6,S,34,15596.78,2456.39,17763988.3,84690785.3,431875286
1692.6,S,34,15601.29,2457.09,17763988.3,84690846.4,431875526
1693.6,S,34,15606.57,2457.94,17763988.3,84690847.1,431875542
1694.6,S,34,15611.70,2458.84,17763988.3,84690847.5,431875544
1695.6,S,34,15616.93,2459.69,17763988.3,84690847.8,431875549
1696.6,S,34,15622.03,2460.61,17763988.3,84690847.9,431875551
1697.6,S,38,15627.36,2461.51,17763988.3,84690939.1,431875640
1698.6,S,38,15635.41,2462.35,17763988.3,84690967.3,431875666
1699.6,S,34,15637.01,2462.50,17763988.3,84691035.8,431875731
1700.6,S,34,15638.00,2462.51,17763988.3,84691036.1,431875737
1701.6,S,34,15638.94,2462.54,17763988.3,84691100.6,431875795
1702.6,S,34,15639.86,2462.60,17763988.3,84691121.9,431875819
1703.6,S,41,15643.25,2462.64,17763988.3,84691122.4,431875825
1704.6,S,41,15651.14,2462.76,17763988.3,84691123.0,431875832
1705.6,S,41,15659.03,2462.87,17763988.3,84691132.4,431875846
1706.6,S,41,15666.86,2462.98,17763988.3,84691212.2,431875917
1707.6,S,41,15674.62,2463.12,17763988.3,84691304.6,431876102
1708.6,S,41,15681.88,2463.27,17763988.3,84691476.1,431876649
1709.6,S,41,15689.33,2463.42,17763988.3,84691599.1,431877006
1710.6,S,41,15696.67,2463.58,17763988.3,84691755.1,431877522
1711.6,S,41,15702.44,2463.71,17763988.3,84691935.0,431878217
1712.6,S,41,15710.33,2463.81,17763988.3,84691957.7,431878285
1713.6,S,41,15717.97,2463.98,17763988.3,84692252.0,431878537
1714.6,S,41,15725.16,2464.11,17763988.3,84692362.1,431878732
1715.6,S,41,15732.76,2464.23,17763988.3,84692424.7,431878943
1716.6,S,41,15740.26,2464.35,17763988.3,84692501.8,431879319
1717.6,S,41,15746.28,2464.45,17763988.3,84692634.9,431880005
1718.6,S,41,15752.32,2464.60,17763988.3,84692830.4,431880734
1719.6,S,41,15759.71,2464.75,17763988.3,84692924.0,431881090
1720.6,S,41,15766.16,2464.87,17763988.3,84693039.6,431881588
1721.6,S,41,15772.37,2465.01,17763988.3,84693200.0,431882158
1722.6,S,41,15780.18,2465.14,17763988.3,84693311.8,431882254
1723.6,S,41,15788.01,2465.27,17763988.3,84693370.0,431882314
1724.6,S,41,15795.66,2465.42,17763988.3,84693526.0,431882448
1725.6,S,41,15803.40,2465.54,17763988.3,84693606.7,431882617
1726.6,S,41,15810.13,2465.68,17763988.3,84693771.4,431883308
1727.6,S,41,15817.57,2465.79,17763988.3,84693884.6,431883805
1728.6,S,41,15825.03,2465.90,17763988.3,84694004.1,431884248
1729.6,S,41,15831.67,2466.03,17763988.3,84694114.1,431884646
1730.6,S,41,15839.55,2466.16,17763988.3,84694114.6,431884649
1731.6,S,41,15847.37,2466.28,17763988.3,84694134.8,431884712
1732.6,S,41,15852.35,2466.42,17763988.3,84694434.8,431885701
1733.7,S,41,15859.76,2466.59,17763988.3,84694657.9,431886060
1734.7,S,41,15867.58,2466.70,17763988.3,84694734.0,431886128
1735.7,S,41,15875.42,2466.83,17763988.3,84694781.9,431886177
1736.7,S,41,15882.92,2466.97,17763988.3,84694954.2,431886439
1737.7,S,41,15890.04,2467.10,17763988.3,84695128.3,431886921
1738.7,S,41,15897.86,2467.21,17763988.3,84695152.8,431886994
1739.7,S,41,15905.39,2467.33,17763988.3,84695297.8,431887376
1740.7,S,41,15913.07,2467.49,17763988.3,84695473.7,431887531
1741.7,S,41,15920.86,2467.63,17763988.3,84695606.3,431887648
1742.7,S,41,15928.75,2467.74,17763988.3,84695606.7,431887650
1743.7,S,41,15936.62,2467.88,17763988.3,84695607.4,431887654
1744.7,S,41,15941.95,2468.04,17763988.3,84695932.3,431888470
1745.7,S,41,15948.86,2468.19,17763988.3,84696076.4,431888960
1746.7,S,41,15956.55,2468.33,17763988.3,84696145.9,431889162
1747.7,S,41,15964.06,2468.48,17763988.3,84696269.5,431889465
1748.7,S,41,15971.22,2468.64,17763988.3,84696500.9,431889972
1749.7,S,40,15977.99,2468.76,17763988.3,84696653.6,431890116
1750.7,S,40,15984.90,2468.85,17763988.3,84696653.8,431890120
1751.7,S,40,15991.49,2469.00,17763988.3,84696885.3,431890431
1752.7,S,38,15996.10,2469.12,17763988.3,84697036.6,431890853
1753.7,S,34,15996.72,2469.26,17763988.3,84697156.1,431891339
1754.7,S,34,16000.41,2470.48,17763988.3,84697159.2,431891371
1755.7,S,34,16009.14,2471.82,17763988.3,84697159.7,431891376
1756.7,S,34,16017.89,2473.24,17763988.3,84697159.9,431891377
1757.7,S,34,16026.79,2474.64,17763988.3,84697160.3,431891382
1758.7,S,34,16035.16,2476.08,17763988.3,84697225.4,431891596
1759.7,S,34,16043.85,2477.50,17763988.3,84697225.8,431891609
1760.7,S,38,16052.52,2478.88,17763988.3,84697250.4,431891704
1761.7,S,38,16063.70,2480.46,17763988.3,84697332.4,431891911
1762.8,S,34,16072.57,2481.81,17763988.3,84697347.1,431891958
1763.8,S,34,16080.63,2483.32,17763988.3,84697418.5,431892172
1764.8,S,34,16089.32,2484.91,17763988.3,84697419.4,431892184
1765.8,S,34,16098.33,2486.24,17763988.3,84697419.9,431892187
1766.8,S,34,16107.02,2487.63,17763988.3,84697420.4,431892191
1767.8,S,38,16114.97,2488.76,17763988.3,84697535.0,431892582
1768.8,S,34,16126.04,2490.27,17763988.3,84697630.8,431892843
1769.8,S,34,16134.53,2491.68,17763988.3,84697631.5,431892849
1770.8,S,34,16143.30,2493.10,17763988.3,84697631.7,431892858
1771.8,S,34,16151.92,2494.50,17763988.3,84697632.3,431892862
1772.8,S,34,16160.07,2495.95,17763988.3,84697703.3,431893172
1773.8,S,34,16168.99,2497.38,17763988.3,84697703.8,431893181
1774.8,S,38,16175.93,2498.45,17763988.3,84697780.4,431893475
1775.8,S,38,16186.81,2499.96,17763988.3,84697838.3,431893678
1776.8,S,34,16194.88,2501.40,17763988.3,84697877.2,431893851
1777.8,S,34,16203.35,2502.80,17763988.3,84697942.3,431894092
1778.8,S,34,16212.10,2504.18,17763988.3,84697942.6,431894095
1779.8,S,34,16220.86,2505.60,17763988.3,84697942.9,431894099
1780.8,S,34,16229.58,2506.92,17763988.3,84697943.4,431894104
1781.8,S,34,16235.56,2507.89,17763988.3,84698106.8,431894591
1782.8,S,38,16247.27,2509.46,17763988.3,84698115.5,431894658
1783.8,S,34,16254.87,2510.73,17763988.3,84698211.9,431895108
1784.8,S,34,16263.55,2512.18,17763988.3,84698212.1,431895111
1785.8,S,34,16272.22,2513.70,17763988.3,84698212.7,431895115
1786.8,S,34,16280.63,2514.93,17763988.3,84698277.3,431895448
1787.8,S,34,16289.17,2516.27,17763988.3,84698277.6,431895458
1788.8,S,34,16297.78,2517.60,17763988.3,84698280.3,431895465
1789.8,S,38,16304.94,2518.61,17763988.3,84698381.0,431895914
1790.8,S,34,16313.64,2519.97,17763988.3,84698493.1,431896391
1791.8,S,34,16322.07,2521.53,17763988.3,84698548.1,431896607
1792.8,S,34,16330.90,2522.85,17763988.3,84698548.3,431896607
1793.8,S,34,16339.68,2524.13,17763988.3,84698548.6,431896610
1794.8,S,34,16348.15,2525.52,17763988.3,84698548.9,431896616
1795.8,S,34,16356.40,2527.03,17763988.3,84698614.0,431896896
1796.8,S,38,16362.37,2527.86,17763988.3,84698716.8,431897384
1797.8,S,38,16372.89,2529.20,17763988.3,84698794.2,431897692
1798.8,S,34,16381.53,2530.62,17763988.3,84698813.3,431897779
1799.8,S,34,16389.95,2532.04,17763988.3,84698869.3,431898003
1800.8,S,34,16398.69,2533.46,17763988.3,84698870.0,431898007
1801.8,S,34,16407.45,2534.87,17763988.3,84698870.2,431898017
1802.8,S,34,16416.14,2536.18,17763988.3,84698870.8,431898022
1803.8,S,34,16421.21,2537.07,17763988.3,84698975.2,431898475
1804.8,S,38,16430.43,2538.18,17763988.3,84699038.5,431898743
1805.8,S,34,16438.86,2539.55,17763988.3,84699134.6,431899165
1806.8,S,34,16447.30,2541.08,17763988.3,84699171.9,431899297
1807.8,S,34,16456.04,2542.48,17763988.3,84699172.3,431899306
1808.8,S,34,16464.58,2543.93,17763988.3,84699172.7,431899312
1809.8,S,34,16473.05,2545.32,17763988.3,84699173.1,431899314
1810.8,S,34,16481.65,2546.81,17763988.3,84699217.1,431899481
1811.8,S,38,16488.50,2547.80,17763988.3,84699340.7,431899973
1812.8,S,34,16498.64,2549.22,17763988.3,84699436.4,431900309
1813.8,S,34,16507.32,2550.58,17763988.3,84699437.1,431900315
1814.8,S,34,16515.82,2552.04,17763988.3,84699489.6,431900482
1815.8,S,34,16524.62,2553.52,17763988.3,84699489.9,431900485
1816.8,S,34,16533.40,2555.04,17763988.3,84699490.2,431900492
1817.8,S,34,16542.20,2556.22,17763988.3,84699490.7,431900495
1818.8,S,38,16549.08,2557.13,17763988.3,84699657.8,431901091
1819.8,S,34,16559.66,2558.67,17763988.3,84699754.0,431901183
1820.8,S,34,16568.52,2560.05,17763988.3,84699754.2,431901185
1821.8,S,34,16577.13,2561.41,17763988.3,84699754.6,431901189
1822.8,S,34,16585.79,2562.75,17763988.3,84699807.3,431901238
1823.8,S,34,16594.58,2564.11,17763988.3,84699807.6,431901241
1824.8,S,34,16603.19,2565.60,17763988.3,84699808.9,431901253
1825.8,S,38,16613.50,2567.17,17763988.3,84699912.5,431901350
1826.8,S,34,16623.33,2568.79,17763988.3,84700073.1,431901646
1827.8,S,34,16632.13,2570.22,17763988.3,84700073.7,431901653
1828.8,S,34,16640.86,2571.65,17763988.3,84700073.9,431901656
1829.8,S,34,16649.40,2573.23,17763988.3,84700074.5,431901663
1830.8,S,34,16657.88,2574.76,17763988.3,84700127.0,431901845
1831.8,S,34,16666.47,2576.10,17763988.3,84700129.1,431901883
1832.8,S,38,16672.51,2576.98,17763988.3,84700232.1,431902348
1833.8,S,38,16682.84,2578.43,17763988.3,84700312.6,431902636
1834.8,S,34,16691.31,2579.90,17763988.3,84700392.9,431902935
1835.8,S,34,16700.08,2581.26,17763988.3,84700393.6,431902944
1836.8,S,34,16708.74,2582.62,17763988.3,84700393.7,431902946
1837.8,S,34,16717.39,2584.06,17763988.3,84700393.9,431902950
1838.8,S,34,16725.89,2585.63,17763988.3,84700446.8,431903121
1839.8,S,34,16731.57,2586.63,17763988.3,84700545.7,431903518
1840.8,S,38,16743.45,2588.39,17763988.3,84700555.8,431903556
1841.8,S,34,16751.08,2589.56,17763988.3,84700646.8,431903929
1842.8,S,34,16759.63,2591.00,17763988.3,84700739.8,431904017
1843.8,S,34,16768.32,2592.30,17763988.3,84700740.2,431904020
1844.8,S,34,16776.92,2593.75,17763988.3,84700740.5,431904025
1845.8,S,34,16785.69,2595.24,17763988.3,84700742.3,431904030
1846.8,S,38,16793.68,2596.67,17763988.3,84700896.1,431904173
1847.8,S,37,16805.81,2598.33,17763988.3,84700971.2,431904241
1848.8,S,34,16814.51,2599.70,17763988.3,84700992.4,431904265
1849.8,S,34,16823.19,2601.13,17763988.3,84700992.8,431904272
1850.8,S,34,16831.71,2602.56,17763988.3,84701057.6,431904478
1851.8,S,34,16840.49,2604.01,17763988.3,84701058.1,431904488
1852.8,S,34,16849.14,2605.45,17763988.3,84701058.7,431904493
1853.8,S,34,16855.63,2606.46,17763988.3,84701140.9,431904780
1854.8,S,38,16864.43,2607.72,17763988.3,84701213.5,431905055
1855.8,S,34,16873.13,2609.09,17763988.3,84701309.6,431905418
1856.8,S,34,16881.89,2610.53,17763988.3,84701310.5,431905439
1857.8,S,34,16890.53,2611.97,17763988.3,84701310.9,431905455
1858.8,S,34,16899.17,2613.44,17763988.3,84701375.7,431905693
1859.8,S,34,16907.84,2614.86,17763988.3,84701376.0,431905693
1860.8,S,34,16916.50,2616.25,17763988.3,84701376.3,431905702
1861.8,S,38,16923.54,2617.23,17763988.3,84701494.1,431906188
1862.8,S,34,16932.83,2618.66,17763988.3,84701627.0,431906750
1863.8,S,34,16941.51,2620.24,17763988.3,84701627.6,431906755
1864.8,S,34,16950.11,2621.73,17763988.3,84701627.9,431906758
1865.8,S,34,16958.95,2623.19,17763988.3,84701628.4,431906762
1866.8,S,34,16967.44,2624.72,17763988.3,84701693.2,431906962
1867.8,S,34,16976.02,2626.17,17763988.3,84701693.8,431906965
1868.8,S,38,16983.35,2627.10,17763988.3,84701796.7,431907343
1869.8,S,34,16993.19,2628.45,17763988.3,84701892.5,431907774
1870.8,S,34,16998.01,2629.33,17763988.3,84701944.7,431907914
1871.8,S,34,17003.09,2630.24,17763988.3,84701944.9,431907916
1872.8,S,34,17008.07,2630.99,17763988.3,84701945.1,431907917
1873.8,S,34,17013.12,2631.79,17763988.3,84701945.7,431907918
1874.8,S,34,17018.12,2632.69,17763988.3,84702010.5,431907977
1875.8,S,34,17023.23,2633.53,17763988.3,84702010.8,431907980
1876.8,S,34,17028.47,2634.32,17763988.3,84702011.1,431907980
1877.8,S,34,17033.75,2635.20,17763988.3,84702063.1,431908028
1878.8,S,34,17039.73,2636.19,17763988.3,84702063.5,431908032
1879.8,S,34,17045.73,2637.14,17763988.3,84702064.0,431908037
1880.9,S,34,17051.64,2638.04,17763988.3,84702064.6,431908041
1881.9,S,34,17057.48,2638.96,17763988.3,84702168.8,431908131
1882.9,S,38,17064.44,2640.02,17763988.3,84702232.2,431908197
1883.9,S,34,17072.32,2640.89,17763988.3,84702328.2,431908422
1884.9,S,34,17076.82,2641.56,17763988.3,84702328.5,431908426
1885.9,S,34,17081.42,2642.41,17763988.3,84702380.7,431908603
1886.9,S,34,17086.45,2643.27,17763988.3,84702463.6,431908962
1887.9,S,34,17091.48,2644.15,17763988.3,84702463.8,431908964
1888.9,S,34,17096.51,2644.97,17763988.3,84702464.1,431908971
1889.9,S,34,17101.47,2645.78,17763988.3,84702503.2,431909105
1890.9,S,34,17106.52,2646.74,17763988.3,84702529.0,431909213
1891.9,S,34,17111.63,2647.59,17763988.3,84702548.1,431909279
1892.9,S,34,17116.69,2648.46,17763988.3,84702595.2,431909442
1893.9,S,34,17121.90,2649.44,17763988.3,84702647.3,431909622
1894.9,S,34,17127.96,2650.43,17763988.3,84702647.6,431909626
1895.9,S,34,17133.83,2651.36,17763988.3,84702647.9,431909627
1896.9,S,34,17139.75,2652.28,17763988.3,84702648.1,431909632
1897.9,S,34,17145.54,2653.27,17763988.3,84702648.8,431909640
1898.9,S,38,17151.90,2654.28,17763988.4,84702733.8,431909939
1899.9,S,36,17160.31,2655.14,17763988.4,84702781.9,431910091
1900.9,S,34,17162.61,2655.35,17763988.4,84702830.1,431910254
1901.9,S,34,17163.35,2655.43,17763988.4,84702881.9,431910448
1902.9,S,34,17164.34,2655.44,17763988.4,84702935.8,431910638
1903.9,S,34,17165.32,2655.46,17763988.4,84702936.5,431910644
1904.9,S,34,17166.30,2655.48,17763988.4,84702936.7,431910647
1905.9,S,34,17167.17,2655.51,17763988.4,84703001.2,431910759
1906.9,S,34,17168.16,2655.52,17763988.4,84703001.5,431910760
1907.9,S,34,17169.15,2655.53,17763988.4,84703001.6,431910763
1908.9,S,34,17170.06,2655.58,17763988.4,84703053.9,431910811
1909.9,S,34,17171.04,2655.60,17763988.4,84703054.2,431910816
1910.9,S,34,17172.03,2655.62,17763988.4,84703054.4,431910819
1911.9,S,34,17172.96,2655.65,17763988.4,84703119.0,431910875
1912.9,S,34,17173.93,2655.67,17763988.4,84703119.2,431910879
1913.9,S,34,17174.92,2655.69,17763988.4,84703147.5,431910906
1914.9,S,34,17175.91,2655.70,17763988.4,84703147.9,431910908
1915.9,S,34,17176.83,2655.73,17763988.4,84703212.4,431910963
1916.9,S,34,17177.82,2655.75,17763988.4,84703212.6,431910967
1917.9,S,34,17178.80,2655.76,17763988.4,84703212.7,431910970
1918.9,S,34,17179.74,2655.79,17763988.4,84703277.3,431911026
1919.9,S,34,17180.73,2655.80,17763988.4,84703277.7,431911027
1920.9,S,34,17181.72,2655.81,17763988.4,84703278.0,431911031
1921.9,S,34,17182.70,2655.82,17763988.4,84703278.2,431911033
1922.9,S,34,17183.62,2655.85,17763988.4,84703342.8,431911113
1923.9,S,34,17184.53,2655.89,17763988.4,84703369.6,431911207
1924.9,S,41,17190.97,2656.00,17763988.4,84703370.1,431911217
1925.9,S,41,17198.87,2656.12,17763988.4,84703370.9,431911225
1926.9,S,41,17206.77,2656.22,17763988.4,84703371.1,431911226
1927.9,S,41,17214.47,2656.35,17763988.4,84703427.0,431911419
1928.9,S,41,17220.03,2656.50,17763988.4,84703603.2,431912174
1929.9,S,41,17223.45,2656.62,17763988.4,84703859.3,431913175
1930.9,S,41,17231.14,2656.74,17763988.4,84703875.0,431913260
1931.9,S,41,17238.94,2656.87,17763988.4,84703904.0,431913356
1932.9,S,41,17246.06,2657.01,17763988.4,84704107.7,431914134
1933.9,S,41,17253.49,2657.15,17763988.4,84704237.1,431914603
1934.9,S,41,17261.21,2657.30,17763988.4,84704424.1,431914778
1935.9,S,41,17269.03,2657.43,17763988.4,84704509.7,431914853
1936.9,S,41,17276.83,2657.58,17763988.4,84704595.7,431914946
1937.9,S,41,17284.40,2657.71,17763988.4,84704676.0,431915257
1938.9,S,41,17290.97,2657.82,17763988.4,84704786.7,431915681
1939.9,S,41,17297.75,2657.95,17763988.4,84704907.6,431916215
1940.9,S,41,17303.98,2658.09,17763988.4,84705146.8,431917023
1941.9,S,41,17311.80,2658.20,17763988.4,84705169.6,431917117
1942.9,S,41,17319.24,2658.34,17763988.4,84705398.6,431917452
1943.9,S,41,17327.11,2658.46,17763988.4,84705417.5,431917471
1944.9,S,41,17335.00,2658.58,17763988.4,84705417.7,431917472
1945.9,S,41,17342.61,2658.72,17763988.4,84705620.3,431917770
1946.9,S,41,17349.03,2658.86,17763988.4,84705831.9,431918605
1947.9,S,41,17356.45,2659.00,17763988.4,84705947.7,431919077
1948.9,S,41,17363.79,2659.11,17763988.4,84706082.5,431919646
1949.9,S,41,17371.60,2659.26,17763988.4,84706100.2,431919707
1950.9,S,41,17375.79,2659.38,17763988.4,84706335.5,431920553
1951.9,S,41,17383.66,2659.51,17763988.4,84706335.8,431920563
1952.9,S,41,17388.91,2659.64,17763988.4,84706509.0,431921183
1953.9,S,41,17396.43,2659.79,17763988.4,84706643.5,431921300
1954.9,S,41,17404.17,2659.93,17763988.4,84706809.6,431921444
1955.9,S,41,17412.01,2660.05,17763988.4,84706852.8,431921502
1956.9,S,41,17418.48,2660.18,17763988.4,84706999.9,431922102
1957.9,S,41,17425.92,2660.35,17763988.4,84707118.1,431922524
1959.1,S,41,17433.77,2660.50,17763988.4,84707250.9,431922981
1960.1,S,41,17441.24,2660.65,17763988.4,84707367.7,431923391
1961.1,S,41,17449.00,2660.77,17763988.4,84707399.8,431923524
1962.1,S,41,17455.31,2660.90,17763988.4,84707589.0,431924195
1963.1,S,41,17460.22,2661.02,17763988.4,84707836.5,431925106
1964.1,S,41,17468.05,2661.14,17763988.4,84707918.0,431925176
1965.1,S,41,17475.90,2661.28,17763988.4,84707961.1,431925213
1966.1,S,41,17483.75,2661.40,17763988.4,84708004.2,431925254
1967.1,S,41,17491.35,2661.56,17763988.4,84708183.0,431925422
1968.1,S,41,17498.82,2661.70,17763988.4,84708300.2,431925835
1969.1,S,41,17506.31,2661.84,17763988.4,84708399.2,431926158
1970.1,S,41,17512.65,2661.97,17763988.4,84708550.8,431926678
1971.1,S,41,17518.62,2662.10,17763988.4,84708726.5,431927248
1972.1,S,41,17524.99,2662.22,17763988.4,84708882.9,431927825
1973.1,S,40,17532.08,2662.33,17763988.4,84708894.9,431927837
1974.1,S,40,17538.72,2662.47,17763988.4,84709083.3,431928001
1975.1,S,39,17544.64,2662.56,17763988.4,84709090.8,431928012
1976.1,S,36,17547.13,2662.65,17763988.4,84709313.8,431928512
1977.1,S,34,17547.49,2663.21,17763988.4,84709424.4,431928874
1978.1,S,34,17555.03,2664.54,17763988.4,84709425.8,431928887
1979.1,S,34,17563.82,2665.96,17763988.4,84709426.0,431928890
1980.1,S,34,17572.47,2667.46,17763988.4,84709426.4,431928895
1981.1,S,34,17581.17,2668.93,17763988.4,84709456.9,431929022
1982.1,S,34,17589.60,2670.33,17763988.4,84709521.7,431929262
1983.1,S,34,17598.24,2671.83,17763988.4,84709521.9,431929264
1984.1,S,38,17608.81,2673.31,17763988.4,84709545.8,431929374
1985.1,S,34,17617.54,2674.59,17763988.4,84709641.9,431929735
1986.1,S,34,17626.00,2676.10,17763988.4,84709707.2,431929975
1987.1,S,34,17634.61,2677.56,17763988.4,84709707.4,431929977
1988.2,S,34,17643.13,2679.14,17763988.4,84709723.6,431930046
1989.2,S,34,17651.94,2680.63,17763988.4,84709723.9,431930048
1990.2,S,34,17660.50,2682.10,17763988.4,84709724.2,431930055
1991.2,S,38,17670.52,2683.48,17763988.4,84709773.5,431930220
1992.2,S,34,17678.16,2684.81,17763988.4,84709934.7,431930710
1993.2,S,34,17686.98,2686.06,17763988.4,84709934.9,431930713
1994.2,S,34,17695.69,2687.56,17763988.4,84709935.2,431930721
1995.2,S,34,17704.53,2688.91,17763988.4,84709935.4,431930724
1996.2,S,34,17712.76,2690.40,17763988.4,84710000.1,431930957
1997.2,S,34,17721.47,2691.84,17763988.4,84710000.4,431930958
1998.2,S,38,17730.08,2693.02,17763988.4,84710101.6,431931358
1999.2,S,34,17739.44,2694.65,17763988.4,84710197.7,431931685
2000.2,S,34,17748.29,2696.09,17763988.4,84710198.1,431931695
2001.2,S,34,17757.21,2697.60,17763988.4,84710198.4,431931697
2002.2,S,34,17766.02,2699.07,17763988.4,84710198.8,431931705
2003.2,S,34,17774.31,2700.49,17763988.4,84710264.1,431931855
2004.2,S,34,17782.96,2701.80,17763988.4,84710264.4,431931860
2005.2,S,38,17793.76,2703.32,17763988.4,84710365.2,431931956
2006.2,S,34,17803.43,2704.70,17763988.4,84710461.4,431932045
2007.2,S,34,17812.02,2706.19,17763988.4,84710526.1,431932102
2008.2,S,34,17820.81,2707.63,17763988.4,84710542.8,431932120
2009.2,S,34,17829.76,2709.02,17763988.4,84710543.0,431932121
2010.2,S,34,17838.32,2710.44,17763988.4,84710543.4,431932126
2011.2,S,34,17845.34,2711.56,17763988.4,84710620.5,431932339
2012.2,S,38,17856.10,2713.07,17763988.4,84710710.9,431932678
2013.2,S,34,17864.28,2714.38,17763988.4,84710807.6,431933000
2014.2,S,34,17873.09,2715.85,17763988.4,84710807.9,431933005
2015.2,S,34,17881.80,2717.29,17763988.4,84710808.4,431933025
2016.2,S,34,17890.51,2718.60,17763988.4,84710838.5,431933144
2017.2,S,34,17899.01,2720.04,17763988.4,84710871.8,431933268
2018.2,S,34,17906.07,2721.22,17763988.4,84710920.7,431933483
2019.2,S,38,17915.79,2722.54,17763988.4,84710975.3,431933710
2020.2,S,34,17924.91,2723.99,17763988.4,84711071.3,431934007
2021.2,S,34,17933.25,2725.41,17763988.4,84711136.2,431934238
2022.2,S,34,17941.85,2726.90,17763988.4,84711136.2,431934238
2023.2,S,34,17950.50,2728.25,17763988.4,84711136.4,431934241
2024.2,S,34,17959.24,2729.67,17763988.4,84711136.7,431934249
2025.2,S,34,17966.73,2730.92,17763988.4,84711202.1,431934530
2026.2,S,38,17976.54,2732.36,17763988.4,84711309.4,431934699
2027.2,S,34,17986.26,2733.88,17763988.4,84711405.3,431934782
2028.2,S,34,17995.00,2735.34,17763988.4,84711405.6,431934784
2029.2,S,34,18003.54,2736.79,17763988.4,84711405.8,431934784
2030.2,S,34,18012.21,2738.24,17763988.4,84711471.0,431934843
2031.2,S,34,18020.98,2739.70,17763988.4,84711471.2,431934846
2032.2,S,34,18029.52,2740.98,17763988.4,84711475.4,431934853
2033.2,S,38,18040.98,2742.62,17763988.4,84711574.5,431934943
2034.2,S,34,18048.83,2743.88,17763988.4,84711730.5,431935436
2035.2,S,34,18057.56,2745.28,17763988.4,84711730.9,431935447
2036.2,S,34,18066.34,2746.64,17763988.4,84711731.7,431935457
2037.2,S,34,18075.06,2748.03,17763988.4,84711731.9,431935460
2038.2,S,34,18083.59,2749.48,17763988.4,84711796.7,431935693
2039.2,S,34,18090.55,2750.66,17763988.4,84711858.6,431935920
2040.2,S,38,18100.29,2751.90,17763988.4,84711899.6,431936162
2041.2,S,34,18108.96,2753.28,17763988.4,84711995.3,431936529
2042.2,S,34,18117.69,2754.68,17763988.4,84712015.9,431936597
2043.2,S,34,18126.08,2756.24,17763988.4,84712060.1,431936757
2044.2,S,34,18134.78,2757.61,17763988.4,84712060.4,431936761
2045.2,S,34,18143.69,2758.80,17763988.4,84712060.9,431936769
2046.2,S,34,18152.25,2760.07,17763988.4,84712071.1,431936800
2047.2,S,38,18157.08,2760.65,17763988.4,84712228.8,431937427
2048.2,S,34,18167.24,2762.03,17763988.4,84712324.8,431937747
2049.2,S,34,18176.02,2763.38,17763988.4,84712325.3,431937759
2050.2,S,34,18184.68,2764.88,17763988.4,84712325.4,431937760
2051.2,S,34,18193.24,2766.34,17763988.4,84712363.3,431937924
2052.2,S,34,18202.02,2767.76,17763988.4,84712390.8,431938050
2053.2,S,34,18210.66,2769.13,17763988.4,84712391.1,431938051
2054.2,S,38,18214.62,2769.77,17763988.4,84712531.0,431938624
2055.2,S,38,18226.74,2771.35,17763988.4,84712603.2,431938695
2056.2,S,34,18235.40,2772.81,17763988.4,84712627.6,431938721
2057.2,S,34,18244.26,2774.20,17763988.4,84712628.2,431938724
2058.2,S,34,18253.11,2775.75,17763988.4,84712628.8,431938728
2059.2,S,34,18261.76,2777.24,17763988.4,84712693.6,431938788
2060.2,S,34,18270.36,2778.66,17763988.4,84712694.1,431938792
2061.2,S,38,18280.05,2780.11,17763988.4,84712796.7,431938885
2062.2,S,34,18290.65,2781.63,17763988.4,84712892.7,431938972
2063.2,S,34,18299.16,2782.97,17763988.4,84712957.9,431939126
2064.2,S,34,18308.15,2784.29,17763988.4,84712958.2,431939136
2065.2,S,34,18316.85,2785.71,17763988.4,84712958.5,431939139
2066.2,S,34,18325.38,2787.16,17763988.4,84713008.6,431939270
2067.2,S,34,18334.03,2788.61,17763988.4,84713009.0,431939278
2068.2,S,38,18343.04,2789.77,17763988.4,84713112.0,431939537
2069.2,S,34,18352.52,2791.17,17763988.4,84713207.9,431939778
2070.2,S,34,18361.37,2792.77,17763988.4,84713208.3,431939786
2071.2,S,34,18369.42,2794.06,17763988.4,84713272.9,431940153
2072.2,S,34,18378.08,2795.49,17763988.4,84713273.3,431940156
2073.2,S,34,18386.81,2796.87,17763988.4,84713273.9,431940167
2074.2,S,34,18395.47,2798.31,17763988.4,84713274.8,431940179
2075.2,S,38,18401.03,2799.11,17763988.4,84713442.3,431940669
2076.2,S,38,18411.44,2800.59,17763988.4,84713530.4,431940949
2077.2,S,34,18420.13,2802.17,17763988.4,84713538.5,431941025
2078.2,S,34,18428.50,2803.67,17763988.4,84713582.9,431941182
2079.2,S,34,18437.19,2805.11,17763988.4,84713583.9,431941191
2080.2,S,34,18445.87,2806.49,17763988.4,84713584.1,431941194
2081.2,S,34,18454.70,2807.85,17763988.4,84713584.4,431941196
2082.2,S,38,18463.04,2809.10,17763988.4,84713687.3,431941385
2083.2,S,34,18474.23,2810.65,17763988.4,84713848.1,431941531
2084.2,S,34,18482.80,2812.00,17763988.4,84713848.3,431941532
2085.2,S,34,18491.58,2813.33,17763988.4,84713849.0,431941535
2086.2,S,34,18500.25,2814.81,17763988.4,84713849.2,431941538
2087.2,S,34,18508.82,2816.32,17763988.4,84713913.9,431941596
2088.2,S,34,18517.57,2817.64,17763988.4,84713914.1,431941598
2089.2,S,38,18526.87,2819.09,17763988.4,84714017.0,431941728
2090.2,S,34,18536.09,2820.48,17763988.4,84714113.7,431942105
2091.2,S,34,18541.19,2821.45,17763988.4,84714178.1,431942324
2092.2,S,34,18546.97,2822.38,17763988.4,84714178.5,431942331
2093.2,S,34,18552.86,2823.20,17763988.4,84714178.9,431942334
2094.2,S,34,18558.64,2824.16,17763988.4,84714179.1,431942340
2095.2,S,34,18564.93,2825.13,17763988.4,84714180.0,431942345
2096.2,S,34,18570.60,2826.09,17763988.4,84714244.6,431942594
2097.2,S,34,18576.59,2827.06,17763988.4,84714244.9,431942598
2098.2,S,34,18582.47,2828.05,17763988.4,84714245.1,431942603
2099.2,S,34,18588.53,2829.14,17763988.4,84714245.4,431942607
2100.2,S,34,18594.53,2830.23,17763988.4,84714296.3,431942776
2101.2,S,34,18600.82,2831.19,17763988.4,84714297.2,431942784
2102.2,S,38,18606.59,2831.97,17763988.4,84714400.1,431943253
2103.2,S,34,18614.69,2833.01,17763988.4,84714496.2,431943570
2104.2,S,34,18619.52,2833.80,17763988.4,84714496.4,431943573
2105.2,S,34,18624.11,2834.64,17763988.4,84714561.1,431943796
2106.2,S,34,18628.86,2835.38,17763988.4,84714561.6,431943797
2107.2,S,34,18633.59,2836.09,17763988.4,84714562.1,431943801
2108.2,S,34,18638.64,2836.98,17763988.4,84714693.9,431944120
2109.2,S,34,18644.10,2837.83,17763988.4,84714694.3,431944123
2110.2,S,34,18649.55,2838.80,17763988.4,84714694.4,431944125
2111.3,S,34,18655.17,2839.63,17763988.4,84714694.7,431944130
2112.3,S,34,18660.47,2840.56,17763988.4,84714759.6,431944195
2113.3,S,34,18665.84,2841.43,17763988.4,84714760.2,431944198
2114.3,S,34,18671.20,2842.28,17763988.4,84714830.1,431944262
2115.3,S,34,18676.63,2843.18,17763988.4,84714830.4,431944267
2116.3,S,34,18682.02,2844.06,17763988.4,84714895.0,431944324
2117.3,S,34,18687.56,2844.95,17763988.4,84714895.5,431944326
2118.3,S,38,18694.45,2845.75,17763988.4,84714912.2,431944350
2119.3,S,34,18701.51,2846.62,17763988.4,84715044.3,431944527
2120.3,S,34,18702.50,2846.64,17763988.4,84715044.7,431944534
2121.3,S,34,18703.49,2846.65,17763988.4,84715044.9,431944537
2122.3,S,34,18704.32,2846.67,17763988.4,84715090.6,431944719
2123.3,S,34,18705.24,2846.69,17763988.4,84715109.9,431944787
2124.3,S,34,18706.22,2846.71,17763988.4,84715163.5,431944951
2125.3,S,34,18707.00,2846.79,17763988.4,84715208.8,431945101
2126.3,S,34,18707.99,2846.80,17763988.4,84715209.0,431945104
2127.3,S,34,18708.97,2846.82,17763988.4,84715209.3,431945108
2128.3,S,34,18709.96,2846.83,17763988.4,84715209.6,431945110
2129.3,S,34,18710.75,2846.86,17763988.4,84715274.2,431945312
2130.3,S,34,18711.74,2846.87,17763988.4,84715274.7,431945314
2131.3,S,34,18712.57,2846.90,17763988.4,84715316.4,431945463
2132.3,S,34,18713.50,2846.95,17763988.4,84715320.1,431945487
2133.3,S,34,18714.49,2846.96,17763988.4,84715320.3,431945507
2134.3,S,34,18715.47,2846.98,17763988.4,84715321.1,431945510
2135.3,S,34,18716.23,2847.00,17763988.4,84715413.5,431945839
2136.3,S,34,18717.21,2847.01,17763988.4,84715413.9,431945849
2137.3,S,34,18718.20,2847.03,17763988.4,84715414.1,431945852
2138.3,S,34,18719.01,2847.08,17763988.4,84715459.3,431946002
2139.3,S,34,18720.00,2847.09,17763988.4,84715459.7,431946003
2140.3,S,34,18720.99,2847.10,17763988.4,84715459.9,431946006
2141.3,S,34,18721.87,2847.13,17763988.4,84715485.7,431946112
2142.3,S,34,18722.69,2847.15,17763988.4,84715524.9,431946270
2143.3,S,34,18723.68,2847.17,17763988.4,84715525.0,431946272
2144.3,S,34,18724.48,2847.22,17763988.4,84715570.2,431946430
2145.3,S,34,18725.47,2847.23,17763988.4,84715579.6,431946462
2146.3,S,34,18726.46,2847.25,17763988.4,84715580.0,431946465
2147.3,S,34,18727.44,2847.27,17763988.4,84715580.3,431946467
2148.3,S,34,18728.20,2847.29,17763988.4,84715645.0,431946689
2149.3,S,34,18729.19,2847.31,17763988.4,84715645.1,431946690
2150.3,S,34,18730.18,2847.32,17763988.4,84715647.4,431946696
2151.3,S,34,18731.17,2847.33,17763988.4,84715647.8,431946699
2152.3,S,34,18731.93,2847.35,17763988.4,84715712.4,431946937
2153.3,S,34,18732.80,2847.40,17763988.4,84715737.9,431947023
2154.3,S,41,18734.43,2847.42,17763988.4,84715738.2,431947030
2155.3,S,41,18742.32,2847.53,17763988.4,84715738.6,431947033
2156.3,S,41,18750.22,2847.64,17763988.4,84715739.1,431947037
2157.3,S,41,18757.96,2847.77,17763988.4,84715786.0,431947184
2158.3,S,41,18764.97,2847.90,17763988.4,84715948.1,431947739
2159.3,S,41,18770.94,2848.08,17763988.4,84716266.0,431948274
2160.3,S,41,18778.79,2848.20,17763988.4,84716305.3,431948309
2161.3,S,41,18786.65,2848.31,17763988.4,84716367.6,431948365
2162.3,S,41,18792.02,2848.44,17763988.4,84716511.6,431948921
2163.3,S,41,18799.90,2848.57,17763988.4,84716511.9,431948924
2164.3,S,41,18807.78,2848.70,17763988.4,84716512.8,431948932
2165.3,S,41,18812.71,2848.85,17763988.4,84716793.8,431949929
2166.4,S,41,18818.49,2848.98,17763988.4,84716980.5,431950624
2167.4,S,41,18826.25,2849.11,17763988.4,84717028.1,431950755
2168.4,S,41,18834.02,2849.24,17763988.4,84717160.6,431950877
2169.4,S,41,18841.83,2849.36,17763988.4,84717262.9,431950968
2170.4,S,41,18849.50,2849.52,17763988.4,84717388.9,431951077
2171.4,S,41,18857.00,2849.66,17763988.4,84717508.2,431951472
2172.4,S,41,18864.87,2849.78,17763988.4,84717513.3,431951497
2173.4,S,41,18872.74,2849.90,17763988.4,84717523.9,431951524
2174.4,S,41,18877.27,2850.03,17763988.4,84717792.9,431952485
2175.4,S,41,18881.32,2850.14,17763988.4,84718023.1,431953235
2176.4,S,41,18889.00,2850.28,17763988.4,84718173.6,431953447
2177.4,S,41,18896.86,2850.41,17763988.4,84718173.7,431953450
2178.4,S,41,18904.56,2850.54,17763988.4,84718344.5,431953605
2179.4,S,41,18912.39,2850.68,17763988.4,84718404.6,431953658
2180.4,S,41,18916.47,2850.81,17763988.4,84718682.0,431954619
2181.4,S,41,18924.30,2850.92,17763988.4,84718689.5,431954667
2182.4,S,41,18932.05,2851.05,17763988.4,84718728.9,431954810
2183.4,S,41,18939.52,2851.19,17763988.4,84718849.6,431955231
2184.4,S,41,18946.52,2851.34,17763988.4,84719048.0,431955978
2185.4,S,41,18953.63,2851.45,17763988.4,84719178.9,431956440
2186.4,S,41,18961.46,2851.57,17763988.4,84719197.1,431956514
2187.4,S,41,18967.91,2851.72,17763988.4,84719476.1,431957305
2188.4,S,41,18975.71,2851.86,17763988.4,84719587.9,431957402
2189.4,S,41,18983.49,2851.99,17763988.4,84719724.4,431957522
2190.4,S,41,18991.37,2852.11,17763988.4,84719724.9,431957524
2191.4,S,41,18997.98,2852.24,17763988.4,84719866.0,431957981
2192.4,S,41,19003.68,2852.37,17763988.4,84720102.3,431958863
2193.4,S,41,19011.19,2852.48,17763988.4,84720194.9,431959279
2194.4,S,41,19018.85,2852.59,17763988.4,84720260.1,431959527
2195.4,S,41,19025.43,2852.73,17763988.4,84720415.2,431959907
2196.4,S,41,19033.16,2852.88,17763988.4,84720592.8,431960059
2197.4,S,41,19041.04,2853.02,17763988.4,84720602.9,431960081
2198.4,S,41,19048.59,2853.17,17763988.4,84720808.7,431960401
2199.4,S,41,19056.49,2853.28,17763988.4,84720808.9,431960402
2200.4,S,41,19063.90,2853.42,17763988.4,84720993.0,431960890
2201.4,S,41,19071.03,2853.57,17763988.4,84721161.6,431961387
2202.4,S,41,19077.16,2853.70,17763988.4,84721295.3,431961857
2203.4,S,40,19084.07,2853.83,17763988.4,84721390.2,431962236
2204.4,S,40,19090.54,2853.95,17763988.4,84721524.3,431962517
2205.4,S,39,19096.76,2854.05,17763988.4,84721628.1,431962609
2206.4,S,36,19100.57,2854.16,17763988.4,84721845.3,431962854
2207.4,S,34,19100.95,2854.81,17763988.4,84721888.4,431963068
2208.4,S,34,19109.47,2856.23,17763988.4,84721890.1,431963086
2209.4,S,34,19118.16,2857.59,17763988.4,84721892.0,431963092
2210.4,S,34,19126.90,2858.89,17763988.4,84721892.3,431963100
2211.4,S,34,19135.68,2860.21,17763988.4,84721892.5,431963102
2212.4,S,34,19143.50,2861.54,17763988.4,84721957.4,431963388
2213.4,S,34,19152.03,2863.04,17763988.4,84721985.2,431963497
2214.4,S,38,19161.93,2864.28,17763988.4,84722009.2,431963627
2215.4,S,34,19171.32,2865.61,17763988.4,84722105.4,431964039
2216.4,S,34,19179.94,2867.03,17763988.4,84722170.1,431964265
2217.4,S,34,19188.59,2868.49,17763988.4,84722170.7,431964273
2218.4,S,34,19197.40,2869.96,17763988.4,84722171.0,431964276
2219.4,S,34,19206.00,2871.44,17763988.4,84722171.2,431964277
2220.4,S,34,19214.52,2872.85,17763988.4,84722226.2,431964474
2221.4,S,38,19223.43,2874.08,17763988.4,84722276.2,431964733
2222.4,S,34,19232.72,2875.27,17763988.4,84722372.1,431965140
2223.4,S,34,19241.46,2876.67,17763988.4,84722372.9,431965146
2224.4,S,34,19250.01,2878.14,17763988.4,84722437.6,431965206
2225.4,S,34,19258.59,2879.53,17763988.4,84722438.0,431965211
2226.4,S,34,19267.23,2880.93,17763988.4,84722438.5,431965212
2227.4,S,34,19275.94,2882.29,17763988.4,84722438.7,431965215
2228.4,S,38,19285.44,2883.84,17763988.4,84722566.4,431965342
2229.4,S,34,19295.87,2885.40,17763988.4,84722662.5,431965431
2230.4,S,34,19304.51,2886.84,17763988.4,84722662.8,431965436
2231.5,S,34,19313.31,2888.31,17763988.4,84722663.0,431965439
2232.5,S,34,19321.81,2889.83,17763988.4,84722728.2,431965499
2233.5,S,34,19330.43,2891.32,17763988.4,84722728.5,431965504
2234.5,S,34,19339.29,2892.77,17763988.4,84722729.0,431965509
2235.5,S,38,19343.82,2893.45,17763988.4,84722881.7,431966091
2236.5,S,38,19354.84,2894.96,17763988.4,84722940.5,431966288
2237.5,S,34,19363.40,2896.61,17763988.4,84722978.0,431966430
2238.5,S,34,19372.27,2897.91,17763988.4,84722978.4,431966440
2239.5,S,34,19380.91,2899.25,17763988.4,84722978.9,431966443
2240.5,S,34,19388.34,2900.52,17763988.4,84723043.6,431966704
2241.5,S,34,19397.11,2901.96,17763988.4,84723043.7,431966712
2242.5,S,34,19404.83,2903.21,17763988.4,84723065.4,431966839
2243.5,S,38,19413.59,2904.42,17763988.4,84723147.4,431967140
2244.5,S,34,19421.54,2905.86,17763988.4,84723304.8,431967675
2245.5,S,34,19430.26,2907.27,17763988.4,84723305.6,431967688
2246.5,S,34,19438.91,2908.71,17763988.4,84723305.7,431967689
2247.5,S,34,19447.76,2910.11,17763988.4,84723305.9,431967690
2248.5,S,34,19456.26,2911.59,17763988.4,84723345.5,431967853
2249.5,S,34,19464.70,2913.01,17763988.4,84723371.1,431968113
2250.5,S,38,19475.24,2914.44,17763988.4,84723474.4,431968210
2251.5,S,34,19485.00,2915.85,17763988.4,84723570.6,431968299
2252.5,S,34,19493.36,2917.49,17763988.4,84723613.7,431968344
2253.5,S,34,19502.11,2918.86,17763988.4,84723613.9,431968347
2254.5,S,34,19510.83,2920.23,17763988.4,84723614.6,431968351
2255.5,S,34,19519.40,2921.74,17763988.4,84723615.1,431968356
2256.5,S,34,19528.10,2923.21,17763988.4,84723680.3,431968414
2257.5,S,38,19536.50,2924.35,17763988.4,84723783.2,431968732
2258.5,S,34,19545.55,2925.61,17763988.4,84723879.3,431969075
2259.5,S,34,19554.39,2927.10,17763988.4,84723879.5,431969076
2260.5,S,34,19562.86,2928.53,17763988.4,84723944.6,431969312
2261.5,S,34,19571.42,2930.08,17763988.4,84723954.0,431969357
2262.5,S,34,19580.06,2931.43,17763988.4,84723954.3,431969358
2263.5,S,34,19588.72,2932.94,17763988.4,84723954.5,431969360
2264.5,S,38,19596.37,2933.98,17763988.4,84724057.3,431969766
2265.5,S,37,19604.97,2935.31,17763988.4,84724212.5,431970342
2266.5,S,34,19613.58,2936.71,17763988.4,84724218.1,431970376
2267.5,S,34,19622.18,2937.99,17763988.4,84724218.6,431970379
2268.5,S,34,19630.93,2939.24,17763988.4,84724218.9,431970387
2269.5,S,34,19639.69,2940.71,17763988.4,84724219.2,431970393
2270.5,S,34,19648.03,2942.29,17763988.4,84724285.3,431970780
2271.5,S,38,19653.67,2943.03,17763988.4,84724388.6,431971244
2272.5,S,38,19664.58,2944.58,17763988.4,84724432.8,431971437
2273.5,S,34,19672.94,2945.89,17763988.4,84724485.0,431971648
2274.5,S,34,19681.43,2947.27,17763988.4,84724519.6,431971778
2275.5,S,34,19689.93,2948.65,17763988.4,84724550.0,431971905
2276.5,S,34,19698.61,2950.15,17763988.4,84724550.4,431971907
2277.5,S,34,19707.23,2951.60,17763988.4,84724550.8,431971917
2278.5,S,38,19714.62,2952.80,17763988.4,84724653.8,431972151
2279.5,S,36,19726.77,2954.57,17763988.4,84724790.4,431972272
2280.5,S,34,19735.56,2955.88,17763988.4,84724814.5,431972309
2281.5,S,34,19744.36,2957.20,17763988.4,84724814.8,431972313
2282.5,S,34,19753.01,2958.64,17763988.4,84724815.2,431972316
2283.5,S,34,19761.62,2960.14,17763988.4,84724879.9,431972372
2284.5,S,34,19770.30,2961.69,17763988.4,84724888.5,431972384
2285.5,S,38,19779.57,2962.98,17763988.4,84724991.4,431972504
2286.5,S,34,19789.36,2964.35,17763988.4,84725087.3,431972873
2287.5,S,34,19798.00,2965.71,17763988.4,84725087.6,431972877
2288.5,S,34,19806.43,2967.16,17763988.4,84725152.6,431973148
2289.5,S,34,19815.01,2968.70,17763988.4,84725153.2,431973158
2290.5,S,34,19823.35,2970.22,17763988.4,84725182.9,431973358
2291.5,S,34,19832.07,2971.63,17763988.4,84725183.4,431973368
2292.5,S,38,19837.96,2972.57,17763988.4,84725286.1,431973777
2293.5,S,38,19849.67,2974.15,17763988.4,84725332.0,431973910
2294.5,S,34,19857.36,2975.56,17763988.4,84725446.4,431974384
2295.5,S,34,19865.95,2977.10,17763988.4,84725447.6,431974403
2296.5,S,34,19874.62,2978.54,17763988.4,84725447.7,431974405
2297.5,S,34,19883.42,2979.92,17763988.4,84725448.0,431974414
2298.5,S,34,19891.73,2981.48,17763988.4,84725507.3,431974641
2299.5,S,34,19898.13,2982.53,17763988.4,84725566.0,431974936
2300.5,S,38,19908.83,2983.95,17763988.4,84725611.4,431975110
2301.5,S,34,19917.24,2985.34,17763988.4,84725707.2,431975449
2302.5,S,34,19925.91,2986.74,17763988.4,84725707.4,431975451
2303.5,S,34,19933.91,2988.07,17763988.4,84725772.1,431975714
2304.5,S,34,19942.58,2989.50,17763988.4,84725772.9,431975725
2305.5,S,34,19951.28,2990.87,17763988.4,84725801.4,431975851
2306.5,S,34,19959.15,2992.30,17763988.4,84725827.6,431975955
2307.5,S,38,19968.74,2993.74,17763988.4,84725969.2,431976245
2308.5,S,34,19978.34,2995.20,17763988.4,84726065.3,431976334
2309.5,S,34,19987.06,2996.54,17763988.4,84726065.8,431976339
2310.5,S,34,19995.69,2997.98,17763988.4,84726066.3,431976344
2311.5,S,34,20004.31,2999.51,17763988.4,84726131.1,431976404
2312.5,S,34,20012.96,3000.86,17763988.4,84726131.3,431976407
2313.5,S,34,20020.75,3002.17,17763988.4,84726234.1,431976503
2314.5,S,38,20033.14,3003.86,17763988.4,84726272.3,431976573
2315.5,S,34,20041.55,3005.29,17763988.4,84726330.3,431976752
2316.5,S,34,20049.04,3006.68,17763988.4,84726393.6,431977069
2317.5,S,34,20057.70,3008.09,17763988.4,84726394.1,431977079
2318.5,S,34,20066.44,3009.55,17763988.4,84726422.7,431977170
2319.5,S,34,20075.32,3010.98,17763988.4,84726423.1,431977170
2320.5,S,34,20081.58,3011.99,17763988.4,84726510.1,431977498
2321.5,S,38,20093.00,3013.58,17763988.4,84726526.9,431977585
2322.5,S,34,20099.13,3014.64,17763988.4,84726687.1,431978274
2323.5,S,34,20104.54,3015.47,17763988.4,84726687.4,431978282
2324.5,S,34,20109.95,3016.35,17763988.4,84726687.6,431978282
2325.5,S,34,20115.62,3017.36,17763988.4,84726728.1,431978425
2326.5,S,34,20121.98,3018.41,17763988.4,84726728.8,431978432
2327.5,S,34,20128.24,3019.48,17763988.4,84726728.9,431978433
2328.5,S,34,20134.60,3020.39,17763988.4,84726729.1,431978433
2329.5,S,34,20140.91,3021.50,17763988.4,84726729.4,431978437
2330.5,S,34,20147.25,3022.61,17763988.4,84726794.1,431978664
2331.5,S,34,20153.63,3023.64,17763988.4,84726794.7,431978673
2332.5,S,34,20159.86,3024.52,17763988.4,84726834.8,431978815
2333.5,S,38,20166.40,3025.49,17763988.4,84726938.1,431979233
2334.5,S,34,20173.88,3026.42,17763988.4,84727034.0,431979570
2335.5,S,34,20178.65,3027.19,17763988.4,84727034.3,431979574
2336.5,S,34,20183.44,3027.92,17763988.4,84727034.5,431979576
2337.5,S,34,20188.21,3028.68,17763988.4,84727099.5,431979867
2338.5,S,34,20192.98,3029.43,17763988.4,84727099.9,431979869
2339.5,S,34,20197.63,3030.20,17763988.4,84727100.3,431979874
2340.5,S,34,20202.23,3031.19,17763988.4,84727227.9,431980261
2341.5,S,34,20207.61,3032.13,17763988.4,84727228.2,431980262
2342.5,S,34,20213.07,3032.94,17763988.4,84727228.7,431980265
2343.5,S,34,20218.50,3033.86,17763988.4,84727229.0,431980272
2344.5,S,34,20224.10,3034.69,17763988.4,84727293.9,431980332
2345.5,S,34,20229.45,3035.55,17763988.4,84727365.0,431980395
2346.5,S,34,20234.99,3036.41,17763988.4,84727365.2,431980399
2347.5,S,34,20240.91,3037.32,17763988.4,84727405.5,431980439
2348.5,S,34,20247.21,3038.33,17763988.4,84727406.0,431980442
2349.5,S,38,20256.14,3039.33,17763988.4,84727421.9,431980469
2350.5,S,34,20259.67,3039.70,17763988.4,84727517.9,431980557
2351.5,S,34,20260.50,3039.72,17763988.4,84727582.4,431980725
2352.5,S,34,20261.48,3039.73,17763988.4,84727582.6,431980731
2353.6,S,34,20262.30,3039.79,17763988.4,84727622.9,431980868
2354.6,S,34,20263.28,3039.81,17763988.4,84727623.3,431980871
2355.6,S,34,20264.27,3039.82,17763988.4,84727623.7,431980875
2356.6,S,34,20265.24,3039.83,17763988.4,84727677.2,431981098
2357.6,S,34,20265.96,3039.86,17763988.4,84727741.9,431981366
2358.6,S,34,20266.95,3039.87,17763988.4,84727742.1,431981372
2359.6,S,34,20267.82,3039.90,17763988.4,84727769.6,431981480
2360.6,S,34,20268.72,3039.94,17763988.4,84727783.1,431981553
2361.6,S,34,20269.71,3039.95,17763988.4,84727783.3,431981556
2362.6,S,34,20270.69,3039.97,17763988.4,84727783.4,431981564
2363.6,S,34,20271.39,3039.99,17763988.4,84727848.0,431981854
2364.6,S,34,20272.37,3040.01,17763988.4,84727848.2,431981856
2365.6,S,34,20273.35,3040.03,17763988.4,84727848.8,431981861
2366.6,S,34,20274.34,3040.04,17763988.4,84727876.5,431981970
2367.6,S,34,20275.06,3040.07,17763988.4,84727941.1,431982239
2368.6,S,34,20276.05,3040.09,17763988.4,84727941.3,431982240
2369.6,S,34,20276.88,3040.14,17763988.4,84727975.0,431982375
2370.6,S,34,20277.86,3040.15,17763988.4,84727975.2,431982377
2371.6,S,34,20278.84,3040.18,17763988.4,84727976.0,431982379
2372.6,S,34,20279.83,3040.19,17763988.4,84727976.1,431982382
2373.6,S,34,20280.57,3040.21,17763988.4,84728040.7,431982639
2374.6,S,34,20281.55,3040.23,17763988.4,84728040.8,431982642
2375.6,S,34,20282.54,3040.24,17763988.4,84728041.0,431982647
2376.6,S,34,20283.44,3040.26,17763988.4,84728069.7,431982751
2377.6,S,34,20284.22,3040.27,17763988.4,84728114.8,431982980
2378.6,S,34,20285.20,3040.29,17763988.4,84728115.0,431982988
2379.6,S,34,20286.10,3040.34,17763988.4,84728147.8,431983044
2380.6,S,34,20287.09,3040.35,17763988.4,84728148.1,431983047
2381.6,S,34,20288.07,3040.36,17763988.4,84728148.2,431983049
2382.6,S,34,20289.00,3040.39,17763988.4,84728215.1,431983107
2383.6,S,34,20289.99,3040.41,17763988.4,84728215.5,431983111
2384.6,S,34,20290.91,3040.46,17763988.4,84728255.4,431983151
2385.6,S,34,20291.90,3040.47,17763988.4,84728255.6,431983153
2386.6,S,34,20292.88,3040.49,17763988.4,84728255.8,431983158
2387.6,S,34,20293.87,3040.50,17763988.4,84728256.1,431983162
2388.6,S,34,20294.80,3040.53,17763988.4,84728321.1,431983220
2389.6,S,34,20295.78,3040.54,17763988.4,84728321.3,431983222
2390.6,S,34,20296.71,3040.59,17763988.4,84728361.2,431983261
2391.6,S,34,20297.69,3040.61,17763988.4,84728361.5,431983265
2392.6,S,34,20298.68,3040.62,17763988.4,84728361.6,431983268
2393.6,S,34,20299.67,3040.63,17763988.4,84728362.2,431983269
2394.6,S,34,20300.60,3040.66,17763988.4,84728427.0,431983324
2395.6,S,34,20301.58,3040.67,17763988.4,84728427.2,431983327
2396.6,S,34,20302.51,3040.72,17763988.4,84728467.2,431983367
2397.6,S,41,20307.36,3040.79,17763988.4,84728467.7,431983375
2398.6,S,41,20315.24,3040.91,17763988.4,84728467.9,431983377
2399.6,S,41,20323.14,3041.02,17763988.4,84728468.8,431983382
2400.6,S,41,20330.61,3041.15,17763988.4,84728578.0,431983684
2401.6,S,41,20336.55,3041.29,17763988.4,84728821.9,431984443
2402.6,S,41,20344.15,3041.42,17763988.4,84728906.0,431984737
2403.6,S,41,20352.00,3041.52,17763988.4,84728924.9,431984806
2404.6,S,41,20359.73,3041.66,17763988.4,84728977.8,431984994
2405.6,S,41,20363.81,3041.76,17763988.4,84729219.5,431985994
2406.6,S,41,20369.03,3041.89,17763988.4,84729461.5,431986827
2407.6,S,41,20376.93,3042.00,17763988.4,84729462.0,431986840
2408.6,S,41,20384.70,3042.12,17763988.4,84729522.2,431986959
2409.6,S,41,20392.56,3042.23,17763988.4,84729573.4,431987007
2410.6,S,41,20400.33,3042.38,17763988.4,84729720.4,431987136
2411.6,S,41,20407.39,3042.53,17763988.4,84729995.7,431987670
2412.6,S,41,20414.79,3042.65,17763988.4,84730100.2,431988171
2413.6,S,41,20422.44,3042.78,17763988.4,84730160.5,431988410
2414.6,S,41,20429.51,3042.92,17763988.4,84730325.3,431989041
2415.6,S,41,20436.37,3043.01,17763988.4,84730402.6,431989355
2416.6,S,41,20444.00,3043.11,17763988.4,84730469.7,431989651
2417.6,S,41,20451.47,3043.26,17763988.4,84730598.3,431990080
2418.6,S,41,20458.51,3043.37,17763988.4,84730706.6,431990439
2419.6,S,41,20465.89,3043.53,17763988.4,84730978.2,431990928
2420.6,S,41,20473.62,3043.66,17763988.4,84731097.9,431991034
2421.6,S,41,20481.47,3043.78,17763988.4,84731144.9,431991081
2422.6,S,41,20488.47,3043.90,17763988.4,84731248.5,431991339
2423.6,S,41,20493.25,3044.03,17763988.4,84731493.5,431992231
2424.6,S,41,20501.16,3044.13,17763988.4,84731493.7,431992233
2425.6,S,41,20508.05,3044.27,17763988.4,84731606.8,431992701
2426.6,S,41,20514.36,3044.41,17763988.4,84731782.8,431993336
2427.6,S,41,20522.17,3044.54,17763988.4,84731804.9,431993425
2428.6,S,41,20529.96,3044.68,17763988.4,84731895.6,431993518
2429.6,S,41,20537.75,3044.81,17763988.4,84732023.3,431993628
2430.6,S,41,20545.42,3044.98,17763988.4,84732212.3,431993832
2431.6,S,41,20552.88,3045.11,17763988.4,84732365.6,431994289
2432.6,S,41,20559.87,3045.24,17763988.4,84732513.2,431994717
2433.6,S,41,20567.53,3045.37,17763988.4,84732578.6,431994956
2434.6,S,41,20574.94,3045.52,17763988.4,84732675.2,431995433
2435.6,S,41,20581.97,3045.66,17763988.4,84732844.5,431995992
2436.6,S,41,20589.26,3045.81,17763988.4,84733059.6,431996271
2437.6,S,41,20597.10,3045.94,17763988.4,84733122.3,431996328
2438.6,S,41,20604.99,3046.06,17763988.4,84733123.1,431996331
2439.6,S,41,20611.57,3046.20,17763988.4,84733357.1,431996786
2440.6,S,41,20617.80,3046.36,17763988.4,84733576.1,431997661
2441.6,S,41,20625.15,3046.47,17763988.5,84733606.8,431997797
2442.6,S,41,20633.03,3046.60,17763988.5,84733607.1,431997801
2443.6,S,41,20639.60,3046.73,17763988.5,84733739.6,431998355
2444.6,S,41,20644.27,3046.87,17763988.5,84733981.7,431999320
2445.6,S,40,20650.99,3046.99,17763988.5,84734073.9,431999662
2446.6,S,40,20657.52,3047.10,17763988.5,84734163.4,432000037
2447.6,S,40,20664.41,3047.19,17763988.5,84734210.0,432000077
2448.6,S,40,20671.25,3047.31,17763988.5,84734264.0,432000127
2449.6,S,37,20675.09,3047.45,17763988.5,84734615.6,432000686
2450.6,S,34,20675.60,3048.21,17763988.5,84734661.3,432000926
2451.6,S,34,20684.15,3049.65,17763988.5,84734662.8,432000936
2452.6,S,34,20692.97,3050.98,17763988.5,84734663.1,432000938
2453.6,S,34,20701.77,3052.40,17763988.5,84734663.3,432000946
2454.6,S,34,20710.53,3053.78,17763988.5,84734663.9,432000949
2455.6,S,34,20718.97,3055.20,17763988.5,84734730.0,432001203
2456.6,S,34,20727.72,3056.69,17763988.5,84734730.4,432001212
2457.6,S,38,20738.66,3058.22,17763988.5,84734754.4,432001336
2458.6,S,34,20746.70,3059.59,17763988.5,84734850.5,432001676
2459.6,S,34,20755.24,3060.96,17763988.5,84734915.5,432001891
2460.6,S,34,20763.93,3062.43,17763988.5,84734915.6,432001893
2461.6,S,34,20772.57,3063.93,17763988.5,84734916.1,432001896
2462.6,S,34,20781.08,3065.48,17763988.5,84734959.4,432002040
2463.6,S,34,20788.81,3066.72,17763988.5,84734996.7,432002180
2464.6,S,38,20800.60,3068.50,17763988.5,84735012.6,432002235
2465.6,S,34,20808.66,3069.88,17763988.5,84735105.5,432002631
2466.6,S,34,20817.15,3071.36,17763988.5,84735136.4,432002754
2467.6,S,34,20825.82,3072.77,17763988.5,84735170.8,432002885
2468.6,S,34,20834.49,3074.31,17763988.5,84735171.2,432002894
2469.6,S,34,20843.29,3075.66,17763988.5,84735171.6,432002895
2470.6,S,34,20849.81,3076.75,17763988.5,84735276.5,432003301
2471.7,S,38,20861.16,3078.32,17763988.5,84735293.5,432003389
2472.7,S,34,20869.60,3079.86,17763988.5,84735389.6,432003732
2473.7,S,34,20878.37,3081.12,17763988.5,84735389.9,432003734
2474.7,S,34,20887.03,3082.66,17763988.5,84735423.8,432003840
2475.7,S,34,20895.56,3084.27,17763988.5,84735455.2,432003982
2476.7,S,34,20904.38,3085.78,17763988.5,84735455.4,432003985
2477.7,S,38,20913.03,3087.12,17763988.5,84735556.7,432004083
2478.7,S,34,20924.77,3088.75,17763988.5,84735698.6,432004214
2479.7,S,34,20933.30,3090.32,17763988.5,84735699.0,432004217
2480.7,S,34,20942.03,3091.70,17763988.5,84735699.3,432004220
2481.7,S,34,20950.84,3093.08,17763988.5,84735699.9,432004222
2482.7,S,34,20959.60,3094.39,17763988.5,84735764.6,432004283
2483.7,S,34,20968.43,3095.71,17763988.5,84735765.1,432004286
2484.7,S,38,20976.58,3096.96,17763988.5,84735868.0,432004485
2485.7,S,37,20987.38,3098.52,17763988.5,84736005.7,432004997
2486.7,S,34,20996.18,3099.99,17763988.5,84736010.0,432005028
2487.7,S,34,21004.90,3101.52,17763988.5,84736010.4,432005033
2488.7,S,34,21013.58,3102.95,17763988.5,84736010.7,432005038
2489.7,S,34,21022.08,3104.45,17763988.5,84736075.6,432005255
2490.7,S,34,21030.71,3105.88,17763988.5,84736076.0,432005259
2491.7,S,38,21036.36,3106.73,17763988.5,84736178.7,432005723
2492.7,S,38,21047.47,3108.16,17763988.5,84736237.0,432005929
2493.7,S,34,21055.71,3109.37,17763988.5,84736275.1,432006072
2494.7,S,34,21063.95,3110.89,17763988.5,84736342.8,432006326
2495.7,S,34,21072.77,3112.31,17763988.5,84736343.7,432006331
2496.7,S,34,21081.54,3113.72,17763988.5,84736344.0,432006336
2497.7,S,34,21090.24,3115.21,17763988.5,84736344.2,432006338
2498.7,S,34,21096.14,3116.15,17763988.5,84736431.8,432006712
2499.7,S,38,21107.20,3117.65,17763988.5,84736512.0,432006817
2500.7,S,34,21116.32,3119.10,17763988.5,84736608.1,432006901
2501.7,S,34,21124.95,3120.52,17763988.5,84736608.5,432006902
2502.7,S,34,21133.46,3121.94,17763988.5,84736608.8,432006905
2503.7,S,34,21141.87,3123.46,17763988.5,84736674.1,432006969
2504.7,S,34,21150.46,3124.94,17763988.5,84736698.2,432006999
2505.7,S,38,21158.73,3126.22,17763988.5,84736801.3,432007095
2506.7,S,38,21170.56,3127.95,17763988.5,84736851.8,432007206
2507.7,S,34,21178.83,3129.33,17763988.5,84736897.9,432007425
2508.7,S,34,21187.50,3130.57,17763988.5,84736898.1,432007428
2509.7,S,34,21195.58,3131.86,17763988.5,84736963.1,432007695
2510.7,S,34,21204.34,3133.23,17763988.5,84736963.5,432007700
2511.7,S,34,21212.99,3134.72,17763988.5,84736963.7,432007708
2512.7,S,34,21219.97,3136.01,17763988.5,84737059.3,432008067
2513.7,S,38,21230.29,3137.41,17763988.5,84737108.7,432008250
2514.7,S,34,21237.69,3138.59,17763988.5,84737204.9,432008717
2515.7,S,34,21246.26,3139.99,17763988.5,84737205.1,432008722
2516.7,S,34,21254.21,3141.39,17763988.5,84737269.9,432008962
2517.7,S,34,21263.06,3142.82,17763988.5,84737270.1,432008970
2518.7,S,34,21271.78,3144.12,17763988.5,84737270.4,432008972
2519.7,S,34,21280.46,3145.67,17763988.5,84737270.7,432008980
2520.7,S,38,21288.07,3146.73,17763988.5,84737389.1,432009404
2521.7,S,34,21296.92,3148.10,17763988.5,84737538.6,432009993
2522.7,S,34,21305.48,3149.65,17763988.5,84737539.0,432009998
2523.7,S,34,21314.31,3151.05,17763988.5,84737539.2,432010005
2524.7,S,34,21323.08,3152.48,17763988.5,84737539.8,432010009
2525.7,S,34,21331.69,3153.88,17763988.5,84737545.8,432010047
2526.7,S,34,21340.08,3155.20,17763988.5,84737604.9,432010298
2527.7,S,38,21346.33,3156.09,17763988.5,84737707.8,432010729
2528.7,S,34,21357.73,3157.73,17763988.5,84737845.7,432010886
2529.7,S,34,21366.31,3159.24,17763988.5,84737846.0,432010889
2530.7,S,34,21375.03,3160.71,17763988.5,84737846.6,432010896
2531.7,S,34,21383.86,3162.14,17763988.5,84737846.8,432010898
2532.7,S,34,21392.40,3163.69,17763988.5,84737911.8,432010956
2533.7,S,34,21400.90,3165.09,17763988.5,84737912.1,432010957
2534.7,S,38,21410.60,3166.53,17763988.5,84738015.2,432011047
2535.7,S,34,21421.22,3168.20,17763988.5,84738111.3,432011214
2536.7,S,34,21429.91,3169.67,17763988.5,84738111.9,432011219
2537.7,S,34,21438.17,3171.24,17763988.5,84738176.7,432011413
2538.7,S,34,21446.96,3172.62,17763988.5,84738177.1,432011423
2539.7,S,34,21455.65,3174.06,17763988.5,84738177.5,432011430
2540.7,S,34,21464.17,3175.51,17763988.5,84738222.9,432011566
2541.7,S,38,21471.63,3176.54,17763988.5,84738326.1,432011945
2542.7,S,34,21481.96,3178.08,17763988.5,84738422.5,432012224
2543.7,S,34,21490.68,3179.42,17763988.5,84738422.8,432012231
2544.7,S,34,21499.16,3180.89,17763988.5,84738471.9,432012421
2545.7,S,34,21507.65,3182.38,17763988.5,84738487.6,432012509
2546.7,S,34,21516.41,3183.90,17763988.5,84738506.6,432012591
2547.7,S,34,21525.05,3185.21,17763988.5,84738507.2,432012595
2548.7,S,38,21532.19,3186.15,17763988.5,84738609.9,432012983
2549.7,S,34,21542.20,3187.59,17763988.5,84738705.9,432013355
2550.7,S,34,21550.69,3188.86,17763988.5,84738770.5,432013520
2551.7,S,34,21559.39,3190.23,17763988.5,84738771.1,432013525
2552.7,S,34,21568.10,3191.73,17763988.5,84738771.3,432013529
2553.7,S,34,21576.88,3193.12,17763988.5,84738807.2,432013569
2554.7,S,34,21585.71,3194.47,17763988.5,84738807.6,432013571
2555.7,S,38,21595.59,3195.97,17763988.5,84738910.4,432013665
2556.7,S,34,21605.85,3197.56,17763988.5,84739006.4,432013764
2557.7,S,34,21614.56,3198.99,17763988.5,84739071.4,432013827
2558.7,S,34,21623.37,3200.41,17763988.5,84739071.9,432013830
2559.7,S,34,21632.09,3201.73,17763988.5,84739107.5,432013865
2560.7,S,34,21641.07,3203.13,17763988.5,84739107.7,432013867
2561.7,S,34,21648.56,3204.32,17763988.5,84739166.0,432014004
2562.7,S,38,21659.70,3205.74,17763988.5,84739211.2,432014120
2563.7,S,34,21666.30,3206.82,17763988.5,84739337.6,432014633
2564.7,S,34,21671.72,3207.70,17763988.5,84739372.3,432014777
2565.7,S,34,21677.08,3208.58,17763988.5,84739372.4,432014778
2566.7,S,34,21682.69,3209.53,17763988.5,84739407.8,432014887
2567.7,S,34,21688.99,3210.46,17763988.5,84739408.3,432014896
2568.7,S,34,21695.29,3211.53,17763988.5,84739408.8,432014899
2569.7,S,34,21701.60,3212.50,17763988.5,84739409.4,432014902
2570.7,S,34,21707.78,3213.46,17763988.5,84739470.7,432015081
2571.7,S,34,21714.11,3214.33,17763988.5,84739474.5,432015102
2572.7,S,34,21720.54,3215.41,17763988.5,84739594.1,432015528
2573.7,S,34,21726.84,3216.47,17763988.5,84739594.2,432015530
2574.7,S,38,21735.91,3217.48,17763988.5,84739598.9,432015557
2575.7,S,34,21742.09,3218.37,17763988.5,84739695.1,432015890
2576.7,S,34,21746.69,3219.20,17763988.5,84739759.9,432016113
2577.7,S,34,21751.50,3220.00,17763988.5,84739760.1,432016114
2578.7,S,34,21756.27,3220.77,17763988.5,84739760.3,432016115
2579.7,S,34,21760.97,3221.50,17763988.5,84739760.6,432016118
2580.7,S,34,21765.66,3222.32,17763988.5,84739761.3,432016126
2581.7,S,34,21770.31,3223.17,17763988.5,84739830.8,432016316
2582.7,S,34,21775.67,3224.05,17763988.5,84739920.4,432016393
2583.7,S,34,21781.23,3224.91,17763988.5,84739920.7,432016397
2584.7,S,34,21786.64,3225.83,17763988.5,84739920.9,432016398
2585.7,S,34,21792.13,3226.74,17763988.5,84739921.5,432016402
2586.7,S,34,21797.43,3227.66,17763988.5,84739986.4,432016460
2587.7,S,34,21802.80,3228.52,17763988.5,84740058.8,432016526
2588.7,S,34,21808.34,3229.40,17763988.5,84740059.0,432016526
2589.8,S,34,21813.87,3230.19,17763988.5,84740059.3,432016529
2590.8,S,38,21820.11,3231.09,17763988.5,84740137.4,432016611
2591.8,S,36,21827.62,3231.84,17763988.5,84740225.4,432016795
2592.8,S,34,21828.99,3231.93,17763988.5,84740248.4,432016887
2593.8,S,34,21829.63,3232.01,17763988.5,84740328.6,432017168
2594.8,S,34,21830.62,3232.03,17763988.5,84740328.8,432017170
2595.8,S,34,21831.60,3232.05,17763988.5,84740329.1,432017176
2596.8,S,34,21832.43,3232.07,17763988.5,84740383.5,432017336
2597.8,S,34,21833.38,3232.08,17763988.5,84740394.0,432017376
2598.8,S,34,21834.32,3232.11,17763988.5,84740407.0,432017417
2599.8,S,34,21835.14,3232.16,17763988.5,84740430.1,432017562
2600.8,S,34,21836.12,3232.17,17763988.5,84740430.3,432017573
2601.8,S,34,21837.11,3232.19,17763988.5,84740430.4,432017574
2602.8,S,34,21837.82,3232.21,17763988.5,84740495.3,432017856
2603.8,S,34,21838.80,3232.23,17763988.5,84740495.5,432017866
2604.8,S,34,21839.65,3232.25,17763988.5,84740531.0,432018004
2605.8,S,34,21840.61,3232.29,17763988.5,84740531.3,432018015
2606.8,S,34,21841.59,3232.31,17763988.5,84740531.4,432018017
2607.8,S,34,21842.59,3232.32,17763988.5,84740531.6,432018020
2608.8,S,34,21843.35,3232.34,17763988.5,84740623.8,432018348
2609.8,S,34,21844.33,3232.36,17763988.5,84740624.3,432018352
2610.8,S,34,21845.15,3232.40,17763988.5,84740659.6,432018494
2611.8,S,34,21846.14,3232.42,17763988.5,84740659.8,432018495
2612.8,S,34,21847.13,3232.43,17763988.5,84740659.9,432018496
2613.8,S,34,21848.11,3232.45,17763988.5,84740660.5,432018501
2614.8,S,34,21848.86,3232.47,17763988.5,84740725.0,432018742
2615.8,S,34,21849.85,3232.49,17763988.5,84740725.4,432018750
2616.8,S,34,21850.66,3232.53,17763988.5,84740760.7,432018907
2617.8,S,34,21851.65,3232.54,17763988.5,84740760.9,432018912
2618.8,S,34,21852.63,3232.56,17763988.5,84740761.0,432018920
2619.8,S,34,21853.62,3232.58,17763988.5,84740767.9,432018946
2620.8,S,34,21854.30,3232.61,17763988.5,84740832.6,432019237
2621.8,S,34,21855.29,3232.63,17763988.5,84740832.9,432019238
2622.8,S,34,21856.27,3232.65,17763988.5,84740833.1,432019249
2623.8,S,34,21857.26,3232.66,17763988.5,84740833.3,432019254
2624.8,S,34,21857.95,3232.72,17763988.5,84740904.4,432019516
2625.8,S,34,21858.93,3232.74,17763988.5,84740905.0,432019522
2626.8,S,34,21859.92,3232.75,17763988.5,84740905.1,432019525
2627.8,S,34,21860.90,3232.77,17763988.5,84740905.6,432019532
2628.8,S,34,21861.61,3232.79,17763988.5,84740970.1,432019812
2629.8,S,34,21862.59,3232.81,17763988.5,84740970.3,432019819
2630.8,S,34,21863.37,3232.86,17763988.5,84741006.1,432020009
2631.8,S,34,21864.36,3232.87,17763988.5,84741006.3,432020012
2632.8,S,34,21865.33,3232.89,17763988.5,84741006.7,432020019
2633.8,S,34,21866.32,3232.90,17763988.5,84741006.9,432020025
2634.8,S,34,21867.06,3232.92,17763988.5,84741071.4,432020281
2635.8,S,34,21868.04,3232.94,17763988.5,84741071.8,432020284
2636.8,S,34,21868.97,3232.98,17763988.5,84741107.1,432020327
2637.8,S,34,21869.95,3232.99,17763988.5,84741107.3,432020332
2638.8,S,34,21870.94,3233.01,17763988.5,84741107.7,432020333
2639.8,S,34,21871.87,3233.03,17763988.5,84741172.3,432020394
2640.8,S,34,21872.85,3233.05,17763988.5,84741172.4,432020396
2641.8,S,34,21873.78,3233.10,17763988.5,84741207.8,432020432
2642.8,S,34,21874.76,3233.12,17763988.5,84741208.3,432020436
2643.8,S,34,21875.74,3233.13,17763988.5,84741208.5,432020438
2644.8,S,34,21876.73,3233.15,17763988.5,84741209.0,432020443
2645.8,S,34,21877.67,3233.17,17763988.5,84741273.6,432020502
2646.8,S,34,21878.65,3233.19,17763988.5,84741273.8,432020505
2647.8,S,34,21879.64,3233.20,17763988.5,84741274.2,432020508
2648.8,S,34,21880.57,3233.23,17763988.5,84741338.8,432020565
2649.8,S,34,21881.53,3233.26,17763988.5,84741344.3,432020578
2650.8,S,34,21882.51,3233.28,17763988.5,84741344.4,432020579
2651.8,S,34,21883.50,3233.29,17763988.5,84741344.6,432020582
2652.8,S,34,21884.43,3233.32,17763988.5,84741409.4,432020639
2653.8,S,34,21885.42,3233.33,17763988.5,84741409.8,432020643
2654.8,S,34,21886.36,3233.37,17763988.5,84741445.2,432020676
2655.8,S,34,21887.34,3233.39,17763988.5,84741474.1,432020829
2656.8,S,34,21888.32,3233.40,17763988.5,84741474.2,432020832
2657.8,S,34,21889.31,3233.42,17763988.5,84741474.8,432020842
2658.8,S,34,21890.12,3233.45,17763988.5,84741539.5,432021021
2659.8,S,34,21891.11,3233.46,17763988.5,84741539.8,432021023
2660.8,S,34,21891.99,3233.49,17763988.5,84741575.3,432021118
2661.8,S,41,21896.20,3233.55,17763988.5,84741575.9,432021130
2662.8,S,41,21904.08,3233.68,17763988.5,84741576.1,432021132
2663.8,S,41,21911.97,3233.79,17763988.5,84741576.7,432021137
2664.8,S,41,21919.46,3233.93,17763988.5,84741689.3,432021548
2665.8,S,41,21926.02,3234.07,17763988.5,84741856.6,432022155
2666.8,S,41,21933.27,3234.20,17763988.5,84741938.0,432022454
2667.8,S,41,21938.43,3234.34,17763988.5,84742114.2,432023086
2668.8,S,41,21946.08,3234.50,17763988.5,84742282.7,432023233
2669.8,S,41,21953.90,3234.63,17763988.5,84742351.3,432023295
2670.8,S,41,21961.60,3234.77,17763988.5,84742518.1,432023497
2671.8,S,41,21969.48,3234.90,17763988.5,84742519.0,432023504
2672.8,S,41,21977.15,3235.03,17763988.5,84742584.1,432023739
2673.8,S,41,21980.45,3235.14,17763988.5,84742826.3,432024740
2674.8,S,41,21986.61,3235.25,17763988.5,84742907.7,432025037
2675.8,S,41,21994.22,3235.38,17763988.5,84742989.9,432025331
2676.8,S,41,22001.86,3235.51,17763988.5,84743037.7,432025576
2677.8,S,41,22008.46,3235.64,17763988.5,84743199.7,432026232
2678.8,S,41,22015.94,3235.77,17763988.5,84743285.0,432026587
2679.8,S,41,22023.32,3235.91,17763988.5,84743498.2,432027046
2680.8,S,41,22031.05,3236.05,17763988.5,84743699.1,432027223
2681.8,S,41,22038.66,3236.20,17763988.5,84743813.3,432027499
2682.8,S,41,22046.18,3236.34,17763988.5,84743909.1,432027873
2683.8,S,41,22052.52,3236.47,17763988.5,84744013.8,432028349
2684.8,S,41,22060.10,3236.60,17763988.5,84744091.1,432028668
2685.8,S,41,22066.45,3236.73,17763988.5,84744270.8,432029310
2686.8,S,41,22073.47,3236.84,17763988.5,84744408.9,432029817
2687.8,S,41,22081.13,3236.97,17763988.5,84744469.6,432030054
2688.8,S,41,22089.02,3237.09,17763988.5,84744472.6,432030063
2689.8,S,41,22096.09,3237.20,17763988.5,84744648.2,432030757
2690.9,S,41,22103.27,3237.33,17763988.5,84745079.0,432031358
2691.9,S,41,22111.04,3237.45,17763990.1,84745100.1,432031489
2692.9,S,41,22118.81,3237.57,17763990.8,84745133.9,432031603
2693.9,S,41,22125.53,3237.70,17763990.8,84745437.3,432032572
2694.9,S,41,22133.29,3237.82,17763990.8,84745466.6,432032711
2695.9,S,41,22140.15,3237.93,17763990.8,84745534.5,432033005
2696.9,S,41,22147.89,3238.05,17763990.8,84745572.6,432033158
2697.9,S,41,22155.27,3238.17,17763990.8,84745645.4,432033435
2698.9,S,41,22162.61,3238.32,17763990.8,84745826.4,432033629
2699.9,S,41,22170.30,3238.47,17763990.8,84746046.6,432033833
2700.9,S,41,22177.98,3238.59,17763990.8,84746132.5,432034053
2701.9,S,41,22185.13,3238.74,17763990.8,84746226.2,432034334
2702.9,S,41,22192.28,3238.89,17763990.8,84746348.8,432034795
2703.9,S,41,22199.85,3239.01,17763990.8,84746397.4,432035026
2704.9,S,41,22205.74,3239.13,17763990.8,84746592.4,432035747
2705.9,S,41,22213.43,3239.25,17763990.8,84746640.1,432035950
2706.9,S,41,22221.02,3239.39,17763990.8,84746798.4,432036211
2707.9,S,41,22228.84,3239.52,17763990.8,84746891.4,432036290
2708.9,S,41,22236.70,3239.64,17763990.8,84746910.1,432036309
2709.9,S,41,22243.77,3239.76,17763990.8,84747156.3,432036776
2710.9,S,40,22249.97,3239.86,17763990.8,84747284.9,432037220
2711.9,S,40,22254.97,3239.96,17763990.8,84747384.5,432037657
2712.9,S,40,22259.31,3240.07,17763990.8,84747580.8,432038412
2713.9,S,35,22262.60,3240.15,17763990.8,84747710.4,432038999
2714.9,S,34,22263.09,3240.59,17763990.8,84747757.1,432039176
2715.9,S,34,22269.36,3241.85,17763990.8,84747759.0,432039182
2716.9,S,34,22277.98,3243.31,17763990.8,84747759.4,432039190
2717.9,S,34,22286.68,3244.82,17763990.8,84747759.8,432039195
2718.9,S,34,22295.49,3246.28,17763990.8,84747760.0,432039198
2719.9,S,34,22303.86,3247.65,17763990.8,84747824.8,432039490
2720.9,S,34,22312.68,3248.91,17763990.8,84747827.0,432039501
2721.9,S,38,22321.85,3250.18,17763990.8,84747851.3,432039609
2722.9,S,38,22332.00,3251.66,17763990.8,84747934.5,432040002
2723.9,S,34,22340.81,3253.10,17763990.8,84747999.6,432040091
2724.9,S,34,22349.37,3254.55,17763990.8,84748000.1,432040094
2725.9,S,34,22358.18,3256.00,17763990.8,84748000.4,432040098
2726.9,S,34,22366.85,3257.38,17763990.8,84748001.2,432040101
2727.9,S,34,22375.70,3258.82,17763990.8,84748065.9,432040170
2728.9,S,38,22386.09,3260.32,17763990.8,84748115.6,432040227
2729.9,S,34,22396.34,3261.92,17763990.8,84748211.8,432040318
2730.9,S,34,22404.90,3263.47,17763990.8,84748263.9,432040368
2731.9,S,34,22413.53,3264.91,17763990.8,84748264.5,432040369
2732.9,S,34,22422.36,3266.27,17763990.8,84748265.0,432040373
2733.9,S,34,22431.03,3267.66,17763990.8,84748265.4,432040380
2734.9,S,34,22439.81,3269.08,17763990.8,84748265.8,432040386
2735.9,S,38,22449.48,3270.40,17763990.8,84748405.4,432040760
2736.9,S,34,22457.67,3271.67,17763990.8,84748501.3,432041145
2737.9,S,34,22466.37,3273.09,17763990.8,84748501.6,432041146
2738.9,S,34,22474.90,3274.47,17763990.8,84748542.5,432041336
2739.9,S,34,22483.72,3275.75,17763990.8,84748543.0,432041345
2740.9,S,34,22492.52,3277.11,17763990.8,84748543.1,432041348
2741.9,S,34,22501.04,3278.58,17763990.8,84748543.4,432041355
2742.9,S,38,22504.50,3279.15,17763990.8,84748709.0,432042073
2743.9,S,38,22515.44,3280.65,17763990.8,84748791.7,432042318
2744.9,S,34,22523.92,3281.95,17763990.8,84748805.2,432042374
2745.9,S,34,22532.36,3283.43,17763990.8,84748845.9,432042509
2746.9,S,34,22541.10,3284.87,17763990.8,84748846.2,432042517
2747.9,S,34,22549.69,3286.35,17763990.8,84748846.8,432042522
2748.9,S,34,22558.39,3287.69,17763990.8,84748847.0,432042526
2749.9,S,34,22563.81,3288.66,17763990.8,84748967.6,432042914
2750.9,S,38,22574.56,3290.02,17763990.8,84749015.1,432043076
2751.9,S,34,22582.99,3291.42,17763990.8,84749110.9,432043371
2752.9,S,34,22591.62,3292.95,17763990.8,84749111.1,432043374
2753.9,S,34,22600.41,3294.35,17763990.8,84749111.8,432043390
2754.9,S,34,22608.85,3295.86,17763990.8,84749176.6,432043573
2755.9,S,34,22617.50,3297.29,17763990.8,84749177.3,432043577
2756.9,S,34,22625.62,3298.55,17763990.8,84749205.1,432043664
2757.9,S,38,22635.00,3299.80,17763990.8,84749327.7,432044032
2758.9,S,34,22644.75,3301.35,17763990.8,84749424.1,432044126
2759.9,S,34,22653.43,3302.78,17763990.8,84749424.3,432044130
2760.9,S,34,22662.17,3304.14,17763990.8,84749425.0,432044133
2761.9,S,34,22670.84,3305.53,17763990.8,84749489.7,432044192
2762.9,S,34,22679.49,3306.96,17763990.8,84749489.9,432044194
2763.9,S,38,22687.64,3308.31,17763990.8,84749593.1,432044288
2764.9,S,38,22699.74,3309.92,17763990.8,84749697.4,432044411
2765.9,S,34,22707.93,3311.17,17763990.8,84749720.7,432044527
2766.9,S,34,22716.50,3312.66,17763990.8,84749721.3,432044541
2767.9,S,34,22725.39,3314.07,17763990.8,84749721.5,432044551
2768.9,S,34,22733.90,3315.41,17763990.8,84749786.3,432044836
2769.9,S,34,22742.41,3316.67,17763990.8,84749786.8,432044838
2771.0,S,34,22749.03,3317.65,17763990.8,84749872.6,432045237
2772.0,S,38,22757.23,3318.78,17763990.8,84749950.0,432045575
2773.0,S,34,22767.16,3320.32,17763990.8,84750046.5,432045678
2774.0,S,34,22775.84,3321.80,17763990.8,84750046.8,432045683
2775.0,S,34,22784.52,3323.13,17763990.8,84750047.0,432045686
2776.0,S,34,22793.17,3324.55,17763990.8,84750112.2,432045745
2777.0,S,34,22801.89,3325.99,17763990.8,84750112.3,432045748
2778.0,S,34,22810.58,3327.38,17763990.8,84750144.2,432045778
2779.0,S,38,22821.68,3329.08,17763990.8,84750247.2,432045871
2780.0,S,34,22830.69,3330.48,17763990.8,84750342.9,432045988
2781.0,S,34,22839.60,3331.80,17763990.8,84750343.1,432045990
2782.0,S,34,22848.34,3333.20,17763990.8,84750343.7,432045999
2783.0,S,34,22857.04,3334.52,17763990.8,84750408.3,432046240
2784.0,S,34,22865.88,3335.97,17763990.8,84750408.8,432046251
2785.0,S,38,22872.21,3336.91,17763990.8,84750511.6,432046612
2786.0,S,38,22883.42,3338.52,17763990.8,84750576.9,432046918
2787.0,S,34,22890.57,3339.73,17763990.8,84750659.4,432047224
2788.0,S,34,22899.26,3341.10,17763990.8,84750659.9,432047234
2789.0,S,34,22908.06,3342.35,17763990.8,84750660.1,432047235
2790.0,S,34,22916.75,3343.74,17763990.8,84750660.7,432047237
2791.0,S,34,22925.26,3345.08,17763990.8,84750725.4,432047523
2792.0,S,34,22932.25,3346.24,17763990.8,84750790.8,432047750
2793.0,S,38,22942.79,3347.66,17763990.8,84750828.8,432047905
2794.0,S,34,22949.52,3348.78,17763990.8,84750967.3,432048498
2795.0,S,34,22958.14,3350.22,17763990.8,84750968.1,432048507
2796.0,S,34,22966.82,3351.52,17763990.8,84750968.3,432048512
2797.0,S,34,22975.47,3352.91,17763990.8,84750968.6,432048519
2798.0,S,34,22984.10,3354.32,17763990.8,84751017.3,432048689
2799.0,S,34,22992.73,3355.70,17763990.8,84751033.8,432048763
2800.0,S,38,23000.06,3356.70,17763990.8,84751136.6,432049164
2801.0,S,34,23009.30,3358.27,17763990.8,84751264.3,432049605
2802.0,S,34,23018.12,3359.65,17763990.8,84751264.6,432049607
2803.0,S,34,23026.86,3361.18,17763990.8,84751265.0,432049611
2804.0,S,34,23035.64,3362.69,17763990.8,84751265.3,432049614
2805.0,S,34,23044.19,3364.26,17763990.8,84751330.0,432049671
2806.0,S,34,23052.99,3365.66,17763990.8,84751330.2,432049672
2807.0,S,38,23063.33,3367.20,17763990.8,84751464.9,432049799
2808.0,S,34,23073.05,3368.81,17763990.8,84751560.8,432049885
2809.0,S,34,23081.78,3370.22,17763990.8,84751561.5,432049888
2810.0,S,34,23090.48,3371.67,17763990.8,84751561.7,432049892
2811.0,S,34,23099.02,3373.08,17763990.8,84751579.0,432049910
2812.0,S,34,23107.87,3374.47,17763990.8,84751627.0,432049999
2813.0,S,34,23116.57,3375.79,17763990.8,84751627.3,432050002
2814.0,S,38,23122.77,3376.73,17763990.8,84751761.8,432050495
2815.0,S,34,23132.56,3378.28,17763990.8,84751857.6,432050920
2816.0,S,34,23141.22,3379.67,17763990.8,84751858.1,432050925
2817.0,S,34,23149.82,3381.13,17763990.8,84751858.4,432050931
2818.0,S,34,23158.46,3382.55,17763990.8,84751905.3,432051141
2819.0,S,34,23167.08,3383.79,17763990.8,84751923.4,432051210
2820.0,S,34,23175.61,3385.21,17763990.8,84751950.5,432051309
2821.0,S,38,23182.15,3386.13,17763990.8,84752053.8,432051684
2822.0,S,38,23192.77,3387.61,17763990.8,84752116.5,432051935
2823.0,S,34,23201.40,3388.98,17763990.8,84752150.2,432052173
2824.0,S,34,23210.08,3390.41,17763990.8,84752150.6,432052181
2825.0,S,34,23218.50,3391.87,17763990.8,84752215.4,432052473
2826.0,S,34,23227.24,3393.28,17763990.8,84752215.8,432052478
2827.0,S,34,23235.88,3394.73,17763990.8,84752247.7,432052572
2828.0,S,38,23243.00,3395.93,17763990.8,84752350.6,432052871
2829.0,S,38,23253.86,3397.40,17763990.8,84752437.4,432053157
2830.0,S,34,23258.91,3398.28,17763990.8,84752447.2,432053195
2831.0,S,34,23263.46,3399.06,17763990.8,84752488.6,432053306
2832.0,S,34,23268.30,3399.83,17763990.8,84752512.4,432053383
2833.0,S,34,23273.09,3400.51,17763990.8,84752512.6,432053387
2834.0,S,34,23278.32,3401.45,17763990.8,84752544.7,432053542
2835.0,S,34,23283.79,3402.31,17763990.8,84752545.0,432053546
2836.0,S,34,23289.39,3403.19,17763990.8,84752545.1,432053548
2837.0,S,34,23294.89,3404.07,17763990.8,84752603.9,432053601
2838.0,S,34,23300.43,3404.97,17763990.8,84752703.8,432053689
2839.0,S,34,23305.99,3405.85,17763990.8,84752704.2,432053693
2840.0,S,34,23311.54,3406.76,17763990.8,84752736.2,432053725
2841.0,S,34,23317.92,3407.76,17763990.8,84752736.5,432053731
2842.0,S,38,23324.57,3408.88,17763990.8,84752745.9,432053752
2843.0,S,35,23333.76,3409.89,17763990.8,84752842.4,432053837
2844.0,S,34,23338.48,3410.66,17763990.8,84752842.6,432053840
2845.0,S,34,23343.23,3411.46,17763990.8,84752907.3,432053943
2846.0,S,34,23348.06,3412.22,17763990.8,84752907.8,432053948
2847.0,S,34,23352.72,3413.02,17763990.8,84752908.0,432053958
2848.0,S,34,23357.31,3413.70,17763990.8,84752993.0,432054227
2849.0,S,34,23362.12,3414.67,17763990.8,84753056.9,432054472
2850.0,S,34,23367.64,3415.51,17763990.8,84753057.3,432054478
2851.0,S,34,23373.13,3416.42,17763990.8,84753057.9,432054483
2852.0,S,34,23378.60,3417.29,17763990.8,84753058.1,432054490
2853.0,S,34,23383.88,3418.20,17763990.8,84753115.0,432054679
2854.0,S,34,23388.79,3419.24,17763990.8,84753191.5,432055057
2855.0,S,34,23394.18,3420.09,17763990.8,84753191.8,432055062
2856.0,S,34,23399.57,3420.89,17763990.8,84753192.2,432055069
2857.0,S,34,23405.67,3421.87,17763990.8,84753233.8,432055252
2858.0,S,38,23411.92,3422.85,17763990.8,84753252.0,432055338
2859.0,S,38,23420.98,3423.89,17763990.8,84753326.6,432055593
2860.0,S,34,23423.51,3424.28,17763990.8,84753400.7,432055988
2861.0,S,34,23424.27,3424.30,17763990.8,84753465.3,432056216
2862.0,S,34,23425.26,3424.32,17763990.8,84753465.7,432056220
2863.0,S,34,23426.24,3424.34,17763990.8,84753465.9,432056222
2864.0,S,34,23427.04,3424.40,17763990.8,84753506.7,432056369
2865.0,S,34,23428.03,3424.42,17763990.8,84753507.2,432056372
2866.0,S,34,23429.01,3424.43,17763990.8,84753507.3,432056373
2867.0,S,34,23429.94,3424.46,17763990.8,84753572.0,432056429
2868.0,S,34,23430.92,3424.48,17763990.8,84753572.4,432056432
2869.0,S,34,23431.91,3424.49,17763990.8,84753572.5,432056437
2870.0,S,34,23432.83,3424.54,17763990.8,84753624.3,432056485
2871.0,S,34,23433.82,3424.54,17763990.8,84753624.9,432056488
2872.0,S,34,23434.80,3424.56,17763990.8,84753625.1,432056491
2873.0,S,34,23435.79,3424.58,17763990.8,84753625.5,432056496
2874.0,S,34,23436.72,3424.60,17763990.8,84753690.0,432056551
2875.0,S,34,23437.71,3424.62,17763990.8,84753718.4,432056576
2876.0,S,34,23438.70,3424.62,17763990.8,84753718.9,432056581
2877.0,S,34,23439.63,3424.65,17763990.8,84753783.6,432056643
2878.0,S,34,23440.61,3424.67,17763990.8,84753783.9,432056644
2879.0,S,34,23441.60,3424.68,17763990.8,84753784.0,432056646
2880.0,S,34,23442.58,3424.70,17763990.8,84753784.2,432056650
2881.0,S,34,23443.51,3424.73,17763990.8,84753848.6,432056706
2882.0,S,34,23444.49,3424.75,17763990.8,84753849.2,432056708
2883.0,S,34,23445.48,3424.76,17763990.8,84753849.4,432056711
2884.0,S,34,23446.44,3424.78,17763990.8,84753873.5,432056748
2885.0,S,34,23447.23,3424.85,17763990.8,84753927.7,432056928
2886.0,S,34,23448.22,3424.86,17763990.8,84753927.9,432056935
2887.0,S,34,23449.20,3424.88,17763990.8,84753928.0,432056937
2888.0,S,34,23450.03,3424.90,17763990.8,84753976.4,432057097
2889.0,S,34,23450.93,3424.92,17763990.8,84753993.2,432057196
2890.0,S,34,23451.91,3424.93,17763990.8,84753997.6,432057208
2891.0,S,34,23452.90,3424.95,17763990.8,84753997.8,432057210
2892.0,S,34,23453.65,3424.98,17763990.8,84754062.3,432057442
2893.0,S,34,23454.64,3424.99,17763990.8,84754062.8,432057449
2894.0,S,34,23455.62,3425.01,17763990.8,84754063.0,432057455
2895.0,S,34,23456.61,3425.02,17763990.8,84754063.3,432057458
2896.0,S,34,23457.36,3425.04,17763990.8,84754127.9,432057713
2897.0,S,34,23458.27,3425.09,17763990.8,84754136.7,432057753
2898.1,S,34,23459.25,3425.11,17763990.8,84754137.0,432057754
2899.1,S,34,23460.23,3425.13,17763990.8,84754137.2,432057757
2900.1,S,34,23460.98,3425.15,17763990.8,84754201.8,432058002
2901.1,S,34,23461.97,3425.16,17763990.8,84754202.4,432058006
2902.1,S,34,23462.95,3425.18,17763990.8,84754202.6,432058016
2903.1,S,34,23463.94,3425.20,17763990.8,84754203.2,432058021
2904.1,S,34,23464.69,3425.22,17763990.8,84754267.6,432058260
2905.1,S,34,23465.67,3425.24,17763990.8,84754267.8,432058267
2906.1,S,34,23466.58,3425.26,17763990.8,84754287.0,432058337
2907.1,S,34,23467.44,3425.32,17763990.8,84754310.6,432058432
2908.1,S,34,23468.43,3425.34,17763990.8,84754310.7,432058433
2909.1,S,34,23469.41,3425.36,17763990.8,84754311.0,432058440
2910.1,S,34,23470.11,3425.37,17763990.8,84754375.5,432058736
2911.1,S,34,23471.09,3425.40,17763990.8,84754375.7,432058738
2912.1,S,34,23472.08,3425.41,17763990.8,84754375.9,432058739
2913.1,S,34,23473.07,3425.42,17763990.8,84754404.5,432058897
2914.1,S,34,23473.83,3425.47,17763990.8,84754460.9,432059101
2915.1,S,34,23474.82,3425.48,17763990.8,84754461.6,432059110
2916.1,S,34,23475.80,3425.50,17763990.8,84754461.9,432059113
2917.1,S,34,23476.68,3425.52,17763990.8,84754526.4,432059221
2918.1,S,34,23477.66,3425.54,17763990.8,84754526.6,432059224
2919.1,S,34,23478.65,3425.55,17763990.8,84754527.0,432059227
2920.1,S,34,23479.63,3425.57,17763990.8,84754527.4,432059234
2921.1,S,34,23480.57,3425.59,17763990.8,84754592.0,432059292
2922.1,S,34,23481.55,3425.61,17763990.8,84754592.1,432059293
2923.1,S,34,23482.54,3425.62,17763990.8,84754592.3,432059294
2924.1,S,34,23483.48,3425.64,17763990.8,84754646.5,432059342
2925.1,S,34,23484.41,3425.69,17763990.8,84754671.0,432059366
2926.1,S,34,23485.40,3425.71,17763990.8,84754671.6,432059370
2927.1,S,34,23486.38,3425.72,17763990.8,84754671.7,432059372
2928.1,S,34,23487.38,3425.73,17763990.8,84754671.9,432059377
2929.1,S,34,23488.31,3425.75,17763990.8,84754736.4,432059432
2930.1,S,34,23489.30,3425.76,17763990.8,84754736.7,432059437
2931.1,S,34,23490.28,3425.78,17763990.8,84754737.2,432059440
2932.1,S,34,23491.22,3425.81,17763990.8,84754801.9,432059496
2933.1,S,34,23492.15,3425.86,17763990.8,84754819.5,432059516
2934.1,S,34,23493.14,3425.87,17763990.8,84754819.8,432059518
2935.1,S,41,23500.20,3425.97,17763990.8,84754820.2,432059523
2936.1,S,41,23508.09,3426.09,17763990.8,84754821.0,432059528
2937.1,S,41,23515.95,3426.23,17763990.8,84754821.2,432059533
2938.1,S,41,23523.21,3426.35,17763990.8,84754924.8,432059887
2939.1,S,41,23525.84,3426.48,17763990.8,84755188.8,432060888
2940.1,S,41,23533.37,3426.61,17763990.8,84755275.1,432061220
2941.1,S,41,23540.40,3426.73,17763990.8,84755366.8,432061558
2942.1,S,41,23547.91,3426.86,17763990.8,84755420.0,432061741
2943.1,S,41,23554.14,3426.97,17763990.8,84755529.8,432062128
2944.1,S,41,23561.52,3427.10,17763990.8,84755673.1,432062654
2945.1,S,41,23567.89,3427.25,17763990.8,84755878.3,432063226
2946.1,S,41,23575.70,3427.38,17763990.8,84755978.7,432063312
2947.1,S,41,23583.53,3427.50,17763990.8,84756051.9,432063376
2948.1,S,41,23591.07,3427.64,17763990.8,84756219.0,432063739
2949.1,S,41,23598.53,3427.76,17763990.8,84756327.6,432064181
2950.1,S,41,23605.20,3427.89,17763990.8,84756457.1,432064663
2951.1,S,41,23612.95,3428.02,17763990.8,84756497.1,432064794
2952.1,S,41,23619.19,3428.15,17763990.8,84756687.1,432065593
2953.1,S,41,23626.95,3428.29,17763990.8,84756722.2,432065732
2954.1,S,41,23634.43,3428.43,17763990.8,84757004.7,432066034
2955.1,S,41,23642.32,3428.55,17763990.8,84757005.1,432066037
2956.1,S,41,23650.04,3428.69,17763990.8,84757122.2,432066166
2957.1,S,41,23656.85,3428.81,17763990.8,84757199.9,432066514
2958.1,S,41,23663.00,3428.93,17763990.8,84757347.7,432067065
2959.1,S,41,23669.18,3429.06,17763990.8,84757549.7,432067869
2960.1,S,41,23676.87,3429.19,17763990.8,84757606.6,432068080
2961.1,S,41,23684.65,3429.33,17763990.8,84757635.5,432068183
2962.1,S,41,23691.14,3429.44,17763990.8,84757802.9,432068853
2963.1,S,41,23698.78,3429.57,17763990.8,84757868.5,432069119
2964.1,S,41,23705.03,3429.69,17763990.8,84758032.5,432069708
2965.1,S,41,23712.84,3429.83,17763990.8,84758114.8,432069783
2966.1,S,41,23720.44,3430.00,17763990.8,84758332.1,432069971
2967.1,S,41,23728.08,3430.13,17763990.8,84758435.9,432070229
2968.1,S,41,23734.20,3430.27,17763990.8,84758609.5,432070840
2969.1,S,41,23741.85,3430.41,17763990.8,84758681.7,432071071
2970.1,S,41,23749.47,3430.55,17763990.8,84758742.2,432071294
2971.1,S,41,23756.30,3430.70,17763990.8,84758968.6,432072005
2972.1,S,41,23763.89,3430.83,17763990.8,84759050.3,432072312
2973.1,S,41,23771.11,3430.95,17763990.8,84759123.7,432072589
2974.1,S,41,23778.04,3431.10,17763990.8,84759318.6,432073262
2975.1,S,41,23785.13,3431.25,17763990.8,84759517.7,432073675
2976.1,S,41,23792.94,3431.39,17763990.8,84759601.0,432073752
2977.1,S,41,23800.76,3431.53,17763990.8,84759660.7,432073804
2978.1,S,41,23808.61,3431.65,17763990.8,84759719.1,432073857
2979.1,S,41,23816.03,3431.78,17763990.8,84759840.0,432074163
2980.1,S,41,23822.44,3431.91,17763990.8,84759993.7,432074688
2981.1,S,41,23829.80,3432.03,17763990.8,84760144.4,432075146
2982.1,S,40,23836.30,3432.14,17763990.8,84760233.5,432075525
2983.1,S,40,23842.68,3432.25,17763990.8,84760329.8,432075897
2984.1,S,40,23849.14,3432.37,17763990.8,84760446.0,432076341
2985.1,S,40,23855.22,3432.50,17763990.8,84760628.2,432076944
2986.1,S,40,23860.70,3432.62,17763990.8,84760819.1,432077445
2987.1,S,34,23862.71,3432.68,17763990.8,84760955.9,432077568
2988.1,S,34,23864.82,3433.67,17763990.8,84760975.1,432077593
2989.1,S,34,23873.41,3435.01,17763990.8,84760976.1,432077596
2990.1,S,34,23881.78,3436.64,17763990.8,84760976.4,432077601
2991.1,S,34,23890.54,3438.09,17763990.8,84760976.6,432077604
2992.1,S,34,23899.24,3439.55,17763990.8,84761043.2,432077668
2993.1,S,34,23907.87,3441.09,17763990.8,84761043.4,432077670
2994.1,S,38,23916.80,3442.34,17763990.8,84761067.1,432077702
2995.1,S,38,23928.15,3443.89,17763990.8,84761159.1,432077863
2996.1,S,34,23936.88,3445.35,17763990.8,84761220.6,432078033
2997.1,S,34,23945.63,3446.83,17763990.8,84761221.5,432078046
2998.1,S,34,23954.25,3448.34,17763990.8,84761222.3,432078052
2999.1,S,34,23963.10,3449.72,17763990.8,84761222.4,432078053
3000.1,S,34,23971.75,3451.23,17763990.8,84761222.8,432078064
3001.1,S,38,23979.28,3452.41,17763990.8,84761336.4,432078460
3002.1,S,38,23989.62,3454.02,17763990.8,84761410.1,432078764
3003.1,S,34,23998.24,3455.38,17763990.8,84761433.3,432078855
3004.1,S,34,24006.95,3456.70,17763990.8,84761433.9,432078861
3005.1,S,34,24015.47,3458.16,17763990.8,84761498.6,432079087
3006.1,S,34,24024.09,3459.66,17763990.8,84761499.2,432079097
3007.1,S,34,24032.79,3461.05,17763990.8,84761499.4,432079098
3008.1,S,38,24040.23,3462.10,17763990.8,84761574.2,432079391
3009.1,S,38,24050.73,3463.49,17763990.8,84761664.5,432079702
3010.1,S,34,24059.14,3464.93,17763990.8,84761734.3,432079977
3011.1,S,34,24067.92,3466.35,17763990.8,84761734.6,432079982
3012.1,S,34,24076.73,3467.72,17763990.8,84761734.9,432079984
3013.2,S,34,24085.41,3469.12,17763990.8,84761735.4,432079988
3014.2,S,34,24093.73,3470.61,17763990.8,84761800.0,432080232
3015.2,S,38,24103.00,3472.01,17763990.8,84761900.7,432080326
3016.2,S,34,24114.29,3473.67,17763990.8,84762024.3,432080439
3017.2,S,34,24122.96,3475.01,17763990.8,84762024.6,432080442
3018.2,S,34,24131.67,3476.41,17763990.8,84762024.9,432080444
3019.2,S,34,24140.47,3477.82,17763990.8,84762025.5,432080447
3020.2,S,34,24149.18,3479.23,17763990.8,84762058.8,432080477
3021.2,S,34,24157.92,3480.61,17763990.8,84762090.9,432080509
3022.2,S,38,24166.39,3481.78,17763990.8,84762193.9,432080787
3023.2,S,34,24175.94,3483.12,17763990.8,84762290.0,432081141
3024.2,S,34,24184.52,3484.62,17763990.8,84762336.4,432081310
3025.2,S,34,24193.19,3485.99,17763990.8,84762336.8,432081314
3026.2,S,34,24201.76,3487.41,17763990.8,84762337.3,432081319
3027.2,S,34,24210.47,3488.78,17763990.8,84762337.6,432081326
3028.2,S,34,24218.97,3490.34,17763990.8,84762402.2,432081636
3029.2,S,38,24224.08,3491.00,17763990.8,84762505.4,432082184
3030.2,S,38,24235.38,3492.55,17763990.8,84762560.7,432082385
3031.2,S,34,24243.41,3493.79,17763990.8,84762634.5,432082662
3032.2,S,34,24251.90,3495.20,17763990.8,84762648.6,432082741
3033.2,S,34,24260.58,3496.48,17763990.8,84762648.8,432082746
3034.2,S,34,24269.25,3497.89,17763990.8,84762649.0,432082756
3035.2,S,34,24277.88,3499.29,17763990.8,84762649.3,432082761
3036.2,S,34,24284.60,3500.39,17763990.8,84762760.7,432083247
3037.2,S,38,24293.95,3501.57,17763990.8,84762818.1,432083526
3038.2,S,34,24302.51,3502.89,17763990.8,84762914.1,432083926
3039.2,S,34,24311.23,3504.31,17763990.8,84762914.2,432083928
3040.2,S,34,24319.54,3505.84,17763990.8,84762975.0,432084144
3041.2,S,34,24328.32,3507.30,17763990.8,84762979.3,432084170
3042.2,S,34,24337.09,3508.73,17763990.8,84762979.5,432084179
3043.2,S,34,24344.88,3510.13,17763990.8,84763121.8,432084350
3044.2,S,38,24357.22,3511.81,17763990.8,84763159.2,432084388
3045.2,S,34,24365.92,3513.34,17763990.8,84763219.4,432084450
3046.2,S,34,24374.73,3514.75,17763990.8,84763219.6,432084453
3047.2,S,34,24383.47,3516.17,17763990.8,84763261.1,432084490
3048.2,S,34,24392.19,3517.49,17763990.8,84763285.1,432084516
3049.2,S,34,24400.70,3518.91,17763990.8,84763285.5,432084522
3050.2,S,38,24408.40,3520.24,17763990.8,84763424.6,432084717
3051.2,S,38,24420.09,3521.89,17763990.8,84763480.3,432084830
3052.2,S,34,24428.12,3523.21,17763990.8,84763521.1,432084986
3053.2,S,34,24436.95,3524.60,17763990.8,84763521.5,432084993
3054.2,S,34,24445.70,3526.02,17763990.8,84763564.4,432085098
3055.2,S,34,24454.28,3527.38,17763990.8,84763586.8,432085243
3056.2,S,34,24463.17,3528.73,17763990.8,84763586.9,432085243
3057.2,S,38,24470.34,3529.81,17763990.8,84763690.0,432085535
3058.2,S,38,24480.85,3531.32,17763990.8,84763768.8,432085735
3059.2,S,34,24488.35,3532.78,17763990.8,84763844.9,432086107
3060.2,S,34,24496.98,3534.28,17763990.8,84763845.8,432086117
3061.2,S,34,24505.68,3535.67,17763990.8,84763846.3,432086126
3062.2,S,34,24514.22,3537.10,17763990.8,84763846.3,432086127
3063.2,S,34,24522.57,3538.52,17763990.8,84763900.3,432086315
3064.2,S,34,24531.01,3540.08,17763990.8,84763912.0,432086380
3065.2,S,38,24537.84,3540.89,17763990.8,84764015.0,432086828
3066.2,S,34,24547.98,3542.39,17763990.8,84764111.5,432087036
3067.2,S,34,24556.65,3543.81,17763990.8,84764111.7,432087039
3068.2,S,34,24565.27,3545.23,17763990.8,84764176.4,432087098
3069.2,S,34,24573.94,3546.66,17763990.8,84764176.6,432087101
3070.2,S,34,24582.63,3548.14,17763990.8,84764214.4,432087140
3071.2,S,34,24591.37,3549.59,17763990.8,84764214.7,432087141
3072.2,S,38,24601.16,3551.01,17763990.8,84764318.0,432087236
3073.2,S,34,24611.71,3552.63,17763990.8,84764414.1,432087320
3074.2,S,34,24620.57,3554.13,17763990.8,84764414.5,432087321
3075.2,S,34,24629.02,3555.50,17763990.8,84764479.3,432087503
3076.2,S,34,24637.71,3556.89,17763990.8,84764479.7,432087509
3077.2,S,34,24646.50,3558.24,17763990.8,84764480.2,432087514
3078.2,S,34,24655.17,3559.57,17763990.8,84764485.1,432087535
3079.2,S,38,24662.79,3560.53,17763990.8,84764647.6,432088180
3080.2,S,34,24671.20,3561.84,17763990.8,84764743.6,432088622
3081.2,S,34,24679.59,3563.36,17763990.8,84764764.8,432088699
3082.2,S,34,24688.16,3564.77,17763990.8,84764765.1,432088702
3083.2,S,34,24697.01,3566.20,17763990.8,84764765.6,432088705
3084.2,S,34,24705.76,3567.53,17763990.8,84764766.0,432088707
3085.2,S,34,24714.13,3568.88,17763990.8,84764830.6,432088978
3086.2,S,38,24720.26,3569.70,17763990.8,84764933.8,432089426
3087.2,S,38,24730.53,3571.08,17763990.8,84764989.8,432089698
3088.2,S,34,24739.30,3572.49,17763990.8,84765030.0,432089899
3089.2,S,34,24748.09,3573.87,17763990.8,84765030.4,432089907
3090.2,S,34,24756.79,3575.19,17763990.8,84765095.2,432090241
3091.2,S,34,24765.57,3576.62,17763990.8,84765095.6,432090244
3092.2,S,34,24774.33,3578.07,17763990.8,84765095.9,432090251
3093.2,S,38,24778.68,3578.78,17763990.8,84765239.8,432090812
3094.2,S,38,24790.96,3580.51,17763990.8,84765245.4,432090828
3095.2,S,34,24799.25,3581.78,17763990.8,84765336.8,432091024
3096.2,S,34,24808.08,3583.22,17763990.8,84765337.2,432091028
3097.2,S,34,24816.92,3584.53,17763990.8,84765337.7,432091030
3098.2,S,34,24825.68,3585.84,17763990.8,84765402.4,432091087
3099.2,S,34,24834.63,3587.17,17763990.8,84765402.6,432091091
3100.2,S,38,24843.40,3588.58,17763990.8,84765505.7,432091187
3101.2,S,34,24854.29,3590.20,17763990.8,84765601.7,432091275
3102.2,S,34,24859.61,3591.01,17763990.8,84765666.3,432091345
3103.2,S,34,24864.98,3591.91,17763990.8,84765666.8,432091347
3104.2,S,34,24870.35,3592.76,17763990.8,84765667.1,432091357
3105.2,S,34,24876.02,3593.73,17763990.8,84765708.6,432091504
3106.2,S,34,24882.60,3594.70,17763990.8,84765709.1,432091506
3107.2,S,34,24888.84,3595.74,17763990.8,84765709.2,432091514
3108.2,S,34,24895.07,3596.63,17763990.8,84765709.6,432091519
3109.2,S,34,24901.31,3597.59,17763990.8,84765710.1,432091521
3110.2,S,34,24907.60,3598.64,17763990.8,84765863.8,432092155
3111.2,S,34,24913.94,3599.58,17763990.8,84765873.8,432092253
3112.2,S,38,24920.57,3600.51,17763990.8,84765906.9,432092390
3113.2,S,38,24929.66,3601.54,17763990.8,84765936.3,432092497
3114.2,S,34,24934.54,3602.35,17763990.8,84766003.1,432092901
3115.2,S,34,24939.19,3603.09,17763990.8,84766003.5,432092903
3116.2,S,34,24943.84,3603.89,17763990.8,84766004.0,432092907
3117.2,S,34,24948.52,3604.61,17763990.8,84766068.7,432093128
3118.2,S,34,24953.18,3605.44,17763990.8,84766069.0,432093132
3119.2,S,34,24957.78,3606.23,17763990.8,84766069.2,432093140
3120.2,S,34,24962.36,3607.06,17763990.8,84766069.5,432093144
3121.2,S,34,24966.42,3607.79,17763990.8,84766223.5,432093567
3122.2,S,34,24971.20,3608.61,17763990.8,84766223.8,432093578
3123.2,S,34,24975.84,3609.40,17763990.8,84766224.1,432093580
3124.2,S,34,24981.12,3610.30,17763990.8,84766260.6,432093692
3125.2,S,34,24986.64,3611.24,17763990.8,84766261.1,432093705
3126.2,S,34,24992.21,3612.08,17763990.8,84766265.4,432093721
3127.2,S,34,24997.69,3613.04,17763990.8,84766333.9,432094019
3128.2,S,34,25003.29,3614.02,17763990.8,84766399.0,432094241
3129.2,S,34,25008.88,3614.93,17763990.8,84766399.3,432094249
3130.2,S,38,25016.68,3615.82,17763990.8,84766413.3,432094316
3131.2,S,34,25021.16,3616.35,17763990.8,84766509.0,432094629
3132.2,S,34,25022.15,3616.36,17763990.8,84766562.8,432094884
3133.3,S,34,25022.94,3616.38,17763990.8,84766627.7,432095085
3134.3,S,34,25023.93,3616.39,17763990.8,84766628.0,432095089
3135.3,S,34,25024.91,3616.41,17763990.8,84766628.1,432095092
3136.3,S,34,25025.80,3616.49,17763990.8,84766680.0,432095139
3137.3,S,34,25026.79,3616.50,17763990.8,84766680.2,432095142
3138.3,S,34,25027.77,3616.52,17763990.8,84766680.7,432095147
3139.3,S,34,25028.71,3616.54,17763990.8,84766745.4,432095204
3140.3,S,34,25029.69,3616.55,17763990.8,84766745.7,432095207
3141.3,S,34,25030.64,3616.59,17763990.8,84766774.3,432095236
3142.3,S,34,25031.63,3616.60,17763990.8,84766774.4,432095241
3143.3,S,34,25032.61,3616.61,17763990.8,84766774.7,432095244
3144.3,S,34,25033.56,3616.63,17763990.8,84766824.8,432095289
3145.3,S,34,25034.54,3616.65,17763990.8,84766839.9,432095303
3146.3,S,34,25035.46,3616.70,17763990.8,84766897.6,432095371
3147.3,S,34,25036.45,3616.71,17763990.8,84766925.4,432095397
3148.3,S,34,25037.43,3616.73,17763990.8,84766925.9,432095400
3149.3,S,34,25038.42,3616.74,17763990.8,84766926.0,432095405
3150.3,S,34,25039.36,3616.76,17763990.8,84766991.1,432095462
3151.3,S,34,25040.34,3616.78,17763990.8,84767018.3,432095558
3152.3,S,34,25041.32,3616.80,17763990.8,84767018.6,432095563
3153.3,S,34,25042.15,3616.82,17763990.8,84767083.1,432095722
3154.3,S,34,25043.14,3616.83,17763990.8,84767083.5,432095727
3155.3,S,34,25044.13,3616.85,17763990.8,84767084.4,432095735
3156.3,S,34,25045.07,3616.86,17763990.8,84767105.5,432095796
3157.3,S,34,25045.84,3616.91,17763990.8,84767148.4,432095996
3158.3,S,34,25046.83,3616.93,17763990.8,84767148.6,432096003
3159.3,S,34,25047.81,3616.95,17763990.8,84767148.9,432096005
3160.3,S,34,25048.62,3616.96,17763990.8,84767213.7,432096187
3161.3,S,34,25049.61,3616.98,17763990.8,84767213.9,432096190
3162.3,S,34,25050.60,3616.98,17763990.8,84767216.1,432096196
3163.3,S,34,25051.59,3617.00,17763990.8,84767216.3,432096199
3164.3,S,34,25052.39,3617.03,17763990.8,84767280.8,432096384
3165.3,S,34,25053.37,3617.04,17763990.8,84767281.2,432096385
3166.3,S,34,25054.36,3617.06,17763990.8,84767281.6,432096394
3167.3,S,34,25055.15,3617.12,17763990.8,84767331.2,432096552
3168.3,S,34,25056.14,3617.13,17763990.8,84767331.4,432096556
3169.3,S,34,25057.12,3617.15,17763990.8,84767331.6,432096559
3170.3,S,34,25058.11,3617.16,17763990.8,84767332.0,432096568
3171.3,S,34,25058.85,3617.18,17763990.8,84767396.8,432096817
3172.3,S,34,25059.84,3617.20,17763990.8,84767397.0,432096820
3173.3,S,34,25060.82,3617.22,17763990.8,84767397.2,432096827
3174.3,S,34,25061.68,3617.24,17763990.8,84767443.0,432096959
3175.3,S,34,25062.60,3617.26,17763990.8,84767461.9,432097020
3176.3,S,34,25063.58,3617.28,17763990.8,84767462.5,432097020
3177.3,S,34,25064.44,3617.31,17763990.8,84767507.6,432097147
3178.3,S,34,25065.37,3617.36,17763990.8,84767514.4,432097175
3179.3,S,34,25066.35,3617.37,17763990.8,84767514.6,432097177
3180.3,S,34,25067.34,3617.39,17763990.8,84767514.8,432097187
3181.3,S,34,25068.13,3617.41,17763990.8,84767579.3,432097381
3182.3,S,34,25069.11,3617.43,17763990.8,84767580.0,432097387
3183.3,S,34,25070.00,3617.46,17763990.8,84767608.5,432097469
3184.3,S,34,25070.99,3617.48,17763990.8,84767608.7,432097471
3185.3,S,34,25071.98,3617.49,17763990.8,84767609.0,432097480
3186.3,S,34,25072.91,3617.52,17763990.8,84767626.5,432097533
3187.3,S,34,25073.76,3617.54,17763990.8,84767674.5,432097677
3188.3,S,34,25074.58,3617.58,17763990.8,84767702.8,432097828
3189.3,S,34,25075.56,3617.60,17763990.8,84767703.0,432097828
3190.3,S,34,25076.55,3617.61,17763990.8,84767703.2,432097829
3191.3,S,34,25077.53,3617.63,17763990.8,84767703.5,432097837
3192.3,S,34,25078.44,3617.65,17763990.8,84767768.2,432097915
3193.3,S,34,25079.42,3617.66,17763990.8,84767782.2,432097930
3194.3,S,34,25080.37,3617.70,17763990.8,84767796.9,432097947
3195.3,S,34,25081.36,3617.72,17763990.8,84767797.2,432097947
3196.3,S,34,25082.35,3617.73,17763990.8,84767797.5,432097951
3197.3,S,34,25083.27,3617.76,17763990.8,84767861.9,432098005
3198.3,S,34,25084.26,3617.77,17763990.8,84767862.5,432098009
3199.3,S,34,25085.25,3617.78,17763990.8,84767862.7,432098014
3200.3,S,34,25086.24,3617.80,17763990.8,84767862.9,432098017
3201.3,S,34,25087.17,3617.82,17763990.8,84767927.6,432098074
3202.3,S,34,25088.16,3617.83,17763990.8,84767927.7,432098075
3203.3,S,34,25089.14,3617.85,17763990.8,84767927.9,432098078
3204.3,S,34,25090.05,3617.90,17763990.8,84767988.4,432098133
3205.3,S,41,25093.55,3617.96,17763990.8,84767988.7,432098137
3206.3,S,41,25101.44,3618.08,17763990.8,84767989.1,432098141
3207.3,S,41,25109.32,3618.21,17763990.8,84767989.4,432098141
3208.3,S,41,25116.96,3618.36,17763990.8,84768137.4,432098357
3209.3,S,41,25122.47,3618.47,17763990.8,84768345.7,432099057
3210.3,S,41,25129.64,3618.59,17763990.8,84768452.9,432099411
3211.3,S,41,25137.54,3618.69,17763990.8,84768453.2,432099414
3212.3,S,41,25144.96,3618.83,17763990.8,84768582.3,432099901
3213.3,S,41,25152.32,3618.97,17763990.8,84768729.1,432100414
3214.3,S,41,25156.52,3619.11,17763990.8,84768951.1,432101274
3215.3,S,41,25164.40,3619.24,17763990.8,84768951.5,432101274
3216.3,S,41,25172.07,3619.36,17763990.8,84769000.0,432101428
3217.3,S,41,25179.04,3619.50,17763990.8,84769197.4,432101824
3218.3,S,41,25186.82,3619.64,17763990.8,84769312.0,432101923
3219.3,S,41,25194.58,3619.79,17763990.8,84769460.2,432102058
3220.3,S,41,25202.02,3619.93,17763990.8,84769525.0,432102383
3221.3,S,41,25208.81,3620.05,17763990.8,84769690.3,432102933
3222.3,S,41,25216.29,3620.17,17763990.8,84769776.3,432103275
3223.3,S,41,25222.68,3620.29,17763990.8,84769922.3,432103804
3224.3,S,41,25230.33,3620.41,17763990.8,84769975.9,432104045
3225.3,S,41,25238.04,3620.55,17763990.8,84770022.1,432104218
3226.3,S,41,25245.48,3620.72,17763990.8,84770340.6,432104638
3227.3,S,41,25253.25,3620.85,17763990.8,84770466.6,432104778
3228.3,S,41,25260.80,3620.96,17763990.8,84770519.9,432104984
3229.3,S,41,25267.67,3621.08,17763990.8,84770659.2,432105553
3230.3,S,41,25274.93,3621.22,17763990.8,84770771.7,432106033
3231.3,S,41,25282.35,3621.37,17763990.8,84770886.8,432106502
3232.3,S,41,25288.71,3621.49,17763990.8,84771052.0,432107159
3233.3,S,41,25296.24,3621.64,17763990.8,84771133.9,432107478
3234.3,S,41,25303.10,3621.77,17763990.8,84771262.8,432107963
3235.3,S,41,25310.68,3621.91,17763990.8,84771382.8,432108278
3236.3,S,41,25318.45,3622.05,17763990.8,84771531.7,432108427
3237.3,S,41,25326.23,3622.18,17763990.8,84771672.9,432108551
3238.3,S,41,25333.87,3622.31,17763990.8,84771809.7,432108815
3239.3,S,41,25341.46,3622.44,17763990.8,84771930.9,432109126
3240.3,S,41,25348.70,3622.59,17763990.8,84772111.5,432109601
3241.3,S,41,25356.34,3622.72,17763990.8,84772178.7,432109831
3242.3,S,41,25362.59,3622.85,17763990.8,84772341.0,432110408
3243.3,S,41,25370.45,3622.96,17763990.8,84772353.5,432110449
3244.3,S,41,25377.54,3623.08,17763990.8,84772462.9,432110848
3245.3,S,41,25385.14,3623.21,17763990.8,84772578.6,432110983
3246.3,S,41,25393.04,3623.32,17763990.8,84772578.8,432110985
3247.3,S,41,25400.78,3623.48,17763990.8,84772730.3,432111122
3248.3,S,41,25408.03,3623.62,17763990.8,84772962.2,432111628
3249.3,S,41,25415.06,3623.77,17763990.8,84773071.5,432111949
3250.3,S,41,25422.62,3623.89,17763990.8,84773163.2,432112300
3251.3,S,41,25429.76,3624.05,17763990.8,84773332.7,432112867
3252.4,S,41,25435.34,3624.19,17763990.8,84773629.7,432113592
3253.4,S,40,25442.48,3624.31,17763990.8,84773640.2,432113609
3254.4,S,40,25449.36,3624.40,17763990.8,84773683.3,432113650
3255.4,S,40,25456.13,3624.54,17763990.8,84773836.8,432113786
3256.4,S,38,25459.91,3624.66,17763990.8,84774090.2,432114564
3257.4,S,35,25461.42,3624.68,17763990.8,84774170.3,432114871
3258.4,S,34,25463.06,3625.66,17763990.8,84774185.9,432114944
3259.4,S,34,25471.85,3627.03,17763990.8,84774187.2,432114959
3260.4,S,34,25480.41,3628.35,17763990.8,84774187.6,432114972
3261.4,S,34,25488.95,3629.86,17763990.8,84774187.9,432114981
3262.4,S,34,25497.72,3631.25,17763990.8,84774209.1,432115053
3263.4,S,34,25506.16,3632.71,17763990.8,84774254.6,432115240
3264.4,S,34,25514.81,3634.22,17763990.8,84774255.2,432115246
3265.4,S,38,25525.41,3635.64,17763990.8,84774279.2,432115370
3266.4,S,34,25533.76,3636.93,17763990.8,84774375.2,432115712
3267.4,S,34,25542.15,3638.36,17763990.8,84774439.9,432115950
3268.4,S,34,25550.73,3639.93,17763990.8,84774440.4,432115952
3269.4,S,34,25559.52,3641.28,17763990.8,84774440.8,432115959
3270.4,S,34,25568.28,3642.70,17763990.8,84774441.2,432115962
3271.4,S,34,25576.54,3644.23,17763990.8,84774490.5,432116132
3272.4,S,38,25586.19,3645.52,17763990.8,84774558.3,432116394
3273.4,S,34,25594.09,3646.88,17763990.8,84774654.4,432116791
3274.4,S,34,25602.77,3648.28,17763990.8,84774655.0,432116798
3275.4,S,34,25611.48,3649.76,17763990.8,84774655.6,432116804
3276.4,S,34,25619.32,3651.23,17763990.8,84774720.5,432117027
3277.4,S,34,25627.89,3652.81,17763990.8,84774720.5,432117028
3278.4,S,34,25636.68,3654.21,17763990.8,84774720.7,432117029
3279.4,S,38,25643.69,3655.20,17763990.8,84774829.0,432117443
3280.4,S,34,25654.44,3656.82,17763990.8,84774925.2,432117557
3281.4,S,34,25663.32,3658.23,17763990.8,84774925.7,432117563
3282.4,S,34,25672.10,3659.43,17763990.8,84774925.9,432117566
3283.4,S,34,25680.85,3660.71,17763990.8,84774990.5,432117625
3284.4,S,34,25689.46,3662.17,17763990.8,84774990.8,432117627
3285.4,S,34,25698.06,3663.67,17763990.8,84775023.9,432117660
3286.4,S,38,25708.75,3665.21,17763990.8,84775125.0,432117756
3287.4,S,34,25718.22,3666.67,17763990.8,84775221.0,432117889
3288.4,S,34,25726.79,3668.09,17763990.8,84775221.2,432117892
3289.4,S,34,25735.61,3669.39,17763990.8,84775221.4,432117900
3290.4,S,34,25744.27,3670.71,17763990.8,84775286.6,432118129
3291.4,S,34,25752.93,3672.10,17763990.8,84775287.2,432118137
3292.4,S,34,25760.94,3673.41,17763990.8,84775345.9,432118346
3293.4,S,38,25769.78,3674.72,17763990.8,84775423.2,432118648
3294.4,S,34,25778.69,3676.08,17763990.8,84775519.0,432118993
3295.4,S,34,25787.43,3677.45,17763990.8,84775519.3,432119000
3296.4,S,34,25796.23,3678.80,17763990.8,84775520.0,432119003
3297.4,S,34,25804.53,3680.12,17763990.8,84775584.8,432119262
3298.4,S,34,25813.16,3681.61,17763990.8,84775585.0,432119265
3299.4,S,34,25821.66,3683.06,17763990.8,84775617.9,432119404
3300.4,S,38,25829.26,3683.97,17763990.8,84775720.9,432119821
3301.4,S,34,25838.57,3685.48,17763990.8,84775817.6,432120164
3302.4,S,34,25847.37,3686.92,17763990.8,84775817.8,432120168
3303.4,S,34,25856.22,3688.34,17763990.8,84775818.1,432120168
3304.4,S,34,25864.92,3689.80,17763990.8,84775882.9,432120290
3305.4,S,34,25873.67,3691.28,17763990.8,84775883.2,432120290
3306.4,S,34,25882.18,3692.74,17763990.8,84775916.4,432120327
3307.4,S,38,25893.26,3694.25,17763990.8,84776020.1,432120427
3308.4,S,34,25902.32,3695.85,17763990.8,84776115.7,432120515
3309.4,S,34,25911.25,3697.25,17763990.8,84776115.9,432120518
3310.4,S,34,25919.97,3698.60,17763990.8,84776180.6,432120578
3311.4,S,34,25928.76,3700.02,17763990.8,84776180.9,432120580
3312.4,S,34,25937.53,3701.32,17763990.8,84776181.4,432120583
3313.4,S,38,25944.36,3702.43,17763990.8,84776284.4,432120847
3314.4,S,38,25956.36,3704.12,17763990.8,84776370.4,432121252
3315.4,S,34,25963.91,3705.37,17763990.8,84776444.9,432121569
3316.4,S,34,25972.63,3706.74,17763990.8,84776445.2,432121577
3317.4,S,34,25981.31,3708.17,17763990.8,84776445.4,432121579
3318.4,S,34,25990.10,3709.58,17763990.8,84776446.2,432121587
3319.4,S,34,25998.60,3710.98,17763990.8,84776510.7,432121846
3320.4,S,34,26005.62,3712.31,17763990.8,84776570.3,432122072
3321.4,S,38,26016.13,3713.65,17763990.8,84776614.0,432122236
3322.4,S,34,26024.62,3714.97,17763990.8,84776709.9,432122603
3323.4,S,34,26033.04,3716.48,17763990.8,84776763.6,432122786
3324.4,S,34,26041.89,3717.87,17763990.8,84776763.9,432122795
3325.4,S,34,26050.40,3719.35,17763990.8,84776764.1,432122798
3326.4,S,34,26059.10,3720.81,17763990.8,84776764.4,432122801
3327.4,S,34,26065.83,3721.99,17763990.8,84776882.6,432123293
3328.4,S,38,26076.26,3723.36,17763990.8,84776932.6,432123469
3329.4,S,34,26084.67,3724.81,17763990.8,84777028.4,432123821
3330.4,S,34,26093.39,3726.20,17763990.8,84777028.7,432123824
3331.4,S,34,26102.00,3727.70,17763990.8,84777028.9,432123827
3332.4,S,34,26110.43,3729.20,17763990.8,84777093.6,432124128
3333.4,S,34,26119.22,3730.49,17763990.8,84777093.9,432124130
3334.4,S,34,26127.78,3731.98,17763990.8,84777127.1,432124230
3335.4,S,38,26138.97,3733.57,17763990.8,84777230.3,432124329
3336.4,S,34,26147.93,3735.15,17763990.8,84777326.4,432124417
3337.4,S,34,26156.67,3736.57,17763990.8,84777326.6,432124420
3338.4,S,34,26165.44,3737.90,17763990.8,84777387.8,432124475
3339.4,S,34,26174.30,3739.38,17763990.8,84777391.7,432124481
3340.4,S,34,26182.98,3740.82,17763990.8,84777392.3,432124485
3341.4,S,38,26189.85,3741.99,17763990.8,84777536.0,432124746
3342.4,S,38,26201.36,3743.75,17763990.8,84777573.4,432124900
3343.4,S,34,26208.20,3744.96,17763990.8,84777632.0,432125194
3344.4,S,34,26216.82,3746.31,17763990.8,84777632.3,432125197
3345.4,S,34,26225.56,3747.71,17763990.8,84777633.0,432125213
3346.4,S,34,26234.06,3749.17,17763990.8,84777697.8,432125433
3347.4,S,34,26242.80,3750.59,17763990.8,84777698.0,432125439
3348.4,S,34,26250.23,3751.80,17763990.8,84777737.1,432125594
3349.4,S,38,26257.44,3752.85,17763990.8,84777841.6,432126035
3350.4,S,34,26266.70,3754.33,17763990.8,84777937.5,432126428
3351.4,S,34,26275.54,3755.79,17763990.8,84777938.6,432126432
3352.4,S,34,26284.08,3757.25,17763990.8,84777938.8,432126437
3353.4,S,34,26292.78,3758.66,17763990.8,84777992.0,432126624
3354.4,S,34,26301.33,3760.13,17763990.8,84778003.7,432126670
3355.4,S,34,26310.11,3761.53,17763990.8,84778003.9,432126675
3356.4,S,38,26317.97,3762.58,17763990.8,84778106.8,432127053
3357.4,S,34,26328.37,3764.04,17763990.8,84778203.4,432127137
3358.4,S,34,26336.90,3765.52,17763990.8,84778268.1,432127197
3359.4,S,34,26345.68,3766.96,17763990.8,84778268.3,432127199
3360.4,S,34,26354.27,3768.36,17763990.8,84778309.3,432127240
3361.4,S,34,26363.09,3769.80,17763990.8,84778309.7,432127243
3362.4,S,38,26371.20,3771.26,17763990.8,84778413.4,432127338
3363.4,S,37,26383.37,3772.81,17763990.8,84778485.6,432127405
3364.4,S,34,26392.04,3774.24,17763990.8,84778509.9,432127491
3365.4,S,34,26400.78,3775.76,17763990.8,84778574.7,432127698
3366.4,S,34,26409.57,3777.32,17763990.8,84778575.0,432127703
3367.4,S,34,26418.19,3778.82,17763990.8,84778576.0,432127718
3368.4,S,34,26426.87,3780.25,17763990.8,84778576.8,432127733
3369.4,S,34,26432.15,3781.11,17763990.8,84778686.6,432128258
3370.4,S,38,26441.69,3782.38,17763990.8,84778744.3,432128510
3371.4,S,34,26448.92,3783.46,17763990.8,84778840.2,432128909
3372.5,S,34,26453.65,3784.20,17763990.8,84778844.5,432128922
3373.5,S,34,26459.11,3785.22,17763990.8,84778892.9,432129104
3374.5,S,34,26464.38,3786.13,17763990.8,84778893.1,432129107
3375.5,S,34,26469.78,3787.03,17763990.8,84778921.6,432129226
3376.5,S,34,26475.21,3787.87,17763990.8,84778921.9,432129228
3377.5,S,34,26480.57,3788.78,17763990.8,84778985.4,432129456
3378.5,S,34,26486.12,3789.66,17763990.8,84778987.4,432129468
3379.5,S,34,26491.70,3790.50,17763990.8,84778987.7,432129470
3380.5,S,34,26497.13,3791.34,17763990.8,84778988.1,432129478
3381.5,S,34,26502.64,3792.19,17763990.8,84778988.4,432129483
3382.5,S,34,26508.03,3793.08,17763990.8,84779096.3,432129999
3383.5,S,34,26513.52,3793.92,17763990.8,84779154.1,432130228
3384.5,S,38,26521.25,3794.79,17763990.8,84779190.0,432130410
3385.5,S,34,26527.82,3795.84,17763990.8,84779285.8,432130811
3386.5,S,34,26532.56,3796.62,17763990.8,84779286.1,432130814
3387.5,S,34,26537.25,3797.37,17763990.8,84779286.3,432130821
3388.5,S,34,26541.92,3798.18,17763990.8,84779414.8,432131093
3389.5,S,34,26546.76,3798.94,17763990.8,84779434.8,432131113
3390.5,S,34,26551.41,3799.63,17763990.8,84779435.0,432131116
3391.5,S,34,26556.14,3800.46,17763990.8,84779435.3,432131118
3392.5,S,34,26560.76,3801.31,17763990.8,84779435.5,432131120
3393.5,S,34,26565.50,3802.12,17763990.8,84779500.1,432131176
3394.5,S,34,26570.19,3802.86,17763990.8,84779565.3,432131236
3395.5,S,34,26575.17,3803.67,17763990.8,84779598.8,432131269
3396.5,S,34,26580.71,3804.48,17763990.8,84779599.1,432131271
3397.5,S,34,26586.07,3805.39,17763990.8,84779599.4,432131275
3398.5,S,34,26591.49,3806.19,17763990.8,84779599.7,432131277
3399.5,S,34,26596.86,3807.08,17763990.8,84779664.6,432131333
3400.5,S,34,26602.33,3807.96,17763990.8,84779665.1,432131334
3401.5,S,38,26608.84,3808.84,17763990.8,84779685.1,432131368
3402.5,S,34,26616.12,3809.72,17763990.8,84779781.3,432131600
3403.5,S,34,26616.95,3809.75,17763990.8,84779825.1,432131765
3404.5,S,34,26617.78,3809.76,17763990.8,84779899.3,432132105
3405.5,S,34,26618.76,3809.77,17763990.8,84779902.4,432132118
3406.5,S,34,26619.54,3809.84,17763990.8,84779933.3,432132276
3407.5,S,34,26620.53,3809.85,17763990.8,84779933.6,432132285
3408.5,S,34,26621.51,3809.87,17763990.8,84779933.7,432132287
3409.5,S,34,26622.26,3809.89,17763990.8,84779991.8,432132540
3410.5,S,34,26623.20,3809.90,17763990.8,84779998.8,432132580
3411.5,S,34,26624.19,3809.92,17763990.8,84779999.1,432132587
3412.5,S,34,26625.17,3809.94,17763990.8,84779999.4,432132589
3413.5,S,34,26625.87,3809.95,17763990.8,84780063.9,432132877
3414.5,S,34,26626.86,3809.97,17763990.8,84780091.4,432133037
3415.5,S,34,26627.84,3809.99,17763990.8,84780091.7,432133040
3416.5,S,34,26628.82,3810.01,17763990.8,84780092.0,432133041
3417.5,S,34,26629.51,3810.07,17763990.8,84780160.3,432133304
3418.5,S,34,26630.50,3810.08,17763990.8,84780160.8,432133307
3419.5,S,34,26631.48,3810.10,17763990.8,84780161.0,432133317
3420.5,S,34,26632.46,3810.12,17763990.8,84780161.1,432133320
3421.5,S,34,26633.20,3810.15,17763990.8,84780225.7,432133567
3422.5,S,34,26634.19,3810.16,17763990.8,84780226.1,432133576
3423.5,S,34,26635.06,3810.20,17763990.8,84780251.8,432133677
3424.5,S,34,26636.05,3810.21,17763990.8,84780266.1,432133721
3425.5,S,34,26637.04,3810.22,17763990.8,84780266.3,432133725
3426.5,S,34,26637.77,3810.24,17763990.8,84780330.8,432133987
3427.5,S,34,26638.75,3810.26,17763990.8,84780331.4,432133990
3428.5,S,34,26639.74,3810.28,17763990.8,84780331.7,432134000
3429.5,S,34,26640.72,3810.29,17763990.8,84780332.2,432134005
3430.5,S,34,26641.41,3810.32,17763990.8,84780396.7,432134298
3431.5,S,34,26642.40,3810.33,17763990.8,84780397.0,432134302
3432.5,S,34,26643.40,3810.34,17763990.8,84780397.4,432134303
3433.5,S,34,26644.15,3810.39,17763990.8,84780448.3,432134516
3434.5,S,34,26645.13,3810.41,17763990.8,84780450.4,432134518
3435.5,S,34,26646.12,3810.42,17763990.8,84780450.8,432134522
3436.5,S,34,26647.10,3810.44,17763990.8,84780451.0,432134528
3437.5,S,34,26647.82,3810.46,17763990.8,84780515.6,432134807
3438.5,S,34,26648.80,3810.48,17763990.8,84780516.0,432134811
3439.5,S,34,26649.78,3810.50,17763990.8,84780516.2,432134819
3440.5,S,34,26650.76,3810.53,17763990.8,84780516.8,432134825
3441.5,S,34,26651.51,3810.55,17763990.8,84780581.2,432135062
3442.5,S,34,26652.49,3810.56,17763990.8,84780581.4,432135063
3443.5,S,34,26653.41,3810.62,17763990.8,84780614.7,432135096
3444.5,S,34,26654.41,3810.63,17763990.8,84780615.2,432135102
3445.5,S,34,26655.39,3810.64,17763990.8,84780615.6,432135107
3446.5,S,34,26656.32,3810.66,17763990.8,84780680.2,432135164
3447.5,S,34,26657.31,3810.68,17763990.8,84780680.4,432135168
3448.5,S,34,26658.29,3810.70,17763990.8,84780680.5,432135171
3449.5,S,34,26659.28,3810.71,17763990.8,84780680.9,432135174
3450.5,S,34,26660.21,3810.74,17763990.8,84780745.4,432135230
3451.5,S,34,26661.19,3810.76,17763990.8,84780745.9,432135235
3452.5,S,34,26662.13,3810.80,17763990.8,84780778.9,432135268
3453.5,S,34,26663.11,3810.82,17763990.8,84780779.1,432135271
3454.5,S,34,26664.09,3810.83,17763990.8,84780779.2,432135272
3455.5,S,34,26665.02,3810.86,17763990.8,84780844.1,432135329
3456.5,S,34,26666.00,3810.88,17763990.8,84780844.5,432135330
3457.5,S,34,26666.98,3810.90,17763990.8,84780844.7,432135332
3458.5,S,34,26667.96,3810.92,17763990.8,84780844.8,432135335
3459.5,S,34,26668.90,3810.95,17763990.8,84780909.4,432135393
3460.5,S,34,26669.88,3810.96,17763990.8,84780909.7,432135395
3461.5,S,34,26670.87,3810.97,17763990.8,84780909.9,432135399
3462.5,S,34,26671.75,3811.03,17763990.8,84780961.0,432135463
3463.5,S,34,26672.74,3811.05,17763990.8,84780961.2,432135470
3464.5,S,34,26673.72,3811.07,17763990.8,84780961.3,432135473
3465.5,S,34,26674.60,3811.09,17763990.8,84780995.7,432135593
3466.5,S,34,26675.45,3811.11,17763990.8,84781026.3,432135737
3467.5,S,34,26676.43,3811.12,17763990.8,84781026.5,432135742
3468.5,S,34,26677.42,3811.14,17763990.8,84781026.8,432135745
3469.5,S,34,26678.16,3811.16,17763990.8,84781091.4,432135994
3470.5,S,34,26679.15,3811.17,17763990.8,84781091.7,432136005
3471.5,S,34,26679.96,3811.23,17763990.8,84781125.2,432136149
3472.5,S,34,26680.95,3811.24,17763990.8,84781125.4,432136152
3473.5,S,34,26681.94,3811.25,17763990.8,84781125.6,432136157
3474.5,S,34,26682.92,3811.27,17763990.8,84781125.9,432136160
3475.5,S,34,26683.54,3811.29,17763990.8,84781190.6,432136542
3476.5,S,34,26684.53,3811.30,17763990.8,84781191.1,432136548
3477.5,S,34,26685.53,3811.31,17763990.8,84781191.2,432136549
3478.5,S,34,26686.51,3811.32,17763990.8,84781191.3,432136552
3479.5,S,34,26687.26,3811.34,17763990.8,84781256.1,432136803
3480.5,S,34,26688.24,3811.36,17763990.8,84781256.2,432136804
3481.5,S,34,26689.06,3811.41,17763990.8,84781289.8,432136947
3482.5,S,34,26690.04,3811.42,17763990.8,84781290.3,432136952
3483.5,S,34,26691.03,3811.44,17763990.8,84781290.5,432136956
3484.5,S,34,26692.01,3811.45,17763990.8,84781290.8,432136968
3485.5,S,34,26692.73,3811.48,17763990.8,84781355.6,432137233
3486.5,S,34,26693.72,3811.49,17763990.8,84781355.8,432137235
3487.5,S,34,26694.70,3811.51,17763990.8,84781356.3,432137243
3488.5,S,34,26695.68,3811.53,17763990.8,84781356.7,432137256
3489.5,S,34,26696.43,3811.56,17763990.8,84781421.4,432137497
3490.5,S,34,26697.42,3811.58,17763990.8,84781421.7,432137499
3491.6,S,34,26698.25,3811.62,17763990.8,84781454.8,432137635
3492.6,S,41,26703.86,3811.71,17763990.8,84781455.6,432137641
3493.6,S,41,26711.73,3811.84,17763990.8,84781455.9,432137643
3494.6,S,41,26719.62,3811.96,17763990.8,84781456.0,432137651
3495.6,S,41,26726.73,3812.11,17763990.8,84781573.2,432138075
3496.6,S,41,26731.66,3812.25,17763990.8,84781836.0,432139071
3497.6,S,41,26739.37,3812.40,17763990.8,84781969.5,432139191
3498.6,S,41,26747.25,3812.53,17763990.8,84781969.7,432139194
3499.6,S,41,26755.03,3812.66,17763990.8,84782093.0,432139307
3500.6,S,41,26762.66,3812.80,17763990.8,84782225.3,432139570
3501.6,S,41,26769.43,3812.92,17763990.8,84782352.3,432140060
3502.6,S,41,26774.96,3813.04,17763990.8,84782552.5,432140864
3503.6,S,41,26782.86,3813.14,17763990.8,84782553.1,432140876
3504.6,S,41,26788.96,3813.28,17763990.8,84782739.7,432141567
3505.6,S,41,26795.75,3813.42,17763990.8,84782903.3,432141848
3506.6,S,41,26803.53,3813.56,17763990.8,84783017.9,432141951
3507.6,S,41,26811.43,3813.66,17763990.8,84783018.2,432141953
3508.6,S,41,26819.08,3813.80,17763990.8,84783181.8,432142194
3509.6,S,41,26825.12,3813.93,17763990.8,84783387.7,432143070
3510.6,S,41,26832.36,3814.07,17763990.8,84783508.8,432143586
3511.6,S,41,26840.24,3814.20,17763990.8,84783509.1,432143592
3512.6,S,41,26847.51,3814.34,17763990.8,84783606.1,432143988
3513.6,S,41,26851.00,3814.45,17763990.8,84783855.4,432144989
3514.6,S,41,26857.53,3814.55,17763990.8,84783911.1,432145259
3515.6,S,41,26864.90,3814.68,17763990.8,84783987.3,432145550
3516.6,S,41,26872.63,3814.82,17763990.8,84784072.3,432145696
3517.6,S,41,26880.41,3814.95,17763990.8,84784197.9,432145808
3518.6,S,41,26888.18,3815.09,17763990.8,84784353.9,432145943
3519.6,S,41,26895.62,3815.21,17763990.8,84784453.7,432146179
3520.6,S,41,26901.54,3815.31,17763990.8,84784567.9,432146771
3521.6,S,41,26908.77,3815.46,17763990.8,84784685.8,432147273
3522.6,S,41,26916.11,3815.60,17763990.8,84784832.2,432147837
3523.6,S,41,26923.47,3815.73,17763990.8,84784950.0,432148379
3524.6,S,41,26931.12,3815.86,17763990.8,84785016.5,432148634
3525.6,S,41,26937.80,3815.98,17763990.8,84785104.6,432148967
3526.6,S,41,26941.91,3816.13,17763990.8,84785392.4,432149628
3527.6,S,41,26949.81,3816.23,17763990.8,84785392.7,432149631
3528.6,S,41,26957.64,3816.36,17763990.8,84785469.0,432149699
3529.6,S,41,26965.45,3816.49,17763990.8,84785575.7,432149793
3530.6,S,41,26969.73,3816.62,17763990.8,84785851.6,432150626
3531.6,S,41,26976.52,3816.75,17763990.8,84785904.0,432150830
3532.6,S,41,26984.15,3816.88,17763990.8,84785968.9,432151095
3533.6,S,41,26991.82,3817.02,17763990.8,84786025.4,432151309
3534.6,S,41,26996.72,3817.14,17763990.8,84786260.5,432152101
3535.6,S,41,27004.47,3817.29,17763990.8,84786391.3,432152222
3536.6,S,41,27012.37,3817.39,17763990.8,84786391.7,432152225
3537.6,S,41,27020.20,3817.54,17763990.8,84786456.1,432152284
3538.6,S,41,27027.83,3817.68,17763990.8,84786636.0,432152545
3539.6,S,41,27034.62,3817.80,17763990.8,84786767.3,432153039
3540.6,S,41,27040.44,3817.92,17763990.8,84786933.2,432153667
3541.6,S,40,27047.40,3818.06,17763990.8,84787048.5,432154131
3542.6,S,40,27053.94,3818.18,17763990.8,84787137.9,432154501
3543.6,S,40,27060.13,3818.29,17763990.8,84787305.3,432155227
3544.6,S,38,27065.07,3818.38,17763990.8,84787353.7,432155411
3545.6,S,35,27067.18,3818.46,17763990.8,84787568.3,432156030
3546.6,S,34,27068.19,3818.53,17763990.8,84787616.3,432156079
3547.6,S,34,27071.56,3819.64,17763990.8,84787618.3,432156086
3548.6,S,34,27080.39,3821.10,17763990.8,84787618.7,432156089
3549.6,S,34,27089.02,3822.48,17763990.8,84787619.2,432156095
3550.6,S,34,27097.86,3823.91,17763990.8,84787619.6,432156099
3551.6,S,34,27106.57,3825.38,17763990.8,84787685.9,432156165
3552.6,S,34,27115.15,3826.75,17763990.8,84787686.0,432156166
3553.6,S,38,27124.26,3827.98,17763990.8,84787710.8,432156203
3554.6,S,34,27136.15,3829.62,17763990.8,84787806.6,432156293
3555.6,S,34,27145.11,3830.99,17763990.8,84787817.4,432156306
3556.6,S,34,27153.49,3832.49,17763990.8,84787875.9,432156394
3557.6,S,34,27162.15,3833.93,17763990.8,84787876.1,432156398
3558.6,S,34,27170.92,3835.33,17763990.8,84787876.7,432156406
3559.6,S,34,27179.85,3836.69,17763990.8,84787876.9,432156411
3560.6,S,38,27188.60,3837.91,17763990.8,84787991.3,432156858
3561.6,S,34,27198.47,3839.47,17763990.8,84788087.4,432157239
3562.6,S,34,27207.34,3840.82,17763990.8,84788088.0,432157248
3563.6,S,34,27216.16,3842.15,17763990.8,84788088.2,432157248
3564.6,S,34,27224.97,3843.64,17763990.8,84788088.8,432157258
3565.6,S,34,27233.48,3845.07,17763990.8,84788153.4,432157511
3566.6,S,34,27242.18,3846.42,17763990.8,84788153.7,432157522
3567.6,S,38,27250.95,3847.62,17763990.8,84788262.8,432157924
3568.6,S,34,27259.75,3849.03,17763990.8,84788358.8,432158260
3569.6,S,34,27268.42,3850.30,17763990.8,84788359.5,432158266
3570.6,S,34,27277.24,3851.57,17763990.8,84788359.6,432158271
3571.6,S,34,27286.05,3853.14,17763990.8,84788359.8,432158273
3572.6,S,34,27294.58,3854.52,17763990.8,84788424.8,432158551
3573.6,S,34,27303.28,3855.93,17763990.8,84788425.1,432158555
3574.6,S,38,27310.17,3856.88,17763990.8,84788526.4,432159010
3575.6,S,34,27319.80,3858.27,17763990.8,84788622.4,432159414
3576.6,S,34,27328.24,3859.66,17763990.8,84788687.1,432159674
3577.6,S,34,27336.91,3861.04,17763990.8,84788687.3,432159677
3578.6,S,34,27345.83,3862.36,17763990.8,84788687.9,432159681
3579.6,S,34,27354.20,3863.85,17763990.8,84788721.3,432159831
3580.6,S,34,27362.95,3865.23,17763990.8,84788721.8,432159836
3581.6,S,38,27371.54,3866.48,17763990.8,84788824.3,432160083
3582.6,S,34,27381.93,3868.12,17763990.8,84788920.2,432160169
3583.6,S,34,27390.72,3869.48,17763990.8,84788984.8,432160223
3584.6,S,34,27399.37,3870.97,17763990.8,84788985.5,432160227
3585.6,S,34,27408.04,3872.41,17763990.8,84789022.8,432160262
3586.6,S,34,27416.61,3873.89,17763990.8,84789023.2,432160268
3587.6,S,34,27425.26,3875.39,17763990.8,84789023.4,432160277
3588.6,S,38,27436.26,3876.89,17763990.8,84789126.6,432160381
3589.6,S,34,27443.87,3877.99,17763990.8,84789223.1,432160728
3590.6,S,34,27452.22,3879.25,17763990.8,84789287.9,432160986
3591.6,S,34,27461.15,3880.54,17763990.8,84789288.7,432160999
3592.6,S,34,27469.91,3881.88,17763990.8,84789288.8,432160999
3593.6,S,34,27478.71,3883.41,17763990.8,84789288.9,432161000
3594.6,S,34,27487.22,3884.86,17763990.8,84789350.9,432161211
3595.6,S,38,27494.68,3885.85,17763990.8,84789454.1,432161617
3596.6,S,34,27503.84,3887.25,17763990.8,84789550.5,432162057
3597.6,S,34,27512.47,3888.68,17763990.8,84789550.9,432162058
3598.6,S,34,27521.10,3890.11,17763990.8,84789550.9,432162059
3599.6,S,34,27529.31,3891.48,17763990.8,84789615.5,432162344
3600.6,S,34,27538.01,3892.84,17763990.8,84789615.8,432162350
3601.6,S,34,27546.43,3894.37,17763990.8,84789616.2,432162352
3602.6,S,38,27553.22,3895.24,17763990.8,84789719.3,432162756
3603.6,S,34,27564.26,3896.92,17763990.8,84789873.3,432162937
3604.6,S,34,27572.95,3898.30,17763990.8,84789873.8,432162942
3605.6,S,34,27581.83,3899.67,17763990.8,84789874.1,432162947
3606.6,S,34,27590.57,3901.12,17763990.8,84789874.2,432162948
3607.7,S,34,27599.17,3902.60,17763990.8,84789939.4,432163007
3608.7,S,34,27607.94,3903.88,17763990.8,84789968.9,432163043
3609.7,S,38,27617.89,3905.47,17763990.8,84790101.5,432163174
3610.7,S,34,27627.68,3906.99,17763990.8,84790197.4,432163468
3611.7,S,34,27636.44,3908.32,17763990.8,84790197.9,432163478
3612.7,S,34,27645.11,3909.68,17763990.8,84790198.7,432163486
3613.7,S,34,27653.67,3911.18,17763990.8,84790232.5,432163580
3614.7,S,34,27662.26,3912.57,17763990.8,84790264.1,432163716
3615.7,S,34,27670.83,3913.92,17763990.8,84790272.1,432163738
3616.7,S,38,27675.53,3914.63,17763990.8,84790396.4,432164359
3617.7,S,38,27684.58,3915.97,17763990.8,84790492.2,432164765
3618.7,S,34,27693.29,3917.51,17763990.8,84790493.0,432164777
3619.7,S,34,27702.08,3919.07,17763990.8,84790493.9,432164784
3620.7,S,34,27710.87,3920.46,17763990.8,84790494.2,432164792
3621.7,S,34,27719.40,3921.93,17763990.8,84790558.8,432165042
3622.7,S,34,27728.09,3923.46,17763990.8,84790559.0,432165045
3623.7,S,38,27733.50,3924.32,17763990.8,84790691.6,432165587
3624.7,S,38,27744.69,3926.00,17763990.8,84790733.3,432165833
3625.7,S,34,27752.95,3927.23,17763990.8,84790788.2,432166063
3626.7,S,34,27761.73,3928.60,17763990.8,84790788.4,432166066
3627.7,S,34,27770.48,3930.02,17763990.8,84790788.7,432166076
3628.7,S,34,27778.14,3931.29,17763990.8,84790853.5,432166343
3629.7,S,34,27786.93,3932.82,17763990.8,84790853.9,432166351
3630.7,S,34,27793.08,3933.84,17763990.8,84790962.5,432166774
3631.7,S,38,27804.64,3935.55,17763990.8,84790986.7,432166843
3632.7,S,34,27813.55,3936.89,17763990.8,84791082.7,432166929
3633.7,S,34,27822.21,3938.26,17763990.8,84791083.3,432166931
3634.7,S,34,27830.88,3939.64,17763990.8,84791148.0,432166987
3635.7,S,34,27839.70,3940.99,17763990.8,84791148.6,432166992
3636.7,S,34,27848.23,3942.39,17763990.8,84791178.0,432167021
3637.7,S,38,27856.53,3943.63,17763990.8,84791280.8,432167115
3638.7,S,35,27868.32,3945.29,17763990.8,84791372.1,432167223
3639.7,S,34,27876.95,3946.72,17763990.8,84791377.9,432167255
3640.7,S,34,27885.61,3948.22,17763990.8,84791381.4,432167265
3641.7,S,34,27894.03,3949.73,17763990.8,84791470.6,432167538
3642.7,S,34,27902.56,3951.15,17763990.8,84791470.8,432167546
3643.7,S,34,27910.98,3952.71,17763990.8,84791509.4,432167687
3644.7,S,38,27916.71,3953.62,17763990.8,84791612.7,432168076
3645.7,S,38,27929.15,3955.25,17763990.8,84791636.0,432168153
3646.7,S,34,27935.71,3956.31,17763990.8,84791709.0,432168673
3647.7,S,34,27944.40,3957.68,17763990.8,84791709.5,432168676
3648.7,S,34,27953.01,3959.04,17763990.8,84791774.1,432168872
3649.7,S,34,27961.67,3960.41,17763990.8,84791774.4,432168876
3650.7,S,34,27970.22,3962.02,17763990.8,84791804.0,432168968
3651.7,S,34,27977.44,3963.21,17763990.8,84791859.4,432169144
3652.7,S,38,27988.05,3964.78,17763990.8,84791907.0,432169290
3653.7,S,34,27996.51,3966.24,17763990.8,84792003.4,432169574
3654.7,S,34,28005.12,3967.66,17763990.8,84792067.9,432169631
3655.7,S,34,28013.91,3968.98,17763990.8,84792068.2,432169635
3656.7,S,34,28022.76,3970.33,17763990.8,84792068.6,432169637
3657.7,S,34,28031.50,3971.72,17763990.8,84792068.8,432169639
3658.7,S,38,28039.90,3973.15,17763990.8,84792222.2,432169776
3659.7,S,35,28051.87,3975.02,17763990.8,84792318.5,432169864
3660.7,S,34,28056.79,3975.78,17763990.8,84792318.8,432169868
3661.7,S,34,28061.55,3976.54,17763990.8,84792318.9,432169870
3662.7,S,34,28066.17,3977.28,17763990.8,84792383.9,432169940
3663.7,S,34,28070.89,3977.98,17763990.8,84792384.0,432169942
3664.7,S,34,28075.51,3978.78,17763990.8,84792384.2,432169950
3665.7,S,34,28080.18,3979.58,17763990.8,84792384.6,432169951
3666.7,S,34,28084.76,3980.40,17763990.8,84792449.3,432170140
3667.7,S,34,28089.46,3981.16,17763990.8,84792449.8,432170144
3668.7,S,34,28094.10,3981.97,17763990.8,84792450.0,432170147
3669.7,S,34,28098.84,3982.77,17763990.8,84792450.3,432170152
3670.7,S,34,28103.90,3983.62,17763990.8,84792561.4,432170526
3671.7,S,34,28109.33,3984.42,17763990.8,84792596.9,432170638
3672.7,S,34,28114.76,3985.35,17763990.8,84792597.3,432170646
3673.7,S,34,28120.14,3986.27,17763990.8,84792597.5,432170651
3674.7,S,38,28125.95,3987.05,17763990.8,84792668.7,432170918
3675.7,S,38,28134.40,3987.87,17763990.8,84792708.5,432171031
3676.7,S,34,28138.78,3988.58,17763990.8,84792844.3,432171538
3677.7,S,34,28142.80,3989.20,17763990.8,84792863.9,432171609
3678.7,S,34,28147.30,3990.03,17763990.8,84792889.5,432171703
3679.7,S,34,28152.04,3990.78,17763990.8,84792889.6,432171705
3680.7,S,34,28156.71,3991.52,17763990.8,84792889.8,432171708
3681.7,S,34,28161.31,3992.33,17763990.8,84792890.0,432171708
3682.7,S,34,28165.89,3993.09,17763990.8,84792954.6,432171969
3683.7,S,34,28170.58,3993.79,17763990.8,84792955.4,432171971
3684.7,S,34,28175.19,3994.59,17763990.8,84792955.6,432171974
3685.7,S,34,28179.81,3995.39,17763990.8,84792955.8,432171976
3686.7,S,34,28184.38,3996.13,17763990.8,84793020.4,432172201
3687.7,S,34,28189.10,3996.86,17763990.8,84793087.8,432172334
3688.7,S,34,28193.68,3997.61,17763990.8,84793088.1,432172337
3689.7,S,34,28198.32,3998.33,17763990.8,84793088.6,432172339
3690.7,S,34,28203.24,3999.24,17763990.8,84793141.2,432172387
3691.7,S,34,28208.61,4000.15,17763990.9,84793169.3,432172421
3692.7,S,34,28214.08,4000.95,17763990.9,84793218.6,432172467
3693.7,S,38,28220.80,4001.77,17763990.9,84793242.3,432172499
3694.7,S,34,28227.39,4002.57,17763990.9,84793402.7,432172641
3695.7,S,34,28228.38,4002.58,17763990.9,84793403.8,432172645
3696.7,S,34,28229.37,4002.60,17763990.9,84793403.9,432172646
3697.7,S,34,28230.25,4002.63,17763990.9,84793434.7,432172747
3698.7,S,34,28230.98,4002.69,17763990.9,84793461.6,432172968
3699.7,S,34,28231.97,4002.70,17763990.9,84793461.7,432172970
3700.7,S,34,28232.95,4002.72,17763990.9,84793462.0,432172973
3701.7,S,34,28233.72,4002.75,17763990.9,84793522.3,432173184
3702.7,S,34,28234.67,4002.77,17763990.9,84793527.0,432173218
3703.7,S,34,28235.65,4002.79,17763990.9,84793527.1,432173219
3704.7,S,34,28236.64,4002.80,17763990.9,84793527.2,432173224
3705.7,S,34,28237.37,4002.83,17763990.9,84793591.9,432173483
3706.7,S,34,28238.35,4002.84,17763990.9,84793592.1,432173487
3707.7,S,34,28239.34,4002.86,17763990.9,84793619.8,432173580
3708.7,S,34,28240.15,4002.91,17763990.9,84793659.8,432173724
3709.7,S,34,28241.13,4002.93,17763990.9,84793659.8,432173726
3710.7,S,34,28242.12,4002.94,17763990.9,84793660.0,432173730
3711.7,S,34,28242.89,4002.97,17763990.9,84793724.8,432173949
3712.7,S,34,28243.87,4002.99,17763990.9,84793725.2,432173956
3713.7,S,34,28244.85,4003.01,17763990.9,84793725.3,432173958
3714.7,S,34,28245.84,4003.01,17763990.9,84793725.5,432173962
3715.7,S,34,28246.60,4003.04,17763990.9,84793789.9,432174195
3716.7,S,34,28247.59,4003.05,17763990.9,84793790.3,432174196
3717.7,S,34,28248.57,4003.07,17763990.9,84793801.7,432174233
3718.7,S,34,28249.33,4003.13,17763990.9,84793847.9,432174424
3719.7,S,34,28250.32,4003.15,17763990.9,84793848.1,432174426
3720.7,S,34,28251.30,4003.16,17763990.9,84793848.2,432174426
3721.7,S,34,28252.27,4003.18,17763990.9,84793854.6,432174443
3722.7,S,34,28253.00,4003.21,17763990.9,84793917.0,432174712
3723.7,S,34,28253.99,4003.22,17763990.9,84793917.1,432174714
3724.7,S,34,28254.98,4003.23,17763990.9,84793917.5,432174725
3725.7,S,34,28255.71,4003.29,17763990.9,84793975.3,432174950
3726.8,S,34,28256.70,4003.30,17763990.9,84793975.4,432174951
3727.8,S,34,28257.68,4003.32,17763990.9,84793975.6,432174966
3728.8,S,34,28258.67,4003.33,17763990.9,84793977.8,432174974
3729.8,S,34,28259.44,4003.35,17763990.9,84794042.4,432175193
3730.8,S,34,28260.43,4003.36,17763990.9,84794042.7,432175200
3731.8,S,34,28261.42,4003.38,17763990.9,84794042.9,432175202
3732.8,S,34,28262.34,4003.40,17763990.9,84794062.7,432175270
3733.8,S,34,28263.17,4003.42,17763990.9,84794107.8,432175433
3734.8,S,34,28264.16,4003.43,17763990.9,84794107.8,432175434
3735.8,S,34,28264.93,4003.51,17763990.9,84794153.8,432175598
3736.8,S,34,28265.91,4003.52,17763990.9,84794154.2,432175603
3737.8,S,34,28266.90,4003.53,17763990.9,84794154.5,432175613
3738.8,S,34,28267.89,4003.55,17763990.9,84794154.9,432175613
3739.8,S,34,28268.60,4003.57,17763990.9,84794219.4,432175898
3740.8,S,34,28269.58,4003.59,17763990.9,84794219.5,432175906
3741.8,S,34,28270.56,4003.60,17763990.9,84794219.8,432175906
3742.8,S,34,28271.54,4003.62,17763990.9,84794220.0,432175912
3743.8,S,34,28272.27,4003.67,17763990.9,84794291.5,432176152
3744.8,S,34,28273.25,4003.69,17763990.9,84794292.0,432176155
3745.8,S,34,28274.23,4003.71,17763990.9,84794292.1,432176158
3746.8,S,34,28275.22,4003.72,17763990.9,84794292.2,432176162
3747.8,S,34,28276.04,4003.75,17763990.9,84794356.9,432176329
3748.8,S,34,28277.03,4003.76,17763990.9,84794357.2,432176331
3749.8,S,34,28278.01,4003.78,17763990.9,84794357.2,432176332
3750.8,S,34,28279.00,4003.79,17763990.9,84794357.6,432176335
3751.8,S,34,28279.93,4003.82,17763990.9,84794422.1,432176392
3752.8,S,34,28280.87,4003.86,17763990.9,84794440.5,432176414
3753.8,S,34,28281.85,4003.89,17763990.9,84794440.8,432176415
3754.8,S,34,28282.83,4003.90,17763990.9,84794441.0,432176419
3755.8,S,34,28283.76,4003.93,17763990.9,84794505.9,432176477
3756.8,S,34,28284.75,4003.94,17763990.9,84794506.1,432176477
3757.8,S,34,28285.74,4003.96,17763990.9,84794506.2,432176477
3758.8,S,34,28286.71,4003.98,17763990.9,84794506.5,432176479
3759.8,S,34,28287.61,4004.03,17763990.9,84794579.4,432176543
3760.8,S,34,28288.60,4004.04,17763990.9,84794579.7,432176543
3761.8,S,34,28289.59,4004.05,17763990.9,84794580.7,432176560
3762.8,S,34,28290.57,4004.07,17763990.9,84794580.9,432176564
3763.8,S,34,28291.50,4004.10,17763990.9,84794645.3,432176624
3764.8,S,34,28292.48,4004.12,17763990.9,84794645.8,432176627
3765.8,S,34,28293.47,4004.13,17763990.9,84794645.9,432176629
3766.8,S,34,28294.45,4004.15,17763990.9,84794646.3,432176630
3767.8,S,34,28295.30,4004.17,17763990.9,84794710.8,432176776
3768.8,S,34,28296.28,4004.19,17763990.9,84794710.9,432176777
3769.8,S,34,28297.27,4004.21,17763990.9,84794711.1,432176779
3770.8,S,34,28297.99,4004.26,17763990.9,84794768.4,432177018
3771.8,S,34,28298.98,4004.28,17763990.9,84794768.7,432177020
3772.8,S,34,28299.97,4004.28,17763990.9,84794769.1,432177024
3773.8,S,34,28300.96,4004.30,17763990.9,84794769.2,432177028
3774.8,S,34,28301.69,4004.31,17763990.9,84794833.8,432177289
3775.8,S,34,28302.68,4004.33,17763990.9,84794833.9,432177289
3776.8,S,34,28303.66,4004.34,17763990.9,84794834.3,432177301
3777.8,S,34,28304.65,4004.36,17763990.9,84794834.6,432177303
3778.8,S,34,28305.41,4004.38,17763990.9,84794899.3,432177535
3779.8,S,34,28306.29,4004.42,17763990.9,84794920.3,432177619
3780.8,S,41,28310.01,4004.48,17763990.9,84794920.3,432177619
3781.8,S,41,28317.90,4004.60,17763990.9,84794921.1,432177627
3782.8,S,41,28325.76,4004.74,17763990.9,84794921.3,432177635
3783.8,S,41,28333.66,4004.85,17763990.9,84794921.7,432177636
3784.8,S,41,28339.96,4004.97,17763990.9,84795053.6,432178182
3785.8,S,41,28342.47,4005.07,17763990.9,84795305.1,432179183
3786.8,S,41,28347.16,4005.21,17763990.9,84795491.4,432179916
3787.8,S,41,28355.05,4005.33,17763990.9,84795492.0,432179919
3788.8,S,41,28362.94,4005.44,17763990.9,84795492.3,432179919
3789.8,S,41,28369.92,4005.57,17763990.9,84795630.9,432180283
3790.8,S,41,28377.71,4005.71,17763990.9,84795741.6,432180381
3791.8,S,41,28385.31,4005.87,17763990.9,84795955.2,432180564
3792.8,S,41,28391.88,4005.99,17763990.9,84796098.1,432181081
3793.8,S,41,28397.82,4006.10,17763990.9,84796211.0,432181636
3794.8,S,41,28405.46,4006.22,17763990.9,84796274.3,432181894
3795.8,S,41,28413.19,4006.35,17763990.9,84796313.9,432182046
3796.8,S,41,28419.92,4006.48,17763990.9,84796472.3,432182714
3797.8,S,41,28426.77,4006.62,17763990.9,84796619.1,432183314
3798.8,S,41,28433.97,4006.77,17763990.9,84796743.9,432183824
3799.8,S,41,28441.19,4006.91,17763990.9,84796851.8,432184156
3800.8,S,41,28448.67,4007.05,17763990.9,84797026.3,432184307
3801.8,S,41,28456.46,4007.18,17763990.9,84797144.8,432184410
3802.8,S,41,28464.24,4007.33,17763990.9,84797214.0,432184515
3803.8,S,41,28471.37,4007.45,17763990.9,84797327.6,432184955
3804.8,S,41,28478.66,4007.60,17763990.9,84797473.2,432185568
3805.8,S,41,28484.31,4007.73,17763990.9,84797686.9,432186395
3806.8,S,41,28492.20,4007.84,17763990.9,84797687.2,432186403
3807.8,S,41,28499.01,4008.00,17763990.9,84797893.9,432186853
3808.8,S,41,28506.73,4008.13,17763990.9,84798004.1,432186950
3809.8,S,41,28514.47,4008.28,17763990.9,84798172.5,432187103
3810.8,S,41,28522.23,4008.41,17763990.9,84798220.5,432187216
3811.8,S,41,28529.77,4008.54,17763990.9,84798344.7,432187580
3812.8,S,41,28537.15,4008.70,17763990.9,84798489.0,432188088
3813.8,S,41,28544.51,4008.82,17763990.9,84798606.4,432188632
3814.8,S,41,28552.24,4008.94,17763990.9,84798658.4,432188808
3815.8,S,41,28559.03,4009.07,17763990.9,84798842.6,432189455
3816.8,S,41,28565.32,4009.20,17763990.9,84799038.7,432190189
3817.8,S,41,28573.16,4009.31,17763990.9,84799052.9,432190249
3818.8,S,41,28580.64,4009.44,17763990.9,84799196.2,432190678
3819.8,S,41,28588.48,4009.57,17763990.9,84799255.5,432190732
3820.8,S,41,28595.80,4009.73,17763990.9,84799561.2,432191105
3821.8,S,41,28603.35,4009.87,17763990.9,84799651.4,432191437
3822.8,S,41,28611.23,4009.98,17763990.9,84799657.7,432191460
3823.8,S,41,28617.24,4010.11,17763990.9,84799880.3,432192335
3824.8,S,41,28624.85,4010.25,17763990.9,84799955.9,432192603
3825.8,S,41,28630.99,4010.38,17763990.9,84800108.4,432193228
3826.9,S,41,28638.81,4010.52,17763990.9,84800197.0,432193347
3827.9,S,40,28646.48,4010.65,17763990.9,84800320.0,432193455
3828.9,S,40,28653.17,4010.79,17763990.9,84800511.4,432193659
3829.9,S,40,28659.65,4010.91,17763990.9,84800633.2,432194092
3830.9,S,40,28666.34,4011.02,17763990.9,84800684.5,432194303
3831.9,S,40,28672.78,4011.16,17763990.9,84800778.6,432194768
3832.9,S,38,28675.54,4011.23,17763990.9,84800996.0,432195595
3833.9,S,34,28675.84,4011.87,17763990.9,84801060.3,432195845
3834.9,S,34,28683.92,4013.15,17763990.9,84801061.4,432195856
3835.9,S,34,28692.80,4014.45,17763990.9,84801061.8,432195858
3836.9,S,34,28701.55,4015.74,17763990.9,84801062.0,432195862
3837.9,S,34,28710.41,4017.13,17763990.9,84801064.1,432195871
3838.9,S,34,28718.82,4018.46,17763990.9,84801157.0,432196310
3839.9,S,34,28727.65,4019.83,17763990.9,84801157.2,432196313
3840.9,S,38,28737.62,4021.11,17763990.9,84801214.5,432196564
3841.9,S,34,28747.20,4022.60,17763990.9,84801310.3,432196912
3842.9,S,34,28755.98,4024.01,17763990.9,84801310.6,432196920
3843.9,S,34,28764.72,4025.39,17763990.9,84801311.5,432196923
3844.9,S,34,28773.26,4026.89,17763990.9,84801311.8,432196932
3845.9,S,34,28781.62,4028.26,17763990.9,84801376.3,432197199
3846.9,S,34,28790.26,4029.69,17763990.9,84801376.5,432197207
3847.9,S,38,28800.73,4031.15,17763990.9,84801453.0,432197331
3848.9,S,34,28810.48,4032.60,17763990.9,84801549.6,432197418
3849.9,S,34,28819.28,4033.87,17763990.9,84801549.7,432197420
3850.9,S,34,28827.98,4035.31,17763990.9,84801549.9,432197424
3851.9,S,34,28836.64,4036.66,17763990.9,84801614.5,432197481
3852.9,S,34,28845.34,4038.23,17763990.9,84801614.7,432197481
3853.9,S,38,28853.66,4039.64,17763990.9,84801716.8,432197585
3854.9,S,38,28865.42,4041.33,17763990.9,84801787.3,432197713
3855.9,S,34,28872.95,4042.56,17763990.9,84801813.4,432197899
3856.9,S,34,28881.82,4043.99,17763990.9,84801813.6,432197907
3857.9,S,34,28890.38,4045.34,17763990.9,84801825.8,432197968
3858.9,S,34,28898.70,4046.78,17763990.9,84801878.8,432198349
3859.9,S,34,28907.44,4048.27,17763990.9,84801879.4,432198361
3860.9,S,34,28914.66,4049.42,17763990.9,84801955.5,432198665
3861.9,S,38,28924.60,4050.79,17763990.9,84802007.5,432198882
3862.9,S,34,28932.26,4051.94,17763990.9,84802103.2,432199296
3863.9,S,34,28940.88,4053.42,17763990.9,84802103.4,432199299
3864.9,S,34,28949.07,4054.89,17763990.9,84802150.3,432199708
3865.9,S,34,28956.47,4056.08,17763990.9,84802169.0,432200204
3866.9,S,34,28965.47,4057.30,17763990.9,84802169.1,432200206
3867.9,S,34,28974.23,4058.68,17763990.9,84802195.8,432200251
3868.9,S,38,28983.58,4060.04,17763990.9,84802298.4,432200413
3869.9,S,34,28993.46,4061.42,17763990.9,84802394.2,432200557
3870.9,S,34,29002.22,4062.80,17763990.9,84802394.6,432200559
3871.9,S,34,29010.73,4064.33,17763990.9,84802459.7,432200651
3872.9,S,34,29019.50,4065.67,17763990.9,84802459.8,432200652
3873.9,S,34,29028.45,4066.98,17763990.9,84802460.0,432200656
3874.9,S,34,29037.15,4068.44,17763990.9,84802460.3,432200664
3875.9,S,38,29047.11,4069.80,17763990.9,84802627.9,432200939
3876.9,S,34,29055.29,4070.98,17763990.9,84802724.3,432201278
3877.9,S,34,29064.00,4072.35,17763990.9,84802724.7,432201281
3879.0,S,34,29072.39,4073.74,17763990.9,84802766.9,432201448
3880.0,S,34,29081.16,4075.24,17763990.9,84802767.3,432201453
3881.0,S,34,29089.89,4076.57,17763990.9,84802767.4,432201454
3882.0,S,34,29098.65,4078.07,17763990.9,84802767.9,432201456
3883.0,S,38,29105.04,4078.92,17763990.9,84802870.6,432201934
3884.0,S,34,29114.78,4080.41,17763990.9,84803031.0,432202587
3885.0,S,34,29123.42,4081.74,17763990.9,84803031.4,432202589
3886.0,S,34,29132.29,4083.21,17763990.9,84803031.6,432202591
3887.0,S,34,29141.01,4084.53,17763990.9,84803032.0,432202596
3888.0,S,34,29149.54,4086.01,17763990.9,84803088.9,432202823
3889.0,S,34,29158.01,4087.35,17763990.9,84803096.7,432202867
3890.0,S,38,29164.29,4088.24,17763990.9,84803199.7,432203292
3891.0,S,38,29174.93,4089.79,17763990.9,84803285.6,432203564
3892.0,S,34,29183.71,4091.18,17763990.9,84803296.2,432203609
3893.0,S,34,29192.19,4092.64,17763990.9,84803361.1,432203884
3894.0,S,34,29200.90,4094.01,17763990.9,84803361.3,432203884
3895.0,S,34,29209.58,4095.27,17763990.9,84803361.6,432203893
3896.0,S,34,29218.07,4096.80,17763990.9,84803402.5,432204023
3897.0,S,38,29224.90,4097.86,17763990.9,84803505.9,432204350
3898.0,S,38,29235.89,4099.35,17763990.9,84803579.6,432204556
3899.0,S,34,29244.77,4100.82,17763990.9,84803602.2,432204639
3900.0,S,34,29253.48,4102.18,17763990.9,84803666.8,432204822
3901.0,S,34,29262.16,4103.53,17763990.9,84803667.0,432204824
3902.0,S,34,29270.99,4104.87,17763990.9,84803667.5,432204824
3903.0,S,34,29279.72,4106.30,17763990.9,84803667.7,432204831
3904.0,S,38,29285.39,4107.14,17763990.9,84803770.6,432205235
3905.0,S,38,29297.09,4108.77,17763990.9,84803860.6,432205510
3906.0,S,34,29304.34,4109.98,17763990.9,84803931.0,432205781
3907.0,S,34,29312.81,4111.40,17763990.9,84803966.7,432205916
3908.0,S,34,29321.32,4112.92,17763990.9,84803968.7,432205934
3909.0,S,34,29330.03,4114.33,17763990.9,84803969.2,432205937
3910.0,S,34,29338.69,4115.77,17763990.9,84803969.4,432205938
3911.0,S,34,29346.83,4117.15,17763990.9,84803991.7,432206011
3912.0,S,38,29351.10,4117.74,17763990.9,84804137.0,432206695
3913.0,S,34,29362.18,4119.41,17763990.9,84804232.9,432206787
3914.0,S,34,29370.75,4120.97,17763990.9,84804233.4,432206787
3915.0,S,34,29379.46,4122.46,17763990.9,84804233.7,432206789
3916.0,S,34,29388.04,4123.93,17763990.9,84804298.3,432206846
3917.0,S,34,29396.76,4125.42,17763990.9,84804313.4,432206863
3918.0,S,34,29405.48,4126.97,17763990.9,84804315.8,432206867
3919.0,S,38,29416.78,4128.61,17763990.9,84804417.3,432206964
3920.0,S,34,29426.09,4130.01,17763990.9,84804513.9,432207051
3921.0,S,34,29434.82,4131.52,17763990.9,84804514.1,432207052
3922.0,S,34,29443.27,4132.95,17763990.9,84804578.8,432207273
3923.0,S,34,29451.75,4134.46,17763990.9,84804578.9,432207275
3924.0,S,34,29460.50,4135.75,17763990.9,84804579.4,432207278
3925.0,S,34,29467.76,4136.90,17763990.9,84804631.2,432207453
3926.0,S,38,29477.79,4138.30,17763990.9,84804746.9,432207922
3927.0,S,34,29485.76,4139.81,17763990.9,84804842.8,432208329
3928.0,S,34,29494.24,4141.34,17763990.9,84804857.5,432208381
3929.0,S,34,29502.90,4142.80,17763990.9,84804857.9,432208390
3930.0,S,34,29511.60,4144.04,17763990.9,84804858.1,432208392
3931.0,S,34,29520.25,4145.50,17763990.9,84804858.9,432208395
3932.0,S,34,29528.82,4146.86,17763990.9,84804923.4,432208631
3933.0,S,38,29536.15,4147.84,17763990.9,84805026.2,432209063
3934.0,S,34,29544.78,4149.27,17763990.9,84805122.2,432209504
3935.0,S,34,29553.61,4150.61,17763990.9,84805122.4,432209507
3936.0,S,34,29562.30,4152.13,17763990.9,84805122.8,432209508
3937.0,S,34,29570.71,4153.46,17763990.9,84805187.7,432209769
3938.0,S,34,29579.28,4154.96,17763990.9,84805188.1,432209772
3939.0,S,34,29588.03,4156.47,17763990.9,84805188.2,432209772
3940.0,S,38,29594.67,4157.46,17763990.9,84805291.0,432210181
3941.0,S,34,29604.38,4158.94,17763990.9,84805444.2,432210737
3942.0,S,34,29613.04,4160.51,17763990.9,84805444.7,432210741
3943.0,S,34,29621.67,4161.85,17763990.9,84805444.8,432210743
3944.0,S,34,29630.54,4163.30,17763990.9,84805445.0,432210745
3945.0,S,34,29639.23,4164.77,17763990.9,84805509.6,432210801
3946.0,S,34,29647.90,4166.17,17763990.9,84805510.1,432210803
3947.0,S,38,29657.70,4167.67,17763990.9,84805613.1,432210895
3948.0,S,34,29667.03,4168.99,17763990.9,84805709.2,432210985
3949.0,S,34,29671.56,4169.82,17763990.9,84805709.3,432210987
3950.0,S,34,29676.26,4170.61,17763990.9,84805774.0,432211044
3951.0,S,34,29680.88,4171.41,17763990.9,84805774.1,432211046
3952.0,S,34,29685.40,4172.18,17763990.9,84805784.3,432211061
3953.0,S,34,29690.64,4173.13,17763990.9,84805818.3,432211192
3954.0,S,34,29696.05,4173.94,17763990.9,84805818.5,432211196
3955.0,S,34,29701.44,4174.85,17763990.9,84805818.7,432211197
3956.0,S,34,29706.79,4175.73,17763990.9,84805818.9,432211198
3957.0,S,34,29712.12,4176.69,17763990.9,84805883.5,432211473
3958.0,S,34,29717.58,4177.51,17763990.9,84805884.0,432211475
3959.0,S,34,29723.09,4178.35,17763990.9,84805982.3,432211873
3960.0,S,34,29728.37,4179.26,17763990.9,84805982.5,432211882
3961.0,S,34,29734.06,4180.27,17763990.9,84806041.0,432212087
3962.0,S,38,29743.05,4181.31,17763990.9,84806046.0,432212117
3963.0,S,34,29748.82,4182.28,17763990.9,84806141.8,432212423
3964.0,S,34,29753.49,4183.08,17763990.9,84806192.6,432212580
3965.0,S,34,29758.10,4183.87,17763990.9,84806223.8,432212690
3966.0,S,34,29762.79,4184.66,17763990.9,84806288.5,432212924
3967.0,S,34,29767.41,4185.44,17763990.9,84806288.8,432212928
3968.0,S,34,29772.25,4186.15,17763990.9,84806288.9,432212930
3969.0,S,34,29776.97,4186.82,17763990.9,84806289.2,432212931
3970.0,S,34,29782.01,4187.76,17763990.9,84806348.6,432213211
3971.0,S,34,29787.45,4188.71,17763990.9,84806349.0,432213219
3972.0,S,34,29792.96,4189.55,17763990.9,84806349.1,432213226
3973.0,S,34,29798.49,4190.40,17763990.9,84806349.3,432213229
3974.0,S,34,29803.87,4191.31,17763990.9,84806413.9,432213464
3975.0,S,34,29809.63,4192.28,17763990.9,84806486.0,432213525
3976.0,S,34,29815.20,4193.17,17763990.9,84806486.3,432213527
3977.0,S,34,29820.72,4194.04,17763990.9,84806486.6,432213531
3978.0,S,38,29826.71,4194.87,17763990.9,84806508.2,432213561
3979.0,S,34,29834.96,4195.83,17763990.9,84806669.5,432213708
3980.0,S,34,29835.94,4195.85,17763990.9,84806722.9,432213756
3981.0,S,34,29836.93,4195.86,17763990.9,84806723.4,432213761
3982.0,S,34,29837.91,4195.88,17763990.9,84806724.0,432213765
3983.0,S,34,29838.81,4195.91,17763990.9,84806788.4,432213850
3984.0,S,34,29839.79,4195.93,17763990.9,84806788.7,432213852
3985.0,S,34,29840.77,4195.95,17763990.9,84806788.8,432213854
3986.0,S,34,29841.76,4195.96,17763990.9,84806789.2,432213858
3987.0,S,34,29842.50,4195.98,17763990.9,84806854.1,432214113
3988.0,S,34,29843.48,4196.00,17763990.9,84806854.1,432214114
3989.0,S,34,29844.26,4196.08,17763990.9,84806889.0,432214268
3990.0,S,34,29845.25,4196.09,17763990.9,84806889.1,432214270
3991.0,S,34,29846.24,4196.11,17763990.9,84806889.2,432214273
3992.0,S,34,29847.22,4196.12,17763990.9,84806889.6,432214274
3993.0,S,34,29847.98,4196.14,17763990.9,84806954.2,432214503
3994.0,S,34,29848.97,4196.16,17763990.9,84806954.6,432214505
3995.0,S,34,29849.95,4196.18,17763990.9,84806954.8,432214509
3996.0,S,34,29850.80,4196.20,17763990.9,84807034.8,432214719
3997.0,S,34,29851.68,4196.25,17763990.9,84807055.9,432214792
3998.1,S,34,29852.67,4196.26,17763990.9,84807056.3,432214797
3999.1,S,34,29853.66,4196.28,17763990.9,84807056.6,432214800
4000.1,S,34,29854.64,4196.29,17763990.9,84807056.7,432214801
4001.1,S,34,29855.41,4196.31,17763990.9,84807121.3,432215023
4002.1,S,34,29856.40,4196.33,17763990.9,84807121.4,432215025
4003.1,S,34,29857.38,4196.34,17763990.9,84807121.5,432215029
4004.1,S,34,29858.27,4196.37,17763990.9,84807145.1,432215134
4005.1,S,34,29859.07,4196.41,17763990.9,84807195.9,432215287
4006.1,S,34,29860.05,4196.43,17763990.9,84807203.0,432215303
4007.1,S,34,29861.04,4196.44,17763990.9,84807203.2,432215306
4008.1,S,34,29862.02,4196.46,17763990.9,84807203.2,432215308
4009.1,S,34,29862.81,4196.49,17763990.9,84807268.1,432215508
4010.1,S,34,29863.80,4196.50,17763990.9,84807268.6,432215516
4011.1,S,34,29864.78,4196.52,17763990.9,84807270.4,432215521
4012.1,S,34,29865.77,4196.53,17763990.9,84807270.5,432215521
4013.1,S,34,29866.49,4196.56,17763990.9,84807335.1,432215782
4014.1,S,34,29867.48,4196.58,17763990.9,84807335.2,432215784
4015.1,S,34,29868.28,4196.63,17763990.9,84807377.5,432215935
4016.1,S,34,29869.27,4196.65,17763990.9,84807377.6,432215937
4017.1,S,34,29870.25,4196.66,17763990.9,84807377.8,432215937
4018.1,S,34,29871.24,4196.68,17763990.9,84807377.8,432215941
4019.1,S,34,29872.02,4196.70,17763990.9,84807442.4,432216153
4020.1,S,34,29873.00,4196.72,17763990.9,84807442.5,432216155
4021.1,S,34,29873.99,4196.73,17763990.9,84807442.9,432216158
4022.1,S,34,29874.89,4196.78,17763990.9,84807502.8,432216220
4023.1,S,34,29875.87,4196.80,17763990.9,84807503.1,432216225
4024.1,S,34,29876.86,4196.81,17763990.9,84807503.1,432216227
4025.1,S,34,29877.85,4196.82,17763990.9,84807503.3,432216228
4026.1,S,34,29878.78,4196.85,17763990.9,84807568.2,432216286
4027.1,S,34,29879.77,4196.85,17763990.9,84807568.3,432216290
4028.1,S,34,29880.76,4196.87,17763990.9,84807568.7,432216292
4029.1,S,34,29881.74,4196.89,17763990.9,84807569.3,432216292
4030.1,S,34,29882.68,4196.91,17763990.9,84807633.3,432216349
4031.1,S,34,29883.61,4196.96,17763990.9,84807661.6,432216378
4032.1,S,34,29884.59,4196.98,17763990.9,84807661.7,432216380
4033.1,S,34,29885.57,4197.00,17763990.9,84807662.1,432216384
4034.1,S,34,29886.55,4197.02,17763990.9,84807662.2,432216385
4035.1,S,34,29887.48,4197.05,17763990.9,84807727.0,432216444
4036.1,S,34,29888.47,4197.06,17763990.9,84807727.5,432216448
4037.1,S,34,29889.45,4197.08,17763990.9,84807727.6,432216451
4038.1,S,34,29890.36,4197.12,17763990.9,84807784.8,432216502
4039.1,S,34,29891.35,4197.14,17763990.9,84807785.0,432216505
4040.1,S,34,29892.33,4197.16,17763990.9,84807785.5,432216509
4041.1,S,34,29893.32,4197.17,17763990.9,84807785.8,432216513
4042.1,S,34,29894.11,4197.19,17763990.9,84807850.6,432216715
4043.1,S,34,29895.09,4197.21,17763990.9,84807850.7,432216717
4044.1,S,34,29896.07,4197.23,17763990.9,84807850.9,432216720
4045.1,S,34,29896.81,4197.25,17763990.9,84807913.9,432216975
4046.1,S,34,29897.69,4197.31,17763990.9,84807930.2,432217052
4047.1,S,34,29898.67,4197.32,17763990.9,84807930.6,432217053
4048.1,S,34,29899.66,4197.33,17763990.9,84807930.8,432217057
4049.1,S,34,29900.64,4197.35,17763990.9,84807930.9,432217062
4050.1,S,34,29901.38,4197.37,17763990.9,84807995.5,432217316
4051.1,S,34,29902.36,4197.39,17763990.9,84807996.0,432217319
4052.1,S,34,29903.34,4197.41,17763990.9,84807996.0,432217319
4053.1,S,34,29904.34,4197.42,17763990.9,84807996.3,432217326
4054.1,S,34,29905.09,4197.44,17763990.9,84808060.9,432217566
4055.1,S,34,29906.00,4197.49,17763990.9,84808071.3,432217611
4056.1,S,34,29906.98,4197.51,17763990.9,84808071.5,432217614
4057.1,S,34,29907.96,4197.53,17763990.9,84808071.7,432217625
4058.1,S,34,29908.74,4197.55,17763990.9,84808136.6,432217835
4059.1,S,34,29909.73,4197.56,17763990.9,84808136.7,432217837
4060.1,S,34,29910.71,4197.58,17763990.9,84808136.9,432217841
4061.1,S,34,29911.69,4197.60,17763990.9,84808136.9,432217843
4062.1,S,34,29912.49,4197.62,17763990.9,84808201.5,432218056
4063.1,S,34,29913.40,4197.67,17763990.9,84808214.9,432218100
4064.1,S,34,29914.38,4197.68,17763990.9,84808215.5,432218102
4065.1,S,34,29915.37,4197.70,17763990.9,84808215.6,432218104
4066.1,S,34,29916.33,4197.72,17763990.9,84808223.8,432218132
4067.1,S,34,29917.10,4197.73,17763990.9,84808280.5,432218355
4068.1,S,34,29918.09,4197.75,17763990.9,84808280.6,432218355
4069.1,S,34,29919.07,4197.77,17763990.9,84808281.2,432218356
4070.1,S,34,29919.85,4197.80,17763990.9,84808345.8,432218557
4071.1,S,34,29920.84,4197.81,17763990.9,84808345.9,432218560
4072.1,S,34,29921.83,4197.83,17763990.9,84808346.0,432218560
4073.1,S,34,29922.60,4197.88,17763990.9,84808415.8,432218908
4074.1,S,34,29923.59,4197.89,17763990.9,84808415.8,432218908
4075.1,S,34,29924.57,4197.91,17763990.9,84808416.7,432218911
4076.1,S,34,29925.46,4197.94,17763990.9,84808451.3,432219006
4077.1,S,34,29926.37,4197.95,17763990.9,84808481.4,432219083
4078.1,S,34,29927.35,4197.97,17763990.9,84808481.6,432219084
4079.1,S,34,29928.34,4197.99,17763990.9,84808481.7,432219086
4080.1,S,34,29929.15,4198.01,17763990.9,84808546.4,432219262
4081.1,S,34,29930.14,4198.03,17763990.9,84808546.9,432219273
4082.1,S,34,29931.12,4198.04,17763990.9,84808546.9,432219273
4083.1,S,34,29932.10,4198.06,17763990.9,84808547.0,432219275
4084.1,S,34,29932.96,4198.09,17763991.0,84808611.6,432219410
4085.1,S,34,29933.94,4198.10,17763991.0,84808611.9,432219412
4086.1,S,34,29934.83,4198.15,17763991.0,84808642.1,432219485
4087.1,S,41,29940.72,4198.23,17763991.0,84808642.3,432219493
4088.1,S,41,29948.61,4198.35,17763991.0,84808642.5,432219493
4089.1,S,41,29956.49,4198.47,17763991.0,84808642.9,432219495
4090.1,S,41,29963.99,4198.61,17763991.0,84808751.2,432219785
4091.1,S,41,29970.07,4198.80,17763991.0,84809088.0,432220349
4092.1,S,41,29977.83,4198.93,17763991.0,84809156.2,432220410
4093.1,S,41,29985.71,4199.05,17763991.0,84809156.4,432220412
4094.1,S,41,29993.20,4199.20,17763991.0,84809298.4,432220805
4095.1,S,41,29998.65,4199.36,17763991.0,84809575.9,432221739
4096.1,S,41,30006.37,4199.47,17763991.0,84809624.0,432221924
4097.1,S,41,30014.06,4199.59,17763991.0,84809681.3,432222132
4098.1,S,41,30021.74,4199.72,17763991.0,84809738.6,432222342
4099.1,S,41,30028.12,4199.90,17763991.0,84810059.0,432223026
4100.1,S,41,30036.01,4200.01,17763991.0,84810074.6,432223042
4101.1,S,41,30043.87,4200.14,17763991.0,84810110.7,432223077
4102.1,S,41,30050.97,4200.27,17763991.0,84810354.8,432223511
4103.1,S,41,30057.71,4200.41,17763991.0,84810546.2,432224005
4104.1,S,41,30065.60,4200.52,17763991.0,84810546.4,432224006
4105.1,S,41,30073.48,4200.65,17763991.0,84810546.5,432224007
4106.1,S,41,30081.11,4200.78,17763991.0,84810666.8,432224293
4107.1,S,41,30088.06,4200.91,17763991.0,84810851.7,432224906
4108.1,S,41,30094.60,4201.10,17763991.0,84811171.9,432225591
4109.1,S,41,30102.48,4201.23,17763991.0,84811172.0,432225593
4110.1,S,41,30110.31,4201.36,17763991.0,84811233.6,432225647
4111.1,S,41,30117.76,4201.50,17763991.0,84811419.3,432225991
4112.1,S,41,30124.24,4201.65,17763991.0,84811604.8,432226607
4113.1,S,41,30131.85,4201.77,17763991.0,84811679.0,432226905
4114.1,S,41,30139.73,4201.89,17763991.0,84811679.2,432226908
4115.2,S,41,30144.84,4202.02,17763991.0,84811887.4,432227661
4116.2,S,41,30151.61,4202.14,17763991.0,84811931.8,432227867
4117.2,S,41,30157.85,4202.30,17763991.0,84812117.3,432228487
4118.2,S,41,30163.87,4202.40,17763991.0,84812241.0,432228977
4119.2,S,41,30171.47,4202.54,17763991.0,84812314.0,432229266
4120.2,S,41,30179.29,4202.66,17763991.0,84812408.2,432229350
4121.2,S,41,30187.10,4202.80,17763991.0,84812483.9,432229414
4122.2,S,41,30194.94,4202.92,17763991.0,84812556.6,432229478
4123.2,S,41,30201.26,4203.09,17763991.0,84812847.7,432230242
4124.2,S,41,30207.72,4203.23,17763991.0,84813042.6,432230984
4125.2,S,41,30215.61,4203.35,17763991.0,84813042.8,432230984
4126.2,S,41,30222.67,4203.50,17763991.0,84813166.3,432231483
4127.2,S,41,30227.67,4203.61,17763991.0,84813325.5,432232112
4128.2,S,41,30235.17,4203.73,17763991.0,84813429.5,432232520
4129.2,S,41,30242.78,4203.85,17763991.0,84813496.0,432232807
4130.2,S,41,30250.49,4203.99,17763991.0,84813545.6,432232985
4131.2,S,41,30257.62,4204.18,17763991.0,84813870.2,432233407
4132.2,S,41,30265.45,4204.31,17763991.0,84813929.8,432233459
4133.2,S,41,30273.23,4204.44,17763991.0,84813990.8,432233557
4134.2,S,41,30280.62,4204.58,17763991.0,84814091.8,432233915
4135.2,S,40,30287.74,4204.71,17763991.0,84814232.7,432234491
4136.2,S,40,30293.62,4204.81,17763991.0,84814375.2,432234980
4137.2,S,40,30299.56,4204.91,17763991.0,84814484.3,432235418
4138.2,S,39,30303.20,4205.02,17763991.0,84814708.6,432236372
4139.2,S,36,30304.95,4205.06,17763991.0,84814798.7,432236746
4140.2,S,34,30305.27,4205.74,17763991.0,84814832.6,432236893
4141.2,S,34,30313.48,4207.07,17763991.0,84814834.1,432236902
4142.2,S,34,30322.10,4208.54,17763991.0,84814834.8,432236907
4143.2,S,34,30330.75,4209.99,17763991.0,84814836.5,432236911
4144.2,S,34,30339.50,4211.39,17763991.0,84814836.7,432236919
4145.2,S,34,30348.21,4212.66,17763991.0,84814901.6,432237030
4146.2,S,34,30356.98,4213.99,17763991.0,84814920.2,432237051
4147.2,S,38,30367.85,4215.64,17763991.0,84814945.0,432237082
4148.2,S,34,30377.60,4217.13,17763991.0,84815041.1,432237170
4149.2,S,34,30386.33,4218.54,17763991.0,84815041.4,432237172
4150.2,S,34,30395.19,4219.91,17763991.0,84815106.4,432237228
4151.2,S,34,30403.98,4221.24,17763991.0,84815134.1,432237256
4152.2,S,34,30412.42,4222.65,17763991.0,84815164.3,432237288
4153.2,S,34,30421.13,4224.11,17763991.0,84815165.0,432237292
4154.2,S,38,30432.58,4225.74,17763991.0,84815214.9,432237348
4155.2,S,34,30441.07,4227.09,17763991.0,84815311.0,432237643
4156.2,S,34,30449.77,4228.49,17763991.0,84815311.3,432237648
4157.2,S,34,30457.99,4229.74,17763991.0,84815376.0,432237889
4158.2,S,34,30466.67,4231.22,17763991.0,84815376.3,432237893
4159.2,S,34,30475.16,4232.74,17763991.0,84815406.7,432238012
4160.2,S,34,30483.62,4233.94,17763991.0,84815410.8,432238037
4161.2,S,38,30492.28,4235.11,17763991.0,84815482.9,432238365
4162.2,S,34,30500.92,4236.49,17763991.0,84815579.0,432238756
4163.2,S,34,30509.68,4237.80,17763991.0,84815579.0,432238756
4164.2,S,34,30517.29,4238.98,17763991.0,84815644.2,432239072
4165.2,S,34,30526.24,4240.24,17763991.0,84815644.2,432239072
4166.2,S,34,30534.93,4241.57,17763991.0,84815674.4,432239171
4167.2,S,34,30543.53,4242.83,17763991.0,84815674.4,432239171
4168.2,S,38,30550.87,4243.84,17763991.0,84815775.9,432239539
4169.2,S,34,30561.35,4245.38,17763991.0,84815871.6,432239848
4170.2,S,34,30569.99,4246.78,17763991.0,84815936.3,432239905
4171.2,S,34,30578.73,4248.17,17763991.0,84815936.5,432239905
4172.2,S,34,30587.57,4249.58,17763991.0,84815936.9,432239910
4173.2,S,34,30596.38,4251.00,17763991.0,84815937.2,432239910
4174.2,S,34,30604.92,4252.41,17763991.0,84816002.0,432239968
4175.2,S,38,30614.75,4253.79,17763991.0,84816105.1,432240063
4176.2,S,34,30625.16,4255.49,17763991.0,84816201.7,432240149
4177.2,S,34,30633.86,4256.93,17763991.0,84816201.7,432240149
4178.2,S,34,30642.32,4258.30,17763991.0,84816252.3,432240283
4179.2,S,34,30650.97,4259.80,17763991.0,84816252.5,432240283
4180.2,S,34,30659.70,4261.09,17763991.0,84816253.0,432240294
4181.2,S,34,30668.32,4262.49,17763991.0,84816253.0,432240294
4182.2,S,38,30671.60,4262.94,17763991.0,84816420.7,432241009
4183.2,S,38,30682.96,4264.50,17763991.0,84816466.7,432241198
4184.2,S,34,30691.65,4265.85,17763991.0,84816516.8,432241453
4185.2,S,34,30700.34,4267.23,17763991.0,84816517.3,432241454
4186.2,S,34,30708.76,4268.77,17763991.0,84816570.6,432241652
4187.2,S,34,30717.51,4270.31,17763991.0,84816570.8,432241652
4188.2,S,34,30726.27,4271.73,17763991.0,84816571.3,432241663
4189.2,S,38,30731.51,4272.51,17763991.0,84816674.1,432242124
4190.2,S,38,30743.89,4274.19,17763991.0,84816687.3,432242171
4191.2,S,34,30749.57,4275.11,17763991.0,84816834.9,432242779
4192.3,S,34,30758.15,4276.51,17763991.0,84816835.2,432242785
4193.3,S,34,30767.01,4277.92,17763991.0,84816835.5,432242785
4194.3,S,34,30775.81,4279.29,17763991.0,84816835.8,432242787
4195.3,S,34,30784.21,4280.68,17763991.0,84816900.3,432242990
4196.3,S,34,30792.96,4281.97,17763991.0,84816900.8,432242998
4197.3,S,38,30800.60,4283.02,17763991.0,84817003.4,432243399
4198.3,S,34,30809.53,4284.45,17763991.0,84817142.6,432243842
4199.3,S,34,30818.22,4285.96,17763991.0,84817142.9,432243842
4200.3,S,34,30826.93,4287.31,17763991.0,84817143.3,432243847
4201.3,S,34,30835.57,4288.71,17763991.0,84817143.3,432243847
4202.3,S,34,30844.24,4290.07,17763991.0,84817143.9,432243850
4203.3,S,34,30852.97,4291.40,17763991.0,84817208.4,432243904
4204.3,S,38,30863.21,4292.80,17763991.0,84817311.4,432243998
4205.3,S,34,30873.46,4294.29,17763991.0,84817407.8,432244085
4206.3,S,34,30882.11,4295.80,17763991.0,84817408.1,432244087
4207.3,S,34,30890.63,4297.33,17763991.0,84817472.5,432244142
4208.3,S,34,30899.33,4298.58,17763991.0,84817473.1,432244149
4209.3,S,34,30908.04,4299.93,17763991.0,84817500.6,432244255
4210.3,S,34,30916.84,4301.34,17763991.0,84817501.3,432244262
4211.3,S,38,30925.01,4302.36,17763991.0,84817604.0,432244620
4212.3,S,34,30934.47,4303.73,17763991.0,84817700.1,432244885
4213.3,S,34,30943.10,4305.20,17763991.0,84817764.5,432245082
4214.3,S,34,30951.96,4306.65,17763991.0,84817765.1,432245091
4215.3,S,34,30960.74,4308.07,17763991.0,84817765.4,432245091
4216.3,S,34,30969.35,4309.42,17763991.0,84817765.8,432245095
4217.3,S,34,30977.60,4310.95,17763991.0,84817777.7,432245133
4218.3,S,38,30984.02,4311.72,17763991.0,84817932.9,432245641
4219.3,S,34,30993.84,4313.09,17763991.0,84818028.8,432245972
4220.3,S,34,31002.24,4314.29,17763991.0,84818050.3,432246059
4221.3,S,34,31010.31,4315.62,17763991.0,84818068.4,432246142
4222.3,S,34,31018.98,4317.10,17763991.0,84818069.0,432246155
4223.3,S,34,31027.71,4318.48,17763991.0,84818069.3,432246158
4224.3,S,34,31036.60,4319.87,17763991.0,84818069.4,432246160
4225.3,S,38,31041.27,4320.63,17763991.0,84818236.5,432246715
4226.3,S,34,31053.04,4322.28,17763991.0,84818332.6,432246810
4227.3,S,34,31061.75,4323.52,17763991.0,84818333.1,432246812
4228.3,S,34,31070.43,4325.00,17763991.0,84818333.2,432246812
4229.3,S,34,31079.23,4326.48,17763991.0,84818358.5,432246836
4230.3,S,34,31088.03,4327.89,17763991.0,84818398.0,432246872
4231.3,S,34,31096.79,4329.32,17763991.0,84818398.5,432246874
4232.3,S,38,31106.25,4330.75,17763991.0,84818545.7,432247032
4233.3,S,34,31116.24,4332.40,17763991.0,84818641.6,432247331
4234.3,S,34,31125.08,4333.73,17763991.0,84818641.8,432247332
4235.3,S,34,31133.79,4335.12,17763991.0,84818642.0,432247342
4236.3,S,34,31142.56,4336.54,17763991.0,84818642.2,432247343
4237.3,S,34,31150.99,4337.94,17763991.0,84818707.4,432247576
4238.3,S,34,31159.79,4339.32,17763991.0,84818707.6,432247581
4239.3,S,38,31166.52,4340.22,17763991.0,84818810.5,432247985
4240.3,S,38,31177.03,4341.67,17763991.0,84818906.3,432248307
4241.3,S,34,31185.46,4343.15,17763991.0,84818971.5,432248536
4242.3,S,34,31194.22,4344.58,17763991.0,84818971.7,432248538
4243.3,S,34,31203.03,4345.99,17763991.0,84818972.2,432248545
4244.3,S,34,31211.67,4347.41,17763991.0,84818972.5,432248547
4245.3,S,34,31220.39,4348.78,17763991.0,84818972.8,432248550
4246.3,S,38,31226.39,4349.79,17763991.0,84819139.9,432249124
4247.3,S,38,31238.53,4351.57,17763991.0,84819162.7,432249277
4248.3,S,34,31245.73,4352.77,17763991.0,84819235.9,432249565
4249.3,S,34,31254.44,4354.23,17763991.0,84819236.2,432249569
4250.3,S,34,31262.95,4355.64,17763991.0,84819301.0,432249807
4251.3,S,34,31271.67,4356.98,17763991.0,84819301.5,432249829
4252.3,S,34,31280.61,4358.52,17763991.0,84819301.7,432249831
4253.3,S,34,31286.86,4359.56,17763991.0,84819385.3,432250139
4254.3,S,38,31297.76,4361.04,17763991.0,84819405.2,432250284
4255.3,S,34,31304.06,4362.10,17763991.0,84819565.9,432250743
4256.3,S,34,31309.55,4362.98,17763991.0,84819566.1,432250745
4257.3,S,34,31315.41,4364.08,17763991.0,84819585.9,432250767
4258.3,S,34,31321.71,4365.04,17763991.0,84819586.0,432250769
4259.3,S,34,31328.10,4366.05,17763991.0,84819586.4,432250771
4260.3,S,34,31334.63,4367.00,17763991.0,84819586.5,432250772
4261.3,S,34,31340.89,4368.02,17763991.0,84819651.5,432250832
4262.3,S,34,31347.22,4368.97,17763991.0,84819651.6,432250834
4263.3,S,34,31353.58,4369.81,17763991.0,84819651.9,432250837
4264.3,S,34,31359.95,4370.90,17763991.0,84819652.0,432250839
4265.3,S,34,31365.45,4371.82,17763991.0,84819776.4,432250945
4266.3,S,38,31375.02,4372.92,17763991.0,84819833.8,432250999
4267.3,S,34,31381.21,4373.91,17763991.0,84819930.0,432251365
4268.3,S,34,31386.61,4374.73,17763991.0,84819930.1,432251367
4269.3,S,34,31391.85,4375.63,17763991.0,84819930.2,432251371
4270.3,S,34,31397.32,4376.48,17763991.0,84819930.6,432251378
4271.3,S,34,31402.81,4377.42,17763991.0,84819995.3,432251598
4272.3,S,34,31408.34,4378.32,17763991.0,84820083.6,432251906
4273.3,S,34,31413.88,4379.20,17763991.0,84820083.8,432251909
4274.3,S,34,31419.27,4380.04,17763991.0,84820083.9,432251911
4275.3,S,34,31424.61,4380.91,17763991.0,84820148.5,432252165
4276.3,S,34,31430.19,4381.78,17763991.0,84820148.9,432252165
4277.3,S,34,31435.81,4382.69,17763991.0,84820183.5,432252283
4278.3,S,34,31441.28,4383.53,17763991.0,84820220.8,432252455
4279.3,S,34,31446.77,4384.33,17763991.0,84820221.0,432252457
4280.3,S,34,31452.00,4385.25,17763991.0,84820285.6,432252692
4281.3,S,38,31459.72,4386.19,17763991.0,84820320.3,432252863
4282.3,S,34,31464.20,4386.85,17763991.0,84820416.5,432253242
4283.3,S,34,31465.18,4386.87,17763991.0,84820416.7,432253250
4284.3,S,34,31466.17,4386.88,17763991.0,84820416.8,432253252
4285.3,S,34,31466.91,4386.91,17763991.0,84820481.7,432253497
4286.3,S,34,31467.90,4386.92,17763991.0,84820481.8,432253497
4287.3,S,34,31468.89,4386.93,17763991.0,84820482.3,432253497
4288.3,S,34,31469.88,4386.94,17763991.0,84820536.1,432253746
4289.3,S,34,31470.65,4386.97,17763991.0,84820593.5,432253972
4290.3,S,34,31471.52,4387.03,17763991.0,84820608.7,432254039
4291.3,S,34,31472.50,4387.06,17763991.0,84820609.4,432254045
4292.3,S,34,31473.48,4387.07,17763991.0,84820609.6,432254051
4293.3,S,34,31474.47,4387.09,17763991.0,84820610.1,432254053
4294.3,S,34,31475.20,4387.12,17763991.0,84820674.7,432254305
4295.3,S,34,31476.19,4387.13,17763991.0,84820674.9,432254310
4296.3,S,34,31477.17,4387.15,17763991.0,84820675.1,432254319
4297.3,S,34,31478.03,4387.18,17763991.0,84820713.9,432254447
4298.3,S,34,31478.90,4387.19,17763991.0,84820763.8,432254706
4299.3,S,34,31479.89,4387.21,17763991.0,84820796.4,432254789
4300.3,S,34,31480.87,4387.22,17763991.1,84820796.6,432254792
4301.3,S,34,31481.78,4387.26,17763991.1,84820865.6,432254856
4302.3,S,34,31482.74,4387.30,17763991.1,84820866.2,432254857
4303.3,S,34,31483.72,4387.32,17763991.1,84820866.7,432254858
4304.3,S,34,31484.70,4387.34,17763991.1,84820866.9,432254860
4305.3,S,34,31485.62,4387.37,17763991.1,84820931.3,432254919
4306.3,S,34,31486.61,4387.39,17763991.1,84820931.5,432254923
4307.3,S,34,31487.60,4387.40,17763991.1,84820931.7,432254925
4308.3,S,34,31488.58,4387.41,17763991.1,84820932.0,432254928
4309.3,S,34,31489.51,4387.44,17763991.1,84821004.2,432254992
4310.3,S,34,31490.50,4387.46,17763991.1,84821004.3,432254993
4311.4,S,34,31491.48,4387.47,17763991.1,84821004.4,432254993
4312.4,S,34,31492.41,4387.51,17763991.1,84821069.0,432255049
4313.4,S,34,31493.39,4387.53,17763991.1,84821069.1,432255051
4314.4,S,34,31494.31,4387.59,17763991.1,84821097.4,432255076
4315.4,S,34,31495.29,4387.61,17763991.1,84821097.5,432255076
4316.4,S,34,31496.27,4387.62,17763991.1,84821097.7,432255078
4317.4,S,34,31497.17,4387.64,17763991.1,84821162.1,432255178
4318.4,S,34,31498.15,4387.66,17763991.1,84821162.4,432255182
4319.4,S,34,31499.14,4387.67,17763991.1,84821162.5,432255184
4320.4,S,34,31500.12,4387.69,17763991.1,84821163.0,432255187
4321.4,S,34,31500.85,4387.74,17763991.1,84821227.7,432255421
4322.4,S,34,31501.84,4387.75,17763991.1,84821227.9,432255422
4323.4,S,34,31502.82,4387.77,17763991.1,84821228.0,432255424
4324.4,S,34,31503.81,4387.78,17763991.1,84821228.2,432255428
4325.4,S,34,31504.63,4387.82,17763991.1,84821293.2,432255590
4326.4,S,34,31505.60,4387.84,17763991.1,84821293.6,432255594
4327.4,S,34,31506.59,4387.86,17763991.1,84821293.7,432255596
4328.4,S,34,31507.58,4387.87,17763991.1,84821293.8,432255600
4329.4,S,34,31508.41,4387.89,17763991.1,84821358.4,432255757
4330.4,S,34,31509.39,4387.91,17763991.1,84821358.9,432255761
4331.4,S,34,31510.26,4387.96,17763991.1,84821397.3,432255855
4332.4,S,34,31511.24,4387.98,17763991.1,84821397.5,432255859
4333.4,S,34,31512.22,4388.00,17763991.1,84821397.6,432255865
4334.4,S,34,31513.17,4388.02,17763991.1,84821411.5,432255898
4335.4,S,34,31514.04,4388.04,17763991.1,84821462.3,432256023
4336.4,S,34,31515.02,4388.06,17763991.1,84821462.7,432256028
4337.4,S,34,31516.01,4388.08,17763991.1,84821462.9,432256030
4338.4,S,34,31516.70,4388.10,17763991.1,84821527.5,432256326
4339.4,S,34,31517.69,4388.11,17763991.1,84821527.6,432256326
4340.4,S,34,31518.68,4388.13,17763991.1,84821527.8,432256330
4341.4,S,34,31519.45,4388.19,17763991.1,84821577.9,432256508
4342.4,S,34,31520.42,4388.22,17763991.1,84821578.2,432256515
4343.4,S,34,31521.41,4388.24,17763991.1,84821578.4,432256517
4344.4,S,34,31522.39,4388.25,17763991.1,84821578.6,432256521
4345.4,S,34,31523.15,4388.27,17763991.1,84821643.1,432256756
4346.4,S,34,31524.13,4388.29,17763991.1,84821643.4,432256764
4347.4,S,34,31525.12,4388.30,17763991.1,84821643.7,432256764
4348.4,S,34,31526.01,4388.33,17763991.1,84821673.6,432256858
4349.4,S,34,31526.85,4388.37,17763991.1,84821701.8,432256977
4350.4,S,34,31527.83,4388.39,17763991.1,84821702.2,432256979
4351.4,S,34,31528.82,4388.41,17763991.1,84821729.5,432257086
4352.4,S,34,31529.54,4388.43,17763991.1,84821794.2,432257357
4353.4,S,34,31530.52,4388.45,17763991.1,84821794.7,432257359
4354.4,S,34,31531.50,4388.47,17763991.1,84821794.9,432257363
4355.4,S,34,31532.49,4388.47,17763991.1,84821795.0,432257365
4356.4,S,34,31533.30,4388.50,17763991.1,84821859.8,432257547
4357.4,S,34,31534.29,4388.51,17763991.1,84821859.9,432257549
4358.4,S,34,31535.27,4388.53,17763991.1,84821860.4,432257552
4359.4,S,34,31536.26,4388.55,17763991.1,84821860.5,432257554
4360.4,S,34,31537.14,4388.61,17763991.1,84821935.6,432257623
4361.4,S,34,31538.13,4388.63,17763991.1,84821936.0,432257624
4362.4,S,34,31539.11,4388.64,17763991.1,84821936.2,432257627
4363.4,S,34,31540.10,4388.65,17763991.1,84821936.5,432257629
4364.4,S,34,31541.04,4388.68,17763991.1,84822001.1,432257689
4365.4,S,34,31542.02,4388.69,17763991.1,84822001.2,432257691
4366.4,S,34,31543.00,4388.71,17763991.1,84822001.3,432257694
4367.4,S,34,31543.99,4388.72,17763991.1,84822001.6,432257695
4368.4,S,34,31544.93,4388.74,17763991.1,84822066.1,432257750
4369.4,S,34,31545.91,4388.76,17763991.1,84822066.6,432257756
4370.4,S,34,31546.89,4388.78,17763991.1,84822066.8,432257759
4371.4,S,34,31547.83,4388.80,17763991.1,84822131.3,432257816
4372.4,S,34,31548.76,4388.85,17763991.1,84822150.5,432257837
4373.4,S,34,31549.75,4388.86,17763991.1,84822150.8,432257839
4374.4,S,34,31550.73,4388.88,17763991.1,84822151.0,432257842
4375.4,S,34,31551.73,4388.89,17763991.1,84822151.4,432257842
4376.4,S,34,31552.57,4388.91,17763991.1,84822216.0,432257981
4377.4,S,34,31553.56,4388.93,17763991.1,84822216.1,432257982
4378.4,S,34,31554.54,4388.95,17763991.1,84822216.2,432257982
4379.4,S,34,31555.48,4388.97,17763991.1,84822227.3,432258033
4380.4,S,34,31556.29,4388.98,17763991.1,84822281.3,432258218
4381.4,S,34,31557.28,4388.99,17763991.1,84822281.5,432258220
4382.4,S,34,31558.11,4389.05,17763991.1,84822316.7,432258340
4383.4,S,34,31559.10,4389.07,17763991.1,84822316.8,432258342
4384.4,S,34,31560.08,4389.08,17763991.1,84822317.2,432258351
4385.4,S,34,31560.93,4389.11,17763991.1,84822365.6,432258494
4386.4,S,34,31561.85,4389.12,17763991.1,84822382.2,432258559
4387.4,S,34,31562.83,4389.15,17763991.1,84822382.3,432258560
4388.4,S,34,31563.81,4389.16,17763991.1,84822382.5,432258567
4389.4,S,34,31564.57,4389.18,17763991.1,84822447.2,432258808
4390.4,S,34,31565.56,4389.20,17763991.1,84822447.3,432258811
4391.4,S,34,31566.39,4389.24,17763991.1,84822479.7,432258934
4392.4,S,34,31567.38,4389.26,17763991.1,84822479.9,432258937
4393.4,S,34,31568.37,4389.27,17763991.1,84822480.0,432258942
4394.4,S,34,31569.36,4389.28,17763991.1,84822480.1,432258946
4395.4,S,34,31570.14,4389.30,17763991.1,84822544.6,432259156
4396.4,S,34,31571.12,4389.32,17763991.1,84822545.0,432259158
4397.4,S,34,31572.11,4389.33,17763991.1,84822545.4,432259160
4398.4,S,34,31572.94,4389.35,17763991.1,84822610.0,432259323
4399.4,S,34,31573.93,4389.37,17763991.1,84822610.2,432259327
4400.4,S,34,31574.92,4389.38,17763991.1,84822610.4,432259329
4401.4,S,34,31575.90,4389.39,17763991.1,84822610.6,432259331
4402.4,S,34,31576.70,4389.44,17763991.1,84822670.4,432259503
4403.4,S,41,31580.96,4389.51,17763991.1,84822670.8,432259506
4404.4,S,41,31588.84,4389.64,17763991.1,84822671.0,432259506
4405.4,S,41,31596.71,4389.77,17763991.1,84822671.1,432259508
4406.4,S,41,31604.12,4389.93,17763991.1,84822814.7,432259901
4407.4,S,41,31610.50,4390.07,17763991.1,84823077.2,432260400
4408.4,S,41,31618.31,4390.21,17763991.1,84823161.6,432260474
4409.4,S,41,31626.16,4390.34,17763991.1,84823208.6,432260517
4410.4,S,41,31633.94,4390.48,17763991.1,84823333.7,432260632
4411.4,S,41,31639.57,4390.59,17763991.1,84823505.9,432261240
4412.4,S,41,31647.09,4390.72,17763991.1,84823584.4,432261478
4413.4,S,41,31654.26,4390.85,17763991.1,84823646.5,432261736
4414.4,S,41,31661.60,4391.00,17763991.1,84823827.9,432262299
4415.4,S,41,31669.19,4391.12,17763991.1,84823889.0,432262604
4416.4,S,41,31675.79,4391.26,17763991.1,84824110.1,432263319
4417.4,S,41,31683.05,4391.39,17763991.1,84824175.7,432263569
4418.4,S,41,31690.15,4391.55,17763991.1,84824305.4,432263974
4419.4,S,41,31698.06,4391.65,17763991.1,84824305.8,432263978
4420.4,S,41,31705.43,4391.83,17763991.1,84824515.4,432264295
4421.4,S,41,31713.19,4391.98,17763991.1,84824662.2,432264422
4422.4,S,41,31720.90,4392.11,17763991.1,84824769.0,432264607
4423.4,S,41,31727.52,4392.24,17763991.1,84824932.3,432265171
4424.4,S,41,31734.17,4392.37,17763991.1,84825109.4,432265788
4425.4,S,41,31741.86,4392.50,17763991.1,84825170.0,432265983
4426.4,S,41,31748.44,4392.61,17763991.1,84825281.4,432266523
4427.4,S,41,31756.33,4392.72,17763991.1,84825281.6,432266524
4428.5,S,41,31763.59,4392.86,17763991.1,84825425.7,432266913
4429.5,S,41,31771.11,4393.01,17763991.1,84825732.5,432267175
4430.5,S,41,31778.82,4393.15,17763991.1,84825794.5,432267359
4431.5,S,41,31786.46,4393.28,17763991.1,84825866.0,432267603
4432.5,S,41,31794.03,4393.42,17763991.1,84825944.6,432267924
4433.5,S,41,31801.11,4393.56,17763991.1,84826132.9,432268662
4434.5,S,41,31807.97,4393.68,17763991.1,84826253.5,432269155
4435.5,S,41,31815.33,4393.83,17763991.1,84826392.7,432269674
4436.5,S,41,31822.33,4393.94,17763991.1,84826472.6,432269992
4437.5,S,41,31828.19,4394.07,17763991.1,84826646.5,432270723
4438.5,S,41,31835.93,4394.21,17763991.1,84826803.6,432270874
4439.5,S,41,31843.77,4394.33,17763991.1,84826860.0,432270926
4440.5,S,41,31851.57,4394.47,17763991.1,84826958.1,432271011
4441.5,S,41,31859.45,4394.59,17763991.1,84826958.6,432271014
4442.5,S,41,31866.07,4394.75,17763991.1,84827190.9,432271713
4443.5,S,41,31871.30,4394.87,17763991.1,84827341.8,432272344
4444.5,S,41,31877.98,4394.98,17763991.1,84827466.7,432272821
4445.5,S,41,31885.40,4395.13,17763991.1,84827589.7,432273287
4446.5,S,41,31893.07,4395.26,17763991.1,84827637.9,432273513
4447.5,S,41,31900.61,4395.41,17763991.1,84827722.1,432273849
4448.5,S,41,31906.03,4395.54,17763991.1,84827911.2,432274656
4449.5,S,41,31913.55,4395.70,17763991.1,84828103.4,432274821
4450.5,S,41,31921.43,4395.83,17763991.1,84828104.0,432274823
4451.5,S,40,31928.28,4395.96,17763991.1,84828232.0,432274935
4452.5,S,40,31934.26,4396.07,17763991.1,84828413.1,432275498
4453.5,S,40,31939.55,4396.21,17763991.1,84828590.9,432276235
4454.5,S,39,31945.20,4396.30,17763991.1,84828677.5,432276532
4455.5,S,35,31946.98,4396.36,17763991.1,84828796.5,432277007
4456.5,S,34,31947.26,4396.96,17763991.1,84828841.0,432277252
4457.5,S,34,31954.46,4398.31,17763991.1,84828842.9,432277264
4458.5,S,34,31963.12,4399.77,17763991.1,84828843.2,432277274
4459.5,S,34,31972.01,4401.24,17763991.1,84828843.4,432277277
4460.5,S,34,31980.61,4402.73,17763991.1,84828843.8,432277287
4461.5,S,34,31988.33,4404.03,17763991.1,84828909.9,432277548
4462.5,S,34,31997.03,4405.45,17763991.1,84828910.4,432277549
4463.5,S,38,32006.56,4406.88,17763991.1,84828934.3,432277655
4464.5,S,34,32016.05,4408.21,17763991.1,84829029.8,432278010
4465.5,S,34,32024.41,4409.79,17763991.1,84829087.4,432278224
4466.5,S,34,32033.11,4411.20,17763991.1,84829088.0,432278234
4467.5,S,34,32041.95,4412.70,17763991.1,84829088.0,432278234
4468.5,S,34,32050.54,4414.18,17763991.1,84829088.3,432278236
4469.5,S,34,32059.25,4415.42,17763991.1,84829088.5,432278240
4470.5,S,38,32067.63,4416.73,17763991.1,84829202.4,432278530
4471.5,S,34,32078.06,4418.30,17763991.1,84829298.5,432278621
4472.5,S,34,32086.80,4419.79,17763991.1,84829326.0,432278646
4473.5,S,34,32095.41,4421.27,17763991.1,84829326.7,432278649
4474.5,S,34,32104.00,4422.71,17763991.1,84829327.0,432278652
4475.5,S,34,32112.66,4424.22,17763991.1,84829327.3,432278655
4476.5,S,34,32121.12,4425.61,17763991.1,84829391.8,432278713
4477.5,S,38,32131.48,4427.11,17763991.1,84829467.2,432278786
4478.5,S,34,32141.16,4428.56,17763991.1,84829590.1,432279006
4479.5,S,34,32149.75,4429.90,17763991.1,84829590.7,432279009
4480.5,S,34,32158.48,4431.30,17763991.1,84829590.8,432279011
4481.5,S,34,32167.28,4432.63,17763991.1,84829591.1,432279013
4482.5,S,34,32175.80,4434.19,17763991.1,84829591.2,432279015
4483.5,S,34,32184.24,4435.74,17763991.1,84829656.1,432279248
4484.5,S,38,32191.07,4436.76,17763991.1,84829756.8,432279606
4485.5,S,38,32201.39,4438.26,17763991.1,84829847.1,432279920
4486.5,S,34,32210.24,4439.77,17763991.1,84829852.9,432279946
4487.5,S,34,32218.54,4441.17,17763991.1,84829917.7,432280239
4488.5,S,34,32227.11,4442.50,17763991.1,84829920.7,432280254
4489.5,S,34,32235.92,4443.82,17763991.1,84829921.3,432280261
4490.5,S,34,32244.60,4445.26,17763991.1,84829921.4,432280262
4491.5,S,38,32250.89,4446.27,17763991.1,84830024.5,432280624
4492.5,S,37,32262.92,4447.96,17763991.1,84830127.7,432280967
4493.5,S,34,32271.06,4449.26,17763991.1,84830185.3,432281203
4494.5,S,34,32279.75,4450.63,17763991.1,84830185.8,432281205
4495.5,S,34,32288.24,4452.06,17763991.1,84830232.8,432281337
4496.5,S,34,32296.92,4453.55,17763991.1,84830233.4,432281339
4497.5,S,34,32305.82,4454.99,17763991.1,84830233.6,432281340
4498.5,S,38,32314.98,4456.43,17763991.1,84830336.5,432281432
4499.5,S,34,32325.90,4458.08,17763991.1,84830432.6,432281517
4500.5,S,34,32334.49,4459.68,17763991.1,84830497.6,432281573
4501.5,S,34,32343.27,4461.01,17763991.1,84830497.8,432281577
4502.5,S,34,32351.94,4462.47,17763991.1,84830498.3,432281580
4503.5,S,34,32360.56,4463.89,17763991.1,84830498.6,432281581
4504.5,S,34,32369.22,4465.31,17763991.1,84830563.4,432281640
4505.5,S,38,32377.10,4466.40,17763991.1,84830665.9,432281945
4506.5,S,34,32386.64,4467.86,17763991.1,84830788.3,432282416
4507.5,S,34,32395.50,4469.20,17763991.1,84830788.6,432282416
4508.5,S,34,32404.18,4470.71,17763991.1,84830789.2,432282417
4509.5,S,34,32412.90,4472.23,17763991.1,84830789.4,432282418
4510.5,S,34,32421.25,4473.77,17763991.1,84830854.0,432282639
4511.5,S,34,32429.97,4475.13,17763991.1,84830854.2,432282643
4512.5,S,38,32435.54,4475.89,17763991.1,84830957.2,432283108
4513.5,S,38,32446.64,4477.38,17763991.1,84831010.9,432283284
4514.5,S,34,32455.32,4478.81,17763991.1,84831053.7,432283432
4515.5,S,34,32463.75,4480.37,17763991.1,84831118.4,432283727
4516.5,S,34,32472.50,4481.84,17763991.1,84831118.5,432283727
4517.5,S,34,32481.33,4483.20,17763991.1,84831118.8,432283729
4518.5,S,34,32489.91,4484.63,17763991.1,84831118.9,432283730
4519.5,S,34,32494.56,4485.36,17763991.1,84831235.0,432284215
4520.5,S,38,32503.90,4486.56,17763991.1,84831286.5,432284481
4521.5,S,34,32511.87,4487.89,17763991.1,84831402.6,432284931
4522.5,S,34,32520.66,4489.34,17763991.1,84831402.9,432284933
4523.5,S,34,32529.40,4490.80,17763991.1,84831403.2,432284936
4524.5,S,34,32538.08,4492.27,17763991.1,84831404.1,432284938
4525.5,S,34,32546.48,4493.73,17763991.1,84831464.2,432285161
4526.5,S,34,32555.02,4495.19,17763991.1,84831468.9,432285195
4527.5,S,38,32564.98,4496.74,17763991.1,84831572.1,432285359
4528.5,S,34,32574.36,4498.25,17763991.1,84831668.4,432285444
4529.5,S,34,32583.15,4499.70,17763991.1,84831668.6,432285446
4530.5,S,34,32591.60,4501.23,17763991.1,84831733.4,432285507
4531.5,S,34,32600.26,4502.63,17763991.1,84831734.1,432285511
4532.5,S,34,32608.80,4504.06,17763991.1,84831766.4,432285543
4533.5,S,34,32617.38,4505.52,17763991.1,84831794.8,432285574
4534.5,S,38,32626.47,4506.79,17763991.1,84831897.8,432285857
4535.5,S,34,32635.54,4508.08,17763991.1,84832087.1,432286536
4536.5,S,34,32642.17,4509.31,17763991.1,84832248.7,432287124
4537.6,S,34,32650.61,4510.83,17763994.9,84832252.8,432287176
4538.6,S,34,32659.27,4512.22,17763996.1,84832253.0,432287181
4539.6,S,34,32667.37,4513.56,17763996.1,84832330.8,432287439
4540.6,S,34,32676.04,4515.07,17763996.1,84832331.2,432287444
4541.6,S,38,32684.84,4516.37,17763996.1,84832366.1,432287575
4542.6,S,38,32696.01,4517.88,17763996.1,84832413.5,432287764
4543.6,S,34,32704.12,4519.28,17763996.1,84832462.1,432288023
4544.6,S,34,32712.84,4520.72,17763996.1,84832463.0,432288027
4545.6,S,34,32721.23,4522.21,17763996.1,84832488.5,432288190
4546.6,S,34,32730.03,4523.58,17763996.1,84832527.8,432288228
4547.6,S,34,32738.45,4525.05,17763996.1,84832556.4,432288256
4548.6,S,38,32747.43,4526.62,17763996.1,84832590.8,432288299
4549.6,S,34,32759.05,4528.22,17763996.1,84832687.0,432288384
4550.6,S,34,32767.66,4529.70,17763996.1,84832687.4,432288387
4551.6,S,34,32776.22,4531.11,17763996.1,84832688.0,432288389
4552.6,S,34,32784.96,4532.60,17763996.1,84832752.7,432288448
4553.6,S,34,32793.71,4534.00,17763996.1,84832752.8,432288450
4554.6,S,34,32802.56,4535.31,17763996.1,84832753.0,432288452
4555.6,S,38,32812.80,4536.81,17763996.1,84832812.9,432288522
4556.6,S,34,32822.13,4538.11,17763996.1,84832963.0,432288964
4557.6,S,34,32830.77,4539.45,17763996.1,84832976.9,432289027
4558.6,S,34,32839.47,4540.90,17763996.1,84832977.2,432289030
4559.6,S,34,32848.34,4542.19,17763996.1,84832977.3,432289036
4560.6,S,34,32857.02,4543.58,17763996.1,84832977.5,432289039
4561.6,S,34,32865.60,4544.93,17763996.1,84833042.4,432289295
4562.6,S,38,32873.04,4545.94,17763996.1,84833128.0,432289654
4563.6,S,34,32882.36,4547.16,17763996.1,84833223.8,432290055
4564.6,S,34,32891.17,4548.61,17763996.1,84833224.1,432290062
4565.6,S,34,32899.91,4550.02,17763996.1,84833240.8,432290111
4566.6,S,34,32908.41,4551.41,17763996.1,84833294.8,432290328
4567.6,S,34,32916.91,4552.45,17763996.1,84833295.3,432290336
4568.6,S,34,32925.58,4553.76,17763996.1,84833295.6,432290340
4569.6,S,38,32931.58,4554.58,17763996.1,84833398.6,432290729
4570.6,S,38,32943.25,4556.32,17763996.1,84833447.9,432290901
4571.6,S,34,32949.24,4557.38,17763996.1,84833558.9,432291385
4572.6,S,34,32954.65,4558.27,17763996.1,84833559.4,432291388
4573.6,S,34,32960.14,4559.08,17763996.1,84833559.9,432291391
4574.6,S,34,32965.53,4559.90,17763996.1,84833560.1,432291395
4575.6,S,34,32970.84,4560.81,17763996.1,84833619.7,432291629
4576.6,S,34,32976.34,4561.82,17763996.1,84833625.0,432291658
4577.6,S,34,32981.86,4562.62,17763996.1,84833625.1,432291665
4578.6,S,34,32987.28,4563.55,17763996.1,84833625.6,432291668
4579.6,S,34,32992.80,4564.45,17763996.1,84833626.2,432291676
4580.6,S,34,32998.22,4565.37,17763996.1,84833759.2,432292190
4581.6,S,34,33004.50,4566.40,17763996.1,84833798.4,432292265
4582.6,S,34,33010.85,4567.25,17763996.1,84833798.9,432292268
4583.6,S,38,33019.89,4568.22,17763996.1,84833804.2,432292285
4584.6,S,34,33025.71,4569.10,17763996.1,84833900.7,432292372
4585.6,S,34,33030.36,4569.90,17763996.1,84833965.3,432292428
4586.6,S,34,33035.11,4570.65,17763996.1,84834047.1,432292500
4587.6,S,34,33039.85,4571.44,17763996.1,84834047.2,432292501
4588.6,S,34,33044.51,4572.21,17763996.1,84834047.4,432292502
4589.6,S,34,33049.22,4572.96,17763996.1,84834112.1,432292556
4590.6,S,34,33054.02,4573.64,17763996.1,84834112.5,432292560
4591.6,S,34,33058.79,4574.37,17763996.1,84834112.7,432292562
4592.6,S,34,33063.55,4575.20,17763996.1,84834112.9,432292564
4593.6,S,34,33068.27,4575.99,17763996.1,84834113.1,432292566
4594.6,S,34,33072.99,4576.76,17763996.1,84834177.7,432292730
4595.6,S,34,33078.30,4577.68,17763996.1,84834189.2,432292783
4596.6,S,34,33083.43,4578.57,17763996.1,84834259.8,432293050
4597.6,S,34,33088.98,4579.48,17763996.1,84834260.4,432293055
4598.6,S,34,33094.55,4580.36,17763996.1,84834260.4,432293055
4599.6,S,34,33100.04,4581.26,17763996.1,84834325.0,432293318
4600.6,S,38,33106.46,4582.19,17763996.1,84834346.9,432293417
4601.6,S,38,33113.05,4583.01,17763996.1,84834411.7,432293748
4602.6,S,34,33115.78,4583.36,17763996.1,84834524.6,432294147
4603.6,S,34,33116.76,4583.38,17763996.1,84834525.2,432294152
4604.6,S,34,33117.51,4583.40,17763996.1,84834589.7,432294400
4605.6,S,34,33118.50,4583.41,17763996.1,84834590.4,432294403
4606.6,S,34,33119.29,4583.48,17763996.1,84834625.7,432294556
4607.6,S,34,33120.27,4583.49,17763996.1,84834626.0,432294560
4608.6,S,34,33121.25,4583.52,17763996.1,84834626.3,432294561
4609.6,S,34,33122.21,4583.54,17763996.1,84834635.4,432294592
4610.6,S,34,33122.99,4583.55,17763996.1,84834691.2,432294815
4611.6,S,34,33123.97,4583.57,17763996.1,84834691.5,432294815
4612.6,S,34,33124.95,4583.59,17763996.1,84834691.6,432294817
4613.6,S,34,33125.73,4583.61,17763996.1,84834723.5,432295031
4614.7,S,34,33126.72,4583.62,17763996.1,84834756.4,432295073
4615.7,S,34,33127.70,4583.64,17763996.1,84834756.6,432295076
4616.7,S,34,33128.69,4583.65,17763996.1,84834756.7,432295078
4617.7,S,34,33129.61,4583.68,17763996.1,84834821.5,432295144
4618.7,S,34,33130.59,4583.70,17763996.1,84834849.4,432295169
4619.7,S,34,33131.51,4583.76,17763996.1,84834882.7,432295199
4620.7,S,34,33132.50,4583.77,17763996.1,84834882.8,432295201
4621.7,S,34,33133.48,4583.79,17763996.1,84834883.0,432295204
4622.7,S,34,33134.47,4583.80,17763996.1,84834883.5,432295207
4623.7,S,34,33135.40,4583.82,17763996.1,84834947.9,432295261
4624.7,S,34,33136.39,4583.84,17763996.1,84834948.4,432295262
4625.7,S,34,33137.37,4583.86,17763996.1,84834948.6,432295267
4626.7,S,34,33138.30,4583.89,17763996.1,84835013.3,432295325
4627.7,S,34,33139.29,4583.90,17763996.1,84835013.5,432295325
4628.7,S,34,33140.27,4583.92,17763996.1,84835022.6,432295332
4629.7,S,34,33141.16,4584.00,17763996.1,84835069.1,432295376
4630.7,S,34,33142.14,4584.02,17763996.1,84835069.5,432295378
4631.7,S,34,33143.13,4584.03,17763996.1,84835096.6,432295408
4632.7,S,34,33144.08,4584.05,17763996.1,84835113.6,432295450
4633.7,S,34,33144.84,4584.07,17763996.1,84835164.2,432295676
4634.7,S,34,33145.83,4584.08,17763996.1,84835164.4,432295677
4635.7,S,34,33146.82,4584.09,17763996.1,84835164.9,432295698
4636.7,S,34,33147.60,4584.12,17763996.1,84835218.5,432295907
4637.7,S,34,33148.59,4584.13,17763996.1,84835229.9,432295960
4638.7,S,34,33149.45,4584.17,17763996.1,84835255.2,432296068
4639.7,S,34,33150.44,4584.18,17763996.1,84835255.3,432296070
4640.7,S,34,33151.43,4584.19,17763996.1,84835255.5,432296075
4641.7,S,34,33152.41,4584.21,17763996.1,84835255.5,432296075
4642.7,S,34,33153.15,4584.23,17763996.1,84835321.0,432296344
4643.7,S,34,33154.14,4584.25,17763996.1,84835321.5,432296346
4644.7,S,34,33155.13,4584.26,17763996.1,84835321.7,432296351
4645.7,S,34,33156.12,4584.27,17763996.1,84835321.8,432296351
4646.7,S,34,33156.79,4584.29,17763996.1,84835386.3,432296669
4647.7,S,34,33157.78,4584.31,17763996.1,84835386.7,432296677
4648.7,S,34,33158.62,4584.36,17763996.1,84835422.2,432296796
4649.7,S,34,33159.61,4584.37,17763996.1,84835422.6,432296804
4650.7,S,34,33160.60,4584.38,17763996.1,84835422.7,432296805
4651.7,S,34,33161.55,4584.41,17763996.1,84835435.5,432296846
4652.7,S,34,33162.35,4584.43,17763996.1,84835487.6,432297024
4653.7,S,34,33163.34,4584.44,17763996.1,84835487.8,432297026
4654.7,S,34,33164.33,4584.45,17763996.1,84835488.3,432297034
4655.7,S,34,33165.13,4584.48,17763996.1,84835552.9,432297226
4656.7,S,34,33166.11,4584.49,17763996.1,84835553.1,432297232
4657.7,S,34,33167.10,4584.50,17763996.1,84835553.2,432297232
4658.7,S,34,33168.00,4584.53,17763996.1,84835583.3,432297312
4659.7,S,34,33168.86,4584.58,17763996.1,84835606.3,432297411
4660.7,S,34,33169.84,4584.60,17763996.1,84835606.4,432297411
4661.7,S,34,33170.81,4584.63,17763996.1,84835606.7,432297419
4662.7,S,34,33171.59,4584.65,17763996.1,84835671.3,432297637
4663.7,S,34,33172.58,4584.66,17763996.1,84835671.4,432297638
4664.7,S,34,33173.55,4584.69,17763996.1,84835671.8,432297639
4665.7,S,34,33174.54,4584.70,17763996.1,84835672.2,432297641
4666.7,S,34,33175.29,4584.73,17763996.1,84835736.8,432297879
4667.7,S,34,33176.19,4584.77,17763996.1,84835756.0,432297945
4668.7,S,34,33177.17,4584.79,17763996.1,84835756.0,432297945
4669.7,S,34,33178.15,4584.81,17763996.1,84835756.4,432297946
4670.7,S,34,33179.14,4584.83,17763996.1,84835756.8,432297953
4671.7,S,34,33179.91,4584.85,17763996.1,84835821.3,432298172
4672.7,S,34,33180.89,4584.86,17763996.1,84835821.6,432298176
4673.7,S,34,33181.87,4584.88,17763996.1,84835821.6,432298178
4674.7,S,34,33182.85,4584.90,17763996.1,84835822.0,432298187
4675.7,S,34,33183.61,4584.93,17763996.1,84835887.0,432298421
4676.7,S,34,33184.50,4584.97,17763996.1,84835905.7,432298503
4677.8,S,34,33185.48,4584.99,17763996.1,84835905.9,432298506
4678.8,S,34,33186.47,4585.00,17763996.1,84835906.1,432298510
4679.8,S,34,33187.46,4585.01,17763996.1,84835906.2,432298512
4680.8,S,34,33188.20,4585.03,17763996.1,84835971.0,432298761
4681.8,S,34,33189.18,4585.05,17763996.1,84835971.4,432298763
4682.8,S,34,33190.17,4585.07,17763996.1,84835971.5,432298767
4683.8,S,34,33191.02,4585.09,17763996.1,84835997.8,432298911
4684.8,S,34,33191.84,4585.10,17763996.1,84836036.2,432299073
4685.8,S,34,33192.72,4585.15,17763996.1,84836063.3,432299157
4686.8,S,34,33193.71,4585.17,17763996.1,84836064.0,432299161
4687.8,S,34,33194.69,4585.19,17763996.1,84836064.1,432299162
4688.8,S,34,33195.68,4585.20,17763996.1,84836064.3,432299164
4689.8,S,34,33196.60,4585.23,17763996.1,84836128.8,432299220
4690.8,S,34,33197.59,4585.25,17763996.1,84836129.0,432299223
4691.8,S,34,33198.58,4585.26,17763996.1,84836129.1,432299224
4692.8,S,34,33199.51,4585.28,17763996.1,84836194.1,432299278
4693.8,S,34,33200.46,4585.32,17763996.1,84836203.5,432299290
4694.8,S,34,33201.45,4585.33,17763996.1,84836203.8,432299294
4695.8,S,34,33202.44,4585.35,17763996.1,84836203.9,432299296
4696.8,S,34,33203.43,4585.36,17763996.1,84836204.0,432299296
4697.8,S,34,33204.36,4585.39,17763996.1,84836268.8,432299352
4698.8,S,34,33205.34,4585.40,17763996.1,84836269.2,432299355
4699.8,S,34,33206.33,4585.42,17763996.1,84836269.2,432299357
4700.8,S,34,33207.26,4585.44,17763996.1,84836333.8,432299413
4701.8,S,34,33208.24,4585.46,17763996.1,84836333.9,432299414
4702.8,S,34,33209.23,4585.48,17763996.1,84836334.1,432299416
4703.8,S,34,33210.21,4585.49,17763996.1,84836334.8,432299419
4704.8,S,34,33211.14,4585.52,17763996.1,84836399.4,432299477
4705.8,S,34,33212.12,4585.54,17763996.1,84836399.5,432299477
4706.8,S,34,33212.93,4585.60,17763996.1,84836433.3,432299619
4707.8,S,34,33213.92,4585.61,17763996.1,84836433.5,432299620
4708.8,S,34,33214.90,4585.63,17763996.1,84836433.9,432299623
4709.8,S,34,33215.88,4585.65,17763996.1,84836438.4,432299634
4710.8,S,34,33216.65,4585.67,17763996.1,84836498.7,432299859
4711.8,S,34,33217.63,4585.68,17763996.1,84836498.8,432299859
4712.8,S,34,33218.62,4585.70,17763996.1,84836499.0,432299862
4713.8,S,34,33219.52,4585.73,17763996.1,84836527.5,432299948
4714.8,S,34,33220.39,4585.74,17763996.1,84836564.0,432300077
4715.8,S,34,33221.27,4585.79,17763996.1,84836583.3,432300148
4716.8,S,34,33222.26,4585.80,17763996.1,84836583.5,432300155
4717.8,S,34,33223.25,4585.81,17763996.1,84836583.5,432300157
4718.8,S,34,33224.06,4585.83,17763996.1,84836634.6,432300343
4719.8,S,34,33225.00,4585.84,17763996.1,84836648.5,432300395
4720.8,S,34,33225.99,4585.85,17763996.1,84836648.6,432300395
4721.8,S,34,33226.99,4585.86,17763996.1,84836649.1,432300405
4722.8,S,34,33227.75,4585.88,17763996.1,84836713.7,432300630
4723.8,S,34,33228.73,4585.90,17763996.1,84836713.8,432300630
4724.8,S,34,33229.72,4585.92,17763996.1,84836714.0,432300636
4725.8,S,34,33230.71,4585.93,17763996.1,84836714.5,432300639
4726.8,S,34,33231.46,4585.95,17763996.1,84836778.9,432300875
4727.8,S,34,33232.44,4585.97,17763996.1,84836779.2,432300875
4728.8,S,34,33233.27,4586.03,17763996.1,84836813.1,432300999
4729.8,S,41,33235.21,4586.05,17763996.1,84836813.4,432301007
4730.8,S,41,33243.09,4586.16,17763996.1,84836813.4,432301007
4731.8,S,41,33250.97,4586.29,17763996.1,84836814.1,432301010
4732.8,S,41,33258.76,4586.43,17763996.1,84836841.8,432301101
4733.8,S,41,33264.14,4586.56,17763996.1,84837036.0,432301842
4734.8,S,41,33266.52,4586.66,17763996.1,84837300.4,432302843
4735.8,S,41,33274.35,4586.78,17763996.1,84837302.2,432302862
4736.8,S,41,33282.23,4586.92,17763996.1,84837302.7,432302867
4737.8,S,41,33289.98,4587.05,17763996.1,84837339.0,432303007
4738.8,S,41,33297.47,4587.21,17763996.1,84837689.6,432303418
4739.8,S,41,33305.02,4587.35,17763996.1,84837830.7,432303783
4740.8,S,41,33312.91,4587.46,17763996.1,84837830.7,432303783
4741.8,S,41,33319.64,4587.58,17763996.1,84837930.4,432304135
4742.8,S,41,33325.48,4587.73,17763996.1,84838099.8,432304912
4743.8,S,41,33332.22,4587.85,17763996.1,84838252.6,432305498
4744.8,S,41,33339.75,4587.98,17763996.1,84838377.5,432305868
4745.8,S,41,33347.66,4588.08,17763996.1,84838377.9,432305875
4746.8,S,41,33355.39,4588.21,17763996.1,84838505.3,432305980
4747.8,S,41,33362.67,4588.39,17763996.1,84838774.8,432306335
4748.8,S,41,33370.26,4588.53,17763996.1,84838853.1,432306625
4749.9,S,41,33378.89,4588.66,17763996.1,84838902.6,432306827
4750.9,S,41,33384.74,4588.79,17763996.1,84839050.6,432307497
4751.9,S,41,33390.29,4588.91,17763996.1,84839250.4,432308324
4752.9,S,41,33398.10,4589.02,17763996.1,84839271.2,432308408
4753.9,S,41,33404.41,4589.15,17763996.1,84839388.3,432308865
4754.9,S,41,33412.09,4589.26,17763996.1,84839437.5,432309086
4755.9,S,41,33417.46,4589.37,17763996.1,84839599.7,432309778
4756.9,S,41,33425.05,4589.52,17763996.1,84839776.7,432309944
4757.9,S,41,33432.84,4589.65,17763996.1,84839894.0,432310045
4758.9,S,41,33440.72,4589.78,17763996.1,84839894.5,432310046
4759.9,S,41,33448.30,4589.91,17763996.1,84840017.9,432310247
4760.9,S,41,33453.22,4590.03,17763996.1,84840249.8,432311155
4761.9,S,41,33458.38,4590.15,17763996.1,84840441.3,432311965
4762.9,S,41,33466.29,4590.25,17763996.1,84840441.3,432311965
4763.9,S,41,33473.96,4590.38,17763996.1,84840499.8,432312185
4764.9,S,41,33481.33,4590.52,17763996.1,84840623.5,432312698
4765.9,S,41,33489.00,4590.65,17763996.1,84840690.9,432312932
4766.9,S,41,33496.25,4590.79,17763996.1,84840848.1,432313578
4767.9,S,41,33503.81,4590.95,17763996.1,84841109.9,432313910
4768.9,S,41,33511.60,4591.08,17763996.1,84841229.8,432314015
4769.9,S,41,33519.33,4591.21,17763996.1,84841292.7,432314192
4770.9,S,41,33525.60,4591.32,17763996.1,84841425.5,432314723
4771.9,S,41,33532.62,4591.45,17763996.1,84841547.1,432315201
4772.9,S,41,33539.65,4591.58,17763996.1,84841672.5,432315699
4773.9,S,41,33546.67,4591.72,17763996.1,84841847.1,432316442
4775.0,S,41,33554.38,4591.84,17763996.1,84841903.6,432316628
4776.0,S,41,33561.97,4591.97,17763996.1,84841976.9,432316941
4777.0,S,41,33568.51,4592.13,17763996.1,84842184.4,432317605
4778.0,S,41,33576.13,4592.29,17763996.1,84842367.1,432317766
4779.0,S,40,33583.35,4592.40,17763996.1,84842442.2,432317833
4780.0,S,40,33590.19,4592.52,17763996.1,84842504.7,432317891
4781.0,S,40,33596.49,4592.63,17763996.1,84842635.0,432318247
4782.0,S,39,33600.89,4592.73,17763996.1,84842817.0,432318949
4783.0,S,35,33603.79,4592.81,17763996.1,84842965.7,432319540
4784.0,S,34,33604.49,4593.39,17763996.1,84843002.0,432319682
4785.0,S,34,33611.89,4594.86,17763996.1,84843003.7,432319698
4786.0,S,34,33620.74,4596.31,17763996.1,84843003.8,432319703
4787.0,S,34,33629.39,4597.87,17763996.1,84843004.4,432319709
4788.0,S,34,33637.84,4599.32,17763996.1,84843050.3,432319891
4789.0,S,34,33646.52,4600.75,17763996.1,84843052.1,432319895
4790.0,S,34,33655.12,4602.18,17763996.1,84843052.4,432319900
4791.0,S,38,33665.26,4603.60,17763996.1,84843076.3,432320009
4792.0,S,34,33673.81,4604.90,17763996.1,84843209.3,432320600
4793.0,S,34,33682.07,4606.23,17763996.1,84843236.9,432320718
4794.0,S,34,33690.71,4607.62,17763996.1,84843261.9,432320819
4795.0,S,34,33699.50,4608.93,17763996.1,84843262.5,432320820
4796.0,S,34,33708.09,4610.26,17763996.1,84843262.7,432320828
4797.0,S,34,33716.75,4611.51,17763996.1,84843263.1,432320830
4798.0,S,38,33724.78,4612.67,17763996.1,84843312.6,432321034
4799.0,S,34,33735.23,4614.14,17763996.1,84843473.0,432321444
4800.0,S,34,33743.83,4615.45,17763996.1,84843473.2,432321446
4801.0,S,34,33752.51,4616.88,17763996.1,84843473.6,432321448
4802.0,S,34,33761.06,4618.43,17763996.1,84843473.9,432321452
4803.0,S,34,33769.65,4620.02,17763996.1,84843538.7,432321508
4804.0,S,34,33778.16,4621.61,17763996.1,84843557.0,432321528
4805.0,S,38,33788.07,4623.02,17763996.1,84843632.0,432321601
4806.0,S,34,33798.71,4624.55,17763996.1,84843727.7,432321690
4807.0,S,34,33807.19,4625.84,17763996.1,84843728.2,432321691
4808.0,S,34,33815.83,4627.31,17763996.1,84843728.7,432321693
4809.0,S,34,33824.47,4628.80,17763996.1,84843793.6,432321777
4810.0,S,34,33833.22,4630.19,17763996.1,84843793.9,432321781
4811.0,S,34,33842.00,4631.51,17763996.1,84843794.0,432321783
4812.0,S,38,33849.27,4632.53,17763996.1,84843894.4,432322189
4813.0,S,38,33857.74,4633.81,17763996.1,84844019.1,432322682
4814.1,S,34,33866.04,4635.09,17763996.1,84844055.3,432322893
4815.1,S,34,33874.47,4636.56,17763996.1,84844079.5,432322989
4816.1,S,34,33883.08,4638.06,17763996.1,84844079.8,432322993
4817.1,S,34,33891.75,4639.49,17763996.1,84844080.0,432322995
4818.1,S,34,33900.33,4640.90,17763996.1,84844080.2,432323001
4819.1,S,34,33906.46,4641.98,17763996.1,84844183.1,432323327
4820.1,S,38,33916.22,4643.39,17763996.1,84844248.3,432323537
4821.1,S,34,33924.23,4644.53,17763996.1,84844344.3,432324073
4822.1,S,34,33933.13,4645.90,17763996.1,84844344.4,432324074
4823.1,S,34,33941.84,4647.37,17763996.1,84844344.7,432324076
4824.1,S,34,33950.27,4648.76,17763996.1,84844409.4,432324223
4825.1,S,34,33959.07,4650.11,17763996.1,84844410.1,432324228
4826.1,S,38,33967.37,4651.43,17763996.1,84844536.3,432324338
4827.1,S,34,33978.96,4653.06,17763996.1,84844632.2,432324423
4828.1,S,34,33987.74,4654.43,17763996.1,84844632.4,432324425
4829.1,S,34,33996.45,4655.89,17763996.1,84844632.6,432324429
4830.1,S,34,34005.11,4657.36,17763996.1,84844697.1,432324486
4831.1,S,34,34013.84,4658.89,17763996.1,84844697.9,432324490
4832.1,S,34,34022.41,4660.26,17763996.1,84844698.1,432324491
4833.1,S,38,34029.63,4661.37,17763996.1,84844800.9,432324797
4834.1,S,38,34039.74,4662.83,17763996.1,84844867.7,432325089
4835.1,S,34,34048.27,4664.23,17763996.1,84844961.3,432325474
4836.1,S,34,34056.96,4665.69,17763996.1,84844966.2,432325504
4837.1,S,34,34065.68,4667.16,17763996.1,84844966.7,432325505
4838.1,S,34,34074.34,4668.55,17763996.1,84844966.9,432325510
4839.1,S,34,34083.01,4669.92,17763996.1,84844967.1,432325512
4840.1,S,34,34087.16,4670.60,17763996.1,84845086.1,432326061
4841.1,S,38,34097.26,4671.92,17763996.1,84845134.7,432326270
4842.1,S,34,34105.85,4673.28,17763996.1,84845231.0,432326631
4843.1,S,34,34114.38,4674.76,17763996.1,84845231.4,432326638
4844.1,S,34,34122.98,4676.28,17763996.1,84845231.7,432326644
4845.1,S,34,34131.44,4677.63,17763996.1,84845296.3,432326884
4846.1,S,34,34140.03,4679.06,17763996.1,84845296.4,432326884
4847.1,S,34,34147.54,4680.35,17763996.1,84845335.4,432327032
4848.1,S,38,34157.47,4681.71,17763996.1,84845443.4,432327371
4849.1,S,34,34165.69,4683.13,17763996.1,84845539.4,432327766
4850.1,S,34,34174.54,4684.58,17763996.1,84845539.7,432327769
4851.1,S,34,34183.34,4685.96,17763996.1,84845539.8,432327771
4852.2,S,34,34192.08,4687.50,17763996.1,84845540.0,432327775
4853.2,S,34,34200.54,4688.95,17763996.1,84845605.1,432328044
4854.2,S,34,34208.92,4690.20,17763996.1,84845631.1,432328139
4855.2,S,38,34219.85,4691.67,17763996.1,84845707.9,432328259
4856.2,S,34,34228.98,4693.09,17763996.1,84845803.6,432328349
4857.2,S,34,34237.65,4694.57,17763996.2,84845868.2,432328404
4858.2,S,34,34246.30,4696.06,17763996.2,84845868.9,432328407
4859.2,S,34,34254.81,4697.61,17763996.2,84845892.2,432328431
4860.2,S,34,34263.56,4699.08,17763996.2,84845892.5,432328433
4861.2,S,38,34271.96,4700.41,17763996.2,84845995.3,432328525
4862.2,S,36,34283.48,4701.96,17763996.2,84846067.4,432328683
4863.2,S,34,34291.93,4703.41,17763996.2,84846156.7,432329075
4864.2,S,34,34300.60,4704.76,17763996.2,84846156.9,432329077
4865.2,S,34,34309.26,4706.26,17763996.2,84846157.2,432329078
4866.2,S,34,34317.78,4707.75,17763996.2,84846204.8,432329232
4867.2,S,34,34326.42,4709.14,17763996.2,84846205.2,432329242
4868.2,S,34,34332.46,4710.18,17763996.2,84846305.2,432329595
4869.2,S,38,34344.51,4711.80,17763996.2,84846315.7,432329641
4870.2,S,34,34352.45,4713.18,17763996.2,84846404.6,432329971
4871.2,S,34,34361.06,4714.60,17763996.2,84846469.1,432330188
4872.2,S,34,34369.88,4715.95,17763996.2,84846469.4,432330192
4873.2,S,34,34378.56,4717.38,17763996.2,84846469.5,432330192
4874.2,S,34,34387.28,4718.65,17763996.2,84846470.3,432330201
4875.2,S,34,34393.39,4719.77,17763996.2,84846560.6,432330566
4876.2,S,38,34402.42,4721.11,17763996.2,84846637.6,432330846
4877.2,S,34,34411.03,4722.56,17763996.2,84846760.3,432331364
4878.2,S,34,34419.49,4724.14,17763996.2,84846760.5,432331365
4879.2,S,34,34428.04,4725.65,17763996.2,84846760.9,432331373
4880.2,S,34,34436.75,4726.96,17763996.2,84846761.9,432331382
4881.2,S,34,34445.37,4728.49,17763996.2,84846762.2,432331391
4882.2,S,34,34453.83,4729.92,17763996.2,84846826.8,432331660
4883.2,S,38,34460.44,4730.87,17763996.2,84846929.4,432332122
4884.2,S,34,34471.16,4732.44,17763996.2,84847025.2,432332287
4885.2,S,34,34479.91,4733.89,17763996.2,84847025.7,432332288
4886.2,S,34,34488.61,4735.35,17763996.2,84847090.5,432332342
4887.2,S,34,34497.20,4736.72,17763996.2,84847090.8,432332344
4888.2,S,34,34506.03,4738.17,17763996.2,84847091.0,432332346
4889.2,S,34,34514.66,4739.51,17763996.2,84847091.2,432332349
4890.2,S,38,34525.08,4740.96,17763996.2,84847193.9,432332441
4891.2,S,34,34534.44,4742.44,17763996.2,84847354.9,432332660
4892.2,S,34,34542.79,4744.11,17763996.2,84847378.0,432332753
4893.2,S,34,34551.39,4745.57,17763996.2,84847378.4,432332760
4894.2,S,34,34560.14,4747.02,17763996.2,84847378.5,432332762
4895.2,S,34,34568.84,4748.45,17763996.2,84847378.8,432332765
4896.2,S,34,34577.52,4749.89,17763996.2,84847379.3,432332771
4897.2,S,38,34581.17,4750.44,17763996.2,84847546.7,432333488
4898.2,S,38,34591.58,4751.93,17763996.2,84847616.8,432333823
4899.2,S,34,34596.26,4752.76,17763996.2,84847643.0,432333959
4900.2,S,34,34601.04,4753.52,17763996.2,84847643.2,432333963
4901.2,S,34,34605.71,4754.32,17763996.2,84847707.7,432334204
4902.2,S,34,34610.58,4755.12,17763996.2,84847708.3,432334206
4903.2,S,34,34615.23,4756.02,17763996.2,84847735.4,432334308
4904.2,S,34,34620.75,4756.96,17763996.2,84847735.8,432334316
4905.2,S,34,34626.12,4757.73,17763996.2,84847735.9,432334318
4906.2,S,34,34631.61,4758.57,17763996.2,84847736.1,432334321
4907.2,S,34,34637.11,4759.48,17763996.2,84847736.7,432334323
4908.2,S,34,34642.72,4760.40,17763996.2,84847801.4,432334577
4909.2,S,34,34648.39,4761.30,17763996.2,84847801.6,432334584
4910.2,S,34,34653.87,4762.20,17763996.2,84847845.9,432334747
4911.2,S,34,34659.18,4762.98,17763996.2,84847902.0,432335022
4912.2,S,38,34665.69,4763.80,17763996.2,84847937.0,432335164
4913.2,S,34,34672.73,4764.69,17763996.2,84848066.3,432335667
4914.2,S,34,34676.88,4765.37,17763996.2,84848066.5,432335674
4915.2,S,34,34681.38,4766.11,17763996.2,84848066.7,432335674
4916.2,S,34,34685.49,4766.79,17763996.2,84848148.4,432335985
4917.2,S,34,34689.60,4767.50,17763996.2,84848148.6,432335987
4918.2,S,34,34693.75,4768.17,17763996.2,84848213.5,432336243
4919.2,S,34,34697.82,4768.85,17763996.2,84848214.0,432336246
4920.2,S,34,34701.90,4769.53,17763996.2,84848214.2,432336250
4921.2,S,34,34706.38,4770.34,17763996.2,84848253.3,432336284
4922.2,S,34,34711.01,4771.09,17763996.2,84848315.6,432336337
4923.2,S,34,34715.61,4771.94,17763996.2,84848315.7,432336337
4924.2,S,34,34720.35,4772.64,17763996.2,84848316.5,432336338
4925.2,S,34,34724.96,4773.44,17763996.2,84848381.2,432336395
4926.2,S,34,34729.64,4774.25,17763996.2,84848381.4,432336396
4927.2,S,34,34734.30,4775.03,17763996.2,84848381.6,432336398
4928.2,S,34,34739.10,4775.73,17763996.2,84848381.8,432336402
4929.2,S,34,34743.78,4776.53,17763996.2,84848446.7,432336457
4930.2,S,34,34748.61,4777.26,17763996.2,84848447.2,432336458
4931.2,S,34,34753.27,4778.03,17763996.2,84848447.3,432336460
4932.2,S,34,34758.59,4778.92,17763996.2,84848530.1,432336535
4933.2,S,38,34767.01,4779.80,17763996.2,84848551.5,432336562
4934.2,S,34,34770.22,4780.21,17763996.2,84848647.6,432336940
4935.2,S,34,34771.21,4780.23,17763996.2,84848648.0,432336942
4936.2,S,34,34771.96,4780.25,17763996.2,84848712.8,432337185
4937.2,S,34,34772.94,4780.26,17763996.2,84848713.0,432337185
4938.2,S,34,34773.93,4780.28,17763996.2,84848713.1,432337186
4939.2,S,34,34774.91,4780.30,17763996.2,84848713.2,432337188
4940.2,S,34,34775.59,4780.32,17763996.2,84848777.9,432337496
4941.2,S,34,34776.58,4780.34,17763996.2,84848778.4,432337498
4942.2,S,34,34777.38,4780.41,17763996.2,84848810.2,432337631
4943.2,S,34,34778.36,4780.43,17763996.2,84848810.3,432337633
4944.2,S,34,34779.35,4780.44,17763996.2,84848810.5,432337642
4945.2,S,34,34780.34,4780.45,17763996.2,84848810.6,432337644
4946.2,S,34,34781.00,4780.47,17763996.2,84848875.8,432337971
4947.2,S,34,34781.99,4780.49,17763996.2,84848903.6,432338057
4948.2,S,34,34782.97,4780.50,17763996.2,84848903.8,432338060
4949.2,S,34,34783.97,4780.51,17763996.2,84848903.9,432338062
4950.2,S,34,34784.72,4780.53,17763996.2,84848968.4,432338301
4951.2,S,34,34785.72,4780.54,17763996.2,84848968.5,432338302
4952.2,S,34,34786.70,4780.55,17763996.2,84848986.0,432338355
4953.2,S,34,34787.61,4780.58,17763996.2,84849011.8,432338433
4954.2,S,34,34788.39,4780.60,17763996.2,84849063.7,432338649
4955.2,S,34,34789.33,4780.66,17763996.2,84849064.0,432338660
4956.2,S,34,34790.31,4780.67,17763996.2,84849064.2,432338661
4957.2,S,34,34791.30,4780.69,17763996.2,84849064.6,432338663
4958.2,S,34,34791.99,4780.71,17763996.2,84849129.5,432338963
4959.2,S,34,34792.97,4780.73,17763996.2,84849129.6,432338963
4960.2,S,34,34793.96,4780.74,17763996.2,84849129.8,432338966
4961.2,S,34,34794.95,4780.75,17763996.2,84849129.8,432338968
4962.2,S,34,34795.81,4780.79,17763996.2,84849197.5,432339079
4963.2,S,34,34796.80,4780.80,17763996.2,84849202.9,432339085
4964.2,S,34,34797.79,4780.81,17763996.2,84849203.0,432339089
4965.2,S,34,34798.78,4780.82,17763996.2,84849203.4,432339091
4966.2,S,34,34799.71,4780.85,17763996.2,84849268.0,432339148
4967.2,S,34,34800.70,4780.87,17763996.2,84849268.1,432339149
4968.2,S,34,34801.67,4780.89,17763996.2,84849268.5,432339151
4969.2,S,34,34802.61,4780.91,17763996.2,84849333.0,432339210
4970.2,S,34,34803.59,4780.93,17763996.2,84849333.2,432339215
4971.2,S,34,34804.53,4780.98,17763996.2,84849356.6,432339243
4972.2,S,34,34805.51,4780.99,17763996.2,84849356.8,432339245
4973.2,S,34,34806.50,4781.00,17763996.2,84849356.9,432339245
4974.2,S,34,34807.42,4781.03,17763996.2,84849421.8,432339304
4975.2,S,34,34808.42,4781.04,17763996.2,84849421.9,432339306
4976.3,S,34,34809.40,4781.06,17763996.2,84849422.3,432339310
4977.3,S,34,34810.39,4781.07,17763996.2,84849422.5,432339310
4978.3,S,34,34811.31,4781.10,17763996.2,84849487.0,432339370
4979.3,S,34,34812.29,4781.12,17763996.2,84849487.3,432339372
4980.3,S,34,34813.22,4781.17,17763996.2,84849512.8,432339397
4981.3,S,34,34814.20,4781.20,17763996.2,84849513.2,432339397
4982.3,S,34,34815.18,4781.21,17763996.2,84849513.4,432339398
4983.3,S,34,34815.92,4781.23,17763996.2,84849577.9,432339673
4984.3,S,34,34816.91,4781.25,17763996.2,84849578.1,432339677
4985.3,S,34,34817.89,4781.26,17763996.2,84849578.5,432339680
4986.3,S,34,34818.88,4781.27,17763996.2,84849578.7,432339687
4987.3,S,34,34819.60,4781.29,17763996.2,84849643.2,432339956
4988.3,S,34,34820.58,4781.32,17763996.2,84849643.6,432339963
4989.3,S,34,34821.40,4781.37,17763996.2,84849676.2,432340100
4990.3,S,34,34822.39,4781.38,17763996.2,84849676.3,432340104
4991.3,S,34,34823.38,4781.39,17763996.2,84849676.7,432340110
4992.3,S,34,34824.37,4781.40,17763996.2,84849676.9,432340114
4993.3,S,34,34825.09,4781.43,17763996.2,84849742.9,432340390
4994.3,S,34,34826.07,4781.45,17763996.2,84849770.3,432340502
4995.3,S,34,34827.06,4781.47,17763996.2,84849770.4,432340503
4996.3,S,34,34828.04,4781.48,17763996.2,84849770.9,432340510
4997.3,S,34,34828.76,4781.50,17763996.2,84849835.4,432340788
4998.3,S,34,34829.75,4781.52,17763996.2,84849835.6,432340791
4999.3,S,34,34830.74,4781.53,17763996.2,84849835.8,432340791
5000.3,S,34,34831.52,4781.55,17763996.2,84849885.1,432341001
5001.3,S,34,34832.44,4781.57,17763996.2,84849900.6,432341071
5002.3,S,34,34833.42,4781.58,17763996.2,84849901.0,432341073
5003.3,S,34,34834.41,4781.60,17763996.2,84849901.2,432341077
5004.3,S,34,34835.15,4781.62,17763996.2,84849965.7,432341330
5005.3,S,34,34836.14,4781.64,17763996.2,84849965.9,432341338
5006.3,S,34,34837.12,4781.65,17763996.2,84849966.1,432341340
5007.3,S,34,34837.87,4781.72,17763996.2,84850009.2,432341540
5008.3,S,34,34838.85,4781.74,17763996.2,84850009.6,432341541
5009.3,S,34,34839.83,4781.75,17763996.2,84850009.8,432341545
5010.3,S,34,34840.82,4781.76,17763996.2,84850009.9,432341547
5011.3,S,34,34841.57,4781.79,17763996.2,84850074.4,432341803
5012.3,S,34,34842.55,4781.80,17763996.2,84850074.9,432341805
5013.3,S,34,34843.54,4781.82,17763996.2,84850075.3,432341809
5014.3,S,34,34844.51,4781.84,17763996.2,84850080.6,432341827
5015.3,S,34,34845.27,4781.86,17763996.2,84850140.0,432342052
5016.3,S,34,34846.25,4781.88,17763996.2,84850140.2,432342065
5017.3,S,34,34847.06,4781.93,17763996.2,84850180.7,432342217
5018.3,S,34,34848.04,4781.94,17763996.2,84850181.4,432342217
5019.3,S,34,34849.03,4781.96,17763996.2,84850181.5,432342219
5020.3,S,34,34850.01,4781.98,17763996.2,84850181.6,432342230
5021.3,S,34,34850.78,4782.01,17763996.2,84850246.2,432342449
5022.3,S,34,34851.76,4782.02,17763996.2,84850246.3,432342453
5023.3,S,34,34852.74,4782.04,17763996.2,84850246.6,432342455
5024.3,S,34,34853.65,4782.06,17763996.2,84850263.7,432342534
5025.3,S,34,34854.19,4782.08,17763996.2,84850311.5,432342990
5026.3,S,34,34855.17,4782.09,17763996.2,84850311.6,432342992
5027.3,S,34,34856.16,4782.11,17763996.2,84850311.7,432342999
5028.3,S,34,34857.14,4782.12,17763996.2,84850311.9,432343003
5029.3,S,34,34857.19,4782.13,17763996.2,84850358.1,432343961
5030.3,S,34,34858.01,4782.18,17763996.2,84850384.1,432344093
5031.3,S,34,34859.00,4782.20,17763996.2,84850384.3,432344095
5032.3,S,34,34859.97,4782.22,17763996.2,84850384.6,432344105
5033.3,S,34,34860.96,4782.24,17763996.2,84850384.7,432344109
5034.3,S,34,34861.88,4782.26,17763996.2,84850449.3,432344182
5035.3,S,34,34862.86,4782.27,17763996.2,84850450.1,432344186
5036.3,S,34,34863.85,4782.29,17763996.2,84850450.2,432344187
5037.3,S,34,34864.75,4782.31,17763996.2,84850514.7,432344276
5038.3,S,34,34865.74,4782.32,17763996.2,84850514.8,432344278
5039.3,S,34,34866.73,4782.34,17763996.2,84850515.0,432344281
5040.3,S,34,34867.72,4782.35,17763996.2,84850515.5,432344283
5041.3,S,34,34868.62,4782.37,17763996.2,84850585.2,432344369
5042.3,S,34,34869.57,4782.41,17763996.2,84850588.1,432344376
5043.3,S,34,34870.56,4782.43,17763996.2,84850588.3,432344380
5044.3,S,34,34871.54,4782.45,17763996.2,84850588.3,432344382
5045.3,S,34,34872.43,4782.48,17763996.2,84850653.2,432344478
5046.3,S,34,34873.41,4782.49,17763996.2,84850653.6,432344479
5047.3,S,34,34874.40,4782.51,17763996.2,84850653.8,432344479
5048.3,S,34,34875.39,4782.52,17763996.2,84850653.9,432344479
5049.3,S,34,34876.30,4782.54,17763996.2,84850718.5,432344563
5050.3,S,34,34877.28,4782.56,17763996.2,84850718.6,432344565
5051.3,S,34,34878.27,4782.57,17763996.2,84850718.7,432344569
5052.3,S,34,34879.18,4782.60,17763996.2,84850783.7,432344642
5053.3,S,34,34880.16,4782.62,17763996.2,84850783.9,432344646
5054.3,S,34,34881.16,4782.62,17763996.2,84850784.0,432344648
5055.3,S,34,34882.14,4782.64,17763996.2,84850784.2,432344651
5056.3,S,34,34883.06,4782.66,17763996.2,84850848.7,432344724
5057.3,S,34,34883.96,4782.74,17763996.2,84850871.5,432344753
5058.3,S,34,34884.95,4782.76,17763996.2,84850871.9,432344755
5059.3,S,34,34885.93,4782.77,17763996.2,84850872.3,432344757
5060.3,S,34,34886.92,4782.78,17763996.2,84850872.4,432344758
5061.3,S,34,34887.75,4782.80,17763996.2,84850936.9,432344923
5062.3,S,34,34888.74,4782.81,17763996.2,84850937.0,432344925
5063.3,S,34,34889.73,4782.82,17763996.2,84850937.5,432344929
5064.3,S,34,34890.71,4782.84,17763996.2,84850937.9,432344930
5065.3,S,34,34891.48,4782.86,17763996.2,84851002.5,432345146
5066.3,S,34,34892.47,4782.88,17763996.2,84851002.6,432345148
5067.3,S,34,34893.45,4782.90,17763996.2,84851030.6,432345267
5068.3,S,34,34894.39,4782.93,17763996.2,84851045.0,432345311
5069.3,S,34,34895.12,4782.95,17763996.2,84851108.9,432345576
5070.3,S,34,34896.08,4782.98,17763996.2,84851109.2,432345584
5071.3,S,41,34902.91,4783.09,17763996.2,84851109.8,432345593
5072.3,S,41,34910.79,4783.22,17763996.2,84851109.9,432345594
5073.3,S,41,34918.69,4783.33,17763996.2,84851110.1,432345598
5074.3,S,41,34926.14,4783.47,17763996.2,84851265.4,432345964
5075.3,S,41,34933.42,4783.65,17763996.2,84851579.9,432346322
5076.3,S,41,34940.86,4783.76,17763996.2,84851615.0,432346475
5077.3,S,41,34948.57,4783.88,17763996.2,84851662.6,432346668
5078.3,S,41,34956.19,4784.01,17763996.2,84851730.7,432346941
5079.3,S,41,34962.09,4784.18,17763996.2,84852052.7,432347593
5080.3,S,41,34969.88,4784.32,17763996.2,84852170.1,432347692
5081.3,S,41,34977.76,4784.44,17763996.2,84852170.4,432347696
5082.3,S,41,34985.61,4784.56,17763996.2,84852231.5,432347747
5083.3,S,41,34992.51,4784.69,17763996.2,84852383.5,432348350
5084.3,S,41,34998.83,4784.83,17763996.2,84852564.8,432349122
5085.3,S,41,35005.13,4784.96,17763996.2,84852744.2,432349797
5086.3,S,41,35012.30,4785.10,17763996.2,84852789.4,432349976
5087.3,S,41,35020.02,4785.22,17763996.2,84852905.8,432350163
5088.3,S,41,35027.85,4785.36,17763996.2,84852972.1,432350222
5089.3,S,41,35035.64,4785.49,17763996.2,84853099.5,432350332
5090.3,S,41,35042.03,4785.62,17763996.2,84853311.2,432350863
5091.3,S,41,35048.37,4785.76,17763996.2,84853498.0,432351625
5092.4,S,41,35056.26,4785.86,17763996.2,84853498.4,432351642
5093.4,S,41,35063.87,4786.02,17763996.2,84853579.5,432351920
5094.4,S,41,35071.60,4786.16,17763996.2,84853632.4,432352065
5095.4,S,41,35076.60,4786.30,17763996.2,84853949.7,432352827
5096.4,S,41,35084.42,4786.43,17763996.2,84854035.7,432352905
5097.4,S,41,35092.25,4786.55,17763996.2,84854102.7,432352967
5098.4,S,41,35100.05,4786.68,17763996.2,84854221.8,432353066
5099.4,S,41,35105.56,4786.83,17763996.2,84854408.2,432353678
5100.4,S,41,35112.27,4786.95,17763996.2,84854528.6,432354200
5101.4,S,41,35119.93,4787.09,17763996.2,84854582.8,432354430
5102.4,S,41,35127.81,4787.20,17763996.2,84854587.0,432354437
5103.4,S,41,35135.50,4787.33,17763996.2,84854644.2,432354642
5104.4,S,41,35142.27,4787.48,17763996.2,84854805.8,432355254
5105.4,S,41,35149.38,4787.67,17763996.2,84855185.6,432355649
5106.4,S,41,35157.13,4787.81,17763996.2,84855239.1,432355769
5107.4,S,41,35165.04,4787.92,17763996.2,84855239.3,432355771
5108.4,S,41,35171.95,4788.05,17763996.2,84855431.6,432356457
5109.4,S,41,35178.48,4788.22,17763996.2,84855652.6,432357152
5110.4,S,41,35186.22,4788.35,17763996.2,84855699.5,432357301
5111.4,S,41,35193.96,4788.45,17763996.2,84855744.1,432357481
5112.4,S,41,35201.54,4788.60,17763996.2,84855810.7,432357752
5113.4,S,41,35208.55,4788.74,17763996.2,84855982.0,432358100
5114.4,S,41,35216.23,4788.91,17763996.2,84856214.8,432358302
5115.4,S,41,35223.90,4789.06,17763996.2,84856285.9,432358504
5116.4,S,41,35231.68,4789.19,17763996.2,84856311.9,432358597
5117.4,S,41,35235.63,4789.30,17763996.2,84856552.0,432359598
5118.4,S,40,35241.84,4789.42,17763996.2,84856666.2,432360061
5119.4,S,40,35247.84,4789.52,17763996.2,84856800.1,432360522
5120.4,S,40,35254.63,4789.62,17763996.2,84856831.8,432360646
5121.4,S,39,35260.95,4789.72,17763996.2,84856939.5,432360945
5122.4,S,37,35263.40,4789.82,17763996.2,84857174.4,432361696
5123.4,S,34,35265.18,4790.01,17763996.2,84857254.7,432361882
5124.4,S,34,35269.08,4791.11,17763996.2,84857256.3,432361886
5125.4,S,34,35277.83,4792.45,17763996.2,84857258.2,432361890
5126.4,S,34,35286.37,4793.82,17763996.2,84857258.3,432361891
5127.4,S,34,35295.25,4795.27,17763996.2,84857286.1,432361925
5128.4,S,34,35303.97,4796.73,17763996.2,84857351.0,432361984
5129.4,S,34,35312.58,4798.20,17763996.2,84857351.3,432361984
5130.4,S,38,35322.14,4799.71,17763996.2,84857375.7,432362016
5131.4,S,34,35333.50,4801.38,17763996.2,84857471.8,432362102
5132.4,S,34,35342.22,4802.78,17763996.2,84857471.9,432362104
5133.4,S,34,35350.91,4804.23,17763996.2,84857536.6,432362160
5134.4,S,34,35359.47,4805.68,17763996.2,84857537.1,432362160
5135.4,S,34,35368.19,4807.35,17763996.2,84857537.3,432362161
5136.4,S,34,35376.94,4808.74,17763996.2,84857583.3,432362212
5137.4,S,38,35385.90,4809.92,17763996.2,84857633.1,432362405
5138.4,S,34,35395.55,4811.42,17763996.2,84857728.8,432362752
5139.4,S,34,35404.40,4812.88,17763996.2,84857729.3,432362760
5140.4,S,34,35413.11,4814.23,17763996.2,84857764.4,432362873
5141.4,S,34,35421.87,4815.69,17763996.2,84857794.0,432363010
5142.4,S,34,35430.56,4817.10,17763996.2,84857794.4,432363016
5143.4,S,34,35439.22,4818.50,17763996.2,84857794.7,432363018
5144.4,S,38,35447.01,4819.69,17763996.2,84857869.8,432363347
5145.4,S,34,35455.72,4821.02,17763996.2,84858030.4,432363915
5146.4,S,34,35464.57,4822.39,17763996.2,84858030.5,432363916
5147.4,S,34,35473.27,4823.74,17763996.2,84858030.8,432363925
5148.4,S,34,35482.13,4825.16,17763996.2,84858031.2,432363927
5149.4,S,34,35490.96,4826.60,17763996.2,84858031.4,432363936
5150.4,S,34,35499.28,4828.12,17763996.2,84858096.2,432364232
5151.4,S,38,35505.57,4829.07,17763996.2,84858197.0,432364677
5152.4,S,34,35517.03,4830.84,17763996.2,84858323.4,432364797
5153.4,S,34,35525.70,4832.24,17763996.2,84858323.9,432364802
5154.4,S,34,35534.49,4833.56,17763996.2,84858324.5,432364805
5155.4,S,34,35543.29,4834.92,17763996.2,84858324.7,432364807
5156.4,S,34,35551.84,4836.32,17763996.2,84858389.7,432364874
5157.4,S,34,35560.49,4837.79,17763996.2,84858389.8,432364875
5158.4,S,38,35569.64,4839.19,17763996.2,84858492.9,432364966
5159.4,S,34,35580.54,4840.88,17763996.2,84858589.2,432365234
5160.4,S,34,35589.30,4842.19,17763996.2,84858615.3,432365311
5161.4,S,34,35597.52,4843.47,17763996.2,84858653.9,432365442
5162.4,S,34,35606.22,4844.91,17763996.2,84858654.5,432365446
5163.4,S,34,35614.70,4846.49,17763996.2,84858691.9,432365573
5164.4,S,34,35623.58,4847.92,17763996.2,84858692.3,432365580
5165.4,S,38,35630.62,4848.92,17763996.2,84858795.5,432365931
5166.4,S,38,35640.87,4850.45,17763996.2,84858888.8,432366257
5167.4,S,34,35649.59,4851.93,17763996.2,84858891.7,432366276
5168.4,S,34,35658.09,4853.36,17763996.2,84858956.4,432366522
5169.4,S,34,35666.89,4854.75,17763996.2,84858956.6,432366523
5170.4,S,34,35675.64,4856.14,17763996.2,84858957.1,432366527
5171.4,S,34,35684.35,4857.59,17763996.2,84858957.2,432366529
5172.4,S,34,35688.97,4858.36,17763996.2,84859067.2,432367012
5173.4,S,38,35698.53,4859.66,17763996.2,84859124.8,432367256
5174.4,S,34,35707.19,4860.92,17763996.2,84859230.4,432367645
5175.4,S,34,35715.87,4862.38,17763996.2,84859250.5,432367704
5176.4,S,34,35724.55,4863.87,17763996.2,84859250.7,432367708
5177.4,S,34,35733.42,4865.46,17763996.2,84859251.0,432367710
5178.4,S,34,35742.11,4866.94,17763996.2,84859251.3,432367714
5179.4,S,34,35750.70,4868.24,17763996.2,84859315.9,432367879
5180.4,S,38,35759.19,4869.46,17763996.2,84859419.0,432368206
5181.4,S,34,35768.24,4870.84,17763996.2,84859514.7,432368580
5182.4,S,34,35777.01,4872.27,17763996.2,84859515.1,432368580
5183.4,S,34,35785.61,4873.69,17763996.2,84859579.9,432368679
5184.4,S,34,35794.56,4875.05,17763996.2,84859580.2,432368688
5185.4,S,34,35803.26,4876.39,17763996.2,84859580.4,432368689
5186.4,S,34,35812.00,4877.85,17763996.2,84859580.6,432368692
5187.4,S,38,35822.90,4879.48,17763996.2,84859691.0,432368792
5188.4,S,34,35832.38,4880.89,17763996.2,84859844.4,432368928
5189.4,S,34,35841.19,4882.29,17763996.2,84859859.3,432368942
5190.4,S,34,35849.88,4883.60,17763996.2,84859859.5,432368946
5191.4,S,34,35858.54,4885.00,17763996.2,84859859.7,432368948
5192.4,S,34,35867.46,4886.47,17763996.2,84859860.2,432368950
5193.4,S,34,35874.22,4887.57,17763996.2,84859984.1,432369270
5194.4,S,38,35884.54,4888.90,17763996.2,84860028.0,432369454
5195.4,S,34,35892.90,4890.34,17763996.2,84860124.0,432369864
5196.4,S,34,35901.62,4891.74,17763996.2,84860124.3,432369865
5197.4,S,34,35909.80,4893.01,17763996.2,84860189.1,432370079
5198.4,S,34,35918.66,4894.41,17763996.2,84860189.4,432370080
5199.4,S,34,35927.39,4895.90,17763996.2,84860189.7,432370082
5200.4,S,34,35935.76,4897.17,17763996.2,84860213.0,432370150
5201.4,S,38,35944.64,4898.41,17763996.2,84860292.6,432370448
5202.4,S,34,35951.76,4899.52,17763996.2,84860453.1,432371143
5203.4,S,34,35960.34,4901.00,17763996.2,84860469.1,432371201
5204.4,S,34,35968.76,4902.61,17763996.2,84860473.0,432371228
5205.4,S,34,35977.61,4904.01,17763996.2,84860473.2,432371230
5206.4,S,34,35986.38,4905.41,17763996.2,84860473.4,432371234
5207.4,S,34,35995.10,4906.82,17763996.2,84860473.6,432371236
5208.4,S,38,35998.85,4907.47,17763996.2,84860640.9,432371873
5209.4,S,38,36011.07,4909.21,17763996.2,84860659.4,432371942
5210.4,S,34,36018.58,4910.39,17763996.2,84860738.1,432372360
5211.4,S,34,36027.34,4911.75,17763996.2,84860738.2,432372360
5212.4,S,34,36036.03,4913.25,17763996.2,84860738.4,432372362
5213.4,S,34,36044.54,4914.84,17763996.2,84860803.5,432372644
5214.4,S,34,36053.24,4916.39,17763996.2,84860803.8,432372650
5215.5,S,38,36061.52,4917.67,17763996.2,84860906.7,432372761
5216.5,S,34,36073.20,4919.27,17763996.2,84861002.9,432372850
5217.5,S,34,36081.95,4920.64,17763996.2,84861067.5,432372906
5218.5,S,34,36090.57,4922.06,17763996.2,84861067.8,432372910
5219.5,S,34,36099.20,4923.50,17763996.2,84861092.4,432372934
5220.5,S,34,36107.92,4924.81,17763996.2,84861093.0,432372938
5221.5,S,34,36116.59,4926.31,17763996.2,84861093.3,432372940
5222.5,S,38,36125.72,4927.61,17763996.2,84861196.1,432373090
5223.5,S,38,36134.32,4928.86,17763996.2,84861338.9,432373614
5224.5,S,34,36142.98,4930.36,17763996.2,84861383.9,432373773
5225.5,S,34,36151.69,4931.88,17763996.2,84861384.2,432373775
5226.5,S,34,36160.62,4933.32,17763996.2,84861385.3,432373787
5227.5,S,34,36169.34,4934.71,17763996.2,84861385.4,432373788
5228.5,S,34,36177.82,4936.11,17763996.2,84861450.1,432374007
5229.5,S,38,36184.84,4937.11,17763996.2,84861552.9,432374376
5230.5,S,36,36195.78,4938.62,17763996.2,84861632.4,432374616
5231.5,S,34,36204.15,4940.02,17763996.2,84861648.9,432374681
5232.5,S,34,36212.64,4941.47,17763996.2,84861688.0,432374794
5233.5,S,34,36221.22,4942.88,17763996.2,84861714.3,432374892
5234.5,S,34,36230.05,4944.35,17763996.2,84861714.5,432374900
5235.5,S,34,36238.64,4945.78,17763996.2,84861714.6,432374902
5236.5,S,38,36242.41,4946.49,17763996.2,84861867.6,432375481
5237.5,S,38,36254.40,4947.95,17763996.2,84861963.5,432375562
5238.5,S,34,36259.35,4948.86,17763996.2,84861964.2,432375567
5239.5,S,34,36264.03,4949.63,17763996.2,84861964.8,432375571
5240.5,S,34,36268.72,4950.48,17763996.2,84861964.9,432375571
5241.5,S,34,36273.42,4951.26,17763996.2,84862029.4,432375628
5242.5,S,34,36278.06,4952.07,17763996.2,84862029.6,432375630
5243.5,S,34,36282.71,4952.88,17763996.2,84862029.8,432375634
5244.5,S,34,36287.35,4953.68,17763996.2,84862030.3,432375636
5245.5,S,34,36292.09,4954.41,17763996.2,84862095.0,432375694
5246.5,S,34,36296.78,4955.22,17763996.2,84862095.3,432375698
5247.5,S,34,36301.38,4956.01,17763996.2,84862095.4,432375698
5248.5,S,34,36306.00,4956.82,17763996.2,84862095.6,432375701
5249.5,S,34,36310.53,4957.60,17763996.2,84862256.9,432376035
5250.5,S,34,36315.38,4958.34,17763996.2,84862257.3,432376038
5251.5,S,34,36320.03,4959.08,17763996.2,84862257.6,432376039
5252.5,S,34,36325.01,4959.98,17763996.2,84862294.8,432376200
5253.5,S,34,36330.62,4960.94,17763996.2,84862296.5,432376209
5254.5,S,38,36338.95,4961.82,17763996.2,84862379.8,432376594
5255.5,S,34,36343.48,4962.54,17763996.2,84862475.8,432376951
5256.5,S,34,36347.58,4963.19,17763996.2,84862476.0,432376955
5257.5,S,34,36351.54,4963.78,17763996.2,84862542.2,432377249
5258.5,S,34,36355.67,4964.46,17763996.2,84862542.4,432377252
5259.5,S,34,36359.81,4965.17,17763996.2,84862542.5,432377253
5260.5,S,34,36364.04,4965.83,17763996.2,84862601.3,432377507
5261.5,S,34,36368.16,4966.50,17763996.2,84862665.8,432377741
5262.5,S,34,36372.26,4967.20,17763996.2,84862666.2,432377750
5263.5,S,34,36376.53,4967.96,17763996.2,84862688.5,432377841
5264.5,S,34,36381.26,4968.75,17763996.2,84862688.7,432377841
5265.5,S,34,36385.89,4969.68,17763996.3,84862689.5,432377864
5266.5,S,34,36390.65,4970.44,17763996.3,84862689.9,432377866
5267.5,S,34,36395.25,4971.24,17763996.3,84862743.8,432378094
5268.5,S,34,36400.04,4972.04,17763996.3,84862754.9,432378157
5269.5,S,34,36404.73,4972.76,17763996.3,84862755.1,432378167
5270.5,S,34,36409.51,4973.44,17763996.3,84862801.0,432378343
5271.5,S,34,36414.31,4974.26,17763996.3,84862801.1,432378345
5272.5,S,34,36418.95,4975.00,17763996.3,84862862.8,432378561
5273.5,S,34,36423.64,4975.83,17763996.3,84862866.1,432378587
5274.5,S,38,36428.45,4976.59,17763996.3,84862896.7,432378729
5275.5,S,38,36436.24,4977.42,17763996.3,84862964.7,432379015
5276.6,S,34,36438.62,4977.73,17763996.3,84863017.9,432379278
5277.6,S,34,36439.61,4977.75,17763996.3,84863018.4,432379282
5278.6,S,34,36440.55,4977.77,17763996.3,84863030.4,432379326
5279.6,S,34,36441.39,4977.79,17763996.3,84863083.1,432379475
5280.6,S,34,36442.37,4977.80,17763996.3,84863083.5,432379476
5281.6,S,34,36443.36,4977.82,17763996.3,84863083.7,432379477
5282.6,S,34,36444.30,4977.84,17763996.3,84863148.1,432379533
5283.6,S,34,36445.29,4977.85,17763996.3,84863148.6,432379537
5284.6,S,34,36446.19,4977.92,17763996.3,84863179.0,432379566
5285.6,S,34,36447.18,4977.94,17763996.3,84863207.2,432379592
5286.6,S,34,36448.16,4977.96,17763996.3,84863207.3,432379594
5287.6,S,34,36449.14,4977.98,17763996.3,84863207.5,432379595
5288.6,S,34,36450.06,4978.01,17763996.3,84863272.4,432379654
5289.6,S,34,36451.05,4978.02,17763996.3,84863272.6,432379655
5290.6,S,34,36452.03,4978.04,17763996.3,84863293.2,432379674
5291.6,S,34,36452.96,4978.07,17763996.3,84863358.0,432379734
5292.6,S,34,36453.95,4978.08,17763996.3,84863358.1,432379736
5293.6,S,34,36454.86,4978.14,17763996.3,84863388.6,432379765
5294.6,S,34,36455.84,4978.16,17763996.3,84863388.8,432379768
5295.6,S,34,36456.83,4978.18,17763996.3,84863389.0,432379771
5296.6,S,34,36457.82,4978.19,17763996.3,84863389.1,432379773
5297.6,S,34,36458.70,4978.22,17763996.3,84863453.8,432379872
5298.6,S,34,36459.68,4978.24,17763996.3,84863453.9,432379872
5299.6,S,34,36460.68,4978.25,17763996.3,84863454.4,432379878
5300.6,S,34,36461.45,4978.27,17763996.3,84863519.0,432380102
5301.6,S,34,36462.44,4978.27,17763996.3,84863526.9,432380126
5302.6,S,34,36463.42,4978.29,17763996.3,84863526.9,432380126
5303.6,S,34,36464.40,4978.31,17763996.3,84863527.3,432380126
5304.6,S,34,36465.15,4978.34,17763996.3,84863592.1,432380370
5305.6,S,34,36466.14,4978.36,17763996.3,84863592.3,432380374
5306.6,S,34,36467.05,4978.38,17763996.3,84863615.6,432380452
5307.6,S,34,36467.91,4978.44,17763996.3,84863632.7,432380537
5308.6,S,34,36468.89,4978.45,17763996.3,84863632.7,432380537
5309.6,S,34,36469.88,4978.47,17763996.3,84863633.2,432380545
5310.6,S,34,36470.66,4978.48,17763996.3,84863697.8,432380761
5311.6,S,34,36471.64,4978.50,17763996.3,84863698.1,432380762
5312.6,S,34,36472.63,4978.52,17763996.3,84863698.2,432380764
5313.6,S,34,36473.61,4978.53,17763996.3,84863698.3,432380768
5314.6,S,34,36474.32,4978.56,17763996.3,84863762.9,432381064
5315.6,S,34,36475.30,4978.57,17763996.3,84863763.6,432381069
5316.6,S,34,36476.04,4978.63,17763996.3,84863793.8,432381285
5317.6,S,34,36477.02,4978.65,17763996.3,84863794.0,432381287
5318.6,S,34,36478.01,4978.66,17763996.3,84863794.1,432381288
5319.6,S,34,36479.00,4978.67,17763996.3,84863794.3,432381290
5320.6,S,34,36479.76,4978.70,17763996.3,84863858.8,432381512
5321.6,S,34,36480.74,4978.72,17763996.3,84863859.1,432381515
5322.6,S,34,36481.73,4978.73,17763996.3,84863859.4,432381522
5323.6,S,34,36482.71,4978.75,17763996.3,84863864.3,432381536
5324.6,S,34,36483.46,4978.77,17763996.3,84863924.1,432381774
5325.6,S,34,36484.44,4978.79,17763996.3,84863924.2,432381778
5326.6,S,34,36485.43,4978.81,17763996.3,84863924.3,432381778
5327.6,S,34,36486.20,4978.83,17763996.3,84863984.1,432381989
5328.6,S,34,36487.12,4978.88,17763996.3,84863995.7,432382043
5329.6,S,34,36488.10,4978.90,17763996.3,84863996.0,432382052
5330.6,S,34,36489.09,4978.92,17763996.3,84863996.1,432382056
5331.6,S,34,36490.07,4978.93,17763996.3,84863996.3,432382066
5332.6,S,34,36490.84,4978.97,17763996.3,84864061.1,432382288
5333.6,S,34,36491.82,4978.98,17763996.3,84864061.6,432382292
5334.6,S,34,36492.82,4978.99,17763996.3,84864061.7,432382300
5335.6,S,34,36493.65,4979.01,17763996.3,84864120.8,432382467
5336.6,S,34,36494.61,4979.02,17763996.3,84864126.5,432382492
5337.6,S,34,36495.46,4979.08,17763996.3,84864156.9,432382589
5338.6,S,34,36496.45,4979.10,17763996.3,84864157.2,432382597
5339.6,S,34,36497.43,4979.11,17763996.3,84864157.6,432382599
5340.6,S,34,36498.41,4979.13,17763996.3,84864157.7,432382600
5341.6,S,34,36499.19,4979.15,17763996.3,84864222.2,432382822
5342.6,S,34,36500.17,4979.17,17763996.3,84864222.4,432382830
5343.6,S,34,36501.14,4979.19,17763996.3,84864222.8,432382832
5344.6,S,34,36502.14,4979.20,17763996.3,84864223.0,432382836
5345.6,S,34,36502.90,4979.23,17763996.3,84864287.6,432383052
5346.6,S,34,36503.81,4979.28,17763996.3,84864301.3,432383104
5347.6,S,34,36504.79,4979.30,17763996.3,84864301.4,432383105
5348.6,S,34,36505.78,4979.31,17763996.3,84864301.6,432383108
5349.6,S,34,36506.57,4979.33,17763996.3,84864366.4,432383305
5350.6,S,34,36507.56,4979.34,17763996.3,84864366.9,432383314
5351.6,S,34,36508.55,4979.35,17763996.3,84864366.9,432383316
5352.6,S,34,36509.53,4979.37,17763996.3,84864367.1,432383319
5353.6,S,34,36510.31,4979.40,17763996.3,84864431.8,432383531
5354.6,S,34,36511.29,4979.41,17763996.3,84864432.1,432383534
5355.6,S,34,36512.27,4979.43,17763996.3,84864432.4,432383538
5356.6,S,34,36513.26,4979.45,17763996.3,84864432.7,432383542
5357.7,S,34,36514.15,4979.50,17763996.3,84864502.8,432383607
5358.7,S,34,36515.14,4979.52,17763996.3,84864503.0,432383609
5359.7,S,34,36516.12,4979.53,17763996.3,84864503.5,432383610
5360.7,S,34,36517.11,4979.55,17763996.3,84864503.6,432383614
5361.7,S,34,36518.04,4979.57,17763996.3,84864568.2,432383670
5362.7,S,34,36519.03,4979.59,17763996.3,84864568.5,432383673
5363.7,S,34,36520.01,4979.61,17763996.3,84864568.6,432383675
5364.7,S,34,36520.94,4979.64,17763996.3,84864633.1,432383733
5365.7,S,34,36521.92,4979.66,17763996.3,84864633.6,432383733
5366.7,S,34,36522.90,4979.68,17763996.3,84864633.7,432383735
5367.7,S,34,36523.89,4979.69,17763996.3,84864633.9,432383737
5368.7,S,34,36524.77,4979.75,17763996.3,84864704.7,432383802
5369.7,S,34,36525.74,4979.78,17763996.3,84864704.9,432383802
5370.7,S,34,36526.72,4979.80,17763996.3,84864705.0,432383804
5371.7,S,34,36527.71,4979.82,17763996.3,84864705.3,432383806
5372.7,S,34,36528.62,4979.85,17763996.3,84864769.9,432383877
5373.7,S,34,36529.60,4979.87,17763996.3,84864770.2,432383879
5374.7,S,34,36530.58,4979.88,17763996.3,84864770.4,432383882
5375.7,S,34,36531.57,4979.90,17763996.3,84864770.4,432383883
5376.7,S,34,36532.35,4979.92,17763996.3,84864835.3,432384100
5377.7,S,34,36533.33,4979.94,17763996.3,84864838.9,432384107
5378.7,S,34,36534.21,4979.98,17763996.3,84864865.8,432384200
5379.7,S,34,36535.19,4980.00,17763996.3,84864865.9,432384201
5380.7,S,34,36536.17,4980.01,17763996.3,84864866.0,432384204
5381.7,S,34,36536.95,4980.03,17763996.3,84864930.8,432384427
5382.7,S,34,36537.93,4980.05,17763996.3,84864930.9,432384432
5383.7,S,34,36538.91,4980.07,17763996.3,84864931.1,432384436
5384.7,S,34,36539.90,4980.08,17763996.3,84864931.4,432384438
5385.7,S,34,36540.69,4980.10,17763996.3,84864995.9,432384640
5386.7,S,34,36541.68,4980.12,17763996.3,84864996.0,432384642
5387.7,S,34,36542.53,4980.17,17763996.3,84865026.4,432384746
5388.7,S,34,36543.53,4980.18,17763996.3,84865026.4,432384747
5389.7,S,34,36544.51,4980.19,17763996.3,84865026.6,432384752
5390.7,S,34,36545.50,4980.21,17763996.3,84865026.7,432384754
5391.7,S,34,36546.18,4980.23,17763996.3,84865091.5,432385069
5392.7,S,34,36547.16,4980.25,17763996.3,84865091.9,432385071
5393.7,S,34,36548.15,4980.26,17763996.3,84865092.0,432385075
5394.7,S,34,36548.95,4980.29,17763996.3,84865133.8,432385256
5395.7,S,34,36549.84,4980.30,17763996.3,84865156.7,432385362
5396.7,S,34,36550.83,4980.32,17763996.3,84865157.1,432385367
5397.7,S,34,36551.81,4980.33,17763996.3,84865157.2,432385367
5398.7,S,34,36552.59,4980.36,17763996.3,84865222.1,432385577
5399.7,S,34,36553.58,4980.38,17763996.3,84865222.2,432385579
5400.7,S,34,36554.56,4980.39,17763996.3,84865222.4,432385583
5401.7,S,34,36555.55,4980.41,17763996.3,84865222.5,432385585
5402.7,S,34,36556.31,4980.43,17763996.3,84865287.2,432385816
5403.7,S,34,36557.30,4980.44,17763996.3,84865287.6,432385817
5404.7,S,34,36558.32,4980.45,17763996.3,84865287.8,432385819
5405.7,S,34,36559.31,4980.47,17763996.3,84865288.0,432385827
5406.7,S,34,36559.95,4980.53,17763996.3,84865358.8,432386149
5407.7,S,34,36560.92,4980.55,17763996.3,84865359.1,432386151
5408.7,S,41,36567.96,4980.67,17763996.3,84865359.7,432386158
5409.7,S,41,36575.85,4980.78,17763996.3,84865360.1,432386159
5410.7,S,41,36583.74,4980.90,17763996.3,84865360.4,432386168
5411.7,S,41,36591.02,4981.05,17763996.3,84865543.3,432386448
5412.7,S,41,36598.34,4981.21,17763996.3,84865822.4,432386822
5413.7,S,41,36605.94,4981.36,17763996.3,84865904.0,432387093
5414.7,S,41,36613.82,4981.48,17763996.3,84865904.4,432387100
5415.7,S,41,36621.02,4981.63,17763996.3,84866031.3,432387597
5416.7,S,41,36626.87,4981.76,17763996.3,84866273.6,432388363
5417.7,S,41,36633.61,4981.88,17763996.3,84866416.1,432388907
5418.7,S,41,36641.49,4982.01,17763996.3,84866416.8,432388912
5419.7,S,41,36649.24,4982.12,17763996.3,84866455.1,432389069
5420.7,S,41,36656.14,4982.24,17763996.3,84866617.4,432389685
5421.7,S,41,36662.75,4982.36,17763996.3,84866810.2,432390217
5422.7,S,41,36670.50,4982.49,17763996.3,84866972.3,432390357
5423.7,S,41,36678.35,4982.61,17763996.3,84867033.2,432390408
5424.7,S,41,36686.16,4982.75,17763996.3,84867102.0,432390481
5425.7,S,41,36692.33,4982.90,17763996.3,84867305.6,432391273
5426.7,S,41,36699.48,4983.05,17763996.3,84867492.9,432391947
5427.7,S,41,36707.06,4983.19,17763996.3,84867589.7,432392261
5428.7,S,41,36714.73,4983.33,17763996.3,84867640.9,432392465
5429.7,S,41,36722.00,4983.46,17763996.3,84867713.8,432392795
5430.7,S,41,36727.32,4983.58,17763996.3,84867947.2,432393755
5431.7,S,41,36734.55,4983.70,17763996.3,84868071.0,432394124
5432.7,S,41,36742.46,4983.80,17763996.3,84868071.0,432394124
5433.7,S,41,36750.20,4983.94,17763996.3,84868245.0,432394273
5434.7,S,41,36757.99,4984.08,17763996.3,84868370.5,432394384
5435.7,S,41,36765.56,4984.21,17763996.3,84868430.7,432394701
5436.7,S,41,36771.97,4984.34,17763996.3,84868593.4,432395306
5437.7,S,41,36779.31,4984.48,17763996.3,84868732.2,432395848
5438.7,S,41,36786.20,4984.60,17763996.3,84868837.1,432396200
5439.7,S,41,36792.94,4984.73,17763996.3,84869016.1,432396858
5440.7,S,41,36800.84,4984.84,17763996.3,84869016.3,432396862
5441.7,S,41,36808.52,4984.99,17763996.3,84869226.1,432397039
5442.7,S,41,36815.74,4985.12,17763996.3,84869394.1,432397295
5443.7,S,41,36822.39,4985.24,17763996.3,84869546.2,432397797
5444.7,S,41,36830.16,4985.35,17763996.3,84869585.1,432397927
5445.7,S,41,36837.87,4985.49,17763996.3,84869625.7,432398096
5446.7,S,41,36844.55,4985.64,17763996.3,84869833.1,432398836
5447.7,S,41,36850.66,4985.77,17763996.3,84869989.0,432399453
5448.7,S,41,36858.27,4985.88,17763996.3,84870054.7,432399744
5449.7,S,41,36865.90,4986.00,17763996.3,84870124.2,432400013
5450.7,S,41,36873.50,4986.14,17763996.3,84870203.6,432400301
5451.7,S,41,36880.31,4986.30,17763996.3,84870532.2,432400900
5452.7,S,41,36888.14,4986.44,17763996.3,84870594.0,432400956
5453.7,S,41,36895.98,4986.56,17763996.3,84870658.6,432401015
5454.7,S,41,36903.43,4986.71,17763996.3,84870773.4,432401358
5455.7,S,40,36908.59,4986.84,17763996.3,84870983.7,432402067
5456.7,S,40,36914.54,4986.95,17763996.3,84871120.9,432402566
5457.7,S,40,36921.26,4987.04,17763996.3,84871181.1,432402816
5458.7,S,40,36927.92,4987.15,17763996.3,84871241.8,432403068
5459.7,S,39,36930.60,4987.27,17763996.3,84871476.1,432403932
5460.9,S,34,36931.26,4987.59,17763996.3,84871557.0,432404237
5461.9,S,34,36936.39,4988.89,17763996.3,84871558.2,432404247
5462.9,S,34,36945.15,4990.26,17763996.3,84871560.8,432404258
5463.9,S,34,36953.90,4991.71,17763996.3,84871561.0,432404265
5464.9,S,34,36962.64,4993.15,17763996.3,84871561.5,432404265
5465.9,S,34,36971.21,4994.56,17763996.3,84871626.1,432404498
5466.9,S,34,36979.81,4996.10,17763996.3,84871626.3,432404505
5467.9,S,38,36989.11,4997.45,17763996.3,84871650.5,432404596
5468.9,S,34,36999.93,4999.01,17763996.3,84871746.7,432404682
5469.9,S,34,37008.65,5000.57,17763996.3,84871746.9,432404685
5470.9,S,34,37017.29,5002.02,17763996.3,84871811.8,432404742
5471.9,S,34,37026.10,5003.32,17763996.3,84871829.4,432404764
5472.9,S,34,37035.05,5004.59,17763996.3,84871829.6,432404766
5473.9,S,34,37043.80,5006.04,17763996.3,84871830.2,432404768
5474.9,S,38,37054.73,5007.65,17763996.3,84871879.7,432404819
5475.9,S,34,37064.23,5009.22,17763996.3,84872040.0,432404999
5476.9,S,34,37072.98,5010.79,17763996.3,84872040.3,432405001
5477.9,S,34,37081.52,5012.19,17763996.3,84872040.6,432405006
5478.9,S,34,37090.30,5013.60,17763996.3,84872040.7,432405008
5479.9,S,34,37098.97,5015.11,17763996.3,84872041.1,432405009
5480.9,S,34,37106.88,5016.51,17763996.3,84872127.6,432405296
5481.9,S,38,37117.00,5017.86,17763996.3,84872183.9,432405503
5482.9,S,34,37125.36,5019.19,17763996.3,84872279.9,432405857
5483.9,S,34,37134.29,5020.45,17763996.3,84872280.2,432405866
5484.9,S,34,37142.85,5021.83,17763996.3,84872344.6,432406098
5485.9,S,34,37151.61,5023.05,17763996.3,84872345.3,432406100
5486.9,S,34,37160.48,5024.42,17763996.3,84872345.5,432406107
5487.9,S,34,37169.13,5025.77,17763996.3,84872345.9,432406108
5488.9,S,38,37176.85,5026.90,17763996.3,84872446.9,432406501
5489.9,S,34,37185.05,5028.12,17763996.3,84872607.2,432407105
5490.9,S,34,37193.66,5029.54,17763996.3,84872607.4,432407114
5491.9,S,34,37202.22,5030.95,17763996.3,84872632.0,432407210
5492.9,S,34,37210.98,5032.32,17763996.3,84872632.5,432407214
5493.9,S,34,37219.89,5033.85,17763996.3,84872632.6,432407216
5494.9,S,34,37228.64,5035.03,17763996.3,84872632.8,432407224
5495.9,S,38,37237.65,5036.31,17763996.3,84872800.0,432407491
5496.9,S,34,37247.81,5037.72,17763996.3,84872896.3,432407579
5497.9,S,34,37256.70,5039.09,17763996.3,84872896.7,432407583
5498.9,S,34,37265.47,5040.49,17763996.3,84872896.9,432407587
5499.9,S,34,37274.25,5041.86,17763996.3,84872913.5,432407603
5500.9,S,34,37282.80,5043.11,17763996.3,84872961.7,432407646
5501.9,S,34,37291.59,5044.53,17763996.3,84872961.8,432407647
5502.9,S,38,37299.76,5045.56,17763996.3,84873099.8,432407951
5503.9,S,34,37309.26,5047.01,17763996.3,84873195.8,432408314
5504.9,S,34,37318.00,5048.35,17763996.3,84873196.0,432408315
5505.9,S,34,37326.71,5049.97,17763996.3,84873196.2,432408317
5506.9,S,34,37335.39,5051.29,17763996.3,84873239.2,432408460
5507.9,S,34,37343.75,5052.69,17763996.3,84873261.1,432408578
5508.9,S,34,37352.69,5054.10,17763996.3,84873261.3,432408582
5509.9,S,38,37359.73,5054.99,17763996.3,84873364.5,432409016
5510.9,S,34,37369.61,5056.31,17763996.3,84873472.2,432409367
5511.9,S,34,37378.02,5057.74,17763996.3,84873519.0,432409580
5512.9,S,34,37386.44,5059.27,17763996.3,84873519.6,432409582
5513.9,S,34,37395.13,5060.74,17763996.3,84873519.9,432409585
5514.9,S,34,37403.82,5062.19,17763996.3,84873520.3,432409587
5515.9,S,34,37412.33,5063.65,17763996.3,84873585.0,432409878
5516.9,S,38,37417.84,5064.55,17763996.3,84873700.0,432410396
5517.9,S,38,37429.40,5066.05,17763996.3,84873758.3,432410632
5518.9,S,34,37437.26,5067.36,17763996.3,84873812.1,432410864
5519.9,S,34,37446.06,5068.77,17763996.3,84873812.3,432410872
5520.9,S,34,37453.52,5070.01,17763996.3,84873877.2,432411146
5522.0,S,34,37462.11,5071.43,17763996.5,84873877.8,432411156
5523.0,S,34,37470.51,5072.89,17763996.5,84873912.6,432411272
5524.0,S,34,37479.13,5074.33,17763996.5,84873912.6,432411272
5525.0,S,38,37489.90,5075.78,17763996.5,84874015.8,432411369
5526.0,S,34,37499.28,5077.24,17763996.5,84874112.1,432411459
5527.0,S,34,37508.04,5078.57,17763996.5,84874112.3,432411461
5528.0,S,34,37516.96,5079.93,17763996.5,84874176.9,432411521
5529.0,S,34,37525.53,5081.30,17763996.5,84874177.1,432411523
5530.0,S,34,37534.27,5082.72,17763996.5,84874177.7,432411526
5531.0,S,34,37543.04,5084.12,17763996.5,84874177.8,432411528
5532.0,S,38,37553.92,5085.67,17763996.5,84874345.5,432411882
5533.0,S,34,37560.99,5086.79,17763996.5,84874441.5,432412320
5534.0,S,34,37569.78,5088.17,17763996.5,84874441.7,432412323
5535.0,S,34,37578.63,5089.63,17763996.5,84874441.9,432412323
5536.0,S,34,37587.07,5091.13,17763996.5,84874497.7,432412559
5537.0,S,34,37595.67,5092.57,17763996.5,84874498.1,432412560
5538.0,S,34,37604.42,5093.98,17763996.5,84874498.7,432412562
5539.0,S,38,37611.70,5095.11,17763996.5,84874601.6,432412952
5540.0,S,34,37621.61,5096.49,17763996.5,84874697.7,432413286
5541.0,S,34,37629.93,5097.99,17763996.5,84874762.7,432413582
5542.0,S,34,37638.62,5099.32,17763996.5,84874762.7,432413582
5543.0,S,34,37647.40,5100.59,17763996.5,84874763.2,432413584
5544.0,S,34,37655.85,5102.07,17763996.5,84874763.4,432413591
5545.0,S,34,37664.42,5103.55,17763996.5,84874771.7,432413619
5546.0,S,38,37670.67,5104.44,17763996.5,84874931.0,432414328
5547.0,S,38,37680.40,5105.75,17763996.5,84875004.4,432414642
5548.0,S,34,37689.29,5107.10,17763996.5,84875027.1,432414733
5549.0,S,34,37697.97,5108.54,17763996.5,84875027.4,432414734
5550.0,S,34,37706.50,5109.86,17763996.5,84875092.1,432415008
5551.0,S,34,37715.42,5111.25,17763996.5,84875092.2,432415018
5552.0,S,34,37723.88,5112.88,17763996.5,84875109.0,432415081
5553.0,S,38,37731.99,5114.02,17763996.5,84875211.7,432415296
5554.0,S,34,37743.61,5115.61,17763996.5,84875307.7,432415386
5555.0,S,34,37752.39,5117.15,17763996.5,84875308.4,432415390
5556.0,S,34,37761.04,5118.57,17763996.5,84875373.1,432415447
5557.0,S,34,37769.65,5120.00,17763996.5,84875373.2,432415449
5558.0,S,34,37778.47,5121.47,17763996.5,84875373.8,432415452
5559.0,S,34,37787.03,5122.94,17763996.5,84875373.9,432415454
5560.0,S,38,37797.56,5124.43,17763996.5,84875541.3,432415625
5561.0,S,34,37806.38,5125.83,17763996.5,84875651.0,432415989
5562.0,S,34,37814.99,5127.41,17763996.5,84875651.0,432415989
5563.0,S,34,37823.58,5128.94,17763996.5,84875651.5,432415992
5564.0,S,34,37832.29,5130.31,17763996.5,84875651.8,432416000
5565.0,S,34,37841.10,5131.63,17763996.5,84875651.9,432416002
5566.0,S,34,37849.76,5133.01,17763996.5,84875716.6,432416201
5567.0,S,38,37857.64,5134.04,17763996.5,84875819.2,432416559
5568.0,S,34,37866.33,5135.32,17763996.5,84875915.6,432416987
5569.0,S,34,37875.09,5136.83,17763996.5,84875915.9,432416989
5570.0,S,34,37883.43,5138.35,17763996.5,84875980.6,432417255
5571.0,S,34,37892.20,5139.77,17763996.5,84875981.0,432417266
5572.0,S,34,37900.96,5141.17,17763996.5,84875981.0,432417266
5573.0,S,34,37909.85,5142.57,17763996.5,84875981.1,432417267
5574.0,S,38,37916.87,5143.71,17763996.5,84876084.5,432417630
5575.0,S,38,37926.91,5145.07,17763996.5,84876221.9,432418265
5576.0,S,34,37932.34,5145.96,17763996.5,84876245.1,432418388
5577.0,S,34,37937.62,5146.90,17763996.5,84876269.7,432418475
5578.0,S,34,37943.05,5147.75,17763996.5,84876270.0,432418484
5579.0,S,34,37948.36,5148.53,17763996.5,84876270.6,432418486
5580.0,S,34,37953.74,5149.37,17763996.5,84876270.8,432418492
5581.0,S,34,37959.25,5150.20,17763996.5,84876335.6,432418715
5582.0,S,34,37964.80,5151.17,17763996.5,84876335.6,432418715
5583.0,S,34,37969.91,5151.98,17763996.5,84876392.9,432418911
5584.0,S,34,37975.80,5152.97,17763996.5,84876431.2,432419049
5585.0,S,34,37981.40,5153.80,17763996.5,84876431.7,432419051
5586.0,S,34,37986.85,5154.86,17763996.5,84876496.2,432419217
5587.0,S,34,37992.71,5155.91,17763996.5,84876509.6,432419237
5588.0,S,38,38000.89,5156.90,17763996.5,84876517.9,432419254
5589.0,S,34,38008.08,5157.86,17763996.5,84876613.9,432419343
5590.0,S,34,38012.89,5158.67,17763996.5,84876614.4,432419347
5591.0,S,34,38017.70,5159.42,17763996.5,84876614.8,432419351
5592.0,S,34,38022.30,5160.20,17763996.5,84876679.5,432419407
5593.0,S,34,38026.89,5161.03,17763996.5,84876679.7,432419409
5594.0,S,34,38031.56,5161.83,17763996.5,84876765.3,432419483
5595.0,S,34,38036.14,5162.60,17763996.5,84876765.6,432419486
5596.0,S,34,38040.84,5163.38,17763996.5,84876830.3,432419542
5597.0,S,34,38045.49,5164.20,17763996.5,84876830.7,432419545
5598.0,S,34,38050.16,5165.01,17763996.5,84876830.9,432419547
5599.0,S,34,38054.87,5165.82,17763996.5,84876897.8,432419766
5600.0,S,34,38059.55,5166.66,17763996.5,84876898.1,432419770
5601.0,S,34,38064.23,5167.44,17763996.5,84876963.0,432419963
5602.0,S,34,38069.25,5168.29,17763996.5,84876981.3,432420019
5603.0,S,34,38074.65,5169.09,17763996.5,84876981.7,432420023
5604.0,S,34,38080.12,5169.92,17763996.5,84876982.0,432420025
5605.0,S,34,38085.64,5170.86,17763996.5,84877031.9,432420219
5606.0,S,38,38092.78,5171.67,17763996.5,84877114.0,432420579
5607.0,S,34,38097.85,5172.33,17763996.5,84877209.9,432420941
5608.0,S,34,38098.84,5172.35,17763996.5,84877210.0,432420950
5609.0,S,34,38099.81,5172.37,17763996.5,84877210.5,432420952
5610.0,S,34,38100.56,5172.40,17763996.5,84877274.8,432421185
5611.0,S,34,38101.54,5172.41,17763996.5,84877275.2,432421197
5612.0,S,34,38102.53,5172.43,17763996.5,84877275.3,432421199
5613.0,S,34,38103.51,5172.44,17763996.5,84877275.5,432421208
5614.0,S,34,38104.29,5172.46,17763996.5,84877340.1,432421424
5615.0,S,34,38105.17,5172.54,17763996.5,84877352.7,432421476
5616.0,S,34,38106.16,5172.55,17763996.5,84877353.1,432421480
5617.1,S,34,38107.14,5172.57,17763996.5,84877353.6,432421489
5618.1,S,34,38108.13,5172.58,17763996.5,84877353.7,432421491
5619.1,S,34,38108.82,5172.60,17763996.5,84877418.2,432421788
5620.1,S,34,38109.81,5172.62,17763996.5,84877446.2,432421894
5621.1,S,34,38110.79,5172.64,17763996.5,84877446.4,432421903
5622.1,S,34,38111.78,5172.65,17763996.5,84877474.2,432421975
5623.1,S,34,38112.71,5172.67,17763996.5,84877538.8,432422032
5624.1,S,34,38113.70,5172.69,17763996.5,84877538.9,432422034
5625.1,S,34,38114.67,5172.71,17763996.5,84877539.1,432422038
5626.1,S,34,38115.55,5172.79,17763996.5,84877600.1,432422092
5627.1,S,34,38116.53,5172.81,17763996.5,84877600.7,432422094
5628.1,S,34,38117.51,5172.83,17763996.5,84877600.8,432422096
5629.1,S,34,38118.50,5172.85,17763996.5,84877601.0,432422100
5630.1,S,34,38119.43,5172.87,17763996.5,84877677.4,432422166
5631.1,S,34,38120.41,5172.89,17763996.5,84877678.0,432422168
5632.1,S,34,38121.39,5172.91,17763996.5,84877678.4,432422168
5633.1,S,34,38122.32,5172.93,17763996.5,84877743.0,432422228
5634.1,S,34,38123.27,5172.97,17763996.5,84877748.5,432422240
5635.1,S,34,38124.26,5172.98,17763996.5,84877752.3,432422245
5636.1,S,34,38125.25,5172.99,17763996.5,84877752.4,432422248
5637.1,S,34,38126.18,5173.02,17763996.5,84877817.2,432422306
5638.1,S,34,38127.17,5173.03,17763996.5,84877817.6,432422307
5639.1,S,34,38128.15,5173.05,17763996.5,84877817.8,432422309
5640.1,S,34,38129.14,5173.06,17763996.5,84877817.8,432422310
5641.1,S,34,38129.86,5173.08,17763996.5,84877884.3,432422595
5642.1,S,34,38130.84,5173.10,17763996.5,84877884.4,432422597
5643.1,S,34,38131.69,5173.15,17763996.5,84877912.8,432422710
5644.1,S,34,38132.67,5173.16,17763996.5,84877913.3,432422717
5645.1,S,34,38133.66,5173.18,17763996.5,84877913.5,432422727
5646.1,S,34,38134.59,5173.20,17763996.5,84877930.4,432422779
5647.1,S,34,38135.41,5173.21,17763996.5,84877978.1,432422958
5648.1,S,34,38136.39,5173.23,17763996.5,84877978.5,432422962
5649.1,S,34,38137.38,5173.24,17763996.5,84877979.1,432422963
5650.1,S,34,38138.14,5173.27,17763996.5,84878040.5,432423197
5651.1,S,34,38139.10,5173.28,17763996.5,84878043.7,432423222
5652.1,S,34,38140.09,5173.30,17763996.5,84878043.9,432423226
5653.1,S,34,38140.87,5173.37,17763996.5,84878091.6,432423389
5654.1,S,34,38141.86,5173.38,17763996.5,84878092.1,432423390
5655.1,S,34,38142.84,5173.39,17763996.5,84878092.3,432423392
5656.1,S,34,38143.82,5173.41,17763996.5,84878092.5,432423397
5657.1,S,34,38144.61,5173.43,17763996.5,84878156.9,432423608
5658.1,S,34,38145.59,5173.45,17763996.5,84878157.2,432423615
5659.1,S,34,38146.58,5173.46,17763996.5,84878157.3,432423619
5660.1,S,34,38147.57,5173.48,17763996.5,84878157.8,432423622
5661.1,S,34,38148.35,5173.50,17763996.5,84878222.5,432423827
5662.1,S,34,38149.34,5173.51,17763996.5,84878222.7,432423832
5663.1,S,34,38150.19,5173.56,17763996.5,84878255.7,432423938
5664.1,S,34,38151.18,5173.57,17763996.5,84878256.0,432423938
5665.1,S,34,38152.17,5173.58,17763996.5,84878256.1,432423939
5666.1,S,34,38153.15,5173.60,17763996.5,84878258.0,432423944
5667.1,S,34,38153.88,5173.62,17763996.5,84878321.2,432424213
5668.1,S,34,38154.86,5173.63,17763996.5,84878321.5,432424219
5669.1,S,34,38155.84,5173.65,17763996.5,84878321.6,432424221
5670.1,S,34,38156.68,5173.68,17763996.5,84878362.3,432424377
5671.1,S,34,38157.55,5173.70,17763996.5,84878386.2,432424482
5672.1,S,34,38158.38,5173.76,17763996.5,84878414.7,432424608
5673.1,S,34,38159.37,5173.77,17763996.5,84878414.9,432424616
5674.1,S,34,38160.35,5173.79,17763996.5,84878415.0,432424619
5675.1,S,34,38161.34,5173.81,17763996.5,84878415.3,432424623
5676.1,S,34,38162.10,5173.83,17763996.5,84878479.8,432424858
5677.1,S,34,38163.08,5173.84,17763996.5,84878480.4,432424864
5678.1,S,34,38164.07,5173.86,17763996.5,84878480.6,432424868
5679.1,S,34,38165.07,5173.86,17763996.5,84878480.7,432424870
5680.1,S,34,38165.79,5173.89,17763996.5,84878545.3,432425130
5681.1,S,34,38166.76,5173.90,17763996.5,84878552.2,432425148
5682.1,S,34,38167.59,5173.95,17763996.5,84878573.4,432425291
5683.1,S,34,38168.57,5173.97,17763996.5,84878573.9,432425291
5684.1,S,34,38169.55,5173.99,17763996.5,84878574.1,432425294
5685.1,S,34,38170.32,5174.01,17763996.5,84878638.6,432425510
5686.1,S,34,38171.30,5174.03,17763996.5,84878638.7,432425514
5687.1,S,34,38172.29,5174.05,17763996.5,84878638.8,432425514
5688.1,S,34,38173.26,5174.07,17763996.5,84878666.3,432425619
5689.1,S,34,38174.04,5174.09,17763996.5,84878731.2,432425850
5690.1,S,34,38175.03,5174.10,17763996.5,84878731.4,432425853
5691.1,S,34,38176.03,5174.11,17763996.5,84878731.6,432425865
5692.1,S,34,38176.79,5174.18,17763996.5,84878777.9,432426042
5693.1,S,34,38177.78,5174.19,17763996.5,84878778.3,432426044
5694.1,S,34,38178.76,5174.21,17763996.5,84878778.7,432426048
5695.1,S,34,38179.75,5174.23,17763996.5,84878778.8,432426049
5696.1,S,34,38180.67,5174.25,17763996.5,84878843.3,432426106
5697.1,S,34,38181.66,5174.27,17763996.5,84878843.5,432426108
5698.1,S,34,38182.64,5174.29,17763996.5,84878844.0,432426110
5699.1,S,34,38183.57,5174.31,17763996.5,84878908.5,432426164
5700.1,S,34,38184.56,5174.33,17763996.5,84878908.9,432426165
5701.1,S,34,38185.54,5174.34,17763996.5,84878909.0,432426169
5702.1,S,34,38186.53,5174.36,17763996.5,84878909.1,432426171
5703.1,S,34,38187.46,5174.38,17763996.5,84878973.7,432426228
5704.1,S,34,38188.39,5174.44,17763996.5,84878992.4,432426252
5705.1,S,34,38189.37,5174.46,17763996.5,84878992.6,432426257
5706.1,S,34,38190.36,5174.47,17763996.5,84878992.7,432426257
5707.1,S,34,38191.35,5174.49,17763996.5,84878993.0,432426260
5708.1,S,34,38192.27,5174.52,17763996.5,84879057.6,432426316
5709.1,S,34,38193.25,5174.55,17763996.5,84879058.1,432426319
5710.1,S,34,38194.24,5174.55,17763996.5,84879058.2,432426323
5711.1,S,34,38195.17,5174.58,17763996.5,84879122.7,432426379
5712.1,S,34,38196.15,5174.60,17763996.5,84879123.1,432426381
5713.1,S,34,38197.14,5174.62,17763996.5,84879123.2,432426382
5714.1,S,34,38198.12,5174.63,17763996.5,84879123.4,432426386
5715.1,S,34,38198.97,5174.65,17763996.5,84879188.1,432426540
5716.1,S,34,38199.95,5174.66,17763996.5,84879188.3,432426543
5717.1,S,34,38200.94,5174.67,17763996.5,84879188.4,432426544
5718.1,S,34,38201.87,5174.70,17763996.5,84879208.3,432426593
5719.1,S,34,38202.74,5174.72,17763996.5,84879253.2,432426713
5720.1,S,34,38203.60,5174.79,17763996.5,84879275.3,432426793
5721.1,S,34,38204.58,5174.81,17763996.5,84879275.5,432426800
5722.1,S,34,38205.57,5174.82,17763996.5,84879275.7,432426802
5723.1,S,34,38206.56,5174.84,17763996.5,84879275.8,432426804
5724.1,S,34,38207.31,5174.86,17763996.5,84879340.7,432427044
5725.1,S,34,38208.29,5174.87,17763996.5,84879340.8,432427047
5726.1,S,34,38209.27,5174.89,17763996.5,84879341.3,432427053
5727.1,S,34,38210.08,5174.92,17763996.5,84879382.1,432427229
5728.1,S,34,38210.99,5174.93,17763996.5,84879406.0,432427320
5729.1,S,34,38211.98,5174.94,17763996.5,84879406.0,432427322
5730.1,S,34,38212.77,5175.00,17763996.5,84879444.7,432427471
5731.1,S,34,38213.75,5175.02,17763996.5,84879445.0,432427472
5732.1,S,34,38214.74,5175.04,17763996.5,84879445.2,432427479
5733.1,S,34,38215.73,5175.05,17763996.5,84879445.3,432427481
5734.1,S,34,38216.49,5175.08,17763996.5,84879509.9,432427706
5735.2,S,34,38217.48,5175.09,17763996.5,84879510.1,432427712
5736.2,S,34,38218.47,5175.11,17763996.5,84879510.5,432427716
5737.2,S,34,38219.28,5175.12,17763996.5,84879563.3,432427896
5738.2,S,34,38220.21,5175.14,17763996.5,84879575.7,432427966
5739.2,S,34,38221.19,5175.15,17763996.5,84879575.8,432427966
5740.2,S,34,38221.91,5175.21,17763996.5,84879620.5,432428207
5741.2,S,34,38222.89,5175.22,17763996.5,84879620.6,432428209
5742.2,S,34,38223.87,5175.25,17763996.5,84879621.2,432428213
5743.2,S,34,38224.85,5175.26,17763996.5,84879621.3,432428215
5744.2,S,34,38225.60,5175.29,17763996.5,84879685.9,432428460
5745.2,S,34,38226.58,5175.31,17763996.5,84879686.1,432428469
5746.2,S,34,38227.57,5175.32,17763996.5,84879686.1,432428469
5747.2,S,34,38228.56,5175.34,17763996.5,84879686.4,432428471
5748.2,S,34,38229.32,5175.36,17763996.5,84879751.1,432428698
5749.2,S,34,38230.31,5175.37,17763996.5,84879751.3,432428700
5750.2,S,34,38231.29,5175.39,17763996.5,84879751.5,432428704
5751.2,S,34,38232.11,5175.46,17763996.5,84879810.3,432428837
5752.2,S,34,38233.11,5175.46,17763996.5,84879810.5,432428841
5753.2,S,41,38240.85,5175.57,17763996.5,84879811.4,432428845
5754.2,S,41,38248.73,5175.70,17763996.5,84879812.1,432428850
5755.2,S,41,38256.59,5175.82,17763996.5,84879857.7,432428891
5756.2,S,41,38264.37,5175.96,17763996.5,84879975.8,432428996
5757.2,S,41,38271.77,5176.12,17763996.5,84880253.8,432429495
5758.2,S,41,38279.39,5176.27,17763996.5,84880327.1,432429759
5759.2,S,41,38287.19,5176.39,17763996.5,84880347.1,432429857
5760.2,S,41,38293.57,5176.52,17763996.5,84880537.7,432430570
5761.2,S,41,38300.73,5176.69,17763996.5,84880685.8,432431139
5762.2,S,41,38307.05,5176.82,17763996.5,84880815.6,432431827
5763.2,S,41,38314.64,5176.94,17763996.5,84880903.8,432432153
5764.2,S,41,38322.27,5177.09,17763996.5,84880966.8,432432387
5765.2,S,41,38329.63,5177.25,17763996.5,84881239.0,432432884
5766.2,S,41,38337.41,5177.38,17763996.5,84881290.9,432432935
5767.2,S,41,38345.23,5177.50,17763996.5,84881364.0,432432998
5768.2,S,41,38352.88,5177.63,17763996.5,84881500.7,432433259
5769.2,S,41,38359.01,5177.75,17763996.5,84881674.0,432433911
5770.2,S,41,38365.38,5177.87,17763996.5,84881802.9,432434452
5771.2,S,41,38372.81,5178.01,17763996.5,84881918.8,432434861
5772.2,S,41,38380.48,5178.14,17763996.5,84881978.0,432435076
5773.2,S,41,38388.02,5178.27,17763996.5,84882042.7,432435434
5774.2,S,41,38394.45,5178.41,17763996.5,84882163.0,432435906
5775.2,S,41,38398.35,5178.52,17763996.5,84882439.4,432436674
5776.2,S,41,38406.17,5178.66,17763996.5,84882502.6,432436732
5777.2,S,41,38414.04,5178.80,17763996.5,84882502.7,432436734
5778.2,S,41,38421.81,5178.95,17763996.5,84882620.8,432436839
5779.2,S,41,38428.82,5179.11,17763996.5,84882776.9,432437122
5780.2,S,41,38434.29,5179.24,17763996.5,84882991.4,432438095
5781.2,S,41,38441.57,5179.39,17763996.5,84883043.4,432438325
5782.2,S,41,38449.14,5179.52,17763996.5,84883105.6,432438649
5783.2,S,41,38456.89,5179.63,17763996.5,84883145.4,432438801
5784.2,S,41,38462.05,5179.74,17763996.5,84883333.6,432439468
5785.2,S,41,38465.83,5179.85,17763996.5,84883551.8,432440407
5786.2,S,41,38473.73,5179.95,17763996.5,84883551.9,432440409
5787.2,S,41,38481.41,5180.10,17763996.5,84883689.0,432440622
5788.2,S,41,38489.26,5180.22,17763996.5,84883732.6,432440662
5789.2,S,41,38496.89,5180.37,17763996.5,84883966.2,432440861
5790.2,S,41,38504.21,5180.49,17763996.5,84884068.6,432441321
5791.2,S,41,38511.72,5180.64,17763996.5,84884156.4,432441680
5792.2,S,41,38519.17,5180.78,17763996.5,84884252.7,432442134
5793.2,S,41,38526.61,5180.89,17763996.5,84884369.2,432442613
5794.2,S,41,38532.78,5181.04,17763996.5,84884600.4,432443510
5795.2,S,41,38538.92,5181.16,17763996.5,84884699.1,432443898
5796.2,S,41,38546.52,5181.29,17763996.5,84884753.6,432444185
5797.2,S,41,38553.48,5181.40,17763996.5,84884822.0,432444433
5798.2,S,41,38561.13,5181.56,17763996.5,84885107.2,432444683
5799.2,S,41,38569.02,5181.69,17763996.5,84885107.5,432444684
5800.2,S,41,38576.76,5181.83,17763996.5,84885212.8,432444827
5801.2,S,40,38582.77,5181.95,17763996.5,84885357.9,432445281
5802.2,S,40,38588.75,5182.06,17763996.5,84885451.8,432445649
5803.2,S,40,38592.94,5182.18,17763996.5,84885690.6,432446380
5804.2,S,40,38599.77,5182.29,17763996.5,84885716.2,432446449
5805.2,S,36,38603.63,5182.37,17763996.5,84885893.1,432446934
5806.2,S,34,38604.57,5182.60,17763996.5,84885985.2,432447102
5807.2,S,34,38608.42,5183.78,17763996.5,84885987.1,432447107
5808.2,S,34,38617.02,5185.33,17763996.5,84885987.3,432447111
5809.2,S,34,38625.67,5186.79,17763996.5,84885989.2,432447116
5810.2,S,34,38634.24,5188.35,17763996.5,84885989.5,432447119
5811.2,S,34,38642.86,5189.86,17763996.5,84886027.9,432447154
5812.2,S,34,38651.39,5191.40,17763996.5,84886054.2,432447179
5813.2,S,38,38660.81,5192.78,17763996.5,84886106.0,432447243
5814.2,S,34,38672.27,5194.39,17763996.5,84886201.7,432447328
5815.2,S,34,38680.85,5195.94,17763996.5,84886202.3,432447333
5816.2,S,34,38689.61,5197.51,17763996.5,84886202.5,432447336
5817.2,S,34,38698.25,5199.04,17763996.5,84886202.6,432447337
5818.2,S,34,38706.95,5200.53,17763996.5,84886267.5,432447396
5819.2,S,34,38715.64,5201.81,17763996.5,84886267.6,432447398
5820.2,S,38,38725.99,5203.24,17763996.5,84886355.6,432447697
5821.2,S,34,38734.09,5204.56,17763996.5,84886452.1,432448085
5822.2,S,34,38742.88,5206.09,17763996.5,84886452.4,432448086
5823.2,S,34,38751.72,5207.33,17763996.5,84886452.9,432448088
5824.2,S,34,38760.29,5208.72,17763996.5,84886453.1,432448094
5825.2,S,34,38768.72,5210.06,17763996.6,84886518.1,432448425
5826.2,S,34,38777.38,5211.57,17763996.6,84886518.9,432448446
5827.2,S,38,38785.70,5212.75,17763996.6,84886594.5,432448764
5828.2,S,34,38794.82,5214.16,17763996.6,84886691.3,432449141
5829.2,S,34,38803.35,5215.61,17763996.6,84886691.5,432449143
5830.2,S,34,38811.79,5217.02,17763996.6,84886756.3,432449384
5831.2,S,34,38820.55,5218.41,17763996.6,84886756.5,432449393
5832.2,S,34,38829.20,5219.90,17763996.6,84886756.9,432449397
5833.2,S,34,38837.87,5221.19,17763996.6,84886757.2,432449405
5834.2,S,34,38840.82,5221.71,17763996.6,84886922.4,432450097
5835.2,S,38,38853.08,5223.39,17763996.6,84886945.4,432450203
5836.2,S,34,38859.57,5224.52,17763996.6,84887025.6,432450608
5837.2,S,34,38868.21,5226.03,17763996.6,84887026.1,432450616
5838.2,S,34,38876.85,5227.49,17763996.6,84887026.7,432450622
5839.2,S,34,38885.21,5228.87,17763996.6,84887091.3,432450864
5840.2,S,34,38893.85,5230.32,17763996.6,84887091.8,432450866
5841.2,S,34,38902.60,5231.67,17763996.6,84887092.3,432450872
5842.2,S,38,38911.79,5232.77,17763996.6,84887195.2,432451126
5843.2,S,34,38921.85,5234.29,17763996.6,84887291.7,432451217
5844.2,S,34,38930.55,5235.68,17763996.6,84887356.3,432451274
5845.2,S,34,38939.19,5237.13,17763996.6,84887356.5,432451276
5846.2,S,34,38947.77,5238.59,17763996.6,84887385.8,432451306
5847.2,S,34,38956.44,5239.99,17763996.6,84887386.0,432451308
5848.2,S,34,38964.98,5241.53,17763996.6,84887386.1,432451309
5849.2,S,38,38976.00,5242.90,17763996.6,84887489.3,432451412
5850.2,S,34,38983.77,5244.16,17763996.6,84887649.5,432451977
5851.2,S,34,38992.45,5245.63,17763996.6,84887649.7,432451981
5852.2,S,34,39001.28,5246.96,17763996.6,84887650.2,432451983
5853.2,S,34,39009.98,5248.38,17763996.6,84887650.5,432451987
5854.2,S,34,39018.85,5249.78,17763996.6,84887657.3,432452007
5855.2,S,34,39027.23,5251.17,17763996.6,84887715.6,432452254
5856.2,S,38,39033.97,5252.16,17763996.6,84887818.4,432452710
5857.3,S,34,39042.94,5253.43,17763996.6,84887914.7,432453113
5858.3,S,34,39051.45,5254.86,17763996.6,84887952.9,432453264
5859.3,S,34,39060.02,5256.33,17763996.6,84887964.3,432453313
5860.3,S,34,39068.71,5257.67,17763996.6,84887965.4,432453326
5861.3,S,34,39077.52,5258.95,17763996.6,84887965.5,432453328
5862.3,S,34,39086.23,5260.24,17763996.6,84887965.7,432453336
5863.3,S,34,39090.81,5261.05,17763996.6,84888104.9,432453942
5864.3,S,38,39102.09,5262.45,17763996.6,84888133.1,432454049
5865.3,S,34,39109.20,5263.71,17763996.6,84888229.2,432454502
5866.3,S,34,39117.76,5265.28,17763996.6,84888230.2,432454513
5867.3,S,34,39126.36,5266.72,17763996.6,84888230.4,432454515
5868.3,S,34,39134.91,5268.11,17763996.6,84888295.2,432454769
5869.3,S,34,39143.59,5269.55,17763996.6,84888295.5,432454778
5870.3,S,34,39151.90,5270.96,17763996.6,84888314.9,432454845
5871.3,S,38,39161.68,5272.28,17763996.6,84888399.3,432455067
5872.3,S,34,39171.20,5273.84,17763996.6,84888558.4,432455205
5873.3,S,34,39179.78,5275.27,17763996.7,84888561.4,432455231
5874.3,S,34,39188.42,5276.78,17763996.7,84888579.2,432455253
5875.3,S,34,39197.12,5278.03,17763996.7,84888579.4,432455256
5876.3,S,34,39205.93,5279.62,17763996.7,84888579.6,432455257
5877.3,S,38,39214.26,5280.88,17763996.7,84888683.0,432455358
5878.3,S,38,39226.35,5282.61,17763996.7,84888771.5,432455517
5879.5,S,34,39235.14,5283.92,17763996.7,84888844.3,432455804
5880.5,S,34,39243.84,5285.35,17763996.7,84888844.5,432455806
5881.5,S,34,39252.63,5286.73,17763996.7,84888844.7,432455809
5882.5,S,34,39261.19,5288.07,17763996.7,84888906.6,432456059
5883.5,S,34,39269.97,5289.53,17763996.7,84888909.8,432456080
5884.5,S,38,39275.54,5290.40,17763996.7,84889013.0,432456499
5885.5,S,38,39287.63,5292.13,17763996.7,84889033.8,432456595
5886.5,S,34,39295.30,5293.31,17763996.7,84889109.4,432456888
5887.5,S,34,39303.79,5294.69,17763996.7,84889174.3,432457198
5888.5,S,34,39312.36,5296.12,17763996.7,84889185.5,432457242
5889.5,S,34,39321.13,5297.63,17763996.7,84889186.1,432457245
5890.5,S,34,39329.93,5299.10,17763996.7,84889186.3,432457247
5891.5,S,34,39335.68,5300.11,17763996.7,84889288.8,432457612
5892.5,S,38,39347.76,5301.80,17763996.7,84889377.1,432457801
5893.5,S,34,39356.64,5303.18,17763996.7,84889449.4,432457868
5894.5,S,34,39365.56,5304.56,17763996.7,84889449.6,432457870
5895.5,S,34,39374.12,5305.94,17763996.7,84889449.9,432457870
5896.5,S,34,39382.83,5307.45,17763996.7,84889450.2,432457872
5897.5,S,34,39391.41,5308.91,17763996.7,84889514.7,432457929
5898.5,S,38,39400.99,5310.26,17763996.8,84889617.8,432458024
5899.5,S,34,39411.68,5311.77,17763996.8,84889714.0,432458130
5900.5,S,34,39420.28,5313.21,17763996.8,84889714.3,432458132
5901.5,S,34,39428.79,5314.64,17763996.8,84889779.1,432458351
5902.5,S,34,39437.54,5316.08,17763996.8,84889779.4,432458356
5903.5,S,34,39446.19,5317.49,17763996.8,84889779.6,432458356
5904.5,S,34,39454.97,5318.99,17763996.8,84889796.6,432458411
5905.5,S,38,39461.71,5320.07,17763996.8,84889933.2,432458972
5906.5,S,34,39471.89,5321.66,17763996.8,84890029.1,432459233
5907.5,S,34,39480.67,5323.15,17763996.8,84890029.9,432459237
5908.5,S,34,39489.24,5324.45,17763996.8,84890030.0,432459238
5909.5,S,34,39496.94,5325.79,17763996.8,84890094.7,432459445
5910.5,S,34,39505.71,5327.03,17763996.8,84890095.3,432459447
5911.5,S,34,39514.45,5328.21,17763996.8,84890095.5,432459450
5912.5,S,38,39521.43,5329.26,17763996.8,84890198.5,432459729
5913.5,S,38,39532.85,5330.82,17763996.8,84890257.2,432459878
5914.5,S,34,39540.95,5332.17,17763996.8,84890359.4,432460156
5915.5,S,34,39549.61,5333.61,17763996.8,84890359.8,432460161
5916.5,S,34,39558.28,5335.07,17763996.8,84890360.3,432460165
5917.5,S,34,39566.89,5336.51,17763996.8,84890360.6,432460172
5918.5,S,34,39575.41,5338.01,17763996.8,84890425.3,432460347
5919.5,S,34,39581.25,5338.86,17763996.8,84890470.9,432460724
5920.5,S,38,39592.27,5340.38,17763996.8,84890528.2,432460833
5921.5,S,34,39597.95,5341.38,17763996.8,84890687.6,432461091
5922.5,S,34,39602.68,5342.15,17763996.8,84890688.0,432461097
5923.5,S,34,39607.45,5342.94,17763996.8,84890688.5,432461100
5924.5,S,34,39612.07,5343.68,17763996.8,84890688.8,432461103
5925.5,S,34,39616.68,5344.50,17763996.8,84890753.3,432461204
5926.5,S,34,39621.46,5345.27,17763996.8,84890753.6,432461206
5927.5,S,34,39626.16,5346.08,17763996.8,84890754.0,432461207
5928.5,S,34,39630.91,5346.85,17763996.8,84890754.2,432461214
5929.5,S,34,39635.49,5347.70,17763996.8,84890819.0,432461316
5930.5,S,34,39640.27,5348.42,17763996.8,84890819.2,432461318
5931.5,S,34,39644.94,5349.21,17763996.8,84890819.4,432461318
5932.5,S,34,39649.52,5350.03,17763996.8,84890915.5,432461490
5933.5,S,34,39654.18,5350.80,17763996.8,84890915.8,432461494
5934.5,S,34,39658.78,5351.58,17763996.8,84890980.4,432461669
5935.5,S,34,39663.51,5352.37,17763996.8,84890981.0,432461672
5936.5,S,34,39668.28,5353.11,17763996.8,84890981.2,432461675
5937.5,S,38,39675.14,5353.86,17763996.8,84890987.9,432461706
5938.5,S,34,39680.29,5354.53,17763996.8,84891225.9,432462368
5939.5,S,34,39684.24,5355.21,17763996.8,84891231.0,432462386
5940.5,S,34,39688.41,5355.91,17763996.8,84891231.6,432462389
5941.5,S,34,39692.62,5356.49,17763996.8,84891231.7,432462390
5942.5,S,34,39696.66,5357.17,17763996.8,84891231.9,432462397
5943.5,S,34,39699.83,5357.76,17763996.8,84891346.7,432462915
5944.5,S,34,39704.43,5358.47,17763996.8,84891355.2,432462947
5945.5,S,34,39708.55,5359.11,17763996.8,84891355.9,432462951
5946.5,S,34,39712.73,5359.77,17763996.8,84891356.0,432462953
5947.5,S,34,39716.88,5360.41,17763996.8,84891356.4,432462958
5948.5,S,34,39721.07,5361.06,17763996.8,84891421.2,432463222
5949.5,S,34,39725.27,5361.72,17763996.8,84891421.3,432463224
5950.5,S,34,39729.47,5362.42,17763996.8,84891422.1,432463229
5951.5,S,34,39733.67,5363.01,17763996.8,84891422.2,432463231
5952.5,S,34,39737.87,5363.80,17763996.8,84891483.1,432463446
5953.5,S,34,39742.59,5364.64,17763996.8,84891483.5,432463455
5954.5,S,34,39747.36,5365.40,17763996.8,84891528.1,432463611
5955.5,S,34,39752.23,5366.21,17763996.8,84891528.2,432463616
5956.5,S,34,39756.90,5366.94,17763996.8,84891529.0,432463625
5957.5,S,34,39761.73,5367.68,17763996.8,84891593.7,432463850
5958.5,S,34,39766.65,5368.49,17763996.8,84891593.9,432463858
5959.5,S,38,39771.89,5369.19,17763996.8,84891619.2,432464014
5960.5,S,38,39779.28,5369.94,17763996.8,84891673.4,432464243
5961.5,S,34,39781.07,5370.06,17763996.8,84891715.9,432464427
5962.5,S,34,39781.80,5370.08,17763996.8,84891780.5,432464692
5963.5,S,34,39782.79,5370.09,17763996.8,84891780.6,432464695
5964.5,S,34,39783.77,5370.11,17763996.8,84891780.8,432464702
5965.5,S,34,39784.75,5370.13,17763996.8,84891780.9,432464704
5966.5,S,34,39785.47,5370.16,17763996.8,84891846.0,432464970
5967.5,S,34,39786.26,5370.24,17763996.8,84891868.4,432465106
5968.5,S,34,39787.25,5370.26,17763996.8,84891868.7,432465110
5969.5,S,34,39788.23,5370.28,17763996.8,84891896.2,432465234
5970.5,S,34,39789.21,5370.30,17763996.8,84891896.3,432465236
5971.5,S,34,39789.91,5370.32,17763996.8,84891961.3,432465524
5972.6,S,34,39790.90,5370.33,17763996.8,84891961.5,432465528
5973.6,S,34,39791.89,5370.35,17763996.8,84891961.6,432465530
5974.6,S,34,39792.87,5370.36,17763996.8,84891981.1,432465596
5975.6,S,34,39793.64,5370.38,17763996.8,84892046.9,432465824
5976.6,S,34,39794.63,5370.40,17763996.8,84892047.1,432465831
5977.6,S,34,39795.48,5370.45,17763996.8,84892073.9,432465928
5978.6,S,34,39796.46,5370.47,17763996.8,84892074.1,432465928
5979.6,S,34,39797.44,5370.49,17763996.8,84892074.2,432465929
5980.6,S,34,39798.17,5370.51,17763996.8,84892138.3,432466195
5981.6,S,34,39799.16,5370.52,17763996.8,84892138.8,432466216
5982.6,S,34,39800.14,5370.54,17763996.8,84892167.1,432466350
5983.6,S,34,39801.13,5370.55,17763996.8,84892167.2,432466352
5984.6,S,34,39801.88,5370.57,17763996.8,84892231.8,432466590
5985.6,S,34,39802.86,5370.59,17763996.8,84892240.5,432466619
5986.6,S,34,39803.85,5370.61,17763996.8,84892240.6,432466622
5987.6,S,34,39804.62,5370.65,17763996.8,84892279.2,432466810
5988.6,S,34,39805.61,5370.67,17763996.8,84892279.7,432466817
5989.6,S,34,39806.59,5370.68,17763996.8,84892280.0,432466827
5990.6,S,34,39807.37,5370.71,17763996.8,84892324.5,432467043
5991.6,S,34,39808.25,5370.73,17763996.8,84892346.4,432467147
5992.6,S,34,39809.23,5370.74,17763996.8,84892346.5,432467147
5993.6,S,34,39810.22,5370.75,17763996.8,84892347.2,432467149
5994.6,S,34,39810.93,5370.78,17763996.8,84892411.8,432467438
5995.6,S,34,39811.92,5370.79,17763996.8,84892411.9,432467441
5996.6,S,34,39812.90,5370.81,17763996.8,84892412.0,432467445
5997.6,S,34,39813.89,5370.82,17763996.8,84892412.1,432467447
5998.6,S,34,39814.56,5370.89,17763996.8,84892474.1,432467733
5999.6,S,34,39815.55,5370.90,17763996.8,84892474.3,432467736
6000.6,S,34,39816.53,5370.92,17763996.8,84892474.6,432467740
6001.6,S,34,39817.51,5370.94,17763996.8,84892474.8,432467741
6002.6,S,34,39818.21,5370.96,17763996.8,84892539.3,432468038
6003.6,S,34,39819.19,5370.99,17763996.8,84892539.4,432468040
6004.6,S,34,39820.20,5371.00,17763996.8,84892539.9,432468044
6005.6,S,34,39821.19,5371.02,17763996.8,84892540.1,432468045
6006.6,S,34,39821.92,5371.04,17763996.8,84892604.8,432468303
6007.6,S,34,39822.76,5371.10,17763996.8,84892631.2,432468424
6008.6,S,34,39823.74,5371.12,17763996.8,84892631.4,432468428
6009.6,S,34,39824.73,5371.13,17763996.8,84892631.9,432468431
6010.6,S,34,39825.71,5371.15,17763996.8,84892632.1,432468435
6011.6,S,34,39826.41,5371.18,17763996.8,84892696.8,432468721
6012.6,S,34,39827.39,5371.20,17763996.8,84892697.0,432468721
6013.6,S,34,39828.38,5371.21,17763996.8,84892697.1,432468722
6014.6,S,34,39829.37,5371.22,17763996.8,84892697.2,432468725
6015.6,S,34,39830.11,5371.24,17763996.8,84892761.9,432468978
6016.6,S,34,39831.10,5371.26,17763996.8,84892762.3,432468981
6017.6,S,34,39831.92,5371.30,17763996.8,84892788.4,432469122
6018.6,S,34,39832.91,5371.32,17763996.8,84892788.6,432469125
6019.6,S,34,39833.88,5371.34,17763996.8,84892788.8,432469134
6020.6,S,34,39834.78,5371.36,17763996.8,84892814.8,432469231
6021.6,S,34,39835.62,5371.38,17763996.8,84892853.7,432469383
6022.6,S,34,39836.61,5371.39,17763996.8,84892854.1,432469387
6023.6,S,34,39837.58,5371.41,17763996.8,84892854.2,432469388
6024.6,S,34,39838.32,5371.43,17763996.8,84892918.8,432469642
6025.6,S,34,39839.31,5371.45,17763996.8,84892918.9,432469644
6026.6,S,34,39840.30,5371.47,17763996.8,84892919.1,432469648
6027.6,S,34,39841.28,5371.48,17763996.8,84892919.5,432469650
6028.6,S,34,39841.97,5371.50,17763996.8,84892984.2,432469960
6029.6,S,34,39842.85,5371.55,17763996.8,84892995.8,432470035
6030.6,S,34,39843.84,5371.56,17763996.8,84892995.9,432470047
6031.6,S,34,39844.82,5371.58,17763996.8,84892996.0,432470050
6032.6,S,34,39845.81,5371.59,17763996.8,84892996.5,432470056
6033.6,S,34,39846.57,5371.61,17763996.8,84893060.9,432470286
6034.6,S,34,39847.56,5371.62,17763996.8,84893061.2,432470293
6035.6,S,34,39848.54,5371.64,17763996.8,84893061.5,432470296
6036.6,S,34,39849.52,5371.66,17763996.8,84893061.7,432470298
6037.6,S,34,39850.30,5371.68,17763996.8,84893126.2,432470520
6038.6,S,34,39851.29,5371.69,17763996.8,84893126.7,432470524
6039.6,S,34,39852.15,5371.72,17763996.8,84893158.5,432470642
6040.6,S,34,39853.03,5371.77,17763996.8,84893174.2,432470719
6041.6,S,34,39854.01,5371.79,17763996.8,84893174.3,432470721
6042.6,S,34,39854.99,5371.81,17763996.8,84893174.5,432470727
6043.6,S,34,39855.74,5371.83,17763996.8,84893239.2,432470963
6044.6,S,34,39856.72,5371.85,17763996.8,84893239.4,432470974
6045.6,S,34,39857.70,5371.87,17763996.8,84893239.5,432470976
6046.6,S,34,39858.68,5371.89,17763996.8,84893239.9,432470981
6047.6,S,34,39859.53,5371.92,17763996.8,84893304.4,432471110
6048.6,S,34,39860.52,5371.94,17763996.8,84893304.6,432471114
6049.6,S,34,39861.50,5371.96,17763996.8,84893305.0,432471118
6050.6,S,34,39862.48,5371.97,17763996.8,84893305.2,432471121
6051.6,S,34,39863.41,5372.00,17763996.8,84893369.7,432471175
6052.6,S,34,39864.33,5372.07,17763996.8,84893382.0,432471193
6053.6,S,34,39865.31,5372.09,17763996.8,84893382.1,432471194
6054.6,S,34,39866.30,5372.11,17763996.8,84893382.6,432471196
6055.6,S,34,39867.22,5372.14,17763996.8,84893447.1,432471250
6056.6,S,34,39868.21,5372.15,17763996.8,84893447.3,432471253
6057.6,S,34,39869.20,5372.16,17763996.8,84893447.4,432471255
6058.6,S,34,39870.18,5372.18,17763996.8,84893447.7,432471259
6059.6,S,34,39871.11,5372.21,17763996.8,84893512.3,432471315
6060.6,S,34,39872.10,5372.22,17763996.8,84893512.6,432471316
6061.6,S,34,39873.08,5372.24,17763996.8,84893512.7,432471317
6062.6,S,34,39874.01,5372.27,17763996.8,84893577.3,432471376
6063.6,S,34,39874.97,5372.31,17763996.8,84893582.4,432471384
6064.6,S,34,39875.94,5372.33,17763996.8,84893582.7,432471389
6065.6,S,34,39876.93,5372.34,17763996.8,84893583.1,432471392
6066.6,S,34,39877.84,5372.36,17763996.8,84893647.7,432471479
6067.6,S,34,39878.83,5372.38,17763996.8,84893647.9,432471485
6068.6,S,34,39879.80,5372.40,17763996.8,84893648.2,432471496
6069.6,S,34,39880.78,5372.42,17763996.8,84893648.4,432471500
6070.6,S,34,39881.48,5372.44,17763996.8,84893713.1,432471791
6071.6,S,34,39882.47,5372.45,17763996.8,84893713.6,432471797
6072.6,S,34,39883.45,5372.47,17763996.8,84893713.8,432471797
6073.6,S,34,39884.21,5372.54,17763996.8,84893763.5,432471987
6074.6,S,34,39885.19,5372.56,17763996.8,84893763.6,432471989
6075.6,S,34,39886.18,5372.57,17763996.8,84893764.0,432471993
6076.6,S,34,39887.16,5372.59,17763996.8,84893764.1,432471994
6077.6,S,34,39887.89,5372.62,17763996.8,84893829.0,432472251
6078.6,S,34,39888.86,5372.64,17763996.8,84893829.0,432472253
6079.6,S,34,39889.84,5372.66,17763996.8,84893829.2,432472255
6080.6,S,34,39890.83,5372.68,17763996.8,84893829.3,432472261
6081.6,S,34,39891.58,5372.70,17763996.8,84893894.1,432472493
6082.6,S,34,39892.57,5372.72,17763996.8,84893894.6,432472496
6083.6,S,34,39893.55,5372.73,17763996.8,84893894.8,432472500
6084.6,S,34,39894.33,5372.76,17763996.8,84893959.2,432472713
6085.6,S,34,39895.31,5372.78,17763996.8,84893959.4,432472723
6086.6,S,34,39896.29,5372.79,17763996.8,84893959.5,432472725
6087.6,S,34,39897.07,5372.86,17763996.8,84894008.2,432472906
6088.6,S,34,39898.05,5372.87,17763996.8,84894008.6,432472907
6089.6,S,34,39899.04,5372.89,17763996.8,84894008.8,432472910
6090.6,S,34,39900.03,5372.90,17763996.8,84894008.8,432472912
6091.6,S,34,39900.77,5372.93,17763996.8,84894073.4,432473158
6092.7,S,34,39901.75,5372.94,17763996.8,84894073.5,432473160
6093.7,S,34,39902.74,5372.95,17763996.8,84894074.3,432473167
6094.7,S,34,39903.73,5372.96,17763996.8,84894074.4,432473167
6095.7,S,34,39904.47,5372.99,17763996.8,84894138.9,432473417
6096.7,S,34,39905.34,5373.01,17763996.8,84894163.5,432473539
6097.7,S,34,39906.29,5373.06,17763996.8,84894163.8,432473545
6098.7,S,34,39907.28,5373.07,17763996.8,84894164.2,432473547
6099.7,S,34,39908.26,5373.09,17763996.8,84894164.6,432473551
6100.7,S,34,39908.98,5373.11,17763996.8,84894229.0,432473822
6101.7,S,34,39909.97,5373.12,17763996.8,84894229.2,432473824
6102.7,S,34,39910.95,5373.14,17763996.8,84894229.3,432473824
6103.7,S,34,39911.94,5373.16,17763996.8,84894229.4,432473825
6104.7,S,34,39912.87,5373.18,17763996.8,84894294.3,432473881
6105.7,S,34,39913.86,5373.19,17763996.8,84894294.5,432473885
6106.7,S,34,39914.84,5373.21,17763996.8,84894294.6,432473887
6107.7,S,34,39915.74,5373.26,17763996.8,84894351.5,432473941
6108.7,S,34,39916.73,5373.27,17763996.8,84894351.7,432473943
6109.7,S,34,39917.72,5373.29,17763996.8,84894352.3,432473947
6110.7,S,34,39918.70,5373.31,17763996.8,84894352.6,432473949
6111.7,S,34,39919.63,5373.33,17763996.8,84894417.1,432474005
6112.7,S,34,39920.63,5373.34,17763996.8,84894444.9,432474042
6113.7,S,34,39921.61,5373.35,17763996.8,84894445.1,432474047
6114.7,S,34,39922.54,5373.39,17763996.8,84894510.2,432474107
6115.7,S,34,39923.52,5373.41,17763996.8,84894510.6,432474111
6116.7,S,34,39924.50,5373.42,17763996.8,84894510.7,432474113
6117.7,S,34,39925.49,5373.44,17763996.8,84894510.9,432474116
6118.7,S,34,39926.42,5373.47,17763996.8,84894575.3,432474170
6119.7,S,34,39927.41,5373.48,17763996.8,84894575.5,432474170
6120.7,S,34,39928.38,5373.50,17763996.8,84894575.8,432474172
6121.7,S,34,39929.20,5373.56,17763996.8,84894631.7,432474312
6122.7,S,41,39931.69,5373.59,17763996.8,84894631.9,432474315
6123.7,S,41,39939.58,5373.71,17763996.8,84894632.5,432474322
6124.7,S,41,39947.47,5373.83,17763996.8,84894632.7,432474328
6125.7,S,41,39955.36,5373.94,17763996.8,84894633.3,432474337
6126.7,S,41,39962.63,5374.10,17763996.8,84894792.7,432474933
6127.7,S,41,39966.26,5374.24,17763996.8,84895083.5,432475934
6128.7,S,41,39972.95,5374.37,17763996.8,84895188.6,432476412
6129.7,S,41,39980.85,5374.48,17763996.8,84895189.0,432476423
6130.7,S,41,39988.72,5374.60,17763996.8,84895197.3,432476449
6131.7,S,41,39994.08,5374.75,17763996.8,84895440.8,432477342
6132.7,S,41,40001.06,5374.89,17763996.8,84895647.4,432477874
6133.7,S,41,40008.91,5375.00,17763996.8,84895725.0,432477944
6134.7,S,41,40016.81,5375.11,17763996.8,84895725.5,432477949
6135.7,S,41,40024.65,5375.23,17763996.8,84895793.0,432478015
6136.7,S,41,40029.73,5375.38,17763996.8,84896103.1,432478891
6137.7,S,41,40036.98,5375.51,17763996.8,84896233.8,432479397
6138.7,S,41,40044.85,5375.64,17763996.8,84896234.1,432479401
6139.7,S,41,40051.51,5375.76,17763996.8,84896348.1,432479851
6140.7,S,41,40059.19,5375.89,17763996.8,84896401.7,432480056
6141.7,S,41,40064.82,5376.01,17763996.8,84896616.6,432480894
6142.7,S,41,40071.63,5376.13,17763996.8,84896752.2,432481443
6143.7,S,41,40079.51,5376.26,17763996.8,84896752.4,432481450
6144.7,S,41,40086.73,5376.40,17763996.8,84896994.5,432481842
6145.7,S,41,40094.59,5376.50,17763996.8,84897053.5,432481896
6146.7,S,41,40102.37,5376.62,17763996.8,84897191.6,432482029
6147.7,S,41,40110.02,5376.73,17763996.8,84897263.0,432482294
6148.7,S,41,40116.06,5376.86,17763996.8,84897407.7,432482847
6150.0,S,41,40123.04,5377.03,17763996.8,84897622.1,432483790
6151.0,S,41,40130.55,5377.14,17763996.8,84897720.2,432484192
6152.0,S,41,40137.76,5377.27,17763996.8,84897810.7,432484557
6153.0,S,41,40145.25,5377.39,17763996.8,84897915.4,432484981
6154.0,S,41,40150.84,5377.50,17763996.8,84898105.4,432485645
6155.0,S,41,40158.70,5377.62,17763996.8,84898152.7,432485685
6156.0,S,41,40166.49,5377.74,17763996.8,84898299.6,432485816
6157.0,S,41,40174.27,5377.88,17763996.8,84898417.9,432485928
6158.0,S,41,40180.78,5378.01,17763996.8,84898571.6,432486419
6159.0,S,41,40188.53,5378.12,17763996.8,84898612.5,432486569
6160.0,S,41,40194.92,5378.23,17763996.8,84898733.9,432487083
6161.0,S,41,40201.51,5378.37,17763996.8,84898883.3,432487611
6162.0,S,41,40209.04,5378.50,17763996.8,84898959.5,432487982
6163.0,S,41,40215.74,5378.62,17763996.8,84899082.8,432488434
6164.0,S,41,40222.08,5378.76,17763996.8,84899247.1,432489008
6165.0,S,41,40229.60,5378.89,17763996.8,84899340.9,432489389
6166.0,S,41,40237.42,5379.02,17763996.8,84899403.0,432489455
6167.0,S,41,40245.18,5379.16,17763996.8,84899566.0,432489595
6168.0,S,41,40252.65,5379.33,17763996.8,84899798.0,432489951
6169.0,S,41,40260.24,5379.44,17763996.8,84899890.5,432490263
6170.0,S,41,40267.89,5379.63,17763996.8,84899951.8,432490447
6171.0,S,40,40274.45,5379.74,17763996.8,84900044.5,432490686
6172.0,S,40,40280.26,5379.85,17763996.8,84900193.4,432491219
6173.0,S,40,40286.70,5379.97,17763996.8,84900320.7,432491701
6174.0,S,40,40293.18,5380.08,17763996.8,84900472.8,432492103
6175.0,S,36,40299.00,5380.20,17763996.8,84900623.8,432492236
6176.0,S,34,40299.76,5380.86,17763996.8,84900773.5,432492369
6177.0,S,34,40307.76,5382.25,17763996.8,84900774.0,432492373
6178.0,S,34,40316.53,5383.62,17763996.8,84900774.3,432492376
6179.0,S,34,40325.13,5385.02,17763996.8,84900776.1,432492381
6180.0,S,34,40333.94,5386.42,17763996.8,84900776.5,432492383
6181.0,S,34,40342.58,5387.92,17763996.8,84900841.0,432492503
6182.0,S,34,40351.40,5389.29,17763996.8,84900841.4,432492505
6183.0,S,38,40362.08,5390.80,17763996.8,84900865.8,432492575
6184.0,S,34,40371.20,5392.13,17763996.8,84900961.6,432492829
6185.0,S,34,40379.64,5393.53,17763996.8,84901026.5,432493008
6186.0,S,34,40388.45,5394.90,17763996.8,84901026.9,432493012
6187.0,S,34,40397.07,5396.23,17763996.8,84901027.5,432493021
6188.0,S,34,40405.69,5397.84,17763996.8,84901027.6,432493022
6189.0,S,34,40414.31,5399.30,17763996.8,84901079.6,432493154
6190.0,S,38,40424.31,5400.71,17763996.8,84901129.7,432493344
6191.0,S,34,40433.43,5402.20,17763996.8,84901226.0,432493696
6192.0,S,34,40442.20,5403.73,17763996.8,84901226.1,432493696
6193.0,S,34,40451.03,5405.14,17763996.8,84901257.5,432493775
6194.0,S,34,40459.70,5406.44,17763996.8,84901291.2,432493877
6195.0,S,34,40468.44,5407.71,17763996.8,84901291.5,432493879
6196.0,S,34,40476.08,5408.93,17763996.8,84901341.1,432494027
6197.0,S,38,40487.45,5410.46,17763996.8,84901367.9,432494135
6198.0,S,34,40495.21,5411.67,17763996.8,84901528.6,432494761
6199.0,S,34,40503.93,5413.04,17763996.8,84901528.9,432494770
6200.0,S,34,40512.62,5414.40,17763996.8,84901529.3,432494773
6201.0,S,34,40521.16,5415.72,17763996.8,84901562.5,432494891
6202.0,S,34,40529.96,5417.06,17763996.8,84901562.7,432494893
6203.0,S,34,40537.73,5418.27,17763996.8,84901599.1,432495023
6204.0,S,38,40546.96,5419.58,17763996.8,84901664.5,432495291
6205.0,S,34,40554.79,5420.78,17763996.8,84901824.9,432495924
6206.0,S,34,40563.49,5422.25,17763996.8,84901825.7,432495933
6207.0,S,34,40572.19,5423.63,17763996.8,84901825.9,432495935
6208.0,S,34,40580.93,5425.11,17763996.8,84901826.0,432495937
6209.0,S,34,40589.67,5426.52,17763996.8,84901826.5,432495939
6210.0,S,34,40598.48,5427.84,17763996.8,84901891.1,432496002
6211.1,S,38,40609.39,5429.46,17763996.8,84901994.2,432496098
6212.1,S,34,40618.29,5430.93,17763996.8,84902126.6,432496219
6213.1,S,34,40627.31,5432.22,17763996.8,84902127.0,432496221
6214.1,S,34,40636.09,5433.60,17763996.8,84902127.1,432496222
6215.1,S,34,40645.01,5435.01,17763996.8,84902127.8,432496226
6216.1,S,34,40653.64,5436.41,17763996.8,84902127.9,432496228
6217.1,S,34,40660.11,5437.37,17763996.8,84902295.0,432496565
6218.1,S,38,40672.09,5439.09,17763996.8,84902299.5,432496618
6219.1,S,34,40680.60,5440.52,17763996.8,84902392.1,432496895
6220.1,S,34,40689.39,5441.89,17763996.8,84902392.4,432496895
6221.1,S,34,40698.06,5443.23,17763996.8,84902457.1,432497074
6222.1,S,34,40706.95,5444.63,17763996.8,84902457.4,432497077
6223.1,S,34,40715.70,5446.10,17763996.8,84902457.7,432497077
6224.1,S,38,40722.68,5447.34,17763996.8,84902560.4,432497349
6225.1,S,38,40733.85,5448.95,17763996.8,84902623.3,432497522
6226.1,S,34,40741.44,5450.25,17763996.8,84902721.1,432497864
6227.1,S,34,40750.02,5451.61,17763996.8,84902744.9,432497951
6228.1,S,34,40758.64,5452.97,17763996.8,84902745.2,432497952
6229.1,S,34,40767.29,5454.37,17763996.8,84902745.8,432497960
6230.1,S,34,40775.89,5455.83,17763996.8,84902746.2,432497968
6231.1,S,34,40783.05,5456.98,17763996.8,84902784.9,432498180
6232.1,S,38,40791.34,5458.11,17763996.8,84902914.0,432498686
6233.1,S,34,40801.27,5459.63,17763996.8,84903010.1,432498774
6234.1,S,34,40809.96,5461.05,17763996.8,84903010.2,432498776
6235.1,S,34,40818.81,5462.38,17763996.8,84903010.8,432498782
6236.1,S,34,40827.63,5463.78,17763996.8,84903075.3,432498838
6237.1,S,34,40836.30,5465.23,17763996.8,84903076.0,432498842
6238.1,S,34,40844.45,5466.73,17763996.8,84903157.9,432498922
6239.1,S,38,40856.39,5468.29,17763996.8,84903205.8,432498964
6240.1,S,34,40865.45,5469.64,17763996.8,84903302.1,432499069
6241.1,S,34,40874.29,5471.11,17763996.8,84903302.3,432499070
6242.1,S,34,40882.88,5472.56,17763996.8,84903363.2,432499297
6243.1,S,34,40891.61,5473.90,17763996.8,84903367.4,432499328
6244.1,S,34,40900.17,5475.37,17763996.8,84903367.6,432499330
6245.1,S,38,40905.99,5476.38,17763996.8,84903470.6,432499704
6246.1,S,38,40918.48,5478.04,17763996.8,84903485.9,432499752
6247.1,S,34,40924.77,5479.14,17763996.8,84903631.5,432500388
6248.1,S,34,40933.52,5480.62,17763996.8,84903632.2,432500392
6249.1,S,34,40942.22,5482.18,17763996.8,84903632.2,432500392
6250.1,S,34,40950.69,5483.56,17763996.8,84903632.4,432500394
6251.1,S,34,40959.38,5484.86,17763996.8,84903660.0,432500480
6252.1,S,34,40967.93,5486.14,17763996.8,84903697.5,432500668
6253.1,S,38,40974.52,5487.11,17763996.8,84903812.6,432501133
6254.1,S,34,40984.08,5488.57,17763996.8,84903908.6,432501561
6255.1,S,34,40992.90,5490.05,17763996.8,84903909.1,432501572
6256.1,S,34,41001.63,5491.58,17763996.8,84903909.7,432501584
6257.1,S,34,41010.20,5493.06,17763996.8,84903942.2,432501702
6258.1,S,34,41018.76,5494.51,17763996.8,84903975.2,432501829
6259.1,S,34,41027.67,5495.89,17763996.8,84903975.8,432501838
6260.1,S,38,41034.75,5496.88,17763996.8,84904078.8,432502276
6261.1,S,34,41043.78,5498.24,17763996.8,84904174.8,432502677
6262.1,S,34,41052.41,5499.79,17763996.8,84904239.6,432502734
6263.1,S,34,41060.94,5501.31,17763996.8,84904258.0,432502751
6264.1,S,34,41069.59,5502.74,17763996.8,84904259.3,432502756
6265.1,S,34,41078.22,5504.16,17763996.8,84904259.4,432502757
6266.1,S,34,41087.04,5505.66,17763996.8,84904259.7,432502758
6267.1,S,38,41097.15,5507.03,17763996.8,84904362.1,432502854
6268.1,S,34,41107.14,5508.57,17763996.8,84904522.4,432502997
6269.1,S,34,41115.83,5509.97,17763996.8,84904522.8,432502999
6270.1,S,34,41124.44,5511.52,17763996.8,84904523.2,432503002
6271.1,S,34,41133.20,5512.82,17763996.8,84904523.4,432503003
6272.1,S,34,41141.50,5514.29,17763996.8,84904588.1,432503159
6273.1,S,34,41150.45,5515.67,17763996.8,84904588.3,432503161
6274.1,S,38,41158.80,5516.92,17763996.8,84904691.0,432503460
6275.1,S,34,41168.57,5518.33,17763996.8,84904787.5,432503724
6276.1,S,34,41177.51,5519.73,17763996.8,84904787.9,432503727
6277.1,S,34,41185.91,5521.21,17763996.8,84904852.6,432503926
6278.1,S,34,41194.51,5522.69,17763996.8,84904865.6,432503965
6279.1,S,34,41203.22,5524.11,17763996.8,84904865.7,432503967
6280.1,S,34,41211.77,5525.43,17763996.8,84904866.2,432503969
6281.1,S,38,41218.13,5526.38,17763996.8,84904969.5,432504421
6282.1,S,35,41227.30,5527.80,17763996.8,84905111.6,432504953
6283.1,S,34,41236.00,5529.24,17763996.8,84905130.3,432505029
6284.1,S,34,41244.74,5530.63,17763996.8,84905130.4,432505029
6285.1,S,34,41253.52,5532.05,17763996.8,84905131.0,432505034
6286.1,S,34,41262.17,5533.54,17763996.8,84905131.2,432505036
6287.1,S,34,41270.50,5534.93,17763996.8,84905196.0,432505298
6288.1,S,38,41279.16,5536.44,17763996.8,84905298.9,432505417
6289.1,S,34,41289.41,5537.86,17763996.8,84905394.9,432505507
6290.1,S,34,41293.57,5538.53,17763996.8,84905395.3,432505512
6291.1,S,34,41297.68,5539.22,17763996.8,84905460.2,432505571
6292.1,S,34,41301.77,5539.94,17763996.8,84905460.5,432505572
6293.1,S,34,41306.32,5540.80,17763996.8,84905479.7,432505595
6294.1,S,34,41311.08,5541.56,17763996.8,84905479.8,432505596
6295.1,S,34,41315.83,5542.27,17763996.8,84905480.1,432505598
6296.1,S,34,41320.56,5543.03,17763996.8,84905480.5,432505598
6297.1,S,34,41325.24,5543.79,17763996.8,84905545.3,432505655
6298.1,S,34,41329.93,5544.57,17763996.8,84905637.5,432505884
6299.1,S,34,41334.60,5545.33,17763996.8,84905637.7,432505885
6300.1,S,34,41339.29,5546.14,17763996.8,84905637.8,432505886
6301.1,S,34,41343.99,5547.02,17763996.8,84905702.5,432506115
6302.1,S,34,41348.68,5547.76,17763996.8,84905703.0,432506117
6303.1,S,34,41353.34,5548.58,17763996.8,84905703.2,432506118
6304.1,S,34,41357.99,5549.39,17763996.8,84905703.6,432506118
6305.1,S,34,41362.82,5550.19,17763996.8,84905703.8,432506122
6306.1,S,38,41368.67,5550.87,17763996.8,84905784.1,432506506
6307.1,S,34,41375.66,5551.72,17763996.8,84905880.4,432506749
6308.1,S,34,41379.78,5552.41,17763996.8,84905880.6,432506751
6309.1,S,34,41383.85,5553.00,17763996.8,84905961.0,432506823
6310.1,S,34,41387.97,5553.69,17763996.8,84905961.5,432506826
6311.1,S,34,41392.09,5554.39,17763996.8,84906026.2,432506891
6312.1,S,34,41396.19,5555.05,17763996.8,84906026.3,432506892
6313.1,S,34,41400.31,5555.72,17763996.8,84906026.8,432506898
6314.1,S,34,41404.39,5556.37,17763996.8,84906087.0,432506951
6315.1,S,34,41408.49,5557.07,17763996.8,84906151.7,432507008
6316.1,S,34,41412.84,5557.70,17763996.8,84906152.1,432507015
6317.1,S,34,41417.05,5558.50,17763996.8,84906176.8,432507044
6318.1,S,34,41421.76,5559.20,17763996.8,84906177.3,432507046
6319.1,S,34,41426.48,5560.02,17763996.8,84906218.0,432507082
6320.1,S,34,41431.25,5560.80,17763996.8,84906218.3,432507085
6321.1,S,34,41436.32,5561.63,17763996.8,84906218.4,432507087
6322.1,S,34,41441.00,5562.44,17763996.8,84906241.7,432507146
6323.1,S,34,41445.71,5563.26,17763996.8,84906283.5,432507307
6324.1,S,34,41450.26,5564.11,17763996.8,84906284.2,432507310
6325.1,S,34,41454.89,5564.89,17763996.8,84906284.4,432507312
6326.1,S,34,41459.57,5565.67,17763996.8,84906284.6,432507321
6327.1,S,38,41464.70,5566.40,17763996.8,84906371.5,432507681
6328.1,S,36,41471.85,5567.11,17763996.8,84906440.5,432507952
6329.1,S,34,41473.28,5567.21,17763996.8,84906467.9,432508059
6330.2,S,34,41474.26,5567.23,17763996.8,84906468.1,432508062
6331.2,S,34,41475.00,5567.25,17763996.8,84906532.5,432508318
6332.2,S,34,41475.99,5567.26,17763996.8,84906532.7,432508328
6333.2,S,34,41476.84,5567.29,17763996.8,84906569.4,432508450
6334.2,S,34,41477.77,5567.36,17763996.8,84906569.9,432508456
6335.2,S,34,41478.76,5567.37,17763996.8,84906570.6,432508465
6336.2,S,34,41479.75,5567.39,17763996.8,84906570.8,432508469
6337.2,S,34,41480.52,5567.42,17763996.8,84906635.2,432508685
6338.2,S,34,41481.50,5567.44,17763996.8,84906635.5,432508693
6339.2,S,34,41482.49,5567.44,17763996.8,84906663.1,432508776
6340.2,S,34,41483.47,5567.46,17763996.8,84906663.3,432508780
6341.2,S,34,41484.25,5567.49,17763996.8,84906727.9,432508991
6342.2,S,34,41485.24,5567.50,17763996.8,84906728.1,432508992
6343.2,S,34,41486.23,5567.51,17763996.8,84906728.2,432508994
6344.2,S,34,41486.97,5567.58,17763996.8,84906786.6,432509207
6345.2,S,34,41487.95,5567.59,17763996.8,84906801.4,432509250
6346.2,S,34,41488.94,5567.61,17763996.8,84906801.5,432509254
6347.2,S,34,41489.92,5567.63,17763996.8,84906801.9,432509258
6348.2,S,34,41490.68,5567.65,17763996.8,84906866.4,432509485
6349.2,S,34,41491.66,5567.67,17763996.8,84906866.5,432509487
6350.2,S,34,41492.65,5567.68,17763996.8,84906879.4,432509530
6351.2,S,34,41493.64,5567.69,17763996.8,84906879.7,432509531
6352.2,S,34,41494.42,5567.71,17763996.8,84906944.5,432509749
6353.2,S,34,41495.40,5567.73,17763996.8,84906944.6,432509753
6354.2,S,34,41496.39,5567.75,17763996.8,84906944.8,432509754
6355.2,S,34,41497.19,5567.80,17763996.8,84906992.3,432509921
6356.2,S,34,41498.17,5567.82,17763996.8,84906992.3,432509921
6357.2,S,34,41499.15,5567.84,17763996.8,84906992.7,432509921
6358.2,S,34,41500.03,5567.86,17763996.8,84907017.6,432510033
6359.2,S,34,41500.88,5567.88,17763996.8,84907057.7,432510185
6360.2,S,34,41501.86,5567.89,17763996.8,84907059.6,432510191
6361.2,S,34,41502.84,5567.91,17763996.8,84907059.7,432510192
6362.2,S,34,41503.58,5567.94,17763996.8,84907124.2,432510439
6363.2,S,34,41504.57,5567.96,17763996.8,84907124.9,432510442
6364.2,S,34,41505.54,5567.98,17763996.8,84907125.0,432510446
6365.2,S,34,41506.54,5567.99,17763996.8,84907125.2,432510452
6366.2,S,34,41507.42,5568.01,17763996.8,84907189.8,432510561
6367.2,S,34,41508.40,5568.03,17763996.8,84907189.9,432510563
6368.2,S,34,41509.39,5568.05,17763996.8,84907190.1,432510565
6369.2,S,34,41510.31,5568.09,17763996.8,84907249.9,432510619
6370.2,S,34,41511.27,5568.13,17763996.8,84907250.1,432510622
6371.2,S,34,41512.25,5568.15,17763996.8,84907250.2,432510624
6372.2,S,34,41513.23,5568.17,17763996.8,84907250.4,432510628
6373.2,S,34,41514.17,5568.19,17763996.8,84907314.8,432510683
6374.2,S,34,41515.15,5568.21,17763996.8,84907315.3,432510689
6375.2,S,34,41516.13,5568.23,17763996.8,84907315.7,432510689
6376.2,S,34,41517.11,5568.25,17763996.8,84907315.8,432510692
6377.2,S,34,41518.04,5568.27,17763996.8,84907380.4,432510754
6378.2,S,34,41519.03,5568.29,17763996.8,84907380.6,432510758
6379.2,S,34,41520.02,5568.30,17763996.8,84907381.0,432510758
6380.2,S,34,41520.91,5568.36,17763996.8,84907444.2,432510821
6381.2,S,34,41521.89,5568.37,17763996.8,84907444.5,432510824
6382.2,S,34,41522.88,5568.39,17763999.6,84907476.9,432510940
6383.2,S,34,41523.87,5568.40,17764001.4,84907477.0,432510951
6384.2,S,34,41524.69,5568.43,17764001.8,84907542.8,432511148
6385.2,S,34,41525.68,5568.44,17764001.8,84907546.8,432511184
6386.2,S,34,41526.67,5568.45,17764001.8,84907547.0,432511194
6387.2,S,34,41527.65,5568.47,17764001.8,84907547.1,432511195
6388.2,S,34,41528.34,5568.49,17764001.8,84907609.6,432511488
6389.2,S,34,41529.33,5568.51,17764001.8,84907609.8,432511490
6390.2,S,34,41530.31,5568.53,17764001.8,84907610.5,432511500
6391.2,S,34,41531.07,5568.59,17764001.8,84907661.7,432511687
6392.2,S,34,41532.06,5568.60,17764001.8,84907661.9,432511689
6393.2,S,34,41533.05,5568.61,17764001.8,84907662.0,432511691
6394.2,S,34,41534.04,5568.63,17764001.8,84907662.2,432511698
6395.2,S,34,41534.76,5568.65,17764001.8,84907727.2,432511964
6396.2,S,34,41535.75,5568.66,17764001.8,84907727.7,432511965
6397.2,S,34,41536.74,5568.68,17764001.8,84907727.8,432511969
6398.2,S,34,41537.72,5568.69,17764001.8,84907727.9,432511973
6399.2,S,34,41538.48,5568.71,17764001.8,84907792.4,432512210
6400.2,S,34,41539.46,5568.73,17764001.8,84907792.8,432512210
6401.2,S,34,41540.44,5568.75,17764001.8,84907792.9,432512216
6402.2,S,34,41541.25,5568.77,17764001.8,84907852.2,432512402
6403.2,S,34,41542.19,5568.82,17764001.8,84907852.5,432512413
6404.2,S,34,41543.18,5568.83,17764001.8,84907852.6,432512420
6405.2,S,34,41544.16,5568.85,17764001.8,84907852.7,432512421
6406.2,S,34,41544.93,5568.88,17764001.8,84907917.5,432512633
6407.2,S,34,41545.92,5568.89,17764001.8,84907917.6,432512634
6408.2,S,34,41546.91,5568.90,17764001.8,84907918.0,432512641
6409.2,S,34,41547.90,5568.91,17764001.8,84907918.1,432512645
6410.2,S,34,41548.68,5568.94,17764001.8,84907982.6,432512853
6411.2,S,34,41549.67,5568.96,17764001.8,84907983.0,432512855
6412.2,S,34,41550.65,5568.97,17764001.8,84907983.2,432512861
6413.2,S,34,41551.64,5568.98,17764001.8,84907983.2,432512861
6414.2,S,34,41552.43,5569.01,17764001.8,84908048.1,432513064
6415.2,S,34,41553.41,5569.03,17764001.8,84908048.1,432513066
6416.2,S,34,41554.40,5569.04,17764001.8,84908048.3,432513067
6417.2,S,34,41555.08,5569.11,17764001.8,84908105.7,432513330
6418.2,S,34,41556.06,5569.13,17764001.8,84908106.0,432513338
6419.2,S,34,41557.04,5569.15,17764001.8,84908106.1,432513339
6420.2,S,34,41558.02,5569.17,17764001.8,84908106.5,432513340
6421.2,S,34,41558.67,5569.19,17764001.8,84908171.0,432513679
6422.2,S,34,41559.66,5569.21,17764001.8,84908171.4,432513683
6423.2,S,34,41560.64,5569.23,17764001.8,84908171.5,432513689
6424.2,S,34,41561.63,5569.24,17764001.8,84908171.7,432513690
6425.2,S,34,41562.39,5569.27,17764001.8,84908236.3,432513910
6426.2,S,34,41563.38,5569.28,17764001.8,84908236.7,432513918
6427.2,S,34,41564.37,5569.29,17764001.8,84908237.3,432513921
6428.2,S,34,41565.35,5569.31,17764001.8,84908237.3,432513921
6429.2,S,34,41566.12,5569.34,17764001.8,84908301.8,432514139
6430.2,S,34,41567.10,5569.36,17764001.8,84908302.0,432514142
6431.2,S,34,41568.09,5569.38,17764001.8,84908302.1,432514144
6432.2,S,34,41568.93,5569.40,17764001.8,84908344.5,432514288
6433.3,S,34,41569.80,5569.47,17764001.8,84908373.6,432514476
6434.3,S,34,41570.78,5569.49,17764001.8,84908373.9,432514477
6435.3,S,34,41571.75,5569.52,17764001.8,84908374.0,432514479
6436.3,S,34,41572.74,5569.53,17764001.8,84908374.1,432514489
6437.3,S,34,41573.47,5569.58,17764001.8,84908449.9,432514719
6438.3,S,34,41574.45,5569.59,17764001.8,84908478.5,432514754
6439.4,S,34,41575.44,5569.61,17764001.8,84908478.6,432514756
6440.4,S,34,41576.42,5569.63,17764001.8,84908478.7,432514760
6441.4,S,34,41577.35,5569.65,17764001.8,84908543.2,432514819
6442.4,S,34,41578.33,5569.67,17764001.8,84908543.4,432514821
6443.4,S,34,41579.31,5569.69,17764001.8,84908544.1,432514828
6444.4,S,34,41580.24,5569.72,17764001.8,84908608.6,432514883
6445.4,S,34,41581.23,5569.73,17764001.8,84908608.9,432514888
6446.4,S,34,41582.21,5569.74,17764001.8,84908609.1,432514892
6447.4,S,34,41583.20,5569.76,17764001.8,84908609.3,432514894
6448.4,S,34,41584.13,5569.78,17764001.8,84908673.9,432514949
6449.4,S,34,41585.12,5569.80,17764001.8,84908674.4,432514953
6450.4,S,34,41586.10,5569.82,17764001.8,84908674.6,432514957
6451.4,S,34,41587.08,5569.83,17764001.8,84908674.8,432514959
6452.4,S,34,41587.97,5569.90,17764001.8,84908737.5,432515013
6453.4,S,34,41588.95,5569.92,17764001.8,84908737.8,432515016
6454.4,S,34,41589.94,5569.93,17764001.8,84908738.3,432515016
6455.4,S,34,41590.85,5569.96,17764001.8,84908802.9,432515094
6456.4,S,34,41591.83,5569.98,17764001.8,84908803.3,432515095
6457.4,S,34,41592.81,5569.99,17764001.8,84908803.4,432515099
6458.4,S,34,41593.79,5570.01,17764001.8,84908803.5,432515105
6459.4,S,34,41594.59,5570.03,17764001.8,84908868.1,432515308
6460.4,S,34,41595.58,5570.04,17764001.8,84908868.4,432515311
6461.4,S,34,41596.56,5570.06,17764001.8,84908868.6,432515314
6462.4,S,34,41597.55,5570.07,17764001.8,84908868.8,432515320
6463.4,S,34,41598.28,5570.09,17764001.8,84908933.4,432515581
6464.4,S,34,41599.26,5570.11,17764001.8,84908933.5,432515583
6465.4,S,34,41600.25,5570.12,17764001.8,84908933.6,432515585
6466.4,S,34,41601.13,5570.14,17764001.8,84908978.5,432515705
6467.4,S,34,41602.05,5570.16,17764001.8,84908998.5,432515770
6468.4,S,34,41602.92,5570.18,17764001.8,84909030.9,432515886
6469.4,S,34,41603.86,5570.24,17764001.8,84909031.2,432515893
6470.4,S,34,41604.84,5570.26,17764001.8,84909031.4,432515895
6471.4,S,34,41605.82,5570.28,17764001.8,84909031.9,432515899
6472.4,S,34,41606.61,5570.31,17764001.8,84909096.4,432516096
6473.4,S,34,41607.59,5570.33,17764001.8,84909096.6,432516106
6474.4,S,34,41608.57,5570.35,17764001.8,84909097.0,432516107
6475.4,S,34,41609.56,5570.37,17764001.8,84909097.1,432516112
6476.4,S,34,41610.37,5570.40,17764001.8,84909162.2,432516284
6477.4,S,34,41611.36,5570.41,17764001.8,84909162.3,432516286
6478.4,S,34,41612.35,5570.42,17764001.8,84909162.5,432516290
6479.4,S,34,41613.34,5570.43,17764001.9,84909162.9,432516304
6480.4,S,34,41614.13,5570.46,17764001.9,84909227.6,432516505
6481.4,S,34,41615.11,5570.47,17764001.9,84909227.7,432516507
6482.4,S,34,41616.10,5570.48,17764001.9,84909227.9,432516511
6483.4,S,34,41616.94,5570.51,17764001.9,84909292.7,432516651
6484.4,S,34,41617.81,5570.58,17764001.9,84909307.3,432516719
6485.4,S,34,41618.80,5570.60,17764001.9,84909307.4,432516721
6486.4,S,34,41619.78,5570.61,17764001.9,84909308.6,432516738
6487.4,S,34,41620.77,5570.63,17764001.9,84909308.8,432516741
6488.4,S,34,41621.60,5570.65,17764001.9,84909373.8,432516901
6489.4,S,34,41622.58,5570.66,17764001.9,84909373.8,432516902
6490.4,S,34,41623.57,5570.67,17764001.9,84909374.0,432516905
6491.4,S,34,41624.55,5570.69,17764001.9,84909374.1,432516907
6492.4,S,34,41625.37,5570.71,17764001.9,84909438.9,432517079
6493.4,S,34,41626.36,5570.73,17764001.9,84909439.2,432517081
6494.4,S,34,41627.35,5570.73,17764001.9,84909439.4,432517097
6495.4,S,34,41628.17,5570.76,17764001.9,84909492.9,432517274
6496.4,S,34,41629.05,5570.80,17764001.9,84909511.9,432517350
6497.4,S,41,41631.90,5570.84,17764002.0,84909512.8,432517367
6498.4,S,41,41639.78,5570.97,17764002.0,84909513.4,432517371
6499.4,S,41,41647.67,5571.08,17764002.0,84909513.6,432517375
6500.4,S,41,41655.48,5571.20,17764002.0,84909559.2,432517457
6501.4,S,41,41662.28,5571.37,17764002.0,84909964.2,432517933
6502.4,S,41,41669.53,5571.48,17764002.0,84910010.0,432518139
6503.4,S,41,41677.42,5571.60,17764002.0,84910010.2,432518145
6504.4,S,41,41685.00,5571.71,17764002.0,84910068.0,432518323
6505.4,S,41,41690.38,5571.86,17764002.0,84910328.9,432519268
6506.4,S,41,41696.07,5571.97,17764002.0,84910490.1,432519923
6507.4,S,41,41703.96,5572.09,17764002.0,84910490.4,432519927
6508.4,S,41,41711.79,5572.21,17764002.0,84910508.0,432519985
6509.4,S,41,41719.10,5572.35,17764002.0,84910721.8,432520299
6510.4,S,41,41726.68,5572.51,17764002.0,84910952.4,432520616
6511.4,S,41,41734.34,5572.63,17764002.0,84911015.5,432520846
6512.4,S,41,41742.22,5572.76,17764002.0,84911015.6,432520848
6513.4,S,41,41747.81,5572.87,17764002.0,84911187.4,432521580
6514.4,S,41,41754.35,5573.01,17764002.0,84911391.1,432522442
6515.4,S,41,41761.62,5573.16,17764002.0,84911536.7,432523014
6516.4,S,41,41769.51,5573.28,17764002.0,84911537.3,432523022
6517.4,S,41,41777.18,5573.41,17764002.0,84911599.8,432523230
6518.4,S,41,41782.89,5573.55,17764002.0,84911763.7,432523965
6519.4,S,41,41790.13,5573.71,17764002.0,84911998.5,432524206
6520.4,S,41,41797.95,5573.85,17764002.0,84912070.4,432524269
6521.4,S,41,41805.78,5573.99,17764002.0,84912122.7,432524314
6522.4,S,41,41813.36,5574.14,17764002.0,84912202.7,432524522
6523.4,S,41,41817.79,5574.24,17764002.0,84912430.1,432525480
6524.4,S,41,41824.19,5574.40,17764002.0,84912579.1,432526055
6525.4,S,41,41831.75,5574.53,17764002.0,84912639.7,432526395
6526.4,S,41,41839.43,5574.65,17764002.0,84912696.8,432526616
6527.4,S,41,41845.17,5574.79,17764002.0,84912875.0,432527231
6528.4,S,41,41852.25,5574.92,17764002.0,84912985.7,432527715
6529.4,S,41,41859.09,5575.04,17764002.0,84913092.2,432528110
6530.4,S,41,41866.41,5575.18,17764002.0,84913193.0,432528534
6531.4,S,41,41873.91,5575.31,17764002.0,84913305.2,432528945
6532.4,S,41,41881.64,5575.45,17764002.0,84913488.6,432529117
6533.4,S,41,41889.43,5575.58,17764002.0,84913605.4,432529219
6534.4,S,41,41897.28,5575.70,17764002.0,84913666.6,432529272
6535.4,S,41,41904.15,5575.84,17764002.0,84913800.4,432529744
6536.4,S,41,41910.76,5575.99,17764002.0,84913944.9,432530266
6537.4,S,41,41917.86,5576.10,17764002.0,84914048.2,432530678
6538.4,S,41,41925.28,5576.24,17764002.0,84914186.5,432531151
6539.4,S,41,41932.81,5576.39,17764002.0,84914297.2,432531508
6540.4,S,41,41940.47,5576.51,17764002.0,84914360.2,432531748
6541.4,S,41,41948.07,5576.71,17764002.0,84914576.8,432531933
6542.4,S,41,41955.84,5576.87,17764002.0,84914679.0,432532022
6543.4,S,41,41963.32,5577.03,17764002.0,84914814.1,432532415
6544.4,S,40,41970.91,5577.16,17764002.0,84914866.3,432532598
6545.4,S,40,41976.80,5577.26,17764002.0,84914984.5,432533007
6546.4,S,40,41982.36,5577.38,17764002.0,84915133.3,432533545
6547.4,S,40,41986.86,5577.49,17764002.0,84915315.6,432534239
6548.4,S,40,41993.56,5577.61,17764002.0,84915379.7,432534435
6549.4,S,37,41998.75,5577.71,17764002.0,84915540.1,432534575
6550.4,S,34,42000.01,5578.23,17764002.0,84915677.2,432534704
6551.4,S,34,42005.83,5579.50,17764002.0,84915679.3,432534710
6552.4,S,34,42014.48,5580.90,17764002.0,84915679.5,432534712
6553.4,S,34,42023.19,5582.26,17764002.0,84915680.0,432534716
6554.4,S,34,42031.89,5583.75,17764002.0,84915680.2,432534718
6555.4,S,34,42040.45,5585.30,17764002.0,84915745.0,432534801
6556.5,S,34,42049.02,5586.73,17764002.0,84915745.3,432534810
6557.5,S,38,42056.23,5587.92,17764002.0,84915801.0,432535026
6558.5,S,38,42067.53,5589.40,17764002.0,84915846.5,432535190
6559.5,S,34,42075.82,5590.86,17764002.0,84915897.4,432535391
6560.5,S,34,42084.53,5592.25,17764002.0,84915897.7,432535393
6561.5,S,34,42093.22,5593.66,17764002.0,84915897.9,432535402
6562.5,S,34,42101.79,5595.08,17764002.0,84915962.8,432535651
6563.5,S,34,42110.56,5596.49,17764002.0,84915963.1,432535652
6564.5,S,34,42117.19,5597.52,17764002.0,84916004.3,432535930
6565.5,S,38,42129.12,5599.08,17764002.0,84916016.8,432535979
6566.5,S,34,42136.09,5600.30,17764002.0,84916109.6,432536352
6567.5,S,34,42144.46,5601.75,17764002.0,84916174.6,432536599
6568.5,S,34,42153.21,5603.01,17764002.0,84916174.9,432536607
6569.5,S,34,42161.84,5604.48,17764002.0,84916208.1,432536746
6570.5,S,34,42170.37,5605.84,17764002.0,84916208.5,432536748
6571.5,S,34,42179.05,5607.06,17764002.0,84916209.1,432536757
6572.5,S,38,42186.62,5608.13,17764002.0,84916284.7,432537116
6573.5,S,34,42196.52,5609.53,17764002.0,84916381.0,432537482
6574.5,S,34,42205.08,5610.99,17764002.0,84916445.8,432537711
6575.5,S,34,42213.71,5612.36,17764002.0,84916446.1,432537719
6576.5,S,34,42222.31,5613.79,17764002.0,84916446.2,432537719
6577.5,S,34,42231.02,5615.14,17764002.0,84916446.8,432537729
6578.5,S,34,42239.32,5616.68,17764002.0,84916511.4,432538066
6579.5,S,38,42246.20,5617.70,17764002.0,84916622.5,432538393
6580.5,S,34,42257.42,5619.34,17764002.0,84916719.0,432538481
6581.5,S,34,42266.28,5620.75,17764002.0,84916719.2,432538485
6582.5,S,34,42274.90,5622.15,17764002.0,84916719.5,432538487
6583.5,S,34,42283.66,5623.58,17764002.0,84916719.7,432538490
6584.5,S,34,42292.44,5624.97,17764002.0,84916784.7,432538547
6585.5,S,34,42301.17,5626.48,17764002.0,84916784.9,432538549
6586.5,S,38,42311.40,5627.97,17764002.0,84916887.5,432538637
6587.5,S,34,42321.64,5629.55,17764002.0,84916983.6,432538812
6588.5,S,34,42329.85,5631.18,17764002.0,84917048.2,432539177
6589.5,S,34,42338.42,5632.67,17764002.0,84917048.5,432539180
6590.5,S,34,42347.11,5634.02,17764002.0,84917048.8,432539186
6591.5,S,34,42355.82,5635.42,17764002.0,84917049.1,432539189
6592.5,S,34,42364.60,5636.77,17764002.0,84917049.5,432539192
6593.5,S,38,42369.32,5637.43,17764002.0,84917216.6,432539826
6594.5,S,38,42379.30,5638.97,17764002.0,84917312.1,432540215
6595.5,S,34,42388.12,5640.35,17764002.0,84917336.2,432540302
6596.5,S,34,42396.87,5641.76,17764002.0,84917337.0,432540312
6597.5,S,34,42405.66,5643.21,17764002.0,84917337.2,432540314
6598.5,S,34,42414.42,5644.54,17764002.0,84917337.6,432540318
6599.5,S,34,42422.93,5646.09,17764002.0,84917402.2,432540586
6600.5,S,38,42429.98,5647.07,17764002.0,84917505.2,432540987
6601.5,S,34,42440.99,5648.54,17764002.0,84917601.2,432541130
6602.5,S,34,42449.96,5650.04,17764002.0,84917601.6,432541132
6603.5,S,34,42458.74,5651.46,17764002.0,84917602.1,432541132
6604.5,S,34,42467.40,5652.95,17764002.0,84917666.7,432541198
6605.5,S,34,42476.02,5654.47,17764002.0,84917667.1,432541202
6606.5,S,34,42484.46,5656.00,17764002.0,84917701.4,432541237
6607.5,S,38,42495.32,5657.46,17764002.0,84917804.3,432541327
6608.5,S,34,42504.27,5659.01,17764002.0,84917928.9,432541516
6609.5,S,34,42512.95,5660.31,17764002.0,84917929.8,432541524
6610.5,S,34,42521.42,5661.76,17764002.0,84917994.4,432541791
6611.5,S,34,42530.24,5663.21,17764002.0,84917994.5,432541801
6612.5,S,34,42539.05,5664.61,17764002.0,84917994.8,432541808
6613.5,S,34,42547.14,5665.93,17764002.0,84918020.9,432541910
6614.5,S,38,42556.14,5667.07,17764002.0,84918098.2,432542210
6615.5,S,35,42561.98,5668.03,17764002.0,84918253.5,432542903
6616.5,S,34,42570.79,5669.43,17764002.0,84918285.3,432543029
6617.5,S,34,42579.52,5670.96,17764002.0,84918285.5,432543032
6618.5,S,34,42588.34,5672.38,17764002.0,84918285.8,432543040
6619.5,S,34,42596.95,5673.77,17764002.0,84918286.2,432543044
6620.5,S,34,42605.69,5675.12,17764002.0,84918351.2,432543272
6621.5,S,38,42612.91,5676.24,17764002.0,84918454.1,432543648
6622.5,S,38,42622.13,5677.56,17764002.0,84918568.4,432544160
6623.5,S,34,42630.82,5679.06,17764002.0,84918577.2,432544221
6624.5,S,34,42639.67,5680.52,17764002.0,84918577.9,432544225
6625.5,S,34,42648.32,5681.88,17764002.0,84918578.0,432544231
6626.5,S,34,42657.07,5683.26,17764002.0,84918643.0,432544445
6627.5,S,34,42665.90,5684.66,17764002.0,84918643.5,432544454
6628.5,S,38,42672.54,5685.60,17764002.0,84918746.4,432544865
6629.5,S,34,42683.04,5687.01,17764002.0,84918842.4,432545112
6630.5,S,34,42691.71,5688.34,17764002.0,84918842.8,432545114
6631.5,S,34,42700.42,5689.81,17764002.0,84918907.8,432545172
6632.5,S,34,42709.05,5691.17,17764002.0,84918907.9,432545176
6633.5,S,34,42717.86,5692.66,17764002.0,84918908.2,432545180
6634.5,S,34,42726.59,5694.15,17764002.0,84918908.3,432545182
6635.5,S,38,42737.11,5695.66,17764002.0,84919075.5,432545329
6636.5,S,34,42746.87,5697.18,17764002.0,84919191.7,432545467
6637.5,S,34,42755.67,5698.52,17764002.0,84919192.6,432545474
6638.5,S,34,42764.36,5699.97,17764002.0,84919192.7,432545476
6639.5,S,34,42773.12,5701.25,17764002.0,84919193.0,432545477
6640.5,S,34,42781.88,5702.58,17764002.0,84919193.3,432545485
6641.5,S,34,42790.17,5704.04,17764002.0,84919264.5,432545721
6642.5,S,38,42796.98,5704.88,17764002.0,84919361.2,432546218
6643.5,S,34,42806.63,5706.27,17764002.0,84919457.3,432546560
6644.5,S,34,42815.46,5707.62,17764002.0,84919457.5,432546563
6645.5,S,34,42824.04,5709.07,17764002.0,84919522.0,432546771
6646.5,S,34,42832.59,5710.55,17764002.0,84919527.6,432546791
6647.5,S,34,42841.16,5712.11,17764002.0,84919528.1,432546791
6648.5,S,34,42849.98,5713.49,17764002.0,84919528.4,432546794
6649.5,S,38,42857.61,5714.66,17764002.0,84919631.5,432547149
6650.5,S,37,42866.62,5716.04,17764002.0,84919791.6,432547805
6651.5,S,34,42875.19,5717.54,17764002.0,84919791.9,432547835
6652.5,S,34,42883.95,5718.88,17764002.0,84919792.2,432547835
6653.5,S,34,42892.60,5720.33,17764002.1,84919792.5,432547839
6654.5,S,34,42901.20,5721.79,17764002.1,84919807.1,432547891
6655.5,S,34,42909.51,5723.15,17764002.1,84919858.0,432548093
6656.5,S,38,42916.11,5724.11,17764002.1,84919961.0,432548471
6657.5,S,38,42926.58,5725.63,17764002.1,84920034.0,432548719
6658.5,S,34,42935.12,5727.11,17764002.1,84920057.6,432548822
6659.5,S,34,42943.41,5728.67,17764002.1,84920116.1,432549087
6660.5,S,34,42951.92,5730.11,17764002.1,84920116.8,432549092
6661.5,S,34,42960.69,5731.50,17764002.1,84920116.9,432549094
6662.5,S,34,42969.46,5732.91,17764002.1,84920117.1,432549096
6663.5,S,38,42978.18,5734.35,17764002.1,84920284.1,432549241
6664.5,S,34,42988.90,5735.87,17764002.1,84920380.4,432549330
6665.5,S,34,42992.96,5736.55,17764002.1,84920381.1,432549332
6666.5,S,34,42997.17,5737.23,17764002.1,84920381.3,432549333
6667.5,S,34,43001.38,5737.90,17764002.1,84920381.4,432549335
6668.5,S,34,43005.47,5738.54,17764002.1,84920446.1,432549392
6669.5,S,34,43009.59,5739.23,17764002.1,84920471.6,432549414
6670.5,S,34,43014.25,5740.16,17764002.1,84920472.2,432549418
6671.5,S,34,43018.95,5740.99,17764002.1,84920472.6,432549421
6672.5,S,34,43023.61,5741.77,17764002.1,84920472.8,432549422
6673.5,S,34,43028.45,5742.53,17764002.1,84920473.0,432549424
6674.6,S,34,43033.06,5743.37,17764002.1,84920537.6,432549660
6675.6,S,34,43037.80,5744.10,17764002.1,84920538.1,432549662
6676.6,S,34,43042.56,5744.84,17764002.1,84920538.5,432549666
6677.6,S,34,43047.18,5745.52,17764002.1,84920635.4,432550038
6678.6,S,34,43051.37,5746.32,17764002.1,84920700.0,432550289
6679.6,S,34,43056.60,5747.15,17764002.1,84920700.3,432550297
6680.6,S,34,43061.34,5748.03,17764002.1,84920700.5,432550302
6681.6,S,38,43066.08,5748.72,17764002.1,84920707.2,432550352
6682.6,S,38,43073.35,5749.41,17764002.1,84920780.1,432550601
6683.6,S,34,43077.63,5750.13,17764002.1,84920933.8,432551185
6684.6,S,34,43081.69,5750.82,17764002.1,84920934.2,432551194
6685.6,S,34,43085.89,5751.43,17764002.1,84920934.3,432551195
6686.6,S,34,43090.01,5752.10,17764002.1,84920934.5,432551196
6687.6,S,34,43093.93,5752.77,17764002.1,84920986.4,432551405
6688.6,S,34,43098.04,5753.45,17764002.1,84921058.7,432551677
6689.6,S,34,43102.17,5754.06,17764002.1,84921058.9,432551681
6690.6,S,34,43106.35,5754.70,17764002.1,84921059.2,432551689
6691.6,S,34,43110.48,5755.32,17764002.1,84921059.3,432551689
6692.6,S,34,43114.62,5756.00,17764002.1,84921124.4,432551983
6693.6,S,34,43118.83,5756.62,17764002.1,84921124.6,432551985
6694.6,S,34,43122.98,5757.28,17764002.1,84921163.7,432552190
6695.6,S,34,43127.08,5757.97,17764002.1,84921163.8,432552190
6696.6,S,34,43131.17,5758.68,17764002.1,84921207.6,432552354
6697.6,S,34,43135.35,5759.39,17764002.1,84921228.8,432552448
6698.6,S,34,43139.64,5760.21,17764002.1,84921249.2,432552527
6699.6,S,34,43144.38,5761.03,17764002.1,84921249.7,432552534
6700.6,S,34,43149.11,5761.76,17764002.1,84921249.8,432552536
6701.6,S,34,43153.75,5762.59,17764002.1,84921250.0,432552538
6702.6,S,34,43158.42,5763.34,17764002.1,84921293.2,432552694
6703.6,S,34,43163.57,5764.21,17764002.1,84921315.0,432552800
6704.6,S,38,43169.70,5764.96,17764002.1,84921339.9,432552908
6705.6,S,34,43175.11,5765.48,17764002.1,84921435.8,432553112
6706.6,S,34,43176.10,5765.50,17764002.1,84921435.9,432553114
6707.6,S,34,43177.03,5765.53,17764002.1,84921500.6,432553171
6708.6,S,34,43177.94,5765.59,17764002.1,84921523.4,432553195
6709.6,S,34,43178.93,5765.61,17764002.1,84921524.0,432553198
6710.6,S,34,43179.91,5765.62,17764002.1,84921524.2,432553203
6711.6,S,34,43180.89,5765.65,17764002.1,84921524.4,432553207
6712.6,S,34,43181.82,5765.67,17764002.1,84921588.8,432553264
6713.6,S,34,43182.81,5765.69,17764002.1,84921589.4,432553267
6714.6,S,34,43183.79,5765.71,17764002.1,84921616.7,432553291
6715.6,S,34,43184.77,5765.72,17764002.1,84921617.0,432553294
6716.6,S,34,43185.70,5765.75,17764002.1,84921681.4,432553349
6717.6,S,34,43186.68,5765.77,17764002.1,84921681.6,432553353
6718.6,S,34,43187.62,5765.80,17764002.1,84921733.7,432553402
6719.6,S,34,43188.57,5765.85,17764002.1,84921753.9,432553422
6720.6,S,34,43189.55,5765.87,17764002.1,84921754.3,432553423
6721.6,S,34,43190.53,5765.88,17764002.1,84921754.4,432553423
6722.6,S,34,43191.30,5765.91,17764002.1,84921819.0,432553648
6723.6,S,34,43192.28,5765.92,17764002.1,84921819.1,432553649
6724.6,S,34,43193.26,5765.95,17764002.1,84921829.3,432553678
6725.6,S,34,43194.25,5765.96,17764002.1,84921833.8,432553699
6726.6,S,34,43195.04,5765.98,17764002.1,84921898.4,432553904
6727.6,S,34,43195.94,5766.01,17764002.1,84921921.2,432553977
6728.6,S,34,43196.89,5766.06,17764002.1,84921921.5,432553980
6729.6,S,34,43197.87,5766.08,17764002.1,84921921.6,432553982
6730.6,S,34,43198.86,5766.09,17764002.1,84921922.1,432553984
6731.6,S,34,43199.62,5766.13,17764002.1,84921986.7,432554200
6732.6,S,34,43200.61,5766.14,17764002.1,84921986.9,432554203
6733.6,S,34,43201.59,5766.16,17764002.1,84921987.0,432554205
6734.6,S,34,43202.57,5766.18,17764002.1,84921987.2,432554213
6735.6,S,34,43203.24,5766.21,17764002.1,84922053.4,432554534
6736.6,S,34,43204.23,5766.22,17764002.1,84922053.5,432554538
6737.6,S,34,43205.22,5766.23,17764002.1,84922053.8,432554540
6738.6,S,34,43206.02,5766.30,17764002.1,84922098.4,432554684
6739.6,S,34,43207.00,5766.31,17764002.1,84922098.7,432554690
6740.6,S,34,43207.98,5766.34,17764002.1,84922099.2,432554696
6741.6,S,34,43208.95,5766.35,17764002.1,84922108.5,432554728
6742.6,S,34,43209.77,5766.37,17764002.1,84922163.8,432554885
6743.6,S,34,43210.75,5766.39,17764002.1,84922164.1,432554886
6744.6,S,34,43211.73,5766.41,17764002.1,84922164.3,432554889
6745.6,S,34,43212.56,5766.43,17764002.1,84922229.2,432555055
6746.6,S,34,43213.54,5766.45,17764002.1,84922229.4,432555058
6747.6,S,34,43214.43,5766.50,17764002.1,84922252.2,432555122
6748.6,S,34,43215.41,5766.52,17764002.1,84922252.4,432555125
6749.6,S,34,43216.39,5766.54,17764002.1,84922252.7,432555127
6750.6,S,34,43217.23,5766.56,17764002.1,84922300.6,432555274
6751.6,S,34,43218.14,5766.58,17764002.1,84922317.5,432555346
6752.6,S,34,43219.13,5766.60,17764002.1,84922317.6,432555347
6753.6,S,34,43220.11,5766.61,17764002.1,84922317.8,432555348
6754.6,S,34,43221.10,5766.63,17764002.1,84922318.2,432555354
6755.6,S,34,43221.90,5766.66,17764002.1,84922383.1,432555543
6756.6,S,34,43222.88,5766.67,17764002.1,84922383.3,432555546
6757.6,S,34,43223.87,5766.68,17764002.1,84922384.0,432555552
6758.6,S,34,43224.67,5766.71,17764002.1,84922442.8,432555743
6759.6,S,34,43225.47,5766.78,17764002.1,84922448.1,432555872
6760.6,S,34,43226.45,5766.80,17764002.1,84922448.4,432555876
6761.6,S,34,43227.44,5766.82,17764002.1,84922448.6,432555880
6762.6,S,34,43228.36,5766.85,17764002.1,84922513.3,432555939
6763.6,S,34,43229.34,5766.86,17764002.1,84922513.5,432555942
6764.6,S,34,43230.33,5766.88,17764002.1,84922513.6,432555944
6765.6,S,34,43231.32,5766.89,17764002.1,84922513.8,432555948
6766.6,S,34,43232.25,5766.91,17764002.1,84922578.4,432556008
6767.6,S,34,43233.23,5766.93,17764002.1,84922578.8,432556009
6768.6,S,34,43234.22,5766.94,17764002.1,84922578.9,432556011
6769.6,S,34,43235.16,5766.97,17764002.1,84922629.1,432556053
6770.6,S,34,43236.09,5767.04,17764002.1,84922642.8,432556070
6771.6,S,34,43237.08,5767.05,17764002.1,84922643.1,432556072
6772.6,S,34,43238.06,5767.07,17764002.1,84922643.3,432556075
6773.6,S,34,43238.99,5767.10,17764002.1,84922708.1,432556132
6774.6,S,34,43239.97,5767.11,17764002.1,84922708.4,432556135
6775.6,S,34,43240.96,5767.12,17764002.1,84922708.5,432556137
6776.6,S,34,43241.95,5767.14,17764002.1,84922708.7,432556141
6777.6,S,34,43242.87,5767.17,17764002.1,84922773.3,432556197
6778.6,S,34,43243.86,5767.18,17764002.1,84922773.7,432556198
6779.7,S,34,43244.85,5767.20,17764002.1,84922773.9,432556199
6780.7,S,34,43245.68,5767.26,17764002.1,84922835.3,432556311
6781.7,S,34,43246.67,5767.28,17764002.1,84922835.4,432556313
6782.7,S,34,43247.66,5767.29,17764002.1,84922835.8,432556318
6783.7,S,34,43248.64,5767.31,17764002.1,84922836.3,432556319
6784.7,S,34,43249.36,5767.33,17764002.1,84922900.8,432556594
6785.7,S,34,43250.34,5767.34,17764002.1,84922901.1,432556602
6786.7,S,34,43251.33,5767.35,17764002.1,84922901.3,432556603
6787.7,S,34,43252.32,5767.37,17764002.1,84922901.4,432556605
6788.7,S,34,43253.10,5767.39,17764002.1,84922966.5,432556815
6789.7,S,34,43253.98,5767.44,17764002.1,84922990.6,432556894
6790.7,S,34,43254.97,5767.45,17764002.1,84922990.9,432556903
6791.7,S,34,43255.96,5767.47,17764002.1,84922991.0,432556905
6792.7,S,34,43256.95,5767.48,17764002.1,84922991.2,432556914
6793.7,S,34,43257.72,5767.50,17764002.1,84923055.8,432557124
6794.7,S,34,43258.71,5767.51,17764002.1,84923056.3,432557127
6795.7,S,34,43259.70,5767.53,17764002.1,84923056.4,432557128
6796.7,S,34,43260.68,5767.55,17764002.1,84923056.5,432557135
6797.7,S,34,43261.42,5767.57,17764002.1,84923121.0,432557385
6798.7,S,34,43262.40,5767.59,17764002.1,84923121.2,432557392
6799.7,S,34,43263.38,5767.61,17764002.1,84923121.7,432557392
6800.7,S,34,43264.15,5767.67,17764002.1,84923171.3,432557577
6801.7,S,34,43265.13,5767.69,17764002.1,84923171.5,432557579
6802.7,S,34,43266.12,5767.70,17764002.1,84923171.6,432557586
6803.7,S,34,43267.10,5767.72,17764002.1,84923171.7,432557588
6804.7,S,34,43267.84,5767.74,17764002.1,84923236.8,432557846
6805.7,S,34,43268.82,5767.76,17764002.1,84923237.2,432557852
6806.7,S,34,43269.81,5767.77,17764002.1,84923237.3,432557856
6807.7,S,34,43270.64,5767.79,17764002.1,84923289.3,432558019
6808.7,S,34,43271.49,5767.84,17764002.1,84923315.9,432558115
6809.7,S,34,43272.47,5767.86,17764002.1,84923316.2,432558122
6810.7,S,34,43273.46,5767.87,17764002.1,84923316.4,432558126
6811.7,S,34,43274.45,5767.89,17764002.1,84923316.8,432558128
6812.7,S,34,43275.16,5767.91,17764002.1,84923381.3,432558416
6813.7,S,34,43276.14,5767.93,17764002.1,84923381.5,432558417
6814.7,S,34,43277.12,5767.95,17764002.1,84923381.6,432558418
6815.7,S,34,43278.11,5767.96,17764002.1,84923382.4,432558428
6816.7,S,34,43278.86,5767.99,17764002.1,84923447.0,432558665
6817.7,S,34,43279.84,5768.01,17764002.1,84923447.3,432558670
6818.7,S,34,43280.82,5768.03,17764002.1,84923447.5,432558673
6819.7,S,34,43281.67,5768.05,17764002.1,84923506.4,432558823
6820.7,S,34,43282.61,5768.11,17764002.1,84923506.9,432558829
6821.7,S,34,43283.59,5768.12,17764002.1,84923507.0,432558833
6822.7,S,34,43284.58,5768.13,17764002.1,84923507.2,432558837
6823.7,S,34,43285.51,5768.16,17764002.1,84923571.8,432558894
6824.7,S,34,43286.49,5768.18,17764002.1,84923572.0,432558895
6825.7,S,34,43287.48,5768.19,17764002.1,84923572.1,432558896
6826.7,S,34,43288.47,5768.21,17764002.1,84923572.5,432558900
6827.7,S,34,43289.40,5768.22,17764002.1,84923637.0,432558956
6828.7,S,34,43290.38,5768.25,17764002.1,84923637.4,432558959
6829.7,S,34,43291.36,5768.27,17764002.1,84923637.4,432558959
6830.7,S,34,43292.29,5768.30,17764002.1,84923702.0,432559016
6831.7,S,34,43293.28,5768.32,17764002.1,84923702.4,432559018
6832.7,S,34,43294.26,5768.33,17764002.1,84923702.6,432559024
6833.7,S,34,43295.24,5768.35,17764002.1,84923702.6,432559025
6834.7,S,34,43296.14,5768.41,17764002.1,84923761.4,432559077
6835.7,S,34,43297.12,5768.43,17764002.1,84923761.5,432559079
6836.7,S,34,43298.11,5768.44,17764002.1,84923761.6,432559079
6837.7,S,34,43299.04,5768.47,17764002.1,84923826.5,432559136
6838.7,S,34,43300.03,5768.48,17764002.1,84923826.7,432559139
6839.7,S,34,43301.02,5768.49,17764002.1,84923826.8,432559141
6840.7,S,34,43302.00,5768.51,17764002.1,84923827.1,432559144
6841.7,S,34,43302.83,5768.53,17764002.1,84923891.5,432559311
6842.7,S,34,43303.82,5768.54,17764002.1,84923891.7,432559313
6843.7,S,34,43304.80,5768.56,17764002.1,84923892.2,432559316
6844.7,S,34,43305.78,5768.58,17764002.1,84923892.3,432559323
6845.7,S,34,43306.49,5768.60,17764002.1,84923956.8,432559609
6846.7,S,34,43307.48,5768.62,17764002.1,84923985.5,432559716
6847.7,S,34,43308.26,5768.67,17764002.1,84924026.4,432559892
6848.7,S,34,43309.23,5768.69,17764002.1,84924027.2,432559897
6849.7,S,34,43310.22,5768.71,17764002.1,84924027.3,432559904
6850.7,S,34,43311.21,5768.72,17764002.1,84924027.5,432559908
6851.7,S,34,43311.97,5768.75,17764002.1,84924092.2,432560129
6852.7,S,34,43312.95,5768.77,17764002.1,84924092.4,432560135
6853.7,S,34,43313.94,5768.78,17764002.1,84924092.9,432560144
6854.7,S,34,43314.92,5768.80,17764002.1,84924093.1,432560148
6855.7,S,34,43315.64,5768.83,17764002.1,84924157.7,432560422
6856.7,S,34,43316.63,5768.84,17764002.1,84924157.8,432560429
6857.7,S,34,43317.61,5768.86,17764002.1,84924158.2,432560431
6858.7,S,34,43318.59,5768.87,17764002.1,84924158.5,432560436
6859.7,S,34,43319.38,5768.89,17764002.1,84924223.4,432560647
6860.7,S,34,43320.37,5768.91,17764002.1,84924223.6,432560651
6861.7,S,34,43321.36,5768.92,17764002.1,84924223.7,432560653
6862.7,S,34,43322.12,5768.98,17764002.1,84924275.5,432560855
6863.7,S,41,43326.11,5769.04,17764002.1,84924276.0,432560859
6864.7,S,41,43334.00,5769.15,17764002.1,84924277.1,432560864
6865.7,S,41,43341.88,5769.28,17764002.1,84924277.2,432560866
6866.7,S,41,43349.78,5769.38,17764002.1,84924280.7,432560878
6867.7,S,41,43355.37,5769.53,17764002.1,84924522.0,432561823
6868.7,S,41,43358.75,5769.65,17764002.1,84924776.8,432562821
6869.7,S,41,43366.58,5769.79,17764002.1,84924813.1,432562852
6870.7,S,41,43374.47,5769.91,17764002.1,84924814.0,432562854
6871.7,S,41,43382.30,5770.05,17764002.1,84924876.1,432562908
6872.7,S,41,43389.71,5770.22,17764002.1,84925155.0,432563195
6873.7,S,41,43396.27,5770.35,17764002.1,84925333.6,432563787
6874.7,S,41,43404.16,5770.47,17764002.1,84925333.7,432563795
6875.7,S,41,43411.77,5770.60,17764002.1,84925420.5,432564075
6876.7,S,41,43416.91,5770.71,17764002.1,84925632.9,432564959
6877.7,S,41,43423.74,5770.83,17764002.1,84925755.6,432565407
6878.7,S,41,43431.14,5770.96,17764002.1,84925826.7,432565747
6879.7,S,41,43437.77,5771.08,17764002.1,84925934.5,432566245
6880.7,S,41,43445.15,5771.22,17764002.1,84926061.4,432566721
6881.7,S,41,43452.94,5771.36,17764002.1,84926183.1,432566825
6882.7,S,41,43460.71,5771.50,17764002.1,84926323.1,432566944
6883.7,S,41,43468.54,5771.62,17764002.1,84926383.3,432567000
6884.7,S,41,43476.13,5771.75,17764002.1,84926510.5,432567317
6885.7,S,41,43482.68,5771.89,17764002.1,84926691.0,432567919
6886.7,S,41,43489.38,5772.00,17764002.1,84926824.6,432568445
6887.7,S,41,43496.96,5772.12,17764002.1,84926917.2,432568771
6888.7,S,41,43504.46,5772.25,17764002.1,84927015.6,432569173
6889.7,S,41,43511.76,5772.40,17764002.1,84927175.1,432569783
6890.7,S,41,43519.19,5772.53,17764002.1,84927298.4,432570245
6891.7,S,41,43526.82,5772.66,17764002.1,84927405.4,432570511
6892.7,S,41,43534.65,5772.79,17764002.1,84927483.2,432570582
6893.7,S,41,43542.29,5772.97,17764002.1,84927722.4,432570816
6894.7,S,41,43549.98,5773.09,17764002.1,84927784.6,432571027
6895.7,S,41,43556.99,5773.22,17764002.1,84927891.2,432571436
6896.8,S,41,43563.40,5773.35,17764002.1,84928020.9,432571993
6897.8,S,41,43570.21,5773.50,17764002.1,84928216.9,432572710
6898.8,S,41,43577.70,5773.64,17764002.1,84928325.9,432573222
6899.8,S,41,43585.44,5773.78,17764002.1,84928359.3,432573364
6900.8,S,41,43592.95,5773.91,17764002.1,84928453.3,432573751
6901.8,S,41,43598.97,5774.07,17764002.1,84928714.7,432574432
6902.8,S,41,43606.78,5774.20,17764002.1,84928790.6,432574501
6903.8,S,41,43614.55,5774.34,17764002.1,84928926.5,432574622
6904.8,S,41,43621.77,5774.45,17764002.1,84929038.8,432574889
6905.8,S,41,43629.13,5774.59,17764002.1,84929167.7,432575351
6906.8,S,41,43634.81,5774.70,17764002.1,84929285.2,432575860
6907.8,S,41,43642.49,5774.83,17764002.1,84929346.1,432576084
6908.8,S,41,43648.83,5774.96,17764002.1,84929504.2,432576712
6909.8,S,41,43656.16,5775.11,17764002.1,84929634.0,432577273
6910.8,S,41,43662.55,5775.24,17764002.1,84929759.7,432577818
6911.8,S,40,43669.93,5775.37,17764002.1,84929798.4,432577956
6912.8,S,40,43676.15,5775.51,17764002.1,84929926.4,432578311
6913.8,S,40,43682.86,5775.63,17764002.1,84930042.3,432578408
6914.8,S,40,43689.68,5775.74,17764002.1,84930143.6,432578497
6915.8,S,35,43693.62,5775.86,17764002.1,84930380.6,432578925
6916.8,S,34,43693.94,5776.37,17764002.1,84930481.0,432579266
6917.8,S,34,43700.37,5777.69,17764002.1,84930482.7,432579276
6918.8,S,34,43709.04,5779.21,17764002.1,84930483.0,432579279
6919.8,S,34,43717.73,5780.56,17764002.1,84930483.3,432579290
6920.8,S,34,43726.67,5781.93,17764002.1,84930485.5,432579297
6921.8,S,34,43735.39,5783.38,17764002.1,84930550.0,432579549
6922.8,S,34,43744.36,5784.66,17764002.1,84930550.2,432579551
6923.8,S,38,43753.53,5786.06,17764002.1,84930596.8,432579733
6924.8,S,34,43762.53,5787.47,17764002.1,84930692.9,432580064
6925.8,S,34,43771.33,5788.82,17764002.1,84930693.1,432580065
6926.8,S,34,43780.04,5790.12,17764002.1,84930693.6,432580068
6927.8,S,34,43788.82,5791.64,17764002.1,84930705.8,432580106
6928.8,S,34,43797.30,5792.98,17764002.1,84930758.7,432580307
6929.8,S,34,43805.94,5794.41,17764002.1,84930758.9,432580307
6930.8,S,38,43815.06,5795.65,17764002.1,84930809.0,432580510
6931.8,S,34,43824.42,5797.06,17764002.1,84930904.6,432580897
6932.8,S,34,43832.92,5798.52,17764002.1,84930960.5,432581020
6933.8,S,34,43841.71,5799.89,17764002.1,84930960.9,432581024
6934.8,S,34,43850.58,5801.15,17764002.1,84930961.2,432581026
6935.8,S,34,43859.22,5802.63,17764002.1,84930961.6,432581029
6936.8,S,34,43867.87,5804.09,17764002.1,84931026.4,432581091
6937.8,S,38,43878.58,5805.63,17764002.1,84931102.5,432581165
6938.8,S,34,43888.24,5807.09,17764002.1,84931198.0,432581246
6939.8,S,34,43897.13,5808.41,17764002.1,84931198.6,432581251
6940.8,S,34,43905.90,5809.84,17764002.1,84931263.2,432581309
6941.8,S,34,43914.60,5811.34,17764002.1,84931263.5,432581310
6942.8,S,34,43923.20,5812.82,17764002.1,84931263.8,432581311
6943.8,S,34,43930.76,5814.00,17764002.1,84931340.2,432581470
6944.8,S,38,43939.64,5815.47,17764002.1,84931414.7,432581745
6945.8,S,34,43948.47,5816.84,17764002.1,84931511.3,432582114
6946.8,S,34,43957.33,5818.32,17764002.1,84931511.5,432582116
6947.8,S,34,43965.93,5819.69,17764002.1,84931511.7,432582117
6948.8,S,34,43974.26,5821.19,17764002.1,84931576.6,432582439
6949.8,S,34,43982.88,5822.77,17764002.1,84931576.9,432582447
6950.8,S,34,43991.60,5824.12,17764002.1,84931577.5,432582455
6951.8,S,38,43997.28,5824.89,17764002.1,84931680.2,432583020
6952.8,S,34,44007.75,5826.49,17764002.1,84931775.9,432583363
6953.8,S,34,44016.18,5827.89,17764002.1,84931841.0,432583590
6954.8,S,34,44024.86,5829.39,17764002.1,84931841.2,432583592
6955.8,S,34,44033.70,5830.81,17764002.1,84931841.7,432583600
6956.8,S,34,44042.48,5832.19,17764002.1,84931841.8,432583602
6957.8,S,34,44051.14,5833.61,17764002.1,84931863.7,432583678
6958.8,S,38,44058.79,5834.77,17764002.1,84932009.6,432584166
6959.8,S,34,44068.57,5836.21,17764002.1,84932105.7,432584493
6960.8,S,34,44077.19,5837.66,17764002.1,84932106.1,432584496
6961.8,S,34,44085.43,5839.25,17764002.1,84932147.8,432584692
6962.8,S,34,44094.19,5840.64,17764002.1,84932148.0,432584692
6963.8,S,34,44103.04,5841.95,17764002.1,84932148.6,432584703
6964.8,S,34,44111.85,5843.26,17764002.1,84932149.0,432584718
6965.8,S,38,44119.59,5844.43,17764002.1,84932316.8,432585049
6966.8,S,34,44130.86,5846.05,17764002.1,84932412.8,432585133
6967.8,S,34,44139.65,5847.43,17764002.1,84932413.1,432585135
6968.8,S,34,44148.53,5848.85,17764002.1,84932413.6,432585136
6969.8,S,34,44157.24,5850.29,17764002.1,84932442.8,432585163
6970.8,S,34,44166.00,5851.68,17764002.1,84932478.4,432585194
6971.8,S,34,44174.48,5853.21,17764002.1,84932507.3,432585226
6972.8,S,38,44183.89,5854.80,17764002.1,84932610.3,432585345
6973.8,S,34,44193.12,5856.15,17764002.1,84932706.5,432585593
6974.8,S,34,44201.83,5857.55,17764002.1,84932706.6,432585593
6975.8,S,34,44210.49,5859.10,17764002.1,84932707.1,432585605
6976.8,S,34,44218.84,5860.60,17764002.1,84932772.0,432585781
6977.8,S,34,44227.77,5861.98,17764006.6,84932772.3,432585797
6978.8,S,34,44236.60,5863.45,17764006.6,84932772.5,432585801
6979.8,S,38,44245.03,5864.68,17764006.6,84932875.1,432586067
6980.8,S,38,44251.83,5865.75,17764006.6,84932992.6,432586598
6981.8,S,34,44259.70,5867.07,17764006.6,84933036.1,432586780
6982.8,S,34,44268.42,5868.49,17764006.6,84933036.2,432586781
6983.8,S,34,44276.92,5870.13,17764006.6,84933074.6,432586908
6984.8,S,34,44285.51,5871.60,17764006.6,84933074.9,432586909
6985.8,S,34,44294.28,5872.90,17764006.6,84933075.1,432586916
6986.8,S,34,44300.04,5873.82,17764006.6,84933178.4,432587291
6987.8,S,38,44312.25,5875.46,17764006.6,84933199.2,432587368
6988.9,S,34,44320.41,5876.78,17764006.6,84933339.5,432587732
6989.9,S,34,44329.05,5878.31,17764006.6,84933339.8,432587734
6990.9,S,34,44337.73,5879.67,17764006.6,84933339.9,432587735
6991.9,S,34,44346.49,5881.16,17764006.6,84933340.4,432587739
6992.9,S,34,44355.19,5882.57,17764006.6,84933404.9,432587797
6993.9,S,38,44364.21,5883.99,17764006.6,84933508.0,432587888
6994.9,S,34,44375.48,5885.50,17764006.6,84933604.1,432587979
6995.9,S,34,44384.05,5886.96,17764006.6,84933604.3,432587981
6996.9,S,34,44392.71,5888.45,17764006.6,84933604.9,432587984
6997.9,S,34,44401.16,5889.88,17764006.6,84933673.9,432588077
6998.9,S,34,44409.75,5891.31,17764006.6,84933674.3,432588084
6999.9,S,34,44418.52,5892.70,17764006.6,84933675.0,432588087
7000.9,S,38,44424.97,5893.66,17764006.6,84933777.7,432588379
7001.9,S,38,44436.97,5895.40,17764006.6,84933797.4,432588524
7002.9,S,34,44444.38,5896.74,17764006.6,84933938.3,432589035
7003.9,S,34,44453.11,5898.13,17764006.6,84933938.8,432589041
7004.9,S,34,44461.85,5899.53,17764006.6,84933939.0,432589049
7005.9,S,34,44470.57,5900.80,17764006.6,84933939.4,432589051
7006.9,S,34,44479.22,5902.28,17764006.6,84933995.5,432589241
7007.9,S,34,44486.02,5903.31,17764006.6,84934069.5,432589521
7008.9,S,38,44496.55,5904.70,17764006.6,84934133.7,432589769
7009.9,S,34,44504.92,5906.26,17764006.6,84934229.6,432590216
7010.9,S,34,44513.77,5907.57,17764006.6,84934230.0,432590217
7011.9,S,34,44522.33,5908.94,17764006.6,84934230.2,432590219
7012.9,S,34,44530.94,5910.40,17764006.6,84934230.4,432590221
7013.9,S,34,44539.49,5911.79,17764006.6,84934295.5,432590468
7014.9,S,34,44547.03,5913.00,17764006.6,84934342.7,432590626
7015.9,S,38,44556.80,5914.32,17764006.6,84934398.5,432590860
7016.9,S,34,44564.96,5915.53,17764006.6,84934494.3,432591255
7017.9,S,34,44573.57,5916.93,17764006.6,84934524.7,432591353
7018.9,S,34,44582.14,5918.32,17764006.6,84934559.3,432591496
7019.9,S,34,44590.99,5919.74,17764006.6,84934559.8,432591500
7020.9,S,34,44599.75,5921.23,17764006.6,84934560.0,432591502
7021.9,S,34,44608.36,5922.60,17764006.6,84934567.9,432591526
7022.9,S,38,44617.91,5923.93,17764006.6,84934720.1,432591769
7023.9,S,34,44627.42,5925.53,17764006.6,84934816.6,432591858
7024.9,S,34,44635.98,5927.02,17764006.6,84934817.0,432591863
7025.9,S,34,44644.74,5928.49,17764006.6,84934817.6,432591868
7026.9,S,34,44653.52,5930.00,17764006.6,84934882.2,432591925
7027.9,S,34,44662.31,5931.45,17764006.6,84934882.4,432591928
7028.9,S,38,44670.36,5932.67,17764006.6,84934985.5,432592022
7029.9,S,38,44682.58,5934.30,17764006.6,84935009.3,432592088
7030.9,S,34,44687.84,5935.21,17764006.6,84935142.3,432592613
7031.9,S,34,44692.07,5935.87,17764006.6,84935146.8,432592639
7032.9,S,34,44696.19,5936.49,17764006.6,84935146.9,432592640
7033.9,S,34,44700.33,5937.17,17764006.6,84935147.4,432592648
7034.9,S,34,44704.38,5937.90,17764006.6,84935147.6,432592651
7035.9,S,34,44708.44,5938.56,17764006.6,84935212.3,432592868
7036.9,S,34,44712.61,5939.20,17764006.6,84935212.7,432592872
7037.9,S,34,44716.74,5939.85,17764006.6,84935212.9,432592878
7038.9,S,34,44720.90,5940.50,17764006.6,84935213.1,432592879
7039.9,S,34,44724.93,5941.28,17764006.6,84935277.7,432593189
7040.9,S,34,44729.10,5941.97,17764006.6,84935278.2,432593195
7041.9,S,34,44733.24,5942.60,17764006.6,84935278.3,432593195
7042.9,S,34,44737.37,5943.24,17764006.6,84935278.7,432593201
7043.9,S,34,44741.44,5943.89,17764006.6,84935425.2,432593709
7044.9,S,34,44746.03,5944.78,17764006.6,84935432.9,432593741
7045.9,S,34,44750.81,5945.55,17764006.6,84935433.1,432593747
7046.9,S,34,44755.47,5946.30,17764006.6,84935433.7,432593750
7047.9,S,34,44760.23,5947.04,17764006.6,84935434.3,432593759
7048.9,S,38,44766.00,5947.80,17764006.6,84935563.5,432594228
7049.9,S,34,44772.87,5948.55,17764006.6,84935679.3,432594519
7050.9,S,34,44776.53,5949.07,17764006.6,84935679.5,432594521
7051.9,S,34,44780.12,5949.58,17764006.6,84935680.0,432594522
7052.9,S,34,44783.76,5950.10,17764006.6,84935744.7,432594577
7053.9,S,34,44787.44,5950.59,17764006.6,84935745.0,432594581
7054.9,S,34,44791.09,5951.15,17764006.6,84935801.8,432594637
7055.9,S,34,44794.72,5951.71,17764006.6,84935802.0,432594640
7056.9,S,34,44798.38,5952.21,17764006.6,84935802.1,432594642
7057.9,S,34,44801.96,5952.81,17764006.6,84935867.7,432594699
7058.9,S,34,44806.09,5953.55,17764006.6,84935882.0,432594720
7059.9,S,34,44810.40,5954.12,17764006.6,84935917.7,432594755
7060.9,S,34,44814.57,5954.81,17764006.6,84935917.9,432594758
7061.9,S,34,44818.72,5955.49,17764006.6,84935918.1,432594760
7062.9,S,34,44822.85,5956.18,17764006.6,84935983.0,432594818
7063.9,S,34,44826.98,5956.82,17764006.6,84935983.4,432594822
7064.9,S,34,44831.12,5957.47,17764006.6,84935983.7,432594826
7065.9,S,34,44835.27,5958.10,17764006.6,84935983.8,432594828
7066.9,S,34,44839.45,5958.74,17764006.6,84936048.5,432595028
7067.9,S,34,44843.64,5959.35,17764006.6,84936048.6,432595040
7068.9,S,34,44847.75,5960.04,17764006.6,84936049.1,432595044
7069.9,S,34,44851.90,5960.73,17764006.6,84936049.6,432595054
7070.9,S,34,44856.32,5961.51,17764006.6,84936102.4,432595211
7071.9,S,34,44861.07,5962.25,17764006.6,84936102.5,432595213
7072.9,S,34,44865.77,5963.06,17764006.6,84936102.7,432595220
7073.9,S,38,44872.07,5963.81,17764006.6,84936128.8,432595290
7074.9,S,37,44877.63,5964.51,17764006.6,84936271.2,432595746
7075.9,S,34,44879.49,5964.67,17764006.6,84936318.2,432595902
7076.9,S,34,44880.47,5964.69,17764006.6,84936318.4,432595912
7077.9,S,34,44881.45,5964.70,17764006.6,84936318.5,432595914
7078.9,S,34,44882.26,5964.74,17764006.6,84936383.1,432596091
7079.9,S,34,44883.24,5964.76,17764006.6,84936394.8,432596131
7080.9,S,34,44884.23,5964.77,17764006.6,84936411.3,432596188
7081.9,S,34,44885.15,5964.80,17764006.6,84936435.8,432596257
7082.9,S,34,44885.94,5964.88,17764006.6,84936467.1,432596395
7083.9,S,34,44886.92,5964.90,17764006.6,84936467.2,432596395
7084.9,S,34,44887.90,5964.92,17764006.6,84936467.7,432596402
7085.9,S,34,44888.70,5964.94,17764006.6,84936525.2,432596655
7086.9,S,34,44889.60,5964.95,17764006.6,84936554.6,432596753
7087.9,S,34,44890.58,5964.97,17764006.6,84936555.0,432596753
7088.9,S,34,44891.57,5964.99,17764006.6,84936555.3,432596755
7089.9,S,34,44892.36,5965.01,17764006.6,84936619.9,432596953
7090.9,S,34,44893.35,5965.02,17764006.6,84936637.6,432597036
7091.9,S,34,44894.34,5965.03,17764006.6,84936637.7,432597037
7092.9,S,34,44895.32,5965.05,17764006.6,84936638.1,432597045
7093.9,S,34,44896.13,5965.08,17764006.6,84936702.7,432597223
7094.9,S,34,44897.10,5965.10,17764006.6,84936702.8,432597226
7095.9,S,34,44898.02,5965.15,17764006.6,84936735.2,432597256
7096.9,S,34,44899.01,5965.17,17764006.6,84936735.3,432597259
7097.9,S,34,44900.00,5965.18,17764006.6,84936735.7,432597266
7098.9,S,34,44900.98,5965.20,17764006.6,84936763.1,432597300
7099.9,S,34,44901.91,5965.22,17764006.6,84936827.8,432597359
7100.9,S,34,44902.89,5965.24,17764006.6,84936828.4,432597364
7101.9,S,34,44903.88,5965.26,17764006.6,84936828.4,432597366
7102.9,S,34,44904.81,5965.28,17764006.6,84936893.0,432597422
7103.9,S,34,44905.79,5965.30,17764006.6,84936893.1,432597424
7104.9,S,34,44906.77,5965.32,17764006.6,84936893.5,432597427
7105.9,S,34,44907.76,5965.33,17764006.7,84936896.1,432597446
7106.9,S,34,44908.65,5965.40,17764006.7,84936955.8,432597500
7107.9,S,34,44909.64,5965.42,17764006.7,84936955.9,432597502
7108.9,S,34,44910.63,5965.43,17764006.7,84936956.0,432597505
7110.0,S,34,44911.56,5965.45,17764006.7,84937020.5,432597561
7111.0,S,34,44912.55,5965.46,17764006.7,84937020.9,432597565
7112.0,S,34,44913.53,5965.48,17764006.7,84937021.4,432597573
7113.0,S,34,44914.51,5965.50,17764006.7,84937021.8,432597576
7114.0,S,34,44915.37,5965.53,17764006.7,84937086.3,432597710
7115.0,S,34,44916.35,5965.54,17764006.7,84937086.5,432597713
7116.0,S,34,44917.33,5965.56,17764006.7,84937086.8,432597715
7117.0,S,34,44918.31,5965.58,17764006.7,84937087.0,432597719
7118.0,S,34,44919.00,5965.64,17764006.7,84937154.2,432597992
7119.0,S,34,44919.98,5965.66,17764006.7,84937154.5,432598003
7120.0,S,34,44920.96,5965.68,17764006.7,84937154.7,432598005
7121.0,S,34,44921.95,5965.69,17764006.7,84937154.8,432598005
7122.0,S,34,44922.64,5965.72,17764006.7,84937219.6,432598310
7123.0,S,34,44923.62,5965.73,17764006.7,84937219.7,432598312
7124.0,S,34,44924.60,5965.75,17764006.7,84937220.1,432598316
7125.0,S,34,44925.59,5965.76,17764006.7,84937220.2,432598318
7126.0,S,34,44926.31,5965.79,17764006.7,84937284.8,432598595
7127.0,S,34,44927.30,5965.80,17764006.7,84937284.9,432598597
7128.0,S,34,44928.11,5965.86,17764006.7,84937321.6,432598738
7129.0,S,34,44929.09,5965.88,17764006.7,84937322.1,432598740
7130.0,S,34,44930.07,5965.90,17764006.7,84937322.3,432598743
7131.0,S,34,44931.05,5965.92,17764006.7,84937322.4,432598749
7132.0,S,34,44931.77,5965.94,17764006.7,84937387.0,432599012
7133.0,S,34,44932.76,5965.96,17764006.7,84937387.2,432599018
7134.0,S,34,44933.74,5965.98,17764006.7,84937387.6,432599018
7135.0,S,34,44934.73,5965.99,17764006.7,84937387.9,432599020
7136.0,S,34,44935.49,5966.01,17764006.7,84937452.5,432599252
7137.0,S,34,44936.48,5966.02,17764006.7,84937452.7,432599254
7138.0,S,34,44937.47,5966.03,17764006.7,84937452.9,432599261
7139.0,S,34,44938.23,5966.10,17764006.7,84937505.3,432599450
7140.0,S,34,44939.21,5966.11,17764006.7,84937506.0,432599457
7141.0,S,34,44940.20,5966.13,17764006.7,84937506.1,432599459
7142.0,S,34,44941.18,5966.14,17764006.7,84937506.3,432599462
7143.0,S,34,44941.89,5966.16,17764006.7,84937570.8,432599750
7144.0,S,34,44942.87,5966.18,17764006.7,84937570.9,432599757
7145.0,S,34,44943.85,5966.20,17764006.7,84937571.8,432599759
7146.0,S,34,44944.76,5966.22,17764006.7,84937594.1,432599837
7147.0,S,34,44945.49,5966.23,17764006.7,84937636.5,432600101
7148.0,S,34,44946.48,5966.24,17764006.7,84937636.6,432600104
7149.0,S,34,44947.47,5966.26,17764006.7,84937636.7,432600104
7150.0,S,34,44948.28,5966.28,17764006.7,84937681.9,432600286
7151.0,S,34,44949.19,5966.30,17764006.7,84937702.0,432600357
7152.0,S,34,44950.17,5966.32,17764006.7,84937702.1,432600360
7153.0,S,34,44951.00,5966.38,17764006.7,84937737.6,432600480
7154.0,S,34,44951.98,5966.41,17764006.7,84937738.0,432600488
7155.0,S,34,44952.96,5966.42,17764006.7,84937738.1,432600490
7156.0,S,34,44953.75,5966.44,17764006.7,84937802.2,432600697
7157.0,S,34,44954.73,5966.45,17764006.7,84937803.4,432600706
7158.0,S,34,44955.72,5966.47,17764006.7,84937803.5,432600710
7159.0,S,34,44956.70,5966.49,17764006.7,84937803.6,432600712
7160.0,S,34,44957.39,5966.51,17764006.7,84937868.2,432601017
7161.0,S,34,44958.37,5966.52,17764006.7,84937868.6,432601023
7162.0,S,34,44959.36,5966.53,17764006.7,84937868.8,432601023
7163.0,S,34,44960.34,5966.55,17764006.7,84937869.0,432601024
7164.0,S,34,44961.07,5966.61,17764006.7,84937932.1,432601252
7165.0,S,34,44962.06,5966.62,17764006.7,84937932.3,432601258
7166.0,S,34,44963.05,5966.64,17764006.7,84937932.5,432601259
7167.0,S,34,44964.02,5966.66,17764006.7,84937932.9,432601262
7168.0,S,34,44964.92,5966.69,17764006.7,84937997.5,432601348
7169.0,S,34,44965.91,5966.70,17764006.7,84937997.8,432601350
7170.0,S,34,44966.89,5966.72,17764006.7,84937998.0,432601355
7171.0,S,34,44967.82,5966.75,17764006.7,84938062.5,432601410
7172.0,S,34,44968.81,5966.76,17764006.7,84938062.7,432601413
7173.0,S,34,44969.79,5966.77,17764006.7,84938062.8,432601415
7174.0,S,34,44970.78,5966.79,17764006.7,84938063.2,432601421
7175.0,S,34,44971.71,5966.81,17764006.7,84938127.9,432601484
7176.0,S,34,44972.70,5966.83,17764006.7,84938128.3,432601485
7177.0,S,34,44973.61,5966.88,17764006.7,84938155.1,432601523
7178.0,S,34,44974.60,5966.89,17764006.7,84938155.3,432601526
7179.0,S,34,44975.59,5966.91,17764006.7,84938155.8,432601529
7180.0,S,34,44976.52,5966.94,17764006.7,84938220.4,432601585
7181.0,S,34,44977.51,5966.95,17764006.7,84938220.8,432601587
7182.0,S,34,44978.50,5966.95,17764006.7,84938221.0,432601591
7183.0,S,34,44979.48,5966.98,17764006.7,84938221.1,432601591
7184.0,S,34,44980.40,5967.01,17764006.7,84938285.9,432601648
7185.0,S,34,44981.40,5967.02,17764006.7,84938286.0,432601650
7186.0,S,34,44982.39,5967.03,17764006.7,84938286.2,432601653
7187.0,S,34,44983.37,5967.04,17764006.7,84938286.5,432601655
7188.0,S,34,44984.25,5967.07,17764006.7,84938351.1,432601771
7189.0,S,34,44985.23,5967.08,17764006.7,84938351.4,432601771
7190.0,S,34,44986.22,5967.10,17764006.7,84938351.6,432601775
7191.0,S,34,44986.88,5967.17,17764006.7,84938409.9,432602046
7192.0,S,34,44987.87,5967.18,17764006.7,84938410.3,432602048
7193.0,S,34,44988.86,5967.20,17764006.7,84938410.6,432602066
7194.0,S,34,44989.85,5967.21,17764006.7,84938410.8,432602067
7195.0,S,34,44990.66,5967.23,17764006.7,84938475.7,432602248
7196.0,S,34,44991.65,5967.25,17764006.7,84938475.8,432602252
7197.0,S,34,44992.63,5967.26,17764006.7,84938475.9,432602254
7198.0,S,34,44993.62,5967.28,17764006.7,84938476.1,432602258
7199.0,S,34,44994.38,5967.30,17764006.7,84938540.8,432602489
7200.0,S,34,44995.36,5967.31,17764006.7,84938541.1,432602497
7201.0,S,34,44996.35,5967.33,17764006.7,84938541.2,432602498
7202.0,S,34,44997.29,5967.35,17764006.7,84938552.5,432602550
7203.0,S,34,44998.07,5967.37,17764006.7,84938605.9,432602749
7204.0,S,34,44999.06,5967.39,17764006.7,84938606.2,432602753
7205.0,S,34,45000.05,5967.41,17764006.7,84938614.0,432602783
7206.0,S,34,45000.81,5967.48,17764006.7,84938658.7,432602977
7207.0,S,34,45001.79,5967.49,17764006.7,84938659.0,432602983
7208.0,S,34,45002.77,5967.51,17764006.7,84938659.0,432602983
7209.0,S,34,45003.58,5967.55,17764006.7,84938723.8,432603160
7210.0,S,34,45004.57,5967.56,17764006.7,84938724.0,432603164
7211.0,S,34,45005.55,5967.58,17764006.7,84938724.4,432603169
7212.0,S,34,45006.54,5967.59,17764006.7,84938724.5,432603175
7213.0,S,34,45007.37,5967.61,17764006.7,84938789.1,432603333
7214.0,S,34,45008.35,5967.63,17764006.7,84938789.2,432603334
7215.0,S,34,45009.33,5967.65,17764006.7,84938789.5,432603334
7216.0,S,34,45010.31,5967.67,17764006.7,84938789.7,432603343
7217.0,S,34,45011.09,5967.71,17764006.7,84938854.5,432603544
7218.0,S,34,45012.08,5967.72,17764006.7,84938854.7,432603545
7219.0,S,34,45013.07,5967.73,17764006.7,84938854.7,432603547
7220.0,S,34,45013.89,5967.80,17764006.7,84938901.4,432603671
7221.0,S,34,45014.88,5967.82,17764006.7,84938901.7,432603673
7222.0,S,34,45015.86,5967.84,17764006.7,84938902.2,432603677
7223.0,S,34,45016.68,5967.85,17764006.7,84938966.6,432603852
7224.0,S,34,45017.66,5967.87,17764006.7,84938966.8,432603861
7225.0,S,34,45018.65,5967.88,17764006.7,84938966.9,432603861
7226.0,S,34,45019.64,5967.90,17764006.7,84938967.3,432603863
7227.0,S,34,45020.37,5967.92,17764006.7,84939032.1,432604117
7228.1,S,34,45021.35,5967.94,17764006.7,84939032.3,432604121
7229.1,S,34,45022.34,5967.95,17764006.7,84939032.5,432604125
7230.1,S,34,45023.32,5967.97,17764006.7,84939032.5,432604125
7231.1,S,34,45024.22,5968.03,17764006.7,84939091.8,432604180
7232.1,S,34,45025.21,5968.05,17764006.7,84939092.3,432604183
7233.1,S,34,45026.20,5968.06,17764006.7,84939092.6,432604184
7234.1,S,34,45027.13,5968.08,17764006.7,84939157.2,432604241
7235.1,S,34,45028.11,5968.10,17764006.7,84939157.4,432604244
7236.1,S,34,45029.10,5968.12,17764006.7,84939157.6,432604246
7237.1,S,34,45030.08,5968.13,17764006.7,84939157.6,432604248
7238.1,S,34,45031.01,5968.15,17764006.7,84939222.2,432604306
7239.1,S,34,45032.00,5968.17,17764006.7,84939222.9,432604311
7240.1,S,34,45032.98,5968.19,17764006.7,84939223.2,432604316
7241.1,S,34,45033.95,5968.21,17764006.7,84939248.3,432604340
7242.1,S,34,45034.90,5968.22,17764006.7,84939287.8,432604376
7243.1,S,34,45035.83,5968.28,17764006.7,84939314.7,432604400
7244.1,S,41,45039.16,5968.32,17764006.7,84939315.8,432604407
7245.1,S,41,45047.02,5968.46,17764006.7,84939315.9,432604411
7246.1,S,41,45054.92,5968.57,17764006.7,84939316.0,432604413
7247.1,S,41,45062.78,5968.67,17764006.7,84939364.8,432604455
7248.1,S,41,45067.37,5968.80,17764006.7,84939666.2,432605310
7249.1,S,41,45074.77,5968.94,17764006.7,84939815.3,432605801
7250.1,S,41,45082.67,5969.05,17764006.7,84939815.7,432605804
7251.1,S,41,45090.34,5969.18,17764006.7,84939877.8,432606027
7252.1,S,41,45096.36,5969.30,17764006.7,84940037.0,432606588
7253.1,S,41,45101.71,5969.43,17764006.7,84940272.5,432607459
7254.1,S,41,45108.51,5969.55,17764006.7,84940329.1,432607689
7255.1,S,41,45116.41,5969.65,17764006.7,84940330.3,432607691
7256.1,S,41,45123.89,5969.80,17764006.7,84940501.6,432608102
7257.1,S,41,45131.67,5969.94,17764006.7,84940621.0,432608207
7258.1,S,41,45139.24,5970.10,17764006.7,84940844.3,432608532
7259.1,S,41,45147.13,5970.21,17764006.7,84940844.5,432608539
7260.1,S,41,45154.70,5970.36,17764006.7,84940942.5,432608857
7261.1,S,41,45161.68,5970.50,17764006.7,84941118.7,432609643
7262.1,S,41,45168.24,5970.64,17764006.7,84941242.7,432610131
7263.1,S,41,45174.36,5970.78,17764006.7,84941407.8,432610759
7264.1,S,41,45182.25,5970.89,17764006.7,84941412.1,432610782
7265.1,S,41,45189.13,5971.04,17764006.7,84941590.7,432611513
7266.1,S,41,45196.10,5971.19,17764006.7,84941792.5,432612006
7267.1,S,41,45203.94,5971.32,17764006.7,84941853.7,432612060
7268.1,S,41,45211.71,5971.46,17764006.7,84941978.9,432612171
7269.1,S,41,45219.53,5971.60,17764006.7,84942039.6,432612231
7270.1,S,41,45225.87,5971.72,17764006.7,84942227.8,432612793
7271.1,S,41,45232.15,5971.84,17764006.7,84942377.2,432613508
7272.1,S,41,45239.89,5971.96,17764006.7,84942416.6,432613683
7273.1,S,41,45247.00,5972.08,17764006.7,84942504.5,432614050
7274.2,S,41,45253.41,5972.22,17764006.7,84942671.0,432614659
7275.2,S,41,45258.83,5972.32,17764006.7,84942856.4,432615362
7276.2,S,41,45266.47,5972.45,17764006.7,84942923.2,432615619
7277.2,S,41,45274.06,5972.59,17764006.7,84942966.8,432615817
7278.2,S,41,45281.90,5972.71,17764006.7,84943032.4,432615872
7279.2,S,41,45289.47,5972.91,17764006.7,84943285.0,432616099
7280.2,S,41,45296.98,5973.07,17764006.7,84943429.7,432616465
7281.2,S,41,45304.67,5973.17,17764006.7,84943497.7,432616709
7282.2,S,41,45312.33,5973.31,17764006.7,84943550.9,432616922
7283.2,S,41,45318.14,5973.44,17764006.7,84943754.2,432617659
7284.2,S,41,45324.74,5973.58,17764006.7,84943908.4,432618221
7285.2,S,41,45332.40,5973.70,17764006.7,84943978.7,432618458
7286.2,S,41,45340.18,5973.83,17764006.7,84944112.6,432618573
7287.2,S,41,45348.01,5973.97,17764006.7,84944171.8,432618626
7288.2,S,41,45355.35,5974.15,17764006.7,84944429.8,432618977
7289.2,S,41,45362.88,5974.24,17764006.7,84944495.8,432619168
7290.2,S,41,45370.43,5974.36,17764006.7,84944628.8,432619529
7291.2,S,41,45378.32,5974.48,17764006.7,84944629.1,432619537
7292.2,S,41,45381.79,5974.61,17764006.7,84944877.8,432620502
7293.2,S,40,45388.43,5974.71,17764006.7,84944945.6,432620757
7294.2,S,40,45394.84,5974.84,17764006.7,84945073.5,432621241
7295.2,S,39,45401.01,5974.97,17764006.7,84945168.4,432621504
7296.2,S,38,45405.10,5975.06,17764006.7,84945306.3,432621952
7297.3,S,34,45406.15,5975.58,17764006.7,84945455.5,432622342
7298.3,S,34,45412.66,5976.97,17764012.5,84945456.9,432622355
7299.3,S,34,45421.27,5978.30,17764021.7,84945459.4,432622370
7300.3,S,34,45429.85,5979.86,17764030.7,84945460.0,432622389
7301.3,S,34,45438.77,5981.25,17764040.0,84945460.3,432622400
7302.3,S,34,45447.41,5982.67,17764048.8,84945524.9,432622462
7303.3,S,34,45456.01,5984.03,17764058.1,84945525.2,432622473
7304.3,S,38,45466.02,5985.66,17764061.0,84945549.7,432622509
7305.3,S,34,45476.49,5987.39,17764061.0,84945646.0,432622600
7306.3,S,34,45485.24,5988.69,17764061.0,84945674.4,432622635
7307.3,S,34,45493.95,5990.01,17764061.1,84945739.1,432622694
7308.3,S,34,45502.62,5991.48,17764061.1,84945739.3,432622695
7309.3,S,34,45511.34,5992.87,17764061.1,84945768.3,432622726
7310.3,S,34,45520.02,5994.27,17764061.1,84945769.6,432622728
7311.3,S,38,45530.41,5995.71,17764061.1,84945819.5,432622829
7312.3,S,34,45539.99,5997.13,17764061.1,84945915.4,432623099
7313.3,S,34,45548.56,5998.68,17764061.1,84945979.9,432623309
7314.3,S,34,45557.25,6000.14,17764061.1,84945980.1,432623315
7315.3,S,34,45565.92,6001.65,17764061.1,84945980.7,432623320
7316.3,S,34,45574.54,6003.09,17764061.1,84945981.0,432623322
7317.3,S,34,45582.20,6004.32,17764061.1,84946037.6,432623465
7318.3,S,38,45592.44,6005.72,17764061.1,84946121.0,432623713
7319.3,S,34,45600.74,6007.07,17764061.1,84946216.8,432623970
7320.3,S,34,45609.30,6008.72,17764065.3,84946241.9,432624075
7321.3,S,34,45618.09,6010.13,17764076.7,84946242.2,432624102
7322.3,S,34,45626.89,6011.57,17764088.0,84946242.7,432624128
7323.3,S,34,45635.70,6012.98,17764099.4,84946243.0,432624168
7324.3,S,34,45641.05,6013.98,17764107.2,84946360.1,432624577
7325.3,S,38,45651.28,6015.36,17764117.0,84946409.2,432624796
7326.3,S,34,45659.65,6016.69,17764124.8,84946505.3,432625177
7327.3,S,34,45668.19,6018.22,17764124.8,84946505.5,432625179
7328.3,S,34,45676.80,6019.68,17764124.8,84946509.7,432625211
7329.3,S,34,45685.52,6021.23,17764124.8,84946574.1,432625347
7330.3,S,34,45694.14,6022.62,17764124.8,84946574.6,432625349
7331.3,S,34,45702.37,6024.12,17764124.8,84946640.2,432625419
7332.3,S,38,45714.21,6025.51,17764124.8,84946708.4,432625482
7333.3,S,34,45722.88,6026.94,17764124.8,84946806.8,432625576
7334.3,S,34,45731.74,6028.31,17764124.8,84946807.0,432625577
7335.3,S,34,45740.40,6029.82,17764124.8,84946807.5,432625582
7336.3,S,34,45749.11,6031.20,17764124.8,84946872.4,432625636
7337.3,S,34,45757.77,6032.62,17764124.8,84946872.6,432625639
7338.3,S,34,45764.82,6033.76,17764124.8,84946953.8,432625850
7339.3,S,38,45776.09,6035.19,17764124.8,84946975.7,432625963
7340.3,S,34,45783.44,6036.59,17764124.8,84947136.3,432626608
7341.3,S,34,45792.16,6038.16,17764124.8,84947136.8,432626616
7342.3,S,34,45800.94,6039.54,17764124.8,84947137.0,432626620
7343.3,S,34,45809.70,6041.02,17764124.8,84947137.3,432626628
7344.3,S,34,45818.21,6042.61,17764124.8,84947190.3,432626832
7345.3,S,34,45826.26,6043.89,17764124.8,84947215.8,432626916
7346.3,S,38,45835.25,6045.09,17764124.8,84947293.6,432627212
7347.3,S,34,45844.20,6046.40,17764124.8,84947389.9,432627595
7348.3,S,34,45852.83,6047.88,17764124.8,84947390.2,432627598
7349.3,S,34,45861.19,6049.30,17764124.8,84947482.2,432627991
7350.3,S,34,45869.95,6050.80,17764124.8,84947482.4,432627993
7351.3,S,34,45878.75,6052.16,17764124.8,84947483.0,432627997
7352.3,S,34,45887.61,6053.42,17764124.8,84947483.4,432627997
7353.3,S,38,45891.00,6053.92,17764124.8,84947650.6,432628690
7354.3,S,38,45902.30,6055.47,17764127.5,84947700.0,432628847
7355.3,S,34,45910.76,6056.95,17764135.1,84947747.0,432629052
7356.3,S,34,45919.50,6058.44,17764142.8,84947747.5,432629089
7357.3,S,34,45928.33,6059.89,17764152.8,84947747.5,432629108
7358.3,S,34,45937.17,6061.29,17764160.3,84947779.1,432629234
7359.3,S,34,45945.90,6062.60,17764168.4,84947812.8,432629376
7360.3,S,38,45955.38,6064.07,17764175.1,84947938.1,432629497
7361.3,S,34,45965.78,6065.74,17764175.1,84948034.2,432629582
7362.3,S,34,45974.60,6067.13,17764175.1,84948034.6,432629584
7363.3,S,34,45983.27,6068.50,17764175.1,84948035.0,432629585
7364.3,S,34,45991.96,6069.92,17764175.1,84948075.5,432629620
7365.4,S,34,46000.55,6071.27,17764175.1,84948099.8,432629645
7366.4,S,34,46009.06,6072.83,17764175.1,84948100.2,432629649
7367.4,S,38,46018.23,6074.17,17764175.1,84948203.4,432629795
7368.4,S,34,46028.22,6075.60,17764175.1,84948299.4,432630126
7369.4,S,34,46036.77,6077.06,17764175.1,84948364.3,432630348
7370.4,S,34,46045.50,6078.37,17764175.1,84948364.5,432630352
7371.4,S,34,46054.16,6079.67,17764175.1,84948364.7,432630354
7372.4,S,34,46062.78,6081.19,17764182.8,84948364.9,432630381
7373.4,S,34,46071.43,6082.51,17764192.4,84948365.3,432630411
7374.4,S,38,46076.50,6083.31,17764196.6,84948532.8,432631053
7375.4,S,38,46087.25,6084.87,17764204.2,84948628.7,432631357
7376.4,S,34,46096.12,6086.29,17764213.5,84948628.8,432631383
7377.4,S,34,46104.98,6087.66,17764223.1,84948628.9,432631416
7378.4,S,34,46113.46,6089.16,17764228.7,84948682.8,432631613
7379.4,S,34,46122.30,6090.59,17764228.7,84948683.7,432631618
7380.4,S,34,46130.95,6091.93,17764228.7,84948684.1,432631621
7381.4,S,38,46137.35,6092.94,17764233.2,84948786.9,432631995
7382.4,S,38,46148.09,6094.45,17764241.1,84948844.8,432632253
7383.4,S,34,46156.55,6095.95,17764247.7,84948947.6,432632602
7384.4,S,34,46165.28,6097.28,17764257.8,84948947.9,432632636
7385.4,S,34,46174.05,6098.60,17764267.9,84948948.9,432632659
7386.4,S,34,46182.75,6100.04,17764277.0,84948949.1,432632711
7387.4,S,34,46191.38,6101.39,17764285.1,84948949.3,432632737
7388.4,S,34,46197.85,6102.46,17764285.1,84949089.7,432633223
7389.4,S,38,46208.06,6103.86,17764285.1,84949116.8,432633403
7390.4,S,34,46217.07,6105.26,17764285.1,84949212.9,432633621
7391.4,S,34,46225.80,6106.77,17764285.1,84949213.7,432633626
7392.4,S,34,46234.30,6108.27,17764285.1,84949276.1,432633694
7393.4,S,34,46243.01,6109.60,17764285.1,84949276.4,432633696
7394.4,S,34,46251.61,6111.01,17764285.1,84949276.7,432633700
7395.4,S,34,46260.20,6112.46,17764285.1,84949276.9,432633701
7396.4,S,38,46271.37,6114.02,17764285.1,84949380.4,432633792
7397.4,S,34,46279.92,6115.56,17764285.1,84949540.7,432633955
7398.4,S,34,46288.73,6117.01,17764285.1,84949541.0,432633958
7399.4,S,34,46297.34,6118.51,17764285.1,84949541.1,432633960
7400.4,S,34,46306.11,6119.81,17764285.1,84949541.4,432633969
7401.4,S,34,46314.64,6121.17,17764285.1,84949605.9,432634185
7402.4,S,34,46322.19,6122.38,17764285.1,84949651.9,432634333
7403.4,S,38,46332.38,6123.82,17764285.1,84949709.3,432634528
7404.4,S,34,46340.14,6125.01,17764285.1,84949805.2,432634906
7405.4,S,34,46348.93,6126.38,17764285.1,84949805.5,432634910
7406.4,S,34,46357.16,6127.92,17764285.1,84949869.9,432635178
7407.4,S,34,46365.90,6129.41,17764285.1,84949870.1,432635178
7408.4,S,34,46374.61,6130.85,17764285.1,84949870.9,432635180
7409.4,S,34,46383.04,6132.35,17764285.1,84949918.2,432635340
7410.4,S,38,46391.74,6133.52,17764285.1,84950021.2,432635657
7411.4,S,34,46399.51,6134.54,17764285.1,84950117.2,432635956
7412.4,S,34,46403.63,6135.16,17764285.1,84950117.4,432635956
7413.4,S,34,46407.76,6135.78,17764285.1,84950118.0,432635970
7414.4,S,34,46411.81,6136.51,17764285.1,84950183.0,432636293
7415.4,S,34,46415.96,6137.10,17764285.1,84950183.3,432636298
7416.4,S,34,46420.08,6137.72,17764285.1,84950183.5,432636304
7417.4,S,34,46424.24,6138.36,17764285.1,84950183.7,432636306
7418.4,S,34,46428.32,6139.02,17764285.1,84950248.3,432636457
7419.4,S,34,46432.45,6139.63,17764285.1,84950248.7,432636458
7420.4,S,34,46436.68,6140.30,17764285.1,84950249.1,432636461
7421.4,S,34,46440.82,6140.95,17764285.1,84950249.2,432636463
7422.4,S,34,46445.04,6141.57,17764285.1,84950313.9,432636525
7423.4,S,34,46449.17,6142.26,17764285.1,84950314.0,432636526
7424.4,S,34,46453.32,6142.96,17764285.1,84950409.2,432636609
7425.4,S,34,46457.54,6143.57,17764285.1,84950409.3,432636611
7426.4,S,34,46461.72,6144.19,17764285.1,84950409.7,432636614
7427.4,S,34,46466.22,6145.08,17764285.1,84950474.0,432636675
7428.4,S,34,46470.97,6145.83,17764285.1,84950474.3,432636680
7429.4,S,34,46475.72,6146.54,17764285.1,84950549.3,432636746
7430.4,S,38,46481.75,6147.28,17764285.1,84950558.0,432636767
7431.4,S,35,46488.07,6147.94,17764285.1,84950714.8,432637296
7432.4,S,34,46491.85,6148.52,17764285.1,84950719.2,432637319
7433.4,S,34,46495.51,6149.06,17764285.1,84950719.4,432637321
7434.4,S,34,46498.98,6149.55,17764286.3,84950774.5,432637524
7435.4,S,34,46502.62,6150.13,17764294.9,84950775.0,432637556
7436.4,S,34,46506.24,6150.71,17764301.2,84950839.7,432637796
7437.4,S,34,46509.90,6151.18,17764310.6,84950840.0,432637823
7438.4,S,34,46513.49,6151.68,17764319.4,84950840.2,432637849
7439.4,S,34,46517.22,6152.21,17764327.0,84950840.4,432637867
7440.4,S,34,46521.04,6152.79,17764334.3,84950840.6,432637890
7441.4,S,34,46524.94,6153.48,17764336.0,84950906.2,432638112
7442.4,S,34,46529.04,6154.15,17764336.0,84950906.4,432638115
7443.4,S,34,46533.14,6154.82,17764336.0,84950906.6,432638122
7444.4,S,34,46537.27,6155.49,17764336.0,84950907.1,432638125
7445.4,S,34,46541.21,6156.23,17764336.0,84951010.9,432638507
7446.4,S,34,46545.47,6156.83,17764336.0,84951011.1,432638510
7447.4,S,34,46549.62,6157.50,17764336.0,84951011.7,432638512
7448.4,S,34,46553.82,6158.11,17764336.0,84951011.9,432638512
7449.4,S,34,46558.02,6158.80,17764336.0,84951012.1,432638513
7450.4,S,34,46562.02,6159.55,17764336.0,84951077.0,432638784
7451.4,S,34,46566.04,6160.30,17764336.0,84951077.1,432638786
7452.4,S,34,46570.13,6160.88,17764336.0,84951077.6,432638791
7453.4,S,34,46574.25,6161.56,17764336.0,84951077.9,432638799
7454.4,S,34,46578.36,6162.26,17764336.0,84951142.7,432639037
7455.4,S,34,46582.46,6162.95,17764336.0,84951143.0,432639039
7456.4,S,38,46587.84,6163.58,17764336.0,84951171.1,432639158
7457.4,S,34,46593.54,6164.15,17764336.0,84951266.8,432639469
7458.4,S,34,46594.54,6164.16,17764336.0,84951267.3,432639473
7459.4,S,34,46595.20,6164.24,17764336.0,84951332.6,432639749
7460.4,S,34,46596.19,6164.25,17764336.0,84951332.8,432639751
7461.4,S,34,46597.17,6164.27,17764336.0,84951333.2,432639752
7462.4,S,34,46598.15,6164.29,17764336.0,84951338.2,432639767
7463.4,S,34,46598.93,6164.31,17764336.0,84951398.3,432639979
7464.4,S,34,46599.91,6164.32,17764336.0,84951398.5,432639983
7465.4,S,34,46600.90,6164.34,17764336.0,84951448.9,432640164
7466.4,S,34,46601.69,6164.36,17764336.0,84951485.2,432640354
7467.4,S,34,46602.55,6164.38,17764336.0,84951513.6,432640474
7468.4,S,34,46603.54,6164.40,17764336.0,84951513.7,432640474
7469.4,S,34,46604.53,6164.41,17764336.0,84951514.1,432640482
7470.4,S,34,46605.27,6164.47,17764336.0,84951568.9,432640691
7471.4,S,34,46606.25,6164.49,17764336.0,84951569.2,432640693
7472.4,S,34,46607.23,6164.51,17764336.0,84951569.5,432640694
7473.4,S,34,46608.22,6164.52,17764336.0,84951569.7,432640698
7474.4,S,34,46608.71,6164.54,17764336.0,84951634.7,432641247
7475.4,S,34,46609.69,6164.55,17764336.0,84951648.4,432641312
7476.4,S,34,46610.68,6164.57,17764336.0,84951648.6,432641314
7477.4,S,34,46611.66,6164.59,17764336.0,84951648.7,432641325
7478.4,S,34,46612.36,6164.61,17764336.0,84951713.5,432641625
7479.4,S,34,46613.35,6164.63,17764336.0,84951713.8,432641627
7480.4,S,34,46614.33,6164.64,17764336.0,84951714.0,432641631
7481.4,S,34,46615.31,6164.66,17764336.0,84951714.1,432641633
7482.4,S,34,46616.17,6164.69,17764336.0,84951778.6,432641763
7483.4,S,34,46617.15,6164.71,17764336.0,84951778.9,432641764
7484.4,S,34,46618.02,6164.76,17764336.0,84951816.3,432641840
7485.4,S,34,46619.01,6164.78,17764336.0,84951816.6,432641842
7486.4,S,34,46620.00,6164.79,17764336.0,84951816.8,432641848
7487.4,S,34,46620.98,6164.81,17764336.0,84951816.9,432641850
7488.4,S,34,46621.84,6164.83,17764336.0,84951881.5,432641981
7489.4,S,34,46622.82,6164.85,17764336.0,84951882.0,432641983
7490.5,S,34,46623.81,6164.87,17764336.0,84951882.2,432641988
7491.5,S,34,46624.65,6164.90,17764336.0,84951948.2,432642135
7492.5,S,34,46625.63,6164.91,17764336.0,84951948.3,432642147
7493.5,S,34,46626.62,6164.92,17764336.0,84951948.4,432642151
7494.5,S,34,46627.51,6164.95,17764336.0,84951970.9,432642252
7495.5,S,34,46628.32,6165.02,17764336.0,84952003.7,432642374
7496.5,S,34,46629.30,6165.04,17764336.0,84952004.2,432642382
7497.5,S,34,46630.28,6165.06,17764336.0,84952004.4,432642385
7498.5,S,34,46631.06,6165.08,17764336.0,84952068.9,432642597
7499.5,S,34,46632.04,6165.09,17764336.0,84952069.1,432642601
7500.5,S,34,46633.03,6165.11,17764336.0,84952069.2,432642602
7501.5,S,34,46634.01,6165.13,17764336.0,84952069.6,432642609
7502.5,S,34,46634.78,6165.16,17764336.0,84952134.4,432642818
7503.5,S,34,46635.77,6165.17,17764336.0,84952134.6,432642822
7504.5,S,34,46636.76,6165.19,17764336.0,84952134.7,432642829
7505.5,S,34,46637.74,6165.20,17764336.0,84952134.9,432642832
7506.5,S,34,46638.54,6165.22,17764336.0,84952199.3,432643029
7507.5,S,34,46639.45,6165.27,17764336.0,84952213.6,432643072
7508.5,S,34,46640.43,6165.29,17764336.0,84952213.8,432643077
7509.5,S,34,46641.41,6165.31,17764336.0,84952214.0,432643078
7510.5,S,34,46642.39,6165.33,17764336.0,84952214.1,432643080
7511.5,S,34,46643.19,6165.35,17764336.0,84952278.6,432643272
7512.5,S,34,46644.17,6165.37,17764336.0,84952278.8,432643274
7513.5,S,34,46645.16,6165.38,17764336.0,84952279.4,432643276
7514.5,S,34,46645.99,6165.40,17764336.0,84952343.8,432643436
7515.5,S,34,46646.98,6165.41,17764336.0,84952344.0,432643445
7516.5,S,34,46647.89,6165.46,17764336.0,84952364.2,432643496
7517.5,S,34,46648.88,6165.47,17764336.0,84952364.4,432643497
7518.5,S,34,46649.86,6165.49,17764336.0,84952364.8,432643499
7519.5,S,34,46650.68,6165.51,17764336.0,84952429.6,432643678
7520.5,S,34,46651.67,6165.53,17764336.0,84952429.8,432643683
7521.5,S,34,46652.65,6165.54,17764336.0,84952430.0,432643685
7522.5,S,34,46653.64,6165.55,17764336.0,84952430.1,432643693
7523.5,S,34,46654.44,6165.58,17764336.0,84952495.0,432643886
7524.5,S,34,46655.43,6165.59,17764336.0,84952495.4,432643894
7525.5,S,34,46656.41,6165.61,17764336.0,84952495.5,432643895
7526.5,S,34,46657.21,6165.66,17764336.0,84952550.5,432644060
7527.5,S,34,46658.20,6165.67,17764336.0,84952550.8,432644064
7528.5,S,34,46659.17,6165.70,17764336.0,84952550.8,432644065
7529.5,S,34,46660.15,6165.72,17764336.0,84952551.2,432644073
7530.5,S,34,46660.92,6165.74,17764336.0,84952615.9,432644289
7531.5,S,34,46661.91,6165.75,17764336.0,84952616.1,432644291
7532.5,S,34,46662.90,6165.77,17764336.0,84952616.2,432644293
7533.5,S,34,46663.88,6165.79,17764336.0,84952616.4,432644296
7534.5,S,34,46664.81,6165.82,17764336.0,84952681.2,432644351
7535.5,S,34,46665.80,6165.83,17764336.0,84952681.5,432644354
7536.5,S,34,46666.70,6165.89,17764336.0,84952751.3,432644433
7537.5,S,34,46667.68,6165.91,17764336.0,84952751.6,432644437
7538.5,S,34,46668.67,6165.92,17764336.0,84952751.7,432644439
7539.5,S,34,46669.65,6165.94,17764336.0,84952751.8,432644443
7540.5,S,34,46670.58,6165.97,17764336.0,84952816.8,432644502
7541.5,S,34,46671.56,6165.99,17764336.0,84952817.3,432644505
7542.5,S,34,46672.54,6166.01,17764336.0,84952817.4,432644507
7543.5,S,34,46673.47,6166.04,17764336.0,84952881.9,432644563
7544.5,S,34,46674.45,6166.05,17764336.0,84952882.0,432644565
7545.5,S,34,46675.44,6166.06,17764336.0,84952882.4,432644567
7546.5,S,34,46676.42,6166.07,17764342.9,84952882.5,432644577
7547.5,S,34,46677.34,6166.10,17764353.8,84952947.3,432644655
7548.5,S,34,46678.31,6166.13,17764365.7,84952947.6,432644675
7549.5,S,34,46679.28,6166.15,17764377.7,84952947.8,432644691
7550.5,S,34,46680.26,6166.17,17764388.7,84952947.9,432644705
7551.5,S,34,46681.13,6166.23,17764391.6,84953010.6,432644800
7552.5,S,34,46682.11,6166.24,17764391.6,84953011.3,432644804
7553.5,S,34,46683.10,6166.25,17764391.6,84953011.4,432644806
7554.5,S,34,46684.02,6166.27,17764391.6,84953038.9,432644879
7555.5,S,34,46684.89,6166.29,17764391.6,84953076.0,432644993
7556.5,S,34,46685.88,6166.30,17764391.6,84953076.2,432644996
7557.5,S,34,46686.86,6166.32,17764391.6,84953076.7,432644999
7558.5,S,34,46687.66,6166.34,17764391.6,84953141.4,432645198
7559.5,S,34,46688.64,6166.35,17764391.6,84953141.5,432645199
7560.5,S,34,46689.63,6166.37,17764391.6,84953141.6,432645200
7561.5,S,34,46690.61,6166.38,17764391.6,84953141.7,432645202
7562.5,S,34,46691.42,6166.41,17764391.6,84953206.5,432645392
7563.5,S,34,46692.39,6166.43,17764391.6,84953206.6,432645394
7564.5,S,34,46693.38,6166.45,17764391.6,84953206.9,432645399
7565.5,S,34,46694.12,6166.52,17764391.6,84953253.1,432645608
7566.5,S,34,46695.10,6166.54,17764391.6,84953253.3,432645610
7567.5,S,34,46696.08,6166.56,17764391.6,84953253.8,432645623
7568.5,S,34,46697.07,6166.57,17764391.6,84953254.0,432645629
7569.5,S,34,46697.77,6166.60,17764391.6,84953318.8,432645915
7570.5,S,34,46698.76,6166.61,17764391.6,84953319.0,432645915
7571.5,S,34,46699.75,6166.63,17764391.6,84953319.1,432645918
7572.5,S,34,46700.67,6166.64,17764391.6,84953383.6,432645989
7573.5,S,34,46701.65,6166.66,17764391.6,84953384.1,432645994
7574.5,S,34,46702.64,6166.68,17764391.6,84953384.1,432645996
7575.5,S,34,46703.63,6166.69,17764391.6,84953384.5,432645997
7576.5,S,34,46704.56,6166.71,17764391.6,84953449.0,432646052
7577.5,S,34,46705.54,6166.73,17764391.6,84953449.1,432646054
7578.5,S,34,46706.46,6166.80,17764391.6,84953477.0,432646081
7579.5,S,34,46707.44,6166.81,17764391.6,84953477.4,432646084
7580.5,S,34,46708.43,6166.82,17764391.6,84953477.6,432646087
7581.5,S,34,46709.36,6166.85,17764391.6,84953542.5,432646140
7582.5,S,34,46710.34,6166.86,17764391.6,84953542.6,432646143
7583.5,S,34,46711.33,6166.88,17764391.6,84953542.8,432646147
7584.5,S,34,46712.31,6166.90,17764391.6,84953543.3,432646150
7585.5,S,34,46713.24,6166.93,17764391.6,84953607.8,432646210
7586.5,S,34,46714.22,6166.94,17764391.6,84953608.1,432646210
7587.5,S,34,46715.21,6166.95,17764391.6,84953608.3,432646211
7588.5,S,34,46716.14,6166.98,17764391.6,84953672.8,432646267
7589.5,S,34,46717.13,6166.99,17764391.6,84953700.1,432646302
7590.5,S,34,46718.11,6167.01,17764391.6,84953700.5,432646312
7591.5,S,34,46719.09,6167.03,17764391.6,84953700.6,432646316
7592.5,S,34,46719.89,6167.05,17764391.6,84953765.4,432646505
7593.5,S,34,46720.88,6167.06,17764391.6,84953765.6,432646507
7594.5,S,34,46721.87,6167.08,17764391.6,84953765.8,432646510
7595.5,S,34,46722.86,6167.09,17764391.6,84953766.3,432646514
7596.5,S,34,46723.60,6167.18,17764391.6,84953833.4,432646699
7597.5,S,34,46724.58,6167.20,17764391.6,84953833.7,432646703
7598.5,S,34,46725.56,6167.22,17764391.6,84953833.9,432646704
7599.5,S,34,46726.55,6167.23,17764391.6,84953834.3,432646706
7600.5,S,34,46727.32,6167.25,17764391.6,84953898.8,432646927
7601.5,S,34,46728.30,6167.27,17764391.6,84953899.2,432646930
7602.5,S,34,46729.29,6167.28,17764391.6,84953899.2,432646931
7603.5,S,34,46730.28,6167.30,17764391.6,84953899.5,432646939
7604.5,S,34,46731.08,6167.32,17764391.6,84953963.9,432647123
7605.5,S,34,46732.07,6167.34,17764391.6,84953964.3,432647132
7606.5,S,34,46733.06,6167.35,17764391.6,84953964.3,432647134
7607.5,S,34,46733.89,6167.37,17764391.6,84954014.1,432647289
7608.5,S,34,46734.81,6167.39,17764391.6,84954029.4,432647345
7609.6,S,34,46735.79,6167.41,17764391.6,84954029.7,432647351
7610.6,S,34,46736.60,6167.46,17764391.6,84954078.6,432647502
7611.6,S,34,46737.57,6167.49,17764391.6,84954078.8,432647504
7612.6,S,34,46738.56,6167.50,17764391.6,84954079.3,432647508
7613.6,S,34,46739.54,6167.52,17764391.6,84954079.4,432647510
7614.6,S,34,46740.35,6167.55,17764391.6,84954144.0,432647705
7615.6,S,34,46741.34,6167.56,17764391.6,84954144.1,432647712
7616.6,S,34,46742.32,6167.58,17764391.6,84954144.5,432647714
7617.6,S,34,46743.31,6167.59,17764391.6,84954144.6,432647714
7618.6,S,34,46744.07,6167.60,17764391.6,84954209.5,432647963
7619.6,S,34,46745.05,6167.61,17764391.6,84954209.7,432647965
7620.6,S,34,46746.05,6167.62,17764391.6,84954209.9,432647966
7621.6,S,34,46746.95,6167.65,17764391.6,84954239.9,432648049
7622.6,S,34,46747.85,6167.67,17764391.6,84954274.7,432648146
7623.6,S,34,46748.83,6167.68,17764391.6,84954274.8,432648148
7624.6,S,34,46749.82,6167.69,17764391.6,84954275.3,432648153
7625.6,S,34,46750.61,6167.71,17764396.3,84954340.0,432648366
7626.6,S,34,46751.56,6167.73,17764407.0,84954340.2,432648402
7627.6,S,34,46752.53,6167.74,17764418.6,84954340.2,432648428
7628.6,S,34,46753.48,6167.76,17764429.5,84954340.6,432648458
7629.6,S,34,46754.31,6167.78,17764438.8,84954393.7,432648619
7630.6,S,34,46755.18,6167.85,17764442.1,84954411.1,432648693
7631.6,S,34,46756.17,6167.86,17764442.1,84954411.3,432648695
7632.6,S,34,46757.15,6167.88,17764442.1,84954411.5,432648699
7633.6,S,34,46758.10,6167.91,17764442.1,84954425.7,432648736
7634.6,S,34,46758.98,6167.94,17764442.1,84954476.7,432648827
7635.6,S,34,46759.96,6167.95,17764448.3,84954476.8,432648835
7636.6,S,34,46760.94,6167.97,17764458.6,84954476.9,432648851
7637.6,S,34,46761.86,6167.99,17764468.5,84954541.4,432648928
7638.6,S,34,46762.84,6168.01,17764471.1,84954541.6,432648932
7639.6,S,34,46763.82,6168.03,17764471.1,84954541.9,432648934
7640.6,S,34,46764.80,6168.05,17764471.1,84954542.2,432648936
7641.6,S,34,46765.73,6168.08,17764471.1,84954606.7,432648990
7642.6,S,34,46766.69,6168.11,17764471.1,84954618.1,432649007
7643.6,S,41,46773.39,6168.23,17764471.1,84954618.2,432649009
7644.6,S,41,46781.30,6168.33,17764471.1,84954618.7,432649013
7645.6,S,41,46789.18,6168.45,17764471.1,84954619.2,432649016
7646.6,S,41,46796.92,6168.60,17764471.1,84954784.2,432649160
7647.6,S,41,46801.88,6168.75,17764471.1,84955090.6,432650023
7648.6,S,41,46809.35,6168.87,17764471.1,84955127.4,432650244
7649.6,S,41,46817.25,6168.98,17764471.1,84955127.5,432650246
7650.6,S,41,46824.05,6169.11,17764471.1,84955256.4,432650644
7651.6,S,41,46829.32,6169.23,17764471.1,84955435.2,432651325
7652.6,S,41,46836.57,6169.40,17764471.1,84955566.2,432651895
7653.6,S,41,46843.60,6169.51,17764471.1,84955648.4,432652161
7654.6,S,41,46850.99,6169.63,17764471.1,84955723.2,432652423
7655.6,S,41,46858.38,6169.78,17764471.1,84955833.3,432652789
7656.6,S,41,46865.94,6169.97,17764471.1,84956090.8,432653010
7657.6,S,41,46873.77,6170.10,17764471.1,84956154.2,432653067
7658.6,S,41,46881.64,6170.23,17764471.1,84956154.5,432653072
7659.6,S,41,46889.08,6170.36,17764471.1,84956263.6,432653421
7660.6,S,41,46894.30,6170.52,17764471.1,84956599.7,432654383
7661.6,S,41,46901.07,6170.64,17764471.1,84956685.3,432654662
7662.6,S,41,46908.96,6170.76,17764471.1,84956685.3,432654662
7663.6,S,41,46916.71,6170.89,17764471.1,84956721.9,432654792
7664.6,S,41,46922.81,6171.04,17764471.1,84956915.2,432655452
7665.6,S,41,46929.84,6171.23,17764471.1,84957202.2,432655695
7666.6,S,41,46937.73,6171.35,17764471.1,84957202.5,432655696
7667.6,S,41,46945.63,6171.45,17764471.1,84957202.8,432655697
7668.6,S,41,46953.02,6171.59,17764471.1,84957333.1,432656030
7669.6,S,41,46955.06,6171.70,17764471.1,84957617.6,432657031
7670.6,S,41,46960.86,6171.81,17764471.1,84957728.2,432657501
7671.6,S,41,46968.75,6171.92,17764471.1,84957728.4,432657507
7672.6,S,41,46976.46,6172.05,17764471.1,84957785.1,432657696
7673.6,S,41,46984.07,6172.19,17764471.1,84957828.6,432657874
7674.6,S,41,46987.55,6172.30,17764471.1,84958097.1,432658875
7675.6,S,41,46994.61,6172.44,17764471.1,84958268.6,432659308
7676.6,S,41,47002.47,6172.58,17764471.1,84958268.9,432659312
7677.6,S,41,47010.35,6172.70,17764471.1,84958268.9,432659314
7678.6,S,41,47017.90,6172.87,17764471.1,84958536.8,432659541
7679.6,S,41,47024.47,6173.00,17764471.1,84958723.6,432660086
7680.6,S,41,47032.07,6173.15,17764471.1,84958804.7,432660373
7681.6,S,41,47039.60,6173.27,17764471.1,84958857.3,432660672
7682.6,S,41,47047.09,6173.43,17764471.1,84958971.8,432661053
7683.6,S,41,47054.47,6173.55,17764471.1,84959116.6,432661595
7684.6,S,41,47060.13,6173.67,17764471.1,84959320.6,432662435
7685.6,S,41,47067.74,6173.78,17764471.1,84959398.1,432662727
7686.6,S,41,47075.33,6173.91,17764471.1,84959459.8,432663013
7687.6,S,41,47083.07,6174.04,17764471.1,84959536.8,432663175
7688.6,S,41,47090.76,6174.20,17764471.1,84959753.6,432663368
7689.6,S,41,47098.24,6174.34,17764471.1,84959956.4,432663790
7690.6,S,41,47105.69,6174.49,17764471.1,84960022.6,432664064
7691.7,S,40,47111.85,6174.60,17764471.1,84960079.7,432664301
7692.7,S,40,47118.34,6174.73,17764471.1,84960187.5,432664713
7693.7,S,40,47123.88,6174.86,17764471.1,84960372.5,432665381
7694.7,S,40,47129.87,6174.97,17764471.1,84960515.3,432665919
7695.7,S,37,47134.20,6175.06,17764471.1,84960636.9,432666350
7696.7,S,34,47135.50,6175.10,17764471.1,84960750.8,432666691
7697.7,S,34,47137.40,6176.09,17764471.1,84960755.2,432666738
7698.7,S,34,47146.21,6177.52,17764471.1,84960757.0,432666749
7699.7,S,34,47154.95,6179.00,17764471.1,84960757.4,432666756
7700.7,S,34,47163.80,6180.37,17764471.1,84960757.7,432666759
7701.7,S,34,47172.54,6181.80,17764471.1,84960757.8,432666761
7702.7,S,34,47180.89,6183.18,17764475.7,84960822.4,432666988
7703.7,S,34,47189.48,6184.59,17764486.5,84960848.9,432667029
7704.7,S,37,47201.78,6186.20,17764496.8,84960894.3,432667082
7705.7,S,34,47210.47,6187.62,17764507.2,84960945.6,432667140
7706.7,S,34,47219.28,6189.11,17764516.5,84961010.3,432667213
7707.7,S,34,47228.07,6190.45,17764527.1,84961010.4,432667223
7708.7,S,34,47236.79,6191.81,17764529.3,84961029.1,432667249
7709.7,S,32,47244.82,6193.16,17764529.3,84961029.7,432667251
7710.7,S,34,47253.00,6194.34,17764529.3,84961080.1,432667304
7711.7,S,29,47262.43,6195.24,17764529.3,84961176.6,432667406
7712.7,S,27,47268.35,6196.10,17764529.3,84961241.2,432667571
7713.7,S,25,47273.38,6196.70,17764529.3,84961241.4,432667579
7714.7,S,20,47276.99,6197.08,17764529.3,84961241.6,432667581
7715.7,D,17,47278.09,6197.21,17764529.3,84961365.4,432668010
