t_s,state,nthreads,utime_s,stime_s,disk_r_mb,disk_w_mb,disk_io_ms
0.0,R,1,0.00,0.00,17893600.6,89809327.2,441274312
1.0,S,47,9.66,4.40,17893600.6,89809328.2,441274323
2.0,S,47,20.26,9.62,17893600.6,89809328.7,441274326
3.0,S,47,30.74,14.94,17893600.6,89809328.9,441274329
4.0,S,47,41.47,20.09,17893600.6,89809329.3,441274332
5.0,S,47,52.34,25.06,17893600.6,89809329.5,441274333
6.0,S,47,61.90,29.76,17893600.6,89809394.0,441274536
7.0,S,47,70.65,33.84,17893600.6,89809444.2,441274732
8.0,S,47,79.30,37.95,17893600.6,89809508.8,441274911
9.0,S,47,90.05,43.02,17893600.6,89809509.4,441274914
10.0,S,47,98.13,46.81,17893600.6,89809576.6,441275159
11.0,S,47,107.81,51.55,17893600.6,89809681.6,441275430
12.0,S,47,118.33,56.85,17893600.6,89809682.1,441275432
13.0,S,47,128.27,61.74,17893600.6,89809704.2,441275497
14.0,S,47,138.97,66.86,17893600.6,89809704.6,441275498
15.0,S,47,149.51,72.11,17893600.6,89809704.9,441275502
16.0,S,50,157.76,75.42,17893600.6,89809797.6,441275833
17.0,S,50,171.41,80.65,17893600.6,89809797.8,441275835
18.0,S,48,181.06,84.83,17893600.6,89809907.4,441276219
19.0,S,48,189.78,88.60,17893600.6,89810007.7,441276488
20.0,S,47,200.64,93.66,17893600.6,89810044.7,441276593
21.0,S,47,207.82,96.81,17893600.6,89810132.2,441276937
22.0,S,55,226.30,101.02,17893600.6,89810149.5,441276981
23.0,S,53,245.10,105.34,17893600.6,89810233.5,441277055
24.0,S,47,254.32,109.02,17893600.6,89810604.3,441277565
25.0,S,58,276.10,113.80,17893600.6,89810613.4,441277602
26.0,S,58,298.80,119.06,17893600.6,89810613.6,441277606
27.0,S,56,318.33,123.63,17893600.6,89810720.8,441277972
28.0,S,54,334.08,127.20,17893600.6,89810928.0,441278650
29.0,S,52,350.68,131.75,17893600.6,89811094.3,441279320
30.0,S,50,363.08,136.27,17893600.6,89811346.7,441280112
31.0,S,47,372.54,140.58,17893600.6,89811431.8,441280589
32.0,S,47,380.09,143.73,17893600.6,89811535.0,441280970
33.0,S,47,391.83,148.87,17893600.6,89811535.4,441280977
34.0,S,47,402.00,153.42,17893600.6,89811578.4,441281115
35.0,S,47,411.19,157.28,17893600.6,89811638.9,441281354
36.0,S,47,422.93,162.38,17893600.6,89811639.5,441281357
37.0,S,47,430.86,165.84,17893600.6,89811743.4,441281700
38.0,S,47,442.59,170.94,17893600.6,89811743.6,441281701
39.0,S,47,454.31,176.05,17893600.6,89811743.9,441281706
40.0,S,50,463.66,179.30,17893600.6,89811846.1,441282032
41.0,S,50,477.00,184.37,17893600.6,89812059.9,441282857
42.0,S,49,489.99,189.71,17893600.6,89812154.9,441283183
43.0,S,48,498.22,193.40,17893600.6,89812304.3,441283624
44.0,S,48,509.82,198.63,17893600.6,89812304.5,441283627
45.0,S,54,524.11,203.78,17893600.6,89812352.0,441283788
46.0,S,62,543.23,207.00,17893600.6,89812455.2,441284147
47.0,S,62,570.08,212.05,17893600.6,89812455.9,441284155
48.0,S,61,596.39,217.12,17893600.6,89812541.7,441284458
49.0,S,60,614.51,221.21,17893600.6,89812843.6,441285077
50.0,S,57,629.28,224.37,17893600.6,89813216.3,441285702
51.0,S,53,643.44,228.07,17893600.6,89813456.8,441286400
52.0,S,53,660.06,232.37,17893600.6,89813567.4,441286817
53.0,S,49,676.27,237.09,17893600.6,89813648.9,441287095
54.0,S,49,688.41,240.22,17893600.6,89813751.6,441287503
55.0,S,47,704.07,245.54,17893600.6,89813853.1,441287666
56.0,S,47,717.41,250.91,17893600.6,89813983.4,441287788
57.0,S,47,729.13,255.45,17893600.6,89814086.7,441287886
58.0,S,47,741.84,260.56,17893600.6,89814087.2,441287890
59.0,S,47,752.24,264.69,17893600.6,89814159.5,441288099
60.0,S,47,763.63,269.17,17893600.6,89814190.9,441288221
61.0,S,47,776.38,274.22,17893600.6,89814191.3,441288231
62.0,S,47,785.82,277.81,17893600.6,89814294.2,441288521
63.0,S,47,798.62,282.84,17893600.6,89814294.5,441288524
64.0,S,47,810.93,287.96,17893600.6,89814418.8,441288850
65.0,S,50,818.54,290.69,17893600.6,89814588.0,441289433
66.0,S,50,833.27,295.89,17893600.6,89814588.4,441289441
67.0,S,49,844.82,300.27,17893600.6,89814731.3,441289855
68.0,S,48,854.00,303.57,17893600.6,89814834.8,441290193
69.0,S,48,866.92,308.45,17893600.6,89814837.4,441290199
70.0,S,47,879.52,313.54,17893600.6,89814883.5,441290310
71.0,S,55,898.40,317.70,17893600.6,89814986.4,441290402
72.0,S,55,918.76,322.41,17893600.6,89815361.6,441290948
73.0,S,51,932.56,326.53,17893600.6,89815558.5,441291607
74.1,S,47,935.79,327.55,17893600.6,89815852.2,441292532
75.1,S,47,948.24,332.61,17893600.6,89815852.7,441292546
76.1,S,47,960.84,337.88,17893600.6,89815853.5,441292549
77.1,S,51,970.96,341.30,17893600.6,89815956.2,441292872
78.1,S,51,988.19,345.98,17893600.6,89815956.4,441292876
79.1,S,50,1004.56,351.36,17893600.6,89816004.5,441293054
80.1,S,47,1013.06,354.09,17893600.6,89816250.5,441293824
81.1,S,47,1026.57,359.18,17893600.6,89816319.6,441294063
82.1,S,47,1039.25,364.52,17893600.6,89816441.4,441294197
83.1,S,47,1050.75,369.03,17893600.6,89816544.6,441294304
84.1,S,47,1063.68,373.99,17893600.6,89816544.8,441294305
85.1,S,47,1076.29,379.06,17893600.6,89816555.2,441294315
86.1,S,47,1088.07,383.63,17893600.6,89816648.2,441294404
87.1,S,47,1100.96,388.58,17893600.6,89816649.1,441294408
88.1,S,50,1112.61,392.60,17893600.6,89816751.9,441294594
89.1,S,50,1128.21,397.89,17893600.6,89816752.3,441294600
90.1,S,50,1140.50,402.51,17893600.6,89816882.4,441294968
91.1,S,48,1150.40,405.90,17893600.6,89816998.5,441295381
92.1,S,48,1162.01,410.63,17893600.6,89817189.5,441295999
93.1,S,47,1174.72,415.62,17893600.6,89817237.3,441296142
94.1,S,55,1184.83,418.84,17893600.6,89817339.8,441296499
95.1,S,55,1205.79,423.84,17893600.6,89817340.1,441296508
96.1,S,55,1225.93,428.86,17893600.6,89817390.5,441296676
97.1,S,50,1236.58,432.48,17893600.6,89817912.1,441297475
98.1,S,47,1239.87,433.73,17893600.6,89818205.5,441298381
99.1,S,47,1252.42,439.10,17893600.6,89818206.3,441298386
100.1,S,47,1265.21,444.15,17893600.6,89818206.5,441298389
101.1,S,51,1276.13,447.84,17893600.6,89818309.8,441298693
102.1,S,51,1292.97,452.90,17893600.6,89818310.6,441298701
103.1,S,51,1308.03,457.93,17893600.6,89818432.8,441299136
104.1,S,47,1320.23,462.65,17893600.6,89818604.9,441299511
105.1,S,47,1332.15,467.22,17893600.6,89818795.6,441299674
106.1,S,47,1344.68,472.52,17893600.6,89818795.8,441299676
107.1,S,47,1356.08,477.04,17893600.6,89818927.3,441299944
108.1,S,47,1368.79,482.20,17893600.6,89818928.2,441299947
109.1,S,47,1377.85,485.66,17893600.6,89819031.7,441300286
110.1,S,47,1390.50,490.70,17893600.6,89819031.9,441300296
111.1,S,47,1403.44,495.56,17893600.6,89819032.2,441300298
112.1,S,50,1413.95,499.24,17893600.6,89819135.1,441300581
113.1,S,50,1429.67,504.43,17893600.6,89819135.6,441300591
114.1,S,48,1443.75,509.17,17893600.6,89819243.4,441300923
115.1,S,48,1449.84,511.43,17893600.6,89819529.4,441301921
116.1,S,48,1460.92,515.48,17893600.6,89819572.7,441302087
117.1,S,48,1473.71,520.42,17893600.6,89819620.9,441302157
118.1,S,55,1488.35,524.81,17893600.6,89819724.4,441302256
119.1,S,55,1509.22,529.82,17893600.6,89819724.6,441302259
120.1,S,51,1528.45,534.72,17893600.6,89819971.2,441302489
121.1,S,50,1537.52,538.41,17893600.6,89820289.1,441303489
122.2,S,47,1539.44,538.99,17893600.6,89820588.7,441304472
123.2,S,47,1552.12,544.34,17893600.6,89820589.6,441304481
124.2,S,47,1564.99,549.31,17893600.6,89820590.0,441304482
125.2,S,51,1575.87,552.76,17893600.6,89820693.7,441304798
126.2,S,51,1592.71,557.81,17893600.6,89820694.0,441304802
127.2,S,47,1607.79,562.70,17893600.6,89820884.8,441304968
128.2,S,47,1620.37,567.36,17893600.6,89820987.9,441305061
129.2,S,47,1633.80,572.80,17893600.6,89821044.3,441305109
130.2,S,47,1646.51,577.90,17893600.6,89821179.5,441305524
131.2,S,47,1655.93,581.65,17893600.6,89821282.1,441305803
132.2,S,47,1668.87,586.49,17893600.6,89821282.4,441305807
133.2,S,47,1680.29,591.01,17893600.6,89821318.9,441305942
134.2,S,47,1690.58,595.07,17893600.6,89821414.2,441306325
135.2,S,47,1703.29,600.24,17893600.6,89821414.4,441306327
136.2,S,47,1712.37,603.72,17893600.6,89821515.5,441306662
137.2,S,50,1727.98,608.58,17893600.6,89821517.6,441306681
138.2,S,50,1741.71,613.24,17893600.6,89821708.0,441307328
139.2,S,48,1752.37,617.64,17893600.6,89821853.6,441307830
140.2,S,48,1760.99,620.88,17893600.6,89821953.7,441308199
141.2,S,47,1773.54,625.96,17893600.6,89822002.2,441308380
142.2,S,47,1784.07,630.16,17893600.6,89822064.9,441308576
143.2,S,55,1802.39,634.47,17893600.6,89822105.4,441308708
144.2,S,55,1823.23,639.58,17893600.6,89822105.9,441308712
145.2,S,50,1838.85,644.14,17893600.6,89822466.6,441309057
146.2,S,47,1842.72,645.81,17893600.6,89822783.7,441310058
147.2,S,51,1849.00,647.81,17893600.6,89822969.2,441310707
148.2,S,51,1866.10,652.62,17893600.6,89822971.0,441310716
149.2,S,51,1881.03,657.39,17893600.6,89823079.9,441311090
150.2,S,47,1892.05,661.39,17893600.6,89823264.8,441311421
151.2,S,47,1905.66,666.68,17893600.6,89823264.9,441311421
152.2,S,47,1919.01,671.89,17893600.6,89823455.4,441311589
153.2,S,47,1929.35,675.95,17893600.6,89823558.1,441311798
154.2,S,47,1942.14,681.02,17893600.6,89823558.6,441311799
155.2,S,47,1951.85,684.78,17893600.6,89823647.8,441312075
156.2,S,47,1963.98,689.52,17893600.6,89823662.2,441312130
157.2,S,47,1976.75,694.55,17893600.6,89823662.3,441312132
158.2,S,47,1985.97,698.13,17893600.6,89823765.3,441312439
159.2,S,47,1998.74,703.15,17893600.6,89823765.4,441312439
160.2,S,47,2011.20,708.24,17893600.6,89823854.2,441312693
161.2,S,50,2016.09,709.90,17893600.6,89824059.0,441313386
162.2,S,50,2031.06,714.76,17893600.6,89824059.2,441313389
163.2,S,50,2044.06,719.25,17893600.6,89824145.6,441313727
164.2,S,48,2053.79,723.06,17893600.6,89824305.1,441314033
165.2,S,48,2066.53,728.17,17893600.6,89824305.3,441314035
166.2,S,47,2078.69,733.03,17893600.6,89824404.8,441314122
167.2,S,55,2098.29,737.93,17893600.6,89824456.9,441314171
168.2,S,55,2119.30,742.86,17893600.6,89824457.2,441314173
169.2,S,54,2125.61,744.86,17893600.6,89824853.8,441315115
170.2,S,49,2135.65,748.88,17893600.6,89825187.1,441316116
171.2,S,47,2144.25,752.55,17893600.6,89825321.6,441316453
172.2,S,47,2156.96,757.62,17893600.6,89825323.5,441316465
173.2,S,51,2169.07,761.90,17893600.6,89825426.1,441316601
174.2,S,51,2185.81,767.07,17893600.6,89825426.4,441316605
175.2,S,47,2200.87,771.76,17893600.6,89825617.3,441316769
176.2,S,47,2213.39,776.47,17893600.6,89825720.1,441316863
177.2,S,47,2227.22,781.54,17893600.6,89825720.8,441316868
178.2,S,47,2240.42,786.68,17893600.6,89825911.3,441317400
179.2,S,47,2249.72,790.20,17893600.6,89826014.7,441317728
180.2,S,47,2262.64,795.12,17893600.6,89826014.9,441317729
181.2,S,47,2275.33,800.21,17893600.6,89826015.1,441317730
182.2,S,47,2283.91,803.23,17893600.6,89826118.1,441318115
183.2,S,47,2296.63,808.39,17893600.6,89826118.6,441318120
184.2,S,47,2307.95,813.00,17893600.6,89826148.2,441318240
185.2,S,50,2320.35,816.72,17893600.6,89826222.0,441318482
186.2,S,50,2335.60,822.06,17893600.6,89826343.6,441318840
187.2,S,48,2347.97,826.91,17893600.6,89826606.6,441319348
188.2,S,48,2360.05,831.85,17893600.6,89826658.0,441319395
189.2,S,47,2372.79,836.85,17893600.6,89826706.4,441319440
190.2,S,55,2387.69,841.48,17893600.6,89826809.1,441319534
191.2,S,55,2408.62,846.48,17893600.6,89826809.4,441319535
192.2,S,53,2426.88,851.02,17893600.6,89826933.8,441319888
193.2,S,49,2438.66,854.76,17893600.6,89827187.5,441320641
194.2,S,47,2439.59,854.89,17893600.6,89827503.7,441321632
195.2,S,47,2446.01,857.40,17893600.6,89827675.0,441322191
196.2,S,47,2458.48,862.77,17893600.6,89827675.6,441322199
197.2,S,47,2470.74,867.49,17893600.6,89827701.7,441322258
198.2,S,51,2483.24,871.46,17893600.6,89827778.9,441322524
199.2,S,51,2500.10,876.52,17893600.6,89827779.2,441322527
200.2,S,48,2513.62,881.25,17893600.6,89827935.9,441323016
201.2,S,47,2523.81,885.27,17893600.6,89828264.2,441323299
202.2,S,47,2536.52,890.36,17893600.6,89828264.5,441323302
203.2,S,47,2547.00,894.51,17893600.6,89828366.0,441323504
204.2,S,47,2559.35,899.69,17893600.6,89828367.5,441323517
205.2,S,47,2572.01,904.85,17893600.6,89828367.6,441323519
206.2,S,47,2581.43,908.46,17893600.6,89828471.1,441323814
207.2,S,47,2594.18,913.58,17893600.6,89828471.5,441323816
208.2,S,47,2606.95,918.63,17893600.6,89828471.8,441323824
209.2,S,50,2618.48,922.46,17893600.6,89828574.5,441324094
210.2,S,50,2634.28,927.60,17893600.6,89828574.7,441324101
211.2,S,50,2644.87,931.63,17893600.6,89828738.4,441324798
212.2,S,48,2651.82,933.99,17893600.6,89829011.4,441325624
213.2,S,48,2664.66,939.00,17893600.6,89829011.7,441325628
214.2,S,47,2677.39,944.00,17893600.6,89829059.3,441325691
215.2,S,55,2694.17,948.62,17893600.6,89829162.1,441325782
216.2,S,55,2715.03,953.67,17893600.6,89829162.8,441325784
217.2,S,51,2732.58,958.44,17893600.6,89829353.7,441325944
218.2,S,51,2739.26,960.78,17893600.6,89829703.8,441326852
219.2,S,47,2740.06,960.88,17893600.6,89829987.2,441327853
220.2,S,47,2750.78,965.43,17893600.6,89830027.2,441328015
221.2,S,47,2763.59,970.47,17893600.6,89830027.4,441328019
222.2,S,51,2773.02,973.81,17893600.6,89830131.5,441328369
223.2,S,51,2790.00,978.72,17893600.6,89830131.8,441328371
224.2,S,51,2806.06,983.57,17893600.6,89830322.5,441328533
225.2,S,47,2818.68,988.21,17893600.6,89830425.6,441328630
226.2,S,47,2831.51,993.36,17893600.6,89830616.0,441329001
227.2,S,47,2844.33,998.33,17893600.6,89830616.6,441329002
228.2,S,47,2854.39,1001.87,17893600.6,89830719.6,441329263
229.2,S,47,2867.13,1006.91,17893600.6,89830719.8,441329267
230.2,S,47,2876.87,1010.77,17893600.6,89830822.7,441329523
231.2,S,47,2889.72,1015.79,17893600.6,89830823.3,441329525
232.2,S,47,2902.64,1020.73,17893600.6,89830823.4,441329528
233.2,S,50,2911.33,1023.67,17893600.6,89830926.4,441329955
234.2,S,50,2927.17,1028.75,17893600.6,89830926.8,441329963
235.2,S,50,2941.70,1033.94,17893600.6,89831105.6,441330605
236.2,S,48,2950.57,1037.44,17893600.6,89831362.5,441331138
237.2,S,48,2963.37,1042.49,17893600.6,89831362.8,441331141
238.2,S,47,2976.01,1047.56,17893600.6,89831411.3,441331189
239.2,S,55,2992.76,1052.18,17893600.6,89831514.6,441331283
240.2,S,55,3014.03,1056.80,17893600.6,89831514.8,441331286
241.2,S,51,3030.20,1060.49,17893600.6,89831705.6,441331711
242.2,S,51,3036.40,1062.54,17893600.6,89832050.4,441332694
243.2,S,47,3038.10,1063.01,17893600.6,89832379.1,441333610
244.2,S,47,3050.84,1068.30,17893600.6,89832380.3,441333617
245.2,S,47,3063.57,1073.36,17893600.6,89832380.5,441333617
246.2,S,51,3077.45,1078.20,17893600.6,89832483.1,441333709
247.2,S,51,3094.19,1083.37,17893600.6,89832483.4,441333710
248.2,S,48,3109.95,1088.70,17893600.6,89832626.7,441333834
249.2,S,47,3120.20,1092.52,17893600.6,89832777.7,441334113
250.2,S,47,3133.23,1097.84,17893600.6,89832969.0,441334481
251.2,S,47,3145.63,1103.21,17893600.6,89832971.4,441334485
252.2,S,47,3155.84,1107.28,17893600.6,89833072.2,441334701
253.3,S,47,3168.65,1112.32,17893600.6,89833072.5,441334704
254.3,S,47,3177.79,1116.07,17893600.6,89833137.3,441335019
255.3,S,47,3189.38,1120.55,17893600.6,89833176.1,441335130
256.3,S,47,3202.04,1125.68,17893600.6,89833176.5,441335131
257.3,S,50,3211.75,1129.03,17893600.6,89833279.3,441335462
258.3,S,50,3227.74,1133.92,17893600.6,89833279.4,441335468
259.3,S,50,3241.77,1138.48,17893600.6,89833361.0,441335740
260.3,S,48,3248.72,1141.29,17893600.6,89833623.6,441336372
261.3,S,48,3260.65,1145.78,17893600.6,89833716.8,441336454
262.3,S,47,3273.34,1150.84,17893600.6,89833764.7,441336500
263.3,S,55,3288.23,1155.39,17893600.6,89833867.6,441336599
264.3,S,55,3309.06,1160.47,17893600.6,89833867.7,441336601
265.3,S,55,3327.47,1165.03,17893600.6,89833972.0,441337002
266.3,S,51,3338.06,1168.35,17893600.6,89834281.7,441337893
267.3,S,50,3339.32,1168.72,17893600.6,89834557.9,441338894
268.3,S,47,3349.70,1172.99,17893600.6,89834732.8,441339081
269.3,S,47,3362.42,1178.08,17893600.6,89834733.4,441339087
270.3,S,51,3375.66,1182.47,17893600.6,89834836.1,441339180
271.3,S,51,3392.45,1187.61,17893600.6,89834836.4,441339183
272.3,S,49,3408.12,1192.71,17893600.6,89834970.1,441339365
273.3,S,47,3417.98,1196.28,17893600.6,89835131.2,441339890
274.3,S,47,3431.32,1201.45,17893600.6,89835260.2,441340284
275.3,S,47,3444.05,1206.55,17893600.6,89835321.5,441340573
276.3,S,47,3452.49,1209.56,17893600.6,89835424.3,441340963
277.3,S,47,3465.30,1214.52,17893600.6,89835425.0,441340966
278.3,S,47,3478.16,1219.51,17893600.6,89835425.4,441340968
279.3,S,47,3487.81,1223.07,17893600.6,89835528.5,441341250
280.3,S,47,3500.57,1228.08,17893600.6,89835528.6,441341252
281.3,S,47,3510.06,1231.65,17893600.6,89835608.7,441341549
282.3,S,50,3524.18,1236.06,17893600.6,89835631.9,441341673
283.3,S,50,3539.70,1241.23,17893600.6,89835822.6,441341865
284.3,S,48,3550.91,1245.54,17893600.6,89836042.9,441342123
285.3,S,48,3562.38,1250.18,17893600.6,89836068.7,441342235
286.3,S,47,3574.82,1254.93,17893600.6,89836116.7,441342415
287.3,S,55,3585.41,1258.49,17893600.6,89836219.8,441342723
288.3,S,55,3606.80,1262.97,17893600.6,89836220.3,441342724
289.3,S,55,3626.51,1267.79,17893600.6,89836402.6,441343307
290.3,S,55,3634.23,1270.89,17893600.6,89836718.1,441344308
291.3,S,47,3637.69,1272.10,17893600.6,89837036.5,441345307
292.3,S,47,3648.38,1276.64,17893600.6,89837085.2,441345459
293.3,S,47,3661.09,1281.82,17893600.6,89837085.7,441345461
294.3,S,51,3674.17,1286.39,17893600.6,89837188.6,441345556
295.3,S,51,3691.17,1291.26,17893600.6,89837189.6,441345559
296.3,S,49,3707.06,1296.10,17893600.6,89837285.0,441345643
297.3,S,47,3718.67,1300.05,17893600.6,89837483.4,441345937
298.3,S,47,3731.53,1305.20,17893600.6,89837673.7,441346424
299.3,S,47,3744.26,1310.26,17893600.6,89837674.2,441346426
300.3,S,47,3752.94,1313.53,17893600.6,89837776.8,441346778
301.3,S,47,3765.63,1318.65,17893600.6,89837777.5,441346780
302.3,S,47,3776.05,1322.67,17893600.6,89837863.5,441346989
303.3,S,47,3788.28,1327.24,17893600.6,89837880.8,441347059
304.3,S,47,3801.15,1332.22,17893600.6,89837881.2,441347064
305.3,S,50,3810.89,1335.68,17893600.6,89837984.2,441347365
306.3,S,50,3826.53,1340.95,17893600.6,89837984.4,441347376
307.3,S,50,3841.77,1345.99,17893600.6,89838097.8,441347753
308.3,S,48,3851.94,1349.92,17893600.6,89838420.5,441348352
309.3,S,48,3864.68,1355.05,17893600.6,89838420.8,441348356
310.3,S,47,3877.35,1360.11,17893600.6,89838468.5,441348401
311.3,S,55,3893.72,1364.97,17893600.6,89838571.7,441348496
312.3,S,55,3914.67,1369.95,17893600.6,89838572.1,441348501
313.3,S,55,3928.58,1373.47,17893600.6,89838781.6,441349096
314.4,S,52,3937.73,1376.19,17893600.6,89839124.2,441350157
315.4,S,47,3944.96,1379.31,17893600.6,89839436.4,441350894
316.4,S,47,3957.43,1384.66,17893600.6,89839437.3,441350898
317.4,S,47,3970.25,1389.69,17893600.6,89839437.7,441350898
318.4,S,51,3985.52,1394.14,17893600.6,89839540.5,441350991
319.4,S,51,4002.31,1399.26,17893600.6,89839541.6,441350996
320.4,S,47,4015.42,1403.76,17893600.6,89839755.5,441351276
321.4,S,47,4025.50,1407.36,17893600.6,89839835.3,441351595
322.4,S,47,4039.02,1412.42,17893600.6,89839950.2,441351933
323.4,S,47,4050.54,1416.94,17893600.6,89840064.2,441352260
324.4,S,47,4061.03,1421.06,17893600.6,89840129.3,441352454
325.4,S,47,4073.82,1426.08,17893600.6,89840130.1,441352459
326.4,S,47,4082.64,1429.41,17893600.6,89840233.0,441352810
327.4,S,47,4095.34,1434.54,17893600.6,89840233.2,441352813
328.4,S,47,4108.08,1439.64,17893600.6,89840233.8,441352814
329.4,S,50,4116.72,1442.83,17893600.6,89840336.4,441353239
330.4,S,50,4132.40,1448.05,17893600.6,89840336.5,441353239
331.4,S,50,4146.20,1452.70,17893600.6,89840535.9,441353575
332.4,S,48,4158.03,1457.17,17893600.6,89840772.6,441353784
333.4,S,48,4170.84,1462.23,17893600.6,89840773.0,441353785
334.4,S,47,4183.36,1467.38,17893600.6,89840820.7,441353914
335.4,S,55,4197.82,1471.04,17893600.6,89840952.2,441354317
336.4,S,55,4218.41,1476.16,17893600.6,89841036.7,441354562
337.4,S,55,4234.87,1480.60,17893600.6,89841347.2,441355563
338.4,S,51,4242.22,1483.30,17893600.6,89841817.1,441356340
339.4,S,51,4259.05,1488.41,17893600.6,89841818.1,441356343
340.4,S,51,4275.58,1493.74,17893600.6,89841859.1,441356378
341.4,S,47,4286.50,1497.93,17893600.6,89842050.7,441356920
342.4,S,47,4298.10,1502.03,17893600.6,89842112.3,441357098
343.4,S,47,4311.97,1507.00,17893600.6,89842113.3,441357104
344.4,S,47,4322.80,1510.73,17893600.6,89842216.8,441357365
345.4,S,47,4336.18,1515.98,17893600.6,89842321.2,441357613
346.4,S,47,4348.90,1521.18,17893600.6,89842407.5,441357888
347.4,S,47,4357.77,1524.50,17893600.6,89842510.8,441358236
348.4,S,47,4370.50,1529.62,17893600.6,89842511.3,441358243
349.4,S,47,4383.15,1534.78,17893600.6,89842511.6,441358245
350.4,S,47,4392.00,1537.99,17893600.6,89842614.6,441358598
351.4,S,47,4404.67,1543.19,17893600.6,89842614.8,441358608
352.4,S,47,4415.83,1548.03,17893600.6,89842723.4,441359061
353.4,S,50,4423.06,1550.22,17893600.6,89842907.9,441359595
354.4,S,50,4437.95,1555.15,17893600.6,89842908.8,441359599
355.4,S,48,4450.35,1559.48,17893600.6,89843051.7,441359914
356.4,S,48,4461.98,1564.15,17893600.6,89843154.6,441360008
357.4,S,47,4474.61,1569.30,17893600.6,89843202.8,441360051
358.4,S,55,4487.93,1573.85,17893600.6,89843305.3,441360145
359.4,S,55,4509.06,1578.62,17893600.6,89843305.6,441360149
360.4,S,55,4526.66,1583.03,17893600.6,89843426.1,441360348
361.5,S,51,4539.51,1587.10,17893600.6,89843630.7,441360865
362.5,S,49,4542.17,1588.07,17893600.6,89843887.4,441361871
363.6,S,47,4548.43,1590.77,17893600.6,89844170.8,441362509
364.6,S,47,4561.20,1595.86,17893600.6,89844171.7,441362516
365.6,S,47,4573.93,1600.66,17893600.6,89844193.1,441362538
366.6,S,51,4589.70,1605.03,17893600.6,89844275.3,441362616
367.6,S,51,4606.54,1610.11,17893600.6,89844276.0,441362620
368.6,S,47,4618.76,1614.59,17893600.6,89844496.2,441362880
369.6,S,47,4629.50,1618.55,17893600.6,89844656.5,441363352
370.6,S,47,4642.18,1623.76,17893600.6,89844760.1,441363755
371.6,S,47,4651.85,1627.50,17893600.6,89844837.9,441364036
372.6,S,47,4663.49,1632.07,17893600.6,89844864.1,441364140
373.6,S,47,4676.16,1637.29,17893600.6,89844864.4,441364141
374.6,S,47,4685.43,1640.71,17893600.6,89844966.9,441364450
375.6,S,47,4698.09,1645.90,17893600.6,89844967.2,441364453
376.6,S,47,4710.94,1650.85,17893600.6,89844967.5,441364454
377.6,S,50,4721.73,1654.23,17893600.6,89845070.3,441364780
378.6,S,50,4737.29,1659.19,17893600.6,89845183.7,441365143
379.6,S,48,4750.80,1664.02,17893600.6,89845403.8,441365345
380.6,S,48,4762.35,1668.75,17893600.6,89845506.7,441365436
381.6,S,48,4774.97,1673.90,17893600.6,89845549.5,441365493
382.6,S,55,4784.27,1677.37,17893600.6,89845658.0,441365839
383.6,S,55,4805.28,1682.27,17893600.6,89845658.4,441365840
384.6,S,55,4820.98,1686.09,17893600.6,89845772.7,441366295
385.7,S,55,4834.23,1690.31,17893600.6,89846120.2,441367319
386.7,S,51,4841.92,1693.47,17893600.6,89846523.9,441368015
387.7,S,51,4858.65,1698.64,17893600.6,89846524.3,441368015
388.7,S,49,4874.93,1703.61,17893600.6,89846640.5,441368144
389.7,S,47,4883.79,1706.63,17893600.6,89846818.5,441368712
390.7,S,47,4897.62,1711.49,17893600.6,89846818.7,441368714
391.7,S,47,4911.23,1716.75,17893600.6,89846819.0,441368718
392.7,S,47,4922.05,1720.52,17893600.6,89846921.7,441368983
393.7,S,47,4935.57,1725.73,17893600.6,89846961.9,441369158
394.7,S,47,4948.30,1730.96,17893600.6,89847112.5,441369643
395.7,S,47,4956.89,1734.17,17893600.6,89847216.1,441370020
396.7,S,47,4969.58,1739.34,17893600.6,89847216.2,441370021
397.7,S,47,4982.20,1744.55,17893600.6,89847216.5,441370024
398.7,S,47,4991.35,1747.82,17893600.6,89847319.2,441370358
399.7,S,47,5004.16,1752.81,17893600.6,89847319.8,441370359
400.7,S,50,5015.58,1757.35,17893600.6,89847612.6,441370674
401.7,S,50,5030.56,1762.21,17893600.6,89847612.8,441370676
402.7,S,49,5045.06,1767.39,17893600.6,89847718.9,441370771
403.7,S,48,5053.57,1770.66,17893600.6,89847858.6,441371272
404.7,S,48,5066.33,1775.76,17893600.6,89847859.1,441371274
405.7,S,47,5078.74,1781.02,17893600.6,89847907.3,441371417
406.7,S,55,5090.35,1784.34,17893600.6,89848010.1,441371763
407.7,S,55,5111.24,1789.14,17893600.6,89848089.2,441371972
408.7,S,55,5127.88,1793.48,17893600.6,89848399.0,441372972
409.7,S,47,5138.29,1797.50,17893600.6,89848821.4,441373456
410.7,S,51,5151.57,1801.16,17893600.6,89848876.5,441373691
411.7,S,51,5168.25,1806.38,17893600.6,89848877.1,441373691
412.7,S,49,5182.19,1811.22,17893600.6,89848995.2,441374021
413.7,S,47,5188.63,1813.04,17893600.6,89849170.8,441374634
414.7,S,47,5202.28,1818.26,17893600.6,89849170.9,441374634
415.7,S,47,5215.84,1823.56,17893600.6,89849171.2,441374637
416.7,S,47,5219.15,1824.48,17893600.6,89849458.4,441375475
417.7,S,47,5231.31,1829.65,17893600.6,89849465.1,441375517
418.7,S,47,5243.92,1834.91,17893600.6,89849465.8,441375526
419.7,S,47,5251.57,1837.63,17893600.6,89849568.6,441375985
420.7,S,47,5264.34,1842.72,17893600.6,89849568.8,441375988
421.7,S,47,5277.13,1847.79,17893600.6,89849569.0,441375990
422.7,S,47,5286.49,1851.39,17893600.6,89849672.8,441376289
423.7,S,47,5299.36,1856.34,17893600.6,89849672.9,441376291
424.7,S,47,5311.35,1861.31,17893600.6,89849863.7,441376930
425.7,S,50,5324.33,1865.94,17893600.6,89849966.6,441377024
426.7,S,50,5339.09,1871.08,17893600.6,89849966.9,441377025
427.7,S,48,5350.83,1875.76,17893600.6,89850186.1,441377216
428.7,S,48,5363.16,1880.74,17893600.6,89850213.6,441377242
429.7,S,47,5375.77,1885.79,17893600.6,89850261.5,441377356
430.7,S,55,5387.11,1889.18,17893600.6,89850364.4,441377676
431.7,S,55,5407.04,1894.42,17893600.6,89850649.3,441378505
432.7,S,55,5423.93,1898.97,17893600.6,89850825.6,441379095
433.7,S,47,5436.06,1903.33,17893600.6,89851127.3,441379682
434.7,S,51,5450.88,1907.95,17893600.6,89851230.1,441379777
435.7,S,51,5467.67,1913.07,17893600.6,89851230.5,441379780
436.7,S,47,5481.74,1918.15,17893600.6,89851421.4,441380090
437.7,S,47,5491.60,1921.68,17893600.6,89851524.5,441380425
438.7,S,47,5505.31,1926.87,17893600.6,89851525.1,441380432
439.7,S,47,5518.81,1931.93,17893600.6,89851533.5,441380455
440.7,S,47,5528.60,1935.33,17893600.6,89851628.6,441380801
441.7,S,47,5541.50,1940.47,17893600.6,89851819.0,441381568
442.7,S,47,5551.60,1944.48,17893600.6,89851892.7,441381803
443.7,S,47,5563.34,1948.75,17893600.6,89851922.9,441381907
444.7,S,47,5575.94,1953.92,17893600.6,89851923.3,441381915
445.7,S,47,5584.86,1957.19,17893600.6,89852026.0,441382259
446.7,S,47,5597.54,1962.37,17893600.6,89852026.4,441382264
447.7,S,47,5609.54,1967.57,17893600.6,89852217.4,441382427
448.7,S,50,5622.08,1972.18,17893600.6,89852320.7,441382525
449.7,S,50,5636.91,1977.25,17893600.6,89852321.2,441382527
450.7,S,48,5647.87,1981.25,17893600.6,89852464.6,441382855
451.7,S,48,5657.19,1984.48,17893600.6,89852567.4,441383185
452.7,S,47,5669.81,1989.57,17893600.6,89852615.2,441383314
453.7,S,47,5682.12,1994.47,17893600.6,89852631.8,441383357
454.7,S,55,5697.78,1998.36,17893600.6,89852795.0,441383790
455.7,S,55,5716.58,2002.85,17893600.6,89853071.5,441384791
456.7,S,48,5732.55,2007.97,17893600.6,89853445.3,441385194
457.7,S,51,5742.15,2010.99,17893600.6,89853583.1,441385618
458.7,S,51,5759.07,2015.99,17893600.6,89853583.3,441385620
459.7,S,51,5772.85,2019.97,17893600.6,89853734.8,441386058
460.7,S,47,5783.75,2023.70,17893600.6,89853803.4,441386259
461.7,S,47,5790.48,2025.35,17893600.6,89853906.9,441386649
462.7,S,47,5797.83,2027.06,17893600.6,89853907.2,441386651
463.7,S,47,5805.19,2028.83,17893600.6,89853907.4,441386657
464.7,S,47,5812.08,2030.59,17893600.6,89854047.1,441387134
465.7,S,47,5823.51,2035.01,17893600.6,89854098.5,441387347
466.7,S,47,5836.45,2039.94,17893600.6,89854099.6,441387351
467.7,S,47,5845.37,2043.26,17893600.6,89854202.7,441387694
468.7,S,47,5858.18,2048.34,17893600.6,89854202.9,441387696
469.7,S,47,5869.87,2053.00,17893600.6,89854235.9,441387793
470.7,S,47,5876.51,2055.43,17893600.6,89854421.4,441388400
471.7,S,47,5886.79,2059.91,17893600.6,89854496.8,441388687
472.7,S,47,5898.46,2065.10,17893600.6,89854496.9,441388695
473.7,S,47,5908.38,2069.46,17893600.6,89854599.8,441388851
474.7,S,47,5920.25,2074.46,17893600.6,89854599.9,441388852
475.7,S,50,5931.55,2079.12,17893600.6,89854702.8,441388946
476.7,S,50,5946.28,2084.27,17893600.6,89854703.2,441388952
477.7,S,48,5960.34,2089.25,17893600.6,89854846.6,441389084
478.7,S,48,5967.61,2092.16,17893600.6,89855074.5,441389657
479.8,S,48,5978.90,2097.38,17893600.6,89855330.3,441390490
480.8,S,47,5991.63,2102.48,17893600.6,89855378.9,441390614
481.8,S,55,6003.98,2106.31,17893600.6,89855481.6,441390881
482.8,S,70,6025.68,2111.05,17893600.6,89855482.0,441390887
483.8,S,70,6055.50,2112.82,17893600.6,89855502.7,441390956
484.8,S,63,6073.36,2113.95,17893600.6,89855816.6,441391686
485.8,S,62,6094.94,2114.84,17893600.6,89855864.9,441391730
486.8,S,62,6115.76,2115.56,17893600.6,89855865.3,441391732
487.8,S,62,6136.57,2116.28,17893600.6,89855865.4,441391733
488.8,S,62,6157.38,2117.01,17893600.6,89855923.7,441391784
489.8,S,66,6177.43,2117.69,17893600.6,89856027.0,441392096
490.8,S,66,6202.18,2118.66,17893600.6,89856027.3,441392099
491.8,S,66,6226.31,2119.43,17893600.6,89856027.6,441392104
492.8,S,66,6244.26,2120.11,17893600.6,89856245.1,441392695
493.8,S,62,6260.87,2121.17,17893600.6,89856530.3,441393552
494.8,S,62,6276.60,2122.49,17893600.6,89857100.0,441394552
495.8,S,62,6283.08,2123.40,17893600.6,89857417.3,441395552
496.8,S,62,6291.78,2124.55,17893600.6,89857701.1,441396553
497.8,S,62,6300.33,2125.68,17893600.6,89858320.2,441397549
498.8,S,62,6323.20,2126.77,17893600.6,89858320.3,441397553
499.8,S,62,6344.14,2127.70,17893600.6,89858404.0,441397840
500.8,S,62,6365.25,2128.66,17893600.6,89858450.6,441398004
501.8,S,62,6386.25,2129.53,17893600.6,89858495.7,441398121
502.8,S,62,6407.23,2130.41,17893600.6,89858496.0,441398130
503.8,S,62,6427.25,2131.15,17893600.6,89858599.1,441398395
504.8,S,62,6446.93,2131.92,17893600.6,89858728.1,441398886
505.8,S,62,6466.44,2132.74,17893600.6,89858947.4,441399385
506.8,S,62,6487.62,2133.64,17893600.6,89859137.5,441399547
507.8,S,62,6511.64,2135.15,17893600.6,89859393.9,441399968
508.8,S,62,6528.61,2136.84,17893600.6,89859715.8,441400874
509.8,S,62,6536.28,2137.70,17893600.6,89860003.0,441401885
511.1,S,62,6545.66,2138.59,17893600.6,89860580.5,441403172
512.2,S,62,6567.98,2140.18,17893600.6,89860894.5,441403644
513.2,S,62,6583.07,2141.33,17893600.6,89861228.5,441404644
514.2,S,62,6604.81,2142.77,17893600.6,89861294.9,441404863
515.2,S,62,6628.54,2144.35,17893600.6,89861295.6,441404870
516.2,S,62,6651.87,2145.79,17893600.6,89861296.7,441404873
517.2,S,62,6674.55,2147.33,17893600.6,89861537.3,441405419
518.2,S,62,6697.19,2148.80,17893600.6,89861778.2,441405723
519.2,S,62,6720.25,2150.42,17893600.6,89861786.9,441405743
520.2,S,62,6743.06,2151.85,17893600.6,89862069.1,441406226
521.2,S,62,6766.10,2153.49,17893600.6,89862121.1,441406391
522.2,S,62,6788.37,2154.94,17893600.6,89862250.7,441406845
523.2,S,62,6807.59,2156.36,17893600.6,89862782.8,441407552
524.2,S,62,6818.30,2157.63,17893600.6,89863349.7,441408552
525.2,S,62,6840.23,2159.06,17893600.6,89863513.4,441408707
526.2,S,62,6863.39,2160.53,17893600.6,89863513.6,441408709
527.2,S,62,6886.83,2162.01,17893600.6,89863513.9,441408712
528.2,S,62,6909.95,2163.54,17893600.6,89863643.7,441408903
529.2,S,62,6933.67,2165.15,17893600.6,89863644.1,441408904
530.2,S,62,6950.95,2167.40,17893600.6,89863912.0,441409782
531.2,S,65,6973.75,2170.38,17893600.6,89864122.4,441410443
532.3,S,65,7002.91,2175.29,17893600.6,89864370.6,441411106
533.3,S,65,7032.46,2179.84,17893600.6,89864527.6,441411501
534.3,S,63,7056.13,2183.75,17893600.6,89864623.6,441411971
535.3,S,63,7080.80,2187.60,17893600.6,89864983.9,441412447
536.3,S,63,7108.77,2192.50,17893600.6,89865014.7,441412478
537.3,S,63,7129.90,2196.00,17893600.6,89865411.3,441413358
538.3,S,62,7145.23,2199.14,17893600.6,89865782.0,441414409
539.4,S,62,7169.85,2203.42,17893600.6,89865934.4,441414821
540.4,S,70,7198.11,2205.64,17893600.6,89866037.3,441414915
541.4,S,70,7227.79,2207.19,17893600.6,89866037.5,441414917
542.4,S,70,7257.31,2208.76,17893600.6,89866166.4,441415026
543.4,S,69,7277.56,2209.86,17893600.7,89866448.6,441415562
544.5,S,62,7297.40,2210.97,17893600.7,89866758.5,441416459
545.5,S,62,7309.37,2211.84,17893600.7,89867172.1,441417460
546.5,S,62,7330.31,2212.88,17893600.7,89867373.0,441417634
547.5,S,61,7350.81,2213.70,17893600.7,89867391.0,441417655
548.5,S,61,7366.68,2214.67,17893600.7,89867635.0,441418336
549.5,S,61,7387.18,2215.86,17893600.7,89867796.2,441418747
550.5,S,61,7407.04,2217.00,17893600.7,89868027.4,441419439
551.5,S,65,7423.37,2218.12,17893600.7,89868525.8,441420290
552.5,S,65,7446.57,2219.00,17893600.7,89868526.1,441420296
553.5,S,65,7468.87,2219.81,17893600.7,89868732.9,441420914
554.5,S,62,7486.05,2220.87,17893600.7,89869040.2,441421779
555.5,S,60,7503.74,2221.92,17893600.7,89869241.1,441422442
556.5,S,56,7517.93,2222.98,17893600.7,89869639.3,441422911
557.5,S,56,7530.62,2224.09,17893600.7,89869957.3,441423846
558.5,S,55,7545.38,2225.17,17893600.7,89869998.4,441423979
559.5,S,52,7557.95,2226.24,17893600.7,89870228.3,441424680
560.5,S,52,7569.70,2227.27,17893600.7,89870336.0,441425018
561.5,S,49,7579.70,2228.29,17893600.7,89870579.0,441425375
562.5,S,48,7587.75,2229.19,17893600.7,89870701.4,441425483
563.5,S,48,7595.78,2230.14,17893600.7,89870701.5,441425484
564.5,S,47,7603.14,2231.12,17893600.7,89870845.3,441425859
565.5,S,134,7627.33,2232.40,17893600.7,89870949.6,441426136
566.5,S,193,7663.03,2232.87,17893600.7,89870956.2,441426168
567.5,S,192,7698.83,2233.32,17893600.7,89870989.4,441426276
568.5,S,192,7734.41,2233.78,17893600.7,89870989.8,441426279
569.5,S,192,7770.00,2234.21,17893600.7,89870990.0,441426280
570.5,S,191,7805.57,2234.64,17893600.7,89871124.6,441426637
571.5,S,191,7841.09,2235.03,17893600.7,89871124.9,441426640
572.5,S,190,7876.83,2235.47,17893600.7,89871139.3,441426677
573.5,S,190,7912.29,2235.90,17893600.7,89871139.8,441426684
574.5,S,190,7947.62,2236.37,17893600.7,89871190.1,441426867
575.5,S,190,7983.21,2236.81,17893600.7,89871286.2,441427169
576.5,S,190,8018.63,2237.25,17893600.7,89871594.2,441428170
577.6,S,189,8054.14,2237.72,17893600.7,89871739.1,441428571
578.6,S,189,8089.92,2238.15,17893600.7,89871739.5,441428574
579.6,S,187,8125.21,2238.59,17893600.7,89871867.7,441429039
580.6,S,185,8160.79,2239.08,17893600.7,89871964.1,441429134
581.6,S,185,8196.21,2239.50,17893600.7,89871972.6,441429145
582.6,S,184,8231.65,2239.97,17893600.7,89872218.8,441429444
583.6,S,184,8267.14,2240.41,17893600.7,89872499.3,441430277
584.6,S,183,8302.40,2240.84,17893600.7,89872842.7,441431266
585.6,S,181,8337.72,2241.30,17893600.7,89873300.9,441431947
586.6,S,180,8373.22,2241.76,17893600.7,89873468.5,441432562
587.6,S,179,8408.66,2242.17,17893600.7,89873828.1,441433564
588.6,S,179,8444.07,2242.64,17893600.7,89874387.1,441434570
589.6,S,175,8479.56,2243.01,17893600.7,89874723.8,441435565
590.6,S,173,8514.86,2243.40,17893600.7,89874983.8,441436564
591.7,S,166,8551.94,2243.95,17893600.7,89875625.5,441437623
592.7,S,164,8586.41,2244.64,17893600.7,89875955.2,441438624
593.7,S,163,8615.60,2245.16,17893600.7,89876249.1,441439620
594.7,S,160,8640.91,2246.08,17893600.7,89876627.7,441440646
595.7,S,154,8658.41,2246.77,17893600.7,89877178.2,441441659
597.0,S,149,8677.51,2248.17,17893600.7,89877850.9,441442868
603.0,S,143,8684.13,2249.26,17893600.7,89878502.3,441448929
604.9,S,140,8686.43,2250.45,17893600.7,89879347.5,441450792
606.0,S,134,8690.15,2251.00,17893600.7,89879528.8,441451886
613.5,S,121,8696.15,2252.61,17893600.7,89880447.7,441459394
615.6,S,161,8703.75,2253.90,17893600.7,89881336.9,441461513
616.9,S,111,8739.66,2256.15,17893600.7,89881381.5,441462769
617.9,S,111,8768.59,2257.54,17893600.7,89881390.5,441463770
618.9,S,111,8787.35,2259.22,17893600.7,89881400.2,441464770
619.9,S,111,8794.39,2260.25,17893600.7,89881410.0,441465771
622.8,S,115,8799.13,2261.27,17893600.7,89882249.3,441468723
623.9,S,105,8820.25,2262.03,17893600.7,89882634.6,441469779
624.9,S,99,8854.68,2262.52,17893600.7,89882695.7,441470780
625.9,S,99,8890.09,2262.99,17893600.7,89882704.6,441471780
626.9,S,99,8922.79,2263.81,17893600.7,89882714.1,441472781
627.9,S,99,8933.62,2264.60,17893600.7,89882722.0,441473782
630.0,S,83,8938.04,2265.83,17893600.7,89883286.7,441475925
631.0,S,53,8945.05,2267.04,17893600.7,89883895.9,441476926
632.0,S,96,8948.31,2267.39,17893600.7,89883981.8,441477928
637.6,S,47,8952.78,2268.24,17893600.7,89884188.5,441483048
638.6,S,47,8961.56,2269.69,17893600.7,89884188.8,441483052
639.6,S,47,8970.30,2271.03,17893600.7,89884189.1,441483062
640.6,S,47,8979.05,2272.43,17893600.7,89884189.1,441483062
641.6,S,47,8987.94,2273.71,17893600.7,89884189.2,441483066
642.6,S,47,8996.69,2275.00,17893600.7,89884190.9,441483147
643.6,S,47,9005.36,2276.37,17893600.7,89884191.3,441483167
644.6,S,47,9013.05,2277.52,17893600.7,89884225.5,441483288
645.6,S,47,9021.86,2278.80,17893600.7,89884225.6,441483294
646.6,S,47,9030.49,2280.22,17893600.7,89884225.8,441483323
647.6,S,47,9039.32,2281.60,17893600.7,89884226.5,441483331
648.6,S,47,9048.16,2283.04,17893600.7,89884226.8,441483339
649.6,S,47,9057.10,2284.42,17893600.7,89884226.9,441483341
650.6,S,47,9065.27,2285.68,17893600.7,89884232.5,441483425
651.6,S,47,9066.25,2285.71,17893600.7,89884269.1,441484426
652.6,S,47,9073.10,2286.82,17893600.7,89884287.4,441484658
653.6,S,47,9081.96,2288.22,17893600.7,89884287.8,441484665
654.6,S,47,9090.78,2289.51,17893600.7,89884288.0,441484674
655.6,S,47,9099.47,2290.86,17893600.7,89884288.1,441484678
656.6,S,47,9108.16,2292.18,17893600.7,89884288.3,441484687
657.6,S,47,9117.03,2293.62,17893600.7,89884369.3,441485078
658.7,S,50,9126.25,2294.97,17893600.7,89884375.1,441485123
659.7,S,50,9137.88,2296.61,17893600.7,89884375.5,441485126
660.7,S,50,9148.76,2298.33,17893600.7,89884379.6,441485352
661.7,S,48,9157.13,2299.62,17893600.7,89884518.9,441485792
662.7,S,48,9166.93,2301.09,17893600.7,89884527.6,441485837
663.7,S,48,9175.49,2302.39,17893600.7,89884868.7,441486838
664.7,S,47,9184.45,2303.72,17893600.7,89885058.4,441487040
665.7,S,51,9194.18,2305.21,17893600.7,89885161.3,441487128
666.7,S,51,9207.69,2306.96,17893600.7,89885161.6,441487178
667.7,S,47,9219.93,2308.80,17893600.7,89885352.0,441487368
668.7,S,47,9230.66,2310.20,17893600.7,89885352.2,441487372
669.7,S,47,9241.19,2311.70,17893600.7,89885352.7,441487374
670.7,S,47,9251.74,2313.11,17893600.7,89885353.0,441487378
671.7,S,47,9262.43,2314.59,17893600.7,89885353.5,441487382
672.7,S,47,9268.72,2315.25,17893600.7,89885361.4,441487961
673.7,S,51,9280.42,2316.68,17893600.7,89885456.4,441488164
674.7,S,51,9294.49,2318.56,17893600.7,89885456.9,441488173
675.7,S,47,9305.66,2320.09,17893600.7,89885837.9,441488538
676.7,S,47,9316.32,2321.54,17893600.7,89885838.0,441488538
677.7,S,47,9327.06,2322.99,17893600.7,89885866.1,441488593
678.7,S,47,9337.30,2324.58,17893600.7,89886056.3,441488770
679.7,S,51,9346.69,2325.93,17893600.7,89886159.2,441488867
680.7,S,51,9359.24,2328.35,17893600.7,89886449.7,441489120
681.7,S,51,9370.96,2331.15,17893600.7,89886626.9,441489282
682.7,S,47,9380.76,2333.28,17893600.7,89886645.6,441489329
683.7,S,47,9390.44,2334.73,17893600.7,89886646.2,441489331
684.7,S,47,9400.14,2336.14,17893600.7,89886646.5,441489346
685.7,S,47,9409.80,2337.61,17893600.7,89886647.0,441489351
686.7,S,47,9417.45,2339.07,17893600.7,89886940.1,441489685
687.7,S,47,9426.16,2340.50,17893600.7,89886940.6,441489771
688.7,S,47,9434.96,2341.93,17893600.7,89886941.4,441489801
689.7,S,47,9443.61,2343.45,17893600.7,89886941.6,441489813
690.7,S,47,9452.26,2344.89,17893600.7,89886942.3,441489839
691.7,S,47,9461.02,2346.26,17893600.7,89886942.5,441489850
692.7,S,47,9469.38,2347.68,17893600.7,89887011.8,441490242
693.7,S,62,9477.48,2348.79,17893600.7,89887236.1,441490734
694.7,S,62,9500.82,2350.09,17893600.7,89887237.1,441490762
695.7,S,62,9523.83,2351.53,17893600.7,89887237.4,441490790
696.7,S,62,9546.94,2352.92,17893600.7,89887237.9,441490794
697.7,S,62,9569.98,2354.37,17893600.7,89887238.2,441490796
698.7,S,62,9593.67,2355.91,17893600.7,89887238.4,441490797
699.7,S,62,9610.39,2356.64,17893600.7,89887540.0,441491450
700.7,S,62,9633.81,2358.09,17893600.7,89887540.9,441491546
701.7,S,62,9658.36,2360.14,17893600.7,89887541.2,441491551
702.7,S,62,9685.66,2364.66,17893600.7,89887541.6,441491678
703.7,S,62,9710.58,2368.33,17893600.7,89887545.6,441491905
704.7,S,62,9718.79,2368.79,17893600.7,89888553.3,441492906
705.7,S,62,9728.19,2370.34,17893600.7,89889523.0,441493727
706.7,S,62,9755.12,2375.35,17893600.7,89889523.7,441493753
707.7,S,60,9781.06,2380.18,17893600.7,89889587.1,441494031
708.7,S,58,9805.43,2385.12,17893600.7,89889670.0,441494276
709.7,S,51,9814.14,2386.95,17893600.7,89890051.3,441495126
710.7,S,53,9828.75,2392.02,17893600.7,89890179.1,441495645
711.7,S,70,9855.37,2394.17,17893600.7,89890297.5,441495750
712.7,S,68,9885.70,2395.35,17893600.7,89890441.6,441495878
713.7,S,67,9915.29,2396.71,17893600.7,89890466.7,441496051
714.7,S,67,9944.34,2398.27,17893600.7,89890466.9,441496053
715.7,S,66,9972.77,2400.38,17893600.7,89890515.1,441496220
716.7,S,69,10000.50,2401.82,17893600.7,89890682.1,441496891
717.7,S,60,10014.36,2402.91,17893600.7,89891762.8,441497892
718.7,S,55,10028.48,2404.65,17893600.7,89892190.6,441498263
719.7,S,52,10043.35,2406.68,17893600.7,89892257.0,441498331
720.7,S,52,10057.79,2408.41,17893600.7,89892257.6,441498331
721.7,S,52,10072.08,2410.22,17893600.7,89892258.0,441498369
722.7,S,47,10083.99,2411.94,17893600.7,89892646.6,441498713
723.7,S,51,10093.68,2413.41,17893600.7,89892749.7,441498846
724.7,S,51,10106.30,2415.04,17893600.7,89892749.9,441498875
725.7,S,47,10117.07,2416.56,17893600.7,89892940.7,441499046
726.7,S,47,10126.88,2417.93,17893600.7,89892940.8,441499054
727.7,S,47,10136.54,2419.30,17893600.7,89892941.6,441499065
728.7,S,47,10146.33,2420.58,17893600.7,89892942.2,441499074
729.7,S,47,10155.85,2421.98,17893600.7,89893101.6,441499206
730.7,S,51,10166.15,2423.62,17893600.7,89893235.6,441499325
731.7,S,51,10178.61,2425.25,17893600.7,89893235.8,441499327
732.7,S,47,10189.15,2426.71,17893600.7,89893426.9,441499521
733.7,S,47,10198.86,2428.06,17893600.7,89893427.5,441499554
734.7,S,47,10208.39,2429.57,17893600.7,89893428.1,441499611
735.7,S,47,10218.14,2431.05,17893600.7,89893428.3,441499615
736.7,S,47,10226.30,2432.36,17893600.7,89893675.7,441500295
737.7,S,47,10233.56,2433.55,17893600.7,89893722.1,441500491
738.7,S,47,10242.35,2434.94,17893600.7,89893722.6,441500491
739.7,S,47,10251.02,2436.27,17893600.7,89893723.2,441500503
740.7,S,47,10259.72,2437.65,17893600.7,89893724.0,441500521
741.7,S,47,10268.38,2439.04,17893600.7,89893724.3,441500533
742.7,S,47,10277.04,2440.48,17893600.7,89893724.5,441500544
743.7,S,59,10289.47,2441.95,17893600.7,89894018.3,441500900
744.7,S,58,10308.82,2443.63,17893600.7,89894026.8,441500913
745.7,S,58,10327.99,2445.36,17893600.7,89894027.3,441500932
746.7,S,58,10347.04,2447.07,17893601.1,89894072.3,441501222
747.7,S,58,10363.93,2448.58,17893601.1,89894494.6,441501585
748.7,S,67,10377.87,2450.28,17893601.1,89894805.8,441501862
749.7,S,70,10411.91,2451.03,17893601.1,89894808.8,441501886
750.7,S,69,10445.67,2451.69,17893601.1,89894825.0,441501939
751.7,S,69,10478.75,2452.30,17893601.1,89894928.1,441502214
752.7,S,66,10510.74,2452.95,17893601.1,89895033.7,441502473
753.8,S,62,10539.16,2453.73,17893601.1,89895207.0,441502972
754.8,S,61,10565.55,2455.27,17893601.1,89895568.9,441503534
755.8,S,58,10576.56,2456.40,17893601.1,89896657.2,441504472
756.8,S,68,10600.00,2457.90,17893601.1,89896796.7,441504600
757.8,S,68,10630.93,2458.68,17893601.1,89896797.6,441504651
758.8,S,67,10661.88,2459.57,17893601.1,89896820.6,441504754
759.8,S,66,10692.67,2460.82,17893601.1,89896858.3,441504842
760.8,S,65,10722.13,2462.13,17893601.1,89896897.4,441504948
761.8,S,59,10749.04,2463.59,17893601.1,89897349.4,441505432
762.8,S,53,10766.40,2465.06,17893601.1,89898247.5,441506198
763.8,S,47,10772.70,2466.80,17893601.1,89898541.5,441506454
764.8,S,47,10780.49,2468.15,17893601.1,89898542.4,441506458
765.8,S,47,10788.27,2469.51,17893601.1,89898542.8,441506461
766.8,S,47,10795.99,2470.82,17893601.1,89898544.1,441506472
767.8,S,47,10803.71,2472.23,17893601.1,89898544.2,441506495
768.8,S,50,10810.87,2473.47,17893601.1,89898646.9,441506601
769.8,S,50,10821.49,2475.02,17893601.1,89898647.1,441506610
770.8,S,50,10831.65,2476.49,17893601.1,89898766.5,441506728
771.8,S,48,10840.48,2477.89,17893601.1,89898791.1,441506758
772.8,S,48,10849.00,2479.35,17893601.1,89898791.4,441506768
773.8,S,53,10861.06,2481.02,17893601.1,89898839.4,441506815
774.8,S,53,10875.45,2482.88,17893601.1,89898839.8,441506847
775.8,S,56,10889.50,2484.45,17893601.1,89898971.5,441507072
776.8,S,56,10906.36,2486.38,17893601.1,89899034.8,441507237
777.8,S,51,10920.65,2488.08,17893601.1,89899441.0,441507697
778.8,S,58,10939.34,2489.68,17893601.1,89899559.2,441507805
779.8,S,58,10961.53,2491.12,17893601.1,89899559.5,441507822
780.8,S,57,10983.13,2492.68,17893601.1,89899586.5,441507878
781.8,S,61,11005.61,2494.06,17893601.1,89899689.8,441508027
782.8,S,60,11029.59,2495.57,17893601.1,89899780.7,441508123
783.8,S,51,11045.81,2496.94,17893601.1,89900553.1,441508790
784.8,S,50,11059.79,2498.82,17893601.1,89900696.3,441508919
785.8,S,50,11074.40,2500.44,17893601.1,89900696.4,441508924
786.8,S,49,11088.52,2502.14,17893601.1,89900739.3,441509013
787.8,S,53,11100.60,2503.41,17893601.1,89900842.4,441509293
788.8,S,51,11114.99,2505.26,17893601.1,89901097.1,441509577
789.8,S,50,11127.97,2506.88,17893601.1,89901163.2,441509720
790.8,S,47,11136.11,2508.07,17893601.1,89901454.3,441510582
791.8,S,47,11145.40,2509.59,17893601.1,89901478.1,441510636
792.8,S,47,11155.13,2511.09,17893601.1,89901479.0,441510647
793.8,S,47,11164.86,2512.52,17893601.1,89901480.3,441510654
794.8,S,47,11171.92,2513.66,17893601.1,89901583.1,441510976
795.8,S,47,11180.73,2515.15,17893601.1,89901773.6,441511324
796.8,S,47,11189.64,2516.59,17893601.1,89901773.9,441511333
797.8,S,47,11198.49,2518.01,17893601.1,89901774.1,441511336
798.8,S,47,11207.26,2519.44,17893601.1,89901774.2,441511340
799.8,S,47,11216.03,2520.72,17893601.1,89901775.1,441511344
800.8,S,47,11224.72,2522.05,17893601.1,89901779.8,441511430
801.8,S,59,11238.11,2523.61,17893601.1,89902069.5,441511693
802.8,S,59,11258.51,2525.26,17893601.1,89902069.8,441511715
803.8,S,59,11278.62,2526.87,17893601.1,89902069.9,441511722
804.8,S,58,11298.70,2528.50,17893601.1,89902113.3,441511851
805.8,S,58,11316.01,2530.19,17893601.1,89902350.1,441512334
806.8,S,56,11328.19,2531.84,17893601.1,89902893.3,441512825
807.8,S,80,11363.31,2532.41,17893601.1,89902898.9,441512831
808.8,S,80,11398.88,2532.83,17893601.1,89902899.3,441512840
809.8,S,80,11434.58,2533.24,17893601.1,89902899.8,441512844
810.8,S,78,11470.01,2533.71,17893601.1,89903045.9,441513311
811.8,S,77,11505.30,2534.20,17893601.1,89903109.3,441513854
812.8,S,74,11540.16,2534.64,17893601.1,89903241.2,441514113
813.8,S,74,11575.28,2535.16,17893601.1,89903601.5,441514546
814.8,S,60,11593.41,2536.13,17893601.1,89904782.6,441515550
815.8,S,78,11609.03,2537.77,17893601.1,89905593.2,441516252
816.8,S,77,11644.17,2538.56,17893601.1,89905604.2,441516270
817.8,S,77,11679.47,2538.98,17893601.1,89905673.3,441516337
818.8,S,75,11714.92,2539.43,17893601.1,89905730.2,441516422
819.8,S,74,11750.52,2539.83,17893601.1,89905767.4,441516502
820.8,S,72,11785.65,2540.28,17893601.1,89905839.1,441516688
821.8,S,70,11820.06,2540.86,17893601.1,89905940.1,441516787
822.8,S,67,11847.61,2541.82,17893601.1,89906487.1,441517248
823.8,S,61,11856.02,2543.12,17893601.1,89907662.6,441518249
824.9,S,47,11863.74,2544.96,17893601.1,89907952.5,441518501
825.9,S,47,11871.56,2546.43,17893601.1,89907953.2,441518523
826.9,S,47,11879.34,2547.85,17893601.1,89907954.7,441518530
827.9,S,47,11884.36,2548.79,17893601.1,89907959.7,441518538
828.9,S,47,11890.93,2550.07,17893601.1,89908051.7,441519069
829.9,S,47,11898.68,2551.49,17893601.1,89908051.8,441519077
830.9,S,47,11906.31,2552.88,17893601.1,89908052.0,441519085
831.9,S,47,11913.94,2554.36,17893601.1,89908052.7,441519089
832.9,S,47,11921.61,2555.66,17893601.1,89908052.9,441519091
833.9,S,47,11929.36,2557.19,17893601.1,89908123.3,441519193
834.9,S,47,11937.14,2558.50,17893601.1,89908151.8,441519303
835.9,S,50,11946.77,2559.90,17893601.1,89908177.9,441519382
836.9,S,50,11957.47,2561.35,17893601.1,89908178.6,441519393
837.9,S,48,11966.22,2562.68,17893601.1,89908321.6,441519744
838.9,S,48,11975.02,2563.99,17893601.1,89908321.9,441519750
839.9,S,52,11984.26,2565.37,17893601.1,89908369.9,441519967
840.9,S,52,11997.60,2567.08,17893601.1,89908370.6,441520014
841.9,S,56,12011.42,2568.73,17893601.1,89908403.3,441520053
842.9,S,56,12028.49,2570.62,17893601.1,89908403.8,441520096
843.9,S,55,12043.73,2572.18,17893601.1,89908676.9,441520718
845.2,S,60,12060.55,2573.94,17893601.1,89909061.0,441521340
846.2,S,60,12085.68,2575.07,17893601.1,89909061.7,441521349
847.2,S,59,12110.17,2576.38,17893601.1,89909104.4,441521439
848.2,S,62,12135.45,2577.95,17893601.1,89909128.8,441521506
849.2,S,62,12162.96,2579.48,17893601.1,89909129.2,441521510
850.2,S,61,12184.31,2580.93,17893601.1,89909520.7,441522370
851.2,S,56,12196.72,2582.39,17893601.1,89910275.2,441523027
852.2,S,56,12218.29,2584.04,17893601.1,89910276.1,441523038
853.2,S,56,12239.35,2585.73,17893601.1,89910276.3,441523049
854.2,S,60,12262.44,2587.20,17893601.1,89910379.4,441523138
855.2,S,60,12287.49,2588.70,17893601.1,89910411.0,441523322
856.2,S,57,12307.17,2590.09,17893601.1,89910691.1,441523970
857.2,S,47,12315.96,2591.34,17893601.1,89911279.4,441524472
858.2,S,47,12326.21,2592.87,17893601.1,89911425.1,441524839
859.2,S,47,12335.79,2594.47,17893601.1,89911470.9,441525069
860.2,S,47,12344.47,2595.69,17893601.1,89911573.8,441525211
861.2,S,47,12354.18,2597.06,17893601.1,89911574.9,441525219
862.2,S,47,12363.93,2598.46,17893601.1,89911575.1,441525225
863.2,S,47,12373.42,2599.83,17893601.1,89911765.4,441525616
864.2,S,47,12382.25,2601.29,17893601.1,89911765.9,441525623
865.2,S,47,12391.20,2602.72,17893601.1,89911766.4,441525632
866.2,S,47,12399.92,2604.16,17893601.1,89911767.3,441525647
867.2,S,47,12404.46,2604.87,17893601.1,89911975.8,441526186
868.2,S,58,12419.82,2606.67,17893601.1,89912061.8,441526293
869.2,S,58,12439.14,2608.44,17893601.1,89912061.8,441526293
870.2,S,58,12458.54,2610.07,17893601.1,89912062.3,441526341
871.2,S,58,12477.58,2611.83,17893601.1,89912063.8,441526343
872.2,S,52,12494.57,2613.75,17893601.1,89912501.9,441526716
873.2,S,77,12514.04,2615.08,17893601.1,89912841.1,441527006
874.2,S,77,12549.26,2615.51,17893601.1,89912944.3,441527112
875.2,S,77,12584.73,2615.99,17893601.1,89912944.7,441527112
876.2,S,75,12620.24,2616.44,17893601.1,89913000.7,441527168
877.2,S,73,12655.44,2616.93,17893601.1,89913110.0,441527437
878.2,S,72,12690.40,2617.48,17893601.1,89913118.0,441527464
879.2,S,70,12718.66,2618.16,17893601.1,89913428.4,441528078
880.2,S,70,12744.93,2619.04,17893601.1,89914407.7,441528907
881.3,S,54,12754.39,2620.23,17893601.1,89915256.4,441529630
882.3,S,74,12778.84,2622.02,17893601.1,89915270.2,441529658
883.3,S,72,12813.58,2622.56,17893601.1,89915293.0,441529727
884.3,S,67,12845.85,2623.29,17893601.1,89915414.2,441529844
885.3,S,67,12876.55,2623.99,17893601.1,89915505.7,441529925
886.3,S,67,12907.07,2624.69,17893601.1,89915509.8,441529941
887.3,S,65,12935.14,2625.80,17893601.1,89915750.8,441530650
888.3,S,60,12958.29,2627.35,17893601.1,89916415.7,441531292
889.3,S,47,12963.75,2628.82,17893601.1,89917208.7,441531969
890.3,S,47,12971.16,2630.09,17893601.1,89917220.7,441532026
891.3,S,47,12978.80,2631.60,17893601.1,89917220.7,441532026
892.3,S,47,12986.69,2633.01,17893601.1,89917221.0,441532063
893.3,S,47,12994.28,2634.58,17893601.1,89917221.9,441532064
894.3,S,47,13001.90,2636.13,17893601.1,89917222.3,441532073
895.3,S,47,13009.58,2637.61,17893601.1,89917260.3,441532300
896.3,S,50,13017.44,2638.77,17893601.1,89917325.0,441532520
897.3,S,50,13028.14,2640.34,17893601.1,89917325.3,441532525
898.3,S,50,13038.11,2641.75,17893601.1,89917407.8,441532773
899.3,S,48,13046.62,2643.11,17893601.1,89917468.9,441532917
900.3,S,48,13055.47,2644.40,17893601.1,89917469.3,441532978
901.3,S,53,13067.34,2646.03,17893601.1,89917611.1,441533097
902.3,S,53,13081.51,2647.85,17893601.1,89917611.9,441533104
903.3,S,57,13097.81,2649.64,17893601.1,89917620.5,441533135
904.3,S,56,13115.57,2651.52,17893601.1,89917672.8,441533195
905.3,S,50,13129.16,2653.16,17893601.1,89918208.4,441533717
906.3,S,61,13152.11,2654.54,17893601.1,89918343.0,441533844
907.3,S,61,13178.11,2655.79,17893601.1,89918365.3,441533901
908.3,S,61,13203.34,2657.16,17893601.1,89918365.7,441533910
909.3,S,64,13226.69,2658.30,17893601.1,89918465.8,441534348
910.3,S,62,13253.56,2659.80,17893601.1,89918522.6,441534408
911.3,S,60,13271.90,2661.05,17893601.1,89919180.9,441534963
912.3,S,58,13292.10,2662.72,17893601.1,89919618.1,441535346
913.3,S,56,13314.22,2664.25,17893601.1,89919643.1,441535381
914.3,S,56,13335.63,2665.92,17893601.1,89919643.5,441535403
915.3,S,59,13356.21,2667.17,17893601.1,89919789.1,441535762
916.3,S,59,13380.51,2668.58,17893601.1,89919790.6,441535802
917.3,S,51,13394.56,2669.95,17893601.1,89920460.3,441536389
918.3,S,47,13405.76,2671.54,17893601.1,89920651.3,441536559
919.3,S,47,13415.41,2673.29,17893601.1,89920841.5,441537161
920.3,S,47,13425.01,2674.79,17893601.1,89920842.9,441537175
921.4,S,47,13434.70,2676.11,17893601.1,89920842.9,441537175
922.4,S,47,13441.50,2677.18,17893601.1,89920946.6,441537519
923.4,S,47,13451.28,2678.54,17893601.1,89920946.6,441537519
924.4,S,47,13460.06,2680.06,17893601.1,89921137.5,441537799
925.4,S,47,13468.67,2681.53,17893601.1,89921137.7,441537799
926.4,S,47,13477.39,2682.87,17893601.1,89921138.3,441537819
927.4,S,47,13486.32,2684.25,17893601.1,89921139.0,441537822
928.4,S,47,13494.90,2685.75,17893601.1,89921139.3,441537829
929.4,S,47,13496.53,2686.17,17893601.1,89921432.2,441538630
930.4,S,59,13514.51,2687.84,17893601.1,89921433.5,441538706
931.4,S,59,13534.54,2689.64,17893601.1,89921433.9,441538706
932.4,S,59,13554.87,2691.43,17893601.1,89921434.2,441539200
933.4,S,59,13574.37,2693.19,17893601.1,89921437.3,441540201
934.4,S,59,13590.76,2695.05,17893601.1,89921450.1,441541202
935.4,S,59,13596.04,2695.77,17893601.1,89921485.2,441542203
937.5,S,49,13602.42,2697.08,17893601.1,89922335.0,441544047
938.5,S,77,13621.43,2698.33,17893601.1,89922361.6,441544153
939.5,S,76,13656.69,2698.77,17893601.1,89922369.2,441544176
940.5,S,76,13692.34,2699.18,17893601.1,89922369.2,441544176
941.5,S,75,13727.86,2699.60,17893601.1,89922397.1,441544245
942.5,S,73,13761.22,2700.09,17893601.1,89922472.6,441544494
943.5,S,70,13795.81,2700.57,17893601.1,89922645.1,441544708
944.5,S,69,13828.29,2701.23,17893601.1,89922785.6,441545007
945.5,S,69,13847.55,2702.03,17893601.1,89923296.5,441545949
946.6,S,51,13855.39,2703.17,17893601.1,89924608.1,441547053
947.6,S,64,13879.71,2704.75,17893601.1,89924776.1,441547216
948.6,S,64,13908.94,2706.23,17893601.1,89924778.2,441547230
949.6,S,62,13937.35,2707.70,17893601.1,89924831.4,441547294
950.6,S,60,13964.60,2709.12,17893601.1,89924892.0,441547401
951.6,S,59,13991.01,2710.38,17893601.1,89924962.0,441547479
952.6,S,53,14011.98,2711.89,17893601.1,89925684.7,441548102
953.6,S,58,14034.05,2713.87,17893601.1,89926232.1,441548584
954.6,S,58,14056.20,2715.48,17893601.1,89926233.8,441548588
955.6,S,58,14078.49,2717.04,17893601.1,89926234.1,441548595
956.6,S,60,14100.29,2718.58,17893601.1,89926298.7,441548983
957.6,S,58,14124.23,2720.15,17893601.1,89926413.3,441549163
958.6,S,50,14136.32,2723.47,17893601.1,89927138.2,441549928
959.6,S,48,14146.42,2727.55,17893601.1,89927281.0,441550261
960.6,S,48,14155.48,2731.19,17893601.1,89927352.9,441550523
961.6,S,47,14165.98,2735.54,17893601.1,89927432.5,441550685
962.6,S,53,14183.38,2740.95,17893601.1,89927433.7,441550688
963.6,S,53,14201.12,2746.17,17893601.1,89927433.9,441550697
964.6,S,60,14218.78,2749.33,17893601.1,89927563.4,441551057
965.6,S,60,14243.75,2754.22,17893601.1,89927563.7,441551067
966.6,S,57,14266.67,2759.08,17893601.1,89927807.3,441551287
967.6,S,52,14278.76,2762.66,17893601.1,89928434.5,441551828
968.6,S,64,14307.31,2767.00,17893601.1,89928441.6,441551854
969.6,S,63,14337.69,2771.77,17893601.1,89928457.2,441551881
970.6,S,60,14362.79,2775.79,17893601.1,89928600.8,441552252
971.6,S,59,14390.70,2780.56,17893601.1,89928649.9,441552367
972.6,S,58,14413.05,2783.20,17893601.1,89928803.1,441552892
973.6,S,56,14438.46,2788.10,17893601.1,89929218.3,441553268
974.6,S,57,14456.09,2791.87,17893601.1,89929702.6,441553682
975.7,S,56,14481.67,2796.30,17893601.1,89929707.5,441553687
976.7,S,56,14505.74,2800.59,17893601.1,89929810.3,441553776
977.7,S,56,14530.91,2805.35,17893601.1,89929811.4,441553800
978.7,S,56,14556.04,2810.17,17893601.1,89929811.6,441553821
979.7,S,55,14577.94,2814.57,17893601.1,89929957.9,441554135
980.7,S,48,14594.53,2819.06,17893601.1,89930615.8,441554695
981.7,S,47,14607.02,2824.00,17893601.1,89930636.0,441554716
982.7,S,47,14618.41,2828.37,17893601.1,89930739.2,441554833
983.7,S,47,14630.68,2833.58,17893601.1,89930929.5,441555011
984.7,S,47,14642.32,2838.77,17893601.1,89930930.3,441555058
985.7,S,50,14651.81,2842.36,17893601.1,89931033.4,441555365
986.7,S,50,14666.67,2847.42,17893601.1,89931033.6,441555369
987.7,S,48,14680.32,2852.50,17893601.1,89931177.2,441555634
988.7,S,48,14691.87,2856.94,17893601.1,89931280.7,441555747
989.7,S,48,14704.56,2861.97,17893601.1,89931324.0,441555859
990.7,S,47,14715.47,2866.13,17893601.1,89931394.5,441556053
991.7,S,55,14733.50,2870.59,17893601.1,89931627.6,441556755
992.7,S,55,14753.45,2876.01,17893601.1,89931812.1,441556928
993.7,S,48,14768.96,2881.17,17893601.1,89932195.3,441557275
994.7,S,51,14784.03,2885.72,17893601.1,89932298.4,441557369
995.7,S,51,14800.95,2890.72,17893601.1,89932298.6,441557371
996.7,S,47,14810.83,2894.15,17893601.1,89932489.3,441557969
997.7,S,47,14819.60,2897.14,17893601.1,89932592.1,441558399
998.7,S,47,14833.17,2902.45,17893601.1,89932593.2,441558401
999.7,S,47,14846.94,2907.58,17893601.1,89932594.0,441558420
1000.7,S,47,14857.75,2911.39,17893601.1,89932696.8,441558675
1001.7,S,47,14870.89,2916.60,17893601.1,89932888.0,441559145
1002.7,S,47,14883.16,2921.48,17893603.3,89933376.6,441559628
1003.7,S,47,14895.75,2926.55,17893605.1,89933382.4,441559648
1004.7,S,47,14907.52,2931.19,17893605.5,89933526.8,441559789
1005.7,S,47,14919.69,2936.11,17893605.5,89933539.4,441559850
1006.7,S,47,14932.50,2941.18,17893605.5,89933539.5,441559854
1007.7,S,47,14944.64,2946.31,17893605.5,89933547.3,441560371
1008.7,S,50,14956.29,2950.65,17893605.5,89933626.7,441560552
1009.7,S,50,14971.07,2955.76,17893605.5,89933626.8,441560559
1010.7,S,48,14983.89,2960.53,17893605.5,89933770.9,441560953
1011.7,S,48,14994.92,2964.80,17893605.5,89933834.4,441561109
1012.7,S,48,15007.86,2969.63,17893605.5,89933877.6,441561155
1013.7,S,55,15020.43,2974.42,17893605.5,89933971.3,441561243
1014.7,S,55,15041.45,2979.29,17893605.5,89933971.6,441561247
1015.7,S,55,15062.25,2984.14,17893605.5,89934015.5,441561363
1016.7,S,52,15076.33,2988.47,17893605.5,89934278.4,441562161
1017.7,S,47,15083.98,2991.61,17893605.5,89934662.6,441562590
1018.7,S,47,15096.81,2996.55,17893605.5,89934663.3,441562620
1019.7,S,47,15107.42,3000.84,17893605.5,89934672.0,441562804
1020.7,S,51,15119.22,3003.92,17893605.5,89934766.1,441563146
1021.7,S,51,15135.82,3009.26,17893605.5,89934767.2,441563156
1022.7,S,50,15150.00,3013.96,17893605.5,89934958.2,441563780
1023.7,S,47,15160.61,3017.47,17893605.5,89935060.8,441564065
1024.7,S,47,15173.87,3022.70,17893605.5,89935076.2,441564470
1025.7,S,47,15185.79,3027.37,17893605.5,89935115.6,441565471
1026.7,S,47,15187.75,3027.41,17893605.5,89935154.4,441566472
1027.7,S,47,15188.23,3027.44,17893605.5,89935194.1,441567473
1028.7,S,47,15193.60,3029.29,17893605.5,89935354.5,441568135
1029.7,S,47,15206.30,3034.40,17893605.5,89935355.3,441568146
1030.7,S,47,15219.12,3039.40,17893605.5,89935355.5,441568189
1031.7,S,47,15225.98,3041.78,17893605.5,89935458.3,441568764
1032.7,S,47,15238.64,3046.99,17893605.5,89935458.4,441568770
1033.7,S,47,15250.92,3051.96,17893605.5,89935475.3,441568804
1034.7,S,50,15257.24,3054.15,17893605.5,89935752.5,441569390
1035.7,S,50,15271.96,3059.32,17893605.5,89935753.0,441569407
1036.7,S,48,15285.75,3064.63,17893605.5,89935896.3,441569540
1037.7,S,48,15297.59,3069.12,17893605.5,89935999.1,441569652
1038.7,S,48,15310.07,3074.33,17893605.5,89936047.2,441569794
1039.7,S,47,15320.95,3078.78,17893605.5,89936158.9,441570127
1040.7,S,55,15334.61,3082.37,17893605.5,89936531.3,441570441
1041.7,S,55,15354.62,3087.27,17893605.5,89936531.9,441570469
1042.7,S,53,15368.60,3091.58,17893605.5,89936787.5,441571184
1043.7,S,51,15378.64,3095.18,17893605.5,89937015.9,441571707
1044.7,S,51,15395.43,3100.29,17893605.5,89937016.3,441571718
1045.7,S,50,15411.76,3105.60,17893605.5,89937105.1,441571800
1046.7,S,47,15424.51,3110.31,17893605.5,89937310.8,441571986
1047.7,S,47,15438.40,3115.28,17893605.5,89937311.2,441571992
1048.7,S,47,15452.21,3120.37,17893605.5,89937311.3,441571998
1049.7,S,47,15463.09,3124.11,17893605.5,89937414.4,441572254
1050.7,S,47,15476.21,3129.32,17893605.5,89937605.7,441572571
1051.7,S,47,15488.91,3134.50,17893605.5,89937606.8,441572579
1052.7,S,47,15498.48,3138.28,17893605.5,89937709.9,441572855
1053.7,S,47,15511.22,3143.37,17893605.5,89937710.2,441572860
1054.7,S,47,15521.13,3147.01,17893605.5,89937812.9,441573124
1055.7,S,47,15533.91,3152.00,17893605.5,89937813.5,441573128
1056.7,S,47,15546.61,3157.15,17893605.5,89937813.7,441573134
1057.7,S,50,15553.04,3159.57,17893605.5,89938106.8,441573733
1058.7,S,50,15567.79,3164.67,17893605.5,89938106.9,441573739
1059.7,S,50,15582.19,3170.10,17893605.5,89938154.8,441573787
1060.7,S,48,15594.13,3174.87,17893605.5,89938353.3,441573960
1061.7,S,48,15606.63,3179.99,17893605.5,89938401.1,441574009
1062.7,S,47,15619.23,3185.17,17893605.5,89938401.9,441574012
1063.7,S,55,15634.33,3188.79,17893605.5,89938504.8,441574311
1064.7,S,55,15655.22,3193.83,17893605.5,89938505.2,441574315
1065.7,S,53,15672.13,3198.89,17893605.5,89938744.2,441574986
1066.7,S,51,15686.04,3203.63,17893605.5,89939370.3,441575529
1067.7,S,51,15702.90,3208.92,17893605.5,89939370.7,441575530
1068.7,S,50,15715.45,3212.96,17893605.5,89939547.6,441575985
1069.7,S,47,15726.66,3216.83,17893605.5,89939665.7,441576257
1070.7,S,47,15740.47,3221.91,17893605.5,89939666.2,441576258
1071.7,S,47,15754.21,3227.02,17893605.5,89939666.5,441576260
1072.7,S,47,15766.89,3231.68,17893605.5,89939797.9,441576389
1073.7,S,47,15780.24,3236.91,17893605.5,89939890.3,441576718
1074.7,S,47,15792.76,3241.92,17893605.5,89939994.7,441576988
1075.7,S,47,15800.18,3244.63,17893605.5,89940091.8,441577460
1076.7,S,47,15812.85,3249.77,17893605.5,89940092.5,441577469
1077.7,S,47,15823.37,3254.14,17893605.5,89940169.6,441577660
1078.7,S,47,15835.15,3259.04,17893605.5,89940196.1,441577731
1079.7,S,47,15847.65,3264.25,17893605.5,89940201.9,441577934
1080.7,S,50,15858.90,3268.74,17893605.5,89940489.9,441578345
1081.7,S,50,15873.67,3273.86,17893605.5,89940490.4,441578351
1082.7,S,48,15888.14,3278.76,17893605.5,89940586.1,441578605
1083.7,S,48,15899.14,3283.03,17893605.5,89940736.5,441578912
1084.7,S,48,15911.80,3288.23,17893605.5,89940736.8,441578921
1085.7,S,47,15922.62,3292.30,17893605.5,89940850.3,441579215
1086.7,S,55,15941.39,3296.84,17893605.5,89940888.3,441579319
1087.7,S,55,15962.43,3301.71,17893605.5,89940888.8,441579325
1088.7,S,52,15977.52,3306.07,17893605.5,89941522.6,441579998
1089.7,S,51,15991.08,3310.42,17893605.5,89941753.9,441580251
1090.7,S,51,16007.89,3315.54,17893605.5,89941755.1,441580264
1091.7,S,47,16020.26,3319.68,17893605.5,89941946.2,441580784
1092.7,S,47,16032.06,3323.91,17893605.5,89942049.1,441580960
1093.7,S,47,16045.78,3329.09,17893605.5,89942049.3,441580971
1094.7,S,47,16059.45,3334.32,17893605.5,89942049.9,441580992
1095.7,S,47,16070.11,3337.89,17893605.5,89942152.8,441581272
1096.7,S,47,16083.22,3343.10,17893605.5,89942290.2,441581849
1097.7,S,47,16094.60,3348.02,17893605.5,89942423.8,441581989
1098.7,S,47,16106.98,3353.01,17893605.5,89942447.5,441582012
1099.7,S,47,16119.71,3358.12,17893605.5,89942447.7,441582024
1100.7,S,47,16129.78,3362.11,17893605.5,89942550.8,441582254
1101.7,S,47,16142.57,3367.18,17893605.5,89942551.1,441582258
1102.7,S,47,16154.73,3372.41,17893605.5,89942742.3,441582436
1103.7,S,50,16167.68,3377.15,17893605.5,89942845.3,441582534
1104.7,S,50,16182.45,3382.28,17893605.5,89942845.5,441582538
1105.7,S,48,16194.24,3386.96,17893605.5,89942989.0,441582939
1106.7,S,48,16205.97,3391.60,17893605.5,89943091.5,441583027
1107.7,S,47,16218.57,3396.62,17893605.5,89943139.9,441583158
1108.7,S,55,16229.67,3400.21,17893605.5,89943242.8,441583435
1109.7,S,55,16250.68,3405.13,17893605.5,89943243.2,441583443
1110.7,S,54,16270.57,3409.89,17893605.5,89943433.8,441583621
1111.7,S,47,16284.49,3414.40,17893605.5,89943831.6,441583969
1112.7,S,51,16297.27,3418.36,17893605.5,89944108.4,441584214
1113.7,S,51,16314.03,3423.51,17893605.5,89944109.2,441584222
1114.7,S,49,16327.89,3428.10,17893605.5,89944219.1,441584557
1115.7,S,47,16339.89,3432.72,17893605.5,89944403.2,441584760
1116.7,S,47,16353.56,3437.95,17893605.5,89944403.5,441584770
1117.7,S,47,16365.61,3441.81,17893605.5,89944477.5,441584981
1118.7,S,47,16377.95,3446.55,17893605.5,89944612.8,441585389
1119.7,S,47,16390.45,3451.87,17893605.5,89944698.4,441585694
1120.7,S,47,16401.90,3456.58,17893605.5,89944801.3,441585792
1121.7,S,47,16414.69,3461.63,17893605.5,89944801.4,441585797
1122.7,S,47,16427.16,3467.03,17893605.5,89944802.0,441585800
1123.7,S,47,16437.62,3471.11,17893605.5,89944904.8,441585999
1124.7,S,47,16450.30,3476.29,17893605.5,89944905.3,441586008
1125.7,S,47,16459.75,3479.95,17893605.5,89944979.1,441586304
1126.7,S,50,16465.84,3481.96,17893605.5,89945199.1,441586924
1127.7,S,50,16480.62,3487.09,17893605.5,89945199.8,441586937
1128.8,S,48,16494.35,3492.03,17893605.5,89945343.4,441587177
1129.8,S,48,16506.19,3496.57,17893605.5,89945446.1,441587263
1130.8,S,47,16518.64,3501.82,17893605.5,89945494.5,441587389
1131.8,S,55,16529.54,3506.08,17893605.5,89945597.3,441587553
1132.8,S,55,16550.35,3511.17,17893605.5,89945597.6,441587557
1133.8,S,55,16571.27,3516.20,17893605.5,89945609.7,441587569
1134.8,S,47,16586.12,3521.07,17893605.5,89945979.3,441587886
1135.8,S,51,16597.80,3525.13,17893605.5,89946462.1,441588294
1136.8,S,51,16614.43,3530.41,17893605.5,89946463.0,441588295
1137.8,S,49,16628.85,3535.26,17893605.5,89946581.2,441588742
1138.8,S,47,16638.35,3538.75,17893605.5,89946756.8,441589188
1139.8,S,47,16652.02,3543.97,17893605.5,89946757.2,441589192
1140.8,S,47,16665.74,3549.13,17893605.5,89946757.5,441589203
1141.8,S,47,16678.38,3553.83,17893605.5,89946861.2,441589302
1142.8,S,47,16691.85,3559.02,17893605.5,89946972.6,441589565
1143.8,S,47,16704.01,3563.83,17893605.5,89947055.4,441589798
1144.8,S,47,16713.00,3567.23,17893605.5,89947154.9,441590129
1145.8,S,47,16725.82,3572.25,17893605.5,89947155.5,441590133
1146.8,S,47,16735.59,3576.12,17893605.5,89947254.4,441590395
1147.8,S,47,16746.91,3580.58,17893605.5,89947258.2,441590520
1148.8,S,47,16759.73,3585.63,17893605.5,89947258.9,441590538
1149.8,S,47,16766.62,3588.68,17893605.5,89947551.8,441591307
1150.8,S,50,16781.37,3593.73,17893605.5,89947552.1,441591307
1151.8,S,50,16796.14,3598.82,17893605.5,89947599.8,441591356
1152.8,S,48,16805.19,3602.21,17893605.5,89947798.1,441591765
1153.8,S,48,16817.92,3607.33,17893605.5,89947798.2,441591767
1154.8,S,47,16830.43,3612.50,17893605.5,89947846.7,441591895
1155.8,S,55,16843.23,3616.28,17893605.5,89947949.7,441592133
1156.8,S,55,16864.12,3621.15,17893605.5,89948164.4,441592334
1157.8,S,55,16880.72,3625.60,17893605.5,89948427.0,441592801
1158.8,S,51,16891.13,3628.93,17893605.5,89948712.4,441593544
1159.8,S,51,16905.97,3633.60,17893605.5,89948815.5,441593633
1160.8,S,51,16922.80,3638.67,17893605.5,89948816.6,441593643
1161.8,S,47,16936.86,3643.74,17893605.5,89949008.1,441593824
1162.8,S,47,16949.23,3648.67,17893605.5,89949110.7,441593910
1163.8,S,47,16962.97,3653.81,17893605.5,89949110.9,441593916
1164.8,S,47,16975.17,3658.46,17893605.5,89949118.3,441594050
1165.8,S,47,16982.16,3660.97,17893605.5,89949403.9,441594591
1166.8,S,47,16994.88,3666.07,17893605.5,89949405.3,441594618
1167.8,S,47,17007.04,3670.87,17893605.5,89949430.8,441594682
1168.8,S,47,17017.04,3674.57,17893605.5,89949508.3,441594927
1169.8,S,47,17029.93,3679.48,17893605.5,89949508.5,441594952
1170.8,S,47,17039.74,3683.21,17893605.5,89949611.5,441595217
1171.8,S,47,17052.61,3688.16,17893605.5,89949612.6,441595220
1172.8,S,47,17064.74,3693.39,17893605.5,89949803.4,441595535
1173.8,S,50,17077.31,3697.81,17893605.5,89949906.1,441595646
1174.8,S,50,17092.17,3702.79,17893605.5,89949906.5,441595653
1175.8,S,48,17104.15,3707.17,17893605.5,89950116.5,441596091
1176.8,S,48,17116.50,3712.00,17893605.5,89950152.0,441596128
1177.8,S,47,17129.16,3717.06,17893605.5,89950201.1,441596498
1178.8,S,55,17142.52,3720.82,17893605.5,89950332.1,441596792
1179.8,S,55,17163.70,3725.58,17893605.5,89950332.5,441596802
1180.8,S,55,17181.33,3730.18,17893605.5,89950444.3,441597172
1181.8,S,47,17192.77,3733.99,17893605.5,89951125.5,441597774
1182.8,S,51,17208.51,3738.91,17893605.5,89951197.4,441597847
1183.8,S,51,17225.14,3744.19,17893605.5,89951199.0,441597849
1184.8,S,47,17238.42,3748.97,17893605.5,89951459.3,441598093
1185.8,S,47,17251.65,3753.86,17893605.5,89951493.0,441598125
1186.8,S,47,17265.19,3759.21,17893605.5,89951493.3,441598135
1187.8,S,47,17276.55,3763.35,17893605.5,89951596.7,441598393
1188.8,S,47,17290.31,3768.43,17893605.5,89951597.8,441598397
1189.8,S,47,17303.63,3773.61,17893605.5,89951743.7,441598794
1190.8,S,47,17312.28,3776.77,17893605.5,89951891.7,441599292
1191.8,S,47,17325.05,3781.84,17893605.5,89951891.9,441599297
1192.8,S,47,17337.95,3786.75,17893605.5,89951892.2,441599299
1193.8,S,47,17349.55,3791.32,17893605.5,89951995.2,441599415
1194.8,S,47,17362.20,3796.52,17893605.5,89951995.8,441599440
1195.8,S,47,17370.99,3799.91,17893605.5,89952129.2,441599779
1196.8,S,50,17381.78,3803.93,17893605.5,89952289.3,441600051
1197.8,S,50,17396.25,3809.33,17893605.5,89952289.9,441600059
1198.8,S,49,17408.73,3814.29,17893605.5,89952433.4,441600448
1199.8,S,48,17418.02,3817.91,17893605.5,89952536.5,441600757
1200.8,S,47,17430.72,3822.98,17893605.5,89952584.5,441600802
1201.8,S,47,17440.68,3826.90,17893605.5,89952677.7,441601056
1202.8,S,55,17460.80,3831.88,17893605.5,89952687.4,441601103
1203.8,S,55,17481.60,3837.02,17893605.5,89952687.9,441601113
1204.8,S,50,17498.38,3841.93,17893605.5,89953009.1,441601565
1205.8,S,51,17513.11,3846.53,17893605.5,89953551.8,441602023
1206.8,S,51,17530.32,3851.27,17893605.5,89953552.8,441602044
1207.8,S,47,17544.58,3855.99,17893605.5,89953743.3,441602233
1208.8,S,47,17557.36,3860.54,17893605.5,89953846.4,441602329
1209.8,S,47,17571.05,3865.74,17893605.5,89953847.5,441602334
1210.8,S,47,17582.14,3869.91,17893605.5,89953895.5,441602562
1211.8,S,47,17593.77,3874.33,17893605.5,89953951.0,441602734
1212.8,S,47,17606.63,3879.58,17893605.5,89954141.4,441602902
1213.8,S,47,17616.37,3883.54,17893605.5,89954237.5,441603163
1214.8,S,47,17628.82,3888.42,17893605.5,89954244.3,441603203
1215.8,S,47,17641.46,3893.67,17893605.5,89954244.9,441603205
1216.8,S,47,17653.07,3898.19,17893605.5,89954347.7,441603312
1217.8,S,47,17665.78,3903.35,17893605.5,89954347.8,441603318
1218.8,S,47,17677.56,3908.61,17893605.5,89954538.2,441603952
1219.8,S,50,17688.00,3912.07,17893605.5,89954641.4,441604253
1220.8,S,50,17702.79,3917.18,17893605.5,89954642.1,441604254
1221.8,S,48,17714.25,3921.64,17893605.5,89954785.4,441604684
1222.8,S,48,17725.87,3926.29,17893605.5,89954887.7,441604776
1223.8,S,47,17738.72,3931.21,17893605.5,89954936.1,441604828
1224.8,S,47,17747.85,3934.67,17893605.5,89955022.1,441605159
1225.8,S,55,17767.67,3939.42,17893605.5,89955039.4,441605209
1226.8,S,55,17788.57,3944.34,17893605.5,89955111.3,441605330
1227.8,S,47,17802.68,3949.12,17893605.5,89955802.4,441605913
1228.8,S,51,17816.77,3953.67,17893605.5,89955905.4,441606023
1229.8,S,51,17833.46,3958.91,17893605.5,89955905.6,441606036
1230.8,S,48,17847.26,3963.85,17893605.5,89956048.3,441606465
1231.8,S,47,17859.85,3968.39,17893605.5,89956199.4,441606658
1232.8,S,47,17873.42,3973.69,17893605.5,89956200.5,441606667
1233.8,S,47,17887.10,3978.88,17893605.5,89956200.8,441606677
1234.8,S,47,17896.98,3982.27,17893605.5,89956303.6,441607022
1235.8,S,47,17910.58,3987.46,17893605.5,89956345.8,441607127
1236.8,S,47,17923.08,3992.85,17893605.5,89956502.4,441607379
1237.8,S,47,17934.85,3997.50,17893605.5,89956598.3,441607470
1238.8,S,47,17947.42,4002.78,17893605.5,89956599.3,441607477
1239.8,S,47,17956.31,4006.11,17893605.5,89956701.8,441607816
1240.8,S,47,17969.31,4010.95,17893605.5,89956702.1,441607827
1241.8,S,47,17981.90,4016.16,17893605.5,89956702.5,441607902
1242.8,S,50,17991.24,4019.47,17893605.5,89956995.9,441608295
1243.8,S,50,18006.26,4024.28,17893605.5,89956996.5,441608308
1244.8,S,50,18019.07,4029.04,17893605.5,89957139.9,441608689
1245.8,S,48,18028.91,4032.89,17893605.5,89957242.7,441608962
1246.8,S,48,18041.59,4038.09,17893605.5,89957242.7,441608964
1247.8,S,47,18054.14,4043.29,17893605.5,89957290.8,441609015
1248.8,S,55,18069.41,4046.70,17893605.5,89957394.3,441609308
1249.8,S,55,18090.33,4051.68,17893605.5,89957394.9,441609313
1250.8,S,51,18107.11,4056.38,17893605.5,89957966.2,441610056
1251.8,S,51,18120.50,4060.57,17893605.5,89958259.8,441610381
1252.8,S,51,18137.31,4065.69,17893605.5,89958260.0,441610387
1253.8,S,47,18150.95,4070.23,17893605.5,89958450.6,441610812
1254.8,S,47,18163.61,4074.82,17893605.5,89958554.5,441610909
1255.8,S,47,18177.25,4080.05,17893605.5,89958554.8,441610918
1256.8,S,47,18190.71,4085.47,17893605.5,89958555.0,441610926
1257.8,S,47,18201.05,4089.19,17893605.5,89958658.1,441611243
1258.8,S,47,18212.24,4093.93,17893605.5,89958849.4,441611675
1259.8,S,47,18225.08,4098.95,17893605.5,89958849.7,441611675
1260.8,S,47,18235.71,4102.99,17893605.5,89958952.8,441611881
1261.8,S,47,18248.52,4108.01,17893605.5,89958953.1,441611886
1262.8,S,47,18257.54,4111.47,17893605.5,89959018.3,441612221
1263.8,S,47,18269.79,4116.23,17893605.5,89959056.3,441612265
1264.8,S,47,18282.03,4121.30,17893605.5,89959246.1,441612431
1265.8,S,50,18294.04,4126.00,17893605.5,89959349.6,441612535
1266.8,S,50,18308.82,4131.12,17893605.5,89959349.7,441612539
1267.8,S,48,18322.41,4136.12,17893605.5,89959492.9,441612896
1268.8,S,48,18334.05,4140.62,17893605.5,89959595.9,441613023
1269.8,S,48,18346.81,4145.62,17893605.5,89959644.4,441613072
1270.8,S,55,18359.92,4150.35,17893605.5,89959747.7,441613164
1271.8,S,55,18380.89,4155.32,17893605.5,89959748.1,441613217
1272.8,S,55,18401.54,4160.25,17893605.5,89959806.6,441613402
1273.9,S,47,18414.77,4164.61,17893605.5,89960590.6,441614380
1274.9,S,51,18431.16,4169.65,17893605.5,89960613.9,441614407
1275.9,S,51,18448.10,4174.61,17893605.5,89960619.3,441614428
1276.9,S,47,18459.29,4178.81,17893605.5,89960868.2,441614995
1277.9,S,47,18472.11,4183.65,17893605.5,89960908.2,441615062
1278.9,S,47,18485.68,4188.91,17893605.5,89960908.4,441615068
1279.9,S,47,18495.77,4192.34,17893605.5,89961011.8,441615399
1280.9,S,47,18509.46,4197.55,17893605.5,89961012.3,441615407
1281.9,S,47,18522.38,4202.95,17893605.5,89961194.6,441615991
1282.9,S,47,18531.68,4206.69,17893605.5,89961306.6,441616326
1283.9,S,47,18544.44,4211.78,17893605.5,89961306.8,441616453
1284.9,S,47,18557.01,4216.97,17893605.5,89961307.0,441616455
1285.9,S,47,18560.94,4217.82,17893605.5,89961317.0,441617286
1286.9,S,47,18562.91,4217.85,17893605.5,89961326.3,441618287
1287.9,S,47,18568.25,4220.19,17893605.5,89961601.4,441618848
1288.9,S,47,18579.96,4225.33,17893605.5,89961601.9,441618895
1289.9,S,47,18591.50,4230.28,17893605.5,89961613.0,441618921
1290.9,S,50,18604.15,4234.82,17893605.5,89961705.1,441619057
1291.9,S,50,18618.99,4239.88,17893605.5,89961705.3,441619062
1292.9,S,48,18629.01,4244.06,17893605.5,89961870.7,441619594
1293.9,S,48,18639.32,4248.06,17893605.5,89961951.1,441619804
1294.9,S,47,18652.00,4253.02,17893605.5,89961999.3,441619876
1295.9,S,47,18659.85,4256.35,17893605.5,89962470.8,441620271
1296.9,S,55,18679.79,4260.94,17893605.5,89962482.8,441620281
1297.9,S,55,18699.70,4265.95,17893605.5,89962486.3,441620291
1298.9,S,47,18709.60,4269.77,17893605.5,89962865.1,441620841
1300.0,S,51,18724.13,4274.47,17893605.5,89962967.9,441620938
1301.0,S,51,18741.06,4279.44,17893605.5,89962968.3,441620988
1302.0,S,47,18755.05,4284.30,17893605.5,89963159.7,441621177
1303.0,S,47,18767.23,4288.95,17893605.5,89963291.1,441621331
1304.0,S,47,18781.06,4294.03,17893605.5,89963292.0,441621353
1305.0,S,47,18793.29,4298.78,17893605.5,89963331.4,441621476
1306.0,S,47,18804.47,4302.83,17893605.5,89963395.1,441621703
1307.0,S,47,18817.98,4308.22,17893605.5,89963395.5,441621717
1308.0,S,47,18829.19,4312.77,17893605.5,89963635.0,441622375
1309.0,S,47,18839.37,4316.57,17893605.5,89963689.4,441622603
1310.0,S,47,18852.05,4321.73,17893605.5,89963690.5,441622615
1311.0,S,47,18862.52,4325.79,17893605.5,89963793.6,441622816
1312.0,S,47,18875.38,4330.77,17893605.5,89963794.0,441622818
1313.0,S,47,18886.18,4335.50,17893605.5,89963985.1,441623339
1314.0,S,50,18893.38,4338.02,17893605.5,89964087.8,441623820
1315.0,S,50,18908.20,4343.10,17893605.5,89964088.0,441623821
1316.0,S,48,18922.36,4348.09,17893605.5,89964231.2,441623943
1317.0,S,48,18934.06,4352.68,17893605.5,89964334.3,441624036
1318.0,S,48,18946.84,4357.76,17893605.5,89964334.5,441624037
1319.0,S,47,18959.23,4362.53,17893605.5,89964427.3,441624119
1320.0,S,55,18978.71,4367.54,17893605.5,89964486.0,441624177
1321.0,S,55,18999.80,4372.38,17893605.5,89964486.3,441624179
1322.0,S,53,19018.27,4377.43,17893605.5,89964588.1,441624666
1323.0,S,47,19020.78,4378.22,17893605.5,89965350.5,441625565
1324.0,S,47,19033.29,4383.64,17893605.5,89965351.5,441625570
1325.0,S,47,19046.11,4388.65,17893605.5,89965351.6,441625576
1326.0,S,51,19057.13,4392.16,17893605.5,89965454.5,441625890
1327.0,S,51,19073.99,4397.22,17893605.5,89965455.5,441625893
1328.0,S,47,19088.44,4402.06,17893605.5,89965646.1,441626146
1329.0,S,47,19098.57,4405.46,17893605.5,89965748.9,441626477
1330.0,S,47,19111.29,4410.66,17893605.5,89965939.7,441627023
1331.0,S,47,19123.93,4415.84,17893605.5,89965939.9,441627031
1332.0,S,47,19135.70,4420.27,17893605.5,89966043.2,441627132
1333.0,S,47,19148.36,4425.48,17893605.5,89966043.3,441627136
1334.0,S,47,19158.52,4429.34,17893605.5,89966114.0,441627373
1335.0,S,47,19169.83,4433.89,17893605.5,89966146.6,441627487
1336.0,S,47,19182.46,4439.07,17893605.5,89966147.0,441627491
1337.0,S,50,19195.33,4443.72,17893605.5,89966249.6,441627584
1338.0,S,50,19211.04,4448.93,17893605.5,89966250.2,441627588
1339.0,S,48,19225.85,4454.32,17893605.5,89966345.6,441627670
1340.0,S,48,19237.62,4458.94,17893605.5,89966686.1,441627970
1341.0,S,48,19250.35,4464.07,17893605.5,89966686.6,441627974
1342.0,S,47,19261.71,4468.77,17893605.5,89966769.7,441628210
1343.0,S,55,19279.01,4472.77,17893605.5,89966837.4,441628404
1344.0,S,55,19300.77,4476.89,17893605.5,89966838.3,441628412
1345.0,S,50,19316.95,4481.60,17893605.5,89967091.2,441628647
1346.0,S,47,19321.00,4482.48,17893605.5,89967322.1,441629412
1347.0,S,47,19328.93,4485.21,17893605.6,89967703.0,441629935
1348.0,S,47,19341.89,4490.18,17893605.6,89967704.0,441629945
1349.0,S,47,19354.61,4495.24,17893605.6,89967704.2,441629948
1350.0,S,51,19365.98,4498.53,17893605.6,89967808.0,441630306
1351.0,S,51,19382.67,4503.78,17893605.6,89967808.2,441630308
1352.0,S,48,19397.39,4508.89,17893605.6,89967951.5,441630541
1353.0,S,47,19409.56,4513.45,17893605.6,89968102.0,441630717
1354.0,S,47,19421.89,4518.07,17893605.8,89968304.7,441630931
1355.0,S,47,19434.01,4523.02,17893605.8,89968327.2,441630981
1356.0,S,47,19444.20,4527.13,17893605.8,89968408.5,441631191
1357.0,S,47,19457.06,4532.14,17893605.8,89968409.2,441631200
1358.0,S,47,19466.62,4535.89,17893605.8,89968514.4,441631497
1359.0,S,47,19479.19,4541.12,17893605.8,89968514.6,441631512
1360.0,S,47,19491.94,4546.22,17893605.8,89968515.2,441631520
1361.0,S,50,19502.68,4549.83,17893605.8,89968618.9,441631818
1362.0,S,50,19518.33,4555.10,17893605.8,89968619.2,441631820
1363.0,S,48,19533.11,4560.35,17893605.8,89968762.4,441631941
1364.0,S,48,19544.99,4564.95,17893605.8,89969055.8,441632199
1365.0,S,47,19557.59,4570.01,17893605.8,89969103.9,441632326
1366.0,S,47,19569.49,4574.86,17893605.8,89969107.8,441632393
1367.0,S,55,19584.32,4578.11,17893605.8,89969207.0,441632704
1368.0,S,55,19605.38,4582.95,17893605.8,89969207.4,441632708
1369.0,S,50,19622.82,4587.48,17893605.8,89969490.2,441632951
1370.0,S,47,19633.16,4591.92,17893605.8,89970071.7,441633448
1371.0,S,47,19646.04,4596.93,17893605.8,89970072.6,441633452
1372.0,S,47,19658.52,4602.17,17893605.8,89970079.3,441633467
1373.0,S,51,19671.38,4605.82,17893605.8,89970176.9,441633733
1374.0,S,51,19688.28,4610.85,17893605.8,89970177.5,441633737
1375.0,S,47,19699.58,4614.70,17893605.8,89970368.2,441634321
1376.0,S,47,19708.76,4617.21,17893605.8,89970368.5,441634328
1377.0,S,47,19717.52,4619.54,17893605.8,89970506.2,441634457
1378.0,S,47,19729.09,4624.45,17893605.8,89970662.8,441634594
1379.0,S,47,19741.45,4629.87,17893605.8,89970663.2,441634595
1380.0,S,47,19750.83,4633.45,17893605.8,89970766.1,441634896
1381.0,S,47,19763.70,4638.43,17893605.8,89970766.3,441634906
1382.0,S,47,19776.33,4643.63,17893605.8,89970766.6,441634945
1383.0,S,47,19785.13,4647.13,17893605.8,89970869.5,441635293
1384.0,S,47,19798.02,4652.07,17893605.8,89970870.1,441635307
1385.0,S,50,19809.77,4656.62,17893605.8,89970973.2,441635440
1386.0,S,50,19824.97,4661.69,17893605.8,89971164.0,441635638
1387.0,S,50,19839.60,4666.92,17893605.8,89971211.9,441635680
1388.0,S,48,19850.96,4671.44,17893605.8,89971410.3,441635846
1389.0,S,48,19863.61,4676.66,17893605.8,89971410.6,441635848
1390.0,S,47,19871.86,4679.43,17893605.8,89971458.8,441635905
1391.0,S,47,19878.70,4681.25,17893605.8,89971459.3,441635907
1392.0,S,47,19885.54,4683.12,17893605.8,89971494.0,441636001
1393.0,S,47,19893.79,4686.49,17893605.8,89971927.9,441636512
1394.0,S,55,19913.06,4691.73,17893605.8,89971942.8,441636534
1395.0,S,55,19932.85,4696.88,17893605.8,89971946.6,441636538
1396.0,S,51,19945.21,4701.13,17893605.8,89972259.9,441637016
1397.0,S,47,19951.23,4703.09,17893605.8,89972428.0,441637570
1398.0,S,47,19958.42,4705.13,17893605.8,89972428.3,441637574
1399.0,S,47,19965.58,4707.11,17893605.8,89972428.5,441637602
1400.0,S,47,19972.79,4709.06,17893605.8,89972428.7,441637611
1401.0,S,47,19980.04,4711.00,17893605.8,89972429.3,441637613
1402.0,S,47,19989.50,4714.83,17893605.8,89972620.8,441637778
1403.0,S,47,20001.13,4720.01,17893605.8,89972621.0,441637780
1404.0,S,51,20015.54,4724.25,17893605.8,89972723.9,441637871
1405.0,S,51,20031.37,4729.30,17893605.8,89972724.0,441637871
1406.0,S,47,20041.11,4732.55,17893605.8,89972915.1,441638044
1407.0,S,47,20049.35,4735.02,17893605.8,89972916.1,441638053
1408.0,S,47,20056.01,4736.95,17893605.8,89973019.4,441638286
1409.0,S,47,20062.42,4738.56,17893605.8,89973019.5,441638288
1410.0,S,47,20068.76,4740.22,17893605.8,89973019.7,441638292
1411.0,S,47,20075.01,4741.83,17893605.8,89973019.9,441638294
1412.0,S,47,20081.37,4743.45,17893605.8,89973020.1,441638296
1413.0,S,47,20087.79,4745.12,17893605.8,89973020.6,441638298
1414.0,S,47,20094.21,4746.74,17893605.8,89973020.8,441638299
1415.0,S,47,20100.49,4748.45,17893605.8,89973020.9,441638299
1416.0,S,47,20106.98,4750.07,17893605.8,89973021.1,441638303
1417.0,S,47,20113.39,4751.74,17893605.8,89973094.1,441638366
1418.0,S,47,20124.40,4756.38,17893605.8,89973212.2,441638466
1419.0,S,47,20135.01,4761.00,17893605.8,89973343.4,441638580
1420.0,S,47,20146.60,4766.17,17893605.8,89973545.8,441638763
1421.0,S,47,20156.91,4770.92,17893605.8,89973827.5,441639014
1422.0,S,47,20168.79,4775.84,17893605.8,89973827.9,441639021
1423.0,S,47,20180.47,4781.02,17893605.8,89973828.0,441639024
1424.0,S,65,20202.61,4784.58,17893605.8,89973933.7,441639317
1425.0,S,65,20232.41,4789.59,17893605.8,89973933.9,441639325
1426.0,S,65,20262.20,4794.59,17893605.8,89973934.3,441639377
1427.0,S,63,20287.81,4799.01,17893605.8,89974047.4,441639690
1428.0,S,63,20314.51,4803.33,17893605.8,89974197.8,441639880
1429.0,S,63,20342.15,4808.09,17893605.8,89974225.9,441639908
1430.0,S,63,20369.96,4812.95,17893605.8,89974288.2,441639964
1431.0,S,62,20397.89,4817.83,17893605.8,89974363.6,441640028
1432.0,S,62,20425.67,4822.80,17893605.8,89974503.7,441640152
1433.0,S,70,20453.52,4825.01,17893605.8,89974606.8,441640252
1434.0,S,70,20483.65,4826.44,17893605.8,89974607.1,441640280
1435.0,S,70,20510.59,4828.05,17893605.8,89974854.0,441640985
1436.0,S,62,20533.75,4829.61,17893605.8,89975723.4,441641981
1437.0,S,62,20552.96,4830.96,17893605.8,89976496.7,441642633
1438.0,S,62,20573.80,4831.65,17893605.8,89976496.9,441642639
1439.0,S,62,20594.57,4832.43,17893605.8,89976497.2,441642642
1440.0,S,62,20615.13,4833.26,17893605.8,89976557.9,441642997
1441.0,S,62,20635.80,4834.13,17893605.8,89976757.4,441643169
1442.0,S,62,20656.52,4834.92,17893605.8,89976860.9,441643270
1443.0,S,66,20677.16,4835.66,17893605.8,89977089.8,441643547
1444.0,S,66,20700.87,4836.61,17893605.8,89977408.9,441643827
1445.1,S,66,20724.50,4837.45,17893605.8,89977516.1,441643982
1446.1,S,65,20739.65,4838.08,17893605.8,89977869.7,441644971
1447.1,S,62,20761.12,4839.13,17893605.8,89978342.0,441645420
1448.1,S,62,20780.17,4840.04,17893605.8,89978904.0,441645896
1449.1,S,62,20800.30,4840.76,17893605.8,89979060.0,441646042
1450.1,S,62,20820.39,4841.45,17893605.8,89979175.1,441646147
1451.1,S,62,20840.48,4842.14,17893605.8,89979354.5,441646305
1452.1,S,62,20860.55,4842.89,17893605.8,89979484.9,441646493
1453.1,S,62,20880.72,4843.55,17893605.8,89979542.0,441646572
1454.1,S,62,20900.56,4844.40,17893605.8,89979703.0,441647019
1455.1,S,62,20920.72,4845.07,17893605.8,89979708.7,441647101
1456.1,S,62,20940.52,4845.81,17893605.8,89979870.3,441647541
1457.1,S,62,20960.42,4846.56,17893605.8,89980256.4,441647876
1458.1,S,62,20979.98,4847.35,17893605.8,89980621.0,441648296
1459.1,S,62,20999.43,4848.41,17893605.8,89981252.4,441648839
1460.1,S,62,21018.44,4849.32,17893605.8,89981365.2,441649144
1461.1,S,62,21035.25,4850.24,17893605.8,89981908.3,441650095
1462.1,S,62,21057.75,4851.72,17893605.8,89982332.5,441650456
1463.1,S,62,21081.20,4853.39,17893605.8,89982572.7,441650660
1464.1,S,62,21104.50,4854.75,17893605.8,89982572.9,441650662
1465.1,S,62,21127.55,4856.19,17893605.8,89982608.7,441650825
1466.1,S,62,21148.73,4857.28,17893605.8,89982619.7,441651133
1467.1,S,62,21171.73,4858.85,17893605.8,89982773.4,441651342
1468.1,S,62,21194.09,4860.34,17893605.8,89982969.5,441651696
1469.1,S,62,21216.49,4861.80,17893605.8,89983180.8,441652117
1470.1,S,62,21241.03,4865.56,17893605.8,89983688.6,441652630
1471.1,S,62,21267.88,4870.09,17893605.8,89983838.2,441652768
1472.1,S,62,21294.80,4875.00,17893605.8,89983967.3,441652890
1473.1,S,62,21321.77,4879.79,17893605.8,89984225.5,441653111
1474.1,S,62,21348.81,4884.49,17893605.8,89984483.1,441653339
1475.1,S,62,21366.62,4886.72,17893605.8,89984692.1,441653922
1476.1,S,62,21392.46,4891.45,17893605.8,89984714.8,441653987
1477.1,S,62,21418.56,4895.86,17893605.8,89984912.9,441654474
1478.1,S,62,21445.92,4900.26,17893605.8,89984993.6,441654604
1479.1,S,65,21470.02,4903.86,17893605.8,89985134.1,441654976
1480.1,S,65,21499.86,4908.74,17893605.8,89985134.2,441654981
1481.1,S,65,21529.50,4913.69,17893605.8,89985429.8,441655237
1482.1,S,63,21558.39,4918.32,17893605.8,89985573.1,441655366
1483.1,S,63,21585.86,4923.26,17893605.8,89986011.8,441655742
1484.1,S,63,21611.52,4927.62,17893605.8,89986320.7,441656006
1485.1,S,63,21639.39,4932.46,17893605.8,89986538.8,441656222
1486.1,S,61,21665.59,4937.26,17893605.8,89986884.7,441656522
1487.1,S,61,21692.02,4942.31,17893605.8,89987013.7,441656727
1488.1,S,69,21719.24,4944.73,17893605.8,89987116.5,441656869
1489.1,S,69,21748.17,4946.40,17893605.8,89987277.7,441657222
1490.1,S,68,21776.55,4948.09,17893605.8,89987468.7,441657587
1491.1,S,61,21799.94,4949.54,17893605.8,89987930.9,441657981
1492.1,S,61,21819.79,4950.59,17893605.8,89988020.6,441658063
1493.1,S,61,21839.39,4951.66,17893605.8,89988407.1,441658396
1494.1,S,61,21859.27,4952.64,17893605.8,89988407.4,441658405
1495.1,S,60,21875.87,4953.85,17893605.8,89988716.0,441659214
1496.1,S,53,21887.98,4955.06,17893605.8,89989426.1,441659965
1497.1,S,48,21899.63,4956.14,17893605.8,89989598.7,441660122
1498.1,S,47,21907.62,4957.15,17893605.8,89989945.0,441660425
1499.1,S,51,21916.00,4958.08,17893605.8,89990048.2,441660520
1500.1,S,51,21926.53,4959.12,17893605.8,89990048.3,441660523
1501.1,S,47,21935.48,4960.07,17893605.8,89990239.2,441660693
1502.1,S,111,21953.98,4960.77,17893605.8,89990296.2,441660747
1503.1,S,108,21989.22,4961.50,17893605.8,89990308.7,441660855
1504.1,S,112,22024.92,4961.95,17893605.8,89990309.4,441660863
1505.1,S,112,22060.50,4962.36,17893605.8,89990309.7,441660877
1506.1,S,111,22096.13,4962.78,17893605.8,89990326.1,441660919
1507.1,S,111,22131.80,4963.18,17893605.8,89990326.5,441660919
1508.1,S,110,22167.52,4963.61,17893605.8,89990354.4,441660949
1509.1,S,109,22203.14,4964.03,17893605.8,89990378.7,441660981
1510.1,S,109,22238.64,4964.43,17893605.8,89990378.9,441660987
1511.1,S,107,22274.07,4964.88,17893605.8,89990543.3,441661354
1512.1,S,105,22309.39,4965.40,17893605.8,89990875.3,441661694
1513.1,S,100,22344.80,4966.00,17893605.8,89991386.8,441662128
1514.1,S,104,22379.81,4966.55,17893607.7,89992098.7,441662763
1515.1,S,106,22415.03,4967.08,17893618.4,89992532.7,441663194
1516.1,S,106,22450.31,4967.66,17893639.3,89993102.1,441663760
1517.1,S,102,22485.34,4968.19,17893667.7,89993586.4,441664271
1518.2,S,99,22520.55,4968.78,17893701.4,89994313.3,441664990
1519.2,S,91,22555.70,4969.36,17893736.5,89994875.0,441665566
1520.2,S,119,22590.99,4969.89,17893781.4,89995351.8,441666091
1521.2,S,130,22626.34,4970.37,17893830.0,89995503.0,441666360
1522.2,S,131,22661.89,4970.85,17893875.3,89995585.3,441666557
1523.2,S,131,22697.37,4971.33,17893916.9,89995620.6,441666701
1524.2,S,131,22732.81,4971.81,17893956.2,89995620.8,441666809
1525.2,S,131,22767.95,4972.27,17894005.6,89995928.2,441667191
1526.2,S,131,22803.56,4972.67,17894065.1,89995928.5,441667338
1527.2,S,130,22839.00,4973.13,17894125.9,89995950.2,441667521
1528.2,S,128,22874.34,4973.64,17894189.1,89996125.6,441667842
1529.2,S,126,22909.59,4974.15,17894254.5,89996429.2,441668258
1530.2,S,123,22944.95,4974.69,17894319.4,89996657.0,441668614
1531.2,S,120,22980.28,4975.25,17894386.1,89996859.2,441668946
1532.2,S,117,23015.39,4975.80,17894447.5,89997276.9,441669449
1533.2,S,118,23050.73,4976.44,17894502.9,89997767.4,441669991
1534.2,S,115,23085.67,4977.10,17894554.5,89998170.8,441670455
1535.2,S,112,23121.15,4977.62,17894610.5,89998577.6,441670935
1536.2,S,107,23156.09,4978.22,17894665.3,89999227.0,441671621
1537.2,S,100,23190.95,4978.96,17894720.9,90000108.1,441672484
1538.2,S,92,23225.56,4979.70,17894766.0,90001071.5,441673425
1539.2,S,85,23258.91,4980.43,17894792.7,90002150.5,441674438
1540.2,S,83,23292.75,4981.64,17894854.6,90002508.8,441674905
1541.2,S,83,23327.14,4982.28,17894947.7,90002530.9,441675156
1542.2,S,81,23362.30,4982.80,17895033.0,90002600.2,441675428
1543.2,S,79,23397.65,4983.34,17895115.9,90002702.7,441675736
1544.2,S,74,23432.74,4983.92,17895194.6,90003135.4,441676294
1545.2,S,74,23467.51,4984.74,17895288.5,90003416.5,441676747
1546.2,S,72,23502.08,4985.50,17895401.5,90003964.9,441677433
1547.2,S,68,23535.98,4987.34,17895525.8,90004255.4,441677947
1548.2,S,67,23569.65,4989.11,17895668.8,90004724.2,441678612
1549.2,S,65,23602.66,4990.57,17895829.4,90005420.9,441679420
1550.2,S,69,23636.50,4991.90,17896006.0,90005906.8,441680134
1551.2,S,69,23671.12,4992.59,17896184.8,90005931.5,441680546
1552.2,S,69,23706.28,4993.25,17896358.9,90006044.1,441681017
1553.2,S,68,23741.11,4994.02,17896526.0,90006269.2,441681544
1554.2,S,69,23776.18,4994.64,17896693.3,90006271.4,441681953
1555.2,S,67,23810.38,4995.32,17896858.8,90006660.1,441682601
1556.2,S,67,23844.30,4995.97,17897026.8,90006973.8,441683177
1557.2,S,56,23874.66,4996.89,17897182.4,90007719.1,441684021
1558.3,S,67,23908.67,4997.70,17897370.3,90008270.8,441684781
1559.3,S,67,23943.62,4998.33,17897561.2,90008418.7,441685297
1560.3,S,68,23978.85,4998.89,17897742.3,90008523.3,441685743
1561.3,S,66,24013.70,4999.52,17897919.9,90008751.6,441686308
1562.3,S,65,24048.83,5000.13,17898091.5,90008885.8,441686795
1563.3,S,59,24081.11,5000.94,17898248.3,90009547.0,441687581
1564.3,S,56,24114.39,5001.61,17898403.3,90009650.2,441687987
1565.3,S,63,24145.85,5002.40,17898552.1,90010176.2,441688696
1566.3,S,74,24176.67,5003.08,17898689.7,90010602.7,441689578
1567.3,S,75,24211.64,5003.65,17898842.8,90010735.6,441690108
1568.3,S,69,24246.50,5004.20,17898999.8,90010909.6,441690652
1569.3,S,70,24281.82,5004.77,17899158.3,90011064.0,441691091
1570.3,S,73,24316.89,5005.34,17899323.7,90011179.1,441691513
1571.3,S,73,24351.67,5005.90,17899486.7,90011300.2,441692007
1572.3,S,73,24384.08,5006.54,17899641.1,90011676.2,441692911
1573.3,S,71,24412.54,5007.23,17899778.3,90011840.3,441693627
1574.3,S,63,24439.31,5008.16,17899919.8,90012376.6,441694613
1575.3,S,69,24465.88,5009.09,17900049.9,90012868.0,441695582
1576.3,S,79,24494.01,5010.11,17900183.9,90013253.4,441696531
1577.3,S,80,24528.87,5010.64,17900350.5,90013661.9,441697293
1578.3,S,78,24564.24,5011.18,17900513.8,90013735.5,441697734
1579.3,S,74,24599.07,5011.76,17900682.8,90013937.6,441698313
1580.4,S,73,24630.55,5012.55,17900834.0,90014378.1,441699222
1581.4,S,71,24665.60,5013.13,17900984.8,90014583.3,441699766
1582.4,S,70,24700.14,5013.74,17901127.4,90014862.8,441700408
1583.4,S,69,24733.32,5014.33,17901259.6,90015051.2,441701043
1584.4,S,71,24763.55,5015.07,17901375.8,90015515.9,441701856
1585.4,S,68,24796.34,5015.94,17901508.0,90015793.6,441702561
1586.4,S,66,24819.41,5017.15,17901595.0,90016232.0,441703562
1587.4,S,80,24843.95,5018.34,17901696.1,90016687.1,441704500
1588.4,S,78,24879.18,5018.91,17901829.8,90016890.1,441704983
1589.4,S,78,24914.58,5019.41,17901965.7,90016890.4,441705313
1590.4,S,80,24948.72,5019.98,17902102.5,90017118.1,441705971
1591.4,S,79,24982.66,5020.55,17902235.7,90017416.9,441706818
1592.4,S,78,25015.90,5021.18,17902361.3,90017587.9,441707433
1593.4,S,73,25049.71,5021.80,17902489.7,90017813.5,441708194
1594.4,S,73,25084.65,5022.39,17902633.1,90018089.1,441708714
1595.4,S,72,25119.20,5023.04,17902775.8,90018347.6,441709374
1596.4,S,71,25144.63,5023.74,17902898.5,90018594.6,441710214
1597.4,S,70,25164.89,5024.69,17903001.3,90018956.7,441711214
1598.4,S,69,25181.90,5025.75,17903080.2,90019535.2,441712214
1599.4,S,70,25203.91,5026.69,17903184.0,90020017.8,441713194
1600.4,S,91,25239.12,5027.24,17903363.5,90020126.7,441713661
1601.4,S,90,25274.19,5027.89,17903548.0,90020253.1,441714227
1602.4,S,91,25309.27,5028.44,17903721.0,90020262.8,441714626
1603.4,S,90,25344.41,5029.03,17903899.2,90020402.1,441715180
1604.4,S,87,25378.43,5029.66,17904059.4,90020641.2,441715925
1605.4,S,90,25412.98,5030.29,17904228.6,90020893.3,441716699
1606.4,S,88,25448.23,5030.88,17904419.6,90020979.1,441717275
1607.4,S,86,25482.32,5031.48,17904620.3,90021105.1,441717878
1608.4,S,88,25516.83,5032.18,17904826.3,90021606.1,441718697
1609.4,S,83,25550.10,5032.87,17905023.7,90021906.1,441719528
1610.4,S,87,25580.27,5033.65,17905209.5,90022263.4,441720503
1611.4,S,80,25607.07,5034.41,17905398.8,90022882.9,441721503
1612.4,S,81,25631.87,5035.26,17905573.2,90023335.8,441722504
1613.6,S,86,25652.40,5035.88,17905672.6,90023668.4,441723651
1616.2,S,83,25661.21,5036.19,17905686.6,90023783.0,441726291
1617.2,S,86,25665.69,5036.25,17905702.3,90023820.5,441727292
1618.6,S,84,25686.17,5037.10,17905852.0,90024369.3,441728687
1619.8,S,90,25721.21,5037.88,17906096.7,90024503.0,441729401
1620.8,S,88,25756.38,5038.52,17906356.8,90024569.2,441729960
1621.8,S,90,25791.51,5039.10,17906615.5,90024749.6,441730554
1622.8,S,86,25821.18,5039.80,17906841.9,90025061.9,441731438
1623.8,S,86,25853.86,5040.61,17907098.6,90025205.2,441732199
1624.8,S,88,25888.31,5041.31,17907368.8,90025315.2,441732899
1626.0,S,85,25924.10,5042.43,17907662.5,90025561.4,441733839
1627.0,S,82,25957.87,5043.21,17907926.0,90025907.9,441734584
1628.0,S,79,25989.14,5044.10,17908179.9,90026184.2,441735443
1629.0,S,75,26012.09,5044.89,17908376.9,90026550.9,441736437
1630.0,S,79,26031.63,5045.91,17908517.6,90027007.2,441737438
1631.0,S,80,26044.24,5047.18,17908540.4,90027037.3,441738439
1632.7,S,80,26060.88,5049.11,17908571.5,90027099.0,441740174
1633.7,S,81,26066.40,5049.33,17908590.2,90027136.7,441741175
1634.9,S,87,26088.55,5050.29,17908760.9,90027391.5,441742359
1635.9,S,80,26111.45,5051.03,17908950.5,90027975.9,441743359
1636.9,S,75,26131.03,5051.87,17909102.4,90028289.0,441744359
1637.9,S,75,26151.50,5053.20,17909225.0,90028304.7,441745303
1638.9,S,75,26164.79,5054.04,17909299.0,90028311.5,441746304
1639.9,S,75,26168.04,5054.08,17909320.7,90028321.1,441747305
1643.4,S,72,26194.55,5054.87,17909563.4,90028887.6,441750788
1644.4,S,70,26220.62,5055.98,17909775.6,90029153.9,441751555
1645.4,S,67,26241.54,5057.16,17909942.8,90029471.4,441752414
1646.4,S,63,26263.33,5058.45,17910097.2,90029633.6,441753193
1647.4,S,61,26287.45,5060.18,17910259.8,90029782.7,441753808
1648.4,S,55,26297.75,5061.55,17910319.1,90030410.3,441754809
1649.5,S,47,26303.95,5062.61,17910332.3,90030743.0,441755629
1650.5,S,47,26312.52,5064.00,17910345.5,90030743.4,441755802
1651.5,S,47,26321.07,5065.44,17910359.4,90030743.4,441755970
1652.6,S,47,26324.07,5065.87,17910364.4,90030774.6,441756716
1653.6,S,47,26328.96,5066.71,17910371.8,90030789.4,441757216
1654.6,S,47,26337.48,5068.17,17910388.1,90030789.8,441757277
1655.6,S,47,26346.19,5069.51,17910404.0,90030790.1,441757299
1656.6,S,47,26354.94,5070.85,17910421.1,90030790.2,441757317
1657.6,S,47,26363.60,5072.37,17910438.4,90030790.4,441757339
1658.6,S,47,26372.26,5073.73,17910455.8,90030790.8,441757365
1659.6,S,47,26380.83,5075.29,17910473.1,90030792.0,441757399
1660.6,S,50,26391.01,5076.73,17910558.7,90030850.7,441757527
1661.6,S,50,26402.51,5078.39,17910575.9,90030851.0,441757552
1662.6,S,48,26411.17,5079.92,17910577.6,90031226.8,441758269
1663.6,S,63,26430.50,5082.38,17910667.6,90031229.0,441758445
1664.6,S,63,26454.43,5084.93,17910767.8,90031233.4,441758680
1665.6,S,62,26478.17,5086.76,17910873.9,90031282.0,441758979
1666.6,S,66,26501.10,5088.24,17911043.2,90031486.1,441759582
1667.6,S,66,26526.77,5089.94,17911139.3,90031758.4,441759991
1668.6,S,66,26551.46,5091.51,17911222.5,90031991.1,441760671
1669.6,S,62,26571.37,5093.13,17911305.3,90032245.0,441761470
1670.6,S,62,26596.61,5094.64,17911412.3,90032248.7,441761699
1671.6,S,62,26619.51,5097.30,17911510.1,90032333.8,441762152
1672.6,S,66,26643.08,5100.09,17911644.1,90032432.4,441762677
1673.6,S,65,26668.23,5102.87,17911719.5,90032709.6,441763294
1674.6,S,65,26692.80,5104.35,17911803.8,90033001.3,441763765
1675.6,S,60,26703.92,5105.46,17911841.4,90033337.4,441764751
1676.7,S,51,26717.17,5107.31,17911875.5,90033609.1,441765611
1677.7,S,77,26729.94,5108.46,17911897.9,90033903.0,441766126
1678.7,S,75,26765.32,5109.00,17912007.2,90033926.2,441766351
1679.7,S,72,26799.97,5109.53,17912124.7,90033955.2,441766597
1680.7,S,72,26835.08,5110.08,17912262.5,90034015.0,441766923
1681.7,S,71,26869.72,5110.66,17912416.7,90034238.4,441767556
1682.7,S,70,26904.81,5111.21,17912583.3,90034286.9,441767979
1683.7,S,70,26937.96,5111.82,17912735.7,90034462.5,441768718
1684.7,S,69,26968.27,5112.52,17912877.7,90034733.9,441769615
1685.7,S,74,27001.62,5113.17,17913043.2,90035075.9,441770352
1686.7,S,72,27025.04,5114.13,17913163.3,90035491.6,441771330
1687.9,S,69,27045.41,5114.97,17913298.3,90035929.3,441772472
1689.2,S,66,27057.63,5115.52,17913395.6,90036599.1,441773793
1690.2,S,64,27065.07,5115.75,17913449.7,90036923.7,441774793
1691.2,S,66,27071.44,5116.07,17913484.3,90037132.9,441775838
1692.6,S,60,27076.53,5116.24,17913509.5,90037153.5,441777182
1693.6,S,65,27082.06,5116.75,17913521.3,90037191.8,441778182
1695.1,S,59,27091.18,5117.69,17913533.3,90037252.1,441779675
1696.1,S,59,27100.99,5119.33,17913553.4,90037435.3,441780676
1697.1,S,76,27121.71,5120.14,17913657.8,90037771.6,441781621
1698.1,S,81,27156.31,5121.16,17913812.7,90037868.3,441782133
1699.1,S,79,27191.07,5121.73,17913969.2,90037952.0,441782634
1700.1,S,74,27219.44,5122.45,17914102.4,90038297.4,441783616
1701.1,S,72,27254.62,5123.07,17914261.3,90038373.8,441784027
1702.1,S,70,27289.78,5123.64,17914408.7,90038579.1,441784506
1703.1,S,69,27324.64,5124.65,17914551.3,90038643.3,441784848
1704.1,S,68,27359.31,5125.25,17914692.5,90038789.7,441785431
1705.1,S,66,27389.44,5125.93,17914820.1,90038972.4,441786138
1706.1,S,65,27411.51,5126.93,17914908.6,90039347.9,441787139
1707.1,S,63,27424.86,5128.11,17914953.5,90039934.8,441788140
1708.1,S,64,27429.50,5128.89,17914962.0,90040370.9,441789141
1709.1,S,63,27442.41,5130.58,17914965.4,90040467.7,441790192
1710.1,S,63,27447.58,5131.30,17914967.3,90040478.4,441791193
1713.6,S,65,27461.70,5132.56,17914995.5,90041073.6,441794541
1714.6,S,63,27491.57,5133.83,17915076.4,90041084.5,441794785
1715.6,S,62,27520.08,5135.23,17915163.2,90041168.0,441795160
1716.6,S,60,27543.67,5136.62,17915240.3,90041368.1,441795783
1717.6,S,59,27569.42,5138.01,17915321.9,90041567.5,441796256
1718.6,S,71,27601.29,5139.11,17915389.3,90041671.3,441796486
1719.6,S,68,27627.24,5139.93,17915433.1,90042010.9,441797196
1720.6,S,68,27648.05,5141.26,17915446.1,90042326.1,441798180
1721.7,S,61,27662.54,5142.98,17915446.1,90042659.2,441798930
1722.7,S,61,27684.80,5144.46,17915446.1,90042660.3,441798950
1723.7,S,61,27699.80,5145.49,17915446.1,90042891.8,441799576
1724.7,S,60,27704.04,5145.73,17915446.1,90043236.3,441800576
1725.7,S,60,27704.09,5145.73,17915446.1,90043277.7,441801578
1732.0,S,77,27714.64,5147.01,17915449.8,90043720.7,441807248
1733.0,S,76,27749.95,5147.66,17915461.2,90043726.7,441807271
1734.0,S,73,27785.14,5148.15,17915475.5,90043765.5,441807420
1735.0,S,72,27820.56,5148.61,17915495.2,90043795.1,441807519
1736.0,S,71,27855.55,5149.10,17915531.3,90043830.1,441807665
1737.0,S,69,27889.43,5149.73,17915561.8,90043953.8,441808023
1738.0,S,68,27923.21,5150.42,17915585.2,90044019.0,441808236
1739.0,S,68,27941.19,5151.29,17915592.1,90044301.5,441809237
1740.2,S,68,27943.49,5151.93,17915595.2,90044692.0,441810408
1741.2,S,67,27946.43,5152.90,17915599.5,90045308.0,441811434
1742.4,S,65,27949.31,5153.41,17915603.8,90045706.2,441812592
1743.4,S,48,27959.44,5154.61,17915605.9,90046030.5,441813531
1744.4,S,63,27980.11,5156.26,17915617.8,90046048.7,441814198
1745.4,S,63,28007.19,5157.83,17915641.4,90046048.8,441814664
1746.4,S,63,28034.33,5159.25,17915665.3,90046058.3,441815170
1747.4,S,63,28049.41,5159.61,17915670.1,90046098.7,441816171
1748.4,S,63,28057.65,5159.76,17915674.0,90046141.9,441817172
1749.5,S,58,28069.59,5160.49,17915694.8,90046659.0,441818315
1750.5,S,73,28078.99,5161.52,17915710.9,90046971.2,441819315
1751.5,S,71,28109.24,5162.48,17915761.4,90047087.3,441819834
1752.5,S,69,28141.80,5163.20,17915812.6,90047176.5,441820080
1753.5,S,65,28172.50,5164.02,17915855.4,90047413.9,441820376
1754.5,S,63,28201.12,5165.63,17915895.0,90047470.9,441820471
1755.6,S,62,28229.13,5167.19,17915942.5,90047516.3,441820624
1756.6,S,62,28249.35,5168.49,17915972.3,90047713.6,441821243
1757.6,S,60,28257.83,5169.33,17915990.6,90048081.7,441822296
1758.6,S,55,28260.34,5169.99,17915997.8,90048707.0,441823297
1759.7,S,47,28267.78,5171.85,17916000.2,90048823.6,441823616
1760.7,S,47,28274.05,5173.01,17916000.2,90048876.3,441823785
1761.7,S,47,28281.63,5174.40,17916000.2,90048876.4,441823794
1762.7,S,47,28289.22,5175.61,17916000.2,90048876.7,441823799
1763.7,S,47,28296.82,5176.94,17916000.2,90048876.8,441823826
1764.7,S,47,28304.51,5178.22,17916000.2,90048940.7,441823951
1765.7,S,47,28312.35,5179.64,17916000.2,90048941.9,441823960
1766.7,S,47,28319.84,5181.10,17916000.2,90048942.1,441823965
1767.7,S,47,28326.62,5182.39,17916000.2,90048985.7,441824098
1768.7,S,50,28336.92,5183.93,17916000.2,90048994.3,441824127
1769.7,S,50,28347.47,5185.47,17916000.2,90049020.8,441824186
1770.7,S,48,28355.23,5186.85,17916000.2,90049137.6,441824487
1771.7,S,48,28363.96,5188.28,17916000.2,90049138.0,441824495
1772.7,S,53,28374.72,5189.83,17916000.2,90049186.0,441824546
1773.7,S,53,28388.96,5191.65,17916000.2,90049188.7,441824565
1774.7,S,56,28402.14,5193.22,17916000.2,90049248.8,441824806
1775.7,S,56,28419.12,5195.12,17916000.2,90049249.3,441824807
1776.7,S,53,28435.29,5197.04,17916000.2,90049546.3,441825059
1777.7,S,60,28451.46,5198.37,17916000.2,90049829.4,441825300
1778.7,S,59,28475.04,5199.76,17916000.2,90049840.2,441825328
1779.7,S,58,28497.81,5201.13,17916000.2,90049962.8,441825667
1780.7,S,62,28522.77,5202.62,17916000.2,90049966.9,441825680
1781.7,S,62,28549.29,5203.89,17916000.2,90050018.1,441825735
1782.7,S,60,28570.35,5205.50,17916000.2,90050688.8,441826302
1783.7,S,57,28586.88,5207.23,17916006.5,90051056.8,441826632
1784.7,S,57,28612.68,5210.91,17916020.0,90051057.2,441826646
1785.7,S,60,28639.73,5215.26,17916031.4,90051188.6,441826785
1786.7,S,60,28669.00,5219.86,17916048.2,90051188.8,441826806
1787.7,S,60,28697.92,5224.76,17916072.1,90051236.7,441826869
1788.7,S,53,28723.17,5229.33,17916088.0,90051613.5,441827226
1789.7,S,47,28736.57,5233.20,17916088.8,90052199.6,441827738
1790.7,S,47,28749.87,5238.49,17916088.8,90052323.0,441828049
1791.7,S,47,28761.46,5243.24,17916088.8,90052390.2,441828266
1792.7,S,47,28771.80,5247.21,17916088.8,90052493.7,441828479
1793.7,S,47,28784.46,5252.39,17916088.8,90052523.1,441828585
1794.7,S,47,28793.75,5255.61,17916088.8,90052536.0,441828926
1795.7,S,47,28805.17,5260.15,17916088.8,90052626.4,441829037
1796.7,S,47,28816.80,5265.38,17916088.8,90052817.3,441829224
1797.7,S,47,28827.32,5270.09,17916088.8,90052920.4,441829323
1798.7,S,47,28839.33,5274.93,17916088.8,90052921.0,441829348
1799.7,S,47,28850.50,5280.32,17916088.8,90053111.9,441829767
1800.7,S,62,28871.65,5283.73,17916088.8,90053215.9,441830116
1801.7,S,61,28897.94,5288.47,17916088.8,90053230.2,441830159
1802.7,S,61,28923.93,5293.38,17916088.8,90053278.2,441830206
1803.7,S,61,28946.12,5297.66,17916088.8,90053370.4,441830549
1804.7,S,59,28966.83,5301.27,17916088.8,90053523.7,441830968
1805.7,S,50,28985.79,5305.82,17916088.8,90054149.7,441831667
1806.7,S,77,29014.89,5306.94,17916088.8,90054304.2,441831801
1807.7,S,75,29050.39,5307.38,17916088.8,90054315.8,441831814
1808.7,S,75,29085.38,5307.77,17916088.8,90054361.0,441832082
1809.7,S,72,29120.38,5308.19,17916088.8,90054398.2,441832187
1810.7,S,71,29154.87,5308.68,17916088.8,90054427.9,441832529
1811.7,S,70,29188.85,5309.32,17916088.8,90054519.7,441832652
1812.7,S,69,29217.37,5310.29,17916088.8,90055337.2,441833349
1813.7,S,66,29225.22,5311.22,17916088.8,90055877.3,441834349
1814.7,S,53,29233.45,5312.60,17916088.8,90056484.7,441835344
1815.7,S,85,29259.81,5313.69,17916103.8,90056503.0,441835458
1816.7,S,82,29295.24,5314.11,17916118.6,90056532.3,441835587
1817.7,S,81,29330.93,5314.54,17916134.0,90056542.6,441835669
1818.7,S,81,29366.38,5315.04,17916151.1,90056542.8,441835704
1819.7,S,80,29401.88,5315.49,17916166.7,90056575.0,441835854
1820.8,S,80,29437.49,5315.91,17916188.2,90056575.2,441835904
1821.8,S,79,29472.65,5316.33,17916212.4,90056626.9,441836116
1822.8,S,78,29503.57,5317.08,17916234.6,90056872.9,441836940
1823.8,S,78,29515.57,5317.87,17916247.5,90057367.6,441837940
1824.8,S,72,29523.81,5318.33,17916268.6,90058089.5,441839001
1826.2,S,61,29526.51,5318.70,17916288.5,90058807.8,441840377
1827.4,S,52,29527.10,5318.89,17916293.1,90059193.6,441841584
1828.4,S,51,29527.20,5318.97,17916293.9,90059365.2,441842584
1829.4,S,62,29527.21,5318.98,17916293.9,90059374.8,441843585
1833.3,S,55,29538.97,5320.58,17916293.9,90059466.4,441847450
1834.3,S,55,29553.43,5322.74,17916293.9,90059532.9,441847666
1835.3,S,59,29563.18,5324.35,17916293.9,90059915.5,441848175
1836.3,S,59,29583.34,5326.30,17916293.9,90059917.0,441848184
1837.3,S,59,29603.49,5327.87,17916293.9,90059917.3,441848188
1838.3,S,59,29623.79,5329.47,17916293.9,90059918.1,441848189
1839.3,S,62,29645.81,5331.08,17916293.9,90060044.5,441848542
1840.3,S,62,29664.33,5333.20,17916293.9,90060188.5,441849047
1841.3,S,57,29675.77,5336.05,17916293.9,90060727.2,441849941
1842.3,S,72,29698.29,5337.32,17916293.9,90061011.1,441850769
1843.3,S,71,29731.49,5338.21,17916293.9,90061019.0,441851328
1844.3,S,71,29752.54,5338.64,17916293.9,90061029.7,441852329
1846.4,S,71,29783.43,5339.38,17916293.9,90061048.5,441854492
1847.4,S,71,29813.73,5340.07,17916293.9,90061056.8,441855493
1848.5,S,71,29843.66,5340.81,17916293.9,90061062.8,441856494
1849.5,S,65,29864.68,5341.84,17916293.9,90061528.4,441857455
1850.5,S,64,29874.49,5342.48,17916293.9,90061935.6,441858456
1851.5,S,59,29874.94,5342.91,17916293.9,90062523.9,441859520
1852.7,S,63,29878.77,5343.35,17916293.9,90062915.0,441860646
1853.8,S,61,29893.93,5344.41,17916293.9,90062924.8,441861598
1854.8,S,60,29917.14,5346.00,17916293.9,90062932.5,441862233
1855.8,S,60,29938.35,5347.51,17916293.9,90062941.9,441863234
1856.8,S,60,29941.36,5347.70,17916293.9,90062950.6,441864235
1859.9,S,58,29962.54,5349.33,17916293.9,90062967.7,441866365
1860.9,S,58,29983.58,5350.84,17916293.9,90062994.1,441866523
1861.9,S,58,29988.94,5351.62,17916293.9,90063352.7,441867524
1862.9,S,49,29992.66,5352.30,17916293.9,90063914.3,441868388
1863.9,S,102,30026.51,5353.24,17916317.4,90063922.2,441868477
1864.9,S,100,30061.13,5353.70,17916355.7,90063979.3,441868716
1865.9,S,100,30096.69,5354.16,17916397.5,90064023.0,441868988
1866.9,S,100,30132.18,5354.60,17916441.5,90064035.3,441869121
1867.9,S,99,30167.20,5355.04,17916487.3,90064040.2,441869230
1868.9,S,97,30202.75,5355.46,17916530.5,90064103.1,441869468
1869.9,S,97,30238.17,5355.91,17916570.9,90064103.4,441869568
1870.9,S,93,30273.35,5356.42,17916617.0,90064452.8,441869950
1871.9,S,89,30308.20,5356.94,17916662.3,90064664.5,441870527
1872.9,S,89,30338.48,5357.47,17916695.4,90064822.5,441871143
1873.9,S,84,30369.50,5357.98,17916727.2,90065139.8,441872108
1875.0,S,81,30394.03,5358.90,17916759.8,90065770.6,441873177
1876.0,S,80,30398.00,5359.40,17916768.9,90066371.5,441874176
1877.0,S,79,30400.90,5359.84,17916772.4,90066533.7,441875184
1882.8,S,73,30402.71,5360.67,17916777.1,90067545.2,441880991
1883.8,S,47,30410.31,5362.15,17916777.1,90067826.6,441881811
1884.8,S,57,30430.76,5364.30,17916777.1,90067843.0,441881865
1885.8,S,57,30450.91,5365.93,17916777.1,90067843.3,441881868
1886.8,S,57,30471.08,5367.47,17916777.1,90067890.8,441881923
1887.8,S,57,30490.44,5369.08,17916777.1,90067917.9,441882017
1888.8,S,56,30505.87,5370.74,17916777.1,90068430.6,441882624
1889.8,S,49,30511.80,5371.67,17916777.1,90068739.9,441883576
1890.8,S,64,30534.78,5373.31,17916780.9,90068754.3,441883639
1891.8,S,64,30561.82,5374.61,17916789.5,90068754.5,441883665
1892.8,S,64,30588.83,5375.91,17916800.3,90068754.9,441883701
1893.8,S,63,30614.32,5377.04,17916803.1,90068840.5,441883999
1894.8,S,63,30640.62,5378.42,17916808.7,90068840.9,441884026
1895.8,S,62,30659.02,5379.62,17916811.7,90069072.1,441884684
1896.8,S,58,30663.27,5380.43,17916813.2,90069693.4,441885684
1897.8,S,53,30664.44,5380.79,17916813.2,90069958.9,441886685
1898.8,S,47,30670.69,5382.16,17916813.2,90070055.7,441886925
1899.8,S,47,30678.33,5383.45,17916813.2,90070056.5,441887680
1900.8,S,47,30686.08,5384.68,17916813.2,90070056.6,441887896
1901.8,S,47,30693.75,5386.00,17916813.2,90070057.0,441888538
1902.8,S,47,30696.91,5386.55,17916813.2,90070077.3,441889128
1903.8,S,50,30703.20,5387.46,17916813.2,90070112.8,441889531
1904.8,S,50,30713.88,5389.00,17916813.2,90070113.6,441889538
1905.8,S,48,30721.31,5390.16,17916813.2,90070256.5,441889966
1906.8,S,48,30730.03,5391.61,17916813.2,90070256.7,441889971
1907.8,S,47,30738.63,5392.95,17916813.2,90070304.6,441890122
1908.8,S,52,30751.75,5394.75,17916813.2,90070311.8,441890168
1909.8,S,52,30765.18,5396.47,17916813.2,90070312.1,441890175
1910.8,S,56,30779.12,5398.06,17916813.2,90070353.5,441890337
1911.8,S,56,30796.08,5399.99,17916813.2,90070425.2,441890420
1912.8,S,65,30811.51,5401.68,17916813.2,90070890.2,441890824
1913.8,S,64,30838.14,5403.14,17916813.2,90070939.1,441890873
1914.9,S,63,30864.88,5404.34,17916813.2,90070957.2,441890893
1915.9,S,63,30891.12,5405.51,17916813.2,90070957.5,441890901
1916.9,S,67,30916.05,5406.66,17916813.2,90071060.7,441891170
1917.9,S,67,30939.67,5408.13,17916813.2,90071204.8,441891641
1918.9,S,55,30955.80,5409.50,17916813.2,90072136.9,441892467
1919.9,S,70,30972.53,5411.36,17916818.0,90072472.0,441892764
1920.9,S,69,31003.73,5412.49,17916834.5,90072480.0,441892794
1921.9,S,68,31034.64,5413.86,17916842.2,90072501.2,441892824
1922.9,S,67,31064.92,5415.26,17916854.2,90072535.3,441892866
1923.9,S,66,31094.50,5416.78,17916871.8,90072573.0,441892939
1924.9,S,70,31123.22,5418.32,17916890.0,90072704.6,441893080
1925.9,S,69,31144.16,5419.24,17916907.5,90072967.0,441893853
1926.9,S,69,31152.81,5420.15,17916916.1,90073349.5,441894854
1928.0,S,61,31159.45,5421.12,17916920.3,90073943.6,441896022
1929.1,S,47,31167.40,5422.32,17916920.3,90074317.0,441897021
1930.1,S,65,31195.02,5423.92,17916920.3,90074322.2,441897087
1931.1,S,65,31222.69,5425.59,17916920.3,90074330.1,441898087
1932.1,S,64,31250.29,5427.26,17916920.3,90074331.6,441898829
1933.1,S,64,31277.76,5428.78,17916920.3,90074340.9,441899444
1934.1,S,64,31304.16,5430.30,17916920.3,90074352.2,441900445
1935.1,S,63,31314.17,5430.61,17916920.3,90074911.8,441901445
1936.1,S,61,31317.89,5430.83,17916920.3,90075273.3,441902456
1937.2,S,56,31318.75,5431.00,17916920.3,90075598.1,441903471
1938.3,S,66,31331.34,5432.78,17916929.1,90075891.7,441903989
1939.3,S,65,31357.44,5434.32,17916982.1,90075896.4,441904830
1940.3,S,65,31383.80,5435.75,17917037.3,90075898.7,441905621
1941.3,S,65,31408.10,5436.96,17917088.1,90075909.2,441906433
1942.3,S,65,31423.61,5438.26,17917098.1,90075950.9,441907434
1943.3,S,63,31449.95,5439.67,17917163.8,90076073.0,441907718
1944.3,S,63,31463.86,5440.65,17917199.4,90076368.0,441908589
1945.3,S,54,31470.66,5441.06,17917224.2,90076688.1,441909511
1946.3,S,63,31489.06,5443.18,17917266.1,90076911.0,441910052
1947.3,S,56,31508.00,5444.74,17917296.8,90077375.6,441910691
1948.3,S,55,31523.31,5446.49,17917297.4,90077581.8,441911117
1949.3,S,55,31539.63,5448.22,17917297.4,90077582.4,441911139
1950.3,S,55,31555.73,5450.07,17917297.4,90077582.4,441911139
1951.3,S,55,31566.50,5451.59,17917297.4,90077590.1,441912110
1952.3,S,55,31568.55,5452.07,17917297.4,90078034.4,441913109
1953.3,S,73,31576.65,5453.25,17917297.4,90078181.8,441913544
1954.3,S,73,31610.84,5454.10,17917297.4,90078183.6,441913551
1955.3,S,73,31644.96,5454.70,17917297.4,90078184.2,441913603
1956.3,S,72,31678.64,5455.37,17917297.4,90078204.5,441913630
1957.3,S,72,31711.58,5456.07,17917297.4,90078239.9,441913759
1958.3,S,71,31744.23,5456.74,17917297.4,90078385.2,441913938
1959.3,S,70,31775.03,5457.51,17917297.4,90078693.6,441914337
1960.3,S,67,31785.06,5458.33,17917297.4,90079092.2,441915337
1961.3,S,65,31787.83,5459.07,17917297.4,90079732.1,441916337
1962.3,S,54,31791.54,5459.70,17917297.5,90080249.7,441917328
1963.3,S,81,31814.30,5461.14,17917300.6,90080288.4,441917393
1964.3,S,81,31849.74,5461.60,17917306.1,90080290.3,441917400
1965.3,S,78,31885.00,5462.06,17917310.9,90080336.1,441917588
1966.3,S,78,31920.57,5462.47,17917315.8,90080336.4,441917592
1967.3,S,78,31956.13,5462.91,17917316.7,90080376.6,441917697
1968.3,S,78,31991.45,5463.39,17917316.7,90080422.1,441917829
1969.3,S,77,32026.21,5463.81,17917316.8,90080541.5,441917943
1970.3,S,76,32048.21,5464.57,17917318.6,90080865.7,441918745
1971.5,S,75,32055.03,5465.31,17917318.6,90081573.1,441919905
1972.5,S,71,32056.83,5465.88,17917318.6,90082240.5,441920907
1973.5,S,60,32061.33,5466.87,17917318.6,90082572.0,441921934
1974.5,S,60,32064.07,5467.34,17917318.6,90082582.8,441922936
1975.5,S,60,32064.07,5467.35,17917318.6,90082620.2,441923937
1976.5,S,59,32064.08,5467.36,17917318.6,90082664.4,441924939
1977.5,S,59,32064.09,5467.37,17917318.6,90082709.8,441925940
1978.5,S,47,32068.47,5468.60,17917318.6,90082726.7,441926367
1979.5,S,47,32076.19,5469.88,17917318.6,90082754.7,441926940
1980.5,S,47,32082.44,5471.03,17917318.6,90082784.7,441927695
1981.5,S,47,32090.36,5472.47,17917318.6,90082785.1,441927699
1982.5,S,47,32097.88,5473.95,17917318.6,90082785.1,441927699
1983.5,S,47,32105.62,5475.31,17917318.6,90082786.4,441927706
1984.5,S,47,32113.33,5476.59,17917318.6,90082786.7,441927706
1985.5,S,50,32121.16,5477.98,17917318.6,90082869.4,441927787
1986.5,S,50,32131.87,5479.48,17917318.6,90082869.4,441927787
1987.5,S,48,32141.37,5481.00,17917318.6,90083012.7,441927984
1988.5,S,48,32150.15,5482.22,17917318.6,90083013.0,441927984
1989.5,S,48,32158.73,5483.65,17917318.6,90083050.9,441928122
1990.5,S,52,32170.37,5485.37,17917318.6,90083068.5,441928300
1991.5,S,52,32183.74,5487.01,17917318.6,90083068.8,441928303
1992.5,S,56,32198.00,5488.79,17917318.6,90083115.8,441928428
1993.5,S,56,32215.14,5490.67,17917318.6,90083115.8,441928428
1994.5,S,56,32229.82,5492.48,17917318.6,90083421.0,441929104
1995.7,S,60,32242.02,5493.73,17917318.6,90083695.7,441929860
1996.7,S,60,32266.33,5495.07,17917318.6,90083697.0,441929866
1997.7,S,60,32290.78,5496.28,17917318.6,90083697.1,441929866
1998.7,S,64,32315.68,5497.69,17917318.6,90083749.1,441930036
1999.7,S,62,32342.89,5499.26,17917318.6,90083843.2,441930222
2000.7,S,62,32365.81,5500.77,17917318.6,90084221.4,441930607
2001.7,S,62,32374.67,5502.11,17917318.6,90084568.5,441931608
2002.7,S,59,32382.49,5503.21,17917318.6,90084913.1,441932609
2003.7,S,61,32402.85,5504.88,17917318.6,90084934.9,441932695
2004.7,S,61,32427.83,5505.89,17917318.6,90084977.8,441932885
2005.7,S,64,32452.85,5507.17,17917318.6,90085057.7,441933130
2006.7,S,64,32480.32,5508.81,17917318.6,90085080.7,441933186
2007.7,S,63,32507.55,5510.42,17917318.6,90085103.5,441933251
2008.7,S,60,32527.14,5511.72,17917318.6,90085509.7,441934045
2009.7,S,57,32531.76,5512.60,17917318.6,90086027.4,441935046
2010.7,S,52,32536.96,5513.41,17917318.6,90086307.6,441936047
2011.7,S,47,32545.56,5514.84,17917318.6,90086392.8,441936286
2012.7,S,47,32555.24,5516.22,17917318.6,90086393.2,441936291
2013.7,S,47,32562.64,5517.39,17917318.6,90086496.2,441936570
2014.7,S,47,32572.28,5518.95,17917318.6,90086496.6,441936572
2015.7,S,47,32582.14,5520.35,17917318.6,90086496.8,441936574
2016.7,S,47,32591.15,5522.04,17917318.6,90086688.7,441936747
2017.7,S,47,32600.09,5523.44,17917318.6,90086688.9,441936747
2018.7,S,47,32608.92,5524.93,17917318.6,90086689.2,441936751
2019.7,S,47,32617.60,5526.19,17917318.6,90086689.8,441936753
2020.7,S,47,32625.29,5527.63,17917318.6,90086877.6,441936995
2021.7,S,58,32639.19,5529.38,17917318.6,90086985.6,441937287
2022.7,S,58,32658.57,5531.03,17917318.6,90086987.3,441937291
2023.7,S,58,32677.95,5532.67,17917318.6,90086987.6,441937299
2024.7,S,58,32697.11,5534.38,17917318.6,90086988.0,441937300
2025.7,S,58,32714.07,5536.04,17917318.6,90087105.4,441937675
2026.7,S,57,32717.61,5536.28,17917318.6,90087434.4,441938623
2027.8,S,49,32720.87,5536.84,17917318.6,90087853.3,441939424
2028.8,S,80,32748.94,5537.67,17917318.6,90087875.2,441939450
2029.8,S,80,32784.47,5538.10,17917318.6,90087875.4,441939450
2030.8,S,79,32819.92,5538.54,17917318.6,90087889.3,441939467
2031.8,S,79,32855.47,5538.95,17917318.6,90087889.5,441939468
2032.8,S,79,32891.02,5539.36,17917318.6,90087891.5,441939471
2033.8,S,77,32926.32,5539.86,17917318.6,90088032.3,441939775
2034.8,S,76,32961.34,5540.37,17917318.6,90088151.5,441940121
2035.8,S,76,32978.85,5541.25,17917318.6,90088507.8,441941122
2036.8,S,74,32986.44,5542.11,17917318.6,90089069.4,441942122
2038.0,S,74,32988.92,5542.39,17917318.6,90089487.3,441943300
2039.0,S,73,32991.87,5542.96,17917318.6,90089820.5,441944316
2040.3,S,63,32995.03,5543.44,17917318.6,90090387.3,441945664
2041.3,S,97,33017.36,5544.88,17917331.3,90090532.9,441945844
2042.3,S,97,33052.63,5545.49,17917359.3,90090533.8,441945899
2043.3,S,95,33088.24,5545.91,17917385.4,90090552.4,441945960
2044.3,S,93,33123.70,5546.36,17917412.1,90090587.8,441946038
2045.3,S,92,33158.80,5546.82,17917437.9,90090613.5,441946146
2046.4,S,92,33194.26,5547.27,17917456.5,90090694.2,441946388
2047.4,S,90,33229.68,5547.70,17917468.1,90090739.7,441946541
2048.4,S,89,33264.56,5548.20,17917474.9,90090898.7,441947052
2049.4,S,87,33294.77,5548.77,17917487.7,90091217.8,441948077
2050.4,S,76,33323.98,5549.34,17917510.2,90091802.3,441949015
2051.4,S,75,33349.36,5550.17,17917533.6,90092026.5,441949735
2052.4,S,74,33356.87,5550.94,17917543.0,90092412.4,441950797
2053.4,S,74,33358.51,5551.30,17917554.0,90093002.1,441951798
2054.6,S,67,33360.15,5551.90,17917555.8,90093586.3,441952978
2055.6,S,47,33366.35,5553.54,17917555.8,90093912.3,441953601
2056.6,S,47,33373.97,5555.17,17917555.8,90093913.6,441953609
2057.6,S,47,33381.31,5556.56,17917555.8,90093930.5,441953644
2058.6,S,47,33389.12,5557.97,17917555.8,90093930.7,441953647
2059.6,S,47,33397.06,5559.43,17917555.8,90093930.9,441953648
2060.6,S,47,33404.71,5560.79,17917555.8,90093970.4,441953689
2061.6,S,47,33412.41,5562.14,17917555.8,90093970.5,441953692
2062.6,S,47,33420.25,5563.51,17917555.8,90093970.7,441953696
2063.6,S,47,33427.91,5564.94,17917555.8,90093970.8,441953698
2064.6,S,50,33437.84,5566.46,17917555.8,90094009.7,441953746
2065.6,S,50,33448.57,5567.95,17917555.8,90094010.1,441953748
2066.6,S,48,33457.44,5569.38,17917555.8,90094153.6,441953872
2067.6,S,48,33466.41,5570.73,17917555.8,90094153.9,441953876
2068.6,S,52,33477.20,5572.20,17917555.8,90094204.4,441954062
2069.6,S,52,33490.55,5573.90,17917555.8,90094204.5,441954064
2070.6,S,56,33502.69,5575.30,17917555.8,90094264.8,441954311
2071.6,S,56,33520.05,5577.16,17917555.8,90094265.1,441954318
2072.6,S,56,33534.42,5578.86,17917555.8,90094441.2,441954773
2073.8,S,48,33538.48,5579.55,17917555.8,90094803.5,441955898
2074.8,S,63,33560.10,5580.94,17917555.8,90094846.3,441956034
2075.8,S,63,33586.82,5582.25,17917555.8,90094846.6,441956042
2076.8,S,63,33613.72,5583.47,17917555.8,90094847.3,441956046
2077.8,S,67,33640.13,5584.81,17917555.8,90094913.0,441956259
2078.8,S,66,33668.99,5586.46,17917555.8,90094967.6,441956360
2079.8,S,65,33691.21,5588.05,17917555.8,90095422.8,441956994
2080.8,S,63,33699.22,5588.88,17917555.8,90095768.9,441957995
2081.8,S,58,33702.69,5589.50,17917555.8,90096131.2,441959065
2082.8,S,61,33714.63,5590.97,17917555.8,90096311.8,441959546
2083.8,S,61,33740.55,5592.27,17917555.8,90096312.2,441959550
2084.8,S,60,33766.86,5593.63,17917555.8,90096335.2,441959611
2085.8,S,64,33789.96,5594.65,17917555.8,90096438.4,441959987
2086.8,S,64,33817.77,5596.26,17917555.8,90096439.0,441959989
2087.8,S,62,33844.57,5597.81,17917555.8,90096678.8,441960303
2088.9,S,60,33853.27,5598.86,17917555.8,90097170.6,441961304
2090.0,S,55,33856.14,5599.45,17917555.8,90097603.9,441962482
2091.1,S,47,33864.56,5600.78,17917555.8,90097779.9,441962760
2092.1,S,47,33874.34,5602.19,17917555.8,90097780.9,441962766
2093.1,S,47,33884.07,5603.68,17917555.8,90097781.4,441962770
2094.1,S,47,33893.06,5605.04,17917555.8,90097884.4,441962863
2095.1,S,47,33902.85,5606.45,17917555.8,90097885.6,441962866
2096.1,S,47,33912.11,5608.06,17917555.8,90098075.9,441963052
2097.1,S,47,33920.63,5609.64,17917555.8,90098076.9,441963063
2098.1,S,47,33929.53,5610.92,17917555.8,90098077.3,441963067
2099.1,S,47,33938.22,5612.38,17917555.8,90098077.8,441963073
2100.1,S,47,33947.02,5613.62,17917555.8,90098079.2,441963083
2101.1,S,47,33952.91,5614.45,17917555.8,90098207.2,441963430
2102.1,S,58,33960.82,5615.38,17917555.8,90098372.4,441963963
2103.2,S,58,33980.08,5617.21,17917555.8,90098373.5,441963969
2104.2,S,58,33999.10,5618.89,17917555.8,90098374.0,441963977
2105.2,S,58,34018.11,5620.74,17917555.8,90098374.2,441963983
2106.2,S,58,34033.94,5622.26,17917555.8,90098632.1,441964681
2107.2,S,51,34045.55,5623.81,17917555.8,90099095.9,441965570
2108.2,S,76,34070.16,5625.03,17917555.8,90099149.9,441965635
2109.2,S,76,34105.65,5625.46,17917555.8,90099253.5,441965814
2110.2,S,76,34140.87,5625.88,17917555.8,90099253.8,441965819
2111.2,S,76,34176.41,5626.34,17917555.8,90099255.7,441965828
2112.2,S,74,34210.34,5626.86,17917555.8,90099337.5,441966048
2113.2,S,70,34241.67,5627.60,17917555.8,90099523.5,441966609
2114.2,S,68,34273.80,5628.44,17917555.8,90099683.4,441967119
2115.2,S,68,34284.76,5629.12,17917555.8,90100014.9,441968120
2116.5,S,66,34290.25,5629.89,17917555.8,90100656.8,441969373
2117.6,S,66,34293.84,5630.58,17917555.8,90101096.7,441970476
2119.0,S,51,34298.89,5631.34,17917555.8,90101616.3,441971877
2120.0,S,86,34326.86,5632.72,17917555.8,90101645.5,441971927
2121.0,S,84,34362.39,5633.16,17917555.8,90101660.6,441971942
2122.0,S,84,34398.02,5633.60,17917555.8,90101662.9,441971945
2123.0,S,83,34433.60,5633.99,17917555.8,90101691.1,441971972
2124.0,S,82,34469.10,5634.43,17917555.8,90101730.4,441972009
2125.0,S,82,34504.35,5634.87,17917555.8,90101837.8,441972103
2126.0,S,82,34540.06,5635.29,17917555.8,90101863.0,441972150
2127.0,S,78,34568.09,5636.03,17917555.8,90102211.5,441973150
2128.2,S,78,34585.71,5636.84,17917555.8,90102599.0,441974298
2129.2,S,76,34591.13,5637.78,17917555.8,90103225.1,441975298
2130.2,S,75,34591.57,5638.09,17917555.8,90103500.9,441976300
2131.2,S,66,34594.08,5638.80,17917555.8,90103854.9,441977301
2132.2,S,56,34597.98,5639.78,17917555.8,90104265.2,441978303
2133.2,S,47,34605.20,5641.62,17917555.8,90104350.5,441978404
2134.2,S,47,34612.80,5642.96,17917555.8,90104368.2,441978432
2135.2,S,47,34620.45,5644.48,17917555.8,90104421.7,441978478
2136.2,S,47,34628.08,5645.90,17917555.8,90104421.9,441978482
2137.2,S,47,34635.45,5647.37,17917555.8,90104422.1,441978484
2138.2,S,47,34643.20,5648.70,17917555.8,90104422.4,441978486
2139.2,S,47,34650.85,5649.97,17917555.8,90104424.0,441978489
2140.2,S,47,34658.49,5651.26,17917555.8,90104470.1,441978530
2141.2,S,47,34666.22,5652.69,17917555.8,90104470.3,441978531
2142.2,S,50,34675.22,5654.14,17917555.8,90104509.2,441978655
2143.2,S,50,34685.80,5655.65,17917555.8,90104509.4,441978657
2144.2,S,48,34693.20,5656.96,17917555.8,90104653.0,441979080
2145.2,S,48,34702.16,5658.35,17917555.8,90104653.4,441979082
2146.2,S,53,34711.51,5659.86,17917555.8,90104701.8,441979205
2147.2,S,53,34725.77,5661.56,17917555.8,90104702.2,441979207
2148.2,S,57,34739.10,5663.10,17917555.8,90104751.4,441979341
2149.2,S,57,34757.14,5664.95,17917555.8,90104751.9,441979342
2150.2,S,56,34774.19,5666.91,17917555.8,90104862.8,441979650
2151.2,S,54,34782.31,5668.23,17917555.8,90105168.7,441980597
2152.2,S,62,34797.64,5669.60,17917555.8,90105389.4,441980985
2153.2,S,62,34823.93,5670.77,17917555.8,90105389.5,441980985
2154.2,S,62,34849.90,5672.03,17917555.8,90105389.8,441980987
2155.2,S,65,34877.49,5673.68,17917555.8,90105482.1,441981078
2156.2,S,64,34905.52,5675.39,17917555.8,90105532.7,441981136
2157.2,S,63,34927.41,5676.73,17917555.8,90105757.0,441981580
2158.3,S,62,34939.40,5678.18,17917555.8,90106115.4,441982667
2159.3,S,57,34948.69,5679.76,17917555.8,90106468.6,441983668
2160.3,S,48,34956.16,5680.84,17917555.8,90106741.1,441984483
2161.3,S,59,34977.70,5682.46,17917555.8,90106747.8,441984512
2162.3,S,62,35002.65,5683.80,17917555.8,90106872.2,441984728
2163.3,S,61,35029.98,5685.09,17917555.8,90106906.2,441984760
2164.3,S,59,35055.54,5686.48,17917555.8,90107052.3,441984889
2165.3,S,56,35077.63,5687.96,17917555.8,90107198.4,441985158
2166.3,S,56,35091.01,5689.48,17917555.8,90107538.8,441986159
2167.3,S,53,35097.43,5690.57,17917555.8,90107881.0,441987160
2168.3,S,47,35106.26,5692.13,17917555.8,90108172.1,441987555
2169.3,S,47,35116.16,5693.54,17917555.8,90108172.2,441987557
2170.3,S,47,35126.06,5694.94,17917555.8,90108172.5,441987559
2171.3,S,47,35135.86,5696.25,17917555.8,90108173.0,441987562
2172.3,S,47,35145.47,5697.75,17917555.8,90108173.3,441987564
2173.3,S,47,35154.43,5699.35,17917555.8,90108364.4,441987874
2174.3,S,47,35163.16,5700.69,17917555.8,90108365.3,441987882
2175.3,S,47,35169.33,5701.75,17917555.8,90108468.1,441988190
2176.3,S,47,35177.71,5703.27,17917555.8,90108548.6,441988483
2177.3,S,59,35191.21,5704.98,17917555.8,90108660.4,441988821
2178.3,S,59,35211.35,5706.59,17917555.8,90108660.6,441988822
2179.3,S,59,35231.61,5708.21,17917555.8,90108694.4,441988911
2180.3,S,58,35251.25,5709.97,17917555.8,90108742.6,441989070
2181.3,S,58,35265.00,5710.95,17917555.8,90108952.6,441989733
2182.3,S,57,35272.21,5711.72,17917555.8,90109238.9,441990734
2183.3,S,47,35278.30,5712.64,17917555.8,90109589.2,441991368
2184.3,S,76,35311.13,5713.37,17917555.8,90109604.6,441991392
2185.3,S,76,35345.28,5713.80,17917555.8,90109606.8,441991399
2186.3,S,74,35379.99,5714.25,17917555.8,90109653.8,441991439
2187.3,S,72,35414.99,5714.72,17917555.8,90109711.5,441991493
2188.3,S,72,35450.10,5715.15,17917555.8,90109711.9,441991496
2189.3,S,70,35484.97,5715.73,17917555.8,90109807.1,441991617
2190.3,S,69,35506.71,5716.35,17917555.8,90110105.2,441992458
2191.3,S,69,35514.29,5716.93,17917555.8,90110403.3,441993459
2192.4,S,67,35519.84,5717.87,17917555.8,90111058.9,441994567
2193.7,S,67,35521.64,5718.27,17917555.8,90111464.0,441995799
2194.7,S,54,35527.81,5719.27,17917555.8,90111973.3,441996709
2195.7,S,76,35554.62,5720.39,17917567.8,90111993.4,441996760
2196.7,S,76,35590.08,5720.82,17917582.1,90111995.3,441996775
2197.7,S,74,35625.42,5721.25,17917596.8,90112039.9,441996830
2198.7,S,74,35660.26,5721.78,17917612.1,90112040.7,441996848
2199.7,S,74,35695.12,5722.34,17917621.3,90112062.7,441996880
2200.7,S,74,35727.96,5722.94,17917628.6,90112227.4,441997336
2201.7,S,70,35751.88,5723.50,17917634.7,90112479.7,441998158
2202.7,S,70,35758.86,5724.29,17917637.6,90112817.4,441999159
2203.7,S,69,35760.23,5724.59,17917638.7,90113158.1,442000159
2204.9,S,65,35765.29,5725.89,17917639.6,90113835.7,442001357
2205.9,S,55,35766.84,5726.31,17917639.6,90114159.8,442002358
2206.9,S,71,35792.56,5727.50,17917639.6,90114191.5,442002480
2207.9,S,70,35822.99,5728.25,17917639.6,90114213.4,442002541
2208.9,S,70,35853.81,5729.31,17917639.6,90114213.6,442002548
2209.9,S,69,35884.48,5730.49,17917639.6,90114259.1,442002653
2210.9,S,67,35913.95,5731.91,17917639.6,90114325.6,442002807
2211.9,S,62,35939.72,5733.35,17917639.6,90114749.8,442003367
2212.9,S,58,35952.15,5734.57,17917639.6,90115074.6,442004324
2213.9,S,58,35956.80,5735.56,17917639.6,90115430.0,442005325
2214.9,S,47,35961.70,5737.12,17917639.6,90115765.3,442005845
2215.9,S,50,35970.63,5738.74,17917639.6,90115799.1,442005884
2216.9,S,50,35981.31,5740.29,17917639.6,90115855.9,442005951
2217.9,S,48,35989.90,5741.63,17917639.6,90115999.4,442006339
2218.9,S,48,35998.63,5742.93,17917639.6,90116000.9,442006344
2219.9,S,48,36007.07,5744.35,17917639.6,90116046.4,442006467
2220.9,S,53,36020.27,5745.91,17917639.6,90116048.9,442006494
2221.9,S,52,36034.20,5747.70,17917639.6,90116073.8,442006562
2222.9,S,56,36048.66,5749.28,17917639.6,90116126.0,442006704
2223.9,S,56,36065.83,5751.00,17917639.6,90116126.2,442006708
2224.9,S,56,36074.06,5752.09,17917639.6,90116302.9,442007529
2226.0,S,49,36079.99,5753.04,17917639.6,90116695.6,442008428
2227.0,S,60,36100.77,5754.66,17917639.6,90116736.4,442008483
2228.0,S,58,36124.48,5755.91,17917639.6,90116770.5,442008518
2229.0,S,62,36146.58,5757.46,17917639.6,90116817.4,442008571
2230.0,S,62,36173.13,5758.98,17917639.6,90116817.7,442008574
2231.0,S,62,36199.42,5760.34,17917639.6,90116818.8,442008577
2232.0,S,61,36215.59,5761.83,17917639.6,90117184.1,442009386
2233.0,S,60,36223.73,5763.13,17917639.6,90117502.9,442010388
2234.0,S,58,36229.84,5764.06,17917639.6,90117888.5,442011387
2235.0,S,62,36250.58,5765.53,17917645.1,90117905.9,442011489
2236.0,S,65,36274.64,5766.65,17917652.7,90118017.2,442011920
2237.0,S,65,36302.81,5768.42,17917660.4,90118018.6,442011946
2238.0,S,64,36330.90,5770.02,17917668.3,90118057.3,442012067
2239.0,S,63,36357.27,5771.66,17917678.8,90118292.9,442012479
2240.0,S,59,36375.89,5773.17,17917690.3,90118632.0,442013119
2241.0,S,57,36384.48,5774.60,17917690.3,90118994.4,442014120
2242.0,S,47,36389.56,5775.41,17917690.3,90119377.4,442015063
2243.0,S,47,36399.25,5776.88,17917690.3,90119379.0,442015066
2244.0,S,47,36408.04,5778.19,17917690.3,90119481.8,442015171
2245.0,S,47,36417.67,5779.60,17917690.3,90119481.9,442015173
2246.0,S,47,36427.51,5781.06,17917690.3,90119482.2,442015177
2247.0,S,47,36436.53,5782.71,17917690.3,90119672.7,442015450
2248.0,S,47,36445.27,5784.11,17917690.3,90119674.5,442015458
2249.0,S,47,36454.14,5785.42,17917690.3,90119674.7,442015462
2250.0,S,47,36462.18,5786.75,17917690.3,90119708.6,442015575
2251.0,S,47,36468.59,5788.15,17917690.3,90119968.1,442016286
2252.0,S,59,36488.07,5789.87,17917690.3,90119969.7,442016300
2253.0,S,59,36508.22,5791.49,17917690.3,90119970.2,442016301
2254.0,S,58,36527.50,5793.19,17917690.3,90119997.2,442016376
2255.0,S,58,36546.87,5794.93,17917690.3,90120045.4,442016509
2256.0,S,57,36559.79,5796.16,17917690.3,90120332.4,442017260
2257.2,S,50,36565.00,5796.92,17917690.3,90120710.7,442018384
2258.2,S,76,36585.34,5797.64,17917690.3,90120877.1,442018818
2259.2,S,75,36620.67,5798.09,17917690.3,90120893.8,442018836
2260.2,S,73,36656.13,5798.52,17917690.3,90120934.4,442018877
2261.2,S,73,36691.71,5798.95,17917690.3,90120934.6,442018877
2262.2,S,72,36726.98,5799.40,17917690.3,90120964.5,442018904
2263.2,S,71,36761.89,5799.93,17917690.3,90121014.2,442018949
2264.2,S,68,36795.12,5800.67,17917690.3,90121240.0,442019277
2265.2,S,68,36803.77,5801.25,17917690.3,90121560.3,442020278
2266.3,S,67,36806.26,5801.88,17917690.3,90121897.3,442021302
2267.4,S,67,36807.79,5802.74,17917690.3,90122557.1,442022493
2268.4,S,67,36809.54,5803.29,17917690.3,90122892.7,442023494
2269.4,S,55,36814.80,5803.92,17917690.3,90123209.7,442024491
2270.5,S,99,36842.19,5805.17,17917693.0,90123251.1,442024674
2271.5,S,99,36877.72,5805.60,17917701.0,90123251.3,442024693
2272.5,S,99,36913.27,5806.01,17917708.4,90123263.6,442024755
2273.5,S,96,36948.79,5806.45,17917715.9,90123307.9,442024901
2274.5,S,95,36984.25,5806.91,17917723.6,90123353.6,442025033
2275.5,S,95,37019.93,5807.36,17917731.4,90123428.0,442025296
2276.5,S,94,37055.39,5807.80,17917740.0,90123463.2,442025340
2277.5,S,88,37090.45,5808.35,17917751.1,90123795.8,442025659
2278.5,S,85,37125.69,5808.83,17917754.1,90123948.0,442026076
2279.5,S,85,37159.78,5809.35,17917754.1,90124124.8,442026705
2280.6,S,83,37184.18,5809.95,17917756.7,90124507.2,442027853
2281.8,S,77,37196.72,5811.21,17917761.7,90125163.5,442028997
2282.8,S,76,37200.04,5811.89,17917764.6,90125507.2,442030074
2284.5,S,74,37201.10,5812.41,17917765.0,90126095.8,442031682
2285.5,S,61,37206.62,5813.72,17917765.0,90126771.8,442032712
2286.5,S,47,37214.02,5815.35,17917765.0,90126824.1,442033008
2287.5,S,47,37219.60,5816.37,17917765.0,90126839.3,442033263
2288.5,S,47,37226.02,5817.57,17917765.0,90126843.9,442033448
2289.5,S,47,37233.92,5818.93,17917765.0,90126844.4,442033452
2290.5,S,47,37241.66,5820.35,17917765.0,90126844.7,442033457
2291.5,S,47,37249.59,5821.68,17917765.0,90126882.3,442033490
2292.5,S,47,37257.44,5823.08,17917765.0,90126882.6,442033493
2293.5,S,47,37265.19,5824.40,17917765.0,90126882.9,442033493
2294.5,S,50,37272.71,5825.76,17917765.0,90126922.4,442033541
2295.5,S,50,37283.53,5827.27,17917765.0,90126922.5,442033543
2296.5,S,50,37293.72,5828.80,17917765.0,90127093.4,442033699
2297.5,S,48,37302.58,5830.26,17917765.0,90127093.6,442033702
2298.5,S,48,37311.31,5831.73,17917765.0,90127104.2,442033713
2299.5,S,53,37324.28,5833.46,17917765.0,90127142.8,442033748
2300.5,S,53,37338.52,5835.28,17917765.0,90127143.7,442033750
2301.5,S,57,37354.34,5837.19,17917765.0,90127201.0,442033822
2302.5,S,57,37372.16,5838.99,17917765.0,90127243.3,442033915
2303.5,S,53,37384.04,5840.49,17917765.0,90127591.2,442034773
2304.5,S,49,37388.42,5841.33,17917765.0,90127837.7,442035587
2305.5,S,57,37409.57,5843.01,17917765.0,90127839.3,442035596
2306.5,S,57,37430.72,5844.64,17917765.0,90127839.5,442035600
2307.5,S,61,37451.23,5845.97,17917765.0,90127905.2,442035774
2308.5,S,60,37475.52,5847.56,17917765.0,90127945.6,442035869
2309.5,S,58,37497.51,5849.03,17917765.0,90128335.8,442036343
2310.5,S,52,37504.30,5849.96,17917765.0,90128755.2,442037317
2311.5,S,63,37519.81,5851.27,17917765.0,90128896.2,442037724
2312.5,S,62,37546.93,5852.77,17917765.0,90128910.1,442037775
2313.5,S,62,37573.53,5854.05,17917765.0,90128910.5,442037781
2314.5,S,66,37597.63,5855.03,17917765.0,90129013.5,442038167
2315.5,S,65,37626.11,5856.75,17917765.0,90129056.4,442038279
2316.5,S,62,37648.63,5857.94,17917765.0,90129391.6,442038851
2317.5,S,54,37661.22,5859.53,17917765.0,90129869.1,442039713
2318.5,S,49,37666.29,5860.36,17917765.0,90130196.7,442040714
2319.5,S,47,37674.02,5861.78,17917765.0,90130455.9,442041426
2320.5,S,47,37683.73,5863.10,17917765.0,90130456.0,442041426
2321.5,S,47,37693.37,5864.61,17917765.0,90130458.1,442041438
2322.5,S,47,37703.27,5866.03,17917765.0,90130458.8,442041449
2323.5,S,47,37710.21,5867.01,17917765.0,90130561.8,442041796
2324.5,S,47,37719.34,5868.55,17917765.0,90130733.4,442042282
2325.5,S,47,37727.94,5870.10,17917765.0,90130752.8,442042344
2326.5,S,47,37736.58,5871.46,17917765.0,90130752.8,442042344
2327.5,S,47,37745.42,5872.95,17917765.0,90130753.5,442042355
2328.5,S,47,37753.92,5874.47,17917765.0,90130754.0,442042355
2329.5,S,47,37762.59,5876.00,17917765.0,90130754.3,442042360
2330.5,S,59,37772.36,5877.48,17917765.0,90131047.5,442042690
2331.5,S,59,37792.91,5879.21,17917765.0,90131048.9,442042699
2332.5,S,59,37813.11,5880.82,17917765.0,90131049.1,442042699
2333.5,S,58,37833.12,5882.51,17917765.0,90131092.6,442042750
2334.5,S,58,37851.90,5884.19,17917765.0,90131210.6,442042914
2335.7,S,55,37863.21,5885.53,17917765.0,90131597.0,442044103
2336.7,S,48,37866.19,5885.99,17917765.0,90131948.6,442045104
2337.7,S,78,37897.95,5886.70,17917765.0,90131976.8,442045154
2338.7,S,76,37933.48,5887.15,17917765.0,90131999.2,442045174
2339.7,S,75,37968.94,5887.60,17917765.0,90132026.1,442045203
2340.7,S,75,38004.40,5888.02,17917765.0,90132027.7,442045205
2341.7,S,75,38039.72,5888.50,17917765.0,90132028.1,442045209
2342.7,S,70,38074.31,5889.04,17917765.0,90132259.5,442045417
2343.7,S,69,38100.48,5889.64,17917765.0,90132508.3,442045979
2344.7,S,69,38121.01,5890.81,17917765.0,90132876.2,442046980
2346.0,S,68,38124.05,5891.28,17917765.0,90133262.5,442048238
2347.3,S,64,38126.43,5892.14,17917765.0,90134020.4,442049579
2348.5,S,57,38129.97,5892.81,17917765.0,90134443.8,442050725
2349.5,S,100,38152.75,5894.38,17917766.6,90134516.2,442050974
2350.5,S,100,38188.26,5894.80,17917771.2,90134526.4,442051019
2351.5,S,96,38223.80,5895.21,17917775.7,90134565.4,442051137
2352.5,S,95,38259.30,5895.66,17917780.1,90134583.0,442051186
2353.5,S,95,38294.76,5896.10,17917784.7,90134583.4,442051204
2354.5,S,94,38330.16,5896.50,17917787.0,90134674.0,442051448
2355.5,S,93,38365.65,5896.97,17917791.8,90134761.6,442051575
2356.5,S,92,38401.21,5897.42,17917797.7,90134837.9,442051645
2357.5,S,86,38435.86,5897.92,17917802.3,90135171.8,442052120
2358.5,S,83,38469.95,5898.44,17917807.1,90135438.5,442052981
2359.5,S,80,38496.03,5899.00,17917810.5,90135779.8,442053979
2360.6,S,78,38514.19,5899.92,17917814.8,90136396.9,442054981
2361.7,S,74,38520.39,5901.12,17917817.6,90136833.0,442056169
2362.9,S,68,38524.49,5902.08,17917817.6,90137250.4,442057369
2364.4,S,61,38531.22,5903.76,17917817.6,90137993.1,442058852
2365.5,S,47,38538.45,5905.61,17917817.6,90138108.8,442059161
2366.5,S,47,38539.91,5905.98,17917817.6,90138118.4,442060041
2367.5,S,47,38540.60,5906.13,17917817.6,90138127.3,442060948
2368.5,S,47,38548.31,5907.62,17917817.6,90138127.9,442060964
2369.5,S,47,38556.06,5908.97,17917817.6,90138128.0,442061090
2370.5,S,47,38563.84,5910.32,17917817.6,90138166.1,442061442
2371.5,S,47,38571.51,5911.72,17917817.6,90138166.4,442061448
2372.5,S,47,38579.15,5913.05,17917817.6,90138166.5,442061457
2373.5,S,47,38586.91,5914.45,17917817.6,90138166.8,442061460
2374.5,S,50,38594.00,5915.65,17917817.6,90138205.5,442061607
2375.5,S,50,38604.74,5917.13,17917817.6,90138206.4,442061611
2376.5,S,50,38614.54,5918.54,17917817.6,90138269.6,442061836
2377.6,S,48,38623.22,5919.97,17917817.6,90138349.1,442061984
2378.6,S,48,38631.87,5921.34,17917817.6,90138349.4,442061989
2379.6,S,52,38643.51,5922.97,17917817.6,90138400.4,442062059
2380.6,S,52,38656.93,5924.67,17917817.6,90138402.2,442062116
2381.6,S,56,38669.85,5926.28,17917817.6,90138457.5,442062270
2382.6,S,56,38686.89,5928.24,17917817.6,90138457.8,442062275
2383.6,S,51,38701.93,5930.21,17917817.6,90138871.5,442062686
2384.6,S,62,38722.60,5931.81,17917817.6,90139038.4,442062833
2385.6,S,62,38748.34,5933.02,17917817.6,90139039.4,442062843
2386.6,S,62,38773.42,5934.28,17917817.6,90139041.4,442062852
2387.6,S,63,38796.71,5935.58,17917817.6,90139221.1,442063405
2388.6,S,63,38823.40,5937.08,17917817.6,90139221.4,442063410
2389.6,S,57,38841.59,5938.48,17917817.6,90140099.7,442064150
2390.6,S,70,38862.89,5940.00,17917817.6,90140380.8,442064435
2391.6,S,69,38894.20,5941.31,17917817.6,90140383.5,442064449
2392.6,S,68,38925.05,5942.64,17917817.6,90140403.0,442064501
2393.6,S,68,38955.50,5943.93,17917817.6,90140403.2,442064511
2394.6,S,68,38985.71,5945.16,17917817.6,90140429.3,442064579
2395.6,S,67,39010.56,5945.86,17917817.6,90141012.7,442065546
2396.6,S,60,39034.79,5947.41,17917817.6,90141610.2,442066071
2397.6,S,59,39045.92,5948.68,17917817.6,90142016.3,442066605
2398.6,S,63,39073.59,5950.27,17917817.6,90142208.8,442067134
2399.6,S,62,39101.13,5951.88,17917817.6,90142230.2,442067160
2400.6,S,61,39128.18,5953.28,17917817.6,90142258.5,442067221
2401.6,S,61,39155.05,5954.83,17917817.6,90142258.9,442067227
2402.6,S,59,39180.27,5956.06,17917817.6,90142575.1,442067515
2403.6,S,59,39197.24,5957.74,17917817.6,90143211.0,442068391
2404.8,S,63,39207.22,5958.73,17917819.2,90143495.5,442069178
2405.8,S,62,39233.71,5960.06,17917827.2,90143655.4,442069598
2406.8,S,62,39259.49,5961.83,17917839.7,90143692.9,442069764
2407.8,S,62,39285.62,5963.15,17917852.7,90143693.8,442069805
2408.8,S,62,39310.70,5964.33,17917857.6,90143746.7,442069967
2409.8,S,61,39331.55,5965.31,17917865.7,90144042.7,442070458
2410.8,S,58,39340.30,5966.18,17917868.7,90144485.5,442071417
2411.8,S,54,39343.47,5966.79,17917868.7,90144853.0,442072418
2412.8,S,47,39352.13,5968.30,17917868.7,90144912.4,442072631
2413.8,S,47,39360.50,5969.74,17917868.7,90144921.5,442072841
2414.8,S,47,39368.24,5971.15,17917868.7,90144965.2,442073842
2415.8,S,47,39370.00,5971.50,17917868.7,90145011.1,442074843
2417.5,S,47,39377.68,5972.78,17917868.7,90145084.9,442076496
2418.5,S,55,39388.27,5974.52,17917868.7,90145116.1,442077035
2419.5,S,55,39401.98,5975.73,17917868.7,90145209.2,442077384
2420.5,S,55,39418.23,5977.62,17917868.7,90145209.8,442077388
2421.5,S,55,39434.62,5979.54,17917868.7,90145209.9,442077397
2422.5,S,55,39446.47,5980.91,17917868.7,90145450.8,442078008
2423.5,S,47,39455.33,5982.19,17917868.7,90145787.1,442078573
2424.5,S,72,39487.13,5983.22,17917868.7,90145790.7,442078593
2425.5,S,72,39520.08,5983.86,17917868.7,90145791.1,442078598
2426.5,S,71,39552.74,5984.49,17917868.7,90145816.6,442078650
2427.5,S,71,39584.72,5985.17,17917868.7,90145919.8,442078801
2428.5,S,70,39616.49,5985.82,17917868.7,90145965.3,442078850
2429.5,S,65,39645.29,5986.75,17917868.7,90146379.9,442079217
2430.5,S,65,39659.67,5987.95,17917868.7,90147433.9,442080098
2431.5,S,59,39666.21,5988.92,17917868.7,90147801.3,442080880
2432.5,S,72,39697.04,5990.09,17917868.7,90147807.3,442080898
2433.5,S,71,39728.77,5990.82,17917868.7,90147824.3,442080939
2434.5,S,70,39760.10,5991.51,17917868.7,90147850.5,442081017
2435.5,S,68,39790.68,5992.45,17917868.7,90147915.1,442081217
2436.5,S,68,39821.17,5993.83,17917868.7,90147962.4,442081267
2437.5,S,63,39846.13,5995.06,17917868.7,90148606.5,442081821
2438.5,S,53,39855.95,5996.28,17917868.7,90149330.3,442082719
2439.5,S,50,39859.02,5997.04,17917868.7,90149573.4,442083491
2440.5,S,50,39869.81,5998.55,17917868.7,90149573.4,442083491
2441.5,S,48,39880.33,6000.07,17917868.7,90149717.3,442083627
2442.5,S,48,39888.92,6001.41,17917868.7,90149717.9,442083633
2443.5,S,48,39894.38,6002.26,17917868.7,90149749.2,442084287
2444.5,S,48,39902.50,6003.62,17917868.7,90149794.3,442085288
2445.5,S,48,39904.96,6004.08,17917868.7,90149840.4,442086289
2446.5,S,53,39915.81,6005.82,17917868.7,90149858.1,442086659
2447.5,S,56,39930.74,6007.59,17917868.7,90149881.6,442086761
2448.5,S,56,39947.97,6009.43,17917868.7,90149882.0,442086795
2449.5,S,52,39962.99,6011.17,17917868.7,90150076.3,442087166
2450.5,S,52,39975.39,6012.79,17917868.7,90150273.3,442087656
2451.5,S,48,39983.27,6013.95,17917868.7,90150543.4,442088383
2452.5,S,56,40001.96,6015.56,17917868.7,90150563.1,442088411
2453.5,S,60,40022.87,6017.21,17917868.7,90150578.8,442088463
2454.5,S,60,40046.99,6018.78,17917868.7,90150579.1,442088470
2455.5,S,59,40069.88,6020.17,17917868.7,90150657.4,442088771
2456.5,S,54,40087.30,6021.89,17917868.7,90150900.7,442089180
2457.5,S,49,40098.09,6023.19,17917868.7,90151470.2,442090073
2458.5,S,63,40118.68,6024.63,17917868.7,90151478.4,442090104
2459.5,S,66,40145.21,6025.88,17917868.7,90151597.2,442090218
2460.5,S,66,40174.18,6027.47,17917868.7,90151597.2,442090219
2461.5,S,66,40203.18,6028.95,17917868.7,90151601.8,442090230
2462.5,S,64,40231.25,6030.65,17917868.7,90151737.1,442090506
2463.5,S,60,40249.90,6031.98,17917868.7,90152360.4,442091472
2464.5,S,48,40258.68,6033.22,17917868.7,90152968.0,442092270
2465.5,S,47,40267.68,6034.60,17917868.7,90153019.8,442092427
2466.5,S,47,40277.38,6035.99,17917868.7,90153020.1,442092734
2467.5,S,47,40284.24,6036.90,17917868.7,90153025.4,442093399
2468.5,S,47,40286.16,6036.94,17917868.7,90153025.4,442094400
2469.5,S,47,40287.13,6036.96,17917868.7,90153025.4,442095401
2470.5,S,47,40292.48,6037.92,17917868.7,90153314.7,442095835
2471.5,S,47,40301.38,6039.23,17917868.7,90153315.5,442095840
2472.5,S,47,40310.13,6040.71,17917868.7,90153315.9,442095849
2473.5,S,47,40318.84,6042.13,17917868.7,90153316.0,442095859
2474.5,S,59,40328.11,6043.85,17917868.7,90153506.6,442096028
2475.5,S,59,40348.34,6045.46,17917868.7,90153509.5,442096057
2476.5,S,59,40366.66,6046.77,17917868.7,90153612.8,442096300
2477.5,S,59,40387.01,6048.43,17917868.7,90153650.2,442096360
2478.5,S,58,40406.67,6050.12,17917868.7,90153699.7,442096409
2479.5,S,58,40417.23,6051.23,17917868.7,90153999.1,442097229
2480.7,S,69,40434.48,6052.62,17917868.7,90154441.6,442097727
2481.7,S,69,40467.36,6053.34,17917868.7,90154443.3,442097737
2482.7,S,68,40500.08,6053.96,17917868.7,90154464.8,442097764
2483.7,S,67,40531.22,6054.62,17917868.7,90154515.2,442097911
2484.7,S,66,40561.94,6055.37,17917868.7,90154528.2,442097963
2485.7,S,62,40591.50,6056.47,17917868.7,90154835.6,442098421
2486.7,S,57,40614.91,6057.99,17917868.7,90155456.6,442098992
2487.7,S,57,40619.84,6058.92,17917868.7,90156172.7,442099993
2488.8,S,62,40635.49,6060.20,17917868.7,90156381.6,442100614
2489.8,S,60,40661.72,6061.63,17917868.7,90156402.1,442100687
2490.8,S,60,40687.02,6062.94,17917868.7,90156496.4,442100885
2491.8,S,60,40712.36,6064.14,17917868.7,90156497.0,442100894
2492.8,S,59,40736.19,6065.27,17917868.7,90156554.8,442101050
2493.8,S,59,40751.71,6066.38,17917868.7,90156794.5,442101712
2494.8,S,49,40763.73,6067.74,17917868.7,90157587.6,442102481
2495.8,S,98,40791.97,6068.91,17917873.0,90157650.5,442102731
2496.8,S,97,40827.48,6069.33,17917878.6,90157652.9,442103150
2497.8,S,97,40862.98,6069.78,17917880.6,90157665.8,442104147
2498.8,S,97,40898.61,6070.20,17917882.9,90157677.5,442105149
2499.8,S,92,40934.06,6070.65,17917886.0,90157744.1,442106036
2500.8,S,91,40969.53,6071.10,17917889.8,90157781.2,442106174
2501.8,S,91,41004.93,6071.52,17917896.8,90157868.8,442106450
2502.8,S,89,41039.97,6071.97,17917903.3,90157992.4,442106807
2503.8,S,87,41075.18,6072.43,17917912.0,90158140.1,442107222
2504.9,S,83,41103.38,6073.14,17917916.8,90158776.9,442108380
2505.9,S,81,41115.54,6073.86,17917919.6,90159186.7,442109381
2506.9,S,73,41125.96,6074.80,17917925.0,90159764.5,442110377
2508.0,S,70,41128.44,6075.40,17917930.8,90160319.9,442111411
2515.0,S,61,41133.35,6076.36,17917934.1,90160879.2,442118428
2516.0,S,47,41141.27,6078.06,17917940.9,90161108.3,442118637
2517.0,S,47,41149.03,6079.71,17917940.9,90161108.8,442118646
2518.0,S,50,41156.86,6081.12,17917940.9,90161125.0,442118706
2519.0,S,50,41167.60,6082.46,17917940.9,90161125.2,442118731
2520.0,S,48,41177.32,6083.95,17917940.9,90161269.3,442118850
2521.0,S,48,41185.00,6085.05,17917940.9,90161330.2,442119022
2522.0,S,48,41193.66,6086.26,17917940.9,90161335.2,442119114
2523.0,S,52,41205.92,6087.84,17917940.9,90161379.6,442119182
2524.0,S,52,41219.26,6089.59,17917940.9,90161379.8,442119183
2525.0,S,56,41232.40,6091.15,17917940.9,90161417.0,442119295
2526.0,S,56,41248.33,6092.83,17917940.9,90161487.1,442119500
2527.0,S,51,41259.86,6094.27,17917940.9,90161860.8,442120146
2528.0,S,60,41283.02,6095.88,17917940.9,90162054.2,442120308
2529.0,S,60,41306.43,6097.26,17917940.9,90162054.5,442120324
2530.0,S,60,41329.79,6098.61,17917940.9,90162056.0,442120499
2531.0,S,64,41354.16,6099.99,17917940.9,90162099.4,442120563
2532.0,S,62,41380.61,6101.36,17917940.9,90162273.2,442120726
2533.0,S,53,41395.39,6103.04,17917940.9,90163114.5,442121455
2534.0,S,62,41421.16,6104.76,17917940.9,90163311.4,442121695
2535.0,S,62,41447.72,6106.21,17917940.9,90163312.3,442121714
2536.0,S,62,41474.38,6107.54,17917940.9,90163312.6,442121723
2537.0,S,65,41500.26,6108.70,17917940.9,90163405.2,442121813
2538.0,S,64,41528.13,6110.59,17917940.9,90163508.9,442121944
2539.0,S,64,41545.39,6112.03,17917940.9,90163840.0,442122853
2540.0,S,61,41552.59,6113.07,17917940.9,90164442.1,442123853
2541.2,S,61,41563.89,6114.28,17917940.9,90164725.8,442124869
2542.2,S,60,41589.19,6115.64,17917940.9,90164730.5,442124925
2543.2,S,60,41614.64,6117.00,17917940.9,90164730.8,442124931
2544.2,S,60,41638.01,6118.21,17917940.9,90164737.3,442125365
2545.2,S,60,41654.21,6118.45,17917940.9,90164748.1,442126366
2546.2,S,60,41663.14,6118.59,17917940.9,90164758.8,442127367
2547.2,S,60,41664.04,6118.63,17917940.9,90164879.5,442128368
2548.3,S,58,41665.28,6118.95,17917940.9,90165504.2,442129470
2549.8,S,57,41669.14,6119.17,17917940.9,90165963.0,442130910
2550.8,S,65,41690.43,6121.02,17917940.9,90166005.6,442131081
2551.8,S,65,41718.36,6122.73,17917940.9,90166006.0,442131094
2552.8,S,63,41745.89,6124.08,17917940.9,90166049.5,442131227
2553.8,S,62,41772.51,6125.51,17917940.9,90166085.6,442131327
2554.8,S,62,41798.51,6126.84,17917940.9,90166138.0,442131389
2555.8,S,70,41824.67,6128.67,17917940.9,90166849.0,442132004
2556.8,S,62,41833.99,6129.18,17917940.9,90167303.5,442133005
2557.8,S,55,41847.80,6130.66,17917940.9,90167488.0,442133282
2558.8,S,55,41863.94,6132.55,17917940.9,90167488.5,442133290
2559.8,S,55,41880.01,6134.48,17917940.9,90167490.6,442133297
2560.8,S,55,41890.42,6136.01,17917940.9,90167537.4,442134255
2561.8,S,55,41897.13,6137.16,17917940.9,90167582.8,442135256
2563.0,S,54,41898.86,6137.60,17917940.9,90167860.3,442136425
2564.0,S,48,41902.38,6138.31,17917940.9,90168164.0,442137364
2565.0,S,70,41926.88,6139.98,17917940.9,90168173.3,442137395
2566.0,S,70,41958.53,6140.72,17917940.9,90168173.9,442137397
2567.0,S,70,41989.49,6141.40,17917940.9,90168180.4,442137435
2568.0,S,70,42020.92,6142.05,17917940.9,90168182.5,442137444
2569.0,S,70,42052.16,6142.74,17917940.9,90168182.7,442137453
2570.0,S,66,42079.91,6143.57,17917941.0,90168762.9,442138204
2571.0,S,60,42100.02,6145.03,17917941.0,90169641.8,442138948
2572.0,S,49,42104.67,6145.79,17917941.0,90170101.7,442139941
2573.0,S,79,42133.19,6146.77,17917941.0,90170111.8,442140125
2574.0,S,78,42168.53,6147.18,17917941.0,90170114.1,442140377
2575.0,S,78,42204.04,6147.62,17917941.0,90170114.3,442140380
2576.0,S,78,42239.69,6148.07,17917941.0,90170114.8,442140386
2577.0,S,76,42274.60,6148.53,17917941.0,90170187.8,442141282
2578.0,S,76,42308.59,6148.98,17917941.2,90170240.2,442141350
2579.0,S,74,42341.34,6149.71,17917941.2,90170439.2,442141709
2580.1,S,73,42348.71,6150.93,17917941.2,90171170.5,442142796
2581.1,S,73,42349.70,6151.42,17917941.2,90171759.3,442143832
2582.1,S,47,42354.26,6152.68,17917941.2,90172341.7,442144506
2583.1,S,47,42362.00,6154.16,17917941.2,90172342.6,442144512
2584.1,S,47,42369.20,6155.49,17917941.2,90172361.2,442144590
2585.1,S,47,42376.90,6156.92,17917941.2,90172361.4,442144597
2586.1,S,47,42384.47,6158.31,17917941.3,90172363.8,442144685
2587.1,S,47,42392.17,6159.70,17917941.3,90172364.2,442144689
2588.1,S,47,42399.96,6161.04,17917941.3,90172430.1,442144781
2589.1,S,47,42407.70,6162.48,17917941.3,90172430.3,442144787
2590.1,S,47,42415.42,6163.86,17917941.3,90172430.6,442144794
2591.1,S,50,42423.38,6165.07,17917941.3,90172462.4,442145008
2592.1,S,50,42433.99,6166.51,17917941.3,90172463.1,442145013
2593.1,S,48,42441.60,6167.76,17917941.3,90172606.2,442145474
2594.1,S,48,42450.31,6169.12,17917941.3,90172606.5,442145509
2595.1,S,47,42458.96,6170.37,17917941.3,90172654.4,442145619
2596.1,S,52,42472.53,6172.14,17917941.3,90172662.0,442145635
2597.1,S,52,42486.00,6173.90,17917941.3,90172662.2,442145654
2598.1,S,56,42501.24,6175.45,17917941.3,90172778.1,442145973
2599.1,S,56,42518.53,6177.29,17917941.3,90172836.5,442146037
2600.1,S,61,42532.50,6178.92,17917941.3,90173358.5,442146486
2601.1,S,61,42557.57,6180.23,17917941.3,90173359.4,442146497
2602.1,S,61,42582.95,6181.59,17917941.3,90173360.7,442146522
2603.1,S,64,42607.98,6182.93,17917941.3,90173414.1,442146657
2604.1,S,64,42635.45,6184.44,17917941.3,90173414.5,442146665
2605.1,S,62,42658.83,6185.74,17917941.3,90173728.3,442147207
2606.1,S,48,42673.30,6187.46,17917941.3,90174618.8,442147977
2607.2,S,62,42699.59,6188.89,17917941.3,90174620.2,442147991
2608.2,S,62,42726.38,6190.26,17917941.3,90174621.7,442147995
2609.2,S,61,42753.28,6191.62,17917941.3,90174653.1,442148065
2610.2,S,63,42774.09,6192.62,17917941.3,90174831.3,442148542
2611.2,S,63,42800.97,6194.35,17917941.3,90174832.0,442148556
2612.2,S,54,42819.71,6195.83,17917941.3,90175609.8,442149211
2613.2,S,47,42830.89,6197.41,17917941.3,90175931.3,442149510
2614.2,S,47,42840.67,6199.17,17917941.3,90176123.7,442149684
2615.2,S,47,42850.41,6200.51,17917941.3,90176124.3,442149687
2616.2,S,47,42859.98,6201.86,17917941.3,90176124.6,442149691
2617.2,S,47,42868.85,6203.17,17917941.3,90176227.6,442149791
2618.2,S,47,42878.60,6204.55,17917941.3,90176227.9,442149804
2619.2,S,47,42887.48,6206.15,17917941.3,90176418.8,442150187
2620.2,S,47,42896.16,6207.49,17917941.3,90176420.3,442150191
2621.2,S,47,42905.16,6208.80,17917941.3,90176420.9,442150191
2622.2,S,47,42913.85,6210.23,17917941.3,90176421.2,442150194
2623.2,S,47,42922.48,6211.67,17917941.3,90176421.3,442150201
2624.2,S,47,42926.94,6212.63,17917941.3,90176714.7,442150890
2625.2,S,58,42945.79,6214.38,17917941.3,90176715.8,442150896
2626.2,S,58,42965.22,6216.04,17917941.3,90176716.5,442150906
2627.2,S,58,42984.60,6218.03,17917941.3,90176716.6,442150911
2628.2,S,58,43003.25,6219.83,17917941.3,90176821.8,442151197
2629.2,S,56,43018.17,6221.42,17917941.3,90177068.9,442151844
2630.2,S,77,43030.69,6222.55,17917941.3,90177490.4,442152290
2631.2,S,77,43066.19,6223.03,17917941.3,90177595.3,442152419
2632.2,S,75,43101.43,6223.50,17917941.3,90177643.3,442152467
2633.2,S,75,43136.89,6223.92,17917941.3,90177643.6,442152497
2634.2,S,75,43172.55,6224.32,17917941.3,90177643.8,442152514
2635.2,S,74,43207.93,6224.76,17917941.3,90177691.3,442152693
2636.2,S,70,43242.47,6225.31,17917941.3,90177910.4,442153061
2637.2,S,69,43265.95,6226.85,17917941.3,90178572.6,442153871
2638.2,S,65,43274.58,6228.09,17917941.3,90179756.2,442154871
2639.2,S,92,43296.46,6229.69,17917941.3,90179955.8,442155073
2640.2,S,92,43332.12,6230.12,17917941.3,90179956.1,442155075
2641.2,S,92,43367.64,6230.59,17917941.3,90179956.4,442155079
2642.2,S,91,43403.24,6231.04,17917941.3,90179976.3,442155118
2643.2,S,91,43438.73,6231.49,17917941.3,90179976.8,442155144
2644.2,S,89,43474.10,6231.94,17917941.3,90180126.6,442155286
2645.2,S,88,43509.77,6232.39,17917941.3,90180202.9,442155409
2646.2,S,82,43544.61,6232.90,17917941.3,90180573.8,442155729
2647.2,S,68,43574.74,6233.80,17917941.3,90181453.4,442156473
2648.2,S,62,43601.75,6235.30,17917941.3,90181883.2,442156849
2649.2,S,49,43614.66,6236.75,17917941.4,90182974.8,442157782
2650.2,S,47,43621.83,6238.44,17917941.4,90183095.0,442157887
2651.2,S,47,43629.12,6239.77,17917941.4,90183109.9,442157948
2652.2,S,47,43637.13,6241.14,17917941.4,90183110.2,442157956
2653.2,S,47,43645.01,6242.56,17917941.4,90183111.7,442157962
2654.2,S,47,43652.80,6244.08,17917941.4,90183112.4,442158010
2655.2,S,47,43660.62,6245.50,17917941.4,90183177.6,442158069
2656.2,S,47,43668.43,6246.85,17917941.4,90183177.8,442158076
2657.2,S,47,43676.03,6248.21,17917941.4,90183178.0,442158080
2658.2,S,50,43685.18,6249.64,17917941.4,90183209.3,442158148
2659.2,S,50,43695.97,6251.09,17917941.4,90183209.7,442158163
2660.2,S,48,43705.04,6252.49,17917941.4,90183353.5,442158330
2661.2,S,48,43713.76,6253.90,17917941.4,90183353.7,442158342
2662.2,S,53,43723.88,6255.42,17917941.4,90183401.6,442158391
2663.2,S,53,43738.37,6257.11,17917941.4,90183402.3,442158398
2664.2,S,53,43751.69,6258.79,17917941.4,90183430.6,442158506
2665.2,S,57,43769.41,6260.49,17917941.4,90183565.7,442158809
2666.2,S,56,43786.66,6262.31,17917941.4,90183736.6,442159045
2667.2,S,55,43801.13,6264.02,17917941.4,90184154.7,442159414
2668.2,S,54,43818.96,6265.79,17917941.4,90184169.2,442159457
2669.2,S,54,43836.28,6267.61,17917941.4,90184169.4,442159457
2670.2,S,57,43853.89,6269.46,17917941.4,90184260.4,442159658
2671.2,S,56,43871.91,6271.08,17917941.4,90184403.7,442159823
2672.2,S,60,43885.42,6272.79,17917941.4,90184854.9,442160211
2673.2,S,67,43914.99,6274.19,17917941.4,90185012.0,442160353
2674.2,S,67,43944.34,6275.46,17917941.4,90185012.2,442160361
2675.2,S,67,43973.82,6276.67,17917941.4,90185012.5,442160363
2676.2,S,65,44002.33,6278.19,17917941.4,90185081.0,442160426
2677.2,S,65,44030.68,6279.69,17917941.4,90185081.4,442160433
2678.2,S,60,44048.23,6280.65,17917941.4,90185963.8,442161181
2679.2,S,69,44067.17,6282.17,17917941.4,90186526.7,442161667
2680.2,S,68,44097.15,6283.15,17917941.4,90186530.8,442161690
2681.2,S,63,44122.82,6284.49,17917941.4,90186743.9,442162173
2682.2,S,63,44150.36,6285.92,17917941.4,90186744.5,442162181
2683.2,S,63,44178.13,6287.50,17917941.4,90186745.0,442162188
2684.2,S,62,44205.30,6289.05,17917941.4,90186797.9,442162250
2685.2,S,58,44224.20,6290.66,17917941.4,90187851.3,442163237
2686.2,S,70,44242.53,6292.12,17917947.5,90188126.8,442163498
2687.2,S,69,44274.16,6292.91,17917977.3,90188140.4,442163545
2688.2,S,68,44304.78,6293.83,17917992.5,90188318.1,442163719
2689.2,S,68,44334.37,6295.22,17918007.0,90188354.1,442163770
2690.2,S,68,44364.16,6296.24,17918020.9,90188388.2,442163823
2691.2,S,67,44393.59,6297.72,17918035.1,90188453.3,442163896
2692.2,S,57,44413.94,6299.12,17918048.6,90189351.0,442164725
2693.2,S,47,44422.92,6300.37,17918048.6,90189850.6,442165156
2694.2,S,47,44431.72,6301.72,17918048.6,90189850.8,442165162
2695.2,S,47,44438.67,6302.82,17918048.6,90189991.6,442165462
2696.2,S,55,44450.30,6304.89,17918048.6,90190145.2,442165857
2697.2,S,55,44466.46,6306.79,17918048.6,90190147.2,442165881
2698.2,S,55,44482.89,6308.61,17918048.6,90190147.6,442165883
2699.2,S,55,44499.27,6310.50,17918048.6,90190190.1,442165934
2700.2,S,51,44512.70,6312.22,17918048.6,90190575.7,442166270
2701.2,S,69,44536.42,6313.28,17918048.6,90190826.8,442166566
2702.2,S,69,44567.65,6314.09,17918048.6,90190828.6,442166573
2703.2,S,68,44598.09,6314.89,17918048.6,90190850.9,442166627
2704.2,S,67,44628.25,6315.93,17918048.6,90190884.2,442166726
2705.2,S,65,44656.86,6317.34,17918048.6,90191019.0,442167094
2706.2,S,62,44682.25,6319.06,17918048.6,90191493.3,442167561
2707.2,S,63,44701.96,6320.38,17918048.6,90192216.9,442168279
2708.2,S,54,44717.64,6322.01,17918048.6,90192494.6,442168525
2709.2,S,54,44732.95,6323.74,17918048.6,90192532.8,442168588
2710.2,S,53,44746.52,6325.45,17918048.6,90192635.6,442168701
2711.2,S,49,44759.22,6327.11,17918048.6,90193061.9,442169101
2712.3,S,76,44786.58,6328.30,17918072.7,90193093.7,442169173
2713.3,S,76,44821.45,6328.78,17918100.3,90193094.3,442169216
2714.3,S,73,44855.81,6329.35,17918129.1,90193162.3,442169328
2715.3,S,72,44888.84,6329.99,17918161.1,90193193.2,442169412
2716.3,S,71,44920.79,6330.64,17918187.0,90193228.9,442169469
2717.3,S,70,44952.48,6331.31,17918213.5,90193379.8,442169628
2718.3,S,63,44974.46,6332.42,17918235.9,90194225.1,442170427
2719.3,S,47,44979.31,6333.83,17918237.3,90195099.0,442171183
2720.3,S,47,44986.92,6335.35,17918237.3,90195099.7,442171199
2721.3,S,50,44992.64,6336.23,17918237.3,90195110.9,442171478
2722.3,S,50,45003.27,6337.68,17918237.3,90195111.1,442171481
2723.3,S,50,45013.59,6339.12,17918237.3,90195171.1,442171588
2724.3,S,48,45022.19,6340.47,17918237.3,90195255.2,442171670
2725.3,S,48,45031.14,6341.72,17918237.3,90195255.7,442171676
2726.3,S,52,45042.13,6343.36,17918237.3,90195304.0,442171849
2727.3,S,52,45055.52,6345.02,17918237.3,90195403.1,442172062
2728.3,S,56,45069.69,6346.82,17918237.3,90195407.9,442172106
2729.3,S,56,45086.90,6348.71,17918237.3,90195456.5,442172156
2730.3,S,53,45101.97,6350.45,17918237.3,90195907.8,442172553
2731.3,S,54,45117.12,6352.09,17918237.3,90195989.8,442172680
2732.3,S,53,45134.64,6353.82,17918237.3,90196092.5,442172927
2733.3,S,53,45151.92,6355.66,17918237.3,90196099.8,442172965
2734.3,S,57,45171.39,6357.34,17918237.3,90196107.7,442173004
2735.3,S,56,45191.52,6359.00,17918237.3,90196357.5,442173230
2736.3,S,53,45206.22,6360.78,17918237.3,90196880.2,442173681
2737.3,S,53,45223.35,6362.64,17918237.3,90196880.2,442173681
2738.3,S,53,45240.57,6364.54,17918237.3,90196909.5,442173712
2739.3,S,53,45257.75,6366.31,17918237.3,90196910.0,442173718
2740.3,S,57,45274.05,6367.57,17918241.2,90197101.9,442174184
2741.3,S,51,45289.52,6369.42,17918241.2,90197514.6,442174536
2742.3,S,47,45300.91,6371.06,17918241.2,90197830.6,442174888
2743.4,S,47,45310.66,6372.64,17918241.2,90197896.7,442174945
2744.4,S,47,45320.33,6374.04,17918241.2,90197897.5,442174960
2745.4,S,47,45329.99,6375.58,17918241.2,90197897.8,442174964
2746.4,S,47,45339.50,6377.06,17918241.2,90197899.3,442174967
2747.4,S,47,45347.26,6378.24,17918241.2,90198002.2,442175253
2748.4,S,47,45356.16,6379.82,17918241.2,90198193.3,442175786
2749.4,S,47,45365.05,6381.19,17918241.2,90198193.6,442175795
2750.4,S,47,45373.88,6382.52,17918241.2,90198193.9,442175802
2751.4,S,47,45382.70,6383.90,17918241.2,90198194.3,442175802
2752.4,S,47,45391.37,6385.31,17918241.2,90198194.9,442175810
2753.4,S,59,45401.45,6386.89,17918241.2,90198385.5,442176232
2754.4,S,59,45420.76,6388.56,17918241.2,90198489.3,442176361
2755.4,S,59,45440.94,6390.14,17918241.2,90198489.6,442176367
2756.4,S,59,45461.18,6391.76,17918241.2,90198489.8,442176368
2757.4,S,58,45480.60,6393.51,17918241.2,90198640.3,442176551
2758.4,S,49,45494.42,6395.13,17918241.2,90199240.2,442177192
2759.4,S,75,45525.46,6395.94,17918241.2,90199326.0,442177272
2760.4,S,74,45560.96,6396.38,17918241.2,90199342.9,442177293
2761.4,S,74,45596.25,6396.81,17918241.2,90199343.2,442177295
2762.4,S,74,45631.82,6397.24,17918241.2,90199345.3,442177301
2763.4,S,73,45667.26,6397.67,17918241.2,90199381.5,442177464
2764.4,S,71,45702.18,6398.19,17918241.2,90199478.6,442177561
2765.4,S,68,45730.70,6398.93,17918241.2,90200184.5,442178159
2766.5,S,60,45736.53,6399.50,17918241.2,90201492.3,442179275
2767.5,S,99,45759.33,6400.73,17918243.4,90201740.6,442179495
2768.5,S,99,45794.82,6401.25,17918246.1,90201742.8,442179503
2769.5,S,99,45830.39,6401.67,17918250.2,90201743.1,442179505
2770.5,S,97,45866.00,6402.08,17918253.0,90201771.8,442179532
2771.5,S,97,45901.48,6402.52,17918256.2,90201791.3,442179555
2772.5,S,96,45937.08,6402.93,17918259.2,90201821.7,442179587
2773.5,S,96,45972.71,6403.33,17918259.2,90201822.3,442179592
2774.5,S,94,46007.31,6403.79,17918259.3,90202066.0,442180249
2775.5,S,88,46042.82,6404.28,17918259.5,90202413.3,442180716
2776.5,S,83,46078.16,6404.76,17918259.8,90202681.3,442180951
2777.5,S,76,46111.89,6405.39,17918266.2,90203361.0,442181553
2778.5,S,70,46127.72,6406.61,17918272.4,90204502.4,442182553
2779.5,S,47,46132.08,6407.78,17918272.4,90205417.5,442183332
2780.5,S,47,46139.95,6409.38,17918272.4,90205418.7,442183341
2781.5,S,47,46147.80,6410.64,17918272.4,90205419.0,442183347
2782.5,S,47,46155.60,6412.04,17918272.4,90205419.1,442183351
2783.5,S,47,46163.23,6413.30,17918272.4,90205419.4,442183360
2784.5,S,47,46169.93,6414.44,17918272.4,90205482.5,442183554
2785.6,S,47,46177.56,6415.75,17918272.4,90205495.1,442183588
2786.6,S,47,46185.23,6417.10,17918272.4,90205495.3,442183592
2787.6,S,47,46192.98,6418.51,17918272.4,90205495.5,442183595
2788.6,S,47,46200.76,6419.87,17918272.4,90205495.7,442183601
2789.6,S,47,46208.71,6421.30,17918272.4,90205496.1,442183607
2790.6,S,47,46216.46,6422.67,17918272.4,90205496.5,442183608
2791.6,S,50,46224.28,6423.98,17918272.4,90205541.8,442183711
2792.6,S,50,46234.82,6425.49,17918272.4,90205542.3,442183786
2793.6,S,50,46244.07,6426.82,17918272.4,90205651.7,442184022
2794.6,S,48,46252.73,6428.17,17918272.4,90205685.5,442184163
2795.6,S,48,46261.46,6429.53,17918272.4,90205685.9,442184163
2796.6,S,52,46272.93,6431.00,17918272.4,90205734.3,442184222
2797.6,S,52,46286.31,6432.73,17918272.4,90205734.7,442184224
2798.6,S,56,46298.86,6434.28,17918272.4,90205786.6,442184380
2799.6,S,56,46315.96,6436.05,17918272.4,90205787.1,442184389
2800.6,S,53,46330.85,6437.92,17918272.4,90206308.4,442184836
2801.6,S,57,46349.18,6439.75,17918272.4,90206454.7,442184968
2802.6,S,57,46368.35,6441.43,17918272.4,90206455.1,442184980
2803.6,S,56,46387.49,6443.00,17918272.4,90206494.1,442185027
2804.6,S,60,46407.95,6444.72,17918272.4,90206513.8,442185047
2805.6,S,60,46427.46,6446.23,17918272.4,90206661.1,442185427
2806.6,S,53,46437.15,6447.63,17918272.4,90207244.0,442186239
2807.6,S,57,46453.83,6449.37,17918278.0,90207415.4,442186411
2808.6,S,57,46474.16,6451.01,17918287.1,90207415.7,442186427
2809.6,S,57,46494.51,6452.66,17918296.6,90207415.8,442186442
2810.6,S,61,46516.90,6454.26,17918315.5,90207518.8,442186553
2811.6,S,59,46544.23,6459.27,17918325.9,90207633.0,442186666
2812.6,S,51,46564.26,6463.65,17918332.0,90208225.9,442187200
2813.6,S,47,46576.10,6468.17,17918332.0,90208520.3,442187508
2814.6,S,47,46588.75,6473.32,17918332.0,90208520.3,442187508
2815.6,S,47,46601.48,6478.38,17918332.0,90208520.5,442187514
2816.6,S,47,46611.99,6482.39,17918332.0,90208623.6,442187718
2817.6,S,47,46624.91,6487.28,17918332.0,90208624.2,442187720
2818.6,S,47,46636.46,6491.91,17918332.0,90208727.0,442187819
2819.6,S,47,46649.32,6496.93,17918332.0,90208727.5,442187821
2820.6,S,47,46662.11,6501.95,17918332.0,90208727.8,442187822
2821.6,S,47,46671.88,6505.70,17918332.0,90208830.5,442188092
2822.6,S,47,46684.79,6510.64,17918332.0,90208830.8,442188097
2823.6,S,47,46697.58,6515.71,17918332.0,90208831.1,442188099
2824.6,S,50,46701.99,6517.10,17918332.0,90209124.4,442188832
2825.6,S,50,46716.86,6522.14,17918332.0,90209124.8,442188890
2826.6,S,48,46730.93,6527.33,17918332.0,90209268.1,442189014
2827.6,S,48,46741.34,6531.36,17918332.0,90209370.6,442189252
2828.6,S,48,46754.10,6536.40,17918332.0,90209394.5,442189304
2829.6,S,47,46766.52,6541.40,17918332.0,90209426.3,442189381
2830.6,S,55,46772.76,6543.02,17918332.0,90209902.8,442190147
2831.6,S,55,46792.64,6548.23,17918332.0,90209903.6,442190148
2832.6,S,51,46810.65,6552.74,17918332.0,90210094.1,442190319
2833.7,S,51,46824.01,6557.36,17918332.0,90210388.0,442190572
2834.7,S,51,46840.84,6562.43,17918332.0,90210388.3,442190580
2835.7,S,51,46857.31,6567.49,17918332.0,90210425.0,442190796
2836.7,S,47,46868.69,6571.53,17918332.0,90210682.9,442191174
2837.7,S,47,46882.42,6576.69,17918332.0,90210683.1,442191183
2838.7,S,47,46896.07,6581.92,17918332.0,90210683.4,442191186
2839.7,S,47,46906.29,6585.69,17918332.0,90210786.5,442191485
2840.7,S,47,46919.70,6590.90,17918332.0,90210977.5,442191715
2841.7,S,47,46932.38,6596.22,17918332.0,90210978.8,442191717
2842.7,S,47,46942.13,6599.80,17918332.0,90211082.1,442192006
2843.7,S,47,46954.80,6604.93,17918332.0,90211082.2,442192010
2844.7,S,47,46966.31,6609.46,17918332.0,90211185.2,442192115
2845.7,S,47,46979.01,6614.61,17918332.0,90211185.5,442192117
2846.7,S,47,46991.68,6619.74,17918332.0,90211185.8,442192128
2847.7,S,50,46996.46,6621.57,17918332.0,90211479.3,442193017
2848.7,S,50,47011.24,6626.68,17918332.0,90211479.6,442193061
2849.7,S,50,47025.72,6631.94,17918332.0,90211524.8,442193161
2850.7,S,48,47033.57,6634.83,17918332.0,90211725.7,442193776
2851.7,S,48,47046.34,6639.91,17918332.0,90211725.9,442193778
2852.7,S,47,47059.02,6644.94,17918332.0,90211774.3,442193858
2853.7,S,55,47074.13,6649.54,17918332.0,90211877.0,442193969
2854.7,S,55,47094.94,6654.67,17918332.0,90211877.3,442194027
2855.7,S,53,47111.56,6659.34,17918332.0,90212100.8,442194493
2856.7,S,47,47123.26,6663.37,17918332.0,90212367.7,442194979
2857.7,S,51,47135.20,6666.97,17918332.0,90212742.1,442195302
2858.7,S,51,47152.22,6671.86,17918332.0,90212743.6,442195314
2859.7,S,47,47165.76,6676.41,17918332.0,90212934.6,442195596
2860.7,S,47,47178.20,6681.27,17918332.1,90213037.9,442195690
2861.7,S,47,47191.88,6686.48,17918332.1,90213038.0,442195695
2862.7,S,47,47204.34,6691.23,17918332.1,90213046.0,442195805
2863.7,S,47,47214.57,6694.67,17918332.1,90213167.4,442196156
2864.7,S,47,47225.62,6698.75,17918332.1,90213772.3,442196920
2865.7,S,47,47238.37,6703.90,17918335.6,90213773.3,442196951
2866.7,S,47,47250.67,6709.03,17918336.5,90213858.4,442197042
2867.7,S,47,47263.06,6714.26,17918336.5,90213926.8,442197122
2868.7,S,47,47273.94,6718.43,17918336.5,90213944.4,442197295
2869.7,S,47,47286.66,6723.59,17918336.5,90213944.6,442197295
2870.7,S,47,47299.26,6728.83,17918336.5,90213999.4,442197384
2871.7,S,50,47311.75,6733.64,17918336.5,90214058.9,442197478
2872.7,S,50,47326.46,6738.85,17918336.5,90214060.0,442197483
2873.7,S,48,47337.75,6743.16,17918336.5,90214203.2,442197924
2874.7,S,48,47349.69,6748.03,17918336.5,90214272.0,442198037
2875.7,S,48,47362.27,6753.25,17918336.5,90214286.3,442198108
2876.7,S,47,47373.04,6757.52,17918336.5,90214388.3,442198375
2877.7,S,55,47391.93,6762.30,17918336.5,90214443.5,442198494
2878.7,S,55,47412.63,6767.33,17918336.5,90214650.6,442198675
2879.7,S,47,47427.55,6771.93,17918336.5,90215032.2,442199016
2880.7,S,51,47442.61,6776.46,17918336.5,90215135.1,442199106
2881.7,S,51,47459.45,6781.55,17918336.5,90215135.3,442199111
2882.7,S,47,47469.92,6785.50,17918336.5,90215326.5,442199605
2883.7,S,47,47481.46,6789.67,17918336.5,90215429.4,442199796
2884.7,S,47,47495.02,6794.96,17918336.5,90215430.2,442199797
2885.7,S,47,47508.50,6800.35,17918336.5,90215430.4,442199807
2886.7,S,47,47521.05,6805.02,17918336.5,90215533.3,442199903
2887.7,S,47,47534.13,6810.30,17918336.5,90215691.1,442200431
2888.7,S,47,47544.93,6814.62,17918336.5,90215790.7,442200701
2889.7,S,47,47556.47,6819.21,17918336.5,90215827.7,442200791
2890.7,S,47,47569.33,6824.12,17918336.5,90215828.7,442200796
2891.7,S,47,47578.67,6827.62,17918336.5,90215931.8,442201101
2892.7,S,47,47591.46,6832.64,17918336.5,90215932.1,442201105
2893.7,S,47,47604.24,6837.69,17918336.5,90215937.2,442201124
2894.7,S,50,47614.70,6841.47,17918336.5,90216225.6,442201490
2895.7,S,50,47629.39,6846.69,17918336.5,90216225.8,442201492
2896.7,S,48,47642.71,6851.75,17918336.5,90216369.1,442201854
2897.7,S,48,47653.98,6856.16,17918336.5,90216471.9,442201985
2898.7,S,48,47666.64,6861.34,17918336.5,90216519.8,442202042
2899.7,S,55,47680.07,6865.87,17918336.5,90216623.2,442202158
2900.7,S,55,47700.92,6870.93,17918336.5,90216623.5,442202180
2901.7,S,55,47720.93,6875.96,17918336.5,90216730.6,442202390
2902.7,S,47,47733.86,6880.01,17918336.5,90217104.8,442202907
2903.7,S,47,47741.46,6883.11,17918336.5,90217488.3,442203327
2904.7,S,47,47754.03,6888.31,17918336.5,90217489.3,442203338
2905.7,S,47,47764.54,6892.22,17918336.5,90217585.3,442203553
2906.7,S,51,47781.00,6897.16,17918336.5,90217592.2,442203592
2907.7,S,51,47797.85,6902.22,17918336.5,90217593.5,442203603
2908.7,S,47,47809.93,6906.66,17918336.5,90217887.0,442203968
2909.7,S,47,47823.53,6911.85,17918336.5,90217924.4,442204113
2910.7,S,47,47836.12,6917.06,17918336.5,90218077.7,442204459
2911.7,S,47,47845.27,6920.59,17918336.5,90218180.4,442204777
2912.7,S,47,47857.84,6925.80,17918336.5,90218181.0,442204781
2913.7,S,47,47870.63,6930.81,17918336.5,90218181.2,442204787
2914.7,S,47,47880.43,6934.66,17918336.5,90218284.4,442205038
2915.7,S,47,47893.01,6939.94,17918336.5,90218284.9,442205070
2916.7,S,50,47904.78,6944.52,17918336.5,90218387.7,442205167
2917.7,S,50,47920.73,6949.47,17918336.5,90218387.9,442205195
2918.7,S,50,47936.28,6954.69,17918336.5,90218428.7,442205289
2919.7,S,48,47946.20,6958.45,17918336.5,90218824.1,442206044
2920.7,S,48,47959.02,6963.44,17918336.5,90218824.4,442206054
2921.7,S,47,47971.58,6968.53,17918336.5,90218872.8,442206169
2922.7,S,47,47977.22,6970.25,17918336.5,90218913.8,442206843
2923.7,S,47,47979.12,6970.28,17918336.5,90218924.7,442207806
2924.7,S,47,47980.10,6970.31,17918336.5,90218936.3,442208843
2925.7,S,47,47981.39,6970.35,17918336.5,90218947.4,442209845
2926.7,S,55,47984.14,6970.92,17918336.5,90219291.7,442210843
2927.7,S,55,48004.05,6976.19,17918336.5,90219357.7,442210909
2928.7,S,55,48023.32,6981.18,17918336.5,90219453.1,442211005
2929.7,S,47,48036.09,6985.52,17918336.5,90219797.1,442211308
2930.7,S,51,48052.22,6990.41,17918336.5,90219842.1,442211349
2931.7,S,51,48069.03,6995.51,17918336.5,90219846.8,442211364
2932.7,S,47,48081.09,6999.98,17918336.5,90220265.3,442212159
2933.7,S,47,48092.96,7004.96,17918336.5,90220328.8,442212220
2934.7,S,47,48105.68,7010.10,17918336.5,90220329.1,442212224
2935.7,S,47,48115.40,7013.94,17918336.5,90220431.8,442212483
2936.7,S,47,48128.17,7019.00,17918336.5,90220432.1,442212498
2937.7,S,47,48140.96,7023.97,17918336.5,90220433.3,442212499
2938.7,S,47,48152.48,7028.57,17918336.5,90220536.5,442212604
2939.7,S,47,48165.18,7033.67,17918336.5,90220536.7,442212610
2940.7,S,47,48176.04,7038.34,17918336.5,90220639.5,442212744
2941.7,S,47,48188.95,7043.31,17918336.5,90220639.7,442212752
2942.7,S,47,48201.74,7048.41,17918336.5,90220640.2,442212760
2943.7,S,50,48207.31,7050.23,17918336.5,90220925.4,442213502
2944.7,S,50,48222.00,7055.43,17918336.5,90220933.8,442213567
2945.7,S,50,48235.18,7060.23,17918336.5,90221027.9,442213813
2946.8,S,48,48244.19,7063.58,17918336.5,90221085.0,442214259
2947.8,S,45,48254.98,7067.79,17918336.5,90221179.9,442214384
2948.8,S,31,48258.88,7068.98,17918336.5,90221204.8,442215298
2949.8,S,31,48258.88,7069.03,17918336.5,90221228.3,442216251
2950.8,D,30,48258.98,7069.17,17918336.5,90221248.5,442217076
2951.8,D,30,48258.98,7069.18,17918336.5,90221274.2,442218075
2952.8,S,3,48258.99,7070.09,17918336.5,90221433.4,442218548
