t_s,state,nthreads,utime_s,stime_s,disk_r_mb,disk_w_mb,disk_io_ms
0.0,R,1,0.00,0.00,17765727.5,85015735.3,433070017
1.0,S,42,9.58,4.25,17765727.5,85015736.8,433070038
2.0,S,42,20.32,9.40,17765727.5,85015736.9,433070040
3.0,S,42,31.21,14.38,17765727.5,85015737.2,433070042
4.0,S,42,41.88,19.54,17765727.5,85015737.6,433070044
5.0,S,42,52.54,24.72,17765727.5,85015737.9,433070047
6.0,S,46,63.18,29.56,17765727.5,85015851.7,433070148
7.0,S,42,75.80,34.67,17765727.5,85015912.4,433070206
8.0,S,46,87.88,39.25,17765727.5,85015977.0,433070267
9.0,S,43,101.47,44.36,17765727.5,85016058.0,433070347
10.0,S,47,115.23,48.89,17765727.5,85016142.4,433070425
11.0,S,43,130.08,53.61,17765727.5,85016326.5,433070601
12.0,S,43,143.07,58.53,17765727.5,85016326.7,433070603
13.0,S,47,158.54,63.48,17765727.5,85016424.5,433070698
14.0,S,45,174.56,68.96,17765727.5,85016593.7,433070850
15.0,S,45,189.58,73.81,17765727.5,85016594.1,433070854
16.0,S,48,204.23,78.50,17765727.5,85016749.6,433070997
17.0,S,44,219.86,83.67,17765727.5,85016837.1,433071078
18.0,S,43,232.55,88.61,17765727.5,85017029.7,433071246
19.0,S,52,251.24,93.00,17765727.5,85017130.8,433071344
20.0,S,48,269.06,98.05,17765727.5,85017223.8,433071430
21.0,S,48,286.81,103.26,17765727.5,85017224.1,433071433
22.0,S,51,305.12,107.53,17765727.5,85017372.5,433071564
23.0,S,47,323.41,112.61,17765727.5,85017526.2,433071712
24.0,S,42,336.13,117.76,17765727.5,85017858.1,433072002
25.0,S,55,356.19,122.51,17765727.5,85017964.3,433072104
26.0,S,51,380.27,127.31,17765727.5,85018062.8,433072190
27.0,S,51,401.39,132.15,17765727.5,85018063.8,433072200
28.0,S,54,420.80,136.77,17765727.5,85018203.8,433072328
29.0,S,52,443.14,141.52,17765727.5,85018398.5,433072508
30.0,S,47,456.42,145.17,17765727.5,85018650.8,433072961
31.0,S,42,462.73,148.02,17765727.5,85018879.3,433073595
32.0,S,55,482.76,152.59,17765727.5,85018982.5,433073689
33.0,S,53,506.82,157.36,17765727.5,85019031.5,433073739
34.0,S,51,527.83,162.53,17765727.5,85019079.5,433073783
35.0,S,50,547.65,167.79,17765727.5,85019114.1,433073814
36.0,S,53,568.76,172.39,17765727.5,85019282.1,433073962
37.0,S,45,587.02,177.41,17765727.5,85019701.8,433074326
38.0,S,51,603.23,182.47,17765727.5,85019897.4,433074511
39.0,S,55,625.09,186.85,17765727.5,85020001.2,433074613
40.0,S,53,649.12,191.59,17765727.5,85020105.7,433074703
41.0,S,50,669.15,196.46,17765727.5,85020163.4,433074764
42.0,S,50,688.32,201.44,17765727.5,85020251.9,433074845
43.0,S,51,708.85,206.00,17765727.5,85020485.3,433075056
44.0,S,47,722.74,210.77,17765727.5,85020904.5,433075420
45.0,S,47,739.35,216.09,17765727.5,85020905.3,433075425
46.0,S,51,757.74,220.68,17765727.5,85021008.4,433075518
47.0,S,47,775.81,225.62,17765727.5,85021104.4,433075614
48.0,S,47,792.53,230.69,17765727.5,85021304.2,433075783
49.0,S,47,806.97,235.01,17765727.5,85021579.6,433076031
50.0,S,42,820.77,239.83,17765727.5,85021690.9,433076134
51.0,S,42,832.57,244.90,17765727.5,85021691.4,433076136
52.0,S,46,846.26,249.30,17765727.5,85021794.5,433076233
53.0,S,42,858.97,254.27,17765727.5,85021913.8,433076339
54.0,S,46,869.62,258.90,17765727.5,85022059.5,433076476
55.0,S,46,884.91,263.90,17765727.5,85022131.6,433076541
56.0,S,42,897.35,268.73,17765727.5,85022156.2,433076571
57.0,S,56,910.19,273.25,17765727.5,85022318.2,433076726
58.0,S,53,934.75,277.86,17765727.5,85022390.6,433076789
59.0,S,52,956.86,282.89,17765727.5,85022416.0,433076817
60.0,S,52,979.00,287.72,17765727.5,85022416.2,433076819
61.0,S,56,994.44,289.63,17765727.5,85022687.3,433077533
62.0,S,52,1018.07,294.28,17765727.5,85023020.2,433077824
63.0,S,42,1032.23,299.36,17765727.5,85023322.8,433078098
64.0,S,46,1043.80,303.90,17765727.5,85023425.8,433078191
65.0,S,42,1058.67,308.89,17765727.5,85023523.0,433078287
66.0,S,42,1070.36,314.07,17765727.5,85023523.8,433078293
67.0,S,46,1083.04,318.68,17765727.5,85023691.4,433078444
68.0,S,42,1096.37,323.61,17765727.5,85023787.3,433078529
69.0,S,42,1108.24,328.56,17765727.5,85023787.6,433078532
70.0,S,46,1122.51,333.16,17765727.5,85023890.7,433078626
71.0,S,42,1134.49,338.07,17765727.5,85024038.6,433078765
72.0,S,61,1155.26,342.58,17765727.5,85024154.6,433078874
73.1,S,61,1185.83,347.37,17765727.5,85024155.0,433078879
74.1,S,57,1214.25,351.90,17765727.5,85024251.1,433078966
75.1,S,57,1241.51,356.51,17765727.5,85024361.4,433079063
76.1,S,57,1267.07,360.58,17765727.5,85024591.3,433079274
77.1,S,60,1296.57,365.08,17765727.5,85024671.7,433079346
78.1,S,57,1321.70,369.61,17765727.5,85024767.3,433079896
79.1,S,42,1329.38,373.42,17765727.5,85025536.6,433080800
80.1,S,46,1340.97,378.27,17765727.5,85025639.8,433080897
81.1,S,42,1355.39,383.24,17765727.5,85025736.8,433080988
82.1,S,42,1367.21,388.27,17765727.5,85025737.4,433080990
83.1,S,46,1380.53,392.82,17765727.5,85025840.3,433081085
84.1,S,42,1393.69,397.74,17765727.5,85026000.6,433081237
85.1,S,46,1404.33,402.30,17765727.5,85026103.6,433081330
86.1,S,46,1419.81,407.23,17765727.5,85026175.6,433081393
87.1,S,42,1432.09,412.14,17765727.5,85026200.7,433081420
88.1,S,61,1444.58,416.57,17765727.5,85026370.4,433081579
89.1,S,58,1474.41,421.32,17765727.5,85026466.1,433081664
90.1,S,57,1501.99,425.78,17765727.5,85026467.5,433081668
91.1,S,57,1529.53,430.11,17765727.5,85026467.8,433081678
92.1,S,61,1557.71,434.38,17765727.5,85026686.8,433081874
93.1,S,57,1587.67,439.14,17765727.5,85026841.6,433082018
94.1,S,57,1615.34,443.38,17765727.5,85026842.3,433082021
95.1,S,57,1642.41,448.13,17765727.5,85026945.2,433082112
96.1,S,59,1667.38,451.86,17765727.5,85027296.1,433082427
97.1,S,59,1693.63,456.76,17765727.5,85027445.8,433083288
98.1,S,42,1700.19,460.12,17765727.5,85028352.2,433084120
99.1,S,46,1711.04,464.62,17765727.5,85028456.3,433084216
100.1,S,46,1726.26,469.65,17765727.5,85028535.3,433084283
101.1,S,42,1737.99,474.70,17765727.5,85028552.7,433084303
102.1,S,42,1745.01,477.68,17765727.5,85028597.7,433084726
103.1,S,46,1752.30,479.90,17765727.5,85028719.4,433085262
104.1,S,42,1766.16,484.66,17765727.5,85028815.5,433085347
105.1,S,42,1777.39,489.57,17765727.5,85028867.6,433085394
106.1,S,46,1792.36,494.44,17765727.5,85028919.0,433085443
107.1,S,42,1804.06,499.41,17765727.5,85029079.4,433085586
108.1,S,46,1815.86,503.98,17765727.5,85029183.0,433085676
109.1,S,42,1830.32,508.88,17765727.5,85029279.3,433085763
110.1,S,42,1842.13,513.95,17765727.5,85029279.7,433085766
111.1,S,46,1855.13,518.59,17765727.5,85029382.4,433085864
112.1,S,42,1868.58,523.67,17765727.5,85029542.9,433086020
113.1,S,42,1880.36,528.68,17765727.5,85029569.9,433086051
114.1,S,61,1900.67,533.31,17765727.5,85029675.0,433086145
115.1,S,57,1929.09,538.03,17765727.5,85029771.5,433086233
116.1,S,57,1956.25,542.77,17765727.5,85029772.3,433086235
117.1,S,61,1982.36,547.09,17765727.5,85029875.1,433086329
118.1,S,61,2012.75,551.82,17765727.5,85030001.0,433086440
119.1,S,57,2041.11,556.34,17765727.5,85030097.2,433086526
120.1,S,57,2068.18,561.12,17765727.5,85030229.5,433086645
121.1,S,57,2095.15,565.92,17765727.5,85030458.7,433086842
122.1,S,61,2123.62,570.05,17765727.5,85030651.5,433087014
123.1,S,57,2152.06,574.70,17765727.5,85030747.6,433087107
124.1,S,57,2178.43,579.36,17765727.5,85030892.0,433087616
125.1,S,56,2203.47,584.13,17765727.5,85031144.1,433088077
126.1,S,57,2226.93,588.37,17765727.5,85031838.7,433088675
127.1,S,42,2241.90,593.17,17765727.5,85032467.0,433089239
128.1,S,42,2253.82,598.22,17765727.5,85032468.0,433089243
129.1,S,46,2267.00,602.68,17765727.5,85032571.2,433089340
130.1,S,42,2279.98,607.63,17765727.5,85032668.7,433089425
131.1,S,42,2291.75,612.66,17765727.5,85032733.2,433089485
132.1,S,46,2306.30,616.95,17765727.5,85032836.0,433089581
133.1,S,42,2318.05,621.86,17765727.5,85032932.2,433089667
134.1,S,46,2330.03,626.40,17765727.5,85033035.2,433089760
135.1,S,43,2344.14,631.38,17765727.5,85033189.8,433090116
136.1,S,42,2355.87,636.54,17765727.5,85033196.3,433090672
137.1,S,46,2368.94,641.14,17765727.5,85033299.3,433090765
138.1,S,42,2382.22,646.02,17765727.5,85033395.5,433090853
139.1,S,42,2393.96,651.10,17765727.5,85033460.3,433090910
140.1,S,46,2408.20,655.65,17765727.5,85033563.2,433091006
141.1,S,42,2420.31,660.38,17765727.5,85033659.7,433091101
142.1,S,46,2431.66,665.09,17765727.5,85033804.1,433091234
143.1,S,61,2461.06,669.80,17765727.5,85033805.0,433091238
144.1,S,57,2488.80,674.47,17765727.5,85033900.9,433091326
145.1,S,57,2516.32,678.82,17765727.5,85033901.6,433091329
146.1,S,61,2543.95,683.05,17765727.5,85034044.0,433091461
147.1,S,59,2573.40,687.75,17765727.5,85034187.9,433091586
148.1,S,57,2600.73,692.47,17765727.5,85034236.1,433091634
149.1,S,57,2627.87,697.15,17765727.5,85034370.6,433091760
150.1,S,61,2655.44,701.30,17765727.5,85034551.6,433091920
151.1,S,61,2685.23,706.08,17765727.5,85034686.8,433092038
152.1,S,57,2712.53,710.51,17765727.5,85034783.6,433092128
153.1,S,57,2739.62,715.18,17765727.5,85035030.8,433092338
154.1,S,57,2760.65,718.08,17765727.5,85035639.7,433092859
155.1,S,61,2771.20,719.44,17765727.5,85035966.0,433093754
156.1,S,57,2799.42,723.97,17765727.5,85036296.6,433094042
157.1,S,56,2826.16,728.77,17765727.5,85036337.5,433094078
158.1,S,55,2851.81,733.41,17765727.5,85036381.1,433094120
159.1,S,52,2871.30,737.63,17765727.5,85037019.8,433094770
160.1,S,45,2884.79,741.96,17765727.5,85037400.1,433095681
161.1,S,42,2896.51,747.61,17765727.5,85037449.1,433095729
162.1,S,46,2908.57,752.21,17765727.5,85037552.2,433095822
163.1,S,42,2922.65,757.08,17765727.5,85037648.1,433095916
164.1,S,42,2934.28,762.27,17765727.5,85037682.3,433095944
165.1,S,46,2947.59,766.87,17765727.5,85037817.4,433096065
166.1,S,42,2960.20,771.94,17765727.5,85037937.2,433096183
167.1,S,46,2970.99,776.44,17765727.5,85038040.3,433096279
168.1,S,46,2986.43,781.47,17765727.5,85038088.5,433096325
169.1,S,42,2998.48,786.69,17765727.5,85038137.2,433096371
170.1,S,46,3009.95,790.82,17765727.5,85038304.6,433096523
171.1,S,42,3024.33,795.62,17765727.5,85038400.7,433096608
172.1,S,42,3036.03,800.76,17765727.5,85038401.1,433096611
173.1,S,46,3049.41,805.11,17765727.5,85038504.6,433096711
174.1,S,42,3062.11,809.93,17765727.5,85038665.6,433096856
175.1,S,42,3072.95,814.55,17765727.5,85038761.3,433096942
176.1,S,46,3088.28,819.45,17765727.5,85038820.2,433096994
177.1,S,42,3099.78,824.56,17765727.5,85038914.9,433097080
178.1,S,61,3114.92,829.21,17765727.5,85039019.0,433097177
179.1,S,61,3145.74,834.00,17765727.5,85039020.2,433097178
180.1,S,57,3173.76,838.12,17765727.5,85039116.3,433097264
181.1,S,57,3200.96,842.78,17765727.5,85039116.8,433097269
182.1,S,61,3227.98,847.04,17765727.5,85039219.6,433097371
183.1,S,61,3258.32,851.72,17765727.5,85039312.9,433097774
184.1,S,57,3284.55,856.15,17765727.5,85039468.5,433098370
185.1,S,57,3311.61,860.90,17765727.5,85039604.2,433098483
186.1,S,61,3338.18,865.32,17765727.5,85039799.3,433098663
187.1,S,61,3368.65,870.09,17765727.5,85039892.7,433098744
188.2,S,57,3396.85,874.61,17765727.5,85039988.9,433098828
189.2,S,57,3424.20,879.13,17765727.5,85040057.3,433098890
190.2,S,57,3448.41,883.24,17765727.5,85040594.1,433099353
191.2,S,61,3471.67,886.58,17765727.5,85041373.2,433100012
192.2,S,57,3500.46,891.32,17765727.5,85041469.4,433100101
193.2,S,57,3527.87,895.80,17765727.5,85041469.6,433100104
194.2,S,57,3555.07,900.52,17765727.5,85041470.2,433100108
195.2,S,61,3582.30,904.97,17765727.5,85041611.5,433100587
196.6,S,56,3618.60,910.69,17765727.5,85042231.7,433101516
197.6,S,56,3639.20,913.38,17765727.5,85042231.8,433101518
198.6,S,50,3655.60,916.21,17765727.5,85042979.2,433102159
199.6,S,42,3666.04,919.34,17765727.5,85043425.0,433102542
200.6,S,46,3676.89,924.30,17765727.5,85043529.5,433102643
201.6,S,42,3691.58,929.13,17765727.5,85043627.2,433102735
202.6,S,42,3703.48,934.07,17765727.5,85043627.4,433102737
203.6,S,46,3716.28,938.76,17765727.5,85043730.2,433102828
204.6,S,42,3729.41,943.60,17765727.5,85043890.7,433102982
205.6,S,42,3741.01,948.81,17765727.5,85043891.3,433102986
206.6,S,46,3746.87,950.51,17765727.5,85043994.2,433103648
207.6,S,43,3761.22,955.59,17765727.5,85044086.2,433103732
208.6,S,42,3772.83,960.77,17765727.5,85044155.2,433103793
209.6,S,46,3786.64,965.32,17765727.5,85044258.1,433103887
210.6,S,42,3798.92,970.37,17765727.5,85044354.6,433103972
211.6,S,46,3810.15,974.82,17765727.5,85044457.5,433104067
212.6,S,42,3824.97,979.84,17765727.5,85044618.4,433104209
213.6,S,42,3836.62,985.05,17765727.5,85044638.3,433104231
214.6,S,46,3848.71,989.78,17765727.5,85044741.6,433104331
215.6,S,42,3862.59,994.89,17765727.5,85044837.5,433104417
216.6,S,42,3874.51,999.82,17765727.5,85044838.1,433104419
217.6,S,46,3888.15,1004.44,17765727.5,85044941.6,433104510
218.6,S,42,3900.69,1009.49,17765727.5,85045102.4,433104669
219.6,S,46,3911.56,1014.03,17765727.5,85045205.3,433104773
220.6,S,44,3927.49,1018.70,17765727.5,85045292.5,433104849
221.6,S,42,3939.27,1023.82,17765727.5,85045301.8,433104858
222.6,S,46,3951.06,1028.25,17765727.5,85045469.5,433105010
223.6,S,42,3964.75,1033.16,17765727.5,85045565.7,433105094
224.6,S,42,3976.67,1038.08,17765727.5,85045566.0,433105099
225.6,S,46,3990.36,1042.65,17765727.5,85045668.8,433105193
226.6,S,42,4003.00,1047.43,17765727.5,85045858.6,433105367
227.6,S,46,4014.01,1052.05,17765727.5,85045961.5,433105463
228.6,S,43,4029.34,1056.81,17765727.5,85046057.6,433105548
229.6,S,42,4036.55,1059.30,17765727.5,85046113.8,433105600
230.6,S,42,4043.68,1061.95,17765727.5,85046114.5,433105614
231.6,S,57,4062.49,1064.65,17765727.5,85046115.6,433105621
232.6,S,57,4083.75,1067.28,17765727.5,85046116.1,433105625
233.6,S,57,4105.07,1069.95,17765727.5,85046117.5,433105631
234.6,S,57,4126.30,1072.68,17765727.5,85046148.9,433105660
235.6,S,57,4146.70,1074.33,17765727.5,85046165.1,433105676
236.6,S,61,4165.82,1075.23,17765727.5,85046335.2,433105991
237.6,S,61,4188.55,1076.15,17765727.7,85046419.9,433106066
238.6,S,57,4207.35,1077.08,17765727.7,85046614.6,433106338
239.6,S,57,4224.97,1077.93,17765727.7,85046648.9,433107340
240.6,S,57,4242.81,1078.89,17765727.7,85046869.6,433108231
241.6,S,57,4254.79,1080.20,17765727.7,85048037.3,433109228
242.6,S,57,4273.22,1081.09,17765727.7,85048230.4,433109400
243.6,S,57,4291.79,1082.00,17765727.7,85048230.6,433109402
244.6,S,57,4310.26,1082.99,17765727.7,85048360.1,433109514
245.6,S,57,4328.88,1083.88,17765727.7,85048410.4,433109569
246.6,S,57,4347.42,1084.84,17765727.7,85048471.8,433109625
247.6,S,57,4365.98,1085.77,17765727.7,85048472.0,433109627
248.6,S,57,4384.17,1086.85,17765727.7,85048915.9,433110018
249.6,S,57,4402.73,1087.84,17765727.7,85048975.5,433110074
250.6,S,56,4420.57,1088.91,17765727.7,85049335.3,433110392
251.6,S,56,4436.91,1090.06,17765727.7,85050095.7,433111125
252.6,S,56,4452.85,1091.03,17765727.7,85050240.6,433111895
253.6,S,48,4468.02,1092.09,17765727.7,85050668.1,433112260
254.6,S,43,4474.72,1092.93,17765727.7,85050892.1,433112453
255.6,S,46,4481.74,1093.85,17765727.7,85051040.4,433112592
256.6,S,42,4491.86,1095.86,17765727.7,85051218.9,433112758
257.6,S,42,4500.66,1097.52,17765727.7,85051220.1,433112765
258.6,S,42,4509.42,1098.94,17765727.7,85051220.3,433112768
259.6,S,42,4517.92,1100.30,17765727.7,85051285.1,433112826
260.6,S,42,4526.57,1101.74,17765727.7,85051285.5,433112829
261.6,S,42,4534.96,1103.10,17765727.7,85051360.6,433112894
262.6,S,46,4545.17,1104.61,17765727.7,85051383.8,433112922
263.6,S,42,4555.53,1106.01,17765727.7,85051544.3,433113066
264.6,S,42,4564.30,1107.49,17765727.7,85051544.5,433113068
265.6,S,42,4572.99,1108.97,17765727.7,85051545.2,433113072
266.6,S,42,4581.63,1110.39,17765727.7,85051545.4,433113074
267.6,S,42,4590.28,1111.84,17765727.7,85051678.7,433113193
268.6,S,42,4599.06,1113.26,17765727.7,85051679.1,433113196
269.6,S,46,4610.24,1114.72,17765727.7,85051707.1,433113234
270.6,S,42,4619.68,1116.23,17765727.7,85051803.1,433113322
271.6,S,42,4628.19,1117.70,17765727.7,85051868.4,433113378
272.6,S,42,4636.84,1119.17,17765727.7,85051868.6,433113379
273.6,S,42,4645.51,1120.56,17765727.7,85051868.9,433113381
274.6,S,42,4654.16,1121.88,17765727.7,85051869.4,433113384
275.6,S,42,4662.40,1123.25,17765727.7,85051934.1,433113443
276.6,S,46,4673.62,1124.89,17765727.7,85051969.1,433113481
277.6,S,42,4683.23,1126.20,17765727.7,85052065.4,433113573
278.6,S,42,4692.13,1127.61,17765727.7,85052065.6,433113576
279.6,S,42,4700.83,1129.06,17765727.7,85052130.5,433113635
280.6,S,42,4709.36,1130.55,17765727.7,85052130.8,433113639
281.6,S,42,4717.98,1132.20,17765727.7,85052153.6,433113663
282.6,S,46,4726.06,1133.53,17765727.7,85052256.4,433113765
283.6,S,46,4738.10,1135.17,17765727.7,85052328.5,433113830
284.6,S,42,4746.91,1136.61,17765727.7,85052353.3,433113855
285.6,S,42,4755.04,1137.99,17765727.7,85052414.6,433114547
286.6,S,42,4763.74,1139.36,17765727.7,85052418.3,433114554
287.6,S,42,4772.43,1140.73,17765727.7,85052418.5,433114557
288.6,S,42,4781.12,1142.19,17765727.7,85052418.8,433114558
289.6,S,46,4789.74,1143.60,17765727.7,85052572.5,433114692
290.6,S,43,4801.60,1145.21,17765727.7,85052660.1,433114771
291.6,S,42,4810.35,1146.69,17765727.7,85052683.0,433114801
292.7,S,42,4819.15,1148.10,17765727.7,85052683.6,433114806
293.7,S,42,4827.99,1149.50,17765727.7,85052743.9,433114857
294.7,S,42,4836.98,1150.86,17765727.7,85052748.5,433114865
295.7,S,42,4845.63,1152.29,17765727.7,85052748.7,433114868
296.7,S,46,4855.02,1153.93,17765727.7,85052851.6,433114968
297.7,S,42,4865.55,1155.52,17765727.7,85052947.5,433115058
298.7,S,42,4874.08,1156.95,17765727.7,85053012.2,433115115
299.7,S,42,4882.92,1158.35,17765727.7,85053012.4,433115117
300.7,S,42,4891.55,1159.64,17765727.7,85053012.7,433115121
301.7,S,42,4900.16,1161.26,17765727.7,85053066.2,433115174
302.7,S,42,4908.71,1162.68,17765727.7,85053067.2,433115179
303.7,S,46,4919.08,1164.19,17765727.7,85053170.0,433115274
304.7,S,42,4929.04,1165.74,17765727.7,85053266.0,433115362
305.7,S,42,4937.75,1167.29,17765727.7,85053330.7,433115418
306.7,S,42,4946.52,1168.64,17765727.7,85053331.0,433115421
307.7,S,42,4955.23,1170.10,17765727.7,85053331.7,433115424
308.7,S,42,4964.02,1171.46,17765727.7,85053331.9,433115429
309.7,S,42,4972.75,1172.91,17765727.7,85053396.6,433115496
310.7,S,46,4983.74,1174.32,17765727.7,85053499.6,433115590
311.7,S,42,4993.20,1175.65,17765727.7,85053595.6,433115677
312.7,S,42,5001.80,1177.06,17765727.7,85053595.8,433115682
313.7,S,42,5010.57,1178.39,17765727.7,85053661.0,433115738
314.7,S,42,5019.21,1179.93,17765727.7,85053661.3,433115743
315.7,S,42,5027.93,1181.35,17765727.7,85053661.5,433115746
316.7,S,42,5036.72,1182.54,17765727.7,85053661.8,433115751
317.7,S,46,5047.54,1184.09,17765727.7,85053828.7,433115899
318.7,S,42,5056.72,1185.60,17765727.7,85053924.9,433115986
319.7,S,42,5065.33,1187.10,17765727.7,85053925.0,433115986
320.7,S,42,5074.13,1188.54,17765727.7,85053925.3,433115989
321.7,S,42,5082.71,1189.98,17765727.7,85053990.1,433116061
322.7,S,42,5091.46,1191.40,17765727.7,85054014.4,433116087
323.7,S,42,5099.41,1192.77,17765727.7,85054098.1,433116164
324.7,S,46,5111.58,1194.52,17765727.7,85054118.7,433116186
325.7,S,42,5120.23,1195.97,17765727.7,85054214.5,433116273
326.7,S,42,5129.00,1197.33,17765727.7,85054214.8,433116278
327.7,S,42,5137.52,1198.74,17765727.7,85054279.5,433116335
328.7,S,42,5146.28,1200.15,17765727.7,85054279.8,433116338
329.7,S,42,5155.04,1201.60,17765727.7,85054280.4,433116341
330.7,S,46,5164.02,1203.08,17765727.7,85054383.2,433116438
331.7,S,42,5175.41,1204.69,17765727.7,85054543.5,433116579
332.7,S,42,5184.32,1205.97,17765727.7,85054543.8,433116583
333.7,S,42,5193.11,1207.31,17765727.7,85054544.0,433116585
334.7,S,42,5201.65,1208.77,17765727.7,85054544.3,433116589
335.7,S,42,5210.28,1210.19,17765727.7,85054609.5,433116653
336.7,S,42,5218.90,1211.60,17765727.7,85054609.8,433116657
337.7,S,42,5225.05,1212.49,17765727.7,85054676.0,433116987
338.7,S,46,5231.85,1213.33,17765727.7,85054777.5,433117526
339.7,S,42,5242.45,1214.89,17765727.7,85054873.7,433117617
340.7,S,42,5251.12,1216.34,17765727.7,85054874.3,433117618
341.7,S,42,5259.86,1217.75,17765727.7,85054874.5,433117619
342.7,S,42,5268.50,1219.33,17765727.7,85054933.8,433117673
343.7,S,57,5281.99,1220.80,17765727.7,85054934.8,433117678
344.7,S,61,5304.77,1222.06,17765727.7,85055037.7,433117772
345.7,S,61,5331.88,1223.28,17765727.7,85055039.4,433117774
346.7,S,57,5356.56,1224.67,17765727.7,85055135.5,433117862
347.7,S,57,5380.45,1226.17,17765727.7,85055178.8,433117903
348.7,S,57,5403.72,1227.52,17765727.7,85055240.8,433117960
349.7,S,57,5426.93,1228.97,17765727.7,85055378.3,433118079
350.7,S,61,5452.10,1230.27,17765727.7,85055553.7,433118238
351.7,S,57,5476.45,1231.52,17765727.7,85055744.7,433118416
352.7,S,57,5495.06,1232.55,17765727.7,85055919.0,433118576
353.7,S,57,5513.89,1233.51,17765727.7,85056040.9,433118678
354.7,S,57,5526.39,1234.58,17765727.7,85056973.1,433119653
355.7,S,57,5534.23,1235.13,17765727.7,85057079.0,433120372
356.7,S,57,5553.86,1236.11,17765727.7,85057079.9,433120373
357.7,S,57,5572.84,1237.10,17765727.7,85057080.3,433120376
358.7,S,57,5591.03,1238.28,17765727.7,85057442.2,433120688
359.7,S,57,5609.98,1239.21,17765727.7,85057442.3,433120691
360.7,S,57,5628.59,1240.23,17765727.7,85057802.3,433121005
361.7,S,57,5647.27,1241.07,17765727.7,85057859.4,433121062
362.7,S,57,5666.03,1242.11,17765727.7,85057987.9,433121175
363.7,S,61,5684.77,1243.06,17765727.7,85058378.2,433121532
364.7,S,61,5706.01,1243.71,17765727.7,85058666.4,433121777
365.7,S,56,5716.94,1244.43,17765727.7,85059273.2,433122621
366.7,S,56,5726.97,1245.15,17765727.7,85059353.4,433123152
367.7,S,55,5743.87,1245.98,17765727.7,85059483.2,433123266
368.7,S,49,5758.13,1246.85,17765727.7,85059907.2,433123627
369.7,S,42,5764.88,1248.65,17765727.7,85060300.4,433123979
370.7,S,42,5773.54,1250.28,17765727.7,85060301.7,433123986
371.7,S,42,5782.37,1251.66,17765727.7,85060301.9,433123987
372.7,S,42,5791.19,1253.09,17765727.7,85060302.2,433123988
373.7,S,42,5799.73,1254.57,17765727.7,85060355.1,433124039
374.7,S,46,5809.64,1255.94,17765727.7,85060375.5,433124067
375.7,S,42,5820.55,1257.32,17765727.7,85060471.6,433124159
376.7,S,42,5829.29,1258.63,17765727.7,85060471.8,433124160
377.7,S,42,5837.94,1260.09,17765727.7,85060536.4,433124225
378.7,S,42,5846.70,1261.46,17765727.7,85060536.9,433124230
379.7,S,42,5854.71,1262.71,17765727.7,85060667.3,433124343
380.7,S,42,5863.42,1264.19,17765727.7,85060667.6,433124347
381.7,S,46,5873.50,1265.67,17765727.7,85060675.2,433124364
382.7,S,42,5884.53,1267.16,17765727.7,85060771.4,433124451
383.7,S,42,5893.23,1268.58,17765727.7,85060836.0,433124511
384.7,S,42,5901.96,1269.96,17765727.7,85060924.8,433124589
385.7,S,42,5910.89,1271.35,17765727.7,85060925.0,433124592
386.7,S,42,5919.44,1272.72,17765727.7,85060925.3,433124597
387.7,S,42,5927.99,1274.20,17765727.7,85060989.9,433124653
388.7,S,46,5938.30,1275.62,17765727.7,85061004.7,433124679
389.7,S,42,5948.72,1277.21,17765727.7,85061100.7,433124766
390.7,S,42,5957.38,1278.49,17765727.7,85061101.0,433124771
391.7,S,42,5966.18,1279.92,17765727.7,85061165.6,433124830
392.7,S,42,5974.94,1281.41,17765727.7,85061165.9,433124833
393.7,S,42,5983.62,1282.78,17765727.7,85061166.1,433124836
394.7,S,42,5992.37,1284.15,17765727.7,85061260.2,433124918
395.7,S,46,6004.08,1285.73,17765727.7,85061334.8,433124988
396.7,S,42,6013.17,1287.04,17765727.7,85061431.0,433125074
397.7,S,42,6021.80,1288.44,17765727.7,85061431.2,433125075
398.7,S,42,6030.37,1289.88,17765727.7,85061431.5,433125078
399.7,S,42,6038.99,1291.43,17765727.7,85061491.3,433125134
400.7,S,42,6047.80,1292.76,17765727.7,85061491.7,433125137
401.7,S,46,6055.96,1294.14,17765727.7,85061623.4,433125259
402.7,S,46,6067.91,1295.80,17765727.7,85061695.5,433125329
403.7,S,42,6076.47,1297.28,17765727.7,85061784.1,433125414
404.7,S,42,6085.39,1298.63,17765727.7,85061784.4,433125417
405.7,S,42,6094.14,1299.91,17765727.7,85061784.7,433125418
406.7,S,42,6102.96,1301.28,17765727.7,85061785.7,433125424
407.7,S,42,6111.69,1302.78,17765727.7,85061850.2,433125480
408.7,S,42,6117.69,1303.81,17765727.7,85061944.5,433125794
409.7,S,46,6124.28,1304.70,17765727.7,85061953.2,433126256
410.7,S,42,6134.63,1306.25,17765727.7,85062049.1,433126345
411.7,S,42,6143.40,1307.67,17765727.7,85062049.7,433126346
412.7,S,42,6152.26,1308.94,17765727.7,85062114.4,433126402
413.7,S,42,6161.14,1310.24,17765727.7,85062114.6,433126403
414.7,S,42,6170.07,1311.68,17765727.7,85062114.9,433126405
415.7,S,42,6178.85,1313.19,17765727.7,85062115.1,433126408
416.7,S,46,6190.39,1314.69,17765727.7,85062282.8,433126556
417.7,S,42,6199.19,1316.05,17765727.7,85062379.0,433126646
418.8,S,42,6208.02,1317.41,17765727.7,85062379.3,433126650
419.8,S,42,6216.99,1318.82,17765727.7,85062379.4,433126652
420.8,S,42,6225.69,1320.31,17765727.7,85062440.0,433126710
421.8,S,42,6234.35,1321.75,17765727.7,85062440.4,433126715
422.8,S,46,6242.86,1323.24,17765727.7,85062543.8,433126812
423.8,S,42,6254.41,1324.79,17765727.7,85062639.6,433126895
424.8,S,42,6263.21,1326.18,17765727.7,85062704.7,433126954
425.8,S,42,6271.95,1327.59,17765727.7,85062705.0,433126958
426.8,S,42,6280.71,1328.91,17765727.7,85062705.5,433126963
427.8,S,42,6289.39,1330.44,17765727.7,85062706.0,433126965
428.8,S,42,6297.97,1331.84,17765727.7,85062770.7,433127020
429.8,S,46,6307.02,1333.22,17765727.7,85062873.8,433127115
430.8,S,42,6318.33,1334.75,17765727.7,85062969.8,433127211
431.8,S,42,6327.28,1336.17,17765727.7,85062970.1,433127216
432.8,S,42,6336.02,1337.55,17765727.7,85063034.8,433127274
433.8,S,42,6344.86,1338.82,17765727.7,85063035.5,433127278
434.8,S,42,6353.68,1340.16,17765727.7,85063035.9,433127280
435.8,S,42,6362.29,1341.63,17765727.7,85063036.3,433127283
436.8,S,46,6371.85,1343.09,17765727.7,85063203.5,433127434
437.8,S,42,6382.43,1344.58,17765727.7,85063299.4,433127518
438.8,S,42,6391.04,1346.13,17765727.7,85063326.5,433127547
439.8,S,42,6399.67,1347.47,17765727.7,85063326.8,433127552
440.8,S,42,6408.36,1348.95,17765727.7,85063327.4,433127555
441.8,S,42,6417.05,1350.30,17765727.7,85063327.7,433127558
442.8,S,42,6425.73,1351.81,17765727.7,85063392.3,433127613
443.8,S,46,6435.64,1353.26,17765727.7,85063495.2,433127710
444.8,S,42,6445.93,1354.77,17765727.7,85063591.7,433127800
445.8,S,42,6454.64,1356.19,17765727.7,85063592.0,433127804
446.8,S,42,6463.21,1357.63,17765727.7,85063656.9,433127861
447.8,S,42,6472.00,1359.03,17765727.7,85063657.2,433127863
448.8,S,42,6480.61,1360.54,17765727.7,85063657.4,433127865
449.8,S,42,6489.31,1361.95,17765727.7,85063657.9,433127870
450.8,S,46,6499.77,1363.49,17765727.7,85063822.2,433128018
451.8,S,42,6509.16,1365.01,17765727.7,85063918.6,433128115
452.8,S,42,6517.88,1366.48,17765727.7,85063919.0,433128121
453.8,S,42,6526.36,1367.93,17765727.7,85063919.1,433128122
454.8,S,42,6535.05,1369.28,17765727.7,85063983.8,433128177
455.8,S,42,6543.84,1370.68,17765727.7,85063984.5,433128183
456.8,S,42,6552.39,1372.09,17765727.7,85063985.1,433128187
457.8,S,46,6563.21,1373.52,17765727.7,85064088.0,433128283
458.8,S,42,6570.44,1374.77,17765727.7,85064233.1,433128935
459.8,S,42,6575.39,1375.65,17765727.7,85064248.5,433129242
460.8,S,42,6579.99,1376.47,17765727.7,85064248.9,433129245
461.8,S,42,6584.74,1377.23,17765727.7,85064249.1,433129248
462.8,S,42,6589.48,1378.04,17765727.7,85064249.6,433129251
463.8,S,42,6594.71,1378.86,17765727.7,85064308.4,433129305
464.8,S,57,6609.58,1379.91,17765727.7,85064309.3,433129309
465.8,S,57,6628.74,1380.90,17765727.7,85064309.6,433129313
466.8,S,57,6648.00,1381.94,17765727.7,85064404.0,433129393
467.8,S,57,6667.22,1383.02,17765727.7,85064446.1,433129432
468.8,S,57,6686.39,1384.12,17765727.7,85064557.7,433129529
469.8,S,57,6705.60,1385.22,17765727.7,85064701.0,433129656
470.8,S,57,6724.79,1386.31,17765727.7,85064861.9,433129792
471.8,S,61,6744.45,1387.31,17765727.7,85065018.3,433129948
472.8,S,58,6765.79,1388.10,17765727.7,85065446.2,433130317
473.8,S,57,6783.94,1389.00,17765727.7,85065707.8,433130539
474.8,S,57,6801.50,1389.94,17765727.7,85066292.2,433131039
475.8,S,57,6819.61,1390.80,17765727.7,85066425.0,433131158
476.8,S,57,6834.78,1391.47,17765727.7,85066530.4,433131440
477.8,S,57,6844.52,1392.17,17765727.7,85066687.8,433132173
478.8,S,57,6862.39,1393.00,17765727.7,85066935.6,433132392
479.8,S,57,6880.53,1393.79,17765727.7,85066990.9,433132439
480.8,S,57,6898.63,1394.65,17765727.7,85067105.0,433132540
481.8,S,57,6916.50,1395.56,17765727.7,85067211.8,433132639
482.8,S,57,6934.24,1396.33,17765727.7,85067535.8,433132931
483.8,S,57,6952.15,1397.22,17765727.7,85067714.8,433133095
484.8,S,57,6969.53,1398.07,17765727.7,85068194.8,433133499
485.8,S,56,6987.11,1398.90,17765727.7,85068500.1,433133762
486.8,S,56,7004.37,1399.77,17765727.7,85068500.5,433133764
487.8,S,54,7020.75,1400.75,17765727.7,85068800.1,433134022
488.8,S,54,7031.06,1401.71,17765727.7,85069327.4,433135002
489.8,S,42,7035.61,1402.52,17765727.7,85069685.9,433135307
490.8,S,42,7042.77,1404.40,17765727.7,85069700.5,433135327
491.8,S,46,7052.49,1405.77,17765727.7,85069721.1,433135354
492.8,S,42,7063.54,1407.29,17765727.7,85069817.1,433135443
493.8,S,42,7072.53,1408.63,17765727.7,85069817.3,433135446
494.8,S,42,7081.42,1409.98,17765727.7,85069883.9,433135509
495.9,S,42,7090.09,1411.29,17765727.7,85069886.8,433135516
496.9,S,42,7098.99,1412.58,17765727.7,85069887.1,433135520
497.9,S,42,7107.82,1413.97,17765727.7,85069887.3,433135521
498.9,S,46,7118.43,1415.47,17765727.7,85069926.9,433135570
499.9,S,42,7128.50,1417.01,17765727.7,85070087.8,433135723
500.9,S,42,7137.12,1418.50,17765727.7,85070088.1,433135728
501.9,S,42,7146.03,1419.93,17765727.7,85070088.4,433135733
502.9,S,42,7154.57,1421.42,17765727.7,85070088.7,433135737
503.9,S,42,7163.18,1422.96,17765727.7,85070153.4,433135801
504.9,S,42,7171.97,1424.46,17765727.7,85070228.2,433135864
505.9,S,46,7183.08,1425.99,17765727.7,85070287.0,433135925
506.9,S,42,7192.18,1427.35,17765727.7,85070382.9,433136017
507.9,S,42,7200.85,1428.71,17765727.7,85070447.4,433136072
508.9,S,42,7209.71,1430.11,17765727.7,85070447.8,433136073
509.9,S,42,7218.31,1431.39,17765727.7,85070477.3,433136105
510.9,S,42,7226.97,1432.79,17765727.7,85070477.4,433136108
511.9,S,46,7235.90,1434.09,17765727.7,85070506.9,433136143
512.9,S,43,7247.91,1435.81,17765727.7,85070578.9,433136208
513.9,S,42,7256.54,1437.30,17765727.7,85070674.3,433136293
514.9,S,42,7265.25,1438.68,17765727.7,85070674.7,433136295
515.9,S,42,7273.93,1440.08,17765727.7,85070675.0,433136298
516.9,S,42,7282.90,1441.42,17765727.7,85070675.7,433136302
517.9,S,42,7291.71,1442.89,17765727.7,85070740.6,433136363
518.9,S,46,7300.89,1444.38,17765727.7,85070843.3,433136464
519.9,S,42,7311.73,1445.91,17765727.7,85070939.3,433136552
520.9,S,42,7320.34,1447.42,17765727.7,85070939.4,433136555
521.9,S,42,7329.13,1448.82,17765727.7,85071004.5,433136615
522.9,S,42,7337.92,1450.29,17765727.7,85071004.9,433136616
523.9,S,42,7346.60,1451.79,17765727.7,85071005.2,433136621
524.9,S,42,7355.28,1453.04,17765727.7,85071005.4,433136622
525.9,S,46,7365.43,1454.55,17765727.7,85071108.3,433136713
526.9,S,42,7375.28,1456.22,17765727.7,85071268.7,433136862
527.9,S,42,7384.17,1457.61,17765727.7,85071269.2,433136864
528.9,S,42,7392.96,1458.94,17765727.7,85071269.6,433136865
529.9,S,42,7401.42,1460.38,17765727.7,85071316.6,433136910
530.9,S,42,7410.18,1461.74,17765727.7,85071316.9,433136913
531.9,S,42,7418.79,1463.18,17765727.7,85071317.4,433136916
532.9,S,46,7429.07,1464.70,17765727.7,85071420.4,433137008
533.9,S,43,7438.85,1466.34,17765727.7,85071500.7,433137558
534.9,S,42,7447.02,1467.82,17765727.7,85071581.7,433137937
535.9,S,42,7455.94,1469.22,17765727.7,85071582.1,433137944
536.9,S,42,7464.73,1470.66,17765727.7,85071582.3,433137947
537.9,S,42,7473.53,1472.04,17765727.7,85071582.6,433137951
538.9,S,42,7482.28,1473.48,17765727.7,85071647.2,433138005
539.9,S,46,7493.63,1475.13,17765727.7,85071750.2,433138099
540.9,S,42,7502.83,1476.63,17765727.7,85071846.2,433138187
541.9,S,42,7511.74,1477.95,17765727.7,85071846.5,433138192
542.9,S,42,7520.52,1479.39,17765727.7,85071911.3,433138253
543.9,S,42,7529.13,1480.83,17765727.7,85071911.6,433138257
544.9,S,42,7537.88,1482.25,17765727.7,85071912.5,433138264
545.9,S,46,7546.51,1483.71,17765727.7,85072015.7,433138360
546.9,S,42,7558.16,1485.36,17765727.7,85072176.2,433138503
547.9,S,42,7566.89,1486.77,17765727.7,85072176.5,433138504
548.9,S,42,7575.77,1488.22,17765727.7,85072176.7,433138507
549.9,S,42,7584.56,1489.58,17765727.7,85072177.0,433138511
550.9,S,42,7593.28,1491.08,17765727.7,85072242.1,433138567
551.9,S,42,7602.03,1492.39,17765727.7,85072242.4,433138571
552.9,S,46,7611.15,1493.80,17765727.7,85072345.0,433138667
553.9,S,42,7622.08,1495.35,17765727.7,85072440.9,433138762
554.9,S,42,7630.76,1496.85,17765727.7,85072505.5,433138818
555.9,S,42,7639.45,1498.34,17765727.7,85072505.8,433138819
556.9,S,42,7648.08,1499.71,17765727.7,85072506.5,433139276
557.9,S,42,7656.82,1501.14,17765727.7,85072506.8,433139280
558.9,S,42,7665.62,1502.51,17765727.7,85072571.3,433139336
559.9,S,42,7670.09,1503.27,17765727.7,85072646.9,433139884
560.9,S,46,7678.88,1504.39,17765727.7,85072674.6,433140210
561.9,S,42,7688.67,1505.91,17765727.7,85072770.7,433140298
562.9,S,42,7697.26,1507.44,17765727.7,85072835.7,433140357
563.9,S,42,7705.78,1508.97,17765727.7,85072835.9,433140360
564.9,S,42,7714.39,1510.39,17765727.7,85072836.2,433140365
565.9,S,42,7723.24,1511.82,17765727.7,85072836.4,433140368
566.9,S,42,7731.99,1513.27,17765727.7,85072901.3,433140426
567.9,S,46,7743.10,1514.78,17765727.7,85073004.5,433140518
568.9,S,42,7751.80,1516.41,17765727.7,85073127.3,433140632
569.9,S,42,7760.59,1517.78,17765727.7,85073127.5,433140635
570.9,S,42,7769.14,1519.19,17765727.7,85073127.9,433140641
571.9,S,42,7777.63,1520.63,17765727.7,85073128.6,433140647
572.9,S,42,7786.08,1521.98,17765727.7,85073193.4,433140706
573.9,S,42,7794.81,1523.39,17765727.7,85073194.5,433140712
574.9,S,46,7805.71,1524.90,17765727.7,85073297.5,433140808
575.9,S,42,7815.13,1526.39,17765727.7,85073393.6,433140898
576.9,S,42,7823.93,1527.86,17765727.7,85073458.3,433140956
577.9,S,42,7832.49,1529.34,17765727.7,85073458.5,433140958
578.9,S,42,7841.07,1530.79,17765727.7,85073459.0,433140958
579.9,S,42,7849.73,1532.25,17765727.7,85073459.6,433140961
580.9,S,46,7857.67,1533.54,17765727.7,85073626.6,433141120
581.9,S,45,7870.00,1535.29,17765727.7,85073674.7,433141165
582.9,S,42,7878.89,1536.84,17765727.7,85073722.7,433141211
583.9,S,42,7887.57,1538.25,17765727.7,85073723.2,433141215
584.9,S,42,7896.16,1539.61,17765727.7,85073788.2,433141279
585.9,S,42,7904.82,1541.15,17765727.7,85073788.4,433141282
586.9,S,42,7913.61,1542.57,17765727.7,85073788.7,433141286
587.9,S,46,7922.37,1543.94,17765727.7,85073891.6,433141380
588.9,S,42,7933.44,1545.49,17765727.7,85074052.3,433141520
589.9,S,42,7938.60,1546.30,17765727.7,85074052.9,433141522
590.9,S,42,7943.66,1547.02,17765727.7,85074053.1,433141526
591.9,S,42,7948.95,1547.78,17765727.7,85074053.3,433141529
592.9,S,42,7954.04,1548.55,17765727.7,85074118.0,433141590
593.9,S,42,7959.03,1549.36,17765727.7,85074118.2,433141592
594.9,S,42,7964.08,1550.22,17765727.7,85074118.8,433141594
595.9,S,42,7969.08,1550.99,17765727.7,85074119.2,433141594
596.9,S,42,7974.21,1551.79,17765727.7,85074183.9,433141655
597.9,S,42,7979.41,1552.61,17765727.7,85074184.2,433141658
598.9,S,42,7984.43,1553.58,17765727.7,85074184.4,433141661
599.9,S,42,7989.55,1554.35,17765727.7,85074184.6,433141662
600.9,S,42,7994.61,1555.18,17765727.7,85074249.5,433141721
601.9,S,42,7999.78,1556.04,17765727.7,85074349.6,433141807
602.9,S,42,8004.98,1556.80,17765727.7,85074350.1,433141812
603.9,S,46,8012.35,1557.63,17765727.7,85074353.1,433141825
604.9,S,42,8018.58,1558.54,17765727.7,85074505.0,433141963
605.9,S,57,8032.08,1559.40,17765727.7,85074506.5,433141969
606.9,S,57,8050.35,1560.23,17765727.7,85074588.1,433142045
607.9,S,57,8068.84,1561.12,17765727.7,85074589.1,433142047
608.9,S,57,8087.06,1562.05,17765727.7,85074710.7,433142154
609.9,S,57,8105.28,1562.90,17765727.7,85074834.2,433142265
610.9,S,57,8122.78,1563.83,17765727.7,85074934.8,433142833
611.9,S,57,8140.20,1564.65,17765727.7,85075188.8,433143351
612.9,S,57,8158.33,1565.52,17765727.7,85075512.7,433143630
613.9,S,57,8176.54,1566.43,17765727.7,85075635.5,433143737
614.9,S,57,8194.20,1567.47,17765727.7,85075969.1,433144020
615.9,S,57,8211.21,1568.41,17765727.7,85076416.0,433144410
616.9,S,57,8229.41,1569.29,17765727.7,85076480.1,433144474
617.9,S,57,8247.73,1570.15,17765727.7,85076537.3,433144523
619.0,S,57,8266.16,1570.94,17765727.7,85076581.3,433144563
620.0,S,57,8283.96,1571.96,17765727.7,85077038.9,433144955
621.0,S,57,8301.58,1572.91,17765727.7,85077233.7,433145498
622.0,S,57,8318.66,1573.79,17765727.7,85077472.7,433146087
623.0,S,57,8336.87,1574.62,17765727.7,85077731.1,433146309
624.0,S,57,8355.09,1575.62,17765727.7,85077943.1,433146494
625.0,S,61,8374.19,1576.44,17765727.7,85078301.4,433146806
626.0,S,56,8393.11,1577.01,17765727.7,85078539.3,433147031
627.0,S,56,8407.71,1577.30,17765727.7,85078719.0,433147189
628.0,S,54,8421.71,1577.59,17765727.7,85079073.0,433147508
629.0,S,44,8427.29,1577.78,17765727.7,85079491.0,433147866
630.0,S,43,8427.82,1577.85,17765727.7,85079661.8,433148735
631.0,S,42,8430.66,1578.89,17765727.7,85079689.7,433148771
632.0,S,42,8439.29,1580.34,17765727.7,85079689.8,433148772
633.0,S,42,8447.84,1581.75,17765727.7,85079690.4,433148774
634.0,S,42,8456.68,1583.12,17765727.7,85079690.6,433148775
635.0,S,42,8465.40,1584.46,17765727.7,85079755.2,433148833
636.0,S,42,8474.07,1585.76,17765727.7,85079757.0,433148838
637.0,S,42,8482.63,1587.21,17765727.7,85079757.4,433148844
638.0,S,46,8493.31,1588.67,17765727.7,85079850.3,433148942
639.0,S,42,8503.00,1590.13,17765727.7,85080011.7,433149093
640.0,S,42,8511.86,1591.49,17765727.7,85080012.2,433149097
641.0,S,42,8520.65,1592.96,17765727.7,85080012.7,433149100
642.0,S,42,8529.49,1594.34,17765727.7,85080013.0,433149104
643.0,S,42,8538.28,1595.79,17765727.7,85080078.2,433149159
644.0,S,42,8546.93,1597.24,17765727.7,85080079.1,433149171
645.0,S,46,8558.31,1598.68,17765727.7,85080133.5,433149225
646.0,S,42,8567.58,1600.06,17765727.7,85080229.3,433149311
647.0,S,42,8576.29,1601.33,17765727.7,85080289.7,433149363
648.0,S,42,8585.21,1602.65,17765727.7,85080294.5,433149369
649.0,S,42,8594.02,1603.94,17765727.7,85080294.7,433149371
650.0,S,42,8602.40,1605.39,17765727.7,85080295.0,433149375
651.0,S,42,8610.96,1606.99,17765727.7,85080358.0,433149431
652.0,S,46,8622.10,1608.63,17765727.7,85080409.9,433149487
653.0,S,42,8631.24,1609.98,17765727.7,85080506.4,433149573
654.0,S,42,8639.91,1611.52,17765727.7,85080506.6,433149576
655.0,S,42,8648.13,1613.08,17765727.7,85080571.9,433149642
656.0,S,42,8656.67,1614.45,17765727.7,85080572.1,433149644
657.0,S,42,8665.13,1616.02,17765727.7,85080572.2,433149644
658.0,S,42,8673.84,1617.44,17765727.7,85080673.8,433149741
659.0,S,46,8685.06,1619.03,17765727.7,85080740.0,433149802
660.0,S,42,8694.70,1620.52,17765727.7,85080836.0,433149900
661.0,S,42,8703.38,1621.87,17765727.7,85080836.1,433149903
662.0,S,42,8712.15,1623.15,17765727.7,85080836.4,433149905
663.0,S,42,8720.65,1624.68,17765727.7,85080893.6,433149955
664.0,S,42,8729.44,1626.05,17765727.7,85080894.3,433149956
665.0,S,42,8738.18,1627.46,17765727.7,85080894.8,433149963
666.0,S,46,8749.15,1628.88,17765727.7,85080998.0,433150059
667.0,S,44,8758.64,1630.37,17765727.7,85081059.1,433150829
668.0,S,42,8766.63,1631.65,17765727.7,85081158.8,433151039
669.0,S,42,8775.51,1632.98,17765727.7,85081159.3,433151041
670.0,S,42,8784.13,1634.36,17765727.7,85081159.9,433151045
671.0,S,42,8792.88,1635.64,17765727.7,85081160.1,433151047
672.0,S,42,8801.18,1637.02,17765727.7,85081283.7,433151154
673.0,S,46,8813.05,1638.58,17765727.7,85081331.1,433151199
674.0,S,42,8821.58,1639.99,17765727.7,85081424.0,433151286
675.0,S,42,8830.33,1641.40,17765727.7,85081424.4,433151288
676.0,S,42,8838.89,1642.72,17765727.7,85081489.0,433151348
677.0,S,42,8847.88,1644.13,17765727.7,85081489.2,433151351
678.0,S,42,8856.72,1645.50,17765727.7,85081489.4,433151354
679.0,S,46,8865.18,1646.86,17765727.7,85081592.3,433151447
680.0,S,42,8876.85,1648.58,17765727.7,85081759.5,433151595
681.0,S,42,8885.46,1650.14,17765727.7,85081760.5,433151599
682.0,S,42,8894.14,1651.55,17765727.7,85081790.0,433151635
683.0,S,42,8902.82,1652.94,17765727.7,85081790.3,433151638
684.0,S,42,8911.49,1654.40,17765727.7,85081855.0,433151699
685.0,S,42,8920.12,1655.79,17765727.7,85081855.7,433151703
686.0,S,46,8928.53,1657.03,17765727.7,85081958.8,433151797
687.0,S,42,8939.90,1658.66,17765727.7,85082054.6,433151889
688.0,S,42,8948.62,1660.09,17765727.7,85082119.2,433151947
689.0,S,42,8957.44,1661.44,17765727.7,85082119.6,433151949
690.0,S,42,8966.12,1662.86,17765727.7,85082120.0,433151954
691.0,S,42,8975.09,1664.18,17765727.7,85082120.5,433151957
692.0,S,42,8983.65,1665.57,17765727.7,85082185.4,433152013
693.0,S,42,8989.22,1666.63,17765727.7,85082206.0,433152387
694.0,S,46,8995.33,1667.45,17765727.7,85082288.2,433152931
695.0,S,42,9005.89,1669.10,17765727.7,85082384.1,433153014
696.0,S,42,9014.53,1670.54,17765727.7,85082449.2,433153073
697.0,S,42,9023.28,1671.92,17765727.7,85082449.7,433153076
698.0,S,42,9031.82,1673.35,17765727.7,85082449.9,433153080
699.0,S,42,9040.67,1674.65,17765727.7,85082450.1,433153081
700.0,S,42,9049.32,1676.12,17765727.7,85082514.8,433153138
701.0,S,46,9059.20,1677.66,17765727.7,85082617.8,433153235
702.0,S,42,9069.34,1679.14,17765727.7,85082714.2,433153323
703.0,S,42,9078.06,1680.49,17765727.7,85082714.8,433153326
704.0,S,42,9086.71,1682.06,17765727.7,85082779.5,433153382
705.0,S,42,9095.35,1683.53,17765727.7,85082779.7,433153385
706.0,S,42,9103.97,1684.91,17765727.7,85082779.9,433153389
707.0,S,42,9112.61,1686.29,17765727.7,85082780.4,433153392
708.0,S,46,9122.95,1687.63,17765727.7,85082947.8,433153543
709.0,S,42,9132.78,1689.09,17765727.7,85083043.6,433153633
710.0,S,42,9141.59,1690.38,17765727.7,85083043.9,433153637
711.0,S,42,9150.31,1691.76,17765727.7,85083071.7,433153669
712.0,S,42,9159.01,1693.25,17765727.7,85083136.5,433153726
713.0,S,42,9167.75,1694.55,17765727.7,85083137.2,433153730
714.0,S,42,9176.45,1695.91,17765727.7,85083137.7,433153735
715.0,S,46,9187.24,1697.35,17765727.7,85083240.7,433153834
716.0,S,42,9196.29,1698.71,17765727.7,85083353.0,433154093
717.0,S,42,9204.19,1700.10,17765727.7,85083401.5,433154702
718.0,S,42,9212.98,1701.33,17765727.7,85083402.0,433154703
719.0,S,42,9221.80,1702.76,17765727.7,85083402.4,433154703
720.0,S,42,9230.50,1704.27,17765727.7,85083402.7,433154708
721.0,S,42,9239.27,1705.60,17765727.7,85083467.3,433154765
722.0,S,46,9250.46,1707.17,17765727.7,85083581.2,433154870
723.0,S,42,9259.90,1708.82,17765727.7,85083677.8,433154957
724.0,S,42,9268.58,1710.26,17765727.7,85083678.1,433154962
725.0,S,42,9277.30,1711.56,17765727.7,85083679.1,433154966
726.0,S,42,9286.13,1712.89,17765727.7,85083743.9,433155033
727.0,S,42,9294.78,1714.28,17765727.7,85083744.0,433155034
728.0,S,46,9303.26,1715.61,17765727.7,85083847.2,433155128
729.0,S,42,9314.72,1717.24,17765727.7,85083943.0,433155214
730.0,S,42,9318.68,1717.85,17765727.7,85084007.9,433155273
731.0,S,42,9322.59,1718.44,17765727.7,85084008.0,433155274
732.0,S,42,9326.48,1719.07,17765727.7,85084008.3,433155277
733.0,S,42,9330.39,1719.66,17765727.7,85084008.4,433155278
734.0,S,42,9334.94,1720.45,17765727.7,85084064.4,433155332
735.0,S,42,9339.76,1721.16,17765727.7,85084064.9,433155334
736.0,S,57,9358.20,1722.03,17765727.7,85084066.9,433155341
737.0,S,57,9376.74,1722.86,17765727.7,85084067.0,433155341
738.0,S,57,9394.94,1723.69,17765727.7,85084067.4,433155347
739.0,S,57,9413.16,1724.56,17765727.7,85084160.5,433155428
740.0,S,57,9431.33,1725.55,17765727.7,85084487.4,433155715
741.0,S,57,9449.47,1726.47,17765727.7,85084716.6,433155924
742.0,S,57,9467.84,1727.25,17765727.7,85084717.1,433155929
743.0,S,57,9485.50,1728.19,17765727.7,85084960.3,433156134
744.0,S,57,9503.82,1729.11,17765727.7,85085187.0,433156329
745.1,S,57,9517.55,1729.93,17765727.7,85085647.2,433156935
746.5,S,57,9535.82,1731.12,17765727.7,85086089.0,433157736
747.5,S,57,9554.26,1731.95,17765727.7,85086089.3,433157743
748.5,S,61,9574.88,1732.59,17765727.7,85086303.7,433157938
749.5,S,57,9593.44,1733.32,17765727.7,85086618.4,433158216
750.5,S,57,9610.89,1734.08,17765727.7,85086802.7,433158380
751.5,S,57,9628.31,1734.77,17765727.7,85086901.1,433158475
752.5,S,57,9645.55,1735.53,17765727.7,85087170.9,433158705
753.5,S,57,9662.67,1736.31,17765727.7,85087611.5,433159085
754.5,S,57,9680.17,1736.96,17765727.7,85087769.0,433159220
755.5,S,57,9697.31,1737.69,17765727.7,85087945.3,433159626
756.5,S,56,9714.13,1738.34,17765727.7,85088089.8,433160261
757.5,S,56,9730.67,1739.12,17765727.7,85088253.1,433160399
758.5,S,56,9747.16,1739.94,17765727.7,85088463.6,433160579
759.5,S,45,9759.50,1740.79,17765727.7,85089229.4,433161245
760.5,S,42,9766.13,1742.45,17765727.7,85089391.1,433161388
761.5,S,42,9774.52,1744.10,17765727.7,85089432.8,433161432
762.5,S,42,9783.26,1745.50,17765727.7,85089435.1,433161437
763.5,S,42,9792.06,1746.91,17765727.7,85089435.4,433161441
764.5,S,46,9802.06,1748.35,17765727.7,85089464.3,433161477
765.5,S,42,9812.98,1749.90,17765727.7,85089624.7,433161621
766.5,S,42,9821.80,1751.27,17765727.7,85089624.8,433161622
767.5,S,42,9830.64,1752.67,17765727.7,85089625.1,433161626
768.5,S,42,9839.34,1754.08,17765727.7,85089680.6,433161676
769.6,S,42,9848.11,1755.57,17765727.7,85089681.2,433161681
770.6,S,42,9856.74,1757.04,17765727.7,85089681.5,433161684
771.6,S,46,9867.64,1758.48,17765727.7,85089726.5,433161738
772.6,S,42,9877.24,1760.01,17765727.7,85089886.7,433161882
773.6,S,42,9886.08,1761.32,17765727.7,85089886.9,433161886
774.6,S,42,9894.63,1762.76,17765727.7,85089919.6,433161920
775.6,S,42,9903.29,1764.19,17765727.7,85089919.9,433161922
776.6,S,42,9912.09,1765.41,17765727.7,85089920.2,433161926
777.6,S,42,9920.79,1766.68,17765727.7,85089920.6,433161929
778.6,S,46,9931.54,1768.11,17765727.7,85089983.4,433161993
779.6,S,42,9941.42,1769.59,17765727.7,85090143.9,433162135
780.6,S,42,9950.14,1771.07,17765727.7,85090144.7,433162140
781.6,S,42,9958.87,1772.53,17765727.7,85090144.9,433162143
782.6,S,42,9967.66,1773.88,17765727.7,85090236.9,433162294
783.6,S,42,9976.27,1775.33,17765727.7,85090301.5,433162371
784.6,S,42,9984.97,1776.71,17765727.7,85090301.8,433162374
785.6,S,46,9996.87,1778.34,17765727.7,85090313.9,433162398
786.6,S,42,10005.66,1780.00,17765727.7,85090458.8,433162535
787.6,S,42,10014.42,1781.42,17765727.7,85090459.1,433162536
788.6,S,42,10023.17,1782.80,17765727.7,85090459.4,433162537
789.6,S,42,10031.75,1784.15,17765727.7,85090459.7,433162540
790.6,S,42,10040.51,1785.55,17765727.7,85090524.2,433162597
791.6,S,46,10048.60,1786.90,17765727.7,85090627.8,433162695
792.6,S,45,10060.89,1788.54,17765727.7,85090691.3,433162750
793.6,S,42,10069.56,1789.99,17765727.7,85090724.2,433162780
794.6,S,42,10078.22,1791.39,17765727.7,85090737.5,433162793
795.6,S,42,10086.77,1792.83,17765727.7,85090789.1,433162841
796.6,S,42,10095.51,1794.26,17765727.7,85090789.7,433162844
797.6,S,42,10104.29,1795.60,17765727.7,85090790.0,433162847
798.6,S,46,10112.36,1796.95,17765727.7,85090952.3,433162993
799.6,S,43,10124.15,1798.46,17765727.7,85091048.3,433163080
800.6,S,42,10132.88,1799.99,17765727.7,85091048.7,433163082
801.6,S,42,10141.67,1801.36,17765727.7,85091049.0,433163087
802.6,S,42,10150.47,1802.79,17765727.7,85091114.1,433163144
803.6,S,42,10159.22,1804.17,17765727.7,85091114.5,433163147
804.6,S,42,10168.12,1805.59,17765727.7,85091114.7,433163149
805.6,S,46,10177.21,1806.90,17765727.7,85091217.6,433163247
806.6,S,42,10188.20,1808.46,17765727.7,85091356.9,433163365
807.6,S,42,10196.91,1809.94,17765727.7,85091378.3,433163386
808.6,S,42,10205.43,1811.47,17765727.7,85091395.6,433163408
809.6,S,42,10214.16,1812.78,17765727.7,85091395.9,433163413
810.6,S,42,10222.81,1814.24,17765727.7,85091396.1,433163416
811.6,S,42,10231.29,1815.76,17765727.7,85091396.4,433163420
812.6,S,46,10240.19,1817.27,17765727.7,85091563.4,433163575
813.6,S,42,10251.55,1818.79,17765727.7,85091659.9,433163659
814.6,S,42,10260.24,1820.24,17765727.7,85091660.0,433163662
815.6,S,42,10268.92,1821.70,17765727.7,85091660.3,433163664
816.6,S,42,10277.58,1823.04,17765727.7,85091725.3,433163726
817.6,S,42,10286.39,1824.36,17765727.7,85091725.6,433163730
818.6,S,42,10295.11,1825.68,17765727.7,85091725.8,433163733
819.6,S,46,10304.47,1827.13,17765727.7,85091829.3,433163833
820.6,S,42,10315.43,1828.59,17765727.7,85091989.8,433163974
821.6,S,42,10324.00,1830.07,17765727.7,85091990.1,433163979
822.6,S,42,10332.67,1831.42,17765727.7,85091990.3,433163981
823.6,S,42,10341.50,1832.74,17765727.7,85091990.6,433163983
824.6,S,42,10350.06,1834.19,17765727.7,85092058.9,433164049
825.6,S,42,10358.74,1835.69,17765727.7,85092059.6,433164052
826.6,S,46,10368.05,1837.06,17765727.7,85092162.6,433164147
827.6,S,42,10378.92,1838.56,17765727.7,85092258.8,433164234
828.6,S,42,10387.82,1839.82,17765727.7,85092323.5,433164290
829.6,S,42,10396.74,1841.22,17765727.7,85092323.8,433164295
830.6,S,42,10405.44,1842.39,17765727.7,85092324.4,433164297
831.6,S,42,10414.06,1843.87,17765727.7,85092324.7,433164302
832.6,S,42,10422.69,1845.35,17765727.7,85092389.4,433164359
833.6,S,46,10432.58,1846.77,17765727.7,85092492.2,433164452
834.6,S,42,10442.90,1848.23,17765727.7,85092587.9,433164540
835.6,S,42,10451.77,1849.58,17765727.7,85092588.8,433164541
836.6,S,42,10460.47,1851.03,17765727.7,85092653.4,433164596
837.6,S,42,10469.09,1852.42,17765727.7,85092667.1,433164616
838.6,S,42,10477.85,1853.88,17765727.7,85092667.4,433164619
839.6,S,42,10486.59,1855.22,17765727.7,85092667.7,433164621
840.6,S,46,10497.06,1856.64,17765727.7,85092770.6,433164719
841.6,S,42,10506.73,1858.13,17765727.7,85092909.3,433164967
842.6,S,42,10514.97,1859.55,17765727.7,85092932.2,433165643
843.6,S,42,10523.62,1860.91,17765727.7,85092932.3,433165643
844.6,S,42,10532.42,1862.36,17765727.7,85092932.5,433165645
845.6,S,42,10541.38,1863.72,17765727.7,85092932.7,433165648
846.6,S,42,10549.74,1865.18,17765727.7,85093048.0,433165758
847.6,S,46,10561.41,1866.82,17765727.7,85093100.8,433165811
848.6,S,42,10570.49,1868.39,17765727.7,85093196.7,433165896
849.6,S,42,10579.20,1869.81,17765727.7,85093197.0,433165901
850.6,S,42,10587.76,1871.24,17765727.7,85093228.5,433165930
851.6,S,42,10596.25,1872.88,17765727.8,85093262.3,433165964
852.6,S,42,10604.87,1874.45,17765727.8,85093263.2,433165971
853.6,S,42,10613.52,1875.92,17765727.8,85093263.6,433165976
854.6,S,46,10624.45,1877.35,17765727.8,85093366.5,433166080
855.6,S,42,10633.55,1878.82,17765727.8,85093526.7,433166221
856.6,S,42,10642.15,1880.44,17765727.8,85093538.7,433166237
857.6,S,42,10651.03,1881.74,17765727.8,85093539.6,433166239
858.6,S,42,10659.68,1883.08,17765727.8,85093539.9,433166241
859.6,S,42,10668.22,1884.57,17765727.8,85093540.1,433166243
860.6,S,46,10676.97,1886.11,17765727.8,85093707.1,433166393
861.6,S,42,10688.16,1887.79,17765727.8,85093803.1,433166483
862.6,S,42,10692.29,1888.44,17765727.8,85093803.6,433166486
863.6,S,42,10696.45,1889.09,17765727.8,85093804.2,433166490
864.6,S,42,10700.56,1889.76,17765727.8,85093868.9,433166548
865.6,S,42,10704.79,1890.48,17765727.8,85093887.0,433166568
866.6,S,42,10709.52,1891.24,17765727.8,85093887.4,433166571
867.6,S,57,10727.92,1892.17,17765727.8,85093888.3,433166585
868.6,S,57,10746.74,1893.09,17765727.8,85093889.4,433166589
869.6,S,57,10765.39,1893.98,17765727.8,85093926.2,433166621
870.6,S,57,10784.05,1894.93,17765727.8,85093977.8,433166674
871.6,S,57,10802.53,1895.85,17765727.8,85094279.7,433166939
872.6,S,57,10820.72,1896.78,17765727.8,85094498.1,433167128
873.6,S,57,10839.22,1897.75,17765727.8,85094638.5,433167248
874.6,S,57,10857.69,1898.60,17765727.8,85094845.4,433167427
875.6,S,57,10876.06,1899.54,17765727.8,85095098.0,433167648
876.6,S,57,10881.50,1899.78,17765727.8,85095201.8,433168452
877.6,S,57,10896.46,1900.97,17765727.8,85095748.1,433169214
878.6,S,61,10916.13,1901.78,17765727.8,85095887.9,433169339
879.6,S,57,10936.50,1902.41,17765727.8,85096061.6,433169491
880.6,S,57,10954.17,1903.11,17765727.8,85096197.2,433169610
881.6,S,57,10971.55,1903.93,17765727.8,85096557.7,433169936
882.6,S,57,10989.16,1904.78,17765727.8,85096685.0,433170047
883.6,S,57,11006.89,1905.56,17765727.8,85096764.9,433170119
884.6,S,57,11024.50,1906.34,17765727.8,85096951.7,433170283
885.6,S,57,11041.97,1907.05,17765727.8,85097079.5,433170393
886.6,S,57,11058.26,1907.92,17765727.8,85097514.3,433171042
887.6,S,57,11071.58,1908.61,17765727.8,85097527.9,433172043
888.6,S,57,11083.87,1909.40,17765727.8,85098153.7,433172833
889.6,S,56,11101.45,1910.19,17765727.8,85098271.6,433172940
890.6,S,56,11118.22,1910.95,17765727.8,85098337.2,433172999
891.6,S,56,11134.81,1911.74,17765727.8,85098586.0,433173212
892.6,S,55,11151.16,1912.51,17765727.8,85098885.3,433173473
893.6,S,47,11161.17,1913.25,17765727.8,85099305.7,433173840
894.6,S,44,11166.90,1913.82,17765727.8,85099454.0,433173970
895.6,S,42,11174.08,1915.89,17765727.8,85099593.2,433174094
896.7,S,42,11182.86,1917.26,17765727.8,85099594.1,433174099
897.7,S,42,11191.68,1918.68,17765727.8,85099594.6,433174101
898.7,S,46,11203.63,1920.25,17765727.8,85099619.9,433174133
899.7,S,42,11212.41,1921.83,17765727.8,85099716.0,433174221
900.7,S,42,11221.22,1923.17,17765727.8,85099780.7,433174279
901.7,S,42,11229.86,1924.43,17765727.8,85099781.7,433174284
902.7,S,42,11238.66,1925.98,17765727.8,85099782.4,433174286
903.7,S,42,11247.36,1927.37,17765727.8,85099782.5,433174287
904.7,S,46,11256.80,1928.71,17765727.8,85099893.3,433174400
905.7,S,42,11267.87,1930.43,17765727.8,85099989.4,433174488
906.7,S,42,11276.86,1931.78,17765727.8,85099989.9,433174493
907.7,S,42,11285.33,1933.31,17765727.8,85100046.8,433174544
908.7,S,42,11294.34,1934.61,17765727.8,85100047.5,433174547
909.7,S,42,11303.19,1936.04,17765727.8,85100047.8,433174549
910.7,S,42,11311.99,1937.37,17765727.8,85100120.2,433174614
911.7,S,46,11322.36,1938.88,17765727.8,85100220.9,433174720
912.7,S,42,11332.32,1940.36,17765727.8,85100344.1,433174830
913.7,S,42,11341.00,1941.66,17765727.8,85100344.6,433174838
914.7,S,42,11349.62,1943.12,17765727.8,85100345.4,433174844
915.7,S,42,11358.35,1944.47,17765727.8,85100345.8,433174846
916.7,S,42,11366.95,1945.85,17765727.8,85100410.6,433174903
917.7,S,42,11375.77,1947.18,17765727.8,85100411.0,433174905
918.7,S,46,11387.33,1948.78,17765727.8,85100480.5,433174977
919.7,S,42,11396.96,1950.27,17765727.8,85100576.8,433175061
920.7,S,42,11405.72,1951.61,17765727.8,85100577.1,433175066
921.7,S,42,11414.31,1952.97,17765727.8,85100577.5,433175072
922.7,S,42,11423.12,1954.36,17765727.8,85100642.2,433175128
923.7,S,42,11431.82,1955.73,17765727.8,85100642.7,433175132
924.7,S,42,11440.38,1957.08,17765727.8,85100680.1,433175169
925.7,S,46,11452.02,1958.61,17765727.8,85100746.2,433175232
926.7,S,42,11461.05,1960.15,17765727.8,85100842.3,433175319
927.7,S,42,11469.89,1961.52,17765727.8,85100906.9,433175375
928.7,S,42,11478.71,1962.85,17765727.8,85100907.4,433175376
929.7,S,42,11487.26,1964.33,17765727.8,85100940.8,433175406
930.7,S,42,11496.06,1965.70,17765727.8,85100941.1,433175411
931.7,S,42,11503.32,1966.90,17765727.8,85100965.9,433175598
932.7,S,46,11508.74,1967.54,17765727.8,85101044.3,433176205
933.7,S,42,11519.53,1969.16,17765727.8,85101205.1,433176346
934.7,S,42,11528.34,1970.57,17765727.8,85101205.5,433176348
935.7,S,42,11536.98,1972.10,17765727.8,85101206.2,433176350
936.7,S,42,11545.68,1973.47,17765727.8,85101206.5,433176355
937.7,S,42,11554.34,1974.97,17765727.8,85101271.2,433176412
938.7,S,42,11563.06,1976.49,17765727.8,85101271.5,433176414
939.7,S,46,11572.55,1978.06,17765727.8,85101410.9,433176537
940.7,S,42,11582.98,1979.62,17765727.8,85101507.2,433176623
941.7,S,42,11591.68,1981.00,17765727.8,85101507.4,433176625
942.7,S,42,11600.34,1982.58,17765727.8,85101535.0,433176655
943.7,S,42,11608.93,1983.95,17765727.8,85101599.6,433176712
944.7,S,42,11617.53,1985.37,17765727.8,85101599.9,433176715
945.7,S,42,11626.26,1986.76,17765727.8,85101600.5,433176717
946.7,S,46,11636.53,1988.13,17765727.8,85101704.2,433176812
947.7,S,42,11646.19,1989.65,17765727.8,85101864.6,433176953
948.7,S,42,11654.88,1991.07,17765727.8,85101881.1,433176977
949.7,S,42,11663.81,1992.43,17765727.8,85101881.5,433176979
950.7,S,42,11672.65,1993.69,17765727.8,85101881.9,433176983
951.7,S,42,11681.40,1995.19,17765727.8,85101883.0,433176987
952.7,S,42,11690.19,1996.59,17765727.8,85101929.7,433177029
953.7,S,46,11700.86,1998.00,17765727.8,85102050.4,433177138
954.7,S,42,11710.52,1999.52,17765727.8,85102146.4,433177228
955.7,S,42,11719.23,2000.99,17765727.8,85102146.6,433177231
956.7,S,42,11727.71,2002.52,17765727.8,85102147.0,433177236
957.7,S,42,11736.34,2003.97,17765727.8,85102212.1,433177300
958.7,S,42,11745.05,2005.40,17765727.8,85102227.8,433177319
959.7,S,42,11753.81,2006.79,17765727.8,85102227.9,433177321
960.7,S,46,11764.85,2008.20,17765727.8,85102330.6,433177412
961.7,S,42,11774.22,2009.59,17765727.8,85102426.5,433177497
962.7,S,42,11782.81,2011.05,17765727.8,85102491.9,433177556
963.7,S,42,11791.61,2012.45,17765727.8,85102492.1,433177559
964.7,S,42,11800.39,2013.83,17765727.8,85102492.4,433177562
965.7,S,42,11809.14,2015.28,17765727.8,85102492.8,433177567
966.7,S,42,11817.77,2016.60,17765727.8,85102557.6,433177628
967.7,S,46,11828.73,2018.17,17765727.8,85102660.5,433177724
968.7,S,42,11838.17,2019.61,17765727.8,85102756.7,433177810
969.7,S,42,11846.90,2020.95,17765727.8,85102756.9,433177813
970.7,S,42,11855.68,2022.46,17765727.8,85102822.5,433177878
971.7,S,42,11864.49,2023.89,17765727.8,85102823.0,433177882
972.7,S,42,11873.27,2025.29,17765727.8,85102823.3,433177885
973.7,S,46,11881.79,2026.62,17765727.8,85102927.4,433177985
974.7,S,42,11893.73,2028.15,17765727.8,85103024.8,433178077
975.7,S,42,11902.56,2029.44,17765727.8,85103088.6,433178134
976.7,S,42,11911.28,2030.89,17765727.8,85103088.8,433178136
977.7,S,42,11919.92,2032.32,17765727.8,85103089.1,433178140
978.7,S,42,11928.62,2033.70,17765727.8,85103148.7,433178199
979.7,S,42,11937.20,2035.19,17765727.8,85103149.5,433178202
980.7,S,46,11945.55,2036.38,17765727.8,85103252.3,433178299
981.7,S,43,11957.64,2038.05,17765727.8,85103348.2,433178382
982.7,S,42,11966.42,2039.63,17765727.8,85103413.0,433178451
983.7,S,42,11975.15,2040.97,17765727.8,85103413.2,433178452
984.7,S,42,11983.93,2042.39,17765727.8,85103413.8,433178457
985.7,S,42,11992.64,2043.89,17765727.8,85103414.4,433178460
986.7,S,42,12001.31,2045.25,17765727.8,85103479.2,433178517
987.7,S,46,12010.38,2046.70,17765727.8,85103582.2,433178611
988.7,S,44,12021.71,2048.33,17765727.8,85103634.1,433178954
989.7,S,42,12030.36,2049.77,17765727.8,85103678.3,433179395
990.7,S,42,12039.05,2051.03,17765727.8,85103678.8,433179398
991.7,S,42,12047.71,2052.53,17765727.8,85103743.6,433179457
992.7,S,42,12056.47,2054.02,17765727.8,85103743.8,433179461
993.7,S,42,12064.86,2055.63,17765727.8,85103776.9,433179493
994.7,S,46,12074.01,2056.99,17765727.8,85103879.6,433179586
995.7,S,42,12085.28,2058.62,17765727.8,85103976.0,433179676
996.7,S,42,12090.26,2059.31,17765727.8,85103976.7,433179678
997.7,S,42,12094.77,2060.04,17765727.8,85104041.3,433179739
998.7,S,42,12099.22,2060.78,17765727.8,85104041.6,433179742
999.7,S,42,12103.77,2061.50,17765727.8,85104041.8,433179747
1000.7,S,42,12108.39,2062.15,17765727.8,85104042.2,433179751
1001.7,S,42,12113.01,2062.98,17765727.8,85104102.4,433179806
1002.7,S,42,12118.37,2063.75,17765727.8,85104103.1,433179809
1003.7,S,42,12123.47,2064.62,17765727.8,85104103.3,433179812
1004.7,S,42,12128.67,2065.36,17765727.8,85104103.6,433179815
1005.7,S,42,12133.71,2066.19,17765727.8,85104168.2,433179870
1006.7,S,42,12138.86,2067.02,17765727.8,85104168.7,433179872
1007.7,S,42,12144.07,2067.75,17765727.8,85104266.3,433179958
1008.7,S,42,12149.20,2068.53,17765727.8,85104266.8,433179963
1009.7,S,42,12154.62,2069.42,17765727.8,85104329.6,433180018
1010.7,S,46,12162.06,2070.39,17765727.8,85104335.1,433180027
1011.7,S,42,12169.26,2071.27,17765727.8,85104431.0,433180119
1012.7,S,42,12173.80,2072.02,17765727.8,85104511.1,433180192
1013.7,S,42,12178.35,2072.72,17765727.8,85104511.5,433180195
1014.8,S,42,12182.76,2073.45,17765727.8,85104576.3,433180252
1015.8,S,42,12187.22,2074.19,17765727.8,85104576.5,433180253
1016.8,S,42,12191.69,2074.90,17765727.8,85104576.8,433180257
1017.8,S,42,12196.19,2075.64,17765727.8,85104577.1,433180260
1018.8,S,42,12200.84,2076.49,17765727.8,85104640.4,433180327
1019.8,S,57,12207.15,2077.31,17765727.8,85104640.6,433180329
1020.8,S,57,12225.92,2078.19,17765727.8,85104641.6,433180335
1021.8,S,57,12244.87,2079.05,17765727.8,85104641.8,433180338
1022.8,S,57,12263.90,2080.06,17765727.8,85104709.6,433180398
1023.8,S,57,12282.58,2081.01,17765727.8,85104941.3,433180602
1024.8,S,57,12301.38,2082.08,17765727.8,85105120.9,433180757
1025.8,S,57,12320.18,2082.97,17765727.8,85105269.4,433180896
1026.8,S,57,12338.64,2084.08,17765727.8,85105700.3,433181264
1027.8,S,57,12357.64,2085.09,17765727.8,85105807.9,433181364
1028.8,S,61,12376.67,2086.09,17765727.8,85105893.2,433181450
1029.8,S,61,12396.12,2086.90,17765727.8,85106379.0,433182377
1030.8,S,57,12412.45,2087.28,17765727.8,85106540.9,433182529
1031.8,S,57,12427.97,2087.55,17765727.8,85106854.5,433182803
1032.8,S,57,12443.62,2087.79,17765727.8,85107024.1,433182958
1033.8,S,57,12457.12,2088.09,17765727.8,85107273.9,433183697
1034.8,S,57,12472.73,2088.32,17765727.8,85107362.9,433183782
1035.8,S,57,12487.84,2088.62,17765727.8,85107834.2,433184183
1036.8,S,57,12503.33,2088.91,17765727.8,85108005.2,433184332
1037.8,S,57,12519.05,2089.16,17765727.8,85108086.1,433184400
1038.8,S,57,12534.00,2089.48,17765727.8,85108522.7,433184781
1039.8,S,57,12549.28,2089.77,17765727.8,85108671.4,433184911
1040.8,S,57,12564.86,2090.06,17765727.8,85108872.9,433185087
1041.8,S,57,12580.01,2090.40,17765727.8,85109321.1,433185479
1042.8,S,57,12593.16,2090.65,17765727.8,85109460.8,433186180
1043.8,S,56,12607.42,2090.94,17765727.8,85109783.8,433186461
1044.8,S,54,12621.68,2091.22,17765727.8,85110065.0,433186706
1045.8,S,43,12627.04,2091.39,17765727.8,85110467.7,433187064
1046.8,S,42,12627.90,2092.27,17765727.8,85110517.6,433187113
1047.8,S,42,12636.63,2093.59,17765727.8,85110518.7,433187120
1048.8,S,42,12645.29,2094.91,17765727.8,85110518.9,433187122
1049.8,S,42,12654.17,2096.32,17765727.8,85110519.2,433187126
1050.8,S,42,12662.70,2097.85,17765727.8,85110527.2,433187294
1051.8,S,42,12671.02,2099.28,17765727.8,85110586.1,433187683
1052.8,S,42,12679.85,2100.67,17765727.8,85110586.3,433187683
1053.8,S,46,12690.97,2102.31,17765727.8,85110621.9,433187722
1054.8,S,42,12700.43,2103.80,17765727.8,85110717.8,433187808
1055.8,S,42,12709.01,2105.27,17765727.8,85110782.6,433187865
1056.8,S,42,12717.79,2106.66,17765727.8,85110783.4,433187869
1057.8,S,42,12726.49,2107.96,17765727.8,85110783.7,433187873
1058.8,S,42,12735.28,2109.42,17765727.8,85110830.6,433187913
1059.8,S,42,12743.77,2110.81,17765727.8,85110890.4,433187969
1060.8,S,46,12755.34,2112.38,17765727.8,85110897.5,433187990
1061.8,S,42,12764.42,2113.69,17765727.8,85110993.5,433188085
1062.8,S,42,12772.96,2115.10,17765727.8,85110994.5,433188089
1063.8,S,42,12781.53,2116.52,17765727.8,85111122.7,433188199
1064.8,S,42,12790.27,2117.92,17765727.8,85111123.0,433188202
1065.8,S,42,12799.18,2119.25,17765727.8,85111123.3,433188207
1066.8,S,42,12808.07,2120.57,17765727.8,85111123.5,433188210
1067.8,S,46,12819.23,2122.24,17765727.8,85111264.0,433188341
1068.8,S,42,12828.40,2123.73,17765727.8,85111360.1,433188429
1069.8,S,42,12837.18,2125.09,17765727.8,85111360.4,433188432
1070.8,S,42,12845.81,2126.62,17765727.8,85111360.9,433188439
1071.8,S,42,12854.48,2128.08,17765727.8,85111423.2,433188497
1072.8,S,42,12863.29,2129.48,17765727.8,85111423.4,433188500
1073.8,S,46,12872.07,2130.86,17765727.8,85111463.6,433188547
1074.8,S,42,12884.19,2132.63,17765727.8,85111559.6,433188632
1075.8,S,42,12892.91,2133.99,17765727.8,85111624.3,433188690
1076.8,S,42,12901.69,2135.41,17765727.8,85111624.6,433188693
1077.8,S,42,12910.65,2136.84,17765727.8,85111625.0,433188698
1078.8,S,42,12919.48,2138.11,17765727.8,85111625.6,433188700
1079.8,S,42,12928.24,2139.52,17765727.8,85111690.3,433188759
1080.8,S,46,12937.82,2140.97,17765727.8,85111804.0,433188873
1081.8,S,42,12948.59,2142.73,17765727.8,85111900.0,433188960
1082.8,S,42,12957.24,2144.19,17765727.8,85111900.3,433188962
1083.8,S,42,12965.94,2145.47,17765727.8,85111901.3,433188966
1084.8,S,42,12974.77,2146.94,17765727.8,85111965.9,433189024
1085.8,S,42,12983.51,2148.35,17765727.8,85111966.3,433189026
1086.8,S,42,12992.26,2149.74,17765727.8,85111966.5,433189029
1087.8,S,46,13002.10,2151.12,17765727.8,85112069.3,433189126
1088.8,S,42,13012.44,2152.64,17765727.8,85112229.6,433189267
1089.8,S,42,13021.01,2154.18,17765727.8,85112241.4,433189283
1090.8,S,42,13029.65,2155.68,17765727.8,85112241.7,433189285
1091.8,S,42,13038.25,2157.19,17765727.8,85112242.0,433189289
1092.8,S,42,13046.89,2158.61,17765727.8,85112242.2,433189292
1093.8,S,42,13055.50,2160.08,17765727.8,85112306.9,433189352
1094.8,S,46,13066.25,2161.45,17765727.8,85112410.5,433189452
1095.8,S,42,13076.04,2162.94,17765727.8,85112507.1,433189542
1096.8,S,42,13084.70,2164.47,17765727.8,85112556.0,433189587
1097.8,S,42,13093.49,2165.78,17765727.8,85112556.5,433189589
1098.8,S,42,13102.33,2167.08,17765727.8,85112556.7,433189591
1099.8,S,42,13111.21,2168.39,17765727.8,85112557.3,433189594
1100.8,S,42,13119.77,2169.86,17765727.8,85112557.9,433189599
1101.8,S,46,13130.70,2171.31,17765727.8,85112725.3,433189754
1102.8,S,42,13140.25,2172.74,17765727.8,85112821.4,433189847
1103.8,S,42,13148.95,2174.17,17765727.8,85112821.6,433189851
1104.8,S,42,13157.53,2175.54,17765727.8,85112821.8,433189852
1105.8,S,42,13166.13,2177.05,17765727.8,85112897.4,433189929
1106.8,S,42,13174.69,2178.50,17765727.8,85112898.1,433189932
1107.8,S,42,13183.20,2179.84,17765727.8,85112898.4,433189934
1108.8,S,46,13193.99,2181.37,17765727.8,85113001.4,433190037
1109.8,S,42,13203.27,2182.77,17765727.8,85113097.5,433190123
1110.8,S,42,13211.78,2184.26,17765727.8,85113162.2,433190180
1111.8,S,42,13220.54,2185.73,17765727.8,85113162.5,433190184
1112.8,S,42,13229.20,2187.14,17765727.8,85113163.4,433190186
1113.9,S,42,13238.07,2188.37,17765727.8,85113163.8,433190191
1114.9,S,42,13246.11,2189.92,17765727.8,85113194.4,433190772
1115.9,S,46,13256.81,2191.30,17765727.8,85113341.5,433190932
1116.9,S,42,13265.88,2192.88,17765727.8,85113437.8,433191023
1117.9,S,42,13274.47,2194.28,17765727.8,85113438.6,433191026
1118.9,S,42,13283.18,2195.67,17765727.8,85113439.0,433191029
1119.9,S,42,13291.90,2197.04,17765727.8,85113503.7,433191083
1120.9,S,42,13300.53,2198.43,17765727.8,85113504.1,433191087
1121.9,S,46,13308.32,2199.86,17765727.8,85113607.1,433191183
1122.9,S,45,13320.67,2201.57,17765727.8,85113639.5,433191214
1123.9,S,42,13329.50,2203.09,17765727.8,85113768.5,433191324
1124.9,S,42,13338.28,2204.57,17765727.8,85113779.4,433191337
1125.9,S,42,13347.04,2205.97,17765727.8,85113779.7,433191340
1126.9,S,42,13355.72,2207.39,17765727.8,85113780.0,433191344
1127.9,S,42,13364.46,2208.75,17765727.8,85113780.2,433191345
1128.9,S,46,13372.55,2210.05,17765727.8,85113947.9,433191493
1129.9,S,42,13384.16,2211.66,17765727.8,85114044.1,433191583
1130.9,S,42,13392.97,2213.11,17765727.8,85114044.4,433191588
1131.9,S,42,13401.65,2214.60,17765727.8,85114044.8,433191594
1132.9,S,42,13410.45,2215.89,17765727.8,85114109.6,433191648
1133.9,S,42,13419.10,2217.22,17765727.8,85114120.3,433191663
1134.9,S,42,13427.77,2218.61,17765727.8,85114120.9,433191668
1135.9,S,46,13437.03,2220.11,17765727.8,85114223.9,433191767
1136.9,S,42,13448.29,2221.71,17765727.8,85114320.0,433191861
1137.9,S,42,13457.14,2223.01,17765727.8,85114340.8,433191934
1138.9,S,42,13465.05,2224.44,17765727.8,85114385.0,433192575
1139.9,S,42,13473.69,2225.87,17765727.8,85114385.6,433192579
1140.9,S,42,13482.46,2227.32,17765727.8,85114385.8,433192580
1141.9,S,42,13491.11,2228.61,17765727.8,85114397.0,433192596
1142.9,S,46,13500.77,2230.04,17765727.8,85114582.8,433192759
1143.9,S,42,13511.56,2231.58,17765727.8,85114689.2,433192859
1144.9,S,42,13520.22,2232.94,17765727.8,85114689.8,433192862
1145.9,S,42,13528.90,2234.51,17765727.8,85114690.1,433192867
1146.9,S,42,13537.69,2235.83,17765727.8,85114690.8,433192871
1147.9,S,42,13546.37,2237.29,17765727.8,85114755.5,433192930
1148.9,S,42,13555.26,2238.66,17765727.8,85114755.8,433192933
1149.9,S,46,13565.29,2239.97,17765727.8,85114858.9,433193035
1150.9,S,42,13573.30,2241.18,17765727.8,85114954.9,433193118
1151.9,S,42,13577.79,2241.88,17765727.8,85115019.6,433193176
1152.9,S,42,13582.47,2242.72,17765727.8,85115030.4,433193191
1153.9,S,42,13587.50,2243.48,17765727.8,85115030.6,433193196
1154.9,S,42,13592.56,2244.24,17765727.8,85115031.1,433193203
1155.9,S,42,13597.76,2245.17,17765727.8,85115031.8,433193205
1156.9,S,42,13602.94,2245.93,17765727.8,85115096.5,433193263
1157.9,S,42,13608.14,2246.71,17765727.8,85115097.2,433193266
1158.9,S,42,13613.31,2247.47,17765727.8,85115097.4,433193267
1159.9,S,42,13618.52,2248.22,17765727.8,85115097.7,433193272
1160.9,S,42,13623.74,2248.99,17765727.8,85115258.6,433193413
1161.9,S,42,13628.95,2249.72,17765727.8,85115259.0,433193417
1162.9,S,42,13634.12,2250.54,17765727.8,85115259.6,433193420
1163.9,S,42,13639.25,2251.33,17765727.8,85115259.8,433193424
1164.9,S,42,13644.43,2252.13,17765727.8,85115324.4,433193486
1165.9,S,46,13652.19,2252.93,17765727.8,85115409.0,433193576
1166.9,S,42,13657.70,2253.72,17765727.8,85115528.8,433193683
1167.9,S,42,13662.15,2254.47,17765727.8,85115529.4,433193685
1168.9,S,42,13666.65,2255.16,17765727.8,85115529.6,433193688
1169.9,S,42,13671.07,2255.92,17765727.8,85115529.9,433193692
1170.9,S,42,13675.66,2256.66,17765727.8,85115598.7,433193756
1171.9,S,42,13680.85,2257.52,17765727.8,85115599.9,433193763
1172.9,S,42,13686.11,2258.37,17765727.8,85115628.2,433193803
1173.9,S,42,13691.36,2259.11,17765727.8,85115628.7,433193807
1174.9,S,42,13696.46,2259.95,17765727.8,85115693.3,433193864
1175.9,S,42,13701.72,2260.78,17765727.8,85115693.7,433193869
1176.9,S,42,13706.91,2261.53,17765727.8,85115760.4,433193926
1177.9,S,42,13712.11,2262.32,17765727.8,85115760.8,433193928
1178.9,S,42,13717.21,2263.09,17765727.8,85115825.7,433193985
1179.9,S,42,13722.55,2264.00,17765727.8,85115838.6,433194002
1180.9,S,42,13728.49,2264.89,17765727.8,85115838.8,433194004
1181.9,S,57,13747.44,2265.99,17765727.8,85115889.8,433194057
1182.9,S,61,13767.91,2266.90,17765727.8,85115915.1,433194088
1183.9,S,60,13789.80,2267.55,17765727.8,85115939.3,433194116
1184.9,S,57,13805.99,2268.01,17765727.8,85116379.8,433194496
1185.9,S,57,13821.46,2268.28,17765727.8,85116617.7,433194713
1186.9,S,57,13836.56,2268.55,17765727.8,85116762.5,433195296
1187.9,S,57,13852.22,2268.81,17765727.8,85116904.1,433195418
1188.9,S,57,13867.68,2269.12,17765727.8,85117251.5,433195720
1189.9,S,57,13883.14,2269.38,17765727.8,85117486.2,433195926
1190.9,S,57,13898.75,2269.64,17765727.8,85117693.5,433196106
1191.9,S,57,13912.05,2269.92,17765727.8,85117960.3,433196864
1192.9,S,57,13927.31,2270.19,17765727.8,85118254.4,433197114
1193.9,S,57,13942.76,2270.46,17765727.8,85118440.2,433197281
1194.9,S,57,13958.42,2270.73,17765727.8,85118563.6,433197390
1195.9,S,57,13974.03,2270.99,17765727.8,85118793.3,433197588
1196.9,S,57,13989.65,2271.24,17765727.8,85118988.0,433197767
1197.9,S,57,14005.37,2271.49,17765727.8,85119066.4,433197834
1198.9,S,57,14020.12,2271.79,17765727.8,85119496.7,433198209
1199.9,S,57,14035.72,2272.06,17765727.8,85119701.3,433198390
1200.9,S,57,14050.77,2272.39,17765727.8,85120080.4,433199011
1201.9,S,57,14065.78,2272.67,17765727.8,85120357.4,433199461
1202.9,S,57,14081.51,2272.92,17765727.8,85120411.3,433199508
1203.9,S,57,14096.94,2273.24,17765727.8,85120755.1,433199807
1204.9,S,56,14111.73,2273.49,17765727.8,85120853.2,433199899
1205.9,S,56,14126.22,2273.78,17765727.8,85121202.4,433200200
1206.9,S,44,14132.91,2274.03,17765727.8,85121866.7,433200780
1207.9,S,42,14139.08,2276.06,17765727.8,85121868.4,433200787
1208.9,S,42,14147.80,2277.39,17765727.8,85121870.8,433200795
1209.9,S,42,14156.46,2278.75,17765727.8,85121871.0,433200796
1210.9,S,42,14165.21,2280.13,17765727.8,85121871.3,433200798
1211.9,S,42,14173.90,2281.47,17765727.8,85121894.4,433200820
1212.9,S,42,14182.46,2282.93,17765727.8,85121959.2,433200877
1213.9,S,46,14192.89,2284.41,17765727.8,85121982.7,433200907
1214.9,S,42,14203.39,2285.83,17765727.8,85122079.2,433200996
1215.9,S,42,14212.18,2287.23,17765727.8,85122079.6,433200999
1216.9,S,42,14220.91,2288.64,17765727.8,85122158.4,433201073
1217.9,S,42,14229.58,2290.00,17765727.8,85122207.3,433201116
1218.9,S,42,14238.58,2291.42,17765727.8,85122207.6,433201117
1219.9,S,42,14247.42,2292.75,17765727.8,85122207.9,433201121
1220.9,S,46,14259.27,2294.27,17765727.8,85122240.1,433201160
1221.9,S,42,14267.70,2295.69,17765727.8,85122375.4,433201318
1222.9,S,42,14275.95,2297.11,17765727.8,85122401.7,433201852
1223.9,S,42,14284.65,2298.40,17765727.8,85122401.8,433201853
1224.9,S,42,14293.24,2300.08,17765727.8,85122402.1,433201855
1225.9,S,42,14302.08,2301.44,17765727.8,85122402.4,433201858
1226.9,S,46,14310.44,2302.70,17765727.8,85122541.7,433201995
1227.9,S,43,14322.36,2304.23,17765727.8,85122613.9,433202059
1228.9,S,42,14331.03,2305.69,17765727.8,85122660.8,433202104
1229.9,S,42,14339.96,2307.14,17765727.8,85122661.2,433202109
1230.9,S,42,14348.76,2308.50,17765727.8,85122661.3,433202112
1231.9,S,42,14357.62,2309.94,17765727.8,85122662.0,433202115
1232.9,S,42,14366.46,2311.35,17765727.8,85122726.6,433202170
1233.9,S,46,14376.35,2312.93,17765727.8,85122790.7,433202240
1234.9,S,42,14386.65,2314.44,17765727.8,85122886.8,433202325
1235.9,S,42,14395.41,2315.86,17765727.8,85122887.1,433202330
1236.9,S,42,14403.96,2317.46,17765727.8,85122952.0,433202386
1238.0,S,42,14412.73,2318.89,17765727.8,85122952.4,433202389
1239.0,S,42,14421.40,2320.49,17765727.8,85122975.0,433202412
1240.0,S,42,14430.27,2321.92,17765727.8,85122975.6,433202416
1241.0,S,46,14441.40,2323.35,17765727.8,85123078.3,433202509
1242.0,S,42,14450.67,2324.87,17765727.8,85123174.3,433202598
1243.0,S,42,14459.43,2326.18,17765727.8,85123239.4,433202654
1244.0,S,42,14468.26,2327.42,17765727.8,85123239.7,433202659
1245.0,S,42,14477.08,2328.87,17765727.8,85123240.1,433202663
1246.0,S,42,14485.87,2330.34,17765727.8,85123241.1,433202671
1247.0,S,46,14493.73,2331.57,17765727.8,85123410.3,433202829
1248.0,S,46,14506.28,2333.27,17765727.8,85123418.1,433202839
1249.0,S,42,14515.10,2334.62,17765727.8,85123506.7,433202917
1250.0,S,42,14523.89,2336.05,17765727.8,85123506.9,433202921
1251.0,S,42,14532.62,2337.42,17765727.8,85123536.8,433202954
1252.0,S,42,14541.52,2338.81,17765727.8,85123572.1,433202988
1253.0,S,42,14550.08,2340.26,17765727.8,85123572.4,433202989
1254.0,S,46,14559.19,2341.57,17765727.8,85123675.6,433203088
1255.0,S,42,14570.11,2343.03,17765727.8,85123771.6,433203170
1256.0,S,42,14578.17,2344.58,17765727.8,85123837.0,433203239
1257.0,S,42,14586.83,2346.01,17765727.8,85123837.4,433203241
1258.0,S,42,14595.46,2347.44,17765727.8,85123837.7,433203246
1259.0,S,42,14604.22,2348.77,17765727.8,85123838.1,433203249
1260.0,S,42,14612.02,2350.35,17765727.8,85123900.7,433203981
1261.0,S,46,14621.05,2351.82,17765727.8,85124004.0,433204080
1262.0,S,42,14632.00,2353.38,17765727.8,85124099.9,433204165
1263.0,S,42,14640.73,2354.86,17765727.8,85124100.5,433204169
1264.0,S,42,14649.40,2356.25,17765727.8,85124100.8,433204172
1265.0,S,42,14657.99,2357.69,17765727.8,85124165.9,433204232
1266.0,S,42,14666.74,2359.11,17765727.8,85124166.2,433204236
1267.0,S,42,14675.49,2360.39,17765727.8,85124166.4,433204239
1268.0,S,46,14684.94,2361.88,17765727.8,85124269.6,433204332
1269.0,S,42,14695.52,2363.50,17765727.8,85124429.2,433204478
1270.0,S,42,14704.10,2365.04,17765727.8,85124429.8,433204481
1271.0,S,42,14712.90,2366.44,17765727.8,85124430.0,433204484
1272.0,S,42,14721.64,2367.81,17765727.8,85124430.4,433204488
1273.0,S,42,14730.35,2369.24,17765727.8,85124495.0,433204542
1274.0,S,42,14739.06,2370.83,17765727.8,85124495.7,433204547
1275.0,S,46,14749.67,2372.29,17765727.8,85124598.5,433204643
1276.0,S,42,14759.02,2373.76,17765727.8,85124694.4,433204742
1277.0,S,42,14767.67,2375.25,17765727.8,85124694.8,433204746
1278.0,S,42,14776.16,2376.73,17765727.8,85124758.6,433204804
1279.0,S,42,14784.87,2378.17,17765727.8,85124759.2,433204806
1280.0,S,42,14793.56,2379.64,17765727.8,85124759.4,433204809
1281.0,S,42,14802.36,2381.00,17765727.8,85124760.0,433204813
1282.0,S,46,14813.32,2382.54,17765727.8,85124927.4,433204981
1283.0,S,42,14822.38,2384.01,17765727.8,85125023.5,433205071
1284.0,S,42,14831.05,2385.41,17765727.8,85125023.7,433205072
1285.0,S,42,14840.01,2386.76,17765727.8,85125024.3,433205073
1286.0,S,42,14848.22,2388.15,17765727.8,85125047.5,433205613
1287.0,S,42,14856.60,2389.60,17765727.8,85125088.8,433205824
1288.0,S,42,14865.15,2390.92,17765727.8,85125132.9,433205865
1289.0,S,46,14876.81,2392.51,17765727.8,85125192.2,433205920
1290.0,S,42,14885.71,2393.98,17765727.8,85125288.5,433206005
1291.0,S,42,14894.36,2395.45,17765727.8,85125353.1,433206061
1292.0,S,42,14903.16,2397.08,17765727.8,85125353.8,433206065
1293.0,S,42,14912.05,2398.46,17765727.8,85125354.0,433206068
1294.0,S,42,14920.74,2399.80,17765727.8,85125354.3,433206071
1295.0,S,46,14929.21,2401.21,17765727.8,85125520.9,433206225
1296.0,S,42,14940.52,2402.84,17765727.8,85125616.8,433206310
1297.0,S,42,14949.20,2404.30,17765727.8,85125617.3,433206312
1298.0,S,42,14957.88,2405.72,17765727.8,85125617.6,433206316
1299.0,S,42,14966.70,2407.10,17765727.8,85125682.3,433206372
1300.0,S,42,14975.51,2408.56,17765727.8,85125682.6,433206376
1301.0,S,42,14984.13,2409.99,17765727.8,85125683.0,433206379
1302.0,S,46,14993.00,2411.36,17765727.8,85125786.2,433206473
1303.0,S,42,15004.14,2413.03,17765727.8,85125945.5,433206617
1304.0,S,42,15012.80,2414.57,17765727.8,85125946.0,433206619
1305.0,S,42,15021.29,2416.08,17765727.8,85125946.2,433206620
1306.0,S,42,15030.04,2417.62,17765727.8,85125946.5,433206625
1307.0,S,42,15038.78,2419.08,17765727.8,85125947.1,433206627
1308.0,S,42,15047.34,2420.55,17765727.8,85126012.1,433206685
1309.0,S,46,15057.22,2422.03,17765727.8,85126114.8,433206783
1310.0,S,43,15067.55,2423.49,17765727.8,85126194.3,433207335
1311.0,S,42,15073.09,2424.43,17765727.8,85126210.8,433207424
1312.0,S,42,15078.83,2425.40,17765727.8,85126274.8,433207485
1313.0,S,42,15084.94,2426.23,17765727.8,85126275.3,433207487
1314.0,S,42,15090.88,2427.17,17765727.8,85126275.5,433207489
1315.0,S,42,15096.81,2428.01,17765727.8,85126275.8,433207492
1316.0,S,42,15102.69,2428.89,17765727.8,85126340.4,433207552
1317.0,S,42,15108.76,2429.87,17765727.8,85126341.0,433207557
1318.0,S,42,15114.93,2430.73,17765727.8,85126341.2,433207560
1319.0,S,42,15120.87,2431.68,17765727.8,85126341.6,433207565
1320.0,S,42,15126.99,2432.59,17765727.8,85126505.2,433207705
1321.0,S,46,15134.81,2433.64,17765727.8,85126508.0,433207709
1322.0,S,42,15142.36,2434.66,17765727.8,85126604.3,433207798
1323.0,S,42,15147.09,2435.47,17765727.8,85126604.7,433207802
1324.0,S,42,15151.85,2436.25,17765727.8,85126669.3,433207860
1325.0,S,42,15156.73,2436.96,17765727.8,85126669.9,433207863
1326.0,S,42,15161.69,2437.72,17765727.8,85126670.3,433207865
1327.0,S,42,15166.49,2438.49,17765727.8,85126670.6,433207869
1328.0,S,42,15171.25,2439.27,17765727.8,85126671.0,433207872
1329.0,S,42,15176.42,2440.07,17765727.8,85126734.7,433207934
1330.0,S,42,15181.90,2440.90,17765727.8,85126824.7,433208012
1331.0,S,42,15187.44,2441.82,17765727.8,85126825.3,433208016
1332.0,S,42,15192.96,2442.62,17765727.8,85126825.5,433208018
1333.0,S,42,15198.51,2443.41,17765727.8,85126890.3,433208075
1334.0,S,42,15204.15,2444.17,17765727.8,85126890.9,433208077
1335.0,S,42,15209.68,2445.07,17765727.9,85126964.1,433208146
1336.0,S,42,15215.24,2445.88,17765727.9,85126964.6,433208148
1337.0,S,42,15221.08,2446.85,17765727.9,85127028.1,433208207
1338.0,S,46,15230.53,2447.88,17765727.9,85127041.4,433208233
1339.0,S,42,15232.59,2448.10,17765727.9,85127137.4,433208319
1340.0,S,42,15233.57,2448.12,17765727.9,85127191.1,433208368
1341.0,S,42,15234.48,2448.15,17765727.9,85127255.7,433208436
1342.0,S,42,15235.47,2448.16,17765727.9,85127256.4,433208442
1343.0,S,42,15236.38,2448.22,17765727.9,85127294.2,433208486
1344.0,S,57,15241.72,2448.31,17765727.9,85127295.0,433208492
1345.0,S,57,15257.49,2448.56,17765727.9,85127295.5,433208493
1346.0,S,57,15273.27,2448.80,17765727.9,85127295.8,433208497
1347.0,S,57,15289.02,2449.03,17765727.9,85127342.7,433208542
1348.0,S,57,15304.61,2449.31,17765727.9,85127561.4,433208735
1349.0,S,57,15319.33,2449.65,17765727.9,85128095.2,433209189
1350.0,S,57,15334.95,2449.93,17765727.9,85128257.7,433209334
1351.0,S,57,15350.64,2450.19,17765727.9,85128353.5,433209419
1352.0,S,57,15366.24,2450.45,17765727.9,85128484.8,433209604
1353.0,S,57,15378.00,2450.71,17765727.9,85128810.1,433210606
1354.0,S,57,15391.73,2450.99,17765727.9,85129196.2,433210942
1355.0,S,57,15407.44,2451.24,17765727.9,85129274.5,433211011
1356.1,S,57,15423.19,2451.50,17765727.9,85129302.4,433211037
1357.1,S,57,15435.99,2451.79,17765727.9,85129637.7,433211857
1358.1,S,57,15448.06,2452.07,17765727.9,85130142.6,433212546
1359.1,S,57,15463.64,2452.33,17765727.9,85130394.4,433212769
1360.1,S,57,15479.35,2452.57,17765727.9,85130495.8,433212859
1361.1,S,57,15494.94,2452.86,17765727.9,85130655.5,433212998
1362.1,S,57,15510.38,2453.11,17765727.9,85130865.4,433213188
1363.1,S,57,15525.91,2453.39,17765727.9,85131138.7,433213424
1364.1,S,57,15541.69,2453.62,17765727.9,85131139.1,433213440
1365.1,S,57,15556.78,2453.93,17765727.9,85131568.8,433213805
1366.1,S,57,15572.21,2454.20,17765727.9,85131808.5,433214012
1367.1,S,56,15580.74,2454.46,17765727.9,85132040.3,433214617
1368.1,S,56,15595.13,2454.77,17765727.9,85132353.7,433214890
1369.1,S,56,15609.60,2455.05,17765727.9,85132511.5,433215027
1370.1,S,56,15624.22,2455.31,17765727.9,85132687.9,433215181
1371.1,S,50,15635.99,2455.54,17765727.9,85132939.4,433215402
1372.1,S,43,15640.92,2455.72,17765727.9,85133418.1,433215819
1373.1,S,42,15642.27,2456.71,17765727.9,85133465.3,433215865
1374.1,S,42,15650.85,2458.15,17765727.9,85133465.7,433215868
1375.1,S,42,15659.52,2459.58,17765727.9,85133465.8,433215869
1376.1,S,42,15668.20,2460.93,17765727.9,85133468.1,433215876
1377.1,S,42,15676.96,2462.30,17765727.9,85133532.7,433215932
1378.1,S,42,15685.63,2463.68,17765727.9,85133533.1,433215938
1379.1,S,42,15694.32,2465.05,17765727.9,85133533.4,433215939
1380.1,S,46,15705.87,2466.67,17765727.9,85133557.7,433215975
1381.1,S,42,15715.40,2468.22,17765727.9,85133654.0,433216065
1382.1,S,42,15724.09,2469.65,17765727.9,85133747.6,433216151
1383.1,S,42,15732.85,2470.96,17765727.9,85133747.7,433216152
1384.1,S,42,15741.41,2472.38,17765727.9,85133784.2,433216192
1385.1,S,42,15750.20,2473.80,17765727.9,85133784.3,433216192
1386.1,S,46,15758.40,2475.13,17765727.9,85133834.1,433216250
1387.1,S,46,15770.39,2476.80,17765727.9,85133904.0,433216313
1388.1,S,42,15779.25,2478.15,17765727.9,85133995.5,433216398
1389.1,S,42,15787.99,2479.64,17765727.9,85133995.8,433216399
1390.1,S,42,15796.69,2481.05,17765727.9,85133996.2,433216402
1391.1,S,42,15805.54,2482.45,17765727.9,85133996.3,433216403
1392.1,S,42,15814.31,2483.77,17765727.9,85134061.2,433216463
1393.1,S,46,15823.11,2485.16,17765727.9,85134136.8,433216534
1394.1,S,42,15835.00,2486.73,17765727.9,85134233.4,433216627
1395.1,S,42,15843.70,2488.15,17765727.9,85134268.6,433216662
1396.1,S,42,15852.54,2489.46,17765727.9,85134269.0,433216666
1397.1,S,42,15861.47,2490.88,17765727.9,85134269.1,433216666
1398.1,S,42,15870.32,2492.22,17765727.9,85134269.7,433216674
1399.1,S,42,15879.17,2493.60,17765727.9,85134335.0,433216735
1400.1,S,46,15888.69,2495.01,17765727.9,85134436.2,433216840
1401.1,S,42,15899.33,2496.47,17765727.9,85134559.3,433216953
1402.1,S,42,15908.22,2497.93,17765727.9,85134559.5,433216956
1403.1,S,42,15916.58,2499.30,17765727.9,85134621.7,433217415
1404.1,S,42,15925.23,2500.85,17765727.9,85134624.9,433217487
1405.1,S,42,15933.81,2502.28,17765727.9,85134653.0,433217517
1406.1,S,42,15942.60,2503.59,17765727.9,85134653.3,433217521
1407.1,S,46,15952.85,2504.85,17765727.9,85134756.2,433217615
1408.1,S,42,15963.14,2506.45,17765727.9,85134852.4,433217699
1409.1,S,42,15971.84,2507.86,17765727.9,85134917.0,433217756
1410.1,S,42,15980.45,2509.27,17765727.9,85134917.7,433217760
1411.1,S,42,15989.15,2510.65,17765727.9,85134918.1,433217763
1412.1,S,42,15997.83,2512.05,17765727.9,85134918.5,433217767
1413.1,S,42,16006.37,2513.46,17765727.9,85134918.7,433217769
1414.1,S,46,16016.37,2514.85,17765727.9,85135086.1,433217919
1415.1,S,42,16026.87,2516.43,17765727.9,85135182.3,433218006
1416.1,S,42,16035.73,2517.90,17765727.9,85135182.8,433218011
1417.1,S,42,16044.04,2519.48,17765727.9,85135231.0,433218056
1418.1,S,42,16052.85,2520.79,17765727.9,85135231.3,433218060
1419.1,S,42,16061.50,2522.31,17765727.9,85135231.5,433218063
1420.1,S,42,16070.19,2523.78,17765727.9,85135231.8,433218067
1421.1,S,46,16081.01,2525.37,17765727.9,85135399.2,433218221
1422.1,S,42,16090.62,2526.88,17765727.9,85135495.4,433218308
1423.1,S,42,16099.33,2528.18,17765727.9,85135496.1,433218311
1424.1,S,42,16108.09,2529.64,17765727.9,85135496.3,433218313
1425.1,S,42,16116.77,2531.04,17765727.9,85135561.0,433218372
1426.1,S,42,16125.30,2532.49,17765727.9,85135568.7,433218384
1427.1,S,46,16133.35,2533.77,17765727.9,85135672.0,433218488
1428.1,S,44,16145.52,2535.36,17765727.9,85135744.1,433218553
1429.1,S,42,16154.36,2536.86,17765727.9,85135768.4,433218647
1430.1,S,42,16163.29,2538.32,17765727.9,85135833.1,433218721
1431.1,S,42,16172.06,2539.78,17765727.9,85135833.3,433218724
1432.1,S,42,16180.86,2541.16,17765727.9,85135833.9,433218727
1433.1,S,42,16189.53,2542.59,17765727.9,85135887.8,433218775
1434.1,S,46,16199.11,2544.06,17765727.9,85135990.9,433218870
1435.1,S,42,16209.88,2545.63,17765727.9,85136086.9,433218962
1436.1,S,42,16218.41,2547.13,17765727.9,85136087.0,433218965
1437.1,S,42,16227.07,2548.51,17765727.9,85136087.3,433218968
1438.1,S,42,16235.75,2549.92,17765727.9,85136152.3,433219026
1439.1,S,42,16244.61,2551.32,17765727.9,85136152.9,433219028
1440.1,S,42,16253.40,2552.65,17765727.9,85136153.1,433219030
1441.1,S,46,16263.82,2554.11,17765727.9,85136256.1,433219124
1442.1,S,42,16273.48,2555.52,17765727.9,85136416.6,433219266
1443.1,S,42,16282.20,2557.05,17765727.9,85136416.9,433219271
1444.1,S,42,16290.99,2558.36,17765727.9,85136417.4,433219274
1445.1,S,42,16299.52,2559.87,17765727.9,85136418.1,433219278
1446.1,S,42,16307.94,2561.54,17765727.9,85136476.3,433219336
1447.1,S,42,16316.69,2562.85,17765727.9,85136488.4,433219350
1448.1,S,46,16327.99,2564.45,17765727.9,85136579.6,433219439
1449.1,S,42,16337.03,2565.88,17765727.9,85136676.3,433219529
1450.1,S,42,16346.00,2567.19,17765727.9,85136741.2,433219589
1451.1,S,42,16354.62,2568.72,17765727.9,85136741.5,433219594
1452.1,S,42,16363.47,2570.17,17765727.9,85136741.7,433219597
1453.1,S,42,16372.26,2571.65,17765727.9,85136742.0,433219600
1454.1,S,46,16380.56,2573.12,17765727.9,85136907.8,433219756
1455.1,S,46,16392.39,2574.73,17765727.9,85136916.1,433219966
1456.1,S,42,16400.91,2576.02,17765727.9,85137004.6,433220592
1457.1,S,42,16409.68,2577.33,17765727.9,85137004.8,433220597
1458.1,S,42,16418.28,2578.81,17765727.9,85137069.6,433220658
1459.1,S,42,16426.86,2580.20,17765727.9,85137069.9,433220660
1460.1,S,42,16435.60,2581.55,17765727.9,85137070.4,433220664
1461.1,S,46,16444.32,2583.09,17765727.9,85137173.1,433220758
1462.1,S,42,16455.70,2584.62,17765727.9,85137322.7,433220890
1463.1,S,42,16464.15,2586.07,17765727.9,85137323.1,433220895
1464.1,S,42,16472.65,2587.47,17765727.9,85137323.4,433220899
1465.1,S,42,16481.35,2588.79,17765727.9,85137323.9,433220907
1466.1,S,42,16490.28,2590.26,17765727.9,85137389.0,433220965
1467.1,S,42,16499.05,2591.62,17765727.9,85137389.6,433220969
1468.1,S,46,16507.59,2592.91,17765727.9,85137492.6,433221065
1469.1,S,43,16519.41,2594.57,17765727.9,85137564.6,433221131
1470.1,S,42,16527.89,2596.09,17765727.9,85137642.8,433221204
1471.1,S,42,16536.49,2597.47,17765727.9,85137643.1,433221209
1472.1,S,42,16545.20,2598.93,17765727.9,85137644.4,433221217
1473.1,S,42,16553.91,2600.34,17765727.9,85137644.5,433221220
1474.1,S,42,16562.56,2601.72,17765727.9,85137709.2,433221280
1475.1,S,46,16571.08,2602.98,17765727.9,85137812.0,433221376
1476.1,S,43,16582.98,2604.67,17765727.9,85137899.6,433221454
1477.1,S,42,16591.67,2605.98,17765727.9,85137908.5,433221465
1478.1,S,42,16600.28,2607.43,17765727.9,85137962.9,433221514
1479.1,S,42,16609.16,2608.80,17765727.9,85137963.0,433221516
1480.1,S,42,16617.81,2610.26,17765727.9,85137963.3,433221519
1481.2,S,42,16626.47,2611.66,17765727.9,85137963.5,433221521
1482.2,S,42,16633.08,2612.61,17765727.9,85138061.3,433221852
1483.4,S,46,16645.23,2614.21,17765727.9,85138132.1,433222153
1484.4,S,42,16651.33,2615.17,17765727.9,85138228.5,433222238
1485.4,S,42,16656.95,2616.11,17765727.9,85138282.3,433222287
1486.4,S,42,16663.60,2617.05,17765727.9,85138282.7,433222290
1487.4,S,42,16670.14,2617.98,17765727.9,85138283.0,433222292
1488.4,S,42,16676.53,2618.89,17765727.9,85138283.6,433222295
1489.4,S,42,16682.94,2619.93,17765727.9,85138284.0,433222298
1490.4,S,42,16689.36,2620.92,17765727.9,85138348.8,433222358
1491.4,S,42,16695.87,2621.90,17765727.9,85138349.1,433222364
1492.4,S,42,16702.36,2622.90,17765727.9,85138349.4,433222367
1493.4,S,42,16708.86,2623.76,17765727.9,85138360.4,433222377
1494.4,S,46,16715.97,2624.77,17765727.9,85138506.7,433222512
1495.4,S,43,16724.49,2625.80,17765727.9,85138602.4,433222600
1496.4,S,42,16729.17,2626.54,17765727.9,85138602.8,433222603
1497.4,S,42,16734.01,2627.21,17765727.9,85138603.0,433222605
1498.4,S,42,16738.64,2628.09,17765727.9,85138667.7,433222661
1499.4,S,42,16743.32,2628.78,17765727.9,85138752.4,433222735
1500.4,S,42,16748.13,2629.54,17765727.9,85138752.8,433222737
1501.4,S,42,16752.79,2630.31,17765727.9,85138806.6,433222784
1502.4,S,42,16758.25,2631.25,17765727.9,85138807.0,433222789
1503.4,S,42,16763.75,2632.02,17765727.9,85138807.2,433222792
1504.4,S,42,16769.21,2632.93,17765727.9,85138807.8,433222794
1505.4,S,42,16774.65,2633.83,17765727.9,85138808.4,433222796
1506.4,S,42,16780.19,2634.72,17765727.9,85138873.1,433222857
1507.4,S,42,16785.64,2635.60,17765727.9,85138873.3,433222860
1508.4,S,42,16791.10,2636.49,17765727.9,85138873.6,433222862
1509.4,S,42,16796.97,2637.46,17765727.9,85139001.9,433222974
1510.4,S,46,16803.58,2638.40,17765727.9,85139021.3,433223001
1511.4,S,45,16812.71,2639.47,17765727.9,85139079.4,433223052
1512.4,S,42,16814.54,2639.62,17765727.9,85139117.7,433223095
1513.4,S,42,16815.47,2639.64,17765727.9,85139182.2,433223150
1514.4,S,42,16816.46,2639.66,17765727.9,85139204.7,433223189
1515.4,S,42,16817.44,2639.67,17765727.9,85139236.1,433223770
1516.4,S,42,16818.33,2639.75,17765727.9,85139290.3,433223823
1517.4,S,42,16819.32,2639.76,17765727.9,85139290.4,433223826
1518.4,S,42,16820.30,2639.78,17765727.9,85139290.6,433223827
1519.4,S,42,16821.29,2639.79,17765727.9,85139290.7,433223828
1520.4,S,42,16822.21,2639.83,17765727.9,85139355.7,433223884
1521.4,S,42,16823.20,2639.84,17765727.9,85139356.1,433223896
1522.4,S,42,16824.19,2639.85,17765727.9,85139356.3,433223900
1523.4,S,42,16825.11,2639.89,17765727.9,85139410.0,433223949
1524.4,S,42,16826.09,2639.91,17765727.9,85139410.2,433223953
1525.4,S,42,16827.08,2639.92,17765727.9,85139438.3,433223980
1526.4,S,42,16828.00,2639.96,17765727.9,85139503.1,433224040
1527.4,S,42,16828.99,2639.97,17765727.9,85139503.8,433224044
1528.4,S,42,16829.98,2639.98,17765727.9,85139504.0,433224049
1529.4,S,42,16830.89,2640.02,17765727.9,85139557.5,433224098
1530.4,S,42,16831.88,2640.04,17765727.9,85139557.8,433224100
1531.4,S,42,16832.86,2640.06,17765727.9,85139558.1,433224100
1532.4,S,42,16833.84,2640.08,17765727.9,85139558.7,433224106
1533.4,S,42,16834.78,2640.10,17765727.9,85139623.3,433224165
1534.4,S,42,16835.77,2640.10,17765727.9,85139623.5,433224169
1535.4,S,42,16836.75,2640.12,17765727.9,85139623.6,433224172
1536.4,S,42,16837.67,2640.17,17765727.9,85139677.3,433224220
1537.4,S,42,16838.65,2640.19,17765727.9,85139677.9,433224223
1538.4,S,42,16839.63,2640.20,17765727.9,85139678.1,433224227
1539.5,S,42,16840.56,2640.24,17765727.9,85139742.6,433224283
1540.5,S,42,16841.53,2640.26,17765727.9,85139747.1,433224291
1541.5,S,42,16842.46,2640.30,17765727.9,85139783.7,433224328
1542.5,S,57,16844.31,2640.33,17765727.9,85139784.0,433224333
1543.5,S,57,16860.07,2640.58,17765727.9,85139784.9,433224338
1544.5,S,57,16875.86,2640.81,17765727.9,85139786.3,433224344
1545.5,S,57,16891.61,2641.05,17765727.9,85139825.5,433224381
1546.5,S,57,16907.30,2641.29,17765727.9,85139925.1,433224471
1547.5,S,57,16921.88,2641.61,17765727.9,85140351.6,433225034
1548.5,S,57,16936.71,2641.87,17765727.9,85140546.6,433225513
1549.5,S,57,16952.43,2642.13,17765727.9,85140604.8,433225564
1550.5,S,57,16967.97,2642.40,17765727.9,85140762.7,433225702
1551.5,S,57,16982.79,2642.72,17765727.9,85141280.2,433226140
1552.5,S,57,16991.11,2642.93,17765727.9,85141565.2,433226883
1553.5,S,57,17006.53,2643.17,17765727.9,85141754.6,433227164
1554.5,S,57,17022.16,2643.44,17765727.9,85141934.9,433227320
1555.5,S,57,17037.81,2643.70,17765727.9,85142096.9,433227461
1556.5,S,57,17053.18,2643.99,17765727.9,85142362.2,433227696
1557.5,S,57,17067.58,2644.26,17765727.9,85142657.6,433228186
1558.5,S,57,17083.05,2644.55,17765727.9,85142863.7,433228373
1559.5,S,57,17098.52,2644.82,17765727.9,85143062.9,433228542
1560.5,S,57,17113.70,2645.12,17765727.9,85143476.9,433228900
1561.5,S,57,17129.42,2645.38,17765727.9,85143527.2,433228949
1562.5,S,57,17145.05,2645.65,17765727.9,85143693.8,433229097
1563.5,S,57,17160.11,2645.98,17765727.9,85144156.8,433229495
1564.5,S,57,17175.56,2646.25,17765727.9,85144334.0,433229650
1565.5,S,57,17191.21,2646.50,17765727.9,85144520.0,433229812
1566.5,S,56,17205.61,2646.80,17765727.9,85144814.1,433230068
1567.5,S,56,17220.08,2647.07,17765727.9,85144960.5,433230197
1568.5,S,56,17233.96,2647.33,17765727.9,85145077.2,433230600
1569.5,S,56,17240.52,2647.50,17765727.9,85145255.0,433231326
1570.5,S,44,17249.50,2647.80,17765727.9,85145879.0,433231951
1571.5,S,42,17249.96,2648.28,17765727.9,85145921.6,433232221
1572.5,S,42,17255.56,2649.54,17765727.9,85145925.3,433232228
1573.5,S,42,17264.27,2650.98,17765727.9,85145925.4,433232229
1574.5,S,42,17273.02,2652.42,17765727.9,85145925.8,433232232
1575.5,S,42,17281.69,2653.86,17765727.9,85145925.9,433232235
1576.5,S,42,17290.22,2655.43,17765727.9,85145991.0,433232294
1577.5,S,42,17298.97,2656.69,17765727.9,85145991.2,433232296
1578.5,S,46,17308.51,2658.16,17765727.9,85146015.6,433232324
1579.5,S,42,17319.76,2659.73,17765727.9,85146111.3,433232407
1580.5,S,42,17328.47,2661.18,17765727.9,85146176.0,433232466
1581.5,S,42,17337.20,2662.62,17765727.9,85146176.4,433232468
1582.5,S,42,17345.67,2664.12,17765727.9,85146196.8,433232492
1583.5,S,42,17354.37,2665.43,17765727.9,85146197.0,433232493
1584.5,S,42,17363.14,2667.00,17765727.9,85146197.3,433232495
1585.5,S,46,17373.97,2668.67,17765727.9,85146247.4,433232541
1586.5,S,42,17384.01,2670.22,17765727.9,85146408.1,433232685
1587.5,S,42,17392.64,2671.70,17765727.9,85146408.4,433232689
1588.5,S,42,17401.13,2673.17,17765727.9,85146408.9,433232693
1589.5,S,42,17409.81,2674.71,17765727.9,85146409.2,433232696
1590.5,S,42,17418.42,2676.11,17765727.9,85146472.4,433232754
1591.5,S,42,17427.14,2677.47,17765727.9,85146472.4,433232755
1592.5,S,46,17437.96,2679.05,17765727.9,85146547.7,433232825
1593.5,S,42,17447.45,2680.68,17765727.9,85146644.2,433233106
1594.5,S,42,17456.13,2682.07,17765727.9,85146644.3,433233109
1595.5,S,42,17464.49,2683.53,17765727.9,85146709.3,433233257
1596.5,S,42,17473.27,2684.95,17765727.9,85146709.7,433233262
1597.5,S,42,17481.92,2686.25,17765727.9,85146739.1,433233291
1598.5,S,42,17490.72,2687.70,17765727.9,85146739.7,433233296
1599.5,S,46,17501.80,2689.20,17765727.9,85146903.0,433233445
1600.5,S,42,17510.85,2690.55,17765727.9,85146999.2,433233531
1601.5,S,42,17519.45,2691.95,17765727.9,85146999.8,433233534
1602.5,S,42,17528.18,2693.35,17765727.9,85146999.9,433233537
1603.5,S,42,17536.83,2694.94,17765727.9,85147064.7,433233595
1604.5,S,42,17545.47,2696.46,17765727.9,85147065.2,433233599
1605.5,S,42,17554.14,2697.87,17765727.9,85147065.5,433233601
1606.5,S,46,17565.51,2699.35,17765727.9,85147168.5,433233690
1607.5,S,42,17574.19,2700.70,17765727.9,85147326.5,433234194
1608.5,S,42,17583.07,2702.11,17765727.9,85147326.7,433234197
1609.5,S,42,17591.79,2703.45,17765727.9,85147326.9,433234201
1610.5,S,42,17600.47,2704.80,17765727.9,85147327.3,433234211
1611.5,S,42,17609.17,2706.18,17765727.9,85147392.0,433234266
1612.5,S,42,17617.79,2707.48,17765727.9,85147392.4,433234269
1613.5,S,46,17629.08,2708.91,17765727.9,85147495.2,433234365
1614.5,S,42,17638.01,2710.39,17765727.9,85147590.9,433234451
1615.5,S,42,17646.48,2711.94,17765727.9,85147652.2,433234508
1616.5,S,42,17655.14,2713.25,17765727.9,85147652.5,433234510
1617.5,S,42,17663.99,2714.54,17765727.9,85147653.2,433234513
1618.5,S,42,17672.64,2715.84,17765727.9,85147653.4,433234516
1619.5,S,42,17680.39,2717.09,17765727.9,85147735.4,433234632
1620.5,S,46,17690.69,2718.57,17765727.9,85147820.9,433234799
1621.5,S,42,17699.98,2720.00,17765727.9,85147916.8,433234888
1622.5,S,42,17708.78,2721.34,17765727.9,85147917.0,433234890
1623.5,S,42,17717.59,2722.71,17765727.9,85147974.1,433234943
1624.5,S,42,17726.29,2724.15,17765727.9,85147974.4,433234946
1625.5,S,42,17735.13,2725.69,17765727.9,85147974.7,433234950
1626.5,S,46,17743.16,2727.08,17765727.9,85148078.2,433235044
1627.5,S,46,17755.17,2728.74,17765727.9,85148162.9,433235118
1628.5,S,42,17763.05,2730.04,17765727.9,85148238.9,433235725
1629.5,S,42,17771.67,2731.43,17765727.9,85148239.5,433235728
1630.5,S,42,17780.66,2732.92,17765727.9,85148239.6,433235731
1631.5,S,42,17789.50,2734.35,17765727.9,85148240.0,433235734
1632.5,S,42,17798.27,2735.69,17765727.9,85148304.9,433235791
1633.5,S,46,17807.03,2736.99,17765727.9,85148419.1,433235902
1634.5,S,42,17818.39,2738.52,17765727.9,85148515.7,433235990
1635.5,S,42,17827.13,2739.91,17765727.9,85148543.5,433236019
1636.5,S,42,17835.84,2741.35,17765727.9,85148543.8,433236023
1637.5,S,42,17844.60,2742.71,17765727.9,85148608.8,433236083
1638.5,S,42,17853.14,2744.28,17765727.9,85148609.0,433236086
1639.5,S,42,17861.74,2745.68,17765727.9,85148609.5,433236089
1640.5,S,46,17870.96,2747.09,17765727.9,85148712.3,433236186
1641.5,S,42,17881.69,2748.52,17765727.9,85148872.4,433236334
1642.5,S,42,17890.33,2749.90,17765727.9,85148872.6,433236335
1643.5,S,42,17899.19,2751.33,17765727.9,85148873.3,433236340
1644.5,S,42,17907.98,2752.72,17765727.9,85148873.5,433236342
1645.5,S,42,17916.77,2754.05,17765727.9,85148938.3,433236401
1646.5,S,42,17925.46,2755.59,17765727.9,85148938.8,433236416
1647.5,S,46,17934.89,2757.18,17765727.9,85149041.4,433236516
1648.5,S,42,17945.51,2758.93,17765727.9,85149180.8,433236638
1649.5,S,42,17954.29,2760.42,17765727.9,85149181.3,433236641
1650.5,S,42,17962.87,2761.88,17765727.9,85149181.6,433236648
1651.5,S,42,17971.70,2763.33,17765727.9,85149182.1,433236649
1652.5,S,42,17980.43,2764.78,17765727.9,85149182.2,433236651
1653.5,S,42,17989.03,2766.15,17765727.9,85149247.0,433236710
1654.5,S,46,17999.39,2767.65,17765727.9,85149350.0,433236806
1655.5,S,46,18009.40,2769.22,17765727.9,85149386.0,433237487
1656.5,S,42,18018.05,2770.54,17765727.9,85149446.5,433237551
1657.5,S,42,18026.70,2771.99,17765727.9,85149507.6,433237610
1658.5,S,42,18035.34,2773.35,17765727.9,85149507.7,433237612
1659.5,S,42,18044.06,2774.79,17765727.9,85149508.0,433237617
1660.5,S,42,18052.69,2776.27,17765727.9,85149508.5,433237620
1661.6,S,46,18063.77,2777.99,17765727.9,85149675.8,433237775
1662.6,S,42,18072.87,2779.35,17765727.9,85149772.0,433237875
1663.6,S,42,18081.53,2780.67,17765727.9,85149772.3,433237880
1664.6,S,42,18090.23,2782.05,17765727.9,85149772.5,433237882
1665.6,S,42,18098.85,2783.55,17765727.9,85149835.4,433237942
1666.6,S,42,18107.51,2784.95,17765727.9,85149835.8,433237945
1667.6,S,46,18115.45,2786.26,17765727.9,85149938.6,433238040
1668.6,S,46,18127.52,2787.94,17765727.9,85150010.8,433238107
1669.6,S,42,18136.35,2789.42,17765727.9,85150083.7,433238174
1670.6,S,42,18145.17,2790.90,17765727.9,85150099.8,433238192
1671.6,S,42,18153.91,2792.33,17765727.9,85150100.2,433238196
1672.6,S,42,18162.59,2793.81,17765727.9,85150100.4,433238198
1673.6,S,42,18171.08,2795.25,17765727.9,85150147.7,433238243
1674.6,S,46,18179.58,2796.73,17765727.9,85150250.9,433238345
1675.6,S,42,18191.06,2798.31,17765727.9,85150347.0,433238431
1676.6,S,42,18199.85,2799.74,17765727.9,85150347.4,433238433
1677.6,S,42,18208.47,2801.04,17765727.9,85150412.1,433238489
1678.6,S,42,18217.10,2802.48,17765727.9,85150412.3,433238491
1679.6,S,42,18225.84,2803.82,17765727.9,85150412.9,433238494
1680.6,S,42,18234.37,2805.25,17765727.9,85150462.9,433238541
1681.6,S,42,18240.87,2806.24,17765727.9,85150532.3,433238828
1682.6,S,46,18250.28,2807.48,17765727.9,85150566.5,433239082
1683.6,S,42,18257.72,2808.54,17765727.9,85150662.6,433239171
1684.6,S,42,18263.20,2809.44,17765727.9,85150663.2,433239174
1685.6,S,42,18268.80,2810.42,17765727.9,85150727.9,433239232
1686.6,S,42,18274.23,2811.30,17765727.9,85150728.0,433239233
1687.6,S,42,18279.70,2812.16,17765727.9,85150728.5,433239236
1688.6,S,42,18285.38,2813.18,17765727.9,85150775.3,433239279
1689.6,S,42,18291.98,2814.10,17765727.9,85150775.6,433239283
1690.6,S,42,18298.46,2815.19,17765727.9,85150776.1,433239284
1691.6,S,42,18305.04,2816.18,17765727.9,85150776.3,433239288
1692.6,S,42,18311.56,2817.14,17765727.9,85150776.8,433239290
1693.6,S,42,18317.93,2818.05,17765727.9,85150841.5,433239357
1694.6,S,46,18324.41,2819.02,17765727.9,85150944.3,433239456
1695.6,S,42,18333.65,2820.05,17765727.9,85151040.4,433239545
1696.6,S,42,18338.57,2820.80,17765727.9,85151087.4,433239589
1697.6,S,42,18343.95,2821.68,17765727.9,85151087.6,433239592
1698.6,S,42,18349.51,2822.59,17765727.9,85151088.0,433239593
1699.6,S,42,18354.88,2823.43,17765727.9,85151171.9,433239665
1700.6,S,42,18360.46,2824.29,17765727.9,85151236.6,433239722
1701.6,S,42,18365.96,2825.15,17765727.9,85151236.9,433239725
1702.6,S,42,18371.43,2825.95,17765727.9,85151237.5,433239727
1703.6,S,42,18376.89,2826.89,17765727.9,85151237.9,433239729
1704.6,S,42,18382.97,2828.02,17765727.9,85151284.7,433239769
1705.6,S,42,18389.44,2829.00,17765727.9,85151284.9,433239770
1706.6,S,42,18395.97,2830.07,17765727.9,85151285.1,433239772
1707.6,S,42,18402.48,2831.10,17765727.9,85151285.7,433239777
1708.6,S,42,18408.92,2831.96,17765727.9,85151286.1,433239778
1709.6,S,46,18417.32,2832.93,17765727.9,85151446.9,433239931
1710.6,S,42,18421.78,2833.44,17765727.9,85151542.8,433240016
1711.6,S,42,18422.77,2833.46,17765727.9,85151668.6,433240156
1712.6,S,42,18423.69,2833.52,17765731.0,85151680.4,433240217
1713.6,S,42,18424.68,2833.53,17765732.5,85151680.6,433240232
1714.6,S,42,18425.67,2833.55,17765732.5,85151712.6,433240274
1715.6,S,42,18426.65,2833.56,17765732.5,85151712.8,433240277
1716.6,S,42,18427.60,2833.59,17765732.5,85151747.4,433240311
1717.6,S,42,18428.58,2833.61,17765732.5,85151747.6,433240313
1718.6,S,42,18429.49,2833.67,17765732.5,85151794.1,433240354
1719.6,S,42,18430.48,2833.68,17765732.5,85151795.0,433240360
1720.6,S,42,18431.45,2833.71,17765732.5,85151795.1,433240363
1721.6,S,42,18432.44,2833.72,17765732.5,85151795.3,433240368
1722.6,S,42,18433.37,2833.75,17765732.5,85151859.8,433240424
1723.6,S,42,18434.35,2833.76,17765732.5,85151860.0,433240428
1724.6,S,42,18435.31,2833.79,17765732.5,85151892.8,433240456
1725.6,S,42,18436.26,2833.83,17765732.5,85151907.3,433240473
1726.6,S,42,18437.24,2833.84,17765732.5,85151907.5,433240475
1727.6,S,42,18438.22,2833.86,17765732.5,85151907.7,433240480
1728.6,S,42,18439.16,2833.88,17765732.5,85151972.2,433240536
1729.6,S,42,18440.14,2833.90,17765732.5,85151972.4,433240541
1730.6,S,42,18441.13,2833.91,17765732.5,85151973.0,433240548
1731.6,S,42,18442.04,2833.95,17765732.5,85152019.6,433240600
1732.6,S,42,18443.02,2833.97,17765732.5,85152019.8,433240601
1733.6,S,42,18444.01,2833.99,17765732.5,85152020.0,433240606
1734.6,S,42,18444.71,2834.01,17765732.5,85152060.8,433240891
1735.6,S,42,18445.17,2834.02,17765732.5,85152084.7,433241428
1736.6,S,42,18446.15,2834.04,17765732.5,85152085.3,433241428
1737.6,S,42,18447.14,2834.06,17765732.5,85152085.5,433241430
1738.6,S,42,18448.05,2834.11,17765732.5,85152131.9,433241476
1739.6,S,42,18449.03,2834.13,17765732.5,85152132.1,433241481
1740.6,S,42,18450.01,2834.15,17765732.5,85152132.3,433241484
1741.6,S,42,18450.94,2834.18,17765732.5,85152197.2,433241544
1742.6,S,42,18451.93,2834.18,17765732.5,85152197.4,433241546
1743.6,S,42,18452.86,2834.23,17765732.5,85152228.6,433241576
1744.6,S,42,18453.85,2834.24,17765732.5,85152228.7,433241578
1745.6,S,42,18454.83,2834.26,17765732.5,85152229.0,433241583
1746.6,S,42,18455.82,2834.28,17765732.5,85152229.7,433241587
1747.6,S,42,18456.75,2834.30,17765732.5,85152294.3,433241642
1748.6,S,42,18457.73,2834.32,17765732.5,85152294.5,433241644
1749.6,S,42,18458.64,2834.37,17765732.5,85152341.0,433241689
1750.6,S,42,18459.63,2834.39,17765732.5,85152341.2,433241691
1751.6,S,42,18460.60,2834.41,17765732.5,85152341.6,433241696
1752.6,S,42,18461.59,2834.42,17765732.5,85152342.1,433241699
1753.6,S,42,18462.53,2834.44,17765732.5,85152406.7,433241754
1754.6,S,42,18463.51,2834.46,17765732.5,85152406.9,433241755
1755.6,S,42,18464.43,2834.50,17765732.5,85152453.3,433241803
1756.6,S,57,18466.37,2834.52,17765732.5,85152453.5,433241806
1757.6,S,57,18482.09,2834.80,17765732.5,85152455.6,433241815
1758.6,S,57,18497.84,2835.07,17765732.5,85152455.7,433241817
1759.6,S,57,18513.63,2835.29,17765732.5,85152455.9,433241818
1760.6,S,57,18528.99,2835.55,17765732.5,85152723.5,433242049
1761.6,S,57,18544.27,2835.86,17765732.5,85153087.0,433242359
1762.6,S,57,18558.13,2836.14,17765732.5,85153373.7,433243042
1763.6,S,57,18573.79,2836.40,17765732.5,85153514.5,433243167
1764.6,S,57,18589.46,2836.67,17765732.5,85153615.3,433243256
1765.6,S,57,18604.31,2836.99,17765732.5,85154050.5,433243635
1766.6,S,57,18619.86,2837.28,17765732.5,85154266.0,433243819
1767.6,S,57,18635.47,2837.55,17765732.5,85154372.0,433243981
1768.6,S,57,18650.51,2837.85,17765732.5,85154715.7,433244392
1769.6,S,57,18665.32,2838.17,17765732.5,85155112.3,433244806
1770.6,S,57,18680.89,2838.43,17765732.5,85155254.9,433244934
1771.6,S,57,18696.62,2838.66,17765732.5,85155320.7,433244999
1772.6,S,57,18712.23,2838.93,17765732.5,85155514.0,433245164
1773.6,S,57,18725.72,2839.20,17765732.5,85155870.2,433245946
1774.6,S,57,18741.09,2839.49,17765732.5,85156233.8,433246261
1775.6,S,57,18756.76,2839.73,17765732.5,85156348.5,433246361
1776.6,S,57,18772.46,2839.97,17765732.5,85156440.6,433246448
1777.6,S,57,18788.13,2840.25,17765732.5,85156535.4,433246533
1778.6,S,57,18800.68,2840.57,17765732.5,85157018.9,433247366
1779.6,S,57,18816.10,2840.85,17765732.5,85157093.6,433247432
1780.6,S,56,18830.90,2841.07,17765732.5,85157263.7,433247583
1781.6,S,56,18845.49,2841.36,17765732.5,85157440.6,433247740
1782.6,S,56,18858.93,2841.64,17765732.5,85157935.3,433248346
1783.7,S,49,18870.31,2841.90,17765732.5,85158314.3,433248800
1784.7,S,42,18871.16,2842.37,17765732.5,85158593.0,433249136
1785.7,S,42,18876.29,2843.61,17765732.5,85158594.4,433249140
1786.7,S,42,18885.00,2845.06,17765732.5,85158597.3,433249146
1787.7,S,42,18893.77,2846.45,17765732.5,85158627.1,433249176
1788.7,S,42,18902.64,2847.69,17765732.5,85158627.3,433249180
1789.7,S,42,18911.47,2849.10,17765732.5,85158627.5,433249183
1790.7,S,42,18920.26,2850.57,17765732.5,85158627.8,433249186
1791.7,S,46,18929.81,2851.97,17765732.5,85158716.4,433249269
1792.7,S,42,18940.65,2853.54,17765732.5,85158812.5,433249356
1793.7,S,42,18949.55,2854.80,17765732.5,85158812.7,433249356
1794.7,S,42,18958.36,2856.13,17765732.5,85158813.0,433249358
1795.7,S,42,18967.02,2857.58,17765732.5,85158877.6,433249416
1796.7,S,42,18975.86,2858.90,17765732.5,85158885.1,433249430
1797.7,S,42,18984.55,2860.40,17765732.5,85158885.6,433249433
1798.7,S,46,18995.14,2861.92,17765732.5,85158935.4,433249485
1799.7,S,42,19005.33,2863.41,17765732.5,85159031.4,433249574
1800.7,S,42,19013.81,2864.74,17765732.5,85159096.1,433249632
1801.7,S,42,19022.31,2866.29,17765732.5,85159096.3,433249635
1802.7,S,42,19031.21,2867.63,17765732.5,85159096.9,433249640
1803.7,S,42,19040.11,2869.01,17765732.5,85159097.3,433249641
1804.7,S,42,19048.43,2870.37,17765732.5,85159160.9,433249963
1805.7,S,46,19058.83,2871.80,17765732.5,85159236.4,433250038
1806.7,S,42,19069.35,2873.36,17765732.5,85159332.5,433250125
1807.7,S,42,19078.05,2874.79,17765732.5,85159332.9,433250127
1808.7,S,42,19086.88,2876.20,17765732.5,85159333.5,433250130
1809.7,S,42,19095.64,2877.59,17765732.5,85159398.1,433250187
1810.7,S,42,19104.23,2878.99,17765732.5,85159398.4,433250191
1811.7,S,42,19112.81,2880.45,17765732.5,85159398.6,433250198
1812.7,S,46,19123.57,2881.76,17765732.5,85159553.5,433250417
1813.7,S,42,19133.20,2883.33,17765732.5,85159649.3,433250525
1814.7,S,42,19141.93,2884.70,17765732.5,85159649.9,433250525
1815.7,S,42,19150.72,2886.09,17765732.5,85159650.0,433250526
1816.7,S,42,19159.33,2887.52,17765732.5,85159650.5,433250528
1817.7,S,42,19168.06,2888.88,17765732.5,85159715.1,433250585
1818.7,S,42,19176.76,2890.30,17765732.5,85159715.5,433250589
1819.7,S,46,19187.60,2891.77,17765732.5,85159818.8,433250682
1820.7,S,42,19196.61,2893.33,17765732.5,85159968.5,433250818
1821.7,S,42,19205.27,2894.81,17765732.5,85159968.8,433250820
1822.7,S,42,19214.11,2896.31,17765732.5,85159969.2,433250825
1823.7,S,42,19222.87,2897.69,17765732.5,85159969.8,433250829
1824.7,S,42,19231.55,2899.03,17765732.5,85160034.5,433250887
1825.7,S,42,19240.29,2900.35,17765732.5,85160035.1,433250890
1826.7,S,46,19251.08,2901.89,17765732.5,85160138.1,433250986
1827.7,S,42,19260.67,2903.35,17765732.5,85160234.1,433251075
1828.7,S,42,19269.24,2904.80,17765732.5,85160288.2,433251124
1829.7,S,42,19277.96,2906.24,17765732.5,85160288.6,433251127
1830.7,S,42,19286.58,2907.71,17765732.5,85160289.1,433251130
1831.7,S,42,19295.11,2909.15,17765732.5,85160289.3,433251132
1832.7,S,42,19303.39,2910.59,17765732.5,85160354.0,433251592
1833.7,S,46,19314.63,2912.11,17765732.5,85160457.0,433251691
1834.7,S,42,19323.68,2913.68,17765732.5,85160553.3,433251777
1835.7,S,42,19332.34,2915.04,17765732.5,85160553.5,433251780
1836.7,S,42,19341.07,2916.40,17765732.5,85160554.2,433251783
1837.7,S,42,19349.75,2917.84,17765732.5,85160618.9,433251839
1838.7,S,42,19358.47,2919.46,17765732.5,85160619.0,433251840
1839.7,S,42,19367.05,2920.91,17765732.5,85160619.4,433251842
1840.7,S,46,19378.15,2922.46,17765732.5,85160722.6,433251935
1841.7,S,42,19387.08,2923.85,17765732.5,85160883.3,433252099
1842.7,S,42,19395.89,2925.36,17765732.5,85160883.5,433252102
1843.7,S,42,19404.67,2926.84,17765732.5,85160915.8,433252133
1844.7,S,42,19413.52,2928.25,17765732.5,85160916.0,433252135
1845.7,S,42,19422.15,2929.70,17765732.5,85160916.7,433252138
1846.7,S,46,19430.17,2930.96,17765732.5,85161020.4,433252243
1847.7,S,46,19442.33,2932.62,17765732.5,85161156.7,433252363
1848.7,S,42,19451.39,2934.08,17765732.5,85161180.9,433252386
1849.7,S,42,19460.02,2935.60,17765732.5,85161181.1,433252390
1850.7,S,42,19468.55,2937.03,17765732.5,85161181.3,433252392
1851.7,S,42,19477.51,2938.51,17765732.5,85161235.3,433252440
1852.7,S,42,19486.22,2939.92,17765732.5,85161246.7,433252450
1853.7,S,46,19495.40,2941.38,17765732.5,85161349.6,433252542
1854.7,S,42,19506.63,2943.09,17765732.5,85161446.1,433252631
1855.7,S,42,19515.32,2944.61,17765732.5,85161446.3,433252634
1856.7,S,42,19523.71,2946.16,17765732.5,85161518.1,433252862
1857.7,S,42,19532.38,2947.53,17765732.5,85161519.0,433252875
1858.7,S,42,19541.21,2949.01,17765732.5,85161519.2,433252878
1859.7,S,42,19549.89,2950.35,17765732.5,85161519.4,433252881
1860.7,S,46,19559.94,2951.92,17765732.5,85161622.2,433252983
1861.7,S,42,19570.11,2953.37,17765732.5,85161782.8,433253123
1862.7,S,42,19578.80,2954.78,17765732.5,85161783.4,433253127
1863.7,S,42,19587.56,2956.12,17765732.5,85161783.9,433253132
1864.7,S,42,19596.21,2957.51,17765732.5,85161784.1,433253135
1865.7,S,42,19604.87,2958.96,17765732.5,85161848.8,433253192
1866.7,S,42,19613.50,2960.27,17765732.5,85161862.0,433253209
1867.7,S,46,19623.74,2961.78,17765732.5,85161994.2,433253338
1868.7,S,42,19633.61,2963.19,17765732.5,85162090.3,433253424
1869.7,S,42,19642.29,2964.66,17765732.5,85162090.6,433253426
1870.7,S,42,19651.22,2966.18,17765732.5,85162155.1,433253483
1871.7,S,42,19659.88,2967.54,17765732.5,85162155.5,433253488
1872.7,S,42,19668.53,2968.83,17765732.5,85162155.7,433253491
1873.7,S,42,19677.20,2970.20,17765732.5,85162197.3,433253531
1874.7,S,46,19688.07,2971.71,17765732.5,85162300.7,433253625
1875.7,S,42,19697.51,2973.12,17765732.5,85162396.7,433253712
1876.7,S,42,19706.24,2974.58,17765732.5,85162396.9,433253714
1877.7,S,42,19714.95,2975.92,17765732.5,85162488.8,433253800
1878.7,S,42,19723.70,2977.27,17765732.5,85162489.1,433253803
1879.7,S,42,19732.46,2978.60,17765732.5,85162489.4,433253808
1880.7,S,42,19740.51,2979.91,17765732.5,85162619.6,433253930
1881.7,S,46,19752.78,2981.42,17765732.5,85162661.1,433253976
1882.8,S,42,19760.03,2982.66,17765732.5,85162730.4,433254276
1883.8,S,42,19768.80,2984.09,17765732.5,85162730.7,433254279
1884.8,S,42,19777.51,2985.48,17765732.5,85162795.3,433254338
1885.8,S,42,19786.48,2986.77,17765732.5,85162796.4,433254340
1886.8,S,42,19795.25,2988.04,17765732.5,85162796.6,433254342
1887.8,S,46,19803.61,2989.58,17765732.5,85162940.8,433254469
1888.8,S,42,19815.45,2991.21,17765732.5,85163036.9,433254570
1889.8,S,42,19824.17,2992.48,17765732.5,85163037.2,433254574
1890.8,S,42,19832.78,2993.99,17765732.5,85163037.8,433254576
1891.8,S,42,19841.55,2995.46,17765732.5,85163102.7,433254636
1892.8,S,42,19850.38,2996.86,17765732.5,85163102.9,433254639
1893.8,S,42,19859.05,2998.36,17765732.5,85163103.2,433254642
1894.8,S,46,19867.11,2999.61,17765732.5,85163205.8,433254810
1895.8,S,42,19878.66,3001.12,17765732.5,85163301.7,433254903
1896.8,S,42,19884.13,3002.02,17765732.5,85163367.4,433254966
1897.8,S,42,19889.61,3002.82,17765732.5,85163367.8,433254970
1898.8,S,42,19895.04,3003.70,17765732.5,85163367.9,433254973
1899.8,S,42,19900.40,3004.58,17765732.5,85163368.2,433254978
1900.8,S,42,19906.18,3005.53,17765732.5,85163435.3,433255038
1901.8,S,42,19912.53,3006.46,17765732.5,85163436.0,433255040
1902.8,S,42,19918.95,3007.41,17765732.5,85163436.6,433255042
1903.8,S,42,19925.57,3008.34,17765732.5,85163436.9,433255045
1904.8,S,42,19931.80,3009.35,17765732.5,85163501.5,433255100
1905.8,S,42,19938.21,3010.34,17765732.5,85163501.8,433255104
1906.8,S,42,19944.84,3011.25,17765732.5,85163502.4,433255108
1907.8,S,46,19953.24,3012.27,17765732.5,85163605.6,433255206
1908.8,S,42,19960.17,3013.30,17765732.5,85163747.5,433255337
1909.8,S,42,19965.68,3014.15,17765732.5,85163747.9,433255339
1910.8,S,42,19971.21,3014.99,17765732.5,85163748.2,433255341
1911.8,S,42,19976.73,3015.96,17765732.5,85163748.5,433255342
1912.8,S,42,19982.19,3016.82,17765732.5,85163813.4,433255398
1913.8,S,42,19987.63,3017.69,17765732.5,85163892.1,433255466
1914.8,S,42,19993.28,3018.53,17765732.5,85163902.7,433255478
1915.8,S,42,19999.64,3019.61,17765732.5,85163944.0,433255528
1916.8,S,42,20006.28,3020.61,17765732.5,85163944.2,433255531
1917.8,S,42,20012.79,3021.55,17765732.5,85163944.5,433255534
1918.8,S,42,20019.16,3022.41,17765732.5,85163945.2,433255537
1919.8,S,42,20024.71,3023.37,17765732.5,85164082.9,433255948
1920.8,S,42,20031.06,3024.31,17765732.5,85164094.3,433255965
1921.8,S,46,20040.52,3025.33,17765732.5,85164097.6,433255972
1922.8,S,42,20043.80,3025.77,17765732.5,85164234.7,433256097
1923.8,S,42,20044.79,3025.78,17765732.5,85164235.3,433256101
1924.8,S,42,20045.78,3025.79,17765732.5,85164235.8,433256104
1925.8,S,42,20046.62,3025.82,17765732.5,85164300.4,433256249
1926.8,S,42,20047.61,3025.84,17765732.5,85164300.6,433256259
1927.8,S,42,20048.59,3025.85,17765732.5,85164300.8,433256263
1928.8,S,42,20049.57,3025.87,17765732.5,85164300.9,433256266
1929.8,S,42,20050.51,3025.89,17765732.5,85164419.0,433256368
1930.8,S,42,20051.49,3025.91,17765732.5,85164419.4,433256370
1931.8,S,42,20052.39,3025.98,17765732.5,85164448.1,433256399
1932.8,S,42,20053.38,3026.00,17765732.5,85164448.3,433256400
1933.8,S,42,20054.36,3026.02,17765732.5,85164448.5,433256404
1934.8,S,42,20055.29,3026.04,17765732.5,85164513.4,433256471
1935.8,S,42,20056.28,3026.06,17765732.5,85164513.9,433256473
1936.8,S,42,20057.22,3026.10,17765732.5,85164539.7,433256503
1937.8,S,42,20058.20,3026.11,17765732.5,85164539.8,433256503
1938.8,S,42,20059.19,3026.13,17765732.5,85164539.9,433256506
1939.8,S,42,20060.12,3026.16,17765732.5,85164604.5,433256563
1940.8,S,42,20061.10,3026.17,17765732.5,85164633.1,433256588
1941.8,S,42,20062.05,3026.19,17765732.5,85164674.3,433256626
1942.8,S,42,20063.01,3026.23,17765732.5,85164674.6,433256630
1943.8,S,42,20063.99,3026.25,17765732.5,85164674.8,433256635
1944.8,S,42,20064.97,3026.27,17765732.5,85164675.0,433256637
1945.8,S,42,20065.90,3026.29,17765732.5,85164739.5,433256698
1946.8,S,42,20066.88,3026.31,17765732.5,85164740.1,433256700
1947.8,S,42,20067.81,3026.35,17765732.5,85164781.3,433256741
1948.8,S,42,20068.79,3026.37,17765732.5,85164781.5,433256742
1949.9,S,42,20069.77,3026.39,17765732.5,85164781.6,433256744
1950.9,S,42,20070.76,3026.41,17765732.5,85164788.0,433256751
1951.9,S,42,20071.68,3026.43,17765732.5,85164852.8,433256809
1952.9,S,42,20072.67,3026.45,17765732.5,85164853.2,433256811
1953.9,S,42,20073.60,3026.49,17765732.5,85164894.2,433256850
1954.9,S,42,20074.58,3026.50,17765732.5,85164894.4,433256853
1955.9,S,42,20075.57,3026.52,17765732.5,85164897.0,433256860
1956.9,S,42,20076.55,3026.54,17765732.5,85164897.7,433256866
1957.9,S,42,20077.48,3026.56,17765732.5,85164962.4,433256923
1958.9,S,42,20078.47,3026.58,17765732.5,85164962.8,433256925
1959.9,S,42,20079.39,3026.63,17765732.5,85165003.5,433256964
1960.9,S,42,20080.37,3026.65,17765732.5,85165003.8,433256966
1961.9,S,42,20081.36,3026.66,17765732.5,85165003.9,433256969
1962.9,S,42,20082.34,3026.67,17765732.5,85165004.5,433256973
1963.9,S,42,20083.21,3026.70,17765732.5,85165069.1,433257121
1964.9,S,42,20084.19,3026.71,17765732.5,85165069.5,433257124
1965.9,S,42,20085.11,3026.75,17765732.5,85165110.4,433257172
1966.9,S,42,20086.10,3026.76,17765732.5,85165110.7,433257177
1967.9,S,42,20087.08,3026.78,17765732.5,85165111.0,433257180
1968.9,S,42,20088.06,3026.81,17765732.5,85165111.2,433257185
1969.9,S,42,20088.99,3026.83,17765732.5,85165175.7,433257243
1970.9,S,42,20089.97,3026.85,17765732.5,85165176.1,433257246
1971.9,S,42,20090.90,3026.89,17765732.5,85165216.8,433257286
1972.9,S,57,20098.64,3027.03,17765732.5,85165217.3,433257288
1973.9,S,57,20114.46,3027.24,17765732.5,85165218.1,433257291
1974.9,S,57,20130.21,3027.50,17765732.5,85165230.1,433257304
1975.9,S,57,20145.93,3027.74,17765732.5,85165313.6,433257376
1976.9,S,57,20161.05,3028.03,17765732.5,85165645.7,433257740
1977.9,S,57,20174.51,3028.33,17765732.5,85165972.8,433258199
1978.9,S,57,20190.14,3028.61,17765732.5,85166135.8,433258344
1979.9,S,57,20205.50,3028.88,17765732.5,85166264.6,433258750
1980.9,S,57,20220.65,3029.18,17765732.5,85166636.9,433259105
1981.9,S,57,20235.96,3029.46,17765732.5,85166892.9,433259465
1982.9,S,57,20251.64,3029.71,17765732.5,85167010.4,433259569
1983.9,S,57,20267.26,3029.95,17765732.5,85167227.2,433259755
1984.9,S,57,20282.20,3030.25,17765732.5,85167536.8,433260235
1985.9,S,57,20297.39,3030.55,17765732.5,85167842.6,433260623
1986.9,S,57,20312.73,3030.85,17765732.5,85168070.0,433260940
1987.9,S,57,20328.37,3031.14,17765732.5,85168179.5,433261036
1988.9,S,57,20344.02,3031.40,17765732.5,85168319.9,433261164
1989.9,S,57,20359.20,3031.73,17765732.5,85168640.5,433261438
1990.9,S,57,20372.49,3032.02,17765732.5,85168988.6,433262130
1991.9,S,57,20387.81,3032.32,17765732.5,85169309.6,433262468
1992.9,S,57,20403.34,3032.58,17765732.5,85169514.3,433262648
1993.9,S,57,20419.06,3032.84,17765732.5,85169560.9,433262691
1994.9,S,57,20434.49,3033.15,17765732.5,85169850.0,433262941
1995.9,S,56,20449.82,3033.43,17765732.5,85170084.1,433263354
1996.9,S,56,20464.34,3033.70,17765732.5,85170289.3,433263591
1997.9,S,56,20478.61,3034.00,17765732.5,85170634.2,433264029
1998.9,S,55,20492.85,3034.25,17765732.5,85170870.6,433264236
1999.9,S,43,20497.04,3034.44,17765732.5,85171374.5,433265045
2000.9,S,42,20497.41,3035.28,17765732.5,85171378.9,433265055
2001.9,S,42,20506.10,3036.73,17765732.5,85171380.3,433265063
2002.9,S,42,20514.76,3038.14,17765732.5,85171380.5,433265066
2003.9,S,42,20523.59,3039.55,17765732.5,85171382.8,433265072
2004.9,S,42,20532.23,3040.98,17765732.5,85171383.0,433265075
2005.9,S,42,20540.82,3042.42,17765732.5,85171447.7,433265137
2006.9,S,42,20549.41,3043.85,17765732.5,85171448.2,433265140
2007.9,S,46,20560.81,3045.45,17765732.5,85171472.0,433265170
2008.9,S,42,20570.42,3046.94,17765732.5,85171568.0,433265254
2009.9,S,42,20578.91,3048.38,17765732.5,85171629.5,433265311
2010.9,S,42,20587.61,3049.84,17765732.5,85171629.8,433265314
2011.9,S,42,20596.42,3051.22,17765732.5,85171630.1,433265316
2012.9,S,42,20605.14,3052.62,17765732.5,85171630.7,433265319
2013.9,S,42,20613.58,3054.05,17765732.5,85171720.0,433265400
2014.9,S,46,20625.79,3055.67,17765732.5,85171771.9,433265452
2015.9,S,42,20634.48,3057.15,17765732.5,85171840.9,433265518
2016.9,S,42,20643.06,3058.69,17765732.5,85171841.3,433265525
2017.9,S,42,20651.75,3060.17,17765732.5,85171906.6,433265586
2018.9,S,42,20660.41,3061.56,17765732.5,85171906.7,433265587
2019.9,S,42,20669.29,3062.84,17765732.5,85171906.9,433265588
2020.9,S,46,20678.21,3064.13,17765732.5,85171982.3,433265662
2021.9,S,43,20689.89,3065.83,17765732.5,85172118.5,433265851
2022.9,S,42,20698.38,3067.19,17765732.5,85172143.6,433266036
2023.9,S,42,20707.00,3068.74,17765732.5,85172158.8,433266055
2024.9,S,42,20715.81,3070.15,17765732.5,85172159.1,433266060
2025.9,S,42,20724.63,3071.66,17765732.5,85172159.3,433266062
2026.9,S,42,20733.29,3073.19,17765732.5,85172160.0,433266064
2027.9,S,46,20742.53,3074.67,17765732.5,85172324.9,433266221
2028.9,S,42,20753.33,3076.31,17765732.5,85172421.1,433266305
2029.9,S,42,20762.00,3077.71,17765732.5,85172421.3,433266307
2030.9,S,42,20770.44,3079.30,17765732.5,85172468.8,433266353
2031.9,S,42,20779.03,3080.72,17765732.5,85172469.1,433266356
2032.9,S,42,20787.66,3082.15,17765732.5,85172470.0,433266358
2033.9,S,42,20796.63,3083.61,17765732.5,85172470.2,433266360
2034.9,S,46,20806.27,3084.95,17765732.6,85172637.6,433266514
2035.9,S,42,20816.95,3086.53,17765732.6,85172733.4,433266599
2036.9,S,42,20825.70,3087.96,17765732.6,85172733.6,433266604
2037.9,S,42,20834.43,3089.39,17765732.6,85172733.9,433266607
2038.9,S,42,20843.17,3090.82,17765732.6,85172734.4,433266612
2039.9,S,42,20851.81,3092.27,17765732.6,85172797.0,433266758
2040.9,S,42,20860.56,3093.54,17765732.6,85172797.4,433266762
2041.9,S,46,20871.47,3095.02,17765732.6,85172900.1,433266852
2042.9,S,42,20881.22,3096.61,17765732.6,85172996.1,433266938
2043.9,S,42,20889.93,3098.07,17765732.6,85173061.1,433266994
2044.9,S,42,20898.74,3099.34,17765732.6,85173061.4,433266999
2045.9,S,42,20907.57,3100.71,17765732.6,85173062.3,433267003
2046.9,S,42,20916.32,3102.06,17765732.6,85173062.6,433267004
2047.9,S,42,20924.12,3103.40,17765732.6,85173183.3,433267156
2048.9,S,46,20932.36,3104.44,17765732.6,85173228.2,433267488
2049.9,S,42,20942.19,3105.95,17765732.6,85173324.4,433267575
2050.9,S,42,20950.98,3107.36,17765732.6,85173324.7,433267577
2051.9,S,42,20959.76,3108.78,17765732.6,85173325.1,433267579
2052.9,S,42,20968.45,3110.16,17765732.6,85173389.8,433267636
2053.9,S,42,20977.22,3111.49,17765732.6,85173390.0,433267638
2054.9,S,42,20985.91,3112.92,17765732.6,85173390.5,433267642
2055.9,S,46,20996.62,3114.37,17765732.6,85173536.3,433267815
2056.9,S,42,21005.77,3115.88,17765732.6,85173633.0,433267903
2057.9,S,42,21014.39,3117.21,17765732.6,85173633.2,433267904
2058.9,S,42,21023.17,3118.61,17765732.6,85173633.4,433267907
2059.9,S,42,21031.70,3120.11,17765732.6,85173698.0,433267976
2060.9,S,42,21040.53,3121.52,17765732.6,85173698.7,433267979
2061.9,S,46,21048.60,3122.89,17765732.6,85173801.9,433268072
2062.9,S,46,21060.69,3124.60,17765732.6,85173925.6,433268254
2063.9,S,42,21069.68,3125.98,17765732.6,85173969.5,433268295
2064.9,S,42,21078.42,3127.41,17765732.6,85173969.7,433268299
2065.9,S,42,21087.21,3128.71,17765732.6,85173970.3,433268301
2066.9,S,42,21095.69,3130.09,17765732.6,85174035.1,433268359
2067.9,S,42,21104.36,3131.41,17765732.6,85174036.1,433268365
2068.9,S,46,21112.67,3132.73,17765732.6,85174138.8,433268454
2069.9,S,43,21124.57,3134.36,17765732.6,85174234.8,433268541
2070.9,S,42,21133.11,3135.84,17765732.6,85174299.6,433268601
2072.0,S,42,21141.86,3137.20,17765732.6,85174300.6,433268607
2073.0,S,42,21150.75,3138.67,17765732.6,85174301.2,433268608
2074.0,S,42,21159.42,3140.11,17765732.6,85174350.1,433268654
2075.0,S,42,21167.98,3141.56,17765732.6,85174350.6,433268657
2076.0,S,46,21176.62,3142.93,17765732.6,85174453.6,433268749
2077.0,S,42,21187.92,3144.64,17765732.6,85174550.2,433268837
2078.0,S,42,21196.58,3146.05,17765732.6,85174550.6,433268843
2079.0,S,42,21204.97,3147.49,17765732.6,85174615.7,433269105
2080.0,S,42,21213.64,3148.84,17765732.6,85174616.1,433269109
2081.0,S,42,21222.26,3150.38,17765732.6,85174653.0,433269151
2082.0,S,42,21230.92,3151.85,17765732.6,85174653.5,433269153
2083.0,S,46,21239.43,3153.37,17765732.6,85174756.5,433269247
2084.0,S,43,21251.10,3155.20,17765732.6,85174848.8,433269352
2085.0,S,42,21260.01,3156.70,17765732.6,85174853.8,433269391
2086.0,S,42,21268.74,3158.22,17765732.6,85174918.6,433269451
2087.0,S,42,21277.46,3159.66,17765732.6,85174918.8,433269453
2088.0,S,42,21286.32,3161.00,17765732.6,85174919.4,433269457
2089.0,S,42,21294.86,3162.47,17765732.6,85174956.5,433269493
2090.0,S,46,21303.71,3163.73,17765732.6,85175059.9,433269637
2091.0,S,42,21314.75,3165.29,17765732.6,85175156.3,433269744
2092.0,S,42,21323.45,3166.81,17765732.6,85175156.6,433269747
2093.0,S,42,21332.00,3168.26,17765732.6,85175221.6,433269805
2094.0,S,42,21340.67,3169.59,17765732.6,85175222.0,433269809
2095.0,S,42,21349.24,3170.96,17765732.6,85175222.4,433269816
2096.0,S,42,21357.79,3172.41,17765732.6,85175259.5,433269851
2097.0,S,46,21367.87,3173.87,17765732.6,85175390.1,433269969
2098.0,S,42,21378.15,3175.44,17765732.6,85175486.2,433270061
2099.0,S,42,21386.99,3176.82,17765732.6,85175486.8,433270064
2100.0,S,42,21395.87,3178.24,17765732.6,85175551.4,433270122
2101.0,S,42,21404.63,3179.59,17765732.6,85175551.7,433270125
2102.0,S,42,21413.25,3181.05,17765732.6,85175589.0,433270164
2103.0,S,42,21421.95,3182.44,17765732.6,85175589.3,433270166
2104.0,S,46,21432.98,3183.96,17765732.6,85175692.5,433270260
2105.0,S,42,21441.91,3185.46,17765732.6,85175788.3,433270344
2106.0,S,42,21450.64,3186.93,17765732.6,85175788.6,433270348
2107.0,S,42,21458.92,3188.36,17765732.6,85175853.8,433270811
2108.0,S,42,21467.81,3189.68,17765732.6,85175853.9,433270812
2109.0,S,42,21476.39,3191.02,17765732.6,85175890.7,433270847
2110.0,S,46,21484.22,3192.40,17765732.6,85175993.8,433270941
2111.0,S,46,21496.38,3194.12,17765732.6,85176069.8,433271007
2112.0,S,42,21502.84,3195.05,17765732.6,85176090.2,433271032
2113.0,S,42,21509.11,3196.01,17765732.6,85176090.4,433271035
2114.0,S,42,21515.57,3197.06,17765732.6,85176155.1,433271094
2115.0,S,42,21522.06,3198.00,17765732.6,85176155.5,433271097
2116.0,S,42,21528.38,3198.97,17765732.6,85176155.8,433271101
2117.0,S,42,21534.60,3199.92,17765732.6,85176192.7,433271136
2118.0,S,42,21541.07,3200.84,17765732.6,85176193.2,433271139
2119.0,S,42,21547.52,3201.81,17765732.6,85176193.4,433271141
2120.0,S,42,21553.87,3202.80,17765732.6,85176193.7,433271143
2121.0,S,42,21560.25,3203.76,17765732.6,85176258.6,433271227
2122.0,S,46,21568.46,3204.73,17765732.6,85176361.7,433271319
2123.0,S,42,21575.26,3205.64,17765732.6,85176459.0,433271409
2124.0,S,42,21580.80,3206.59,17765732.6,85176495.2,433271444
2125.0,S,42,21586.28,3207.48,17765732.6,85176495.4,433271447
2126.0,S,42,21591.79,3208.43,17765732.6,85176495.7,433271449
2127.0,S,42,21597.38,3209.37,17765732.6,85176496.2,433271451
2128.0,S,42,21603.02,3210.26,17765732.6,85176496.8,433271453
2129.0,S,42,21608.67,3211.28,17765732.6,85176561.4,433271509
2130.0,S,42,21614.19,3212.29,17765732.6,85176651.7,433271590
2131.0,S,42,21619.79,3213.15,17765732.6,85176651.9,433271593
2132.0,S,42,21625.96,3214.14,17765732.6,85176688.7,433271633
2133.0,S,42,21632.27,3214.98,17765732.6,85176689.1,433271636
2134.0,S,42,21638.73,3215.97,17765732.6,85176689.8,433271640
2135.0,S,42,21645.32,3216.92,17765732.6,85176764.4,433271706
2136.0,S,46,21652.73,3217.92,17765732.6,85176841.6,433271782
2137.0,S,42,21660.75,3218.74,17765732.6,85176937.4,433271866
2138.0,S,42,21661.66,3218.80,17765732.6,85176965.8,433271895
2139.0,S,42,21662.64,3218.82,17765732.6,85176966.4,433271896
2140.0,S,42,21663.62,3218.84,17765732.6,85176966.8,433271900
2141.0,S,42,21664.58,3218.87,17765732.6,85176989.2,433271921
2142.0,S,42,21665.24,3218.89,17765732.6,85177031.6,433272247
2143.0,S,42,21666.22,3218.91,17765732.6,85177031.7,433272248
2144.0,S,42,21667.14,3218.96,17765732.6,85177068.4,433272283
2145.0,S,42,21668.13,3218.97,17765732.6,85177123.0,433272334
2146.0,S,42,21669.11,3218.99,17765732.6,85177123.2,433272338
2147.0,S,42,21670.10,3219.00,17765732.6,85177123.4,433272342
2148.0,S,42,21671.02,3219.03,17765732.6,85177188.0,433272399
2149.0,S,42,21672.01,3219.05,17765732.6,85177188.1,433272404
2150.0,S,42,21672.89,3219.09,17765732.6,85177224.9,433272488
2151.0,S,42,21673.87,3219.11,17765732.6,85177225.5,433272491
2152.0,S,42,21674.85,3219.13,17765732.6,85177225.7,433272491
2153.0,S,42,21675.79,3219.15,17765732.6,85177290.2,433272550
2154.0,S,42,21676.77,3219.17,17765732.6,85177290.4,433272550
2155.0,S,42,21677.69,3219.22,17765732.6,85177351.7,433272606
2156.0,S,42,21678.68,3219.24,17765732.6,85177352.4,433272609
2157.0,S,42,21679.66,3219.25,17765732.6,85177352.6,433272614
2158.0,S,42,21680.65,3219.27,17765732.6,85177352.9,433272620
2159.0,S,42,21681.52,3219.30,17765732.6,85177417.4,433272735
2160.0,S,42,21682.50,3219.31,17765732.6,85177417.6,433272738
2161.0,S,42,21683.45,3219.34,17765732.6,85177446.6,433272767
2162.0,S,42,21684.43,3219.36,17765732.6,85177447.1,433272768
2163.0,S,42,21685.41,3219.38,17765732.6,85177447.3,433272769
2164.0,S,42,21686.34,3219.41,17765732.6,85177511.8,433272827
2165.0,S,42,21687.32,3219.43,17765732.6,85177512.1,433272830
2166.0,S,42,21688.24,3219.47,17765732.6,85177553.2,433272884
2167.0,S,42,21689.23,3219.49,17765732.6,85177553.9,433272887
2168.0,S,42,21690.22,3219.50,17765732.6,85177554.3,433272890
2169.0,S,42,21691.20,3219.52,17765732.6,85177554.5,433272891
2170.0,S,42,21692.07,3219.54,17765732.6,85177619.1,433273007
2171.0,S,42,21693.06,3219.55,17765732.6,85177621.4,433273012
2172.0,S,42,21693.98,3219.60,17765732.6,85177658.3,433273049
2173.0,S,42,21694.97,3219.61,17765732.6,85177658.7,433273050
2174.0,S,42,21695.95,3219.63,17765732.6,85177658.9,433273052
2175.0,S,42,21696.94,3219.64,17765732.6,85177659.0,433273054
2176.0,S,42,21697.88,3219.66,17765732.6,85177723.6,433273107
2177.0,S,42,21698.86,3219.68,17765732.6,85177723.9,433273108
2178.0,S,42,21699.85,3219.69,17765732.6,85177724.3,433273109
2179.0,S,42,21700.78,3219.72,17765732.6,85177788.8,433273166
2180.0,S,42,21701.77,3219.73,17765732.6,85177789.0,433273166
2181.0,S,42,21702.75,3219.75,17765732.6,85177789.3,433273174
2182.0,S,42,21703.74,3219.76,17765732.6,85177789.4,433273187
2183.0,S,42,21704.68,3219.78,17765732.6,85177854.3,433273244
2184.0,S,42,21705.66,3219.80,17765732.6,85177854.7,433273247
2185.0,S,42,21706.64,3219.82,17765732.6,85177854.8,433273249
2186.0,S,42,21707.58,3219.84,17765732.6,85177919.4,433273309
2187.0,S,42,21708.56,3219.86,17765732.6,85177919.5,433273311
2188.0,S,42,21709.48,3219.92,17765732.6,85177947.2,433273340
2189.0,S,42,21710.46,3219.94,17765732.6,85177947.4,433273341
2190.0,S,42,21711.43,3219.96,17765732.6,85177947.8,433273342
2191.0,S,42,21712.35,3219.99,17765732.6,85177980.4,433273417
2192.1,S,42,21713.18,3220.01,17765732.6,85178012.5,433273572
2193.1,S,42,21714.16,3220.02,17765732.6,85178013.0,433273575
2194.1,S,42,21715.15,3220.04,17765732.6,85178013.3,433273578
2195.1,S,42,21716.08,3220.06,17765732.6,85178077.9,433273635
2196.1,S,42,21717.02,3220.11,17765732.6,85178098.4,433273660
2197.1,S,42,21718.00,3220.12,17765732.6,85178098.7,433273663
2198.1,S,42,21718.99,3220.14,17765732.6,85178098.9,433273667
2199.1,S,42,21719.97,3220.15,17765732.6,85178099.3,433273669
2200.1,S,42,21720.89,3220.18,17765732.6,85178164.2,433273726
2201.1,S,42,21721.87,3220.20,17765732.6,85178164.3,433273729
2202.1,S,42,21722.77,3220.25,17765732.6,85178200.7,433273788
2203.1,S,42,21723.75,3220.28,17765732.6,85178200.9,433273791
2204.1,S,42,21724.72,3220.31,17765732.6,85178201.4,433273795
2205.1,S,42,21725.70,3220.33,17765732.6,85178201.7,433273801
2206.1,S,42,21726.63,3220.35,17765732.6,85178266.6,433273865
2207.1,S,42,21727.61,3220.37,17765732.6,85178266.7,433273866
2208.1,S,42,21728.60,3220.38,17765732.6,85178266.8,433273867
2209.1,S,42,21729.53,3220.41,17765732.6,85178331.4,433273922
2210.1,S,42,21730.51,3220.42,17765732.6,85178331.8,433273924
2211.1,S,42,21731.49,3220.44,17765732.6,85178332.0,433273929
2212.1,S,42,21732.48,3220.46,17765732.6,85178332.3,433273932
2213.1,S,42,21733.37,3220.49,17765732.6,85178396.9,433274030
2214.1,S,42,21734.30,3220.54,17765732.6,85178414.2,433274051
2215.1,S,57,21744.22,3220.70,17765732.6,85178414.8,433274053
2216.1,S,57,21759.96,3220.96,17765732.6,85178415.6,433274057
2217.1,S,57,21775.76,3221.18,17765732.6,85178416.6,433274063
2218.1,S,57,21790.95,3221.47,17765732.6,85178591.0,433274286
2219.1,S,57,21805.90,3221.83,17765732.6,85179140.1,433274761
2220.1,S,57,21821.52,3222.10,17765732.6,85179333.3,433274924
2221.1,S,57,21837.15,3222.34,17765732.6,85179377.6,433275059
2222.1,S,57,21852.60,3222.63,17765732.6,85179611.7,433275269
2223.1,S,57,21867.86,3222.91,17765732.6,85179845.6,433275536
2224.1,S,57,21882.53,3223.19,17765732.6,85180068.3,433275954
2225.1,S,57,21898.19,3223.43,17765732.6,85180246.8,433276104
2226.1,S,57,21913.48,3223.66,17765732.6,85180515.3,433276500
2227.1,S,57,21927.02,3223.94,17765732.6,85180773.4,433276883
2228.1,S,57,21941.87,3224.20,17765732.6,85181173.2,433277233
2229.1,S,57,21957.46,3224.48,17765732.6,85181377.3,433277410
2230.1,S,57,21973.17,3224.73,17765732.6,85181442.8,433277467
2231.1,S,57,21988.79,3225.00,17765732.6,85181634.6,433277633
2232.1,S,57,22004.02,3225.31,17765732.6,85182052.3,433278000
2233.1,S,57,22019.51,3225.60,17765732.6,85182292.9,433278207
2234.1,S,57,22035.17,3225.84,17765732.6,85182469.7,433278358
2235.1,S,57,22050.85,3226.07,17765732.6,85182607.6,433278479
2236.1,S,57,22066.54,3226.34,17765732.6,85182675.5,433278541
2237.1,S,57,22081.56,3226.65,17765732.6,85183115.3,433279007
2238.1,S,56,22096.41,3226.96,17765732.6,85183517.1,433279413
2239.1,S,56,22111.08,3227.19,17765732.6,85183576.2,433279532
2240.1,S,56,22125.47,3227.47,17765732.6,85183821.6,433279749
2241.1,S,55,22136.73,3227.78,17765732.6,85184318.2,433280349
2242.1,S,42,22137.60,3228.45,17765732.6,85184517.3,433280532
2243.1,S,42,22144.80,3229.77,17765732.6,85184519.2,433280540
2244.1,S,42,22153.39,3231.22,17765732.6,85184521.4,433280546
2245.1,S,42,22162.12,3232.63,17765732.6,85184521.7,433280547
2246.1,S,42,22170.80,3234.05,17765732.6,85184521.9,433280548
2247.1,S,42,22179.51,3235.43,17765732.6,85184586.9,433280609
2248.1,S,42,22188.23,3236.76,17765732.6,85184587.2,433280611
2249.1,S,46,22197.57,3238.15,17765732.6,85184611.2,433280706
2250.1,S,42,22208.38,3239.66,17765732.6,85184707.4,433280804
2251.1,S,42,22216.95,3241.21,17765732.6,85184775.1,433280868
2252.1,S,42,22225.63,3242.65,17765732.6,85184775.4,433280871
2253.1,S,42,22234.31,3244.07,17765732.6,85184776.0,433280876
2254.1,S,42,22243.23,3245.49,17765732.6,85184776.2,433280879
2255.1,S,42,22252.04,3247.01,17765732.6,85184776.9,433280884
2256.1,S,46,22262.74,3248.60,17765732.6,85184891.0,433280992
2257.1,S,42,22272.31,3250.17,17765732.6,85184987.3,433281079
2258.1,S,42,22281.01,3251.73,17765732.6,85184987.7,433281080
2259.1,S,42,22289.79,3253.12,17765732.6,85185031.8,433281122
2260.1,S,42,22298.32,3254.59,17765732.6,85185041.8,433281133
2261.1,S,42,22307.05,3256.04,17765732.6,85185042.4,433281138
2262.1,S,42,22315.79,3257.34,17765732.6,85185042.6,433281140
2263.1,S,46,22327.29,3258.84,17765732.6,85185118.1,433281215
2264.1,S,42,22336.23,3260.40,17765732.6,85185278.5,433281356
2265.1,S,42,22345.09,3261.69,17765732.6,85185278.9,433281361
2266.1,S,42,22353.82,3263.07,17765732.6,85185279.4,433281368
2267.1,S,42,22362.34,3264.55,17765732.6,85185325.6,433281412
2268.1,S,42,22371.19,3265.96,17765732.6,85185326.3,433281416
2269.1,S,42,22378.81,3267.23,17765732.6,85185376.5,433281547
2270.1,S,46,22389.24,3268.61,17765732.6,85185427.4,433281714
2271.1,S,42,22398.04,3269.95,17765732.6,85185587.8,433281982
2272.1,S,42,22406.67,3271.32,17765732.6,85185588.5,433281985
2273.1,S,42,22415.25,3272.87,17765732.6,85185588.8,433281987
2274.1,S,42,22423.82,3274.40,17765732.6,85185634.1,433282032
2275.1,S,42,22432.44,3275.76,17765732.6,85185634.5,433282034
2276.1,S,42,22441.15,3277.12,17765732.6,85185634.8,433282037
2277.1,S,46,22451.76,3278.61,17765732.6,85185737.6,433282137
2278.1,S,42,22461.13,3279.95,17765732.6,85185834.0,433282225
2279.1,S,42,22469.47,3281.38,17765732.6,85185899.0,433282332
2280.1,S,42,22478.10,3282.78,17765732.6,85185899.3,433282335
2281.1,S,42,22486.73,3284.16,17765732.6,85185938.4,433282372
2282.1,S,42,22495.34,3285.62,17765732.6,85185938.8,433282375
2283.1,S,42,22504.11,3286.97,17765732.6,85185939.1,433282380
2284.1,S,46,22513.91,3288.34,17765732.6,85186042.8,433282558
2285.1,S,42,22524.09,3289.92,17765732.6,85186139.0,433282642
2286.1,S,42,22532.70,3291.43,17765732.6,85186203.8,433282700
2287.1,S,42,22541.29,3292.80,17765732.6,85186204.2,433282703
2288.1,S,42,22550.10,3294.23,17765732.6,85186204.4,433282705
2289.1,S,42,22558.54,3295.79,17765732.6,85186247.3,433282747
2290.1,S,42,22566.82,3297.08,17765732.6,85186314.4,433282810
2291.1,S,46,22578.62,3298.60,17765732.6,85186378.2,433282870
2292.1,S,42,22587.22,3299.84,17765732.6,85186446.3,433283171
2293.1,S,42,22595.81,3301.25,17765732.6,85186511.0,433283230
2294.1,S,42,22604.56,3302.68,17765732.6,85186511.2,433283233
2295.1,S,42,22613.23,3304.04,17765732.6,85186512.1,433283238
2296.1,S,42,22621.95,3305.52,17765732.6,85186556.9,433283279
2297.1,S,46,22629.92,3306.82,17765732.6,85186659.8,433283378
2298.1,S,46,22641.75,3308.43,17765732.6,85186726.6,433283460
2299.1,S,42,22650.32,3309.83,17765732.6,85186755.9,433283560
2300.1,S,42,22658.91,3311.35,17765732.6,85186821.1,433283617
2301.1,S,42,22667.49,3312.85,17765732.6,85186821.4,433283622
2302.1,S,42,22676.14,3314.39,17765732.6,85186821.6,433283625
2303.1,S,42,22684.87,3315.76,17765732.6,85186863.0,433283674
2304.1,S,46,22693.30,3317.06,17765732.6,85186966.1,433283768
2305.1,S,42,22705.23,3318.71,17765732.6,85187062.4,433283866
2306.1,S,42,22714.06,3320.14,17765732.6,85187063.4,433283869
2307.1,S,42,22722.72,3321.62,17765732.6,85187128.1,433283925
2308.1,S,42,22731.31,3323.12,17765732.6,85187128.4,433283927
2309.1,S,42,22740.04,3324.52,17765732.6,85187128.7,433283930
2310.1,S,42,22748.64,3325.92,17765732.6,85187128.9,433283933
2311.1,S,46,22755.64,3326.99,17765732.6,85187232.0,433284223
2312.1,S,42,22767.34,3328.62,17765732.6,85187392.4,433284367
2313.1,S,42,22775.99,3330.00,17765732.6,85187392.8,433284372
2314.1,S,42,22784.78,3331.44,17765732.6,85187393.0,433284375
2315.1,S,42,22793.48,3333.03,17765732.6,85187393.2,433284379
2316.1,S,42,22801.91,3334.58,17765732.6,85187456.2,433284439
2317.1,S,42,22810.61,3336.04,17765732.6,85187457.4,433284443
2318.1,S,46,22817.25,3337.10,17765732.6,85187560.1,433284722
2319.1,S,46,22829.51,3338.68,17765732.6,85187569.0,433284796
2320.1,S,42,22835.02,3339.58,17765732.6,85187720.5,433285577
2321.2,S,42,22843.78,3341.11,17765732.6,85187720.8,433285581
2322.2,S,42,22852.50,3342.44,17765732.6,85187721.0,433285584
2323.2,S,42,22861.28,3343.81,17765732.6,85187721.9,433285590
2324.2,S,42,22869.76,3345.31,17765732.6,85187781.3,433285722
2325.2,S,42,22878.42,3346.71,17765732.6,85187786.9,433285735
2326.2,S,46,22889.24,3348.25,17765732.6,85187912.5,433285855
2327.2,S,42,22898.44,3349.75,17765732.6,85188008.8,433285942
2328.2,S,42,22907.14,3351.00,17765732.6,85188009.6,433285945
2329.2,S,42,22915.88,3352.50,17765732.6,85188038.9,433285975
2330.2,S,42,22924.63,3353.96,17765732.6,85188103.6,433286058
2331.2,S,42,22933.32,3355.29,17765732.6,85188104.0,433286062
2332.2,S,42,22941.97,3356.58,17765732.6,85188152.3,433286106
2333.2,S,46,22953.03,3358.12,17765732.6,85188232.6,433286230
2334.2,S,42,22961.98,3359.56,17765732.6,85188329.1,433286314
2335.2,S,42,22970.75,3360.88,17765732.6,85188329.4,433286316
2336.2,S,42,22979.39,3362.17,17765732.6,85188391.0,433286469
2337.2,S,42,22988.25,3363.68,17765732.6,85188394.3,433286492
2338.2,S,42,22997.00,3365.00,17765732.6,85188394.6,433286496
2339.2,S,46,23005.04,3366.28,17765732.6,85188530.4,433286640
2340.2,S,43,23017.10,3367.94,17765732.6,85188624.1,433286730
2341.2,S,42,23025.92,3369.29,17765732.6,85188627.1,433286741
2342.2,S,42,23034.51,3370.63,17765732.6,85188627.4,433286746
2343.2,S,42,23043.34,3371.93,17765732.6,85188692.0,433286803
2344.2,S,42,23052.12,3373.26,17765732.6,85188692.7,433286808
2345.2,S,42,23060.89,3374.70,17765732.6,85188725.8,433286839
2346.2,S,46,23069.58,3376.15,17765732.6,85188829.2,433286941
2347.2,S,42,23080.51,3377.66,17765732.6,85188925.2,433287031
2348.2,S,42,23089.25,3379.07,17765732.6,85188925.5,433287035
2349.2,S,42,23097.76,3380.58,17765732.6,85188925.7,433287038
2350.2,S,42,23106.31,3382.02,17765732.6,85188990.7,433287094
2351.2,S,42,23114.95,3383.58,17765732.6,85188991.1,433287096
2352.2,S,42,23123.49,3385.17,17765732.6,85189024.1,433287128
2353.2,S,46,23132.77,3386.55,17765732.6,85189126.8,433287221
2354.2,S,42,23143.31,3388.05,17765732.6,85189222.9,433287308
2355.2,S,42,23148.85,3388.92,17765732.6,85189223.4,433287312
2356.2,S,42,23154.39,3389.69,17765732.6,85189288.1,433287371
2357.2,S,42,23159.93,3390.53,17765732.6,85189288.7,433287374
2358.2,S,42,23165.57,3391.52,17765732.6,85189321.6,433287409
2359.2,S,42,23171.92,3392.40,17765732.6,85189321.9,433287412
2360.2,S,42,23178.33,3393.45,17765732.6,85189322.2,433287414
2361.2,S,42,23184.76,3394.32,17765732.6,85189322.7,433287418
2362.2,S,42,23191.39,3395.23,17765732.6,85189323.0,433287422
2363.2,S,42,23197.68,3396.28,17765732.6,85189387.9,433287477
2364.2,S,42,23204.03,3397.30,17765732.6,85189388.2,433287481
2365.2,S,46,23211.13,3398.44,17765732.6,85189523.8,433287604
2366.2,S,43,23219.87,3399.54,17765732.6,85189619.5,433287685
2367.2,S,42,23224.63,3400.38,17765732.6,85189647.4,433287734
2368.2,S,42,23229.40,3401.15,17765732.6,85189647.7,433287737
2369.2,S,42,23234.16,3401.87,17765732.6,85189712.6,433287794
2370.2,S,42,23238.98,3402.59,17765732.6,85189796.9,433287910
2371.2,S,42,23243.72,3403.37,17765732.6,85189829.8,433287948
2372.2,S,42,23249.39,3404.19,17765732.6,85189830.7,433287955
2373.2,S,42,23254.92,3405.06,17765732.6,85189830.9,433287957
2374.2,S,42,23260.36,3406.06,17765732.6,85189831.7,433287961
2375.2,S,42,23265.83,3407.02,17765732.6,85189832.0,433287964
2376.2,S,42,23271.38,3407.90,17765732.6,85189896.7,433288022
2377.2,S,42,23277.05,3408.70,17765732.6,85189897.3,433288026
2378.2,S,42,23283.09,3409.66,17765732.6,85189930.2,433288063
2379.2,S,42,23289.45,3410.55,17765732.6,85189930.4,433288066
2380.2,S,42,23295.94,3411.44,17765732.6,85189944.5,433288082
2381.2,S,46,23304.12,3412.38,17765732.6,85190026.2,433288159
2382.2,S,42,23309.66,3412.95,17765732.6,85190186.8,433288321
2383.2,S,42,23310.65,3412.97,17765732.6,85190187.0,433288323
2384.2,S,42,23311.56,3413.04,17765732.6,85190219.7,433288356
2385.2,S,42,23312.55,3413.04,17765732.6,85190219.9,433288357
2386.2,S,42,23313.53,3413.07,17765732.6,85190273.9,433288403
2387.2,S,42,23314.51,3413.08,17765732.6,85190274.7,433288411
2388.2,S,42,23315.32,3413.11,17765732.6,85190339.4,433288616
2389.2,S,42,23316.31,3413.12,17765732.6,85190339.6,433288627
2390.2,S,42,23317.24,3413.16,17765732.6,85190372.2,433288660
2391.2,S,42,23318.23,3413.18,17765732.6,85190372.7,433288663
2392.2,S,42,23319.21,3413.20,17765732.6,85190373.1,433288666
2393.2,S,42,23320.13,3413.23,17765732.6,85190437.7,433288724
2394.2,S,42,23321.12,3413.24,17765732.6,85190437.9,433288726
2395.2,S,42,23322.04,3413.29,17765732.6,85190470.6,433288760
2396.2,S,42,23323.02,3413.31,17765732.6,85190498.4,433288785
2397.2,S,42,23324.01,3413.33,17765732.6,85190499.1,433288787
2398.2,S,42,23325.00,3413.34,17765732.6,85190499.2,433288789
2399.2,S,42,23325.93,3413.36,17765732.6,85190563.8,433288849
2400.2,S,42,23326.91,3413.38,17765732.6,85190563.9,433288852
2401.2,S,42,23327.83,3413.43,17765732.6,85190611.9,433288898
2402.2,S,42,23328.81,3413.44,17765732.6,85190612.1,433288899
2403.2,S,42,23329.80,3413.46,17765732.6,85190612.9,433288903
2404.2,S,42,23330.79,3413.47,17765732.6,85190613.0,433288906
2405.2,S,42,23331.77,3413.49,17765732.6,85190677.6,433288965
2406.2,S,42,23332.75,3413.51,17765732.6,85190678.0,433288967
2407.2,S,42,23333.68,3413.55,17765732.6,85190710.7,433288997
2408.2,S,42,23334.67,3413.56,17765732.6,85190710.9,433289000
2409.2,S,42,23335.65,3413.58,17765732.6,85190711.6,433289004
2410.2,S,42,23336.56,3413.61,17765732.6,85190723.3,433289080
2411.2,S,42,23337.37,3413.62,17765732.6,85190781.2,433289259
2412.2,S,42,23338.36,3413.64,17765732.6,85190781.4,433289262
2413.2,S,42,23339.27,3413.69,17765732.6,85190830.3,433289309
2414.2,S,42,23340.25,3413.71,17765732.6,85190831.3,433289311
2415.2,S,42,23341.24,3413.73,17765732.6,85190831.5,433289315
2416.2,S,42,23342.22,3413.75,17765732.6,85190831.6,433289317
2417.2,S,42,23343.15,3413.77,17765732.6,85190896.1,433289379
2418.2,S,42,23344.13,3413.79,17765732.6,85190896.3,433289381
2419.2,S,42,23345.06,3413.83,17765732.6,85190928.9,433289412
2420.2,S,42,23346.05,3413.84,17765732.6,85190929.5,433289414
2421.2,S,42,23347.04,3413.86,17765732.6,85190929.7,433289416
2422.2,S,42,23347.98,3413.89,17765732.6,85190974.2,433289455
2423.2,S,42,23348.93,3413.91,17765732.6,85190994.6,433289492
2424.2,S,42,23349.85,3413.95,17765732.6,85191027.2,433289530
2425.2,S,42,23350.83,3413.97,17765732.6,85191027.4,433289534
2426.2,S,42,23351.81,3413.99,17765732.6,85191028.2,433289539
2427.2,S,42,23352.80,3414.01,17765732.6,85191028.4,433289542
2428.2,S,42,23353.73,3414.03,17765732.6,85191092.9,433289600
2429.2,S,42,23354.72,3414.04,17765732.6,85191093.1,433289603
2430.2,S,42,23355.71,3414.05,17765732.6,85191093.3,433289604
2431.2,S,42,23356.55,3414.10,17765732.6,85191141.0,433289727
2432.2,S,42,23357.53,3414.12,17765732.6,85191141.5,433289730
2433.2,S,42,23358.52,3414.13,17765732.6,85191141.6,433289733
2434.2,S,42,23359.44,3414.16,17765732.6,85191206.3,433289795
2435.2,S,42,23360.42,3414.18,17765732.6,85191206.5,433289802
2436.2,S,42,23361.35,3414.23,17765732.6,85191239.6,433289836
2437.2,S,42,23362.32,3414.25,17765732.6,85191240.1,433289838
2438.2,S,42,23363.31,3414.27,17765732.6,85191240.3,433289841
2439.2,S,42,23364.30,3414.28,17765732.6,85191240.4,433289844
2440.2,S,42,23365.22,3414.31,17765732.6,85191305.0,433289905
2441.2,S,42,23366.21,3414.32,17765732.6,85191305.1,433289907
2442.2,S,42,23367.19,3414.34,17765732.6,85191305.6,433289909
2443.2,S,42,23368.08,3414.38,17765732.6,85191353.8,433290000
2444.3,S,57,23380.85,3414.60,17765732.6,85191355.2,433290011
2445.3,S,57,23396.62,3414.84,17765732.6,85191355.3,433290013
2446.3,S,57,23412.35,3415.06,17765732.6,85191435.0,433290084
2447.3,S,57,23427.81,3415.33,17765732.6,85191636.5,433290326
2448.3,S,57,23440.92,3415.63,17765732.6,85192049.9,433291048
2449.3,S,57,23456.45,3415.91,17765732.6,85192301.4,433291284
2450.3,S,57,23472.20,3416.17,17765732.6,85192301.7,433291287
2451.3,S,57,23487.63,3416.48,17765732.6,85192570.5,433291515
2452.3,S,57,23503.16,3416.71,17765732.6,85192710.9,433291655
2453.3,S,57,23517.46,3417.03,17765732.6,85193272.4,433292142
2454.3,S,57,23533.21,3417.25,17765732.6,85193325.3,433292201
2455.3,S,57,23548.88,3417.50,17765732.6,85193438.9,433292306
2456.3,S,57,23564.52,3417.76,17765732.6,85193614.6,433292459
2457.3,S,57,23579.85,3418.05,17765732.6,85193958.4,433292756
2458.3,S,57,23594.47,3418.34,17765732.6,85194266.0,433293264
2459.3,S,57,23609.83,3418.63,17765732.6,85194446.8,433293424
2460.3,S,57,23625.44,3418.90,17765732.6,85194639.4,433293596
2461.3,S,57,23641.04,3419.17,17765732.6,85194846.3,433293777
2462.3,S,57,23656.25,3419.45,17765732.6,85195089.4,433294330
2463.3,S,57,23671.51,3419.72,17765732.6,85195467.2,433294759
2464.3,S,57,23686.45,3419.99,17765732.6,85195698.7,433295355
2465.3,S,57,23702.08,3420.28,17765732.6,85195835.8,433295482
2466.3,S,57,23717.41,3420.57,17765732.6,85196045.3,433295665
2467.3,S,56,23732.82,3420.82,17765732.6,85196263.7,433295902
2468.3,S,56,23746.29,3421.14,17765732.6,85196652.3,433296263
2469.3,S,56,23760.64,3421.40,17765732.6,85196881.1,433296697
2470.3,S,49,23773.93,3421.69,17765732.6,85197249.5,433297024
2471.3,S,42,23776.03,3422.16,17765732.6,85197506.0,433297293
2472.3,S,42,23780.98,3423.38,17765732.6,85197507.5,433297299
2473.3,S,42,23789.67,3424.75,17765732.6,85197508.1,433297302
2474.3,S,42,23798.48,3426.22,17765732.6,85197508.3,433297304
2475.3,S,42,23807.15,3427.74,17765732.6,85197511.0,433297312
2476.3,S,42,23815.88,3429.24,17765732.6,85197575.6,433297366
2477.3,S,42,23824.46,3430.66,17765732.6,85197582.0,433297377
2478.3,S,46,23834.32,3432.07,17765732.6,85197606.0,433297407
2479.3,S,42,23845.53,3433.72,17765732.6,85197702.3,433297495
2480.3,S,42,23854.35,3435.18,17765732.6,85197703.1,433297498
2481.3,S,42,23863.08,3436.56,17765732.6,85197767.8,433297558
2482.3,S,42,23871.61,3437.97,17765732.6,85197768.1,433297563
2483.3,S,42,23880.34,3439.38,17765732.6,85197768.4,433297566
2484.3,S,42,23889.12,3440.74,17765732.6,85197768.6,433297567
2485.3,S,46,23899.33,3442.23,17765732.6,85197882.9,433297676
2486.3,S,42,23909.56,3443.89,17765732.6,85197989.5,433297771
2487.3,S,42,23918.25,3445.33,17765732.6,85197989.8,433297773
2488.3,S,42,23927.17,3446.70,17765732.6,85197990.2,433297775
2489.3,S,42,23935.82,3448.08,17765732.6,85197990.6,433297779
2490.3,S,42,23944.25,3449.53,17765732.6,85198059.3,433297843
2491.3,S,42,23952.86,3451.01,17765732.6,85198060.2,433297858
2492.3,S,46,23960.59,3452.13,17765732.6,85198135.3,433298199
2493.3,S,42,23971.08,3453.74,17765732.6,85198231.2,433298295
2494.3,S,42,23979.88,3455.05,17765732.6,85198231.4,433298298
2495.3,S,42,23988.54,3456.36,17765732.6,85198296.1,433298356
2496.3,S,42,23997.10,3457.93,17765732.6,85198296.5,433298361
2497.3,S,42,24005.91,3459.37,17765732.6,85198297.5,433298365
2498.3,S,42,24014.69,3460.88,17765732.6,85198297.7,433298367
2499.3,S,46,24024.05,3462.13,17765732.6,85198463.0,433298561
2500.3,S,42,24033.97,3463.65,17765732.6,85198558.9,433298647
2501.3,S,42,24042.55,3465.08,17765732.6,85198585.2,433298674
2502.3,S,42,24051.32,3466.48,17765732.6,85198585.4,433298677
2503.3,S,42,24059.94,3467.82,17765732.6,85198586.4,433298681
2504.3,S,42,24068.73,3469.18,17765732.6,85198586.5,433298682
2505.3,S,42,24077.53,3470.70,17765732.6,85198651.3,433298741
2506.3,S,46,24088.09,3472.15,17765732.6,85198754.2,433298836
2507.3,S,42,24097.61,3473.64,17765732.6,85198850.3,433298976
2508.3,S,42,24106.22,3475.18,17765732.6,85198851.4,433298981
2509.3,S,42,24114.98,3476.50,17765732.6,85198916.1,433299040
2510.3,S,42,24123.83,3477.97,17765732.6,85198931.9,433299058
2511.3,S,42,24132.54,3479.44,17765732.6,85198932.2,433299061
2512.3,S,42,24141.29,3480.87,17765732.6,85198961.2,433299098
2513.3,S,46,24151.89,3482.39,17765732.6,85199064.6,433299189
2514.3,S,42,24161.27,3483.72,17765732.7,85199160.9,433299279
2515.3,S,42,24169.71,3485.10,17765732.7,85199225.6,433299509
2516.3,S,42,24178.37,3486.62,17765732.7,85199225.8,433299511
2517.3,S,42,24186.88,3488.08,17765732.7,85199263.9,433299548
2518.3,S,42,24195.56,3489.48,17765732.7,85199264.1,433299551
2519.3,S,42,24204.25,3490.91,17765732.7,85199265.0,433299556
2520.3,S,46,24214.42,3492.39,17765732.7,85199367.8,433299668
2521.3,S,42,24224.05,3493.89,17765732.7,85199463.8,433299765
2522.3,S,42,24232.66,3495.39,17765732.7,85199528.4,433299892
2523.3,S,42,24241.29,3496.84,17765732.7,85199528.8,433299896
2524.3,S,42,24250.05,3498.19,17765732.7,85199529.0,433299898
2525.3,S,42,24258.84,3499.58,17765732.7,85199529.9,433299902
2526.3,S,42,24267.35,3500.96,17765732.7,85199594.7,433299961
2527.3,S,46,24277.57,3502.19,17765732.7,85199707.0,433300072
2528.3,S,42,24287.40,3503.89,17765732.7,85199802.9,433300154
2529.3,S,42,24296.02,3505.21,17765732.7,85199803.2,433300159
2530.3,S,42,24304.60,3506.69,17765732.7,85199803.9,433300162
2531.3,S,42,24313.25,3508.23,17765732.7,85199868.7,433300229
2532.3,S,42,24321.85,3509.67,17765732.7,85199868.9,433300229
2533.3,S,42,24330.51,3511.12,17765732.7,85199869.1,433300233
2534.3,S,46,24340.29,3512.66,17765732.7,85200008.9,433300409
2535.3,S,42,24350.45,3514.26,17765732.7,85200105.4,433300499
2536.3,S,42,24359.33,3515.77,17765732.7,85200105.9,433300502
2537.3,S,42,24368.14,3517.11,17765732.7,85200106.2,433300507
2538.3,S,42,24376.82,3518.48,17765732.7,85200170.9,433300562
2539.3,S,42,24385.74,3519.86,17765732.7,85200171.1,433300566
2540.3,S,46,24393.66,3521.20,17765732.7,85200274.0,433300664
2541.3,S,46,24405.64,3523.01,17765732.7,85200322.0,433300705
2542.4,S,42,24414.33,3524.41,17765732.7,85200434.9,433300938
2543.4,S,42,24422.94,3525.92,17765732.7,85200438.4,433300945
2544.4,S,42,24431.65,3527.27,17765732.7,85200438.7,433300946
2545.4,S,42,24440.30,3528.77,17765732.7,85200439.0,433300951
2546.4,S,42,24449.09,3530.15,17765732.7,85200439.2,433300954
2547.4,S,46,24456.80,3531.46,17765732.7,85200607.1,433301137
2548.4,S,45,24468.70,3533.07,17765732.7,85200698.3,433301250
2549.4,S,42,24477.51,3534.50,17765732.7,85200703.2,433301298
2550.4,S,42,24486.16,3536.03,17765732.7,85200703.4,433301300
2551.4,S,42,24494.79,3537.41,17765732.7,85200768.1,433301361
2552.4,S,42,24503.46,3538.82,17765732.7,85200774.5,433301371
2553.4,S,42,24512.24,3540.20,17765732.7,85200774.8,433301376
2554.4,S,46,24521.47,3541.61,17765732.7,85200877.7,433301471
2555.4,S,42,24532.41,3543.12,17765732.7,85200973.7,433301578
2556.4,S,42,24540.91,3544.49,17765732.7,85201038.3,433301635
2557.4,S,42,24549.50,3545.89,17765732.7,85201038.9,433301637
2558.4,S,42,24558.14,3547.35,17765732.7,85201067.0,433301667
2559.4,S,42,24567.05,3548.86,17765732.7,85201067.3,433301670
2560.4,S,42,24575.67,3550.28,17765732.7,85201131.9,433301838
2561.4,S,46,24585.34,3551.49,17765732.7,85201235.1,433301938
2562.4,S,42,24595.80,3553.08,17765732.7,85201331.5,433302027
2563.4,S,42,24604.61,3554.37,17765732.7,85201331.8,433302029
2564.4,S,42,24613.24,3555.90,17765732.7,85201332.8,433302032
2565.4,S,42,24621.98,3557.29,17765732.7,85201397.5,433302088
2566.4,S,42,24630.50,3558.72,17765732.7,85201412.3,433302102
2567.4,S,42,24639.20,3560.08,17765732.7,85201412.6,433302106
2568.4,S,46,24648.25,3561.33,17765732.7,85201515.6,433302244
2569.4,S,42,24659.44,3562.91,17765732.7,85201612.2,433302332
2570.4,S,42,24667.97,3564.34,17765732.7,85201677.3,433302408
2571.4,S,42,24676.63,3565.90,17765732.7,85201677.5,433302411
2572.4,S,42,24685.27,3567.37,17765732.7,85201677.8,433302414
2573.4,S,42,24694.04,3568.62,17765732.7,85201678.0,433302416
2574.4,S,42,24702.81,3570.02,17765732.7,85201742.9,433302487
2575.4,S,46,24712.26,3571.42,17765732.7,85201846.2,433302587
2576.4,S,42,24723.07,3573.04,17765732.7,85201962.4,433302713
2577.4,S,42,24731.85,3574.37,17765732.7,85201962.6,433302715
2578.4,S,42,24740.66,3575.67,17765732.7,85201962.9,433302718
2579.4,S,42,24749.58,3577.04,17765732.7,85201963.1,433302719
2580.4,S,42,24758.36,3578.41,17765732.7,85202028.4,433302777
2581.4,S,42,24767.12,3579.72,17765732.7,85202028.5,433302778
2582.4,S,46,24776.33,3581.04,17765732.7,85202131.4,433302900
2583.4,S,42,24786.62,3582.47,17765732.7,85202227.3,433302989
2584.4,S,42,24792.09,3583.37,17765732.7,85202291.9,433303139
2585.4,S,42,24797.57,3584.32,17765732.7,85202308.9,433303203
2586.4,S,42,24803.93,3585.26,17765732.7,85202310.0,433303211
2587.4,S,42,24810.39,3586.16,17765732.7,85202310.7,433303213
2588.4,S,42,24816.86,3587.14,17765732.7,85202310.9,433303215
2589.4,S,42,24823.26,3588.08,17765732.7,85202311.2,433303217
2590.4,S,42,24829.64,3589.05,17765732.7,85202375.8,433303275
2591.4,S,42,24836.25,3589.90,17765732.7,85202376.3,433303280
2592.4,S,42,24842.55,3590.94,17765732.7,85202406.0,433303309
2593.4,S,42,24849.05,3591.96,17765732.7,85202406.5,433303314
2594.4,S,46,24857.28,3592.92,17765732.7,85202509.4,433303406
2595.4,S,42,24864.20,3593.84,17765732.7,85202605.6,433303495
2596.4,S,42,24868.88,3594.66,17765732.7,85202670.2,433303554
2597.4,S,42,24873.62,3595.45,17765732.7,85202670.9,433303558
2598.4,S,42,24878.39,3596.41,17765732.7,85202698.9,433303877
2599.4,S,42,24883.98,3597.29,17765732.7,85202699.5,433303882
2600.4,S,42,24889.40,3598.20,17765732.7,85202763.0,433303938
2601.4,S,42,24894.88,3599.02,17765732.7,85202786.9,433303959
2602.4,S,42,24900.42,3599.85,17765732.7,85202816.5,433303987
2603.4,S,42,24905.88,3600.69,17765732.7,85202852.2,433304019
2604.4,S,42,24911.50,3601.60,17765732.7,85202878.8,433304044
2605.4,S,42,24918.19,3602.66,17765732.7,85202879.2,433304046
2606.4,S,42,24924.88,3603.72,17765732.7,85202950.1,433304109
2607.4,S,42,24931.38,3604.73,17765732.7,85202950.3,433304111
2608.4,S,42,24937.90,3605.75,17765732.7,85202950.9,433304115
2609.4,S,46,24946.50,3606.77,17765732.7,85203031.2,433304203
2610.4,S,42,24950.55,3607.18,17765732.7,85203127.4,433304290
2611.4,S,42,24951.46,3607.24,17765732.7,85203157.0,433304331
2612.4,S,42,24952.44,3607.25,17765732.7,85203157.2,433304336
2613.4,S,42,24953.43,3607.26,17765732.7,85203157.7,433304339
2614.4,S,42,24954.41,3607.29,17765732.7,85203157.9,433304340
2615.4,S,42,24955.34,3607.31,17765732.7,85203222.5,433304402
2616.4,S,42,24956.27,3607.36,17765732.7,85203305.5,433304479
2617.4,S,42,24957.25,3607.38,17765732.7,85203305.7,433304482
2618.4,S,42,24958.23,3607.39,17765732.7,85203306.1,433304484
2619.4,S,42,24959.21,3607.41,17765732.7,85203306.3,433304485
2620.4,S,42,24960.11,3607.43,17765732.7,85203370.9,433304595
2621.4,S,42,24961.09,3607.45,17765732.7,85203371.1,433304597
2622.4,S,42,24962.02,3607.50,17765732.7,85203400.8,433304627
2623.4,S,42,24963.00,3607.52,17765732.7,85203400.9,433304630
2624.4,S,42,24963.98,3607.53,17765732.7,85203401.5,433304634
2625.4,S,42,24964.91,3607.56,17765732.7,85203466.0,433304691
2626.4,S,42,24965.90,3607.57,17765732.7,85203494.0,433304717
2627.4,S,42,24966.89,3607.59,17765732.7,85203494.1,433304720
2628.4,S,42,24967.87,3607.60,17765732.7,85203494.5,433304722
2629.4,S,42,24968.79,3607.63,17765732.7,85203559.4,433304791
2630.4,S,42,24969.77,3607.65,17765732.7,85203559.7,433304795
2631.4,S,42,24970.75,3607.67,17765732.7,85203559.9,433304796
2632.4,S,42,24971.65,3607.73,17765732.7,85203618.7,433304854
2633.4,S,42,24972.64,3607.74,17765732.7,85203619.1,433304856
2634.4,S,42,24973.62,3607.76,17765732.7,85203619.6,433304859
2635.4,S,42,24974.60,3607.78,17765732.7,85203619.7,433304861
2636.4,S,42,24975.53,3607.80,17765732.7,85203692.8,433304927
2637.4,S,42,24976.51,3607.82,17765732.7,85203692.9,433304930
2638.4,S,42,24977.49,3607.84,17765732.7,85203693.6,433304936
2639.4,S,42,24978.47,3607.86,17765732.7,85203693.9,433304940
2640.4,S,42,24979.28,3607.88,17765732.7,85203758.5,433305120
2641.4,S,42,24980.26,3607.90,17765732.7,85203760.8,433305123
2642.4,S,42,24981.25,3607.92,17765732.7,85203761.0,433305126
2643.4,S,42,24982.15,3607.98,17765732.7,85203817.8,433305176
2644.4,S,42,24983.13,3608.00,17765732.7,85203818.6,433305181
2645.4,S,42,24984.12,3608.01,17765732.7,85203818.8,433305182
2646.4,S,42,24985.10,3608.03,17765732.7,85203819.0,433305184
2647.4,S,42,24986.03,3608.05,17765732.7,85203883.6,433305243
2648.4,S,42,24986.96,3608.10,17765732.7,85203913.1,433305275
2649.4,S,42,24987.93,3608.13,17765732.7,85203913.2,433305278
2650.4,S,42,24988.91,3608.15,17765732.7,85203913.8,433305283
2651.4,S,42,24989.89,3608.17,17765732.7,85203913.9,433305284
2652.4,S,42,24990.82,3608.19,17765732.7,85203978.5,433305341
2653.4,S,42,24991.81,3608.21,17765732.7,85203978.6,433305344
2654.4,S,42,24992.75,3608.25,17765732.7,85204008.1,433305375
2655.4,S,42,24993.73,3608.26,17765732.7,85204008.3,433305375
2656.4,S,42,24994.72,3608.28,17765732.7,85204009.0,433305379
2657.4,S,42,24995.64,3608.30,17765732.7,85204073.5,433305436
2658.4,S,42,24996.63,3608.32,17765732.7,85204073.7,433305440
2659.4,S,42,24997.56,3608.36,17765732.7,85204103.0,433305468
2660.5,S,42,24998.54,3608.38,17765732.7,85204103.2,433305470
2661.5,S,42,24999.53,3608.40,17765732.7,85204103.8,433305472
2662.5,S,42,25000.51,3608.41,17765732.7,85204104.0,433305477
2663.5,S,42,25001.44,3608.43,17765732.7,85204168.5,433305542
2664.5,S,42,25002.36,3608.48,17765732.7,85204196.3,433305573
2665.5,S,42,25003.34,3608.51,17765732.7,85204196.4,433305573
2666.5,S,42,25004.33,3608.52,17765732.7,85204197.0,433305574
2667.5,S,42,25005.31,3608.54,17765732.7,85204197.4,433305575
2668.5,S,42,25006.16,3608.56,17765732.7,85204261.9,433305721
2669.5,S,42,25007.10,3608.60,17765732.7,85204289.2,433305751
2670.5,S,42,25008.08,3608.62,17765732.7,85204289.4,433305755
2671.5,S,42,25009.07,3608.63,17765732.7,85204289.6,433305758
2672.5,S,42,25010.05,3608.65,17765732.7,85204290.2,433305762
2673.5,S,42,25010.97,3608.68,17765732.7,85204355.1,433305821
2674.5,S,42,25011.96,3608.70,17765732.7,85204355.2,433305825
2675.5,S,42,25012.94,3608.71,17765732.7,85204355.5,433305832
2676.5,S,42,25013.87,3608.73,17765732.7,85204410.2,433305894
2677.5,S,42,25014.83,3608.76,17765732.7,85204418.2,433305907
2678.5,S,57,25029.16,3608.98,17765732.7,85204419.3,433305914
2679.5,S,57,25044.93,3609.21,17765732.7,85204419.5,433305916
2680.5,S,57,25060.73,3609.44,17765732.7,85204419.7,433305920
2681.5,S,57,25075.45,3609.70,17765732.7,85204673.7,433306388
2682.5,S,57,25089.17,3610.02,17765732.7,85205145.3,433307077
2683.5,S,57,25104.51,3610.31,17765732.7,85205410.4,433307316
2684.5,S,57,25120.30,3610.53,17765732.7,85205411.7,433307322
2685.5,S,57,25135.88,3610.79,17765732.7,85205610.4,433307496
2686.5,S,57,25151.55,3611.05,17765732.7,85205738.7,433307611
2687.5,S,57,25164.81,3611.38,17765732.7,85206249.0,433308207
2688.5,S,57,25180.33,3611.63,17765732.7,85206423.6,433308383
2689.5,S,57,25195.98,3611.90,17765732.7,85206550.1,433308502
2690.5,S,57,25211.46,3612.18,17765732.7,85206785.1,433308708
2691.5,S,57,25226.92,3612.48,17765732.7,85207017.6,433308916
2692.5,S,57,25242.26,3612.79,17765732.7,85207297.5,433309157
2693.5,S,57,25257.82,3613.06,17765732.7,85207489.0,433309365
2694.5,S,57,25273.43,3613.33,17765732.7,85207673.7,433309522
2695.5,S,57,25288.68,3613.63,17765732.7,85208047.1,433309874
2696.5,S,57,25303.90,3613.93,17765732.7,85208311.7,433310224
2697.5,S,57,25319.54,3614.20,17765732.7,85208465.1,433310356
2698.5,S,57,25334.59,3614.52,17765732.7,85208775.9,433310756
2699.5,S,57,25350.04,3614.80,17765732.7,85209057.6,433311003
2700.5,S,57,25365.29,3615.07,17765732.7,85209244.6,433311274
2701.5,S,56,25380.61,3615.32,17765732.7,85209321.8,433311385
2702.5,S,56,25394.46,3615.63,17765732.7,85209736.8,433311770
2703.5,S,56,25409.12,3615.86,17765732.7,85209896.7,433311914
2704.5,S,49,25421.85,3616.13,17765732.7,85210264.5,433312254
2705.5,S,42,25423.18,3616.37,17765732.7,85210561.5,433313040
2706.5,S,42,25426.18,3617.50,17765732.7,85210563.2,433313046
2707.5,S,42,25435.06,3618.85,17765732.7,85210563.5,433313048
2708.5,S,42,25443.92,3620.16,17765732.7,85210563.9,433313050
2709.5,S,42,25452.69,3621.47,17765732.7,85210564.2,433313054
2710.5,S,42,25461.58,3622.79,17765732.7,85210630.7,433313115
2711.5,S,42,25470.41,3624.29,17765732.7,85210630.9,433313120
2712.5,S,46,25480.28,3625.81,17765732.7,85210654.9,433313153
2713.5,S,42,25491.32,3627.53,17765732.7,85210793.9,433313282
2714.5,S,42,25500.00,3628.94,17765732.7,85210794.1,433313285
2715.5,S,42,25508.50,3630.47,17765732.7,85210794.4,433313290
2716.5,S,42,25517.16,3631.85,17765732.7,85210794.9,433313293
2717.5,S,42,25525.86,3633.26,17765732.7,85210860.0,433313355
2718.5,S,42,25534.63,3634.62,17765732.7,85210860.2,433313358
2719.5,S,46,25544.87,3635.94,17765732.7,85210909.8,433313412
2720.5,S,42,25555.30,3637.43,17765732.7,85211005.8,433313881
2721.5,S,42,25563.87,3638.77,17765732.7,85211056.9,433313929
2722.5,S,42,25572.57,3640.15,17765732.7,85211057.7,433313931
2723.5,S,42,25581.55,3641.44,17765732.7,85211058.0,433313933
2724.5,S,42,25590.25,3642.91,17765732.7,85211058.3,433313934
2725.5,S,42,25598.96,3644.28,17765732.7,85211123.1,433313995
2726.5,S,46,25609.11,3645.77,17765732.7,85211198.0,433314071
2727.5,S,42,25619.46,3647.24,17765732.7,85211294.3,433314168
2728.5,S,42,25628.15,3648.70,17765732.7,85211294.8,433314171
2729.5,S,42,25636.57,3650.27,17765732.7,85211295.1,433314176
2730.5,S,42,25645.09,3651.78,17765732.7,85211359.8,433314236
2731.5,S,42,25653.66,3653.21,17765732.7,85211360.0,433314239
2732.5,S,42,25662.37,3654.76,17765732.7,85211398.2,433314274
2733.5,S,46,25672.59,3656.28,17765732.7,85211499.2,433314377
2734.5,S,42,25682.37,3657.80,17765732.7,85211595.6,433314467
2735.5,S,42,25691.09,3659.25,17765732.7,85211595.9,433314472
2736.5,S,42,25699.81,3660.71,17765732.7,85211660.7,433314534
2737.5,S,42,25708.44,3662.07,17765732.7,85211661.4,433314539
2738.5,S,42,25717.07,3663.44,17765732.7,85211661.6,433314542
2739.5,S,42,25725.72,3664.89,17765732.7,85211662.0,433314546
2740.5,S,46,25734.79,3666.15,17765732.7,85211816.8,433314767
2741.5,S,42,25745.25,3667.64,17765732.7,85211913.0,433314855
2742.5,S,42,25754.00,3669.15,17765732.7,85211913.6,433314858
2743.5,S,42,25762.75,3670.54,17765732.7,85211913.9,433314862
2744.5,S,42,25771.44,3671.97,17765732.7,85211978.6,433314918
2745.5,S,42,25780.06,3673.33,17765732.7,85211979.3,433314922
2746.5,S,42,25788.84,3674.67,17765732.7,85212011.5,433314953
2747.5,S,46,25799.50,3676.19,17765732.7,85212114.8,433315049
2748.5,S,42,25809.18,3677.66,17765732.7,85212210.8,433315442
2749.5,S,42,25817.79,3679.19,17765732.7,85212211.1,433315446
2750.5,S,42,25826.34,3680.60,17765732.7,85212211.3,433315449
2751.5,S,42,25835.08,3682.04,17765732.7,85212276.4,433315506
2752.5,S,42,25843.97,3683.43,17765732.7,85212276.9,433315509
2753.5,S,42,25852.03,3684.76,17765732.7,85212383.2,433315603
2754.5,S,46,25864.15,3686.35,17765732.7,85212423.0,433315640
2755.5,S,42,25872.67,3687.81,17765732.7,85212509.7,433315733
2756.5,S,42,25881.26,3689.31,17765732.7,85212510.6,433315741
2757.5,S,42,25889.77,3690.75,17765732.7,85212575.3,433315800
2758.5,S,42,25898.55,3692.15,17765732.7,85212575.8,433315800
2759.5,S,42,25907.36,3693.64,17765732.7,85212591.5,433315815
2760.5,S,46,25915.26,3695.01,17765732.7,85212710.6,433315925
2761.5,S,44,25927.60,3696.74,17765732.7,85212758.7,433315970
2762.5,S,42,25936.53,3698.13,17765732.7,85212807.0,433316020
2763.5,S,42,25945.09,3699.61,17765732.7,85212807.7,433316024
2764.5,S,42,25953.75,3700.91,17765732.7,85212872.3,433316097
2765.5,S,42,25962.29,3702.33,17765732.7,85212872.6,433316102
2766.5,S,42,25970.81,3703.68,17765732.7,85212905.0,433316184
2767.5,S,46,25979.59,3705.01,17765732.7,85213007.9,433316279
2768.5,S,42,25991.23,3706.73,17765732.7,85213104.4,433316366
2769.5,S,42,25999.82,3708.20,17765732.7,85213104.7,433316368
2770.5,S,42,26008.52,3709.73,17765732.7,85213169.3,433316426
2771.5,S,42,26017.26,3711.16,17765732.7,85213169.6,433316430
2772.5,S,42,26026.08,3712.57,17765732.7,85213169.8,433316431
2773.5,S,42,26034.89,3714.02,17765732.7,85213170.7,433316436
2774.5,S,46,26044.76,3715.36,17765732.7,85213273.8,433316529
2775.5,S,42,26054.67,3716.85,17765732.7,85213442.2,433316969
2776.5,S,42,26063.55,3718.27,17765732.7,85213442.5,433316972
2777.5,S,42,26072.27,3719.79,17765732.7,85213442.8,433316975
2778.5,S,42,26081.01,3721.30,17765732.7,85213443.3,433316977
2779.5,S,42,26089.82,3722.76,17765732.7,85213443.8,433316982
2780.5,S,42,26098.57,3724.17,17765732.7,85213508.7,433317040
2781.5,S,46,26108.83,3725.72,17765732.7,85213611.4,433317134
2782.5,S,42,26118.79,3727.12,17765732.7,85213707.3,433317230
2783.5,S,42,26127.53,3728.45,17765732.7,85213707.6,433317235
2784.5,S,42,26136.26,3729.76,17765732.7,85213772.4,433317292
2785.5,S,42,26144.92,3731.06,17765732.7,85213773.1,433317297
2786.6,S,42,26153.55,3732.55,17765732.7,85213773.3,433317298
2787.6,S,42,26162.16,3733.90,17765732.7,85213773.6,433317303
2788.6,S,46,26171.91,3735.43,17765732.7,85213933.3,433317448
2789.6,S,42,26182.24,3736.95,17765732.7,85214058.6,433317594
2790.6,S,42,26190.96,3738.44,17765732.7,85214059.2,433317598
2791.6,S,42,26199.72,3739.92,17765732.7,85214059.5,433317600
2792.6,S,42,26208.25,3741.38,17765732.7,85214124.3,433317763
2793.6,S,42,26216.92,3742.67,17765732.7,85214124.5,433317768
2794.6,S,42,26225.45,3744.08,17765732.7,85214156.4,433317800
2795.6,S,46,26235.12,3745.50,17765732.7,85214260.1,433317896
2796.6,S,42,26245.50,3747.04,17765732.7,85214356.3,433317984
2797.6,S,42,26254.41,3748.39,17765732.7,85214356.6,433317989
2798.6,S,42,26262.84,3749.62,17765732.7,85214421.2,433318045
2799.6,S,42,26271.53,3751.05,17765732.7,85214421.5,433318051
2800.6,S,42,26280.22,3752.44,17765732.7,85214422.0,433318053
2801.6,S,42,26288.77,3753.90,17765732.7,85214422.5,433318057
2802.6,S,46,26295.51,3754.86,17765732.7,85214589.5,433318458
2803.6,S,42,26307.04,3756.41,17765732.7,85214685.3,433318595
2804.6,S,42,26315.74,3757.89,17765732.7,85214685.5,433318595
2805.6,S,42,26324.13,3759.47,17765732.7,85214723.3,433318632
2806.6,S,42,26332.91,3760.77,17765732.7,85214723.8,433318635
2807.6,S,42,26341.63,3762.08,17765732.7,85214724.5,433318640
2808.6,S,42,26350.20,3763.51,17765732.7,85214724.7,433318642
2809.6,S,46,26359.02,3764.83,17765732.7,85214892.1,433318798
2810.6,S,42,26370.60,3766.39,17765732.7,85214988.4,433318887
2811.6,S,42,26379.25,3767.86,17765732.7,85215015.1,433318917
2812.6,S,42,26387.93,3769.19,17765732.7,85215015.9,433318920
2813.6,S,42,26396.75,3770.50,17765732.7,85215016.2,433318922
2814.6,S,42,26405.34,3771.93,17765732.7,85215016.5,433318924
2815.6,S,42,26413.98,3773.32,17765732.7,85215081.2,433318983
2816.6,S,46,26422.71,3774.54,17765732.7,85215184.5,433319081
2817.6,S,42,26433.90,3776.14,17765732.7,85215281.3,433319168
2818.6,S,42,26439.51,3777.01,17765732.7,85215281.8,433319169
2819.6,S,42,26445.07,3777.86,17765732.7,85215282.0,433319170
2820.6,S,42,26450.58,3778.72,17765732.7,85215346.7,433319258
2821.6,S,42,26456.59,3779.84,17765732.7,85215360.3,433319275
2822.6,S,42,26463.11,3780.95,17765732.7,85215360.9,433319280
2823.6,S,42,26469.55,3781.98,17765732.7,85215361.4,433319283
2824.6,S,42,26476.13,3782.97,17765732.7,85215361.7,433319288
2825.6,S,42,26482.56,3783.95,17765732.7,85215361.9,433319291
2826.6,S,42,26488.93,3785.00,17765732.7,85215524.3,433319433
2827.6,S,42,26495.41,3785.95,17765732.7,85215524.4,433319436
2828.6,S,46,26501.88,3786.79,17765732.7,85215530.1,433319451
2829.6,S,46,26511.24,3787.77,17765732.7,85215530.5,433319454
2830.6,S,42,26516.48,3788.57,17765732.7,85215626.6,433319543
2831.6,S,42,26521.18,3789.39,17765732.7,85215691.3,433319621
2832.6,S,42,26525.97,3790.10,17765732.7,85215691.5,433319622
2833.6,S,42,26530.79,3790.95,17765732.7,85215729.3,433319656
2834.6,S,42,26536.33,3791.74,17765732.7,85215729.6,433319658
2835.6,S,42,26541.87,3792.61,17765732.7,85215730.1,433319661
2836.6,S,42,26547.48,3793.38,17765732.7,85215819.2,433319740
2837.6,S,42,26552.96,3794.19,17765732.7,85215821.9,433319745
2838.6,S,42,26558.57,3795.00,17765732.7,85215884.3,433319802
2839.6,S,42,26564.16,3795.83,17765732.7,85215884.5,433319805
2840.6,S,42,26569.81,3796.66,17765732.7,85215884.8,433319810
2841.6,S,42,26575.37,3797.51,17765732.7,85215956.9,433319873
2842.6,S,42,26580.88,3798.35,17765732.7,85216021.7,433319929
2843.6,S,42,26586.43,3799.30,17765732.7,85216021.9,433319931
2844.6,S,42,26591.95,3800.27,17765732.7,85216070.0,433319980
2845.6,S,46,26601.38,3801.24,17765732.7,85216073.7,433319998
2846.6,S,42,26604.23,3801.55,17765732.7,85216169.8,433320087
2847.6,S,42,26605.20,3801.58,17765732.7,85216223.7,433320133
2848.6,S,42,26606.13,3801.61,17765732.7,85216288.3,433320191
2849.6,S,42,26607.11,3801.63,17765732.7,85216288.7,433320194
2850.6,S,42,26608.09,3801.65,17765732.7,85216288.8,433320198
2851.6,S,42,26609.07,3801.66,17765732.7,85216289.0,433320201
2852.6,S,42,26610.00,3801.68,17765732.7,85216353.8,433320269
2853.6,S,42,26610.98,3801.70,17765732.7,85216353.9,433320272
2854.6,S,42,26611.88,3801.78,17765732.7,85216391.0,433320312
2855.6,S,42,26612.86,3801.79,17765732.7,85216391.5,433320315
2856.6,S,42,26613.85,3801.80,17765732.7,85216391.7,433320320
2857.6,S,42,26614.84,3801.82,17765732.7,85216391.9,433320322
2858.6,S,42,26615.71,3801.85,17765732.7,85216456.7,433320433
2859.6,S,42,26616.69,3801.86,17765732.7,85216456.9,433320435
2860.6,S,42,26617.68,3801.88,17765732.7,85216457.4,433320438
2861.6,S,42,26618.58,3801.90,17765732.7,85216521.9,433320530
2862.6,S,42,26619.56,3801.92,17765732.7,85216577.3,433320585
2863.6,S,42,26620.52,3801.94,17765732.7,85216614.0,433320617
2864.6,S,42,26621.47,3801.98,17765732.7,85216614.6,433320624
2865.6,S,42,26622.46,3802.00,17765732.7,85216615.3,433320629
2866.6,S,42,26623.44,3802.02,17765732.7,85216615.6,433320639
2867.6,S,42,26624.37,3802.05,17765732.7,85216680.1,433320700
2868.6,S,42,26625.35,3802.06,17765732.7,85216680.3,433320704
2869.6,S,42,26626.34,3802.08,17765732.7,85216680.4,433320705
2870.6,S,42,26627.33,3802.09,17765732.7,85216680.8,433320706
2871.6,S,42,26628.26,3802.12,17765732.7,85216745.7,433320762
2872.6,S,42,26629.25,3802.13,17765732.7,85216753.3,433320771
2873.6,S,42,26630.16,3802.18,17765732.7,85216790.3,433320808
2874.6,S,42,26631.15,3802.20,17765732.7,85216790.5,433320811
2875.6,S,42,26632.13,3802.22,17765732.7,85216790.8,433320813
2876.6,S,42,26633.11,3802.24,17765732.7,85216791.3,433320819
2877.6,S,42,26634.04,3802.26,17765732.7,85216858.3,433320880
2878.6,S,42,26635.03,3802.28,17765732.7,85216858.5,433320883
2879.6,S,42,26636.02,3802.29,17765732.7,85216858.6,433320886
2880.6,S,42,26636.80,3802.31,17765732.7,85216923.1,433321094
2881.6,S,42,26637.79,3802.32,17765732.7,85216923.5,433321098
2882.6,S,42,26638.77,3802.34,17765732.7,85216924.2,433321102
2883.6,S,42,26639.62,3802.41,17765732.7,85216976.4,433321195
2884.6,S,42,26640.60,3802.43,17765732.7,85216976.6,433321198
2885.6,S,42,26641.58,3802.45,17765732.7,85216976.8,433321200
2886.6,S,42,26642.57,3802.46,17765732.7,85216977.3,433321204
2887.6,S,42,26643.51,3802.48,17765732.7,85217042.2,433321261
2888.6,S,42,26644.49,3802.50,17765732.7,85217042.4,433321263
2889.6,S,42,26645.48,3802.51,17765732.7,85217042.5,433321264
2890.6,S,42,26646.46,3802.54,17765732.7,85217042.7,433321264
2891.6,S,42,26647.28,3802.56,17765732.7,85217107.2,433321435
2892.6,S,42,26648.21,3802.61,17765732.7,85217134.9,433321467
2893.6,S,42,26649.19,3802.63,17765732.7,85217135.4,433321469
2894.6,S,42,26650.17,3802.65,17765732.7,85217135.7,433321471
2895.6,S,42,26651.15,3802.66,17765732.7,85217135.8,433321472
2896.6,S,42,26652.08,3802.69,17765732.7,85217200.3,433321529
2897.6,S,42,26653.06,3802.71,17765732.7,85217200.7,433321531
2898.6,S,42,26654.04,3802.74,17765732.7,85217201.1,433321536
2899.6,S,42,26655.03,3802.75,17765732.7,85217201.2,433321538
2900.6,S,42,26655.94,3802.78,17765732.7,85217265.9,433321607
2901.6,S,42,26656.93,3802.79,17765732.7,85217266.0,433321609
2902.6,S,42,26657.85,3802.85,17765732.7,85217303.2,433321647
2903.6,S,42,26658.83,3802.86,17765732.7,85217303.6,433321650
2904.6,S,42,26659.81,3802.88,17765732.7,85217304.1,433321654
2905.7,S,42,26660.74,3802.91,17765732.7,85217368.6,433321712
2906.7,S,42,26661.73,3802.92,17765732.7,85217368.9,433321717
2907.7,S,42,26662.71,3802.94,17765732.7,85217369.0,433321720
2908.7,S,42,26663.69,3802.96,17765732.7,85217369.4,433321723
2909.7,S,42,26664.61,3802.99,17765732.7,85217434.1,433321784
2910.7,S,42,26665.60,3803.00,17765732.7,85217434.4,433321788
2911.7,S,42,26666.50,3803.06,17765732.7,85217470.3,433321838
2912.7,S,42,26667.49,3803.07,17765732.7,85217470.5,433321839
2913.7,S,42,26668.47,3803.09,17765732.7,85217470.7,433321841
2914.7,S,42,26669.45,3803.11,17765732.7,85217471.1,433321846
2915.7,S,42,26670.39,3803.12,17765732.7,85217536.1,433321907
2916.7,S,42,26671.38,3803.14,17765732.7,85217536.4,433321915
2917.7,S,42,26672.36,3803.15,17765732.7,85217536.5,433321918
2918.7,S,42,26673.29,3803.17,17765732.7,85217601.2,433321974
2919.7,S,42,26674.28,3803.18,17765732.7,85217601.5,433321975
2920.7,S,42,26675.27,3803.20,17765732.7,85217601.9,433321979
2921.7,S,42,26676.19,3803.25,17765732.7,85217645.0,433322020
2922.7,S,42,26677.18,3803.26,17765732.7,85217645.2,433322024
2923.7,S,42,26678.16,3803.28,17765732.7,85217645.4,433322025
2924.7,S,42,26679.04,3803.31,17765732.7,85217706.0,433322130
2925.7,S,42,26679.99,3803.32,17765732.7,85217710.3,433322173
2926.7,S,42,26680.97,3803.34,17765732.7,85217710.9,433322178
2927.7,S,42,26681.95,3803.36,17765732.7,85217711.0,433322180
2928.7,S,42,26682.89,3803.38,17765732.7,85217775.7,433322239
2929.7,S,42,26683.87,3803.40,17765732.7,85217775.8,433322241
2930.7,S,42,26684.86,3803.41,17765732.7,85217776.2,433322244
2931.7,S,42,26685.85,3803.42,17765732.7,85217776.6,433322246
2932.7,S,42,26686.77,3803.45,17765732.7,85217841.2,433322305
2933.7,S,42,26687.76,3803.47,17765732.7,85217841.4,433322307
2934.7,S,42,26688.75,3803.49,17765732.7,85217841.6,433322311
2935.7,S,42,26689.67,3803.51,17765732.7,85217906.0,433322368
2936.7,S,42,26690.59,3803.58,17765732.7,85217924.5,433322388
2937.7,S,57,26692.89,3803.62,17765732.7,85217925.7,433322393
2938.7,S,57,26708.68,3803.84,17765732.7,85217926.1,433322412
2939.7,S,57,26724.45,3804.09,17765732.7,85217926.3,433322413
2940.7,S,57,26740.12,3804.36,17765732.7,85218007.6,433322486
2941.7,S,57,26755.52,3804.62,17765732.7,85218222.4,433322879
2942.7,S,57,26770.40,3804.93,17765732.7,85218617.1,433323303
2943.7,S,57,26785.94,3805.21,17765732.7,85218878.3,433323554
2944.7,S,57,26801.53,3805.48,17765732.7,85219007.6,433323712
2945.7,S,57,26817.20,3805.75,17765732.7,85219127.3,433323819
2946.7,S,57,26832.00,3806.04,17765732.7,85219471.2,433324214
2947.7,S,57,26846.70,3806.37,17765732.7,85219966.7,433324730
2948.7,S,57,26861.59,3806.63,17765732.7,85220087.3,433324953
2949.7,S,57,26877.26,3806.92,17765732.7,85220157.4,433325021
2950.7,S,57,26892.92,3807.17,17765732.7,85220321.2,433325164
2951.7,S,57,26906.82,3807.47,17765732.7,85220679.4,433325619
2952.7,S,57,26920.67,3807.74,17765732.7,85220991.8,433326042
2953.7,S,57,26936.36,3807.98,17765732.7,85221115.1,433326149
2954.7,S,57,26951.76,3808.24,17765732.7,85221295.8,433326439
2955.7,S,57,26967.38,3808.49,17765732.7,85221402.3,433326717
2956.7,S,57,26983.07,3808.73,17765732.7,85221533.5,433326831
2957.7,S,57,26998.28,3809.06,17765732.7,85222031.6,433327267
2958.7,S,57,27013.75,3809.35,17765732.7,85222289.5,433327493
2959.7,S,57,27029.35,3809.62,17765732.7,85222502.1,433327682
2960.7,S,57,27044.97,3809.89,17765732.7,85222686.2,433327842
2961.7,S,56,27059.57,3810.19,17765732.7,85223063.5,433328185
2962.7,S,56,27074.20,3810.43,17765732.7,85223217.5,433328327
2963.7,S,56,27088.92,3810.65,17765732.7,85223336.7,433328431
2964.7,S,43,27096.12,3810.95,17765732.7,85223996.1,433329080
2965.7,S,42,27096.83,3811.33,17765732.7,85224044.6,433329128
2966.7,S,42,27101.65,3812.47,17765732.7,85224046.6,433329136
2967.7,S,42,27110.60,3813.91,17765732.7,85224047.0,433329141
2968.7,S,42,27119.35,3815.30,17765732.7,85224049.3,433329148
2969.7,S,42,27128.09,3816.57,17765732.7,85224049.6,433329151
2970.7,S,42,27136.69,3818.04,17765732.7,85224114.4,433329211
2971.7,S,42,27145.23,3819.56,17765732.7,85224115.1,433329218
2972.7,S,46,27154.81,3821.03,17765732.7,85224167.5,433329279
2973.7,S,42,27165.89,3822.54,17765732.7,85224264.4,433329372
2974.7,S,42,27174.65,3823.98,17765732.7,85224277.0,433329385
2975.7,S,42,27183.24,3825.42,17765732.7,85224329.7,433329436
2976.7,S,42,27191.98,3826.83,17765732.7,85224329.9,433329439
2977.7,S,42,27200.49,3828.31,17765732.7,85224367.6,433329475
2978.7,S,42,27209.40,3829.76,17765732.7,85224368.3,433329478
2979.7,S,46,27219.82,3831.18,17765732.7,85224418.1,433329536
2980.7,S,42,27230.16,3832.57,17765732.7,85224513.9,433329620
2981.7,S,42,27238.84,3834.02,17765732.7,85224578.7,433329702
2982.7,S,42,27247.45,3835.39,17765732.7,85224578.9,433329705
2983.7,S,42,27256.22,3836.87,17765732.7,85224609.4,433329737
2984.7,S,42,27264.93,3838.21,17765732.7,85224610.1,433329741
2985.7,S,42,27273.55,3839.59,17765732.7,85224611.0,433329744
2986.7,S,46,27283.16,3840.87,17765732.7,85224686.1,433329905
2987.7,S,42,27292.97,3842.44,17765732.7,85224782.2,433330123
2988.7,S,42,27301.60,3843.88,17765732.7,85224846.8,433330187
2989.7,S,42,27310.21,3845.36,17765732.7,85224847.1,433330189
2990.7,S,42,27318.98,3846.74,17765732.7,85224848.0,433330194
2991.7,S,42,27327.73,3848.10,17765732.7,85224848.3,433330197
2992.7,S,42,27336.46,3849.50,17765732.7,85224913.0,433330253
2993.7,S,46,27346.91,3851.07,17765732.7,85225013.9,433330348
2994.7,S,42,27356.99,3852.59,17765732.7,85225135.9,433330464
2995.7,S,42,27365.79,3853.88,17765732.7,85225136.5,433330468
2996.7,S,42,27374.47,3855.21,17765732.7,85225137.0,433330470
2997.7,S,42,27383.24,3856.53,17765732.7,85225137.3,433330473
2998.7,S,42,27391.62,3857.95,17765732.7,85225202.2,433330871
2999.7,S,42,27400.32,3859.38,17765732.7,85225202.7,433330877
3000.7,S,46,27411.34,3860.92,17765732.7,85225336.0,433330997
3001.7,S,42,27420.77,3862.56,17765732.7,85225432.2,433331082
3002.7,S,42,27429.56,3863.94,17765732.7,85225433.0,433331085
3003.7,S,42,27438.26,3865.31,17765732.7,85225433.2,433331086
3004.7,S,42,27446.76,3866.71,17765732.7,85225433.5,433331089
3005.7,S,42,27455.47,3868.00,17765732.7,85225498.3,433331149
3006.7,S,42,27463.71,3869.55,17765732.7,85225564.5,433331212
3007.7,S,46,27475.25,3871.16,17765732.7,85225631.8,433331283
3008.7,S,42,27484.03,3872.65,17765732.7,85225728.1,433331368
3009.7,S,42,27492.82,3874.03,17765732.7,85225728.3,433331371
3010.7,S,42,27501.70,3875.36,17765732.7,85225728.6,433331376
3011.7,S,42,27510.42,3876.72,17765732.7,85225793.2,433331433
3012.7,S,42,27519.23,3878.19,17765732.7,85225793.9,433331438
3013.7,S,46,27527.36,3879.52,17765732.7,85225927.3,433331590
3014.7,S,46,27539.17,3880.98,17765732.7,85226019.3,433331741
3015.7,S,42,27548.10,3882.40,17765732.7,85226023.7,433331777
3016.7,S,42,27556.88,3883.85,17765732.7,85226024.0,433331780
3017.7,S,42,27565.33,3885.23,17765732.7,85226089.2,433331840
3018.7,S,42,27574.20,3886.69,17765732.7,85226089.6,433331841
3019.7,S,42,27582.89,3888.10,17765732.7,85226118.9,433331870
3020.7,S,46,27591.91,3889.57,17765732.7,85226222.1,433331962
3021.7,S,42,27603.26,3891.29,17765732.7,85226346.0,433332078
3022.7,S,42,27612.08,3892.69,17765732.7,85226346.3,433332083
3023.8,S,42,27620.91,3894.19,17765732.7,85226347.1,433332085
3024.8,S,42,27629.31,3895.64,17765732.7,85226412.2,433332243
3025.8,S,42,27638.08,3896.97,17765732.7,85226412.5,433332245
3026.8,S,42,27646.63,3898.34,17765732.7,85226442.9,433332273
3027.8,S,46,27656.37,3899.81,17765732.7,85226545.8,433332367
3028.8,S,42,27667.01,3901.28,17765732.7,85226642.0,433332455
3029.8,S,42,27676.02,3902.59,17765732.7,85226642.6,433332459
3030.8,S,42,27684.79,3903.92,17765732.7,85226707.3,433332515
3031.8,S,42,27693.62,3905.24,17765732.7,85226722.7,433332529
3032.8,S,42,27702.26,3906.78,17765732.7,85226727.6,433332538
3033.8,S,42,27711.05,3908.17,17765732.7,85226727.8,433332539
3034.8,S,46,27721.42,3909.64,17765732.7,85226831.4,433332643
3035.8,S,42,27731.60,3911.20,17765732.7,85226927.3,433332727
3036.8,S,42,27740.30,3912.59,17765732.7,85226992.0,433332783
3037.8,S,42,27748.90,3914.00,17765732.7,85226992.2,433332784
3038.8,S,42,27757.66,3915.44,17765732.7,85226992.6,433332786
3039.8,S,42,27766.19,3916.81,17765732.7,85226993.0,433332789
3040.8,S,42,27774.92,3918.36,17765732.7,85227057.9,433332848
3041.8,S,46,27785.56,3919.89,17765732.7,85227160.9,433332962
3042.8,S,42,27794.80,3921.32,17765732.7,85227257.0,433333263
3043.8,S,42,27803.74,3922.76,17765732.7,85227257.8,433333274
3044.8,S,42,27812.21,3924.27,17765732.7,85227309.9,433333321
3045.8,S,42,27821.14,3925.56,17765732.7,85227310.4,433333324
3046.8,S,42,27830.05,3926.88,17765732.7,85227310.7,433333328
3047.8,S,46,27838.14,3928.14,17765732.7,85227413.6,433333423
3048.8,S,45,27850.37,3929.78,17765732.7,85227504.7,433333501
3049.8,S,42,27859.10,3931.23,17765732.7,85227574.2,433333568
3050.8,S,42,27867.82,3932.51,17765732.7,85227574.9,433333571
3051.8,S,42,27876.61,3933.94,17765732.7,85227575.0,433333571
3052.8,S,42,27885.23,3935.48,17765732.7,85227634.7,433333703
3053.8,S,42,27893.65,3937.05,17765732.7,85227642.6,433333968
3054.8,S,46,27901.59,3938.43,17765732.7,85227745.5,433334062
3055.8,S,46,27913.49,3940.08,17765732.7,85227816.9,433334124
3056.8,S,42,27922.34,3941.58,17765732.7,85227842.5,433334154
3057.8,S,42,27930.93,3943.16,17765732.7,85227907.1,433334213
3058.8,S,42,27939.77,3944.57,17765732.7,85227907.3,433334216
3059.8,S,42,27948.45,3945.97,17765732.7,85227907.8,433334221
3060.8,S,42,27957.02,3947.23,17765732.7,85227908.1,433334224
3061.8,S,46,27965.03,3948.56,17765732.7,85228012.0,433334336
3062.8,S,44,27977.09,3950.12,17765732.7,85228148.4,433334458
3063.8,S,42,27985.78,3951.51,17765732.7,85228195.4,433334509
3064.8,S,42,27994.68,3952.83,17765732.7,85228195.7,433334510
3065.8,S,42,28003.57,3954.20,17765732.7,85228196.0,433334513
3066.8,S,42,28012.30,3955.69,17765732.7,85228196.9,433334518
3067.8,S,42,28020.93,3957.08,17765732.7,85228197.3,433334521
3068.8,S,46,28029.33,3958.45,17765732.7,85228364.9,433334672
3069.8,S,42,28040.74,3960.21,17765732.7,85228461.3,433334816
3070.8,S,42,28049.36,3961.78,17765732.7,85228461.4,433334824
3071.8,S,42,28058.10,3963.20,17765732.7,85228462.0,433334829
3072.8,S,42,28066.95,3964.54,17765732.7,85228526.5,433334882
3073.8,S,42,28075.58,3965.91,17765732.7,85228527.2,433334889
3074.8,S,42,28084.30,3967.32,17765732.7,85228527.4,433334889
3075.8,S,46,28093.45,3968.96,17765732.7,85228674.6,433335024
3076.8,S,42,28103.91,3970.57,17765732.7,85228770.8,433335110
3077.8,S,42,28109.38,3971.46,17765732.7,85228771.2,433335116
3078.8,S,42,28114.77,3972.35,17765732.7,85228771.6,433335117
3079.8,S,42,28120.20,3973.21,17765732.7,85228798.9,433335147
3080.8,S,42,28125.57,3974.09,17765732.7,85228836.8,433335183
3081.8,S,42,28131.17,3974.97,17765732.7,85228837.4,433335189
3082.8,S,42,28136.64,3975.80,17765732.7,85228837.5,433335189
3083.8,S,42,28142.14,3976.59,17765732.7,85228837.9,433335196
3084.8,S,42,28147.71,3977.34,17765732.7,85228902.6,433335532
3085.8,S,42,28153.21,3978.26,17765732.7,85228903.0,433335537
3086.8,S,42,28159.53,3979.26,17765732.7,85228926.3,433335560
3087.8,S,42,28166.07,3980.23,17765732.7,85229026.6,433335648
3088.8,S,46,28172.95,3981.12,17765732.7,85229029.6,433335659
3089.8,S,43,28181.83,3982.13,17765732.7,85229101.7,433335728
3090.8,S,42,28186.71,3982.97,17765732.7,85229190.1,433335811
3091.8,S,42,28191.48,3983.76,17765732.7,85229190.8,433335815
3092.8,S,42,28196.26,3984.48,17765732.7,85229273.9,433335886
3093.8,S,42,28200.98,3985.26,17765732.7,85229274.4,433335888
3094.8,S,42,28205.66,3986.06,17765732.7,85229338.8,433335944
3095.8,S,42,28210.44,3986.78,17765732.7,85229339.2,433335947
3096.8,S,42,28215.19,3987.53,17765732.7,85229339.6,433335950
3097.8,S,42,28219.90,3988.38,17765732.7,85229387.7,433335998
3098.8,S,42,28225.36,3989.25,17765732.7,85229387.9,433335999
3099.8,S,42,28230.95,3990.08,17765732.7,85229388.3,433336001
3100.8,S,42,28236.43,3990.89,17765732.7,85229388.4,433336002
3101.8,S,42,28242.00,3991.77,17765732.7,85229388.7,433336009
3102.8,S,42,28247.47,3992.65,17765732.7,85229525.9,433336136
3103.8,S,42,28252.95,3993.56,17765732.7,85229526.4,433336140
3104.8,S,42,28258.43,3994.43,17765732.7,85229526.5,433336140
3105.8,S,46,28264.85,3995.31,17765732.7,85229547.0,433336168
3106.8,S,42,28272.23,3996.10,17765732.7,85229707.6,433336354
3107.8,S,42,28273.12,3996.19,17765732.7,85229783.0,433336426
3108.8,S,42,28274.10,3996.21,17765732.7,85229783.8,433336428
3109.8,S,42,28275.08,3996.23,17765732.7,85229784.0,433336433
3110.8,S,42,28276.06,3996.25,17765732.7,85229784.2,433336438
3111.8,S,42,28276.99,3996.28,17765732.7,85229848.8,433336498
3112.8,S,42,28277.97,3996.30,17765732.7,85229849.0,433336499
3113.8,S,42,28278.96,3996.30,17765732.7,85229849.2,433336504
3114.8,S,42,28279.95,3996.32,17765732.7,85229849.5,433336505
3115.8,S,42,28280.88,3996.34,17765732.7,85229914.3,433336562
3116.8,S,42,28281.87,3996.36,17765732.7,85229914.4,433336562
3117.8,S,42,28282.77,3996.42,17765732.7,85229958.8,433336608
3118.8,S,42,28283.76,3996.44,17765732.7,85229959.0,433336609
3119.8,S,42,28284.74,3996.45,17765732.7,85229959.2,433336614
3120.8,S,42,28285.73,3996.47,17765732.7,85229960.1,433336619
3121.8,S,42,28286.66,3996.49,17765732.7,85230024.5,433336674
3122.8,S,42,28287.65,3996.50,17765732.7,85230024.7,433336674
3123.8,S,42,28288.63,3996.53,17765732.7,85230052.3,433336915
3124.8,S,42,28289.61,3996.54,17765732.7,85230052.4,433336918
3125.8,S,42,28290.52,3996.57,17765732.7,85230117.7,433336994
3126.8,S,42,28291.44,3996.62,17765732.7,85230140.4,433337039
3127.8,S,42,28292.42,3996.63,17765732.7,85230140.6,433337042
3128.8,S,42,28293.40,3996.65,17765732.7,85230140.8,433337043
3129.8,S,42,28294.39,3996.67,17765732.7,85230141.0,433337046
3130.8,S,42,28295.30,3996.70,17765732.7,85230205.6,433337105
3131.8,S,42,28296.28,3996.73,17765732.7,85230206.2,433337110
3132.8,S,42,28297.27,3996.74,17765732.7,85230206.3,433337113
3133.8,S,42,28298.19,3996.77,17765732.7,85230277.3,433337177
3134.8,S,42,28299.15,3996.80,17765732.7,85230299.8,433337199
3135.8,S,42,28300.11,3996.83,17765732.7,85230300.1,433337204
3136.8,S,42,28301.10,3996.85,17765732.7,85230300.6,433337207
3137.8,S,42,28302.08,3996.87,17765732.7,85230301.0,433337211
3138.8,S,42,28303.01,3996.89,17765732.7,85230367.2,433337272
3139.8,S,42,28304.00,3996.90,17765732.7,85230367.4,433337273
3140.8,S,42,28304.99,3996.91,17765732.7,85230367.5,433337274
3141.8,S,42,28305.97,3996.93,17765732.7,85230367.7,433337278
3142.8,S,42,28306.88,3996.97,17765732.7,85230432.8,433337346
3143.8,S,42,28307.81,3997.01,17765732.7,85230459.4,433337378
3144.8,S,42,28308.79,3997.03,17765732.7,85230459.6,433337381
3145.9,S,42,28309.77,3997.06,17765732.7,85230459.8,433337382
3146.9,S,42,28310.75,3997.07,17765732.7,85230459.9,433337384
3147.9,S,42,28311.68,3997.10,17765732.7,85230525.1,433337443
3148.9,S,42,28312.66,3997.12,17765732.7,85230525.2,433337445
3149.9,S,42,28313.64,3997.14,17765732.7,85230525.4,433337450
3150.9,S,42,28314.63,3997.15,17765732.7,85230525.5,433337453
3151.9,S,42,28315.53,3997.20,17765732.7,85230593.1,433337517
3152.9,S,42,28316.51,3997.22,17765732.7,85230593.6,433337519
3153.9,S,42,28317.49,3997.25,17765732.7,85230594.0,433337519
3154.9,S,42,28318.44,3997.27,17765732.7,85230637.3,433337557
3155.9,S,42,28319.40,3997.29,17765732.7,85230658.7,433337583
3156.9,S,42,28320.39,3997.29,17765732.7,85230659.0,433337589
3157.9,S,42,28321.38,3997.31,17765732.7,85230659.2,433337594
3158.9,S,42,28322.30,3997.34,17765732.7,85230724.0,433337654
3159.9,S,42,28323.29,3997.35,17765732.7,85230724.4,433337656
3160.9,S,42,28324.27,3997.37,17765732.7,85230724.5,433337657
3161.9,S,42,28325.17,3997.43,17765732.7,85230768.6,433337703
3162.9,S,42,28326.15,3997.45,17765732.7,85230768.8,433337706
3163.9,S,42,28327.13,3997.48,17765732.7,85230769.4,433337712
3164.9,S,42,28328.05,3997.50,17765732.7,85230834.2,433337784
3165.9,S,42,28329.03,3997.52,17765732.7,85230834.4,433337788
3166.9,S,42,28330.02,3997.54,17765732.7,85230834.5,433337790
3167.9,S,42,28331.00,3997.55,17765732.7,85230834.7,433337791
3168.9,S,42,28331.72,3997.58,17765732.7,85230899.5,433338061
3169.9,S,42,28332.70,3997.59,17765732.7,85230899.9,433338066
3170.9,S,42,28333.63,3997.64,17765732.7,85230928.1,433338102
3171.9,S,42,28334.61,3997.66,17765732.7,85230928.2,433338106
3172.9,S,42,28335.60,3997.67,17765732.7,85230928.4,433338106
3173.9,S,42,28336.52,3997.71,17765732.7,85230992.9,433338165
3174.9,S,42,28337.50,3997.73,17765732.7,85230993.4,433338168
3175.9,S,42,28338.48,3997.75,17765732.7,85230993.8,433338170
3176.9,S,42,28339.46,3997.77,17765732.7,85230994.0,433338171
3177.9,S,42,28340.39,3997.79,17765732.7,85231058.5,433338229
3178.9,S,42,28341.37,3997.81,17765732.7,85231058.7,433338230
3179.9,S,42,28342.36,3997.83,17765732.7,85231059.1,433338235
3180.9,S,42,28343.26,3997.89,17765732.7,85231109.8,433338282
3181.9,S,42,28344.24,3997.91,17765732.7,85231110.3,433338288
3182.9,S,42,28345.22,3997.93,17765732.7,85231110.6,433338290
3183.9,S,42,28346.15,3997.95,17765732.7,85231175.0,433338344
3184.9,S,42,28347.14,3997.97,17765732.7,85231175.3,433338347
3185.9,S,42,28348.13,3997.97,17765732.7,85231176.0,433338353
3186.9,S,42,28349.12,3997.99,17765732.7,85231176.4,433338359
3187.9,S,42,28350.05,3998.02,17765732.7,85231240.9,433338413
3188.9,S,42,28351.03,3998.04,17765732.7,85231241.1,433338416
3189.9,S,42,28352.01,3998.06,17765732.7,85231241.2,433338417
3190.9,S,42,28353.00,3998.07,17765732.7,85231241.6,433338423
3191.9,S,42,28353.72,3998.10,17765732.7,85231306.3,433338683
3192.9,S,42,28354.70,3998.11,17765732.7,85231306.5,433338690
3193.9,S,42,28355.69,3998.12,17765732.7,85231306.6,433338691
3194.9,S,42,28356.61,3998.16,17765732.7,85231371.3,433338749
3195.9,S,42,28357.54,3998.22,17765732.7,85231386.2,433338766
3196.9,S,42,28358.53,3998.23,17765732.7,85231386.7,433338771
3197.9,S,42,28359.51,3998.25,17765732.7,85231387.0,433338772
3198.9,S,42,28360.50,3998.27,17765732.7,85231387.2,433338777
3199.9,S,42,28361.43,3998.29,17765732.7,85231451.7,433338833
3200.9,S,42,28362.41,3998.31,17765732.7,85231451.9,433338837
3201.9,S,42,28363.39,3998.33,17765732.7,85231452.1,433338842
3202.9,S,42,28364.37,3998.35,17765732.7,85231452.7,433338849
3203.9,S,42,28365.29,3998.38,17765732.7,85231517.1,433338910
3204.9,S,42,28366.23,3998.42,17765732.7,85231541.1,433338934
3205.9,S,57,28374.06,3998.54,17765732.7,85231541.8,433338937
3206.9,S,57,28389.84,3998.77,17765732.7,85231542.1,433338939
3207.9,S,57,28405.62,3999.01,17765732.7,85231542.5,433338940
3208.9,S,57,28421.39,3999.23,17765732.7,85231559.1,433338965
3209.9,S,57,28434.91,3999.54,17765732.7,85232104.5,433339603
3210.9,S,57,28450.11,3999.83,17765732.7,85232419.6,433339882
3211.9,S,57,28465.34,4000.10,17765732.7,85232593.4,433340227
3212.9,S,57,28481.05,4000.37,17765732.7,85232646.3,433340283
3213.9,S,57,28496.25,4000.65,17765732.7,85233031.2,433340652
3214.9,S,57,28511.04,4000.92,17765732.7,85233329.6,433341188
3215.9,S,57,28526.71,4001.15,17765732.7,85233493.2,433341332
3216.9,S,57,28542.39,4001.41,17765732.7,85233593.6,433341421
3217.9,S,57,28557.57,4001.66,17765732.7,85233728.0,433341765
3218.9,S,57,28572.06,4001.97,17765732.7,85234207.0,433342268
3219.9,S,57,28587.59,4002.25,17765732.7,85234442.8,433342510
3220.9,S,57,28603.28,4002.48,17765732.7,85234561.6,433342636
3221.9,S,57,28619.01,4002.71,17765732.7,85234640.8,433342705
3222.9,S,57,28633.52,4003.02,17765732.7,85235126.0,433343155
3223.9,S,57,28648.97,4003.30,17765732.7,85235371.4,433343379
3224.9,S,57,28664.68,4003.53,17765732.7,85235471.0,433343472
3225.9,S,57,28676.93,4003.74,17765732.7,85235667.9,433343943
3226.9,S,57,28692.56,4004.00,17765732.7,85235844.5,433344095
3227.9,S,57,28706.53,4004.33,17765732.7,85236289.5,433344529
3228.9,S,56,28721.95,4004.64,17765732.7,85236452.4,433344732
3229.9,S,56,28736.57,4004.90,17765732.7,85236586.0,433344887
3230.9,S,56,28751.08,4005.18,17765732.7,85236779.0,433345127
3231.9,S,56,28764.65,4005.45,17765732.7,85237056.7,433345564
3232.9,S,43,28772.65,4005.75,17765732.7,85237649.1,433346074
3233.9,S,42,28773.30,4006.27,17765732.7,85237686.6,433346112
3234.9,S,42,28779.76,4007.51,17765732.7,85237688.3,433346122
3235.9,S,42,28788.37,4008.79,17765732.7,85237688.7,433346123
3236.9,S,42,28797.05,4010.26,17765732.7,85237689.1,433346125
3237.9,S,42,28805.81,4011.68,17765732.7,85237690.9,433346129
3238.9,S,42,28814.46,4013.18,17765732.7,85237755.8,433346287
3239.9,S,42,28823.15,4014.47,17765732.7,85237755.9,433346288
3240.9,S,46,28832.74,4015.88,17765732.7,85237780.5,433346325
3241.9,S,46,28841.51,4017.07,17765732.7,85237837.4,433346675
3242.9,S,42,28849.88,4018.56,17765732.7,85237928.3,433346763
3243.9,S,42,28858.75,4019.96,17765732.7,85237928.8,433346764
3244.9,S,42,28867.62,4021.32,17765732.7,85237929.1,433346766
3245.9,S,42,28876.56,4022.63,17765732.7,85237929.3,433346768
3246.9,S,42,28885.33,4024.09,17765732.7,85237994.1,433346826
3247.9,S,46,28894.66,4025.42,17765732.7,85238044.7,433346881
3248.9,S,42,28905.84,4027.01,17765732.7,85238140.7,433346971
3249.9,S,42,28914.61,4028.39,17765732.7,85238141.1,433346973
3250.9,S,42,28923.44,4029.85,17765732.7,85238170.4,433347008
3251.9,S,42,28931.92,4031.25,17765732.7,85238235.0,433347346
3252.9,S,42,28940.62,4032.81,17765732.7,85238246.3,433347364
3253.9,S,42,28949.59,4034.05,17765732.7,85238246.5,433347367
3254.9,S,46,28960.03,4035.67,17765732.7,85238322.6,433347442
3255.9,S,42,28969.66,4037.10,17765732.7,85238418.6,433347534
3256.9,S,42,28978.27,4038.48,17765732.7,85238483.6,433347596
3257.9,S,42,28987.16,4039.85,17765732.7,85238484.1,433347600
3258.9,S,42,28995.75,4041.25,17765732.7,85238484.4,433347604
3259.9,S,42,29004.63,4042.64,17765732.7,85238484.6,433347607
3260.9,S,42,29013.32,4044.09,17765732.7,85238549.4,433347668
3261.9,S,46,29024.34,4045.67,17765732.7,85238659.0,433347782
3262.9,S,42,29033.67,4047.11,17765732.7,85238755.6,433347890
3263.9,S,42,29042.47,4048.50,17765732.7,85238755.8,433347893
3264.9,S,42,29051.03,4049.99,17765732.7,85238756.1,433347898
3265.9,S,42,29059.57,4051.41,17765732.7,85238821.1,433347954
3266.9,S,42,29068.29,4052.94,17765732.7,85238821.5,433347958
3268.0,S,42,29076.28,4054.38,17765732.7,85238929.7,433348058
3269.0,S,46,29088.28,4056.00,17765732.7,85238975.7,433348114
3270.0,S,42,29097.04,4057.38,17765732.7,85239048.7,433348245
3271.0,S,42,29105.74,4058.74,17765732.7,85239049.5,433348253
3272.0,S,42,29114.42,4060.07,17765732.7,85239114.4,433348312
3273.0,S,42,29123.14,4061.50,17765732.7,85239114.9,433348314
3274.0,S,42,29131.68,4062.98,17765732.7,85239142.4,433348342
3275.0,S,46,29140.08,4064.22,17765732.7,85239245.5,433348435
3276.0,S,45,29151.91,4065.83,17765732.7,85239341.8,433348527
3277.0,S,42,29160.64,4067.25,17765732.7,85239342.4,433348530
3278.0,S,42,29169.30,4068.77,17765732.7,85239342.6,433348532
3279.0,S,42,29177.95,4070.18,17765732.7,85239407.5,433348587
3280.0,S,42,29186.77,4071.39,17765732.7,85239407.8,433348588
3281.0,S,42,29195.53,4072.81,17765732.7,85239408.0,433348591
3282.0,S,46,29202.23,4073.84,17765732.7,85239511.1,433348899
3283.0,S,43,29213.94,4075.43,17765732.7,85239671.6,433349047
3284.0,S,42,29222.84,4076.70,17765732.7,85239672.2,433349049
3285.0,S,42,29231.81,4078.11,17765732.7,85239672.6,433349054
3286.0,S,42,29240.50,4079.62,17765732.7,85239711.9,433349093
3287.0,S,42,29249.44,4081.11,17765732.7,85239712.5,433349095
3288.0,S,42,29258.12,4082.49,17765732.7,85239712.7,433349107
3289.0,S,46,29267.38,4083.79,17765732.7,85239815.5,433349203
3290.0,S,42,29278.07,4085.43,17765732.7,85239976.1,433349351
3291.0,S,42,29286.70,4086.85,17765732.7,85239976.4,433349356
3292.0,S,42,29295.51,4088.24,17765732.7,85239976.6,433349359
3293.0,S,42,29304.22,4089.55,17765732.7,85240022.9,433349401
3294.0,S,42,29313.14,4090.92,17765732.7,85240023.1,433349402
3295.0,S,42,29322.14,4092.34,17765732.7,85240023.5,433349406
3296.0,S,46,29332.38,4093.92,17765732.7,85240126.6,433349500
3297.0,S,42,29342.18,4095.45,17765732.7,85240222.7,433349607
3298.0,S,42,29350.81,4096.86,17765732.7,85240287.3,433349763
3299.0,S,42,29359.55,4098.29,17765732.7,85240287.9,433349767
3300.0,S,42,29368.24,4099.69,17765732.7,85240288.1,433349768
3301.0,S,42,29376.90,4101.03,17765732.7,85240288.6,433349771
3302.0,S,42,29385.23,4102.57,17765732.7,85240355.2,433349838
3303.0,S,46,29395.44,4104.03,17765732.7,85240458.3,433349931
3304.0,S,42,29405.16,4105.50,17765732.7,85240554.9,433350021
3305.0,S,42,29413.79,4106.83,17765732.7,85240554.9,433350022
3306.0,S,42,29422.37,4108.40,17765732.7,85240555.6,433350026
3307.0,S,42,29430.68,4110.01,17765732.7,85240620.4,433350082
3308.0,S,42,29439.23,4111.55,17765732.7,85240621.0,433350088
3309.0,S,42,29447.79,4112.98,17765732.7,85240621.4,433350095
3310.0,S,46,29456.03,4114.21,17765732.7,85240724.5,433350291
3311.0,S,42,29466.71,4115.66,17765732.7,85240884.7,433350428
3312.0,S,42,29475.39,4117.11,17765732.7,85240885.4,433350429
3313.0,S,42,29483.97,4118.56,17765732.7,85240885.7,433350432
3314.0,S,42,29492.63,4120.07,17765732.7,85240886.0,433350436
3315.0,S,42,29501.20,4121.53,17765732.7,85240950.6,433350492
3316.0,S,42,29509.93,4122.95,17765732.7,85240951.2,433350495
3317.0,S,46,29518.94,4124.20,17765732.7,85241054.4,433350596
3318.0,S,42,29530.01,4125.93,17765732.7,85241150.4,433350688
3319.0,S,42,29538.42,4127.46,17765732.7,85241197.9,433350730
3320.0,S,42,29547.04,4128.98,17765732.7,85241198.2,433350737
3321.0,S,42,29555.83,4130.33,17765732.7,85241198.6,433350744
3322.0,S,42,29564.73,4131.68,17765732.7,85241199.3,433350750
3323.0,S,42,29573.45,4133.05,17765732.7,85241264.4,433350810
3324.0,S,46,29582.15,4134.44,17765732.7,85241367.4,433350949
3325.0,S,42,29593.46,4136.12,17765732.7,85241463.4,433351036
3326.0,S,42,29602.20,4137.50,17765732.7,85241463.7,433351040
3327.0,S,42,29610.76,4138.88,17765732.7,85241525.4,433351250
3328.0,S,42,29619.43,4140.33,17765732.7,85241541.0,433351267
3329.0,S,42,29628.34,4141.77,17765732.7,85241541.3,433351270
3330.0,S,42,29637.02,4143.30,17765732.7,85241541.6,433351272
3331.0,S,46,29647.69,4144.82,17765732.7,85241644.4,433351363
3332.0,S,42,29657.07,4146.21,17765732.7,85241740.4,433351450
3333.0,S,42,29665.89,4147.57,17765732.7,85241805.3,433351507
3334.0,S,42,29674.57,4149.00,17765732.7,85241806.0,433351513
3335.0,S,42,29683.27,4150.40,17765732.7,85241806.2,433351515
3336.0,S,42,29691.90,4151.71,17765732.7,85241806.5,433351519
3337.0,S,42,29700.59,4153.20,17765732.7,85241871.2,433351576
3338.0,S,46,29709.69,4154.47,17765732.7,85241985.9,433351834
3339.0,S,42,29719.41,4156.03,17765732.7,85242082.4,433351975
3340.0,S,42,29728.19,4157.36,17765732.7,85242083.0,433351977
3341.0,S,42,29736.92,4158.73,17765732.7,85242083.1,433351980
3342.0,S,42,29745.44,4160.04,17765732.7,85242147.8,433352039
3343.0,S,42,29754.19,4161.31,17765732.7,85242148.1,433352041
3344.0,S,42,29762.81,4162.70,17765732.7,85242148.6,433352046
3345.0,S,46,29772.67,4164.26,17765732.7,85242252.0,433352141
3346.0,S,42,29781.48,4165.59,17765732.7,85242348.3,433352237
3347.0,S,42,29786.46,4166.40,17765732.7,85242412.9,433352363
3348.0,S,42,29791.47,4167.17,17765732.7,85242413.2,433352365
3349.0,S,42,29796.85,4168.12,17765732.7,85242431.7,433352386
3350.0,S,42,29802.45,4168.94,17765732.7,85242432.3,433352391
3351.0,S,42,29808.01,4169.71,17765732.7,85242432.9,433352398
3352.0,S,42,29813.84,4170.62,17765732.7,85242433.1,433352403
3353.0,S,42,29819.44,4171.48,17765732.7,85242433.4,433352406
3354.0,S,42,29825.00,4172.41,17765732.7,85242498.1,433352461
3355.0,S,42,29830.57,4173.33,17765732.7,85242498.5,433352462
3356.0,S,42,29836.14,4174.25,17765732.7,85242498.8,433352465
3357.0,S,42,29841.49,4175.14,17765732.7,85242499.2,433352467
3358.0,S,42,29847.13,4176.07,17765732.7,85242591.0,433352557
3359.0,S,46,29853.47,4176.95,17765732.7,85242694.6,433352671
3360.0,S,42,29861.28,4177.79,17765732.7,85242790.4,433352797
3361.0,S,42,29865.43,4178.48,17765732.7,85242790.9,433352798
3362.0,S,42,29869.95,4179.15,17765732.7,85242791.2,433352801
3363.0,S,42,29874.35,4179.91,17765732.7,85242851.9,433352859
3364.0,S,42,29879.04,4180.70,17765732.7,85242935.0,433352933
3365.0,S,42,29883.71,4181.47,17765732.7,85242935.2,433352935
3366.0,S,42,29888.25,4182.30,17765732.7,85242935.8,433352936
3367.0,S,42,29892.88,4183.06,17765732.7,85242968.5,433352965
3368.0,S,42,29897.61,4183.81,17765732.7,85243001.0,433352998
3369.0,S,42,29902.39,4184.61,17765732.7,85243065.8,433353059
3370.0,S,42,29907.22,4185.44,17765732.7,85243066.2,433353063
3371.0,S,42,29911.94,4186.23,17765732.7,85243066.6,433353064
3372.0,S,42,29916.61,4187.06,17765732.7,85243082.9,433353081
3373.0,S,42,29921.41,4187.89,17765732.7,85243143.3,433353184
3374.0,S,42,29926.93,4188.75,17765732.7,85243143.7,433353189
3375.0,S,42,29932.53,4189.68,17765732.7,85243143.9,433353192
3376.0,S,42,29938.16,4190.45,17765732.7,85243144.2,433353196
3377.0,S,42,29943.45,4191.23,17765732.7,85243144.6,433353198
3378.0,S,46,29951.07,4192.07,17765732.7,85243228.9,433353289
3379.0,S,42,29955.65,4192.55,17765732.7,85243324.8,433353380
3380.0,S,42,29956.63,4192.57,17765732.7,85243378.0,433353435
3381.0,S,42,29957.62,4192.58,17765732.7,85243378.2,433353441
3382.0,S,42,29958.45,4192.62,17765732.7,85243454.7,433353585
3383.0,S,42,29959.40,4192.67,17765732.7,85243455.0,433353587
3384.1,S,42,29960.39,4192.68,17765732.7,85243455.3,433353591
3385.1,S,42,29961.37,4192.70,17765732.7,85243455.9,433353599
3386.1,S,42,29962.30,4192.72,17765732.7,85243520.4,433353657
3387.1,S,42,29963.29,4192.74,17765732.7,85243520.5,433353658
3388.1,S,42,29964.27,4192.76,17765732.7,85243521.0,433353660
3389.1,S,42,29965.25,4192.77,17765732.7,85243521.1,433353661
3390.1,S,42,29966.14,4192.80,17765732.7,85243624.6,433353755
3391.1,S,42,29967.09,4192.86,17765732.7,85243624.8,433353758
3392.1,S,42,29968.07,4192.88,17765732.7,85243625.0,433353762
3393.1,S,42,29969.05,4192.89,17765732.7,85243625.4,433353764
3394.1,S,42,29969.98,4192.92,17765732.7,85243690.0,433353826
3395.1,S,42,29970.96,4192.94,17765732.7,85243690.5,433353828
3396.1,S,42,29971.95,4192.95,17765732.7,85243690.8,433353832
3397.1,S,42,29972.94,4192.97,17765732.7,85243690.9,433353834
3398.1,S,42,29973.87,4192.98,17765732.7,85243755.5,433353894
3399.1,S,42,29974.81,4193.03,17765732.7,85243767.3,433353910
3400.1,S,42,29975.80,4193.05,17765732.7,85243781.9,433353927
3401.1,S,42,29976.78,4193.07,17765732.7,85243782.3,433353930
3402.1,S,42,29977.71,4193.09,17765732.7,85243846.9,433353991
3403.1,S,42,29978.70,4193.10,17765732.7,85243847.0,433353994
3404.1,S,42,29979.69,4193.11,17765732.7,85243847.2,433353998
3405.1,S,42,29980.68,4193.13,17765732.7,85243847.5,433353999
3406.1,S,42,29981.58,4193.16,17765732.7,85243923.5,433354071
3407.1,S,42,29982.49,4193.21,17765732.7,85243924.2,433354118
3408.1,S,42,29983.47,4193.23,17765732.7,85243924.4,433354122
3409.1,S,42,29984.45,4193.25,17765732.7,85243924.5,433354125
3410.1,S,42,29985.38,4193.28,17765732.7,85243991.0,433354184
3411.1,S,42,29986.36,4193.29,17765732.7,85243991.3,433354189
3412.1,S,42,29987.35,4193.31,17765732.7,85243991.7,433354191
3413.1,S,42,29988.34,4193.32,17765732.7,85243991.9,433354193
3414.1,S,42,29989.27,4193.35,17765732.7,85244056.5,433354253
3415.1,S,42,29990.21,4193.39,17765732.7,85244068.4,433354267
3416.1,S,42,29991.20,4193.41,17765732.7,85244068.5,433354269
3417.1,S,42,29992.18,4193.43,17765732.7,85244068.7,433354270
3418.1,S,42,29993.11,4193.45,17765732.7,85244133.5,433354325
3419.1,S,42,29994.09,4193.47,17765732.7,85244133.7,433354327
3420.1,S,42,29995.07,4193.49,17765732.7,85244133.9,433354332
3421.1,S,42,29996.05,4193.51,17765732.7,85244134.2,433354334
3422.1,S,42,29996.96,4193.56,17765732.7,85244193.6,433354386
3423.1,S,42,29997.94,4193.58,17765732.7,85244221.7,433354417
3424.1,S,42,29998.92,4193.60,17765732.7,85244222.5,433354422
3425.1,S,42,29999.85,4193.63,17765732.7,85244287.0,433354480
3426.1,S,42,30000.84,4193.64,17765732.7,85244287.3,433354483
3427.1,S,42,30001.82,4193.65,17765732.7,85244287.7,433354486
3428.1,S,42,30002.81,4193.67,17765732.7,85244287.9,433354489
3429.1,S,42,30003.50,4193.70,17765732.7,85244352.9,433354782
3430.1,S,42,30004.48,4193.72,17765732.7,85244353.1,433354786
3431.1,S,42,30005.47,4193.74,17765732.7,85244353.3,433354787
3432.1,S,42,30006.45,4193.76,17765732.7,85244353.6,433354791
3433.1,S,42,30007.33,4193.78,17765732.7,85244418.2,433354899
3434.1,S,42,30008.26,4193.83,17765732.7,85244430.8,433354917
3435.1,S,42,30009.25,4193.84,17765732.7,85244430.9,433354919
3436.1,S,42,30010.24,4193.86,17765732.7,85244431.1,433354924
3437.1,S,42,30011.16,4193.89,17765732.7,85244496.0,433354981
3438.1,S,42,30012.14,4193.92,17765732.7,85244496.2,433354984
3439.1,S,42,30013.12,4193.93,17765732.7,85244496.5,433354985
3440.1,S,42,30014.11,4193.95,17765732.7,85244496.6,433354988
3441.1,S,42,30015.04,4193.97,17765732.7,85244561.3,433355045
3442.1,S,42,30015.97,4194.03,17765732.7,85244578.3,433355063
3443.1,S,42,30016.96,4194.04,17765732.7,85244581.6,433355079
3444.1,S,42,30017.94,4194.06,17765732.7,85244582.1,433355082
3445.1,S,42,30018.85,4194.09,17765732.7,85244646.9,433355148
3446.1,S,42,30019.83,4194.11,17765732.7,85244647.1,433355151
3447.1,S,42,30020.82,4194.12,17765732.7,85244647.2,433355154
3448.1,S,42,30021.80,4194.14,17765732.7,85244649.7,433355165
3449.1,S,42,30022.73,4194.16,17765732.7,85244714.2,433355223
3450.1,S,42,30023.72,4194.18,17765732.7,85244714.8,433355228
3451.1,S,42,30024.70,4194.20,17765732.7,85244714.9,433355230
3452.1,S,42,30025.69,4194.21,17765732.7,85244715.1,433355233
3453.1,S,42,30026.56,4194.28,17765732.7,85244779.4,433355299
3454.1,S,42,30027.55,4194.30,17765732.7,85244779.6,433355304
3455.1,S,42,30028.54,4194.31,17765732.7,85244779.7,433355306
3456.1,S,42,30029.46,4194.34,17765732.7,85244845.0,433355366
3457.1,S,42,30030.45,4194.35,17765732.7,85244845.1,433355367
3458.1,S,42,30031.43,4194.37,17765732.7,85244845.4,433355370
3459.1,S,42,30032.41,4194.39,17765732.7,85244845.5,433355371
3460.1,S,42,30033.30,4194.44,17765732.7,85244914.3,433355441
3461.1,S,42,30034.29,4194.46,17765732.7,85244914.9,433355442
3462.1,S,42,30035.27,4194.47,17765732.7,85244915.1,433355445
3463.1,S,42,30036.26,4194.49,17765732.7,85244915.2,433355448
3464.1,S,42,30037.19,4194.50,17765732.7,85244979.8,433355508
3465.1,S,42,30038.18,4194.52,17765732.7,85244979.9,433355510
3466.1,S,42,30039.16,4194.54,17765732.7,85244980.1,433355515
3467.1,S,42,30040.08,4194.57,17765732.7,85245045.0,433355572
3468.1,S,42,30041.04,4194.61,17765732.7,85245051.7,433355583
3469.1,S,42,30042.02,4194.63,17765732.7,85245051.8,433355586
3470.1,S,42,30043.01,4194.64,17765732.7,85245052.0,433355591
3471.1,S,42,30043.92,4194.66,17765732.7,85245116.6,433355675
3472.1,S,42,30044.90,4194.68,17765732.7,85245117.2,433355678
3473.1,S,42,30045.87,4194.71,17765732.7,85245117.5,433355679
3474.1,S,42,30046.86,4194.72,17765732.7,85245117.7,433355680
3475.1,S,42,30047.78,4194.75,17765732.7,85245182.2,433355735
3476.1,S,42,30048.77,4194.77,17765732.7,85245182.4,433355737
3477.1,S,42,30049.75,4194.79,17765732.7,85245182.8,433355739
3478.1,S,42,30050.66,4194.84,17765732.7,85245236.3,433355789
3479.1,S,57,30055.65,4194.92,17765732.7,85245237.1,433355792
3480.1,S,57,30071.41,4195.15,17765732.7,85245237.2,433355793
3481.1,S,57,30087.18,4195.40,17765732.7,85245237.4,433355795
3482.1,S,57,30102.96,4195.63,17765732.7,85245237.6,433355797
3483.1,S,57,30117.07,4195.91,17765732.7,85245502.8,433356114
3484.1,S,57,30130.66,4196.27,17765732.7,85246008.5,433356637
3485.1,S,57,30146.03,4196.55,17765732.7,85246323.2,433356947
3486.1,S,57,30161.77,4196.80,17765732.7,85246323.5,433356953
3487.1,S,57,30177.28,4197.06,17765732.7,85246545.5,433357150
3488.1,S,57,30192.05,4197.39,17765732.7,85246965.9,433357506
3489.1,S,57,30207.31,4197.68,17765732.7,85247223.6,433357827
3490.1,S,57,30222.80,4197.92,17765732.7,85247304.6,433358094
3491.1,S,57,30238.43,4198.19,17765732.7,85247490.2,433358255
3492.1,S,57,30254.07,4198.47,17765732.7,85247631.8,433358379
3493.1,S,57,30268.53,4198.77,17765732.7,85248054.8,433359008
3494.1,S,57,30283.87,4199.08,17765732.7,85248366.2,433359279
3495.1,S,57,30299.57,4199.34,17765732.7,85248435.5,433359338
3496.1,S,57,30313.92,4199.61,17765732.7,85248763.7,433359881
3497.1,S,57,30329.51,4199.87,17765732.7,85248938.1,433360104
3498.1,S,57,30345.12,4200.13,17765732.7,85249148.4,433360290
3499.1,S,57,30360.63,4200.42,17765732.7,85249459.1,433360569
3500.1,S,57,30376.36,4200.65,17765732.7,85249521.7,433360627
3501.1,S,57,30391.38,4200.93,17765732.7,85249746.8,433361080
3502.1,S,57,30404.27,4201.25,17765732.7,85250219.4,433361953
3503.1,S,56,30419.34,4201.54,17765732.7,85250494.7,433362189
3504.1,S,56,30434.11,4201.77,17765732.7,85250496.2,433362194
3505.1,S,56,30448.63,4202.06,17765732.7,85250777.1,433362446
3506.1,S,55,30457.92,4202.28,17765732.7,85251052.2,433363207
3507.1,S,46,30459.75,4202.41,17765732.7,85251361.6,433364208
3508.2,S,42,30460.04,4203.26,17765732.7,85251440.5,433364371
3509.2,S,42,30468.35,4204.64,17765732.7,85251441.5,433364375
3510.2,S,42,30477.16,4206.11,17765732.7,85251443.9,433364380
3511.2,S,42,30485.89,4207.55,17765732.7,85251444.2,433364383
3512.2,S,42,30494.70,4208.90,17765732.7,85251444.4,433364383
3513.2,S,42,30503.39,4210.53,17765732.7,85251509.1,433364451
3514.2,S,42,30512.20,4211.88,17765732.7,85251509.3,433364452
3515.2,S,46,30523.52,4213.45,17765732.7,85251533.5,433364488
3516.2,S,42,30532.96,4214.96,17765732.7,85251630.3,433364580
3517.2,S,42,30541.62,4216.42,17765732.7,85251695.0,433364640
3518.2,S,42,30550.23,4217.82,17765732.7,85251707.9,433364657
3519.2,S,42,30558.86,4219.18,17765732.7,85251708.1,433364659
3520.2,S,42,30567.49,4220.68,17765732.7,85251708.3,433364661
3521.2,S,42,30576.23,4222.13,17765732.7,85251709.1,433364661
3522.2,S,46,30587.82,4223.82,17765732.7,85251823.4,433364764
3523.2,S,42,30596.52,4225.28,17765732.7,85251919.5,433364851
3524.2,S,42,30605.31,4226.71,17765732.7,85251919.7,433364852
3525.2,S,42,30614.02,4228.06,17765732.7,85251920.0,433364853
3526.2,S,42,30622.72,4229.46,17765732.7,85251920.7,433364854
3527.2,S,42,30631.58,4230.81,17765732.7,85251985.4,433364914
3528.2,S,42,30638.66,4231.91,17765732.7,85252052.4,433365117
3529.2,S,46,30648.69,4233.26,17765732.7,85252061.0,433365329
3530.2,S,42,30657.77,4234.76,17765732.7,85252156.7,433365415
3531.2,S,42,30666.43,4236.10,17765732.7,85252221.7,433365473
3532.2,S,42,30675.08,4237.65,17765732.7,85252229.2,433365483
3533.2,S,42,30683.79,4239.07,17765732.7,85252229.4,433365485
3534.2,S,42,30692.43,4240.58,17765732.7,85252229.6,433365486
3535.2,S,42,30700.88,4241.89,17765732.7,85252261.4,433365519
3536.2,S,46,30712.60,4243.51,17765732.7,85252395.7,433365639
3537.2,S,42,30721.45,4244.92,17765732.7,85252492.3,433365727
3538.2,S,42,30730.14,4246.37,17765732.7,85252517.5,433365754
3539.2,S,42,30738.78,4247.80,17765732.7,85252517.8,433365758
3540.2,S,42,30747.46,4249.14,17765732.7,85252517.9,433365761
3541.2,S,42,30756.17,4250.63,17765732.7,85252518.2,433365766
3542.2,S,46,30764.40,4251.96,17765732.7,85252686.6,433365918
3543.2,S,45,30776.55,4253.64,17765732.7,85252758.6,433365992
3544.2,S,42,30785.32,4255.08,17765732.7,85252782.7,433366017
3545.2,S,42,30793.91,4256.53,17765732.7,85252782.9,433366019
3546.2,S,42,30802.58,4257.93,17765732.7,85252847.7,433366079
3547.2,S,42,30811.23,4259.33,17765732.7,85252848.2,433366083
3548.2,S,42,30820.16,4260.77,17765732.7,85252848.8,433366086
3549.2,S,46,30828.93,4262.08,17765732.7,85252951.5,433366178
3550.2,S,42,30840.01,4263.84,17765732.7,85253096.3,433366315
3551.2,S,42,30848.75,4265.22,17765732.7,85253096.7,433366317
3552.2,S,42,30857.46,4266.72,17765732.8,85253097.7,433366325
3553.2,S,42,30866.25,4268.16,17765732.8,85253099.0,433366335
3554.2,S,42,30874.85,4269.51,17765732.8,85253163.5,433366389
3555.2,S,42,30883.09,4270.71,17765732.8,85253429.3,433366973
3556.2,S,46,30892.57,4272.13,17765735.8,85253440.5,433367047
3557.2,S,42,30904.16,4273.72,17765737.3,85253536.3,433367135
3558.2,S,42,30912.50,4275.23,17765737.3,85253603.5,433367209
3559.2,S,42,30921.14,4276.63,17765737.3,85253621.9,433367235
3560.2,S,42,30929.86,4277.98,17765737.3,85253623.1,433367245
3561.2,S,42,30938.42,4279.48,17765737.3,85253623.4,433367250
3562.2,S,42,30947.24,4280.69,17765737.3,85253623.6,433367252
3563.2,S,46,30956.37,4282.11,17765737.3,85253644.6,433367280
3564.2,S,42,30968.25,4283.67,17765737.3,85253805.1,433367422
3565.2,S,42,30976.99,4284.95,17765737.3,85253805.2,433367423
3566.2,S,42,30985.70,4286.46,17765737.3,85253805.4,433367424
3567.2,S,42,30994.34,4287.81,17765737.3,85253805.5,433367426
3568.2,S,42,31002.93,4289.28,17765737.3,85253870.3,433367484
3569.2,S,42,31011.57,4290.80,17765737.3,85253887.0,433367501
3570.2,S,46,31021.27,4292.32,17765737.3,85253932.8,433367550
3571.2,S,42,31031.84,4293.85,17765737.3,85254028.9,433367690
3572.2,S,42,31040.53,4295.20,17765737.3,85254029.3,433367692
3573.2,S,42,31049.26,4296.60,17765737.3,85254029.4,433367692
3574.2,S,42,31057.68,4297.92,17765737.3,85254095.0,433367790
3575.2,S,42,31066.53,4299.38,17765737.3,85254095.2,433367792
3576.2,S,42,31075.29,4300.76,17765737.3,85254095.4,433367795
3577.2,S,46,31085.30,4302.27,17765737.3,85254166.7,433367862
3578.2,S,42,31095.27,4303.78,17765737.3,85254326.9,433367999
3579.2,S,42,31104.13,4305.11,17765737.3,85254327.1,433368001
3580.2,S,42,31112.78,4306.58,17765737.3,85254327.6,433368005
3581.2,S,42,31121.19,4308.09,17765737.3,85254365.2,433368039
3582.2,S,42,31129.96,4309.45,17765737.3,85254365.5,433368043
3583.2,S,42,31138.78,4310.72,17765737.3,85254365.6,433368045
3584.2,S,46,31149.10,4312.27,17765737.3,85254462.7,433368185
3585.2,S,42,31158.64,4313.64,17765737.3,85254623.1,433368370
3586.2,S,42,31167.32,4315.18,17765737.3,85254624.1,433368371
3587.2,S,42,31176.19,4316.57,17765737.3,85254624.4,433368375
3588.2,S,42,31184.83,4317.91,17765737.3,85254624.5,433368377
3589.2,S,42,31193.63,4319.27,17765737.3,85254689.2,433368435
3590.2,S,42,31202.40,4320.73,17765737.3,85254689.4,433368436
3591.2,S,46,31212.90,4322.18,17765737.3,85254811.3,433368548
3592.2,S,42,31222.34,4323.71,17765737.3,85254907.8,433368634
3593.2,S,42,31231.00,4325.09,17765737.3,85254908.1,433369147
3594.2,S,42,31239.68,4326.59,17765737.3,85254908.4,433369149
3595.2,S,42,31248.31,4328.00,17765737.3,85254973.1,433369214
3596.2,S,42,31256.96,4329.28,17765737.3,85254973.5,433369215
3597.2,S,42,31265.66,4330.64,17765737.3,85254973.7,433369218
3598.2,S,46,31273.38,4331.76,17765737.3,85255076.2,433369579
3599.2,S,42,31283.67,4333.28,17765737.3,85255236.7,433369731
3600.2,S,42,31292.40,4334.74,17765737.3,85255240.1,433369739
3601.2,S,42,31301.02,4336.13,17765737.3,85255240.3,433369741
3602.2,S,42,31309.89,4337.49,17765737.3,85255240.7,433369742
3603.2,S,42,31318.64,4338.80,17765737.3,85255240.9,433369743
3604.2,S,42,31327.36,4340.12,17765737.3,85255305.8,433369799
3605.2,S,46,31335.72,4341.36,17765737.3,85255408.8,433370056
3606.2,S,42,31346.60,4342.98,17765737.3,85255505.0,433370145
3607.2,S,42,31355.43,4344.37,17765737.3,85255505.5,433370147
3608.2,S,42,31364.27,4345.80,17765737.3,85255570.1,433370202
3609.2,S,42,31373.02,4347.46,17765737.3,85255573.7,433370211
3610.2,S,42,31381.69,4348.81,17765737.3,85255573.9,433370213
3611.2,S,42,31390.54,4350.26,17765737.3,85255574.1,433370215
3612.2,S,46,31401.56,4351.87,17765737.3,85255676.9,433370304
3613.2,S,42,31410.89,4353.29,17765737.3,85255837.8,433370660
3614.2,S,42,31419.62,4354.65,17765737.3,85255837.9,433370660
3615.2,S,42,31428.38,4356.01,17765737.3,85255838.5,433370664
3616.2,S,42,31437.44,4357.42,17765737.3,85255838.6,433370666
3617.2,S,42,31446.20,4358.81,17765737.3,85255903.3,433370725
3618.2,S,46,31454.58,4359.98,17765737.3,85256009.7,433370824
3619.2,S,42,31466.28,4361.61,17765737.3,85256106.1,433370914
3620.2,S,42,31471.01,4362.43,17765737.3,85256106.2,433370914
3621.2,S,42,31475.73,4363.16,17765737.3,85256106.4,433370916
3622.2,S,42,31480.54,4363.89,17765737.3,85256171.2,433370972
3623.2,S,42,31485.23,4364.64,17765737.3,85256171.4,433370976
3624.2,S,42,31489.93,4365.46,17765737.3,85256172.1,433370978
3625.2,S,42,31494.87,4366.22,17765737.3,85256172.3,433370982
3626.2,S,42,31499.61,4366.99,17765737.3,85256216.8,433371018
3627.2,S,42,31505.06,4367.91,17765737.3,85256240.2,433371044
3628.2,S,42,31510.60,4368.81,17765737.3,85256240.4,433371046
3629.2,S,42,31516.17,4369.72,17765737.3,85256240.6,433371048
3630.3,S,42,31521.85,4370.56,17765737.3,85256336.4,433371127
3631.3,S,42,31527.42,4371.47,17765737.3,85256401.1,433371196
3632.3,S,42,31532.94,4372.48,17765737.3,85256401.3,433371198
3633.3,S,42,31538.52,4373.42,17765737.3,85256401.7,433371200
3634.3,S,46,31546.21,4374.36,17765737.3,85256408.9,433371215
3635.3,S,42,31552.22,4375.17,17765737.3,85256504.8,433371303
3636.3,S,42,31556.32,4375.89,17765737.3,85256574.3,433371468
3637.3,S,42,31561.11,4376.66,17765737.3,85256574.7,433371519
3638.3,S,42,31565.81,4377.42,17765737.3,85256574.9,433371528
3639.3,S,42,31570.57,4378.21,17765737.3,85256575.4,433371532
3640.3,S,42,31575.35,4378.98,17765737.3,85256660.3,433371604
3641.3,S,42,31580.13,4379.70,17765737.3,85256725.0,433371662
3642.3,S,42,31584.78,4380.50,17765737.3,85256725.3,433371664
3643.3,S,42,31589.50,4381.30,17765737.3,85256725.5,433371667
3644.3,S,42,31594.27,4382.06,17765737.3,85256725.7,433371668
3645.3,S,42,31599.51,4382.87,17765737.3,85256849.4,433371774
3646.3,S,42,31605.12,4383.76,17765737.3,85256849.6,433371776
3647.3,S,42,31610.62,4384.63,17765737.3,85256850.2,433371779
3648.3,S,42,31616.15,4385.48,17765737.3,85256850.3,433371780
3649.3,S,42,31621.42,4386.42,17765737.3,85256914.9,433371836
3650.3,S,42,31626.98,4387.27,17765737.3,85256961.4,433372158
3651.3,S,42,31632.39,4388.15,17765737.3,85256964.5,433372214
3652.3,S,46,31640.71,4388.95,17765737.3,85256982.5,433372241
3653.3,S,42,31643.51,4389.23,17765737.3,85257078.8,433372333
3654.3,S,42,31644.43,4389.26,17765737.3,85257143.2,433372390
3655.3,S,42,31645.42,4389.27,17765737.3,85257143.5,433372394
3656.3,S,42,31646.33,4389.33,17765737.3,85257182.7,433372431
3657.3,S,42,31647.30,4389.36,17765737.3,85257183.3,433372433
3658.3,S,42,31648.29,4389.38,17765737.3,85257183.6,433372435
3659.3,S,42,31649.27,4389.40,17765737.3,85257183.7,433372438
3660.3,S,42,31650.19,4389.42,17765737.3,85257248.2,433372498
3661.3,S,42,31651.17,4389.45,17765737.3,85257248.4,433372501
3662.3,S,42,31652.15,4389.46,17765737.3,85257248.5,433372502
3663.3,S,42,31653.07,4389.49,17765737.3,85257313.6,433372568
3664.3,S,42,31654.02,4389.54,17765737.3,85257316.8,433372573
3665.3,S,42,31655.00,4389.56,17765737.3,85257317.0,433372577
3666.3,S,42,31655.97,4389.58,17765737.3,85257344.3,433372606
3667.3,S,42,31656.90,4389.61,17765737.3,85257408.9,433372664
3668.3,S,42,31657.88,4389.63,17765737.3,85257409.0,433372664
3669.3,S,42,31658.86,4389.66,17765737.3,85257409.6,433372666
3670.3,S,42,31659.84,4389.68,17765737.3,85257409.7,433372668
3671.3,S,42,31660.73,4389.74,17765737.3,85257476.8,433372733
3672.3,S,42,31661.71,4389.75,17765737.3,85257477.0,433372735
3673.3,S,42,31662.69,4389.77,17765737.3,85257477.2,433372736
3674.3,S,42,31663.67,4389.79,17765737.3,85257477.9,433372738
3675.3,S,42,31664.59,4389.82,17765737.3,85257542.4,433372808
3676.3,S,42,31665.57,4389.83,17765737.3,85257555.1,433372820
3677.3,S,42,31666.55,4389.85,17765737.3,85257555.2,433372822
3678.3,S,42,31667.49,4389.87,17765737.3,85257619.7,433372876
3679.3,S,42,31668.43,4389.92,17765737.3,85257636.6,433372898
3680.3,S,42,31669.41,4389.94,17765737.3,85257637.2,433372903
3681.3,S,42,31670.40,4389.95,17765737.3,85257641.3,433372910
3682.3,S,42,31671.38,4389.97,17765737.3,85257641.4,433372912
3683.3,S,42,31672.31,4389.99,17765737.3,85257706.0,433372972
3684.3,S,42,31673.29,4390.01,17765737.3,85257706.6,433372973
3685.3,S,42,31674.28,4390.02,17765737.3,85257706.8,433372975
3686.3,S,42,31675.27,4390.03,17765737.3,85257708.8,433372979
3687.3,S,42,31676.18,4390.07,17765737.3,85257773.4,433373042
3688.3,S,42,31677.17,4390.09,17765737.3,85257773.5,433373044
3689.3,S,42,31678.15,4390.10,17765737.3,85257773.9,433373046
3690.3,S,42,31679.01,4390.12,17765737.3,85257838.3,433373172
3691.3,S,42,31679.97,4390.17,17765737.3,85257840.2,433373181
3692.3,S,42,31680.95,4390.19,17765737.3,85257840.6,433373183
3693.3,S,42,31681.93,4390.20,17765737.3,85257840.7,433373187
3694.3,S,42,31682.86,4390.23,17765737.3,85257905.6,433373246
3695.3,S,42,31683.83,4390.26,17765737.3,85257905.8,433373248
3696.3,S,42,31684.81,4390.28,17765737.3,85257906.0,433373250
3697.3,S,42,31685.79,4390.30,17765737.3,85257906.2,433373254
3698.3,S,42,31686.72,4390.33,17765737.3,85257970.8,433373310
3699.3,S,42,31687.67,4390.37,17765737.3,85257980.7,433373325
3700.3,S,42,31688.65,4390.39,17765737.3,85257981.0,433373325
3701.3,S,42,31689.63,4390.40,17765737.3,85257981.2,433373326
3702.3,S,42,31690.56,4390.43,17765737.3,85258045.6,433373383
3703.3,S,42,31691.55,4390.45,17765737.3,85258046.1,433373386
3704.3,S,42,31692.53,4390.46,17765737.3,85258046.2,433373388
3705.3,S,42,31693.52,4390.48,17765737.3,85258046.4,433373389
3706.3,S,42,31694.36,4390.51,17765737.3,85258111.2,433373529
3707.3,S,42,31695.31,4390.55,17765737.3,85258126.4,433373548
3708.3,S,42,31696.29,4390.56,17765737.3,85258126.6,433373550
3709.3,S,42,31697.28,4390.58,17765737.3,85258127.0,433373553
3710.3,S,42,31698.26,4390.60,17765737.3,85258127.1,433373555
3711.3,S,42,31699.16,4390.63,17765737.3,85258191.6,433373630
3712.3,S,42,31700.15,4390.64,17765737.3,85258192.0,433373632
3713.3,S,42,31701.14,4390.66,17765737.3,85258192.1,433373636
3714.3,S,42,31702.03,4390.68,17765737.3,85258256.6,433373734
3715.3,S,42,31703.01,4390.70,17765737.3,85258257.0,433373737
3716.3,S,42,31703.99,4390.72,17765737.3,85258286.0,433373768
3717.3,S,42,31704.90,4390.78,17765737.3,85258331.7,433373810
3718.3,S,42,31705.88,4390.79,17765737.3,85258332.3,433373813
3719.3,S,42,31706.86,4390.82,17765737.3,85258332.4,433373817
3720.3,S,42,31707.85,4390.83,17765737.3,85258332.6,433373819
3721.3,S,42,31708.78,4390.85,17765737.3,85258397.5,433373877
3722.3,S,42,31709.77,4390.87,17765737.3,85258397.6,433373879
3723.3,S,42,31710.75,4390.88,17765737.3,85258398.2,433373884
3724.3,S,42,31711.67,4390.92,17765737.3,85258462.7,433373942
3725.3,S,42,31712.61,4390.96,17765737.3,85258479.7,433373961
3726.3,S,42,31713.60,4390.97,17765737.3,85258480.0,433373964
3727.3,S,42,31714.59,4390.99,17765737.3,85258480.5,433373967
3728.3,S,42,31715.57,4391.01,17765737.3,85258480.8,433373969
3729.3,S,42,31716.50,4391.03,17765737.3,85258545.3,433374027
3730.3,S,42,31717.49,4391.05,17765737.3,85258545.4,433374029
3731.3,S,42,31718.46,4391.07,17765737.3,85258545.6,433374033
3732.3,S,42,31719.40,4391.09,17765737.3,85258610.0,433374089
3733.3,S,42,31720.38,4391.11,17765737.3,85258610.4,433374092
3734.3,S,42,31721.37,4391.12,17765737.3,85258610.9,433374093
3735.3,S,42,31722.35,4391.14,17765737.3,85258611.1,433374094
3736.3,S,42,31723.28,4391.17,17765737.3,85258675.5,433374149
3737.3,S,42,31724.27,4391.18,17765737.3,85258675.7,433374153
3738.3,S,42,31725.26,4391.20,17765737.3,85258675.8,433374155
3739.3,S,42,31726.08,4391.27,17765737.3,85258732.6,433374259
3740.3,S,42,31727.06,4391.30,17765737.3,85258733.2,433374262
3741.3,S,42,31728.04,4391.32,17765737.3,85258733.4,433374267
3742.3,S,42,31729.02,4391.34,17765737.3,85258733.5,433374271
3743.3,S,42,31729.64,4391.36,17765737.3,85258769.5,433374649
3744.3,S,42,31730.49,4391.38,17765737.3,85258798.2,433374786
3745.3,S,42,31731.47,4391.40,17765737.3,85258799.1,433374788
3746.3,S,42,31732.45,4391.41,17765737.3,85258799.3,433374790
3747.3,S,42,31733.38,4391.43,17765737.3,85258863.7,433374845
3748.3,S,42,31734.33,4391.48,17765737.3,85258869.8,433374856
3749.3,S,42,31735.32,4391.50,17765737.3,85258870.0,433374862
3750.3,S,42,31736.30,4391.51,17765737.3,85258870.4,433374863
3751.3,S,42,31737.23,4391.54,17765737.3,85258935.1,433374919
3752.4,S,42,31738.21,4391.56,17765737.3,85258935.2,433374919
3753.4,S,42,31739.20,4391.57,17765737.3,85258935.4,433374920
3754.4,S,42,31740.19,4391.58,17765737.3,85258935.4,433374921
3755.4,S,42,31741.07,4391.64,17765737.3,85259007.0,433374989
3756.4,S,42,31742.05,4391.66,17765737.3,85259007.8,433374995
3757.4,S,42,31743.04,4391.68,17765737.3,85259008.2,433374999
3758.4,S,42,31744.02,4391.70,17765737.3,85259008.3,433375001
3759.4,S,42,31744.95,4391.72,17765737.3,85259072.9,433375059
3760.4,S,42,31745.94,4391.74,17765737.3,85259073.0,433375059
3761.4,S,42,31746.92,4391.76,17765737.3,85259073.2,433375061
3762.4,S,42,31747.91,4391.77,17765737.3,85259073.6,433375063
3763.4,S,42,31748.84,4391.80,17765737.3,85259138.2,433375123
3764.4,S,42,31749.83,4391.80,17765737.3,85259138.3,433375125
3765.4,S,42,31750.81,4391.82,17765737.3,85259138.5,433375126
3766.4,S,42,31751.44,4391.84,17765737.3,85259152.7,433375489
3767.4,S,42,31752.31,4391.89,17765737.3,85259202.6,433375574
3768.4,S,57,31765.16,4392.09,17765737.3,85259203.5,433375579
3769.4,S,57,31780.92,4392.35,17765737.3,85259203.7,433375583
3770.4,S,57,31796.70,4392.59,17765737.3,85259203.8,433375585
3771.4,S,57,31812.08,4392.85,17765737.3,85259416.4,433375778
3772.4,S,57,31827.50,4393.16,17765737.3,85259831.0,433376132
3773.4,S,57,31840.49,4393.46,17765737.3,85260252.0,433376830
3774.4,S,57,31856.25,4393.73,17765737.3,85260252.2,433376832
3775.4,S,57,31872.04,4393.95,17765737.3,85260252.4,433376836
3776.4,S,57,31886.38,4394.26,17765737.3,85260728.7,433377562
3777.4,S,57,31901.94,4394.54,17765737.3,85260947.9,433377754
3778.4,S,57,31917.47,4394.82,17765737.3,85261230.1,433378002
3779.4,S,57,31932.66,4395.07,17765737.3,85261381.9,433378345
3780.4,S,57,31948.32,4395.34,17765737.3,85261481.6,433378433
3781.4,S,57,31963.30,4395.73,17765737.3,85262005.7,433378886
3782.4,S,57,31978.90,4395.99,17765737.3,85262207.6,433379068
3783.4,S,57,31994.38,4396.27,17765737.3,85262370.1,433379353
3784.4,S,57,32009.96,4396.54,17765737.3,85262607.5,433379559
3785.4,S,57,32025.27,4396.79,17765737.3,85262780.0,433379860
3786.4,S,57,32040.70,4397.09,17765737.3,85263060.4,433380103
3787.4,S,57,32056.38,4397.34,17765737.3,85263184.0,433380212
3788.4,S,57,32071.55,4397.67,17765737.3,85263563.1,433380555
3789.4,S,57,32087.06,4397.96,17765737.3,85263887.0,433380835
3790.4,S,57,32102.50,4398.22,17765737.3,85264065.6,433381028
3791.4,S,56,32117.53,4398.46,17765737.3,85264123.7,433381083
3792.4,S,56,32132.06,4398.72,17765737.3,85264311.4,433381249
3793.4,S,56,32144.01,4399.01,17765737.4,85264781.6,433381956
3794.4,S,50,32157.62,4399.28,17765737.4,85265101.7,433382241
3795.4,S,42,32159.79,4399.60,17765737.4,85265372.6,433382500
3796.4,S,42,32163.86,4400.66,17765737.4,85265375.9,433382507
3797.4,S,42,32172.43,4402.17,17765737.4,85265376.2,433382509
3798.4,S,42,32181.23,4403.53,17765737.4,85265376.3,433382510
3799.4,S,42,32190.00,4404.96,17765737.4,85265376.4,433382510
3800.4,S,42,32198.50,4406.34,17765737.4,85265441.3,433382572
3801.4,S,42,32207.05,4407.84,17765737.4,85265441.6,433382575
3802.4,S,46,32215.60,4409.13,17765737.4,85265466.2,433382617
3803.4,S,46,32227.48,4410.89,17765737.4,85265519.5,433382674
3804.4,S,42,32236.20,4412.41,17765737.4,85265618.2,433382783
3805.4,S,42,32245.21,4413.89,17765737.4,85265618.5,433382785
3806.4,S,42,32254.12,4415.28,17765737.4,85265619.2,433382788
3807.4,S,42,32262.97,4416.71,17765737.4,85265619.3,433382788
3808.4,S,42,32271.80,4418.04,17765737.4,85265619.9,433382789
3809.4,S,46,32281.11,4419.45,17765737.4,85265734.4,433382892
3810.4,S,42,32292.59,4421.05,17765737.4,85265830.5,433382978
3811.4,S,42,32301.22,4422.61,17765737.4,85265859.4,433383056
3812.4,S,42,32310.08,4424.07,17765737.4,85265859.6,433383060
3813.4,S,42,32318.94,4425.38,17765737.4,85265859.7,433383062
3814.4,S,42,32327.55,4426.85,17765737.4,85265860.3,433383063
3815.4,S,42,32336.17,4428.25,17765737.4,85265924.8,433383127
3816.4,S,46,32346.69,4429.75,17765737.4,85266000.4,433383201
3817.4,S,42,32354.99,4431.08,17765737.4,85266124.3,433383515
3818.4,S,42,32363.56,4432.59,17765737.4,85266124.7,433383518
3819.4,S,42,32372.32,4434.02,17765737.4,85266124.8,433383520
3820.4,S,42,32381.04,4435.42,17765737.4,85266125.4,433383521
3821.4,S,42,32389.73,4436.87,17765737.4,85266125.5,433383521
3822.4,S,42,32398.30,4438.32,17765737.4,85266190.1,433383579
3823.4,S,46,32408.41,4439.75,17765737.4,85266291.7,433383676
3824.4,S,42,32418.46,4441.29,17765737.4,85266415.9,433383791
3825.4,S,42,32427.09,4442.70,17765737.4,85266416.1,433383793
3826.4,S,42,32435.81,4444.17,17765737.4,85266416.7,433383796
3827.4,S,42,32444.55,4445.58,17765737.4,85266416.8,433383796
3828.4,S,42,32453.29,4446.98,17765737.4,85266481.8,433383885
3829.4,S,42,32462.05,4448.39,17765737.4,85266481.9,433383887
3830.4,S,46,32472.68,4449.88,17765737.4,85266584.8,433383983
3831.4,S,42,32482.38,4451.33,17765737.4,85266680.9,433384071
3832.4,S,42,32491.23,4452.65,17765737.4,85266681.4,433384077
3833.4,S,42,32499.82,4454.20,17765737.4,85266748.3,433384137
3834.4,S,42,32508.58,4455.43,17765737.4,85266749.0,433384142
3835.4,S,42,32517.45,4456.80,17765737.4,85266749.1,433384144
3836.4,S,42,32525.78,4458.11,17765737.4,85266792.9,433384186
3837.4,S,46,32537.53,4459.72,17765737.4,85266916.4,433384341
3838.4,S,42,32546.42,4461.06,17765737.4,85267012.9,433384455
3839.4,S,42,32555.11,4462.51,17765737.4,85267013.1,433384457
3840.4,S,42,32563.84,4463.95,17765737.4,85267013.3,433384461
3841.4,S,42,32572.52,4465.28,17765737.4,85267032.2,433384479
3842.4,S,42,32581.20,4466.70,17765737.4,85267088.3,433384539
3843.4,S,46,32589.61,4467.99,17765737.4,85267191.4,433384628
3844.4,S,43,32601.65,4469.56,17765737.4,85267264.2,433384691
3845.4,S,42,32610.35,4471.15,17765737.4,85267288.2,433384712
3846.4,S,42,32619.04,4472.55,17765737.4,85267288.5,433384714
3847.4,S,42,32627.71,4473.95,17765737.4,85267353.0,433384802
3848.4,S,42,32636.39,4475.32,17765737.4,85267353.2,433384806
3849.4,S,42,32645.13,4476.69,17765737.4,85267353.6,433384808
3850.4,S,46,32653.45,4478.01,17765737.4,85267456.4,433384926
3851.4,S,42,32665.29,4479.66,17765737.4,85267616.5,433385092
3852.4,S,42,32673.83,4481.12,17765737.4,85267628.7,433385108
3853.4,S,42,32682.78,4482.45,17765737.4,85267629.0,433385108
3854.4,S,42,32691.49,4483.81,17765737.4,85267629.6,433385110
3855.4,S,42,32700.21,4485.29,17765737.4,85267630.0,433385111
3856.4,S,42,32708.76,4486.73,17765737.4,85267694.6,433385171
3857.4,S,46,32718.45,4488.02,17765737.4,85267797.3,433385263
3858.4,S,42,32729.37,4489.77,17765737.4,85267921.6,433385375
3859.4,S,42,32738.15,4491.24,17765737.4,85267922.1,433385378
3860.4,S,42,32746.73,4492.54,17765737.4,85267986.9,433385437
3861.4,S,42,32755.51,4493.98,17765737.4,85267987.6,433385440
3862.4,S,42,32764.25,4495.52,17765737.4,85267987.9,433385442
3863.4,S,42,32772.88,4496.96,17765737.4,85268027.5,433385481
3864.4,S,46,32783.33,4498.41,17765737.4,85268130.4,433385573
3865.4,S,42,32793.40,4499.94,17765737.4,85268227.0,433385761
3866.4,S,42,32802.09,4501.37,17765737.4,85268227.5,433385770
3867.4,S,42,32810.68,4502.71,17765737.4,85268292.2,433385836
3868.4,S,42,32819.46,4504.14,17765737.4,85268292.6,433385841
3869.4,S,42,32828.08,4505.55,17765737.4,85268292.7,433385843
3870.4,S,42,32836.75,4506.86,17765737.4,85268293.1,433385847
3871.5,S,46,32847.57,4508.31,17765737.4,85268396.1,433385949
3872.5,S,42,32856.91,4509.78,17765737.4,85268557.3,433386095
3873.5,S,42,32865.72,4511.11,17765737.4,85268557.4,433386098
3874.5,S,42,32874.37,4512.52,17765737.4,85268557.7,433386101
3875.5,S,42,32882.76,4513.85,17765737.4,85268614.3,433386300
3876.5,S,42,32891.60,4515.16,17765737.4,85268615.2,433386305
3877.5,S,42,32900.26,4516.37,17765737.4,85268615.3,433386307
3878.5,S,46,32909.59,4517.66,17765737.4,85268718.5,433386548
3879.5,S,42,32919.13,4519.06,17765737.4,85268814.4,433386634
3880.5,S,42,32927.94,4520.39,17765737.4,85268879.0,433386691
3881.5,S,42,32936.76,4521.75,17765737.4,85268879.4,433386693
3882.5,S,42,32945.65,4523.20,17765737.4,85268879.6,433386695
3883.5,S,42,32954.40,4524.69,17765737.4,85268907.5,433386726
3884.5,S,42,32962.82,4526.17,17765737.4,85269008.4,433386815
3885.5,S,46,32974.51,4527.65,17765737.4,85269075.3,433386883
3886.5,S,42,32983.19,4529.09,17765737.4,85269198.9,433386995
3887.5,S,42,32992.12,4530.43,17765737.4,85269199.3,433386997
3888.5,S,42,33000.79,4531.77,17765737.4,85269199.4,433386997
3889.5,S,42,33009.62,4533.10,17765737.4,85269199.7,433386998
3890.5,S,42,33018.35,4534.53,17765737.4,85269264.6,433387054
3891.5,S,42,33026.11,4535.81,17765737.4,85269363.0,433387146
3892.5,S,46,33038.34,4537.61,17765737.4,85269404.4,433387183
3893.5,S,42,33047.22,4539.17,17765737.4,85269464.4,433387252
3894.5,S,42,33055.92,4540.42,17765737.4,85269464.5,433387253
3895.5,S,42,33064.60,4541.92,17765737.4,85269529.2,433387319
3896.5,S,42,33073.32,4543.42,17765737.4,85269544.5,433387336
3897.5,S,42,33081.89,4544.77,17765737.4,85269545.0,433387337
3898.5,S,46,33090.50,4546.23,17765737.4,85269647.7,433387428
3899.5,S,42,33102.11,4547.81,17765737.4,85269743.6,433387512
3900.5,S,42,33110.74,4549.32,17765737.4,85269808.2,433387568
3901.5,S,42,33119.37,4550.70,17765737.4,85269808.8,433387572
3902.5,S,42,33128.07,4552.05,17765737.4,85269809.1,433387574
3903.5,S,42,33136.77,4553.52,17765737.4,85269809.4,433387578
3904.5,S,42,33145.52,4555.03,17765737.4,85269873.9,433387661
3905.5,S,46,33154.24,4556.41,17765737.4,85269976.7,433387767
3906.5,S,42,33165.60,4558.19,17765737.4,85270072.9,433387854
3907.5,S,42,33170.96,4559.12,17765737.4,85270104.9,433387886
3908.5,S,42,33176.35,4559.95,17765737.4,85270105.5,433387889
3909.5,S,42,33181.80,4560.78,17765737.4,85270105.8,433387891
3910.5,S,42,33187.25,4561.67,17765737.4,85270105.9,433387892
3911.5,S,42,33192.90,4562.57,17765737.4,85270170.5,433387949
3912.5,S,42,33198.53,4563.38,17765737.4,85270170.7,433387951
3913.5,S,42,33204.02,4564.21,17765737.4,85270171.1,433387954
3914.5,S,42,33209.41,4565.15,17765737.4,85270171.6,433387956
3915.5,S,42,33214.97,4566.11,17765737.4,85270171.9,433387956
3916.5,S,42,33220.66,4567.00,17765737.4,85270334.5,433388094
3917.5,S,42,33226.99,4568.06,17765737.4,85270349.1,433388111
3918.5,S,46,33233.88,4568.99,17765737.4,85270354.0,433388125
3919.5,S,44,33242.98,4570.04,17765737.4,85270426.1,433388191
3920.5,S,42,33247.97,4570.82,17765737.4,85270450.3,433388211
3921.5,S,42,33252.72,4571.63,17765737.4,85270514.9,433388266
3922.5,S,42,33257.56,4572.42,17765737.4,85270515.3,433388271
3923.5,S,42,33262.51,4573.16,17765737.4,85270515.7,433388271
3924.5,S,42,33267.61,4574.07,17765737.4,85270515.9,433388273
3925.5,S,42,33272.57,4574.91,17765737.4,85270516.5,433388277
3926.5,S,42,33277.58,4575.70,17765737.4,85270600.3,433388349
3927.5,S,42,33283.18,4576.68,17765737.4,85270664.6,433388420
3928.5,S,42,33288.60,4577.57,17765737.4,85270665.1,433388426
3929.5,S,42,33294.08,4578.44,17765737.4,85270665.8,433388458
3930.5,S,42,33299.50,4579.33,17765737.4,85270665.9,433388459
3931.5,S,42,33304.90,4580.20,17765737.4,85270731.0,433388712
3932.5,S,42,33310.52,4581.08,17765737.4,85270802.1,433388781
3933.5,S,42,33315.99,4581.96,17765737.4,85270802.3,433388784
3934.5,S,42,33321.44,4582.72,17765737.4,85270802.6,433388786
3935.5,S,46,33328.04,4583.56,17765737.4,85270877.2,433388871
3936.5,S,42,33336.07,4584.57,17765737.4,85270972.9,433388964
3937.5,S,42,33337.06,4584.59,17765737.4,85271027.0,433389022
3938.5,S,42,33338.04,4584.61,17765737.4,85271027.1,433389024
3939.5,S,42,33338.97,4584.63,17765737.4,85271091.6,433389082
3940.5,S,42,33339.96,4584.64,17765737.4,85271092.0,433389084
3941.5,S,42,33340.94,4584.66,17765737.4,85271092.2,433389088
3942.5,S,42,33341.92,4584.68,17765737.4,85271092.3,433389090
3943.5,S,42,33342.85,4584.70,17765737.4,85271157.1,433389149
3944.5,S,42,33343.84,4584.72,17765737.4,85271157.2,433389151
3945.5,S,42,33344.82,4584.73,17765737.4,85271157.5,433389154
3946.5,S,42,33345.81,4584.75,17765737.4,85271185.3,433389180
3947.5,S,42,33346.73,4584.78,17765737.4,85271249.9,433389240
3948.5,S,42,33347.61,4584.89,17765737.4,85271263.8,433389258
3949.5,S,42,33348.59,4584.91,17765737.4,85271264.0,433389260
3950.5,S,42,33349.58,4584.92,17765737.4,85271264.2,433389266
3951.5,S,42,33350.49,4584.95,17765737.4,85271329.2,433389331
3952.5,S,42,33351.48,4584.97,17765737.4,85271357.2,433389369
3953.5,S,42,33352.46,4584.99,17765737.4,85271357.4,433389373
3954.5,S,42,33353.44,4585.01,17765737.4,85271357.8,433389375
3955.5,S,42,33354.37,4585.04,17765737.4,85271422.3,433389432
3956.5,S,42,33355.35,4585.06,17765737.4,85271422.4,433389434
3957.5,S,42,33356.34,4585.07,17765737.4,85271422.7,433389436
3958.5,S,42,33357.32,4585.09,17765737.4,85271422.9,433389437
3959.5,S,42,33358.24,4585.11,17765737.4,85271487.8,433389505
3960.5,S,42,33359.16,4585.18,17765737.4,85271500.9,433389521
3961.5,S,42,33360.14,4585.20,17765737.4,85271501.1,433389522
3962.5,S,42,33361.13,4585.22,17765737.4,85271509.2,433389530
3963.5,S,42,33362.05,4585.24,17765737.4,85271573.7,433389591
3964.5,S,42,33363.04,4585.25,17765737.4,85271574.1,433389593
3965.5,S,42,33364.03,4585.27,17765737.4,85271574.7,433389595
3966.5,S,42,33365.01,4585.29,17765737.4,85271574.8,433389596
3967.5,S,42,33365.90,4585.31,17765737.4,85271641.5,433389705
3968.5,S,42,33366.89,4585.32,17765737.4,85271641.6,433389707
3969.5,S,42,33367.87,4585.34,17765737.4,85271641.7,433389711
3970.5,S,42,33368.77,4585.40,17765737.4,85271695.8,433389760
3971.5,S,42,33369.76,4585.41,17765737.4,85271696.0,433389763
3972.5,S,42,33370.75,4585.42,17765737.4,85271696.1,433389765
3973.5,S,42,33371.73,4585.44,17765737.4,85271696.2,433389769
3974.5,S,42,33372.66,4585.46,17765737.4,85271760.7,433389828
3975.5,S,42,33373.65,4585.48,17765737.4,85271761.2,433389831
3976.5,S,42,33374.63,4585.50,17765737.4,85271761.6,433389833
3977.5,S,42,33375.54,4585.53,17765737.4,85271826.1,433389898
3978.5,S,42,33376.53,4585.55,17765737.4,85271826.2,433389899
3979.5,S,42,33377.46,4585.59,17765737.4,85271848.0,433389923
3980.5,S,42,33378.45,4585.61,17765737.4,85271848.3,433389929
3981.5,S,42,33379.44,4585.62,17765737.4,85271848.9,433389933
3982.5,S,42,33380.37,4585.65,17765737.4,85271913.4,433389987
3983.5,S,42,33381.34,4585.67,17765737.4,85271913.5,433389988
3984.5,S,42,33382.32,4585.69,17765737.4,85271913.6,433389989
3985.5,S,42,33383.31,4585.71,17765737.4,85271913.8,433389992
3986.5,S,42,33384.23,4585.74,17765737.4,85271978.7,433390049
3987.5,S,42,33385.21,4585.76,17765737.4,85271979.1,433390053
3988.5,S,42,33386.20,4585.77,17765737.4,85271979.3,433390058
3989.5,S,42,33387.03,4585.83,17765737.4,85272036.8,433390186
3990.5,S,42,33388.01,4585.85,17765737.4,85272036.8,433390186
3991.6,S,42,33389.00,4585.86,17765737.4,85272037.2,433390187
3992.6,S,42,33389.99,4585.88,17765737.4,85272037.4,433390187
3993.6,S,42,33390.91,4585.90,17765737.4,85272102.1,433390242
3994.6,S,42,33391.86,4585.94,17765737.4,85272116.9,433390262
3995.6,S,42,33392.85,4585.95,17765737.4,85272117.1,433390264
3996.6,S,42,33393.84,4585.96,17765737.4,85272117.3,433390265
3997.6,S,42,33394.76,4585.99,17765737.4,85272182.2,433390322
3998.6,S,42,33395.75,4586.01,17765737.4,85272182.4,433390325
3999.6,S,42,33396.74,4586.02,17765737.4,85272182.7,433390326
4000.6,S,42,33397.72,4586.04,17765737.4,85272182.9,433390330
4001.6,S,42,33398.65,4586.07,17765737.4,85272247.3,433390386
4002.6,S,42,33399.64,4586.08,17765737.4,85272247.5,433390388
4003.6,S,42,33400.53,4586.14,17765737.4,85272289.2,433390449
4004.6,S,42,33401.51,4586.15,17765737.4,85272289.5,433390451
4005.6,S,42,33402.50,4586.17,17765737.4,85272289.8,433390453
4006.6,S,42,33403.48,4586.18,17765737.4,85272290.0,433390457
4007.6,S,42,33404.40,4586.21,17765737.4,85272354.5,433390528
4008.6,S,42,33405.38,4586.23,17765737.4,85272355.0,433390531
4009.6,S,42,33406.37,4586.24,17765737.4,85272355.0,433390531
4010.6,S,42,33407.35,4586.26,17765737.4,85272355.2,433390532
4011.6,S,42,33408.29,4586.27,17765737.4,85272419.9,433390595
4012.6,S,42,33409.28,4586.29,17765737.4,85272420.1,433390599
4013.6,S,42,33410.19,4586.34,17765737.4,85272453.5,433390638
4014.6,S,42,33411.17,4586.36,17765737.4,85272453.8,433390638
4015.6,S,42,33412.16,4586.37,17765737.4,85272453.9,433390640
4016.6,S,42,33413.09,4586.39,17765737.4,85272518.5,433390699
4017.6,S,42,33414.08,4586.41,17765737.4,85272518.9,433390699
4018.6,S,42,33415.06,4586.43,17765737.4,85272519.1,433390700
4019.6,S,42,33416.05,4586.45,17765737.4,85272519.2,433390702
4020.6,S,42,33416.98,4586.47,17765737.4,85272583.9,433390760
4021.6,S,42,33417.97,4586.48,17765737.4,85272584.0,433390762
4022.6,S,42,33418.88,4586.53,17765737.4,85272615.2,433390795
4023.6,S,42,33419.87,4586.55,17765737.4,85272615.8,433390796
4024.6,S,42,33420.85,4586.57,17765737.4,85272616.0,433390800
4025.6,S,42,33421.77,4586.59,17765737.4,85272680.8,433390869
4026.6,S,42,33422.75,4586.61,17765737.4,85272681.0,433390873
4027.6,S,42,33423.74,4586.63,17765737.4,85272681.1,433390874
4028.6,S,42,33424.73,4586.64,17765737.4,85272681.3,433390876
4029.6,S,42,33425.66,4586.66,17765737.4,85272746.0,433390934
4030.6,S,42,33426.63,4586.68,17765737.4,85272746.4,433390938
4031.6,S,42,33427.55,4586.74,17765737.4,85272784.8,433390975
4032.6,S,42,33428.53,4586.76,17765737.4,85272785.1,433390977
4033.6,S,42,33429.51,4586.78,17765737.4,85272785.2,433390979
4034.6,S,42,33430.50,4586.79,17765737.4,85272785.6,433390983
4035.6,S,42,33431.28,4586.82,17765737.4,85272850.0,433391177
4036.6,S,42,33432.26,4586.84,17765737.4,85272850.6,433391180
4037.6,S,42,33433.25,4586.85,17765737.4,85272850.7,433391180
4038.6,S,42,33434.24,4586.87,17765737.4,85272850.8,433391181
4039.6,S,42,33435.02,4586.90,17765737.4,85272915.4,433391378
4040.6,S,42,33436.01,4586.92,17765737.4,85272915.8,433391378
4041.6,S,42,33436.99,4586.93,17765737.4,85272916.2,433391381
4042.6,S,42,33437.90,4586.98,17765737.4,85272979.4,433391436
4043.6,S,42,33438.88,4587.01,17765737.4,85272979.5,433391438
4044.6,S,42,33439.86,4587.02,17765737.4,85272979.7,433391440
4045.6,S,42,33440.84,4587.04,17765737.4,85272979.8,433391440
4046.6,S,42,33441.76,4587.07,17765737.4,85273045.0,433391507
4047.6,S,42,33442.74,4587.09,17765737.4,85273045.1,433391509
4048.6,S,42,33443.73,4587.11,17765737.4,85273045.3,433391513
4049.6,S,42,33444.71,4587.12,17765737.4,85273045.5,433391516
4050.6,S,42,33445.65,4587.14,17765737.4,85273110.1,433391575
4051.6,S,42,33446.63,4587.16,17765737.4,85273110.4,433391579
4052.6,S,42,33447.62,4587.17,17765737.4,85273110.8,433391581
4053.6,S,42,33448.55,4587.19,17765737.4,85273175.5,433391638
4054.6,S,42,33449.48,4587.25,17765737.4,85273189.5,433391655
4055.6,S,42,33450.47,4587.26,17765737.4,85273189.8,433391659
4056.6,S,42,33451.45,4587.29,17765737.4,85273190.0,433391664
4057.6,S,42,33452.43,4587.30,17765737.4,85273190.8,433391666
4058.6,S,42,33453.37,4587.33,17765737.4,85273255.3,433391721
4059.6,S,42,33454.35,4587.35,17765737.4,85273255.6,433391725
4060.6,S,42,33455.33,4587.36,17765737.4,85273255.8,433391729
4061.6,S,42,33456.09,4587.38,17765737.4,85273289.2,433391956
4062.6,S,42,33457.02,4587.40,17765737.4,85273320.4,433392015
4063.6,S,42,33458.00,4587.42,17765737.4,85273320.9,433392017
4064.6,S,42,33458.99,4587.43,17765737.4,85273321.1,433392021
4065.6,S,42,33459.92,4587.46,17765737.4,85273385.6,433392075
4066.6,S,42,33460.86,4587.50,17765737.4,85273397.2,433392088
4067.6,S,57,33469.00,4587.63,17765737.4,85273397.9,433392091
4068.6,S,57,33484.79,4587.85,17765737.4,85273399.2,433392097
4069.6,S,57,33500.56,4588.11,17765737.4,85273399.3,433392099
4070.6,S,57,33516.35,4588.33,17765737.4,85273405.5,433392108
4071.6,S,57,33530.85,4588.67,17765737.4,85273948.5,433392579
4072.6,S,57,33545.71,4588.97,17765737.4,85274348.6,433393159
4073.6,S,57,33561.42,4589.22,17765737.4,85274437.8,433393237
4074.6,S,57,33577.13,4589.46,17765737.4,85274524.7,433393312
4075.6,S,57,33592.17,4589.75,17765737.4,85274840.3,433393792
4076.6,S,57,33607.41,4590.06,17765737.4,85275259.0,433394151
4077.6,S,57,33622.97,4590.32,17765737.4,85275439.9,433394360
4078.6,S,57,33637.74,4590.57,17765737.4,85275555.0,433394753
4079.6,S,57,33653.32,4590.86,17765737.4,85275735.3,433394913
4080.6,S,57,33668.76,4591.15,17765737.4,85275981.5,433395125
4081.6,S,57,33684.37,4591.42,17765737.4,85276181.3,433395299
4082.6,S,57,33698.27,4591.71,17765737.4,85276394.9,433395696
4083.6,S,57,33712.67,4591.98,17765737.4,85276628.9,433396177
4084.6,S,57,33726.13,4592.33,17765737.4,85277072.7,433396943
4085.6,S,57,33741.64,4592.59,17765737.4,85277197.9,433397123
4086.6,S,57,33757.30,4592.87,17765737.4,85277318.9,433397226
4087.6,S,57,33773.03,4593.11,17765737.4,85277380.0,433397279
4088.6,S,57,33787.94,4593.40,17765737.4,85277806.2,433397670
4089.6,S,57,33803.30,4593.72,17765737.4,85278174.5,433398013
4090.6,S,57,33818.91,4594.01,17765737.4,85278353.5,433398220
4091.6,S,56,33833.62,4594.24,17765737.4,85278450.3,433398304
4092.6,S,56,33848.10,4594.50,17765737.4,85278732.6,433398546
4093.6,S,56,33861.76,4594.81,17765737.4,85279065.7,433399059
4094.6,S,42,33866.53,4595.36,17765737.4,85279535.7,433399499
4095.6,S,42,33871.29,4596.61,17765737.4,85279539.9,433399507
4096.6,S,42,33880.04,4598.15,17765737.4,85279540.5,433399512
4097.6,S,42,33888.72,4599.52,17765737.4,85279540.6,433399514
4098.6,S,42,33897.49,4600.93,17765737.4,85279540.8,433399517
4099.6,S,42,33906.06,4602.47,17765737.4,85279605.3,433399573
4100.6,S,42,33914.68,4603.92,17765737.4,85279605.6,433399576
4101.6,S,46,33923.92,4605.40,17765737.4,85279655.2,433399630
4102.6,S,42,33935.59,4607.07,17765737.4,85279751.6,433399718
4103.6,S,42,33944.35,4608.60,17765737.4,85279751.7,433399719
4104.6,S,42,33952.96,4609.88,17765737.4,85279752.0,433399721
4105.6,S,42,33961.42,4611.35,17765737.4,85279798.2,433399928
4106.6,S,42,33970.05,4612.82,17765737.4,85279816.8,433399986
4107.6,S,42,33978.89,4614.20,17765737.4,85279817.2,433399988
4108.6,S,46,33986.46,4615.28,17765737.4,85279866.8,433400283
4109.6,S,42,33997.42,4616.97,17765737.4,85279962.7,433400370
4110.6,S,42,34006.10,4618.37,17765737.4,85280027.6,433400433
4111.6,S,42,34014.77,4619.94,17765737.4,85280049.2,433400453
4112.6,S,42,34023.63,4621.29,17765737.4,85280049.7,433400455
4113.6,S,42,34032.43,4622.57,17765737.4,85280050.4,433400455
4114.7,S,42,34041.17,4624.06,17765737.4,85280050.7,433400457
4115.7,S,46,34051.68,4625.69,17765737.4,85280125.8,433400526
4116.7,S,42,34058.47,4626.66,17765737.4,85280286.4,433401029
4117.7,S,42,34067.15,4628.02,17765737.4,85280286.4,433401029
4118.7,S,42,34075.70,4629.31,17765737.4,85280287.1,433401034
4119.7,S,42,34084.24,4630.80,17765737.4,85280335.6,433401077
4120.7,S,42,34092.86,4632.21,17765737.4,85280336.0,433401078
4121.7,S,42,34101.61,4633.71,17765737.4,85280336.0,433401078
4122.7,S,46,34110.57,4635.11,17765737.4,85280436.9,433401174
4123.7,S,42,34121.93,4636.57,17765737.4,85280532.6,433401263
4124.7,S,42,34130.46,4637.87,17765737.4,85280597.6,433401324
4125.7,S,42,34139.10,4639.31,17765737.4,85280598.0,433401324
4126.7,S,42,34147.87,4640.70,17765737.4,85280598.4,433401329
4127.7,S,42,34156.41,4642.29,17765737.4,85280641.8,433401368
4128.7,S,42,34165.13,4643.62,17765737.4,85280642.3,433401372
4129.7,S,46,34174.13,4644.93,17765737.4,85280745.1,433401466
4130.7,S,42,34185.43,4646.39,17765737.4,85280841.4,433401557
4131.7,S,42,34194.09,4647.81,17765737.4,85280906.7,433401616
4132.7,S,42,34203.03,4649.10,17765737.4,85280907.1,433401620
4133.7,S,42,34211.86,4650.39,17765737.4,85280907.1,433401620
4134.7,S,42,34220.60,4651.74,17765737.4,85280907.5,433401623
4135.7,S,42,34229.43,4653.13,17765737.4,85280915.9,433401630
4136.7,S,46,34239.57,4654.68,17765737.4,85281075.4,433401778
4137.7,S,42,34248.75,4656.15,17765737.4,85281186.4,433402011
4138.7,S,42,34257.47,4657.61,17765737.4,85281186.9,433402016
4139.7,S,42,34266.17,4659.04,17765737.4,85281187.0,433402016
4140.7,S,42,34275.03,4660.43,17765737.4,85281187.3,433402022
4141.7,S,42,34283.68,4661.78,17765737.4,85281251.9,433402076
4142.7,S,42,34292.42,4663.15,17765737.4,85281252.6,433402078
4143.7,S,46,34302.47,4664.53,17765737.4,85281355.3,433402179
4144.7,S,42,34312.82,4665.99,17765737.4,85281451.4,433402267
4145.7,S,42,34321.44,4667.47,17765737.4,85281516.1,433402323
4146.7,S,42,34330.13,4668.94,17765737.4,85281516.5,433402328
4147.7,S,42,34338.92,4670.36,17765737.4,85281516.9,433402329
4148.7,S,42,34347.65,4671.75,17765737.4,85281517.5,433402333
4149.7,S,42,34356.46,4673.11,17765737.4,85281581.9,433402518
4150.7,S,46,34367.47,4674.64,17765737.4,85281684.8,433402616
4151.7,S,42,34376.91,4676.00,17765737.4,85281802.3,433402719
4152.7,S,42,34385.49,4677.48,17765737.4,85281811.0,433402731
4153.7,S,42,34394.15,4678.87,17765737.4,85281811.2,433402731
4154.7,S,42,34402.79,4680.28,17765737.4,85281811.7,433402735
4155.7,S,42,34411.63,4681.67,17765737.4,85281812.0,433402735
4156.7,S,46,34419.67,4682.99,17765737.4,85281979.5,433402890
4157.7,S,45,34431.93,4684.64,17765737.4,85282051.3,433402952
4158.7,S,42,34440.59,4686.16,17765737.4,85282075.8,433402978
4159.7,S,42,34449.26,4687.59,17765737.4,85282075.9,433402978
4160.7,S,42,34457.82,4689.12,17765737.4,85282141.8,433403039
4161.7,S,42,34466.42,4690.64,17765737.4,85282142.3,433403041
4162.7,S,42,34475.19,4692.03,17765737.4,85282142.7,433403045
4163.7,S,46,34483.96,4693.39,17765737.4,85282245.6,433403136
4164.7,S,42,34495.35,4695.01,17765737.4,85282341.7,433403273
4165.7,S,42,34504.18,4696.45,17765737.4,85282406.5,433403367
4166.7,S,42,34513.07,4697.79,17765737.4,85282406.9,433403371
4167.7,S,42,34521.84,4699.11,17765737.4,85282407.2,433403371
4168.7,S,42,34530.43,4700.63,17765737.4,85282407.6,433403374
4169.7,S,42,34538.88,4701.95,17765737.4,85282472.0,433403530
4170.7,S,46,34547.04,4703.22,17765737.4,85282593.8,433403735
4171.7,S,42,34558.19,4704.81,17765737.4,85282690.5,433403827
4172.7,S,42,34566.95,4706.16,17765737.4,85282690.6,433403829
4173.7,S,42,34575.68,4707.60,17765737.4,85282691.4,433403836
4174.7,S,42,34584.39,4709.02,17765737.4,85282691.6,433403836
4175.7,S,42,34593.01,4710.63,17765737.4,85282756.3,433403891
4176.7,S,42,34601.71,4712.06,17765737.4,85282785.3,433403923
4177.7,S,46,34610.88,4713.54,17765737.4,85282888.8,433404018
4178.7,S,42,34622.03,4715.24,17765737.4,85282985.0,433404100
4179.7,S,42,34630.92,4716.75,17765737.4,85283049.6,433404157
4180.7,S,42,34639.59,4718.23,17765737.4,85283049.8,433404158
4181.7,S,42,34648.52,4719.63,17765737.4,85283050.0,433404161
4182.7,S,42,34657.30,4721.05,17765737.4,85283050.4,433404163
4183.7,S,42,34666.03,4722.33,17765737.4,85283115.2,433404221
4184.7,S,46,34676.63,4723.77,17765737.4,85283218.0,433404317
4185.7,S,42,34686.57,4725.29,17765737.4,85283313.9,433404402
4186.7,S,42,34695.32,4726.68,17765737.4,85283314.1,433404402
4187.7,S,42,34704.01,4728.10,17765737.4,85283314.6,433404406
4188.7,S,42,34712.74,4729.52,17765737.4,85283379.4,433404551
4189.7,S,42,34721.49,4730.91,17765737.4,85283379.7,433404553
4190.7,S,42,34729.60,4732.29,17765737.4,85283472.4,433404639
4191.7,S,46,34741.56,4733.93,17765737.4,85283533.3,433404693
4192.7,S,42,34750.47,4735.45,17765737.4,85283614.4,433404766
4193.7,S,42,34759.13,4736.88,17765737.4,85283614.7,433404770
4194.7,S,42,34767.68,4738.41,17765737.4,85283679.6,433404826
4195.7,S,42,34776.24,4739.93,17765737.4,85283679.9,433404828
4196.7,S,42,34784.96,4741.30,17765737.4,85283704.1,433404862
4197.7,S,46,34792.02,4742.48,17765737.4,85283806.9,433405082
4198.7,S,46,34804.16,4744.11,17765737.4,85283855.1,433405126
4199.7,S,42,34813.18,4745.65,17765737.4,85283903.4,433405172
4200.7,S,42,34821.76,4747.18,17765737.4,85283903.9,433405175
4201.7,S,42,34830.48,4748.62,17765737.4,85283968.6,433405232
4202.7,S,42,34839.23,4750.03,17765737.4,85283968.7,433405234
4203.7,S,42,34848.19,4751.42,17765737.4,85283969.0,433405237
4204.7,S,46,34856.82,4752.73,17765737.4,85284072.2,433405333
4205.7,S,44,34868.05,4754.25,17765737.4,85284229.1,433405552
4206.7,S,42,34873.78,4755.17,17765737.4,85284256.3,433405655
4207.7,S,42,34879.97,4756.29,17765737.4,85284256.8,433405659
4208.7,S,42,34886.27,4757.29,17765737.4,85284256.9,433405661
4209.7,S,42,34892.61,4758.22,17765737.4,85284257.3,433405664
4210.7,S,42,34898.92,4759.09,17765737.4,85284257.5,433405666
4211.7,S,42,34905.23,4760.14,17765737.4,85284322.4,433405724
4212.7,S,42,34911.74,4761.02,17765737.4,85284322.6,433405726
4213.7,S,42,34918.06,4762.09,17765737.4,85284322.8,433405727
4214.7,S,42,34924.47,4763.07,17765737.4,85284323.5,433405729
4215.7,S,42,34930.87,4764.13,17765737.4,85284388.1,433405801
4216.7,S,46,34938.18,4765.12,17765737.4,85284491.1,433405906
4217.7,S,42,34946.32,4766.14,17765737.4,85284620.6,433406032
4218.7,S,42,34951.67,4767.08,17765737.4,85284621.1,433406035
4219.7,S,42,34957.30,4767.97,17765737.4,85284621.4,433406043
4220.7,S,42,34962.84,4768.80,17765737.4,85284621.7,433406046
4221.7,S,42,34968.40,4769.66,17765737.4,85284622.1,433406049
4222.7,S,42,34974.01,4770.56,17765737.4,85284686.7,433406111
4223.7,S,42,34979.51,4771.47,17765737.4,85284775.9,433406188
4224.7,S,42,34985.07,4772.33,17765737.4,85284776.1,433406190
4225.7,S,42,34990.69,4773.27,17765737.4,85284776.3,433406191
4226.7,S,42,34996.42,4774.15,17765737.4,85284776.8,433406191
4227.7,S,42,35001.80,4774.99,17765737.4,85284841.5,433406250
4228.7,S,42,35007.48,4775.92,17765737.4,85284913.0,433406321
4229.7,S,42,35013.09,4776.77,17765737.4,85284943.4,433406352
4230.7,S,42,35019.50,4777.87,17765737.4,85284943.8,433406356
4231.7,S,46,35027.48,4778.86,17765737.4,85284958.1,433406387
4232.7,S,42,35034.30,4779.70,17765737.4,85285054.5,433406489
4233.8,S,42,35035.29,4779.71,17765737.4,85285054.7,433406490
4234.8,S,42,35036.21,4779.74,17765737.4,85285119.4,433406547
4235.8,S,42,35037.20,4779.76,17765737.4,85285119.9,433406553
4236.8,S,42,35038.18,4779.78,17765737.4,85285120.1,433406557
4237.8,S,42,35039.11,4779.80,17765737.4,85285184.9,433406619
4238.8,S,42,35040.08,4779.82,17765737.4,85285193.9,433406631
4239.8,S,42,35040.98,4779.90,17765737.4,85285275.4,433406701
4240.8,S,42,35041.97,4779.91,17765737.4,85285275.7,433406703
4241.8,S,42,35042.97,4779.92,17765737.4,85285276.0,433406705
4242.8,S,42,35043.95,4779.94,17765737.4,85285276.4,433406709
4243.8,S,42,35044.87,4779.97,17765737.4,85285340.9,433406768
4244.8,S,42,35045.85,4779.99,17765737.4,85285341.1,433406771
4245.8,S,42,35046.84,4780.00,17765737.4,85285341.2,433406773
4246.8,S,42,35047.83,4780.01,17765737.4,85285341.4,433406776
4247.8,S,42,35048.74,4780.05,17765737.4,85285406.3,433406834
4248.8,S,42,35049.68,4780.10,17765737.4,85285429.7,433406859
4249.8,S,42,35050.66,4780.11,17765737.4,85285457.7,433406882
4250.8,S,42,35051.64,4780.13,17765737.4,85285457.9,433406889
4251.8,S,42,35052.63,4780.15,17765737.4,85285457.9,433406891
4252.8,S,42,35053.56,4780.17,17765737.4,85285522.8,433406954
4253.8,S,42,35054.53,4780.20,17765737.4,85285523.1,433406955
4254.8,S,42,35055.52,4780.21,17765737.4,85285523.3,433406956
4255.8,S,42,35056.50,4780.23,17765737.4,85285528.9,433406962
4256.8,S,42,35057.43,4780.25,17765737.4,85285588.0,433407016
4257.8,S,42,35058.36,4780.30,17765737.4,85285613.6,433407040
4258.8,S,42,35059.35,4780.32,17765737.4,85285614.3,433407041
4259.8,S,42,35060.33,4780.34,17765737.4,85285621.7,433407048
4260.8,S,42,35061.32,4780.35,17765737.4,85285621.8,433407051
4261.8,S,42,35062.22,4780.38,17765737.4,85285686.3,433407127
4262.8,S,42,35063.20,4780.40,17765737.4,85285686.5,433407130
4263.8,S,42,35064.19,4780.42,17765737.4,85285686.6,433407132
4264.8,S,42,35065.12,4780.44,17765737.4,85285753.7,433407191
4265.8,S,42,35066.10,4780.46,17765737.4,85285754.1,433407193
4266.8,S,42,35067.09,4780.47,17765737.4,85285754.4,433407194
4267.8,S,42,35068.08,4780.48,17765737.4,85285754.4,433407195
4268.8,S,42,35068.98,4780.50,17765737.4,85285819.0,433407289
4269.8,S,42,35069.96,4780.52,17765737.4,85285819.1,433407291
4270.8,S,42,35070.87,4780.58,17765737.4,85285849.4,433407331
4271.8,S,42,35071.85,4780.60,17765737.4,85285849.8,433407332
4272.8,S,42,35072.84,4780.61,17765737.4,85285850.0,433407333
4273.8,S,42,35073.81,4780.63,17765737.4,85285865.6,433407354
4274.8,S,42,35074.55,4780.65,17765737.4,85285914.6,433407599
4275.8,S,42,35075.50,4780.69,17765737.4,85285931.2,433407618
4276.8,S,42,35076.49,4780.69,17765737.4,85285931.5,433407669
4277.8,S,42,35077.47,4780.72,17765737.4,85285931.6,433407671
4278.8,S,42,35078.39,4780.74,17765737.4,85285996.2,433407734
4279.8,S,42,35079.38,4780.75,17765737.4,85285996.3,433407734
4280.8,S,42,35080.36,4780.77,17765737.4,85285996.4,433407735
4281.8,S,42,35081.35,4780.78,17765737.4,85285996.7,433407736
4282.8,S,42,35082.27,4780.82,17765737.4,85286061.5,433407793
4283.8,S,42,35083.25,4780.83,17765737.4,85286061.6,433407795
4284.8,S,42,35084.24,4780.85,17765737.4,85286061.8,433407799
4285.8,S,42,35085.20,4780.87,17765737.4,85286080.0,433407822
4286.8,S,42,35086.10,4780.93,17765737.4,85286132.1,433407873
4287.8,S,42,35087.08,4780.95,17765737.4,85286132.3,433407873
4288.8,S,42,35088.06,4780.97,17765737.4,85286132.4,433407876
4289.8,S,42,35089.02,4780.99,17765737.4,85286165.5,433407905
4290.8,S,42,35089.98,4781.01,17765737.4,85286197.3,433407934
4291.8,S,42,35090.96,4781.03,17765737.4,85286197.6,433407938
4292.8,S,42,35091.95,4781.04,17765737.4,85286198.2,433407943
4293.8,S,42,35092.88,4781.07,17765737.4,85286262.8,433407999
4294.8,S,42,35093.86,4781.08,17765737.4,85286262.9,433408000
4295.8,S,42,35094.84,4781.10,17765737.4,85286263.3,433408003
4296.8,S,42,35095.83,4781.12,17765737.4,85286263.4,433408005
4297.8,S,42,35096.67,4781.19,17765737.4,85286330.0,433408101
4298.8,S,42,35097.65,4781.21,17765737.4,85286330.1,433408102
4299.8,S,42,35098.64,4781.23,17765737.4,85286330.2,433408104
4300.8,S,42,35099.62,4781.25,17765737.4,85286330.6,433408105
4301.8,S,42,35100.55,4781.27,17765737.4,85286395.1,433408164
4302.8,S,42,35101.53,4781.30,17765737.4,85286395.5,433408167
4303.8,S,42,35102.52,4781.31,17765737.4,85286395.6,433408168
4304.8,S,42,35103.42,4781.35,17765737.4,85286460.7,433408230
4305.8,S,42,35104.40,4781.37,17765737.4,85286460.9,433408233
4306.8,S,42,35105.39,4781.38,17765737.4,85286461.3,433408233
4307.8,S,42,35106.38,4781.40,17765737.4,85286461.4,433408234
4308.8,S,42,35107.30,4781.42,17765737.4,85286526.2,433408291
4309.8,S,42,35108.29,4781.44,17765737.4,85286526.4,433408295
4310.8,S,42,35109.27,4781.45,17765737.4,85286526.6,433408300
4311.8,S,42,35110.26,4781.47,17765737.4,85286526.8,433408304
4312.8,S,42,35111.18,4781.50,17765737.4,85286591.4,433408360
4313.8,S,42,35112.16,4781.53,17765737.4,85286591.7,433408363
4314.8,S,42,35113.08,4781.58,17765737.4,85286630.7,433408400
4315.8,S,42,35114.06,4781.60,17765737.4,85286630.8,433408400
4316.8,S,42,35115.05,4781.61,17765737.4,85286630.9,433408401
4317.8,S,42,35115.97,4781.64,17765737.4,85286695.4,433408458
4318.8,S,42,35116.96,4781.66,17765737.4,85286695.8,433408464
4319.8,S,42,35117.95,4781.67,17765737.4,85286695.9,433408468
4320.8,S,42,35118.93,4781.68,17765737.4,85286696.0,433408470
4321.8,S,42,35119.82,4781.71,17765737.4,85286760.8,433408571
4322.8,S,42,35120.80,4781.73,17765737.4,85286760.9,433408572
4323.8,S,42,35121.78,4781.75,17765737.4,85286761.2,433408575
4324.8,S,42,35122.76,4781.77,17765737.4,85286761.4,433408577
4325.8,S,42,35123.62,4781.79,17765737.4,85286825.9,433408707
4326.8,S,42,35124.50,4781.81,17765737.4,85286847.2,433408810
4327.8,S,42,35125.40,4781.87,17765737.4,85286853.9,433408851
4328.8,S,42,35126.39,4781.89,17765737.4,85286854.0,433408853
4329.8,S,42,35127.38,4781.90,17765737.4,85286854.1,433408856
4330.8,S,42,35128.30,4781.93,17765737.4,85286918.9,433408915
4331.8,S,42,35129.28,4781.95,17765737.4,85286919.1,433408917
4332.8,S,42,35130.26,4781.97,17765737.4,85286919.5,433408919
4333.8,S,42,35131.25,4781.99,17765737.4,85286919.6,433408922
4334.8,S,42,35132.18,4782.01,17765737.4,85286984.1,433408981
4335.8,S,42,35133.16,4782.03,17765737.4,85286984.4,433408985
4336.8,S,42,35134.14,4782.04,17765737.4,85286984.6,433408987
4337.8,S,42,35135.11,4782.07,17765737.4,85287036.0,433409045
4338.8,S,42,35136.05,4782.09,17765737.4,85287079.0,433409084
4339.8,S,42,35137.03,4782.11,17765737.4,85287079.2,433409086
4340.8,S,42,35138.02,4782.12,17765737.4,85287079.4,433409091
4341.8,S,42,35138.90,4782.20,17765737.4,85287142.7,433409144
4342.8,S,42,35139.89,4782.21,17765737.4,85287143.0,433409146
4343.8,S,42,35140.87,4782.23,17765737.4,85287143.2,433409157
4344.8,S,42,35141.86,4782.24,17765737.4,85287143.3,433409159
4345.8,S,42,35142.78,4782.27,17765737.4,85287208.2,433409219
4346.8,S,42,35143.77,4782.29,17765737.4,85287208.6,433409220
4347.8,S,42,35144.75,4782.31,17765737.4,85287231.0,433409410
4348.8,S,42,35145.66,4782.34,17765737.4,85287301.0,433409594
4349.8,S,42,35146.64,4782.35,17765737.4,85287301.2,433409596
4350.8,S,42,35147.63,4782.37,17765737.4,85287301.7,433409599
4351.8,S,42,35148.61,4782.40,17765737.4,85287301.9,433409603
4352.8,S,42,35149.53,4782.43,17765737.4,85287366.8,433409664
4353.8,S,42,35150.51,4782.45,17765737.4,85287366.9,433409666
4354.9,S,42,35151.40,4782.53,17765737.4,85287402.4,433409701
4355.9,S,42,35152.39,4782.54,17765737.4,85287402.5,433409705
4356.9,S,42,35153.38,4782.55,17765737.4,85287402.6,433409707
4357.9,S,42,35154.36,4782.57,17765737.4,85287403.6,433409711
4358.9,S,42,35155.29,4782.60,17765737.4,85287468.1,433409767
4359.9,S,42,35156.27,4782.61,17765737.4,85287468.2,433409771
4360.9,S,42,35157.26,4782.63,17765737.4,85287468.3,433409773
4361.9,S,42,35158.19,4782.65,17765737.4,85287532.9,433409837
4362.9,S,42,35159.17,4782.67,17765737.4,85287533.2,433409837
4363.9,S,42,35160.16,4782.69,17765737.4,85287533.6,433409841
4364.9,S,42,35161.06,4782.74,17765737.4,85287585.0,433409892
4365.9,S,42,35162.05,4782.75,17765737.4,85287585.1,433409896
4366.9,S,42,35163.03,4782.77,17765737.4,85287585.3,433409898
4367.9,S,42,35164.02,4782.78,17765737.4,85287585.5,433409899
4368.9,S,42,35164.95,4782.81,17765737.4,85287650.5,433409956
4369.9,S,42,35165.94,4782.82,17765737.4,85287650.7,433409960
4370.9,S,42,35166.92,4782.84,17765737.4,85287650.9,433409966
4371.9,S,42,35167.85,4782.87,17765737.4,85287715.4,433410024
4372.9,S,42,35168.83,4782.89,17765737.4,85287715.5,433410026
4373.9,S,42,35169.82,4782.90,17765737.4,85287715.7,433410027
4374.9,S,42,35170.81,4782.91,17765737.4,85287716.1,433410028
4375.9,S,42,35171.74,4782.93,17765737.4,85287780.8,433410087
4376.9,S,42,35172.65,4783.00,17765737.4,85287805.5,433410110
4377.9,S,57,35173.76,4783.01,17765737.4,85287805.5,433410110
4378.9,S,57,35189.53,4783.26,17765737.4,85287806.3,433410113
4379.9,S,57,35205.29,4783.50,17765737.4,85287806.7,433410114
4380.9,S,57,35221.01,4783.76,17765737.4,85287827.5,433410164
4381.9,S,57,35236.62,4784.02,17765737.4,85288018.7,433410342
4382.9,S,57,35251.06,4784.35,17765737.4,85288582.3,433410885
4383.9,S,57,35266.49,4784.63,17765737.4,85288799.0,433411070
4384.9,S,57,35282.26,4784.85,17765737.4,85288823.7,433411092
4385.9,S,57,35297.77,4785.12,17765737.4,85288965.0,433411311
4386.9,S,57,35311.92,4785.43,17765737.4,85289374.9,433411779
4387.9,S,57,35326.90,4785.71,17765737.4,85289780.9,433412141
4388.9,S,57,35342.66,4785.93,17765737.4,85289841.7,433412194
4389.9,S,57,35358.41,4786.16,17765737.4,85289902.1,433412253
4390.9,S,57,35373.60,4786.44,17765737.4,85290190.2,433412503
4391.9,S,57,35384.91,4786.76,17765737.4,85290637.2,433413398
4392.9,S,57,35400.52,4787.02,17765737.4,85290838.5,433413584
4393.9,S,57,35416.29,4787.26,17765737.4,85290838.5,433413584
4394.9,S,57,35431.17,4787.56,17765737.4,85291158.8,433414027
4395.9,S,57,35446.83,4787.82,17765737.4,85291294.7,433414147
4396.9,S,57,35459.61,4788.10,17765737.4,85291638.7,433414661
4397.9,S,57,35475.14,4788.39,17765737.4,85291883.6,433414890
4398.9,S,57,35490.71,4788.66,17765737.4,85292057.2,433415087
4399.9,S,57,35504.67,4788.93,17765737.4,85292376.6,433415608
4400.9,S,57,35520.29,4789.17,17765737.4,85292450.1,433415693
4401.9,S,56,35535.05,4789.44,17765737.4,85292688.8,433415968
4402.9,S,56,35549.61,4789.71,17765737.4,85292953.3,433416214
4403.9,S,56,35564.16,4789.96,17765737.4,85293178.8,433416412
4404.9,S,51,35576.42,4790.25,17765737.4,85293619.5,433416813
4405.9,S,42,35578.80,4790.36,17765737.4,85293910.3,433417068
4406.9,S,42,35579.76,4791.25,17765737.4,85293927.3,433417087
4407.9,S,42,35588.30,4792.73,17765737.4,85293930.5,433417095
4408.9,S,42,35597.04,4794.10,17765737.4,85293958.1,433417124
4409.9,S,42,35605.88,4795.43,17765737.4,85293958.5,433417125
4410.9,S,42,35614.63,4796.81,17765737.4,85293958.6,433417125
4411.9,S,42,35622.91,4798.42,17765737.4,85294023.8,433417504
4412.9,S,42,35631.57,4799.85,17765737.4,85294041.7,433417528
4413.9,S,46,35642.94,4801.39,17765737.4,85294066.0,433417562
4414.9,S,42,35652.24,4802.93,17765737.4,85294161.7,433417649
4415.9,S,42,35661.12,4804.43,17765737.4,85294162.1,433417655
4416.9,S,42,35669.72,4805.85,17765737.4,85294162.3,433417658
4417.9,S,42,35678.30,4807.31,17765737.4,85294226.9,433417715
4418.9,S,42,35686.98,4808.79,17765737.4,85294227.6,433417719
4419.9,S,42,35695.33,4810.29,17765737.4,85294263.9,433417766
4420.9,S,46,35707.04,4811.87,17765737.4,85294313.5,433417816
4421.9,S,42,35715.74,4813.29,17765737.4,85294409.5,433418242
4422.9,S,42,35724.45,4814.68,17765737.4,85294409.8,433418245
4423.9,S,42,35733.11,4815.98,17765737.4,85294474.7,433418300
4424.9,S,42,35741.91,4817.37,17765737.4,85294475.2,433418304
4425.9,S,42,35750.44,4818.74,17765737.4,85294506.2,433418335
4426.9,S,46,35758.85,4820.09,17765737.4,85294581.4,433418410
4427.9,S,44,35771.17,4821.71,17765737.4,85294629.6,433418459
4428.9,S,42,35780.00,4823.12,17765737.4,85294677.8,433418505
4429.9,S,42,35788.66,4824.47,17765737.4,85294678.0,433418507
4430.9,S,42,35797.10,4825.90,17765737.4,85294743.4,433418571
4431.9,S,42,35805.71,4827.36,17765737.4,85294743.8,433418576
4432.9,S,42,35814.49,4828.74,17765737.4,85294744.0,433418580
4433.9,S,46,35822.50,4830.07,17765737.4,85294845.2,433418674
4434.9,S,44,35834.71,4831.63,17765737.4,85294955.5,433418774
4435.9,S,42,35843.73,4833.08,17765737.4,85295003.7,433418822
4436.9,S,42,35852.37,4834.49,17765737.4,85295004.3,433418826
4437.9,S,42,35861.14,4835.90,17765737.4,85295004.4,433418826
4438.9,S,42,35869.99,4837.40,17765737.4,85295004.7,433418828
4439.9,S,42,35878.82,4838.82,17765737.4,85295069.3,433418885
4440.9,S,42,35884.43,4839.66,17765737.4,85295163.7,433419285
4441.9,S,46,35893.77,4840.84,17765737.4,85295172.2,433419578
4442.9,S,46,35900.92,4841.92,17765737.4,85295266.2,433420341
4443.9,S,42,35908.89,4843.39,17765737.4,85295325.5,433421087
4444.9,S,42,35917.50,4844.80,17765737.4,85295325.9,433421090
4445.9,S,42,35926.37,4846.21,17765737.4,85295326.1,433421092
4446.9,S,42,35935.28,4847.70,17765737.4,85295326.7,433421096
4447.9,S,42,35943.99,4849.10,17765737.4,85295326.8,433421098
4448.9,S,46,35954.24,4850.67,17765737.4,85295494.6,433421242
4449.9,S,42,35964.20,4852.27,17765737.4,85295590.6,433421326
4450.9,S,42,35972.81,4853.78,17765737.4,85295590.8,433421327
4451.9,S,42,35981.52,4855.18,17765737.4,85295591.2,433421332
4452.9,S,42,35990.16,4856.64,17765737.4,85295651.9,433421390
4453.9,S,42,35998.87,4858.19,17765737.4,85295652.7,433421392
4454.9,S,42,36007.52,4859.63,17765737.4,85295653.0,433421395
4455.9,S,46,36018.33,4861.24,17765737.4,85295755.9,433421489
4456.9,S,42,36027.44,4862.52,17765737.4,85295916.5,433421629
4457.9,S,42,36036.21,4863.85,17765737.4,85295917.0,433421630
4458.9,S,42,36045.16,4865.25,17765737.4,85295917.2,433421634
4459.9,S,42,36054.01,4866.59,17765737.4,85295917.7,433421636
4460.9,S,42,36062.84,4868.04,17765737.4,85295917.9,433421640
4461.9,S,46,36070.82,4869.39,17765737.4,85296085.4,433421790
4462.9,S,44,36082.71,4871.11,17765737.4,85296181.5,433421876
4463.9,S,42,36091.52,4872.66,17765737.4,85296182.1,433421878
4464.9,S,42,36100.28,4874.02,17765737.4,85296182.3,433421880
4465.9,S,42,36108.96,4875.40,17765737.4,85296247.1,433422021
4466.9,S,42,36117.59,4876.79,17765737.4,85296247.4,433422025
4467.9,S,42,36126.14,4878.02,17765737.4,85296267.7,433422047
4468.9,S,46,36134.78,4879.26,17765737.4,85296370.9,433422139
4469.9,S,42,36146.63,4880.86,17765737.4,85296466.7,433422223
4470.9,S,42,36155.45,4882.36,17765737.4,85296467.1,433422227
4471.9,S,42,36164.01,4883.88,17765737.4,85296532.4,433422295
4472.9,S,42,36172.76,4885.40,17765737.4,85296532.7,433422299
4473.9,S,42,36181.33,4886.83,17765737.4,85296533.2,433422306
4474.9,S,42,36190.03,4888.18,17765737.4,85296534.0,433422309
4475.9,S,46,36199.65,4889.58,17765737.4,85296701.4,433422459
4476.9,S,42,36210.29,4891.15,17765737.4,85296802.0,433422549
4477.9,S,42,36218.91,4892.55,17765737.4,85296802.3,433422550
4478.9,S,42,36227.67,4893.94,17765737.4,85296802.5,433422554
4479.9,S,42,36236.49,4895.34,17765737.4,85296802.9,433422556
4480.9,S,42,36245.07,4896.70,17765737.4,85296867.5,433422615
4482.0,S,42,36253.95,4898.16,17765737.4,85296867.7,433422617
4483.0,S,46,36264.23,4899.64,17765737.4,85296970.6,433422720
4484.0,S,42,36274.26,4901.03,17765737.4,85297066.5,433422807
4485.0,S,42,36282.96,4902.45,17765737.4,85297131.2,433422866
4486.0,S,42,36291.67,4903.88,17765737.4,85297131.7,433422869
4487.0,S,42,36300.45,4905.13,17765737.4,85297131.9,433422872
4488.0,S,42,36309.30,4906.46,17765737.4,85297132.1,433422874
4489.0,S,42,36318.10,4907.85,17765737.4,85297132.6,433422878
4490.0,S,46,36329.02,4909.35,17765737.4,85297299.6,433423023
4491.0,S,42,36338.05,4910.90,17765737.4,85297414.7,433423226
4492.0,S,42,36346.71,4912.27,17765737.4,85297415.0,433423229
4493.0,S,42,36355.56,4913.68,17765737.4,85297415.3,433423232
4494.0,S,42,36364.25,4915.04,17765737.4,85297415.4,433423234
4495.0,S,42,36372.95,4916.52,17765737.4,85297480.4,433423292
4496.0,S,42,36380.85,4917.92,17765737.4,85297573.3,433423373
4497.0,S,46,36392.98,4919.56,17765737.4,85297623.9,433423419
4498.0,S,42,36401.56,4921.00,17765737.4,85297679.8,433423472
4499.0,S,42,36410.14,4922.35,17765737.4,85297744.4,433423541
4500.0,S,42,36418.87,4923.85,17765737.4,85297744.9,433423542
4501.0,S,42,36427.51,4925.29,17765737.4,85297745.2,433423544
4502.0,S,42,36436.31,4926.60,17765737.4,85297745.6,433423546
4503.0,S,42,36444.58,4928.00,17765737.4,85297804.3,433423602
4504.0,S,46,36456.50,4929.61,17765737.4,85297923.5,433423711
4505.0,S,42,36465.39,4931.12,17765737.4,85298019.7,433423802
4506.0,S,42,36474.21,4932.65,17765737.4,85298020.3,433423808
4507.0,S,42,36482.91,4934.09,17765737.4,85298020.6,433423810
4508.0,S,42,36491.82,4935.42,17765737.4,85298021.2,433423812
4509.0,S,42,36500.38,4936.76,17765737.4,85298085.9,433423870
4510.0,S,42,36507.74,4938.04,17765737.4,85298166.6,433424037
4511.0,S,46,36517.51,4939.41,17765737.4,85298188.5,433424262
4512.0,S,42,36526.78,4940.87,17765737.4,85298284.3,433424347
4513.0,S,42,36535.56,4942.16,17765737.4,85298349.3,433424405
4514.0,S,42,36544.33,4943.54,17765737.4,85298349.4,433424407
4515.0,S,42,36553.23,4944.93,17765737.4,85298349.7,433424411
4516.0,S,42,36561.99,4946.28,17765737.4,85298349.8,433424413
4517.0,S,46,36570.02,4947.61,17765737.4,85298517.2,433424560
4518.0,S,45,36582.38,4949.14,17765737.4,85298574.3,433424665
4519.0,S,42,36588.07,4950.13,17765737.4,85298626.5,433424786
4520.0,S,42,36593.57,4950.91,17765737.4,85298626.6,433424788
4521.0,S,42,36599.01,4951.73,17765737.4,85298626.8,433424791
4522.0,S,42,36604.28,4952.64,17765737.4,85298691.4,433424931
4523.0,S,42,36609.82,4953.47,17765737.4,85298691.6,433424935
4524.0,S,42,36615.29,4954.38,17765737.4,85298692.5,433424937
4525.0,S,42,36620.71,4955.24,17765737.4,85298692.7,433424940
4526.0,S,42,36626.16,4956.09,17765737.4,85298692.8,433424941
4527.0,S,42,36631.55,4957.01,17765737.4,85298757.4,433425125
4528.0,S,42,36637.08,4957.81,17765737.4,85298757.5,433425127
4529.0,S,42,36643.16,4958.83,17765737.4,85298788.7,433425155
4530.0,S,42,36649.71,4959.78,17765737.4,85298789.2,433425158
4531.0,S,46,36657.11,4960.71,17765737.4,85298892.0,433425266
4532.0,S,42,36665.19,4961.70,17765737.4,85298987.9,433425357
4533.0,S,42,36669.98,4962.49,17765737.4,85299052.5,433425419
4534.0,S,42,36674.81,4963.33,17765737.4,85299053.1,433425421
4535.0,S,42,36679.57,4964.14,17765737.4,85299053.8,433425426
4536.0,S,42,36684.38,4964.95,17765737.4,85299138.4,433425501
4537.0,S,42,36689.29,4965.64,17765737.4,85299138.6,433425505
4538.0,S,42,36694.15,4966.44,17765737.4,85299203.2,433425564
4539.0,S,42,36699.34,4967.24,17765737.4,85299224.5,433425585
4540.0,S,42,36704.98,4968.23,17765737.4,85299225.5,433425589
4541.0,S,42,36710.45,4969.08,17765737.4,85299291.9,433425646
4542.0,S,42,36716.03,4969.95,17765737.4,85299292.2,433425649
4543.0,S,42,36721.55,4970.79,17765737.4,85299292.3,433425651
4544.0,S,42,36727.12,4971.72,17765737.4,85299356.9,433425710
4545.0,S,42,36732.81,4972.68,17765737.4,85299357.1,433425712
4546.0,S,42,36738.27,4973.51,17765737.4,85299357.9,433425715
4547.0,S,42,36743.73,4974.46,17765737.4,85299358.0,433425715
4548.0,S,46,36751.40,4975.32,17765737.4,85299441.2,433425859
4549.0,S,42,36755.46,4975.78,17765737.4,85299537.2,433425948
4550.0,S,42,36756.45,4975.80,17765737.4,85299537.3,433425952
4551.0,S,42,36757.44,4975.81,17765737.4,85299537.6,433425958
4552.0,S,42,36758.36,4975.84,17765737.4,85299655.6,433426058
4553.0,S,42,36759.28,4975.91,17765737.4,85299667.6,433426071
4554.0,S,42,36760.27,4975.93,17765737.4,85299667.8,433426075
4555.0,S,42,36761.26,4975.94,17765737.4,85299667.9,433426077
4556.0,S,42,36762.18,4975.97,17765737.4,85299732.4,433426133
4557.0,S,42,36763.17,4975.98,17765737.4,85299733.1,433426133
4558.0,S,42,36764.16,4976.00,17765737.4,85299733.3,433426135
4559.0,S,42,36765.14,4976.02,17765737.4,85299733.4,433426137
4560.0,S,42,36765.98,4976.04,17765737.4,85299798.0,433426279
4561.0,S,42,36766.97,4976.06,17765737.4,85299798.1,433426280
4562.0,S,42,36767.95,4976.08,17765737.4,85299825.7,433426304
4563.0,S,42,36768.93,4976.10,17765737.4,85299825.9,433426306
4564.0,S,42,36769.79,4976.18,17765737.4,85299901.9,433426379
4565.0,S,42,36770.77,4976.20,17765737.4,85299902.1,433426381
4566.0,S,42,36771.76,4976.21,17765737.4,85299902.3,433426382
4567.0,S,42,36772.74,4976.23,17765737.4,85299902.8,433426382
4568.0,S,42,36773.67,4976.26,17765737.4,85299967.3,433426440
4569.0,S,42,36774.65,4976.28,17765737.4,85299967.6,433426442
4570.0,S,42,36775.64,4976.29,17765737.4,85299967.8,433426445
4571.0,S,42,36776.62,4976.31,17765737.4,85299967.9,433426447
4572.0,S,42,36777.56,4976.32,17765737.4,85300044.9,433426518
4573.0,S,42,36778.55,4976.34,17765737.4,85300045.0,433426521
4574.0,S,42,36779.52,4976.36,17765737.4,85300045.4,433426524
4575.0,S,42,36780.43,4976.39,17765737.4,85300110.1,433426599
4576.0,S,42,36781.42,4976.41,17765737.4,85300110.3,433426603
4577.0,S,42,36782.34,4976.46,17765737.4,85300132.4,433426625
4578.0,S,42,36783.33,4976.48,17765737.4,85300132.6,433426626
4579.0,S,42,36784.31,4976.50,17765737.4,85300133.0,433426628
4580.0,S,42,36785.11,4976.53,17765737.4,85300197.5,433426803
4581.0,S,42,36786.10,4976.55,17765737.4,85300198.0,433426808
4582.0,S,42,36787.08,4976.57,17765737.4,85300199.8,433426812
4583.0,S,42,36788.06,4976.58,17765737.4,85300199.9,433426812
4584.0,S,42,36788.99,4976.61,17765737.4,85300264.5,433426869
4585.0,S,42,36789.97,4976.63,17765737.4,85300265.0,433426873
4586.0,S,42,36790.90,4976.68,17765737.4,85300294.8,433426900
4587.0,S,42,36791.87,4976.70,17765737.4,85300295.0,433426902
4588.0,S,42,36792.86,4976.72,17765737.4,85300295.2,433426903
4589.0,S,42,36793.84,4976.74,17765737.4,85300295.3,433426905
4590.0,S,42,36794.77,4976.77,17765737.4,85300359.8,433426966
4591.0,S,42,36795.75,4976.78,17765737.4,85300360.1,433426968
4592.0,S,42,36796.73,4976.80,17765737.4,85300360.6,433426969
4593.0,S,42,36797.65,4976.83,17765737.4,85300425.2,433427030
4594.0,S,42,36798.64,4976.85,17765737.4,85300425.4,433427032
4595.0,S,42,36799.56,4976.90,17765737.4,85300455.1,433427062
4596.0,S,42,36800.54,4976.92,17765737.4,85300455.8,433427066
4597.0,S,42,36801.53,4976.93,17765737.4,85300455.9,433427068
4598.0,S,42,36802.51,4976.96,17765737.4,85300456.3,433427070
4599.0,S,42,36803.43,4976.99,17765737.4,85300520.9,433427125
4600.1,S,42,36804.41,4977.01,17765737.4,85300521.0,433427129
4601.1,S,42,36805.39,4977.02,17765737.4,85300521.3,433427136
4602.1,S,42,36806.31,4977.05,17765737.4,85300586.2,433427214
4603.1,S,42,36807.29,4977.06,17765737.4,85300586.5,433427220
4604.1,S,42,36808.28,4977.07,17765737.4,85300586.7,433427220
4605.1,S,42,36809.26,4977.09,17765737.4,85300587.0,433427223
4606.1,S,42,36810.15,4977.17,17765737.4,85300654.5,433427284
4607.1,S,42,36811.13,4977.18,17765737.4,85300654.9,433427289
4608.1,S,42,36812.11,4977.21,17765737.4,85300655.2,433427289
4609.1,S,42,36813.09,4977.23,17765737.4,85300655.5,433427294
4610.1,S,42,36814.01,4977.25,17765737.4,85300720.1,433427349
4611.1,S,42,36815.00,4977.28,17765737.4,85300720.4,433427353
4612.1,S,42,36815.98,4977.29,17765737.4,85300720.6,433427359
4613.1,S,42,36816.91,4977.32,17765737.4,85300785.5,433427422
4614.1,S,42,36817.89,4977.34,17765737.4,85300785.5,433427422
4615.1,S,42,36818.88,4977.36,17765737.4,85300785.8,433427425
4616.1,S,42,36819.86,4977.38,17765737.4,85300786.0,433427425
4617.1,S,42,36820.74,4977.44,17765737.4,85300841.5,433427484
4618.1,S,42,36821.73,4977.46,17765737.4,85300841.5,433427484
4619.1,S,42,36822.70,4977.48,17765737.4,85300841.9,433427490
4620.1,S,42,36823.63,4977.51,17765737.4,85300906.3,433427545
4621.1,S,42,36824.62,4977.52,17765737.4,85300906.6,433427548
4622.1,S,42,36825.61,4977.53,17765737.4,85300906.8,433427548
4623.1,S,42,36826.59,4977.55,17765737.4,85300907.1,433427551
4624.1,S,42,36827.50,4977.57,17765737.4,85300971.9,433427631
4625.1,S,42,36828.45,4977.59,17765737.4,85301000.3,433427665
4626.1,S,42,36829.41,4977.64,17765737.4,85301000.6,433427668
4627.1,S,42,36830.39,4977.66,17765737.4,85301000.9,433427674
4628.1,S,42,36831.38,4977.67,17765737.4,85301001.1,433427674
4629.1,S,42,36832.31,4977.70,17765737.4,85301065.7,433427732
4630.1,S,42,36833.29,4977.71,17765737.4,85301065.9,433427732
4631.1,S,42,36834.28,4977.73,17765737.4,85301066.2,433427735
4632.1,S,42,36835.25,4977.75,17765737.4,85301066.2,433427735
4633.1,S,42,36836.18,4977.78,17765737.4,85301130.8,433427795
4634.1,S,42,36837.17,4977.79,17765737.4,85301130.9,433427795
4635.1,S,42,36838.08,4977.85,17765737.4,85301203.8,433427868
4636.1,S,42,36839.06,4977.87,17765737.4,85301204.4,433427869
4637.1,S,42,36840.05,4977.88,17765737.4,85301204.6,433427873
4638.1,S,42,36841.03,4977.90,17765737.4,85301204.7,433427873
4639.1,S,42,36841.95,4977.92,17765737.4,85301269.4,433427939
4640.1,S,42,36842.94,4977.94,17765737.4,85301269.4,433427939
4641.1,S,42,36843.92,4977.95,17765737.4,85301269.8,433427940
4642.1,S,42,36844.80,4977.98,17765737.4,85301311.6,433428045
4643.1,S,42,36845.69,4978.00,17765737.4,85301335.0,433428140
4644.1,S,42,36846.68,4978.02,17765737.4,85301335.1,433428140
4645.1,S,42,36847.66,4978.04,17765737.4,85301335.4,433428142
4646.1,S,42,36848.59,4978.06,17765737.4,85301400.0,433428196
4647.1,S,42,36849.57,4978.08,17765737.4,85301400.2,433428200
4648.1,S,42,36850.56,4978.10,17765737.4,85301400.4,433428200
4649.1,S,42,36851.46,4978.17,17765737.4,85301441.7,433428238
4650.1,S,42,36852.44,4978.18,17765737.4,85301441.7,433428238
4651.1,S,42,36853.43,4978.20,17765737.4,85301442.1,433428240
4652.1,S,42,36854.35,4978.23,17765737.4,85301506.5,433428298
4653.1,S,42,36855.34,4978.24,17765737.4,85301506.7,433428304
4654.1,S,42,36856.32,4978.26,17765737.4,85301507.2,433428305
4655.1,S,42,36857.30,4978.28,17765737.4,85301507.5,433428307
4656.1,S,42,36858.21,4978.31,17765737.4,85301572.1,433428387
4657.1,S,42,36859.20,4978.32,17765737.4,85301572.5,433428391
4658.1,S,42,36860.18,4978.34,17765737.4,85301572.5,433428391
4659.1,S,42,36861.10,4978.39,17765737.4,85301617.5,433428437
4660.1,S,42,36862.08,4978.41,17765737.4,85301617.6,433428437
4661.1,S,42,36863.06,4978.42,17765737.4,85301617.8,433428441
4662.1,S,42,36864.00,4978.44,17765737.4,85301682.4,433428501
4663.1,S,42,36864.94,4978.48,17765737.4,85301699.5,433428520
4664.1,S,42,36865.92,4978.50,17765737.4,85301699.8,433428521
4665.1,S,42,36866.90,4978.52,17765737.4,85301700.5,433428524
4666.1,S,42,36867.88,4978.54,17765737.4,85301700.5,433428525
4667.1,S,42,36868.73,4978.56,17765737.4,85301765.1,433428663
4668.1,S,42,36869.72,4978.58,17765737.4,85301765.2,433428665
4669.1,S,42,36870.71,4978.59,17765737.4,85301765.6,433428667
4670.1,S,42,36871.69,4978.61,17765737.4,85301765.9,433428669
4671.1,S,42,36872.50,4978.64,17765737.4,85301830.5,433428848
4672.1,S,42,36873.49,4978.65,17765737.4,85301830.6,433428849
4673.1,S,42,36874.47,4978.67,17765737.4,85301830.7,433428850
4674.1,S,42,36875.45,4978.69,17765737.4,85301842.4,433428860
4675.1,S,42,36876.33,4978.71,17765737.4,85301895.9,433428962
4676.1,S,42,36877.24,4978.77,17765737.4,85301919.5,433428989
4677.1,S,42,36878.23,4978.79,17765737.4,85301919.8,433428992
4678.1,S,42,36879.22,4978.80,17765737.4,85301919.9,433428993
4679.1,S,42,36880.20,4978.82,17765737.4,85301920.1,433428995
4680.1,S,42,36881.02,4978.85,17765737.4,85301984.9,433429163
4681.1,S,42,36882.00,4978.86,17765737.4,85301985.3,433429165
4682.1,S,42,36882.99,4978.88,17765737.4,85301985.4,433429167
4683.1,S,42,36883.88,4978.90,17765737.4,85302049.9,433429262
4684.1,S,42,36884.87,4978.92,17765737.4,85302050.1,433429264
4685.1,S,42,36885.85,4978.93,17765737.4,85302050.2,433429267
4686.1,S,42,36886.84,4978.95,17765737.4,85302050.7,433429272
4687.1,S,42,36887.77,4978.97,17765737.4,85302115.6,433429331
4688.1,S,42,36888.71,4979.02,17765737.4,85302131.0,433429346
4689.1,S,57,36896.14,4979.14,17765737.4,85302131.3,433429349
4690.1,S,57,36911.89,4979.39,17765737.4,85302132.1,433429353
4691.1,S,57,36927.67,4979.62,17765737.4,85302132.3,433429356
4692.1,S,57,36943.43,4979.88,17765737.4,85302133.5,433429359
4693.1,S,57,36955.21,4980.19,17765737.4,85302672.5,433430045
4694.1,S,57,36967.78,4980.46,17765737.4,85303053.4,433430572
4695.1,S,57,36983.45,4980.73,17765737.4,85303132.0,433430643
4696.1,S,57,36999.25,4980.94,17765737.4,85303132.1,433430645
4697.1,S,57,37014.76,4981.20,17765737.4,85303305.7,433430825
4698.1,S,57,37029.82,4981.54,17765737.4,85303834.1,433431285
4699.1,S,57,37044.36,4981.84,17765737.4,85304190.8,433431806
4700.1,S,57,37060.11,4982.07,17765737.4,85304242.2,433431853
4701.1,S,57,37075.89,4982.31,17765737.4,85304242.6,433431854
4702.1,S,57,37089.42,4982.60,17765737.4,85304640.4,433432452
4703.1,S,57,37104.58,4982.87,17765737.4,85304928.0,433432763
4704.1,S,57,37119.97,4983.16,17765737.4,85305212.4,433433035
4705.1,S,57,37135.67,4983.42,17765737.4,85305273.1,433433085
4706.1,S,57,37151.20,4983.69,17765737.4,85305438.9,433433228
4707.1,S,57,37164.73,4983.95,17765737.4,85305752.6,433433729
4708.1,S,57,37179.64,4984.29,17765737.4,85306212.9,433434130
4709.1,S,57,37195.42,4984.52,17765737.4,85306214.3,433434133
4710.1,S,57,37210.60,4984.82,17765737.4,85306475.4,433434476
4711.1,S,57,37226.15,4985.09,17765737.4,85306709.3,433434673
4712.1,S,57,37239.83,4985.36,17765737.4,85307034.3,433435105
4713.1,S,56,37255.07,4985.65,17765737.4,85307242.2,433435295
4714.1,S,56,37269.75,4985.88,17765737.4,85307392.7,433435428
4715.1,S,56,37284.46,4986.14,17765737.4,85307457.8,433435483
4716.1,S,53,37292.84,4986.42,17765737.4,85307917.3,433436200
4717.1,S,42,37295.07,4986.72,17765737.4,85308264.1,433436505
4718.1,S,42,37298.24,4987.90,17765737.4,85308265.7,433436510
4719.1,S,42,37306.92,4989.27,17765737.4,85308266.4,433436515
4720.1,S,42,37315.64,4990.85,17765737.4,85308268.5,433436518
4721.1,S,42,37324.64,4992.27,17765737.4,85308268.8,433436519
4722.2,S,42,37333.31,4993.70,17765737.4,85308333.7,433436577
4723.2,S,42,37341.96,4995.03,17765737.4,85308334.1,433436581
4724.2,S,46,37350.96,4996.55,17765737.4,85308359.0,433436615
4725.2,S,43,37363.20,4998.13,17765737.4,85308431.1,433436687
4726.2,S,42,37371.86,4999.53,17765737.4,85308500.4,433436778
4727.2,S,42,37380.53,5000.89,17765737.4,85308500.6,433436780
4728.2,S,42,37389.33,5002.20,17765737.4,85308500.8,433436781
4729.2,S,42,37398.25,5003.58,17765737.4,85308501.0,433436781
4730.2,S,42,37406.82,5004.97,17765737.4,85308565.9,433437054
4731.2,S,46,37416.93,5006.42,17765737.4,85308616.4,433437109
4732.2,S,42,37427.43,5007.78,17765737.4,85308712.5,433437201
4733.2,S,42,37436.07,5009.15,17765737.4,85308743.5,433437235
4734.2,S,42,37444.93,5010.38,17765737.4,85308743.7,433437237
4735.2,S,42,37453.69,5011.80,17765737.4,85308744.3,433437238
4736.2,S,42,37462.60,5013.22,17765737.4,85308744.7,433437240
4737.2,S,42,37471.26,5014.73,17765737.4,85308809.4,433437299
4738.2,S,46,37482.30,5016.30,17765737.4,85308885.1,433437374
4739.2,S,42,37491.82,5017.74,17765737.4,85308981.2,433437678
4740.2,S,42,37500.49,5019.14,17765737.4,85308981.4,433437679
4741.2,S,42,37509.10,5020.61,17765737.4,85309046.5,433437739
4742.2,S,42,37517.71,5022.02,17765737.4,85309057.2,433437748
4743.2,S,42,37526.46,5023.51,17765737.4,85309061.9,433437757
4744.2,S,42,37534.96,5024.82,17765737.4,85309078.7,433437774
4745.2,S,46,37546.48,5026.37,17765737.4,85309163.5,433437857
4746.2,S,42,37555.27,5027.79,17765737.4,85309260.0,433437943
4747.2,S,42,37563.75,5029.34,17765737.4,85309324.7,433438001
4748.2,S,42,37572.64,5030.59,17765737.4,85309325.2,433438002
4749.2,S,42,37581.56,5031.94,17765737.4,85309325.4,433438006
4750.2,S,42,37590.18,5033.49,17765737.4,85309325.6,433438007
4751.2,S,46,37599.12,5035.02,17765737.4,85309493.0,433438157
4752.2,S,42,37610.43,5036.60,17765737.4,85309603.9,433438258
4753.2,S,42,37619.18,5038.09,17765737.4,85309604.6,433438260
4754.2,S,42,37628.04,5039.53,17765737.4,85309605.1,433438262
4755.2,S,42,37636.92,5040.86,17765737.4,85309605.3,433438265
4756.2,S,42,37645.67,5042.24,17765737.4,85309605.4,433438267
4757.2,S,42,37654.35,5043.60,17765737.4,85309670.1,433438334
4758.2,S,46,37661.44,5044.72,17765737.4,85309772.8,433438612
4759.2,S,42,37673.05,5046.24,17765737.4,85309869.1,433438697
4760.2,S,42,37681.72,5047.65,17765737.4,85309869.4,433438699
4761.2,S,42,37690.31,5049.08,17765737.4,85309934.1,433438759
4762.2,S,42,37699.02,5050.42,17765737.4,85309934.2,433438761
4763.2,S,42,37707.55,5051.94,17765737.4,85309958.6,433438785
4764.2,S,42,37716.30,5053.38,17765737.4,85309958.8,433438787
4765.2,S,46,37724.89,5054.69,17765737.4,85310062.4,433438883
4766.2,S,42,37736.61,5056.35,17765737.4,85310158.2,433439016
4767.2,S,42,37745.28,5057.78,17765737.4,85310222.8,433439074
4768.2,S,42,37753.98,5059.18,17765737.4,85310223.0,433439075
4769.2,S,42,37762.82,5060.55,17765737.4,85310223.2,433439079
4770.2,S,42,37771.58,5061.97,17765737.4,85310223.6,433439080
4771.2,S,42,37780.40,5063.26,17765737.4,85310288.4,433439148
4772.2,S,46,37789.51,5064.72,17765737.4,85310391.8,433439246
4773.2,S,42,37800.75,5066.24,17765737.4,85310487.8,433439332
4774.2,S,42,37809.66,5067.60,17765737.4,85310488.2,433439336
4775.2,S,42,37818.62,5068.95,17765737.4,85310488.5,433439339
4776.2,S,42,37827.21,5070.34,17765737.4,85310553.7,433439398
4777.2,S,42,37835.94,5071.68,17765737.4,85310575.7,433439422
4778.2,S,42,37844.61,5073.05,17765737.4,85310575.8,433439424
4779.2,S,46,37854.71,5074.54,17765737.4,85310678.8,433439525
4780.2,S,42,37864.89,5076.01,17765737.4,85310774.9,433439617
4781.2,S,42,37873.60,5077.43,17765737.4,85310775.3,433439619
4782.2,S,42,37882.21,5078.86,17765737.4,85310840.5,433439689
4783.2,S,42,37890.88,5080.21,17765737.4,85310870.2,433439729
4784.2,S,42,37899.71,5081.55,17765737.4,85310870.2,433439729
4785.2,S,42,37908.33,5083.03,17765737.4,85310870.3,433439730
4786.2,S,46,37913.32,5083.89,17765737.4,85311038.2,433440268
4787.2,S,42,37924.75,5085.46,17765737.4,85311134.1,433440352
4788.2,S,42,37933.46,5086.94,17765737.4,85311134.7,433440356
4789.2,S,42,37942.18,5088.26,17765737.4,85311134.8,433440358
4790.2,S,42,37950.77,5089.85,17765737.4,85311190.9,433440409
4791.2,S,42,37959.48,5091.31,17765737.4,85311191.4,433440412
4792.2,S,42,37968.42,5092.59,17765737.4,85311191.9,433440416
4793.2,S,46,37978.00,5094.00,17765737.4,85311294.7,433440507
4794.2,S,42,37988.60,5095.51,17765737.4,85311401.2,433440707
4795.2,S,42,37996.99,5096.81,17765737.4,85311455.7,433441013
4796.2,S,42,38005.67,5098.21,17765737.4,85311456.0,433441015
4797.2,S,42,38014.37,5099.68,17765737.4,85311456.1,433441017
4798.2,S,42,38023.14,5101.15,17765737.4,85311456.6,433441021
4799.2,S,42,38031.99,5102.48,17765737.4,85311521.3,433441078
4800.2,S,46,38042.19,5103.93,17765737.4,85311624.1,433441175
4801.2,S,42,38052.03,5105.57,17765737.4,85311748.7,433441290
4802.2,S,42,38060.68,5107.02,17765737.4,85311749.2,433441294
4803.2,S,42,38069.50,5108.41,17765737.4,85311749.6,433441294
4804.2,S,42,38078.15,5109.84,17765737.4,85311749.9,433441298
4805.2,S,42,38086.88,5111.26,17765737.4,85311814.8,433441355
4806.2,S,42,38095.60,5112.60,17765737.4,85311815.1,433441357
4807.2,S,46,38105.91,5114.12,17765737.4,85311917.8,433441464
4808.2,S,42,38116.02,5115.52,17765737.4,85312014.1,433441563
4809.2,S,42,38124.79,5116.94,17765737.4,85312014.2,433441565
4810.2,S,42,38133.34,5118.39,17765737.4,85312078.9,433441622
4811.2,S,42,38142.29,5119.79,17765737.4,85312079.4,433441622
4812.2,S,42,38151.13,5121.14,17765737.4,85312079.6,433441624
4813.2,S,42,38159.32,5122.50,17765737.4,85312181.4,433441715
4814.2,S,46,38171.44,5124.16,17765737.4,85312306.7,433441868
4815.2,S,42,38180.23,5125.64,17765737.4,85312342.1,433441903
4816.2,S,42,38188.93,5127.05,17765737.4,85312342.4,433441907
4817.2,S,42,38197.74,5128.47,17765737.4,85312342.9,433441909
4818.2,S,42,38206.54,5129.84,17765737.4,85312407.6,433441964
4819.2,S,42,38215.37,5131.26,17765737.4,85312407.7,433441966
4820.2,S,46,38223.91,5132.55,17765737.4,85312510.9,433442059
4821.2,S,42,38235.59,5134.09,17765737.4,85312607.2,433442149
4822.2,S,42,38244.16,5135.57,17765737.4,85312607.4,433442152
4823.2,S,42,38252.45,5137.00,17765737.4,85312672.3,433442514
4824.2,S,42,38261.25,5138.36,17765737.4,85312672.6,433442517
4825.2,S,42,38269.83,5139.81,17765737.4,85312673.1,433442519
4826.2,S,42,38278.75,5141.14,17765737.4,85312673.4,433442522
4827.2,S,46,38287.01,5142.61,17765737.4,85312832.5,433442664
4828.2,S,42,38298.77,5144.24,17765737.4,85312928.6,433442750
4829.2,S,42,38303.48,5145.02,17765737.4,85312929.2,433442752
4830.2,S,42,38308.11,5145.84,17765737.4,85312929.4,433442756
4831.2,S,42,38312.74,5146.63,17765737.4,85312994.2,433442813
4832.2,S,42,38317.52,5147.45,17765737.4,85312994.5,433442814
4833.2,S,42,38322.23,5148.31,17765737.4,85312994.6,433442816
4834.2,S,42,38326.95,5149.06,17765737.4,85312994.9,433442818
4835.2,S,42,38331.81,5149.81,17765737.4,85312995.3,433442822
4836.2,S,42,38336.50,5150.58,17765737.4,85313060.0,433442879
4837.2,S,42,38341.23,5151.36,17765737.4,85313060.8,433442885
4838.2,S,42,38346.68,5152.31,17765737.4,85313213.5,433443028
4839.2,S,42,38352.22,5153.18,17765737.4,85313213.9,433443033
4840.2,S,42,38357.81,5154.03,17765737.4,85313213.9,433443033
4841.3,S,42,38363.41,5154.87,17765737.4,85313214.4,433443035
4842.3,S,42,38368.89,5155.77,17765737.4,85313279.4,433443092
4843.3,S,46,38375.48,5156.73,17765737.4,85313288.5,433443113
4844.3,S,42,38383.17,5157.55,17765737.4,85313384.7,433443205
4845.3,S,42,38387.35,5158.15,17765737.4,85313384.9,433443209
4846.3,S,42,38391.37,5158.88,17765737.4,85313449.7,433443265
4847.3,S,42,38395.52,5159.49,17765737.4,85313449.9,433443269
4848.3,S,42,38399.58,5160.22,17765737.4,85313533.3,433443461
4849.3,S,42,38403.74,5160.86,17765737.4,85313533.6,433443464
4850.3,S,42,38407.88,5161.70,17765737.4,85313589.7,433443589
4851.3,S,42,38412.59,5162.47,17765737.4,85313590.4,433443593
4852.3,S,42,38417.36,5163.18,17765737.4,85313590.7,433443598
4853.3,S,42,38422.12,5163.90,17765737.4,85313591.0,433443598
4854.3,S,42,38426.87,5164.69,17765737.4,85313711.8,433443700
4855.3,S,42,38431.72,5165.47,17765737.4,85313720.0,433443709
4856.3,S,42,38436.46,5166.29,17765737.4,85313720.1,433443711
4857.3,S,42,38441.24,5167.06,17765737.4,85313720.5,433443715
4858.3,S,42,38446.04,5167.84,17765737.4,85313720.7,433443717
4859.3,S,42,38450.81,5168.54,17765737.4,85313830.7,433443815
4860.3,S,42,38455.52,5169.35,17765737.4,85313830.9,433443817
4861.3,S,42,38460.76,5170.20,17765737.4,85313859.6,433443845
4862.3,S,42,38466.31,5171.10,17765737.4,85313887.2,433443876
4863.3,S,46,38473.43,5172.00,17765737.4,85313907.7,433443908
4864.3,S,42,38478.67,5172.59,17765737.4,85314004.3,433443996
4865.3,S,42,38479.60,5172.61,17765737.4,85314068.8,433444052
4866.3,S,42,38480.59,5172.63,17765737.4,85314069.1,433444055
4867.3,S,42,38481.57,5172.64,17765737.4,85314069.3,433444059
4868.3,S,42,38482.56,5172.66,17765737.4,85314069.7,433444061
4869.3,S,42,38483.49,5172.69,17765737.4,85314134.6,433444122
4870.3,S,42,38484.48,5172.70,17765737.4,85314134.7,433444124
4871.3,S,42,38485.45,5172.72,17765737.4,85314134.9,433444124
4872.3,S,42,38486.37,5172.75,17765737.4,85314199.3,433444182
4873.3,S,42,38487.36,5172.77,17765737.4,85314199.5,433444186
4874.3,S,42,38488.26,5172.84,17765737.4,85314255.1,433444236
4875.3,S,42,38489.25,5172.86,17765737.4,85314255.8,433444238
4876.3,S,42,38490.23,5172.88,17765737.4,85314255.9,433444240
4877.3,S,42,38491.22,5172.89,17765737.4,85314256.1,433444244
4878.3,S,42,38492.16,5172.90,17765737.4,85314320.6,433444300
4879.3,S,42,38493.15,5172.92,17765737.4,85314321.1,433444303
4880.3,S,42,38494.13,5172.93,17765737.4,85314321.4,433444304
4881.3,S,42,38495.04,5172.96,17765737.4,85314385.9,433444383
4882.3,S,42,38496.02,5172.98,17765737.4,85314386.0,433444385
4883.3,S,42,38497.01,5172.99,17765737.4,85314386.2,433444389
4884.3,S,42,38498.00,5173.00,17765737.4,85314386.3,433444391
4885.3,S,42,38498.89,5173.07,17765737.4,85314463.6,433444458
4886.3,S,42,38499.88,5173.08,17765737.4,85314464.2,433444461
4887.3,S,42,38500.87,5173.09,17765737.4,85314464.3,433444463
4888.3,S,42,38501.79,5173.12,17765737.4,85314528.8,433444517
4889.3,S,42,38502.78,5173.14,17765737.4,85314529.0,433444517
4890.3,S,42,38503.76,5173.16,17765737.4,85314536.6,433444525
4891.3,S,42,38504.74,5173.18,17765737.4,85314537.1,433444529
4892.3,S,42,38505.66,5173.21,17765737.4,85314601.8,433444584
4893.3,S,42,38506.65,5173.22,17765737.4,85314602.0,433444585
4894.3,S,42,38507.64,5173.23,17765737.4,85314602.1,433444586
4895.3,S,42,38508.62,5173.25,17765737.4,85314603.9,433444591
4896.3,S,42,38509.56,5173.27,17765737.4,85314668.5,433444650
4897.3,S,42,38510.48,5173.33,17765737.4,85314687.3,433444672
4898.3,S,42,38511.47,5173.35,17765737.4,85314687.5,433444674
4899.3,S,42,38512.45,5173.37,17765737.4,85314687.7,433444674
4900.3,S,42,38513.38,5173.40,17765737.4,85314740.3,433444722
4901.3,S,42,38514.35,5173.42,17765737.4,85314752.4,433444736
4902.3,S,42,38515.34,5173.43,17765737.4,85314752.9,433444738
4903.3,S,42,38516.32,5173.45,17765737.4,85314753.1,433444749
4904.3,S,42,38517.25,5173.47,17765737.4,85314817.7,433444808
4905.3,S,42,38518.23,5173.49,17765737.4,85314818.0,433444813
4906.3,S,42,38519.22,5173.51,17765737.4,85314818.2,433444815
4907.3,S,42,38520.20,5173.52,17765737.4,85314818.3,433444815
4908.3,S,42,38521.12,5173.56,17765737.4,85314883.5,433444880
4909.3,S,42,38522.11,5173.58,17765737.4,85314883.5,433444880
4910.3,S,42,38523.01,5173.64,17765737.4,85314927.5,433444921
4911.3,S,42,38524.00,5173.65,17765737.4,85314927.8,433444925
4912.3,S,42,38524.99,5173.66,17765737.4,85314928.0,433444930
4913.3,S,42,38525.97,5173.68,17765737.4,85314928.0,433444930
4914.3,S,42,38526.90,5173.70,17765737.4,85314992.9,433444990
4915.3,S,42,38527.89,5173.72,17765737.4,85314993.2,433444990
4916.3,S,42,38528.88,5173.73,17765737.4,85314993.5,433444993
4917.3,S,42,38529.85,5173.75,17765737.4,85314993.5,433444993
4918.3,S,42,38530.77,5173.79,17765737.4,85315058.1,433445058
4919.3,S,42,38531.76,5173.81,17765737.4,85315058.3,433445058
4920.3,S,42,38532.72,5173.83,17765737.4,85315083.2,433445086
4921.3,S,42,38533.64,5173.89,17765737.4,85315105.7,433445111
4922.3,S,42,38534.62,5173.91,17765737.4,85315106.1,433445113
4923.3,S,42,38535.61,5173.92,17765737.4,85315106.1,433445113
4924.3,S,42,38536.53,5173.95,17765737.4,85315170.7,433445175
4925.3,S,42,38537.52,5173.96,17765737.4,85315171.3,433445180
4926.3,S,42,38538.50,5173.98,17765737.4,85315171.5,433445186
4927.3,S,42,38539.49,5174.00,17765737.4,85315171.8,433445186
4928.3,S,42,38540.33,5174.02,17765737.4,85315236.4,433445333
4929.3,S,42,38541.31,5174.04,17765737.4,85315236.4,433445333
4930.3,S,42,38542.30,5174.05,17765737.4,85315236.7,433445339
4931.3,S,42,38543.16,5174.12,17765737.4,85315293.2,433445412
4932.3,S,42,38544.14,5174.14,17765737.4,85315293.5,433445417
4933.3,S,42,38545.13,5174.16,17765737.4,85315293.8,433445417
4934.3,S,42,38546.11,5174.18,17765737.4,85315294.0,433445421
4935.3,S,42,38547.04,5174.20,17765737.4,85315358.4,433445479
4936.3,S,42,38548.02,5174.22,17765737.4,85315359.0,433445486
4937.3,S,42,38549.00,5174.25,17765737.4,85315359.0,433445486
4938.3,S,42,38549.98,5174.26,17765737.4,85315359.3,433445488
4939.3,S,42,38550.87,5174.30,17765737.4,85315423.8,433445571
4940.3,S,42,38551.69,5174.35,17765737.4,85315450.3,433445717
4941.3,S,42,38552.67,5174.37,17765737.4,85315450.8,433445721
4942.3,S,42,38553.65,5174.39,17765737.4,85315451.0,433445725
4943.3,S,42,38554.63,5174.41,17765737.4,85315451.0,433445725
4944.3,S,42,38555.56,5174.44,17765737.4,85315515.7,433445785
4945.3,S,42,38556.54,5174.45,17765737.4,85315515.9,433445785
4946.3,S,42,38557.52,5174.48,17765737.4,85315516.2,433445789
4947.3,S,42,38558.50,5174.50,17765737.4,85315516.5,433445790
4948.3,S,42,38559.39,5174.53,17765737.4,85315581.2,433445885
4949.3,S,42,38560.37,5174.54,17765737.4,85315581.2,433445885
4950.3,S,42,38561.35,5174.57,17765737.4,85315581.4,433445887
4951.3,S,42,38562.12,5174.64,17765737.4,85315640.7,433446055
4952.3,S,42,38563.10,5174.66,17765737.4,85315641.0,433446060
4953.3,S,42,38564.09,5174.67,17765737.4,85315641.4,433446060
4954.3,S,42,38565.07,5174.69,17765737.4,85315641.6,433446063
4955.3,S,42,38566.01,5174.71,17765737.4,85315706.1,433446120
4956.3,S,42,38567.00,5174.72,17765737.4,85315706.4,433446123
4957.3,S,42,38567.98,5174.74,17765737.4,85315706.6,433446123
4958.4,S,42,38568.90,5174.77,17765737.4,85315771.6,433446185
4959.4,S,42,38569.89,5174.79,17765737.4,85315771.7,433446185
4960.4,S,42,38570.87,5174.81,17765737.4,85315771.9,433446187
4961.4,S,42,38571.86,5174.82,17765737.4,85315771.9,433446187
4962.4,S,42,38572.78,5174.85,17765737.4,85315836.5,433446247
4963.4,S,42,38573.77,5174.86,17765737.4,85315836.7,433446247
4964.4,S,42,38574.75,5174.88,17765737.4,85315837.4,433446255
4965.4,S,42,38575.74,5174.90,17765737.4,85315837.6,433446259
4966.4,S,42,38576.61,5174.97,17765737.4,85315908.5,433446323
4967.4,S,42,38577.59,5174.99,17765737.4,85315908.8,433446324
4968.4,S,42,38578.58,5175.00,17765737.4,85315908.9,433446325
4969.4,S,42,38579.56,5175.02,17765737.4,85315909.3,433446327
4970.4,S,42,38580.49,5175.05,17765737.4,85315974.1,433446386
4971.4,S,42,38581.47,5175.07,17765737.4,85315974.4,433446392
4972.4,S,42,38582.45,5175.09,17765737.4,85315974.5,433446396
4973.4,S,42,38583.19,5175.11,17765737.4,85316018.4,433446644
4974.4,S,42,38584.14,5175.13,17765737.4,85316039.2,433446680
4975.4,S,42,38585.12,5175.15,17765737.4,85316039.7,433446680
4976.4,S,42,38586.11,5175.16,17765737.4,85316039.9,433446685
4977.4,S,42,38586.95,5175.23,17765737.4,85316100.2,433446784
4978.4,S,42,38587.94,5175.25,17765737.4,85316100.4,433446788
4979.4,S,42,38588.92,5175.27,17765737.4,85316100.5,433446789
4980.4,S,42,38589.91,5175.28,17765737.4,85316100.9,433446791
4981.4,S,42,38590.76,5175.30,17765737.4,85316165.5,433446928
4982.4,S,42,38591.74,5175.32,17765737.4,85316165.7,433446932
4983.4,S,42,38592.73,5175.33,17765737.4,85316165.9,433446934
4984.4,S,42,38593.66,5175.35,17765737.4,85316230.4,433446991
4985.4,S,42,38594.65,5175.37,17765737.4,85316230.5,433446991
4986.4,S,42,38595.64,5175.38,17765737.4,85316231.1,433446995
4987.4,S,42,38596.62,5175.40,17765737.4,85316231.4,433446997
4988.4,S,42,38597.55,5175.42,17765737.4,85316296.0,433447054
4989.4,S,42,38598.54,5175.43,17765737.4,85316296.1,433447055
4990.4,S,42,38599.52,5175.46,17765737.4,85316296.2,433447058
4991.4,S,42,38600.41,5175.53,17765737.4,85316346.7,433447108
4992.4,S,42,38601.39,5175.54,17765737.4,85316347.1,433447110
4993.4,S,42,38602.38,5175.56,17765737.4,85316347.5,433447110
4994.4,S,42,38603.30,5175.59,17765737.4,85316412.1,433447168
4995.4,S,42,38604.28,5175.61,17765737.4,85316412.2,433447170
4996.4,S,42,38605.26,5175.63,17765737.4,85316412.4,433447172
4997.4,S,42,38606.25,5175.65,17765737.4,85316412.8,433447173
4998.4,S,42,38607.16,5175.68,17765737.4,85316477.3,433447232
4999.4,S,42,38608.15,5175.70,17765737.4,85316477.6,433447234
5000.4,S,42,38609.13,5175.71,17765737.4,85316477.8,433447238
5001.4,S,42,38610.12,5175.73,17765737.4,85316478.1,433447243
5002.4,S,42,38611.01,5175.78,17765737.4,85316545.4,433447304
5003.4,S,42,38612.00,5175.80,17765737.4,85316545.7,433447307
5004.4,S,42,38612.98,5175.82,17765737.4,85316545.9,433447311
5005.4,S,42,38613.90,5175.85,17765737.4,85316610.7,433447369
5006.4,S,42,38614.89,5175.86,17765737.4,85316610.9,433447369
5007.4,S,42,38615.88,5175.87,17765737.4,85316611.4,433447371
5008.4,S,42,38616.86,5175.90,17765737.4,85316611.6,433447372
5009.4,S,42,38617.79,5175.92,17765737.4,85316676.0,433447429
5010.4,S,42,38618.77,5175.93,17765737.4,85316676.2,433447431
5011.4,S,42,38619.76,5175.95,17765737.4,85316676.5,433447431
5012.4,S,42,38620.75,5175.96,17765737.4,85316676.6,433447433
5013.4,S,42,38621.66,5175.99,17765737.4,85316741.4,433447503
5014.4,S,42,38622.65,5176.00,17765737.4,85316741.6,433447506
5015.4,S,42,38623.64,5176.01,17765737.4,85316741.7,433447507
5016.4,S,42,38624.57,5176.04,17765737.4,85316806.3,433447561
5017.4,S,42,38625.56,5176.05,17765737.4,85316806.6,433447563
5018.4,S,42,38626.49,5176.10,17765737.4,85316828.3,433447588
5019.4,S,57,38639.90,5176.31,17765737.4,85316828.5,433447593
5020.4,S,57,38655.70,5176.52,17765737.4,85316829.5,433447599
5021.4,S,57,38671.43,5176.75,17765737.4,85316869.6,433447645
5022.4,S,57,38687.10,5177.02,17765737.4,85316977.5,433447749
5023.4,S,57,38701.79,5177.39,17765737.4,85317570.0,433448294
5024.4,S,57,38716.82,5177.69,17765737.4,85317851.0,433448755
5025.4,S,57,38732.61,5177.92,17765737.4,85317851.5,433448761
5026.4,S,57,38747.88,5178.16,17765737.4,85317971.8,433448983
5027.4,S,57,38762.34,5178.47,17765737.4,85318385.8,433449594
5028.4,S,57,38777.47,5178.78,17765737.4,85318818.2,433449974
5029.4,S,57,38793.15,5179.06,17765737.4,85318894.9,433450040
5030.4,S,57,38808.91,5179.29,17765737.4,85318895.2,433450042
5031.4,S,57,38823.72,5179.57,17765737.4,85319183.8,433450413
5032.4,S,57,38838.08,5179.91,17765737.4,85319689.5,433450933
5033.4,S,57,38853.69,5180.19,17765737.4,85319861.4,433451089
5034.4,S,57,38869.41,5180.44,17765737.4,85319928.9,433451159
5035.4,S,57,38885.00,5180.68,17765737.4,85320033.7,433451344
5036.4,S,57,38899.37,5181.00,17765737.4,85320528.2,433451924
5037.4,S,57,38914.63,5181.30,17765737.4,85320849.6,433452232
5038.4,S,57,38930.40,5181.51,17765737.4,85320859.5,433452243
5039.4,S,57,38946.07,5181.77,17765737.4,85320980.9,433452353
5040.4,S,57,38961.38,5182.08,17765737.4,85321335.0,433452655
5041.4,S,57,38975.41,5182.35,17765737.4,85321778.6,433453305
5042.4,S,56,38990.59,5182.61,17765737.4,85321836.0,433453356
5043.4,S,56,39005.26,5182.86,17765737.4,85321973.6,433453473
5044.4,S,56,39019.83,5183.15,17765737.4,85322166.8,433453641
5045.4,S,55,39029.84,5183.45,17765737.4,85322711.4,433454390
5046.4,S,42,39031.41,5183.90,17765737.4,85322941.1,433454645
5047.4,S,42,39036.86,5185.14,17765737.4,85322943.2,433454654
5048.4,S,42,39045.66,5186.46,17765737.4,85322943.2,433454654
5049.4,S,42,39054.39,5187.81,17765737.4,85322943.4,433454655
5050.4,S,42,39063.06,5189.14,17765737.4,85322946.8,433454671
5051.4,S,42,39071.84,5190.51,17765737.4,85323011.3,433454730
5052.4,S,42,39080.51,5191.94,17765737.4,85323011.6,433454732
5053.4,S,46,39090.17,5193.30,17765737.4,85323060.1,433454789
5054.4,S,42,39101.51,5194.78,17765737.4,85323156.3,433454877
5055.4,S,42,39110.22,5196.23,17765737.4,85323156.4,433454878
5056.4,S,42,39118.82,5197.66,17765737.4,85323157.4,433454881
5057.4,S,42,39127.54,5199.08,17765737.4,85323222.2,433454942
5058.4,S,42,39136.24,5200.47,17765737.4,85323222.2,433454942
5059.4,S,42,39144.93,5201.95,17765737.4,85323222.4,433454944
5060.4,S,46,39155.68,5203.50,17765737.4,85323272.3,433455001
5061.4,S,42,39165.83,5205.07,17765737.4,85323368.2,433455092
5062.4,S,42,39174.46,5206.38,17765737.4,85323433.4,433455148
5063.4,S,42,39183.02,5207.75,17765737.4,85323433.8,433455152
5064.4,S,42,39191.76,5209.17,17765737.4,85323433.8,433455152
5065.4,S,42,39200.31,5210.73,17765737.4,85323478.7,433455194
5066.4,S,42,39209.02,5211.97,17765737.4,85323478.9,433455195
5067.4,S,46,39220.12,5213.50,17765737.4,85323554.8,433455268
5068.4,S,42,39229.41,5214.95,17765737.4,85323651.1,433455657
5069.4,S,42,39238.13,5216.27,17765737.4,85323715.9,433455717
5070.4,S,42,39246.85,5217.73,17765737.4,85323715.9,433455717
5071.4,S,42,39255.41,5219.23,17765737.4,85323716.2,433455719
5072.4,S,42,39264.27,5220.47,17765737.4,85323716.8,433455725
5073.4,S,42,39272.36,5221.76,17765737.4,85323806.9,433456013
5074.4,S,46,39283.67,5223.42,17765737.4,85323883.6,433456089
5075.4,S,42,39292.62,5224.90,17765737.4,85323979.7,433456187
5076.4,S,42,39301.38,5226.14,17765737.4,85323980.0,433456191
5077.4,S,42,39310.13,5227.58,17765737.4,85323980.4,433456197
5078.4,S,42,39318.78,5229.13,17765737.4,85324045.2,433456252
5079.4,S,42,39327.35,5230.68,17765737.4,85324065.0,433456271
5080.5,S,42,39335.65,5232.14,17765737.4,85324112.8,433456314
5081.5,S,46,39345.02,5233.35,17765737.4,85324168.6,433456575
5082.5,S,42,39354.45,5234.80,17765737.4,85324264.8,433456665
5083.5,S,42,39363.11,5236.18,17765737.4,85324264.9,433456667
5084.5,S,42,39371.93,5237.59,17765737.4,85324330.0,433456732
5085.5,S,42,39380.55,5239.10,17765737.4,85324330.4,433456737
5086.5,S,42,39389.41,5240.57,17765737.4,85324331.1,433456746
5087.5,S,46,39397.64,5241.84,17765737.4,85324433.9,433456852
5088.5,S,44,39409.55,5243.55,17765737.4,85324576.0,433456995
5089.5,S,42,39418.01,5244.99,17765737.4,85324595.0,433457019
5090.5,S,42,39426.44,5246.55,17765737.4,85324641.2,433457070
5091.5,S,42,39435.26,5248.04,17765737.4,85324657.3,433457091
5092.5,S,42,39444.05,5249.57,17765737.4,85324657.5,433457095
5093.5,S,42,39452.74,5250.84,17765737.4,85324657.6,433457097
5094.5,S,46,39461.31,5252.15,17765737.4,85324761.0,433457202
5095.5,S,45,39472.19,5253.72,17765737.4,85324921.0,433457425
5096.5,S,42,39480.82,5255.22,17765737.4,85324921.2,433457434
5097.5,S,42,39489.47,5256.70,17765737.4,85324921.7,433457436
5098.5,S,42,39498.29,5258.13,17765737.4,85324921.8,433457436
5099.5,S,42,39507.11,5259.47,17765737.4,85324986.7,433457527
5100.5,S,42,39515.74,5260.90,17765737.4,85324986.9,433457529
5101.5,S,46,39523.42,5262.16,17765737.4,85325089.8,433457701
5102.5,S,42,39535.42,5263.72,17765737.4,85325185.7,433457795
5103.5,S,42,39544.07,5265.15,17765737.4,85325186.2,433457799
5104.5,S,42,39552.60,5266.73,17765737.4,85325255.0,433457860
5105.5,S,42,39561.20,5268.25,17765737.4,85325255.9,433457865
5106.5,S,42,39569.75,5269.63,17765737.4,85325288.9,433457898
5107.5,S,42,39578.42,5270.97,17765737.4,85325289.1,433457900
5108.5,S,46,39587.00,5272.33,17765737.4,85325391.8,433457992
5109.5,S,46,39598.54,5273.79,17765737.5,85325452.5,433458213
5110.5,S,42,39607.55,5275.26,17765737.5,85325540.3,433458310
5111.5,S,42,39616.13,5276.69,17765737.5,85325553.3,433458326
5112.5,S,42,39624.91,5278.11,17765737.5,85325553.5,433458328
5113.5,S,42,39633.74,5279.57,17765737.5,85325553.7,433458332
5114.5,S,42,39642.64,5280.90,17765737.5,85325553.8,433458334
5115.5,S,46,39651.95,5282.29,17765737.5,85325721.2,433458489
5116.5,S,42,39662.47,5283.90,17765737.5,85325817.5,433458574
5117.5,S,42,39671.34,5285.19,17765737.5,85325817.7,433458576
5118.5,S,42,39679.94,5286.69,17765737.5,85325862.0,433458617
5119.5,S,42,39688.88,5288.08,17765737.5,85325862.5,433458621
5120.5,S,42,39697.62,5289.56,17765737.5,85325863.1,433458624
5121.5,S,42,39706.42,5290.94,17765737.5,85325863.5,433458628
5122.5,S,46,39716.47,5292.43,17765737.5,85326030.8,433458780
5123.5,S,42,39726.56,5294.06,17765737.5,85326126.9,433458868
5124.5,S,42,39735.09,5295.59,17765737.5,85326127.1,433458870
5125.5,S,42,39743.95,5296.89,17765737.5,85326127.3,433458871
5126.5,S,42,39752.78,5298.25,17765737.5,85326127.7,433458871
5127.5,S,42,39761.51,5299.56,17765737.5,85326192.7,433458929
5128.5,S,42,39770.27,5300.97,17765737.5,85326192.8,433458930
5129.5,S,46,39778.34,5302.16,17765737.5,85326295.5,433459241
5130.5,S,42,39788.52,5303.90,17765737.5,85326445.2,433459414
5131.5,S,42,39797.20,5305.26,17765737.5,85326445.6,433459417
5132.5,S,42,39806.06,5306.60,17765737.5,85326446.0,433459419
5133.5,S,42,39814.69,5308.08,17765737.5,85326446.5,433459422
5134.5,S,42,39823.44,5309.58,17765737.5,85326446.7,433459424
5135.5,S,42,39831.93,5311.14,17765737.5,85326511.4,433459496
5136.5,S,46,39841.84,5312.61,17765737.5,85326614.5,433459603
5137.5,S,42,39851.68,5314.11,17765737.5,85326710.7,433459991
5138.5,S,42,39860.30,5315.51,17765737.5,85326711.5,433459993
5139.5,S,42,39869.10,5316.96,17765737.5,85326776.1,433460049
5140.5,S,42,39877.97,5318.36,17765737.5,85326776.3,433460051
5141.5,S,42,39886.47,5319.95,17765737.5,85326807.0,433460094
5142.5,S,42,39895.25,5321.20,17765737.5,85326807.3,433460096
5143.5,S,46,39905.76,5322.60,17765737.5,85326910.0,433460193
5144.5,S,42,39915.69,5324.13,17765737.5,85327006.6,433460280
5145.5,S,42,39924.50,5325.45,17765737.5,85327006.9,433460282
5146.5,S,42,39933.14,5326.95,17765737.5,85327071.7,433460344
5147.5,S,42,39941.95,5328.26,17765737.5,85327071.9,433460347
5148.5,S,42,39950.58,5329.75,17765737.5,85327072.0,433460349
5149.5,S,42,39959.04,5331.21,17765737.5,85327104.2,433460378
5150.5,S,46,39970.03,5332.88,17765737.5,85327240.0,433460920
5151.5,S,42,39978.89,5334.41,17765737.5,85327336.0,433461006
5152.5,S,42,39987.61,5335.76,17765737.5,85327336.4,433461011
5153.5,S,42,39996.27,5337.20,17765737.5,85327377.8,433461053
5154.5,S,42,40005.21,5338.58,17765737.5,85327378.3,433461056
5155.5,S,42,40014.02,5339.83,17765737.5,85327379.1,433461058
5156.5,S,42,40022.21,5341.14,17765737.5,85327435.8,433461109
5157.5,S,46,40034.01,5342.79,17765737.5,85327484.2,433461152
5158.5,S,42,40040.29,5343.97,17765737.5,85327642.6,433461697
5159.5,S,42,40044.95,5344.71,17765737.5,85327642.8,433461698
5160.5,S,42,40049.62,5345.53,17765737.5,85327642.9,433461699
5161.5,S,42,40054.28,5346.30,17765737.5,85327643.6,433461702
5162.5,S,42,40058.86,5347.10,17765737.5,85327708.2,433461758
5163.5,S,42,40063.57,5347.86,17765737.5,85327708.5,433461760
5164.5,S,42,40068.27,5348.69,17765737.5,85327737.0,433461790
5165.5,S,42,40073.78,5349.44,17765737.5,85327737.4,433461793
5166.5,S,42,40079.34,5350.24,17765737.5,85327831.9,433461879
5167.5,S,42,40084.82,5351.03,17765737.5,85327832.1,433461882
5168.5,S,42,40090.33,5351.84,17765737.5,85327832.2,433461884
5169.5,S,42,40095.76,5352.78,17765737.5,85327896.9,433461944
5170.5,S,42,40101.36,5353.59,17765737.5,85327897.0,433461945
5171.5,S,46,40107.34,5354.39,17765737.5,85327906.4,433461966
5172.5,S,42,40115.64,5355.28,17765737.5,85328002.5,433462050
5173.5,S,42,40119.71,5355.96,17765737.5,85328067.3,433462109
5174.5,S,42,40123.81,5356.66,17765737.5,85328067.5,433462111
5175.5,S,42,40127.89,5357.35,17765737.5,85328067.7,433462114
5176.5,S,42,40132.25,5358.08,17765737.5,85328193.5,433462225
5177.5,S,42,40137.00,5358.84,17765737.5,85328194.2,433462226
5178.5,S,42,40141.78,5359.59,17765737.5,85328194.6,433462228
5179.5,S,42,40146.59,5360.33,17765737.5,85328194.9,433462231
5180.5,S,42,40151.26,5361.04,17765737.5,85328259.6,433462287
5181.5,S,42,40155.91,5361.78,17765737.5,85328323.3,433462343
5182.5,S,42,40160.54,5362.61,17765737.5,85328323.7,433462345
5183.5,S,42,40165.30,5363.35,17765737.5,85328324.0,433462348
5184.5,S,42,40169.93,5364.16,17765737.5,85328324.3,433462349
5185.5,S,42,40174.70,5364.88,17765737.5,85328388.9,433462407
5186.5,S,42,40179.40,5365.63,17765737.5,85328389.1,433462409
5187.5,S,42,40184.10,5366.37,17765737.5,85328389.6,433462412
5188.5,S,42,40188.76,5367.13,17765737.5,85328389.7,433462413
5189.5,S,42,40193.54,5367.80,17765737.5,85328454.3,433462468
5190.5,S,42,40198.28,5368.48,17765737.5,85328454.6,433462468
5191.5,S,42,40201.62,5369.04,17765737.5,85328489.3,433462767
5192.5,S,46,40210.66,5370.12,17765737.5,85328589.7,433462858
5193.5,S,42,40213.15,5370.41,17765737.5,85328655.4,433462919
5194.5,S,42,40214.14,5370.42,17765737.5,85328655.4,433462919
5195.5,S,42,40215.06,5370.45,17765737.5,85328720.0,433462986
5196.5,S,42,40216.04,5370.47,17765737.5,85328720.4,433462987
5197.5,S,42,40217.02,5370.49,17765737.5,85328720.6,433462989
5198.5,S,42,40218.01,5370.49,17765737.5,85328721.1,433462992
5199.5,S,42,40218.95,5370.52,17765737.5,85328785.6,433463048
5200.5,S,42,40219.93,5370.54,17765737.5,85328785.7,433463048
5201.5,S,42,40220.83,5370.61,17765737.5,85328812.8,433463076
5202.5,S,42,40221.82,5370.63,17765737.5,85328840.6,433463100
5203.5,S,42,40222.80,5370.64,17765737.5,85328841.0,433463104
5204.6,S,42,40223.59,5370.67,17765737.5,85328854.9,433463299
5205.6,S,42,40224.39,5370.68,17765737.5,85328905.7,433463493
5206.6,S,42,40225.38,5370.70,17765737.5,85328905.8,433463494
5207.6,S,42,40226.37,5370.71,17765737.5,85328906.1,433463496
5208.6,S,42,40227.29,5370.74,17765737.5,85328970.9,433463558
5209.6,S,42,40228.27,5370.76,17765737.5,85328971.1,433463562
5210.6,S,42,40229.19,5370.82,17765737.5,85328997.9,433463591
5211.6,S,42,40230.16,5370.85,17765737.5,85328998.1,433463592
5212.6,S,42,40231.15,5370.86,17765737.5,85329013.7,433463613
5213.6,S,42,40232.13,5370.88,17765737.5,85329013.9,433463620
5214.6,S,42,40233.06,5370.90,17765737.5,85329078.6,433463675
5215.6,S,42,40234.05,5370.91,17765737.5,85329079.1,433463678
5216.6,S,42,40235.04,5370.93,17765737.5,85329079.3,433463679
5217.6,S,42,40235.96,5370.96,17765737.5,85329143.7,433463738
5218.6,S,42,40236.95,5370.97,17765737.5,85329143.9,433463742
5219.6,S,42,40237.94,5370.98,17765737.5,85329144.2,433463744
5220.6,S,42,40238.85,5371.04,17765737.5,85329184.8,433463784
5221.6,S,42,40239.84,5371.05,17765737.5,85329185.0,433463788
5222.6,S,42,40240.83,5371.06,17765737.5,85329189.2,433463794
5223.6,S,42,40241.76,5371.09,17765737.5,85329253.7,433463850
5224.6,S,42,40242.73,5371.11,17765737.5,85329253.9,433463854
5225.6,S,42,40243.72,5371.13,17765737.5,85329254.2,433463856
5226.6,S,42,40244.71,5371.14,17765737.5,85329254.9,433463857
5227.6,S,42,40245.64,5371.17,17765737.5,85329319.4,433463913
5228.6,S,42,40246.62,5371.18,17765737.5,85329319.6,433463916
5229.6,S,42,40247.53,5371.24,17765737.5,85329359.6,433463954
5230.6,S,42,40248.52,5371.25,17765737.5,85329359.9,433463957
5231.6,S,42,40249.50,5371.28,17765737.5,85329360.2,433463958
5232.6,S,42,40250.48,5371.30,17765737.5,85329360.7,433463959
5233.6,S,42,40251.41,5371.32,17765737.5,85329454.1,433464052
5234.6,S,42,40252.39,5371.34,17765737.5,85329454.3,433464056
5235.6,S,42,40253.38,5371.35,17765737.5,85329454.4,433464058
5236.6,S,42,40254.37,5371.37,17765737.5,85329454.5,433464062
5237.6,S,42,40255.30,5371.39,17765737.5,85329519.7,433464119
5238.6,S,42,40256.24,5371.43,17765737.5,85329546.4,433464147
5239.6,S,42,40257.22,5371.44,17765737.5,85329546.6,433464149
5240.6,S,42,40258.21,5371.46,17765737.5,85329546.7,433464153
5241.6,S,42,40259.19,5371.49,17765737.5,85329546.9,433464159
5242.6,S,42,40260.11,5371.51,17765737.5,85329611.7,433464221
5243.6,S,42,40261.10,5371.52,17765737.5,85329612.2,433464224
5244.6,S,42,40262.09,5371.53,17765737.5,85329612.4,433464226
5245.6,S,42,40263.08,5371.55,17765737.5,85329612.5,433464227
5246.6,S,42,40264.00,5371.58,17765737.5,85329677.0,433464282
5247.6,S,42,40264.99,5371.60,17765737.5,85329677.2,433464284
5248.6,S,42,40265.88,5371.65,17765737.5,85329717.8,433464347
5249.6,S,42,40266.86,5371.67,17765737.5,85329718.0,433464348
5250.6,S,42,40267.85,5371.68,17765737.5,85329718.2,433464349
5251.6,S,42,40268.82,5371.71,17765737.5,85329718.2,433464351
5252.6,S,42,40269.50,5371.73,17765737.5,85329782.8,433464660
5253.6,S,42,40270.48,5371.76,17765737.5,85329783.4,433464662
5254.6,S,42,40271.46,5371.77,17765737.5,85329783.7,433464664
5255.6,S,42,40272.45,5371.79,17765737.5,85329783.8,433464665
5256.6,S,42,40273.38,5371.82,17765737.5,85329848.3,433464724
5257.6,S,42,40274.36,5371.83,17765737.5,85329848.4,433464725
5258.6,S,42,40275.35,5371.85,17765737.5,85329848.6,433464726
5259.6,S,42,40276.27,5371.87,17765737.5,85329913.6,433464797
5260.6,S,42,40277.26,5371.88,17765737.5,85329913.8,433464799
5261.6,S,42,40278.24,5371.90,17765737.5,85329913.9,433464799
5262.6,S,42,40279.13,5371.97,17765737.5,85329961.2,433464846
5263.6,S,42,40280.12,5371.98,17765737.5,85329961.4,433464847
5264.6,S,42,40281.10,5372.00,17765737.5,85329961.6,433464847
5265.6,S,42,40282.08,5372.02,17765737.5,85329962.3,433464849
5266.6,S,42,40283.01,5372.05,17765737.5,85330026.8,433464908
5267.6,S,42,40283.99,5372.07,17765737.5,85330027.0,433464910
5268.6,S,42,40284.97,5372.08,17765737.5,85330027.1,433464912
5269.6,S,42,40285.88,5372.11,17765737.5,85330091.6,433464994
5270.6,S,42,40286.86,5372.12,17765737.5,85330092.0,433464998
5271.6,S,42,40287.84,5372.14,17765737.5,85330092.3,433465004
5272.6,S,42,40288.83,5372.15,17765737.5,85330092.5,433465008
5273.6,S,42,40289.71,5372.22,17765737.5,85330155.7,433465079
5274.6,S,42,40290.68,5372.25,17765737.5,85330156.1,433465084
5275.6,S,42,40291.67,5372.27,17765737.5,85330156.5,433465088
5276.6,S,42,40292.65,5372.28,17765737.5,85330156.6,433465090
5277.6,S,42,40293.58,5372.31,17765737.5,85330221.5,433465149
5278.6,S,42,40294.56,5372.33,17765737.5,85330221.6,433465150
5279.6,S,42,40295.54,5372.35,17765737.5,85330221.8,433465154
5280.6,S,42,40296.47,5372.37,17765737.5,85330286.5,433465211
5281.6,S,42,40297.45,5372.39,17765737.5,85330286.7,433465215
5282.6,S,42,40298.43,5372.41,17765737.5,85330286.8,433465216
5283.6,S,42,40299.42,5372.42,17765737.5,85330287.1,433465217
5284.6,S,42,40300.35,5372.45,17765737.5,85330351.6,433465271
5285.6,S,42,40301.32,5372.48,17765737.5,85330352.2,433465276
5286.6,S,42,40302.30,5372.50,17765737.5,85330352.4,433465282
5287.6,S,42,40303.19,5372.57,17765737.5,85330409.1,433465335
5288.6,S,42,40304.18,5372.58,17765737.5,85330409.3,433465336
5289.6,S,42,40305.16,5372.60,17765737.5,85330409.7,433465340
5290.6,S,42,40306.15,5372.62,17765737.5,85330409.9,433465342
5291.6,S,42,40307.07,5372.64,17765737.5,85330474.6,433465402
5292.6,S,42,40308.05,5372.66,17765737.5,85330474.7,433465402
5293.6,S,42,40309.03,5372.68,17765737.5,85330474.9,433465405
5294.6,S,42,40310.02,5372.70,17765737.5,85330475.0,433465405
5295.6,S,42,40310.95,5372.72,17765737.5,85330539.7,433465461
5296.6,S,42,40311.94,5372.73,17765737.5,85330540.2,433465463
5297.6,S,42,40312.92,5372.75,17765737.5,85330540.4,433465467
5298.6,S,42,40313.85,5372.77,17765737.5,85330604.8,433465525
5299.6,S,42,40314.82,5372.80,17765737.5,85330623.1,433465542
5300.6,S,42,40315.76,5372.85,17765737.5,85330627.9,433465550
5301.6,S,42,40316.74,5372.86,17765737.5,85330628.3,433465554
5302.6,S,42,40317.73,5372.88,17765737.5,85330628.7,433465556
5303.6,S,42,40318.60,5372.91,17765737.5,85330693.3,433465661
5304.6,S,42,40319.59,5372.93,17765737.5,85330693.4,433465662
5305.6,S,42,40320.58,5372.94,17765737.5,85330693.6,433465663
5306.6,S,42,40321.57,5372.95,17765737.5,85330693.7,433465664
5307.6,S,42,40322.49,5372.98,17765737.5,85330758.3,433465725
5308.6,S,42,40323.48,5372.99,17765737.5,85330758.8,433465727
5309.6,S,42,40324.46,5373.01,17765737.5,85330759.0,433465730
5310.6,S,42,40325.34,5373.09,17765737.5,85330817.9,433465783
5311.6,S,42,40326.32,5373.11,17765737.5,85330818.1,433465785
5312.6,S,42,40327.30,5373.13,17765737.5,85330818.2,433465786
5313.6,S,42,40328.28,5373.15,17765737.5,85330818.9,433465789
5314.6,S,42,40329.21,5373.17,17765737.5,85330883.5,433465850
5315.6,S,42,40330.19,5373.19,17765737.5,85330883.7,433465853
5316.6,S,42,40331.17,5373.21,17765737.5,85330883.9,433465857
5317.6,S,42,40332.14,5373.23,17765737.5,85330903.4,433465876
5318.6,S,42,40333.09,5373.24,17765737.5,85330948.7,433465920
5319.6,S,42,40334.08,5373.26,17765737.5,85330949.3,433465923
5320.6,S,42,40335.06,5373.27,17765737.5,85330977.7,433465958
5321.6,S,42,40335.98,5373.30,17765737.5,85331042.2,433466022
5322.6,S,42,40336.97,5373.32,17765737.5,85331042.4,433466028
5323.6,S,42,40337.90,5373.34,17765737.5,85331049.5,433466095
5324.7,S,42,40338.76,5373.40,17765737.5,85331081.3,433466166
5325.7,S,42,40339.75,5373.42,17765737.5,85331081.9,433466168
5326.7,S,42,40340.73,5373.44,17765737.5,85331082.2,433466171
5327.7,S,42,40341.59,5373.47,17765737.5,85331146.6,433466295
5328.7,S,42,40342.57,5373.49,17765737.5,85331173.9,433466385
5329.7,S,42,40343.55,5373.51,17765737.5,85331174.0,433466387
5330.7,S,42,40344.54,5373.52,17765737.5,85331174.7,433466391
5331.7,S,42,40345.46,5373.55,17765737.5,85331239.2,433466445
5332.7,S,42,40346.44,5373.57,17765737.5,85331239.4,433466448
5333.7,S,42,40347.42,5373.59,17765737.5,85331239.8,433466449
5334.7,S,42,40348.40,5373.61,17765737.5,85331240.0,433466453
5335.7,S,42,40349.33,5373.65,17765737.5,85331304.5,433466511
5336.7,S,42,40350.31,5373.67,17765737.5,85331305.2,433466515
5337.7,S,42,40351.29,5373.69,17765737.5,85331305.3,433466515
5338.7,S,42,40352.20,5373.74,17765737.5,85331358.4,433466566
5339.7,S,57,40362.05,5373.89,17765737.5,85331359.3,433466569
5340.7,S,57,40377.82,5374.14,17765737.5,85331359.5,433466570
5341.7,S,57,40393.58,5374.39,17765737.5,85331360.8,433466574
5342.7,S,57,40409.36,5374.62,17765737.5,85331361.0,433466578
5343.7,S,57,40422.76,5374.94,17765737.5,85331951.3,433467169
5344.7,S,57,40437.36,5375.27,17765737.5,85332391.5,433467664
5345.7,S,57,40453.15,5375.49,17765737.5,85332391.8,433467664
5346.7,S,57,40468.92,5375.73,17765737.5,85332392.1,433467667
5347.7,S,57,40484.19,5376.03,17765737.5,85332798.2,433468037
5348.7,S,57,40498.63,5376.33,17765737.5,85333258.9,433468701
5349.7,S,57,40514.30,5376.59,17765737.5,85333409.4,433468830
5350.7,S,57,40530.06,5376.85,17765737.5,85333409.7,433468832
5351.7,S,57,40545.31,5377.13,17765737.5,85333751.8,433469159
5352.7,S,57,40560.87,5377.43,17765737.5,85333991.3,433469372
5353.7,S,57,40574.98,5377.73,17765737.5,85334409.8,433470104
5354.7,S,57,40590.68,5377.99,17765737.5,85334465.1,433470152
5355.7,S,57,40606.29,5378.26,17765737.5,85334643.7,433470330
5356.7,S,57,40621.67,5378.52,17765737.5,85334905.2,433470582
5357.7,S,57,40637.21,5378.80,17765737.5,85335172.8,433470814
5358.7,S,57,40652.73,5379.08,17765737.5,85335425.2,433471084
5359.7,S,57,40668.25,5379.34,17765737.5,85335625.2,433471259
5360.7,S,57,40683.96,5379.59,17765737.5,85335686.6,433471314
5361.7,S,57,40696.85,5379.86,17765737.5,85335951.8,433471783
5362.7,S,56,40711.82,5380.17,17765737.5,85336381.9,433472167
5363.7,S,56,40726.43,5380.45,17765737.5,85336532.9,433472299
5364.7,S,56,40740.90,5380.71,17765737.5,85336652.0,433472558
5365.7,S,55,40754.78,5381.01,17765737.5,85336978.7,433472936
5366.7,S,42,40759.82,5381.26,17765737.5,85337522.1,433473510
5367.7,S,42,40762.14,5382.35,17765737.5,85337523.9,433473515
5368.7,S,42,40770.85,5383.78,17765737.5,85337524.2,433473519
5369.7,S,42,40779.63,5385.26,17765737.5,85337526.7,433473524
5370.7,S,42,40788.38,5386.56,17765737.5,85337527.1,433473526
5371.7,S,42,40797.11,5387.98,17765737.5,85337555.2,433473551
5372.7,S,42,40805.75,5389.36,17765737.5,85337592.2,433473585
5373.7,S,42,40814.32,5390.83,17765737.5,85337592.5,433473588
5374.7,S,46,40826.01,5392.43,17765737.5,85337616.8,433473624
5375.7,S,42,40834.87,5393.75,17765737.5,85337713.7,433473739
5376.7,S,42,40842.78,5395.22,17765737.5,85337774.1,433474337
5377.7,S,42,40851.49,5396.67,17765737.5,85337774.3,433474339
5378.7,S,42,40860.07,5398.16,17765737.5,85337774.5,433474343
5379.7,S,42,40868.73,5399.58,17765737.5,85337774.7,433474345
5380.7,S,42,40877.51,5401.10,17765737.5,85337775.4,433474346
5381.7,S,46,40888.76,5402.51,17765737.5,85337889.7,433474452
5382.7,S,42,40897.55,5403.89,17765737.5,85337985.8,433474538
5383.7,S,42,40906.34,5405.34,17765737.5,85337985.9,433474540
5384.7,S,42,40915.06,5406.81,17765737.5,85337986.2,433474544
5385.7,S,42,40923.78,5408.19,17765737.5,85338050.7,433474599
5386.7,S,42,40932.31,5409.54,17765737.5,85338068.2,433474616
5387.7,S,42,40940.57,5410.97,17765737.5,85338129.7,433474677
5388.7,S,46,40948.16,5411.94,17765737.5,85338143.6,433475104
5389.7,S,42,40958.44,5413.49,17765737.5,85338239.6,433475204
5390.7,S,42,40967.08,5415.07,17765737.5,85338304.2,433475262
5391.7,S,42,40975.80,5416.43,17765737.5,85338304.4,433475262
5392.7,S,42,40984.39,5417.89,17765737.5,85338305.2,433475262
5393.7,S,42,40993.10,5419.40,17765737.5,85338305.6,433475266
5394.7,S,42,41001.72,5420.84,17765737.5,85338305.8,433475270
5395.7,S,46,41011.98,5422.30,17765737.5,85338470.9,433475423
5396.7,S,42,41021.90,5423.77,17765737.5,85338566.8,433475512
5397.7,S,42,41030.55,5425.28,17765737.5,85338598.0,433475541
5398.7,S,42,41039.29,5426.75,17765737.5,85338806.9,433475730
5399.7,S,42,41047.58,5428.11,17765739.9,85338845.3,433475845
5400.7,S,42,41056.38,5429.30,17765741.7,85338845.5,433475851
5401.7,S,42,41064.95,5430.83,17765742.1,85338885.2,433475889
5402.7,S,46,41075.20,5432.35,17765742.1,85338925.5,433476123
5403.7,S,42,41085.43,5433.94,17765742.1,85339022.0,433476359
5404.7,S,42,41094.15,5435.48,17765742.1,85339022.2,433476363
5405.7,S,42,41102.85,5436.93,17765742.1,85339022.3,433476364
5406.7,S,42,41111.46,5438.30,17765742.1,85339087.0,433476420
5407.7,S,42,41120.00,5439.67,17765742.1,85339087.9,433476423
5408.7,S,42,41128.57,5441.19,17765742.1,85339124.2,433476462
5409.7,S,46,41139.05,5442.69,17765742.1,85339152.2,433476497
5410.7,S,42,41149.11,5444.22,17765742.1,85339248.3,433476582
5411.7,S,42,41157.74,5445.56,17765742.1,85339248.4,433476583
5412.7,S,42,41166.55,5446.94,17765742.1,85339248.6,433476587
5413.7,S,42,41175.34,5448.30,17765742.1,85339314.1,433476647
5414.7,S,42,41183.96,5449.81,17765742.1,85339314.4,433476650
5415.7,S,42,41192.86,5451.10,17765742.1,85339314.5,433476652
5416.7,S,46,41200.60,5452.32,17765742.1,85339367.7,433476983
5417.7,S,46,41210.33,5453.80,17765742.1,85339432.9,433477393
5418.7,S,42,41217.78,5455.06,17765742.1,85339528.8,433477956
5419.7,S,42,41226.55,5456.53,17765742.1,85339529.0,433477956
5420.7,S,42,41234.81,5458.20,17765742.1,85339559.7,433477987
5421.7,S,42,41243.64,5459.58,17765742.1,85339560.1,433477989
5422.7,S,42,41252.45,5460.94,17765742.1,85339560.3,433477989
5423.7,S,46,41262.21,5462.27,17765742.1,85339639.3,433478060
5424.7,S,42,41273.02,5463.94,17765742.1,85339735.4,433478142
5425.7,S,42,41281.66,5465.44,17765742.1,85339800.1,433478203
5426.7,S,42,41290.24,5466.80,17765742.1,85339800.2,433478205
5427.7,S,42,41299.04,5468.28,17765742.1,85339800.4,433478210
5428.7,S,42,41307.79,5469.72,17765742.1,85339800.7,433478212
5429.7,S,42,41316.44,5471.06,17765742.1,85339865.4,433478268
5430.7,S,46,41325.93,5472.47,17765742.1,85339977.6,433478454
5431.7,S,42,41335.75,5473.96,17765742.1,85340073.6,433478577
5432.7,S,42,41344.56,5475.25,17765742.1,85340073.7,433478578
5433.7,S,42,41353.30,5476.62,17765742.1,85340074.0,433478581
5434.7,S,42,41362.09,5478.12,17765742.1,85340138.6,433478641
5435.7,S,42,41370.84,5479.47,17765742.1,85340139.2,433478645
5436.7,S,42,41379.63,5480.85,17765742.1,85340139.6,433478647
5437.7,S,46,41390.12,5482.28,17765742.1,85340242.3,433478737
5438.7,S,42,41399.83,5483.77,17765742.1,85340402.5,433479045
5439.7,S,42,41408.60,5485.17,17765742.1,85340402.8,433479049
5440.7,S,42,41417.10,5486.69,17765742.1,85340430.2,433479077
5441.7,S,42,41425.92,5488.15,17765742.1,85340431.1,433479080
5442.7,S,42,41434.71,5489.54,17765742.1,85340431.2,433479082
5443.7,S,42,41443.54,5491.00,17765742.1,85340436.6,433479090
5444.7,S,46,41454.95,5492.40,17765742.1,85340534.2,433479179
5445.7,S,42,41463.51,5493.78,17765742.1,85340694.8,433479321
5446.7,S,42,41472.31,5495.16,17765742.1,85340695.2,433479324
5447.8,S,42,41480.82,5496.57,17765742.1,85340695.7,433479328
5448.8,S,42,41489.50,5497.91,17765742.1,85340695.9,433479330
5449.8,S,42,41498.17,5499.33,17765742.1,85340760.6,433479386
5450.8,S,42,41506.76,5500.69,17765742.1,85340791.3,433479417
5451.8,S,46,41518.42,5502.23,17765742.1,85340864.0,433479485
5452.8,S,42,41527.17,5503.72,17765742.1,85341003.6,433479610
5453.8,S,42,41535.90,5505.13,17765742.1,85341004.2,433479615
5454.8,S,42,41544.61,5506.62,17765742.1,85341004.4,433479617
5455.8,S,42,41553.31,5507.98,17765742.1,85341004.7,433479620
5456.8,S,42,41561.84,5509.37,17765742.1,85341022.3,433479748
5457.8,S,46,41569.65,5510.54,17765742.1,85341171.9,433480022
5458.8,S,44,41581.79,5512.20,17765742.1,85341234.9,433480079
5459.8,S,42,41590.82,5513.52,17765742.1,85341268.2,433480112
5460.8,S,42,41599.53,5515.00,17765742.1,85341268.6,433480114
5461.8,S,42,41608.08,5516.49,17765742.1,85341333.3,433480172
5462.8,S,42,41616.74,5517.91,17765742.1,85341351.4,433480198
5463.8,S,42,41625.33,5519.48,17765742.1,85341352.0,433480203
5464.8,S,46,41633.86,5520.81,17765742.1,85341455.2,433480305
5465.8,S,42,41645.41,5522.43,17765742.1,85341551.6,433480389
5466.8,S,42,41654.24,5523.87,17765742.1,85341551.8,433480392
5467.8,S,42,41662.65,5525.26,17765742.1,85341616.7,433480453
5468.8,S,42,41671.57,5526.53,17765742.1,85341616.8,433480453
5469.8,S,42,41680.22,5528.00,17765742.1,85341617.1,433480455
5470.8,S,42,41688.92,5529.35,17765742.1,85341617.6,433480458
5471.8,S,46,41698.00,5530.65,17765742.1,85341784.7,433480609
5472.8,S,42,41708.90,5532.25,17765742.1,85341880.6,433480877
5473.8,S,42,41717.68,5533.77,17765742.1,85341880.7,433480877
5474.8,S,42,41726.34,5535.21,17765742.1,85341880.9,433480879
5475.8,S,42,41735.07,5536.59,17765742.1,85341936.9,433480927
5476.8,S,42,41743.61,5538.12,17765742.1,85341959.9,433480951
5477.8,S,42,41752.21,5539.43,17765742.1,85341960.2,433480953
5478.8,S,46,41761.79,5540.74,17765742.1,85342063.3,433481048
5479.8,S,42,41771.58,5542.06,17765742.1,85342159.7,433481138
5480.8,S,42,41776.33,5542.81,17765742.1,85342159.9,433481141
5481.8,S,42,41781.12,5543.53,17765742.1,85342225.0,433481198
5482.8,S,42,41785.78,5544.28,17765742.1,85342225.5,433481199
5483.8,S,42,41790.48,5544.98,17765742.1,85342225.7,433481201
5484.8,S,42,41795.18,5545.74,17765742.1,85342226.0,433481205
5485.8,S,42,41799.78,5546.51,17765742.1,85342290.5,433481375
5486.8,S,42,41804.54,5547.23,17765742.1,85342291.1,433481375
5487.8,S,42,41809.18,5547.99,17765742.1,85342291.2,433481377
5488.8,S,42,41814.26,5548.78,17765742.1,85342331.8,433481418
5489.8,S,42,41819.69,5549.59,17765742.1,85342426.2,433481500
5490.8,S,42,41825.20,5550.40,17765742.1,85342426.4,433481505
5491.8,S,42,41830.62,5551.31,17765742.1,85342426.7,433481511
5492.8,S,42,41836.04,5552.13,17765742.1,85342491.4,433481568
5493.8,S,42,41841.59,5552.92,17765742.1,85342491.9,433481568
5494.8,S,46,41849.03,5553.88,17765742.1,85342500.8,433481585
5495.8,S,42,41855.08,5554.71,17765742.1,85342596.9,433481671
5496.8,S,42,41859.42,5555.33,17765742.1,85342597.1,433481671
5497.8,S,42,41863.77,5556.00,17765742.1,85342661.7,433481741
5498.8,S,42,41868.25,5556.68,17765742.1,85342662.4,433481745
5499.8,S,42,41872.83,5557.33,17765742.1,85342745.3,433481814
5500.8,S,42,41877.23,5558.12,17765742.1,85342770.4,433481840
5501.8,S,42,41882.01,5558.86,17765742.1,85342770.7,433481843
5502.8,S,42,41886.75,5559.56,17765742.1,85342770.8,433481843
5503.8,S,42,41891.49,5560.37,17765742.1,85342771.1,433481845
5504.8,S,42,41896.09,5561.15,17765742.1,85342899.7,433481954
5505.8,S,42,41900.80,5561.93,17765742.1,85342900.2,433481956
5506.8,S,42,41905.59,5562.66,17765742.1,85342900.4,433481960
5507.8,S,42,41910.33,5563.39,17765742.1,85342900.6,433481961
5508.8,S,42,41915.04,5564.15,17765742.1,85342900.8,433481965
5509.8,S,42,41919.66,5564.99,17765742.1,85343010.6,433482065
5510.8,S,42,41924.49,5565.72,17765742.1,85343010.9,433482068
5511.8,S,42,41929.36,5566.41,17765742.1,85343020.1,433482078
5512.8,S,42,41934.83,5567.32,17765742.1,85343052.1,433482107
5513.8,S,42,41940.35,5568.20,17765742.1,85343056.8,433482113
5514.8,S,46,41948.80,5569.12,17765742.1,85343072.9,433482142
5515.8,S,42,41951.29,5569.38,17765742.1,85343169.1,433482232
5516.8,S,42,41952.22,5569.40,17765742.1,85343233.9,433482290
5517.8,S,42,41953.21,5569.42,17765742.1,85343234.0,433482291
5518.8,S,42,41954.19,5569.44,17765742.1,85343234.2,433482293
5519.8,S,42,41955.12,5569.46,17765742.1,85343298.8,433482351
5520.8,S,42,41956.10,5569.49,17765742.1,85343299.0,433482354
5521.8,S,42,41957.08,5569.50,17765742.1,85343299.1,433482356
5522.8,S,42,41958.06,5569.52,17765742.1,85343299.4,433482358
5523.8,S,42,41958.94,5569.60,17765742.1,85343357.6,433482414
5524.8,S,42,41959.93,5569.61,17765742.1,85343357.8,433482419
5525.8,S,42,41960.92,5569.62,17765742.1,85343385.9,433482444
5526.8,S,42,41961.84,5569.65,17765742.1,85343450.5,433482508
5527.8,S,42,41962.82,5569.67,17765742.1,85343450.6,433482508
5528.8,S,42,41963.80,5569.69,17765742.1,85343451.2,433482513
5529.8,S,42,41964.80,5569.70,17765742.1,85343451.3,433482515
5530.8,S,42,41965.72,5569.73,17765742.1,85343516.1,433482576
5531.8,S,42,41966.71,5569.74,17765742.1,85343516.2,433482577
5532.8,S,42,41967.70,5569.76,17765742.1,85343516.4,433482579
5533.8,S,42,41968.68,5569.77,17765742.1,85343516.6,433482580
5534.8,S,42,41969.61,5569.80,17765742.1,85343581.2,433482639
5535.8,S,42,41970.60,5569.81,17765742.1,85343596.3,433482654
5536.8,S,42,41971.58,5569.83,17765742.1,85343596.8,433482659
5537.8,S,42,41972.47,5569.89,17765742.1,85343648.3,433482708
5538.8,S,42,41973.46,5569.91,17765742.1,85343648.5,433482711
5539.8,S,42,41974.44,5569.93,17765742.1,85343648.9,433482712
5540.8,S,42,41975.37,5569.96,17765742.1,85343721.4,433482780
5541.8,S,42,41976.35,5569.97,17765742.1,85343721.8,433482782
5542.8,S,42,41977.34,5569.98,17765742.1,85343722.0,433482786
5543.8,S,42,41978.33,5570.00,17765742.1,85343722.1,433482787
5544.8,S,42,41979.25,5570.03,17765742.1,85343786.7,433482841
5545.8,S,42,41980.24,5570.04,17765742.1,85343788.7,433482844
5546.8,S,42,41981.22,5570.06,17765742.1,85343788.9,433482848
5547.8,S,42,41982.21,5570.08,17765742.1,85343789.3,433482849
5548.8,S,42,41983.13,5570.10,17765742.1,85343882.6,433482946
5549.8,S,42,41984.12,5570.11,17765742.1,85343882.7,433482948
5550.8,S,42,41985.00,5570.19,17765742.1,85343931.2,433482993
5551.8,S,42,41985.98,5570.22,17765742.1,85343931.4,433482995
5552.8,S,42,41986.96,5570.24,17765742.1,85343931.6,433482999
5553.8,S,42,41987.94,5570.25,17765742.1,85343932.2,433483001
5554.8,S,42,41988.87,5570.28,17765742.1,85343996.8,433483059
5555.8,S,42,41989.84,5570.30,17765742.1,85343997.3,433483061
5556.8,S,42,41990.83,5570.32,17765742.1,85343997.5,433483063
5557.8,S,42,41991.82,5570.34,17765742.1,85343997.5,433483065
5558.8,S,42,41992.69,5570.36,17765742.1,85344062.5,433483228
5559.8,S,42,41993.67,5570.38,17765742.1,85344062.6,433483229
5560.8,S,42,41994.66,5570.39,17765742.1,85344062.8,433483231
5561.8,S,42,41995.58,5570.41,17765742.1,85344113.3,433483297
5562.8,S,42,41996.50,5570.46,17765742.1,85344131.8,433483336
5563.8,S,42,41997.48,5570.48,17765742.1,85344132.1,433483336
5564.8,S,42,41998.47,5570.49,17765742.1,85344132.3,433483339
5565.8,S,42,41999.38,5570.52,17765742.1,85344196.8,433483409
5566.8,S,42,42000.37,5570.54,17765742.1,85344197.0,433483413
5567.9,S,42,42001.35,5570.56,17765742.1,85344197.3,433483415
5568.9,S,42,42002.33,5570.58,17765742.1,85344197.8,433483419
5569.9,S,42,42003.24,5570.60,17765742.1,85344262.3,433483516
5570.9,S,42,42004.22,5570.62,17765742.1,85344262.5,433483518
5571.9,S,42,42005.20,5570.64,17765742.1,85344262.6,433483520
5572.9,S,42,42006.19,5570.66,17765742.1,85344262.8,433483523
5573.9,S,42,42007.10,5570.68,17765742.1,85344327.4,433483596
5574.9,S,42,42008.09,5570.70,17765742.1,85344327.9,433483597
5575.9,S,42,42009.00,5570.75,17765742.1,85344364.8,433483632
5576.9,S,42,42009.99,5570.77,17765742.1,85344365.0,433483636
5577.9,S,42,42010.97,5570.78,17765742.1,85344365.0,433483638
5578.9,S,42,42011.95,5570.80,17765742.1,85344365.5,433483652
5579.9,S,42,42012.84,5570.85,17765742.1,85344442.2,433483725
5580.9,S,42,42013.82,5570.88,17765742.1,85344442.4,433483726
5581.9,S,42,42014.80,5570.89,17765742.1,85344442.5,433483727
5582.9,S,42,42015.78,5570.91,17765742.1,85344442.7,433483730
5583.9,S,42,42016.71,5570.93,17765742.1,85344507.3,433483788
5584.9,S,42,42017.70,5570.95,17765742.1,85344507.8,433483794
5585.9,S,42,42018.69,5570.96,17765742.1,85344508.5,433483796
5586.9,S,42,42019.67,5570.98,17765742.1,85344508.8,433483798
5587.9,S,42,42020.61,5571.00,17765742.1,85344573.2,433483853
5588.9,S,42,42021.59,5571.02,17765742.1,85344573.4,433483856
5589.9,S,42,42022.57,5571.03,17765742.1,85344573.4,433483856
5590.9,S,42,42023.46,5571.10,17765742.1,85344637.7,433483917
5591.9,S,42,42024.45,5571.11,17765742.1,85344637.9,433483917
5592.9,S,42,42025.43,5571.14,17765742.1,85344638.2,433483921
5593.9,S,42,42026.41,5571.15,17765742.1,85344638.2,433483921
5594.9,S,42,42027.33,5571.18,17765742.1,85344702.9,433483983
5595.9,S,42,42028.32,5571.20,17765742.1,85344703.0,433483983
5596.9,S,42,42029.31,5571.21,17765742.1,85344703.3,433483983
5597.9,S,42,42030.29,5571.23,17765742.1,85344703.7,433483984
5598.9,S,42,42031.21,5571.26,17765742.1,85344768.3,433484045
5599.9,S,42,42032.20,5571.27,17765742.1,85344768.3,433484045
5600.9,S,42,42033.18,5571.29,17765742.1,85344768.6,433484049
5601.9,S,42,42034.10,5571.32,17765742.1,85344833.3,433484106
5602.9,S,42,42035.04,5571.37,17765742.1,85344840.3,433484121
5603.9,S,42,42036.03,5571.39,17765742.1,85344840.7,433484122
5604.9,S,42,42037.01,5571.41,17765742.1,85344841.1,433484128
5605.9,S,42,42037.94,5571.43,17765742.1,85344905.6,433484186
5606.9,S,42,42038.92,5571.45,17765742.1,85344906.0,433484188
5607.9,S,42,42039.91,5571.46,17765742.1,85344906.2,433484192
5608.9,S,42,42040.89,5571.48,17765742.1,85344906.4,433484194
5609.9,S,42,42041.82,5571.51,17765742.1,85344971.0,433484251
5610.9,S,42,42042.80,5571.53,17765742.1,85344971.1,433484252
5611.9,S,42,42043.78,5571.55,17765742.1,85344971.3,433484254
5612.9,S,42,42044.74,5571.57,17765742.1,85345002.0,433484280
5613.9,S,42,42045.69,5571.59,17765742.1,85345036.5,433484326
5614.9,S,42,42046.67,5571.60,17765742.1,85345036.5,433484328
5615.9,S,42,42047.66,5571.61,17765742.1,85345036.7,433484332
5616.9,S,42,42048.50,5571.64,17765742.1,85345101.3,433484487
5617.9,S,42,42049.43,5571.70,17765742.1,85345106.0,433484498
5618.9,S,42,42050.41,5571.72,17765742.1,85345106.5,433484500
5619.9,S,42,42051.39,5571.74,17765742.1,85345107.1,433484500
5620.9,S,42,42052.17,5571.76,17765742.1,85345171.5,433484716
5621.9,S,42,42053.15,5571.77,17765742.1,85345171.7,433484717
5622.9,S,42,42054.14,5571.79,17765742.1,85345171.8,433484718
5623.9,S,42,42055.12,5571.81,17765742.1,85345172.0,433484722
5624.9,S,42,42056.05,5571.83,17765742.1,85345237.0,433484779
5625.9,S,42,42057.02,5571.86,17765742.1,85345237.2,433484783
5626.9,S,42,42058.01,5571.87,17765742.1,85345237.2,433484785
5627.9,S,42,42059.00,5571.89,17765742.1,85345237.4,433484787
5628.9,S,42,42059.92,5571.92,17765742.1,85345301.9,433484840
5629.9,S,42,42060.91,5571.93,17765742.1,85345302.2,433484844
5630.9,S,42,42061.89,5571.95,17765742.1,85345302.5,433484846
5631.9,S,42,42062.83,5571.97,17765742.1,85345367.0,433484902
5632.9,S,42,42063.75,5572.03,17765742.1,85345385.4,433484921
5633.9,S,42,42064.73,5572.05,17765742.1,85345385.7,433484926
5634.9,S,42,42065.72,5572.06,17765742.1,85345385.9,433484928
5635.9,S,42,42066.70,5572.08,17765742.1,85345386.4,433484931
5636.9,S,42,42067.63,5572.11,17765742.1,85345451.1,433484989
5637.9,S,42,42068.61,5572.12,17765742.1,85345451.2,433484991
5638.9,S,42,42069.60,5572.14,17765742.1,85345451.3,433484992
5639.9,S,42,42070.58,5572.15,17765742.1,85345451.5,433484992
5640.9,S,42,42071.52,5572.18,17765742.1,85345516.0,433485050
5641.9,S,42,42072.50,5572.20,17765742.1,85345516.6,433485086
5642.9,S,42,42073.48,5572.22,17765742.1,85345516.7,433485088
5643.9,S,42,42074.41,5572.24,17765742.1,85345581.2,433485143
5644.9,S,42,42075.39,5572.26,17765742.1,85345581.6,433485146
5645.9,S,42,42076.37,5572.28,17765742.1,85345581.8,433485150
5646.9,S,42,42077.35,5572.30,17765742.1,85345582.5,433485154
5647.9,S,42,42078.28,5572.32,17765742.1,85345647.3,433485214
5648.9,S,42,42079.20,5572.39,17765742.1,85345660.8,433485228
5649.9,S,42,42080.19,5572.40,17765742.1,85345661.3,433485236
5650.9,S,42,42081.16,5572.43,17765742.1,85345661.4,433485238
5651.9,S,42,42082.09,5572.46,17765742.1,85345726.2,433485301
5652.9,S,42,42083.07,5572.48,17765742.1,85345726.6,433485301
5653.9,S,42,42084.05,5572.49,17765742.1,85345726.8,433485303
5654.9,S,42,42085.04,5572.50,17765742.1,85345726.9,433485305
5655.9,S,42,42085.97,5572.53,17765742.1,85345791.4,433485366
5656.9,S,42,42086.96,5572.54,17765742.1,85345791.5,433485368
5657.9,S,42,42087.94,5572.56,17765742.1,85345792.8,433485386
5658.9,S,42,42088.92,5572.58,17765742.1,85345793.1,433485386
5659.9,S,42,42089.84,5572.61,17765742.1,85345857.7,433485445
5660.9,S,42,42090.78,5572.67,17765742.1,85345870.0,433485462
5661.9,S,42,42091.76,5572.68,17765742.1,85345870.2,433485465
5662.9,S,42,42092.74,5572.70,17765742.1,85345870.6,433485468
5663.9,S,42,42093.67,5572.73,17765742.1,85345935.5,433485525
5664.9,S,42,42094.66,5572.74,17765742.1,85345935.7,433485528
5665.9,S,42,42095.65,5572.75,17765742.1,85345935.9,433485532
5666.9,S,42,42096.63,5572.77,17765742.1,85345935.9,433485534
5667.9,S,42,42097.55,5572.80,17765742.1,85346000.8,433485601
5668.9,S,42,42098.53,5572.82,17765742.1,85346001.3,433485601
5669.9,S,42,42099.51,5572.84,17765742.1,85346001.5,433485603
5670.9,S,42,42100.50,5572.85,17765742.1,85346001.6,433485606
5671.9,S,42,42101.35,5572.88,17765742.1,85346066.5,433485742
5672.9,S,42,42102.33,5572.91,17765742.1,85346066.6,433485744
5673.9,S,42,42103.32,5572.92,17765742.1,85346066.7,433485748
5674.9,S,42,42104.21,5572.95,17765742.1,85346131.8,433485838
5675.9,S,42,42105.14,5573.01,17765742.1,85346139.5,433485850
5676.9,S,42,42106.13,5573.02,17765742.1,85346139.6,433485852
5677.9,S,42,42107.12,5573.03,17765742.1,85346139.7,433485856
5678.9,S,42,42108.04,5573.05,17765742.1,85346204.3,433485921
5679.9,S,42,42109.03,5573.06,17765742.1,85346204.7,433485923
5680.9,S,42,42110.02,5573.08,17765742.1,85346205.1,433485923
5681.9,S,42,42111.00,5573.10,17765742.1,85346205.2,433485925
5682.9,S,42,42111.93,5573.12,17765742.1,85346269.8,433485982
5683.9,S,42,42112.92,5573.14,17765742.1,85346298.8,433486019
5684.9,S,42,42113.91,5573.15,17765742.1,85346299.4,433486022
5685.9,S,42,42114.90,5573.16,17765742.1,85346299.8,433486026
5686.9,S,42,42115.72,5573.18,17765742.1,85346364.4,433486185
5688.0,S,42,42116.71,5573.20,17765742.1,85346364.5,433486187
5689.0,S,42,42117.48,5573.26,17765742.1,85346402.2,433486364
5690.0,S,57,42122.21,5573.35,17765742.1,85346402.5,433486368
5691.0,S,57,42137.98,5573.60,17765742.1,85346403.6,433486373
5692.0,S,57,42153.75,5573.83,17765742.1,85346404.7,433486378
5693.0,S,57,42169.45,5574.07,17765742.1,85346498.5,433486464
5694.0,S,57,42184.93,5574.35,17765742.1,85346771.8,433486780
5695.0,S,57,42200.05,5574.67,17765742.1,85347281.8,433487219
5696.0,S,57,42215.59,5574.93,17765742.1,85347450.9,433487460
5697.0,S,57,42231.34,5575.16,17765742.1,85347503.6,433487506
5698.0,S,57,42246.52,5575.42,17765742.1,85347636.9,433487881
5699.0,S,57,42261.03,5575.72,17765742.1,85348047.9,433488518
5700.0,S,57,42276.12,5576.00,17765742.1,85348403.9,433488824
5701.0,S,57,42291.83,5576.24,17765742.1,85348465.2,433488877
5702.0,S,57,42307.48,5576.48,17765742.1,85348611.5,433489024
5703.0,S,57,42322.36,5576.78,17765742.1,85348970.2,433489478
5704.0,S,57,42337.75,5577.05,17765742.1,85349326.6,433489789
5705.0,S,57,42353.46,5577.29,17765742.1,85349396.6,433489854
5706.0,S,57,42369.00,5577.59,17765742.1,85349658.1,433490082
5707.0,S,57,42384.76,5577.84,17765742.1,85349658.2,433490083
5708.0,S,57,42396.99,5578.12,17765742.1,85350078.1,433490744
5709.0,S,57,42411.76,5578.44,17765742.1,85350506.6,433491117
5710.0,S,57,42427.53,5578.69,17765742.1,85350507.0,433491119
5711.0,S,57,42443.17,5578.96,17765742.1,85350651.1,433491245
5712.0,S,57,42458.48,5579.23,17765742.1,85350970.9,433491534
5713.0,S,57,42473.04,5579.54,17765742.1,85351406.0,433491959
5714.0,S,56,42488.26,5579.79,17765742.1,85351557.2,433492211
5715.0,S,56,42503.05,5580.02,17765742.1,85351558.2,433492214
5716.0,S,56,42517.47,5580.33,17765742.1,85351854.3,433492473
5717.0,S,47,42523.24,5580.53,17765742.1,85352379.6,433493329
5718.0,S,42,42523.42,5581.40,17765742.1,85352526.6,433493462
5719.0,S,42,42531.82,5582.79,17765742.1,85352528.5,433493468
5720.0,S,42,42540.57,5584.13,17765742.1,85352528.7,433493469
5721.0,S,42,42549.17,5585.57,17765742.1,85352531.0,433493475
5722.0,S,42,42557.87,5586.97,17765742.1,85352531.4,433493479
5723.0,S,42,42566.47,5588.33,17765742.1,85352596.1,433493534
5724.0,S,42,42575.24,5589.60,17765742.1,85352596.7,433493541
5725.0,S,46,42585.30,5591.09,17765742.1,85352621.0,433493575
5726.0,S,42,42595.99,5592.52,17765742.1,85352717.2,433493661
5727.0,S,42,42604.72,5593.90,17765742.1,85352782.0,433493717
5728.0,S,42,42613.44,5595.40,17765742.1,85352782.2,433493719
5729.0,S,42,42622.12,5596.75,17765742.1,85352782.6,433493721
5730.0,S,42,42630.74,5598.20,17765742.1,85352824.9,433493763
5731.0,S,42,42639.42,5599.56,17765742.1,85352825.2,433493764
5732.0,S,46,42649.46,5601.00,17765742.1,85352875.4,433493818
5733.0,S,42,42659.89,5602.58,17765742.1,85352971.6,433493946
5734.0,S,42,42668.66,5604.09,17765742.1,85352971.9,433493949
5735.0,S,42,42677.44,5605.56,17765742.1,85353037.0,433494007
5736.0,S,42,42686.18,5606.99,17765742.1,85353037.2,433494010
5737.0,S,42,42694.82,5608.49,17765742.1,85353037.4,433494014
5738.0,S,42,42703.61,5609.79,17765742.1,85353037.9,433494020
5739.0,S,46,42714.69,5611.31,17765742.1,85353178.0,433494176
5740.0,S,42,42723.89,5612.85,17765742.1,85353274.4,433494259
5741.0,S,42,42732.50,5614.26,17765742.1,85353274.5,433494261
5742.0,S,42,42740.99,5615.87,17765742.1,85353320.4,433494303
5743.0,S,42,42749.69,5617.29,17765742.1,85353320.7,433494306
5744.0,S,42,42758.53,5618.62,17765742.1,85353321.3,433494309
5745.0,S,42,42767.27,5619.89,17765742.1,85353321.4,433494311
5746.0,S,46,42777.84,5621.42,17765742.1,85353422.8,433494416
5747.0,S,42,42786.66,5622.88,17765742.1,85353583.4,433494564
5748.0,S,42,42795.47,5624.28,17765742.1,85353583.6,433494567
5749.0,S,42,42804.20,5625.65,17765742.1,85353583.8,433494569
5750.0,S,42,42813.03,5627.04,17765742.1,85353584.0,433494572
5751.0,S,42,42821.39,5628.46,17765742.1,85353649.0,433494971
5752.0,S,42,42830.26,5629.77,17765742.1,85353649.3,433494977
5753.0,S,46,42841.42,5631.32,17765742.1,85353752.4,433495071
5754.0,S,42,42850.34,5632.78,17765742.1,85353888.0,433495194
5755.0,S,42,42859.21,5634.08,17765742.1,85353888.4,433495196
5756.0,S,42,42868.09,5635.35,17765742.1,85353889.0,433495199
5757.0,S,42,42876.89,5636.75,17765742.1,85353889.3,433495204
5758.0,S,42,42885.54,5638.15,17765742.1,85353953.7,433495262
5759.0,S,42,42893.49,5639.39,17765742.1,85354056.7,433495355
5760.0,S,46,42906.06,5640.99,17765742.1,85354080.7,433495380
5761.0,S,42,42914.93,5642.44,17765742.1,85354153.1,433495449
5762.0,S,42,42923.75,5643.82,17765742.1,85354153.1,433495449
5763.0,S,42,42932.47,5645.08,17765742.1,85354218.1,433495505
5764.0,S,42,42941.05,5646.53,17765742.1,85354218.4,433495506
5765.0,S,42,42949.90,5647.84,17765742.1,85354218.8,433495510
5766.0,S,46,42958.89,5649.22,17765742.1,85354321.5,433495607
5767.0,S,42,42970.07,5650.86,17765742.1,85354471.8,433495752
5768.0,S,42,42978.59,5652.45,17765742.1,85354472.0,433495756
5769.0,S,42,42987.23,5653.90,17765742.1,85354472.8,433495763
5770.0,S,42,42996.04,5655.21,17765742.1,85354473.2,433495764
5771.0,S,42,43004.55,5656.60,17765742.1,85354538.0,433495830
5772.0,S,42,43013.21,5658.12,17765742.1,85354538.4,433495836
5773.0,S,46,43021.53,5659.39,17765742.1,85354641.3,433495932
5774.0,S,43,43033.55,5660.85,17765742.1,85354769.4,433496051
5775.0,S,42,43042.09,5662.42,17765742.1,85354859.2,433496159
5776.0,S,42,43050.84,5663.96,17765742.1,85354859.5,433496161
5777.0,S,42,43059.51,5665.39,17765742.1,85354884.9,433496184
5778.0,S,42,43068.18,5666.80,17765742.1,85354885.3,433496185
5779.0,S,42,43076.88,5668.31,17765742.1,85354885.5,433496186
5780.0,S,46,43086.26,5669.74,17765742.1,85354988.7,433496280
5781.0,S,42,43097.08,5671.24,17765742.1,85355149.2,433496428
5782.0,S,42,43105.75,5672.80,17765742.1,85355149.5,433496431
5783.0,S,42,43114.43,5674.16,17765742.1,85355149.6,433496433
5784.0,S,42,43123.20,5675.51,17765742.1,85355149.9,433496435
5785.0,S,42,43131.98,5677.00,17765742.1,85355180.2,433496460
5786.0,S,42,43140.68,5678.45,17765742.1,85355215.4,433496495
5787.0,S,46,43150.85,5679.85,17765742.1,85355317.9,433496591
5788.0,S,42,43160.84,5681.41,17765742.1,85355413.7,433496745
5789.0,S,42,43169.68,5682.74,17765742.1,85355413.9,433496748
5790.0,S,42,43178.25,5684.24,17765742.1,85355484.9,433496815
5791.0,S,42,43186.99,5685.58,17765742.1,85355485.4,433496817
5792.0,S,42,43195.71,5687.03,17765742.1,85355486.0,433496818
5793.0,S,42,43204.44,5688.45,17765742.1,85355486.2,433496819
5794.0,S,46,43215.31,5689.96,17765742.1,85355589.0,433496917
5795.0,S,43,43220.04,5690.74,17765742.1,85355700.6,433497689
5796.0,S,42,43228.52,5692.08,17765742.1,85355750.2,433497750
5797.0,S,42,43237.11,5693.46,17765742.1,85355750.5,433497754
5798.0,S,42,43245.78,5694.79,17765742.1,85355751.0,433497758
5799.0,S,42,43254.83,5696.10,17765742.1,85355751.2,433497760
5800.0,S,42,43263.61,5697.57,17765742.1,85355815.8,433497817
5801.0,S,46,43273.33,5699.02,17765742.1,85355942.0,433497930
5802.0,S,42,43283.82,5700.72,17765742.1,85356037.9,433498017
5803.0,S,42,43292.44,5702.18,17765742.1,85356038.2,433498019
5804.0,S,42,43301.14,5703.61,17765742.1,85356038.8,433498022
5805.1,S,42,43309.58,5705.00,17765742.1,85356038.9,433498024
5806.1,S,42,43317.85,5706.36,17765742.1,85356103.6,433498488
5807.1,S,42,43326.38,5707.82,17765742.1,85356104.1,433498490
5808.1,S,46,43335.65,5709.29,17765742.1,85356207.1,433498590
5809.1,S,42,43346.76,5710.90,17765742.1,85356303.1,433498680
5810.1,S,42,43355.51,5712.33,17765742.1,85356368.0,433498740
5811.1,S,42,43364.32,5713.69,17765742.1,85356368.1,433498741
5812.1,S,42,43373.07,5715.17,17765742.1,85356368.5,433498743
5813.1,S,42,43381.81,5716.65,17765742.1,85356368.9,433498745
5814.1,S,42,43390.41,5718.17,17765742.1,85356424.2,433498797
5815.1,S,46,43400.70,5719.57,17765742.1,85356527.3,433498891
5816.1,S,42,43411.02,5721.01,17765742.1,85356623.7,433498978
5817.1,S,42,43419.68,5722.48,17765742.1,85356624.0,433498980
5818.1,S,42,43428.30,5723.75,17765742.1,85356624.2,433498984
5819.1,S,42,43437.03,5725.20,17765742.1,85356716.1,433499072
5820.1,S,42,43445.67,5726.58,17765742.1,85356716.4,433499075
5821.1,S,42,43454.35,5728.06,17765742.1,85356716.8,433499077
5822.1,S,46,43464.96,5729.52,17765742.1,85356819.5,433499176
5823.1,S,42,43474.38,5731.09,17765742.1,85356979.7,433499451
5824.1,S,42,43483.33,5732.44,17765742.1,85356980.5,433499455
5825.1,S,42,43492.06,5733.91,17765742.1,85356980.6,433499457
5826.1,S,42,43500.70,5735.18,17765742.1,85356981.1,433499461
5827.1,S,42,43509.29,5736.56,17765742.1,85357045.7,433499573
5828.1,S,42,43517.99,5737.86,17765742.1,85357046.0,433499576
5829.1,S,46,43528.84,5739.29,17765742.1,85357149.1,433499668
5830.1,S,42,43535.46,5740.36,17765742.1,85357287.3,433499794
5831.1,S,42,43540.73,5741.37,17765742.1,85357295.6,433499805
5832.1,S,42,43546.34,5742.16,17765742.1,85357295.8,433499808
5833.1,S,42,43551.85,5743.11,17765742.1,85357296.2,433499813
5834.1,S,42,43557.30,5743.97,17765742.1,85357296.5,433499818
5835.1,S,42,43562.75,5744.85,17765742.1,85357361.5,433499876
5836.1,S,42,43568.24,5745.66,17765742.1,85357361.7,433499879
5837.1,S,42,43573.73,5746.58,17765742.1,85357362.0,433499880
5838.1,S,42,43579.18,5747.46,17765742.1,85357362.2,433499882
5839.1,S,42,43584.61,5748.38,17765742.1,85357426.8,433499937
5840.1,S,42,43590.16,5749.27,17765742.1,85357427.4,433499939
5841.1,S,42,43595.82,5750.12,17765742.1,85357427.6,433499942
5842.1,S,42,43601.50,5750.95,17765742.1,85357428.0,433499945
5843.1,S,46,43609.07,5751.83,17765742.1,85357530.9,433500042
5844.1,S,42,43614.82,5752.67,17765742.1,85357691.4,433500186
5845.1,S,42,43619.29,5753.46,17765742.1,85357711.6,433500208
5846.1,S,42,43623.98,5754.27,17765742.1,85357711.8,433500212
5847.1,S,42,43628.79,5755.05,17765742.1,85357711.9,433500213
5848.1,S,42,43633.51,5755.91,17765742.1,85357795.6,433500289
5849.1,S,42,43638.28,5756.71,17765742.1,85357847.7,433500424
5850.1,S,42,43643.05,5757.49,17765742.1,85357860.3,433500490
5851.1,S,42,43647.79,5758.30,17765742.1,85357860.7,433500492
5852.1,S,42,43652.54,5759.12,17765742.1,85357861.0,433500495
5853.1,S,42,43657.28,5759.99,17765742.1,85357926.3,433500550
5854.1,S,42,43662.04,5760.71,17765742.1,85357991.0,433500607
5855.1,S,42,43666.87,5761.48,17765742.1,85358014.3,433500629
5856.1,S,42,43672.41,5762.36,17765742.1,85358014.6,433500632
5857.1,S,42,43677.89,5763.26,17765742.1,85358015.2,433500635
5858.1,S,42,43683.38,5764.09,17765742.1,85358015.4,433500637
5859.1,S,42,43688.89,5765.02,17765742.1,85358015.8,433500640
5860.1,S,42,43694.42,5765.90,17765742.1,85358080.4,433500699
5861.1,S,46,43702.01,5766.79,17765742.1,85358099.8,433500729
5862.1,S,42,43706.26,5767.28,17765742.1,85358195.7,433500826
5863.1,S,42,43707.18,5767.30,17765742.1,85358248.7,433500971
5864.1,S,42,43708.11,5767.32,17765742.1,85358313.5,433501033
5865.1,S,42,43709.03,5767.38,17765742.1,85358336.6,433501057
5866.1,S,42,43710.01,5767.40,17765742.1,85358336.9,433501059
5867.1,S,42,43710.99,5767.42,17765742.1,85358337.3,433501059
5868.1,S,42,43711.98,5767.44,17765742.1,85358337.5,433501062
5869.1,S,42,43712.91,5767.46,17765742.1,85358402.0,433501119
5870.1,S,42,43713.89,5767.48,17765742.1,85358402.5,433501122
5871.1,S,42,43714.88,5767.49,17765742.1,85358402.7,433501126
5872.1,S,42,43715.87,5767.50,17765742.1,85358402.7,433501126
5873.1,S,42,43716.79,5767.54,17765742.1,85358494.8,433501205
5874.1,S,42,43717.78,5767.55,17765742.1,85358495.0,433501209
5875.1,S,42,43718.76,5767.57,17765742.1,85358495.3,433501211
5876.1,S,42,43719.75,5767.59,17765742.1,85358495.5,433501214
5877.1,S,42,43720.68,5767.61,17765742.1,85358559.9,433501274
5878.1,S,42,43721.66,5767.63,17765742.1,85358560.1,433501278
5879.1,S,42,43722.59,5767.66,17765742.1,85358611.5,433501326
5880.1,S,42,43723.52,5767.73,17765742.1,85358611.8,433501326
5881.1,S,42,43724.51,5767.74,17765742.1,85358611.9,433501326
5882.1,S,42,43725.49,5767.76,17765742.1,85358612.3,433501329
5883.1,S,42,43726.42,5767.78,17765742.1,85358676.7,433501386
5884.1,S,42,43727.41,5767.80,17765742.1,85358691.1,433501401
5885.1,S,42,43728.39,5767.82,17765742.1,85358691.2,433501401
5886.1,S,42,43729.37,5767.83,17765742.1,85358691.4,433501404
5887.1,S,42,43730.30,5767.86,17765742.1,85358756.0,433501461
5888.1,S,42,43731.28,5767.88,17765742.1,85358756.2,433501464
5889.1,S,42,43732.26,5767.90,17765742.1,85358756.3,433501464
5890.1,S,42,43733.24,5767.92,17765742.1,85358773.6,433501479
5891.1,S,42,43734.18,5767.94,17765742.1,85358821.4,433501522
5892.1,S,42,43735.17,5767.96,17765742.1,85358821.5,433501525
5893.1,S,42,43736.07,5768.02,17765742.1,85358860.2,433501572
5894.1,S,42,43737.06,5768.04,17765742.1,85358862.2,433501579
5895.1,S,42,43738.04,5768.05,17765742.1,85358862.9,433501584
5896.1,S,42,43738.97,5768.07,17765742.1,85358927.3,433501641
5897.1,S,42,43739.95,5768.10,17765742.1,85358927.5,433501641
5898.1,S,42,43740.94,5768.12,17765742.1,85358927.6,433501641
5899.1,S,42,43741.93,5768.13,17765742.1,85358928.0,433501644
5900.1,S,42,43742.85,5768.16,17765742.1,85358992.5,433501700
5901.1,S,42,43743.83,5768.18,17765742.1,85358992.8,433501704
5902.1,S,42,43744.82,5768.19,17765742.1,85358992.9,433501706
5903.1,S,42,43745.75,5768.22,17765742.1,85359044.0,433501760
5904.1,S,42,43746.68,5768.28,17765742.1,85359052.1,433501771
5905.1,S,42,43747.66,5768.29,17765742.1,85359052.5,433501774
5906.1,S,42,43748.66,5768.30,17765742.1,85359052.9,433501775
5907.1,S,42,43749.54,5768.33,17765742.1,85359117.5,433501910
5908.1,S,42,43750.52,5768.35,17765742.1,85359117.6,433501919
5909.1,S,42,43751.50,5768.37,17765742.1,85359117.8,433501919
5910.1,S,42,43752.49,5768.38,17765742.1,85359118.0,433501919
5911.1,S,42,43753.41,5768.41,17765742.1,85359182.8,433501977
5912.1,S,42,43754.40,5768.42,17765742.1,85359182.9,433501979
5913.1,S,42,43755.38,5768.44,17765742.1,85359183.1,433501983
5914.1,S,42,43756.37,5768.46,17765742.1,85359183.2,433501985
5915.1,S,42,43757.30,5768.48,17765742.1,85359247.8,433502043
5916.1,S,42,43758.27,5768.50,17765742.1,85359248.1,433502045
5917.1,S,42,43759.25,5768.53,17765742.1,85359248.7,433502046
5918.1,S,42,43760.18,5768.55,17765742.1,85359313.2,433502108
5919.1,S,42,43761.11,5768.61,17765742.1,85359327.2,433502127
5920.1,S,42,43762.09,5768.63,17765742.1,85359327.3,433502127
5921.1,S,42,43763.08,5768.64,17765742.1,85359327.5,433502129
5922.1,S,42,43764.06,5768.66,17765742.1,85359327.9,433502131
5923.1,S,42,43764.99,5768.68,17765742.1,85359392.7,433502189
5924.1,S,42,43765.97,5768.70,17765742.1,85359392.8,433502190
5925.1,S,42,43766.96,5768.71,17765742.1,85359393.1,433502191
5926.1,S,42,43767.88,5768.74,17765742.1,85359457.5,433502249
5927.2,S,42,43768.86,5768.76,17765742.1,85359457.7,433502252
5928.2,S,42,43769.84,5768.79,17765742.1,85359457.9,433502254
5929.2,S,42,43770.83,5768.80,17765742.1,85359458.4,433502258
5930.2,S,42,43771.63,5768.86,17765742.1,85359527.1,433502407
5931.2,S,42,43772.61,5768.88,17765742.1,85359527.4,433502410
5932.2,S,42,43773.60,5768.89,17765742.1,85359527.5,433502412
5933.2,S,42,43774.58,5768.91,17765742.1,85359527.9,433502415
5934.2,S,42,43775.49,5768.93,17765742.1,85359592.6,433502495
5935.2,S,42,43776.47,5768.95,17765742.1,85359592.7,433502499
5936.2,S,42,43777.46,5768.97,17765742.1,85359592.9,433502501
5937.2,S,42,43778.44,5768.99,17765742.1,85359593.1,433502502
5938.2,S,42,43779.34,5769.01,17765742.1,85359657.7,433502588
5939.2,S,42,43780.33,5769.02,17765742.1,85359658.0,433502592
5940.2,S,42,43781.31,5769.04,17765742.1,85359658.1,433502594
5941.2,S,42,43782.26,5769.06,17765742.1,85359704.0,433502634
5942.2,S,42,43783.23,5769.08,17765742.1,85359722.8,433502650
5943.2,S,42,43784.14,5769.15,17765742.1,85359753.5,433502683
5944.2,S,42,43785.12,5769.16,17765742.1,85359753.8,433502689
5945.2,S,42,43786.10,5769.18,17765742.1,85359754.5,433502690
5946.2,S,42,43787.09,5769.19,17765742.1,85359754.7,433502692
5947.2,S,42,43788.03,5769.22,17765742.1,85359819.2,433502748
5948.2,S,42,43789.01,5769.23,17765742.1,85359819.3,433502749
5949.2,S,42,43790.00,5769.24,17765742.1,85359819.5,433502753
5950.2,S,42,43790.98,5769.26,17765742.1,85359819.7,433502755
5951.2,S,42,43791.91,5769.29,17765742.1,85359884.6,433502813
5952.2,S,42,43792.90,5769.30,17765742.1,85359884.7,433502814
5953.2,S,42,43793.89,5769.31,17765742.1,85359884.9,433502818
5954.2,S,42,43794.82,5769.34,17765742.1,85359949.6,433502879
5955.2,S,42,43795.80,5769.36,17765742.1,85359949.8,433502883
5956.2,S,42,43796.78,5769.38,17765742.1,85359950.6,433502884
5957.2,S,42,43797.68,5769.45,17765742.1,85359993.8,433502928
5958.2,S,42,43798.66,5769.47,17765742.1,85359993.8,433502930
5959.2,S,42,43799.65,5769.48,17765742.1,85359994.0,433502932
5960.2,S,42,43800.57,5769.51,17765742.1,85360058.6,433502987
5961.2,S,42,43801.56,5769.53,17765742.1,85360059.2,433502991
5962.2,S,42,43802.54,5769.55,17765742.1,85360059.3,433502993
5963.2,S,42,43803.52,5769.56,17765742.1,85360059.5,433502998
5964.2,S,42,43804.45,5769.60,17765742.1,85360124.0,433503054
5965.2,S,42,43805.43,5769.62,17765742.1,85360124.1,433503058
5966.2,S,42,43806.42,5769.63,17765742.1,85360124.2,433503060
5967.2,S,42,43807.41,5769.64,17765742.1,85360124.8,433503065
5968.2,S,42,43808.34,5769.66,17765742.1,85360189.5,433503124
5969.2,S,42,43809.32,5769.68,17765742.1,85360189.7,433503125
5970.2,S,42,43810.30,5769.71,17765742.1,85360189.7,433503125
5971.2,S,42,43811.22,5769.73,17765742.1,85360254.4,433503189
5972.2,S,42,43812.21,5769.75,17765742.1,85360254.9,433503193
5973.2,S,42,43813.19,5769.77,17765742.1,85360255.3,433503199
5974.2,S,42,43814.17,5769.79,17765742.1,85360255.5,433503203
5975.2,S,42,43815.03,5769.88,17765742.1,85360315.0,433503257
5976.2,S,42,43816.01,5769.90,17765742.1,85360315.3,433503263
5977.2,S,42,43817.00,5769.92,17765742.1,85360315.5,433503267
5978.2,S,42,43817.88,5769.94,17765742.1,85360375.1,433503373
5979.2,S,42,43818.82,5769.97,17765742.1,85360380.9,433503410
5980.2,S,42,43819.81,5769.99,17765742.1,85360381.0,433503412
5981.2,S,42,43820.80,5770.00,17765742.1,85360381.1,433503416
5982.2,S,42,43821.72,5770.03,17765742.1,85360445.6,433503471
5983.2,S,42,43822.71,5770.04,17765742.1,85360446.1,433503475
5984.2,S,42,43823.70,5770.06,17765742.1,85360446.4,433503477
5985.2,S,42,43824.68,5770.08,17765742.1,85360446.6,433503481
5986.2,S,42,43825.59,5770.10,17765742.1,85360511.1,433503550
5987.2,S,42,43826.43,5770.17,17765742.1,85360532.4,433503686
5988.2,S,42,43827.42,5770.19,17765742.1,85360532.6,433503688
5989.2,S,42,43828.39,5770.21,17765742.1,85360533.1,433503691
5990.2,S,42,43829.37,5770.23,17765742.1,85360533.2,433503693
5991.2,S,42,43830.31,5770.26,17765742.1,85360598.0,433503749
5992.2,S,42,43831.30,5770.27,17765742.1,85360598.1,433503751
5993.2,S,42,43832.28,5770.28,17765742.1,85360598.3,433503753
5994.2,S,42,43833.20,5770.32,17765742.1,85360663.0,433503810
5995.2,S,42,43834.18,5770.34,17765742.1,85360663.2,433503814
5996.2,S,42,43835.17,5770.35,17765742.1,85360663.5,433503816
5997.2,S,42,43836.15,5770.37,17765742.1,85360663.7,433503820
5998.2,S,42,43837.08,5770.39,17765742.1,85360728.1,433503874
5999.2,S,42,43838.07,5770.40,17765742.1,85360728.3,433503876
6000.2,S,42,43839.05,5770.42,17765742.1,85360728.6,433503878
6001.2,S,42,43840.03,5770.44,17765742.1,85360728.8,433503882
6002.2,S,42,43840.96,5770.47,17765742.1,85360793.4,433503938
6003.2,S,42,43841.88,5770.54,17765742.1,85360809.1,433503956
6004.2,S,42,43842.86,5770.56,17765742.1,85360809.2,433503958
6005.2,S,42,43843.88,5770.58,17765742.1,85360809.8,433503961
6006.2,S,42,43844.81,5770.60,17765742.1,85360874.4,433504017
6007.2,S,42,43845.79,5770.62,17765742.1,85360902.4,433504051
6008.2,S,42,43846.77,5770.65,17765742.1,85360902.7,433504051
6009.2,S,42,43847.76,5770.66,17765742.1,85360902.9,433504051
6010.2,S,42,43848.68,5770.69,17765742.1,85360967.4,433504108
6011.2,S,42,43849.67,5770.70,17765742.1,85360968.0,433504112
6012.2,S,42,43850.65,5770.72,17765742.1,85360968.1,433504114
6013.2,S,42,43851.64,5770.74,17765742.1,85360968.2,433504118
6014.2,S,42,43852.53,5770.79,17765742.1,85361038.6,433504182
6015.2,S,42,43853.51,5770.81,17765742.1,85361038.9,433504186
6016.2,S,42,43854.49,5770.83,17765742.1,85361039.6,433504188
6017.2,S,42,43855.47,5770.85,17765742.1,85361039.8,433504190
6018.2,S,42,43856.40,5770.88,17765742.1,85361104.3,433504250
6019.2,S,42,43857.38,5770.89,17765742.1,85361104.8,433504254
6020.2,S,42,43858.37,5770.91,17765742.1,85361104.8,433504254
6021.2,S,42,43859.29,5770.94,17765742.1,85361169.6,433504317
6022.2,S,42,43860.27,5770.97,17765742.1,85361169.8,433504318
6023.2,S,42,43861.25,5770.98,17765742.1,85361169.9,433504320
6024.2,S,42,43862.24,5770.99,17765742.1,85361170.3,433504324
6025.2,S,42,43863.17,5771.02,17765742.1,85361234.8,433504384
6026.2,S,42,43864.16,5771.03,17765742.1,85361235.0,433504385
6027.2,S,42,43865.14,5771.05,17765742.1,85361235.4,433504387
6028.2,S,42,43866.13,5771.06,17765742.1,85361235.5,433504390
6029.2,S,42,43867.05,5771.09,17765742.1,85361300.0,433504449
6030.2,S,42,43867.91,5771.14,17765742.1,85361329.8,433504549
6031.2,S,42,43868.85,5771.20,17765742.1,85361330.0,433504558
6032.2,S,42,43869.83,5771.22,17765742.1,85361330.3,433504560
6033.2,S,42,43870.82,5771.23,17765742.1,85361330.6,433504562
6034.2,S,42,43871.75,5771.26,17765742.1,85361395.1,433504623
6035.2,S,42,43872.73,5771.27,17765742.1,85361395.3,433504625
6036.2,S,42,43873.71,5771.29,17765742.1,85361395.8,433504629
6037.2,S,42,43874.70,5771.30,17765742.1,85361395.9,433504631
6038.2,S,42,43875.63,5771.33,17765742.1,85361460.9,433504691
6039.2,S,42,43876.61,5771.35,17765742.1,85361461.0,433504691
6040.2,S,42,43877.59,5771.37,17765742.1,85361461.2,433504691
6041.2,S,42,43878.58,5771.39,17765742.1,85361461.3,433504693
6042.2,S,42,43879.51,5771.41,17765742.1,85361526.0,433504751
6043.2,S,42,43880.50,5771.42,17765742.1,85361526.1,433504753
6044.2,S,42,43881.48,5771.44,17765742.1,85361526.5,433504757
6045.2,S,42,43882.41,5771.47,17765742.1,85361591.0,433504812
6046.2,S,42,43883.31,5771.55,17765742.1,85361606.5,433504829
6047.2,S,57,43887.55,5771.62,17765742.1,85361606.7,433504831
6048.2,S,57,43903.33,5771.85,17765742.1,85361608.7,433504838
6049.3,S,57,43919.12,5772.08,17765742.1,85361609.1,433504840
6050.3,S,57,43934.89,5772.32,17765742.1,85361609.3,433504843
6051.3,S,57,43947.79,5772.51,17765742.1,85361715.2,433505117
6052.4,S,57,43960.52,5772.93,17765742.1,85362490.8,433505899
6053.4,S,57,43974.53,5773.18,17765742.1,85362648.0,433506134
6054.4,S,57,43990.31,5773.41,17765742.1,85362649.2,433506136
6055.4,S,57,44005.98,5773.68,17765742.1,85362742.8,433506214
6056.4,S,57,44021.46,5773.98,17765742.1,85362988.4,433506512
6057.4,S,57,44034.86,5774.34,17765742.1,85363604.5,433507116
6058.4,S,57,44050.55,5774.62,17765742.1,85363672.9,433507183
6059.4,S,57,44066.26,5774.87,17765742.1,85363739.3,433507242
6060.4,S,57,44081.77,5775.14,17765742.1,85363874.2,433507466
6061.4,S,57,44096.50,5775.43,17765742.1,85364326.2,433508053
6062.4,S,57,44110.86,5775.72,17765742.1,85364684.4,433508475
6063.4,S,57,44126.51,5775.97,17765742.1,85364797.2,433508615
6064.4,S,57,44142.17,5776.22,17765742.1,85364846.2,433508723
6065.4,S,57,44157.71,5776.51,17765742.1,85365120.8,433508955
6066.4,S,57,44172.53,5776.80,17765742.1,85365404.7,433509443
6067.4,S,57,44187.44,5777.07,17765742.1,85365779.0,433509808
6068.4,S,57,44203.06,5777.33,17765742.1,85365972.4,433509987
6069.4,S,57,44218.65,5777.55,17765742.1,85366116.7,433510197
6070.4,S,57,44234.31,5777.82,17765742.1,85366247.4,433510312
6071.4,S,56,44248.21,5778.16,17765742.1,85366747.4,433510809
6072.4,S,56,44262.52,5778.46,17765742.1,85366986.3,433511160
6073.4,S,56,44277.28,5778.71,17765742.1,85366986.6,433511161
6074.4,S,51,44287.12,5778.97,17765742.1,85367393.9,433511777
6075.4,S,42,44288.14,5779.43,17765742.1,85367713.8,433512206
6076.4,S,42,44292.51,5780.60,17765742.1,85367715.5,433512213
6077.4,S,42,44301.33,5781.93,17765742.1,85367718.1,433512217
6078.4,S,42,44310.00,5783.28,17765742.1,85367718.4,433512218
6079.4,S,42,44318.72,5784.78,17765742.1,85367718.5,433512219
6080.4,S,42,44327.43,5786.14,17765742.1,85367783.1,433512281
6081.4,S,42,44336.16,5787.42,17765742.1,85367783.3,433512283
6082.4,S,46,44345.36,5788.78,17765742.1,85367830.0,433512341
6083.4,S,45,44355.42,5790.12,17765742.1,85367886.3,433512585
6084.4,S,42,44364.14,5791.50,17765742.1,85367926.4,433512649
6085.4,S,42,44372.87,5792.94,17765742.1,85367926.6,433512651
6086.4,S,42,44381.61,5794.34,17765742.1,85367991.1,433512714
6087.4,S,42,44390.34,5795.66,17765742.1,85367991.4,433512718
6088.4,S,42,44399.06,5796.97,17765742.1,85367991.8,433512720
6089.4,S,46,44408.07,5798.31,17765742.1,85368041.8,433512780
6090.4,S,42,44419.62,5799.95,17765742.1,85368137.4,433512870
6091.4,S,42,44428.28,5801.38,17765742.1,85368202.0,433512930
6092.4,S,42,44436.96,5802.85,17765742.1,85368215.8,433512944
6093.4,S,42,44445.58,5804.16,17765742.1,85368216.3,433512946
6094.4,S,42,44454.30,5805.47,17765742.1,85368217.1,433512948
6095.4,S,42,44462.96,5806.87,17765742.1,85368217.4,433512952
6096.4,S,42,44468.22,5807.68,17765742.1,85368338.1,433513351
6097.4,S,46,44479.61,5809.15,17765742.1,85368358.1,433513433
6098.4,S,42,44488.50,5810.54,17765742.1,85368454.5,433513515
6099.4,S,42,44497.30,5811.99,17765742.1,85368455.2,433513520
6100.4,S,42,44505.78,5813.36,17765742.1,85368455.6,433513522
6101.4,S,42,44514.39,5814.89,17765742.1,85368520.2,433513579
6102.4,S,42,44523.05,5816.42,17765742.1,85368520.4,433513581
6103.4,S,42,44531.28,5817.86,17765742.1,85368610.8,433513672
6104.4,S,46,44543.43,5819.50,17765742.1,85368648.6,433513710
6105.4,S,42,44552.51,5820.97,17765742.1,85368744.5,433514080
6106.4,S,42,44561.16,5822.24,17765742.1,85368745.1,433514083
6107.4,S,42,44569.78,5823.64,17765742.1,85368809.8,433514141
6108.5,S,42,44578.58,5825.08,17765742.1,85368810.0,433514141
6109.5,S,42,44587.46,5826.48,17765742.1,85368810.6,433514150
6110.5,S,46,44596.18,5827.88,17765742.1,85368913.5,433514254
6111.5,S,42,44607.62,5829.47,17765742.1,85369009.8,433514348
6112.5,S,42,44616.55,5830.87,17765742.1,85369074.6,433514460
6113.5,S,42,44625.25,5832.26,17765742.1,85369074.8,433514463
6114.5,S,42,44634.11,5833.69,17765742.1,85369075.2,433514464
6115.5,S,42,44642.84,5834.99,17765742.2,85369075.5,433514468
6116.5,S,42,44651.35,5836.44,17765742.2,85369142.9,433514530
6117.5,S,46,44661.44,5837.87,17765742.2,85369245.7,433514626
6118.5,S,42,44671.42,5839.33,17765742.2,85369341.9,433514714
6119.5,S,42,44680.06,5840.71,17765742.2,85369342.5,433514718
6120.5,S,42,44688.66,5842.24,17765742.2,85369342.6,433514719
6121.5,S,42,44697.43,5843.67,17765742.2,85369407.3,433514775
6122.5,S,42,44706.08,5845.26,17765742.2,85369407.5,433514777
6123.5,S,42,44715.00,5846.68,17765742.2,85369407.7,433514781
6124.5,S,46,44725.56,5848.24,17765742.2,85369511.4,433514889
6125.5,S,42,44734.62,5849.72,17765742.2,85369672.0,433515028
6126.5,S,42,44743.25,5851.17,17765742.2,85369672.4,433515031
6127.5,S,42,44751.94,5852.67,17765742.2,85369672.6,433515035
6128.5,S,42,44760.82,5854.04,17765742.2,85369672.8,433515036
6129.5,S,42,44769.37,5855.49,17765742.2,85369720.7,433515081
6130.5,S,42,44777.98,5856.87,17765742.2,85369738.1,433515096
6131.5,S,46,44788.65,5858.41,17765742.2,85369867.0,433515212
6132.5,S,42,44798.07,5859.91,17765742.2,85369963.1,433515310
6133.5,S,42,44806.74,5861.33,17765742.2,85369963.3,433515314
6134.5,S,42,44815.47,5862.70,17765742.2,85369963.5,433515316
6135.5,S,42,44824.20,5863.98,17765742.2,85369963.8,433515317
6136.5,S,42,44832.83,5865.43,17765742.2,85370029.5,433515391
6137.5,S,42,44841.61,5866.80,17765742.2,85370029.8,433515393
6138.5,S,46,44852.54,5868.35,17765742.2,85370132.6,433515489
6139.5,S,42,44861.96,5869.77,17765742.2,85370257.1,433515611
6140.5,S,42,44870.59,5871.17,17765742.2,85370321.6,433515668
6141.5,S,42,44879.28,5872.62,17765742.2,85370322.2,433515671
6142.5,S,42,44888.02,5874.07,17765742.2,85370322.8,433515673
6143.5,S,42,44896.93,5875.50,17765742.2,85370323.1,433515674
6144.5,S,46,44904.94,5876.80,17765742.2,85370425.5,433515769
6145.5,S,44,44917.06,5878.57,17765742.2,85370585.5,433515911
6146.5,S,42,44925.79,5879.95,17765742.2,85370586.0,433515913
6147.5,S,42,44934.33,5881.34,17765742.2,85370619.6,433516014
6148.5,S,42,44942.85,5882.85,17765742.2,85370620.3,433516205
6149.5,S,42,44951.54,5884.30,17765742.2,85370620.5,433516208
6150.5,S,42,44960.30,5885.63,17765742.2,85370620.6,433516210
6151.5,S,46,44968.62,5886.92,17765742.2,85370723.6,433516380
6152.5,S,42,44980.00,5888.57,17765742.2,85370884.5,433516520
6153.5,S,42,44988.95,5889.93,17765742.2,85370885.0,433516523
6154.5,S,42,44997.77,5891.28,17765742.2,85370885.4,433516526
6155.5,S,42,45006.59,5892.60,17765742.2,85370885.7,433516528
6156.5,S,42,45015.21,5893.96,17765742.2,85370950.4,433516586
6157.5,S,42,45024.02,5895.27,17765742.2,85370950.5,433516586
6158.5,S,46,45033.80,5896.70,17765742.2,85371053.3,433516681
6159.5,S,42,45044.22,5898.26,17765742.2,85371149.7,433516859
6160.5,S,42,45052.91,5899.52,17765742.2,85371149.8,433516861
6161.5,S,42,45061.65,5900.89,17765742.2,85371217.2,433516940
6162.5,S,42,45070.42,5902.17,17765742.2,85371217.3,433516942
6163.5,S,42,45079.14,5903.62,17765742.2,85371217.9,433516947
6164.5,S,42,45087.89,5905.18,17765742.2,85371218.3,433516949
6165.5,S,46,45094.22,5906.11,17765742.2,85371385.6,433517333
6166.5,S,42,45105.62,5907.76,17765742.2,85371481.6,433517464
6167.5,S,42,45114.32,5909.18,17765742.2,85371481.8,433517466
6168.5,S,42,45123.16,5910.59,17765742.2,85371481.9,433517468
6169.5,S,42,45131.90,5911.92,17765742.2,85371482.7,433517472
6170.5,S,42,45140.59,5913.25,17765742.2,85371547.3,433517530
6171.5,S,42,45149.32,5914.51,17765742.2,85371547.6,433517532
6172.5,S,46,45158.68,5915.97,17765742.2,85371650.2,433517627
6173.5,S,42,45169.66,5917.49,17765742.2,85371746.1,433517720
6174.5,S,42,45178.39,5918.95,17765742.2,85371810.6,433517780
6175.5,S,42,45187.12,5920.34,17765742.2,85371811.4,433517781
6176.5,S,42,45195.86,5921.56,17765742.2,85371844.7,433517813
6177.5,S,42,45204.55,5922.97,17765742.2,85371845.1,433517815
6178.5,S,42,45213.24,5924.32,17765742.2,85371845.2,433517817
6179.5,S,46,45222.86,5925.69,17765742.2,85371947.8,433517929
6180.5,S,42,45233.38,5927.25,17765742.2,85372043.7,433518017
6181.5,S,42,45242.15,5928.66,17765742.2,85372108.6,433518072
6182.5,S,42,45250.82,5929.94,17765742.2,85372108.8,433518073
6183.5,S,42,45259.35,5931.47,17765742.2,85372109.0,433518074
6184.5,S,42,45268.06,5933.02,17765742.2,85372109.1,433518075
6185.5,S,42,45276.64,5934.45,17765742.2,85372173.7,433518133
6186.5,S,46,45286.70,5935.85,17765742.2,85372277.1,433518257
6187.5,S,42,45294.52,5936.99,17765742.2,85372373.2,433518346
6188.5,S,42,45299.55,5937.80,17765742.2,85372373.4,433518346
6189.5,S,42,45304.21,5938.57,17765742.2,85372373.6,433518349
6190.5,S,42,45308.96,5939.30,17765742.2,85372438.1,433518419
6191.5,S,42,45313.70,5940.11,17765742.2,85372438.5,433518421
6192.5,S,42,45318.44,5940.83,17765742.2,85372438.6,433518422
6193.5,S,42,45323.50,5941.76,17765742.2,85372472.4,433518457
6194.5,S,42,45328.89,5942.65,17765742.2,85372472.6,433518459
6195.5,S,42,45334.32,5943.43,17765742.2,85372472.8,433518461
6196.5,S,42,45339.90,5944.27,17765742.2,85372567.0,433518547
6197.5,S,42,45345.38,5945.15,17765742.2,85372632.1,433518828
6198.5,S,42,45350.93,5945.96,17765742.2,85372632.3,433518832
6199.5,S,42,45356.51,5946.77,17765742.2,85372632.7,433518834
6200.5,S,42,45362.00,5947.64,17765742.2,85372632.9,433518837
6201.5,S,46,45368.95,5948.53,17765742.2,85372642.4,433518863
6202.5,S,42,45375.94,5949.43,17765742.2,85372803.6,433519019
6203.5,S,42,45379.96,5950.12,17765742.2,85372803.7,433519019
6204.5,S,42,45384.06,5950.78,17765742.2,85372804.0,433519020
6205.5,S,42,45388.50,5951.49,17765742.2,85372804.3,433519022
6206.5,S,42,45392.68,5952.14,17765742.2,85372887.1,433519127
6207.5,S,42,45396.92,5952.80,17765742.2,85372951.7,433519187
6208.5,S,42,45401.43,5953.54,17765742.2,85372965.7,433519204
6209.5,S,42,45406.05,5954.29,17765742.2,85372965.8,433519204
6210.5,S,42,45410.67,5955.02,17765742.2,85372966.0,433519205
6211.5,S,42,45415.43,5955.78,17765742.2,85373029.4,433519496
6212.5,S,42,45420.28,5956.52,17765742.2,85373094.0,433519553
6213.5,S,42,45425.44,5957.43,17765742.2,85373094.5,433519558
6214.5,S,42,45430.24,5958.13,17765742.2,85373094.6,433519560
6215.5,S,42,45434.92,5958.90,17765742.2,85373094.9,433519562
6216.5,S,42,45439.64,5959.65,17765742.2,85373139.1,433519601
6217.5,S,42,45444.28,5960.54,17765742.2,85373203.8,433519658
6218.5,S,42,45449.05,5961.23,17765742.2,85373204.2,433519659
6219.5,S,42,45453.83,5961.96,17765742.2,85373204.8,433519663
6220.5,S,42,45458.54,5962.80,17765742.2,85373253.7,433519707
6221.5,S,46,45464.92,5963.73,17765742.2,85373274.4,433519735
6222.5,S,42,45472.24,5964.61,17765742.2,85373370.5,433519825
6223.5,S,42,45473.22,5964.63,17765742.2,85373370.7,433519825
6224.5,S,42,45474.04,5964.65,17765742.2,85373412.8,433519998
6225.5,S,42,45474.96,5964.67,17765742.2,85373435.8,433520059
6226.5,S,42,45475.94,5964.68,17765742.2,85373436.0,433520062
6227.5,S,42,45476.93,5964.70,17765742.2,85373436.1,433520063
6228.5,S,42,45477.86,5964.72,17765742.2,85373500.6,433520119
6229.5,S,42,45478.84,5964.74,17765742.2,85373500.8,433520121
6230.6,S,42,45479.83,5964.75,17765742.2,85373501.4,433520125
6231.6,S,42,45480.72,5964.83,17765742.2,85373577.7,433520195
6232.6,S,42,45481.71,5964.84,17765742.2,85373578.0,433520197
6233.6,S,42,45482.69,5964.86,17765742.2,85373578.1,433520199
6234.6,S,42,45483.67,5964.88,17765742.2,85373578.3,433520203
6235.6,S,42,45484.58,5964.91,17765742.2,85373643.0,433520274
6236.6,S,42,45485.57,5964.92,17765742.2,85373643.5,433520275
6237.6,S,42,45486.55,5964.93,17765742.2,85373671.2,433520303
6238.6,S,42,45487.48,5964.96,17765742.2,85373735.8,433520363
6239.6,S,42,45488.46,5964.98,17765742.2,85373736.0,433520364
6240.6,S,42,45489.45,5965.00,17765742.2,85373736.1,433520368
6241.6,S,42,45490.42,5965.02,17765742.2,85373736.6,433520371
6242.6,S,42,45491.31,5965.08,17765742.2,85373809.0,433520442
6243.6,S,42,45492.30,5965.10,17765742.2,85373809.2,433520442
6244.6,S,42,45493.28,5965.11,17765742.2,85373809.4,433520443
6245.6,S,42,45494.21,5965.14,17765742.2,85373873.9,433520503
6246.6,S,42,45495.20,5965.15,17765742.2,85373874.5,433520504
6247.6,S,42,45496.18,5965.17,17765742.2,85373883.6,433520516
6248.6,S,42,45497.16,5965.19,17765742.2,85373883.8,433520520
6249.6,S,42,45498.09,5965.22,17765742.2,85373948.2,433520577
6250.6,S,42,45499.02,5965.27,17765742.2,85373957.9,433520591
6251.6,S,42,45500.00,5965.30,17765742.2,85373958.2,433520592
6252.6,S,42,45500.98,5965.31,17765742.2,85373960.0,433520597
6253.6,S,42,45501.91,5965.34,17765742.2,85374024.8,433520653
6254.6,S,42,45502.90,5965.35,17765742.2,85374025.0,433520653
6255.6,S,42,45503.88,5965.37,17765742.2,85374025.1,433520653
6256.6,S,42,45504.86,5965.40,17765742.2,85374025.7,433520657
6257.6,S,42,45505.78,5965.42,17765742.2,85374090.3,433520723
6258.6,S,42,45506.77,5965.44,17765742.2,85374090.6,433520727
6259.6,S,42,45507.75,5965.46,17765742.2,85374090.9,433520729
6260.6,S,42,45508.74,5965.47,17765742.2,85374091.1,433520731
6261.6,S,42,45509.67,5965.49,17765742.2,85374155.7,433520796
6262.6,S,42,45510.65,5965.51,17765742.2,85374156.3,433520798
6263.6,S,42,45511.46,5965.58,17765742.2,85374189.0,433520944
6264.6,S,42,45512.44,5965.60,17765742.2,85374189.5,433520948
6265.6,S,42,45513.43,5965.62,17765742.2,85374189.7,433520949
6266.6,S,42,45514.35,5965.65,17765742.2,85374208.1,433521013
6267.6,S,42,45515.15,5965.66,17765742.2,85374254.8,433521198
6268.6,S,42,45516.14,5965.68,17765742.2,85374255.1,433521202
6269.6,S,42,45517.12,5965.69,17765742.2,85374255.2,433521204
6270.6,S,42,45518.06,5965.71,17765742.2,85374320.0,433521262
6271.6,S,42,45519.05,5965.73,17765742.2,85374320.1,433521274
6272.6,S,42,45520.03,5965.74,17765742.2,85374320.6,433521279
6273.6,S,42,45521.02,5965.76,17765742.2,85374321.1,433521284
6274.6,S,42,45521.90,5965.83,17765742.2,85374374.7,433521331
6275.6,S,42,45522.88,5965.86,17765742.2,85374375.8,433521346
6276.6,S,42,45523.86,5965.87,17765742.2,85374376.0,433521349
6277.6,S,42,45524.79,5965.90,17765742.2,85374440.5,433521404
6278.6,S,42,45525.78,5965.91,17765742.2,85374441.0,433521407
6279.6,S,42,45526.77,5965.93,17765742.2,85374441.1,433521409
6280.6,S,42,45527.75,5965.95,17765742.2,85374441.3,433521413
6281.6,S,42,45528.67,5965.97,17765742.2,85374505.9,433521472
6282.6,S,42,45529.66,5965.99,17765742.2,85374506.5,433521482
6283.6,S,42,45530.64,5966.01,17765742.2,85374506.6,433521484
6284.6,S,42,45531.51,5966.08,17765742.2,85374558.3,433521547
6285.6,S,42,45532.49,5966.11,17765742.2,85374558.5,433521548
6286.6,S,42,45533.47,5966.13,17765742.2,85374559.0,433521552
6287.6,S,42,45534.46,5966.14,17765742.2,85374559.1,433521554
6288.6,S,42,45535.39,5966.17,17765742.2,85374623.6,433521609
6289.6,S,42,45536.37,5966.18,17765742.2,85374623.7,433521609
6290.6,S,42,45537.36,5966.20,17765742.2,85374624.2,433521616
6291.6,S,42,45538.28,5966.23,17765742.2,85374688.8,433521677
6292.6,S,42,45539.27,5966.24,17765742.2,85374689.2,433521680
6293.6,S,42,45540.25,5966.26,17765742.2,85374689.3,433521681
6294.6,S,42,45541.24,5966.27,17765742.2,85374689.5,433521684
6295.6,S,42,45542.17,5966.29,17765742.2,85374754.2,433521739
6296.6,S,42,45543.16,5966.31,17765742.2,85374754.4,433521744
6297.6,S,42,45544.05,5966.38,17765742.2,85374791.9,433521789
6298.6,S,42,45545.03,5966.40,17765742.2,85374792.5,433521794
6299.6,S,42,45546.02,5966.41,17765742.2,85374792.6,433521794
6300.6,S,42,45547.00,5966.43,17765742.2,85374792.8,433521797
6301.6,S,42,45547.92,5966.46,17765742.2,85374857.6,433521869
6302.6,S,42,45548.90,5966.49,17765742.2,85374857.6,433521869
6303.6,S,42,45549.88,5966.50,17765742.2,85374857.8,433521871
6304.6,S,42,45550.81,5966.53,17765742.2,85374922.5,433521929
6305.6,S,42,45551.80,5966.54,17765742.2,85374922.7,433521931
6306.6,S,42,45552.78,5966.56,17765742.2,85374923.2,433521936
6307.6,S,42,45553.77,5966.57,17765742.2,85374923.3,433521938
6308.6,S,42,45554.69,5966.60,17765742.2,85374988.1,433521996
6309.6,S,42,45555.67,5966.62,17765742.2,85374988.2,433521996
6310.6,S,42,45556.66,5966.64,17765742.2,85374988.6,433522000
6311.6,S,42,45557.65,5966.65,17765742.2,85374988.7,433522002
6312.6,S,42,45558.36,5966.72,17765742.2,85375048.5,433522231
6313.6,S,42,45559.35,5966.74,17765742.2,85375075.6,433522261
6314.6,S,42,45560.33,5966.75,17765742.2,85375075.9,433522265
6315.6,S,42,45561.32,5966.77,17765742.2,85375076.3,433522267
6316.6,S,42,45562.24,5966.80,17765742.2,85375140.8,433522326
6317.6,S,42,45563.22,5966.82,17765742.2,85375141.7,433522331
6318.6,S,42,45564.21,5966.83,17765742.2,85375141.9,433522336
6319.6,S,42,45565.13,5966.87,17765742.2,85375206.4,433522392
6320.6,S,42,45566.11,5966.89,17765742.2,85375206.6,433522394
6321.6,S,42,45567.09,5966.91,17765742.2,85375214.6,433522404
6322.6,S,42,45568.00,5966.96,17765742.2,85375248.1,433522438
6323.6,S,42,45568.99,5966.98,17765742.2,85375248.7,433522442
6324.6,S,42,45569.97,5967.00,17765742.2,85375248.8,433522444
6325.6,S,42,45570.89,5967.02,17765742.2,85375313.3,433522509
6326.6,S,42,45571.87,5967.04,17765742.2,85375313.4,433522510
6327.6,S,42,45572.86,5967.06,17765742.2,85375313.9,433522513
6328.6,S,42,45573.84,5967.07,17765742.2,85375314.0,433522515
6329.6,S,42,45574.76,5967.10,17765742.2,85375378.7,433522573
6330.6,S,42,45575.74,5967.13,17765742.2,85375378.9,433522583
6331.6,S,42,45576.73,5967.14,17765742.2,85375379.0,433522585
6332.6,S,42,45577.66,5967.18,17765742.2,85375420.0,433522622
6333.6,S,42,45578.62,5967.20,17765742.2,85375443.8,433522645
6334.6,S,42,45579.53,5967.27,17765742.2,85375473.9,433522673
6335.6,S,42,45580.52,5967.28,17765742.2,85375474.1,433522679
6336.6,S,42,45581.50,5967.30,17765742.2,85375474.3,433522683
6337.6,S,42,45582.47,5967.33,17765742.2,85375474.4,433522684
6338.6,S,42,45583.40,5967.35,17765742.2,85375539.2,433522744
6339.6,S,42,45584.38,5967.37,17765742.2,85375539.3,433522746
6340.6,S,42,45585.37,5967.39,17765742.2,85375539.8,433522749
6341.6,S,42,45586.31,5967.42,17765742.2,85375586.2,433522790
6342.6,S,42,45587.27,5967.44,17765742.2,85375604.5,433522808
6343.6,S,42,45588.25,5967.46,17765742.2,85375604.7,433522808
6344.6,S,42,45589.23,5967.48,17765742.2,85375604.9,433522811
6345.6,S,42,45590.16,5967.50,17765742.2,85375669.8,433522869
6346.6,S,42,45591.15,5967.52,17765742.2,85375670.0,433522873
6347.6,S,42,45592.07,5967.58,17765742.2,85375695.1,433522897
6348.6,S,42,45593.05,5967.59,17765742.2,85375695.3,433522897
6349.6,S,42,45594.04,5967.61,17765742.2,85375695.6,433522898
6350.6,S,42,45594.96,5967.64,17765742.2,85375760.2,433522957
6351.6,S,42,45595.94,5967.66,17765742.2,85375760.5,433522959
6352.7,S,42,45596.93,5967.67,17765742.2,85375760.6,433522963
6353.7,S,42,45597.92,5967.69,17765742.2,85375760.7,433522965
6354.7,S,42,45598.84,5967.71,17765742.2,85375825.3,433523023
6355.7,S,42,45599.83,5967.73,17765742.2,85375825.5,433523023
6356.7,S,42,45600.81,5967.75,17765742.2,85375825.7,433523026
6357.7,S,42,45601.78,5967.77,17765742.2,85375842.8,433523043
6358.7,S,42,45602.72,5967.79,17765742.2,85375890.6,433523088
6359.7,S,42,45603.63,5967.86,17765742.2,85375917.0,433523114
6360.7,S,42,45604.62,5967.87,17765742.2,85375917.2,433523118
6361.7,S,42,45605.60,5967.89,17765742.2,85375917.5,433523120
6362.7,S,42,45606.59,5967.90,17765742.2,85375917.9,433523121
6363.7,S,42,45607.51,5967.93,17765742.2,85375982.5,433523189
6364.7,S,42,45608.49,5967.94,17765742.2,85375982.6,433523193
6365.7,S,42,45609.48,5967.96,17765742.2,85375982.8,433523198
6366.7,S,42,45610.41,5967.99,17765742.2,85376047.6,433523255
6367.7,S,42,45611.39,5968.01,17765742.2,85376048.1,433523257
6368.7,S,42,45612.38,5968.01,17765742.2,85376048.2,433523257
6369.7,S,42,45613.36,5968.03,17765742.2,85376048.3,433523258
6370.7,S,42,45614.29,5968.06,17765742.2,85376112.9,433523319
6371.7,S,42,45615.27,5968.08,17765742.2,85376112.9,433523321
6372.7,S,42,45616.26,5968.09,17765742.2,85376113.1,433523325
6373.7,S,42,45617.15,5968.16,17765742.2,85376160.9,433523368
6374.7,S,42,45618.14,5968.18,17765742.2,85376161.1,433523369
6375.7,S,42,45619.12,5968.19,17765742.2,85376161.3,433523371
6376.7,S,42,45620.05,5968.22,17765742.2,85376225.8,433523432
6377.7,S,42,45621.04,5968.23,17765742.2,85376226.0,433523434
6378.7,S,42,45622.02,5968.25,17765742.2,85376226.4,433523435
6379.7,S,42,45623.00,5968.27,17765742.2,85376226.9,433523437
6380.7,S,42,45623.93,5968.29,17765742.2,85376291.4,433523496
6381.7,S,42,45624.92,5968.31,17765742.2,85376291.5,433523498
6382.7,S,42,45625.90,5968.33,17765742.2,85376291.7,433523502
6383.7,S,42,45626.88,5968.34,17765742.2,85376291.8,433523502
6384.7,S,42,45627.81,5968.37,17765742.2,85376357.0,433523561
6385.7,S,42,45628.79,5968.39,17765742.2,85376357.3,433523565
6386.7,S,42,45629.77,5968.41,17765742.2,85376357.5,433523569
6387.7,S,42,45630.67,5968.48,17765742.2,85376408.1,433523615
6388.7,S,42,45631.66,5968.49,17765742.2,85376408.4,433523618
6389.7,S,42,45632.64,5968.51,17765742.2,85376409.0,433523618
6390.7,S,42,45633.60,5968.53,17765742.2,85376447.2,433523651
6391.7,S,42,45634.55,5968.55,17765742.2,85376473.6,433523675
6392.7,S,42,45635.54,5968.57,17765742.2,85376473.8,433523679
6393.7,S,42,45636.52,5968.58,17765742.2,85376473.9,433523681
6394.7,S,42,45637.46,5968.60,17765742.2,85376538.5,433523738
6395.7,S,42,45638.44,5968.62,17765742.2,85376539.2,433523739
6396.7,S,42,45639.42,5968.64,17765742.2,85376539.4,433523742
6397.7,S,42,45640.41,5968.65,17765742.2,85376539.5,433523744
6398.7,S,42,45641.23,5968.68,17765742.2,85376604.0,433523912
6399.7,S,42,45642.22,5968.68,17765742.2,85376604.2,433523913
6400.7,S,42,45643.12,5968.75,17765742.2,85376647.4,433523957
6401.7,S,42,45644.12,5968.75,17765742.2,85376648.0,433523959
6402.7,S,57,45659.22,5969.00,17765742.2,85376648.8,433523962
6403.7,S,57,45675.01,5969.21,17765742.2,85376648.9,433523964
6404.7,S,57,45690.79,5969.44,17765742.2,85376649.1,433523968
6405.7,S,57,45706.32,5969.71,17765742.2,85376755.0,433524057
6406.7,S,57,45714.12,5970.00,17765742.2,85377403.1,433525006
6407.7,S,57,45728.21,5970.30,17765742.2,85377664.5,433525285
6408.7,S,57,45743.98,5970.54,17765742.2,85377664.8,433525288
6409.7,S,57,45759.76,5970.78,17765742.2,85377664.9,433525290
6410.7,S,57,45775.04,5971.07,17765742.2,85377935.5,433525733
6411.7,S,57,45789.43,5971.38,17765742.2,85378466.9,433526311
6412.7,S,57,45804.96,5971.67,17765742.2,85378622.3,433526513
6413.7,S,57,45820.68,5971.90,17765742.2,85378718.3,433526594
6414.7,S,57,45836.27,5972.15,17765742.2,85378891.9,433526741
6415.7,S,57,45850.95,5972.45,17765742.2,85379336.5,433527299
6416.7,S,57,45866.15,5972.74,17765742.2,85379582.9,433527586
6417.7,S,57,45881.78,5973.00,17765742.2,85379712.3,433527717
6418.7,S,57,45897.37,5973.27,17765742.2,85379822.0,433527901
6419.7,S,57,45910.78,5973.53,17765742.2,85380085.3,433528291
6420.7,S,57,45926.08,5973.80,17765742.2,85380402.9,433528694
6421.7,S,57,45941.64,5974.08,17765742.2,85380609.0,433528895
6422.7,S,57,45957.18,5974.33,17765742.2,85380727.9,433529127
6423.7,S,57,45972.50,5974.60,17765742.2,85381016.3,433529458
6424.7,S,57,45987.65,5974.92,17765742.2,85381332.5,433529750
6425.7,S,57,46002.63,5975.21,17765742.2,85381608.4,433530294
6426.7,S,56,46017.18,5975.51,17765742.2,85381771.0,433530434
6427.7,S,56,46031.65,5975.77,17765742.2,85382026.4,433530662
6428.7,S,55,46045.76,5976.04,17765742.2,85382288.3,433531003
6429.7,S,42,46049.48,5976.20,17765742.2,85382777.9,433531516
6430.7,S,42,46050.95,5977.23,17765742.2,85382779.4,433531521
6431.7,S,42,46059.82,5978.73,17765742.2,85382780.3,433531525
6432.7,S,42,46068.45,5980.19,17765742.2,85382780.5,433531525
6433.7,S,42,46077.11,5981.67,17765742.2,85382780.7,433531529
6434.7,S,42,46085.90,5983.16,17765742.2,85382782.8,433531535
6435.7,S,42,46094.61,5984.63,17765742.2,85382847.5,433531592
6436.7,S,42,46103.46,5985.84,17765742.2,85382847.6,433531594
6437.7,S,46,46115.31,5987.35,17765742.2,85382872.1,433531631
6438.7,S,42,46124.10,5988.80,17765742.2,85382967.7,433531716
6439.7,S,42,46132.64,5990.11,17765742.2,85383032.6,433531777
6440.7,S,42,46141.38,5991.48,17765742.2,85383033.1,433531782
6441.7,S,42,46150.10,5992.98,17765742.2,85383061.9,433531810
6442.7,S,42,46158.79,5994.31,17765742.2,85383062.2,433531812
6443.7,S,46,46167.07,5995.66,17765742.2,85383112.1,433531881
6444.7,S,46,46179.42,5997.30,17765742.2,85383151.4,433531920
6445.7,S,42,46188.40,5998.72,17765742.2,85383215.5,433532005
6446.7,S,42,46197.14,6000.12,17765742.2,85383273.6,433532053
6447.7,S,42,46205.89,6001.54,17765742.2,85383273.8,433532055
6448.7,S,42,46214.72,6002.85,17765742.2,85383274.0,433532058
6449.7,S,42,46223.46,6004.19,17765742.2,85383274.2,433532060
6450.7,S,46,46232.93,6005.54,17765742.2,85383414.5,433532189
6451.7,S,42,46243.81,6006.99,17765742.2,85383510.7,433532275
6452.7,S,42,46252.78,6008.32,17765742.2,85383511.0,433532278
6453.7,S,42,46261.53,6009.75,17765742.2,85383511.1,433532278
6454.7,S,42,46270.27,6011.11,17765742.2,85383575.8,433532360
6455.7,S,42,46278.96,6012.55,17765742.2,85383576.4,433532363
6456.7,S,42,46287.67,6014.00,17765742.2,85383576.8,433532366
6457.7,S,46,46297.37,6015.41,17765742.2,85383708.3,433532495
6458.7,S,42,46308.03,6017.00,17765742.2,85383804.4,433532581
6459.7,S,42,46316.84,6018.36,17765742.2,85383804.5,433532581
6460.7,S,42,46325.50,6019.74,17765742.2,85383804.9,433532584
6461.7,S,42,46333.87,6021.15,17765742.2,85383869.5,433532643
6462.7,S,42,46342.53,6022.48,17765742.2,85383870.1,433532648
6463.7,S,42,46351.28,6023.92,17765742.2,85383870.3,433532650
6464.7,S,46,46360.64,6025.41,17765742.2,85383973.3,433532755
6465.7,S,42,46371.02,6027.00,17765742.2,85384069.4,433532844
6466.7,S,42,46379.73,6028.50,17765742.2,85384134.4,433532901
6467.7,S,42,46388.42,6029.79,17765742.2,85384162.4,433532934
6468.7,S,42,46396.96,6031.27,17765742.2,85384187.9,433532963
6469.7,S,42,46405.60,6032.78,17765742.2,85384188.3,433532964
6470.7,S,42,46414.34,6034.10,17765742.2,85384188.5,433532966
6471.7,S,46,46423.72,6035.47,17765742.2,85384291.6,433533067
6472.8,S,44,46434.46,6037.09,17765742.2,85384451.8,433533571
6473.8,S,42,46443.37,6038.34,17765742.2,85384452.0,433533575
6474.8,S,42,46452.37,6039.72,17765742.2,85384452.6,433533578
6475.8,S,42,46461.17,6041.16,17765742.2,85384452.8,433533580
6476.8,S,42,46469.90,6042.53,17765742.2,85384517.4,433533636
6477.8,S,42,46478.64,6043.78,17765742.2,85384517.8,433533636
6478.8,S,46,46488.69,6045.29,17765742.2,85384645.7,433533750
6479.8,S,42,46498.50,6046.97,17765742.2,85384741.6,433533835
6480.8,S,42,46506.93,6048.52,17765742.2,85384742.3,433533838
6481.8,S,42,46515.70,6049.91,17765742.2,85384742.4,433533840
6482.8,S,42,46524.46,6051.37,17765742.2,85384742.6,433533842
6483.8,S,42,46533.17,6052.78,17765742.2,85384807.4,433533919
6484.8,S,42,46541.85,6054.09,17765742.2,85384807.7,433533923
6485.8,S,46,46552.29,6055.54,17765742.2,85384910.3,433534023
6486.8,S,42,46562.12,6056.96,17765742.2,85385006.3,433534109
6487.8,S,42,46571.01,6058.45,17765742.2,85385070.8,433534166
6488.8,S,42,46579.72,6059.88,17765742.2,85385071.5,433534170
6489.8,S,42,46588.41,6061.34,17765742.2,85385096.5,433534195
6490.8,S,42,46597.22,6062.72,17765742.2,85385097.0,433534199
6491.8,S,42,46605.92,6064.14,17765742.2,85385097.6,433534202
6492.8,S,46,46616.89,6065.64,17765742.2,85385200.5,433534302
6493.8,S,42,46626.13,6067.24,17765742.2,85385361.2,433534442
6494.8,S,42,46634.99,6068.72,17765742.2,85385361.5,433534446
6495.8,S,42,46643.74,6070.11,17765742.2,85385361.6,433534448
6496.8,S,42,46652.49,6071.44,17765742.2,85385361.8,433534451
6497.8,S,42,46661.06,6072.93,17765742.2,85385426.6,433534507
6498.8,S,46,46669.11,6074.26,17765742.2,85385529.6,433534615
6499.8,S,45,46681.45,6075.98,17765742.2,85385578.0,433534660
6500.8,S,42,46690.19,6077.36,17765742.2,85385626.1,433534707
6501.8,S,42,46698.82,6078.91,17765742.2,85385634.8,433534719
6502.8,S,42,46706.62,6080.47,17765742.2,85385689.6,433535544
6503.8,S,42,46715.31,6082.05,17765742.2,85385690.4,433535549
6504.8,S,42,46724.04,6083.49,17765742.2,85385690.4,433535549
6505.8,S,42,46729.25,6084.35,17765742.2,85385742.5,433535972
6506.8,S,46,46735.59,6085.13,17765742.2,85385845.5,433536569
6507.8,S,42,46746.24,6086.63,17765742.2,85385954.7,433536673
6508.8,S,42,46754.96,6087.97,17765742.2,85385955.0,433536677
6509.8,S,42,46763.75,6089.25,17765742.2,85385955.5,433536679
6510.8,S,42,46772.57,6090.64,17765742.2,85385956.0,433536681
6511.8,S,42,46781.20,6092.02,17765742.2,85386020.6,433536737
6512.8,S,42,46790.06,6093.40,17765742.2,85386020.8,433536741
6513.8,S,46,46800.41,6094.86,17765742.2,85386123.5,433536839
6514.8,S,42,46810.19,6096.35,17765742.2,85386219.7,433536923
6515.8,S,42,46818.95,6097.90,17765742.2,85386284.9,433536993
6516.8,S,42,46827.73,6099.25,17765742.2,85386285.2,433536997
6517.8,S,42,46836.44,6100.69,17765742.2,85386316.7,433537029
6518.8,S,42,46845.05,6102.16,17765742.2,85386317.2,433537033
6519.8,S,42,46852.93,6103.40,17765742.2,85386380.4,433537148
6520.8,S,46,46864.59,6104.84,17765742.2,85386420.9,433537209
6521.8,S,42,46873.58,6106.29,17765742.2,85386516.9,433537302
6522.8,S,42,46882.17,6107.83,17765742.2,85386581.6,433537362
6523.8,S,42,46891.03,6109.25,17765742.2,85386581.7,433537363
6524.8,S,42,46899.76,6110.67,17765742.2,85386582.0,433537365
6525.8,S,42,46908.66,6112.12,17765742.2,85386582.2,433537367
6526.8,S,42,46915.69,6113.23,17765742.2,85386668.4,433537581
6527.8,S,46,46926.87,6114.84,17765742.2,85386750.2,433537669
6528.8,S,42,46936.06,6116.33,17765742.2,85386846.3,433537756
6529.8,S,42,46944.79,6117.75,17765742.2,85386846.4,433537757
6530.8,S,42,46953.30,6119.21,17765742.2,85386846.7,433537758
6531.8,S,42,46961.83,6120.73,17765742.2,85386911.7,433537823
6532.8,S,42,46970.48,6122.13,17765742.2,85386911.9,433537826
6533.8,S,42,46978.24,6123.40,17765742.2,85387041.7,433537937
6534.8,S,46,46990.31,6125.02,17765742.2,85387100.2,433537994
6535.8,S,42,46998.86,6126.46,17765742.2,85387150.4,433538043
6536.8,S,42,47007.72,6127.88,17765742.2,85387150.9,433538047
6537.8,S,42,47016.42,6129.33,17765742.2,85387151.4,433538049
6538.8,S,42,47025.06,6130.68,17765742.2,85387216.1,433538105
6539.8,S,42,47033.74,6131.92,17765742.2,85387216.3,433538105
6540.8,S,46,47042.34,6133.10,17765742.2,85387319.1,433538199
6541.8,S,44,47054.07,6134.87,17765742.2,85387412.5,433538278
6542.8,S,42,47058.98,6135.66,17765742.2,85387479.9,433538344
6543.8,S,42,47063.96,6136.53,17765742.2,85387480.3,433538346
6544.8,S,42,47068.72,6137.24,17765742.2,85387480.4,433538348
6545.8,S,42,47073.40,6138.03,17765742.2,85387480.7,433538353
6546.8,S,42,47078.34,6138.91,17765742.2,85387530.1,433538408
6547.8,S,42,47083.76,6139.69,17765742.2,85387530.7,433538410
6548.8,S,42,47089.25,6140.43,17765742.2,85387530.9,433538411
6549.8,S,42,47094.75,6141.16,17765742.2,85387531.0,433538413
6550.8,S,42,47100.24,6142.00,17765742.2,85387595.8,433538479
6551.8,S,42,47105.70,6142.83,17765742.2,85387596.0,433538481
6552.8,S,42,47111.32,6143.62,17765742.2,85387596.5,433538483
6553.8,S,42,47116.80,6144.41,17765742.2,85387596.7,433538484
6554.8,S,42,47122.24,6145.18,17765742.2,85387697.1,433538572
6555.8,S,46,47129.03,6146.14,17765742.2,85387764.2,433538632
6556.8,S,42,47136.21,6146.99,17765742.2,85387860.1,433538790
6557.8,S,42,47140.45,6147.63,17765742.2,85387860.6,433538792
6558.8,S,42,47144.64,6148.26,17765742.2,85387860.8,433538796
6559.8,S,42,47148.71,6148.95,17765742.2,85387942.1,433538865
6560.8,S,42,47152.77,6149.64,17765742.2,85388006.7,433538924
6561.8,S,42,47156.89,6150.25,17765742.2,85388007.0,433538926
6562.8,S,42,47160.96,6150.94,17765742.2,85388007.6,433538930
6563.8,S,42,47165.12,6151.77,17765742.2,85388058.6,433538976
6564.8,S,42,47169.77,6152.53,17765742.2,85388120.3,433539031
6565.8,S,42,47174.48,6153.26,17765742.2,85388120.6,433539039
6566.8,S,42,47179.07,6154.08,17765742.2,85388121.0,433539044
6567.8,S,42,47183.69,6154.86,17765742.2,85388121.0,433539044
6568.8,S,42,47188.36,6155.64,17765742.2,85388186.1,433539104
6569.8,S,42,47193.12,6156.35,17765742.2,85388186.4,433539107
6570.8,S,42,47198.13,6157.11,17765742.2,85388186.7,433539110
6571.8,S,42,47202.96,6157.87,17765742.2,85388187.3,433539115
6572.8,S,42,47207.68,6158.61,17765742.2,85388251.8,433539173
6573.8,S,42,47212.45,6159.33,17765742.2,85388252.5,433539176
6574.8,S,42,47217.21,6160.08,17765742.2,85388302.3,433539219
6575.8,S,42,47222.00,6160.80,17765742.2,85388302.5,433539221
6576.8,S,46,47229.59,6161.50,17765742.2,85388324.4,433539256
6577.8,S,42,47232.09,6161.81,17765742.2,85388492.2,433539437
6578.8,S,42,47233.08,6161.82,17765742.2,85388492.8,433539438
6579.8,S,42,47234.06,6161.84,17765742.2,85388493.3,433539440
6580.8,S,42,47235.05,6161.85,17765742.2,85388493.4,433539442
6581.8,S,42,47235.95,6161.88,17765742.2,85388557.9,433539531
6582.8,S,42,47236.93,6161.90,17765742.2,85388558.1,433539551
6583.8,S,42,47237.92,6161.91,17765742.2,85388558.3,433539555
6584.8,S,42,47238.90,6161.93,17765742.2,85388558.5,433539557
6585.8,S,42,47239.83,6161.95,17765742.2,85388623.4,433539617
6586.8,S,42,47240.81,6161.97,17765742.2,85388623.6,433539617
6587.8,S,42,47241.80,6161.99,17765742.2,85388623.7,433539620
6588.8,S,42,47242.76,6162.01,17765742.2,85388652.6,433539647
6589.8,S,42,47243.69,6162.02,17765742.2,85388688.4,433539717
6590.8,S,42,47244.68,6162.03,17765742.2,85388715.8,433539740
6591.8,S,42,47245.66,6162.05,17765742.2,85388715.9,433539742
6592.8,S,42,47246.55,6162.11,17765742.2,85388770.7,433539800
6593.8,S,42,47247.53,6162.13,17765742.2,85388799.0,433539835
6594.8,S,42,47248.52,6162.15,17765742.2,85388799.3,433539838
6595.8,S,42,47249.50,6162.16,17765742.2,85388816.1,433539852
6596.9,S,42,47250.42,6162.20,17765742.2,85388881.3,433539907
6597.9,S,42,47251.41,6162.22,17765742.2,85388881.4,433539910
6598.9,S,42,47252.39,6162.23,17765742.2,85388881.6,433539912
6599.9,S,42,47253.33,6162.25,17765742.2,85388946.2,433539969
6600.9,S,42,47254.31,6162.27,17765742.2,85388946.3,433539969
6601.9,S,42,47255.30,6162.28,17765742.2,85388946.7,433539973
6602.9,S,42,47256.28,6162.30,17765742.2,85388946.9,433539975
6603.9,S,42,47257.21,6162.33,17765742.2,85389011.5,433540032
6604.9,S,42,47258.23,6162.34,17765742.2,85389011.6,433540032
6605.9,S,42,47259.13,6162.42,17765742.2,85389047.1,433540066
6606.9,S,42,47260.12,6162.43,17765742.2,85389047.8,433540073
6607.9,S,42,47261.11,6162.45,17765742.2,85389048.0,433540077
6608.9,S,42,47261.97,6162.47,17765742.2,85389112.8,433540201
6609.9,S,42,47262.96,6162.48,17765742.2,85389113.0,433540202
6610.9,S,42,47263.95,6162.49,17765742.2,85389114.5,433540205
6611.9,S,42,47264.93,6162.52,17765742.2,85389114.6,433540208
6612.9,S,42,47265.86,6162.54,17765742.2,85389179.5,433540264
6613.9,S,42,47266.83,6162.56,17765742.2,85389179.7,433540268
6614.9,S,42,47267.82,6162.58,17765742.2,85389180.0,433540270
6615.9,S,42,47268.80,6162.60,17765742.2,85389180.2,433540273
6616.9,S,42,47269.69,6162.66,17765742.2,85389251.2,433540337
6617.9,S,42,47270.68,6162.67,17765742.2,85389251.4,433540339
6618.9,S,42,47271.66,6162.69,17765742.2,85389251.9,433540341
6619.9,S,42,47272.64,6162.70,17765742.2,85389252.3,433540344
6620.9,S,42,47273.56,6162.74,17765742.2,85389316.7,433540405
6621.9,S,42,47274.54,6162.76,17765742.2,85389316.9,433540407
6622.9,S,42,47275.52,6162.78,17765742.2,85389317.0,433540409
6623.9,S,42,47276.46,6162.81,17765742.2,85389375.2,433540464
6624.9,S,42,47277.27,6162.82,17765742.2,85389382.1,433540632
6625.9,S,42,47278.26,6162.84,17765742.2,85389382.5,433540633
6626.9,S,42,47279.24,6162.86,17765742.2,85389382.8,433540637
6627.9,S,42,47280.17,6162.89,17765742.2,85389447.4,433540695
6628.9,S,42,47281.15,6162.90,17765742.2,85389447.6,433540697
6629.9,S,42,47282.14,6162.92,17765742.2,85389448.0,433540699
6630.9,S,42,47283.12,6162.94,17765742.2,85389448.1,433540701
6631.9,S,42,47284.05,6162.96,17765742.2,85389512.8,433540755
6632.9,S,42,47284.95,6163.05,17765742.2,85389525.0,433540773
6633.9,S,42,47285.93,6163.07,17765742.2,85389525.2,433540775
6634.9,S,42,47286.92,6163.08,17765742.2,85389525.4,433540776
6635.9,S,42,47287.90,6163.10,17765742.2,85389525.9,433540779
6636.9,S,42,47288.83,6163.13,17765742.2,85389590.5,433540838
6637.9,S,42,47289.81,6163.15,17765742.2,85389590.9,433540839
6638.9,S,42,47290.79,6163.17,17765742.2,85389591.1,433540843
6639.9,S,42,47291.71,6163.20,17765742.2,85389655.6,433540902
6640.9,S,42,47292.70,6163.21,17765742.2,85389656.0,433540905
6641.9,S,42,47293.68,6163.23,17765742.2,85389656.2,433540909
6642.9,S,42,47294.67,6163.24,17765742.2,85389656.5,433540911
6643.9,S,42,47295.60,6163.27,17765742.2,85389721.1,433540967
6644.9,S,42,47296.59,6163.28,17765742.2,85389721.2,433540968
6645.9,S,42,47297.57,6163.30,17765742.2,85389721.3,433540972
6646.9,S,42,47298.47,6163.36,17765742.2,85389770.6,433541019
6647.9,S,42,47299.46,6163.37,17765742.2,85389770.8,433541022
6648.9,S,42,47300.44,6163.39,17765742.2,85389771.2,433541022
6649.9,S,42,47301.37,6163.42,17765742.2,85389835.7,433541081
6650.9,S,42,47302.34,6163.44,17765742.2,85389836.0,433541087
6651.9,S,42,47303.33,6163.45,17765742.2,85389836.4,433541090
6652.9,S,42,47304.32,6163.47,17765742.2,85389836.4,433541092
6653.9,S,42,47305.20,6163.51,17765742.2,85389901.0,433541200
6654.9,S,42,47306.18,6163.52,17765742.2,85389901.3,433541201
6655.9,S,42,47307.16,6163.54,17765742.2,85389901.5,433541201
6656.9,S,42,47308.15,6163.56,17765742.2,85389901.5,433541201
6657.9,S,42,47309.05,6163.58,17765742.2,85389966.3,433541282
6658.9,S,42,47310.03,6163.60,17765742.2,85389966.4,433541284
6659.9,S,42,47311.02,6163.62,17765742.2,85389966.6,433541288
6660.9,S,42,47311.91,6163.68,17765742.2,85390019.0,433541335
6661.9,S,42,47312.90,6163.70,17765742.2,85390019.5,433541336
6662.9,S,42,47313.88,6163.72,17765742.2,85390019.5,433541338
6663.9,S,42,47314.81,6163.75,17765742.2,85390075.8,433541390
6664.9,S,42,47315.78,6163.77,17765742.2,85390084.5,433541402
6665.9,S,42,47316.76,6163.79,17765742.2,85390084.7,433541403
6666.9,S,42,47317.75,6163.81,17765742.2,85390085.0,433541404
6667.9,S,42,47318.68,6163.83,17765742.2,85390149.6,433541464
6668.9,S,42,47319.66,6163.85,17765742.2,85390150.0,433541467
6669.9,S,42,47320.64,6163.87,17765742.2,85390150.2,433541471
6670.9,S,42,47321.63,6163.88,17765742.2,85390150.3,433541473
6671.9,S,42,47322.56,6163.90,17765742.2,85390214.9,433541531
6672.9,S,42,47323.54,6163.92,17765742.2,85390215.2,433541531
6673.9,S,42,47324.52,6163.94,17765742.2,85390215.4,433541535
6674.9,S,42,47325.45,6163.97,17765742.2,85390280.1,433541593
6675.9,S,42,47326.44,6163.98,17765742.2,85390280.3,433541594
6676.9,S,42,47327.42,6164.00,17765742.2,85390280.4,433541594
6677.9,S,42,47328.41,6164.01,17765742.2,85390280.6,433541598
6678.9,S,42,47329.34,6164.04,17765742.2,85390345.1,433541654
6679.9,S,42,47330.31,6164.06,17765742.2,85390345.7,433541658
6680.9,S,42,47331.30,6164.08,17765742.2,85390345.9,433541662
6681.9,S,42,47332.13,6164.16,17765742.2,85390391.0,433541751
6682.9,S,42,47333.12,6164.18,17765742.2,85390391.2,433541755
6683.9,S,42,47334.10,6164.20,17765742.2,85390391.3,433541759
6684.9,S,42,47335.09,6164.22,17765742.2,85390391.4,433541761
6685.9,S,42,47336.01,6164.24,17765742.2,85390456.7,433541820
6686.9,S,42,47337.00,6164.26,17765742.2,85390457.0,433541824
6687.9,S,42,47337.98,6164.28,17765742.2,85390457.3,433541831
6688.9,S,42,47338.91,6164.30,17765742.2,85390521.9,433541888
6689.9,S,42,47339.90,6164.32,17765742.2,85390521.9,433541889
6690.9,S,42,47340.88,6164.33,17765742.3,85390522.6,433541891
6691.9,S,42,47341.86,6164.35,17765742.3,85390522.7,433541891
6692.9,S,42,47342.70,6164.37,17765742.3,85390587.3,433542042
6693.9,S,42,47343.69,6164.39,17765742.3,85390587.4,433542047
6694.9,S,42,47344.60,6164.45,17765742.3,85390614.3,433542076
6695.9,S,42,47345.59,6164.47,17765742.3,85390642.9,433542106
6696.9,S,42,47346.57,6164.48,17765742.3,85390643.1,433542112
6697.9,S,42,47347.49,6164.51,17765742.3,85390707.6,433542182
6698.9,S,42,47348.48,6164.52,17765742.3,85390707.8,433542186
6699.9,S,42,47349.46,6164.54,17765742.3,85390707.9,433542188
6700.9,S,42,47350.44,6164.56,17765742.3,85390708.0,433542192
6701.9,S,42,47351.36,6164.59,17765742.3,85390773.1,433542247
6702.9,S,42,47352.35,6164.61,17765742.3,85390773.3,433542249
6703.9,S,42,47353.34,6164.62,17765742.3,85390773.4,433542251
6704.9,S,42,47354.26,6164.64,17765742.3,85390815.4,433542322
6705.9,S,42,47355.20,6164.66,17765742.3,85390838.1,433542368
6706.9,S,42,47356.18,6164.67,17765742.3,85390838.8,433542371
6707.9,S,42,47357.09,6164.74,17765742.3,85390881.9,433542414
6708.9,S,42,47358.06,6164.76,17765742.3,85390882.1,433542417
6709.9,S,42,47359.05,6164.78,17765742.3,85390882.2,433542417
6710.9,S,42,47360.04,6164.78,17765742.3,85390882.3,433542420
6711.9,S,42,47360.97,6164.81,17765742.3,85390946.8,433542479
6712.9,S,42,47361.96,6164.82,17765742.3,85390947.6,433542482
6713.9,S,42,47362.94,6164.84,17765742.3,85390947.7,433542484
6714.9,S,42,47363.87,6164.86,17765742.3,85391012.2,433542539
6715.9,S,42,47364.86,6164.88,17765742.3,85391012.3,433542540
6716.9,S,42,47365.84,6164.89,17765742.3,85391012.5,433542544
6718.0,S,42,47366.83,6164.91,17765742.3,85391012.6,433542546
6719.0,S,42,47367.76,6164.94,17765742.3,85391077.5,433542602
6720.0,S,42,47368.74,6164.96,17765742.3,85391077.5,433542602
6721.0,S,42,47369.72,6164.97,17765742.3,85391077.7,433542603
6722.0,S,42,47370.70,6164.99,17765742.3,85391077.7,433542605
6723.0,S,42,47371.62,6165.02,17765742.3,85391142.3,433542670
6724.0,S,42,47372.61,6165.03,17765742.3,85391142.4,433542671
6725.0,S,42,47373.50,6165.11,17765742.3,85391187.7,433542717
6726.0,S,42,47374.49,6165.12,17765742.3,85391187.9,433542721
6727.0,S,42,47375.47,6165.15,17765742.3,85391188.0,433542724
6728.0,S,42,47376.45,6165.16,17765742.3,85391188.1,433542724
6729.0,S,42,47377.29,6165.19,17765742.3,85391252.7,433542870
6730.0,S,42,47378.28,6165.21,17765742.3,85391252.8,433542875
6731.0,S,42,47379.26,6165.22,17765742.3,85391253.6,433542879
6732.0,S,42,47380.25,6165.23,17765742.3,85391253.6,433542883
6733.0,S,42,47381.17,6165.26,17765742.3,85391318.2,433542942
6734.0,S,42,47382.16,6165.28,17765742.3,85391318.3,433542944
6735.0,S,42,47383.15,6165.29,17765742.3,85391318.5,433542948
6736.0,S,42,47384.08,6165.31,17765742.3,85391383.0,433543001
6737.0,S,42,47385.06,6165.33,17765742.3,85391383.7,433543004
6738.0,S,42,47386.05,6165.35,17765742.3,85391383.8,433543006
6739.0,S,42,47386.93,6165.42,17765742.3,85391431.6,433543055
6740.0,S,42,47387.92,6165.43,17765742.3,85391431.7,433543056
6741.0,S,42,47388.90,6165.46,17765742.3,85391431.9,433543060
6742.0,S,42,47389.88,6165.48,17765742.3,85391431.9,433543062
6743.0,S,42,47390.81,6165.51,17765742.3,85391497.0,433543116
6744.0,S,42,47391.80,6165.52,17765742.3,85391497.1,433543117
6745.0,S,42,47392.78,6165.53,17765742.3,85391497.2,433543121
6746.0,S,42,47393.71,6165.56,17765742.3,85391561.7,433543181
6747.0,S,42,47394.69,6165.58,17765742.3,85391561.9,433543183
6748.0,S,42,47395.68,6165.59,17765742.3,85391562.0,433543188
6749.0,S,42,47396.66,6165.61,17765742.3,85391562.8,433543191
6750.0,S,42,47397.59,6165.64,17765742.3,85391627.4,433543246
6751.0,S,42,47398.57,6165.65,17765742.3,85391627.5,433543248
6752.0,S,42,47399.55,6165.67,17765742.3,85391627.6,433543252
6753.0,S,42,47400.54,6165.69,17765742.3,85391627.7,433543254
6754.0,S,42,47401.42,6165.76,17765742.3,85391694.2,433543319
6755.0,S,42,47402.40,6165.78,17765742.3,85391694.7,433543321
6756.0,S,42,47403.39,6165.79,17765742.3,85391694.9,433543322
6757.0,S,42,47404.32,6165.81,17765742.3,85391759.5,433543381
6758.0,S,42,47405.30,6165.83,17765742.3,85391759.6,433543385
6759.0,S,42,47406.29,6165.84,17765742.3,85391760.1,433543388
6760.0,S,42,47407.27,6165.86,17765742.3,85391760.3,433543391
6761.0,S,42,47408.11,6165.89,17765742.3,85391824.9,433543537
6762.0,S,42,47409.10,6165.90,17765742.3,85391825.1,433543541
6763.0,S,42,47410.08,6165.92,17765742.3,85391825.2,433543542
6764.0,S,42,47411.06,6165.94,17765742.3,85391825.6,433543546
6765.0,S,42,47411.98,6165.97,17765742.3,85391890.0,433543603
6766.0,S,42,47412.96,6166.00,17765742.3,85391890.4,433543607
6767.0,S,42,47413.95,6166.01,17765742.3,85391890.5,433543607
6768.0,S,42,47414.85,6166.07,17765742.3,85391946.1,433543657
6769.0,S,57,47422.41,6166.19,17765742.3,85391946.3,433543659
6770.0,S,57,47438.19,6166.42,17765742.3,85391947.7,433543664
6771.0,S,57,47453.96,6166.66,17765742.3,85391947.8,433543666
6772.0,S,57,47469.69,6166.91,17765742.3,85391994.5,433543711
6773.0,S,57,47482.22,6167.26,17765742.3,85392458.3,433544407
6774.0,S,57,47492.40,6167.55,17765742.3,85392944.5,433545150
6775.0,S,57,47508.16,6167.79,17765742.3,85392945.2,433545153
6776.0,S,57,47523.90,6168.01,17765742.3,85393003.5,433545211
6777.0,S,57,47539.58,6168.24,17765742.3,85393078.9,433545280
6778.0,S,57,47551.96,6168.55,17765742.3,85393459.6,433545834
6779.0,S,57,47564.79,6168.83,17765742.3,85393960.3,433546368
6780.0,S,57,47580.52,6169.07,17765742.3,85394022.2,433546423
6781.0,S,57,47596.28,6169.32,17765742.3,85394022.8,433546426
6782.0,S,57,47611.63,6169.61,17765742.3,85394339.8,433546729
6783.0,S,57,47626.80,6169.89,17765742.3,85394679.2,433547089
6784.0,S,57,47642.09,6170.18,17765742.3,85394979.0,433547357
6785.0,S,57,47657.57,6170.46,17765742.3,85395104.8,433547467
6786.0,S,57,47673.09,6170.73,17765742.3,85395284.5,433547629
6787.0,S,57,47688.35,6171.01,17765742.3,85395429.8,433548041
6788.0,S,57,47702.89,6171.26,17765742.3,85395740.6,433548425
6789.0,S,57,47717.82,6171.53,17765742.3,85395957.8,433548720
6790.0,S,57,47733.12,6171.82,17765742.3,85396298.4,433549012
6791.0,S,57,47748.75,6172.08,17765742.3,85396476.8,433549173
6792.0,S,57,47764.03,6172.36,17765742.3,85396731.3,433549443
6793.0,S,56,47778.59,6172.65,17765742.3,85397033.4,433549789
6794.0,S,56,47792.96,6172.95,17765742.3,85397255.3,433549991
6795.0,S,56,47807.51,6173.22,17765742.3,85397379.3,433550125
6796.0,S,49,47817.73,6173.42,17765742.3,85397651.4,433550553
6797.0,S,42,47819.52,6173.84,17765742.3,85398075.1,433550951
6798.0,S,42,47823.27,6175.03,17765742.3,85398077.2,433550956
6799.0,S,42,47831.98,6176.40,17765742.3,85398077.4,433550959
6800.0,S,42,47840.61,6177.81,17765742.3,85398077.6,433550960
6801.0,S,42,47849.17,6179.23,17765742.3,85398077.8,433550963
6802.0,S,42,47857.82,6180.77,17765742.3,85398078.2,433550965
6803.0,S,42,47866.61,6182.21,17765742.3,85398144.4,433551026
6804.0,S,42,47875.04,6183.50,17765742.3,85398165.1,433551067
6805.0,S,46,47887.26,6185.17,17765742.3,85398193.3,433551114
6806.0,S,42,47896.31,6186.63,17765742.3,85398265.3,433551188
6807.0,S,42,47904.98,6187.98,17765742.3,85398330.3,433551247
6808.0,S,42,47913.60,6189.40,17765742.3,85398330.6,433551249
6809.0,S,42,47922.21,6190.88,17765742.3,85398393.0,433551318
6810.0,S,42,47930.74,6192.39,17765742.3,85398393.4,433551322
6811.0,S,46,47940.09,6193.83,17765742.3,85398443.8,433551377
6812.0,S,42,47951.48,6195.33,17765742.3,85398539.9,433551465
6813.0,S,42,47960.24,6196.69,17765742.3,85398540.5,433551468
6814.0,S,42,47968.88,6198.15,17765742.3,85398605.7,433551531
6815.0,S,42,47977.70,6199.57,17765742.3,85398605.8,433551532
6816.0,S,42,47986.57,6200.81,17765742.3,85398606.3,433551538
6817.0,S,42,47995.46,6202.04,17765742.3,85398606.5,433551540
6818.0,S,46,48004.01,6203.43,17765742.3,85398746.2,433551838
6819.0,S,42,48014.66,6204.90,17765742.3,85398843.6,433551927
6820.0,S,42,48023.24,6206.44,17765742.3,85398869.4,433551960
6821.0,S,42,48031.87,6207.98,17765742.3,85398869.7,433551962
6822.0,S,42,48040.46,6209.35,17765742.3,85398869.9,433551965
6823.0,S,42,48049.26,6210.58,17765742.3,85398870.0,433551967
6824.0,S,42,48058.06,6211.80,17765742.3,85398870.8,433551971
6825.0,S,46,48064.54,6212.90,17765742.3,85399036.8,433552470
6826.0,S,42,48075.91,6214.55,17765742.3,85399132.9,433552556
6827.0,S,42,48084.58,6215.96,17765742.3,85399133.1,433552558
6828.0,S,42,48093.24,6217.37,17765742.3,85399133.3,433552560
6829.0,S,42,48101.86,6218.79,17765742.3,85399138.2,433552566
6830.0,S,42,48110.65,6220.11,17765742.3,85399198.7,433552619
6831.0,S,42,48119.60,6221.38,17765742.3,85399199.0,433552623
6832.0,S,42,48124.74,6222.20,17765742.3,85399327.0,433553093
6833.0,S,46,48137.06,6223.68,17765742.3,85399350.4,433553132
6834.0,S,42,48145.89,6225.13,17765742.3,85399428.9,433553207
6835.0,S,42,48154.49,6226.55,17765742.3,85399429.8,433553209
6836.0,S,42,48163.00,6228.10,17765742.3,85399494.3,433553282
6837.0,S,42,48171.69,6229.49,17765742.3,85399494.6,433553286
6838.1,S,42,48180.39,6231.02,17765742.3,85399494.7,433553286
6839.1,S,46,48189.30,6232.40,17765742.3,85399597.8,433553381
6840.1,S,42,48200.70,6234.06,17765742.3,85399701.9,433553474
6841.1,S,42,48209.31,6235.48,17765742.3,85399758.9,433553530
6842.1,S,42,48217.92,6237.06,17765742.3,85399781.2,433553554
6843.1,S,41,48226.33,6238.50,17765742.3,85399781.6,433553556
6844.1,S,41,48234.62,6239.85,17765742.3,85399781.7,433553556
6845.1,S,40,48242.91,6241.09,17765742.3,85399782.0,433553560
6846.1,S,43,48249.42,6242.06,17765742.3,85399949.6,433553708
6847.1,S,40,48259.55,6243.04,17765742.3,85400022.1,433553774
6848.1,S,34,48265.26,6243.86,17765742.3,85400046.1,433553798
6849.1,S,31,48269.83,6244.48,17765742.3,85400046.4,433553803
6850.1,S,27,48272.29,6244.63,17765742.3,85400079.1,433553842
