t_s,state,nthreads,utime_s,stime_s,disk_r_mb,disk_w_mb,disk_io_ms
0.0,R,1,0.00,0.00,17786503.9,88065892.9,437941962
1.0,S,42,9.39,4.37,17786503.9,88065893.9,437941979
2.0,S,42,20.27,9.35,17786503.9,88065894.1,437941980
3.0,S,42,31.26,14.17,17786503.9,88065894.6,437941981
4.0,S,42,41.88,19.36,17786503.9,88065894.8,437941984
5.0,S,42,52.72,24.34,17786503.9,88065895.3,437941992
6.0,S,42,63.24,29.52,17786503.9,88065907.7,437942003
7.0,S,42,76.08,34.17,17786503.9,88066020.5,437942106
8.0,S,46,87.23,38.92,17786503.9,88066101.4,437942182
9.0,S,44,100.14,43.37,17786503.9,88066176.7,437942366
10.0,S,43,109.96,46.89,17786503.9,88066253.8,437942674
11.0,S,47,125.44,51.53,17786503.9,88066283.2,437942768
12.0,S,43,138.23,56.51,17786503.9,88066377.1,437942860
13.0,S,47,150.64,61.05,17786503.9,88066566.8,437943025
14.0,S,49,168.15,66.03,17786503.9,88066661.9,437943109
15.0,S,45,183.36,71.04,17786503.9,88066749.3,437943188
16.0,S,45,197.97,76.24,17786503.9,88066765.4,437943270
17.0,S,48,212.40,80.10,17786503.9,88066877.6,437943507
18.0,S,44,227.16,84.92,17786503.9,88066985.4,437943655
19.0,S,48,239.90,89.60,17786503.9,88067178.0,437943919
20.0,S,52,260.65,94.23,17786503.9,88067258.7,437943989
21.0,S,48,279.56,99.34,17786503.9,88067352.6,437944074
22.0,S,47,297.09,104.44,17786503.9,88067396.1,437944112
23.0,S,50,315.49,109.09,17786503.9,88067564.8,437944258
24.0,S,44,331.17,114.04,17786503.9,88067856.0,437944508
25.0,S,51,345.66,119.08,17786503.9,88067985.6,437944617
26.0,S,55,367.85,123.58,17786503.9,88068091.3,437944716
27.0,S,51,391.19,128.45,17786503.9,88068189.8,437944864
28.0,S,51,412.65,132.89,17786503.9,88068190.0,437944890
29.0,S,54,432.02,136.64,17786503.9,88068328.7,437945225
30.0,S,48,452.35,141.33,17786503.9,88068698.9,437945819
31.0,S,42,465.66,146.37,17786503.9,88069003.7,437946129
32.0,S,55,485.03,150.92,17786503.9,88069106.6,437946243
33.0,S,55,510.01,155.89,17786503.9,88069106.9,437946259
34.0,S,50,531.27,160.82,17786503.9,88069264.7,437946414
35.0,S,50,550.99,166.04,17786503.9,88069265.5,437946419
36.0,S,53,571.86,170.54,17786503.9,88069433.6,437946582
37.0,S,43,588.99,174.95,17786503.9,88069975.8,437947051
38.0,S,51,606.14,180.40,17786503.9,88070046.2,437947126
39.0,S,55,625.14,184.26,17786503.9,88070149.2,437947344
40.0,S,54,649.46,189.25,17786503.9,88070174.5,437947407
41.0,S,50,670.65,194.27,17786503.9,88070270.4,437947523
42.0,S,50,690.61,199.24,17786503.9,88070326.0,437947582
43.0,S,47,708.09,203.77,17786503.9,88070824.7,437948005
44.0,S,46,722.92,208.97,17786503.9,88071050.5,437948210
45.0,S,46,738.39,214.42,17786503.9,88071050.7,437948230
46.0,S,49,754.90,219.24,17786503.9,88071185.0,437948356
47.0,S,45,771.99,224.37,17786503.9,88071281.8,437948456
48.0,S,45,786.89,229.31,17786503.9,88071332.0,437948507
49.0,S,47,802.02,234.04,17786503.9,88071578.4,437948717
50.0,S,49,820.31,239.33,17786503.9,88071740.2,437948949
51.0,S,49,839.35,244.21,17786503.9,88071740.7,437948960
52.0,S,52,855.81,248.34,17786503.9,88071871.6,437949198
53.0,S,51,877.55,253.40,17786503.9,88071895.8,437949253
54.0,S,47,894.61,258.26,17786503.9,88072087.6,437949658
55.0,S,43,907.14,262.76,17786503.9,88072494.5,437950114
56.0,S,56,929.50,267.62,17786503.9,88072523.9,437950143
57.0,S,52,952.05,272.57,17786503.9,88072618.9,437950234
58.0,S,51,973.52,277.60,17786503.9,88072642.5,437950268
59.0,S,55,995.13,282.07,17786503.9,88072841.1,437950458
60.0,S,51,1017.71,286.90,17786503.9,88073230.3,437950790
61.0,S,45,1033.66,292.32,17786503.9,88073323.9,437950876
62.0,S,47,1045.39,296.93,17786503.9,88073591.7,437951215
63.0,S,44,1060.78,301.73,17786503.9,88073664.0,437951351
64.0,S,43,1073.72,306.70,17786503.9,88073688.0,437951404
65.0,S,47,1084.01,310.33,17786503.9,88073790.9,437951707
66.0,S,44,1099.01,315.05,17786503.9,88073862.9,437951847
67.0,S,56,1112.62,320.10,17786503.9,88074016.1,437952074
68.0,S,60,1139.27,324.21,17786503.9,88074119.3,437952180
69.0,S,60,1169.22,329.16,17786503.9,88074119.5,437952187
70.0,S,56,1196.34,333.79,17786503.9,88074215.8,437952269
71.0,S,56,1222.62,338.40,17786503.9,88074216.1,437952283
72.0,S,59,1242.05,340.91,17786503.9,88074535.7,437952972
73.0,S,57,1269.28,345.71,17786503.9,88074785.3,437953453
74.1,S,44,1280.60,349.67,17786503.9,88075377.6,437953962
75.1,S,44,1294.36,354.77,17786503.9,88075378.0,437953980
76.1,S,48,1310.16,359.15,17786503.9,88075480.8,437954084
77.1,S,44,1324.80,364.00,17786503.9,88075576.7,437954274
78.1,S,43,1338.38,369.18,17786503.9,88075639.4,437954332
79.1,S,47,1352.83,373.61,17786503.9,88075871.0,437954534
80.1,S,43,1366.80,378.71,17786503.9,88075967.1,437954627
81.1,S,43,1377.11,382.65,17786503.9,88076038.2,437954853
82.1,S,47,1392.68,387.47,17786503.9,88076070.2,437954938
83.1,S,42,1405.78,392.20,17786503.9,88076294.0,437955373
84.1,S,61,1427.03,396.81,17786503.9,88076397.4,437955477
85.1,S,61,1457.61,401.71,17786503.9,88076397.9,437955491
86.1,S,57,1486.19,406.36,17786503.9,88076494.0,437955594
87.1,S,57,1513.67,410.63,17786503.9,88076533.2,437955720
88.1,S,57,1538.92,414.63,17786503.9,88076599.1,437955889
89.1,S,61,1568.09,418.98,17786503.9,88076697.4,437956130
90.1,S,56,1593.56,423.10,17786503.9,88076866.3,437956461
91.1,S,49,1613.05,427.34,17786503.9,88077647.3,437957119
92.1,S,42,1622.77,431.98,17786503.9,88077943.2,437957372
93.1,S,46,1637.27,436.64,17786503.9,88078035.9,437957469
94.1,S,42,1649.12,441.56,17786503.9,88078131.6,437957556
95.1,S,46,1657.34,444.95,17786503.9,88078234.8,437957882
96.1,S,48,1674.15,450.03,17786503.9,88078316.3,437958037
97.1,S,43,1687.33,455.20,17786503.9,88078400.7,437958198
98.1,S,47,1700.27,459.85,17786503.9,88078503.6,437958302
99.1,S,44,1715.88,464.97,17786503.9,88078575.6,437958374
100.1,S,43,1728.45,470.17,17786503.9,88078618.8,437958514
101.1,S,61,1742.10,473.71,17786503.9,88078831.5,437958984
102.1,S,61,1772.28,478.40,17786503.9,88078831.8,437958985
103.1,S,57,1798.88,483.00,17786503.9,88078927.4,437959081
104.1,S,57,1826.01,487.80,17786503.9,88078927.7,437959086
105.1,S,61,1850.99,491.54,17786503.9,88079030.5,437959302
106.1,S,61,1879.67,495.89,17786503.9,88079251.1,437959856
107.1,S,57,1904.64,500.11,17786503.9,88079406.0,437960153
108.1,S,57,1931.74,504.99,17786503.9,88079545.9,437960278
109.1,S,56,1957.48,509.83,17786503.9,88079901.1,437960589
110.1,S,55,1983.09,513.87,17786503.9,88080240.7,437960910
111.1,S,44,1999.68,518.56,17786503.9,88080923.5,437961498
112.1,S,44,2013.27,523.92,17786503.9,88080924.1,437961509
113.1,S,48,2028.30,528.40,17786503.9,88081027.0,437961605
114.1,S,44,2043.92,533.30,17786503.9,88081122.8,437961787
115.1,S,43,2056.75,538.36,17786503.9,88081170.0,437961876
116.1,S,48,2062.50,540.36,17786503.9,88081400.7,437962503
117.1,S,45,2079.57,545.22,17786503.9,88081472.7,437962633
118.1,S,44,2093.39,550.42,17786503.9,88081497.4,437962665
119.1,S,47,2106.82,555.06,17786503.9,88081633.6,437962794
120.1,S,44,2122.18,560.13,17786503.9,88081729.3,437962880
121.1,S,42,2134.40,565.10,17786503.9,88081858.2,437963059
122.1,S,61,2160.29,569.43,17786503.9,88081961.5,437963169
123.1,S,61,2190.78,574.07,17786503.9,88081962.2,437963184
124.1,S,57,2218.41,578.74,17786503.9,88082058.1,437963266
125.1,S,57,2245.28,583.59,17786503.9,88082140.7,437963473
126.1,S,61,2270.72,587.57,17786503.9,88082243.5,437963684
127.1,S,61,2301.23,592.32,17786503.9,88082295.1,437963753
128.1,S,57,2328.95,596.99,17786503.9,88082460.7,437963913
129.1,S,57,2356.09,601.58,17786503.9,88082742.7,437964152
130.1,S,61,2382.34,606.00,17786503.9,88083046.7,437964414
131.1,S,60,2412.75,610.70,17786503.9,88083102.8,437964465
132.1,S,55,2438.48,614.94,17786503.9,88083527.0,437964831
133.1,S,42,2454.05,619.63,17786503.9,88084360.5,437965555
134.1,S,48,2465.64,623.98,17786503.9,88084464.2,437965771
135.1,S,45,2482.27,628.86,17786503.9,88084539.5,437966002
136.1,S,44,2496.13,634.07,17786503.9,88084563.8,437966033
137.1,S,48,2510.09,638.90,17786503.9,88084666.8,437966128
138.1,S,46,2526.78,644.15,17786503.9,88084744.9,437966207
139.1,S,45,2540.46,649.14,17786503.9,88084944.8,437966385
140.1,S,48,2555.72,653.85,17786503.9,88085070.5,437966539
141.1,S,45,2571.85,658.83,17786503.9,88085149.6,437966708
142.1,S,44,2585.72,663.81,17786503.9,88085167.2,437966726
143.1,S,47,2598.83,667.79,17786503.9,88085334.2,437967076
144.1,S,44,2613.08,672.68,17786503.9,88085558.3,437967482
145.1,S,44,2626.63,678.05,17786503.9,88085559.1,437967495
146.1,S,48,2641.43,682.53,17786503.9,88085661.7,437967590
147.1,S,43,2657.17,687.16,17786503.9,88085794.2,437967856
148.1,S,43,2669.96,692.24,17786503.9,88085794.5,437967860
149.1,S,61,2683.00,696.48,17786503.9,88086025.6,437968088
150.1,S,57,2712.27,701.45,17786503.9,88086121.8,437968176
151.1,S,57,2739.62,705.99,17786503.9,88086122.4,437968183
152.1,S,57,2764.48,709.67,17786503.9,88086219.4,437968396
153.1,S,61,2794.73,714.36,17786503.9,88086287.2,437968510
154.1,S,57,2823.18,718.96,17786503.9,88086493.6,437968900
155.1,S,57,2850.31,723.70,17786503.9,88086494.1,437968914
156.1,S,57,2877.10,728.15,17786503.9,88086574.4,437969146
157.1,S,61,2901.08,731.22,17786503.9,88086734.3,437969510
158.1,S,59,2931.04,735.93,17786503.9,88087003.6,437969772
159.1,S,57,2958.25,740.62,17786503.9,88087100.8,437969871
160.1,S,57,2984.10,745.11,17786503.9,88087324.3,437970066
161.1,S,61,3010.86,749.31,17786503.9,88087701.7,437970393
162.1,S,58,3039.37,753.97,17786503.9,88088382.6,437970964
163.1,S,48,3058.68,758.61,17786503.9,88088867.8,437971384
164.1,S,42,3069.19,763.62,17786503.9,88089004.2,437971510
165.1,S,46,3083.94,768.12,17786503.9,88089091.2,437971589
166.1,S,42,3095.46,772.83,17786503.9,88089187.1,437971760
167.1,S,46,3107.12,777.38,17786503.9,88089289.9,437971855
168.1,S,45,3124.59,781.93,17786503.9,88089439.9,437972041
169.1,S,44,3138.47,787.10,17786503.9,88089451.6,437972215
170.1,S,48,3152.93,791.70,17786503.9,88089554.4,437972308
171.1,S,46,3168.35,796.44,17786503.9,88089628.8,437972490
172.1,S,43,3181.38,801.27,17786503.9,88089727.3,437972717
173.1,S,50,3194.91,805.47,17786503.9,88089947.1,437973108
174.1,S,46,3213.78,810.47,17786503.9,88090043.3,437973199
175.1,S,45,3228.97,815.26,17786503.9,88090066.7,437973242
176.1,S,49,3244.92,819.71,17786503.9,88090169.6,437973339
177.1,S,45,3261.47,824.33,17786503.9,88090265.5,437973514
178.1,S,42,3272.12,828.71,17786503.9,88090521.1,437974097
179.1,S,61,3290.84,833.28,17786503.9,88090624.6,437974186
180.1,S,59,3321.20,838.09,17786503.9,88090674.2,437974243
181.1,S,57,3348.52,842.52,17786503.9,88090721.2,437974286
182.1,S,57,3375.75,847.16,17786503.9,88090721.5,437974292
183.1,S,61,3402.30,851.15,17786503.9,88090824.2,437974493
184.1,S,59,3432.03,855.94,17786503.9,88090927.1,437974618
185.1,S,57,3458.59,860.59,17786503.9,88091209.6,437974861
186.1,S,57,3485.52,865.58,17786503.9,88091281.0,437974924
187.1,S,61,3507.16,868.82,17786503.9,88091526.3,437975479
188.1,S,61,3537.84,873.51,17786503.9,88091572.4,437975561
189.1,S,57,3564.67,878.01,17786503.9,88091884.7,437975835
190.1,S,57,3591.81,882.54,17786503.9,88092053.0,437976071
191.1,S,61,3617.42,886.66,17786503.9,88092778.6,437976689
192.1,S,61,3647.73,891.18,17786503.9,88092908.3,437976798
193.1,S,57,3674.39,895.51,17786503.9,88093017.6,437977107
194.1,S,55,3698.79,900.08,17786503.9,88093159.5,437977436
195.1,S,51,3719.12,904.81,17786503.9,88093662.8,437978018
196.1,S,46,3729.86,907.96,17786503.9,88094115.1,437978418
197.1,S,42,3743.37,912.96,17786503.9,88094211.4,437978568
198.1,S,42,3755.17,918.20,17786503.9,88094214.6,437978586
199.1,S,46,3769.66,922.71,17786503.9,88094315.3,437978678
200.1,S,44,3781.10,927.56,17786503.9,88094474.8,437979047
201.1,S,44,3792.90,931.77,17786503.9,88094560.8,437979230
202.1,S,48,3810.42,936.78,17786503.9,88094589.3,437979259
203.1,S,44,3824.16,941.45,17786503.9,88094674.1,437979335
204.1,S,48,3835.69,945.36,17786503.9,88094776.8,437979573
205.1,S,48,3851.08,950.08,17786503.9,88094997.5,437980024
206.1,S,45,3865.77,955.16,17786503.9,88095063.1,437980081
207.1,S,49,3879.85,959.91,17786503.9,88095166.1,437980183
208.2,S,45,3897.22,964.76,17786503.9,88095276.5,437980355
209.2,S,44,3911.24,969.86,17786503.9,88095301.1,437980393
210.2,S,46,3920.48,973.93,17786503.9,88095595.4,437980953
211.2,S,49,3938.86,978.98,17786503.9,88095643.8,437981040
212.2,S,45,3954.00,984.17,17786503.9,88095692.2,437981084
213.2,S,45,3967.07,988.70,17786503.9,88095769.2,437981232
214.2,S,48,3984.13,993.58,17786503.9,88095833.8,437981372
215.2,S,43,3994.86,997.65,17786503.9,88096115.8,437981861
216.2,S,57,4009.21,1002.73,17786503.9,88096150.6,437981900
217.2,S,61,4037.18,1006.88,17786503.9,88096253.9,437982075
218.2,S,57,4065.26,1011.45,17786503.9,88096349.9,437982246
219.2,S,57,4092.35,1016.25,17786503.9,88096350.2,437982249
220.2,S,57,4119.70,1020.80,17786503.9,88096350.3,437982253
221.2,S,61,4146.18,1024.81,17786503.9,88096652.9,437982516
222.2,S,61,4176.23,1029.39,17786503.9,88096752.0,437982676
223.2,S,57,4199.00,1033.28,17786503.9,88096945.2,437983083
224.2,S,57,4226.11,1038.10,17786503.9,88096946.7,437983087
225.2,S,61,4252.78,1042.60,17786503.9,88097141.1,437983304
226.2,S,61,4282.95,1047.41,17786503.9,88097356.0,437983562
227.2,S,57,4309.58,1051.97,17786503.9,88097877.9,437984022
228.2,S,57,4336.38,1056.64,17786503.9,88098280.9,437984382
229.2,S,61,4362.60,1061.09,17786503.9,88098578.9,437984648
230.2,S,61,4393.17,1065.72,17786503.9,88098650.0,437984739
231.2,S,57,4421.01,1070.58,17786503.9,88098869.6,437985005
232.2,S,57,4447.69,1075.51,17786503.9,88099098.7,437985407
233.2,S,60,4472.68,1079.52,17786503.9,88099213.8,437985571
234.2,S,60,4501.98,1084.36,17786503.9,88099290.2,437985645
235.2,S,54,4524.04,1088.25,17786503.9,88099680.5,437986576
236.2,S,43,4532.39,1090.82,17786503.9,88100323.2,437987229
237.2,S,47,4545.21,1096.38,17786503.9,88100325.4,437987249
238.2,S,51,4563.38,1101.02,17786503.9,88100428.7,437987347
239.2,S,46,4581.52,1105.80,17786503.9,88100556.2,437987471
240.2,S,46,4597.38,1110.82,17786503.9,88100556.5,437987482
241.2,S,50,4610.79,1114.68,17786503.9,88100659.6,437987816
242.2,S,45,4625.38,1118.62,17786503.9,88100995.6,437988375
243.2,S,44,4637.60,1123.46,17786503.9,88101074.5,437988449
244.2,S,48,4651.21,1128.12,17786503.9,88101177.5,437988539
245.2,S,44,4668.42,1132.80,17786503.9,88101273.6,437988630
246.2,S,43,4682.10,1137.84,17786503.9,88101325.3,437988726
247.2,S,46,4693.62,1141.73,17786503.9,88101490.9,437989133
248.2,S,45,4709.47,1146.37,17786503.9,88101651.0,437989451
249.2,S,44,4723.38,1151.46,17786503.9,88101661.8,437989478
250.2,S,48,4737.89,1156.15,17786503.9,88101764.7,437989574
251.2,S,44,4754.35,1161.23,17786503.9,88101860.7,437989752
252.2,S,44,4767.86,1166.33,17786503.9,88101924.4,437989833
253.2,S,48,4780.95,1170.57,17786503.9,88102153.7,437990079
254.2,S,45,4796.22,1175.15,17786503.9,88102249.9,437990508
255.2,S,44,4809.91,1180.39,17786503.9,88102251.7,437990520
256.2,S,47,4823.69,1184.67,17786503.9,88102399.6,437990719
257.2,S,43,4838.09,1189.53,17786503.9,88102495.7,437990814
258.2,S,42,4849.51,1194.59,17786503.9,88102622.8,437990933
259.2,S,61,4874.29,1199.16,17786503.9,88102726.4,437991062
260.2,S,57,4903.27,1203.79,17786503.9,88102822.0,437991387
261.2,S,57,4930.35,1208.63,17786503.9,88102822.4,437991394
262.2,S,57,4957.60,1213.31,17786503.9,88102822.5,437991402
263.2,S,61,4985.81,1217.81,17786503.9,88103052.7,437991642
264.2,S,57,5014.10,1222.07,17786503.9,88103422.2,437992018
265.2,S,57,5041.54,1226.47,17786503.9,88103489.1,437992082
266.2,S,57,5068.32,1231.48,17786503.9,88103634.1,437992210
267.2,S,61,5096.22,1235.66,17786503.9,88103824.4,437992398
268.2,S,61,5126.77,1240.51,17786503.9,88103934.4,437992558
269.2,S,57,5150.56,1244.83,17786503.9,88104158.2,437993043
270.2,S,57,5177.03,1249.79,17786503.9,88104255.5,437993292
271.2,S,57,5197.73,1252.58,17786503.9,88104713.6,437993776
272.2,S,61,5224.19,1256.23,17786503.9,88105028.7,437994040
273.2,S,57,5250.83,1260.22,17786503.9,88105172.2,437994173
274.2,S,57,5271.53,1262.93,17786503.9,88105298.8,437994341
275.2,S,57,5292.54,1265.76,17786503.9,88105467.6,437994498
276.2,S,57,5313.48,1268.52,17786503.9,88105546.6,437994624
277.2,S,56,5333.60,1270.77,17786503.9,88105814.3,437995113
278.2,S,56,5351.98,1272.18,17786503.9,88106190.8,437995620
279.2,S,53,5369.10,1273.57,17786503.9,88106662.5,437996083
280.2,S,42,5377.42,1275.31,17786503.9,88107018.5,437996389
281.2,S,48,5389.02,1276.94,17786503.9,88107122.5,437996484
282.2,S,44,5401.15,1278.74,17786503.9,88107218.5,437996587
283.2,S,43,5410.88,1280.22,17786503.9,88107250.5,437996622
284.2,S,43,5420.67,1281.64,17786503.9,88107250.8,437996632
285.2,S,47,5429.98,1283.27,17786503.9,88107378.0,437996826
286.2,S,46,5442.71,1285.01,17786503.9,88107386.7,437996843
287.2,S,46,5455.28,1286.62,17786503.9,88107388.4,437996855
288.2,S,50,5470.06,1288.31,17786503.9,88107491.1,437996955
289.2,S,46,5480.88,1289.55,17786503.9,88107586.8,437997303
290.2,S,45,5490.54,1291.16,17786503.9,88107904.8,437997732
291.2,S,45,5502.13,1292.61,17786503.9,88107905.3,437997742
292.2,S,45,5513.60,1294.21,17786503.9,88107905.6,437997748
293.2,S,44,5524.56,1295.67,17786503.9,88107939.8,437997830
294.2,S,44,5535.30,1297.10,17786503.9,88107940.1,437997852
295.2,S,48,5545.57,1298.57,17786503.9,88108232.4,437998106
296.2,S,44,5557.98,1300.24,17786503.9,88108328.4,437998201
297.2,S,44,5568.59,1301.64,17786503.9,88108329.1,437998210
298.2,S,44,5579.20,1303.19,17786503.9,88108329.3,437998215
299.2,S,43,5589.07,1304.61,17786503.9,88108451.1,437998571
300.2,S,44,5598.85,1306.13,17786503.9,88108514.1,437998676
301.2,S,43,5609.15,1307.60,17786503.9,88108535.5,437998727
302.2,S,47,5619.30,1308.83,17786503.9,88108638.4,437998904
303.2,S,43,5629.80,1310.24,17786503.9,88108734.7,437999144
304.2,S,42,5638.90,1311.78,17786503.9,88108860.8,437999309
305.2,S,43,5648.42,1313.25,17786503.9,88108861.0,437999316
306.2,S,43,5658.15,1314.64,17786503.9,88108861.3,437999337
307.2,S,43,5667.82,1316.14,17786503.9,88108861.4,437999341
308.2,S,43,5677.55,1317.56,17786503.9,88108877.0,437999380
309.2,S,50,5687.31,1318.90,17786503.9,88109086.8,437999715
310.2,S,46,5702.41,1320.67,17786503.9,88109182.8,437999810
311.2,S,46,5714.80,1322.33,17786503.9,88109215.6,437999894
312.2,S,45,5726.35,1323.92,17786503.9,88109220.1,437999907
313.2,S,45,5737.53,1325.60,17786503.9,88109277.6,437999995
314.2,S,44,5746.40,1326.99,17786503.9,88109473.8,438000224
315.2,S,44,5756.99,1328.54,17786503.9,88109474.0,438000231
316.2,S,47,5765.43,1329.66,17786503.9,88109607.6,438000559
317.2,S,47,5777.90,1331.37,17786503.9,88109680.3,438000671
318.2,S,42,5787.30,1332.92,17786503.9,88109829.9,438000863
319.2,S,57,5800.36,1334.41,17786503.9,88109830.1,438000872
320.2,S,57,5823.97,1335.86,17786503.9,88109831.1,438000878
321.2,S,57,5847.56,1337.24,17786503.9,88109831.2,438000883
322.2,S,61,5871.96,1338.63,17786503.9,88109934.1,438000983
323.2,S,61,5901.80,1342.28,17786503.9,88110037.6,438001081
324.2,S,57,5929.19,1346.80,17786503.9,88110293.8,438001304
325.2,S,57,5956.29,1351.57,17786503.9,88110408.2,438001414
326.2,S,61,5982.01,1355.88,17786503.9,88110872.7,438001878
327.2,S,61,6012.54,1360.68,17786503.9,88110954.2,438001947
328.2,S,57,6039.13,1364.83,17786503.9,88111050.1,438002128
329.2,S,57,6065.88,1369.42,17786503.9,88111159.4,438002517
330.3,S,57,6090.76,1373.20,17786503.9,88111373.4,438002712
331.3,S,61,6117.87,1377.25,17786503.9,88111753.9,438003041
332.3,S,57,6146.45,1382.00,17786503.9,88111850.0,438003137
333.3,S,57,6173.45,1386.77,17786503.9,88111978.9,438003252
334.3,S,57,6198.60,1391.18,17786503.9,88112241.3,438003831
335.3,S,61,6220.93,1394.41,17786503.9,88112554.8,438004397
336.3,S,60,6251.00,1399.19,17786503.9,88112578.4,438004435
337.3,S,56,6275.87,1403.68,17786503.9,88113119.2,438004952
338.3,S,52,6300.17,1408.33,17786503.9,88113490.9,438005322
339.3,S,48,6316.97,1412.17,17786503.9,88113926.9,438005693
340.3,S,43,6332.06,1417.32,17786503.9,88114148.8,438005888
341.3,S,43,6344.97,1422.70,17786503.9,88114149.5,438005897
342.3,S,47,6357.77,1427.09,17786503.9,88114252.9,438006063
343.3,S,42,6370.98,1431.68,17786503.9,88114391.3,438006456
344.3,S,42,6382.60,1436.86,17786503.9,88114454.1,438006547
345.3,S,47,6396.77,1441.47,17786503.9,88114557.4,438006668
346.3,S,43,6410.97,1446.60,17786503.9,88114653.5,438006753
347.3,S,42,6423.27,1451.74,17786503.9,88114692.9,438006846
348.3,S,46,6433.87,1455.20,17786503.9,88114797.4,438007178
349.3,S,42,6446.62,1460.04,17786503.9,88114955.9,438007413
350.3,S,45,6461.26,1465.17,17786503.9,88114956.3,438007460
351.3,S,49,6477.98,1469.85,17786503.9,88115059.1,438007553
352.3,S,44,6493.21,1474.75,17786503.9,88115184.0,438007913
353.3,S,44,6506.93,1479.88,17786503.9,88115184.5,438007918
354.3,S,47,6521.29,1484.31,17786503.9,88115409.0,438008257
355.3,S,42,6534.33,1489.30,17786503.9,88115570.4,438008487
356.3,S,45,6548.86,1494.46,17786503.9,88115570.9,438008537
357.3,S,49,6566.21,1499.05,17786503.9,88115673.7,438008629
358.3,S,45,6581.60,1504.18,17786503.9,88115769.7,438008730
359.3,S,44,6595.26,1509.00,17786503.9,88115822.4,438008794
360.3,S,48,6608.92,1512.90,17786503.9,88116003.2,438009338
361.3,S,44,6621.43,1517.37,17786503.9,88116198.7,438009710
362.3,S,43,6634.90,1522.55,17786503.9,88116222.3,438009744
363.3,S,47,6649.61,1527.17,17786503.9,88116325.2,438009844
364.3,S,43,6663.28,1532.02,17786503.9,88116421.5,438009937
365.3,S,43,6674.21,1536.33,17786503.9,88116430.3,438010174
366.3,S,46,6683.97,1539.41,17786503.9,88116648.9,438010548
367.3,S,57,6708.23,1544.23,17786503.9,88116745.3,438010656
368.3,S,57,6735.59,1548.80,17786503.9,88116745.3,438010656
369.3,S,61,6762.14,1553.04,17786503.9,88116848.3,438010749
370.3,S,61,6793.20,1557.65,17786503.9,88116848.8,438010792
371.3,S,57,6818.90,1561.78,17786503.9,88117081.7,438011262
372.3,S,57,6844.72,1566.32,17786503.9,88117239.3,438011567
373.3,S,57,6871.50,1570.98,17786503.9,88117427.5,438011754
374.3,S,61,6899.28,1574.99,17786503.9,88117604.7,438011977
375.3,S,57,6927.36,1579.22,17786503.9,88117701.0,438012180
376.3,S,57,6948.27,1581.97,17786503.9,88118037.6,438012503
377.3,S,57,6969.12,1584.70,17786503.9,88118273.5,438012710
378.3,S,57,6989.91,1587.35,17786503.9,88118518.2,438013002
379.3,S,57,7010.44,1589.67,17786503.9,88118910.0,438013383
380.3,S,57,7030.52,1590.85,17786503.9,88118967.9,438013485
381.3,S,57,7050.44,1592.05,17786503.9,88119121.1,438013719
382.3,S,57,7070.69,1593.14,17786503.9,88119127.4,438013735
383.3,S,57,7089.28,1594.16,17786503.9,88119400.1,438014229
384.3,S,61,7110.16,1595.04,17786503.9,88119790.5,438014726
385.3,S,57,7130.22,1595.84,17786503.9,88120081.6,438014972
386.3,S,56,7148.16,1596.77,17786503.9,88120162.6,438015049
387.3,S,56,7165.75,1597.72,17786503.9,88120422.4,438015270
388.3,S,55,7179.80,1598.78,17786503.9,88120883.7,438016265
389.3,S,42,7187.10,1600.59,17786503.9,88121322.1,438016676
390.3,S,45,7198.40,1602.14,17786503.9,88121322.9,438016692
391.3,S,45,7209.94,1603.67,17786503.9,88121323.2,438016699
392.3,S,45,7221.49,1605.20,17786503.9,88121323.7,438016730
393.3,S,45,7233.26,1606.80,17786503.9,88121324.0,438016756
394.3,S,47,7242.66,1607.97,17786504.0,88121677.2,438017172
395.3,S,43,7253.81,1609.58,17786504.0,88121773.1,438017262
396.3,S,42,7263.32,1611.03,17786504.0,88121804.6,438017396
397.3,S,42,7272.18,1612.25,17786504.0,88121805.0,438017402
398.3,S,42,7280.78,1613.66,17786504.0,88121805.2,438017410
399.3,S,45,7291.76,1615.14,17786504.0,88121897.7,438017500
400.3,S,44,7302.73,1616.62,17786504.0,88121912.4,438017532
401.3,S,48,7315.44,1618.30,17786504.0,88122014.9,438017631
402.3,S,44,7325.74,1619.67,17786504.0,88122111.0,438017869
403.3,S,42,7333.93,1620.88,17786504.0,88122297.9,438018288
404.3,S,44,7343.89,1622.49,17786504.0,88122298.2,438018291
405.3,S,44,7354.48,1623.92,17786504.0,88122298.4,438018294
406.3,S,43,7364.22,1625.30,17786504.0,88122326.6,438018400
407.3,S,43,7374.11,1626.72,17786504.0,88122327.0,438018406
408.3,S,48,7381.80,1627.76,17786504.0,88122554.9,438018801
409.3,S,44,7394.82,1629.47,17786504.0,88122651.0,438018926
410.3,S,43,7405.07,1630.90,17786504.0,88122678.0,438018955
411.3,S,43,7414.81,1632.28,17786504.0,88122679.7,438018967
412.3,S,43,7424.48,1633.60,17786504.0,88122688.8,438019038
413.3,S,43,7433.66,1634.97,17786504.0,88122811.7,438019333
414.3,S,43,7443.43,1636.36,17786504.0,88122812.2,438019337
415.3,S,47,7454.00,1637.80,17786504.0,88122915.0,438019453
416.3,S,43,7465.65,1639.29,17786504.0,88123010.8,438019541
417.3,S,44,7474.99,1640.76,17786504.0,88123136.9,438019662
418.3,S,44,7485.66,1642.21,17786504.0,88123137.2,438019671
419.3,S,44,7496.35,1643.71,17786504.0,88123137.4,438019679
420.3,S,43,7506.83,1645.10,17786504.0,88123181.0,438019751
421.3,S,43,7516.67,1646.52,17786504.0,88123181.2,438019755
422.3,S,47,7523.75,1647.63,17786504.0,88123410.9,438020226
423.3,S,43,7535.46,1649.19,17786504.0,88123506.9,438020388
424.3,S,42,7544.62,1650.57,17786504.0,88123532.3,438020417
425.3,S,42,7553.39,1651.87,17786504.0,88123532.5,438020451
426.3,S,42,7562.12,1653.20,17786504.0,88123533.0,438020457
427.3,S,45,7571.76,1654.68,17786504.0,88123595.2,438020758
428.3,S,45,7583.28,1656.32,17786504.0,88123595.5,438020769
429.4,S,48,7592.95,1657.65,17786504.0,88123729.5,438021062
430.4,S,48,7607.10,1659.48,17786504.0,88123768.0,438021145
431.4,S,44,7617.01,1660.96,17786504.0,88124030.9,438021565
432.4,S,44,7627.29,1662.44,17786504.0,88124042.1,438021585
433.4,S,43,7637.14,1663.82,17786504.0,88124055.9,438021652
434.4,S,43,7646.83,1665.18,17786504.0,88124056.2,438021671
435.4,S,43,7656.30,1666.53,17786504.0,88124056.4,438021672
436.4,S,44,7665.30,1667.91,17786504.0,88124227.7,438021995
437.4,S,47,7678.00,1669.49,17786504.0,88124297.4,438022193
438.4,S,43,7687.90,1670.85,17786504.0,88124393.4,438022339
439.4,S,43,7697.65,1672.35,17786504.0,88124393.4,438022339
440.4,S,43,7707.13,1673.80,17786504.0,88124474.3,438022446
441.4,S,44,7717.35,1675.25,17786504.0,88124529.4,438022547
442.4,S,43,7727.07,1676.65,17786504.0,88124530.6,438022607
443.4,S,43,7735.28,1677.71,17786504.0,88124540.5,438022814
444.4,S,47,7746.91,1679.25,17786504.0,88124633.7,438022954
445.4,S,42,7755.94,1680.78,17786504.0,88124853.3,438023295
446.4,S,57,7771.23,1682.37,17786504.0,88124853.5,438023297
447.4,S,57,7794.63,1683.77,17786504.0,88124854.3,438023303
448.4,S,57,7818.03,1685.24,17786504.0,88124854.7,438023305
449.4,S,61,7841.20,1686.68,17786504.0,88124985.3,438023439
450.4,S,61,7868.21,1687.91,17786504.0,88124985.7,438023448
451.4,S,57,7891.22,1689.29,17786504.0,88125256.1,438024158
452.4,S,57,7914.56,1690.84,17786504.0,88125531.8,438024510
453.4,S,57,7938.29,1692.26,17786504.0,88125533.5,438024514
454.4,S,61,7962.86,1696.15,17786504.0,88125911.3,438024847
455.4,S,61,7993.23,1700.70,17786504.0,88126166.9,438025072
456.4,S,57,8021.29,1705.10,17786504.0,88126321.6,438025224
457.4,S,57,8047.06,1709.64,17786504.0,88126815.0,438025734
458.4,S,57,8073.40,1714.42,17786504.0,88127054.7,438025945
459.4,S,61,8103.07,1718.95,17786504.0,88127189.0,438026066
460.4,S,57,8131.21,1723.65,17786504.0,88127386.0,438026268
461.4,S,57,8158.39,1728.22,17786504.0,88127476.3,438026458
462.4,S,57,8185.34,1732.77,17786504.0,88127548.4,438026598
463.4,S,61,8210.37,1736.16,17786504.0,88127796.1,438027148
464.4,S,57,8237.25,1740.32,17786504.0,88128101.1,438027479
465.4,S,57,8257.26,1742.67,17786504.0,88128368.0,438027709
466.4,S,57,8276.80,1745.00,17786504.0,88128913.9,438028180
467.4,S,53,8295.65,1747.42,17786504.0,88129067.3,438028362
468.4,S,43,8307.44,1749.80,17786504.0,88129512.1,438028743
469.4,S,46,8319.04,1754.97,17786504.0,88129564.4,438028812
470.4,S,49,8336.71,1759.23,17786504.0,88129654.2,438029163
471.4,S,45,8353.02,1764.16,17786504.0,88129750.4,438029322
472.4,S,49,8366.89,1768.76,17786504.0,88129853.1,438029411
473.4,S,49,8385.35,1773.64,17786504.0,88129910.2,438029464
474.4,S,43,8397.70,1778.38,17786504.0,88130205.4,438029727
475.4,S,47,8409.32,1782.91,17786504.0,88130309.2,438029903
476.4,S,43,8425.28,1787.72,17786504.0,88130404.8,438030014
477.4,S,43,8438.00,1792.86,17786504.0,88130405.1,438030062
478.4,S,47,8449.49,1796.85,17786504.0,88130569.3,438030379
479.4,S,44,8463.64,1800.91,17786504.0,88130759.8,438030761
480.4,S,43,8476.56,1805.83,17786504.0,88130760.3,438030772
481.4,S,47,8490.05,1810.29,17786504.0,88130863.7,438030880
482.4,S,43,8504.56,1815.47,17786504.0,88130959.7,438030979
483.4,S,43,8517.43,1820.40,17786504.0,88130970.6,438031060
484.4,S,47,8529.26,1824.15,17786504.0,88131187.6,438031362
485.4,S,43,8544.13,1829.03,17786504.0,88131283.6,438031492
486.4,S,43,8556.86,1834.12,17786504.0,88131284.0,438031495
487.4,S,47,8571.64,1838.63,17786504.0,88131387.8,438031600
488.4,S,43,8584.39,1842.96,17786504.0,88131604.3,438032052
489.4,S,43,8596.63,1847.91,17786504.0,88131633.2,438032173
490.4,S,47,8610.56,1852.10,17786504.0,88131713.9,438032357
491.4,S,43,8623.96,1857.08,17786504.0,88131809.7,438032521
492.4,S,47,8636.11,1861.58,17786504.0,88131913.1,438032619
493.4,S,44,8651.98,1866.76,17786504.0,88132085.7,438032780
494.4,S,42,8664.05,1871.71,17786504.0,88132133.7,438032823
495.4,S,46,8674.38,1875.55,17786504.0,88132236.5,438033076
496.4,S,42,8688.12,1880.25,17786504.0,88132378.4,438033372
497.4,S,57,8706.38,1884.85,17786504.0,88132379.4,438033382
498.4,S,61,8732.73,1889.17,17786504.0,88132483.1,438033487
499.4,S,61,8763.15,1893.79,17786504.0,88132483.3,438033498
500.4,S,57,8791.08,1898.15,17786504.0,88132615.4,438033789
501.4,S,57,8818.28,1902.85,17786504.0,88132615.8,438033795
502.4,S,57,8843.52,1907.09,17786504.0,88132838.3,438034232
503.4,S,61,8870.23,1910.15,17786504.0,88132998.0,438034369
504.4,S,57,8893.96,1911.60,17786504.0,88133281.4,438034614
505.4,S,57,8913.43,1912.94,17786504.0,88133617.1,438034912
506.4,S,57,8933.55,1914.13,17786504.0,88133659.2,438034967
507.4,S,57,8953.42,1915.38,17786504.0,88133876.2,438035148
508.4,S,57,8973.15,1916.64,17786504.0,88134192.2,438035742
509.4,S,57,8992.66,1917.93,17786504.0,88134397.3,438036074
510.4,S,57,9012.63,1919.34,17786504.0,88134598.5,438036242
511.4,S,57,9032.68,1920.62,17786504.0,88134877.8,438036492
512.4,S,57,9052.59,1921.81,17786504.0,88134971.9,438036600
513.4,S,61,9072.80,1922.98,17786504.0,88135159.7,438036767
514.4,S,58,9094.40,1923.82,17786504.0,88135509.2,438037075
515.4,S,57,9113.27,1924.79,17786504.0,88135559.7,438037140
516.4,S,57,9131.92,1925.72,17786504.0,88135633.7,438037229
517.4,S,57,9150.52,1926.62,17786504.0,88135751.0,438037329
518.4,S,56,9167.44,1927.75,17786504.0,88136427.6,438037902
519.4,S,56,9184.90,1928.76,17786504.0,88136695.7,438038231
520.4,S,53,9199.88,1929.81,17786504.0,88137098.3,438039023
521.4,S,42,9207.20,1930.67,17786504.0,88137468.9,438039364
522.4,S,44,9215.72,1932.66,17786504.0,88137469.9,438039374
523.4,S,44,9226.42,1934.12,17786504.0,88137470.1,438039384
524.4,S,44,9237.09,1935.56,17786504.0,88137470.2,438039391
525.4,S,48,9245.70,1936.73,17786504.0,88137574.7,438039659
526.4,S,47,9259.38,1938.58,17786504.0,88137663.2,438039822
527.4,S,45,9269.17,1940.14,17786504.0,88137855.1,438040131
528.4,S,44,9279.90,1941.61,17786504.0,88137866.8,438040150
529.4,S,44,9290.53,1943.05,17786504.0,88137867.2,438040156
530.4,S,44,9301.28,1944.54,17786504.0,88137867.3,438040160
531.4,S,44,9310.34,1945.94,17786504.0,88138152.0,438040407
532.4,S,48,9321.06,1947.52,17786504.0,88138156.6,438040491
533.4,S,48,9334.98,1949.32,17786504.0,88138207.2,438040589
534.4,S,44,9345.10,1950.68,17786504.0,88138252.7,438040671
535.4,S,43,9354.81,1952.03,17786504.0,88138300.2,438040747
536.4,S,45,9364.58,1953.60,17786504.0,88138519.7,438041087
537.4,S,45,9376.05,1955.13,17786504.0,88138519.9,438041095
538.4,S,44,9386.81,1956.51,17786504.0,88138542.3,438041125
539.4,S,48,9397.57,1958.03,17786504.0,88138554.0,438041154
540.4,S,48,9411.33,1959.75,17786504.0,88138619.3,438041362
541.4,S,46,9421.28,1961.17,17786504.0,88138835.8,438041647
542.4,S,45,9432.93,1962.81,17786504.0,88138847.8,438041674
543.4,S,45,9444.59,1964.50,17786504.0,88138848.0,438041684
544.4,S,45,9456.21,1966.03,17786504.0,88138848.2,438041686
545.4,S,43,9466.16,1967.47,17786504.0,88139039.6,438042126
546.4,S,44,9475.11,1968.98,17786504.0,88139198.2,438042334
547.4,S,47,9488.84,1970.67,17786504.0,88139217.9,438042356
548.4,S,43,9498.29,1972.22,17786504.0,88139313.0,438042457
549.4,S,43,9508.00,1973.55,17786504.0,88139313.6,438042460
550.4,S,45,9516.80,1974.94,17786504.0,88139436.9,438042768
551.4,S,44,9527.68,1976.47,17786504.0,88139443.1,438042884
552.5,S,44,9538.30,1977.98,17786504.0,88139443.6,438042893
553.5,S,44,9548.90,1979.43,17786504.0,88139443.7,438042898
554.5,S,48,9559.50,1980.80,17786504.0,88139546.9,438043175
555.5,S,44,9569.24,1982.29,17786504.0,88139827.1,438043632
556.5,S,43,9579.79,1983.74,17786504.0,88139849.6,438043663
557.5,S,43,9589.56,1985.12,17786504.0,88139849.9,438043680
558.5,S,43,9599.42,1986.49,17786504.0,88139850.4,438043685
559.5,S,43,9608.22,1987.68,17786504.0,88139975.5,438043946
560.5,S,44,9618.34,1989.18,17786504.0,88139975.8,438043959
561.5,S,47,9627.93,1990.59,17786504.0,88140095.8,438044161
562.5,S,44,9639.81,1992.28,17786504.0,88140174.7,438044402
563.5,S,43,9649.55,1993.65,17786504.0,88140191.9,438044471
564.5,S,45,9658.96,1995.22,17786504.0,88140315.9,438044725
565.5,S,45,9670.44,1996.90,17786504.0,88140316.4,438044736
566.5,S,44,9681.38,1998.32,17786504.0,88140337.8,438044759
567.5,S,44,9692.15,1999.67,17786504.0,88140338.0,438044764
568.5,S,48,9702.16,2000.98,17786504.0,88140447.4,438044975
569.5,S,46,9715.77,2002.75,17786504.0,88140724.8,438045262
570.5,S,45,9728.04,2004.48,17786504.0,88140744.4,438045351
571.5,S,45,9739.48,2006.00,17786504.0,88140744.6,438045353
572.5,S,45,9751.22,2007.40,17786504.0,88140744.8,438045359
573.5,S,45,9760.94,2008.74,17786504.0,88140883.3,438045680
574.5,S,43,9769.85,2010.28,17786504.0,88140993.0,438045845
575.5,S,47,9779.35,2011.61,17786504.0,88141096.1,438045946
576.5,S,45,9791.31,2013.10,17786504.0,88141159.0,438046133
577.5,S,43,9800.68,2014.32,17786504.0,88141192.9,438046208
578.5,S,43,9809.68,2015.94,17786504.0,88141310.9,438046433
579.5,S,43,9819.33,2017.35,17786504.0,88141311.2,438046442
580.5,S,43,9829.04,2018.82,17786504.0,88141311.5,438046452
581.5,S,43,9838.79,2020.19,17786504.0,88141311.8,438046481
582.5,S,46,9847.81,2021.58,17786504.0,88141468.9,438046612
583.5,S,43,9859.72,2023.22,17786504.0,88141626.2,438046763
584.5,S,57,9882.58,2024.60,17786504.0,88141627.3,438046768
585.5,S,57,9905.84,2026.04,17786504.0,88141627.5,438046774
586.5,S,57,9929.26,2027.34,17786504.0,88141627.8,438046775
587.5,S,57,9952.47,2028.74,17786504.0,88141674.6,438046882
588.5,S,61,9974.57,2029.97,17786504.0,88141924.2,438047363
589.5,S,60,10000.40,2031.55,17786504.0,88142265.3,438047946
590.5,S,57,10023.43,2033.08,17786504.0,88142633.3,438048264
591.5,S,57,10046.69,2034.41,17786504.0,88142717.3,438048340
592.5,S,57,10070.09,2035.75,17786504.0,88142767.6,438048454
593.5,S,61,10092.27,2037.15,17786504.0,88142919.1,438048772
594.5,S,61,10120.94,2041.57,17786504.0,88143148.1,438049151
595.5,S,57,10146.42,2045.78,17786504.0,88143812.5,438049717
596.5,S,57,10173.80,2050.31,17786504.0,88143812.5,438049717
597.5,S,57,10199.43,2054.61,17786504.0,88143973.1,438050034
598.5,S,61,10225.70,2058.16,17786504.0,88144207.4,438050526
599.5,S,59,10253.60,2062.53,17786504.0,88144493.1,438050926
600.5,S,57,10273.79,2065.07,17786504.0,88144677.7,438051106
601.5,S,57,10294.73,2067.76,17786504.0,88144748.7,438051188
602.5,S,57,10314.94,2070.25,17786504.0,88145073.4,438051473
603.5,S,57,10335.08,2072.80,17786504.0,88145329.6,438051696
604.5,S,56,10355.17,2075.24,17786504.0,88145578.1,438051908
605.5,S,54,10373.52,2076.51,17786504.0,88145795.5,438052196
606.5,S,45,10386.68,2077.86,17786504.0,88146187.8,438052530
607.5,S,42,10394.30,2079.54,17786504.0,88146342.5,438052661
608.5,S,48,10407.01,2081.16,17786504.0,88146447.0,438052750
609.5,S,44,10418.18,2082.66,17786504.0,88146544.6,438053090
610.5,S,43,10427.95,2084.03,17786504.0,88146568.0,438053360
611.5,S,43,10437.61,2085.43,17786504.0,88146568.5,438053375
612.5,S,44,10446.29,2086.89,17786504.0,88146691.5,438053685
613.5,S,44,10456.98,2088.25,17786504.0,88146692.0,438053688
614.5,S,43,10465.83,2089.51,17786504.0,88146817.1,438053865
615.5,S,47,10479.13,2091.32,17786504.0,88146841.1,438053903
616.5,S,43,10488.74,2092.78,17786504.0,88146913.4,438053972
617.5,S,44,10498.68,2094.24,17786504.0,88147038.9,438054091
618.5,S,44,10509.50,2095.68,17786504.0,88147039.6,438054100
619.5,S,44,10520.31,2097.13,17786504.0,88147039.8,438054105
620.5,S,43,10530.52,2098.54,17786504.0,88147084.8,438054190
621.5,S,48,10540.18,2099.97,17786504.0,88147310.5,438054399
622.5,S,43,10552.98,2101.64,17786504.0,88147412.1,438054491
623.5,S,43,10562.74,2103.01,17786504.0,88147412.6,438054518
624.5,S,43,10572.64,2104.36,17786504.0,88147412.9,438054525
625.5,S,43,10582.41,2105.85,17786504.0,88147413.5,438054532
626.5,S,43,10591.57,2107.23,17786504.0,88147542.8,438054751
627.5,S,43,10601.26,2108.72,17786504.0,88147543.0,438054757
628.5,S,47,10611.04,2110.16,17786504.0,88147645.5,438054857
629.5,S,43,10623.46,2111.75,17786504.0,88147841.2,438055121
630.5,S,44,10632.73,2113.22,17786504.2,88148050.3,438055359
631.5,S,43,10642.55,2114.86,17786506.0,88148054.2,438055370
632.5,S,43,10652.01,2116.24,17786506.2,88148054.4,438055379
633.5,S,43,10661.38,2117.80,17786506.2,88148160.7,438055675
634.5,S,43,10671.14,2119.20,17786506.2,88148161.0,438055683
635.5,S,43,10680.57,2120.63,17786506.2,88148220.6,438055778
636.5,S,47,10693.79,2122.21,17786506.2,88148231.2,438055804
637.5,S,43,10703.03,2123.55,17786506.2,88148327.2,438056054
638.5,S,43,10712.64,2124.89,17786506.2,88148328.1,438056062
639.5,S,44,10721.19,2126.22,17786506.2,88148450.1,438056293
640.5,S,43,10730.90,2127.65,17786506.2,88148453.6,438056315
641.5,S,43,10740.82,2128.98,17786506.2,88148453.7,438056318
642.5,S,43,10750.68,2130.31,17786506.2,88148453.9,438056327
643.5,S,47,10763.11,2131.74,17786506.2,88148490.0,438056395
644.5,S,43,10773.09,2133.28,17786506.2,88148708.3,438056598
645.5,S,43,10782.73,2134.69,17786506.2,88148708.5,438056604
646.5,S,42,10791.48,2136.14,17786506.2,88148737.2,438056766
647.5,S,42,10800.36,2137.51,17786506.2,88148737.5,438056776
648.5,S,43,10809.51,2138.97,17786506.2,88148799.0,438056888
649.5,S,43,10819.22,2140.23,17786506.2,88148799.6,438056892
650.5,S,47,10830.93,2141.77,17786506.2,88148861.6,438057021
651.5,S,43,10840.76,2143.24,17786506.2,88148957.6,438057196
652.5,S,42,10849.88,2144.66,17786506.2,88149075.9,438057304
653.5,S,45,10861.84,2146.21,17786506.2,88149084.6,438057319
654.5,S,45,10873.42,2147.63,17786506.2,88149085.1,438057347
655.5,S,45,10884.80,2149.16,17786506.2,88149085.6,438057349
656.5,S,45,10896.36,2150.57,17786506.2,88149085.9,438057402
657.5,S,47,10908.00,2152.14,17786506.2,88149449.7,438057777
658.5,S,43,10918.75,2153.68,17786506.2,88149545.7,438057882
659.5,S,43,10928.44,2155.01,17786506.2,88149545.8,438057888
660.5,S,43,10938.16,2156.44,17786506.2,88149546.6,438057892
661.5,S,42,10946.93,2157.78,17786506.2,88149660.7,438058089
662.5,S,46,10959.17,2159.42,17786506.2,88149661.2,438058113
663.5,S,45,10971.01,2161.05,17786506.2,88149679.0,438058158
664.5,S,49,10984.17,2162.69,17786506.2,88149782.0,438058260
665.5,S,45,10996.52,2164.34,17786506.2,88149878.0,438058455
666.6,S,42,11005.65,2165.83,17786506.2,88150129.0,438058903
667.6,S,57,11016.21,2167.34,17786506.2,88150129.6,438058911
668.6,S,57,11039.75,2168.69,17786506.2,88150129.9,438058920
669.6,S,57,11063.17,2170.08,17786506.2,88150130.1,438058921
670.6,S,61,11085.83,2171.28,17786506.2,88150232.8,438059162
671.6,S,61,11111.64,2172.62,17786506.2,88150402.3,438059488
672.6,S,57,11132.76,2174.08,17786506.2,88150669.0,438059845
673.6,S,57,11156.00,2175.48,17786506.2,88150918.7,438060062
674.6,S,57,11179.16,2176.84,17786506.2,88151068.0,438060195
675.6,S,57,11202.60,2178.34,17786506.2,88151115.6,438060293
676.6,S,61,11215.56,2178.76,17786506.2,88151501.5,438061233
677.6,S,61,11241.94,2180.22,17786506.2,88151729.3,438061433
678.6,S,57,11266.49,2181.67,17786506.2,88151915.8,438061667
679.6,S,57,11289.59,2183.10,17786506.2,88152179.4,438061892
680.6,S,57,11312.74,2184.52,17786506.2,88152378.0,438062100
681.6,S,57,11336.01,2186.02,17786506.2,88152605.2,438062332
682.6,S,61,11360.85,2187.36,17786506.2,88152815.5,438062517
683.6,S,57,11386.67,2188.70,17786506.2,88153183.5,438062839
684.6,S,57,11406.28,2189.88,17786506.2,88153425.7,438063052
685.6,S,57,11425.83,2191.16,17786506.2,88153595.2,438063367
686.6,S,57,11445.31,2192.36,17786506.2,88153765.8,438063716
687.6,S,57,11464.97,2193.56,17786506.2,88153851.9,438063853
688.6,S,56,11483.79,2194.99,17786506.2,88154174.3,438064124
689.6,S,56,11503.10,2196.37,17786506.2,88154379.6,438064304
690.6,S,42,11516.39,2197.85,17786506.2,88154911.1,438064762
691.6,S,44,11523.88,2199.61,17786506.2,88154982.3,438064827
692.6,S,48,11537.22,2201.34,17786506.2,88155050.0,438064891
693.6,S,43,11547.74,2202.97,17786506.2,88155167.5,438065004
694.6,S,43,11557.34,2204.45,17786506.2,88155168.3,438065011
695.6,S,43,11566.98,2205.92,17786506.2,88155168.6,438065018
696.6,S,43,11575.08,2207.24,17786506.2,88155290.8,438065459
697.6,S,43,11584.86,2208.59,17786506.2,88155291.1,438065461
698.6,S,43,11594.45,2209.93,17786506.2,88155298.8,438065472
699.6,S,47,11605.24,2211.34,17786506.2,88155394.9,438065692
700.6,S,42,11614.25,2212.67,17786506.2,88155547.2,438066078
701.6,S,43,11623.71,2214.20,17786506.2,88155606.2,438066247
702.6,S,43,11633.42,2215.60,17786506.2,88155606.3,438066255
703.6,S,43,11643.10,2216.94,17786506.2,88155606.6,438066267
704.6,S,42,11652.37,2218.25,17786506.2,88155655.6,438066367
705.6,S,43,11661.04,2219.60,17786506.2,88155716.8,438066625
706.6,S,47,11672.17,2221.05,17786506.2,88155819.7,438066790
707.6,S,43,11683.00,2222.61,17786506.2,88155915.7,438066872
708.6,S,43,11692.63,2224.04,17786506.2,88155915.8,438066881
709.6,S,42,11701.71,2225.43,17786506.2,88156032.7,438067067
710.6,S,43,11711.37,2226.75,17786506.2,88156033.2,438067073
711.6,S,43,11721.28,2228.07,17786506.2,88156033.5,438067077
712.6,S,43,11731.05,2229.33,17786506.2,88156033.6,438067085
713.6,S,46,11742.11,2230.90,17786506.2,88156184.3,438067233
714.6,S,43,11751.89,2232.53,17786506.2,88156340.8,438067386
715.6,S,43,11761.55,2234.04,17786506.2,88156341.7,438067391
716.6,S,43,11771.21,2235.59,17786506.2,88156341.8,438067395
717.6,S,43,11780.79,2237.08,17786506.2,88156342.1,438067402
718.6,S,43,11789.66,2238.44,17786506.2,88156460.2,438067666
719.6,S,43,11799.34,2239.89,17786506.2,88156460.4,438067673
720.6,S,47,11810.21,2241.34,17786506.2,88156563.7,438067886
721.6,S,43,11819.98,2242.75,17786506.2,88156659.5,438068138
722.6,S,42,11829.20,2244.14,17786506.2,88156715.2,438068189
723.6,S,43,11838.35,2245.69,17786506.2,88156776.4,438068245
724.6,S,43,11848.06,2247.16,17786506.2,88156776.5,438068253
725.6,S,43,11857.83,2248.69,17786506.2,88156776.7,438068254
726.6,S,43,11867.55,2250.20,17786506.2,88156777.5,438068255
727.6,S,47,11875.51,2251.28,17786506.2,88156999.3,438068721
728.6,S,43,11886.43,2252.89,17786506.2,88157095.2,438068930
729.6,S,43,11896.16,2254.38,17786506.2,88157095.5,438068937
730.6,S,43,11905.77,2255.74,17786506.2,88157095.7,438068937
731.6,S,42,11915.00,2257.10,17786506.2,88157150.5,438069043
732.6,S,43,11923.68,2258.66,17786506.2,88157212.1,438069133
733.6,S,43,11933.18,2260.14,17786506.2,88157212.4,438069136
734.6,S,47,11943.86,2261.59,17786506.2,88157315.2,438069245
735.6,S,43,11954.65,2263.11,17786506.2,88157411.2,438069428
736.6,S,42,11964.02,2264.59,17786506.2,88157466.8,438069606
737.6,S,43,11973.65,2265.96,17786506.2,88157528.2,438069692
738.6,S,43,11983.34,2267.31,17786506.2,88157528.3,438069699
739.6,S,43,11992.88,2268.75,17786506.2,88157528.6,438069704
740.6,S,42,12002.46,2270.39,17786506.2,88157583.4,438069813
741.6,S,47,12010.30,2271.51,17786506.2,88157746.7,438070182
742.6,S,43,12021.87,2273.09,17786506.2,88157842.8,438070341
743.6,S,43,12031.71,2274.47,17786506.2,88157842.9,438070348
744.6,S,43,12041.38,2275.93,17786506.2,88157843.1,438070357
745.6,S,42,12050.02,2277.37,17786506.2,88157958.2,438070665
746.6,S,44,12060.64,2278.91,17786506.2,88157959.2,438070685
747.6,S,44,12071.09,2280.38,17786506.2,88157959.3,438070701
748.6,S,48,12081.96,2281.80,17786506.2,88158062.9,438070909
749.6,S,43,12093.38,2283.33,17786506.2,88158209.9,438071179
750.6,S,44,12102.46,2284.94,17786506.2,88158332.7,438071396
751.6,S,43,12112.12,2286.31,17786506.2,88158336.3,438071406
752.6,S,43,12121.86,2287.71,17786506.2,88158336.5,438071413
753.6,S,43,12131.51,2289.25,17786506.2,88158337.2,438071413
754.6,S,43,12141.04,2290.65,17786506.2,88158398.2,438071469
755.6,S,48,12152.29,2292.21,17786506.2,88158561.4,438071610
756.6,S,43,12164.16,2294.02,17786506.2,88158673.0,438071708
757.6,S,43,12173.98,2295.35,17786506.2,88158673.1,438071710
758.6,S,43,12183.59,2296.80,17786506.2,88158673.3,438071714
759.6,S,42,12192.42,2298.35,17786506.2,88158795.3,438071826
760.6,S,57,12205.97,2299.96,17786506.2,88158795.6,438071830
761.6,S,57,12228.12,2301.26,17786506.2,88158899.0,438072040
762.6,S,61,12255.28,2302.56,17786506.2,88158899.2,438072046
763.6,S,57,12280.34,2303.98,17786506.2,88158995.2,438072134
764.6,S,57,12303.05,2305.47,17786506.2,88159091.7,438072294
765.6,S,57,12326.34,2307.00,17786506.2,88159271.0,438072453
766.6,S,57,12349.34,2308.45,17786506.2,88159570.8,438072710
767.6,S,61,12374.30,2309.93,17786506.2,88159866.7,438072966
768.6,S,60,12400.75,2311.43,17786506.2,88159895.1,438073133
769.6,S,57,12422.23,2313.06,17786506.2,88160272.5,438073883
770.6,S,57,12446.21,2315.89,17786506.2,88160400.3,438074180
771.6,S,57,12472.74,2319.98,17786506.2,88160785.5,438074557
772.6,S,61,12502.31,2324.61,17786506.2,88160870.8,438074629
773.6,S,57,12528.17,2328.43,17786506.2,88161175.7,438074902
774.6,S,57,12549.19,2331.15,17786506.2,88161395.5,438075105
775.6,S,57,12570.06,2334.01,17786506.2,88161601.6,438075550
776.6,S,57,12589.97,2336.66,17786506.2,88161869.7,438076131
777.6,S,57,12610.70,2338.62,17786506.2,88161967.7,438076216
778.6,S,57,12630.41,2339.87,17786506.2,88162283.1,438076490
779.6,S,57,12650.39,2341.17,17786506.2,88162422.8,438076616
780.6,S,57,12670.16,2342.32,17786506.2,88162487.2,438076690
781.6,S,60,12688.76,2343.44,17786506.2,88162987.9,438077117
782.6,S,60,12709.70,2344.12,17786506.2,88163091.6,438077298
783.6,S,56,12725.41,2345.23,17786506.2,88163390.2,438077958
784.6,S,43,12736.71,2346.15,17786506.2,88163971.5,438078669
785.6,S,43,12743.85,2347.86,17786506.2,88163996.7,438078706
786.6,S,42,12753.44,2349.20,17786506.2,88164010.9,438078751
787.6,S,42,12762.16,2350.57,17786506.2,88164011.1,438078758
788.6,S,42,12770.94,2351.96,17786506.2,88164011.3,438078766
789.7,S,42,12779.73,2353.31,17786506.2,88164011.8,438078808
790.7,S,47,12789.83,2354.74,17786506.2,88164178.9,438078983
791.7,S,47,12801.07,2356.29,17786506.2,88164274.5,438079261
792.7,S,43,12810.78,2357.74,17786506.2,88164275.1,438079266
793.7,S,43,12820.48,2359.28,17786506.2,88164275.3,438079275
794.7,S,44,12829.82,2360.65,17786506.2,88164396.0,438079383
795.7,S,44,12840.58,2362.08,17786506.2,88164396.1,438079408
796.7,S,44,12851.11,2363.54,17786506.2,88164396.4,438079425
797.7,S,44,12859.95,2364.79,17786506.2,88164497.7,438079658
798.7,S,47,12873.34,2366.53,17786506.2,88164593.4,438080009
799.7,S,43,12882.13,2367.97,17786506.2,88164772.5,438080302
800.7,S,43,12891.69,2369.55,17786506.2,88164772.7,438080327
801.7,S,43,12901.33,2370.90,17786506.2,88164773.0,438080331
802.7,S,43,12911.05,2372.23,17786506.2,88164866.2,438080498
803.7,S,43,12919.97,2373.57,17786506.2,88164983.5,438080607
804.7,S,47,12929.95,2375.05,17786506.2,88164993.1,438080625
805.7,S,47,12941.89,2376.73,17786506.2,88165058.7,438080759
806.7,S,43,12951.75,2378.20,17786506.2,88165089.0,438080821
807.7,S,42,12960.49,2379.66,17786506.2,88165199.3,438080993
808.7,S,43,12970.25,2381.08,17786506.2,88165200.0,438080995
809.7,S,42,12979.00,2382.47,17786506.2,88165214.7,438081032
810.7,S,42,12987.79,2383.79,17786506.2,88165214.9,438081034
811.7,S,46,12995.86,2385.01,17786506.2,88165317.8,438081128
812.7,S,47,13008.45,2386.56,17786506.2,88165458.6,438081253
813.7,S,43,13018.04,2387.88,17786506.2,88165474.6,438081269
814.7,S,43,13027.57,2389.36,17786506.2,88165475.4,438081278
815.7,S,42,13036.94,2390.84,17786506.2,88165525.2,438081418
816.7,S,43,13045.67,2392.18,17786506.2,88165586.2,438081605
817.7,S,42,13055.10,2393.56,17786506.2,88165599.1,438081690
818.7,S,42,13063.61,2394.83,17786506.2,88165663.5,438081758
819.7,S,46,13075.50,2396.44,17786506.2,88165702.2,438081793
820.7,S,42,13084.31,2397.90,17786506.2,88165798.8,438081879
821.7,S,43,13093.28,2399.41,17786506.2,88165859.4,438082123
822.7,S,43,13103.15,2400.84,17786506.2,88165859.7,438082132
823.7,S,43,13112.85,2402.15,17786506.2,88165859.8,438082134
824.7,S,42,13122.27,2403.63,17786506.2,88165910.8,438082227
825.7,S,47,13130.20,2404.98,17786506.2,88166074.9,438082369
826.7,S,47,13143.50,2406.66,17786506.2,88166113.8,438082404
827.7,S,43,13153.22,2408.01,17786506.2,88166171.1,438082456
828.7,S,43,13162.78,2409.38,17786506.2,88166171.4,438082458
829.7,S,42,13171.75,2410.68,17786506.2,88166221.0,438082502
830.7,S,43,13181.13,2412.15,17786506.2,88166282.2,438082556
831.7,S,43,13190.77,2413.53,17786506.2,88166282.6,438082556
832.7,S,47,13199.90,2414.81,17786506.2,88166385.6,438082648
833.7,S,46,13212.90,2416.54,17786506.2,88166453.8,438082781
834.7,S,43,13220.37,2417.84,17786506.2,88166590.6,438083190
835.7,S,43,13229.99,2419.29,17786506.2,88166590.8,438083192
836.7,S,43,13239.53,2420.72,17786506.2,88166591.4,438083195
837.7,S,43,13248.97,2422.32,17786506.2,88166591.9,438083203
838.7,S,42,13257.75,2423.76,17786506.2,88166703.7,438083305
839.7,S,43,13267.45,2425.15,17786506.2,88166703.9,438083307
840.7,S,47,13279.56,2426.71,17786506.2,88166806.8,438083398
841.7,S,43,13289.64,2428.14,17786506.2,88166903.0,438083479
842.7,S,42,13298.85,2429.67,17786506.2,88166953.9,438083525
843.7,S,43,13308.11,2431.06,17786506.2,88167014.3,438083588
844.7,S,43,13317.86,2432.60,17786506.2,88167014.6,438083608
845.7,S,43,13327.42,2434.06,17786506.2,88167014.7,438083610
846.7,S,43,13337.27,2435.52,17786506.2,88167014.9,438083614
847.7,S,49,13349.40,2437.00,17786506.2,88167235.7,438083804
848.7,S,45,13361.66,2438.71,17786506.2,88167332.0,438083886
849.7,S,45,13373.09,2440.23,17786506.2,88167359.3,438083916
850.7,S,44,13383.73,2441.75,17786506.2,88167365.3,438083945
851.7,S,44,13394.40,2443.26,17786506.2,88167371.0,438083999
852.7,S,44,13403.08,2444.62,17786506.2,88167548.8,438084278
853.7,S,44,13413.70,2446.24,17786506.2,88167549.5,438084284
854.7,S,47,13425.46,2447.83,17786506.2,88167684.3,438084436
855.7,S,43,13436.69,2449.44,17786506.2,88167780.1,438084526
856.7,S,42,13445.95,2450.87,17786506.2,88167901.2,438084635
857.7,S,57,13457.08,2452.22,17786506.2,88167901.3,438084635
858.7,S,57,13480.64,2453.70,17786506.2,88167902.0,438084639
859.7,S,57,13504.06,2454.97,17786506.2,88167903.0,438084641
860.7,S,61,13529.31,2456.26,17786506.2,88168006.0,438084734
861.7,S,57,13554.93,2457.57,17786506.2,88168193.2,438084894
862.7,S,57,13578.08,2459.11,17786506.2,88168301.3,438084997
863.7,S,57,13599.71,2460.76,17786506.2,88168816.6,438085428
864.7,S,57,13622.97,2462.25,17786506.2,88168968.3,438085555
865.7,S,57,13644.01,2463.37,17786506.2,88169098.0,438085845
866.7,S,61,13669.18,2464.86,17786506.2,88169375.7,438086500
867.7,S,57,13692.44,2466.13,17786506.2,88169587.5,438086717
868.7,S,57,13712.05,2467.34,17786506.2,88169747.8,438086852
869.7,S,57,13731.80,2468.40,17786506.2,88169748.1,438086853
870.7,S,57,13750.10,2469.72,17786506.2,88170300.0,438087326
871.7,S,57,13769.24,2470.87,17786506.2,88170524.2,438087674
872.7,S,57,13788.90,2472.10,17786506.2,88170558.9,438087710
873.7,S,57,13807.84,2473.25,17786506.2,88170800.2,438088155
874.7,S,57,13826.96,2474.43,17786506.2,88171008.7,438088343
875.7,S,57,13846.32,2475.44,17786506.2,88171125.5,438088547
876.7,S,57,13865.82,2476.61,17786506.2,88171335.1,438088732
877.7,S,61,13885.86,2477.52,17786506.2,88171848.6,438089300
878.7,S,56,13906.00,2478.40,17786506.2,88172148.5,438089684
879.7,S,56,13923.39,2479.31,17786506.2,88172373.4,438089887
880.7,S,56,13940.62,2480.28,17786506.2,88172587.0,438090212
881.7,S,52,13956.32,2481.21,17786506.2,88172875.2,438090593
882.7,S,42,13964.00,2482.98,17786506.2,88173169.9,438090852
883.7,S,43,13973.42,2484.47,17786506.2,88173171.1,438090865
884.7,S,43,13983.30,2485.90,17786506.2,88173171.4,438090872
885.7,S,43,13993.07,2487.29,17786506.2,88173171.5,438090876
886.7,S,43,14002.82,2488.68,17786506.2,88173172.9,438090880
887.7,S,49,14013.60,2490.10,17786506.2,88173402.9,438091104
888.7,S,45,14027.91,2491.93,17786506.2,88173522.6,438091218
889.7,S,45,14039.42,2493.41,17786506.2,88173522.8,438091231
890.7,S,45,14050.96,2494.92,17786506.2,88173523.0,438091276
891.7,S,44,14062.24,2496.55,17786506.2,88173644.5,438091393
892.7,S,43,14071.36,2498.22,17786506.2,88173766.3,438091497
893.7,S,43,14081.20,2499.61,17786506.2,88173766.5,438091499
894.7,S,47,14090.67,2500.74,17786506.2,88173869.0,438091753
895.7,S,42,14102.07,2502.33,17786506.2,88174015.6,438092091
896.7,S,43,14110.91,2503.74,17786506.2,88174076.8,438092150
897.7,S,43,14120.54,2505.12,17786506.2,88174077.2,438092154
898.7,S,43,14130.44,2506.59,17786506.2,88174078.3,438092167
899.7,S,42,14140.07,2508.05,17786506.2,88174123.1,438092246
900.7,S,42,14148.49,2509.38,17786506.2,88174259.2,438092416
901.7,S,48,14161.00,2511.07,17786506.2,88174286.6,438092481
902.7,S,44,14173.26,2512.68,17786506.2,88174388.7,438092592
903.7,S,43,14183.08,2514.10,17786506.2,88174410.8,438092684
904.7,S,43,14192.73,2515.61,17786506.2,88174411.6,438092688
905.7,S,44,14201.82,2517.14,17786506.2,88174532.6,438092921
906.7,S,43,14211.61,2518.73,17786506.2,88174539.5,438092964
907.7,S,43,14221.31,2520.18,17786506.2,88174539.7,438092972
908.7,S,47,14232.74,2521.66,17786506.2,88174642.6,438093078
909.8,S,43,14242.17,2522.96,17786506.2,88174738.8,438093373
910.8,S,43,14250.33,2524.37,17786506.2,88174859.5,438093635
911.8,S,43,14259.89,2525.82,17786506.2,88174859.6,438093644
912.8,S,43,14269.66,2527.33,17786506.2,88174859.9,438093654
913.8,S,42,14278.87,2528.75,17786506.2,88174901.8,438093733
914.8,S,42,14287.44,2530.18,17786506.2,88174962.6,438093922
915.8,S,47,14297.06,2531.47,17786506.2,88175065.8,438094100
916.8,S,43,14309.40,2533.14,17786506.2,88175161.6,438094210
917.8,S,43,14319.00,2534.62,17786506.2,88175161.8,438094213
918.8,S,42,14327.92,2536.05,17786506.2,88175205.2,438094327
919.8,S,43,14336.53,2537.51,17786506.2,88175265.9,438094573
920.8,S,43,14346.30,2538.73,17786506.2,88175266.4,438094576
921.8,S,43,14355.93,2540.30,17786506.2,88175266.9,438094578
922.8,S,46,14366.41,2541.79,17786506.2,88175412.8,438094716
923.8,S,42,14376.55,2543.32,17786506.2,88175508.9,438094811
924.8,S,43,14385.72,2544.80,17786506.2,88175569.8,438094926
925.8,S,43,14395.57,2546.19,17786506.2,88175570.4,438094942
926.8,S,43,14405.31,2547.63,17786506.2,88175570.6,438094949
927.8,S,42,14414.39,2549.02,17786506.2,88175614.6,438095363
928.8,S,43,14423.19,2550.40,17786506.2,88175675.2,438095523
929.8,S,47,14433.83,2551.80,17786506.2,88175777.8,438095700
930.8,S,43,14444.51,2553.40,17786506.2,88175873.5,438095845
931.8,S,42,14453.82,2554.88,17786506.2,88175918.2,438095889
932.8,S,42,14462.75,2556.29,17786506.2,88175978.8,438095942
933.8,S,43,14472.34,2557.79,17786506.2,88175979.0,438095944
934.8,S,43,14482.11,2559.15,17786506.2,88176007.8,438095978
935.8,S,43,14491.85,2560.61,17786506.2,88176008.1,438095983
936.8,S,46,14502.55,2562.09,17786506.2,88176156.9,438096114
937.8,S,43,14512.68,2563.60,17786506.2,88176313.3,438096251
938.8,S,43,14522.27,2564.98,17786506.2,88176313.8,438096259
939.8,S,43,14531.99,2566.26,17786506.2,88176314.1,438096264
940.8,S,42,14541.16,2567.65,17786506.2,88176358.2,438096343
941.8,S,43,14549.77,2569.08,17786506.2,88176418.9,438096459
942.8,S,43,14559.46,2570.51,17786506.2,88176419.4,438096467
943.8,S,47,14571.23,2572.04,17786506.2,88176522.3,438096568
944.8,S,42,14581.71,2573.65,17786506.2,88176689.6,438096717
945.8,S,42,14590.42,2574.96,17786506.2,88176689.7,438096718
946.8,S,43,14599.81,2576.39,17786506.2,88176750.1,438096770
947.8,S,43,14609.59,2577.82,17786506.2,88176750.5,438096774
948.8,S,43,14619.04,2579.38,17786506.2,88176751.3,438096779
949.8,S,42,14628.79,2580.74,17786506.2,88176808.5,438096829
950.8,S,47,14640.21,2582.25,17786506.2,88176971.9,438096977
951.8,S,43,14650.73,2583.75,17786506.2,88177068.2,438097074
952.8,S,43,14660.45,2585.11,17786506.2,88177068.4,438097083
953.8,S,42,14669.59,2586.52,17786506.2,88177115.0,438097178
954.8,S,43,14678.10,2588.04,17786506.2,88177175.5,438097339
955.8,S,43,14687.99,2589.32,17786506.2,88177176.1,438097342
956.8,S,43,14697.89,2590.76,17786506.2,88177176.2,438097343
957.8,S,47,14709.80,2592.34,17786506.2,88177313.1,438097461
958.8,S,42,14719.28,2593.75,17786506.2,88177462.6,438097589
959.8,S,43,14728.71,2595.35,17786506.2,88177479.4,438097609
960.8,S,43,14738.63,2596.72,17786506.2,88177479.9,438097611
961.8,S,42,14748.21,2598.16,17786506.2,88177520.8,438097647
962.8,S,42,14756.89,2599.56,17786506.2,88177521.1,438097651
963.8,S,44,14766.82,2601.04,17786506.2,88177582.4,438097710
964.8,S,47,14779.25,2602.67,17786506.2,88177701.6,438097814
965.8,S,43,14789.62,2604.06,17786506.2,88177797.6,438097905
966.8,S,43,14799.34,2605.52,17786506.2,88177798.0,438097907
967.8,S,42,14808.51,2607.04,17786506.2,88177918.2,438098013
968.8,S,57,14817.55,2608.63,17786506.2,88177918.5,438098016
969.8,S,57,14840.78,2610.14,17786506.2,88177919.3,438098026
970.8,S,61,14863.63,2611.35,17786506.2,88178022.5,438098297
971.8,S,61,14890.60,2612.71,17786506.2,88178045.6,438098341
972.8,S,57,14911.13,2613.96,17786506.2,88178250.7,438098557
973.8,S,57,14930.28,2615.06,17786506.2,88178414.1,438098695
974.8,S,57,14948.94,2616.10,17786506.2,88178795.4,438099018
975.8,S,57,14968.03,2617.19,17786506.2,88179028.8,438099222
976.8,S,57,14986.99,2618.28,17786506.2,88179221.0,438099488
977.8,S,57,15006.31,2619.36,17786506.2,88179267.4,438099546
978.8,S,57,15025.29,2620.51,17786506.2,88179428.2,438099685
979.8,S,57,15044.47,2621.52,17786506.2,88179508.6,438099753
980.8,S,57,15063.29,2622.78,17786506.2,88180105.4,438100272
981.8,S,57,15082.55,2623.84,17786506.2,88180255.1,438100405
982.8,S,57,15101.26,2624.99,17786506.2,88180411.7,438100773
983.8,S,61,15122.48,2625.78,17786506.2,88180594.8,438101172
984.8,S,57,15141.64,2626.60,17786506.2,88180806.7,438101366
985.8,S,57,15159.34,2627.48,17786506.2,88181143.9,438101659
986.8,S,57,15177.34,2628.29,17786506.2,88181291.5,438101795
987.8,S,57,15195.36,2629.16,17786506.2,88181457.9,438101937
988.8,S,57,15213.25,2630.10,17786506.2,88181809.1,438102246
989.8,S,57,15231.11,2630.83,17786506.2,88181939.8,438102444
990.8,S,57,15247.05,2631.73,17786506.2,88182205.5,438103058
991.8,S,56,15263.37,2632.67,17786506.2,88182656.4,438103541
992.8,S,51,15279.94,2633.56,17786506.2,88182905.9,438103780
993.8,S,42,15286.62,2634.51,17786506.2,88183270.0,438104140
994.8,S,44,15295.44,2636.59,17786506.2,88183270.8,438104142
995.8,S,44,15305.96,2638.03,17786506.2,88183272.3,438104146
996.8,S,43,15316.37,2639.54,17786506.2,88183301.3,438104192
997.8,S,47,15327.26,2641.14,17786506.2,88183321.6,438104239
998.8,S,43,15338.28,2642.70,17786506.2,88183585.1,438104488
999.8,S,43,15347.63,2644.19,17786506.2,88183618.1,438104519
1000.8,S,43,15357.29,2645.69,17786506.2,88183618.9,438104522
1001.8,S,43,15366.85,2647.15,17786506.2,88183619.1,438104525
1002.8,S,43,15376.58,2648.57,17786506.2,88183651.9,438104575
1003.8,S,44,15385.78,2649.96,17786506.2,88183809.7,438104750
1004.8,S,47,15396.83,2651.54,17786506.2,88183851.7,438104857
1005.8,S,43,15408.74,2653.11,17786506.2,88183947.8,438105113
1006.8,S,43,15418.46,2654.68,17786506.2,88183948.1,438105142
1007.8,S,43,15427.75,2656.20,17786506.2,88184020.9,438105304
1008.8,S,43,15436.52,2657.57,17786506.2,88184067.5,438105411
1009.8,S,43,15446.23,2658.99,17786506.2,88184068.2,438105417
1010.8,S,43,15455.67,2660.46,17786506.2,88184068.4,438105426
1011.8,S,47,15466.08,2661.95,17786506.2,88184099.0,438105490
1012.8,S,45,15477.86,2663.64,17786506.2,88184314.6,438105875
1013.8,S,44,15489.13,2665.22,17786506.2,88184413.1,438106026
1014.8,S,44,15499.75,2666.73,17786506.2,88184413.2,438106035
1015.8,S,44,15510.24,2668.14,17786506.2,88184413.9,438106046
1016.8,S,44,15521.01,2669.59,17786506.2,88184421.8,438106063
1017.8,S,43,15529.12,2670.99,17786506.2,88184594.6,438106366
1018.8,S,47,15539.24,2672.53,17786506.2,88184613.5,438106390
1019.8,S,47,15551.39,2674.13,17786506.2,88184694.9,438106634
1020.8,S,42,15560.57,2675.56,17786506.2,88184754.3,438106796
1021.8,S,42,15569.07,2676.88,17786506.2,88184814.5,438106973
1022.8,S,43,15578.60,2678.37,17786506.2,88184815.2,438106976
1023.8,S,43,15588.31,2679.78,17786506.2,88184815.6,438106987
1024.8,S,42,15597.75,2681.34,17786506.2,88184854.3,438107052
1025.8,S,46,15605.42,2682.60,17786506.2,88184957.2,438107242
1026.8,S,46,15617.91,2684.29,17786506.2,88185065.0,438107447
1027.8,S,43,15627.56,2685.82,17786506.2,88185113.1,438107502
1028.8,S,43,15637.12,2687.24,17786506.2,88185113.6,438107506
1029.8,S,42,15645.83,2688.72,17786506.2,88185152.7,438107575
1030.8,S,43,15654.55,2690.08,17786506.2,88185213.1,438107695
1031.8,S,43,15664.23,2691.61,17786506.2,88185213.3,438107706
1032.8,S,47,15673.22,2692.88,17786506.2,88185316.0,438107794
1033.8,S,46,15685.99,2694.54,17786506.2,88185400.4,438107878
1034.8,S,42,15694.83,2696.10,17786506.2,88185453.9,438107929
1035.8,S,43,15704.32,2697.53,17786506.2,88185511.9,438107981
1036.8,S,43,15713.92,2698.93,17786506.2,88185512.5,438107984
1037.8,S,43,15723.64,2700.37,17786506.2,88185512.7,438107985
1038.8,S,42,15732.74,2701.72,17786506.2,88185561.4,438108028
1039.8,S,47,15741.77,2702.99,17786506.2,88185724.5,438108180
1040.8,S,45,15754.76,2704.66,17786506.2,88185820.3,438108261
1041.9,S,43,15764.52,2706.19,17786506.2,88185820.8,438108264
1042.9,S,42,15773.37,2707.66,17786506.2,88185862.6,438108303
1043.9,S,43,15782.33,2709.14,17786506.2,88185923.0,438108361
1044.9,S,43,15792.13,2710.51,17786506.2,88185923.6,438108365
1045.9,S,43,15801.71,2711.98,17786506.2,88185923.7,438108365
1046.9,S,46,15810.92,2713.34,17786506.2,88186065.6,438108487
1047.9,S,44,15822.25,2715.05,17786506.2,88186221.9,438108625
1048.9,S,43,15831.86,2716.57,17786506.2,88186222.1,438108628
1049.9,S,43,15841.51,2717.97,17786506.2,88186222.4,438108635
1050.9,S,42,15850.78,2719.52,17786506.2,88186262.7,438108722
1051.9,S,42,15859.40,2721.00,17786506.2,88186292.7,438108757
1052.9,S,43,15868.89,2722.45,17786506.2,88186323.2,438108784
1053.9,S,47,15878.67,2723.78,17786506.2,88186426.1,438108873
1054.9,S,44,15891.33,2725.53,17786506.2,88186498.1,438108936
1055.9,S,42,15900.28,2726.85,17786506.2,88186562.8,438108993
1056.9,S,45,15909.63,2728.32,17786506.2,88186623.8,438109053
1057.9,S,45,15921.23,2729.82,17786506.2,88186624.3,438109056
1058.9,S,45,15932.81,2731.43,17786506.2,88186624.8,438109059
1059.9,S,45,15944.48,2732.86,17786506.2,88186625.0,438109061
1060.9,S,47,15955.04,2734.14,17786506.2,88186896.4,438109297
1061.9,S,43,15967.02,2735.73,17786506.2,88187052.1,438109547
1062.9,S,43,15976.59,2737.20,17786506.2,88187052.1,438109547
1063.9,S,42,15986.12,2738.66,17786506.2,88187090.1,438109603
1064.9,S,42,15995.03,2740.09,17786506.2,88187090.5,438109607
1065.9,S,46,16005.40,2741.54,17786506.2,88187151.7,438109667
1066.9,S,46,16017.75,2743.11,17786506.2,88187152.1,438109669
1067.9,S,46,16029.43,2744.55,17786506.2,88187252.9,438109754
1068.9,S,50,16045.63,2746.41,17786506.2,88187255.4,438109757
1069.9,S,44,16056.80,2747.82,17786506.2,88187588.7,438110041
1070.9,S,43,16066.37,2749.31,17786506.2,88187648.7,438110102
1071.9,S,43,16075.90,2750.91,17786506.2,88187648.8,438110106
1072.9,S,42,16085.44,2752.32,17786506.2,88187687.9,438110299
1073.9,S,42,16094.34,2753.58,17786506.2,88187688.0,438110301
1074.9,S,47,16103.83,2755.00,17786506.2,88187851.0,438110444
1075.9,S,43,16115.64,2756.57,17786506.2,88187946.9,438110526
1076.9,S,43,16125.37,2758.10,17786506.2,88187947.1,438110528
1077.9,S,42,16135.05,2759.54,17786506.2,88187996.6,438110573
1078.9,S,43,16143.61,2760.92,17786506.2,88188057.4,438110627
1079.9,S,43,16153.46,2762.25,17786506.2,88188057.6,438110628
1080.9,S,43,16163.13,2763.65,17786506.2,88188058.2,438110632
1081.9,S,46,16173.76,2765.11,17786506.2,88188200.4,438110758
1082.9,S,42,16183.88,2766.48,17786506.2,88188296.7,438110848
1083.9,S,42,16192.34,2767.92,17786506.2,88188357.4,438110995
1084.9,S,57,16209.11,2769.37,17786506.2,88188358.4,438111004
1085.9,S,57,16232.73,2770.77,17786506.2,88188358.9,438111007
1086.9,S,57,16255.82,2772.30,17786506.2,88188359.5,438111018
1087.9,S,61,16280.53,2773.47,17786506.2,88188490.4,438111129
1088.9,S,60,16306.99,2774.90,17786506.2,88188544.2,438111187
1089.9,S,57,16325.91,2776.12,17786506.2,88189167.0,438111713
1090.9,S,57,16344.91,2777.11,17786506.2,88189320.0,438111846
1091.9,S,57,16363.48,2778.07,17786506.2,88189530.7,438112024
1092.9,S,57,16380.24,2778.98,17786506.2,88189679.1,438112318
1093.9,S,57,16399.05,2780.02,17786506.2,88189778.4,438112578
1094.9,S,57,16416.57,2781.08,17786506.2,88190059.5,438112937
1095.9,S,57,16435.41,2782.17,17786506.2,88190290.5,438113132
1096.9,S,57,16453.83,2783.25,17786506.2,88190675.0,438113583
1097.9,S,57,16472.75,2784.15,17786506.2,88190717.7,438113671
1098.9,S,57,16491.74,2785.23,17786506.2,88190771.7,438113765
1099.9,S,57,16509.85,2786.22,17786506.2,88191141.3,438114090
1100.9,S,57,16528.69,2787.24,17786506.2,88191362.4,438114326
1101.9,S,61,16549.87,2787.91,17786506.2,88191613.4,438114541
1102.9,S,57,16566.16,2788.84,17786506.2,88192042.6,438115307
1103.9,S,57,16583.84,2789.76,17786506.2,88192091.4,438115411
1104.9,S,57,16601.37,2790.55,17786506.2,88192415.7,438115693
1105.9,S,57,16618.95,2791.26,17786506.2,88192667.6,438115917
1106.9,S,57,16636.55,2792.02,17786506.2,88192779.5,438116021
1107.9,S,56,16653.46,2792.83,17786506.2,88193060.8,438116275
1108.9,S,55,16670.26,2793.64,17786506.2,88193224.2,438116506
1109.9,S,42,16679.97,2794.52,17786506.2,88193828.8,438117019
1110.9,S,43,16688.51,2796.60,17786506.2,88193831.3,438117032
1111.9,S,42,16698.11,2798.13,17786506.2,88193847.6,438117083
1112.9,S,42,16706.85,2799.61,17786506.2,88193847.8,438117086
1113.9,S,42,16715.50,2800.92,17786506.2,88193848.2,438117095
1114.9,S,46,16725.62,2802.39,17786506.2,88193929.3,438117257
1115.9,S,44,16737.64,2804.05,17786506.2,88194092.8,438117563
1116.9,S,44,16748.22,2805.61,17786506.2,88194136.7,438117639
1117.9,S,43,16758.53,2807.11,17786506.2,88194177.5,438117684
1118.9,S,43,16768.17,2808.48,17786506.2,88194177.7,438117690
1119.9,S,43,16777.15,2810.02,17786506.2,88194298.7,438117987
1120.9,S,43,16786.94,2811.43,17786506.2,88194298.9,438117993
1121.9,S,47,16798.77,2813.12,17786506.2,88194395.3,438118150
1122.9,S,43,16810.14,2814.79,17786506.2,88194491.4,438118244
1123.9,S,43,16819.71,2816.38,17786506.2,88194492.3,438118268
1124.9,S,43,16828.88,2817.82,17786506.2,88194612.9,438118381
1125.9,S,43,16838.66,2819.22,17786506.2,88194613.3,438118390
1126.9,S,43,16848.33,2820.60,17786506.2,88194613.8,438118420
1127.9,S,43,16857.96,2822.13,17786506.2,88194614.2,438118429
1128.9,S,47,16868.45,2823.70,17786506.2,88194759.9,438118576
1129.9,S,43,16879.82,2825.26,17786506.2,88194856.1,438118668
1130.9,S,43,16889.58,2826.81,17786506.2,88194856.5,438118669
1131.9,S,43,16899.17,2828.16,17786506.2,88194946.6,438118855
1132.9,S,42,16908.44,2829.68,17786506.2,88195005.0,438118958
1133.9,S,43,16917.64,2831.17,17786506.2,88195065.6,438119146
1134.9,S,43,16927.34,2832.68,17786506.2,88195065.9,438119146
1135.9,S,47,16939.52,2834.27,17786506.2,88195079.7,438119178
1136.9,S,42,16948.97,2835.58,17786506.2,88195220.8,438119527
1137.9,S,45,16958.35,2837.12,17786506.2,88195281.2,438119616
1138.9,S,45,16969.82,2838.59,17786506.2,88195281.2,438119616
1139.9,S,45,16981.51,2840.18,17786506.2,88195281.6,438119623
1140.9,S,44,16992.64,2841.62,17786506.2,88195323.3,438119697
1141.9,S,44,17002.80,2843.12,17786506.2,88195491.3,438119854
1142.9,S,47,17013.55,2844.64,17786506.2,88195605.0,438119963
1143.9,S,43,17024.88,2846.13,17786506.2,88195701.3,438120117
1144.9,S,43,17034.41,2847.63,17786506.2,88195701.3,438120117
1145.9,S,42,17043.95,2848.92,17786506.2,88195757.5,438120235
1146.9,S,43,17053.09,2850.33,17786506.2,88195819.6,438120365
1147.9,S,43,17062.78,2851.77,17786506.2,88195820.1,438120383
1148.9,S,43,17072.38,2853.21,17786506.2,88195824.0,438120461
1149.9,S,46,17081.01,2854.54,17786506.2,88195959.1,438120775
1150.9,S,43,17091.92,2856.08,17786506.2,88196114.4,438121013
1151.9,S,43,17101.63,2857.47,17786506.2,88196115.1,438121023
1152.9,S,43,17111.44,2858.98,17786506.2,88196115.1,438121023
1153.9,S,42,17120.46,2860.36,17786506.2,88196152.4,438121092
1154.9,S,42,17129.15,2861.73,17786506.2,88196152.4,438121092
1155.9,S,43,17138.61,2863.25,17786506.2,88196212.2,438121147
1156.9,S,47,17148.75,2864.72,17786506.2,88196315.1,438121235
1157.9,S,42,17160.34,2866.38,17786506.2,88196446.6,438121349
1158.9,S,42,17169.16,2867.69,17786506.2,88196446.9,438121349
1159.9,S,43,17178.36,2869.11,17786506.2,88196507.3,438121407
1160.9,S,43,17188.16,2870.49,17786506.2,88196507.3,438121407
1161.9,S,42,17197.91,2871.87,17786506.2,88196542.8,438121445
1162.9,S,42,17206.68,2873.21,17786506.2,88196543.2,438121445
1163.9,S,47,17214.69,2874.38,17786506.2,88196706.3,438121796
1164.9,S,43,17227.32,2875.94,17786506.2,88196802.1,438121883
1165.9,S,43,17236.98,2877.41,17786506.2,88196802.5,438121884
1166.9,S,42,17245.99,2878.80,17786506.2,88196839.4,438121916
1167.9,S,42,17254.61,2880.22,17786506.2,88196877.3,438121952
1168.9,S,43,17264.88,2881.68,17786506.2,88196909.2,438121985
1170.0,S,43,17274.53,2883.13,17786506.2,88196909.7,438121991
1171.0,S,47,17285.12,2884.52,17786506.2,88197012.6,438122079
1172.0,S,43,17296.70,2886.15,17786506.2,88197108.8,438122167
1173.0,S,43,17305.84,2887.57,17786506.2,88197227.9,438122278
1174.0,S,43,17315.61,2889.08,17786506.2,88197228.4,438122281
1175.0,S,43,17325.35,2890.60,17786506.2,88197229.0,438122281
1176.0,S,42,17334.16,2892.02,17786506.2,88197266.6,438122316
1177.0,S,43,17342.89,2893.44,17786506.2,88197326.4,438122371
1178.0,S,47,17353.79,2895.05,17786506.2,88197429.0,438122465
1179.0,S,43,17364.92,2896.65,17786506.2,88197524.6,438122548
1180.0,S,42,17374.02,2898.11,17786506.2,88197560.6,438122581
1181.0,S,42,17382.80,2899.47,17786506.2,88197560.8,438122581
1182.0,S,43,17392.08,2900.87,17786506.2,88197621.1,438122644
1183.0,S,43,17401.68,2902.29,17786506.2,88197621.1,438122644
1184.0,S,43,17411.27,2903.76,17786506.2,88197621.4,438122646
1185.0,S,46,17421.12,2905.31,17786506.2,88197762.0,438122772
1186.0,S,43,17431.82,2906.81,17786506.2,88197917.0,438122903
1187.0,S,43,17441.49,2908.27,17786506.2,88197917.5,438122905
1188.0,S,43,17451.20,2909.57,17786506.2,88197917.7,438122909
1189.0,S,42,17459.91,2910.87,17786506.2,88197953.0,438122941
1190.0,S,42,17468.49,2912.23,17786506.2,88197953.3,438122944
1191.0,S,43,17478.09,2913.78,17786506.2,88198013.5,438123007
1192.0,S,47,17489.07,2915.25,17786506.2,88198116.5,438123099
1193.0,S,42,17500.60,2916.91,17786506.2,88198248.8,438123212
1194.0,S,42,17509.31,2918.22,17786506.2,88198249.0,438123213
1195.0,S,43,17518.44,2919.70,17786506.2,88198308.5,438123263
1196.0,S,43,17528.05,2921.25,17786506.2,88198309.3,438123267
1197.0,S,43,17537.70,2922.66,17786506.2,88198309.4,438123269
1198.0,S,42,17546.49,2924.03,17786506.2,88198346.0,438123304
1199.0,S,47,17556.83,2925.46,17786506.2,88198508.4,438123453
1200.0,S,43,17567.61,2926.95,17786506.2,88198604.4,438123669
1201.0,S,43,17577.31,2928.36,17786506.2,88198604.6,438123695
1202.0,S,42,17586.13,2929.75,17786506.2,88198641.1,438123802
1203.0,S,42,17594.62,2931.20,17786506.2,88198700.8,438123863
1204.0,S,42,17603.29,2932.52,17786506.2,88198701.4,438123909
1205.0,S,57,17624.98,2934.03,17786506.2,88198702.0,438123910
1206.0,S,61,17650.69,2935.33,17786506.2,88198804.6,438124003
1207.0,S,57,17675.90,2936.54,17786506.2,88198900.6,438124086
1208.0,S,57,17694.58,2937.49,17786506.2,88198900.9,438124094
1209.0,S,57,17712.74,2938.49,17786506.2,88199063.8,438124475
1210.0,S,57,17728.26,2939.45,17786506.2,88199497.5,438125191
1211.0,S,57,17746.82,2940.31,17786506.2,88199567.8,438125251
1212.0,S,57,17765.16,2941.25,17786506.2,88199883.2,438125517
1213.0,S,57,17783.61,2942.16,17786506.2,88200130.2,438125729
1214.0,S,57,17802.27,2943.06,17786506.2,88200169.2,438125797
1215.0,S,57,17818.80,2944.08,17786506.2,88200532.5,438126498
1216.0,S,57,17837.25,2945.09,17786506.2,88200797.5,438126731
1217.0,S,57,17855.94,2945.99,17786506.2,88200910.7,438126846
1218.0,S,57,17874.51,2946.97,17786506.2,88200987.9,438126913
1219.0,S,57,17892.59,2947.95,17786506.2,88201299.8,438127287
1220.0,S,57,17910.56,2949.00,17786506.2,88201746.1,438127741
1221.0,S,61,17930.80,2949.71,17786506.2,88202020.4,438128076
1222.0,S,57,17949.63,2950.40,17786506.2,88202116.3,438128285
1223.0,S,57,17966.37,2951.26,17786506.2,88202257.3,438128723
1224.0,S,57,17982.49,2951.94,17786506.2,88202656.7,438129281
1225.0,S,57,17999.76,2952.73,17786506.2,88202953.8,438129541
1226.0,S,57,18017.31,2953.48,17786506.2,88203131.6,438129702
1227.0,S,56,18034.60,2954.23,17786506.2,88203166.8,438129753
1228.0,S,56,18051.12,2955.02,17786506.2,88203502.7,438130051
1229.0,S,56,18067.62,2955.78,17786506.2,88203824.7,438130330
1230.0,S,46,18081.13,2956.56,17786506.2,88204231.0,438130696
1231.0,S,42,18086.03,2957.51,17786506.2,88204407.3,438130858
1232.0,S,42,18094.35,2959.46,17786506.2,88204408.6,438130896
1233.0,S,42,18103.28,2960.76,17786506.2,88204408.7,438130902
1234.0,S,42,18112.09,2962.24,17786506.2,88204408.9,438130907
1235.0,S,42,18120.33,2963.48,17786506.2,88204414.7,438130915
1236.0,S,48,18132.84,2965.16,17786506.2,88204487.7,438131145
1237.0,S,44,18143.66,2966.60,17786506.2,88204583.8,438131335
1238.0,S,43,18153.96,2968.00,17786506.2,88204618.0,438131371
1239.0,S,43,18163.70,2969.40,17786506.2,88204618.2,438131397
1240.0,S,43,18172.06,2970.86,17786506.2,88204736.8,438131645
1241.0,S,43,18181.91,2972.26,17786506.2,88204807.2,438131781
1242.0,S,43,18191.51,2973.59,17786506.2,88204807.2,438131781
1243.0,S,47,18202.46,2974.99,17786506.2,88204850.0,438131939
1244.0,S,42,18212.29,2976.44,17786506.2,88204989.5,438132260
1245.0,S,43,18221.36,2977.91,17786506.2,88205049.3,438132332
1246.0,S,43,18231.23,2979.25,17786506.2,88205050.0,438132336
1247.0,S,43,18240.89,2980.82,17786506.2,88205050.7,438132338
1248.0,S,42,18249.94,2982.17,17786506.2,88205093.0,438132556
1249.0,S,43,18258.69,2983.60,17786506.2,88205152.6,438132665
1250.0,S,47,18270.75,2985.19,17786506.2,88205185.4,438132728
1251.0,S,43,18280.85,2986.59,17786506.2,88205363.6,438133139
1252.0,S,42,18289.58,2988.09,17786506.2,88205397.0,438133216
1253.0,S,42,18298.29,2989.59,17786506.2,88205397.4,438133229
1254.0,S,43,18307.46,2991.09,17786506.2,88205456.4,438133285
1255.0,S,43,18317.10,2992.54,17786506.2,88205456.9,438133290
1256.0,S,43,18326.69,2994.08,17786506.2,88205462.3,438133295
1257.0,S,46,18338.99,2995.79,17786506.2,88205521.1,438133407
1258.0,S,43,18348.18,2997.21,17786506.2,88205676.2,438133539
1259.0,S,43,18357.73,2998.73,17786506.2,88205676.8,438133549
1260.0,S,43,18367.38,3000.05,17786506.2,88205676.9,438133549
1261.0,S,42,18376.37,3001.56,17786506.2,88205718.2,438133646
1262.0,S,42,18384.58,3002.98,17786506.2,88205778.2,438133755
1263.0,S,43,18394.09,3004.45,17786506.2,88205778.6,438133767
1264.0,S,47,18406.01,3006.15,17786506.2,88205881.4,438133854
1265.0,S,43,18416.27,3007.54,17786506.2,88205978.0,438133942
1266.0,S,42,18425.79,3008.88,17786506.2,88206029.0,438133985
1267.0,S,44,18435.59,3010.30,17786506.2,88206088.3,438134042
1268.0,S,43,18445.71,3011.73,17786506.2,88206101.1,438134053
1269.0,S,43,18455.38,3013.17,17786506.2,88206101.5,438134058
1270.0,S,43,18464.66,3014.65,17786506.2,88206178.8,438134124
1271.0,S,48,18477.45,3016.43,17786506.2,88206323.0,438134250
1272.0,S,44,18488.24,3017.99,17786506.2,88206418.6,438134333
1273.0,S,44,18498.76,3019.45,17786506.2,88206419.0,438134344
1274.0,S,44,18509.36,3020.91,17786506.2,88206419.3,438134344
1275.0,S,43,18518.99,3022.28,17786506.2,88206522.4,438134466
1276.0,S,43,18528.23,3023.61,17786506.2,88206585.9,438134521
1277.0,S,43,18537.73,3025.12,17786506.2,88206620.6,438134555
1278.0,S,46,18549.83,3026.64,17786506.2,88206722.0,438134644
1279.0,S,42,18559.02,3028.08,17786506.2,88206818.2,438134730
1280.0,S,43,18568.33,3029.39,17786506.2,88206878.4,438134785
1281.0,S,43,18578.03,3030.75,17786506.2,88206879.1,438134790
1282.0,S,42,18587.28,3032.23,17786506.2,88206911.4,438134817
1283.0,S,42,18595.98,3033.55,17786506.2,88206911.8,438134823
1284.0,S,45,18604.77,3034.83,17786506.2,88207004.2,438134967
1285.0,S,48,18617.43,3036.32,17786506.2,88207081.9,438135152
1286.0,S,44,18628.24,3037.84,17786506.2,88207177.9,438135409
1287.0,S,44,18638.90,3039.34,17786506.2,88207178.6,438135420
1288.0,S,44,18649.08,3040.84,17786506.2,88207284.5,438135511
1289.0,S,43,18658.59,3042.22,17786506.2,88207356.2,438135574
1290.0,S,43,18668.32,3043.45,17786506.2,88207356.2,438135574
1291.0,S,42,18677.06,3044.81,17786506.2,88207441.5,438135655
1292.0,S,46,18688.97,3046.32,17786506.2,88207492.4,438135702
1293.0,S,43,18698.50,3047.83,17786506.2,88207648.1,438135852
1294.0,S,43,18708.28,3049.15,17786506.2,88207648.1,438135852
1295.1,S,43,18718.07,3050.66,17786506.2,88207648.4,438135900
1296.1,S,42,18726.95,3052.03,17786506.2,88207683.1,438135936
1297.1,S,44,18735.88,3053.46,17786506.2,88207743.1,438135990
1298.1,S,43,18745.66,3054.88,17786506.2,88207828.1,438136062
1299.1,S,47,18758.66,3056.48,17786506.2,88207858.9,438136089
1300.1,S,43,18768.62,3058.03,17786506.2,88207954.6,438136170
1301.1,S,42,18778.10,3059.63,17786506.2,88208058.6,438136266
1302.1,S,43,18787.60,3061.04,17786506.2,88208073.0,438136281
1303.1,S,43,18797.32,3062.53,17786506.2,88208073.9,438136285
1304.1,S,42,18806.42,3064.04,17786506.2,88208106.5,438136313
1305.1,S,46,18814.60,3065.47,17786506.2,88208209.2,438136402
1306.1,S,47,18827.04,3067.06,17786506.2,88208364.5,438136543
1307.1,S,43,18836.80,3068.62,17786506.2,88208364.7,438136545
1308.1,S,42,18846.22,3069.99,17786506.2,88208399.1,438136576
1309.1,S,42,18854.94,3071.30,17786506.2,88208399.8,438136582
1310.1,S,44,18864.39,3072.79,17786506.2,88208459.0,438136635
1311.1,S,44,18874.96,3074.24,17786506.2,88208459.3,438136644
1312.1,S,43,18884.07,3075.52,17786506.2,88208571.9,438136749
1313.1,S,47,18897.36,3077.21,17786506.2,88208601.9,438136776
1314.1,S,42,18906.32,3078.67,17786506.2,88208798.5,438136952
1315.1,S,45,18917.70,3080.15,17786506.2,88208799.3,438136954
1316.1,S,44,18928.35,3081.65,17786506.2,88208814.6,438136970
1317.1,S,44,18938.94,3083.15,17786506.2,88208814.9,438136973
1318.1,S,44,18949.53,3084.50,17786506.2,88208815.0,438136975
1319.1,S,43,18958.89,3085.98,17786506.2,88208993.3,438137130
1320.1,S,47,18970.84,3087.59,17786506.2,88209096.1,438137227
1321.1,S,43,18979.91,3088.99,17786506.2,88209192.6,438137454
1322.1,S,42,18988.58,3090.40,17786506.2,88209226.2,438137538
1323.1,S,43,18997.25,3091.81,17786506.2,88209285.5,438137591
1324.1,S,43,19006.80,3093.33,17786506.2,88209285.7,438137598
1325.1,S,43,19016.58,3094.59,17786506.2,88209286.2,438137603
1326.1,S,43,19026.29,3096.02,17786506.2,88209286.4,438137605
1327.1,S,47,19037.52,3097.47,17786506.2,88209389.4,438137695
1328.1,S,43,19046.58,3098.71,17786506.2,88209603.9,438137883
1329.1,S,43,19052.03,3099.48,17786506.2,88209604.1,438137885
1330.1,S,42,19057.24,3100.22,17786506.2,88209637.8,438137913
1331.1,S,42,19061.71,3100.98,17786506.2,88209638.1,438137915
1332.1,S,42,19066.23,3101.83,17786506.2,88209697.7,438137971
1333.1,S,42,19071.33,3102.66,17786506.2,88209697.8,438137971
1334.1,S,57,19089.11,3103.60,17786506.2,88209698.4,438137975
1335.1,S,57,19107.97,3104.56,17786506.2,88209699.0,438137978
1336.1,S,57,19127.02,3105.48,17786506.2,88209699.2,438137979
1337.1,S,57,19145.89,3106.52,17786506.2,88209793.0,438138109
1338.1,S,57,19164.63,3107.62,17786506.2,88210053.4,438138333
1339.1,S,57,19182.82,3108.69,17786506.2,88210620.8,438138825
1340.1,S,57,19201.85,3109.68,17786506.2,88210702.0,438138908
1341.1,S,57,19220.66,3110.80,17786506.2,88210859.5,438139047
1342.1,S,57,19239.62,3111.74,17786506.2,88210964.9,438139152
1343.1,S,61,19259.74,3112.54,17786506.2,88211276.3,438139466
1344.1,S,57,19279.06,3113.38,17786506.2,88211781.4,438139925
1345.1,S,57,19295.75,3114.23,17786506.2,88212066.8,438140604
1346.1,S,57,19313.67,3114.97,17786506.2,88212078.7,438140653
1347.1,S,57,19331.34,3115.67,17786506.2,88212282.1,438140843
1348.1,S,57,19349.07,3116.45,17786506.2,88212438.1,438140984
1349.1,S,57,19366.56,3117.22,17786506.2,88212773.0,438141277
1350.1,S,57,19384.09,3118.01,17786506.2,88213070.0,438141607
1351.1,S,57,19401.69,3118.81,17786506.2,88213201.6,438141725
1352.1,S,57,19419.33,3119.64,17786506.2,88213413.6,438141937
1353.1,S,57,19436.92,3120.43,17786506.2,88213517.3,438142172
1354.1,S,57,19451.10,3121.22,17786506.2,88213831.2,438142962
1355.1,S,57,19468.31,3122.01,17786506.2,88214140.6,438143313
1356.1,S,56,19485.33,3122.84,17786506.2,88214321.6,438143471
1357.1,S,56,19502.29,3123.60,17786506.2,88214435.2,438143581
1358.1,S,56,19519.14,3124.51,17786506.2,88214726.5,438143831
1359.1,S,53,19535.28,3125.31,17786506.2,88214975.0,438144079
1360.1,S,42,19541.24,3126.17,17786506.2,88215475.7,438144517
1361.1,S,44,19549.83,3128.11,17786506.2,88215476.8,438144523
1362.1,S,44,19560.49,3129.65,17786506.2,88215477.0,438144528
1363.1,S,48,19573.26,3131.30,17786506.2,88215502.5,438144572
1364.1,S,44,19585.10,3133.07,17786506.2,88215598.6,438144701
1365.1,S,42,19594.59,3134.51,17786506.2,88215765.1,438144858
1366.1,S,43,19604.15,3135.76,17786506.2,88215765.6,438144862
1367.1,S,43,19613.85,3137.22,17786506.2,88215766.1,438144880
1368.1,S,43,19623.50,3138.62,17786506.2,88215766.3,438144887
1369.1,S,42,19632.51,3140.08,17786506.2,88215817.1,438145095
1370.1,S,48,19644.16,3141.78,17786506.2,88215917.1,438145318
1371.1,S,43,19655.18,3143.50,17786506.2,88216023.9,438145496
1372.1,S,43,19664.89,3144.93,17786506.2,88216023.9,438145496
1373.1,S,43,19674.56,3146.49,17786506.2,88216024.0,438145500
1374.1,S,44,19683.56,3147.80,17786506.2,88216142.8,438145745
1375.1,S,43,19693.86,3149.42,17786506.2,88216224.3,438145952
1376.1,S,43,19703.37,3150.86,17786506.2,88216224.5,438145956
1377.1,S,47,19713.51,3152.18,17786506.2,88216285.8,438146188
1378.1,S,43,19724.12,3153.61,17786506.2,88216382.0,438146450
1379.1,S,45,19733.90,3155.22,17786506.2,88216499.7,438146750
1380.1,S,44,19744.56,3156.87,17786506.2,88216536.3,438146914
1381.1,S,44,19755.28,3158.27,17786506.2,88216536.5,438146923
1382.1,S,44,19765.81,3159.76,17786506.2,88216536.8,438146933
1383.1,S,44,19774.50,3161.15,17786506.2,88216666.5,438147231
1384.1,S,47,19783.11,3162.50,17786506.2,88216746.6,438147439
1385.1,S,47,19795.44,3164.14,17786506.2,88216842.9,438147596
1386.1,S,43,19805.11,3165.64,17786506.2,88216843.9,438147649
1387.1,S,43,19814.72,3167.14,17786506.2,88216844.1,438147658
1388.1,S,44,19823.87,3168.65,17786506.2,88216960.0,438147919
1389.1,S,44,19834.65,3170.08,17786506.2,88216960.3,438147932
1390.1,S,44,19845.19,3171.54,17786506.2,88216961.0,438147936
1391.1,S,48,19855.09,3172.92,17786506.2,88217063.9,438148053
1392.1,S,47,19868.36,3174.65,17786506.2,88217257.9,438148220
1393.1,S,43,19877.91,3176.02,17786506.2,88217331.3,438148311
1394.1,S,43,19887.54,3177.43,17786506.2,88217331.6,438148319
1395.1,S,43,19897.35,3178.89,17786506.2,88217331.8,438148326
1396.1,S,42,19906.78,3180.40,17786506.2,88217386.8,438148419
1397.1,S,44,19916.57,3181.83,17786506.2,88217446.5,438148546
1398.1,S,48,19925.59,3183.04,17786506.2,88217549.9,438148764
1399.1,S,48,19939.76,3184.76,17786506.2,88217557.1,438148776
1400.1,S,44,19950.28,3186.28,17786506.2,88217646.2,438149059
1401.1,S,42,19959.81,3187.81,17786506.2,88217816.3,438149264
1402.1,S,44,19970.13,3189.29,17786506.2,88217816.7,438149274
1403.1,S,44,19980.61,3190.80,17786506.2,88217817.2,438149276
1404.1,S,44,19991.20,3192.34,17786506.2,88217817.4,438149280
1405.1,S,43,20001.21,3193.88,17786506.2,88217919.2,438149439
1406.1,S,48,20014.69,3195.50,17786506.2,88218087.0,438149582
1407.1,S,44,20025.48,3197.08,17786506.2,88218183.0,438149669
1408.1,S,44,20036.01,3198.62,17786506.2,88218183.3,438149684
1409.1,S,44,20046.60,3200.20,17786506.2,88218183.8,438149712
1410.1,S,44,20056.43,3201.88,17786506.2,88218359.5,438149872
1411.1,S,44,20066.97,3203.41,17786506.2,88218360.1,438149873
1412.1,S,48,20076.06,3204.66,17786506.2,88218463.0,438150119
1413.1,S,46,20090.07,3206.33,17786506.2,88218511.1,438150169
1414.1,S,43,20100.49,3207.79,17786506.2,88218620.6,438150282
1415.1,S,44,20110.25,3209.30,17786506.2,88218733.8,438150466
1416.1,S,44,20120.85,3210.73,17786506.2,88218734.3,438150469
1417.1,S,44,20131.46,3212.25,17786506.2,88218734.7,438150478
1418.1,S,43,20141.96,3213.73,17786506.2,88218787.9,438150528
1419.1,S,48,20150.58,3215.08,17786506.2,88219009.3,438150751
1420.2,S,48,20164.92,3216.87,17786506.2,88219009.9,438150752
1421.2,S,44,20175.28,3218.38,17786506.2,88219105.6,438150840
1422.2,S,44,20186.04,3219.91,17786506.2,88219105.9,438150842
1423.2,S,43,20195.70,3221.36,17786506.2,88219240.7,438150956
1424.2,S,45,20206.68,3222.96,17786506.2,88219276.2,438150990
1425.2,S,45,20218.34,3224.43,17786506.2,88219276.7,438150992
1426.2,S,49,20229.41,3225.86,17786506.2,88219379.6,438151079
1427.2,S,48,20243.46,3227.58,17786506.2,88219469.7,438151168
1428.2,S,44,20253.25,3229.21,17786506.2,88219696.7,438151367
1429.2,S,44,20263.98,3230.59,17786506.2,88219697.1,438151370
1430.2,S,44,20274.60,3232.05,17786506.2,88219697.3,438151375
1431.2,S,44,20285.15,3233.50,17786506.2,88219697.7,438151377
1432.2,S,43,20295.25,3234.94,17786506.2,88219773.5,438151443
1433.2,S,48,20304.75,3236.34,17786506.2,88219975.4,438151621
1434.2,S,46,20318.82,3238.11,17786506.2,88220036.8,438151675
1435.2,S,44,20329.22,3239.82,17786506.2,88220099.6,438151734
1436.2,S,43,20339.57,3241.14,17786506.2,88220148.4,438151816
1437.2,S,44,20348.78,3242.59,17786506.2,88220267.7,438152094
1438.2,S,44,20359.40,3244.07,17786506.2,88220268.1,438152103
1439.2,S,44,20369.93,3245.52,17786506.2,88220268.5,438152107
1440.2,S,47,20380.30,3246.98,17786506.2,88220411.8,438152229
1441.2,S,43,20393.07,3248.65,17786506.2,88220559.2,438152357
1442.2,S,44,20403.00,3250.09,17786506.2,88220627.2,438152428
1443.2,S,44,20413.78,3251.47,17786506.2,88220627.6,438152434
1444.2,S,44,20424.40,3252.93,17786506.2,88220627.9,438152451
1445.2,S,43,20434.77,3254.34,17786506.2,88220675.3,438152515
1446.2,S,44,20444.32,3255.69,17786506.2,88220794.8,438152621
1447.2,S,48,20455.27,3257.12,17786506.2,88220897.9,438152712
1448.2,S,44,20468.08,3258.90,17786506.2,88220994.7,438152799
1449.2,S,44,20478.80,3260.25,17786506.2,88220994.8,438152800
1450.2,S,43,20488.70,3261.66,17786506.2,88221171.7,438152953
1451.2,S,44,20499.11,3263.11,17786506.2,88221172.8,438152964
1452.2,S,44,20509.79,3264.56,17786506.2,88221173.1,438152966
1453.2,S,43,20519.96,3266.09,17786506.2,88221207.4,438152997
1454.2,S,47,20529.76,3267.47,17786506.2,88221310.4,438153091
1455.2,S,44,20542.67,3269.30,17786506.2,88221525.5,438153280
1456.2,S,43,20552.51,3270.73,17786506.2,88221534.7,438153292
1457.2,S,43,20562.12,3272.18,17786506.2,88221535.0,438153296
1458.2,S,43,20571.84,3273.55,17786506.2,88221535.3,438153300
1459.2,S,45,20581.58,3275.08,17786506.2,88221654.4,438153405
1460.2,S,45,20593.06,3276.68,17786506.2,88221654.6,438153405
1461.2,S,48,20604.42,3278.12,17786506.3,88221783.5,438153600
1462.2,S,44,20616.66,3279.76,17786506.3,88221879.4,438153691
1463.2,S,44,20623.26,3280.59,17786506.3,88221879.6,438153700
1464.2,S,42,20628.59,3281.50,17786506.3,88222058.6,438154006
1465.2,S,42,20634.06,3282.23,17786506.3,88222058.9,438154011
1466.2,S,57,20652.33,3283.36,17786506.3,88222060.2,438154016
1467.2,S,57,20671.79,3284.46,17786506.3,88222060.5,438154018
1468.2,S,57,20691.07,3285.50,17786506.3,88222060.7,438154022
1469.2,S,57,20710.37,3286.65,17786506.3,88222145.5,438154099
1470.2,S,57,20729.30,3287.78,17786506.3,88222606.9,438154492
1471.2,S,57,20748.10,3288.95,17786506.3,88222889.4,438154740
1472.2,S,57,20767.17,3290.00,17786506.3,88223079.0,438154904
1473.2,S,57,20786.36,3291.03,17786506.3,88223214.3,438155018
1474.2,S,57,20805.35,3292.05,17786506.3,88223385.6,438155169
1475.2,S,61,20825.57,3292.86,17786506.3,88223451.5,438155294
1476.2,S,61,20844.59,3293.71,17786506.3,88223823.8,438156199
1477.2,S,57,20862.06,3294.60,17786506.3,88224215.9,438156540
1478.2,S,57,20879.90,3295.43,17786506.3,88224471.9,438156761
1479.2,S,57,20897.60,3296.26,17786506.3,88224794.8,438157052
1480.2,S,57,20915.77,3297.09,17786506.3,88224902.9,438157154
1481.2,S,57,20933.24,3297.95,17786506.3,88225103.0,438157548
1482.2,S,57,20950.30,3298.76,17786506.3,88225259.2,438157878
1483.2,S,57,20968.32,3299.69,17786506.3,88225480.7,438158114
1484.2,S,57,20986.22,3300.53,17786506.3,88225694.9,438158301
1485.2,S,57,21004.11,3301.40,17786506.3,88225868.9,438158489
1486.2,S,57,21021.89,3302.27,17786506.3,88226053.1,438158828
1487.2,S,57,21038.35,3303.05,17786506.3,88226298.2,438159311
1488.2,S,56,21055.09,3303.88,17786506.3,88226639.5,438159860
1489.2,S,56,21072.12,3304.74,17786506.3,88226898.1,438160110
1490.2,S,56,21089.32,3305.63,17786506.3,88226957.6,438160252
1491.2,S,44,21100.15,3306.48,17786506.3,88227467.5,438160694
1492.2,S,43,21107.59,3308.44,17786506.3,88227592.1,438160806
1493.2,S,43,21117.27,3309.93,17786506.3,88227643.3,438160850
1494.2,S,47,21129.64,3311.55,17786506.3,88227666.2,438160883
1495.2,S,42,21139.56,3313.02,17786506.3,88227800.2,438161108
1496.2,S,42,21148.18,3314.44,17786506.3,88227802.8,438161111
1497.2,S,44,21158.25,3315.99,17786506.3,88227859.5,438161217
1498.2,S,44,21168.83,3317.55,17786506.3,88227860.0,438161224
1499.2,S,44,21179.32,3319.09,17786506.3,88227860.3,438161229
1500.2,S,43,21189.34,3320.42,17786506.3,88227903.9,438161478
1501.2,S,48,21200.31,3322.03,17786506.3,88228058.5,438161818
1502.2,S,44,21212.06,3323.59,17786506.3,88228154.8,438161905
1503.2,S,44,21222.60,3325.08,17786506.3,88228155.1,438161915
1504.2,S,44,21233.15,3326.58,17786506.3,88228155.8,438161917
1505.2,S,42,21242.88,3328.06,17786506.3,88228325.1,438162275
1506.2,S,45,21253.98,3329.66,17786506.3,88228327.6,438162289
1507.2,S,45,21265.46,3331.31,17786506.3,88228327.9,438162299
1508.2,S,49,21277.92,3332.78,17786506.3,88228380.4,438162458
1509.2,S,44,21288.83,3334.22,17786506.3,88228598.4,438162927
1510.2,S,45,21298.34,3335.71,17786506.3,88228775.5,438163082
1511.2,S,44,21309.77,3337.29,17786506.3,88228792.3,438163131
1512.2,S,44,21320.39,3338.68,17786506.3,88228792.4,438163133
1513.2,S,44,21330.99,3340.14,17786506.3,88228792.7,438163135
1514.2,S,44,21341.32,3341.67,17786506.3,88228819.4,438163312
1515.2,S,48,21351.92,3343.33,17786506.3,88228992.5,438163474
1516.2,S,44,21365.31,3344.98,17786506.3,88229088.8,438163562
1517.2,S,43,21375.22,3346.46,17786506.3,88229117.4,438163588
1518.2,S,43,21384.93,3347.96,17786506.3,88229117.8,438163597
1519.2,S,43,21393.86,3349.50,17786506.3,88229236.6,438163940
1520.2,S,43,21403.44,3350.95,17786506.3,88229237.1,438163944
1521.2,S,43,21413.16,3352.23,17786506.3,88229237.3,438163954
1522.2,S,46,21421.43,3353.58,17786506.3,88229371.7,438164224
1523.2,S,42,21432.00,3355.07,17786506.3,88229467.7,438164467
1524.2,S,44,21441.72,3356.53,17786506.3,88229527.2,438164546
1525.2,S,44,21452.29,3357.92,17786506.3,88229527.6,438164556
1526.2,S,43,21462.27,3359.38,17786506.3,88229556.5,438164629
1527.2,S,43,21471.96,3360.82,17786506.3,88229557.0,438164635
1528.2,S,46,21482.06,3362.33,17786506.3,88229675.1,438164746
1529.2,S,50,21494.43,3363.84,17786506.3,88229778.2,438164861
1530.2,S,50,21509.98,3365.68,17786506.3,88229839.9,438165022
1531.2,S,45,21521.03,3367.18,17786506.3,88229904.9,438165191
1532.2,S,45,21532.65,3368.66,17786506.3,88229905.2,438165203
1533.2,S,44,21541.78,3370.00,17786506.3,88230143.4,438165413
1534.2,S,44,21552.48,3371.39,17786506.3,88230143.6,438165418
1535.2,S,44,21563.06,3372.84,17786506.3,88230143.9,438165423
1536.2,S,47,21571.70,3374.11,17786506.3,88230282.6,438165730
1537.2,S,46,21584.66,3375.90,17786506.3,88230473.7,438165913
1538.2,S,44,21595.28,3377.52,17786506.3,88230496.8,438165963
1539.2,S,44,21606.09,3378.94,17786506.3,88230497.3,438165967
1540.2,S,44,21616.84,3380.46,17786506.3,88230497.6,438165969
1541.2,S,42,21626.61,3381.99,17786506.3,88230668.5,438166118
1542.2,S,44,21636.97,3383.41,17786506.3,88230668.8,438166119
1543.2,S,48,21647.11,3384.76,17786506.3,88230772.1,438166207
1544.3,S,45,21660.83,3386.51,17786506.3,88230878.8,438166302
1545.3,S,43,21670.30,3387.87,17786506.3,88230909.2,438166351
1546.3,S,44,21678.84,3389.41,17786506.3,88231026.5,438166769
1547.3,S,44,21689.54,3390.93,17786506.3,88231027.0,438166778
1548.3,S,44,21700.05,3392.55,17786506.3,88231027.8,438166785
1549.3,S,43,21710.22,3394.06,17786506.3,88231070.0,438166825
1550.3,S,43,21719.66,3395.42,17786506.3,88231112.3,438166866
1551.3,S,48,21731.49,3396.93,17786506.3,88231290.4,438167019
1552.3,S,43,21741.90,3398.44,17786506.3,88231402.9,438167115
1553.3,S,43,21751.58,3399.90,17786506.3,88231403.1,438167119
1554.3,S,43,21761.23,3401.31,17786506.3,88231407.1,438167144
1555.3,S,45,21770.93,3402.85,17786506.3,88231524.6,438167256
1556.3,S,45,21782.55,3404.21,17786506.3,88231524.8,438167258
1557.3,S,45,21793.99,3405.69,17786506.3,88231525.8,438167263
1558.3,S,49,21807.52,3407.21,17786506.3,88231628.5,438167350
1559.3,S,42,21818.48,3408.90,17786506.3,88231954.0,438167637
1560.3,S,45,21830.16,3410.55,17786506.3,88231960.6,438167645
1561.3,S,45,21841.79,3412.10,17786506.3,88231962.1,438167658
1562.3,S,45,21853.31,3413.60,17786506.3,88231962.4,438167661
1563.3,S,45,21864.87,3415.04,17786506.3,88231963.0,438167661
1564.3,S,44,21874.05,3416.50,17786506.3,88232199.0,438167863
1565.3,S,48,21886.98,3418.26,17786506.3,88232302.0,438167953
1566.3,S,44,21898.26,3419.74,17786506.3,88232397.8,438168089
1567.3,S,44,21908.86,3421.16,17786506.3,88232398.2,438168147
1568.3,S,42,21918.20,3422.58,17786506.3,88232567.8,438168316
1569.3,S,43,21927.85,3424.00,17786506.3,88232568.2,438168324
1570.3,S,43,21937.45,3425.28,17786506.3,88232568.5,438168326
1571.3,S,43,21946.97,3426.64,17786506.3,88232568.9,438168326
1572.3,S,46,21958.55,3428.26,17786506.3,88232731.1,438168466
1573.3,S,43,21969.08,3429.85,17786506.3,88232891.9,438168613
1574.3,S,43,21978.76,3431.28,17786506.3,88232892.4,438168616
1575.3,S,43,21988.39,3432.63,17786506.3,88232892.6,438168617
1576.3,S,43,21998.14,3433.99,17786506.3,88232893.1,438168618
1577.3,S,44,22007.36,3435.41,17786506.3,88233039.7,438168751
1578.3,S,44,22017.83,3436.81,17786506.3,88233040.0,438168758
1579.3,S,48,22028.77,3438.11,17786506.3,88233143.1,438169007
1580.3,S,43,22039.96,3439.62,17786506.3,88233272.9,438169194
1581.3,S,43,22049.50,3441.01,17786506.3,88233273.6,438169205
1582.3,S,45,22059.99,3442.64,17786506.3,88233391.6,438169327
1583.3,S,45,22071.66,3444.19,17786506.3,88233391.6,438169327
1584.3,S,44,22082.30,3445.67,17786506.3,88233416.5,438169349
1585.3,S,44,22092.81,3447.24,17786506.3,88233417.1,438169351
1586.3,S,47,22104.58,3448.67,17786506.3,88233696.7,438169588
1587.3,S,43,22115.39,3450.34,17786506.3,88233793.3,438169676
1588.3,S,42,22124.45,3451.72,17786506.3,88233817.2,438169731
1589.3,S,42,22133.55,3453.05,17786506.3,88233817.4,438169737
1590.3,S,42,22142.26,3454.47,17786506.3,88233876.2,438169789
1591.3,S,57,22151.01,3456.02,17786506.3,88233876.6,438169791
1592.3,S,61,22174.54,3457.31,17786506.3,88233980.2,438169887
1593.3,S,61,22201.71,3458.52,17786506.3,88233980.7,438169891
1594.3,S,57,22223.52,3459.68,17786506.3,88234076.7,438169974
1595.3,S,57,22242.54,3460.57,17786506.3,88234077.0,438169978
1596.3,S,57,22260.80,3461.62,17786506.3,88234407.8,438170259
1597.3,S,57,22278.89,3462.70,17786506.3,88234946.2,438170712
1598.3,S,57,22297.68,3463.72,17786506.3,88235112.5,438170863
1599.3,S,57,22316.71,3464.70,17786506.3,88235112.5,438170863
1600.3,S,57,22335.49,3465.78,17786506.3,88235209.5,438171116
1601.3,S,57,22353.22,3466.76,17786506.3,88235505.0,438171529
1602.3,S,57,22372.02,3467.76,17786506.3,88235630.6,438171666
1603.3,S,57,22390.66,3468.88,17786506.3,88236074.6,438172045
1604.3,S,57,22409.49,3469.90,17786506.3,88236214.2,438172163
1605.3,S,57,22428.12,3470.82,17786506.3,88236380.1,438172317
1606.3,S,61,22448.59,3471.57,17786506.3,88236635.1,438172546
1607.3,S,57,22468.26,3472.37,17786506.3,88237009.7,438172877
1608.3,S,57,22485.36,3473.10,17786506.3,88237275.9,438173113
1609.3,S,57,22503.02,3473.87,17786506.3,88237454.8,438173268
1610.3,S,57,22519.75,3474.64,17786506.3,88237640.2,438173644
1611.3,S,57,22536.73,3475.42,17786506.3,88237765.5,438173888
1612.3,S,57,22554.48,3476.15,17786506.3,88238039.4,438174118
1613.3,S,56,22571.78,3476.99,17786506.3,88238277.0,438174324
1614.3,S,56,22588.58,3477.83,17786506.3,88238585.8,438174605
1615.3,S,56,22605.54,3478.66,17786506.3,88238720.7,438174724
1616.3,S,48,22619.53,3479.53,17786506.3,88239235.6,438175168
1617.3,S,43,22626.98,3481.58,17786506.3,88239447.7,438175361
1618.3,S,43,22636.62,3483.03,17786506.3,88239449.0,438175372
1619.3,S,43,22646.25,3484.53,17786506.3,88239449.1,438175377
1620.3,S,42,22655.51,3485.90,17786506.3,88239488.1,438175504
1621.3,S,46,22667.34,3487.41,17786506.3,88239526.9,438175568
1622.3,S,43,22676.94,3488.92,17786506.3,88239662.1,438175769
1623.3,S,43,22686.62,3490.32,17786506.3,88239663.5,438175797
1624.3,S,42,22695.90,3491.72,17786506.3,88239697.4,438175904
1625.3,S,42,22704.63,3493.06,17786506.3,88239697.6,438175908
1626.3,S,44,22713.71,3494.53,17786506.3,88239756.5,438176144
1627.3,S,44,22723.96,3496.01,17786506.3,88239862.2,438176318
1628.3,S,48,22737.99,3497.82,17786506.3,88239874.1,438176333
1629.3,S,44,22748.33,3499.18,17786506.3,88239968.4,438176534
1630.3,S,43,22758.32,3500.71,17786506.3,88240021.5,438176671
1631.3,S,44,22768.07,3502.28,17786506.3,88240138.8,438176781
1632.3,S,44,22778.73,3503.79,17786506.3,88240139.4,438176785
1633.3,S,44,22789.58,3505.32,17786506.3,88240139.6,438176792
1634.3,S,48,22800.45,3506.84,17786506.3,88240205.3,438176913
1635.3,S,46,22811.66,3508.25,17786506.3,88240367.1,438177264
1636.3,S,44,22821.87,3509.71,17786506.3,88240432.1,438177404
1637.3,S,44,22831.79,3511.01,17786506.3,88240520.3,438177607
1638.3,S,44,22842.61,3512.42,17786506.3,88240520.6,438177678
1639.3,S,44,22853.12,3513.90,17786506.3,88240520.7,438177686
1640.3,S,44,22862.36,3515.48,17786506.3,88240699.5,438177873
1641.3,S,43,22872.30,3516.95,17786506.3,88240707.7,438177887
1642.3,S,47,22884.69,3518.57,17786506.3,88240723.5,438178002
1643.3,S,43,22894.09,3519.95,17786506.3,88240819.7,438178185
1644.3,S,42,22903.38,3521.42,17786506.3,88240936.7,438178304
1645.3,S,44,22913.80,3523.01,17786506.3,88240937.0,438178307
1646.3,S,44,22924.37,3524.47,17786506.3,88240937.5,438178311
1647.3,S,43,22933.93,3525.89,17786506.3,88240966.8,438178469
1648.3,S,43,22943.61,3527.28,17786506.3,88240967.0,438178472
1649.3,S,48,22954.48,3528.66,17786506.3,88241186.7,438178669
1650.3,S,44,22965.94,3530.21,17786506.3,88241282.5,438178960
1651.3,S,43,22976.39,3531.67,17786506.3,88241313.1,438179166
1652.3,S,43,22986.16,3533.13,17786506.3,88241313.3,438179172
1653.3,S,44,22995.33,3534.63,17786506.3,88241430.2,438179301
1654.3,S,44,23006.03,3536.14,17786506.3,88241430.4,438179302
1655.3,S,44,23016.77,3537.66,17786506.3,88241430.7,438179326
1656.3,S,47,23028.33,3539.13,17786506.3,88241567.2,438179549
1657.3,S,43,23038.87,3540.70,17786506.3,88241663.3,438179660
1658.3,S,44,23048.49,3542.30,17786506.3,88241780.4,438179769
1659.3,S,44,23059.19,3543.67,17786506.3,88241780.7,438179778
1660.3,S,44,23069.59,3545.11,17786506.3,88241801.4,438180047
1661.3,S,43,23079.27,3546.60,17786506.3,88241813.3,438180085
1662.3,S,44,23088.26,3548.02,17786506.3,88241930.7,438180283
1663.3,S,48,23100.62,3549.49,17786506.3,88242033.6,438180426
1664.3,S,44,23112.32,3551.11,17786506.3,88242129.8,438180521
1665.3,S,44,23122.86,3552.61,17786506.3,88242130.0,438180526
1666.3,S,43,23132.70,3554.10,17786506.3,88242186.6,438180678
1667.3,S,44,23141.78,3555.52,17786506.3,88242296.0,438180885
1668.4,S,44,23152.28,3557.09,17786506.3,88242296.4,438180888
1669.4,S,44,23163.05,3558.56,17786506.3,88242296.9,438180892
1670.4,S,48,23175.25,3560.15,17786506.3,88242399.9,438180986
1671.4,S,44,23185.71,3561.80,17786506.3,88242666.4,438181215
1672.4,S,44,23196.31,3563.35,17786506.3,88242666.8,438181219
1673.4,S,44,23206.99,3564.75,17786506.3,88242667.3,438181222
1674.4,S,43,23216.52,3566.21,17786506.3,88242697.6,438181253
1675.4,S,43,23226.09,3567.65,17786506.3,88242697.8,438181255
1676.4,S,45,23235.51,3569.21,17786506.3,88242814.9,438181608
1677.4,S,49,23248.95,3570.75,17786506.3,88242918.1,438181704
1678.4,S,44,23260.99,3572.39,17786506.3,88243039.5,438181810
1679.4,S,44,23271.75,3573.71,17786506.3,88243040.0,438181812
1680.4,S,42,23281.46,3575.07,17786506.3,88243217.5,438181966
1681.4,S,44,23292.08,3576.28,17786506.3,88243217.8,438181969
1682.4,S,43,23302.06,3577.68,17786506.3,88243237.7,438181990
1683.4,S,43,23311.70,3579.14,17786506.3,88243238.0,438181993
1684.4,S,47,23322.47,3580.61,17786506.3,88243341.2,438182088
1685.4,S,44,23334.09,3582.18,17786506.3,88243555.6,438182278
1686.4,S,43,23344.24,3583.56,17786506.3,88243572.8,438182335
1687.4,S,43,23353.83,3585.03,17786506.3,88243572.9,438182340
1688.4,S,43,23363.53,3586.37,17786506.3,88243573.5,438182342
1689.4,S,44,23372.72,3587.91,17786506.3,88243690.8,438182440
1690.4,S,44,23383.21,3589.40,17786506.3,88243691.8,438182447
1691.4,S,47,23393.91,3590.96,17786506.3,88243818.9,438182552
1692.4,S,43,23405.59,3592.49,17786506.3,88243915.2,438182641
1693.4,S,42,23414.99,3593.80,17786506.3,88244034.5,438182747
1694.4,S,44,23425.66,3595.43,17786506.3,88244043.1,438182763
1695.4,S,44,23436.30,3596.95,17786506.3,88244043.6,438182768
1696.4,S,44,23446.92,3598.32,17786506.3,88244043.8,438182776
1697.4,S,44,23457.75,3599.69,17786506.3,88244044.2,438182779
1698.4,S,49,23468.48,3601.28,17786506.3,88244324.1,438183021
1699.4,S,45,23482.35,3602.99,17786506.3,88244420.2,438183105
1700.4,S,45,23494.03,3604.51,17786506.3,88244420.5,438183109
1701.4,S,44,23505.13,3605.92,17786506.3,88244459.9,438183146
1702.4,S,43,23515.24,3607.28,17786506.3,88244577.8,438183262
1703.4,S,45,23525.52,3608.76,17786506.3,88244637.2,438183413
1704.4,S,45,23537.15,3610.33,17786506.3,88244637.2,438183413
1705.4,S,49,23547.29,3611.38,17786506.3,88244740.5,438183759
1706.4,S,44,23560.12,3613.23,17786506.3,88244875.2,438183903
1707.4,S,42,23570.04,3614.74,17786506.3,88245053.1,438184060
1708.4,S,42,23578.88,3616.09,17786506.3,88245053.4,438184063
1709.4,S,57,23600.75,3617.65,17786506.3,88245054.2,438184065
1710.4,S,57,23624.24,3619.12,17786506.3,88245054.7,438184069
1711.4,S,61,23648.73,3620.35,17786506.3,88245157.4,438184157
1712.4,S,59,23675.37,3621.66,17786506.3,88245206.2,438184202
1713.4,S,57,23694.96,3622.63,17786506.3,88245416.4,438184388
1714.4,S,57,23712.63,3623.68,17786506.3,88245930.4,438184836
1715.4,S,57,23731.08,3624.69,17786506.3,88246236.8,438185104
1716.4,S,57,23749.76,3625.61,17786506.3,88246327.5,438185186
1717.4,S,57,23768.27,3626.52,17786506.3,88246405.3,438185456
1718.4,S,57,23786.18,3627.47,17786506.3,88246598.5,438185844
1719.4,S,57,23804.23,3628.43,17786506.3,88246957.2,438186164
1720.4,S,57,23822.51,3629.42,17786506.3,88247160.9,438186422
1721.4,S,57,23840.87,3630.45,17786506.3,88247348.6,438186722
1722.4,S,57,23859.60,3631.41,17786506.3,88247360.3,438186743
1723.4,S,57,23877.15,3632.32,17786506.3,88247503.7,438187067
1724.4,S,57,23891.75,3633.43,17786506.3,88248074.0,438187922
1725.4,S,57,23910.23,3634.38,17786506.3,88248417.3,438188224
1726.4,S,61,23930.13,3635.13,17786506.3,88248419.8,438188279
1727.4,S,59,23950.65,3635.77,17786506.3,88248588.5,438188440
1728.4,S,57,23968.32,3636.56,17786506.3,88248802.5,438188654
1729.4,S,57,23985.54,3637.33,17786506.3,88249183.0,438189076
1730.4,S,57,24002.80,3638.14,17786506.3,88249529.4,438189383
1731.4,S,56,24019.85,3638.94,17786506.3,88249539.5,438189393
1732.4,S,56,24036.43,3639.72,17786506.3,88249808.5,438189626
1733.4,S,56,24052.91,3640.49,17786506.3,88250027.4,438190018
1734.4,S,45,24062.17,3641.26,17786506.3,88250588.3,438190937
1735.4,S,42,24067.61,3642.44,17786506.3,88250696.0,438191034
1736.4,S,42,24075.78,3644.35,17786506.3,88250697.2,438191046
1737.4,S,43,24084.52,3645.66,17786506.3,88250718.1,438191158
1738.4,S,43,24094.30,3646.94,17786506.3,88250718.3,438191166
1739.4,S,43,24104.26,3648.30,17786506.3,88250718.5,438191173
1740.4,S,46,24115.26,3649.80,17786506.3,88250779.8,438191322
1741.4,S,42,24125.42,3651.24,17786506.3,88250933.2,438191480
1742.4,S,43,24135.52,3652.73,17786506.3,88250944.8,438191496
1743.4,S,43,24145.25,3654.11,17786506.3,88250945.4,438191500
1744.4,S,43,24154.95,3655.58,17786506.3,88250945.6,438191502
1745.4,S,43,24164.55,3656.99,17786506.3,88250946.1,438191505
1746.4,S,43,24173.89,3658.56,17786506.3,88251139.4,438191728
1747.4,S,47,24184.48,3659.92,17786506.3,88251181.9,438191858
1748.4,S,43,24195.46,3661.47,17786506.3,88251278.3,438192156
1749.4,S,43,24205.13,3662.84,17786506.3,88251278.3,438192156
1750.4,S,42,24214.32,3664.35,17786506.3,88251395.9,438192266
1751.4,S,43,24224.08,3665.79,17786506.3,88251398.3,438192280
1752.4,S,43,24233.94,3667.19,17786506.3,88251398.5,438192283
1753.4,S,43,24243.64,3668.64,17786506.3,88251398.9,438192289
1754.4,S,47,24255.00,3670.07,17786506.3,88251429.1,438192354
1755.4,S,44,24265.80,3671.60,17786506.3,88251644.5,438192546
1756.4,S,44,24276.34,3673.12,17786506.3,88251697.5,438192647
1757.4,S,44,24286.87,3674.56,17786506.3,88251732.8,438192729
1758.4,S,43,24296.47,3676.15,17786506.3,88251763.8,438192833
1759.4,S,43,24305.91,3677.50,17786506.3,88251825.2,438192942
1760.4,S,44,24315.81,3679.01,17786506.3,88251882.7,438193060
1761.4,S,47,24327.07,3680.59,17786506.3,88251919.6,438193143
1762.4,S,43,24338.96,3682.27,17786506.3,88252015.7,438193235
1763.4,S,43,24348.63,3683.67,17786506.3,88252016.0,438193244
1764.4,S,44,24357.87,3685.14,17786506.3,88252133.2,438193496
1765.4,S,44,24368.51,3686.61,17786506.3,88252133.5,438193496
1766.4,S,44,24379.18,3688.06,17786506.3,88252134.2,438193504
1767.4,S,43,24388.93,3689.57,17786506.3,88252167.0,438193585
1768.4,S,47,24399.71,3690.96,17786506.3,88252270.0,438193681
1769.4,S,44,24411.60,3692.69,17786506.3,88252482.1,438193867
1770.4,S,43,24422.13,3694.24,17786506.3,88252502.8,438193907
1771.4,S,43,24431.91,3695.58,17786506.3,88252503.0,438193911
1772.4,S,43,24441.60,3697.03,17786506.3,88252503.7,438193916
1773.4,S,44,24451.13,3698.54,17786506.3,88252620.4,438194017
1774.4,S,44,24461.61,3700.06,17786506.3,88252620.7,438194019
1775.4,S,47,24471.30,3701.30,17786506.3,88252746.5,438194279
1776.4,S,43,24483.04,3702.83,17786506.3,88252842.6,438194539
1777.4,S,43,24492.89,3704.27,17786506.3,88252901.3,438194587
1778.4,S,44,24503.06,3705.76,17786506.3,88252959.5,438194638
1779.4,S,44,24513.76,3707.29,17786506.3,88252959.9,438194642
1780.4,S,44,24524.53,3708.70,17786506.3,88252960.0,438194644
1781.4,S,43,24534.92,3710.12,17786506.3,88253010.1,438194688
1782.4,S,48,24545.58,3711.65,17786506.3,88253230.0,438194884
1783.4,S,44,24557.99,3713.27,17786506.3,88253326.0,438194969
1784.4,S,44,24568.64,3714.84,17786506.3,88253326.5,438194974
1785.4,S,43,24579.07,3716.17,17786506.3,88253370.8,438195014
1786.4,S,42,24588.52,3717.49,17786506.3,88253487.4,438195160
1787.4,S,44,24598.93,3718.97,17786506.3,88253488.2,438195191
1788.4,S,43,24609.29,3720.32,17786506.3,88253510.9,438195263
1789.4,S,47,24618.78,3721.54,17786506.3,88253613.7,438195511
1790.4,S,43,24630.23,3723.09,17786506.3,88253709.9,438195605
1791.4,S,44,24639.88,3724.57,17786506.3,88253826.5,438195708
1792.4,S,43,24650.31,3726.22,17786506.3,88253845.3,438195729
1793.4,S,43,24660.11,3727.58,17786506.3,88253845.8,438195732
1794.5,S,43,24669.60,3729.01,17786506.3,88253845.9,438195732
1795.5,S,44,24678.99,3730.53,17786506.3,88253962.9,438195834
1796.5,S,48,24690.52,3732.05,17786506.3,88254066.2,438195925
1797.5,S,44,24703.41,3733.71,17786506.3,88254162.7,438196012
1798.5,S,44,24713.91,3735.18,17786506.3,88254197.5,438196078
1799.5,S,43,24723.70,3736.60,17786506.3,88254205.6,438196099
1800.5,S,44,24733.33,3737.94,17786506.3,88254324.8,438196256
1801.5,S,43,24743.53,3739.39,17786506.3,88254338.6,438196287
1802.5,S,43,24753.25,3740.76,17786506.3,88254338.7,438196289
1803.5,S,47,24764.00,3742.29,17786506.3,88254443.1,438196384
1804.5,S,44,24775.20,3744.00,17786506.3,88254683.5,438196593
1805.5,S,44,24785.83,3745.49,17786506.3,88254684.2,438196595
1806.5,S,43,24796.43,3746.80,17786506.3,88254711.5,438196620
1807.5,S,43,24806.06,3748.27,17786506.3,88254711.8,438196624
1808.5,S,43,24815.66,3749.66,17786506.3,88254712.1,438196626
1809.5,S,44,24825.57,3751.19,17786506.3,88254830.4,438196735
1810.5,S,48,24836.20,3752.62,17786506.3,88254933.3,438196920
1811.5,S,44,24849.29,3754.33,17786506.3,88255029.8,438197074
1812.5,S,43,24859.55,3755.91,17786506.3,88255077.3,438197133
1813.5,S,44,24868.92,3757.39,17786506.3,88255194.7,438197295
1814.5,S,44,24879.54,3758.74,17786506.3,88255195.3,438197298
1815.5,S,44,24890.18,3760.16,17786506.3,88255195.4,438197299
1816.5,S,43,24900.20,3761.53,17786506.3,88255227.7,438197328
1817.5,S,47,24911.11,3763.08,17786506.3,88255330.8,438197423
1818.5,S,44,24922.72,3764.85,17786506.3,88255545.3,438197609
1819.5,S,44,24933.23,3766.35,17786506.3,88255545.8,438197610
1820.5,S,44,24943.81,3767.88,17786506.3,88255546.0,438197614
1821.5,S,43,24954.13,3769.36,17786506.3,88255596.5,438197660
1822.5,S,44,24963.50,3770.76,17786506.3,88255714.1,438197774
1823.5,S,44,24974.19,3772.18,17786506.3,88255714.4,438197801
1824.5,S,48,24985.88,3773.75,17786506.3,88255817.4,438197889
1825.5,S,43,24997.06,3775.30,17786506.3,88255952.2,438198155
1826.5,S,43,25006.79,3776.83,17786506.3,88255990.9,438198198
1827.5,S,46,25017.82,3778.52,17786506.3,88256070.0,438198267
1828.5,S,46,25030.14,3780.15,17786506.3,88256070.5,438198277
1829.5,S,45,25042.41,3781.65,17786506.3,88256106.0,438198308
1830.5,S,45,25053.76,3783.32,17786506.3,88256106.2,438198309
1831.5,S,46,25065.32,3784.96,17786506.3,88256446.3,438198599
1832.5,S,45,25075.80,3786.29,17786506.3,88256542.2,438198690
1833.5,S,44,25083.03,3787.15,17786506.3,88256567.2,438198719
1834.5,S,44,25089.51,3787.92,17786506.3,88256567.4,438198720
1835.5,S,44,25096.00,3788.70,17786506.3,88256567.6,438198724
1836.5,S,42,25101.41,3789.53,17786506.3,88256744.7,438198944
1837.5,S,42,25106.58,3790.28,17786506.3,88256745.1,438198969
1838.5,S,57,25123.62,3791.20,17786506.3,88256745.9,438198972
1839.5,S,57,25142.52,3792.19,17786506.3,88256746.8,438198976
1840.5,S,57,25161.51,3793.18,17786506.3,88256775.4,438199002
1841.5,S,57,25180.35,3794.06,17786506.3,88256776.0,438199004
1842.5,S,57,25198.57,3795.13,17786506.3,88257201.4,438199374
1843.5,S,57,25217.04,3796.21,17786506.3,88257775.9,438199863
1844.5,S,57,25235.89,3797.19,17786506.3,88257934.5,438199999
1845.5,S,57,25254.89,3798.13,17786506.3,88257935.7,438200005
1846.5,S,57,25273.69,3799.17,17786506.3,88258033.0,438200285
1847.5,S,61,25291.96,3800.05,17786506.3,88258237.4,438200662
1848.5,S,59,25312.39,3800.83,17786506.3,88258750.2,438201109
1849.5,S,57,25329.89,3801.59,17786506.3,88259140.8,438201503
1850.5,S,57,25347.75,3802.41,17786506.3,88259194.9,438201570
1851.5,S,57,25365.33,3803.22,17786506.3,88259374.5,438201728
1852.5,S,57,25382.98,3804.02,17786506.3,88259501.3,438202043
1853.5,S,57,25399.86,3804.93,17786506.3,88259938.0,438202770
1854.5,S,57,25417.60,3805.67,17786506.3,88260144.9,438202948
1855.5,S,57,25435.29,3806.43,17786506.3,88260263.9,438203080
1856.5,S,57,25453.12,3807.26,17786506.3,88260438.9,438203235
1857.5,S,57,25470.43,3808.03,17786506.3,88260653.2,438203422
1858.5,S,57,25488.03,3808.92,17786506.3,88261001.7,438203731
1859.5,S,57,25505.87,3809.67,17786506.3,88261080.6,438203805
1860.5,S,56,25523.00,3810.53,17786506.3,88261316.7,438204008
1861.5,S,56,25539.67,3811.34,17786506.3,88261479.3,438204286
1862.5,S,56,25554.13,3812.23,17786506.3,88261726.8,438204841
1863.5,S,43,25566.88,3813.08,17786506.3,88262255.7,438205402
1864.5,S,42,25573.28,3814.89,17786506.3,88262409.4,438205551
1865.5,S,43,25582.80,3816.49,17786506.3,88262409.8,438205553
1866.5,S,47,25592.33,3817.86,17786506.3,88262434.1,438205614
1867.5,S,46,25604.79,3819.52,17786506.3,88262538.3,438205866
1868.5,S,42,25613.61,3820.77,17786506.3,88262568.0,438205918
1869.5,S,44,25623.01,3822.34,17786506.3,88262626.2,438206033
1870.5,S,44,25633.70,3823.70,17786506.3,88262626.5,438206042
1871.5,S,44,25644.41,3825.19,17786506.3,88262626.8,438206045
1872.5,S,43,25654.64,3826.73,17786506.3,88262671.2,438206139
1873.5,S,46,25662.54,3827.93,17786506.3,88262826.3,438206366
1874.5,S,48,25676.55,3829.75,17786506.3,88262867.1,438206404
1875.5,S,44,25687.33,3831.24,17786506.3,88262922.7,438206454
1876.5,S,43,25697.30,3832.76,17786506.3,88262956.3,438206586
1877.5,S,43,25707.02,3833.99,17786506.3,88262956.6,438206595
1878.5,S,44,25716.07,3835.51,17786506.3,88263073.1,438206813
1879.5,S,44,25726.76,3836.94,17786506.3,88263146.4,438206883
1880.5,S,48,25736.43,3838.18,17786506.3,88263207.0,438207056
1881.5,S,47,25750.33,3839.96,17786506.3,88263270.7,438207189
1882.5,S,43,25759.86,3841.31,17786506.3,88263445.6,438207567
1883.5,S,44,25770.00,3842.95,17786506.3,88263458.7,438207582
1884.5,S,44,25780.54,3844.41,17786506.3,88263458.8,438207583
1885.5,S,44,25791.17,3845.82,17786506.3,88263459.4,438207613
1886.5,S,44,25801.78,3847.18,17786506.3,88263459.6,438207616
1887.5,S,44,25810.27,3848.46,17786506.3,88263632.2,438207930
1888.5,S,47,25823.69,3850.20,17786506.3,88263680.9,438207988
1889.5,S,43,25834.01,3851.64,17786506.3,88263777.0,438208082
1890.5,S,43,25843.87,3853.02,17786506.3,88263777.5,438208085
1891.5,S,42,25853.21,3854.38,17786506.3,88263892.9,438208289
1892.5,S,43,25863.75,3855.86,17786506.3,88263905.0,438208317
1893.5,S,43,25873.61,3857.21,17786506.3,88263905.2,438208318
1894.5,S,43,25882.75,3858.41,17786506.3,88263917.7,438208402
1895.5,S,47,25893.12,3859.72,17786506.3,88264009.0,438208677
1896.5,S,44,25903.13,3860.99,17786506.3,88264224.7,438209021
1897.5,S,44,25913.73,3862.58,17786506.3,88264224.8,438209028
1898.5,S,44,25924.27,3864.06,17786506.3,88264225.1,438209033
1899.5,S,44,25934.94,3865.45,17786506.3,88264225.3,438209035
1900.5,S,42,25944.29,3866.96,17786506.3,88264399.8,438209310
1901.5,S,44,25955.25,3868.51,17786506.3,88264407.6,438209371
1902.5,S,48,25965.94,3869.85,17786506.3,88264510.4,438209590
1903.5,S,44,25978.28,3871.54,17786506.3,88264606.3,438209758
1904.5,S,44,25988.88,3873.15,17786506.3,88264606.5,438209760
1905.5,S,44,25998.30,3874.64,17786506.3,88264781.5,438209968
1906.5,S,43,26008.34,3875.97,17786506.3,88264795.9,438209988
1907.5,S,43,26018.03,3877.40,17786506.3,88264796.3,438210007
1908.5,S,43,26027.69,3878.85,17786506.3,88264796.5,438210020
1909.5,S,48,26036.18,3880.06,17786506.3,88265015.3,438210328
1910.5,S,44,26049.04,3881.77,17786506.3,88265111.2,438210457
1911.6,S,44,26059.62,3883.26,17786506.3,88265111.9,438210461
1912.6,S,43,26070.25,3884.69,17786506.3,88265155.3,438210512
1913.6,S,43,26079.87,3886.08,17786506.3,88265179.3,438210534
1914.6,S,44,26089.64,3887.56,17786506.3,88265272.3,438210619
1915.6,S,44,26100.40,3888.83,17786506.3,88265272.4,438210620
1916.6,S,47,26110.86,3890.31,17786506.3,88265404.4,438210733
1917.6,S,43,26123.17,3891.90,17786506.3,88265500.8,438210824
1918.6,S,43,26132.50,3893.42,17786506.3,88265618.9,438210940
1919.6,S,43,26142.13,3894.88,17786506.3,88265618.9,438210940
1920.6,S,43,26151.67,3896.48,17786506.3,88265619.1,438210943
1921.6,S,42,26161.02,3898.00,17786506.3,88265664.4,438211029
1922.6,S,42,26169.60,3899.45,17786506.3,88265723.3,438211113
1923.6,S,50,26181.85,3900.89,17786506.3,88265838.1,438211266
1924.6,S,46,26197.11,3902.67,17786506.3,88265934.1,438211351
1925.6,S,46,26209.66,3904.19,17786506.3,88265934.4,438211355
1926.6,S,46,26222.02,3905.80,17786506.3,88265934.5,438211357
1927.6,S,45,26231.37,3907.28,17786506.3,88266228.5,438211608
1928.6,S,45,26242.81,3908.86,17786506.3,88266229.5,438211612
1929.6,S,45,26254.43,3910.46,17786506.3,88266230.3,438211617
1930.6,S,44,26265.25,3911.80,17786506.3,88266309.4,438211691
1931.6,S,48,26278.58,3913.49,17786506.3,88266395.7,438211769
1932.6,S,44,26284.32,3914.48,17786506.3,88266668.8,438212491
1933.6,S,44,26294.96,3915.93,17786506.3,88266668.8,438212491
1934.6,S,44,26305.49,3917.51,17786506.3,88266669.6,438212494
1935.6,S,43,26315.94,3918.88,17786506.3,88266714.4,438212532
1936.6,S,43,26325.76,3920.33,17786506.3,88266783.7,438212595
1937.6,S,45,26336.72,3921.98,17786506.3,88266831.4,438212639
1938.6,S,49,26350.14,3923.53,17786506.3,88266934.1,438212725
1939.6,S,45,26362.75,3925.05,17786506.3,88267030.2,438212808
1940.6,S,45,26374.39,3926.69,17786506.3,88267030.5,438212809
1941.6,S,45,26384.56,3928.12,17786506.3,88267265.9,438213013
1942.6,S,45,26396.17,3929.65,17786506.3,88267266.3,438213018
1943.6,S,44,26407.46,3931.20,17786506.3,88267295.6,438213061
1944.6,S,44,26418.17,3932.59,17786506.3,88267295.7,438213062
1945.6,S,47,26429.94,3933.99,17786506.3,88267458.5,438213314
1946.6,S,44,26441.25,3935.64,17786506.3,88267674.3,438213502
1947.6,S,44,26451.85,3937.34,17786506.3,88267674.6,438213510
1948.6,S,44,26462.33,3938.92,17786506.3,88267674.7,438213513
1949.6,S,43,26472.42,3940.37,17786506.3,88267722.6,438213558
1950.6,S,44,26481.86,3941.76,17786506.3,88267840.8,438213662
1951.6,S,44,26492.50,3943.15,17786506.3,88267841.1,438213666
1952.6,S,48,26505.62,3944.76,17786506.3,88267948.0,438213763
1953.6,S,43,26516.01,3946.25,17786506.3,88268073.5,438213870
1954.6,S,45,26525.07,3947.52,17786506.3,88268191.0,438213974
1955.6,S,44,26535.90,3949.02,17786506.3,88268196.3,438213989
1956.6,S,44,26546.58,3950.58,17786506.3,88268196.4,438213991
1957.6,S,44,26557.37,3951.99,17786506.3,88268197.0,438213993
1958.6,S,44,26567.74,3953.52,17786506.3,88268244.0,438214032
1959.6,S,49,26581.26,3955.28,17786506.3,88268476.0,438214233
1960.6,S,44,26592.69,3956.83,17786506.3,88268587.3,438214332
1961.6,S,44,26603.24,3958.37,17786506.3,88268587.8,438214342
1962.6,S,44,26613.89,3959.84,17786506.3,88268588.0,438214348
1963.6,S,42,26622.76,3961.23,17786506.3,88268764.4,438214615
1964.6,S,45,26634.25,3962.85,17786506.3,88268764.7,438214617
1965.6,S,48,26644.29,3964.32,17786506.3,88268882.0,438214723
1966.6,S,48,26658.40,3966.02,17786506.3,88268929.7,438214764
1967.6,S,44,26665.30,3966.89,17786506.3,88268978.4,438214810
1968.6,S,42,26671.27,3967.83,17786506.3,88269154.8,438214965
1969.6,S,42,26676.95,3968.71,17786506.3,88269155.4,438214968
1970.6,S,57,26692.89,3969.68,17786506.3,88269156.2,438215003
1971.6,S,57,26712.10,3970.70,17786506.3,88269157.2,438215013
1972.6,S,57,26731.53,3971.80,17786506.3,88269157.3,438215014
1973.6,S,57,26750.87,3972.96,17786506.3,88269157.6,438215016
1974.6,S,57,26768.43,3974.14,17786506.3,88269621.0,438215414
1975.6,S,57,26787.16,3975.21,17786506.3,88270076.4,438215810
1976.6,S,57,26806.28,3976.21,17786506.3,88270146.9,438215956
1977.6,S,57,26824.39,3977.09,17786506.3,88270263.7,438216231
1978.6,S,57,26843.28,3978.12,17786506.3,88270351.2,438216539
1979.6,S,57,26860.96,3979.20,17786506.3,88270658.9,438216958
1980.6,S,61,26880.71,3979.96,17786506.3,88271033.4,438217376
1981.6,S,57,26900.52,3980.78,17786506.3,88271276.3,438217587
1982.6,S,57,26918.64,3981.67,17786506.3,88271408.1,438217713
1983.6,S,57,26936.76,3982.52,17786506.3,88271595.8,438217885
1984.6,S,57,26954.28,3983.42,17786506.3,88271885.8,438218143
1985.6,S,57,26971.83,3984.32,17786506.3,88272276.4,438218474
1986.6,S,57,26989.82,3985.08,17786506.3,88272343.1,438218535
1987.6,S,57,27007.59,3985.83,17786506.3,88272465.9,438218837
1988.6,S,57,27024.90,3986.72,17786506.3,88272641.8,438219242
1989.6,S,57,27042.84,3987.58,17786506.3,88272820.0,438219434
1990.6,S,57,27060.08,3988.54,17786506.3,88273307.5,438219854
1991.6,S,57,27078.10,3989.33,17786506.3,88273377.4,438219918
1992.6,S,56,27096.23,3990.18,17786506.3,88273486.5,438220146
1993.6,S,56,27112.33,3991.11,17786506.3,88273725.1,438220730
1994.6,S,56,27128.47,3992.06,17786506.3,88273997.1,438221100
1995.6,S,54,27144.99,3993.01,17786506.3,88274354.4,438221406
1996.6,S,42,27151.98,3993.90,17786506.3,88274733.8,438221746
1997.6,S,43,27160.33,3995.86,17786506.3,88274784.6,438221803
1998.6,S,47,27169.86,3997.20,17786506.3,88274807.4,438221929
1999.6,S,47,27182.68,3999.04,17786506.3,88274814.6,438222096
2000.6,S,42,27190.14,4000.15,17786506.3,88274937.3,438222354
2001.6,S,42,27198.87,4001.50,17786506.3,88274937.5,438222363
2002.6,S,43,27208.16,4002.99,17786506.3,88274994.8,438222417
2003.6,S,43,27217.75,4004.38,17786506.3,88274995.0,438222422
2004.6,S,42,27226.84,4005.84,17786506.3,88275027.9,438222558
2005.6,S,46,27235.30,4007.09,17786506.3,88275065.6,438222610
2006.6,S,47,27248.84,4008.86,17786506.3,88275180.9,438222713
2007.6,S,44,27259.42,4010.39,17786506.3,88275219.2,438222745
2008.6,S,43,27269.07,4011.89,17786506.3,88275243.8,438222774
2009.6,S,43,27278.77,4013.35,17786506.3,88275244.1,438222781
2010.7,S,45,27287.79,4014.68,17786506.3,88275360.4,438223058
2011.7,S,44,27298.93,4016.24,17786506.3,88275371.5,438223080
2012.7,S,48,27309.33,4017.96,17786506.3,88275427.0,438223141
2013.7,S,45,27323.01,4019.77,17786506.3,88275601.1,438223304
2014.7,S,43,27333.41,4021.37,17786506.3,88275688.8,438223383
2015.7,S,44,27342.51,4022.76,17786506.3,88275775.7,438223522
2016.7,S,44,27353.11,4024.23,17786506.3,88275776.2,438223526
2017.7,S,43,27362.80,4025.77,17786506.3,88275796.7,438223559
2018.7,S,43,27372.42,4027.26,17786506.3,88275796.9,438223569
2019.7,S,46,27382.25,4028.85,17786506.3,88275937.6,438223705
2020.7,S,48,27394.65,4030.42,17786506.3,88276027.3,438223954
2021.7,S,44,27405.30,4031.90,17786506.3,88276033.4,438223971
2022.7,S,44,27415.82,4033.42,17786506.3,88276033.9,438223976
2023.7,S,43,27425.50,4034.81,17786506.3,88276074.4,438224018
2024.7,S,44,27435.26,4036.27,17786506.3,88276190.5,438224121
2025.7,S,44,27445.92,4037.73,17786506.3,88276190.8,438224129
2026.7,S,43,27456.32,4039.20,17786506.3,88276226.6,438224204
2027.7,S,47,27468.13,4040.76,17786506.3,88276329.8,438224337
2028.7,S,44,27478.19,4042.26,17786506.3,88276541.3,438224523
2029.7,S,44,27488.70,4043.73,17786506.3,88276541.8,438224524
2030.7,S,43,27498.87,4045.15,17786506.3,88276561.5,438224543
2031.7,S,43,27508.51,4046.66,17786506.3,88276589.8,438224628
2032.7,S,43,27518.26,4047.96,17786506.3,88276590.2,438224634
2033.7,S,48,27527.88,4049.33,17786506.3,88276809.0,438224827
2034.7,S,48,27542.19,4050.93,17786506.3,88276817.6,438224860
2035.7,S,44,27552.43,4052.37,17786506.3,88276905.5,438225056
2036.7,S,44,27562.97,4053.86,17786506.3,88276905.8,438225061
2037.7,S,45,27572.73,4055.34,17786506.3,88277074.4,438225213
2038.7,S,45,27584.16,4056.90,17786506.3,88277074.8,438225215
2039.7,S,44,27594.85,4058.41,17786506.3,88277094.1,438225265
2040.7,S,44,27604.94,4059.87,17786506.3,88277132.4,438225338
2041.7,S,48,27617.50,4061.46,17786506.3,88277245.4,438225605
2042.7,S,43,27625.78,4062.83,17786506.3,88277469.9,438226169
2043.7,S,42,27635.40,4064.19,17786506.3,88277489.3,438226225
2044.7,S,42,27644.21,4065.50,17786506.3,88277489.6,438226226
2045.7,S,42,27652.99,4066.79,17786506.3,88277489.8,438226250
2046.7,S,44,27661.99,4068.29,17786506.3,88277548.3,438226303
2047.7,S,44,27672.61,4069.79,17786506.3,88277548.5,438226304
2048.7,S,48,27685.75,4071.37,17786506.3,88277651.3,438226395
2049.7,S,44,27697.01,4072.80,17786506.3,88277747.1,438226479
2050.7,S,43,27707.17,4074.24,17786506.3,88277804.0,438226530
2051.7,S,45,27717.77,4075.82,17786506.3,88277918.2,438226633
2052.7,S,45,27729.36,4077.33,17786506.3,88277918.8,438226636
2053.7,S,45,27741.01,4078.82,17786506.3,88277919.0,438226638
2054.7,S,44,27751.77,4080.28,17786506.3,88277958.7,438226703
2055.7,S,49,27764.00,4081.82,17786506.3,88278236.6,438226945
2056.7,S,45,27776.43,4083.38,17786506.3,88278332.4,438227028
2057.7,S,45,27788.06,4084.80,17786506.3,88278333.2,438227032
2058.7,S,44,27798.93,4086.41,17786506.3,88278371.5,438227068
2059.7,S,44,27809.52,4087.91,17786506.3,88278412.6,438227168
2060.7,S,44,27817.75,4089.24,17786506.3,88278547.5,438227537
2061.7,S,44,27828.29,4090.71,17786506.3,88278548.2,438227543
2062.7,S,48,27840.10,4092.32,17786506.3,88278651.0,438227635
2063.7,S,44,27852.71,4093.86,17786506.3,88278747.5,438227721
2064.7,S,42,27861.94,4095.36,17786506.3,88278920.5,438227872
2065.7,S,45,27873.14,4096.88,17786506.3,88278920.8,438227874
2066.7,S,44,27884.08,4098.40,17786506.3,88278940.1,438227897
2067.7,S,44,27894.60,4099.94,17786506.3,88278940.3,438227899
2068.7,S,44,27905.15,4101.42,17786506.3,88278940.8,438227903
2069.7,S,49,27915.15,4102.94,17786506.3,88279217.6,438228142
2070.7,S,45,27929.65,4104.78,17786506.3,88279313.6,438228226
2071.7,S,44,27940.37,4106.31,17786506.3,88279335.2,438228248
2072.7,S,44,27950.95,4107.80,17786506.3,88279335.5,438228255
2073.7,S,43,27961.52,4109.30,17786506.3,88279394.1,438228313
2074.7,S,44,27971.49,4110.90,17786506.3,88279511.8,438228417
2075.7,S,44,27982.04,4112.50,17786506.3,88279512.0,438228426
2076.7,S,47,27992.62,4113.84,17786506.3,88279646.1,438228543
2077.7,S,43,28005.07,4115.43,17786506.3,88279742.3,438228633
2078.7,S,45,28014.94,4116.81,17786506.3,88279860.4,438228735
2079.7,S,45,28026.43,4118.44,17786506.3,88279860.8,438228737
2080.7,S,44,28036.99,4120.05,17786506.3,88279879.6,438228756
2081.7,S,44,28047.63,4121.56,17786506.3,88279879.7,438228758
2082.7,S,44,28057.99,4122.91,17786506.3,88279944.9,438228918
2083.9,S,49,28066.57,4124.12,17786506.3,88280160.3,438229507
2084.9,S,47,28081.51,4125.92,17786506.3,88280256.4,438229623
2085.9,S,44,28092.75,4127.71,17786506.3,88280289.7,438229700
2086.9,S,44,28103.49,4129.19,17786506.3,88280290.4,438229704
2087.9,S,44,28112.68,4130.61,17786506.3,88280466.5,438230040
2088.9,S,44,28123.43,4132.07,17786506.3,88280466.9,438230042
2089.9,S,44,28134.00,4133.54,17786506.3,88280467.2,438230043
2090.9,S,47,28143.74,4134.89,17786506.3,88280602.3,438230161
2091.9,S,43,28156.04,4136.53,17786506.3,88280734.5,438230275
2092.9,S,45,28166.50,4138.03,17786506.3,88280815.8,438230352
2093.9,S,45,28177.95,4139.66,17786506.3,88280816.5,438230355
2094.9,S,45,28189.34,4141.13,17786506.3,88280816.7,438230357
2095.9,S,44,28200.44,4142.73,17786506.3,88280860.5,438230397
2096.9,S,45,28210.59,4144.18,17786506.3,88281037.0,438230555
2097.9,S,49,28222.27,4145.65,17786506.3,88281139.8,438230649
2098.9,S,49,28236.02,4147.23,17786506.3,88281235.8,438230848
2099.9,S,45,28244.23,4148.19,17786506.3,88281236.9,438230865
2100.9,S,44,28251.61,4149.08,17786506.3,88281281.0,438230966
2101.9,S,42,28257.25,4150.04,17786506.3,88281456.5,438231177
2102.9,S,42,28263.12,4151.03,17786506.3,88281456.8,438231186
2103.9,S,57,28279.73,4152.20,17786506.3,88281457.4,438231189
2104.9,S,57,28299.34,4153.17,17786506.3,88281458.6,438231193
2105.9,S,57,28318.96,4154.27,17786506.3,88281458.8,438231195
2106.9,S,57,28338.48,4155.25,17786506.3,88281504.6,438231236
2107.9,S,57,28357.91,4156.38,17786506.3,88281639.5,438231351
2108.9,S,57,28376.11,4157.83,17786506.3,88282353.0,438231960
2109.9,S,57,28395.67,4158.90,17786506.3,88282513.3,438232130
2110.9,S,61,28416.09,4159.95,17786506.3,88282616.1,438232241
2111.9,S,60,28438.12,4160.60,17786506.3,88282640.2,438232351
2112.9,S,57,28455.06,4161.47,17786506.3,88282921.1,438233046
2113.9,S,57,28472.91,4162.45,17786506.3,88283337.7,438233430
2114.9,S,57,28490.82,4163.34,17786506.3,88283734.9,438233768
2115.9,S,57,28509.21,4164.22,17786506.3,88283857.8,438233880
2116.9,S,57,28527.80,4165.13,17786506.3,88283858.1,438234708
2117.9,S,57,28545.70,4166.09,17786506.3,88283986.0,438234960
2118.9,S,57,28561.80,4167.04,17786506.3,88284355.2,438235611
2119.9,S,57,28579.73,4168.09,17786506.3,88284848.3,438236027
2120.9,S,57,28598.08,4168.96,17786506.3,88284915.4,438236098
2121.9,S,57,28616.66,4169.83,17786506.3,88284915.5,438236108
2122.9,S,57,28634.98,4170.75,17786506.3,88284973.5,438236255
2123.9,S,57,28650.36,4171.77,17786506.3,88285621.8,438237190
2124.9,S,57,28668.60,4172.73,17786506.3,88285769.1,438237422
2125.9,S,57,28686.85,4173.59,17786506.3,88285979.9,438237641
2126.9,S,56,28704.97,4174.48,17786506.3,88286027.0,438237697
2127.9,S,56,28722.63,4175.49,17786506.3,88286137.8,438237798
2129.0,S,56,28739.84,4176.51,17786506.3,88286525.6,438238127
2130.0,S,44,28751.43,4177.45,17786506.3,88287094.6,438238613
2131.0,S,46,28759.14,4179.34,17786506.3,88287202.8,438238720
2132.0,S,43,28771.27,4180.98,17786506.3,88287301.0,438238914
2133.0,S,43,28781.05,4182.44,17786506.3,88287301.3,438238919
2134.0,S,42,28790.30,4183.83,17786506.3,88287336.6,438238957
2135.0,S,42,28799.02,4185.22,17786506.3,88287337.0,438238966
2136.0,S,43,28807.94,4186.73,17786506.3,88287394.2,438239124
2137.0,S,43,28817.63,4188.15,17786506.3,88287394.7,438239131
2138.0,S,46,28827.56,4189.55,17786506.3,88287458.0,438239264
2139.0,S,42,28838.75,4191.17,17786506.3,88287553.9,438239361
2140.0,S,44,28848.02,4192.66,17786506.3,88287611.0,438239410
2141.0,S,44,28858.03,4193.92,17786506.3,88287674.0,438239541
2142.0,S,44,28868.61,4195.43,17786506.3,88287674.2,438239544
2143.0,S,43,28879.07,4196.94,17786506.3,88287721.7,438239590
2144.0,S,42,28888.11,4198.37,17786506.3,88287836.6,438239714
2145.0,S,44,28898.20,4199.68,17786506.3,88287849.9,438239746
2146.0,S,48,28911.44,4201.23,17786506.3,88287888.6,438239891
2147.0,S,43,28921.43,4202.58,17786506.3,88288022.9,438240196
2148.0,S,43,28931.12,4203.95,17786506.3,88288023.3,438240205
2149.0,S,44,28940.57,4205.39,17786506.3,88288139.3,438240303
2150.0,S,44,28951.20,4206.91,17786506.3,88288139.6,438240310
2151.0,S,43,28961.33,4208.41,17786506.3,88288164.7,438240371
2152.0,S,43,28970.91,4209.90,17786506.3,88288164.9,438240376
2153.0,S,49,28982.56,4211.35,17786506.3,88288321.2,438240622
2154.0,S,45,28994.47,4212.92,17786506.3,88288417.5,438240923
2155.0,S,44,29005.25,4214.45,17786506.3,88288433.7,438240951
2156.0,S,44,29016.08,4215.92,17786506.3,88288433.9,438240952
2157.0,S,44,29026.65,4217.44,17786506.3,88288434.2,438240958
2158.0,S,45,29035.07,4218.78,17786506.3,88288607.1,438241439
2159.0,S,44,29046.56,4220.21,17786506.3,88288624.4,438241520
2160.0,S,48,29057.41,4221.60,17786506.3,88288727.9,438241750
2161.0,S,44,29069.20,4223.14,17786506.3,88288824.1,438241968
2162.0,S,44,29079.84,4224.62,17786506.3,88288874.1,438242017
2163.0,S,44,29089.56,4226.24,17786506.3,88288999.2,438242139
2164.0,S,43,29099.81,4227.71,17786506.3,88289015.8,438242173
2165.0,S,43,29109.53,4229.09,17786506.3,88289016.8,438242180
2166.0,S,43,29119.09,4230.49,17786506.3,88289017.0,438242189
2167.0,S,48,29129.87,4232.09,17786506.3,88289235.0,438242399
2168.0,S,44,29141.83,4233.61,17786506.3,88289330.9,438242660
2169.0,S,44,29152.67,4235.05,17786506.3,88289330.9,438242660
2170.0,S,43,29162.72,4236.44,17786506.3,88289368.4,438242707
2171.0,S,43,29172.48,4237.78,17786506.3,88289369.2,438242715
2172.0,S,44,29181.35,4239.19,17786506.3,88289484.8,438243017
2173.0,S,44,29191.82,4240.69,17786506.3,88289485.1,438243022
2174.0,S,47,29202.30,4242.10,17786506.3,88289619.8,438243168
2175.0,S,43,29214.80,4243.78,17786506.3,88289716.0,438243257
2176.0,S,44,29223.93,4245.23,17786506.3,88289832.5,438243358
2177.0,S,44,29234.48,4246.75,17786506.3,88289833.2,438243361
2178.0,S,44,29244.99,4248.15,17786506.3,88289833.3,438243363
2179.0,S,43,29255.21,4249.64,17786506.3,88289870.2,438243397
2180.0,S,43,29264.88,4251.00,17786506.3,88289870.4,438243399
2181.0,S,48,29274.98,4252.45,17786506.3,88290088.9,438243594
2182.0,S,48,29287.86,4254.06,17786506.3,88290177.2,438243820
2183.0,S,43,29297.17,4255.39,17786506.3,88290208.4,438243928
2184.0,S,43,29307.10,4256.97,17786506.3,88290208.5,438243929
2185.0,S,44,29316.56,4258.56,17786506.3,88290324.4,438244030
2186.0,S,44,29327.04,4260.11,17786506.3,88290324.5,438244030
2187.0,S,44,29337.61,4261.61,17786506.3,88290325.1,438244035
2188.0,S,47,29347.98,4263.03,17786506.3,88290466.3,438244161
2189.0,S,43,29360.06,4264.73,17786506.3,88290620.7,438244295
2190.0,S,45,29370.76,4266.27,17786506.3,88290678.4,438244350
2191.0,S,45,29382.14,4267.87,17786506.3,88290700.9,438244410
2192.0,S,44,29392.73,4269.36,17786506.3,88290701.5,438244417
2193.0,S,44,29403.30,4270.82,17786506.3,88290702.0,438244420
2194.0,S,44,29413.43,4272.31,17786506.3,88290876.1,438244574
2195.0,S,48,29424.24,4273.73,17786506.3,88290979.1,438244660
2196.0,S,44,29437.16,4275.42,17786506.3,88291079.1,438244746
2197.0,S,43,29446.81,4276.78,17786506.3,88291103.4,438244817
2198.0,S,43,29455.95,4278.26,17786506.3,88291192.5,438244999
2199.1,S,45,29467.23,4279.79,17786506.3,88291219.7,438245104
2200.1,S,45,29478.67,4281.39,17786506.3,88291241.3,438245123
2201.1,S,44,29489.24,4282.89,17786506.3,88291245.1,438245128
2202.1,S,48,29499.97,4284.34,17786506.3,88291348.1,438245217
2203.1,S,44,29512.41,4286.09,17786506.3,88291619.4,438245461
2204.1,S,44,29522.99,4287.44,17786506.3,88291619.8,438245468
2205.1,S,44,29533.63,4288.97,17786506.3,88291619.8,438245468
2206.1,S,43,29543.60,4290.37,17786506.3,88291658.3,438245560
2207.1,S,43,29552.98,4291.83,17786506.3,88291771.6,438245658
2208.1,S,45,29564.12,4293.28,17786506.3,88291774.5,438245662
2209.1,S,49,29575.55,4294.73,17786506.3,88291877.7,438245754
2210.1,S,46,29590.31,4296.61,17786506.3,88291962.6,438245828
2211.1,S,44,29601.50,4298.10,17786506.3,88292020.8,438245882
2212.1,S,45,29611.53,4299.55,17786506.3,88292197.4,438246039
2213.1,S,45,29623.03,4301.03,17786506.3,88292197.7,438246050
2214.1,S,45,29634.70,4302.58,17786506.3,88292198.4,438246056
2215.1,S,45,29646.17,4304.17,17786506.3,88292198.4,438246056
2216.1,S,47,29656.69,4305.77,17786506.3,88292495.8,438246310
2217.1,S,45,29670.90,4307.47,17786506.3,88292621.0,438246420
2218.1,S,45,29682.54,4309.07,17786506.3,88292621.5,438246431
2219.1,S,44,29693.48,4310.56,17786506.3,88292652.5,438246518
2220.1,S,44,29704.06,4311.96,17786506.3,88292653.0,438246529
2221.1,S,44,29713.89,4313.52,17786506.3,88292833.7,438246693
2222.1,S,44,29724.56,4315.00,17786506.3,88292834.0,438246697
2223.1,S,48,29733.11,4316.04,17786506.3,88292937.2,438247013
2224.1,S,46,29746.76,4317.90,17786506.3,88293009.0,438247073
2225.1,S,42,29756.89,4319.43,17786506.3,88293208.9,438247247
2226.1,S,45,29767.92,4320.91,17786506.3,88293209.4,438247250
2227.1,S,45,29779.26,4322.58,17786506.3,88293209.5,438247252
2228.1,S,45,29790.68,4324.22,17786506.3,88293210.2,438247256
2229.1,S,44,29801.39,4325.70,17786506.3,88293253.1,438247294
2230.1,S,46,29811.52,4327.13,17786506.3,88293480.3,438247497
2231.1,S,49,29826.27,4328.84,17786506.3,88293537.4,438247563
2232.1,S,45,29836.01,4330.05,17786506.3,88293633.6,438247655
2233.1,S,45,29844.52,4331.08,17786506.3,88293633.7,438247661
2234.1,S,44,29852.89,4332.10,17786506.3,88293692.9,438247760
2235.1,S,42,29859.05,4333.25,17786506.3,88293868.7,438248144
2236.1,S,42,29865.37,4334.22,17786506.3,88293869.4,438248153
2237.1,S,57,29883.33,4335.36,17786506.3,88293870.3,438248165
2238.1,S,57,29903.58,4336.49,17786506.3,88293870.5,438248169
2239.1,S,57,29923.72,4337.71,17786506.3,88293871.4,438248171
2240.1,S,57,29944.05,4338.92,17786506.3,88293871.7,438248177
2241.1,S,57,29963.11,4340.12,17786506.3,88294251.2,438248494
2242.1,S,61,29982.34,4341.30,17786506.3,88294789.3,438248965
2243.1,S,61,30004.90,4342.01,17786506.3,88294868.5,438249047
2244.1,S,57,30024.22,4342.89,17786506.3,88295147.9,438249285
2245.1,S,57,30042.91,4343.78,17786506.3,88295148.9,438249291
2246.1,S,57,30060.26,4344.72,17786506.3,88295370.8,438249736
2247.1,S,57,30077.65,4345.76,17786506.3,88295728.2,438250257
2248.1,S,57,30095.96,4346.78,17786506.3,88296038.4,438250527
2249.1,S,57,30114.34,4347.77,17786506.3,88296266.7,438250737
2250.1,S,57,30132.76,4348.72,17786506.3,88296386.0,438251055
2251.1,S,57,30150.68,4349.71,17786506.3,88296494.7,438251266
2252.1,S,57,30168.20,4350.79,17786506.3,88297013.1,438251759
2253.1,S,57,30186.57,4351.81,17786506.3,88297239.8,438251951
2254.1,S,57,30205.04,4352.74,17786506.3,88297408.9,438252114
2255.1,S,57,30223.72,4353.59,17786506.3,88297409.1,438252121
2256.1,S,57,30242.27,4354.49,17786506.3,88297483.9,438252260
2257.1,S,57,30257.58,4355.51,17786506.3,88298022.0,438253241
2258.1,S,57,30275.94,4356.53,17786506.3,88298315.5,438253497
2259.1,S,57,30294.40,4357.43,17786506.3,88298449.6,438253623
2260.1,S,56,30312.84,4358.42,17786506.3,88298532.3,438253798
2261.1,S,60,30331.16,4359.35,17786506.3,88298698.6,438253946
2262.1,S,56,30350.32,4359.98,17786506.3,88299164.7,438254437
2263.1,S,46,30361.88,4360.26,17786506.3,88299640.5,438254929
2264.1,S,42,30362.85,4360.75,17786506.3,88299818.6,438255179
2265.1,S,43,30370.58,4362.01,17786506.3,88299820.4,438255189
2266.1,S,43,30380.33,4363.34,17786506.3,88299820.7,438255196
2267.1,S,43,30390.07,4364.82,17786506.3,88299822.4,438255207
2268.1,S,43,30399.79,4366.22,17786506.3,88299839.9,438255229
2269.1,S,43,30408.65,4367.82,17786506.3,88299933.0,438255405
2270.1,S,43,30418.36,4369.25,17786506.3,88299933.3,438255405
2271.1,S,47,30428.43,4370.62,17786506.3,88299968.9,438255487
2272.1,S,47,30440.27,4372.21,17786506.3,88300037.5,438255731
2273.1,S,44,30448.74,4373.59,17786506.3,88300169.9,438255973
2274.1,S,44,30459.23,4375.18,17786506.3,88300232.7,438256036
2275.1,S,43,30469.08,4376.79,17786506.3,88300253.2,438256059
2276.1,S,43,30478.84,4378.22,17786506.3,88300253.5,438256068
2277.1,S,43,30488.17,4379.55,17786506.3,88300334.8,438256221
2278.1,S,48,30497.87,4380.87,17786506.3,88300417.8,438256389
2279.1,S,45,30511.88,4382.70,17786506.3,88300489.8,438256479
2280.1,S,44,30522.76,4384.24,17786506.3,88300514.0,438256509
2281.1,S,44,30533.29,4385.76,17786506.3,88300514.8,438256521
2282.2,S,44,30541.54,4387.03,17786506.3,88300684.3,438256980
2283.2,S,44,30552.14,4388.60,17786506.3,88300684.7,438256988
2284.2,S,43,30562.52,4389.92,17786506.3,88300710.2,438257019
2285.2,S,43,30571.92,4391.38,17786506.3,88300714.6,438257045
2286.2,S,47,30582.30,4392.83,17786506.3,88300806.8,438257382
2287.2,S,44,30593.53,4394.33,17786506.3,88300961.2,438257658
2288.2,S,44,30604.21,4395.94,17786506.3,88300961.5,438257666
2289.2,S,44,30614.82,4397.42,17786506.3,88300962.0,438257677
2290.2,S,43,30624.79,4399.00,17786506.3,88301005.8,438257822
2291.2,S,44,30633.84,4400.36,17786506.3,88301120.1,438258039
2292.2,S,44,30644.53,4401.82,17786506.3,88301120.5,438258048
2293.2,S,48,30657.44,4403.34,17786506.3,88301223.4,438258152
2294.2,S,43,30668.13,4404.95,17786506.3,88301362.8,438258279
2295.2,S,43,30677.59,4406.23,17786506.3,88301490.1,438258407
2296.2,S,44,30687.78,4407.74,17786506.3,88301506.9,438258434
2297.2,S,44,30698.34,4409.25,17786506.3,88301514.3,438258455
2298.2,S,43,30708.16,4410.73,17786506.3,88301534.6,438258514
2299.2,S,43,30717.84,4412.21,17786506.3,88301534.8,438258517
2300.2,S,48,30724.94,4413.09,17786506.3,88301753.2,438259027
2301.2,S,43,30736.59,4414.75,17786506.3,88301859.3,438259149
2302.2,S,43,30746.36,4416.19,17786506.3,88301859.6,438259162
2303.2,S,43,30756.15,4417.69,17786506.3,88301859.9,438259168
2304.2,S,42,30765.07,4419.08,17786506.3,88301975.5,438259405
2305.2,S,44,30775.41,4420.77,17786506.3,88301976.0,438259406
2306.2,S,44,30786.14,4422.33,17786506.3,88301976.2,438259410
2307.2,S,47,30795.44,4423.51,17786506.3,88302117.5,438259737
2308.2,S,43,30807.92,4425.20,17786506.3,88302213.5,438259821
2309.2,S,44,30817.52,4426.80,17786506.3,88302329.4,438259927
2310.2,S,44,30828.07,4428.25,17786506.3,88302329.8,438259931
2311.2,S,43,30838.14,4429.58,17786506.3,88302356.6,438259956
2312.2,S,43,30847.58,4431.27,17786506.3,88302356.9,438259960
2313.2,S,44,30857.20,4432.78,17786506.3,88302472.6,438260060
2314.2,S,48,30868.17,4434.29,17786506.3,88302575.5,438260163
2315.2,S,44,30881.51,4436.05,17786506.3,88302671.9,438260259
2316.2,S,43,30891.47,4437.64,17786506.3,88302706.6,438260290
2317.2,S,43,30901.00,4439.03,17786506.3,88302764.6,438260401
2318.2,S,44,30910.57,4440.65,17786506.3,88302822.3,438260513
2319.2,S,44,30921.22,4442.06,17786506.3,88302822.7,438260536
2320.2,S,43,30931.80,4443.57,17786506.3,88302859.7,438260568
2321.2,S,47,30942.55,4445.08,17786506.3,88302962.5,438260658
2322.2,S,44,30953.76,4446.71,17786506.3,88303173.9,438260845
2323.2,S,44,30964.49,4448.14,17786506.3,88303174.2,438260849
2324.2,S,44,30975.30,4449.71,17786506.3,88303174.3,438260851
2325.2,S,43,30985.12,4451.16,17786506.3,88303207.1,438260884
2326.2,S,43,30994.82,4452.58,17786506.3,88303207.2,438260884
2327.2,S,46,31004.71,4454.03,17786506.3,88303323.3,438261164
2328.2,S,50,31017.85,4455.53,17786506.3,88303426.7,438261317
2329.2,S,45,31031.26,4457.25,17786506.3,88303543.3,438261430
2330.2,S,45,31043.01,4458.81,17786506.3,88303543.4,438261439
2331.2,S,42,31053.35,4460.21,17786506.3,88303775.3,438261640
2332.2,S,46,31065.45,4461.76,17786506.3,88303775.6,438261641
2333.2,S,45,31076.96,4463.31,17786506.3,88303790.2,438261655
2334.2,S,45,31088.54,4464.88,17786506.3,88303790.3,438261656
2335.2,S,49,31100.77,4466.41,17786506.3,88303893.3,438261747
2336.2,S,45,31113.44,4468.14,17786506.3,88304223.7,438262042
2337.2,S,45,31124.97,4469.63,17786506.3,88304223.9,438262045
2338.2,S,45,31136.37,4471.20,17786506.3,88304224.1,438262049
2339.2,S,45,31147.95,4472.74,17786506.3,88304224.7,438262054
2340.2,S,45,31158.76,4474.31,17786506.3,88304311.5,438262245
2341.2,S,44,31167.99,4475.86,17786506.3,88304458.9,438262576
2342.2,S,48,31178.79,4477.31,17786506.3,88304561.9,438262709
2343.2,S,44,31191.92,4479.09,17786506.3,88304658.0,438262808
2344.2,S,43,31202.33,4480.58,17786506.3,88304703.8,438262860
2345.2,S,45,31211.45,4482.07,17786506.3,88304825.3,438262966
2346.2,S,45,31222.77,4483.67,17786506.3,88304826.1,438262969
2347.2,S,44,31233.32,4485.28,17786506.3,88304842.9,438262985
2348.2,S,44,31243.93,4486.86,17786506.3,88304843.2,438262988
2349.2,S,44,31253.98,4488.19,17786506.3,88304938.4,438263073
2350.2,S,49,31267.19,4489.93,17786506.3,88305121.5,438263233
2351.2,S,45,31278.73,4491.55,17786506.3,88305217.7,438263324
2352.2,S,45,31290.20,4493.13,17786506.3,88305218.1,438263330
2353.2,S,44,31301.16,4494.52,17786506.3,88305258.3,438263390
2354.2,S,44,31311.18,4495.87,17786506.3,88305433.6,438263542
2355.2,S,45,31322.14,4497.44,17786506.3,88305434.0,438263547
2356.2,S,44,31332.90,4498.91,17786506.3,88305449.5,438263563
2357.3,S,48,31345.49,4500.48,17786506.3,88305552.7,438263661
2358.3,S,44,31357.06,4502.03,17786506.3,88305648.8,438263748
2359.3,S,45,31367.16,4503.62,17786506.3,88305823.8,438263908
2360.3,S,44,31378.30,4505.11,17786506.3,88305838.6,438263938
2361.3,S,44,31389.03,4506.52,17786506.3,88305839.2,438263968
2362.3,S,44,31399.56,4507.96,17786506.3,88305839.6,438263971
2363.3,S,42,31409.18,4509.49,17786506.3,88306014.9,438264123
2364.3,S,50,31423.33,4511.05,17786506.3,88306117.8,438264216
2365.3,S,45,31434.13,4512.34,17786506.3,88306230.0,438264320
2366.3,S,45,31441.09,4513.10,17786506.3,88306230.4,438264324
2367.3,S,45,31448.22,4513.78,17786506.3,88306231.0,438264328
2368.3,S,42,31453.41,4514.59,17786506.3,88306464.2,438264755
2369.3,S,42,31458.15,4515.31,17786506.3,88306464.5,438264755
2370.3,S,57,31474.22,4516.14,17786506.3,88306465.2,438264759
2371.3,S,57,31492.95,4517.12,17786506.3,88306465.4,438264763
2372.3,S,57,31511.52,4518.03,17786506.3,88306466.4,438264769
2373.3,S,57,31530.14,4518.86,17786506.3,88306513.7,438264820
2374.3,S,57,31547.44,4519.90,17786506.3,88307042.6,438265274
2375.3,S,57,31565.96,4520.90,17786506.3,88307323.6,438265520
2376.3,S,57,31584.38,4521.84,17786506.3,88307470.9,438265648
2377.3,S,57,31603.01,4522.80,17786506.3,88307567.3,438265749
2378.3,S,57,31620.78,4523.72,17786506.3,88307733.2,438266125
2379.3,S,57,31636.94,4524.78,17786506.3,88307991.5,438266763
2380.3,S,57,31655.13,4525.78,17786506.3,88308303.1,438267095
2381.3,S,61,31673.56,4526.82,17786506.3,88308540.5,438267306
2382.3,S,61,31694.97,4527.39,17786506.3,88308687.7,438267430
2383.3,S,57,31713.26,4528.17,17786506.3,88308892.5,438267615
2384.3,S,57,31730.55,4529.00,17786506.3,88309188.0,438267881
2385.3,S,57,31747.84,4529.81,17786506.3,88309510.9,438268154
2386.3,S,57,31765.26,4530.65,17786506.3,88309780.3,438268419
2387.3,S,57,31782.77,4531.46,17786506.3,88309902.8,438268728
2388.3,S,57,31799.39,4532.19,17786506.3,88310141.4,438269239
2389.3,S,57,31817.14,4532.97,17786506.3,88310216.1,438269309
2390.3,S,57,31834.21,4533.79,17786506.3,88310680.3,438269710
2391.3,S,57,31851.76,4534.51,17786506.3,88310833.0,438269840
2392.3,S,57,31868.88,4535.32,17786506.3,88311093.0,438270425
2393.3,S,56,31885.96,4536.05,17786506.3,88311237.4,438270715
2394.3,S,56,31902.74,4536.77,17786506.3,88311301.1,438270778
2395.3,S,56,31919.37,4537.59,17786506.3,88311693.9,438271116
2396.3,S,44,31931.36,4538.33,17786506.3,88312200.7,438271552
2397.3,S,43,31939.56,4540.48,17786506.3,88312313.5,438271656
2398.3,S,43,31949.12,4541.96,17786506.3,88312314.4,438271659
2399.3,S,43,31958.69,4543.37,17786506.3,88312314.6,438271685
2400.3,S,46,31969.68,4544.83,17786506.3,88312381.4,438271757
2401.3,S,44,31980.32,4546.33,17786506.3,88312534.0,438271896
2402.3,S,44,31990.93,4547.89,17786506.3,88312534.5,438271912
2403.3,S,44,32001.41,4549.43,17786506.3,88312534.7,438271916
2404.3,S,43,32011.69,4550.94,17786506.3,88312569.2,438271947
2405.3,S,43,32021.36,4552.43,17786506.3,88312575.5,438271964
2406.3,S,43,32029.85,4553.76,17786506.3,88312684.6,438272206
2407.3,S,47,32040.10,4555.20,17786506.3,88312731.8,438272326
2408.3,S,43,32052.55,4557.03,17786506.3,88312827.9,438272490
2409.3,S,43,32062.35,4558.45,17786506.3,88312828.2,438272501
2410.4,S,44,32071.28,4559.80,17786506.3,88312942.2,438272804
2411.4,S,44,32081.83,4561.28,17786506.3,88312942.9,438272811
2412.4,S,44,32092.33,4562.78,17786506.3,88313013.7,438272877
2413.4,S,43,32102.61,4564.24,17786506.3,88313055.1,438272959
2414.4,S,43,32109.31,4565.24,17786506.3,88313174.8,438273291
2415.4,S,51,32124.10,4566.96,17786506.3,88313231.2,438273388
2416.4,S,46,32137.80,4568.83,17786506.3,88313351.3,438273508
2417.4,S,46,32150.18,4570.52,17786506.3,88313352.3,438273512
2418.4,S,46,32162.58,4572.18,17786506.3,88313352.6,438273514
2419.4,S,45,32171.52,4573.54,17786506.3,88313632.4,438274118
2420.4,S,44,32181.49,4575.19,17786506.3,88313672.1,438274240
2421.4,S,44,32192.10,4576.58,17786506.3,88313672.5,438274253
2422.4,S,47,32205.17,4578.19,17786506.3,88313739.1,438274370
2423.4,S,43,32214.94,4579.58,17786506.3,88313835.8,438274632
2424.4,S,44,32224.06,4581.02,17786506.3,88313950.9,438274876
2425.4,S,44,32234.54,4582.54,17786506.3,88313951.2,438274887
2426.4,S,44,32245.17,4584.09,17786506.3,88313951.3,438274911
2427.4,S,44,32255.79,4585.66,17786506.3,88313951.7,438274912
2428.4,S,43,32265.96,4587.10,17786506.3,88314005.9,438275091
2429.4,S,48,32272.65,4588.03,17786506.3,88314228.3,438275598
2430.4,S,44,32285.62,4589.70,17786506.3,88314324.6,438275735
2431.4,S,43,32295.81,4591.16,17786506.3,88314354.1,438275793
2432.4,S,43,32305.45,4592.60,17786506.3,88314354.4,438275801
2433.4,S,42,32313.61,4593.82,17786506.3,88314469.6,438276092
2434.4,S,45,32325.33,4595.36,17786506.3,88314474.4,438276112
2435.4,S,45,32336.94,4596.87,17786506.3,88314474.9,438276138
2436.4,S,49,32348.18,4598.30,17786506.3,88314577.7,438276283
2437.4,S,49,32361.58,4600.04,17786506.3,88314673.4,438276527
2438.4,S,44,32370.00,4601.54,17786506.3,88314905.1,438277010
2439.4,S,44,32380.74,4603.06,17786506.3,88314905.5,438277012
2440.4,S,44,32391.44,4604.60,17786506.3,88314906.0,438277022
2441.4,S,44,32402.13,4606.03,17786506.3,88314906.1,438277024
2442.4,S,44,32412.52,4607.56,17786506.3,88314962.4,438277183
2443.4,S,48,32421.98,4609.06,17786506.3,88315182.9,438277386
2444.4,S,45,32435.74,4610.87,17786506.3,88315255.3,438277454
2445.4,S,43,32445.91,4612.29,17786506.3,88315310.0,438277503
2446.4,S,43,32455.42,4613.89,17786506.3,88315310.5,438277505
2447.4,S,45,32464.80,4615.28,17786506.3,88315426.1,438277610
2448.4,S,45,32476.25,4616.77,17786506.3,88315426.5,438277621
2449.4,S,44,32486.83,4618.20,17786506.3,88315442.3,438277642
2450.4,S,44,32495.21,4619.34,17786506.3,88315512.9,438277934
2451.4,S,48,32508.87,4621.03,17786506.3,88315562.3,438278016
2452.4,S,46,32518.97,4622.70,17786506.3,88315814.5,438278248
2453.4,S,46,32531.50,4624.31,17786506.3,88315814.9,438278250
2454.4,S,45,32543.52,4625.97,17786506.3,88315846.5,438278280
2455.4,S,45,32555.10,4627.54,17786506.3,88315846.7,438278282
2456.4,S,45,32565.04,4628.99,17786506.3,88316080.0,438278482
2457.4,S,44,32576.37,4630.43,17786506.3,88316090.6,438278491
2458.4,S,48,32588.98,4631.97,17786506.3,88316193.4,438278580
2459.4,S,44,32600.74,4633.60,17786506.3,88316289.3,438278664
2460.4,S,44,32611.29,4635.12,17786506.3,88316315.8,438278712
2461.4,S,47,32622.55,4636.63,17786506.3,88316464.8,438278844
2462.4,S,46,32635.61,4638.34,17786506.3,88316480.6,438278935
2463.4,S,46,32647.97,4640.04,17786506.3,88316481.0,438278938
2464.4,S,46,32660.30,4641.69,17786506.3,88316481.2,438278945
2465.4,S,47,32673.65,4643.33,17786506.3,88316817.7,438279238
2466.4,S,45,32684.95,4644.97,17786506.3,88316973.8,438279381
2467.4,S,44,32695.60,4646.38,17786506.3,88316981.7,438279394
2468.4,S,44,32706.11,4647.90,17786506.3,88316982.2,438279399
2469.4,S,44,32716.64,4649.45,17786506.3,88316982.4,438279406
2470.4,S,43,32725.63,4650.89,17786506.3,88317157.4,438279641
2471.4,S,42,32735.11,4652.39,17786506.3,88317172.1,438279659
2472.4,S,46,32746.37,4653.80,17786506.3,88317275.1,438279744
2473.4,S,42,32755.46,4655.29,17786506.3,88317492.1,438279934
2474.4,S,42,32763.60,4656.65,17786506.6,88317612.9,438280095
2475.4,S,45,32774.68,4658.13,17786508.2,88317621.5,438280114
2476.4,S,44,32785.28,4659.58,17786508.6,88317633.8,438280140
2477.4,S,44,32795.95,4660.94,17786508.6,88317754.0,438280264
2478.4,S,44,32806.78,4662.30,17786508.6,88317754.1,438280276
2479.4,S,49,32817.21,4663.82,17786508.6,88317855.1,438280474
2480.4,S,45,32830.62,4665.55,17786508.6,88317951.2,438280650
2481.4,S,45,32842.04,4667.16,17786508.6,88317951.3,438280650
2482.4,S,45,32853.59,4668.64,17786508.6,88317951.9,438280654
2483.4,S,43,32863.69,4670.12,17786508.6,88318116.5,438280795
2484.4,S,45,32874.21,4671.72,17786508.6,88318175.1,438280850
2485.4,S,45,32885.66,4673.34,17786508.6,88318203.2,438280879
2486.4,S,49,32897.74,4675.02,17786508.6,88318238.3,438280916
2487.4,S,45,32912.17,4677.03,17786508.6,88318334.9,438281004
2488.4,S,46,32921.99,4678.71,17786508.6,88318567.6,438281202
2489.4,S,45,32933.53,4680.32,17786508.6,88318570.2,438281221
2490.4,S,45,32944.96,4681.93,17786508.6,88318570.4,438281227
2491.4,S,45,32956.38,4683.49,17786508.6,88318570.6,438281230
2492.4,S,45,32967.69,4684.96,17786508.6,88318636.4,438281288
2493.4,S,49,32979.14,4686.48,17786508.6,88318868.2,438281494
2494.4,S,45,32992.86,4688.06,17786508.6,88318964.5,438281584
2495.4,S,45,33004.36,4689.52,17786508.6,88318964.6,438281588
2496.4,S,45,33015.72,4691.00,17786508.6,88318964.9,438281595
2497.4,S,46,33025.65,4692.65,17786508.6,88319197.8,438281820
2498.4,S,46,33038.39,4694.30,17786508.6,88319198.6,438281824
2499.4,S,45,33050.30,4696.02,17786508.6,88319221.5,438281850
2500.4,S,49,33061.82,4697.46,17786508.6,88319307.8,438282076
2501.4,S,45,33074.26,4698.87,17786508.6,88319404.0,438282317
2502.4,S,42,33079.52,4699.72,17786508.6,88319639.9,438282665
2503.4,S,42,33084.53,4700.51,17786508.6,88319640.7,438282672
2504.4,S,57,33103.24,4701.47,17786508.6,88319641.0,438282672
2505.4,S,57,33122.14,4702.35,17786508.6,88319641.6,438282675
2506.4,S,57,33140.95,4703.35,17786508.6,88319641.9,438282679
2507.4,S,57,33159.86,4704.23,17786508.6,88319687.5,438282721
2508.4,S,57,33178.46,4705.23,17786508.6,88320048.6,438283032
2509.4,S,57,33196.41,4706.34,17786508.6,88320396.9,438283411
2510.6,S,57,33215.31,4707.44,17786508.6,88320711.1,438284159
2511.6,S,57,33234.07,4708.44,17786508.6,88320770.5,438284233
2512.6,S,57,33253.06,4709.46,17786508.6,88320852.0,438284314
2513.6,S,57,33271.36,4710.54,17786508.6,88321229.4,438284633
2514.6,S,57,33289.85,4711.57,17786508.6,88321488.2,438284868
2515.6,S,61,33309.11,4712.44,17786508.6,88321871.5,438285197
2516.6,S,57,33330.01,4713.15,17786508.6,88322030.4,438285376
2517.6,S,57,33347.86,4713.91,17786508.6,88322079.8,438285493
2518.6,S,57,33361.97,4714.63,17786508.6,88322483.6,438286328
2519.6,S,57,33379.55,4715.42,17786508.6,88322662.6,438286544
2520.6,S,57,33397.41,4716.28,17786508.6,88322853.4,438286709
2521.6,S,57,33415.01,4717.06,17786508.6,88323067.1,438286907
2522.6,S,57,33432.62,4717.90,17786508.6,88323226.8,438287082
2523.6,S,57,33450.31,4718.70,17786508.6,88323565.9,438287370
2524.6,S,57,33468.06,4719.52,17786508.6,88323693.7,438287497
2525.6,S,57,33485.56,4720.27,17786508.6,88323989.2,438287759
2526.6,S,57,33503.07,4721.05,17786508.6,88324175.2,438287949
2527.6,S,56,33520.38,4721.82,17786508.6,88324409.3,438288424
2528.6,S,56,33535.36,4722.64,17786508.6,88324624.8,438288976
2529.6,S,56,33552.33,4723.44,17786508.6,88324713.6,438289062
2530.6,S,46,33566.02,4724.36,17786508.6,88325331.4,438289591
2531.6,S,44,33573.57,4726.27,17786508.6,88325461.2,438289705
2532.6,S,44,33584.19,4727.67,17786508.6,88325464.1,438289719
2533.6,S,44,33594.72,4729.26,17786508.6,88325515.1,438289811
2534.6,S,48,33608.15,4730.97,17786508.6,88325538.4,438289872
2535.6,S,43,33618.19,4732.31,17786508.6,88325682.6,438290005
2536.6,S,44,33627.89,4733.93,17786508.6,88325794.1,438290110
2537.6,S,44,33638.34,4735.58,17786509.0,88325795.2,438290121
2538.6,S,44,33648.79,4737.06,17786509.0,88325795.9,438290160
2539.6,S,43,33658.85,4738.63,17786509.0,88325840.0,438290206
2540.6,S,44,33667.40,4740.03,17786509.3,88325953.7,438290487
2541.6,S,48,33680.36,4741.72,17786516.5,88325997.2,438290582
2542.6,S,44,33690.25,4743.00,17786523.5,88326093.3,438290861
2543.6,S,44,33700.75,4744.51,17786532.5,88326093.6,438290882
2544.6,S,43,33710.51,4745.90,17786540.3,88326137.1,438290982
2545.6,S,44,33719.96,4747.36,17786550.6,88326250.4,438291176
2546.6,S,44,33730.52,4748.84,17786569.3,88326250.6,438291232
2547.6,S,43,33740.22,4750.25,17786579.0,88326270.2,438291297
2548.6,S,47,33750.91,4751.68,17786588.1,88326322.1,438291428
2549.6,S,42,33761.37,4753.07,17786601.7,88326613.3,438291736
2550.7,S,44,33771.90,4754.52,17786601.7,88326613.6,438291742
2551.7,S,43,33782.15,4756.07,17786601.7,88326637.7,438291963
2552.7,S,43,33791.70,4757.57,17786601.7,88326637.9,438291976
2553.7,S,43,33801.32,4759.05,17786601.7,88326638.0,438291982
2554.7,S,45,33811.53,4760.62,17786601.7,88326751.9,438292092
2555.7,S,49,33824.51,4762.26,17786601.7,88326774.9,438292152
2556.7,S,45,33837.86,4763.87,17786601.7,88326871.0,438292319
2557.7,S,44,33848.79,4765.33,17786601.7,88326909.9,438292381
2558.7,S,42,33858.24,4766.95,17786601.7,88327081.3,438292534
2559.7,S,45,33869.64,4768.55,17786609.5,88327081.7,438292546
2560.7,S,45,33881.16,4770.07,17786618.2,88327082.5,438292558
2561.7,S,44,33892.48,4771.52,17786627.9,88327121.2,438292606
2562.7,S,48,33904.18,4773.08,17786635.5,88327224.0,438292713
2563.7,S,44,33915.58,4774.69,17786637.2,88327493.3,438292947
2564.7,S,44,33926.20,4776.14,17786637.2,88327493.5,438292955
2565.7,S,44,33936.76,4777.52,17786637.2,88327494.1,438292960
2566.7,S,44,33947.28,4779.07,17786637.2,88327494.5,438292963
2567.7,S,44,33956.73,4780.59,17786637.2,88327662.3,438293179
2568.7,S,44,33967.45,4782.05,17786637.2,88327662.7,438293187
2569.7,S,48,33977.12,4783.23,17786637.2,88327765.7,438293440
2570.7,S,48,33990.82,4784.92,17786637.2,88327791.9,438293689
2571.7,S,43,34001.05,4786.39,17786637.2,88327918.3,438293912
2572.7,S,46,34011.87,4787.86,17786647.6,88328032.0,438294097
2573.7,S,46,34024.37,4789.52,17786664.6,88328032.3,438294143
2574.7,S,45,34036.54,4791.01,17786678.6,88328063.9,438294214
2575.7,S,45,34048.08,4792.45,17786686.7,88328064.2,438294244
2576.7,S,47,34057.78,4793.76,17786695.1,88328341.7,438294565
2577.7,S,44,34071.17,4795.55,17786695.2,88328503.8,438294713
2578.7,S,44,34081.74,4797.01,17786695.2,88328504.2,438294713
2579.7,S,44,34092.35,4798.49,17786695.2,88328504.7,438294720
2580.7,S,44,34102.85,4799.94,17786695.2,88328504.8,438294740
2581.7,S,44,34112.24,4801.50,17786695.2,88328677.5,438295029
2582.7,S,44,34122.86,4803.02,17786695.2,88328678.0,438295033
2583.7,S,48,34133.99,4804.51,17786695.2,88328780.9,438295148
2584.7,S,43,34146.81,4806.29,17786695.3,88328916.1,438295366
2585.7,S,43,34156.39,4807.81,17786695.5,88328916.9,438295381
2586.7,S,46,34166.62,4809.49,17786695.5,88329031.9,438295634
2587.7,S,46,34179.09,4811.17,17786695.5,88329032.6,438295636
2588.7,S,45,34191.45,4812.60,17786695.5,88329066.8,438295670
2589.7,S,45,34203.08,4814.18,17786695.5,88329067.5,438295724
2590.7,S,46,34214.45,4815.67,17786695.6,88329401.3,438296026
2591.7,S,44,34227.13,4817.26,17786695.6,88329497.7,438296121
2592.7,S,44,34237.89,4818.68,17786695.6,88329498.1,438296140
2593.7,S,43,34247.86,4820.11,17786695.6,88329527.6,438296195
2594.7,S,43,34257.57,4821.58,17786695.6,88329527.8,438296198
2595.7,S,47,34269.16,4823.20,17786706.6,88329643.5,438296310
2596.7,S,46,34281.70,4824.87,17786717.1,88329654.8,438296330
2597.7,S,50,34295.42,4826.66,17786725.3,88329757.6,438296434
2598.7,S,46,34309.55,4828.45,17786741.5,88329854.3,438296545
2599.7,S,42,34320.23,4829.94,17786753.6,88330146.2,438296824
2600.7,S,45,34331.73,4831.54,17786753.6,88330147.2,438296833
2601.7,S,45,34343.17,4833.08,17786753.6,88330147.2,438296833
2602.7,S,45,34354.66,4834.61,17786753.6,88330147.6,438296840
2603.7,S,44,34365.42,4836.14,17786753.6,88330191.2,438296928
2604.7,S,49,34376.07,4837.69,17786753.6,88330468.2,438297164
2605.7,S,45,34388.97,4839.32,17786753.6,88330564.1,438297367
2606.7,S,45,34400.49,4840.94,17786753.6,88330564.5,438297372
2607.7,S,45,34412.06,4842.50,17786753.6,88330564.8,438297372
2608.7,S,43,34421.36,4843.83,17786753.6,88330756.0,438297797
2609.7,S,45,34432.28,4845.38,17786753.6,88330790.8,438297874
2610.7,S,45,34443.88,4846.91,17786753.6,88330791.1,438297885
2611.7,S,49,34454.79,4848.23,17786753.6,88330894.1,438298084
2612.7,S,45,34469.45,4850.11,17786753.6,88330990.3,438298221
2613.7,S,46,34478.83,4851.63,17786754.8,88331221.0,438298500
2614.7,S,46,34491.31,4853.17,17786768.2,88331221.8,438298530
2615.7,S,46,34503.79,4854.73,17786786.9,88331221.9,438298541
2616.7,S,46,34516.24,4856.30,17786805.4,88331222.1,438298553
2617.7,S,45,34528.32,4857.74,17786819.7,88331285.2,438298623
2618.7,S,50,34538.32,4859.07,17786819.7,88331605.5,438298899
2619.7,S,48,34554.11,4860.93,17786819.7,88331653.6,438298949
2620.7,S,46,34566.87,4862.49,17786819.7,88331702.0,438298997
2621.7,S,45,34578.48,4864.00,17786819.7,88331741.0,438299067
2622.7,S,42,34588.41,4865.37,17786819.7,88331973.7,438299514
2623.7,S,46,34600.32,4867.13,17786830.2,88331979.1,438299553
2624.7,S,46,34612.67,4868.75,17786838.4,88331979.2,438299581
2625.7,S,50,34623.93,4870.21,17786851.8,88332082.4,438299747
2626.7,S,50,34639.93,4871.96,17786867.7,88332130.4,438299850
2627.7,S,46,34650.31,4873.85,17786878.0,88332468.7,438300236
2628.7,S,45,34662.35,4875.50,17786886.5,88332477.6,438300256
2629.7,S,45,34673.91,4877.10,17786895.6,88332478.2,438300267
2630.8,S,45,34685.60,4878.46,17786907.0,88332478.4,438300281
2631.8,S,45,34697.23,4880.02,17786925.7,88332478.9,438300294
2632.8,S,49,34707.80,4881.53,17786929.3,88332815.9,438300592
2633.8,S,45,34721.47,4883.20,17786929.3,88332919.6,438300696
2634.8,S,44,34728.30,4884.06,17786929.3,88332933.9,438300716
2635.8,S,44,34735.00,4884.88,17786929.3,88332934.6,438300720
2636.8,S,45,34740.71,4885.68,17786929.3,88333109.4,438301171
2637.8,S,42,34746.13,4886.60,17786929.3,88333109.8,438301177
2638.8,S,57,34760.07,4887.58,17786929.3,88333110.1,438301179
2639.8,S,57,34779.38,4888.59,17786929.3,88333110.8,438301183
2640.8,S,57,34798.70,4889.62,17786929.3,88333110.9,438301185
2641.8,S,57,34818.01,4890.74,17786929.3,88333112.1,438301190
2642.8,S,57,34836.79,4891.75,17786929.3,88333264.0,438301334
2643.8,S,57,34855.13,4893.03,17786929.3,88333885.0,438301857
2644.8,S,57,34874.08,4894.15,17786929.3,88334189.2,438302124
2645.8,S,57,34893.58,4895.16,17786929.3,88334189.6,438302129
2646.8,S,61,34913.21,4896.13,17786929.3,88334292.5,438302412
2647.8,S,61,34932.46,4896.81,17786929.3,88334498.7,438302889
2648.8,S,57,34949.33,4897.85,17786929.3,88334964.8,438303430
2649.8,S,57,34966.08,4898.65,17786929.3,88335188.2,438304031
2650.8,S,57,34982.55,4899.48,17786929.3,88335390.3,438304440
2651.8,S,57,35000.74,4900.42,17786929.3,88335390.6,438304449
2652.8,S,57,35017.92,4901.28,17786929.3,88335633.8,438305019
2653.8,S,57,35034.64,4902.19,17786929.3,88336104.2,438305695
2654.8,S,57,35052.53,4903.03,17786929.3,88336237.4,438305809
2655.8,S,57,35070.41,4903.95,17786929.3,88336506.0,438306051
2656.8,S,57,35088.61,4904.74,17786929.3,88336523.3,438306074
2657.8,S,57,35106.43,4905.54,17786929.3,88336771.9,438306290
2658.8,S,57,35123.39,4906.34,17786929.3,88337035.4,438306950
2659.8,S,57,35140.48,4907.24,17786929.3,88337429.5,438307502
2660.8,S,57,35158.42,4908.08,17786929.3,88337591.9,438307652
2661.8,S,56,35176.11,4908.87,17786929.3,88337721.8,438307769
2662.8,S,56,35193.18,4909.79,17786929.3,88337939.7,438308062
2663.8,S,56,35210.27,4910.66,17786929.3,88338173.8,438308331
2664.8,S,47,35223.47,4911.53,17786929.3,88338691.2,438308858
2665.8,S,42,35229.66,4913.16,17786929.3,88338840.4,438309037
2666.8,S,48,35239.36,4914.89,17786941.7,88338862.8,438309078
2667.8,S,48,35253.62,4916.68,17786960.7,88338891.3,438309123
2668.8,S,44,35264.18,4918.20,17786979.2,88338960.8,438309203
2669.8,S,44,35274.94,4919.65,17786989.0,88338961.0,438309216
2670.8,S,43,35284.37,4921.36,17786997.4,88339129.8,438309384
2671.8,S,43,35294.01,4922.86,17787016.3,88339130.0,438309404
2672.8,S,42,35302.87,4924.21,17787031.1,88339149.0,438309429
2673.8,S,46,35312.22,4925.62,17787041.2,88339188.6,438309481
2674.8,S,42,35323.74,4927.17,17787049.6,88339284.6,438309582
2675.8,S,44,35333.41,4928.70,17787063.5,88339341.6,438309663
2676.8,S,43,35343.77,4930.16,17787081.6,88339361.1,438309699
2677.8,S,43,35353.42,4931.54,17787091.5,88339361.3,438309708
2678.8,S,43,35363.04,4933.05,17787101.4,88339428.7,438309775
2679.8,S,45,35372.84,4934.56,17787112.7,88339542.1,438309888
2680.8,S,49,35385.05,4936.08,17787126.7,88339602.4,438309964
2681.8,S,45,35399.55,4937.83,17787144.4,88339698.6,438310074
2682.8,S,44,35410.43,4939.50,17787158.9,88339734.3,438310117
2683.8,S,43,35421.12,4940.93,17787167.5,88339791.4,438310174
2684.8,S,44,35430.69,4942.57,17787168.2,88339905.3,438310289
2685.8,S,44,35441.23,4944.06,17787168.2,88339906.2,438310292
2686.8,S,44,35451.84,4945.62,17787168.2,88339912.1,438310351
2687.8,S,47,35463.01,4947.11,17787168.2,88339977.3,438310460
2688.8,S,44,35474.18,4948.64,17787173.5,88340186.9,438310653
2689.8,S,44,35484.74,4950.29,17787192.0,88340187.1,438310668
2690.8,S,43,35494.95,4951.83,17787200.6,88340213.9,438310701
2691.8,S,43,35504.75,4953.12,17787210.1,88340214.4,438310709
2692.8,S,43,35514.17,4954.49,17787218.9,88340324.3,438310817
2693.8,S,44,35524.57,4955.97,17787232.7,88340328.2,438310839
2694.8,S,48,35536.65,4957.54,17787250.8,88340431.0,438310946
2695.8,S,43,35547.69,4959.13,17787262.2,88340553.5,438311087
2696.8,S,43,35557.47,4960.49,17787272.3,88340554.2,438311098
2697.8,S,44,35566.92,4961.99,17787282.6,88340669.1,438311210
2698.8,S,44,35577.55,4963.60,17787301.4,88340669.5,438311233
2699.8,S,43,35587.94,4965.04,17787316.6,88340700.2,438311278
2700.8,S,43,35597.59,4966.55,17787325.9,88340700.4,438311292
2701.8,S,47,35608.86,4968.11,17787333.5,88340859.0,438311440
2702.8,S,45,35620.89,4969.63,17787333.5,88341013.9,438311576
2703.8,S,45,35632.23,4971.30,17787333.5,88341014.1,438311584
2704.8,S,45,35643.71,4972.84,17787333.5,88341026.3,438311607
2705.8,S,44,35654.51,4974.27,17787333.5,88341054.9,438311666
2706.8,S,44,35664.32,4975.81,17787333.5,88341226.8,438311817
2707.8,S,44,35674.84,4977.36,17787333.5,88341227.3,438311821
2708.8,S,48,35685.96,4978.77,17787333.5,88341330.7,438312018
2709.8,S,44,35698.16,4980.36,17787333.5,88341426.7,438312194
2710.8,S,43,35708.22,4981.85,17787333.5,88341482.3,438312295
2711.8,S,45,35718.41,4983.31,17787333.5,88341598.2,438312411
2712.8,S,45,35729.97,4984.85,17787333.5,88341598.7,438312417
2713.8,S,44,35740.80,4986.33,17787333.5,88341625.8,438312510
2714.8,S,44,35751.23,4987.88,17787333.5,88341626.0,438312519
2715.8,S,49,35761.98,4989.20,17787337.2,88341901.4,438312764
2716.8,S,45,35775.63,4991.11,17787354.9,88341997.7,438312881
2717.8,S,45,35787.15,4992.65,17787373.2,88341997.9,438312903
2718.8,S,44,35797.97,4994.12,17787382.0,88342064.2,438312982
2719.8,S,44,35808.25,4995.75,17787390.8,88342191.1,438313102
2720.8,S,47,35820.37,4997.35,17787401.5,88342240.2,438313159
2721.8,S,47,35833.68,4999.07,17787418.6,88342240.5,438313187
2722.8,S,50,35848.38,5000.79,17787433.9,88342377.6,438313320
2723.8,S,46,35862.60,5002.54,17787441.2,88342473.7,438313423
2724.8,S,42,35872.90,5004.28,17787448.6,88342765.7,438313699
2725.8,S,46,35885.01,5005.92,17787448.6,88342766.0,438313704
2726.8,S,46,35897.69,5007.46,17787448.6,88342766.7,438313706
2727.8,S,45,35909.77,5009.01,17787448.6,88342800.2,438313765
2728.8,S,45,35921.11,5010.60,17787448.6,88342826.1,438313796
2729.8,S,49,35933.25,5012.16,17787448.6,88343135.9,438314060
2730.8,S,45,35945.05,5013.94,17787448.6,88343231.9,438314150
2731.8,S,45,35956.72,5015.61,17787448.6,88343232.6,438314153
2732.8,S,45,35968.45,5017.19,17787448.6,88343232.9,438314162
2733.8,S,45,35979.92,5018.70,17787448.6,88343287.8,438314291
2734.8,S,45,35988.92,5020.16,17787451.4,88343461.7,438314699
2735.8,S,49,35997.88,5021.31,17787458.6,88343565.2,438315052
2736.8,S,49,36013.08,5023.18,17787475.7,88343578.0,438315130
2737.9,S,45,36024.84,5024.82,17787494.6,88343662.0,438315322
2738.9,S,44,36035.92,5026.39,17787505.5,88343777.5,438315440
2739.9,S,46,36046.26,5028.06,17787509.7,88343891.2,438315548
2740.9,S,46,36058.77,5029.73,17787518.2,88343891.8,438315555
2741.9,S,46,36071.16,5031.43,17787528.1,88343892.0,438315561
2742.9,S,50,36083.62,5033.00,17787546.1,88343995.2,438315685
2743.9,S,44,36097.77,5035.02,17787556.9,88344320.2,438315989
2744.9,S,46,36108.95,5036.73,17787556.9,88344381.0,438316043
2745.9,S,45,36120.77,5038.36,17787556.9,88344398.6,438316085
2746.9,S,45,36132.59,5039.84,17787556.9,88344399.2,438316116
2747.9,S,45,36144.22,5041.40,17787556.9,88344399.9,438316121
2748.9,S,46,36154.49,5042.92,17787559.2,88344632.5,438316325
2749.9,S,50,36168.14,5044.55,17787568.9,88344735.6,438316432
2750.9,S,46,36182.89,5046.30,17787587.3,88344831.9,438316545
2751.9,S,45,36195.14,5047.98,17787603.6,88344873.0,438316598
2752.9,S,45,36206.71,5049.50,17787613.0,88344932.1,438316667
2753.9,S,44,36216.58,5051.09,17787613.8,88345109.7,438316821
2754.9,S,43,36226.97,5052.59,17787613.8,88345132.2,438316846
2755.9,S,43,36236.58,5054.05,17787613.8,88345160.6,438316887
2756.9,S,47,36247.49,5055.58,17787613.8,88345263.2,438317070
2757.9,S,43,36257.64,5057.11,17787613.8,88345451.4,438317398
2758.9,S,46,36269.38,5058.74,17787613.8,88345475.1,438317447
2759.9,S,46,36281.59,5060.60,17787613.8,88345475.8,438317453
2760.9,S,46,36293.89,5062.29,17787613.8,88345476.1,438317460
2761.9,S,45,36306.11,5063.90,17787613.8,88345523.2,438317545
2762.9,S,46,36316.43,5065.41,17787613.8,88345756.6,438317756
2763.9,S,50,36329.16,5066.70,17787613.8,88345859.6,438318067
2764.9,S,45,36340.01,5068.01,17787613.8,88345973.7,438318455
2765.9,S,45,36348.16,5068.92,17787613.8,88345974.3,438318460
2766.9,S,45,36356.19,5069.81,17787613.8,88346030.4,438318590
2767.9,S,42,36361.45,5070.78,17787613.8,88346207.3,438318755
2768.9,S,42,36367.63,5071.68,17787613.8,88346207.7,438318761
2769.9,S,57,36386.12,5072.89,17787613.8,88346208.3,438318765
2770.9,S,57,36405.77,5073.97,17787613.8,88346208.6,438318772
2771.9,S,57,36425.44,5075.06,17787613.8,88346209.5,438318780
2772.9,S,57,36445.02,5076.22,17787613.8,88346224.5,438318819
2773.9,S,57,36462.62,5077.52,17787613.8,88346720.6,438319513
2774.9,S,57,36481.41,5078.75,17787613.8,88347108.1,438319849
2775.9,S,57,36501.04,5079.93,17787613.8,88347284.5,438320056
2776.9,S,61,36522.49,5080.70,17787613.8,88347286.7,438320077
2777.9,S,60,36542.03,5081.42,17787613.8,88347425.9,438320437
2778.9,S,57,36557.36,5082.49,17787613.8,88347886.6,438321283
2779.9,S,57,36575.12,5083.37,17787613.8,88348233.7,438321583
2780.9,S,57,36593.44,5084.33,17787613.8,88348462.8,438321784
2781.9,S,57,36611.87,5085.13,17787613.8,88348463.2,438321792
2782.9,S,57,36630.19,5086.00,17787613.8,88348518.0,438321934
2783.9,S,57,36646.86,5086.91,17787613.8,88348922.5,438322698
2784.9,S,57,36664.33,5087.90,17787613.8,88349413.4,438323132
2785.9,S,57,36682.84,5088.86,17787613.8,88349476.4,438323193
2786.9,S,57,36701.13,5089.67,17787613.8,88349476.7,438323197
2787.9,S,57,36719.24,5090.51,17787613.8,88349583.2,438323520
2788.9,S,57,36736.39,5091.44,17787613.8,88350014.1,438324025
2789.9,S,57,36754.29,5092.41,17787613.8,88350412.2,438324366
2790.9,S,57,36772.56,5093.29,17787613.8,88350481.7,438324431
2791.9,S,57,36791.05,5094.20,17787613.8,88350482.1,438324514
2792.9,S,56,36806.51,5095.19,17787613.8,88350752.8,438325163
2793.9,S,56,36822.34,5096.13,17787613.8,88351072.6,438325647
2794.9,S,56,36839.40,5097.08,17787613.8,88351465.7,438325983
2795.9,S,53,36856.28,5098.09,17787613.8,88351681.5,438326177
2796.9,S,42,36863.00,5099.08,17787613.8,88352010.5,438326471
2797.9,S,47,36874.86,5101.42,17787617.6,88352034.6,438326502
2798.9,S,43,36884.75,5102.82,17787625.3,88352130.5,438326595
2799.9,S,43,36894.35,5104.27,17787635.1,88352132.1,438326601
2800.9,S,43,36903.84,5105.66,17787652.6,88352132.5,438326615
2801.9,S,43,36913.48,5107.05,17787668.8,88352212.0,438326695
2802.9,S,44,36923.62,5108.55,17787668.8,88352244.7,438326735
2803.9,S,48,36933.83,5109.91,17787668.8,88352278.3,438326826
2804.9,S,47,36947.85,5111.88,17787668.8,88352344.9,438326964
2806.1,S,43,36957.88,5113.31,17787668.8,88352410.9,438327159
2807.1,S,44,36967.69,5114.92,17787668.8,88352524.7,438327295
2808.1,S,43,36978.13,5116.47,17787668.8,88352545.8,438327322
2809.1,S,43,36987.84,5117.79,17787668.8,88352546.0,438327328
2810.1,S,43,36997.50,5119.19,17787668.8,88352546.2,438327332
2811.1,S,48,37007.31,5120.62,17787668.8,88352739.4,438327525
2812.1,S,44,37020.62,5122.39,17787668.8,88352886.5,438327656
2813.1,S,44,37031.33,5123.84,17787668.8,88352887.0,438327660
2814.1,S,43,37041.27,5125.29,17787668.8,88352924.9,438327883
2815.1,S,42,37050.49,5126.78,17787668.8,88353038.2,438328005
2816.1,S,44,37060.85,5128.17,17787700.1,88353038.8,438328041
2817.1,S,44,37071.47,5129.78,17787732.7,88353039.0,438328073
2818.1,S,47,37083.26,5131.44,17787755.9,88353097.1,438328158
2819.1,S,43,37094.61,5132.95,17787775.3,88353193.1,438328268
2820.1,S,45,37104.57,5134.47,17787790.4,88353308.1,438328382
2821.1,S,45,37116.26,5136.03,17787810.0,88353308.4,438328403
2822.1,S,44,37126.93,5137.47,17787820.6,88353327.5,438328438
2823.1,S,44,37137.61,5138.96,17787830.6,88353328.0,438328447
2824.1,S,42,37147.44,5140.57,17787842.9,88353498.3,438328628
2825.1,S,48,37159.91,5142.16,17787842.9,88353606.6,438328768
2826.1,S,44,37172.25,5143.94,17787842.9,88353702.5,438328858
2827.1,S,44,37182.88,5145.51,17787842.9,88353703.4,438328861
2828.1,S,44,37193.52,5146.91,17787842.9,88353703.6,438328866
2829.1,S,45,37201.84,5148.32,17787846.1,88353874.5,438329366
2830.1,S,45,37213.18,5149.93,17787866.6,88353874.7,438329416
2831.1,S,44,37224.02,5151.45,17787879.5,88353893.8,438329485
2832.1,S,48,37234.56,5152.80,17787889.4,88353997.0,438329764
2833.1,S,43,37246.50,5154.53,17787899.4,88354150.2,438329943
2834.1,S,44,37256.63,5156.14,17787915.4,88354265.8,438330060
2835.1,S,44,37267.20,5157.73,17787936.2,88354266.1,438330088
2836.1,S,44,37277.87,5159.22,17787957.6,88354266.2,438330108
2837.1,S,44,37288.52,5160.62,17787978.7,88354266.4,438330130
2838.1,S,45,37298.83,5162.16,17787992.4,88354437.8,438330321
2839.1,S,48,37311.23,5163.71,17787992.4,88354552.0,438330475
2840.1,S,44,37323.41,5165.36,17787992.4,88354648.1,438330605
2841.1,S,44,37334.00,5166.93,17787992.4,88354648.6,438330651
2842.1,S,44,37344.26,5168.41,17787992.4,88354718.4,438330771
2843.1,S,45,37353.42,5169.79,17787992.4,88354820.3,438331046
2844.1,S,44,37364.52,5171.26,17787992.4,88354836.6,438331100
2845.1,S,44,37375.23,5172.78,17787992.4,88354837.0,438331102
2846.1,S,48,37386.70,5174.26,17787992.4,88354940.0,438331194
2847.1,S,43,37396.67,5175.54,17787992.4,88355205.5,438331724
2848.1,S,45,37407.63,5177.16,17787992.4,88355208.4,438331738
2849.1,S,45,37419.20,5178.61,17787992.4,88355209.0,438331746
2850.1,S,45,37430.74,5180.08,17787992.4,88355234.8,438331826
2851.1,S,44,37441.29,5181.59,17787992.4,88355250.0,438331862
2852.1,S,45,37450.52,5182.99,17787999.0,88355421.6,438332151
2853.1,S,44,37461.15,5184.33,17788014.5,88355510.6,438332246
2854.1,S,48,37475.03,5186.04,17788022.5,88355536.4,438332286
2855.1,S,44,37485.70,5187.43,17788032.7,88355632.4,438332390
2856.1,S,44,37496.35,5188.93,17788050.8,88355632.7,438332407
2857.1,S,44,37506.17,5190.38,17788051.9,88355805.7,438332587
2858.1,S,44,37516.85,5191.81,17788051.9,88355806.0,438332590
2859.1,S,43,37526.58,5193.41,17788051.9,88355831.9,438332862
2860.1,S,47,37535.42,5194.51,17788051.9,88355935.1,438333029
2861.1,S,49,37548.61,5196.18,17788056.8,88356097.1,438333298
2862.1,S,46,37561.00,5197.76,17788079.6,88356145.3,438333360
2863.1,S,45,37572.51,5199.34,17788099.9,88356162.9,438333392
2864.1,S,45,37583.96,5200.98,17788120.0,88356163.1,438333422
2865.1,S,45,37595.39,5202.48,17788139.8,88356233.2,438333500
2866.1,S,45,37605.34,5204.00,17788140.3,88356396.0,438333664
2867.1,S,48,37616.02,5205.57,17788140.3,88356510.6,438333786
2868.1,S,45,37629.05,5207.27,17788140.3,88356582.7,438333953
2869.1,S,44,37639.85,5208.73,17788140.3,88356606.9,438334019
2870.1,S,42,37649.20,5210.14,17788140.3,88356779.9,438334436
2871.1,S,45,37660.62,5211.79,17788156.2,88356780.6,438334462
2872.1,S,45,37672.12,5213.38,17788170.8,88356780.8,438334483
2873.2,S,44,37683.07,5214.74,17788180.6,88356811.8,438334520
2874.2,S,48,37694.11,5216.10,17788190.1,88356914.8,438334634
2875.2,S,46,37707.65,5218.01,17788192.9,88357184.8,438334964
2876.2,S,46,37720.10,5219.83,17788193.5,88357185.8,438334979
2877.2,S,46,37732.69,5221.41,17788200.0,88357186.2,438335011
2878.2,S,46,37745.13,5222.97,17788206.9,88357186.2,438335019
2879.2,S,43,37755.92,5224.47,17788206.9,88357411.7,438335220
2880.2,S,45,37766.69,5225.99,17788222.3,88357468.1,438335286
2881.2,S,49,37778.66,5227.52,17788240.9,88357571.3,438335408
2882.2,S,44,37792.33,5229.41,17788249.9,88357700.1,438335529
2883.2,S,44,37802.90,5230.97,17788259.4,88357700.8,438335534
2884.2,S,45,37812.85,5232.54,17788264.9,88357873.5,438335695
2885.2,S,45,37824.28,5234.22,17788264.9,88357874.0,438335701
2886.2,S,45,37835.74,5235.76,17788264.9,88357874.8,438335748
2887.2,S,45,37847.46,5237.34,17788264.9,88357875.0,438335750
2888.2,S,47,37859.54,5238.83,17788264.9,88358150.8,438335994
2889.2,S,46,37872.84,5240.54,17788264.9,88358304.9,438336136
2890.2,S,45,37885.23,5242.09,17788264.9,88358324.5,438336195
2891.2,S,45,37896.84,5243.59,17788264.9,88358324.8,438336197
2892.2,S,45,37908.42,5245.17,17788264.9,88358325.0,438336199
2893.2,S,43,37918.10,5246.71,17788264.9,88358556.5,438336413
2894.2,S,42,37927.35,5248.21,17788264.9,88358567.6,438336469
2895.2,S,46,37937.95,5249.70,17788264.9,88358670.3,438336561
2896.2,S,42,37945.90,5250.90,17788264.9,88358766.6,438336827
2897.2,S,42,37951.45,5251.89,17788264.9,88358803.5,438336917
2898.2,S,45,37960.06,5253.05,17788279.3,88358824.5,438337032
2899.2,S,45,37969.53,5254.17,17788303.0,88358825.2,438337094
2900.2,S,45,37978.83,5255.28,17788329.0,88358825.4,438337157
2901.2,S,45,37988.32,5256.40,17788354.6,88358825.9,438337225
2902.2,S,44,37996.55,5257.40,17788373.7,88358935.4,438337484
2903.2,S,42,38003.09,5258.37,17788377.7,88359048.9,438337589
2904.2,S,57,38013.57,5259.39,17788377.7,88359049.1,438337597
2905.2,S,57,38033.68,5260.66,17788377.7,88359049.9,438337598
2906.2,S,57,38053.57,5261.85,17788377.7,88359105.0,438337683
2907.2,S,61,38076.04,5262.64,17788377.7,88359153.2,438337739
2908.2,S,57,38096.10,5263.49,17788377.7,88359343.4,438337903
2909.2,S,57,38114.12,5264.49,17788377.7,88359795.3,438338285
2910.2,S,57,38132.13,5265.53,17788377.7,88360226.9,438338653
2911.2,S,57,38150.61,5266.41,17788377.7,88360337.5,438338757
2912.2,S,57,38169.16,5267.26,17788377.7,88360337.7,438338761
2913.2,S,57,38187.39,5268.15,17788377.7,88360463.5,438338990
2914.2,S,57,38205.33,5269.17,17788377.7,88361004.9,438339453
2915.2,S,57,38223.60,5270.11,17788377.7,88361381.3,438339774
2916.2,S,57,38241.97,5271.12,17788377.7,88361463.1,438339941
2917.2,S,57,38260.49,5272.00,17788377.7,88361463.4,438339957
2918.2,S,57,38278.89,5272.99,17788377.7,88361614.6,438340317
2919.2,S,57,38293.73,5273.90,17788377.7,88362035.3,438341117
2920.2,S,57,38312.17,5274.97,17788377.7,88362365.3,438341403
2921.2,S,57,38330.57,5275.84,17788377.7,88362444.7,438341558
2922.2,S,57,38349.99,5276.77,17788377.7,88362572.7,438341699
2923.2,S,57,38368.17,5277.72,17788377.7,88362759.2,438341951
2924.2,S,57,38386.42,5278.66,17788377.7,88362965.4,438342125
2925.2,S,61,38405.82,5279.56,17788377.7,88363338.2,438342453
2926.2,S,58,38425.88,5280.28,17788377.7,88363626.8,438342705
2927.3,S,57,38442.29,5280.63,17788377.7,88363651.8,438342752
2928.3,S,57,38452.73,5280.91,17788377.7,88363992.3,438343606
2929.3,S,56,38466.61,5281.18,17788377.7,88364254.4,438343936
2930.3,S,56,38481.17,5281.45,17788377.7,88364525.2,438344191
2931.3,S,42,38487.80,5281.67,17788377.7,88365074.5,438344662
2932.3,S,42,38488.56,5282.47,17788377.7,88365090.3,438344728
2933.3,S,44,38499.71,5284.07,17788404.3,88365101.9,438344767
2934.3,S,44,38510.39,5285.59,17788423.6,88365102.2,438344800
2935.3,S,44,38521.03,5287.05,17788442.8,88365102.6,438344818
2936.3,S,44,38531.64,5288.45,17788470.2,88365103.2,438344839
2937.3,S,44,38541.06,5290.00,17788486.6,88365273.5,438345016
2938.3,S,44,38551.69,5291.51,17788514.6,88365273.7,438345044
2939.3,S,48,38563.91,5293.12,17788547.3,88365307.6,438345104
2940.3,S,43,38575.57,5294.71,17788573.6,88365499.5,438345310
2941.3,S,46,38584.81,5296.22,17788589.3,88365613.1,438345426
2942.3,S,46,38597.25,5297.97,17788619.6,88365613.6,438345453
2943.3,S,45,38608.90,5299.41,17788639.5,88365628.8,438345483
2944.3,S,45,38620.45,5300.82,17788662.1,88365629.1,438345518
2945.3,S,45,38631.93,5302.35,17788693.1,88365629.2,438345541
2946.3,S,46,38642.56,5303.80,17788703.7,88365907.9,438345802
2947.3,S,42,38653.36,5305.43,17788703.7,88366003.9,438345886
2948.3,S,46,38663.86,5306.89,17788708.7,88366058.9,438345948
2949.3,S,46,38676.31,5308.49,17788720.7,88366059.1,438345961
2950.3,S,46,38688.64,5310.16,17788741.0,88366059.8,438345990
2951.3,S,45,38700.52,5311.78,17788756.3,88366102.2,438346044
2952.3,S,42,38710.43,5313.23,17788761.8,88366332.2,438346251
2953.3,S,49,38721.92,5314.75,17788761.8,88366380.7,438346365
2954.3,S,47,38736.62,5316.61,17788761.8,88366440.4,438346420
2955.3,S,45,38747.75,5318.14,17788761.8,88366595.3,438346674
2956.3,S,44,38758.35,5319.72,17788761.8,88366601.0,438346692
2957.3,S,45,38768.25,5321.30,17788761.8,88366772.8,438346861
2958.3,S,45,38779.83,5322.90,17788761.8,88366773.5,438346867
2959.3,S,44,38790.92,5324.41,17788761.8,88366803.1,438346904
2960.3,S,48,38802.81,5325.90,17788761.8,88366821.8,438346956
2961.3,S,44,38813.65,5327.31,17788763.8,88367027.9,438347398
2962.3,S,44,38823.81,5329.03,17788763.8,88367094.8,438347514
2963.3,S,44,38834.48,5330.30,17788763.8,88367095.1,438347515
2964.3,S,44,38845.09,5331.75,17788763.8,88367095.4,438347531
2965.3,S,44,38855.73,5333.25,17788763.8,88367095.6,438347535
2966.3,S,45,38865.36,5334.87,17788763.9,88367267.1,438347758
2967.3,S,45,38876.70,5336.42,17788763.9,88367267.9,438347764
2968.3,S,49,38890.68,5338.04,17788763.9,88367371.6,438347861
2969.3,S,44,38902.41,5339.68,17788763.9,88367506.0,438347976
2970.3,S,44,38911.97,5341.08,17788763.9,88367606.6,438348190
2971.3,S,44,38921.49,5342.58,17788774.2,88367684.5,438348435
2972.3,S,44,38932.10,5344.16,17788782.6,88367684.9,438348464
2973.3,S,44,38942.72,5345.71,17788791.9,88367685.5,438348496
2974.3,S,44,38953.38,5347.21,17788809.8,88367685.9,438348546
2975.3,S,47,38963.17,5348.51,17788821.9,88367906.4,438349130
2976.3,S,46,38975.77,5350.25,17788836.6,88368057.4,438349357
2977.3,S,45,38987.39,5351.97,17788856.6,88368070.4,438349391
2978.3,S,45,38999.21,5353.44,17788879.1,88368071.0,438349422
2979.3,S,45,39010.78,5354.99,17788899.7,88368071.4,438349446
2980.3,S,45,39020.69,5356.55,17788907.5,88368300.0,438349652
2981.3,S,45,39032.10,5358.01,17788907.5,88368329.6,438349697
2982.3,S,49,39046.56,5359.74,17788907.5,88368403.3,438349770
2983.3,S,44,39058.06,5361.31,17788907.5,88368538.1,438350143
2984.3,S,44,39068.77,5362.73,17788907.5,88368538.8,438350146
2985.3,S,45,39077.93,5364.19,17788907.5,88368711.1,438350477
2986.3,S,45,39089.33,5365.76,17788907.5,88368711.2,438350486
2987.3,S,45,39100.53,5367.50,17788907.5,88368711.5,438350494
2988.3,S,45,39111.79,5368.94,17788907.5,88368717.9,438350535
2989.3,S,46,39122.09,5370.15,17788907.5,88369041.7,438351168
2990.3,S,46,39135.05,5371.78,17788916.6,88369138.6,438351364
2991.3,S,46,39147.55,5373.44,17788930.6,88369138.9,438351387
2992.3,S,46,39160.09,5375.02,17788951.5,88369139.0,438351431
2993.3,S,45,39171.63,5376.54,17788961.8,88369179.3,438351596
2994.3,S,45,39181.54,5378.06,17788964.9,88369410.3,438351829
2995.3,S,45,39193.13,5379.47,17788964.9,88369410.9,438351833
2996.3,S,48,39201.74,5380.56,17788964.9,88369542.9,438352199
2997.3,S,44,39215.63,5382.26,17788964.9,88369638.5,438352285
2998.3,S,43,39225.92,5383.74,17788964.9,88369753.7,438352398
2999.3,S,45,39236.43,5385.46,17788964.9,88369811.4,438352451
3000.4,S,44,39247.84,5386.88,17788964.9,88369832.9,438352470
3001.4,S,44,39258.59,5388.34,17788964.9,88369833.9,438352497
3002.4,S,44,39269.29,5389.70,17788964.9,88369834.3,438352513
3003.4,S,46,39275.84,5390.67,17788964.9,88370109.2,438353122
3004.4,S,50,39291.68,5392.57,17788964.9,88370142.5,438353180
3005.4,S,46,39304.27,5394.37,17788964.9,88370205.8,438353312
3006.4,S,46,39316.74,5395.88,17788969.8,88370206.7,438353323
3007.4,S,46,39329.39,5397.42,17788973.3,88370206.9,438353343
3008.4,S,42,39337.31,5398.76,17788974.3,88370495.7,438354037
3009.4,S,45,39348.36,5400.39,17788974.3,88370496.0,438354040
3010.4,S,49,39359.50,5401.85,17788974.3,88370598.7,438354143
3011.4,S,49,39374.59,5403.64,17788974.3,88370645.0,438354249
3012.5,S,44,39385.59,5405.14,17788974.3,88370735.9,438354518
3013.5,S,47,39395.83,5406.71,17788979.7,88370907.6,438354738
3014.5,S,46,39408.15,5408.34,17788991.0,88370911.5,438354756
3015.5,S,46,39420.51,5410.02,17789002.0,88370911.7,438354774
3016.5,S,46,39433.04,5411.53,17789014.2,88370911.9,438354787
3017.5,S,45,39443.51,5412.87,17789033.3,88371140.6,438355001
3018.5,S,51,39458.28,5414.52,17789041.0,88371305.6,438355149
3019.5,S,47,39471.95,5416.23,17789050.6,88371401.9,438355261
3020.5,S,47,39485.37,5417.92,17789064.5,88371402.1,438355271
3021.5,S,46,39498.57,5419.68,17789082.5,88371451.8,438355327
3022.5,S,42,39509.04,5421.31,17789089.8,88371744.8,438355592
3023.5,S,45,39520.56,5422.91,17789110.7,88371745.2,438355620
3024.5,S,49,39531.68,5424.28,17789124.2,88371848.0,438355724
3025.5,S,46,39545.57,5426.12,17789134.9,88371927.1,438355812
3026.5,S,44,39556.20,5427.51,17789145.4,88371975.3,438355859
3027.5,S,46,39566.14,5429.12,17789147.6,88372149.6,438356015
3028.5,S,46,39578.52,5430.83,17789147.6,88372150.5,438356023
3029.6,S,46,39590.92,5432.47,17789147.6,88372150.8,438356032
3030.6,S,45,39602.53,5434.13,17789147.6,88372188.7,438356256
3031.6,S,44,39613.58,5435.64,17789147.6,88372318.1,438356369
3032.6,S,48,39625.88,5437.22,17789155.0,88372534.4,438356571
3033.6,S,44,39635.22,5438.41,17789164.0,88372630.8,438356672
3034.6,S,44,39641.29,5439.06,17789172.9,88372631.2,438356687
3035.6,S,44,39647.32,5439.78,17789183.3,88372631.4,438356706
3036.6,S,43,39652.69,5440.45,17789190.9,88372746.1,438356815
3037.6,S,42,39657.29,5441.14,17789190.9,88372805.8,438356916
3038.6,S,57,39665.31,5441.90,17789190.9,88372805.9,438356922
3039.6,S,57,39684.00,5442.77,17789190.9,88372807.5,438356931
3040.6,S,57,39702.76,5443.79,17789190.9,88372807.7,438356935
3041.6,S,57,39721.44,5444.67,17789190.9,88372844.1,438356974
3042.6,S,57,39740.06,5445.57,17789190.9,88372937.5,438357061
3043.6,S,57,39757.62,5446.68,17789190.9,88373590.9,438357618
3044.6,S,57,39775.90,5447.62,17789190.9,88373856.7,438357848
3045.6,S,57,39794.38,5448.50,17789190.9,88373946.8,438358085
3046.6,S,57,39812.96,5449.44,17789190.9,88374007.2,438358258
3047.6,S,57,39831.55,5450.34,17789190.9,88374131.4,438358368
3048.6,S,57,39849.06,5451.38,17789190.9,88374612.9,438358773
3049.6,S,61,39868.89,5452.11,17789190.9,88374903.6,438359028
3050.6,S,57,39887.85,5452.84,17789190.9,88375122.1,438359222
3051.6,S,57,39905.70,5453.56,17789190.9,88375123.3,438359224
3052.6,S,57,39922.63,5454.30,17789190.9,88375368.0,438359747
3053.6,S,57,39936.71,5455.06,17789190.9,88375763.9,438360441
3054.6,S,57,39954.10,5455.78,17789190.9,88376007.0,438360661
3055.6,S,57,39971.51,5456.56,17789190.9,88376151.9,438360820
3056.6,S,57,39989.21,5457.31,17789190.9,88376224.1,438360938
3057.6,S,57,40006.82,5458.00,17789190.9,88376334.6,438361168
3058.6,S,57,40021.88,5458.78,17789190.9,88376607.5,438361880
3059.6,S,57,40038.21,5459.68,17789190.9,88377137.1,438362352
3060.6,S,57,40055.47,5460.46,17789190.9,88377340.0,438362543
3061.6,S,57,40072.95,5461.07,17789190.9,88377407.4,438362691
3062.6,S,56,40089.95,5461.92,17789190.9,88377478.9,438362788
3063.6,S,56,40105.86,5462.80,17789190.9,88377957.8,438363287
3064.6,S,56,40122.40,5463.55,17789190.9,88378115.7,438363541
3065.6,S,42,40131.02,5464.30,17789190.9,88378611.7,438363971
3066.6,S,42,40137.41,5466.22,17789190.9,88378646.9,438364150
3067.6,S,43,40146.92,5467.75,17789207.2,88378649.4,438364213
3068.6,S,42,40156.63,5469.20,17789225.9,88378674.7,438364245
3069.6,S,46,40168.24,5471.01,17789234.3,88378697.7,438364274
3070.6,S,42,40177.39,5472.58,17789243.3,88378793.7,438364371
3071.6,S,45,40186.89,5474.13,17789256.9,88378849.1,438364434
3072.6,S,45,40198.44,5475.68,17789285.1,88378849.2,438364458
3073.6,S,45,40209.87,5477.20,17789315.3,88378849.4,438364482
3074.6,S,44,40220.83,5478.76,17789337.8,88378884.5,438364547
3075.6,S,43,40230.50,5480.20,17789358.7,88379026.2,438364700
3076.6,S,48,40243.94,5481.77,17789366.8,88379097.9,438364786
3077.6,S,44,40254.22,5483.46,17789384.1,88379194.2,438364892
3078.6,S,43,40264.51,5485.07,17789402.4,88379227.5,438364932
3079.6,S,43,40274.37,5486.35,17789412.0,88379228.1,438364941
3080.6,S,44,40283.73,5487.59,17789418.6,88379342.3,438365046
3081.6,S,44,40294.25,5489.10,17789429.7,88379342.5,438365071
3082.6,S,48,40304.81,5490.39,17789440.6,88379406.9,438365142
3083.6,S,46,40318.83,5492.22,17789450.8,88379455.0,438365194
3084.6,S,44,40329.37,5493.79,17789472.1,88379604.6,438365360
3085.6,S,45,40339.70,5495.32,17789485.6,88379756.4,438365509
3086.6,S,44,40350.71,5496.85,17789501.3,88379771.6,438365546
3087.6,S,44,40361.24,5498.43,17789512.4,88379771.8,438365555
3088.6,S,44,40371.80,5499.94,17789523.5,88379772.2,438365573
3089.6,S,49,40382.40,5501.38,17789535.4,88379963.0,438365769
3090.6,S,44,40396.08,5503.14,17789550.2,88380067.8,438365869
3091.6,S,44,40406.83,5504.62,17789560.2,88380068.0,438365884
3092.6,S,44,40417.38,5506.19,17789569.8,88380068.3,438365893
3093.6,S,44,40427.94,5507.62,17789587.2,88380117.7,438365956
3094.6,S,45,40437.99,5509.15,17789595.6,88380239.5,438366085
3095.6,S,45,40449.43,5510.73,17789610.6,88380239.8,438366099
3096.6,S,49,40461.13,5512.20,17789628.9,88380343.4,438366214
3097.6,S,44,40474.25,5513.96,17789638.3,88380475.2,438366343
3098.6,S,44,40484.45,5515.46,17789647.3,88380533.6,438366408
3099.6,S,45,40494.93,5516.91,17789647.3,88380646.2,438366510
3100.6,S,45,40506.44,5518.56,17789647.3,88380646.7,438366535
3101.6,S,45,40518.00,5520.08,17789647.3,88380647.3,438366539
3102.6,S,45,40529.66,5521.56,17789647.3,88380647.6,438366545
3103.6,S,42,40535.84,5522.62,17789647.3,88380965.5,438367222
3104.6,S,50,40550.86,5524.44,17789647.3,88380978.9,438367290
3105.6,S,45,40562.89,5526.19,17789647.3,88381087.4,438367472
3106.6,S,45,40574.36,5527.83,17789647.3,88381087.6,438367481
3107.6,S,45,40586.05,5529.37,17789647.3,88381088.6,438367486
3108.6,S,42,40594.44,5530.73,17789647.3,88381318.4,438368095
3109.6,S,46,40606.59,5532.41,17789673.2,88381318.7,438368168
3110.6,S,46,40617.18,5533.67,17789700.5,88381413.1,438368454
3111.6,S,49,40632.91,5535.47,17789725.5,88381452.7,438368600
3112.6,S,45,40644.34,5537.19,17789744.0,88381548.8,438368780
3113.6,S,45,40654.19,5538.85,17789757.3,88381781.1,438369003
3114.6,S,45,40665.76,5540.38,17789757.3,88381781.5,438369005
3115.6,S,45,40677.21,5541.94,17789757.3,88381781.7,438369014
3116.6,S,45,40688.74,5543.59,17789757.3,88381782.0,438369022
3117.6,S,48,40698.88,5544.89,17789757.3,88381935.3,438369379
3118.6,S,46,40711.19,5546.39,17789760.5,88382207.2,438369914
3119.6,S,45,40722.85,5547.88,17789769.3,88382207.4,438369932
3120.6,S,45,40734.29,5549.40,17789779.8,88382207.7,438369957
3121.6,S,45,40745.87,5550.94,17789797.5,88382207.9,438369996
3122.6,S,45,40757.19,5552.51,17789814.1,88382332.8,438370178
3123.6,S,46,40767.52,5554.11,17789821.3,88382439.6,438370282
3124.6,S,50,40779.62,5555.61,17789831.3,88382543.4,438370395
3125.6,S,48,40795.37,5557.38,17789840.8,88382591.3,438370444
3126.6,S,45,40807.85,5559.01,17789849.1,88382687.5,438370542
3127.6,S,42,40818.39,5560.47,17789849.1,88382918.5,438370757
3128.6,S,45,40829.55,5562.01,17789861.8,88382919.0,438370768
3129.6,S,44,40840.98,5563.50,17789880.4,88382942.9,438370812
3130.6,S,44,40851.80,5565.09,17789890.1,88382943.2,438370824
3131.6,S,48,40863.73,5566.53,17789900.6,88383045.9,438370924
3132.6,S,46,40874.87,5568.15,17789907.7,88383315.9,438371171
3133.6,S,46,40887.36,5569.77,17789920.4,88383316.1,438371185
3134.6,S,45,40898.92,5571.19,17789938.1,88383333.0,438371222
3135.6,S,45,40910.39,5572.68,17789959.5,88383333.8,438371241
3136.6,S,45,40921.83,5574.18,17789980.6,88383334.1,438371260
3137.6,S,47,40932.91,5575.91,17789986.5,88383564.8,438371466
3138.6,S,50,40946.48,5577.53,17789996.3,88383682.4,438371584
3139.6,S,46,40961.79,5579.21,17790010.0,88383778.5,438371680
3140.6,S,46,40974.10,5580.89,17790030.3,88383778.9,438371694
3141.6,S,42,40985.42,5582.63,17790038.1,88384031.1,438371918
3142.6,S,46,40996.98,5584.31,17790045.3,88384068.8,438371959
3143.6,S,45,41009.31,5585.94,17790055.7,88384090.2,438371994
3144.6,S,45,41020.74,5587.47,17790057.0,88384090.4,438372001
3145.6,S,49,41033.70,5589.06,17790067.1,88384193.3,438372104
3146.6,S,46,41044.66,5590.67,17790071.8,88384519.7,438372392
3147.6,S,46,41057.13,5592.32,17790090.7,88384520.4,438372408
3148.6,S,46,41069.55,5593.94,17790107.5,88384520.6,438372442
3149.6,S,45,41081.32,5595.57,17790117.2,88384554.8,438372486
3150.6,S,45,41092.87,5597.16,17790126.7,88384555.1,438372496
3151.6,S,47,41103.69,5598.79,17790132.2,88384787.8,438372704
3152.6,S,51,41118.63,5600.46,17790144.5,88384890.9,438372818
3153.6,S,46,41132.70,5602.11,17790153.9,88385007.4,438372942
3154.7,S,46,41145.11,5603.67,17790162.6,88385007.6,438372958
3155.7,S,43,41156.52,5605.18,17790170.5,88385240.6,438373180
3156.7,S,46,41167.35,5606.77,17790170.5,88385299.9,438373232
3157.7,S,46,41179.69,5608.30,17790170.5,88385300.2,438373237
3158.7,S,45,41192.03,5609.87,17790170.5,88385335.6,438373334
3159.7,S,49,41203.69,5611.21,17790170.5,88385438.5,438373570
3160.7,S,42,41214.94,5612.91,17790170.5,88385765.8,438373854
3161.7,S,46,41227.46,5614.59,17790170.5,88385766.2,438373861
3162.7,S,46,41240.12,5616.16,17790170.5,88385766.5,438373889
3163.7,S,45,41251.76,5617.77,17790170.5,88385799.3,438373929
3164.7,S,45,41263.21,5619.35,17790170.5,88385799.8,438373931
3165.7,S,47,41273.68,5620.89,17790170.5,88386032.2,438374157
3166.7,S,50,41287.76,5622.48,17790170.5,88386145.2,438374262
3167.7,S,46,41300.42,5623.86,17790170.5,88386241.5,438374465
3168.7,S,46,41308.89,5624.66,17790170.5,88386241.9,438374553
3169.7,S,44,41316.45,5625.52,17790170.5,88386415.1,438374894
3170.7,S,42,41321.40,5626.32,17790170.5,88386531.9,438375072
3171.7,S,42,41326.65,5627.14,17790170.5,88386532.2,438375079
3172.7,S,57,41343.23,5628.11,17790170.5,88386533.0,438375083
3173.7,S,57,41362.27,5629.06,17790170.5,88386533.2,438375086
3174.7,S,57,41381.16,5630.02,17790170.5,88386533.3,438375086
3175.7,S,57,41400.14,5630.92,17790170.5,88386534.1,438375093
3176.7,S,57,41418.80,5632.00,17790170.5,88386948.1,438375453
3177.7,S,57,41436.10,5633.13,17790170.5,88387644.6,438376055
3178.7,S,57,41455.03,5634.02,17790170.5,88387645.3,438376057
3179.7,S,57,41473.67,5634.94,17790170.5,88387740.7,438376319
3180.7,S,57,41492.61,5635.83,17790170.5,88387749.5,438376373
3181.7,S,61,41511.31,5636.82,17790170.5,88387985.8,438376587
3182.7,S,61,41532.52,5637.53,17790170.5,88388522.1,438377041
3183.7,S,57,41550.65,5638.29,17790170.5,88388837.0,438377321
3184.7,S,57,41568.58,5639.00,17790170.5,88388837.5,438377321
3185.7,S,57,41586.53,5639.79,17790170.5,88388837.8,438377334
3186.7,S,57,41601.02,5640.73,17790170.5,88389266.7,438378155
3187.7,S,57,41618.21,5641.55,17790170.5,88389701.1,438378525
3188.7,S,57,41636.00,5642.40,17790170.5,88389835.4,438378697
3189.7,S,57,41653.71,5643.17,17790170.5,88389990.8,438378856
3190.7,S,57,41671.53,5643.91,17790170.5,88390108.5,438378999
3191.7,S,57,41689.17,5644.71,17790170.6,88390365.4,438379256
3192.7,S,57,41706.09,5645.60,17790170.6,88390889.7,438379708
3193.7,S,57,41723.99,5646.36,17790170.6,88390936.3,438379806
3194.7,S,57,41741.52,5647.24,17790170.6,88391084.2,438380105
3195.7,S,56,41758.84,5648.03,17790170.6,88391208.6,438380423
3196.7,S,56,41775.49,5648.97,17790171.0,88391391.6,438380724
3197.7,S,56,41791.94,5649.80,17790171.0,88391824.8,438381283
3198.7,S,44,41804.56,5650.59,17790171.0,88392346.6,438381730
3199.7,S,42,41810.84,5652.21,17790171.0,88392419.2,438381822
3200.7,S,46,41822.02,5653.94,17790183.1,88392420.8,438381840
3201.7,S,49,41834.71,5655.64,17790191.3,88392453.9,438381884
3202.7,S,45,41848.74,5657.32,17790199.8,88392552.7,438382001
3203.7,S,45,41860.30,5658.91,17790216.1,88392552.8,438382011
3204.7,S,45,41870.32,5660.37,17790227.6,88392778.8,438382227
3205.7,S,45,41881.91,5661.82,17790246.5,88392779.2,438382243
3206.7,S,44,41893.01,5663.34,17790260.0,88392800.8,438382278
3207.7,S,44,41903.60,5664.81,17790270.0,88392801.3,438382287
3208.7,S,47,41915.02,5666.39,17790280.7,88392900.1,438382391
3209.7,S,44,41927.15,5668.19,17790304.1,88393108.9,438382607
3210.7,S,44,41937.62,5669.76,17790334.2,88393137.8,438382677
3211.7,S,43,41947.97,5671.20,17790365.2,88393168.4,438382740
3212.7,S,43,41957.60,5672.62,17790387.3,88393235.3,438382818
3213.7,S,44,41966.99,5674.04,17790407.4,88393347.9,438382935
3214.7,S,44,41977.40,5675.57,17790439.4,88393348.4,438382975
3215.7,S,47,41988.13,5677.18,17790470.8,88393439.4,438383114
3216.7,S,44,42000.68,5678.70,17790491.1,88393535.5,438383223
3217.7,S,43,42010.16,5680.16,17790511.7,88393591.2,438383285
3218.7,S,45,42020.18,5681.76,17790531.8,88393648.9,438383357
3219.7,S,45,42031.70,5683.26,17790571.9,88393648.9,438383417
3220.7,S,45,42043.08,5684.89,17790615.1,88393649.5,438383509
3221.7,S,45,42054.41,5686.41,17790657.3,88393649.5,438383567
3222.7,S,47,42064.26,5687.74,17790688.1,88393853.6,438383806
3223.7,S,45,42078.00,5689.51,17790711.7,88394005.2,438383977
3224.7,S,44,42089.10,5691.12,17790739.9,88394024.0,438384041
3225.7,S,44,42099.59,5692.64,17790762.0,88394024.4,438384065
3226.7,S,44,42110.19,5694.01,17790786.1,88394024.7,438384086
3227.7,S,45,42120.06,5695.45,17790806.4,88394194.5,438384261
3228.7,S,45,42131.50,5696.96,17790817.7,88394195.2,438384272
3229.7,S,49,42142.52,5698.39,17790829.0,88394297.9,438384377
3230.7,S,49,42157.71,5700.17,17790841.9,88394346.2,438384440
3231.7,S,45,42169.35,5701.76,17790861.5,88394425.9,438384525
3232.7,S,45,42179.41,5703.37,17790869.3,88394616.9,438384704
3233.7,S,45,42191.01,5704.82,17790888.4,88394617.2,438384725
3234.7,S,44,42202.41,5706.35,17790904.3,88394646.3,438384775
3235.7,S,44,42213.08,5707.85,17790914.2,88394646.3,438384795
3236.7,S,49,42222.19,5709.09,17790922.2,88394920.8,438385044
3237.7,S,46,42236.83,5710.83,17790934.0,88394992.9,438385117
3238.7,S,45,42248.55,5712.40,17790945.5,88395017.3,438385149
3239.7,S,45,42260.06,5713.78,17790965.1,88395017.6,438385166
3240.7,S,44,42270.85,5715.29,17790976.3,88395060.3,438385226
3241.7,S,48,42282.30,5716.96,17790985.3,88395231.4,438385380
3242.7,S,47,42296.27,5718.77,17790999.1,88395245.4,438385397
3243.7,S,51,42310.32,5720.42,17791007.0,88395348.4,438385491
3244.7,S,47,42326.29,5722.15,17791021.2,88395445.4,438385613
3245.7,S,44,42338.35,5723.69,17791036.1,88395670.8,438385837
3246.7,S,46,42349.09,5725.10,17791043.8,88395787.5,438385946
3247.7,S,46,42361.75,5726.53,17791065.4,88395787.5,438385959
3248.7,S,45,42373.34,5728.13,17791078.7,88395813.3,438385994
3249.7,S,45,42384.78,5729.61,17791089.4,88395813.3,438386001
3250.7,S,50,42393.78,5730.90,17791095.2,88396146.0,438386294
3251.7,S,46,42409.38,5732.65,17791104.6,88396241.9,438386393
3252.7,S,46,42421.91,5734.37,17791116.3,88396242.4,438386404
3253.7,S,46,42434.36,5736.02,17791138.4,88396242.4,438386416
3254.7,S,45,42445.90,5737.71,17791151.1,88396284.7,438386475
3255.7,S,45,42456.07,5739.47,17791162.4,88396515.8,438386680
3256.7,S,45,42467.59,5741.12,17791178.7,88396516.4,438386708
3257.7,S,48,42480.62,5742.78,17791188.9,88396653.8,438386842
3258.7,S,44,42492.34,5744.36,17791197.5,88396749.8,438386937
3259.7,S,42,42502.42,5745.79,17791208.2,88396865.0,438387049
3260.7,S,47,42514.06,5747.41,17791217.2,88396922.2,438387101
3261.7,S,47,42527.46,5749.06,17791238.9,88396922.8,438387128
3262.7,S,46,42539.97,5750.66,17791250.3,88396946.7,438387164
3263.7,S,46,42552.34,5752.18,17791261.6,88396978.6,438387203
3264.7,S,50,42565.32,5753.78,17791267.4,88397337.5,438387526
3265.7,S,46,42578.06,5755.48,17791267.4,88397433.3,438387611
3266.7,S,45,42589.56,5757.13,17791267.4,88397448.6,438387641
3267.7,S,45,42601.22,5758.55,17791267.4,88397449.2,438387642
3268.7,S,45,42612.68,5760.19,17791267.4,88397449.6,438387647
3269.7,S,46,42620.20,5761.42,17791270.7,88397680.7,438388219
3270.7,S,45,42632.12,5762.89,17791289.6,88397690.6,438388286
3271.7,S,49,42643.53,5764.22,17791304.7,88397793.6,438388593
3272.7,S,45,42656.14,5765.79,17791312.6,88397889.7,438388797
3273.7,S,45,42667.68,5767.24,17791321.7,88397895.4,438388830
3274.7,S,46,42677.73,5768.73,17791325.0,88398123.0,438389056
3275.7,S,46,42690.22,5770.31,17791325.0,88398123.3,438389060
3276.7,S,46,42702.78,5771.92,17791325.0,88398123.5,438389088
3277.7,S,46,42715.28,5773.56,17791325.0,88398123.8,438389095
3278.7,S,49,42726.23,5774.90,17791325.0,88398349.6,438389566
3279.7,S,46,42736.41,5776.29,17791325.0,88398601.3,438390055
3280.7,S,45,42748.65,5778.00,17791325.0,88398622.2,438390076
3281.7,S,45,42760.18,5779.60,17791325.0,88398622.4,438390078
3282.7,S,45,42771.74,5781.10,17791325.0,88398622.6,438390081
3283.7,S,42,42781.70,5782.58,17791325.0,88398853.3,438390355
3284.7,S,46,42794.03,5784.25,17791325.0,88398854.1,438390363
3285.7,S,46,42804.91,5785.66,17791325.0,88398931.5,438390551
3286.8,S,50,42820.00,5787.31,17791325.0,88398957.4,438390663
3287.8,S,45,42831.38,5788.89,17791325.0,88399097.9,438390962
3288.8,S,46,42841.57,5790.49,17791325.0,88399329.4,438391175
3289.8,S,46,42854.12,5791.95,17791325.0,88399329.7,438391180
3290.8,S,46,42866.69,5793.46,17791325.0,88399360.8,438391230
3291.8,S,45,42878.11,5794.97,17791325.0,88399361.1,438391246
3292.8,S,45,42888.73,5796.42,17791325.0,88399423.7,438391422
3293.8,S,51,42901.25,5797.76,17791325.0,88399695.1,438391653
3294.8,S,46,42915.09,5799.41,17791325.0,88399803.6,438391749
3295.8,S,46,42927.54,5801.00,17791325.0,88399803.9,438391751
3296.8,S,46,42939.97,5802.60,17791325.0,88399804.7,438391752
3297.8,S,42,42950.04,5804.09,17791325.0,88400093.8,438392156
3298.8,S,47,42963.32,5805.75,17791325.0,88400094.3,438392167
3299.8,S,46,42976.14,5807.40,17791325.0,88400112.6,438392220
3300.8,S,50,42989.37,5808.79,17791325.0,88400215.5,438392455
3301.8,S,46,43000.78,5810.02,17791325.0,88400312.3,438392617
3302.8,S,42,43007.10,5811.02,17791325.0,88400602.3,438392957
3303.8,S,42,43012.66,5811.77,17791325.0,88400602.6,438392964
3304.8,S,57,43029.95,5812.83,17791325.0,88400603.3,438392972
3305.8,S,57,43049.19,5813.75,17791325.0,88400603.4,438392976
3306.8,S,57,43068.43,5814.84,17791325.0,88400604.6,438392981
3307.8,S,57,43087.56,5815.80,17791325.0,88400604.8,438392989
3308.8,S,57,43103.95,5816.83,17791325.0,88400873.3,438393646
3309.8,S,57,43120.39,5818.02,17791325.0,88401457.5,438394377
3310.8,S,57,43139.43,5819.10,17791325.0,88401734.1,438394622
3311.8,S,57,43158.84,5820.21,17791325.0,88401734.3,438394632
3312.8,S,57,43178.21,5821.22,17791325.0,88401735.4,438394637
3313.8,S,57,43197.27,5822.31,17791325.0,88401813.2,438394907
3314.8,S,61,43214.21,5823.08,17791325.0,88402442.9,438395645
3315.8,S,57,43234.72,5823.90,17791325.0,88402912.3,438396052
3316.8,S,57,43252.89,5824.70,17791325.0,88402912.6,438396058
3317.8,S,57,43270.87,5825.52,17791325.0,88402913.1,438396061
3318.8,S,57,43287.51,5826.31,17791325.0,88403088.5,438396461
3319.8,S,57,43304.44,5827.29,17791325.0,88403620.0,438397062
3320.8,S,57,43322.05,5828.19,17791325.0,88403989.9,438397377
3321.8,S,57,43340.19,5829.02,17791325.0,88403990.2,438397386
3322.8,S,57,43358.32,5829.78,17791325.0,88403990.6,438397396
3323.8,S,57,43374.38,5830.59,17791325.0,88404175.0,438397928
3324.8,S,57,43391.12,5831.61,17791325.0,88404611.6,438398504
3325.8,S,57,43408.33,5832.50,17791325.0,88405003.2,438398834
3326.8,S,57,43426.38,5833.29,17791325.0,88405087.8,438398986
3327.8,S,57,43444.43,5834.05,17791325.0,88405088.2,438398992
3328.8,S,56,43461.60,5834.95,17791325.0,88405245.0,438399370
3329.8,S,56,43476.14,5835.86,17791325.0,88405698.6,438399915
3330.8,S,52,43492.46,5836.74,17791325.0,88406111.3,438400269
3331.8,S,42,43499.54,5837.55,17791325.0,88406389.0,438400544
3332.8,S,44,43507.75,5839.70,17791328.3,88406390.4,438400551
3333.8,S,48,43519.34,5841.31,17791346.4,88406409.8,438400596
3334.8,S,44,43532.40,5843.16,17791363.3,88406507.5,438400709
3335.8,S,43,43542.67,5844.67,17791373.4,88406548.7,438400753
3336.8,S,43,43552.24,5846.09,17791383.2,88406567.3,438400781
3337.8,S,44,43562.21,5847.62,17791397.4,88406657.9,438400881
3338.8,S,44,43572.69,5849.14,17791416.1,88406658.3,438400909
3339.8,S,43,43583.29,5850.53,17791434.7,88406694.6,438400964
3340.8,S,47,43594.14,5852.02,17791444.7,88406734.1,438401019
3341.8,S,45,43605.88,5853.73,17791456.8,88406943.0,438401219
3342.8,S,45,43617.38,5855.30,17791477.0,88406943.3,438401241
3343.8,S,45,43628.95,5856.90,17791495.6,88406943.4,438401276
3344.8,S,44,43640.10,5858.50,17791512.4,88406979.1,438401328
3345.8,S,43,43650.53,5859.97,17791531.3,88407154.3,438401500
3346.8,S,44,43660.40,5861.39,17791539.3,88407222.0,438401574
3347.8,S,48,43672.53,5862.88,17791550.8,88407281.2,438401640
3348.8,S,44,43685.18,5864.49,17791569.0,88407377.3,438401749
3349.8,S,44,43695.70,5865.92,17791586.4,88407377.7,438401772
3350.8,S,44,43705.56,5867.33,17791602.3,88407547.4,438401935
3351.8,S,44,43716.19,5868.85,17791627.7,88407547.6,438401955
3352.8,S,44,43726.77,5870.33,17791655.6,88407547.9,438401987
3353.8,S,44,43737.39,5871.82,17791687.0,88407548.0,438402019
3354.8,S,47,43749.62,5873.56,17791712.9,88407709.4,438402202
3355.8,S,45,43761.64,5875.25,17791729.6,88407842.8,438402349
3356.8,S,44,43772.71,5876.83,17791744.5,88407862.6,438402393
3357.8,S,44,43783.24,5878.16,17791754.1,88407863.1,438402402
3358.8,S,44,43793.82,5879.61,17791764.7,88407863.4,438402428
3359.8,S,45,43803.85,5881.14,17791785.5,88408035.2,438402594
3360.8,S,45,43815.26,5882.68,17791815.1,88408035.8,438402630
3361.8,S,48,43827.84,5884.21,17791838.1,88408165.0,438402773
3362.8,S,44,43839.84,5885.93,17791859.6,88408261.0,438402888
3363.8,S,42,43849.98,5887.38,17791877.1,88408426.2,438403065
3364.8,S,45,43860.78,5888.96,17791894.5,88408432.8,438403094
3365.8,S,45,43872.15,5890.56,17791908.5,88408433.5,438403104
3366.8,S,44,43883.30,5892.10,17791918.5,88408468.2,438403141
3367.8,S,44,43893.84,5893.57,17791928.6,88408468.5,438403151
3368.8,S,50,43905.72,5894.98,17791936.0,88408742.2,438403403
3369.8,S,46,43918.63,5896.65,17791951.6,88408838.4,438403507
3370.8,S,45,43930.59,5898.29,17791967.2,88408859.3,438403544
3371.8,S,45,43942.27,5899.86,17791977.9,88408859.7,438403554
3372.8,S,45,43954.05,5901.36,17791988.6,88408860.1,438403564
3373.8,S,43,43962.92,5902.70,17791992.0,88409089.2,438403780
3374.8,S,42,43971.36,5904.01,17791992.0,88409118.8,438403844
3375.8,S,46,43980.35,5905.23,17791992.0,88409201.1,438404137
3376.8,S,42,43989.82,5906.69,17791992.0,88409296.9,438404412
3377.8,S,45,43998.67,5908.15,17791996.3,88409354.3,438404482
3378.8,S,45,44010.16,5909.85,17792040.5,88409354.8,438404548
3379.8,S,45,44021.55,5911.41,17792084.8,88409355.4,438404622
3380.8,S,44,44032.23,5913.00,17792117.7,88409384.6,438404678
3381.8,S,44,44042.84,5914.47,17792150.1,88409384.9,438404712
3382.8,S,49,44055.63,5916.11,17792166.7,88409664.2,438404972
3383.8,S,45,44067.78,5917.89,17792176.9,88409760.5,438405080
3384.8,S,45,44079.33,5919.50,17792187.0,88409760.9,438405095
3385.8,S,45,44090.85,5921.02,17792202.4,88409761.5,438405111
3386.8,S,43,44101.57,5922.46,17792218.4,88409932.0,438405274
3387.8,S,46,44112.77,5924.19,17792218.4,88409991.7,438405328
3388.8,S,46,44124.65,5925.73,17792218.4,88410033.0,438405409
3389.8,S,50,44139.30,5927.38,17792218.4,88410094.8,438405536
3390.8,S,45,44151.59,5929.00,17792218.4,88410236.9,438405691
3391.8,S,42,44161.58,5930.61,17792218.4,88410465.0,438405895
3392.8,S,42,44170.97,5932.16,17792237.9,88410474.6,438405929
3393.8,S,42,44179.72,5933.50,17792249.3,88410474.9,438405946
3394.8,S,42,44188.40,5934.93,17792260.9,88410475.3,438405964
3395.8,S,42,44196.83,5936.24,17792272.9,88410525.5,438406015
3396.8,S,50,44211.61,5937.96,17792290.4,88410635.6,438406130
3397.8,S,46,44224.04,5939.63,17792322.7,88410731.8,438406252
3398.8,S,45,44236.44,5941.23,17792355.3,88410768.7,438406319
3399.8,S,45,44247.91,5942.78,17792377.1,88410768.9,438406351
3400.8,S,46,44257.56,5944.25,17792390.1,88411029.0,438406605
3401.8,S,45,44269.45,5945.84,17792390.1,88411033.7,438406632
3402.8,S,45,44279.13,5947.16,17792390.1,88411092.8,438406874
3403.8,S,49,44293.15,5948.81,17792390.1,88411136.6,438406991
3404.8,S,45,44305.22,5950.64,17792390.1,88411270.3,438407144
3405.8,S,46,44313.05,5951.95,17792391.4,88411464.3,438407665
3406.8,S,45,44324.98,5953.50,17792402.9,88411470.8,438407706
3407.8,S,45,44336.56,5955.07,17792412.5,88411498.9,438407802
3408.8,S,45,44348.14,5956.68,17792423.3,88411499.1,438407833
3409.9,S,45,44359.47,5958.25,17792443.2,88411515.1,438407898
3410.9,S,51,44367.20,5959.20,17792447.4,88411832.8,438408416
3411.9,S,46,44382.37,5960.97,17792447.4,88411941.2,438408513
3412.9,S,46,44394.87,5962.58,17792447.4,88411942.2,438408524
3413.9,S,46,44407.20,5964.32,17792447.4,88411942.4,438408525
3414.9,S,46,44419.44,5965.99,17792447.4,88411998.3,438408584
3415.9,S,47,44429.83,5967.58,17792456.8,88412230.8,438408798
3416.9,S,46,44442.77,5969.35,17792482.3,88412242.8,438408831
3417.9,S,50,44457.70,5970.94,17792503.6,88412345.9,438408941
3418.9,S,46,44470.91,5972.57,17792534.0,88412442.4,438409064
3419.9,S,45,44483.03,5974.22,17792560.8,88412558.9,438409195
3420.9,S,46,44493.66,5975.79,17792575.9,88412733.3,438409359
3421.9,S,46,44506.14,5977.35,17792595.5,88412733.8,438409380
3422.9,S,46,44518.43,5978.97,17792606.9,88412734.1,438409392
3423.9,S,49,44529.75,5980.51,17792616.7,88412879.2,438409531
3424.9,S,46,44543.55,5982.37,17792625.9,88413133.5,438409760
3425.9,S,46,44555.58,5984.11,17792625.9,88413206.5,438409824
3426.9,S,45,44567.37,5985.72,17792625.9,88413222.5,438409846
3427.9,S,45,44578.82,5987.22,17792625.9,88413222.7,438409853
3428.9,S,45,44590.30,5988.75,17792625.9,88413223.1,438409859
3429.9,S,42,44598.67,5990.07,17792625.9,88413455.0,438410286
3430.9,S,51,44611.36,5991.64,17792625.9,88413557.9,438410374
3431.9,S,48,44627.71,5993.54,17792625.9,88413624.2,438410443
3432.9,S,46,44637.62,5994.51,17792625.9,88413672.3,438410486
3433.9,S,46,44646.75,5995.38,17792625.9,88413672.5,438410491
3434.9,S,43,44654.16,5996.31,17792625.9,88413936.6,438410813
3435.9,S,46,44663.20,5997.43,17792647.7,88413962.4,438410866
3436.9,S,46,44673.24,5998.48,17792677.5,88413962.8,438410888
3437.9,S,45,44683.01,5999.52,17792704.9,88413996.5,438410955
3438.9,S,45,44692.12,6000.53,17792727.5,88413996.6,438410970
3439.9,S,42,44699.66,6001.60,17792740.3,88414229.3,438411192
3440.9,S,42,44706.12,6002.58,17792740.3,88414229.6,438411194
3441.9,S,57,44719.92,6003.69,17792740.3,88414230.2,438411194
3442.9,S,57,44740.01,6004.96,17792740.3,88414243.0,438411221
3443.9,S,61,44761.67,6005.78,17792740.3,88414333.7,438411483
3444.9,S,57,44781.44,6006.48,17792740.3,88414429.7,438411769
3445.9,S,57,44800.09,6007.47,17792740.3,88414430.1,438411776
3446.9,S,57,44815.66,6008.67,17792740.3,88415361.6,438412560
3447.9,S,57,44834.25,6009.60,17792740.3,88415434.8,438412636
3448.9,S,57,44852.90,6010.45,17792740.3,88415519.8,438412799
3449.9,S,57,44871.43,6011.26,17792740.3,88415520.0,438412810
3450.9,S,57,44889.54,6012.19,17792740.3,88415616.3,438413015
3451.9,S,57,44902.31,6013.29,17792740.3,88416188.0,438414055
3452.9,S,57,44919.81,6014.24,17792740.3,88416553.1,438414390
3453.9,S,57,44938.52,6015.22,17792740.3,88416553.4,438414401
3454.9,S,57,44957.14,6016.11,17792740.3,88416620.1,438414469
3455.9,S,57,44975.80,6016.99,17792740.3,88416620.3,438414473
3456.9,S,57,44991.04,6017.99,17792740.3,88417093.4,438415302
3457.9,S,57,45007.65,6018.99,17792740.3,88417640.7,438415920
3458.9,S,57,45026.20,6019.94,17792740.3,88417640.9,438415927
3459.9,S,57,45044.88,6020.93,17792740.3,88417641.2,438415929
3460.9,S,57,45063.43,6021.88,17792740.3,88417700.5,438416002
3461.9,S,61,45081.98,6022.89,17792740.3,88418122.6,438416372
3462.9,S,61,45102.61,6023.63,17792740.3,88418597.2,438416774
3463.9,S,57,45119.41,6024.05,17792740.3,88418777.9,438416939
3464.9,S,57,45135.21,6024.27,17792740.3,88418830.9,438416991
3465.9,S,56,45147.86,6024.52,17792740.3,88419045.9,438417520
3466.9,S,56,45159.14,6024.76,17792740.3,88419373.6,438418146
3467.9,S,56,45173.35,6025.06,17792740.3,88419768.3,438418479
3468.9,S,47,45183.14,6025.26,17792740.3,88420072.3,438418746
3469.9,S,44,45184.07,6026.07,17792740.7,88420200.8,438418909
3470.9,S,44,45194.91,6027.50,17792770.0,88420201.1,438418937
3471.9,S,43,45204.68,6028.89,17792791.7,88420216.5,438418975
3472.9,S,43,45214.53,6030.24,17792812.2,88420216.6,438418994
3473.9,S,43,45224.23,6031.74,17792832.5,88420218.3,438419019
3474.9,S,44,45233.98,6033.31,17792849.2,88420372.2,438419168
3475.9,S,44,45244.55,6034.81,17792866.8,88420372.6,438419183
3476.9,S,47,45256.65,6036.44,17792877.3,88420442.4,438419262
3477.9,S,43,45267.93,6038.02,17792888.0,88420538.6,438419359
3478.9,S,45,45277.50,6039.49,17792894.0,88420649.1,438419463
3479.9,S,45,45289.05,6041.07,17792902.9,88420649.8,438419471
3480.9,S,45,45300.57,6042.61,17792913.8,88420649.9,438419480
3481.9,S,45,45312.01,6044.09,17792932.5,88420650.2,438419499
3482.9,S,42,45322.52,6045.61,17792946.6,88420872.3,438419700
3483.9,S,48,45335.28,6047.31,17792975.0,88420924.1,438419799
3484.9,S,44,45347.15,6048.85,17793007.0,88421020.2,438419923
3486.0,S,44,45357.69,6050.35,17793041.2,88421020.4,438419951
3487.0,S,44,45368.32,6051.81,17793075.5,88421020.8,438419981
3488.0,S,45,45377.87,6053.45,17793095.6,88421189.1,438420164
3489.0,S,45,45389.52,6054.98,17793114.2,88421189.2,438420175
3490.0,S,44,45400.82,6056.58,17793124.2,88421218.8,438420210
3491.0,S,48,45414.24,6058.29,17793133.3,88421276.9,438420272
3492.0,S,43,45425.54,6059.83,17793141.2,88421502.0,438420479
3493.0,S,45,45436.07,6061.39,17793149.6,88421541.9,438420528
3494.0,S,45,45447.51,6063.01,17793160.6,88421542.2,438420541
3495.0,S,45,45459.09,6064.53,17793178.6,88421542.5,438420559
3496.0,S,44,45470.27,6066.01,17793195.3,88421685.2,438420703
3497.0,S,50,45481.39,6067.71,17793203.5,88421864.0,438420879
3498.0,S,47,45496.72,6069.57,17793213.1,88421921.1,438420955
3499.0,S,45,45508.13,6071.22,17793223.0,88421969.4,438421009
3500.0,S,45,45519.66,6072.72,17793240.0,88421969.5,438421028
3501.0,S,43,45530.50,6074.21,17793257.2,88422139.8,438421203
3502.0,S,43,45539.89,6075.63,17793265.3,88422197.2,438421261
3503.0,S,43,45549.64,6077.05,17793285.1,88422197.6,438421300
3504.0,S,47,45559.45,6078.47,17793308.5,88422300.5,438421427
3505.0,S,43,45571.87,6080.12,17793333.2,88422396.6,438421532
3506.0,S,45,45581.82,6081.62,17793343.7,88422508.7,438421685
3507.0,S,45,45593.35,6083.12,17793355.0,88422509.1,438421717
3508.0,S,45,45604.78,6084.67,17793375.0,88422509.2,438421779
3509.0,S,44,45616.03,6086.29,17793388.2,88422556.0,438421890
3510.0,S,43,45625.92,6087.82,17793396.0,88422710.6,438422208
3511.0,S,49,45635.46,6089.14,17793418.4,88422831.6,438422504
3512.0,S,49,45650.25,6091.09,17793447.1,88422865.1,438422652
3513.0,S,45,45660.53,6092.64,17793474.4,88422927.9,438422966
3514.0,S,45,45671.98,6094.19,17793507.5,88422928.2,438423063
3515.0,S,43,45682.60,6095.60,17793533.5,88423075.6,438423370
3516.0,S,45,45691.98,6097.08,17793543.9,88423155.6,438423601
3517.0,S,45,45703.33,6098.69,17793562.8,88423156.4,438423647
3518.0,S,45,45713.67,6099.95,17793573.2,88423207.9,438423821
3519.0,S,48,45723.82,6101.21,17793581.7,88423295.6,438424170
3520.0,S,42,45735.00,6102.73,17793591.7,88423506.1,438424551
3521.0,S,45,45745.82,6104.27,17793591.7,88423561.9,438424612
3522.0,S,45,45757.39,6105.91,17793591.7,88423562.1,438424616
3523.0,S,45,45768.80,6107.56,17793591.7,88423562.5,438424617
3524.0,S,45,45780.32,6109.12,17793591.7,88423563.0,438424619
3525.0,S,46,45790.70,6110.72,17793598.5,88423786.1,438424814
3526.0,S,50,45805.16,6112.39,17793616.6,88423889.0,438424922
3527.0,S,46,45818.64,6114.10,17793632.0,88423985.2,438425024
3528.0,S,45,45830.64,6115.63,17793651.0,88424023.9,438425090
3529.0,S,44,45841.86,6117.23,17793670.3,88424128.4,438425201
3530.0,S,45,45851.73,6118.82,17793672.4,88424253.0,438425318
3531.0,S,45,45863.26,6120.36,17793672.4,88424253.4,438425325
3532.0,S,44,45874.65,6122.01,17793672.4,88424285.5,438425359
3533.0,S,48,45887.75,6123.63,17793672.4,88424388.4,438425452
3534.0,S,43,45895.67,6124.80,17793672.4,88424649.7,438426077
3535.0,S,45,45906.61,6126.37,17793672.4,88424654.6,438426095
3536.0,S,45,45918.04,6127.85,17793672.4,88424655.3,438426097
3537.0,S,44,45928.95,6129.41,17793672.4,88424688.1,438426216
3538.0,S,44,45939.71,6130.88,17793672.4,88424688.2,438426222
3539.0,S,45,45946.22,6131.95,17793672.4,88424859.5,438426733
3540.0,S,49,45957.38,6133.54,17793672.4,88424962.5,438426828
3541.0,S,46,45972.01,6135.37,17793672.4,88425054.1,438426956
3542.0,S,44,45982.86,6136.92,17793672.4,88425089.7,438426989
3543.0,S,44,45993.44,6138.42,17793672.4,88425089.9,438426996
3544.0,S,46,46003.61,6140.08,17793682.8,88425260.8,438427184
3545.0,S,45,46015.53,6141.63,17793698.1,88425273.2,438427206
3546.0,S,45,46027.04,6143.17,17793709.2,88425273.5,438427214
3547.0,S,49,46038.54,6144.60,17793720.1,88425376.5,438427311
3548.0,S,47,46051.34,6146.32,17793731.4,88425677.2,438427582
3549.0,S,45,46063.71,6148.05,17793731.4,88425713.1,438427614
3550.0,S,45,46075.28,6149.59,17793731.4,88425713.3,438427621
3551.0,S,45,46086.83,6151.17,17793731.4,88425713.7,438427623
3552.0,S,45,46098.67,6152.72,17793731.4,88425713.9,438427626
3553.0,S,46,46109.02,6154.18,17793731.5,88425941.4,438427821
3554.0,S,50,46119.38,6155.38,17793731.5,88426044.2,438428114
3555.0,S,50,46135.54,6157.20,17793731.5,88426046.3,438428161
3556.0,S,45,46148.02,6158.84,17793731.5,88426185.1,438428300
3557.0,S,42,46158.78,6160.43,17793731.5,88426414.2,438428502
3558.0,S,43,46168.63,6161.90,17793731.5,88426419.3,438428518
3559.0,S,43,46178.27,6163.26,17793731.5,88426420.1,438428522
3560.0,S,43,46188.00,6164.74,17793731.5,88426420.2,438428534
3561.0,S,47,46197.89,6166.19,17793731.5,88426523.1,438428649
3562.0,S,46,46211.14,6167.85,17793731.5,88426733.3,438428843
3563.0,S,46,46223.74,6169.37,17793731.5,88426733.7,438428897
3564.0,S,46,46236.26,6170.97,17793731.5,88426734.4,438428902
3565.0,S,46,46248.89,6172.52,17793731.5,88426734.5,438428910
3566.0,S,46,46258.63,6174.12,17793731.7,88427009.6,438429144
3567.0,S,46,46271.02,6175.73,17793751.3,88427010.0,438429168
3568.0,S,50,46283.57,6177.25,17793760.9,88427113.1,438429271
3569.0,S,45,46298.40,6179.01,17793772.6,88427245.9,438429408
3570.0,S,45,46305.38,6179.81,17793784.7,88427246.1,438429424
3571.0,S,43,46310.90,6180.53,17793789.5,88427451.6,438429606
3572.0,S,46,46318.61,6181.49,17793789.5,88427475.8,438429631
3573.0,S,45,46327.18,6182.36,17793789.5,88427499.8,438429682
3574.0,S,45,46334.99,6183.22,17793789.5,88427500.5,438429685
3575.0,S,45,46342.86,6184.07,17793789.5,88427500.6,438429695
3576.0,S,42,46349.17,6185.00,17793789.5,88427732.5,438429902
3577.0,S,42,46354.84,6185.98,17793789.5,88427749.6,438429937
3578.0,S,57,46365.53,6186.88,17793789.5,88427826.1,438430132
3579.0,S,57,46384.64,6187.80,17793789.5,88427826.4,438430141
3580.0,S,57,46403.61,6188.71,17793789.7,88427827.8,438430155
3581.0,S,57,46422.96,6189.86,17793789.7,88427828.2,438430169
3582.0,S,57,46442.37,6190.93,17793789.7,88427828.4,438430174
3583.0,S,57,46453.83,6192.01,17793789.7,88428302.6,438431087
3584.0,S,61,46472.87,6192.90,17793789.7,88428817.3,438431537
3585.0,S,57,46492.77,6193.65,17793789.7,88428955.5,438431656
3586.0,S,57,46510.86,6194.48,17793789.7,88428956.5,438431662
3587.0,S,57,46528.95,6195.42,17793789.7,88428956.8,438431677
3588.0,S,57,46544.73,6196.20,17793789.7,88429277.9,438432146
3589.0,S,57,46560.83,6197.13,17793789.7,88429935.5,438432760
3590.0,S,57,46578.66,6198.01,17793789.7,88430099.4,438432899
3591.0,S,57,46596.72,6198.75,17793789.7,88430100.5,438432926
3592.1,S,57,46614.76,6199.49,17793789.7,88430100.9,438432979
3593.1,S,57,46631.65,6200.40,17793789.7,88430411.2,438433701
3594.1,S,57,46645.92,6201.29,17793789.7,88430902.6,438434362
3595.1,S,57,46663.61,6202.21,17793789.7,88431163.1,438434589
3596.1,S,57,46681.59,6202.93,17793789.7,88431163.4,438434596
3597.1,S,57,46699.63,6203.78,17793789.7,88431223.9,438434658
3598.1,S,57,46717.60,6204.66,17793789.7,88431449.4,438434863
3599.1,S,57,46734.49,6205.53,17793789.7,88432055.8,438435383
3600.1,S,57,46752.67,6206.33,17793789.7,88432217.5,438435522
3601.1,S,57,46770.70,6207.04,17793789.7,88432217.9,438435549
3602.1,S,57,46788.34,6207.82,17793789.7,88432300.7,438435719
3603.1,S,56,46804.25,6208.84,17793789.7,88432811.3,438436312
3604.1,S,56,46821.27,6209.75,17793789.7,88433056.8,438436587
3605.1,S,55,46837.67,6210.68,17793789.7,88433215.6,438436727
3606.1,S,42,46845.99,6211.54,17793789.7,88433627.5,438437178
3607.1,S,48,46856.67,6213.91,17793790.8,88433649.8,438437212
3608.1,S,44,46868.21,6215.54,17793800.6,88433747.1,438437309
3609.1,S,44,46878.94,6216.96,17793810.4,88433747.4,438437324
3610.1,S,43,46889.05,6218.52,17793818.6,88433783.8,438437364
3611.1,S,43,46898.76,6219.90,17793828.2,88433784.3,438437375
3612.1,S,45,46908.96,6221.61,17793839.5,88433897.2,438437484
3613.1,S,45,46920.49,6223.25,17793861.1,88433902.4,438437502
3614.1,S,48,46934.76,6225.01,17793883.1,88433969.2,438437594
3615.1,S,44,46945.31,6226.46,17793904.0,88434121.6,438437756
3616.1,S,42,46955.21,6227.93,17793919.0,88434289.6,438437913
3617.1,S,45,46966.24,6229.56,17793957.1,88434290.1,438437970
3618.1,S,45,46977.72,6231.15,17794002.6,88434290.7,438438050
3619.1,S,45,46989.19,6232.57,17794047.7,88434290.9,438438135
3620.1,S,44,46999.57,6234.01,17794083.3,88434375.4,438438253
3621.1,S,49,47013.74,6235.66,17794104.0,88434559.2,438438440
3622.1,S,45,47025.25,6237.39,17794137.0,88434655.3,438438569
3623.1,S,45,47036.76,6238.84,17794171.9,88434655.6,438438615
3624.1,S,45,47048.37,6240.39,17794192.5,88434655.7,438438639
3625.1,S,42,47058.50,6241.88,17794204.8,88434877.8,438438846
3626.1,S,45,47070.61,6243.55,17794218.5,88434885.0,438438872
3627.1,S,49,47082.63,6245.13,17794228.0,88434932.4,438438928
3628.1,S,46,47097.26,6246.85,17794240.1,88435004.8,438439001
3629.1,S,45,47108.80,6248.41,17794257.4,88435028.7,438439039
3630.1,S,45,47118.87,6249.99,17794265.3,88435257.8,438439246
3631.1,S,45,47130.39,6251.56,17794274.2,88435258.1,438439261
3632.1,S,45,47141.80,6253.17,17794280.2,88435258.9,438439271
3633.1,S,44,47152.58,6254.69,17794289.5,88435290.1,438439307
3634.1,S,48,47164.12,6256.26,17794298.0,88435392.8,438439412
3635.1,S,45,47176.82,6257.97,17794305.4,88435659.2,438439781
3636.1,S,45,47188.23,6259.54,17794316.1,88435659.8,438439801
3637.1,S,45,47199.67,6261.14,17794335.4,88435660.1,438439844
3638.1,S,44,47210.61,6262.60,17794350.1,88435701.3,438440086
3639.1,S,45,47218.99,6264.17,17794357.2,88435872.8,438440421
3640.1,S,45,47230.38,6265.76,17794377.6,88435873.1,438440475
3641.1,S,49,47240.78,6267.11,17794398.7,88436005.8,438440780
3642.1,S,48,47255.52,6269.09,17794423.3,88436065.4,438440948
3643.1,S,45,47267.04,6270.61,17794456.2,88436102.9,438441092
3644.1,S,45,47276.87,6272.21,17794473.1,88436329.8,438441344
3645.1,S,45,47288.32,6273.75,17794473.1,88436330.2,438441352
3646.1,S,45,47299.87,6275.28,17794473.1,88436330.5,438441405
3647.1,S,44,47310.63,6276.73,17794473.1,88436361.4,438441465
3648.1,S,48,47319.24,6277.75,17794473.1,88436476.8,438441762
3649.1,S,49,47331.38,6279.27,17794473.1,88436640.0,438442182
3650.1,S,45,47343.43,6280.98,17794473.1,88436731.9,438442284
3651.1,S,44,47354.72,6282.43,17794473.1,88436760.9,438442326
3652.1,S,44,47365.38,6283.85,17794473.1,88436761.3,438442336
3653.1,S,42,47373.49,6285.28,17794473.1,88436931.8,438442656
3654.1,S,45,47384.63,6286.98,17794513.0,88436932.1,438442756
3655.1,S,45,47396.16,6288.41,17794559.5,88436932.4,438442858
3656.1,S,49,47408.34,6289.85,17794600.2,88437035.7,438443144
3657.1,S,45,47420.51,6291.58,17794639.4,88437132.0,438443415
3658.1,S,43,47430.61,6293.24,17794666.9,88437291.5,438443894
3659.1,S,47,47442.59,6294.89,17794680.7,88437356.1,438443973
3660.1,S,46,47455.34,6296.61,17794696.0,88437372.8,438444011
3661.1,S,46,47467.96,6298.16,17794706.8,88437373.1,438444021
3662.1,S,46,47480.34,6299.67,17794716.9,88437373.4,438444042
3663.1,S,47,47492.20,6301.21,17794728.6,88437762.2,438444402
3664.1,S,42,47502.00,6302.90,17794745.2,88437868.9,438444527
3665.1,S,42,47510.68,6304.16,17794755.9,88437869.1,438444543
3666.1,S,42,47519.28,6305.59,17794766.3,88437897.5,438444584
3667.1,S,42,47527.93,6306.95,17794780.0,88437902.3,438444606
3668.1,S,46,47539.48,6308.68,17794798.1,88437955.2,438444663
3669.1,S,45,47550.80,6310.39,17794809.9,88437967.6,438444697
3670.1,S,49,47564.10,6311.99,17794819.6,88438070.5,438444798
3671.1,S,45,47577.11,6313.64,17794829.8,88438166.6,438444891
3672.1,S,46,47587.05,6315.23,17794837.6,88438395.4,438445105
3673.1,S,46,47599.42,6316.92,17794867.4,88438395.6,438445129
3674.1,S,46,47611.75,6318.59,17794897.1,88438395.9,438445167
3675.1,S,45,47623.57,6320.12,17794919.3,88438431.5,438445217
3676.1,S,45,47634.56,6321.64,17794941.8,88438492.9,438445289
3677.1,S,50,47648.22,6323.42,17794953.8,88438762.9,438445555
3678.1,S,46,47660.94,6325.18,17794956.9,88438859.4,438445661
3679.1,S,46,47673.51,6326.68,17794956.9,88438859.5,438445675
3680.1,S,46,47685.99,6328.40,17794958.3,88438859.8,438445679
3681.1,S,42,47696.24,6329.99,17794965.7,88439145.5,438445959
3682.1,S,47,47708.97,6331.70,17794995.3,88439146.2,438445992
3683.1,S,46,47721.85,6333.24,17795019.9,88439162.8,438446034
3684.1,S,50,47736.74,6334.94,17795041.5,88439265.6,438446156
3685.1,S,46,47749.51,6336.61,17795067.4,88439361.6,438446265
3686.1,S,47,47759.30,6338.10,17795081.6,88439649.7,438446542
3687.1,S,47,47772.56,6339.74,17795093.3,88439650.1,438446556
3688.1,S,47,47785.95,6341.47,17795114.4,88439650.4,438446579
3689.1,S,46,47798.50,6343.07,17795126.7,88439681.5,438446621
3690.1,S,46,47811.07,6344.61,17795138.2,88439700.7,438446650
3691.1,S,50,47821.81,6346.01,17795148.1,88440072.7,438446997
3692.1,S,46,47835.83,6347.85,17795167.7,88440169.3,438447106
3693.1,S,46,47848.26,6349.45,17795193.1,88440169.6,438447135
3694.1,S,45,47859.77,6351.06,17795215.8,88440205.4,438447199
3695.1,S,43,47870.47,6352.58,17795232.8,88440382.5,438447372
3696.1,S,46,47881.77,6354.24,17795240.4,88440443.8,438447511
3697.1,S,46,47894.10,6355.87,17795251.0,88440444.4,438447534
3698.1,S,50,47907.19,6357.28,17795261.1,88440547.4,438447799
3699.1,S,46,47919.59,6358.86,17795278.9,88440643.4,438448109
3700.1,S,46,47929.92,6360.21,17795292.3,88440755.6,438448408
3701.2,S,46,47939.88,6361.78,17795292.3,88440933.8,438448733
3702.2,S,46,47952.49,6363.35,17795292.3,88440934.1,438448739
3703.2,S,46,47964.95,6364.88,17795292.3,88440934.7,438448744
3704.2,S,46,47977.43,6366.46,17795292.3,88440934.9,438448752
3705.2,S,49,47988.87,6367.86,17795296.6,88441323.4,438449097
3706.2,S,45,48001.11,6369.30,17795326.5,88441419.8,438449217
3707.2,S,44,48008.16,6370.15,17795350.2,88441438.5,438449260
3708.2,S,44,48015.27,6371.00,17795372.4,88441439.1,438449286
3709.2,S,44,48022.35,6371.89,17795394.2,88441439.2,438449302
3710.2,S,46,48029.71,6372.88,17795401.6,88441611.8,438449459
3711.2,S,46,48039.66,6373.99,17795401.6,88441612.2,438449471
3712.2,S,45,48049.46,6374.96,17795401.6,88441641.5,438449537
3713.2,S,45,48058.55,6375.96,17795401.6,88441641.7,438449552
3714.2,S,44,48067.23,6376.97,17795401.6,88441757.1,438449652
3715.2,S,42,48073.74,6378.01,17795401.6,88441873.5,438449757
3716.2,S,57,48083.38,6379.02,17795401.6,88441874.5,438449771
3717.2,S,57,48103.49,6380.38,17795401.6,88441974.8,438450009
3718.2,S,61,48124.24,6381.36,17795401.6,88441977.5,438450069
3719.2,S,60,48146.49,6382.01,17795401.6,88442001.6,438450110
3720.2,S,57,48165.63,6382.85,17795401.6,88442074.3,438450217
3721.2,S,57,48182.69,6383.88,17795401.6,88442777.6,438450810
3722.2,S,57,48200.87,6384.77,17795401.6,88443041.7,438451036
3723.2,S,57,48219.25,6385.68,17795401.6,88443206.1,438451184
3724.2,S,57,48237.78,6386.47,17795401.6,88443206.5,438451193
3725.2,S,57,48256.22,6387.40,17795401.6,88443261.7,438451253
3726.2,S,57,48273.21,6388.49,17795401.6,88443949.7,438451845
3727.2,S,57,48291.76,6389.45,17795401.6,88444149.7,438452018
3728.2,S,57,48310.10,6390.38,17795401.6,88444289.4,438452422
3729.2,S,57,48328.51,6391.20,17795401.6,88444289.6,438452426
3730.2,S,57,48347.21,6392.21,17795401.6,88444349.6,438452482
3731.2,S,57,48365.04,6393.24,17795401.6,88444918.8,438452973
3732.2,S,57,48382.24,6394.18,17795401.6,88445190.7,438453431
3733.2,S,57,48400.79,6395.16,17795401.6,88445268.0,438453638
3734.2,S,57,48419.29,6396.09,17795401.6,88445339.7,438453774
3735.2,S,57,48436.23,6397.00,17795401.6,88445521.2,438454124
3736.2,S,57,48453.44,6397.90,17795401.6,88445692.3,438454633
3737.2,S,61,48472.39,6398.72,17795401.6,88446147.5,438455197
3738.3,S,58,48489.87,6399.48,17795401.6,88446473.3,438456114
3739.3,S,57,48505.65,6399.75,17795401.6,88446534.5,438456230
3740.3,S,56,48520.73,6400.00,17795401.6,88446660.8,438456623
3741.3,S,56,48532.90,6400.26,17795401.6,88446971.6,438457174
3742.3,S,56,48546.25,6400.56,17795401.6,88447340.0,438457813
3743.3,S,51,48556.89,6400.79,17795401.6,88447650.4,438458536
3744.3,S,42,48559.23,6401.20,17795401.6,88447889.5,438458760
3745.3,S,45,48565.99,6402.64,17795423.8,88447890.9,438458823
3746.3,S,44,48576.51,6404.23,17795458.5,88447901.7,438458934
3747.3,S,44,48587.27,6405.70,17795491.3,88447901.9,438459014
3748.3,S,44,48597.97,6407.01,17795523.9,88447903.7,438459092
3749.3,S,44,48606.73,6408.31,17795548.0,88448036.9,438459541
3750.3,S,45,48615.95,6409.75,17795571.5,88448112.9,438459909
3751.3,S,44,48626.65,6411.12,17795608.6,88448162.2,438460100
3752.3,S,48,48641.00,6412.79,17795636.9,88448197.6,438460163
3753.3,S,44,48651.58,6414.25,17795667.9,88448263.1,438460257
3754.3,S,43,48661.47,6415.78,17795692.1,88448429.7,438460435
3755.3,S,44,48672.36,6417.39,17795706.9,88448439.8,438460464
3756.3,S,44,48683.02,6418.86,17795716.5,88448440.1,438460475
3757.3,S,44,48693.68,6420.29,17795726.6,88448440.3,438460487
3758.3,S,48,48704.38,6421.79,17795737.9,88448490.5,438460553
3759.3,S,50,48715.04,6423.22,17795747.7,88448660.1,438461059
3760.3,S,46,48726.69,6424.93,17795782.2,88448756.4,438461385
3761.3,S,46,48738.96,6426.62,17795819.6,88448756.9,438461499
3762.3,S,46,48751.23,6428.24,17795851.1,88448788.6,438461675
3763.3,S,45,48762.75,6429.83,17795881.2,88448800.3,438461784
3764.3,S,46,48771.36,6431.23,17795892.5,88449027.9,438462328
3765.3,S,46,48783.73,6432.81,17795907.0,88449028.6,438462381
3766.3,S,50,48797.26,6434.43,17795916.2,88449089.6,438462575
3767.3,S,45,48808.79,6435.83,17795916.2,88449223.8,438463089
3768.3,S,45,48820.43,6437.23,17795916.2,88449224.1,438463097
3769.3,S,42,48826.58,6438.30,17795916.2,88449539.5,438463860
3770.3,S,44,48836.66,6439.88,17795939.3,88449539.9,438463943
3771.3,S,44,48847.17,6441.31,17795970.4,88449540.9,438464028
3772.3,S,44,48857.72,6442.71,17796002.0,88449541.1,438464111
3773.3,S,47,48867.09,6443.95,17796028.7,88449604.8,438464330
3774.3,S,50,48880.15,6445.74,17796042.8,88449766.4,438464509
3775.3,S,46,48892.85,6447.38,17796063.7,88449814.7,438464578
3776.3,S,46,48905.18,6449.00,17796091.7,88449815.2,438464612
3777.3,S,45,48916.68,6450.68,17796113.1,88449849.8,438464659
3778.3,S,45,48928.05,6452.30,17796134.4,88449907.0,438464724
3779.3,S,45,48938.44,6453.86,17796145.5,88450081.8,438464889
3780.3,S,49,48949.25,6455.30,17796156.8,88450184.8,438465005
3781.3,S,48,48964.05,6457.03,17796166.2,88450280.9,438465102
3782.3,S,45,48975.68,6458.64,17796178.1,88450282.1,438465115
3783.3,S,46,48985.95,6460.16,17796191.2,88450510.7,438465340
3784.3,S,46,48998.46,6461.66,17796191.2,88450510.9,438465344
3785.3,S,46,49011.15,6463.24,17796191.2,88450511.4,438465353
3786.3,S,46,49023.75,6464.92,17796191.2,88450511.6,438465361
3787.3,S,45,49033.06,6466.14,17796191.2,88450613.9,438465780
3788.3,S,47,49042.33,6467.38,17796191.2,88450893.8,438466380
3789.3,S,42,49052.25,6469.02,17796191.2,88450998.0,438466477
3790.3,S,42,49060.96,6470.43,17796191.2,88450998.4,438466496
3791.3,S,42,49069.86,6471.68,17796191.2,88450998.8,438466532
3792.3,S,42,49078.42,6473.14,17796191.2,88451055.7,438466663
3793.3,S,46,49090.20,6474.87,17796235.4,88451057.6,438466786
3794.3,S,46,49102.48,6476.61,17796285.2,88451058.4,438466910
3795.3,S,50,49115.28,6478.01,17796327.6,88451161.3,438467280
3796.3,S,46,49129.04,6479.81,17796374.4,88451257.3,438467494
3797.3,S,42,49139.94,6481.31,17796414.5,88451479.8,438467765
3798.3,S,46,49150.35,6482.88,17796416.4,88451544.6,438467824
3799.3,S,46,49162.71,6484.45,17796416.4,88451545.2,438467834
3800.3,S,45,49174.68,6486.17,17796416.4,88451573.6,438467869
3801.3,S,45,49185.39,6487.51,17796416.4,88451652.1,438467974
3802.3,S,47,49198.78,6489.36,17796416.5,88451864.8,438468216
3803.4,S,44,49209.41,6491.01,17796416.6,88452002.2,438468347
3804.4,S,43,49219.44,6492.44,17796416.6,88452021.4,438468365
3805.4,S,43,49229.10,6493.85,17796416.6,88452022.4,438468378
3806.4,S,43,49238.85,6495.26,17796416.6,88452022.5,438468380
3807.4,S,46,49248.64,6496.61,17796420.8,88452136.5,438468607
3808.4,S,46,49260.47,6498.16,17796437.4,88452163.4,438468721
3809.4,S,49,49273.37,6499.51,17796444.5,88452262.0,438468955
3810.4,S,45,49285.40,6501.13,17796451.4,88452358.1,438469056
3811.4,S,43,49296.19,6502.77,17796460.5,88452531.4,438469224
3812.4,S,46,49305.46,6504.35,17796465.5,88452587.9,438469284
3813.4,S,46,49317.80,6505.98,17796465.5,88452588.5,438469295
3814.4,S,46,49330.21,6507.58,17796465.5,88452588.6,438469296
3815.4,S,45,49342.21,6509.09,17796465.5,88452624.8,438469405
3816.4,S,49,49354.51,6510.52,17796465.5,88452756.0,438469704
3817.4,S,46,49364.82,6511.84,17796470.4,88453054.7,438470154
3818.4,S,46,49377.08,6513.46,17796481.3,88453054.9,438470168
3819.4,S,46,49389.44,6515.10,17796498.2,88453055.2,438470185
3820.4,S,46,49401.80,6516.75,17796513.4,88453055.3,438470200
3821.4,S,42,49411.62,6518.15,17796522.9,88453335.2,438470472
3822.4,S,45,49423.08,6519.82,17796533.8,88453342.6,438470496
3823.4,S,49,49435.85,6521.36,17796544.4,88453445.7,438470598
3824.4,S,45,49449.17,6523.07,17796554.7,88453542.0,438470705
3825.4,S,45,49460.68,6524.65,17796575.5,88453542.0,438470720
3826.4,S,46,49470.67,6526.23,17796594.4,88453772.4,438470968
3827.4,S,46,49482.99,6527.92,17796634.9,88453773.2,438471044
3828.4,S,45,49495.03,6529.54,17796669.9,88453799.2,438471133
3829.4,S,45,49506.51,6531.05,17796701.0,88453799.2,438471167
3830.4,S,48,49519.04,6532.62,17796733.3,88454018.6,438471417
3831.4,S,46,49531.96,6534.31,17796735.9,88454228.0,438471602
3832.4,S,46,49544.39,6535.83,17796735.9,88454228.4,438471608
3833.4,S,45,49556.38,6537.29,17796735.9,88454257.1,438471639
3834.4,S,45,49567.97,6538.87,17796735.9,88454257.7,438471663
3835.4,S,46,49578.61,6540.59,17796735.9,88454487.7,438471871
3836.4,S,46,49591.02,6542.18,17796735.9,88454488.5,438471880
3837.4,S,50,49604.13,6543.64,17796735.9,88454591.1,438472095
3838.4,S,45,49618.25,6545.46,17796735.9,88454730.0,438472247
3839.4,S,43,49629.17,6546.90,17796735.9,88454895.7,438472387
3840.4,S,46,49640.43,6548.42,17796752.9,88454960.2,438472465
3841.4,S,46,49652.95,6549.98,17796767.0,88454960.4,438472480
3842.4,S,45,49665.01,6551.46,17796777.4,88454995.6,438472531
3843.4,S,49,49676.11,6552.76,17796787.9,88455098.7,438472641
3844.4,S,51,49690.61,6554.55,17796798.4,88455351.4,438472878
3845.4,S,46,49700.72,6555.57,17796815.5,88455440.6,438472976
3846.4,S,46,49708.72,6556.28,17796832.8,88455441.1,438472997
3847.4,S,46,49716.92,6556.99,17796850.7,88455441.2,438473019
3848.4,S,46,49724.96,6557.78,17796868.0,88455499.9,438473100
3849.4,S,46,49730.68,6558.67,17796875.5,88455729.1,438473317
3850.4,S,46,49739.40,6559.57,17796884.0,88455729.6,438473330
3851.4,S,46,49748.12,6560.46,17796894.4,88455729.9,438473336
3852.4,S,46,49756.90,6561.32,17796912.6,88455730.5,438473364
3853.4,S,45,49765.29,6562.13,17796929.5,88455839.0,438473468
3854.4,S,46,49771.57,6563.06,17796930.0,88456015.7,438473626
3855.4,S,46,49781.03,6564.05,17796930.0,88456015.7,438473626
3856.4,S,46,49790.66,6565.03,17796930.0,88456016.1,438473630
3857.4,S,45,49800.22,6565.98,17796930.0,88456150.2,438473750
3858.4,S,44,49808.67,6566.96,17796930.0,88456266.7,438473858
3859.4,S,42,49814.50,6568.05,17796930.0,88456381.7,438473965
3860.4,S,46,49823.50,6569.04,17796930.0,88456387.4,438473989
3861.4,S,57,49842.92,6569.94,17796930.0,88456483.9,438474077
3862.4,S,57,49861.48,6570.78,17796930.0,88456564.5,438474275
3863.4,S,57,49880.02,6571.80,17796930.0,88456564.7,438474275
3864.4,S,57,49898.75,6572.67,17796930.0,88456612.0,438474320
3865.4,S,57,49916.76,6573.72,17796930.0,88457105.7,438474743
3866.4,S,57,49933.23,6574.86,17796930.0,88457593.1,438475301
3867.4,S,57,49951.80,6575.84,17796930.0,88457654.4,438475361
3868.4,S,57,49970.40,6576.73,17796930.0,88457684.3,438475479
3869.4,S,57,49988.84,6577.69,17796930.0,88457750.9,438475691
3870.4,S,57,50006.39,6578.70,17796930.0,88458161.1,438476120
3871.4,S,57,50022.97,6579.85,17796930.0,88458688.4,438476666
3872.4,S,57,50041.63,6580.81,17796930.0,88458688.8,438476668
3873.4,S,57,50060.08,6581.76,17796930.0,88458748.2,438476768
3874.4,S,57,50078.58,6582.76,17796930.0,88458817.3,438476837
3875.4,S,57,50096.51,6583.68,17796930.0,88459181.5,438477146
3876.4,S,57,50114.68,6584.67,17796930.0,88459643.0,438477590
3877.4,S,57,50133.27,6585.66,17796930.0,88459762.5,438477696
3878.4,S,57,50150.16,6586.43,17796930.0,88459829.1,438477899
3879.4,S,61,50171.32,6587.03,17796930.0,88459907.3,438478108
3880.4,S,57,50188.22,6587.64,17796930.0,88460299.7,438478586
3881.4,S,57,50203.14,6587.96,17796930.0,88460798.6,438479009
3882.4,S,57,50218.82,6588.21,17796930.0,88460902.3,438479107
3883.4,S,57,50234.53,6588.48,17796930.0,88460957.5,438479163
3884.4,S,56,50249.52,6588.71,17796930.0,88461108.2,438479299
3885.4,S,56,50260.18,6588.95,17796930.0,88461534.0,438479899
3886.4,S,56,50270.02,6589.18,17796930.0,88461823.8,438480635
3887.4,S,47,50281.03,6589.40,17796930.0,88462190.7,438481035
3888.4,S,42,50282.81,6589.75,17796930.0,88462309.6,438481305
3889.4,S,44,50289.11,6591.13,17796941.2,88462310.8,438481332
3890.4,S,44,50299.63,6592.79,17796960.8,88462311.5,438481381
3891.4,S,43,50309.71,6594.33,17796972.5,88462342.1,438481473
3892.4,S,43,50319.46,6595.90,17796981.9,88462358.6,438481534
3893.4,S,42,50327.71,6597.25,17796988.4,88462494.3,438481867
3894.4,S,43,50337.38,6598.81,17797011.2,88462494.6,438481896
3895.4,S,46,50346.65,6600.16,17797023.9,88462551.9,438481970
3896.4,S,42,50358.18,6601.65,17797034.7,88462675.2,438482114
3897.4,S,42,50366.89,6602.93,17797045.7,88462675.7,438482121
3898.4,S,45,50377.37,6604.44,17797066.6,88462731.2,438482200
3899.4,S,45,50388.93,6606.17,17797095.0,88462731.4,438482231
3900.4,S,45,50400.43,6607.77,17797124.6,88462731.6,438482252
3901.4,S,44,50411.53,6609.36,17797151.6,88462774.6,438482317
3902.4,S,47,50418.87,6610.50,17797170.1,88462941.8,438482714
3903.4,S,49,50432.47,6612.22,17797190.9,88463047.4,438483025
3904.4,S,45,50443.83,6613.71,17797215.5,88463095.7,438483213
3905.4,S,44,50454.76,6615.23,17797236.6,88463127.4,438483336
3906.4,S,44,50465.49,6616.55,17797255.3,88463127.7,438483395
3907.4,S,44,50473.05,6617.67,17797265.0,88463292.4,438483920
3908.4,S,45,50483.94,6619.34,17797280.8,88463295.3,438483978
3909.4,S,45,50495.60,6620.87,17797300.9,88463296.1,438484029
3910.4,S,49,50509.12,6622.31,17797324.2,88463357.6,438484229
3911.4,S,45,50520.83,6623.91,17797347.8,88463453.6,438484605
3912.4,S,42,50529.76,6625.18,17797365.0,88463676.5,438485167
3913.4,S,45,50540.72,6626.77,17797381.9,88463765.3,438485290
3914.4,S,45,50552.13,6628.39,17797401.8,88463765.5,438485325
3915.4,S,45,50563.51,6629.89,17797424.6,88463766.0,438485344
3916.4,S,45,50575.09,6631.38,17797453.7,88463766.3,438485371
3917.4,S,50,50586.09,6632.83,17797469.0,88464006.7,438485609
3918.4,S,45,50599.58,6634.76,17797481.0,88464111.4,438485809
3919.4,S,45,50611.02,6636.37,17797490.5,88464111.6,438485839
3920.4,S,45,50622.62,6637.86,17797503.6,88464112.1,438485876
3921.4,S,44,50633.80,6639.36,17797522.5,88464172.7,438486053
3922.4,S,46,50642.21,6640.70,17797531.8,88464340.6,438486449
3923.4,S,46,50654.71,6642.30,17797562.0,88464341.0,438486548
3924.4,S,49,50664.61,6643.54,17797580.1,88464465.8,438486969
3925.4,S,49,50678.78,6645.25,17797596.7,88464512.1,438487151
3926.5,S,44,50688.93,6646.76,17797614.3,88464676.4,438487583
3927.5,S,46,50697.48,6648.06,17797620.7,88464790.1,438487970
3928.5,S,46,50709.82,6649.76,17797620.7,88464790.6,438487981
3929.5,S,46,50722.09,6651.46,17797620.7,88464790.7,438487983
3930.5,S,45,50733.92,6652.87,17797620.7,88464825.5,438488299
3931.5,S,45,50744.69,6654.28,17797620.7,88464928.4,438488428
3932.5,S,50,50757.81,6656.02,17797634.2,88465156.3,438488640
3933.5,S,46,50771.51,6657.75,17797645.3,88465252.4,438488735
3934.5,S,45,50783.55,6659.31,17797655.8,88465281.0,438488784
3935.5,S,45,50795.21,6660.80,17797665.4,88465281.1,438488793
3936.5,S,46,50804.62,6662.24,17797669.3,88465509.1,438488994
3937.5,S,46,50817.11,6663.86,17797688.5,88465516.1,438489018
3938.5,S,49,50827.94,6665.18,17797698.6,88465627.4,438489130
3939.5,S,49,50843.51,6666.93,17797709.2,88465651.5,438489160
3940.5,S,45,50854.85,6668.46,17797718.8,88465723.9,438489243
3941.5,S,43,50863.89,6669.82,17797720.6,88465952.3,438489453
3942.5,S,42,50872.77,6671.23,17797720.6,88465960.8,438489477
3943.5,S,42,50881.55,6672.56,17797720.6,88465961.2,438489488
3944.5,S,42,50890.23,6673.93,17797720.6,88465962.0,438489566
3945.5,S,50,50899.14,6675.29,17797724.9,88466121.7,438489727
3946.5,S,49,50914.81,6677.20,17797742.1,88466198.0,438489805
3947.5,S,45,50926.93,6678.71,17797752.7,88466244.5,438489861
3948.5,S,45,50938.62,6680.23,17797763.2,88466244.9,438489871
3949.5,S,44,50950.09,6681.79,17797777.2,88466302.4,438489937
3950.5,S,46,50960.88,6683.29,17797784.8,88466474.7,438490106
3951.5,S,46,50973.24,6684.89,17797799.3,88466475.3,438490125
3952.5,S,49,50985.07,6686.35,17797817.9,88466578.1,438490231
3953.5,S,45,51000.04,6688.14,17797827.3,88466702.1,438490344
3954.5,S,41,51007.35,6689.03,17797834.4,88466931.6,438490868
3955.5,S,40,51016.99,6690.19,17797841.9,88466952.2,438490942
3956.5,D,25,51024.09,6690.62,17797852.2,88466966.5,438491005
