t_s,state,nthreads,utime_s,stime_s,disk_r_mb,disk_w_mb,disk_io_ms
0.0,R,1,0.00,0.00,17798508.8,88582683.8,438677964
1.0,S,47,9.67,4.11,17798508.8,88582685.2,438677978
2.0,S,47,20.51,9.13,17798508.8,88582685.5,438677982
3.0,S,47,31.35,14.18,17798508.8,88582685.6,438677991
4.0,S,47,42.18,19.24,17798508.8,88582685.9,438677994
5.0,S,47,52.88,24.39,17798508.8,88582694.4,438678060
6.0,S,47,62.39,28.32,17798508.8,88583257.3,438678879
7.0,S,47,74.82,33.12,17798508.8,88583351.7,438679046
8.0,S,51,85.55,37.85,17798508.8,88583432.5,438679152
9.0,S,49,99.07,42.90,17798508.8,88583508.0,438679223
10.0,S,52,111.41,47.48,17798508.8,88583614.3,438679331
11.0,S,52,126.51,52.10,17798508.8,88583685.4,438679517
12.0,S,48,139.56,57.01,17798508.8,88583709.0,438679582
13.0,S,48,148.38,59.58,17798508.8,88583717.2,438680028
14.0,S,51,160.80,63.57,17798508.8,88583964.4,438680257
15.0,S,47,174.28,68.36,17798508.8,88584081.4,438680358
16.0,S,47,187.16,73.35,17798508.8,88584082.1,438680368
17.0,S,51,197.19,76.60,17798508.8,88584268.1,438680819
18.0,S,47,211.37,81.30,17798508.8,88584355.3,438681122
19.0,S,51,223.57,85.86,17798508.8,88584455.2,438681216
20.0,S,47,239.25,90.63,17798508.8,88584548.5,438681306
21.0,S,47,253.03,95.77,17798508.8,88584548.7,438681315
22.0,S,51,266.32,100.52,17798508.8,88584770.8,438681521
23.0,S,51,279.73,104.94,17798508.8,88584852.1,438681902
24.0,S,47,292.50,109.93,17798508.8,88584954.6,438682147
25.0,S,51,300.50,112.56,17798508.8,88585060.3,438682624
26.0,S,49,316.47,117.90,17798508.8,88585202.3,438682750
27.0,S,47,329.09,122.91,17798508.8,88585251.7,438682934
28.0,S,51,339.36,126.41,17798508.8,88585352.8,438683217
29.0,S,51,353.66,130.89,17798508.8,88585489.8,438683647
30.0,S,47,365.36,135.47,17798508.8,88585544.3,438683839
31.0,S,51,378.75,139.95,17798508.8,88585647.0,438683934
32.0,S,48,393.97,144.87,17798508.8,88585724.9,438684130
33.0,S,47,406.72,150.07,17798508.8,88585842.3,438684255
34.0,S,51,421.26,154.62,17798508.8,88585946.5,438684350
35.0,S,50,434.31,159.11,17798508.8,88586136.3,438684968
36.0,S,47,446.46,163.64,17798508.8,88586188.2,438685049
37.0,S,51,462.20,168.30,17798508.8,88586239.9,438685124
38.0,S,47,474.53,173.19,17798508.8,88586431.9,438685363
39.0,S,51,486.91,177.76,17798508.8,88586535.0,438685469
40.0,S,51,502.59,182.19,17798508.8,88586606.7,438685698
41.0,S,47,514.82,186.92,17798508.8,88586727.0,438685981
42.0,S,51,522.75,189.48,17798508.8,88586829.6,438686469
43.0,S,49,538.92,194.26,17798508.8,88586997.8,438686642
44.0,S,47,551.81,199.18,17798508.8,88587022.4,438686665
45.0,S,51,565.71,203.77,17798508.8,88587125.7,438686763
46.0,S,47,577.70,207.84,17798508.8,88587317.0,438687312
47.0,S,47,590.46,212.98,17798508.8,88587317.5,438687322
48.0,S,51,598.41,215.48,17798508.8,88587420.2,438687825
49.0,S,49,613.31,220.04,17798508.8,88587587.9,438687989
50.0,S,47,626.08,225.12,17798508.8,88587613.1,438688063
51.0,S,51,639.59,229.67,17798508.8,88587716.1,438688161
52.0,S,47,653.81,234.61,17798508.8,88587908.0,438688327
53.0,S,47,666.50,239.79,17798508.8,88587908.5,438688347
54.0,S,51,681.04,244.42,17798508.8,88588011.2,438688436
55.0,S,47,692.32,248.91,17798508.8,88588203.2,438688872
56.0,S,47,705.25,253.88,17798508.8,88588203.7,438688872
57.0,S,51,719.50,258.23,17798508.8,88588306.9,438689028
58.0,S,47,732.96,263.40,17798508.8,88588498.4,438689191
59.0,S,47,744.40,267.88,17798508.8,88588503.6,438689346
60.0,S,51,757.27,271.82,17798508.8,88588629.8,438689653
61.0,S,47,769.03,276.23,17798508.8,88588821.8,438689942
62.0,S,47,781.35,281.14,17798508.8,88588870.7,438689993
63.0,S,51,797.51,285.83,17798508.8,88588925.1,438690057
64.0,S,47,810.26,290.84,17798508.8,88589116.8,438690223
65.0,S,51,820.80,294.69,17798508.8,88589219.8,438690468
66.0,S,51,837.50,299.52,17798508.8,88589269.3,438690601
67.0,S,47,847.44,303.47,17798508.8,88589412.6,438690909
68.0,S,51,859.88,307.93,17798508.8,88589515.4,438691029
69.0,S,49,876.02,313.19,17798508.8,88589659.9,438691216
70.0,S,47,888.76,318.32,17798508.8,88589708.0,438691259
71.0,S,51,898.43,321.52,17798508.8,88589811.4,438691660
72.0,S,48,913.97,326.25,17798508.8,88589979.4,438691980
73.0,S,47,926.69,331.38,17798508.8,88590004.0,438692014
74.0,S,51,940.86,335.89,17798508.8,88590106.7,438692106
75.1,S,47,953.40,340.38,17798508.8,88590298.4,438692639
76.1,S,47,966.27,345.36,17798508.8,88590298.6,438692642
77.1,S,51,975.53,348.05,17798508.8,88590401.6,438693122
78.1,S,47,989.84,353.08,17798508.8,88590593.9,438693307
79.1,S,47,1002.71,358.09,17798508.8,88590594.6,438693318
80.1,S,51,1017.05,362.85,17798508.8,88590697.6,438693424
81.1,S,47,1027.25,366.53,17798508.8,88590889.5,438693950
82.1,S,47,1040.02,371.65,17798508.8,88590889.7,438693955
83.1,S,51,1052.50,375.47,17798508.8,88590993.2,438694197
84.1,S,47,1066.77,380.58,17798508.8,88591185.2,438694369
85.1,S,47,1078.95,385.43,17798508.8,88591240.1,438694436
86.1,S,51,1095.17,390.14,17798508.8,88591290.2,438694496
87.1,S,47,1106.82,394.75,17798508.8,88591480.2,438694683
88.1,S,51,1116.90,398.43,17798508.8,88591582.9,438694945
89.1,S,51,1132.78,403.26,17798508.8,88591625.9,438695061
90.1,S,47,1145.45,408.37,17798508.8,88591775.4,438695189
91.1,S,51,1158.65,412.72,17798508.8,88591878.7,438695291
92.1,S,47,1173.59,417.36,17798508.8,88591974.6,438695492
93.1,S,47,1186.08,422.05,17798508.8,88592070.6,438695889
94.1,S,51,1197.87,425.64,17798508.8,88592174.0,438696156
95.1,S,47,1212.39,430.52,17798508.8,88592366.1,438696323
96.1,S,47,1225.10,435.70,17798508.8,88592366.6,438696339
97.1,S,51,1239.78,440.51,17798508.8,88592469.4,438696426
98.1,S,47,1252.40,445.43,17798508.8,88592661.3,438696597
99.1,S,47,1264.38,450.06,17798508.8,88592681.9,438696678
100.1,S,51,1277.68,453.93,17798508.8,88592765.2,438696911
101.1,S,47,1290.77,458.70,17798508.8,88592956.9,438697375
102.1,S,51,1302.75,463.17,17798508.8,88593059.9,438697476
103.1,S,51,1319.04,467.83,17798508.8,88593103.9,438697611
104.1,S,47,1330.24,472.31,17798508.8,88593252.0,438698132
105.1,S,47,1339.39,475.68,17798508.8,88593309.9,438698481
106.1,S,51,1355.47,480.50,17798508.8,88593361.0,438698531
107.1,S,47,1368.47,485.51,17798508.8,88593547.7,438698698
108.1,S,51,1381.36,490.13,17798508.8,88593650.5,438698794
109.1,S,48,1395.86,494.64,17798508.8,88593731.4,438699041
110.1,S,47,1408.18,499.68,17798508.8,88593842.9,438699319
111.1,S,51,1417.21,502.63,17798508.8,88593945.9,438699736
112.1,S,47,1433.04,507.55,17798508.8,88594042.7,438699834
113.1,S,47,1445.81,512.80,17798508.8,88594138.5,438699918
114.1,S,51,1456.54,516.28,17798508.8,88594241.4,438700213
115.1,S,48,1470.98,521.09,17798508.8,88594409.2,438700636
116.1,S,47,1483.70,526.09,17798508.8,88594433.4,438700708
117.1,S,51,1497.64,530.51,17798508.8,88594536.9,438700813
118.1,S,47,1511.70,535.55,17798508.8,88594728.6,438700979
119.1,S,47,1524.34,540.82,17798508.8,88594728.9,438700989
120.1,S,51,1538.88,545.77,17798508.8,88594831.7,438701089
121.1,S,47,1553.07,550.76,17798508.8,88594927.7,438701177
122.1,S,47,1564.93,555.43,17798508.8,88595038.3,438701514
123.1,S,51,1578.77,559.48,17798508.8,88595127.4,438701713
124.1,S,47,1591.29,564.12,17798508.8,88595318.8,438702317
125.1,S,51,1603.35,568.66,17798508.8,88595421.9,438702414
126.1,S,49,1619.40,573.74,17798508.8,88595590.0,438702582
127.1,S,47,1632.03,578.93,17798508.8,88595614.0,438702609
128.1,S,51,1645.31,583.41,17798508.8,88595717.2,438702707
129.1,S,47,1661.01,588.26,17798508.8,88595813.7,438702840
130.1,S,47,1674.13,593.57,17798508.8,88595909.3,438702924
131.1,S,51,1688.34,598.12,17798508.8,88596012.4,438703026
132.1,S,47,1702.39,603.14,17798508.8,88596204.3,438703202
133.1,S,47,1714.64,608.03,17798508.8,88596230.9,438703305
134.1,S,51,1728.21,612.25,17798508.8,88596308.0,438703508
135.1,S,47,1741.52,617.12,17798508.8,88596500.2,438703847
136.1,S,47,1753.19,621.55,17798508.8,88596553.0,438703993
137.1,S,51,1769.14,626.54,17798508.8,88596603.7,438704098
138.1,S,47,1782.51,631.65,17798508.8,88596795.4,438704340
139.1,S,51,1795.41,636.19,17798508.8,88596898.7,438704489
140.1,S,48,1810.95,641.56,17798508.8,88597066.9,438704717
141.1,S,47,1823.66,646.67,17798508.8,88597091.2,438704749
142.1,S,51,1832.78,649.52,17798508.8,88597193.9,438705171
143.1,S,49,1848.46,654.46,17798508.8,88597242.1,438705279
144.1,S,47,1861.63,659.50,17798508.8,88597385.8,438705649
145.1,S,51,1872.41,663.38,17798508.8,88597489.2,438705916
146.1,S,47,1886.56,668.19,17798508.8,88597681.3,438706190
147.1,S,47,1899.15,673.45,17798508.8,88597681.7,438706222
148.1,S,51,1913.37,678.08,17798508.8,88597784.5,438706319
149.1,S,47,1927.18,682.83,17798508.8,88597976.2,438706495
150.1,S,47,1939.98,687.90,17798508.8,88597976.7,438706505
151.1,S,51,1955.09,692.63,17798508.8,88598079.7,438706600
152.1,S,47,1967.11,697.32,17798508.8,88598271.0,438707094
153.1,S,47,1978.16,701.67,17798508.8,88598347.2,438707286
154.1,S,51,1994.25,706.08,17798508.8,88598374.9,438707356
155.1,S,47,2005.83,710.61,17798508.8,88598567.3,438707807
156.1,S,47,2016.22,714.66,17798508.8,88598573.6,438708115
157.1,S,51,2028.99,718.31,17798508.8,88598671.3,438708385
158.1,S,47,2042.98,723.17,17798508.8,88598863.0,438708557
159.1,S,51,2055.02,727.87,17798508.8,88598965.9,438708656
160.1,S,48,2070.75,732.67,17798508.8,88599133.9,438708839
161.1,S,47,2083.67,737.61,17798508.8,88599158.2,438708866
162.1,S,51,2096.87,742.19,17798508.8,88599261.2,438708962
163.1,S,47,2112.08,747.15,17798508.8,88599357.3,438709164
164.1,S,47,2124.94,752.34,17798508.8,88599453.4,438709357
165.1,S,51,2136.73,755.89,17798508.8,88599556.2,438709632
166.1,S,47,2149.74,759.68,17798508.8,88599747.8,438709808
167.1,S,47,2162.58,764.66,17798508.8,88599748.2,438709816
168.1,S,51,2175.89,769.11,17798508.8,88599851.2,438709946
169.1,S,47,2189.82,773.99,17798508.8,88600042.7,438710480
170.1,S,47,2202.53,779.22,17798508.8,88600043.3,438710482
171.1,S,51,2213.30,782.57,17798508.8,88600242.5,438710910
172.1,S,47,2225.42,786.83,17798508.8,88600339.0,438711197
173.1,S,47,2238.25,791.86,17798508.8,88600339.1,438711204
174.1,S,51,2243.79,793.41,17798508.8,88600441.8,438711905
175.1,S,47,2258.68,798.27,17798508.8,88600633.6,438712474
176.1,S,47,2267.00,800.69,17798508.8,88600634.0,438712483
177.1,S,47,2275.14,803.21,17798508.8,88600634.3,438712490
178.1,S,47,2284.40,806.61,17798508.8,88600730.6,438712889
179.1,S,51,2293.03,809.99,17798508.8,88600833.2,438713203
180.1,S,51,2308.58,814.97,17798508.8,88600840.7,438713333
181.1,S,47,2319.58,819.73,17798508.8,88601025.3,438713760
182.1,S,66,2332.11,823.33,17798508.8,88601128.2,438714032
183.1,S,66,2362.62,827.70,17798508.8,88601128.9,438714038
184.1,S,62,2387.08,830.86,17798508.8,88601252.9,438714313
185.1,S,62,2409.35,833.06,17798508.8,88601253.3,438714331
186.1,S,62,2431.68,835.13,17798508.8,88601254.1,438714336
187.1,S,62,2452.59,836.09,17798508.9,88601337.3,438714550
188.1,S,62,2464.28,837.60,17798508.9,88602203.2,438715520
189.1,S,62,2486.07,838.98,17798508.9,88602381.0,438715742
190.1,S,66,2510.47,840.46,17798508.9,88602570.9,438715926
191.1,S,65,2537.18,842.07,17798508.9,88602604.2,438715957
192.1,S,62,2559.26,843.40,17798509.0,88602676.5,438716097
193.1,S,62,2579.76,844.38,17798509.0,88602741.0,438716157
194.1,S,62,2593.06,845.50,17798509.0,88603629.4,438716911
195.1,S,62,2613.93,846.66,17798509.0,88603707.8,438716988
196.1,S,62,2634.19,847.57,17798509.1,88603708.5,438717000
197.1,S,62,2654.89,848.71,17798509.1,88603708.7,438717008
198.1,S,62,2676.26,849.97,17798509.1,88603869.1,438717154
199.2,S,62,2695.53,851.01,17798509.1,88604150.8,438717641
200.2,S,66,2708.37,851.94,17798509.1,88604938.2,438718308
201.2,S,63,2734.87,853.42,17798509.2,88605010.6,438718486
202.2,S,62,2756.56,854.61,17798509.2,88605035.6,438718519
203.2,S,62,2777.08,855.48,17798509.2,88605100.3,438718585
204.2,S,62,2797.57,856.69,17798509.2,88605165.2,438718688
205.2,S,62,2816.02,857.86,17798509.3,88605837.5,438719254
206.2,S,61,2834.92,859.02,17798509.3,88606100.5,438719486
207.2,S,61,2854.73,860.07,17798509.3,88606100.6,438719488
208.2,S,61,2876.08,861.55,17798509.3,88606196.8,438719582
209.2,S,65,2898.94,862.93,17798509.3,88606364.2,438719806
210.2,S,65,2924.91,864.42,17798509.4,88606622.2,438720030
211.2,S,59,2941.09,865.64,17798509.4,88607392.3,438720705
212.2,S,56,2957.36,866.93,17798509.4,88607526.6,438721149
213.2,S,47,2966.30,868.08,17798509.4,88607584.3,438721206
214.2,S,47,2974.64,869.28,17798509.5,88607585.1,438721210
215.2,S,47,2982.99,870.26,17798509.5,88607616.4,438721350
216.2,S,47,2992.23,871.98,17798509.5,88607649.8,438721429
217.2,S,47,3000.88,873.42,17798509.5,88607836.6,438721778
218.2,S,51,3011.10,875.04,17798509.5,88607840.0,438721797
219.2,S,51,3021.57,876.69,17798509.6,88607936.2,438722232
220.2,S,47,3031.09,878.31,17798509.6,88607936.9,438722371
221.2,S,47,3040.61,879.74,17798509.6,88607937.6,438722488
222.2,S,47,3050.25,881.16,17798509.6,88608008.4,438722625
223.2,S,47,3059.75,882.69,17798509.7,88608030.1,438722700
224.2,S,47,3069.55,884.04,17798509.7,88608030.4,438722721
225.2,S,51,3079.86,885.52,17798509.7,88608136.8,438722866
226.2,S,47,3090.72,887.02,17798509.7,88608232.8,438723008
227.2,S,47,3100.41,888.62,17798509.8,88608233.0,438723039
228.2,S,47,3109.94,890.09,17798509.8,88608233.4,438723093
229.2,S,47,3119.43,891.66,17798509.8,88608233.6,438723104
230.2,S,47,3128.86,893.22,17798509.8,88608517.0,438723350
231.2,S,47,3137.27,895.62,17798509.8,88608634.0,438723600
232.2,S,63,3150.52,897.05,17798509.9,88608816.2,438724016
233.2,S,59,3172.57,898.54,17798509.9,88608912.6,438724379
234.2,S,59,3193.86,900.08,17798509.9,88608913.1,438724430
235.2,S,59,3215.14,901.79,17798509.9,88608913.7,438724524
236.2,S,58,3235.58,903.50,17798510.0,88608966.8,438724598
237.2,S,50,3249.11,905.01,17798510.0,88609613.7,438725168
238.2,S,68,3272.05,906.55,17798510.0,88609845.3,438725391
239.2,S,65,3301.31,908.08,17798510.0,88609920.3,438725517
240.2,S,62,3328.12,909.44,17798510.1,88609972.2,438725827
241.2,S,62,3354.19,910.95,17798510.1,88610065.7,438726054
242.2,S,62,3380.27,912.25,17798510.1,88610066.0,438726057
243.2,S,60,3400.18,913.72,17798510.1,88610685.0,438726587
244.2,S,47,3407.43,914.93,17798510.2,88611321.9,438727134
245.2,S,51,3419.84,916.70,17798510.2,88611346.4,438727235
246.2,S,47,3429.05,918.40,17798510.2,88611514.0,438727380
247.2,S,47,3437.82,919.88,17798510.2,88611515.4,438727387
248.2,S,47,3446.61,921.24,17798510.3,88611515.4,438727392
249.2,S,47,3455.23,922.64,17798510.3,88611515.9,438727423
250.2,S,47,3463.99,924.05,17798510.3,88611516.2,438727445
251.2,S,58,3475.38,925.56,17798510.3,88611714.9,438727663
252.2,S,54,3493.42,927.32,17798510.3,88611811.1,438727767
253.2,S,53,3509.51,929.10,17798510.4,88611839.0,438727903
254.2,S,53,3524.80,930.91,17798510.4,88611839.8,438727959
255.2,S,52,3539.68,932.67,17798510.4,88612069.9,438728212
256.2,S,60,3557.42,934.18,17798510.4,88612293.7,438728428
257.2,S,63,3581.82,935.63,17798510.5,88612402.0,438728653
258.2,S,62,3608.88,937.15,17798510.5,88612521.7,438728805
259.2,S,58,3631.48,938.78,17798510.5,88612627.5,438728896
260.2,S,57,3653.93,940.45,17798510.5,88612694.3,438728963
261.2,S,52,3670.03,942.00,17798510.6,88613394.4,438729557
262.2,S,53,3681.76,943.89,17798510.6,88613575.3,438729721
263.2,S,53,3693.84,945.19,17798510.6,88613677.4,438730007
264.2,S,56,3711.24,947.18,17798510.7,88613715.0,438730118
265.2,S,52,3725.01,948.89,17798510.7,88613810.9,438730322
266.2,S,51,3736.61,950.42,17798510.7,88614061.4,438730989
267.2,S,61,3755.69,951.88,17798510.7,88614201.4,438731246
268.2,S,61,3780.90,953.20,17798510.8,88614201.5,438731253
269.2,S,60,3805.90,954.44,17798510.8,88614229.1,438731289
270.2,S,64,3831.32,955.79,17798510.8,88614333.2,438731479
271.2,S,59,3856.27,957.40,17798510.8,88614578.9,438731746
272.2,S,53,3870.85,958.93,17798510.8,88615416.3,438732449
273.2,S,53,3883.13,960.69,17798510.9,88615538.7,438732626
274.2,S,53,3897.48,962.45,17798510.9,88615539.0,438732648
275.2,S,52,3911.05,964.14,17798510.9,88615570.8,438732714
276.2,S,52,3923.36,965.68,17798510.9,88615622.8,438732847
277.2,S,53,3934.73,967.01,17798511.0,88615995.4,438733315
278.2,S,63,3950.60,968.52,17798511.0,88616159.7,438733746
279.2,S,63,3976.72,969.82,17798511.0,88616160.3,438733842
280.2,S,62,4001.97,971.20,17798511.0,88616175.3,438733867
281.2,S,61,4027.05,972.55,17798511.1,88616217.2,438733977
282.2,S,61,4051.24,973.86,17798511.1,88616223.0,438734074
283.2,S,64,4074.80,975.11,17798511.1,88616581.4,438734389
284.2,S,51,4083.05,976.70,17798511.1,88617495.0,438735168
285.2,S,51,4096.49,978.59,17798511.1,88617495.6,438735179
286.2,S,51,4109.78,980.40,17798511.2,88617496.9,438735206
287.2,S,51,4123.06,982.23,17798511.2,88617497.2,438735217
288.2,S,51,4136.20,983.90,17798511.2,88617503.5,438735398
289.2,S,52,4145.54,985.25,17798511.2,88617821.9,438735919
290.2,S,62,4167.82,986.94,17798511.3,88618021.5,438736165
291.2,S,58,4190.54,988.50,17798511.3,88618118.6,438736258
292.2,S,57,4210.08,990.19,17798511.3,88618144.1,438736324
293.2,S,57,4229.25,991.95,17798511.3,88618144.5,438736381
294.2,S,55,4246.41,993.54,17798511.3,88618522.2,438736704
295.2,S,52,4256.66,995.24,17798511.4,88618962.3,438737085
296.2,S,56,4272.96,997.04,17798511.4,88619020.2,438737230
297.2,S,52,4287.58,998.89,17798511.4,88619117.3,438737349
298.2,S,52,4301.88,1000.76,17798511.4,88619117.7,438737354
299.2,S,51,4315.26,1002.50,17798511.5,88619305.9,438737524
300.2,S,57,4333.42,1004.23,17798511.5,88619506.9,438737721
301.2,S,57,4354.74,1005.81,17798511.5,88619534.5,438737779
302.3,S,60,4375.55,1006.94,17798511.5,88619630.9,438738198
303.3,S,56,4396.35,1008.52,17798511.5,88619823.2,438738784
304.3,S,53,4413.76,1010.31,17798511.6,88620058.7,438739055
305.3,S,53,4424.77,1012.00,17798511.6,88620581.4,438739498
306.3,S,53,4439.07,1013.81,17798511.6,88620582.0,438739921
307.3,S,53,4453.50,1015.53,17798511.6,88620582.3,438739988
308.3,S,57,4468.50,1017.12,17798511.6,88620686.1,438740084
309.3,S,52,4485.15,1019.04,17798511.6,88620944.9,438740329
310.3,S,63,4502.27,1020.77,17798511.7,88621227.5,438740574
311.3,S,62,4529.36,1022.17,17798511.7,88621235.9,438740591
312.3,S,61,4555.71,1023.43,17798511.7,88621255.8,438740928
313.3,S,60,4581.46,1024.88,17798511.7,88621291.6,438741004
314.3,S,64,4605.59,1026.12,17798511.7,88621395.9,438741248
315.3,S,64,4629.74,1027.49,17798511.8,88621534.7,438741535
316.3,S,48,4639.21,1028.85,17798511.8,88622657.9,438742535
317.3,S,47,4648.04,1030.48,17798511.8,88622676.5,438742568
318.3,S,47,4656.65,1031.95,17798511.8,88622676.7,438742586
319.3,S,47,4665.62,1033.35,17798511.9,88622677.9,438742609
320.3,S,47,4674.18,1034.91,17798512.1,88622678.8,438742619
321.3,S,47,4681.87,1036.13,17798512.1,88622701.1,438742807
322.3,S,51,4692.70,1037.87,17798512.1,88622878.7,438742983
323.3,S,55,4706.53,1039.70,17798512.1,88622975.2,438743091
324.3,S,55,4722.61,1041.63,17798512.2,88622975.7,438743125
325.3,S,54,4737.88,1043.44,17798512.2,88623039.6,438743532
326.3,S,54,4753.22,1045.13,17798512.3,88623043.1,438743586
327.3,S,50,4766.22,1046.89,17798512.3,88623423.5,438743952
328.3,S,67,4787.17,1048.45,17798512.3,88623624.3,438744133
329.3,S,67,4816.12,1050.01,17798512.3,88623624.5,438744181
330.3,S,63,4842.60,1051.49,17798512.3,88623722.1,438744464
331.3,S,63,4869.33,1052.79,17798512.7,88623722.3,438744482
332.3,S,63,4896.25,1054.10,17798512.7,88623865.1,438744614
333.3,S,61,4919.22,1055.67,17798512.7,88624154.2,438745162
334.4,S,52,4925.45,1057.00,17798512.9,88624982.3,438745949
335.4,S,56,4940.55,1058.77,17798513.2,88625087.9,438746073
336.4,S,51,4955.04,1060.49,17798513.2,88625219.6,438746282
337.4,S,51,4968.28,1062.24,17798513.2,88625219.8,438746301
338.4,S,51,4981.54,1064.00,17798513.2,88625222.3,438746335
339.4,S,56,4993.70,1065.64,17798513.2,88625529.1,438746652
340.4,S,56,5012.90,1067.39,17798513.2,88625530.0,438746663
341.4,S,60,5032.64,1068.97,17798513.2,88625634.3,438746758
342.4,S,59,5053.21,1070.78,17798513.2,88625810.7,438747084
343.4,S,55,5070.26,1072.51,17798513.2,88626015.2,438747262
344.4,S,49,5083.54,1074.29,17798513.3,88626499.5,438747691
345.4,S,53,5096.12,1076.11,17798513.3,88626504.8,438747706
346.4,S,52,5109.71,1077.99,17798513.3,88626520.8,438747736
347.4,S,52,5122.41,1079.74,17798513.3,88626526.5,438747804
348.4,S,56,5134.89,1080.83,17798513.3,88626625.1,438748216
349.4,S,50,5147.85,1082.62,17798513.3,88627083.9,438748634
350.4,S,56,5165.10,1084.22,17798513.3,88627114.7,438748871
351.4,S,56,5185.14,1085.89,17798513.3,88627117.1,438749105
352.4,S,54,5204.76,1087.65,17798513.3,88627163.6,438749233
353.4,S,54,5222.57,1089.55,17798513.3,88627210.4,438749724
354.4,S,56,5241.94,1091.18,17798513.3,88627534.4,438750003
355.4,S,47,5252.64,1092.89,17798513.3,88628089.1,438750489
356.4,S,53,5266.83,1094.57,17798513.3,88628090.3,438750492
357.4,S,53,5280.96,1096.33,17798513.3,88628090.6,438750504
358.4,S,53,5295.35,1098.17,17798513.3,88628091.9,438750522
359.4,S,52,5309.35,1099.80,17798513.3,88628148.6,438750590
360.4,S,51,5319.07,1101.30,17798513.3,88628641.1,438751029
361.4,S,69,5347.67,1102.40,17798513.4,88628643.9,438751048
362.4,S,65,5375.46,1103.94,17798513.4,88628740.0,438751136
363.4,S,65,5403.23,1105.54,17798513.4,88628742.7,438751175
364.4,S,65,5430.78,1107.23,17798513.4,88628783.4,438751247
365.4,S,62,5457.80,1108.54,17798513.4,88628994.3,438751440
366.4,S,58,5478.54,1110.02,17798513.4,88629715.7,438752047
367.4,S,51,5487.50,1111.67,17798513.4,88630127.1,438752411
368.4,S,55,5501.98,1113.48,17798513.4,88630230.6,438752516
369.4,S,50,5515.48,1115.27,17798513.8,88630357.5,438752658
370.4,S,50,5528.00,1116.83,17798513.8,88630359.3,438752662
371.4,S,50,5540.47,1118.39,17798513.8,88630478.5,438752777
372.4,S,52,5552.64,1120.08,17798513.8,88630619.3,438752898
373.4,S,52,5566.99,1121.84,17798513.8,88630620.2,438752958
374.4,S,56,5580.12,1123.49,17798525.5,88630819.8,438753179
375.4,S,53,5595.90,1125.46,17798525.5,88631088.1,438753423
376.4,S,48,5608.03,1127.08,17798525.5,88631278.0,438753597
377.4,S,53,5621.53,1128.91,17798525.5,88631287.7,438753622
378.4,S,53,5635.91,1130.64,17798525.5,88631287.9,438753631
379.4,S,52,5649.57,1132.35,17798525.5,88631320.8,438753699
380.4,S,52,5663.02,1134.02,17798525.6,88631344.1,438753780
381.4,S,51,5672.72,1135.49,17798525.6,88631815.9,438754304
382.4,S,66,5699.19,1137.14,17798525.6,88631913.0,438754421
383.4,S,61,5724.28,1138.65,17798525.6,88631936.7,438754466
384.4,S,61,5748.56,1139.96,17798525.6,88631966.4,438754504
385.4,S,60,5773.09,1141.34,17798525.6,88632016.4,438754556
386.4,S,60,5796.41,1142.74,17798525.6,88632245.0,438754760
387.4,S,52,5808.75,1143.87,17798525.6,88633140.3,438755531
388.4,S,51,5823.35,1145.75,17798525.6,88633246.0,438755637
389.4,S,51,5836.87,1147.35,17798525.6,88633248.5,438755700
390.4,S,51,5850.02,1149.18,17798525.6,88633248.8,438755701
391.4,S,51,5863.36,1150.87,17798525.6,88633252.7,438755753
392.4,S,57,5875.02,1152.51,17798525.6,88633577.3,438756215
393.4,S,57,5895.13,1154.26,17798525.6,88633580.2,438756243
394.4,S,61,5917.18,1155.93,17798525.6,88633778.8,438756418
395.4,S,57,5938.14,1157.55,17798525.6,88633875.3,438756504
396.4,S,56,5956.44,1159.20,17798525.6,88633968.8,438756858
397.4,S,54,5971.22,1160.88,17798525.6,88634308.4,438757529
398.4,S,52,5981.55,1162.66,17798525.6,88634626.5,438757865
399.4,S,52,5994.86,1164.31,17798525.6,88634626.8,438757875
400.4,S,56,6008.04,1165.70,17798525.6,88634729.8,438758133
401.4,S,52,6023.22,1167.35,17798525.6,88634874.9,438758403
402.4,S,50,6033.98,1168.96,17798525.6,88635191.9,438759125
403.4,S,56,6049.99,1170.64,17798525.6,88635216.3,438759164
404.4,S,56,6070.39,1172.40,17798525.6,88635216.7,438759189
405.4,S,56,6090.85,1174.01,17798525.6,88635217.0,438759211
406.4,S,59,6111.21,1175.51,17798525.6,88635394.7,438759377
407.4,S,54,6132.23,1177.11,17798525.6,88635673.2,438759614
408.4,S,47,6143.78,1178.72,17798525.6,88636243.2,438760104
409.4,S,47,6152.38,1180.15,17798525.6,88636243.5,438760105
410.4,S,47,6161.06,1181.71,17798525.6,88636245.2,438760136
411.4,S,47,6169.66,1183.01,17798525.6,88636245.6,438760179
412.4,S,47,6178.49,1184.39,17798525.6,88636247.1,438760203
413.4,S,51,6184.67,1185.52,17798525.6,88636474.2,438760647
414.4,S,47,6194.33,1186.97,17798525.6,88636571.3,438761003
415.4,S,54,6209.45,1188.86,17798525.6,88636573.5,438761019
416.4,S,54,6224.80,1190.62,17798525.6,88636573.7,438761027
417.4,S,54,6240.20,1192.39,17798525.6,88636574.1,438761029
418.4,S,53,6254.83,1194.10,17798525.6,88636626.8,438761140
419.4,S,48,6261.80,1195.20,17798525.6,88637074.4,438761914
420.4,S,71,6288.57,1196.55,17798525.6,88637191.2,438762097
421.4,S,71,6319.84,1197.39,17798525.6,88637192.7,438762123
422.4,S,66,6349.18,1198.49,17798525.6,88637310.5,438762298
423.4,S,66,6378.22,1200.01,17798525.6,88637312.1,438762319
424.4,S,65,6406.75,1201.63,17798525.6,88637612.7,438762582
425.4,S,58,6430.62,1203.10,17798525.6,88638310.4,438763183
426.4,S,54,6444.17,1205.04,17798525.6,88638823.0,438763625
427.4,S,54,6461.36,1206.92,17798525.6,88638824.9,438763651
428.4,S,57,6479.23,1208.66,17798525.6,88638961.1,438763776
429.4,S,53,6498.37,1210.42,17798525.6,88639057.3,438763902
430.4,S,53,6515.64,1212.22,17798525.6,88639123.4,438763984
431.4,S,52,6526.90,1213.90,17798525.6,88639628.6,438764418
432.4,S,52,6542.20,1215.79,17798525.7,88639631.2,438764457
433.4,S,52,6556.75,1217.71,17798525.7,88639659.3,438764496
434.4,S,55,6570.92,1219.36,17798525.7,88639804.6,438764696
435.4,S,51,6586.84,1221.25,17798525.7,88640103.3,438764956
436.4,S,55,6600.41,1223.02,17798525.7,88640322.2,438765198
437.4,S,55,6617.59,1224.89,17798525.7,88640324.0,438765218
438.4,S,54,6634.42,1226.75,17798525.7,88640350.9,438765242
439.4,S,54,6650.59,1228.66,17798525.7,88640352.3,438765256
440.4,S,54,6662.98,1229.95,17798525.7,88640536.6,438765632
441.5,S,70,6675.91,1231.14,17798525.7,88641031.1,438766182
442.5,S,66,6706.30,1232.26,17798525.7,88641141.4,438766282
443.5,S,65,6734.64,1233.98,17798525.7,88641166.8,438766316
444.5,S,64,6761.87,1235.35,17798525.7,88641191.7,438766346
445.5,S,64,6789.10,1236.86,17798525.7,88641239.7,438766504
446.5,S,63,6815.34,1238.16,17798525.7,88641608.1,438766829
447.5,S,50,6831.73,1239.79,17798525.7,88642426.5,438767533
448.5,S,61,6846.32,1241.36,17798525.7,88642623.1,438767816
449.5,S,57,6868.90,1242.92,17798525.7,88642704.8,438767892
450.5,S,55,6888.21,1244.71,17798525.8,88642747.9,438767995
451.5,S,54,6906.67,1246.48,17798525.8,88642782.8,438768095
452.5,S,54,6924.84,1248.25,17798525.8,88642783.2,438768101
453.5,S,47,6935.89,1249.86,17798525.8,88643415.5,438768742
454.5,S,55,6949.67,1251.31,17798525.8,88643519.1,438768967
455.5,S,51,6964.10,1253.07,17798525.8,88643667.5,438769418
456.5,S,51,6977.59,1254.91,17798525.8,88643712.1,438769525
457.5,S,50,6990.43,1256.60,17798525.8,88643929.9,438769717
458.5,S,48,7002.10,1258.21,17798525.8,88644025.2,438769806
459.5,S,48,7013.52,1259.80,17798525.8,88644028.8,438769818
460.5,S,48,7023.80,1261.18,17798525.8,88644100.7,438769893
461.5,S,52,7036.54,1262.96,17798525.8,88644270.1,438770047
462.5,S,54,7051.60,1264.66,17798525.8,88644472.4,438770261
463.5,S,54,7066.73,1266.43,17798525.8,88644473.9,438770274
464.6,S,54,7081.88,1268.19,17798525.8,88644474.6,438770286
465.6,S,54,7097.12,1269.92,17798525.8,88644525.6,438770398
466.6,S,48,7109.52,1271.53,17798525.8,88644955.1,438770765
467.6,S,72,7139.33,1272.67,17798525.8,88644994.5,438770818
468.6,S,75,7173.46,1273.33,17798525.8,88645111.3,438770984
469.6,S,69,7206.43,1273.98,17798525.8,88645294.7,438771195
470.6,S,68,7237.07,1275.11,17798525.8,88645331.3,438771349
471.6,S,67,7266.29,1276.31,17798525.8,88645675.1,438771682
472.6,S,67,7295.06,1277.68,17798525.8,88646082.1,438772032
473.6,S,55,7313.21,1279.11,17798525.8,88646926.4,438772743
474.6,S,57,7336.02,1280.72,17798525.8,88646991.9,438772830
475.6,S,57,7360.43,1282.09,17798525.8,88646992.3,438772834
476.6,S,61,7383.60,1283.18,17798525.8,88647100.6,438773120
477.6,S,57,7409.23,1284.72,17798541.4,88647350.6,438773663
478.6,S,51,7428.07,1286.36,17798548.3,88647494.3,438773845
479.6,S,51,7437.21,1287.64,17798552.5,88647840.2,438774793
480.6,S,54,7446.78,1288.91,17798552.5,88648189.8,438775191
481.6,S,54,7463.25,1290.68,17798552.5,88648193.0,438775213
482.6,S,54,7479.35,1292.46,17798552.5,88648195.0,438775224
483.6,S,58,7496.68,1294.02,17798552.5,88648298.0,438775393
484.6,S,53,7513.01,1295.94,17798552.5,88648702.7,438775746
485.6,S,57,7526.78,1297.58,17798552.5,88648989.8,438776029
486.6,S,56,7546.27,1299.31,17798552.5,88648998.9,438776077
487.6,S,56,7565.54,1301.13,17798552.5,88649000.3,438776124
488.6,S,55,7584.19,1302.80,17798552.5,88649069.5,438776264
489.6,S,58,7602.80,1304.23,17798552.5,88649303.1,438776587
490.6,S,56,7610.94,1305.24,17798552.5,88649820.4,438777487
491.6,S,62,7627.70,1306.62,17798552.5,88649929.3,438777752
492.6,S,61,7654.55,1307.96,17798552.5,88649939.7,438777787
493.6,S,61,7680.54,1309.49,17798552.5,88649977.6,438777998
494.6,S,60,7705.83,1310.83,17798552.5,88649991.0,438778046
495.6,S,63,7730.72,1312.13,17798552.5,88650287.8,438778321
496.6,S,62,7756.53,1313.67,17798552.5,88650554.6,438778705
497.6,S,47,7765.31,1314.79,17798552.5,88651260.4,438779603
498.6,S,50,7779.44,1316.55,17798552.5,88651359.4,438779854
499.6,S,50,7789.16,1317.78,17798552.5,88651363.1,438780179
500.6,S,49,7801.08,1319.37,17798552.5,88651385.6,438780314
501.6,S,47,7813.12,1320.97,17798552.5,88651481.1,438780574
502.6,S,47,7823.81,1322.53,17798552.5,88651606.2,438780824
503.6,S,51,7830.11,1323.57,17798552.5,88651868.2,438781405
504.6,S,54,7841.59,1325.30,17798552.5,88651965.8,438781499
505.6,S,54,7856.69,1327.10,17798552.5,88651966.8,438781518
506.6,S,54,7871.74,1329.08,17798552.5,88651967.1,438781527
507.6,S,53,7886.50,1330.81,17798552.5,88652007.9,438781614
508.6,S,53,7898.83,1332.45,17798552.5,88652263.0,438782005
509.6,S,66,7918.98,1334.17,17798552.5,88652463.1,438782182
510.6,S,69,7948.09,1335.48,17798552.5,88652572.1,438782334
511.6,S,68,7977.86,1336.83,17798552.5,88652617.1,438782392
512.6,S,63,8004.86,1338.18,17798552.5,88652790.7,438782558
513.6,S,63,8031.77,1339.59,17798552.5,88653021.2,438782760
514.6,S,61,8055.74,1340.92,17798552.5,88653420.1,438783096
515.6,S,57,8071.37,1342.59,17798552.5,88654029.5,438783617
516.6,S,56,8093.76,1344.13,17798552.5,88654128.5,438783735
517.6,S,60,8119.89,1345.64,17798552.5,88654143.1,438783752
518.6,S,56,8143.84,1347.12,17798552.5,88654239.5,438783844
519.6,S,53,8166.26,1348.81,17798552.5,88654378.7,438783994
520.6,S,51,8183.78,1350.61,17798552.5,88654742.6,438784310
521.6,S,60,8198.32,1351.86,17798552.5,88655115.7,438784649
522.6,S,60,8219.82,1352.83,17798552.5,88655198.0,438785018
523.6,S,64,8246.71,1354.36,17798552.5,88655249.4,438785121
524.6,S,59,8270.77,1355.85,17798552.5,88655423.2,438785391
525.6,S,59,8293.08,1357.60,17798552.5,88655698.2,438785644
526.6,S,54,8312.96,1359.29,17798552.5,88656165.2,438786112
527.6,S,50,8321.20,1360.55,17798552.5,88656373.5,438786677
528.6,S,50,8335.55,1362.29,17798552.5,88656373.8,438786687
529.6,S,54,8351.16,1363.78,17798552.5,88656476.9,438786866
530.6,S,47,8364.85,1365.51,17798552.5,88656783.1,438787132
531.6,S,47,8376.21,1367.15,17798552.5,88656826.1,438787250
532.6,S,47,8383.17,1368.22,17798552.5,88656970.8,438787592
533.6,S,47,8391.95,1369.54,17798552.5,88656971.2,438787599
534.6,S,47,8400.71,1371.06,17798552.5,88656971.4,438787601
535.6,S,47,8408.34,1372.38,17798552.5,88657037.1,438787736
536.6,S,58,8421.43,1373.88,17798552.5,88657172.2,438788021
537.6,S,54,8438.41,1375.74,17798552.5,88657268.1,438788134
538.6,S,53,8454.29,1377.54,17798552.5,88657299.9,438788164
539.6,S,53,8469.53,1379.33,17798552.5,88657300.7,438788178
540.6,S,53,8483.92,1381.19,17798552.5,88657675.6,438788497
541.6,S,67,8503.89,1382.46,17798556.8,88657756.4,438788610
542.6,S,71,8534.81,1383.40,17798556.8,88657860.8,438788716
543.6,S,69,8563.64,1384.21,17798556.8,88658024.9,438789056
544.6,S,65,8591.42,1385.57,17798556.8,88658121.1,438789368
545.6,S,64,8618.81,1387.06,17798556.8,88658161.4,438789468
546.6,S,63,8644.85,1388.55,17798556.8,88658528.1,438789789
547.6,S,51,8660.84,1389.95,17798556.8,88659409.3,438790545
548.6,S,58,8680.56,1391.68,17798556.8,88659503.9,438790655
549.6,S,61,8704.45,1393.02,17798556.8,88659640.0,438790800
550.6,S,61,8730.56,1394.38,17798556.8,88659676.8,438790850
551.6,S,56,8748.28,1395.50,17798556.8,88659798.3,438791281
552.6,S,56,8768.81,1396.86,17798556.8,88659894.6,438791517
553.6,S,53,8782.38,1398.13,17798556.8,88660351.7,438792168
554.7,S,69,8788.94,1399.14,17798556.8,88660660.3,438792999
555.7,S,68,8819.35,1400.34,17798556.8,88660664.3,438793015
556.7,S,67,8849.45,1401.68,17798556.8,88660681.8,438793066
557.7,S,71,8879.66,1402.63,17798556.8,88660785.0,438793181
558.7,S,70,8907.24,1403.33,17798556.8,88660864.0,438793490
559.7,S,65,8931.03,1404.54,17798556.8,88661103.7,438794027
560.7,S,63,8958.28,1406.37,17798556.8,88661487.8,438794488
561.7,S,49,8973.78,1407.89,17798556.8,88662437.6,438795305
562.7,S,50,8987.43,1409.53,17798567.9,88662486.8,438795383
563.7,S,50,9001.83,1411.31,17798575.5,88662489.7,438795405
564.7,S,50,9016.12,1413.09,17798583.3,88662489.9,438795411
565.7,S,51,9028.39,1414.88,17798587.7,88662847.5,438795729
566.7,S,51,9038.96,1416.43,17798589.4,88663094.8,438796255
567.7,S,54,9052.24,1418.10,17798589.4,88663130.6,438796381
568.7,S,54,9067.62,1419.82,17798589.4,88663131.7,438796393
569.7,S,53,9082.11,1421.74,17798589.4,88663164.8,438796488
570.7,S,53,9096.45,1423.55,17798589.4,88663213.7,438796574
571.7,S,53,9108.14,1425.16,17798589.4,88663620.2,438797040
572.7,S,66,9134.74,1426.75,17798589.4,88663728.8,438797150
573.7,S,66,9162.84,1428.39,17798589.4,88663729.2,438797182
574.7,S,61,9187.70,1429.51,17798589.4,88663848.8,438797328
575.7,S,60,9212.22,1430.88,17798589.4,88664018.7,438797478
576.7,S,60,9234.69,1432.18,17798589.4,88664262.5,438797690
577.7,S,48,9249.84,1433.59,17798589.4,88664966.9,438798289
578.7,S,60,9270.24,1435.13,17798601.1,88665105.1,438798444
579.7,S,59,9294.77,1436.66,17798625.1,88665118.2,438798501
580.7,S,55,9316.12,1438.19,17798650.5,88665215.6,438798621
581.7,S,54,9337.00,1439.75,17798673.4,88665256.9,438798676
582.7,S,54,9356.94,1441.44,17798694.2,88665329.9,438798763
583.7,S,60,9369.35,1442.92,17798699.5,88666011.9,438799377
584.7,S,64,9393.95,1444.37,17798699.5,88666115.8,438799483
585.7,S,63,9421.06,1445.80,17798699.5,88666141.2,438799522
586.7,S,60,9446.15,1447.21,17798699.5,88666309.0,438799668
587.7,S,59,9469.71,1449.03,17798699.5,88666401.3,438799979
588.7,S,58,9486.47,1450.17,17798699.5,88666679.3,438800631
589.7,S,48,9501.85,1451.70,17798699.5,88667311.4,438801216
590.7,S,53,9514.33,1453.29,17798699.5,88667415.6,438801309
591.7,S,53,9531.28,1455.18,17798699.5,88667443.7,438801363
592.7,S,49,9543.91,1456.97,17798699.5,88667633.3,438801624
593.7,S,48,9556.20,1458.58,17798699.5,88667683.1,438801677
594.7,S,47,9565.74,1460.05,17798699.5,88667867.6,438801864
595.7,S,47,9574.51,1461.54,17798699.5,88667868.1,438801866
596.7,S,47,9583.38,1462.85,17798699.5,88667869.2,438801872
597.7,S,51,9588.81,1463.75,17798699.5,88668067.5,438802292
598.7,S,58,9607.69,1465.56,17798699.5,88668085.6,438802351
599.7,S,53,9623.30,1467.28,17798699.5,88668189.4,438802612
600.7,S,53,9638.63,1469.03,17798699.5,88668190.0,438802613
601.7,S,53,9653.83,1470.72,17798699.5,88668190.2,438802613
602.7,S,49,9666.14,1472.38,17798699.5,88668632.9,438803003
603.7,S,66,9694.26,1473.66,17798699.5,88668649.7,438803091
604.7,S,70,9722.95,1474.54,17798699.5,88668798.9,438803597
605.7,S,69,9753.13,1475.44,17798699.5,88668907.8,438803860
606.7,S,65,9779.69,1476.90,17798699.5,88669066.4,438804143
607.7,S,65,9807.25,1478.41,17798699.5,88669165.4,438804229
608.7,S,61,9834.02,1479.89,17798699.5,88669488.9,438804507
609.7,S,48,9842.82,1481.10,17798699.5,88670416.0,438805297
610.7,S,58,9865.24,1482.89,17798699.5,88670426.6,438805313
611.7,S,58,9888.67,1484.39,17798699.5,88670437.3,438805329
612.7,S,62,9912.50,1485.57,17798699.5,88670572.2,438805621
613.7,S,57,9935.26,1486.84,17798699.5,88670713.3,438805957
614.7,S,54,9955.99,1488.64,17798699.5,88670869.1,438806126
615.7,S,51,9967.13,1490.13,17798699.5,88671567.4,438806720
616.7,S,61,9992.22,1491.55,17798699.5,88671568.5,438806725
617.7,S,61,10017.35,1492.87,17798699.5,88671569.7,438806811
618.7,S,65,10043.73,1494.32,17798699.5,88671674.4,438806919
619.7,S,59,10069.85,1495.81,17798699.5,88671935.1,438807149
620.7,S,58,10093.75,1497.54,17798699.5,88672187.8,438807380
621.7,S,47,10107.85,1499.06,17798699.5,88672901.2,438807992
622.7,S,50,10122.25,1500.98,17798718.6,88672905.4,438808017
623.7,S,50,10136.61,1502.80,17798735.8,88672906.9,438808035
624.7,S,54,10152.13,1504.50,17798749.2,88673009.8,438808138
625.7,S,48,10168.07,1506.22,17798763.6,88673210.7,438808333
626.7,S,47,10177.44,1507.89,17798769.2,88673553.5,438808656
627.7,S,47,10185.99,1509.36,17798769.2,88673553.6,438808668
628.7,S,47,10194.72,1510.73,17798769.2,88673554.1,438808671
629.7,S,47,10203.46,1512.13,17798769.2,88673555.1,438808682
630.7,S,47,10212.24,1513.62,17798769.2,88673555.3,438808697
631.7,S,59,10228.51,1515.16,17798769.2,88673754.0,438808870
632.7,S,55,10245.66,1516.86,17798769.2,88673865.5,438809105
633.7,S,54,10262.12,1518.66,17798769.2,88673874.2,438809127
634.7,S,54,10278.55,1520.51,17798769.2,88673874.5,438809131
635.7,S,54,10293.30,1522.21,17798769.2,88674181.6,438809417
636.7,S,67,10316.48,1523.61,17798769.2,88674394.5,438809601
637.7,S,71,10347.01,1524.64,17798769.2,88674497.9,438809730
638.7,S,70,10378.40,1525.51,17798769.2,88674635.7,438809852
639.7,S,66,10407.36,1526.88,17798769.2,88674709.2,438809992
640.7,S,65,10435.67,1528.34,17798769.2,88674870.2,438810129
641.7,S,65,10456.20,1529.50,17798769.2,88674982.2,438810563
642.8,S,61,10468.42,1530.56,17798769.2,88675777.2,438811617
643.8,S,62,10481.97,1532.36,17798771.8,88676250.4,438812028
644.8,S,62,10509.58,1534.13,17798786.7,88676252.0,438812056
645.8,S,62,10537.22,1535.63,17798799.7,88676252.5,438812081
646.8,S,64,10564.47,1536.98,17798811.2,88676414.5,438812252
647.8,S,57,10590.98,1538.54,17798821.3,88676626.2,438812458
648.8,S,56,10615.60,1539.88,17798832.3,88676675.1,438812519
649.8,S,53,10631.33,1541.18,17798843.7,88677460.9,438813230
650.8,S,62,10649.01,1542.54,17798843.7,88677680.2,438813426
651.8,S,62,10676.10,1543.89,17798843.7,88677681.3,438813432
652.8,S,64,10701.56,1545.19,17798843.7,88677860.3,438813601
653.8,S,64,10728.75,1546.84,17798843.7,88677900.1,438813672
654.8,S,59,10754.05,1548.39,17798843.7,88678185.5,438813926
655.8,S,59,10777.18,1550.11,17798843.7,88678472.2,438814179
656.8,S,51,10789.26,1551.61,17798847.6,88679072.1,438814699
657.8,S,51,10804.44,1553.47,17798860.4,88679073.4,438814721
658.8,S,51,10819.42,1555.34,17798874.6,88679114.5,438814777
659.8,S,53,10835.88,1557.11,17798880.3,88679248.1,438814906
660.8,S,48,10848.69,1559.15,17798892.1,88679590.8,438815227
661.8,S,47,10857.73,1560.56,17798893.2,88679734.9,438815357
662.8,S,47,10866.37,1561.98,17798893.2,88679735.8,438815374
663.8,S,47,10875.22,1563.42,17798893.2,88679736.8,438815381
664.8,S,47,10884.04,1564.68,17798893.2,88679737.1,438815389
665.8,S,51,10890.95,1565.95,17798893.2,88679935.3,438815805
666.8,S,55,10908.38,1567.59,17798893.2,88680008.1,438816012
667.8,S,54,10924.53,1569.41,17798893.2,88680032.7,438816095
668.8,S,54,10940.72,1571.29,17798893.2,88680033.9,438816118
669.8,S,53,10956.71,1573.04,17798893.2,88680083.0,438816171
670.8,S,49,10969.65,1574.70,17798893.2,88680532.8,438816553
671.8,S,71,10998.28,1575.72,17798893.2,88680544.8,438816580
672.8,S,71,11030.09,1576.31,17798893.2,88680545.4,438816588
673.8,S,70,11056.08,1576.81,17798893.2,88680745.4,438817192
674.8,S,73,11088.55,1577.60,17798893.2,88680788.9,438817289
675.8,S,69,11119.80,1578.34,17798893.2,88680984.4,438817492
676.8,S,67,11149.57,1579.37,17798893.2,88681319.5,438817881
677.8,S,63,11168.91,1580.63,17798893.2,88682050.4,438818631
678.9,S,60,11183.96,1582.20,17798915.8,88682602.4,438819150
679.9,S,60,11210.99,1583.61,17798966.1,88682603.9,438819259
680.9,S,60,11238.16,1585.03,17799021.2,88682605.8,438819384
681.9,S,63,11264.20,1586.21,17799068.6,88682745.2,438819594
682.9,S,62,11292.57,1587.73,17799106.6,88682788.0,438819714
683.9,S,58,11316.80,1589.12,17799146.7,88683110.4,438820082
684.9,S,65,11330.10,1590.51,17799165.1,88684001.1,438820916
685.9,S,65,11357.99,1592.05,17799165.1,88684003.3,438820947
686.9,S,64,11385.16,1593.64,17799165.1,88684016.4,438820991
687.9,S,63,11411.85,1594.98,17799165.1,88684043.9,438821026
688.9,S,63,11435.82,1596.04,17799165.1,88684161.0,438821303
689.9,S,66,11461.39,1597.37,17799165.1,88684453.9,438821999
690.9,S,56,11480.36,1598.76,17799165.1,88685249.6,438822673
691.9,S,52,11490.72,1600.48,17799172.0,88685552.4,438822954
692.9,S,52,11506.82,1602.43,17799210.3,88685554.6,438823046
693.9,S,51,11522.13,1604.33,17799246.4,88685602.1,438823154
694.9,S,50,11535.63,1606.09,17799275.9,88685635.6,438823230
695.9,S,50,11549.10,1607.87,17799299.9,88685638.9,438823256
696.9,S,51,11559.81,1609.47,17799308.2,88686141.9,438823723
697.9,S,54,11572.35,1611.12,17799308.2,88686239.6,438823848
698.9,S,54,11587.35,1612.94,17799308.2,88686240.1,438823850
699.9,S,53,11602.16,1614.70,17799308.2,88686273.6,438823959
700.9,S,53,11616.47,1616.51,17799308.2,88686273.6,438823959
701.9,S,53,11627.27,1617.96,17799308.2,88686555.5,438824682
702.9,S,63,11642.47,1619.49,17799308.2,88686733.2,438824842
703.9,S,66,11670.76,1620.98,17799308.2,88686856.9,438824985
704.9,S,62,11698.31,1622.61,17799308.2,88686953.1,438825078
705.9,S,61,11723.86,1623.78,17799308.2,88686986.0,438825171
706.9,S,61,11749.01,1625.05,17799308.2,88686986.4,438825201
707.9,S,60,11771.44,1626.31,17799308.2,88687260.6,438825774
708.9,S,48,11782.61,1627.73,17799308.2,88688071.1,438826572
709.9,S,60,11800.83,1629.50,17799338.3,88688245.6,438826781
710.9,S,55,11823.87,1630.96,17799362.7,88688356.9,438826923
711.9,S,55,11843.99,1632.71,17799389.1,88688357.3,438826975
712.9,S,55,11864.29,1634.27,17799421.5,88688357.3,438827018
713.9,S,54,11883.55,1635.96,17799445.6,88688569.7,438827246
714.9,S,57,11894.18,1637.39,17799447.0,88689102.3,438827719
715.9,S,61,11915.79,1638.71,17799447.0,88689205.9,438827822
716.9,S,57,11938.90,1640.09,17799447.0,88689301.6,438827902
717.9,S,56,11958.65,1642.00,17799447.0,88689426.5,438828091
718.9,S,56,11978.04,1643.75,17799447.0,88689434.4,438828146
719.9,S,55,11993.60,1645.32,17799447.0,88689635.8,438828628
720.9,S,50,12003.16,1646.83,17799449.4,88690128.0,438829204
721.9,S,54,12017.84,1648.44,17799478.5,88690231.9,438829367
722.9,S,50,12033.10,1650.33,17799508.1,88690424.3,438829597
723.9,S,49,12046.11,1652.29,17799537.5,88690465.1,438829696
724.9,S,48,12058.37,1653.86,17799564.1,88690520.3,438829780
726.0,S,47,12067.98,1655.32,17799573.1,88690707.0,438829982
727.0,S,47,12076.82,1656.68,17799573.1,88690707.0,438829982
728.0,S,47,12085.04,1658.06,17799573.1,88690751.9,438830084
729.0,S,58,12097.90,1659.49,17799573.1,88690905.9,438830360
730.0,S,54,12114.91,1661.38,17799573.1,88691003.8,438830543
731.0,S,54,12130.97,1663.26,17799573.1,88691003.8,438830543
732.0,S,53,12146.50,1665.18,17799573.1,88691044.2,438830642
733.0,S,53,12160.01,1666.80,17799573.1,88691152.7,438830971
734.0,S,66,12174.45,1668.03,17799573.1,88691500.4,438831564
735.0,S,69,12203.29,1669.37,17799573.1,88691610.1,438831658
736.0,S,69,12234.98,1670.50,17799573.1,88691706.1,438831748
737.0,S,65,12264.42,1671.79,17799573.1,88691803.1,438831833
738.0,S,64,12292.67,1673.41,17799573.1,88691841.6,438831915
739.0,S,63,12319.67,1674.90,17799573.1,88692071.6,438832399
740.0,S,55,12338.36,1676.46,17799573.1,88692822.8,438833162
741.0,S,60,12353.73,1678.05,17799580.8,88693240.1,438833531
742.0,S,60,12379.28,1679.44,17799596.2,88693244.4,438833554
743.0,S,64,12406.52,1680.96,17799608.0,88693344.5,438833657
744.0,S,59,12433.39,1682.41,17799622.0,88693476.2,438833792
745.0,S,59,12458.65,1683.64,17799628.2,88693476.2,438833799
746.0,S,55,12481.09,1685.12,17799634.8,88693949.6,438834225
747.0,S,65,12493.47,1686.44,17799636.3,88694532.0,438834745
748.0,S,65,12522.26,1688.02,17799636.5,88694534.7,438834867
749.0,S,69,12550.04,1689.29,17799636.7,88694657.3,438835061
750.0,S,69,12580.85,1690.44,17799636.7,88694657.7,438835071
751.0,S,63,12608.89,1692.19,17799636.7,88695018.3,438835526
752.0,S,63,12635.80,1693.77,17799636.7,88695078.1,438835591
753.0,S,55,12655.32,1695.21,17799636.7,88695923.8,438836309
754.0,S,52,12669.43,1696.99,17799657.1,88696213.5,438836595
755.0,S,52,12686.62,1698.76,17799702.6,88696216.2,438836718
756.0,S,55,12702.72,1700.44,17799743.2,88696342.3,438836900
757.0,S,54,12722.60,1702.25,17799781.1,88696383.2,438836989
758.0,S,55,12742.01,1704.21,17799815.0,88696688.4,438837316
759.0,S,54,12758.80,1706.01,17799828.3,88696997.7,438837610
760.0,S,53,12773.61,1707.88,17799828.3,88697032.5,438837674
761.0,S,53,12787.83,1709.66,17799828.8,88697036.0,438837736
762.0,S,53,12799.00,1711.21,17799828.8,88697458.0,438838215
763.0,S,69,12822.40,1712.84,17799828.8,88697595.3,438838352
764.0,S,64,12850.47,1714.41,17799828.8,88697710.1,438838451
765.0,S,64,12877.75,1715.91,17799828.8,88697710.4,438838453
766.0,S,64,12904.80,1717.29,17799828.8,88697710.7,438838461
767.0,S,64,12931.55,1718.78,17799828.8,88697757.4,438838577
768.0,S,61,12955.48,1720.33,17799828.8,88698246.0,438839208
769.0,S,50,12966.62,1721.66,17799829.1,88699004.6,438839878
770.0,S,63,12990.83,1723.40,17799834.1,88699159.7,438840042
771.0,S,59,13017.47,1724.89,17799842.7,88699256.5,438840140
772.0,S,58,13042.56,1726.20,17799855.7,88699288.5,438840204
773.0,S,58,13067.12,1727.63,17799868.5,88699288.7,438840216
774.0,S,56,13090.35,1728.99,17799881.5,88699396.5,438840329
775.0,S,50,13102.14,1730.14,17799893.1,88700241.7,438841093
776.0,S,62,13121.40,1731.63,17799893.3,88700376.7,438841226
777.0,S,58,13144.27,1733.05,17799893.3,88700704.5,438841519
778.0,S,58,13166.16,1734.50,17799893.3,88700898.8,438841762
779.0,S,57,13182.59,1735.90,17799893.3,88701574.6,438842348
780.0,S,57,13202.75,1737.28,17799893.3,88701986.4,438842873
781.0,S,56,13214.47,1738.41,17799893.3,88702591.1,438843834
782.0,S,48,13223.13,1739.48,17799893.4,88703732.1,438844814
783.0,S,52,13232.18,1740.22,17799934.8,88704062.5,438845482
784.0,S,56,13245.24,1741.32,17799966.7,88704354.4,438846384
785.1,S,55,13253.32,1741.98,17800004.4,88704939.5,438847445
786.1,S,52,13258.79,1742.55,17800031.0,88705390.7,438848467
787.2,S,51,13270.92,1744.34,17800069.7,88705720.8,438849482
788.2,S,51,13282.02,1745.55,17800112.6,88706293.3,438850345
789.2,S,51,13291.43,1746.77,17800143.6,88706581.4,438851217
790.3,S,51,13299.34,1747.79,17800171.0,88706992.3,438852306
791.6,S,50,13304.11,1748.32,17800186.2,88707651.4,438853555
792.6,S,47,13309.39,1749.18,17800191.3,88708249.8,438854447
793.6,S,47,13315.15,1750.25,17800191.3,88708615.0,438855448
794.6,S,47,13319.73,1751.08,17800191.3,88709057.9,438856449
795.6,S,47,13321.80,1751.42,17800191.3,88709686.7,438857372
796.6,S,58,13324.02,1751.86,17800191.3,88710033.1,438858311
797.6,S,58,13333.38,1752.53,17800191.3,88710594.6,438859312
798.7,S,58,13340.65,1753.05,17800191.3,88711039.5,438860362
799.7,S,55,13349.66,1753.98,17800191.3,88711374.4,438861363
800.8,S,54,13359.98,1754.81,17800191.3,88711974.2,438862281
801.9,S,53,13367.00,1755.48,17800191.3,88712332.5,438863352
802.9,S,53,13380.72,1756.89,17800191.3,88712678.0,438864278
803.9,S,50,13391.31,1758.26,17800191.3,88713118.9,438864810
804.9,S,65,13416.08,1759.70,17800191.3,88713153.9,438864918
805.9,S,65,13445.12,1761.25,17800191.3,88713154.3,438864927
806.9,S,65,13473.93,1762.81,17800191.3,88713154.7,438864937
807.9,S,69,13503.42,1763.98,17800191.3,88713249.2,438865081
808.9,S,67,13533.07,1765.25,17800191.3,88713427.3,438865576
809.9,S,62,13552.20,1766.40,17800191.3,88713961.1,438866362
810.9,S,62,13559.32,1767.22,17800191.3,88714330.8,438867362
811.9,S,60,13563.80,1767.87,17800191.3,88714693.6,438868409
813.0,S,47,13572.55,1769.27,17800191.8,88714859.7,438868845
814.0,S,60,13596.76,1770.95,17800250.7,88714862.6,438868950
815.0,S,60,13622.05,1772.35,17800314.0,88714863.2,438869058
816.0,S,63,13647.23,1773.87,17800376.2,88714949.7,438869240
817.0,S,62,13674.30,1775.37,17800421.3,88715012.8,438869397
818.0,S,57,13696.30,1776.81,17800466.2,88715221.5,438869665
819.0,S,56,13707.55,1778.09,17800489.0,88715519.4,438870501
820.0,S,55,13713.16,1778.96,17800498.3,88715854.7,438871502
821.0,S,70,13724.82,1780.01,17800498.3,88716102.8,438872032
822.0,S,69,13755.74,1781.39,17800498.3,88716114.7,438872110
823.0,S,68,13786.26,1782.76,17800498.3,88716118.5,438872140
824.0,S,72,13816.96,1784.00,17800498.3,88716136.3,438872190
825.0,S,72,13849.16,1784.75,17800498.3,88716136.5,438872210
826.0,S,67,13878.11,1786.13,17800498.3,88716563.3,438872630
827.0,S,61,13901.41,1787.69,17800498.3,88717331.1,438873405
828.0,S,52,13910.88,1788.96,17800498.3,88717916.1,438874249
829.1,S,63,13931.04,1790.54,17800567.4,88717997.6,438874675
830.1,S,62,13958.55,1792.20,17800670.1,88718016.0,438874954
831.1,S,62,13985.26,1793.84,17800764.0,88718017.8,438875188
832.1,S,61,14010.99,1795.42,17800857.1,88718069.2,438875520
833.1,S,63,14038.05,1797.04,17800937.5,88718154.1,438875893
834.1,S,58,14061.79,1798.47,17801015.0,88718538.2,438876405
835.1,S,56,14072.90,1799.59,17801051.6,88718881.5,438877341
836.1,S,52,14076.13,1800.23,17801052.5,88719320.6,438878398
837.2,S,59,14100.97,1801.75,17801052.5,88719404.8,438878621
838.2,S,59,14125.32,1802.96,17801052.5,88719405.1,438878623
839.2,S,62,14149.59,1804.24,17801052.5,88719541.5,438878831
840.2,S,62,14176.84,1805.62,17801052.5,88719573.0,438878893
841.2,S,58,14198.18,1807.03,17801052.5,88719793.5,438879445
842.2,S,57,14212.68,1808.50,17801052.5,88720513.4,438880342
843.2,S,53,14226.73,1810.46,17801080.1,88720688.7,438880550
844.2,S,52,14242.35,1812.27,17801111.8,88720707.9,438880611
845.2,S,51,14256.50,1814.10,17801142.0,88720734.9,438880652
846.2,S,55,14272.58,1815.81,17801172.0,88720838.0,438880768
847.2,S,49,14286.71,1817.47,17801190.2,88721150.1,438881216
848.2,S,47,14292.74,1818.69,17801190.8,88721400.0,438881933
849.2,S,47,14301.56,1820.09,17801190.8,88721400.7,438881949
850.2,S,47,14310.26,1821.50,17801190.8,88721401.1,438881979
851.2,S,47,14318.81,1822.92,17801190.8,88721401.3,438881988
852.2,S,47,14327.27,1824.37,17801190.8,88721402.4,438881991
853.2,S,59,14331.15,1825.12,17801190.8,88721600.8,438882652
854.2,S,57,14350.84,1826.81,17801190.8,88721720.3,438882810
855.2,S,54,14367.86,1828.72,17801190.8,88721750.1,438882840
856.2,S,54,14384.18,1830.56,17801190.8,88721750.4,438882870
857.2,S,54,14400.22,1832.42,17801190.8,88721751.2,438882878
858.2,S,51,14408.84,1833.56,17801190.8,88722180.7,438883601
859.2,S,69,14431.83,1834.77,17801190.9,88722276.1,438883686
860.2,S,69,14463.76,1835.60,17801190.9,88722290.3,438883710
861.2,S,73,14496.68,1836.38,17801190.9,88722489.2,438883940
862.2,S,66,14528.08,1837.15,17801190.9,88722676.9,438884104
863.2,S,66,14557.50,1838.52,17801190.9,88722754.8,438884389
864.2,S,66,14586.82,1839.99,17801190.9,88722922.1,438884802
865.2,S,60,14606.92,1841.31,17801190.9,88723625.0,438885621
866.2,S,62,14619.72,1842.93,17801208.5,88724272.9,438886202
867.2,S,61,14646.70,1844.39,17801277.0,88724278.1,438886315
868.2,S,61,14673.90,1845.77,17801337.7,88724278.7,438886427
869.2,S,64,14701.09,1847.35,17801398.1,88724408.6,438886632
870.2,S,59,14728.42,1849.01,17801452.6,88724540.4,438886834
871.2,S,57,14753.27,1850.56,17801514.0,88724696.7,438887071
872.2,S,50,14766.65,1851.91,17801544.3,88725551.4,438887886
873.2,S,62,14789.71,1853.27,17801544.3,88725651.1,438887999
874.2,S,62,14815.66,1854.77,17801544.3,88725651.8,438888001
875.2,S,66,14840.98,1855.91,17801544.3,88725756.5,438888181
876.2,S,66,14869.45,1857.56,17801544.3,88725756.7,438888206
877.2,S,61,14895.30,1859.09,17801544.3,88726143.3,438888548
878.2,S,55,14912.44,1860.46,17801544.3,88726846.4,438889140
879.2,S,55,14927.82,1862.07,17801576.9,88727077.6,438889390
880.2,S,55,14948.11,1863.77,17801641.2,88727079.1,438889492
881.2,S,54,14967.98,1865.52,17801706.1,88727108.0,438889618
882.2,S,57,14988.96,1867.00,17801768.4,88727269.1,438889858
883.2,S,52,15005.71,1868.76,17801821.5,88727480.7,438890439
884.2,S,49,15017.07,1870.50,17801845.7,88727845.5,438891213
885.2,S,47,15026.12,1872.00,17801849.8,88728028.9,438891381
886.2,S,47,15035.04,1873.34,17801849.8,88728029.9,438891383
887.2,S,47,15043.82,1874.73,17801849.8,88728030.1,438891384
888.2,S,51,15052.52,1876.02,17801849.8,88728132.8,438891482
889.2,S,54,15068.50,1877.88,17801849.8,88728325.4,438891776
890.2,S,54,15084.55,1879.84,17801849.8,88728325.9,438891779
891.2,S,53,15100.55,1881.77,17801849.8,88728360.9,438891856
892.2,S,53,15115.77,1883.46,17801849.8,88728362.0,438891861
893.2,S,52,15125.72,1884.75,17801849.8,88728725.3,438892499
894.2,S,66,15138.41,1886.35,17801849.8,88728817.4,438892586
895.2,S,70,15168.13,1887.69,17801849.8,88728932.3,438892699
896.2,S,69,15198.67,1889.08,17801849.8,88729048.2,438892972
897.2,S,63,15225.73,1890.44,17801849.8,88729185.8,438893100
898.2,S,63,15252.39,1891.76,17801849.8,88729226.9,438893140
899.2,S,63,15279.29,1893.06,17801849.8,88729227.6,438893153
900.2,S,63,15295.58,1894.23,17801849.8,88729607.0,438894075
901.2,S,51,15304.58,1895.51,17801849.8,88730443.5,438894850
902.2,S,66,15327.09,1897.21,17801876.6,88730575.8,438895025
903.2,S,66,15356.26,1898.78,17801909.2,88730577.4,438895070
904.2,S,61,15383.41,1900.23,17801949.4,88730695.0,438895231
905.2,S,57,15408.98,1901.65,17801979.3,88730839.4,438895414
906.2,S,57,15432.34,1903.12,17802010.3,88730839.8,438895457
907.2,S,53,15449.62,1904.50,17802036.8,88731521.7,438896126
908.3,S,61,15467.15,1905.83,17802039.7,88731782.7,438896566
909.3,S,64,15492.94,1907.20,17802039.7,88731912.7,438896878
910.3,S,59,15519.49,1908.81,17802039.7,88732043.8,438897042
911.3,S,59,15543.39,1910.42,17802039.7,88732139.7,438897143
912.3,S,59,15561.96,1911.85,17802039.7,88732377.5,438897782
913.3,S,58,15581.08,1913.36,17802039.7,88732779.5,438898393
914.3,S,53,15595.56,1914.94,17802059.0,88733099.5,438898703
915.3,S,57,15614.58,1916.56,17802136.4,88733215.3,438898953
916.3,S,53,15634.36,1918.34,17802209.6,88733311.4,438899169
917.3,S,52,15651.91,1920.30,17802283.7,88733447.9,438899444
918.3,S,50,15666.27,1922.15,17802339.6,88733528.5,438899617
919.3,S,47,15676.81,1923.63,17802374.5,88733822.7,438900110
920.3,S,47,15685.47,1924.97,17802376.3,88733894.9,438900286
921.3,S,51,15694.35,1926.40,17802376.3,88733997.8,438900428
922.3,S,56,15705.63,1927.93,17802376.3,88734185.8,438900860
923.3,S,55,15722.78,1929.75,17802376.3,88734190.5,438900918
924.3,S,54,15739.36,1931.46,17802376.3,88734211.3,438900943
925.3,S,54,15755.56,1933.30,17802376.3,88734257.0,438901031
926.3,S,54,15771.94,1935.12,17802376.3,88734271.6,438901058
927.3,S,50,15781.06,1936.26,17802376.3,88734601.6,438901823
928.3,S,72,15805.82,1937.41,17802376.3,88734834.1,438902043
929.3,S,71,15838.22,1938.33,17802376.3,88734954.3,438902166
930.3,S,66,15867.05,1939.25,17802376.3,88735074.7,438902285
931.3,S,65,15895.81,1940.71,17802376.3,88735113.6,438902342
932.3,S,64,15923.76,1942.29,17802376.3,88735301.2,438902550
933.3,S,63,15950.95,1943.97,17802376.3,88735519.8,438902764
934.3,S,52,15967.00,1945.59,17802376.3,88736366.2,438903478
935.4,S,61,15989.06,1947.26,17802425.4,88736563.1,438903749
936.4,S,65,16016.50,1948.79,17802487.8,88736666.6,438903951
937.4,S,60,16044.11,1950.29,17802547.1,88736785.9,438904168
938.4,S,59,16070.37,1951.83,17802599.2,88736860.8,438904319
939.4,S,56,16093.81,1953.38,17802638.4,88736992.7,438904490
940.4,S,52,16112.55,1954.89,17802666.1,88737492.3,438904992
941.4,S,63,16125.42,1956.16,17802669.5,88737872.9,438905570
942.4,S,64,16148.51,1957.19,17802669.5,88738000.7,438905955
943.4,S,64,16176.09,1958.89,17802669.5,88738002.1,438905970
944.4,S,60,16199.56,1960.29,17802669.5,88738165.2,438906371
945.4,S,60,16224.77,1961.94,17802669.5,88738194.5,438906441
946.4,S,60,16249.36,1963.22,17802669.5,88738477.0,438906690
947.4,S,48,16262.16,1964.53,17802669.5,88739284.1,438907388
948.4,S,54,16279.30,1966.29,17802732.5,88739289.7,438907528
949.4,S,58,16298.26,1967.90,17802808.0,88739392.5,438907756
950.4,S,53,16318.93,1969.62,17802882.2,88739519.5,438908001
951.4,S,51,16335.90,1971.65,17802944.2,88739705.8,438908277
952.4,S,51,16349.82,1973.51,17802985.9,88739830.7,438908595
953.5,S,47,16357.57,1974.76,17802987.0,88740134.0,438909400
954.5,S,47,16366.37,1976.30,17802987.0,88740135.2,438909407
955.5,S,51,16375.06,1977.60,17802987.0,88740238.5,438909589
956.5,S,55,16388.80,1979.45,17802987.0,88740430.9,438909788
957.5,S,54,16405.16,1981.34,17802987.0,88740438.5,438909803
958.5,S,54,16421.28,1983.17,17802987.0,88740438.9,438909807
959.5,S,54,16437.20,1985.05,17802987.0,88740439.1,438909815
960.5,S,54,16450.67,1986.64,17802987.0,88740644.6,438910416
961.5,S,72,16464.61,1987.98,17802987.0,88740958.8,438910886
962.5,S,76,16498.79,1988.59,17802987.0,88741173.8,438911174
963.5,S,73,16532.65,1989.28,17802987.0,88741245.4,438911239
964.5,S,69,16563.73,1990.09,17802987.0,88741341.9,438911349
965.5,S,69,16594.62,1991.09,17802987.0,88741343.8,438911366
966.5,S,68,16624.61,1992.04,17802987.0,88741493.0,438911532
967.5,S,65,16653.26,1993.21,17802987.0,88741939.9,438911919
968.5,S,47,16666.61,1994.46,17802987.0,88743070.4,438912877
969.5,S,65,16694.93,1996.17,17803021.3,88743076.0,438912949
970.5,S,65,16724.53,1997.68,17803063.5,88743076.3,438913009
971.5,S,64,16753.32,1999.11,17803102.1,88743095.6,438913108
972.5,S,67,16782.16,2000.52,17803137.2,88743237.2,438913283
973.5,S,64,16812.09,2001.76,17803159.3,88743376.4,438913441
974.5,S,60,16837.07,2003.26,17803185.2,88743908.4,438914018
975.6,S,53,16843.08,2004.03,17803193.4,88744360.2,438915073
976.6,S,55,16848.75,2004.89,17803194.0,88744720.9,438915932
977.6,S,54,16867.76,2006.52,17803194.0,88744731.5,438915951
978.6,S,54,16886.09,2008.33,17803194.0,88744732.5,438915957
979.6,S,54,16904.28,2010.13,17803194.0,88744732.8,438915962
980.6,S,58,16922.86,2011.59,17803194.0,88744934.0,438916225
981.6,S,48,16938.51,2013.29,17803194.0,88745600.1,438916916
982.6,S,60,16959.44,2015.15,17803228.1,88745665.5,438917039
983.6,S,60,16983.65,2016.64,17803271.1,88745665.8,438917123
984.6,S,59,17008.05,2018.00,17803316.9,88745696.7,438917236
985.6,S,62,17033.55,2021.16,17803352.6,88745840.4,438917458
986.6,S,61,17063.43,2025.81,17803380.7,88745891.4,438917566
987.6,S,54,17083.41,2029.66,17803404.5,88746510.5,438918254
988.8,S,65,17096.84,2032.86,17803404.5,88746861.1,438919008
989.8,S,64,17124.24,2034.50,17803404.5,88746867.7,438919520
990.8,S,66,17150.47,2035.85,17803404.5,88747009.5,438919655
991.8,S,66,17178.86,2037.43,17803404.5,88747009.8,438919655
992.8,S,62,17204.97,2038.91,17803404.5,88747105.8,438919903
993.8,S,62,17231.70,2040.22,17803404.5,88747160.6,438920566
994.8,S,59,17246.23,2041.58,17803404.5,88748027.8,438921534
995.8,S,53,17254.07,2042.84,17803409.7,88748361.0,438922364
996.8,S,53,17271.10,2044.79,17803439.5,88748362.0,438922487
997.8,S,56,17286.73,2046.53,17803469.7,88748482.9,438922646
998.8,S,55,17306.00,2048.33,17803502.0,88748528.9,438922732
999.8,S,50,17321.54,2050.31,17803527.3,88748758.9,438923037
1000.8,S,49,17331.26,2051.77,17803539.0,88749074.1,438923785
1001.8,S,47,17339.29,2053.09,17803539.0,88749128.0,438923921
1002.8,S,47,17348.11,2054.47,17803539.0,88749128.2,438923947
1003.8,S,47,17356.88,2055.96,17803539.0,88749128.5,438923954
1004.8,S,47,17362.22,2056.82,17803539.0,88749296.2,438924370
1005.9,S,59,17380.38,2058.58,17803539.0,88749328.2,438924450
1006.9,S,54,17396.92,2060.32,17803539.0,88749446.9,438924700
1007.9,S,54,17413.08,2062.09,17803539.0,88749448.7,438924706
1008.9,S,54,17429.44,2063.83,17803539.0,88749448.8,438924739
1009.9,S,48,17443.93,2065.65,17803539.0,88749835.4,438925090
1010.9,S,68,17469.82,2066.89,17803539.0,88749967.2,438925205
1011.9,S,71,17501.10,2067.69,17803539.0,88750083.4,438925311
1012.9,S,70,17532.66,2068.51,17803539.0,88750208.2,438925457
1013.9,S,64,17561.17,2069.69,17803539.0,88750362.8,438925615
1014.9,S,62,17587.92,2071.32,17803539.0,88750604.3,438925831
1015.9,S,61,17613.57,2072.74,17803539.0,88750874.9,438926099
1016.9,S,47,17627.19,2074.19,17803539.0,88751806.1,438926924
1017.9,S,63,17653.40,2076.02,17803558.9,88751824.4,438926969
1018.9,S,63,17681.14,2077.62,17803579.6,88751824.7,438926994
1019.9,S,62,17708.54,2079.07,17803597.3,88751875.6,438927061
1020.9,S,65,17737.53,2080.54,17803615.6,88751995.3,438927194
1021.9,S,60,17765.06,2081.96,17803629.3,88752130.1,438927334
1022.9,S,59,17783.62,2083.14,17803638.1,88752360.9,438927956
1023.9,S,58,17791.86,2084.44,17803644.3,88752715.1,438928956
1025.0,S,49,17796.37,2085.35,17803645.0,88753294.6,438929853
1026.0,S,68,17820.39,2086.69,17803645.0,88753311.8,438929878
1027.0,S,67,17850.41,2088.05,17803645.0,88753333.4,438929937
1028.0,S,66,17879.25,2089.47,17803645.0,88753420.4,438930232
1029.0,S,70,17909.28,2090.76,17803645.0,88753459.0,438930307
1030.0,S,69,17940.15,2091.82,17803645.0,88753604.5,438930454
1031.0,S,65,17967.61,2093.51,17803645.0,88753731.3,438930622
1032.0,S,65,17975.87,2094.23,17803645.0,88754156.1,438931623
1033.0,S,47,17982.90,2095.51,17803645.0,88755105.2,438932431
1034.0,S,64,18009.27,2097.39,17803676.2,88755106.3,438932492
1035.0,S,63,18036.63,2098.74,17803708.9,88755119.6,438932559
1036.0,S,63,18063.96,2100.13,17803748.9,88755121.3,438932633
1037.0,S,65,18091.04,2101.56,17803787.5,88755303.4,438932860
1038.0,S,64,18119.14,2103.24,17803819.6,88755345.0,438932973
1039.0,S,58,18139.20,2104.51,17803848.3,88756035.3,438933731
1040.0,S,54,18142.75,2105.15,17803852.4,88756389.4,438934732
1041.0,S,61,18156.95,2106.21,17803852.4,88756558.8,438935182
1042.0,S,59,18180.61,2107.44,17803852.4,88756601.1,438935309
1043.0,S,59,18204.09,2108.82,17803852.4,88756603.6,438935329
1044.0,S,62,18228.11,2110.26,17803852.4,88756745.9,438935458
1045.0,S,61,18254.02,2111.57,17803852.4,88756794.3,438935574
1046.0,S,58,18271.79,2112.82,17803852.4,88757055.9,438936216
1047.0,S,49,18279.15,2114.18,17803852.4,88757827.8,438937085
1048.0,S,57,18296.35,2115.82,17803872.0,88757839.9,438937150
1049.0,S,56,18317.12,2117.55,17803900.9,88757855.0,438937218
1050.0,S,60,18336.92,2119.11,17803932.8,88757957.9,438937373
1051.0,S,60,18361.08,2120.59,17803964.7,88757958.3,438937433
1052.0,S,54,18381.26,2122.31,17803992.2,88758254.5,438937760
1053.0,S,53,18389.94,2123.69,17804004.4,88758642.8,438938648
1054.0,S,47,18397.52,2124.83,17804006.5,88758869.8,438939014
1055.0,S,47,18406.34,2126.20,17804006.5,88758870.0,438939023
1056.0,S,47,18415.22,2127.59,17804006.5,88758870.5,438939023
1057.0,S,51,18424.91,2128.89,17804006.5,88758973.5,438939113
1058.0,S,54,18438.73,2130.83,17804006.5,88759166.7,438939284
1059.0,S,54,18455.05,2132.57,17804006.5,88759167.1,438939288
1060.0,S,54,18471.31,2134.43,17804006.5,88759167.3,438939294
1061.0,S,53,18486.54,2136.32,17804006.5,88759259.4,438939567
1062.0,S,50,18499.99,2138.09,17804006.5,88759591.1,438939999
1063.0,S,70,18523.92,2139.55,17804006.5,88759769.1,438940157
1064.0,S,69,18555.31,2140.51,17804006.5,88759877.1,438940250
1065.0,S,64,18583.99,2141.79,17804006.5,88759995.9,438940426
1066.0,S,64,18611.70,2143.47,17804006.5,88759996.4,438940452
1067.0,S,64,18639.54,2145.08,17804006.5,88759996.6,438940456
1068.0,S,64,18664.15,2146.41,17804006.5,88760269.2,438941015
1069.2,S,54,18677.35,2147.71,17804006.5,88761168.9,438942122
1070.2,S,64,18697.75,2149.67,17804029.4,88761409.1,438942376
1071.2,S,68,18725.15,2151.07,17804065.1,88761511.9,438942551
1072.2,S,68,18755.23,2152.55,17804095.0,88761512.4,438942598
1073.2,S,62,18783.16,2154.06,17804125.6,88761677.6,438942807
1074.2,S,60,18809.68,2155.49,17804155.1,88761767.8,438942940
1075.2,S,59,18834.53,2156.97,17804195.1,88762075.0,438943285
1076.2,S,58,18845.66,2158.12,17804207.3,88762879.1,438944026
1077.2,S,58,18867.81,2159.69,17804207.3,88762880.3,438944089
1078.2,S,62,18891.19,2161.03,17804207.3,88762983.6,438944178
1079.2,S,59,18916.44,2162.61,17804207.3,88763077.8,438944375
1080.2,S,57,18937.15,2164.23,17804207.3,88763212.2,438944678
1081.2,S,55,18953.21,2165.59,17804207.3,88763621.7,438945286
1082.2,S,56,18967.14,2167.02,17804219.7,88764040.4,438945669
1083.2,S,56,18988.08,2168.67,17804263.7,88764054.1,438945763
1084.2,S,60,19009.63,2170.13,17804291.8,88764184.5,438945931
1085.2,S,54,19031.79,2171.73,17804320.5,88764353.8,438946130
1086.2,S,53,19049.97,2173.67,17804344.6,88764491.9,438946288
1087.2,S,47,19062.28,2175.12,17804363.3,88765027.0,438946803
1088.2,S,47,19071.00,2176.49,17804363.3,88765046.3,438946829
1089.2,S,47,19079.56,2177.98,17804363.3,88765046.8,438946830
1090.2,S,51,19087.99,2179.35,17804363.3,88765150.4,438946940
1091.2,S,55,19101.36,2181.25,17804363.3,88765342.9,438947114
1092.2,S,55,19118.83,2183.09,17804363.3,88765343.2,438947122
1093.2,S,54,19135.31,2184.69,17804363.3,88765363.0,438947161
1094.2,S,54,19151.23,2186.55,17804363.3,88765363.4,438947190
1095.2,S,54,19167.21,2188.42,17804363.3,88765543.8,438947349
1096.2,S,62,19180.03,2189.98,17804363.3,88765964.1,438947712
1097.2,S,77,19214.50,2190.49,17804363.3,88766010.1,438947753
1098.2,S,73,19248.32,2191.28,17804363.3,88766191.1,438947968
1099.2,S,72,19280.03,2191.93,17804363.3,88766241.6,438948024
1100.2,S,71,19311.10,2192.61,17804363.3,88766274.9,438948170
1101.2,S,70,19341.64,2193.27,17804363.3,88766329.1,438948225
1102.2,S,67,19369.03,2194.05,17804363.3,88766799.6,438948636
1103.2,S,59,19390.20,2195.32,17804363.3,88767685.7,438949379
1104.2,S,68,19407.54,2196.71,17804376.0,88768105.0,438949764
1105.2,S,68,19438.20,2197.71,17804400.9,88768109.7,438949823
1106.2,S,65,19467.73,2198.97,17804426.6,88768172.5,438949922
1107.2,S,65,19496.55,2200.57,17804444.8,88768172.7,438949968
1108.2,S,68,19525.19,2201.95,17804458.6,88768314.8,438950116
1109.2,S,66,19555.58,2203.24,17804470.9,88768440.8,438950261
1110.2,S,58,19572.84,2204.60,17804480.9,88769363.6,438951088
1111.3,S,53,19576.83,2205.43,17804481.4,88769802.1,438952128
1112.3,S,65,19597.39,2206.89,17804481.4,88769820.2,438952213
1113.3,S,65,19625.86,2208.40,17804481.4,88769820.5,438952227
1114.3,S,64,19653.97,2209.98,17804481.4,88769838.6,438952314
1115.3,S,64,19681.59,2211.53,17804481.4,88769931.9,438952621
1116.3,S,64,19709.13,2213.13,17804481.4,88769986.7,438952746
1117.3,S,65,19735.10,2214.65,17804481.4,88770501.7,438953292
1118.3,S,52,19748.79,2216.39,17804481.4,88771232.3,438953922
1119.3,S,58,19766.30,2218.24,17804497.4,88771464.0,438954153
1120.3,S,58,19788.69,2219.86,17804523.9,88771464.3,438954203
1121.3,S,58,19810.94,2221.39,17804558.1,88771557.7,438954348
1122.3,S,57,19832.73,2222.97,17804590.7,88771597.3,438954434
1123.3,S,59,19854.51,2224.71,17804612.0,88771754.0,438954610
1124.3,S,59,19865.40,2225.89,17804620.4,88772195.7,438955572
1125.3,S,47,19869.91,2226.71,17804620.8,88772543.1,438956455
1126.3,S,63,19896.53,2227.87,17804620.8,88772545.0,438956537
1127.3,S,63,19923.24,2229.15,17804620.8,88772545.2,438956537
1128.3,S,63,19950.06,2230.44,17804620.8,88772570.8,438956592
1129.3,S,62,19976.22,2231.65,17804620.8,88772574.7,438956608
1130.3,S,65,19999.72,2232.75,17804620.8,88772786.0,438957026
1131.3,S,62,20016.18,2234.05,17804620.8,88773403.8,438957822
1132.3,S,47,20026.10,2235.70,17804620.8,88774013.5,438958364
1133.3,S,56,20045.74,2237.37,17804648.2,88774015.4,438958408
1134.3,S,55,20065.44,2239.08,17804673.7,88774037.9,438958473
1135.3,S,55,20084.58,2240.82,17804700.3,88774038.2,438958520
1136.3,S,59,20103.33,2242.34,17804712.8,88774141.0,438958636
1137.3,S,56,20124.01,2244.05,17804729.5,88774495.4,438958992
1138.3,S,47,20129.83,2244.96,17804731.9,88774972.6,438959950
1139.3,S,47,20138.53,2246.59,17804731.9,88774994.6,438960011
1140.3,S,47,20147.21,2248.06,17804731.9,88774995.6,438960016
1141.3,S,47,20156.04,2249.42,17804731.9,88774996.2,438960044
1142.3,S,47,20164.96,2250.82,17804731.9,88774996.6,438960074
1143.3,S,51,20173.76,2252.25,17804731.9,88775099.6,438960176
1144.3,S,54,20187.09,2254.03,17804731.9,88775291.8,438960357
1145.3,S,54,20203.54,2255.93,17804731.9,88775293.6,438960402
1146.3,S,53,20219.39,2257.73,17804731.9,88775321.5,438960448
1147.3,S,53,20234.75,2259.54,17804731.9,88775321.6,438960450
1148.3,S,53,20250.06,2261.27,17804731.9,88775321.9,438960461
1149.3,S,71,20261.60,2262.63,17804731.9,88775775.6,438961048
1150.3,S,74,20294.64,2263.58,17804731.9,88775981.8,438961236
1151.3,S,73,20327.80,2264.27,17804731.9,88776055.3,438961305
1152.3,S,70,20358.77,2265.13,17804731.9,88776079.7,438961329
1153.3,S,69,20389.90,2266.25,17804731.9,88776111.1,438961363
1154.3,S,67,20417.19,2267.32,17804731.9,88776303.4,438961782
1155.3,S,66,20441.10,2268.60,17804731.9,88776539.3,438962429
1156.3,S,55,20456.23,2269.98,17804731.9,88777743.8,438963448
1157.3,S,64,20480.45,2271.89,17804785.8,88777807.8,438963647
1158.3,S,64,20509.60,2273.26,17804856.1,88777808.4,438963794
1159.3,S,62,20538.48,2274.89,17804914.7,88777850.7,438963966
1160.3,S,66,20567.04,2275.97,17804967.6,88777984.5,438964190
1161.3,S,61,20595.42,2277.34,17805009.7,88778166.2,438964451
1162.3,S,59,20621.68,2278.82,17805049.7,88778448.6,438964787
1163.3,S,47,20630.50,2279.91,17805067.6,88779394.6,438965662
1164.3,S,66,20656.33,2281.51,17805067.6,88779395.1,438965669
1165.3,S,65,20684.51,2283.10,17805067.6,88779411.3,438965694
1166.3,S,64,20711.69,2284.77,17805067.6,88779436.2,438965723
1167.3,S,68,20739.40,2286.13,17805067.6,88779540.4,438965924
1168.3,S,67,20767.70,2287.66,17805067.6,88779625.1,438966062
1169.3,S,63,20785.86,2289.06,17805067.6,88780332.7,438967029
1170.3,S,52,20798.51,2290.95,17805068.6,88780996.4,438967606
1171.3,S,52,20813.79,2292.79,17805093.0,88780996.6,438967643
1172.3,S,52,20829.15,2294.60,17805117.3,88780996.9,438967665
1173.3,S,51,20843.72,2296.49,17805145.0,88781033.5,438967733
1174.3,S,55,20857.92,2298.20,17805172.8,88781136.4,438967858
1175.3,S,48,20870.52,2300.17,17805182.0,88781686.3,438968381
1176.3,S,54,20884.46,2302.01,17805182.0,88781690.9,438968389
1177.3,S,54,20899.85,2303.87,17805182.0,88781691.7,438968390
1178.3,S,53,20914.28,2305.60,17805182.0,88781722.5,438968426
1179.3,S,53,20928.33,2307.43,17805182.0,88781751.5,438968557
1180.3,S,52,20934.48,2308.28,17805182.0,88782088.2,438969392
1181.3,S,66,20955.07,2309.92,17805182.0,88782186.8,438969508
1182.3,S,70,20984.69,2311.03,17805182.0,88782284.2,438969633
1183.3,S,65,21014.43,2312.46,17805182.0,88782405.4,438969747
1184.3,S,65,21042.10,2314.21,17805182.0,88782406.4,438969757
1185.3,S,63,21068.92,2315.63,17805182.0,88782542.8,438969891
1186.3,S,62,21094.38,2317.01,17805182.0,88783023.3,438970298
1187.3,S,48,21106.61,2318.44,17805182.0,88783773.1,438970945
1188.3,S,62,21132.65,2320.26,17805217.9,88783790.1,438971032
1189.3,S,65,21160.45,2321.83,17805262.0,88783907.0,438971207
1190.3,S,61,21188.71,2323.38,17805306.4,88784003.5,438971373
1191.3,S,60,21215.46,2324.75,17805344.8,88784081.6,438971519
1192.3,S,59,21241.03,2326.06,17805372.7,88784122.4,438971586
1193.4,S,56,21262.01,2327.46,17805394.9,88784516.1,438971964
1194.4,S,58,21272.00,2328.62,17805397.5,88785179.0,438972553
1195.4,S,58,21293.73,2330.00,17805397.5,88785212.8,438972645
1196.4,S,62,21317.18,2331.19,17805397.5,88785284.1,438972887
1197.4,S,58,21340.66,2332.69,17805397.5,88785476.6,438973323
1198.4,S,58,21363.19,2334.41,17805397.5,88785477.4,438973327
1199.4,S,55,21382.76,2336.02,17805397.6,88786001.7,438973776
1200.4,S,54,21394.20,2337.43,17805408.8,88786370.4,438974108
1201.4,S,54,21411.18,2339.18,17805441.9,88786370.7,438974143
1202.4,S,58,21431.02,2340.80,17805467.2,88786475.0,438974272
1203.4,S,52,21449.42,2342.55,17805489.8,88786651.1,438974460
1204.4,S,52,21464.78,2344.67,17805509.6,88786780.0,438974598
1205.4,S,47,21474.57,2346.17,17805519.8,88787177.9,438975267
1206.4,S,47,21483.47,2347.63,17805519.8,88787178.1,438975270
1207.4,S,47,21492.09,2349.11,17805519.9,88787178.6,438975273
1208.4,S,51,21502.28,2350.60,17805519.9,88787315.8,438975412
1209.4,S,54,21518.24,2352.53,17805520.5,88787474.3,438975654
1210.4,S,54,21534.59,2354.32,17805520.5,88787474.8,438975675
1211.4,S,53,21549.90,2356.32,17805520.5,88787506.0,438975745
1212.4,S,53,21565.22,2357.98,17805520.5,88787506.5,438975754
1213.4,S,71,21578.94,2359.73,17805520.8,88787961.8,438976165
1214.4,S,74,21611.38,2360.62,17805520.8,88788073.5,438976279
1215.4,S,73,21645.18,2361.22,17805520.8,88788089.8,438976310
1216.4,S,69,21675.84,2362.08,17805520.8,88788281.8,438976530
1217.4,S,67,21705.41,2363.05,17805520.8,88788359.7,438976614
1218.4,S,67,21735.22,2364.45,17805520.8,88788409.5,438976657
1219.4,S,64,21762.92,2365.96,17805520.8,88788815.8,438977058
1220.4,S,50,21774.73,2367.30,17805520.8,88789947.7,438978010
1221.4,S,66,21797.39,2369.24,17805566.6,88789961.5,438978100
1222.4,S,66,21826.90,2370.68,17805632.1,88789962.0,438978222
1223.4,S,66,21856.37,2372.31,17805694.6,88789962.3,438978318
1224.4,S,68,21885.33,2373.37,17805754.3,88790132.2,438978560
1225.4,S,65,21914.21,2374.69,17805795.6,88790276.4,438978954
1226.4,S,61,21937.13,2375.98,17805825.5,88790425.0,438979471
1227.4,S,57,21949.20,2376.83,17805846.6,88790973.5,438980424
1228.4,S,53,21955.84,2377.87,17805856.8,88791380.7,438981425
1229.4,S,61,21963.37,2378.84,17805856.8,88791603.5,438982203
1230.4,S,61,21988.46,2380.13,17805856.8,88791604.7,438982224
1231.4,S,61,22013.06,2381.51,17805857.0,88791605.5,438982241
1232.4,S,65,22036.21,2382.60,17805857.0,88791708.5,438982497
1233.4,S,65,22063.42,2384.12,17805857.2,88791709.0,438982508
1234.4,S,58,22087.46,2385.85,17805857.5,88792132.1,438982964
1235.4,S,56,22095.93,2386.86,17805857.5,88792946.5,438983872
1236.4,S,64,22111.65,2388.76,17805868.0,88793120.7,438984340
1237.4,S,62,22133.13,2390.08,17805892.2,88793344.9,438985011
1238.4,S,61,22147.07,2390.76,17805904.8,88793621.8,438985899
1239.4,S,60,22166.53,2391.72,17805922.5,88794209.6,438986918
1240.4,S,60,22189.65,2393.15,17805943.4,88794456.4,438987780
1241.4,S,64,22206.78,2393.76,17805956.7,88794794.2,438988612
1242.4,S,64,22224.22,2394.55,17805972.4,88795358.8,438989611
1243.4,S,64,22229.68,2395.34,17805982.3,88795726.0,438990611
1244.8,S,56,22233.08,2396.05,17805992.4,88796396.1,438992003
1245.8,S,49,22238.47,2396.77,17806001.9,88796819.4,438993026
1246.8,S,67,22248.24,2397.54,17806001.9,88797090.1,438993835
1247.8,S,66,22268.85,2397.97,17806002.1,88797659.2,438994690
1248.9,S,66,22293.35,2398.51,17806002.1,88797996.4,438995550
1249.9,S,66,22307.04,2398.89,17806002.1,88798394.1,438996551
1250.9,S,66,22332.78,2399.56,17806002.1,88798888.0,438997415
1251.9,S,65,22354.11,2400.14,17806002.2,88799187.5,438998243
1252.9,S,64,22374.83,2401.03,17806002.2,88799682.1,438999244
1253.9,S,64,22387.98,2402.04,17806002.2,88800112.0,439000245
1254.9,S,61,22394.75,2403.27,17806002.2,88800754.4,439001247
1256.2,S,58,22396.46,2403.82,17806002.2,88801398.1,439002468
1257.3,S,47,22398.41,2404.11,17806002.2,88801800.7,439003570
1258.3,S,47,22403.63,2405.09,17806002.2,88801982.8,439004632
1259.3,S,47,22407.96,2405.83,17806002.2,88801991.6,439005633
1260.3,S,47,22407.96,2405.83,17806002.2,88802002.0,439006634
1261.9,S,61,22418.28,2406.97,17806038.9,88802574.5,439008138
1262.9,S,61,22432.09,2407.83,17806087.2,88802876.2,439009004
1263.9,S,60,22441.59,2408.64,17806135.3,88803235.0,439010005
1264.9,S,62,22453.10,2409.73,17806186.2,88803797.2,439011006
1265.9,S,62,22471.47,2410.78,17806246.3,88804116.5,439011864
1267.0,S,62,22486.35,2412.49,17806254.4,88804198.4,439012957
1268.0,S,62,22500.49,2414.28,17806258.4,88804210.6,439013958
1269.0,S,61,22511.63,2415.50,17806265.1,88804222.2,439014960
1271.4,S,61,22524.70,2416.28,17806330.8,88804884.7,439017401
1272.5,S,59,22532.68,2416.73,17806379.6,88805285.7,439018504
1273.8,S,57,22538.96,2417.19,17806414.6,88805868.4,439019729
1274.8,S,55,22545.52,2417.88,17806435.6,88806135.2,439020729
1275.8,S,55,22546.11,2417.89,17806438.3,88806146.1,439021730
1278.9,S,51,22548.39,2418.00,17806454.7,88806311.9,439024824
1279.9,S,54,22553.62,2418.64,17806462.4,88806686.7,439025824
1280.9,S,70,22571.98,2419.33,17806462.4,88807598.0,439026839
1281.9,S,66,22590.34,2420.00,17806462.5,88807959.1,439027861
1282.9,S,64,22602.14,2420.38,17806462.5,88808217.2,439028862
1287.7,S,64,22623.46,2421.44,17806462.5,88808637.2,439033210
1288.7,S,64,22649.41,2422.94,17806462.6,88808639.4,439033240
1289.7,S,64,22676.01,2424.22,17806462.7,88808689.8,439033397
1290.7,S,60,22693.54,2425.53,17806462.7,88809231.6,439034158
1291.7,S,58,22697.22,2426.46,17806462.7,88809763.1,439035159
1292.7,S,63,22713.29,2428.11,17806515.5,88809915.1,439035549
1293.7,S,65,22738.86,2429.55,17806620.2,88809965.6,439035918
1294.7,S,65,22764.33,2430.99,17806711.9,88810044.7,439036423
1295.7,S,60,22787.52,2432.46,17806800.6,88810162.8,439036873
1296.7,S,59,22811.50,2433.84,17806892.0,88810181.0,439037133
1297.7,S,59,22833.16,2435.33,17806969.4,88810304.6,439037620
1298.7,S,54,22844.50,2436.53,17807012.9,88810629.6,439038591
1299.7,S,60,22861.80,2437.68,17807019.5,88811184.1,439039384
1300.7,S,64,22886.22,2438.97,17807020.0,88811240.9,439039585
1301.7,S,62,22912.53,2440.29,17807020.0,88811289.0,439039677
1302.7,S,60,22936.27,2441.83,17807020.2,88811434.4,439040024
1303.7,S,59,22959.13,2443.21,17807020.2,88811487.7,439040166
1304.7,S,59,22976.89,2444.70,17807020.2,88812017.3,439041070
1305.7,S,58,22981.56,2445.50,17807020.2,88812375.9,439042069
1306.8,S,51,22987.94,2446.61,17807025.6,88812938.0,439042989
1307.9,S,51,22991.09,2446.69,17807049.4,88813318.4,439044132
1308.9,S,54,22999.88,2447.47,17807087.5,88813695.3,439044801
1309.9,S,54,23012.08,2449.12,17807103.9,88813908.6,439045668
1310.9,S,54,23019.93,2450.64,17807105.0,88813916.3,439046669
1311.9,S,54,23027.79,2452.03,17807105.9,88813929.4,439047670
1312.9,S,54,23033.94,2453.09,17807111.2,88814145.2,439048671
1313.9,S,50,23037.27,2453.38,17807130.5,88814765.5,439049671
1315.1,S,50,23044.01,2454.20,17807156.0,88815343.0,439050761
1316.1,S,50,23054.61,2455.84,17807182.9,88815652.6,439051461
1317.1,S,50,23062.10,2456.94,17807198.4,88815968.2,439052462
1318.1,S,50,23065.56,2457.31,17807211.6,88816369.2,439053471
1319.1,S,50,23066.88,2457.35,17807221.9,88816661.9,439054495
1321.5,S,50,23068.53,2457.39,17807226.5,88816688.8,439056877
1322.5,S,50,23068.89,2457.40,17807228.2,88816699.4,439057878
1323.5,S,50,23069.68,2457.44,17807228.2,88816711.4,439058879
1324.5,S,51,23073.25,2458.00,17807228.2,88816942.9,439059858
1325.5,S,58,23081.57,2459.20,17807228.2,88817268.2,439060761
1326.5,S,54,23089.92,2459.93,17807228.2,88817803.7,439061763
1327.5,S,54,23102.78,2461.28,17807228.2,88818099.4,439062543
1328.5,S,54,23111.30,2462.06,17807228.2,88818454.6,439063543
1329.5,S,54,23115.37,2462.39,17807228.2,88818817.7,439064555
1335.1,S,53,23133.59,2463.51,17807228.2,88819241.6,439070078
1336.1,S,53,23138.12,2464.20,17807228.2,88819586.3,439071090
1337.2,S,52,23143.76,2464.97,17807228.3,88820249.6,439072206
1338.2,S,51,23147.35,2465.62,17807228.3,88820524.7,439073207
1343.3,S,64,23158.15,2466.77,17807228.3,88821159.6,439078298
1344.3,S,63,23175.83,2467.30,17807228.3,88821412.5,439079075
1345.3,S,63,23194.87,2468.07,17807228.3,88821796.3,439080075
1346.3,S,63,23214.52,2468.89,17807228.3,88822345.4,439081076
1347.3,S,63,23217.19,2468.99,17807228.3,88822388.6,439082077
1352.2,S,63,23232.70,2469.29,17807228.3,88822666.1,439086988
1353.2,S,66,23257.68,2469.92,17807228.3,88822946.0,439087790
1354.2,S,65,23277.97,2470.73,17807228.3,88823493.1,439088688
1355.5,S,65,23282.08,2471.29,17807228.3,88823878.2,439089928
1356.8,S,62,23284.87,2472.05,17807228.3,88824298.3,439091247
1363.4,S,59,23286.12,2472.44,17807228.3,88824754.9,439097822
1364.7,S,50,23293.06,2473.35,17807228.8,88825383.2,439099008
1365.7,S,66,23308.26,2474.59,17807290.6,88825777.4,439100009
1366.7,S,66,23326.38,2476.41,17807324.9,88825884.5,439101019
1367.7,S,66,23340.90,2478.13,17807327.2,88825893.6,439102020
1368.7,S,66,23354.31,2479.92,17807327.7,88825902.4,439103021
1369.7,S,66,23364.05,2481.05,17807328.2,88825913.4,439104022
1370.7,S,66,23365.35,2481.16,17807335.3,88826096.5,439105020
1371.7,S,65,23373.62,2481.55,17807411.8,88826710.1,439106032
1372.9,S,76,23400.11,2482.75,17807522.6,88826896.5,439106717
1373.9,S,71,23430.11,2483.34,17807603.9,88827048.1,439107295
1374.9,S,71,23462.16,2484.00,17807689.7,88827048.6,439107528
1375.9,S,70,23493.93,2484.71,17807769.3,88827078.5,439107800
1376.9,S,70,23525.37,2485.40,17807846.9,88827155.4,439108175
1377.9,S,68,23549.58,2486.54,17807882.8,88827669.0,439109071
1378.9,S,61,23563.30,2487.67,17807882.8,88828128.0,439110008
1379.9,S,60,23572.05,2488.48,17807882.8,88828516.3,439111009
1381.2,S,61,23586.20,2490.13,17807924.7,88828998.7,439111840
1382.2,S,61,23611.28,2491.56,17808023.9,88829002.1,439112082
1383.2,S,65,23635.96,2492.98,17808120.4,88829025.7,439112383
1384.2,S,63,23662.75,2494.51,17808199.0,88829110.4,439112755
1385.2,S,58,23684.24,2496.05,17808267.5,88829213.1,439113174
1386.2,S,58,23704.05,2497.47,17808332.5,88829379.6,439113673
1387.2,S,53,23717.38,2498.88,17808376.7,88829732.0,439114582
1388.2,S,51,23726.16,2500.01,17808378.5,88830213.6,439115211
1389.2,S,51,23740.85,2501.96,17808378.5,88830231.1,439115259
1390.2,S,55,23755.03,2503.60,17808378.5,88830301.9,439115353
1391.2,S,52,23772.09,2505.42,17808378.5,88830480.0,439115539
1392.2,S,49,23783.08,2507.10,17808378.5,88830782.1,439115821
1393.2,S,56,23798.78,2508.91,17808382.1,88830853.7,439115901
1394.2,S,56,23816.80,2510.74,17808407.8,88830854.9,439115968
1395.2,S,56,23835.00,2512.61,17808430.6,88830855.2,439116021
1396.2,S,59,23852.68,2514.24,17808439.7,88830935.3,439116274
1397.2,S,58,23869.95,2515.78,17808443.0,88831099.0,439116809
1398.3,S,61,23880.22,2517.07,17808443.0,88831641.7,439117645
1399.3,S,59,23903.98,2518.44,17808443.0,88831667.6,439117786
1400.3,S,58,23927.16,2519.89,17808443.0,88831687.1,439118226
1401.3,S,58,23949.78,2521.33,17808443.0,88831687.1,439118226
1402.3,S,61,23969.13,2522.46,17808443.0,88831834.1,439118666
1403.3,S,61,23993.23,2523.99,17808443.0,88832004.2,439119022
1404.3,S,59,24005.99,2525.43,17808470.0,88832767.0,439119741
1405.3,S,59,24029.54,2527.03,17808571.3,88832864.7,439120035
1406.3,S,58,24052.56,2528.46,17808666.2,88832889.4,439120208
1407.3,S,58,24077.02,2531.43,17808761.7,88832889.6,439120371
1408.3,S,62,24104.82,2535.75,17808869.2,88832993.5,439120631
1409.3,S,56,24131.94,2540.47,17808968.1,88833188.1,439120970
1410.3,S,50,24149.44,2545.07,17809014.6,88833915.0,439121684
1411.3,S,51,24160.95,2549.10,17809014.6,88834118.8,439121875
1412.3,S,48,24176.19,2554.07,17809014.6,88834191.4,439121949
1413.3,S,47,24188.79,2559.13,17809014.6,88834216.6,439122066
1414.3,S,51,24203.04,2563.78,17809014.6,88834319.4,439122158
1415.3,S,47,24216.17,2568.59,17809014.6,88834511.3,439122568
1416.3,S,47,24228.93,2573.73,17809014.6,88834511.8,439122571
1417.3,S,51,24244.20,2578.32,17809014.6,88834615.0,439122699
1418.3,S,47,24258.30,2583.59,17809014.6,88834806.8,439122881
1419.3,S,51,24270.33,2588.24,17809014.6,88834912.5,439123039
1420.3,S,49,24287.11,2593.25,17809014.6,88834960.4,439123094
1421.3,S,47,24300.44,2598.24,17809014.6,88835104.8,439123224
1422.3,S,51,24313.36,2602.92,17809014.6,88835209.3,439123343
1423.3,S,49,24329.52,2607.60,17809014.6,88835499.4,439123598
1424.3,S,47,24341.10,2611.90,17809014.6,88836110.9,439124135
1425.3,S,47,24352.67,2616.23,17809014.6,88836652.3,439124605
1426.3,S,51,24367.59,2620.57,17809014.6,88837418.9,439125297
1427.3,S,47,24379.67,2624.56,17809014.6,88837835.6,439126159
1428.3,S,47,24386.54,2627.02,17809014.6,88838314.1,439127159
1429.4,S,47,24395.48,2630.22,17809014.6,88838872.9,439127908
1430.4,S,47,24401.05,2632.36,17809014.6,88839377.2,439128909
1431.4,S,47,24403.92,2633.20,17809014.6,88839873.7,439129910
1432.4,S,51,24408.23,2634.41,17809014.6,88840163.5,439130838
1433.4,S,48,24422.86,2638.87,17809014.6,88840575.0,439131524
1434.4,S,47,24427.16,2640.42,17809014.6,88841050.9,439132525
1435.6,S,47,24429.90,2641.40,17809014.6,88841426.9,439133675
1436.6,S,47,24437.56,2644.09,17809014.6,88842027.0,439134544
1437.6,S,47,24447.03,2647.88,17809014.6,88842408.5,439135545
1438.6,S,47,24450.16,2649.21,17809014.6,88842790.6,439136546
1439.6,S,47,24450.34,2649.23,17809014.6,88843159.8,439137547
1441.3,S,47,24451.32,2649.25,17809014.6,88843173.0,439139264
1442.3,S,47,24452.31,2649.27,17809014.6,88843186.1,439140266
1443.3,S,47,24452.63,2649.28,17809014.6,88843213.4,439141268
1444.3,S,47,24452.63,2649.34,17809014.6,88843693.2,439142270
1445.3,S,66,24459.82,2651.36,17809014.6,88843910.8,439142980
1446.3,S,66,24479.27,2652.22,17809014.6,88844561.5,439143979
1447.3,S,65,24488.54,2652.77,17809014.6,88844920.3,439144979
1448.3,S,65,24488.84,2652.78,17809014.6,88844967.9,439145980
1450.3,S,64,24512.20,2654.28,17809014.6,88844992.2,439147957
1451.3,S,64,24535.61,2655.85,17809014.6,88845003.9,439148958
1452.3,S,62,24553.71,2656.95,17809014.6,88845531.4,439149960
1453.3,S,62,24569.53,2657.91,17809014.6,88845836.8,439150826
1454.3,S,62,24581.31,2658.74,17809014.6,88846465.2,439151827
1455.3,S,62,24586.65,2659.21,17809014.6,88846805.4,439152828
1456.3,S,62,24591.69,2659.78,17809014.6,88847391.2,439153828
1457.3,S,62,24592.49,2659.85,17809014.6,88847569.4,439154829
1459.9,S,62,24602.05,2660.80,17809014.6,88847599.8,439157436
1460.9,S,62,24603.04,2660.82,17809014.6,88847610.9,439158437
1461.9,S,62,24603.36,2660.83,17809014.6,88847650.6,439159438
1463.4,S,55,24604.32,2661.05,17809014.6,88848180.7,439160975
1464.4,S,51,24606.18,2661.23,17809014.6,88848781.0,439161979
1465.4,S,91,24630.12,2661.81,17809014.6,88849010.4,439162705
1466.4,S,86,24664.98,2662.24,17809014.6,88849092.2,439162980
1467.4,S,84,24699.20,2663.06,17809014.6,88849134.3,439163099
1468.4,S,83,24733.99,2663.53,17809014.6,88849150.2,439163132
1469.4,S,79,24769.36,2663.98,17809014.6,88849248.8,439163223
1470.4,S,79,24804.76,2664.44,17809014.6,88849303.6,439163278
1471.4,S,79,24840.14,2664.90,17809014.6,88849347.2,439163351
1472.4,S,78,24875.16,2665.43,17809014.6,88849477.3,439163646
1473.4,S,71,24908.62,2666.04,17809014.6,88850002.2,439164227
1474.4,S,66,24932.40,2666.91,17809014.6,88850818.0,439165138
1475.4,S,65,24942.63,2667.68,17809014.6,88851181.2,439166139
1476.5,S,62,24944.15,2668.12,17809014.6,88851778.8,439167179
1477.5,S,84,24959.34,2669.49,17809042.8,88852283.8,439167927
1478.5,S,83,24977.79,2669.98,17809108.0,88852294.4,439168928
1479.5,S,83,24995.82,2671.42,17809140.5,88852303.6,439169929
1480.5,S,83,25012.64,2673.34,17809157.8,88852313.3,439170930
1481.5,S,86,25029.20,2675.02,17809189.4,88852369.7,439171930
1482.6,S,100,25063.14,2676.27,17809362.1,88852739.1,439173016
1483.6,S,96,25091.80,2676.80,17809518.8,88852978.0,439173818
1484.8,S,94,25119.33,2677.40,17809670.0,88853583.3,439174987
1485.8,S,89,25153.88,2677.98,17809855.5,88853769.6,439175681
1486.8,S,88,25189.12,2678.53,17810058.5,88853795.6,439176138
1487.8,S,85,25223.91,2679.11,17810254.9,88853890.1,439176710
1488.8,S,84,25259.02,2679.68,17810441.4,88853914.1,439177151
1489.8,S,83,25292.15,2680.26,17810605.5,88854049.7,439177763
1490.8,S,80,25326.78,2680.87,17810782.1,88854132.2,439178296
1491.8,S,77,25354.13,2681.78,17810938.8,88854668.8,439179221
1492.8,S,76,25367.68,2682.26,17811035.1,88855041.1,439180222
1493.8,S,72,25374.54,2682.74,17811084.2,88855402.1,439181229
1494.8,S,68,25377.13,2683.41,17811103.8,88856424.8,439182229
1495.8,S,68,25377.66,2683.43,17811106.0,88856462.7,439183230
1499.8,S,62,25378.33,2683.68,17811109.0,88856948.0,439187180
1500.8,S,51,25384.57,2684.58,17811109.0,88857520.8,439188180
1501.8,S,68,25404.50,2686.55,17811109.0,88857706.6,439189181
1502.8,S,62,25426.78,2688.40,17811109.0,88858097.5,439189986
1503.8,S,61,25442.50,2689.34,17811109.0,88858441.2,439190774
1504.8,S,61,25461.73,2690.50,17811109.0,88858809.3,439191703
1505.8,S,61,25484.41,2691.90,17811109.0,88859109.5,439192666
1506.8,S,61,25508.55,2693.20,17811109.0,88859120.6,439193667
1507.8,S,61,25520.76,2694.39,17811109.0,88859129.5,439194669
1508.8,S,61,25520.76,2694.39,17811109.0,88859140.7,439195671
1510.6,S,61,25520.76,2695.14,17811109.0,88859895.6,439197412
1511.6,S,61,25520.76,2695.41,17811109.0,88860272.4,439198412
1512.6,S,58,25526.45,2696.02,17811109.0,88860904.0,439199413
1513.6,S,51,25530.75,2696.50,17811109.0,88861447.0,439200413
1519.2,S,51,25536.82,2697.58,17811109.0,88861513.1,439206075
1520.2,S,60,25547.31,2699.46,17811125.1,88861646.5,439206918
1521.2,S,60,25566.83,2700.70,17811192.6,88861953.0,439207815
1522.2,S,60,25578.71,2701.41,17811235.9,88862300.6,439208682
1523.2,S,60,25594.21,2702.20,17811291.3,88862814.3,439209639
1524.2,S,60,25603.68,2702.67,17811327.7,88863145.9,439210640
1525.3,S,60,25618.67,2704.26,17811351.0,88863299.6,439211692
1526.3,S,60,25629.95,2705.67,17811357.3,88863303.4,439212694
1531.9,S,59,25641.20,2706.67,17811412.5,88863938.9,439218294
1532.9,S,55,25652.57,2707.34,17811473.8,88864227.0,439219224
1534.0,S,54,25658.44,2707.55,17811521.9,88864842.6,439220339
1535.0,S,62,25666.17,2707.96,17811552.9,88865159.9,439221340
1536.0,S,62,25673.65,2708.09,17811562.3,88865165.3,439222340
1537.0,S,62,25677.57,2708.17,17811572.6,88865174.5,439223341
1541.3,S,60,25683.34,2708.72,17811588.5,88865636.0,439227636
1542.3,S,54,25688.24,2709.15,17811591.3,88866184.4,439228637
1543.3,S,50,25693.48,2709.58,17811591.3,88866497.8,439229638
1544.3,S,50,25699.04,2710.54,17811591.3,88866825.5,439230594
1545.3,S,50,25706.84,2712.16,17811591.3,88866835.9,439231596
1546.3,S,50,25714.68,2713.57,17811591.3,88866847.2,439232598
1547.3,S,50,25718.29,2714.20,17811591.3,88866857.7,439233600
1550.5,S,60,25723.98,2714.89,17811602.1,88867475.8,439236761
1551.5,S,60,25733.24,2715.48,17811619.1,88867789.8,439237763
1552.5,S,60,25746.42,2716.37,17811644.0,88868130.8,439238764
1553.5,S,60,25766.48,2717.75,17811702.9,88868622.6,439239528
1554.5,S,60,25782.69,2718.81,17811729.0,88868631.1,439240323
1555.5,S,60,25784.67,2718.84,17811733.4,88868642.6,439241324
1558.5,S,62,25804.72,2720.00,17811779.1,88868771.7,439243809
1559.5,S,62,25819.72,2721.32,17811816.9,88868984.0,439244684
1560.7,S,68,25830.15,2722.37,17811859.1,88869336.8,439245717
1561.7,S,68,25860.29,2723.59,17811901.5,88869400.0,439245838
1562.7,S,63,25887.61,2724.92,17811922.4,88869653.6,439246107
1563.7,S,63,25913.37,2726.27,17811922.8,88869720.3,439246299
1564.7,S,62,25939.41,2727.58,17811922.8,88869762.1,439246578
1565.7,S,65,25964.61,2728.87,17811922.8,88869945.6,439246752
1566.7,S,65,25980.51,2729.96,17811922.8,88870380.2,439247569
1567.7,S,60,25987.91,2730.84,17811922.8,88870748.3,439248570
1568.7,S,48,25991.90,2731.70,17811922.8,88871204.0,439249453
1569.7,S,58,26007.70,2733.60,17811978.5,88871210.9,439250094
1570.7,S,58,26025.22,2735.53,17812045.6,88871211.3,439251034
1571.7,S,57,26038.47,2737.30,17812077.1,88871236.4,439251997
1572.7,S,56,26057.39,2739.04,17812165.5,88871256.5,439252501
1573.7,S,60,26077.92,2740.53,17812265.8,88871331.4,439252847
1574.7,S,59,26097.08,2742.00,17812347.5,88871533.9,439253481
1575.7,S,62,26117.98,2743.81,17812423.8,88871629.3,439253884
1576.7,S,61,26133.32,2744.86,17812458.9,88871918.2,439254720
1577.7,S,54,26143.84,2746.03,17812459.4,88872262.2,439255491
1578.7,S,54,26159.13,2747.82,17812459.4,88872262.7,439255496
1579.7,S,54,26174.44,2749.74,17812459.4,88872270.8,439255518
1580.7,S,53,26188.44,2751.35,17812459.4,88872794.3,439256216
1581.7,S,66,26212.66,2752.86,17812459.4,88872931.5,439256623
1582.7,S,65,26241.58,2754.31,17812459.4,88872940.2,439256653
1583.7,S,64,26270.24,2755.75,17812459.4,88872971.2,439256681
1584.7,S,64,26298.47,2757.34,17812459.4,88872973.4,439256685
1585.7,S,63,26326.22,2758.99,17812459.4,88873079.0,439256798
1586.7,S,61,26351.67,2760.57,17812459.4,88873585.4,439257338
1587.7,S,51,26363.71,2762.04,17812459.4,88874336.2,439258159
1588.7,S,69,26381.74,2763.40,17812537.5,88874489.7,439258799
1589.7,S,73,26412.81,2764.14,17812682.2,88874532.4,439259273
1590.7,S,71,26440.62,2764.88,17812806.0,88874660.8,439259911
1591.7,S,67,26470.47,2765.80,17812940.8,88874666.6,439260244
1592.7,S,66,26498.89,2766.70,17813057.8,88874699.8,439260607
1593.7,S,63,26525.55,2767.89,17813165.1,88874855.2,439261190
1594.7,S,61,26547.23,2769.15,17813258.7,88875155.3,439261840
1595.7,S,56,26554.58,2770.17,17813287.7,88875654.9,439262841
1596.7,S,54,26556.75,2770.62,17813287.7,88875911.6,439263842
1597.7,S,52,26562.94,2771.47,17813287.7,88876509.7,439264843
1598.7,S,52,26576.21,2773.09,17813290.1,88876583.2,439265135
1599.7,S,52,26589.52,2775.03,17813291.8,88876594.5,439265180
1600.7,S,56,26604.73,2776.71,17813292.2,88876606.8,439265361
1601.7,S,51,26615.77,2777.78,17813292.2,88877011.6,439266079
1602.7,S,53,26627.97,2779.59,17813292.2,88877059.9,439266169
1603.8,S,53,26642.25,2781.35,17813292.2,88877060.0,439266174
1604.8,S,53,26656.65,2783.13,17813292.2,88877060.4,439266227
1605.8,S,53,26671.00,2784.79,17813292.2,88877076.9,439266251
1606.8,S,49,26683.50,2786.56,17813292.2,88877428.6,439266572
1607.8,S,65,26702.80,2788.23,17813292.2,88877535.1,439266678
1608.8,S,62,26729.64,2789.76,17813292.2,88877607.3,439266752
1609.8,S,60,26753.51,2791.22,17813292.2,88877656.4,439266889
1610.8,S,60,26776.85,2792.70,17813292.2,88877656.7,439266894
1611.8,S,60,26800.20,2794.10,17813292.2,88877677.4,439266913
1612.8,S,57,26819.58,2795.64,17813292.2,88878365.0,439267492
1613.8,S,66,26837.16,2797.22,17813317.2,88878728.3,439267862
1614.8,S,62,26864.96,2798.98,17813366.1,88878825.3,439268050
1615.8,S,61,26891.33,2800.50,17813427.2,88878846.6,439268165
1616.8,S,60,26916.80,2802.02,17813478.5,88878876.3,439268293
1617.8,S,60,26941.82,2803.45,17813533.7,88878876.8,439268371
1618.8,S,59,26965.95,2804.88,17813579.0,88879102.4,439268649
1619.8,S,61,26978.65,2806.18,17813595.6,88879994.3,439269479
1620.8,S,57,27000.04,2807.75,17813595.6,88880090.7,439269688
1621.8,S,57,27021.41,2809.35,17813595.6,88880090.9,439269698
1622.8,S,56,27041.07,2811.20,17813595.6,88880221.1,439269811
1623.8,S,56,27060.65,2812.84,17813595.6,88880221.7,439269812
1624.8,S,56,27077.21,2814.69,17813595.6,88880489.4,439270493
1625.8,S,59,27088.96,2815.82,17813623.7,88881026.0,439271178
1626.8,S,55,27109.87,2817.41,17813694.9,88881212.5,439271471
1627.8,S,55,27127.77,2819.41,17813759.7,88881218.7,439271592
1628.9,S,55,27145.96,2821.27,17813828.4,88881220.3,439271733
1629.9,S,53,27162.61,2823.21,17813898.7,88881317.4,439271956
1630.9,S,47,27174.03,2824.88,17813938.8,88881803.3,439272472
1631.9,S,51,27184.09,2826.30,17813938.8,88881906.2,439272571
1632.9,S,47,27194.23,2827.89,17813938.8,88882099.3,439272751
1633.9,S,47,27202.97,2829.45,17813939.1,88882102.1,439272787
1634.9,S,47,27211.66,2830.84,17813939.1,88882102.4,439272808
1635.9,S,47,27220.23,2832.28,17813939.1,88882102.6,439272814
1636.9,S,47,27228.87,2833.74,17813939.1,88882102.9,439272820
1637.9,S,47,27237.32,2835.15,17813939.1,88882178.2,439272972
1638.9,S,60,27253.38,2836.59,17813939.1,88882301.8,439273212
1639.9,S,55,27272.75,2838.49,17813939.1,88882415.3,439273322
1640.9,S,55,27289.90,2840.44,17813939.1,88882444.6,439273393
1641.9,S,55,27307.09,2842.38,17813939.1,88882445.0,439273399
1642.9,S,55,27322.26,2844.20,17813939.1,88882627.1,439273795
1643.9,S,73,27335.63,2845.46,17813939.1,88883028.8,439274318
1644.9,S,72,27369.34,2846.12,17813939.1,88883035.0,439274342
1645.9,S,76,27403.25,2846.67,17813939.1,88883137.8,439274469
1646.9,S,76,27438.05,2847.15,17813939.1,88883139.3,439274500
1647.9,S,71,27470.89,2847.98,17813939.1,88883364.5,439274724
1648.9,S,71,27502.95,2848.67,17813939.1,88883364.8,439274725
1649.9,S,67,27532.85,2849.49,17813939.1,88883868.5,439275156
1650.9,S,59,27546.74,2850.80,17813939.1,88885039.8,439276157
1652.0,S,75,27573.91,2852.03,17814037.5,88885272.5,439276655
1653.0,S,74,27608.29,2852.60,17814174.6,88885287.5,439276986
1654.0,S,74,27642.57,2853.25,17814299.6,88885287.7,439277281
1655.0,S,74,27676.85,2853.90,17814431.0,88885288.0,439277598
1656.0,S,71,27710.33,2854.58,17814549.4,88885414.8,439277976
1657.0,S,71,27742.48,2855.24,17814653.5,88885417.1,439278239
1658.0,S,69,27770.38,2856.00,17814743.2,88885956.8,439278848
1659.0,S,61,27772.59,2856.80,17814748.2,88887205.0,439279921
1660.1,S,65,27794.49,2858.76,17814748.2,88887422.5,439280108
1661.1,S,65,27821.44,2860.16,17814748.2,88887426.3,439280215
1662.1,S,65,27847.28,2861.20,17814748.2,88887434.4,439280247
1663.1,S,68,27868.96,2861.68,17814748.2,88887707.7,439280806
1664.1,S,68,27895.45,2862.28,17814748.3,88888158.0,439281326
1665.1,S,62,27915.56,2863.13,17814748.3,88889157.3,439282177
1666.1,S,61,27928.32,2864.31,17814748.3,88889660.0,439283072
1667.2,S,53,27932.07,2865.08,17814748.3,88890327.1,439284223
1668.2,S,47,27936.14,2865.79,17814748.3,88890664.8,439285145
1669.3,S,47,27938.40,2866.25,17814748.3,88891201.3,439286152
1670.3,S,63,27959.26,2867.53,17814815.7,88891587.7,439286966
1671.3,S,62,27979.72,2868.48,17814893.1,88892061.3,439287846
1672.3,S,62,27997.21,2869.50,17814943.9,88892514.0,439288841
1673.3,S,61,28014.96,2870.51,17815006.8,88892859.2,439289883
1674.3,S,61,28035.99,2871.84,17815089.1,88893389.8,439290846
1675.3,S,61,28047.93,2872.29,17815161.2,88893814.5,439291847
1676.6,S,61,28057.12,2872.57,17815234.5,88894336.7,439293070
1677.6,S,71,28072.40,2873.19,17815292.8,88894786.4,439293953
1678.7,S,70,28084.80,2873.89,17815316.2,88895276.7,439295109
1679.7,S,68,28093.77,2874.67,17815325.1,88895911.5,439296109
1680.7,S,64,28105.11,2875.80,17815325.1,88896097.8,439297127
1681.7,S,64,28122.37,2877.54,17815325.1,88896108.7,439298128
1682.7,S,64,28139.85,2879.26,17815325.1,88896120.2,439299129
1683.7,S,64,28144.94,2879.80,17815325.1,88896131.8,439300130
1685.6,S,60,28149.80,2880.48,17815325.1,88896847.9,439301964
1686.7,S,53,28152.73,2881.06,17815325.1,88897238.6,439303050
1687.7,S,50,28155.65,2881.57,17815325.1,88897902.0,439304075
1688.7,S,48,28158.70,2882.15,17815325.1,88898267.0,439305068
1690.7,S,48,28158.70,2882.15,17815325.1,88898291.0,439307032
1691.7,S,48,28160.83,2882.56,17815325.1,88898344.6,439308033
1692.7,S,57,28164.81,2883.56,17815326.4,88898654.7,439308959
1693.7,S,56,28177.92,2884.52,17815368.5,88899220.6,439309871
1694.9,S,56,28181.56,2884.61,17815383.7,88899593.1,439311094
1696.3,S,56,28185.59,2884.70,17815383.9,88899604.0,439312543
1697.3,S,56,28189.65,2884.76,17815384.5,88899614.4,439313544
1698.3,S,56,28192.79,2884.81,17815388.8,88899625.5,439314545
1699.3,S,56,28194.34,2884.90,17815399.9,88899816.9,439315545
1700.3,S,55,28197.71,2885.07,17815424.0,88900399.6,439316546
1701.3,S,56,28206.86,2885.59,17815450.5,88900685.8,439317468
1702.4,S,55,28214.12,2886.22,17815472.3,88901112.1,439318490
1703.4,S,55,28220.55,2887.21,17815479.4,88901250.2,439319492
1704.4,S,55,28228.80,2888.72,17815480.3,88901259.3,439320493
1705.4,S,55,28236.90,2890.10,17815482.1,88901271.2,439321494
1706.4,S,54,28240.43,2890.67,17815483.1,88901282.2,439322495
1708.3,S,51,28246.05,2891.27,17815508.3,88901996.9,439324364
1709.3,S,63,28265.88,2892.89,17815549.8,88902155.4,439324783
1710.3,S,62,28290.58,2894.22,17815584.9,88902284.7,439325125
1711.3,S,63,28308.33,2895.30,17815590.8,88902582.2,439325985
1712.3,S,62,28333.38,2896.82,17815591.6,88902592.5,439326038
1713.3,S,57,28355.57,2898.50,17815591.6,88902735.7,439326175
1714.3,S,57,28374.03,2900.04,17815591.6,88902887.8,439326558
1715.3,S,54,28382.45,2901.29,17815591.6,88903484.1,439327461
1716.3,S,56,28400.09,2903.24,17815648.0,88903613.7,439327885
1717.3,S,56,28419.93,2904.70,17815746.9,88903667.9,439328260
1718.3,S,59,28442.33,2906.43,17815826.5,88903711.2,439328733
1719.3,S,55,28462.23,2908.13,17815902.4,88903807.5,439329039
1720.3,S,54,28482.16,2910.08,17815977.4,88904077.6,439329390
1721.3,S,54,28498.24,2911.92,17816035.6,88904462.7,439330373
1722.3,S,52,28503.19,2912.79,17816047.2,88904835.6,439331374
1723.3,S,47,28510.09,2914.01,17816047.2,88905431.0,439332318
1724.3,S,47,28516.42,2915.01,17816047.3,88905758.2,439333275
1725.3,S,51,28528.08,2916.51,17816047.3,88905841.3,439334257
1726.3,S,51,28529.16,2916.74,17816047.3,88905852.6,439335258
1729.8,S,54,28540.04,2918.32,17816047.3,88906489.7,439338686
1730.8,S,54,28556.39,2920.10,17816047.3,88906865.7,439339641
1731.8,S,54,28572.53,2921.94,17816047.5,88906960.8,439340000
1732.8,S,53,28587.99,2923.72,17816047.5,88906997.6,439340100
1733.8,S,53,28602.64,2925.57,17816047.5,88907004.1,439340374
1734.8,S,70,28615.37,2926.87,17816047.5,88907466.0,439340929
1735.8,S,70,28645.59,2927.79,17816047.5,88907581.4,439341241
1736.8,S,66,28672.01,2929.28,17816047.7,88907658.8,439341462
1737.8,S,66,28700.28,2930.80,17816047.7,88907659.0,439341466
1738.8,S,66,28728.18,2932.41,17816047.7,88907685.0,439341627
1739.8,S,65,28755.64,2933.97,17816047.7,88907784.3,439341750
1740.8,S,57,28771.93,2935.20,17816047.7,88908518.4,439342626
1741.8,S,51,28781.37,2936.66,17816047.7,88909094.4,439343352
1742.8,S,68,28804.46,2938.13,17816135.6,88909219.9,439343904
1743.8,S,72,28833.93,2939.33,17816256.8,88909223.7,439344222
1744.8,S,71,28865.27,2940.05,17816371.3,88909249.2,439344547
1745.8,S,66,28893.30,2941.21,17816475.0,88909381.8,439345082
1746.8,S,66,28922.03,2942.48,17816584.8,88909382.1,439345340
1747.8,S,65,28949.47,2943.82,17816678.6,88909496.8,439345813
1748.8,S,62,28963.44,2944.61,17816737.5,88909953.4,439346814
1749.8,S,61,28965.30,2945.10,17816739.8,88910454.3,439347853
1750.9,S,58,28968.75,2945.85,17816739.8,88910848.0,439348921
1751.9,S,68,28982.65,2946.95,17816739.8,88910937.6,439349203
1752.9,S,68,29012.24,2947.97,17816739.8,88910962.3,439349323
1753.9,S,68,29041.32,2949.38,17816739.8,88911579.1,439350274
1754.9,S,67,29070.55,2950.75,17816739.8,88911914.2,439351241
1755.9,S,71,29097.77,2951.48,17816739.8,88912120.9,439352228
1756.9,S,71,29124.73,2952.43,17816739.8,88912133.4,439353229
1757.9,S,71,29149.01,2954.04,17816739.8,88912168.5,439354230
1758.9,S,71,29158.60,2955.45,17816739.8,88912210.0,439355231
1761.7,S,70,29160.74,2956.25,17816739.8,88912825.4,439358025
1762.9,S,62,29164.48,2957.79,17816739.8,88913750.9,439359171
1763.9,S,65,29180.96,2959.57,17816775.7,88914137.7,439360154
1764.9,S,65,29205.88,2961.07,17816849.1,88914447.8,439361147
1765.9,S,65,29220.72,2962.32,17816862.5,88914456.0,439362148
1766.9,S,65,29230.49,2962.47,17816873.1,88914464.5,439363149
1767.9,S,65,29240.39,2962.64,17816888.9,88914473.0,439364149
1768.9,S,65,29244.15,2962.71,17816905.6,88914490.2,439365150
1769.9,S,62,29252.09,2963.09,17816983.0,88915091.9,439366232
1770.9,S,79,29278.31,2964.48,17817063.9,88915490.3,439367176
1771.9,S,75,29310.13,2965.05,17817131.3,88915606.7,439367711
1772.9,S,75,29338.58,2966.41,17817147.6,88915614.8,439368712
1773.9,S,75,29367.32,2967.60,17817164.1,88915625.2,439369713
1774.9,S,75,29389.83,2968.60,17817176.6,88915632.2,439370714
1776.0,S,73,29421.61,2969.32,17817244.4,88915746.6,439371189
1777.0,S,73,29444.43,2970.00,17817289.7,88916151.3,439371892
1778.1,S,69,29456.39,2971.32,17817301.9,88916656.9,439373054
1779.1,S,68,29461.22,2972.52,17817301.9,88917032.2,439374083
1780.2,S,66,29465.11,2973.50,17817301.9,88917609.0,439375167
1783.2,S,65,29473.04,2974.89,17817301.9,88917736.8,439378164
1784.3,S,47,29479.86,2976.27,17817301.9,88917756.1,439379002
1785.3,S,47,29479.87,2976.28,17817301.9,88917763.9,439380003
1786.3,S,67,29503.94,2978.13,17817376.7,88917778.6,439380302
1787.3,S,63,29529.59,2979.51,17817466.8,88917875.7,439380725
1788.3,S,63,29556.51,2981.02,17817559.0,88917937.9,439381072
1789.3,S,62,29583.24,2982.54,17817646.7,88917975.6,439381364
1790.3,S,60,29607.31,2984.04,17817715.9,88918070.2,439381780
1791.3,S,60,29630.77,2985.58,17817783.7,88918197.9,439382305
1792.3,S,60,29638.46,2986.17,17817814.6,88918539.4,439383306
1793.3,S,51,29639.98,2986.46,17817819.2,88919161.4,439384362
1794.3,S,58,29659.22,2987.93,17817819.2,88919164.7,439384410
1795.4,S,54,29675.07,2989.69,17817819.2,88919600.2,439384872
1796.4,S,54,29689.83,2991.34,17817819.2,88919871.4,439385638
1797.4,S,54,29702.14,2992.71,17817819.2,88920201.4,439386639
1798.4,S,54,29712.17,2993.78,17817819.2,88920541.0,439387639
1799.4,S,53,29720.46,2995.10,17817819.2,88921112.6,439388641
1800.4,S,53,29721.61,2995.34,17817819.2,88921288.1,439389642
1801.4,S,51,29728.71,2996.62,17817819.2,88921299.8,439390643
1803.6,S,47,29728.72,2996.62,17817819.2,88921324.9,439392839
1804.6,S,47,29728.72,2996.62,17817819.2,88921333.7,439393840
1807.0,S,51,29729.62,2996.78,17817819.2,88921684.8,439396257
1808.0,S,57,29738.26,2997.46,17817819.2,88922316.1,439397258
1809.0,S,54,29748.96,2998.60,17817819.2,88922574.4,439398096
1810.2,S,53,29757.77,2999.69,17817819.2,88922875.8,439399111
1811.2,S,53,29773.09,3001.47,17817819.2,88922886.9,439400111
1812.2,S,53,29787.28,3003.32,17817819.2,88922897.7,439401112
1813.2,S,53,29799.20,3005.07,17817819.2,88922908.4,439402113
1814.2,S,53,29807.74,3006.62,17817819.2,88922920.2,439403114
1815.2,S,53,29814.47,3007.87,17817819.2,88922930.8,439404115
1816.2,S,53,29814.57,3008.08,17817819.2,88923526.7,439405116
1817.2,S,53,29814.57,3008.15,17817819.2,88923880.8,439406116
1818.4,S,52,29815.55,3008.25,17817819.2,88924311.1,439407377
1819.4,S,63,29823.91,3009.09,17817819.2,88924603.7,439408209
1820.4,S,63,29847.56,3010.75,17817819.3,88924614.7,439409211
1821.4,S,63,29869.90,3012.03,17817819.3,88924625.8,439410212
1822.4,S,63,29892.02,3013.55,17817819.3,88924635.2,439411213
1823.4,S,63,29913.68,3015.20,17817819.3,88924644.9,439412214
1824.4,S,58,29926.83,3016.08,17817819.3,88925209.7,439413215
1825.5,S,58,29933.24,3017.00,17817819.3,88925612.8,439414260
1826.6,S,58,29936.45,3018.01,17817819.3,88926291.7,439415390
1827.7,S,57,29937.72,3018.23,17817819.3,88926666.9,439416474
1832.9,S,57,29938.45,3018.25,17817819.3,88926737.1,439421649
1833.9,S,71,29947.99,3018.93,17817839.5,88927144.8,439422647
1834.9,S,71,29966.12,3019.70,17817889.1,88927523.9,439423648
1836.0,S,66,29985.07,3020.80,17817956.5,88928139.7,439424745
1837.0,S,66,29998.55,3021.69,17818001.7,88928466.6,439425746
1838.0,S,66,29999.64,3021.71,17818002.3,88928470.0,439426748
1839.0,S,66,30000.62,3021.73,17818002.3,88928481.0,439427749
1840.0,S,66,30001.60,3021.75,17818002.3,88928491.7,439428750
1841.0,S,66,30016.89,3023.37,17818008.7,88928500.3,439429751
1842.0,S,66,30031.96,3025.27,17818011.0,88928506.3,439430752
1843.0,S,63,30044.29,3026.01,17818072.8,88929093.0,439431751
1844.0,S,62,30052.49,3026.69,17818114.1,88929500.5,439432803
1845.1,S,60,30062.08,3027.48,17818171.0,88929877.5,439433901
1846.3,S,57,30070.26,3028.09,17818218.5,88930298.9,439435016
1847.3,S,57,30075.38,3028.92,17818226.6,88930339.5,439436017
1848.3,S,57,30081.52,3029.89,17818234.9,88930378.6,439437018
1850.0,S,57,30084.16,3030.04,17818245.0,88930450.8,439438765
1851.0,S,63,30085.62,3030.07,17818253.0,88930491.2,439439766
1852.5,S,57,30089.22,3030.17,17818277.5,88930681.1,439441281
1853.5,S,57,30095.66,3030.33,17818338.6,88931020.0,439442281
1854.5,S,75,30112.73,3030.72,17818393.5,88931278.8,439443092
1855.5,S,75,30134.86,3031.26,17818431.4,88931868.0,439444091
1856.7,S,75,30144.74,3031.72,17818437.0,88932374.4,439445321
1857.9,S,72,30157.21,3032.14,17818437.1,88932639.9,439446441
1863.2,S,72,30192.96,3033.00,17818437.1,88932867.7,439451757
1864.3,S,69,30194.81,3033.91,17818437.1,88933555.9,439452862
1865.8,S,62,30194.89,3034.51,17818437.1,88934137.1,439454381
1866.8,S,62,30194.89,3034.51,17818437.1,88934147.2,439455382
1867.8,S,62,30194.89,3034.51,17818437.1,88934157.7,439456384
1868.8,S,62,30194.89,3034.51,17818437.1,88934168.2,439457385
1869.8,S,62,30194.95,3034.52,17818437.1,88934178.4,439458387
1870.8,S,62,30194.95,3034.52,17818437.1,88934189.5,439459388
1871.8,S,51,30197.31,3035.03,17818437.1,88934749.0,439460388
1872.8,S,65,30203.29,3036.23,17818441.0,88935028.6,439461211
1873.8,S,65,30229.94,3038.13,17818522.1,88935030.0,439461390
1874.8,S,65,30255.73,3039.44,17818605.1,88935031.6,439461602
1875.8,S,65,30282.34,3040.90,17818695.4,88935033.1,439461834
1876.8,S,65,30310.06,3042.48,17818795.4,88935037.0,439462063
1877.8,S,63,30336.53,3043.83,17818887.9,88935155.4,439462510
1878.8,S,61,30351.94,3044.99,17818943.8,88935502.0,439463477
1879.8,S,57,30363.27,3045.97,17818976.0,88936113.0,439464431
1880.8,S,54,30367.61,3046.68,17818976.0,88936415.2,439465432
1881.8,S,67,30395.51,3048.27,17818976.0,88936483.9,439465654
1882.8,S,66,30423.82,3049.80,17818976.0,88936499.0,439465698
1883.8,S,65,30451.86,3051.52,17818976.0,88936525.7,439465814
1884.8,S,65,30479.41,3052.99,17818976.0,88936525.9,439465815
1885.8,S,64,30506.14,3054.65,17818976.0,88936623.7,439465980
1886.8,S,57,30526.60,3056.29,17818976.0,88937385.6,439466777
1888.0,S,53,30531.64,3056.85,17818976.0,88937838.9,439467985
1889.2,S,65,30544.40,3058.21,17819007.6,88938014.4,439468601
1890.2,S,65,30571.64,3059.84,17819108.0,88938050.6,439468926
1891.2,S,60,30596.55,3061.61,17819208.0,88938133.7,439469341
1892.2,S,59,30621.95,3063.09,17819311.6,88938158.9,439469532
1893.2,S,57,30646.26,3064.61,17819402.7,88938239.2,439469743
1894.2,S,57,30668.71,3066.13,17819487.7,88938357.9,439469993
1895.2,S,60,30682.75,3067.32,17819527.3,88938742.4,439470783
1896.2,S,58,30689.54,3068.40,17819527.3,88939083.9,439471789
1897.3,S,56,30697.43,3069.46,17819528.1,88939333.4,439472619
1898.3,S,56,30717.17,3071.08,17819528.1,88939430.4,439473029
1899.3,S,56,30736.26,3072.94,17819528.1,88939430.7,439473029
1900.3,S,55,30755.04,3074.70,17819528.1,88939465.8,439473096
1901.3,S,55,30773.18,3076.34,17819528.1,88939466.1,439473106
1902.3,S,52,30789.09,3077.94,17819528.1,88940090.1,439473642
1903.3,S,55,30807.55,3079.61,17819584.7,88940351.7,439473972
1904.3,S,55,30825.83,3081.67,17819647.9,88940353.1,439474068
1905.3,S,55,30844.01,3083.49,17819717.6,88940354.8,439474221
1906.3,S,54,30861.60,3085.30,17819799.2,88940396.8,439474404
1907.3,S,51,30877.01,3086.97,17819854.4,88940683.2,439474760
1908.3,S,51,30886.35,3088.25,17819858.3,88941045.4,439475088
1909.3,S,54,30898.65,3089.91,17819858.3,88941238.3,439475265
1910.3,S,54,30914.95,3091.84,17819858.3,88941239.5,439475279
1911.4,S,54,30931.27,3093.72,17819858.3,88941241.1,439475289
1912.4,S,54,30947.42,3095.51,17819858.3,88941241.2,439475292
1913.4,S,51,30960.91,3097.17,17819858.3,88941609.0,439476002
1914.4,S,67,30978.41,3098.56,17819858.3,88941848.8,439476219
1915.4,S,67,31006.78,3099.99,17819858.3,88941944.9,439476312
1916.4,S,63,31033.93,3101.31,17819858.3,88942041.4,439476397
1917.4,S,63,31060.53,3102.60,17819858.3,88942043.0,439476408
1918.4,S,61,31086.42,3103.78,17819858.3,88942128.4,439476501
1919.4,S,61,31109.22,3105.06,17819858.3,88942573.9,439476877
1920.4,S,47,31120.85,3106.57,17819858.3,88943274.2,439477480
1921.4,S,71,31149.54,3107.93,17819966.1,88943292.1,439477742
1922.4,S,73,31181.92,3108.66,17820086.7,88943418.9,439478081
1923.4,S,68,31213.16,3109.52,17820196.5,88943536.6,439478388
1924.4,S,68,31243.36,3110.47,17820305.5,88943536.7,439478601
1925.4,S,68,31273.70,3111.35,17820409.7,88943537.1,439478820
1926.4,S,67,31302.95,3112.40,17820521.7,88943735.7,439479223
1927.4,S,59,31317.59,3113.53,17820586.5,88944720.4,439480182
1928.4,S,63,31338.98,3114.95,17820586.5,88945146.2,439480544
1929.4,S,63,31365.98,3116.36,17820586.5,88945146.2,439480544
1930.4,S,63,31393.19,3117.87,17820586.5,88945146.5,439480546
1931.4,S,67,31417.03,3119.03,17820586.5,88945345.1,439480990
1932.4,S,66,31445.92,3120.50,17820586.5,88945401.5,439481049
1933.4,S,55,31466.44,3122.22,17820586.5,88946305.3,439481828
1934.4,S,65,31477.45,3123.73,17820590.6,88946705.0,439482180
1935.4,S,64,31505.02,3125.59,17820708.2,88946707.7,439482420
1936.4,S,64,31533.00,3127.15,17820832.2,88946707.8,439482685
1937.4,S,64,31560.79,3128.77,17820946.8,88946708.1,439482941
1938.4,S,67,31588.23,3130.18,17821057.5,88946846.8,439483250
1939.4,S,65,31617.17,3131.85,17821159.8,88946944.6,439483546
1940.4,S,58,31640.34,3133.37,17821244.2,88947560.4,439484219
1941.4,S,66,31651.51,3134.70,17821250.1,88948218.8,439484944
1942.4,S,66,31679.95,3136.28,17821250.1,88948227.1,439484979
1943.4,S,65,31708.21,3137.96,17821250.1,88948250.5,439485004
1944.4,S,65,31736.10,3139.54,17821250.1,88948251.1,439485005
1945.4,S,65,31763.76,3141.06,17821250.1,88948398.6,439485132
1946.4,S,67,31791.56,3142.48,17821250.1,88948627.1,439485604
1947.4,S,60,31812.62,3143.95,17821250.1,88949397.2,439486600
1948.4,S,64,31828.21,3145.82,17821280.8,88949882.8,439487080
1949.4,S,63,31855.35,3147.37,17821384.4,88949890.8,439487271
1950.4,S,62,31881.69,3148.81,17821493.6,88949910.9,439487490
1951.4,S,62,31907.96,3150.28,17821593.2,88949911.2,439487685
1952.4,S,65,31933.76,3151.73,17821689.6,88950051.9,439487983
1953.4,S,60,31960.72,3153.25,17821770.6,88950196.7,439488252
1954.4,S,59,31973.13,3154.33,17821813.1,88950788.3,439489153
1955.4,S,63,31982.18,3155.38,17821815.0,88951248.1,439489900
1956.4,S,63,32009.10,3156.59,17821815.0,88951250.7,439489911
1957.4,S,62,32035.63,3157.94,17821815.0,88951264.1,439489935
1958.4,S,62,32061.77,3159.04,17821815.0,88951264.4,439489950
1959.4,S,66,32088.85,3160.40,17821815.0,88951367.8,439490079
1960.4,S,64,32114.00,3161.95,17821815.0,88951610.4,439490598
1961.4,S,60,32123.40,3163.17,17821815.0,88952389.1,439491598
1962.4,S,62,32137.39,3165.07,17821829.1,88952733.2,439491940
1963.4,S,61,32163.65,3166.49,17821904.8,88952736.6,439492068
1964.4,S,60,32189.36,3167.84,17821969.6,88952750.5,439492193
1965.4,S,64,32213.61,3169.12,17822033.1,88952854.0,439492400
1966.4,S,63,32241.62,3170.76,17822090.4,88952898.3,439492547
1967.5,S,59,32266.92,3172.24,17822143.4,88952995.5,439492748
1968.5,S,57,32281.84,3173.68,17822175.3,88953537.5,439493479
1969.5,S,47,32287.05,3174.63,17822175.7,88954061.2,439494448
1970.5,S,47,32295.71,3176.40,17822175.7,88954062.2,439494460
1971.5,S,47,32304.40,3177.75,17822175.7,88954062.5,439494460
1972.5,S,47,32313.08,3179.28,17822175.7,88954074.0,439494476
1973.5,S,58,32325.45,3181.05,17822175.7,88954262.2,439494775
1974.5,S,54,32341.59,3182.87,17822175.7,88954359.5,439494975
1975.5,S,54,32357.98,3184.62,17822175.7,88954387.7,439495019
1976.5,S,53,32373.50,3186.40,17822175.7,88954427.2,439495051
1977.5,S,53,32387.50,3188.13,17822175.7,88954665.1,439495570
1978.5,S,65,32403.86,3189.48,17822175.7,88954881.5,439496110
1979.5,S,63,32431.37,3190.84,17822175.7,88954997.3,439496221
1980.5,S,67,32461.26,3192.29,17822175.7,88955093.8,439496306
1981.5,S,63,32488.35,3193.70,17822175.7,88955189.8,439496521
1982.5,S,62,32515.38,3194.98,17822175.7,88955233.6,439496616
1983.5,S,60,32541.31,3196.35,17822175.7,88955402.5,439496829
1984.5,S,53,32555.08,3197.68,17822175.7,88956344.6,439497623
1985.5,S,69,32574.83,3199.26,17822221.9,88956505.4,439497896
1986.5,S,69,32605.24,3200.39,17822317.5,88956505.6,439498067
1987.5,S,73,32635.04,3201.27,17822415.8,88956609.0,439498367
1988.5,S,70,32666.87,3202.05,17822523.2,88956704.3,439498682
1989.5,S,65,32696.10,3203.23,17822610.8,88956845.3,439499042
1990.5,S,65,32724.72,3204.72,17822706.1,88956845.7,439499282
1991.5,S,65,32745.52,3206.25,17822768.5,88957170.6,439500174
1992.5,S,60,32751.05,3207.22,17822782.2,88957847.7,439501175
1993.5,S,55,32754.59,3207.96,17822782.2,88958229.8,439502177
1994.5,S,72,32780.88,3209.03,17822782.2,88958263.8,439502265
1995.5,S,72,32813.10,3209.74,17822782.2,88958265.1,439502272
1996.5,S,72,32845.40,3210.43,17822782.2,88958363.5,439502396
1997.5,S,71,32877.50,3211.14,17822782.2,88958406.2,439502441
1998.5,S,75,32908.60,3212.17,17822782.2,88958507.5,439502603
1999.5,S,72,32940.56,3212.90,17822782.2,88958854.1,439502937
2000.5,S,64,32958.49,3213.71,17822782.2,88959819.0,439503751
2001.5,S,57,32964.28,3214.63,17822782.2,88960352.6,439504751
2002.5,S,69,32988.67,3216.00,17822846.0,88960389.5,439505037
2003.5,S,69,33018.58,3216.90,17822931.7,88960390.1,439505252
2004.5,S,69,33048.50,3217.73,17823017.5,88960392.5,439505474
2005.5,S,68,33078.25,3218.65,17823101.3,88960431.4,439505746
2006.5,S,66,33106.68,3219.87,17823169.3,88960557.3,439506229
2007.5,S,66,33132.07,3221.36,17823228.6,88960706.4,439506771
2008.5,S,65,33143.65,3222.36,17823275.6,88961319.5,439507772
2009.6,S,58,33149.87,3223.19,17823294.0,88961744.5,439508898
2010.6,S,61,33155.91,3224.33,17823294.0,88962087.5,439509648
2011.6,S,64,33182.35,3225.78,17823294.0,88962111.4,439509702
2012.6,S,60,33207.52,3227.35,17823294.0,88962290.6,439510167
2013.6,S,60,33230.87,3228.78,17823294.0,88962290.9,439510171
2014.6,S,60,33254.23,3230.08,17823294.0,88962291.3,439510179
2015.6,S,59,33275.37,3231.62,17823294.0,88962646.4,439510664
2016.6,S,62,33291.10,3233.50,17823303.4,88963309.8,439511273
2017.6,S,66,33319.71,3235.12,17823343.0,88963346.1,439511381
2018.6,S,62,33347.26,3236.63,17823370.7,88963518.8,439511582
2019.6,S,61,33373.47,3237.73,17823400.8,88963547.1,439511655
2020.6,S,58,33397.68,3239.26,17823427.9,88963662.0,439511793
2021.6,S,58,33420.95,3240.79,17823451.1,88963723.1,439511886
2022.6,S,54,33429.60,3241.76,17823460.4,88964337.2,439512848
2023.6,S,62,33438.83,3242.75,17823460.6,88964609.5,439513504
2024.6,S,62,33464.07,3244.09,17823460.6,88964609.7,439513529
2025.6,S,58,33486.17,3245.60,17823460.6,88964785.7,439513865
2026.6,S,57,33507.22,3247.45,17823460.6,88964838.3,439513942
2027.6,S,57,33528.06,3249.04,17823460.6,88964859.1,439513983
2028.6,S,54,33543.87,3250.64,17823460.6,88965410.5,439514473
2029.6,S,56,33557.02,3252.13,17823482.4,88965704.2,439514748
2030.6,S,51,33574.53,3253.90,17823515.1,88965835.7,439514905
2031.6,S,51,33588.41,3255.87,17823548.0,88965931.8,439515024
2032.6,S,51,33601.89,3257.62,17823583.2,88965932.6,439515046
2033.6,S,47,33614.14,3259.27,17823606.9,88966237.4,439515360
2034.6,S,47,33622.91,3260.66,17823606.9,88966237.7,439515363
2035.6,S,47,33630.08,3261.88,17823606.9,88966336.5,439515577
2036.6,S,58,33643.47,3263.66,17823606.9,88966437.2,439515881
2037.6,S,54,33658.91,3265.36,17823606.9,88966534.3,439516070
2038.6,S,53,33674.95,3267.13,17823606.9,88966563.3,439516095
2039.6,S,53,33690.37,3268.87,17823606.9,88966563.8,439516105
2040.7,S,53,33705.35,3270.68,17823606.9,88966696.0,439516391
2041.7,S,63,33714.36,3271.94,17823606.9,88967016.9,439516997
2042.7,S,67,33741.72,3273.24,17823606.9,88967120.9,439517092
2043.7,S,67,33770.79,3274.87,17823606.9,88967217.3,439517274
2044.7,S,63,33797.88,3276.18,17823606.9,88967314.8,439517359
2045.7,S,62,33824.61,3277.41,17823606.9,88967380.0,439517525
2046.7,S,61,33849.83,3278.72,17823606.9,88967456.7,439517720
2047.7,S,60,33862.69,3280.00,17823606.9,88968403.8,439518660
2048.7,S,67,33883.69,3281.78,17823651.6,88968557.5,439518876
2049.7,S,71,33913.12,3283.09,17823734.6,88968676.7,439519143
2050.7,S,71,33944.73,3283.92,17823817.9,88968676.7,439519292
2051.7,S,66,33974.59,3285.05,17823900.2,88968801.8,439519552
2052.7,S,65,34003.76,3286.46,17823976.7,88968847.6,439519736
2053.7,S,63,34031.89,3288.09,17824049.0,88968946.3,439519963
2054.7,S,57,34050.36,3289.68,17824098.7,88969815.8,439520831
2055.7,S,62,34057.75,3290.84,17824098.7,88970230.4,439521666
2056.7,S,61,34083.77,3292.15,17824098.7,88970241.6,439521697
2057.7,S,65,34107.72,3293.30,17824098.7,88970345.0,439521957
2058.7,S,65,34135.35,3295.06,17824098.7,88970440.5,439522044
2059.7,S,61,34160.09,3296.66,17824098.7,88970538.7,439522220
2060.7,S,59,34182.50,3298.18,17824098.7,88970828.2,439522528
2061.7,S,65,34195.39,3299.71,17824102.0,88971613.2,439523233
2062.7,S,65,34223.22,3301.49,17824148.6,88971613.2,439523307
2063.7,S,65,34251.01,3302.95,17824194.8,88971614.8,439523404
2064.7,S,69,34279.27,3304.28,17824242.4,88971718.0,439523582
2065.7,S,67,34305.70,3305.65,17824283.7,88971851.0,439524021
2066.7,S,61,34331.28,3307.07,17824316.9,88971986.1,439524454
2067.7,S,61,34351.41,3308.37,17824349.5,88972250.6,439525043
2068.7,S,61,34356.97,3309.17,17824364.8,88972811.8,439526043
2069.7,S,61,34365.55,3310.31,17824366.8,88973097.9,439526873
2070.7,S,60,34390.85,3311.56,17824366.8,88973111.2,439526918
2071.7,S,64,34414.81,3312.77,17824366.8,88973215.4,439527022
2072.7,S,64,34442.30,3314.23,17824366.8,88973215.5,439527022
2073.7,S,59,34467.38,3315.94,17824366.8,88973449.5,439527233
2074.7,S,58,34489.42,3317.48,17824366.8,88973682.7,439527439
2075.7,S,59,34503.37,3318.92,17824373.8,88974410.0,439528076
2076.7,S,59,34526.54,3320.39,17824424.9,88974411.5,439528177
2077.7,S,63,34549.51,3321.79,17824484.4,88974514.6,439528376
2078.7,S,62,34576.30,3323.24,17824533.0,88974544.3,439528495
2079.8,S,56,34595.89,3324.86,17824562.7,88974719.3,439529036
2080.8,S,56,34616.11,3326.89,17824589.4,88974875.3,439529460
2081.8,S,54,34622.31,3327.67,17824601.9,88975277.3,439530461
2082.8,S,47,34627.10,3328.50,17824602.7,88975539.6,439531125
2083.8,S,47,34635.91,3329.94,17824602.7,88975539.9,439531132
2084.8,S,51,34643.95,3331.18,17824602.7,88975642.9,439531230
2085.8,S,51,34656.34,3332.91,17824602.7,88975649.3,439531268
2086.8,S,55,34669.64,3334.72,17824602.7,88975834.9,439531482
2087.8,S,55,34687.00,3336.65,17824602.7,88975837.5,439531493
2088.8,S,54,34703.54,3338.55,17824602.7,88975863.7,439531625
2089.8,S,54,34719.72,3340.42,17824602.7,88975864.2,439531637
2090.8,S,54,34732.49,3341.93,17824602.7,88976118.4,439532246
2091.9,S,72,34742.12,3342.92,17824602.7,88976484.4,439532889
2092.9,S,69,34774.46,3343.66,17824602.7,88976669.0,439533049
2093.9,S,68,34804.39,3344.84,17824602.7,88976679.6,439533062
2094.9,S,67,34833.93,3346.11,17824602.7,88976704.9,439533087
2095.9,S,66,34862.54,3347.29,17824602.7,88976746.5,439533185
2096.9,S,66,34891.64,3348.80,17824602.7,88976750.4,439533260
2097.9,S,60,34914.32,3350.22,17824602.7,88977541.5,439534166
2098.9,S,57,34925.45,3351.74,17824603.4,88978262.3,439534781
2099.9,S,71,34956.68,3352.78,17824663.2,88978275.7,439534891
2100.9,S,71,34987.23,3353.42,17824735.8,88978275.8,439535020
2101.9,S,74,35019.44,3354.10,17824808.4,88978400.9,439535256
2102.9,S,70,35052.33,3354.76,17824871.1,88978497.3,439535469
2103.9,S,68,35083.02,3355.57,17824938.3,88978588.4,439535664
2104.9,S,68,35111.56,3356.38,17824994.7,88978883.6,439536037
2105.9,S,62,35124.31,3357.58,17825016.1,88979327.6,439537067
2106.9,S,60,35127.75,3358.23,17825018.2,88979724.8,439538068
2108.3,S,68,35146.35,3359.55,17825018.2,88980191.2,439538764
2109.3,S,68,35176.85,3360.80,17825018.2,88980192.8,439538774
2110.3,S,68,35206.54,3361.78,17825018.2,88980289.0,439538887
2111.3,S,68,35236.68,3362.88,17825018.2,88980289.3,439538891
2112.3,S,66,35266.31,3364.31,17825018.2,88980419.3,439539225
2113.3,S,69,35290.46,3365.61,17825018.2,88980841.5,439540059
2114.3,S,54,35312.19,3367.17,17825018.2,88981658.1,439540760
2115.3,S,59,35319.35,3368.30,17825020.5,88982136.5,439541613
2116.3,S,69,35349.57,3369.36,17825121.8,88982141.2,439541886
2117.3,S,69,35379.76,3370.25,17825212.6,88982156.7,439542169
2118.3,S,68,35409.72,3371.22,17825296.2,88982182.4,439542455
2119.3,S,66,35438.64,3372.61,17825364.1,88982252.2,439542803
2120.3,S,65,35466.45,3374.19,17825422.7,88982296.6,439543206
2121.3,S,65,35486.58,3375.38,17825471.6,88982549.3,439543959
2122.3,S,58,35498.12,3376.34,17825523.7,88983153.3,439544886
2123.3,S,53,35498.97,3376.60,17825528.9,88983587.6,439545917
2124.3,S,68,35513.81,3377.79,17825529.0,88983735.1,439546345
2125.3,S,65,35541.72,3379.29,17825529.0,88983811.9,439546610
2126.3,S,64,35568.07,3380.69,17825529.0,88983917.2,439546752
2127.3,S,63,35594.41,3382.04,17825529.0,88983950.9,439546997
2128.3,S,62,35620.03,3383.29,17825529.0,88983997.2,439547095
2129.3,S,62,35643.18,3384.72,17825529.0,88984128.2,439547651
2130.3,S,61,35649.82,3385.81,17825529.0,88984922.9,439548654
2131.3,S,53,35653.74,3386.22,17825529.0,88985158.0,439549529
2132.3,S,69,35681.85,3387.76,17825585.0,88985165.8,439549717
2133.3,S,65,35708.62,3389.22,17825634.2,88985262.7,439550080
2134.3,S,65,35737.10,3390.86,17825688.2,88985287.4,439550297
2135.3,S,64,35764.92,3392.50,17825742.3,88985355.3,439550574
2136.3,S,62,35791.74,3394.00,17825797.7,88985495.0,439551036
2137.3,S,61,35818.23,3395.44,17825868.7,88985681.2,439551437
2138.3,S,56,35827.08,3396.45,17825893.2,88986179.8,439552417
2139.3,S,54,35827.67,3396.64,17825893.2,88986540.0,439553417
2140.3,S,57,35838.46,3397.77,17825893.2,88986747.7,439553969
2141.3,S,53,35854.58,3399.73,17825893.2,88986860.6,439554071
2142.3,S,53,35868.96,3401.35,17825893.2,88986861.0,439554073
2143.3,S,52,35883.05,3403.05,17825893.2,88986906.7,439554172
2144.3,S,50,35895.55,3404.74,17825893.2,88987154.4,439554482
2145.3,S,57,35911.67,3406.63,17825893.2,88987295.6,439554608
2146.3,S,61,35929.58,3407.99,17825893.2,88987399.1,439554896
2147.3,S,60,35952.59,3409.54,17825893.2,88987456.8,439555046
2148.3,S,55,35970.39,3411.33,17825893.2,88987576.1,439555356
2149.3,S,53,35987.55,3413.07,17825893.2,88987817.6,439555566
2150.3,S,60,36000.15,3414.59,17825893.2,88988207.1,439555908
2151.3,S,60,36024.61,3415.86,17825893.2,88988208.2,439555912
2152.3,S,63,36045.90,3416.89,17825893.2,88988339.3,439556327
2153.3,S,62,36072.41,3418.18,17825893.2,88988368.8,439556363
2154.3,S,58,36095.42,3419.72,17825893.2,88988560.7,439556532
2155.3,S,57,36114.20,3421.28,17825893.2,88989003.1,439556910
2156.3,S,47,36121.78,3422.38,17825893.2,88989451.6,439557635
2157.3,S,60,36144.61,3424.10,17825934.6,88989451.8,439557751
2158.3,S,60,36166.54,3425.35,17825975.0,88989513.0,439558014
2159.3,S,63,36191.47,3426.64,17826012.7,88989586.2,439558346
2160.3,S,58,36213.99,3428.18,17826043.6,88989718.5,439558750
2161.3,S,57,36235.59,3429.87,17826073.3,88989776.3,439559005
2162.3,S,56,36244.55,3430.85,17826089.7,88990118.6,439559991
2163.3,S,62,36255.74,3431.89,17826091.7,88990585.6,439560607
2164.3,S,62,36282.11,3433.19,17826091.7,88990585.9,439560612
2165.3,S,66,36306.39,3434.22,17826091.7,88990689.1,439560964
2166.3,S,65,36334.38,3435.83,17826091.7,88990721.7,439560999
2167.3,S,60,36360.40,3437.27,17826091.7,88990864.8,439561189
2168.3,S,59,36384.75,3439.02,17826091.7,88991106.2,439561400
2169.3,S,49,36394.98,3440.41,17826091.7,88991855.3,439562398
2170.3,S,60,36407.74,3441.88,17826110.3,88991988.8,439562825
2171.3,S,60,36433.03,3443.17,17826194.5,88991989.1,439563020
2172.3,S,61,36456.17,3444.42,17826257.2,88992149.9,439563542
2173.3,S,57,36480.66,3445.97,17826309.7,88992246.3,439563878
2174.4,S,56,36501.52,3447.75,17826366.6,88992390.0,439564343
2175.4,S,56,36522.11,3449.48,17826432.9,88992407.7,439564569
2176.4,S,55,36530.00,3450.60,17826456.4,88992750.9,439565570
2177.5,S,47,36536.19,3451.73,17826458.7,88993168.1,439566318
2178.5,S,47,36545.03,3453.09,17826458.7,88993168.6,439566326
2179.5,S,51,36553.53,3454.19,17826458.7,88993271.4,439566616
2180.5,S,55,36565.70,3455.97,17826458.7,88993463.2,439566796
2181.5,S,55,36583.03,3457.79,17826458.7,88993464.2,439566808
2182.5,S,54,36599.62,3459.64,17826458.7,88993487.6,439566830
2183.5,S,54,36615.94,3461.42,17826458.7,88993487.9,439566832
2184.5,S,54,36631.05,3463.19,17826458.7,88993592.5,439567057
2185.5,S,49,36639.50,3464.34,17826458.7,88993965.4,439567817
2186.5,S,76,36668.37,3465.13,17826458.7,88994110.0,439567943
2187.5,S,76,36702.07,3465.79,17826458.7,88994229.5,439568198
2188.5,S,72,36734.19,3466.54,17826458.7,88994303.9,439568351
2189.5,S,71,36767.06,3467.20,17826458.7,88994338.0,439568394
2190.5,S,70,36798.77,3467.87,17826458.7,88994389.1,439568498
2191.5,S,67,36829.04,3468.72,17826458.7,88994668.2,439568755
2192.5,S,60,36852.49,3470.15,17826458.7,88995491.1,439569454
2193.5,S,76,36862.10,3471.36,17826463.5,88996217.0,439570102
2194.5,S,75,36896.34,3472.29,17826520.9,88996221.0,439570208
2195.5,S,73,36930.55,3472.92,17826593.5,88996255.4,439570366
2196.5,S,73,36963.95,3473.60,17826679.6,88996255.4,439570545
2197.5,S,72,36996.86,3474.34,17826767.5,88996285.7,439570716
2198.5,S,72,37029.35,3475.07,17826847.8,88996430.3,439570968
2199.5,S,71,37061.29,3475.82,17826909.0,88996464.3,439571095
2200.5,S,67,37077.24,3476.95,17826949.5,88997018.1,439572061
2201.9,S,66,37077.87,3477.83,17826949.5,88998058.7,439573436
2202.9,S,64,37092.12,3478.86,17826949.5,88998273.6,439573895
2204.0,S,60,37117.43,3480.52,17826949.5,88998451.2,439574263
2205.0,S,60,37140.89,3481.98,17826949.5,88998453.1,439574268
2206.0,S,60,37164.20,3483.35,17826949.5,88998453.4,439574274
2207.0,S,58,37186.78,3484.78,17826949.5,88998550.8,439574503
2208.0,S,57,37202.23,3486.14,17826949.5,88999030.4,439575184
2209.0,S,50,37203.98,3486.36,17826949.5,88999441.2,439576201
2210.0,S,68,37228.91,3487.86,17827012.1,88999500.0,439576508
2211.0,S,64,37255.72,3489.58,17827096.8,88999597.8,439576900
2212.0,S,64,37283.45,3491.10,17827191.3,88999599.2,439577127
2213.0,S,62,37310.63,3492.63,17827277.5,88999697.3,439577525
2214.0,S,62,37335.91,3493.97,17827362.1,88999767.9,439577964
2215.0,S,59,37357.68,3495.34,17827440.2,89000202.8,439578629
2216.0,S,56,37366.49,3496.60,17827468.4,89000545.7,439579629
2217.2,S,51,37368.05,3496.82,17827470.1,89000933.5,439580763
2218.2,S,60,37389.20,3498.52,17827470.1,89001030.3,439580882
2219.2,S,56,37406.91,3500.21,17827470.1,89001126.4,439580993
2220.2,S,56,37423.52,3501.74,17827470.1,89001214.6,439581233
2221.2,S,55,37440.24,3503.59,17827470.1,89001257.3,439581281
2222.2,S,53,37453.44,3505.18,17827470.1,89001695.5,439581729
2223.2,S,55,37465.06,3506.79,17827475.5,89001857.1,439582132
2224.2,S,59,37485.80,3508.50,17827483.4,89001861.4,439582186
2225.2,S,55,37503.34,3510.10,17827491.4,89001957.5,439582445
2226.2,S,54,37521.21,3511.84,17827505.4,89001995.3,439582591
2227.2,S,54,37537.63,3513.69,17827521.6,89002056.4,439582872
2228.2,S,54,37544.91,3514.70,17827526.7,89002353.3,439583873
2229.2,S,60,37559.71,3516.10,17827529.2,89002565.4,439584251
2230.2,S,64,37582.80,3517.15,17827529.2,89002669.5,439584564
2231.2,S,64,37610.02,3518.54,17827529.2,89002677.9,439584845
2232.2,S,59,37632.89,3520.25,17827529.2,89002887.3,439585222
2233.2,S,57,37653.32,3521.81,17827529.2,89002979.8,439585326
2234.2,S,56,37669.39,3523.40,17827529.2,89003675.6,439585933
2235.2,S,66,37690.19,3525.13,17827544.8,89003818.1,439586086
2236.2,S,65,37718.11,3526.63,17827571.3,89003861.1,439586179
2237.2,S,69,37747.60,3527.92,17827603.5,89003935.5,439586316
2238.2,S,65,37776.75,3529.46,17827648.6,89004031.7,439586490
2239.2,S,64,37804.66,3531.10,17827701.7,89004077.6,439586652
2240.2,S,63,37831.87,3532.59,17827752.0,89004307.0,439586946
2241.2,S,57,37842.84,3533.77,17827774.1,89004821.4,439587953
2242.2,S,55,37845.76,3534.39,17827775.5,89005144.8,439588954
2243.3,S,66,37863.46,3535.65,17827775.5,89005361.0,439589383
2244.3,S,66,37892.26,3537.12,17827775.5,89005366.0,439589398
2245.3,S,65,37919.38,3538.29,17827775.5,89005472.2,439589672
2246.3,S,69,37949.74,3539.65,17827775.5,89005580.6,439589944
2247.3,S,64,37976.04,3540.86,17827775.5,89005777.6,439590247
2248.3,S,62,38002.43,3542.20,17827775.5,89006007.4,439590447
2249.3,S,55,38015.66,3543.42,17827775.5,89006672.8,439591299
2250.3,S,49,38020.81,3544.38,17827775.5,89007048.2,439592166
2251.3,S,69,38049.37,3545.67,17827810.6,89007057.3,439592238
2252.3,S,68,38080.09,3546.60,17827860.8,89007088.8,439592359
2253.3,S,67,38109.70,3548.00,17827912.8,89007111.1,439592471
2254.3,S,70,38138.49,3549.28,17827964.4,89007244.2,439592682
2255.3,S,69,38169.07,3550.29,17828000.0,89007282.6,439592777
2256.3,S,65,38192.08,3551.27,17828027.2,89007562.7,439593480
2257.3,S,63,38202.38,3552.03,17828042.3,89007917.9,439594480
2258.4,S,60,38207.14,3552.78,17828049.8,89008299.3,439595583
2259.4,S,53,38209.69,3553.30,17828049.8,89008772.3,439596584
2260.4,S,62,38227.40,3554.88,17828049.8,89008796.9,439596629
2261.4,S,62,38253.60,3556.17,17828049.8,89008894.3,439596743
2262.4,S,62,38279.84,3557.49,17828049.8,89008894.7,439597635
2263.4,S,65,38305.60,3558.72,17828049.8,89008937.4,439597827
2264.4,S,63,38332.38,3560.25,17828049.8,89009029.9,439598066
2265.4,S,59,38350.89,3561.99,17828049.8,89009577.6,439598817
2266.4,S,58,38357.59,3562.70,17828049.8,89009992.1,439599773
2267.4,S,47,38361.89,3563.56,17828049.8,89010278.1,439600540
2268.4,S,65,38389.77,3565.25,17828119.0,89010297.2,439600775
2269.4,S,65,38417.62,3566.87,17828180.8,89010297.6,439600939
2270.4,S,64,38445.21,3568.35,17828244.5,89010326.1,439601168
2271.4,S,68,38473.23,3569.86,17828303.7,89010341.2,439601367
2272.4,S,68,38499.91,3571.25,17828358.1,89010389.4,439601690
2273.4,S,63,38522.01,3572.52,17828406.7,89010806.7,439602413
2274.5,S,61,38530.02,3573.42,17828434.1,89011239.3,439603480
2275.5,S,52,38536.63,3574.50,17828438.2,89011594.8,439604481
2276.5,S,69,38555.18,3575.56,17828438.2,89011729.0,439604845
2277.5,S,69,38586.03,3576.73,17828438.2,89011822.2,439605051
2278.5,S,69,38616.76,3577.81,17828438.2,89011825.8,439605152
2279.5,S,66,38642.22,3578.88,17828438.2,89011917.8,439605444
2280.5,S,70,38670.95,3580.22,17828438.2,89011927.3,439605461
2281.5,S,70,38701.72,3581.32,17828438.2,89012023.5,439605598
2282.5,S,70,38722.38,3582.73,17828438.2,89012449.0,439606588
2283.7,S,62,38727.44,3583.75,17828438.2,89013396.3,439607790
2284.7,S,50,38734.55,3584.84,17828438.2,89013589.1,439608457
2285.7,S,62,38756.20,3586.84,17828489.4,89013606.5,439608651
2286.7,S,61,38781.20,3588.08,17828555.5,89013625.9,439608823
2287.7,S,60,38805.16,3589.46,17828614.4,89013656.1,439608942
2288.7,S,64,38831.05,3590.88,17828670.8,89013759.2,439609132
2289.7,S,60,38856.97,3592.29,17828732.6,89013857.1,439609329
2290.7,S,60,38873.43,3593.57,17828781.2,89014245.8,439610141
2291.7,S,54,38879.86,3594.67,17828787.1,89014574.1,439611142
2292.7,S,62,38886.06,3595.46,17828787.1,89014850.4,439611927
2293.7,S,62,38911.96,3596.60,17828787.1,89014851.4,439611933
2294.7,S,62,38938.08,3598.02,17828787.1,89014852.9,439611983
2295.7,S,65,38964.38,3599.38,17828787.1,89014981.7,439612113
2296.7,S,63,38991.12,3600.95,17828787.1,89015126.2,439612238
2297.7,S,59,39015.07,3602.59,17828787.1,89015341.0,439612430
2298.7,S,61,39028.62,3603.96,17828790.3,89016242.8,439613195
2299.7,S,61,39054.83,3605.37,17828859.5,89016244.5,439613309
2300.7,S,61,39081.03,3606.89,17828929.8,89016244.8,439613450
2301.7,S,65,39107.51,3608.37,17829013.3,89016347.8,439613679
2302.7,S,63,39134.39,3609.93,17829090.2,89016558.5,439613992
2303.7,S,57,39158.34,3611.46,17829161.6,89016615.2,439614177
2304.7,S,56,39172.70,3613.02,17829204.6,89016996.7,439614911
2305.7,S,53,39175.30,3613.59,17829207.5,89017427.0,439615911
2306.8,S,47,39183.16,3614.75,17829207.5,89017559.4,439616233
2307.8,S,47,39191.76,3616.14,17829207.5,89017559.8,439616242
2308.8,S,47,39200.22,3617.52,17829207.5,89017579.0,439616302
2309.8,S,58,39210.21,3619.10,17829207.5,89017758.6,439616724
2310.8,S,54,39226.41,3620.87,17829207.5,89017855.5,439616956
2311.8,S,54,39242.40,3622.72,17829207.5,89017856.8,439616960
2312.8,S,53,39257.88,3624.68,17829207.5,89017890.9,439617003
2313.8,S,53,39273.16,3626.52,17829207.5,89017891.4,439617016
2314.8,S,66,39288.55,3628.09,17829207.5,89018346.1,439617442
2315.8,S,70,39316.17,3629.32,17829207.5,89018449.2,439617686
2316.8,S,70,39346.79,3630.24,17829207.5,89018544.9,439617990
2317.8,S,66,39374.52,3631.50,17829207.5,89018642.7,439618228
2318.8,S,65,39402.32,3633.18,17829207.5,89018680.9,439618282
2319.8,S,63,39429.35,3634.60,17829207.5,89018784.0,439618377
2320.8,S,54,39447.94,3636.10,17829207.5,89019603.8,439619104
2321.8,S,77,39462.21,3637.65,17829232.5,89020064.6,439619571
2322.8,S,76,39497.23,3638.23,17829349.7,89020076.3,439619807
2323.8,S,75,39531.86,3638.80,17829472.3,89020094.3,439620043
2324.8,S,73,39565.41,3639.51,17829583.1,89020144.6,439620282
2325.8,S,71,39598.05,3640.23,17829699.3,89020217.3,439620561
2326.8,S,71,39629.93,3640.95,17829809.0,89020217.5,439620790
2327.8,S,75,39662.76,3641.67,17829916.4,89020386.1,439621127
2328.8,S,69,39678.27,3642.53,17829982.9,89021433.2,439622124
2329.9,S,59,39680.71,3643.20,17829982.9,89022133.4,439623140
2330.9,S,63,39697.92,3644.89,17829982.9,89022259.3,439623492
2331.9,S,63,39724.60,3646.25,17829982.9,89022259.8,439623510
2332.9,S,62,39750.83,3647.43,17829982.9,89022282.8,439623550
2333.9,S,61,39776.23,3648.61,17829982.9,89022310.8,439623623
2334.9,S,61,39801.50,3650.10,17829982.9,89022407.7,439623789
2335.9,S,61,39816.82,3650.78,17829982.9,89022654.8,439624417
2336.9,S,55,39824.14,3651.77,17829982.9,89023543.9,439625191
2337.9,S,69,39850.25,3653.18,17830024.1,89023666.0,439625379
2338.9,S,67,39879.45,3654.58,17830078.2,89023667.0,439625498
2339.9,S,66,39908.00,3656.15,17830124.7,89023772.9,439625671
2340.9,S,64,39935.82,3657.67,17830172.0,89023838.2,439625800
2341.9,S,64,39963.58,3659.19,17830219.6,89023838.4,439625886
2342.9,S,64,39989.87,3660.66,17830274.9,89024022.5,439626150
2343.9,S,57,39998.60,3661.89,17830304.2,89024855.9,439627177
2344.9,S,54,40008.04,3663.13,17830305.9,89025132.9,439627727
2345.9,S,58,40027.33,3665.03,17830305.9,89025234.7,439627833
2346.9,S,54,40043.02,3666.82,17830305.9,89025331.0,439627927
2347.9,S,53,40058.00,3668.62,17830305.9,89025377.4,439628054
2348.9,S,53,40072.46,3670.38,17830305.9,89025507.0,439628173
2349.9,S,58,40087.12,3672.12,17830315.8,89025874.5,439628500
2350.9,S,62,40108.37,3673.72,17830346.4,89025933.9,439628593
2352.0,S,56,40131.29,3675.27,17830375.3,89026087.6,439628758
2353.0,S,56,40150.50,3677.05,17830394.0,89026088.2,439628774
2354.0,S,56,40169.58,3678.86,17830414.2,89026147.7,439628854
2355.0,S,52,40180.29,3680.21,17830426.5,89026681.0,439629608
2356.0,S,65,40201.28,3681.78,17830426.5,89026778.8,439629888
2357.0,S,69,40228.20,3683.23,17830426.5,89026882.1,439630011
2358.0,S,68,40258.09,3684.43,17830426.5,89026906.1,439630051
2359.0,S,64,40286.12,3685.99,17830426.5,89027097.8,439630222
2360.0,S,63,40312.56,3687.33,17830426.5,89027147.6,439630364
2361.0,S,63,40333.07,3688.52,17830426.5,89027567.8,439630941
2362.0,S,69,40346.78,3690.24,17830428.5,89028370.4,439631640
2363.0,S,69,40376.48,3691.81,17830490.7,89028372.5,439631744
2364.0,S,67,40406.01,3693.27,17830548.1,89028405.9,439631878
2365.0,S,70,40434.08,3694.77,17830600.4,89028533.7,439632077
2366.0,S,70,40464.48,3695.69,17830662.6,89028534.5,439632169
2367.0,S,65,40492.70,3697.18,17830714.8,89028671.3,439632374
2368.0,S,62,40517.12,3698.72,17830759.5,89029217.4,439632944
2369.0,S,58,40524.15,3699.72,17830782.2,89029648.6,439633945
2370.0,S,64,40538.58,3700.79,17830783.1,89030025.0,439634398
2371.0,S,64,40566.33,3702.27,17830783.1,89030026.3,439634408
2372.0,S,64,40594.05,3703.94,17830783.1,89030026.5,439634413
2373.0,S,64,40621.67,3705.54,17830783.1,89030026.8,439634414
2374.0,S,67,40649.69,3706.96,17830783.1,89030186.6,439634561
2375.0,S,66,40676.09,3708.71,17830783.1,89030781.9,439635065
2376.0,S,50,40689.64,3710.24,17830783.1,89031478.7,439635662
2377.1,S,68,40713.19,3712.08,17830829.1,89031641.5,439635915
2378.1,S,67,40742.20,3713.67,17830908.7,89031654.0,439636065
2379.1,S,67,40771.15,3715.22,17830974.0,89031656.3,439636183
2380.1,S,66,40799.68,3716.77,17831013.6,89031693.8,439636278
2381.1,S,66,40827.94,3718.49,17831043.3,89031694.1,439636322
2382.1,S,69,40850.85,3719.57,17831066.9,89032080.5,439636900
2383.1,S,68,40865.58,3720.75,17831082.3,89032448.4,439637901
2384.3,S,61,40869.62,3721.53,17831086.5,89033143.2,439639132
2385.3,S,62,40887.32,3723.07,17831086.5,89033308.6,439639408
2386.3,S,62,40912.73,3724.33,17831086.5,89033309.3,439639411
2387.3,S,62,40937.80,3725.68,17831086.5,89033309.6,439639423
2388.3,S,62,40963.06,3726.93,17831086.5,89033309.8,439639425
2389.3,S,61,40985.90,3728.20,17831086.5,89033438.0,439639723
2390.3,S,64,41007.42,3729.56,17831086.5,89033729.4,439640324
2391.3,S,47,41013.96,3730.69,17831086.5,89034649.9,439641180
2392.3,S,62,41038.30,3732.11,17831174.8,89034650.5,439641332
2393.3,S,62,41064.31,3733.55,17831265.0,89034650.9,439641520
2394.3,S,62,41090.41,3734.93,17831354.4,89034651.1,439641669
2395.3,S,59,41115.97,3736.44,17831437.4,89034775.0,439641910
2396.3,S,63,41141.21,3737.92,17831506.8,89034879.0,439642101
2397.3,S,58,41162.65,3739.47,17831567.9,89035360.0,439642632
2398.3,S,47,41170.37,3740.72,17831573.9,89035879.9,439643114
2399.3,S,47,41180.18,3742.10,17831573.9,89035880.2,439643120
2400.3,S,47,41189.81,3743.57,17831573.9,89035880.7,439643128
2401.4,S,47,41199.61,3744.95,17831573.9,89035881.5,439643137
2402.4,S,47,41209.01,3746.29,17831573.9,89035938.5,439643196
2403.4,S,51,41220.83,3747.98,17831573.9,89036080.9,439643333
2404.4,S,47,41229.77,3749.70,17831573.9,89036368.5,439643589
2405.4,S,47,41238.42,3751.19,17831573.9,89036369.4,439643599
2406.4,S,47,41247.10,3752.70,17831573.9,89036370.5,439643611
2407.4,S,47,41255.83,3754.10,17831573.9,89036370.9,439643617
2408.4,S,47,41264.58,3755.54,17831573.9,89036372.3,439643623
2409.4,S,47,41270.66,3756.56,17831573.9,89036379.1,439643986
2410.4,S,59,41285.39,3757.96,17831573.9,89036573.1,439644190
2411.4,S,55,41303.33,3759.85,17831573.9,89036669.4,439644289
2412.4,S,55,41320.73,3761.67,17831573.9,89036669.9,439644292
2413.4,S,55,41337.81,3763.55,17831573.9,89036670.1,439644303
2414.4,S,51,41353.88,3765.40,17831573.9,89037048.2,439644629
2415.4,S,70,41375.59,3766.62,17831573.9,89037285.0,439644841
2416.4,S,73,41408.36,3767.37,17831573.9,89037398.0,439644945
2417.4,S,73,41442.64,3768.04,17831573.9,89037398.6,439644945
2418.4,S,68,41473.98,3768.96,17831573.9,89037620.5,439645145
2419.4,S,67,41503.89,3769.71,17831573.9,89037666.0,439645194
2420.4,S,65,41533.61,3770.65,17831573.9,89037845.7,439645361
2421.4,S,62,41555.25,3772.12,17831573.9,89038645.7,439646038
2422.4,S,68,41565.10,3773.38,17831576.4,89039313.6,439646624
2423.4,S,74,41599.03,3774.05,17831692.6,89039314.2,439646814
2424.4,S,73,41632.40,3774.74,17831795.8,89039328.4,439647013
2425.4,S,72,41665.12,3775.44,17831900.6,89039351.5,439647220
2426.4,S,72,41697.21,3776.56,17832006.7,89039447.4,439647477
2427.4,S,69,41727.71,3777.47,17832110.5,89039678.6,439647840
2428.4,S,69,41757.98,3778.47,17832214.1,89039678.8,439648000
2429.4,S,65,41769.27,3779.17,17832280.0,89040638.2,439648921
2430.5,S,51,41778.43,3780.64,17832280.0,89041315.4,439649500
2431.5,S,54,41791.97,3782.60,17832280.0,89041413.2,439649587
2432.5,S,54,41807.44,3784.31,17832280.0,89041413.5,439649590
2433.5,S,54,41822.73,3786.12,17832280.0,89041413.6,439649615
2434.5,S,53,41837.30,3787.81,17832280.0,89041516.6,439649706
2435.5,S,58,41850.12,3789.83,17832280.0,89041948.3,439650081
2436.5,S,67,41878.20,3791.27,17832280.0,89042053.9,439650179
2437.5,S,66,41907.87,3792.52,17832280.0,89042070.8,439650266
2438.5,S,62,41935.43,3793.98,17832280.0,89042167.1,439650350
2439.5,S,61,41962.24,3795.40,17832280.0,89042249.4,439650541
2440.5,S,58,41986.74,3796.72,17832280.0,89042402.6,439650811
2441.5,S,55,41999.00,3797.92,17832280.0,89043078.1,439651778
2442.5,S,73,42017.31,3799.47,17832334.7,89043532.4,439652284
2443.5,S,73,42049.22,3800.27,17832498.1,89043533.7,439652638
2444.5,S,73,42081.14,3800.95,17832659.8,89043534.0,439653004
2445.5,S,76,42114.48,3801.64,17832802.3,89043566.8,439653362
2446.5,S,73,42146.65,3802.36,17832945.6,89043736.2,439653795
2447.5,S,68,42176.88,3803.17,17833082.0,89043908.4,439654224
2448.5,S,68,42205.22,3804.15,17833213.5,89044118.2,439654648
2449.5,S,59,42214.68,3805.75,17833252.5,89045222.6,439655649
2450.5,S,62,42232.44,3806.99,17833252.5,89045502.2,439655893
2451.5,S,62,42257.47,3808.18,17833252.5,89045502.8,439655894
2452.5,S,61,42282.42,3809.49,17833252.5,89045532.0,439655954
2453.5,S,65,42307.11,3810.84,17833252.5,89045555.8,439655994
2454.5,S,64,42333.16,3812.45,17833252.5,89045711.6,439656128
2455.5,S,59,42350.89,3814.08,17833252.5,89046525.1,439656897
2456.5,S,61,42359.43,3815.58,17833263.7,89046763.7,439657461
2457.5,S,61,42383.49,3817.35,17833344.5,89046765.3,439657657
2458.5,S,61,42407.83,3818.93,17833420.7,89046765.7,439657837
2459.5,S,59,42427.62,3820.12,17833484.8,89046886.6,439658404
2460.5,S,62,42450.15,3821.37,17833548.7,89046963.9,439658726
2461.5,S,58,42470.34,3822.73,17833602.6,89047132.8,439659276
2462.6,S,64,42485.95,3824.26,17833652.3,89047757.1,439660245
2463.7,S,60,42512.48,3826.95,17833655.6,89047930.2,439660675
2464.7,S,60,42541.20,3831.08,17833655.6,89047931.9,439660750
2465.7,S,64,42569.68,3835.02,17833655.6,89048035.2,439660867
2466.7,S,59,42594.77,3836.79,17833655.6,89048172.7,439661157
2467.7,S,58,42618.64,3838.57,17833655.6,89048280.1,439661388
2468.7,S,57,42634.54,3841.61,17833655.6,89048899.6,439662323
2469.7,S,57,42642.73,3844.30,17833657.9,89049218.3,439663180
2470.7,S,62,42669.42,3848.14,17833737.7,89049311.3,439663578
2471.7,S,66,42696.99,3850.31,17833811.4,89049322.6,439663798
2472.7,S,62,42722.36,3851.82,17833881.6,89049420.2,439664188
2473.7,S,60,42748.18,3853.23,17833961.0,89049499.9,439664545
2474.7,S,60,42773.96,3855.59,17834057.3,89049563.4,439664900
2475.7,S,56,42796.73,3860.40,17834124.4,89049909.4,439665702
2476.7,S,49,42801.68,3861.65,17834139.5,89050479.0,439666703
2477.7,S,51,42812.80,3865.24,17834139.5,89050661.5,439667030
2478.7,S,47,42825.69,3870.07,17834139.5,89050757.4,439667199
2479.7,S,47,42837.26,3874.91,17834140.1,89050881.9,439667427
2480.7,S,51,42851.89,3879.66,17834140.1,89050959.2,439667536
2481.7,S,47,42864.52,3884.59,17834140.1,89051056.5,439667625
2482.7,S,51,42877.17,3889.15,17834140.1,89051159.0,439667739
2483.7,S,47,42892.12,3894.06,17834140.1,89051350.3,439667933
2484.8,S,47,42904.89,3899.16,17834140.1,89051351.2,439667936
2485.8,S,51,42918.82,3903.88,17834140.1,89051453.9,439668052
2486.8,S,47,42933.21,3908.82,17834140.1,89051550.5,439668191
2487.8,S,47,42946.37,3913.96,17834140.1,89051646.5,439668426
2488.8,S,51,42960.83,3918.71,17834140.1,89051749.3,439668530
2489.8,S,47,42972.92,3923.10,17834162.3,89051942.5,439669000
2490.8,S,47,42985.75,3928.13,17834162.3,89051943.2,439669006
2491.8,S,51,42999.39,3932.39,17834162.3,89052045.9,439669196
2492.8,S,47,43013.18,3937.72,17834162.3,89052238.0,439669364
2493.8,S,51,43025.31,3942.26,17834162.3,89052340.8,439669459
2494.8,S,51,43041.08,3947.07,17834162.3,89052406.9,439669591
2495.8,S,47,43054.03,3952.41,17834162.3,89052533.4,439669865
2496.8,S,51,43064.85,3956.48,17834162.3,89052636.4,439670087
2497.8,S,48,43080.78,3961.49,17834162.3,89052708.8,439670154
2498.8,S,47,43093.82,3966.61,17834162.3,89052828.5,439670373
2499.8,S,51,43107.29,3971.37,17834162.3,89052931.5,439670489
2500.8,S,47,43122.70,3976.34,17834162.3,89053027.9,439670581
2501.8,S,47,43135.86,3981.53,17834162.3,89053123.9,439670664
2502.8,S,51,43149.94,3986.07,17834162.4,89053227.9,439670790
2503.8,S,49,43162.55,3990.04,17834162.4,89053324.6,439671113
2504.8,S,47,43175.63,3994.97,17834162.4,89053420.2,439671310
2505.8,S,51,43188.72,3998.90,17834162.4,89053522.9,439671503
2506.8,S,47,43203.48,4003.94,17834162.4,89053715.1,439671723
2507.8,S,47,43215.69,4008.87,17834162.4,89053764.8,439671769
2508.8,S,51,43231.65,4013.72,17834162.4,89053819.5,439671817
2509.8,S,47,43244.58,4018.68,17834162.4,89054011.1,439672122
2510.8,S,51,43256.18,4023.13,17834162.4,89054114.2,439672265
2511.8,S,49,43272.14,4028.05,17834162.4,89054162.4,439672368
2512.8,S,47,43285.47,4033.20,17834162.4,89054306.1,439672647
2513.8,S,51,43295.74,4036.91,17834162.4,89054409.7,439672933
2514.8,S,49,43312.24,4041.58,17834162.4,89054554.2,439673154
2515.8,S,47,43325.12,4046.56,17834162.4,89054602.5,439673197
2516.8,S,51,43339.46,4050.87,17834162.4,89054705.4,439673294
2517.8,S,47,43353.51,4055.91,17834162.4,89054897.4,439673463
2518.8,S,47,43366.22,4061.09,17834162.4,89054898.0,439673520
2519.8,S,51,43381.58,4065.61,17834162.4,89055000.9,439673613
2520.8,S,47,43395.34,4070.79,17834162.4,89055193.3,439673858
2521.8,S,51,43406.30,4075.02,17834162.4,89055296.1,439674028
2522.8,S,51,43423.02,4080.16,17834162.4,89055307.5,439674129
2523.8,S,47,43435.75,4085.12,17834162.4,89055488.4,439674398
2524.8,S,51,43445.01,4088.71,17834162.4,89055591.6,439674730
2525.8,S,48,43461.43,4093.65,17834162.4,89055688.4,439674832
2526.8,S,47,43474.24,4098.53,17834162.4,89055784.3,439674919
2527.8,S,51,43487.28,4103.09,17834162.4,89055887.5,439675022
2528.8,S,48,43503.45,4108.41,17834162.4,89055977.1,439675125
2529.8,S,47,43516.18,4113.69,17834162.4,89056080.1,439675216
2530.8,S,51,43528.66,4117.50,17834162.4,89056183.0,439675444
2531.8,S,48,43540.10,4121.21,17834162.4,89056375.1,439675970
2532.8,S,47,43552.70,4126.41,17834162.4,89056375.5,439675974
2533.8,S,51,43566.89,4130.81,17834162.4,89056478.7,439676074
2534.8,S,47,43581.26,4135.73,17834162.4,89056670.7,439676243
2535.8,S,47,43594.00,4140.88,17834162.4,89056671.0,439676248
2536.8,S,51,43607.56,4144.82,17834162.4,89056774.1,439676486
2537.8,S,47,43620.34,4149.08,17834162.4,89056966.4,439676944
2538.8,S,47,43632.20,4153.63,17834162.4,89057055.5,439677029
2539.8,S,51,43648.74,4158.57,17834162.4,89057094.5,439677086
2540.8,S,47,43658.35,4162.50,17834162.4,89057262.0,439677499
2541.8,S,51,43670.43,4166.98,17834162.4,89057364.9,439677598
2542.8,S,49,43686.94,4171.83,17834162.4,89057413.6,439677643
2543.8,S,47,43699.72,4176.65,17834162.4,89057557.6,439677772
2544.8,S,51,43712.97,4181.36,17834162.4,89057660.6,439677876
2545.8,S,47,43728.07,4186.13,17834162.4,89057764.7,439677989
2546.8,S,47,43740.85,4191.23,17834162.4,89057852.9,439678070
2547.8,S,51,43753.67,4195.18,17834162.4,89057955.7,439678279
2548.8,S,47,43767.52,4199.84,17834162.4,89058052.4,439678525
2549.8,S,47,43780.43,4204.98,17834162.4,89058148.2,439678688
2550.8,S,51,43794.34,4209.19,17834162.4,89058251.1,439678843
2551.8,S,47,43808.31,4214.39,17834162.4,89058442.7,439679021
2552.8,S,47,43820.35,4219.06,17834162.4,89058461.4,439679098
2553.8,S,51,43834.19,4223.04,17834162.4,89058546.5,439679296
2554.8,S,47,43846.30,4227.90,17834162.4,89058738.4,439679832
2555.8,S,51,43858.36,4232.32,17834162.4,89058841.6,439679930
2556.8,S,49,43874.70,4237.36,17834162.4,89058890.1,439679988
2557.8,S,47,43887.47,4242.48,17834162.4,89059034.0,439680112
2558.8,S,51,43900.48,4247.20,17834162.4,89059136.9,439680208
2559.8,S,50,43916.72,4252.53,17834162.4,89059198.0,439680274
2560.8,S,47,43929.52,4257.57,17834162.4,89059329.8,439680394
2561.8,S,51,43941.29,4261.06,17834162.4,89059432.9,439680677
2562.8,S,48,43955.80,4265.82,17834162.4,89059600.5,439680998
2563.8,S,47,43968.24,4270.89,17834162.4,89059625.0,439681055
2564.8,S,51,43982.72,4275.54,17834162.4,89059728.0,439681155
2565.8,S,47,43994.02,4279.51,17834162.4,89059903.2,439681660
2566.8,S,47,44005.77,4284.38,17834162.4,89059920.6,439681761
2567.8,S,51,44017.89,4288.11,17834162.4,89060023.8,439681997
2568.8,S,47,44032.79,4293.20,17834162.4,89060120.0,439682170
2569.8,S,47,44045.24,4298.27,17834162.4,89060215.8,439682321
2570.8,S,51,44057.65,4302.29,17834162.4,89060319.4,439682549
2571.8,S,47,44071.90,4307.12,17834162.4,89060441.8,439682849
2572.8,S,47,44084.61,4312.26,17834162.4,89060511.9,439683012
2573.8,S,51,44099.61,4316.71,17834162.4,89060614.6,439683110
2574.8,S,47,44113.20,4321.60,17834162.4,89060806.4,439683519
2575.8,S,47,44123.93,4325.62,17834162.4,89060903.8,439683725
2576.8,S,51,44140.29,4330.62,17834162.4,89060925.0,439683771
2577.8,S,47,44153.17,4335.44,17834162.4,89061102.9,439683929
2578.8,S,51,44164.09,4339.45,17834162.4,89061206.3,439684139
2579.8,S,48,44180.02,4344.36,17834162.4,89061278.7,439684248
2580.8,S,47,44192.90,4349.57,17834162.4,89061398.8,439684424
2581.8,S,51,44206.21,4354.20,17834162.4,89061501.8,439684522
2582.8,S,47,44221.25,4359.11,17834162.4,89061694.2,439684691
2583.8,S,47,44233.89,4364.30,17834162.4,89061694.5,439684700
2584.8,S,51,44247.21,4368.32,17834162.4,89061797.2,439684889
2585.8,S,47,44261.26,4373.54,17834162.4,89061989.1,439685249
2586.8,S,47,44273.92,4378.48,17834162.4,89062004.0,439685274
2587.8,S,51,44288.11,4382.37,17834162.4,89062093.4,439685472
2588.8,S,47,44301.84,4387.43,17834162.4,89062285.5,439685678
2589.8,S,47,44312.37,4391.45,17834162.4,89062361.9,439685886
2590.8,S,51,44328.12,4396.25,17834162.4,89062388.6,439685947
2591.8,S,47,44341.12,4401.08,17834162.4,89062580.7,439686211
2592.8,S,51,44353.92,4405.53,17834162.4,89062683.6,439686306
2593.8,S,49,44370.28,4410.83,17834162.4,89062732.4,439686357
2594.8,S,47,44383.00,4415.83,17834162.4,89062876.1,439686479
2595.8,S,51,44393.68,4419.44,17834162.4,89062979.2,439686784
2596.8,S,47,44408.34,4424.29,17834162.4,89063075.1,439686984
2597.8,S,47,44421.59,4429.45,17834162.4,89063171.5,439687070
2598.8,S,51,44435.37,4433.95,17834162.4,89063275.0,439687165
2599.8,S,47,44450.17,4438.89,17834162.4,89063371.2,439687333
2600.8,S,47,44462.54,4443.89,17834162.4,89063467.2,439687422
2601.8,S,51,44473.75,4447.19,17834162.4,89063570.2,439687765
2602.8,S,47,44487.75,4451.87,17834162.4,89063762.1,439688212
2603.8,S,47,44500.47,4456.98,17834162.4,89063762.6,439688212
2604.8,S,51,44515.56,4461.61,17834162.4,89063865.6,439688313
2605.8,S,47,44527.93,4466.52,17834162.4,89064057.3,439688903
2606.8,S,51,44538.74,4470.55,17834162.4,89064160.4,439689103
2607.8,S,49,44555.17,4475.64,17834162.4,89064208.5,439689145
2608.8,S,47,44568.99,4480.75,17834162.4,89064256.8,439689199
2609.8,S,51,44580.33,4484.91,17834162.4,89064455.8,439689606
2610.8,S,49,44594.96,4489.72,17834162.4,89064522.8,439689798
2611.8,S,47,44606.61,4494.12,17834162.4,89064648.4,439689995
2612.8,S,51,44618.57,4498.33,17834162.4,89064751.2,439690174
2613.8,S,48,44634.02,4503.38,17834162.4,89064823.7,439690278
2614.8,S,47,44646.93,4508.64,17834162.4,89064943.7,439690456
2615.8,S,51,44658.96,4512.54,17834162.4,89065047.0,439690681
2616.8,S,47,44674.35,4517.71,17834162.4,89065143.1,439690778
2617.8,S,47,44687.31,4522.83,17834162.4,89065239.1,439690861
2618.8,S,51,44699.50,4526.74,17834162.4,89065342.1,439691103
2619.8,S,47,44714.08,4531.81,17834162.4,89065438.3,439691287
2620.8,S,47,44727.16,4536.92,17834162.4,89065534.5,439691414
2621.8,S,51,44741.64,4541.60,17834162.4,89065637.5,439691535
2622.8,S,47,44755.28,4546.65,17834162.4,89065829.1,439691702
2623.8,S,47,44766.02,4550.85,17834162.4,89065917.2,439691886
2624.8,S,51,44782.35,4555.63,17834162.4,89065932.6,439691923
2625.8,S,47,44794.41,4560.54,17834162.4,89066124.8,439692287
2626.8,S,51,44805.65,4564.54,17834162.4,89066227.7,439692485
2627.8,S,49,44822.21,4569.59,17834162.4,89066275.9,439692542
2628.8,S,47,44833.97,4573.89,17834162.4,89066419.6,439692695
2629.8,S,51,44847.14,4578.38,17834162.4,89066522.8,439692799
2630.8,S,48,44862.14,4583.00,17834162.4,89066625.8,439693075
2631.8,S,47,44870.78,4585.83,17834162.4,89066716.1,439693292
2632.8,S,47,44879.06,4588.24,17834162.4,89066716.4,439693298
2633.8,S,47,44887.37,4590.62,17834162.4,89066756.3,439693406
2634.8,S,51,44897.59,4594.41,17834162.4,89066915.0,439693675
2635.8,S,48,44912.08,4599.17,17834162.4,89066987.4,439693893
2636.8,S,47,44921.83,4602.77,17834162.4,89067107.2,439693997
2637.8,S,51,44932.87,4607.35,17834162.4,89067210.7,439694105
2638.9,S,47,44947.44,4612.13,17834162.4,89067306.7,439694193
2639.9,S,47,44955.74,4614.50,17834162.4,89067307.0,439694197
2640.9,S,47,44964.05,4616.94,17834162.4,89067307.5,439694200
2641.9,S,47,44972.38,4619.55,17834162.4,89067329.4,439694241
2642.9,S,47,44983.49,4624.28,17834162.4,89067404.0,439694365
2643.9,S,51,44997.63,4628.89,17834162.4,89067507.1,439694454
2644.9,S,47,45006.14,4631.99,17834162.4,89067699.0,439694833
2645.9,S,47,45013.45,4634.35,17834162.4,89067699.9,439694856
2646.9,S,47,45020.78,4636.67,17834162.4,89067700.2,439694860
2647.9,S,47,45028.09,4638.98,17834162.4,89067700.6,439694872
2648.9,S,47,45035.55,4641.20,17834162.4,89067701.6,439694879
2649.9,S,47,45042.75,4643.92,17834162.4,89067797.9,439695048
2650.9,S,51,45053.96,4647.70,17834162.4,89067900.8,439695306
2651.9,S,62,45081.50,4652.41,17834162.4,89067998.0,439695442
2652.9,S,62,45103.02,4654.82,17834162.4,89067998.2,439695444
2653.9,S,62,45124.76,4657.27,17834162.4,89067998.4,439695475
2654.9,S,62,45146.39,4659.61,17834162.4,89067999.8,439695480
2655.9,S,62,45167.86,4662.02,17834162.4,89067999.9,439695484
2656.9,S,62,45188.48,4664.42,17834162.4,89068335.5,439695949
2657.9,S,62,45209.94,4666.65,17834162.4,89068336.0,439695951
2658.9,S,66,45229.63,4667.80,17834162.4,89068664.2,439696723
2659.9,S,66,45259.08,4671.76,17834162.4,89068718.2,439696853
2660.9,S,62,45282.54,4674.86,17834162.4,89069054.8,439697159
2661.9,S,62,45302.82,4676.34,17834162.4,89069490.8,439697539
2662.9,S,62,45321.73,4677.70,17834162.4,89070082.0,439698038
2663.9,S,62,45342.37,4678.72,17834162.4,89070082.8,439698045
2664.9,S,62,45359.73,4679.70,17834162.4,89070274.5,439698449
2665.9,S,62,45380.93,4680.93,17834162.4,89070319.6,439698570
2666.9,S,62,45401.32,4682.22,17834162.4,89070658.6,439698917
2667.9,S,66,45422.02,4683.36,17834162.4,89071062.1,439699269
2668.9,S,66,45449.04,4684.78,17834162.4,89071125.8,439699380
2669.9,S,62,45470.62,4686.18,17834162.4,89071356.6,439699933
2670.9,S,62,45491.02,4687.22,17834162.4,89071549.9,439700224
2671.9,S,62,45511.76,4688.47,17834162.4,89071679.6,439700338
2672.9,S,62,45532.20,4689.70,17834162.4,89071900.1,439700553
2673.9,S,62,45552.62,4690.90,17834162.4,89072250.7,439700860
2674.9,S,62,45573.21,4692.05,17834162.4,89072331.6,439700931
2675.9,S,61,45593.44,4693.25,17834162.4,89072402.0,439701111
2676.9,S,61,45610.61,4694.58,17834162.4,89072742.6,439701763
2677.9,S,61,45629.82,4695.88,17834162.4,89072960.8,439702120
2678.9,S,65,45650.87,4696.74,17834162.4,89073090.6,439702239
2679.9,S,61,45669.63,4697.75,17834162.4,89073462.4,439702570
2680.9,S,55,45686.16,4698.89,17834162.4,89073963.9,439702992
2681.9,S,48,45696.28,4699.92,17834162.4,89074558.4,439703498
2682.9,S,47,45702.36,4700.74,17834162.4,89074574.2,439703519
2683.9,S,47,45707.96,4701.50,17834162.4,89074745.8,439703884
2684.9,S,97,45742.70,4702.19,17834162.5,89074748.9,439703898
2685.9,S,97,45778.27,4702.61,17834162.5,89074749.1,439703902
2686.9,S,96,45813.68,4703.05,17834162.5,89074760.9,439703914
2687.9,S,94,45848.20,4704.06,17834162.5,89074890.9,439704041
2688.9,S,94,45883.10,4705.10,17834162.5,89074891.6,439704046
2689.9,S,92,45918.15,4706.00,17834162.5,89074957.8,439704113
2690.9,S,91,45953.61,4706.48,17834162.5,89075077.3,439704220
2691.9,S,87,45989.07,4706.95,17834162.5,89075237.3,439704438
2692.9,S,85,46024.67,4707.45,17834162.5,89075426.0,439704943
2693.9,S,80,46059.85,4708.02,17834162.5,89075870.6,439705504
2694.9,S,75,46095.17,4708.56,17834162.5,89076204.9,439705797
2695.9,S,69,46127.70,4709.30,17834162.5,89077170.3,439706729
2696.9,S,65,46151.79,4710.47,17834162.5,89078303.5,439707696
2697.9,S,85,46186.19,4711.13,17834162.5,89078897.7,439708212
2698.9,S,93,46221.67,4711.61,17834183.2,89079045.1,439708380
2699.9,S,93,46257.19,4712.08,17834210.6,89079096.7,439708476
2700.9,S,92,46292.61,4712.61,17834243.0,89079213.3,439708636
2701.9,S,91,46328.30,4713.07,17834279.1,89079230.2,439708702
2702.9,S,89,46363.78,4713.54,17834312.4,89079279.6,439708782
2703.9,S,88,46399.24,4714.01,17834341.3,89079383.4,439708925
2704.9,S,87,46434.69,4714.49,17834376.7,89079561.5,439709138
2705.9,S,85,46469.98,4714.99,17834424.2,89079643.8,439709304
2706.9,S,81,46504.75,4715.59,17834472.1,89080117.3,439709813
2708.0,S,74,46540.95,4716.22,17834521.6,89080763.9,439710473
2709.0,S,72,46572.01,4716.97,17834582.1,89081701.9,439711386
2710.0,S,75,46603.27,4717.95,17834714.9,89082717.5,439712406
2711.0,S,96,46637.36,4719.03,17834907.4,89083086.8,439713005
2712.0,S,96,46672.27,4719.93,17835132.1,89083093.4,439713424
2713.0,S,99,46707.73,4720.64,17835355.2,89083097.3,439713818
2714.0,S,97,46742.25,4721.21,17835582.2,89083129.2,439714238
2715.1,S,96,46776.76,4721.79,17835811.8,89083195.9,439714684
2716.1,S,93,46810.95,4722.41,17836037.1,89083310.9,439715183
2717.1,S,91,46846.25,4723.07,17836267.8,89083546.9,439715750
2718.1,S,87,46881.46,4723.69,17836500.3,89083675.1,439716260
2719.1,S,83,46916.27,4724.33,17836731.9,89083819.5,439716759
2720.1,S,80,46951.27,4724.99,17836951.6,89083973.3,439717300
2721.1,S,85,46985.61,4725.84,17837173.6,89084572.2,439718074
2722.1,S,76,47017.88,4726.65,17837392.9,89085377.8,439718981
2723.1,S,83,47049.50,4727.69,17837598.1,89086387.1,439719983
2724.1,S,115,47083.41,4728.99,17837803.2,89086859.2,439720641
2725.1,S,114,47118.98,4729.56,17838021.5,89086880.1,439721035
2726.1,S,114,47154.20,4730.19,17838235.1,89086986.5,439721463
2727.1,S,114,47189.61,4730.70,17838450.9,89086986.9,439721843
2728.1,S,112,47225.23,4731.26,17838667.4,89087056.0,439722268
2729.1,S,112,47260.67,4731.80,17838889.9,89087057.7,439722637
2730.1,S,110,47296.04,4732.40,17839108.8,89087221.0,439723112
2731.1,S,113,47331.14,4733.00,17839325.1,89087243.9,439723486
2732.1,S,112,47366.45,4733.51,17839542.4,89087248.6,439723832
2733.1,S,109,47401.69,4734.11,17839764.1,89087379.9,439724284
2734.1,S,106,47436.94,4734.72,17839984.0,89087526.9,439724756
2735.1,S,99,47471.91,4735.46,17840204.0,89088011.1,439725448
2736.1,S,97,47506.90,4736.23,17840433.9,89088331.5,439726045
2737.1,S,95,47541.22,4737.06,17840672.9,89088883.1,439726792
2738.1,S,93,47569.66,4737.94,17840862.7,89089451.4,439727779
2739.1,S,87,47600.97,4738.97,17841085.1,89090256.2,439728814
2740.3,S,87,47616.09,4739.90,17841186.5,89090790.7,439729943
2741.3,S,80,47635.02,4741.11,17841323.0,89091676.6,439730978
2742.3,S,99,47660.28,4742.02,17841490.4,89092055.6,439731832
2743.3,S,120,47695.64,4742.95,17841679.0,89092059.3,439732170
2744.3,S,119,47731.04,4743.51,17841856.0,89092177.3,439732569
2745.3,S,120,47766.58,4744.18,17842041.1,89092408.6,439733056
2746.3,S,118,47801.91,4744.71,17842230.7,89092461.1,439733405
2747.3,S,115,47837.36,4745.23,17842408.6,89092513.0,439733802
2748.3,S,114,47873.04,4745.73,17842592.6,89092536.4,439734126
2749.3,S,112,47908.51,4746.30,17842762.6,89092669.9,439734579
2750.3,S,112,47943.77,4746.84,17842932.4,89092670.4,439734879
2751.3,S,110,47979.08,4747.40,17843106.0,89092784.3,439735351
2752.3,S,107,48014.17,4748.11,17843281.2,89092979.2,439735947
2753.3,S,104,48046.95,4749.04,17843452.2,89093280.1,439736760
2754.4,S,107,48081.76,4749.74,17843655.1,89093577.9,439737545
2755.4,S,106,48117.05,4750.36,17843873.6,89093870.5,439738120
2756.4,S,104,48148.84,4751.35,17844092.2,89094247.5,439739069
2757.4,S,101,48179.51,4752.13,17844309.9,89094617.8,439740076
2758.4,S,98,48206.68,4753.06,17844509.2,89095264.3,439741077
2759.4,S,100,48229.22,4754.24,17844663.3,89095647.9,439742093
2760.7,S,95,48241.32,4755.15,17844749.5,89096324.9,439743451
2761.9,S,98,48257.34,4756.52,17844849.8,89097297.1,439744581
2763.0,S,82,48276.00,4757.36,17844973.7,89097706.1,439745700
2764.0,S,100,48306.30,4758.48,17845155.5,89097801.5,439746265
2765.0,S,97,48341.82,4759.03,17845358.1,89097886.0,439746761
2766.0,S,96,48377.13,4759.59,17845563.8,89097918.7,439747208
2767.0,S,96,48412.32,4760.13,17845778.8,89097941.8,439747638
2768.0,S,92,48447.13,4760.77,17845990.1,89098141.1,439748266
2769.0,S,90,48482.19,4761.34,17846188.5,89098317.2,439748867
2770.0,S,88,48516.62,4761.99,17846367.9,89098560.8,439749660
2771.0,S,83,48549.56,4762.70,17846550.8,89098808.8,439750345
2772.0,S,81,48581.45,4763.28,17846730.0,89098965.8,439750996
2773.0,S,78,48609.37,4764.35,17846895.1,89099345.5,439751948
2774.0,S,73,48633.85,4765.68,17847047.0,89099899.0,439752879
2775.2,S,74,48647.23,4767.60,17847137.1,89100398.6,439754017
2776.2,S,68,48656.13,4769.19,17847194.7,89101004.3,439755020
2777.2,S,65,48663.16,4770.34,17847210.1,89101509.5,439756020
2778.2,S,66,48683.98,4773.27,17847270.8,89101908.8,439756610
2779.2,S,64,48711.48,4775.07,17847360.3,89101957.8,439756888
2780.2,S,68,48739.03,4776.49,17847488.8,89101983.5,439757149
2781.2,S,67,48768.29,4778.12,17847547.1,89102012.3,439757334
2782.2,S,63,48791.26,4779.43,17847609.3,89102324.6,439758078
2783.2,S,60,48811.81,4780.89,17847705.7,89102555.7,439758724
2784.2,S,57,48823.33,4782.29,17847765.4,89102897.1,439759625
2785.2,S,48,48832.96,4783.87,17847803.9,89103412.8,439760418
2786.2,S,79,48865.48,4785.18,17847989.0,89103417.1,439760830
2787.2,S,79,48900.39,4785.76,17848190.3,89103417.3,439761269
2788.2,S,79,48935.31,4786.35,17848389.9,89103417.5,439761685
2789.2,S,78,48970.45,4786.92,17848594.9,89103451.5,439762142
2790.2,S,76,49005.16,4787.53,17848799.8,89103516.7,439762672
2791.2,S,72,49036.68,4788.48,17848971.6,89103702.5,439763413
2792.2,S,71,49062.64,4789.26,17849114.2,89103929.8,439764169
2793.2,S,75,49084.66,4789.93,17849248.4,89104327.9,439765003
2794.2,S,73,49104.45,4790.85,17849335.1,89104849.1,439766003
2795.2,S,73,49113.27,4791.48,17849352.6,89105177.6,439767003
2796.2,S,61,49123.65,4792.45,17849418.9,89105807.6,439767985
2797.2,S,60,49147.51,4793.99,17849474.8,89105843.7,439768171
2798.2,S,55,49165.55,4795.72,17849526.5,89105982.6,439768531
2799.2,S,55,49182.92,4797.49,17849576.0,89106085.7,439768926
2800.2,S,53,49189.51,4798.46,17849593.1,89106498.4,439769868
2801.3,S,64,49199.72,4800.11,17849612.9,89106690.8,439770488
2802.3,S,63,49226.62,4801.76,17849724.2,89106696.5,439770703
2803.3,S,67,49254.34,4803.33,17849849.1,89106763.0,439770971
2804.3,S,63,49281.94,4805.02,17849962.5,89106859.2,439771249
2805.3,S,62,49309.26,4806.53,17850076.4,89106895.7,439771473
2806.3,S,60,49334.87,4807.99,17850181.0,89106986.0,439771739
2807.3,S,60,49351.72,4809.44,17850256.6,89107356.9,439772562
2808.3,S,58,49356.68,4810.37,17850257.9,89107760.7,439773563
2809.3,S,54,49362.20,4811.27,17850257.9,89108093.1,439774259
2810.3,S,57,49378.74,4813.12,17850257.9,89108111.3,439774327
2811.3,S,53,49396.76,4814.97,17850257.9,89108303.0,439774515
2812.3,S,53,49411.07,4816.99,17850257.9,89108303.9,439774525
2813.3,S,53,49424.94,4818.70,17850257.9,89108391.9,439774741
2814.4,S,49,49433.81,4819.98,17850257.9,89108841.4,439775687
2815.4,S,56,49449.45,4821.86,17850281.1,89108849.4,439775733
2816.4,S,56,49467.58,4823.55,17850315.3,89108859.0,439775781
2817.4,S,60,49489.40,4825.27,17850345.6,89108862.0,439775827
2818.4,S,56,49508.68,4826.90,17850376.1,89108958.3,439775966
2819.4,S,54,49524.46,4828.44,17850409.1,89109428.0,439776436
2820.4,S,59,49540.27,4829.91,17850427.7,89109640.5,439776819
2821.4,S,59,49564.49,4831.42,17850472.9,89109656.9,439776934
2822.4,S,58,49585.37,4832.71,17850510.6,89109735.4,439777219
2823.4,S,61,49609.87,4834.12,17850558.8,89109817.0,439777519
2824.4,S,57,49630.07,4835.77,17850611.7,89110009.2,439778011
2825.4,S,57,49645.86,4837.44,17850654.0,89110202.9,439778624
2826.5,S,51,49651.83,4838.39,17850669.5,89110747.1,439779575
2827.5,S,64,49671.86,4840.19,17850753.3,89110841.6,439779824
2828.5,S,64,49699.50,4841.79,17850871.9,89110858.7,439780112
2829.5,S,64,49723.54,4842.82,17850980.5,89110956.0,439780643
2830.5,S,67,49751.85,4844.33,17851087.8,89110989.6,439780971
2831.5,S,61,49776.56,4845.71,17851180.0,89111166.8,439781508
2832.5,S,60,49801.40,4847.08,17851271.1,89111284.1,439781942
2833.5,S,59,49813.98,4848.53,17851317.5,89111639.0,439782939
2834.5,S,71,49820.78,4849.54,17851321.6,89112254.8,439783783
2835.5,S,71,49852.82,4850.50,17851328.2,89112264.1,439783821
2836.5,S,71,49884.29,4851.19,17851328.2,89112265.6,439783830
2837.5,S,70,49915.67,4852.05,17851328.2,89112287.9,439783868
2838.5,S,74,49945.95,4852.82,17851328.2,89112391.1,439784084
2839.5,S,73,49978.15,4853.63,17851331.7,89112542.4,439784538
2840.5,S,66,50004.77,4854.72,17851339.4,89113112.3,439785304
2841.5,S,64,50015.12,4855.71,17851340.8,89113797.0,439786304
2842.5,S,60,50018.56,4856.47,17851340.8,89114230.9,439787345
2843.5,S,66,50037.11,4858.52,17851401.7,89114303.5,439787708
2844.5,S,66,50065.49,4860.10,17851539.2,89114305.0,439788049
2845.5,S,65,50093.51,4861.65,17851671.9,89114325.2,439788406
2846.5,S,64,50120.58,4863.22,17851807.5,89114355.4,439788866
2847.5,S,62,50147.55,4864.71,17851933.7,89114438.2,439789261
2848.5,S,66,50175.09,4866.35,17852051.5,89114713.4,439789659
2849.5,S,59,50191.80,4867.63,17852127.7,89115085.6,439790542
2850.7,S,55,50196.22,4868.57,17852135.0,89115493.9,439791699
2851.7,S,55,50205.47,4869.69,17852135.0,89115836.8,439792295
2852.7,S,55,50224.03,4871.40,17852135.0,89115847.2,439792328
2853.7,S,54,50241.87,4873.14,17852135.0,89115877.7,439792605
2854.7,S,53,50258.99,4874.98,17852135.0,89115916.5,439792650
2855.7,S,57,50276.53,4876.96,17852135.0,89116072.0,439792850
2856.7,S,50,50288.80,4878.41,17852135.0,89116594.2,439793569
2857.8,S,59,50300.69,4879.78,17852156.3,89116724.5,439794081
2858.8,S,59,50322.74,4881.44,17852200.8,89116726.1,439794226
2859.8,S,58,50344.85,4883.11,17852251.9,89116757.4,439794434
2860.8,S,57,50364.61,4884.69,17852288.4,89116884.2,439794798
2861.8,S,60,50385.45,4886.21,17852321.4,89116948.0,439795059
2862.8,S,60,50399.42,4887.77,17852345.6,89117229.0,439795899
2863.8,S,60,50409.13,4888.95,17852354.4,89117784.9,439796652
2864.8,S,58,50432.50,4890.33,17852369.7,89117805.8,439796747
2865.8,S,58,50454.83,4891.79,17852382.7,89117806.5,439796774
2866.8,S,58,50477.26,4893.38,17852392.4,89117806.8,439796805
2867.8,S,58,50496.80,4894.47,17852401.9,89117909.9,439797165
2868.8,S,62,50517.03,4895.79,17852408.4,89118102.2,439797796
2869.8,S,59,50524.74,4896.57,17852412.9,89118554.4,439798797
2870.8,S,56,50533.77,4897.94,17852428.4,89118997.6,439799505
2871.8,S,56,50553.60,4899.60,17852524.9,89119027.3,439799815
2872.8,S,56,50573.55,4901.20,17852623.2,89119027.7,439800050
2873.8,S,56,50593.44,4902.88,17852724.5,89119027.9,439800283
2874.8,S,56,50606.96,4903.99,17852791.1,89119189.6,439800876
2875.8,S,57,50624.96,4905.77,17852863.2,89119329.7,439801364
2876.8,S,56,50634.15,4908.26,17852881.1,89119657.1,439802283
2877.9,S,55,50647.92,4912.39,17852881.1,89119987.1,439802657
2878.9,S,55,50667.67,4917.61,17852881.1,89119987.2,439802660
2879.9,S,58,50686.52,4922.06,17852881.1,89120109.7,439802836
2880.9,S,55,50708.39,4926.96,17852881.1,89120182.3,439802902
2881.9,S,54,50726.60,4931.26,17852881.1,89120307.1,439803331
2882.9,S,53,50741.64,4935.35,17852881.1,89120522.7,439803950
2883.9,S,77,50756.13,4936.24,17852881.1,89120826.7,439804485
2884.9,S,75,50790.70,4936.80,17852881.1,89120864.1,439804571
2885.9,S,71,50821.92,4937.53,17852881.1,89120936.5,439804842
2886.9,S,71,50854.84,4938.19,17852881.1,89120937.1,439804850
2887.9,S,70,50887.36,4938.85,17852881.1,89120977.6,439804890
2888.9,S,70,50919.52,4939.54,17852881.1,89121073.7,439805017
2889.9,S,68,50947.62,4940.53,17852881.1,89121603.7,439805462
2890.9,S,63,50959.17,4941.55,17852881.1,89122362.7,439806462
2891.9,S,56,50962.17,4942.17,17852881.1,89122685.6,439807500
2892.9,S,67,50978.19,4943.26,17852957.2,89122855.5,439808093
2893.9,S,66,51005.05,4944.91,17853111.8,89122960.0,439808669
2894.9,S,66,51033.37,4946.44,17853270.2,89122961.3,439809030
2895.9,S,65,51061.29,4948.00,17853431.6,89123041.7,439809440
2896.9,S,67,51089.89,4949.04,17853579.6,89123208.1,439809884
2898.0,S,70,51118.93,4950.24,17853722.0,89123304.6,439810251
2899.0,S,69,51141.26,4951.12,17853817.4,89123585.7,439811012
2900.0,S,66,51153.98,4952.50,17853828.3,89123917.2,439812017
2901.0,S,63,51162.14,4953.37,17853828.3,89124521.6,439813017
2902.0,S,54,51177.40,4955.16,17853828.3,89124543.3,439813069
2903.0,S,53,51191.55,4956.90,17853828.3,89124711.3,439813527
2904.0,S,48,51197.99,4957.97,17853828.3,89125045.4,439814519
2905.0,S,67,51222.42,4959.77,17853828.3,89125049.9,439814538
2906.0,S,70,51252.90,4960.88,17853828.3,89125161.2,439814644
2907.0,S,70,51282.02,4961.63,17853828.3,89125243.2,439814808
2908.0,S,66,51310.94,4963.30,17853828.3,89125257.4,439814844
2909.0,S,65,51339.67,4964.91,17853828.3,89125306.4,439815131
2910.0,S,64,51365.59,4966.58,17853828.3,89125874.3,439815721
2911.0,S,57,51375.97,4967.67,17853828.3,89126631.2,439816679
2912.2,S,67,51388.60,4969.28,17853853.7,89126866.1,439817372
2913.2,S,67,51418.05,4970.75,17853976.1,89126867.4,439817633
2914.2,S,65,51446.87,4972.09,17854094.7,89126906.9,439818018
2915.2,S,68,51475.64,4973.31,17854201.1,89126946.2,439818385
2916.2,S,66,51501.79,4974.30,17854295.6,89127078.5,439818936
2917.2,S,62,51529.27,4975.83,17854395.6,89127132.0,439819303
2918.2,S,60,51550.80,4977.09,17854487.0,89127695.5,439820206
2919.2,S,56,51557.27,4978.10,17854505.7,89128021.4,439821189
2920.4,S,48,51560.04,4978.75,17854505.7,89128473.6,439822370
2921.4,S,48,51570.76,4980.19,17854505.7,89128474.0,439822375
2922.4,S,48,51581.45,4981.60,17854505.7,89128474.0,439822375
2923.4,S,48,51592.06,4983.15,17854505.7,89128474.2,439822393
2924.4,S,52,51604.95,4984.88,17854505.7,89128645.9,439822611
2925.4,S,53,51615.62,4986.58,17854505.7,89128812.3,439822756
2926.4,S,53,51629.92,4988.33,17854505.7,89128814.1,439822766
2927.4,S,53,51644.24,4990.13,17854505.7,89128814.3,439822794
2928.4,S,53,51658.58,4991.80,17854505.7,89128909.7,439823065
2929.4,S,52,51671.03,4993.34,17854505.7,89129157.4,439823638
2930.4,S,70,51687.41,4994.86,17854505.7,89129365.7,439823824
2931.4,S,70,51718.84,4996.07,17854505.7,89129376.6,439823841
2932.4,S,66,51747.44,4997.42,17854505.7,89129473.0,439823941
2933.4,S,65,51775.57,4998.99,17854505.7,89129504.4,439824004
2934.4,S,64,51802.83,5000.35,17854505.7,89129546.9,439824154
2935.4,S,62,51829.61,5001.67,17854505.7,89129779.9,439824361
2936.4,S,57,51846.90,5003.22,17854505.7,89130616.6,439825079
2937.4,S,71,51865.86,5005.01,17854554.2,89130885.8,439825410
2938.4,S,73,51897.69,5005.78,17854666.1,89131005.6,439825705
2939.4,S,73,51931.00,5006.51,17854781.3,89131012.1,439825901
2940.4,S,69,51962.14,5007.31,17854896.0,89131112.6,439826178
2941.4,S,68,51992.77,5008.13,17855012.5,89131138.3,439826404
2942.4,S,66,52022.54,5009.14,17855122.2,89131235.0,439826664
2943.4,S,63,52048.24,5010.52,17855217.6,89131767.9,439827260
2944.4,S,60,52050.68,5011.10,17855222.7,89132172.5,439828261
2945.4,S,53,52056.25,5012.11,17855222.7,89132733.3,439828995
2946.4,S,53,52071.94,5013.77,17855222.7,89132734.0,439829001
2947.4,S,53,52086.82,5015.65,17855222.7,89132830.3,439829212
2948.4,S,57,52102.19,5017.40,17855222.7,89132934.4,439829311
2949.4,S,52,52117.53,5018.99,17855222.7,89133103.3,439829671
2950.4,S,47,52125.97,5020.23,17855222.7,89133473.7,439830462
2951.4,S,59,52145.92,5022.03,17855240.2,89133475.0,439830478
2952.4,S,59,52167.14,5023.58,17855258.8,89133475.5,439830501
2953.4,S,58,52187.81,5025.38,17855283.7,89133510.0,439830557
2954.4,S,61,52207.80,5027.01,17855314.8,89133652.2,439830714
2955.4,S,61,52228.82,5028.71,17855340.7,89133838.4,439830923
2956.6,S,57,52232.67,5029.43,17855342.5,89134261.8,439832067
2957.8,S,62,52243.05,5030.63,17855342.5,89134499.7,439832707
2958.8,S,62,52269.88,5032.00,17855342.5,89134502.0,439832731
2959.8,S,62,52296.55,5033.41,17855342.5,89134502.2,439832735
2960.8,S,60,52323.04,5034.67,17855342.5,89134567.9,439832919
2961.8,S,64,52347.93,5035.86,17855342.5,89134671.1,439833112
2962.8,S,63,52375.50,5037.51,17855342.5,89134734.5,439833180
2963.8,S,50,52389.47,5038.97,17855342.5,89135754.1,439834062
2964.8,S,62,52406.98,5040.55,17855373.5,89135948.3,439834508
2965.8,S,61,52432.20,5042.06,17855422.2,89135955.6,439834639
2966.8,S,61,52457.33,5043.49,17855473.0,89135955.9,439834770
2967.8,S,63,52478.80,5044.76,17855524.0,89136121.4,439835243
2968.8,S,63,52505.92,5046.19,17855576.5,89136122.0,439835376
2969.8,S,59,52527.08,5047.80,17855626.4,89136406.8,439836053
2970.8,S,57,52533.83,5048.83,17855642.1,89136964.7,439837053
2971.8,S,47,52539.72,5050.01,17855644.3,89137225.1,439837729
2972.8,S,47,52548.36,5051.24,17855644.3,89137225.7,439837746
2973.8,S,47,52557.15,5052.67,17855644.3,89137225.9,439837751
2974.8,S,47,52565.88,5054.13,17855644.3,89137226.6,439837757
2975.8,S,51,52575.77,5055.67,17855644.3,89137425.9,439837967
2976.8,S,54,52591.92,5057.48,17855644.3,89137522.7,439838224
2977.8,S,54,52608.28,5059.27,17855644.3,89137522.9,439838250
2978.8,S,53,52623.69,5061.16,17855644.3,89137594.3,439838348
2979.8,S,53,52639.09,5063.03,17855644.3,89137594.8,439838356
2980.8,S,59,52651.99,5064.91,17855644.3,89138010.1,439838718
2981.8,S,67,52678.44,5066.12,17855644.3,89138114.1,439838929
2982.8,S,67,52707.84,5067.63,17855644.3,89138210.2,439839129
2983.8,S,63,52734.01,5069.04,17855644.3,89138306.6,439839390
2984.8,S,63,52760.33,5070.34,17855644.3,89138306.9,439839399
2985.8,S,60,52785.05,5071.73,17855644.3,89138465.1,439839545
2986.8,S,53,52800.95,5073.24,17855644.3,89139378.2,439840325
2987.8,S,78,52827.33,5074.38,17855705.9,89139554.9,439840581
2988.8,S,77,52862.30,5074.88,17855801.8,89139566.3,439840754
2989.8,S,76,52897.50,5075.40,17855906.6,89139591.4,439840945
2990.8,S,74,52930.90,5076.09,17856011.3,89139674.4,439841200
2991.8,S,74,52964.24,5076.80,17856109.2,89139676.5,439841368
2992.8,S,77,52997.15,5077.49,17856195.2,89139824.7,439841645
2993.8,S,74,53029.73,5078.25,17856271.7,89140248.8,439842151
2994.8,S,72,53036.24,5079.21,17856287.0,89141030.1,439843189
2995.9,S,63,53037.99,5079.96,17856287.7,89141743.3,439844268
2996.9,S,61,53057.01,5081.48,17856287.7,89141810.3,439844440
2997.9,S,60,53082.03,5082.65,17856287.7,89141828.9,439844484
2998.9,S,60,53106.26,5084.05,17856287.7,89141832.8,439844534
2999.9,S,59,53129.85,5085.45,17856287.7,89141860.1,439844688
3000.9,S,62,53153.83,5086.88,17856287.7,89142015.9,439844931
3001.9,S,62,53170.97,5088.01,17856287.7,89142413.6,439845834
3002.9,S,64,53181.72,5089.33,17856297.6,89143012.5,439846422
3003.9,S,63,53208.44,5091.23,17856375.9,89143111.6,439846663
3004.9,S,63,53235.70,5092.64,17856438.2,89143111.9,439846781
3005.9,S,61,53260.15,5094.04,17856491.5,89143258.4,439847149
3006.9,S,65,53284.99,5095.46,17856548.5,89143266.2,439847333
3007.9,S,65,53313.00,5097.04,17856604.6,89143267.6,439847480
3008.9,S,61,53330.81,5098.46,17856652.6,89143558.1,439848192
3010.0,S,58,53336.42,5099.54,17856656.2,89144260.7,439849278
3011.1,S,47,53343.40,5100.97,17856656.2,89144480.6,439849808
3012.1,S,47,53352.16,5102.28,17856656.2,89144481.4,439849840
3013.1,S,47,53360.95,5103.67,17856656.2,89144481.7,439849844
3014.1,S,47,53369.87,5105.09,17856656.2,89144483.0,439849848
3015.1,S,51,53378.54,5106.54,17856656.2,89144681.7,439850018
3016.1,S,54,53395.57,5108.33,17856656.2,89144778.4,439850218
3017.1,S,54,53411.92,5110.21,17856656.2,89144778.8,439850222
3018.1,S,54,53428.24,5112.02,17856656.2,89144778.9,439850227
3019.1,S,53,53443.80,5113.81,17856656.2,89144829.6,439850278
3020.1,S,47,53455.29,5115.48,17856656.2,89145284.5,439850675
3021.1,S,75,53488.18,5116.13,17856656.2,89145285.8,439850681
3022.1,S,74,53522.62,5116.63,17856656.2,89145315.6,439850748
3023.1,S,73,53556.14,5117.53,17856656.2,89145436.3,439851000
3024.1,S,77,53589.01,5118.13,17856656.2,89145539.7,439851341
3025.1,S,77,53624.21,5118.60,17856656.2,89145541.3,439851352
3026.1,S,71,53656.05,5119.25,17856656.2,89145858.1,439851626
3027.1,S,65,53675.37,5120.32,17856656.2,89146971.4,439852574
3028.2,S,60,53678.07,5120.85,17856656.2,89147435.2,439853575
3029.2,S,75,53694.12,5122.37,17856663.6,89147599.0,439853911
3030.2,S,75,53728.85,5122.97,17856698.6,89147600.1,439853970
3031.2,S,75,53763.77,5123.48,17856734.2,89147602.3,439854021
3032.2,S,75,53798.57,5123.95,17856772.5,89147687.7,439854168
3033.2,S,74,53833.28,5124.52,17856817.1,89147722.4,439854263
3034.2,S,74,53868.01,5125.09,17856866.2,89147722.7,439854340
3035.2,S,72,53900.59,5125.79,17856898.4,89147932.5,439854685
3036.2,S,70,53913.50,5126.73,17856912.3,89148309.9,439855685
3037.2,S,70,53915.26,5127.52,17856912.3,89148713.2,439856687
3038.3,S,62,53918.65,5128.89,17856912.3,89149745.9,439857826
3039.3,S,65,53937.75,5130.94,17856912.3,89149784.7,439857938
3040.3,S,64,53964.27,5132.19,17856912.3,89149799.4,439857979
3041.3,S,68,53991.77,5133.69,17856912.3,89149817.5,439858016
3042.3,S,68,54020.76,5135.23,17856912.3,89149900.9,439858184
3043.3,S,64,54046.60,5136.70,17856912.3,89149996.8,439858421
3044.3,S,62,54066.48,5137.99,17856912.3,89150564.9,439859352
3045.4,S,50,54079.68,5139.28,17856912.3,89151208.1,439860125
3046.4,S,70,54100.66,5140.93,17856963.0,89151274.3,439860398
3047.4,S,69,54130.16,5142.27,17857048.9,89151336.4,439860751
3048.4,S,69,54159.69,5143.37,17857124.9,89151356.3,439860990
3049.4,S,67,54187.15,5144.55,17857208.6,89151419.3,439861346
3050.4,S,71,54217.07,5145.35,17857278.1,89151441.2,439861568
3051.4,S,67,54245.09,5146.26,17857329.2,89151537.3,439861920
3052.4,S,66,54264.08,5147.51,17857375.0,89152044.1,439862693
3053.5,S,64,54267.73,5148.06,17857387.6,89152485.3,439863780
3054.5,S,54,54274.70,5149.31,17857387.6,89153012.1,439864778
3055.5,S,54,54290.84,5151.11,17857387.6,89153012.9,439864787
3056.5,S,54,54307.07,5153.00,17857387.6,89153013.0,439864793
3057.5,S,54,54323.18,5154.75,17857387.6,89153013.3,439864802
3058.5,S,58,54340.32,5156.59,17857387.6,89153131.2,439865009
3059.5,S,57,54349.65,5157.74,17857387.6,89153562.5,439866009
3060.5,S,59,54362.40,5159.63,17857396.1,89153823.6,439866309
3061.5,S,59,54383.97,5161.22,17857428.1,89153824.7,439866340
3062.5,S,59,54405.40,5162.77,17857456.9,89153825.0,439866366
3063.5,S,58,54426.31,5164.54,17857482.0,89153859.3,439866423
3064.5,S,62,54447.69,5166.16,17857494.2,89153910.0,439866495
3065.5,S,60,54465.07,5167.69,17857510.0,89154174.7,439867207
3066.5,S,60,54470.04,5168.73,17857516.9,89154550.6,439868208
3067.6,S,47,54475.98,5169.54,17857516.9,89154786.1,439869010
3068.6,S,61,54500.63,5170.97,17857516.9,89154804.8,439869064
3069.6,S,60,54524.98,5172.25,17857516.9,89154806.4,439869073
3070.6,S,59,54548.93,5173.54,17857516.9,89154838.4,439869174
3071.6,S,63,54573.23,5174.76,17857516.9,89154941.2,439869358
3072.6,S,61,54599.12,5176.06,17857516.9,89155146.9,439869537
3073.6,S,57,54610.65,5177.36,17857516.9,89155899.4,439870498
3074.6,S,61,54628.95,5179.14,17857559.7,89156093.0,439871058
3075.6,S,61,54653.97,5180.62,17857633.2,89156095.1,439871265
3076.6,S,61,54679.08,5182.22,17857708.4,89156095.4,439871513
3077.6,S,63,54702.10,5183.48,17857767.3,89156269.6,439871909
3078.6,S,60,54730.50,5186.36,17857829.1,89156341.8,439872074
3079.6,S,59,54757.93,5191.06,17857892.6,89156454.6,439872272
3080.6,S,58,54770.09,5194.24,17857921.1,89156820.4,439873263
3081.6,S,55,54775.76,5196.46,17857923.1,89157207.0,439874312
3082.6,S,51,54781.06,5198.84,17857923.1,89157472.9,439875093
3083.6,S,51,54796.94,5203.76,17857923.1,89157488.4,439875177
3084.6,S,47,54808.28,5208.28,17857923.1,89157569.6,439875408
3085.6,S,47,54815.76,5211.09,17857923.1,89157767.9,439875862
3086.6,S,51,54831.15,5216.66,17857923.1,89157784.9,439875906
3087.6,S,47,54843.69,5221.88,17857923.1,89157866.4,439876109
3088.6,S,51,54856.83,5226.45,17857923.1,89157969.4,439876206
3089.6,S,49,54872.42,5231.23,17857923.1,89158026.3,439876351
3090.6,S,47,54884.89,5236.24,17857923.1,89158161.2,439876642
3091.6,S,51,54895.78,5239.86,17857923.1,89158264.3,439876925
3092.6,S,47,54911.24,5244.56,17857923.1,89158456.8,439877102
3093.6,S,47,54924.04,5249.60,17857923.1,89158457.0,439877103
3094.6,S,51,54936.62,5253.31,17857923.1,89158560.1,439877338
3095.6,S,47,54950.64,5258.23,17857923.1,89158752.2,439877823
3096.6,S,47,54963.33,5263.40,17857923.1,89158752.6,439877823
3097.6,S,51,54978.69,5267.97,17857923.1,89158856.1,439877911
3098.6,S,47,54991.53,5273.13,17857923.1,89159048.0,439878143
3099.6,S,51,55003.88,5277.67,17857923.1,89159150.9,439878250
3100.6,S,48,55019.71,5282.20,17857923.1,89159223.0,439878435
3101.6,S,47,55032.67,5287.32,17857923.1,89159342.9,439878689
3102.6,S,51,55044.29,5291.24,17857923.1,89159445.9,439878922
3103.6,S,47,55059.32,5296.15,17857923.2,89159543.0,439879022
3104.6,S,47,55072.17,5301.35,17857923.2,89159639.7,439879112
3105.6,S,51,55086.24,5306.08,17857923.2,89159742.5,439879207
3106.6,S,47,55100.09,5310.96,17857923.2,89159838.5,439879504
3107.6,S,47,55112.33,5315.76,17857923.2,89159934.2,439879705
3108.6,S,51,55126.80,5320.62,17857923.2,89160037.6,439879794
3109.6,S,47,55140.60,5325.71,17857923.4,89160230.4,439879975
3110.6,S,47,55152.37,5330.53,17857923.4,89160308.4,439880097
3111.6,S,51,55168.91,5335.40,17857923.4,89160335.6,439880123
3112.6,S,47,55181.37,5340.21,17857923.4,89160525.4,439880630
3113.6,S,51,55191.50,5344.02,17857923.4,89160628.5,439880877
3114.6,S,51,55207.41,5349.35,17857923.4,89160711.2,439880963
3115.6,S,47,55220.58,5354.51,17857923.4,89160820.8,439881065
3116.6,S,51,55233.32,5359.20,17857923.4,89160924.0,439881162
3117.6,S,48,55248.41,5363.80,17857923.4,89160996.6,439881324
3118.6,S,47,55261.24,5369.13,17857923.4,89161116.5,439881577
3119.6,S,51,55271.93,5372.66,17857923.4,89161219.4,439881859
3120.6,S,48,55287.41,5377.39,17857923.4,89161387.2,439882000
3121.6,S,47,55299.94,5382.51,17857923.4,89161411.2,439882115
3122.6,S,51,55314.09,5387.14,17857923.4,89161514.1,439882257
3123.6,S,47,55327.98,5391.94,17857923.4,89161692.5,439882643
3124.6,S,47,55340.72,5397.11,17857923.4,89161706.7,439882890
3125.6,S,51,55353.05,5400.80,17857923.4,89161810.1,439883169
3126.6,S,47,55366.95,5405.96,17857923.4,89162001.7,439883349
3127.6,S,47,55379.44,5410.96,17857923.4,89162024.2,439883381
3128.6,S,51,55395.20,5415.59,17857923.4,89162105.1,439883503
3129.6,S,47,55406.29,5419.74,17857923.4,89162326.5,439884078
3130.6,S,51,55417.57,5424.27,17857923.4,89162429.6,439884209
3131.6,S,51,55433.82,5429.23,17857923.4,89162501.9,439884308
3132.6,S,47,55446.10,5434.34,17857923.4,89162622.1,439884415
3133.6,S,51,55456.04,5437.96,17857923.4,89162725.1,439884711
3134.6,S,51,55471.76,5442.61,17857923.4,89162797.3,439884864
3135.6,S,47,55484.41,5447.59,17857923.4,89162917.3,439885068
3136.6,S,51,55498.07,5452.19,17857923.4,89163020.6,439885161
3137.6,S,47,55512.55,5457.24,17857923.4,89163117.2,439885242
3138.6,S,47,55525.27,5462.50,17857923.4,89163213.3,439885330
3139.6,S,51,55539.61,5467.13,17857923.4,89163316.2,439885423
3140.6,S,47,55553.43,5472.28,17857923.4,89163413.0,439885661
3141.6,S,47,55566.84,5477.39,17857923.4,89163509.2,439885871
3142.6,S,51,55579.79,5481.21,17857923.4,89163612.4,439886107
3143.6,S,47,55590.36,5485.03,17857923.4,89163804.1,439886675
3144.7,S,47,55603.15,5490.05,17857923.4,89163804.8,439886684
3145.7,S,51,55616.97,5494.49,17857923.4,89163907.7,439886840
3146.7,S,47,55630.91,5499.52,17857923.4,89164099.8,439887020
3147.7,S,47,55641.89,5503.93,17857923.4,89164166.7,439887174
3148.7,S,51,55657.23,5508.78,17857923.4,89164204.1,439887257
3149.7,S,47,55669.85,5513.55,17857923.4,89164395.8,439887698
3150.7,S,51,55682.15,5518.11,17857923.4,89164498.7,439887793
3151.7,S,51,55697.12,5522.81,17857923.4,89164568.4,439888000
3152.7,S,47,55710.20,5527.89,17857923.4,89164690.4,439888362
3153.7,S,51,55721.85,5531.66,17857923.4,89164793.7,439888577
3154.7,S,47,55737.44,5536.37,17857923.4,89164962.2,439888734
3155.7,S,47,55750.16,5541.53,17857923.4,89164985.7,439888758
3156.7,S,51,55760.30,5544.85,17857923.4,89165088.7,439889119
3157.7,S,47,55775.38,5549.75,17857923.4,89165185.0,439889319
3158.7,S,47,55788.13,5554.96,17857923.4,89165281.5,439889431
3159.7,S,51,55802.00,5559.77,17857923.4,89165384.6,439889529
3160.7,S,47,55813.27,5563.60,17857923.4,89165480.7,439889889
3161.7,S,47,55825.51,5568.53,17857923.4,89165576.3,439890104
3162.7,S,51,55839.19,5573.13,17857923.4,89165679.0,439890206
3163.7,S,47,55853.28,5577.89,17857923.4,89165775.5,439890512
3164.7,S,47,55866.13,5583.02,17857923.4,89165871.5,439890701
3165.7,S,51,55879.07,5587.08,17857923.4,89165974.1,439890919
3166.7,S,47,55891.06,5591.81,17857923.4,89166165.6,439891376
3167.7,S,47,55903.77,5596.99,17857923.4,89166166.0,439891377
3168.7,S,51,55916.99,5600.80,17857923.4,89166269.2,439891592
3169.7,S,47,55930.54,5605.63,17857923.4,89166461.1,439891764
3170.7,S,51,55942.16,5610.12,17857923.4,89166564.3,439891883
3171.7,S,51,55958.64,5615.48,17857923.4,89166580.8,439891927
3172.7,S,47,55971.84,5620.34,17857923.4,89166661.3,439892142
3173.7,S,51,55982.78,5624.63,17857923.4,89166860.2,439892563
3174.7,S,50,55998.61,5629.82,17857923.4,89166990.5,439892677
3175.7,S,47,56011.31,5634.95,17857923.4,89167052.9,439892731
3176.7,S,51,56023.93,5639.32,17857923.4,89167155.8,439892862
3177.7,S,47,56038.62,5644.21,17857923.4,89167251.8,439893080
3178.7,S,47,56051.84,5649.42,17857923.4,89167347.9,439893371
3179.7,S,51,56064.51,5653.66,17857923.4,89167451.5,439893547
3180.7,S,47,56078.27,5658.13,17857923.4,89167643.6,439893748
3181.7,S,47,56091.33,5662.89,17857923.4,89167643.8,439893755
3182.7,S,51,56106.31,5667.32,17857923.4,89167746.8,439893845
3183.7,S,47,56119.61,5672.21,17857923.4,89167938.6,439894160
3184.7,S,47,56130.54,5676.49,17857923.4,89168019.0,439894325
3185.7,S,51,56146.62,5681.29,17857923.4,89168042.1,439894382
3186.7,S,47,56158.08,5685.40,17857923.4,89168234.2,439894734
3187.7,S,51,56169.76,5689.59,17857923.4,89168336.9,439894878
3188.7,S,49,56186.31,5694.79,17857923.4,89168385.0,439894926
3189.7,S,47,56199.09,5699.94,17857923.4,89168529.0,439895047
3190.7,S,51,56212.64,5704.49,17857923.4,89168632.2,439895137
3191.7,S,48,56226.78,5709.18,17857923.4,89168728.5,439895402
3192.7,S,47,56240.42,5714.25,17857923.4,89168810.8,439895564
3193.7,S,51,56252.51,5718.31,17857923.4,89168927.6,439895820
3194.7,S,47,56266.84,5723.31,17857923.4,89169119.2,439896006
3195.7,S,47,56279.61,5728.33,17857923.4,89169120.1,439896011
3196.7,S,51,56294.29,5732.90,17857923.4,89169222.7,439896102
3197.7,S,47,56308.49,5737.75,17857923.4,89169318.6,439896234
3198.7,S,47,56320.70,5742.57,17857923.4,89169444.4,439896627
3199.7,S,51,56334.84,5746.68,17857923.4,89169517.9,439896806
3200.7,S,47,56348.54,5751.61,17857923.4,89169710.2,439896991
3201.7,S,51,56360.28,5756.27,17857923.4,89169813.2,439897099
3202.7,S,48,56376.60,5761.18,17857923.4,89169913.3,439897197
3203.7,S,47,56389.25,5766.44,17857923.4,89170033.9,439897300
3204.7,S,51,56398.53,5769.88,17857923.4,89170137.2,439897641
3205.7,S,51,56414.31,5775.22,17857923.4,89170271.2,439897913
3206.7,S,47,56426.52,5780.21,17857923.4,89170329.9,439898044
3207.7,S,51,56439.40,5784.83,17857923.4,89170433.7,439898133
3208.7,S,49,56455.43,5789.93,17857923.4,89170487.9,439898257
3209.7,S,47,56468.25,5795.12,17857923.4,89170626.4,439898381
3210.7,S,51,56479.43,5798.96,17857923.4,89170729.9,439898645
3211.7,S,48,56494.81,5804.16,17857923.4,89170825.8,439898841
3212.7,S,47,56507.91,5809.08,17857923.4,89170921.6,439898977
3213.7,S,51,56522.00,5813.65,17857923.4,89171024.6,439899074
3214.7,S,47,56535.20,5818.06,17857923.4,89171216.4,439899455
3215.7,S,47,56547.92,5823.16,17857923.4,89171216.8,439899461
3216.7,S,51,56562.59,5827.59,17857923.4,89171319.7,439899620
3217.7,S,47,56575.03,5832.29,17857923.4,89171511.7,439899859
3218.7,S,47,56586.38,5836.54,17857923.4,89171578.1,439900015
3219.7,S,51,56601.89,5841.08,17857923.4,89171615.4,439900101
3220.7,S,47,56614.27,5845.66,17857923.4,89171807.2,439900504
3221.7,S,51,56624.60,5849.58,17857923.4,89171909.8,439900727
3222.7,S,51,56640.75,5854.68,17857923.4,89171947.9,439900798
3223.7,S,47,56654.11,5859.72,17857923.4,89172102.4,439901150
3224.7,S,51,56666.73,5864.29,17857923.4,89172205.6,439901278
3225.7,S,49,56682.65,5869.44,17857923.4,89172254.0,439901334
3226.7,S,47,56695.20,5874.49,17857923.4,89172397.9,439901475
3227.7,S,51,56709.18,5878.94,17857923.4,89172500.3,439901572
3228.7,S,47,56721.07,5882.77,17857923.4,89172692.0,439902027
3229.7,S,47,56733.81,5887.73,17857923.4,89172692.5,439902046
3230.7,S,51,56747.69,5892.20,17857923.4,89172795.5,439902137
3231.7,S,47,56760.85,5896.51,17857923.4,89172891.7,439902507
3232.7,S,47,56771.50,5900.34,17857923.4,89172988.0,439902701
3233.7,S,51,56784.37,5904.79,17857923.4,89173091.1,439902794
3234.7,S,47,56799.39,5909.80,17857923.4,89173283.0,439902966
3235.7,S,47,56812.22,5914.84,17857923.4,89173283.3,439902974
3236.7,S,51,56824.43,5918.69,17857923.4,89173386.0,439903198
3237.7,S,47,56838.25,5923.20,17857923.4,89173577.9,439903566
3238.7,S,47,56846.51,5925.61,17857923.4,89173578.1,439903574
3239.7,S,47,56854.58,5928.05,17857923.4,89173578.9,439903585
3240.7,S,47,56862.77,5930.48,17857923.4,89173579.4,439903588
3241.7,S,47,56872.33,5934.28,17857923.4,89173719.0,439903844
3242.7,S,51,56887.12,5939.24,17857923.4,89173778.3,439903921
3243.7,S,47,56896.11,5942.18,17857923.4,89173875.0,439904011
3244.7,S,47,56906.65,5946.54,17857923.4,89173970.8,439904095
3245.7,S,51,56917.41,5950.55,17857923.4,89174074.5,439904317
3246.8,S,47,56930.25,5954.88,17857923.4,89174170.4,439904530
3247.8,S,47,56938.27,5957.32,17857923.4,89174170.7,439904538
3248.8,S,47,56946.36,5959.83,17857923.4,89174171.1,439904568
3249.8,S,47,56955.41,5962.98,17857923.4,89174266.8,439904715
3250.8,S,51,56967.11,5967.57,17857923.4,89174369.9,439904827
3251.8,S,47,56980.25,5972.01,17857923.4,89174466.1,439904952
3252.8,S,47,56988.44,5974.36,17857923.4,89174466.3,439904959
3253.8,S,47,56995.71,5976.66,17857923.4,89174562.2,439905163
3254.8,S,47,57002.85,5979.07,17857923.4,89174562.4,439905180
3255.8,S,47,57010.07,5981.37,17857923.4,89174562.6,439905186
3256.8,S,47,57017.31,5983.68,17857923.4,89174563.3,439905189
3257.8,S,47,57025.44,5986.77,17857923.4,89174694.6,439905336
3258.8,S,66,57042.82,5991.27,17857923.4,89174762.1,439905418
3259.8,S,62,57067.77,5994.76,17857923.4,89174859.3,439905512
3260.8,S,62,57089.42,5997.34,17857923.4,89174859.7,439905521
3261.8,S,62,57110.95,5999.78,17857923.4,89174860.0,439905532
3262.8,S,62,57131.58,6002.25,17857923.4,89174961.9,439905738
3263.8,S,62,57152.81,6004.74,17857923.4,89175056.2,439906069
3264.8,S,62,57172.28,6007.01,17857923.4,89175197.9,439906419
3265.8,S,62,57193.16,6009.17,17857923.4,89175274.8,439906640
3266.8,S,66,57216.07,6012.16,17857923.4,89175567.6,439907008
3267.8,S,62,57245.60,6016.97,17857923.4,89175763.4,439907178
3268.8,S,62,57266.58,6019.58,17857923.4,89176164.8,439907518
3269.8,S,62,57287.11,6021.92,17857923.4,89176588.6,439907887
3270.8,S,62,57308.80,6024.44,17857923.4,89176692.2,439907985
3271.8,S,62,57329.29,6026.56,17857923.4,89176862.4,439908238
3272.8,S,62,57348.95,6027.72,17857923.4,89177023.1,439908604
3273.8,S,62,57369.26,6028.73,17857923.4,89177141.9,439908963
3274.8,S,66,57390.35,6030.00,17857923.4,89177551.8,439909319
3275.8,S,66,57417.59,6031.56,17857923.4,89177552.1,439909323
3276.8,S,62,57441.44,6032.95,17857923.4,89177898.7,439909732
3277.8,S,62,57461.86,6034.05,17857923.4,89178178.3,439909978
3278.8,S,62,57482.53,6035.03,17857923.4,89178193.0,439909995
3279.8,S,62,57500.84,6036.18,17857923.4,89178454.1,439910638
3280.9,S,62,57521.92,6037.59,17857923.4,89178781.6,439911169
3281.9,S,62,57542.33,6038.72,17857923.4,89178907.0,439911281
3282.9,S,62,57561.69,6039.92,17857923.4,89179264.3,439911623
3283.9,S,61,57580.43,6041.16,17857923.4,89179471.0,439912148
3284.9,S,65,57599.83,6042.43,17857923.4,89179707.7,439912543
3286.0,S,62,57620.25,6043.48,17857923.4,89180131.8,439913027
3287.0,S,61,57638.62,6044.46,17857923.4,89180340.0,439913217
3288.0,S,61,57657.19,6045.42,17857923.4,89180340.3,439913217
3289.0,S,57,57673.73,6046.52,17857923.4,89180799.5,439913612
3290.0,S,48,57683.54,6047.55,17857923.4,89181421.7,439914144
3291.0,S,48,57690.13,6048.32,17857923.4,89181456.8,439914277
3292.0,S,89,57718.70,6049.15,17857923.4,89181578.6,439914396
3293.0,S,87,57753.56,6050.33,17857923.4,89181692.1,439914522
3294.0,S,86,57788.42,6051.41,17857923.4,89181704.2,439914539
3295.0,S,88,57823.84,6052.07,17857923.4,89181705.0,439914553
3296.0,S,87,57858.92,6052.53,17857923.4,89181728.9,439914593
3297.0,S,86,57893.35,6052.97,17857923.4,89181778.7,439914650
3298.0,S,84,57928.35,6053.42,17857923.4,89181842.2,439914714
3299.0,S,81,57963.84,6053.95,17857923.4,89182109.3,439914948
3300.0,S,77,57999.29,6054.49,17857923.4,89182541.2,439915315
3301.0,S,72,58034.28,6055.05,17857923.4,89182927.3,439915643
3302.0,S,73,58069.45,6055.60,17857923.4,89183391.0,439916038
3303.0,S,74,58103.86,6056.30,17857923.4,89184338.9,439916840
3304.0,S,82,58138.70,6056.93,17857923.4,89184961.6,439917374
3305.0,S,90,58173.79,6057.50,17857923.5,89185424.0,439917768
3306.0,S,88,58209.17,6057.96,17857923.5,89185506.3,439917849
3307.0,S,81,58244.64,6058.44,17857923.5,89185673.1,439918096
3308.0,S,79,58280.25,6058.94,17857933.0,89185786.5,439918207
3309.0,S,76,58315.65,6059.44,17857944.3,89185933.8,439918357
3310.0,S,75,58351.18,6059.89,17857954.0,89186058.9,439918475
3311.1,S,77,58386.35,6060.48,17857976.6,89186522.6,439918916
3312.1,S,78,58421.90,6061.01,17858026.9,89186594.9,439919061
3313.1,S,81,58456.86,6061.62,17858092.5,89187136.4,439919642
3314.1,S,79,58490.95,6062.46,17858200.0,89187931.4,439920480
3315.1,S,85,58526.54,6063.26,17858375.0,89188509.4,439921214
3316.1,S,94,58561.30,6064.18,17858594.6,89188858.6,439921863
3317.1,S,103,58596.12,6065.07,17858824.5,89189035.2,439922397
3318.1,S,106,58631.49,6065.73,17859060.2,89189091.4,439922852
3319.1,S,106,58666.77,6066.38,17859293.1,89189175.2,439923329
3320.1,S,103,58702.24,6066.95,17859529.4,89189255.1,439923799
3321.1,S,101,58737.51,6067.54,17859763.4,89189304.2,439924251
3322.1,S,97,58772.54,6068.20,17859993.4,89189553.2,439924822
3323.1,S,99,58807.76,6068.84,17860221.6,89189639.4,439925284
3324.1,S,95,58842.75,6069.51,17860452.1,89189869.5,439925857
3325.1,S,92,58877.63,6070.21,17860689.1,89190161.1,439926451
3326.1,S,93,58912.21,6070.90,17860926.5,89190369.8,439927017
3327.1,S,94,58947.12,6071.65,17861171.1,89190845.5,439927753
3328.1,S,99,58981.36,6072.54,17861413.9,89191519.0,439928573
3329.1,S,96,59016.01,6073.33,17861654.3,89192127.3,439929360
3330.1,S,105,59049.75,6074.39,17861894.7,89192773.5,439930173
3331.1,S,109,59084.09,6075.27,17862131.0,89193127.4,439930815
3332.1,S,112,59118.65,6075.87,17862372.7,89193324.2,439931366
3333.1,S,119,59153.29,6076.55,17862607.0,89193577.1,439931940
3334.1,S,117,59188.52,6077.07,17862843.8,89193604.4,439932364
3335.1,S,115,59223.72,6077.67,17863072.1,89193652.7,439932803
3336.1,S,112,59259.00,6078.29,17863299.8,89193824.1,439933287
3337.1,S,107,59294.13,6078.95,17863521.8,89193992.0,439933801
3338.1,S,110,59329.42,6079.56,17863754.8,89194010.8,439934210
3339.1,S,109,59364.74,6080.13,17863993.2,89194067.7,439934631
3340.2,S,106,59399.89,6080.75,17864220.6,89194265.3,439935149
3341.2,S,103,59435.17,6081.36,17864439.3,89194432.4,439935755
3342.2,S,101,59465.40,6082.28,17864643.3,89194675.3,439936529
3343.2,S,100,59498.40,6083.13,17864859.5,89195101.3,439937468
3344.2,S,94,59522.89,6083.78,17865035.2,89195691.1,439938466
3345.3,S,89,59546.96,6084.70,17865213.0,89196157.4,439939581
3346.4,S,92,59561.01,6085.49,17865317.0,89196629.1,439940751
3347.5,S,93,59576.92,6086.42,17865425.9,89197303.6,439941752
3348.6,S,85,59598.41,6087.60,17865572.2,89198053.9,439942861
3349.6,S,84,59622.28,6088.40,17865720.0,89198552.9,439943857
3350.6,S,125,59650.08,6089.57,17865874.5,89198692.0,439944504
3351.6,S,129,59684.75,6090.12,17866057.8,89198693.1,439944831
3352.6,S,128,59720.01,6090.67,17866247.9,89198717.9,439945188
3353.6,S,126,59755.53,6091.22,17866443.7,89198801.6,439945665
3354.6,S,120,59790.95,6091.77,17866637.0,89198965.3,439946256
3355.6,S,118,59826.47,6092.38,17866831.8,89199076.0,439946782
3356.6,S,115,59861.61,6093.01,17867025.9,89199245.4,439947520
3357.6,S,118,59896.97,6093.55,17867230.2,89199271.6,439947938
3358.6,S,117,59932.11,6094.16,17867431.3,89199343.2,439948465
3359.6,S,115,59967.36,6094.73,17867644.8,89199391.2,439948932
3360.6,S,111,60002.27,6095.37,17867855.8,89199585.9,439949628
3361.6,S,109,60037.45,6096.02,17868074.1,89199734.9,439950105
3362.6,S,105,60072.04,6096.72,17868285.3,89200135.6,439950916
3363.6,S,104,60096.85,6097.42,17868446.5,89200499.2,439951917
3364.6,S,101,60124.51,6098.20,17868620.6,89200987.6,439952924
3365.6,S,109,60158.81,6099.09,17868817.9,89201480.3,439953829
3366.6,S,103,60191.34,6099.75,17869014.1,89201830.5,439954739
3367.6,S,102,60218.69,6100.48,17869172.6,89202175.1,439955740
3368.9,S,101,60234.51,6101.48,17869279.7,89202793.8,439956986
3370.0,S,102,60244.62,6102.13,17869353.4,89203361.5,439958077
3371.1,S,100,60255.85,6102.82,17869434.3,89203832.0,439959201
3372.2,S,114,60284.43,6104.26,17869630.1,89204425.5,439960259
3373.2,S,124,60319.48,6104.98,17869882.4,89204477.6,439960793
3374.2,S,121,60354.57,6105.68,17870136.8,89204639.4,439961449
3375.2,S,114,60389.59,6106.32,17870405.4,89204796.9,439962181
3376.2,S,113,60424.98,6106.91,17870662.3,89204809.0,439962658
3377.2,S,113,60460.39,6107.50,17870911.9,89204851.3,439963154
3378.2,S,112,60495.70,6108.06,17871162.3,89204851.9,439963578
3379.2,S,112,60530.83,6108.67,17871414.1,89204962.6,439964171
3380.2,S,110,60565.83,6109.32,17871681.6,89205115.6,439964888
3381.2,S,108,60600.48,6110.01,17871957.3,89205298.8,439965639
3382.4,S,103,60626.39,6111.00,17872181.7,89205691.6,439966705
3383.4,S,99,60658.49,6111.99,17872454.2,89206138.1,439967567
3384.4,S,92,60685.61,6112.94,17872698.5,89206476.6,439968520
3385.4,S,89,60714.69,6113.66,17872962.3,89206744.3,439969376
3386.4,S,84,60740.71,6114.62,17873184.5,89207098.2,439970323
3387.4,S,82,60756.68,6115.51,17873324.5,89207670.8,439971322
3388.4,S,82,60760.31,6116.14,17873344.8,89208122.9,439972346
3389.6,S,80,60762.54,6116.93,17873353.3,89208612.3,439973549
3390.8,S,68,60764.33,6117.74,17873359.5,89209378.7,439974752
3391.8,S,49,60770.45,6119.02,17873379.5,89209662.5,439975491
3392.8,S,74,60799.90,6120.65,17873496.1,89209692.5,439975824
3393.8,S,74,60834.89,6121.21,17873682.5,89209695.5,439976183
3394.8,S,73,60869.02,6121.75,17873872.8,89209717.3,439976581
3395.8,S,73,60903.94,6122.31,17874059.7,89209750.9,439976964
3396.8,S,70,60933.49,6122.97,17874207.0,89209882.2,439977592
3397.8,S,69,60965.94,6123.71,17874394.2,89209933.9,439978057
3398.8,S,68,60994.55,6124.62,17874547.1,89210105.0,439978756
3399.8,S,68,61007.77,6125.53,17874643.0,89210761.7,439979757
3401.1,S,64,61009.70,6126.16,17874650.4,89211225.0,439981020
3402.3,S,61,61011.42,6126.59,17874661.6,89211696.7,439982256
3403.3,S,56,61017.02,6127.44,17874678.2,89211955.8,439983025
3404.3,S,68,61045.74,6128.80,17874906.5,89211967.6,439983458
3405.3,S,68,61073.43,6129.94,17875070.0,89212063.6,439983960
3406.3,S,67,61103.31,6130.84,17875217.1,89212091.2,439984312
3407.3,S,65,61132.12,6132.26,17875364.5,89212151.6,439984709
3408.3,S,65,61161.04,6133.78,17875510.2,89212152.1,439985029
3409.3,S,60,61187.65,6135.28,17875629.6,89212466.3,439985588
3410.3,S,59,61194.34,6135.96,17875651.0,89212848.7,439986589
3411.4,S,57,61198.45,6136.59,17875651.3,89213246.9,439987674
3412.4,S,47,61206.23,6137.74,17875651.3,89213570.8,439988401
3413.4,S,50,61217.47,6139.58,17875664.5,89213611.4,439988567
3414.4,S,53,61229.45,6141.09,17875718.9,89213714.8,439988937
3415.4,S,49,61242.39,6142.77,17875731.0,89213810.6,439989082
3416.4,S,49,61253.91,6144.36,17875744.7,89213812.0,439989095
3417.4,S,49,61263.41,6145.97,17875751.0,89214063.6,439989345
3418.4,S,53,61279.41,6147.75,17875784.4,89214064.5,439989393
3419.4,S,53,61294.99,6149.68,17875825.1,89214086.9,439989467
3420.4,S,56,61310.07,6151.38,17875876.9,89214150.8,439989688
3421.4,S,54,61326.57,6153.20,17875903.3,89214263.2,439990029
3422.6,S,50,61336.73,6154.55,17875917.4,89214585.4,439990930
3423.6,S,50,61348.73,6156.36,17875939.6,89214679.1,439991317
3424.6,S,50,61361.04,6157.95,17875968.8,89214679.4,439991376
3425.6,S,50,61373.27,6159.69,17875987.0,89214680.1,439991418
3426.6,S,50,61385.54,6161.36,17876005.4,89214680.3,439991458
3427.6,S,53,61394.94,6162.59,17876016.0,89214963.4,439992181
3428.6,S,50,61408.00,6164.37,17876045.3,89215178.1,439992433
3429.6,S,56,61425.45,6166.11,17876089.0,89215179.0,439992510
3430.6,S,55,61443.15,6168.00,17876122.6,89215206.9,439992574
3431.6,S,54,61459.98,6169.76,17876150.7,89215241.1,439992638
3432.6,S,54,61474.86,6171.47,17876175.4,89215399.8,439992910
3433.6,S,52,61485.72,6172.84,17876176.6,89215655.4,439993686
3434.6,S,71,61497.76,6173.91,17876180.4,89215905.5,439994292
3435.6,S,71,61529.39,6174.74,17876208.9,89215921.5,439994380
3436.6,S,67,61558.43,6175.77,17876235.4,89216001.8,439994601
3437.6,S,66,61587.34,6177.31,17876258.5,89216032.4,439994716
3438.6,S,65,61615.62,6178.81,17876278.7,89216063.2,439994819
3439.6,S,65,61642.53,6180.27,17876301.9,89216138.6,439995273
3440.6,S,64,61659.77,6181.51,17876317.5,89216539.1,439996293
3441.6,S,59,61668.93,6182.50,17876325.0,89217134.7,439997293
3442.6,S,52,61676.00,6183.67,17876327.1,89217518.6,439998291
3443.6,S,67,61695.44,6185.29,17876397.3,89217570.6,439998629
3444.6,S,70,61724.33,6186.11,17876522.8,89217645.9,439999072
3445.6,S,66,61752.74,6187.12,17876632.2,89217741.9,439999525
3446.7,S,64,61780.62,6188.51,17876751.1,89217809.7,440000003
3447.7,S,63,61808.50,6190.08,17876870.5,89217845.6,440000352
3448.7,S,62,61835.69,6191.74,17876985.0,89217905.4,440000735
3449.7,S,61,61850.19,6192.98,17877050.4,89218219.0,440001637
3450.7,S,57,61856.20,6193.96,17877064.2,89218864.0,440002637
3451.7,S,53,61862.37,6194.84,17877067.5,89219087.5,440003341
3452.7,S,53,61875.98,6196.26,17877091.5,89219170.0,440003584
3453.7,S,56,61892.82,6198.32,17877122.1,89219312.5,440003952
3454.7,S,52,61905.87,6200.04,17877144.3,89219408.9,440004264
3455.7,S,52,61919.36,6201.84,17877177.7,89219409.2,440004319
3456.7,S,51,61927.33,6203.14,17877193.1,89219681.4,440005218
3457.7,S,56,61939.67,6204.76,17877206.7,89219795.8,440005511
3458.7,S,56,61957.81,6206.61,17877227.7,89219797.2,440005563
3459.7,S,60,61975.42,6208.23,17877246.8,89220179.7,440006128
3460.7,S,55,61992.59,6209.68,17877263.3,89220598.7,440006992
3461.7,S,54,62008.22,6211.29,17877284.6,89220702.4,440007386
3462.7,S,62,62023.29,6212.80,17877302.6,89220818.2,440007730
3463.7,S,60,62047.44,6214.24,17877302.6,89221015.4,440008314
3464.7,S,60,62070.53,6215.48,17877302.6,89221146.2,440008605
3465.7,S,64,62095.00,6216.88,17877302.6,89221155.5,440008650
3466.7,S,63,62122.15,6218.32,17877305.9,89221182.5,440008712
3467.7,S,59,62143.93,6219.58,17877308.7,89221445.8,440009381
3468.7,S,58,62158.53,6221.07,17877330.9,89222076.9,440010047
3469.7,S,58,62180.55,6222.62,17877463.9,89222078.7,440010301
3470.7,S,58,62202.64,6224.25,17877592.3,89222079.1,440010526
3471.7,S,60,62224.44,6225.97,17877714.9,89222178.6,440010817
3472.7,S,58,62250.52,6229.50,17877813.4,89222242.2,440011058
3473.7,S,54,62272.70,6234.17,17877902.0,89222379.3,440011520
3474.7,S,52,62283.00,6237.11,17877931.3,89222737.1,440012499
3475.8,S,47,62291.95,6240.79,17877933.4,89223038.0,440013241
3476.8,S,51,62306.06,6245.24,17877933.4,89223099.2,440013359
3477.8,S,47,62317.95,6249.65,17877933.4,89223195.1,440013603
3478.8,S,51,62330.60,6254.35,17877933.4,89223281.0,440013711
3479.8,S,49,62346.50,6259.60,17877933.4,89223424.7,440013840
3480.8,S,47,62359.05,6264.56,17877933.4,89223474.5,440014004
3481.8,S,51,62372.90,6269.12,17877933.4,89223577.7,440014093
3482.8,S,47,62387.45,6274.02,17877933.4,89223752.1,440014326
3483.8,S,47,62400.17,6279.13,17877933.4,89223769.9,440014344
3484.8,S,51,62412.80,6282.99,17877933.4,89223872.8,440014586
3485.8,S,47,62426.81,6288.12,17877933.4,89223969.0,440014788
3486.8,S,47,62439.62,6293.24,17877933.4,89224065.9,440014953
3487.8,S,51,62454.79,6297.56,17877933.4,89224168.6,440015056
3488.8,S,47,62468.22,6302.23,17877933.4,89224324.9,440015243
3489.8,S,47,62478.61,6306.29,17877933.4,89224445.2,440015485
3490.9,S,51,62494.56,6311.12,17877933.4,89224463.4,440015537
3491.9,S,47,62506.53,6315.72,17877933.4,89224655.5,440015877
3492.9,S,51,62518.88,6320.24,17877933.4,89224759.0,440015975
3493.9,S,48,62534.96,6325.11,17877933.4,89224830.6,440016041
3494.9,S,47,62548.03,6330.24,17877933.4,89224950.4,440016146
3495.9,S,51,62559.65,6334.19,17877933.4,89225053.5,440016369
3496.9,S,47,62574.70,6339.07,17877933.4,89225149.6,440016601
3497.9,S,47,62587.58,6344.04,17877933.4,89225246.3,440016760
3498.9,S,51,62601.70,6348.87,17877933.4,89225349.2,440016855
3499.9,S,47,62615.38,6353.32,17877933.4,89225450.1,440017114
3500.9,S,47,62628.25,6358.38,17877933.4,89225541.7,440017364
3501.9,S,51,62643.28,6363.07,17877933.4,89225645.0,440017459
3502.9,S,47,62656.83,6368.14,17877933.4,89225836.9,440017632
3503.9,S,51,62668.94,6372.86,17877933.4,89225940.5,440017732
3504.9,S,49,62684.95,6377.90,17877933.4,89225988.5,440017833
3505.9,S,47,62697.63,6382.76,17877933.4,89226132.3,440018132
3506.9,S,51,62706.68,6385.97,17877933.4,89226235.3,440018493
3507.9,S,48,62722.96,6391.08,17877933.4,89226403.6,440018647
3508.9,S,47,62735.72,6396.09,17877933.4,89226427.7,440018669
3509.9,S,51,62749.29,6400.71,17877933.4,89226530.8,440018764
3510.9,S,47,62763.60,6405.35,17877933.4,89226662.5,440019035
3511.9,S,47,62776.36,6410.46,17877933.4,89226722.7,440019168
3512.9,S,51,62790.34,6415.16,17877933.4,89226825.9,440019285
3513.9,S,47,62804.30,6420.03,17877933.4,89227017.9,440019558
3514.9,S,47,62816.14,6424.66,17877933.4,89227079.5,440019664
3515.9,S,51,62832.34,6429.51,17877933.4,89227121.8,440019708
3516.9,S,47,62843.51,6433.89,17877933.4,89227313.8,440020131
3517.9,S,51,62855.93,6438.30,17877933.4,89227417.0,440020222
3518.9,S,48,62872.14,6443.19,17877933.4,89227489.1,440020309
3519.9,S,47,62885.15,6448.35,17877933.4,89227609.6,440020646
3520.9,S,51,62896.74,6452.25,17877933.4,89227712.6,440020862
3521.9,S,47,62912.17,6457.24,17877933.4,89227855.3,440020998
3522.9,S,47,62924.97,6462.24,17877933.4,89227904.6,440021041
3523.9,S,51,62936.88,6466.38,17877933.4,89228007.9,440021265
3524.9,S,47,62951.96,6471.35,17877933.4,89228104.6,440021363
3525.9,S,47,62964.83,6476.60,17877933.4,89228201.6,440021483
3526.9,S,51,62976.89,6480.67,17877933.4,89228304.5,440021726
3527.9,S,47,62991.21,6485.71,17877933.4,89228400.7,440021937
3528.9,S,47,63004.12,6490.89,17877933.4,89228496.9,440022134
3529.9,S,51,63018.64,6495.72,17877933.4,89228599.8,440022229
3530.9,S,47,63031.83,6500.64,17877933.4,89228793.0,440022448
3531.9,S,47,63043.92,6505.27,17877933.4,89228822.2,440022543
3532.9,S,51,63058.17,6509.59,17877933.4,89228896.0,440022706
3533.9,S,47,63070.74,6514.54,17877933.4,89229088.0,440022999
3534.9,S,47,63082.56,6518.94,17877933.4,89229191.0,440023148
3535.9,S,51,63099.24,6523.91,17877933.4,89229218.6,440023204
3536.9,S,47,63111.33,6528.46,17877933.4,89229383.3,440023667
3537.9,S,51,63122.05,6532.23,17877933.4,89229486.0,440023891
3538.9,S,49,63138.25,6536.87,17877933.4,89229585.2,440023993
3539.9,S,47,63150.51,6541.91,17877933.4,89229678.3,440024074
3540.9,S,51,63163.36,6546.53,17877933.4,89229781.3,440024176
3541.9,S,49,63177.64,6551.22,17877933.4,89229842.9,440024399
3542.9,S,47,63189.68,6556.04,17877933.4,89229973.3,440024669
3543.9,S,51,63203.26,6560.57,17877933.4,89230076.2,440024765
3544.9,S,47,63217.93,6565.61,17877933.4,89230268.6,440024938
3545.9,S,47,63230.68,6570.72,17877933.4,89230269.1,440025018
3546.9,S,51,63243.50,6574.69,17877933.4,89230371.9,440025227
3547.9,S,47,63257.35,6579.56,17877933.4,89230564.5,440025492
3548.9,S,47,63270.02,6584.75,17877933.4,89230564.7,440025500
3549.9,S,51,63285.14,6589.46,17877933.4,89230667.7,440025599
3550.9,S,47,63298.64,6594.49,17877933.4,89230770.2,440025896
3551.9,S,51,63310.25,6599.09,17877933.4,89230962.7,440026064
3552.9,S,51,63326.16,6604.18,17877933.4,89231009.7,440026158
3553.9,S,47,63338.87,6609.23,17877933.4,89231155.1,440026482
3554.9,S,51,63349.03,6612.89,17877933.4,89231258.2,440026756
3555.9,S,47,63365.06,6617.91,17877933.4,89231354.5,440026837
3556.9,S,47,63378.15,6623.08,17877933.4,89231450.7,440026920
3557.9,S,51,63389.13,6626.91,17877933.4,89231553.8,440027162
3558.9,S,50,63405.38,6632.22,17877933.4,89231604.7,440027343
3559.9,S,47,63417.36,6637.08,17877933.4,89231746.2,440027554
3560.9,S,51,63430.00,6641.45,17877933.4,89231849.3,440027720
3561.9,S,47,63444.32,6646.36,17877933.4,89232041.5,440027897
3562.9,S,47,63457.09,6651.43,17877933.4,89232041.9,440027900
3563.9,S,51,63469.31,6655.08,17877933.4,89232144.9,440028162
3564.9,S,30,63479.74,6657.89,17877933.4,89232320.5,440028505
