t_s,state,nthreads,utime_s,stime_s,disk_r_mb,disk_w_mb,disk_io_ms
0.0,R,1,0.00,0.00,17771889.7,85646471.5,434029547
1.0,S,42,9.41,4.58,17771889.7,85646472.6,434029568
2.0,S,42,20.26,9.56,17771889.7,85646472.9,434029574
3.0,S,42,30.90,14.71,17771889.7,85646473.1,434029577
4.0,S,42,41.65,19.78,17771889.7,85646473.7,434029583
5.0,S,42,52.15,25.14,17771889.7,85646474.4,434029586
6.0,S,42,62.81,30.32,17771889.7,85646538.8,434029645
7.0,S,42,72.69,35.32,17771889.7,85646590.3,434029710
8.0,S,42,82.44,40.22,17771889.7,85646655.0,434029777
9.0,S,42,93.04,45.48,17771889.7,85646655.7,434029780
10.0,S,42,100.97,49.37,17771889.7,85646740.2,434030022
11.0,S,42,111.68,54.46,17771889.7,85646836.3,434030110
12.0,S,42,122.41,59.56,17771889.7,85646836.5,434030114
13.0,S,42,132.82,64.56,17771889.7,85646850.6,434030138
14.0,S,42,143.43,69.80,17771889.7,85646851.0,434030142
15.0,S,42,154.18,74.84,17771889.7,85646851.2,434030144
16.0,S,46,166.60,79.48,17771889.7,85646944.2,434030249
17.0,S,43,180.55,84.50,17771889.7,85647056.4,434030353
18.0,S,46,190.97,88.85,17771889.7,85647190.6,434030509
19.0,S,46,205.83,93.89,17771889.7,85647190.7,434030510
20.0,S,46,219.42,98.89,17771889.7,85647358.3,434030663
21.0,S,50,232.54,102.61,17771889.7,85647462.7,434030978
22.0,S,50,252.35,107.73,17771889.7,85647463.4,434030979
23.0,S,48,271.44,112.72,17771889.7,85647558.4,434031066
24.0,S,45,286.17,117.36,17771889.7,85647789.9,434031267
25.0,S,47,303.35,122.46,17771889.7,85647942.6,434031527
26.0,S,50,320.23,127.61,17771889.7,85648073.4,434031662
27.0,S,46,337.87,132.67,17771889.7,85648287.6,434031857
28.0,S,46,352.37,137.41,17771889.7,85648389.3,434031959
29.0,S,46,368.18,142.50,17771889.7,85648428.5,434031998
30.0,S,45,383.20,147.72,17771889.7,85648531.0,434032095
31.0,S,47,392.10,150.72,17771889.7,85648801.9,434032551
32.0,S,46,408.38,155.80,17771889.7,85648810.5,434032563
33.0,S,46,423.93,161.16,17771889.7,85648811.4,434032568
34.0,S,46,438.24,165.99,17771889.7,85648952.6,434032696
35.0,S,46,453.46,171.16,17771889.7,85649089.2,434033015
36.0,S,43,466.17,176.35,17771889.7,85649175.3,434033176
37.0,S,42,476.47,181.11,17771889.7,85649343.3,434033343
38.0,S,42,488.27,186.14,17771889.7,85649344.3,434033351
39.0,S,46,498.98,190.78,17771889.7,85649446.8,434033455
40.0,S,46,514.61,196.09,17771889.7,85649446.9,434033458
41.0,S,46,529.93,201.43,17771889.7,85649614.2,434033610
42.1,S,46,539.33,205.29,17771889.7,85649802.7,434033915
43.1,S,46,554.90,210.65,17771889.7,85649803.3,434033917
44.1,S,46,570.40,216.00,17771889.7,85649857.4,434033966
45.1,S,46,581.32,220.56,17771889.7,85650096.8,434034175
46.1,S,46,596.60,225.77,17771889.7,85650162.6,434034561
47.1,S,55,620.35,230.51,17771889.7,85650258.7,434034660
48.1,S,51,642.20,235.72,17771889.7,85650354.9,434034762
49.1,S,55,665.03,240.31,17771889.7,85650458.8,434034876
50.1,S,55,689.92,245.29,17771889.7,85650503.6,434034921
51.1,S,52,713.94,249.81,17771889.7,85650677.8,434035082
52.1,S,46,726.03,252.65,17771889.7,85651246.5,434035833
53.1,S,42,737.55,258.11,17771889.7,85651397.4,434035987
54.1,S,42,749.16,263.29,17771889.7,85651398.7,434035993
55.1,S,42,757.22,266.69,17771889.7,85651501.7,434036331
56.1,S,42,769.00,271.72,17771889.7,85651502.1,434036338
57.1,S,42,780.74,276.77,17771889.7,85651567.0,434036401
58.1,S,42,791.09,281.37,17771889.7,85651670.2,434036516
59.1,S,42,802.67,286.64,17771889.7,85651670.9,434036517
60.1,S,42,813.28,291.07,17771889.7,85651774.1,434036625
61.1,S,42,824.98,296.14,17771889.7,85651838.7,434036685
62.1,S,42,836.50,301.41,17771889.7,85651839.0,434036688
63.1,S,46,849.52,306.04,17771889.7,85651941.7,434036822
64.1,S,46,864.95,311.51,17771889.7,85651941.9,434036824
65.1,S,42,878.28,316.56,17771889.7,85652133.1,434036997
66.1,S,61,898.54,320.70,17771889.7,85652300.2,434037197
67.1,S,61,929.09,325.61,17771889.7,85652300.4,434037199
68.1,S,61,959.33,330.51,17771889.7,85652300.8,434037201
69.1,S,57,986.21,335.17,17771889.7,85652492.1,434037443
70.1,S,61,1013.73,339.36,17771889.7,85652595.2,434037570
71.1,S,61,1044.00,344.12,17771889.7,85652693.1,434037690
72.1,S,55,1071.69,349.02,17771889.7,85653063.5,434038133
73.1,S,42,1081.13,352.38,17771889.7,85653868.3,434039014
74.1,S,46,1093.13,357.21,17771889.7,85653971.5,434039114
75.1,S,46,1108.77,362.48,17771889.7,85653971.7,434039115
76.1,S,46,1123.02,367.47,17771889.7,85654096.6,434039521
77.1,S,42,1134.04,372.19,17771889.7,85654266.6,434039676
78.1,S,42,1145.66,377.37,17771889.7,85654331.4,434039736
79.1,S,42,1156.85,382.39,17771889.7,85654377.2,434039780
80.1,S,42,1166.81,386.57,17771889.7,85654434.6,434039953
81.1,S,42,1178.42,391.75,17771889.7,85654483.4,434040001
82.1,S,42,1188.71,396.15,17771889.7,85654587.2,434040136
83.1,S,42,1200.46,401.26,17771889.7,85654587.6,434040141
84.1,S,42,1212.23,406.30,17771889.7,85654587.9,434040146
85.1,S,42,1222.85,410.72,17771889.7,85654754.8,434040343
86.1,S,42,1234.47,415.86,17771889.7,85654755.1,434040344
87.1,S,46,1245.82,420.35,17771889.7,85654858.3,434040472
88.1,S,46,1261.56,425.52,17771889.7,85654858.9,434040477
89.1,S,43,1276.18,430.57,17771889.7,85655002.1,434040625
90.1,S,42,1284.97,434.54,17771889.7,85655222.5,434041056
91.1,S,57,1309.65,439.46,17771889.7,85655223.3,434041060
92.1,S,57,1336.90,444.14,17771889.7,85655223.6,434041064
93.1,S,57,1363.84,449.12,17771889.7,85655224.9,434041068
94.1,S,63,1391.11,452.98,17771889.7,85655327.5,434041164
95.1,S,63,1419.14,454.70,17771889.7,85655375.9,434041208
96.1,S,62,1446.90,456.34,17771889.7,85655424.1,434041254
97.1,S,59,1471.33,457.76,17771889.7,85655953.8,434041910
98.1,S,59,1496.15,459.31,17771889.7,85656110.9,434042127
99.1,S,58,1520.62,460.76,17771889.7,85656219.3,434042370
100.1,S,54,1535.19,462.01,17771889.7,85656942.3,434043176
101.1,S,42,1539.64,463.12,17771889.7,85657506.6,434044072
102.1,S,42,1548.20,464.74,17771889.7,85657507.4,434044076
103.1,S,42,1556.96,466.25,17771889.7,85657507.8,434044078
104.1,S,42,1565.59,467.72,17771889.7,85657579.4,434044162
105.1,S,42,1574.45,469.22,17771889.7,85657579.8,434044169
106.1,S,42,1583.14,470.67,17771889.7,85657580.0,434044170
107.1,S,46,1592.38,472.06,17771889.7,85657682.7,434044268
108.1,S,46,1604.75,473.75,17771889.7,85657747.4,434044325
109.1,S,42,1616.03,475.29,17771889.7,85657938.1,434044508
110.1,S,42,1624.74,476.64,17771889.7,85657938.7,434044514
111.1,S,42,1633.52,477.95,17771889.7,85657938.9,434044516
112.1,S,42,1642.30,479.35,17771889.7,85658003.6,434044577
113.1,S,42,1651.04,480.73,17771889.7,85658003.9,434044584
114.1,S,42,1657.24,481.74,17771889.7,85658107.0,434044906
115.1,S,42,1666.00,482.95,17771889.7,85658107.7,434044909
116.1,S,42,1674.72,484.39,17771889.7,85658172.3,434044967
117.1,S,42,1683.46,485.79,17771889.7,85658172.9,434044973
118.1,S,42,1692.21,487.25,17771889.7,85658173.2,434044980
119.1,S,42,1700.91,488.67,17771889.7,85658173.5,434044984
120.1,S,42,1709.68,490.00,17771889.7,85658238.7,434045044
121.1,S,42,1717.66,491.32,17771889.7,85658341.6,434045142
122.1,S,42,1726.37,492.87,17771889.7,85658341.8,434045145
123.2,S,42,1735.23,494.30,17771889.7,85658342.1,434045148
124.2,S,42,1743.73,495.73,17771889.7,85658406.6,434045205
125.2,S,42,1752.53,497.13,17771889.7,85658407.2,434045209
126.2,S,42,1761.48,498.58,17771889.7,85658407.6,434045212
127.2,S,42,1769.33,499.87,17771889.7,85658436.1,434045317
128.2,S,42,1776.49,501.16,17771889.7,85658575.1,434045546
129.2,S,42,1785.36,502.55,17771889.7,85658575.4,434045549
130.2,S,42,1794.12,503.82,17771889.7,85658575.6,434045551
131.2,S,42,1802.75,505.22,17771889.7,85658576.5,434045556
132.2,S,42,1811.52,506.67,17771889.7,85658641.1,434045651
133.2,S,42,1820.34,508.09,17771889.7,85658641.4,434045656
134.2,S,46,1828.47,509.32,17771889.7,85658744.1,434045759
135.2,S,46,1840.95,510.96,17771889.7,85658784.4,434045800
136.2,S,46,1853.21,512.75,17771889.7,85658819.4,434045870
137.2,S,42,1861.80,514.27,17771889.8,85658976.4,434046063
138.2,S,42,1870.50,515.59,17771889.8,85658976.6,434046067
139.2,S,42,1879.03,517.08,17771889.8,85659041.3,434046132
140.2,S,42,1887.71,518.40,17771889.8,85659041.8,434046136
141.2,S,46,1895.95,519.68,17771889.8,85659144.7,434046274
142.2,S,46,1908.27,521.42,17771889.8,85659145.0,434046276
143.2,S,46,1919.72,523.00,17771889.8,85659375.6,434046652
144.2,S,42,1928.35,524.50,17771889.8,85659400.8,434046682
145.2,S,42,1936.91,525.97,17771889.8,85659401.0,434046685
146.2,S,42,1945.66,527.21,17771889.8,85659401.5,434046689
147.2,S,42,1954.37,528.49,17771889.8,85659466.1,434046746
148.2,S,42,1960.97,529.65,17771889.8,85659569.2,434047013
149.2,S,46,1973.55,531.30,17771889.8,85659569.4,434047014
150.2,S,61,1985.87,533.00,17771889.8,85659629.5,434047174
151.2,S,57,2009.49,534.61,17771889.8,85659809.1,434047363
152.2,S,57,2032.78,535.97,17771889.8,85659809.7,434047367
153.2,S,57,2056.29,537.36,17771889.8,85659811.0,434047372
154.2,S,61,2079.35,538.61,17771889.8,85659958.0,434047513
155.2,S,61,2106.41,540.08,17771889.8,85660117.2,434047660
156.2,S,61,2133.07,541.54,17771889.8,85660375.0,434047953
157.2,S,57,2158.90,542.94,17771889.8,85660565.8,434048123
158.2,S,57,2182.20,544.44,17771889.8,85660566.8,434048129
159.2,S,57,2204.35,545.75,17771889.8,85660738.6,434048375
160.2,S,56,2226.78,547.25,17771889.8,85660913.6,434048628
161.2,S,52,2239.82,548.60,17771889.8,85661643.0,434049448
162.2,S,42,2247.12,550.37,17771889.8,85662194.7,434050199
163.2,S,42,2255.63,551.87,17771889.8,85662197.2,434050208
164.2,S,42,2264.22,553.26,17771889.8,85662197.4,434050209
165.2,S,42,2272.75,554.75,17771889.8,85662197.7,434050213
166.2,S,42,2281.15,556.12,17771889.8,85662237.3,434050254
167.2,S,42,2288.94,557.29,17771889.8,85662365.0,434050440
168.2,S,42,2297.76,558.67,17771889.8,85662365.5,434050442
169.2,S,42,2306.73,559.95,17771889.8,85662365.9,434050444
170.2,S,42,2315.43,561.29,17771889.8,85662366.1,434050446
171.2,S,42,2324.00,562.66,17771889.8,85662430.8,434050532
172.2,S,42,2332.80,564.05,17771889.8,85662431.0,434050534
173.2,S,42,2340.31,565.33,17771889.8,85662534.0,434050678
174.2,S,42,2348.98,566.78,17771889.8,85662534.6,434050680
175.2,S,42,2357.73,568.22,17771889.8,85662599.5,434050738
176.2,S,42,2366.36,569.63,17771889.8,85662599.7,434050740
177.2,S,42,2374.89,571.15,17771889.8,85662600.0,434050745
178.2,S,42,2383.67,572.63,17771889.8,85662600.4,434050752
179.2,S,42,2392.16,574.10,17771889.8,85662665.6,434050811
180.2,S,42,2399.95,575.39,17771889.8,85662768.6,434050906
181.2,S,42,2408.42,576.81,17771889.8,85662768.9,434050908
182.2,S,42,2416.98,578.32,17771889.8,85662824.4,434050957
183.2,S,42,2425.58,579.86,17771889.8,85662825.1,434050958
184.2,S,42,2434.02,581.25,17771889.8,85662825.5,434050960
185.2,S,42,2442.66,582.65,17771889.8,85662825.8,434050965
186.2,S,42,2451.16,584.09,17771889.8,85662890.9,434051066
187.2,S,46,2459.87,585.50,17771889.8,85662993.9,434051186
188.2,S,46,2472.23,587.16,17771889.8,85662994.3,434051191
189.2,S,43,2483.97,588.85,17771889.8,85663185.4,434051406
190.2,S,42,2492.55,590.34,17771889.8,85663250.6,434051475
191.2,S,42,2501.31,591.76,17771889.8,85663251.1,434051476
192.2,S,42,2510.16,593.17,17771889.8,85663251.3,434051479
193.2,S,42,2518.77,594.68,17771889.8,85663251.6,434051484
194.2,S,46,2528.17,596.19,17771889.8,85663418.7,434051644
195.2,S,46,2540.64,597.86,17771889.8,85663419.0,434051648
196.2,S,42,2551.20,599.44,17771889.8,85663609.7,434052044
197.2,S,42,2559.72,600.97,17771889.8,85663610.3,434052048
198.2,S,42,2568.55,602.34,17771889.8,85663674.8,434052106
199.2,S,42,2577.06,603.77,17771889.8,85663703.1,434052139
200.2,S,42,2585.72,605.12,17771889.8,85663703.3,434052142
201.2,S,46,2595.91,606.59,17771889.8,85663806.4,434052237
202.2,S,46,2608.20,608.28,17771889.8,85663861.4,434052286
203.2,S,42,2618.39,609.96,17771889.8,85664052.3,434052488
204.2,S,42,2627.03,611.34,17771889.8,85664052.9,434052492
205.2,S,42,2635.83,612.69,17771889.8,85664053.2,434052495
206.2,S,42,2644.64,614.01,17771889.8,85664118.0,434052554
207.2,S,42,2653.43,615.49,17771889.8,85664118.3,434052561
208.2,S,46,2663.71,616.92,17771889.8,85664221.8,434052700
209.2,S,46,2676.03,618.56,17771889.8,85664222.1,434052703
210.2,S,42,2683.68,619.68,17771889.8,85664477.4,434053165
211.2,S,42,2692.30,621.09,17771889.8,85664478.1,434053167
212.2,S,42,2700.94,622.62,17771889.8,85664478.3,434053169
213.2,S,42,2709.75,624.09,17771889.8,85664478.6,434053172
214.2,S,42,2718.42,625.39,17771889.8,85664543.3,434053234
215.2,S,42,2725.23,626.54,17771889.8,85664646.5,434053470
216.2,S,42,2733.90,627.97,17771889.8,85664646.6,434053472
217.2,S,42,2742.37,629.43,17771889.8,85664687.9,434053512
218.2,S,57,2764.14,630.93,17771889.8,85664689.1,434053518
219.2,S,57,2787.57,632.36,17771889.8,85664690.4,434053523
220.2,S,57,2810.95,633.71,17771889.8,85664690.8,434053529
221.2,S,57,2833.63,635.15,17771889.8,85664834.5,434053659
222.2,S,57,2856.59,636.63,17771889.8,85665051.1,434054018
223.2,S,57,2879.32,638.10,17771889.8,85665309.6,434054281
224.2,S,57,2902.60,639.59,17771889.8,85665362.0,434054342
225.2,S,57,2925.93,641.08,17771889.8,85665483.1,434054475
226.2,S,57,2950.38,644.31,17771889.8,85665641.8,434054714
227.2,S,57,2976.79,649.20,17771889.8,85665878.7,434054956
228.2,S,57,3003.46,654.25,17771889.8,85666154.7,434055210
229.2,S,56,3028.24,658.91,17771889.8,85666596.9,434055707
230.2,S,53,3051.25,663.31,17771889.8,85666895.1,434056251
231.2,S,42,3066.71,668.38,17771889.8,85667422.8,434056996
232.2,S,42,3078.06,673.85,17771889.8,85667424.0,434057003
233.2,S,46,3088.28,677.62,17771889.8,85667527.0,434057276
234.2,S,46,3104.07,682.74,17771889.8,85667527.2,434057279
235.2,S,42,3117.27,687.37,17771889.8,85667718.1,434057454
236.2,S,46,3125.77,690.69,17771889.8,85667886.4,434057805
237.2,S,46,3141.70,695.60,17771889.8,85667886.7,434057813
238.2,S,43,3156.18,700.26,17771889.8,85668077.5,434057988
239.2,S,46,3168.54,704.74,17771889.8,85668181.0,434058096
240.2,S,46,3184.31,709.81,17771889.8,85668245.8,434058159
241.2,S,43,3198.67,714.82,17771889.8,85668388.8,434058426
242.2,S,42,3209.03,719.18,17771889.8,85668539.8,434058585
243.2,S,42,3220.66,724.41,17771889.8,85668539.9,434058588
244.2,S,42,3230.26,728.71,17771889.8,85668697.4,434058888
245.2,S,46,3245.75,733.87,17771889.8,85668707.9,434058900
246.2,S,46,3261.41,739.08,17771889.8,85668727.1,434058922
247.2,S,42,3271.31,743.39,17771889.8,85668976.3,434059254
248.2,S,42,3281.40,747.72,17771889.8,85669021.8,434059405
249.2,S,42,3292.98,752.93,17771889.8,85669022.0,434059408
250.2,S,42,3301.60,756.77,17771889.8,85669189.5,434059663
251.2,S,42,3313.10,762.09,17771889.8,85669189.7,434059664
252.2,S,42,3324.60,767.41,17771889.8,85669190.0,434059668
253.3,S,42,3334.97,771.89,17771889.8,85669293.2,434059790
254.3,S,42,3346.53,777.14,17771889.8,85669357.9,434059848
255.3,S,46,3358.03,781.84,17771889.8,85669461.0,434059955
256.3,S,46,3373.89,786.92,17771889.8,85669461.4,434059958
257.3,S,44,3389.08,792.32,17771889.8,85669557.0,434060047
258.3,S,46,3397.02,795.34,17771889.8,85669817.0,434060541
259.3,S,46,3412.95,800.34,17771889.8,85669817.5,434060544
260.3,S,45,3427.84,805.24,17771889.8,85669975.2,434060676
261.3,S,42,3435.76,808.65,17771889.8,85670091.1,434061072
262.3,S,46,3451.00,813.67,17771889.8,85670176.1,434061195
263.3,S,46,3466.88,818.66,17771889.8,85670176.3,434061198
264.3,S,46,3478.07,823.05,17771889.8,85670470.3,434061470
265.3,S,46,3493.77,828.27,17771889.8,85670470.5,434061471
266.3,S,44,3508.91,833.32,17771889.8,85670613.6,434061599
267.3,S,42,3516.23,836.27,17771889.8,85670812.7,434062122
268.3,S,42,3526.31,840.79,17771889.8,85670829.5,434062260
269.3,S,42,3538.02,845.93,17771889.8,85670829.7,434062263
270.3,S,42,3548.55,850.62,17771889.8,85670933.0,434062359
271.3,S,42,3560.21,855.74,17771889.8,85670997.6,434062417
272.3,S,42,3571.79,861.01,17771889.8,85670998.2,434062421
273.3,S,42,3582.34,865.70,17771889.8,85671100.9,434062515
274.3,S,42,3593.93,870.91,17771889.8,85671101.2,434062519
275.3,S,42,3601.22,874.21,17771889.8,85671197.5,434062966
276.3,S,42,3612.37,878.97,17771889.8,85671268.8,434063071
277.3,S,42,3624.01,884.07,17771889.8,85671313.3,434063117
278.3,S,61,3637.45,888.94,17771889.8,85671417.0,434063220
279.3,S,61,3668.23,893.87,17771889.8,85671418.1,434063223
280.3,S,61,3698.58,898.95,17771889.8,85671418.3,434063227
281.3,S,57,3726.83,903.76,17771889.8,85671610.0,434063401
282.3,S,61,3754.06,908.22,17771889.8,85671754.7,434063545
283.3,S,61,3784.34,913.02,17771889.8,85671798.8,434063588
284.3,S,61,3814.59,917.97,17771889.8,85671908.3,434063687
285.3,S,57,3843.72,922.92,17771889.8,85672166.1,434064221
286.3,S,61,3870.54,927.06,17771889.8,85672269.0,434064313
287.3,S,61,3898.94,931.84,17771889.8,85672407.9,434064761
288.3,S,61,3929.37,936.93,17771889.8,85672408.2,434064770
289.3,S,60,3957.22,941.41,17771889.8,85672950.2,434065246
290.3,S,57,3984.19,946.37,17771889.8,85673079.3,434065396
291.3,S,61,4011.18,950.83,17771889.8,85673681.0,434066151
292.3,S,61,4039.27,955.25,17771889.8,85673953.9,434066542
293.3,S,61,4069.11,960.03,17771889.8,85674048.4,434066630
294.3,S,57,4094.95,964.26,17771889.8,85674391.1,434067194
295.3,S,57,4120.05,968.62,17771889.8,85674750.1,434067709
296.3,S,57,4146.88,973.63,17771889.9,85674854.5,434067809
297.3,S,56,4173.29,978.56,17771889.9,85675144.7,434068070
298.3,S,52,4197.23,983.53,17771889.9,85675391.4,434068299
299.3,S,43,4211.62,987.45,17771889.9,85675960.2,434068941
300.3,S,42,4222.58,992.89,17771889.9,85676083.5,434069407
301.3,S,42,4234.18,998.09,17771889.9,85676084.4,434069413
302.3,S,42,4244.89,1002.64,17771889.9,85676187.3,434069512
303.3,S,42,4256.56,1007.74,17771889.9,85676227.1,434069552
304.3,S,42,4267.29,1012.27,17771889.9,85676331.4,434069648
305.3,S,42,4278.98,1017.40,17771889.9,85676332.2,434069654
306.3,S,42,4290.59,1022.63,17771889.9,85676332.4,434069657
307.3,S,46,4301.98,1026.84,17771889.9,85676499.6,434069929
308.3,S,46,4317.71,1032.04,17771889.9,85676500.2,434069934
309.3,S,42,4331.54,1037.12,17771889.9,85676691.0,434070110
310.3,S,46,4343.00,1041.27,17771889.9,85676794.0,434070334
311.3,S,46,4358.52,1046.65,17771889.9,85676813.6,434070352
312.3,S,43,4372.37,1051.75,17771889.9,85677008.9,434070640
313.3,S,46,4385.42,1056.38,17771889.9,85677152.5,434070803
314.3,S,46,4401.13,1061.52,17771889.9,85677192.3,434070844
315.3,S,42,4413.45,1066.49,17771889.9,85677383.3,434071007
316.3,S,46,4427.20,1070.91,17771889.9,85677486.5,434071115
317.3,S,46,4443.22,1075.78,17771889.9,85677486.7,434071117
318.3,S,42,4454.34,1080.12,17771889.9,85677844.6,434071441
319.3,S,42,4466.07,1085.22,17771889.9,85677844.8,434071442
320.3,S,42,4477.70,1090.41,17771889.9,85677845.5,434071444
321.3,S,42,4488.29,1094.96,17771889.9,85677948.2,434071591
322.3,S,42,4499.78,1099.89,17771889.9,85678013.1,434071652
323.3,S,42,4510.35,1104.44,17771889.9,85678115.8,434071760
324.3,S,42,4521.95,1109.53,17771889.9,85678116.1,434071772
325.4,S,42,4533.62,1114.72,17771889.9,85678116.6,434071778
326.4,S,42,4543.01,1118.97,17771889.9,85678233.4,434071985
327.4,S,42,4554.59,1124.07,17771889.9,85678284.5,434072035
328.4,S,42,4566.32,1129.05,17771889.9,85678322.4,434072070
329.4,S,46,4580.35,1133.87,17771889.9,85678418.6,434072162
330.4,S,46,4596.16,1138.95,17771889.9,85678418.7,434072164
331.4,S,46,4607.04,1143.48,17771889.9,85678712.6,434072480
332.4,S,46,4622.94,1148.48,17771889.9,85678713.1,434072482
333.4,S,46,4638.33,1153.95,17771889.9,85678801.0,434072566
334.4,S,42,4647.27,1157.46,17771889.9,85679055.2,434073041
335.4,S,42,4658.34,1162.45,17771889.9,85679071.1,434073085
336.4,S,42,4670.06,1167.58,17771889.9,85679071.6,434073088
337.4,S,50,4683.17,1172.30,17771889.9,85679239.0,434073282
338.4,S,50,4703.04,1177.37,17771889.9,85679239.7,434073286
339.4,S,47,4721.77,1182.40,17771889.9,85679383.0,434073470
340.4,S,42,4732.74,1186.39,17771889.9,85679724.1,434073886
341.4,S,42,4743.72,1191.66,17771889.9,85679786.4,434074000
342.4,S,57,4762.64,1196.61,17771889.9,85679786.7,434074003
343.4,S,57,4787.53,1200.91,17771889.9,85679890.7,434074167
344.4,S,57,4814.41,1205.84,17771889.9,85679891.3,434074174
345.4,S,57,4841.42,1210.70,17771889.9,85679910.8,434074193
346.4,S,57,4868.60,1215.32,17771889.9,85680026.9,434074299
347.4,S,57,4894.49,1219.57,17771889.9,85680251.0,434074520
348.4,S,57,4921.34,1224.41,17771889.9,85680434.9,434074788
349.4,S,57,4947.85,1228.97,17771889.9,85680577.7,434074916
350.4,S,57,4975.05,1233.65,17771889.9,85680578.2,434074917
351.4,S,57,5001.04,1237.98,17771889.9,85680680.8,434075011
352.4,S,57,5028.03,1242.82,17771889.9,85680785.9,434075104
353.4,S,57,5055.05,1247.63,17771889.9,85680792.3,434075205
354.4,S,57,5080.72,1252.41,17771889.9,85681086.1,434075712
355.4,S,61,5103.96,1256.42,17771889.9,85681653.1,434076288
356.4,S,61,5134.37,1261.40,17771889.9,85681746.6,434076372
357.4,S,61,5163.16,1266.04,17771889.9,85681971.1,434076573
358.4,S,61,5192.00,1270.57,17771889.9,85682379.9,434077260
359.4,S,57,5218.65,1275.28,17771889.9,85682604.4,434077470
360.4,S,61,5243.34,1278.94,17771889.9,85682762.5,434077752
361.4,S,61,5272.46,1283.69,17771889.9,85683008.9,434077994
362.4,S,61,5301.81,1288.47,17771889.9,85683293.1,434078284
363.4,S,57,5326.12,1292.43,17771889.9,85683484.2,434078710
364.4,S,61,5351.81,1296.77,17771890.0,85683624.9,434078839
365.4,S,61,5379.73,1300.31,17771890.0,85683733.0,434078934
366.4,S,61,5408.09,1304.89,17771890.0,85683894.4,434079229
367.4,S,61,5431.35,1307.16,17771890.0,85684183.1,434079653
368.4,S,57,5455.73,1309.65,17771890.0,85684319.3,434079777
369.4,S,61,5482.34,1313.77,17771890.0,85684422.8,434079891
370.4,S,60,5510.43,1318.50,17771890.0,85684936.9,434080438
371.4,S,58,5538.17,1323.35,17771890.0,85685139.4,434080752
372.4,S,55,5562.29,1327.74,17771890.0,85685671.9,434081540
373.4,S,45,5574.24,1330.37,17771890.0,85686158.1,434082115
374.4,S,42,5581.99,1334.06,17771890.0,85686405.3,434082538
375.4,S,42,5593.20,1339.68,17771890.0,85686406.4,434082543
376.4,S,42,5604.94,1344.81,17771890.0,85686406.6,434082543
377.4,S,42,5615.32,1349.48,17771890.0,85686509.6,434082655
378.4,S,42,5626.98,1354.60,17771890.0,85686567.6,434082732
379.4,S,42,5638.04,1359.47,17771890.0,85686631.7,434082789
380.4,S,42,5649.26,1364.44,17771890.0,85686672.5,434082829
381.4,S,42,5660.90,1369.67,17771890.0,85686672.8,434082831
382.4,S,42,5671.38,1374.44,17771890.0,85686775.8,434082928
383.4,S,42,5682.89,1379.70,17771890.0,85686840.5,434082982
384.4,S,42,5693.93,1384.49,17771890.0,85686928.6,434083061
385.4,S,46,5703.59,1387.65,17771890.0,85686969.8,434083461
386.4,S,46,5719.37,1392.74,17771890.0,85686970.2,434083464
387.4,S,42,5732.89,1397.86,17771890.0,85687161.0,434083633
388.4,S,46,5745.45,1402.07,17771890.0,85687328.4,434083854
389.4,S,46,5761.22,1407.20,17771890.0,85687328.6,434083857
390.4,S,42,5774.18,1412.13,17771890.0,85687519.0,434084078
391.4,S,46,5787.57,1416.39,17771890.0,85687622.2,434084209
392.4,S,46,5803.17,1421.67,17771890.0,85687622.6,434084214
393.4,S,42,5816.14,1426.35,17771890.0,85687878.1,434084434
394.4,S,46,5830.26,1431.01,17771890.0,85687980.9,434084528
395.4,S,46,5846.06,1436.14,17771890.0,85687981.2,434084528
396.4,S,42,5858.27,1441.19,17771890.0,85688237.2,434084911
397.4,S,42,5869.03,1445.67,17771890.0,85688331.2,434085000
398.4,S,42,5880.76,1450.78,17771890.0,85688331.5,434085002
399.4,S,42,5891.43,1455.25,17771890.0,85688434.9,434085104
400.4,S,42,5902.85,1460.66,17771890.0,85688499.5,434085164
401.4,S,42,5914.48,1465.87,17771890.0,85688499.8,434085167
402.4,S,42,5924.83,1470.44,17771890.0,85688603.6,434085286
403.4,S,42,5936.57,1475.56,17771890.0,85688603.7,434085287
404.4,S,42,5944.46,1478.96,17771890.0,85688744.3,434085662
405.4,S,42,5955.91,1484.26,17771890.0,85688772.9,434085694
406.4,S,42,5967.57,1489.41,17771890.0,85688773.2,434085698
407.4,S,46,5980.83,1493.95,17771890.0,85688876.3,434085794
408.4,S,46,5996.78,1498.83,17771890.0,85688876.7,434085797
409.4,S,42,6010.17,1504.04,17771890.0,85689131.5,434086031
410.4,S,46,6023.77,1508.83,17771890.0,85689234.9,434086133
411.4,S,46,6039.50,1514.03,17771890.0,85689235.1,434086135
412.4,S,42,6051.90,1519.01,17771890.0,85689426.1,434086361
413.4,S,46,6065.70,1523.74,17771890.0,85689593.5,434086562
414.4,S,46,6081.39,1528.95,17771890.0,85689593.8,434086563
415.4,S,42,6093.29,1533.52,17771890.0,85689789.6,434086832
416.4,S,46,6100.76,1535.88,17771890.0,85689937.4,434087420
417.4,S,46,6116.46,1541.10,17771890.0,85689937.6,434087422
418.4,S,43,6130.54,1546.03,17771890.0,85690096.0,434087557
419.4,S,42,6138.29,1549.43,17771890.0,85690231.5,434087946
420.4,S,42,6149.85,1554.72,17771890.0,85690231.8,434087951
421.4,S,42,6161.33,1560.04,17771890.0,85690296.8,434088014
422.4,S,42,6171.88,1564.66,17771890.0,85690399.6,434088114
423.4,S,42,6183.34,1570.06,17771890.0,85690400.3,434088116
424.4,S,42,6192.73,1574.12,17771890.0,85690503.1,434088325
425.4,S,42,6204.37,1579.24,17771890.0,85690568.0,434088394
426.4,S,42,6215.92,1584.48,17771890.0,85690568.9,434088399
427.4,S,42,6226.51,1589.05,17771890.0,85690671.8,434088507
428.4,S,42,6238.13,1594.18,17771890.0,85690723.2,434088556
429.4,S,46,6248.83,1598.82,17771890.0,85690826.1,434088667
430.4,S,46,6264.61,1603.95,17771890.0,85690854.9,434088706
431.4,S,46,6280.00,1609.30,17771890.0,85690901.0,434088787
432.4,S,46,6290.78,1613.47,17771890.0,85691213.8,434089130
433.4,S,46,6306.52,1618.64,17771890.0,85691214.1,434089132
434.4,S,46,6321.67,1624.03,17771890.0,85691287.4,434089267
435.4,S,46,6333.16,1628.51,17771890.0,85691507.9,434089495
436.4,S,46,6349.02,1633.53,17771890.0,85691508.1,434089498
437.4,S,43,6363.69,1638.46,17771890.0,85691763.1,434089730
438.4,S,46,6374.80,1642.46,17771890.0,85691865.9,434089921
439.4,S,46,6390.61,1647.54,17771890.0,85691866.2,434089926
440.4,S,44,6404.80,1652.26,17771890.0,85692009.4,434090255
441.4,S,42,6412.77,1655.22,17771890.0,85692121.9,434090359
442.4,S,42,6418.53,1657.09,17771890.0,85692225.1,434090465
443.4,S,42,6423.80,1658.71,17771890.0,85692225.5,434090466
444.4,S,42,6429.08,1660.30,17771890.0,85692225.7,434090467
445.4,S,42,6434.29,1661.98,17771890.0,85692290.3,434090527
446.4,S,42,6439.63,1663.63,17771890.0,85692290.8,434090530
447.4,S,42,6444.94,1665.27,17771890.0,85692291.0,434090535
448.4,S,42,6450.28,1666.87,17771890.0,85692291.1,434090538
449.4,S,42,6455.59,1668.52,17771890.0,85692356.1,434090600
450.4,S,42,6461.09,1670.40,17771890.0,85692369.9,434090621
451.4,S,42,6467.44,1672.37,17771890.0,85692370.8,434090623
452.4,S,42,6472.91,1673.32,17771890.0,85692371.0,434090623
453.4,S,42,6478.40,1674.14,17771890.0,85692371.2,434090627
454.4,S,42,6483.76,1675.04,17771890.0,85692371.6,434090630
455.4,S,42,6489.18,1675.87,17771890.0,85692436.2,434090755
456.4,S,42,6494.63,1676.74,17771890.0,85692436.4,434090757
457.4,S,42,6500.10,1677.62,17771890.0,85692436.9,434090759
458.4,S,42,6505.58,1678.45,17771890.0,85692437.0,434090760
459.4,S,42,6510.07,1679.18,17771890.0,85692604.2,434090998
460.4,S,42,6514.04,1679.96,17771890.0,85692604.8,434091001
461.4,S,42,6518.06,1680.68,17771890.0,85692604.9,434091004
462.4,S,42,6522.05,1681.44,17771890.0,85692605.4,434091008
463.4,S,42,6526.19,1682.10,17771890.0,85692670.0,434091066
464.4,S,42,6530.35,1682.71,17771890.0,85692670.2,434091071
465.5,S,42,6534.44,1683.36,17771890.0,85692670.4,434091073
466.5,S,42,6538.69,1683.89,17771890.0,85692670.6,434091078
467.5,S,42,6542.96,1684.66,17771890.0,85692822.0,434091212
468.5,S,42,6547.71,1685.45,17771890.0,85692822.8,434091217
469.5,S,57,6565.54,1686.43,17771890.0,85692823.5,434091221
470.5,S,57,6584.29,1687.38,17771890.0,85692823.9,434091223
471.5,S,57,6602.89,1688.26,17771890.0,85692824.0,434091224
472.5,S,57,6621.44,1689.17,17771890.0,85692942.7,434091340
473.5,S,57,6639.29,1690.25,17771890.0,85693283.7,434091990
474.5,S,57,6657.85,1691.22,17771890.0,85693358.1,434092076
475.5,S,57,6676.07,1692.25,17771890.0,85693441.1,434092344
476.5,S,57,6694.62,1693.28,17771890.0,85693490.9,434092405
477.5,S,57,6712.65,1694.36,17771890.0,85693890.2,434092899
478.5,S,57,6730.61,1695.41,17771890.0,85694284.0,434093290
479.5,S,57,6746.18,1696.38,17771890.0,85694483.5,434093831
480.5,S,57,6763.93,1697.20,17771890.0,85694524.3,434093881
481.5,S,57,6781.48,1697.98,17771890.0,85694646.8,434094140
482.5,S,57,6798.81,1698.75,17771890.0,85694882.9,434094368
483.5,S,57,6815.62,1699.52,17771890.0,85695104.0,434094822
484.5,S,57,6832.84,1700.32,17771890.0,85695389.9,434095124
485.5,S,57,6850.36,1701.03,17771890.0,85695522.5,434095265
486.5,S,57,6866.98,1701.78,17771890.0,85695741.6,434095704
487.5,S,57,6884.35,1702.56,17771890.0,85696094.1,434096060
488.5,S,57,6901.64,1703.40,17771890.0,85696317.4,434096340
489.5,S,57,6919.26,1704.10,17771890.0,85696317.7,434096344
490.5,S,57,6936.89,1704.89,17771890.0,85696375.7,434096436
491.5,S,57,6952.84,1705.70,17771890.0,85696769.4,434096931
492.5,S,57,6969.28,1706.52,17771890.0,85697111.2,434097414
493.5,S,57,6986.11,1707.37,17771890.1,85697348.7,434097658
494.5,S,57,7003.55,1708.14,17771890.1,85697534.8,434098017
495.5,S,57,7021.20,1708.83,17771890.1,85697630.1,434098213
496.5,S,57,7038.53,1709.68,17771890.1,85697858.6,434098435
497.5,S,56,7054.90,1710.55,17771890.1,85698102.0,434098831
498.5,S,56,7071.41,1711.39,17771890.1,85698284.3,434098992
499.5,S,56,7087.92,1712.27,17771890.1,85698471.9,434099268
500.5,S,55,7104.41,1713.12,17771890.1,85698691.1,434099465
501.5,S,52,7113.72,1714.01,17771890.1,85699254.4,434100346
502.5,S,43,7119.49,1714.74,17771890.1,85699652.2,434100871
503.5,S,42,7125.50,1716.29,17771890.1,85699703.4,434100945
504.5,S,42,7133.68,1718.11,17771890.1,85699705.3,434100956
505.5,S,42,7142.02,1719.51,17771890.1,85699712.3,434100977
506.5,S,42,7150.70,1721.01,17771890.1,85699712.4,434100979
507.5,S,42,7159.37,1722.41,17771890.1,85699714.3,434100984
508.5,S,42,7167.69,1723.83,17771890.1,85699819.8,434101291
509.5,S,42,7176.37,1725.35,17771890.1,85699820.1,434101293
510.5,S,42,7184.90,1726.86,17771890.1,85699820.6,434101296
511.5,S,46,7193.78,1728.27,17771890.1,85699835.1,434101322
512.5,S,46,7205.96,1729.96,17771890.1,85699899.9,434101379
513.5,S,46,7217.22,1731.52,17771890.1,85700108.9,434101569
514.5,S,42,7225.97,1733.03,17771890.1,85700147.5,434101607
515.5,S,42,7234.74,1734.44,17771890.1,85700148.0,434101625
516.5,S,42,7243.52,1735.89,17771890.1,85700212.6,434101685
517.5,S,42,7252.11,1737.24,17771890.1,85700213.2,434101687
518.5,S,46,7260.72,1738.49,17771890.1,85700280.1,434101759
519.5,S,46,7273.07,1740.27,17771890.1,85700280.4,434101761
520.5,S,46,7284.57,1741.83,17771890.1,85700421.5,434101900
521.5,S,42,7291.44,1742.97,17771890.1,85700536.1,434102268
522.5,S,42,7300.19,1744.40,17771890.1,85700536.3,434102270
523.5,S,42,7308.79,1745.73,17771890.1,85700536.8,434102274
524.5,S,42,7317.51,1747.13,17771890.1,85700537.0,434102277
525.5,S,46,7325.85,1748.44,17771890.1,85700648.0,434102390
526.5,S,46,7338.13,1750.09,17771890.1,85700648.2,434102395
527.5,S,46,7350.48,1751.74,17771890.1,85700698.4,434102439
528.5,S,42,7359.24,1753.28,17771890.1,85700839.5,434102568
529.5,S,42,7367.88,1754.73,17771890.1,85700904.4,434102702
530.5,S,42,7376.42,1756.36,17771890.1,85700912.2,434102717
531.5,S,42,7385.07,1757.96,17771890.1,85700912.4,434102721
532.5,S,46,7393.18,1759.45,17771890.1,85701015.1,434102812
533.5,S,46,7405.78,1761.01,17771890.1,85701015.6,434102815
534.5,S,46,7417.24,1762.61,17771890.1,85701223.7,434103006
535.5,S,42,7426.26,1764.10,17771890.1,85701271.7,434103067
536.5,S,42,7434.85,1765.49,17771890.1,85701271.9,434103070
537.5,S,42,7443.47,1766.88,17771890.1,85701272.1,434103074
538.5,S,42,7452.13,1768.19,17771890.1,85701337.1,434103133
539.5,S,42,7459.78,1769.42,17771890.1,85701440.2,434103246
540.5,S,42,7468.45,1771.01,17771890.1,85701440.4,434103249
541.5,S,42,7477.23,1772.33,17771890.1,85701440.6,434103253
542.5,S,42,7485.72,1773.81,17771890.1,85701497.5,434103354
543.5,S,42,7494.41,1775.22,17771890.1,85701498.1,434103357
544.5,S,42,7503.25,1776.44,17771890.1,85701498.7,434103363
545.5,S,42,7511.90,1777.84,17771890.1,85701499.0,434103367
546.5,S,42,7519.28,1779.07,17771890.1,85701666.5,434103543
547.5,S,42,7528.16,1780.47,17771890.1,85701666.9,434103550
548.5,S,42,7536.92,1781.90,17771890.1,85701667.2,434103555
549.5,S,42,7545.60,1783.30,17771890.1,85701667.9,434103561
550.5,S,42,7554.61,1784.63,17771890.1,85701732.8,434103686
551.5,S,42,7563.32,1786.05,17771890.1,85701733.5,434103692
552.5,S,42,7571.94,1787.34,17771890.1,85701733.7,434103695
553.5,S,42,7579.86,1788.55,17771890.1,85701836.5,434103808
554.5,S,42,7588.52,1790.11,17771890.1,85701893.4,434103873
555.5,S,42,7597.15,1791.77,17771890.1,85701893.7,434103874
556.5,S,42,7605.88,1793.27,17771890.1,85701894.2,434103879
557.5,S,42,7614.73,1794.66,17771890.1,85701894.3,434103880
558.5,S,42,7623.22,1796.15,17771890.1,85701958.9,434103938
559.5,S,42,7629.88,1797.35,17771890.1,85702036.5,434104179
560.5,S,42,7638.42,1798.67,17771890.1,85702062.5,434104208
561.5,S,42,7647.17,1800.14,17771890.1,85702062.7,434104211
562.5,S,42,7655.85,1801.60,17771890.1,85702127.6,434104271
563.5,S,42,7664.32,1803.09,17771890.1,85702127.9,434104275
564.5,S,42,7673.04,1804.56,17771890.1,85702128.1,434104278
565.5,S,42,7681.76,1805.87,17771890.1,85702128.5,434104280
566.5,S,46,7690.40,1807.46,17771890.1,85702298.3,434104434
567.5,S,46,7702.87,1809.12,17771890.1,85702298.8,434104437
568.5,S,46,7714.60,1810.83,17771890.1,85702387.4,434104656
569.5,S,42,7723.04,1812.31,17771890.1,85702489.7,434104879
570.5,S,42,7731.49,1813.85,17771890.1,85702554.3,434104941
571.5,S,42,7740.22,1815.30,17771890.1,85702554.8,434104941
572.5,S,42,7748.71,1816.77,17771890.1,85702555.1,434104945
573.5,S,46,7758.22,1818.14,17771890.1,85702658.0,434105049
574.5,S,46,7770.72,1819.75,17771890.1,85702722.7,434105112
575.5,S,42,7780.14,1821.15,17771890.1,85702913.3,434105400
576.5,S,42,7788.73,1822.79,17771890.1,85702913.6,434105404
577.5,S,42,7797.40,1824.20,17771890.1,85702914.0,434105407
578.5,S,42,7806.13,1825.65,17771890.1,85702914.6,434105413
579.5,S,42,7814.92,1826.97,17771890.1,85702979.1,434105477
580.5,S,46,7824.75,1828.37,17771890.1,85703082.1,434105581
581.5,S,46,7837.33,1830.01,17771890.1,85703082.3,434105584
582.5,S,42,7847.53,1831.58,17771890.1,85703273.5,434105820
583.5,S,42,7856.23,1833.02,17771890.1,85703338.1,434105880
584.5,S,42,7864.90,1834.56,17771890.1,85703358.1,434105905
585.5,S,42,7873.57,1835.83,17771890.1,85703358.7,434105909
586.5,S,42,7882.34,1837.27,17771890.1,85703359.0,434105913
587.5,S,46,7892.57,1838.71,17771890.1,85703461.7,434106007
588.5,S,46,7904.65,1840.44,17771890.1,85703526.7,434106130
589.6,S,42,7914.69,1841.93,17771890.1,85703718.1,434106486
590.6,S,42,7923.46,1843.32,17771890.1,85703718.3,434106488
591.6,S,42,7932.26,1844.75,17771890.1,85703718.5,434106490
592.6,S,42,7940.76,1846.10,17771890.1,85703783.1,434106549
593.6,S,42,7949.57,1847.58,17771890.1,85703783.7,434106556
594.6,S,42,7957.25,1848.93,17771890.1,85703886.8,434106680
595.6,S,42,7965.91,1850.41,17771890.1,85703887.2,434106682
596.6,S,42,7974.63,1851.86,17771890.1,85703925.3,434106718
597.6,S,42,7983.27,1853.23,17771890.1,85703952.0,434106746
598.6,S,42,7991.91,1854.61,17771890.1,85703952.3,434106748
599.6,S,42,8000.61,1855.95,17771890.1,85703981.4,434106788
600.6,S,42,8009.22,1857.36,17771890.1,85703981.7,434106788
601.6,S,42,8016.78,1858.82,17771890.1,85704155.3,434106961
602.6,S,42,8025.51,1860.22,17771890.1,85704155.9,434106967
603.6,S,42,8034.30,1861.69,17771890.1,85704156.1,434106968
604.6,S,42,8043.17,1863.09,17771890.1,85704156.7,434106971
605.6,S,42,8051.79,1864.50,17771890.1,85704221.5,434107103
606.6,S,42,8060.74,1865.76,17771890.1,85704221.8,434107108
607.6,S,42,8068.66,1867.12,17771890.1,85704325.1,434107205
608.6,S,42,8077.34,1868.45,17771890.1,85704325.5,434107208
609.6,S,42,8086.08,1869.94,17771890.1,85704390.5,434107263
610.6,S,42,8094.71,1871.48,17771890.1,85704390.8,434107267
611.6,S,42,8103.43,1872.91,17771890.1,85704477.6,434107348
612.6,S,42,8111.71,1874.41,17771892.5,85704662.7,434107636
613.6,S,42,8120.35,1875.88,17771894.2,85704685.3,434107706
614.6,S,42,8128.48,1877.38,17771894.7,85704694.1,434107732
615.6,S,42,8136.63,1878.87,17771894.7,85704740.7,434107810
616.6,S,42,8145.21,1880.28,17771894.7,85704754.8,434107830
617.6,S,42,8153.90,1881.75,17771894.7,85704754.9,434107831
618.6,S,42,8162.66,1883.08,17771894.7,85704755.2,434107833
619.6,S,42,8171.05,1884.43,17771894.7,85704782.9,434107861
620.6,S,42,8179.61,1885.88,17771894.7,85704848.5,434107922
621.6,S,46,8188.49,1887.32,17771894.7,85704874.0,434107959
622.6,S,46,8200.85,1888.94,17771894.7,85704874.3,434107963
623.6,S,46,8212.75,1890.66,17771894.7,85705018.1,434108098
624.6,S,42,8221.82,1892.17,17771894.7,85705130.3,434108204
625.6,S,42,8230.65,1893.70,17771894.7,85705130.5,434108207
626.6,S,42,8239.42,1895.11,17771894.7,85705131.3,434108210
627.6,S,42,8248.32,1896.39,17771894.7,85705131.5,434108215
628.6,S,46,8256.51,1897.59,17771894.7,85705246.8,434108518
629.6,S,46,8268.83,1899.36,17771894.7,85705247.0,434108521
630.6,S,42,8279.74,1900.94,17771894.7,85705437.4,434108797
631.6,S,42,8288.48,1902.27,17771894.7,85705437.9,434108799
632.6,S,42,8297.16,1903.80,17771894.7,85705502.9,434108866
633.6,S,42,8305.78,1905.16,17771894.7,85705503.1,434108869
634.6,S,42,8314.36,1906.50,17771894.7,85705503.4,434108873
635.6,S,46,8324.62,1907.96,17771894.7,85705579.9,434108947
636.6,S,46,8336.96,1909.65,17771894.7,85705644.6,434109003
637.6,S,42,8346.84,1911.18,17771894.7,85705835.5,434109301
638.6,S,42,8355.61,1912.61,17771894.7,85705836.2,434109307
639.6,S,42,8364.37,1914.11,17771894.7,85705885.4,434109366
640.6,S,42,8372.92,1915.67,17771894.7,85705886.0,434109373
641.6,S,42,8381.54,1917.11,17771894.7,85705886.2,434109376
642.6,S,46,8392.46,1918.60,17771894.7,85705988.8,434109496
643.6,S,46,8405.03,1920.22,17771894.7,85705989.1,434109499
644.6,S,42,8413.68,1921.46,17771894.7,85706244.6,434109988
645.6,S,42,8422.38,1922.91,17771894.7,85706244.9,434109991
646.6,S,42,8431.02,1924.40,17771894.7,85706245.3,434109996
647.6,S,42,8439.65,1925.84,17771894.7,85706245.7,434109998
648.6,S,42,8448.02,1927.13,17771894.7,85706353.3,434110100
649.6,S,42,8455.03,1928.24,17771894.7,85706413.9,434110314
650.6,S,42,8463.82,1929.55,17771894.7,85706414.1,434110318
651.6,S,42,8472.69,1931.03,17771894.7,85706414.3,434110320
652.6,S,42,8481.25,1932.34,17771894.7,85706479.0,434110380
653.6,S,42,8490.03,1933.75,17771894.7,85706479.4,434110383
654.6,S,42,8498.88,1935.01,17771894.7,85706479.8,434110386
655.6,S,42,8506.85,1936.35,17771894.7,85706582.7,434110481
656.6,S,42,8515.57,1937.85,17771894.7,85706601.7,434110501
657.6,S,42,8524.31,1939.33,17771894.7,85706647.6,434110541
658.6,S,42,8532.88,1940.80,17771894.7,85706670.4,434110566
659.6,S,42,8541.62,1942.01,17771894.7,85706671.1,434110570
660.6,S,42,8550.32,1943.29,17771894.7,85706671.3,434110573
661.6,S,42,8559.20,1944.75,17771894.7,85706671.9,434110575
662.6,S,42,8565.51,1945.79,17771894.7,85706866.1,434110915
663.6,S,42,8574.22,1947.26,17771894.7,85706866.4,434110917
664.6,S,42,8582.73,1948.79,17771894.7,85706867.1,434110923
665.6,S,42,8591.36,1950.18,17771894.7,85706867.3,434110926
666.6,S,42,8599.97,1951.62,17771894.7,85706932.3,434110987
667.6,S,42,8608.42,1952.92,17771894.7,85706932.7,434110992
668.6,S,42,8617.09,1954.37,17771894.7,85706932.8,434110993
669.6,S,42,8624.94,1955.64,17771894.7,85707035.6,434111106
670.6,S,42,8633.76,1957.02,17771894.7,85707100.7,434111173
671.6,S,42,8642.47,1958.31,17771894.7,85707100.9,434111176
672.6,S,42,8651.25,1959.63,17771894.7,85707101.5,434111181
673.6,S,42,8660.03,1960.92,17771894.7,85707101.6,434111182
674.6,S,42,8668.79,1962.34,17771894.7,85707101.9,434111182
675.6,S,42,8677.54,1963.74,17771894.7,85707166.9,434111244
676.6,S,46,8684.16,1964.94,17771894.7,85707289.6,434111592
677.6,S,46,8696.49,1966.68,17771894.7,85707290.3,434111595
678.6,S,46,8708.28,1968.42,17771894.7,85707421.0,434111751
679.6,S,42,8716.22,1969.67,17771894.7,85707481.4,434111933
680.6,S,42,8724.81,1971.06,17771894.7,85707546.2,434111988
681.6,S,42,8733.58,1972.30,17771894.7,85707546.6,434111994
682.6,S,42,8742.45,1973.69,17771894.7,85707546.9,434112000
683.6,S,46,8751.86,1975.17,17771894.7,85707650.1,434112098
684.6,S,46,8764.35,1976.90,17771894.7,85707650.3,434112100
685.6,S,42,8775.40,1978.45,17771894.7,85707905.4,434112469
686.6,S,42,8784.10,1979.80,17771894.7,85707905.8,434112473
687.6,S,42,8793.04,1981.14,17771894.7,85707906.1,434112476
688.6,S,42,8801.88,1982.59,17771894.7,85707906.5,434112479
689.6,S,42,8810.56,1983.96,17771894.7,85707971.3,434112539
690.6,S,46,8820.35,1985.52,17771894.7,85708073.9,434112636
691.6,S,46,8832.78,1987.18,17771894.7,85708074.2,434112639
692.6,S,42,8843.49,1988.73,17771894.7,85708265.0,434112861
693.6,S,42,8852.18,1990.25,17771894.7,85708329.7,434112927
694.6,S,42,8860.85,1991.73,17771894.7,85708349.8,434112948
695.6,S,42,8869.39,1993.08,17771894.7,85708350.5,434112957
696.6,S,42,8878.20,1994.47,17771894.7,85708350.7,434112959
697.6,S,46,8886.88,1995.73,17771894.7,85708453.7,434113254
698.6,S,46,8899.25,1997.37,17771894.7,85708454.4,434113261
699.6,S,42,8908.01,1998.74,17771894.7,85708710.3,434113512
700.6,S,42,8912.40,1999.49,17771894.7,85708710.6,434113515
701.6,S,42,8916.77,2000.21,17771894.7,85708710.8,434113519
702.6,S,42,8921.15,2000.99,17771894.7,85708710.9,434113522
703.6,S,42,8925.49,2001.73,17771894.7,85708775.6,434113580
704.6,S,42,8930.05,2002.46,17771894.7,85708776.2,434113593
705.6,S,42,8934.47,2003.19,17771894.7,85708776.6,434113595
706.6,S,42,8939.02,2003.94,17771894.7,85708776.8,434113598
707.6,S,42,8943.38,2004.72,17771894.7,85708936.2,434113796
708.6,S,42,8947.83,2005.40,17771894.7,85708936.4,434113800
709.6,S,42,8952.32,2006.10,17771894.7,85708937.0,434113805
710.6,S,42,8956.74,2006.83,17771894.7,85708937.1,434113808
711.6,S,42,8961.13,2007.61,17771894.7,85709001.9,434113868
712.6,S,42,8965.80,2008.49,17771894.7,85709022.2,434113893
713.6,S,42,8970.74,2009.30,17771894.7,85709030.7,434113917
714.6,S,42,8974.64,2009.94,17771894.7,85709031.2,434113918
715.7,S,42,8978.49,2010.54,17771894.7,85709031.5,434113924
716.7,S,42,8982.33,2011.19,17771894.7,85709053.8,434113942
717.7,S,42,8986.18,2011.85,17771894.7,85709096.8,434113985
718.7,S,42,8989.95,2012.54,17771894.7,85709178.4,434114055
719.7,S,42,8993.82,2013.21,17771894.7,85709179.0,434114058
720.7,S,42,8997.66,2013.82,17771894.7,85709179.2,434114061
721.7,S,42,9001.53,2014.41,17771894.7,85709243.9,434114130
722.7,S,42,9005.39,2015.01,17771894.7,85709244.1,434114133
723.7,S,42,9009.36,2015.58,17771894.7,85709304.9,434114190
724.7,S,42,9013.27,2016.16,17771894.7,85709305.4,434114191
725.7,S,42,9017.08,2016.82,17771894.7,85709370.1,434114261
726.7,S,42,9020.97,2017.37,17771894.7,85709370.3,434114262
727.7,S,42,9024.82,2017.96,17771894.7,85709370.6,434114263
728.7,S,42,9028.67,2018.56,17771894.7,85709410.7,434114306
729.7,S,42,9032.48,2019.18,17771894.7,85709475.4,434114373
730.7,S,42,9036.76,2019.96,17771894.7,85709495.6,434114396
731.7,S,42,9041.31,2020.68,17771894.7,85709495.8,434114400
732.7,S,57,9058.82,2021.54,17771894.7,85709496.7,434114409
733.7,S,57,9077.17,2022.47,17771894.7,85709497.0,434114414
734.7,S,57,9095.34,2023.32,17771894.7,85709535.9,434114454
735.7,S,57,9113.57,2024.20,17771894.7,85709585.9,434114674
736.7,S,57,9131.38,2024.97,17771894.7,85709766.9,434114948
737.7,S,57,9149.42,2025.97,17771894.7,85709980.9,434115349
738.7,S,57,9167.17,2026.91,17771894.7,85710260.5,434115616
739.7,S,57,9184.72,2027.65,17771894.7,85710261.7,434115621
740.7,S,57,9202.18,2028.33,17771894.7,85710261.9,434115622
741.7,S,57,9218.34,2029.10,17771894.7,85710668.1,434116058
743.0,S,57,9234.88,2030.06,17771894.7,85711218.8,434116867
744.0,S,57,9252.50,2030.80,17771894.7,85711248.9,434116896
745.0,S,57,9269.61,2031.48,17771894.7,85711492.5,434117170
746.0,S,57,9286.76,2032.17,17771894.7,85711739.6,434117388
747.0,S,57,9304.19,2032.79,17771894.7,85711895.3,434117592
748.0,S,57,9320.77,2033.59,17771894.7,85712151.8,434117831
749.0,S,57,9337.86,2034.38,17771894.7,85712335.1,434118188
750.0,S,57,9355.15,2035.17,17771894.7,85712530.2,434118380
751.0,S,57,9372.46,2035.81,17771894.7,85712599.2,434118446
752.0,S,57,9389.38,2036.69,17771894.7,85712889.8,434118709
753.0,S,57,9406.05,2037.50,17771894.8,85713272.7,434119090
754.0,S,57,9423.51,2038.26,17771894.8,85713308.6,434119274
755.0,S,57,9441.01,2038.96,17771894.8,85713407.7,434119399
756.0,S,57,9454.37,2039.77,17771894.8,85713830.3,434120019
757.0,S,57,9471.70,2040.52,17771894.8,85714000.0,434120264
758.0,S,57,9487.81,2041.29,17771894.8,85714404.3,434120671
759.0,S,57,9505.31,2041.98,17771894.8,85714488.2,434120749
760.0,S,57,9521.88,2042.74,17771894.8,85714722.6,434121294
761.0,S,56,9537.90,2043.49,17771894.8,85714948.0,434121522
762.0,S,56,9554.46,2044.23,17771894.8,85715068.7,434121627
763.0,S,56,9569.70,2045.05,17771894.8,85715346.7,434122215
764.0,S,55,9586.09,2045.84,17771894.8,85715619.1,434122462
765.0,S,43,9594.94,2046.57,17771894.8,85716163.8,434123190
766.0,S,42,9601.88,2048.59,17771894.8,85716300.9,434123338
767.0,S,42,9610.06,2050.25,17771894.8,85716316.6,434123374
768.0,S,42,9618.79,2051.59,17771894.8,85716318.5,434123382
769.0,S,42,9627.29,2053.12,17771894.8,85716318.7,434123384
770.0,S,42,9635.95,2054.44,17771894.8,85716354.3,434123426
771.0,S,42,9644.60,2055.86,17771894.8,85716418.9,434123490
772.0,S,42,9653.37,2057.39,17771894.8,85716419.2,434123494
773.0,S,42,9661.97,2058.88,17771894.8,85716419.7,434123501
774.0,S,42,9670.15,2060.32,17771894.8,85716455.9,434123548
775.0,S,42,9678.66,2061.71,17771894.8,85716571.5,434123792
776.0,S,42,9687.42,2063.19,17771894.8,85716571.9,434123805
777.0,S,42,9696.09,2064.62,17771894.8,85716598.6,434123834
778.0,S,42,9704.84,2066.03,17771894.8,85716598.9,434123838
779.0,S,42,9713.39,2067.52,17771894.8,85716599.3,434123840
780.0,S,42,9722.02,2068.79,17771894.8,85716600.2,434123845
781.0,S,46,9733.62,2070.37,17771894.8,85716687.1,434123927
782.0,S,46,9746.08,2072.03,17771894.8,85716687.4,434123929
783.0,S,42,9754.86,2073.53,17771894.8,85716878.1,434124101
784.0,S,42,9763.51,2074.93,17771894.8,85716878.3,434124104
785.0,S,42,9772.10,2076.44,17771894.8,85716943.0,434124158
786.0,S,42,9780.79,2077.93,17771894.8,85716943.7,434124162
787.0,S,46,9789.12,2079.23,17771894.8,85717011.6,434124262
788.0,S,46,9801.77,2080.81,17771894.8,85717011.8,434124265
789.0,S,46,9813.82,2082.45,17771894.8,85717112.4,434124363
790.2,S,42,9822.56,2083.90,17771894.8,85717267.5,434124578
791.2,S,42,9831.37,2085.22,17771894.8,85717268.5,434124582
792.2,S,42,9840.26,2086.68,17771894.8,85717268.8,434124587
793.2,S,42,9849.01,2088.08,17771894.8,85717269.0,434124590
794.2,S,46,9858.27,2089.53,17771894.8,85717436.5,434124748
795.2,S,46,9870.53,2091.33,17771894.8,85717436.7,434124750
796.2,S,42,9881.61,2093.03,17771894.8,85717627.7,434124941
797.2,S,42,9890.22,2094.54,17771894.8,85717628.4,434124948
798.2,S,42,9898.79,2095.90,17771894.8,85717693.2,434125214
799.2,S,42,9907.71,2097.30,17771894.8,85717693.5,434125218
800.2,S,42,9916.65,2098.68,17771894.8,85717693.6,434125221
801.2,S,46,9927.61,2100.12,17771894.8,85717796.9,434125320
802.2,S,46,9940.05,2101.79,17771894.8,85717848.1,434125367
803.2,S,42,9949.54,2103.31,17771894.8,85718039.1,434125550
804.2,S,42,9958.56,2104.70,17771894.8,85718039.3,434125553
805.2,S,42,9967.34,2106.07,17771894.8,85718039.6,434125557
806.2,S,42,9975.77,2107.45,17771894.8,85718104.5,434125741
807.2,S,42,9983.26,2108.62,17771894.8,85718182.1,434125885
808.2,S,42,9990.91,2109.95,17771894.8,85718208.0,434126003
809.2,S,42,9999.69,2111.38,17771894.8,85718208.2,434126006
810.2,S,42,10008.45,2112.82,17771894.8,85718272.9,434126066
811.2,S,42,10017.25,2114.28,17771894.8,85718273.1,434126068
812.2,S,42,10025.97,2115.67,17771894.8,85718273.4,434126073
813.2,S,42,10034.87,2117.10,17771894.8,85718274.1,434126077
814.2,S,42,10041.99,2118.32,17771894.8,85718441.4,434126316
815.2,S,42,10050.66,2119.76,17771894.8,85718441.7,434126322
816.2,S,42,10059.35,2121.27,17771894.8,85718442.1,434126326
817.2,S,42,10067.91,2122.65,17771894.8,85718496.6,434126378
818.2,S,42,10076.59,2124.06,17771894.8,85718497.3,434126384
819.2,S,42,10085.16,2125.51,17771894.8,85718497.9,434126388
820.2,S,42,10093.86,2126.94,17771894.8,85718498.2,434126393
821.2,S,42,10101.77,2128.18,17771894.8,85718601.0,434126495
822.2,S,42,10110.11,2129.64,17771894.8,85718665.7,434126678
823.2,S,42,10118.85,2131.12,17771894.8,85718666.3,434126683
824.2,S,42,10127.69,2132.56,17771894.8,85718666.5,434126687
825.2,S,42,10136.36,2133.97,17771894.8,85718666.9,434126690
826.2,S,42,10144.95,2135.29,17771894.8,85718731.6,434126759
827.2,S,42,10153.75,2136.73,17771894.8,85718731.8,434126761
828.2,S,42,10161.53,2138.02,17771894.8,85718834.9,434126864
829.2,S,42,10170.24,2139.39,17771894.8,85718835.1,434126867
830.2,S,42,10179.09,2140.82,17771894.8,85718900.0,434126926
831.2,S,42,10187.88,2142.27,17771894.8,85718900.2,434126929
832.2,S,42,10196.54,2143.67,17771894.8,85718900.5,434126932
833.2,S,42,10205.07,2145.09,17771894.8,85718945.6,434126978
834.2,S,42,10213.56,2146.46,17771894.8,85718946.1,434126983
835.2,S,46,10223.25,2147.92,17771894.8,85719048.9,434127075
836.2,S,46,10235.64,2149.58,17771894.8,85719049.5,434127081
837.2,S,44,10244.59,2150.82,17771894.8,85719239.8,434127517
838.2,S,42,10253.33,2152.41,17771894.8,85719304.6,434127582
839.2,S,42,10262.08,2153.80,17771894.8,85719305.1,434127586
840.2,S,42,10270.77,2155.32,17771894.8,85719305.4,434127590
841.2,S,42,10279.70,2156.58,17771894.8,85719305.6,434127592
842.2,S,46,10288.67,2158.10,17771894.8,85719473.0,434127778
843.2,S,46,10301.01,2159.78,17771894.8,85719473.2,434127783
844.2,S,42,10312.09,2161.35,17771894.8,85719664.2,434127960
845.2,S,42,10320.67,2163.00,17771894.8,85719718.7,434128013
846.2,S,42,10329.21,2164.44,17771894.8,85719719.0,434128017
847.2,S,42,10338.07,2165.90,17771894.8,85719719.7,434128021
848.2,S,42,10346.65,2167.49,17771894.8,85719719.9,434128034
849.2,S,46,10356.52,2168.91,17771894.8,85719833.6,434128200
850.2,S,46,10368.49,2170.44,17771894.8,85719887.7,434128428
851.2,S,42,10378.68,2172.02,17771894.8,85720078.5,434128594
852.2,S,42,10387.28,2173.45,17771894.8,85720078.7,434128596
853.2,S,42,10396.01,2174.84,17771894.8,85720079.2,434128602
854.2,S,42,10404.67,2176.27,17771894.8,85720143.9,434128659
855.2,S,42,10413.35,2177.75,17771894.8,85720144.2,434128664
856.2,S,46,10422.35,2179.01,17771894.8,85720247.2,434128889
857.2,S,46,10434.75,2180.68,17771894.8,85720247.5,434128893
858.2,S,42,10445.04,2182.35,17771894.8,85720502.9,434129153
859.2,S,42,10453.82,2183.76,17771894.8,85720503.6,434129171
860.2,S,42,10462.53,2185.10,17771894.8,85720503.8,434129173
861.2,S,42,10471.24,2186.53,17771894.8,85720504.4,434129177
862.2,S,42,10479.78,2188.09,17771894.8,85720568.9,434129236
863.2,S,42,10486.99,2189.23,17771894.8,85720671.9,434129412
864.2,S,42,10495.65,2190.76,17771894.8,85720672.2,434129415
865.2,S,42,10504.34,2192.22,17771894.8,85720725.4,434129469
866.2,S,42,10512.95,2193.71,17771894.8,85720726.1,434129473
867.2,S,42,10521.62,2195.10,17771894.8,85720726.4,434129477
868.2,S,42,10530.30,2196.56,17771894.8,85720726.6,434129480
869.2,S,42,10539.11,2197.96,17771894.8,85720726.9,434129481
870.2,S,42,10546.79,2199.32,17771894.8,85720894.6,434129716
871.2,S,42,10555.38,2200.81,17771894.8,85720895.2,434129720
872.2,S,42,10564.06,2202.20,17771894.8,85720895.4,434129728
873.2,S,42,10572.74,2203.65,17771894.8,85720895.7,434129731
874.2,S,42,10581.15,2204.98,17771894.8,85720960.5,434130039
875.2,S,42,10589.85,2206.47,17771894.8,85720960.7,434130040
876.2,S,42,10598.64,2207.88,17771894.8,85720960.9,434130043
877.2,S,42,10606.58,2209.18,17771894.8,85721064.3,434130143
878.2,S,42,10615.29,2210.51,17771894.8,85721129.1,434130204
879.2,S,42,10624.02,2211.88,17771894.8,85721129.4,434130208
880.2,S,42,10632.71,2213.36,17771894.8,85721129.5,434130211
881.2,S,42,10641.47,2214.76,17771894.8,85721130.0,434130215
882.2,S,42,10650.11,2216.13,17771894.8,85721197.7,434130278
883.2,S,42,10658.02,2217.55,17771894.8,85721279.5,434130359
884.2,S,42,10666.65,2218.85,17771894.8,85721300.7,434130383
885.2,S,42,10675.37,2220.21,17771894.8,85721301.0,434130386
886.2,S,42,10683.85,2221.58,17771894.8,85721365.9,434130629
887.2,S,42,10692.72,2222.86,17771894.8,85721366.2,434130632
888.2,S,42,10701.40,2224.30,17771894.8,85721366.7,434130637
889.2,S,42,10710.08,2225.73,17771894.8,85721367.0,434130641
890.2,S,46,10718.44,2227.02,17771894.8,85721534.2,434130798
891.2,S,46,10730.76,2228.70,17771894.8,85721534.5,434130799
892.2,S,44,10742.70,2230.36,17771894.8,85721677.8,434130939
893.2,S,42,10751.49,2231.82,17771894.8,85721754.0,434131070
894.2,S,42,10760.15,2233.22,17771894.8,85721754.3,434131071
895.2,S,42,10768.77,2234.69,17771894.8,85721819.1,434131137
896.2,S,42,10777.33,2236.08,17771894.8,85721819.3,434131140
897.2,S,46,10786.34,2237.53,17771894.8,85721922.7,434131247
898.2,S,46,10798.83,2239.13,17771894.8,85721923.0,434131251
899.2,S,46,10809.09,2240.65,17771894.8,85722100.2,434131590
900.2,S,42,10817.56,2242.06,17771894.8,85722179.1,434131667
901.2,S,42,10826.25,2243.39,17771894.8,85722179.4,434131672
902.2,S,42,10834.68,2244.97,17771894.8,85722232.8,434131724
903.2,S,42,10843.39,2246.34,17771894.8,85722233.7,434131728
904.2,S,46,10852.48,2247.78,17771894.8,85722336.7,434131823
905.2,S,46,10864.92,2249.40,17771894.8,85722337.5,434131833
906.2,S,42,10875.60,2251.00,17771894.8,85722528.3,434132076
907.2,S,42,10884.19,2252.48,17771894.8,85722593.0,434132136
908.2,S,42,10892.95,2253.90,17771894.8,85722593.4,434132140
909.2,S,42,10901.72,2255.36,17771894.8,85722594.1,434132143
910.3,S,42,10910.55,2256.72,17771894.8,85722594.8,434132146
911.3,S,46,10919.34,2258.14,17771894.8,85722762.1,434132306
912.3,S,46,10931.61,2259.81,17771894.8,85722762.3,434132312
913.3,S,42,10942.25,2261.42,17771894.8,85722952.9,434132527
914.3,S,42,10950.99,2262.69,17771894.8,85722953.4,434132531
915.3,S,42,10959.64,2264.16,17771894.8,85723008.2,434132592
916.3,S,42,10968.31,2265.65,17771894.8,85723008.3,434132595
917.3,S,42,10977.10,2267.08,17771894.8,85723008.7,434132598
918.3,S,42,10984.93,2268.26,17771894.8,85723111.7,434132744
919.3,S,42,10993.13,2269.56,17771894.8,85723177.1,434133030
920.3,S,42,11001.87,2270.91,17771894.8,85723177.6,434133033
921.3,S,42,11010.49,2272.43,17771894.8,85723177.9,434133036
922.3,S,42,11019.20,2273.79,17771894.8,85723178.1,434133048
923.3,S,42,11027.87,2275.15,17771894.8,85723242.9,434133107
924.3,S,42,11036.71,2276.67,17771894.8,85723243.1,434133110
925.3,S,42,11044.41,2277.95,17771894.8,85723346.2,434133241
926.3,S,42,11053.11,2279.25,17771894.8,85723346.9,434133243
927.3,S,42,11061.69,2280.60,17771894.8,85723411.6,434133303
928.3,S,42,11070.28,2282.07,17771894.8,85723411.8,434133304
929.3,S,42,11078.79,2283.52,17771894.8,85723412.1,434133307
930.3,S,42,11087.28,2285.04,17771894.8,85723412.4,434133310
931.3,S,42,11095.73,2286.59,17771894.8,85723496.8,434133390
932.3,S,42,11103.75,2287.93,17771894.8,85723573.8,434133472
933.3,S,42,11112.56,2289.44,17771894.8,85723574.1,434133474
934.3,S,42,11121.28,2290.82,17771894.8,85723574.3,434133475
935.3,S,42,11129.83,2292.30,17771894.8,85723639.1,434133541
936.3,S,42,11138.63,2293.61,17771894.8,85723639.5,434133546
937.3,S,42,11147.37,2294.86,17771894.8,85723640.0,434133550
938.3,S,42,11155.22,2296.09,17771894.8,85723659.8,434133678
939.3,S,42,11161.05,2297.14,17771894.8,85723807.7,434134067
940.3,S,42,11169.79,2298.48,17771894.8,85723807.9,434134069
941.3,S,42,11178.43,2300.03,17771894.8,85723808.6,434134073
942.3,S,42,11187.16,2301.41,17771894.8,85723809.0,434134076
943.3,S,42,11195.52,2302.92,17771894.8,85723873.7,434134143
944.3,S,42,11204.41,2304.21,17771894.8,85723873.9,434134146
945.3,S,42,11213.36,2305.53,17771894.8,85723874.2,434134151
946.3,S,46,11222.28,2306.78,17771894.8,85723977.5,434134457
947.3,S,46,11234.59,2308.51,17771894.8,85724041.1,434134515
948.3,S,42,11244.71,2310.05,17771894.8,85724231.9,434134681
949.3,S,42,11253.57,2311.32,17771894.8,85724232.6,434134684
950.3,S,42,11262.33,2312.60,17771894.8,85724232.8,434134686
951.3,S,42,11271.17,2313.85,17771894.8,85724233.3,434134690
952.3,S,42,11279.51,2315.30,17771894.8,85724297.9,434134958
953.3,S,46,11290.34,2316.85,17771894.8,85724400.9,434135070
954.3,S,46,11302.78,2318.60,17771894.8,85724401.1,434135071
955.3,S,42,11312.15,2320.10,17771894.8,85724592.3,434135252
956.3,S,42,11320.95,2321.58,17771894.9,85724657.2,434135314
957.3,S,42,11329.53,2323.00,17771894.9,85724657.5,434135319
958.3,S,42,11338.13,2324.50,17771894.9,85724683.5,434135346
959.3,S,46,11346.28,2325.81,17771894.9,85724786.3,434135455
960.3,S,46,11358.64,2327.45,17771894.9,85724787.0,434135459
961.3,S,46,11370.95,2329.04,17771894.9,85724808.1,434135520
962.3,S,42,11378.76,2330.30,17771894.9,85725043.0,434135850
963.3,S,42,11387.79,2331.61,17771894.9,85725043.2,434135853
964.3,S,42,11396.55,2333.08,17771894.9,85725043.5,434135855
965.3,S,42,11405.23,2334.45,17771894.9,85725044.1,434135865
966.3,S,46,11413.53,2335.80,17771894.9,85725211.6,434136019
967.3,S,46,11426.03,2337.51,17771894.9,85725211.9,434136022
968.3,S,46,11437.94,2339.21,17771894.9,85725355.6,434136149
969.3,S,42,11443.45,2340.32,17771894.9,85725439.8,434136267
970.3,S,42,11448.25,2341.08,17771894.9,85725440.1,434136270
971.3,S,42,11453.04,2341.83,17771894.9,85725440.3,434136272
972.3,S,42,11457.89,2342.58,17771894.9,85725441.0,434136276
973.3,S,42,11462.66,2343.39,17771894.9,85725506.0,434136337
974.3,S,42,11467.48,2344.15,17771894.9,85725506.2,434136340
975.3,S,42,11472.20,2344.93,17771894.9,85725506.5,434136344
976.3,S,42,11476.95,2345.68,17771894.9,85725506.7,434136346
977.3,S,42,11482.16,2346.59,17771894.9,85725566.8,434136407
978.3,S,42,11487.57,2347.46,17771894.9,85725567.4,434136411
979.3,S,42,11493.20,2348.30,17771894.9,85725668.8,434136523
980.3,S,42,11498.58,2349.21,17771894.9,85725670.8,434136537
981.3,S,42,11502.69,2349.92,17771894.9,85725735.6,434136622
982.3,S,42,11506.73,2350.70,17771894.9,85725735.8,434136625
983.3,S,42,11511.02,2351.39,17771894.9,85725736.4,434136630
984.3,S,42,11515.36,2352.02,17771894.9,85725818.0,434136703
985.3,S,42,11519.62,2352.67,17771894.9,85725818.5,434136709
986.3,S,42,11523.79,2353.24,17771894.9,85725883.4,434136774
987.3,S,42,11527.88,2353.99,17771894.9,85725883.7,434136779
988.3,S,42,11532.01,2354.66,17771894.9,85725883.9,434136781
989.3,S,42,11536.08,2355.41,17771894.9,85725884.4,434136785
990.3,S,42,11540.07,2356.17,17771894.9,85726010.8,434136984
991.3,S,42,11544.30,2356.91,17771894.9,85726031.1,434137008
992.3,S,42,11549.01,2357.76,17771894.9,85726031.3,434137009
993.3,S,57,11565.21,2358.67,17771894.9,85726032.1,434137018
994.3,S,57,11583.90,2359.71,17771894.9,85726033.0,434137023
995.3,S,57,11602.70,2360.61,17771894.9,85726033.4,434137026
996.3,S,57,11620.14,2361.46,17771894.9,85726166.3,434137228
997.3,S,57,11638.54,2362.54,17771894.9,85726323.2,434137388
998.3,S,57,11657.08,2363.48,17771894.9,85726386.9,434137447
999.3,S,57,11675.53,2364.47,17771894.9,85726500.1,434137549
1000.3,S,57,11693.90,2365.38,17771894.9,85726730.3,434137797
1001.3,S,57,11712.58,2366.37,17771894.9,85726770.7,434137887
1002.3,S,57,11728.15,2367.14,17771894.9,85727275.9,434138629
1003.3,S,57,11742.29,2368.04,17771894.9,85727840.1,434139359
1004.3,S,57,11759.96,2368.82,17771894.9,85727913.2,434139424
1005.3,S,57,11777.53,2369.56,17771894.9,85727984.3,434139530
1006.3,S,57,11795.00,2370.37,17771894.9,85728197.4,434139738
1007.3,S,57,11812.71,2371.07,17771894.9,85728315.4,434139851
1008.3,S,57,11829.37,2371.90,17771894.9,85728592.4,434140169
1009.3,S,57,11847.09,2372.73,17771894.9,85728671.9,434140237
1010.3,S,57,11864.64,2373.54,17771894.9,85728899.4,434140534
1011.3,S,57,11882.07,2374.29,17771894.9,85729258.7,434140883
1012.3,S,57,11899.47,2375.04,17771894.9,85729440.6,434141213
1013.3,S,57,11915.96,2375.84,17771894.9,85729857.9,434141789
1014.3,S,57,11933.20,2376.58,17771894.9,85730031.3,434141950
1015.3,S,57,11950.42,2377.33,17771894.9,85730278.5,434142191
1016.3,S,57,11966.92,2378.10,17771895.0,85730508.8,434142481
1017.3,S,57,11984.54,2378.89,17771895.0,85730654.2,434142668
1018.3,S,57,12001.63,2379.64,17771895.0,85730934.6,434143035
1019.3,S,57,12019.00,2380.46,17771895.0,85731032.6,434143170
1020.3,S,57,12035.15,2381.25,17771895.0,85731235.8,434143480
1021.3,S,56,12052.02,2382.05,17771895.0,85731466.5,434143688
1022.3,S,56,12068.41,2382.89,17771895.0,85731677.1,434144021
1023.3,S,56,12085.19,2383.67,17771895.0,85731717.7,434144057
1024.3,S,56,12101.44,2384.50,17771895.0,85732070.2,434144377
1025.3,S,54,12117.68,2385.31,17771895.0,85732232.9,434144757
1026.3,S,52,12125.09,2386.02,17771895.0,85732685.8,434145626
1027.6,S,42,12130.38,2386.86,17771895.0,85732975.7,434146166
1028.6,S,42,12137.75,2389.13,17771895.0,85732988.4,434146202
1029.6,S,42,12146.30,2390.55,17771895.0,85732989.1,434146207
1030.6,S,42,12154.96,2392.03,17771895.0,85733024.4,434146238
1031.6,S,42,12163.68,2393.48,17771895.0,85733024.6,434146241
1032.6,S,42,12172.25,2394.80,17771895.0,85733026.5,434146249
1033.6,S,42,12180.70,2396.32,17771895.0,85733091.4,434146309
1034.6,S,42,12189.30,2397.80,17771895.0,85733091.7,434146314
1035.6,S,42,12197.59,2399.22,17771895.0,85733162.6,434146395
1036.6,S,42,12206.24,2400.66,17771895.0,85733162.9,434146400
1037.6,S,42,12214.98,2402.22,17771895.0,85733227.5,434146459
1038.6,S,42,12223.64,2403.60,17771895.0,85733228.2,434146464
1039.6,S,42,12232.41,2404.97,17771895.0,85733228.4,434146467
1040.6,S,42,12241.16,2406.38,17771895.0,85733228.7,434146468
1041.6,S,42,12249.76,2407.87,17771895.0,85733293.3,434146527
1042.6,S,46,12260.44,2409.39,17771895.0,85733358.9,434146599
1043.6,S,46,12272.86,2411.09,17771895.0,85733359.7,434146610
1044.6,S,42,12282.38,2412.59,17771895.0,85733550.4,434146898
1045.6,S,42,12290.80,2414.14,17771895.0,85733617.7,434146963
1046.6,S,42,12299.37,2415.72,17771895.0,85733618.4,434146968
1047.6,S,42,12308.27,2417.20,17771895.0,85733618.6,434146973
1048.6,S,42,12316.91,2418.54,17771895.0,85733618.8,434146976
1049.6,S,46,12328.43,2420.13,17771895.0,85733735.4,434147101
1050.6,S,46,12340.81,2421.84,17771895.0,85733735.7,434147104
1051.6,S,42,12348.66,2423.04,17771895.0,85733926.8,434147404
1052.6,S,42,12357.27,2424.49,17771895.0,85733927.0,434147406
1053.6,S,42,12366.10,2425.88,17771895.0,85733927.2,434147410
1054.6,S,42,12374.80,2427.11,17771895.0,85733992.4,434147469
1055.7,S,42,12383.41,2428.50,17771895.0,85733992.7,434147472
1056.7,S,46,12393.95,2430.04,17771895.0,85734095.3,434147576
1057.7,S,46,12406.10,2431.74,17771895.0,85734149.4,434147666
1058.7,S,42,12416.09,2433.27,17771895.0,85734340.0,434147847
1059.7,S,42,12424.84,2434.72,17771895.0,85734340.4,434147848
1060.7,S,42,12433.60,2436.08,17771895.0,85734341.4,434147850
1061.7,S,42,12442.44,2437.48,17771895.0,85734341.8,434147854
1062.7,S,42,12451.15,2438.87,17771895.0,85734407.5,434147915
1063.7,S,46,12458.82,2439.84,17771895.0,85734509.2,434148325
1064.7,S,46,12471.36,2441.28,17771895.0,85734509.4,434148327
1065.7,S,42,12481.36,2442.71,17771895.0,85734700.6,434148493
1066.7,S,42,12490.08,2444.19,17771895.0,85734765.2,434148550
1067.7,S,42,12498.81,2445.54,17771895.0,85734765.8,434148555
1068.7,S,42,12507.52,2446.90,17771895.0,85734766.0,434148558
1069.7,S,42,12516.08,2448.49,17771895.0,85734822.6,434148612
1070.7,S,42,12522.48,2449.44,17771895.0,85734925.6,434148921
1071.7,S,42,12531.17,2450.93,17771895.0,85734926.1,434148926
1072.7,S,42,12539.67,2452.54,17771895.0,85734926.9,434148930
1073.7,S,42,12548.43,2454.02,17771895.0,85734927.2,434148932
1074.7,S,42,12556.91,2455.40,17771895.0,85734991.9,434148994
1075.7,S,42,12565.54,2456.90,17771895.0,85734992.2,434148999
1076.7,S,42,12574.29,2458.31,17771895.0,85734992.7,434149001
1077.7,S,42,12582.25,2459.59,17771895.0,85735096.1,434149107
1078.7,S,42,12590.95,2460.95,17771895.0,85735160.7,434149168
1079.7,S,42,12599.66,2462.38,17771895.0,85735161.0,434149171
1080.7,S,42,12608.43,2463.82,17771895.0,85735161.2,434149174
1081.7,S,42,12617.10,2465.29,17771895.0,85735161.5,434149178
1082.7,S,42,12625.65,2466.91,17771895.0,85735226.5,434149240
1083.7,S,42,12633.32,2468.16,17771895.0,85735329.6,434149396
1084.7,S,42,12641.99,2469.56,17771895.0,85735357.7,434149425
1085.7,S,42,12650.55,2470.99,17771895.0,85735358.1,434149428
1086.7,S,42,12659.32,2472.40,17771895.0,85735358.3,434149430
1087.7,S,42,12668.13,2473.70,17771895.0,85735358.6,434149433
1088.7,S,42,12676.80,2475.15,17771895.0,85735423.2,434149492
1089.7,S,42,12685.59,2476.49,17771895.0,85735424.1,434149496
1090.7,S,42,12693.55,2477.75,17771895.0,85735526.8,434149606
1091.7,S,42,12702.19,2479.26,17771895.1,85735527.1,434149612
1092.7,S,42,12710.81,2480.75,17771895.1,85735591.7,434149682
1093.7,S,42,12719.41,2482.13,17771895.1,85735591.9,434149684
1094.7,S,42,12728.03,2483.68,17771895.1,85735621.1,434149779
1095.7,S,42,12736.82,2485.03,17771895.1,85735621.4,434149783
1096.7,S,42,12745.45,2486.48,17771895.1,85735686.0,434149842
1097.7,S,46,12754.52,2487.86,17771895.1,85735789.0,434149940
1098.7,S,46,12767.03,2489.42,17771895.1,85735817.2,434149970
1099.7,S,45,12778.06,2491.07,17771895.1,85735990.2,434150266
1100.7,S,42,12786.90,2492.66,17771895.1,85736008.7,434150324
1101.7,S,42,12795.64,2494.14,17771895.1,85736009.0,434150327
1102.7,S,42,12804.27,2495.50,17771895.1,85736073.5,434150424
1103.7,S,42,12812.81,2497.01,17771895.1,85736090.0,434150446
1104.7,S,46,12821.87,2498.42,17771895.1,85736193.6,434150559
1105.7,S,46,12834.21,2500.14,17771895.1,85736193.9,434150565
1106.7,S,42,12845.60,2501.67,17771895.1,85736385.1,434150742
1107.7,S,42,12854.38,2503.03,17771895.1,85736385.4,434150748
1108.7,S,42,12862.95,2504.38,17771895.1,85736449.9,434150806
1109.7,S,42,12871.57,2505.80,17771895.1,85736450.2,434150811
1110.7,S,42,12880.54,2507.25,17771895.1,85736451.1,434150813
1111.7,S,46,12889.92,2508.71,17771895.1,85736553.9,434150912
1112.7,S,46,12902.25,2510.48,17771895.1,85736618.5,434150975
1113.7,S,45,12912.45,2511.90,17771895.1,85736809.1,434151407
1114.7,S,42,12921.04,2513.31,17771895.1,85736809.5,434151415
1115.7,S,42,12929.38,2514.82,17771895.1,85736849.9,434151457
1116.7,S,42,12938.20,2516.22,17771895.1,85736850.2,434151460
1117.7,S,42,12946.96,2517.73,17771895.1,85736850.4,434151463
1118.7,S,46,12956.83,2519.23,17771895.1,85736953.4,434151566
1119.7,S,46,12969.15,2520.95,17771895.1,85737018.1,434151625
1120.7,S,42,12979.46,2522.73,17771895.1,85737208.7,434151808
1121.7,S,42,12988.00,2524.17,17771895.1,85737236.7,434151856
1122.7,S,42,12996.75,2525.52,17771895.1,85737236.9,434151859
1123.7,S,42,13005.40,2526.99,17771895.1,85737301.6,434151926
1124.7,S,42,13013.96,2528.49,17771895.1,85737301.8,434151929
1125.7,S,42,13021.65,2529.91,17771895.1,85737405.0,434152042
1126.7,S,42,13030.03,2531.43,17771895.1,85737444.7,434152204
1127.7,S,42,13038.73,2532.91,17771895.1,85737445.4,434152210
1128.7,S,42,13047.41,2534.48,17771895.1,85737445.6,434152213
1129.7,S,42,13056.06,2536.06,17771895.1,85737446.6,434152225
1130.7,S,42,13064.52,2537.31,17771895.1,85737511.1,434152376
1131.7,S,42,13073.11,2538.75,17771895.1,85737511.5,434152379
1132.7,S,42,13081.05,2540.04,17771895.1,85737614.4,434152476
1133.7,S,42,13089.89,2541.42,17771895.1,85737614.6,434152478
1134.7,S,42,13098.58,2542.69,17771895.1,85737679.4,434152536
1135.7,S,42,13107.31,2544.10,17771895.1,85737679.7,434152538
1136.7,S,42,13116.24,2545.48,17771895.1,85737679.8,434152540
1137.7,S,42,13124.92,2546.88,17771895.1,85737719.0,434152578
1138.7,S,42,13133.03,2548.09,17771895.1,85737821.6,434152669
1139.7,S,42,13141.73,2549.46,17771895.1,85737821.9,434152671
1140.7,S,42,13150.49,2550.81,17771895.1,85737822.3,434152671
1141.7,S,42,13159.04,2552.34,17771895.1,85737886.9,434152833
1142.7,S,42,13167.55,2553.98,17771895.1,85737887.0,434152834
1143.7,S,42,13175.92,2555.50,17771895.1,85737887.6,434152839
1144.7,S,42,13184.54,2556.88,17771895.1,85737888.3,434152844
1145.7,S,42,13191.97,2558.01,17771895.1,85738055.8,434153003
1146.7,S,42,13200.41,2559.57,17771895.1,85738056.0,434153006
1147.7,S,42,13209.10,2561.07,17771895.1,85738090.4,434153044
1148.7,S,42,13217.92,2562.46,17771895.1,85738091.1,434153046
1149.7,S,42,13226.71,2563.84,17771895.1,85738091.3,434153049
1150.7,S,42,13235.38,2565.33,17771895.1,85738091.8,434153051
1151.7,S,42,13244.17,2566.70,17771895.1,85738092.0,434153055
1152.7,S,46,13250.61,2567.71,17771895.1,85738259.4,434153482
1153.7,S,46,13263.01,2569.30,17771895.1,85738259.6,434153486
1154.7,S,45,13274.30,2570.87,17771895.1,85738437.3,434153664
1155.7,S,42,13283.14,2572.32,17771895.1,85738451.1,434153686
1156.7,S,42,13291.92,2573.82,17771895.1,85738516.0,434153750
1157.7,S,42,13300.49,2575.16,17771895.1,85738516.3,434153752
1158.7,S,42,13308.96,2576.68,17771895.1,85738544.4,434153809
1159.7,S,46,13317.74,2578.07,17771895.1,85738647.3,434153903
1160.7,S,46,13330.33,2579.75,17771895.1,85738647.5,434153905
1161.7,S,42,13341.73,2581.37,17771895.1,85738838.4,434154068
1162.7,S,42,13350.52,2582.81,17771895.1,85738903.0,434154126
1163.7,S,42,13359.30,2584.14,17771895.1,85738903.2,434154132
1164.7,S,42,13367.98,2585.54,17771895.1,85738903.4,434154135
1165.7,S,42,13376.92,2586.95,17771895.1,85738903.9,434154140
1166.7,S,46,13385.69,2588.37,17771895.1,85739006.9,434154324
1167.7,S,46,13397.92,2590.08,17771895.1,85739071.9,434154395
1168.7,S,42,13408.93,2591.65,17771895.1,85739262.5,434154582
1169.7,S,42,13417.61,2592.99,17771895.1,85739262.6,434154585
1170.7,S,42,13426.25,2594.33,17771895.1,85739263.3,434154591
1171.7,S,42,13434.69,2595.80,17771895.1,85739327.9,434154698
1172.7,S,42,13443.21,2597.44,17771895.1,85739337.0,434154718
1173.7,S,46,13452.06,2598.78,17771895.1,85739439.8,434154904
1174.7,S,46,13464.64,2600.34,17771895.1,85739440.1,434154911
1175.7,S,42,13475.23,2601.82,17771895.1,85739631.4,434155248
1176.7,S,42,13483.94,2603.37,17771895.1,85739696.0,434155302
1177.8,S,42,13492.58,2604.89,17771895.1,85739696.1,434155305
1178.8,S,42,13501.22,2606.28,17771895.1,85739696.9,434155308
1179.8,S,42,13510.01,2607.67,17771895.1,85739697.3,434155312
1180.8,S,42,13517.60,2608.94,17771895.1,85739864.5,434155464
1181.8,S,42,13526.33,2610.37,17771895.1,85739865.1,434155466
1182.8,S,42,13535.15,2611.88,17771895.1,85739865.4,434155468
1183.8,S,42,13543.91,2613.35,17771895.1,85739865.6,434155470
1184.8,S,42,13552.53,2614.72,17771895.1,85739930.5,434155528
1185.8,S,42,13561.17,2616.13,17771895.1,85739930.8,434155530
1186.8,S,42,13569.79,2617.62,17771895.1,85739958.5,434155562
1187.8,S,42,13577.31,2618.75,17771895.1,85740061.3,434155721
1188.8,S,42,13585.89,2620.21,17771895.1,85740061.6,434155726
1189.8,S,42,13594.74,2621.67,17771895.1,85740062.2,434155733
1190.8,S,42,13603.55,2623.05,17771895.1,85740126.9,434155795
1191.8,S,42,13612.22,2624.47,17771895.1,85740127.1,434155796
1192.8,S,42,13620.80,2625.96,17771895.1,85740163.1,434155835
1193.8,S,42,13628.97,2627.30,17771895.1,85740182.6,434155925
1194.8,S,42,13636.16,2628.41,17771895.1,85740266.4,434156115
1195.8,S,42,13644.95,2629.83,17771895.1,85740266.8,434156117
1196.8,S,42,13653.53,2631.26,17771895.1,85740331.5,434156179
1197.8,S,42,13662.16,2632.55,17771895.1,85740332.1,434156183
1198.8,S,42,13670.89,2633.98,17771895.1,85740332.4,434156187
1199.8,S,42,13679.43,2635.50,17771895.1,85740332.6,434156190
1200.8,S,42,13687.75,2636.95,17771895.1,85740381.0,434156242
1201.8,S,42,13695.34,2638.35,17771895.1,85740500.2,434156358
1202.8,S,42,13704.03,2639.82,17771895.1,85740500.5,434156366
1203.8,S,42,13712.77,2641.17,17771895.1,85740501.0,434156368
1204.8,S,42,13721.41,2642.52,17771895.1,85740528.8,434156408
1205.8,S,42,13730.21,2643.97,17771895.1,85740593.9,434156470
1206.8,S,42,13738.94,2645.28,17771895.1,85740594.5,434156477
1207.8,S,42,13747.05,2646.59,17771895.1,85740623.6,434156544
1208.8,S,46,13757.82,2648.12,17771895.1,85740697.7,434156686
1209.8,S,46,13770.10,2649.81,17771895.1,85740758.8,434156845
1210.8,S,42,13779.48,2651.38,17771895.1,85740949.6,434157009
1211.8,S,42,13788.13,2652.83,17771895.1,85740950.2,434157010
1212.8,S,42,13796.93,2654.19,17771895.1,85740950.4,434157014
1213.8,S,42,13805.48,2655.61,17771895.1,85741015.0,434157071
1214.8,S,42,13814.10,2657.07,17771895.1,85741017.3,434157077
1215.8,S,46,13821.79,2658.10,17771895.1,85741118.3,434157481
1216.8,S,46,13834.30,2659.60,17771895.1,85741118.6,434157486
1217.8,S,42,13844.02,2661.13,17771895.1,85741369.1,434157754
1218.8,S,42,13852.69,2662.49,17771895.1,85741369.5,434157755
1219.8,S,42,13861.35,2663.92,17771895.1,85741369.9,434157758
1220.8,S,42,13870.20,2665.32,17771895.1,85741370.1,434157761
1221.8,S,42,13879.02,2666.70,17771895.1,85741434.7,434157820
1222.8,S,46,13889.69,2668.32,17771895.1,85741537.3,434157921
1223.8,S,46,13902.09,2670.01,17771895.1,85741537.7,434157922
1224.8,S,42,13912.11,2671.58,17771895.1,85741728.2,434158100
1225.8,S,42,13920.49,2673.19,17771895.1,85741788.9,434158158
1226.8,S,42,13929.16,2674.69,17771895.1,85741789.1,434158162
1227.8,S,42,13937.96,2676.10,17771895.1,85741789.5,434158170
1228.8,S,46,13945.32,2677.34,17771895.1,85741893.0,434158393
1229.8,S,46,13957.57,2679.04,17771895.1,85741957.6,434158449
1230.8,S,46,13969.46,2680.74,17771895.1,85742062.7,434158539
1231.8,S,42,13974.55,2681.52,17771895.1,85742149.6,434158619
1232.8,S,42,13979.06,2682.26,17771895.1,85742149.8,434158623
1233.8,S,42,13983.59,2683.09,17771895.1,85742212.6,434158839
1234.8,S,42,13988.71,2683.94,17771895.1,85742213.3,434158845
1235.8,S,42,13993.99,2684.79,17771895.1,85742213.4,434158847
1236.8,S,42,13999.15,2685.63,17771895.1,85742213.9,434158853
1237.8,S,42,14004.22,2686.56,17771895.1,85742214.3,434158858
1238.8,S,42,14009.18,2687.44,17771895.1,85742279.0,434158919
1239.8,S,42,14014.33,2688.30,17771895.1,85742279.5,434158920
1240.8,S,42,14019.48,2689.19,17771895.1,85742378.2,434159006
1241.8,S,42,14024.51,2689.99,17771895.1,85742378.7,434159010
1242.8,S,42,14029.86,2690.97,17771895.1,85742443.2,434159100
1243.8,S,42,14034.36,2691.74,17771895.1,85742443.4,434159104
1244.8,S,42,14038.80,2692.56,17771895.1,85742443.7,434159107
1245.8,S,42,14043.23,2693.29,17771895.1,85742524.5,434159200
1246.8,S,42,14047.59,2694.04,17771895.1,85742589.3,434159262
1247.8,S,42,14052.04,2694.74,17771895.1,85742589.7,434159265
1248.8,S,42,14056.45,2695.48,17771895.1,85742590.0,434159270
1249.8,S,42,14061.25,2696.32,17771895.1,85742633.5,434159312
1250.8,S,42,14066.41,2697.14,17771895.1,85742634.0,434159317
1251.8,S,42,14071.47,2697.96,17771895.1,85742634.2,434159318
1252.8,S,42,14076.63,2698.79,17771895.1,85742634.7,434159321
1253.8,S,42,14081.64,2699.67,17771895.1,85742699.3,434159380
1254.8,S,42,14086.84,2700.49,17771895.1,85742699.7,434159385
1255.8,S,42,14091.89,2701.37,17771895.1,85742768.0,434159449
1256.8,S,42,14096.91,2702.27,17771895.1,85742768.4,434159457
1257.8,S,42,14102.18,2703.14,17771895.1,85742829.0,434159515
1258.8,S,42,14108.14,2704.13,17771895.1,85742829.2,434159517
1259.8,S,42,14114.11,2705.21,17771895.1,85742829.5,434159519
1260.8,S,42,14119.53,2706.04,17771895.1,85742900.9,434159663
1261.8,S,42,14123.96,2706.82,17771895.1,85742969.2,434159781
1262.8,S,42,14128.40,2707.55,17771895.1,85742969.5,434159787
1263.8,S,42,14132.83,2708.28,17771895.1,85742970.0,434159790
1264.8,S,42,14137.27,2708.97,17771895.1,85742970.3,434159796
1265.8,S,42,14141.83,2709.72,17771895.1,85743030.4,434159857
1266.8,S,42,14146.86,2710.64,17771895.1,85743030.8,434159861
1267.8,S,42,14152.05,2711.50,17771895.1,85743031.4,434159867
1268.8,S,42,14157.19,2712.26,17771895.1,85743031.7,434159870
1269.8,S,42,14162.18,2713.13,17771895.1,85743096.7,434159927
1270.8,S,42,14167.32,2714.00,17771895.1,85743097.1,434159933
1271.8,S,42,14172.42,2714.80,17771895.1,85743097.4,434159936
1272.8,S,42,14177.54,2715.57,17771895.1,85743097.7,434159938
1273.8,S,42,14182.74,2716.48,17771895.1,85743157.8,434159991
1274.8,S,42,14188.72,2717.47,17771895.1,85743158.3,434159995
1275.8,S,42,14195.07,2718.55,17771895.1,85743158.5,434159998
1276.8,S,42,14201.07,2719.55,17771895.1,85743207.3,434160042
1277.8,S,42,14206.58,2720.43,17771895.1,85743241.8,434160087
1278.8,S,42,14210.89,2721.22,17771895.1,85743306.8,434160215
1279.8,S,42,14215.27,2721.93,17771895.1,85743307.2,434160220
1280.8,S,42,14219.66,2722.69,17771895.1,85743307.5,434160223
1281.8,S,42,14224.15,2723.31,17771895.1,85743307.8,434160228
1282.8,S,42,14228.81,2724.08,17771895.1,85743368.0,434160284
1283.8,S,42,14233.79,2724.88,17771895.1,85743368.4,434160288
1284.8,S,42,14238.91,2725.66,17771895.1,85743368.7,434160289
1285.8,S,42,14243.95,2726.51,17771895.1,85743369.1,434160292
1286.8,S,42,14249.15,2727.48,17771895.1,85743369.5,434160293
1287.8,S,42,14254.15,2728.40,17771895.1,85743434.3,434160363
1288.8,S,42,14259.31,2729.18,17771895.1,85743434.8,434160371
1289.8,S,42,14264.37,2730.03,17771895.1,85743435.1,434160375
1290.8,S,42,14269.56,2730.75,17771895.1,85743435.4,434160378
1291.8,S,42,14275.18,2731.67,17771895.1,85743586.4,434160564
1292.8,S,42,14281.04,2732.61,17771895.1,85743586.7,434160566
1293.8,S,42,14287.00,2733.51,17771895.1,85743587.0,434160571
1294.8,S,42,14292.63,2734.47,17771895.1,85743593.4,434160591
1295.8,S,42,14297.03,2735.15,17771895.1,85743658.1,434160653
1296.9,S,42,14301.43,2735.90,17771895.1,85743658.9,434160656
1297.9,S,42,14305.86,2736.65,17771895.1,85743659.1,434160658
1298.9,S,42,14310.25,2737.34,17771895.1,85743659.3,434160660
1299.9,S,42,14315.08,2738.11,17771895.1,85743719.5,434160716
1300.9,S,42,14320.00,2738.94,17771895.1,85743719.7,434160717
1301.9,S,42,14325.04,2739.80,17771895.1,85743720.0,434160721
1302.9,S,42,14330.00,2740.64,17771895.1,85743720.7,434160725
1303.9,S,42,14335.18,2741.46,17771895.1,85743785.4,434160786
1304.9,S,42,14340.31,2742.28,17771895.1,85743785.6,434160789
1305.9,S,42,14345.34,2743.06,17771895.1,85743785.9,434160793
1306.9,S,42,14350.45,2743.92,17771895.1,85743831.3,434160838
1307.9,S,42,14355.68,2744.80,17771895.1,85743891.7,434160904
1308.9,S,42,14361.56,2745.75,17771895.1,85743892.1,434160907
1309.9,S,57,14379.04,2746.88,17771895.1,85743892.9,434160913
1310.9,S,57,14398.78,2748.01,17771895.1,85743893.1,434160916
1311.9,S,61,14418.45,2748.99,17771895.1,85743902.5,434160940
1312.9,S,61,14440.57,2749.68,17771895.1,85743954.2,434160990
1313.9,S,61,14461.10,2750.41,17771895.1,85744183.7,434161446
1314.9,S,58,14480.41,2751.25,17771895.1,85744504.6,434161833
1315.9,S,57,14497.59,2752.26,17771895.1,85744970.7,434162229
1316.9,S,57,14515.84,2753.13,17771895.1,85745060.7,434162309
1317.9,S,57,14532.48,2754.02,17771895.1,85745222.7,434162631
1318.9,S,57,14549.88,2754.95,17771895.1,85745535.4,434163042
1319.9,S,57,14568.13,2755.82,17771895.1,85745737.5,434163230
1320.9,S,57,14586.22,2756.67,17771895.1,85745987.2,434163491
1321.9,S,57,14604.41,2757.57,17771895.1,85746178.2,434163658
1322.9,S,57,14622.43,2758.55,17771895.1,85746477.0,434163987
1323.9,S,57,14640.72,2759.53,17771895.1,85746663.9,434164181
1324.9,S,57,14657.06,2760.37,17771895.1,85746797.3,434164536
1325.9,S,57,14675.32,2761.28,17771895.2,85746968.9,434164695
1326.9,S,57,14693.35,2762.16,17771895.2,85747080.6,434165047
1327.9,S,57,14711.56,2763.09,17771895.2,85747322.2,434165256
1328.9,S,57,14729.37,2764.03,17771895.2,85747520.4,434165687
1329.9,S,57,14747.20,2765.08,17771895.2,85747849.3,434166001
1330.9,S,57,14765.43,2766.01,17771895.2,85748049.5,434166184
1331.9,S,57,14783.11,2767.02,17771895.2,85748226.3,434166584
1332.9,S,61,14802.90,2767.76,17771895.2,85748456.3,434166794
1333.9,S,61,14823.76,2768.32,17771895.2,85748590.8,434167227
1334.9,S,58,14843.52,2769.04,17771895.2,85748941.9,434167613
1335.9,S,57,14860.28,2769.61,17771895.3,85749295.5,434167979
1336.9,S,57,14875.42,2769.90,17771895.3,85749649.3,434168331
1337.9,S,56,14890.76,2770.18,17771895.3,85749822.9,434168627
1338.9,S,56,14905.19,2770.45,17771895.3,85749980.7,434168799
1339.9,S,56,14919.66,2770.72,17771895.3,85750235.6,434169102
1340.9,S,56,14931.07,2770.97,17771895.3,85750431.0,434169548
1341.9,S,55,14945.57,2771.26,17771895.3,85750689.2,434169790
1342.9,S,44,14952.37,2771.52,17771895.3,85751215.4,434170488
1343.9,S,42,14953.38,2771.86,17771895.3,85751293.1,434170559
1344.9,S,42,14955.51,2772.90,17771895.3,85751296.4,434170573
1345.9,S,42,14964.17,2774.41,17771895.3,85751296.5,434170573
1346.9,S,42,14972.84,2775.84,17771895.3,85751297.0,434170574
1347.9,S,42,14981.39,2777.24,17771895.3,85751297.3,434170578
1348.9,S,42,14989.99,2778.79,17771895.3,85751362.0,434170637
1349.9,S,42,14998.77,2780.14,17771895.3,85751363.1,434170644
1350.9,S,46,15007.38,2781.52,17771895.3,85751386.5,434170703
1351.9,S,46,15019.77,2783.18,17771895.3,85751386.7,434170705
1352.9,S,46,15031.93,2784.95,17771895.3,85751450.4,434170802
1353.9,S,42,15038.70,2786.07,17771895.3,85751670.6,434171172
1354.9,S,42,15047.40,2787.53,17771895.3,85751670.9,434171176
1355.9,S,42,15056.08,2788.93,17771895.3,85751671.4,434171179
1356.9,S,42,15064.72,2790.51,17771895.3,85751719.7,434171243
1357.9,S,46,15072.80,2791.99,17771895.3,85751777.9,434171314
1358.9,S,46,15085.20,2793.69,17771895.3,85751778.2,434171319
1359.9,S,46,15097.63,2795.36,17771895.3,85751797.5,434171338
1360.9,S,42,15106.26,2796.83,17771895.3,85752010.5,434171578
1361.9,S,42,15114.86,2798.24,17771895.3,85752034.5,434171606
1362.9,S,42,15123.58,2799.67,17771895.3,85752035.2,434171609
1363.9,S,42,15132.41,2800.93,17771895.3,85752106.6,434171693
1364.9,S,42,15140.52,2802.19,17771895.3,85752181.0,434171767
1365.9,S,42,15149.11,2803.64,17771895.3,85752245.6,434171824
1366.9,S,42,15157.75,2805.08,17771895.3,85752259.3,434171841
1367.9,S,42,15166.36,2806.44,17771895.3,85752260.0,434171845
1368.9,S,42,15175.05,2807.88,17771895.3,85752260.4,434171849
1369.9,S,42,15183.92,2809.25,17771895.3,85752260.6,434171851
1370.9,S,42,15192.66,2810.63,17771895.3,85752325.3,434171918
1371.9,S,42,15201.24,2812.01,17771895.3,85752357.1,434171957
1372.9,S,42,15209.80,2813.37,17771895.3,85752357.4,434171961
1373.9,S,42,15218.38,2814.76,17771895.3,85752358.0,434171962
1374.9,S,42,15227.20,2816.13,17771895.3,85752422.7,434172020
1375.9,S,42,15235.92,2817.42,17771895.3,85752422.9,434172023
1376.9,S,42,15244.61,2818.82,17771895.3,85752423.2,434172027
1377.9,S,42,15253.38,2820.17,17771895.3,85752423.4,434172029
1378.9,S,42,15260.69,2821.33,17771895.3,85752590.7,434172258
1379.9,S,42,15269.34,2822.67,17771895.3,85752598.8,434172271
1380.9,S,42,15278.15,2824.09,17771895.3,85752599.1,434172271
1381.9,S,42,15286.88,2825.58,17771895.3,85752599.3,434172274
1382.9,S,42,15295.60,2826.86,17771895.3,85752599.6,434172277
1383.9,S,42,15304.29,2828.24,17771895.3,85752664.6,434172346
1384.9,S,42,15312.94,2829.73,17771895.3,85752665.1,434172352
1385.9,S,42,15320.70,2831.16,17771895.3,85752767.8,434172468
1386.9,S,42,15329.46,2832.61,17771895.3,85752768.1,434172470
1387.9,S,42,15338.14,2834.07,17771895.3,85752832.8,434172548
1388.9,S,42,15346.91,2835.49,17771895.3,85752845.1,434172569
1389.9,S,42,15355.62,2836.95,17771895.3,85752846.3,434172573
1390.9,S,42,15364.40,2838.37,17771895.3,85752846.6,434172576
1391.9,S,42,15371.89,2839.56,17771895.3,85752913.8,434172732
1392.9,S,46,15383.73,2841.24,17771895.3,85753014.0,434172890
1393.9,S,46,15396.20,2842.85,17771895.3,85753014.2,434172893
1394.9,S,42,15405.22,2844.15,17771895.3,85753204.9,434173177
1395.9,S,42,15413.90,2845.57,17771895.3,85753205.5,434173180
1396.9,S,42,15422.46,2847.20,17771895.3,85753267.2,434173238
1397.9,S,42,15431.07,2848.67,17771895.3,85753267.5,434173241
1398.9,S,46,15439.85,2850.14,17771895.3,85753370.5,434173346
1399.9,S,46,15452.27,2851.76,17771895.3,85753370.7,434173348
1400.9,S,42,15463.31,2853.41,17771895.3,85753561.9,434173521
1401.9,S,42,15472.13,2854.78,17771895.3,85753627.1,434173593
1402.9,S,42,15480.85,2856.20,17771895.3,85753627.3,434173599
1403.9,S,42,15489.72,2857.60,17771895.3,85753627.5,434173601
1404.9,S,42,15498.41,2859.04,17771895.3,85753672.2,434173675
1405.9,S,46,15506.66,2860.39,17771895.3,85753786.1,434174060
1406.9,S,46,15519.20,2861.97,17771895.3,85753786.4,434174063
1407.9,S,42,15530.31,2863.51,17771895.3,85753977.8,434174241
1408.9,S,42,15539.05,2864.93,17771895.3,85753978.0,434174245
1409.9,S,42,15547.47,2866.33,17771895.3,85754042.9,434174314
1410.9,S,42,15556.29,2867.84,17771895.3,85754043.2,434174318
1411.9,S,42,15565.03,2869.38,17771895.3,85754043.4,434174320
1412.9,S,46,15575.56,2870.88,17771895.3,85754146.4,434174432
1413.9,S,46,15587.81,2872.59,17771895.3,85754202.4,434174537
1414.9,S,42,15597.68,2874.22,17771895.3,85754392.8,434174721
1415.9,S,42,15606.23,2875.62,17771895.3,85754393.1,434174725
1416.9,S,42,15614.97,2876.93,17771895.3,85754393.4,434174728
1417.9,S,42,15623.68,2878.28,17771895.3,85754458.5,434174788
1418.9,S,42,15632.31,2879.66,17771895.3,85754486.9,434174818
1419.9,S,42,15640.45,2880.89,17771895.3,85754562.5,434174886
1420.9,S,42,15649.38,2882.26,17771895.3,85754562.8,434174891
1421.9,S,42,15657.89,2883.70,17771895.3,85754627.3,434174955
1422.9,S,42,15666.77,2885.19,17771895.3,85754640.9,434174975
1424.0,S,42,15675.59,2886.49,17771895.3,85754641.6,434174979
1425.0,S,42,15684.39,2887.68,17771895.3,85754642.4,434174982
1426.0,S,42,15691.98,2888.95,17771895.3,85754745.0,434175113
1427.0,S,42,15700.76,2890.29,17771895.3,85754809.7,434175172
1428.0,S,42,15709.52,2891.75,17771895.3,85754809.9,434175175
1429.0,S,42,15718.39,2893.16,17771895.3,85754810.1,434175178
1430.0,S,42,15727.23,2894.53,17771895.3,85754810.7,434175181
1431.0,S,42,15735.88,2895.96,17771895.3,85754875.4,434175242
1432.0,S,42,15744.51,2897.15,17771895.3,85754875.6,434175245
1433.0,S,42,15752.28,2898.52,17771895.3,85754978.7,434175350
1434.0,S,42,15760.99,2899.81,17771895.3,85754978.8,434175351
1435.0,S,42,15769.77,2901.13,17771895.3,85755022.5,434175426
1436.0,S,42,15778.21,2902.57,17771895.3,85755044.2,434175542
1437.0,S,42,15786.83,2903.97,17771895.3,85755062.8,434175564
1438.0,S,42,15795.52,2905.37,17771895.3,85755063.0,434175567
1439.0,S,42,15804.26,2906.69,17771895.3,85755063.2,434175571
1440.0,S,42,15811.07,2907.75,17771895.3,85755165.9,434175801
1441.0,S,42,15819.60,2909.24,17771895.3,85755230.6,434175867
1442.0,S,42,15828.24,2910.72,17771895.3,85755231.4,434175872
1443.0,S,42,15836.82,2912.22,17771895.3,85755231.7,434175877
1444.0,S,42,15845.74,2913.74,17771895.3,85755231.9,434175879
1445.0,S,42,15854.10,2915.24,17771895.3,85755295.2,434175942
1446.0,S,42,15862.71,2916.74,17771895.3,85755295.6,434175946
1447.0,S,46,15872.15,2918.13,17771895.3,85755398.7,434176047
1448.0,S,46,15884.46,2919.89,17771895.3,85755398.9,434176049
1449.0,S,43,15895.56,2921.55,17771895.3,85755654.3,434176340
1450.0,S,42,15904.20,2922.99,17771895.3,85755654.6,434176342
1451.0,S,42,15912.91,2924.44,17771895.3,85755654.9,434176347
1452.0,S,42,15921.71,2925.94,17771895.3,85755655.0,434176350
1453.0,S,42,15930.38,2927.28,17771895.3,85755656.2,434176355
1454.0,S,46,15939.31,2928.55,17771895.3,85755823.4,434176604
1455.0,S,46,15951.70,2930.26,17771895.3,85755823.7,434176609
1456.0,S,42,15961.99,2931.75,17771895.3,85756014.3,434176780
1457.0,S,42,15970.82,2933.12,17771895.3,85756014.6,434176782
1458.0,S,42,15979.65,2934.49,17771895.3,85756079.4,434176840
1459.0,S,42,15988.47,2936.04,17771895.3,85756080.0,434176842
1460.0,S,42,15997.44,2937.36,17771895.3,85756080.2,434176845
1461.0,S,46,16008.19,2938.74,17771895.3,85756183.0,434176977
1462.0,S,46,16020.55,2940.53,17771895.3,85756247.6,434177034
1463.0,S,42,16030.20,2942.15,17771895.4,85756457.6,434177224
1464.0,S,42,16038.76,2943.66,17771895.4,85756458.7,434177235
1465.0,S,42,16047.64,2945.08,17771895.4,85756458.9,434177240
1466.0,S,42,16056.47,2946.34,17771895.4,85756459.1,434177243
1467.0,S,46,16063.05,2947.27,17771895.4,85756562.1,434177542
1468.0,S,46,16075.55,2949.05,17771895.4,85756626.7,434177604
1469.0,S,46,16087.78,2950.89,17771895.4,85756689.3,434177658
1470.0,S,42,16096.48,2952.38,17771895.4,85756818.3,434177774
1471.0,S,42,16105.20,2953.74,17771895.4,85756818.7,434177779
1472.0,S,42,16113.81,2955.11,17771895.4,85756883.3,434177835
1473.0,S,42,16122.62,2956.43,17771895.4,85756883.5,434177838
1474.0,S,42,16128.57,2957.32,17771895.4,85756979.5,434178203
1475.0,S,42,16136.17,2958.64,17771895.4,85756987.2,434178342
1476.0,S,42,16144.69,2960.10,17771895.4,85757051.9,434178416
1477.0,S,42,16153.44,2961.48,17771895.4,85757052.1,434178419
1478.0,S,42,16162.22,2962.80,17771895.4,85757052.4,434178422
1479.0,S,42,16170.80,2964.30,17771895.4,85757102.1,434178475
1480.0,S,42,16179.42,2965.76,17771895.4,85757103.0,434178481
1481.0,S,42,16187.22,2967.03,17771895.4,85757206.4,434178602
1482.0,S,42,16195.99,2968.43,17771895.4,85757206.7,434178607
1483.0,S,42,16204.66,2969.93,17771895.4,85757271.3,434178676
1484.0,S,42,16213.58,2971.31,17771895.4,85757271.6,434178678
1485.0,S,42,16222.53,2972.59,17771895.4,85757271.8,434178680
1486.0,S,42,16231.42,2973.90,17771895.4,85757272.6,434178685
1487.0,S,42,16240.12,2975.29,17771895.4,85757272.8,434178689
1488.0,S,42,16246.83,2976.45,17771895.4,85757440.0,434179138
1489.0,S,42,16255.52,2977.74,17771895.4,85757440.1,434179141
1490.0,S,42,16264.17,2979.14,17771895.4,85757440.4,434179144
1491.0,S,42,16272.89,2980.57,17771895.4,85757440.6,434179145
1492.0,S,42,16281.38,2982.02,17771895.4,85757505.7,434179231
1493.0,S,42,16290.07,2983.36,17771895.4,85757506.0,434179235
1494.0,S,42,16298.54,2984.85,17771895.4,85757541.9,434179271
1495.0,S,42,16306.46,2986.14,17771895.4,85757644.7,434179366
1496.0,S,42,16315.23,2987.55,17771895.4,85757645.0,434179369
1497.0,S,42,16323.87,2989.11,17771895.4,85757645.5,434179371
1498.0,S,42,16332.55,2990.54,17771895.4,85757710.4,434179427
1499.0,S,42,16341.40,2992.03,17771895.4,85757710.6,434179428
1500.0,S,42,16350.09,2993.54,17771895.4,85757710.9,434179431
1501.0,S,42,16358.88,2994.88,17771895.4,85757711.1,434179432
1502.0,S,46,16369.25,2996.29,17771895.4,85757858.8,434179617
1503.0,S,46,16381.71,2997.89,17771895.4,85757879.2,434179688
1504.0,S,42,16392.09,2999.37,17771895.4,85758069.9,434179870
1505.0,S,42,16400.87,3000.72,17771895.4,85758070.5,434179876
1506.0,S,42,16409.47,3002.17,17771895.4,85758070.8,434179876
1507.0,S,42,16418.16,3003.65,17771895.4,85758135.6,434179947
1508.0,S,42,16426.55,3005.19,17771895.4,85758156.7,434179974
1509.0,S,46,16437.14,3006.72,17771895.4,85758260.3,434180086
1510.0,S,46,16449.66,3008.45,17771895.4,85758260.6,434180091
1511.0,S,42,16459.50,3010.07,17771895.4,85758451.6,434180273
1512.0,S,42,16468.27,3011.38,17771895.4,85758483.6,434180303
1513.0,S,42,16476.67,3012.79,17771895.4,85758516.9,434180680
1514.0,S,42,16485.36,3014.23,17771895.4,85758517.4,434180681
1515.0,S,42,16493.54,3015.55,17771895.4,85758564.5,434180764
1516.0,S,46,16504.60,3017.07,17771895.4,85758620.3,434180878
1517.0,S,46,16516.79,3018.84,17771895.4,85758684.9,434180999
1518.0,S,42,16525.79,3020.34,17771895.4,85758875.5,434181217
1519.0,S,42,16534.21,3021.83,17771895.4,85758905.2,434181260
1520.0,S,42,16542.80,3023.44,17771895.4,85758906.2,434181266
1521.0,S,42,16551.46,3024.83,17771895.4,85758906.3,434181268
1522.0,S,42,16559.39,3026.21,17771895.4,85758962.0,434181363
1523.0,S,46,16571.21,3027.77,17771895.4,85759074.1,434181473
1524.0,S,46,16583.68,3029.40,17771895.4,85759074.5,434181478
1525.0,S,42,16589.34,3030.27,17771895.4,85759265.5,434181681
1526.0,S,42,16593.39,3030.88,17771895.4,85759266.0,434181685
1527.0,S,42,16597.51,3031.58,17771895.4,85759266.1,434181690
1528.0,S,42,16601.32,3032.30,17771895.4,85759266.4,434181693
1529.0,S,42,16605.15,3032.97,17771895.4,85759331.0,434181750
1530.0,S,42,16609.04,3033.63,17771895.4,85759331.6,434181756
1531.0,S,42,16612.89,3034.29,17771895.4,85759332.0,434181760
1532.0,S,42,16616.78,3034.96,17771895.4,85759332.5,434181765
1533.0,S,42,16620.85,3035.67,17771895.4,85759497.5,434181919
1534.0,S,42,16625.35,3036.37,17771895.4,85759497.9,434181924
1535.0,S,42,16629.79,3037.15,17771895.4,85759498.4,434181927
1536.0,S,42,16634.26,3037.93,17771895.4,85759498.6,434181934
1537.0,S,42,16638.68,3038.74,17771895.4,85759563.5,434181994
1538.0,S,42,16643.23,3039.46,17771895.4,85759563.8,434181997
1539.0,S,42,16647.68,3040.15,17771895.4,85759564.0,434181999
1540.1,S,42,16652.17,3040.93,17771895.4,85759564.2,434182003
1541.1,S,42,16656.26,3041.71,17771895.4,85759617.9,434182109
1542.1,S,42,16660.13,3042.28,17771895.4,85759618.2,434182113
1543.1,S,42,16664.06,3042.92,17771895.4,85759697.4,434182184
1544.1,S,42,16667.95,3043.53,17771895.4,85759697.7,434182185
1545.1,S,42,16671.86,3044.11,17771895.4,85759762.3,434182243
1546.1,S,42,16675.81,3044.69,17771895.4,85759762.9,434182255
1547.1,S,42,16679.74,3045.23,17771895.4,85759763.1,434182257
1548.1,S,42,16683.99,3045.93,17771895.4,85759864.8,434182441
1549.1,S,42,16688.41,3046.70,17771895.4,85759865.0,434182445
1550.1,S,42,16692.89,3047.41,17771895.4,85759865.2,434182450
1551.1,S,42,16697.43,3048.04,17771895.4,85759865.6,434182451
1552.1,S,42,16701.89,3048.74,17771895.4,85759930.3,434182512
1553.1,S,42,16706.40,3049.48,17771895.4,85759969.2,434182550
1554.1,S,42,16710.90,3050.21,17771895.4,85759969.7,434182552
1555.1,S,42,16715.35,3050.95,17771895.4,85759970.0,434182556
1556.1,S,42,16719.78,3051.77,17771895.4,85760034.5,434182616
1557.1,S,42,16724.58,3052.52,17771895.4,85760045.5,434182631
1558.1,S,42,16729.87,3053.38,17771895.4,85760045.9,434182634
1559.1,S,42,16735.10,3054.20,17771895.4,85760046.3,434182638
1560.1,S,42,16740.18,3055.05,17771895.4,85760046.6,434182642
1561.1,S,42,16745.16,3055.85,17771895.4,85760046.7,434182644
1562.1,S,42,16749.81,3056.59,17771895.4,85760135.8,434182821
1563.1,S,42,16753.60,3057.21,17771895.4,85760136.0,434182824
1564.1,S,42,16757.39,3057.83,17771895.4,85760136.3,434182829
1565.1,S,42,16761.65,3058.51,17771895.4,85760179.6,434182889
1566.1,S,42,16766.00,3059.23,17771895.4,85760179.9,434182892
1567.1,S,42,16770.42,3059.87,17771895.4,85760180.0,434182895
1568.1,S,42,16774.77,3060.62,17771895.4,85760180.7,434182906
1569.1,S,42,16779.28,3061.38,17771895.4,85760245.2,434183067
1570.1,S,42,16783.87,3062.13,17771895.4,85760245.6,434183070
1571.1,S,42,16788.46,3062.72,17771895.4,85760245.9,434183073
1572.1,S,42,16792.99,3063.46,17771895.4,85760246.2,434183077
1573.1,S,42,16797.63,3064.27,17771895.4,85760285.1,434183112
1574.1,S,42,16802.13,3065.08,17771895.4,85760285.5,434183117
1575.1,S,42,16806.66,3065.87,17771895.4,85760360.9,434183185
1576.1,S,42,16812.03,3066.76,17771895.4,85760361.5,434183190
1577.1,S,42,16817.30,3067.64,17771895.4,85760361.7,434183194
1578.1,S,42,16822.34,3068.51,17771895.4,85760362.0,434183197
1579.1,S,42,16827.51,3069.31,17771895.4,85760401.3,434183234
1580.1,S,42,16832.50,3070.13,17771895.4,85760466.0,434183300
1581.1,S,42,16837.47,3070.99,17771895.4,85760466.2,434183303
1582.1,S,42,16842.31,3071.76,17771895.4,85760472.6,434183317
1583.1,S,42,16846.35,3072.38,17771895.4,85760515.6,434183361
1584.1,S,42,16850.85,3073.12,17771895.4,85760555.8,434183397
1585.1,S,42,16855.40,3073.89,17771895.4,85760556.0,434183400
1586.1,S,42,16859.85,3074.65,17771895.4,85760556.3,434183402
1587.1,S,42,16864.33,3075.35,17771895.4,85760556.5,434183404
1588.1,S,42,16868.76,3076.11,17771895.4,85760621.4,434183466
1589.1,S,42,16873.22,3076.80,17771895.4,85760650.7,434183500
1590.1,S,42,16877.66,3077.59,17771895.4,85760677.7,434183537
1591.1,S,42,16882.40,3078.38,17771895.4,85760720.8,434183580
1592.1,S,42,16887.45,3079.17,17771895.4,85760721.2,434183583
1593.1,S,42,16892.65,3079.95,17771895.4,85760721.7,434183587
1594.1,S,42,16897.85,3080.79,17771895.4,85760762.6,434183625
1595.1,S,42,16903.08,3081.70,17771895.4,85760827.2,434183682
1596.1,S,42,16908.51,3082.52,17771895.4,85760827.5,434183687
1597.1,S,42,16913.96,3083.41,17771895.4,85760827.9,434183691
1598.1,S,42,16919.36,3084.43,17771895.4,85760871.3,434183733
1599.1,S,42,16925.39,3085.44,17771895.4,85760871.7,434183737
1600.1,S,42,16931.59,3086.53,17771895.4,85760872.4,434183741
1601.1,S,42,16936.33,3087.36,17771895.4,85760897.2,434183779
1602.1,S,42,16940.89,3088.06,17771895.4,85760897.4,434183782
1603.1,S,42,16945.44,3088.79,17771895.4,85760962.0,434183873
1604.1,S,42,16950.36,3089.58,17771895.4,85761005.0,434184040
1605.1,S,42,16954.85,3090.36,17771895.4,85761005.5,434184044
1606.1,S,42,16959.15,3091.15,17771895.4,85761005.7,434184046
1607.1,S,42,16964.22,3091.93,17771895.4,85761048.7,434184091
1608.1,S,42,16969.26,3092.73,17771895.4,85761048.8,434184093
1609.1,S,42,16974.42,3093.48,17771895.4,85761049.4,434184098
1610.1,S,42,16979.54,3094.35,17771895.4,85761049.9,434184104
1611.1,S,42,16984.53,3095.24,17771895.4,85761114.5,434184162
1612.1,S,42,16989.53,3096.10,17771895.4,85761114.7,434184163
1613.1,S,42,16994.65,3097.05,17771895.4,85761115.0,434184167
1614.1,S,42,17000.56,3097.98,17771895.4,85761202.8,434184267
1615.1,S,42,17006.50,3098.93,17771895.4,85761203.5,434184276
1616.1,S,42,17012.46,3099.91,17771895.4,85761204.0,434184279
1617.1,S,42,17018.33,3100.82,17771895.4,85761204.2,434184283
1618.1,S,46,17025.89,3101.84,17771895.4,85761290.4,434184410
1619.1,S,46,17034.83,3102.79,17771895.4,85761290.7,434184414
1620.1,S,42,17042.51,3103.79,17771895.4,85761481.1,434184646
1621.1,S,42,17046.94,3104.57,17771895.4,85761524.4,434184692
1622.1,S,42,17051.99,3105.41,17771895.4,85761525.0,434184694
1623.1,S,42,17057.03,3106.29,17771895.4,85761525.3,434184698
1624.1,S,42,17062.08,3107.21,17771895.4,85761525.5,434184700
1625.1,S,42,17067.23,3108.04,17771895.4,85761572.4,434184743
1626.1,S,42,17072.29,3108.86,17771895.4,85761637.0,434184877
1627.1,S,42,17077.27,3109.74,17771895.4,85761637.8,434184882
1628.1,S,42,17082.37,3110.60,17771895.4,85761680.8,434184929
1629.1,S,42,17088.18,3111.65,17771895.4,85761681.2,434185092
1630.1,S,42,17094.13,3112.61,17771895.4,85761681.4,434185094
1631.1,S,42,17100.15,3113.58,17771895.4,85761681.6,434185099
1632.1,S,42,17106.24,3114.52,17771895.4,85761682.0,434185101
1633.1,S,42,17112.23,3115.48,17771895.4,85761747.0,434185157
1634.1,S,46,17120.19,3116.41,17771895.4,85761763.2,434185182
1635.1,S,46,17129.07,3117.36,17771895.4,85761816.4,434185231
1636.1,S,42,17136.14,3118.16,17771895.4,85762007.1,434185398
1637.1,S,42,17136.91,3118.19,17771895.4,85762071.6,434185610
1638.1,S,42,17137.82,3118.27,17771895.4,85762083.0,434185625
1639.1,S,57,17139.83,3118.31,17771895.4,85762083.4,434185633
1640.1,S,57,17155.60,3118.55,17771895.4,85762084.2,434185635
1641.1,S,57,17171.38,3118.79,17771895.4,85762084.4,434185637
1642.1,S,57,17187.16,3119.02,17771895.4,85762084.5,434185638
1643.1,S,57,17202.58,3119.34,17771895.4,85762343.8,434185865
1644.1,S,57,17217.61,3119.67,17771895.4,85762721.3,434186241
1645.1,S,57,17233.09,3119.94,17771895.4,85763027.4,434186534
1646.1,S,57,17248.76,3120.21,17771895.4,85763131.0,434186631
1647.1,S,57,17264.21,3120.52,17771895.5,85763360.9,434186932
1648.1,S,57,17279.33,3120.82,17771895.5,85763642.9,434187289
1649.1,S,57,17294.83,3121.12,17771895.5,85763849.4,434187468
1650.1,S,57,17308.07,3121.41,17771895.5,85764131.7,434187962
1651.1,S,57,17323.55,3121.66,17771895.5,85764365.1,434188178
1652.1,S,57,17338.70,3121.98,17771895.5,85764652.4,434188550
1653.1,S,57,17354.24,3122.23,17771895.5,85764796.3,434188708
1654.1,S,57,17369.70,3122.49,17771895.5,85764982.8,434188867
1655.1,S,57,17384.84,3122.80,17771895.5,85765267.6,434189170
1656.1,S,57,17400.14,3123.08,17771895.5,85765638.4,434189533
1657.1,S,57,17415.70,3123.32,17771895.5,85765682.9,434189750
1658.1,S,57,17430.55,3123.60,17771895.5,85765884.6,434190059
1659.1,S,57,17445.91,3123.91,17771895.6,85766233.7,434190443
1660.1,S,57,17461.62,3124.15,17771895.6,85766279.0,434190506
1661.1,S,57,17476.99,3124.44,17771895.6,85766499.6,434190769
1662.1,S,57,17492.06,3124.78,17771895.6,85766872.1,434191402
1663.2,S,57,17507.67,3125.05,17771895.6,85767042.9,434191551
1664.2,S,57,17523.32,3125.31,17771895.6,85767198.0,434191689
1665.2,S,57,17538.81,3125.59,17771895.6,85767419.1,434191985
1666.2,S,57,17553.80,3125.87,17771895.6,85767724.0,434192430
1667.2,S,57,17565.87,3126.22,17771895.6,85768210.4,434192993
1668.2,S,57,17581.31,3126.50,17771895.7,85768317.5,434193312
1669.2,S,56,17596.05,3126.75,17771895.7,85768370.0,434193439
1670.2,S,56,17610.67,3127.00,17771895.7,85768545.7,434193595
1671.2,S,56,17625.29,3127.26,17771895.7,85768698.0,434193752
1672.2,S,52,17638.52,3127.56,17771895.7,85769175.3,434194258
1673.2,S,42,17642.49,3127.72,17771895.7,85769608.1,434194951
1674.2,S,42,17643.30,3128.03,17771895.7,85769624.8,434194974
1675.2,S,42,17645.69,3129.09,17771895.7,85769627.3,434194985
1676.2,S,42,17654.34,3130.46,17771895.7,85769627.7,434194988
1677.2,S,42,17662.92,3131.96,17771895.7,85769628.3,434194996
1678.2,S,42,17671.59,3133.38,17771895.7,85769628.5,434194999
1679.2,S,42,17680.26,3134.80,17771895.7,85769693.2,434195062
1680.2,S,42,17688.81,3136.24,17771895.7,85769695.1,434195067
1681.2,S,46,17698.49,3137.76,17771895.7,85769717.4,434195112
1682.2,S,46,17710.86,3139.51,17771895.7,85769717.9,434195114
1683.2,S,43,17721.28,3141.16,17771895.7,85769918.1,434195439
1684.2,S,42,17730.10,3142.56,17771895.7,85769966.2,434195485
1685.2,S,42,17738.71,3143.91,17771895.7,85769966.5,434195489
1686.2,S,42,17747.33,3145.35,17771895.7,85769966.7,434195492
1687.2,S,42,17756.02,3146.62,17771895.7,85769967.2,434195496
1688.2,S,46,17765.47,3148.14,17771895.7,85770080.1,434195598
1689.2,S,46,17777.79,3149.86,17771895.7,85770080.4,434195601
1690.2,S,45,17787.05,3151.19,17771895.7,85770271.1,434195973
1691.2,S,42,17795.79,3152.72,17771895.7,85770271.5,434195981
1692.2,S,42,17804.17,3154.37,17771895.7,85770329.2,434196045
1693.2,S,42,17812.78,3155.86,17771895.7,85770329.5,434196047
1694.2,S,42,17821.42,3157.30,17771895.7,85770330.0,434196050
1695.2,S,42,17829.41,3158.60,17771895.7,85770403.5,434196131
1696.2,S,42,17837.93,3160.14,17771895.7,85770468.2,434196194
1697.2,S,42,17846.59,3161.72,17771895.7,85770468.7,434196198
1698.2,S,42,17855.19,3163.12,17771895.7,85770469.1,434196201
1699.2,S,42,17863.93,3164.54,17771895.7,85770469.7,434196208
1700.2,S,42,17872.60,3165.96,17771895.7,85770526.8,434196266
1701.2,S,42,17881.32,3167.26,17771895.7,85770527.2,434196268
1702.2,S,42,17889.08,3168.64,17771895.7,85770626.4,434196377
1703.2,S,42,17897.63,3170.25,17771895.7,85770627.0,434196380
1704.2,S,42,17906.11,3171.72,17771895.7,85770691.9,434196442
1705.2,S,42,17915.16,3173.03,17771895.7,85770692.2,434196445
1706.2,S,42,17923.99,3174.44,17771895.7,85770692.4,434196448
1707.2,S,42,17932.60,3175.77,17771895.7,85770692.8,434196453
1708.2,S,42,17940.62,3177.19,17771895.7,85770750.0,434196539
1709.2,S,42,17948.21,3178.44,17771895.7,85770853.1,434196643
1710.2,S,42,17956.93,3179.85,17771895.7,85770853.7,434196645
1711.2,S,42,17965.47,3181.16,17771895.7,85770853.9,434196650
1712.2,S,42,17974.21,3182.61,17771895.7,85770906.4,434196779
1713.2,S,42,17982.87,3184.01,17771895.7,85770918.6,434196894
1714.2,S,42,17991.64,3185.55,17771895.7,85770919.1,434196898
1715.2,S,42,17999.71,3186.93,17771895.7,85771006.7,434196977
1716.2,S,42,18008.02,3188.48,17771895.7,85771079.3,434197045
1717.2,S,42,18016.74,3189.89,17771895.7,85771079.6,434197048
1718.2,S,42,18025.55,3191.23,17771895.7,85771079.8,434197052
1719.2,S,42,18034.36,3192.64,17771895.7,85771080.3,434197060
1720.2,S,42,18043.09,3194.02,17771895.7,85771080.9,434197065
1721.2,S,42,18051.68,3195.49,17771895.7,85771145.9,434197125
1722.2,S,46,18060.52,3196.85,17771895.7,85771248.9,434197221
1723.2,S,46,18072.99,3198.63,17771895.7,85771249.1,434197223
1724.2,S,46,18084.42,3200.34,17771895.7,85771381.3,434197449
1725.2,S,42,18092.95,3201.85,17771895.7,85771496.9,434197567
1726.2,S,42,18101.59,3203.18,17771895.7,85771497.2,434197574
1727.2,S,42,18110.24,3204.60,17771895.7,85771497.6,434197577
1728.2,S,42,18119.10,3206.05,17771895.7,85771497.8,434197589
1729.2,S,46,18127.60,3207.29,17771895.7,85771665.2,434197809
1730.2,S,46,18140.05,3209.05,17771895.7,85771665.4,434197814
1731.2,S,43,18149.45,3210.25,17771895.7,85771856.7,434198176
1732.2,S,42,18158.27,3211.60,17771895.7,85771856.9,434198180
1733.2,S,42,18166.69,3213.15,17771895.7,85771914.4,434198235
1734.2,S,42,18175.46,3214.51,17771895.7,85771914.7,434198238
1735.2,S,42,18184.11,3215.93,17771895.7,85771914.9,434198241
1736.2,S,46,18193.23,3217.27,17771895.7,85772017.8,434198343
1737.2,S,46,18205.40,3218.95,17771895.7,85772082.8,434198451
1738.2,S,42,18216.44,3220.57,17771895.7,85772273.8,434198617
1739.2,S,42,18225.20,3221.99,17771895.7,85772274.0,434198619
1740.2,S,42,18233.90,3223.56,17771895.7,85772274.3,434198623
1741.2,S,42,18242.43,3225.09,17771895.7,85772331.2,434198677
1742.2,S,42,18251.14,3226.50,17771895.7,85772331.9,434198679
1743.2,S,46,18259.87,3227.94,17771895.7,85772435.1,434198826
1744.2,S,46,18272.18,3229.61,17771895.7,85772435.5,434198828
1745.2,S,42,18282.97,3231.25,17771895.7,85772626.9,434198997
1746.2,S,42,18291.51,3232.65,17771895.7,85772691.6,434199054
1747.2,S,42,18300.19,3234.08,17771895.7,85772691.7,434199056
1748.2,S,42,18309.04,3235.37,17771895.7,85772692.7,434199061
1749.2,S,42,18317.54,3236.88,17771895.7,85772751.1,434199155
1750.2,S,42,18325.12,3238.14,17771895.7,85772854.2,434199308
1751.2,S,42,18333.89,3239.43,17771895.7,85772854.3,434199311
1752.2,S,42,18342.74,3240.76,17771895.7,85772854.5,434199329
1753.2,S,42,18351.78,3242.13,17771895.7,85772854.7,434199331
1754.2,S,42,18360.40,3243.57,17771895.7,85772920.0,434199398
1755.2,S,42,18369.25,3244.95,17771895.7,85772920.1,434199402
1756.2,S,42,18378.09,3246.36,17771895.7,85772921.1,434199413
1757.2,S,42,18384.95,3247.67,17771895.7,85773080.6,434199685
1758.2,S,42,18393.68,3249.21,17771895.7,85773080.9,434199701
1759.2,S,42,18402.50,3250.63,17771895.7,85773081.1,434199703
1760.2,S,42,18411.09,3252.16,17771895.7,85773081.9,434199706
1761.2,S,42,18419.79,3253.53,17771895.7,85773082.3,434199714
1762.2,S,42,18428.53,3254.94,17771895.7,85773146.8,434199788
1763.2,S,42,18437.25,3256.29,17771895.7,85773147.2,434199791
1764.2,S,42,18444.37,3257.46,17771895.7,85773250.1,434199981
1765.2,S,42,18452.94,3258.91,17771895.7,85773307.1,434200034
1766.2,S,42,18461.61,3260.31,17771895.7,85773307.7,434200038
1767.2,S,42,18470.23,3261.80,17771895.7,85773307.9,434200041
1768.2,S,42,18478.93,3263.25,17771895.7,85773308.3,434200046
1769.2,S,42,18487.76,3264.68,17771895.7,85773308.5,434200049
1770.2,S,42,18495.81,3266.09,17771895.7,85773454.0,434200179
1771.2,S,42,18504.30,3267.55,17771895.7,85773476.4,434200201
1772.2,S,42,18512.90,3268.99,17771895.7,85773504.5,434200229
1773.2,S,42,18521.52,3270.45,17771895.7,85773504.7,434200230
1774.2,S,42,18530.19,3271.83,17771895.7,85773505.0,434200231
1775.2,S,42,18538.79,3273.41,17771895.7,85773505.3,434200234
1776.2,S,42,18547.07,3274.89,17771895.7,85773570.1,434200378
1777.2,S,46,18555.66,3276.16,17771895.7,85773673.0,434200480
1778.2,S,46,18568.02,3277.78,17771895.7,85773673.5,434200485
1779.2,S,46,18579.39,3279.41,17771895.7,85773803.0,434200630
1780.3,S,42,18588.09,3280.85,17771895.7,85773921.5,434200784
1781.3,S,42,18596.90,3282.26,17771895.7,85773921.9,434200788
1782.3,S,42,18605.61,3283.77,17771895.7,85773922.5,434200790
1783.3,S,42,18614.12,3285.18,17771895.7,85773923.1,434200795
1784.3,S,46,18621.28,3286.17,17771895.7,85774090.4,434201102
1785.3,S,46,18633.65,3287.94,17771895.7,85774090.8,434201102
1786.3,S,46,18645.37,3289.69,17771895.7,85774239.9,434201229
1787.3,S,42,18653.95,3290.98,17771895.7,85774281.6,434201321
1788.3,S,42,18662.62,3292.48,17771895.7,85774338.7,434201419
1789.3,S,42,18671.51,3293.82,17771895.7,85774339.4,434201423
1790.3,S,42,18680.13,3295.23,17771895.7,85774339.6,434201426
1791.3,S,46,18688.85,3296.62,17771895.7,85774442.6,434201527
1792.3,S,46,18701.17,3298.39,17771895.7,85774507.2,434201582
1793.3,S,45,18712.30,3299.95,17771895.7,85774698.0,434201757
1794.3,S,42,18721.12,3301.37,17771895.7,85774698.6,434201760
1795.3,S,42,18729.75,3302.63,17771895.7,85774699.2,434201764
1796.3,S,42,18738.27,3304.04,17771895.7,85774756.0,434201841
1797.3,S,42,18746.95,3305.51,17771895.7,85774756.3,434201846
1798.3,S,46,18755.52,3306.88,17771895.7,85774859.2,434201967
1799.3,S,46,18767.88,3308.56,17771895.7,85774859.5,434201971
1800.3,S,43,18779.19,3310.34,17771895.7,85775036.7,434202173
1801.3,S,42,18787.74,3311.78,17771895.7,85775115.7,434202348
1802.3,S,42,18796.26,3313.26,17771895.7,85775116.1,434202355
1803.3,S,42,18805.02,3314.66,17771895.7,85775116.4,434202357
1804.3,S,42,18813.60,3316.09,17771895.7,85775173.3,434202410
1805.3,S,42,18821.30,3317.46,17771895.7,85775276.9,434202527
1806.3,S,42,18829.87,3318.97,17771895.7,85775277.5,434202531
1807.3,S,42,18838.60,3320.46,17771895.7,85775277.8,434202536
1808.3,S,42,18847.25,3321.87,17771895.7,85775278.3,434202540
1809.3,S,42,18855.67,3323.35,17771895.7,85775343.1,434202731
1810.3,S,42,18864.25,3324.84,17771895.7,85775343.3,434202735
1811.3,S,42,18872.92,3326.18,17771895.7,85775344.1,434202740
1812.3,S,42,18879.55,3327.28,17771895.7,85775446.9,434203002
1813.3,S,42,18888.08,3328.85,17771895.7,85775511.6,434203060
1814.3,S,42,18896.72,3330.32,17771895.7,85775511.9,434203063
1815.3,S,42,18905.19,3331.83,17771895.7,85775542.0,434203103
1816.3,S,42,18913.82,3333.24,17771895.7,85775542.5,434203107
1817.3,S,42,18922.53,3334.62,17771895.7,85775543.0,434203110
1818.3,S,42,18931.23,3336.06,17771895.7,85775543.2,434203115
1819.3,S,42,18939.04,3337.43,17771895.7,85775673.8,434203251
1820.3,S,42,18947.52,3338.88,17771895.7,85775738.6,434203311
1821.3,S,42,18956.22,3340.30,17771895.7,85775738.9,434203312
1822.3,S,42,18964.92,3341.74,17771895.7,85775739.4,434203314
1823.3,S,42,18973.41,3343.23,17771895.7,85775796.6,434203367
1824.3,S,42,18982.42,3344.65,17771895.7,85775796.8,434203370
1825.3,S,42,18990.64,3345.93,17771895.7,85775879.8,434203456
1826.3,S,42,18999.06,3347.34,17771895.7,85775900.0,434203478
1827.3,S,42,19007.77,3348.73,17771895.7,85775900.3,434203482
1828.3,S,42,19016.38,3350.16,17771895.7,85775965.5,434203540
1829.3,S,42,19025.03,3351.50,17771895.7,85775965.7,434203546
1830.3,S,42,19033.66,3352.74,17771895.7,85775966.1,434203547
1831.3,S,42,19042.31,3354.15,17771895.7,85776023.0,434203727
1832.3,S,42,19050.14,3355.47,17771895.7,85776111.5,434203816
1833.3,S,46,19061.02,3357.06,17771895.7,85776126.0,434203940
1834.3,S,46,19073.30,3358.88,17771895.7,85776126.8,434203943
1835.3,S,42,19082.79,3360.40,17771895.7,85776317.6,434204149
1836.3,S,42,19091.60,3361.85,17771895.7,85776382.1,434204205
1837.3,S,42,19100.36,3363.21,17771895.7,85776382.5,434204208
1838.3,S,42,19109.36,3364.56,17771895.7,85776382.8,434204214
1839.3,S,46,19118.63,3365.90,17771895.7,85776485.9,434204313
1840.3,S,46,19131.00,3367.58,17771895.7,85776543.3,434204369
1841.3,S,46,19140.90,3369.02,17771895.7,85776651.8,434204693
1842.3,S,42,19149.84,3370.57,17771895.7,85776734.4,434204818
1843.3,S,42,19158.59,3371.94,17771895.7,85776734.4,434204819
1844.3,S,42,19167.13,3373.30,17771895.7,85776799.0,434204878
1845.3,S,42,19175.79,3374.77,17771895.7,85776799.7,434204883
1846.3,S,46,19185.28,3376.16,17771895.7,85776902.5,434204981
1847.3,S,46,19197.70,3377.77,17771895.7,85776902.8,434204984
1848.3,S,42,19208.37,3379.24,17771895.7,85777157.7,434205324
1849.3,S,42,19217.02,3380.65,17771895.7,85777157.9,434205329
1850.3,S,42,19225.66,3382.08,17771895.7,85777158.5,434205331
1851.3,S,42,19234.41,3383.54,17771895.7,85777159.0,434205334
1852.3,S,42,19242.99,3384.96,17771895.7,85777159.2,434205338
1853.3,S,46,19250.35,3386.17,17771895.7,85777326.6,434205673
1854.3,S,46,19262.87,3387.89,17771895.7,85777326.9,434205674
1855.3,S,43,19274.44,3389.61,17771895.7,85777555.8,434205873
1856.3,S,42,19283.29,3391.16,17771895.7,85777557.2,434205878
1857.3,S,42,19292.03,3392.48,17771895.7,85777557.5,434205882
1858.3,S,42,19300.64,3393.92,17771895.7,85777557.7,434205885
1859.3,S,42,19309.37,3395.28,17771895.7,85777622.4,434205945
1860.3,S,42,19315.85,3396.52,17771895.7,85777725.2,434206217
1861.3,S,42,19324.59,3397.95,17771895.7,85777725.5,434206221
1862.3,S,42,19333.49,3399.31,17771895.7,85777726.2,434206224
1863.3,S,42,19341.81,3400.83,17771895.7,85777780.1,434206324
1864.3,S,42,19350.47,3402.26,17771895.7,85777780.4,434206327
1865.3,S,42,19359.16,3403.60,17771895.7,85777780.8,434206332
1866.3,S,42,19367.85,3404.91,17771895.7,85777781.1,434206335
1867.3,S,42,19375.59,3406.19,17771895.7,85777948.4,434206517
1868.3,S,42,19384.15,3407.70,17771895.7,85777949.5,434206524
1869.3,S,42,19392.69,3409.22,17771895.7,85777949.8,434206529
1870.3,S,42,19401.47,3410.56,17771895.7,85777950.0,434206532
1871.3,S,42,19410.14,3412.00,17771895.7,85778014.7,434206596
1872.3,S,42,19418.85,3413.42,17771895.7,85778014.9,434206597
1873.3,S,42,19427.66,3414.87,17771895.7,85778015.7,434206599
1874.3,S,42,19435.37,3416.13,17771895.7,85778151.2,434206741
1875.3,S,42,19444.13,3417.47,17771895.7,85778151.5,434206745
1876.3,S,42,19452.83,3418.80,17771895.7,85778151.7,434206748
1877.3,S,42,19461.55,3420.08,17771895.7,85778152.1,434206753
1878.4,S,42,19470.28,3421.44,17771895.7,85778216.7,434206819
1879.4,S,42,19479.01,3422.91,17771895.7,85778217.5,434206823
1880.4,S,42,19487.81,3424.19,17771895.7,85778217.8,434206826
1881.4,S,42,19495.44,3425.55,17771895.7,85778320.7,434206937
1882.4,S,42,19503.89,3426.95,17771895.7,85778389.1,434207013
1883.4,S,42,19512.64,3428.29,17771895.7,85778389.5,434207016
1884.4,S,42,19521.40,3429.74,17771895.7,85778389.9,434207027
1885.4,S,42,19530.08,3431.11,17771895.7,85778390.5,434207030
1886.4,S,42,19538.67,3432.49,17771895.7,85778390.7,434207032
1887.4,S,46,19546.72,3433.80,17771895.7,85778558.1,434207286
1888.4,S,46,19559.18,3435.39,17771895.7,85778558.4,434207289
1889.4,S,46,19571.52,3437.06,17771895.7,85778606.3,434207333
1890.4,S,42,19580.70,3438.47,17771895.7,85778749.9,434207462
1891.4,S,42,19589.39,3439.86,17771895.7,85778814.9,434207577
1892.4,S,42,19598.06,3441.34,17771895.7,85778824.5,434207591
1893.4,S,42,19606.78,3442.80,17771895.7,85778824.8,434207596
1894.4,S,46,19615.96,3444.13,17771895.7,85778927.6,434207699
1895.4,S,46,19628.42,3445.80,17771895.7,85778928.2,434207704
1896.4,S,42,19639.13,3447.34,17771895.7,85779183.6,434207954
1897.4,S,42,19644.27,3448.18,17771895.7,85779183.8,434207960
1898.4,S,42,19649.32,3449.02,17771895.7,85779184.2,434207966
1899.4,S,42,19654.43,3449.79,17771895.7,85779184.5,434207968
1900.4,S,42,19660.06,3450.78,17771895.7,85779242.0,434208026
1901.4,S,42,19666.13,3451.78,17771895.7,85779242.9,434208032
1902.4,S,42,19671.96,3452.74,17771895.7,85779243.3,434208038
1903.4,S,42,19677.67,3453.68,17771895.7,85779243.5,434208041
1904.4,S,42,19683.64,3454.61,17771895.7,85779308.1,434208115
1905.4,S,42,19689.54,3455.52,17771895.7,85779308.8,434208118
1906.4,S,46,19696.07,3456.50,17771895.7,85779411.7,434208227
1907.4,S,46,19704.95,3457.45,17771895.7,85779412.1,434208229
1908.4,S,45,19713.38,3458.47,17771895.7,85779547.7,434208756
1909.4,S,42,19719.08,3459.38,17771895.7,85779652.0,434208860
1910.4,S,42,19724.19,3460.24,17771895.7,85779652.1,434208861
1911.4,S,42,19729.17,3461.11,17771895.7,85779652.6,434208865
1912.4,S,42,19734.15,3462.02,17771895.7,85779738.5,434208936
1913.4,S,42,19739.25,3462.86,17771895.7,85779803.5,434208995
1914.4,S,42,19744.48,3463.80,17771895.7,85779829.3,434209023
1915.4,S,42,19750.30,3464.71,17771895.7,85779829.5,434209026
1916.4,S,42,19756.19,3465.71,17771895.7,85779829.8,434209036
1917.4,S,42,19762.01,3466.71,17771895.7,85779830.4,434209042
1918.4,S,42,19768.05,3467.63,17771895.7,85779831.0,434209045
1919.4,S,42,19774.02,3468.53,17771895.7,85779895.6,434209105
1920.4,S,42,19780.03,3469.42,17771895.7,85779895.9,434209107
1921.4,S,46,19786.46,3470.38,17771895.7,85779913.4,434209137
1922.4,S,46,19795.20,3471.36,17771895.7,85779991.4,434209207
1923.4,S,46,19804.90,3472.44,17771895.7,85780128.2,434209337
1924.4,S,42,19809.55,3473.13,17771895.7,85780239.7,434209609
1925.4,S,42,19810.54,3473.14,17771895.7,85780239.8,434209610
1926.4,S,42,19811.51,3473.17,17771895.7,85780256.8,434209626
1927.4,S,42,19812.45,3473.18,17771895.7,85780360.6,434209757
1928.4,S,42,19813.44,3473.20,17771895.7,85780361.1,434209765
1929.4,S,42,19814.42,3473.22,17771895.7,85780361.6,434209768
1930.4,S,42,19815.22,3473.25,17771895.7,85780426.2,434209951
1931.4,S,42,19816.21,3473.26,17771895.7,85780426.2,434209954
1932.4,S,42,19817.20,3473.27,17771895.7,85780426.5,434209956
1933.4,S,42,19818.18,3473.29,17771895.7,85780426.6,434209957
1934.4,S,42,19819.11,3473.32,17771895.7,85780491.5,434210019
1935.4,S,42,19820.00,3473.40,17771895.7,85780511.1,434210043
1936.4,S,42,19820.99,3473.42,17771895.7,85780511.3,434210051
1937.4,S,42,19821.96,3473.44,17771895.7,85780541.8,434210080
1938.4,S,42,19822.92,3473.48,17771895.7,85780571.1,434210107
1939.4,S,42,19823.68,3473.49,17771895.7,85780606.7,434210332
1940.4,S,42,19824.66,3473.50,17771895.7,85780607.3,434210338
1941.4,S,42,19825.64,3473.53,17771895.7,85780607.4,434210340
1942.4,S,42,19826.57,3473.55,17771895.7,85780672.0,434210397
1943.4,S,42,19827.55,3473.58,17771895.7,85780672.3,434210399
1944.4,S,42,19828.53,3473.60,17771895.7,85780672.5,434210402
1945.4,S,42,19829.45,3473.64,17771895.7,85780713.4,434210442
1946.4,S,42,19830.43,3473.66,17771895.7,85780713.8,434210447
1947.4,S,42,19831.41,3473.68,17771895.7,85780713.9,434210449
1948.4,S,42,19832.34,3473.71,17771895.7,85780778.5,434210507
1949.4,S,42,19833.32,3473.72,17771895.7,85780778.6,434210507
1950.4,S,42,19834.25,3473.77,17771895.7,85780815.7,434210546
1951.4,S,42,19835.24,3473.78,17771895.7,85780816.1,434210548
1952.4,S,42,19836.22,3473.79,17771895.7,85780816.3,434210553
1953.4,S,42,19837.21,3473.81,17771895.7,85780825.0,434210565
1954.4,S,42,19838.14,3473.84,17771895.7,85780889.6,434210618
1955.4,S,42,19839.13,3473.85,17771895.7,85780889.7,434210620
1956.4,S,42,19840.11,3473.87,17771895.7,85780890.2,434210623
1957.4,S,42,19841.04,3473.89,17771895.7,85780954.9,434210685
1958.4,S,42,19841.99,3473.93,17771895.7,85780963.0,434210699
1959.4,S,42,19842.98,3473.94,17771895.7,85780963.2,434210702
1960.4,S,42,19843.96,3473.96,17771895.7,85780963.4,434210704
1961.4,S,42,19844.87,3474.00,17771895.7,85781028.5,434210777
1962.4,S,42,19845.85,3474.02,17771895.7,85781028.8,434210781
1963.4,S,42,19846.77,3474.06,17771895.7,85781063.3,434210822
1964.4,S,42,19847.75,3474.08,17771895.7,85781063.5,434210825
1965.4,S,42,19848.74,3474.09,17771895.7,85781063.7,434210829
1966.4,S,42,19849.73,3474.11,17771895.7,85781063.9,434210832
1967.4,S,42,19850.65,3474.13,17771895.7,85781128.7,434210902
1968.4,S,42,19851.64,3474.14,17771895.7,85781129.1,434210902
1969.4,S,42,19852.62,3474.15,17771895.7,85781129.3,434210903
1970.4,S,42,19853.60,3474.18,17771895.7,85781129.4,434210904
1971.4,S,42,19854.53,3474.20,17771895.7,85781194.1,434210967
1972.4,S,42,19855.52,3474.21,17771895.7,85781194.4,434210970
1973.4,S,42,19856.50,3474.22,17771895.7,85781194.8,434210974
1974.4,S,42,19857.41,3474.28,17771895.7,85781250.7,434211027
1975.4,S,42,19858.40,3474.29,17771895.7,85781250.9,434211029
1976.4,S,42,19859.38,3474.31,17771895.7,85781251.1,434211033
1977.4,S,42,19860.30,3474.33,17771895.7,85781315.6,434211107
1978.4,S,42,19861.29,3474.34,17771895.7,85781316.2,434211110
1979.4,S,42,19862.21,3474.39,17771895.7,85781350.6,434211157
1980.4,S,42,19863.19,3474.40,17771895.7,85781350.8,434211162
1981.4,S,42,19864.18,3474.41,17771895.7,85781350.9,434211164
1982.4,S,42,19865.18,3474.42,17771895.7,85781351.1,434211169
1983.4,S,42,19866.10,3474.45,17771895.7,85781415.7,434211230
1984.4,S,42,19867.08,3474.47,17771895.7,85781416.4,434211235
1985.4,S,42,19868.00,3474.52,17771895.7,85781450.5,434211271
1986.4,S,42,19868.99,3474.53,17771895.7,85781450.8,434211274
1987.4,S,42,19869.97,3474.55,17771895.7,85781450.9,434211277
1988.4,S,42,19870.90,3474.58,17771895.7,85781515.5,434211341
1989.4,S,42,19871.88,3474.60,17771895.7,85781516.0,434211344
1990.4,S,42,19872.73,3474.64,17771895.7,85781550.4,434211453
1991.4,S,42,19873.71,3474.66,17771895.7,85781550.6,434211456
1992.4,S,42,19874.70,3474.67,17771895.7,85781550.8,434211464
1993.4,S,42,19875.69,3474.69,17771895.7,85781550.9,434211467
1994.4,S,42,19876.56,3474.71,17771895.7,85781615.8,434211583
1995.4,S,42,19877.54,3474.73,17771895.7,85781616.1,434211587
1996.4,S,42,19878.31,3474.77,17771895.7,85781650.3,434211786
1997.4,S,42,19879.29,3474.79,17771895.7,85781650.4,434211789
1998.4,S,42,19880.28,3474.80,17771895.7,85781650.7,434211791
1999.4,S,42,19881.26,3474.82,17771895.7,85781650.8,434211793
2000.5,S,42,19882.00,3474.85,17771895.7,85781715.7,434212032
2001.5,S,42,19882.99,3474.87,17771895.7,85781716.0,434212035
2002.5,S,42,19883.88,3474.91,17771895.7,85781750.2,434212114
2003.5,S,42,19884.86,3474.92,17771895.7,85781750.4,434212124
2004.5,S,42,19885.85,3474.94,17771895.7,85781750.7,434212128
2005.5,S,42,19886.77,3474.96,17771895.7,85781784.8,434212200
2006.5,S,42,19887.68,3474.98,17771895.7,85781815.7,434212273
2007.5,S,42,19888.66,3475.00,17771895.7,85781815.9,434212275
2008.5,S,42,19889.65,3475.01,17771895.7,85781816.1,434212284
2009.5,S,42,19890.47,3475.03,17771895.7,85781880.6,434212449
2010.5,S,42,19891.45,3475.06,17771895.7,85781880.9,434212457
2011.5,S,42,19892.44,3475.07,17771895.7,85781881.4,434212462
2012.5,S,42,19893.28,3475.12,17771895.7,85781928.7,434212577
2013.5,S,42,19894.27,3475.14,17771895.7,85781928.8,434212580
2014.5,S,42,19895.26,3475.15,17771895.7,85781929.0,434212585
2015.5,S,42,19896.25,3475.16,17771895.7,85781929.2,434212587
2016.5,S,42,19897.08,3475.18,17771895.7,85781993.8,434212745
2017.5,S,42,19898.07,3475.19,17771895.7,85781994.4,434212749
2018.5,S,42,19898.93,3475.23,17771895.7,85782028.5,434212858
2019.5,S,57,19905.92,3475.34,17771895.7,85782029.3,434212863
2020.5,S,57,19921.70,3475.57,17771895.7,85782029.5,434212872
2021.5,S,57,19937.47,3475.82,17771895.7,85782029.9,434212880
2022.5,S,57,19952.87,3476.09,17771895.7,85782106.1,434213156
2023.5,S,57,19962.85,3476.28,17771895.7,85782253.2,434213868
2024.5,S,57,19976.94,3476.60,17771895.7,85782607.9,434214417
2025.5,S,57,19991.30,3476.95,17771895.7,85783027.5,434214934
2026.5,S,57,20007.03,3477.21,17771895.7,85783066.8,434214970
2027.5,S,57,20022.61,3477.47,17771895.7,85783233.5,434215113
2028.5,S,57,20038.11,3477.75,17771895.7,85783478.0,434215319
2029.5,S,57,20052.14,3478.07,17771895.7,85783837.8,434215733
2030.5,S,57,20067.66,3478.37,17771895.7,85784057.9,434215952
2031.5,S,57,20081.51,3478.59,17771895.7,85784182.5,434216291
2032.5,S,57,20096.68,3478.87,17771895.7,85784383.8,434216598
2033.5,S,57,20112.45,3479.12,17771895.7,85784384.0,434216602
2034.5,S,57,20127.95,3479.41,17771895.7,85784612.5,434216810
2035.5,S,57,20142.65,3479.71,17771895.8,85784973.0,434217364
2036.5,S,57,20158.00,3480.00,17771895.8,85785178.1,434217576
2037.5,S,57,20171.62,3480.33,17771895.8,85785675.6,434218203
2038.5,S,57,20187.32,3480.58,17771895.8,85785734.5,434218256
2039.5,S,57,20202.68,3480.83,17771895.8,85785979.8,434218588
2040.5,S,57,20218.22,3481.13,17771895.8,85786230.7,434218856
2041.5,S,57,20233.78,3481.39,17771895.8,85786410.7,434219024
2042.5,S,57,20249.22,3481.64,17771895.8,85786559.1,434219376
2043.5,S,57,20261.93,3481.93,17771895.8,85786849.9,434219882
2044.5,S,57,20277.39,3482.23,17771895.8,85787032.5,434220067
2045.5,S,57,20292.61,3482.49,17771895.8,85787269.3,434220292
2046.5,S,57,20308.18,3482.76,17771895.8,85787404.7,434220496
2047.5,S,57,20323.73,3483.04,17771895.8,85787663.6,434220720
2048.5,S,57,20339.10,3483.30,17771895.8,85787769.3,434220978
2049.5,S,56,20353.94,3483.61,17771895.8,85788175.3,434221375
2050.5,S,56,20366.99,3483.90,17771895.8,85788573.2,434221920
2051.5,S,56,20381.60,3484.15,17771895.9,85788778.4,434222096
2052.5,S,56,20396.26,3484.41,17771895.9,85788868.0,434222197
2053.5,S,56,20410.83,3484.68,17771895.9,85789033.7,434222350
2054.5,S,48,20417.54,3484.91,17771895.9,85789517.0,434223183
2055.5,S,42,20418.42,3485.38,17771895.9,85789698.4,434223429
2056.5,S,42,20421.78,3486.56,17771895.9,85789700.2,434223438
2057.5,S,42,20430.45,3488.02,17771895.9,85789700.6,434223443
2058.5,S,42,20438.90,3489.63,17771895.9,85789700.8,434223446
2059.5,S,42,20447.59,3490.96,17771895.9,85789701.0,434223451
2060.5,S,42,20456.50,3492.29,17771895.9,85789767.3,434223510
2061.5,S,42,20465.23,3493.71,17771895.9,85789771.6,434223515
2062.5,S,42,20473.76,3495.10,17771895.9,85789789.4,434223546
2063.5,S,42,20482.47,3496.60,17771895.9,85789789.7,434223548
2064.5,S,42,20490.98,3498.11,17771895.9,85789849.2,434223601
2065.5,S,42,20499.78,3499.55,17771895.9,85789849.5,434223603
2066.5,S,42,20508.40,3500.90,17771895.9,85789850.0,434223605
2067.5,S,42,20517.14,3502.35,17771895.9,85789850.5,434223609
2068.5,S,42,20525.15,3503.69,17771895.9,85789899.1,434223708
2069.5,S,42,20533.94,3505.08,17771895.9,85789962.1,434223768
2070.5,S,42,20542.56,3506.41,17771895.9,85789990.9,434223799
2071.5,S,42,20551.46,3507.75,17771895.9,85789991.3,434223801
2072.5,S,42,20560.11,3509.27,17771895.9,85789991.8,434223802
2073.5,S,42,20568.69,3510.67,17771895.9,85789992.4,434223805
2074.5,S,42,20577.27,3511.95,17771895.9,85789992.6,434223805
2075.5,S,42,20585.26,3513.26,17771895.9,85790130.0,434223948
2076.5,S,42,20594.03,3514.66,17771895.9,85790130.1,434223950
2077.5,S,42,20602.87,3516.04,17771895.9,85790130.4,434223953
2078.5,S,42,20611.82,3517.47,17771895.9,85790131.3,434223958
2079.5,S,42,20620.33,3518.85,17771895.9,85790190.4,434224017
2080.5,S,42,20629.02,3520.27,17771895.9,85790190.5,434224018
2081.5,S,42,20637.89,3521.67,17771895.9,85790190.8,434224023
2082.5,S,42,20645.61,3523.11,17771895.9,85790289.3,434224130
2083.5,S,42,20654.06,3524.52,17771895.9,85790354.3,434224229
2084.5,S,42,20662.83,3525.85,17771895.9,85790382.0,434224263
2085.5,S,42,20671.38,3527.24,17771895.9,85790401.4,434224281
2086.5,S,42,20680.00,3528.60,17771895.9,85790417.4,434224305
2087.5,S,42,20688.64,3530.09,17771895.9,85790417.5,434224307
2088.5,S,42,20697.27,3531.62,17771895.9,85790417.8,434224312
2089.5,S,46,20706.87,3532.88,17771895.9,85790520.7,434224491
2090.5,S,46,20719.22,3534.58,17771895.9,85790585.8,434224562
2091.5,S,42,20729.48,3536.08,17771895.9,85790776.1,434224924
2092.5,S,42,20738.16,3537.43,17771895.9,85790776.4,434224929
2093.5,S,42,20746.91,3538.82,17771895.9,85790776.7,434224934
2094.5,S,42,20755.48,3540.24,17771895.9,85790841.4,434224992
2095.5,S,42,20764.46,3541.56,17771895.9,85790842.2,434224994
2096.5,S,46,20775.16,3543.05,17771895.9,85790945.1,434225085
2097.5,S,46,20787.59,3544.67,17771895.9,85790945.5,434225090
2098.5,S,42,20797.00,3546.32,17771895.9,85791195.3,434225557
2099.5,S,42,20805.79,3547.74,17771895.9,85791195.8,434225561
2100.5,S,42,20814.72,3548.99,17771895.9,85791196.4,434225565
2101.5,S,42,20823.46,3550.40,17771895.9,85791197.2,434225570
2102.5,S,46,20831.92,3551.68,17771895.9,85791300.2,434225665
2103.5,S,46,20844.21,3553.43,17771895.9,85791364.9,434225724
2104.5,S,46,20855.66,3555.13,17771895.9,85791546.4,434225877
2105.5,S,42,20864.35,3556.41,17771895.9,85791556.5,434225912
2106.5,S,42,20873.03,3557.86,17771895.9,85791606.6,434225958
2107.5,S,42,20881.74,3559.14,17771895.9,85791606.9,434225962
2108.5,S,42,20890.39,3560.51,17771895.9,85791607.2,434225966
2109.5,S,46,20897.63,3561.67,17771895.9,85791710.2,434226172
2110.5,S,46,20909.80,3563.30,17771895.9,85791757.4,434226365
2111.5,S,46,20921.64,3564.90,17771895.9,85791875.6,434226512
2112.6,S,42,20930.65,3566.28,17771895.9,85791966.7,434226600
2113.6,S,42,20939.31,3567.68,17771895.9,85791966.9,434226605
2114.6,S,42,20947.88,3569.17,17771895.9,85792012.0,434226647
2115.6,S,42,20956.70,3570.54,17771895.9,85792012.3,434226652
2116.6,S,42,20964.65,3571.92,17771895.9,85792115.0,434226748
2117.6,S,42,20973.27,3573.39,17771895.9,85792115.5,434226752
2118.6,S,42,20981.61,3574.80,17771895.9,85792180.4,434226999
2119.6,S,42,20990.28,3576.31,17771895.9,85792207.9,434227041
2120.6,S,42,20999.02,3577.69,17771895.9,85792208.2,434227044
2121.6,S,42,21007.61,3579.19,17771895.9,85792253.3,434227087
2122.6,S,42,21016.34,3580.54,17771895.9,85792254.1,434227092
2123.6,S,42,21023.75,3581.80,17771895.9,85792357.4,434227238
2124.6,S,42,21032.34,3583.33,17771895.9,85792357.6,434227239
2125.6,S,42,21040.99,3584.75,17771895.9,85792357.9,434227242
2126.6,S,42,21049.66,3586.20,17771895.9,85792422.5,434227305
2127.6,S,42,21058.39,3587.59,17771895.9,85792422.8,434227307
2128.6,S,42,21067.15,3589.01,17771895.9,85792433.6,434227329
2129.6,S,42,21075.95,3590.48,17771895.9,85792468.6,434227369
2130.6,S,42,21083.35,3591.67,17771895.9,85792571.2,434227519
2131.6,S,42,21092.21,3592.95,17771895.9,85792571.6,434227524
2132.6,S,42,21100.95,3594.38,17771895.9,85792571.7,434227527
2133.6,S,42,21109.53,3595.86,17771895.9,85792636.4,434227588
2134.6,S,42,21118.15,3597.35,17771895.9,85792637.2,434227592
2135.6,S,42,21127.01,3598.68,17771895.9,85792637.5,434227596
2136.6,S,42,21135.58,3600.24,17771895.9,85792682.5,434227642
2137.6,S,42,21143.48,3601.60,17771895.9,85792785.6,434227745
2138.6,S,42,21152.15,3602.98,17771895.9,85792785.7,434227748
2139.6,S,42,21160.92,3604.26,17771895.9,85792786.3,434227751
2140.6,S,42,21169.29,3605.77,17771895.9,85792851.2,434227888
2141.6,S,42,21177.91,3607.20,17771895.9,85792851.5,434227893
2142.6,S,42,21186.80,3608.53,17771895.9,85792851.9,434227900
2143.6,S,42,21195.57,3610.00,17771895.9,85792852.3,434227906
2144.6,S,46,21206.29,3611.52,17771895.9,85793020.1,434228058
2145.6,S,46,21218.85,3613.20,17771895.9,85793034.4,434228074
2146.6,S,42,21228.01,3614.66,17771895.9,85793225.1,434228248
2147.6,S,42,21236.77,3616.13,17771895.9,85793225.4,434228250
2148.6,S,42,21245.41,3617.60,17771895.9,85793225.6,434228251
2149.6,S,42,21254.18,3618.98,17771895.9,85793226.1,434228255
2150.6,S,42,21262.73,3620.32,17771895.9,85793291.0,434228330
2151.6,S,46,21273.88,3621.77,17771895.9,85793393.9,434228431
2152.6,S,46,21286.00,3623.48,17771895.9,85793421.5,434228461
2153.6,S,42,21294.37,3624.81,17771895.9,85793612.5,434228726
2154.6,S,42,21303.11,3626.13,17771895.9,85793612.8,434228728
2155.6,S,42,21311.86,3627.49,17771895.9,85793613.3,434228730
2156.6,S,42,21320.55,3628.85,17771895.9,85793678.4,434228788
2157.6,S,42,21329.26,3630.15,17771895.9,85793678.5,434228790
2158.6,S,46,21339.55,3631.68,17771895.9,85793781.5,434228923
2159.6,S,46,21351.91,3633.41,17771895.9,85793826.5,434229060
2160.6,S,42,21360.82,3635.02,17771895.9,85794017.8,434229352
2161.6,S,42,21369.34,3636.56,17771895.9,85794018.3,434229379
2162.6,S,42,21378.02,3638.05,17771895.9,85794018.5,434229382
2163.6,S,42,21386.63,3639.44,17771895.9,85794018.7,434229383
2164.6,S,42,21395.43,3640.87,17771895.9,85794083.4,434229441
2165.6,S,46,21406.70,3642.42,17771895.9,85794186.3,434229532
2166.6,S,46,21419.17,3644.16,17771895.9,85794186.6,434229536
2167.6,S,42,21427.68,3645.63,17771895.9,85794377.6,434229710
2168.6,S,42,21436.49,3646.93,17771895.9,85794442.3,434229822
2169.6,S,42,21445.03,3648.33,17771895.9,85794442.5,434229824
2170.6,S,42,21453.46,3649.81,17771895.9,85794442.8,434229827
2171.6,S,42,21461.10,3651.19,17771895.9,85794587.2,434229963
2172.6,S,42,21469.72,3652.75,17771895.9,85794587.9,434229967
2173.6,S,42,21478.58,3654.10,17771895.9,85794588.1,434229973
2174.6,S,42,21487.29,3655.53,17771895.9,85794588.5,434229978
2175.6,S,42,21496.08,3656.88,17771895.9,85794653.1,434230035
2176.6,S,42,21504.86,3658.35,17771895.9,85794653.4,434230038
2177.6,S,42,21513.65,3659.82,17771895.9,85794653.8,434230040
2178.6,S,42,21521.51,3661.14,17771895.9,85794801.6,434230177
2179.6,S,42,21530.29,3662.50,17771895.9,85794801.8,434230180
2180.6,S,42,21539.06,3663.74,17771895.9,85794802.1,434230185
2181.6,S,42,21547.85,3665.19,17771895.9,85794802.4,434230188
2182.6,S,42,21556.68,3666.61,17771895.9,85794802.7,434230192
2183.6,S,42,21565.23,3667.97,17771895.9,85794868.0,434230258
2184.6,S,42,21573.93,3669.28,17771895.9,85794868.3,434230264
2185.6,S,42,21581.64,3670.57,17771895.9,85794971.5,434230375
2186.6,S,42,21590.03,3671.96,17771895.9,85795016.3,434230458
2187.6,S,42,21598.85,3673.38,17771895.9,85795016.6,434230459
2188.6,S,42,21607.55,3674.83,17771895.9,85795017.0,434230460
2189.6,S,42,21616.28,3676.22,17771895.9,85795017.6,434230469
2190.6,S,42,21624.55,3677.62,17771895.9,85795082.1,434230810
2191.6,S,42,21633.28,3678.94,17771895.9,85795082.5,434230813
2192.6,S,42,21641.11,3680.34,17771895.9,85795185.4,434230921
2193.6,S,42,21649.77,3681.76,17771895.9,85795230.5,434230961
2194.6,S,42,21658.48,3683.33,17771895.9,85795231.0,434230963
2195.6,S,42,21667.19,3684.66,17771895.9,85795231.2,434230966
2196.6,S,42,21675.88,3685.97,17771895.9,85795231.4,434230966
2197.6,S,42,21684.52,3687.40,17771895.9,85795231.8,434230968
2198.6,S,42,21693.13,3688.82,17771895.9,85795296.4,434231022
2199.6,S,46,21703.68,3690.39,17771895.9,85795399.6,434231114
2200.6,S,46,21716.18,3692.06,17771895.9,85795432.3,434231146
2201.6,S,42,21725.47,3693.51,17771895.9,85795623.1,434231422
2202.7,S,42,21734.12,3694.85,17771895.9,85795623.3,434231425
2203.7,S,42,21742.81,3696.30,17771895.9,85795623.6,434231429
2204.7,S,42,21751.30,3697.77,17771895.9,85795688.6,434231486
2205.7,S,42,21760.01,3699.19,17771895.9,85795689.2,434231490
2206.7,S,46,21770.29,3700.60,17771895.9,85795791.9,434231631
2207.7,S,46,21782.59,3702.27,17771895.9,85795836.7,434231677
2208.7,S,42,21792.44,3703.97,17771895.9,85796027.4,434231842
2209.7,S,42,21801.12,3705.38,17771895.9,85796028.2,434231850
2210.7,S,42,21809.94,3706.82,17771895.9,85796028.9,434231856
2211.7,S,42,21818.58,3708.14,17771895.9,85796029.0,434231858
2212.7,S,42,21827.21,3709.46,17771895.9,85796093.7,434231918
2213.7,S,46,21836.51,3710.74,17771895.9,85796196.5,434232097
2214.7,S,46,21848.95,3712.36,17771895.9,85796233.7,434232139
2215.7,S,42,21859.82,3713.94,17771895.9,85796424.5,434232403
2216.7,S,42,21868.50,3715.32,17771895.9,85796425.1,434232407
2217.7,S,42,21877.30,3716.84,17771895.9,85796425.3,434232409
2218.7,S,42,21885.94,3718.14,17771895.9,85796425.4,434232412
2219.7,S,42,21894.62,3719.55,17771895.9,85796490.1,434232468
2220.7,S,46,21904.96,3721.10,17771895.9,85796593.3,434232560
2221.7,S,46,21917.28,3722.71,17771895.9,85796593.6,434232562
2222.7,S,42,21926.58,3724.03,17771895.9,85796829.1,434232858
2223.7,S,42,21935.37,3725.43,17771895.9,85796829.3,434232861
2224.7,S,42,21944.19,3726.75,17771895.9,85796829.5,434232864
2225.7,S,42,21953.05,3728.15,17771895.9,85796830.1,434232869
2226.7,S,42,21961.72,3729.63,17771895.9,85796894.7,434232927
2227.7,S,42,21969.54,3730.92,17771895.9,85796998.2,434233029
2228.7,S,42,21978.53,3732.39,17771895.9,85796998.6,434233033
2229.7,S,42,21987.30,3733.84,17771895.9,85796998.9,434233037
2230.7,S,42,21995.91,3735.22,17771895.9,85797055.4,434233089
2231.7,S,42,22004.56,3736.63,17771895.9,85797055.8,434233093
2232.7,S,42,22013.23,3738.01,17771895.9,85797056.3,434233096
2233.7,S,42,22021.29,3739.28,17771895.9,85797133.6,434233171
2234.7,S,42,22029.73,3740.61,17771895.9,85797223.7,434233253
2235.7,S,42,22038.68,3741.95,17771895.9,85797224.0,434233257
2236.7,S,42,22047.55,3743.20,17771895.9,85797224.5,434233259
2237.7,S,42,22056.32,3744.52,17771895.9,85797225.0,434233260
2238.7,S,42,22064.85,3745.94,17771895.9,85797279.4,434233421
2239.7,S,42,22073.71,3747.33,17771895.9,85797279.6,434233423
2240.7,S,42,22081.46,3748.67,17771895.9,85797382.8,434233521
2241.7,S,42,22090.24,3750.02,17771895.9,85797382.9,434233523
2242.7,S,42,22098.78,3751.55,17771895.9,85797447.8,434233678
2243.7,S,42,22107.48,3752.87,17771895.9,85797448.5,434233683
2244.7,S,42,22116.28,3754.09,17771895.9,85797448.9,434233687
2245.7,S,42,22124.97,3755.45,17771895.9,85797449.1,434233689
2246.7,S,42,22133.63,3756.80,17771895.9,85797513.7,434233748
2247.7,S,42,22141.55,3758.03,17771895.9,85797620.4,434233850
2248.7,S,42,22150.19,3759.44,17771895.9,85797620.7,434233852
2249.7,S,42,22159.10,3760.80,17771895.9,85797621.1,434233853
2250.7,S,42,22167.84,3762.06,17771895.9,85797621.4,434233857
2251.7,S,42,22176.51,3763.56,17771895.9,85797686.1,434233913
2252.7,S,42,22185.16,3764.90,17771895.9,85797686.3,434233917
2253.7,S,42,22193.84,3766.34,17771895.9,85797686.9,434233920
2254.7,S,46,22202.09,3767.65,17771895.9,85797790.0,434234104
2255.7,S,46,22214.41,3769.31,17771895.9,85797854.7,434234179
2256.7,S,42,22225.28,3770.77,17771895.9,85798045.6,434234366
2257.7,S,42,22233.81,3772.20,17771895.9,85798045.8,434234369
2258.7,S,42,22242.52,3773.62,17771895.9,85798046.4,434234373
2259.7,S,42,22251.23,3775.04,17771895.9,85798111.0,434234429
2260.7,S,42,22259.99,3776.51,17771895.9,85798111.5,434234433
2261.7,S,46,22266.99,3777.53,17771895.9,85798214.3,434234742
2262.7,S,46,22279.39,3779.23,17771895.9,85798250.4,434234777
2263.7,S,46,22290.78,3780.90,17771895.9,85798441.0,434234942
2264.7,S,42,22299.66,3782.34,17771895.9,85798441.7,434234952
2265.7,S,42,22308.31,3783.77,17771895.9,85798441.9,434234954
2266.7,S,42,22316.87,3785.10,17771895.9,85798507.0,434235010
2267.7,S,42,22325.54,3786.61,17771895.9,85798507.1,434235012
2268.7,S,46,22333.85,3787.80,17771895.9,85798609.9,434235145
2269.7,S,46,22346.12,3789.51,17771895.9,85798610.4,434235151
2270.7,S,43,22358.18,3791.33,17771895.9,85798818.6,434235335
2271.7,S,42,22366.78,3792.84,17771895.9,85798885.6,434235395
2272.7,S,42,22375.48,3794.35,17771895.9,85798886.4,434235400
2273.7,S,42,22384.26,3795.78,17771895.9,85798886.6,434235403
2274.7,S,42,22392.88,3797.18,17771895.9,85798886.9,434235408
2275.7,S,46,22402.27,3798.60,17771895.9,85798990.2,434235521
2276.7,S,46,22414.80,3800.13,17771895.9,85799054.8,434235597
2277.7,S,42,22425.54,3801.63,17771895.9,85799246.4,434235776
2278.7,S,42,22431.49,3802.58,17771895.9,85799274.4,434235813
2279.7,S,42,22437.45,3803.53,17771895.9,85799274.7,434235816
2280.7,S,42,22443.27,3804.55,17771895.9,85799339.4,434235880
2281.7,S,42,22449.20,3805.46,17771895.9,85799360.3,434235908
2282.7,S,42,22455.60,3806.52,17771895.9,85799361.0,434235911
2283.7,S,42,22462.00,3807.51,17771895.9,85799361.4,434235915
2284.7,S,42,22468.39,3808.47,17771895.9,85799361.6,434235918
2285.7,S,42,22474.81,3809.41,17771895.9,85799462.2,434236009
2286.7,S,42,22480.47,3810.38,17771895.9,85799529.6,434236077
2287.7,S,42,22485.10,3811.19,17771895.9,85799529.9,434236085
2288.7,S,42,22489.81,3811.97,17771895.9,85799530.4,434236090
2289.7,S,42,22495.29,3813.05,17771895.9,85799569.6,434236131
2290.7,S,42,22500.76,3813.93,17771895.9,85799569.9,434236132
2291.7,S,42,22506.21,3814.84,17771895.9,85799570.5,434236136
2292.7,S,42,22511.62,3815.77,17771895.9,85799570.6,434236138
2293.7,S,42,22516.99,3816.63,17771895.9,85799632.7,434236363
2294.7,S,42,22522.66,3817.69,17771895.9,85799635.9,434236578
2295.7,S,42,22528.08,3818.48,17771895.9,85799727.7,434236804
2296.7,S,42,22533.50,3819.45,17771895.9,85799728.0,434236808
2297.7,S,42,22539.02,3820.35,17771895.9,85799728.4,434236811
2298.7,S,42,22544.48,3821.29,17771895.9,85799797.1,434236877
2299.7,S,42,22550.78,3822.32,17771895.9,85799797.6,434236878
2300.7,S,42,22557.16,3823.19,17771895.9,85799797.9,434236881
2301.7,S,42,22563.20,3824.08,17771895.9,85799885.4,434236972
2302.7,S,42,22567.86,3824.80,17771895.9,85799885.9,434236980
2303.7,S,42,22572.56,3825.54,17771895.9,85799950.5,434237040
2304.7,S,42,22577.32,3826.35,17771895.9,85799951.0,434237045
2305.7,S,42,22582.21,3827.29,17771895.9,85799990.9,434237084
2306.7,S,42,22587.73,3828.21,17771895.9,85800049.2,434237137
2307.7,S,42,22593.20,3829.11,17771895.9,85800049.4,434237140
2308.7,S,42,22598.70,3829.99,17771895.9,85800049.8,434237141
2309.7,S,42,22604.13,3830.86,17771895.9,85800114.5,434237200
2310.7,S,42,22609.56,3831.73,17771895.9,85800114.9,434237201
2311.7,S,42,22615.04,3832.58,17771895.9,85800115.2,434237203
2312.7,S,42,22620.57,3833.46,17771895.9,85800115.4,434237205
2313.7,S,42,22626.02,3834.35,17771895.9,85800116.0,434237208
2314.7,S,42,22631.54,3835.44,17771895.9,85800180.7,434237348
2315.7,S,42,22637.17,3836.48,17771895.9,85800181.0,434237353
2316.7,S,42,22643.00,3837.44,17771895.9,85800230.5,434237413
2317.7,S,42,22648.40,3838.40,17771895.9,85800257.7,434237454
2318.7,S,42,22652.56,3839.04,17771895.9,85800258.0,434237457
2319.7,S,42,22656.63,3839.82,17771895.9,85800324.9,434237565
2320.8,S,42,22661.37,3840.59,17771895.9,85800325.3,434237567
2321.8,S,42,22666.18,3841.35,17771895.9,85800325.9,434237571
2322.8,S,42,22671.08,3842.18,17771895.9,85800326.1,434237574
2323.8,S,42,22676.04,3842.89,17771895.9,85800326.3,434237578
2324.8,S,42,22680.81,3843.70,17771895.9,85800391.5,434237656
2325.8,S,42,22685.66,3844.43,17771895.9,85800391.7,434237656
2326.8,S,42,22690.36,3845.17,17771895.9,85800392.1,434237667
2327.8,S,42,22695.16,3845.95,17771895.9,85800392.4,434237669
2328.8,S,42,22699.85,3846.84,17771895.9,85800457.1,434237739
2329.8,S,42,22704.61,3847.62,17771895.9,85800457.3,434237742
2330.8,S,42,22709.48,3848.45,17771895.9,85800458.0,434237748
2331.8,S,42,22714.29,3849.32,17771895.9,85800458.3,434237753
2332.8,S,42,22719.08,3850.00,17771895.9,85800502.8,434237793
2333.8,S,42,22724.27,3850.88,17771895.9,85800569.9,434237853
2334.8,S,42,22729.89,3851.77,17771895.9,85800570.0,434237854
2335.8,S,42,22735.50,3852.70,17771895.9,85800570.7,434237859
2336.8,S,42,22740.53,3853.41,17771895.9,85800615.8,434237907
2337.8,S,42,22744.64,3854.11,17771895.9,85800680.5,434237964
2338.8,S,42,22748.80,3854.79,17771895.9,85800681.0,434237964
2339.8,S,42,22752.86,3855.57,17771895.9,85800681.4,434237967
2340.8,S,42,22757.07,3856.21,17771895.9,85800681.6,434237970
2341.8,S,42,22761.28,3856.82,17771895.9,85800682.3,434237975
2342.8,S,42,22765.38,3857.53,17771895.9,85800746.9,434238032
2343.8,S,42,22769.51,3858.15,17771895.9,85800747.3,434238034
2344.8,S,42,22773.70,3858.82,17771895.9,85800747.5,434238037
2345.8,S,42,22777.86,3859.46,17771895.9,85800747.7,434238040
2346.8,S,42,22782.11,3860.04,17771895.9,85800812.7,434238112
2347.8,S,42,22786.70,3860.80,17771895.9,85800863.8,434238202
2348.8,S,42,22791.42,3861.57,17771895.9,85800864.1,434238204
2349.8,S,42,22796.06,3862.42,17771895.9,85800864.8,434238212
2350.8,S,42,22800.75,3863.19,17771895.9,85800864.9,434238215
2351.8,S,42,22805.55,3863.98,17771895.9,85800929.6,434238314
2352.8,S,42,22810.31,3864.81,17771895.9,85800974.2,434238392
2353.8,S,42,22814.97,3865.62,17771895.9,85800974.4,434238394
2354.8,S,42,22819.54,3866.44,17771895.9,85800974.7,434238396
2355.8,S,42,22824.30,3867.20,17771895.9,85801039.5,434238507
2356.8,S,42,22829.15,3868.01,17771895.9,85801040.2,434238516
2357.8,S,46,22833.84,3868.82,17771895.9,85801054.7,434238541
2358.8,S,46,22841.77,3869.65,17771895.9,85801055.1,434238543
2359.8,S,46,22849.77,3870.46,17771895.9,85801079.3,434238577
2360.8,S,42,22854.39,3871.18,17771895.9,85801310.6,434238929
2361.8,S,42,22858.07,3871.74,17771895.9,85801310.8,434238932
2362.8,S,42,22861.79,3872.29,17771895.9,85801348.2,434238967
2363.8,S,42,22865.46,3872.87,17771895.9,85801349.7,434238984
2364.8,S,42,22869.15,3873.41,17771895.9,85801414.2,434239045
2365.8,S,42,22872.83,3873.95,17771895.9,85801414.4,434239048
2366.8,S,42,22876.95,3874.63,17771895.9,85801435.4,434239086
2367.8,S,42,22881.03,3875.29,17771895.9,85801470.6,434239125
2368.8,S,42,22885.12,3875.98,17771895.9,85801470.8,434239127
2369.8,S,42,22889.44,3876.62,17771895.9,85801471.2,434239128
2370.8,S,42,22893.61,3877.31,17771895.9,85801536.6,434239210
2371.8,S,42,22897.70,3878.04,17771895.9,85801536.8,434239213
2372.8,S,42,22901.92,3878.74,17771895.9,85801537.2,434239216
2373.8,S,42,22906.08,3879.38,17771895.9,85801537.4,434239221
2374.8,S,42,22910.14,3880.14,17771895.9,85801602.0,434239277
2375.8,S,42,22914.30,3880.84,17771895.9,85801602.7,434239283
2376.8,S,42,22918.64,3881.61,17771895.9,85801631.9,434239312
2377.8,S,42,22923.35,3882.42,17771895.9,85801632.3,434239314
2378.8,S,42,22928.10,3883.25,17771895.9,85801632.7,434239317
2379.8,S,42,22932.77,3884.09,17771895.9,85801633.0,434239321
2380.8,S,42,22937.47,3884.91,17771895.9,85801633.5,434239325
2381.8,S,46,22942.92,3885.67,17771895.9,85801719.5,434239408
2382.8,S,46,22950.92,3886.42,17771895.9,85801719.7,434239411
2383.8,S,45,22958.68,3887.20,17771895.9,85801897.4,434239583
2384.8,S,42,22960.66,3887.39,17771895.9,85801945.4,434239628
2385.8,S,42,22961.59,3887.41,17771895.9,85802010.2,434239690
2386.8,S,42,22962.58,3887.42,17771895.9,85802010.3,434239692
2387.8,S,42,22963.57,3887.43,17771895.9,85802010.5,434239693
2388.8,S,42,22964.50,3887.46,17771895.9,85802103.2,434239779
2389.8,S,42,22965.49,3887.47,17771895.9,85802103.4,434239784
2390.8,S,42,22966.38,3887.56,17771895.9,85802128.8,434239813
2391.8,S,42,22967.36,3887.58,17771895.9,85802129.4,434239818
2392.8,S,42,22968.35,3887.59,17771895.9,85802129.6,434239823
2393.8,S,42,22969.33,3887.61,17771895.9,85802129.8,434239836
2394.8,S,42,22970.27,3887.63,17771895.9,85802194.3,434239897
2395.8,S,42,22971.20,3887.67,17771895.9,85802222.3,434239929
2396.8,S,42,22972.19,3887.68,17771895.9,85802222.4,434239930
2397.8,S,42,22973.17,3887.70,17771895.9,85802223.1,434239935
2398.8,S,42,22974.16,3887.71,17771895.9,85802242.5,434239953
2399.8,S,42,22975.08,3887.74,17771895.9,85802307.0,434240016
2400.8,S,42,22976.00,3887.79,17771895.9,85802335.6,434240048
2401.8,S,42,22976.99,3887.80,17771895.9,85802336.1,434240054
2402.8,S,42,22977.98,3887.82,17771895.9,85802336.6,434240057
2403.8,S,42,22978.97,3887.83,17771895.9,85802336.7,434240059
2404.8,S,42,22979.80,3887.85,17771895.9,85802401.5,434240254
2405.8,S,42,22980.78,3887.87,17771895.9,85802401.7,434240255
2406.8,S,42,22981.76,3887.89,17771895.9,85802402.0,434240256
2407.8,S,42,22982.75,3887.90,17771895.9,85802402.2,434240261
2408.8,S,42,22983.59,3887.94,17771895.9,85802467.0,434240404
2409.8,S,42,22984.58,3887.95,17771895.9,85802467.4,434240411
2410.8,S,42,22985.56,3887.97,17771895.9,85802467.6,434240412
2411.8,S,42,22986.47,3888.02,17771895.9,85802517.5,434240460
2412.8,S,42,22987.46,3888.03,17771895.9,85802517.9,434240463
2413.8,S,42,22988.44,3888.05,17771895.9,85802522.0,434240471
2414.8,S,42,22989.37,3888.07,17771895.9,85802586.9,434240529
2415.8,S,42,22990.35,3888.10,17771895.9,85802587.1,434240531
2416.8,S,42,22991.28,3888.14,17771895.9,85802615.5,434240560
2417.8,S,42,22992.26,3888.16,17771895.9,85802615.6,434240564
2418.8,S,42,22993.25,3888.17,17771895.9,85802616.0,434240566
2419.8,S,42,22994.23,3888.20,17771895.9,85802623.4,434240575
2420.8,S,42,22995.11,3888.21,17771895.9,85802680.9,434240678
2421.8,S,42,22996.05,3888.26,17771895.9,85802709.3,434240705
2422.8,S,42,22997.03,3888.27,17771895.9,85802709.5,434240705
2423.8,S,42,22998.02,3888.29,17771895.9,85802709.9,434240710
2424.8,S,42,22999.00,3888.30,17771895.9,85802710.1,434240713
2425.8,S,42,22999.93,3888.33,17771895.9,85802774.6,434240774
2426.8,S,42,23000.86,3888.37,17771895.9,85802803.2,434240803
2427.8,S,42,23001.85,3888.38,17771895.9,85802803.4,434240806
2428.8,S,42,23002.83,3888.40,17771895.9,85802803.5,434240807
2429.8,S,42,23003.81,3888.43,17771895.9,85802803.9,434240811
2430.8,S,42,23004.74,3888.45,17771895.9,85802868.5,434240869
2431.8,S,42,23005.72,3888.47,17771895.9,85802869.0,434240873
2432.8,S,42,23006.65,3888.52,17771895.9,85802897.3,434240902
2433.8,S,42,23007.64,3888.53,17771895.9,85802897.5,434240907
2434.8,S,42,23008.62,3888.55,17771895.9,85802897.7,434240909
2435.8,S,42,23009.55,3888.58,17771895.9,85802962.4,434240968
2436.8,S,42,23010.52,3888.60,17771895.9,85802962.9,434240968
2437.8,S,42,23011.50,3888.62,17771895.9,85802963.1,434240969
2438.8,S,42,23012.48,3888.64,17771895.9,85802963.3,434240972
2439.8,S,42,23013.40,3888.67,17771895.9,85803027.9,434241040
2440.8,S,42,23014.39,3888.69,17771895.9,85803028.1,434241042
2441.9,S,42,23015.37,3888.70,17771895.9,85803028.5,434241045
2442.9,S,42,23016.27,3888.76,17771895.9,85803085.4,434241097
2443.9,S,42,23017.25,3888.78,17771895.9,85803085.5,434241098
2444.9,S,42,23018.23,3888.80,17771895.9,85803085.7,434241100
2445.9,S,42,23019.22,3888.81,17771895.9,85803085.8,434241103
2446.9,S,42,23020.15,3888.83,17771895.9,85803150.7,434241163
2447.9,S,42,23021.14,3888.85,17771895.9,85803151.1,434241164
2448.9,S,42,23022.13,3888.86,17771895.9,85803151.3,434241169
2449.9,S,42,23023.04,3888.89,17771895.9,85803215.8,434241231
2450.9,S,42,23024.04,3888.90,17771895.9,85803216.0,434241238
2451.9,S,42,23025.02,3888.92,17771895.9,85803216.1,434241238
2452.9,S,42,23025.92,3888.97,17771895.9,85803265.8,434241289
2453.9,S,42,23026.92,3888.97,17771895.9,85803266.4,434241296
2454.9,S,57,23040.46,3889.19,17771895.9,85803267.5,434241304
2455.9,S,57,23056.25,3889.42,17771895.9,85803301.5,434241514
2456.9,S,57,23070.92,3889.65,17771895.9,85803868.2,434242125
2457.9,S,57,23086.60,3889.93,17771899.7,85803919.4,434242216
2458.9,S,57,23102.04,3890.19,17771900.5,85804087.3,434242380
2459.9,S,57,23117.52,3890.44,17771900.5,85804422.7,434242754
2460.9,S,57,23133.22,3890.68,17771900.5,85804464.8,434242830
2461.9,S,57,23148.60,3890.97,17771900.5,85804612.6,434243061
2462.9,S,57,23163.87,3891.25,17771900.5,85804799.9,434243329
2463.9,S,57,23179.19,3891.51,17771900.5,85804951.9,434243539
2464.9,S,57,23194.55,3891.81,17771900.5,85805153.9,434243720
2465.9,S,57,23209.42,3892.10,17771900.5,85805401.7,434243990
2466.9,S,57,23224.81,3892.40,17771900.5,85805622.0,434244197
2467.9,S,57,23239.13,3892.69,17771900.5,85805977.9,434244836
2468.9,S,57,23254.84,3892.94,17771900.5,85806055.7,434244907
2469.9,S,57,23270.50,3893.20,17771900.5,85806210.7,434245038
2470.9,S,57,23285.92,3893.48,17771900.5,85806549.0,434245396
2471.9,S,57,23300.99,3893.78,17771900.5,85806836.1,434245753
2472.9,S,57,23316.35,3894.03,17771900.5,85807060.0,434246088
2473.9,S,57,23331.80,3894.32,17771900.5,85807208.1,434246263
2474.9,S,57,23347.39,3894.59,17771900.5,85807426.9,434246451
2475.9,S,57,23362.17,3894.87,17771900.5,85807720.6,434246885
2476.9,S,57,23377.79,3895.14,17771900.5,85807893.3,434247046
2477.9,S,57,23393.41,3895.41,17771900.5,85808008.2,434247164
2478.9,S,57,23408.42,3895.73,17771900.5,85808401.1,434247683
2479.9,S,57,23424.07,3896.00,17771900.5,85808538.0,434247802
2480.9,S,57,23438.73,3896.32,17771900.5,85808962.6,434248237
2481.9,S,57,23454.36,3896.60,17771900.6,85809018.5,434248353
2482.9,S,56,23469.66,3896.84,17771900.6,85809115.2,434248490
2483.9,S,56,23483.51,3897.11,17771900.6,85809413.4,434248873
2484.9,S,56,23498.09,3897.38,17771900.6,85809649.6,434249080
2485.9,S,56,23512.63,3897.64,17771900.6,85809837.6,434249325
2486.9,S,56,23527.25,3897.89,17771900.6,85809960.2,434249463
2487.9,S,56,23541.08,3898.17,17771900.6,85810295.8,434249935
2488.9,S,42,23545.14,3898.39,17771900.6,85810874.0,434250711
2489.9,S,42,23545.34,3899.18,17771900.6,85810900.8,434250917
2490.9,S,42,23551.98,3900.40,17771900.6,85810902.3,434250924
2491.9,S,42,23560.69,3901.75,17771900.6,85810904.9,434250930
2492.9,S,42,23569.34,3903.17,17771900.6,85810905.2,434250932
2493.9,S,42,23578.18,3904.57,17771900.6,85810905.4,434250935
2494.9,S,42,23586.82,3905.96,17771900.6,85810970.1,434250995
2495.9,S,42,23595.53,3907.36,17771900.6,85810970.3,434250998
2496.9,S,46,23606.11,3908.89,17771900.6,85810994.0,434251034
2497.9,S,46,23618.50,3910.52,17771900.6,85810994.7,434251040
2498.9,S,42,23628.00,3911.93,17771900.6,85811240.7,434251335
2499.9,S,42,23636.50,3913.47,17771900.6,85811240.9,434251338
2500.9,S,42,23645.16,3914.80,17771900.6,85811241.2,434251344
2501.9,S,42,23654.05,3916.18,17771900.6,85811241.4,434251346
2502.9,S,42,23662.84,3917.63,17771900.6,85811306.7,434251415
2503.9,S,46,23673.53,3919.27,17771900.6,85811355.7,434251474
2504.9,S,46,23685.81,3920.94,17771900.6,85811356.0,434251479
2505.9,S,42,23695.43,3922.43,17771900.6,85811546.7,434251662
2506.9,S,42,23703.93,3923.96,17771900.6,85811601.9,434251715
2507.9,S,42,23712.72,3925.42,17771900.6,85811602.1,434251718
2508.9,S,42,23721.37,3926.80,17771900.6,85811631.8,434251752
2509.9,S,42,23730.04,3928.13,17771900.6,85811632.1,434251754
2510.9,S,42,23738.03,3929.50,17771900.6,85811756.2,434251880
2511.9,S,42,23746.66,3930.90,17771900.6,85811771.5,434251895
2512.9,S,42,23755.23,3932.25,17771900.6,85811771.8,434251898
2513.9,S,42,23763.86,3933.79,17771900.6,85811772.2,434251900
2514.9,S,42,23772.59,3935.24,17771900.6,85811773.0,434251906
2515.9,S,42,23781.16,3936.72,17771900.6,85811837.6,434251964
2516.9,S,42,23789.74,3938.23,17771900.6,85811856.3,434251985
2517.9,S,42,23797.40,3939.62,17771900.6,85811956.6,434252096
2518.9,S,42,23806.23,3940.92,17771900.6,85811956.9,434252099
2519.9,S,42,23814.90,3942.32,17771900.6,85811958.2,434252103
2520.9,S,42,23823.63,3943.73,17771900.6,85812023.3,434252164
2521.9,S,42,23832.39,3945.11,17771900.6,85812023.7,434252166
2522.9,S,42,23841.07,3946.56,17771900.6,85812053.8,434252197
2523.9,S,42,23849.19,3947.87,17771900.6,85812131.2,434252271
2524.9,S,42,23857.63,3949.30,17771900.6,85812157.5,434252302
2525.9,S,42,23866.34,3950.85,17771900.6,85812158.1,434252303
2526.9,S,42,23875.17,3952.28,17771900.6,85812158.3,434252306
2527.9,S,42,23883.84,3953.77,17771900.6,85812223.1,434252388
2528.9,S,42,23892.60,3955.16,17771900.6,85812223.3,434252396
2529.9,S,42,23901.12,3956.43,17771900.6,85812260.5,434252445
2530.9,S,42,23908.76,3957.73,17771900.6,85812363.5,434252582
2531.9,S,42,23917.48,3959.23,17771900.6,85812364.2,434252588
2532.9,S,42,23926.18,3960.67,17771900.6,85812364.4,434252591
2533.9,S,42,23934.73,3962.06,17771900.6,85812402.4,434252735
2534.9,S,42,23943.40,3963.42,17771900.6,85812429.4,434252872
2535.9,S,42,23952.03,3964.76,17771900.6,85812429.9,434252876
2536.9,S,42,23960.72,3966.17,17771900.6,85812467.0,434252915
2537.9,S,46,23970.39,3967.71,17771900.6,85812570.2,434253024
2538.9,S,46,23982.85,3969.33,17771900.6,85812570.4,434253055
2539.9,S,42,23992.67,3970.81,17771900.6,85812761.3,434253342
2540.9,S,42,24001.31,3972.09,17771900.6,85812761.4,434253345
2541.9,S,42,24010.02,3973.48,17771900.6,85812826.5,434253407
2542.9,S,42,24018.58,3974.99,17771900.6,85812827.0,434253411
2543.9,S,42,24027.21,3976.52,17771900.6,85812857.7,434253444
2544.9,S,46,24037.27,3978.09,17771900.6,85812960.6,434253536
2545.9,S,46,24049.78,3979.67,17771900.6,85812961.0,434253541
2546.9,S,42,24059.77,3981.18,17771900.6,85813152.1,434253740
2547.9,S,42,24068.41,3982.56,17771900.6,85813217.1,434253801
2548.9,S,42,24077.10,3983.91,17771900.6,85813217.2,434253805
2549.9,S,42,24085.83,3985.35,17771900.6,85813217.5,434253808
2550.9,S,42,24094.74,3986.72,17771900.6,85813217.8,434253813
2551.9,S,46,24105.21,3988.41,17771900.6,85813346.5,434253933
2552.9,S,46,24117.50,3990.21,17771900.6,85813385.5,434253969
2553.9,S,42,24125.79,3991.57,17771900.6,85813576.6,434254300
2554.9,S,42,24134.25,3993.22,17771900.6,85813605.1,434254329
2555.9,S,42,24142.80,3994.70,17771900.6,85813605.3,434254331
2556.9,S,42,24151.27,3996.12,17771900.6,85813605.6,434254333
2557.9,S,42,24159.95,3997.60,17771900.6,85813605.9,434254338
2558.9,S,46,24169.20,3998.93,17771900.6,85813773.9,434254607
2559.9,S,46,24181.60,4000.60,17771900.6,85813774.2,434254612
2561.0,S,42,24191.88,4002.09,17771900.6,85813999.7,434254803
2562.0,S,42,24200.49,4003.64,17771900.6,85814002.0,434254809
2563.0,S,42,24209.06,4005.14,17771900.6,85814002.2,434254811
2564.0,S,42,24217.72,4006.54,17771900.6,85814002.5,434254814
2565.0,S,42,24226.42,4007.94,17771900.6,85814003.3,434254819
2566.0,S,42,24232.41,4009.07,17771900.6,85814170.6,434255130
2567.0,S,42,24241.05,4010.48,17771900.6,85814170.8,434255132
2568.0,S,42,24249.66,4011.77,17771900.6,85814171.1,434255134
2569.0,S,42,24258.37,4013.26,17771900.6,85814171.3,434255134
2570.0,S,42,24267.08,4014.76,17771900.6,85814236.2,434255195
2571.0,S,42,24275.82,4016.17,17771900.6,85814236.6,434255198
2572.0,S,42,24284.64,4017.53,17771900.6,85814236.9,434255202
2573.0,S,42,24292.14,4018.84,17771900.6,85814372.7,434255367
2574.0,S,42,24300.94,4020.33,17771900.6,85814373.0,434255371
2575.0,S,42,24309.56,4021.74,17771900.6,85814428.3,434255431
2576.0,S,42,24318.23,4023.11,17771900.6,85814429.0,434255438
2577.0,S,42,24327.09,4024.48,17771900.6,85814494.4,434255496
2578.0,S,42,24335.76,4025.92,17771900.6,85814494.6,434255499
2579.0,S,42,24344.29,4027.28,17771900.6,85814531.5,434255541
2580.0,S,42,24352.08,4028.45,17771900.6,85814634.4,434255654
2581.0,S,42,24360.79,4029.97,17771900.6,85814634.9,434255660
2582.0,S,42,24369.57,4031.38,17771900.6,85814635.5,434255664
2583.0,S,42,24378.35,4032.75,17771900.6,85814636.1,434255665
2584.0,S,42,24386.93,4034.27,17771900.6,85814700.9,434255747
2585.0,S,42,24395.67,4035.59,17771900.6,85814701.1,434255747
2586.0,S,42,24403.48,4036.89,17771900.6,85814827.4,434255894
2587.0,S,42,24412.08,4038.34,17771900.6,85814841.4,434255908
2588.0,S,42,24420.91,4039.78,17771900.6,85814842.0,434255913
2589.0,S,42,24429.70,4041.12,17771900.6,85814842.2,434255916
2590.0,S,42,24438.41,4042.58,17771900.6,85814906.9,434255974
2591.0,S,42,24447.20,4043.89,17771900.6,85814907.1,434255976
2592.0,S,42,24455.90,4045.40,17771900.6,85814907.4,434255980
2593.0,S,46,24464.50,4046.73,17771900.6,85815010.6,434256072
2594.0,S,46,24476.79,4048.42,17771900.6,85815010.8,434256074
2595.0,S,46,24487.70,4050.02,17771900.6,85815182.9,434256348
2596.0,S,42,24496.48,4051.50,17771900.6,85815281.5,434256472
2597.0,S,42,24505.13,4053.03,17771900.6,85815282.0,434256478
2598.0,S,42,24514.04,4054.35,17771900.6,85815282.6,434256481
2599.0,S,42,24522.99,4055.56,17771900.6,85815283.2,434256484
2600.0,S,46,24531.42,4056.92,17771900.6,85815450.6,434256725
2601.0,S,46,24544.05,4058.50,17771900.6,85815450.8,434256730
2602.0,S,43,24555.45,4060.15,17771900.6,85815593.8,434256860
2603.0,S,42,24563.97,4061.92,17771900.6,85815679.1,434256953
2604.0,S,42,24572.67,4063.49,17771900.6,85815679.8,434256957
2605.0,S,42,24581.18,4064.96,17771900.6,85815680.0,434256960
2606.0,S,42,24589.81,4066.34,17771900.6,85815680.2,434256964
2607.0,S,46,24600.37,4067.80,17771900.6,85815782.9,434257074
2608.0,S,46,24612.55,4069.48,17771900.6,85815847.9,434257137
2609.0,S,42,24622.20,4070.94,17771900.6,85816038.8,434257378
2610.0,S,42,24630.77,4072.42,17771900.6,85816068.7,434257408
2611.0,S,42,24639.55,4073.69,17771900.6,85816068.9,434257411
2612.0,S,42,24648.31,4074.98,17771900.6,85816069.2,434257414
2613.0,S,42,24656.95,4076.51,17771900.6,85816069.7,434257414
2614.0,S,46,24667.76,4078.02,17771900.6,85816172.6,434257509
2615.0,S,46,24679.97,4079.77,17771900.6,85816237.6,434257566
2616.0,S,42,24689.37,4081.28,17771900.6,85816428.4,434257923
2617.0,S,42,24697.93,4082.67,17771900.6,85816465.2,434257961
2618.0,S,42,24706.49,4084.09,17771900.6,85816465.7,434257965
2619.0,S,42,24715.32,4085.46,17771900.6,85816466.3,434257969
2620.0,S,42,24724.10,4086.93,17771900.6,85816472.9,434257979
2621.0,S,42,24731.95,4088.17,17771900.6,85816569.9,434258074
2622.0,S,42,24740.78,4089.49,17771900.6,85816634.6,434258130
2623.0,S,42,24749.60,4090.86,17771900.6,85816634.8,434258133
2624.0,S,42,24758.31,4092.38,17771900.6,85816672.2,434258177
2625.0,S,42,24766.98,4093.78,17771900.6,85816672.4,434258180
2626.0,S,42,24775.60,4095.21,17771900.6,85816673.0,434258183
2627.0,S,42,24783.02,4096.41,17771900.6,85816759.4,434258331
2628.0,S,42,24790.90,4097.57,17771900.6,85816840.8,434258477
2629.0,S,42,24799.58,4098.89,17771900.6,85816841.3,434258482
2630.0,S,42,24808.37,4100.35,17771900.6,85816841.7,434258483
2631.0,S,42,24817.14,4101.74,17771900.6,85816878.9,434258520
2632.0,S,42,24825.76,4103.12,17771900.6,85816879.2,434258526
2633.0,S,42,24834.35,4104.50,17771900.6,85816879.6,434258532
2634.0,S,42,24842.46,4105.91,17771900.6,85816931.3,434258613
2635.0,S,42,24850.55,4107.33,17771900.6,85817047.4,434258794
2636.0,S,42,24859.36,4108.78,17771900.6,85817047.7,434258795
2637.0,S,42,24868.10,4110.20,17771900.6,85817048.1,434258796
2638.0,S,42,24876.58,4111.45,17771900.6,85817085.2,434258834
2639.0,S,42,24885.22,4112.75,17771900.6,85817085.4,434258835
2640.0,S,42,24893.91,4114.22,17771900.6,85817085.7,434258838
2641.0,S,42,24901.72,4115.56,17771900.6,85817189.0,434258931
2642.0,S,42,24910.31,4117.03,17771900.6,85817253.8,434258993
2643.0,S,42,24919.01,4118.43,17771900.6,85817254.3,434258998
2644.0,S,42,24927.63,4119.76,17771900.6,85817254.5,434259001
2645.0,S,42,24936.23,4120.97,17771900.6,85817254.9,434259005
2646.0,S,42,24944.74,4122.19,17771900.6,85817320.0,434259063
2647.0,S,42,24953.47,4123.51,17771900.6,85817320.1,434259064
2648.0,S,42,24961.19,4124.75,17771900.6,85817415.5,434259193
2649.0,S,46,24970.37,4125.98,17771900.6,85817449.2,434259481
2650.0,S,46,24982.64,4127.72,17771900.6,85817449.4,434259483
2651.0,S,42,24991.81,4129.19,17771900.6,85817640.7,434259649
2652.0,S,42,25000.54,4130.70,17771900.6,85817640.9,434259651
2653.0,S,42,25009.12,4132.15,17771900.6,85817706.0,434259712
2654.0,S,42,25017.77,4133.42,17771900.6,85817706.2,434259715
2655.0,S,42,25026.47,4134.91,17771900.6,85817743.1,434259753
2656.0,S,46,25037.21,4136.49,17771900.6,85817846.3,434259846
2657.0,S,46,25049.69,4138.01,17771900.6,85817846.8,434259851
2658.0,S,42,25059.24,4139.55,17771900.6,85818038.3,434260017
2659.0,S,42,25067.86,4141.02,17771900.6,85818069.9,434260047
2660.0,S,42,25076.55,4142.50,17771900.6,85818103.2,434260079
2661.0,S,42,25085.24,4143.98,17771900.6,85818133.0,434260109
2662.0,S,42,25093.51,4145.48,17771900.6,85818153.3,434260146
2663.0,S,46,25103.38,4146.85,17771900.6,85818236.4,434260367
2664.0,S,46,25115.80,4148.38,17771900.6,85818236.9,434260369
2665.0,S,42,25124.84,4149.79,17771900.6,85818427.8,434260539
2666.0,S,42,25133.48,4151.22,17771900.6,85818492.4,434260598
2667.0,S,42,25142.11,4152.61,17771900.6,85818492.7,434260600
2668.0,S,42,25150.85,4153.96,17771900.6,85818493.2,434260602
2669.0,S,42,25159.38,4155.48,17771900.6,85818530.2,434260640
2670.0,S,46,25168.47,4156.63,17771900.6,85818633.5,434260922
2671.0,S,46,25180.92,4158.28,17771900.6,85818633.8,434260926
2672.0,S,42,25190.61,4159.61,17771900.6,85818824.8,434261093
2673.0,S,42,25199.22,4161.05,17771900.6,85818889.5,434261150
2674.0,S,42,25208.02,4162.51,17771900.6,85818890.1,434261152
2675.0,S,42,25216.45,4163.94,17771900.6,85818920.3,434261187
2676.0,S,42,25225.07,4165.48,17771900.6,85818920.6,434261190
2677.0,S,42,25232.74,4166.93,17771900.6,85819023.1,434261291
2678.0,S,42,25241.63,4168.24,17771900.6,85819023.6,434261293
2679.1,S,42,25250.47,4169.87,17771900.6,85819088.6,434261357
2680.1,S,42,25259.06,4171.16,17771900.6,85819089.2,434261360
2681.1,S,42,25267.75,4172.61,17771900.6,85819089.5,434261364
2682.1,S,42,25276.39,4174.03,17771900.6,85819126.5,434261399
2683.1,S,42,25284.22,4175.18,17771900.6,85819211.6,434261533
2684.1,S,42,25292.51,4176.46,17771900.6,85819229.7,434261568
2685.1,S,42,25301.33,4177.96,17771900.6,85819230.6,434261573
2686.1,S,42,25309.82,4179.39,17771900.6,85819295.3,434261681
2687.1,S,42,25318.44,4180.96,17771900.6,85819295.6,434261684
2688.1,S,42,25327.14,4182.27,17771900.6,85819295.8,434261687
2689.1,S,42,25335.81,4183.66,17771900.6,85819332.7,434261742
2690.1,S,42,25343.70,4184.96,17771900.6,85819435.9,434261842
2691.1,S,42,25352.22,4186.41,17771900.6,85819436.4,434261847
2692.1,S,42,25360.90,4187.86,17771900.6,85819436.6,434261850
2693.1,S,42,25369.46,4189.21,17771900.6,85819501.3,434261909
2694.1,S,42,25378.06,4190.64,17771900.6,85819501.5,434261911
2695.1,S,42,25386.58,4191.98,17771900.6,85819535.8,434261948
2696.1,S,42,25395.19,4193.32,17771900.6,85819536.7,434261951
2697.1,S,42,25403.06,4194.51,17771900.6,85819639.6,434262048
2698.1,S,42,25411.75,4195.92,17771900.6,85819639.8,434262051
2699.1,S,42,25420.42,4197.30,17771900.6,85819685.6,434262151
2700.1,S,42,25429.34,4198.65,17771900.6,85819704.6,434262204
2701.1,S,42,25438.09,4199.98,17771900.6,85819705.2,434262208
2702.1,S,42,25446.87,4201.30,17771900.6,85819706.0,434262220
2703.1,S,42,25455.50,4202.79,17771900.6,85819706.4,434262227
2704.1,S,46,25464.25,4204.14,17771900.6,85819873.6,434262451
2705.1,S,46,25476.53,4205.76,17771900.6,85819874.4,434262460
2706.1,S,43,25487.01,4207.34,17771900.6,85820037.2,434262676
2707.1,S,42,25495.66,4208.83,17771900.6,85820105.0,434262785
2708.1,S,42,25504.24,4210.32,17771900.6,85820105.4,434262789
2709.1,S,42,25513.00,4211.82,17771900.6,85820105.7,434262795
2710.1,S,42,25522.03,4213.09,17771900.6,85820105.9,434262797
2711.1,S,46,25530.27,4214.35,17771900.6,85820273.2,434262964
2712.1,S,46,25542.64,4216.00,17771900.6,85820273.7,434262967
2713.1,S,44,25553.59,4217.58,17771900.6,85820464.6,434263217
2714.1,S,42,25558.53,4218.52,17771900.6,85820501.7,434263287
2715.1,S,42,25563.41,4219.37,17771900.6,85820501.8,434263288
2716.1,S,42,25568.38,4220.12,17771900.6,85820502.0,434263291
2717.1,S,42,25573.11,4220.85,17771900.6,85820502.5,434263309
2718.1,S,42,25577.83,4221.60,17771900.6,85820502.6,434263311
2719.1,S,42,25582.59,4222.38,17771900.6,85820567.6,434263530
2720.1,S,42,25587.31,4223.09,17771900.6,85820567.8,434263533
2721.1,S,42,25592.06,4223.80,17771900.6,85820663.2,434263625
2722.1,S,42,25596.97,4224.60,17771900.6,85820663.5,434263626
2723.1,S,42,25601.88,4225.44,17771900.6,85820718.4,434263678
2724.1,S,42,25607.40,4226.36,17771900.6,85820719.0,434263682
2725.1,S,42,25612.82,4227.26,17771900.6,85820719.1,434263683
2726.1,S,46,25620.50,4228.14,17771900.6,85820726.8,434263700
2727.1,S,46,25629.03,4229.04,17771900.6,85820727.1,434263704
2728.1,S,42,25635.81,4229.96,17771900.6,85820982.6,434264025
2729.1,S,42,25639.95,4230.65,17771900.6,85820982.8,434264030
2730.1,S,42,25644.19,4231.36,17771900.6,85821019.9,434264069
2731.1,S,42,25648.93,4232.05,17771900.6,85821103.9,434264142
2732.1,S,42,25653.63,4232.87,17771900.6,85821104.1,434264142
2733.1,S,42,25658.36,4233.68,17771900.6,85821104.4,434264155
2734.1,S,42,25663.06,4234.47,17771900.6,85821169.3,434264217
2735.1,S,42,25667.85,4235.25,17771900.6,85821169.6,434264223
2736.1,S,42,25672.73,4236.01,17771900.6,85821235.1,434264497
2737.1,S,42,25677.46,4236.80,17771900.6,85821235.4,434264538
2738.1,S,42,25682.15,4237.53,17771900.6,85821263.4,434264583
2739.1,S,42,25686.81,4238.29,17771900.6,85821328.7,434264643
2740.1,S,42,25691.56,4239.05,17771900.6,85821329.0,434264646
2741.1,S,42,25696.92,4239.95,17771900.6,85821402.2,434264713
2742.1,S,42,25702.30,4240.92,17771900.6,85821402.6,434264720
2743.1,S,42,25707.66,4241.78,17771900.6,85821402.9,434264725
2744.1,S,46,25713.43,4242.69,17771900.6,85821422.8,434264756
2745.1,S,46,25721.92,4243.56,17771900.6,85821487.5,434264816
2746.1,S,46,25730.34,4244.56,17771900.6,85821583.1,434264900
2747.1,S,42,25734.57,4245.14,17771900.6,85821679.0,434265232
2748.1,S,42,25735.38,4245.23,17771900.6,85821716.0,434265332
2749.1,S,42,25736.37,4245.25,17771900.6,85821716.5,434265336
2750.1,S,42,25737.35,4245.27,17771900.6,85821716.6,434265339
2751.1,S,42,25738.33,4245.29,17771900.6,85821716.8,434265343
2752.1,S,42,25738.65,4245.30,17771900.6,85821774.0,434266026
2753.1,S,42,25739.54,4245.31,17771900.6,85821781.8,434266153
2754.1,S,42,25740.52,4245.34,17771900.6,85821782.0,434266158
2755.1,S,42,25741.50,4245.36,17771900.6,85821782.6,434266166
2756.1,S,42,25742.41,4245.39,17771900.6,85821847.3,434266229
2757.1,S,42,25743.39,4245.41,17771900.6,85821876.7,434266254
2758.1,S,42,25744.37,4245.43,17771900.6,85821876.8,434266256
2759.1,S,42,25745.36,4245.44,17771900.6,85821877.3,434266257
2760.1,S,42,25746.28,4245.47,17771900.6,85821942.0,434266323
2761.1,S,42,25747.20,4245.54,17771900.6,85821955.1,434266340
2762.1,S,42,25748.19,4245.55,17771900.6,85821955.2,434266340
2763.1,S,42,25749.17,4245.57,17771900.6,85821955.6,434266346
2764.1,S,42,25750.10,4245.58,17771900.6,85822020.5,434266412
2765.1,S,42,25751.09,4245.60,17771900.6,85822021.1,434266413
2766.1,S,42,25752.08,4245.61,17771900.6,85822021.2,434266415
2767.1,S,42,25753.06,4245.63,17771900.6,85822037.5,434266434
2768.1,S,42,25754.00,4245.64,17771900.6,85822102.2,434266495
2769.1,S,42,25754.92,4245.70,17771900.6,85822123.6,434266522
2770.1,S,42,25755.91,4245.71,17771900.6,85822123.7,434266523
2771.1,S,42,25756.90,4245.72,17771900.6,85822124.3,434266528
2772.1,S,42,25757.88,4245.74,17771900.6,85822133.4,434266540
2773.1,S,42,25758.82,4245.76,17771900.6,85822197.9,434266596
2774.1,S,42,25759.80,4245.78,17771900.6,85822199.9,434266599
2775.1,S,42,25760.74,4245.82,17771900.6,85822228.1,434266628
2776.1,S,42,25761.72,4245.83,17771900.6,85822228.3,434266633
2777.1,S,42,25762.71,4245.85,17771900.6,85822232.6,434266639
2778.1,S,42,25763.64,4245.88,17771900.6,85822297.2,434266697
2779.1,S,42,25764.62,4245.89,17771900.6,85822297.3,434266699
2780.1,S,42,25765.61,4245.91,17771900.6,85822297.5,434266702
2781.1,S,42,25766.59,4245.93,17771900.6,85822297.8,434266704
2782.1,S,42,25767.51,4245.95,17771900.6,85822362.6,434266762
2783.1,S,42,25768.50,4245.97,17771900.6,85822362.9,434266768
2784.1,S,42,25769.48,4245.99,17771900.6,85822363.1,434266771
2785.1,S,42,25770.35,4246.01,17771900.6,85822427.6,434266895
2786.1,S,42,25771.33,4246.03,17771900.6,85822428.0,434266898
2787.1,S,42,25772.31,4246.04,17771900.6,85822428.4,434266900
2788.1,S,42,25773.30,4246.06,17771900.6,85822428.6,434266905
2789.1,S,42,25774.09,4246.08,17771900.6,85822493.1,434267102
2790.1,S,42,25775.03,4246.11,17771900.6,85822513.7,434267146
2791.1,S,42,25775.97,4246.17,17771900.6,85822514.0,434267149
2792.1,S,42,25776.95,4246.18,17771900.6,85822514.8,434267153
2793.1,S,42,25777.94,4246.19,17771900.6,85822514.9,434267156
2794.1,S,42,25778.80,4246.22,17771900.6,85822579.5,434267287
2795.1,S,42,25779.79,4246.23,17771900.6,85822579.6,434267289
2796.1,S,42,25780.77,4246.25,17771900.6,85822579.8,434267293
2797.1,S,42,25781.76,4246.27,17771900.6,85822580.0,434267294
2798.1,S,42,25782.69,4246.29,17771900.6,85822645.0,434267349
2799.1,S,42,25783.68,4246.30,17771900.6,85822645.1,434267351
2800.1,S,42,25784.66,4246.32,17771900.6,85822645.4,434267355
2801.1,S,42,25785.56,4246.38,17771900.6,85822696.6,434267404
2802.1,S,42,25786.54,4246.40,17771900.6,85822696.8,434267407
2803.2,S,42,25787.52,4246.42,17771900.6,85822697.4,434267410
2804.2,S,42,25788.44,4246.45,17771900.6,85822762.2,434267471
2805.2,S,42,25789.43,4246.47,17771900.6,85822762.3,434267473
2806.2,S,42,25790.41,4246.48,17771900.6,85822762.5,434267476
2807.2,S,42,25791.40,4246.50,17771900.6,85822762.6,434267479
2808.2,S,42,25792.34,4246.51,17771900.6,85822827.4,434267540
2809.2,S,42,25793.32,4246.53,17771900.6,85822827.8,434267543
2810.2,S,42,25794.23,4246.59,17771900.6,85822868.6,434267583
2811.2,S,42,25795.22,4246.60,17771900.6,85822868.9,434267584
2812.2,S,42,25796.21,4246.61,17771900.6,85822869.1,434267587
2813.2,S,42,25797.20,4246.62,17771900.6,85822869.3,434267594
2814.2,S,42,25798.12,4246.65,17771900.6,85822934.1,434267655
2815.2,S,42,25799.11,4246.67,17771900.6,85822934.6,434267658
2816.2,S,42,25800.09,4246.69,17771900.6,85822934.8,434267661
2817.2,S,42,25801.07,4246.71,17771900.6,85822943.4,434267671
2818.2,S,42,25802.00,4246.73,17771900.6,85822999.5,434267721
2819.2,S,42,25802.99,4246.74,17771900.6,85822999.6,434267721
2820.2,S,42,25803.97,4246.76,17771900.6,85823000.2,434267726
2821.2,S,42,25804.91,4246.78,17771900.6,85823064.8,434267783
2822.2,S,42,25805.89,4246.79,17771900.6,85823065.0,434267785
2823.2,S,42,25806.87,4246.82,17771900.6,85823065.3,434267787
2824.2,S,42,25807.86,4246.83,17771900.6,85823065.5,434267790
2825.2,S,42,25808.78,4246.86,17771900.6,85823130.4,434267848
2826.2,S,42,25809.76,4246.88,17771900.6,85823130.8,434267853
2827.2,S,42,25810.65,4246.96,17771900.6,85823167.7,434267888
2828.2,S,42,25811.63,4246.98,17771900.6,85823168.1,434267890
2829.2,S,42,25812.62,4246.99,17771900.6,85823168.4,434267893
2830.2,S,42,25813.61,4247.01,17771900.6,85823169.1,434267900
2831.2,S,42,25814.54,4247.03,17771900.6,85823233.8,434267958
2832.2,S,42,25815.53,4247.05,17771900.6,85823234.3,434267958
2833.2,S,42,25816.52,4247.05,17771900.6,85823234.5,434267960
2834.2,S,42,25817.51,4247.06,17771900.6,85823234.6,434267963
2835.2,S,42,25818.42,4247.09,17771900.6,85823299.6,434268040
2836.2,S,42,25819.41,4247.11,17771900.6,85823299.7,434268043
2837.2,S,42,25820.29,4247.13,17771900.6,85823337.4,434268152
2838.2,S,42,25821.19,4247.18,17771900.6,85823346.7,434268205
2839.2,S,42,25822.17,4247.20,17771900.6,85823346.9,434268206
2840.2,S,42,25823.16,4247.21,17771900.6,85823347.0,434268208
2841.2,S,42,25824.08,4247.24,17771900.6,85823411.8,434268271
2842.2,S,42,25825.07,4247.25,17771900.6,85823412.0,434268273
2843.2,S,42,25826.05,4247.27,17771900.6,85823412.4,434268278
2844.2,S,42,25827.04,4247.28,17771900.6,85823412.5,434268281
2845.2,S,42,25827.90,4247.31,17771900.6,85823477.1,434268408
2846.2,S,42,25828.89,4247.32,17771900.6,85823477.5,434268410
2847.2,S,42,25829.81,4247.37,17771900.6,85823516.8,434268450
2848.2,S,42,25830.80,4247.38,17771900.6,85823517.2,434268453
2849.2,S,42,25831.78,4247.40,17771900.6,85823517.4,434268458
2850.2,S,42,25832.75,4247.43,17771900.6,85823517.5,434268459
2851.2,S,42,25833.68,4247.45,17771900.6,85823582.1,434268520
2852.2,S,42,25834.66,4247.47,17771900.6,85823582.6,434268524
2853.2,S,42,25835.65,4247.49,17771900.6,85823583.0,434268529
2854.2,S,42,25836.57,4247.51,17771900.6,85823647.5,434268593
2855.2,S,42,25837.56,4247.52,17771900.6,85823647.7,434268598
2856.2,S,42,25838.55,4247.53,17771900.6,85823647.8,434268600
2857.2,S,42,25839.42,4247.59,17771900.6,85823696.4,434268681
2858.2,S,42,25840.40,4247.61,17771900.6,85823696.8,434268683
2859.2,S,42,25841.39,4247.62,17771900.6,85823697.2,434268686
2860.2,S,42,25842.37,4247.65,17771900.6,85823697.3,434268689
2861.2,S,42,25843.28,4247.68,17771900.6,85823761.9,434268750
2862.2,S,42,25844.21,4247.73,17771900.6,85823786.1,434268780
2863.2,S,42,25845.19,4247.75,17771900.6,85823786.7,434268783
2864.2,S,42,25846.18,4247.76,17771900.6,85823786.8,434268784
2865.2,S,42,25847.16,4247.78,17771900.6,85823787.2,434268789
2866.2,S,42,25848.09,4247.80,17771900.6,85823851.7,434268849
2867.2,S,42,25849.07,4247.82,17771900.6,85823852.0,434268854
2868.2,S,42,25850.06,4247.83,17771900.6,85823852.1,434268856
2869.2,S,42,25851.04,4247.85,17771900.6,85823852.5,434268860
2870.2,S,42,25851.95,4247.89,17771900.6,85823917.0,434268920
2871.2,S,42,25852.94,4247.90,17771900.6,85823917.4,434268921
2872.2,S,42,25853.93,4247.92,17771900.6,85823917.5,434268921
2873.2,S,42,25854.85,4247.94,17771900.6,85823982.1,434268990
2874.2,S,42,25855.80,4247.99,17771900.6,85823984.3,434268998
2875.2,S,42,25856.78,4248.00,17771900.6,85823984.5,434269003
2876.2,S,42,25857.77,4248.01,17771900.6,85823984.9,434269006
2877.2,S,42,25858.66,4248.04,17771900.6,85824049.4,434269110
2878.2,S,42,25859.64,4248.05,17771900.6,85824049.6,434269113
2879.2,S,42,25860.63,4248.07,17771900.6,85824050.1,434269118
2880.2,S,42,25861.62,4248.08,17771900.6,85824050.3,434269120
2881.2,S,42,25862.47,4248.10,17771900.6,85824114.9,434269253
2882.2,S,42,25863.41,4248.15,17771900.6,85824133.5,434269274
2883.2,S,42,25864.39,4248.16,17771900.6,85824133.7,434269279
2884.2,S,42,25865.38,4248.18,17771900.6,85824133.9,434269282
2885.2,S,42,25866.37,4248.19,17771900.6,85824134.5,434269286
2886.2,S,42,25867.30,4248.22,17771900.6,85824199.0,434269340
2887.2,S,42,25868.28,4248.23,17771900.6,85824199.4,434269344
2888.2,S,42,25869.27,4248.25,17771900.6,85824199.7,434269350
2889.2,S,42,25870.20,4248.28,17771900.6,85824264.2,434269410
2890.2,S,42,25871.18,4248.29,17771900.6,85824265.0,434269418
2891.2,S,42,25872.17,4248.31,17771900.6,85824265.3,434269423
2892.2,S,42,25873.07,4248.37,17771900.6,85824313.7,434269468
2893.2,S,42,25874.05,4248.39,17771900.6,85824314.0,434269469
2894.2,S,42,25875.03,4248.41,17771900.6,85824314.3,434269476
2895.2,S,42,25876.02,4248.42,17771900.6,85824314.7,434269477
2896.2,S,42,25876.95,4248.45,17771900.6,85824379.4,434269542
2897.2,S,42,25877.93,4248.46,17771900.6,85824379.5,434269543
2898.2,S,42,25878.92,4248.47,17771900.6,85824379.7,434269546
2899.2,S,42,25879.84,4248.50,17771900.6,85824444.3,434269612
2900.2,S,42,25880.82,4248.52,17771900.6,85824444.6,434269617
2901.2,S,42,25881.80,4248.53,17771900.6,85824444.9,434269617
2902.2,S,42,25882.71,4248.59,17771900.6,85824493.1,434269665
2903.2,S,42,25883.71,4248.59,17771900.6,85824493.4,434269670
2904.2,S,57,25897.81,4248.83,17771900.6,85824494.3,434269675
2905.2,S,57,25913.59,4249.06,17771900.6,85824495.1,434269676
2906.2,S,57,25929.31,4249.31,17771900.6,85824535.4,434269719
2907.2,S,57,25944.89,4249.61,17771900.6,85824733.9,434269893
2908.2,S,57,25959.60,4249.90,17771900.6,85825105.2,434270356
2909.2,S,57,25974.87,4250.21,17771900.6,85825406.4,434270745
2910.2,S,57,25990.49,4250.48,17771900.6,85825573.1,434270891
2911.2,S,57,26005.76,4250.81,17771900.6,85825796.1,434271170
2912.2,S,57,26021.22,4251.06,17771900.6,85825998.4,434271403
2913.2,S,57,26036.98,4251.31,17771900.6,85826013.4,434271420
2914.2,S,57,26050.92,4251.61,17771900.6,85826399.8,434272165
2915.2,S,57,26066.30,4251.88,17771900.6,85826712.7,434272464
2916.2,S,57,26081.49,4252.12,17771900.6,85826868.5,434272783
2917.2,S,57,26097.10,4252.38,17771900.6,85827072.0,434272965
2918.2,S,57,26112.55,4252.66,17771900.6,85827346.5,434273288
2919.2,S,57,26127.96,4252.98,17771900.6,85827632.9,434273590
2920.2,S,57,26143.14,4253.26,17771900.6,85827898.4,434273888
2921.2,S,57,26158.92,4253.50,17771900.6,85827898.5,434273888
2922.2,S,57,26173.51,4253.76,17771900.6,85828205.5,434274448
2923.2,S,57,26188.65,4254.04,17771900.6,85828469.2,434274726
2924.3,S,57,26203.82,4254.35,17771900.6,85828862.9,434275070
2925.3,S,57,26219.46,4254.59,17771900.6,85828917.0,434275127
2926.3,S,57,26235.01,4254.88,17771900.6,85829079.5,434275283
2927.3,S,57,26250.74,4255.14,17771900.6,85829136.2,434275332
2928.3,S,57,26263.15,4255.46,17771900.6,85829613.4,434276077
2929.3,S,57,26277.31,4255.72,17771900.6,85829820.0,434276331
2930.3,S,57,26292.82,4256.01,17771900.7,85830013.8,434276593
2931.3,S,57,26308.43,4256.27,17771900.7,85830189.2,434276758
2932.3,S,57,26323.78,4256.57,17771900.7,85830469.7,434277026
2933.3,S,56,26336.62,4256.84,17771900.7,85830791.5,434277775
2934.3,S,56,26351.11,4257.07,17771900.7,85830929.3,434277902
2935.3,S,56,26365.12,4257.34,17771900.7,85831213.8,434278323
2936.3,S,56,26379.51,4257.59,17771900.7,85831386.5,434278528
2937.3,S,55,26393.59,4257.81,17771900.7,85831504.2,434278783
2938.3,S,47,26400.62,4258.00,17771900.7,85831989.1,434279368
2939.3,S,42,26401.26,4258.62,17771900.7,85832123.8,434279514
2940.3,S,42,26406.07,4259.98,17771900.7,85832126.4,434279527
2941.3,S,42,26414.78,4261.49,17771900.7,85832126.8,434279529
2942.3,S,42,26423.38,4262.89,17771900.7,85832129.3,434279538
2943.3,S,42,26432.11,4264.33,17771900.7,85832129.4,434279539
2944.3,S,42,26440.63,4265.71,17771900.7,85832194.3,434279606
2945.3,S,42,26449.31,4267.17,17771900.7,85832194.4,434279607
2946.3,S,42,26457.81,4268.52,17771900.7,85832217.2,434279649
2947.3,S,42,26466.50,4269.78,17771900.7,85832217.6,434279649
2948.3,S,42,26475.10,4271.02,17771900.7,85832271.2,434279698
2949.3,S,42,26483.68,4272.49,17771900.7,85832282.5,434279714
2950.3,S,42,26492.30,4273.96,17771900.7,85832283.0,434279719
2951.3,S,42,26501.03,4275.35,17771900.7,85832283.6,434279726
2952.3,S,42,26509.63,4276.75,17771900.7,85832296.5,434279745
2953.3,S,42,26517.88,4278.10,17771900.7,85832396.4,434279856
2954.3,S,42,26526.78,4279.39,17771900.7,85832396.9,434279860
2955.3,S,42,26535.57,4280.77,17771900.7,85832397.1,434279862
2956.3,S,42,26544.33,4282.08,17771900.7,85832397.4,434279866
2957.3,S,42,26553.06,4283.41,17771900.7,85832462.0,434280016
2958.3,S,42,26561.53,4284.80,17771900.7,85832476.0,434280034
2959.3,S,42,26568.59,4285.95,17771900.7,85832549.7,434280252
2960.3,S,42,26577.36,4287.31,17771900.7,85832549.9,434280256
2961.3,S,42,26586.04,4288.80,17771900.7,85832550.1,434280257
2962.3,S,42,26594.70,4290.29,17771900.7,85832595.6,434280295
2963.3,S,42,26603.32,4291.83,17771900.7,85832615.1,434280319
2964.3,S,42,26611.85,4293.21,17771900.7,85832644.7,434280349
2965.3,S,42,26620.46,4294.60,17771900.7,85832678.8,434280379
2966.3,S,42,26628.27,4295.91,17771900.7,85832778.0,434280470
2967.3,S,42,26636.96,4297.37,17771900.7,85832778.2,434280472
2968.3,S,42,26645.54,4298.92,17771900.7,85832778.5,434280475
2969.3,S,42,26654.19,4300.24,17771900.7,85832843.3,434280532
2970.3,S,42,26662.96,4301.66,17771900.7,85832844.7,434280545
2971.3,S,42,26671.84,4303.12,17771900.7,85832844.8,434280547
2972.3,S,42,26680.44,4304.46,17771900.7,85832845.0,434280551
2973.3,S,46,26689.31,4305.79,17771900.7,85832948.0,434280658
2974.3,S,46,26701.55,4307.44,17771900.7,85833012.7,434280784
2975.3,S,43,26713.06,4309.22,17771900.7,85833157.4,434280923
2976.3,S,42,26721.70,4310.65,17771900.7,85833235.8,434281010
2977.3,S,42,26730.33,4312.03,17771900.7,85833236.1,434281012
2978.3,S,42,26738.85,4313.41,17771900.7,85833263.3,434281042
2979.3,S,42,26747.79,4314.59,17771900.7,85833263.5,434281044
2980.3,S,46,26756.91,4316.01,17771900.7,85833366.5,434281144
2981.3,S,46,26769.22,4317.63,17771900.7,85833367.0,434281146
2982.3,S,45,26779.25,4319.01,17771900.7,85833622.6,434281463
2983.3,S,42,26787.95,4320.50,17771900.7,85833622.9,434281468
2984.3,S,42,26796.83,4321.91,17771900.7,85833623.1,434281471
2985.3,S,42,26805.79,4323.32,17771900.7,85833623.3,434281474
2986.3,S,42,26814.67,4324.75,17771900.7,85833623.7,434281478
2987.3,S,46,26823.13,4326.03,17771900.7,85833791.3,434281873
2988.3,S,46,26835.33,4327.72,17771900.7,85833791.5,434281876
2989.3,S,43,26846.98,4329.39,17771900.7,85833964.3,434282027
2990.3,S,42,26855.96,4330.89,17771900.7,85834012.5,434282073
2991.3,S,42,26864.74,4332.24,17771900.7,85834012.9,434282076
2992.3,S,42,26873.51,4333.44,17771900.7,85834013.5,434282081
2993.3,S,42,26882.25,4334.95,17771900.7,85834078.2,434282140
2994.3,S,46,26890.86,4336.12,17771900.7,85834181.1,434282379
2995.3,S,46,26903.05,4337.91,17771900.7,85834181.3,434282381
2996.3,S,42,26913.48,4339.54,17771900.7,85834403.5,434282696
2997.3,S,42,26922.09,4340.93,17771900.7,85834404.2,434282699
2998.3,S,42,26931.03,4342.32,17771900.7,85834404.9,434282701
2999.3,S,42,26939.80,4343.70,17771900.7,85834405.1,434282703
3000.3,S,42,26948.47,4345.06,17771900.7,85834469.8,434282764
3001.3,S,42,26956.09,4346.24,17771900.7,85834572.6,434282902
3002.3,S,42,26964.61,4347.82,17771900.7,85834604.0,434282932
3003.3,S,42,26973.32,4349.13,17771900.7,85834604.6,434282935
3004.3,S,42,26982.12,4350.58,17771900.7,85834605.2,434282936
3005.3,S,42,26991.05,4351.94,17771900.7,85834605.8,434282941
3006.3,S,42,26999.84,4353.29,17771900.7,85834606.1,434282943
3007.3,S,42,27008.23,4354.62,17771900.7,85834711.0,434283088
3008.3,S,42,27016.31,4356.07,17771900.7,85834773.8,434283153
3009.3,S,42,27024.86,4357.42,17771900.7,85834805.5,434283203
3010.3,S,42,27033.61,4358.93,17771900.7,85834805.9,434283209
3011.3,S,42,27042.26,4360.49,17771900.7,85834806.4,434283221
3012.3,S,42,27050.81,4361.99,17771900.7,85834806.9,434283228
3013.3,S,42,27059.36,4363.52,17771900.7,85834871.6,434283304
3014.3,S,42,27067.20,4364.93,17771900.7,85834974.4,434283396
3015.3,S,42,27075.84,4366.41,17771900.7,85834975.4,434283400
3016.3,S,42,27084.49,4367.78,17771900.7,85835006.8,434283432
3017.3,S,42,27093.35,4369.06,17771900.7,85835007.1,434283434
3018.3,S,42,27102.11,4370.46,17771900.7,85835007.3,434283435
3019.3,S,42,27110.86,4371.93,17771900.7,85835007.6,434283438
3020.3,S,42,27119.42,4373.29,17771900.7,85835072.2,434283495
3021.3,S,42,27127.42,4374.66,17771900.7,85835175.7,434283592
3022.3,S,42,27136.20,4376.10,17771900.7,85835206.9,434283623
3023.3,S,42,27144.74,4377.49,17771900.7,85835207.3,434283628
3024.3,S,42,27153.37,4378.90,17771900.7,85835207.5,434283630
3025.3,S,42,27162.19,4380.27,17771900.7,85835207.9,434283633
3026.3,S,42,27170.78,4381.70,17771900.7,85835273.0,434283711
3027.3,S,42,27179.64,4383.17,17771900.7,85835273.3,434283715
3028.3,S,46,27190.19,4384.61,17771900.7,85835376.0,434283814
3029.3,S,46,27202.59,4386.39,17771900.7,85835407.4,434283847
3030.3,S,42,27212.64,4388.08,17771900.7,85835626.1,434284067
3031.3,S,42,27221.18,4389.54,17771900.7,85835627.0,434284072
3032.3,S,42,27229.91,4390.97,17771900.7,85835627.5,434284098
3033.3,S,42,27238.56,4392.39,17771900.7,85835692.2,434284176
3034.3,S,46,27246.91,4393.83,17771900.7,85835795.4,434284286
3035.3,S,46,27259.29,4395.58,17771900.7,85835826.7,434284320
3036.3,S,46,27271.04,4397.11,17771900.7,85835967.6,434284452
3037.3,S,42,27279.99,4398.50,17771900.7,85836018.1,434284635
3038.3,S,42,27288.51,4399.98,17771900.7,85836018.7,434284638
3039.3,S,42,27297.04,4401.45,17771900.7,85836018.9,434284641
3040.3,S,42,27305.63,4402.89,17771900.7,85836083.6,434284701
3041.3,S,46,27314.47,4404.13,17771900.7,85836186.4,434284796
3042.3,S,46,27326.79,4405.78,17771900.7,85836187.0,434284802
3043.3,S,44,27338.36,4407.34,17771900.7,85836368.9,434284981
3044.4,S,42,27347.04,4408.63,17771900.7,85836442.7,434285201
3045.4,S,42,27355.84,4410.09,17771900.7,85836442.9,434285203
3046.4,S,42,27364.47,4411.58,17771900.7,85836473.1,434285243
3047.4,S,42,27373.20,4413.01,17771900.7,85836473.8,434285246
3048.4,S,46,27381.66,4414.34,17771900.7,85836577.3,434285347
3049.4,S,46,27394.17,4416.00,17771900.7,85836577.5,434285349
3050.4,S,46,27405.78,4417.67,17771900.7,85836737.2,434285492
3051.4,S,42,27414.07,4419.09,17771900.7,85836832.9,434285741
3052.4,S,42,27422.63,4420.50,17771900.7,85836833.2,434285743
3053.4,S,42,27431.22,4421.85,17771900.7,85836865.5,434285777
3054.4,S,42,27439.95,4423.14,17771900.7,85836865.9,434285784
3055.4,S,42,27447.85,4424.55,17771900.7,85836968.9,434285878
3056.4,S,42,27456.53,4425.98,17771900.7,85836969.2,434285883
3057.4,S,42,27465.09,4427.40,17771900.7,85837033.8,434285943
3058.4,S,42,27473.82,4428.82,17771900.7,85837034.5,434285948
3059.4,S,42,27482.48,4430.20,17771900.7,85837034.9,434285950
3060.4,S,42,27491.12,4431.61,17771900.7,85837066.4,434285988
3061.4,S,42,27499.80,4432.94,17771900.7,85837066.6,434285988
3062.4,S,42,27506.65,4433.97,17771900.7,85837169.3,434286215
3063.4,S,42,27515.26,4435.42,17771900.7,85837169.5,434286216
3064.4,S,42,27523.88,4436.87,17771900.7,85837234.6,434286274
3065.4,S,42,27532.60,4438.30,17771900.7,85837262.2,434286305
3066.4,S,42,27541.29,4439.71,17771900.7,85837262.5,434286308
3067.4,S,42,27550.05,4441.19,17771900.7,85837262.8,434286312
3068.4,S,42,27558.72,4442.59,17771900.7,85837327.6,434286372
3069.4,S,42,27566.41,4443.99,17771900.7,85837431.0,434286465
3070.4,S,42,27575.25,4445.44,17771900.7,85837450.4,434286485
3071.4,S,42,27583.87,4446.90,17771900.7,85837450.8,434286489
3072.4,S,42,27592.61,4448.42,17771900.7,85837451.2,434286494
3073.4,S,42,27601.20,4449.86,17771900.7,85837451.5,434286497
3074.4,S,42,27609.66,4451.33,17771900.7,85837516.1,434286617
3075.4,S,42,27618.41,4452.72,17771900.7,85837516.8,434286622
3076.4,S,42,27625.93,4453.98,17771900.7,85837651.0,434286821
3077.4,S,42,27634.73,4455.39,17771900.7,85837651.3,434286824
3078.4,S,42,27643.38,4456.75,17771900.7,85837651.5,434286827
3079.4,S,42,27652.04,4458.24,17771900.7,85837651.7,434286831
3080.4,S,42,27660.71,4459.74,17771900.7,85837652.1,434286834
3081.4,S,42,27669.20,4461.26,17771900.7,85837717.1,434286895
3082.4,S,42,27677.84,4462.81,17771900.7,85837717.3,434286896
3083.4,S,46,27689.02,4464.40,17771900.7,85837820.1,434286995
3084.4,S,46,27701.44,4466.19,17771900.7,85837820.4,434286995
3085.4,S,42,27709.16,4467.53,17771900.7,85838075.6,434287410
3086.4,S,42,27717.96,4469.03,17771900.7,85838076.0,434287412
3087.4,S,42,27726.43,4470.54,17771900.7,85838105.9,434287450
3088.4,S,42,27735.32,4472.06,17771900.7,85838106.4,434287453
3089.4,S,42,27743.55,4473.48,17771900.7,85838157.8,434287505
3090.4,S,46,27755.03,4474.90,17771900.7,85838209.1,434287582
3091.4,S,46,27767.26,4476.63,17771900.7,85838274.2,434287639
3092.4,S,42,27776.56,4477.98,17771900.7,85838464.5,434287800
3093.4,S,42,27785.43,4479.50,17771900.7,85838465.2,434287806
3094.4,S,42,27794.21,4480.96,17771900.7,85838465.4,434287807
3095.4,S,42,27802.74,4482.35,17771900.7,85838512.7,434287852
3096.4,S,46,27810.71,4483.59,17771900.7,85838615.4,434287975
3097.4,S,46,27822.95,4485.46,17771900.7,85838616.0,434287978
3098.4,S,46,27834.69,4487.27,17771900.7,85838676.7,434288055
3099.4,S,42,27843.09,4488.70,17771900.7,85838872.0,434288282
3100.4,S,42,27851.71,4490.16,17771900.7,85838872.3,434288282
3101.4,S,42,27860.39,4491.48,17771900.7,85838872.6,434288286
3102.4,S,42,27868.98,4492.93,17771900.7,85838904.1,434288320
3103.4,S,46,27878.11,4494.29,17771900.7,85839007.1,434288417
3104.4,S,46,27890.54,4496.01,17771900.7,85839007.3,434288419
3105.4,S,46,27901.47,4497.63,17771900.7,85839198.4,434288734
3106.4,S,42,27910.25,4499.00,17771900.7,85839263.1,434288792
3107.4,S,42,27919.15,4500.31,17771900.7,85839263.7,434288797
3108.4,S,42,27927.82,4501.90,17771900.7,85839294.8,434288828
3109.4,S,42,27936.45,4503.41,17771900.7,85839295.3,434288830
3110.4,S,42,27943.49,4504.67,17771900.7,85839398.4,434289039
3111.4,S,42,27952.24,4506.15,17771900.7,85839398.7,434289041
3112.4,S,42,27961.02,4507.47,17771900.7,85839463.5,434289099
3113.4,S,42,27969.75,4508.86,17771900.7,85839463.8,434289103
3114.4,S,42,27978.59,4510.26,17771900.7,85839464.0,434289106
3115.4,S,42,27987.28,4511.54,17771900.7,85839503.0,434289142
3116.4,S,42,27996.04,4512.96,17771900.7,85839503.3,434289144
3117.4,S,42,28004.08,4514.17,17771900.7,85839606.7,434289242
3118.4,S,42,28012.86,4515.58,17771900.7,85839606.9,434289244
3119.4,S,42,28021.54,4516.97,17771900.7,85839671.6,434289303
3120.4,S,42,28030.22,4518.31,17771900.7,85839672.2,434289306
3121.4,S,42,28038.76,4519.68,17771900.7,85839672.6,434289311
3122.4,S,42,28047.47,4521.00,17771900.7,85839673.1,434289314
3123.4,S,42,28056.17,4522.33,17771900.7,85839707.5,434289396
3124.4,S,42,28063.84,4523.72,17771900.7,85839840.7,434289557
3125.4,S,42,28072.43,4524.90,17771900.7,85839841.0,434289562
3126.4,S,42,28081.12,4526.20,17771900.7,85839841.4,434289564
3127.4,S,42,28089.92,4527.65,17771900.7,85839888.3,434289610
3128.4,S,42,28098.60,4529.20,17771900.7,85839889.0,434289615
3129.4,S,42,28107.31,4530.56,17771900.7,85839889.3,434289619
3130.4,S,42,28115.52,4531.80,17771900.7,85839978.6,434289716
3131.4,S,42,28121.97,4532.87,17771900.7,85840056.9,434290042
3132.4,S,42,28130.57,4534.30,17771900.7,85840057.7,434290048
3133.4,S,42,28139.28,4535.71,17771900.7,85840087.0,434290084
3134.4,S,42,28147.96,4537.01,17771900.7,85840087.3,434290086
3135.4,S,42,28156.51,4538.44,17771900.7,85840087.5,434290089
3136.4,S,42,28165.07,4539.86,17771900.7,85840087.8,434290093
3137.4,S,42,28173.67,4541.30,17771900.7,85840152.6,434290151
3138.4,S,46,28183.78,4542.87,17771900.7,85840255.8,434290295
3139.4,S,46,28196.12,4544.49,17771900.7,85840256.0,434290296
3140.4,S,42,28204.93,4545.90,17771900.7,85840446.6,434290546
3141.4,S,42,28213.67,4547.39,17771900.7,85840511.4,434290605
3142.4,S,42,28222.37,4548.84,17771900.7,85840511.7,434290608
3143.4,S,42,28231.13,4550.22,17771900.7,85840512.5,434290612
3144.4,S,42,28239.84,4551.72,17771900.7,85840554.3,434290649
3145.4,S,46,28250.95,4553.20,17771900.7,85840657.2,434290745
3146.4,S,46,28263.29,4554.97,17771900.7,85840657.5,434290748
3147.4,S,42,28272.18,4556.39,17771900.7,85840848.0,434290948
3148.4,S,42,28280.92,4557.80,17771900.7,85840848.2,434290951
3149.4,S,42,28289.62,4559.19,17771900.7,85840913.4,434291022
3150.4,S,42,28298.37,4560.57,17771900.7,85840913.8,434291027
3151.4,S,42,28307.09,4562.02,17771900.7,85840919.5,434291034
3152.4,S,46,28317.78,4563.37,17771900.7,85841016.9,434291196
3153.4,S,46,28330.03,4565.06,17771900.7,85841081.4,434291430
3154.4,S,42,28339.95,4566.86,17771900.7,85841292.7,434291629
3155.4,S,42,28348.61,4568.36,17771900.7,85841293.3,434291630
3156.4,S,42,28357.21,4569.69,17771900.7,85841293.7,434291633
3157.4,S,42,28366.09,4571.05,17771900.7,85841293.9,434291636
3158.4,S,46,28374.93,4572.47,17771900.7,85841397.0,434291734
3159.4,S,46,28387.23,4574.14,17771900.7,85841462.2,434291830
3160.4,S,43,28398.68,4575.62,17771900.7,85841639.1,434292013
3161.4,S,42,28403.96,4576.60,17771900.7,85841684.7,434292054
3162.5,S,42,28409.42,4577.46,17771900.7,85841685.2,434292065
3163.5,S,42,28414.89,4578.39,17771900.7,85841685.3,434292067
3164.5,S,42,28420.34,4579.33,17771900.7,85841686.0,434292069
3165.5,S,42,28425.73,4580.19,17771900.7,85841735.3,434292114
3166.5,S,42,28431.17,4581.13,17771900.7,85841751.1,434292131
3167.5,S,42,28436.64,4581.97,17771900.7,85841751.3,434292133
3168.5,S,42,28441.98,4582.93,17771900.7,85841751.5,434292136
3169.5,S,42,28447.45,4583.69,17771900.7,85841751.7,434292137
3170.5,S,42,28453.06,4584.62,17771900.7,85841816.4,434292193
3171.5,S,42,28457.93,4585.37,17771900.7,85841919.5,434292294
3172.5,S,42,28461.99,4586.06,17771900.7,85841919.8,434292300
3173.5,S,42,28466.36,4586.78,17771900.7,85841960.7,434292381
3174.5,S,42,28471.18,4587.57,17771900.7,85841961.1,434292384
3175.5,S,42,28475.89,4588.31,17771900.7,85841961.3,434292386
3176.5,S,42,28480.62,4589.10,17771900.7,85842045.0,434292463
3177.5,S,42,28485.21,4589.92,17771900.7,85842110.0,434292523
3178.5,S,42,28489.97,4590.72,17771900.7,85842110.3,434292525
3179.5,S,42,28494.95,4591.46,17771900.7,85842110.5,434292526
3180.5,S,42,28499.85,4592.26,17771900.7,85842110.8,434292528
3181.5,S,42,28504.69,4593.02,17771900.7,85842111.1,434292530
3182.5,S,42,28509.35,4593.86,17771900.7,85842176.2,434292592
3183.5,S,42,28514.15,4594.62,17771900.7,85842176.4,434292594
3184.5,S,42,28518.94,4595.38,17771900.7,85842176.7,434292599
3185.5,S,42,28523.73,4596.18,17771900.7,85842217.9,434292640
3186.5,S,42,28529.28,4597.03,17771900.7,85842290.1,434292706
3187.5,S,42,28534.79,4597.93,17771900.7,85842290.6,434292710
3188.5,S,42,28540.24,4598.91,17771900.7,85842291.3,434292713
3189.5,S,42,28545.54,4599.85,17771900.7,85842310.9,434292746
3190.5,S,42,28549.71,4600.50,17771900.7,85842375.6,434292870
3191.5,S,42,28553.78,4601.15,17771900.7,85842380.8,434292877
3192.5,S,42,28558.01,4601.79,17771900.7,85842429.8,434293205
3193.5,S,42,28562.11,4602.51,17771900.7,85842430.5,434293207
3194.5,S,42,28566.14,4603.25,17771900.7,85842523.3,434293299
3195.5,S,42,28570.22,4603.97,17771900.7,85842523.7,434293303
3196.5,S,42,28574.64,4604.77,17771900.7,85842554.0,434293335
3197.5,S,42,28579.30,4605.54,17771900.7,85842554.4,434293340
3198.5,S,42,28583.92,4606.37,17771900.7,85842554.9,434293343
3199.5,S,42,28588.64,4607.12,17771900.7,85842555.6,434293349
3200.5,S,42,28593.26,4607.96,17771900.7,85842620.2,434293409
3201.5,S,42,28597.90,4608.78,17771900.7,85842620.6,434293414
3202.5,S,42,28602.70,4609.54,17771900.7,85842661.1,434293457
3203.5,S,42,28607.37,4610.24,17771900.7,85842661.4,434293459
3204.5,S,42,28612.13,4610.95,17771900.7,85842662.0,434293460
3205.5,S,42,28616.84,4611.78,17771900.7,85842726.8,434293532
3206.5,S,42,28621.56,4612.53,17771900.7,85842727.0,434293533
3207.5,S,42,28626.24,4613.36,17771900.7,85842727.3,434293538
3208.5,S,42,28630.99,4614.18,17771900.7,85842734.8,434293547
3209.5,S,42,28636.51,4615.09,17771900.7,85842787.8,434293598
3210.5,S,42,28640.87,4615.77,17771900.7,85842819.2,434293636
3211.5,S,42,28645.04,4616.41,17771900.7,85842819.5,434293640
3212.5,S,42,28649.19,4617.07,17771900.7,85842819.8,434293642
3213.5,S,42,28653.35,4617.69,17771900.7,85842884.5,434293698
3214.5,S,42,28657.43,4618.39,17771900.7,85842884.6,434293700
3215.5,S,42,28661.53,4619.12,17771900.7,85842885.5,434293704
3216.5,S,42,28665.67,4619.76,17771900.7,85842885.8,434293707
3217.5,S,42,28669.72,4620.50,17771900.7,85842950.5,434293764
3218.5,S,42,28673.86,4621.18,17771900.7,85842950.9,434293769
3219.5,S,42,28677.98,4621.80,17771900.7,85842951.2,434293769
3220.5,S,42,28682.01,4622.55,17771900.7,85842951.6,434293770
3221.5,S,42,28686.28,4623.18,17771900.7,85842952.1,434293775
3222.5,S,42,28690.84,4623.86,17771900.7,85843092.4,434293911
3223.5,S,42,28695.43,4624.61,17771900.7,85843104.2,434293930
3224.5,S,42,28700.17,4625.35,17771900.7,85843104.4,434293933
3225.5,S,42,28704.90,4626.12,17771900.7,85843105.0,434293936
3226.5,S,42,28709.69,4626.89,17771900.7,85843105.6,434293937
3227.5,S,42,28714.46,4627.71,17771900.7,85843170.3,434294077
3228.5,S,42,28719.78,4628.49,17771900.7,85843170.6,434294080
3229.5,S,42,28724.65,4629.28,17771900.7,85843170.8,434294082
3230.5,S,42,28729.24,4630.13,17771900.7,85843171.3,434294084
3231.5,S,42,28733.97,4630.93,17771900.7,85843184.1,434294108
3232.5,S,42,28737.55,4631.51,17771900.7,85843286.3,434294207
3233.5,S,42,28741.21,4632.05,17771900.7,85843286.6,434294210
3234.5,S,42,28744.81,4632.65,17771900.7,85843287.0,434294213
3235.5,S,42,28748.81,4633.41,17771900.7,85843325.2,434294253
3236.5,S,42,28752.97,4634.08,17771900.7,85843325.9,434294256
3237.5,S,42,28757.03,4634.75,17771900.7,85843326.3,434294257
3238.5,S,42,28761.17,4635.45,17771900.7,85843326.6,434294259
3239.5,S,42,28765.31,4636.16,17771900.7,85843391.2,434294322
3240.5,S,42,28769.47,4636.85,17771900.7,85843391.5,434294325
3241.5,S,42,28773.61,4637.51,17771900.7,85843392.1,434294326
3242.5,S,42,28777.70,4638.24,17771900.7,85843392.6,434294329
3243.5,S,42,28781.82,4638.90,17771900.7,85843494.2,434294470
3244.5,S,42,28786.08,4639.58,17771900.7,85843494.6,434294475
3245.5,S,42,28790.23,4640.16,17771900.7,85843522.0,434294552
3246.5,S,42,28794.97,4640.91,17771900.7,85843524.9,434294680
3247.5,S,42,28799.79,4641.70,17771900.7,85843525.4,434294684
3248.5,S,42,28804.52,4642.50,17771900.7,85843525.9,434294688
3249.5,S,42,28809.20,4643.30,17771900.7,85843526.1,434294691
3250.5,S,42,28813.90,4644.14,17771900.7,85843590.9,434294792
3251.5,S,42,28818.69,4644.96,17771900.7,85843591.1,434294795
3252.5,S,42,28823.48,4645.67,17771900.7,85843591.8,434294798
3253.5,S,42,28828.13,4646.61,17771900.7,85843628.6,434294836
3254.5,S,46,28834.40,4647.42,17771900.7,85843654.1,434294886
3255.5,S,46,28842.23,4648.16,17771900.7,85843718.7,434294996
3256.5,S,43,28849.47,4648.99,17771900.7,85843909.4,434295159
3257.5,S,42,28853.65,4649.86,17771900.7,85843939.5,434295201
3258.5,S,42,28857.80,4650.52,17771900.7,85843939.9,434295203
3259.5,S,42,28861.96,4651.13,17771900.7,85843940.6,434295205
3260.5,S,42,28866.01,4651.88,17771900.7,85843940.8,434295206
3261.5,S,42,28870.14,4652.51,17771900.7,85844005.6,434295263
3262.5,S,42,28874.34,4653.09,17771900.7,85844005.8,434295265
3263.5,S,42,28878.40,4653.75,17771900.7,85844041.8,434295299
3264.5,S,42,28882.46,4654.50,17771900.7,85844042.0,434295300
3265.5,S,42,28886.53,4655.18,17771900.7,85844102.7,434295374
3266.5,S,42,28890.90,4655.86,17771900.7,85844107.1,434295387
3267.5,S,42,28895.08,4656.54,17771900.7,85844107.3,434295391
3268.5,S,42,28899.41,4657.32,17771900.7,85844137.5,434295439
3269.5,S,42,28904.09,4658.11,17771900.7,85844137.8,434295443
3270.5,S,42,28908.82,4658.84,17771900.7,85844138.2,434295444
3271.5,S,42,28913.57,4659.50,17771900.7,85844138.5,434295446
3272.5,S,42,28918.25,4660.36,17771900.7,85844203.1,434295516
3273.5,S,42,28922.98,4661.16,17771900.7,85844223.1,434295672
3274.5,S,42,28927.67,4661.94,17771900.7,85844240.4,434295734
3275.5,S,42,28932.43,4662.70,17771900.7,85844240.7,434295735
3276.5,S,46,28938.73,4663.52,17771900.7,85844268.5,434295778
3277.5,S,46,28946.94,4664.28,17771900.7,85844333.3,434295841
3278.5,S,42,28952.79,4664.96,17771900.7,85844524.1,434296018
3279.5,S,42,28953.66,4665.06,17771900.7,85844554.2,434296055
3280.5,S,42,28954.64,4665.07,17771900.7,85844554.4,434296057
3281.5,S,42,28955.62,4665.10,17771900.7,85844555.1,434296062
3282.6,S,42,28956.61,4665.11,17771900.7,85844555.2,434296065
3283.6,S,42,28957.53,4665.14,17771900.7,85844619.8,434296122
3284.6,S,42,28958.52,4665.15,17771900.7,85844620.0,434296123
3285.6,S,42,28959.50,4665.17,17771900.7,85844620.5,434296127
3286.6,S,42,28960.41,4665.22,17771900.7,85844685.0,434296205
3287.6,S,42,28961.39,4665.23,17771900.7,85844685.5,434296207
3288.6,S,42,28962.37,4665.25,17771900.7,85844685.6,434296209
3289.6,S,42,28963.36,4665.26,17771900.7,85844713.8,434296239
3290.6,S,42,28964.20,4665.29,17771900.7,85844778.6,434296389
3291.6,S,42,28965.18,4665.30,17771900.7,85844778.8,434296390
3292.6,S,42,28966.17,4665.32,17771900.7,85844779.1,434296392
3293.6,S,42,28967.15,4665.34,17771900.7,85844779.2,434296397
3294.6,S,42,28968.05,4665.37,17771900.7,85844862.0,434296498
3295.6,S,42,28969.03,4665.39,17771900.7,85844862.6,434296502
3296.6,S,42,28969.94,4665.45,17771900.7,85844902.5,434296541
3297.6,S,42,28970.92,4665.46,17771900.7,85844902.7,434296546
3298.6,S,42,28971.91,4665.48,17771900.7,85844903.1,434296549
3299.6,S,42,28972.90,4665.49,17771900.7,85844903.3,434296554
3300.6,S,42,28973.83,4665.51,17771900.7,85844967.8,434296612
3301.6,S,42,28974.81,4665.53,17771900.7,85844968.4,434296618
3302.6,S,42,28975.79,4665.55,17771900.7,85844968.6,434296621
3303.6,S,42,28976.73,4665.57,17771900.7,85845033.2,434296681
3304.6,S,42,28977.71,4665.59,17771900.7,85845039.5,434296690
3305.6,S,42,28978.63,4665.64,17771900.7,85845069.3,434296720
3306.6,S,42,28979.62,4665.66,17771900.7,85845069.5,434296723
3307.6,S,42,28980.60,4665.67,17771900.7,85845070.0,434296727
3308.6,S,42,28981.59,4665.68,17771900.7,85845070.3,434296733
3309.6,S,42,28982.51,4665.71,17771900.7,85845137.4,434296802
3310.6,S,42,28983.50,4665.73,17771900.7,85845137.8,434296803
3311.6,S,42,28984.48,4665.75,17771900.7,85845138.0,434296805
3312.6,S,42,28985.37,4665.77,17771900.7,85845202.8,434296903
3313.6,S,42,28986.36,4665.78,17771900.7,85845203.0,434296908
3314.6,S,42,28987.29,4665.83,17771900.7,85845232.9,434296946
3315.6,S,42,28988.27,4665.84,17771900.7,85845233.5,434296954
3316.6,S,42,28989.26,4665.86,17771900.7,85845233.7,434296959
3317.6,S,42,28990.25,4665.87,17771900.7,85845233.8,434296964
3318.6,S,42,28991.17,4665.89,17771900.7,85845298.7,434297029
3319.6,S,42,28992.16,4665.91,17771900.7,85845298.9,434297030
3320.6,S,42,28993.14,4665.92,17771900.7,85845299.1,434297033
3321.6,S,42,28994.12,4665.95,17771900.7,85845311.9,434297044
3322.6,S,42,28995.04,4665.97,17771900.7,85845363.9,434297105
3323.6,S,42,28996.03,4665.98,17771900.7,85845364.4,434297108
3324.6,S,42,28997.02,4665.99,17771900.7,85845364.6,434297112
3325.6,S,42,28997.95,4666.01,17771900.7,85845429.1,434297178
3326.6,S,42,28998.88,4666.07,17771900.7,85845440.5,434297194
3327.6,S,42,28999.85,4666.09,17771900.7,85845441.0,434297195
3328.6,S,42,29000.84,4666.11,17771900.7,85845441.1,434297197
3329.6,S,42,29001.81,4666.13,17771900.7,85845461.2,434297216
3330.6,S,42,29002.71,4666.14,17771900.7,85845506.1,434297313
3331.6,S,42,29003.69,4666.15,17771900.7,85845506.2,434297315
3332.6,S,42,29004.69,4666.16,17771900.7,85845506.4,434297317
3333.6,S,42,29005.59,4666.21,17771900.7,85845568.9,434297376
3334.6,S,42,29006.57,4666.23,17771900.7,85845569.2,434297379
3335.6,S,42,29007.55,4666.25,17771900.7,85845569.7,434297382
3336.6,S,42,29008.53,4666.27,17771900.7,85845569.9,434297386
3337.6,S,42,29009.45,4666.30,17771900.7,85845634.5,434297449
3338.6,S,42,29010.43,4666.32,17771900.7,85845635.0,434297454
3339.6,S,42,29011.42,4666.33,17771900.7,85845635.1,434297457
3340.6,S,42,29012.29,4666.36,17771900.7,85845673.7,434297583
3341.6,S,42,29013.17,4666.38,17771900.7,85845700.2,434297680
3342.6,S,42,29014.16,4666.39,17771900.7,85845700.4,434297684
3343.6,S,42,29015.07,4666.44,17771900.7,85845736.5,434297727
3344.6,S,42,29016.05,4666.46,17771900.7,85845736.9,434297735
3345.6,S,42,29017.04,4666.47,17771900.7,85845737.1,434297740
3346.6,S,42,29017.97,4666.50,17771900.7,85845801.9,434297803
3347.6,S,42,29018.95,4666.52,17771900.7,85845802.1,434297809
3348.6,S,42,29019.93,4666.53,17771900.7,85845802.3,434297812
3349.6,S,42,29020.92,4666.54,17771900.7,85845802.7,434297816
3350.6,S,42,29021.75,4666.57,17771900.7,85845867.2,434297974
3351.6,S,42,29022.74,4666.58,17771900.7,85845867.6,434297979
3352.6,S,42,29023.61,4666.64,17771900.7,85845907.4,434298054
3353.6,S,42,29024.60,4666.65,17771900.7,85845907.7,434298059
3354.6,S,42,29025.59,4666.67,17771900.7,85845907.8,434298062
3355.6,S,42,29026.57,4666.68,17771900.7,85845908.3,434298065
3356.6,S,42,29027.50,4666.71,17771900.7,85845972.8,434298122
3357.6,S,42,29028.48,4666.72,17771900.7,85845973.4,434298124
3358.6,S,42,29029.46,4666.75,17771900.7,85845973.5,434298125
3359.6,S,42,29030.44,4666.77,17771900.7,85845973.7,434298127
3360.6,S,42,29031.33,4666.82,17771900.7,85846050.2,434298196
3361.6,S,42,29032.32,4666.83,17771900.7,85846050.5,434298199
3362.6,S,42,29033.31,4666.84,17771900.7,85846050.9,434298202
3363.6,S,42,29034.29,4666.86,17771900.7,85846051.1,434298206
3364.6,S,42,29035.21,4666.89,17771900.7,85846115.6,434298265
3365.6,S,42,29036.20,4666.91,17771900.7,85846116.1,434298269
3366.6,S,42,29037.18,4666.92,17771900.7,85846116.2,434298271
3367.6,S,42,29038.17,4666.94,17771900.7,85846116.8,434298272
3368.6,S,42,29039.10,4666.97,17771900.7,85846181.5,434298333
3369.6,S,42,29040.02,4667.02,17771900.7,85846210.7,434298364
3370.6,S,42,29041.00,4667.04,17771900.7,85846211.0,434298366
3371.6,S,42,29042.00,4667.05,17771900.7,85846211.5,434298371
3372.6,S,42,29042.98,4667.06,17771900.7,85846211.7,434298373
3373.6,S,42,29043.90,4667.08,17771900.7,85846276.6,434298469
3374.6,S,42,29044.88,4667.10,17771900.7,85846276.9,434298476
3375.6,S,42,29045.87,4667.11,17771900.7,85846277.2,434298481
3376.6,S,42,29046.85,4667.13,17771900.7,85846277.4,434298482
3377.6,S,42,29047.76,4667.15,17771900.7,85846341.9,434298560
3378.6,S,42,29048.74,4667.17,17771900.7,85846358.1,434298579
3379.6,S,42,29049.66,4667.23,17771900.7,85846372.2,434298596
3380.6,S,42,29050.65,4667.24,17771900.7,85846372.4,434298601
3381.6,S,42,29051.64,4667.26,17771900.7,85846372.5,434298604
3382.6,S,42,29052.56,4667.29,17771900.7,85846437.3,434298667
3383.6,S,42,29053.54,4667.30,17771900.7,85846437.6,434298677
3384.6,S,42,29054.52,4667.33,17771900.7,85846438.0,434298682
3385.6,S,42,29055.51,4667.34,17771900.7,85846438.1,434298687
3386.6,S,42,29056.41,4667.40,17771900.7,85846497.0,434298745
3387.6,S,42,29057.39,4667.42,17771900.7,85846497.4,434298747
3388.6,S,42,29058.38,4667.43,17771900.7,85846497.6,434298753
3389.6,S,42,29059.30,4667.46,17771900.7,85846562.5,434298812
3390.6,S,42,29060.29,4667.47,17771900.7,85846562.7,434298818
3391.6,S,42,29061.27,4667.49,17771900.7,85846562.8,434298819
3392.6,S,42,29062.25,4667.51,17771900.7,85846563.0,434298819
3393.6,S,42,29063.17,4667.54,17771900.7,85846627.6,434298882
3394.6,S,42,29064.16,4667.55,17771900.7,85846627.8,434298884
3395.6,S,42,29065.08,4667.61,17771900.7,85846657.2,434298916
3396.6,S,42,29066.06,4667.62,17771900.7,85846657.5,434298922
3397.6,S,42,29067.05,4667.64,17771900.7,85846657.6,434298925
3398.6,S,42,29067.97,4667.67,17771900.7,85846722.4,434298985
3399.6,S,42,29068.96,4667.68,17771900.7,85846722.5,434298985
3400.6,S,42,29069.94,4667.70,17771900.7,85846723.0,434298987
3401.6,S,42,29070.92,4667.72,17771900.7,85846723.2,434298989
3402.6,S,42,29071.84,4667.74,17771900.7,85846787.7,434299062
3403.7,S,42,29072.82,4667.76,17771900.7,85846788.0,434299065
3404.7,S,42,29073.73,4667.82,17771900.7,85846827.9,434299107
3405.7,S,42,29074.73,4667.82,17771900.7,85846828.4,434299109
3406.7,S,57,29086.93,4668.04,17771900.7,85846828.6,434299113
3407.7,S,57,29102.72,4668.27,17771900.7,85846829.5,434299117
3408.7,S,57,29118.48,4668.52,17771900.7,85846829.7,434299120
3409.7,S,57,29134.03,4668.79,17771900.7,85846997.5,434299350
3410.7,S,57,29148.98,4669.12,17771900.7,85847407.4,434299789
3411.7,S,57,29164.41,4669.43,17771900.7,85847552.5,434299970
3412.7,S,57,29178.30,4669.77,17771900.7,85848001.2,434300599
3413.7,S,57,29194.03,4670.03,17771900.7,85848058.2,434300652
3414.7,S,57,29208.76,4670.30,17771900.7,85848216.1,434300854
3415.7,S,57,29224.19,4670.57,17771900.7,85848467.3,434301112
3416.7,S,57,29237.51,4670.87,17771900.7,85848853.5,434301760
3417.7,S,57,29252.81,4671.13,17771900.7,85849019.4,434302081
3418.7,S,57,29268.57,4671.39,17771900.7,85849020.0,434302084
3419.7,S,57,29284.15,4671.66,17771900.7,85849249.4,434302276
3420.7,S,57,29299.26,4671.96,17771900.7,85849648.7,434302832
3421.7,S,57,29314.80,4672.24,17771900.8,85849878.6,434303046
3422.7,S,57,29330.27,4672.50,17771900.8,85850076.1,434303365
3423.7,S,57,29345.81,4672.80,17771900.8,85850224.6,434303493
3424.7,S,57,29360.95,4673.07,17771900.8,85850483.6,434303770
3425.7,S,57,29375.98,4673.37,17771900.8,85850808.1,434304147
3426.7,S,57,29391.51,4673.67,17771900.8,85851041.4,434304383
3427.7,S,57,29406.68,4673.94,17771900.8,85851227.2,434304790
3428.7,S,57,29422.37,4674.20,17771900.8,85851308.6,434304863
3429.7,S,57,29437.60,4674.50,17771900.8,85851607.7,434305203
3430.7,S,57,29453.16,4674.80,17771900.8,85851811.8,434305399
3431.7,S,57,29468.70,4675.08,17771900.8,85852033.7,434305627
3432.7,S,57,29484.11,4675.38,17771900.8,85852197.7,434305978
3433.7,S,57,29499.35,4675.67,17771900.8,85852519.9,434306264
3434.7,S,57,29513.87,4675.95,17771900.8,85852916.5,434306655
3435.7,S,56,29528.69,4676.16,17771900.8,85852964.9,434306901
3436.7,S,56,29543.18,4676.45,17771900.8,85853261.2,434307191
3437.7,S,56,29557.65,4676.74,17771900.8,85853393.4,434307471
3438.7,S,56,29571.50,4677.01,17771900.8,85853702.3,434307985
3439.7,S,54,29585.42,4677.28,17771900.8,85853964.7,434308364
3440.7,S,45,29593.16,4677.51,17771900.8,85854388.0,434308818
3441.7,S,42,29594.09,4677.98,17771900.9,85854497.3,434309208
3442.7,S,42,29597.82,4679.15,17771900.9,85854499.5,434309220
3443.7,S,42,29606.50,4680.45,17771900.9,85854500.6,434309227
3444.7,S,42,29615.21,4681.87,17771900.9,85854501.1,434309229
3445.7,S,42,29623.85,4683.33,17771900.9,85854501.4,434309233
3446.7,S,42,29632.56,4684.70,17771900.9,85854566.0,434309293
3447.7,S,42,29641.32,4686.16,17771900.9,85854568.2,434309302
3448.7,S,46,29650.88,4687.62,17771900.9,85854591.8,434309335
3449.7,S,46,29663.22,4689.20,17771900.9,85854592.3,434309337
3450.7,S,43,29674.32,4690.79,17771900.9,85854783.0,434309535
3451.7,S,42,29683.00,4692.26,17771900.9,85854847.8,434309597
3452.7,S,42,29691.77,4693.56,17771900.9,85854848.0,434309598
3453.7,S,42,29700.41,4695.08,17771900.9,85854872.2,434309627
3454.7,S,42,29709.25,4696.52,17771900.9,85854872.8,434309629
3455.7,S,46,29719.24,4698.14,17771900.9,85854922.1,434309693
3456.7,S,46,29731.69,4699.89,17771900.9,85854922.4,434309694
3457.7,S,42,29741.92,4701.41,17771900.9,85855178.0,434309955
3458.7,S,42,29750.57,4702.79,17771900.9,85855178.4,434309959
3459.7,S,42,29759.19,4704.19,17771900.9,85855178.9,434309964
3460.7,S,42,29767.85,4705.61,17771900.9,85855179.7,434309965
3461.7,S,42,29776.61,4707.02,17771900.9,85855230.0,434310010
3462.7,S,42,29784.52,4708.30,17771900.9,85855305.3,434310096
3463.7,S,42,29793.46,4709.80,17771900.9,85855305.5,434310098
3464.7,S,42,29802.13,4711.13,17771900.9,85855305.8,434310103
3465.7,S,42,29810.99,4712.41,17771900.9,85855371.2,434310161
3466.7,S,42,29819.73,4713.79,17771900.9,85855371.6,434310163
3467.7,S,42,29828.39,4715.09,17771900.9,85855371.8,434310165
3468.7,S,42,29836.55,4716.38,17771900.9,85855513.3,434310300
3469.7,S,42,29845.04,4717.68,17771900.9,85855513.5,434310303
3470.7,S,42,29853.91,4719.01,17771900.9,85855514.2,434310320
3471.7,S,42,29862.60,4720.40,17771900.9,85855514.7,434310322
3472.7,S,42,29871.02,4721.79,17771900.9,85855579.5,434310532
3473.7,S,42,29879.70,4723.25,17771900.9,85855580.0,434310541
3474.7,S,42,29888.53,4724.78,17771900.9,85855580.3,434310545
3475.7,S,42,29896.33,4726.19,17771900.9,85855720.4,434310687
3476.7,S,42,29905.09,4727.59,17771900.9,85855721.4,434310691
3477.7,S,42,29913.86,4728.85,17771900.9,85855721.6,434310692
3478.7,S,42,29922.45,4730.20,17771900.9,85855722.0,434310695
3479.7,S,42,29931.09,4731.51,17771900.9,85855786.5,434310753
3480.7,S,42,29939.82,4732.93,17771900.9,85855786.9,434310761
3481.7,S,42,29948.55,4734.27,17771900.9,85855787.7,434310765
3482.7,S,42,29956.36,4735.41,17771900.9,85855890.4,434310893
3483.7,S,42,29964.80,4736.94,17771900.9,85855955.0,434311007
3484.7,S,42,29973.46,4738.46,17771900.9,85855964.7,434311048
3485.7,S,42,29982.07,4739.87,17771900.9,85856005.6,434311195
3486.7,S,42,29990.76,4741.34,17771900.9,85856006.1,434311199
3487.7,S,42,29999.50,4742.67,17771900.9,85856007.0,434311205
3488.7,S,42,30008.26,4744.12,17771900.9,85856007.3,434311208
3489.7,S,46,30018.56,4745.59,17771900.9,85856174.7,434311374
3490.7,S,46,30030.94,4747.21,17771900.9,85856175.0,434311378
3491.7,S,42,30040.91,4748.78,17771900.9,85856366.1,434311575
3492.7,S,42,30049.67,4750.15,17771900.9,85856367.0,434311577
3493.7,S,42,30058.31,4751.57,17771900.9,85856367.1,434311579
3494.7,S,42,30066.89,4752.97,17771900.9,85856431.9,434311637
3495.7,S,42,30075.58,4754.36,17771900.9,85856432.0,434311638
3496.7,S,46,30086.23,4755.88,17771900.9,85856575.3,434311765
3497.7,S,46,30098.47,4757.70,17771900.9,85856575.9,434311767
3498.7,S,42,30107.84,4759.27,17771900.9,85856766.6,434311998
3499.7,S,42,30116.61,4760.62,17771900.9,85856766.8,434312001
3500.7,S,42,30125.37,4762.02,17771900.9,85856767.0,434312006
3501.7,S,42,30133.94,4763.40,17771900.9,85856831.8,434312102
3502.7,S,42,30142.48,4764.92,17771900.9,85856841.8,434312116
3503.7,S,46,30153.13,4766.38,17771900.9,85856935.9,434312271
3504.7,S,46,30165.76,4767.88,17771900.9,85856936.1,434312273
3505.7,S,42,30173.98,4769.18,17771900.9,85857191.7,434312737
3506.7,S,42,30182.66,4770.55,17771900.9,85857191.9,434312739
3507.7,S,42,30191.37,4772.07,17771900.9,85857192.5,434312744
3508.7,S,42,30200.03,4773.46,17771900.9,85857193.0,434312747
3509.7,S,42,30208.53,4774.91,17771900.9,85857244.7,434312797
3510.7,S,46,30218.77,4776.44,17771900.9,85857347.5,434312901
3511.7,S,46,30231.28,4778.08,17771900.9,85857347.9,434312905
3512.7,S,42,30241.18,4779.68,17771900.9,85857538.3,434313091
3513.7,S,42,30249.86,4781.13,17771900.9,85857603.8,434313153
3514.7,S,42,30258.63,4782.37,17771900.9,85857604.1,434313155
3515.7,S,42,30267.29,4783.77,17771900.9,85857604.5,434313160
3516.7,S,42,30275.96,4785.22,17771900.9,85857604.7,434313163
3517.7,S,42,30283.88,4786.57,17771900.9,85857707.8,434313257
3518.7,S,42,30292.52,4787.90,17771900.9,85857773.1,434313315
3519.7,S,42,30301.33,4789.34,17771900.9,85857773.4,434313318
3520.7,S,42,30309.96,4790.86,17771900.9,85857814.0,434313373
3521.7,S,42,30318.73,4792.23,17771900.9,85857814.6,434313375
3522.7,S,42,30327.29,4793.70,17771900.9,85857814.8,434313378
3523.7,S,42,30335.09,4794.97,17771900.9,85857917.8,434313508
3524.8,S,42,30343.87,4796.31,17771900.9,85857918.7,434313511
3525.8,S,42,30352.59,4797.75,17771900.9,85857983.4,434313569
3526.8,S,42,30361.34,4799.27,17771900.9,85857983.6,434313572
3527.8,S,42,30370.12,4800.74,17771900.9,85857984.0,434313574
3528.8,S,42,30379.01,4802.29,17771900.9,85857984.2,434313575
3529.8,S,42,30387.72,4803.71,17771900.9,85858048.9,434313671
3530.8,S,42,30395.54,4805.08,17771900.9,85858152.2,434313771
3531.8,S,42,30404.18,4806.54,17771900.9,85858152.5,434313776
3532.8,S,42,30412.81,4807.98,17771900.9,85858192.9,434313817
3533.8,S,42,30421.63,4809.38,17771900.9,85858193.3,434313820
3534.8,S,42,30430.32,4810.68,17771900.9,85858193.5,434313823
3535.8,S,42,30439.03,4812.16,17771900.9,85858194.5,434313826
3536.8,S,42,30447.55,4813.66,17771900.9,85858259.1,434313905
3537.8,S,42,30455.35,4814.86,17771900.9,85858362.1,434314025
3538.8,S,42,30463.87,4816.35,17771900.9,85858388.0,434314257
3539.8,S,42,30472.54,4817.86,17771900.9,85858388.4,434314260
3540.8,S,42,30481.14,4819.23,17771900.9,85858389.0,434314263
3541.8,S,42,30489.76,4820.63,17771900.9,85858389.5,434314268
3542.8,S,42,30498.39,4822.09,17771900.9,85858389.7,434314271
3543.8,S,42,30506.96,4823.37,17771900.9,85858454.4,434314337
3544.8,S,46,30515.91,4824.79,17771900.9,85858582.8,434314489
3545.8,S,46,30528.22,4826.60,17771900.9,85858583.1,434314491
3546.8,S,42,30539.39,4828.33,17771900.9,85858774.2,434314652
3547.8,S,42,30548.18,4829.77,17771900.9,85858774.9,434314654
3548.8,S,42,30556.97,4831.01,17771900.9,85858775.3,434314657
3549.8,S,42,30565.60,4832.35,17771900.9,85858839.8,434314713
3550.8,S,42,30574.37,4833.77,17771900.9,85858840.1,434314715
3551.8,S,46,30583.45,4835.09,17771900.9,85858943.4,434314863
3552.8,S,46,30595.88,4836.68,17771900.9,85858943.6,434314864
3553.8,S,44,30606.05,4838.22,17771900.9,85859198.9,434315288
3554.8,S,42,30614.68,4839.73,17771900.9,85859226.6,434315328
3555.8,S,42,30623.45,4841.12,17771900.9,85859226.9,434315334
3556.8,S,42,30632.06,4842.52,17771900.9,85859227.5,434315336
3557.8,S,42,30640.72,4844.00,17771900.9,85859227.8,434315336
3558.8,S,46,30650.25,4845.51,17771900.9,85859402.6,434315527
3559.8,S,46,30662.64,4847.10,17771900.9,85859402.8,434315530
3560.8,S,42,30673.05,4848.91,17771900.9,85859593.5,434315713
3561.8,S,42,30681.78,4850.35,17771900.9,85859594.0,434315717
3562.8,S,42,30690.43,4851.80,17771900.9,85859594.5,434315721
3563.8,S,42,30699.14,4853.14,17771900.9,85859659.7,434315822
3564.8,S,42,30707.87,4854.53,17771900.9,85859660.0,434315827
3565.8,S,46,30718.24,4856.03,17771900.9,85859762.9,434315930
3566.8,S,46,30730.61,4857.74,17771900.9,85859763.2,434315933
3567.8,S,42,30741.13,4859.38,17771900.9,85860018.9,434316152
3568.8,S,42,30749.80,4860.81,17771900.9,85860019.2,434316154
3569.8,S,42,30758.41,4862.32,17771900.9,85860019.7,434316157
3570.8,S,42,30766.90,4863.84,17771900.9,85860020.0,434316158
3571.8,S,42,30775.66,4865.34,17771900.9,85860031.0,434316168
3572.8,S,42,30782.44,4866.50,17771900.9,85860187.3,434316379
3573.8,S,42,30791.19,4868.02,17771900.9,85860188.1,434316384
3574.8,S,42,30799.68,4869.49,17771900.9,85860215.0,434316414
3575.8,S,42,30808.44,4870.86,17771900.9,85860215.7,434316417
3576.8,S,42,30817.15,4872.40,17771900.9,85860215.9,434316421
3577.8,S,42,30825.95,4873.74,17771900.9,85860216.2,434316424
3578.8,S,42,30834.17,4875.08,17771900.9,85860306.9,434316634
3579.8,S,42,30842.19,4876.51,17771900.9,85860384.2,434316725
3580.8,S,42,30850.87,4877.84,17771900.9,85860384.6,434316728
3581.8,S,42,30859.48,4879.32,17771900.9,85860384.9,434316732
3582.8,S,42,30868.05,4880.85,17771900.9,85860450.2,434316850
3583.8,S,42,30876.70,4882.35,17771900.9,85860450.8,434316851
3584.8,S,42,30885.30,4883.78,17771900.9,85860450.9,434316852
3585.8,S,42,30892.99,4885.05,17771900.9,85860554.2,434316978
3586.8,S,42,30901.71,4886.63,17771900.9,85860555.0,434316988
3587.8,S,42,30910.32,4888.12,17771900.9,85860620.3,434317071
3588.8,S,42,30918.99,4889.58,17771900.9,85860620.7,434317074
3589.8,S,42,30927.45,4890.98,17771900.9,85860652.4,434317109
3590.8,S,42,30936.12,4892.37,17771900.9,85860652.6,434317111
3591.8,S,42,30944.84,4893.79,17771900.9,85860653.2,434317115
3592.8,S,42,30951.53,4894.83,17771900.9,85860756.2,434317381
3593.8,S,42,30959.92,4896.45,17771900.9,85860821.6,434317447
3594.8,S,42,30968.61,4897.90,17771900.9,85860822.1,434317447
3595.8,S,42,30977.30,4899.24,17771900.9,85860822.4,434317451
3596.8,S,42,30985.88,4900.73,17771900.9,85860822.9,434317454
3597.8,S,42,30994.62,4902.08,17771900.9,85860823.2,434317458
3598.8,S,42,31003.13,4903.56,17771900.9,85860895.0,434317524
3599.8,S,46,31011.69,4904.86,17771900.9,85860997.7,434317618
3600.8,S,46,31024.05,4906.51,17771900.9,85860998.4,434317622
3601.8,S,45,31035.45,4908.12,17771900.9,85861130.2,434317787
3602.8,S,42,31044.28,4909.41,17771900.9,85861190.0,434317868
3603.8,S,42,31052.82,4910.78,17771900.9,85861254.8,434318118
3604.8,S,42,31061.52,4912.19,17771900.9,85861255.5,434318124
3605.8,S,42,31070.21,4913.55,17771900.9,85861256.0,434318129
3606.8,S,46,31078.63,4914.99,17771900.9,85861358.8,434318231
3607.8,S,46,31091.02,4916.67,17771900.9,85861423.6,434318291
3608.8,S,45,31102.35,4918.33,17771900.9,85861589.5,434318477
3609.8,S,42,31111.08,4919.78,17771900.9,85861614.9,434318555
3610.8,S,42,31119.74,4921.19,17771900.9,85861656.5,434318599
3611.8,S,42,31128.32,4922.55,17771900.9,85861657.1,434318604
3612.8,S,42,31137.02,4923.82,17771900.9,85861657.3,434318607
3613.8,S,46,31145.67,4925.12,17771900.9,85861760.2,434318706
3614.8,S,46,31158.14,4926.71,17771900.9,85861760.8,434318707
3615.8,S,46,31169.18,4928.32,17771900.9,85861953.4,434319017
3616.8,S,42,31178.07,4929.76,17771900.9,85862016.8,434319078
3617.8,S,42,31186.83,4931.20,17771900.9,85862017.1,434319082
3618.8,S,42,31195.40,4932.63,17771900.9,85862017.3,434319085
3619.8,S,42,31204.03,4934.15,17771900.9,85862082.3,434319145
3620.8,S,46,31213.08,4935.73,17771900.9,85862185.2,434319238
3621.8,S,46,31225.42,4937.23,17771900.9,85862217.3,434319271
3622.8,S,46,31235.69,4938.64,17771900.9,85862388.9,434319647
3623.8,S,42,31244.60,4940.19,17771900.9,85862408.7,434319674
3624.8,S,42,31253.48,4941.50,17771900.9,85862409.1,434319679
3625.8,S,42,31262.13,4942.97,17771900.9,85862474.2,434319743
3626.8,S,42,31270.79,4944.35,17771900.9,85862474.9,434319749
3627.8,S,42,31278.55,4945.68,17771900.9,85862577.9,434319855
3628.8,S,42,31287.10,4947.17,17771900.9,85862578.2,434319857
3629.8,S,42,31295.86,4948.58,17771900.9,85862578.4,434319859
3630.8,S,42,31304.59,4949.86,17771900.9,85862643.1,434319922
3631.8,S,42,31313.23,4951.45,17771900.9,85862643.8,434319926
3632.8,S,42,31321.88,4952.84,17771900.9,85862644.1,434319930
3633.8,S,42,31330.47,4954.22,17771900.9,85862644.3,434319932
3634.8,S,42,31337.17,4955.30,17771900.9,85862811.8,434320161
3635.8,S,42,31345.69,4956.86,17771900.9,85862820.1,434320174
3636.8,S,42,31354.32,4958.22,17771900.9,85862820.4,434320180
3637.8,S,42,31362.87,4959.73,17771900.9,85862821.4,434320188
3638.8,S,42,31371.71,4961.08,17771900.9,85862821.7,434320193
3639.8,S,42,31380.24,4962.54,17771900.9,85862886.5,434320280
3640.8,S,42,31388.89,4963.83,17771900.9,85862886.6,434320281
3641.8,S,42,31396.29,4964.95,17771900.9,85862989.4,434320444
3642.8,S,42,31404.98,4966.32,17771900.9,85862990.2,434320450
3643.8,S,42,31413.72,4967.72,17771900.9,85862990.4,434320452
3644.9,S,42,31422.38,4969.16,17771900.9,85863055.2,434320511
3645.9,S,42,31431.04,4970.67,17771900.9,85863055.4,434320513
3646.9,S,42,31439.71,4972.03,17771900.9,85863055.7,434320515
3647.9,S,42,31448.36,4973.54,17771900.9,85863103.1,434320557
3648.9,S,42,31456.26,4974.84,17771900.9,85863206.1,434320652
3649.9,S,42,31464.98,4976.25,17771900.9,85863206.3,434320655
3650.9,S,42,31473.72,4977.67,17771900.9,85863206.7,434320660
3651.9,S,42,31482.36,4979.11,17771900.9,85863271.5,434320720
3652.9,S,42,31491.03,4980.60,17771900.9,85863271.9,434320723
3653.9,S,42,31499.50,4982.01,17771900.9,85863272.7,434320728
3654.9,S,42,31508.17,4983.31,17771900.9,85863272.8,434320729
3655.9,S,46,31517.12,4984.68,17771900.9,85863399.0,434320966
3656.9,S,46,31529.54,4986.17,17771900.9,85863440.1,434321015
3657.9,S,42,31540.54,4987.74,17771900.9,85863658.3,434321463
3658.9,S,42,31549.21,4989.12,17771900.9,85863659.5,434321470
3659.9,S,42,31557.93,4990.48,17771900.9,85863716.7,434321526
3660.9,S,42,31566.58,4991.82,17771900.9,85863717.2,434321530
3661.9,S,42,31575.12,4993.32,17771900.9,85863717.6,434321536
3662.9,S,46,31584.66,4994.82,17771900.9,85863820.3,434321637
3663.9,S,46,31596.93,4996.60,17771900.9,85863820.8,434321640
3664.9,S,43,31607.54,4998.22,17771900.9,85864076.6,434321874
3665.9,S,42,31612.17,4998.92,17771900.9,85864076.9,434321877
3666.9,S,42,31616.58,4999.60,17771900.9,85864077.1,434321880
3667.9,S,42,31620.88,5000.25,17771900.9,85864077.3,434321883
3668.9,S,42,31624.98,5000.93,17771900.9,85864077.7,434321885
3669.9,S,42,31629.05,5001.62,17771900.9,85864142.9,434321942
3670.9,S,42,31633.21,5002.28,17771900.9,85864143.2,434321944
3671.9,S,42,31637.40,5002.96,17771900.9,85864143.4,434321947
3672.9,S,42,31641.57,5003.59,17771900.9,85864238.2,434322037
3673.9,S,42,31645.76,5004.28,17771900.9,85864303.0,434322092
3674.9,S,42,31649.98,5004.90,17771900.9,85864303.3,434322093
3675.9,S,42,31654.39,5005.68,17771900.9,85864326.9,434322118
3676.9,S,42,31659.12,5006.50,17771900.9,85864327.3,434322123
3677.9,S,42,31663.96,5007.29,17771900.9,85864327.4,434322125
3678.9,S,42,31668.76,5008.12,17771900.9,85864327.7,434322132
3679.9,S,46,31675.49,5008.96,17771900.9,85864400.6,434322202
3680.9,S,46,31683.49,5009.64,17771900.9,85864401.2,434322204
3681.9,S,42,31689.66,5010.45,17771900.9,85864592.2,434322574
3682.9,S,42,31693.50,5010.97,17771900.9,85864592.5,434322576
3683.9,S,42,31697.24,5011.54,17771900.9,85864673.7,434322661
3684.9,S,42,31701.13,5012.14,17771900.9,85864674.0,434322664
3685.9,S,42,31704.69,5012.72,17771900.9,85864738.6,434322769
3686.9,S,42,31708.35,5013.28,17771900.9,85864739.2,434322773
3687.9,S,42,31711.97,5013.84,17771900.9,85864739.8,434322776
3688.9,S,42,31715.65,5014.41,17771900.9,85864799.4,434322837
3689.9,S,42,31719.26,5014.97,17771900.9,85864864.0,434322900
3690.9,S,42,31722.91,5015.52,17771900.9,85864864.2,434322903
3691.9,S,42,31726.59,5016.04,17771900.9,85864864.6,434322906
3692.9,S,42,31730.71,5016.81,17771900.9,85864901.9,434322945
3693.9,S,42,31735.04,5017.44,17771900.9,85864940.5,434322982
3694.9,S,42,31739.25,5018.05,17771900.9,85864940.8,434322987
3695.9,S,42,31743.43,5018.64,17771900.9,85864941.0,434322990
3696.9,S,42,31747.51,5019.31,17771900.9,85865005.7,434323087
3697.9,S,42,31751.71,5019.96,17771900.9,85865006.3,434323097
3698.9,S,42,31755.85,5020.62,17771900.9,85865007.0,434323102
3699.9,S,42,31759.94,5021.39,17771900.9,85865007.2,434323104
3700.9,S,42,31764.16,5022.02,17771900.9,85865007.5,434323106
3701.9,S,42,31768.21,5022.78,17771900.9,85865072.1,434323185
3702.9,S,42,31772.37,5023.41,17771900.9,85865096.7,434323224
3703.9,S,42,31777.24,5024.15,17771900.9,85865097.1,434323228
3704.9,S,42,31781.79,5024.88,17771900.9,85865117.5,434323301
3705.9,S,46,31790.00,5025.69,17771900.9,85865119.9,434323316
3706.9,S,46,31798.18,5026.48,17771900.9,85865120.2,434323320
3707.9,S,42,31800.26,5026.72,17771900.9,85865375.4,434323545
3708.9,S,42,31801.24,5026.74,17771900.9,85865376.0,434323548
3709.9,S,42,31802.23,5026.75,17771901.0,85865376.4,434323550
3710.9,S,42,31803.21,5026.77,17771901.0,85865376.6,434323553
3711.9,S,42,31804.14,5026.80,17771901.0,85865441.1,434323608
3712.9,S,42,31805.05,5026.88,17771901.0,85865461.9,434323633
3713.9,S,42,31806.03,5026.90,17771901.0,85865490.6,434323659
3714.9,S,42,31807.01,5026.92,17771901.0,85865491.1,434323660
3715.9,S,42,31808.00,5026.93,17771901.0,85865491.3,434323662
3716.9,S,42,31808.86,5026.95,17771901.0,85865555.9,434323784
3717.9,S,42,31809.85,5026.96,17771901.0,85865556.0,434323786
3718.9,S,42,31810.84,5026.98,17771901.0,85865576.2,434323807
3719.9,S,42,31811.77,5027.00,17771901.0,85865640.9,434323868
3720.9,S,42,31812.75,5027.02,17771901.0,85865641.4,434323872
3721.9,S,42,31813.67,5027.07,17771901.0,85865675.2,434323916
3722.9,S,42,31814.65,5027.09,17771901.0,85865675.5,434323916
3723.9,S,42,31815.63,5027.11,17771901.0,85865675.6,434323916
3724.9,S,42,31816.61,5027.13,17771901.0,85865691.3,434323933
3725.9,S,42,31817.54,5027.15,17771901.0,85865756.1,434323994
3726.9,S,42,31818.53,5027.16,17771901.0,85865756.7,434324000
3727.9,S,42,31819.51,5027.17,17771901.0,85865757.0,434324006
3728.9,S,42,31820.50,5027.19,17771901.0,85865757.2,434324011
3729.9,S,42,31821.43,5027.21,17771901.0,85865821.7,434324071
3730.9,S,42,31822.35,5027.27,17771901.0,85865849.0,434324103
3731.9,S,42,31823.33,5027.29,17771901.0,85865849.8,434324105
3732.9,S,42,31824.32,5027.30,17771901.0,85865850.0,434324109
3733.9,S,42,31825.31,5027.31,17771901.0,85865850.2,434324111
3734.9,S,42,31826.23,5027.34,17771901.0,85865914.8,434324172
3735.9,S,42,31827.22,5027.35,17771901.0,85865914.9,434324175
3736.9,S,42,31828.21,5027.36,17771901.0,85865915.3,434324180
3737.9,S,42,31829.19,5027.38,17771901.0,85865915.7,434324183
3738.9,S,42,31830.12,5027.40,17771901.0,85865980.3,434324250
3739.9,S,42,31831.05,5027.45,17771901.0,85865998.7,434324270
3740.9,S,42,31832.04,5027.47,17771901.0,85865998.9,434324275
3741.9,S,42,31833.02,5027.49,17771901.0,85865999.0,434324278
3742.9,S,42,31833.71,5027.50,17771901.0,85866039.0,434324578
3744.0,S,42,31834.68,5027.53,17771901.0,85866064.1,434324652
3745.0,S,42,31835.67,5027.54,17771901.0,85866064.5,434324658
3746.0,S,42,31836.66,5027.56,17771901.0,85866064.7,434324663
3747.0,S,42,31837.58,5027.59,17771901.0,85866129.3,434324724
3748.0,S,42,31838.57,5027.60,17771901.0,85866129.6,434324731
3749.0,S,42,31839.45,5027.65,17771901.0,85866163.9,434324808
3750.0,S,42,31840.44,5027.66,17771901.0,85866164.1,434324812
3751.0,S,42,31841.42,5027.68,17771901.0,85866164.3,434324813
3752.0,S,42,31842.41,5027.70,17771901.0,85866164.5,434324817
3753.0,S,42,31843.26,5027.73,17771901.0,85866228.9,434324945
3754.0,S,42,31844.25,5027.75,17771901.0,85866229.7,434324946
3755.0,S,42,31845.23,5027.76,17771901.0,85866229.8,434324948
3756.0,S,42,31846.22,5027.78,17771901.0,85866230.0,434324949
3757.0,S,42,31847.14,5027.81,17771901.0,85866294.6,434325005
3758.0,S,42,31848.12,5027.83,17771901.0,85866294.8,434325009
3759.0,S,42,31849.11,5027.84,17771901.0,85866295.2,434325010
3760.0,S,42,31850.01,5027.90,17771901.0,85866354.3,434325065
3761.0,S,42,31851.00,5027.91,17771901.0,85866354.6,434325078
3762.0,S,42,31851.98,5027.93,17771901.0,85866354.8,434325083
3763.0,S,42,31852.97,5027.94,17771901.0,85866354.9,434325086
3764.0,S,42,31853.90,5027.96,17771901.0,85866419.5,434325146
3765.0,S,42,31854.88,5027.99,17771901.0,85866420.0,434325149
3766.0,S,42,31855.86,5028.01,17771901.0,85866420.4,434325152
3767.0,S,42,31856.79,5028.03,17771901.0,85866484.9,434325210
3768.0,S,42,31857.77,5028.05,17771901.0,85866485.2,434325215
3769.0,S,42,31858.69,5028.10,17771901.0,85866518.8,434325248
3770.0,S,42,31859.68,5028.11,17771901.0,85866519.1,434325252
3771.0,S,42,31860.67,5028.13,17771901.0,85866519.5,434325255
3772.0,S,42,31861.66,5028.14,17771901.0,85866520.0,434325260
3773.0,S,42,31862.57,5028.17,17771901.0,85866584.6,434325327
3774.0,S,42,31863.56,5028.18,17771901.0,85866584.8,434325329
3775.0,S,42,31864.54,5028.21,17771901.0,85866585.0,434325330
3776.0,S,42,31865.52,5028.22,17771901.0,85866585.5,434325333
3777.0,S,42,31866.30,5028.24,17771901.0,85866650.0,434325550
3778.0,S,42,31867.28,5028.25,17771901.0,85866650.4,434325554
3779.0,S,42,31868.15,5028.32,17771901.0,85866687.0,434325617
3780.0,S,42,31869.13,5028.35,17771901.0,85866687.2,434325621
3781.0,S,42,31870.11,5028.37,17771901.0,85866687.4,434325623
3782.0,S,42,31871.10,5028.38,17771901.0,85866687.9,434325628
3783.0,S,42,31871.98,5028.40,17771901.0,85866752.4,434325737
3784.0,S,42,31872.97,5028.42,17771901.0,85866752.8,434325740
3785.0,S,42,31873.95,5028.43,17771901.0,85866753.0,434325742
3786.0,S,42,31874.87,5028.46,17771901.0,85866817.6,434325807
3787.0,S,42,31875.85,5028.48,17771901.0,85866818.0,434325811
3788.0,S,42,31876.84,5028.49,17771901.0,85866818.2,434325815
3789.0,S,42,31877.74,5028.55,17771901.0,85866867.5,434325866
3790.0,S,42,31878.73,5028.56,17771901.0,85866868.1,434325869
3791.0,S,42,31879.71,5028.58,17771901.0,85866868.3,434325870
3792.0,S,42,31880.69,5028.60,17771901.0,85866868.5,434325870
3793.0,S,42,31881.62,5028.63,17771901.0,85866933.3,434325931
3794.0,S,42,31882.61,5028.64,17771901.0,85866933.5,434325932
3795.0,S,42,31883.59,5028.66,17771901.0,85866933.8,434325934
3796.0,S,42,31884.52,5028.68,17771901.0,85866998.4,434325996
3797.0,S,42,31885.51,5028.69,17771901.0,85866998.6,434325997
3798.0,S,42,31886.42,5028.74,17771901.0,85867032.4,434326034
3799.0,S,42,31887.41,5028.75,17771901.0,85867032.8,434326037
3800.0,S,42,31888.40,5028.77,17771901.0,85867033.0,434326041
3801.0,S,42,31889.38,5028.79,17771901.0,85867033.4,434326044
3802.0,S,42,31890.30,5028.82,17771901.0,85867098.0,434326114
3803.0,S,42,31891.28,5028.83,17771901.0,85867098.3,434326115
3804.0,S,42,31892.27,5028.85,17771901.0,85867098.7,434326116
3805.0,S,42,31893.25,5028.87,17771901.0,85867099.0,434326123
3806.0,S,42,31894.17,5028.89,17771901.0,85867163.6,434326192
3807.1,S,42,31895.15,5028.91,17771901.0,85867164.0,434326194
3808.1,S,42,31896.06,5028.97,17771901.0,85867197.8,434326229
3809.1,S,42,31897.05,5028.99,17771901.0,85867197.9,434326231
3810.1,S,42,31898.03,5029.00,17771901.0,85867198.4,434326236
3811.1,S,42,31898.88,5029.03,17771901.0,85867254.2,434326379
3812.1,S,42,31899.82,5029.04,17771901.0,85867263.3,434326426
3813.1,S,42,31900.81,5029.05,17771901.0,85867263.4,434326428
3814.1,S,42,31901.79,5029.07,17771901.0,85867263.6,434326431
3815.1,S,42,31902.48,5029.09,17771901.0,85867305.2,434326731
3816.1,S,42,31903.43,5029.11,17771901.0,85867328.8,434326778
3817.1,S,42,31904.41,5029.12,17771901.0,85867328.9,434326779
3818.1,S,42,31905.40,5029.14,17771901.0,85867329.3,434326782
3819.1,S,42,31906.31,5029.17,17771901.0,85867398.3,434326848
3820.1,S,42,31907.26,5029.22,17771901.0,85867398.7,434326853
3821.1,S,42,31908.24,5029.24,17771901.0,85867399.1,434326855
3822.1,S,42,31909.22,5029.26,17771901.0,85867399.2,434326857
3823.1,S,42,31910.14,5029.29,17771901.0,85867463.8,434326921
3824.1,S,42,31911.12,5029.31,17771901.0,85867464.3,434326923
3825.1,S,42,31912.11,5029.32,17771901.0,85867464.4,434326923
3826.1,S,42,31913.10,5029.33,17771901.0,85867464.9,434326929
3827.1,S,42,31914.03,5029.36,17771901.0,85867529.5,434326987
3828.1,S,42,31915.01,5029.37,17771901.0,85867529.7,434326992
3829.1,S,42,31915.93,5029.43,17771901.0,85867563.7,434327030
3830.1,S,42,31916.91,5029.44,17771901.0,85867563.9,434327032
3831.1,S,42,31917.90,5029.46,17771901.0,85867564.1,434327034
3832.1,S,42,31918.82,5029.49,17771901.0,85867628.9,434327094
3833.1,S,42,31919.80,5029.51,17771901.0,85867629.2,434327100
3834.1,S,42,31920.79,5029.52,17771901.0,85867629.4,434327100
3835.1,S,42,31921.77,5029.54,17771901.0,85867629.6,434327103
3836.1,S,42,31922.67,5029.59,17771901.0,85867698.0,434327169
3837.1,S,42,31923.66,5029.60,17771901.0,85867698.1,434327175
3838.1,S,42,31924.65,5029.61,17771901.0,85867698.8,434327180
3839.1,S,42,31925.63,5029.63,17771901.0,85867698.9,434327183
3840.1,S,42,31926.55,5029.65,17771901.0,85867763.7,434327262
3841.1,S,42,31927.53,5029.66,17771901.0,85867763.8,434327263
3842.1,S,42,31928.53,5029.67,17771901.0,85867764.0,434327265
3843.1,S,42,31929.51,5029.69,17771901.0,85867764.4,434327267
3844.1,S,42,31930.39,5029.74,17771901.0,85867837.3,434327342
3845.1,S,42,31931.38,5029.75,17771901.0,85867837.4,434327344
3846.1,S,42,31932.36,5029.77,17771901.0,85867837.8,434327347
3847.1,S,42,31933.36,5029.78,17771901.0,85867837.9,434327349
3848.1,S,42,31934.28,5029.81,17771901.0,85867902.6,434327412
3849.1,S,42,31935.26,5029.82,17771901.0,85867903.0,434327415
3850.1,S,42,31936.25,5029.84,17771901.0,85867903.3,434327416
3851.1,S,42,31937.23,5029.85,17771901.0,85867903.5,434327419
3852.1,S,42,31938.11,5029.91,17771901.0,85867983.0,434327501
3853.1,S,42,31939.09,5029.92,17771901.0,85867983.2,434327504
3854.1,S,42,31940.08,5029.94,17771901.0,85867983.8,434327508
3855.1,S,42,31941.06,5029.96,17771901.0,85867983.9,434327511
3856.1,S,42,31941.98,5029.99,17771901.0,85868048.8,434327575
3857.1,S,42,31942.97,5030.00,17771901.0,85868048.9,434327576
3858.1,S,42,31943.96,5030.01,17771901.0,85868049.1,434327577
3859.1,S,42,31944.95,5030.02,17771901.0,85868049.3,434327580
3860.1,S,42,31945.80,5030.05,17771901.0,85868114.1,434327718
3861.1,S,42,31946.79,5030.06,17771901.0,85868114.2,434327720
3862.1,S,42,31947.77,5030.07,17771901.0,85868114.5,434327722
3863.1,S,42,31948.76,5030.09,17771901.0,85868114.8,434327727
3864.1,S,42,31949.64,5030.15,17771901.0,85868192.4,434327800
3865.1,S,42,31950.62,5030.17,17771901.0,85868192.9,434327806
3866.1,S,42,31951.61,5030.18,17771901.0,85868193.3,434327813
3867.1,S,42,31952.60,5030.20,17771901.0,85868193.5,434327817
3868.1,S,42,31953.52,5030.22,17771901.0,85868258.2,434327872
3869.1,S,42,31954.50,5030.25,17771901.0,85868258.4,434327874
3870.1,S,42,31955.49,5030.26,17771901.0,85868258.7,434327880
3871.1,S,42,31956.48,5030.27,17771901.0,85868259.1,434327882
3872.1,S,42,31957.41,5030.29,17771901.0,85868323.6,434327940
3873.1,S,42,31958.34,5030.35,17771901.0,85868347.2,434327966
3874.1,S,42,31959.32,5030.36,17771901.0,85868347.4,434327969
3875.1,S,42,31960.30,5030.38,17771901.0,85868347.6,434327972
3876.1,S,42,31961.29,5030.40,17771901.0,85868348.1,434327974
3877.1,S,42,31962.22,5030.43,17771901.0,85868412.7,434328033
3878.1,S,42,31963.20,5030.44,17771901.0,85868413.0,434328040
3879.1,S,42,31964.18,5030.47,17771901.0,85868413.4,434328044
3880.1,S,42,31965.10,5030.49,17771901.0,85868477.9,434328110
3881.1,S,42,31966.09,5030.50,17771901.0,85868478.1,434328113
3882.1,S,42,31967.07,5030.52,17771901.0,85868478.6,434328117
3883.1,S,42,31968.04,5030.55,17771901.0,85868478.8,434328122
3884.1,S,42,31968.91,5030.62,17771901.0,85868548.1,434328191
3885.1,S,42,31969.90,5030.64,17771901.0,85868548.6,434328193
3886.1,S,42,31970.88,5030.65,17771901.0,85868548.7,434328196
3887.1,S,42,31971.87,5030.66,17771901.0,85868549.1,434328201
3888.1,S,42,31972.79,5030.69,17771901.0,85868613.6,434328266
3889.1,S,42,31973.79,5030.69,17771901.0,85868642.3,434328302
3890.1,S,42,31974.77,5030.71,17771901.0,85868642.5,434328303
3891.1,S,42,31975.76,5030.72,17771901.0,85868642.9,434328304
3892.1,S,42,31976.64,5030.78,17771901.0,85868715.6,434328377
3893.1,S,42,31977.63,5030.79,17771901.0,85868716.3,434328382
3894.1,S,42,31978.62,5030.80,17771901.0,85868716.5,434328384
3895.1,S,42,31979.60,5030.82,17771901.0,85868716.8,434328388
3896.1,S,42,31980.52,5030.84,17771901.0,85868781.3,434328454
3897.1,S,42,31981.50,5030.86,17771901.0,85868781.7,434328454
3898.1,S,42,31982.48,5030.88,17771901.0,85868782.2,434328458
3899.1,S,42,31983.46,5030.90,17771901.0,85868782.4,434328463
3900.1,S,42,31984.39,5030.93,17771901.0,85868846.9,434328526
3901.1,S,42,31985.38,5030.94,17771901.0,85868847.1,434328527
3902.1,S,42,31986.38,5030.95,17771901.0,85868847.5,434328529
3903.1,S,42,31987.15,5031.01,17771901.0,85868912.2,434328704
3904.1,S,42,31988.13,5031.02,17771901.0,85868912.8,434328743
3905.1,S,42,31989.12,5031.04,17771901.0,85868913.4,434328751
3906.1,S,42,31990.10,5031.06,17771901.0,85868913.6,434328753
3907.1,S,42,31991.02,5031.08,17771901.0,85868978.4,434328828
3908.1,S,42,31992.01,5031.09,17771901.0,85868978.7,434328834
3909.1,S,42,31993.00,5031.11,17771901.0,85868979.2,434328839
3910.1,S,42,31993.99,5031.12,17771901.0,85868979.3,434328840
3911.1,S,42,31994.90,5031.15,17771901.0,85869043.9,434328904
3912.1,S,42,31995.90,5031.16,17771901.0,85869044.1,434328905
3913.1,S,42,31996.82,5031.20,17771901.0,85869076.8,434328942
3914.1,S,42,31997.81,5031.22,17771901.0,85869076.9,434328945
3915.1,S,42,31998.79,5031.23,17771901.0,85869077.4,434328950
3916.1,S,42,31999.61,5031.25,17771901.0,85869141.9,434329128
3917.1,S,42,32000.59,5031.27,17771901.0,85869142.1,434329157
3918.1,S,42,32001.57,5031.29,17771901.0,85869142.3,434329159
3919.1,S,42,32002.56,5031.30,17771901.0,85869142.6,434329161
3920.1,S,42,32003.05,5031.32,17771901.0,85869187.1,434329686
3921.1,S,42,32003.94,5031.33,17771901.0,85869207.6,434329789
3922.1,S,42,32004.92,5031.35,17771901.0,85869207.7,434329792
3923.1,S,42,32005.78,5031.40,17771901.0,85869241.3,434329892
3924.1,S,42,32006.76,5031.42,17771901.0,85869241.5,434329895
3925.1,S,42,32007.74,5031.44,17771901.0,85869242.0,434329896
3926.1,S,42,32008.57,5031.46,17771901.0,85869306.8,434330064
3927.2,S,42,32009.55,5031.48,17771901.0,85869307.0,434330068
3928.2,S,42,32010.53,5031.50,17771901.0,85869307.2,434330073
3929.2,S,42,32011.52,5031.51,17771901.0,85869307.4,434330078
3930.2,S,42,32012.35,5031.53,17771901.0,85869371.9,434330240
3931.2,S,42,32013.34,5031.54,17771901.0,85869372.3,434330243
3932.2,S,42,32014.33,5031.56,17771901.0,85869372.9,434330245
3933.2,S,42,32015.32,5031.57,17771901.0,85869373.0,434330247
3934.2,S,42,32016.14,5031.59,17771901.0,85869437.5,434330411
3935.2,S,42,32017.13,5031.61,17771901.0,85869437.8,434330422
3936.2,S,42,32018.12,5031.61,17771901.0,85869438.0,434330426
3937.2,S,42,32019.01,5031.64,17771901.0,85869477.5,434330518
3938.2,S,42,32019.93,5031.65,17771901.0,85869503.2,434330603
3939.2,S,42,32020.91,5031.67,17771901.0,85869503.5,434330605
3940.2,S,42,32021.73,5031.73,17771901.0,85869552.1,434330733
3941.2,S,42,32022.72,5031.75,17771901.0,85869552.3,434330740
3942.2,S,57,32032.89,5031.92,17771901.0,85869554.4,434330747
3943.2,S,57,32048.66,5032.16,17771901.0,85869554.6,434330750
3944.2,S,57,32064.43,5032.41,17771901.0,85869554.8,434330751
3945.2,S,57,32073.67,5032.58,17771901.0,85869646.4,434331381
3946.2,S,57,32088.86,5032.85,17771901.0,85869717.2,434331464
3947.2,S,57,32102.98,5033.21,17771901.0,85870336.1,434332150
3948.2,S,57,32117.76,5033.48,17771901.0,85870531.2,434332473
3949.2,S,57,32133.35,5033.75,17771901.0,85870676.1,434332658
3950.2,S,57,32149.02,5034.00,17771901.0,85870764.5,434332754
3951.2,S,57,32163.78,5034.31,17771901.0,85871160.9,434333180
3952.2,S,57,32179.01,5034.58,17771901.0,85871406.3,434333430
3953.2,S,57,32194.60,5034.86,17771901.0,85871608.1,434333628
3954.2,S,57,32210.24,5035.12,17771901.0,85871711.7,434333760
3955.2,S,57,32223.92,5035.39,17771901.0,85872040.7,434334409
3956.2,S,57,32239.25,5035.66,17771901.0,85872226.1,434334606
3957.2,S,57,32254.80,5035.96,17771901.0,85872357.0,434334732
3958.2,S,57,32269.63,5036.24,17771901.0,85872611.4,434335290
3959.2,S,57,32284.30,5036.55,17771901.0,85873093.7,434335764
3960.2,S,57,32299.95,5036.82,17771901.0,85873210.3,434335878
3961.2,S,57,32315.49,5037.12,17771901.0,85873445.0,434336107
3962.2,S,57,32331.01,5037.38,17771901.0,85873531.2,434336200
3963.2,S,57,32345.80,5037.66,17771901.0,85873693.3,434336696
3964.2,S,57,32360.25,5038.00,17771901.0,85874074.6,434337098
3965.2,S,57,32375.74,5038.30,17771901.0,85874312.5,434337368
3966.2,S,57,32391.36,5038.58,17771901.0,85874457.8,434337507
3967.2,S,57,32407.02,5038.84,17771901.0,85874577.1,434337630
3968.2,S,57,32421.37,5039.17,17771901.0,85875021.6,434338228
3969.2,S,57,32436.20,5039.42,17771901.0,85875275.4,434338694
3970.2,S,57,32451.87,5039.70,17771901.0,85875350.8,434338771
3971.2,S,57,32467.48,5039.95,17771901.0,85875526.7,434338942
3972.2,S,56,32480.60,5040.24,17771901.0,85875804.6,434339317
3973.2,S,56,32493.94,5040.53,17771901.0,85876016.5,434339629
3974.2,S,56,32508.36,5040.81,17771901.0,85876195.0,434339826
3975.2,S,56,32521.27,5041.07,17771901.1,85876402.0,434340104
3976.2,S,52,32533.80,5041.36,17771901.1,85876772.5,434340495
3977.2,S,43,32539.04,5041.53,17771901.1,85877188.2,434340974
3978.2,S,42,32539.24,5042.47,17771901.1,85877198.2,434340991
3979.2,S,42,32547.42,5043.81,17771901.1,85877199.2,434340997
3980.2,S,42,32556.23,5045.25,17771901.1,85877199.7,434340999
3981.2,S,42,32564.96,5046.67,17771901.1,85877202.0,434341005
3982.2,S,42,32573.83,5048.11,17771901.1,85877202.2,434341007
3983.2,S,42,32582.33,5049.62,17771901.1,85877266.9,434341064
3984.2,S,42,32590.98,5051.01,17771901.1,85877278.3,434341077
3985.2,S,42,32598.36,5052.24,17771901.1,85877302.2,434341235
3986.2,S,42,32607.22,5053.57,17771901.1,85877302.7,434341236
3987.2,S,42,32616.07,5054.96,17771901.1,85877303.1,434341239
3988.2,S,42,32624.74,5056.31,17771901.1,85877367.8,434341303
3989.2,S,42,32633.49,5057.71,17771901.1,85877375.6,434341316
3990.2,S,42,32642.22,5059.10,17771901.1,85877376.3,434341320
3991.2,S,42,32650.50,5060.33,17771901.1,85877425.6,434341380
3992.2,S,42,32659.19,5061.73,17771901.1,85877426.1,434341384
3993.2,S,42,32667.87,5063.15,17771901.1,85877490.8,434341451
3994.2,S,42,32676.35,5064.49,17771901.1,85877510.7,434341475
3995.2,S,42,32684.99,5065.88,17771901.1,85877511.0,434341477
3996.2,S,42,32693.58,5067.32,17771901.1,85877511.9,434341483
3997.2,S,42,32702.43,5068.68,17771901.1,85877512.1,434341486
3998.2,S,42,32710.49,5069.88,17771901.1,85877587.2,434341575
3999.2,S,42,32719.30,5071.29,17771901.1,85877651.8,434341644
4000.2,S,42,32727.92,5072.79,17771901.1,85877671.8,434341670
4001.2,S,42,32736.68,5074.14,17771901.1,85877672.4,434341673
4002.2,S,42,32745.41,5075.48,17771901.1,85877672.7,434341677
4003.2,S,42,32754.22,5076.82,17771901.1,85877673.1,434341678
4004.2,S,42,32763.13,5078.09,17771901.1,85877681.2,434341688
4005.2,S,42,32770.87,5079.37,17771901.1,85877838.2,434341856
4006.2,S,42,32779.44,5080.90,17771901.1,85877858.3,434341882
4007.2,S,42,32788.12,5082.33,17771901.1,85877858.7,434341886
4008.2,S,42,32796.82,5083.72,17771901.1,85877859.1,434341887
4009.2,S,42,32805.41,5085.16,17771901.1,85877859.2,434341890
4010.2,S,42,32814.13,5086.67,17771901.1,85877923.9,434341955
4011.2,S,42,32822.78,5088.18,17771901.1,85877924.4,434341957
4012.2,S,46,32831.97,5089.54,17771901.1,85878027.4,434342159
4013.2,S,46,32844.59,5091.12,17771901.1,85878027.7,434342166
4014.2,S,42,32854.88,5092.70,17771901.1,85878272.2,434342380
4015.2,S,42,32863.62,5093.99,17771901.1,85878272.4,434342382
4016.2,S,42,32872.36,5095.40,17771901.1,85878272.7,434342387
4017.2,S,42,32881.02,5096.94,17771901.1,85878273.3,434342391
4018.2,S,42,32889.84,5098.30,17771901.1,85878337.9,434342455
4019.2,S,46,32899.42,5099.67,17771901.1,85878440.9,434342640
4020.2,S,46,32911.83,5101.49,17771901.1,85878468.7,434342671
4021.2,S,42,32922.03,5103.10,17771901.1,85878659.3,434342904
4022.2,S,42,32930.86,5104.48,17771901.1,85878659.8,434342909
4023.2,S,42,32939.58,5105.93,17771901.1,85878660.3,434342912
4024.2,S,42,32948.18,5107.41,17771901.1,85878724.9,434342985
4025.2,S,46,32955.88,5108.79,17771901.1,85878828.3,434343091
4026.2,S,46,32968.29,5110.45,17771901.1,85878828.6,434343096
4027.2,S,46,32980.53,5112.24,17771901.1,85878866.5,434343132
4028.2,S,42,32989.11,5113.63,17771901.1,85879020.2,434343287
4029.2,S,42,32997.65,5115.29,17771901.1,85879079.0,434343369
4030.2,S,42,33006.28,5116.73,17771901.1,85879079.4,434343373
4031.2,S,42,33014.90,5118.04,17771901.1,85879080.2,434343373
4032.2,S,46,33023.40,5119.30,17771901.1,85879183.2,434343464
4033.2,S,46,33035.65,5120.98,17771901.1,85879248.2,434343522
4034.2,S,44,33047.07,5122.58,17771901.1,85879391.6,434343643
4035.2,S,42,33055.79,5124.16,17771901.1,85879439.4,434343686
4036.2,S,42,33064.46,5125.59,17771901.1,85879440.0,434343689
4037.2,S,42,33073.32,5126.94,17771901.1,85879440.2,434343692
4038.2,S,42,33081.91,5128.14,17771901.1,85879505.0,434343777
4039.2,S,42,33089.51,5129.42,17771901.1,85879623.7,434343922
4040.2,S,42,33098.03,5130.92,17771901.1,85879624.0,434343926
4041.2,S,42,33106.62,5132.41,17771901.1,85879624.5,434343928
4042.2,S,42,33115.20,5133.77,17771901.1,85879624.8,434343932
4043.2,S,42,33123.89,5135.20,17771901.1,85879689.6,434343994
4044.2,S,42,33132.61,5136.59,17771901.1,85879690.0,434343997
4045.2,S,42,33141.37,5137.94,17771901.1,85879690.4,434343997
4046.2,S,42,33149.15,5139.17,17771901.1,85879821.2,434344143
4047.2,S,42,33157.77,5140.70,17771901.1,85879873.6,434344216
4048.2,S,42,33166.57,5142.13,17771901.1,85879886.6,434344234
4049.2,S,42,33175.14,5143.51,17771901.1,85879886.8,434344236
4050.2,S,42,33183.92,5144.87,17771901.1,85879887.5,434344240
4051.3,S,42,33192.66,5146.39,17771901.1,85879887.7,434344240
4052.3,S,42,33201.00,5147.89,17771901.1,85879952.6,434344448
4053.3,S,42,33208.82,5149.26,17771901.1,85880055.9,434344553
4054.3,S,42,33217.46,5150.70,17771901.1,85880056.5,434344568
4055.3,S,42,33226.24,5152.13,17771901.1,85880057.3,434344573
4056.3,S,42,33234.67,5153.51,17771901.1,85880110.3,434344627
4057.3,S,42,33243.20,5154.95,17771901.1,85880110.7,434344630
4058.3,S,42,33251.83,5156.34,17771901.1,85880111.4,434344635
4059.3,S,42,33260.71,5157.71,17771901.1,85880111.7,434344639
4060.3,S,42,33268.13,5159.01,17771901.1,85880278.9,434344839
4061.3,S,42,33276.99,5160.33,17771901.1,85880279.6,434344844
4062.3,S,42,33285.76,5161.72,17771901.1,85880279.8,434344846
4063.3,S,42,33294.51,5163.17,17771901.1,85880280.1,434344850
4064.3,S,42,33303.29,5164.60,17771901.1,85880336.6,434344898
4065.3,S,42,33311.85,5166.03,17771901.1,85880345.3,434344910
4066.3,S,42,33320.42,5167.43,17771901.1,85880365.6,434344934
4067.3,S,46,33331.11,5168.91,17771901.1,85880468.6,434345026
4068.3,S,46,33343.59,5170.56,17771901.1,85880468.9,434345029
4069.3,S,42,33351.40,5171.78,17771901.1,85880660.1,434345404
4070.3,S,42,33360.05,5173.24,17771901.1,85880716.0,434345454
4071.3,S,42,33368.69,5174.70,17771901.1,85880725.1,434345469
4072.3,S,42,33377.30,5176.16,17771901.1,85880725.6,434345472
4073.3,S,42,33385.93,5177.51,17771901.1,85880725.9,434345477
4074.3,S,46,33394.95,5178.65,17771901.1,85880828.7,434345722
4075.3,S,46,33407.05,5180.40,17771901.1,85880893.8,434345784
4076.3,S,42,33416.03,5181.89,17771901.1,85881101.0,434346028
4077.3,S,42,33424.51,5183.26,17771901.1,85881101.9,434346032
4078.3,S,42,33433.24,5184.67,17771901.1,85881102.1,434346034
4079.3,S,42,33441.90,5186.09,17771901.1,85881102.4,434346036
4080.3,S,42,33450.62,5187.53,17771901.1,85881167.0,434346097
4081.3,S,46,33459.73,5188.99,17771901.1,85881269.9,434346200
4082.3,S,46,33472.19,5190.65,17771901.1,85881270.5,434346202
4083.3,S,45,33481.83,5192.03,17771901.1,85881431.0,434346568
4084.3,S,42,33490.66,5193.57,17771901.1,85881462.1,434346643
4085.3,S,42,33499.33,5194.91,17771901.1,85881526.7,434346703
4086.3,S,42,33508.07,5196.26,17771901.1,85881526.9,434346706
4087.3,S,42,33516.72,5197.68,17771901.1,85881527.6,434346712
4088.3,S,46,33525.26,5198.86,17771901.1,85881673.7,434346940
4089.3,S,46,33537.83,5200.49,17771901.1,85881674.4,434346945
4090.3,S,42,33548.85,5202.25,17771901.1,85881865.0,434347138
4091.3,S,42,33557.56,5203.65,17771901.1,85881865.6,434347146
4092.3,S,42,33566.23,5205.15,17771901.1,85881909.0,434347186
4093.3,S,42,33574.90,5206.55,17771901.1,85881931.1,434347224
4094.3,S,42,33583.71,5207.99,17771901.1,85881931.6,434347225
4095.3,S,42,33591.46,5209.24,17771901.1,85882034.7,434347336
4096.3,S,42,33600.12,5210.72,17771901.1,85882035.0,434347337
4097.3,S,42,33608.66,5212.17,17771901.1,85882099.6,434347541
4098.3,S,42,33617.48,5213.55,17771901.1,85882100.1,434347545
4099.3,S,42,33626.16,5215.00,17771901.1,85882100.4,434347550
4100.3,S,42,33634.74,5216.62,17771901.1,85882144.4,434347593
4101.3,S,42,33642.72,5217.90,17771901.1,85882247.2,434347683
4102.3,S,42,33651.52,5219.25,17771901.1,85882247.4,434347685
4103.3,S,42,33660.24,5220.69,17771901.1,85882247.8,434347689
4104.3,S,42,33668.92,5222.21,17771901.1,85882312.8,434347743
4105.3,S,42,33677.60,5223.72,17771901.1,85882313.3,434347749
4106.3,S,42,33686.26,5225.03,17771901.1,85882313.6,434347753
4107.3,S,42,33694.95,5226.52,17771901.1,85882313.9,434347757
4108.3,S,42,33702.85,5227.88,17771901.1,85882435.6,434347925
4109.3,S,42,33711.28,5229.21,17771901.1,85882481.7,434348167
4110.3,S,42,33719.93,5230.61,17771901.1,85882482.1,434348170
4111.3,S,42,33728.39,5232.06,17771901.1,85882482.6,434348174
4112.3,S,42,33737.04,5233.46,17771901.1,85882482.9,434348178
4113.3,S,42,33745.67,5234.92,17771901.1,85882547.5,434348276
4114.3,S,42,33754.40,5236.37,17771901.1,85882548.0,434348286
4115.3,S,42,33761.91,5237.64,17771901.1,85882651.4,434348431
4116.3,S,42,33770.34,5239.05,17771901.1,85882690.5,434348471
4117.3,S,42,33779.11,5240.52,17771901.1,85882690.8,434348475
4118.3,S,42,33787.65,5242.07,17771901.1,85882718.5,434348514
4119.3,S,42,33796.33,5243.53,17771901.1,85882718.9,434348519
4120.3,S,42,33805.04,5244.93,17771901.1,85882783.8,434348578
4121.3,S,42,33813.73,5246.28,17771901.1,85882784.6,434348581
4122.3,S,46,33823.93,5247.92,17771901.1,85882887.4,434348677
4123.3,S,46,33836.50,5249.52,17771901.1,85882887.7,434348679
4124.3,S,42,33846.40,5250.95,17771901.1,85883142.8,434348913
4125.3,S,42,33855.09,5252.35,17771901.1,85883143.5,434348917
4126.3,S,42,33863.76,5253.88,17771901.1,85883144.0,434348926
4127.3,S,42,33872.47,5255.27,17771901.1,85883144.4,434348930
4128.3,S,42,33880.92,5256.64,17771901.1,85883203.8,434349149
4129.3,S,46,33891.59,5258.26,17771901.1,85883306.9,434349245
4130.3,S,46,33903.94,5259.91,17771901.1,85883307.5,434349249
4131.3,S,42,33913.63,5261.55,17771901.1,85883498.2,434349415
4132.3,S,42,33922.45,5262.92,17771901.1,85883498.6,434349419
4133.3,S,42,33930.69,5264.38,17771901.1,85883563.3,434349622
4134.3,S,42,33939.42,5265.84,17771901.1,85883563.6,434349624
4135.3,S,42,33948.03,5267.40,17771901.1,85883563.9,434349627
4136.3,S,46,33958.98,5268.93,17771901.1,85883666.9,434349741
4137.3,S,46,33971.25,5270.66,17771901.1,85883667.6,434349748
4138.3,S,42,33980.22,5272.40,17771901.1,85883925.3,434349986
4139.3,S,42,33989.00,5273.89,17771901.1,85883925.7,434349989
4140.3,S,42,33997.68,5275.41,17771901.1,85883925.9,434349990
4141.3,S,42,34006.39,5276.76,17771901.1,85883926.2,434349992
4142.3,S,42,34013.33,5277.95,17771901.1,85884068.1,434350195
4143.3,S,46,34025.45,5279.55,17771901.1,85884094.4,434350226
4144.3,S,46,34037.83,5281.25,17771901.1,85884094.6,434350228
4145.3,S,42,34046.43,5282.57,17771901.1,85884285.6,434350549
4146.3,S,42,34055.30,5283.96,17771901.1,85884285.9,434350552
4147.3,S,42,34063.77,5285.54,17771901.1,85884352.9,434350615
4148.3,S,42,34072.58,5286.91,17771901.1,85884353.8,434350623
4149.3,S,42,34080.51,5288.23,17771901.1,85884457.1,434350719
4150.3,S,42,34089.27,5289.54,17771901.1,85884457.3,434350720
4151.3,S,42,34098.02,5290.87,17771901.1,85884522.1,434350779
4152.3,S,42,34106.89,5292.27,17771901.1,85884522.3,434350782
4153.3,S,42,34115.81,5293.62,17771901.1,85884522.7,434350786
4154.3,S,42,34124.60,5295.10,17771901.1,85884523.3,434350791
4155.3,S,42,34133.18,5296.48,17771901.1,85884523.6,434350795
4156.3,S,42,34140.84,5297.88,17771901.1,85884693.4,434350983
4157.3,S,42,34149.50,5299.33,17771901.1,85884693.7,434350986
4158.3,S,42,34158.10,5300.79,17771901.1,85884694.2,434350988
4159.3,S,42,34166.91,5302.24,17771901.1,85884694.8,434350991
4160.3,S,42,34175.56,5303.63,17771901.1,85884759.4,434351050
4161.3,S,42,34184.13,5305.03,17771901.1,85884759.8,434351058
4162.3,S,42,34192.75,5306.44,17771901.1,85884760.2,434351062
4163.3,S,42,34200.50,5307.65,17771901.1,85884863.4,434351174
4164.3,S,42,34209.19,5309.15,17771901.1,85884924.1,434351229
4165.3,S,42,34217.81,5310.74,17771901.1,85884936.1,434351246
4166.3,S,42,34226.50,5312.17,17771901.1,85884936.5,434351249
4167.3,S,42,34235.09,5313.70,17771901.1,85884936.8,434351252
4168.3,S,42,34243.82,5315.10,17771901.1,85884937.0,434351254
4169.3,S,42,34252.62,5316.46,17771901.1,85885001.8,434351318
4170.3,S,42,34260.22,5317.80,17771901.1,85885105.0,434351445
4171.3,S,42,34268.93,5319.19,17771901.1,85885105.6,434351450
4172.3,S,42,34277.43,5320.76,17771901.1,85885105.8,434351453
4173.3,S,42,34286.06,5322.13,17771901.1,85885106.1,434351457
4174.3,S,42,34294.69,5323.53,17771901.1,85885171.0,434351518
4175.3,S,42,34303.35,5324.95,17771901.1,85885171.9,434351528
4176.3,S,42,34311.94,5326.39,17771901.1,85885172.7,434351531
4177.3,S,46,34322.96,5327.95,17771901.1,85885275.5,434351631
4178.3,S,46,34334.86,5329.71,17771901.1,85885336.5,434351968
4179.4,S,42,34344.73,5331.15,17771901.1,85885527.3,434352147
4180.4,S,42,34353.58,5332.41,17771901.1,85885527.9,434352151
4181.4,S,42,34362.25,5333.93,17771901.1,85885528.5,434352154
4182.4,S,42,34371.03,5335.24,17771901.1,85885528.8,434352157
4183.4,S,46,34379.11,5336.58,17771901.1,85885696.0,434352305
4184.4,S,46,34391.66,5338.17,17771901.1,85885696.2,434352306
4185.4,S,46,34403.87,5339.70,17771901.1,85885775.4,434352383
4186.4,S,42,34413.18,5341.12,17771901.1,85885887.8,434352492
4187.4,S,42,34421.77,5342.59,17771901.1,85885952.4,434352549
4188.4,S,42,34430.52,5343.97,17771901.1,85885952.7,434352552
4189.4,S,42,34439.37,5345.27,17771901.1,85885952.8,434352554
4190.4,S,46,34448.15,5346.55,17771901.1,85886055.8,434352697
4191.4,S,46,34460.48,5348.26,17771901.1,85886094.1,434352742
4192.4,S,42,34471.36,5349.92,17771901.1,85886317.3,434353036
4193.4,S,42,34480.02,5351.57,17771901.1,85886317.9,434353039
4194.4,S,42,34488.69,5353.03,17771901.1,85886318.5,434353046
4195.4,S,42,34497.41,5354.37,17771901.1,85886318.6,434353048
4196.4,S,42,34506.09,5355.70,17771901.1,85886383.2,434353113
4197.4,S,42,34510.32,5356.41,17771901.1,85886461.5,434353677
4198.4,S,46,34522.63,5357.97,17771901.1,85886488.3,434353709
4199.4,S,46,34535.09,5359.70,17771901.1,85886488.4,434353710
4200.4,S,42,34540.90,5360.64,17771901.1,85886743.8,434353943
4201.4,S,42,34545.01,5361.30,17771901.1,85886744.0,434353944
4202.4,S,42,34549.25,5361.95,17771901.1,85886744.3,434353949
4203.4,S,42,34553.46,5362.61,17771901.1,85886745.5,434354549
4204.4,S,42,34557.59,5363.31,17771901.1,85886745.8,434354553
4205.4,S,42,34561.69,5364.03,17771901.1,85886818.9,434354619
4206.4,S,42,34566.28,5364.92,17771901.1,85886819.5,434354625
4207.4,S,42,34570.94,5365.72,17771901.1,85886819.7,434354627
4208.4,S,42,34575.63,5366.57,17771901.1,85886820.0,434354629
4209.4,S,42,34580.29,5367.32,17771901.1,85886821.0,434354631
4210.4,S,42,34584.90,5368.12,17771901.1,85886904.8,434354963
4211.4,S,42,34589.66,5368.91,17771901.1,85886984.8,434355052
4212.4,S,42,34594.33,5369.72,17771901.1,85886985.0,434355058
4213.4,S,42,34599.07,5370.42,17771901.1,85886989.3,434355072
4214.4,S,42,34602.60,5371.00,17771901.1,85887053.9,434355131
4215.4,S,42,34606.31,5371.49,17771901.1,85887054.7,434355133
4216.4,S,42,34609.99,5372.03,17771901.1,85887133.9,434355207
4217.4,S,42,34614.02,5372.71,17771901.1,85887169.0,434355246
4218.4,S,42,34618.20,5373.33,17771901.1,85887169.6,434355249
4219.4,S,42,34622.30,5374.00,17771901.1,85887169.8,434355252
4220.4,S,42,34626.41,5374.72,17771901.1,85887170.1,434355255
4221.4,S,42,34630.56,5375.47,17771901.1,85887293.5,434355366
4222.4,S,42,34634.69,5376.19,17771901.1,85887293.8,434355371
4223.4,S,42,34638.89,5376.84,17771901.1,85887294.1,434355378
4224.4,S,42,34643.08,5377.52,17771901.1,85887294.4,434355382
4225.4,S,42,34647.16,5378.27,17771901.1,85887358.9,434355438
4226.4,S,42,34651.81,5379.12,17771901.1,85887362.0,434355445
4227.4,S,42,34656.46,5379.89,17771901.1,85887362.2,434355450
4228.4,S,42,34661.26,5380.62,17771901.1,85887362.5,434355452
4229.4,S,42,34666.03,5381.44,17771901.1,85887362.6,434355453
4230.4,S,42,34670.84,5382.18,17771901.1,85887427.3,434355509
4231.4,S,42,34675.51,5383.06,17771901.1,85887472.7,434355554
4232.4,S,42,34680.26,5383.75,17771901.1,85887473.6,434355560
4233.4,S,42,34684.94,5384.57,17771901.1,85887473.8,434355563
4234.4,S,42,34689.71,5385.34,17771901.1,85887538.4,434355623
4235.4,S,42,34694.45,5386.16,17771901.1,85887538.9,434355632
4236.4,S,42,34698.15,5386.81,17771901.1,85887590.9,434355833
4237.4,S,42,34702.26,5387.52,17771901.1,85887591.2,434355836
4238.4,S,42,34706.43,5388.15,17771901.1,85887592.1,434355840
4239.4,S,42,34710.64,5388.78,17771901.1,85887592.4,434355840
4240.4,S,42,34714.81,5389.42,17771901.1,85887592.7,434355843
4241.4,S,42,34718.96,5390.04,17771901.1,85887657.3,434355900
4242.4,S,42,34723.06,5390.70,17771901.1,85887657.5,434355905
4243.4,S,42,34727.20,5391.38,17771901.1,85887658.2,434355908
4244.4,S,42,34731.42,5392.02,17771901.1,85887658.5,434355911
4245.4,S,42,34735.57,5392.64,17771901.1,85887723.3,434355968
4246.4,S,42,34739.70,5393.25,17771901.1,85887760.4,434356006
4247.4,S,42,34743.90,5394.05,17771901.1,85887796.0,434356042
4248.4,S,42,34748.54,5394.83,17771901.1,85887796.3,434356047
4249.4,S,42,34753.29,5395.57,17771901.1,85887797.0,434356050
4250.4,S,42,34758.07,5396.30,17771901.1,85887797.3,434356053
4251.4,S,42,34762.84,5397.03,17771901.1,85887834.0,434356084
4252.4,S,42,34767.55,5397.77,17771901.1,85887898.7,434356141
4253.4,S,42,34772.23,5398.57,17771901.1,85887899.0,434356144
4254.4,S,42,34777.00,5399.34,17771901.1,85887899.8,434356149
4255.4,S,42,34781.75,5400.09,17771901.1,85887900.2,434356156
4256.4,S,42,34786.51,5400.80,17771901.1,85887964.7,434356219
4257.4,S,42,34790.94,5401.44,17771901.1,85887973.0,434356241
4258.4,S,42,34794.84,5402.04,17771901.1,85888003.6,434356274
4259.4,S,42,34798.96,5402.73,17771901.1,85888003.8,434356277
4260.4,S,42,34803.06,5403.43,17771901.1,85888004.6,434356282
4261.4,S,42,34807.11,5404.09,17771901.1,85888004.9,434356284
4262.4,S,42,34811.39,5404.70,17771901.1,85888106.0,434356385
4263.4,S,42,34815.82,5405.38,17771901.1,85888106.2,434356387
4264.4,S,42,34820.03,5405.99,17771901.1,85888106.5,434356393
4265.4,S,42,34824.13,5406.73,17771901.1,85888107.5,434356400
4266.4,S,42,34828.27,5407.35,17771901.1,85888107.6,434356401
4267.4,S,42,34832.36,5408.04,17771901.1,85888208.0,434356492
4268.4,S,42,34836.52,5408.65,17771901.1,85888208.3,434356494
4269.4,S,42,34840.66,5409.32,17771901.1,85888208.5,434356496
4270.4,S,42,34844.77,5410.03,17771901.1,85888208.8,434356499
4271.4,S,42,34848.91,5410.64,17771901.1,85888273.9,434356558
4272.4,S,42,34853.08,5411.25,17771901.1,85888274.2,434356562
4273.4,S,42,34857.29,5411.87,17771901.1,85888274.4,434356565
4274.4,S,42,34861.58,5412.52,17771901.1,85888274.8,434356568
4275.4,S,42,34865.69,5413.25,17771901.1,85888275.1,434356573
4276.4,S,42,34869.76,5414.02,17771901.1,85888346.4,434356643
4277.4,S,42,34874.50,5414.81,17771901.1,85888382.4,434356678
4278.4,S,42,34879.30,5415.52,17771901.1,85888382.6,434356682
4279.4,S,42,34883.99,5416.28,17771901.1,85888382.8,434356685
4280.4,S,42,34888.51,5416.97,17771901.1,85888404.4,434356732
4281.4,S,42,34892.04,5417.56,17771901.1,85888469.0,434356791
4282.4,S,42,34895.60,5418.13,17771901.1,85888469.9,434356795
4283.4,S,42,34899.25,5418.63,17771901.1,85888470.2,434356800
4284.4,S,42,34902.90,5419.16,17771901.1,85888470.3,434356801
4285.4,S,42,34906.54,5419.71,17771901.1,85888535.0,434356859
4286.4,S,42,34910.72,5420.27,17771901.1,85888544.2,434356873
4287.4,S,42,34914.84,5420.93,17771901.1,85888544.9,434356875
4288.4,S,42,34918.95,5421.56,17771901.1,85888545.2,434356880
4289.4,S,42,34923.02,5422.25,17771901.1,85888545.4,434356882
4290.4,S,42,34927.09,5422.89,17771901.1,85888610.1,434356942
4291.4,S,42,34931.26,5423.55,17771901.1,85888610.5,434356947
4292.4,S,42,34935.46,5424.19,17771901.1,85888647.9,434356980
4293.4,S,42,34939.63,5424.82,17771901.1,85888648.6,434356982
4294.4,S,42,34943.66,5425.49,17771901.1,85888674.8,434357284
4295.4,S,42,34947.81,5426.25,17771901.1,85888713.5,434357466
4296.4,S,42,34952.31,5427.04,17771901.1,85888731.1,434357496
4297.4,S,42,34957.06,5427.80,17771901.1,85888764.5,434357533
4298.4,S,42,34961.64,5428.64,17771901.1,85888765.4,434357539
4299.4,S,42,34966.41,5429.38,17771901.1,85888765.8,434357546
4300.4,S,42,34971.22,5430.18,17771901.1,85888890.9,434357784
4301.5,S,42,34976.13,5430.99,17771903.7,85888900.9,434357877
4302.5,S,42,34980.82,5431.92,17771905.5,85888901.2,434357885
4303.5,S,46,34985.93,5432.69,17771905.6,85888932.5,434357936
4304.5,S,46,34993.89,5433.41,17771905.6,85888959.3,434357989
4305.5,S,46,35001.90,5434.19,17771905.6,85889031.9,434358066
4306.5,S,42,35006.33,5434.86,17771905.6,85889175.4,434358277
4307.5,S,42,35009.98,5435.46,17771905.6,85889204.4,434358327
4308.5,S,42,35014.11,5436.13,17771905.6,85889204.8,434358329
4309.5,S,42,35018.25,5436.79,17771905.6,85889206.0,434358334
4310.5,S,42,35022.41,5437.45,17771905.6,85889206.2,434358340
4311.5,S,42,35026.47,5438.13,17771905.6,85889206.5,434358342
4312.5,S,42,35030.52,5438.83,17771905.6,85889271.1,434358407
4313.5,S,42,35034.70,5439.47,17771905.6,85889271.4,434358411
4314.5,S,42,35038.85,5440.13,17771905.6,85889272.1,434358413
4315.5,S,42,35042.93,5440.84,17771905.6,85889272.4,434358414
4316.5,S,42,35046.97,5441.55,17771905.6,85889337.0,434358478
4317.5,S,42,35051.12,5442.19,17771905.6,85889337.3,434358482
4318.5,S,42,35055.30,5442.77,17771905.6,85889337.6,434358484
4319.5,S,42,35059.42,5443.40,17771905.6,85889337.8,434358487
4320.5,S,42,35063.51,5444.11,17771905.6,85889402.9,434358607
4321.5,S,42,35067.64,5444.76,17771905.6,85889403.2,434358611
4322.5,S,42,35071.79,5445.43,17771905.6,85889403.4,434358614
4323.5,S,42,35075.97,5446.04,17771905.6,85889403.7,434358618
4324.5,S,42,35080.09,5446.71,17771905.6,85889468.3,434358692
4325.5,S,42,35084.22,5447.38,17771905.6,85889468.9,434358696
4326.5,S,42,35088.86,5448.23,17771905.6,85889487.2,434358716
4327.5,S,46,35094.12,5449.05,17771905.6,85889513.4,434358751
4328.5,S,46,35102.16,5449.75,17771905.6,85889513.8,434358758
4329.5,S,44,35110.01,5450.54,17771905.6,85889609.4,434358844
4330.5,S,42,35112.81,5450.86,17771905.6,85889705.4,434358927
4331.5,S,42,35113.73,5450.90,17771905.6,85889770.4,434358987
4332.5,S,42,35114.71,5450.92,17771905.6,85889770.6,434358990
4333.5,S,42,35115.70,5450.93,17771905.6,85889770.8,434358992
4334.5,S,42,35116.61,5450.97,17771905.6,85889920.3,434359129
4335.5,S,42,35117.59,5450.98,17771905.6,85889920.6,434359134
4336.5,S,42,35118.49,5451.07,17771905.6,85889950.2,434359165
4337.5,S,42,35119.47,5451.08,17771905.6,85889950.6,434359168
4338.5,S,42,35120.46,5451.10,17771905.6,85889950.7,434359170
4339.5,S,42,35121.45,5451.11,17771905.6,85889950.9,434359174
4340.5,S,42,35122.37,5451.14,17771905.6,85890015.4,434359234
4341.5,S,42,35123.36,5451.15,17771905.6,85890016.2,434359235
4342.5,S,42,35124.34,5451.17,17771905.6,85890016.3,434359238
4343.5,S,42,35125.27,5451.19,17771905.6,85890080.9,434359302
4344.5,S,42,35126.25,5451.21,17771905.6,85890081.0,434359302
4345.5,S,42,35127.15,5451.26,17771905.6,85890112.9,434359352
4346.5,S,42,35128.14,5451.27,17771905.6,85890113.1,434359354
4347.5,S,42,35129.13,5451.28,17771905.6,85890113.8,434359357
4348.5,S,42,35130.12,5451.30,17771905.6,85890113.9,434359358
4349.5,S,42,35130.95,5451.32,17771905.6,85890178.5,434359515
4350.5,S,42,35131.94,5451.33,17771905.6,85890178.7,434359516
4351.5,S,42,35132.93,5451.35,17771905.6,85890178.9,434359518
4352.5,S,42,35133.92,5451.36,17771905.6,85890179.0,434359520
4353.5,S,42,35134.84,5451.39,17771905.6,85890244.0,434359586
4354.5,S,42,35135.82,5451.40,17771905.6,85890272.6,434359623
4355.5,S,42,35136.81,5451.41,17771905.6,85890272.9,434359628
4356.5,S,42,35137.74,5451.43,17771905.6,85890337.4,434359693
4357.5,S,42,35138.67,5451.49,17771905.6,85890347.0,434359705
4358.5,S,42,35139.66,5451.50,17771905.6,85890347.7,434359713
4359.5,S,42,35140.64,5451.52,17771905.6,85890348.2,434359718
4360.5,S,42,35141.57,5451.54,17771905.6,85890415.5,434359787
4361.5,S,42,35142.55,5451.56,17771905.6,85890415.7,434359793
4362.5,S,42,35143.53,5451.58,17771905.6,85890415.9,434359796
4363.5,S,42,35144.52,5451.59,17771905.6,85890416.0,434359798
4364.5,S,42,35145.44,5451.61,17771905.6,85890481.4,434359865
4365.5,S,42,35146.43,5451.63,17771905.6,85890481.7,434359870
4366.5,S,42,35147.42,5451.64,17771905.6,85890481.9,434359872
4367.5,S,42,35148.40,5451.66,17771905.6,85890482.0,434359874
4368.5,S,42,35148.98,5451.72,17771905.6,85890542.2,434360256
4369.5,S,42,35149.97,5451.73,17771905.6,85890543.0,434360260
4370.5,S,42,35150.95,5451.74,17771905.6,85890543.2,434360263
4371.5,S,42,35151.94,5451.76,17771905.6,85890543.3,434360264
4372.5,S,42,35152.87,5451.78,17771905.6,85890607.9,434360321
4373.5,S,42,35153.84,5451.81,17771905.6,85890608.2,434360325
4374.5,S,42,35154.83,5451.82,17771905.6,85890608.4,434360326
4375.5,S,42,35155.76,5451.84,17771905.6,85890673.4,434360386
4376.5,S,42,35156.75,5451.86,17771905.6,85890673.6,434360390
4377.5,S,42,35157.67,5451.91,17771905.6,85890702.5,434360421
4378.5,S,42,35158.66,5451.92,17771905.6,85890702.8,434360426
4379.5,S,42,35159.64,5451.94,17771905.6,85890702.9,434360428
4380.5,S,42,35160.63,5451.95,17771905.6,85890703.4,434360432
4381.5,S,42,35161.55,5451.98,17771905.6,85890768.1,434360490
4382.5,S,42,35162.54,5452.00,17771905.6,85890768.3,434360492
4383.5,S,42,35163.52,5452.01,17771905.6,85890768.4,434360494
4384.5,S,42,35164.46,5452.04,17771905.6,85890833.0,434360553
4385.5,S,42,35165.45,5452.05,17771905.6,85890833.1,434360556
4386.5,S,42,35166.43,5452.06,17771905.6,85890833.9,434360560
4387.5,S,42,35167.35,5452.11,17771905.6,85890873.7,434360595
4388.5,S,42,35168.34,5452.13,17771905.6,85890873.9,434360598
4389.5,S,42,35169.33,5452.14,17771905.6,85890874.0,434360601
4390.5,S,42,35170.23,5452.17,17771905.6,85890938.6,434360676
4391.5,S,42,35171.22,5452.18,17771905.6,85890939.2,434360680
4392.5,S,42,35172.21,5452.20,17771905.6,85890939.6,434360685
4393.5,S,42,35173.20,5452.21,17771905.6,85890939.7,434360688
4394.5,S,42,35173.95,5452.23,17771905.6,85891004.3,434360927
4395.5,S,42,35174.94,5452.24,17771905.6,85891004.5,434360932
4396.5,S,42,35175.89,5452.26,17771905.6,85891043.9,434360966
4397.5,S,42,35176.84,5452.31,17771905.6,85891044.4,434360974
4398.5,S,42,35177.83,5452.32,17771905.6,85891044.8,434360976
4399.5,S,42,35178.81,5452.34,17771905.6,85891044.9,434360979
4400.5,S,42,35179.74,5452.37,17771905.6,85891109.5,434361037
4401.5,S,42,35180.72,5452.38,17771905.6,85891109.6,434361039
4402.5,S,42,35181.71,5452.39,17771905.6,85891109.9,434361044
4403.5,S,42,35182.70,5452.40,17771905.6,85891110.2,434361049
4404.5,S,42,35183.63,5452.43,17771905.6,85891174.9,434361110
4405.5,S,42,35184.56,5452.47,17771905.6,85891231.6,434361173
4406.5,S,42,35185.53,5452.50,17771905.6,85891232.0,434361178
4407.5,S,42,35186.52,5452.52,17771905.6,85891232.6,434361181
4408.5,S,42,35187.50,5452.54,17771905.6,85891232.8,434361186
4409.5,S,42,35188.40,5452.57,17771905.6,85891297.2,434361265
4410.5,S,42,35189.38,5452.59,17771905.6,85891297.7,434361271
4411.5,S,42,35190.37,5452.60,17771905.6,85891297.9,434361276
4412.5,S,42,35191.36,5452.61,17771905.6,85891298.1,434361280
4413.5,S,42,35192.29,5452.64,17771905.6,85891362.9,434361340
4414.5,S,42,35193.23,5452.67,17771905.6,85891392.0,434361369
4415.5,S,42,35194.20,5452.69,17771905.6,85891392.2,434361372
4416.5,S,42,35195.18,5452.72,17771905.6,85891392.7,434361377
4417.5,S,42,35196.17,5452.73,17771905.6,85891392.8,434361380
4418.5,S,42,35197.04,5452.76,17771905.6,85891457.7,434361501
4419.5,S,42,35198.02,5452.77,17771905.6,85891457.9,434361502
4420.5,S,42,35199.01,5452.79,17771905.6,85891458.1,434361505
4421.5,S,42,35199.99,5452.80,17771905.6,85891458.3,434361508
4422.6,S,42,35200.92,5452.83,17771905.6,85891522.9,434361569
4423.6,S,42,35201.91,5452.84,17771905.6,85891523.1,434361572
4424.6,S,42,35202.88,5452.87,17771905.6,85891523.6,434361573
4425.6,S,42,35203.79,5452.92,17771905.6,85891571.6,434361623
4426.6,S,42,35204.78,5452.94,17771905.6,85891571.9,434361628
4427.6,S,42,35205.76,5452.96,17771905.6,85891572.3,434361629
4428.6,S,42,35206.68,5452.98,17771905.6,85891636.9,434361687
4429.6,S,42,35207.67,5452.99,17771905.6,85891637.4,434361690
4430.6,S,42,35208.66,5453.00,17771905.6,85891637.6,434361695
4431.6,S,42,35209.65,5453.02,17771905.6,85891637.7,434361697
4432.6,S,42,35210.40,5453.04,17771905.6,85891702.4,434361934
4433.6,S,42,35211.39,5453.06,17771905.6,85891702.7,434361940
4434.6,S,42,35212.32,5453.11,17771905.6,85891731.8,434361972
4435.6,S,42,35213.30,5453.12,17771905.6,85891732.3,434361974
4436.6,S,42,35214.28,5453.14,17771905.6,85891732.5,434361977
4437.6,S,42,35215.27,5453.16,17771905.6,85891732.6,434361978
4438.6,S,42,35216.19,5453.19,17771905.6,85891797.5,434362038
4439.6,S,42,35217.18,5453.20,17771905.6,85891797.6,434362041
4440.6,S,42,35218.16,5453.22,17771905.6,85891797.8,434362046
4441.6,S,42,35219.10,5453.24,17771905.6,85891862.5,434362102
4442.6,S,42,35220.08,5453.26,17771905.6,85891862.8,434362107
4443.6,S,42,35221.06,5453.28,17771905.6,85891863.1,434362110
4444.6,S,42,35222.05,5453.29,17771905.6,85891863.3,434362112
4445.6,S,42,35222.94,5453.35,17771905.6,85891936.9,434362180
4446.6,S,42,35223.92,5453.36,17771905.6,85891937.5,434362184
4447.6,S,42,35224.91,5453.38,17771905.6,85891937.7,434362186
4448.6,S,42,35225.89,5453.39,17771905.6,85891937.9,434362189
4449.6,S,42,35226.82,5453.42,17771905.6,85892002.6,434362245
4450.6,S,42,35227.81,5453.43,17771905.6,85892002.8,434362250
4451.6,S,42,35228.80,5453.45,17771905.6,85892003.3,434362254
4452.6,S,42,35229.78,5453.46,17771905.6,85892003.5,434362259
4453.6,S,42,35230.71,5453.49,17771905.6,85892068.1,434362316
4454.6,S,42,35231.58,5453.54,17771905.6,85892085.2,434362397
4455.6,S,42,35232.57,5453.55,17771905.6,85892085.3,434362399
4456.6,S,42,35233.55,5453.57,17771905.6,85892085.5,434362401
4457.6,S,42,35234.49,5453.60,17771905.6,85892116.9,434362450
4458.6,S,42,35235.41,5453.62,17771905.6,85892150.5,434362507
4459.6,S,42,35236.40,5453.64,17771905.6,85892150.8,434362508
4460.6,S,42,35237.37,5453.66,17771905.6,85892151.0,434362513
4461.6,S,42,35238.29,5453.69,17771905.6,85892215.5,434362586
4462.6,S,42,35239.27,5453.71,17771905.6,85892216.0,434362591
4463.6,S,42,35240.25,5453.72,17771905.6,85892216.2,434362602
4464.6,S,42,35241.24,5453.74,17771905.6,85892216.4,434362604
4465.6,S,42,35242.09,5453.76,17771905.6,85892281.1,434362740
4466.6,S,42,35243.07,5453.78,17771905.6,85892281.3,434362746
4467.6,S,42,35243.97,5453.86,17771905.6,85892314.9,434362780
4468.6,S,42,35244.95,5453.87,17771905.6,85892315.1,434362782
4469.6,S,42,35245.93,5453.89,17771905.6,85892315.3,434362785
4470.6,S,42,35246.91,5453.91,17771905.6,85892324.3,434362798
4471.6,S,42,35247.85,5453.93,17771905.6,85892380.3,434362851
4472.6,S,42,35248.84,5453.94,17771905.6,85892380.5,434362856
4473.6,S,42,35249.82,5453.96,17771905.6,85892380.9,434362858
4474.6,S,42,35250.74,5453.98,17771905.6,85892445.4,434362932
4475.6,S,42,35251.73,5453.99,17771905.6,85892445.6,434362935
4476.6,S,42,35252.66,5454.04,17771905.6,85892474.7,434362967
4477.6,S,42,35253.65,5454.05,17771905.6,85892474.8,434362969
4478.6,S,42,35254.63,5454.07,17771905.6,85892475.1,434362974
4479.6,S,42,35255.60,5454.10,17771905.6,85892489.7,434362991
4480.6,S,42,35256.54,5454.11,17771905.6,85892540.1,434363043
4481.6,S,42,35257.53,5454.12,17771905.6,85892540.2,434363046
4482.6,S,42,35258.51,5454.14,17771905.6,85892540.6,434363046
4483.6,S,42,35259.43,5454.18,17771905.6,85892605.2,434363110
4484.6,S,42,35260.41,5454.19,17771905.6,85892605.7,434363111
4485.6,S,42,35261.32,5454.24,17771905.6,85892640.4,434363165
4486.6,S,42,35262.31,5454.25,17771905.6,85892640.6,434363171
4487.6,S,42,35263.30,5454.27,17771905.6,85892640.8,434363174
4488.6,S,42,35264.29,5454.28,17771905.6,85892641.2,434363176
4489.6,S,42,35265.20,5454.31,17771905.6,85892705.8,434363246
4490.6,S,42,35266.19,5454.33,17771905.6,85892706.3,434363250
4491.6,S,42,35267.17,5454.34,17771905.6,85892706.5,434363256
4492.6,S,42,35268.03,5454.37,17771905.6,85892758.2,434363379
4493.6,S,42,35268.96,5454.38,17771905.6,85892771.2,434363447
4494.6,S,42,35269.95,5454.39,17771905.6,85892771.6,434363448
4495.6,S,42,35270.94,5454.40,17771905.6,85892771.8,434363450
4496.6,S,42,35271.84,5454.43,17771905.6,85892836.6,434363541
4497.6,S,42,35272.82,5454.44,17771905.6,85892836.8,434363543
4498.6,S,42,35273.80,5454.46,17771905.6,85892836.9,434363545
4499.6,S,42,35274.79,5454.48,17771905.6,85892837.3,434363547
4500.6,S,42,35275.72,5454.50,17771905.6,85892901.8,434363604
4501.6,S,42,35276.62,5454.58,17771905.6,85892926.6,434363634
4502.6,S,42,35277.62,5454.58,17771905.6,85892927.0,434363638
4503.6,S,57,35289.30,5454.80,17771905.6,85892928.0,434363645
4504.6,S,57,35305.08,5455.03,17771905.6,85892928.2,434363648
4505.6,S,57,35320.88,5455.25,17771905.6,85892929.7,434363655
4506.6,S,57,35336.36,5455.54,17771905.6,85893152.5,434363846
4507.6,S,57,35350.79,5455.88,17771905.6,85893744.4,434364418
4508.6,S,57,35366.50,5456.13,17771905.6,85893818.0,434364491
4509.6,S,57,35381.61,5456.39,17771905.6,85893948.5,434365116
4510.6,S,57,35397.38,5456.63,17771905.6,85893948.9,434365122
4511.6,S,57,35412.19,5456.94,17771905.6,85894385.2,434365671
4512.6,S,57,35427.39,5457.23,17771905.6,85894838.6,434366178
4513.6,S,57,35443.14,5457.47,17771905.6,85894863.4,434366205
4514.6,S,57,35458.66,5457.74,17771905.6,85894996.1,434366459
4515.6,S,57,35474.26,5458.00,17771905.6,85895164.2,434366621
4516.6,S,57,35488.49,5458.32,17771905.6,85895588.0,434367156
4517.6,S,57,35504.14,5458.57,17771905.6,85895656.1,434367309
4518.6,S,57,35519.42,5458.87,17771905.6,85896001.9,434367609
4519.6,S,57,35534.79,5459.15,17771905.6,85896217.8,434367856
4520.6,S,57,35550.17,5459.43,17771905.6,85896523.1,434368160
4521.6,S,57,35565.84,5459.69,17771905.6,85896641.9,434368264
4522.6,S,57,35581.06,5460.00,17771905.7,85896907.1,434368608
4523.6,S,57,35596.53,5460.26,17771905.7,85897114.2,434368797
4524.6,S,57,35612.12,5460.51,17771905.7,85897254.6,434369014
4525.6,S,57,35626.75,5460.86,17771905.7,85897754.8,434369527
4526.6,S,57,35641.75,5461.11,17771905.7,85897964.3,434369927
4527.6,S,57,35657.34,5461.41,17771905.7,85898116.2,434370062
4528.6,S,57,35672.93,5461.71,17771905.7,85898254.4,434370218
4529.6,S,57,35688.22,5461.98,17771905.7,85898485.0,434370468
4530.6,S,57,35703.61,5462.29,17771905.7,85898672.8,434370648
4531.6,S,57,35716.50,5462.57,17771905.7,85898982.2,434371103
4532.6,S,56,35731.23,5462.85,17771905.7,85899132.9,434371235
4533.6,S,56,35745.36,5463.13,17771905.7,85899387.1,434371486
4534.7,S,56,35758.88,5463.41,17771905.8,85899667.1,434371909
4535.7,S,56,35773.26,5463.67,17771905.8,85899790.1,434372062
4536.7,S,55,35787.88,5463.91,17771905.8,85899943.9,434372237
4537.7,S,44,35792.93,5464.12,17771905.8,85900465.3,434372840
4538.7,S,42,35794.70,5464.29,17771905.8,85900617.2,434373005
4539.7,S,42,35795.69,5465.30,17771905.8,85900620.1,434373014
4540.7,S,42,35804.43,5466.67,17771905.8,85900622.0,434373019
4541.7,S,42,35813.06,5468.13,17771905.8,85900622.3,434373022
4542.7,S,42,35821.60,5469.52,17771905.8,85900622.5,434373024
4543.7,S,42,35830.28,5470.86,17771905.8,85900622.8,434373026
4544.7,S,42,35839.12,5472.20,17771905.8,85900687.7,434373085
4545.7,S,46,35847.77,5473.46,17771905.8,85900736.4,434373153
4546.7,S,46,35860.02,5475.19,17771905.8,85900737.4,434373158
4547.7,S,46,35872.11,5476.90,17771905.8,85900802.3,434373285
4548.7,S,42,35880.33,5478.24,17771905.8,85900928.4,434373666
4549.7,S,42,35889.14,5479.58,17771905.8,85900928.7,434373668
4550.7,S,42,35897.89,5481.00,17771905.8,85900993.3,434373724
4551.7,S,42,35906.59,5482.45,17771905.8,85900994.3,434373732
4552.7,S,46,35916.29,5483.96,17771905.8,85901075.2,434373814
4553.7,S,46,35928.45,5485.68,17771905.8,85901075.6,434373816
4554.7,S,44,35939.54,5487.35,17771905.8,85901240.8,434374158
4555.7,S,42,35948.27,5488.90,17771905.8,85901266.5,434374185
4556.7,S,42,35957.05,5490.24,17771905.8,85901267.6,434374188
4557.7,S,42,35965.48,5491.81,17771905.8,85901332.4,434374263
4558.7,S,42,35974.00,5493.20,17771905.8,85901332.6,434374266
4559.7,S,42,35981.69,5494.59,17771905.8,85901434.2,434374419
4560.7,S,42,35990.25,5496.11,17771905.8,85901434.4,434374422
4561.7,S,42,35998.96,5497.59,17771905.8,85901435.4,434374427
4562.7,S,42,36007.69,5498.95,17771905.8,85901435.6,434374432
4563.7,S,42,36016.31,5500.37,17771905.8,85901500.3,434374500
4564.7,S,42,36024.81,5502.00,17771905.8,85901500.6,434374502
4565.7,S,42,36033.65,5503.38,17771905.8,85901527.2,434374589
4566.7,S,42,36041.37,5504.76,17771905.8,85901627.7,434374724
4567.7,S,42,36050.34,5506.16,17771905.8,85901628.4,434374728
4568.7,S,42,36059.18,5507.57,17771905.8,85901628.8,434374733
4569.7,S,42,36067.95,5509.10,17771905.8,85901629.1,434374735
4570.7,S,42,36076.19,5510.59,17771905.8,85901694.0,434374812
4571.7,S,42,36084.98,5511.93,17771905.8,85901694.1,434374815
4572.7,S,42,36092.92,5513.18,17771905.8,85901821.4,434374944
4573.7,S,42,36101.60,5514.61,17771905.8,85901824.4,434374952
4574.7,S,42,36110.37,5516.03,17771905.8,85901824.6,434374955
4575.7,S,42,36119.19,5517.44,17771905.8,85901824.9,434374958
4576.7,S,42,36127.78,5518.99,17771905.8,85901860.4,434374989
4577.7,S,42,36136.45,5520.33,17771905.8,85901889.8,434375029
4578.7,S,42,36145.17,5521.81,17771905.8,85901916.9,434375058
4579.7,S,42,36152.11,5523.01,17771905.8,85902020.0,434375283
4580.7,S,42,36160.78,5524.56,17771905.8,85902020.2,434375283
4581.7,S,42,36169.55,5525.90,17771905.8,85902020.5,434375286
4582.7,S,42,36178.29,5527.34,17771905.8,85902047.9,434375320
4583.7,S,42,36186.87,5528.66,17771905.8,85902113.0,434375380
4584.7,S,42,36195.54,5530.07,17771905.8,85902113.6,434375383
4585.7,S,42,36204.09,5531.57,17771905.8,85902140.3,434375413
4586.7,S,46,36212.97,5533.08,17771905.8,85902243.0,434375504
4587.7,S,46,36225.43,5534.71,17771905.8,85902243.4,434375508
4588.7,S,45,36235.87,5536.12,17771905.8,85902366.8,434375745
4589.7,S,42,36244.51,5537.59,17771905.8,85902499.3,434375883
4590.7,S,42,36253.16,5539.02,17771905.8,85902499.6,434375886
4591.7,S,42,36262.09,5540.38,17771905.8,85902499.8,434375889
4592.7,S,42,36270.72,5541.78,17771905.8,85902523.9,434375924
4593.7,S,46,36280.08,5543.29,17771905.8,85902653.9,434376246
4594.7,S,46,36292.44,5544.96,17771905.8,85902654.5,434376248
4595.7,S,42,36303.41,5546.52,17771905.8,85902845.5,434376462
4596.7,S,42,36312.22,5547.91,17771905.8,85902845.7,434376466
4597.7,S,42,36320.89,5549.28,17771905.8,85902910.4,434376534
4598.7,S,42,36329.61,5550.78,17771905.8,85902910.8,434376537
4599.7,S,42,36338.45,5552.10,17771905.8,85902911.0,434376539
4600.7,S,46,36349.06,5553.56,17771905.8,85903014.5,434376649
4601.7,S,46,36361.44,5555.28,17771905.8,85903014.8,434376654
4602.7,S,42,36370.50,5556.68,17771905.8,85903270.3,434376967
4603.7,S,42,36379.22,5558.10,17771905.8,85903282.6,434376981
4604.7,S,42,36388.12,5559.55,17771905.8,85903283.1,434376985
4605.7,S,42,36396.87,5561.05,17771905.8,85903284.0,434376990
4606.7,S,46,36404.89,5562.47,17771905.8,85903387.3,434377084
4607.7,S,46,36417.21,5564.23,17771905.8,85903425.8,434377159
4608.7,S,46,36429.42,5565.99,17771905.8,85903498.9,434377279
4609.7,S,42,36436.93,5567.36,17771905.8,85903643.3,434377522
4610.7,S,42,36445.75,5568.87,17771905.8,85903643.6,434377526
4611.7,S,42,36454.53,5570.31,17771905.8,85903644.1,434377528
4612.7,S,42,36463.08,5571.59,17771905.8,85903709.1,434377651
4613.7,S,42,36471.01,5572.86,17771905.8,85903812.2,434377757
4614.7,S,42,36479.71,5574.34,17771905.8,85903812.5,434377762
4615.7,S,42,36488.48,5575.76,17771905.8,85903812.7,434377765
4616.7,S,42,36497.07,5577.22,17771905.8,85903869.6,434377853
4617.7,S,42,36505.74,5578.59,17771905.8,85903870.7,434377856
4618.7,S,42,36514.36,5580.01,17771905.8,85903871.0,434377859
4619.7,S,42,36523.18,5581.42,17771905.8,85903871.2,434377861
4620.7,S,42,36530.80,5582.73,17771905.8,85903973.9,434377975
4621.7,S,42,36539.45,5584.16,17771905.8,85904038.6,434378087
4622.7,S,42,36548.26,5585.60,17771905.8,85904038.9,434378089
4623.7,S,42,36556.94,5586.95,17771905.8,85904039.6,434378092
4624.7,S,42,36565.65,5588.46,17771905.8,85904039.9,434378095
4625.7,S,42,36574.20,5590.02,17771905.8,85904104.5,434378164
4626.7,S,42,36582.93,5591.42,17771905.8,85904104.8,434378167
4627.7,S,42,36590.55,5592.81,17771905.8,85904207.6,434378266
4628.7,S,42,36599.04,5594.20,17771905.8,85904245.4,434378306
4629.7,S,42,36607.77,5595.50,17771905.8,85904246.0,434378310
4630.7,S,42,36616.61,5596.85,17771905.8,85904246.3,434378315
4631.7,S,42,36625.29,5598.31,17771905.8,85904246.4,434378318
4632.7,S,42,36633.92,5599.69,17771905.8,85904311.1,434378376
4633.7,S,42,36642.23,5601.00,17771905.8,85904384.3,434378441
4634.7,S,42,36650.65,5602.30,17771905.8,85904414.7,434378471
4635.7,S,42,36659.31,5603.70,17771905.8,85904415.2,434378473
4636.7,S,42,36667.87,5605.08,17771905.8,85904479.9,434378528
4637.7,S,42,36676.58,5606.52,17771905.8,85904481.5,434378537
4638.7,S,42,36685.39,5607.99,17771905.8,85904481.8,434378541
4639.7,S,42,36694.37,5609.30,17771905.8,85904482.4,434378547
4640.7,S,46,36702.62,5610.62,17771905.8,85904584.9,434378663
4641.7,S,46,36714.69,5612.42,17771905.8,85904650.0,434378730
4642.7,S,46,36726.23,5614.19,17771905.8,85904719.7,434378894
4643.7,S,42,36733.25,5615.22,17771905.8,85904840.7,434379193
4644.7,S,42,36741.97,5616.51,17771905.8,85904841.3,434379198
4645.7,S,42,36750.61,5617.84,17771905.8,85904854.2,434379210
4646.7,S,42,36759.04,5619.35,17771905.8,85904907.9,434379271
4647.8,S,42,36767.36,5620.74,17771905.8,85904954.6,434379317
4648.8,S,46,36779.07,5622.31,17771905.8,85905011.5,434379375
4649.8,S,46,36791.60,5624.06,17771905.8,85905012.1,434379376
4650.8,S,42,36799.71,5625.47,17771905.8,85905267.2,434379804
4651.8,S,42,36808.37,5626.75,17771905.8,85905267.4,434379806
4652.8,S,42,36817.05,5628.25,17771905.8,85905267.6,434379810
4653.8,S,42,36825.82,5629.73,17771905.8,85905268.2,434379812
4654.8,S,42,36834.22,5631.02,17771905.8,85905294.3,434379836
4655.8,S,46,36845.68,5632.59,17771905.8,85905437.7,434379968
4656.8,S,46,36858.13,5634.22,17771905.8,85905438.0,434379970
4657.8,S,42,36866.81,5635.81,17771905.8,85905628.8,434380192
4658.8,S,42,36875.55,5637.25,17771905.8,85905629.6,434380195
4659.8,S,42,36884.12,5638.76,17771905.8,85905694.4,434380264
4660.8,S,42,36892.95,5640.28,17771905.8,85905694.6,434380265
4661.8,S,46,36901.14,5641.61,17771905.8,85905797.6,434380380
4662.8,S,46,36913.58,5643.19,17771905.8,85905797.9,434380383
4663.8,S,46,36925.17,5644.84,17771905.8,85905909.2,434380491
4664.8,S,42,36933.68,5646.25,17771905.8,85906053.7,434380643
4665.8,S,42,36942.21,5647.78,17771905.8,85906074.0,434380674
4666.8,S,42,36950.90,5649.07,17771905.8,85906074.5,434380680
4667.8,S,42,36959.58,5650.50,17771905.8,85906075.2,434380681
4668.8,S,42,36966.28,5651.59,17771905.8,85906178.1,434380925
4669.8,S,42,36975.02,5653.09,17771905.8,85906178.6,434380928
4670.8,S,42,36983.80,5654.56,17771905.8,85906243.3,434380991
4671.8,S,42,36992.34,5656.05,17771905.8,85906243.5,434380996
4672.8,S,42,37000.85,5657.50,17771905.8,85906244.2,434381002
4673.8,S,42,37009.39,5659.05,17771905.8,85906244.7,434381009
4674.8,S,42,37017.95,5660.37,17771905.8,85906309.5,434381211
4675.8,S,42,37026.58,5661.84,17771905.8,85906318.0,434381231
4676.8,S,42,37034.20,5662.96,17771905.8,85906414.5,434381354
4677.8,S,42,37042.94,5664.28,17771905.8,85906414.8,434381355
4678.8,S,42,37051.74,5665.72,17771905.8,85906415.3,434381360
4679.8,S,42,37060.29,5667.22,17771905.8,85906480.0,434381545
4680.8,S,42,37069.10,5668.70,17771905.8,85906480.5,434381548
4681.8,S,42,37077.74,5670.12,17771905.8,85906480.8,434381554
4682.8,S,42,37085.30,5671.40,17771905.8,85906584.0,434381709
4683.8,S,42,37093.88,5672.80,17771905.8,85906648.9,434381770
4684.8,S,42,37102.54,5674.20,17771905.8,85906649.1,434381773
4685.8,S,42,37111.28,5675.60,17771905.8,85906649.8,434381777
4686.8,S,42,37119.94,5676.93,17771905.8,85906687.2,434381818
4687.8,S,42,37128.57,5678.36,17771905.8,85906687.6,434381821
4688.8,S,42,37137.27,5679.71,17771905.8,85906688.1,434381827
4689.8,S,42,37145.02,5681.04,17771905.8,85906791.1,434381929
4690.8,S,42,37153.85,5682.49,17771905.8,85906855.7,434381985
4691.8,S,42,37162.61,5683.90,17771905.8,85906856.3,434381989
4692.8,S,42,37171.25,5685.26,17771905.8,85906856.6,434381993
4693.8,S,42,37179.95,5686.77,17771905.8,85906856.9,434381997
4694.8,S,42,37188.19,5688.18,17771905.8,85906908.7,434382049
4695.8,S,42,37196.66,5689.51,17771905.8,85906909.1,434382054
4696.8,S,46,37204.67,5690.76,17771905.8,85907012.2,434382234
4697.8,S,46,37217.08,5692.43,17771905.8,85907012.5,434382238
4698.8,S,44,37229.27,5694.22,17771905.8,85907190.3,434382484
4699.8,S,42,37237.81,5695.55,17771905.8,85907268.1,434382552
4700.8,S,42,37246.54,5697.00,17771905.8,85907268.7,434382555
4701.8,S,42,37255.30,5698.45,17771905.8,85907269.2,434382560
4702.8,S,42,37263.89,5699.92,17771905.8,85907299.1,434382587
4703.8,S,46,37271.84,5701.16,17771905.8,85907445.0,434382812
4704.8,S,46,37284.07,5702.99,17771905.8,85907445.2,434382815
4705.8,S,43,37295.05,5704.58,17771905.8,85907588.7,434383040
4706.8,S,42,37304.00,5706.12,17771905.8,85907637.0,434383086
4707.8,S,42,37312.65,5707.61,17771905.8,85907637.7,434383092
4708.8,S,42,37321.19,5708.98,17771905.8,85907702.3,434383155
4709.8,S,42,37329.92,5710.41,17771905.8,85907702.6,434383157
4710.8,S,46,37338.25,5711.69,17771905.8,85907805.5,434383340
4711.8,S,46,37350.70,5713.34,17771905.8,85907805.8,434383341
4712.8,S,43,37362.12,5714.95,17771905.8,85908061.8,434383587
4713.8,S,42,37371.02,5716.36,17771905.8,85908062.2,434383590
4714.8,S,42,37379.61,5717.75,17771905.8,85908062.4,434383591
4715.8,S,42,37388.45,5719.12,17771905.8,85908062.7,434383595
4716.8,S,42,37397.07,5720.50,17771905.8,85908127.4,434383661
4717.8,S,46,37404.38,5721.73,17771905.8,85908239.9,434383904
4718.8,S,46,37416.94,5723.30,17771905.8,85908240.6,434383914
4719.8,S,43,37428.41,5724.91,17771905.8,85908431.1,434384082
4720.8,S,42,37437.36,5726.52,17771905.8,85908431.5,434384086
4721.8,S,42,37446.20,5727.92,17771905.8,85908431.8,434384089
4722.8,S,42,37454.88,5729.22,17771905.8,85908496.3,434384147
4723.8,S,42,37463.57,5730.64,17771905.8,85908497.1,434384153
4724.8,S,42,37470.87,5731.84,17771905.8,85908600.4,434384339
4725.8,S,42,37479.75,5733.22,17771905.8,85908600.6,434384341
4726.8,S,42,37488.40,5734.53,17771905.8,85908665.2,434384413
4727.8,S,42,37497.06,5735.95,17771905.8,85908665.6,434384416
4728.8,S,42,37505.75,5737.41,17771905.8,85908665.8,434384416
4729.8,S,42,37514.53,5738.88,17771905.8,85908702.6,434384453
4730.8,S,42,37523.08,5740.24,17771905.8,85908702.8,434384455
4731.8,S,42,37530.44,5741.39,17771905.8,85908805.7,434384626
4732.8,S,42,37539.32,5742.75,17771905.8,85908805.9,434384629
4733.8,S,42,37548.12,5744.16,17771905.8,85908870.6,434384697
4734.8,S,42,37556.73,5745.54,17771905.8,85908871.2,434384705
4735.8,S,42,37565.48,5746.98,17771905.8,85908872.1,434384709
4736.8,S,42,37574.02,5748.36,17771905.8,85908872.4,434384711
4737.8,S,42,37582.54,5749.75,17771905.8,85908937.1,434384772
4738.8,S,42,37590.25,5751.05,17771905.8,85909040.1,434384868
4739.8,S,42,37599.02,5752.45,17771905.8,85909040.4,434384872
4740.8,S,42,37607.85,5753.93,17771905.8,85909041.0,434384875
4741.9,S,42,37616.52,5755.49,17771905.8,85909041.3,434384879
4742.9,S,42,37625.22,5756.98,17771905.8,85909106.2,434384949
4743.9,S,42,37633.95,5758.42,17771905.8,85909122.6,434384965
4744.9,S,42,37642.69,5759.87,17771905.8,85909122.9,434384968
4745.9,S,42,37650.51,5761.22,17771905.8,85909226.1,434385070
4746.9,S,42,37659.35,5762.56,17771905.8,85909227.2,434385074
4747.9,S,42,37668.08,5763.84,17771905.8,85909291.9,434385317
4748.9,S,42,37676.66,5765.25,17771905.8,85909292.4,434385321
4749.9,S,42,37685.35,5766.55,17771905.8,85909292.5,434385322
4750.9,S,42,37694.14,5768.01,17771905.8,85909292.7,434385325
4751.9,S,46,37702.68,5769.53,17771905.8,85909396.2,434385422
4752.9,S,46,37715.16,5771.21,17771905.8,85909461.3,434385481
4753.9,S,43,37726.91,5772.79,17771905.8,85909625.2,434385624
4754.9,S,42,37735.32,5774.07,17771905.8,85909680.4,434385700
4755.9,S,42,37744.08,5775.36,17771905.8,85909680.5,434385700
4756.9,S,42,37752.80,5776.77,17771905.8,85909680.9,434385704
4757.9,S,42,37761.43,5778.20,17771905.8,85909693.6,434385716
4758.9,S,46,37769.85,5779.62,17771905.8,85909849.1,434385885
4759.9,S,46,37782.09,5781.33,17771905.8,85909849.2,434385886
4760.9,S,43,37793.88,5782.92,17771905.8,85909992.8,434386035
4761.9,S,42,37798.90,5783.65,17771905.8,85910040.4,434386080
4762.9,S,42,37802.99,5784.29,17771905.8,85910105.2,434386200
4763.9,S,42,37807.11,5784.94,17771905.8,85910106.0,434386204
4764.9,S,42,37811.16,5785.62,17771905.8,85910106.4,434386210
4765.9,S,42,37815.28,5786.33,17771905.8,85910106.5,434386211
4766.9,S,42,37819.45,5787.11,17771905.8,85910164.1,434386276
4767.9,S,42,37824.14,5787.92,17771905.8,85910164.5,434386279
4768.9,S,42,37828.89,5788.73,17771905.8,85910164.9,434386283
4769.9,S,42,37833.74,5789.47,17771905.8,85910261.0,434386371
4770.9,S,42,37838.39,5790.28,17771905.8,85910261.4,434386378
4771.9,S,42,37843.06,5791.07,17771905.8,85910326.0,434386439
4772.9,S,42,37847.82,5791.84,17771905.8,85910326.4,434386445
4773.9,S,42,37852.47,5792.67,17771905.8,85910326.5,434386446
4774.9,S,46,37857.85,5793.37,17771905.8,85910334.5,434386469
4775.9,S,46,37865.41,5794.10,17771905.8,85910399.3,434386773
4776.9,S,45,37873.07,5794.94,17771905.8,85910491.0,434386966
4777.9,S,42,37877.26,5795.56,17771905.8,85910590.7,434387059
4778.9,S,42,37880.87,5796.11,17771905.8,85910591.0,434387064
4779.9,S,42,37884.53,5796.69,17771905.8,85910672.9,434387132
4780.9,S,42,37888.16,5797.25,17771905.8,85910738.0,434387192
4781.9,S,42,37891.82,5797.84,17771905.8,85910738.4,434387193
4782.9,S,42,37895.49,5798.40,17771905.8,85910738.8,434387201
4783.9,S,42,37899.18,5798.91,17771905.8,85910738.9,434387202
4784.9,S,42,37902.86,5799.48,17771905.8,85910850.4,434387402
4785.9,S,42,37906.69,5800.15,17771905.8,85910873.1,434387428
4786.9,S,42,37910.81,5800.89,17771905.8,85910873.7,434387433
4787.9,S,42,37914.92,5801.55,17771905.8,85910874.2,434387435
4788.9,S,42,37919.13,5802.20,17771905.8,85910874.6,434387439
4789.9,S,42,37923.26,5802.86,17771905.8,85910939.1,434387497
4790.9,S,42,37927.41,5803.55,17771905.8,85910979.7,434387546
4791.9,S,42,37931.63,5804.23,17771905.8,85910980.0,434387549
4792.9,S,42,37935.74,5804.95,17771905.8,85910980.4,434387552
4793.9,S,42,37939.92,5805.62,17771905.8,85910980.8,434387554
4794.9,S,42,37944.05,5806.33,17771905.8,85911045.7,434387626
4795.9,S,42,37948.17,5807.03,17771905.8,85911046.1,434387632
4796.9,S,42,37952.37,5807.65,17771905.8,85911046.3,434387635
4797.9,S,42,37956.51,5808.28,17771905.8,85911047.1,434387638
4798.9,S,42,37960.83,5809.05,17771905.8,85911107.9,434387700
4799.9,S,42,37965.52,5809.77,17771905.8,85911108.5,434387705
4800.9,S,46,37973.47,5810.50,17771905.8,85911129.6,434387741
4801.9,S,46,37981.65,5811.23,17771905.8,85911130.1,434387748
4802.9,S,42,37984.96,5811.64,17771905.8,85911385.6,434388132
4803.9,S,42,37985.93,5811.66,17771905.8,85911386.1,434388137
4804.9,S,42,37986.95,5811.68,17771905.8,85911386.4,434388142
4805.9,S,42,37987.94,5811.70,17771905.8,85911415.1,434388170
4806.9,S,42,37988.78,5811.72,17771905.8,85911479.6,434388318
4807.9,S,42,37989.76,5811.74,17771905.8,85911480.5,434388333
4808.9,S,42,37990.75,5811.75,17771905.8,85911480.9,434388336
4809.9,S,42,37991.46,5811.86,17771905.8,85911534.2,434388529
4810.9,S,42,37992.43,5811.88,17771905.8,85911534.5,434388531
4811.9,S,42,37993.41,5811.91,17771905.8,85911547.5,434388553
4812.9,S,42,37994.40,5811.92,17771905.8,85911563.7,434388583
4813.9,S,42,37995.32,5811.95,17771905.8,85911628.2,434388651
4814.9,S,42,37996.30,5811.96,17771905.8,85911628.8,434388654
4815.9,S,42,37997.29,5811.98,17771905.8,85911648.8,434388685
4816.9,S,42,37998.27,5812.00,17771905.8,85911649.1,434388685
4817.9,S,42,37999.20,5812.02,17771905.8,85911713.6,434388747
4818.9,S,42,38000.18,5812.04,17771905.8,85911713.7,434388749
4819.9,S,42,38001.16,5812.06,17771905.8,85911713.9,434388752
4820.9,S,42,38002.15,5812.08,17771905.8,85911728.0,434388766
4821.9,S,42,38003.03,5812.13,17771905.8,85911796.3,434388828
4822.9,S,42,38004.01,5812.16,17771905.8,85911796.8,434388834
4823.9,S,42,38005.00,5812.17,17771905.8,85911796.9,434388838
4824.9,S,42,38005.96,5812.19,17771905.8,85911826.9,434388865
4825.9,S,42,38006.91,5812.21,17771905.8,85911861.9,434388905
4826.9,S,42,38007.90,5812.22,17771905.8,85911861.9,434388907
4827.9,S,42,38008.89,5812.23,17771905.8,85911862.1,434388911
4828.9,S,42,38009.81,5812.26,17771905.8,85911926.7,434388969
4829.9,S,42,38010.80,5812.28,17771905.8,85911926.9,434388970
4830.9,S,42,38011.78,5812.29,17771905.8,85911929.9,434388974
4831.9,S,42,38012.77,5812.31,17771905.8,85911930.1,434388978
4832.9,S,42,38013.59,5812.33,17771905.8,85911994.6,434389137
4833.9,S,42,38014.52,5812.39,17771905.8,85912010.8,434389159
4834.9,S,42,38015.50,5812.41,17771905.8,85912011.1,434389161
4835.9,S,42,38016.48,5812.43,17771905.8,85912011.3,434389164
4836.9,S,42,38017.46,5812.45,17771905.8,85912011.8,434389164
4837.9,S,42,38018.30,5812.46,17771905.8,85912076.4,434389321
4838.9,S,42,38019.28,5812.48,17771905.8,85912076.5,434389323
4839.9,S,42,38020.27,5812.50,17771905.8,85912076.7,434389327
4840.9,S,42,38021.18,5812.52,17771905.8,85912141.3,434389400
4841.9,S,42,38022.11,5812.57,17771905.8,85912153.4,434389426
4842.9,S,42,38023.10,5812.58,17771905.8,85912153.5,434389428
4843.9,S,42,38024.09,5812.60,17771905.8,85912153.7,434389432
4844.9,S,42,38025.07,5812.61,17771905.8,85912153.7,434389434
4845.9,S,42,38025.99,5812.64,17771905.8,85912218.3,434389499
4846.9,S,42,38026.98,5812.65,17771905.8,85912218.9,434389499
4847.9,S,42,38027.96,5812.67,17771905.8,85912219.1,434389503
4848.9,S,42,38028.69,5812.69,17771905.8,85912283.6,434389761
4849.9,S,42,38029.68,5812.71,17771905.8,85912283.7,434389764
4850.9,S,42,38030.66,5812.73,17771905.8,85912283.8,434389766
4851.9,S,42,38031.65,5812.74,17771905.8,85912284.0,434389766
4852.9,S,42,38032.54,5812.80,17771905.8,85912348.0,434389830
4853.9,S,42,38033.52,5812.82,17771905.8,85912348.2,434389832
4854.9,S,42,38034.50,5812.83,17771905.8,85912348.3,434389835
4855.9,S,42,38035.48,5812.86,17771905.8,85912348.6,434389842
4856.9,S,42,38036.41,5812.88,17771905.8,85912413.2,434389901
4857.9,S,42,38037.39,5812.90,17771905.8,85912413.4,434389905
4858.9,S,42,38038.37,5812.93,17771905.8,85912414.2,434389906
4859.9,S,42,38039.30,5812.95,17771905.8,85912478.7,434389966
4860.9,S,42,38040.29,5812.96,17771905.8,85912506.5,434389997
4862.0,S,42,38041.21,5813.02,17771905.8,85912538.5,434390029
4863.0,S,42,38042.19,5813.03,17771905.8,85912538.6,434390031
4864.0,S,42,38043.18,5813.05,17771905.8,85912538.8,434390035
4865.0,S,42,38044.16,5813.07,17771905.8,85912539.6,434390038
4866.0,S,42,38045.09,5813.09,17771905.8,85912604.2,434390094
4867.0,S,42,38046.07,5813.11,17771905.8,85912604.3,434390094
4868.0,S,42,38047.06,5813.13,17771905.8,85912604.5,434390096
4869.0,S,42,38048.04,5813.15,17771905.8,85912604.7,434390102
4870.0,S,42,38048.74,5813.17,17771905.8,85912669.6,434390397
4871.0,S,42,38049.69,5813.21,17771905.8,85912681.1,434390411
4872.0,S,42,38050.67,5813.22,17771905.8,85912681.3,434390416
4873.0,S,42,38051.65,5813.25,17771905.8,85912681.4,434390418
4874.0,S,42,38052.57,5813.27,17771905.8,85912745.9,434390489
4875.0,S,42,38053.56,5813.29,17771905.8,85912746.4,434390492
4876.0,S,42,38054.54,5813.31,17771905.8,85912746.5,434390496
4877.0,S,42,38055.52,5813.32,17771905.8,85912746.8,434390496
4878.0,S,42,38056.45,5813.35,17771905.8,85912811.3,434390558
4879.0,S,42,38057.43,5813.37,17771905.8,85912811.4,434390560
4880.0,S,42,38058.40,5813.39,17771905.8,85912811.6,434390564
4881.0,S,42,38059.30,5813.46,17771905.8,85912872.2,434390622
4882.0,S,42,38060.29,5813.47,17771905.8,85912872.5,434390628
4883.0,S,42,38061.27,5813.48,17771905.8,85912872.8,434390629
4884.0,S,42,38062.25,5813.50,17771905.8,85912872.9,434390632
4885.0,S,42,38063.17,5813.53,17771905.8,85912937.4,434390696
4886.0,S,42,38064.16,5813.54,17771905.8,85912937.8,434390700
4887.0,S,42,38065.15,5813.55,17771905.8,85912937.9,434390702
4888.0,S,42,38066.14,5813.56,17771905.8,85912938.1,434390705
4889.0,S,42,38067.06,5813.59,17771905.8,85913002.7,434390764
4890.0,S,42,38068.05,5813.61,17771905.8,85913002.9,434390768
4891.0,S,42,38069.04,5813.62,17771905.8,85913003.0,434390770
4892.0,S,42,38069.95,5813.64,17771905.8,85913067.8,434390844
4893.0,S,42,38070.89,5813.70,17771905.8,85913073.5,434390853
4894.0,S,42,38071.87,5813.71,17771905.8,85913073.8,434390857
4895.0,S,42,38072.86,5813.73,17771905.8,85913074.1,434390859
4896.0,S,42,38073.78,5813.75,17771905.8,85913138.7,434390920
4897.0,S,42,38074.77,5813.77,17771905.8,85913139.2,434390922
4898.0,S,42,38075.75,5813.78,17771905.8,85913139.3,434390925
4899.0,S,42,38076.74,5813.80,17771905.8,85913139.5,434390928
4900.0,S,42,38077.66,5813.82,17771905.8,85913204.1,434390993
4901.0,S,42,38078.64,5813.84,17771905.8,85913204.3,434390994
4902.0,S,42,38079.63,5813.85,17771905.8,85913204.5,434391002
4903.0,S,42,38080.61,5813.87,17771905.8,85913210.8,434391011
4904.0,S,42,38081.51,5813.93,17771905.8,85913265.4,434391067
4905.0,S,42,38082.49,5813.95,17771905.8,85913265.5,434391069
4906.0,S,42,38083.47,5813.97,17771905.8,85913265.7,434391073
4907.0,S,42,38084.22,5813.99,17771905.8,85913324.1,434391323
4908.0,S,42,38085.04,5814.00,17771905.8,85913330.6,434391490
4909.0,S,42,38086.03,5814.01,17771905.8,85913330.9,434391492
4910.0,S,42,38087.00,5814.04,17771905.8,85913331.0,434391495
4911.0,S,42,38087.93,5814.06,17771905.8,85913395.5,434391555
4912.0,S,42,38088.92,5814.07,17771905.8,85913395.7,434391558
4913.0,S,42,38089.91,5814.09,17771905.8,85913395.9,434391559
4914.0,S,42,38090.90,5814.10,17771905.8,85913396.4,434391564
4915.0,S,42,38091.80,5814.15,17771905.8,85913456.9,434391618
4916.0,S,42,38092.78,5814.17,17771905.8,85913457.2,434391622
4917.0,S,42,38093.77,5814.19,17771905.8,85913457.4,434391626
4918.0,S,42,38094.69,5814.22,17771905.8,85913521.9,434391683
4919.0,S,42,38095.67,5814.23,17771905.8,85913522.3,434391685
4920.0,S,42,38096.66,5814.25,17771905.8,85913522.8,434391687
4921.0,S,42,38097.64,5814.27,17771905.8,85913522.9,434391689
4922.0,S,42,38098.57,5814.29,17771905.8,85913587.4,434391750
4923.0,S,42,38099.55,5814.31,17771905.8,85913587.5,434391750
4924.0,S,42,38100.48,5814.36,17771905.8,85913612.9,434391777
4925.0,S,42,38101.47,5814.38,17771905.8,85913613.5,434391779
4926.0,S,42,38102.45,5814.40,17771905.8,85913613.7,434391781
4927.0,S,42,38103.38,5814.42,17771905.8,85913678.1,434391836
4928.0,S,42,38104.37,5814.43,17771905.8,85913678.3,434391838
4929.0,S,42,38105.36,5814.44,17771905.8,85913678.5,434391844
4930.0,S,42,38106.35,5814.46,17771905.8,85913678.6,434391847
4931.0,S,42,38107.04,5814.47,17771905.8,85913743.7,434392147
4932.0,S,42,38108.02,5814.49,17771905.8,85913743.9,434392148
4933.0,S,42,38109.01,5814.50,17771905.8,85913744.0,434392149
4934.0,S,42,38109.99,5814.52,17771905.8,85913744.1,434392151
4935.0,S,42,38110.83,5814.55,17771905.8,85913808.6,434392297
4936.0,S,42,38111.82,5814.56,17771905.8,85913809.2,434392299
4937.0,S,42,38112.73,5814.62,17771905.8,85913844.1,434392334
4938.0,S,42,38113.72,5814.63,17771905.8,85913844.2,434392336
4939.0,S,42,38114.71,5814.64,17771905.8,85913844.3,434392340
4940.0,S,42,38115.70,5814.66,17771905.8,85913844.4,434392341
4941.0,S,42,38116.58,5814.69,17771905.8,85913909.2,434392443
4942.0,S,42,38117.57,5814.70,17771905.8,85913909.5,434392445
4943.0,S,42,38118.55,5814.71,17771905.8,85913909.7,434392449
4944.0,S,42,38119.48,5814.73,17771905.8,85913974.1,434392507
4945.0,S,42,38120.47,5814.75,17771905.8,85913974.4,434392514
4946.0,S,42,38121.45,5814.77,17771905.8,85913974.5,434392516
4947.0,S,42,38122.44,5814.78,17771905.8,85913974.6,434392518
4948.0,S,42,38123.33,5814.84,17771905.8,85914035.9,434392577
4949.0,S,42,38124.32,5814.85,17771905.8,85914036.0,434392581
4950.0,S,42,38125.30,5814.88,17771905.8,85914036.2,434392583
4951.0,S,42,38126.26,5814.91,17771905.8,85914054.5,434392601
4952.0,S,42,38127.20,5814.92,17771905.8,85914100.8,434392645
4953.0,S,42,38128.19,5814.94,17771905.8,85914101.5,434392649
4954.0,S,42,38129.17,5814.96,17771905.8,85914101.6,434392651
4955.0,S,42,38130.10,5814.97,17771905.8,85914166.2,434392717
4956.0,S,42,38131.09,5814.99,17771905.8,85914166.3,434392719
4957.0,S,42,38132.07,5815.01,17771905.8,85914166.5,434392723
4958.0,S,42,38133.06,5815.01,17771905.8,85914167.2,434392730
4959.0,S,42,38133.93,5815.08,17771905.8,85914228.3,434392795
4960.0,S,42,38134.92,5815.10,17771905.8,85914228.4,434392795
4961.0,S,42,38135.90,5815.12,17771905.8,85914228.6,434392796
4962.0,S,42,38136.83,5815.14,17771905.8,85914293.0,434392858
4963.0,S,42,38137.82,5815.15,17771905.8,85914293.2,434392858
4964.0,S,42,38138.81,5815.16,17771905.8,85914293.9,434392860
4965.0,S,42,38139.78,5815.19,17771905.8,85914294.0,434392864
4966.0,S,42,38140.67,5815.22,17771905.8,85914358.5,434392957
4967.0,S,42,38141.65,5815.24,17771905.8,85914358.7,434392959
4968.0,S,42,38142.64,5815.25,17771905.8,85914358.8,434392960
4969.0,S,42,38143.56,5815.28,17771905.8,85914418.8,434393025
4970.0,S,42,38144.50,5815.33,17771905.8,85914419.3,434393027
4971.0,S,42,38145.48,5815.36,17771905.8,85914419.5,434393027
4972.0,S,42,38146.46,5815.38,17771905.8,85914419.6,434393029
4973.0,S,42,38147.38,5815.40,17771905.8,85914484.2,434393092
4974.0,S,42,38148.37,5815.42,17771905.8,85914487.4,434393108
4975.0,S,42,38149.36,5815.43,17771905.8,85914487.8,434393115
4976.0,S,42,38150.34,5815.45,17771905.8,85914488.6,434393117
4977.0,S,42,38151.27,5815.48,17771905.8,85914553.2,434393175
4978.0,S,42,38152.25,5815.49,17771905.8,85914553.4,434393178
4979.0,S,42,38153.24,5815.50,17771905.8,85914555.8,434393186
4980.0,S,42,38154.13,5815.57,17771905.8,85914616.2,434393239
4981.1,S,42,38155.12,5815.58,17771905.8,85914616.8,434393244
4982.1,S,42,38156.11,5815.60,17771905.8,85914617.1,434393246
4983.1,S,42,38157.09,5815.61,17771905.8,85914617.3,434393249
4984.1,S,42,38158.03,5815.63,17771905.8,85914681.8,434393306
4985.1,S,42,38159.02,5815.65,17771905.8,85914681.9,434393309
4986.1,S,42,38160.00,5815.66,17771905.8,85914682.4,434393311
4987.1,S,42,38160.99,5815.68,17771905.8,85914682.5,434393316
4988.1,S,42,38161.91,5815.70,17771905.8,85914747.3,434393372
4989.1,S,42,38162.90,5815.72,17771905.8,85914747.5,434393374
4990.1,S,42,38163.89,5815.73,17771905.8,85914747.8,434393376
4991.1,S,42,38164.77,5815.79,17771905.8,85914810.1,434393447
4992.1,S,42,38165.75,5815.81,17771905.8,85914810.3,434393450
4993.1,S,42,38166.74,5815.82,17771905.8,85914810.4,434393451
4994.1,S,42,38167.72,5815.85,17771905.8,85914810.8,434393452
4995.1,S,42,38168.63,5815.87,17771905.8,85914875.3,434393529
4996.1,S,42,38169.61,5815.89,17771905.8,85914875.5,434393532
4997.1,S,42,38170.59,5815.91,17771905.8,85914875.9,434393536
4998.1,S,42,38171.58,5815.92,17771905.8,85914876.0,434393537
4999.1,S,42,38172.50,5815.95,17771905.8,85914940.5,434393602
5000.1,S,42,38173.49,5815.96,17771905.8,85914940.8,434393606
5001.1,S,42,38174.47,5815.98,17771905.8,85914940.9,434393608
5002.1,S,42,38175.16,5816.04,17771905.8,85915001.4,434393867
5003.1,S,42,38176.14,5816.06,17771905.8,85915001.8,434393870
5004.1,S,42,38177.13,5816.07,17771905.8,85915001.9,434393873
5005.1,S,42,38178.12,5816.08,17771905.8,85915002.0,434393875
5006.1,S,42,38179.03,5816.11,17771905.8,85915066.8,434393945
5007.1,S,42,38180.02,5816.12,17771905.8,85915067.2,434393949
5008.1,S,42,38181.00,5816.15,17771905.8,85915067.4,434393955
5009.1,S,42,38181.99,5816.16,17771905.8,85915067.4,434393957
5010.1,S,42,38182.91,5816.19,17771905.8,85915132.0,434394020
5011.1,S,42,38183.84,5816.24,17771905.8,85915157.1,434394049
5012.1,S,42,38184.82,5816.25,17771905.8,85915157.3,434394051
5013.1,S,42,38185.81,5816.27,17771905.8,85915157.6,434394053
5014.1,S,42,38186.80,5816.28,17771905.8,85915158.1,434394057
5015.1,S,42,38187.65,5816.30,17771905.8,85915222.6,434394192
5016.1,S,42,38188.63,5816.32,17771905.8,85915222.7,434394194
5017.1,S,42,38189.62,5816.33,17771905.8,85915222.8,434394196
5018.1,S,42,38190.60,5816.35,17771905.8,85915236.3,434394208
5019.1,S,42,38191.51,5816.37,17771905.8,85915287.6,434394277
5020.1,S,42,38192.49,5816.40,17771905.8,85915288.1,434394281
5021.1,S,42,38193.48,5816.41,17771905.8,85915288.2,434394283
5022.1,S,42,38194.35,5816.48,17771905.8,85915350.4,434394352
5023.1,S,42,38195.34,5816.49,17771905.8,85915350.5,434394353
5024.1,S,42,38196.33,5816.50,17771905.8,85915350.9,434394357
5025.1,S,42,38197.31,5816.52,17771905.8,85915351.3,434394358
5026.1,S,42,38198.24,5816.54,17771905.8,85915416.0,434394419
5027.1,S,42,38199.23,5816.56,17771905.8,85915416.1,434394421
5028.1,S,42,38200.21,5816.57,17771905.8,85915416.2,434394425
5029.1,S,42,38201.19,5816.60,17771905.8,85915427.8,434394438
5030.1,S,42,38202.12,5816.61,17771905.8,85915481.3,434394541
5031.1,S,42,38203.04,5816.67,17771905.8,85915534.7,434394597
5032.1,S,42,38204.02,5816.69,17771905.8,85915534.9,434394601
5033.1,S,42,38205.00,5816.71,17771905.8,85915535.1,434394603
5034.1,S,42,38205.99,5816.73,17771905.8,85915535.3,434394608
5035.1,S,42,38206.92,5816.75,17771905.8,85915599.8,434394665
5036.1,S,42,38207.90,5816.77,17771905.8,85915600.8,434394667
5037.1,S,42,38208.89,5816.78,17771905.8,85915600.9,434394670
5038.1,S,42,38209.81,5816.80,17771905.8,85915665.5,434394738
5039.1,S,42,38210.80,5816.82,17771905.8,85915665.5,434394738
5040.1,S,42,38211.78,5816.83,17771905.8,85915665.6,434394740
5041.1,S,42,38212.70,5816.90,17771905.8,85915731.9,434394803
5042.1,S,42,38213.67,5816.93,17771905.8,85915732.8,434394806
5043.1,S,42,38214.65,5816.95,17771905.8,85915733.0,434394810
5044.1,S,42,38215.58,5816.97,17771905.8,85915797.4,434394867
5045.1,S,42,38216.57,5816.99,17771905.8,85915797.6,434394871
5046.1,S,42,38217.55,5817.00,17771905.8,85915797.7,434394873
5047.1,S,42,38218.53,5817.02,17771905.8,85915798.3,434394878
5048.1,S,42,38219.44,5817.04,17771905.8,85915863.0,434394953
5049.1,S,42,38220.43,5817.06,17771905.8,85915863.2,434394959
5050.1,S,42,38221.41,5817.08,17771905.8,85915863.3,434394961
5051.1,S,42,38222.40,5817.09,17771905.8,85915863.4,434394961
5052.1,S,42,38223.29,5817.15,17771905.8,85915925.7,434395025
5053.1,S,42,38224.28,5817.16,17771905.8,85915926.1,434395029
5054.1,S,42,38225.26,5817.18,17771905.8,85915926.2,434395032
5055.1,S,42,38226.18,5817.21,17771905.8,85915990.8,434395094
5056.1,S,42,38227.17,5817.22,17771905.8,85915990.9,434395094
5057.1,S,42,38228.15,5817.24,17771905.8,85915991.1,434395101
5058.1,S,42,38229.14,5817.25,17771905.8,85915991.5,434395103
5059.1,S,42,38230.06,5817.28,17771905.8,85916056.2,434395176
5060.1,S,42,38230.99,5817.32,17771905.8,85916080.8,434395203
5061.1,S,42,38231.97,5817.34,17771905.8,85916080.9,434395203
5062.1,S,42,38232.96,5817.35,17771905.8,85916081.1,434395204
5063.1,S,42,38233.94,5817.37,17771905.8,85916081.4,434395207
5064.1,S,42,38234.86,5817.40,17771905.8,85916146.0,434395273
5065.1,S,42,38235.85,5817.41,17771905.8,85916146.4,434395275
5066.1,S,42,38236.83,5817.43,17771905.8,85916146.5,434395277
5067.1,S,42,38237.82,5817.45,17771905.8,85916146.7,434395281
5068.1,S,42,38238.74,5817.47,17771905.8,85916211.1,434395343
5069.1,S,42,38239.73,5817.48,17771905.8,85916211.6,434395345
5070.1,S,42,38240.71,5817.50,17771905.8,85916211.7,434395347
5071.1,S,42,38241.60,5817.55,17771905.8,85916272.4,434395411
5072.1,S,42,38242.60,5817.55,17771905.8,85916272.6,434395414
5073.1,S,57,38256.36,5817.77,17771905.8,85916272.7,434395418
5074.1,S,57,38272.16,5817.99,17771905.8,85916273.8,434395422
5075.1,S,57,38287.90,5818.25,17771905.8,85916274.0,434395426
5076.1,S,57,38303.55,5818.52,17771905.8,85916373.2,434395539
5077.1,S,57,38313.01,5818.84,17771905.8,85916925.4,434396361
5078.1,S,57,38326.12,5819.10,17771905.8,85917206.2,434396860
5079.1,S,57,38341.81,5819.35,17771905.8,85917295.9,434396943
5080.1,S,57,38357.62,5819.55,17771905.8,85917296.5,434396943
5081.1,S,57,38372.61,5819.84,17771905.8,85917593.8,434397215
5082.1,S,57,38388.03,5820.14,17771905.8,85917980.5,434397570
5083.1,S,57,38402.71,5820.41,17771905.8,85918198.1,434397869
5084.1,S,57,38418.35,5820.66,17771905.8,85918350.2,434398019
5085.1,S,57,38434.09,5820.89,17771905.8,85918395.6,434398066
5086.1,S,57,38448.40,5821.18,17771905.8,85918747.2,434398600
5087.1,S,57,38462.22,5821.53,17771905.8,85919203.7,434399331
5088.1,S,57,38477.76,5821.80,17771905.8,85919330.7,434399511
5089.1,S,57,38493.49,5822.05,17771905.8,85919383.4,434399564
5090.1,S,57,38509.07,5822.34,17771905.8,85919579.1,434399754
5091.1,S,57,38524.22,5822.66,17771905.8,85919985.2,434400136
5092.1,S,57,38537.74,5822.95,17771905.8,85920328.5,434400721
5093.1,S,57,38553.46,5823.18,17771905.8,85920370.1,434400801
5094.1,S,57,38569.13,5823.44,17771905.8,85920486.0,434400913
5095.1,S,57,38583.67,5823.77,17771905.8,85920857.5,434401329
5096.1,S,57,38599.02,5824.06,17771905.8,85921048.3,434401532
5097.1,S,57,38611.31,5824.33,17771905.8,85921352.3,434402024
5098.1,S,57,38625.75,5824.56,17771905.8,85921376.4,434402145
5099.1,S,57,38641.11,5824.83,17771905.8,85921614.2,434402389
5100.1,S,57,38656.05,5825.15,17771905.8,85921891.7,434402827
5101.1,S,57,38671.34,5825.48,17771905.8,85922184.7,434403204
5102.1,S,56,38686.24,5825.76,17771905.9,85922285.4,434403304
5103.1,S,56,38700.82,5826.02,17771905.9,85922427.9,434403442
5104.2,S,56,38714.97,5826.31,17771905.9,85922792.2,434403965
5105.2,S,56,38729.29,5826.57,17771905.9,85922989.2,434404237
5106.2,S,56,38743.56,5826.86,17771905.9,85923292.4,434404529
5107.2,S,53,38756.50,5827.13,17771905.9,85923504.1,434404966
5108.2,S,42,38760.19,5827.27,17771905.9,85923900.7,434405483
5109.2,S,57,38760.89,5827.30,17771905.9,85923946.6,434405837
5110.2,S,42,38761.01,5828.28,17771905.9,85923948.5,434405841
5111.2,S,42,38768.27,5829.54,17771911.7,85923949.0,434405866
5112.2,S,42,38777.03,5830.96,17771918.4,85923949.2,434405891
5113.2,S,42,38785.78,5832.43,17771919.4,85923949.7,434405900
5114.2,S,42,38794.67,5833.96,17771919.4,85923949.9,434405903
5115.2,S,42,38803.37,5835.30,17771919.4,85924016.3,434405970
5116.2,S,42,38812.24,5836.64,17771919.4,85924016.6,434405972
5117.2,S,42,38820.55,5838.05,17771919.4,85924040.0,434406013
5118.2,S,42,38829.27,5839.40,17771919.4,85924081.6,434406057
5119.2,S,42,38837.86,5840.93,17771919.4,85924082.1,434406058
5120.2,S,42,38846.60,5842.42,17771919.4,85924082.3,434406060
5121.2,S,42,38855.34,5843.78,17771919.4,85924082.7,434406064
5122.2,S,42,38863.84,5845.22,17771919.4,85924147.3,434406124
5123.2,S,42,38871.89,5846.62,17771919.4,85924196.2,434406182
5124.2,S,42,38880.64,5847.95,17771919.4,85924196.4,434406185
5125.2,S,42,38889.35,5849.41,17771919.4,85924240.4,434406229
5126.2,S,42,38897.82,5850.90,17771919.4,85924241.0,434406232
5127.2,S,42,38906.62,5852.29,17771919.4,85924241.1,434406236
5128.2,S,42,38915.60,5853.61,17771919.4,85924241.5,434406240
5129.2,S,42,38924.08,5855.03,17771919.4,85924241.6,434406242
5130.2,S,42,38932.12,5856.34,17771919.4,85924381.2,434406384
5131.2,S,42,38940.87,5857.67,17771919.4,85924381.3,434406386
5132.2,S,42,38949.48,5859.16,17771919.4,85924404.4,434406414
5133.2,S,42,38958.41,5860.76,17771919.4,85924404.6,434406417
5134.2,S,42,38967.31,5862.14,17771919.4,85924404.9,434406421
5135.2,S,42,38975.92,5863.51,17771919.4,85924405.4,434406424
5136.2,S,42,38984.52,5865.03,17771919.4,85924470.0,434406484
5137.2,S,42,38992.49,5866.41,17771919.4,85924570.3,434406588
5138.2,S,42,39001.20,5867.85,17771919.4,85924593.3,434406635
5139.2,S,42,39009.88,5869.33,17771919.4,85924593.7,434406641
5140.2,S,42,39018.41,5870.74,17771919.4,85924594.1,434406643
5141.2,S,42,39027.21,5872.13,17771919.4,85924594.4,434406646
5142.2,S,42,39035.85,5873.57,17771919.4,85924658.9,434406704
5143.2,S,46,39044.13,5874.85,17771919.4,85924761.9,434406798
5144.2,S,46,39056.46,5876.62,17771919.4,85924785.0,434406821
5145.2,S,46,39068.42,5878.31,17771919.4,85924901.8,434406928
5146.2,S,42,39077.27,5879.72,17771919.4,85924976.8,434407034
5147.2,S,42,39086.03,5881.18,17771919.4,85924977.1,434407037
5148.2,S,42,39094.78,5882.67,17771919.4,85925041.6,434407161
5149.2,S,42,39103.52,5884.22,17771919.4,85925041.9,434407164
5150.2,S,46,39112.66,5885.72,17771919.4,85925144.5,434407280
5151.2,S,46,39125.16,5887.33,17771919.4,85925145.0,434407284
5152.2,S,46,39135.97,5888.81,17771919.4,85925320.2,434407668
5153.2,S,42,39144.50,5890.37,17771919.4,85925400.1,434407763
5154.2,S,42,39153.20,5891.74,17771919.4,85925422.1,434407789
5155.2,S,42,39161.86,5893.20,17771919.4,85925422.7,434407797
5156.2,S,42,39170.54,5894.49,17771919.4,85925423.7,434407800
5157.2,S,46,39180.41,5895.95,17771919.4,85925526.6,434407918
5158.2,S,46,39192.84,5897.59,17771919.4,85925527.1,434407921
5159.2,S,42,39203.46,5899.12,17771919.4,85925782.5,434408198
5160.2,S,42,39212.21,5900.54,17771919.4,85925782.7,434408198
5161.2,S,42,39220.99,5901.83,17771919.4,85925782.9,434408202
5162.2,S,42,39229.52,5903.29,17771919.4,85925783.8,434408205
5163.2,S,42,39238.29,5904.60,17771919.4,85925848.4,434408262
5164.2,S,46,39248.68,5906.12,17771919.4,85925951.7,434408352
5165.2,S,46,39261.15,5907.83,17771919.4,85925952.0,434408355
5166.2,S,42,39271.13,5909.46,17771919.4,85926143.2,434408577
5167.2,S,42,39279.83,5910.83,17771919.4,85926143.5,434408581
5168.2,S,42,39288.29,5912.38,17771919.4,85926213.7,434408648
5169.2,S,42,39296.86,5913.62,17771919.4,85926213.9,434408652
5170.2,S,42,39305.65,5914.97,17771919.4,85926214.1,434408654
5171.2,S,42,39313.50,5916.34,17771919.4,85926317.1,434408757
5172.2,S,42,39322.21,5917.83,17771919.4,85926317.2,434408765
5173.2,S,42,39331.00,5919.23,17771919.4,85926382.7,434408826
5174.2,S,42,39339.71,5920.60,17771919.4,85926382.8,434408827
5175.2,S,42,39348.43,5921.95,17771919.4,85926383.1,434408831
5176.2,S,42,39357.09,5923.31,17771919.4,85926383.2,434408833
5177.2,S,42,39364.14,5924.55,17771919.4,85926543.3,434409085
5178.2,S,42,39372.40,5925.84,17771919.4,85926563.4,434409144
5179.2,S,42,39381.08,5927.26,17771919.4,85926563.9,434409148
5180.2,S,42,39389.71,5928.77,17771919.4,85926564.1,434409151
5181.2,S,42,39398.42,5930.16,17771919.4,85926564.2,434409153
5182.2,S,42,39407.09,5931.53,17771919.4,85926628.8,434409212
5183.2,S,42,39415.67,5932.93,17771919.4,85926629.4,434409214
5184.2,S,42,39423.40,5934.20,17771919.4,85926732.3,434409347
5185.2,S,42,39432.06,5935.64,17771919.4,85926732.8,434409353
5186.2,S,42,39440.56,5937.12,17771919.4,85926797.4,434409480
5187.2,S,42,39449.27,5938.70,17771919.4,85926797.6,434409482
5188.2,S,42,39458.03,5940.15,17771919.4,85926797.7,434409482
5189.2,S,42,39466.78,5941.43,17771919.4,85926832.3,434409518
5190.2,S,42,39475.39,5942.81,17771919.4,85926832.4,434409520
5191.2,S,42,39483.14,5944.20,17771919.4,85926935.5,434409618
5192.2,S,42,39491.78,5945.49,17771919.4,85926935.9,434409625
5193.2,S,42,39500.48,5946.86,17771919.4,85927000.6,434409681
5194.2,S,42,39509.27,5948.24,17771919.4,85927000.7,434409683
5195.2,S,42,39517.94,5949.76,17771919.4,85927001.3,434409688
5196.2,S,42,39526.67,5951.21,17771919.4,85927001.5,434409689
5197.2,S,42,39535.23,5952.69,17771919.4,85927063.9,434409747
5198.2,S,46,39544.67,5954.12,17771919.4,85927167.0,434409843
5199.2,S,46,39557.12,5955.77,17771919.4,85927167.3,434409845
5200.2,S,42,39567.90,5957.39,17771919.4,85927358.4,434410120
5201.2,S,42,39576.53,5958.76,17771919.4,85927358.6,434410124
5202.2,S,42,39585.06,5960.11,17771919.4,85927423.2,434410333
5203.2,S,42,39593.79,5961.53,17771919.4,85927423.8,434410338
5204.2,S,42,39602.53,5962.91,17771919.4,85927424.0,434410339
5205.2,S,46,39610.94,5964.21,17771919.4,85927527.3,434410532
5206.2,S,46,39623.28,5965.84,17771919.4,85927591.9,434410592
5207.2,S,42,39634.07,5967.34,17771919.4,85927782.8,434410770
5208.2,S,42,39642.88,5968.65,17771919.4,85927790.0,434410778
5209.2,S,42,39651.30,5970.14,17771919.4,85927815.4,434410806
5210.2,S,42,39659.91,5971.64,17771919.4,85927815.9,434410812
5211.2,S,42,39668.62,5973.03,17771919.4,85927816.5,434410818
5212.2,S,46,39677.09,5974.43,17771919.4,85927919.2,434411001
5213.2,S,46,39689.32,5976.19,17771919.4,85927984.0,434411056
5214.2,S,43,39700.86,5977.74,17771919.4,85928174.8,434411220
5215.2,S,42,39709.57,5979.10,17771919.4,85928175.1,434411224
5216.2,S,42,39718.47,5980.33,17771919.4,85928175.6,434411226
5217.2,S,42,39727.23,5981.79,17771919.4,85928175.9,434411230
5218.2,S,42,39735.75,5983.29,17771919.4,85928242.2,434411309
5219.2,S,46,39744.72,5984.58,17771919.4,85928345.3,434411501
5220.2,S,46,39757.07,5986.23,17771919.4,85928345.9,434411505
5221.2,S,42,39767.82,5987.96,17771919.4,85928537.1,434411694
5222.2,S,42,39776.52,5989.45,17771919.4,85928601.8,434411753
5223.2,S,42,39785.33,5990.86,17771919.4,85928601.9,434411755
5224.2,S,42,39794.11,5992.34,17771919.4,85928602.0,434411756
5225.2,S,42,39802.71,5993.54,17771919.4,85928602.2,434411758
5226.2,S,42,39807.82,5994.49,17771919.4,85928760.0,434412147
5227.2,S,42,39816.39,5995.71,17771919.4,85928760.8,434412152
5228.3,S,42,39825.04,5997.11,17771919.4,85928761.0,434412154
5229.3,S,42,39833.83,5998.61,17771919.4,85928761.2,434412157
5230.3,S,42,39842.51,6000.04,17771919.4,85928761.3,434412157
5231.3,S,42,39851.15,6001.43,17771919.4,85928826.0,434412234
5232.3,S,42,39860.04,6002.76,17771919.4,85928826.5,434412236
5233.3,S,42,39867.80,6004.11,17771919.4,85928930.0,434412345
5234.3,S,42,39876.34,6005.48,17771919.4,85928930.3,434412347
5235.3,S,42,39884.93,6006.81,17771919.4,85928994.9,434412434
5236.3,S,42,39893.74,6008.17,17771919.4,85928995.1,434412437
5237.3,S,42,39902.54,6009.55,17771919.4,85929027.5,434412473
5238.3,S,42,39911.19,6011.03,17771919.4,85929028.2,434412476
5239.3,S,42,39919.73,6012.43,17771919.4,85929028.3,434412479
5240.3,S,42,39927.64,6013.77,17771919.4,85929131.1,434412580
5241.3,S,42,39936.29,6015.30,17771919.4,85929157.3,434412604
5242.3,S,42,39945.06,6016.73,17771919.4,85929195.9,434412643
5243.3,S,42,39953.85,6018.09,17771919.4,85929196.6,434412647
5244.3,S,42,39962.35,6019.33,17771919.4,85929196.9,434412649
5245.3,S,42,39971.12,6020.71,17771919.4,85929197.0,434412650
5246.3,S,42,39979.29,6022.21,17771919.4,85929261.7,434412844
5247.3,S,42,39987.05,6023.54,17771919.4,85929364.6,434412957
5248.3,S,42,39995.76,6024.90,17771919.4,85929365.1,434412961
5249.3,S,42,40004.61,6026.22,17771919.4,85929365.4,434412962
5250.3,S,42,40013.02,6027.67,17771919.4,85929424.5,434413024
5251.3,S,42,40021.77,6029.16,17771919.4,85929424.8,434413036
5252.3,S,42,40030.44,6030.63,17771919.4,85929425.0,434413040
5253.3,S,42,40039.24,6031.95,17771919.4,85929425.2,434413042
5254.3,S,46,40049.80,6033.35,17771919.4,85929582.1,434413208
5255.3,S,46,40062.16,6035.00,17771919.4,85929593.2,434413246
5256.3,S,42,40071.87,6036.46,17771919.4,85929783.8,434413450
5257.3,S,42,40080.47,6037.83,17771919.4,85929783.9,434413451
5258.3,S,42,40088.81,6039.29,17771919.4,85929838.7,434413670
5259.3,S,42,40097.50,6040.68,17771919.4,85929839.3,434413675
5260.3,S,42,40106.28,6042.16,17771919.4,85929840.0,434413679
5261.3,S,46,40117.08,6043.77,17771919.4,85929942.9,434413772
5262.3,S,46,40129.34,6045.51,17771919.4,85929943.3,434413776
5263.3,S,42,40138.78,6047.01,17771919.4,85930198.6,434414073
5264.3,S,42,40147.61,6048.42,17771919.4,85930199.3,434414079
5265.3,S,42,40156.29,6049.92,17771919.4,85930199.4,434414081
5266.3,S,42,40164.99,6051.42,17771919.4,85930200.0,434414083
5267.3,S,46,40172.63,6052.71,17771919.4,85930367.3,434414243
5268.3,S,46,40185.17,6054.39,17771919.4,85930367.6,434414247
5269.3,S,46,40197.48,6056.12,17771919.4,85930400.3,434414281
5270.3,S,42,40205.92,6057.59,17771919.4,85930606.0,434414469
5271.3,S,42,40214.58,6059.03,17771919.4,85930606.9,434414473
5272.3,S,42,40223.27,6060.44,17771919.4,85930607.1,434414476
5273.3,S,42,40231.98,6061.90,17771919.4,85930607.5,434414479
5274.3,S,46,40239.81,6063.06,17771919.4,85930739.1,434414644
5275.3,S,46,40252.31,6064.67,17771919.4,85930803.7,434414708
5276.3,S,46,40264.14,6066.29,17771919.4,85930898.0,434414821
5277.6,S,42,40272.68,6067.80,17771919.4,85930995.0,434415201
5278.6,S,42,40281.40,6069.20,17771919.4,85930995.2,434415203
5279.6,S,42,40289.91,6070.71,17771919.4,85931060.4,434415271
5280.6,S,42,40298.39,6072.26,17771919.4,85931060.7,434415272
5281.6,S,42,40306.37,6073.66,17771919.4,85931163.5,434415363
5282.6,S,42,40314.97,6075.14,17771919.4,85931195.1,434415396
5283.6,S,42,40323.45,6076.69,17771919.4,85931195.7,434415399
5284.6,S,42,40331.96,6078.37,17771919.4,85931196.0,434415402
5285.6,S,42,40340.51,6079.90,17771919.4,85931196.8,434415407
5286.6,S,42,40349.29,6081.39,17771919.4,85931261.5,434415467
5287.6,S,42,40357.98,6082.90,17771919.4,85931261.8,434415470
5288.6,S,42,40365.63,6084.12,17771919.4,85931364.6,434415611
5289.6,S,42,40374.35,6085.75,17771919.4,85931365.1,434415615
5290.6,S,42,40382.88,6087.32,17771919.4,85931430.0,434415682
5291.6,S,42,40391.65,6088.51,17771919.4,85931430.3,434415685
5292.6,S,42,40400.50,6089.81,17771919.4,85931430.5,434415688
5293.6,S,42,40409.33,6091.19,17771919.4,85931430.7,434415691
5294.6,S,42,40418.11,6092.44,17771919.4,85931431.0,434415693
5295.6,S,42,40425.96,6093.82,17771919.4,85931602.7,434415904
5296.6,S,42,40434.61,6095.17,17771919.4,85931603.3,434415909
5297.6,S,42,40443.31,6096.55,17771919.4,85931603.6,434415913
5298.6,S,42,40452.14,6097.90,17771919.4,85931603.7,434415915
5299.6,S,42,40460.90,6099.33,17771919.4,85931603.9,434415919
5300.6,S,42,40469.43,6100.92,17771919.4,85931668.8,434415978
5301.6,S,42,40478.12,6102.35,17771919.4,85931669.3,434416202
5302.6,S,42,40485.78,6103.75,17771919.4,85931772.2,434416313
5303.6,S,42,40494.36,6105.19,17771919.4,85931772.4,434416315
5304.6,S,42,40502.94,6106.66,17771919.4,85931837.0,434416377
5305.6,S,42,40511.55,6108.01,17771919.4,85931837.3,434416379
5306.6,S,42,40520.22,6109.35,17771919.4,85931837.8,434416381
5307.6,S,42,40528.90,6110.66,17771919.4,85931838.1,434416383
5308.6,S,42,40537.62,6111.96,17771919.4,85931902.6,434416466
5309.6,S,46,40547.12,6113.32,17771919.4,85932005.4,434416688
5310.6,S,46,40559.45,6114.98,17771919.4,85932027.9,434416707
5311.6,S,42,40569.61,6116.58,17771919.4,85932218.8,434416877
5312.6,S,42,40578.47,6118.11,17771919.4,85932219.3,434416882
5313.6,S,42,40587.17,6119.58,17771919.4,85932219.9,434416886
5314.6,S,42,40595.89,6120.96,17771919.4,85932284.5,434416944
5315.6,S,42,40603.26,6122.09,17771919.4,85932386.1,434417100
5316.7,S,46,40615.12,6123.69,17771919.4,85932415.4,434417268
5317.7,S,46,40627.55,6125.35,17771919.4,85932415.6,434417273
5318.7,S,42,40636.23,6126.62,17771919.4,85932654.3,434417534
5319.7,S,42,40644.98,6127.95,17771919.4,85932672.0,434417556
5320.7,S,42,40653.66,6129.33,17771919.4,85932672.3,434417559
5321.7,S,42,40662.53,6130.70,17771919.4,85932672.4,434417559
5322.7,S,46,40671.17,6132.02,17771919.4,85932775.1,434417666
5323.7,S,46,40683.62,6133.80,17771919.4,85932839.7,434417730
5324.7,S,45,40695.02,6135.45,17771919.4,85933025.1,434417956
5325.7,S,42,40703.30,6137.07,17771919.4,85933053.8,434418104
5326.7,S,42,40711.97,6138.53,17771919.4,85933054.2,434418108
5327.7,S,42,40720.65,6139.69,17771919.4,85933054.5,434418112
5328.7,S,42,40729.25,6141.08,17771919.4,85933054.6,434418114
5329.7,S,46,40734.25,6141.89,17771919.4,85933222.7,434418570
5330.7,S,46,40746.65,6143.51,17771919.4,85933222.9,434418571
5331.7,S,46,40758.86,6145.24,17771919.4,85933227.5,434418576
5332.7,S,42,40765.44,6146.27,17771919.4,85933414.0,434418741
5333.7,S,42,40769.61,6146.87,17771919.4,85933414.2,434418743
5334.7,S,42,40773.71,6147.58,17771919.4,85933478.8,434419116
5335.7,S,42,40777.85,6148.28,17771919.4,85933479.6,434419119
5336.7,S,42,40782.23,6149.10,17771919.4,85933509.1,434419152
5337.7,S,42,40787.01,6149.87,17771919.4,85933509.5,434419154
5338.7,S,42,40791.73,6150.62,17771919.4,85933509.6,434419155
5339.7,S,42,40796.36,6151.40,17771919.4,85933509.8,434419157
5340.7,S,42,40801.16,6152.14,17771919.4,85933510.5,434419159
5341.7,S,42,40805.91,6152.97,17771919.4,85933575.1,434419233
5342.7,S,42,40810.61,6153.77,17771919.4,85933575.3,434419233
5343.7,S,42,40815.43,6154.54,17771919.4,85933674.7,434419375
5344.7,S,42,40820.21,6155.34,17771919.4,85933674.8,434419377
5345.7,S,42,40824.48,6156.12,17771919.4,85933743.2,434419459
5346.7,S,42,40828.10,6156.67,17771919.4,85933743.8,434419465
5347.7,S,42,40832.02,6157.31,17771919.4,85933773.3,434419501
5348.7,S,42,40836.09,6158.03,17771919.4,85933853.1,434419579
5349.7,S,42,40840.20,6158.71,17771919.4,85933853.4,434419585
5350.7,S,42,40844.32,6159.32,17771919.4,85933853.6,434419586
5351.7,S,42,40848.52,6160.00,17771919.4,85933918.9,434419656
5352.7,S,42,40852.86,6160.74,17771919.4,85933919.0,434419659
5353.7,S,42,40857.12,6161.43,17771919.4,85933978.5,434419717
5354.7,S,42,40861.23,6162.07,17771919.4,85933978.6,434419719
5355.7,S,42,40865.27,6162.76,17771919.4,85933978.8,434419723
5356.7,S,42,40869.37,6163.45,17771919.4,85934043.4,434419784
5357.7,S,42,40873.54,6164.10,17771919.4,85934044.0,434419786
5358.7,S,42,40877.52,6164.86,17771919.4,85934044.3,434419787
5359.7,S,42,40881.61,6165.57,17771919.4,85934044.5,434419791
5360.7,S,42,40885.71,6166.28,17771919.4,85934044.6,434419792
5361.7,S,42,40890.50,6167.02,17771919.4,85934109.4,434419858
5362.7,S,42,40895.50,6167.75,17771919.4,85934109.7,434419860
5363.7,S,42,40900.29,6168.43,17771919.4,85934155.3,434419901
5364.7,S,42,40905.00,6169.20,17771919.4,85934155.4,434419902
5365.7,S,42,40909.80,6169.93,17771919.4,85934155.6,434419906
5366.7,S,42,40914.45,6170.73,17771919.4,85934220.4,434419989
5367.7,S,42,40918.99,6171.52,17771919.4,85934220.7,434419989
5368.7,S,42,40922.82,6172.07,17771919.4,85934244.1,434420027
5369.7,S,42,40926.44,6172.64,17771919.4,85934244.5,434420029
5370.7,S,42,40930.02,6173.24,17771919.4,85934309.3,434420263
5371.7,S,42,40933.58,6173.87,17771919.4,85934309.3,434420263
5372.7,S,42,40937.24,6174.40,17771919.4,85934309.5,434420268
5373.7,S,42,40940.83,6175.01,17771919.4,85934310.0,434420269
5374.7,S,42,40944.57,6175.58,17771919.4,85934373.9,434420330
5375.7,S,42,40948.63,6176.31,17771919.4,85934374.5,434420334
5376.7,S,42,40952.86,6176.94,17771919.4,85934374.7,434420338
5377.7,S,42,40957.02,6177.59,17771919.4,85934375.0,434420342
5378.7,S,42,40961.09,6178.35,17771919.4,85934375.2,434420346
5379.7,S,42,40965.14,6179.07,17771919.4,85934476.0,434420555
5380.7,S,42,40969.32,6179.72,17771919.4,85934476.1,434420556
5381.7,S,42,40973.77,6180.39,17771919.4,85934476.6,434420559
5382.7,S,42,40978.03,6181.05,17771919.4,85934476.7,434420563
5383.7,S,42,40982.09,6181.79,17771919.4,85934477.0,434420571
5384.7,S,42,40986.19,6182.45,17771919.4,85934575.5,434420663
5385.7,S,42,40990.37,6183.09,17771919.4,85934575.5,434420663
5386.7,S,42,40994.54,6183.73,17771919.4,85934575.7,434420664
5387.7,S,42,40998.71,6184.36,17771919.4,85934576.1,434420668
5388.7,S,42,41002.83,6185.06,17771919.4,85934640.7,434420731
5389.7,S,42,41006.96,6185.77,17771919.4,85934640.9,434420733
5390.7,S,42,41011.08,6186.42,17771919.4,85934641.2,434420733
5391.7,S,42,41015.21,6187.12,17771919.4,85934641.4,434420734
5392.7,S,42,41020.03,6188.01,17771919.4,85934693.3,434420785
5393.7,S,42,41023.94,6188.58,17771919.4,85934704.0,434420809
5394.7,S,42,41027.54,6189.13,17771919.4,85934736.9,434420842
5395.7,S,42,41031.16,6189.68,17771919.4,85934737.4,434420844
5396.7,S,42,41034.79,6190.23,17771919.4,85934801.9,434420913
5397.7,S,42,41038.43,6190.80,17771919.4,85934802.2,434420920
5398.7,S,42,41042.10,6191.26,17771919.4,85934802.4,434420921
5399.7,S,42,41045.70,6191.82,17771919.4,85934833.5,434420954
5400.7,S,42,41049.27,6192.42,17771919.4,85934898.2,434421066
5401.7,S,42,41052.94,6192.93,17771919.4,85934898.9,434421073
5402.7,S,42,41056.69,6193.43,17771919.4,85934899.0,434421074
5403.7,S,42,41060.35,6193.99,17771919.4,85934899.4,434421077
5404.7,S,42,41064.05,6194.55,17771919.4,85934899.6,434421079
5405.7,S,42,41067.69,6195.10,17771919.4,85934964.9,434421140
5406.7,S,42,41071.53,6195.71,17771919.4,85934984.7,434421163
5407.7,S,42,41075.75,6196.36,17771919.4,85934985.3,434421171
5408.7,S,42,41079.93,6197.03,17771919.4,85934985.5,434421175
5409.7,S,42,41084.11,6197.64,17771919.4,85935016.0,434421203
5410.7,S,42,41088.18,6198.30,17771919.4,85935074.0,434421252
5411.7,S,42,41092.42,6198.94,17771919.4,85935081.0,434421262
5412.7,S,42,41096.69,6199.64,17771919.4,85935081.6,434421266
5413.7,S,42,41100.89,6200.28,17771919.4,85935081.8,434421268
5414.7,S,42,41105.05,6200.96,17771919.4,85935082.0,434421271
5415.7,S,42,41109.20,6201.68,17771919.4,85935147.2,434421335
5416.7,S,42,41113.39,6202.37,17771919.4,85935147.5,434421337
5417.7,S,42,41118.05,6203.14,17771919.4,85935174.4,434421363
5418.7,S,42,41122.83,6203.92,17771919.4,85935174.9,434421365
5419.7,S,42,41126.88,6204.59,17771919.4,85935199.9,434421399
5420.7,S,42,41130.69,6205.15,17771919.4,85935201.0,434421412
5421.7,S,42,41134.29,6205.72,17771919.4,85935265.5,434421479
5422.7,S,42,41138.00,6206.26,17771919.4,85935265.8,434421484
5423.7,S,42,41141.65,6206.77,17771919.4,85935266.5,434421488
5424.7,S,42,41145.23,6207.36,17771919.4,85935266.7,434421491
5425.7,S,42,41148.83,6207.92,17771919.4,85935297.4,434421519
5426.7,S,42,41152.52,6208.40,17771919.4,85935362.0,434421594
5427.7,S,42,41156.19,6208.92,17771919.4,85935362.2,434421596
5428.7,S,42,41159.86,6209.48,17771919.4,85935362.4,434421599
5429.7,S,42,41163.47,6210.06,17771919.4,85935362.9,434421601
5430.7,S,42,41167.14,6210.55,17771919.4,85935457.0,434421717
5431.7,S,42,41170.90,6211.04,17771919.4,85935457.2,434421718
5432.7,S,42,41174.86,6211.55,17771919.4,85935457.4,434421720
5433.7,S,42,41178.60,6212.12,17771919.4,85935457.5,434421720
5434.7,S,42,41182.35,6212.77,17771919.4,85935458.0,434421723
5435.7,S,42,41186.08,6213.36,17771919.4,85935458.3,434421726
5436.8,S,42,41189.79,6213.95,17771919.4,85935523.0,434421781
5437.8,S,42,41193.51,6214.49,17771919.4,85935523.2,434421784
5438.8,S,42,41197.40,6215.20,17771919.4,85935546.2,434421825
5439.8,S,42,41201.54,6215.90,17771919.4,85935546.5,434421827
5440.8,S,42,41205.75,6216.51,17771919.4,85935576.5,434421854
5441.8,S,42,41209.78,6217.26,17771919.4,85935577.0,434421854
5442.8,S,42,41213.93,6217.88,17771919.4,85935641.6,434421917
5443.8,S,42,41218.01,6218.59,17771919.4,85935641.8,434421919
5444.8,S,42,41222.20,6219.22,17771919.4,85935642.0,434421921
5445.8,S,42,41226.32,6219.89,17771919.4,85935642.5,434421923
5446.8,S,42,41230.34,6220.61,17771919.4,85935707.2,434421981
5447.8,S,46,41237.35,6221.30,17771919.4,85935715.0,434421999
5448.8,S,46,41244.89,6221.98,17771919.4,85935715.2,434422001
5449.8,S,42,41249.42,6222.60,17771919.4,85935906.0,434422310
5450.8,S,42,41252.65,6223.05,17771919.4,85935999.3,434422595
5451.8,S,42,41255.93,6223.52,17771919.4,85935999.8,434422599
5452.8,S,42,41259.29,6223.99,17771919.4,85936026.9,434422633
5453.8,S,42,41262.97,6224.54,17771919.4,85936027.9,434422639
5454.8,S,42,41266.62,6225.12,17771919.4,85936028.1,434422641
5455.8,S,42,41270.30,6225.62,17771919.4,85936055.8,434422665
5456.8,S,42,41273.96,6226.18,17771919.4,85936056.4,434422668
5457.8,S,42,41277.62,6226.70,17771919.4,85936121.0,434422725
5458.8,S,42,41281.35,6227.19,17771919.4,85936121.2,434422728
5459.8,S,42,41284.95,6227.77,17771919.4,85936121.6,434422730
5460.8,S,42,41288.65,6228.28,17771919.4,85936149.3,434422758
5461.8,S,42,41292.28,6228.83,17771919.4,85936214.1,434422814
5462.8,S,42,41295.95,6229.40,17771919.4,85936214.4,434422818
5463.8,S,42,41299.61,6229.94,17771919.4,85936214.5,434422820
5464.8,S,42,41303.43,6230.64,17771919.4,85936262.3,434422865
5465.8,S,42,41307.50,6231.35,17771919.4,85936262.8,434422866
5466.8,S,42,41311.69,6232.07,17771919.4,85936263.0,434422870
5467.8,S,42,41315.85,6232.78,17771919.4,85936263.9,434422873
5468.8,S,42,41320.01,6233.40,17771919.4,85936328.6,434422930
5469.8,S,42,41324.15,6234.09,17771919.4,85936329.0,434422932
5470.8,S,42,41328.28,6234.79,17771919.4,85936329.1,434422934
5471.8,S,42,41332.33,6235.50,17771919.4,85936329.6,434422936
5472.8,S,42,41336.41,6236.28,17771919.4,85936330.2,434422940
5473.8,S,42,41340.67,6236.96,17771919.4,85936394.8,434423012
5474.8,S,42,41344.90,6237.69,17771919.4,85936395.0,434423013
5475.8,S,46,41351.92,6238.31,17771919.4,85936409.9,434423042
5476.8,S,46,41359.45,6238.92,17771919.4,85936410.1,434423044
5477.8,S,42,41362.23,6239.21,17771919.4,85936601.3,434423258
5478.8,S,42,41363.16,6239.24,17771919.4,85936665.7,434423313
5479.8,S,42,41364.05,6239.33,17771919.4,85936680.9,434423332
5480.8,S,42,41365.04,6239.35,17771919.4,85936681.2,434423332
5481.8,S,42,41366.03,6239.36,17771919.4,85936733.8,434423379
5482.8,S,42,41367.00,6239.38,17771919.4,85936734.5,434423383
5483.8,S,42,41367.83,6239.41,17771919.4,85936799.1,434423543
5484.8,S,42,41368.81,6239.43,17771919.4,85936799.2,434423545
5485.8,S,42,41369.79,6239.45,17771919.4,85936799.4,434423548
5486.8,S,42,41370.72,6239.48,17771919.4,85936884.6,434423624
5487.8,S,42,41371.70,6239.49,17771919.4,85936885.0,434423629
5488.8,S,42,41372.69,6239.51,17771919.4,85936885.3,434423633
5489.8,S,42,41373.67,6239.52,17771919.4,85936885.4,434423634
5490.8,S,42,41374.41,6239.55,17771919.4,85936949.9,434423886
5491.8,S,42,41375.36,6239.59,17771919.4,85936954.9,434423898
5492.8,S,42,41376.34,6239.61,17771919.4,85936954.9,434423900
5493.8,S,42,41377.33,6239.62,17771919.4,85936955.1,434423903
5494.8,S,42,41378.25,6239.65,17771919.4,85937020.1,434423959
5495.8,S,42,41379.23,6239.67,17771919.4,85937020.3,434423962
5496.8,S,42,41380.22,6239.68,17771919.4,85937020.4,434423964
5497.8,S,42,41381.20,6239.70,17771919.4,85937020.6,434423965
5498.8,S,42,41382.14,6239.72,17771919.4,85937085.2,434424026
5499.8,S,42,41383.07,6239.77,17771919.4,85937107.6,434424052
5500.8,S,42,41384.06,6239.78,17771919.4,85937108.2,434424053
5501.8,S,42,41385.04,6239.80,17771919.4,85937108.3,434424057
5502.8,S,42,41386.02,6239.82,17771919.4,85937108.4,434424059
5503.8,S,42,41386.92,6239.84,17771919.4,85937201.3,434424190
5504.8,S,42,41387.90,6239.86,17771919.4,85937201.5,434424193
5505.8,S,42,41388.89,6239.88,17771919.4,85937202.4,434424198
5506.8,S,42,41389.87,6239.89,17771919.4,85937204.6,434424202
5507.8,S,42,41390.79,6239.92,17771919.4,85937269.2,434424260
5508.8,S,42,41391.78,6239.94,17771919.4,85937269.3,434424261
5509.8,S,42,41392.78,6239.94,17771919.4,85937269.4,434424262
5510.8,S,42,41393.70,6239.97,17771919.4,85937333.9,434424321
5511.8,S,42,41394.68,6239.99,17771919.4,85937334.5,434424327
5512.8,S,42,41395.59,6240.05,17771919.4,85937367.6,434424359
5513.8,S,42,41396.57,6240.07,17771919.4,85937367.9,434424362
5514.8,S,42,41397.56,6240.09,17771919.4,85937368.0,434424363
5515.8,S,42,41398.54,6240.10,17771919.4,85937368.1,434424366
5516.8,S,42,41399.47,6240.13,17771919.4,85937432.9,434424425
5517.8,S,42,41400.46,6240.14,17771919.4,85937433.4,434424428
5518.8,S,42,41401.45,6240.15,17771919.4,85937433.5,434424429
5519.8,S,42,41402.43,6240.17,17771919.4,85937433.6,434424433
5520.8,S,42,41403.36,6240.19,17771919.4,85937524.4,434424525
5521.8,S,42,41404.34,6240.21,17771919.4,85937525.1,434424567
5522.8,S,42,41405.33,6240.23,17771919.4,85937525.7,434424570
5523.8,S,42,41406.26,6240.25,17771919.4,85937590.4,434424632
5524.8,S,42,41407.24,6240.27,17771919.4,85937590.6,434424632
5525.8,S,42,41408.22,6240.28,17771919.4,85937590.7,434424636
5526.8,S,42,41409.12,6240.35,17771919.4,85937638.6,434424681
5527.8,S,42,41410.11,6240.36,17771919.4,85937639.2,434424685
5528.8,S,42,41411.09,6240.38,17771919.4,85937639.5,434424689
5529.8,S,42,41412.08,6240.39,17771919.4,85937639.9,434424692
5530.8,S,42,41412.99,6240.42,17771919.4,85937704.3,434424772
5531.8,S,42,41413.98,6240.43,17771919.4,85937704.6,434424774
5532.8,S,42,41414.96,6240.45,17771919.4,85937704.7,434424778
5533.8,S,42,41415.95,6240.46,17771919.4,85937705.3,434424783
5534.8,S,42,41416.88,6240.48,17771919.4,85937769.8,434424842
5535.8,S,42,41417.87,6240.49,17771919.4,85937770.1,434424846
5536.8,S,42,41418.86,6240.51,17771919.4,85937770.2,434424848
5537.8,S,42,41419.78,6240.54,17771919.4,85937834.8,434424907
5538.8,S,42,41420.76,6240.55,17771919.4,85937835.2,434424909
5539.8,S,42,41421.54,6240.62,17771919.4,85937868.3,434425073
5540.8,S,42,41422.53,6240.63,17771919.4,85937868.4,434425074
5541.8,S,42,41423.52,6240.64,17771919.4,85937868.9,434425078
5542.8,S,42,41424.49,6240.67,17771919.4,85937868.9,434425082
5543.8,S,42,41425.42,6240.69,17771919.4,85937933.7,434425140
5544.8,S,42,41426.41,6240.71,17771919.4,85937933.8,434425142
5545.8,S,42,41427.39,6240.72,17771919.4,85937933.9,434425147
5546.8,S,42,41428.38,6240.74,17771919.4,85937934.0,434425147
5547.8,S,42,41429.30,6240.76,17771919.4,85937998.8,434425218
5548.8,S,42,41430.29,6240.77,17771919.4,85937998.9,434425240
5549.8,S,42,41431.27,6240.78,17771919.4,85937999.3,434425246
5550.8,S,42,41432.17,6240.84,17771919.4,85938060.4,434425306
5551.8,S,42,41433.16,6240.85,17771919.4,85938060.7,434425307
5552.8,S,42,41434.15,6240.86,17771919.4,85938060.7,434425308
5553.8,S,42,41435.14,6240.88,17771919.4,85938061.2,434425312
5554.8,S,42,41435.90,6240.90,17771919.4,85938125.9,434425535
5555.8,S,42,41436.88,6240.92,17771919.4,85938126.1,434425541
5556.8,S,42,41437.87,6240.93,17771919.4,85938126.2,434425543
5557.8,S,42,41438.85,6240.95,17771919.4,85938126.4,434425546
5558.9,S,42,41439.78,6240.98,17771919.4,85938191.0,434425604
5559.9,S,42,41440.76,6241.00,17771919.4,85938191.1,434425604
5560.9,S,42,41441.74,6241.01,17771919.4,85938191.6,434425607
5561.9,S,42,41442.62,6241.09,17771919.4,85938252.8,434425666
5562.9,S,42,41443.60,6241.10,17771919.4,85938252.9,434425672
5563.9,S,42,41444.59,6241.12,17771919.4,85938253.1,434425674
5564.9,S,42,41445.57,6241.14,17771919.4,85938253.2,434425676
5565.9,S,42,41446.47,6241.16,17771919.4,85938318.3,434425765
5566.9,S,42,41447.45,6241.18,17771919.4,85938318.4,434425767
5567.9,S,42,41448.43,6241.19,17771919.4,85938318.5,434425771
5568.9,S,42,41449.36,6241.23,17771919.4,85938383.0,434425827
5569.9,S,42,41450.34,6241.24,17771919.4,85938383.2,434425830
5570.9,S,42,41451.33,6241.26,17771919.4,85938383.7,434425832
5571.9,S,42,41452.32,6241.27,17771919.4,85938383.9,434425834
5572.9,S,42,41453.21,6241.33,17771919.4,85938448.6,434425892
5573.9,S,42,41454.19,6241.35,17771919.4,85938448.9,434425897
5574.9,S,42,41455.18,6241.36,17771919.4,85938449.0,434425899
5575.9,S,42,41456.16,6241.38,17771919.4,85938449.5,434425902
5576.9,S,42,41457.08,6241.41,17771919.4,85938514.2,434425960
5577.9,S,42,41458.07,6241.42,17771919.4,85938514.4,434425963
5578.9,S,42,41459.06,6241.44,17771919.4,85938514.5,434425965
5579.9,S,42,41460.02,6241.46,17771919.4,85938534.8,434425986
5580.9,S,42,41460.97,6241.48,17771919.4,85938579.1,434426023
5581.9,S,42,41461.96,6241.49,17771919.4,85938579.6,434426024
5582.9,S,42,41462.94,6241.51,17771919.4,85938579.8,434426027
5583.9,S,42,41463.80,6241.54,17771919.4,85938644.3,434426149
5584.9,S,42,41464.79,6241.56,17771919.4,85938644.5,434426151
5585.9,S,42,41465.70,6241.62,17771919.4,85938677.4,434426188
5586.9,S,42,41466.69,6241.63,17771919.4,85938677.6,434426188
5587.9,S,42,41467.66,6241.65,17771919.4,85938678.2,434426193
5588.9,S,42,41468.65,6241.67,17771919.4,85938678.8,434426202
5589.9,S,42,41469.57,6241.70,17771919.4,85938743.5,434426264
5590.9,S,42,41470.56,6241.71,17771919.4,85938743.6,434426265
5591.9,S,42,41471.55,6241.72,17771919.4,85938743.7,434426267
5592.9,S,42,41472.53,6241.74,17771919.4,85938744.3,434426272
5593.9,S,42,41473.46,6241.76,17771919.4,85938808.8,434426334
5594.9,S,42,41474.44,6241.78,17771919.4,85938809.2,434426337
5595.9,S,42,41475.43,6241.80,17771919.4,85938809.4,434426343
5596.9,S,42,41476.33,6241.82,17771919.4,85938873.9,434426424
5597.9,S,42,41477.32,6241.84,17771919.4,85938874.3,434426428
5598.9,S,42,41478.22,6241.91,17771919.4,85938907.3,434426462
5599.9,S,42,41479.21,6241.92,17771919.4,85938907.6,434426462
5600.9,S,42,41480.20,6241.93,17771919.4,85938907.7,434426465
5601.9,S,42,41481.18,6241.95,17771919.4,85938907.8,434426466
5602.9,S,42,41482.10,6241.98,17771919.4,85938972.3,434426529
5603.9,S,42,41483.09,6241.99,17771919.4,85938972.8,434426589
5604.9,S,42,41484.08,6242.01,17771919.4,85938972.9,434426593
5605.9,S,42,41485.03,6242.03,17771919.4,85939006.0,434426625
5606.9,S,42,41485.99,6242.04,17771919.4,85939037.7,434426658
5607.9,S,42,41486.98,6242.06,17771919.4,85939037.8,434426659
5608.9,S,42,41487.96,6242.08,17771919.4,85939038.2,434426662
5609.9,S,42,41488.88,6242.11,17771919.4,85939102.7,434426723
5610.9,S,42,41489.86,6242.12,17771919.4,85939102.9,434426728
5611.9,S,42,41490.76,6242.19,17771919.4,85939136.1,434426767
5612.9,S,42,41491.74,6242.21,17771919.4,85939136.3,434426770
5613.9,S,42,41492.73,6242.23,17771919.4,85939136.8,434426772
5614.9,S,42,41493.71,6242.24,17771919.4,85939136.9,434426774
5615.9,S,42,41494.64,6242.27,17771919.4,85939201.4,434426837
5616.9,S,42,41495.62,6242.28,17771919.4,85939201.8,434426840
5617.9,S,42,41496.61,6242.30,17771919.4,85939201.9,434426841
5618.9,S,42,41497.55,6242.32,17771919.4,85939227.6,434426886
5619.9,S,42,41498.44,6242.35,17771919.4,85939266.9,434426976
5620.9,S,42,41499.43,6242.35,17771919.4,85939267.0,434426977
5621.9,S,42,41500.42,6242.37,17771919.4,85939267.2,434426979
5622.9,S,42,41501.31,6242.43,17771919.4,85939328.5,434427041
5623.9,S,42,41502.30,6242.45,17771919.4,85939328.7,434427043
5624.9,S,42,41503.28,6242.46,17771919.4,85939329.2,434427048
5625.9,S,42,41504.27,6242.48,17771919.4,85939329.3,434427050
5626.9,S,42,41505.10,6242.50,17771919.4,85939393.8,434427204
5627.9,S,42,41506.09,6242.52,17771919.4,85939394.2,434427206
5628.9,S,42,41507.07,6242.53,17771919.4,85939394.4,434427209
5629.9,S,42,41508.06,6242.55,17771919.4,85939394.7,434427209
5630.9,S,42,41508.99,6242.57,17771919.4,85939459.2,434427266
5631.9,S,42,41509.97,6242.59,17771919.4,85939459.3,434427268
5632.9,S,42,41510.88,6242.65,17771919.4,85939508.1,434427314
5633.9,S,42,41511.86,6242.67,17771919.4,85939508.6,434427319
5634.9,S,42,41512.84,6242.69,17771919.4,85939509.1,434427321
5635.9,S,42,41513.82,6242.71,17771919.4,85939509.2,434427323
5636.9,S,42,41514.75,6242.73,17771919.4,85939573.7,434427383
5637.9,S,42,41515.74,6242.75,17771919.4,85939573.9,434427385
5638.9,S,42,41516.72,6242.76,17771919.4,85939574.0,434427389
5639.9,S,42,41517.71,6242.77,17771919.4,85939574.6,434427391
5640.9,S,42,41518.64,6242.80,17771919.4,85939639.1,434427446
5641.9,S,42,41519.62,6242.82,17771919.4,85939639.2,434427448
5642.9,S,42,41520.61,6242.83,17771919.4,85939639.3,434427451
5643.9,S,42,41521.50,6242.89,17771919.4,85939698.9,434427508
5644.9,S,42,41522.49,6242.91,17771919.4,85939699.1,434427511
5645.9,S,42,41523.47,6242.92,17771919.4,85939699.7,434427514
5646.9,S,42,41524.46,6242.94,17771919.4,85939699.9,434427515
5647.9,S,42,41525.37,6242.97,17771919.4,85939764.3,434427582
5648.9,S,42,41526.35,6242.99,17771919.4,85939764.6,434427585
5649.9,S,42,41527.35,6243.00,17771919.4,85939764.9,434427588
5650.9,S,42,41528.34,6243.01,17771919.4,85939765.1,434427591
5651.9,S,42,41529.21,6243.03,17771919.4,85939830.2,434427701
5652.9,S,42,41530.19,6243.05,17771919.4,85939830.2,434427701
5653.9,S,42,41531.18,6243.07,17771919.4,85939830.5,434427708
5654.9,S,42,41532.11,6243.09,17771919.4,85939894.9,434427765
5655.9,S,42,41533.10,6243.10,17771919.4,85939895.2,434427768
5656.9,S,42,41534.02,6243.16,17771919.4,85939924.2,434427798
5657.9,S,42,41535.00,6243.18,17771919.4,85939924.6,434427800
5658.9,S,42,41535.98,6243.20,17771919.4,85939924.6,434427800
5659.9,S,42,41536.97,6243.21,17771919.4,85939924.8,434427806
5660.9,S,42,41537.89,6243.24,17771919.4,85939989.2,434427864
5661.9,S,42,41538.88,6243.26,17771919.4,85939989.6,434427865
5662.9,S,42,41539.86,6243.28,17771919.4,85939990.0,434427867
5663.9,S,42,41540.77,6243.31,17771919.4,85940054.6,434427941
5664.9,S,42,41541.76,6243.32,17771919.4,85940054.6,434427941
5665.9,S,42,41542.75,6243.33,17771919.4,85940054.9,434427946
5666.9,S,42,41543.73,6243.34,17771919.4,85940054.9,434427946
5667.9,S,42,41544.65,6243.39,17771919.4,85940119.9,434428013
5668.9,S,42,41545.64,6243.40,17771919.4,85940119.9,434428013
5669.9,S,42,41546.54,6243.47,17771919.4,85940152.9,434428057
5670.9,S,42,41547.53,6243.48,17771919.4,85940153.0,434428057
5671.9,S,42,41548.51,6243.50,17771919.4,85940153.3,434428060
5672.9,S,42,41549.47,6243.52,17771919.4,85940180.1,434428083
5673.9,S,42,41550.25,6243.54,17771919.4,85940218.2,434428299
5674.9,S,42,41551.23,6243.56,17771919.4,85940218.4,434428299
5675.9,S,42,41552.22,6243.58,17771919.4,85940218.6,434428304
5676.9,S,42,41553.14,6243.60,17771919.4,85940283.1,434428367
5677.9,S,42,41554.13,6243.61,17771919.4,85940283.3,434428370
5679.0,S,42,41555.11,6243.63,17771919.4,85940283.8,434428371
5680.0,S,42,41556.10,6243.64,17771919.4,85940284.0,434428377
5681.0,S,42,41557.03,6243.66,17771919.4,85940348.5,434428436
5682.0,S,42,41557.95,6243.73,17771919.4,85940372.8,434428464
5683.0,S,42,41558.93,6243.74,17771919.4,85940372.8,434428464
5684.0,S,42,41559.92,6243.76,17771919.4,85940373.1,434428468
5685.0,S,42,41560.89,6243.78,17771919.4,85940373.4,434428468
5686.0,S,42,41561.81,6243.81,17771919.4,85940438.0,434428533
5687.0,S,42,41562.80,6243.82,17771919.4,85940438.2,434428533
5688.0,S,42,41563.79,6243.83,17771919.4,85940438.5,434428540
5689.0,S,42,41564.78,6243.85,17771919.4,85940438.5,434428540
5690.0,S,42,41565.49,6243.88,17771919.4,85940503.1,434428821
5691.0,S,42,41566.47,6243.89,17771919.4,85940503.4,434428821
5692.0,S,42,41567.45,6243.92,17771919.4,85940503.6,434428828
5693.0,S,42,41568.45,6243.92,17771919.4,85940503.9,434428832
5694.0,S,42,41569.37,6243.95,17771919.4,85940568.5,434428898
5695.0,S,42,41570.35,6243.97,17771919.4,85940568.6,434428898
5696.0,S,42,41571.34,6243.98,17771919.4,85940568.8,434428903
5697.0,S,42,41572.22,6244.04,17771919.4,85940630.1,434428966
5698.0,S,42,41573.22,6244.04,17771919.4,85940630.4,434428968
5699.0,S,57,41586.48,6244.24,17771919.4,85940630.6,434428968
5700.0,S,57,41602.23,6244.51,17771919.4,85940631.6,434428974
5701.0,S,57,41617.99,6244.75,17771919.4,85940631.6,434428974
5702.0,S,57,41633.68,6245.02,17771919.4,85940684.3,434429034
5703.0,S,57,41645.63,6245.38,17771919.4,85941194.6,434429745
5704.0,S,57,41659.59,6245.70,17771919.4,85941598.3,434430132
5705.0,S,57,41675.22,6245.96,17771919.4,85941691.0,434430284
5706.0,S,57,41690.98,6246.20,17771919.4,85941691.2,434430285
5707.0,S,57,41706.24,6246.44,17771919.4,85941852.3,434430578
5708.0,S,57,41720.52,6246.74,17771919.4,85942304.5,434431180
5709.0,S,57,41736.02,6247.03,17771919.4,85942619.5,434431446
5710.0,S,57,41751.24,6247.28,17771919.4,85942816.3,434431937
5711.0,S,57,41766.95,6247.52,17771919.4,85942871.7,434431999
5712.0,S,57,41781.84,6247.79,17771919.4,85943172.0,434432367
5713.0,S,57,41797.30,6248.07,17771919.4,85943424.7,434432682
5714.0,S,57,41812.66,6248.36,17771919.4,85943687.0,434432911
5715.0,S,57,41828.15,6248.65,17771919.4,85943895.4,434433165
5716.0,S,57,41843.75,6248.93,17771919.4,85944061.0,434433340
5717.0,S,57,41859.22,6249.21,17771919.4,85944398.2,434433674
5718.0,S,57,41874.63,6249.47,17771919.4,85944588.4,434433914
5719.0,S,57,41890.19,6249.74,17771919.4,85944844.3,434434143
5720.0,S,57,41905.40,6250.01,17771919.4,85945021.2,434434483
5721.0,S,57,41920.87,6250.26,17771919.4,85945198.8,434434804
5722.0,S,57,41936.29,6250.51,17771919.4,85945387.8,434435007
5723.0,S,57,41951.06,6250.83,17771919.4,85945817.6,434435465
5724.0,S,57,41966.71,6251.08,17771919.4,85945930.1,434435573
5725.0,S,57,41981.01,6251.34,17771919.4,85946104.2,434435799
5726.0,S,57,41995.46,6251.61,17771919.4,85946260.6,434436101
5727.0,S,57,42010.94,6251.88,17771919.4,85946515.6,434436396
5728.0,S,56,42025.62,6252.17,17771919.4,85946860.4,434436712
5729.0,S,56,42040.15,6252.44,17771919.4,85947076.9,434436931
5730.0,S,56,42054.75,6252.70,17771919.4,85947267.7,434437119
5731.0,S,56,42069.23,6252.96,17771919.4,85947444.4,434437298
5732.0,S,53,42082.16,6253.20,17771919.4,85947702.5,434437868
5733.0,S,45,42088.67,6253.42,17771919.4,85948181.0,434438560
5734.0,S,42,42089.71,6253.79,17771919.4,85948262.9,434438652
5735.0,S,42,42091.78,6254.88,17771921.8,85948264.8,434438664
5736.0,S,42,42100.52,6256.26,17771931.5,85948266.4,434438697
5737.0,S,42,42109.23,6257.69,17771940.6,85948293.8,434438742
5738.0,S,42,42117.74,6259.21,17771949.4,85948294.5,434438774
5739.0,S,42,42126.41,6260.63,17771959.7,85948297.2,434438798
5740.0,S,42,42135.08,6262.11,17771969.0,85948361.8,434438880
5741.0,S,42,42143.61,6263.57,17771979.2,85948362.0,434438901
5742.0,S,46,42155.19,6265.11,17771983.4,85948412.4,434439043
5743.0,S,46,42167.55,6266.99,17771987.8,85948412.7,434439054
5744.0,S,42,42175.70,6268.47,17771996.4,85948604.3,434439337
5745.0,S,42,42184.67,6269.76,17772005.8,85948604.9,434439370
5746.0,S,42,42193.30,6271.06,17772015.6,85948605.1,434439398
5747.0,S,42,42201.92,6272.43,17772024.6,85948669.7,434439486
5748.0,S,46,42211.20,6273.81,17772032.9,85948719.3,434439578
5749.0,S,46,42223.52,6275.38,17772042.9,85948719.9,434439608
5750.0,S,46,42235.21,6276.95,17772047.4,85948795.4,434439923
5751.0,S,42,42243.44,6278.51,17772047.4,85948949.2,434440092
5752.0,S,42,42252.22,6279.85,17772047.4,85948949.6,434440098
5753.0,S,42,42260.91,6281.21,17772047.4,85948949.8,434440101
5754.0,S,42,42269.83,6282.56,17772047.4,85949014.5,434440176
5755.0,S,42,42277.99,6283.81,17772047.4,85949090.2,434440262
5756.0,S,42,42286.71,6285.26,17772051.0,85949090.4,434440274
5757.0,S,42,42295.55,6286.64,17772060.7,85949090.9,434440300
5758.0,S,42,42304.03,6288.04,17772069.7,85949091.1,434440325
5759.0,S,42,42312.74,6289.50,17772078.2,85949155.7,434440416
5760.0,S,42,42321.54,6290.93,17772088.4,85949156.2,434440440
5761.0,S,42,42330.20,6292.23,17772098.5,85949156.3,434440466
5762.0,S,42,42337.38,6293.43,17772107.4,85949257.0,434440675
5763.0,S,42,42345.97,6294.82,17772111.2,85949306.4,434440736
5764.0,S,42,42354.79,6296.24,17772111.2,85949306.9,434440740
5765.0,S,42,42363.45,6297.60,17772111.2,85949307.0,434440742
5766.0,S,42,42372.01,6299.00,17772112.6,85949307.6,434440750
5767.0,S,42,42380.68,6300.42,17772122.9,85949322.7,434440781
5768.0,S,42,42389.22,6301.79,17772132.6,85949372.7,434440889
5769.0,S,42,42397.12,6303.22,17772143.2,85949475.7,434441002
5770.0,S,42,42405.80,6304.71,17772153.9,85949476.0,434441015
5771.0,S,42,42414.47,6306.20,17772164.8,85949476.8,434441029
5772.0,S,42,42423.26,6307.68,17772175.1,85949541.6,434441093
5773.0,S,42,42431.94,6309.23,17772175.2,85949546.6,434441103
5774.0,S,42,42440.68,6310.65,17772175.2,85949546.8,434441103
5775.0,S,42,42448.44,6312.12,17772182.7,85949650.0,434441213
5776.0,S,42,42457.39,6313.59,17772193.7,85949677.7,434441247
5777.0,S,42,42466.04,6314.87,17772203.6,85949743.1,434441360
5778.0,S,42,42474.74,6316.32,17772212.9,85949743.1,434441383
5779.0,S,42,42483.48,6317.70,17772223.2,85949743.4,434441408
5780.0,S,42,42492.26,6319.07,17772234.3,85949743.7,434441437
5781.0,S,42,42500.81,6320.50,17772243.4,85949798.2,434441541
5782.0,S,46,42510.65,6321.95,17772252.8,85949901.0,434441671
5783.0,S,46,42523.13,6323.50,17772263.6,85949901.6,434441699
5784.0,S,42,42532.23,6324.94,17772271.3,85950092.4,434442134
5785.0,S,41,42540.66,6326.36,17772281.7,85950092.7,434442151
5786.0,S,41,42548.86,6327.68,17772290.3,85950157.4,434442239
5787.0,S,41,42557.28,6328.74,17772301.4,85950157.8,434442270
5788.0,S,40,42565.49,6329.84,17772303.1,85950158.1,434442270
5789.0,S,42,42573.97,6330.96,17772303.1,85950260.9,434442382
5790.0,S,41,42584.87,6332.04,17772303.1,85950260.9,434442382
5791.0,S,35,42592.69,6332.86,17772303.1,85950516.1,434442754
5792.0,S,32,42597.89,6333.50,17772303.1,85950516.1,434442754
5793.0,R,25,42600.82,6333.99,17772310.2,85950631.7,434442893
