t_s,state,nthreads,utime_s,stime_s,disk_r_mb,disk_w_mb,disk_io_ms
0.0,R,1,0.00,0.00,17781299.8,87522316.6,436899438
1.0,S,42,9.54,4.23,17781299.8,87522318.0,436899473
2.0,S,42,20.26,9.31,17781299.8,87522318.3,436899480
3.0,S,42,30.93,14.44,17781299.8,87522318.8,436899483
4.0,S,42,41.71,19.50,17781299.8,87522319.0,436899485
5.0,S,42,52.32,24.71,17781299.8,87522319.2,436899486
6.0,S,42,62.28,29.57,17781299.8,87522344.0,436899555
7.0,S,42,73.38,33.75,17781299.8,87522444.8,436899816
8.0,S,42,82.11,37.78,17781299.8,87522524.2,436900010
9.0,S,46,94.25,41.84,17781299.8,87522584.2,436900236
10.0,S,43,106.13,46.78,17781299.8,87522705.8,436900539
11.0,S,47,120.58,51.52,17781299.8,87522806.4,436900633
12.0,S,43,134.56,56.57,17781299.8,87522900.3,436900719
13.0,S,43,146.43,61.38,17781299.8,87522982.7,436900792
14.0,S,47,161.84,66.26,17781299.8,87523025.7,436900873
15.0,S,42,172.54,70.43,17781299.8,87523392.9,436901620
16.0,S,45,187.31,75.53,17781299.8,87523393.3,436901622
17.0,S,49,199.43,79.39,17781299.8,87523485.9,436901875
18.0,S,45,216.67,83.93,17781299.8,87523585.5,436902088
19.0,S,44,230.50,89.11,17781299.8,87523607.5,436902134
20.0,S,48,241.26,93.02,17781299.8,87523860.5,436902732
21.0,S,48,260.08,98.07,17781299.8,87524244.7,436903307
22.0,S,48,277.54,103.54,17781299.8,87524245.1,436903312
23.0,S,52,294.52,108.30,17781299.8,87524350.3,436903413
24.0,S,50,316.39,112.87,17781299.8,87524399.3,436903457
25.0,S,45,332.93,117.57,17781299.8,87524620.5,436903815
26.0,S,44,346.50,122.73,17781299.8,87524748.7,436904047
27.0,S,55,360.12,125.79,17781299.8,87524984.4,436904438
28.0,S,51,383.07,130.49,17781299.8,87525082.9,436904605
29.0,S,51,404.08,135.53,17781299.8,87525083.3,436904610
30.0,S,51,423.39,140.38,17781299.8,87525128.4,436904721
31.0,S,54,443.96,144.23,17781299.8,87525223.2,436904932
32.0,S,47,460.65,147.91,17781299.8,87525509.7,436905480
33.0,S,42,472.96,152.12,17781299.8,87525897.5,436906070
34.0,S,55,490.78,156.83,17781299.8,87526000.6,436906169
35.0,S,54,515.99,161.44,17781299.8,87526024.8,436906195
36.0,S,51,537.85,166.16,17781299.8,87526097.4,436906353
37.0,S,50,557.85,171.44,17781299.8,87526131.2,436906539
38.0,S,53,576.63,175.76,17781299.8,87526364.1,436906907
39.0,S,52,594.48,179.80,17781299.8,87526551.4,436907215
40.0,S,42,603.46,183.61,17781299.8,87526912.9,436907987
41.0,S,51,623.08,188.56,17781299.8,87526937.4,436908031
42.0,S,55,645.27,192.56,17781299.8,87527016.8,436908217
43.0,S,50,667.07,197.39,17781299.8,87527178.4,436908515
44.0,S,50,686.72,202.67,17781299.8,87527178.5,436908517
45.0,S,53,706.14,207.23,17781299.8,87527383.7,436908745
46.0,S,47,723.58,211.23,17781299.8,87527636.4,436909081
47.0,S,47,733.38,215.22,17781299.8,87527918.7,436909638
48.0,S,47,750.29,220.21,17781299.8,87527919.2,436909640
49.0,S,51,767.05,223.99,17781299.8,87528022.0,436909887
50.0,S,47,784.69,228.68,17781299.8,87528118.0,436910088
51.0,S,47,797.19,232.51,17781299.8,87528328.1,436910501
52.0,S,45,809.23,236.15,17781299.8,87528552.4,436910953
53.0,S,47,824.89,241.24,17781299.8,87528607.3,436911094
54.0,S,43,837.34,246.02,17781299.8,87528703.5,436911245
55.0,S,47,849.55,250.65,17781299.8,87528806.8,436911348
56.0,S,45,866.08,255.39,17781299.8,87528854.7,436911393
57.0,S,42,878.73,260.54,17781299.8,87528971.6,436911502
58.0,S,55,896.44,264.79,17781299.8,87529130.2,436911731
59.0,S,53,921.66,269.06,17781299.8,87529190.2,436911897
60.0,S,51,942.83,274.04,17781299.8,87529226.5,436911964
61.0,S,50,962.10,279.00,17781299.8,87529287.5,436912059
62.0,S,54,979.77,282.19,17781299.8,87529617.6,436912753
63.0,S,45,998.89,286.89,17781299.8,87529886.2,436913319
64.0,S,44,1011.19,292.11,17781299.8,87530037.4,436913606
65.0,S,47,1024.54,296.19,17781299.8,87530149.6,436913803
66.0,S,43,1039.28,301.13,17781299.8,87530245.8,436913919
67.0,S,43,1052.13,306.08,17781299.8,87530246.4,436913922
68.0,S,47,1067.21,310.86,17781299.8,87530349.8,436914019
69.0,S,42,1079.32,315.84,17781299.8,87530574.3,436914271
70.0,S,55,1104.22,320.47,17781299.8,87530575.0,436914276
71.0,S,59,1129.84,324.50,17781299.8,87530678.2,436914453
72.1,S,55,1156.12,328.87,17781299.8,87530774.0,436914652
73.1,S,55,1181.13,333.68,17781299.8,87530854.5,436914782
74.1,S,55,1206.37,338.32,17781299.8,87530905.4,436914853
75.1,S,57,1223.78,341.14,17781299.8,87531339.1,436915777
76.1,S,43,1235.25,344.57,17781299.8,87531874.2,436916541
77.1,S,43,1247.90,349.77,17781299.8,87531875.0,436916549
78.1,S,47,1260.61,354.50,17781299.8,87531978.5,436916651
79.1,S,45,1276.78,359.65,17781299.8,87532026.7,436916696
80.1,S,43,1289.52,364.36,17781299.8,87532074.9,436916760
81.1,S,47,1300.78,368.41,17781299.8,87532306.2,436917114
82.1,S,44,1316.95,373.32,17781299.8,87532378.7,436917226
83.1,S,43,1329.89,378.21,17781299.8,87532431.6,436917342
84.1,S,47,1341.21,381.47,17781299.8,87532534.6,436917678
85.1,S,42,1355.74,386.40,17781299.8,87532694.3,436917976
86.1,S,57,1374.66,391.32,17781299.8,87532760.0,436918066
87.1,S,61,1402.30,395.31,17781299.8,87532863.1,436918234
88.1,S,59,1431.87,399.92,17781299.8,87532926.6,436918315
89.1,S,57,1458.87,404.39,17781299.8,87532959.9,436918360
90.1,S,57,1485.28,408.81,17781299.8,87533040.4,436918541
91.1,S,61,1510.15,412.20,17781299.8,87533198.0,436918815
92.1,S,61,1540.58,416.83,17781299.8,87533259.9,436918891
93.1,S,52,1560.83,420.56,17781299.8,87533819.1,436919531
94.1,S,48,1566.73,423.22,17781299.8,87534297.4,436920531
95.1,S,44,1577.27,427.99,17781299.8,87534402.2,436920856
96.1,S,47,1591.89,432.25,17781299.8,87534517.8,436921047
97.1,S,43,1605.81,437.24,17781299.8,87534613.7,436921249
98.1,S,43,1617.30,441.68,17781299.8,87534683.5,436921375
99.1,S,47,1633.23,446.40,17781299.8,87534717.3,436921447
100.1,S,44,1645.86,450.78,17781299.8,87534941.9,436921748
101.1,S,48,1658.85,455.45,17781299.8,87535045.2,436921843
102.1,S,45,1676.18,460.38,17781299.8,87535117.1,436921907
103.1,S,44,1689.95,465.72,17781299.8,87535141.6,436921931
104.1,S,43,1699.80,469.57,17781299.8,87535359.2,436922262
105.1,S,61,1717.48,473.89,17781299.8,87535428.7,436922482
106.1,S,57,1745.31,478.55,17781299.8,87535525.1,436922636
107.1,S,57,1772.48,483.32,17781299.8,87535525.5,436922641
108.1,S,62,1797.07,487.03,17781299.8,87535629.2,436922866
109.1,S,61,1827.52,491.54,17781299.8,87535671.8,436922937
110.1,S,57,1852.90,495.64,17781299.8,87535768.4,436923172
111.1,S,57,1879.90,500.37,17781299.8,87535838.0,436923383
112.1,S,57,1906.75,505.21,17781299.8,87535965.7,436923597
113.1,S,60,1930.17,508.84,17781299.8,87536224.2,436924099
114.1,S,58,1948.47,512.16,17781299.8,87536709.1,436925079
115.1,S,42,1956.13,514.60,17781299.8,87537435.1,436925978
116.1,S,42,1967.68,519.92,17781299.8,87537435.9,436925982
117.1,S,46,1977.59,523.44,17781299.8,87537538.7,436926280
118.1,S,42,1991.73,528.39,17781299.8,87537674.3,436926584
119.1,S,42,2003.53,533.43,17781299.8,87537675.4,436926588
120.1,S,46,2015.34,537.50,17781299.8,87537778.5,436926769
121.1,S,42,2028.81,542.13,17781299.8,87537874.6,436926970
122.1,S,42,2040.35,547.26,17781299.8,87537938.5,436927121
123.1,S,48,2054.82,551.71,17781299.8,87538041.3,436927286
124.2,S,44,2069.22,556.63,17781299.8,87538137.4,436927523
125.2,S,43,2081.96,561.76,17781299.8,87538168.3,436927579
126.2,S,47,2094.95,565.71,17781299.8,87538271.5,436927807
127.2,S,42,2107.52,570.16,17781299.8,87538495.5,436928204
128.2,S,57,2127.54,575.01,17781299.8,87538496.5,436928211
129.2,S,61,2154.59,578.89,17781299.8,87538599.5,436928305
130.2,S,57,2181.10,580.62,17781299.8,87538696.4,436928393
131.2,S,57,2207.14,584.18,17781299.8,87538696.6,436928394
132.2,S,57,2234.28,588.90,17781299.8,87538785.8,436928472
133.2,S,61,2257.87,592.24,17781299.8,87538945.5,436928774
134.2,S,61,2288.31,597.07,17781299.8,87539019.4,436928910
135.2,S,57,2315.54,601.51,17781299.8,87539334.7,436929480
136.2,S,57,2343.20,605.50,17781299.8,87539424.6,436929718
137.2,S,57,2365.22,608.64,17781299.8,87539615.1,436930074
138.2,S,61,2395.24,613.36,17781299.8,87539687.0,436930182
139.2,S,54,2419.89,617.61,17781299.8,87540145.6,436930914
140.2,S,51,2432.47,621.13,17781299.8,87540619.4,436931753
141.2,S,42,2438.45,623.94,17781299.8,87541083.2,436932518
142.2,S,48,2448.01,627.73,17781299.8,87541192.2,436932841
143.2,S,45,2465.35,632.73,17781299.8,87541264.7,436932964
144.2,S,44,2479.26,637.73,17781299.8,87541289.0,436933009
145.2,S,48,2492.55,642.12,17781299.8,87541392.8,436933180
146.2,S,45,2509.22,647.11,17781299.8,87541499.4,436933420
147.2,S,44,2521.55,652.38,17781299.8,87541675.9,436933582
148.2,S,48,2536.60,656.91,17781299.8,87541778.8,436933675
149.2,S,44,2551.04,661.30,17781299.8,87541875.1,436933890
150.2,S,44,2564.52,666.69,17781299.8,87541875.3,436933893
151.2,S,47,2577.63,670.68,17781299.8,87542035.9,436934183
152.2,S,44,2591.76,675.53,17781299.8,87542260.5,436934689
153.2,S,44,2605.40,680.82,17781299.8,87542260.8,436934692
154.2,S,48,2618.97,685.03,17781299.8,87542363.9,436934870
155.2,S,44,2634.54,689.61,17781299.8,87542459.7,436935075
156.2,S,43,2647.69,694.60,17781299.8,87542516.5,436935182
157.2,S,46,2658.36,698.21,17781299.8,87542746.7,436935700
158.2,S,57,2680.35,703.13,17781299.8,87542843.0,436935866
159.2,S,57,2707.37,708.02,17781299.8,87542843.4,436935867
160.2,S,57,2734.35,712.95,17781299.8,87542844.0,436935874
161.2,S,61,2761.78,716.92,17781299.8,87543031.8,436936102
162.2,S,57,2791.48,721.46,17781299.8,87543165.3,436936225
163.2,S,57,2818.58,726.12,17781299.8,87543325.4,436936393
164.2,S,57,2845.43,731.11,17781299.8,87543396.5,436936500
165.2,S,61,2872.26,735.15,17781299.8,87543644.3,436936975
166.2,S,61,2901.92,739.75,17781299.8,87543680.3,436937083
167.2,S,57,2926.17,743.80,17781299.8,87543849.7,436937459
168.2,S,57,2951.15,748.52,17781299.8,87544243.7,436938336
169.2,S,57,2973.34,751.71,17781299.8,87544455.7,436938816
170.2,S,60,2987.73,753.11,17781299.8,87544858.3,436939553
171.2,S,57,3015.11,757.61,17781299.8,87545085.4,436939850
172.2,S,51,3035.72,761.95,17781299.8,87545455.6,436940261
173.2,S,42,3042.52,765.47,17781299.8,87545804.2,436940871
174.2,S,48,3054.22,769.31,17781299.8,87545907.6,436941127
175.2,S,46,3071.00,774.32,17781299.8,87545955.4,436941202
176.2,S,44,3084.98,779.48,17781299.8,87546003.8,436941287
177.2,S,48,3097.62,783.58,17781299.8,87546107.7,436941478
178.2,S,46,3110.43,787.57,17781299.8,87546295.2,436941886
179.2,S,47,3123.38,792.70,17781299.8,87546395.6,436942134
180.2,S,50,3137.86,796.88,17781299.8,87546507.7,436942378
181.2,S,48,3157.13,801.90,17781299.8,87546555.7,436942422
182.2,S,46,3173.29,807.13,17781299.8,87546604.7,436942467
183.2,S,46,3188.61,812.75,17781299.8,87546605.2,436942467
184.2,S,47,3205.42,817.49,17781299.8,87546899.2,436942810
185.2,S,43,3218.31,822.38,17781299.8,87547101.6,436943246
186.2,S,57,3232.47,827.00,17781299.8,87547135.6,436943362
187.2,S,61,3260.92,830.87,17781299.8,87547228.6,436943522
188.2,S,57,3289.97,835.66,17781299.8,87547324.6,436943683
189.2,S,57,3316.96,840.57,17781299.8,87547324.9,436943683
190.2,S,57,3344.10,845.24,17781299.8,87547370.8,436943782
191.2,S,61,3371.31,849.16,17781299.8,87547473.6,436943979
192.2,S,59,3399.70,853.49,17781299.8,87547749.3,436944442
193.2,S,57,3426.90,858.08,17781299.8,87547767.4,436944590
194.2,S,57,3452.51,862.42,17781299.8,87547994.6,436945078
195.2,S,61,3479.76,866.69,17781299.8,87548213.4,436945307
196.2,S,61,3507.56,871.08,17781299.8,87548561.6,436945786
197.2,S,57,3531.52,874.86,17781299.8,87548696.1,436946129
198.2,S,57,3557.68,879.13,17781299.8,87548853.6,436946442
199.2,S,57,3578.58,882.55,17781299.8,87549247.2,436947156
200.2,S,61,3604.93,886.18,17781299.8,87549344.1,436947426
201.2,S,57,3632.29,890.33,17781299.8,87549555.5,436947766
202.2,S,51,3652.23,894.45,17781299.8,87550054.4,436948468
203.2,S,45,3659.20,896.71,17781299.8,87550571.1,436949469
204.2,S,45,3669.57,901.64,17781299.8,87550716.6,436949702
205.2,S,49,3687.13,906.61,17781299.8,87550751.5,436949771
206.2,S,45,3701.73,911.58,17781299.8,87550847.5,436950001
207.2,S,44,3715.70,916.97,17781299.8,87550885.5,436950087
208.2,S,48,3729.49,920.50,17781299.8,87550988.6,436950354
209.2,S,42,3743.18,925.23,17781299.8,87551211.3,436950549
210.2,S,44,3755.83,930.48,17781299.8,87551290.3,436950624
211.2,S,48,3771.83,935.08,17781299.8,87551380.3,436950731
212.2,S,44,3785.96,939.89,17781299.8,87551476.8,436950980
213.2,S,44,3799.14,944.77,17781299.8,87551507.1,436951033
214.2,S,47,3814.06,949.22,17781299.8,87551638.7,436951265
215.2,S,45,3827.57,953.71,17781299.8,87551861.7,436951731
216.2,S,44,3840.91,958.49,17781299.8,87551921.4,436951832
217.2,S,48,3856.55,962.62,17781299.8,87551978.8,436951984
218.2,S,44,3870.33,967.59,17781299.8,87552074.7,436952138
219.2,S,43,3882.38,972.12,17781299.8,87552212.4,436952387
220.2,S,46,3892.68,975.41,17781299.8,87552368.9,436952748
221.2,S,57,3917.57,980.25,17781299.8,87552465.8,436952921
222.2,S,57,3944.32,985.38,17781299.8,87552466.7,436952930
223.2,S,57,3970.67,990.10,17781299.8,87552514.5,436952984
224.2,S,61,4000.40,994.72,17781299.8,87552570.0,436953041
225.2,S,57,4029.22,999.52,17781299.8,87552751.4,436953202
226.2,S,57,4056.49,1004.11,17781299.8,87552813.3,436953261
227.2,S,57,4083.27,1009.00,17781299.8,87552997.2,436953547
228.2,S,61,4105.05,1011.11,17781299.8,87553287.1,436954168
229.2,S,61,4128.83,1012.41,17781299.8,87553540.0,436954710
230.2,S,57,4151.17,1013.74,17781299.8,87553647.9,436954909
231.2,S,57,4174.20,1015.26,17781299.8,87553770.4,436955131
232.2,S,57,4197.68,1016.70,17781299.8,87553799.3,436955177
233.2,S,57,4212.29,1018.06,17781299.8,87554295.3,436956178
234.2,S,61,4230.50,1019.14,17781299.8,87554626.2,436956754
235.2,S,61,4260.16,1023.08,17781299.8,87554794.1,436956899
236.2,S,56,4286.12,1027.78,17781299.8,87554972.2,436957149
237.2,S,56,4309.06,1032.13,17781299.8,87555244.2,436957599
238.2,S,53,4331.44,1036.11,17781299.8,87555431.9,436957969
239.2,S,54,4337.88,1036.61,17781299.8,87555932.0,436958967
240.2,S,45,4354.40,1041.05,17781299.8,87556271.1,436959485
241.2,S,42,4366.58,1046.60,17781299.8,87556344.1,436959553
242.2,S,46,4377.98,1051.22,17781299.8,87556447.4,436959653
243.2,S,43,4392.93,1056.05,17781299.8,87556520.8,436959751
244.2,S,45,4405.70,1061.32,17781299.8,87556598.1,436959945
245.2,S,49,4417.74,1065.17,17781299.8,87556701.0,436960220
246.2,S,46,4435.62,1069.98,17781299.8,87556773.0,436960338
247.2,S,45,4450.46,1075.17,17781299.8,87556797.1,436960378
248.2,S,44,4462.06,1078.72,17781299.8,87556950.0,436960665
249.2,S,49,4476.19,1082.79,17781299.8,87557152.8,436961015
250.2,S,45,4491.67,1087.73,17781299.8,87557249.0,436961218
251.2,S,45,4506.55,1092.74,17781299.8,87557249.3,436961220
252.2,S,49,4521.75,1096.56,17781299.8,87557352.4,436961448
253.2,S,44,4536.31,1101.10,17781299.8,87557500.3,436961692
254.2,S,44,4548.81,1106.16,17781299.8,87557691.5,436962023
255.2,S,48,4564.67,1110.82,17781299.8,87557794.7,436962127
256.2,S,44,4578.70,1115.91,17781299.8,87557890.7,436962211
257.2,S,44,4592.40,1121.09,17781299.8,87557890.9,436962213
258.2,S,48,4608.30,1125.54,17781299.8,87557994.0,436962337
259.3,S,42,4621.29,1130.33,17781299.8,87558278.5,436962943
260.3,S,57,4634.00,1134.74,17781299.8,87558353.8,436963067
261.3,S,61,4663.59,1139.06,17781299.8,87558382.7,436963125
262.3,S,57,4691.67,1143.58,17781299.8,87558478.3,436963335
263.3,S,57,4718.93,1148.23,17781299.8,87558478.9,436963341
264.3,S,57,4745.57,1152.40,17781299.8,87558599.2,436963647
265.3,S,61,4772.69,1156.05,17781299.8,87558716.4,436963926
266.3,S,57,4800.48,1160.74,17781299.8,87558917.2,436964280
267.3,S,57,4825.65,1165.15,17781299.8,87559197.0,436964707
268.3,S,57,4852.76,1169.92,17781299.8,87559271.6,436964773
269.3,S,61,4879.02,1173.05,17781299.8,87559465.4,436964942
270.3,S,58,4907.77,1176.84,17781299.8,87559821.8,436965503
271.3,S,57,4931.10,1180.74,17781299.8,87560047.8,436965929
272.3,S,57,4957.71,1185.40,17781299.8,87560186.1,436966368
273.3,S,57,4978.12,1188.55,17781299.8,87560532.6,436966903
274.3,S,61,5005.85,1192.46,17781299.8,87560633.9,436967094
275.3,S,57,5034.52,1196.96,17781299.8,87560771.2,436967306
276.3,S,57,5061.78,1201.55,17781299.8,87560836.1,436967364
277.3,S,57,5089.11,1206.09,17781299.8,87560894.6,436967418
278.3,S,61,5117.35,1210.20,17781299.8,87561082.0,436967636
279.3,S,58,5145.63,1214.92,17781299.8,87561384.0,436968221
280.3,S,56,5165.56,1218.35,17781299.8,87561751.7,436968941
281.3,S,54,5183.65,1221.05,17781299.8,87562017.4,436969420
282.4,S,49,5193.85,1223.83,17781299.8,87562705.3,436970463
283.4,S,42,5202.17,1228.27,17781299.8,87562867.4,436970792
284.4,S,48,5218.63,1232.86,17781299.8,87562902.8,436970864
285.4,S,44,5231.99,1237.87,17781299.8,87562998.7,436971052
286.4,S,44,5243.81,1242.00,17781299.8,87563074.9,436971239
287.4,S,48,5260.47,1246.73,17781299.8,87563103.0,436971311
288.4,S,43,5273.00,1251.54,17781299.8,87563256.3,436971590
289.4,S,46,5285.79,1256.31,17781299.8,87563423.6,436971932
290.4,S,50,5302.79,1260.57,17781299.8,87563485.5,436972114
291.4,S,46,5318.42,1265.49,17781299.8,87563581.4,436972317
292.4,S,45,5333.86,1270.71,17781299.8,87563625.3,436972426
293.4,S,49,5350.05,1275.36,17781299.8,87563728.2,436972525
294.4,S,42,5361.69,1279.56,17781299.8,87564077.3,436973031
295.4,S,45,5376.24,1284.85,17781299.8,87564078.0,436973035
296.4,S,48,5390.15,1288.99,17781299.8,87564196.8,436973222
297.4,S,45,5406.72,1293.75,17781299.8,87564269.9,436973340
298.4,S,44,5420.34,1299.04,17781299.8,87564294.2,436973378
299.4,S,46,5428.53,1301.85,17781299.8,87564586.8,436973927
300.4,S,44,5444.88,1306.81,17781299.8,87564683.0,436974097
301.4,S,44,5458.72,1311.88,17781299.8,87564683.3,436974103
302.4,S,48,5470.01,1315.61,17781299.8,87564787.2,436974380
303.4,S,48,5486.18,1320.47,17781299.8,87564844.9,436974553
304.4,S,42,5497.53,1325.15,17781299.8,87565068.5,436974964
305.4,S,61,5508.83,1329.20,17781299.8,87565171.9,436975168
306.4,S,61,5539.08,1334.00,17781299.8,87565172.6,436975175
307.4,S,57,5566.90,1338.48,17781299.8,87565268.6,436975322
308.4,S,57,5594.32,1342.95,17781299.8,87565269.6,436975325
309.4,S,61,5619.86,1346.94,17781299.8,87565372.6,436975489
310.4,S,61,5650.53,1351.81,17781299.8,87565476.6,436975642
311.5,S,59,5673.06,1355.57,17781299.8,87565809.9,436976358
312.5,S,57,5699.74,1360.05,17781299.8,87565855.7,436976412
313.5,S,57,5726.60,1364.62,17781299.8,87566024.0,436976574
314.5,S,61,5748.96,1367.41,17781299.8,87566211.4,436976987
315.5,S,61,5776.63,1371.09,17781299.8,87566365.6,436977412
316.5,S,57,5792.92,1372.36,17781299.8,87566511.1,436977905
317.5,S,57,5819.98,1376.99,17781299.8,87566826.7,436978172
318.5,S,57,5843.62,1381.06,17781299.8,87567046.2,436978704
319.5,S,57,5861.07,1382.64,17781299.8,87567422.8,436979747
320.5,S,61,5889.47,1386.85,17781299.8,87567458.0,436979872
321.5,S,57,5916.08,1390.96,17781299.8,87567598.1,436980279
322.5,S,57,5937.07,1393.65,17781299.8,87567803.0,436980708
323.5,S,57,5957.11,1396.30,17781299.8,87568078.6,436981232
324.5,S,57,5977.66,1399.01,17781299.8,87568338.9,436981803
325.5,S,57,5998.99,1401.67,17781299.8,87568429.9,436981949
326.5,S,57,6016.60,1402.84,17781299.8,87568707.7,436982398
327.5,S,56,6035.57,1404.21,17781299.8,87568837.2,436982805
328.5,S,54,6050.81,1405.49,17781299.8,87569224.5,436983424
329.5,S,51,6054.95,1406.05,17781299.8,87569667.6,436984425
330.5,S,46,6065.58,1407.24,17781299.8,87569941.3,436984669
331.5,S,42,6074.53,1409.26,17781299.8,87570052.5,436984884
332.5,S,42,6083.32,1410.76,17781299.8,87570053.9,436984890
333.5,S,42,6092.14,1412.14,17781299.8,87570054.2,436984893
334.5,S,43,6101.17,1413.48,17781299.8,87570104.1,436985034
335.5,S,43,6110.96,1414.82,17781299.8,87570105.6,436985038
336.5,S,42,6120.56,1416.21,17781299.8,87570139.9,436985095
337.5,S,46,6129.91,1417.50,17781299.8,87570242.8,436985347
338.5,S,46,6139.36,1418.84,17781299.8,87570402.0,436985673
339.5,S,46,6151.82,1420.61,17781299.8,87570402.4,436985678
340.5,S,45,6163.78,1422.20,17781299.8,87570421.3,436985718
341.5,S,45,6175.41,1423.71,17781299.8,87570421.8,436985722
342.5,S,45,6187.20,1425.15,17781299.8,87570422.1,436986235
343.5,S,45,6196.23,1426.56,17781299.8,87570673.9,436986656
344.5,S,48,6208.06,1427.86,17781299.8,87570787.5,436986844
345.5,S,44,6219.74,1429.33,17781299.8,87570883.3,436987056
346.5,S,44,6230.47,1430.67,17781299.8,87570883.6,436987060
347.5,S,44,6241.35,1432.12,17781299.8,87570898.4,436987092
348.5,S,44,6249.62,1433.41,17781299.8,87571072.7,436987519
349.5,S,44,6260.34,1434.98,17781299.8,87571073.2,436987521
350.5,S,44,6270.90,1436.52,17781299.8,87571073.5,436987524
351.5,S,48,6282.13,1437.94,17781299.8,87571176.1,436987679
352.5,S,42,6293.68,1439.56,17781299.8,87571460.2,436987923
353.5,S,45,6304.97,1441.00,17781299.8,87571487.6,436987981
354.5,S,45,6316.55,1442.41,17781299.8,87571487.8,436987986
355.5,S,45,6328.00,1443.86,17781299.8,87571488.4,436987989
356.5,S,44,6339.11,1445.35,17781299.8,87571545.2,436988078
357.5,S,44,6347.10,1446.85,17781299.8,87571736.8,436988477
358.5,S,48,6356.16,1448.06,17781299.8,87571840.0,436988703
359.5,S,48,6369.87,1449.80,17781299.8,87571885.6,436988777
360.5,S,44,6380.81,1451.25,17781299.8,87571936.0,436988901
361.5,S,44,6391.42,1452.66,17781299.8,87571956.6,436988948
362.5,S,45,6400.72,1454.14,17781299.8,87572127.2,436989297
363.5,S,45,6412.13,1455.79,17781299.8,87572127.7,436989302
364.5,S,45,6423.72,1457.45,17781299.8,87572128.0,436989303
365.5,S,45,6434.07,1458.73,17781299.8,87572226.5,436989483
366.5,S,48,6446.32,1460.41,17781299.8,87572434.9,436989979
367.5,S,44,6456.72,1461.80,17781299.8,87572572.3,436990274
368.5,S,44,6467.31,1463.48,17781299.8,87572573.0,436990277
369.5,S,44,6478.05,1464.94,17781299.8,87572573.3,436990281
370.5,S,44,6488.82,1466.38,17781299.8,87572573.4,436990283
371.5,S,42,6497.96,1467.83,17781299.8,87572762.2,436990454
372.5,S,44,6507.14,1469.36,17781299.8,87572776.8,436990470
373.5,S,48,6519.53,1470.98,17781299.8,87572879.8,436990565
374.6,S,44,6531.14,1472.69,17781299.8,87572976.2,436990680
375.6,S,44,6541.66,1474.08,17781299.8,87573008.6,436990728
376.6,S,43,6551.46,1475.56,17781299.8,87573066.0,436990841
377.6,S,42,6560.14,1476.92,17781299.8,87573151.7,436990990
378.6,S,57,6579.50,1478.37,17781299.8,87573152.5,436990993
379.6,S,61,6601.72,1479.60,17781299.8,87573256.4,436991197
380.6,S,61,6628.58,1481.12,17781299.8,87573256.7,436991202
381.6,S,57,6652.94,1482.48,17781299.8,87573352.9,436991392
382.6,S,57,6675.09,1483.94,17781299.8,87573503.0,436991841
383.6,S,57,6697.55,1485.73,17781299.8,87573862.2,436992388
384.6,S,57,6719.52,1487.28,17781299.8,87574018.0,436992692
385.6,S,61,6742.97,1489.62,17781299.8,87574121.5,436993005
386.6,S,59,6770.69,1492.68,17781299.8,87574284.3,436993145
387.6,S,57,6791.84,1494.24,17781299.8,87574515.8,436993440
388.6,S,57,6817.15,1497.49,17781299.8,87574759.3,436993832
389.6,S,57,6840.01,1501.50,17781299.8,87575018.4,436994548
390.6,S,61,6864.47,1505.16,17781299.8,87575384.2,436995314
391.6,S,61,6890.01,1509.16,17781299.8,87575564.5,436995670
392.6,S,57,6917.41,1513.68,17781299.8,87575627.9,436995744
393.6,S,57,6944.94,1518.01,17781299.8,87575628.3,436995747
394.6,S,61,6972.82,1521.80,17781299.8,87576028.2,436996145
395.6,S,61,7001.38,1526.36,17781299.8,87576268.8,436996547
396.6,S,57,7024.97,1530.64,17781299.8,87576530.6,436997018
397.6,S,56,7051.15,1535.36,17781299.8,87576594.1,436997238
398.6,S,54,7069.69,1538.00,17781299.8,87576973.8,436997924
399.6,S,53,7090.42,1542.32,17781299.8,87577282.7,436998533
400.6,S,44,7100.15,1546.04,17781299.8,87577743.2,436999350
401.6,S,42,7112.36,1551.47,17781299.8,87577749.2,436999368
402.6,S,46,7123.80,1555.25,17781299.8,87577852.5,436999601
403.6,S,42,7137.51,1560.22,17781299.8,87577948.6,436999790
404.6,S,42,7149.23,1565.36,17781299.8,87577948.8,436999793
405.6,S,47,7158.55,1568.15,17781299.8,87578115.1,437000239
406.6,S,43,7172.40,1572.80,17781299.8,87578212.2,437000410
407.6,S,43,7185.19,1577.88,17781299.8,87578212.4,437000411
408.6,S,46,7197.45,1581.71,17781299.8,87578360.2,437000706
409.6,S,42,7210.51,1586.76,17781299.8,87578456.2,437000873
410.6,S,43,7222.22,1591.66,17781299.8,87578519.4,437001002
411.6,S,47,7236.69,1595.84,17781299.8,87578623.1,437001152
412.6,S,43,7250.28,1600.65,17781299.8,87578719.0,437001246
413.6,S,46,7261.18,1605.42,17781299.8,87578856.6,437001373
414.6,S,47,7277.38,1610.41,17781299.8,87578967.6,437001475
415.6,S,44,7292.03,1615.53,17781299.8,87579027.2,437001597
416.6,S,48,7303.92,1619.74,17781299.8,87579130.2,437001788
417.6,S,48,7320.81,1624.55,17781299.8,87579202.7,437001906
418.6,S,44,7335.03,1629.58,17781299.8,87579227.1,437002007
419.6,S,42,7343.31,1633.16,17781299.8,87579462.6,437002544
420.6,S,49,7359.26,1637.69,17781299.8,87579517.8,437002670
421.6,S,45,7374.50,1642.78,17781299.8,87579614.0,437002875
422.6,S,45,7389.00,1647.95,17781299.8,87579623.8,437002893
423.6,S,48,7403.38,1651.78,17781299.8,87579765.1,437003266
424.6,S,43,7417.29,1656.55,17781299.8,87579922.8,437003587
425.6,S,42,7428.87,1661.64,17781299.8,87580048.8,437003817
426.6,S,61,7447.38,1665.67,17781299.8,87580152.2,437003985
427.6,S,57,7476.06,1670.29,17781299.8,87580249.5,437004080
428.6,S,57,7503.46,1674.75,17781299.8,87580249.7,437004083
429.6,S,57,7530.01,1679.18,17781299.8,87580312.9,437004143
430.6,S,61,7559.92,1683.84,17781299.8,87580353.8,437004181
431.6,S,57,7581.95,1687.37,17781299.8,87580641.2,437004789
432.6,S,57,7608.72,1692.40,17781299.8,87580746.8,437004948
433.6,S,57,7633.95,1696.73,17781299.8,87580907.5,437005211
434.6,S,57,7652.24,1698.54,17781299.8,87581315.9,437006069
435.6,S,61,7681.83,1703.28,17781299.8,87581524.9,437006451
436.6,S,57,7708.66,1707.32,17781299.8,87581670.0,437006739
437.6,S,57,7729.64,1709.73,17781299.8,87581727.3,437006793
438.6,S,57,7750.34,1712.38,17781299.8,87582056.8,437007229
439.6,S,57,7769.57,1714.87,17781299.8,87582340.8,437007798
440.6,S,57,7789.06,1717.40,17781299.8,87582550.8,437008253
441.6,S,57,7810.11,1720.06,17781299.8,87582671.7,437008511
442.6,S,57,7828.64,1721.92,17781299.8,87582970.8,437009102
443.6,S,57,7847.75,1723.14,17781299.8,87583142.6,437009318
444.6,S,61,7869.53,1723.98,17781299.8,87583376.9,437009530
445.6,S,57,7889.57,1724.76,17781299.8,87583532.6,437009777
446.7,S,57,7907.66,1725.76,17781299.8,87583658.9,437010197
447.7,S,57,7924.97,1726.75,17781299.8,87583851.4,437010543
448.7,S,56,7942.37,1727.83,17781299.8,87584127.9,437011099
449.7,S,54,7958.47,1728.91,17781299.8,87584416.3,437011646
450.7,S,43,7967.40,1729.88,17781299.8,87585072.8,437012436
451.7,S,44,7975.21,1731.84,17781299.8,87585100.7,437012505
452.7,S,44,7985.77,1733.44,17781299.8,87585101.2,437012510
453.7,S,44,7996.44,1734.92,17781299.8,87585102.1,437012519
454.7,S,44,8007.10,1736.35,17781299.8,87585102.4,437012525
455.7,S,47,8015.81,1737.52,17781299.8,87585260.3,437012900
456.7,S,44,8027.21,1739.25,17781299.8,87585481.6,437013312
457.7,S,44,8037.73,1740.80,17781299.8,87585482.0,437013316
458.7,S,44,8048.16,1742.30,17781299.8,87585482.5,437013319
459.7,S,44,8059.07,1743.80,17781299.8,87585482.8,437013322
460.7,S,43,8068.05,1745.21,17781299.8,87585655.5,437013660
461.7,S,44,8078.09,1746.91,17781299.8,87585762.1,437013961
462.7,S,48,8090.54,1748.48,17781299.8,87585766.1,437013980
463.7,S,44,8102.73,1750.14,17781299.8,87585862.2,437014132
464.7,S,43,8112.91,1751.62,17781299.8,87585913.9,437014245
465.7,S,44,8122.38,1753.19,17781299.8,87586038.8,437014447
466.7,S,44,8133.03,1754.62,17781299.8,87586048.2,437014466
467.7,S,44,8143.72,1756.02,17781299.8,87586133.9,437014589
468.7,S,43,8153.56,1757.49,17781299.8,87586175.2,437014629
469.7,S,46,8165.40,1759.06,17781299.8,87586308.1,437014751
470.7,S,45,8177.62,1760.70,17781299.8,87586404.3,437014837
471.7,S,45,8189.15,1762.23,17781299.8,87586404.6,437014839
472.7,S,45,8200.84,1763.79,17781299.8,87586404.8,437014841
473.7,S,44,8212.17,1765.43,17781299.8,87586462.0,437014901
474.7,S,44,8221.20,1766.87,17781299.8,87586652.3,437015211
475.7,S,44,8231.75,1768.39,17781299.8,87586652.9,437015216
476.7,S,48,8243.25,1769.85,17781299.8,87586755.6,437015363
477.7,S,43,8254.52,1771.42,17781299.8,87586889.3,437015582
478.7,S,43,8264.20,1772.80,17781299.8,87586890.0,437015589
479.7,S,44,8271.74,1774.10,17781299.8,87587014.7,437015983
480.7,S,44,8282.34,1775.61,17781299.8,87587015.1,437015985
481.7,S,44,8292.97,1777.12,17781299.8,87587015.4,437015987
482.7,S,43,8302.67,1778.46,17781299.8,87587052.5,437016028
483.7,S,46,8312.32,1779.94,17781299.8,87587278.7,437016233
484.7,S,45,8326.83,1781.81,17781299.8,87587374.7,437016323
485.7,S,44,8337.53,1783.41,17781299.8,87587388.9,437016343
486.7,S,44,8348.07,1784.89,17781299.8,87587389.4,437016345
487.7,S,44,8358.68,1786.35,17781299.8,87587389.6,437016348
488.7,S,42,8366.53,1787.68,17781299.8,87587576.5,437016831
489.7,S,44,8377.07,1789.13,17781299.8,87587576.8,437016832
490.7,S,48,8386.65,1790.43,17781299.8,87587679.8,437017005
491.7,S,47,8399.95,1792.16,17781299.8,87587748.9,437017130
492.7,S,43,8409.46,1793.67,17781299.8,87587806.1,437017224
493.7,S,44,8418.87,1795.21,17781299.8,87587930.5,437017437
494.7,S,44,8429.50,1796.62,17781299.8,87587931.3,437017445
495.7,S,44,8440.04,1798.13,17781299.8,87587935.0,437017451
496.7,S,43,8449.65,1799.53,17781299.8,87587965.0,437017502
497.7,S,47,8457.40,1800.64,17781299.8,87588117.8,437017759
498.7,S,48,8470.40,1802.23,17781299.8,87588227.6,437017972
499.7,S,43,8480.70,1803.82,17781299.8,87588311.9,437018154
500.7,S,43,8490.27,1805.26,17781299.8,87588312.5,437018155
501.7,S,43,8499.90,1806.73,17781299.8,87588312.7,437018157
502.7,S,44,8508.44,1808.01,17781299.8,87588437.0,437018408
503.7,S,44,8519.17,1809.42,17781299.8,87588437.8,437018410
504.7,S,43,8528.81,1810.86,17781299.8,87588480.6,437018498
505.7,S,47,8539.65,1812.22,17781299.8,87588563.8,437018719
506.7,S,43,8550.28,1813.70,17781299.8,87588660.4,437018806
507.7,S,42,8558.69,1815.07,17781299.8,87588784.3,437018914
508.7,S,57,8578.60,1816.63,17781299.8,87588785.6,437018917
509.7,S,57,8602.24,1818.08,17781299.8,87588785.8,437018917
510.7,S,57,8625.77,1819.43,17781299.8,87588786.1,437018921
511.7,S,61,8651.69,1820.95,17781299.8,87588972.3,437019117
512.7,S,57,8677.27,1822.45,17781299.8,87589158.8,437019427
513.7,S,57,8697.80,1823.91,17781299.8,87589463.3,437020068
514.7,S,57,8719.45,1825.35,17781299.8,87589596.1,437020329
515.7,S,57,8745.50,1829.16,17781299.8,87589675.1,437020577
516.7,S,61,8772.60,1833.00,17781299.8,87589966.9,437021029
517.7,S,57,8801.66,1837.70,17781299.8,87590216.7,437021502
518.7,S,57,8828.94,1842.19,17781299.8,87590357.8,437021625
519.7,S,57,8856.00,1846.95,17781299.8,87590478.1,437021727
520.7,S,57,8871.85,1848.28,17781299.8,87590902.1,437022517
521.7,S,61,8901.04,1852.79,17781299.8,87591075.2,437022898
522.7,S,57,8928.43,1857.13,17781299.8,87591420.8,437023208
523.7,S,57,8955.21,1861.87,17781299.8,87591601.0,437023535
524.7,S,57,8982.18,1866.53,17781299.8,87591726.9,437023812
525.7,S,61,9004.13,1869.03,17781299.8,87591945.5,437024321
526.7,S,61,9034.40,1873.87,17781299.8,87592001.5,437024411
527.7,S,57,9055.14,1876.82,17781299.8,87592307.6,437024911
528.7,S,57,9074.33,1879.29,17781299.8,87592714.2,437025491
529.7,S,55,9094.15,1881.76,17781299.8,87592788.2,437025563
530.7,S,50,9109.33,1884.23,17781299.8,87593252.4,437026310
531.7,S,42,9117.30,1886.93,17781299.8,87593513.5,437026856
532.7,S,50,9127.59,1891.13,17781299.8,87593617.4,437027088
533.7,S,48,9147.10,1895.86,17781299.8,87593667.3,437027176
534.7,S,46,9162.79,1900.79,17781299.8,87593715.4,437027284
535.7,S,50,9176.38,1904.68,17781299.8,87593853.9,437027574
536.7,S,47,9194.69,1909.44,17781299.8,87593935.8,437027768
537.7,S,43,9206.30,1914.16,17781299.8,87594170.2,437028088
538.7,S,48,9218.74,1918.94,17781299.8,87594336.4,437028253
539.7,S,45,9235.65,1923.93,17781299.8,87594409.2,437028317
540.7,S,44,9249.60,1929.03,17781299.8,87594458.4,437028385
541.7,S,47,9260.84,1933.19,17781299.8,87594572.6,437028619
542.7,S,44,9276.18,1938.20,17781299.8,87594706.1,437028846
543.7,S,44,9288.66,1943.22,17781299.8,87594792.5,437029057
544.7,S,48,9299.78,1947.06,17781299.8,87594895.9,437029323
545.7,S,47,9315.82,1952.04,17781299.8,87594988.1,437029510
546.7,S,43,9328.63,1957.04,17781299.8,87595021.3,437029580
547.7,S,47,9339.70,1960.99,17781299.8,87595144.7,437029832
548.7,S,45,9355.68,1966.05,17781299.8,87595319.4,437030120
549.7,S,43,9368.78,1971.58,17781299.8,87595357.4,437030182
550.7,S,47,9379.39,1975.44,17781299.8,87595460.6,437030430
551.7,S,45,9395.70,1980.42,17781299.8,87595508.5,437030512
552.7,S,43,9406.53,1984.66,17781299.8,87595618.2,437030772
553.7,S,48,9419.00,1989.48,17781299.8,87595782.2,437030919
554.7,S,43,9435.08,1994.30,17781299.8,87595891.0,437031019
555.7,S,43,9447.81,1999.35,17781299.8,87595891.4,437031021
556.7,S,47,9459.92,2003.46,17781299.8,87595994.9,437031206
557.7,S,43,9474.79,2008.24,17781299.8,87596128.0,437031482
558.7,S,42,9486.20,2013.53,17781299.8,87596214.6,437031694
559.7,S,61,9501.37,2017.54,17781299.8,87596318.0,437031903
560.7,S,61,9531.95,2022.24,17781299.8,87596318.8,437031904
561.7,S,57,9556.31,2026.29,17781299.8,87596415.4,437032145
562.7,S,57,9583.56,2030.95,17781299.8,87596415.7,437032149
563.7,S,61,9608.81,2034.85,17781299.8,87596558.3,437032357
564.7,S,61,9638.60,2039.65,17781299.8,87596739.3,437032791
565.7,S,57,9663.60,2044.08,17781299.8,87597069.8,437033476
566.7,S,57,9690.68,2048.83,17781299.8,87597147.4,437033545
567.7,S,61,9715.44,2052.68,17781299.8,87597487.3,437033949
568.7,S,61,9745.22,2057.44,17781299.8,87597578.5,437034108
569.7,S,57,9770.44,2061.04,17781299.8,87597714.1,437034372
570.7,S,57,9789.98,2063.73,17781299.9,87598125.7,437035204
571.7,S,57,9810.70,2066.46,17781299.9,87598387.1,437035597
572.7,S,57,9831.73,2068.98,17781299.9,87598388.2,437035601
573.7,S,57,9851.97,2071.33,17781299.9,87598546.6,437036030
574.7,S,57,9871.83,2072.54,17781299.9,87598700.3,437036190
575.7,S,57,9891.91,2073.79,17781299.9,87598885.7,437036359
576.7,S,57,9909.19,2074.88,17781299.9,87599188.5,437036939
577.7,S,57,9924.86,2075.65,17781299.9,87599534.7,437037629
578.7,S,61,9948.09,2076.56,17781299.9,87599572.3,437037695
579.8,S,57,9966.75,2077.57,17781299.9,87599836.3,437038268
580.8,S,57,9983.02,2078.64,17781299.9,87600257.4,437038873
581.8,S,57,10001.40,2079.50,17781299.9,87600368.7,437038966
582.8,S,56,10018.74,2080.52,17781299.9,87600560.2,437039265
583.8,S,56,10035.85,2081.54,17781299.9,87600772.4,437039698
584.8,S,52,10045.49,2082.48,17781299.9,87601286.7,437040630
585.8,S,42,10052.54,2083.38,17781299.9,87601497.8,437041044
586.8,S,44,10060.88,2085.53,17781299.9,87601499.7,437041056
587.8,S,44,10071.48,2087.05,17781299.9,87601500.1,437041060
588.8,S,44,10082.21,2088.58,17781299.9,87601501.8,437041069
589.8,S,48,10091.22,2089.62,17781299.9,87601604.8,437041358
590.8,S,43,10104.34,2091.41,17781299.9,87601758.7,437041497
591.8,S,44,10114.26,2093.06,17781299.9,87601879.2,437041602
592.8,S,44,10124.90,2094.50,17781299.9,87601879.5,437041605
593.8,S,44,10135.47,2095.87,17781299.9,87601880.1,437041608
594.8,S,43,10145.11,2097.25,17781299.9,87601921.3,437041646
595.8,S,44,10154.03,2098.65,17781299.9,87602044.8,437041844
596.8,S,48,10165.51,2100.13,17781299.9,87602148.3,437042048
597.8,S,44,10178.28,2101.70,17781299.9,87602244.3,437042217
598.8,S,43,10188.40,2103.10,17781299.9,87602284.8,437042304
599.8,S,43,10198.29,2104.45,17781299.9,87602284.9,437042306
600.8,S,44,10207.60,2105.85,17781299.9,87602408.6,437042602
601.8,S,44,10218.18,2107.41,17781299.9,87602409.0,437042604
602.8,S,43,10228.55,2108.85,17781299.9,87602533.3,437042810
603.8,S,47,10239.23,2110.36,17781299.9,87602539.6,437042834
604.8,S,43,10250.25,2111.85,17781299.9,87602655.8,437043148
605.8,S,44,10259.77,2113.35,17781299.9,87602758.7,437043310
606.8,S,44,10270.43,2114.86,17781299.9,87602759.7,437043319
607.8,S,43,10280.27,2116.27,17781299.9,87602788.3,437043362
608.8,S,43,10289.92,2117.75,17781299.9,87602788.5,437043364
609.8,S,44,10299.64,2119.32,17781299.9,87602911.5,437043571
610.8,S,47,10309.24,2120.65,17781299.9,87603032.7,437043826
611.8,S,47,10320.57,2122.13,17781299.9,87603106.7,437044053
612.8,S,43,10330.33,2123.58,17781299.9,87603129.1,437044138
613.8,S,43,10340.08,2124.80,17781299.9,87603129.4,437044143
614.8,S,44,10350.27,2126.22,17781299.9,87603252.2,437044250
615.8,S,43,10360.54,2127.55,17781299.9,87603271.7,437044271
616.8,S,43,10370.30,2128.92,17781299.9,87603271.9,437044274
617.8,S,47,10380.17,2130.42,17781299.9,87603375.2,437044370
618.8,S,44,10392.05,2132.03,17781299.9,87603593.3,437044743
619.8,S,44,10402.58,2133.60,17781299.9,87603593.7,437044747
620.8,S,43,10413.17,2135.07,17781299.9,87603624.0,437044848
621.8,S,43,10422.94,2136.42,17781299.9,87603624.3,437044853
622.8,S,43,10432.75,2137.83,17781299.9,87603634.7,437044892
623.8,S,43,10441.94,2139.30,17781299.9,87603747.5,437045076
624.8,S,47,10451.72,2140.63,17781299.9,87603850.6,437045270
625.8,S,43,10463.18,2142.30,17781299.9,87603946.7,437045440
626.8,S,42,10472.32,2143.66,17781299.9,87603991.1,437045553
627.8,S,44,10481.05,2145.11,17781299.9,87604052.9,437045680
628.8,S,43,10490.90,2146.58,17781299.9,87604057.5,437045689
629.8,S,43,10500.66,2147.91,17781299.9,87604057.9,437045692
630.8,S,43,10510.31,2149.26,17781299.9,87604058.1,437045692
631.8,S,47,10520.48,2150.72,17781299.9,87604160.9,437045827
632.8,S,44,10531.81,2152.34,17781299.9,87604380.6,437046243
633.8,S,43,10541.53,2153.79,17781299.9,87604388.3,437046260
634.8,S,43,10551.27,2155.26,17781299.9,87604388.5,437046262
635.8,S,43,10560.86,2156.76,17781299.9,87604388.8,437046266
636.8,S,42,10569.52,2158.16,17781299.9,87604510.9,437046522
637.8,S,43,10579.71,2159.60,17781299.9,87604520.1,437046753
638.8,S,47,10589.49,2160.86,17781299.9,87604623.1,437046888
639.8,S,43,10601.16,2162.43,17781299.9,87604719.1,437047042
640.8,S,43,10610.74,2163.87,17781299.9,87604719.3,437047044
641.8,S,43,10620.39,2165.42,17781299.9,87604848.6,437047160
642.8,S,43,10630.01,2166.99,17781299.9,87604848.9,437047161
643.8,S,43,10639.64,2168.34,17781299.9,87604849.5,437047164
644.8,S,43,10649.42,2169.80,17781299.9,87604850.0,437047168
645.8,S,50,10658.68,2171.08,17781299.9,87605074.8,437047372
646.8,S,45,10673.53,2172.84,17781299.9,87605184.6,437047559
647.8,S,45,10685.14,2174.57,17781299.9,87605185.9,437047566
648.8,S,45,10696.61,2176.15,17781299.9,87605214.2,437047613
649.8,S,45,10708.04,2177.59,17781299.9,87605214.9,437047616
650.8,S,42,10716.25,2178.92,17781299.9,87605460.9,437047987
651.8,S,57,10731.89,2180.47,17781299.9,87605461.1,437047988
652.8,S,61,10755.46,2181.75,17781299.9,87605564.7,437048216
653.8,S,59,10781.19,2183.12,17781299.9,87605613.0,437048321
654.8,S,57,10803.69,2184.49,17781299.9,87605661.8,437048454
655.8,S,57,10823.01,2185.81,17781299.9,87605953.8,437048992
656.8,S,57,10845.90,2187.33,17781299.9,87606141.3,437049282
657.8,S,57,10863.97,2188.60,17781299.9,87606288.6,437049764
658.8,S,61,10888.53,2190.06,17781299.9,87606464.0,437049938
659.8,S,59,10914.39,2191.47,17781299.9,87606598.9,437050057
660.8,S,57,10933.61,2192.76,17781299.9,87606885.3,437050667
661.8,S,57,10955.89,2194.22,17781299.9,87607184.5,437051132
662.8,S,57,10977.62,2195.56,17781299.9,87607415.6,437051546
663.8,S,57,11000.26,2196.93,17781299.9,87607487.2,437051715
664.8,S,61,11018.45,2197.80,17781299.9,87607758.1,437052332
665.8,S,60,11048.06,2201.96,17781299.9,87607995.3,437052605
666.8,S,57,11069.61,2204.72,17781299.9,87608114.9,437052715
667.8,S,57,11088.35,2206.02,17781299.9,87608396.4,437053184
668.8,S,57,11107.71,2207.16,17781299.9,87608573.2,437053610
669.8,S,57,11127.37,2208.29,17781299.9,87608643.4,437053770
670.8,S,57,11146.43,2209.49,17781299.9,87608961.2,437054105
671.8,S,57,11165.89,2210.69,17781299.9,87609204.4,437054459
672.8,S,56,11184.52,2211.95,17781299.9,87609391.8,437054854
673.8,S,56,11203.27,2213.16,17781299.9,87609556.7,437055153
674.8,S,56,11221.36,2214.38,17781299.9,87609726.7,437055479
675.8,S,51,11226.49,2214.61,17781299.9,87610167.1,437056478
676.9,S,46,11238.94,2216.23,17781299.9,87610507.8,437056794
677.9,S,42,11247.52,2218.22,17781299.9,87610602.5,437056971
678.9,S,42,11256.21,2219.72,17781299.9,87610603.0,437056986
679.9,S,42,11264.87,2221.06,17781299.9,87610603.3,437056996
680.9,S,44,11273.39,2222.39,17781299.9,87610666.7,437057106
681.9,S,44,11283.86,2223.93,17781299.9,87610667.1,437057110
682.9,S,43,11293.96,2225.39,17781299.9,87610687.7,437057150
683.9,S,47,11304.89,2226.83,17781299.9,87610790.4,437057324
684.9,S,43,11315.49,2228.36,17781299.9,87610886.1,437057494
685.9,S,44,11324.70,2229.73,17781299.9,87611009.1,437057716
686.9,S,43,11334.67,2231.17,17781299.9,87611018.7,437057750
687.9,S,43,11344.24,2232.66,17781299.9,87611019.3,437057754
688.9,S,43,11353.84,2234.06,17781299.9,87611028.3,437057797
689.9,S,42,11363.43,2235.37,17781299.9,87611195.5,437058237
690.9,S,47,11375.53,2237.12,17781299.9,87611245.4,437058372
691.9,S,43,11385.35,2238.63,17781299.9,87611341.7,437058535
692.9,S,43,11395.10,2239.91,17781299.9,87611341.9,437058537
693.9,S,42,11404.61,2241.38,17781299.9,87611395.3,437058622
694.9,S,43,11412.92,2242.90,17781299.9,87611550.4,437058947
695.9,S,43,11422.57,2244.16,17781299.9,87611550.7,437058952
696.9,S,43,11432.23,2245.58,17781299.9,87611551.2,437058955
697.9,S,47,11444.36,2247.25,17781299.9,87611560.9,437058993
698.9,S,43,11454.83,2248.63,17781299.9,87611702.4,437059285
699.9,S,43,11463.37,2249.97,17781299.9,87611779.3,437059484
700.9,S,43,11473.18,2251.34,17781299.9,87611779.6,437059486
701.9,S,43,11482.90,2252.85,17781299.9,87611780.2,437059492
702.9,S,43,11492.52,2254.38,17781299.9,87611780.4,437059493
703.9,S,43,11501.59,2255.82,17781299.9,87611900.0,437059601
704.9,S,47,11513.60,2257.26,17781299.9,87612003.2,437059700
705.9,S,43,11523.70,2258.73,17781299.9,87612099.3,437059796
706.9,S,43,11533.43,2260.04,17781299.9,87612099.8,437059797
707.9,S,42,11542.94,2261.40,17781299.9,87612178.7,437060051
708.9,S,43,11551.80,2262.79,17781299.9,87612219.4,437060257
709.9,S,43,11561.48,2264.25,17781299.9,87612220.0,437060268
710.9,S,43,11571.11,2265.83,17781299.9,87612220.2,437060270
711.9,S,47,11581.74,2267.24,17781299.9,87612322.9,437060470
712.9,S,45,11591.56,2268.75,17781299.9,87612538.1,437060876
713.9,S,44,11602.31,2270.19,17781299.9,87612539.8,437060889
714.9,S,44,11612.74,2271.65,17781299.9,87612540.2,437060892
715.9,S,44,11623.44,2273.15,17781299.9,87612540.6,437060897
716.9,S,44,11634.11,2274.58,17781299.9,87612540.7,437060900
717.9,S,43,11641.83,2275.84,17781299.9,87612724.4,437061243
718.9,S,47,11651.49,2277.23,17781299.9,87612827.3,437061418
719.9,S,43,11663.19,2278.78,17781299.9,87612923.6,437061633
720.9,S,43,11672.88,2280.28,17781299.9,87612923.8,437061635
721.9,S,43,11681.79,2281.73,17781299.9,87613043.5,437061974
722.9,S,43,11691.50,2283.18,17781299.9,87613043.8,437061976
723.9,S,43,11701.07,2284.60,17781299.9,87613044.4,437061981
724.9,S,43,11710.74,2286.04,17781299.9,87613044.8,437061987
725.9,S,46,11718.22,2287.11,17781299.9,87613202.8,437062300
726.9,S,45,11731.16,2288.80,17781299.9,87613363.5,437062573
727.9,S,44,11741.76,2290.27,17781299.9,87613364.4,437062583
728.9,S,44,11752.35,2291.80,17781299.9,87613364.9,437062586
729.9,S,44,11762.99,2293.42,17781299.9,87613365.2,437062591
730.9,S,44,11771.79,2294.63,17781299.9,87613513.3,437062900
731.9,S,43,11780.54,2295.98,17781299.9,87613817.3,437063541
732.9,S,43,11789.91,2297.45,17781302.8,87613827.6,437063603
733.9,S,47,11802.93,2299.29,17781304.4,87613831.1,437063623
734.9,S,43,11812.42,2300.72,17781304.4,87614042.4,437063823
735.9,S,43,11821.38,2302.15,17781304.4,87614054.7,437063846
736.9,S,43,11830.83,2303.73,17781304.4,87614054.8,437063847
737.9,S,43,11840.62,2305.12,17781304.4,87614055.0,437063849
738.9,S,42,11849.84,2306.56,17781304.4,87614097.8,437063891
739.9,S,43,11858.42,2307.92,17781304.4,87614159.2,437063947
740.9,S,47,11870.34,2309.48,17781304.4,87614180.1,437064035
741.9,S,43,11880.47,2310.81,17781304.4,87614276.1,437064227
742.9,S,42,11889.96,2312.21,17781304.4,87614318.8,437064296
743.9,S,42,11898.69,2313.62,17781304.4,87614319.0,437064298
744.9,S,42,11907.34,2315.05,17781304.4,87614380.5,437064432
745.9,S,57,11926.69,2316.54,17781304.4,87614381.3,437064434
746.9,S,61,11949.84,2317.84,17781304.4,87614427.4,437064540
748.0,S,61,11977.01,2319.21,17781304.4,87614427.7,437064544
749.0,S,57,12000.81,2320.62,17781304.4,87614562.5,437064794
750.0,S,57,12024.27,2322.12,17781304.4,87614610.2,437064906
751.0,S,57,12044.70,2323.60,17781304.4,87614845.2,437065435
752.0,S,57,12065.85,2325.25,17781304.4,87615179.0,437066006
753.0,S,61,12092.87,2328.56,17781304.4,87615274.5,437066208
754.0,S,61,12121.23,2333.09,17781304.4,87615776.6,437066746
755.0,S,57,12147.87,2337.76,17781304.4,87615851.8,437066872
756.0,S,57,12174.65,2342.82,17781304.4,87615908.0,437066966
757.0,S,57,12192.94,2345.01,17781304.4,87616176.2,437067655
758.0,S,61,12209.58,2346.92,17781304.4,87616487.1,437068310
759.0,S,61,12238.87,2351.43,17781304.4,87616618.8,437068558
760.0,S,57,12260.00,2354.39,17781304.4,87616765.8,437068840
761.0,S,57,12280.72,2356.71,17781304.4,87617046.2,437069130
762.0,S,57,12301.07,2359.35,17781304.4,87617293.2,437069560
763.0,S,57,12320.37,2361.87,17781304.4,87617516.5,437069978
764.0,S,57,12340.77,2364.33,17781304.4,87617736.6,437070354
765.0,S,57,12361.20,2366.49,17781304.4,87617855.7,437070559
766.0,S,57,12380.95,2367.64,17781304.4,87618002.3,437070941
767.0,S,57,12400.09,2368.80,17781304.4,87618207.8,437071327
768.0,S,60,12419.11,2369.71,17781304.4,87618594.4,437071851
769.0,S,56,12437.47,2370.60,17781304.4,87618820.4,437072258
770.0,S,56,12454.97,2371.50,17781304.4,87618905.2,437072393
771.0,S,45,12463.82,2372.49,17781304.4,87619452.2,437073361
772.0,S,42,12470.01,2373.67,17781304.4,87619597.8,437073661
773.0,S,44,12479.17,2375.56,17781304.4,87619599.8,437073674
774.0,S,44,12489.85,2377.00,17781304.4,87619600.3,437073685
775.0,S,43,12500.17,2378.36,17781304.4,87619627.2,437073743
776.0,S,43,12509.90,2379.75,17781304.4,87619627.4,437073746
777.0,S,43,12516.88,2380.88,17781304.4,87619783.6,437074032
778.0,S,47,12528.44,2382.38,17781304.4,87619861.3,437074211
779.0,S,43,12538.94,2383.96,17781304.4,87619957.1,437074300
780.0,S,43,12548.67,2385.25,17781304.4,87619957.4,437074301
781.0,S,43,12558.43,2386.73,17781304.4,87619957.6,437074305
782.0,S,44,12567.96,2388.26,17781304.4,87620078.9,437074412
783.0,S,43,12578.17,2389.64,17781304.4,87620089.9,437074425
784.0,S,47,12587.36,2390.92,17781304.4,87620193.8,437074531
785.0,S,47,12599.81,2392.45,17781304.4,87620240.6,437074647
786.0,S,43,12609.51,2393.97,17781304.4,87620290.8,437074774
787.0,S,44,12618.40,2395.49,17781304.4,87620411.6,437075052
788.0,S,43,12628.83,2396.93,17781304.4,87620430.4,437075088
789.0,S,43,12638.40,2398.37,17781304.4,87620430.9,437075091
790.0,S,43,12648.21,2399.80,17781304.4,87620431.4,437075096
791.0,S,42,12655.23,2400.85,17781304.4,87620632.1,437075533
792.0,S,47,12667.78,2402.59,17781304.4,87620655.1,437075580
793.0,S,43,12677.27,2404.16,17781304.4,87620751.4,437075760
794.0,S,43,12687.10,2405.57,17781304.4,87620752.1,437075766
795.0,S,42,12696.45,2407.07,17781304.4,87620805.1,437075852
796.0,S,43,12705.13,2408.70,17781304.4,87620867.2,437075943
797.0,S,43,12714.96,2410.06,17781304.4,87620868.0,437075957
798.0,S,47,12723.41,2411.17,17781304.4,87620970.8,437076171
799.0,S,47,12736.29,2412.87,17781304.4,87621042.7,437076266
800.0,S,42,12745.00,2414.21,17781304.4,87621118.2,437076392
801.0,S,43,12754.13,2415.67,17781304.4,87621179.8,437076489
802.0,S,43,12763.78,2417.05,17781304.4,87621179.9,437076492
803.0,S,43,12773.42,2418.46,17781304.4,87621180.3,437076496
804.0,S,42,12782.74,2419.92,17781304.4,87621231.3,437076636
805.0,S,43,12791.09,2421.27,17781304.4,87621306.8,437076831
806.0,S,47,12802.77,2422.74,17781304.4,87621395.3,437076971
807.0,S,43,12812.68,2424.13,17781304.4,87621491.4,437077056
808.0,S,43,12822.30,2425.57,17781304.4,87621491.7,437077059
809.0,S,43,12831.01,2427.09,17781304.4,87621602.1,437077161
810.0,S,43,12840.71,2428.49,17781304.4,87621602.3,437077164
811.0,S,43,12850.20,2429.98,17781304.4,87621603.1,437077173
812.0,S,43,12859.87,2431.33,17781304.4,87621603.8,437077179
813.0,S,46,12870.05,2432.78,17781304.4,87621797.8,437077405
814.0,S,43,12880.51,2434.29,17781304.4,87621913.6,437077609
815.0,S,43,12890.18,2435.66,17781304.4,87621913.8,437077612
816.0,S,43,12900.03,2437.02,17781304.4,87621914.0,437077614
817.0,S,42,12909.20,2438.38,17781304.4,87621965.7,437077704
818.0,S,43,12918.11,2439.95,17781304.4,87622026.7,437077834
819.0,S,43,12927.76,2441.38,17781304.4,87622027.0,437077839
820.0,S,46,12936.59,2442.51,17781304.4,87622164.6,437078171
821.0,S,42,12946.96,2444.00,17781304.4,87622260.6,437078363
822.0,S,43,12955.36,2445.43,17781304.4,87622322.1,437078541
823.0,S,43,12965.05,2446.96,17781304.4,87622322.5,437078546
824.0,S,42,12974.56,2448.34,17781304.4,87622348.8,437078596
825.0,S,42,12983.41,2449.65,17781304.4,87622349.1,437078600
826.0,S,42,12992.08,2451.12,17781304.4,87622349.3,437078602
827.0,S,47,13000.76,2452.41,17781304.4,87622512.9,437078991
828.0,S,43,13012.31,2454.05,17781304.4,87622609.7,437079191
829.0,S,43,13021.99,2455.49,17781304.4,87622610.0,437079196
830.0,S,43,13031.62,2456.93,17781304.4,87622610.4,437079201
831.0,S,42,13040.34,2458.47,17781304.4,87622722.1,437079498
832.0,S,43,13049.95,2459.90,17781304.4,87622722.6,437079502
833.0,S,43,13059.57,2461.36,17781304.4,87622722.8,437079508
834.0,S,47,13069.49,2462.68,17781304.4,87622826.4,437079690
835.0,S,42,13080.59,2464.31,17781304.4,87622971.8,437079832
836.0,S,43,13089.80,2465.51,17781304.4,87623032.7,437079888
837.0,S,43,13099.49,2466.92,17781304.4,87623033.0,437079890
838.0,S,43,13109.13,2468.33,17781304.4,87623033.3,437079893
839.0,S,43,13118.71,2469.79,17781304.4,87623066.3,437079923
840.0,S,43,13127.75,2471.21,17781304.4,87623145.3,437079998
841.0,S,47,13138.01,2472.70,17781304.4,87623248.1,437080136
842.0,S,43,13148.96,2474.16,17781304.4,87623344.2,437080364
843.0,S,43,13158.62,2475.70,17781304.4,87623344.4,437080367
844.0,S,42,13167.75,2477.17,17781304.4,87623395.9,437080462
845.0,S,42,13176.32,2478.34,17781304.4,87623457.0,437080602
846.0,S,57,13192.05,2479.82,17781304.4,87623457.4,437080607
847.0,S,57,13214.81,2481.20,17781304.4,87623542.6,437080749
848.0,S,61,13241.45,2482.58,17781304.4,87623589.3,437080849
849.0,S,57,13265.89,2483.91,17781304.4,87623758.2,437081251
850.0,S,57,13289.06,2485.31,17781304.4,87623807.9,437081434
851.0,S,57,13313.48,2487.85,17781304.4,87623927.1,437081690
852.0,S,57,13333.00,2491.29,17781304.4,87624324.9,437082446
853.0,S,61,13359.84,2494.99,17781304.4,87624504.2,437082810
854.0,S,60,13388.35,2499.58,17781304.4,87624722.1,437083262
855.0,S,57,13409.25,2501.97,17781304.4,87624785.3,437083366
856.0,S,57,13429.00,2504.27,17781304.4,87625077.2,437083843
857.0,S,57,13448.43,2505.34,17781304.4,87625265.5,437084019
858.0,S,57,13467.81,2506.48,17781304.4,87625377.4,437084260
859.0,S,57,13484.09,2507.62,17781304.4,87625709.6,437084974
860.0,S,57,13503.87,2508.87,17781304.4,87625842.4,437085261
861.0,S,57,13521.69,2510.07,17781304.4,87626155.3,437085866
862.0,S,57,13541.46,2511.21,17781304.4,87626156.3,437085868
863.0,S,61,13560.23,2511.92,17781304.4,87626439.6,437086407
864.0,S,61,13582.01,2512.65,17781304.4,87626765.8,437086711
865.0,S,57,13597.57,2513.70,17781304.4,87627232.5,437087662
866.0,S,57,13615.47,2514.63,17781304.4,87627361.5,437087926
867.0,S,57,13633.63,2515.63,17781304.4,87627491.7,437088257
868.0,S,56,13651.25,2516.57,17781304.4,87627716.0,437088713
869.0,S,56,13667.95,2517.54,17781304.4,87627936.3,437089058
870.0,S,56,13685.44,2518.46,17781304.4,87628141.6,437089239
871.0,S,53,13698.94,2519.28,17781304.4,87628428.8,437089790
872.1,S,42,13704.48,2520.33,17781304.4,87628825.7,437090640
873.1,S,44,13713.30,2522.25,17781304.4,87628826.9,437090645
874.1,S,44,13723.23,2523.63,17781304.4,87628922.9,437090820
875.1,S,44,13733.99,2525.14,17781304.4,87628923.2,437090825
876.1,S,47,13745.57,2526.78,17781304.4,87628972.7,437090906
877.1,S,43,13756.96,2528.16,17781304.4,87629068.6,437091082
878.1,S,44,13766.57,2529.64,17781304.4,87629190.2,437091290
879.1,S,44,13777.08,2531.19,17781304.4,87629279.7,437091407
880.1,S,44,13787.71,2532.57,17781304.4,87629280.3,437091412
881.1,S,43,13797.92,2533.98,17781304.4,87629324.9,437091516
882.1,S,44,13807.21,2535.31,17781304.4,87629445.6,437091655
883.1,S,47,13819.19,2536.80,17781304.4,87629467.2,437091695
884.1,S,43,13830.05,2538.26,17781304.4,87629645.7,437091853
885.1,S,43,13839.83,2539.58,17781304.4,87629645.9,437091855
886.1,S,43,13849.47,2541.01,17781304.4,87629646.5,437091860
887.1,S,43,13858.62,2542.45,17781304.4,87629766.8,437091992
888.1,S,43,13868.47,2543.95,17781304.4,87629767.0,437091993
889.1,S,43,13878.10,2545.38,17781304.4,87629767.5,437091994
890.1,S,47,13889.93,2546.86,17781304.4,87629788.1,437092036
891.1,S,42,13898.96,2548.34,17781304.4,87630004.1,437092527
892.1,S,43,13908.55,2549.72,17781304.4,87630004.8,437092531
893.1,S,43,13918.37,2551.09,17781304.4,87630004.9,437092533
894.1,S,43,13927.95,2552.56,17781304.4,87630005.2,437092535
895.1,S,43,13937.53,2554.01,17781304.4,87630110.9,437092733
896.1,S,45,13947.71,2555.49,17781304.4,87630220.3,437092991
897.1,S,49,13961.12,2557.24,17781304.4,87630228.6,437093022
898.1,S,45,13973.68,2558.88,17781304.4,87630324.9,437093267
899.1,S,45,13985.11,2560.55,17781304.4,87630325.1,437093269
900.1,S,45,13995.54,2562.22,17781304.4,87630450.2,437093597
901.1,S,43,14003.55,2563.57,17781304.4,87630568.4,437093794
902.1,S,43,14013.29,2564.96,17781304.4,87630568.7,437093797
903.1,S,43,14022.95,2566.53,17781304.4,87630569.3,437093802
904.1,S,47,14032.47,2567.85,17781304.4,87630671.9,437093996
905.1,S,42,14042.64,2569.48,17781304.4,87630883.2,437094442
906.1,S,45,14054.16,2571.17,17781304.4,87630883.6,437094447
907.1,S,44,14065.01,2572.72,17781304.4,87630901.8,437094481
908.1,S,44,14075.73,2574.20,17781304.4,87630902.2,437094485
909.1,S,44,14086.45,2575.72,17781304.4,87630902.7,437094488
910.1,S,43,14094.91,2577.12,17781304.4,87631083.7,437094848
911.1,S,47,14103.74,2578.26,17781304.4,87631186.4,437095137
912.1,S,42,14115.28,2579.88,17781304.4,87631302.9,437095340
913.1,S,42,14124.08,2581.33,17781304.4,87631303.1,437095342
914.1,S,42,14132.66,2582.62,17781304.4,87631363.7,437095445
915.1,S,43,14142.20,2584.03,17781304.4,87631364.7,437095450
916.1,S,43,14151.83,2585.46,17781304.4,87631364.9,437095452
917.1,S,43,14161.55,2586.89,17781304.4,87631365.3,437095460
918.1,S,46,14171.21,2588.32,17781304.4,87631513.8,437095636
919.1,S,43,14182.31,2589.90,17781304.4,87631670.1,437095773
920.1,S,43,14191.89,2591.21,17781304.4,87631671.2,437095778
921.1,S,43,14201.56,2592.60,17781304.4,87631671.4,437095781
922.1,S,42,14210.89,2593.95,17781304.4,87631717.2,437095825
923.1,S,43,14219.69,2595.39,17781304.4,87631777.8,437095884
924.1,S,43,14229.38,2596.83,17781304.4,87631778.0,437095886
925.1,S,47,14237.26,2597.96,17781304.4,87631881.3,437096178
926.1,S,47,14249.70,2599.56,17781304.4,87631953.2,437096307
927.1,S,42,14258.34,2600.84,17781304.4,87632022.7,437096480
928.1,S,43,14267.70,2602.22,17781304.4,87632083.0,437096593
929.1,S,43,14277.38,2603.67,17781304.4,87632083.2,437096594
930.1,S,43,14287.01,2605.09,17781304.4,87632083.8,437096603
931.1,S,42,14296.06,2606.57,17781304.4,87632130.0,437096758
932.1,S,46,14302.76,2607.79,17781304.4,87632293.0,437097050
933.1,S,49,14317.85,2609.63,17781304.4,87632309.6,437097090
934.1,S,44,14328.65,2611.30,17781304.4,87632415.9,437097405
935.1,S,44,14339.21,2612.86,17781304.4,87632416.6,437097410
936.1,S,44,14349.77,2614.41,17781304.4,87632416.9,437097415
937.1,S,44,14358.84,2615.97,17781304.4,87632599.6,437097713
938.1,S,44,14369.32,2617.48,17781304.4,87632599.8,437097714
939.1,S,44,14378.31,2618.75,17781304.4,87632655.8,437097910
940.1,S,47,14390.66,2620.34,17781304.4,87632738.9,437098052
941.1,S,43,14400.27,2621.88,17781304.4,87632834.8,437098202
942.1,S,43,14409.49,2623.44,17781304.4,87632956.7,437098353
943.1,S,43,14418.99,2624.90,17781304.4,87632956.9,437098356
944.1,S,42,14428.47,2626.30,17781304.4,87632992.6,437098391
945.1,S,42,14437.29,2627.68,17781304.4,87632992.8,437098393
946.1,S,43,14445.45,2629.09,17781304.4,87633144.5,437098527
947.1,S,47,14458.67,2630.83,17781304.4,87633158.0,437098541
948.1,S,43,14468.21,2632.24,17781304.4,87633253.6,437098650
949.1,S,42,14477.03,2633.53,17781304.4,87633288.0,437098705
950.1,S,42,14485.51,2634.87,17781304.4,87633348.9,437098799
951.1,S,42,14494.47,2636.23,17781304.4,87633349.1,437098802
952.1,S,57,14517.62,2637.74,17781304.4,87633350.6,437098811
953.1,S,61,14541.80,2638.90,17781304.4,87633454.0,437099001
954.1,S,59,14568.27,2640.17,17781304.4,87633502.3,437099125
955.1,S,57,14591.46,2641.59,17781304.4,87633592.7,437099308
956.1,S,57,14614.16,2643.12,17781304.4,87633776.6,437099658
957.2,S,57,14631.30,2644.45,17781304.4,87634182.9,437100633
958.2,S,57,14654.02,2645.96,17781304.4,87634316.5,437100890
959.2,S,61,14679.12,2647.26,17781304.4,87634503.8,437101137
960.2,S,57,14703.34,2648.52,17781304.4,87634694.4,437101309
961.2,S,57,14720.82,2649.59,17781304.4,87634855.4,437101663
962.2,S,57,14737.19,2650.73,17781304.4,87635264.6,437102400
963.2,S,57,14754.92,2652.01,17781304.4,87635551.7,437103021
964.2,S,57,14774.17,2653.14,17781304.4,87635601.1,437103106
965.2,S,57,14792.91,2654.22,17781304.4,87635793.3,437103487
966.2,S,57,14811.48,2655.40,17781304.4,87635951.3,437103746
967.2,S,57,14830.73,2656.43,17781304.4,87635968.8,437103791
968.2,S,57,14849.11,2657.44,17781304.4,87636160.5,437104172
969.2,S,57,14866.79,2658.62,17781304.4,87636558.6,437104877
970.2,S,57,14885.73,2659.58,17781304.4,87636642.8,437104954
971.2,S,57,14901.16,2660.21,17781304.4,87637030.9,437105560
972.2,S,61,14921.12,2661.19,17781304.4,87637280.3,437105951
973.2,S,57,14938.28,2662.08,17781304.4,87637524.9,437106446
974.2,S,57,14953.74,2662.91,17781304.4,87637776.7,437106954
975.2,S,56,14971.12,2663.79,17781304.4,87637836.6,437107087
976.2,S,56,14988.16,2664.73,17781304.4,87637974.8,437107349
977.2,S,48,15000.92,2665.63,17781304.4,87638625.9,437108171
978.2,S,42,15007.26,2666.76,17781304.4,87638826.1,437108591
979.2,S,44,15016.26,2668.76,17781304.4,87638828.5,437108598
980.2,S,43,15026.55,2670.19,17781304.4,87638845.0,437108651
981.2,S,43,15036.20,2671.62,17781304.4,87638845.7,437108656
982.2,S,43,15045.82,2673.13,17781304.4,87638845.9,437108658
983.2,S,46,15057.27,2674.69,17781304.4,87638924.2,437108871
984.2,S,43,15067.88,2676.26,17781304.4,87639080.5,437109143
985.2,S,43,15077.56,2677.62,17781304.4,87639109.4,437109260
986.2,S,43,15087.20,2679.08,17781304.4,87639112.3,437109264
987.2,S,42,15096.08,2680.48,17781304.4,87639152.1,437109334
988.2,S,43,15104.87,2681.98,17781304.4,87639309.8,437109604
989.2,S,43,15114.38,2683.58,17781304.4,87639310.1,437109609
990.2,S,47,15126.59,2685.13,17781304.4,87639318.1,437109637
991.2,S,43,15137.12,2686.68,17781304.4,87639414.4,437109840
992.2,S,43,15146.71,2688.15,17781304.4,87639457.5,437109916
993.2,S,43,15155.54,2689.63,17781304.4,87639625.4,437110133
994.2,S,43,15165.34,2690.96,17781304.4,87639625.6,437110135
995.2,S,43,15175.06,2692.47,17781304.4,87639625.9,437110140
996.2,S,42,15184.82,2693.71,17781304.4,87639681.1,437110191
997.2,S,48,15197.62,2695.49,17781304.4,87639754.6,437110267
998.2,S,44,15208.72,2697.19,17781304.4,87639850.8,437110358
999.2,S,44,15219.28,2698.75,17781304.4,87639851.0,437110361
1000.2,S,44,15230.06,2700.26,17781304.4,87639851.3,437110364
1001.2,S,43,15239.44,2701.72,17781304.4,87640025.6,437110743
1002.2,S,44,15249.76,2703.23,17781304.4,87640026.7,437110771
1003.2,S,48,15258.18,2704.37,17781304.4,87640129.5,437111044
1004.2,S,47,15271.90,2706.02,17781304.4,87640179.8,437111126
1005.2,S,43,15281.55,2707.43,17781304.4,87640257.4,437111263
1006.2,S,43,15290.22,2708.90,17781304.4,87640377.3,437111509
1007.2,S,43,15300.00,2710.37,17781304.4,87640377.6,437111511
1008.3,S,43,15309.67,2711.78,17781304.4,87640378.4,437111513
1009.3,S,42,15319.10,2713.22,17781304.4,87640422.5,437111608
1010.3,S,42,15325.85,2714.28,17781304.4,87640557.0,437111864
1011.3,S,47,15338.33,2715.95,17781304.4,87640586.2,437111921
1012.3,S,43,15347.75,2717.38,17781304.4,87640682.1,437112116
1013.3,S,42,15357.29,2718.87,17781304.4,87640723.1,437112188
1014.3,S,42,15366.13,2720.19,17781304.4,87640723.2,437112190
1015.3,S,43,15375.01,2721.65,17781304.4,87640783.8,437112367
1016.3,S,43,15384.87,2722.96,17781304.4,87640784.0,437112370
1017.3,S,42,15392.66,2724.19,17781304.4,87640915.8,437112636
1018.3,S,46,15404.74,2725.90,17781304.4,87640928.6,437112665
1019.3,S,43,15413.03,2727.22,17781304.4,87641072.8,437112863
1020.3,S,43,15422.66,2728.58,17781304.4,87641073.0,437112865
1021.3,S,43,15432.39,2729.90,17781304.4,87641073.2,437112870
1022.3,S,42,15441.92,2731.33,17781304.4,87641113.5,437112906
1023.3,S,42,15450.68,2732.74,17781304.4,87641114.2,437112908
1024.3,S,47,15459.47,2734.13,17781304.4,87641277.1,437113056
1025.3,S,47,15472.62,2735.80,17781304.4,87641325.2,437113102
1026.3,S,43,15482.58,2737.20,17781304.4,87641376.3,437113221
1027.3,S,42,15491.54,2738.55,17781304.4,87641413.6,437113291
1028.3,S,43,15500.46,2740.05,17781304.4,87641473.9,437113389
1029.3,S,43,15510.21,2741.30,17781304.4,87641474.4,437113397
1030.3,S,43,15519.81,2742.70,17781304.4,87641475.0,437113401
1031.3,S,46,15527.60,2743.94,17781304.4,87641619.6,437113644
1032.3,S,47,15539.92,2745.65,17781304.4,87641703.5,437113789
1033.3,S,43,15549.49,2747.16,17781304.4,87641775.9,437113922
1034.3,S,43,15559.21,2748.60,17781304.4,87641776.4,437113926
1035.3,S,42,15568.59,2750.04,17781304.4,87641816.3,437114022
1036.3,S,42,15577.43,2751.40,17781304.4,87641816.5,437114024
1037.3,S,43,15586.56,2752.88,17781304.4,87641876.9,437114143
1038.3,S,43,15594.14,2754.02,17781304.4,87641893.2,437114406
1039.3,S,47,15605.80,2755.58,17781304.4,87641980.3,437114552
1040.3,S,42,15614.46,2757.10,17781304.4,87642117.2,437114894
1041.3,S,43,15623.16,2758.57,17781304.4,87642177.8,437114971
1042.3,S,43,15632.72,2760.07,17781304.4,87642177.9,437114974
1043.3,S,43,15642.37,2761.47,17781304.4,87642178.2,437114984
1044.3,S,42,15651.69,2762.83,17781304.4,87642219.5,437115049
1045.3,S,42,15660.09,2764.15,17781304.4,87642279.8,437115158
1046.3,S,48,15671.81,2765.58,17781304.4,87642383.0,437115344
1047.3,S,44,15683.76,2767.18,17781304.4,87642479.2,437115502
1048.3,S,44,15694.35,2768.65,17781304.4,87642479.3,437115504
1049.3,S,43,15703.97,2770.19,17781304.4,87642522.9,437115547
1050.3,S,43,15713.11,2771.64,17781304.4,87642642.8,437115652
1051.3,S,43,15722.94,2773.02,17781304.4,87642643.4,437115657
1052.3,S,43,15732.73,2774.47,17781304.4,87642643.9,437115659
1053.3,S,46,15744.57,2776.15,17781304.4,87642786.0,437115784
1054.3,S,42,15753.86,2777.52,17781304.4,87642881.9,437115941
1055.3,S,44,15764.17,2779.08,17781304.4,87642946.0,437116048
1056.3,S,44,15774.95,2780.68,17781304.4,87642946.7,437116050
1057.3,S,44,15785.50,2782.15,17781304.4,87642947.3,437116054
1058.3,S,44,15796.20,2783.63,17781304.4,87642947.5,437116056
1059.3,S,43,15804.12,2784.93,17781304.4,87643130.6,437116425
1060.3,S,47,15815.47,2786.28,17781304.4,87643229.8,437116606
1061.3,S,43,15825.59,2787.67,17781304.4,87643325.9,437116775
1062.3,S,42,15834.95,2789.12,17781304.4,87643365.5,437116893
1063.3,S,42,15843.57,2790.53,17781304.4,87643366.0,437116902
1064.3,S,42,15852.03,2791.86,17781304.4,87643426.5,437117056
1065.3,S,57,15869.12,2793.32,17781304.4,87643427.3,437117069
1066.3,S,61,15891.10,2794.46,17781304.4,87643530.1,437117288
1067.3,S,61,15918.30,2795.83,17781304.4,87643530.9,437117289
1068.3,S,57,15940.41,2796.97,17781304.4,87643627.6,437117440
1069.3,S,57,15957.09,2798.02,17781304.4,87643823.8,437117888
1070.3,S,57,15975.47,2799.09,17781304.4,87644208.7,437118371
1071.3,S,57,15993.77,2800.10,17781304.4,87644465.8,437118773
1072.3,S,57,16012.53,2800.93,17781304.4,87644532.0,437118916
1073.3,S,57,16031.33,2801.86,17781304.4,87644532.5,437118921
1074.3,S,57,16049.45,2802.90,17781304.4,87644791.5,437119496
1075.3,S,57,16064.48,2804.02,17781304.4,87645202.4,437120375
1076.3,S,57,16083.42,2805.04,17781304.4,87645268.3,437120482
1077.3,S,57,16101.99,2806.08,17781304.4,87645576.3,437120863
1078.3,S,57,16120.87,2807.00,17781304.4,87645576.8,437120866
1079.3,S,57,16139.25,2808.06,17781304.4,87645904.6,437121285
1080.3,S,57,16151.90,2808.56,17781304.4,87646088.6,437121845
1081.3,S,57,16162.35,2808.82,17781304.4,87646430.2,437122846
1082.3,S,61,16180.61,2809.74,17781304.4,87646572.6,437123333
1083.3,S,57,16200.06,2810.58,17781304.4,87646786.1,437123629
1084.3,S,57,16217.68,2811.38,17781304.4,87647042.4,437123974
1085.3,S,57,16234.98,2812.06,17781304.4,87647190.5,437124243
1086.3,S,57,16249.83,2812.88,17781304.4,87647577.6,437125012
1087.4,S,57,16267.92,2813.70,17781304.4,87647774.9,437125383
1088.4,S,56,16284.73,2814.50,17781304.4,87647984.3,437125794
1089.4,S,56,16301.57,2815.30,17781304.4,87648089.4,437126035
1090.4,S,55,16317.78,2816.07,17781304.4,87648239.4,437126441
1091.4,S,50,16328.38,2816.74,17781304.4,87648593.4,437127234
1092.4,S,42,16333.33,2817.83,17781304.4,87648975.5,437128043
1093.4,S,44,16342.07,2819.91,17781304.4,87648976.6,437128047
1094.4,S,44,16352.70,2821.38,17781304.4,87648978.2,437128052
1095.4,S,44,16363.11,2822.96,17781304.4,87648978.8,437128057
1096.4,S,47,16374.38,2824.46,17781304.4,87649036.7,437128173
1097.5,S,43,16384.36,2825.80,17781304.4,87649188.6,437128503
1098.5,S,44,16393.69,2827.29,17781304.4,87649308.2,437128771
1099.5,S,43,16403.95,2828.85,17781304.4,87649323.3,437128818
1100.5,S,43,16413.56,2830.45,17781304.4,87649324.6,437128824
1101.5,S,43,16423.18,2831.84,17781304.4,87649324.9,437128829
1102.5,S,43,16431.58,2833.14,17781304.4,87649429.4,437129029
1103.5,S,47,16441.66,2834.58,17781304.4,87649512.9,437129195
1104.5,S,43,16453.24,2836.14,17781304.4,87649609.1,437129368
1105.5,S,43,16462.94,2837.65,17781304.4,87649609.7,437129375
1106.5,S,42,16472.07,2839.08,17781304.4,87649657.8,437129466
1107.5,S,43,16481.08,2840.59,17781304.4,87649717.6,437129593
1108.5,S,43,16490.79,2842.10,17781304.4,87649717.9,437129594
1109.5,S,43,16500.36,2843.44,17781304.4,87649718.1,437129596
1110.5,S,47,16510.35,2844.92,17781304.4,87649775.6,437129761
1111.5,S,42,16521.81,2846.45,17781304.4,87649923.6,437129974
1112.5,S,43,16531.45,2847.86,17781304.4,87649968.9,437130021
1113.5,S,43,16541.17,2849.30,17781304.4,87650056.8,437130097
1114.5,S,43,16550.94,2850.61,17781304.4,87650057.1,437130101
1115.5,S,42,16559.96,2851.92,17781304.4,87650104.6,437130145
1116.5,S,43,16569.15,2853.43,17781304.4,87650165.2,437130208
1117.5,S,47,16581.07,2855.12,17781304.4,87650181.0,437130234
1118.5,S,43,16591.20,2856.47,17781304.4,87650277.0,437130554
1119.5,S,42,16600.75,2857.88,17781304.4,87650324.0,437130635
1120.5,S,43,16609.03,2859.20,17781304.4,87650384.2,437130735
1121.5,S,43,16618.73,2860.63,17781304.4,87650384.6,437130737
1122.5,S,43,16628.40,2862.15,17781304.4,87650385.3,437130738
1123.5,S,42,16637.33,2863.62,17781304.4,87650423.7,437130802
1124.5,S,46,16646.87,2864.89,17781304.4,87650526.6,437130975
1125.5,S,43,16657.43,2866.34,17781304.4,87650682.0,437131318
1126.5,S,43,16666.96,2867.80,17781304.4,87650682.3,437131322
1127.5,S,43,16676.64,2869.18,17781304.4,87650682.4,437131325
1128.5,S,42,16685.66,2870.63,17781304.4,87650726.7,437131431
1129.5,S,44,16694.62,2872.12,17781304.4,87650788.6,437131566
1130.5,S,43,16704.66,2873.46,17781304.4,87650798.2,437131589
1131.5,S,47,16714.56,2874.74,17781304.4,87650900.9,437131828
1132.5,S,43,16725.61,2876.28,17781304.4,87650996.7,437131985
1133.5,S,43,16735.27,2877.74,17781304.4,87650997.5,437131987
1134.5,S,46,16745.82,2879.33,17781304.4,87651117.1,437132190
1135.5,S,46,16758.24,2880.86,17781304.4,87651117.3,437132193
1136.5,S,45,16770.13,2882.60,17781304.4,87651150.0,437132265
1137.5,S,45,16781.75,2884.05,17781304.4,87651150.2,437132268
1138.5,S,43,16787.23,2884.84,17781304.4,87651492.7,437132853
1139.5,S,47,16800.53,2886.62,17781304.4,87651516.9,437132877
1140.5,S,43,16810.22,2888.16,17781304.4,87651589.6,437132950
1141.5,S,42,16819.53,2889.39,17781304.4,87651627.3,437132987
1142.5,S,42,16828.19,2890.70,17781304.4,87651627.6,437132991
1143.5,S,43,16837.44,2892.17,17781304.4,87651687.7,437133048
1144.5,S,43,16847.31,2893.54,17781304.4,87651688.4,437133054
1145.5,S,42,16855.52,2894.69,17781304.4,87651770.1,437133240
1146.5,S,46,16866.03,2896.11,17781304.4,87651829.3,437133404
1147.5,S,43,16875.34,2897.60,17781304.4,87651984.5,437133703
1148.5,S,43,16884.92,2899.15,17781304.4,87651984.8,437133705
1149.5,S,43,16894.58,2900.49,17781304.4,87651985.3,437133708
1150.5,S,42,16903.78,2901.83,17781304.4,87652024.8,437133773
1151.5,S,43,16912.54,2903.30,17781304.4,87652084.7,437133884
1152.5,S,43,16921.76,2904.61,17781304.4,87652112.4,437133935
1153.5,S,47,16933.55,2906.04,17781304.4,87652187.7,437134069
1154.5,S,42,16943.16,2907.46,17781304.4,87652322.2,437134387
1155.5,S,42,16951.95,2908.89,17781304.4,87652358.9,437134439
1156.5,S,43,16961.30,2910.31,17781304.4,87652383.1,437134495
1157.5,S,43,16970.91,2911.81,17781304.4,87652383.3,437134497
1158.5,S,42,16980.11,2913.39,17781304.4,87652419.9,437134579
1159.5,S,42,16988.79,2914.87,17781304.4,87652420.1,437134580
1160.5,S,47,16996.05,2915.81,17781304.4,87652582.9,437135033
1161.5,S,43,17007.39,2917.42,17781304.4,87652679.4,437135229
1162.5,S,43,17016.96,2918.96,17781304.4,87652679.4,437135229
1163.5,S,43,17026.60,2920.45,17781304.4,87652679.6,437135231
1164.5,S,42,17035.58,2921.91,17781304.4,87652796.0,437135443
1165.5,S,43,17045.29,2923.42,17781304.4,87652796.4,437135448
1166.5,S,43,17054.78,2925.05,17781304.4,87652797.0,437135451
1167.5,S,46,17065.13,2926.71,17781304.4,87652936.9,437135593
1168.5,S,42,17075.59,2928.26,17781304.4,87653032.8,437135678
1169.5,S,43,17085.51,2929.75,17781304.4,87653102.7,437135742
1170.5,S,43,17095.40,2931.13,17781304.4,87653102.9,437135745
1171.5,S,43,17104.97,2932.52,17781304.4,87653103.4,437135749
1172.5,S,43,17114.60,2934.00,17781304.4,87653103.8,437135751
1173.5,S,45,17124.51,2935.51,17781304.4,87653223.5,437135888
1174.5,S,49,17136.97,2937.02,17781304.4,87653326.5,437136079
1175.5,S,45,17149.86,2938.66,17781304.4,87653422.6,437136241
1176.5,S,44,17160.65,2940.23,17781304.4,87653460.5,437136298
1177.5,S,44,17170.88,2941.85,17781304.4,87653537.6,437136414
1178.5,S,43,17179.47,2943.26,17781304.4,87653641.9,437136695
1179.5,S,43,17189.05,2944.71,17781304.4,87653642.1,437136699
1180.5,S,42,17198.22,2946.11,17781304.4,87653674.0,437136748
1181.5,S,46,17206.54,2947.25,17781304.4,87653777.0,437137030
1182.5,S,44,17216.29,2948.78,17781304.4,87653932.8,437137423
1183.5,S,44,17226.85,2950.32,17781304.4,87653932.8,437137423
1184.5,S,44,17237.28,2951.92,17781304.4,87653933.4,437137430
1185.5,S,43,17247.90,2953.29,17781304.4,87653976.3,437137512
1186.5,S,43,17257.65,2954.79,17781304.4,87653976.4,437137514
1187.5,S,42,17265.92,2956.14,17781304.4,87654097.4,437137730
1188.5,S,61,17279.98,2957.27,17781304.4,87654200.7,437137927
1189.5,S,58,17306.12,2958.58,17781304.4,87654273.3,437138074
1190.5,S,57,17325.93,2959.56,17781304.4,87654298.4,437138155
1191.5,S,57,17344.51,2960.57,17781304.4,87654298.6,437138157
1192.5,S,57,17362.91,2961.53,17781304.4,87654397.8,437138300
1193.5,S,57,17380.94,2962.52,17781304.4,87654668.8,437138531
1194.5,S,57,17396.67,2963.54,17781304.4,87655132.8,437139342
1195.5,S,57,17414.42,2964.57,17781304.4,87655388.0,437140013
1196.5,S,57,17432.95,2965.54,17781304.4,87655430.8,437140127
1197.5,S,57,17451.55,2966.53,17781304.4,87655523.5,437140311
1198.5,S,57,17469.24,2967.52,17781304.4,87655776.2,437140748
1199.5,S,57,17487.60,2968.42,17781304.4,87655974.1,437140966
1200.5,S,57,17505.93,2969.37,17781304.4,87656297.3,437141332
1201.5,S,57,17523.83,2970.40,17781304.4,87656547.2,437141838
1202.5,S,57,17542.18,2971.29,17781304.4,87656671.8,437142118
1203.5,S,61,17559.60,2972.00,17781304.4,87656875.1,437142515
1204.5,S,61,17578.43,2972.80,17781304.4,87657300.4,437143441
1205.5,S,57,17596.19,2973.60,17781304.4,87657530.3,437143658
1206.5,S,57,17613.88,2974.40,17781304.4,87657684.0,437143792
1207.6,S,57,17631.59,2975.10,17781304.4,87657765.6,437143921
1208.6,S,57,17646.55,2975.97,17781304.5,87658123.8,437144650
1209.6,S,57,17663.49,2976.76,17781304.5,87658309.3,437145000
1210.6,S,57,17680.77,2977.54,17781304.5,87658488.1,437145349
1211.6,S,56,17697.01,2978.29,17781304.5,87658699.0,437145794
1212.6,S,56,17713.31,2979.15,17781304.5,87658962.2,437146214
1213.6,S,52,17729.27,2979.96,17781304.5,87659147.6,437146389
1214.6,S,42,17734.12,2980.98,17781304.5,87659638.7,437147139
1215.6,S,43,17742.46,2982.82,17781304.5,87659638.7,437147139
1216.6,S,42,17751.71,2984.18,17781304.5,87659720.1,437147298
1217.6,S,42,17760.49,2985.64,17781304.5,87659750.3,437147370
1218.6,S,42,17769.35,2986.93,17781304.5,87659750.6,437147373
1219.6,S,46,17780.48,2988.47,17781304.5,87659821.7,437147555
1220.6,S,43,17790.46,2989.99,17781304.5,87659930.6,437147797
1221.6,S,43,17799.73,2991.28,17781304.5,87659989.9,437147887
1222.6,S,43,17809.38,2992.65,17781304.5,87659990.1,437147889
1223.6,S,42,17818.51,2994.06,17781304.5,87660036.1,437147961
1224.6,S,44,17827.65,2995.54,17781304.5,87660095.8,437148099
1225.6,S,44,17838.38,2996.94,17781304.5,87660096.2,437148103
1226.6,S,47,17851.10,2998.61,17781304.5,87660166.6,437148272
1227.6,S,43,17861.37,3000.14,17781304.5,87660262.7,437148445
1228.6,S,43,17870.96,3001.68,17781304.5,87660281.3,437148478
1229.6,S,45,17880.86,3003.24,17781304.5,87660381.9,437148687
1230.6,S,44,17892.30,3004.80,17781304.5,87660403.3,437148720
1231.6,S,44,17903.14,3006.35,17781304.5,87660403.5,437148722
1232.6,S,48,17913.37,3007.66,17781304.5,87660447.3,437148769
1233.6,S,48,17926.94,3009.35,17781304.5,87660645.8,437148940
1234.6,S,44,17937.51,3010.96,17781304.5,87660724.0,437149012
1235.6,S,43,17947.61,3012.36,17781304.5,87660743.2,437149031
1236.6,S,43,17957.43,3013.69,17781304.5,87660834.1,437149146
1237.6,S,43,17967.26,3014.91,17781304.5,87660834.4,437149148
1238.6,S,44,17975.78,3016.32,17781304.5,87660953.1,437149422
1239.6,S,44,17986.35,3017.83,17781304.5,87660953.7,437149427
1240.6,S,48,18000.13,3019.55,17781304.5,87660966.1,437149465
1241.6,S,43,18010.53,3021.05,17781304.5,87661103.8,437149790
1242.6,S,42,18019.19,3022.45,17781304.5,87661224.0,437150083
1243.6,S,43,18028.91,3023.82,17781304.5,87661224.4,437150093
1244.6,S,43,18038.57,3025.09,17781304.5,87661224.8,437150095
1245.6,S,42,18047.85,3026.51,17781304.5,87661261.4,437150185
1246.6,S,42,18054.91,3027.71,17781304.5,87661364.8,437150389
1247.6,S,47,18067.56,3029.47,17781304.5,87661429.0,437150495
1248.6,S,43,18076.05,3030.65,17781304.5,87661520.4,437150801
1249.6,S,42,18085.44,3032.08,17781304.5,87661552.9,437150860
1250.6,S,42,18094.23,3033.47,17781304.5,87661553.5,437150866
1251.6,S,44,18102.99,3034.94,17781304.5,87661613.2,437150973
1252.6,S,44,18113.68,3036.49,17781304.5,87661613.7,437150974
1253.6,S,44,18123.44,3037.86,17781304.5,87661678.4,437151075
1254.6,S,48,18137.09,3039.47,17781304.5,87661716.7,437151144
1255.6,S,43,18147.29,3040.82,17781304.5,87661865.0,437151430
1256.6,S,43,18156.29,3042.27,17781304.5,87661984.0,437151547
1257.6,S,43,18165.92,3043.77,17781304.5,87661984.1,437151547
1258.6,S,42,18175.20,3045.20,17781304.5,87662016.9,437151577
1259.6,S,42,18183.97,3046.54,17781304.5,87662017.2,437151581
1260.6,S,47,18192.52,3047.81,17781304.5,87662179.4,437151732
1261.6,S,47,18205.50,3049.63,17781304.5,87662251.8,437151799
1262.6,S,42,18215.35,3051.14,17781304.5,87662309.3,437151899
1263.6,S,42,18224.00,3052.60,17781304.5,87662309.9,437151904
1264.6,S,42,18232.72,3054.11,17781304.5,87662359.1,437151983
1265.6,S,44,18242.97,3055.54,17781304.5,87662370.0,437152014
1266.6,S,44,18253.60,3056.95,17781304.5,87662370.1,437152016
1267.6,S,47,18261.92,3058.13,17781304.5,87662509.2,437152304
1268.6,S,47,18275.23,3059.85,17781304.5,87662526.1,437152336
1269.6,S,43,18283.95,3061.25,17781304.5,87662724.1,437152733
1270.6,S,43,18293.82,3062.52,17781304.5,87662724.4,437152735
1271.6,S,43,18303.47,3064.04,17781304.5,87662724.6,437152737
1272.6,S,42,18312.24,3065.40,17781304.5,87662758.8,437152803
1273.6,S,42,18320.82,3066.75,17781304.5,87662818.5,437152977
1274.6,S,47,18329.16,3067.91,17781304.5,87662923.0,437153192
1275.6,S,47,18341.86,3069.53,17781304.5,87662975.1,437153285
1276.6,S,43,18351.63,3070.97,17781304.5,87663018.8,437153360
1277.6,S,43,18361.26,3072.40,17781304.5,87663019.1,437153362
1278.6,S,45,18370.33,3073.81,17781304.5,87663137.9,437153694
1279.6,S,44,18381.17,3075.31,17781304.5,87663146.9,437153721
1280.6,S,44,18391.89,3076.92,17781304.5,87663147.6,437153727
1281.6,S,44,18401.41,3078.20,17781304.5,87663221.2,437153858
1282.6,S,48,18414.81,3079.85,17781304.5,87663250.6,437153938
1283.6,S,43,18423.11,3081.32,17781304.5,87663524.1,437154308
1284.6,S,43,18432.78,3082.74,17781304.5,87663524.6,437154309
1285.6,S,42,18442.41,3084.14,17781304.5,87663558.3,437154344
1286.6,S,42,18451.09,3085.66,17781304.5,87663558.7,437154352
1287.6,S,45,18460.00,3087.08,17781304.5,87663618.2,437154408
1288.6,S,44,18471.09,3088.69,17781304.5,87663627.7,437154420
1289.6,S,48,18484.26,3090.32,17781304.5,87663730.7,437154514
1290.6,S,44,18494.81,3091.76,17781304.5,87663827.1,437154791
1291.6,S,44,18505.51,3093.22,17781304.5,87663827.6,437154792
1292.6,S,43,18515.10,3094.79,17781304.5,87664011.0,437155119
1293.6,S,43,18524.90,3096.18,17781304.5,87664011.2,437155120
1294.6,S,43,18534.67,3097.59,17781304.5,87664011.4,437155123
1295.6,S,43,18543.45,3098.76,17781304.5,87664076.9,437155247
1296.6,S,48,18555.19,3100.28,17781304.5,87664233.7,437155579
1297.6,S,44,18566.08,3101.79,17781304.5,87664329.6,437155794
1298.6,S,44,18576.69,3103.24,17781304.5,87664329.8,437155797
1299.6,S,43,18586.93,3104.69,17781304.5,87664368.6,437155854
1300.6,S,43,18596.51,3106.09,17781304.5,87664368.7,437155856
1301.6,S,44,18606.09,3107.62,17781304.5,87664487.9,437156047
1302.6,S,44,18616.66,3109.01,17781304.5,87664488.3,437156049
1303.6,S,47,18628.75,3110.53,17781304.5,87664626.5,437156288
1304.6,S,43,18638.91,3112.00,17781304.5,87664722.4,437156448
1305.6,S,42,18648.31,3113.57,17781304.5,87664781.4,437156739
1306.6,S,44,18658.28,3115.07,17781304.5,87664841.4,437156794
1307.6,S,43,18668.84,3116.62,17781304.5,87664868.7,437156817
1308.6,S,43,18678.54,3117.98,17781304.5,87664869.2,437156819
1309.6,S,43,18688.27,3119.45,17781304.5,87664869.4,437156821
1310.6,S,46,18699.28,3120.85,17781304.5,87665091.2,437157021
1311.6,S,57,18710.12,3121.99,17781304.5,87665186.9,437157159
1312.6,S,57,18728.38,3122.90,17781304.5,87665187.7,437157162
1313.6,S,57,18746.85,3123.85,17781304.5,87665188.1,437157163
1314.6,S,57,18765.47,3124.79,17781304.5,87665189.0,437157169
1315.6,S,57,18783.81,3125.70,17781304.5,87665240.9,437157252
1316.6,S,57,18800.04,3126.63,17781304.5,87665530.8,437157883
1317.6,S,57,18816.64,3127.60,17781304.5,87665925.7,437158435
1318.6,S,57,18834.97,3128.54,17781304.5,87666120.1,437158634
1319.6,S,57,18853.06,3129.53,17781304.5,87666323.3,437158988
1320.6,S,57,18871.41,3130.40,17781304.5,87666443.3,437159226
1321.6,S,57,18889.18,3131.27,17781304.5,87666730.4,437159625
1322.6,S,57,18907.36,3132.23,17781304.5,87666944.3,437159828
1323.6,S,57,18925.31,3133.08,17781304.5,87667200.3,437160251
1324.6,S,57,18942.03,3134.11,17781304.5,87667583.8,437161010
1325.6,S,57,18960.09,3135.08,17781304.5,87667734.5,437161306
1326.6,S,57,18978.23,3135.97,17781304.5,87667849.1,437161514
1327.6,S,57,18996.29,3136.91,17781304.5,87668012.1,437161880
1328.7,S,57,19013.68,3137.84,17781304.5,87668245.2,437162289
1329.7,S,61,19030.74,3138.49,17781304.5,87668597.3,437162898
1330.7,S,57,19049.62,3139.12,17781304.5,87668956.1,437163532
1331.7,S,57,19066.11,3139.71,17781304.5,87669132.9,437163876
1332.7,S,57,19083.67,3140.37,17781304.5,87669133.0,437163882
1333.7,S,57,19099.54,3141.11,17781304.5,87669436.4,437164548
1334.7,S,56,19115.36,3141.91,17781304.5,87669815.9,437164928
1335.7,S,56,19131.96,3142.63,17781304.5,87669967.5,437165153
1336.7,S,56,19147.67,3143.40,17781304.5,87670187.6,437165496
1337.7,S,43,19152.91,3144.09,17781304.5,87670638.4,437166200
1338.7,S,44,19160.13,3146.09,17781304.5,87670697.3,437166261
1339.7,S,43,19169.92,3147.51,17781304.5,87670699.6,437166267
1340.7,S,43,19179.56,3149.00,17781304.5,87670699.8,437166269
1341.7,S,43,19189.19,3150.36,17781304.5,87670700.6,437166272
1342.7,S,43,19198.71,3151.74,17781304.5,87670700.9,437166278
1343.7,S,47,19210.50,3153.30,17781304.5,87670844.2,437166426
1344.7,S,43,19220.07,3154.75,17781304.5,87670941.3,437166630
1345.7,S,42,19228.86,3156.13,17781304.5,87671027.8,437166752
1346.7,S,42,19237.68,3157.51,17781304.5,87671028.0,437166755
1347.7,S,43,19245.92,3159.03,17781304.5,87671087.4,437166964
1348.7,S,43,19255.54,3160.40,17781304.5,87671087.9,437166970
1349.7,S,43,19265.25,3161.79,17781304.5,87671088.0,437166972
1350.7,S,46,19276.26,3163.25,17781304.5,87671175.6,437167126
1351.7,S,42,19285.61,3164.67,17781304.5,87671330.3,437167453
1352.7,S,43,19295.21,3166.16,17781304.5,87671330.6,437167453
1353.7,S,43,19304.83,3167.56,17781304.5,87671330.9,437167457
1354.7,S,42,19314.34,3168.93,17781304.5,87671369.4,437167539
1355.7,S,42,19323.06,3170.31,17781304.5,87671370.0,437167544
1356.7,S,43,19332.33,3171.70,17781304.5,87671429.2,437167639
1357.7,S,47,19344.03,3173.19,17781304.5,87671474.6,437167689
1358.7,S,43,19354.96,3174.69,17781304.5,87671603.9,437167800
1359.7,S,42,19363.41,3175.89,17781304.5,87671608.4,437167808
1360.7,S,45,19372.77,3177.03,17781304.5,87671758.8,437167941
1361.7,S,45,19384.43,3178.68,17781304.5,87671759.6,437167946
1362.7,S,45,19396.17,3180.18,17781304.5,87671759.6,437167946
1363.7,S,45,19407.55,3181.79,17781304.5,87671760.1,437167949
1364.7,S,49,19419.09,3183.22,17781304.5,87671892.3,437168213
1365.7,S,44,19430.67,3184.76,17781304.5,87672110.9,437168700
1366.7,S,44,19441.29,3186.31,17781304.5,87672111.5,437168709
1367.7,S,44,19451.95,3187.90,17781304.5,87672111.9,437168715
1368.7,S,44,19462.54,3189.44,17781304.5,87672112.1,437168715
1369.7,S,42,19470.51,3190.81,17781304.5,87672288.8,437169082
1370.7,S,44,19481.22,3192.17,17781304.5,87672290.8,437169097
1371.7,S,48,19490.24,3193.22,17781304.5,87672393.7,437169357
1372.7,S,48,19503.89,3194.91,17781304.5,87672468.4,437169481
1373.7,S,44,19514.21,3196.59,17781304.5,87672490.6,437169546
1374.7,S,44,19522.59,3198.01,17781304.5,87672667.8,437170002
1375.7,S,44,19533.24,3199.55,17781304.5,87672668.1,437170004
1376.7,S,44,19543.88,3200.92,17781304.5,87672668.3,437170007
1377.7,S,44,19554.42,3202.45,17781304.5,87672668.7,437170015
1378.7,S,43,19564.80,3203.87,17781304.5,87672725.9,437170119
1379.7,S,47,19576.52,3205.49,17781304.5,87672946.8,437170316
1380.7,S,43,19586.68,3207.14,17781304.5,87673043.1,437170408
1381.7,S,43,19596.32,3208.69,17781304.5,87673043.2,437170410
1382.7,S,42,19605.19,3210.23,17781304.5,87673083.7,437170451
1383.7,S,43,19613.88,3211.75,17781304.5,87673143.0,437170630
1384.7,S,43,19623.51,3213.22,17781304.5,87673143.6,437170636
1385.7,S,47,19632.26,3214.66,17781304.5,87673256.6,437170796
1386.7,S,44,19644.04,3216.33,17781304.5,87673326.0,437170960
1387.8,S,42,19652.94,3217.80,17781304.5,87673374.1,437171028
1388.8,S,45,19662.88,3219.48,17781304.5,87673433.3,437171199
1389.8,S,44,19673.61,3220.91,17781304.5,87673446.0,437171220
1390.8,S,44,19684.21,3222.40,17781304.5,87673446.6,437171224
1391.8,S,44,19694.87,3223.88,17781304.5,87673447.4,437171229
1392.8,S,42,19701.99,3224.90,17781304.5,87673710.5,437171625
1393.8,S,48,19715.77,3226.77,17781304.5,87673730.6,437171666
1394.8,S,44,19726.51,3228.30,17781304.5,87673826.9,437171900
1395.8,S,44,19736.96,3229.83,17781304.5,87673827.6,437171905
1396.8,S,44,19747.45,3231.40,17781304.5,87673827.6,437171905
1397.8,S,44,19756.36,3232.86,17781304.5,87674005.8,437172249
1398.8,S,44,19766.90,3234.43,17781304.5,87674005.8,437172249
1399.8,S,44,19776.09,3235.68,17781304.5,87674103.8,437172450
1400.8,S,47,19789.98,3237.29,17781304.5,87674148.5,437172558
1401.8,S,43,19798.90,3238.65,17781304.5,87674244.5,437172725
1402.8,S,44,19808.99,3240.16,17781304.5,87674370.4,437172835
1403.8,S,44,19819.67,3241.50,17781304.5,87674370.6,437172837
1404.8,S,44,19830.36,3242.93,17781304.5,87674370.9,437172839
1405.8,S,44,19841.03,3244.48,17781304.5,87674371.0,437172841
1406.8,S,45,19850.88,3245.88,17781304.5,87674566.9,437173011
1407.8,S,49,19864.18,3247.54,17781304.5,87674651.6,437173179
1408.8,S,44,19875.26,3249.03,17781304.5,87674768.1,437173484
1409.8,S,44,19885.77,3250.38,17781304.5,87674768.5,437173495
1410.8,S,44,19896.17,3251.89,17781304.5,87674776.4,437173510
1411.8,S,44,19904.91,3253.29,17781304.5,87674947.2,437173855
1412.8,S,44,19915.59,3254.78,17781304.5,87674947.6,437173864
1413.8,S,44,19926.45,3256.27,17781304.5,87674948.2,437173865
1414.8,S,48,19937.60,3257.62,17781304.5,87675051.5,437174126
1415.8,S,42,19948.66,3259.14,17781304.5,87675323.1,437174415
1416.8,S,45,19959.71,3260.77,17781304.5,87675323.5,437174419
1417.8,S,44,19970.89,3262.23,17781304.5,87675343.8,437174439
1418.8,S,44,19981.53,3263.65,17781304.5,87675343.9,437174440
1419.8,S,44,19992.21,3265.08,17781304.5,87675344.8,437174443
1420.8,S,46,20001.86,3266.59,17781304.5,87675521.2,437174663
1421.8,S,50,20015.27,3268.15,17781304.5,87675624.2,437174842
1422.8,S,46,20029.12,3269.91,17781304.5,87675720.0,437175025
1423.8,S,45,20040.85,3271.49,17781304.5,87675752.1,437175084
1424.8,S,45,20052.69,3273.04,17781304.5,87675752.6,437175086
1425.8,S,44,20058.20,3274.12,17781304.5,87675993.6,437175718
1426.8,S,44,20068.77,3275.65,17781304.5,87675994.1,437175720
1427.8,S,44,20079.33,3277.07,17781304.5,87675994.3,437175722
1428.8,S,47,20087.42,3278.26,17781304.5,87676128.9,437176068
1429.8,S,47,20099.64,3279.86,17781304.5,87676224.7,437176256
1430.8,S,42,20107.98,3281.47,17781304.5,87676344.6,437176500
1431.8,S,57,20123.00,3282.93,17781304.5,87676345.4,437176503
1432.8,S,57,20146.43,3284.39,17781304.5,87676345.5,437176504
1433.8,S,57,20169.76,3285.89,17781304.5,87676345.9,437176509
1434.8,S,61,20190.77,3287.00,17781304.5,87676448.7,437176825
1435.8,S,61,20217.95,3288.45,17781304.5,87676494.4,437176867
1436.8,S,57,20238.35,3289.72,17781304.5,87676890.9,437177288
1437.8,S,57,20252.49,3290.60,17781304.5,87677261.0,437178067
1438.8,S,57,20268.80,3291.51,17781304.5,87677602.3,437178500
1439.8,S,57,20286.87,3292.40,17781304.5,87677647.9,437178541
1440.8,S,57,20304.99,3293.20,17781304.5,87677688.7,437178608
1441.8,S,57,20321.30,3294.06,17781304.5,87677922.5,437179110
1442.8,S,57,20337.60,3294.96,17781304.5,87678212.6,437179820
1443.8,S,57,20353.99,3295.90,17781304.5,87678465.8,437180434
1444.8,S,57,20371.95,3296.84,17781304.5,87678563.6,437180664
1445.8,S,57,20389.94,3297.68,17781304.5,87678686.3,437180836
1446.8,S,57,20407.91,3298.55,17781304.5,87678932.3,437181057
1447.8,S,57,20422.84,3299.40,17781304.5,87679299.3,437181867
1448.8,S,57,20439.08,3300.23,17781304.5,87679510.0,437182274
1449.8,S,57,20456.86,3301.13,17781304.5,87679653.7,437182541
1450.8,S,57,20474.19,3301.92,17781304.5,87679801.2,437182871
1451.8,S,57,20490.74,3302.75,17781304.5,87680088.8,437183429
1452.8,S,57,20508.83,3303.67,17781304.5,87680207.8,437183532
1453.8,S,61,20528.37,3304.32,17781304.5,87680568.4,437184158
1454.8,S,57,20543.69,3304.96,17781304.5,87680825.8,437184771
1455.8,S,57,20560.93,3305.59,17781304.5,87680940.7,437184871
1456.8,S,56,20577.36,3306.30,17781304.5,87681121.5,437185032
1457.8,S,55,20591.55,3306.97,17781304.5,87681442.2,437185637
1458.8,S,43,20597.63,3307.66,17781304.5,87681911.4,437186578
1459.8,S,42,20603.57,3309.22,17781304.5,87682035.3,437186806
1460.8,S,43,20612.66,3310.89,17781304.5,87682036.2,437186811
1461.8,S,43,20622.39,3312.24,17781304.5,87682036.6,437186812
1462.8,S,43,20631.93,3313.72,17781304.5,87682036.7,437186812
1463.8,S,42,20640.94,3315.12,17781304.5,87682080.9,437186890
1464.8,S,43,20649.84,3316.56,17781304.5,87682141.4,437186993
1465.8,S,47,20661.85,3318.16,17781304.5,87682167.1,437187053
1466.8,S,43,20672.13,3319.61,17781304.5,87682292.6,437187349
1467.8,S,42,20680.79,3320.97,17781304.5,87682296.2,437187358
1468.8,S,43,20689.42,3322.48,17781304.5,87682355.1,437187418
1469.8,S,43,20698.92,3324.03,17781304.5,87682422.1,437187478
1470.8,S,43,20708.49,3325.41,17781304.5,87682422.4,437187479
1471.8,S,42,20717.69,3326.70,17781304.5,87682460.5,437187516
1472.9,S,46,20728.76,3328.22,17781304.5,87682507.8,437187567
1473.9,S,43,20738.65,3329.77,17781304.5,87682662.4,437187778
1474.9,S,43,20748.13,3331.13,17781304.5,87682662.9,437187785
1475.9,S,42,20757.38,3332.59,17781304.5,87682695.6,437187842
1476.9,S,42,20765.80,3334.06,17781304.5,87682696.3,437187847
1477.9,S,43,20774.39,3335.51,17781304.5,87682754.9,437187942
1478.9,S,43,20784.05,3336.92,17781304.5,87682755.2,437187946
1479.9,S,47,20795.30,3338.45,17781304.5,87682791.9,437188030
1480.9,S,43,20805.56,3339.92,17781304.5,87682888.0,437188321
1481.9,S,42,20814.74,3341.37,17781304.5,87682951.5,437188498
1482.9,S,44,20825.00,3342.93,17781304.5,87683002.5,437188592
1483.9,S,44,20835.63,3344.44,17781304.5,87683002.6,437188592
1484.9,S,44,20846.26,3345.95,17781304.5,87683098.8,437188808
1485.9,S,44,20856.94,3347.41,17781304.5,87683099.4,437188811
1486.9,S,48,20868.12,3349.06,17781304.5,87683283.0,437188978
1487.9,S,44,20880.72,3350.69,17781304.5,87683378.9,437189062
1488.9,S,44,20891.20,3352.24,17781304.5,87683379.2,437189066
1489.9,S,43,20901.65,3353.79,17781304.5,87683425.9,437189109
1490.9,S,43,20911.01,3355.32,17781304.5,87683521.0,437189295
1491.9,S,44,20921.00,3356.83,17781304.5,87683544.6,437189338
1492.9,S,44,20931.66,3358.27,17781304.5,87683545.2,437189344
1493.9,S,47,20940.89,3359.56,17781304.5,87683679.1,437189686
1494.9,S,43,20952.77,3361.09,17781304.5,87683775.3,437189882
1495.9,S,44,20961.56,3362.53,17781304.5,87683893.4,437190079
1496.9,S,44,20971.98,3364.22,17781304.5,87683893.7,437190081
1497.9,S,43,20981.73,3365.59,17781304.5,87683915.0,437190120
1498.9,S,43,20991.44,3366.89,17781304.5,87683915.2,437190123
1499.9,S,43,21001.02,3368.30,17781304.5,87683971.8,437190247
1500.9,S,48,21007.78,3369.30,17781304.5,87684136.2,437190712
1501.9,S,48,21021.85,3371.22,17781304.5,87684156.4,437190742
1502.9,S,44,21031.61,3372.57,17781304.5,87684232.3,437190945
1503.9,S,43,21041.74,3374.01,17781304.5,87684276.2,437191043
1504.9,S,44,21050.27,3375.46,17781304.5,87684393.9,437191276
1505.9,S,43,21060.41,3376.85,17781304.5,87684401.7,437191300
1506.9,S,43,21069.98,3378.33,17781304.5,87684401.9,437191303
1507.9,S,43,21079.63,3379.69,17781304.5,87684402.1,437191304
1508.9,S,47,21090.99,3381.12,17781304.5,87684505.3,437191449
1509.9,S,44,21102.00,3382.58,17781304.5,87684718.9,437191637
1510.9,S,44,21112.65,3384.03,17781304.5,87684719.2,437191643
1511.9,S,44,21123.27,3385.52,17781304.5,87684719.3,437191643
1512.9,S,43,21133.02,3386.97,17781304.5,87684760.6,437191679
1513.9,S,45,21142.11,3388.47,17781304.5,87684878.7,437191858
1514.9,S,44,21153.02,3390.03,17781304.5,87684898.0,437191891
1515.9,S,48,21164.91,3391.59,17781304.5,87684990.7,437192083
1516.9,S,44,21175.88,3393.23,17781304.5,87685086.7,437192385
1517.9,S,44,21186.44,3394.58,17781304.5,87685087.1,437192389
1518.9,S,44,21194.82,3395.90,17781304.5,87685262.9,437192765
1519.9,S,44,21205.48,3397.35,17781304.5,87685263.6,437192768
1520.9,S,43,21215.93,3398.87,17781304.5,87685292.6,437192864
1521.9,S,43,21225.67,3400.30,17781304.5,87685293.1,437192867
1522.9,S,47,21235.84,3401.69,17781304.5,87685435.2,437193167
1523.9,S,44,21246.42,3403.31,17781304.5,87685610.0,437193539
1524.9,S,44,21257.10,3404.77,17781304.5,87685610.3,437193541
1525.9,S,43,21267.32,3406.12,17781304.5,87685639.9,437193597
1526.9,S,43,21277.00,3407.62,17781304.5,87685640.1,437193601
1527.9,S,42,21286.30,3409.03,17781304.5,87685758.0,437193881
1528.9,S,44,21296.71,3410.69,17781304.5,87685760.3,437193893
1529.9,S,48,21308.95,3412.28,17781304.5,87685863.2,437194046
1530.9,S,44,21320.81,3413.89,17781304.5,87685959.5,437194139
1531.9,S,44,21331.45,3415.42,17781304.5,87685959.8,437194143
1532.9,S,44,21341.39,3416.90,17781304.5,87686138.9,437194307
1533.9,S,44,21352.00,3418.47,17781304.5,87686139.3,437194311
1534.9,S,44,21362.45,3420.01,17781304.5,87686139.4,437194313
1535.9,S,43,21372.02,3421.30,17781304.5,87686196.6,437194457
1536.9,S,47,21380.98,3422.52,17781304.5,87686377.8,437194954
1537.9,S,44,21392.80,3424.28,17781304.5,87686497.6,437195212
1538.9,S,43,21403.07,3425.55,17781304.5,87686514.9,437195248
1539.9,S,43,21412.80,3426.93,17781304.5,87686515.1,437195250
1540.9,S,43,21422.47,3428.53,17781304.5,87686515.3,437195251
1541.9,S,45,21432.01,3429.91,17781304.5,87686633.0,437195454
1542.9,S,44,21442.54,3431.36,17781304.5,87686639.4,437195464
1543.9,S,48,21455.13,3432.94,17781304.5,87686742.1,437195560
1544.9,S,44,21466.74,3434.52,17781304.5,87686837.9,437195645
1545.9,S,43,21476.90,3436.10,17781304.5,87686956.0,437195749
1546.9,S,44,21486.75,3437.61,17781304.5,87687015.8,437195843
1547.9,S,44,21497.43,3439.08,17781304.5,87687016.1,437195844
1548.9,S,44,21507.97,3440.66,17781304.5,87687017.0,437195847
1549.9,S,43,21517.45,3441.98,17781304.5,87687096.8,437196008
1550.9,S,49,21527.90,3443.27,17781304.5,87687280.5,437196454
1551.9,S,44,21539.52,3444.83,17781304.5,87687392.6,437196698
1552.9,S,44,21550.04,3446.39,17781304.5,87687392.9,437196702
1553.9,S,44,21560.69,3447.82,17781304.5,87687393.3,437196710
1554.9,S,44,21571.14,3449.41,17781304.5,87687393.8,437196716
1555.9,S,44,21580.48,3451.07,17781304.5,87687570.8,437197098
1556.9,S,44,21591.06,3452.51,17781304.5,87687571.2,437197098
1557.9,S,47,21600.78,3453.66,17781304.5,87687697.5,437197399
1558.9,S,43,21610.51,3454.94,17781304.5,87687793.6,437197632
1559.9,S,42,21614.90,3455.65,17781304.5,87687912.5,437197859
1560.9,S,42,21619.39,3456.41,17781304.5,87687913.1,437197867
1561.9,S,57,21634.24,3457.25,17781304.5,87687913.8,437197870
1562.9,S,57,21652.77,3458.11,17781304.5,87687914.0,437197871
1563.9,S,57,21671.19,3459.00,17781304.5,87687942.6,437197991
1564.9,S,57,21689.54,3459.96,17781304.5,87687977.1,437198027
1565.9,S,57,21708.01,3460.83,17781304.5,87688043.7,437198088
1566.9,S,57,21725.39,3461.78,17781304.5,87688553.5,437198813
1567.9,S,57,21735.70,3462.59,17781304.5,87688967.4,437199813
1568.9,S,57,21753.26,3463.41,17781304.5,87689105.1,437200076
1569.9,S,57,21771.69,3464.32,17781304.5,87689208.6,437200277
1570.9,S,57,21789.52,3465.23,17781304.5,87689426.3,437200609
1571.9,S,57,21807.91,3466.15,17781304.5,87689492.4,437200668
1572.9,S,57,21825.91,3467.10,17781304.5,87689811.5,437201108
1573.9,S,57,21843.83,3468.00,17781304.5,87689978.5,437201560
1574.9,S,57,21859.90,3468.98,17781304.5,87690397.4,437202096
1575.9,S,57,21878.40,3469.98,17781304.5,87690465.1,437202161
1576.9,S,61,21897.65,3470.77,17781304.5,87690577.7,437202350
1577.9,S,61,21916.18,3471.49,17781304.5,87690937.3,437203127
1578.9,S,57,21933.18,3472.23,17781304.5,87691066.0,437203574
1579.9,S,57,21947.71,3472.99,17781304.5,87691470.1,437204403
1580.9,S,57,21964.96,3473.72,17781304.5,87691624.6,437204539
1581.9,S,57,21982.35,3474.46,17781304.5,87691804.7,437204700
1582.9,S,57,21999.76,3475.14,17781304.5,87691988.9,437205002
1583.9,S,57,22016.66,3475.87,17781304.5,87692243.7,437205686
1584.9,S,56,22032.99,3476.63,17781304.5,87692534.5,437206039
1585.9,S,56,22049.53,3477.36,17781304.5,87692692.5,437206194
1586.9,S,56,22064.76,3478.16,17781304.5,87692921.2,437206641
1587.9,S,49,22071.64,3478.71,17781304.5,87693342.4,437207565
1589.0,S,42,22077.05,3479.93,17781304.5,87693536.3,437208007
1590.0,S,43,22085.78,3481.89,17781304.5,87693537.7,437208019
1591.0,S,43,22095.33,3483.38,17781304.5,87693538.1,437208025
1592.0,S,43,22105.14,3484.75,17781304.5,87693538.1,437208025
1593.0,S,46,22113.23,3486.00,17781304.5,87693598.5,437208189
1594.0,S,48,22125.61,3487.74,17781304.5,87693705.4,437208387
1595.0,S,44,22136.34,3489.34,17781304.5,87693753.3,437208432
1596.0,S,44,22146.91,3490.87,17781304.5,87693753.6,437208436
1597.0,S,44,22157.46,3492.37,17781304.5,87693753.7,437208438
1598.0,S,43,22167.66,3493.94,17781304.5,87693805.7,437208484
1599.0,S,44,22177.32,3495.37,17781304.5,87693923.5,437208588
1600.0,S,48,22188.52,3496.95,17781304.5,87693969.9,437208637
1601.0,S,44,22201.16,3498.65,17781304.5,87694088.3,437208922
1602.0,S,43,22210.98,3500.13,17781304.5,87694094.1,437208945
1603.0,S,42,22220.04,3501.59,17781304.5,87694210.4,437209183
1604.0,S,44,22230.66,3503.13,17781304.5,87694211.4,437209188
1605.0,S,44,22241.27,3504.63,17781304.5,87694211.5,437209198
1606.0,S,44,22251.91,3505.99,17781304.5,87694211.8,437209202
1607.0,S,47,22263.62,3507.44,17781304.5,87694331.6,437209431
1608.0,S,46,22273.06,3509.05,17781304.5,87694544.0,437209975
1609.0,S,45,22284.91,3510.59,17781304.5,87694578.0,437210038
1610.0,S,45,22296.51,3512.15,17781304.5,87694635.9,437210251
1611.0,S,45,22308.10,3513.63,17781304.5,87694636.2,437210253
1612.0,S,45,22319.66,3515.24,17781304.5,87694650.6,437210283
1613.0,S,45,22328.53,3516.67,17781304.5,87694872.1,437210703
1614.0,S,48,22341.01,3518.26,17781304.5,87694898.5,437210791
1615.0,S,44,22352.69,3519.83,17781304.5,87694994.6,437211053
1616.0,S,44,22363.44,3521.19,17781304.5,87694995.3,437211057
1617.0,S,43,22373.63,3522.62,17781304.5,87695112.5,437211158
1618.0,S,44,22383.73,3524.09,17781304.5,87695171.0,437211212
1619.0,S,44,22394.56,3525.52,17781304.5,87695171.3,437211215
1620.0,S,43,22404.81,3527.05,17781304.5,87695209.1,437211253
1621.0,S,47,22415.88,3528.44,17781304.5,87695312.1,437211345
1622.0,S,42,22424.36,3529.71,17781304.5,87695525.3,437211792
1623.0,S,44,22435.02,3531.09,17781304.5,87695525.6,437211793
1624.0,S,44,22445.51,3532.67,17781304.5,87695525.9,437211794
1625.0,S,44,22456.08,3534.12,17781304.5,87695526.1,437211796
1626.0,S,44,22466.69,3535.57,17781304.5,87695526.8,437211800
1627.0,S,44,22474.74,3536.76,17781304.5,87695703.2,437212219
1628.0,S,44,22484.14,3538.06,17781304.5,87695772.3,437212377
1629.0,S,47,22495.90,3539.53,17781304.5,87695825.5,437212511
1630.0,S,43,22506.20,3541.05,17781304.5,87695921.6,437212600
1631.0,S,42,22515.68,3542.64,17781304.5,87696023.0,437212688
1632.0,S,44,22525.89,3544.11,17781304.5,87696040.8,437212706
1633.0,S,44,22536.65,3545.43,17781304.5,87696041.2,437212708
1634.0,S,43,22546.67,3546.92,17781304.5,87696072.9,437212740
1635.0,S,43,22556.42,3548.28,17781304.5,87696073.1,437212742
1636.0,S,49,22568.53,3549.86,17781304.5,87696292.4,437213095
1637.0,S,45,22580.94,3551.49,17781304.5,87696388.4,437213340
1638.0,S,44,22591.75,3552.88,17781304.5,87696412.1,437213385
1639.0,S,44,22602.40,3554.46,17781304.5,87696412.5,437213387
1640.0,S,44,22611.30,3555.75,17781304.5,87696567.8,437213693
1641.0,S,44,22620.89,3557.26,17781304.5,87696588.4,437213758
1642.0,S,44,22631.70,3558.65,17781304.5,87696588.6,437213762
1643.0,S,47,22643.08,3560.11,17781304.5,87696724.0,437214005
1644.0,S,43,22653.32,3561.61,17781304.5,87696820.1,437214198
1645.0,S,44,22662.44,3562.95,17781304.5,87696937.8,437214437
1646.0,S,44,22673.07,3564.45,17781304.5,87696938.2,437214440
1647.0,S,44,22683.81,3565.89,17781304.5,87696938.3,437214442
1648.0,S,43,22693.47,3567.31,17781304.5,87696970.3,437214501
1649.0,S,43,22703.28,3568.68,17781304.5,87696985.1,437214540
1650.0,S,48,22709.94,3569.48,17781304.5,87697190.5,437215120
1651.0,S,43,22721.84,3571.27,17781304.5,87697292.4,437215215
1652.0,S,43,22731.70,3572.75,17781304.5,87697292.9,437215218
1653.0,S,43,22741.30,3574.26,17781304.5,87697293.2,437215222
1654.0,S,42,22750.74,3575.67,17781304.5,87697410.4,437215327
1655.0,S,44,22761.36,3577.09,17781304.5,87697410.8,437215328
1656.0,S,44,22771.94,3578.49,17781304.5,87697411.5,437215332
1657.0,S,48,22783.59,3580.00,17781304.5,87697514.4,437215428
1658.0,S,43,22795.99,3581.71,17781304.5,87697664.1,437215714
1659.0,S,44,22805.69,3583.26,17781304.5,87697781.3,437215918
1660.0,S,44,22816.35,3584.72,17781304.5,87697781.6,437215921
1661.0,S,44,22827.05,3586.18,17781304.5,87697782.0,437215921
1662.0,S,44,22837.93,3587.65,17781304.5,87697782.5,437215922
1663.0,S,42,22845.40,3588.91,17781304.5,87697952.0,437216364
1664.0,S,49,22856.10,3590.19,17781304.5,87698055.0,437216587
1665.0,S,45,22870.37,3591.95,17781304.5,87698151.5,437216679
1666.0,S,44,22881.39,3593.52,17781304.5,87698186.5,437216712
1667.0,S,44,22892.10,3594.92,17781304.5,87698186.7,437216712
1668.0,S,45,22902.03,3596.47,17781304.5,87698363.1,437216869
1669.0,S,45,22913.47,3598.19,17781304.5,87698363.6,437216871
1670.0,S,45,22924.86,3599.71,17781304.5,87698364.0,437216873
1671.0,S,48,22933.55,3600.65,17781304.5,87698509.0,437217217
1672.0,S,47,22946.97,3602.43,17781304.5,87698664.6,437217488
1673.0,S,46,22957.88,3604.02,17781304.5,87698784.1,437217739
1674.0,S,45,22969.96,3605.54,17781304.5,87698806.4,437217812
1675.0,S,45,22981.35,3607.26,17781304.5,87698806.7,437217813
1676.0,S,45,22992.82,3608.80,17781304.5,87698807.0,437217814
1677.0,S,42,23001.38,3610.21,17781304.5,87699045.2,437218382
1678.0,S,43,23011.38,3611.64,17781304.5,87699051.1,437218398
1679.0,S,47,23020.86,3612.73,17781304.5,87699154.2,437218740
1680.0,S,43,23031.54,3614.24,17781304.5,87699278.7,437219002
1681.0,S,43,23041.30,3615.72,17781304.5,87699279.0,437219006
1682.0,S,43,23050.20,3617.25,17781304.5,87699397.1,437219205
1683.0,S,42,23059.16,3618.78,17781304.5,87699407.8,437219217
1684.0,S,42,23068.06,3620.16,17781304.5,87699408.0,437219221
1685.0,S,42,23077.00,3621.53,17781304.5,87699408.7,437219227
1686.0,S,49,23088.13,3622.93,17781304.5,87699570.3,437219376
1687.0,S,45,23100.13,3624.68,17781304.5,87699666.7,437219473
1688.0,S,45,23111.64,3626.27,17781304.5,87699667.0,437219477
1689.0,S,45,23123.14,3627.83,17781304.5,87699667.1,437219479
1690.0,S,44,23133.83,3629.33,17781304.5,87699713.4,437219520
1691.0,S,42,23141.48,3630.69,17781304.5,87699890.5,437219833
1692.0,S,57,23155.09,3632.08,17781304.5,87699890.8,437219836
1693.0,S,61,23178.76,3633.26,17781304.5,87699994.7,437220120
1694.0,S,59,23204.73,3634.54,17781304.5,87700059.5,437220280
1695.0,S,57,23223.50,3635.42,17781304.5,87700131.1,437220409
1696.0,S,57,23241.09,3636.33,17781304.5,87700244.5,437220624
1697.0,S,57,23255.98,3637.11,17781304.5,87700576.3,437221415
1698.0,S,57,23273.13,3637.96,17781304.5,87700987.2,437221939
1699.0,S,57,23291.28,3638.80,17781304.5,87701074.9,437222033
1700.0,S,57,23309.23,3639.58,17781304.5,87701139.7,437222197
1701.0,S,57,23326.62,3640.47,17781304.5,87701337.9,437222581
1702.0,S,57,23342.24,3641.32,17781304.5,87701792.3,437223327
1703.0,S,57,23360.15,3642.14,17781304.5,87701948.7,437223545
1704.0,S,57,23378.08,3643.10,17781304.5,87702161.4,437223963
1705.0,S,57,23395.48,3643.96,17781304.5,87702273.3,437224213
1706.0,S,57,23413.10,3644.87,17781304.5,87702397.5,437224505
1707.0,S,57,23427.92,3645.72,17781304.5,87702726.2,437225299
1708.0,S,57,23445.63,3646.61,17781304.5,87702996.0,437225698
1709.1,S,57,23463.75,3647.40,17781304.5,87703119.6,437225806
1710.1,S,57,23481.91,3648.24,17781304.5,87703266.0,437225939
1711.1,S,61,23502.22,3648.88,17781304.5,87703341.5,437226089
1712.1,S,57,23521.33,3649.46,17781304.5,87703583.2,437226606
1713.1,S,57,23530.90,3650.14,17781304.5,87703931.5,437227608
1714.1,S,57,23539.57,3650.68,17781304.5,87704396.6,437228451
1715.1,S,57,23556.77,3651.24,17781304.5,87704519.4,437228561
1716.1,S,56,23573.09,3651.90,17781304.5,87704542.8,437228585
1717.1,S,56,23589.34,3652.54,17781304.5,87704543.8,437228592
1718.1,S,53,23600.33,3653.06,17781304.5,87704929.1,437229397
1719.1,S,43,23606.15,3653.74,17781304.5,87705465.2,437230079
1720.1,S,42,23612.55,3655.34,17781304.5,87705477.5,437230114
1721.1,S,43,23622.17,3656.77,17781304.5,87705478.7,437230132
1722.1,S,43,23631.78,3658.23,17781304.5,87705480.2,437230136
1723.1,S,43,23641.34,3659.74,17781304.5,87705480.4,437230138
1724.1,S,42,23650.33,3661.14,17781304.5,87705572.3,437230423
1725.1,S,47,23661.27,3662.70,17781304.5,87705658.5,437230604
1726.1,S,43,23672.08,3664.25,17781304.5,87705754.3,437230780
1727.1,S,43,23681.74,3665.66,17781304.5,87705754.9,437230781
1728.1,S,43,23691.34,3667.07,17781304.5,87705755.4,437230784
1729.1,S,43,23700.56,3668.65,17781304.5,87705872.7,437230991
1730.1,S,43,23710.33,3670.04,17781304.5,87705873.0,437230992
1731.1,S,43,23719.98,3671.49,17781304.5,87705873.2,437230995
1732.1,S,46,23727.71,3672.49,17781304.5,87705951.9,437231383
1733.1,S,42,23737.99,3673.98,17781304.5,87706048.0,437231577
1734.1,S,43,23747.12,3675.53,17781304.5,87706108.9,437231731
1735.1,S,43,23756.81,3676.84,17781304.5,87706109.3,437231734
1736.1,S,42,23766.07,3678.20,17781304.5,87706140.6,437231789
1737.1,S,42,23774.80,3679.69,17781304.5,87706140.8,437231791
1738.1,S,43,23783.68,3681.07,17781304.5,87706199.6,437231928
1739.1,S,47,23793.82,3682.49,17781304.5,87706256.6,437232048
1740.1,S,43,23805.18,3684.13,17781304.5,87706352.5,437232238
1741.1,S,43,23814.84,3685.66,17781304.5,87706352.8,437232240
1742.1,S,42,23823.96,3687.07,17781304.5,87706465.3,437232388
1743.1,S,44,23834.28,3688.58,17781304.5,87706465.9,437232392
1744.1,S,44,23844.93,3689.97,17781304.5,87706561.1,437232474
1745.1,S,43,23854.59,3691.37,17781304.5,87706590.0,437232504
1746.1,S,47,23865.42,3692.94,17781304.5,87706597.9,437232528
1747.1,S,43,23877.02,3694.53,17781304.5,87706811.3,437232802
1748.1,S,43,23886.79,3695.95,17781304.5,87706811.9,437232804
1749.1,S,43,23896.53,3697.39,17781304.5,87706812.1,437232807
1750.1,S,43,23906.19,3698.72,17781304.5,87706812.7,437232809
1751.1,S,44,23915.49,3700.22,17781304.5,87706926.9,437233019
1752.1,S,44,23926.13,3701.63,17781304.5,87706936.5,437233035
1753.1,S,47,23934.38,3702.84,17781304.5,87707049.2,437233346
1754.1,S,43,23946.73,3704.57,17781304.5,87707145.4,437233574
1755.1,S,43,23955.87,3706.09,17781304.5,87707244.6,437233834
1756.1,S,44,23965.98,3707.63,17781304.5,87707262.7,437233871
1757.1,S,44,23976.56,3709.08,17781304.5,87707263.1,437233877
1758.1,S,44,23987.14,3710.57,17781304.5,87707263.2,437233878
1759.1,S,44,23997.59,3712.09,17781304.5,87707305.6,437233945
1760.1,S,48,24005.12,3713.50,17781304.5,87707538.7,437234459
1761.1,S,48,24018.21,3715.22,17781304.5,87707600.8,437234659
1762.1,S,44,24028.44,3716.66,17781304.5,87707635.1,437234743
1763.1,S,44,24039.11,3718.20,17781304.5,87707635.4,437234746
1764.1,S,43,24049.34,3719.64,17781304.5,87707683.9,437234847
1765.1,S,44,24059.10,3721.15,17781304.5,87707801.0,437234988
1766.1,S,43,24069.44,3722.62,17781304.5,87707821.5,437235007
1767.1,S,47,24078.94,3723.91,17781304.5,87707924.4,437235100
1768.1,S,43,24091.59,3725.60,17781304.5,87708021.3,437235194
1769.1,S,44,24100.54,3727.12,17781304.5,87708137.8,437235456
1770.1,S,44,24111.17,3728.55,17781304.5,87708138.3,437235459
1771.1,S,43,24121.22,3729.90,17781304.5,87708158.5,437235500
1772.1,S,43,24130.97,3731.46,17781304.5,87708158.9,437235504
1773.1,S,43,24140.84,3732.89,17781304.5,87708159.1,437235506
1774.1,S,48,24148.23,3734.00,17781304.5,87708379.8,437236076
1775.1,S,48,24162.15,3735.74,17781304.5,87708427.8,437236167
1776.1,S,44,24172.95,3737.44,17781304.5,87708476.5,437236255
1777.1,S,43,24183.38,3738.96,17781304.5,87708524.8,437236344
1778.1,S,44,24192.58,3740.51,17781304.5,87708641.9,437236497
1779.1,S,44,24203.18,3742.05,17781304.5,87708642.7,437236501
1780.1,S,43,24213.31,3743.47,17781304.5,87708664.6,437236524
1781.1,S,47,24222.93,3744.76,17781304.5,87708767.2,437236616
1782.1,S,43,24235.27,3746.46,17781304.5,87708863.5,437236704
1783.1,S,44,24244.61,3747.91,17781304.5,87708980.0,437236849
1784.1,S,44,24255.28,3749.39,17781304.5,87708980.4,437236851
1785.1,S,43,24265.13,3750.73,17781304.5,87709006.4,437236899
1786.1,S,43,24274.83,3752.18,17781304.5,87709006.6,437236903
1787.1,S,44,24283.41,3753.43,17781304.5,87709123.9,437237185
1788.1,S,44,24292.04,3754.63,17781304.5,87709217.9,437237428
1789.2,S,48,24305.87,3756.28,17781304.5,87709227.0,437237461
1790.2,S,44,24316.16,3757.70,17781304.5,87709323.1,437237671
1791.2,S,43,24326.08,3759.11,17781304.5,87709373.3,437237780
1792.2,S,44,24335.04,3760.50,17781304.5,87709490.1,437238013
1793.2,S,44,24345.74,3761.97,17781304.5,87709490.6,437238026
1794.2,S,44,24356.36,3763.44,17781304.5,87709490.9,437238030
1795.2,S,43,24366.18,3764.97,17781304.5,87709530.2,437238125
1796.2,S,49,24376.10,3766.35,17781304.5,87709749.8,437238583
1797.2,S,45,24388.50,3767.93,17781304.5,87709846.4,437238797
1798.2,S,45,24400.10,3769.60,17781304.5,87709846.6,437238799
1799.2,S,44,24410.87,3771.06,17781304.5,87709877.1,437238940
1800.2,S,44,24421.56,3772.58,17781304.5,87709877.3,437238940
1801.2,S,45,24431.64,3774.28,17781304.5,87710053.2,437239166
1802.2,S,45,24443.23,3775.72,17781304.5,87710053.8,437239167
1803.2,S,48,24456.51,3777.45,17781304.5,87710182.6,437239284
1804.2,S,44,24467.70,3779.06,17781304.5,87710278.8,437239371
1805.2,S,43,24477.68,3780.62,17781304.5,87710417.0,437239611
1806.2,S,44,24487.07,3782.18,17781304.5,87710457.5,437239711
1807.2,S,44,24497.74,3783.59,17781304.5,87710457.8,437239715
1808.2,S,44,24508.25,3785.05,17781304.5,87710458.2,437239719
1809.2,S,44,24518.62,3786.34,17781304.5,87710483.2,437239760
1810.2,S,48,24527.57,3787.44,17781304.5,87710735.4,437240306
1811.2,S,44,24538.06,3788.90,17781304.5,87710831.4,437240536
1812.2,S,44,24548.65,3790.39,17781304.5,87710831.7,437240537
1813.2,S,44,24559.26,3791.84,17781304.5,87710832.2,437240539
1814.2,S,43,24569.76,3793.30,17781304.5,87710886.1,437240586
1815.2,S,42,24578.48,3794.75,17781304.5,87711004.9,437240690
1816.2,S,57,24593.92,3796.16,17781304.5,87711005.0,437240694
1817.2,S,61,24619.71,3797.29,17781304.5,87711108.6,437240792
1818.2,S,57,24644.77,3798.52,17781304.5,87711204.7,437240939
1819.2,S,57,24662.72,3799.34,17781304.5,87711205.6,437240944
1820.2,S,57,24679.93,3800.09,17781304.5,87711386.3,437241330
1821.2,S,57,24693.81,3800.85,17781304.5,87711766.6,437242120
1822.2,S,57,24708.02,3801.68,17781304.5,87712097.0,437242891
1823.2,S,57,24725.91,3802.43,17781304.5,87712097.2,437242893
1824.2,S,57,24743.74,3803.21,17781304.5,87712193.6,437243051
1825.2,S,57,24761.34,3804.00,17781304.5,87712466.1,437243292
1826.2,S,57,24778.48,3804.76,17781304.5,87712735.4,437243733
1827.2,S,57,24794.68,3805.60,17781304.5,87712999.0,437244440
1828.2,S,57,24809.80,3806.42,17781304.5,87713317.9,437245150
1829.2,S,57,24827.63,3807.21,17781304.5,87713410.5,437245357
1830.2,S,57,24844.33,3808.09,17781304.5,87713579.8,437245632
1831.2,S,57,24861.89,3808.89,17781304.5,87713824.7,437245844
1832.2,S,57,24879.06,3809.77,17781304.5,87714027.6,437246243
1833.2,S,57,24895.58,3810.57,17781304.5,87714253.1,437246768
1834.2,S,57,24911.45,3811.36,17781304.5,87714439.7,437247145
1835.2,S,57,24929.30,3812.16,17781304.5,87714568.4,437247254
1836.2,S,57,24946.78,3812.97,17781304.5,87714844.3,437247629
1837.2,S,61,24967.31,3813.49,17781304.5,87715037.7,437247987
1838.2,S,57,24983.09,3814.21,17781304.5,87715400.8,437248823
1839.2,S,57,25000.06,3814.88,17781304.5,87715524.0,437249086
1840.2,S,56,25014.52,3815.56,17781304.5,87715901.0,437249722
1841.2,S,56,25030.65,3816.20,17781304.5,87716077.3,437249902
1842.2,S,51,25042.39,3816.78,17781304.5,87716396.8,437250561
1843.3,S,42,25047.15,3817.63,17781304.5,87716723.8,437251376
1844.3,S,43,25055.59,3819.70,17781304.5,87716725.0,437251385
1845.3,S,43,25065.15,3821.20,17781304.5,87716725.2,437251386
1846.3,S,43,25074.78,3822.57,17781304.5,87716725.4,437251388
1847.3,S,43,25084.39,3823.99,17781304.5,87716728.1,437251396
1848.3,S,43,25093.00,3825.51,17781304.5,87716880.9,437251688
1849.3,S,47,25104.22,3827.00,17781304.5,87716906.9,437251750
1850.3,S,43,25115.90,3828.70,17781304.5,87717002.8,437251972
1851.3,S,42,25125.37,3830.00,17781304.5,87717041.4,437252038
1852.3,S,42,25134.17,3831.44,17781304.5,87717041.5,437252040
1853.3,S,43,25143.56,3832.79,17781304.5,87717100.3,437252094
1854.3,S,43,25153.28,3834.10,17781304.5,87717100.4,437252096
1855.3,S,42,25162.56,3835.45,17781304.5,87717135.2,437252128
1856.3,S,46,25173.93,3837.02,17781304.5,87717182.8,437252176
1857.3,S,43,25183.48,3838.57,17781304.5,87717336.4,437252314
1858.3,S,43,25193.27,3839.95,17781304.5,87717337.2,437252314
1859.3,S,42,25203.00,3841.36,17781304.5,87717372.2,437252347
1860.3,S,42,25211.86,3842.72,17781304.5,87717372.3,437252349
1861.3,S,44,25221.21,3844.17,17781304.5,87717430.3,437252425
1862.3,S,47,25229.86,3845.39,17781304.5,87717493.1,437252609
1863.3,S,47,25242.66,3847.08,17781304.5,87717531.4,437252684
1864.3,S,43,25251.81,3848.48,17781304.5,87717589.8,437252847
1865.3,S,43,25261.49,3849.92,17781304.5,87717607.9,437252896
1866.3,S,43,25269.56,3851.25,17781304.5,87717706.9,437253128
1867.3,S,43,25279.40,3852.64,17781304.5,87717707.1,437253135
1868.3,S,43,25289.09,3854.19,17781304.5,87717805.4,437253380
1869.3,S,48,25298.37,3855.62,17781304.5,87717860.8,437253507
1870.3,S,48,25311.50,3857.43,17781304.5,87717942.7,437253587
1871.3,S,44,25322.03,3858.97,17781304.5,87718015.2,437253656
1872.3,S,43,25332.53,3860.52,17781304.5,87718049.2,437253685
1873.3,S,43,25342.23,3861.94,17781304.5,87718049.5,437253687
1874.3,S,42,25351.34,3863.45,17781304.5,87718165.3,437253788
1875.3,S,44,25361.89,3864.96,17781304.5,87718166.1,437253792
1876.3,S,48,25372.03,3866.28,17781304.5,87718268.9,437253915
1877.3,S,48,25386.07,3867.97,17781304.5,87718331.9,437254021
1878.3,S,43,25395.93,3869.43,17781304.5,87718412.7,437254246
1879.3,S,44,25405.16,3871.04,17781304.5,87718529.1,437254566
1880.3,S,44,25415.87,3872.53,17781304.5,87718530.1,437254569
1881.3,S,44,25426.54,3873.96,17781304.5,87718530.4,437254573
1882.3,S,44,25437.04,3875.46,17781304.5,87718576.7,437254646
1883.3,S,42,25444.48,3876.54,17781304.5,87718730.1,437254938
1884.3,S,48,25455.11,3877.76,17781304.5,87718796.2,437255189
1885.3,S,43,25465.73,3879.28,17781304.5,87718908.3,437255463
1886.3,S,43,25475.47,3880.67,17781304.5,87718908.8,437255471
1887.3,S,43,25485.20,3882.17,17781304.5,87718909.0,437255474
1888.3,S,44,25494.05,3883.56,17781304.5,87719025.7,437255707
1889.3,S,44,25504.64,3885.11,17781304.5,87719026.3,437255710
1890.3,S,44,25515.26,3886.58,17781304.5,87719026.5,437255710
1891.4,S,48,25526.32,3887.92,17781304.5,87719173.3,437256022
1892.4,S,43,25537.27,3889.40,17781304.5,87719269.7,437256180
1893.4,S,44,25547.00,3890.86,17781304.5,87719386.2,437256282
1894.4,S,44,25557.59,3892.35,17781304.5,87719386.5,437256283
1895.4,S,44,25568.18,3893.78,17781304.5,87719387.1,437256286
1896.4,S,43,25578.31,3895.22,17781304.5,87719430.6,437256325
1897.4,S,44,25587.74,3896.69,17781304.5,87719547.8,437256431
1898.4,S,47,25597.58,3897.93,17781304.5,87719665.7,437256746
1899.4,S,43,25609.11,3899.43,17781304.5,87719762.0,437256961
1900.4,S,43,25618.89,3900.91,17781304.5,87719762.2,437256964
1901.4,S,43,25628.39,3902.32,17781304.5,87719804.1,437257053
1902.4,S,43,25637.91,3903.90,17781304.5,87719886.7,437257229
1903.4,S,43,25647.71,3905.41,17781304.5,87719886.9,437257233
1904.4,S,43,25657.43,3906.81,17781304.5,87719887.1,437257235
1905.4,S,47,25666.92,3908.07,17781304.5,87719989.8,437257454
1906.4,S,44,25678.63,3909.65,17781304.5,87720202.1,437257716
1907.4,S,44,25689.14,3911.18,17781304.5,87720230.5,437257751
1908.4,S,43,25699.14,3912.76,17781304.5,87720258.6,437257780
1909.4,S,43,25708.68,3914.09,17781304.5,87720258.7,437257782
1910.4,S,44,25717.99,3915.73,17781304.5,87720375.4,437257882
1911.4,S,44,25728.44,3917.27,17781304.5,87720375.6,437257885
1912.4,S,48,25737.32,3918.55,17781304.5,87720479.2,437258162
1913.4,S,44,25750.35,3920.21,17781304.5,87720600.9,437258391
1914.4,S,43,25760.13,3921.63,17781304.5,87720614.2,437258444
1915.4,S,44,25769.14,3923.03,17781304.5,87720732.9,437258683
1916.4,S,44,25779.77,3924.53,17781304.5,87720733.2,437258687
1917.4,S,44,25790.48,3925.93,17781304.5,87720733.6,437258689
1918.4,S,44,25800.91,3927.52,17781304.5,87720733.9,437258693
1919.4,S,44,25809.26,3928.66,17781304.5,87720865.6,437258924
1920.5,S,48,25820.96,3930.19,17781304.5,87721012.8,437259205
1921.5,S,44,25830.73,3931.71,17781304.5,87721108.9,437259522
1922.5,S,44,25841.43,3933.15,17781304.5,87721109.2,437259526
1923.5,S,43,25851.37,3934.58,17781304.5,87721150.3,437259613
1924.5,S,42,25859.70,3935.94,17781304.5,87721268.9,437259869
1925.5,S,44,25870.52,3937.47,17781304.5,87721273.0,437259888
1926.5,S,44,25881.24,3939.00,17781304.5,87721273.2,437259892
1927.5,S,48,25891.68,3940.19,17781304.5,87721375.8,437260183
1928.5,S,44,25904.08,3941.74,17781304.5,87721472.1,437260276
1929.5,S,44,25913.71,3943.14,17781304.5,87721647.8,437260431
1930.5,S,44,25924.39,3944.58,17781304.5,87721648.3,437260436
1931.5,S,43,25934.90,3945.95,17781304.5,87721678.1,437260465
1932.5,S,43,25944.45,3947.49,17781304.5,87721678.3,437260467
1933.5,S,42,25953.73,3948.90,17781304.5,87721793.0,437260629
1934.5,S,49,25964.34,3950.37,17781304.5,87721901.1,437260906
1935.5,S,45,25977.25,3952.10,17781304.5,87721997.3,437261140
1936.5,S,45,25988.79,3953.52,17781304.5,87721997.5,437261141
1937.5,S,44,25999.93,3955.00,17781304.5,87722042.1,437261228
1938.5,S,42,26008.38,3956.46,17781304.5,87722218.5,437261684
1939.5,S,46,26020.80,3958.14,17781304.5,87722227.4,437261705
1940.5,S,46,26033.31,3959.75,17781304.5,87722227.4,437261705
1941.5,S,50,26046.23,3961.19,17781304.5,87722330.7,437261918
1942.5,S,46,26059.87,3962.74,17781304.5,87722426.9,437262202
1943.5,S,44,26065.41,3963.36,17781304.5,87722651.1,437262679
1944.5,S,42,26069.57,3964.08,17781304.5,87722725.0,437262839
1945.5,S,57,26078.03,3964.82,17781304.5,87722725.3,437262843
1946.5,S,57,26096.17,3965.63,17781304.5,87722726.1,437262848
1947.5,S,57,26114.35,3966.36,17781304.5,87722726.5,437262850
1948.5,S,57,26132.35,3967.18,17781304.5,87722726.8,437262856
1949.5,S,57,26150.27,3967.97,17781304.5,87722931.7,437263033
1950.5,S,57,26163.11,3968.77,17781304.5,87723333.6,437263854
1951.5,S,57,26180.56,3969.68,17781304.5,87723523.1,437264255
1952.5,S,57,26198.37,3970.61,17781304.5,87723849.9,437264552
1953.5,S,57,26216.42,3971.43,17781304.5,87723908.4,437264605
1954.5,S,57,26234.59,3972.29,17781304.5,87723930.5,437264654
1955.5,S,57,26251.14,3973.15,17781304.5,87724258.6,437265372
1956.5,S,57,26265.36,3974.07,17781304.5,87724574.7,437266063
1957.5,S,57,26281.20,3974.99,17781304.5,87724884.4,437266819
1958.5,S,57,26299.24,3975.81,17781304.5,87724985.3,437266912
1959.5,S,57,26317.28,3976.52,17781304.5,87725042.7,437266966
1960.5,S,57,26335.35,3977.34,17781304.5,87725173.5,437267080
1961.5,S,61,26351.72,3978.03,17781304.5,87725574.0,437267921
1962.6,S,61,26367.11,3978.89,17781304.5,87725989.2,437268851
1963.6,S,57,26382.80,3979.69,17781304.5,87726210.9,437269322
1964.6,S,57,26400.14,3980.39,17781304.5,87726238.7,437269358
1965.6,S,57,26417.38,3981.13,17781304.5,87726412.4,437269508
1966.6,S,57,26433.99,3981.84,17781304.5,87726717.7,437269966
1967.6,S,57,26449.39,3982.55,17781304.5,87727088.0,437270689
1968.6,S,57,26466.77,3983.29,17781304.5,87727088.6,437270690
1969.6,S,56,26483.12,3984.08,17781304.5,87727333.0,437270910
1970.6,S,56,26499.33,3984.83,17781304.5,87727555.3,437271255
1971.6,S,56,26515.53,3985.60,17781304.5,87727737.2,437271642
1972.6,S,52,26525.04,3986.27,17781304.6,87728141.2,437272533
1973.6,S,44,26528.56,3986.81,17781304.6,87728424.6,437273182
1974.6,S,42,26534.36,3988.29,17781304.6,87728448.6,437273209
1975.6,S,44,26543.98,3990.00,17781304.6,87728449.8,437273213
1976.6,S,44,26554.54,3991.50,17781304.6,87728451.6,437273219
1977.6,S,44,26565.06,3992.96,17781304.6,87728451.7,437273221
1978.6,S,47,26575.43,3994.38,17781304.6,87728528.0,437273302
1979.6,S,47,26588.67,3996.01,17781304.6,87728699.7,437273452
1980.6,S,44,26599.15,3997.62,17781304.6,87728739.9,437273491
1981.6,S,44,26609.73,3999.26,17781304.6,87728740.1,437273493
1982.6,S,44,26620.42,4000.72,17781304.6,87728740.3,437273494
1983.6,S,42,26629.57,4002.04,17781304.6,87728910.5,437273804
1984.6,S,44,26639.92,4003.66,17781304.6,87728910.9,437273808
1985.6,S,47,26649.83,4005.05,17781304.6,87728979.3,437273954
1986.6,S,46,26662.94,4006.75,17781304.6,87729025.9,437274065
1987.6,S,43,26672.50,4008.12,17781304.6,87729075.9,437274175
1988.6,S,44,26680.94,4009.50,17781304.6,87729191.6,437274480
1989.6,S,44,26691.38,4011.07,17781304.6,87729191.8,437274482
1990.6,S,43,26700.94,4012.60,17781304.6,87729213.2,437274532
1991.6,S,43,26710.74,4013.97,17781304.6,87729213.6,437274534
1992.6,S,43,26719.01,4015.27,17781304.6,87729270.4,437274740
1993.6,S,49,26727.92,4016.28,17781304.6,87729473.4,437275243
1994.6,S,44,26739.81,4018.02,17781304.6,87729584.7,437275460
1995.6,S,44,26750.51,4019.37,17781304.6,87729584.9,437275464
1996.6,S,44,26761.19,4020.79,17781304.6,87729585.5,437275469
1997.6,S,43,26770.50,4022.39,17781304.6,87729760.5,437275768
1998.6,S,43,26780.28,4023.88,17781304.6,87729760.9,437275771
1999.6,S,42,26789.85,4025.18,17781304.6,87729792.2,437275800
2000.6,S,46,26801.03,4026.61,17781304.6,87729816.2,437275834
2001.6,S,42,26810.58,4028.11,17781304.6,87729912.2,437275919
2002.6,S,42,26819.53,4029.62,17781304.6,87729977.0,437275980
2003.6,S,42,26828.39,4031.08,17781304.6,87729977.6,437275982
2004.6,S,42,26836.88,4032.34,17781304.6,87729977.9,437275984
2005.6,S,42,26845.51,4033.71,17781304.6,87729978.0,437275986
2006.6,S,44,26854.98,4035.10,17781304.6,87730036.0,437276040
2007.6,S,48,26867.30,4036.71,17781304.6,87730138.9,437276164
2008.6,S,43,26877.40,4038.21,17781304.6,87730255.6,437276527
2009.6,S,43,26886.97,4039.63,17781304.6,87730255.8,437276527
2010.6,S,43,26896.46,4041.04,17781304.6,87730280.1,437276585
2011.6,S,44,26905.65,4042.37,17781304.6,87730372.9,437276819
2012.6,S,44,26916.35,4043.77,17781304.6,87730373.2,437276820
2013.6,S,44,26926.98,4045.21,17781304.6,87730373.7,437276821
2014.6,S,47,26936.66,4046.38,17781304.6,87730517.2,437277146
2015.6,S,44,26947.18,4047.93,17781304.6,87730729.2,437277396
2016.6,S,43,26957.89,4049.42,17781304.6,87730746.3,437277416
2017.6,S,43,26967.70,4050.87,17781304.6,87730746.6,437277419
2018.6,S,43,26977.43,4052.39,17781304.6,87730746.9,437277419
2019.6,S,42,26986.51,4053.86,17781304.6,87730863.3,437277524
2020.6,S,44,26996.83,4055.45,17781304.6,87730863.9,437277530
2021.6,S,48,27008.42,4056.97,17781304.6,87730967.3,437277651
2022.6,S,43,27019.47,4058.49,17781304.6,87731093.5,437277944
2023.6,S,43,27029.17,4059.89,17781304.6,87731093.7,437277946
2024.6,S,45,27038.23,4061.27,17781304.6,87731238.1,437278247
2025.6,S,45,27049.74,4062.82,17781304.6,87731238.5,437278251
2026.6,S,44,27060.74,4064.36,17781304.6,87731264.0,437278376
2027.6,S,44,27071.29,4065.86,17781304.6,87731264.8,437278379
2028.6,S,48,27080.71,4067.15,17781304.6,87731445.5,437278811
2029.6,S,45,27093.09,4068.64,17781304.6,87731637.5,437279197
2030.6,S,45,27104.65,4070.23,17781304.6,87731638.0,437279200
2031.6,S,44,27115.74,4071.77,17781304.6,87731666.4,437279259
2032.6,S,44,27126.51,4073.10,17781304.6,87731666.9,437279259
2033.6,S,42,27135.18,4074.43,17781304.6,87731841.5,437279703
2034.6,S,46,27146.81,4076.18,17781304.6,87731842.2,437279704
2035.6,S,49,27158.58,4077.58,17781304.6,87731970.1,437279898
2036.6,S,46,27173.65,4079.41,17781304.6,87732042.0,437279962
2037.6,S,45,27185.22,4080.99,17781304.6,87732066.4,437279986
2038.6,S,45,27195.06,4082.52,17781304.6,87732303.8,437280224
2039.6,S,45,27206.61,4084.11,17781304.6,87732304.3,437280228
2040.6,S,45,27218.07,4085.69,17781304.6,87732304.5,437280232
2041.6,S,45,27229.60,4087.26,17781304.6,87732304.7,437280236
2042.6,S,49,27239.81,4088.58,17781304.6,87732459.3,437280562
2043.6,S,48,27250.03,4089.81,17781304.6,87732692.1,437281065
2044.7,S,44,27261.15,4091.42,17781304.6,87732736.3,437281313
2045.7,S,44,27271.71,4092.93,17781304.6,87732766.7,437281372
2046.7,S,43,27281.20,4094.42,17781304.6,87732771.3,437281388
2047.7,S,42,27289.39,4095.71,17781304.6,87732889.2,437281733
2048.7,S,45,27300.53,4097.28,17781304.6,87732889.5,437281734
2049.7,S,44,27311.43,4098.63,17781304.6,87732905.6,437281766
2050.7,S,48,27322.83,4100.02,17781304.6,87733008.7,437281994
2051.7,S,44,27334.11,4101.64,17781304.6,87733105.1,437282163
2052.7,S,44,27343.74,4103.14,17781304.6,87733283.7,437282443
2053.7,S,44,27354.37,4104.73,17781304.6,87733284.0,437282447
2054.7,S,44,27364.90,4106.23,17781304.6,87733284.5,437282449
2055.7,S,44,27375.62,4107.69,17781304.6,87733284.8,437282453
2056.7,S,42,27385.57,4109.22,17781304.6,87733460.4,437282608
2057.7,S,49,27398.90,4110.81,17781304.6,87733563.4,437282704
2058.7,S,45,27411.24,4112.39,17781304.6,87733659.2,437282849
2059.7,S,44,27422.12,4113.91,17781304.6,87733686.5,437282913
2060.7,S,44,27432.87,4115.39,17781304.6,87733687.4,437282922
2061.7,S,43,27440.09,4116.49,17781304.6,87733859.6,437283456
2062.7,S,46,27451.51,4118.14,17781304.6,87733866.7,437283480
2063.7,S,46,27464.04,4119.74,17781304.6,87733867.0,437283484
2064.7,S,50,27476.17,4121.08,17781304.6,87733969.8,437283729
2065.7,S,46,27491.16,4123.01,17781304.6,87734065.9,437283916
2066.7,S,45,27500.99,4124.66,17781304.6,87734359.5,437284162
2067.7,S,44,27512.30,4126.28,17781304.6,87734371.0,437284178
2068.7,S,44,27522.85,4127.86,17781304.6,87734371.1,437284180
2069.7,S,44,27533.57,4129.26,17781304.6,87734371.4,437284182
2070.7,S,43,27544.12,4130.71,17781304.6,87734445.4,437284290
2071.7,S,49,27553.62,4132.04,17781304.6,87734651.9,437284742
2072.7,S,45,27566.71,4133.84,17781304.6,87734748.6,437284929
2073.7,S,45,27578.26,4135.45,17781304.6,87734748.6,437284929
2074.7,S,45,27589.94,4136.91,17781304.6,87734748.8,437284931
2075.7,S,45,27599.58,4138.34,17781304.6,87734895.2,437285269
2076.7,S,45,27606.38,4139.46,17781304.6,87734983.3,437285649
2077.7,S,44,27617.37,4140.95,17781304.6,87734996.4,437285686
2078.7,S,44,27626.71,4142.21,17781304.6,87735079.6,437285841
2079.7,S,48,27640.58,4143.91,17781304.6,87735099.5,437285890
2080.7,S,44,27647.31,4144.88,17781304.6,87735264.1,437286264
2081.7,S,42,27651.57,4145.68,17781304.6,87735372.3,437286498
2082.7,S,57,27662.26,4146.40,17781304.6,87735372.7,437286501
2083.7,S,57,27680.70,4147.33,17781304.6,87735374.0,437286504
2084.7,S,57,27699.21,4148.23,17781304.6,87735374.3,437286507
2085.7,S,57,27717.86,4149.11,17781304.6,87735374.4,437286508
2086.7,S,57,27736.20,4150.06,17781304.6,87735523.6,437286638
2087.7,S,57,27749.06,4150.96,17781304.6,87736006.0,437287577
2088.8,S,57,27762.95,4151.88,17781304.6,87736379.1,437288332
2089.8,S,57,27780.74,4152.87,17781304.6,87736408.9,437288400
2090.8,S,57,27799.26,4153.80,17781304.6,87736409.2,437288403
2091.8,S,57,27817.67,4154.71,17781304.6,87736425.9,437288430
2092.8,S,57,27834.12,4155.60,17781304.6,87736911.9,437289266
2093.8,S,57,27849.02,4156.57,17781304.6,87737315.1,437290027
2094.8,S,57,27864.84,4157.43,17781304.6,87737547.4,437290514
2095.8,S,57,27883.47,4158.31,17781304.6,87737547.5,437290516
2096.8,S,57,27901.95,4159.22,17781304.6,87737547.7,437290520
2097.8,S,61,27920.15,4160.07,17781304.6,87737915.0,437290861
2098.8,S,61,27939.09,4160.73,17781304.6,87738272.3,437291641
2099.8,S,57,27954.32,4161.56,17781304.6,87738555.6,437292340
2100.8,S,57,27971.65,4162.32,17781304.6,87738674.9,437292630
2101.8,S,57,27988.70,4163.00,17781304.6,87738796.7,437292900
2102.8,S,57,28005.71,4163.71,17781304.6,87739082.8,437293199
2103.8,S,57,28023.00,4164.42,17781304.6,87739295.5,437293467
2104.8,S,57,28034.23,4165.12,17781304.6,87739668.9,437294433
2105.8,S,57,28051.71,4165.83,17781304.6,87739789.6,437294538
2106.8,S,56,28068.59,4166.58,17781304.6,87739954.0,437294680
2107.8,S,56,28085.19,4167.35,17781304.6,87740054.3,437294879
2108.8,S,56,28100.19,4168.16,17781304.6,87740304.5,437295438
2109.8,S,54,28113.55,4168.91,17781304.6,87740662.5,437296130
2110.8,S,45,28118.83,4169.43,17781304.6,87740968.5,437296943
2111.8,S,42,28124.86,4171.12,17781304.6,87741021.1,437297004
2112.8,S,43,28134.17,4172.68,17781304.6,87741022.5,437297011
2113.8,S,43,28143.77,4174.05,17781304.6,87741067.0,437297049
2114.8,S,43,28153.50,4175.40,17781304.6,87741067.3,437297051
2115.8,S,47,28165.30,4176.92,17781304.6,87741093.6,437297081
2116.8,S,44,28175.58,4178.52,17781304.6,87741301.7,437297263
2117.8,S,44,28186.30,4179.87,17781304.6,87741303.3,437297266
2118.8,S,44,28196.93,4181.40,17781304.6,87741303.5,437297268
2119.8,S,43,28207.25,4183.02,17781304.6,87741351.3,437297337
2120.8,S,44,28215.96,4184.47,17781304.6,87741466.5,437297584
2121.8,S,44,28226.56,4185.84,17781304.6,87741467.2,437297586
2122.8,S,48,28238.35,4187.44,17781304.6,87741514.1,437297675
2123.8,S,44,28250.93,4189.17,17781304.6,87741610.4,437297862
2124.8,S,43,28261.13,4190.75,17781304.6,87741660.0,437297970
2125.8,S,43,28270.46,4192.20,17781304.6,87741779.8,437298218
2126.8,S,43,28280.00,4193.56,17781304.6,87741780.0,437298222
2127.8,S,43,28289.77,4195.04,17781304.6,87741780.4,437298224
2128.8,S,43,28299.62,4196.55,17781304.6,87741856.6,437298405
2129.8,S,48,28309.92,4197.89,17781304.6,87742030.9,437298844
2130.8,S,44,28321.57,4199.59,17781304.6,87742126.9,437299070
2131.8,S,44,28332.31,4200.92,17781304.6,87742127.1,437299072
2132.8,S,43,28342.13,4202.38,17781304.6,87742160.4,437299143
2133.8,S,43,28351.93,4203.80,17781304.6,87742161.0,437299143
2134.8,S,45,28361.53,4205.39,17781304.6,87742276.6,437299406
2135.8,S,45,28373.02,4206.82,17781304.6,87742277.1,437299410
2136.8,S,48,28385.95,4208.35,17781304.6,87742330.0,437299587
2137.8,S,44,28397.83,4209.96,17781304.6,87742426.0,437299675
2138.8,S,44,28407.55,4211.48,17781304.6,87742598.8,437299828
2139.8,S,44,28418.37,4212.96,17781304.6,87742627.8,437299868
2140.8,S,43,28428.34,4214.32,17781304.6,87742643.8,437299884
2141.8,S,43,28438.03,4215.83,17781304.6,87742644.2,437299890
2142.8,S,43,28447.65,4217.29,17781304.6,87742644.5,437299893
2143.8,S,48,28454.90,4218.33,17781304.6,87742861.9,437300355
2144.8,S,44,28467.56,4220.08,17781304.6,87742959.0,437300583
2145.8,S,44,28478.16,4221.56,17781304.6,87742959.1,437300585
2146.8,S,43,28488.14,4223.06,17781304.6,87742999.6,437300688
2147.8,S,42,28496.72,4224.48,17781304.6,87743115.7,437300914
2148.8,S,44,28507.14,4225.97,17781304.6,87743127.2,437300934
2149.8,S,43,28516.70,4227.46,17781304.6,87743129.5,437300947
2150.8,S,47,28526.08,4228.66,17781304.6,87743232.9,437301098
2151.8,S,43,28538.54,4230.29,17781304.6,87743328.9,437301185
2152.8,S,44,28548.40,4231.79,17781304.6,87743444.8,437301289
2153.8,S,44,28559.29,4233.14,17781304.6,87743445.0,437301291
2154.8,S,44,28569.99,4234.60,17781304.6,87743445.2,437301294
2155.8,S,43,28579.85,4235.99,17781304.6,87743485.9,437301330
2156.8,S,44,28588.66,4237.33,17781304.6,87743601.9,437301545
2157.8,S,48,28597.56,4238.38,17781304.6,87743704.5,437301793
2158.8,S,48,28611.44,4240.19,17781304.6,87743733.9,437301841
2159.9,S,43,28621.75,4241.66,17781304.6,87743840.6,437302107
2160.9,S,43,28631.23,4243.16,17781304.6,87743878.3,437302168
2161.9,S,44,28640.74,4244.60,17781304.6,87743957.3,437302316
2162.9,S,44,28651.38,4245.99,17781304.6,87743957.6,437302317
2163.9,S,44,28662.14,4247.43,17781304.6,87743957.8,437302319
2164.9,S,43,28670.09,4248.52,17781304.6,87744050.3,437302641
2165.9,S,47,28682.00,4250.11,17781304.6,87744197.6,437302957
2166.9,S,44,28692.43,4251.61,17781304.6,87744321.2,437303297
2167.9,S,44,28703.03,4253.04,17781304.6,87744321.5,437303300
2168.9,S,44,28713.70,4254.52,17781304.6,87744321.6,437303307
2169.9,S,44,28724.19,4256.16,17781304.6,87744321.9,437303309
2170.9,S,45,28733.20,4257.61,17781304.6,87744496.3,437303659
2171.9,S,44,28744.14,4259.18,17781304.6,87744505.0,437303672
2172.9,S,48,28757.01,4260.78,17781304.6,87744607.7,437303764
2173.9,S,44,28768.36,4262.30,17781304.6,87744703.7,437303853
2174.9,S,43,28778.90,4263.68,17781304.6,87744760.8,437303904
2175.9,S,45,28789.16,4265.29,17781304.6,87744877.9,437304014
2176.9,S,45,28800.86,4266.67,17781304.6,87744878.2,437304018
2177.9,S,45,28812.35,4268.17,17781304.6,87744879.1,437304023
2178.9,S,44,28823.55,4269.66,17781304.6,87744927.2,437304109
2179.9,S,49,28832.16,4270.78,17781304.6,87745204.7,437304756
2180.9,S,45,28844.88,4272.64,17781304.6,87745301.0,437304942
2181.9,S,45,28856.38,4274.17,17781304.6,87745301.3,437304949
2182.9,S,44,28867.18,4275.57,17781304.6,87745332.7,437305056
2183.9,S,44,28877.73,4277.02,17781304.6,87745363.7,437305117
2184.9,S,44,28886.85,4278.47,17781304.6,87745506.1,437305387
2185.9,S,44,28897.36,4279.98,17781304.6,87745506.6,437305394
2186.9,S,48,28906.88,4281.18,17781304.6,87745609.3,437305629
2187.9,S,44,28919.34,4282.83,17781304.6,87745715.5,437305814
2188.9,S,42,28928.43,4284.36,17781304.6,87745855.8,437306128
2189.9,S,44,28938.90,4285.87,17781304.6,87745857.9,437306138
2190.9,S,44,28949.51,4287.27,17781304.6,87745858.1,437306139
2191.9,S,44,28960.13,4288.76,17781304.6,87745858.3,437306142
2192.9,S,44,28970.70,4290.19,17781304.6,87745858.5,437306144
2193.9,S,49,28980.32,4291.60,17781304.6,87746139.0,437306463
2194.9,S,46,28995.24,4293.46,17781304.6,87746235.7,437306554
2195.9,S,45,29006.73,4294.95,17781304.6,87746236.0,437306559
2196.9,S,45,29018.39,4296.48,17781304.6,87746236.3,437306561
2197.9,S,44,29027.84,4297.84,17781304.6,87746416.4,437306893
2199.0,S,45,29038.48,4299.38,17781304.6,87746470.0,437307024
2200.0,S,45,29049.92,4300.86,17781304.6,87746470.9,437307028
2201.0,S,49,29060.19,4302.13,17781304.6,87746574.1,437307208
2202.0,S,48,29074.36,4304.00,17781304.6,87746643.9,437307381
2203.0,S,46,29083.08,4305.44,17781304.6,87746885.5,437307859
2204.0,S,45,29095.21,4307.01,17781304.6,87746896.2,437307870
2205.0,S,45,29106.72,4308.63,17781304.6,87746896.8,437307873
2206.0,S,45,29118.04,4310.23,17781304.6,87746897.4,437307876
2207.0,S,45,29129.22,4311.78,17781304.6,87746992.7,437307956
2208.0,S,45,29139.56,4313.37,17781304.6,87747154.0,437308127
2209.0,S,48,29152.52,4315.08,17781304.6,87747252.5,437308314
2210.0,S,44,29163.29,4316.47,17781304.6,87747348.4,437308507
2211.0,S,44,29174.00,4317.98,17781304.6,87747349.1,437308514
2212.0,S,42,29183.08,4319.43,17781304.6,87747525.6,437308870
2213.0,S,45,29194.60,4320.98,17781304.6,87747525.9,437308873
2214.0,S,44,29205.74,4322.50,17781304.6,87747547.7,437308990
2215.0,S,44,29216.26,4323.92,17781304.6,87747569.2,437309024
2216.0,S,48,29228.30,4325.38,17781304.6,87747650.3,437309203
2217.0,S,45,29236.16,4326.54,17781304.6,87747922.1,437309804
2218.0,S,45,29243.39,4327.28,17781304.6,87747922.1,437309804
2219.0,S,44,29250.31,4328.01,17781304.6,87747949.8,437309856
2220.0,S,44,29256.59,4328.68,17781304.6,87747950.1,437309860
2221.0,S,44,29262.65,4329.40,17781304.6,87748006.9,437309980
2222.0,S,42,29267.03,4330.21,17781304.6,87748126.2,437310293
2223.0,S,57,29276.68,4331.10,17781304.6,87748126.5,437310296
2224.0,S,57,29295.28,4331.95,17781304.6,87748127.2,437310302
2225.0,S,57,29313.99,4332.81,17781304.6,87748127.4,437310304
2226.0,S,57,29332.67,4333.78,17781304.6,87748127.7,437310316
2227.0,S,57,29351.19,4334.62,17781304.6,87748323.8,437310486
2228.0,S,57,29364.73,4335.46,17781304.6,87748805.8,437311271
2229.0,S,57,29381.13,4336.57,17781304.6,87749119.4,437311827
2230.0,S,57,29399.67,4337.56,17781304.6,87749279.6,437311965
2231.0,S,57,29418.31,4338.45,17781304.6,87749279.9,437311969
2232.0,S,57,29436.39,4339.35,17781304.6,87749337.4,437312228
2233.0,S,61,29453.16,4340.30,17781304.6,87749669.5,437312841
2234.0,S,61,29470.68,4341.06,17781304.6,87750086.8,437313745
2235.0,S,57,29487.06,4341.99,17781304.6,87750389.8,437314307
2236.0,S,57,29504.77,4342.72,17781304.6,87750477.6,437314382
2237.0,S,57,29522.36,4343.39,17781304.6,87750589.8,437314479
2238.0,S,57,29539.59,4344.10,17781304.6,87750832.0,437314861
2239.0,S,57,29556.74,4344.90,17781304.6,87750990.2,437315169
2240.0,S,57,29572.51,4345.70,17781304.6,87751348.3,437315758
2241.0,S,57,29590.13,4346.50,17781304.6,87751469.9,437315866
2242.0,S,57,29607.04,4347.32,17781304.6,87751728.2,437316297
2243.0,S,57,29622.92,4348.05,17781304.6,87751987.5,437316785
2244.0,S,57,29640.59,4348.83,17781304.6,87752049.2,437316910
2245.0,S,57,29654.96,4349.60,17781304.6,87752375.2,437317664
2246.0,S,57,29671.54,4350.39,17781304.6,87752628.4,437318139
2247.0,S,56,29688.69,4351.15,17781304.6,87752748.1,437318242
2248.0,S,56,29705.54,4351.95,17781304.6,87752927.3,437318398
2249.0,S,54,29720.88,4352.74,17781304.6,87753133.7,437318821
2250.1,S,50,29728.96,4353.38,17781304.6,87753518.0,437319762
2251.1,S,42,29734.45,4354.58,17781304.6,87753768.0,437320338
2252.1,S,44,29742.96,4356.68,17781304.6,87753769.0,437320349
2253.1,S,44,29753.46,4358.20,17781304.6,87753773.8,437320359
2254.1,S,47,29764.26,4359.76,17781304.6,87753815.9,437320450
2255.1,S,43,29775.32,4361.30,17781304.6,87753913.4,437320680
2256.1,S,42,29784.73,4362.86,17781304.6,87754021.8,437320774
2257.1,S,44,29794.83,4364.34,17781304.6,87754030.1,437320788
2258.1,S,44,29805.40,4365.81,17781304.6,87754030.7,437320792
2259.1,S,43,29815.92,4367.26,17781304.6,87754070.2,437320830
2260.1,S,43,29825.43,4368.73,17781304.6,87754070.4,437320832
2261.2,S,48,29835.98,4370.20,17781304.6,87754227.9,437320977
2262.2,S,44,29848.81,4371.89,17781304.6,87754324.2,437321228
2263.2,S,44,29859.28,4373.40,17781304.6,87754324.6,437321233
2264.2,S,43,29868.68,4374.86,17781304.6,87754421.2,437321407
2265.2,S,42,29878.07,4376.23,17781304.6,87754533.2,437321615
2266.2,S,44,29888.29,4377.79,17781304.6,87754537.4,437321647
2267.2,S,44,29898.91,4379.26,17781304.6,87754537.9,437321648
2268.2,S,47,29908.59,4380.54,17781304.6,87754636.1,437321935
2269.2,S,43,29920.63,4382.23,17781304.6,87754732.0,437322142
2270.2,S,44,29930.55,4383.77,17781304.6,87754847.8,437322248
2271.2,S,44,29941.19,4385.21,17781304.6,87754847.9,437322250
2272.2,S,43,29951.68,4386.68,17781304.6,87754883.6,437322282
2273.2,S,43,29961.34,4388.09,17781304.6,87754884.0,437322285
2274.2,S,44,29970.61,4389.53,17781304.6,87754999.7,437322384
2275.2,S,48,29981.83,4391.09,17781304.6,87755042.3,437322432
2276.2,S,44,29995.19,4392.85,17781304.6,87755138.5,437322573
2277.2,S,43,30005.16,4394.30,17781304.6,87755174.5,437322641
2278.2,S,43,30014.33,4395.63,17781304.6,87755243.3,437322812
2279.2,S,47,30025.57,4397.12,17781304.6,87755290.6,437322939
2280.2,S,46,30038.02,4398.67,17781304.6,87755300.1,437322966
2281.2,S,46,30050.34,4400.29,17781304.6,87755300.4,437322968
2282.2,S,50,30061.42,4401.57,17781304.6,87755403.1,437323203
2283.2,S,49,30072.41,4402.97,17781304.6,87755680.7,437323854
2284.2,S,44,30082.56,4404.45,17781304.6,87755789.8,437324158
2285.2,S,44,30093.31,4405.85,17781304.6,87755790.5,437324163
2286.2,S,43,30103.15,4407.35,17781304.6,87755818.3,437324276
2287.2,S,43,30112.91,4408.86,17781304.6,87755818.6,437324280
2288.2,S,46,30122.33,4410.35,17781304.6,87755933.9,437324509
2289.2,S,45,30134.15,4411.80,17781304.6,87755941.6,437324544
2290.2,S,49,30146.60,4413.26,17781304.6,87756044.3,437324781
2291.2,S,45,30159.35,4414.87,17781304.6,87756140.4,437324867
2292.2,S,44,30170.56,4416.42,17781304.6,87756197.1,437324919
2293.2,S,45,30180.85,4417.93,17781304.6,87756372.5,437325073
2294.2,S,44,30191.67,4419.52,17781304.6,87756383.0,437325098
2295.2,S,44,30202.47,4420.89,17781304.6,87756383.1,437325100
2296.2,S,44,30211.70,4422.28,17781304.6,87756477.1,437325312
2297.2,S,48,30223.70,4423.71,17781304.6,87756650.6,437325616
2298.2,S,45,30234.48,4425.33,17781304.6,87756758.1,437325902
2299.2,S,45,30245.99,4426.98,17781304.6,87756758.6,437325904
2300.2,S,44,30256.88,4428.45,17781304.6,87756785.2,437325997
2301.2,S,44,30267.45,4429.94,17781304.6,87756785.3,437325997
2302.2,S,45,30276.32,4431.38,17781304.6,87756959.9,437326354
2303.2,S,45,30287.88,4432.93,17781304.6,87756960.2,437326356
2304.2,S,48,30301.80,4434.54,17781304.6,87757093.1,437326478
2305.2,S,44,30313.04,4436.10,17781304.6,87757189.4,437326569
2306.2,S,44,30323.72,4437.59,17781304.6,87757189.7,437326572
2307.2,S,45,30333.21,4439.10,17781304.6,87757364.0,437326869
2308.2,S,45,30344.77,4440.75,17781304.6,87757364.3,437326875
2309.2,S,45,30356.27,4442.18,17781304.6,87757364.6,437326878
2310.2,S,44,30366.30,4443.42,17781304.6,87757461.5,437327067
2311.2,S,47,30377.47,4444.76,17781304.6,87757624.1,437327502
2312.2,S,44,30387.59,4446.26,17781304.6,87757783.1,437327878
2313.2,S,44,30398.34,4447.65,17781304.6,87757783.5,437327886
2314.2,S,44,30408.99,4449.08,17781304.6,87757783.7,437327888
2315.2,S,44,30419.63,4450.57,17781304.6,87757784.4,437327894
2316.2,S,42,30428.87,4452.03,17781304.6,87757960.9,437328204
2317.2,S,45,30439.93,4453.58,17781304.6,87757961.2,437328205
2318.2,S,49,30450.42,4454.76,17781304.6,87758064.3,437328564
2319.2,S,44,30463.32,4456.42,17781304.6,87758197.0,437328888
2320.2,S,44,30473.90,4457.88,17781304.6,87758225.4,437328925
2321.2,S,46,30484.09,4459.42,17781304.6,87758404.8,437329080
2322.2,S,46,30496.44,4460.99,17781304.6,87758405.1,437329084
2323.2,S,46,30508.87,4462.59,17781304.6,87758406.0,437329091
2324.2,S,46,30521.24,4464.33,17781304.6,87758406.2,437329091
2325.2,S,50,30532.84,4465.72,17781304.6,87758656.9,437329431
2326.3,S,45,30545.43,4467.41,17781304.6,87758898.1,437329914
2327.3,S,45,30556.83,4468.98,17781304.6,87758898.3,437329915
2328.3,S,44,30567.79,4470.53,17781304.6,87758930.4,437329995
2329.3,S,44,30578.41,4472.10,17781304.6,87758930.8,437330001
2330.3,S,42,30586.62,4473.54,17781304.6,87759106.8,437330380
2331.3,S,44,30597.49,4474.90,17781304.6,87759113.2,437330397
2332.3,S,44,30608.10,4476.42,17781304.6,87759113.7,437330401
2333.3,S,48,30619.30,4477.85,17781304.6,87759216.7,437330656
2334.3,S,44,30630.30,4479.26,17781304.6,87759312.9,437330898
2335.3,S,45,30637.47,4480.56,17781304.6,87759488.3,437331430
2336.4,S,45,30649.16,4482.11,17781304.6,87759488.5,437331432
2337.4,S,45,30660.71,4483.59,17781304.6,87759488.8,437331434
2338.4,S,45,30672.28,4485.11,17781304.6,87759489.3,437331437
2339.4,S,44,30683.41,4486.59,17781304.6,87759538.3,437331483
2340.4,S,50,30695.33,4488.08,17781304.6,87759816.3,437331725
2341.4,S,45,30707.53,4489.64,17781304.6,87759920.3,437331957
2342.4,S,45,30719.28,4491.22,17781304.6,87759920.4,437331959
2343.4,S,45,30730.80,4492.73,17781304.6,87759920.7,437331963
2344.4,S,45,30741.45,4494.22,17781304.6,87760018.9,437332139
2345.4,S,45,30751.06,4495.68,17781304.6,87760155.1,437332398
2346.4,S,44,30761.77,4497.05,17781304.6,87760165.3,437332427
2347.4,S,48,30772.22,4498.37,17781304.6,87760268.1,437332671
2348.4,S,44,30784.11,4499.87,17781304.6,87760364.0,437332925
2349.4,S,45,30794.32,4501.44,17781304.6,87760538.9,437333078
2350.4,S,44,30805.19,4502.97,17781304.6,87760545.5,437333088
2351.4,S,44,30815.85,4504.33,17781304.6,87760546.0,437333092
2352.4,S,44,30826.56,4505.74,17781304.6,87760546.2,437333095
2353.4,S,44,30837.20,4507.19,17781304.6,87760629.0,437333168
2354.4,S,50,30848.16,4508.48,17781304.7,87760824.8,437333477
2355.4,S,46,30861.69,4510.04,17781304.7,87760921.0,437333657
2356.4,S,45,30869.60,4510.89,17781304.7,87760952.6,437333712
2357.4,S,45,30877.11,4511.66,17781304.7,87760953.1,437333713
2358.4,S,43,30883.32,4512.51,17781304.7,87761095.9,437334021
2359.4,S,42,30888.17,4513.36,17781304.7,87761187.2,437334267
2360.4,S,57,30898.28,4514.26,17781304.7,87761187.8,437334272
2361.4,S,57,30917.28,4515.16,17781304.7,87761188.7,437334276
2362.4,S,57,30936.17,4516.18,17781304.7,87761190.0,437334283
2363.4,S,57,30955.25,4517.19,17781304.7,87761190.3,437334286
2364.4,S,57,30974.09,4518.27,17781304.7,87761244.0,437334416
2365.4,S,57,30986.99,4519.26,17781304.7,87761614.0,437335313
2366.4,S,57,31002.23,4520.33,17781304.7,87762142.8,437335956
2367.4,S,57,31020.80,4521.41,17781304.7,87762351.4,437336375
2368.4,S,57,31039.96,4522.43,17781304.7,87762352.6,437336378
2369.4,S,57,31059.18,4523.44,17781304.7,87762352.8,437336379
2370.4,S,61,31079.69,4524.18,17781304.7,87762529.0,437336711
2371.4,S,61,31094.29,4524.89,17781304.7,87762844.1,437337617
2372.5,S,57,31106.89,4525.79,17781304.7,87763392.1,437338368
2373.5,S,57,31124.53,4526.59,17781304.7,87763590.0,437338756
2374.5,S,57,31141.89,4527.39,17781304.7,87763687.8,437338963
2375.5,S,57,31159.86,4528.10,17781304.7,87763692.8,437338994
2376.5,S,57,31175.85,4529.00,17781304.7,87763985.2,437339578
2377.5,S,57,31191.86,4529.80,17781304.7,87764428.3,437340174
2378.5,S,57,31207.57,4530.59,17781304.7,87764659.9,437340740
2379.5,S,57,31225.41,4531.40,17781304.7,87764710.1,437340826
2380.5,S,57,31243.04,4532.11,17781304.7,87764761.3,437340936
2381.5,S,57,31259.27,4532.98,17781304.7,87765017.5,437341649
2382.5,S,57,31275.57,4533.80,17781304.7,87765303.0,437342114
2383.5,S,57,31293.17,4534.67,17781304.7,87765582.3,437342431
2384.5,S,56,31309.95,4535.49,17781304.7,87765847.9,437342929
2385.5,S,56,31326.98,4536.31,17781304.7,87765906.8,437343038
2386.5,S,56,31341.57,4537.05,17781304.7,87766085.8,437343456
2387.5,S,51,31356.00,4537.89,17781304.7,87766449.4,437343879
2388.5,S,57,31362.30,4538.65,17781304.7,87766848.9,437344724
2389.5,S,44,31370.51,4540.79,17781304.7,87766850.4,437344731
2390.5,S,48,31380.70,4542.05,17781304.7,87766877.1,437344802
2391.5,S,48,31394.94,4543.82,17781304.7,87766885.1,437344817
2392.5,S,44,31405.25,4545.25,17781304.7,87766986.1,437344996
2393.5,S,43,31414.95,4546.81,17781304.7,87767016.6,437345068
2394.5,S,45,31424.22,4548.28,17781304.7,87767131.1,437345337
2395.5,S,45,31435.76,4549.74,17781304.7,87767131.7,437345340
2396.5,S,44,31446.73,4551.29,17781304.7,87767162.3,437345417
2397.5,S,44,31457.29,4552.66,17781304.7,87767173.5,437345435
2398.5,S,46,31468.72,4554.20,17781304.7,87767380.1,437345900
2399.5,S,46,31481.55,4555.85,17781304.7,87767476.6,437345991
2400.5,S,46,31494.05,4557.46,17781304.7,87767477.1,437345994
2401.5,S,45,31505.68,4559.16,17781304.7,87767512.8,437346028
2402.5,S,45,31517.31,4560.87,17781304.7,87767512.9,437346030
2403.5,S,44,31525.88,4562.31,17781304.7,87767743.8,437346330
2404.5,S,44,31535.53,4563.76,17781304.7,87767836.8,437346573
2405.5,S,48,31548.48,4565.30,17781304.7,87767877.7,437346700
2406.5,S,43,31557.84,4566.75,17781304.7,87768004.5,437346948
2407.5,S,43,31567.54,4568.19,17781304.7,87768004.8,437346952
2408.5,S,45,31576.92,4569.59,17781304.7,87768120.3,437347193
2409.5,S,45,31588.48,4571.09,17781304.7,87768120.6,437347195
2410.5,S,45,31599.88,4572.64,17781304.7,87768121.0,437347197
2411.5,S,44,31610.50,4574.09,17781304.7,87768157.9,437347272
2412.5,S,49,31620.19,4575.25,17781304.7,87768359.4,437347702
2413.5,S,45,31632.58,4576.89,17781304.7,87768455.2,437347968
2414.5,S,44,31644.03,4578.53,17781304.7,87768479.6,437348021
2415.5,S,44,31654.40,4580.10,17781304.7,87768480.2,437348024
2416.5,S,44,31665.13,4581.48,17781304.7,87768480.8,437348027
2417.5,S,45,31673.79,4582.92,17781304.7,87768656.0,437348427
2418.5,S,45,31685.47,4584.47,17781304.7,87768656.3,437348429
2419.5,S,49,31697.57,4586.01,17781304.7,87768759.4,437348525
2420.5,S,45,31711.60,4587.90,17781304.7,87768875.7,437348629
2421.5,S,44,31722.11,4589.41,17781304.7,87768954.3,437348697
2422.5,S,45,31731.74,4590.95,17781304.7,87769075.0,437348887
2423.5,S,44,31742.97,4592.46,17781304.7,87769091.2,437348955
2424.5,S,44,31753.55,4594.01,17781304.7,87769091.4,437348956
2425.5,S,44,31764.12,4595.44,17781304.7,87769091.6,437348958
2426.5,S,44,31769.76,4596.30,17781304.7,87769308.5,437349487
2427.5,S,48,31782.21,4597.88,17781304.7,87769367.0,437349599
2428.5,S,44,31792.88,4599.47,17781304.7,87769463.4,437349782
2429.5,S,43,31802.92,4601.04,17781304.7,87769496.1,437349884
2430.5,S,43,31812.58,4602.41,17781304.7,87769496.3,437349884
2431.5,S,45,31821.05,4603.79,17781304.7,87769611.6,437350210
2432.5,S,44,31832.13,4605.48,17781304.7,87769622.7,437350231
2433.5,S,44,31842.94,4606.91,17781304.7,87769623.0,437350233
2434.5,S,48,31854.40,4608.30,17781304.7,87769726.1,437350478
2435.5,S,44,31865.56,4609.78,17781304.7,87769885.8,437350799
2436.5,S,45,31875.15,4611.16,17781304.7,87769995.5,437350989
2437.5,S,44,31885.90,4612.66,17781304.7,87770007.0,437351003
2438.5,S,44,31896.54,4614.12,17781304.7,87770007.2,437351003
2439.5,S,44,31907.06,4615.57,17781304.7,87770007.4,437351005
2440.5,S,45,31917.07,4617.04,17781304.7,87770181.0,437351157
2441.5,S,49,31929.67,4618.68,17781304.7,87770284.0,437351251
2442.5,S,44,31943.52,4620.50,17781304.7,87770407.4,437351431
2443.5,S,44,31954.14,4622.00,17781304.7,87770407.7,437351433
2444.5,S,44,31964.62,4623.44,17781304.7,87770426.1,437351463
2445.5,S,44,31972.70,4624.80,17781304.7,87770581.7,437351924
2446.5,S,44,31983.19,4626.33,17781304.7,87770582.3,437351927
2447.5,S,43,31993.69,4627.83,17781304.7,87770614.7,437351983
2448.5,S,47,32002.51,4629.12,17781304.7,87770717.9,437352216
2449.5,S,42,32013.35,4630.66,17781304.7,87770872.2,437352509
2450.5,S,45,32024.14,4632.32,17781304.7,87770929.5,437352568
2451.5,S,45,32035.76,4633.85,17781304.7,87770929.8,437352571
2452.5,S,45,32047.37,4635.44,17781304.7,87770930.3,437352573
2453.5,S,44,32058.61,4637.08,17781304.7,87770977.2,437352615
2454.5,S,45,32068.83,4638.57,17781304.7,87771152.4,437352769
2455.5,S,48,32079.53,4639.91,17781304.7,87771267.2,437352975
2456.5,S,44,32091.22,4641.49,17781304.7,87771363.1,437353215
2457.5,S,44,32101.86,4642.90,17781304.7,87771363.4,437353219
2458.5,S,44,32112.26,4644.37,17781304.7,87771408.6,437353328
2459.5,S,46,32122.25,4645.95,17781304.7,87771539.9,437353546
2460.5,S,46,32134.69,4647.58,17781304.7,87771540.3,437353549
2461.5,S,46,32147.02,4649.21,17781304.7,87771555.0,437353571
2462.5,S,49,32157.39,4650.53,17781304.7,87771680.4,437353855
2463.5,S,47,32169.18,4652.03,17781304.7,87771912.2,437354265
2464.5,S,45,32179.58,4653.49,17781304.7,87772011.9,437354602
2465.5,S,45,32191.16,4655.03,17781304.7,87772012.5,437354607
2466.5,S,45,32202.63,4656.57,17781304.7,87772012.8,437354608
2467.5,S,44,32213.58,4658.01,17781304.7,87772055.5,437354740
2468.5,S,46,32221.72,4659.34,17781304.7,87772232.5,437355103
2469.5,S,46,32234.17,4661.04,17781304.7,87772232.9,437355105
2470.5,S,50,32248.44,4662.75,17781304.7,87772336.2,437355201
2471.5,S,45,32262.06,4664.45,17781304.7,87772470.3,437355321
2472.5,S,45,32273.61,4665.97,17781304.7,87772488.5,437355339
2473.5,S,46,32283.17,4667.40,17781304.7,87772707.3,437355691
2474.5,S,46,32295.59,4669.10,17781304.7,87772707.9,437355697
2475.5,S,45,32307.73,4670.56,17781304.7,87772736.1,437355763
2476.5,S,45,32319.30,4672.14,17781304.7,87772736.8,437355770
2477.5,S,49,32329.52,4673.29,17781304.7,87772936.8,437356300
2478.5,S,45,32340.45,4674.95,17781304.7,87773168.9,437356757
2479.5,S,45,32351.94,4676.49,17781304.7,87773169.5,437356761
2480.5,S,45,32363.62,4678.02,17781304.7,87773169.7,437356765
2481.5,S,44,32374.51,4679.67,17781304.7,87773212.8,437356902
2482.5,S,43,32383.71,4681.05,17781304.7,87773380.1,437357274
2483.5,S,45,32394.40,4682.68,17781304.7,87773389.2,437357347
2484.5,S,49,32404.66,4683.95,17781304.7,87773492.7,437357582
2485.5,S,45,32418.61,4685.73,17781304.7,87773616.3,437357729
2486.5,S,44,32429.31,4687.23,17781304.7,87773616.5,437357732
2487.5,S,45,32439.35,4688.70,17781304.7,87773792.1,437357882
2488.5,S,45,32450.93,4690.13,17781304.7,87773792.2,437357882
2489.5,S,44,32461.85,4691.59,17781304.7,87773817.4,437357907
2490.5,S,44,32472.50,4693.07,17781304.7,87773845.9,437357938
2491.5,S,44,32481.68,4694.30,17781304.7,87773931.5,437358108
2492.5,S,46,32490.00,4695.65,17781304.7,87774123.8,437358433
2493.5,S,57,32504.17,4697.02,17781304.7,87774220.0,437358647
2494.5,S,57,32522.70,4697.96,17781304.7,87774221.0,437358654
2495.5,S,57,32541.43,4698.97,17781304.7,87774221.4,437358662
2496.5,S,57,32560.22,4699.89,17781304.7,87774222.0,437358666
2497.5,S,57,32578.76,4700.86,17781304.7,87774351.0,437358979
2498.5,S,57,32595.91,4701.86,17781304.7,87774797.3,437359535
2499.5,S,57,32610.68,4702.90,17781304.7,87775197.7,437360352
2500.5,S,57,32629.27,4703.79,17781304.7,87775284.0,437360557
2501.6,S,57,32648.06,4704.72,17781304.7,87775377.1,437360745
2502.6,S,57,32663.98,4705.56,17781304.7,87775545.1,437361216
2503.6,S,57,32681.60,4706.47,17781304.7,87775732.0,437361573
2504.6,S,57,32699.98,4707.38,17781304.7,87775939.3,437361789
2505.6,S,57,32717.10,4708.38,17781304.7,87776358.0,437362479
2506.6,S,57,32735.21,4709.35,17781304.7,87776472.5,437362692
2507.6,S,57,32753.80,4710.28,17781304.7,87776553.1,437362873
2508.6,S,61,32769.29,4711.17,17781304.7,87776796.8,437363576
2509.6,S,61,32790.09,4711.73,17781304.7,87776852.3,437363677
2510.6,S,57,32805.20,4712.67,17781304.7,87777492.7,437364520
2511.7,S,57,32823.69,4713.44,17781304.7,87777695.0,437364983
2512.7,S,57,32841.54,4714.17,17781304.7,87777695.0,437364983
2513.7,S,57,32857.78,4714.88,17781304.7,87777826.6,437365362
2514.7,S,57,32875.31,4715.65,17781304.7,87778024.2,437365635
2515.7,S,57,32888.68,4716.50,17781304.7,87778487.3,437366432
2516.7,S,56,32904.30,4717.28,17781304.7,87778760.9,437366928
2517.7,S,56,32921.22,4718.07,17781304.7,87778820.4,437367045
2518.7,S,56,32937.81,4718.82,17781304.7,87778939.7,437367302
2519.7,S,54,32949.79,4719.57,17781304.7,87779349.1,437368108
2520.7,S,43,32955.49,4720.15,17781304.7,87779688.0,437368503
2521.7,S,45,32962.63,4722.16,17781304.7,87779691.6,437368517
2522.7,S,44,32973.34,4723.76,17781304.7,87779693.9,437368525
2523.7,S,44,32983.94,4725.38,17781304.7,87779694.1,437368527
2524.7,S,44,32993.86,4726.72,17781304.7,87779717.3,437368619
2525.7,S,48,33007.96,4728.60,17781304.7,87779718.1,437368637
2526.7,S,44,33013.83,4729.54,17781304.7,87779982.7,437369231
2527.7,S,43,33023.92,4731.12,17781304.7,87780053.0,437369406
2528.7,S,43,33033.74,4732.52,17781304.7,87780053.2,437369409
2529.7,S,43,33043.47,4733.88,17781304.7,87780053.4,437369411
2530.7,S,42,33052.34,4735.43,17781304.7,87780168.8,437369593
2531.7,S,45,33063.40,4737.10,17781304.7,87780169.1,437369595
2532.7,S,49,33076.75,4738.67,17781304.7,87780213.5,437369645
2533.7,S,44,33089.67,4740.59,17781304.7,87780346.7,437369764
2534.7,S,44,33100.35,4741.97,17781304.7,87780346.9,437369766
2535.7,S,46,33109.48,4743.49,17781304.7,87780519.9,437369969
2536.7,S,46,33121.90,4745.14,17781304.7,87780519.9,437369969
2537.7,S,45,33133.84,4746.79,17781304.7,87780542.5,437370016
2538.7,S,45,33145.22,4748.39,17781304.7,87780543.2,437370019
2539.7,S,49,33158.05,4749.99,17781304.7,87780640.3,437370198
2540.7,S,45,33166.81,4751.37,17781304.7,87780915.2,437370917
2541.7,S,45,33178.45,4752.93,17781304.7,87780915.8,437370920
2542.7,S,45,33190.01,4754.36,17781304.7,87780916.0,437370923
2543.7,S,44,33201.00,4755.77,17781304.7,87781042.9,437371190
2544.7,S,44,33211.75,4757.20,17781304.7,87781076.4,437371248
2545.7,S,44,33219.24,4758.53,17781304.7,87781216.1,437371578
2546.7,S,48,33230.50,4760.06,17781304.7,87781229.5,437371630
2547.7,S,45,33242.15,4761.69,17781304.7,87781330.7,437371961
2548.7,S,43,33251.93,4763.12,17781304.7,87781354.9,437372013
2549.7,S,45,33261.19,4764.65,17781304.7,87781469.8,437372155
2550.7,S,45,33272.56,4766.38,17781304.7,87781470.7,437372158
2551.7,S,45,33284.04,4767.89,17781304.7,87781471.1,437372160
2552.7,S,44,33294.74,4769.30,17781304.7,87781502.2,437372191
2553.7,S,48,33304.98,4770.77,17781304.7,87781605.0,437372282
2554.7,S,46,33317.48,4772.40,17781304.7,87781857.2,437372610
2555.7,S,44,33327.91,4773.81,17781304.7,87781874.2,437372646
2556.7,S,44,33338.46,4775.26,17781304.7,87781874.8,437372649
2557.7,S,43,33348.80,4776.71,17781304.7,87781916.2,437372749
2558.7,S,43,33358.01,4778.18,17781304.7,87782001.0,437372921
2559.7,S,44,33368.00,4779.71,17781304.7,87782032.0,437372986
2560.7,S,48,33377.64,4780.93,17781304.7,87782134.8,437373181
2561.7,S,47,33390.64,4782.64,17781304.7,87782235.5,437373443
2562.7,S,43,33400.52,4784.17,17781304.7,87782260.3,437373494
2563.7,S,46,33409.55,4785.58,17781304.7,87782375.8,437373722
2564.7,S,46,33421.93,4787.19,17781304.7,87782376.2,437373725
2565.7,S,45,33433.39,4788.85,17781304.7,87782392.7,437373760
2566.7,S,45,33445.01,4790.49,17781304.7,87782393.0,437373762
2567.7,S,49,33454.83,4791.68,17781304.7,87782510.2,437374061
2568.8,S,49,33466.03,4793.29,17781304.7,87782728.5,437374598
2569.8,S,45,33477.51,4794.88,17781304.7,87782823.6,437374680
2570.8,S,44,33488.78,4796.38,17781304.7,87782852.8,437374709
2571.8,S,44,33499.50,4797.89,17781304.7,87782853.2,437374713
2572.8,S,42,33509.73,4799.34,17781304.7,87782968.1,437374815
2573.8,S,46,33520.92,4800.87,17781304.7,87783027.1,437374869
2574.8,S,46,33532.01,4802.32,17781304.7,87783112.7,437375032
2575.8,S,50,33547.62,4804.13,17781304.7,87783130.7,437375087
2576.8,S,45,33555.12,4804.87,17781304.7,87783619.1,437376068
2577.8,S,42,33565.75,4806.40,17781307.2,87783683.1,437376208
2578.8,S,46,33577.48,4808.05,17781309.2,87783683.2,437376218
2579.8,S,46,33589.68,4809.60,17781309.2,87783837.6,437376367
2580.8,S,45,33601.51,4811.19,17781309.2,87783843.9,437376379
2581.8,S,45,33612.95,4812.79,17781309.2,87783844.3,437376381
2582.8,S,50,33623.92,4814.41,17781309.2,87783991.1,437376605
2583.8,S,46,33638.45,4816.17,17781309.2,87784068.1,437376752
2584.8,S,45,33649.97,4817.78,17781309.2,87784092.3,437376798
2585.8,S,45,33661.58,4819.31,17781309.2,87784093.6,437376801
2586.8,S,45,33672.34,4820.91,17781309.2,87784166.6,437376974
2587.8,S,47,33680.28,4822.25,17781309.2,87784327.1,437377416
2588.8,S,47,33693.74,4823.87,17781309.2,87784327.4,437377423
2589.8,S,50,33706.20,4825.37,17781309.2,87784382.1,437377566
2590.8,S,48,33721.86,4827.08,17781309.2,87784441.6,437377675
2591.8,S,46,33733.79,4828.61,17781309.2,87784479.0,437377809
2592.8,S,42,33740.05,4829.64,17781309.2,87784774.3,437378530
2593.8,S,46,33752.28,4831.30,17781309.2,87784774.3,437378530
2594.8,S,46,33764.87,4832.79,17781309.2,87784774.7,437378533
2595.8,S,45,33777.16,4834.42,17781309.2,87784812.2,437378634
2596.8,S,45,33788.70,4835.85,17781309.2,87784813.2,437378638
2597.8,S,49,33800.73,4837.55,17781309.2,87785107.1,437378962
2598.8,S,45,33812.99,4839.30,17781309.2,87785202.9,437379049
2599.8,S,45,33824.36,4840.87,17781309.2,87785203.2,437379053
2600.8,S,45,33835.72,4842.44,17781309.2,87785221.1,437379173
2601.8,S,45,33844.69,4843.87,17781309.2,87785456.2,437379764
2602.8,S,45,33855.42,4845.53,17781309.2,87785457.2,437379770
2603.8,S,45,33866.87,4847.05,17781309.2,87785457.5,437379770
2604.8,S,49,33879.96,4848.64,17781309.2,87785544.6,437379933
2605.8,S,44,33891.46,4850.13,17781309.2,87785681.7,437380182
2606.8,S,46,33900.15,4851.52,17781309.2,87785856.1,437380519
2607.8,S,46,33912.53,4853.26,17781309.2,87785857.1,437380526
2608.8,S,46,33925.07,4854.91,17781309.2,87785857.6,437380528
2609.8,S,46,33937.38,4856.47,17781309.2,87785893.9,437380593
2610.8,S,45,33949.00,4857.93,17781309.2,87785901.5,437380616
2611.8,S,49,33952.06,4858.33,17781309.2,87786237.2,437381430
2612.8,S,47,33966.91,4860.10,17781309.2,87786309.7,437381502
2613.8,S,45,33978.50,4861.71,17781309.2,87786333.9,437381525
2614.8,S,44,33989.36,4863.31,17781309.2,87786368.1,437381556
2615.8,S,44,34000.30,4864.66,17781309.2,87786368.5,437381558
2616.8,S,42,34009.08,4866.18,17781309.2,87786543.1,437381781
2617.8,S,57,34022.37,4867.62,17781309.2,87786543.9,437381783
2618.8,S,61,34045.82,4868.79,17781309.2,87786647.4,437382052
2619.8,S,59,34071.76,4870.16,17781309.2,87786695.6,437382161
2620.8,S,57,34090.63,4871.02,17781309.2,87786744.5,437382246
2621.8,S,57,34108.90,4871.89,17781309.2,87786842.1,437382418
2622.8,S,57,34124.84,4872.85,17781309.2,87787201.8,437383000
2623.8,S,57,34141.38,4873.88,17781309.2,87787552.7,437383557
2624.8,S,57,34159.23,4874.81,17781309.2,87787782.1,437384040
2625.8,S,57,34177.75,4875.72,17781309.2,87787782.5,437384043
2626.8,S,57,34195.87,4876.70,17781309.2,87787905.3,437384391
2627.8,S,57,34212.32,4877.62,17781309.2,87788194.5,437385070
2628.8,S,57,34229.57,4878.57,17781309.2,87788597.3,437385621
2629.8,S,57,34248.01,4879.46,17781309.2,87788728.0,437385768
2630.8,S,57,34266.47,4880.32,17781309.2,87788728.3,437385772
2631.8,S,57,34283.88,4881.30,17781309.2,87789033.8,437386471
2632.8,S,57,34301.79,4882.30,17781309.2,87789206.9,437386930
2633.8,S,57,34315.20,4883.16,17781309.2,87789638.2,437387880
2634.8,S,61,34334.08,4884.05,17781309.2,87789733.2,437387973
2635.8,S,60,34355.23,4884.64,17781309.2,87789939.5,437388153
2636.8,S,57,34373.12,4885.36,17781309.2,87790179.8,437388593
2637.8,S,57,34387.94,4886.10,17781309.2,87790398.3,437389136
2638.8,S,57,34403.22,4886.94,17781309.2,87790758.1,437390025
2639.8,S,57,34419.18,4887.62,17781309.2,87790890.1,437390282
2640.8,S,57,34436.05,4888.40,17781309.2,87791104.3,437390520
2641.8,S,56,34452.87,4889.21,17781309.2,87791258.7,437390659
2642.8,S,56,34466.10,4889.88,17781309.2,87791601.5,437391372
2643.8,S,54,34479.24,4890.48,17781309.2,87791776.9,437391796
2644.8,S,43,34486.27,4891.15,17781309.2,87792207.3,437392327
2645.8,S,43,34494.48,4893.31,17781309.2,87792210.2,437392340
2646.8,S,43,34504.26,4894.62,17781309.2,87792211.6,437392345
2647.8,S,43,34514.01,4895.98,17781309.2,87792211.9,437392346
2648.8,S,43,34523.67,4897.39,17781309.2,87792213.7,437392355
2649.8,S,47,34532.94,4898.75,17781309.2,87792344.1,437392624
2650.8,S,45,34546.07,4900.36,17781309.2,87792443.0,437392865
2651.8,S,44,34556.59,4901.95,17781309.2,87792443.7,437392872
2652.8,S,43,34567.06,4903.47,17781309.2,87792483.0,437392946
2653.8,S,43,34575.66,4904.77,17781309.2,87792546.8,437393084
2654.8,S,44,34584.92,4906.27,17781309.2,87792659.8,437393296
2655.8,S,44,34595.68,4907.70,17781309.2,87792660.1,437393297
2656.8,S,48,34604.91,4908.95,17781309.2,87792705.7,437393491
2657.8,S,47,34618.99,4910.61,17781309.2,87792792.3,437393642
2658.8,S,43,34627.93,4911.97,17781309.2,87792901.1,437393884
2659.8,S,44,34637.96,4913.57,17781309.2,87792965.0,437394069
2660.8,S,44,34648.52,4914.99,17781309.2,87792965.3,437394076
2661.8,S,44,34659.20,4916.38,17781309.2,87792965.4,437394077
2662.8,S,44,34669.75,4917.78,17781309.2,87792966.0,437394080
2663.8,S,44,34678.44,4919.10,17781309.2,87793137.0,437394415
2664.9,S,48,34691.26,4920.77,17781309.2,87793176.2,437394461
2665.9,S,44,34703.42,4922.30,17781309.2,87793272.4,437394551
2666.9,S,43,34713.49,4923.78,17781309.2,87793309.5,437394586
2667.9,S,42,34722.96,4925.28,17781309.2,87793365.9,437394637
2668.9,S,45,34733.85,4926.71,17781309.2,87793525.5,437394850
2669.9,S,45,34745.49,4928.23,17781309.2,87793525.6,437394852
2670.9,S,45,34757.00,4929.68,17781309.2,87793526.2,437394856
2671.9,S,49,34770.89,4931.27,17781309.2,87793536.7,437394928
2672.9,S,45,34779.16,4932.47,17781309.2,87793844.8,437395639
2673.9,S,44,34788.78,4933.99,17781309.2,87793862.2,437395701
2674.9,S,44,34799.34,4935.41,17781309.2,87793862.4,437395701
2675.9,S,43,34809.43,4936.79,17781309.2,87793893.9,437395774
2676.9,S,43,34818.95,4938.26,17781309.2,87793894.5,437395776
2677.9,S,46,34829.43,4939.69,17781309.2,87794009.5,437395919
2678.9,S,50,34842.84,4941.42,17781309.2,87794112.5,437396012
2679.9,S,45,34857.28,4943.14,17781309.2,87794238.9,437396128
2680.9,S,45,34868.67,4944.61,17781309.2,87794239.2,437396130
2681.9,S,45,34879.87,4946.15,17781309.2,87794329.2,437396233
2682.9,S,45,34888.85,4947.52,17781309.2,87794473.1,437396526
2683.9,S,45,34900.50,4948.96,17781309.2,87794473.4,437396528
2684.9,S,45,34912.10,4950.49,17781309.2,87794473.9,437396531
2685.9,S,48,34922.44,4951.70,17781309.2,87794613.4,437396857
2686.9,S,44,34933.98,4953.28,17781309.2,87794792.4,437397292
2687.9,S,45,34943.60,4954.71,17781309.2,87794885.4,437397479
2688.9,S,45,34955.00,4956.30,17781309.2,87794886.0,437397483
2689.9,S,45,34966.43,4957.97,17781309.2,87794886.4,437397487
2690.9,S,44,34976.99,4959.54,17781309.2,87794926.9,437397568
2691.9,S,47,34985.33,4960.89,17781309.2,87795099.0,437397955
2692.9,S,46,34997.25,4962.37,17781309.2,87795135.2,437398112
2693.9,S,50,35010.81,4963.85,17781309.2,87795205.6,437398342
2694.9,S,46,35023.48,4965.44,17781309.2,87795301.9,437398522
2695.9,S,46,35035.85,4967.14,17781309.2,87795302.2,437398523
2696.9,S,45,35045.29,4968.75,17781309.2,87795592.9,437398777
2697.9,S,45,35056.85,4970.32,17781309.2,87795593.2,437398779
2698.9,S,45,35068.40,4971.90,17781309.2,87795593.4,437398783
2699.9,S,45,35079.93,4973.40,17781309.2,87795593.6,437398783
2700.9,S,48,35090.86,4974.86,17781309.2,87795740.0,437399058
2701.9,S,45,35101.04,4976.45,17781309.2,87796008.4,437399623
2702.9,S,45,35112.50,4978.00,17781309.2,87796008.8,437399627
2703.9,S,45,35123.96,4979.68,17781309.2,87796009.0,437399639
2704.9,S,44,35134.69,4981.26,17781309.2,87796040.5,437399766
2705.9,S,44,35145.12,4982.67,17781309.2,87796083.4,437399880
2706.9,S,45,35154.15,4984.18,17781309.2,87796215.7,437400200
2707.9,S,49,35166.30,4985.74,17781309.2,87796318.7,437400437
2708.9,S,45,35177.59,4987.15,17781309.2,87796414.8,437400821
2709.9,S,44,35188.95,4988.66,17781309.2,87796458.3,437400981
2710.9,S,44,35199.41,4990.14,17781309.2,87796528.0,437401173
2711.9,S,46,35208.13,4991.56,17781309.2,87796634.8,437401568
2712.9,S,45,35219.78,4993.22,17781309.2,87796645.3,437401621
2713.9,S,45,35231.25,4994.77,17781309.2,87796645.5,437401623
2714.9,S,49,35241.23,4995.85,17781309.2,87796748.4,437402006
2715.9,S,49,35253.09,4997.28,17781309.2,87796870.3,437402413
2716.9,S,46,35261.70,4998.63,17781309.2,87797077.8,437402919
2717.9,S,45,35273.88,5000.13,17781309.2,87797092.2,437402938
2718.9,S,45,35285.40,5001.74,17781309.2,87797092.4,437402940
2719.9,S,45,35297.06,5003.33,17781309.2,87797092.8,437402941
2720.9,S,44,35306.80,5004.74,17781309.2,87797287.5,437403172
2721.9,S,45,35318.17,5006.43,17781309.2,87797336.3,437403227
2722.9,S,49,35330.08,5007.86,17781309.2,87797439.5,437403499
2723.9,S,45,35342.01,5009.32,17781309.2,87797535.3,437403665
2724.9,S,45,35353.43,5010.84,17781309.2,87797535.5,437403671
2725.9,S,43,35362.45,5012.21,17781309.2,87797757.3,437404121
2726.9,S,45,35373.78,5013.81,17781309.2,87797776.6,437404169
2727.9,S,45,35385.38,5015.23,17781309.2,87797777.0,437404171
2728.9,S,45,35396.94,5016.83,17781309.2,87797777.4,437404174
2729.9,S,49,35406.69,5017.97,17781309.2,87797880.3,437404512
2730.9,S,49,35417.40,5019.34,17781309.2,87798147.0,437405078
2731.9,S,45,35428.56,5020.88,17781309.2,87798209.4,437405202
2732.9,S,45,35440.12,5022.41,17781309.2,87798210.0,437405207
2733.9,S,44,35451.02,5023.97,17781309.2,87798245.4,437405273
2734.9,S,44,35461.52,5025.52,17781309.2,87798245.7,437405276
2735.9,S,43,35468.41,5026.69,17781309.2,87798420.2,437405693
2736.9,S,42,35477.66,5028.09,17781309.2,87798434.1,437405726
2737.9,S,46,35486.86,5029.31,17781309.2,87798537.3,437405929
2738.9,S,42,35497.17,5030.84,17781309.2,87798633.5,437406149
2739.9,S,42,35505.62,5032.25,17781309.2,87798691.1,437406312
2740.9,S,45,35516.88,5033.87,17781309.2,87798691.5,437406320
2741.9,S,45,35528.51,5035.55,17781309.2,87798691.7,437406322
2742.9,S,44,35539.25,5037.09,17781309.2,87798723.7,437406441
2743.9,S,44,35549.91,5038.44,17781309.2,87798724.2,437406443
2744.9,S,46,35558.44,5039.66,17781309.2,87799001.7,437406774
2745.9,S,57,35572.02,5041.16,17781309.2,87799097.8,437406862
2746.9,S,57,35590.08,5041.94,17781309.2,87799098.2,437406864
2747.9,S,57,35608.25,5042.80,17781309.2,87799098.3,437406865
2748.9,S,57,35626.37,5043.62,17781309.2,87799098.6,437406865
2749.9,S,57,35644.68,5044.46,17781309.2,87799121.6,437406885
2750.9,S,57,35654.84,5045.35,17781309.2,87799616.5,437407816
2751.9,S,57,35670.03,5046.18,17781309.2,87799982.1,437408331
2752.9,S,57,35687.97,5047.10,17781309.2,87800133.9,437408666
2753.9,S,57,35706.31,5047.96,17781309.2,87800134.2,437408667
2754.9,S,57,35724.39,5048.87,17781309.2,87800150.4,437408695
2755.9,S,57,35740.52,5049.73,17781309.2,87800496.7,437409434
2757.0,S,57,35751.01,5050.68,17781309.2,87800932.3,437410525
2758.0,S,57,35768.29,5051.55,17781309.2,87801240.0,437410799
2759.0,S,57,35786.52,5052.37,17781309.2,87801240.4,437410800
2760.0,S,57,35804.67,5053.22,17781309.2,87801301.9,437410856
2761.0,S,57,35821.87,5054.07,17781309.2,87801497.8,437411280
2762.0,S,57,35837.32,5054.81,17781309.2,87801786.6,437411913
2763.0,S,57,35852.62,5055.76,17781309.2,87802112.4,437412614
2764.0,S,57,35869.46,5056.54,17781309.2,87802263.0,437413249
2765.0,S,61,35888.93,5057.32,17781309.2,87802411.5,437413385
2766.0,S,59,35909.16,5057.86,17781309.2,87802605.0,437413555
2767.0,S,57,35925.28,5058.59,17781309.2,87802901.7,437414286
2768.0,S,57,35941.70,5059.32,17781309.2,87803187.9,437414727
2769.0,S,57,35958.95,5060.06,17781309.2,87803409.4,437414917
2770.0,S,56,35975.27,5060.80,17781309.2,87803605.5,437415273
2771.0,S,56,35991.84,5061.51,17781309.2,87803605.8,437415274
2772.0,S,56,36004.55,5062.16,17781309.2,87803915.7,437415954
2773.0,S,48,36012.79,5062.89,17781309.2,87804321.3,437416794
2774.0,S,42,36017.97,5063.42,17781309.2,87804588.2,437417263
2775.0,S,44,36026.31,5065.46,17781309.2,87804589.9,437417270
2776.0,S,43,36036.40,5066.96,17781309.2,87804599.4,437417284
2777.0,S,43,36046.03,5068.48,17781309.2,87804642.6,437417323
2778.0,S,43,36055.62,5069.90,17781309.2,87804644.7,437417338
2779.0,S,42,36064.95,5071.40,17781309.2,87804758.7,437417441
2780.0,S,48,36078.27,5073.24,17781309.2,87804788.9,437417478
2781.1,S,44,36088.92,5074.83,17781309.2,87804884.8,437417717
2782.1,S,43,36098.94,5076.19,17781309.2,87804916.9,437417781
2783.1,S,43,36108.84,5077.50,17781309.2,87804917.5,437417783
2784.1,S,44,36117.78,5078.87,17781309.2,87805031.5,437418009
2785.1,S,44,36128.43,5080.34,17781309.2,87805031.7,437418012
2786.1,S,43,36138.53,5081.69,17781309.2,87805085.7,437418127
2787.1,S,47,36151.21,5083.33,17781309.2,87805111.3,437418186
2788.1,S,43,36160.43,5084.67,17781309.2,87805290.5,437418666
2789.1,S,45,36170.77,5086.31,17781309.2,87805320.5,437418813
2790.1,S,44,36181.57,5087.79,17781309.2,87805333.4,437418829
2791.1,S,44,36192.36,5089.14,17781309.2,87805333.5,437418831
2792.1,S,44,36203.03,5090.55,17781309.2,87805333.7,437418835
2793.1,S,45,36212.64,5092.10,17781309.2,87805505.0,437419002
2794.1,S,48,36226.40,5093.85,17781309.2,87805571.6,437419071
2795.1,S,44,36237.37,5095.42,17781309.2,87805668.3,437419158
2796.1,S,44,36248.13,5097.01,17781309.2,87805668.5,437419160
2797.1,S,44,36258.67,5098.57,17781309.2,87805688.8,437419207
2798.1,S,46,36267.11,5100.06,17781309.2,87805934.3,437419816
2799.1,S,45,36279.13,5101.64,17781309.2,87805945.9,437419844
2800.1,S,49,36290.31,5103.15,17781309.2,87805956.1,437419880
2801.1,S,49,36305.16,5105.14,17781309.2,87805966.6,437419930
2802.1,S,45,36315.65,5106.64,17781309.2,87806087.1,437420189
2803.1,S,45,36323.32,5108.12,17781309.2,87806281.2,437420805
2804.1,S,45,36334.94,5109.53,17781309.2,87806281.5,437420807
2805.1,S,45,36346.43,5111.11,17781309.2,87806282.1,437420809
2806.1,S,44,36357.25,5112.54,17781309.2,87806324.2,437420884
2807.1,S,44,36367.62,5114.04,17781309.2,87806387.7,437420992
2808.1,S,49,36376.62,5115.33,17781309.2,87806599.7,437421375
2809.1,S,45,36390.29,5117.15,17781309.2,87806695.9,437421472
2810.1,S,45,36401.89,5118.69,17781309.2,87806696.2,437421477
2811.1,S,44,36412.86,5120.32,17781309.2,87806734.6,437421512
2812.1,S,42,36422.78,5121.87,17781309.2,87806906.8,437421658
2813.1,S,45,36434.31,5123.47,17781309.2,87806915.5,437421668
2814.1,S,45,36445.73,5125.11,17781309.2,87806915.6,437421670
2815.1,S,49,36456.35,5126.36,17781309.2,87807047.1,437422056
2816.1,S,45,36470.44,5128.18,17781309.2,87807143.1,437422238
2817.1,S,43,36478.69,5129.40,17781309.2,87807373.9,437422746
2818.1,S,42,36487.99,5130.80,17781309.2,87807384.8,437422770
2819.1,S,42,36496.64,5132.26,17781309.2,87807385.2,437422772
2820.1,S,42,36505.38,5133.66,17781309.2,87807385.3,437422774
2821.1,S,42,36513.87,5134.94,17781309.2,87807432.3,437422862
2822.1,S,49,36523.11,5136.07,17781309.2,87807546.0,437423127
2823.1,S,48,36537.23,5137.97,17781309.2,87807571.3,437423182
2824.1,S,44,36547.34,5139.50,17781309.2,87807655.7,437423346
2825.1,S,44,36557.95,5140.94,17781309.2,87807656.0,437423350
2826.1,S,45,36566.00,5142.32,17781309.2,87807829.1,437423723
2827.1,S,45,36577.54,5143.82,17781309.2,87807829.7,437423725
2828.1,S,45,36589.20,5145.39,17781309.2,87807830.1,437423727
2829.1,S,45,36600.67,5146.94,17781309.2,87807845.7,437423789
2830.1,S,48,36611.80,5148.35,17781309.2,87808002.5,437424070
2831.1,S,45,36622.31,5149.99,17781309.2,87808276.7,437424348
2832.1,S,44,36633.59,5151.49,17781309.2,87808291.6,437424385
2833.1,S,44,36644.33,5152.93,17781309.2,87808291.8,437424389
2834.1,S,44,36654.81,5154.41,17781309.2,87808292.1,437424390
2835.1,S,44,36665.37,5155.85,17781309.2,87808341.1,437424485
2836.1,S,45,36674.04,5157.10,17781309.2,87808466.3,437424776
2837.1,S,49,36685.36,5158.49,17781309.2,87808569.3,437424993
2838.1,S,46,36698.48,5160.10,17781309.2,87808665.6,437425254
2839.1,S,44,36709.40,5161.53,17781309.2,87808701.1,437425322
2840.1,S,43,36719.07,5163.02,17781309.2,87808876.1,437425559
2841.1,S,45,36730.16,5164.51,17781309.2,87808876.7,437425564
2842.1,S,45,36741.55,5166.10,17781309.2,87808877.4,437425569
2843.1,S,45,36753.13,5167.64,17781309.2,87808878.0,437425572
2844.1,S,49,36765.37,5169.17,17781309.2,87808980.6,437425667
2845.1,S,46,36777.22,5170.86,17781309.2,87809306.0,437426194
2846.1,S,46,36789.61,5172.65,17781309.2,87809306.4,437426195
2847.1,S,46,36801.99,5174.19,17781309.2,87809306.5,437426196
2848.1,S,46,36814.51,5175.71,17781309.2,87809306.8,437426198
2849.1,S,45,36826.23,5177.24,17781309.2,87809429.8,437426472
2850.3,S,45,36836.06,5178.75,17781309.2,87809590.5,437426927
2851.3,S,48,36846.50,5180.01,17781309.2,87809715.0,437427205
2852.3,S,45,36859.66,5181.68,17781309.2,87809787.1,437427342
2853.3,S,44,36870.40,5183.26,17781309.2,87809811.3,437427389
2854.3,S,44,36880.11,5184.75,17781309.2,87809907.5,437427628
2855.3,S,43,36888.44,5186.16,17781309.2,87809985.0,437427870
2856.3,S,43,36898.03,5187.57,17781309.2,87809985.5,437427879
2857.3,S,42,36906.99,5189.00,17781309.2,87810010.0,437427925
2858.3,S,46,36915.31,5190.23,17781309.2,87810112.8,437428073
2859.3,S,45,36928.72,5191.93,17781309.2,87810271.2,437428220
2860.3,S,45,36940.34,5193.54,17781309.2,87810272.2,437428224
2861.3,S,45,36951.82,5195.17,17781309.2,87810272.3,437428226
2862.3,S,45,36963.38,5196.82,17781309.2,87810272.6,437428229
2863.3,S,44,36974.16,5198.35,17781309.2,87810457.1,437428455
2864.3,S,46,36984.74,5199.82,17781309.2,87810505.3,437428554
2865.3,S,50,36996.36,5201.28,17781309.2,87810608.1,437428780
2866.3,S,49,37011.17,5203.14,17781309.2,87810680.9,437429006
2867.3,S,45,37022.07,5204.68,17781309.2,87810743.7,437429170
2868.3,S,42,37030.96,5206.10,17781309.2,87810976.8,437429579
2869.3,S,46,37042.61,5207.96,17781309.2,87810977.1,437429581
2870.3,S,45,37054.57,5209.53,17781309.2,87810994.6,437429600
2871.3,S,45,37066.16,5211.08,17781309.2,87810994.7,437429602
2872.3,S,49,37078.07,5212.67,17781309.2,87811098.1,437429699
2873.3,S,47,37090.56,5214.31,17781309.2,87811426.4,437430231
2874.3,S,47,37099.41,5215.01,17781309.2,87811426.7,437430239
2875.3,S,46,37107.79,5215.65,17781309.2,87811448.7,437430289
2876.3,S,46,37115.86,5216.34,17781309.2,87811449.0,437430299
2877.3,S,46,37123.73,5216.98,17781309.2,87811514.8,437430415
2878.3,S,42,37127.25,5217.72,17781309.2,87811742.9,437431025
2879.3,S,57,37132.46,5218.52,17781309.2,87811743.1,437431027
2880.3,S,57,37150.87,5219.37,17781309.2,87811744.0,437431031
2881.3,S,57,37169.33,5220.33,17781309.2,87811744.1,437431033
2882.3,S,57,37187.92,5221.24,17781309.2,87811744.4,437431037
2883.3,S,57,37206.28,5222.05,17781309.2,87811745.5,437431044
2884.3,S,57,37218.76,5222.87,17781309.2,87812148.6,437431889
2885.3,S,57,37232.75,5223.69,17781309.2,87812732.4,437432692
2886.3,S,57,37251.64,5224.69,17781309.2,87812861.9,437432915
2887.3,S,57,37270.23,5225.63,17781309.2,87812862.1,437432922
2888.3,S,57,37288.61,5226.52,17781309.2,87812862.2,437432924
2889.3,S,57,37305.97,5227.53,17781309.2,87813210.7,437433508
2890.3,S,57,37323.66,5228.62,17781309.2,87813624.7,437434059
2891.3,S,57,37338.77,5229.47,17781309.2,87813994.1,437434860
2892.3,S,61,37360.35,5230.07,17781309.2,87813994.3,437434862
2893.3,S,57,37378.87,5230.80,17781309.2,87814148.3,437435000
2894.3,S,57,37396.26,5231.58,17781309.2,87814307.0,437435241
2895.3,S,57,37409.73,5232.38,17781309.2,87814776.2,437436232
2896.3,S,57,37426.48,5233.10,17781309.2,87814964.6,437436685
2897.3,S,57,37442.77,5233.79,17781309.2,87815147.5,437437197
2898.3,S,57,37460.13,5234.54,17781309.2,87815291.5,437437363
2899.3,S,57,37477.30,5235.31,17781309.2,87815516.4,437437559
2900.3,S,57,37494.27,5236.05,17781309.2,87815783.8,437438007
2901.3,S,57,37511.01,5236.76,17781309.2,87815834.8,437438192
2902.3,S,57,37527.98,5237.52,17781309.2,87816054.7,437438612
2903.3,S,56,37544.20,5238.33,17781309.2,87816371.4,437438952
2904.3,S,56,37560.49,5239.11,17781309.2,87816582.7,437439222
2905.4,S,56,37576.94,5239.93,17781309.2,87816777.9,437439609
2906.4,S,51,37587.69,5240.65,17781309.2,87817119.9,437440386
2907.4,S,42,37591.82,5241.30,17781309.2,87817422.9,437441219
2908.4,S,43,37599.74,5243.55,17781309.2,87817424.2,437441225
2909.4,S,43,37609.37,5245.08,17781309.2,87817424.5,437441229
2910.4,S,43,37619.00,5246.37,17781309.2,87817426.5,437441234
2911.4,S,46,37629.66,5247.95,17781309.2,87817484.7,437441296
2912.4,S,44,37639.92,5249.51,17781309.2,87817635.7,437441428
2913.4,S,43,37650.47,5251.08,17781309.2,87817649.9,437441444
2914.4,S,43,37660.26,5252.51,17781309.2,87817650.3,437441451
2915.4,S,43,37669.77,5253.99,17781309.2,87817650.6,437441455
2916.4,S,43,37679.54,5255.42,17781309.2,87817651.4,437441458
2917.4,S,44,37689.47,5256.88,17781309.2,87817764.3,437441558
2918.4,S,48,37702.64,5258.52,17781309.2,87817811.8,437441631
2919.4,S,43,37713.86,5260.14,17781309.2,87817942.9,437441952
2920.4,S,43,37723.69,5261.65,17781309.2,87817943.0,437441954
2921.4,S,44,37732.83,5263.23,17781309.2,87818057.0,437442210
2922.4,S,44,37743.59,5264.70,17781309.2,87818125.3,437442335
2923.4,S,44,37754.02,5266.19,17781309.2,87818125.6,437442344
2924.4,S,47,37762.63,5267.40,17781309.2,87818221.2,437442593
2925.4,S,47,37775.84,5269.04,17781309.2,87818233.2,437442670
2926.4,S,44,37785.31,5270.49,17781309.2,87818434.0,437442882
2927.4,S,44,37795.79,5272.08,17781309.2,87818434.6,437442886
2928.4,S,44,37806.28,5273.51,17781309.2,87818435.1,437442888
2929.4,S,44,37816.88,5275.02,17781309.2,87818435.4,437442890
2930.4,S,45,37827.21,5276.58,17781309.2,87818606.4,437443043
2931.4,S,49,37838.71,5278.05,17781309.2,87818641.9,437443083
2932.5,S,49,37853.96,5279.88,17781309.2,87818663.2,437443120
2933.5,S,44,37864.70,5281.25,17781309.2,87818777.3,437443422
2934.5,S,44,37875.22,5282.69,17781309.2,87818828.2,437443523
2935.5,S,45,37884.69,5284.37,17781309.2,87818951.2,437443894
2936.5,S,45,37896.24,5285.95,17781309.2,87818951.5,437443897
2937.5,S,45,37907.65,5287.47,17781309.2,87818951.8,437443901
2938.5,S,44,37917.09,5288.80,17781309.2,87819059.7,437444187
2939.5,S,47,37929.06,5290.29,17781309.2,87819211.6,437444508
2940.5,S,45,37938.97,5291.74,17781309.2,87819366.1,437444795
2941.5,S,45,37950.53,5293.32,17781309.2,87819366.4,437444797
2942.5,S,45,37962.24,5294.83,17781309.2,87819366.5,437444803
2943.5,S,44,37973.43,5296.34,17781309.2,87819411.0,437444888
2944.5,S,42,37982.06,5297.66,17781309.2,87819582.7,437445297
2945.5,S,45,37993.19,5299.28,17781309.2,87819611.4,437445329
2946.5,S,49,38006.42,5300.91,17781309.2,87819714.1,437445425
2947.5,S,45,38019.46,5302.61,17781309.2,87819810.0,437445526
2948.5,S,45,38030.87,5304.21,17781309.2,87819810.8,437445529
2949.5,S,46,38039.99,5305.68,17781309.2,87820038.8,437446016
2950.5,S,45,38051.73,5307.45,17781309.2,87820044.5,437446038
2951.5,S,45,38063.39,5309.09,17781309.2,87820044.8,437446042
2952.5,S,45,38074.80,5310.67,17781309.2,87820045.0,437446043
2953.5,S,49,38086.64,5312.02,17781309.2,87820147.8,437446280
2954.5,S,45,38097.98,5313.68,17781309.2,87820474.7,437446825
2955.5,S,45,38109.43,5315.25,17781309.2,87820474.9,437446827
2956.5,S,45,38120.98,5316.63,17781309.2,87820475.4,437446829
2957.5,S,45,38132.57,5318.16,17781309.2,87820475.6,437446832
2958.5,S,42,38142.90,5319.73,17781309.2,87820704.8,437447040
2959.5,S,45,38154.19,5321.20,17781309.2,87820705.2,437447042
2960.5,S,49,38164.94,5322.45,17781309.2,87820808.6,437447360
2961.5,S,44,38177.64,5324.06,17781309.2,87820941.0,437447611
2962.5,S,44,38188.27,5325.51,17781309.2,87820941.6,437447613
2963.5,S,45,38197.13,5326.88,17781309.2,87821114.5,437448040
2964.5,S,45,38208.65,5328.33,17781309.2,87821114.9,437448042
2965.5,S,45,38220.08,5329.85,17781309.2,87821115.4,437448043
2966.5,S,44,38231.51,5331.33,17781309.2,87821157.4,437448138
2967.5,S,48,38241.23,5332.62,17781309.2,87821260.3,437448334
2968.5,S,51,38252.29,5334.07,17781309.2,87821434.2,437448778
2969.5,S,47,38264.87,5335.67,17781309.2,87821530.0,437449064
2970.5,S,46,38277.73,5337.27,17781309.2,87821554.5,437449120
2971.5,S,46,38290.18,5338.81,17781309.2,87821554.5,437449120
2972.5,S,46,38302.18,5340.35,17781309.2,87821638.6,437449249
2973.5,S,46,38312.46,5341.97,17781309.2,87821843.8,437449427
2974.5,S,49,38323.90,5343.49,17781309.2,87821965.4,437449535
2975.5,S,49,38338.63,5345.36,17781309.2,87822006.1,437449589
2976.5,S,45,38350.11,5346.90,17781309.2,87822062.0,437449679
2977.5,S,42,38357.81,5348.04,17781309.2,87822292.8,437450239
2978.5,S,42,38367.06,5349.56,17781309.2,87822305.1,437450300
2979.5,S,42,38375.96,5350.94,17781309.2,87822305.3,437450302
2980.5,S,42,38384.80,5352.31,17781309.2,87822306.2,437450307
2981.5,S,42,38393.58,5353.66,17781309.2,87822306.4,437450307
2982.5,S,51,38403.74,5354.87,17781309.2,87822466.8,437450734
2983.5,S,47,38418.25,5356.62,17781309.2,87822562.9,437450830
2984.5,S,46,38431.23,5358.39,17781309.2,87822588.8,437450858
2985.5,S,46,38443.68,5360.04,17781309.2,87822588.9,437450858
2986.5,S,44,38455.66,5361.68,17781309.2,87822763.6,437451012
2987.5,S,46,38465.37,5363.32,17781309.2,87822882.6,437451256
2988.5,S,46,38477.69,5364.97,17781309.2,87822883.5,437451260
2989.5,S,50,38490.56,5366.38,17781309.2,87822986.5,437451480
2990.5,S,46,38504.42,5367.95,17781309.2,87823128.0,437451701
2991.5,S,45,38514.98,5369.49,17781309.2,87823262.1,437451940
2992.6,S,46,38524.28,5370.83,17781309.2,87823361.5,437452225
2993.6,S,46,38536.54,5372.60,17781309.2,87823362.5,437452233
2994.6,S,45,38548.63,5374.12,17781309.2,87823394.4,437452293
2995.6,S,45,38560.21,5375.66,17781309.2,87823394.4,437452293
2996.6,S,44,38566.90,5376.61,17781309.2,87823671.9,437452873
2997.6,S,50,38580.19,5378.20,17781309.2,87823733.2,437453042
2998.6,S,45,38592.13,5379.88,17781309.2,87823841.6,437453288
2999.6,S,45,38603.59,5381.48,17781309.2,87823841.9,437453288
3000.6,S,45,38615.15,5383.07,17781309.2,87823842.3,437453293
3001.6,S,46,38625.16,5384.65,17781309.2,87824073.8,437453491
3002.6,S,45,38636.84,5386.22,17781309.2,87824076.4,437453497
3003.6,S,49,38647.48,5387.64,17781309.2,87824179.7,437453597
3004.6,S,48,38662.50,5389.50,17781309.2,87824204.2,437453623
3005.6,S,45,38674.34,5391.12,17781309.2,87824276.3,437453780
3006.6,S,47,38683.04,5392.58,17781309.2,87824509.5,437454236
3007.6,S,47,38696.33,5394.35,17781309.2,87824509.7,437454238
3008.6,S,47,38709.47,5396.13,17781309.2,87824509.9,437454240
3009.6,S,46,38722.08,5397.74,17781309.2,87824540.9,437454337
3010.6,S,46,38732.49,5399.01,17781309.2,87824613.0,437454599
3011.6,S,50,38743.36,5400.32,17781309.2,87824937.4,437454945
3012.6,S,46,38754.05,5401.46,17781309.2,87825033.1,437455027
3013.6,S,46,38762.19,5402.23,17781309.2,87825033.4,437455029
3014.6,S,45,38769.86,5403.04,17781309.2,87825071.5,437455093
3015.6,S,43,38776.54,5403.76,17781309.2,87825188.8,437455304
3016.6,S,42,38781.21,5404.63,17781309.2,87825304.2,437455696
3017.6,S,42,38785.98,5405.42,17781309.2,87825304.5,437455703
3018.6,S,57,38804.76,5406.36,17781309.2,87825305.3,437455708
3019.6,S,57,38823.36,5407.18,17781309.2,87825395.1,437455863
3020.6,S,57,38841.84,5407.99,17781309.2,87825396.2,437455866
3021.6,S,57,38860.53,5408.88,17781309.2,87825396.8,437455868
3022.6,S,57,38873.98,5409.74,17781309.2,87825761.7,437456585
3023.7,S,57,38888.39,5410.95,17781309.2,87826334.0,437457480
3024.7,S,57,38906.88,5411.85,17781309.2,87826410.1,437457665
3025.7,S,57,38925.66,5412.77,17781309.2,87826411.2,437457668
3026.7,S,57,38944.49,5413.65,17781309.2,87826411.4,437457675
3027.7,S,57,38962.83,5414.54,17781309.2,87826586.0,437458021
3028.7,S,57,38977.94,5415.53,17781309.2,87827203.7,437458931
3029.7,S,61,38995.17,5416.19,17781309.2,87827555.8,437459688
3030.7,S,57,39015.01,5416.93,17781309.2,87827653.4,437459996
3031.7,S,57,39032.89,5417.74,17781309.2,87827654.6,437459997
3032.7,S,57,39050.16,5418.56,17781309.2,87827803.8,437460461
3033.7,S,57,39066.30,5419.32,17781309.2,87828105.8,437461026
3034.7,S,57,39081.65,5420.11,17781309.2,87828570.0,437461619
3035.7,S,57,39099.06,5420.93,17781309.2,87828764.8,437462060
3036.7,S,57,39116.89,5421.71,17781309.2,87828765.1,437462063
3037.7,S,57,39134.50,5422.54,17781309.2,87828890.0,437462315
3038.7,S,57,39151.70,5423.30,17781309.2,87829039.5,437462680
3039.7,S,57,39162.41,5424.12,17781309.2,87829457.5,437463681
3040.7,S,57,39178.94,5424.97,17781309.2,87829811.0,437463977
3041.7,S,57,39196.52,5425.71,17781309.2,87829868.6,437464120
3042.7,S,56,39213.92,5426.50,17781309.2,87829918.2,437464215
3043.7,S,56,39230.61,5427.29,17781309.2,87830103.1,437464563
3044.7,S,52,39243.52,5428.03,17781309.2,87830535.4,437465285
3045.7,S,44,39250.53,5428.75,17781309.2,87830925.4,437465925
3046.7,S,42,39257.72,5430.90,17781309.2,87830962.6,437466002
3047.7,S,44,39268.39,5432.31,17781309.2,87830963.8,437466011
3048.7,S,48,39279.02,5433.89,17781309.2,87830990.8,437466079
3049.7,S,45,39292.43,5435.65,17781309.2,87831085.3,437466253
3050.7,S,43,39302.39,5437.04,17781309.2,87831134.3,437466376
3051.7,S,45,39311.33,5438.29,17781309.2,87831247.2,437466709
3052.7,S,45,39322.78,5439.85,17781309.2,87831247.5,437466710
3053.7,S,44,39333.75,5441.32,17781309.2,87831269.2,437466779
3054.7,S,44,39344.36,5442.83,17781309.2,87831269.8,437466782
3055.7,S,44,39352.20,5444.04,17781309.2,87831399.9,437467058
3056.7,S,48,39363.07,5445.37,17781309.2,87831513.9,437467349
3057.7,S,44,39374.99,5447.04,17781309.2,87831610.0,437467573
3058.7,S,44,39385.55,5448.45,17781309.2,87831610.2,437467581
3059.7,S,43,39395.38,5449.91,17781309.2,87831651.9,437467692
3060.7,S,45,39404.64,5451.57,17781309.2,87831767.5,437467801
3061.7,S,44,39416.00,5453.13,17781309.2,87831851.7,437467873
3062.7,S,44,39426.59,5454.60,17781309.2,87831852.0,437467877
3063.7,S,48,39439.39,5456.22,17781309.2,87831913.8,437467938
3064.7,S,43,39450.76,5457.92,17781309.2,87832101.0,437468189
3065.7,S,45,39461.00,5459.45,17781309.2,87832182.4,437468340
3066.7,S,45,39472.42,5460.97,17781309.2,87832182.6,437468341
3067.7,S,45,39484.15,5462.53,17781309.2,87832183.2,437468342
3068.7,S,44,39495.28,5464.14,17781309.2,87832231.6,437468428
3069.7,S,44,39503.83,5465.33,17781309.2,87832374.6,437468784
3070.7,S,49,39516.11,5467.08,17781309.2,87832437.9,437468965
3071.7,S,45,39528.14,5468.83,17781309.2,87832534.5,437469184
3072.7,S,45,39539.72,5470.50,17781309.2,87832534.9,437469187
3073.7,S,44,39550.72,5472.13,17781309.2,87832577.8,437469228
3074.7,S,46,39559.93,5473.72,17781309.2,87832749.6,437469379
3075.7,S,46,39572.26,5475.46,17781309.2,87832750.2,437469384
3076.7,S,45,39583.66,5477.07,17781309.2,87832834.4,437469459
3077.7,S,49,39598.41,5478.90,17781309.2,87832872.2,437469500
3078.7,S,45,39610.17,5480.56,17781309.2,87832968.3,437469704
3079.7,S,45,39617.75,5481.87,17781309.2,87833198.8,437470264
3080.7,S,45,39629.30,5483.40,17781309.2,87833199.2,437470266
3081.7,S,45,39640.88,5484.87,17781309.2,87833199.5,437470271
3082.7,S,44,39652.24,5486.36,17781309.2,87833241.0,437470358
3083.7,S,44,39662.84,5487.72,17781309.2,87833263.1,437470417
3084.7,S,49,39669.04,5488.58,17781309.2,87833516.1,437471088
3085.7,S,45,39682.77,5490.31,17781309.2,87833612.2,437471290
3086.7,S,45,39694.50,5491.74,17781309.2,87833612.3,437471290
3087.7,S,44,39705.29,5493.22,17781309.2,87833648.9,437471362
3088.7,S,44,39715.78,5494.73,17781309.2,87833690.7,437471455
3089.7,S,46,39725.60,5496.40,17781309.2,87833821.3,437471697
3090.7,S,45,39737.68,5498.08,17781309.2,87833834.7,437471710
3091.7,S,49,39750.46,5499.59,17781309.2,87833937.6,437471803
3092.7,S,45,39763.76,5501.25,17781309.2,87834033.6,437471892
3093.7,S,44,39774.60,5502.84,17781309.2,87834148.4,437471997
3094.7,S,46,39785.07,5504.39,17781309.2,87834266.4,437472240
3095.7,S,45,39796.52,5505.93,17781309.2,87834274.6,437472255
3096.7,S,45,39808.24,5507.42,17781309.2,87834275.0,437472256
3097.7,S,45,39819.75,5508.97,17781309.2,87834275.2,437472257
3098.7,S,49,39828.73,5510.09,17781309.2,87834562.1,437472891
3099.8,S,46,39841.61,5511.75,17781309.2,87834704.2,437473181
3100.8,S,46,39854.07,5513.31,17781309.2,87834704.6,437473184
3101.8,S,45,39865.54,5514.97,17781309.2,87834731.6,437473210
3102.8,S,45,39877.00,5516.42,17781309.2,87834731.9,437473214
3103.8,S,45,39887.09,5517.95,17781309.2,87834960.3,437473409
3104.8,S,45,39898.67,5519.50,17781309.2,87834961.3,437473414
3105.8,S,49,39910.10,5520.91,17781309.2,87835064.2,437473551
3106.8,S,44,39923.54,5522.63,17781309.2,87835192.8,437473804
3107.8,S,44,39934.29,5524.11,17781309.2,87835193.5,437473807
3108.8,S,46,39943.45,5525.55,17781309.2,87835368.5,437474189
3109.8,S,46,39955.89,5527.14,17781309.2,87835368.9,437474194
3110.8,S,45,39967.42,5528.81,17781309.2,87835392.1,437474239
3111.8,S,45,39979.00,5530.37,17781309.2,87835392.5,437474243
3112.8,S,45,39987.48,5531.45,17781309.2,87835506.0,437474570
3113.8,S,51,39995.60,5532.46,17781309.2,87835724.6,437475063
3114.8,S,47,40011.50,5534.35,17781309.2,87835820.7,437475251
3115.8,S,47,40024.79,5536.17,17781309.2,87835821.0,437475253
3116.8,S,47,40038.03,5537.95,17781309.2,87835821.6,437475257
3117.8,S,46,40050.00,5539.47,17781309.2,87835983.9,437475608
3118.8,S,46,40059.82,5541.15,17781309.2,87836172.1,437475783
3119.8,S,46,40072.36,5542.84,17781309.2,87836172.8,437475787
3120.8,S,50,40087.16,5544.53,17781309.2,87836275.7,437475876
3121.8,S,46,40100.76,5546.22,17781309.2,87836371.9,437475975
3122.8,S,46,40111.76,5547.83,17781309.2,87836497.6,437476258
3123.8,S,46,40121.35,5549.35,17781309.2,87836663.3,437476617
3124.8,S,46,40133.87,5550.97,17781309.2,87836664.0,437476621
3125.8,S,45,40145.54,5552.56,17781309.2,87836687.4,437476666
3126.8,S,45,40156.69,5554.02,17781309.2,87836715.9,437476717
3127.8,S,46,40168.00,5555.44,17781309.2,87837024.4,437477142
3128.8,S,47,40182.10,5557.28,17781309.2,87837120.2,437477223
3129.8,S,46,40194.60,5558.98,17781309.2,87837139.8,437477241
3130.8,S,46,40207.03,5560.70,17781309.2,87837140.1,437477242
3131.8,S,46,40219.29,5562.53,17781309.2,87837140.3,437477244
3132.8,S,42,40227.69,5563.87,17781309.2,87837429.9,437477771
3133.8,S,46,40239.79,5565.42,17781309.2,87837437.8,437477782
3134.8,S,49,40251.08,5566.76,17781309.2,87837546.6,437478058
3135.8,S,45,40263.47,5568.24,17781309.2,87837643.1,437478314
3136.8,S,45,40275.03,5569.76,17781309.2,87837643.3,437478316
3137.8,S,43,40282.53,5570.99,17781309.2,87837866.1,437478813
3138.8,S,46,40294.20,5572.71,17781309.2,87837877.0,437478838
3139.8,S,45,40306.25,5574.26,17781309.2,87837894.1,437478877
3140.8,S,45,40318.00,5575.80,17781309.2,87837894.5,437478881
3141.8,S,49,40328.30,5577.05,17781309.2,87837997.8,437479074
3142.8,S,50,40340.91,5578.69,17781309.2,87838265.4,437479592
3143.8,S,46,40353.56,5580.36,17781309.2,87838326.7,437479650
3144.8,S,46,40365.92,5581.99,17781309.2,87838327.0,437479652
3145.8,S,45,40377.83,5583.58,17781309.2,87838361.6,437479686
3146.8,S,45,40389.55,5585.08,17781309.2,87838362.0,437479687
3147.8,S,47,40399.45,5586.70,17781309.2,87838594.2,437479938
3148.8,S,47,40411.70,5588.15,17781309.2,87838662.6,437480096
3149.8,S,50,40427.30,5589.91,17781309.2,87838720.8,437480243
3150.8,S,46,40437.57,5591.06,17781309.2,87838816.7,437480458
3151.8,S,46,40444.82,5591.89,17781309.2,87838931.4,437480807
3152.8,S,42,40450.09,5592.89,17781309.2,87839108.3,437481035
3153.8,S,42,40455.78,5593.79,17781309.2,87839109.1,437481039
3154.8,S,57,40469.63,5594.79,17781309.2,87839109.2,437481041
3155.8,S,57,40488.65,5595.74,17781309.2,87839110.2,437481047
3156.8,S,57,40507.76,5596.76,17781309.2,87839110.3,437481048
3157.8,S,57,40526.83,5597.72,17781309.2,87839155.7,437481089
3158.8,S,57,40544.47,5598.80,17781309.2,87839422.6,437481416
3159.9,S,57,40561.27,5600.06,17781309.2,87839937.8,437482249
3160.9,S,57,40580.05,5601.16,17781309.2,87840047.4,437482491
3161.9,S,57,40595.77,5602.16,17781309.2,87840243.4,437482947
3162.9,S,57,40614.75,5603.06,17781309.2,87840243.8,437482954
3163.9,S,61,40633.81,5603.99,17781309.2,87840433.5,437483392
3164.9,S,59,40655.13,5604.67,17781309.2,87840765.6,437483693
3165.9,S,57,40670.57,5605.56,17781309.2,87841156.1,437484547
3166.9,S,57,40687.67,5606.30,17781309.2,87841330.7,437484875
3167.9,S,57,40705.59,5607.13,17781309.2,87841396.7,437484934
3168.9,S,57,40722.19,5607.95,17781309.2,87841654.7,437485341
3169.9,S,57,40737.36,5608.73,17781309.2,87841862.3,437486202
3170.9,S,57,40754.79,5609.64,17781309.2,87842161.6,437486479
3171.9,S,57,40772.58,5610.44,17781309.2,87842251.3,437486589
3172.9,S,57,40787.55,5611.30,17781309.2,87842432.5,437487587
3173.9,S,57,40801.91,5612.10,17781309.2,87842711.7,437488213
3174.9,S,57,40819.20,5612.98,17781309.2,87842944.6,437488545
3175.9,S,57,40837.00,5613.84,17781309.2,87843223.2,437488786
3176.9,S,57,40854.78,5614.69,17781309.2,87843373.7,437488921
3177.9,S,56,40872.29,5615.49,17781309.2,87843506.2,437489038
3178.9,S,56,40888.23,5616.37,17781309.2,87843760.9,437489451
3179.9,S,56,40902.91,5617.20,17781309.2,87844074.5,437490141
3180.9,S,55,40919.00,5618.03,17781309.2,87844308.5,437490389
3181.9,S,44,40929.00,5618.88,17781309.2,87844633.1,437490935
3182.9,S,42,40933.44,5619.82,17781309.2,87844755.4,437491214
3183.9,S,43,40942.02,5621.79,17781309.2,87844756.5,437491221
3184.9,S,47,40952.87,5623.21,17781309.2,87844778.4,437491284
3185.9,S,43,40964.11,5624.65,17781309.2,87844876.8,437491522
3186.9,S,43,40973.80,5626.06,17781309.2,87844876.9,437491524
3187.9,S,42,40982.89,5627.55,17781309.2,87844983.2,437491715
3188.9,S,44,40993.53,5629.00,17781309.2,87844983.7,437491720
3189.9,S,44,41004.29,5630.37,17781309.2,87844984.0,437491720
3190.9,S,43,41014.26,5631.99,17781309.2,87845016.6,437491748
3191.9,S,47,41025.66,5633.58,17781309.2,87845058.4,437491792
3192.9,S,45,41036.67,5635.28,17781309.2,87845266.1,437491976
3193.9,S,44,41047.30,5636.93,17781309.2,87845273.6,437492030
3194.9,S,44,41057.07,5638.23,17781309.2,87845337.0,437492177
3195.9,S,44,41067.66,5639.83,17781309.2,87845337.2,437492184
3196.9,S,42,41076.99,5641.27,17781309.2,87845452.2,437492444
3197.9,S,44,41087.02,5642.78,17781309.2,87845512.1,437492587
3198.9,S,48,41097.52,5644.20,17781309.2,87845573.5,437492707
3199.9,S,45,41111.00,5645.83,17781309.2,87845659.9,437492867
3200.9,S,44,41121.47,5647.41,17781309.2,87845669.7,437492906
3201.9,S,44,41130.74,5648.98,17781309.2,87845839.1,437493176
3202.9,S,44,41141.37,5650.42,17781309.2,87845840.1,437493179
3203.9,S,43,41151.69,5651.90,17781309.2,87845865.8,437493204
3204.9,S,43,41161.26,5653.38,17781309.2,87845866.1,437493206
3206.0,S,47,41171.44,5654.82,17781309.2,87845952.4,437493289
3207.0,S,45,41184.84,5656.60,17781309.2,87846116.0,437493455
3208.0,S,45,41196.30,5658.19,17781309.2,87846116.3,437493522
3209.0,S,45,41207.85,5659.75,17781309.2,87846116.9,437493524
3210.0,S,45,41219.43,5661.32,17781309.2,87846117.1,437493525
3211.0,S,42,41228.83,5662.93,17781309.2,87846339.5,437493979
3212.0,S,45,41240.37,5664.47,17781309.2,87846340.1,437493981
3213.0,S,49,41251.28,5665.92,17781309.2,87846443.2,437494186
3214.0,S,45,41265.35,5667.69,17781309.2,87846539.6,437494370
3215.0,S,45,41276.85,5669.25,17781309.2,87846539.8,437494372
3216.0,S,44,41285.06,5670.61,17781309.2,87846765.3,437494969
3217.0,S,44,41295.70,5671.98,17781309.2,87846765.8,437494974
3218.0,S,44,41306.28,5673.45,17781309.2,87846766.4,437494977
3219.0,S,43,41316.48,5674.85,17781309.2,87846800.4,437495050
3220.0,S,47,41324.27,5675.95,17781309.2,87846949.8,437495418
3221.0,S,46,41338.39,5677.78,17781309.2,87847092.9,437495677
3222.0,S,45,41349.95,5679.38,17781309.2,87847117.1,437495703
3223.0,S,45,41361.69,5680.72,17781309.2,87847117.4,437495705
3224.0,S,45,41373.26,5682.34,17781309.2,87847117.7,437495707
3225.0,S,46,41383.29,5683.91,17781309.2,87847346.2,437495902
3226.0,S,45,41395.49,5685.60,17781309.2,87847357.1,437495915
3227.0,S,49,41405.76,5686.85,17781309.2,87847459.9,437496117
3228.0,S,49,41420.83,5688.79,17781309.2,87847486.7,437496161
3229.0,S,45,41431.96,5690.35,17781309.2,87847556.4,437496352
3230.0,S,45,41439.59,5691.64,17781309.2,87847784.0,437496861
3231.0,S,45,41451.18,5693.21,17781309.2,87847784.8,437496864
3232.0,S,44,41462.72,5694.70,17781309.2,87847816.8,437496925
3233.0,S,44,41473.56,5696.10,17781309.2,87847817.0,437496927
3234.0,S,44,41483.38,5697.50,17781309.2,87847921.6,437497126
3235.0,S,50,41492.56,5698.54,17781309.2,87848091.3,437497533
3236.0,S,45,41506.13,5700.28,17781309.2,87848203.0,437497833
3237.0,S,45,41517.62,5701.86,17781309.2,87848203.5,437497835
3238.0,S,45,41529.20,5703.32,17781309.2,87848203.8,437497838
3239.0,S,42,41538.16,5704.59,17781309.2,87848375.5,437498174
3240.0,S,45,41548.81,5706.28,17781309.2,87848433.3,437498224
3241.0,S,45,41560.25,5707.85,17781309.2,87848433.4,437498225
3242.0,S,48,41571.88,5709.36,17781309.2,87848568.2,437498344
3243.0,S,44,41584.45,5710.93,17781309.2,87848664.1,437498429
3244.0,S,44,41593.51,5712.36,17781309.2,87848836.2,437498707
3245.0,S,43,41603.22,5713.85,17781309.2,87848840.6,437498732
3246.0,S,43,41612.86,5715.22,17781309.2,87848840.9,437498734
3247.0,S,43,41622.52,5716.71,17781309.2,87848841.1,437498735
3248.0,S,43,41632.17,5718.23,17781309.2,87848902.5,437498846
3249.0,S,49,41642.14,5719.55,17781309.2,87849058.3,437499179
3250.0,S,45,41655.31,5721.19,17781309.2,87849154.8,437499489
3251.0,S,45,41666.75,5722.79,17781309.2,87849155.1,437499497
3252.0,S,44,41677.89,5724.50,17781309.2,87849199.8,437499597
3253.0,S,45,41687.28,5726.04,17781309.2,87849372.3,437499856
3254.0,S,45,41698.55,5727.60,17781309.2,87849373.2,437499860
3255.0,S,45,41710.24,5729.19,17781309.2,87849373.6,437499866
3256.0,S,49,41723.06,5730.85,17781309.2,87849477.0,437499961
3257.0,S,44,41735.96,5732.43,17781309.2,87849628.5,437500204
3258.0,S,46,41745.47,5733.91,17781309.2,87849801.1,437500519
3259.0,S,45,41757.13,5735.57,17781309.2,87849811.3,437500545
3260.0,S,45,41768.49,5737.28,17781309.2,87849812.2,437500557
3261.0,S,45,41779.90,5738.90,17781309.2,87849812.9,437500740
3262.0,S,42,41788.50,5740.14,17781309.2,87850042.9,437501175
3263.0,S,50,41797.77,5741.27,17781309.2,87850146.0,437501568
3264.0,S,50,41812.87,5742.94,17781309.2,87850186.2,437501725
3265.1,S,46,41825.38,5744.57,17781309.2,87850242.2,437501885
3266.1,S,45,41837.66,5746.08,17781309.2,87850291.3,437501978
3267.1,S,42,41845.91,5747.36,17781309.2,87850522.8,437502494
3268.1,S,48,41859.22,5749.26,17781309.2,87850523.3,437502500
3269.1,S,47,41873.27,5751.00,17781309.2,87850545.9,437502518
3270.1,S,51,41886.71,5752.53,17781309.2,87850648.9,437502607
3271.1,S,47,41903.25,5754.45,17781309.2,87850745.1,437502694
3272.1,S,43,41912.65,5755.88,17781309.2,87851095.3,437503253
3273.1,S,46,41924.10,5757.62,17781309.2,87851095.9,437503261
3274.1,S,46,41936.66,5759.23,17781309.2,87851096.0,437503261
3275.1,S,45,41948.91,5760.91,17781309.2,87851136.5,437503355
3276.1,S,45,41960.55,5762.38,17781309.2,87851136.9,437503358
3277.1,S,42,41966.97,5763.50,17781309.2,87851370.9,437503935
3278.1,S,50,41980.06,5765.05,17781309.2,87851470.1,437504123
3279.1,S,46,41992.73,5766.50,17781309.2,87851566.3,437504332
3280.1,S,46,42005.10,5768.21,17781309.2,87851566.7,437504338
3281.1,S,45,42017.01,5769.89,17781309.2,87851611.8,437504458
3282.1,S,45,42025.61,5771.19,17781309.2,87851743.9,437504927
3283.2,S,46,42036.90,5772.88,17781309.2,87851843.2,437505129
3284.2,S,46,42049.25,5774.51,17781309.2,87851843.8,437505131
3285.2,S,49,42063.73,5776.10,17781309.2,87851982.5,437505255
3286.2,S,45,42074.77,5777.55,17781309.2,87852078.5,437505339
3287.2,S,42,42080.85,5778.53,17781309.2,87852311.5,437505732
3288.2,S,42,42086.46,5779.51,17781309.2,87852340.9,437505802
3289.2,S,57,42102.98,5780.51,17781309.2,87852341.5,437505803
3290.2,S,57,42122.43,5781.64,17781309.2,87852343.4,437505815
3291.2,S,57,42141.76,5782.63,17781309.2,87852343.7,437505820
3292.2,S,57,42161.18,5783.61,17781309.2,87852343.8,437505826
3293.2,S,57,42179.61,5784.73,17781309.2,87852511.7,437506215
3294.2,S,57,42190.27,5785.58,17781309.2,87853187.9,437507154
3295.2,S,57,42209.06,5786.84,17781309.2,87853428.1,437507746
3296.2,S,57,42227.97,5788.00,17781309.2,87853519.2,437508042
3297.2,S,57,42247.16,5789.07,17781309.2,87853519.6,437508046
3298.2,S,61,42267.80,5789.95,17781309.2,87853527.5,437508077
3299.2,S,61,42285.24,5790.92,17781309.2,87853912.0,437508965
3300.2,S,57,42299.87,5791.96,17781309.2,87854541.8,437509911
3301.2,S,57,42317.97,5792.79,17781309.2,87854603.2,437510032
3302.2,S,57,42336.18,5793.50,17781309.2,87854603.5,437510032
3303.2,S,57,42354.33,5794.29,17781309.2,87854603.7,437510034
3304.2,S,57,42371.61,5795.20,17781309.2,87854796.8,437510459
3305.4,S,57,42384.85,5796.17,17781309.2,87855369.1,437511585
3306.4,S,57,42401.49,5797.11,17781309.2,87855764.9,437512111
3307.4,S,57,42419.69,5797.96,17781309.2,87855765.9,437512112
3308.4,S,57,42437.86,5798.77,17781309.2,87855804.6,437512195
3309.4,S,57,42456.07,5799.61,17781309.2,87855846.8,437512289
3310.4,S,57,42472.91,5800.57,17781309.2,87856289.9,437513023
3311.4,S,57,42488.19,5801.45,17781309.2,87856715.5,437513623
3312.4,S,56,42505.77,5802.32,17781309.2,87856921.1,437514023
3313.4,S,56,42523.32,5803.19,17781309.2,87856921.9,437514024
3314.4,S,56,42540.40,5804.06,17781309.2,87856951.9,437514158
3315.4,S,56,42554.99,5805.01,17781309.2,87857294.9,437514920
3316.4,S,51,42568.11,5805.94,17781309.2,87857852.2,437515626
3317.4,S,44,42576.51,5806.74,17781309.2,87858042.0,437515991
3318.4,S,42,42583.61,5808.62,17781309.2,87858088.2,437516127
3319.4,S,46,42595.51,5810.12,17781319.0,87858108.8,437516207
3320.4,S,42,42604.16,5811.44,17781328.1,87858204.8,437516425
3321.4,S,45,42613.49,5813.07,17781333.6,87858237.7,437516498
3322.4,S,45,42625.06,5814.55,17781333.6,87858238.5,437516499
3323.4,S,45,42636.66,5816.13,17781333.6,87858238.8,437516503
3324.4,S,45,42648.14,5817.67,17781333.6,87858238.9,437516505
3325.4,S,42,42657.54,5819.09,17781333.6,87858457.1,437516849
3326.4,S,49,42671.45,5820.83,17781333.6,87858494.2,437516893
3327.4,S,45,42683.79,5822.46,17781333.6,87858590.5,437516978
3328.4,S,45,42695.40,5824.01,17781333.6,87858590.6,437516978
3329.4,S,44,42706.73,5825.59,17781333.6,87858643.2,437517026
3330.4,S,45,42716.02,5826.99,17781333.6,87858814.7,437517262
3331.4,S,44,42727.36,5828.52,17781333.6,87858827.6,437517290
3332.4,S,44,42737.23,5829.92,17781333.6,87858936.8,437517491
3333.4,S,48,42750.68,5831.57,17781333.6,87858959.4,437517556
3334.4,S,44,42761.02,5833.00,17781333.6,87859071.1,437517809
3335.4,S,46,42769.67,5834.41,17781340.1,87859226.8,437518245
3336.4,S,45,42781.74,5836.18,17781351.6,87859241.1,437518294
3337.4,S,45,42792.96,5837.89,17781360.9,87859241.5,437518305
3338.4,S,45,42804.61,5839.32,17781370.0,87859242.0,437518323
3339.4,S,43,42815.56,5840.80,17781383.7,87859416.0,437518496
3340.4,S,49,42828.68,5842.50,17781384.5,87859498.4,437518580
3341.4,S,44,42841.37,5844.39,17781384.5,87859617.3,437518703
3342.4,S,44,42851.90,5845.98,17781384.5,87859617.5,437518706
3343.4,S,44,42862.46,5847.48,17781384.5,87859618.0,437518712
3344.4,S,42,42871.70,5848.97,17781384.5,87859785.3,437519143
3345.4,S,46,42883.45,5850.53,17781384.5,87859788.4,437519161
3346.4,S,45,42894.81,5852.04,17781384.5,87859836.8,437519249
3347.4,S,49,42908.34,5853.55,17781384.5,87859906.5,437519412
3348.4,S,45,42919.68,5855.02,17781384.5,87860002.8,437519663
3349.4,S,45,42928.56,5856.33,17781384.5,87860230.4,437520086
3350.4,S,45,42940.15,5857.89,17781384.5,87860231.0,437520092
3351.4,S,45,42951.73,5859.44,17781384.5,87860231.4,437520094
3352.4,S,44,42962.41,5860.94,17781384.5,87860264.4,437520158
3353.4,S,44,42972.98,5862.52,17781384.5,87860265.3,437520163
3354.4,S,50,42978.29,5863.31,17781384.5,87860539.0,437520867
3355.4,S,47,42993.83,5865.26,17781384.5,87860613.5,437520963
3356.4,S,45,43006.14,5866.96,17781384.5,87860661.1,437521009
3357.4,S,45,43017.92,5868.32,17781384.5,87860661.6,437521010
3358.4,S,45,43029.43,5869.93,17781384.5,87860683.3,437521030
3359.4,S,45,43040.02,5871.47,17781384.5,87860896.6,437521220
3360.4,S,45,43051.40,5873.01,17781384.5,87860896.8,437521221
3361.4,S,49,43062.77,5874.45,17781384.5,87860999.7,437521391
3362.4,S,46,43076.51,5876.10,17781384.5,87861094.9,437521609
3363.4,S,44,43085.02,5877.49,17781384.5,87861295.8,437522085
3364.4,S,45,43096.15,5879.10,17781391.2,87861335.2,437522207
3365.4,S,45,43107.69,5880.68,17781400.6,87861335.5,437522236
3366.4,S,45,43119.15,5882.18,17781416.0,87861335.7,437522270
3367.4,S,45,43130.67,5883.56,17781436.6,87861335.9,437522319
3368.4,S,42,43139.04,5884.93,17781441.5,87861648.4,437522831
3369.4,S,49,43153.97,5886.75,17781441.5,87861668.3,437522859
3370.4,S,45,43165.76,5888.41,17781441.5,87861764.7,437522977
3371.4,S,45,43177.18,5890.00,17781441.5,87861765.0,437522981
3372.4,S,44,43187.89,5891.48,17781441.5,87861808.4,437523065
3373.4,S,46,43197.73,5893.03,17781443.3,87861980.1,437523459
3374.4,S,46,43209.95,5894.71,17781451.8,87861981.1,437523492
3375.4,S,50,43220.93,5896.12,17781459.5,87862084.4,437523730
3376.4,S,49,43235.97,5897.79,17781461.8,87862165.1,437523921
3377.4,S,45,43247.64,5899.32,17781469.2,87862215.7,437524049
3378.4,S,45,43255.69,5900.74,17781471.4,87862447.2,437524647
3379.4,S,45,43267.17,5902.29,17781471.4,87862447.7,437524649
3380.4,S,44,43278.50,5903.83,17781471.4,87862477.7,437524705
3381.4,S,44,43289.14,5905.35,17781471.4,87862478.3,437524713
3382.4,S,44,43299.03,5906.59,17781471.4,87862505.6,437524810
3383.4,S,50,43307.68,5907.63,17781471.4,87862752.6,437525264
3384.4,S,46,43321.94,5909.43,17781471.4,87862848.6,437525353
3385.4,S,46,43334.37,5911.13,17781471.4,87862849.3,437525354
3386.4,S,45,43346.90,5912.71,17781471.4,87862893.2,437525391
3387.4,S,43,43357.62,5914.32,17781471.4,87863101.5,437525641
3388.4,S,46,43368.97,5915.98,17781471.4,87863123.5,437525688
3389.4,S,46,43381.38,5917.65,17781471.4,87863124.1,437525699
3390.4,S,50,43394.95,5919.21,17781471.4,87863227.0,437525886
3391.4,S,45,43408.36,5920.86,17781471.4,87863372.8,437526172
3392.4,S,45,43416.19,5922.02,17781471.4,87863576.1,437526683
3393.5,S,46,43427.41,5923.66,17781471.4,87863604.2,437526742
3394.5,S,46,43439.90,5925.32,17781471.4,87863604.8,437526748
3395.5,S,45,43452.29,5926.86,17781471.4,87863642.0,437526824
3396.5,S,45,43463.80,5928.44,17781471.4,87863642.5,437526827
3397.5,S,43,43468.19,5929.04,17781471.4,87863976.1,437527519
3398.5,S,51,43482.23,5930.67,17781478.5,87863976.4,437527699
3399.5,S,47,43495.75,5932.27,17781487.9,87864072.7,437527845
3400.5,S,47,43509.17,5933.94,17781504.5,87864072.9,437527860
3401.5,S,46,43522.26,5935.77,17781521.4,87864118.3,437527919
3402.5,S,43,43532.31,5937.27,17781528.7,87864410.5,437528218
3403.5,S,47,43544.71,5939.03,17781528.7,87864417.5,437528270
3404.5,S,51,43556.48,5940.36,17781528.7,87864520.3,437528537
3405.5,S,51,43573.51,5942.15,17781528.7,87864547.5,437528579
3406.5,S,47,43586.59,5943.82,17781528.7,87864644.4,437528838
3407.5,S,47,43596.74,5945.26,17781528.7,87864825.0,437529266
3408.5,S,46,43606.54,5947.00,17781528.7,87864993.8,437529505
3409.5,S,46,43619.09,5948.61,17781528.7,87864994.6,437529509
3410.5,S,45,43631.33,5950.15,17781528.7,87865026.9,437529540
3411.5,S,49,43642.80,5951.63,17781528.7,87865129.8,437529637
3412.5,S,48,43655.42,5953.24,17781528.7,87865318.9,437530008
3413.5,S,46,43665.32,5954.74,17781528.7,87865457.8,437530298
3414.5,S,46,43677.83,5956.50,17781528.7,87865458.1,437530306
3415.5,S,45,43689.90,5958.22,17781528.7,87865488.4,437530352
3416.5,S,45,43701.40,5959.84,17781528.7,87865488.6,437530360
3417.5,S,42,43709.77,5961.36,17781528.7,87865720.5,437530757
3418.5,S,46,43721.90,5962.87,17781536.6,87865736.6,437530806
3419.5,S,50,43735.18,5964.31,17781545.5,87865824.2,437531064
3420.5,S,46,43746.57,5965.57,17781553.1,87865920.4,437531335
3421.5,S,45,43754.93,5966.40,17781558.7,87865963.7,437531434
3422.5,S,43,43761.51,5967.29,17781562.4,87866139.6,437531875
3423.5,S,42,43767.25,5968.27,17781562.4,87866196.0,437531999
3424.5,S,57,43778.41,5969.22,17781562.4,87866197.3,437532005
3425.5,S,57,43797.99,5970.25,17781562.4,87866197.6,437532012
3426.5,S,57,43817.76,5971.38,17781562.4,87866197.8,437532012
3427.5,S,57,43837.56,5972.43,17781562.4,87866198.5,437532014
3428.5,S,57,43857.47,5973.62,17781562.4,87866198.6,437532016
3429.5,S,57,43874.43,5974.86,17781562.4,87866762.7,437532688
3430.5,S,57,43886.09,5975.77,17781562.4,87867177.4,437533689
3431.6,S,61,43906.15,5976.87,17781562.4,87867374.1,437534108
3432.6,S,59,43927.96,5977.53,17781562.4,87867422.5,437534291
3433.6,S,57,43945.90,5978.53,17781562.4,87867470.5,437534431
3434.6,S,57,43964.06,5979.35,17781562.4,87867541.1,437534537
3435.6,S,57,43979.25,5980.18,17781562.4,87868106.6,437535437
3436.6,S,57,43994.45,5981.15,17781562.4,87868513.0,437536098
3437.6,S,57,44012.99,5982.09,17781562.4,87868585.2,437536165
3438.6,S,57,44031.44,5983.01,17781562.4,87868585.5,437536169
3439.6,S,57,44049.68,5983.97,17781562.4,87868699.9,437536309
3440.6,S,57,44064.88,5984.81,17781562.4,87868927.5,437536829
3441.6,S,57,44080.64,5985.85,17781562.4,87869348.2,437537750
3442.6,S,57,44097.12,5986.87,17781562.4,87869635.7,437538396
3443.6,S,57,44115.69,5987.76,17781562.4,87869636.4,437538399
3444.6,S,57,44134.09,5988.67,17781562.4,87869757.4,437538506
3445.6,S,57,44152.45,5989.57,17781562.4,87869906.4,437538631
3446.6,S,57,44168.76,5990.56,17781562.4,87870210.8,437539178
3447.7,S,57,44183.83,5991.55,17781562.4,87870501.9,437539988
3448.7,S,56,44198.34,5992.46,17781562.4,87870783.3,437540626
3449.7,S,56,44215.82,5993.49,17781562.4,87870909.6,437540872
3450.7,S,56,44233.60,5994.39,17781562.4,87870959.3,437540919
3451.7,S,55,44249.94,5995.32,17781562.4,87871329.2,437541316
3452.7,S,55,44265.36,5996.11,17781562.4,87871545.9,437541891
3453.7,S,44,44272.73,5996.72,17781562.4,87872041.0,437542576
3454.7,S,42,44273.50,5997.50,17781562.4,87872055.2,437542599
3455.7,S,45,44285.05,5999.00,17781593.3,87872056.5,437542639
3456.7,S,44,44296.45,6000.53,17781621.6,87872081.4,437542693
3457.7,S,44,44307.14,6002.14,17781640.9,87872083.2,437542714
3458.7,S,44,44317.53,6003.58,17781670.1,87872083.4,437542753
3459.7,S,45,44326.58,6005.08,17781683.5,87872252.2,437543162
3460.7,S,45,44338.06,6006.61,17781703.2,87872252.8,437543208
3461.7,S,48,44349.35,6008.04,17781714.1,87872306.4,437543399
3462.7,S,44,44361.86,6009.58,17781723.1,87872402.7,437543598
3463.7,S,44,44372.22,6011.09,17781733.4,87872415.2,437543641
3464.7,S,46,44381.31,6012.52,17781736.0,87872572.1,437544031
3465.7,S,45,44392.37,6014.09,17781736.0,87872644.9,437544290
3466.7,S,45,44403.87,6015.74,17781736.0,87872644.9,437544290
3467.7,S,45,44415.31,6017.32,17781736.0,87872645.4,437544291
3468.7,S,45,44423.58,6018.46,17781736.0,87872758.9,437544624
3469.7,S,49,44436.24,6020.09,17781747.5,87872936.0,437545027
3470.7,S,45,44448.00,6021.78,17781766.2,87873019.5,437545193
3471.7,S,45,44459.36,6023.34,17781785.0,87873019.9,437545216
3472.7,S,44,44470.21,6024.85,17781805.0,87873057.8,437545270
3473.7,S,45,44479.93,6026.29,17781819.5,87873231.3,437545436
3474.7,S,45,44491.43,6027.80,17781839.0,87873231.7,437545454
3475.7,S,45,44502.76,6029.37,17781853.3,87873231.8,437545467
3476.7,S,49,44517.21,6031.21,17781862.6,87873269.1,437545526
3477.7,S,44,44528.11,6032.79,17781872.3,87873408.6,437545748
3478.7,S,46,44537.67,6034.23,17781874.8,87873577.4,437546115
3479.7,S,46,44550.09,6035.93,17781874.8,87873578.0,437546119
3480.7,S,46,44562.71,6037.41,17781874.8,87873578.3,437546121
3481.7,S,46,44575.19,6038.97,17781874.8,87873578.4,437546122
3482.7,S,45,44585.56,6040.39,17781874.8,87873714.5,437546399
3483.7,S,50,44592.49,6041.23,17781874.8,87873957.2,437546971
3484.7,S,45,44606.31,6042.93,17781874.8,87874063.7,437547260
3485.7,S,45,44617.78,6044.58,17781874.8,87874064.2,437547265
3486.7,S,45,44629.34,6046.11,17781874.8,87874064.5,437547273
3487.7,S,45,44640.34,6047.61,17781874.8,87874156.1,437547446
3488.7,S,45,44649.40,6049.11,17781879.0,87874292.7,437547760
3489.8,S,45,44660.79,6050.73,17781889.9,87874293.5,437547790
3490.8,S,49,44672.91,6052.35,17781903.1,87874395.9,437547923
3491.8,S,44,44685.55,6053.90,17781916.5,87874533.4,437548061
3492.8,S,42,44695.47,6055.41,17781922.8,87874705.6,437548265
3493.8,S,46,44707.27,6057.09,17781942.8,87874706.1,437548310
3494.8,S,45,44719.17,6058.61,17781965.2,87874723.2,437548394
3495.8,S,45,44730.44,6060.39,17781988.5,87874723.5,437548457
3496.8,S,45,44741.93,6062.03,17782004.0,87874724.1,437548496
3497.8,S,43,44746.45,6062.64,17782014.3,87874995.8,437549185
3498.8,S,50,44761.04,6064.48,17782022.4,87875057.2,437549323
3499.8,S,45,44772.54,6066.08,17782032.2,87875163.6,437549562
3500.8,S,45,44783.83,6067.68,17782046.0,87875164.5,437549598
3501.8,S,45,44795.20,6069.23,17782065.0,87875164.8,437549624
3502.8,S,42,44804.96,6070.89,17782074.8,87875395.8,437549844
3503.8,S,47,44818.16,6072.49,17782093.8,87875396.2,437549864
3504.8,S,46,44831.04,6074.08,17782110.8,87875466.0,437549936
3505.8,S,50,44846.55,6075.96,17782121.0,87875521.3,437550002
3506.8,S,46,44859.20,6077.58,17782129.5,87875617.8,437550199
3507.8,S,43,44867.08,6078.83,17782132.1,87875878.1,437550789
3508.8,S,46,44878.86,6080.58,17782132.1,87875917.1,437550874
3509.8,S,46,44891.28,6082.14,17782132.1,87875917.1,437550874
3510.8,S,46,44903.65,6083.72,17782132.1,87875917.5,437550876
3511.8,S,46,44916.08,6085.33,17782132.1,87875924.2,437550892
3512.8,S,48,44923.30,6086.16,17782132.1,87876326.0,437551840
3513.8,S,47,44936.67,6087.75,17782132.1,87876432.4,437552094
3514.8,S,47,44949.89,6089.40,17782132.1,87876432.7,437552102
3515.8,S,46,44962.57,6091.05,17782132.1,87876462.1,437552166
3516.8,S,46,44974.98,6092.63,17782132.1,87876462.9,437552169
3517.8,S,46,44984.37,6094.18,17782132.1,87876751.7,437552475
3518.8,S,46,44996.66,6095.76,17782132.1,87876752.6,437552478
3519.8,S,49,45008.61,6097.16,17782132.1,87876878.6,437552590
3520.8,S,49,45023.18,6098.92,17782132.1,87876916.1,437552691
3521.8,S,45,45033.97,6100.25,17782132.1,87876975.1,437552834
3522.8,S,46,45042.04,6101.49,17782132.1,87877206.5,437553261
3523.8,S,45,45053.90,6103.16,17782132.1,87877215.4,437553332
3524.8,S,45,45065.27,6104.85,17782132.1,87877215.8,437553339
3525.8,S,45,45076.93,6106.37,17782132.1,87877216.1,437553343
3526.8,S,45,45087.44,6107.87,17782132.1,87877275.3,437553440
3527.8,S,50,45096.75,6109.09,17782132.1,87877550.6,437553851
3528.8,S,46,45111.02,6110.86,17782132.1,87877646.7,437553937
3529.8,S,45,45123.33,6112.46,17782132.1,87877679.5,437553966
3530.8,S,45,45134.99,6114.05,17782132.1,87877680.2,437553971
3531.8,S,44,45145.06,6115.63,17782132.1,87877889.1,437554321
3532.8,S,46,45155.86,6117.27,17782132.1,87877912.4,437554387
3533.8,S,46,45168.26,6118.78,17782132.1,87877912.7,437554390
3534.8,S,49,45181.03,6120.17,17782132.1,87878047.2,437554663
3535.8,S,45,45193.96,6121.81,17782132.1,87878143.8,437554859
3536.8,S,44,45202.26,6122.97,17782132.1,87878360.0,437555391
3537.8,S,47,45213.85,6124.75,17782132.1,87878375.3,437555427
3538.8,S,47,45227.16,6126.45,17782132.1,87878375.5,437555431
3539.8,S,47,45240.38,6128.18,17782132.1,87878375.7,437555433
3540.8,S,47,45253.71,6129.87,17782132.1,87878375.8,437555435
3541.8,S,47,45259.07,6130.58,17782132.1,87878657.5,437556096
3542.8,S,50,45270.04,6131.88,17782133.9,87878821.8,437556392
3543.8,S,46,45283.63,6133.80,17782133.9,87878917.8,437556476
3544.8,S,46,45296.08,6135.50,17782137.1,87878918.1,437556486
3545.8,S,45,45308.35,6137.06,17782153.0,87878966.8,437556556
3546.8,S,43,45318.93,6138.64,17782158.4,87879142.8,437556812
3547.8,S,47,45330.47,6140.33,17782164.7,87879201.5,437556967
3548.8,S,47,45343.67,6142.06,17782178.4,87879202.0,437557006
3549.8,S,50,45357.40,6143.47,17782195.1,87879334.9,437557345
3550.8,S,46,45370.52,6145.14,17782202.1,87879430.8,437557574
3551.8,S,45,45381.22,6146.63,17782210.1,87879585.3,437557947
3552.8,S,46,45390.67,6148.13,17782212.9,87879723.2,437558252
3553.8,S,46,45403.04,6149.71,17782212.9,87879723.6,437558255
3554.8,S,46,45415.52,6151.35,17782212.9,87879724.1,437558259
3555.8,S,46,45428.03,6153.10,17782212.9,87879724.3,437558267
3556.8,S,48,45439.40,6154.55,17782212.9,87879935.0,437558701
3557.8,S,46,45449.65,6155.84,17782223.5,87880207.5,437559202
3558.8,S,46,45457.46,6156.59,17782244.8,87880207.7,437559242
3559.8,S,46,45465.32,6157.30,17782266.0,87880208.4,437559285
3560.8,S,46,45473.15,6157.99,17782285.8,87880208.7,437559302
3561.8,S,45,45480.14,6158.73,17782301.4,87880368.7,437559463
3562.8,S,42,45484.55,6159.49,17782305.4,87880500.1,437559709
3563.8,S,42,45489.12,6160.15,17782305.4,87880500.6,437559716
3564.8,S,57,45506.87,6160.96,17782305.4,87880502.0,437559720
3565.8,S,57,45525.37,6161.87,17782305.4,87880502.0,437559720
3566.8,S,57,45543.93,6162.78,17782305.4,87880502.4,437559725
3567.8,S,57,45562.43,6163.71,17782305.4,87880503.2,437559726
3568.8,S,57,45576.63,6164.50,17782305.4,87880763.9,437560321
3569.8,S,57,45588.09,6165.48,17782305.4,87881365.8,437561310
3570.8,S,57,45604.53,6166.42,17782305.4,87881589.3,437561784
3571.8,S,57,45622.93,6167.26,17782305.4,87881662.9,437561942
3572.8,S,57,45641.47,6168.20,17782305.4,87881663.5,437561950
3573.8,S,57,45659.66,6169.17,17782305.4,87881744.8,437562145
3574.9,S,57,45673.48,6170.12,17782305.4,87882132.9,437563002
3575.9,S,61,45689.44,6171.03,17782305.4,87882565.6,437563624
3576.9,S,61,45708.63,6171.70,17782305.4,87882820.4,437564385
3577.9,S,57,45726.49,6172.36,17782305.4,87882865.2,437564471
3578.9,S,57,45744.06,6173.07,17782305.4,87882886.5,437564509
3579.9,S,57,45756.13,6173.68,17782305.4,87883052.4,437565135
3580.9,S,57,45769.20,6174.43,17782305.4,87883459.6,437565903
3581.9,S,57,45785.25,6175.30,17782305.4,87883918.2,437566401
3582.9,S,57,45802.93,6176.05,17782305.4,87883918.8,437566404
3583.9,S,57,45820.44,6176.76,17782305.4,87883972.0,437566502
3584.9,S,57,45837.37,6177.57,17782305.4,87884096.8,437566918
3585.9,S,57,45851.81,6178.36,17782305.4,87884461.5,437567780
3586.9,S,57,45867.75,6179.14,17782305.4,87884878.7,437568422
3587.9,S,57,45885.40,6179.88,17782305.4,87884959.1,437568492
3588.9,S,56,45902.51,6180.62,17782305.4,87885011.4,437568539
3589.9,S,56,45916.41,6181.28,17782305.4,87885188.5,437568924
3590.9,S,56,45930.88,6182.07,17782305.4,87885453.5,437569536
3592.0,S,49,45943.26,6182.89,17782305.4,87885949.9,437570093
3593.0,S,44,45950.73,6183.54,17782305.4,87886099.3,437570408
3594.0,S,42,45957.30,6185.48,17782305.4,87886156.1,437570551
3595.0,S,44,45967.83,6187.04,17782338.0,87886163.5,437570674
3596.0,S,44,45978.43,6188.37,17782370.5,87886163.6,437570746
3597.0,S,48,45990.26,6189.91,17782399.7,87886192.0,437570921
3598.0,S,44,46002.14,6191.62,17782428.4,87886287.8,437571139
3599.0,S,42,46011.34,6193.09,17782448.3,87886455.3,437571504
3600.0,S,44,46021.60,6194.77,17782466.7,87886456.9,437571571
3601.0,S,44,46032.28,6196.21,17782481.7,87886457.2,437571610
3602.0,S,43,46041.87,6197.60,17782491.3,87886485.8,437571699
3603.0,S,43,46051.55,6199.10,17782501.8,87886486.5,437571730
3604.0,S,50,46061.05,6200.32,17782510.4,87886644.0,437572154
3605.0,S,46,46074.78,6202.04,17782526.8,87886739.8,437572384
3606.0,S,45,46086.64,6203.66,17782538.2,87886761.2,437572458
3607.0,S,45,46098.32,6205.25,17782546.8,87886761.6,437572478
3608.0,S,45,46109.73,6206.88,17782558.7,87886866.4,437572732
3609.0,S,45,46118.42,6208.29,17782568.8,87887057.6,437572997
3610.0,S,45,46129.94,6209.90,17782589.6,87887057.6,437573017
3611.0,S,49,46143.37,6211.56,17782607.8,87887126.4,437573108
3612.0,S,45,46156.36,6213.14,17782628.0,87887222.3,437573212
3613.0,S,45,46167.82,6214.70,17782643.4,87887222.7,437573234
3614.0,S,45,46176.82,6216.03,17782645.0,87887450.4,437573632
3615.0,S,45,46188.29,6217.50,17782645.0,87887450.9,437573637
3616.0,S,44,46199.42,6218.87,17782645.0,87887478.1,437573738
3617.0,S,44,46210.10,6220.37,17782645.0,87887478.9,437573743
3618.0,S,48,46221.00,6221.81,17782645.0,87887660.6,437574167
3619.0,S,45,46232.72,6223.36,17782645.0,87887782.6,437574457
3620.0,S,45,46244.49,6224.80,17782645.0,87887783.0,437574461
3621.0,S,44,46255.47,6226.32,17782645.0,87887813.4,437574491
3622.0,S,44,46266.00,6227.87,17782645.0,87887813.8,437574491
3623.0,S,45,46275.79,6229.31,17782645.0,87887984.4,437574645
3624.0,S,45,46287.27,6230.89,17782645.0,87887985.4,437574649
3625.0,S,48,46300.40,6232.68,17782645.0,87888115.8,437574767
3626.0,S,44,46311.97,6234.21,17782645.0,87888211.5,437574990
3627.0,S,44,46321.72,6235.74,17782645.0,87888283.9,437575187
3628.1,S,45,46331.45,6237.33,17782645.0,87888382.5,437575431
3629.1,S,45,46343.15,6238.80,17782645.0,87888382.9,437575435
3630.1,S,44,46354.49,6240.38,17782645.0,87888413.6,437575507
3631.1,S,44,46365.09,6241.86,17782645.0,87888413.9,437575509
3632.1,S,49,46374.92,6243.24,17782645.0,87888687.2,437576052
3633.1,S,45,46387.40,6244.99,17782645.0,87888783.8,437576240
3634.1,S,45,46398.90,6246.57,17782645.0,87888784.0,437576242
3635.1,S,45,46410.33,6248.18,17782645.0,87888784.6,437576246
3636.1,S,44,46421.46,6249.62,17782645.0,87888834.0,437576361
3637.1,S,43,46430.34,6251.22,17782645.0,87889005.4,437576854
3638.1,S,42,46439.25,6252.81,17782645.0,87889015.3,437576873
3639.1,S,46,46448.94,6254.25,17782645.0,87889118.1,437577045
3640.1,S,42,46458.90,6255.81,17782645.0,87889214.1,437577131
3641.1,S,46,46467.56,6257.31,17782645.8,87889271.6,437577186
3642.1,S,45,46479.15,6258.82,17782665.5,87889274.2,437577225
3643.1,S,45,46490.72,6260.33,17782691.1,87889274.5,437577248
3644.1,S,45,46502.18,6261.83,17782721.4,87889274.9,437577286
3645.1,S,45,46513.70,6263.27,17782746.0,87889275.1,437577304
3646.1,S,50,46522.34,6264.41,17782752.3,87889605.5,437577762
3647.1,S,45,46536.34,6266.16,17782761.3,87889716.4,437578010
3648.1,S,45,46547.93,6267.65,17782771.5,87889716.7,437578046
3649.1,S,45,46559.37,6269.17,17782782.2,87889716.9,437578074
3650.1,S,45,46570.28,6270.87,17782790.2,87889806.1,437578271
3651.1,S,46,46578.21,6272.12,17782793.1,87889946.8,437578727
3652.1,S,46,46590.84,6273.76,17782807.8,87889947.6,437578751
3653.1,S,50,46604.18,6275.37,17782826.0,87890050.3,437578874
3654.1,S,46,46618.79,6277.12,17782848.1,87890146.5,437578984
3655.1,S,45,46630.52,6278.71,17782867.7,87890196.5,437579046
3656.1,S,46,46640.50,6280.21,17782871.0,87890427.6,437579358
3657.1,S,46,46652.90,6281.93,17782871.0,87890428.4,437579361
3658.1,S,46,46665.22,6283.53,17782871.0,87890428.6,437579362
3659.1,S,45,46677.20,6285.12,17782871.0,87890464.9,437579422
3660.1,S,49,46687.71,6286.45,17782871.0,87890690.6,437579830
3661.1,S,50,46697.91,6287.64,17782871.0,87890861.2,437580411
3662.1,S,45,46710.15,6289.22,17782871.0,87890908.1,437580499
3663.1,S,45,46721.76,6290.78,17782871.0,87890908.8,437580508
3664.1,S,45,46733.16,6292.35,17782871.0,87890908.9,437580510
3665.1,S,45,46742.00,6293.68,17782871.0,87891085.2,437580876
3666.2,S,43,46751.27,6295.11,17782871.0,87891138.8,437580997
3667.2,S,43,46760.83,6296.52,17782871.0,87891139.1,437580998
3668.2,S,47,46770.42,6297.74,17782871.0,87891241.8,437581317
3669.2,S,42,46781.13,6299.26,17782871.0,87891388.9,437581467
3670.2,S,46,46791.14,6300.85,17782883.5,87891447.3,437581530
3671.2,S,46,46803.57,6302.37,17782915.4,87891447.6,437581558
3672.2,S,45,46815.35,6304.11,17782945.8,87891478.0,437581611
3673.2,S,45,46826.72,6305.68,17782967.3,87891478.1,437581626
3674.2,S,43,46837.51,6307.22,17782986.4,87891653.0,437581851
3675.2,S,50,46847.91,6308.68,17782986.4,87891811.7,437582230
3676.2,S,46,46862.00,6310.43,17782986.4,87891907.6,437582488
3677.2,S,45,46874.37,6312.06,17782986.4,87891937.6,437582547
3678.2,S,45,46885.96,6313.56,17782986.4,87891937.8,437582551
3679.2,S,42,46895.46,6314.86,17782986.4,87892110.8,437582950
3680.2,S,46,46906.41,6316.55,17782986.4,87892176.6,437583068
3681.2,S,46,46918.99,6318.16,17782986.4,87892176.8,437583070
3682.2,S,50,46932.18,6319.57,17782986.4,87892279.9,437583277
3683.2,S,46,46945.70,6321.12,17782986.4,87892376.0,437583561
3684.2,S,44,46955.44,6322.57,17782986.4,87892549.6,437583979
3685.2,S,46,46966.19,6324.06,17782986.4,87892670.0,437584094
3686.2,S,46,46978.52,6325.77,17782986.4,87892670.2,437584096
3687.2,S,46,46991.05,6327.41,17782986.4,87892670.4,437584098
3688.2,S,46,47003.51,6328.95,17782986.4,87892671.0,437584102
3689.2,S,49,47014.65,6330.49,17782986.4,87893006.5,437584491
3690.2,S,51,47026.91,6331.84,17782986.4,87893154.8,437584930
3691.2,S,46,47039.37,6333.48,17782986.4,87893169.9,437584968
3692.2,S,46,47052.00,6335.03,17782986.4,87893170.1,437584972
3693.2,S,46,47064.28,6336.83,17782986.4,87893170.2,437584973
3694.2,S,45,47074.15,6338.33,17782986.4,87893425.0,437585444
3695.2,S,46,47085.50,6339.94,17782986.4,87893459.8,437585494
3696.2,S,46,47097.95,6341.60,17782986.4,87893460.7,437585496
3697.2,S,50,47112.69,6343.29,17782986.4,87893563.7,437585588
3698.2,S,45,47122.43,6344.36,17782986.4,87893709.4,437585719
3699.2,S,43,47127.81,6345.07,17782986.4,87893908.4,437586087
3700.2,S,42,47132.89,6345.95,17782986.4,87893941.4,437586215
3701.2,S,57,47144.06,6346.84,17782986.4,87893942.2,437586217
3702.2,S,57,47162.76,6347.70,17782986.4,87893943.1,437586223
3703.2,S,57,47181.31,6348.56,17782986.4,87893943.3,437586231
3704.2,S,57,47200.02,6349.44,17782986.4,87893943.5,437586235
3705.2,S,57,47218.63,6350.36,17782986.4,87894002.4,437586409
3706.2,S,57,47228.33,6351.21,17782986.4,87894480.1,437587357
3707.2,S,57,47244.81,6352.40,17782986.4,87894992.6,437588250
3708.2,S,57,47263.41,6353.27,17782986.4,87894992.9,437588254
3709.2,S,57,47282.10,6354.23,17782986.4,87894993.0,437588256
3710.2,S,57,47300.78,6355.13,17782986.4,87895142.9,437588460
3711.2,S,57,47318.85,6356.06,17782986.4,87895346.8,437588885
3712.2,S,57,47332.25,6357.16,17782986.4,87895747.3,437589885
3713.2,S,61,47346.14,6358.16,17782986.4,87896122.5,437590632
3714.2,S,59,47367.47,6358.77,17782986.4,87896170.4,437590676
3715.2,S,57,47385.71,6359.50,17782986.4,87896356.5,437590843
3716.2,S,57,47403.44,6360.26,17782986.4,87896420.7,437590995
3717.2,S,57,47418.55,6361.13,17782986.4,87896797.1,437591798
3718.2,S,57,47435.74,6361.98,17782986.4,87897120.8,437592146
3719.2,S,57,47453.05,6362.72,17782986.4,87897332.4,437592504
3720.2,S,57,47469.99,6363.47,17782986.4,87897451.6,437592760
3721.2,S,57,47487.62,6364.26,17782986.4,87897521.8,437592910
3722.2,S,57,47504.25,6365.01,17782986.4,87897802.1,437593610
3723.3,S,57,47516.77,6365.73,17782986.4,87898213.0,437594486
3724.3,S,57,47534.30,6366.47,17782986.4,87898415.4,437594659
3725.3,S,57,47551.97,6367.22,17782986.4,87898474.8,437594710
3726.3,S,56,47567.79,6367.96,17782986.4,87898622.4,437594985
3727.4,S,56,47584.93,6368.83,17782986.4,87898713.2,437595250
3728.4,S,56,47599.11,6369.63,17782986.4,87899050.9,437596021
3729.4,S,51,47610.88,6370.36,17782986.4,87899391.5,437596751
3730.4,S,42,47617.76,6371.03,17782986.4,87899714.0,437597235
3731.4,S,42,47622.61,6372.04,17782986.4,87899745.4,437597265
3732.4,S,45,47631.60,6374.13,17782994.9,87899747.0,437597280
3733.4,S,45,47643.06,6375.73,17783017.7,87899747.2,437597312
3734.4,S,48,47656.03,6377.55,17783037.3,87899794.8,437597410
3735.4,S,44,47666.55,6379.07,17783059.1,87899891.0,437597766
3736.4,S,44,47677.01,6380.57,17783082.1,87899891.2,437597823
3737.4,S,45,47685.21,6381.97,17783097.8,87900060.2,437598225
3738.4,S,44,47696.33,6383.48,17783139.2,87900071.5,437598344
3739.4,S,44,47706.79,6384.98,17783172.1,87900072.2,437598436
3740.4,S,44,47717.24,6386.46,17783206.4,87900072.5,437598527
3741.4,S,48,47728.59,6387.98,17783236.4,87900117.9,437598697
3742.4,S,45,47739.18,6389.59,17783246.0,87900381.7,437599258
3743.4,S,45,47750.63,6391.40,17783271.1,87900382.3,437599324
3744.4,S,45,47761.89,6393.03,17783301.2,87900411.5,437599506
3745.4,S,44,47772.55,6394.62,17783323.1,87900447.0,437599630
3746.4,S,44,47782.91,6396.11,17783341.8,87900516.5,437599864
3747.4,S,46,47791.98,6397.65,17783352.8,87900685.1,437600376
3748.4,S,50,47805.78,6399.34,17783370.8,87900746.8,437600482
3749.4,S,46,47820.08,6401.22,17783391.0,87900843.4,437600598
3750.4,S,46,47832.63,6402.78,17783412.0,87900843.6,437600619
3751.4,S,45,47844.67,6404.37,17783428.1,87900889.3,437600674
3752.4,S,47,47854.94,6405.88,17783440.4,87901117.6,437600956
3753.4,S,46,47868.27,6407.45,17783458.2,87901132.9,437601025
3754.4,S,46,47880.75,6409.04,17783468.1,87901141.8,437601064
3755.4,S,50,47896.05,6410.81,17783475.9,87901167.4,437601147
3756.4,S,46,47907.53,6412.34,17783491.2,87901350.1,437601591
3757.4,S,44,47913.35,6413.51,17783495.7,87901547.6,437602189
3758.4,S,44,47923.93,6415.05,17783514.7,87901547.9,437602238
3759.4,S,43,47933.76,6416.54,17783530.3,87901571.1,437602332
3760.4,S,43,47943.40,6418.11,17783540.6,87901571.3,437602361
3761.4,S,43,47952.74,6419.58,17783549.8,87901630.5,437602532
3762.4,S,49,47962.70,6420.91,17783552.8,87901788.3,437602882
3763.4,S,45,47976.06,6422.58,17783560.0,87901884.3,437603096
3764.4,S,45,47987.50,6424.14,17783569.1,87901884.4,437603122
3765.4,S,45,47998.99,6425.67,17783578.2,87901885.0,437603159
3766.4,S,42,48008.35,6427.19,17783579.4,87902108.3,437603573
3767.4,S,45,48019.55,6428.74,17783609.6,87902109.0,437603598
3768.4,S,44,48031.07,6430.26,17783641.7,87902136.4,437603658
3769.4,S,48,48041.98,6431.64,17783664.9,87902239.0,437603770
3770.4,S,44,48055.34,6433.37,17783687.5,87902335.2,437603890
3771.4,S,45,48063.79,6434.80,17783693.3,87902504.7,437604236
3772.4,S,45,48075.38,6436.25,17783693.3,87902504.9,437604238
3773.4,S,44,48086.54,6437.77,17783693.3,87902532.3,437604309
3774.4,S,44,48097.15,6439.15,17783693.3,87902532.5,437604316
3775.4,S,44,48107.18,6440.62,17783693.3,87902624.2,437604525
3776.4,S,46,48115.27,6441.76,17783714.1,87902801.8,437605018
3777.4,S,50,48130.93,6443.68,17783755.3,87902806.9,437605140
3778.4,S,46,48143.14,6445.28,17783798.3,87902903.2,437605324
3779.4,S,45,48155.31,6446.94,17783841.5,87902946.9,437605422
3780.4,S,42,48165.21,6448.49,17783864.1,87903176.0,437605660
3781.4,S,45,48176.18,6450.10,17783864.1,87903176.7,437605666
3782.4,S,45,48187.73,6451.59,17783864.1,87903176.9,437605666
3783.4,S,44,48197.55,6453.07,17783864.1,87903278.8,437605852
3784.4,S,48,48211.10,6454.74,17783864.1,87903311.5,437605920
3785.4,S,46,48219.44,6456.09,17783864.9,87903578.5,437606532
3786.4,S,46,48231.74,6457.81,17783883.1,87903578.9,437606570
3787.4,S,45,48243.07,6459.38,17783905.6,87903594.7,437606719
3788.4,S,45,48254.62,6460.97,17783923.5,87903594.9,437606768
3789.4,S,45,48266.05,6462.45,17783933.0,87903595.1,437606785
3790.4,S,46,48275.36,6463.88,17783940.2,87903823.0,437607302
3791.4,S,50,48287.74,6465.32,17783968.1,87903926.0,437607628
3792.4,S,46,48301.30,6467.21,17783998.3,87904022.2,437607873
3793.4,S,45,48313.21,6468.77,17784022.1,87904056.6,437608023
3794.4,S,45,48324.63,6470.29,17784043.9,87904056.7,437608072
3795.4,S,46,48334.75,6471.95,17784048.9,87904287.9,437608450
3796.4,S,46,48346.84,6473.75,17784048.9,87904315.7,437608485
3797.4,S,46,48359.17,6475.39,17784048.9,87904316.5,437608488
3798.4,S,50,48373.35,6477.09,17784048.9,87904419.5,437608582
3799.4,S,45,48385.08,6478.65,17784048.9,87904677.4,437609005
3800.6,S,46,48393.85,6480.16,17784058.3,87904797.2,437609416
3801.6,S,46,48406.31,6481.88,17784076.5,87904798.2,437609467
3802.6,S,45,48418.43,6483.58,17784087.9,87904829.6,437609545
3803.6,S,45,48429.80,6485.13,17784096.8,87904829.9,437609584
3804.6,S,43,48440.64,6486.64,17784106.2,87904947.1,437609814
3805.6,S,51,48450.20,6487.99,17784117.4,87905163.8,437610337
3806.6,S,47,48465.68,6489.82,17784147.6,87905259.7,437610589
3807.6,S,46,48478.57,6491.47,17784173.0,87905284.3,437610698
3808.6,S,46,48490.92,6493.06,17784194.6,87905284.9,437610761
3809.6,S,46,48502.41,6494.66,17784218.8,87905345.3,437611008
3810.6,S,44,48511.57,6496.04,17784222.9,87905575.2,437611482
3811.6,S,44,48522.12,6497.57,17784222.9,87905575.9,437611489
3812.6,S,48,48533.64,6498.90,17784222.9,87905678.8,437611583
3813.6,S,43,48546.26,6500.58,17784222.9,87905820.9,437611722
3814.6,S,43,48555.83,6501.93,17784222.9,87905880.1,437611843
3815.6,S,47,48567.24,6503.70,17784235.7,87905937.5,437612013
3816.6,S,46,48579.95,6505.52,17784244.8,87905954.1,437612094
3817.6,S,46,48592.38,6507.11,17784254.9,87905954.3,437612118
3818.6,S,46,48604.90,6508.79,17784269.4,87905954.6,437612169
3819.6,S,49,48613.04,6509.69,17784281.2,87906255.8,437612941
3820.7,S,46,48626.47,6511.25,17784281.2,87906445.2,437613336
3821.7,S,46,48638.98,6512.80,17784281.2,87906445.5,437613339
3822.7,S,46,48651.43,6514.39,17784281.2,87906445.8,437613347
3823.7,S,45,48663.11,6515.93,17784281.2,87906484.7,437613423
3824.7,S,42,48670.00,6516.98,17784281.2,87906717.0,437614019
3825.7,S,46,48681.83,6518.51,17784281.2,87906717.4,437614021
3826.7,S,46,48694.25,6520.18,17784281.2,87906717.7,437614033
3827.7,S,49,48709.10,6521.94,17784281.2,87906858.5,437614157
3828.7,S,45,48721.13,6523.56,17784281.2,87906954.5,437614245
3829.7,S,46,48730.84,6525.16,17784281.2,87907186.4,437614547
3830.7,S,46,48743.48,6526.73,17784281.2,87907187.1,437614549
3831.7,S,46,48755.82,6528.47,17784281.2,87907187.3,437614553
3832.7,S,46,48768.33,6529.90,17784281.2,87907187.6,437614557
3833.7,S,49,48778.95,6531.21,17784281.2,87907337.3,437614903
3834.7,S,50,48789.58,6532.54,17784281.2,87907568.5,437615470
3835.7,S,46,48799.57,6533.63,17784281.2,87907664.7,437615565
3836.7,S,46,48808.20,6534.45,17784281.2,87907665.0,437615569
3837.7,S,46,48816.74,6535.34,17784281.2,87907665.2,437615571
3838.7,S,45,48824.80,6536.20,17784281.2,87907734.3,437615634
3839.7,S,42,48829.46,6537.13,17784281.2,87907949.3,437615819
3840.7,S,42,48834.72,6537.92,17784281.2,87907949.9,437615824
3841.7,S,57,48853.48,6538.96,17784281.2,87907950.9,437615827
3842.7,S,57,48872.58,6540.02,17784281.2,87907951.1,437615829
3843.7,S,57,48891.41,6540.98,17784281.2,87908044.0,437616040
3844.7,S,57,48910.44,6542.01,17784281.2,87908044.3,437616043
3845.7,S,57,48925.95,6543.01,17784281.2,87908242.3,437616580
3846.7,S,57,48932.88,6544.04,17784281.2,87908701.0,437617581
3847.9,S,57,48948.30,6545.07,17784281.2,87909057.4,437618195
3848.9,S,57,48967.38,6546.09,17784281.2,87909057.7,437618199
3849.9,S,61,48986.98,6547.04,17784281.2,87909068.0,437618220
3850.9,S,60,49008.73,6547.65,17784281.2,87909092.3,437618245
3851.9,S,57,49026.94,6548.47,17784281.2,87909382.7,437618701
3852.9,S,57,49039.04,6549.23,17784281.2,87909804.1,437619702
3853.9,S,57,49052.42,6550.06,17784281.2,87910142.6,437620452
3854.9,S,57,49070.31,6550.85,17784281.2,87910315.5,437620599
3855.9,S,57,49088.39,6551.61,17784281.2,87910315.8,437620601
3856.9,S,57,49106.12,6552.41,17784281.2,87910507.6,437620770
3857.9,S,57,49123.82,6553.16,17784281.2,87910635.3,437620995
3858.9,S,57,49134.53,6553.96,17784281.2,87911087.0,437621996
3859.9,S,57,49151.99,6554.82,17784281.2,87911434.8,437622418
3860.9,S,57,49170.06,6555.64,17784281.2,87911435.1,437622420
3861.9,S,57,49186.48,6556.41,17784281.2,87911641.1,437622900
3862.9,S,57,49204.07,6557.15,17784281.2,87911722.8,437623116
3863.9,S,57,49219.60,6558.05,17784281.2,87911990.7,437623748
3864.9,S,57,49233.13,6558.80,17784281.2,87912343.4,437624514
3865.9,S,57,49250.77,6559.56,17784281.2,87912484.1,437624641
3866.9,S,56,49267.65,6560.41,17784281.2,87912666.5,437624888
3867.9,S,56,49284.11,6561.23,17784281.2,87912799.4,437625174
3868.9,S,56,49300.39,6562.04,17784281.2,87912993.4,437625563
3869.9,S,56,49315.35,6562.99,17784281.2,87913252.8,437626245
3871.0,S,49,49324.80,6563.88,17784281.2,87913710.3,437627026
3872.0,S,43,49330.83,6564.61,17784281.2,87913801.5,437627110
3873.0,S,42,49336.89,6566.20,17784281.2,87913842.1,437627146
3874.0,S,49,49349.21,6568.19,17784304.3,87913866.5,437627214
3875.0,S,45,49361.60,6569.75,17784344.3,87913962.5,437627491
3876.0,S,44,49372.61,6571.41,17784379.8,87913992.3,437627629
3877.0,S,44,49383.09,6572.93,17784410.5,87913992.5,437627712
3878.0,S,44,49393.53,6574.54,17784441.3,87914005.2,437627841
3879.0,S,45,49403.32,6576.14,17784462.1,87914161.1,437628190
3880.0,S,45,49414.60,6577.73,17784505.5,87914161.5,437628307
3881.0,S,49,49427.39,6579.41,17784543.6,87914256.6,437628655
3882.0,S,44,49438.65,6581.03,17784572.4,87914383.9,437629023
3883.0,S,44,49448.99,6582.43,17784601.5,87914436.6,437629204
3884.0,S,46,49459.35,6584.03,17784613.1,87914552.0,437629493
3885.0,S,46,49471.73,6585.76,17784642.1,87914552.8,437629571
3886.0,S,46,49484.11,6587.37,17784673.1,87914552.9,437629652
3887.0,S,45,49495.65,6588.97,17784693.3,87914587.5,437629777
3888.0,S,49,49505.92,6590.15,17784710.0,87914749.4,437630265
3889.0,S,45,49517.06,6591.86,17784724.1,87914972.0,437630577
3890.0,S,45,49528.58,6593.40,17784745.1,87914972.6,437630602
3891.0,S,45,49540.13,6594.93,17784777.0,87914972.9,437630623
3892.0,S,45,49551.57,6596.55,17784810.6,87914973.3,437630649
3893.0,S,44,49562.45,6598.18,17784832.9,87915082.6,437630772
3894.0,S,47,49573.58,6599.70,17784844.4,87915193.5,437630940
3895.0,S,51,49587.48,6601.29,17784862.1,87915243.4,437631123
3896.0,S,46,49601.73,6603.01,17784874.6,87915362.5,437631443
3897.0,S,46,49614.15,6604.59,17784884.2,87915362.5,437631462
3898.0,S,45,49625.63,6606.26,17784892.2,87915485.6,437631771
3899.0,S,45,49633.27,6607.59,17784896.0,87915652.9,437632159
3900.0,S,45,49644.65,6609.13,17784906.3,87915653.1,437632167
3901.0,S,45,49656.20,6610.68,17784916.1,87915653.4,437632177
3902.0,S,49,49667.73,6612.28,17784936.0,87915756.8,437632291
3903.0,S,48,49680.59,6613.99,17784948.3,87916007.1,437632562
3904.0,S,45,49691.52,6615.51,17784959.6,87916086.4,437632793
3905.0,S,45,49703.05,6616.99,17784969.0,87916086.7,437632818
3906.0,S,45,49714.57,6618.66,17784978.8,87916086.8,437632833
3907.0,S,45,49726.07,6620.15,17784996.8,87916087.1,437632876
3908.0,S,44,49734.59,6621.56,17785009.1,87916295.9,437633356
3909.0,S,50,49744.29,6623.03,17785023.2,87916419.6,437633649
3910.0,S,49,49759.37,6624.80,17785038.4,87916466.9,437633789
3911.0,S,45,49769.75,6626.30,17785048.8,87916530.9,437633999
3912.0,S,45,49781.29,6627.90,17785058.9,87916531.1,437634029
3913.0,S,45,49791.17,6629.26,17785066.3,87916742.2,437634457
3914.1,S,46,49802.43,6630.99,17785074.2,87916760.4,437634620
3915.1,S,46,49814.96,6632.62,17785084.6,87916760.6,437634648
3916.1,S,46,49826.09,6634.07,17785096.3,87916815.1,437634834
3917.1,S,49,49839.36,6635.63,17785104.8,87916901.1,437635016
3918.1,S,42,49849.64,6637.15,17785113.5,87917226.0,437635369
3919.1,S,46,49861.44,6639.03,17785147.2,87917226.4,437635425
3920.1,S,46,49873.77,6640.70,17785190.5,87917227.4,437635497
3921.1,S,45,49885.88,6642.12,17785238.6,87917261.3,437635611
3922.2,S,45,49897.20,6643.87,17785281.5,87917261.5,437635680
3923.2,S,43,49907.02,6645.30,17785305.6,87917433.1,437636007
3924.2,S,50,49917.48,6646.48,17785326.9,87917598.4,437636408
3925.2,S,46,49931.07,6648.10,17785358.2,87917694.8,437636673
3926.2,S,46,49943.50,6649.87,17785392.2,87917695.7,437636749
3927.2,S,46,49955.83,6651.73,17785433.5,87917696.1,437636846
3928.2,S,46,49966.88,6653.23,17785467.3,87917770.9,437637235
3929.2,S,46,49975.73,6654.74,17785476.6,87917981.9,437637759
3930.2,S,46,49987.97,6656.39,17785476.6,87917990.6,437637772
3931.2,S,50,50001.85,6658.02,17785476.6,87918085.5,437637969
3932.2,S,46,50014.95,6659.68,17785476.6,87918182.3,437638168
3933.2,S,46,50027.51,6661.30,17785476.6,87918209.1,437638233
3934.2,S,44,50036.53,6662.71,17785485.7,87918465.6,437638571
3935.2,S,43,50046.80,6664.22,17785503.6,87918483.6,437638613
3936.2,S,43,50056.41,6665.65,17785514.6,87918484.3,437638626
3937.2,S,43,50066.11,6666.97,17785525.6,87918485.0,437638637
3938.2,S,46,50077.67,6668.48,17785534.4,87918686.7,437638937
3939.2,S,46,50089.96,6669.94,17785542.8,87918797.0,437639115
3940.2,S,46,50102.38,6671.59,17785554.6,87918797.3,437639156
3941.2,S,45,50114.29,6673.20,17785567.3,87918826.2,437639239
3942.2,S,45,50125.77,6674.82,17785578.1,87918826.5,437639279
3943.2,S,46,50133.24,6676.10,17785582.3,87919056.2,437639796
3944.2,S,46,50145.62,6677.77,17785593.4,87919056.5,437639826
3945.2,S,50,50158.13,6679.06,17785604.5,87919159.6,437640078
3946.2,S,46,50172.47,6680.85,17785620.9,87919255.8,437640186
3947.2,S,45,50184.36,6682.39,17785634.2,87919300.4,437640250
3948.2,S,48,50195.17,6684.07,17785638.8,87919531.0,437640499
3949.2,S,48,50209.48,6685.84,17785647.6,87919531.8,437640517
3950.2,S,48,50223.59,6687.62,17785662.8,87919532.1,437640556
3951.2,S,48,50237.64,6689.39,17785681.3,87919547.6,437640618
3952.2,S,51,50251.28,6690.83,17785690.6,87919713.2,437641030
3953.2,S,48,50259.09,6692.07,17785691.6,87920099.9,437642031
3954.2,S,47,50271.34,6693.66,17785699.7,87920122.2,437642116
3955.2,S,47,50284.67,6695.31,17785715.6,87920123.0,437642171
3956.2,S,47,50298.09,6697.01,17785734.7,87920123.2,437642206
3957.2,S,46,50310.44,6698.66,17785744.2,87920158.4,437642309
3958.2,S,42,50317.66,6699.80,17785749.1,87920449.6,437642921
3959.2,S,50,50329.14,6701.37,17785780.6,87920552.6,437643056
3960.2,S,47,50344.68,6703.33,17785820.7,87920648.6,437643222
3961.2,S,45,50356.25,6704.86,17785859.7,87920677.1,437643301
3962.2,S,45,50367.75,6706.35,17785895.3,87920677.4,437643338
3963.2,S,44,50377.68,6707.71,17785912.5,87920887.7,437643740
3964.3,S,47,50389.57,6709.48,17785920.5,87920907.3,437643817
3965.3,S,47,50402.97,6711.12,17785930.8,87920907.8,437643858
3966.3,S,51,50415.33,6712.38,17785948.6,87921010.9,437644126
3967.3,S,50,50430.33,6714.15,17785962.7,87921141.2,437644453
3968.3,S,43,50439.66,6715.52,17785970.3,87921398.7,437645036
3969.3,S,47,50451.11,6717.24,17785970.3,87921443.1,437645125
3970.3,S,47,50464.44,6718.79,17785970.3,87921443.5,437645127
3971.3,S,47,50477.79,6720.52,17785973.4,87921443.7,437645132
3972.3,S,46,50490.49,6722.24,17785980.3,87921484.7,437645234
3973.3,S,46,50498.15,6723.44,17785985.2,87921679.1,437645777
3974.4,S,50,50511.41,6725.01,17786009.7,87921880.3,437646084
3975.4,S,46,50522.59,6726.35,17786041.6,87921976.6,437646200
3976.4,S,46,50531.50,6727.19,17786076.0,87922004.6,437646276
3977.4,S,46,50540.44,6728.07,17786112.0,87922004.8,437646310
3978.4,S,45,50548.21,6728.93,17786142.3,87922155.9,437646694
3979.4,S,42,50553.56,6729.97,17786143.2,87922292.8,437647054
3980.4,S,57,50561.25,6730.83,17786143.2,87922293.3,437647063
3981.4,S,57,50580.42,6731.80,17786143.2,87922294.8,437647072
3982.4,S,57,50599.88,6732.93,17786143.2,87922295.0,437647074
3983.4,S,57,50619.30,6734.04,17786143.2,87922296.0,437647077
3984.4,S,57,50638.56,6735.06,17786143.2,87922392.2,437647280
3985.4,S,57,50654.61,6736.17,17786143.2,87922811.3,437647790
3986.4,S,57,50669.35,6737.31,17786143.2,87923255.1,437648667
3987.5,S,61,50688.35,6738.42,17786143.2,87923400.8,437649047
3988.5,S,61,50710.25,6739.08,17786143.2,87923452.6,437649682
3989.5,S,57,50727.72,6739.93,17786143.2,87923627.8,437650170
3990.5,S,57,50743.39,6740.68,17786143.2,87923810.7,437650589
3991.5,S,57,50761.15,6741.54,17786143.2,87924175.6,437650918
3992.5,S,57,50777.33,6742.48,17786143.2,87924511.1,437651709
3993.5,S,57,50795.22,6743.33,17786143.2,87924665.6,437652144
3994.5,S,57,50813.47,6744.18,17786143.2,87924666.8,437652148
3995.5,S,57,50829.85,6745.06,17786143.2,87924936.9,437652798
3996.5,S,57,50846.32,6745.94,17786143.2,87925198.5,437653202
3997.5,S,57,50864.33,6746.77,17786143.2,87925397.8,437653372
3998.5,S,57,50881.97,6747.69,17786143.2,87925660.2,437653976
3999.5,S,57,50900.15,6748.51,17786143.2,87925677.6,437654007
4000.5,S,57,50918.30,6749.31,17786143.2,87925789.6,437654238
4001.5,S,57,50927.43,6750.06,17786143.2,87926190.8,437655201
4002.5,S,57,50944.90,6750.97,17786143.2,87926383.0,437655602
4003.5,S,57,50962.78,6751.82,17786143.2,87926634.4,437655818
4004.5,S,57,50980.94,6752.69,17786143.2,87926759.2,437655990
4005.5,S,56,50998.56,6753.57,17786143.2,87926847.9,437656175
4006.5,S,56,51010.98,6754.31,17786143.2,87927128.1,437656920
4007.5,S,56,51028.42,6755.38,17786143.2,87927524.1,437657290
4008.5,S,56,51045.49,6756.28,17786143.2,87927656.4,437657569
4009.5,S,52,51055.95,6757.04,17786143.2,87927955.1,437658288
4010.5,S,48,51063.06,6757.81,17786143.5,87928192.7,437658885
4011.5,S,44,51075.60,6759.64,17786161.3,87928289.4,437659150
4012.5,S,44,51085.89,6762.02,17786188.3,87928290.4,437659215
4013.5,S,43,51095.96,6763.61,17786214.7,87928324.7,437659375
4014.5,S,43,51105.47,6765.03,17786235.8,87928325.0,437659435
4015.5,S,43,51114.15,6766.44,17786246.5,87928433.9,437659730
4016.5,S,43,51123.74,6767.83,17786269.0,87928435.7,437659753
4017.5,S,46,51132.97,6769.25,17786279.5,87928490.1,437659820
4018.5,S,41,51143.98,6770.81,17786288.7,87928586.0,437659922
4019.5,S,37,51151.82,6772.09,17786298.7,87928586.3,437659933
4020.5,S,31,51158.20,6772.81,17786323.2,87928703.0,437660062
