RocksDB:    version 11.2.0
Date:       Mon Aug 31 02:13:08 2026
CPU:        36 * Intel(R) Core(TM) i9-10980XE CPU @ 3.00GHz
CPUCache:   25344 KB
2026/08/31-02:13:39  ... thread 15: (181000,181000) ops and (5829.9,5829.9) ops/second in (31.046882,31.046882) seconds
2026/08/31-02:13:39  ... thread 13: (182000,182000) ops and (5862.0,5862.0) ops/second in (31.047644,31.047644) seconds
2026/08/31-02:13:39  ... thread 5: (181000,181000) ops and (5829.6,5829.6) ops/second in (31.048272,31.048272) seconds
2026/08/31-02:13:39  ... thread 1: (181000,181000) ops and (5829.4,5829.4) ops/second in (31.049582,31.049582) seconds
2026/08/31-02:13:39  ... thread 12: (182000,182000) ops and (5861.4,5861.4) ops/second in (31.050374,31.050374) seconds
2026/08/31-02:13:39  ... thread 9: (182000,182000) ops and (5861.1,5861.1) ops/second in (31.052086,31.052086) seconds
2026/08/31-02:13:39  ... thread 8: (182000,182000) ops and (5861.1,5861.1) ops/second in (31.052163,31.052163) seconds
2026/08/31-02:13:39  ... thread 2: (183000,183000) ops and (5893.3,5893.3) ops/second in (31.052428,31.052428) seconds
2026/08/31-02:13:39  ... thread 3: (182000,182000) ops and (5860.6,5860.6) ops/second in (31.054813,31.054813) seconds
2026/08/31-02:13:39  ... thread 11: (183000,183000) ops and (5891.2,5891.2) ops/second in (31.063414,31.063414) seconds
2026/08/31-02:13:39  ... thread 6: (182000,182000) ops and (5858.9,5858.9) ops/second in (31.063943,31.063943) seconds
2026/08/31-02:13:39  ... thread 0: (182000,182000) ops and (5858.3,5858.3) ops/second in (31.067033,31.067033) seconds

** Compaction Stats [default] **
Level    Files   Size     Score Read(GB)  Rn(GB) Rnp1(GB) Write(GB) WPreComp(GB) Wnew(GB) Moved(GB) W-Amp Rd(MB/s) Wr(MB/s) Comp(sec) CompMergeCPU(sec) Comp(cnt) Avg(sec) KeyIn KeyDrop Rblob(GB) Wblob(GB)
-------------------------------------------------------------------------------------------------------------------------------------------------------------------------------------------------------------
  L0     10/10   808.28 MB   0.0      0.2     0.0      0.2       3.1       3.1      2.9       0.0   1.1      4.7     60.2     52.75              5.93        48    1.099   3153K    220       0.0       0.0
  L1     47/47     2.05 GB   0.0      9.0     2.1      6.9       9.0       9.0      2.0       0.0   4.3    496.2    495.1     18.59             32.60         8    2.324   9165K    20K       0.0       0.0
 Sum     57/57     2.84 GB   0.0      9.3     2.1      7.2      12.1      12.1      4.9       0.0   4.2    132.8    173.5     71.34             38.53        56    1.274     12M    20K       0.0       0.0
 Int      0/0      0.00 KB   0.0      7.8     1.3      6.5       9.8       9.8      3.3       0.0   4.9    126.4    158.7     63.14             32.04        39    1.619   9974K    18K       0.0       0.0

** Compaction Stats [default] **
Priority    Files   Size     Score Read(GB)  Rn(GB) Rnp1(GB) Write(GB) WPreComp(GB) Wnew(GB) Moved(GB) W-Amp Rd(MB/s) Wr(MB/s) Comp(sec) CompMergeCPU(sec) Comp(cnt) Avg(sec) KeyIn KeyDrop Rblob(GB) Wblob(GB)
----------------------------------------------------------------------------------------------------------------------------------------------------------------------------------------------------------------
 Low      0/0      0.00 KB   0.0      9.3     2.1      7.2       9.2       9.2      2.0       0.0   0.0    462.9    461.8     20.47             33.33         9    2.274   9412K    20K       0.0       0.0
High      0/0      0.00 KB   0.0      0.0     0.0      0.0       2.9       2.9      2.9       0.0   0.0      0.0     57.5     50.87              5.20        47    1.082   2906K      0       0.0       0.0

Blob file count: 0, total size: 0.0 GB, garbage size: 0.0 GB, space amp: 0.0

Uptime(secs): 31.1 total, 27.1 interval
Flush(GB): cumulative 2.856, interval 2.007
AddFile(GB): cumulative 0.000, interval 0.000
AddFile(Total Files): cumulative 0, interval 0
AddFile(L0 Files): cumulative 0, interval 0
AddFile(Keys): cumulative 0, interval 0
Cumulative compaction: 12.09 GB write, 398.25 MB/s write, 9.25 GB read, 304.83 MB/s read, 71.3 seconds
Interval compaction: 9.78 GB write, 370.11 MB/s write, 7.80 GB read, 294.89 MB/s read, 63.1 seconds
Estimated pending compaction bytes: 3044137062
Write Stall (count): cf-l0-file-count-limit-delays-with-ongoing-compaction: 0, cf-l0-file-count-limit-stops-with-ongoing-compaction: 0, l0-file-count-limit-delays: 0, l0-file-count-limit-stops: 0, memtable-limit-delays: 0, memtable-limit-stops: 27, pending-compaction-bytes-delays: 0, pending-compaction-bytes-stops: 0, total-delays: 0, total-stops: 27
interval: 20 total count
Block cache AutoHyperClockCache@0x5711ef9dd2d0#2018912 capacity: 512.00 MB seed: 591891029 usage: 64.00 KB table_size: 1024 occupancy: 1 collections: 1 last_copies: 1 last_secs: 8.9e-05 secs_since: 31
Block cache entry stats(count,size,portion): Misc(1,0.00 KB,0%)

** File Read Latency Histogram By Level [default] **
** Level 0 read latency histogram (micros):
Count: 700123 Average: 2.5916  StdDev: 292.43
Min: 0  Median: 1.3996  Max: 174071
Percentiles: P50: 1.40 P75: 1.79 P99: 3.00 P99.9: 4.64 P99.99: 5.14
------------------------------------------------------
[       0,       1 ]   171980  24.564%  24.564% #####
(       1,       2 ]   445601  63.646%  88.210% #############
(       2,       3 ]    75606  10.799%  99.009% ##
(       3,       4 ]     5429   0.775%  99.785% 
(       4,       6 ]     2528   0.361% 100.146% 
(       6,      10 ]     1259   0.180% 100.326% 
(      10,      15 ]      218   0.031% 100.357% 
(      15,      22 ]       78   0.011% 100.368% 
(      22,      34 ]        7   0.001% 100.369% 
(      34,      51 ]        3   0.000% 100.369% 
(      51,      76 ]       15   0.002% 100.372% 
(      76,     110 ]       32   0.005% 100.376% 
(     110,     170 ]        2   0.000% 100.376% 
(     170,     250 ]        2   0.000% 100.377% 
(     580,     870 ]        3   0.000% 100.377% 
(    1300,    1900 ]        1   0.000% 100.377% 
(    4400,    6600 ]        2   0.000% 100.378% 
(    9900,   14000 ]        1   0.000% 100.378% 
(   22000,   33000 ]        1   0.000% 100.378% 
(   33000,   50000 ]        1   0.000% 100.378% 
(   50000,   75000 ]        1   0.000% 100.378% 
(  110000,  170000 ]        1   0.000% 100.378% 
(  170000,  250000 ]        1   0.000% 100.378% 

** Level 1 read latency histogram (micros):
Count: 2140821 Average: 1.7404  StdDev: 1.42
Min: 0  Median: 1.2455  Max: 693
Percentiles: P50: 1.25 P75: 1.65 P99: 2.66 P99.9: 2.87 P99.99: 2.89
------------------------------------------------------
[       0,       1 ]   748835  34.979%  34.979% #######
(       1,       2 ]  1309753  61.180%  96.159% ############
(       2,       3 ]    92392   4.316% 100.475% #
(       3,       4 ]    13248   0.619% 101.093% 
(       4,       6 ]     5586   0.261% 101.354% 
(       6,      10 ]     3436   0.160% 101.515% 
(      10,      15 ]      556   0.026% 101.541% 
(      15,      22 ]      129   0.006% 101.547% 
(      22,      34 ]       14   0.001% 101.547% 
(      34,      51 ]       21   0.001% 101.548% 
(      51,      76 ]       26   0.001% 101.550% 
(      76,     110 ]       87   0.004% 101.554% 
(     110,     170 ]        9   0.000% 101.554% 
(     170,     250 ]        5   0.000% 101.554% 
(     250,     380 ]       12   0.001% 101.555% 
(     380,     580 ]        2   0.000% 101.555% 
(     580,     870 ]        1   0.000% 101.555% 


** DB Stats **
Uptime(secs): 31.1 total, 27.1 interval
Cumulative writes: 2919K writes, 2919K keys, 379K commit groups, 7.7 writes per commit group, ingest: 2.84 GB, 93.66 MB/s
Cumulative WAL: 2919K writes, 0 syncs, 2919064.00 writes per sync, written: 2.84 GB, 93.66 MB/s
Cumulative stall: 00:00:25.399 H:M:S, 81.7 percent
Interval writes: 1991K writes, 1991K keys, 257K commit groups, 7.7 writes per commit group, ingest: 1985.86 MB, 73.36 MB/s
Interval WAL: 1991K writes, 0 syncs, 1991604.00 writes per sync, written: 1.94 GB, 73.36 MB/s
Interval stall: 00:00:22.951 H:M:S, 84.8 percent
Write Stall (count): write-buffer-manager-limit-stops: 0
num-running-compactions: 2
num-running-flushes: 0

2026/08/31-02:13:39  ... thread 7: (183000,183000) ops and (5890.1,5890.1) ops/second in (31.068947,31.068947) seconds
2026/08/31-02:13:39  ... thread 14: (183000,183000) ops and (5890.1,5890.1) ops/second in (31.069202,31.069202) seconds
2026/08/31-02:13:39  ... thread 4: (183000,183000) ops and (5889.9,5889.9) ops/second in (31.070056,31.070056) seconds
2026/08/31-02:13:39  ... thread 10: (182000,182000) ops and (5857.4,5857.4) ops/second in (31.071843,31.071843) seconds
2026/08/31-02:14:09  ... thread 11: (247000,430000) ops and (8216.1,7034.6) ops/second in (30.062981,61.126395) seconds
2026/08/31-02:14:09  ... thread 4: (246000,429000) ops and (8181.4,7016.9) ops/second in (30.068384,61.138440) seconds
2026/08/31-02:14:10  ... thread 1: (247000,428000) ops and (8205.6,6999.1) ops/second in (30.101536,61.151118) seconds
2026/08/31-02:14:10  ... thread 12: (247000,429000) ops and (8185.7,7006.9) ops/second in (30.174737,61.225111) seconds
2026/08/31-02:14:10  ... thread 8: (247000,429000) ops and (8182.7,7005.5) ops/second in (30.185750,61.237913) seconds
2026/08/31-02:14:10  ... thread 3: (247000,429000) ops and (8176.4,7002.5) ops/second in (30.208841,61.263654) seconds
2026/08/31-02:14:10  ... thread 6: (247000,429000) ops and (8153.6,6991.8) ops/second in (30.293430,61.357373) seconds
2026/08/31-02:14:10  ... thread 0: (246000,428000) ops and (8078.9,6957.4) ops/second in (30.449812,61.516845) seconds

** Compaction Stats [default] **
Level    Files   Size     Score Read(GB)  Rn(GB) Rnp1(GB) Write(GB) WPreComp(GB) Wnew(GB) Moved(GB) W-Amp Rd(MB/s) Wr(MB/s) Comp(sec) CompMergeCPU(sec) Comp(cnt) Avg(sec) KeyIn KeyDrop Rblob(GB) Wblob(GB)
-------------------------------------------------------------------------------------------------------------------------------------------------------------------------------------------------------------
  L0     21/21     4.14 GB   0.0      4.0     0.0      4.0      10.7      10.7      6.7       0.0   1.6     37.1     98.9    111.00             21.79       126    0.881     10M   3887       0.0       0.0
  L1     48/48     2.52 GB   0.0     11.5     2.6      9.0      11.5      11.5      2.5       0.0   4.5    414.3    413.1     28.52             41.65         9    3.169     11M    31K       0.0       0.0
 Sum     69/69     6.66 GB   0.0     15.6     2.6     13.0      22.2      22.2      9.2       0.0   3.3    114.2    163.1    139.53             63.44       135    1.034     22M    35K       0.0       0.0
 Int      0/0      0.00 KB   0.0     14.1     1.8     12.3      19.9      19.9      7.6       0.0   3.4    110.0    155.4    131.33             56.96       118    1.113     20M    32K       0.0       0.0

** Compaction Stats [default] **
Priority    Files   Size     Score Read(GB)  Rn(GB) Rnp1(GB) Write(GB) WPreComp(GB) Wnew(GB) Moved(GB) W-Amp Rd(MB/s) Wr(MB/s) Comp(sec) CompMergeCPU(sec) Comp(cnt) Avg(sec) KeyIn KeyDrop Rblob(GB) Wblob(GB)
----------------------------------------------------------------------------------------------------------------------------------------------------------------------------------------------------------------
 Low      0/0      0.00 KB   0.0     15.6     2.6     13.0      15.5      15.5      2.5       0.0   0.0    272.8    272.2     58.42             52.04        25    2.337     15M    35K       0.0       0.0
High      0/0      0.00 KB   0.0      0.0     0.0      0.0       6.7       6.7      6.7       0.0   0.0      0.0     84.6     81.10             11.40       110    0.737   6817K      0       0.0       0.0

Blob file count: 0, total size: 0.0 GB, garbage size: 0.0 GB, space amp: 0.0

Uptime(secs): 61.5 total, 57.5 interval
Flush(GB): cumulative 6.700, interval 5.851
AddFile(GB): cumulative 0.000, interval 0.000
AddFile(Total Files): cumulative 0, interval 0
AddFile(L0 Files): cumulative 0, interval 0
AddFile(Keys): cumulative 0, interval 0
Cumulative compaction: 22.23 GB write, 369.96 MB/s write, 15.56 GB read, 259.05 MB/s read, 139.5 seconds
Interval compaction: 19.93 GB write, 354.75 MB/s write, 14.11 GB read, 251.19 MB/s read, 131.3 seconds
Estimated pending compaction bytes: 7155258795
Write Stall (count): cf-l0-file-count-limit-delays-with-ongoing-compaction: 4, cf-l0-file-count-limit-stops-with-ongoing-compaction: 0, l0-file-count-limit-delays: 4, l0-file-count-limit-stops: 0, memtable-limit-delays: 0, memtable-limit-stops: 62, pending-compaction-bytes-delays: 0, pending-compaction-bytes-stops: 0, total-delays: 4, total-stops: 62
interval: 59 total count
Block cache AutoHyperClockCache@0x5711ef9dd2d0#2018912 capacity: 512.00 MB seed: 591891029 usage: 64.00 KB table_size: 1024 occupancy: 1 collections: 1 last_copies: 1 last_secs: 8.9e-05 secs_since: 61
Block cache entry stats(count,size,portion): Misc(1,0.00 KB,0%)

** File Read Latency Histogram By Level [default] **
** Level 0 read latency histogram (micros):
Count: 2061181 Average: 2.0001  StdDev: 205.60
Min: 0  Median: 1.0940  Max: 174071
Percentiles: P50: 1.09 P75: 1.62 P99: 2.92 P99.9: 3.81 P99.99: 3.98
------------------------------------------------------
[       0,       1 ]   938351  45.525%  45.525% #########
(       1,       2 ]   981673  47.627%  93.152% ##########
(       2,       3 ]   130381   6.326%  99.477% #
(       3,       4 ]    10793   0.524% 100.001% 
(       4,       6 ]     4814   0.234% 100.234% 
(       6,      10 ]     2471   0.120% 100.354% 
(      10,      15 ]      565   0.027% 100.382% 
(      15,      22 ]      241   0.012% 100.393% 
(      22,      34 ]       18   0.001% 100.394% 
(      34,      51 ]        5   0.000% 100.394% 
(      51,      76 ]       34   0.002% 100.396% 
(      76,     110 ]       80   0.004% 100.400% 
(     110,     170 ]        4   0.000% 100.400% 
(     170,     250 ]        3   0.000% 100.400% 
(     380,     580 ]        2   0.000% 100.400% 
(     580,     870 ]        5   0.000% 100.401% 
(     870,    1300 ]        8   0.000% 100.401% 
(    1300,    1900 ]        5   0.000% 100.401% 
(    4400,    6600 ]        3   0.000% 100.401% 
(    9900,   14000 ]        1   0.000% 100.402% 
(   22000,   33000 ]        2   0.000% 100.402% 
(   33000,   50000 ]        1   0.000% 100.402% 
(   50000,   75000 ]        2   0.000% 100.402% 
(  110000,  170000 ]        2   0.000% 100.402% 
(  170000,  250000 ]        1   0.000% 100.402% 

** Level 1 read latency histogram (micros):
Count: 2388859 Average: 1.7294  StdDev: 1.41
Min: 0  Median: 1.2325  Max: 693
Percentiles: P50: 1.23 P75: 1.65 P99: 2.66 P99.9: 2.88 P99.99: 2.90
------------------------------------------------------
[       0,       1 ]   860338  36.015%  36.015% #######
(       1,       2 ]  1436987  60.154%  96.168% ############
(       2,       3 ]   101726   4.258% 100.427% #
(       3,       4 ]    14182   0.594% 101.020% 
(       4,       6 ]     6090   0.255% 101.275% 
(       6,      10 ]     3813   0.160% 101.435% 
(      10,      15 ]      623   0.026% 101.461% 
(      15,      22 ]      157   0.007% 101.468% 
(      22,      34 ]       17   0.001% 101.468% 
(      34,      51 ]       34   0.001% 101.470% 
(      51,      76 ]       29   0.001% 101.471% 
(      76,     110 ]      120   0.005% 101.476% 
(     110,     170 ]       11   0.000% 101.476% 
(     170,     250 ]        5   0.000% 101.477% 
(     250,     380 ]       12   0.001% 101.477% 
(     380,     580 ]        2   0.000% 101.477% 
(     580,     870 ]        1   0.000% 101.477% 


** DB Stats **
Uptime(secs): 61.5 total, 30.4 interval
Cumulative writes: 6865K writes, 6865K keys, 884K commit groups, 7.8 writes per commit group, ingest: 6.69 GB, 111.26 MB/s
Cumulative WAL: 6865K writes, 0 syncs, 6865327.00 writes per sync, written: 6.69 GB, 111.26 MB/s
Cumulative stall: 00:00:47.072 H:M:S, 76.5 percent
Interval writes: 3946K writes, 3946K keys, 505K commit groups, 7.8 writes per commit group, ingest: 3934.82 MB, 129.22 MB/s
Interval WAL: 3946K writes, 0 syncs, 3946263.00 writes per sync, written: 3.84 GB, 129.22 MB/s
Interval stall: 00:00:21.673 H:M:S, 71.2 percent
Write Stall (count): write-buffer-manager-limit-stops: 0
num-running-compactions: 2
num-running-flushes: 0

2026/08/31-02:14:10  ... thread 7: (247000,430000) ops and (8067.5,6970.8) ops/second in (30.616707,61.685654) seconds
2026/08/31-02:14:10  ... thread 10: (247000,429000) ops and (7993.7,6922.6) ops/second in (30.899279,61.971122) seconds
2026/08/31-02:14:10  ... thread 5: (248000,429000) ops and (7979.5,6905.1) ops/second in (31.079703,62.127975) seconds
2026/08/31-02:14:11  ... thread 2: (247000,430000) ops and (7832.1,6870.2) ops/second in (31.536767,62.589195) seconds
2026/08/31-02:14:11  ... thread 15: (248000,429000) ops and (7821.7,6836.2) ops/second in (31.706859,62.753741) seconds
2026/08/31-02:14:11  ... thread 13: (248000,430000) ops and (7785.3,6836.0) ops/second in (31.854802,62.902446) seconds
2026/08/31-02:14:11  ... thread 14: (247000,430000) ops and (7735.6,6825.5) ops/second in (31.930165,62.999367) seconds
2026/08/31-02:14:11  ... thread 9: (248000,430000) ops and (7752.7,6821.0) ops/second in (31.988902,63.040988) seconds
2026/08/31-02:14:40  ... thread 1: (47000,475000) ops and (1539.8,5181.4) ops/second in (30.523289,91.674407) seconds
2026/08/31-02:14:40  ... thread 4: (48000,477000) ops and (1571.6,5202.9) ops/second in (30.541689,91.680129) seconds
2026/08/31-02:14:40  ... thread 3: (48000,477000) ops and (1578.0,5202.7) ops/second in (30.418849,91.682503) seconds
2026/08/31-02:14:40  ... thread 8: (48000,477000) ops and (1576.4,5202.5) ops/second in (30.448920,91.686833) seconds
2026/08/31-02:14:40  ... thread 11: (48000,478000) ops and (1570.5,5213.2) ops/second in (30.563726,91.690121) seconds
2026/08/31-02:14:40  ... thread 7: (48000,478000) ops and (1599.5,5212.9) ops/second in (30.009766,91.695420) seconds
2026/08/31-02:14:40  ... thread 12: (48000,477000) ops and (1575.2,5201.9) ops/second in (30.471836,91.696947) seconds
2026/08/31-02:14:40  ... thread 6: (48000,477000) ops and (1582.0,5201.8) ops/second in (30.340785,91.698158) seconds
2026/08/31-02:14:40  ... thread 0: (48000,476000) ops and (1590.3,5190.9) ops/second in (30.182775,91.699620) seconds

** Compaction Stats [default] **
Level    Files   Size     Score Read(GB)  Rn(GB) Rnp1(GB) Write(GB) WPreComp(GB) Wnew(GB) Moved(GB) W-Amp Rd(MB/s) Wr(MB/s) Comp(sec) CompMergeCPU(sec) Comp(cnt) Avg(sec) KeyIn KeyDrop Rblob(GB) Wblob(GB)
-------------------------------------------------------------------------------------------------------------------------------------------------------------------------------------------------------------
  L0      7/4    621.99 MB   0.8      4.5     0.0      4.5      12.0      12.0      7.5       0.0   1.6     30.0     79.7    154.14             24.50       141    1.093     12M   4358       0.0       0.0
  L1     48/0      4.37 GB   1.1     22.3     6.9     15.5      22.1      22.1      6.7       0.0   3.2    346.5    343.2     66.03             76.96        11    6.003     22M   216K       0.0       0.0
  L2     40/0      2.29 GB   0.1      0.0     0.0      0.0       0.0       0.0      0.0       2.3   0.0      0.0      0.0      0.00              0.00         0    0.000       0      0       0.0       0.0
 Sum     95/4      7.27 GB   0.0     26.9     6.9     20.0      34.1      34.1     14.1       2.3   4.6    124.9    158.7    220.17            101.46       152    1.449     34M   220K       0.0       0.0
 Int      0/0      0.00 KB   0.0     11.0     4.3      6.7      11.7      11.7      4.9       2.3  14.8    155.0    163.5     72.99             37.40        16    4.562     12M   185K       0.0       0.0

** Compaction Stats [default] **
Priority    Files   Size     Score Read(GB)  Rn(GB) Rnp1(GB) Write(GB) WPreComp(GB) Wnew(GB) Moved(GB) W-Amp Rd(MB/s) Wr(MB/s) Comp(sec) CompMergeCPU(sec) Comp(cnt) Avg(sec) KeyIn KeyDrop Rblob(GB) Wblob(GB)
----------------------------------------------------------------------------------------------------------------------------------------------------------------------------------------------------------------
 Low      0/0      0.00 KB   0.0     26.9     6.9     20.0      26.6      26.6      6.7       0.0   0.0    250.0    247.9    110.02             88.49        29    3.794     27M   220K       0.0       0.0
High      0/0      0.00 KB   0.0      0.0     0.0      0.0       7.5       7.5      7.5       0.0   0.0      0.0     69.6    110.15             12.97       123    0.896   7620K      0       0.0       0.0

Blob file count: 0, total size: 0.0 GB, garbage size: 0.0 GB, space amp: 0.0

Uptime(secs): 91.7 total, 27.7 interval
Flush(GB): cumulative 7.489, interval 0.789
AddFile(GB): cumulative 0.000, interval 0.000
AddFile(Total Files): cumulative 0, interval 0
AddFile(L0 Files): cumulative 0, interval 0
AddFile(Keys): cumulative 0, interval 0
Cumulative compaction: 34.13 GB write, 381.04 MB/s write, 26.86 GB read, 299.87 MB/s read, 220.2 seconds
Interval compaction: 11.65 GB write, 430.89 MB/s write, 11.05 GB read, 408.51 MB/s read, 73.0 seconds
Estimated pending compaction bytes: 6870109111
Write Stall (count): cf-l0-file-count-limit-delays-with-ongoing-compaction: 7, cf-l0-file-count-limit-stops-with-ongoing-compaction: 0, l0-file-count-limit-delays: 7, l0-file-count-limit-stops: 0, memtable-limit-delays: 0, memtable-limit-stops: 71, pending-compaction-bytes-delays: 0, pending-compaction-bytes-stops: 0, total-delays: 7, total-stops: 71
interval: 11 total count
Block cache AutoHyperClockCache@0x5711ef9dd2d0#2018912 capacity: 512.00 MB seed: 591891029 usage: 64.00 KB table_size: 1024 occupancy: 1 collections: 1 last_copies: 2 last_secs: 8.9e-05 secs_since: 91
Block cache entry stats(count,size,portion): Misc(1,0.00 KB,0%)

** File Read Latency Histogram By Level [default] **
** Level 0 read latency histogram (micros):
Count: 2925724 Average: 2.0284  StdDev: 194.46
Min: 0  Median: 1.0979  Max: 174071
Percentiles: P50: 1.10 P75: 1.63 P99: 2.97 P99.9: 3.97 P99.99: 4.46
------------------------------------------------------
[       0,       1 ]  1329488  45.441%  45.441% #########
(       1,       2 ]  1362051  46.554%  91.996% #########
(       2,       3 ]   210827   7.206%  99.202% #
(       3,       4 ]    20990   0.717%  99.919% 
(       4,       6 ]     8992   0.307% 100.226% 
(       6,      10 ]     3775   0.129% 100.355% 
(      10,      15 ]     1153   0.039% 100.395% 
(      15,      22 ]      576   0.020% 100.415% 
(      22,      34 ]       33   0.001% 100.416% 
(      34,      51 ]        8   0.000% 100.416% 
(      51,      76 ]       38   0.001% 100.417% 
(      76,     110 ]       91   0.003% 100.420% 
(     110,     170 ]        4   0.000% 100.420% 
(     170,     250 ]        3   0.000% 100.421% 
(     380,     580 ]        2   0.000% 100.421% 
(     580,     870 ]        6   0.000% 100.421% 
(     870,    1300 ]        8   0.000% 100.421% 
(    1300,    1900 ]        6   0.000% 100.421% 
(    4400,    6600 ]        3   0.000% 100.421% 
(    9900,   14000 ]        1   0.000% 100.421% 
(   22000,   33000 ]        2   0.000% 100.422% 
(   33000,   50000 ]        1   0.000% 100.422% 
(   50000,   75000 ]        5   0.000% 100.422% 
(   75000,  110000 ]        2   0.000% 100.422% 
(  110000,  170000 ]        2   0.000% 100.422% 
(  170000,  250000 ]        1   0.000% 100.422% 

** Level 1 read latency histogram (micros):
Count: 3752020 Average: 1.6758  StdDev: 1.40
Min: 0  Median: 1.1575  Max: 693
Percentiles: P50: 1.16 P75: 1.61 P99: 2.66 P99.9: 2.88 P99.99: 2.90
------------------------------------------------------
[       0,       1 ]  1551604  41.354%  41.354% ########
(       1,       2 ]  2059073  54.879%  96.233% ###########
(       2,       3 ]   156539   4.172% 100.405% #
(       3,       4 ]    21473   0.572% 100.977% 
(       4,       6 ]     9358   0.249% 101.227% 
(       6,      10 ]     5740   0.153% 101.380% 
(      10,      15 ]     1146   0.031% 101.410% 
(      15,      22 ]      403   0.011% 101.421% 
(      22,      34 ]       49   0.001% 101.422% 
(      34,      51 ]       48   0.001% 101.424% 
(      51,      76 ]       62   0.002% 101.425% 
(      76,     110 ]      182   0.005% 101.430% 
(     110,     170 ]       18   0.000% 101.431% 
(     170,     250 ]       34   0.001% 101.431% 
(     250,     380 ]       12   0.000% 101.432% 
(     380,     580 ]        2   0.000% 101.432% 
(     580,     870 ]        1   0.000% 101.432% 


** DB Stats **
Uptime(secs): 91.7 total, 27.7 interval
Cumulative writes: 7635K writes, 7635K keys, 989K commit groups, 7.7 writes per commit group, ingest: 7.44 GB, 83.02 MB/s
Cumulative WAL: 7635K writes, 0 syncs, 7635517.00 writes per sync, written: 7.44 GB, 83.02 MB/s
Cumulative stall: 00:01:9.044 H:M:S, 75.3 percent
Interval writes: 694K writes, 694K keys, 94K commit groups, 7.4 writes per commit group, ingest: 692.79 MB, 25.01 MB/s
Interval WAL: 694K writes, 0 syncs, 694742.00 writes per sync, written: 0.68 GB, 25.01 MB/s
Interval stall: 00:00:21.342 H:M:S, 77.1 percent
Write Stall (count): write-buffer-manager-limit-stops: 0
num-running-compactions: 1
num-running-flushes: 0

2026/08/31-02:14:47  ... thread 10: (55000,484000) ops and (1516.1,4926.2) ops/second in (36.278210,98.249332) seconds
2026/08/31-02:14:47  ... thread 2: (55000,485000) ops and (1542.2,4936.3) ops/second in (35.663131,98.252326) seconds
2026/08/31-02:14:47  ... thread 5: (55000,484000) ops and (1522.5,4926.1) ops/second in (36.124500,98.252475) seconds
2026/08/31-02:14:47  ... thread 14: (55000,485000) ops and (1560.0,4936.1) ops/second in (35.256367,98.255734) seconds
2026/08/31-02:14:47  ... thread 15: (55000,484000) ops and (1548.8,4925.5) ops/second in (35.510717,98.264458) seconds
2026/08/31-02:14:47  ... thread 13: (55000,485000) ops and (1555.3,4935.6) ops/second in (35.362349,98.264795) seconds
2026/08/31-02:14:47  ... thread 9: (55000,485000) ops and (1561.4,4935.6) ops/second in (35.225256,98.266244) seconds
2026/08/31-02:15:12  ... thread 0: (104000,580000) ops and (3226.1,4679.8) ops/second in (32.236929,123.936549) seconds

** Compaction Stats [default] **
Level    Files   Size     Score Read(GB)  Rn(GB) Rnp1(GB) Write(GB) WPreComp(GB) Wnew(GB) Moved(GB) W-Amp Rd(MB/s) Wr(MB/s) Comp(sec) CompMergeCPU(sec) Comp(cnt) Avg(sec) KeyIn KeyDrop Rblob(GB) Wblob(GB)
-------------------------------------------------------------------------------------------------------------------------------------------------------------------------------------------------------------
  L0     18/18     2.25 GB   0.0      5.8     0.0      5.8      14.9      14.9      9.1       0.0   1.6     28.9     74.4    205.37             30.39       173    1.187     15M   5638       0.0       0.0
  L1     40/40     3.66 GB   0.0     22.3     6.9     15.5      22.1      22.1      6.7       0.0   3.2    346.5    343.2     66.03             76.96        11    6.003     22M   216K       0.0       0.0
  L2     48/0      3.01 GB   0.1      0.0     0.0      0.0       0.0       0.0      0.0       3.0   0.0      0.0      0.0      0.00              0.00         0    0.000       0      0       0.0       0.0
 Sum    106/58     8.91 GB   0.0     28.1     6.9     21.3      37.1      37.1     15.8       3.0   4.1    106.2    139.8    271.41            107.35       184    1.475     37M   222K       0.0       0.0
 Int      0/0      0.00 KB   0.0     12.3     4.3      8.0      14.6      14.6      6.6       3.0   6.0    101.6    120.2    124.22             43.29        48    2.588     15M   186K       0.0       0.0

** Compaction Stats [default] **
Priority    Files   Size     Score Read(GB)  Rn(GB) Rnp1(GB) Write(GB) WPreComp(GB) Wnew(GB) Moved(GB) W-Amp Rd(MB/s) Wr(MB/s) Comp(sec) CompMergeCPU(sec) Comp(cnt) Avg(sec) KeyIn KeyDrop Rblob(GB) Wblob(GB)
----------------------------------------------------------------------------------------------------------------------------------------------------------------------------------------------------------------
 Low      0/0      0.00 KB   0.0     28.1     6.9     21.3      27.9      27.9      6.7       0.0   0.0    235.7    233.9    122.22             91.66        34    3.595     28M   222K       0.0       0.0
High      0/0      0.00 KB   0.0      0.0     0.0      0.0       9.1       9.1      9.1       0.0   0.0      0.0     62.7    149.18             15.70       150    0.995   9296K      0       0.0       0.0

Blob file count: 0, total size: 0.0 GB, garbage size: 0.0 GB, space amp: 0.0

Uptime(secs): 123.9 total, 59.9 interval
Flush(GB): cumulative 9.136, interval 2.436
AddFile(GB): cumulative 0.000, interval 0.000
AddFile(Total Files): cumulative 0, interval 0
AddFile(L0 Files): cumulative 0, interval 0
AddFile(Keys): cumulative 0, interval 0
Cumulative compaction: 37.05 GB write, 306.10 MB/s write, 28.14 GB read, 232.45 MB/s read, 271.4 seconds
Interval compaction: 14.58 GB write, 249.10 MB/s write, 12.33 GB read, 210.64 MB/s read, 124.2 seconds
Estimated pending compaction bytes: 9436575350
Write Stall (count): cf-l0-file-count-limit-delays-with-ongoing-compaction: 7, cf-l0-file-count-limit-stops-with-ongoing-compaction: 0, l0-file-count-limit-delays: 7, l0-file-count-limit-stops: 0, memtable-limit-delays: 0, memtable-limit-stops: 89, pending-compaction-bytes-delays: 0, pending-compaction-bytes-stops: 0, total-delays: 7, total-stops: 89
interval: 29 total count
Block cache AutoHyperClockCache@0x5711ef9dd2d0#2018912 capacity: 512.00 MB seed: 591891029 usage: 64.00 KB table_size: 1024 occupancy: 1 collections: 1 last_copies: 2 last_secs: 8.9e-05 secs_since: 123
Block cache entry stats(count,size,portion): Misc(1,0.00 KB,0%)

** File Read Latency Histogram By Level [default] **
** Level 0 read latency histogram (micros):
Count: 3695366 Average: 2.1594  StdDev: 257.12
Min: 0  Median: 1.0870  Max: 254099
Percentiles: P50: 1.09 P75: 1.63 P99: 2.97 P99.9: 3.97 P99.99: 4.45
------------------------------------------------------
[       0,       1 ]  1700199  46.009%  46.009% #########
(       1,       2 ]  1694715  45.861%  91.869% #########
(       2,       3 ]   270702   7.325%  99.195% #
(       3,       4 ]    26958   0.730%  99.924% 
(       4,       6 ]    10755   0.291% 100.215% 
(       6,      10 ]     4679   0.127% 100.342% 
(      10,      15 ]     1409   0.038% 100.380% 
(      15,      22 ]      676   0.018% 100.399% 
(      22,      34 ]       42   0.001% 100.400% 
(      34,      51 ]       14   0.000% 100.400% 
(      51,      76 ]       50   0.001% 100.401% 
(      76,     110 ]      107   0.003% 100.404% 
(     110,     170 ]        5   0.000% 100.404% 
(     170,     250 ]        3   0.000% 100.405% 
(     380,     580 ]        2   0.000% 100.405% 
(     580,     870 ]        6   0.000% 100.405% 
(     870,    1300 ]       11   0.000% 100.405% 
(    1300,    1900 ]        9   0.000% 100.405% 
(    2900,    4400 ]        2   0.000% 100.405% 
(    4400,    6600 ]        3   0.000% 100.405% 
(    9900,   14000 ]        1   0.000% 100.405% 
(   22000,   33000 ]        4   0.000% 100.406% 
(   33000,   50000 ]        1   0.000% 100.406% 
(   50000,   75000 ]        6   0.000% 100.406% 
(   75000,  110000 ]        3   0.000% 100.406% 
(  110000,  170000 ]        3   0.000% 100.406% 
(  170000,  250000 ]        2   0.000% 100.406% 
(  250000,  380000 ]        1   0.000% 100.406% 

** Level 1 read latency histogram (micros):
Count: 4645590 Average: 1.6609  StdDev: 2.39
Min: 0  Median: 1.1350  Max: 3012
Percentiles: P50: 1.13 P75: 1.60 P99: 2.67 P99.9: 2.89 P99.99: 2.91
------------------------------------------------------
[       0,       1 ]  1988202  42.798%  42.798% #########
(       1,       2 ]  2479123  53.365%  96.163% ###########
(       2,       3 ]   195488   4.208% 100.371% #
(       3,       4 ]    26753   0.576% 100.947% 
(       4,       6 ]    11046   0.238% 101.184% 
(       6,      10 ]     6931   0.149% 101.334% 
(      10,      15 ]     1366   0.029% 101.363% 
(      15,      22 ]      533   0.011% 101.374% 
(      22,      34 ]       68   0.001% 101.376% 
(      34,      51 ]       48   0.001% 101.377% 
(      51,      76 ]       62   0.001% 101.378% 
(      76,     110 ]      184   0.004% 101.382% 
(     110,     170 ]       20   0.000% 101.383% 
(     170,     250 ]       34   0.001% 101.383% 
(     250,     380 ]       12   0.000% 101.384% 
(     380,     580 ]        2   0.000% 101.384% 
(     580,     870 ]        3   0.000% 101.384% 
(    2900,    4400 ]        2   0.000% 101.384% 


** DB Stats **
Uptime(secs): 123.9 total, 32.2 interval
Cumulative writes: 9296K writes, 9296K keys, 1201K commit groups, 7.7 writes per commit group, ingest: 9.05 GB, 74.79 MB/s
Cumulative WAL: 9296K writes, 0 syncs, 9296788.00 writes per sync, written: 9.05 GB, 74.79 MB/s
Cumulative stall: 00:01:38.584 H:M:S, 79.5 percent
Interval writes: 1661K writes, 1661K keys, 212K commit groups, 7.8 writes per commit group, ingest: 1656.45 MB, 51.38 MB/s
Interval WAL: 1661K writes, 0 syncs, 1661271.00 writes per sync, written: 1.62 GB, 51.38 MB/s
Interval stall: 00:00:29.539 H:M:S, 91.6 percent
Write Stall (count): write-buffer-manager-limit-stops: 0
num-running-compactions: 3
num-running-flushes: 1

2026/08/31-02:15:12  ... thread 12: (104000,581000) ops and (3225.7,4687.8) ops/second in (32.241337,123.938284) seconds
2026/08/31-02:15:12  ... thread 11: (104000,582000) ops and (3224.8,4695.8) ops/second in (32.250037,123.940158) seconds
2026/08/31-02:15:12  ... thread 6: (104000,581000) ops and (3224.5,4687.3) ops/second in (32.252568,123.950726) seconds
2026/08/31-02:15:12  ... thread 4: (105000,582000) ops and (3253.3,4695.3) ops/second in (32.274472,123.954601) seconds
2026/08/31-02:15:12  ... thread 1: (105000,580000) ops and (3252.5,4679.0) ops/second in (32.282566,123.956973) seconds
2026/08/31-02:15:12  ... thread 3: (105000,582000) ops and (3252.7,4695.0) ops/second in (32.280405,123.962908) seconds
2026/08/31-02:15:12  ... thread 7: (105000,583000) ops and (3253.5,4702.8) ops/second in (32.273013,123.968433) seconds
2026/08/31-02:15:12  ... thread 8: (105000,582000) ops and (3252.6,4694.7) ops/second in (32.281755,123.968588) seconds
2026/08/31-02:15:26  ... thread 9: (127000,612000) ops and (3222.1,4445.0) ops/second in (39.415698,137.681942) seconds
2026/08/31-02:15:26  ... thread 14: (128000,613000) ops and (3246.1,4452.1) ops/second in (39.432419,137.688153) seconds
2026/08/31-02:15:26  ... thread 5: (128000,612000) ops and (3245.5,4444.7) ops/second in (39.438890,137.691365) seconds
2026/08/31-02:15:26  ... thread 2: (128000,613000) ops and (3245.2,4451.9) ops/second in (39.442316,137.694642) seconds
2026/08/31-02:15:26  ... thread 10: (128000,612000) ops and (3244.8,4444.5) ops/second in (39.447914,137.697246) seconds
2026/08/31-02:15:26  ... thread 13: (128000,613000) ops and (3245.3,4451.5) ops/second in (39.441241,137.706036) seconds
2026/08/31-02:15:26  ... thread 15: (128000,612000) ops and (3245.2,4444.2) ops/second in (39.442841,137.707299) seconds
2026/08/31-02:15:50  ... thread 11: (120000,702000) ops and (3183.9,4343.2) ops/second in (37.690130,161.630288) seconds
2026/08/31-02:15:50  ... thread 1: (120000,700000) ops and (3184.8,4330.7) ops/second in (37.678395,161.635368) seconds
2026/08/31-02:15:50  ... thread 0: (120000,700000) ops and (3183.0,4330.7) ops/second in (37.700288,161.636837) seconds

** Compaction Stats [default] **
Level    Files   Size     Score Read(GB)  Rn(GB) Rnp1(GB) Write(GB) WPreComp(GB) Wnew(GB) Moved(GB) W-Amp Rd(MB/s) Wr(MB/s) Comp(sec) CompMergeCPU(sec) Comp(cnt) Avg(sec) KeyIn KeyDrop Rblob(GB) Wblob(GB)
-------------------------------------------------------------------------------------------------------------------------------------------------------------------------------------------------------------
  L0     13/11     1.70 GB   0.5      7.5     0.0      7.5      18.5      18.5     11.0       0.0   1.7     27.5     67.8    278.80             37.89       210    1.328     18M   7172       0.0       0.0
  L1     52/52     3.74 GB   0.0     32.0     9.3     22.7      31.7      31.7      8.9       0.0   3.4    319.9    316.7    102.40            107.82        13    7.877     32M   317K       0.0       0.0
  L2     70/0      5.19 GB   0.1      0.0     0.0      0.0       0.0       0.0      0.0       5.2   0.0      0.0      0.0      0.00              0.00         0    0.000       0      0       0.0       0.0
 Sum    135/63    10.64 GB   0.0     39.5     9.3     30.2      50.1      50.1     19.9       5.2   4.6    106.1    134.6    381.20            145.71       223    1.709     51M   324K       0.0       0.0
 Int      0/0      0.00 KB   0.0     11.3     2.4      9.0      13.1      13.1      4.1       2.2   7.2    105.9    121.9    109.79             38.36        39    2.815     13M   102K       0.0       0.0

** Compaction Stats [default] **
Priority    Files   Size     Score Read(GB)  Rn(GB) Rnp1(GB) Write(GB) WPreComp(GB) Wnew(GB) Moved(GB) W-Amp Rd(MB/s) Wr(MB/s) Comp(sec) CompMergeCPU(sec) Comp(cnt) Avg(sec) KeyIn KeyDrop Rblob(GB) Wblob(GB)
----------------------------------------------------------------------------------------------------------------------------------------------------------------------------------------------------------------
 Low      0/0      0.00 KB   0.0     39.5     9.3     30.2      39.2      39.2      8.9       0.0   0.0    209.6    207.8    192.94            126.87        43    4.487     40M   324K       0.0       0.0
High      0/0      0.00 KB   0.0      0.0     0.0      0.0      11.0      11.0     11.0       0.0   0.0      0.0     59.6    188.26             18.84       180    1.046     11M      0       0.0       0.0

Blob file count: 0, total size: 0.0 GB, garbage size: 0.0 GB, space amp: 0.0

Uptime(secs): 161.6 total, 37.6 interval
Flush(GB): cumulative 10.962, interval 1.826
AddFile(GB): cumulative 0.000, interval 0.000
AddFile(Total Files): cumulative 0, interval 0
AddFile(L0 Files): cumulative 0, interval 0
AddFile(Keys): cumulative 0, interval 0
Cumulative compaction: 50.12 GB write, 317.53 MB/s write, 39.49 GB read, 250.13 MB/s read, 381.2 seconds
Interval compaction: 13.07 GB write, 355.82 MB/s write, 11.35 GB read, 308.89 MB/s read, 109.8 seconds
Estimated pending compaction bytes: 8881728756
Write Stall (count): cf-l0-file-count-limit-delays-with-ongoing-compaction: 7, cf-l0-file-count-limit-stops-with-ongoing-compaction: 0, l0-file-count-limit-delays: 7, l0-file-count-limit-stops: 0, memtable-limit-delays: 0, memtable-limit-stops: 110, pending-compaction-bytes-delays: 0, pending-compaction-bytes-stops: 0, total-delays: 7, total-stops: 110
interval: 21 total count
Block cache AutoHyperClockCache@0x5711ef9dd2d0#2018912 capacity: 512.00 MB seed: 591891029 usage: 64.00 KB table_size: 1024 occupancy: 1 collections: 1 last_copies: 3 last_secs: 8.9e-05 secs_since: 161
Block cache entry stats(count,size,portion): Misc(1,0.00 KB,0%)

** File Read Latency Histogram By Level [default] **
** Level 0 read latency histogram (micros):
Count: 4561184 Average: 2.3426  StdDev: 483.21
Min: 0  Median: 1.0477  Max: 853491
Percentiles: P50: 1.05 P75: 1.61 P99: 2.97 P99.9: 3.99 P99.99: 4.63
------------------------------------------------------
[       0,       1 ]  2184202  47.887%  47.887% ##########
(       1,       2 ]  2019572  44.277%  92.164% #########
(       2,       3 ]   322151   7.063%  99.227% #
(       3,       4 ]    30942   0.678%  99.905% 
(       4,       6 ]    12340   0.271% 100.176% 
(       6,      10 ]     5613   0.123% 100.299% 
(      10,      15 ]     1666   0.037% 100.335% 
(      15,      22 ]      806   0.018% 100.353% 
(      22,      34 ]       54   0.001% 100.354% 
(      34,      51 ]       15   0.000% 100.355% 
(      51,      76 ]       65   0.001% 100.356% 
(      76,     110 ]      125   0.003% 100.359% 
(     110,     170 ]        5   0.000% 100.359% 
(     170,     250 ]        3   0.000% 100.359% 
(     380,     580 ]        2   0.000% 100.359% 
(     580,     870 ]        7   0.000% 100.359% 
(     870,    1300 ]       16   0.000% 100.360% 
(    1300,    1900 ]       12   0.000% 100.360% 
(    1900,    2900 ]        1   0.000% 100.360% 
(    2900,    4400 ]        2   0.000% 100.360% 
(    4400,    6600 ]        4   0.000% 100.360% 
(    6600,    9900 ]        1   0.000% 100.360% 
(    9900,   14000 ]        1   0.000% 100.360% 
(   14000,   22000 ]        2   0.000% 100.360% 
(   22000,   33000 ]        4   0.000% 100.360% 
(   33000,   50000 ]        2   0.000% 100.360% 
(   50000,   75000 ]        7   0.000% 100.360% 
(   75000,  110000 ]        4   0.000% 100.360% 
(  110000,  170000 ]        3   0.000% 100.360% 
(  170000,  250000 ]        2   0.000% 100.361% 
(  250000,  380000 ]        2   0.000% 100.361% 
(  570000,  860000 ]        1   0.000% 100.361% 

** Level 1 read latency histogram (micros):
Count: 6271415 Average: 1.6200  StdDev: 2.15
Min: 0  Median: 1.0691  Max: 3012
Percentiles: P50: 1.07 P75: 1.57 P99: 2.66 P99.9: 2.88 P99.99: 2.90
------------------------------------------------------
[       0,       1 ]  2920533  46.569%  46.569% #########
(       1,       2 ]  3114884  49.668%  96.237% ##########
(       2,       3 ]   261373   4.168% 100.405% #
(       3,       4 ]    32861   0.524% 100.929% 
(       4,       6 ]    13372   0.213% 101.142% 
(       6,      10 ]     8934   0.142% 101.284% 
(      10,      15 ]     1815   0.029% 101.313% 
(      15,      22 ]      760   0.012% 101.325% 
(      22,      34 ]       89   0.001% 101.327% 
(      34,      51 ]       54   0.001% 101.328% 
(      51,      76 ]       81   0.001% 101.329% 
(      76,     110 ]      220   0.004% 101.332% 
(     110,     170 ]       48   0.001% 101.333% 
(     170,     250 ]       58   0.001% 101.334% 
(     250,     380 ]       12   0.000% 101.334% 
(     380,     580 ]        2   0.000% 101.334% 
(     580,     870 ]        3   0.000% 101.334% 
(    2900,    4400 ]        2   0.000% 101.334% 


** DB Stats **
Uptime(secs): 161.6 total, 37.6 interval
Cumulative writes: 11M writes, 11M keys, 1447K commit groups, 7.8 writes per commit group, ingest: 10.93 GB, 69.23 MB/s
Cumulative WAL: 11M writes, 0 syncs, 11223814.00 writes per sync, written: 10.93 GB, 69.23 MB/s
Cumulative stall: 00:02:12.778 H:M:S, 82.1 percent
Interval writes: 1886K writes, 1886K keys, 241K commit groups, 7.8 writes per commit group, ingest: 1880.96 MB, 49.99 MB/s
Interval WAL: 1886K writes, 0 syncs, 1886426.00 writes per sync, written: 1.84 GB, 49.99 MB/s
Interval stall: 00:00:34.195 H:M:S, 90.9 percent
Write Stall (count): write-buffer-manager-limit-stops: 0
num-running-compactions: 2
num-running-flushes: 1

2026/08/31-02:15:50  ... thread 4: (120000,702000) ops and (3184.3,4343.0) ops/second in (37.684450,161.639051) seconds
2026/08/31-02:15:50  ... thread 12: (121000,702000) ops and (3209.0,4342.9) ops/second in (37.706486,161.644770) seconds
2026/08/31-02:15:50  ... thread 8: (120000,702000) ops and (3184.8,4342.8) ops/second in (37.679386,161.647974) seconds
2026/08/31-02:15:50  ... thread 7: (120000,703000) ops and (3184.7,4348.9) ops/second in (37.679978,161.648411) seconds
2026/08/31-02:15:50  ... thread 6: (121000,702000) ops and (3209.5,4342.7) ops/second in (37.700150,161.650876) seconds
2026/08/31-02:15:50  ... thread 3: (120000,702000) ops and (3184.0,4342.7) ops/second in (37.688916,161.651824) seconds
2026/08/31-02:16:01  ... thread 2: (143000,756000) ops and (4122.8,4385.7) ops/second in (34.684887,172.379529) seconds
2026/08/31-02:16:01  ... thread 13: (143000,756000) ops and (4124.1,4385.7) ops/second in (34.674256,172.380292) seconds
2026/08/31-02:16:01  ... thread 9: (143000,755000) ops and (4120.7,4379.7) ops/second in (34.702646,172.384588) seconds
2026/08/31-02:16:01  ... thread 5: (143000,755000) ops and (4120.6,4379.5) ops/second in (34.703671,172.395036) seconds
2026/08/31-02:16:01  ... thread 14: (144000,757000) ops and (4148.5,4391.0) ops/second in (34.711168,172.399321) seconds
2026/08/31-02:16:01  ... thread 15: (143000,755000) ops and (4121.6,4379.3) ops/second in (34.695274,172.402573) seconds
2026/08/31-02:16:01  ... thread 10: (144000,756000) ops and (4149.0,4385.0) ops/second in (34.707345,172.404591) seconds
2026/08/31-02:16:22  ... thread 12: (100000,802000) ops and (3096.9,4135.4) ops/second in (32.290337,193.935107) seconds
2026/08/31-02:16:22  ... thread 7: (100000,803000) ops and (3097.0,4140.5) ops/second in (32.289508,193.937919) seconds
2026/08/31-02:16:22  ... thread 11: (101000,803000) ops and (3125.4,4140.3) ops/second in (32.315584,193.945872) seconds
2026/08/31-02:16:22  ... thread 1: (101000,801000) ops and (3125.9,4130.0) ops/second in (32.310535,193.945903) seconds
2026/08/31-02:16:22  ... thread 6: (100000,802000) ops and (3096.4,4135.2) ops/second in (32.295525,193.946401) seconds
2026/08/31-02:16:22  ... thread 3: (101000,803000) ops and (3127.0,4140.2) ops/second in (32.298942,193.950766) seconds
2026/08/31-02:16:22  ... thread 0: (100000,800000) ops and (3094.3,4124.7) ops/second in (32.317555,193.954392) seconds

** Compaction Stats [default] **
Level    Files   Size     Score Read(GB)  Rn(GB) Rnp1(GB) Write(GB) WPreComp(GB) Wnew(GB) Moved(GB) W-Amp Rd(MB/s) Wr(MB/s) Comp(sec) CompMergeCPU(sec) Comp(cnt) Avg(sec) KeyIn KeyDrop Rblob(GB) Wblob(GB)
-------------------------------------------------------------------------------------------------------------------------------------------------------------------------------------------------------------
  L0     13/12     1.95 GB   0.2      9.0     0.0      9.0      21.6      21.6     12.5       0.0   1.7     26.0     62.1    355.31             44.35       242    1.468     21M   8690       0.0       0.0
  L1     57/57     3.76 GB   0.0     37.1    10.6     26.5      36.7      36.7     10.2       0.0   3.5    324.8    321.6    116.86            123.20        14    8.347     37M   375K       0.0       0.0
  L2     82/0      6.46 GB   0.2      0.0     0.0      0.0       0.0       0.0      0.0       6.5   0.0      0.0      0.0      0.00              0.00         0    0.000       0      0       0.0       0.0
 Sum    152/69    12.16 GB   0.0     46.1    10.6     35.5      58.3      58.3     22.8       6.5   4.6    100.0    126.3    472.17            167.55       256    1.844     59M   383K       0.0       0.0
 Int      0/0      0.00 KB   0.0      0.0     0.0      0.0       0.2       0.2      0.2       0.0   1.0      0.0      8.9     20.88              0.31         3    6.961    184K      0       0.0       0.0

** Compaction Stats [default] **
Priority    Files   Size     Score Read(GB)  Rn(GB) Rnp1(GB) Write(GB) WPreComp(GB) Wnew(GB) Moved(GB) W-Amp Rd(MB/s) Wr(MB/s) Comp(sec) CompMergeCPU(sec) Comp(cnt) Avg(sec) KeyIn KeyDrop Rblob(GB) Wblob(GB)
----------------------------------------------------------------------------------------------------------------------------------------------------------------------------------------------------------------
 Low      0/0      0.00 KB   0.0     46.1    10.6     35.5      45.7      45.7     10.2       0.0   0.0    203.5    201.8    231.94            146.16        50    4.639     46M   383K       0.0       0.0
High      0/0      0.00 KB   0.0      0.0     0.0      0.0      12.5      12.5     12.5       0.0   0.0      0.0     53.5    240.23             21.39       206    1.166     12M      0       0.0       0.0

Blob file count: 0, total size: 0.0 GB, garbage size: 0.0 GB, space amp: 0.0

Uptime(secs): 194.0 total, 9.9 interval
Flush(GB): cumulative 12.544, interval 0.182
AddFile(GB): cumulative 0.000, interval 0.000
AddFile(Total Files): cumulative 0, interval 0
AddFile(L0 Files): cumulative 0, interval 0
AddFile(Keys): cumulative 0, interval 0
Cumulative compaction: 58.25 GB write, 307.53 MB/s write, 46.09 GB read, 243.32 MB/s read, 472.2 seconds
Interval compaction: 0.18 GB write, 18.72 MB/s write, 0.00 GB read, 0.00 MB/s read, 20.9 seconds
Estimated pending compaction bytes: 10024270986
Write Stall (count): cf-l0-file-count-limit-delays-with-ongoing-compaction: 7, cf-l0-file-count-limit-stops-with-ongoing-compaction: 0, l0-file-count-limit-delays: 7, l0-file-count-limit-stops: 0, memtable-limit-delays: 0, memtable-limit-stops: 125, pending-compaction-bytes-delays: 0, pending-compaction-bytes-stops: 0, total-delays: 7, total-stops: 125
interval: 1 total count
Block cache AutoHyperClockCache@0x5711ef9dd2d0#2018912 capacity: 512.00 MB seed: 591891029 usage: 5.62 MB table_size: 2495 occupancy: 1335 collections: 2 last_copies: 0 last_secs: 0.00026 secs_since: 9
Block cache entry stats(count,size,portion): Misc(1335,5.47 MB,1.0685%)

** File Read Latency Histogram By Level [default] **
** Level 0 read latency histogram (micros):
Count: 5411348 Average: 2.6565  StdDev: 945.76
Min: 0  Median: 1.0335  Max: 1936092
Percentiles: P50: 1.03 P75: 1.61 P99: 2.97 P99.9: 4.09 P99.99: 4.77
------------------------------------------------------
[       0,       1 ]  2626459  48.536%  48.536% ##########
(       1,       2 ]  2364303  43.692%  92.228% #########
(       2,       3 ]   376611   6.960%  99.187% #
(       3,       4 ]    37948   0.701%  99.889% 
(       4,       6 ]    14283   0.264% 100.153% 
(       6,      10 ]     6450   0.119% 100.272% 
(      10,      15 ]     1971   0.036% 100.308% 
(      15,      22 ]      965   0.018% 100.326% 
(      22,      34 ]       76   0.001% 100.327% 
(      34,      51 ]       18   0.000% 100.328% 
(      51,      76 ]       76   0.001% 100.329% 
(      76,     110 ]      142   0.003% 100.332% 
(     110,     170 ]        5   0.000% 100.332% 
(     170,     250 ]        3   0.000% 100.332% 
(     380,     580 ]        2   0.000% 100.332% 
(     580,     870 ]        7   0.000% 100.332% 
(     870,    1300 ]       21   0.000% 100.332% 
(    1300,    1900 ]       14   0.000% 100.333% 
(    1900,    2900 ]        1   0.000% 100.333% 
(    2900,    4400 ]        2   0.000% 100.333% 
(    4400,    6600 ]        5   0.000% 100.333% 
(    6600,    9900 ]        1   0.000% 100.333% 
(    9900,   14000 ]        1   0.000% 100.333% 
(   14000,   22000 ]        3   0.000% 100.333% 
(   22000,   33000 ]        4   0.000% 100.333% 
(   33000,   50000 ]        4   0.000% 100.333% 
(   50000,   75000 ]        9   0.000% 100.333% 
(   75000,  110000 ]        6   0.000% 100.333% 
(  110000,  170000 ]        3   0.000% 100.333% 
(  170000,  250000 ]        2   0.000% 100.334% 
(  250000,  380000 ]        2   0.000% 100.334% 
(  570000,  860000 ]        1   0.000% 100.334% 
( 1900000, 2900000 ]        1   0.000% 100.334% 

** Level 1 read latency histogram (micros):
Count: 7364741 Average: 1.5895  StdDev: 2.04
Min: 0  Median: 1.0122  Max: 3012
Percentiles: P50: 1.01 P75: 1.55 P99: 2.68 P99.9: 2.90 P99.99: 2.92
------------------------------------------------------
[       0,       1 ]  3640587  49.433%  49.433% ##########
(       1,       2 ]  3438495  46.689%  96.121% #########
(       2,       3 ]   310895   4.221% 100.343% #
(       3,       4 ]    37288   0.506% 100.849% 
(       4,       6 ]    14945   0.203% 101.052% 
(       6,      10 ]    10041   0.136% 101.188% 
(      10,      15 ]     2142   0.029% 101.217% 
(      15,      22 ]      939   0.013% 101.230% 
(      22,      34 ]      111   0.002% 101.232% 
(      34,      51 ]       64   0.001% 101.232% 
(      51,      76 ]      103   0.001% 101.234% 
(      76,     110 ]      232   0.003% 101.237% 
(     110,     170 ]       68   0.001% 101.238% 
(     170,     250 ]       64   0.001% 101.239% 
(     250,     380 ]       12   0.000% 101.239% 
(     380,     580 ]        2   0.000% 101.239% 
(     580,     870 ]        3   0.000% 101.239% 
(    2900,    4400 ]        2   0.000% 101.239% 


** DB Stats **
Uptime(secs): 194.0 total, 9.9 interval
Cumulative writes: 12M writes, 12M keys, 1655K commit groups, 7.8 writes per commit group, ingest: 12.50 GB, 65.99 MB/s
Cumulative WAL: 12M writes, 0 syncs, 12837264.00 writes per sync, written: 12.50 GB, 65.99 MB/s
Cumulative stall: 00:02:42.202 H:M:S, 83.6 percent
Interval writes: 133K writes, 133K keys, 17K commit groups, 7.6 writes per commit group, ingest: 133.16 MB, 13.40 MB/s
Interval WAL: 133K writes, 0 syncs, 133543.00 writes per sync, written: 0.13 GB, 13.40 MB/s
Interval stall: 00:00:16.244 H:M:S, 163.4 percent
Write Stall (count): write-buffer-manager-limit-stops: 0
num-running-compactions: 2
num-running-flushes: 1

2026/08/31-02:16:22  ... thread 8: (101000,803000) ops and (3125.8,4140.0) ops/second in (32.311610,193.959584) seconds
2026/08/31-02:16:22  ... thread 4: (101000,803000) ops and (3124.7,4140.0) ops/second in (32.322663,193.961714) seconds
2026/08/31-02:16:31  ... thread 13: (116000,872000) ops and (3805.0,4298.4) ops/second in (30.486554,202.866846) seconds
2026/08/31-02:16:31  ... thread 9: (116000,871000) ops and (3804.7,4293.3) ops/second in (30.488676,202.873264) seconds
2026/08/31-02:16:31  ... thread 5: (116000,871000) ops and (3798.7,4292.1) ops/second in (30.536737,202.931773) seconds
2026/08/31-02:16:31  ... thread 14: (116000,873000) ops and (3799.2,4301.9) ops/second in (30.532980,202.932301) seconds
2026/08/31-02:16:31  ... thread 15: (116000,871000) ops and (3798.8,4291.9) ops/second in (30.535998,202.938571) seconds
2026/08/31-02:16:31  ... thread 10: (116000,872000) ops and (3798.5,4296.8) ops/second in (30.538082,202.942673) seconds
2026/08/31-02:16:31  ... thread 2: (117000,873000) ops and (3827.6,4301.6) ops/second in (30.567615,202.947144) seconds
2026/08/31-02:16:52  ... thread 7: (104000,907000) ops and (3466.0,4050.1) ops/second in (30.005443,223.943362) seconds
2026/08/31-02:16:52  ... thread 12: (104000,906000) ops and (3465.3,4045.6) ops/second in (30.011692,223.946799) seconds
2026/08/31-02:16:52  ... thread 6: (104000,906000) ops and (3465.4,4045.4) ops/second in (30.011235,223.957636) seconds
2026/08/31-02:17:00  ... thread 1: (105000,906000) ops and (2777.2,3909.3) ops/second in (37.808351,231.754254) seconds
2026/08/31-02:17:00  ... thread 3: (104000,907000) ops and (2751.0,3913.6) ops/second in (37.803958,231.754724) seconds
2026/08/31-02:17:00  ... thread 0: (104000,904000) ops and (2751.2,3900.7) ops/second in (37.801418,231.755810) seconds

** Compaction Stats [default] **
Level    Files   Size     Score Read(GB)  Rn(GB) Rnp1(GB) Write(GB) WPreComp(GB) Wnew(GB) Moved(GB) W-Amp Rd(MB/s) Wr(MB/s) Comp(sec) CompMergeCPU(sec) Comp(cnt) Avg(sec) KeyIn KeyDrop Rblob(GB) Wblob(GB)
-------------------------------------------------------------------------------------------------------------------------------------------------------------------------------------------------------------
  L0      8/4    684.57 MB   1.0     10.5     0.0     10.5      24.7      24.7     14.2       0.0   1.7     24.0     56.5    447.79             50.80       276    1.622     25M    10K       0.0       0.0
  L1     78/15     5.16 GB   1.0     47.8    13.6     34.2      47.3      47.3     13.1       0.0   3.5    304.8    301.6    160.54            154.59        16   10.034     48M   508K       0.0       0.0
  L2     96/19     7.91 GB   0.2      0.1     0.1      0.1       0.1       0.1      0.1       7.9   1.8     15.4     14.9      8.74              0.36         1    8.738    134K   4303       0.0       0.0
 Sum    182/38    13.73 GB   0.0     58.4    13.6     44.8      72.1      72.1     27.4       7.9   5.1     96.9    119.7    617.07            205.74       293    2.106     73M   522K       0.0       0.0
 Int      0/0      0.00 KB   0.0     12.3     3.0      9.3      14.1      14.1      4.8       1.4   7.4     76.0     86.8    165.78             38.50        40    4.144     14M   139K       0.0       0.0

** Compaction Stats [default] **
Priority    Files   Size     Score Read(GB)  Rn(GB) Rnp1(GB) Write(GB) WPreComp(GB) Wnew(GB) Moved(GB) W-Amp Rd(MB/s) Wr(MB/s) Comp(sec) CompMergeCPU(sec) Comp(cnt) Avg(sec) KeyIn KeyDrop Rblob(GB) Wblob(GB)
----------------------------------------------------------------------------------------------------------------------------------------------------------------------------------------------------------------
 Low      0/0      0.00 KB   0.0     58.4    13.6     44.8      57.9      57.9     13.1       0.0   0.0    193.3    191.6    309.34            181.45        59    5.243     59M   522K       0.0       0.0
High      0/0      0.00 KB   0.0      0.0     0.0      0.0      14.3      14.3     14.3       0.0   0.0      0.0     47.4    307.73             24.29       234    1.315     14M      0       0.0       0.0

Blob file count: 0, total size: 0.0 GB, garbage size: 0.0 GB, space amp: 0.0

Uptime(secs): 231.8 total, 47.7 interval
Flush(GB): cumulative 14.250, interval 1.887
AddFile(GB): cumulative 0.000, interval 0.000
AddFile(Total Files): cumulative 0, interval 0
AddFile(L0 Files): cumulative 0, interval 0
AddFile(Keys): cumulative 0, interval 0
Cumulative compaction: 72.13 GB write, 318.67 MB/s write, 58.40 GB read, 258.01 MB/s read, 617.1 seconds
Interval compaction: 14.06 GB write, 301.49 MB/s write, 12.31 GB read, 263.97 MB/s read, 165.8 seconds
Estimated pending compaction bytes: 10884231636
Write Stall (count): cf-l0-file-count-limit-delays-with-ongoing-compaction: 7, cf-l0-file-count-limit-stops-with-ongoing-compaction: 0, l0-file-count-limit-delays: 7, l0-file-count-limit-stops: 0, memtable-limit-delays: 0, memtable-limit-stops: 143, pending-compaction-bytes-delays: 0, pending-compaction-bytes-stops: 0, total-delays: 7, total-stops: 143
interval: 19 total count
Block cache AutoHyperClockCache@0x5711ef9dd2d0#2018912 capacity: 512.00 MB seed: 591891029 usage: 5.62 MB table_size: 2495 occupancy: 1335 collections: 2 last_copies: 0 last_secs: 0.00026 secs_since: 47
Block cache entry stats(count,size,portion): Misc(1335,5.47 MB,1.0685%)

** File Read Latency Histogram By Level [default] **
** Level 0 read latency histogram (micros):
Count: 6130971 Average: 3.1384  StdDev: 1228.72
Min: 0  Median: 1.0056  Max: 1936092
Percentiles: P50: 1.01 P75: 1.59 P99: 2.97 P99.9: 4.15 P99.99: 4.87
------------------------------------------------------
[       0,       1 ]  3050732  49.759%  49.759% ##########
(       1,       2 ]  2617900  42.700%  92.459% #########
(       2,       3 ]   413273   6.741%  99.200% #
(       3,       4 ]    41796   0.682%  99.881% 
(       4,       6 ]    15362   0.251% 100.132% 
(       6,      10 ]     7133   0.116% 100.248% 
(      10,      15 ]     2144   0.035% 100.283% 
(      15,      22 ]     1050   0.017% 100.300% 
(      22,      34 ]       80   0.001% 100.302% 
(      34,      51 ]       18   0.000% 100.302% 
(      51,      76 ]       81   0.001% 100.303% 
(      76,     110 ]      169   0.003% 100.306% 
(     110,     170 ]        5   0.000% 100.306% 
(     170,     250 ]        4   0.000% 100.306% 
(     250,     380 ]        1   0.000% 100.306% 
(     380,     580 ]        2   0.000% 100.306% 
(     580,     870 ]        7   0.000% 100.306% 
(     870,    1300 ]       25   0.000% 100.307% 
(    1300,    1900 ]       15   0.000% 100.307% 
(    1900,    2900 ]        1   0.000% 100.307% 
(    2900,    4400 ]        3   0.000% 100.307% 
(    4400,    6600 ]        5   0.000% 100.307% 
(    6600,    9900 ]        1   0.000% 100.307% 
(    9900,   14000 ]        1   0.000% 100.307% 
(   14000,   22000 ]        3   0.000% 100.307% 
(   22000,   33000 ]        6   0.000% 100.307% 
(   33000,   50000 ]        5   0.000% 100.307% 
(   50000,   75000 ]       10   0.000% 100.308% 
(   75000,  110000 ]        7   0.000% 100.308% 
(  110000,  170000 ]        5   0.000% 100.308% 
(  170000,  250000 ]        2   0.000% 100.308% 
(  250000,  380000 ]        2   0.000% 100.308% 
(  380000,  570000 ]        1   0.000% 100.308% 
(  570000,  860000 ]        1   0.000% 100.308% 
( 1200000, 1900000 ]        2   0.000% 100.308% 
( 1900000, 2900000 ]        1   0.000% 100.308% 

** Level 1 read latency histogram (micros):
Count: 8857206 Average: 1.5642  StdDev: 2.18
Min: 0  Median: 0.9675  Max: 3013
Percentiles: P50: 0.97 P75: 1.52 P99: 2.68 P99.9: 2.90 P99.99: 2.92
------------------------------------------------------
[       0,       1 ]  4577388  51.680%  51.680% ##########
(       1,       2 ]  3944183  44.531%  96.211% #########
(       2,       3 ]   364749   4.118% 100.329% #
(       3,       4 ]    42124   0.476% 100.804% 
(       4,       6 ]    16783   0.189% 100.994% 
(       6,      10 ]    11649   0.132% 101.125% 
(      10,      15 ]     2511   0.028% 101.154% 
(      15,      22 ]     1124   0.013% 101.166% 
(      22,      34 ]      140   0.002% 101.168% 
(      34,      51 ]       78   0.001% 101.169% 
(      51,      76 ]      152   0.002% 101.171% 
(      76,     110 ]      286   0.003% 101.174% 
(     110,     170 ]       87   0.001% 101.175% 
(     170,     250 ]       79   0.001% 101.176% 
(     250,     380 ]       12   0.000% 101.176% 
(     380,     580 ]        2   0.000% 101.176% 
(     580,     870 ]        3   0.000% 101.176% 
(    2900,    4400 ]        3   0.000% 101.176% 

** Level 2 read latency histogram (micros):
Count: 12 Average: 1969.5833  StdDev: 6473.03
Min: 1  Median: 4.0000  Max: 23438
Percentiles: P50: 4.00 P75: 15.00 P99: 23438.00 P99.9: 23438.00 P99.99: 23438.00
------------------------------------------------------
[       0,       1 ]        2  16.667%  16.667% ###
(       1,       2 ]        2  16.667%  33.333% ###
(       2,       3 ]        1   8.333%  41.667% ##
(       3,       4 ]        1   8.333%  50.000% ##
(       6,      10 ]        2  16.667%  66.667% ###
(      10,      15 ]        1   8.333%  75.000% ##
(      51,      76 ]        1   8.333%  83.333% ##
(      76,     110 ]        1   8.333%  91.667% ##
(   22000,   33000 ]        1   8.333% 100.000% ##


** DB Stats **
Uptime(secs): 231.8 total, 37.8 interval
Cumulative writes: 14M writes, 14M keys, 1868K commit groups, 7.8 writes per commit group, ingest: 14.12 GB, 62.39 MB/s
Cumulative WAL: 14M writes, 0 syncs, 14502897.00 writes per sync, written: 14.12 GB, 62.39 MB/s
Cumulative stall: 00:03:17.088 H:M:S, 85.0 percent
Interval writes: 1665K writes, 1665K keys, 212K commit groups, 7.8 writes per commit group, ingest: 1660.80 MB, 43.93 MB/s
Interval WAL: 1665K writes, 0 syncs, 1665633.00 writes per sync, written: 1.62 GB, 43.93 MB/s
Interval stall: 00:00:34.886 H:M:S, 92.3 percent
Write Stall (count): write-buffer-manager-limit-stops: 0
num-running-compactions: 16
num-running-flushes: 1

2026/08/31-02:17:00  ... thread 4: (104000,907000) ops and (2751.6,3913.6) ops/second in (37.795662,231.757376) seconds
2026/08/31-02:17:00  ... thread 11: (104000,907000) ops and (2750.3,3913.5) ops/second in (37.814082,231.759954) seconds
2026/08/31-02:17:00  ... thread 8: (105000,908000) ops and (2776.0,3917.4) ops/second in (37.824770,231.784354) seconds
2026/08/31-02:17:01  ... thread 10: (48000,920000) ops and (1597.2,3948.6) ops/second in (30.052451,232.995124) seconds
2026/08/31-02:17:01  ... thread 2: (48000,921000) ops and (1597.4,3952.9) ops/second in (30.049183,232.996327) seconds
2026/08/31-02:17:01  ... thread 14: (48000,921000) ops and (1596.3,3952.8) ops/second in (30.068855,233.001156) seconds
2026/08/31-02:17:01  ... thread 9: (49000,920000) ops and (1625.9,3948.3) ops/second in (30.136329,233.009593) seconds
2026/08/31-02:17:01  ... thread 5: (49000,920000) ops and (1628.3,3948.1) ops/second in (30.093560,233.025333) seconds
2026/08/31-02:17:01  ... thread 13: (50000,922000) ops and (1657.9,3956.6) ops/second in (30.158664,233.025510) seconds
2026/08/31-02:17:01  ... thread 15: (49000,920000) ops and (1628.6,3948.1) ops/second in (30.087676,233.026247) seconds
2026/08/31-02:17:22  ... thread 7: (41000,948000) ops and (1366.7,3733.1) ops/second in (30.000299,253.943661) seconds
2026/08/31-02:17:22  ... thread 12: (41000,947000) ops and (1366.4,3729.1) ops/second in (30.004842,253.951641) seconds
2026/08/31-02:17:22  ... thread 6: (42000,948000) ops and (1399.1,3732.6) ops/second in (30.019388,253.977024) seconds
2026/08/31-02:17:30  ... thread 8: (57000,965000) ops and (1881.3,3682.0) ops/second in (30.298325,262.082679) seconds
2026/08/31-02:17:30  ... thread 4: (58000,965000) ops and (1912.2,3682.0) ops/second in (30.331773,262.089149) seconds
2026/08/31-02:17:30  ... thread 0: (58000,962000) ops and (1912.1,3670.5) ops/second in (30.333546,262.089356) seconds

** Compaction Stats [default] **
Level    Files   Size     Score Read(GB)  Rn(GB) Rnp1(GB) Write(GB) WPreComp(GB) Wnew(GB) Moved(GB) W-Amp Rd(MB/s) Wr(MB/s) Comp(sec) CompMergeCPU(sec) Comp(cnt) Avg(sec) KeyIn KeyDrop Rblob(GB) Wblob(GB)
-------------------------------------------------------------------------------------------------------------------------------------------------------------------------------------------------------------
  L0      9/9    933.65 MB   0.0     11.2     0.0     11.2      26.4      26.4     15.2       0.0   1.7     21.8     51.2    527.70             54.35       294    1.795     26M    10K       0.0       0.0
  L1     60/60     4.00 GB   0.0     52.4    14.2     38.2      51.9      51.9     13.7       0.0   3.6    296.1    293.1    181.32            168.25        17   10.666     53M   536K       0.0       0.0
  L2    137/0      9.61 GB   0.2      3.3     1.8      1.5       3.2       3.2      1.7       7.9   1.8     21.2     20.5    159.19              9.41        23    6.921   3353K   105K       0.0       0.0
 Sum    206/69    14.51 GB   0.0     66.9    16.0     50.9      81.4      81.4     30.6       7.9   5.4     78.9     96.1    868.20            232.01       334    2.599     83M   653K       0.0       0.0
 Int      0/0      0.00 KB   0.0      6.3     1.3      5.0       6.8       6.8      1.8       0.0  12.3     71.3     76.8     90.05             19.06        20    4.503   6941K    67K       0.0       0.0

** Compaction Stats [default] **
Priority    Files   Size     Score Read(GB)  Rn(GB) Rnp1(GB) Write(GB) WPreComp(GB) Wnew(GB) Moved(GB) W-Amp Rd(MB/s) Wr(MB/s) Comp(sec) CompMergeCPU(sec) Comp(cnt) Avg(sec) KeyIn KeyDrop Rblob(GB) Wblob(GB)
----------------------------------------------------------------------------------------------------------------------------------------------------------------------------------------------------------------
 Low      0/0      0.00 KB   0.0     66.9    16.0     50.9      66.3      66.3     15.4       0.0   0.0    134.3    133.0    510.47            205.99        85    6.006     68M   653K       0.0       0.0
High      0/0      0.00 KB   0.0      0.0     0.0      0.0      15.2      15.2     15.2       0.0   0.0      0.0     43.4    357.74             26.02       249    1.437     15M      0       0.0       0.0

Blob file count: 0, total size: 0.0 GB, garbage size: 0.0 GB, space amp: 0.0

Uptime(secs): 262.1 total, 18.1 interval
Flush(GB): cumulative 15.162, interval 0.547
AddFile(GB): cumulative 0.000, interval 0.000
AddFile(Total Files): cumulative 0, interval 0
AddFile(L0 Files): cumulative 0, interval 0
AddFile(Keys): cumulative 0, interval 0
Cumulative compaction: 81.45 GB write, 318.22 MB/s write, 66.93 GB read, 261.51 MB/s read, 868.2 seconds
Interval compaction: 6.75 GB write, 382.90 MB/s write, 6.27 GB read, 355.66 MB/s read, 90.1 seconds
Estimated pending compaction bytes: 8153344912
Write Stall (count): cf-l0-file-count-limit-delays-with-ongoing-compaction: 7, cf-l0-file-count-limit-stops-with-ongoing-compaction: 0, l0-file-count-limit-delays: 7, l0-file-count-limit-stops: 0, memtable-limit-delays: 0, memtable-limit-stops: 159, pending-compaction-bytes-delays: 0, pending-compaction-bytes-stops: 0, total-delays: 7, total-stops: 159
interval: 6 total count
Block cache AutoHyperClockCache@0x5711ef9dd2d0#2018912 capacity: 512.00 MB seed: 591891029 usage: 5.62 MB table_size: 2495 occupancy: 1335 collections: 2 last_copies: 1 last_secs: 0.00026 secs_since: 78
Block cache entry stats(count,size,portion): Misc(1335,5.47 MB,1.0685%)

** File Read Latency Histogram By Level [default] **
** Level 0 read latency histogram (micros):
Count: 6508101 Average: 4.3974  StdDev: 2594.85
Min: 0  Median: 0.9989  Max: 4154556
Percentiles: P50: 1.00 P75: 1.59 P99: 2.97 P99.9: 4.25 P99.99: 4.96
------------------------------------------------------
[       0,       1 ]  3257739  50.057%  50.057% ##########
(       1,       2 ]  2756270  42.351%  92.408% ########
(       2,       3 ]   441135   6.778%  99.186% #
(       3,       4 ]    44424   0.683%  99.869% 
(       4,       6 ]    16394   0.252% 100.121% 
(       6,      10 ]     7573   0.116% 100.237% 
(      10,      15 ]     2281   0.035% 100.272% 
(      15,      22 ]     1135   0.017% 100.290% 
(      22,      34 ]       87   0.001% 100.291% 
(      34,      51 ]       21   0.000% 100.291% 
(      51,      76 ]       87   0.001% 100.293% 
(      76,     110 ]      182   0.003% 100.295% 
(     110,     170 ]        6   0.000% 100.296% 
(     170,     250 ]        4   0.000% 100.296% 
(     250,     380 ]        2   0.000% 100.296% 
(     380,     580 ]        2   0.000% 100.296% 
(     580,     870 ]        7   0.000% 100.296% 
(     870,    1300 ]       27   0.000% 100.296% 
(    1300,    1900 ]       15   0.000% 100.296% 
(    1900,    2900 ]        1   0.000% 100.296% 
(    2900,    4400 ]        3   0.000% 100.296% 
(    4400,    6600 ]        6   0.000% 100.297% 
(    6600,    9900 ]        1   0.000% 100.297% 
(    9900,   14000 ]        1   0.000% 100.297% 
(   14000,   22000 ]        3   0.000% 100.297% 
(   22000,   33000 ]        7   0.000% 100.297% 
(   33000,   50000 ]        5   0.000% 100.297% 
(   50000,   75000 ]       12   0.000% 100.297% 
(   75000,  110000 ]        9   0.000% 100.297% 
(  110000,  170000 ]        6   0.000% 100.297% 
(  170000,  250000 ]        2   0.000% 100.297% 
(  250000,  380000 ]        2   0.000% 100.297% 
(  380000,  570000 ]        1   0.000% 100.297% 
(  570000,  860000 ]        1   0.000% 100.297% 
( 1200000, 1900000 ]        2   0.000% 100.297% 
( 1900000, 2900000 ]        1   0.000% 100.297% 
( 2900000, 4300000 ]        2   0.000% 100.297% 

** Level 1 read latency histogram (micros):
Count: 10647355 Average: 1.5425  StdDev: 2.03
Min: 0  Median: 0.9316  Max: 3013
Percentiles: P50: 0.93 P75: 1.50 P99: 2.68 P99.9: 2.90 P99.99: 2.92
------------------------------------------------------
[       0,       1 ]  5714364  53.669%  53.669% ###########
(       1,       2 ]  4523010  42.480%  96.149% ########
(       2,       3 ]   443441   4.165% 100.314% #
(       3,       4 ]    48433   0.455% 100.769% 
(       4,       6 ]    19485   0.183% 100.952% 
(       6,      10 ]    13472   0.127% 101.079% 
(      10,      15 ]     3034   0.028% 101.107% 
(      15,      22 ]     1436   0.013% 101.121% 
(      22,      34 ]      161   0.002% 101.122% 
(      34,      51 ]       88   0.001% 101.123% 
(      51,      76 ]      168   0.002% 101.125% 
(      76,     110 ]      308   0.003% 101.127% 
(     110,     170 ]      110   0.001% 101.128% 
(     170,     250 ]       84   0.001% 101.129% 
(     250,     380 ]       13   0.000% 101.129% 
(     380,     580 ]        2   0.000% 101.129% 
(     580,     870 ]        3   0.000% 101.129% 
(    2900,    4400 ]        3   0.000% 101.129% 

** Level 2 read latency histogram (micros):
Count: 272 Average: 399.3015  StdDev: 3699.23
Min: 0  Median: 3.3750  Max: 52413
Percentiles: P50: 3.38 P75: 13.75 P99: 1222.60 P99.9: 30008.00 P99.99: 32700.80
------------------------------------------------------
[       0,       1 ]       42  15.441%  15.441% ###
(       1,       2 ]       79  29.044%  44.485% ######
(       2,       3 ]        9   3.309%  47.794% #
(       3,       4 ]       16   5.882%  53.676% #
(       4,       6 ]       12   4.412%  58.088% #
(       6,      10 ]       40  14.706%  72.794% ###
(      10,      15 ]        8   2.941%  75.735% #
(      15,      22 ]        3   1.103%  76.838% 
(      22,      34 ]        1   0.368%  77.206% 
(      34,      51 ]        6   2.206%  79.412% 
(      51,      76 ]       30  11.029%  90.441% ##
(      76,     110 ]       15   5.515%  95.956% #
(     380,     580 ]        3   1.103%  97.059% 
(     580,     870 ]        2   0.735%  97.794% 
(     870,    1300 ]        4   1.471%  99.265% 
(   14000,   22000 ]        1   0.368%  99.632% 
(   22000,   33000 ]        1   0.368% 100.000% 
(   50000,   75000 ]        1   0.368% 100.368% 


** DB Stats **
Uptime(secs): 262.1 total, 18.1 interval
Cumulative writes: 15M writes, 15M keys, 1988K commit groups, 7.8 writes per commit group, ingest: 15.03 GB, 58.71 MB/s
Cumulative WAL: 15M writes, 0 syncs, 15432445.00 writes per sync, written: 15.03 GB, 58.71 MB/s
Cumulative stall: 00:03:45.506 H:M:S, 86.0 percent
Interval writes: 560K writes, 560K keys, 71K commit groups, 7.8 writes per commit group, ingest: 558.52 MB, 30.92 MB/s
Interval WAL: 560K writes, 0 syncs, 560129.00 writes per sync, written: 0.55 GB, 30.92 MB/s
Interval stall: 00:00:25.287 H:M:S, 140.0 percent
Write Stall (count): write-buffer-manager-limit-stops: 0
num-running-compactions: 2
num-running-flushes: 0

2026/08/31-02:17:30  ... thread 11: (58000,965000) ops and (1912.1,3681.9) ops/second in (30.333134,262.093088) seconds
2026/08/31-02:17:30  ... thread 3: (58000,965000) ops and (1911.6,3681.9) ops/second in (30.341139,262.095863) seconds
2026/08/31-02:17:31  ... thread 1: (59000,965000) ops and (1937.6,3680.3) ops/second in (30.450118,262.204372) seconds
2026/08/31-02:17:40  ... thread 14: (52000,973000) ops and (1329.5,3575.7) ops/second in (39.112541,272.113697) seconds
2026/08/31-02:17:40  ... thread 15: (51000,971000) ops and (1304.7,3568.3) ops/second in (39.089827,272.116074) seconds
2026/08/31-02:17:40  ... thread 5: (51000,971000) ops and (1304.6,3568.3) ops/second in (39.093189,272.118522) seconds
2026/08/31-02:17:40  ... thread 10: (52000,972000) ops and (1329.0,3571.9) ops/second in (39.128357,272.123481) seconds
2026/08/31-02:17:40  ... thread 2: (52000,973000) ops and (1328.9,3575.5) ops/second in (39.129701,272.126028) seconds
2026/08/31-02:17:40  ... thread 9: (52000,972000) ops and (1329.1,3571.8) ops/second in (39.123462,272.133055) seconds
2026/08/31-02:17:40  ... thread 13: (52000,974000) ops and (1329.7,3579.1) ops/second in (39.107910,272.133420) seconds
2026/08/31-02:17:52  ... thread 12: (99000,1046000) ops and (3282.8,3681.7) ops/second in (30.157001,284.108642) seconds
2026/08/31-02:17:52  ... thread 7: (99000,1047000) ops and (3281.5,3685.2) ops/second in (30.169267,284.112928) seconds
2026/08/31-02:17:52  ... thread 6: (97000,1045000) ops and (3218.4,3678.1) ops/second in (30.139589,284.116613) seconds
2026/08/31-02:18:02  ... thread 4: (85000,1050000) ops and (2699.6,3576.6) ops/second in (31.486463,293.575612) seconds
2026/08/31-02:18:02  ... thread 11: (85000,1050000) ops and (2694.0,3575.8) ops/second in (31.551453,293.644541) seconds
2026/08/31-02:18:02  ... thread 8: (86000,1051000) ops and (2724.1,3579.1) ops/second in (31.569566,293.652245) seconds
2026/08/31-02:18:02  ... thread 1: (85000,1050000) ops and (2702.5,3575.6) ops/second in (31.452437,293.656809) seconds
2026/08/31-02:18:02  ... thread 0: (86000,1048000) ops and (2724.2,3568.8) ops/second in (31.568745,293.658101) seconds

** Compaction Stats [default] **
Level    Files   Size     Score Read(GB)  Rn(GB) Rnp1(GB) Write(GB) WPreComp(GB) Wnew(GB) Moved(GB) W-Amp Rd(MB/s) Wr(MB/s) Comp(sec) CompMergeCPU(sec) Comp(cnt) Avg(sec) KeyIn KeyDrop Rblob(GB) Wblob(GB)
-------------------------------------------------------------------------------------------------------------------------------------------------------------------------------------------------------------
  L0     10/7      1.52 GB   0.8     12.4     0.0     12.4      28.9      28.9     16.5       0.0   1.8     21.1     49.0    604.29             59.75       321    1.883     29M    11K       0.0       0.0
  L1     62/62     3.95 GB   0.0     57.1    14.9     42.2      56.5      56.5     14.3       0.0   3.8    293.6    290.7    199.16            182.65        18   11.065     58M   565K       0.0       0.0
  L2    152/0     10.25 GB   0.3      4.5     2.4      2.0       4.3       4.3      2.3       8.0   1.8     21.7     21.0    209.64             12.82        30    6.988   4531K   145K       0.0       0.0
 Sum    224/69    15.72 GB   0.0     74.0    17.3     56.6      89.8      89.8     33.1       8.0   5.4     74.8     90.7   1013.09            255.21       369    2.745     92M   722K       0.0       0.0
 Int      0/0      0.00 KB   0.0     13.3     2.6     10.7      15.1      15.1      4.3       0.1   8.0     58.0     65.6    234.93             42.26        55    4.272     15M   137K       0.0       0.0

** Compaction Stats [default] **
Priority    Files   Size     Score Read(GB)  Rn(GB) Rnp1(GB) Write(GB) WPreComp(GB) Wnew(GB) Moved(GB) W-Amp Rd(MB/s) Wr(MB/s) Comp(sec) CompMergeCPU(sec) Comp(cnt) Avg(sec) KeyIn KeyDrop Rblob(GB) Wblob(GB)
----------------------------------------------------------------------------------------------------------------------------------------------------------------------------------------------------------------
 Low      0/0      0.00 KB   0.0     74.0    17.3     56.6      73.3      73.3     16.6       0.0   0.0    126.0    124.8    601.06            226.93        98    6.133     75M   722K       0.0       0.0
High      0/0      0.00 KB   0.0      0.0     0.0      0.0      16.5      16.5     16.5       0.0   0.0      0.0     41.0    412.02             28.29       271    1.520     16M      0       0.0       0.0

Blob file count: 0, total size: 0.0 GB, garbage size: 0.0 GB, space amp: 0.0

Uptime(secs): 293.7 total, 49.6 interval
Flush(GB): cumulative 16.500, interval 1.884
AddFile(GB): cumulative 0.000, interval 0.000
AddFile(Total Files): cumulative 0, interval 0
AddFile(L0 Files): cumulative 0, interval 0
AddFile(Keys): cumulative 0, interval 0
Cumulative compaction: 89.75 GB write, 312.97 MB/s write, 73.97 GB read, 257.93 MB/s read, 1013.1 seconds
Interval compaction: 15.06 GB write, 310.70 MB/s write, 13.31 GB read, 274.62 MB/s read, 234.9 seconds
Estimated pending compaction bytes: 10408063786
Write Stall (count): cf-l0-file-count-limit-delays-with-ongoing-compaction: 7, cf-l0-file-count-limit-stops-with-ongoing-compaction: 0, l0-file-count-limit-delays: 7, l0-file-count-limit-stops: 0, memtable-limit-delays: 0, memtable-limit-stops: 174, pending-compaction-bytes-delays: 0, pending-compaction-bytes-stops: 0, total-delays: 7, total-stops: 174
interval: 21 total count
Block cache AutoHyperClockCache@0x5711ef9dd2d0#2018912 capacity: 512.00 MB seed: 591891029 usage: 5.62 MB table_size: 2495 occupancy: 1335 collections: 2 last_copies: 1 last_secs: 0.00026 secs_since: 109
Block cache entry stats(count,size,portion): Misc(1335,5.47 MB,1.0685%)

** File Read Latency Histogram By Level [default] **
** Level 0 read latency histogram (micros):
Count: 7058628 Average: 4.2364  StdDev: 2493.03
Min: 0  Median: 0.9912  Max: 4154556
Percentiles: P50: 0.99 P75: 1.58 P99: 2.98 P99.9: 4.37 P99.99: 5.07
------------------------------------------------------
[       0,       1 ]  3560789  50.446%  50.446% ##########
(       1,       2 ]  2963125  41.979%  92.425% ########
(       2,       3 ]   474536   6.723%  99.147% #
(       3,       4 ]    49736   0.705%  99.852% 
(       4,       6 ]    18220   0.258% 100.110% 
(       6,      10 ]     8145   0.115% 100.226% 
(      10,      15 ]     2412   0.034% 100.260% 
(      15,      22 ]     1212   0.017% 100.277% 
(      22,      34 ]       98   0.001% 100.278% 
(      34,      51 ]       21   0.000% 100.279% 
(      51,      76 ]       97   0.001% 100.280% 
(      76,     110 ]      198   0.003% 100.283% 
(     110,     170 ]        7   0.000% 100.283% 
(     170,     250 ]        5   0.000% 100.283% 
(     250,     380 ]        4   0.000% 100.283% 
(     380,     580 ]        2   0.000% 100.283% 
(     580,     870 ]        8   0.000% 100.283% 
(     870,    1300 ]       28   0.000% 100.284% 
(    1300,    1900 ]       16   0.000% 100.284% 
(    1900,    2900 ]        2   0.000% 100.284% 
(    2900,    4400 ]        3   0.000% 100.284% 
(    4400,    6600 ]        6   0.000% 100.284% 
(    6600,    9900 ]        1   0.000% 100.284% 
(    9900,   14000 ]        2   0.000% 100.284% 
(   14000,   22000 ]        4   0.000% 100.284% 
(   22000,   33000 ]        7   0.000% 100.284% 
(   33000,   50000 ]        5   0.000% 100.284% 
(   50000,   75000 ]       14   0.000% 100.284% 
(   75000,  110000 ]       10   0.000% 100.285% 
(  110000,  170000 ]        6   0.000% 100.285% 
(  170000,  250000 ]        3   0.000% 100.285% 
(  250000,  380000 ]        2   0.000% 100.285% 
(  380000,  570000 ]        1   0.000% 100.285% 
(  570000,  860000 ]        1   0.000% 100.285% 
( 1200000, 1900000 ]        2   0.000% 100.285% 
( 1900000, 2900000 ]        1   0.000% 100.285% 
( 2900000, 4300000 ]        2   0.000% 100.285% 

** Level 1 read latency histogram (micros):
Count: 11917913 Average: 1.5356  StdDev: 1.94
Min: 0  Median: 0.9200  Max: 3013
Percentiles: P50: 0.92 P75: 1.50 P99: 2.70 P99.9: 2.91 P99.99: 2.94
------------------------------------------------------
[       0,       1 ]  6477102  54.348%  54.348% ###########
(       1,       2 ]  4971700  41.716%  96.064% ########
(       2,       3 ]   500287   4.198% 100.262% #
(       3,       4 ]    56565   0.475% 100.736% 
(       4,       6 ]    21417   0.180% 100.916% 
(       6,      10 ]    14782   0.124% 101.040% 
(      10,      15 ]     3390   0.028% 101.068% 
(      15,      22 ]     1624   0.014% 101.082% 
(      22,      34 ]      191   0.002% 101.084% 
(      34,      51 ]       93   0.001% 101.084% 
(      51,      76 ]      194   0.002% 101.086% 
(      76,     110 ]      326   0.003% 101.089% 
(     110,     170 ]      123   0.001% 101.090% 
(     170,     250 ]       86   0.001% 101.091% 
(     250,     380 ]       13   0.000% 101.091% 
(     380,     580 ]        2   0.000% 101.091% 
(     580,     870 ]        3   0.000% 101.091% 
(    2900,    4400 ]        3   0.000% 101.091% 

** Level 2 read latency histogram (micros):
Count: 878 Average: 168.5535  StdDev: 2413.53
Min: 0  Median: 1.4108  Max: 52413
Percentiles: P50: 1.41 P75: 1.95 P99: 611.90 P99.9: 35074.00 P99.99: 48507.40
------------------------------------------------------
[       0,       1 ]      271  30.866%  30.866% ######
(       1,       2 ]      409  46.583%  77.449% #########
(       2,       3 ]       11   1.253%  78.702% 
(       3,       4 ]       19   2.164%  80.866% 
(       4,       6 ]       19   2.164%  83.030% 
(       6,      10 ]       49   5.581%  88.610% #
(      10,      15 ]       12   1.367%  89.977% 
(      15,      22 ]        6   0.683%  90.661% 
(      22,      34 ]        2   0.228%  90.888% 
(      34,      51 ]        7   0.797%  91.686% 
(      51,      76 ]       41   4.670%  96.355% #
(      76,     110 ]       20   2.278%  98.633% 
(     380,     580 ]        3   0.342%  98.975% 
(     580,     870 ]        2   0.228%  99.203% 
(     870,    1300 ]        4   0.456%  99.658% 
(   14000,   22000 ]        1   0.114%  99.772% 
(   22000,   33000 ]        1   0.114%  99.886% 
(   33000,   50000 ]        1   0.114% 100.000% 
(   50000,   75000 ]        1   0.114% 100.114% 


** DB Stats **
Uptime(secs): 293.7 total, 31.6 interval
Cumulative writes: 16M writes, 16M keys, 2164K commit groups, 7.8 writes per commit group, ingest: 16.36 GB, 57.05 MB/s
Cumulative WAL: 16M writes, 0 syncs, 16801714.00 writes per sync, written: 16.36 GB, 57.05 MB/s
Cumulative stall: 00:04:14.062 H:M:S, 86.5 percent
Interval writes: 1369K writes, 1369K keys, 176K commit groups, 7.8 writes per commit group, ingest: 1365.32 MB, 43.25 MB/s
Interval WAL: 1369K writes, 0 syncs, 1369269.00 writes per sync, written: 1.33 GB, 43.25 MB/s
Interval stall: 00:00:28.556 H:M:S, 90.5 percent
Write Stall (count): write-buffer-manager-limit-stops: 0
num-running-compactions: 1
num-running-flushes: 1

2026/08/31-02:18:02  ... thread 3: (85000,1050000) ops and (2692.8,3575.6) ops/second in (31.565235,293.661098) seconds
2026/08/31-02:18:14  ... thread 15: (85000,1056000) ops and (2531.9,3454.5) ops/second in (33.571841,305.687915) seconds
2026/08/31-02:18:14  ... thread 9: (84000,1056000) ops and (2503.2,3454.5) ops/second in (33.557434,305.690489) seconds
2026/08/31-02:18:14  ... thread 14: (85000,1058000) ops and (2531.2,3461.0) ops/second in (33.580834,305.694531) seconds
2026/08/31-02:18:14  ... thread 2: (85000,1058000) ops and (2531.7,3460.9) ops/second in (33.574767,305.700795) seconds
2026/08/31-02:18:14  ... thread 13: (85000,1059000) ops and (2531.9,3464.1) ops/second in (33.571051,305.704471) seconds
2026/08/31-02:18:14  ... thread 10: (85000,1057000) ops and (2531.0,3457.6) ops/second in (33.584044,305.707525) seconds
2026/08/31-02:18:14  ... thread 5: (85000,1056000) ops and (2530.5,3454.3) ops/second in (33.590339,305.708861) seconds
2026/08/31-02:18:25  ... thread 12: (35000,1081000) ops and (1085.8,3417.2) ops/second in (32.234831,316.343473) seconds
2026/08/31-02:18:25  ... thread 7: (36000,1083000) ops and (1115.9,3423.2) ops/second in (32.259599,316.372527) seconds
2026/08/31-02:18:25  ... thread 6: (36000,1081000) ops and (1116.0,3416.8) ops/second in (32.258265,316.374878) seconds
2026/08/31-02:18:36  ... thread 4: (97000,1147000) ops and (2819.7,3497.2) ops/second in (34.400919,327.976531) seconds
2026/08/31-02:18:36  ... thread 1: (97000,1147000) ops and (2825.0,3497.0) ops/second in (34.336744,327.993553) seconds
2026/08/31-02:18:36  ... thread 8: (97000,1148000) ops and (2824.4,3500.0) ops/second in (34.343385,327.995630) seconds
2026/08/31-02:18:36  ... thread 0: (97000,1145000) ops and (2824.7,3490.9) ops/second in (34.340236,327.998337) seconds

** Compaction Stats [default] **
Level    Files   Size     Score Read(GB)  Rn(GB) Rnp1(GB) Write(GB) WPreComp(GB) Wnew(GB) Moved(GB) W-Amp Rd(MB/s) Wr(MB/s) Comp(sec) CompMergeCPU(sec) Comp(cnt) Avg(sec) KeyIn KeyDrop Rblob(GB) Wblob(GB)
-------------------------------------------------------------------------------------------------------------------------------------------------------------------------------------------------------------
  L0     10/4      1.76 GB   1.5     13.9     0.0     13.9      32.0      32.0     18.0       0.0   1.8     21.2     48.6    673.72             66.26       352    1.914     32M    13K       0.0       0.0
  L1     57/0      3.95 GB   1.0     62.4    16.2     46.1      61.8      61.8     15.6       0.0   3.8    287.8    284.9    221.96            198.45        19   11.682     63M   625K       0.0       0.0
  L2    182/0     11.44 GB   0.3      7.0     3.7      3.3       6.7       6.7      3.5       8.0   1.8     21.4     20.6    333.59             20.35        42    7.943   7080K   240K       0.0       0.0
 Sum    249/4     17.15 GB   0.0     83.3    19.9     63.3     100.4     100.4     37.1       8.0   5.6     69.4     83.7   1229.27            285.06       413    2.976    103M   878K       0.0       0.0
 Int      0/0      0.00 KB   0.0      9.3     2.6      6.7      10.6      10.6      3.9       0.0   7.5     44.9     50.9    212.44             29.59        42    5.058     10M   155K       0.0       0.0

** Compaction Stats [default] **
Priority    Files   Size     Score Read(GB)  Rn(GB) Rnp1(GB) Write(GB) WPreComp(GB) Wnew(GB) Moved(GB) W-Amp Rd(MB/s) Wr(MB/s) Comp(sec) CompMergeCPU(sec) Comp(cnt) Avg(sec) KeyIn KeyDrop Rblob(GB) Wblob(GB)
----------------------------------------------------------------------------------------------------------------------------------------------------------------------------------------------------------------
 Low      0/0      0.00 KB   0.0     83.3    19.9     63.3      82.4      82.4     19.1       0.0   0.0    109.0    107.9    782.31            254.20       117    6.686     84M   878K       0.0       0.0
High      0/0      0.00 KB   0.0      0.0     0.0      0.0      18.0      18.0     18.0       0.0   0.0      0.0     41.3    446.96             30.86       296    1.510     18M      0       0.0       0.0

Blob file count: 0, total size: 0.0 GB, garbage size: 0.0 GB, space amp: 0.0

Uptime(secs): 328.0 total, 24.0 interval
Flush(GB): cumulative 18.022, interval 1.402
AddFile(GB): cumulative 0.000, interval 0.000
AddFile(Total Files): cumulative 0, interval 0
AddFile(L0 Files): cumulative 0, interval 0
AddFile(Keys): cumulative 0, interval 0
Cumulative compaction: 100.44 GB write, 313.55 MB/s write, 83.29 GB read, 260.01 MB/s read, 1229.3 seconds
Interval compaction: 10.56 GB write, 451.24 MB/s write, 9.31 GB read, 397.92 MB/s read, 212.4 seconds
Estimated pending compaction bytes: 11645688304
Write Stall (count): cf-l0-file-count-limit-delays-with-ongoing-compaction: 7, cf-l0-file-count-limit-stops-with-ongoing-compaction: 0, l0-file-count-limit-delays: 7, l0-file-count-limit-stops: 0, memtable-limit-delays: 0, memtable-limit-stops: 193, pending-compaction-bytes-delays: 0, pending-compaction-bytes-stops: 0, total-delays: 7, total-stops: 193
interval: 18 total count
Block cache AutoHyperClockCache@0x5711ef9dd2d0#2018912 capacity: 512.00 MB seed: 591891029 usage: 5.62 MB table_size: 2495 occupancy: 1335 collections: 2 last_copies: 2 last_secs: 0.00026 secs_since: 143
Block cache entry stats(count,size,portion): Misc(1335,5.47 MB,1.0685%)

** File Read Latency Histogram By Level [default] **
** Level 0 read latency histogram (micros):
Count: 7628162 Average: 4.0494  StdDev: 2398.32
Min: 0  Median: 0.9816  Max: 4154556
Percentiles: P50: 0.98 P75: 1.58 P99: 2.98 P99.9: 4.43 P99.99: 5.14
------------------------------------------------------
[       0,       1 ]  3885589  50.937%  50.937% ##########
(       1,       2 ]  3176680  41.644%  92.582% ########
(       2,       3 ]   501734   6.577%  99.159% #
(       3,       4 ]    52423   0.687%  99.846% 
(       4,       6 ]    19180   0.251% 100.098% 
(       6,      10 ]     8656   0.113% 100.211% 
(      10,      15 ]     2575   0.034% 100.245% 
(      15,      22 ]     1313   0.017% 100.262% 
(      22,      34 ]      106   0.001% 100.263% 
(      34,      51 ]       21   0.000% 100.264% 
(      51,      76 ]      103   0.001% 100.265% 
(      76,     110 ]      218   0.003% 100.268% 
(     110,     170 ]        9   0.000% 100.268% 
(     170,     250 ]        5   0.000% 100.268% 
(     250,     380 ]        5   0.000% 100.268% 
(     380,     580 ]        2   0.000% 100.268% 
(     580,     870 ]        9   0.000% 100.268% 
(     870,    1300 ]       30   0.000% 100.269% 
(    1300,    1900 ]       18   0.000% 100.269% 
(    1900,    2900 ]        3   0.000% 100.269% 
(    2900,    4400 ]        3   0.000% 100.269% 
(    4400,    6600 ]        6   0.000% 100.269% 
(    6600,    9900 ]        1   0.000% 100.269% 
(    9900,   14000 ]        4   0.000% 100.269% 
(   14000,   22000 ]        4   0.000% 100.269% 
(   22000,   33000 ]        8   0.000% 100.269% 
(   33000,   50000 ]        5   0.000% 100.269% 
(   50000,   75000 ]       15   0.000% 100.270% 
(   75000,  110000 ]       10   0.000% 100.270% 
(  110000,  170000 ]        6   0.000% 100.270% 
(  170000,  250000 ]        3   0.000% 100.270% 
(  250000,  380000 ]        2   0.000% 100.270% 
(  380000,  570000 ]        1   0.000% 100.270% 
(  570000,  860000 ]        1   0.000% 100.270% 
( 1200000, 1900000 ]        2   0.000% 100.270% 
( 1900000, 2900000 ]        1   0.000% 100.270% 
( 2900000, 4300000 ]        2   0.000% 100.270% 

** Level 1 read latency histogram (micros):
Count: 13028879 Average: 1.5299  StdDev: 1.97
Min: 0  Median: 0.9118  Max: 3013
Percentiles: P50: 0.91 P75: 1.49 P99: 2.71 P99.9: 2.92 P99.99: 2.94
------------------------------------------------------
[       0,       1 ]  7144829  54.838%  54.838% ###########
(       1,       2 ]  5372448  41.235%  96.073% ########
(       2,       3 ]   540686   4.150% 100.223% #
(       3,       4 ]    62850   0.482% 100.706% 
(       4,       6 ]    23157   0.178% 100.883% 
(       6,      10 ]    16002   0.123% 101.006% 
(      10,      15 ]     3736   0.029% 101.035% 
(      15,      22 ]     1813   0.014% 101.049% 
(      22,      34 ]      206   0.002% 101.050% 
(      34,      51 ]       97   0.001% 101.051% 
(      51,      76 ]      206   0.002% 101.053% 
(      76,     110 ]      353   0.003% 101.055% 
(     110,     170 ]      150   0.001% 101.057% 
(     170,     250 ]       91   0.001% 101.057% 
(     250,     380 ]       13   0.000% 101.057% 
(     380,     580 ]        2   0.000% 101.057% 
(     580,     870 ]        3   0.000% 101.057% 
(    1300,    1900 ]        2   0.000% 101.057% 
(    2900,    4400 ]        3   0.000% 101.057% 

** Level 2 read latency histogram (micros):
Count: 12763 Average: 34.8727  StdDev: 1265.33
Min: 0  Median: 1.3708  Max: 85356
Percentiles: P50: 1.37 P75: 1.75 P99: 23.11 P99.9: 541.85 P99.99: 19789.60
------------------------------------------------------
[       0,       1 ]     3255  25.503%  25.503% #####
(       1,       2 ]     8431  66.058%  91.562% #############
(       2,       3 ]      546   4.278%  95.840% #
(       3,       4 ]      177   1.387%  97.226% 
(       4,       6 ]      111   0.870%  98.096% 
(       6,      10 ]       87   0.682%  98.778% 
(      10,      15 ]       15   0.118%  98.895% 
(      15,      22 ]       13   0.102%  98.997% 
(      22,      34 ]        4   0.031%  99.028% 
(      34,      51 ]       13   0.102%  99.130% 
(      51,      76 ]       64   0.501%  99.632% 
(      76,     110 ]       28   0.219%  99.851% 
(     110,     170 ]        1   0.008%  99.859% 
(     170,     250 ]        1   0.008%  99.867% 
(     250,     380 ]        1   0.008%  99.875% 
(     380,     580 ]        4   0.031%  99.906% 
(     580,     870 ]        2   0.016%  99.922% 
(     870,    1300 ]        4   0.031%  99.953% 
(    1900,    2900 ]        2   0.016%  99.969% 
(    4400,    6600 ]        2   0.016%  99.984% 
(   14000,   22000 ]        1   0.008%  99.992% 
(   22000,   33000 ]        3   0.024% 100.016% 
(   33000,   50000 ]        1   0.008% 100.024% 
(   50000,   75000 ]        3   0.024% 100.047% 
(   75000,  110000 ]        1   0.008% 100.055% 


** DB Stats **
Uptime(secs): 328.0 total, 24.0 interval
Cumulative writes: 18M writes, 18M keys, 2362K commit groups, 7.8 writes per commit group, ingest: 17.87 GB, 55.79 MB/s
Cumulative WAL: 18M writes, 0 syncs, 18351428.00 writes per sync, written: 17.87 GB, 55.79 MB/s
Cumulative stall: 00:04:45.615 H:M:S, 87.1 percent
Interval writes: 1438K writes, 1438K keys, 183K commit groups, 7.9 writes per commit group, ingest: 1434.31 MB, 59.84 MB/s
Interval WAL: 1438K writes, 0 syncs, 1438493.00 writes per sync, written: 1.40 GB, 59.84 MB/s
Interval stall: 00:00:31.552 H:M:S, 131.6 percent
Write Stall (count): write-buffer-manager-limit-stops: 0
num-running-compactions: 2
num-running-flushes: 1

2026/08/31-02:18:36  ... thread 3: (97000,1147000) ops and (2824.5,3496.9) ops/second in (34.342132,328.003230) seconds
2026/08/31-02:18:36  ... thread 11: (97000,1147000) ops and (2823.1,3496.9) ops/second in (34.359119,328.003660) seconds
2026/08/31-02:18:51  ... thread 15: (218000,1274000) ops and (5871.2,3716.3) ops/second in (37.130309,342.818224) seconds
2026/08/31-02:18:51  ... thread 9: (218000,1274000) ops and (5870.5,3716.2) ops/second in (37.134610,342.825099) seconds
2026/08/31-02:18:51  ... thread 2: (217000,1275000) ops and (5844.9,3719.1) ops/second in (37.126134,342.826929) seconds
2026/08/31-02:18:51  ... thread 5: (217000,1273000) ops and (5846.0,3713.2) ops/second in (37.119649,342.828510) seconds
2026/08/31-02:18:51  ... thread 10: (217000,1274000) ops and (5836.9,3715.5) ops/second in (37.177136,342.884661) seconds
2026/08/31-02:18:51  ... thread 14: (218000,1276000) ops and (5861.2,3721.3) ops/second in (37.193725,342.888256) seconds
2026/08/31-02:18:51  ... thread 13: (218000,1277000) ops and (5861.4,3724.2) ops/second in (37.192556,342.897027) seconds
2026/08/31-02:18:55  ... thread 12: (202000,1283000) ops and (6722.8,3703.9) ops/second in (30.047005,346.390478) seconds
2026/08/31-02:18:55  ... thread 7: (201000,1284000) ops and (6664.9,3705.3) ops/second in (30.157915,346.530442) seconds
2026/08/31-02:18:56  ... thread 6: (202000,1283000) ops and (6394.9,3687.2) ops/second in (31.587708,347.962586) seconds
2026/08/31-02:19:07  ... thread 1: (141000,1288000) ops and (4662.8,3595.4) ops/second in (30.239434,358.232987) seconds
2026/08/31-02:19:07  ... thread 4: (141000,1288000) ops and (4648.4,3594.7) ops/second in (30.333121,358.309652) seconds
2026/08/31-02:19:07  ... thread 3: (140000,1287000) ops and (4581.5,3589.3) ops/second in (30.557528,358.560758) seconds
2026/08/31-02:19:07  ... thread 11: (141000,1288000) ops and (4613.9,3592.1) ops/second in (30.559978,358.563638) seconds
2026/08/31-02:19:07  ... thread 0: (142000,1287000) ops and (4643.8,3589.2) ops/second in (30.578596,358.576933) seconds

** Compaction Stats [default] **
Level    Files   Size     Score Read(GB)  Rn(GB) Rnp1(GB) Write(GB) WPreComp(GB) Wnew(GB) Moved(GB) W-Amp Rd(MB/s) Wr(MB/s) Comp(sec) CompMergeCPU(sec) Comp(cnt) Avg(sec) KeyIn KeyDrop Rblob(GB) Wblob(GB)
-------------------------------------------------------------------------------------------------------------------------------------------------------------------------------------------------------------
  L0     18/16     3.96 GB   0.5     16.2     0.0     16.2      36.4      36.4     20.2       0.0   1.8     22.9     51.5    723.21             75.33       397    1.822     37M    15K       0.0       0.0
  L1     57/57     3.95 GB   0.0     62.4    16.2     46.1      61.8      61.8     15.6       0.0   3.8    287.8    284.9    221.96            198.45        19   11.682     63M   625K       0.0       0.0
  L2    182/0     11.44 GB   0.3      7.0     3.7      3.3       6.7       6.7      3.5       8.0   1.8     21.4     20.6    333.59             20.35        42    7.943   7080K   240K       0.0       0.0
 Sum    257/73    19.35 GB   0.0     85.5    19.9     65.6     104.9     104.9     39.3       8.0   5.2     68.5     84.0   1278.75            294.13       458    2.792    107M   880K       0.0       0.0
 Int      0/0      0.00 KB   0.0     11.6     2.6      9.0      15.0      15.0      6.1       0.0   4.2     45.2     58.7    261.92             38.66        87    3.011     15M   157K       0.0       0.0

** Compaction Stats [default] **
Priority    Files   Size     Score Read(GB)  Rn(GB) Rnp1(GB) Write(GB) WPreComp(GB) Wnew(GB) Moved(GB) W-Amp Rd(MB/s) Wr(MB/s) Comp(sec) CompMergeCPU(sec) Comp(cnt) Avg(sec) KeyIn KeyDrop Rblob(GB) Wblob(GB)
----------------------------------------------------------------------------------------------------------------------------------------------------------------------------------------------------------------
 Low      0/0      0.00 KB   0.0     85.5    19.9     65.6      84.7      84.7     19.1       0.0   0.0    109.0    107.9    803.43            259.59       126    6.376     87M   880K       0.0       0.0
High      0/0      0.00 KB   0.0      0.0     0.0      0.0      20.2      20.2     20.2       0.0   0.0      0.0     43.6    475.32             34.54       332    1.432     20M      0       0.0       0.0

Blob file count: 0, total size: 0.0 GB, garbage size: 0.0 GB, space amp: 0.0

Uptime(secs): 358.6 total, 54.5 interval
Flush(GB): cumulative 20.218, interval 3.598
AddFile(GB): cumulative 0.000, interval 0.000
AddFile(Total Files): cumulative 0, interval 0
AddFile(L0 Files): cumulative 0, interval 0
AddFile(Keys): cumulative 0, interval 0
Cumulative compaction: 104.89 GB write, 299.52 MB/s write, 85.54 GB read, 244.28 MB/s read, 1278.8 seconds
Interval compaction: 15.01 GB write, 281.82 MB/s write, 11.57 GB read, 217.21 MB/s read, 261.9 seconds
Estimated pending compaction bytes: 18745059170
Write Stall (count): cf-l0-file-count-limit-delays-with-ongoing-compaction: 15, cf-l0-file-count-limit-stops-with-ongoing-compaction: 0, l0-file-count-limit-delays: 15, l0-file-count-limit-stops: 0, memtable-limit-delays: 0, memtable-limit-stops: 214, pending-compaction-bytes-delays: 0, pending-compaction-bytes-stops: 0, total-delays: 15, total-stops: 214
interval: 47 total count
Block cache AutoHyperClockCache@0x5711ef9dd2d0#2018912 capacity: 512.00 MB seed: 591891029 usage: 5.62 MB table_size: 2495 occupancy: 1335 collections: 2 last_copies: 2 last_secs: 0.00026 secs_since: 174
Block cache entry stats(count,size,portion): Misc(1335,5.47 MB,1.0685%)

** File Read Latency Histogram By Level [default] **
** Level 0 read latency histogram (micros):
Count: 9012584 Average: 3.6984  StdDev: 2207.05
Min: 0  Median: 0.9704  Max: 4154556
Percentiles: P50: 0.97 P75: 1.57 P99: 2.98 P99.9: 4.40 P99.99: 5.13
------------------------------------------------------
[       0,       1 ]  4643584  51.523%  51.523% ##########
(       1,       2 ]  3715273  41.223%  92.747% ########
(       2,       3 ]   577132   6.404%  99.150% #
(       3,       4 ]    63137   0.701%  99.851% 
(       4,       6 ]    22144   0.246% 100.096% 
(       6,      10 ]    10246   0.114% 100.210% 
(      10,      15 ]     3336   0.037% 100.247% 
(      15,      22 ]     1817   0.020% 100.267% 
(      22,      34 ]      140   0.002% 100.269% 
(      34,      51 ]       25   0.000% 100.269% 
(      51,      76 ]      119   0.001% 100.270% 
(      76,     110 ]      240   0.003% 100.273% 
(     110,     170 ]       10   0.000% 100.273% 
(     170,     250 ]        5   0.000% 100.273% 
(     250,     380 ]        5   0.000% 100.273% 
(     380,     580 ]        2   0.000% 100.273% 
(     580,     870 ]       10   0.000% 100.273% 
(     870,    1300 ]       35   0.000% 100.274% 
(    1300,    1900 ]       21   0.000% 100.274% 
(    1900,    2900 ]        3   0.000% 100.274% 
(    2900,    4400 ]        3   0.000% 100.274% 
(    4400,    6600 ]        6   0.000% 100.274% 
(    6600,    9900 ]        1   0.000% 100.274% 
(    9900,   14000 ]        4   0.000% 100.274% 
(   14000,   22000 ]        5   0.000% 100.274% 
(   22000,   33000 ]        8   0.000% 100.274% 
(   33000,   50000 ]        5   0.000% 100.274% 
(   50000,   75000 ]       15   0.000% 100.275% 
(   75000,  110000 ]       13   0.000% 100.275% 
(  110000,  170000 ]        6   0.000% 100.275% 
(  170000,  250000 ]        3   0.000% 100.275% 
(  250000,  380000 ]        2   0.000% 100.275% 
(  380000,  570000 ]        1   0.000% 100.275% 
(  570000,  860000 ]        1   0.000% 100.275% 
( 1200000, 1900000 ]        2   0.000% 100.275% 
( 1900000, 2900000 ]        1   0.000% 100.275% 
( 2900000, 4300000 ]        2   0.000% 100.275% 

** Level 1 read latency histogram (micros):
Count: 13930672 Average: 1.5230  StdDev: 1.92
Min: 0  Median: 0.9012  Max: 3013
Percentiles: P50: 0.90 P75: 1.48 P99: 2.71 P99.9: 2.93 P99.99: 2.95
------------------------------------------------------
[       0,       1 ]  7729071  55.482%  55.482% ###########
(       1,       2 ]  5650368  40.561%  96.043% ########
(       2,       3 ]   577927   4.149% 100.192% #
(       3,       4 ]    66169   0.475% 100.667% 
(       4,       6 ]    24151   0.173% 100.840% 
(       6,      10 ]    16940   0.122% 100.962% 
(      10,      15 ]     4242   0.030% 100.992% 
(      15,      22 ]     2145   0.015% 101.007% 
(      22,      34 ]      236   0.002% 101.009% 
(      34,      51 ]       98   0.001% 101.010% 
(      51,      76 ]      208   0.001% 101.011% 
(      76,     110 ]      353   0.003% 101.014% 
(     110,     170 ]      150   0.001% 101.015% 
(     170,     250 ]       91   0.001% 101.016% 
(     250,     380 ]       13   0.000% 101.016% 
(     380,     580 ]        2   0.000% 101.016% 
(     580,     870 ]        3   0.000% 101.016% 
(    1300,    1900 ]        2   0.000% 101.016% 
(    2900,    4400 ]        3   0.000% 101.016% 

** Level 2 read latency histogram (micros):
Count: 12763 Average: 34.8727  StdDev: 1265.33
Min: 0  Median: 1.3708  Max: 85356
Percentiles: P50: 1.37 P75: 1.75 P99: 23.11 P99.9: 541.85 P99.99: 19789.60
------------------------------------------------------
[       0,       1 ]     3255  25.503%  25.503% #####
(       1,       2 ]     8431  66.058%  91.562% #############
(       2,       3 ]      546   4.278%  95.840% #
(       3,       4 ]      177   1.387%  97.226% 
(       4,       6 ]      111   0.870%  98.096% 
(       6,      10 ]       87   0.682%  98.778% 
(      10,      15 ]       15   0.118%  98.895% 
(      15,      22 ]       13   0.102%  98.997% 
(      22,      34 ]        4   0.031%  99.028% 
(      34,      51 ]       13   0.102%  99.130% 
(      51,      76 ]       64   0.501%  99.632% 
(      76,     110 ]       28   0.219%  99.851% 
(     110,     170 ]        1   0.008%  99.859% 
(     170,     250 ]        1   0.008%  99.867% 
(     250,     380 ]        1   0.008%  99.875% 
(     380,     580 ]        4   0.031%  99.906% 
(     580,     870 ]        2   0.016%  99.922% 
(     870,    1300 ]        4   0.031%  99.953% 
(    1900,    2900 ]        2   0.016%  99.969% 
(    4400,    6600 ]        2   0.016%  99.984% 
(   14000,   22000 ]        1   0.008%  99.992% 
(   22000,   33000 ]        3   0.024% 100.016% 
(   33000,   50000 ]        1   0.008% 100.024% 
(   50000,   75000 ]        3   0.024% 100.047% 
(   75000,  110000 ]        1   0.008% 100.055% 


** DB Stats **
Uptime(secs): 358.6 total, 30.6 interval
Cumulative writes: 20M writes, 20M keys, 2656K commit groups, 7.8 writes per commit group, ingest: 20.07 GB, 57.32 MB/s
Cumulative WAL: 20M writes, 0 syncs, 20614318.00 writes per sync, written: 20.07 GB, 57.32 MB/s
Cumulative stall: 00:05:5.445 H:M:S, 85.2 percent
Interval writes: 2262K writes, 2262K keys, 293K commit groups, 7.7 writes per commit group, ingest: 2256.37 MB, 73.79 MB/s
Interval WAL: 2262K writes, 0 syncs, 2262890.00 writes per sync, written: 2.20 GB, 73.79 MB/s
Interval stall: 00:00:19.830 H:M:S, 64.8 percent
Write Stall (count): write-buffer-manager-limit-stops: 0
num-running-compactions: 1
num-running-flushes: 0

2026/08/31-02:19:07  ... thread 8: (142000,1290000) ops and (4642.3,3597.5) ops/second in (30.588016,358.583646) seconds
2026/08/31-02:19:27  ... thread 9: (34000,1308000) ops and (949.5,3454.5) ops/second in (35.806446,378.631545) seconds
2026/08/31-02:19:27  ... thread 13: (34000,1311000) ops and (951.4,3462.5) ops/second in (35.736179,378.633206) seconds
2026/08/31-02:19:27  ... thread 7: (27000,1311000) ops and (841.0,3462.4) ops/second in (32.105067,378.635509) seconds
2026/08/31-02:19:27  ... thread 14: (34000,1310000) ops and (951.0,3459.7) ops/second in (35.752903,378.641159) seconds
2026/08/31-02:19:27  ... thread 2: (35000,1310000) ops and (977.2,3459.7) ops/second in (35.817406,378.644335) seconds
2026/08/31-02:19:27  ... thread 6: (26000,1309000) ops and (847.4,3457.1) ops/second in (30.681782,378.644368) seconds
2026/08/31-02:19:27  ... thread 15: (35000,1309000) ops and (976.8,3457.0) ops/second in (35.831182,378.649406) seconds
2026/08/31-02:19:27  ... thread 12: (27000,1310000) ops and (836.9,3459.6) ops/second in (32.262634,378.653112) seconds
2026/08/31-02:19:27  ... thread 5: (35000,1308000) ops and (976.9,3454.3) ops/second in (35.825886,378.654396) seconds
2026/08/31-02:19:27  ... thread 10: (35000,1309000) ops and (978.4,3457.0) ops/second in (35.770887,378.655548) seconds
2026/08/31-02:19:39  ... thread 8: (36000,1326000) ops and (1128.1,3395.7) ops/second in (31.913204,390.496850) seconds
2026/08/31-02:19:39  ... thread 4: (37000,1325000) ops and (1149.5,3393.1) ops/second in (32.188977,390.498629) seconds
2026/08/31-02:19:39  ... thread 1: (37000,1325000) ops and (1146.4,3393.0) ops/second in (32.274399,390.507386) seconds
2026/08/31-02:19:39  ... thread 3: (37000,1324000) ops and (1157.9,3390.4) ops/second in (31.955319,390.516077) seconds
2026/08/31-02:19:39  ... thread 11: (37000,1325000) ops and (1157.7,3392.9) ops/second in (31.958638,390.522276) seconds
2026/08/31-02:19:39  ... thread 0: (37000,1324000) ops and (1158.2,3390.3) ops/second in (31.945532,390.522465) seconds

** Compaction Stats [default] **
Level    Files   Size     Score Read(GB)  Rn(GB) Rnp1(GB) Write(GB) WPreComp(GB) Wnew(GB) Moved(GB) W-Amp Rd(MB/s) Wr(MB/s) Comp(sec) CompMergeCPU(sec) Comp(cnt) Avg(sec) KeyIn KeyDrop Rblob(GB) Wblob(GB)
-------------------------------------------------------------------------------------------------------------------------------------------------------------------------------------------------------------
  L0      8/4    932.37 MB   1.0     16.5     0.0     16.5      37.3      37.3     20.8       0.0   1.8     21.3     48.1    794.10             77.49       408    1.946     37M    15K       0.0       0.0
  L1     74/10     4.87 GB   1.0     70.0    19.9     50.1      69.2      69.2     19.1       0.0   3.5    283.9    280.6    252.42            220.68        20   12.621     71M   829K       0.0       0.0
  L2    233/14    13.76 GB   0.3     11.8     6.3      5.5      11.4      11.4      5.8       8.0   1.8     19.2     18.5    629.16             36.69        65    9.679     12M   453K       0.0       0.0
 Sum    315/28    19.55 GB   0.0     98.3    26.2     72.1     117.8     117.8     45.7       8.0   5.7     60.1     72.0   1675.67            334.86       493    3.399    121M  1298K       0.0       0.0
 Int      0/0      0.00 KB   0.0     12.8     6.2      6.5      13.0      13.0      6.4       0.0  21.3     32.9     33.4    396.92             40.73        35   11.341     13M   418K       0.0       0.0

** Compaction Stats [default] **
Priority    Files   Size     Score Read(GB)  Rn(GB) Rnp1(GB) Write(GB) WPreComp(GB) Wnew(GB) Moved(GB) W-Amp Rd(MB/s) Wr(MB/s) Comp(sec) CompMergeCPU(sec) Comp(cnt) Avg(sec) KeyIn KeyDrop Rblob(GB) Wblob(GB)
----------------------------------------------------------------------------------------------------------------------------------------------------------------------------------------------------------------
 Low      0/0      0.00 KB   0.0     98.3    26.2     72.1      97.0      97.0     24.9       0.0   0.0     88.2     87.0   1141.90            299.04       151    7.562    100M  1298K       0.0       0.0
High      0/0      0.00 KB   0.0      0.0     0.0      0.0      20.8      20.8     20.8       0.0   0.0      0.0     40.0    533.77             35.81       342    1.561     21M      0       0.0       0.0

Blob file count: 0, total size: 0.0 GB, garbage size: 0.0 GB, space amp: 0.0

Uptime(secs): 390.5 total, 26.5 interval
Flush(GB): cumulative 20.825, interval 0.607
AddFile(GB): cumulative 0.000, interval 0.000
AddFile(Total Files): cumulative 0, interval 0
AddFile(L0 Files): cumulative 0, interval 0
AddFile(Keys): cumulative 0, interval 0
Cumulative compaction: 117.85 GB write, 309.00 MB/s write, 98.31 GB read, 257.76 MB/s read, 1675.7 seconds
Interval compaction: 12.96 GB write, 501.04 MB/s write, 12.76 GB read, 493.50 MB/s read, 396.9 seconds
Estimated pending compaction bytes: 12682230186
Write Stall (count): cf-l0-file-count-limit-delays-with-ongoing-compaction: 16, cf-l0-file-count-limit-stops-with-ongoing-compaction: 0, l0-file-count-limit-delays: 16, l0-file-count-limit-stops: 0, memtable-limit-delays: 0, memtable-limit-stops: 229, pending-compaction-bytes-delays: 0, pending-compaction-bytes-stops: 0, total-delays: 16, total-stops: 229
interval: 15 total count
Block cache AutoHyperClockCache@0x5711ef9dd2d0#2018912 capacity: 512.00 MB seed: 591891029 usage: 7.95 MB table_size: 3614 occupancy: 1885 collections: 3 last_copies: 0 last_secs: 0.000331 secs_since: 26
Block cache entry stats(count,size,portion): Misc(1885,7.73 MB,1.50885%)

** File Read Latency Histogram By Level [default] **
** Level 0 read latency histogram (micros):
Count: 9257398 Average: 3.6693  StdDev: 2178.06
Min: 0  Median: 0.9689  Max: 4154556
Percentiles: P50: 0.97 P75: 1.57 P99: 2.98 P99.9: 4.41 P99.99: 5.16
------------------------------------------------------
[       0,       1 ]  4777422  51.607%  51.607% ##########
(       1,       2 ]  3811161  41.169%  92.775% ########
(       2,       3 ]   590797   6.382%  99.157% #
(       3,       4 ]    64099   0.692%  99.850% 
(       4,       6 ]    22471   0.243% 100.092% 
(       6,      10 ]    10513   0.114% 100.206% 
(      10,      15 ]     3423   0.037% 100.243% 
(      15,      22 ]     1892   0.020% 100.263% 
(      22,      34 ]      145   0.002% 100.265% 
(      34,      51 ]       25   0.000% 100.265% 
(      51,      76 ]      120   0.001% 100.266% 
(      76,     110 ]      249   0.003% 100.269% 
(     110,     170 ]       12   0.000% 100.269% 
(     170,     250 ]        5   0.000% 100.269% 
(     250,     380 ]        5   0.000% 100.269% 
(     380,     580 ]        2   0.000% 100.269% 
(     580,     870 ]       10   0.000% 100.270% 
(     870,    1300 ]       35   0.000% 100.270% 
(    1300,    1900 ]       22   0.000% 100.270% 
(    1900,    2900 ]        3   0.000% 100.270% 
(    2900,    4400 ]        3   0.000% 100.270% 
(    4400,    6600 ]        6   0.000% 100.270% 
(    6600,    9900 ]        1   0.000% 100.270% 
(    9900,   14000 ]        4   0.000% 100.270% 
(   14000,   22000 ]        6   0.000% 100.270% 
(   22000,   33000 ]        8   0.000% 100.270% 
(   33000,   50000 ]        6   0.000% 100.271% 
(   50000,   75000 ]       17   0.000% 100.271% 
(   75000,  110000 ]       14   0.000% 100.271% 
(  110000,  170000 ]        6   0.000% 100.271% 
(  170000,  250000 ]        3   0.000% 100.271% 
(  250000,  380000 ]        2   0.000% 100.271% 
(  380000,  570000 ]        1   0.000% 100.271% 
(  570000,  860000 ]        1   0.000% 100.271% 
( 1200000, 1900000 ]        2   0.000% 100.271% 
( 1900000, 2900000 ]        1   0.000% 100.271% 
( 2900000, 4300000 ]        2   0.000% 100.271% 

** Level 1 read latency histogram (micros):
Count: 15446741 Average: 1.5277  StdDev: 1.86
Min: 0  Median: 0.9057  Max: 3013
Percentiles: P50: 0.91 P75: 1.49 P99: 2.73 P99.9: 2.94 P99.99: 2.96
------------------------------------------------------
[       0,       1 ]  8527861  55.208%  55.208% ###########
(       1,       2 ]  6282742  40.674%  95.882% ########
(       2,       3 ]   658092   4.260% 100.142% #
(       3,       4 ]    80500   0.521% 100.663% 
(       4,       6 ]    28085   0.182% 100.845% 
(       6,      10 ]    18898   0.122% 100.967% 
(      10,      15 ]     4710   0.030% 100.998% 
(      15,      22 ]     2360   0.015% 101.013% 
(      22,      34 ]      266   0.002% 101.015% 
(      34,      51 ]      107   0.001% 101.016% 
(      51,      76 ]      240   0.002% 101.017% 
(      76,     110 ]      390   0.003% 101.020% 
(     110,     170 ]      178   0.001% 101.021% 
(     170,     250 ]       94   0.001% 101.021% 
(     250,     380 ]       13   0.000% 101.022% 
(     380,     580 ]        2   0.000% 101.022% 
(     580,     870 ]        4   0.000% 101.022% 
(    1300,    1900 ]        2   0.000% 101.022% 
(    2900,    4400 ]        3   0.000% 101.022% 

** Level 2 read latency histogram (micros):
Count: 112442 Average: 43.8359  StdDev: 6636.49
Min: 0  Median: 0.9934  Max: 2139527
Percentiles: P50: 0.99 P75: 1.59 P99: 3.94 P99.9: 14.60 P99.99: 63.12
------------------------------------------------------
[       0,       1 ]    56593  50.331%  50.331% ##########
(       1,       2 ]    47266  42.036%  92.367% ########
(       2,       3 ]     6289   5.593%  97.960% #
(       3,       4 ]     1245   1.107%  99.067% 
(       4,       6 ]      628   0.559%  99.626% 
(       6,      10 ]      258   0.229%  99.855% 
(      10,      15 ]       55   0.049%  99.904% 
(      15,      22 ]       30   0.027%  99.931% 
(      22,      34 ]        7   0.006%  99.937% 
(      34,      51 ]       20   0.018%  99.955% 
(      51,      76 ]       82   0.073% 100.028% 
(      76,     110 ]       81   0.072% 100.100% 
(     110,     170 ]        3   0.003% 100.102% 
(     170,     250 ]        1   0.001% 100.103% 
(     250,     380 ]        1   0.001% 100.104% 
(     380,     580 ]        4   0.004% 100.108% 
(     580,     870 ]        2   0.002% 100.109% 
(     870,    1300 ]        4   0.004% 100.113% 
(    1900,    2900 ]        2   0.002% 100.115% 
(    4400,    6600 ]        2   0.002% 100.117% 
(    9900,   14000 ]        1   0.001% 100.117% 
(   14000,   22000 ]        3   0.003% 100.120% 
(   22000,   33000 ]        6   0.005% 100.125% 
(   33000,   50000 ]        2   0.002% 100.127% 
(   50000,   75000 ]        9   0.008% 100.135% 
(   75000,  110000 ]        4   0.004% 100.139% 
(  110000,  170000 ]        3   0.003% 100.141% 
(  170000,  250000 ]        2   0.002% 100.143% 
(  250000,  380000 ]        2   0.002% 100.145% 
( 1900000, 2900000 ]        1   0.001% 100.146% 


** DB Stats **
Uptime(secs): 390.5 total, 26.5 interval
Cumulative writes: 21M writes, 21M keys, 2733K commit groups, 7.8 writes per commit group, ingest: 20.65 GB, 54.14 MB/s
Cumulative WAL: 21M writes, 0 syncs, 21203040.00 writes per sync, written: 20.65 GB, 54.14 MB/s
Cumulative stall: 00:05:35.258 H:M:S, 85.8 percent
Interval writes: 505K writes, 505K keys, 66K commit groups, 7.6 writes per commit group, ingest: 504.39 MB, 19.05 MB/s
Interval WAL: 505K writes, 0 syncs, 505832.00 writes per sync, written: 0.49 GB, 19.05 MB/s
Interval stall: 00:00:29.813 H:M:S, 112.6 percent
Write Stall (count): write-buffer-manager-limit-stops: 0
num-running-compactions: 13
num-running-flushes: 0

2026/08/31-02:20:00  ... thread 9: (85000,1393000) ops and (2552.6,3381.6) ops/second in (33.298957,411.930502) seconds
2026/08/31-02:20:00  ... thread 10: (84000,1393000) ops and (2523.6,3381.6) ops/second in (33.285217,411.940765) seconds
2026/08/31-02:20:00  ... thread 15: (85000,1394000) ops and (2553.2,3384.0) ops/second in (33.292183,411.941589) seconds
2026/08/31-02:20:00  ... thread 6: (85000,1394000) ops and (2552.4,3383.9) ops/second in (33.301798,411.946166) seconds
2026/08/31-02:20:00  ... thread 2: (85000,1395000) ops and (2552.3,3386.4) ops/second in (33.303011,411.947346) seconds
2026/08/31-02:20:00  ... thread 14: (85000,1395000) ops and (2552.0,3386.3) ops/second in (33.307852,411.949011) seconds
2026/08/31-02:20:00  ... thread 12: (85000,1395000) ops and (2552.8,3386.3) ops/second in (33.296654,411.949766) seconds
2026/08/31-02:20:00  ... thread 7: (85000,1396000) ops and (2551.3,3388.7) ops/second in (33.316286,411.951795) seconds
2026/08/31-02:20:00  ... thread 13: (86000,1397000) ops and (2580.8,3391.1) ops/second in (33.322711,411.955917) seconds
2026/08/31-02:20:00  ... thread 5: (85000,1393000) ops and (2552.4,3381.4) ops/second in (33.302443,411.956839) seconds
2026/08/31-02:20:09  ... thread 4: (85000,1410000) ops and (2802.0,3350.5) ops/second in (30.335361,420.833990) seconds
2026/08/31-02:20:09  ... thread 11: (85000,1410000) ops and (2803.3,3350.4) ops/second in (30.321205,420.843481) seconds
2026/08/31-02:20:09  ... thread 1: (85000,1410000) ops and (2801.4,3350.4) ops/second in (30.341968,420.849354) seconds
2026/08/31-02:20:09  ... thread 3: (85000,1409000) ops and (2801.3,3347.9) ops/second in (30.342720,420.858797) seconds
2026/08/31-02:20:09  ... thread 8: (86000,1412000) ops and (2832.4,3355.0) ops/second in (30.362657,420.859507) seconds
2026/08/31-02:20:09  ... thread 0: (85000,1409000) ops and (2801.6,3347.9) ops/second in (30.339295,420.861760) seconds

** Compaction Stats [default] **
Level    Files   Size     Score Read(GB)  Rn(GB) Rnp1(GB) Write(GB) WPreComp(GB) Wnew(GB) Moved(GB) W-Amp Rd(MB/s) Wr(MB/s) Comp(sec) CompMergeCPU(sec) Comp(cnt) Avg(sec) KeyIn KeyDrop Rblob(GB) Wblob(GB)
-------------------------------------------------------------------------------------------------------------------------------------------------------------------------------------------------------------
  L0      4/0    622.13 MB   1.0     18.0     0.0     18.0      40.1      40.1     22.1       0.0   1.8     20.6     46.1    891.15             83.16       436    2.044     40M    17K       0.0       0.0
  L1     86/18     5.55 GB   1.0     75.6    21.5     54.1      74.7      74.7     20.6       0.0   3.5    284.0    280.6    272.63            237.27        21   12.983     76M   906K       0.0       0.0
  L2    255/27    14.57 GB   0.3     13.6     7.1      6.5      13.1      13.1      6.6       8.0   1.8     19.6     18.9    710.60             41.67        73    9.734     13M   531K       0.0       0.0
 Sum    345/45    20.72 GB   0.0    107.2    28.7     78.5     127.9     127.9     49.4       8.0   5.8     58.6     69.9   1874.38            362.09       530    3.537    131M  1454K       0.0       0.0
 Int      0/0      0.00 KB   0.0     21.7     8.7     12.9      23.0      23.0     10.1       0.0  11.8     37.2     39.6    595.63             67.96        72    8.273     24M   573K       0.0       0.0

** Compaction Stats [default] **
Priority    Files   Size     Score Read(GB)  Rn(GB) Rnp1(GB) Write(GB) WPreComp(GB) Wnew(GB) Moved(GB) W-Amp Rd(MB/s) Wr(MB/s) Comp(sec) CompMergeCPU(sec) Comp(cnt) Avg(sec) KeyIn KeyDrop Rblob(GB) Wblob(GB)
----------------------------------------------------------------------------------------------------------------------------------------------------------------------------------------------------------------
 Low      0/0      0.00 KB   0.0    107.2    28.7     78.5     105.8     105.8     27.2       0.0   0.0     85.3     84.2   1286.38            324.07       166    7.749    109M  1454K       0.0       0.0
High      0/0      0.00 KB   0.0      0.0     0.0      0.0      22.2      22.2     22.2       0.0   0.0      0.0     38.6    588.00             38.02       364    1.615     22M      0       0.0       0.0

Blob file count: 0, total size: 0.0 GB, garbage size: 0.0 GB, space amp: 0.0

Uptime(secs): 420.9 total, 56.8 interval
Flush(GB): cumulative 22.162, interval 1.944
AddFile(GB): cumulative 0.000, interval 0.000
AddFile(Total Files): cumulative 0, interval 0
AddFile(L0 Files): cumulative 0, interval 0
AddFile(Keys): cumulative 0, interval 0
Cumulative compaction: 127.92 GB write, 311.23 MB/s write, 107.19 GB read, 260.81 MB/s read, 1874.4 seconds
Interval compaction: 23.03 GB write, 415.02 MB/s write, 21.65 GB read, 390.18 MB/s read, 595.6 seconds
Estimated pending compaction bytes: 14398620533
Write Stall (count): cf-l0-file-count-limit-delays-with-ongoing-compaction: 16, cf-l0-file-count-limit-stops-with-ongoing-compaction: 0, l0-file-count-limit-delays: 16, l0-file-count-limit-stops: 0, memtable-limit-delays: 0, memtable-limit-stops: 251, pending-compaction-bytes-delays: 0, pending-compaction-bytes-stops: 0, total-delays: 16, total-stops: 251
interval: 37 total count
Block cache AutoHyperClockCache@0x5711ef9dd2d0#2018912 capacity: 512.00 MB seed: 591891029 usage: 7.95 MB table_size: 3614 occupancy: 1885 collections: 3 last_copies: 0 last_secs: 0.000331 secs_since: 56
Block cache entry stats(count,size,portion): Misc(1885,7.73 MB,1.50885%)

** File Read Latency Histogram By Level [default] **
** Level 0 read latency histogram (micros):
Count: 9979903 Average: 3.7691  StdDev: 2174.00
Min: 0  Median: 0.9605  Max: 4154556
Percentiles: P50: 0.96 P75: 1.56 P99: 2.97 P99.9: 4.43 P99.99: 5.18
------------------------------------------------------
[       0,       1 ]  5194890  52.054%  52.054% ##########
(       1,       2 ]  4069505  40.777%  92.831% ########
(       2,       3 ]   631527   6.328%  99.158% #
(       3,       4 ]    68876   0.690%  99.849% 
(       4,       6 ]    23825   0.239% 100.087% 
(       6,      10 ]    11262   0.113% 100.200% 
(      10,      15 ]     3658   0.037% 100.237% 
(      15,      22 ]     2028   0.020% 100.257% 
(      22,      34 ]      152   0.002% 100.259% 
(      34,      51 ]       28   0.000% 100.259% 
(      51,      76 ]      129   0.001% 100.260% 
(      76,     110 ]      265   0.003% 100.263% 
(     110,     170 ]       12   0.000% 100.263% 
(     170,     250 ]        5   0.000% 100.263% 
(     250,     380 ]        5   0.000% 100.263% 
(     380,     580 ]        3   0.000% 100.263% 
(     580,     870 ]       15   0.000% 100.263% 
(     870,    1300 ]       38   0.000% 100.264% 
(    1300,    1900 ]       22   0.000% 100.264% 
(    1900,    2900 ]        4   0.000% 100.264% 
(    2900,    4400 ]        3   0.000% 100.264% 
(    4400,    6600 ]        6   0.000% 100.264% 
(    6600,    9900 ]        2   0.000% 100.264% 
(    9900,   14000 ]        5   0.000% 100.264% 
(   14000,   22000 ]        7   0.000% 100.264% 
(   22000,   33000 ]        9   0.000% 100.264% 
(   33000,   50000 ]        7   0.000% 100.264% 
(   50000,   75000 ]       18   0.000% 100.265% 
(   75000,  110000 ]       14   0.000% 100.265% 
(  110000,  170000 ]        6   0.000% 100.265% 
(  170000,  250000 ]        3   0.000% 100.265% 
(  250000,  380000 ]        4   0.000% 100.265% 
(  380000,  570000 ]        1   0.000% 100.265% 
(  570000,  860000 ]        1   0.000% 100.265% 
( 1200000, 1900000 ]        3   0.000% 100.265% 
( 1900000, 2900000 ]        1   0.000% 100.265% 
( 2900000, 4300000 ]        2   0.000% 100.265% 

** Level 1 read latency histogram (micros):
Count: 16561010 Average: 1.5214  StdDev: 1.82
Min: 0  Median: 0.8954  Max: 3016
Percentiles: P50: 0.90 P75: 1.48 P99: 2.74 P99.9: 2.95 P99.99: 2.97
------------------------------------------------------
[       0,       1 ]  9247893  55.841%  55.841% ###########
(       1,       2 ]  6622115  39.986%  95.828% ########
(       2,       3 ]   709541   4.284% 100.112% #
(       3,       4 ]    87115   0.526% 100.638% 
(       4,       6 ]    29925   0.181% 100.819% 
(       6,      10 ]    20020   0.121% 100.940% 
(      10,      15 ]     5058   0.031% 100.970% 
(      15,      22 ]     2550   0.015% 100.985% 
(      22,      34 ]      284   0.002% 100.987% 
(      34,      51 ]      119   0.001% 100.988% 
(      51,      76 ]      268   0.002% 100.990% 
(      76,     110 ]      422   0.003% 100.992% 
(     110,     170 ]      194   0.001% 100.993% 
(     170,     250 ]       98   0.001% 100.994% 
(     250,     380 ]       13   0.000% 100.994% 
(     380,     580 ]        2   0.000% 100.994% 
(     580,     870 ]        4   0.000% 100.994% 
(    1300,    1900 ]        2   0.000% 100.994% 
(    2900,    4400 ]        4   0.000% 100.994% 

** Level 2 read latency histogram (micros):
Count: 127940 Average: 39.5496  StdDev: 6224.47
Min: 0  Median: 1.0539  Max: 2139527
Percentiles: P50: 1.05 P75: 1.65 P99: 4.31 P99.9: 14.13 P99.99: 59.22
------------------------------------------------------
[       0,       1 ]    61068  47.732%  47.732% ##########
(       1,       2 ]    53905  42.133%  89.865% ########
(       2,       3 ]     8930   6.980%  96.845% #
(       3,       4 ]     2615   2.044%  98.889% 
(       4,       6 ]      942   0.736%  99.625% 
(       6,      10 ]      295   0.231%  99.855% 
(      10,      15 ]       74   0.058%  99.913% 
(      15,      22 ]       37   0.029%  99.942% 
(      22,      34 ]        7   0.005%  99.948% 
(      34,      51 ]       24   0.019%  99.966% 
(      51,      76 ]      104   0.081% 100.048% 
(      76,     110 ]       88   0.069% 100.116% 
(     110,     170 ]        3   0.002% 100.119% 
(     170,     250 ]        1   0.001% 100.120% 
(     250,     380 ]        1   0.001% 100.120% 
(     380,     580 ]        4   0.003% 100.123% 
(     580,     870 ]        2   0.002% 100.125% 
(     870,    1300 ]        4   0.003% 100.128% 
(    1300,    1900 ]        1   0.001% 100.129% 
(    1900,    2900 ]        2   0.002% 100.131% 
(    2900,    4400 ]        1   0.001% 100.131% 
(    4400,    6600 ]        3   0.002% 100.134% 
(    6600,    9900 ]        2   0.002% 100.135% 
(    9900,   14000 ]        1   0.001% 100.136% 
(   14000,   22000 ]        3   0.002% 100.138% 
(   22000,   33000 ]        6   0.005% 100.143% 
(   33000,   50000 ]        2   0.002% 100.145% 
(   50000,   75000 ]       10   0.008% 100.152% 
(   75000,  110000 ]        4   0.003% 100.156% 
(  110000,  170000 ]        3   0.002% 100.158% 
(  170000,  250000 ]        2   0.002% 100.159% 
(  250000,  380000 ]        2   0.002% 100.161% 
( 1900000, 2900000 ]        1   0.001% 100.162% 


** DB Stats **
Uptime(secs): 420.9 total, 30.3 interval
Cumulative writes: 22M writes, 22M keys, 2908K commit groups, 7.8 writes per commit group, ingest: 21.97 GB, 53.46 MB/s
Cumulative WAL: 22M writes, 0 syncs, 22564331.00 writes per sync, written: 21.97 GB, 53.46 MB/s
Cumulative stall: 00:06:3.023 H:M:S, 86.3 percent
Interval writes: 1361K writes, 1361K keys, 175K commit groups, 7.8 writes per commit group, ingest: 1357.35 MB, 44.74 MB/s
Interval WAL: 1361K writes, 0 syncs, 1361291.00 writes per sync, written: 1.33 GB, 44.74 MB/s
Interval stall: 00:00:27.765 H:M:S, 91.5 percent
Write Stall (count): write-buffer-manager-limit-stops: 0
num-running-compactions: 18
num-running-flushes: 0

2026/08/31-02:20:38  ... thread 9: (93000,1486000) ops and (2462.1,3304.4) ops/second in (37.772811,449.703313) seconds
2026/08/31-02:20:38  ... thread 2: (93000,1488000) ops and (2448.9,3307.2) ops/second in (37.975632,449.922978) seconds
2026/08/31-02:20:38  ... thread 15: (93000,1487000) ops and (2448.5,3305.0) ops/second in (37.982782,449.924371) seconds
2026/08/31-02:20:38  ... thread 14: (93000,1488000) ops and (2448.6,3307.2) ops/second in (37.980584,449.929595) seconds
2026/08/31-02:20:38  ... thread 10: (93000,1486000) ops and (2448.0,3302.7) ops/second in (37.990577,449.931342) seconds
2026/08/31-02:20:38  ... thread 12: (93000,1488000) ops and (2447.9,3307.1) ops/second in (37.992333,449.942099) seconds
2026/08/31-02:20:38  ... thread 5: (93000,1486000) ops and (2448.3,3302.6) ops/second in (37.985734,449.942573) seconds
2026/08/31-02:20:38  ... thread 7: (93000,1489000) ops and (2447.9,3309.3) ops/second in (37.991895,449.943690) seconds
2026/08/31-02:20:38  ... thread 6: (93000,1487000) ops and (2447.5,3304.9) ops/second in (37.998017,449.944183) seconds
2026/08/31-02:20:38  ... thread 13: (93000,1490000) ops and (2448.1,3311.5) ops/second in (37.988888,449.944805) seconds
2026/08/31-02:20:40  ... thread 8: (85000,1497000) ops and (2758.6,3314.3) ops/second in (30.812915,451.672422) seconds
2026/08/31-02:20:40  ... thread 0: (85000,1494000) ops and (2758.7,3307.7) ops/second in (30.811219,451.672979) seconds

** Compaction Stats [default] **
Level    Files   Size     Score Read(GB)  Rn(GB) Rnp1(GB) Write(GB) WPreComp(GB) Wnew(GB) Moved(GB) W-Amp Rd(MB/s) Wr(MB/s) Comp(sec) CompMergeCPU(sec) Comp(cnt) Avg(sec) KeyIn KeyDrop Rblob(GB) Wblob(GB)
-------------------------------------------------------------------------------------------------------------------------------------------------------------------------------------------------------------
  L0     13/12     1.89 GB   0.2     18.9     0.0     18.9      42.4      42.4     23.4       0.0   1.8     20.7     46.3    936.16             87.66       461    2.031     43M    18K       0.0       0.0
  L1     65/65     3.99 GB   0.0     75.6    21.5     54.1      74.7      74.7     20.6       0.0   3.5    284.0    280.6    272.63            237.27        21   12.983     76M   906K       0.0       0.0
  L2    292/0     15.96 GB   0.4     17.2     8.7      8.6      16.6      16.6      8.0       8.0   1.9     18.3     17.6    965.21             52.84        93   10.379     17M   705K       0.0       0.0
 Sum    370/77    21.83 GB   0.0    111.8    30.2     81.6     133.6     133.6     52.0       8.0   5.7     52.7     62.9   2174.00            377.77       575    3.781    137M  1629K       0.0       0.0
 Int      0/0      0.00 KB   0.0      4.6     1.6      3.0       5.7       5.7      2.7       0.0   4.5     15.7     19.5    299.62             15.68        45    6.658   5976K   174K       0.0       0.0

** Compaction Stats [default] **
Priority    Files   Size     Score Read(GB)  Rn(GB) Rnp1(GB) Write(GB) WPreComp(GB) Wnew(GB) Moved(GB) W-Amp Rd(MB/s) Wr(MB/s) Comp(sec) CompMergeCPU(sec) Comp(cnt) Avg(sec) KeyIn KeyDrop Rblob(GB) Wblob(GB)
----------------------------------------------------------------------------------------------------------------------------------------------------------------------------------------------------------------
 Low      0/0      0.00 KB   0.0    111.8    30.2     81.6     110.2     110.2     28.6       0.0   0.0     73.7     72.6   1553.90            337.56       190    8.178    113M  1629K       0.0       0.0
High      0/0      0.00 KB   0.0      0.0     0.0      0.0      23.4      23.4     23.4       0.0   0.0      0.0     38.7    620.10             40.21       385    1.611     23M      0       0.0       0.0

Blob file count: 0, total size: 0.0 GB, garbage size: 0.0 GB, space amp: 0.0

Uptime(secs): 451.7 total, 27.6 interval
Flush(GB): cumulative 23.441, interval 1.279
AddFile(GB): cumulative 0.000, interval 0.000
AddFile(Total Files): cumulative 0, interval 0
AddFile(L0 Files): cumulative 0, interval 0
AddFile(Keys): cumulative 0, interval 0
Cumulative compaction: 133.62 GB write, 302.92 MB/s write, 111.79 GB read, 253.43 MB/s read, 2174.0 seconds
Interval compaction: 5.70 GB write, 211.33 MB/s write, 4.59 GB read, 170.31 MB/s read, 299.6 seconds
Estimated pending compaction bytes: 13786888266
Write Stall (count): cf-l0-file-count-limit-delays-with-ongoing-compaction: 16, cf-l0-file-count-limit-stops-with-ongoing-compaction: 0, l0-file-count-limit-delays: 16, l0-file-count-limit-stops: 0, memtable-limit-delays: 0, memtable-limit-stops: 271, pending-compaction-bytes-delays: 0, pending-compaction-bytes-stops: 0, total-delays: 16, total-stops: 271
interval: 19 total count
Block cache AutoHyperClockCache@0x5711ef9dd2d0#2018912 capacity: 512.00 MB seed: 591891029 usage: 7.95 MB table_size: 3614 occupancy: 1885 collections: 3 last_copies: 1 last_secs: 0.000331 secs_since: 87
Block cache entry stats(count,size,portion): Misc(1885,7.73 MB,1.50885%)

** File Read Latency Histogram By Level [default] **
** Level 0 read latency histogram (micros):
Count: 10500428 Average: 3.6985  StdDev: 2120.54
Min: 0  Median: 0.9523  Max: 4154556
Percentiles: P50: 0.95 P75: 1.56 P99: 2.98 P99.9: 4.46 P99.99: 5.21
------------------------------------------------------
[       0,       1 ]  5513011  52.503%  52.503% ###########
(       1,       2 ]  4242788  40.406%  92.909% ########
(       2,       3 ]   655780   6.245%  99.154% #
(       3,       4 ]    72535   0.691%  99.845% 
(       4,       6 ]    25209   0.240% 100.085% 
(       6,      10 ]    11760   0.112% 100.197% 
(      10,      15 ]     3842   0.037% 100.233% 
(      15,      22 ]     2165   0.021% 100.254% 
(      22,      34 ]      157   0.001% 100.255% 
(      34,      51 ]       28   0.000% 100.256% 
(      51,      76 ]      136   0.001% 100.257% 
(      76,     110 ]      279   0.003% 100.260% 
(     110,     170 ]       13   0.000% 100.260% 
(     170,     250 ]        5   0.000% 100.260% 
(     250,     380 ]        5   0.000% 100.260% 
(     380,     580 ]        3   0.000% 100.260% 
(     580,     870 ]       17   0.000% 100.260% 
(     870,    1300 ]       40   0.000% 100.260% 
(    1300,    1900 ]       24   0.000% 100.261% 
(    1900,    2900 ]        5   0.000% 100.261% 
(    2900,    4400 ]        3   0.000% 100.261% 
(    4400,    6600 ]        6   0.000% 100.261% 
(    6600,    9900 ]        2   0.000% 100.261% 
(    9900,   14000 ]        5   0.000% 100.261% 
(   14000,   22000 ]        7   0.000% 100.261% 
(   22000,   33000 ]       10   0.000% 100.261% 
(   33000,   50000 ]        7   0.000% 100.261% 
(   50000,   75000 ]       19   0.000% 100.261% 
(   75000,  110000 ]       15   0.000% 100.261% 
(  110000,  170000 ]        8   0.000% 100.261% 
(  170000,  250000 ]        3   0.000% 100.262% 
(  250000,  380000 ]        4   0.000% 100.262% 
(  380000,  570000 ]        1   0.000% 100.262% 
(  570000,  860000 ]        1   0.000% 100.262% 
( 1200000, 1900000 ]        3   0.000% 100.262% 
( 1900000, 2900000 ]        1   0.000% 100.262% 
( 2900000, 4300000 ]        2   0.000% 100.262% 

** Level 1 read latency histogram (micros):
Count: 17722208 Average: 1.5189  StdDev: 1.77
Min: 0  Median: 0.8919  Max: 3016
Percentiles: P50: 0.89 P75: 1.48 P99: 2.74 P99.9: 2.95 P99.99: 2.97
------------------------------------------------------
[       0,       1 ]  9934852  56.059%  56.059% ###########
(       1,       2 ]  7045947  39.758%  95.816% ########
(       2,       3 ]   759959   4.288% 100.105% #
(       3,       4 ]    94196   0.532% 100.636% 
(       4,       6 ]    32612   0.184% 100.820% 
(       6,      10 ]    21353   0.120% 100.941% 
(      10,      15 ]     5434   0.031% 100.971% 
(      15,      22 ]     2740   0.015% 100.987% 
(      22,      34 ]      307   0.002% 100.989% 
(      34,      51 ]      121   0.001% 100.989% 
(      51,      76 ]      268   0.002% 100.991% 
(      76,     110 ]      427   0.002% 100.993% 
(     110,     170 ]      195   0.001% 100.994% 
(     170,     250 ]       98   0.001% 100.995% 
(     250,     380 ]       13   0.000% 100.995% 
(     380,     580 ]        2   0.000% 100.995% 
(     580,     870 ]        4   0.000% 100.995% 
(    1300,    1900 ]        2   0.000% 100.995% 
(    1900,    2900 ]        1   0.000% 100.995% 
(    2900,    4400 ]        4   0.000% 100.995% 

** Level 2 read latency histogram (micros):
Count: 365686 Average: 48.0195  StdDev: 7604.26
Min: 0  Median: 0.9351  Max: 2139527
Percentiles: P50: 0.94 P75: 1.54 P99: 3.42 P99.9: 5.79 P99.99: 7.14
------------------------------------------------------
[       0,       1 ]   195530  53.469%  53.469% ###########
(       1,       2 ]   146405  40.036%  93.505% ########
(       2,       3 ]    18637   5.096%  98.602% #
(       3,       4 ]     3489   0.954%  99.556% 
(       4,       6 ]     1407   0.385%  99.940% 
(       6,      10 ]      635   0.174% 100.114% 
(      10,      15 ]      156   0.043% 100.157% 
(      15,      22 ]       63   0.017% 100.174% 
(      22,      34 ]       11   0.003% 100.177% 
(      34,      51 ]       34   0.009% 100.186% 
(      51,      76 ]      129   0.035% 100.222% 
(      76,     110 ]      112   0.031% 100.252% 
(     110,     170 ]        4   0.001% 100.253% 
(     170,     250 ]        1   0.000% 100.253% 
(     250,     380 ]        1   0.000% 100.254% 
(     380,     580 ]        4   0.001% 100.255% 
(     580,     870 ]        2   0.001% 100.255% 
(     870,    1300 ]        4   0.001% 100.257% 
(    1300,    1900 ]        1   0.000% 100.257% 
(    1900,    2900 ]        4   0.001% 100.258% 
(    2900,    4400 ]        1   0.000% 100.258% 
(    4400,    6600 ]        3   0.001% 100.259% 
(    6600,    9900 ]        2   0.001% 100.260% 
(    9900,   14000 ]        3   0.001% 100.260% 
(   14000,   22000 ]        3   0.001% 100.261% 
(   22000,   33000 ]        8   0.002% 100.263% 
(   33000,   50000 ]        2   0.001% 100.264% 
(   50000,   75000 ]       10   0.003% 100.267% 
(   75000,  110000 ]        5   0.001% 100.268% 
(  110000,  170000 ]        4   0.001% 100.269% 
(  170000,  250000 ]        4   0.001% 100.270% 
(  250000,  380000 ]        2   0.001% 100.271% 
( 1200000, 1900000 ]        8   0.002% 100.273% 
( 1900000, 2900000 ]        1   0.000% 100.273% 


** DB Stats **
Uptime(secs): 451.7 total, 27.6 interval
Cumulative writes: 23M writes, 23M keys, 3083K commit groups, 7.8 writes per commit group, ingest: 23.30 GB, 52.82 MB/s
Cumulative WAL: 23M writes, 0 syncs, 23927676.00 writes per sync, written: 23.30 GB, 52.82 MB/s
Cumulative stall: 00:06:30.682 H:M:S, 86.5 percent
Interval writes: 1252K writes, 1252K keys, 160K commit groups, 7.8 writes per commit group, ingest: 1248.43 MB, 45.19 MB/s
Interval WAL: 1252K writes, 0 syncs, 1252045.00 writes per sync, written: 1.22 GB, 45.19 MB/s
Interval stall: 00:00:27.659 H:M:S, 100.1 percent
Write Stall (count): write-buffer-manager-limit-stops: 0
num-running-compactions: 2
num-running-flushes: 1

2026/08/31-02:20:40  ... thread 4: (86000,1496000) ops and (2788.6,3312.1) ops/second in (30.839448,451.673438) seconds
2026/08/31-02:20:40  ... thread 3: (85000,1494000) ops and (2758.4,3307.7) ops/second in (30.814711,451.673508) seconds
2026/08/31-02:20:40  ... thread 1: (86000,1496000) ops and (2790.0,3312.1) ops/second in (30.824673,451.674027) seconds
2026/08/31-02:20:40  ... thread 11: (85000,1495000) ops and (2757.0,3309.9) ops/second in (30.830795,451.674276) seconds
2026/08/31-02:21:11  ... thread 10: (57000,1543000) ops and (1767.0,3200.0) ops/second in (32.258490,482.189832) seconds
2026/08/31-02:21:11  ... thread 6: (57000,1544000) ops and (1767.5,3202.0) ops/second in (32.249455,482.193638) seconds
2026/08/31-02:21:11  ... thread 0: (50000,1544000) ops and (1637.8,3202.0) ops/second in (30.528044,482.201023) seconds
2026/08/31-02:21:11  ... thread 3: (50000,1544000) ops and (1637.9,3202.0) ops/second in (30.527740,482.201248) seconds

** Compaction Stats [default] **
Level    Files   Size     Score Read(GB)  Rn(GB) Rnp1(GB) Write(GB) WPreComp(GB) Wnew(GB) Moved(GB) W-Amp Rd(MB/s) Wr(MB/s) Comp(sec) CompMergeCPU(sec) Comp(cnt) Avg(sec) KeyIn KeyDrop Rblob(GB) Wblob(GB)
-------------------------------------------------------------------------------------------------------------------------------------------------------------------------------------------------------------
  L0      9/4      1.15 GB   1.2     20.0     0.0     20.0      44.2      44.2     24.3       0.0   1.8     20.2     44.7   1014.09             91.76       479    2.117     45M    19K       0.0       0.0
  L1     77/10     4.70 GB   1.0     81.2    23.1     58.1      80.2      80.2     22.1       0.0   3.5    280.5    277.1    296.38            253.71        22   13.472     82M   979K       0.0       0.0
  L2    304/24    16.65 GB   0.4     19.2     9.5      9.7      18.4      18.4      8.7       8.0   1.9     18.0     17.3   1091.71             59.41       109   10.016     19M   805K       0.0       0.0
 Sum    390/38    22.51 GB   0.0    120.3    32.6     87.8     142.8     142.8     55.1       8.0   5.9     51.3     60.9   2402.17            404.88       610    3.938    147M  1805K       0.0       0.0
 Int      0/0      0.00 KB   0.0     13.1     3.9      9.2      14.9      14.9      5.7       0.0   7.0     25.5     29.0    527.79             42.80        80    6.597     15M   350K       0.0       0.0

** Compaction Stats [default] **
Priority    Files   Size     Score Read(GB)  Rn(GB) Rnp1(GB) Write(GB) WPreComp(GB) Wnew(GB) Moved(GB) W-Amp Rd(MB/s) Wr(MB/s) Comp(sec) CompMergeCPU(sec) Comp(cnt) Avg(sec) KeyIn KeyDrop Rblob(GB) Wblob(GB)
----------------------------------------------------------------------------------------------------------------------------------------------------------------------------------------------------------------
 Low      0/0      0.00 KB   0.0    120.3    32.6     87.8     118.6     118.6     30.8       0.0   0.0     71.1     70.1   1732.39            363.15       211    8.210    122M  1805K       0.0       0.0
High      0/0      0.00 KB   0.0      0.0     0.0      0.0      24.3      24.3     24.3       0.0   0.0      0.0     37.1    669.78             41.73       399    1.679     24M      0       0.0       0.0

Blob file count: 0, total size: 0.0 GB, garbage size: 0.0 GB, space amp: 0.0

Uptime(secs): 482.2 total, 58.2 interval
Flush(GB): cumulative 24.292, interval 2.130
AddFile(GB): cumulative 0.000, interval 0.000
AddFile(Total Files): cumulative 0, interval 0
AddFile(L0 Files): cumulative 0, interval 0
AddFile(Keys): cumulative 0, interval 0
Cumulative compaction: 142.85 GB write, 303.34 MB/s write, 120.34 GB read, 255.55 MB/s read, 2402.2 seconds
Interval compaction: 14.93 GB write, 262.90 MB/s write, 13.14 GB read, 231.47 MB/s read, 527.8 seconds
Estimated pending compaction bytes: 13947599214
Write Stall (count): cf-l0-file-count-limit-delays-with-ongoing-compaction: 16, cf-l0-file-count-limit-stops-with-ongoing-compaction: 0, l0-file-count-limit-delays: 16, l0-file-count-limit-stops: 0, memtable-limit-delays: 0, memtable-limit-stops: 288, pending-compaction-bytes-delays: 0, pending-compaction-bytes-stops: 0, total-delays: 16, total-stops: 288
interval: 36 total count
Block cache AutoHyperClockCache@0x5711ef9dd2d0#2018912 capacity: 512.00 MB seed: 591891029 usage: 7.95 MB table_size: 3614 occupancy: 1885 collections: 3 last_copies: 1 last_secs: 0.000331 secs_since: 118
Block cache entry stats(count,size,portion): Misc(1885,7.73 MB,1.50885%)

** File Read Latency Histogram By Level [default] **
** Level 0 read latency histogram (micros):
Count: 10889612 Average: 3.6347  StdDev: 2082.54
Min: 0  Median: 0.9461  Max: 4154556
Percentiles: P50: 0.95 P75: 1.55 P99: 2.97 P99.9: 4.51 P99.99: 5.26
------------------------------------------------------
[       0,       1 ]  5754968  52.848%  52.848% ###########
(       1,       2 ]  4370341  40.133%  92.981% ########
(       2,       3 ]   672280   6.174%  99.155% #
(       3,       4 ]    74483   0.684%  99.839% 
(       4,       6 ]    26055   0.239% 100.078% 
(       6,      10 ]    12124   0.111% 100.190% 
(      10,      15 ]     4001   0.037% 100.226% 
(      15,      22 ]     2280   0.021% 100.247% 
(      22,      34 ]      160   0.001% 100.249% 
(      34,      51 ]       29   0.000% 100.249% 
(      51,      76 ]      142   0.001% 100.250% 
(      76,     110 ]      291   0.003% 100.253% 
(     110,     170 ]       16   0.000% 100.253% 
(     170,     250 ]        5   0.000% 100.253% 
(     250,     380 ]        6   0.000% 100.253% 
(     380,     580 ]        3   0.000% 100.253% 
(     580,     870 ]       17   0.000% 100.253% 
(     870,    1300 ]       43   0.000% 100.254% 
(    1300,    1900 ]       26   0.000% 100.254% 
(    1900,    2900 ]        5   0.000% 100.254% 
(    2900,    4400 ]        3   0.000% 100.254% 
(    4400,    6600 ]        6   0.000% 100.254% 
(    6600,    9900 ]        2   0.000% 100.254% 
(    9900,   14000 ]        5   0.000% 100.254% 
(   14000,   22000 ]        8   0.000% 100.254% 
(   22000,   33000 ]       11   0.000% 100.254% 
(   33000,   50000 ]        8   0.000% 100.254% 
(   50000,   75000 ]       19   0.000% 100.255% 
(   75000,  110000 ]       16   0.000% 100.255% 
(  110000,  170000 ]        8   0.000% 100.255% 
(  170000,  250000 ]        3   0.000% 100.255% 
(  250000,  380000 ]        4   0.000% 100.255% 
(  380000,  570000 ]        1   0.000% 100.255% 
(  570000,  860000 ]        1   0.000% 100.255% 
( 1200000, 1900000 ]        3   0.000% 100.255% 
( 1900000, 2900000 ]        1   0.000% 100.255% 
( 2900000, 4300000 ]        2   0.000% 100.255% 

** Level 1 read latency histogram (micros):
Count: 18570160 Average: 1.5164  StdDev: 1.75
Min: 0  Median: 0.8880  Max: 3016
Percentiles: P50: 0.89 P75: 1.47 P99: 2.75 P99.9: 2.96 P99.99: 2.98
------------------------------------------------------
[       0,       1 ] 10456212  56.307%  56.307% ###########
(       1,       2 ]  7331781  39.482%  95.788% ########
(       2,       3 ]   796355   4.288% 100.076% #
(       3,       4 ]    98623   0.531% 100.607% 
(       4,       6 ]    34673   0.187% 100.794% 
(       6,      10 ]    22236   0.120% 100.914% 
(      10,      15 ]     5745   0.031% 100.945% 
(      15,      22 ]     2956   0.016% 100.961% 
(      22,      34 ]      324   0.002% 100.963% 
(      34,      51 ]      129   0.001% 100.963% 
(      51,      76 ]      313   0.002% 100.965% 
(      76,     110 ]      457   0.002% 100.967% 
(     110,     170 ]      204   0.001% 100.968% 
(     170,     250 ]       98   0.001% 100.969% 
(     250,     380 ]       13   0.000% 100.969% 
(     380,     580 ]        2   0.000% 100.969% 
(     580,     870 ]        4   0.000% 100.969% 
(    1300,    1900 ]        2   0.000% 100.969% 
(    1900,    2900 ]        1   0.000% 100.969% 
(    2900,    4400 ]        4   0.000% 100.969% 

** Level 2 read latency histogram (micros):
Count: 839852 Average: 22.7824  StdDev: 5024.87
Min: 0  Median: 0.9531  Max: 2139527
Percentiles: P50: 0.95 P75: 1.54 P99: 2.98 P99.9: 3.92 P99.99: 4.09
------------------------------------------------------
[       0,       1 ]   440589  52.460%  52.460% ##########
(       1,       2 ]   348375  41.481%  93.941% ########
(       2,       3 ]    43172   5.140%  99.081% #
(       3,       4 ]     7487   0.891%  99.973% 
(       4,       6 ]     3299   0.393% 100.366% 
(       6,      10 ]     1218   0.145% 100.511% 
(      10,      15 ]      289   0.034% 100.545% 
(      15,      22 ]      128   0.015% 100.560% 
(      22,      34 ]       16   0.002% 100.562% 
(      34,      51 ]       40   0.005% 100.567% 
(      51,      76 ]      139   0.017% 100.583% 
(      76,     110 ]      131   0.016% 100.599% 
(     110,     170 ]        5   0.001% 100.600% 
(     170,     250 ]        1   0.000% 100.600% 
(     250,     380 ]        1   0.000% 100.600% 
(     380,     580 ]        4   0.000% 100.600% 
(     580,     870 ]        2   0.000% 100.601% 
(     870,    1300 ]        4   0.000% 100.601% 
(    1300,    1900 ]        1   0.000% 100.601% 
(    1900,    2900 ]        4   0.000% 100.602% 
(    2900,    4400 ]        1   0.000% 100.602% 
(    4400,    6600 ]        3   0.000% 100.602% 
(    6600,    9900 ]        2   0.000% 100.602% 
(    9900,   14000 ]        3   0.000% 100.603% 
(   14000,   22000 ]        3   0.000% 100.603% 
(   22000,   33000 ]       11   0.001% 100.604% 
(   33000,   50000 ]        7   0.001% 100.605% 
(   50000,   75000 ]       12   0.001% 100.607% 
(   75000,  110000 ]        9   0.001% 100.608% 
(  110000,  170000 ]        4   0.000% 100.608% 
(  170000,  250000 ]        4   0.000% 100.609% 
(  250000,  380000 ]        2   0.000% 100.609% 
( 1200000, 1900000 ]        8   0.001% 100.610% 
( 1900000, 2900000 ]        1   0.000% 100.610% 


** DB Stats **
Uptime(secs): 482.2 total, 30.5 interval
Cumulative writes: 24M writes, 24M keys, 3185K commit groups, 7.8 writes per commit group, ingest: 24.07 GB, 51.12 MB/s
Cumulative WAL: 24M writes, 0 syncs, 24722679.00 writes per sync, written: 24.07 GB, 51.12 MB/s
Cumulative stall: 00:06:59.626 H:M:S, 87.0 percent
Interval writes: 795K writes, 795K keys, 101K commit groups, 7.8 writes per commit group, ingest: 792.71 MB, 25.97 MB/s
Interval WAL: 795K writes, 0 syncs, 795003.00 writes per sync, written: 0.77 GB, 25.97 MB/s
Interval stall: 00:00:28.944 H:M:S, 94.8 percent
Write Stall (count): write-buffer-manager-limit-stops: 0
num-running-compactions: 11
num-running-flushes: 1

2026/08/31-02:21:11  ... thread 5: (58000,1544000) ops and (1797.4,3201.9) ops/second in (32.268170,482.210743) seconds
2026/08/31-02:21:11  ... thread 2: (58000,1546000) ops and (1796.3,3206.1) ops/second in (32.289189,482.212167) seconds
2026/08/31-02:21:11  ... thread 11: (50000,1545000) ops and (1637.3,3204.0) ops/second in (30.538208,482.212484) seconds
2026/08/31-02:21:11  ... thread 15: (58000,1545000) ops and (1796.3,3204.0) ops/second in (32.289067,482.213438) seconds
2026/08/31-02:21:11  ... thread 13: (58000,1548000) ops and (1797.4,3210.2) ops/second in (32.268806,482.213611) seconds
2026/08/31-02:21:11  ... thread 8: (50000,1547000) ops and (1637.1,3208.1) ops/second in (30.541648,482.214070) seconds
2026/08/31-02:21:11  ... thread 9: (59000,1545000) ops and (1814.7,3204.0) ops/second in (32.511725,482.215038) seconds
2026/08/31-02:21:11  ... thread 7: (58000,1547000) ops and (1797.2,3208.1) ops/second in (32.271725,482.215415) seconds
2026/08/31-02:21:11  ... thread 4: (50000,1546000) ops and (1637.0,3206.0) ops/second in (30.542813,482.216251) seconds
2026/08/31-02:21:11  ... thread 12: (58000,1546000) ops and (1797.0,3206.0) ops/second in (32.275145,482.217244) seconds
2026/08/31-02:21:11  ... thread 14: (58000,1546000) ops and (1796.4,3206.0) ops/second in (32.287386,482.216981) seconds
2026/08/31-02:21:11  ... thread 1: (50000,1546000) ops and (1637.0,3206.0) ops/second in (30.543579,482.217606) seconds
2026/08/31-02:21:42  ... thread 8: (170000,1717000) ops and (5493.2,3345.9) ops/second in (30.947322,513.161392) seconds
2026/08/31-02:21:42  ... thread 12: (170000,1716000) ops and (5456.6,3342.6) ops/second in (31.155103,513.372347) seconds
2026/08/31-02:21:42  ... thread 2: (170000,1716000) ops and (5388.9,3340.1) ops/second in (31.546449,513.758616) seconds
2026/08/31-02:21:42  ... thread 14: (170000,1716000) ops and (5389.5,3340.1) ops/second in (31.542767,513.759748) seconds
2026/08/31-02:21:42  ... thread 15: (170000,1715000) ops and (5350.6,3336.7) ops/second in (31.772104,513.985542) seconds
2026/08/31-02:21:42  ... thread 9: (170000,1715000) ops and (5331.8,3335.9) ops/second in (31.884361,514.099399) seconds
2026/08/31-02:21:43  ... thread 6: (171000,1715000) ops and (5334.1,3334.9) ops/second in (32.057928,514.251566) seconds
2026/08/31-02:21:43  ... thread 0: (171000,1715000) ops and (5305.7,3333.8) ops/second in (32.229212,514.430235) seconds

** Compaction Stats [default] **
Level    Files   Size     Score Read(GB)  Rn(GB) Rnp1(GB) Write(GB) WPreComp(GB) Wnew(GB) Moved(GB) W-Amp Rd(MB/s) Wr(MB/s) Comp(sec) CompMergeCPU(sec) Comp(cnt) Avg(sec) KeyIn KeyDrop Rblob(GB) Wblob(GB)
-------------------------------------------------------------------------------------------------------------------------------------------------------------------------------------------------------------
  L0     21/20     3.83 GB   0.2     22.3     0.0     22.3      49.2      49.2     27.0       0.0   1.8     21.0     46.5   1085.22            101.73       532    2.040     50M    21K       0.0       0.0
  L1     67/67     3.96 GB   0.0     81.2    23.1     58.1      80.2      80.2     22.1       0.0   3.5    280.5    277.1    296.38            253.71        22   13.472     82M   979K       0.0       0.0
  L2    313/0     17.31 GB   0.4     21.1    10.2     10.9      20.3      20.3      9.3       8.0   2.0     18.1     17.4   1193.59             65.15       119   10.030     21M   898K       0.0       0.0
 Sum    401/87    25.10 GB   0.0    124.6    33.3     91.3     149.7     149.7     58.4       8.0   5.5     49.5     59.5   2575.18            420.59       673    3.826    154M  1900K       0.0       0.0
 Int      0/0      0.00 KB   0.0      2.3     0.0      2.3       4.6       4.6      2.3       0.0   2.0     34.4     67.8     68.99              9.30        46    1.500   4652K   2355       0.0       0.0

** Compaction Stats [default] **
Priority    Files   Size     Score Read(GB)  Rn(GB) Rnp1(GB) Write(GB) WPreComp(GB) Wnew(GB) Moved(GB) W-Amp Rd(MB/s) Wr(MB/s) Comp(sec) CompMergeCPU(sec) Comp(cnt) Avg(sec) KeyIn KeyDrop Rblob(GB) Wblob(GB)
----------------------------------------------------------------------------------------------------------------------------------------------------------------------------------------------------------------
 Low      0/0      0.00 KB   0.0    124.6    33.3     91.3     122.7     122.7     31.5       0.0   0.0     68.8     67.8   1854.71            374.58       230    8.064    126M  1900K       0.0       0.0
High      0/0      0.00 KB   0.0      0.0     0.0      0.0      27.0      27.0     27.0       0.0   0.0      0.0     38.3    720.47             46.02       443    1.626     27M      0       0.0       0.0

Blob file count: 0, total size: 0.0 GB, garbage size: 0.0 GB, space amp: 0.0

Uptime(secs): 514.4 total, 30.4 interval
Flush(GB): cumulative 26.974, interval 2.257
AddFile(GB): cumulative 0.000, interval 0.000
AddFile(Total Files): cumulative 0, interval 0
AddFile(L0 Files): cumulative 0, interval 0
AddFile(Keys): cumulative 0, interval 0
Cumulative compaction: 149.69 GB write, 297.96 MB/s write, 124.60 GB read, 248.01 MB/s read, 2575.2 seconds
Interval compaction: 4.57 GB write, 154.06 MB/s write, 2.32 GB read, 78.07 MB/s read, 69.0 seconds
Estimated pending compaction bytes: 21474995117
Write Stall (count): cf-l0-file-count-limit-delays-with-ongoing-compaction: 20, cf-l0-file-count-limit-stops-with-ongoing-compaction: 0, l0-file-count-limit-delays: 20, l0-file-count-limit-stops: 0, memtable-limit-delays: 0, memtable-limit-stops: 320, pending-compaction-bytes-delays: 0, pending-compaction-bytes-stops: 0, total-delays: 20, total-stops: 320
interval: 25 total count
Block cache AutoHyperClockCache@0x5711ef9dd2d0#2018912 capacity: 512.00 MB seed: 591891029 usage: 7.95 MB table_size: 3614 occupancy: 1885 collections: 3 last_copies: 2 last_secs: 0.000331 secs_since: 150
Block cache entry stats(count,size,portion): Misc(1885,7.73 MB,1.50885%)

** File Read Latency Histogram By Level [default] **
** Level 0 read latency histogram (micros):
Count: 12085828 Average: 3.7333  StdDev: 2119.30
Min: 0  Median: 0.9350  Max: 4154556
Percentiles: P50: 0.94 P75: 1.54 P99: 2.97 P99.9: 4.44 P99.99: 5.20
------------------------------------------------------
[       0,       1 ]  6462898  53.475%  53.475% ###########
(       1,       2 ]  4803676  39.746%  93.221% ########
(       2,       3 ]   720449   5.961%  99.182% #
(       3,       4 ]    80465   0.666%  99.848% 
(       4,       6 ]    28567   0.236% 100.085% 
(       6,      10 ]    13296   0.110% 100.195% 
(      10,      15 ]     4434   0.037% 100.231% 
(      15,      22 ]     2530   0.021% 100.252% 
(      22,      34 ]      175   0.001% 100.254% 
(      34,      51 ]       31   0.000% 100.254% 
(      51,      76 ]      160   0.001% 100.255% 
(      76,     110 ]      317   0.003% 100.258% 
(     110,     170 ]       17   0.000% 100.258% 
(     170,     250 ]        5   0.000% 100.258% 
(     250,     380 ]        8   0.000% 100.258% 
(     380,     580 ]        4   0.000% 100.258% 
(     580,     870 ]       19   0.000% 100.258% 
(     870,    1300 ]       45   0.000% 100.259% 
(    1300,    1900 ]       29   0.000% 100.259% 
(    1900,    2900 ]        6   0.000% 100.259% 
(    2900,    4400 ]        3   0.000% 100.259% 
(    4400,    6600 ]        6   0.000% 100.259% 
(    6600,    9900 ]        3   0.000% 100.259% 
(    9900,   14000 ]        5   0.000% 100.259% 
(   14000,   22000 ]        8   0.000% 100.259% 
(   22000,   33000 ]       11   0.000% 100.259% 
(   33000,   50000 ]        9   0.000% 100.259% 
(   50000,   75000 ]       21   0.000% 100.260% 
(   75000,  110000 ]       16   0.000% 100.260% 
(  110000,  170000 ]        8   0.000% 100.260% 
(  170000,  250000 ]        3   0.000% 100.260% 
(  250000,  380000 ]        4   0.000% 100.260% 
(  380000,  570000 ]        1   0.000% 100.260% 
(  570000,  860000 ]        1   0.000% 100.260% 
( 1200000, 1900000 ]        4   0.000% 100.260% 
( 1900000, 2900000 ]        2   0.000% 100.260% 
( 2900000, 4300000 ]        2   0.000% 100.260% 

** Level 1 read latency histogram (micros):
Count: 19291352 Average: 1.5098  StdDev: 1.72
Min: 0  Median: 0.8795  Max: 3016
Percentiles: P50: 0.88 P75: 1.47 P99: 2.75 P99.9: 2.96 P99.99: 2.98
------------------------------------------------------
[       0,       1 ] 10967061  56.850%  56.850% ###########
(       1,       2 ]  7522171  38.992%  95.842% ########
(       2,       3 ]   816052   4.230% 100.072% #
(       3,       4 ]   100547   0.521% 100.593% 
(       4,       6 ]    35395   0.183% 100.777% 
(       6,      10 ]    22923   0.119% 100.896% 
(      10,      15 ]     5961   0.031% 100.927% 
(      15,      22 ]     3123   0.016% 100.943% 
(      22,      34 ]      336   0.002% 100.945% 
(      34,      51 ]      130   0.001% 100.945% 
(      51,      76 ]      314   0.002% 100.947% 
(      76,     110 ]      459   0.002% 100.949% 
(     110,     170 ]      204   0.001% 100.950% 
(     170,     250 ]       98   0.001% 100.951% 
(     250,     380 ]       13   0.000% 100.951% 
(     380,     580 ]        2   0.000% 100.951% 
(     580,     870 ]        4   0.000% 100.951% 
(    1300,    1900 ]        2   0.000% 100.951% 
(    1900,    2900 ]        1   0.000% 100.951% 
(    2900,    4400 ]        4   0.000% 100.951% 

** Level 2 read latency histogram (micros):
Count: 865625 Average: 22.1482  StdDev: 4949.51
Min: 0  Median: 0.9443  Max: 2139527
Percentiles: P50: 0.94 P75: 1.54 P99: 2.98 P99.9: 3.93 P99.99: 4.13
------------------------------------------------------
[       0,       1 ]   458354  52.951%  52.951% ###########
(       1,       2 ]   355556  41.075%  94.026% ########
(       2,       3 ]    43811   5.061%  99.087% #
(       3,       4 ]     7593   0.877%  99.964% 
(       4,       6 ]     3339   0.386% 100.350% 
(       6,      10 ]     1239   0.143% 100.493% 
(      10,      15 ]      297   0.034% 100.527% 
(      15,      22 ]      130   0.015% 100.542% 
(      22,      34 ]       20   0.002% 100.545% 
(      34,      51 ]       49   0.006% 100.550% 
(      51,      76 ]      154   0.018% 100.568% 
(      76,     110 ]      136   0.016% 100.584% 
(     110,     170 ]        5   0.001% 100.584% 
(     170,     250 ]        1   0.000% 100.584% 
(     250,     380 ]        1   0.000% 100.585% 
(     380,     580 ]        4   0.000% 100.585% 
(     580,     870 ]        4   0.000% 100.585% 
(     870,    1300 ]        4   0.000% 100.586% 
(    1300,    1900 ]        1   0.000% 100.586% 
(    1900,    2900 ]        4   0.000% 100.587% 
(    2900,    4400 ]        1   0.000% 100.587% 
(    4400,    6600 ]        3   0.000% 100.587% 
(    6600,    9900 ]        2   0.000% 100.587% 
(    9900,   14000 ]        3   0.000% 100.588% 
(   14000,   22000 ]        3   0.000% 100.588% 
(   22000,   33000 ]       11   0.001% 100.589% 
(   33000,   50000 ]        7   0.001% 100.590% 
(   50000,   75000 ]       12   0.001% 100.591% 
(   75000,  110000 ]        9   0.001% 100.592% 
(  110000,  170000 ]        4   0.000% 100.593% 
(  170000,  250000 ]        4   0.000% 100.593% 
(  250000,  380000 ]        2   0.000% 100.594% 
( 1200000, 1900000 ]        8   0.001% 100.594% 
( 1900000, 2900000 ]        1   0.000% 100.595% 


** DB Stats **
Uptime(secs): 514.4 total, 30.4 interval
Cumulative writes: 27M writes, 27M keys, 3535K commit groups, 7.8 writes per commit group, ingest: 26.74 GB, 53.22 MB/s
Cumulative WAL: 27M writes, 0 syncs, 27458051.00 writes per sync, written: 26.74 GB, 53.22 MB/s
Cumulative stall: 00:07:24.061 H:M:S, 86.3 percent
Interval writes: 2181K writes, 2181K keys, 277K commit groups, 7.9 writes per commit group, ingest: 2175.55 MB, 71.62 MB/s
Interval WAL: 2181K writes, 0 syncs, 2181897.00 writes per sync, written: 2.12 GB, 71.62 MB/s
Interval stall: 00:00:23.557 H:M:S, 77.5 percent
Write Stall (count): write-buffer-manager-limit-stops: 0
num-running-compactions: 2
num-running-flushes: 0

2026/08/31-02:21:43  ... thread 7: (171000,1718000) ops and (5267.7,3338.0) ops/second in (32.461958,514.677373) seconds
2026/08/31-02:21:43  ... thread 11: (171000,1716000) ops and (5254.7,3333.6) ops/second in (32.542268,514.754752) seconds
2026/08/31-02:21:43  ... thread 4: (171000,1717000) ops and (5245.1,3335.2) ops/second in (32.601698,514.817949) seconds
2026/08/31-02:21:43  ... thread 5: (171000,1715000) ops and (5201.7,3329.6) ops/second in (32.873611,515.084354) seconds
2026/08/31-02:21:44  ... thread 10: (172000,1715000) ops and (5217.3,3329.1) ops/second in (32.967143,515.156975) seconds
2026/08/31-02:21:44  ... thread 1: (171000,1717000) ops and (5188.5,3332.8) ops/second in (32.957371,515.174977) seconds
2026/08/31-02:21:44  ... thread 3: (172000,1716000) ops and (5188.6,3329.8) ops/second in (33.149892,515.351140) seconds
2026/08/31-02:21:44  ... thread 13: (171000,1719000) ops and (5160.3,3335.6) ops/second in (33.137771,515.351382) seconds
2026/08/31-02:22:12  ... thread 12: (31000,1747000) ops and (1029.6,3214.5) ops/second in (30.107347,543.479694) seconds
2026/08/31-02:22:12  ... thread 8: (31000,1748000) ops and (1022.2,3216.3) ops/second in (30.325526,543.486918) seconds
2026/08/31-02:22:13  ... thread 6: (35000,1750000) ops and (1159.0,3214.2) ops/second in (30.198937,544.450503) seconds
2026/08/31-02:22:13  ... thread 9: (35000,1750000) ops and (1153.0,3214.2) ops/second in (30.354802,544.454201) seconds
2026/08/31-02:22:13  ... thread 2: (35000,1751000) ops and (1140.2,3216.1) ops/second in (30.695967,544.454583) seconds
2026/08/31-02:22:13  ... thread 14: (35000,1751000) ops and (1140.2,3216.1) ops/second in (30.696532,544.456280) seconds
2026/08/31-02:22:13  ... thread 15: (35000,1750000) ops and (1148.6,3214.2) ops/second in (30.471472,544.457014) seconds
2026/08/31-02:22:13  ... thread 0: (35000,1750000) ops and (1165.5,3214.2) ops/second in (30.029962,544.460197) seconds

** Compaction Stats [default] **
Level    Files   Size     Score Read(GB)  Rn(GB) Rnp1(GB) Write(GB) WPreComp(GB) Wnew(GB) Moved(GB) W-Amp Rd(MB/s) Wr(MB/s) Comp(sec) CompMergeCPU(sec) Comp(cnt) Avg(sec) KeyIn KeyDrop Rblob(GB) Wblob(GB)
-------------------------------------------------------------------------------------------------------------------------------------------------------------------------------------------------------------
  L0      7/5    807.24 MB   0.5     22.8     0.0     22.8      50.2      50.2     27.4       0.0   1.8     20.4     45.1   1140.41            103.93       542    2.104     51M    21K       0.0       0.0
  L1    114/18     6.28 GB   1.4     88.7    26.6     62.0      87.5      87.5     25.5       0.0   3.3    278.5    274.9    325.98            275.13        23   14.173     90M  1174K       0.0       0.0
  L2    331/21    18.19 GB   0.4     24.0    11.5     12.5      22.9      22.9     10.5       8.0   2.0     18.5     17.7   1326.61             74.36       143    9.277     24M  1065K       0.0       0.0
 Sum    452/44    25.26 GB   0.0    135.4    38.2     97.2     160.6     160.6     63.4       8.0   5.8     49.6     58.9   2793.00            453.41       708    3.945    165M  2262K       0.0       0.0
 Int      0/0      0.00 KB   0.0      1.1     0.4      0.8       1.1       1.1      0.3       0.0 1145437628.0     15.4     14.7     74.33              3.18         8    9.291   1134K    48K       0.0       0.0

** Compaction Stats [default] **
Priority    Files   Size     Score Read(GB)  Rn(GB) Rnp1(GB) Write(GB) WPreComp(GB) Wnew(GB) Moved(GB) W-Amp Rd(MB/s) Wr(MB/s) Comp(sec) CompMergeCPU(sec) Comp(cnt) Avg(sec) KeyIn KeyDrop Rblob(GB) Wblob(GB)
----------------------------------------------------------------------------------------------------------------------------------------------------------------------------------------------------------------
 Low      0/0      0.00 KB   0.0    135.4    38.2     97.2     133.2     133.2     35.9       0.0   0.0     67.9     66.8   2040.73            406.48       257    7.941    137M  2262K       0.0       0.0
High      0/0      0.00 KB   0.0      0.0     0.0      0.0      27.5      27.5     27.5       0.0   0.0      0.0     37.4    752.26             46.93       451    1.668     27M      0       0.0       0.0

Blob file count: 0, total size: 0.0 GB, garbage size: 0.0 GB, space amp: 0.0

Uptime(secs): 544.5 total, 0.4 interval
Flush(GB): cumulative 27.459, interval 0.000
AddFile(GB): cumulative 0.000, interval 0.000
AddFile(Total Files): cumulative 0, interval 0
AddFile(L0 Files): cumulative 0, interval 0
AddFile(Keys): cumulative 0, interval 0
Cumulative compaction: 160.61 GB write, 302.06 MB/s write, 135.39 GB read, 254.62 MB/s read, 2793.0 seconds
Interval compaction: 1.07 GB write, 2629.41 MB/s write, 1.11 GB read, 2747.61 MB/s read, 74.3 seconds
Estimated pending compaction bytes: 19367736912
Write Stall (count): cf-l0-file-count-limit-delays-with-ongoing-compaction: 23, cf-l0-file-count-limit-stops-with-ongoing-compaction: 0, l0-file-count-limit-delays: 23, l0-file-count-limit-stops: 0, memtable-limit-delays: 0, memtable-limit-stops: 334, pending-compaction-bytes-delays: 0, pending-compaction-bytes-stops: 0, total-delays: 23, total-stops: 334
interval: 0 total count
Block cache AutoHyperClockCache@0x5711ef9dd2d0#2018912 capacity: 512.00 MB seed: 591891029 usage: 8.70 MB table_size: 4243 occupancy: 2060 collections: 4 last_copies: 0 last_secs: 0.00036 secs_since: 0
Block cache entry stats(count,size,portion): Misc(2060,8.44 MB,1.6485%)

** File Read Latency Histogram By Level [default] **
** Level 0 read latency histogram (micros):
Count: 12488092 Average: 3.6802  StdDev: 2085.44
Min: 0  Median: 0.9355  Max: 4154556
Percentiles: P50: 0.94 P75: 1.54 P99: 2.97 P99.9: 4.49 P99.99: 5.25
------------------------------------------------------
[       0,       1 ]  6674362  53.446%  53.446% ###########
(       1,       2 ]  4963588  39.747%  93.192% ########
(       2,       3 ]   745919   5.973%  99.165% #
(       3,       4 ]    84452   0.676%  99.842% 
(       4,       6 ]    29705   0.238% 100.080% 
(       6,      10 ]    13887   0.111% 100.191% 
(      10,      15 ]     4800   0.038% 100.229% 
(      15,      22 ]     2772   0.022% 100.251% 
(      22,      34 ]      193   0.002% 100.253% 
(      34,      51 ]       33   0.000% 100.253% 
(      51,      76 ]      163   0.001% 100.254% 
(      76,     110 ]      322   0.003% 100.257% 
(     110,     170 ]       17   0.000% 100.257% 
(     170,     250 ]        5   0.000% 100.257% 
(     250,     380 ]        8   0.000% 100.257% 
(     380,     580 ]        4   0.000% 100.257% 
(     580,     870 ]       19   0.000% 100.258% 
(     870,    1300 ]       46   0.000% 100.258% 
(    1300,    1900 ]       30   0.000% 100.258% 
(    1900,    2900 ]        6   0.000% 100.258% 
(    2900,    4400 ]        3   0.000% 100.258% 
(    4400,    6600 ]        6   0.000% 100.258% 
(    6600,    9900 ]        3   0.000% 100.258% 
(    9900,   14000 ]        5   0.000% 100.258% 
(   14000,   22000 ]        8   0.000% 100.258% 
(   22000,   33000 ]       12   0.000% 100.258% 
(   33000,   50000 ]        9   0.000% 100.259% 
(   50000,   75000 ]       21   0.000% 100.259% 
(   75000,  110000 ]       16   0.000% 100.259% 
(  110000,  170000 ]        9   0.000% 100.259% 
(  170000,  250000 ]        3   0.000% 100.259% 
(  250000,  380000 ]        4   0.000% 100.259% 
(  380000,  570000 ]        1   0.000% 100.259% 
(  570000,  860000 ]        1   0.000% 100.259% 
( 1200000, 1900000 ]        4   0.000% 100.259% 
( 1900000, 2900000 ]        2   0.000% 100.259% 
( 2900000, 4300000 ]        2   0.000% 100.259% 

** Level 1 read latency histogram (micros):
Count: 20145817 Average: 1.5093  StdDev: 2.14
Min: 0  Median: 0.8771  Max: 3025
Percentiles: P50: 0.88 P75: 1.46 P99: 2.75 P99.9: 2.97 P99.99: 2.99
------------------------------------------------------
[       0,       1 ] 11484936  57.009%  57.009% ###########
(       1,       2 ]  7815381  38.794%  95.803% ########
(       2,       3 ]   855011   4.244% 100.047% #
(       3,       4 ]   105014   0.521% 100.568% 
(       4,       6 ]    36984   0.184% 100.752% 
(       6,      10 ]    23882   0.119% 100.871% 
(      10,      15 ]     6386   0.032% 100.902% 
(      15,      22 ]     3437   0.017% 100.919% 
(      22,      34 ]      361   0.002% 100.921% 
(      34,      51 ]      147   0.001% 100.922% 
(      51,      76 ]      362   0.002% 100.924% 
(      76,     110 ]      507   0.003% 100.926% 
(     110,     170 ]      219   0.001% 100.927% 
(     170,     250 ]      100   0.000% 100.928% 
(     250,     380 ]       13   0.000% 100.928% 
(     380,     580 ]        2   0.000% 100.928% 
(     580,     870 ]        6   0.000% 100.928% 
(    1300,    1900 ]        2   0.000% 100.928% 
(    1900,    2900 ]        4   0.000% 100.928% 
(    2900,    4400 ]        5   0.000% 100.928% 

** Level 2 read latency histogram (micros):
Count: 1353593 Average: 15.6317  StdDev: 3971.37
Min: 0  Median: 0.9345  Max: 2139527
Percentiles: P50: 0.93 P75: 1.53 P99: 2.96 P99.9: 3.88 P99.99: 3.99
------------------------------------------------------
[       0,       1 ]   724258  53.506%  53.506% ###########
(       1,       2 ]   550535  40.672%  94.178% ########
(       2,       3 ]    68041   5.027%  99.205% #
(       3,       4 ]    10717   0.792%  99.997% 
(       4,       6 ]     4552   0.336% 100.333% 
(       6,      10 ]     1792   0.132% 100.466% 
(      10,      15 ]      425   0.031% 100.497% 
(      15,      22 ]      215   0.016% 100.513% 
(      22,      34 ]       32   0.002% 100.515% 
(      34,      51 ]       61   0.005% 100.520% 
(      51,      76 ]      176   0.013% 100.533% 
(      76,     110 ]      153   0.011% 100.544% 
(     110,     170 ]        7   0.001% 100.545% 
(     170,     250 ]        1   0.000% 100.545% 
(     250,     380 ]        2   0.000% 100.545% 
(     380,     580 ]        4   0.000% 100.545% 
(     580,     870 ]        4   0.000% 100.545% 
(     870,    1300 ]        7   0.001% 100.546% 
(    1300,    1900 ]        2   0.000% 100.546% 
(    1900,    2900 ]        4   0.000% 100.546% 
(    2900,    4400 ]        3   0.000% 100.547% 
(    4400,    6600 ]        4   0.000% 100.547% 
(    6600,    9900 ]        2   0.000% 100.547% 
(    9900,   14000 ]        4   0.000% 100.547% 
(   14000,   22000 ]        4   0.000% 100.548% 
(   22000,   33000 ]       15   0.001% 100.549% 
(   33000,   50000 ]        9   0.001% 100.549% 
(   50000,   75000 ]       15   0.001% 100.550% 
(   75000,  110000 ]       11   0.001% 100.551% 
(  110000,  170000 ]        7   0.001% 100.552% 
(  170000,  250000 ]        5   0.000% 100.552% 
(  250000,  380000 ]        2   0.000% 100.552% 
( 1200000, 1900000 ]        8   0.001% 100.553% 
( 1900000, 2900000 ]        1   0.000% 100.553% 


** DB Stats **
Uptime(secs): 544.5 total, 0.4 interval
Cumulative writes: 28M writes, 28M keys, 3616K commit groups, 7.7 writes per commit group, ingest: 27.29 GB, 51.31 MB/s
Cumulative WAL: 28M writes, 0 syncs, 28021141.00 writes per sync, written: 27.29 GB, 51.31 MB/s
Cumulative stall: 00:07:49.386 H:M:S, 86.2 percent
Interval writes: 17K writes, 17K keys, 3128 commit groups, 5.6 writes per commit group, ingest: 17.33 MB, 41.67 MB/s
Interval WAL: 17K writes, 0 syncs, 17367.00 writes per sync, written: 0.02 GB, 41.65 MB/s
Interval stall: 00:00:0.868 H:M:S, 208.7 percent
Write Stall (count): write-buffer-manager-limit-stops: 0
num-running-compactions: 18
num-running-flushes: 1

2026/08/31-02:22:14  ... thread 10: (38000,1753000) ops and (1265.3,3215.4) ops/second in (30.031956,545.188931) seconds
2026/08/31-02:22:14  ... thread 7: (38000,1756000) ops and (1245.4,3220.9) ops/second in (30.512122,545.189495) seconds
2026/08/31-02:22:14  ... thread 1: (38000,1755000) ops and (1266.0,3219.1) ops/second in (30.016754,545.191731) seconds
2026/08/31-02:22:14  ... thread 4: (38000,1755000) ops and (1251.1,3219.0) ops/second in (30.374185,545.192134) seconds
2026/08/31-02:22:14  ... thread 11: (38000,1754000) ops and (1248.5,3217.2) ops/second in (30.437536,545.192288) seconds
2026/08/31-02:22:14  ... thread 5: (38000,1753000) ops and (1262.1,3215.4) ops/second in (30.108755,545.193109) seconds
2026/08/31-02:22:14  ... thread 13: (42000,1761000) ops and (1399.1,3229.0) ops/second in (30.019255,545.370637) seconds
2026/08/31-02:22:14  ... thread 3: (41000,1757000) ops and (1365.8,3221.7) ops/second in (30.020132,545.371272) seconds
2026/08/31-02:22:42  ... thread 12: (81000,1828000) ops and (2664.7,3185.3) ops/second in (30.397911,573.877605) seconds
2026/08/31-02:22:42  ... thread 8: (81000,1829000) ops and (2664.1,3187.0) ops/second in (30.404688,573.891606) seconds
2026/08/31-02:22:44  ... thread 6: (82000,1832000) ops and (2665.2,3184.9) ops/second in (30.766687,575.217190) seconds
2026/08/31-02:22:44  ... thread 10: (78000,1831000) ops and (2597.2,3183.1) ops/second in (30.032294,575.221225) seconds
2026/08/31-02:22:44  ... thread 5: (78000,1831000) ops and (2597.5,3183.1) ops/second in (30.028832,575.221941) seconds
2026/08/31-02:22:44  ... thread 2: (81000,1832000) ops and (2632.7,3184.9) ops/second in (30.767401,575.221984) seconds
2026/08/31-02:22:44  ... thread 1: (77000,1832000) ops and (2564.1,3184.9) ops/second in (30.030383,575.222114) seconds
2026/08/31-02:22:44  ... thread 7: (78000,1834000) ops and (2597.1,3188.3) ops/second in (30.034051,575.223546) seconds
2026/08/31-02:22:44  ... thread 11: (77000,1831000) ops and (2563.9,3183.1) ops/second in (30.032358,575.224646) seconds
2026/08/31-02:22:44  ... thread 4: (77000,1832000) ops and (2563.8,3184.8) ops/second in (30.034022,575.226156) seconds
2026/08/31-02:22:44  ... thread 15: (80000,1830000) ops and (2599.7,3181.3) ops/second in (30.773006,575.230020) seconds
2026/08/31-02:22:44  ... thread 14: (81000,1832000) ops and (2631.8,3184.8) ops/second in (30.777247,575.233527) seconds
2026/08/31-02:22:44  ... thread 0: (82000,1832000) ops and (2664.2,3184.8) ops/second in (30.778024,575.238221) seconds

** Compaction Stats [default] **
Level    Files   Size     Score Read(GB)  Rn(GB) Rnp1(GB) Write(GB) WPreComp(GB) Wnew(GB) Moved(GB) W-Amp Rd(MB/s) Wr(MB/s) Comp(sec) CompMergeCPU(sec) Comp(cnt) Avg(sec) KeyIn KeyDrop Rblob(GB) Wblob(GB)
-------------------------------------------------------------------------------------------------------------------------------------------------------------------------------------------------------------
  L0     11/9      2.07 GB   0.5     24.1     0.0     24.1      52.8      52.8     28.7       0.0   1.8     20.3     44.5   1215.76            109.26       568    2.140     53M    23K       0.0       0.0
  L1     72/72     3.94 GB   0.0     88.7    26.6     62.0      87.5      87.5     25.5       0.0   3.3    278.5    274.9    325.98            275.13        23   14.173     90M  1174K       0.0       0.0
  L2    378/0     20.21 GB   0.5     29.1    13.6     15.5      27.8      27.8     12.2       8.0   2.0     18.7     17.9   1590.67             88.84       173    9.195     29M  1359K       0.0       0.0
 Sum    461/81    26.21 GB   0.0    141.9    40.2    101.7     168.1     168.1     66.4       8.0   5.8     46.4     55.0   3132.41            473.23       764    4.100    173M  2557K       0.0       0.0
 Int      0/0      0.00 KB   0.0      7.6     2.4      5.2       8.5       8.5      3.4       0.0   6.7     18.8     21.2    413.74             23.01        64    6.465   9042K   344K       0.0       0.0

** Compaction Stats [default] **
Priority    Files   Size     Score Read(GB)  Rn(GB) Rnp1(GB) Write(GB) WPreComp(GB) Wnew(GB) Moved(GB) W-Amp Rd(MB/s) Wr(MB/s) Comp(sec) CompMergeCPU(sec) Comp(cnt) Avg(sec) KeyIn KeyDrop Rblob(GB) Wblob(GB)
----------------------------------------------------------------------------------------------------------------------------------------------------------------------------------------------------------------
 Low      0/0      0.00 KB   0.0    141.9    40.2    101.7     139.4     139.4     37.7       0.0   0.0     62.3     61.2   2331.76            424.15       292    7.985    144M  2557K       0.0       0.0
High      0/0      0.00 KB   0.0      0.0     0.0      0.0      28.7      28.7     28.7       0.0   0.0      0.0     36.8    800.65             49.08       472    1.696     29M      0       0.0       0.0

Blob file count: 0, total size: 0.0 GB, garbage size: 0.0 GB, space amp: 0.0

Uptime(secs): 575.2 total, 31.2 interval
Flush(GB): cumulative 28.738, interval 1.279
AddFile(GB): cumulative 0.000, interval 0.000
AddFile(Total Files): cumulative 0, interval 0
AddFile(L0 Files): cumulative 0, interval 0
AddFile(Keys): cumulative 0, interval 0
Cumulative compaction: 168.10 GB write, 299.23 MB/s write, 141.88 GB read, 252.57 MB/s read, 3132.4 seconds
Interval compaction: 8.55 GB write, 280.76 MB/s write, 7.61 GB read, 249.87 MB/s read, 413.7 seconds
Estimated pending compaction bytes: 15841560898
Write Stall (count): cf-l0-file-count-limit-delays-with-ongoing-compaction: 23, cf-l0-file-count-limit-stops-with-ongoing-compaction: 0, l0-file-count-limit-delays: 23, l0-file-count-limit-stops: 0, memtable-limit-delays: 0, memtable-limit-stops: 359, pending-compaction-bytes-delays: 0, pending-compaction-bytes-stops: 0, total-delays: 23, total-stops: 359
interval: 25 total count
Block cache AutoHyperClockCache@0x5711ef9dd2d0#2018912 capacity: 512.00 MB seed: 591891029 usage: 8.70 MB table_size: 4243 occupancy: 2060 collections: 4 last_copies: 0 last_secs: 0.00036 secs_since: 31
Block cache entry stats(count,size,portion): Misc(2060,8.44 MB,1.6485%)

** File Read Latency Histogram By Level [default] **
** Level 0 read latency histogram (micros):
Count: 12985073 Average: 3.6499  StdDev: 2046.35
Min: 0  Median: 0.9278  Max: 4154556
Percentiles: P50: 0.93 P75: 1.54 P99: 2.97 P99.9: 4.48 P99.99: 5.26
------------------------------------------------------
[       0,       1 ]  6997807  53.891%  53.891% ###########
(       1,       2 ]  5118158  39.416%  93.307% ########
(       2,       3 ]   762747   5.874%  99.181% #
(       3,       4 ]    86054   0.663%  99.844% 
(       4,       6 ]    30279   0.233% 100.077% 
(       6,      10 ]    14337   0.110% 100.187% 
(      10,      15 ]     4917   0.038% 100.225% 
(      15,      22 ]     2835   0.022% 100.247% 
(      22,      34 ]      198   0.002% 100.248% 
(      34,      51 ]       33   0.000% 100.249% 
(      51,      76 ]      171   0.001% 100.250% 
(      76,     110 ]      338   0.003% 100.253% 
(     110,     170 ]       18   0.000% 100.253% 
(     170,     250 ]        5   0.000% 100.253% 
(     250,     380 ]        9   0.000% 100.253% 
(     380,     580 ]        4   0.000% 100.253% 
(     580,     870 ]       21   0.000% 100.253% 
(     870,    1300 ]       49   0.000% 100.253% 
(    1300,    1900 ]       30   0.000% 100.254% 
(    1900,    2900 ]        7   0.000% 100.254% 
(    2900,    4400 ]        3   0.000% 100.254% 
(    4400,    6600 ]        6   0.000% 100.254% 
(    6600,    9900 ]        3   0.000% 100.254% 
(    9900,   14000 ]        5   0.000% 100.254% 
(   14000,   22000 ]        8   0.000% 100.254% 
(   22000,   33000 ]       12   0.000% 100.254% 
(   33000,   50000 ]       10   0.000% 100.254% 
(   50000,   75000 ]       23   0.000% 100.254% 
(   75000,  110000 ]       21   0.000% 100.254% 
(  110000,  170000 ]       10   0.000% 100.254% 
(  170000,  250000 ]        3   0.000% 100.255% 
(  250000,  380000 ]        4   0.000% 100.255% 
(  380000,  570000 ]        1   0.000% 100.255% 
(  570000,  860000 ]        1   0.000% 100.255% 
( 1200000, 1900000 ]        4   0.000% 100.255% 
( 1900000, 2900000 ]        2   0.000% 100.255% 
( 2900000, 4300000 ]        2   0.000% 100.255% 

** Level 1 read latency histogram (micros):
Count: 20995121 Average: 1.5053  StdDev: 2.10
Min: 0  Median: 0.8722  Max: 3025
Percentiles: P50: 0.87 P75: 1.46 P99: 2.75 P99.9: 2.97 P99.99: 2.99
------------------------------------------------------
[       0,       1 ] 12035065  57.323%  57.323% ###########
(       1,       2 ]  8082973  38.499%  95.822% ########
(       2,       3 ]   884764   4.214% 100.037% #
(       3,       4 ]   108974   0.519% 100.556% 
(       4,       6 ]    38238   0.182% 100.738% 
(       6,      10 ]    24706   0.118% 100.855% 
(      10,      15 ]     6617   0.032% 100.887% 
(      15,      22 ]     3564   0.017% 100.904% 
(      22,      34 ]      369   0.002% 100.906% 
(      34,      51 ]      147   0.001% 100.906% 
(      51,      76 ]      363   0.002% 100.908% 
(      76,     110 ]      510   0.002% 100.911% 
(     110,     170 ]      220   0.001% 100.912% 
(     170,     250 ]      100   0.000% 100.912% 
(     250,     380 ]       13   0.000% 100.912% 
(     380,     580 ]        2   0.000% 100.912% 
(     580,     870 ]        6   0.000% 100.912% 
(    1300,    1900 ]        2   0.000% 100.912% 
(    1900,    2900 ]        4   0.000% 100.912% 
(    2900,    4400 ]        5   0.000% 100.912% 

** Level 2 read latency histogram (micros):
Count: 1894643 Average: 12.1723  StdDev: 3361.92
Min: 0  Median: 0.9120  Max: 2139527
Percentiles: P50: 0.91 P75: 1.51 P99: 2.95 P99.9: 3.78 P99.99: 3.89
------------------------------------------------------
[       0,       1 ]  1038732  54.825%  54.825% ###########
(       1,       2 ]   745881  39.368%  94.193% ########
(       2,       3 ]    96024   5.068%  99.261% #
(       3,       4 ]    15456   0.816% 100.077% 
(       4,       6 ]     5817   0.307% 100.384% 
(       6,      10 ]     2408   0.127% 100.511% 
(      10,      15 ]      598   0.032% 100.542% 
(      15,      22 ]      283   0.015% 100.557% 
(      22,      34 ]       41   0.002% 100.559% 
(      34,      51 ]       78   0.004% 100.563% 
(      51,      76 ]      207   0.011% 100.574% 
(      76,     110 ]      191   0.010% 100.584% 
(     110,     170 ]        7   0.000% 100.585% 
(     170,     250 ]        1   0.000% 100.585% 
(     250,     380 ]        2   0.000% 100.585% 
(     380,     580 ]        4   0.000% 100.585% 
(     580,     870 ]        4   0.000% 100.585% 
(     870,    1300 ]        7   0.000% 100.586% 
(    1300,    1900 ]        2   0.000% 100.586% 
(    1900,    2900 ]        4   0.000% 100.586% 
(    2900,    4400 ]        3   0.000% 100.586% 
(    4400,    6600 ]        4   0.000% 100.586% 
(    6600,    9900 ]        2   0.000% 100.587% 
(    9900,   14000 ]        4   0.000% 100.587% 
(   14000,   22000 ]        6   0.000% 100.587% 
(   22000,   33000 ]       20   0.001% 100.588% 
(   33000,   50000 ]       15   0.001% 100.589% 
(   50000,   75000 ]       21   0.001% 100.590% 
(   75000,  110000 ]       14   0.001% 100.591% 
(  110000,  170000 ]        7   0.000% 100.591% 
(  170000,  250000 ]        5   0.000% 100.591% 
(  250000,  380000 ]        2   0.000% 100.592% 
( 1200000, 1900000 ]        8   0.000% 100.592% 
( 1900000, 2900000 ]        1   0.000% 100.592% 


** DB Stats **
Uptime(secs): 575.2 total, 30.8 interval
Cumulative writes: 29M writes, 29M keys, 3784K commit groups, 7.7 writes per commit group, ingest: 28.55 GB, 50.82 MB/s
Cumulative WAL: 29M writes, 0 syncs, 29318310.00 writes per sync, written: 28.55 GB, 50.82 MB/s
Cumulative stall: 00:08:17.710 H:M:S, 86.5 percent
Interval writes: 1297K writes, 1297K keys, 167K commit groups, 7.7 writes per commit group, ingest: 1293.42 MB, 42.05 MB/s
Interval WAL: 1297K writes, 0 syncs, 1297169.00 writes per sync, written: 1.26 GB, 42.05 MB/s
Interval stall: 00:00:28.325 H:M:S, 92.1 percent
Write Stall (count): write-buffer-manager-limit-stops: 0
num-running-compactions: 1
num-running-flushes: 1

2026/08/31-02:22:44  ... thread 9: (81000,1831000) ops and (2631.1,3183.0) ops/second in (30.785291,575.239492) seconds
2026/08/31-02:22:44  ... thread 3: (78000,1835000) ops and (2567.7,3187.2) ops/second in (30.377792,575.749064) seconds
2026/08/31-02:22:44  ... thread 13: (78000,1839000) ops and (2567.4,3194.1) ops/second in (30.381071,575.751708) seconds
2026/08/31-02:23:16  ... thread 4: (46000,1878000) ops and (1425.1,3091.3) ops/second in (32.277780,607.503936) seconds
2026/08/31-02:23:16  ... thread 15: (46000,1876000) ops and (1425.2,3088.0) ops/second in (32.276388,607.506408) seconds
2026/08/31-02:23:16  ... thread 3: (42000,1877000) ops and (1322.5,3089.7) ops/second in (31.757738,607.506802) seconds
2026/08/31-02:23:16  ... thread 1: (46000,1878000) ops and (1424.8,3091.3) ops/second in (32.286007,607.508121) seconds
2026/08/31-02:23:16  ... thread 13: (42000,1881000) ops and (1322.5,3096.3) ops/second in (31.756931,607.508639) seconds
2026/08/31-02:23:16  ... thread 10: (46000,1877000) ops and (1424.6,3089.7) ops/second in (32.288846,607.510071) seconds
2026/08/31-02:23:16  ... thread 14: (46000,1878000) ops and (1424.8,3091.3) ops/second in (32.284127,607.517654) seconds
2026/08/31-02:23:16  ... thread 9: (46000,1877000) ops and (1425.1,3089.6) ops/second in (32.278806,607.518298) seconds
2026/08/31-02:23:16  ... thread 8: (50000,1879000) ops and (1486.8,3092.9) ops/second in (33.628659,607.520265) seconds
2026/08/31-02:23:16  ... thread 6: (47000,1879000) ops and (1454.8,3092.9) ops/second in (32.307667,607.524857) seconds
2026/08/31-02:23:16  ... thread 7: (47000,1881000) ops and (1454.9,3096.2) ops/second in (32.303687,607.527233) seconds
2026/08/31-02:23:16  ... thread 0: (46000,1878000) ops and (1424.6,3091.2) ops/second in (32.289529,607.527750) seconds
2026/08/31-02:23:16  ... thread 2: (47000,1879000) ops and (1454.8,3092.9) ops/second in (32.305768,607.527752) seconds

** Compaction Stats [default] **
Level    Files   Size     Score Read(GB)  Rn(GB) Rnp1(GB) Write(GB) WPreComp(GB) Wnew(GB) Moved(GB) W-Amp Rd(MB/s) Wr(MB/s) Comp(sec) CompMergeCPU(sec) Comp(cnt) Avg(sec) KeyIn KeyDrop Rblob(GB) Wblob(GB)
-------------------------------------------------------------------------------------------------------------------------------------------------------------------------------------------------------------
  L0      8/5    870.06 MB   0.8     24.6     0.0     24.6      54.0      54.0     29.4       0.0   1.8     19.7     43.2   1280.30            111.61       582    2.200     55M    23K       0.0       0.0
  L1     94/17     5.49 GB   1.1     94.5    28.6     66.0      93.3      93.3     27.3       0.0   3.3    276.9    273.2    349.61            291.99        24   14.567     96M  1267K       0.0       0.0
  L2    381/37    20.47 GB   0.5     30.2    14.0     16.2      28.8      28.8     12.6       8.0   2.1     19.2     18.3   1610.63             92.03       181    8.899     30M  1422K       0.0       0.0
 Sum    483/59    26.80 GB   0.0    149.3    42.6    106.8     176.1     176.1     69.3       8.0   6.0     47.2     55.6   3240.54            495.63       787    4.118    181M  2714K       0.0       0.0
 Int      0/0      0.00 KB   0.0      0.0     0.0      0.0       0.0       0.0      0.0       0.0   0.0      0.0      0.0      0.00              0.00         0    0.000       0      0       0.0       0.0

** Compaction Stats [default] **
Priority    Files   Size     Score Read(GB)  Rn(GB) Rnp1(GB) Write(GB) WPreComp(GB) Wnew(GB) Moved(GB) W-Amp Rd(MB/s) Wr(MB/s) Comp(sec) CompMergeCPU(sec) Comp(cnt) Avg(sec) KeyIn KeyDrop Rblob(GB) Wblob(GB)
----------------------------------------------------------------------------------------------------------------------------------------------------------------------------------------------------------------
 Low      0/0      0.00 KB   0.0    149.3    42.6    106.8     146.6     146.6     39.9       0.0   0.0     63.7     62.5   2401.86            445.31       303    7.927    151M  2714K       0.0       0.0
High      0/0      0.00 KB   0.0      0.0     0.0      0.0      29.5      29.5     29.5       0.0   0.0      0.0     36.0    838.68             50.31       484    1.733     29M      0       0.0       0.0

Blob file count: 0, total size: 0.0 GB, garbage size: 0.0 GB, space amp: 0.0

Uptime(secs): 607.5 total, 3.5 interval
Flush(GB): cumulative 29.465, interval 0.000
AddFile(GB): cumulative 0.000, interval 0.000
AddFile(Total Files): cumulative 0, interval 0
AddFile(L0 Files): cumulative 0, interval 0
AddFile(Keys): cumulative 0, interval 0
Cumulative compaction: 176.10 GB write, 296.81 MB/s write, 149.31 GB read, 251.66 MB/s read, 3240.5 seconds
Interval compaction: 0.00 GB write, 0.00 MB/s write, 0.00 GB read, 0.00 MB/s read, 0.0 seconds
Estimated pending compaction bytes: 17414403965
Write Stall (count): cf-l0-file-count-limit-delays-with-ongoing-compaction: 23, cf-l0-file-count-limit-stops-with-ongoing-compaction: 0, l0-file-count-limit-delays: 23, l0-file-count-limit-stops: 0, memtable-limit-delays: 0, memtable-limit-stops: 371, pending-compaction-bytes-delays: 0, pending-compaction-bytes-stops: 0, total-delays: 23, total-stops: 371
interval: 0 total count
Block cache AutoHyperClockCache@0x5711ef9dd2d0#2018912 capacity: 512.00 MB seed: 591891029 usage: 8.70 MB table_size: 4243 occupancy: 2060 collections: 4 last_copies: 1 last_secs: 0.00036 secs_since: 63
Block cache entry stats(count,size,portion): Misc(2060,8.44 MB,1.6485%)

** File Read Latency Histogram By Level [default] **
** Level 0 read latency histogram (micros):
Count: 13520336 Average: 3.6015  StdDev: 2006.46
Min: 0  Median: 0.9237  Max: 4154556
Percentiles: P50: 0.92 P75: 1.53 P99: 2.97 P99.9: 4.53 P99.99: 5.31
------------------------------------------------------
[       0,       1 ]  7318816  54.132%  54.132% ###########
(       1,       2 ]  5293169  39.150%  93.282% ########
(       2,       3 ]   797053   5.895%  99.177% #
(       3,       4 ]    89405   0.661%  99.838% 
(       4,       6 ]    31391   0.232% 100.070% 
(       6,      10 ]    14919   0.110% 100.181% 
(      10,      15 ]     5168   0.038% 100.219% 
(      15,      22 ]     2959   0.022% 100.241% 
(      22,      34 ]      211   0.002% 100.242% 
(      34,      51 ]       35   0.000% 100.243% 
(      51,      76 ]      175   0.001% 100.244% 
(      76,     110 ]      346   0.003% 100.246% 
(     110,     170 ]       18   0.000% 100.247% 
(     170,     250 ]        5   0.000% 100.247% 
(     250,     380 ]        9   0.000% 100.247% 
(     380,     580 ]        4   0.000% 100.247% 
(     580,     870 ]       21   0.000% 100.247% 
(     870,    1300 ]       50   0.000% 100.247% 
(    1300,    1900 ]       31   0.000% 100.247% 
(    1900,    2900 ]        7   0.000% 100.247% 
(    2900,    4400 ]        3   0.000% 100.247% 
(    4400,    6600 ]        6   0.000% 100.248% 
(    6600,    9900 ]        3   0.000% 100.248% 
(    9900,   14000 ]        5   0.000% 100.248% 
(   14000,   22000 ]        8   0.000% 100.248% 
(   22000,   33000 ]       14   0.000% 100.248% 
(   33000,   50000 ]       11   0.000% 100.248% 
(   50000,   75000 ]       26   0.000% 100.248% 
(   75000,  110000 ]       21   0.000% 100.248% 
(  110000,  170000 ]       10   0.000% 100.248% 
(  170000,  250000 ]        4   0.000% 100.248% 
(  250000,  380000 ]        4   0.000% 100.248% 
(  380000,  570000 ]        1   0.000% 100.248% 
(  570000,  860000 ]        1   0.000% 100.248% 
( 1200000, 1900000 ]        4   0.000% 100.248% 
( 1900000, 2900000 ]        2   0.000% 100.248% 
( 2900000, 4300000 ]        2   0.000% 100.248% 

** Level 1 read latency histogram (micros):
Count: 21875719 Average: 1.5002  StdDev: 2.07
Min: 0  Median: 0.8653  Max: 3025
Percentiles: P50: 0.87 P75: 1.45 P99: 2.76 P99.9: 2.97 P99.99: 2.99
------------------------------------------------------
[       0,       1 ] 12639892  57.780%  57.780% ############
(       1,       2 ]  8320402  38.035%  95.815% ########
(       2,       3 ]   919738   4.204% 100.020% #
(       3,       4 ]   112047   0.512% 100.532% 
(       4,       6 ]    39314   0.180% 100.712% 
(       6,      10 ]    25513   0.117% 100.828% 
(      10,      15 ]     6963   0.032% 100.860% 
(      15,      22 ]     3788   0.017% 100.877% 
(      22,      34 ]      389   0.002% 100.879% 
(      34,      51 ]      162   0.001% 100.880% 
(      51,      76 ]      402   0.002% 100.882% 
(      76,     110 ]      557   0.003% 100.884% 
(     110,     170 ]      229   0.001% 100.885% 
(     170,     250 ]      100   0.000% 100.886% 
(     250,     380 ]       13   0.000% 100.886% 
(     380,     580 ]        2   0.000% 100.886% 
(     580,     870 ]        6   0.000% 100.886% 
(    1300,    1900 ]        2   0.000% 100.886% 
(    1900,    2900 ]        4   0.000% 100.886% 
(    2900,    4400 ]        5   0.000% 100.886% 

** Level 2 read latency histogram (micros):
Count: 2376972 Average: 10.2881  StdDev: 3006.47
Min: 0  Median: 0.9084  Max: 2139527
Percentiles: P50: 0.91 P75: 1.51 P99: 2.92 P99.9: 3.67 P99.99: 3.79
------------------------------------------------------
[       0,       1 ]  1308380  55.044%  55.044% ###########
(       1,       2 ]   935856  39.372%  94.416% ########
(       2,       3 ]   117848   4.958%  99.374% #
(       3,       4 ]    18620   0.783% 100.157% 
(       4,       6 ]     6781   0.285% 100.442% 
(       6,      10 ]     2939   0.124% 100.566% 
(      10,      15 ]      738   0.031% 100.597% 
(      15,      22 ]      356   0.015% 100.612% 
(      22,      34 ]       52   0.002% 100.614% 
(      34,      51 ]       79   0.003% 100.617% 
(      51,      76 ]      212   0.009% 100.626% 
(      76,     110 ]      201   0.008% 100.635% 
(     110,     170 ]        8   0.000% 100.635% 
(     170,     250 ]        2   0.000% 100.635% 
(     250,     380 ]        3   0.000% 100.635% 
(     380,     580 ]        4   0.000% 100.636% 
(     580,     870 ]        4   0.000% 100.636% 
(     870,    1300 ]        7   0.000% 100.636% 
(    1300,    1900 ]        2   0.000% 100.636% 
(    1900,    2900 ]        4   0.000% 100.636% 
(    2900,    4400 ]        3   0.000% 100.636% 
(    4400,    6600 ]        4   0.000% 100.637% 
(    6600,    9900 ]        2   0.000% 100.637% 
(    9900,   14000 ]        4   0.000% 100.637% 
(   14000,   22000 ]        6   0.000% 100.637% 
(   22000,   33000 ]       26   0.001% 100.638% 
(   33000,   50000 ]       17   0.001% 100.639% 
(   50000,   75000 ]       22   0.001% 100.640% 
(   75000,  110000 ]       14   0.001% 100.640% 
(  110000,  170000 ]        7   0.000% 100.641% 
(  170000,  250000 ]        7   0.000% 100.641% 
(  250000,  380000 ]        2   0.000% 100.641% 
( 1200000, 1900000 ]        8   0.000% 100.641% 
( 1900000, 2900000 ]        1   0.000% 100.641% 


** DB Stats **
Uptime(secs): 607.5 total, 3.5 interval
Cumulative writes: 30M writes, 30M keys, 3879K commit groups, 7.7 writes per commit group, ingest: 29.27 GB, 49.33 MB/s
Cumulative WAL: 30M writes, 0 syncs, 30057268.00 writes per sync, written: 29.27 GB, 49.33 MB/s
Cumulative stall: 00:08:47.570 H:M:S, 86.8 percent
Interval writes: 11K writes, 11K keys, 1486 commit groups, 7.9 writes per commit group, ingest: 11.72 MB, 3.39 MB/s
Interval WAL: 11K writes, 0 syncs, 11745.00 writes per sync, written: 0.01 GB, 3.39 MB/s
Interval stall: 00:00:7.584 H:M:S, 219.5 percent
Write Stall (count): write-buffer-manager-limit-stops: 0
num-running-compactions: 18
num-running-flushes: 2

2026/08/31-02:23:16  ... thread 12: (51000,1879000) ops and (1515.5,3092.9) ops/second in (33.652080,607.529685) seconds
2026/08/31-02:23:16  ... thread 5: (47000,1878000) ops and (1454.6,3091.2) ops/second in (32.310198,607.532139) seconds
2026/08/31-02:23:16  ... thread 11: (47000,1878000) ops and (1454.8,3091.2) ops/second in (32.307543,607.532189) seconds
2026/08/31-02:23:49  ... thread 10: (124000,2001000) ops and (3794.2,3125.6) ops/second in (32.681339,640.191410) seconds
2026/08/31-02:23:49  ... thread 5: (123000,2001000) ops and (3765.9,3125.6) ops/second in (32.661795,640.193934) seconds
2026/08/31-02:23:49  ... thread 4: (124000,2002000) ops and (3793.1,3127.2) ops/second in (32.690600,640.194536) seconds
2026/08/31-02:23:49  ... thread 9: (124000,2001000) ops and (3793.6,3125.6) ops/second in (32.686417,640.204715) seconds
2026/08/31-02:23:49  ... thread 14: (124000,2002000) ops and (3793.4,3127.1) ops/second in (32.687940,640.205594) seconds
2026/08/31-02:23:49  ... thread 8: (124000,2003000) ops and (3793.7,3128.7) ops/second in (32.685918,640.206183) seconds
2026/08/31-02:23:49  ... thread 13: (124000,2005000) ops and (3792.0,3131.8) ops/second in (32.700700,640.209339) seconds
2026/08/31-02:23:49  ... thread 1: (124000,2002000) ops and (3791.9,3127.1) ops/second in (32.701679,640.209800) seconds
2026/08/31-02:23:49  ... thread 11: (124000,2002000) ops and (3794.2,3127.1) ops/second in (32.681245,640.213434) seconds
2026/08/31-02:23:49  ... thread 12: (124000,2003000) ops and (3793.6,3128.6) ops/second in (32.686618,640.216303) seconds
2026/08/31-02:23:49  ... thread 2: (124000,2003000) ops and (3793.4,3128.6) ops/second in (32.688316,640.216068) seconds
2026/08/31-02:23:49  ... thread 7: (124000,2005000) ops and (3793.3,3131.8) ops/second in (32.689225,640.216458) seconds
2026/08/31-02:23:49  ... thread 15: (125000,2001000) ops and (3821.3,3125.5) ops/second in (32.711083,640.217491) seconds
2026/08/31-02:23:49  ... thread 6: (124000,2003000) ops and (3792.9,3128.6) ops/second in (32.692853,640.217710) seconds
2026/08/31-02:23:49  ... thread 3: (125000,2002000) ops and (3821.2,3127.1) ops/second in (32.712021,640.218823) seconds
2026/08/31-02:23:49  ... thread 0: (124000,2002000) ops and (3792.9,3127.0) ops/second in (32.692606,640.220356) seconds

** Compaction Stats [default] **
Level    Files   Size     Score Read(GB)  Rn(GB) Rnp1(GB) Write(GB) WPreComp(GB) Wnew(GB) Moved(GB) W-Amp Rd(MB/s) Wr(MB/s) Comp(sec) CompMergeCPU(sec) Comp(cnt) Avg(sec) KeyIn KeyDrop Rblob(GB) Wblob(GB)
-------------------------------------------------------------------------------------------------------------------------------------------------------------------------------------------------------------
  L0     18/16     2.80 GB   0.5     26.4     0.0     26.4      57.7      57.7     31.4       0.0   1.8     19.6     43.0   1376.08            119.10       621    2.216     58M    25K       0.0       0.0
  L1     69/69     3.95 GB   0.0     94.5    28.6     66.0      93.3      93.3     27.3       0.0   3.3    276.9    273.2    349.61            291.99        24   14.567     96M  1267K       0.0       0.0
  L2    404/0     21.74 GB   0.5     34.6    15.4     19.1      32.9      32.9     13.8       8.0   2.1     19.4     18.5   1824.93            104.07       204    8.946     35M  1672K       0.0       0.0
 Sum    491/85    28.49 GB   0.0    155.5    44.0    111.5     183.9     183.9     72.5       8.0   5.9     44.8     53.1   3550.62            515.15       849    4.182    190M  2965K       0.0       0.0
 Int      0/0      0.00 KB   0.0      6.1     1.4      4.7       7.8       7.8      3.1       0.0   4.0     20.3     25.9    310.08             19.53        62    5.001   8240K   251K       0.0       0.0

** Compaction Stats [default] **
Priority    Files   Size     Score Read(GB)  Rn(GB) Rnp1(GB) Write(GB) WPreComp(GB) Wnew(GB) Moved(GB) W-Amp Rd(MB/s) Wr(MB/s) Comp(sec) CompMergeCPU(sec) Comp(cnt) Avg(sec) KeyIn KeyDrop Rblob(GB) Wblob(GB)
----------------------------------------------------------------------------------------------------------------------------------------------------------------------------------------------------------------
 Low      0/0      0.00 KB   0.0    155.5    44.0    111.5     152.5     152.5     41.1       0.0   0.0     60.0     58.8   2654.50            461.65       333    7.971    158M  2965K       0.0       0.0
High      0/0      0.00 KB   0.0      0.0     0.0      0.0      31.4      31.4     31.4       0.0   0.0      0.0     35.9    896.12             53.51       516    1.737     31M      0       0.0       0.0

Blob file count: 0, total size: 0.0 GB, garbage size: 0.0 GB, space amp: 0.0

Uptime(secs): 640.2 total, 36.1 interval
Flush(GB): cumulative 31.414, interval 1.949
AddFile(GB): cumulative 0.000, interval 0.000
AddFile(Total Files): cumulative 0, interval 0
AddFile(L0 Files): cumulative 0, interval 0
AddFile(Keys): cumulative 0, interval 0
Cumulative compaction: 183.95 GB write, 294.21 MB/s write, 155.46 GB read, 248.65 MB/s read, 3550.6 seconds
Interval compaction: 7.85 GB write, 222.38 MB/s write, 6.15 GB read, 174.19 MB/s read, 310.1 seconds
Estimated pending compaction bytes: 19691498044
Write Stall (count): cf-l0-file-count-limit-delays-with-ongoing-compaction: 23, cf-l0-file-count-limit-stops-with-ongoing-compaction: 0, l0-file-count-limit-delays: 23, l0-file-count-limit-stops: 0, memtable-limit-delays: 0, memtable-limit-stops: 402, pending-compaction-bytes-delays: 0, pending-compaction-bytes-stops: 0, total-delays: 23, total-stops: 402
interval: 31 total count
Block cache AutoHyperClockCache@0x5711ef9dd2d0#2018912 capacity: 512.00 MB seed: 591891029 usage: 8.70 MB table_size: 4243 occupancy: 2060 collections: 4 last_copies: 1 last_secs: 0.00036 secs_since: 96
Block cache entry stats(count,size,portion): Misc(2060,8.44 MB,1.6485%)

** File Read Latency Histogram By Level [default] **
** Level 0 read latency histogram (micros):
Count: 14271292 Average: 3.5084  StdDev: 1953.40
Min: 0  Median: 0.9226  Max: 4154556
Percentiles: P50: 0.92 P75: 1.53 P99: 2.97 P99.9: 4.49 P99.99: 5.26
------------------------------------------------------
[       0,       1 ]  7734507  54.196%  54.196% ###########
(       1,       2 ]  5580580  39.104%  93.300% ########
(       2,       3 ]   840545   5.890%  99.190% #
(       3,       4 ]    93301   0.654%  99.843% 
(       4,       6 ]    33104   0.232% 100.075% 
(       6,      10 ]    15760   0.110% 100.186% 
(      10,      15 ]     5378   0.038% 100.223% 
(      15,      22 ]     3052   0.021% 100.245% 
(      22,      34 ]      223   0.002% 100.246% 
(      34,      51 ]       39   0.000% 100.247% 
(      51,      76 ]      185   0.001% 100.248% 
(      76,     110 ]      372   0.003% 100.251% 
(     110,     170 ]       18   0.000% 100.251% 
(     170,     250 ]        5   0.000% 100.251% 
(     250,     380 ]       12   0.000% 100.251% 
(     380,     580 ]        4   0.000% 100.251% 
(     580,     870 ]       22   0.000% 100.251% 
(     870,    1300 ]       53   0.000% 100.251% 
(    1300,    1900 ]       33   0.000% 100.252% 
(    1900,    2900 ]        8   0.000% 100.252% 
(    2900,    4400 ]        3   0.000% 100.252% 
(    4400,    6600 ]        6   0.000% 100.252% 
(    6600,    9900 ]        4   0.000% 100.252% 
(    9900,   14000 ]        5   0.000% 100.252% 
(   14000,   22000 ]        8   0.000% 100.252% 
(   22000,   33000 ]       16   0.000% 100.252% 
(   33000,   50000 ]       11   0.000% 100.252% 
(   50000,   75000 ]       26   0.000% 100.252% 
(   75000,  110000 ]       21   0.000% 100.252% 
(  110000,  170000 ]       11   0.000% 100.252% 
(  170000,  250000 ]        4   0.000% 100.252% 
(  250000,  380000 ]        4   0.000% 100.252% 
(  380000,  570000 ]        1   0.000% 100.252% 
(  570000,  860000 ]        1   0.000% 100.252% 
( 1200000, 1900000 ]        4   0.000% 100.252% 
( 1900000, 2900000 ]        2   0.000% 100.253% 
( 2900000, 4300000 ]        2   0.000% 100.253% 

** Level 1 read latency histogram (micros):
Count: 22625185 Average: 1.4997  StdDev: 2.04
Min: 0  Median: 0.8651  Max: 3025
Percentiles: P50: 0.87 P75: 1.45 P99: 2.76 P99.9: 2.97 P99.99: 2.99
------------------------------------------------------
[       0,       1 ] 13076203  57.795%  57.795% ############
(       1,       2 ]  8602409  38.021%  95.816% ########
(       2,       3 ]   949562   4.197% 100.013% #
(       3,       4 ]   116070   0.513% 100.526% 
(       4,       6 ]    40686   0.180% 100.706% 
(       6,      10 ]    26273   0.116% 100.822% 
(      10,      15 ]     7139   0.032% 100.854% 
(      15,      22 ]     3896   0.017% 100.871% 
(      22,      34 ]      400   0.002% 100.873% 
(      34,      51 ]      164   0.001% 100.873% 
(      51,      76 ]      402   0.002% 100.875% 
(      76,     110 ]      558   0.002% 100.878% 
(     110,     170 ]      230   0.001% 100.879% 
(     170,     250 ]      100   0.000% 100.879% 
(     250,     380 ]       13   0.000% 100.879% 
(     380,     580 ]        2   0.000% 100.879% 
(     580,     870 ]        6   0.000% 100.879% 
(    1300,    1900 ]        2   0.000% 100.879% 
(    1900,    2900 ]        4   0.000% 100.879% 
(    2900,    4400 ]        5   0.000% 100.879% 

** Level 2 read latency histogram (micros):
Count: 2790805 Average: 9.2870  StdDev: 2777.16
Min: 0  Median: 0.8931  Max: 2139527
Percentiles: P50: 0.89 P75: 1.49 P99: 2.92 P99.9: 3.69 P99.99: 3.80
------------------------------------------------------
[       0,       1 ]  1562468  55.986%  55.986% ###########
(       1,       2 ]  1075334  38.531%  94.518% ########
(       2,       3 ]   135466   4.854%  99.372% #
(       3,       4 ]    21440   0.768% 100.140% 
(       4,       6 ]     7538   0.270% 100.410% 
(       6,      10 ]     3319   0.119% 100.529% 
(      10,      15 ]      861   0.031% 100.560% 
(      15,      22 ]      433   0.016% 100.575% 
(      22,      34 ]       61   0.002% 100.577% 
(      34,      51 ]       86   0.003% 100.581% 
(      51,      76 ]      249   0.009% 100.589% 
(      76,     110 ]      228   0.008% 100.598% 
(     110,     170 ]        9   0.000% 100.598% 
(     170,     250 ]        2   0.000% 100.598% 
(     250,     380 ]        3   0.000% 100.598% 
(     380,     580 ]        4   0.000% 100.598% 
(     580,     870 ]        4   0.000% 100.598% 
(     870,    1300 ]        7   0.000% 100.599% 
(    1300,    1900 ]        2   0.000% 100.599% 
(    1900,    2900 ]        4   0.000% 100.599% 
(    2900,    4400 ]        3   0.000% 100.599% 
(    4400,    6600 ]        4   0.000% 100.599% 
(    6600,    9900 ]        2   0.000% 100.599% 
(    9900,   14000 ]        4   0.000% 100.599% 
(   14000,   22000 ]        9   0.000% 100.600% 
(   22000,   33000 ]       37   0.001% 100.601% 
(   33000,   50000 ]       20   0.001% 100.602% 
(   50000,   75000 ]       27   0.001% 100.603% 
(   75000,  110000 ]       15   0.001% 100.603% 
(  110000,  170000 ]        7   0.000% 100.603% 
(  170000,  250000 ]        7   0.000% 100.604% 
(  250000,  380000 ]        2   0.000% 100.604% 
( 1200000, 1900000 ]        8   0.000% 100.604% 
( 1900000, 2900000 ]        1   0.000% 100.604% 


** DB Stats **
Uptime(secs): 640.2 total, 32.7 interval
Cumulative writes: 32M writes, 32M keys, 4133K commit groups, 7.8 writes per commit group, ingest: 31.20 GB, 49.91 MB/s
Cumulative WAL: 32M writes, 0 syncs, 32044376.00 writes per sync, written: 31.20 GB, 49.91 MB/s
Cumulative stall: 00:09:16.613 H:M:S, 86.9 percent
Interval writes: 1987K writes, 1987K keys, 254K commit groups, 7.8 writes per commit group, ingest: 1981.35 MB, 60.61 MB/s
Interval WAL: 1987K writes, 0 syncs, 1987108.00 writes per sync, written: 1.93 GB, 60.61 MB/s
Interval stall: 00:00:29.043 H:M:S, 88.8 percent
Write Stall (count): write-buffer-manager-limit-stops: 0
num-running-compactions: 2
num-running-flushes: 1

2026/08/31-02:24:25  ... thread 1: (46000,2048000) ops and (1253.7,3025.6) ops/second in (36.690884,676.900684) seconds
2026/08/31-02:24:25  ... thread 2: (46000,2049000) ops and (1253.9,3027.0) ops/second in (36.684843,676.900911) seconds
2026/08/31-02:24:25  ... thread 13: (46000,2051000) ops and (1253.6,3030.0) ops/second in (36.695295,676.904634) seconds
2026/08/31-02:24:25  ... thread 11: (46000,2048000) ops and (1253.6,3025.5) ops/second in (36.693930,676.907364) seconds
2026/08/31-02:24:25  ... thread 12: (46000,2049000) ops and (1253.6,3027.0) ops/second in (36.693960,676.910263) seconds
2026/08/31-02:24:25  ... thread 8: (46000,2049000) ops and (1253.2,3027.0) ops/second in (36.706010,676.912193) seconds
2026/08/31-02:24:25  ... thread 10: (47000,2048000) ops and (1279.8,3025.5) ops/second in (36.723970,676.915380) seconds
2026/08/31-02:24:25  ... thread 15: (46000,2047000) ops and (1253.4,3024.0) ops/second in (36.701264,676.918755) seconds
2026/08/31-02:24:25  ... thread 0: (46000,2048000) ops and (1253.5,3025.5) ops/second in (36.698412,676.918768) seconds
2026/08/31-02:24:25  ... thread 7: (46000,2051000) ops and (1253.3,3029.9) ops/second in (36.702534,676.918992) seconds

** Compaction Stats [default] **
Level    Files   Size     Score Read(GB)  Rn(GB) Rnp1(GB) Write(GB) WPreComp(GB) Wnew(GB) Moved(GB) W-Amp Rd(MB/s) Wr(MB/s) Comp(sec) CompMergeCPU(sec) Comp(cnt) Avg(sec) KeyIn KeyDrop Rblob(GB) Wblob(GB)
-------------------------------------------------------------------------------------------------------------------------------------------------------------------------------------------------------------
  L0      8/4      1.09 GB   1.0     27.2     0.0     27.2      59.3      59.3     32.2       0.0   1.8     19.0     41.5   1462.81            122.50       637    2.296     60M    26K       0.0       0.0
  L1     94/17     5.08 GB   1.0    100.9    31.0     69.9      99.5      99.5     29.6       0.0   3.2    276.1    272.4    374.26            311.15        25   14.971    102M  1388K       0.0       0.0
  L2    417/39    22.71 GB   0.5     37.9    16.6     21.3      36.0      36.0     14.7       8.0   2.2     19.1     18.2   2024.89            116.10       222    9.121     38M  1884K       0.0       0.0
 Sum    519/60    28.89 GB   0.0    165.9    47.6    118.3     194.9     194.9     76.6       8.0   6.1     44.0     51.7   3861.96            549.76       884    4.369    201M  3299K       0.0       0.0
 Int      0/0      0.00 KB   0.0      3.2     1.0      2.1       3.3       3.3      1.2       0.0   9.2     14.3     15.1    226.63             11.86        22   10.301   3591K   186K       0.0       0.0

** Compaction Stats [default] **
Priority    Files   Size     Score Read(GB)  Rn(GB) Rnp1(GB) Write(GB) WPreComp(GB) Wnew(GB) Moved(GB) W-Amp Rd(MB/s) Wr(MB/s) Comp(sec) CompMergeCPU(sec) Comp(cnt) Avg(sec) KeyIn KeyDrop Rblob(GB) Wblob(GB)
----------------------------------------------------------------------------------------------------------------------------------------------------------------------------------------------------------------
 Low      0/0      0.00 KB   0.0    165.9    47.6    118.3     162.7     162.7     44.4       0.0   0.0     58.3     57.2   2912.48            494.84       355    8.204    168M  3299K       0.0       0.0
High      0/0      0.00 KB   0.0      0.0     0.0      0.0      32.2      32.2     32.2       0.0   0.0      0.0     34.7    949.48             54.92       529    1.795     32M      0       0.0       0.0

Blob file count: 0, total size: 0.0 GB, garbage size: 0.0 GB, space amp: 0.0

Uptime(secs): 676.9 total, 12.8 interval
Flush(GB): cumulative 32.203, interval 0.365
AddFile(GB): cumulative 0.000, interval 0.000
AddFile(Total Files): cumulative 0, interval 0
AddFile(L0 Files): cumulative 0, interval 0
AddFile(Keys): cumulative 0, interval 0
Cumulative compaction: 194.88 GB write, 294.80 MB/s write, 165.93 GB read, 251.01 MB/s read, 3862.0 seconds
Interval compaction: 3.35 GB write, 266.93 MB/s write, 3.17 GB read, 252.50 MB/s read, 226.6 seconds
Estimated pending compaction bytes: 17543240393
Write Stall (count): cf-l0-file-count-limit-delays-with-ongoing-compaction: 25, cf-l0-file-count-limit-stops-with-ongoing-compaction: 0, l0-file-count-limit-delays: 25, l0-file-count-limit-stops: 0, memtable-limit-delays: 0, memtable-limit-stops: 415, pending-compaction-bytes-delays: 0, pending-compaction-bytes-stops: 0, total-delays: 25, total-stops: 415
interval: 7 total count
Block cache AutoHyperClockCache@0x5711ef9dd2d0#2018912 capacity: 512.00 MB seed: 591891029 usage: 8.70 MB table_size: 4243 occupancy: 2060 collections: 4 last_copies: 2 last_secs: 0.00036 secs_since: 132
Block cache entry stats(count,size,portion): Misc(2060,8.44 MB,1.6485%)

** File Read Latency Histogram By Level [default] **
** Level 0 read latency histogram (micros):
Count: 14765330 Average: 3.5924  StdDev: 1961.76
Min: 0  Median: 0.9194  Max: 4154556
Percentiles: P50: 0.92 P75: 1.53 P99: 2.97 P99.9: 4.52 P99.99: 5.30
------------------------------------------------------
[       0,       1 ]  8029642  54.382%  54.382% ###########
(       1,       2 ]  5751272  38.951%  93.333% ########
(       2,       3 ]   864689   5.856%  99.189% #
(       3,       4 ]    96057   0.651%  99.840% 
(       4,       6 ]    34015   0.230% 100.070% 
(       6,      10 ]    16386   0.111% 100.181% 
(      10,      15 ]     5656   0.038% 100.219% 
(      15,      22 ]     3275   0.022% 100.242% 
(      22,      34 ]      233   0.002% 100.243% 
(      34,      51 ]       42   0.000% 100.243% 
(      51,      76 ]      191   0.001% 100.245% 
(      76,     110 ]      379   0.003% 100.247% 
(     110,     170 ]       18   0.000% 100.247% 
(     170,     250 ]        5   0.000% 100.247% 
(     250,     380 ]       12   0.000% 100.247% 
(     380,     580 ]        4   0.000% 100.248% 
(     580,     870 ]       23   0.000% 100.248% 
(     870,    1300 ]       54   0.000% 100.248% 
(    1300,    1900 ]       34   0.000% 100.248% 
(    1900,    2900 ]        8   0.000% 100.248% 
(    2900,    4400 ]        3   0.000% 100.248% 
(    4400,    6600 ]        6   0.000% 100.248% 
(    6600,    9900 ]        4   0.000% 100.248% 
(    9900,   14000 ]        5   0.000% 100.248% 
(   14000,   22000 ]        8   0.000% 100.248% 
(   22000,   33000 ]       17   0.000% 100.249% 
(   33000,   50000 ]       11   0.000% 100.249% 
(   50000,   75000 ]       26   0.000% 100.249% 
(   75000,  110000 ]       21   0.000% 100.249% 
(  110000,  170000 ]       12   0.000% 100.249% 
(  170000,  250000 ]        4   0.000% 100.249% 
(  250000,  380000 ]        4   0.000% 100.249% 
(  380000,  570000 ]        1   0.000% 100.249% 
(  570000,  860000 ]        2   0.000% 100.249% 
( 1200000, 1900000 ]        5   0.000% 100.249% 
( 1900000, 2900000 ]        2   0.000% 100.249% 
( 2900000, 4300000 ]        2   0.000% 100.249% 

** Level 1 read latency histogram (micros):
Count: 23538542 Average: 1.5007  StdDev: 2.20
Min: 0  Median: 0.8658  Max: 3025
Percentiles: P50: 0.87 P75: 1.45 P99: 2.77 P99.9: 2.98 P99.99: 3.02
------------------------------------------------------
[       0,       1 ] 13593500  57.750%  57.750% ############
(       1,       2 ]  8951885  38.031%  95.781% ########
(       2,       3 ]   988851   4.201%  99.982% #
(       3,       4 ]   122595   0.521% 100.503% 
(       4,       6 ]    43051   0.183% 100.685% 
(       6,      10 ]    27480   0.117% 100.802% 
(      10,      15 ]     7507   0.032% 100.834% 
(      15,      22 ]     4095   0.017% 100.851% 
(      22,      34 ]      409   0.002% 100.853% 
(      34,      51 ]      169   0.001% 100.854% 
(      51,      76 ]      440   0.002% 100.856% 
(      76,     110 ]      617   0.003% 100.858% 
(     110,     170 ]      237   0.001% 100.859% 
(     170,     250 ]      102   0.000% 100.860% 
(     250,     380 ]       13   0.000% 100.860% 
(     380,     580 ]        2   0.000% 100.860% 
(     580,     870 ]        6   0.000% 100.860% 
(    1300,    1900 ]        2   0.000% 100.860% 
(    1900,    2900 ]        4   0.000% 100.860% 
(    2900,    4400 ]        7   0.000% 100.860% 

** Level 2 read latency histogram (micros):
Count: 3703383 Average: 7.5608  StdDev: 2413.10
Min: 0  Median: 0.9542  Max: 2139527
Percentiles: P50: 0.95 P75: 1.54 P99: 2.93 P99.9: 3.62 P99.99: 3.73
------------------------------------------------------
[       0,       1 ]  1940627  52.401%  52.401% ##########
(       1,       2 ]  1552899  41.932%  94.333% ########
(       2,       3 ]   186205   5.028%  99.361% #
(       3,       4 ]    31970   0.863% 100.225% 
(       4,       6 ]    11262   0.304% 100.529% 
(       6,      10 ]     4690   0.127% 100.655% 
(      10,      15 ]     1144   0.031% 100.686% 
(      15,      22 ]      568   0.015% 100.702% 
(      22,      34 ]       81   0.002% 100.704% 
(      34,      51 ]       91   0.002% 100.706% 
(      51,      76 ]      265   0.007% 100.713% 
(      76,     110 ]      259   0.007% 100.720% 
(     110,     170 ]       15   0.000% 100.721% 
(     170,     250 ]        2   0.000% 100.721% 
(     250,     380 ]        3   0.000% 100.721% 
(     380,     580 ]        4   0.000% 100.721% 
(     580,     870 ]        4   0.000% 100.721% 
(     870,    1300 ]        7   0.000% 100.721% 
(    1300,    1900 ]        3   0.000% 100.721% 
(    1900,    2900 ]        5   0.000% 100.722% 
(    2900,    4400 ]        6   0.000% 100.722% 
(    4400,    6600 ]        4   0.000% 100.722% 
(    6600,    9900 ]        2   0.000% 100.722% 
(    9900,   14000 ]        4   0.000% 100.722% 
(   14000,   22000 ]        9   0.000% 100.722% 
(   22000,   33000 ]       38   0.001% 100.723% 
(   33000,   50000 ]       21   0.001% 100.724% 
(   50000,   75000 ]       30   0.001% 100.725% 
(   75000,  110000 ]       17   0.000% 100.725% 
(  110000,  170000 ]        8   0.000% 100.725% 
(  170000,  250000 ]        7   0.000% 100.725% 
(  250000,  380000 ]        2   0.000% 100.726% 
( 1200000, 1900000 ]        8   0.000% 100.726% 
( 1900000, 2900000 ]        1   0.000% 100.726% 


** DB Stats **
Uptime(secs): 676.9 total, 12.8 interval
Cumulative writes: 32M writes, 32M keys, 4230K commit groups, 7.7 writes per commit group, ingest: 31.92 GB, 48.28 MB/s
Cumulative WAL: 32M writes, 0 syncs, 32778853.00 writes per sync, written: 31.92 GB, 48.28 MB/s
Cumulative stall: 00:09:51.199 H:M:S, 87.3 percent
Interval writes: 256K writes, 256K keys, 32K commit groups, 7.8 writes per commit group, ingest: 255.90 MB, 19.94 MB/s
Interval WAL: 256K writes, 0 syncs, 256642.00 writes per sync, written: 0.25 GB, 19.94 MB/s
Interval stall: 00:00:20.807 H:M:S, 162.1 percent
Write Stall (count): write-buffer-manager-limit-stops: 0
num-running-compactions: 18
num-running-flushes: 1

2026/08/31-02:24:25  ... thread 3: (46000,2048000) ops and (1253.4,3025.5) ops/second in (36.700984,676.919807) seconds
2026/08/31-02:24:25  ... thread 9: (46000,2047000) ops and (1252.8,3024.0) ops/second in (36.716722,676.921437) seconds
2026/08/31-02:24:25  ... thread 6: (46000,2049000) ops and (1253.2,3026.9) ops/second in (36.705942,676.923652) seconds
2026/08/31-02:24:25  ... thread 14: (47000,2049000) ops and (1280.0,3026.9) ops/second in (36.719382,676.924976) seconds
2026/08/31-02:24:25  ... thread 5: (47000,2048000) ops and (1279.4,3025.4) ops/second in (36.735503,676.929437) seconds
2026/08/31-02:24:25  ... thread 4: (47000,2049000) ops and (1279.4,3026.9) ops/second in (36.736430,676.930966) seconds
2026/08/31-02:25:01  ... thread 15: (174000,2221000) ops and (4827.4,3115.2) ops/second in (36.044174,712.962929) seconds
2026/08/31-02:25:01  ... thread 4: (174000,2223000) ops and (4820.9,3117.7) ops/second in (36.092744,713.023710) seconds
2026/08/31-02:25:01  ... thread 12: (174000,2223000) ops and (4816.7,3117.7) ops/second in (36.124227,713.034490) seconds
2026/08/31-02:25:01  ... thread 13: (175000,2226000) ops and (4843.6,3121.9) ops/second in (36.129811,713.034445) seconds
2026/08/31-02:25:01  ... thread 10: (174000,2222000) ops and (4816.8,3116.2) ops/second in (36.123707,713.039087) seconds
2026/08/31-02:25:01  ... thread 6: (174000,2223000) ops and (4817.7,3117.6) ops/second in (36.117191,713.040843) seconds
2026/08/31-02:25:01  ... thread 1: (174000,2222000) ops and (4814.6,3116.2) ops/second in (36.140047,713.040731) seconds
2026/08/31-02:25:01  ... thread 8: (175000,2224000) ops and (4843.8,3119.0) ops/second in (36.128965,713.041158) seconds
2026/08/31-02:25:01  ... thread 9: (175000,2222000) ops and (4844.8,3116.2) ops/second in (36.121139,713.042576) seconds
2026/08/31-02:25:01  ... thread 2: (175000,2224000) ops and (4842.1,3119.0) ops/second in (36.141650,713.042561) seconds
2026/08/31-02:25:01  ... thread 7: (174000,2225000) ops and (4816.8,3120.4) ops/second in (36.123802,713.042794) seconds
2026/08/31-02:25:01  ... thread 11: (174000,2222000) ops and (4815.2,3116.2) ops/second in (36.135902,713.043266) seconds
2026/08/31-02:25:01  ... thread 14: (174000,2223000) ops and (4817.5,3117.6) ops/second in (36.118499,713.043475) seconds
2026/08/31-02:25:01  ... thread 5: (174000,2222000) ops and (4817.9,3116.2) ops/second in (36.115533,713.044970) seconds
2026/08/31-02:25:01  ... thread 0: (175000,2223000) ops and (4844.0,3117.6) ops/second in (36.126945,713.045713) seconds
2026/08/31-02:25:01  ... thread 3: (175000,2223000) ops and (4844.1,3117.6) ops/second in (36.126306,713.046113) seconds

** Compaction Stats [default] **
Level    Files   Size     Score Read(GB)  Rn(GB) Rnp1(GB) Write(GB) WPreComp(GB) Wnew(GB) Moved(GB) W-Amp Rd(MB/s) Wr(MB/s) Comp(sec) CompMergeCPU(sec) Comp(cnt) Avg(sec) KeyIn KeyDrop Rblob(GB) Wblob(GB)
-------------------------------------------------------------------------------------------------------------------------------------------------------------------------------------------------------------
  L0     19/18     3.83 GB   0.2     29.9     0.0     29.9      64.7      64.7     34.9       0.0   1.9     19.9     43.1   1536.48            133.62       692    2.220     65M    29K       0.0       0.0
  L1     75/75     3.93 GB   0.0    100.9    31.0     69.9      99.5      99.5     29.6       0.0   3.2    276.1    272.4    374.26            311.15        25   14.971    102M  1388K       0.0       0.0
  L2    435/0     23.64 GB   0.6     41.5    17.7     23.8      39.4      39.4     15.7       8.0   2.2     18.9     18.0   2248.19            127.08       241    9.329     42M  2106K       0.0       0.0
 Sum    529/93    31.41 GB   0.0    172.3    48.8    123.6     203.7     203.7     80.2       8.0   5.8     42.4     50.2   4158.94            571.85       958    4.341    210M  3524K       0.0       0.0
 Int      0/0      0.00 KB   0.0      9.6     2.2      7.4      12.2      12.2      4.8       0.0   4.0     18.7     23.8    523.60             33.96        96    5.454     12M   412K       0.0       0.0

** Compaction Stats [default] **
Priority    Files   Size     Score Read(GB)  Rn(GB) Rnp1(GB) Write(GB) WPreComp(GB) Wnew(GB) Moved(GB) W-Amp Rd(MB/s) Wr(MB/s) Comp(sec) CompMergeCPU(sec) Comp(cnt) Avg(sec) KeyIn KeyDrop Rblob(GB) Wblob(GB)
----------------------------------------------------------------------------------------------------------------------------------------------------------------------------------------------------------------
 Low      0/0      0.00 KB   0.0    172.3    48.8    123.6     168.8     168.8     45.3       0.0   0.0     55.6     54.4   3176.45            512.59       385    8.251    175M  3524K       0.0       0.0
High      0/0      0.00 KB   0.0      0.0     0.0      0.0      34.9      34.9     34.9       0.0   0.0      0.0     36.4    982.48             59.27       573    1.715     35M      0       0.0       0.0

Blob file count: 0, total size: 0.0 GB, garbage size: 0.0 GB, space amp: 0.0

Uptime(secs): 713.1 total, 49.0 interval
Flush(GB): cumulative 34.883, interval 3.044
AddFile(GB): cumulative 0.000, interval 0.000
AddFile(Total Files): cumulative 0, interval 0
AddFile(L0 Files): cumulative 0, interval 0
AddFile(Keys): cumulative 0, interval 0
Cumulative compaction: 203.73 GB write, 292.55 MB/s write, 172.32 GB read, 247.45 MB/s read, 4158.9 seconds
Interval compaction: 12.19 GB write, 254.80 MB/s write, 9.55 GB read, 199.64 MB/s read, 523.6 seconds
Estimated pending compaction bytes: 24686280881
Write Stall (count): cf-l0-file-count-limit-delays-with-ongoing-compaction: 28, cf-l0-file-count-limit-stops-with-ongoing-compaction: 0, l0-file-count-limit-delays: 28, l0-file-count-limit-stops: 0, memtable-limit-delays: 0, memtable-limit-stops: 448, pending-compaction-bytes-delays: 0, pending-compaction-bytes-stops: 0, total-delays: 28, total-stops: 448
interval: 43 total count
Block cache AutoHyperClockCache@0x5711ef9dd2d0#2018912 capacity: 512.00 MB seed: 591891029 usage: 8.70 MB table_size: 4243 occupancy: 2060 collections: 4 last_copies: 2 last_secs: 0.00036 secs_since: 169
Block cache entry stats(count,size,portion): Misc(2060,8.44 MB,1.6485%)

** File Read Latency Histogram By Level [default] **
** Level 0 read latency histogram (micros):
Count: 15885374 Average: 3.5133  StdDev: 1894.01
Min: 0  Median: 0.9153  Max: 4154556
Percentiles: P50: 0.92 P75: 1.53 P99: 2.96 P99.9: 4.41 P99.99: 5.19
------------------------------------------------------
[       0,       1 ]  8678151  54.630%  54.630% ###########
(       1,       2 ]  6159466  38.774%  93.404% ########
(       2,       3 ]   921656   5.802%  99.206% #
(       3,       4 ]   102755   0.647%  99.853% 
(       4,       6 ]    36639   0.231% 100.084% 
(       6,      10 ]    17489   0.110% 100.194% 
(      10,      15 ]     5990   0.038% 100.231% 
(      15,      22 ]     3442   0.022% 100.253% 
(      22,      34 ]      246   0.002% 100.255% 
(      34,      51 ]       45   0.000% 100.255% 
(      51,      76 ]      207   0.001% 100.256% 
(      76,     110 ]      409   0.003% 100.259% 
(     110,     170 ]       20   0.000% 100.259% 
(     170,     250 ]        6   0.000% 100.259% 
(     250,     380 ]       14   0.000% 100.259% 
(     380,     580 ]        5   0.000% 100.259% 
(     580,     870 ]       25   0.000% 100.259% 
(     870,    1300 ]       60   0.000% 100.260% 
(    1300,    1900 ]       37   0.000% 100.260% 
(    1900,    2900 ]        8   0.000% 100.260% 
(    2900,    4400 ]        3   0.000% 100.260% 
(    4400,    6600 ]        6   0.000% 100.260% 
(    6600,    9900 ]        4   0.000% 100.260% 
(    9900,   14000 ]        5   0.000% 100.260% 
(   14000,   22000 ]        8   0.000% 100.260% 
(   22000,   33000 ]       18   0.000% 100.260% 
(   33000,   50000 ]       11   0.000% 100.260% 
(   50000,   75000 ]       28   0.000% 100.260% 
(   75000,  110000 ]       23   0.000% 100.261% 
(  110000,  170000 ]       14   0.000% 100.261% 
(  170000,  250000 ]        6   0.000% 100.261% 
(  250000,  380000 ]        4   0.000% 100.261% 
(  380000,  570000 ]        1   0.000% 100.261% 
(  570000,  860000 ]        2   0.000% 100.261% 
( 1200000, 1900000 ]        5   0.000% 100.261% 
( 1900000, 2900000 ]        2   0.000% 100.261% 
( 2900000, 4300000 ]        2   0.000% 100.261% 

** Level 1 read latency histogram (micros):
Count: 24061087 Average: 1.4999  StdDev: 2.18
Min: 0  Median: 0.8650  Max: 3025
Percentiles: P50: 0.87 P75: 1.45 P99: 2.77 P99.9: 2.98 P99.99: 3.02
------------------------------------------------------
[       0,       1 ] 13908066  57.803%  57.803% ############
(       1,       2 ]  9139579  37.985%  95.788% ########
(       2,       3 ]  1008818   4.193%  99.981% #
(       3,       4 ]   124866   0.519% 100.500% 
(       4,       6 ]    43915   0.183% 100.682% 
(       6,      10 ]    28062   0.117% 100.799% 
(      10,      15 ]     7652   0.032% 100.831% 
(      15,      22 ]     4161   0.017% 100.848% 
(      22,      34 ]      414   0.002% 100.850% 
(      34,      51 ]      170   0.001% 100.850% 
(      51,      76 ]      440   0.002% 100.852% 
(      76,     110 ]      619   0.003% 100.855% 
(     110,     170 ]      237   0.001% 100.856% 
(     170,     250 ]      102   0.000% 100.856% 
(     250,     380 ]       13   0.000% 100.856% 
(     380,     580 ]        2   0.000% 100.856% 
(     580,     870 ]        6   0.000% 100.856% 
(    1300,    1900 ]        2   0.000% 100.856% 
(    1900,    2900 ]        4   0.000% 100.856% 
(    2900,    4400 ]        7   0.000% 100.856% 

** Level 2 read latency histogram (micros):
Count: 3931785 Average: 7.4057  StdDev: 2346.55
Min: 0  Median: 0.9506  Max: 2139527
Percentiles: P50: 0.95 P75: 1.54 P99: 2.93 P99.9: 3.63 P99.99: 3.74
------------------------------------------------------
[       0,       1 ]  2068007  52.597%  52.597% ###########
(       1,       2 ]  1639040  41.687%  94.284% ########
(       2,       3 ]   199639   5.078%  99.362% #
(       3,       4 ]    33508   0.852% 100.214% 
(       4,       6 ]    11626   0.296% 100.510% 
(       6,      10 ]     4933   0.125% 100.635% 
(      10,      15 ]     1239   0.032% 100.667% 
(      15,      22 ]      619   0.016% 100.682% 
(      22,      34 ]       86   0.002% 100.684% 
(      34,      51 ]       99   0.003% 100.687% 
(      51,      76 ]      290   0.007% 100.694% 
(      76,     110 ]      286   0.007% 100.702% 
(     110,     170 ]       16   0.000% 100.702% 
(     170,     250 ]        2   0.000% 100.702% 
(     250,     380 ]        4   0.000% 100.702% 
(     380,     580 ]        5   0.000% 100.702% 
(     580,     870 ]        4   0.000% 100.702% 
(     870,    1300 ]        7   0.000% 100.703% 
(    1300,    1900 ]        5   0.000% 100.703% 
(    1900,    2900 ]        5   0.000% 100.703% 
(    2900,    4400 ]        6   0.000% 100.703% 
(    4400,    6600 ]        4   0.000% 100.703% 
(    6600,    9900 ]        2   0.000% 100.703% 
(    9900,   14000 ]        4   0.000% 100.703% 
(   14000,   22000 ]        9   0.000% 100.703% 
(   22000,   33000 ]       38   0.001% 100.704% 
(   33000,   50000 ]       24   0.001% 100.705% 
(   50000,   75000 ]       32   0.001% 100.706% 
(   75000,  110000 ]       19   0.000% 100.706% 
(  110000,  170000 ]        9   0.000% 100.707% 
(  170000,  250000 ]        8   0.000% 100.707% 
(  250000,  380000 ]        2   0.000% 100.707% 
( 1200000, 1900000 ]        8   0.000% 100.707% 
( 1900000, 2900000 ]        1   0.000% 100.707% 


** DB Stats **
Uptime(secs): 713.1 total, 36.2 interval
Cumulative writes: 35M writes, 35M keys, 4592K commit groups, 7.7 writes per commit group, ingest: 34.64 GB, 49.74 MB/s
Cumulative WAL: 35M writes, 0 syncs, 35569385.00 writes per sync, written: 34.64 GB, 49.74 MB/s
Cumulative stall: 00:10:21.212 H:M:S, 87.1 percent
Interval writes: 2790K writes, 2790K keys, 362K commit groups, 7.7 writes per commit group, ingest: 2782.51 MB, 76.95 MB/s
Interval WAL: 2790K writes, 0 syncs, 2790532.00 writes per sync, written: 2.72 GB, 76.95 MB/s
Interval stall: 00:00:30.013 H:M:S, 83.0 percent
Write Stall (count): write-buffer-manager-limit-stops: 0
num-running-compactions: 2
num-running-flushes: 1

2026/08/31-02:25:34  ... thread 0: (31000,2254000) ops and (939.3,3021.2) ops/second in (33.003346,746.049059) seconds
2026/08/31-02:25:34  ... thread 5: (31000,2253000) ops and (939.3,3019.9) ops/second in (33.004343,746.049313) seconds
2026/08/31-02:25:34  ... thread 6: (31000,2254000) ops and (939.1,3021.2) ops/second in (33.008915,746.049758) seconds
2026/08/31-02:25:34  ... thread 3: (31000,2254000) ops and (939.3,3021.2) ops/second in (33.004196,746.050309) seconds
2026/08/31-02:25:34  ... thread 8: (31000,2255000) ops and (939.1,3022.6) ops/second in (33.010318,746.051476) seconds
2026/08/31-02:25:34  ... thread 4: (31000,2254000) ops and (938.6,3021.2) ops/second in (33.028976,746.052686) seconds
2026/08/31-02:25:34  ... thread 15: (32000,2253000) ops and (967.0,3019.9) ops/second in (33.092180,746.055109) seconds
2026/08/31-02:25:34  ... thread 11: (31000,2253000) ops and (939.1,3019.9) ops/second in (33.010216,746.053482) seconds
2026/08/31-02:25:34  ... thread 14: (31000,2254000) ops and (939.1,3021.2) ops/second in (33.010245,746.053720) seconds
2026/08/31-02:25:34  ... thread 10: (31000,2253000) ops and (939.0,3019.9) ops/second in (33.015474,746.054561) seconds

** Compaction Stats [default] **
Level    Files   Size     Score Read(GB)  Rn(GB) Rnp1(GB) Write(GB) WPreComp(GB) Wnew(GB) Moved(GB) W-Amp Rd(MB/s) Wr(MB/s) Comp(sec) CompMergeCPU(sec) Comp(cnt) Avg(sec) KeyIn KeyDrop Rblob(GB) Wblob(GB)
-------------------------------------------------------------------------------------------------------------------------------------------------------------------------------------------------------------
  L0      6/0    807.06 MB   1.5     30.4     0.0     30.4      65.8      65.8     35.3       0.0   1.9     19.4     42.0   1605.30            135.92       702    2.287     66M    29K       0.0       0.0
  L1    106/18     6.33 GB   1.3    108.4    34.5     73.8     106.8     106.8     33.0       0.0   3.1    277.6    273.5    399.87            333.23        26   15.380    110M  1583K       0.0       0.0
  L2    449/46    24.40 GB   0.5     44.1    18.7     25.4      41.9      41.9     16.4       8.0   2.2     18.7     17.8   2413.91            135.16       258    9.356     44M  2295K       0.0       0.0
 Sum    561/64    31.51 GB   0.0    182.9    53.2    129.7     214.4     214.4     84.7       8.0   6.1     42.4     49.7   4419.08            604.31       986    4.482    222M  3908K       0.0       0.0
 Int      0/0      0.00 KB   0.0     10.4     4.5      5.9      10.4      10.4      4.5       0.0  28.5     44.9     44.9    236.43             31.64        25    9.457     10M   383K       0.0       0.0

** Compaction Stats [default] **
Priority    Files   Size     Score Read(GB)  Rn(GB) Rnp1(GB) Write(GB) WPreComp(GB) Wnew(GB) Moved(GB) W-Amp Rd(MB/s) Wr(MB/s) Comp(sec) CompMergeCPU(sec) Comp(cnt) Avg(sec) KeyIn KeyDrop Rblob(GB) Wblob(GB)
----------------------------------------------------------------------------------------------------------------------------------------------------------------------------------------------------------------
 Low      0/0      0.00 KB   0.0    182.9    53.2    129.7     179.1     179.1     49.4       0.0   0.0     55.2     54.1   3391.45            544.15       405    8.374    186M  3908K       0.0       0.0
High      0/0      0.00 KB   0.0      0.0     0.0      0.0      35.4      35.4     35.4       0.0   0.0      0.0     35.2   1027.63             60.17       581    1.769     35M      0       0.0       0.0

Blob file count: 0, total size: 0.0 GB, garbage size: 0.0 GB, space amp: 0.0

Uptime(secs): 746.1 total, 21.9 interval
Flush(GB): cumulative 35.368, interval 0.364
AddFile(GB): cumulative 0.000, interval 0.000
AddFile(Total Files): cumulative 0, interval 0
AddFile(L0 Files): cumulative 0, interval 0
AddFile(Keys): cumulative 0, interval 0
Cumulative compaction: 214.45 GB write, 294.34 MB/s write, 182.94 GB read, 251.09 MB/s read, 4419.1 seconds
Interval compaction: 10.36 GB write, 483.72 MB/s write, 10.37 GB read, 484.40 MB/s read, 236.4 seconds
Estimated pending compaction bytes: 22448212376
Write Stall (count): cf-l0-file-count-limit-delays-with-ongoing-compaction: 31, cf-l0-file-count-limit-stops-with-ongoing-compaction: 0, l0-file-count-limit-delays: 31, l0-file-count-limit-stops: 0, memtable-limit-delays: 0, memtable-limit-stops: 460, pending-compaction-bytes-delays: 0, pending-compaction-bytes-stops: 0, total-delays: 31, total-stops: 460
interval: 11 total count
Block cache AutoHyperClockCache@0x5711ef9dd2d0#2018912 capacity: 512.00 MB seed: 591891029 usage: 10.75 MB table_size: 4695 occupancy: 2554 collections: 5 last_copies: 0 last_secs: 0.00043 secs_since: 21
Block cache entry stats(count,size,portion): Misc(2554,10.47 MB,2.04412%)

** File Read Latency Histogram By Level [default] **
** Level 0 read latency histogram (micros):
Count: 16421286 Average: 3.4530  StdDev: 1862.86
Min: 0  Median: 0.9167  Max: 4154556
Percentiles: P50: 0.92 P75: 1.53 P99: 2.97 P99.9: 4.44 P99.99: 5.21
------------------------------------------------------
[       0,       1 ]  8956269  54.541%  54.541% ###########
(       1,       2 ]  6373054  38.810%  93.350% ########
(       2,       3 ]   958337   5.836%  99.186% #
(       3,       4 ]   108714   0.662%  99.848% 
(       4,       6 ]    38449   0.234% 100.082% 
(       6,      10 ]    18233   0.111% 100.193% 
(      10,      15 ]     6323   0.039% 100.232% 
(      15,      22 ]     3682   0.022% 100.254% 
(      22,      34 ]      265   0.002% 100.256% 
(      34,      51 ]       48   0.000% 100.256% 
(      51,      76 ]      211   0.001% 100.258% 
(      76,     110 ]      416   0.003% 100.260% 
(     110,     170 ]       20   0.000% 100.260% 
(     170,     250 ]        6   0.000% 100.260% 
(     250,     380 ]       14   0.000% 100.260% 
(     380,     580 ]        5   0.000% 100.260% 
(     580,     870 ]       25   0.000% 100.261% 
(     870,    1300 ]       61   0.000% 100.261% 
(    1300,    1900 ]       38   0.000% 100.261% 
(    1900,    2900 ]        8   0.000% 100.261% 
(    2900,    4400 ]        3   0.000% 100.261% 
(    4400,    6600 ]        6   0.000% 100.261% 
(    6600,    9900 ]        4   0.000% 100.261% 
(    9900,   14000 ]        5   0.000% 100.261% 
(   14000,   22000 ]        8   0.000% 100.261% 
(   22000,   33000 ]       19   0.000% 100.261% 
(   33000,   50000 ]       11   0.000% 100.262% 
(   50000,   75000 ]       28   0.000% 100.262% 
(   75000,  110000 ]       23   0.000% 100.262% 
(  110000,  170000 ]       14   0.000% 100.262% 
(  170000,  250000 ]        6   0.000% 100.262% 
(  250000,  380000 ]        4   0.000% 100.262% 
(  380000,  570000 ]        1   0.000% 100.262% 
(  570000,  860000 ]        2   0.000% 100.262% 
( 1200000, 1900000 ]        5   0.000% 100.262% 
( 1900000, 2900000 ]        2   0.000% 100.262% 
( 2900000, 4300000 ]        2   0.000% 100.262% 

** Level 1 read latency histogram (micros):
Count: 24991296 Average: 1.4968  StdDev: 2.54
Min: 0  Median: 0.8600  Max: 6018
Percentiles: P50: 0.86 P75: 1.45 P99: 2.77 P99.9: 2.99 P99.99: 3.06
------------------------------------------------------
[       0,       1 ] 14529879  58.140%  58.140% ############
(       1,       2 ]  9405033  37.633%  95.773% ########
(       2,       3 ]  1046291   4.187%  99.960% #
(       3,       4 ]   129268   0.517% 100.477% 
(       4,       6 ]    45644   0.183% 100.660% 
(       6,      10 ]    29062   0.116% 100.776% 
(      10,      15 ]     8072   0.032% 100.808% 
(      15,      22 ]     4441   0.018% 100.826% 
(      22,      34 ]      439   0.002% 100.828% 
(      34,      51 ]      176   0.001% 100.828% 
(      51,      76 ]      489   0.002% 100.830% 
(      76,     110 ]      680   0.003% 100.833% 
(     110,     170 ]      242   0.001% 100.834% 
(     170,     250 ]      102   0.000% 100.834% 
(     250,     380 ]       13   0.000% 100.834% 
(     380,     580 ]        2   0.000% 100.834% 
(     580,     870 ]        6   0.000% 100.834% 
(    1300,    1900 ]        2   0.000% 100.834% 
(    1900,    2900 ]        4   0.000% 100.834% 
(    2900,    4400 ]        8   0.000% 100.835% 
(    4400,    6600 ]        1   0.000% 100.835% 

** Level 2 read latency histogram (micros):
Count: 4661641 Average: 6.5043  StdDev: 2155.26
Min: 0  Median: 0.9317  Max: 2139527
Percentiles: P50: 0.93 P75: 1.52 P99: 2.92 P99.9: 3.63 P99.99: 3.74
------------------------------------------------------
[       0,       1 ]  2501797  53.668%  53.668% ###########
(       1,       2 ]  1901487  40.790%  94.458% ########
(       2,       3 ]   229979   4.933%  99.391% #
(       3,       4 ]    37693   0.809% 100.200% 
(       4,       6 ]    13625   0.292% 100.492% 
(       6,      10 ]     5669   0.122% 100.614% 
(      10,      15 ]     1470   0.032% 100.645% 
(      15,      22 ]      772   0.017% 100.662% 
(      22,      34 ]      101   0.002% 100.664% 
(      34,      51 ]      114   0.002% 100.666% 
(      51,      76 ]      306   0.007% 100.673% 
(      76,     110 ]      308   0.007% 100.680% 
(     110,     170 ]       17   0.000% 100.680% 
(     170,     250 ]        2   0.000% 100.680% 
(     250,     380 ]        4   0.000% 100.680% 
(     380,     580 ]        5   0.000% 100.680% 
(     580,     870 ]        4   0.000% 100.680% 
(     870,    1300 ]        7   0.000% 100.680% 
(    1300,    1900 ]        5   0.000% 100.681% 
(    1900,    2900 ]        5   0.000% 100.681% 
(    2900,    4400 ]        6   0.000% 100.681% 
(    4400,    6600 ]        4   0.000% 100.681% 
(    6600,    9900 ]        2   0.000% 100.681% 
(    9900,   14000 ]        4   0.000% 100.681% 
(   14000,   22000 ]       11   0.000% 100.681% 
(   22000,   33000 ]       38   0.001% 100.682% 
(   33000,   50000 ]       26   0.001% 100.683% 
(   50000,   75000 ]       32   0.001% 100.683% 
(   75000,  110000 ]       19   0.000% 100.684% 
(  110000,  170000 ]        9   0.000% 100.684% 
(  170000,  250000 ]        8   0.000% 100.684% 
(  250000,  380000 ]        2   0.000% 100.684% 
( 1200000, 1900000 ]        8   0.000% 100.684% 
( 1900000, 2900000 ]        1   0.000% 100.684% 


** DB Stats **
Uptime(secs): 746.1 total, 21.9 interval
Cumulative writes: 36M writes, 36M keys, 4658K commit groups, 7.7 writes per commit group, ingest: 35.12 GB, 48.20 MB/s
Cumulative WAL: 36M writes, 0 syncs, 36064771.00 writes per sync, written: 35.12 GB, 48.20 MB/s
Cumulative stall: 00:10:51.395 H:M:S, 87.3 percent
Interval writes: 320K writes, 320K keys, 41K commit groups, 7.7 writes per commit group, ingest: 319.96 MB, 14.59 MB/s
Interval WAL: 320K writes, 0 syncs, 320869.00 writes per sync, written: 0.31 GB, 14.59 MB/s
Interval stall: 00:00:26.629 H:M:S, 121.4 percent
Write Stall (count): write-buffer-manager-limit-stops: 0
num-running-compactions: 18
num-running-flushes: 1

2026/08/31-02:25:34  ... thread 1: (31000,2253000) ops and (939.0,3019.9) ops/second in (33.014417,746.055148) seconds
2026/08/31-02:25:34  ... thread 12: (31000,2254000) ops and (938.8,3021.2) ops/second in (33.021248,746.055738) seconds
2026/08/31-02:25:34  ... thread 2: (31000,2255000) ops and (939.0,3022.6) ops/second in (33.013863,746.056424) seconds
2026/08/31-02:25:34  ... thread 13: (31000,2257000) ops and (938.7,3025.2) ops/second in (33.022793,746.057238) seconds
2026/08/31-02:25:34  ... thread 7: (31000,2256000) ops and (939.0,3023.9) ops/second in (33.015462,746.058256) seconds
2026/08/31-02:25:34  ... thread 9: (31000,2253000) ops and (938.9,3019.9) ops/second in (33.016019,746.058595) seconds
2026/08/31-02:26:07  ... thread 0: (61000,2315000) ops and (1856.8,2972.1) ops/second in (32.852236,778.901295) seconds

** Compaction Stats [default] **
Level    Files   Size     Score Read(GB)  Rn(GB) Rnp1(GB) Write(GB) WPreComp(GB) Wnew(GB) Moved(GB) W-Amp Rd(MB/s) Wr(MB/s) Comp(sec) CompMergeCPU(sec) Comp(cnt) Avg(sec) KeyIn KeyDrop Rblob(GB) Wblob(GB)
-------------------------------------------------------------------------------------------------------------------------------------------------------------------------------------------------------------
  L0     12/4      1.76 GB   2.0     31.2     0.0     31.2      67.6      67.6     36.4       0.0   1.9     19.0     41.2   1681.89            139.89       722    2.329     68M    30K       0.0       0.0
  L1     67/0      3.99 GB   1.0    108.4    34.5     73.8     106.8     106.8     33.0       0.0   3.1    277.6    273.5    399.87            333.23        26   15.380    110M  1583K       0.0       0.0
  L2    481/0     26.23 GB   0.7     52.5    21.0     31.5      49.8      49.8     18.3       8.0   2.4     18.6     17.6   2898.12            160.72       297    9.758     53M  2803K       0.0       0.0
 Sum    560/4     31.98 GB   0.0    192.1    55.6    136.6     224.2     224.2     87.6       8.0   6.2     39.5     46.1   4979.89            633.83      1045    4.765    232M  4416K       0.0       0.0
 Int      0/0      0.00 KB   0.0     19.6     6.8     12.8      20.1      20.1      7.3       0.0  14.4     25.1     25.8    797.23             61.16        84    9.491     21M   891K       0.0       0.0

** Compaction Stats [default] **
Priority    Files   Size     Score Read(GB)  Rn(GB) Rnp1(GB) Write(GB) WPreComp(GB) Wnew(GB) Moved(GB) W-Amp Rd(MB/s) Wr(MB/s) Comp(sec) CompMergeCPU(sec) Comp(cnt) Avg(sec) KeyIn KeyDrop Rblob(GB) Wblob(GB)
----------------------------------------------------------------------------------------------------------------------------------------------------------------------------------------------------------------
 Low      0/0      0.00 KB   0.0    192.1    55.6    136.6     187.8     187.8     51.2       0.0   0.0     50.6     49.5   3888.51            571.78       447    8.699    195M  4416K       0.0       0.0
High      0/0      0.00 KB   0.0      0.0     0.0      0.0      36.4      36.4     36.4       0.0   0.0      0.0     34.2   1091.38             62.06       598    1.825     37M      0       0.0       0.0

Blob file count: 0, total size: 0.0 GB, garbage size: 0.0 GB, space amp: 0.0

Uptime(secs): 778.9 total, 54.8 interval
Flush(GB): cumulative 36.400, interval 1.395
AddFile(GB): cumulative 0.000, interval 0.000
AddFile(Total Files): cumulative 0, interval 0
AddFile(L0 Files): cumulative 0, interval 0
AddFile(Keys): cumulative 0, interval 0
Cumulative compaction: 224.18 GB write, 294.73 MB/s write, 192.14 GB read, 252.60 MB/s read, 4979.9 seconds
Interval compaction: 20.09 GB write, 375.66 MB/s write, 19.58 GB read, 365.99 MB/s read, 797.2 seconds
Estimated pending compaction bytes: 16641296202
Write Stall (count): cf-l0-file-count-limit-delays-with-ongoing-compaction: 31, cf-l0-file-count-limit-stops-with-ongoing-compaction: 0, l0-file-count-limit-delays: 31, l0-file-count-limit-stops: 0, memtable-limit-delays: 0, memtable-limit-stops: 486, pending-compaction-bytes-delays: 0, pending-compaction-bytes-stops: 0, total-delays: 31, total-stops: 486
interval: 37 total count
Block cache AutoHyperClockCache@0x5711ef9dd2d0#2018912 capacity: 512.00 MB seed: 591891029 usage: 10.75 MB table_size: 4695 occupancy: 2554 collections: 5 last_copies: 0 last_secs: 0.00043 secs_since: 54
Block cache entry stats(count,size,portion): Misc(2554,10.47 MB,2.04412%)

** File Read Latency Histogram By Level [default] **
** Level 0 read latency histogram (micros):
Count: 16683221 Average: 3.4451  StdDev: 1848.57
Min: 0  Median: 0.9133  Max: 4154556
Percentiles: P50: 0.91 P75: 1.52 P99: 2.97 P99.9: 4.47 P99.99: 5.24
------------------------------------------------------
[       0,       1 ]  9133387  54.746%  54.746% ###########
(       1,       2 ]  6451048  38.668%  93.414% ########
(       2,       3 ]   963551   5.776%  99.189% #
(       3,       4 ]   109504   0.656%  99.846% 
(       4,       6 ]    38860   0.233% 100.079% 
(       6,      10 ]    18459   0.111% 100.189% 
(      10,      15 ]     6404   0.038% 100.228% 
(      15,      22 ]     3746   0.022% 100.250% 
(      22,      34 ]      271   0.002% 100.252% 
(      34,      51 ]       48   0.000% 100.252% 
(      51,      76 ]      218   0.001% 100.253% 
(      76,     110 ]      427   0.003% 100.256% 
(     110,     170 ]       21   0.000% 100.256% 
(     170,     250 ]        6   0.000% 100.256% 
(     250,     380 ]       15   0.000% 100.256% 
(     380,     580 ]        5   0.000% 100.256% 
(     580,     870 ]       25   0.000% 100.256% 
(     870,    1300 ]       62   0.000% 100.257% 
(    1300,    1900 ]       41   0.000% 100.257% 
(    1900,    2900 ]        8   0.000% 100.257% 
(    2900,    4400 ]        3   0.000% 100.257% 
(    4400,    6600 ]        6   0.000% 100.257% 
(    6600,    9900 ]        4   0.000% 100.257% 
(    9900,   14000 ]        5   0.000% 100.257% 
(   14000,   22000 ]        8   0.000% 100.257% 
(   22000,   33000 ]       19   0.000% 100.257% 
(   33000,   50000 ]       11   0.000% 100.257% 
(   50000,   75000 ]       35   0.000% 100.258% 
(   75000,  110000 ]       23   0.000% 100.258% 
(  110000,  170000 ]       14   0.000% 100.258% 
(  170000,  250000 ]        6   0.000% 100.258% 
(  250000,  380000 ]        4   0.000% 100.258% 
(  380000,  570000 ]        1   0.000% 100.258% 
(  570000,  860000 ]        2   0.000% 100.258% 
( 1200000, 1900000 ]        5   0.000% 100.258% 
( 1900000, 2900000 ]        2   0.000% 100.258% 
( 2900000, 4300000 ]        2   0.000% 100.258% 

** Level 1 read latency histogram (micros):
Count: 25452320 Average: 1.4983  StdDev: 2.52
Min: 0  Median: 0.8616  Max: 6018
Percentiles: P50: 0.86 P75: 1.45 P99: 2.78 P99.9: 2.99 P99.99: 3.10
------------------------------------------------------
[       0,       1 ] 14771060  58.034%  58.034% ############
(       1,       2 ]  9591932  37.686%  95.720% ########
(       2,       3 ]  1073128   4.216%  99.936% #
(       3,       4 ]   134653   0.529% 100.465% 
(       4,       6 ]    46943   0.184% 100.650% 
(       6,      10 ]    29603   0.116% 100.766% 
(      10,      15 ]     8215   0.032% 100.798% 
(      15,      22 ]     4505   0.018% 100.816% 
(      22,      34 ]      445   0.002% 100.818% 
(      34,      51 ]      181   0.001% 100.819% 
(      51,      76 ]      490   0.002% 100.820% 
(      76,     110 ]      683   0.003% 100.823% 
(     110,     170 ]      243   0.001% 100.824% 
(     170,     250 ]      102   0.000% 100.825% 
(     250,     380 ]       13   0.000% 100.825% 
(     380,     580 ]        2   0.000% 100.825% 
(     580,     870 ]        7   0.000% 100.825% 
(    1300,    1900 ]        2   0.000% 100.825% 
(    1900,    2900 ]        4   0.000% 100.825% 
(    2900,    4400 ]        8   0.000% 100.825% 
(    4400,    6600 ]        1   0.000% 100.825% 

** Level 2 read latency histogram (micros):
Count: 5857934 Average: 6.9723  StdDev: 2723.44
Min: 0  Median: 0.9385  Max: 4474937
Percentiles: P50: 0.94 P75: 1.53 P99: 2.92 P99.9: 3.59 P99.99: 3.70
------------------------------------------------------
[       0,       1 ]  3120902  53.276%  53.276% ###########
(       1,       2 ]  2397294  40.924%  94.200% ########
(       2,       3 ]   304075   5.191%  99.391% #
(       3,       4 ]    50335   0.859% 100.250% 
(       4,       6 ]    16753   0.286% 100.536% 
(       6,      10 ]     7245   0.124% 100.660% 
(      10,      15 ]     1882   0.032% 100.692% 
(      15,      22 ]      951   0.016% 100.708% 
(      22,      34 ]      133   0.002% 100.711% 
(      34,      51 ]      138   0.002% 100.713% 
(      51,      76 ]      359   0.006% 100.719% 
(      76,     110 ]      379   0.006% 100.726% 
(     110,     170 ]       19   0.000% 100.726% 
(     170,     250 ]        3   0.000% 100.726% 
(     250,     380 ]        4   0.000% 100.726% 
(     380,     580 ]        8   0.000% 100.726% 
(     580,     870 ]        4   0.000% 100.726% 
(     870,    1300 ]        7   0.000% 100.726% 
(    1300,    1900 ]        6   0.000% 100.727% 
(    1900,    2900 ]        5   0.000% 100.727% 
(    2900,    4400 ]        6   0.000% 100.727% 
(    4400,    6600 ]        4   0.000% 100.727% 
(    6600,    9900 ]        2   0.000% 100.727% 
(    9900,   14000 ]        4   0.000% 100.727% 
(   14000,   22000 ]       13   0.000% 100.727% 
(   22000,   33000 ]       43   0.001% 100.728% 
(   33000,   50000 ]       30   0.001% 100.728% 
(   50000,   75000 ]       42   0.001% 100.729% 
(   75000,  110000 ]       22   0.000% 100.730% 
(  110000,  170000 ]       12   0.000% 100.730% 
(  170000,  250000 ]        8   0.000% 100.730% 
(  250000,  380000 ]        4   0.000% 100.730% 
(  380000,  570000 ]        2   0.000% 100.730% 
(  860000, 1200000 ]        1   0.000% 100.730% 
( 1200000, 1900000 ]        8   0.000% 100.730% 
( 1900000, 2900000 ]        1   0.000% 100.730% 
( 4300000, 6500000 ]        1   0.000% 100.730% 


** DB Stats **
Uptime(secs): 778.9 total, 32.8 interval
Cumulative writes: 37M writes, 37M keys, 4785K commit groups, 7.7 writes per commit group, ingest: 36.07 GB, 47.42 MB/s
Cumulative WAL: 37M writes, 0 syncs, 37040350.00 writes per sync, written: 36.07 GB, 47.42 MB/s
Cumulative stall: 00:11:20.771 H:M:S, 87.4 percent
Interval writes: 975K writes, 975K keys, 126K commit groups, 7.7 writes per commit group, ingest: 972.76 MB, 29.62 MB/s
Interval WAL: 975K writes, 0 syncs, 975579.00 writes per sync, written: 0.95 GB, 29.62 MB/s
Interval stall: 00:00:29.376 H:M:S, 89.4 percent
Write Stall (count): write-buffer-manager-limit-stops: 0
num-running-compactions: 1
num-running-flushes: 2

2026/08/31-02:26:07  ... thread 11: (61000,2314000) ops and (1857.0,2970.8) ops/second in (32.849017,778.902499) seconds
2026/08/31-02:26:07  ... thread 15: (61000,2314000) ops and (1857.0,2970.8) ops/second in (32.848925,778.904034) seconds
2026/08/31-02:26:07  ... thread 7: (61000,2317000) ops and (1857.1,2974.7) ops/second in (32.847365,778.905621) seconds
2026/08/31-02:26:07  ... thread 8: (61000,2316000) ops and (1856.6,2973.4) ops/second in (32.855541,778.907017) seconds
2026/08/31-02:26:07  ... thread 6: (61000,2315000) ops and (1856.3,2972.1) ops/second in (32.860635,778.910393) seconds
2026/08/31-02:26:07  ... thread 9: (61000,2314000) ops and (1856.7,2970.8) ops/second in (32.853455,778.912050) seconds
2026/08/31-02:26:07  ... thread 4: (61000,2315000) ops and (1856.3,2972.1) ops/second in (32.861837,778.914523) seconds
2026/08/31-02:26:07  ... thread 12: (61000,2315000) ops and (1855.7,2972.0) ops/second in (32.871921,778.927659) seconds
2026/08/31-02:26:07  ... thread 1: (62000,2315000) ops and (1886.1,2972.0) ops/second in (32.872454,778.927602) seconds
2026/08/31-02:26:07  ... thread 10: (62000,2315000) ops and (1885.7,2972.0) ops/second in (32.879516,778.934077) seconds
2026/08/31-02:26:07  ... thread 13: (62000,2319000) ops and (1885.8,2977.1) ops/second in (32.877231,778.934469) seconds
2026/08/31-02:26:07  ... thread 14: (62000,2316000) ops and (1885.6,2973.3) ops/second in (32.881452,778.935172) seconds
2026/08/31-02:26:07  ... thread 2: (62000,2317000) ops and (1885.7,2974.6) ops/second in (32.879486,778.935910) seconds
2026/08/31-02:26:07  ... thread 3: (62000,2316000) ops and (1885.2,2973.3) ops/second in (32.887322,778.937631) seconds
2026/08/31-02:26:07  ... thread 5: (62000,2315000) ops and (1885.2,2972.0) ops/second in (32.888410,778.937723) seconds
2026/08/31-02:26:37  ... thread 10: (77000,2392000) ops and (2555.4,2956.5) ops/second in (30.131837,809.065914) seconds
2026/08/31-02:26:38  ... thread 5: (77000,2392000) ops and (2538.7,2955.8) ops/second in (30.329991,809.267714) seconds
2026/08/31-02:26:38  ... thread 8: (78000,2394000) ops and (2569.0,2958.2) ops/second in (30.361938,809.268955) seconds
2026/08/31-02:26:38  ... thread 15: (78000,2392000) ops and (2568.5,2955.7) ops/second in (30.367756,809.271790) seconds
2026/08/31-02:26:38  ... thread 1: (77000,2392000) ops and (2537.5,2955.7) ops/second in (30.345004,809.272606) seconds
2026/08/31-02:26:38  ... thread 2: (77000,2394000) ops and (2538.1,2958.2) ops/second in (30.337664,809.273574) seconds
2026/08/31-02:26:38  ... thread 11: (78000,2392000) ops and (2568.1,2955.7) ops/second in (30.372291,809.274790) seconds
2026/08/31-02:26:38  ... thread 13: (77000,2396000) ops and (2537.8,2960.7) ops/second in (30.340958,809.275427) seconds
2026/08/31-02:26:38  ... thread 0: (78000,2393000) ops and (2567.8,2957.0) ops/second in (30.376051,809.277346) seconds
2026/08/31-02:26:38  ... thread 12: (77000,2392000) ops and (2537.1,2955.7) ops/second in (30.350124,809.277783) seconds

** Compaction Stats [default] **
Level    Files   Size     Score Read(GB)  Rn(GB) Rnp1(GB) Write(GB) WPreComp(GB) Wnew(GB) Moved(GB) W-Amp Rd(MB/s) Wr(MB/s) Comp(sec) CompMergeCPU(sec) Comp(cnt) Avg(sec) KeyIn KeyDrop Rblob(GB) Wblob(GB)
-------------------------------------------------------------------------------------------------------------------------------------------------------------------------------------------------------------
  L0     18/17     3.04 GB   0.2     32.4     0.0     32.4      70.0      70.0     37.6       0.0   1.9     19.0     40.9   1752.63            144.95       747    2.346     71M    31K       0.0       0.0
  L1     67/67     3.99 GB   0.0    108.4    34.5     73.8     106.8     106.8     33.0       0.0   3.1    277.6    273.5    399.87            333.23        26   15.380    110M  1583K       0.0       0.0
  L2    481/0     26.23 GB   0.7     52.5    21.0     31.5      49.8      49.8     18.3       8.0   2.4     18.6     17.6   2898.12            160.72       297    9.758     53M  2803K       0.0       0.0
 Sum    566/84    33.26 GB   0.0    193.4    55.6    137.8     226.6     226.6     88.8       8.0   6.0     39.2     45.9   5050.62            638.90      1070    4.720    235M  4417K       0.0       0.0
 Int      0/0      0.00 KB   0.0      0.2     0.0      0.2       0.6       0.6      0.4       0.0   1.7      4.6     11.6     53.62              1.28         7    7.659    618K    232       0.0       0.0

** Compaction Stats [default] **
Priority    Files   Size     Score Read(GB)  Rn(GB) Rnp1(GB) Write(GB) WPreComp(GB) Wnew(GB) Moved(GB) W-Amp Rd(MB/s) Wr(MB/s) Comp(sec) CompMergeCPU(sec) Comp(cnt) Avg(sec) KeyIn KeyDrop Rblob(GB) Wblob(GB)
----------------------------------------------------------------------------------------------------------------------------------------------------------------------------------------------------------------
 Low      0/0      0.00 KB   0.0    193.4    55.6    137.8     189.0     189.0     51.2       0.0   0.0     50.6     49.5   3911.58            574.79       452    8.654    196M  4417K       0.0       0.0
High      0/0      0.00 KB   0.0      0.0     0.0      0.0      37.6      37.6     37.6       0.0   0.0      0.0     33.8   1139.04             64.11       618    1.843     38M      0       0.0       0.0

Blob file count: 0, total size: 0.0 GB, garbage size: 0.0 GB, space amp: 0.0

Uptime(secs): 809.3 total, 25.1 interval
Flush(GB): cumulative 37.619, interval 0.365
AddFile(GB): cumulative 0.000, interval 0.000
AddFile(Total Files): cumulative 0, interval 0
AddFile(L0 Files): cumulative 0, interval 0
AddFile(Keys): cumulative 0, interval 0
Cumulative compaction: 226.62 GB write, 286.75 MB/s write, 193.36 GB read, 244.66 MB/s read, 5050.6 seconds
Interval compaction: 0.61 GB write, 24.76 MB/s write, 0.24 GB read, 9.91 MB/s read, 53.6 seconds
Estimated pending compaction bytes: 22949830581
Write Stall (count): cf-l0-file-count-limit-delays-with-ongoing-compaction: 32, cf-l0-file-count-limit-stops-with-ongoing-compaction: 0, l0-file-count-limit-delays: 32, l0-file-count-limit-stops: 0, memtable-limit-delays: 0, memtable-limit-stops: 497, pending-compaction-bytes-delays: 0, pending-compaction-bytes-stops: 0, total-delays: 32, total-stops: 497
interval: 3 total count
Block cache AutoHyperClockCache@0x5711ef9dd2d0#2018912 capacity: 512.00 MB seed: 591891029 usage: 10.75 MB table_size: 4695 occupancy: 2554 collections: 5 last_copies: 1 last_secs: 0.00043 secs_since: 85
Block cache entry stats(count,size,portion): Misc(2554,10.47 MB,2.04412%)

** File Read Latency Histogram By Level [default] **
** Level 0 read latency histogram (micros):
Count: 17593495 Average: 3.3762  StdDev: 1801.04
Min: 0  Median: 0.9166  Max: 4154556
Percentiles: P50: 0.92 P75: 1.53 P99: 2.97 P99.9: 4.42 P99.99: 5.20
------------------------------------------------------
[       0,       1 ]  9597243  54.550%  54.550% ###########
(       1,       2 ]  6831806  38.831%  93.381% ########
(       2,       3 ]  1023424   5.817%  99.198% #
(       3,       4 ]   114764   0.652%  99.851% 
(       4,       6 ]    40809   0.232% 100.083% 
(       6,      10 ]    19446   0.111% 100.193% 
(      10,      15 ]     6719   0.038% 100.231% 
(      15,      22 ]     3942   0.022% 100.254% 
(      22,      34 ]      284   0.002% 100.255% 
(      34,      51 ]       52   0.000% 100.256% 
(      51,      76 ]      224   0.001% 100.257% 
(      76,     110 ]      441   0.003% 100.260% 
(     110,     170 ]       21   0.000% 100.260% 
(     170,     250 ]        6   0.000% 100.260% 
(     250,     380 ]       15   0.000% 100.260% 
(     380,     580 ]        5   0.000% 100.260% 
(     580,     870 ]       26   0.000% 100.260% 
(     870,    1300 ]       64   0.000% 100.260% 
(    1300,    1900 ]       43   0.000% 100.261% 
(    1900,    2900 ]        8   0.000% 100.261% 
(    2900,    4400 ]        3   0.000% 100.261% 
(    4400,    6600 ]        6   0.000% 100.261% 
(    6600,    9900 ]        4   0.000% 100.261% 
(    9900,   14000 ]        5   0.000% 100.261% 
(   14000,   22000 ]        9   0.000% 100.261% 
(   22000,   33000 ]       19   0.000% 100.261% 
(   33000,   50000 ]       11   0.000% 100.261% 
(   50000,   75000 ]       36   0.000% 100.261% 
(   75000,  110000 ]       24   0.000% 100.261% 
(  110000,  170000 ]       15   0.000% 100.261% 
(  170000,  250000 ]        7   0.000% 100.261% 
(  250000,  380000 ]        4   0.000% 100.261% 
(  380000,  570000 ]        1   0.000% 100.261% 
(  570000,  860000 ]        2   0.000% 100.261% 
( 1200000, 1900000 ]        5   0.000% 100.261% 
( 1900000, 2900000 ]        2   0.000% 100.261% 
( 2900000, 4300000 ]        2   0.000% 100.261% 

** Level 1 read latency histogram (micros):
Count: 26429720 Average: 1.4925  StdDev: 2.48
Min: 0  Median: 0.8551  Max: 6018
Percentiles: P50: 0.86 P75: 1.44 P99: 2.77 P99.9: 2.99 P99.99: 3.10
------------------------------------------------------
[       0,       1 ] 15454799  58.475%  58.475% ############
(       1,       2 ]  9860312  37.308%  95.783% #######
(       2,       3 ]  1098118   4.155%  99.938% #
(       3,       4 ]   137106   0.519% 100.456% 
(       4,       6 ]    48439   0.183% 100.640% 
(       6,      10 ]    30440   0.115% 100.755% 
(      10,      15 ]     8481   0.032% 100.787% 
(      15,      22 ]     4681   0.018% 100.805% 
(      22,      34 ]      460   0.002% 100.806% 
(      34,      51 ]      182   0.001% 100.807% 
(      51,      76 ]      491   0.002% 100.809% 
(      76,     110 ]      687   0.003% 100.811% 
(     110,     170 ]      243   0.001% 100.812% 
(     170,     250 ]      102   0.000% 100.813% 
(     250,     380 ]       13   0.000% 100.813% 
(     380,     580 ]        2   0.000% 100.813% 
(     580,     870 ]        7   0.000% 100.813% 
(    1300,    1900 ]        2   0.000% 100.813% 
(    1900,    2900 ]        4   0.000% 100.813% 
(    2900,    4400 ]        8   0.000% 100.813% 
(    4400,    6600 ]        1   0.000% 100.813% 

** Level 2 read latency histogram (micros):
Count: 5857934 Average: 6.9723  StdDev: 2723.44
Min: 0  Median: 0.9385  Max: 4474937
Percentiles: P50: 0.94 P75: 1.53 P99: 2.92 P99.9: 3.59 P99.99: 3.70
------------------------------------------------------
[       0,       1 ]  3120902  53.276%  53.276% ###########
(       1,       2 ]  2397294  40.924%  94.200% ########
(       2,       3 ]   304075   5.191%  99.391% #
(       3,       4 ]    50335   0.859% 100.250% 
(       4,       6 ]    16753   0.286% 100.536% 
(       6,      10 ]     7245   0.124% 100.660% 
(      10,      15 ]     1882   0.032% 100.692% 
(      15,      22 ]      951   0.016% 100.708% 
(      22,      34 ]      133   0.002% 100.711% 
(      34,      51 ]      138   0.002% 100.713% 
(      51,      76 ]      359   0.006% 100.719% 
(      76,     110 ]      379   0.006% 100.726% 
(     110,     170 ]       19   0.000% 100.726% 
(     170,     250 ]        3   0.000% 100.726% 
(     250,     380 ]        4   0.000% 100.726% 
(     380,     580 ]        8   0.000% 100.726% 
(     580,     870 ]        4   0.000% 100.726% 
(     870,    1300 ]        7   0.000% 100.726% 
(    1300,    1900 ]        6   0.000% 100.727% 
(    1900,    2900 ]        5   0.000% 100.727% 
(    2900,    4400 ]        6   0.000% 100.727% 
(    4400,    6600 ]        4   0.000% 100.727% 
(    6600,    9900 ]        2   0.000% 100.727% 
(    9900,   14000 ]        4   0.000% 100.727% 
(   14000,   22000 ]       13   0.000% 100.727% 
(   22000,   33000 ]       43   0.001% 100.728% 
(   33000,   50000 ]       30   0.001% 100.728% 
(   50000,   75000 ]       42   0.001% 100.729% 
(   75000,  110000 ]       22   0.000% 100.730% 
(  110000,  170000 ]       12   0.000% 100.730% 
(  170000,  250000 ]        8   0.000% 100.730% 
(  250000,  380000 ]        4   0.000% 100.730% 
(  380000,  570000 ]        2   0.000% 100.730% 
(  860000, 1200000 ]        1   0.000% 100.730% 
( 1200000, 1900000 ]        8   0.000% 100.730% 
( 1900000, 2900000 ]        1   0.000% 100.730% 
( 4300000, 6500000 ]        1   0.000% 100.730% 


** DB Stats **
Uptime(secs): 809.3 total, 25.1 interval
Cumulative writes: 38M writes, 38M keys, 4944K commit groups, 7.7 writes per commit group, ingest: 37.28 GB, 47.17 MB/s
Cumulative WAL: 38M writes, 0 syncs, 38287940.00 writes per sync, written: 37.28 GB, 47.17 MB/s
Cumulative stall: 00:11:49.021 H:M:S, 87.6 percent
Interval writes: 255K writes, 255K keys, 33K commit groups, 7.6 writes per commit group, ingest: 254.32 MB, 10.11 MB/s
Interval WAL: 255K writes, 0 syncs, 255051.00 writes per sync, written: 0.25 GB, 10.11 MB/s
Interval stall: 00:00:25.022 H:M:S, 99.5 percent
Write Stall (count): write-buffer-manager-limit-stops: 0
num-running-compactions: 2
num-running-flushes: 0

2026/08/31-02:26:38  ... thread 4: (78000,2393000) ops and (2568.6,2956.9) ops/second in (30.366253,809.280776) seconds
2026/08/31-02:26:38  ... thread 14: (77000,2393000) ops and (2537.3,2956.9) ops/second in (30.347214,809.282386) seconds
2026/08/31-02:26:38  ... thread 6: (78000,2393000) ops and (2568.1,2956.9) ops/second in (30.372572,809.282965) seconds
2026/08/31-02:26:38  ... thread 7: (78000,2395000) ops and (2567.6,2959.4) ops/second in (30.378253,809.283874) seconds
2026/08/31-02:26:38  ... thread 3: (77000,2393000) ops and (2537.3,2956.9) ops/second in (30.346699,809.284330) seconds
2026/08/31-02:26:38  ... thread 9: (78000,2392000) ops and (2568.0,2955.7) ops/second in (30.373500,809.285550) seconds
2026/08/31-02:27:11  ... thread 2: (50000,2444000) ops and (1518.9,2902.0) ops/second in (32.918220,842.191794) seconds
2026/08/31-02:27:11  ... thread 11: (50000,2442000) ops and (1518.9,2899.6) ops/second in (32.918645,842.193435) seconds
2026/08/31-02:27:11  ... thread 8: (50000,2444000) ops and (1518.6,2901.9) ops/second in (32.924983,842.193938) seconds
2026/08/31-02:27:11  ... thread 5: (50000,2442000) ops and (1518.4,2899.6) ops/second in (32.930256,842.197970) seconds
2026/08/31-02:27:11  ... thread 13: (50000,2446000) ops and (1518.7,2904.3) ops/second in (32.922799,842.198226) seconds
2026/08/31-02:27:11  ... thread 12: (50000,2442000) ops and (1518.8,2899.6) ops/second in (32.920996,842.198779) seconds
2026/08/31-02:27:11  ... thread 0: (50000,2443000) ops and (1518.7,2900.7) ops/second in (32.922672,842.200018) seconds

** Compaction Stats [default] **
Level    Files   Size     Score Read(GB)  Rn(GB) Rnp1(GB) Write(GB) WPreComp(GB) Wnew(GB) Moved(GB) W-Amp Rd(MB/s) Wr(MB/s) Comp(sec) CompMergeCPU(sec) Comp(cnt) Avg(sec) KeyIn KeyDrop Rblob(GB) Wblob(GB)
-------------------------------------------------------------------------------------------------------------------------------------------------------------------------------------------------------------
  L0      9/5      1.27 GB   1.0     33.2     0.0     33.2      71.5      71.5     38.4       0.0   1.9     18.5     39.8   1839.70            148.24       763    2.411     72M    32K       0.0       0.0
  L1     81/10     4.71 GB   1.0    114.9    37.1     77.8     113.2     113.2     35.4       0.0   3.1    275.3    271.2    427.51            352.03        27   15.834    116M  1714K       0.0       0.0
  L2    502/38    27.56 GB   0.6     58.4    22.7     35.6      55.2      55.2     19.6       8.0   2.4     18.4     17.4   3244.66            178.44       326    9.953     59M  3194K       0.0       0.0
 Sum    592/53    33.54 GB   0.0    206.5    59.8    146.6     240.0     240.0     93.4       8.0   6.2     38.4     44.6   5511.88            678.71      1116    4.939    249M  4940K       0.0       0.0
 Int      0/0      0.00 KB   0.0     13.3     4.3      9.1      14.0      14.0      4.9       0.0  12.1     26.6     27.8    514.87             41.09        53    9.715     14M   522K       0.0       0.0

** Compaction Stats [default] **
Priority    Files   Size     Score Read(GB)  Rn(GB) Rnp1(GB) Write(GB) WPreComp(GB) Wnew(GB) Moved(GB) W-Amp Rd(MB/s) Wr(MB/s) Comp(sec) CompMergeCPU(sec) Comp(cnt) Avg(sec) KeyIn KeyDrop Rblob(GB) Wblob(GB)
----------------------------------------------------------------------------------------------------------------------------------------------------------------------------------------------------------------
 Low      0/0      0.00 KB   0.0    206.5    59.8    146.6     201.6     201.6     54.9       0.0   0.0     49.0     47.9   4313.23            613.11       485    8.893    210M  4940K       0.0       0.0
High      0/0      0.00 KB   0.0      0.0     0.0      0.0      38.4      38.4     38.4       0.0   0.0      0.0     32.8   1198.64             65.60       631    1.900     39M      0       0.0       0.0

Blob file count: 0, total size: 0.0 GB, garbage size: 0.0 GB, space amp: 0.0

Uptime(secs): 842.2 total, 58.1 interval
Flush(GB): cumulative 38.407, interval 1.153
AddFile(GB): cumulative 0.000, interval 0.000
AddFile(Total Files): cumulative 0, interval 0
AddFile(L0 Files): cumulative 0, interval 0
AddFile(Keys): cumulative 0, interval 0
Cumulative compaction: 240.00 GB write, 291.81 MB/s write, 206.46 GB read, 251.03 MB/s read, 5511.9 seconds
Interval compaction: 13.99 GB write, 246.69 MB/s write, 13.35 GB read, 235.43 MB/s read, 514.9 seconds
Estimated pending compaction bytes: 18344821496
Write Stall (count): cf-l0-file-count-limit-delays-with-ongoing-compaction: 32, cf-l0-file-count-limit-stops-with-ongoing-compaction: 0, l0-file-count-limit-delays: 32, l0-file-count-limit-stops: 0, memtable-limit-delays: 0, memtable-limit-stops: 519, pending-compaction-bytes-delays: 0, pending-compaction-bytes-stops: 0, total-delays: 32, total-stops: 519
interval: 25 total count
Block cache AutoHyperClockCache@0x5711ef9dd2d0#2018912 capacity: 512.00 MB seed: 591891029 usage: 10.75 MB table_size: 4695 occupancy: 2554 collections: 5 last_copies: 1 last_secs: 0.00043 secs_since: 118
Block cache entry stats(count,size,portion): Misc(2554,10.47 MB,2.04412%)

** File Read Latency Histogram By Level [default] **
** Level 0 read latency histogram (micros):
Count: 17758074 Average: 3.3651  StdDev: 1792.85
Min: 0  Median: 0.9133  Max: 4154556
Percentiles: P50: 0.91 P75: 1.52 P99: 2.97 P99.9: 4.43 P99.99: 5.21
------------------------------------------------------
[       0,       1 ]  9721589  54.745%  54.745% ###########
(       1,       2 ]  6868138  38.676%  93.421% ########
(       2,       3 ]  1026473   5.780%  99.201% #
(       3,       4 ]   115320   0.649%  99.850% 
(       4,       6 ]    40964   0.231% 100.081% 
(       6,      10 ]    19570   0.110% 100.191% 
(      10,      15 ]     6746   0.038% 100.229% 
(      15,      22 ]     3964   0.022% 100.252% 
(      22,      34 ]      285   0.002% 100.253% 
(      34,      51 ]       53   0.000% 100.254% 
(      51,      76 ]      228   0.001% 100.255% 
(      76,     110 ]      452   0.003% 100.257% 
(     110,     170 ]       21   0.000% 100.258% 
(     170,     250 ]        8   0.000% 100.258% 
(     250,     380 ]       15   0.000% 100.258% 
(     380,     580 ]        5   0.000% 100.258% 
(     580,     870 ]       27   0.000% 100.258% 
(     870,    1300 ]       66   0.000% 100.258% 
(    1300,    1900 ]       43   0.000% 100.258% 
(    1900,    2900 ]        8   0.000% 100.258% 
(    2900,    4400 ]        3   0.000% 100.258% 
(    4400,    6600 ]        6   0.000% 100.259% 
(    6600,    9900 ]        4   0.000% 100.259% 
(    9900,   14000 ]        5   0.000% 100.259% 
(   14000,   22000 ]        9   0.000% 100.259% 
(   22000,   33000 ]       19   0.000% 100.259% 
(   33000,   50000 ]       11   0.000% 100.259% 
(   50000,   75000 ]       37   0.000% 100.259% 
(   75000,  110000 ]       25   0.000% 100.259% 
(  110000,  170000 ]       15   0.000% 100.259% 
(  170000,  250000 ]        7   0.000% 100.259% 
(  250000,  380000 ]        4   0.000% 100.259% 
(  380000,  570000 ]        1   0.000% 100.259% 
(  570000,  860000 ]        2   0.000% 100.259% 
( 1200000, 1900000 ]        5   0.000% 100.259% 
( 1900000, 2900000 ]        2   0.000% 100.259% 
( 2900000, 4300000 ]        2   0.000% 100.259% 

** Level 1 read latency histogram (micros):
Count: 26991531 Average: 1.5064  StdDev: 30.02
Min: 0  Median: 0.8557  Max: 70080
Percentiles: P50: 0.86 P75: 1.44 P99: 2.78 P99.9: 2.99 P99.99: 3.13
------------------------------------------------------
[       0,       1 ] 15772285  58.434%  58.434% ############
(       1,       2 ] 10073877  37.322%  95.757% #######
(       2,       3 ]  1124294   4.165%  99.922% #
(       3,       4 ]   141230   0.523% 100.445% 
(       4,       6 ]    49814   0.185% 100.630% 
(       6,      10 ]    31126   0.115% 100.745% 
(      10,      15 ]     8649   0.032% 100.777% 
(      15,      22 ]     4770   0.018% 100.795% 
(      22,      34 ]      473   0.002% 100.796% 
(      34,      51 ]      187   0.001% 100.797% 
(      51,      76 ]      531   0.002% 100.799% 
(      76,     110 ]      727   0.003% 100.802% 
(     110,     170 ]      259   0.001% 100.803% 
(     170,     250 ]      104   0.000% 100.803% 
(     250,     380 ]       16   0.000% 100.803% 
(     380,     580 ]        5   0.000% 100.803% 
(     580,     870 ]       11   0.000% 100.803% 
(    1300,    1900 ]        2   0.000% 100.803% 
(    1900,    2900 ]        4   0.000% 100.803% 
(    2900,    4400 ]        8   0.000% 100.803% 
(    4400,    6600 ]        1   0.000% 100.803% 
(   50000,   75000 ]        5   0.000% 100.803% 

** Level 2 read latency histogram (micros):
Count: 7245988 Average: 6.6785  StdDev: 2653.77
Min: 0  Median: 0.9246  Max: 4474937
Percentiles: P50: 0.92 P75: 1.52 P99: 2.91 P99.9: 3.50 P99.99: 3.61
------------------------------------------------------
[       0,       1 ]  3918580  54.079%  54.079% ###########
(       1,       2 ]  2919755  40.295%  94.374% ########
(       2,       3 ]   370045   5.107%  99.481% #
(       3,       4 ]    60490   0.835% 100.316% 
(       4,       6 ]    20190   0.279% 100.594% 
(       6,      10 ]     8962   0.124% 100.718% 
(      10,      15 ]     2314   0.032% 100.750% 
(      15,      22 ]     1165   0.016% 100.766% 
(      22,      34 ]      152   0.002% 100.768% 
(      34,      51 ]      157   0.002% 100.770% 
(      51,      76 ]      405   0.006% 100.776% 
(      76,     110 ]      412   0.006% 100.782% 
(     110,     170 ]       21   0.000% 100.782% 
(     170,     250 ]        4   0.000% 100.782% 
(     250,     380 ]        4   0.000% 100.782% 
(     380,     580 ]        8   0.000% 100.782% 
(     580,     870 ]        5   0.000% 100.782% 
(     870,    1300 ]        7   0.000% 100.782% 
(    1300,    1900 ]        7   0.000% 100.782% 
(    1900,    2900 ]        5   0.000% 100.783% 
(    2900,    4400 ]        6   0.000% 100.783% 
(    4400,    6600 ]        4   0.000% 100.783% 
(    6600,    9900 ]        5   0.000% 100.783% 
(    9900,   14000 ]        6   0.000% 100.783% 
(   14000,   22000 ]       13   0.000% 100.783% 
(   22000,   33000 ]       46   0.001% 100.784% 
(   33000,   50000 ]       32   0.000% 100.784% 
(   50000,   75000 ]       47   0.001% 100.785% 
(   75000,  110000 ]       26   0.000% 100.785% 
(  110000,  170000 ]       12   0.000% 100.785% 
(  170000,  250000 ]        9   0.000% 100.785% 
(  250000,  380000 ]        4   0.000% 100.785% 
(  380000,  570000 ]        3   0.000% 100.785% 
(  570000,  860000 ]        2   0.000% 100.785% 
(  860000, 1200000 ]        1   0.000% 100.785% 
( 1200000, 1900000 ]        8   0.000% 100.786% 
( 1900000, 2900000 ]        2   0.000% 100.786% 
( 4300000, 6500000 ]        1   0.000% 100.786% 


** DB Stats **
Uptime(secs): 842.2 total, 32.9 interval
Cumulative writes: 39M writes, 39M keys, 5048K commit groups, 7.7 writes per commit group, ingest: 38.06 GB, 46.28 MB/s
Cumulative WAL: 39M writes, 0 syncs, 39086973.00 writes per sync, written: 38.06 GB, 46.28 MB/s
Cumulative stall: 00:12:19.938 H:M:S, 87.9 percent
Interval writes: 799K writes, 799K keys, 103K commit groups, 7.7 writes per commit group, ingest: 796.74 MB, 24.20 MB/s
Interval WAL: 799K writes, 0 syncs, 799033.00 writes per sync, written: 0.78 GB, 24.20 MB/s
Interval stall: 00:00:30.917 H:M:S, 93.9 percent
Write Stall (count): write-buffer-manager-limit-stops: 0
num-running-compactions: 12
num-running-flushes: 1

2026/08/31-02:27:11  ... thread 1: (50000,2442000) ops and (1518.3,2899.5) ops/second in (32.932068,842.204674) seconds
2026/08/31-02:27:11  ... thread 15: (50000,2442000) ops and (1518.1,2899.5) ops/second in (32.936449,842.208239) seconds
2026/08/31-02:27:11  ... thread 9: (50000,2442000) ops and (1518.7,2899.5) ops/second in (32.922862,842.208412) seconds
2026/08/31-02:27:11  ... thread 3: (50000,2443000) ops and (1518.7,2900.7) ops/second in (32.923829,842.208159) seconds
2026/08/31-02:27:11  ... thread 6: (50000,2443000) ops and (1518.5,2900.7) ops/second in (32.926359,842.209324) seconds
2026/08/31-02:27:11  ... thread 4: (50000,2443000) ops and (1518.2,2900.7) ops/second in (32.934365,842.215141) seconds
2026/08/31-02:27:11  ... thread 10: (51000,2443000) ops and (1538.5,2900.7) ops/second in (33.149368,842.215282) seconds
2026/08/31-02:27:11  ... thread 7: (50000,2445000) ops and (1518.2,2903.0) ops/second in (32.934077,842.217951) seconds
2026/08/31-02:27:11  ... thread 14: (50000,2443000) ops and (1518.1,2900.7) ops/second in (32.935577,842.217963) seconds
2026/08/31-02:27:47  ... thread 15: (115000,2557000) ops and (3117.8,2908.7) ops/second in (36.884823,879.093062) seconds
2026/08/31-02:27:48  ... thread 8: (116000,2560000) ops and (3131.1,2911.6) ops/second in (37.048018,879.241956) seconds
2026/08/31-02:27:48  ... thread 10: (116000,2559000) ops and (3128.9,2910.3) ops/second in (37.074272,879.289554) seconds
2026/08/31-02:27:48  ... thread 1: (116000,2558000) ops and (3124.3,2909.0) ops/second in (37.128758,879.333432) seconds
2026/08/31-02:27:48  ... thread 7: (116000,2561000) ops and (3125.0,2912.4) ops/second in (37.120500,879.338451) seconds
2026/08/31-02:27:48  ... thread 6: (116000,2559000) ops and (3124.2,2910.1) ops/second in (37.129179,879.338503) seconds
2026/08/31-02:27:48  ... thread 13: (117000,2563000) ops and (3150.2,2914.7) ops/second in (37.140704,879.338930) seconds
2026/08/31-02:27:48  ... thread 9: (116000,2558000) ops and (3124.0,2909.0) ops/second in (37.132389,879.340801) seconds
2026/08/31-02:27:48  ... thread 11: (117000,2559000) ops and (3149.3,2910.1) ops/second in (37.150769,879.344204) seconds
2026/08/31-02:27:48  ... thread 2: (117000,2561000) ops and (3149.2,2912.4) ops/second in (37.152645,879.344439) seconds
2026/08/31-02:27:48  ... thread 14: (116000,2559000) ops and (3124.4,2910.1) ops/second in (37.126813,879.344776) seconds
2026/08/31-02:27:48  ... thread 3: (117000,2560000) ops and (3150.5,2911.3) ops/second in (37.137047,879.345206) seconds
2026/08/31-02:27:48  ... thread 5: (117000,2559000) ops and (3149.6,2910.1) ops/second in (37.147398,879.345368) seconds
2026/08/31-02:27:48  ... thread 0: (116000,2559000) ops and (3122.9,2910.1) ops/second in (37.145399,879.345417) seconds
2026/08/31-02:27:48  ... thread 4: (116000,2559000) ops and (3123.9,2910.1) ops/second in (37.132952,879.348093) seconds
2026/08/31-02:27:48  ... thread 12: (117000,2559000) ops and (3149.4,2910.1) ops/second in (37.150003,879.348782) seconds

** Compaction Stats [default] **
Level    Files   Size     Score Read(GB)  Rn(GB) Rnp1(GB) Write(GB) WPreComp(GB) Wnew(GB) Moved(GB) W-Amp Rd(MB/s) Wr(MB/s) Comp(sec) CompMergeCPU(sec) Comp(cnt) Avg(sec) KeyIn KeyDrop Rblob(GB) Wblob(GB)
-------------------------------------------------------------------------------------------------------------------------------------------------------------------------------------------------------------
  L0     17/16     3.10 GB   0.2     34.9     0.0     34.9      75.1      75.1     40.2       0.0   1.9     18.6     40.0   1921.35            155.58       800    2.402     76M    33K       0.0       0.0
  L1     71/71     3.99 GB   0.0    114.9    37.1     77.8     113.2     113.2     35.4       0.0   3.1    275.3    271.2    427.51            352.03        27   15.834    116M  1714K       0.0       0.0
  L2    513/0     28.11 GB   0.7     61.2    23.4     37.8      57.9      57.9     20.1       8.0   2.5     18.4     17.4   3403.83            186.77       336   10.130     62M  3363K       0.0       0.0
 Sum    601/87    35.20 GB   0.0    211.1    60.5    150.5     246.3     246.3     95.7       8.0   6.1     37.6     43.8   5752.69            694.38      1163    4.946    255M  5111K       0.0       0.0
 Int      0/0      0.00 KB   0.0      1.7     0.1      1.7       3.3       3.3      1.6       0.0   2.1     22.4     42.6     79.48              6.87        33    2.409   3379K    17K       0.0       0.0

** Compaction Stats [default] **
Priority    Files   Size     Score Read(GB)  Rn(GB) Rnp1(GB) Write(GB) WPreComp(GB) Wnew(GB) Moved(GB) W-Amp Rd(MB/s) Wr(MB/s) Comp(sec) CompMergeCPU(sec) Comp(cnt) Avg(sec) KeyIn KeyDrop Rblob(GB) Wblob(GB)
----------------------------------------------------------------------------------------------------------------------------------------------------------------------------------------------------------------
 Low      0/0      0.00 KB   0.0    211.1    60.5    150.5     206.0     206.0     55.5       0.0   0.0     48.0     46.8   4505.94            625.80       502    8.976    214M  5111K       0.0       0.0
High      0/0      0.00 KB   0.0      0.0     0.0      0.0      40.2      40.2     40.2       0.0   0.0      0.0     33.0   1246.75             68.58       661    1.886     40M      0       0.0       0.0

Blob file count: 0, total size: 0.0 GB, garbage size: 0.0 GB, space amp: 0.0

Uptime(secs): 879.4 total, 35.2 interval
Flush(GB): cumulative 40.234, interval 1.584
AddFile(GB): cumulative 0.000, interval 0.000
AddFile(Total Files): cumulative 0, interval 0
AddFile(L0 Files): cumulative 0, interval 0
AddFile(Keys): cumulative 0, interval 0
Cumulative compaction: 246.26 GB write, 286.76 MB/s write, 211.06 GB read, 245.78 MB/s read, 5752.7 seconds
Interval compaction: 3.30 GB write, 96.06 MB/s write, 1.74 GB read, 50.51 MB/s read, 79.5 seconds
Estimated pending compaction bytes: 24061307842
Write Stall (count): cf-l0-file-count-limit-delays-with-ongoing-compaction: 33, cf-l0-file-count-limit-stops-with-ongoing-compaction: 0, l0-file-count-limit-delays: 33, l0-file-count-limit-stops: 0, memtable-limit-delays: 0, memtable-limit-stops: 538, pending-compaction-bytes-delays: 0, pending-compaction-bytes-stops: 0, total-delays: 33, total-stops: 538
interval: 15 total count
Block cache AutoHyperClockCache@0x5711ef9dd2d0#2018912 capacity: 512.00 MB seed: 591891029 usage: 10.75 MB table_size: 4695 occupancy: 2554 collections: 5 last_copies: 2 last_secs: 0.00043 secs_since: 155
Block cache entry stats(count,size,portion): Misc(2554,10.47 MB,2.04412%)

** File Read Latency Histogram By Level [default] **
** Level 0 read latency histogram (micros):
Count: 18885134 Average: 3.3110  StdDev: 1742.18
Min: 0  Median: 0.9101  Max: 4154556
Percentiles: P50: 0.91 P75: 1.52 P99: 2.96 P99.9: 4.39 P99.99: 5.18
------------------------------------------------------
[       0,       1 ] 10375441  54.940%  54.940% ###########
(       1,       2 ]  7277305  38.535%  93.474% ########
(       2,       3 ]  1083697   5.738%  99.213% #
(       3,       4 ]   121510   0.643%  99.856% 
(       4,       6 ]    42862   0.227% 100.083% 
(       6,      10 ]    20629   0.109% 100.192% 
(      10,      15 ]     7076   0.037% 100.230% 
(      15,      22 ]     4183   0.022% 100.252% 
(      22,      34 ]      304   0.002% 100.253% 
(      34,      51 ]       53   0.000% 100.254% 
(      51,      76 ]      238   0.001% 100.255% 
(      76,     110 ]      476   0.003% 100.258% 
(     110,     170 ]       21   0.000% 100.258% 
(     170,     250 ]        9   0.000% 100.258% 
(     250,     380 ]       16   0.000% 100.258% 
(     380,     580 ]        5   0.000% 100.258% 
(     580,     870 ]       29   0.000% 100.258% 
(     870,    1300 ]       68   0.000% 100.258% 
(    1300,    1900 ]       46   0.000% 100.259% 
(    1900,    2900 ]        8   0.000% 100.259% 
(    2900,    4400 ]        3   0.000% 100.259% 
(    4400,    6600 ]        6   0.000% 100.259% 
(    6600,    9900 ]        4   0.000% 100.259% 
(    9900,   14000 ]        5   0.000% 100.259% 
(   14000,   22000 ]       10   0.000% 100.259% 
(   22000,   33000 ]       21   0.000% 100.259% 
(   33000,   50000 ]       11   0.000% 100.259% 
(   50000,   75000 ]       40   0.000% 100.259% 
(   75000,  110000 ]       27   0.000% 100.259% 
(  110000,  170000 ]       15   0.000% 100.259% 
(  170000,  250000 ]        7   0.000% 100.259% 
(  250000,  380000 ]        6   0.000% 100.259% 
(  380000,  570000 ]        1   0.000% 100.259% 
(  570000,  860000 ]        2   0.000% 100.259% 
( 1200000, 1900000 ]        5   0.000% 100.259% 
( 1900000, 2900000 ]        2   0.000% 100.260% 
( 2900000, 4300000 ]        2   0.000% 100.260% 

** Level 1 read latency histogram (micros):
Count: 28016324 Average: 1.5014  StdDev: 29.47
Min: 0  Median: 0.8505  Max: 70080
Percentiles: P50: 0.85 P75: 1.44 P99: 2.78 P99.9: 2.99 P99.99: 3.13
------------------------------------------------------
[       0,       1 ] 16470494  58.789%  58.789% ############
(       1,       2 ] 10363330  36.990%  95.779% #######
(       2,       3 ]  1161541   4.146%  99.925% #
(       3,       4 ]   143574   0.512% 100.438% 
(       4,       6 ]    50992   0.182% 100.620% 
(       6,      10 ]    31986   0.114% 100.734% 
(      10,      15 ]     8913   0.032% 100.766% 
(      15,      22 ]     4934   0.018% 100.783% 
(      22,      34 ]      485   0.002% 100.785% 
(      34,      51 ]      190   0.001% 100.786% 
(      51,      76 ]      531   0.002% 100.788% 
(      76,     110 ]      729   0.003% 100.790% 
(     110,     170 ]      259   0.001% 100.791% 
(     170,     250 ]      104   0.000% 100.791% 
(     250,     380 ]       16   0.000% 100.792% 
(     380,     580 ]        5   0.000% 100.792% 
(     580,     870 ]       11   0.000% 100.792% 
(    1300,    1900 ]        2   0.000% 100.792% 
(    1900,    2900 ]        4   0.000% 100.792% 
(    2900,    4400 ]        8   0.000% 100.792% 
(    4400,    6600 ]        1   0.000% 100.792% 
(   50000,   75000 ]        5   0.000% 100.792% 

** Level 2 read latency histogram (micros):
Count: 7395921 Average: 6.5804  StdDev: 2626.75
Min: 0  Median: 0.9282  Max: 4474937
Percentiles: P50: 0.93 P75: 1.52 P99: 2.91 P99.9: 3.50 P99.99: 3.61
------------------------------------------------------
[       0,       1 ]  3983894  53.866%  53.866% ###########
(       1,       2 ]  2995621  40.504%  94.370% ########
(       2,       3 ]   378225   5.114%  99.484% #
(       3,       4 ]    61258   0.828% 100.312% 
(       4,       6 ]    20430   0.276% 100.588% 
(       6,      10 ]     9120   0.123% 100.712% 
(      10,      15 ]     2351   0.032% 100.743% 
(      15,      22 ]     1187   0.016% 100.759% 
(      22,      34 ]      153   0.002% 100.761% 
(      34,      51 ]      170   0.002% 100.764% 
(      51,      76 ]      428   0.006% 100.770% 
(      76,     110 ]      420   0.006% 100.775% 
(     110,     170 ]       21   0.000% 100.776% 
(     170,     250 ]        4   0.000% 100.776% 
(     250,     380 ]        4   0.000% 100.776% 
(     380,     580 ]        8   0.000% 100.776% 
(     580,     870 ]        5   0.000% 100.776% 
(     870,    1300 ]        7   0.000% 100.776% 
(    1300,    1900 ]        7   0.000% 100.776% 
(    1900,    2900 ]        5   0.000% 100.776% 
(    2900,    4400 ]        6   0.000% 100.776% 
(    4400,    6600 ]        4   0.000% 100.776% 
(    6600,    9900 ]        5   0.000% 100.776% 
(    9900,   14000 ]        6   0.000% 100.776% 
(   14000,   22000 ]       13   0.000% 100.777% 
(   22000,   33000 ]       47   0.001% 100.777% 
(   33000,   50000 ]       32   0.000% 100.778% 
(   50000,   75000 ]       47   0.001% 100.778% 
(   75000,  110000 ]       26   0.000% 100.779% 
(  110000,  170000 ]       12   0.000% 100.779% 
(  170000,  250000 ]        9   0.000% 100.779% 
(  250000,  380000 ]        4   0.000% 100.779% 
(  380000,  570000 ]        3   0.000% 100.779% 
(  570000,  860000 ]        2   0.000% 100.779% 
(  860000, 1200000 ]        1   0.000% 100.779% 
( 1200000, 1900000 ]        8   0.000% 100.779% 
( 1900000, 2900000 ]        2   0.000% 100.779% 
( 4300000, 6500000 ]        1   0.000% 100.779% 


** DB Stats **
Uptime(secs): 879.4 total, 35.2 interval
Cumulative writes: 40M writes, 40M keys, 5288K commit groups, 7.7 writes per commit group, ingest: 39.88 GB, 46.44 MB/s
Cumulative WAL: 40M writes, 0 syncs, 40953346.00 writes per sync, written: 39.88 GB, 46.44 MB/s
Cumulative stall: 00:12:54.066 H:M:S, 88.0 percent
Interval writes: 1530K writes, 1530K keys, 196K commit groups, 7.8 writes per commit group, ingest: 1526.18 MB, 43.33 MB/s
Interval WAL: 1530K writes, 0 syncs, 1530606.00 writes per sync, written: 1.49 GB, 43.33 MB/s
Interval stall: 00:00:32.801 H:M:S, 93.1 percent
Write Stall (count): write-buffer-manager-limit-stops: 0
num-running-compactions: 2
num-running-flushes: 0

2026/08/31-02:28:23  ... thread 14: (54000,2613000) ops and (1550.9,2858.3) ops/second in (34.819303,914.164079) seconds
2026/08/31-02:28:23  ... thread 1: (54000,2612000) ops and (1550.4,2857.3) ops/second in (34.830825,914.164257) seconds
2026/08/31-02:28:23  ... thread 11: (54000,2613000) ops and (1550.5,2858.3) ops/second in (34.827831,914.172035) seconds
2026/08/31-02:28:23  ... thread 13: (54000,2617000) ops and (1550.2,2862.7) ops/second in (34.833268,914.172198) seconds
2026/08/31-02:28:23  ... thread 3: (54000,2614000) ops and (1550.5,2859.4) ops/second in (34.827982,914.173188) seconds
2026/08/31-02:28:23  ... thread 12: (54000,2613000) ops and (1550.3,2858.3) ops/second in (34.831194,914.179976) seconds
2026/08/31-02:28:23  ... thread 6: (54000,2613000) ops and (1549.8,2858.3) ops/second in (34.842959,914.181462) seconds
2026/08/31-02:28:23  ... thread 7: (54000,2615000) ops and (1549.7,2860.5) ops/second in (34.845705,914.184156) seconds
2026/08/31-02:28:23  ... thread 2: (54000,2615000) ops and (1549.9,2860.5) ops/second in (34.841161,914.185600) seconds
2026/08/31-02:28:23  ... thread 15: (55000,2612000) ops and (1567.2,2857.2) ops/second in (35.094477,914.187539) seconds
2026/08/31-02:28:23  ... thread 4: (54000,2613000) ops and (1549.9,2858.3) ops/second in (34.840987,914.189080) seconds
2026/08/31-02:28:23  ... thread 9: (54000,2612000) ops and (1549.5,2857.2) ops/second in (34.849707,914.190508) seconds
2026/08/31-02:28:23  ... thread 5: (54000,2613000) ops and (1549.7,2858.3) ops/second in (34.845097,914.190465) seconds
2026/08/31-02:28:23  ... thread 10: (55000,2614000) ops and (1575.7,2859.3) ops/second in (34.905305,914.194859) seconds
2026/08/31-02:28:23  ... thread 8: (55000,2615000) ops and (1573.5,2860.4) ops/second in (34.954924,914.196880) seconds
2026/08/31-02:28:23  ... thread 0: (54000,2613000) ops and (1549.3,2858.2) ops/second in (34.854768,914.200185) seconds

** Compaction Stats [default] **
Level    Files   Size     Score Read(GB)  Rn(GB) Rnp1(GB) Write(GB) WPreComp(GB) Wnew(GB) Moved(GB) W-Amp Rd(MB/s) Wr(MB/s) Comp(sec) CompMergeCPU(sec) Comp(cnt) Avg(sec) KeyIn KeyDrop Rblob(GB) Wblob(GB)
-------------------------------------------------------------------------------------------------------------------------------------------------------------------------------------------------------------
  L0      9/4      1.28 GB   1.2     35.7     0.0     35.7      76.7      76.7     41.0       0.0   1.9     18.5     39.8   1975.01            158.90       817    2.417     78M    34K       0.0       0.0
  L1     74/7      4.39 GB   1.0    121.5    39.7     81.8     119.7     119.7     37.9       0.0   3.0    275.1    271.0    452.36            370.80        28   16.156    123M  1848K       0.0       0.0
  L2    542/23    29.69 GB   0.7     68.4    25.5     42.9      64.6      64.6     21.7       8.0   2.5     18.4     17.4   3802.83            208.27       372   10.223     69M  3870K       0.0       0.0
 Sum    625/34    35.36 GB   0.0    225.6    65.2    160.4     261.1     261.1    100.6       8.0   6.4     37.1     42.9   6230.21            737.97      1217    5.119    271M  5753K       0.0       0.0
 Int      0/0      0.00 KB   0.0      3.7     0.9      2.8       3.7       3.7      0.9       0.0  15.3     17.2     17.3    220.46             10.98        19   11.603   4025K   225K       0.0       0.0

** Compaction Stats [default] **
Priority    Files   Size     Score Read(GB)  Rn(GB) Rnp1(GB) Write(GB) WPreComp(GB) Wnew(GB) Moved(GB) W-Amp Rd(MB/s) Wr(MB/s) Comp(sec) CompMergeCPU(sec) Comp(cnt) Avg(sec) KeyIn KeyDrop Rblob(GB) Wblob(GB)
----------------------------------------------------------------------------------------------------------------------------------------------------------------------------------------------------------------
 Low      0/0      0.00 KB   0.0    225.6    65.2    160.4     220.0     220.0     59.6       0.0   0.0     46.7     45.6   4944.84            667.87       542    9.123    229M  5753K       0.0       0.0
High      0/0      0.00 KB   0.0      0.0     0.0      0.0      41.1      41.1     41.1       0.0   0.0      0.0     32.7   1285.37             70.10       675    1.904     41M      0       0.0       0.0

Blob file count: 0, total size: 0.0 GB, garbage size: 0.0 GB, space amp: 0.0

Uptime(secs): 914.2 total, 10.1 interval
Flush(GB): cumulative 41.087, interval 0.243
AddFile(GB): cumulative 0.000, interval 0.000
AddFile(Total Files): cumulative 0, interval 0
AddFile(L0 Files): cumulative 0, interval 0
AddFile(Keys): cumulative 0, interval 0
Cumulative compaction: 261.05 GB write, 292.40 MB/s write, 225.64 GB read, 252.73 MB/s read, 6230.2 seconds
Interval compaction: 3.73 GB write, 380.34 MB/s write, 3.71 GB read, 378.09 MB/s read, 220.5 seconds
Estimated pending compaction bytes: 17244720007
Write Stall (count): cf-l0-file-count-limit-delays-with-ongoing-compaction: 33, cf-l0-file-count-limit-stops-with-ongoing-compaction: 0, l0-file-count-limit-delays: 33, l0-file-count-limit-stops: 0, memtable-limit-delays: 0, memtable-limit-stops: 558, pending-compaction-bytes-delays: 0, pending-compaction-bytes-stops: 0, total-delays: 33, total-stops: 558
interval: 7 total count
Block cache AutoHyperClockCache@0x5711ef9dd2d0#2018912 capacity: 512.00 MB seed: 591891029 usage: 11.21 MB table_size: 4996 occupancy: 2662 collections: 6 last_copies: 0 last_secs: 0.000413 secs_since: 10
Block cache entry stats(count,size,portion): Misc(2662,10.91 MB,2.13%)

** File Read Latency Histogram By Level [default] **
** Level 0 read latency histogram (micros):
Count: 19110997 Average: 3.3864  StdDev: 1758.82
Min: 0  Median: 0.9067  Max: 4154556
Percentiles: P50: 0.91 P75: 1.52 P99: 2.96 P99.9: 4.40 P99.99: 5.19
------------------------------------------------------
[       0,       1 ] 10538254  55.142%  55.142% ###########
(       1,       2 ]  7331315  38.362%  93.504% ########
(       2,       3 ]  1091504   5.711%  99.216% #
(       3,       4 ]   122253   0.640%  99.855% 
(       4,       6 ]    43136   0.226% 100.081% 
(       6,      10 ]    20788   0.109% 100.190% 
(      10,      15 ]     7138   0.037% 100.227% 
(      15,      22 ]     4216   0.022% 100.249% 
(      22,      34 ]      306   0.002% 100.251% 
(      34,      51 ]       53   0.000% 100.251% 
(      51,      76 ]      244   0.001% 100.252% 
(      76,     110 ]      483   0.003% 100.255% 
(     110,     170 ]       22   0.000% 100.255% 
(     170,     250 ]        9   0.000% 100.255% 
(     250,     380 ]       16   0.000% 100.255% 
(     380,     580 ]        5   0.000% 100.255% 
(     580,     870 ]       32   0.000% 100.255% 
(     870,    1300 ]       69   0.000% 100.256% 
(    1300,    1900 ]       47   0.000% 100.256% 
(    1900,    2900 ]        8   0.000% 100.256% 
(    2900,    4400 ]        3   0.000% 100.256% 
(    4400,    6600 ]        6   0.000% 100.256% 
(    6600,    9900 ]        4   0.000% 100.256% 
(    9900,   14000 ]        6   0.000% 100.256% 
(   14000,   22000 ]       10   0.000% 100.256% 
(   22000,   33000 ]       21   0.000% 100.256% 
(   33000,   50000 ]       12   0.000% 100.256% 
(   50000,   75000 ]       44   0.000% 100.256% 
(   75000,  110000 ]       30   0.000% 100.257% 
(  110000,  170000 ]       15   0.000% 100.257% 
(  170000,  250000 ]        7   0.000% 100.257% 
(  250000,  380000 ]        6   0.000% 100.257% 
(  380000,  570000 ]        1   0.000% 100.257% 
(  570000,  860000 ]        2   0.000% 100.257% 
( 1200000, 1900000 ]        6   0.000% 100.257% 
( 1900000, 2900000 ]        2   0.000% 100.257% 
( 2900000, 4300000 ]        2   0.000% 100.257% 

** Level 1 read latency histogram (micros):
Count: 28636732 Average: 1.5020  StdDev: 29.15
Min: 0  Median: 0.8510  Max: 70080
Percentiles: P50: 0.85 P75: 1.44 P99: 2.78 P99.9: 3.00 P99.99: 3.15
------------------------------------------------------
[       0,       1 ] 16826306  58.758%  58.758% ############
(       1,       2 ] 10589836  36.980%  95.738% #######
(       2,       3 ]  1195451   4.175%  99.912% #
(       3,       4 ]   146966   0.513% 100.425% 
(       4,       6 ]    52267   0.183% 100.608% 
(       6,      10 ]    32670   0.114% 100.722% 
(      10,      15 ]     9150   0.032% 100.754% 
(      15,      22 ]     5044   0.018% 100.772% 
(      22,      34 ]      499   0.002% 100.773% 
(      34,      51 ]      200   0.001% 100.774% 
(      51,      76 ]      554   0.002% 100.776% 
(      76,     110 ]      789   0.003% 100.779% 
(     110,     170 ]      277   0.001% 100.780% 
(     170,     250 ]      104   0.000% 100.780% 
(     250,     380 ]       16   0.000% 100.780% 
(     380,     580 ]        5   0.000% 100.780% 
(     580,     870 ]       11   0.000% 100.780% 
(    1300,    1900 ]        2   0.000% 100.780% 
(    1900,    2900 ]        4   0.000% 100.780% 
(    2900,    4400 ]        9   0.000% 100.780% 
(    4400,    6600 ]        1   0.000% 100.780% 
(   50000,   75000 ]        5   0.000% 100.780% 

** Level 2 read latency histogram (micros):
Count: 8861089 Average: 6.7776  StdDev: 3057.21
Min: 0  Median: 0.9184  Max: 5451179
Percentiles: P50: 0.92 P75: 1.51 P99: 2.89 P99.9: 3.45 P99.99: 3.56
------------------------------------------------------
[       0,       1 ]  4824322  54.444%  54.444% ###########
(       1,       2 ]  3539549  39.945%  94.389% ########
(       2,       3 ]   457127   5.159%  99.548% #
(       3,       4 ]    69530   0.785% 100.332% 
(       4,       6 ]    23757   0.268% 100.600% 
(       6,      10 ]    10782   0.122% 100.722% 
(      10,      15 ]     2779   0.031% 100.753% 
(      15,      22 ]     1396   0.016% 100.769% 
(      22,      34 ]      180   0.002% 100.771% 
(      34,      51 ]      187   0.002% 100.773% 
(      51,      76 ]      477   0.005% 100.779% 
(      76,     110 ]      471   0.005% 100.784% 
(     110,     170 ]       25   0.000% 100.784% 
(     170,     250 ]        5   0.000% 100.784% 
(     250,     380 ]        4   0.000% 100.784% 
(     380,     580 ]        8   0.000% 100.784% 
(     580,     870 ]        5   0.000% 100.784% 
(     870,    1300 ]        8   0.000% 100.785% 
(    1300,    1900 ]        8   0.000% 100.785% 
(    1900,    2900 ]        5   0.000% 100.785% 
(    2900,    4400 ]       14   0.000% 100.785% 
(    4400,    6600 ]        5   0.000% 100.785% 
(    6600,    9900 ]        5   0.000% 100.785% 
(    9900,   14000 ]        6   0.000% 100.785% 
(   14000,   22000 ]       14   0.000% 100.785% 
(   22000,   33000 ]       53   0.001% 100.786% 
(   33000,   50000 ]       34   0.000% 100.786% 
(   50000,   75000 ]       54   0.001% 100.787% 
(   75000,  110000 ]       34   0.000% 100.787% 
(  110000,  170000 ]       15   0.000% 100.787% 
(  170000,  250000 ]        9   0.000% 100.787% 
(  250000,  380000 ]        4   0.000% 100.788% 
(  380000,  570000 ]        3   0.000% 100.788% 
(  570000,  860000 ]        3   0.000% 100.788% 
(  860000, 1200000 ]        2   0.000% 100.788% 
( 1200000, 1900000 ]        8   0.000% 100.788% 
( 1900000, 2900000 ]        2   0.000% 100.788% 
( 4300000, 6500000 ]        2   0.000% 100.788% 


** DB Stats **
Uptime(secs): 914.2 total, 10.1 interval
Cumulative writes: 41M writes, 41M keys, 5400K commit groups, 7.7 writes per commit group, ingest: 40.73 GB, 45.62 MB/s
Cumulative WAL: 41M writes, 0 syncs, 41824121.00 writes per sync, written: 40.73 GB, 45.62 MB/s
Cumulative stall: 00:13:27.138 H:M:S, 88.3 percent
Interval writes: 261K writes, 261K keys, 34K commit groups, 7.7 writes per commit group, ingest: 260.99 MB, 25.96 MB/s
Interval WAL: 261K writes, 0 syncs, 261732.00 writes per sync, written: 0.25 GB, 25.96 MB/s
Interval stall: 00:00:14.278 H:M:S, 142.0 percent
Write Stall (count): write-buffer-manager-limit-stops: 0
num-running-compactions: 9
num-running-flushes: 1

2026/08/31-02:28:56  ... thread 14: (105000,2718000) ops and (3105.7,2867.2) ops/second in (33.809210,947.973289) seconds
2026/08/31-02:28:56  ... thread 8: (103000,2718000) ops and (3048.9,2867.2) ops/second in (33.782308,947.979188) seconds
2026/08/31-02:28:56  ... thread 12: (105000,2718000) ops and (3105.7,2867.1) ops/second in (33.809128,947.989104) seconds
2026/08/31-02:28:56  ... thread 13: (104000,2721000) ops and (3075.4,2870.3) ops/second in (33.817135,947.989333) seconds
2026/08/31-02:28:56  ... thread 0: (104000,2717000) ops and (3077.6,2866.1) ops/second in (33.792764,947.992949) seconds

** Compaction Stats [default] **
Level    Files   Size     Score Read(GB)  Rn(GB) Rnp1(GB) Write(GB) WPreComp(GB) Wnew(GB) Moved(GB) W-Amp Rd(MB/s) Wr(MB/s) Comp(sec) CompMergeCPU(sec) Comp(cnt) Avg(sec) KeyIn KeyDrop Rblob(GB) Wblob(GB)
-------------------------------------------------------------------------------------------------------------------------------------------------------------------------------------------------------------
  L0     15/11     2.98 GB   1.0     37.4     0.0     37.4      80.1      80.1     42.7       0.0   1.9     18.5     39.7   2066.88            166.07       851    2.429     81M    36K       0.0       0.0
  L1     67/67     3.98 GB   0.0    121.5    39.7     81.8     119.7     119.7     37.9       0.0   3.0    275.1    271.0    452.36            370.80        28   16.156    123M  1848K       0.0       0.0
  L2    548/0     29.99 GB   0.7     70.2    25.9     44.2      66.3      66.3     22.0       8.0   2.6     18.6     17.5   3872.34            213.42       379   10.217     71M  3978K       0.0       0.0
 Sum    630/78    36.95 GB   0.0    229.1    65.6    163.5     266.1     266.1    102.6       8.0   6.2     36.7     42.6   6391.58            750.30      1258    5.081    276M  5863K       0.0       0.0
 Int      0/0      0.00 KB   0.0      7.2     1.3      5.9       8.8       8.8      2.9       0.0   4.6     19.3     23.5    381.84             23.30        60    6.364   9245K   334K       0.0       0.0

** Compaction Stats [default] **
Priority    Files   Size     Score Read(GB)  Rn(GB) Rnp1(GB) Write(GB) WPreComp(GB) Wnew(GB) Moved(GB) W-Amp Rd(MB/s) Wr(MB/s) Comp(sec) CompMergeCPU(sec) Comp(cnt) Avg(sec) KeyIn KeyDrop Rblob(GB) Wblob(GB)
----------------------------------------------------------------------------------------------------------------------------------------------------------------------------------------------------------------
 Low      0/0      0.00 KB   0.0    229.1    65.6    163.5     223.3     223.3     59.9       0.0   0.0     46.5     45.3   5047.61            677.55       556    9.078    233M  5863K       0.0       0.0
High      0/0      0.00 KB   0.0      0.0     0.0      0.0      42.7      42.7     42.7       0.0   0.0      0.0     32.6   1343.98             72.75       702    1.914     43M      0       0.0       0.0

Blob file count: 0, total size: 0.0 GB, garbage size: 0.0 GB, space amp: 0.0

Uptime(secs): 948.0 total, 43.8 interval
Flush(GB): cumulative 42.730, interval 1.886
AddFile(GB): cumulative 0.000, interval 0.000
AddFile(Total Files): cumulative 0, interval 0
AddFile(L0 Files): cumulative 0, interval 0
AddFile(Keys): cumulative 0, interval 0
Cumulative compaction: 266.08 GB write, 287.41 MB/s write, 229.12 GB read, 247.49 MB/s read, 6391.6 seconds
Interval compaction: 8.76 GB write, 204.51 MB/s write, 7.20 GB read, 168.15 MB/s read, 381.8 seconds
Estimated pending compaction bytes: 24347626514
Write Stall (count): cf-l0-file-count-limit-delays-with-ongoing-compaction: 33, cf-l0-file-count-limit-stops-with-ongoing-compaction: 0, l0-file-count-limit-delays: 33, l0-file-count-limit-stops: 0, memtable-limit-delays: 0, memtable-limit-stops: 575, pending-compaction-bytes-delays: 0, pending-compaction-bytes-stops: 0, total-delays: 33, total-stops: 575
interval: 24 total count
Block cache AutoHyperClockCache@0x5711ef9dd2d0#2018912 capacity: 512.00 MB seed: 591891029 usage: 11.21 MB table_size: 4996 occupancy: 2662 collections: 6 last_copies: 0 last_secs: 0.000413 secs_since: 43
Block cache entry stats(count,size,portion): Misc(2662,10.91 MB,2.13%)

** File Read Latency Histogram By Level [default] **
** Level 0 read latency histogram (micros):
Count: 20092388 Average: 3.3124  StdDev: 1715.58
Min: 0  Median: 0.9112  Max: 4154556
Percentiles: P50: 0.91 P75: 1.52 P99: 2.97 P99.9: 4.39 P99.99: 5.17
------------------------------------------------------
[       0,       1 ] 11025374  54.873%  54.873% ###########
(       1,       2 ]  7739030  38.517%  93.391% ########
(       2,       3 ]  1166125   5.804%  99.194% #
(       3,       4 ]   132680   0.660%  99.855% 
(       4,       6 ]    46434   0.231% 100.086% 
(       6,      10 ]    22009   0.110% 100.195% 
(      10,      15 ]     7568   0.038% 100.233% 
(      15,      22 ]     4405   0.022% 100.255% 
(      22,      34 ]      329   0.002% 100.257% 
(      34,      51 ]       54   0.000% 100.257% 
(      51,      76 ]      261   0.001% 100.258% 
(      76,     110 ]      495   0.002% 100.261% 
(     110,     170 ]       23   0.000% 100.261% 
(     170,     250 ]        9   0.000% 100.261% 
(     250,     380 ]       17   0.000% 100.261% 
(     380,     580 ]        5   0.000% 100.261% 
(     580,     870 ]       33   0.000% 100.261% 
(     870,    1300 ]       72   0.000% 100.261% 
(    1300,    1900 ]       51   0.000% 100.262% 
(    1900,    2900 ]        9   0.000% 100.262% 
(    2900,    4400 ]        3   0.000% 100.262% 
(    4400,    6600 ]        6   0.000% 100.262% 
(    6600,    9900 ]        4   0.000% 100.262% 
(    9900,   14000 ]        6   0.000% 100.262% 
(   14000,   22000 ]       10   0.000% 100.262% 
(   22000,   33000 ]       21   0.000% 100.262% 
(   33000,   50000 ]       12   0.000% 100.262% 
(   50000,   75000 ]       46   0.000% 100.262% 
(   75000,  110000 ]       31   0.000% 100.262% 
(  110000,  170000 ]       15   0.000% 100.263% 
(  170000,  250000 ]        7   0.000% 100.263% 
(  250000,  380000 ]        6   0.000% 100.263% 
(  380000,  570000 ]        1   0.000% 100.263% 
(  570000,  860000 ]        2   0.000% 100.263% 
( 1200000, 1900000 ]        6   0.000% 100.263% 
( 1900000, 2900000 ]        2   0.000% 100.263% 
( 2900000, 4300000 ]        2   0.000% 100.263% 

** Level 1 read latency histogram (micros):
Count: 29676062 Average: 1.5014  StdDev: 28.64
Min: 0  Median: 0.8511  Max: 70080
Percentiles: P50: 0.85 P75: 1.44 P99: 2.78 P99.9: 3.00 P99.99: 3.16
------------------------------------------------------
[       0,       1 ] 17434921  58.751%  58.751% ############
(       1,       2 ] 10972768  36.975%  95.726% #######
(       2,       3 ]  1240719   4.181%  99.907% #
(       3,       4 ]   153402   0.517% 100.424% 
(       4,       6 ]    53820   0.181% 100.605% 
(       6,      10 ]    33831   0.114% 100.719% 
(      10,      15 ]     9465   0.032% 100.751% 
(      15,      22 ]     5228   0.018% 100.769% 
(      22,      34 ]      516   0.002% 100.770% 
(      34,      51 ]      200   0.001% 100.771% 
(      51,      76 ]      557   0.002% 100.773% 
(      76,     110 ]      790   0.003% 100.776% 
(     110,     170 ]      277   0.001% 100.776% 
(     170,     250 ]      104   0.000% 100.777% 
(     250,     380 ]       16   0.000% 100.777% 
(     380,     580 ]        5   0.000% 100.777% 
(     580,     870 ]       11   0.000% 100.777% 
(    1300,    1900 ]        2   0.000% 100.777% 
(    1900,    2900 ]        4   0.000% 100.777% 
(    2900,    4400 ]        9   0.000% 100.777% 
(    4400,    6600 ]        1   0.000% 100.777% 
(   50000,   75000 ]        5   0.000% 100.777% 

** Level 2 read latency histogram (micros):
Count: 9007888 Average: 6.7135  StdDev: 3032.70
Min: 0  Median: 0.9217  Max: 5451179
Percentiles: P50: 0.92 P75: 1.52 P99: 2.90 P99.9: 3.47 P99.99: 3.58
------------------------------------------------------
[       0,       1 ]  4886620  54.248%  54.248% ###########
(       1,       2 ]  3611753  40.095%  94.344% ########
(       2,       3 ]   466971   5.184%  99.528% #
(       3,       4 ]    72002   0.799% 100.327% 
(       4,       6 ]    24149   0.268% 100.595% 
(       6,      10 ]    10949   0.122% 100.717% 
(      10,      15 ]     2824   0.031% 100.748% 
(      15,      22 ]     1415   0.016% 100.764% 
(      22,      34 ]      184   0.002% 100.766% 
(      34,      51 ]      189   0.002% 100.768% 
(      51,      76 ]      489   0.005% 100.773% 
(      76,     110 ]      482   0.005% 100.779% 
(     110,     170 ]       25   0.000% 100.779% 
(     170,     250 ]        5   0.000% 100.779% 
(     250,     380 ]        4   0.000% 100.779% 
(     380,     580 ]        8   0.000% 100.779% 
(     580,     870 ]        5   0.000% 100.779% 
(     870,    1300 ]        8   0.000% 100.779% 
(    1300,    1900 ]        8   0.000% 100.779% 
(    1900,    2900 ]        5   0.000% 100.779% 
(    2900,    4400 ]       14   0.000% 100.780% 
(    4400,    6600 ]        5   0.000% 100.780% 
(    6600,    9900 ]        5   0.000% 100.780% 
(    9900,   14000 ]        6   0.000% 100.780% 
(   14000,   22000 ]       14   0.000% 100.780% 
(   22000,   33000 ]       53   0.001% 100.780% 
(   33000,   50000 ]       34   0.000% 100.781% 
(   50000,   75000 ]       54   0.001% 100.781% 
(   75000,  110000 ]       34   0.000% 100.782% 
(  110000,  170000 ]       16   0.000% 100.782% 
(  170000,  250000 ]        9   0.000% 100.782% 
(  250000,  380000 ]        4   0.000% 100.782% 
(  380000,  570000 ]        3   0.000% 100.782% 
(  570000,  860000 ]        3   0.000% 100.782% 
(  860000, 1200000 ]        2   0.000% 100.782% 
( 1200000, 1900000 ]        8   0.000% 100.782% 
( 1900000, 2900000 ]        2   0.000% 100.782% 
( 4300000, 6500000 ]        2   0.000% 100.782% 


** DB Stats **
Uptime(secs): 948.0 total, 33.8 interval
Cumulative writes: 43M writes, 43M keys, 5613K commit groups, 7.7 writes per commit group, ingest: 42.35 GB, 45.74 MB/s
Cumulative WAL: 43M writes, 0 syncs, 43489525.00 writes per sync, written: 42.35 GB, 45.74 MB/s
Cumulative stall: 00:13:57.303 H:M:S, 88.3 percent
Interval writes: 1665K writes, 1665K keys, 213K commit groups, 7.8 writes per commit group, ingest: 1660.57 MB, 49.14 MB/s
Interval WAL: 1665K writes, 0 syncs, 1665404.00 writes per sync, written: 1.62 GB, 49.14 MB/s
Interval stall: 00:00:30.165 H:M:S, 89.3 percent
Write Stall (count): write-buffer-manager-limit-stops: 0
num-running-compactions: 1
num-running-flushes: 1

2026/08/31-02:28:56  ... thread 10: (104000,2718000) ops and (3077.1,2867.1) ops/second in (33.798585,947.993444) seconds
2026/08/31-02:28:56  ... thread 2: (105000,2720000) ops and (3105.6,2869.2) ops/second in (33.809447,947.995047) seconds
2026/08/31-02:28:56  ... thread 1: (105000,2717000) ops and (3103.7,2866.0) ops/second in (33.830833,947.995090) seconds
2026/08/31-02:28:56  ... thread 9: (105000,2717000) ops and (3105.9,2866.0) ops/second in (33.806432,947.996940) seconds
2026/08/31-02:28:56  ... thread 5: (104000,2717000) ops and (3076.4,2866.0) ops/second in (33.806171,947.996636) seconds
2026/08/31-02:28:56  ... thread 15: (105000,2717000) ops and (3105.4,2866.0) ops/second in (33.811898,947.999437) seconds
2026/08/31-02:28:56  ... thread 4: (105000,2718000) ops and (3105.2,2867.1) ops/second in (33.813945,948.003025) seconds
2026/08/31-02:28:56  ... thread 3: (105000,2719000) ops and (3103.7,2868.1) ops/second in (33.830414,948.003602) seconds
2026/08/31-02:28:56  ... thread 11: (105000,2718000) ops and (3103.5,2867.1) ops/second in (33.832991,948.005026) seconds
2026/08/31-02:28:56  ... thread 6: (105000,2718000) ops and (3104.3,2867.1) ops/second in (33.823576,948.005038) seconds
2026/08/31-02:28:56  ... thread 7: (105000,2720000) ops and (3104.5,2869.2) ops/second in (33.821533,948.005689) seconds
2026/08/31-02:29:27  ... thread 5: (38000,2755000) ops and (1240.1,2815.1) ops/second in (30.642745,978.639381) seconds
2026/08/31-02:29:27  ... thread 3: (38000,2757000) ops and (1240.2,2817.2) ops/second in (30.640792,978.644394) seconds
2026/08/31-02:29:27  ... thread 11: (38000,2756000) ops and (1240.2,2816.1) ops/second in (30.640853,978.645879) seconds
2026/08/31-02:29:27  ... thread 6: (38000,2756000) ops and (1240.2,2816.1) ops/second in (30.641339,978.646377) seconds
2026/08/31-02:29:27  ... thread 4: (38000,2756000) ops and (1240.0,2816.1) ops/second in (30.645874,978.648899) seconds
2026/08/31-02:29:27  ... thread 12: (38000,2756000) ops and (1239.2,2816.1) ops/second in (30.664185,978.653289) seconds
2026/08/31-02:29:27  ... thread 15: (38000,2755000) ops and (1239.5,2815.1) ops/second in (30.658554,978.657991) seconds
2026/08/31-02:29:27  ... thread 10: (39000,2757000) ops and (1271.8,2817.1) ops/second in (30.664559,978.658003) seconds
2026/08/31-02:29:27  ... thread 1: (39000,2756000) ops and (1271.9,2816.1) ops/second in (30.663000,978.658090) seconds
2026/08/31-02:29:27  ... thread 8: (39000,2757000) ops and (1271.2,2817.1) ops/second in (30.679216,978.658404) seconds
2026/08/31-02:29:27  ... thread 7: (38000,2758000) ops and (1239.6,2818.1) ops/second in (30.655517,978.661206) seconds
2026/08/31-02:29:27  ... thread 9: (39000,2756000) ops and (1271.8,2816.1) ops/second in (30.665274,978.662214) seconds
2026/08/31-02:29:27  ... thread 13: (39000,2760000) ops and (1271.4,2820.2) ops/second in (30.674877,978.664210) seconds
2026/08/31-02:29:27  ... thread 2: (39000,2759000) ops and (1271.5,2819.1) ops/second in (30.672551,978.667598) seconds
2026/08/31-02:29:27  ... thread 14: (40000,2758000) ops and (1303.2,2818.1) ops/second in (30.694217,978.667506) seconds
2026/08/31-02:29:27  ... thread 0: (39000,2756000) ops and (1271.4,2816.1) ops/second in (30.674988,978.667937) seconds

** Compaction Stats [default] **
Level    Files   Size     Score Read(GB)  Rn(GB) Rnp1(GB) Write(GB) WPreComp(GB) Wnew(GB) Moved(GB) W-Amp Rd(MB/s) Wr(MB/s) Comp(sec) CompMergeCPU(sec) Comp(cnt) Avg(sec) KeyIn KeyDrop Rblob(GB) Wblob(GB)
-------------------------------------------------------------------------------------------------------------------------------------------------------------------------------------------------------------
  L0     10/4      1.15 GB   1.5     37.7     0.0     37.7      81.0      81.0     43.3       0.0   1.9     18.2     39.1   2119.16            167.84       862    2.458     82M    36K       0.0       0.0
  L1     85/14     4.99 GB   1.0    127.9    42.1     85.8     125.9     125.9     40.1       0.0   3.0    272.3    268.1    480.92            390.98        29   16.583    130M  1966K       0.0       0.0
  L2    565/58    30.91 GB   0.7     74.9    27.2     47.7      70.7      70.7     23.0       8.0   2.6     18.3     17.2   4196.74            228.93       402   10.440     76M  4325K       0.0       0.0
 Sum    660/76    37.06 GB   0.0    240.5    69.3    171.2     277.6     277.6    106.4       8.0   6.4     36.2     41.8   6796.82            787.75      1293    5.257    288M  6328K       0.0       0.0
 Int      0/0      0.00 KB   0.0      3.8     0.9      2.8       3.9       3.9      1.1       0.0  10.7     13.4     13.8    290.02             12.81        23   12.610   4220K   252K       0.0       0.0

** Compaction Stats [default] **
Priority    Files   Size     Score Read(GB)  Rn(GB) Rnp1(GB) Write(GB) WPreComp(GB) Wnew(GB) Moved(GB) W-Amp Rd(MB/s) Wr(MB/s) Comp(sec) CompMergeCPU(sec) Comp(cnt) Avg(sec) KeyIn KeyDrop Rblob(GB) Wblob(GB)
----------------------------------------------------------------------------------------------------------------------------------------------------------------------------------------------------------------
 Low      0/0      0.00 KB   0.0    240.5    69.3    171.2     234.3     234.3     63.1       0.0   0.0     45.5     44.3   5410.70            713.87       581    9.313    244M  6328K       0.0       0.0
High      0/0      0.00 KB   0.0      0.0     0.0      0.0      43.3      43.3     43.3       0.0   0.0      0.0     32.0   1386.12             73.88       712    1.947     44M      0       0.0       0.0

Blob file count: 0, total size: 0.0 GB, garbage size: 0.0 GB, space amp: 0.0

Uptime(secs): 978.7 total, 14.5 interval
Flush(GB): cumulative 43.337, interval 0.364
AddFile(GB): cumulative 0.000, interval 0.000
AddFile(Total Files): cumulative 0, interval 0
AddFile(L0 Files): cumulative 0, interval 0
AddFile(Keys): cumulative 0, interval 0
Cumulative compaction: 277.59 GB write, 290.45 MB/s write, 240.49 GB read, 251.63 MB/s read, 6796.8 seconds
Interval compaction: 3.90 GB write, 275.16 MB/s write, 3.78 GB read, 267.01 MB/s read, 290.0 seconds
Estimated pending compaction bytes: 20482510733
Write Stall (count): cf-l0-file-count-limit-delays-with-ongoing-compaction: 33, cf-l0-file-count-limit-stops-with-ongoing-compaction: 0, l0-file-count-limit-delays: 33, l0-file-count-limit-stops: 0, memtable-limit-delays: 0, memtable-limit-stops: 594, pending-compaction-bytes-delays: 0, pending-compaction-bytes-stops: 0, total-delays: 33, total-stops: 594
interval: 14 total count
Block cache AutoHyperClockCache@0x5711ef9dd2d0#2018912 capacity: 512.00 MB seed: 591891029 usage: 11.21 MB table_size: 4996 occupancy: 2662 collections: 6 last_copies: 1 last_secs: 0.000413 secs_since: 74
Block cache entry stats(count,size,portion): Misc(2662,10.91 MB,2.13%)

** File Read Latency Histogram By Level [default] **
** Level 0 read latency histogram (micros):
Count: 20215943 Average: 3.3142  StdDev: 1710.95
Min: 0  Median: 0.9100  Max: 4154556
Percentiles: P50: 0.91 P75: 1.52 P99: 2.97 P99.9: 4.40 P99.99: 5.18
------------------------------------------------------
[       0,       1 ] 11108053  54.947%  54.947% ###########
(       1,       2 ]  7776843  38.469%  93.416% ########
(       2,       3 ]  1168350   5.779%  99.195% #
(       3,       4 ]   133169   0.659%  99.854% 
(       4,       6 ]    46587   0.230% 100.084% 
(       6,      10 ]    22116   0.109% 100.194% 
(      10,      15 ]     7609   0.038% 100.231% 
(      15,      22 ]     4436   0.022% 100.253% 
(      22,      34 ]      330   0.002% 100.255% 
(      34,      51 ]       54   0.000% 100.255% 
(      51,      76 ]      264   0.001% 100.257% 
(      76,     110 ]      502   0.002% 100.259% 
(     110,     170 ]       24   0.000% 100.259% 
(     170,     250 ]        9   0.000% 100.259% 
(     250,     380 ]       17   0.000% 100.259% 
(     380,     580 ]        5   0.000% 100.259% 
(     580,     870 ]       33   0.000% 100.259% 
(     870,    1300 ]       74   0.000% 100.260% 
(    1300,    1900 ]       51   0.000% 100.260% 
(    1900,    2900 ]        9   0.000% 100.260% 
(    2900,    4400 ]        3   0.000% 100.260% 
(    4400,    6600 ]        6   0.000% 100.260% 
(    6600,    9900 ]        4   0.000% 100.260% 
(    9900,   14000 ]        6   0.000% 100.260% 
(   14000,   22000 ]       11   0.000% 100.260% 
(   22000,   33000 ]       21   0.000% 100.260% 
(   33000,   50000 ]       12   0.000% 100.260% 
(   50000,   75000 ]       47   0.000% 100.261% 
(   75000,  110000 ]       31   0.000% 100.261% 
(  110000,  170000 ]       15   0.000% 100.261% 
(  170000,  250000 ]        8   0.000% 100.261% 
(  250000,  380000 ]        6   0.000% 100.261% 
(  380000,  570000 ]        1   0.000% 100.261% 
(  570000,  860000 ]        2   0.000% 100.261% 
( 1200000, 1900000 ]        6   0.000% 100.261% 
( 1900000, 2900000 ]        2   0.000% 100.261% 
( 2900000, 4300000 ]        2   0.000% 100.261% 

** Level 1 read latency histogram (micros):
Count: 30174407 Average: 1.5025  StdDev: 28.40
Min: 0  Median: 0.8526  Max: 70080
Percentiles: P50: 0.85 P75: 1.44 P99: 2.79 P99.9: 3.01 P99.99: 3.18
------------------------------------------------------
[       0,       1 ] 17695137  58.643%  58.643% ############
(       1,       2 ] 11185585  37.070%  95.713% #######
(       2,       3 ]  1262493   4.184%  99.897% #
(       3,       4 ]   156418   0.518% 100.415% 
(       4,       6 ]    54941   0.182% 100.597% 
(       6,      10 ]    34449   0.114% 100.711% 
(      10,      15 ]     9637   0.032% 100.743% 
(      15,      22 ]     5326   0.018% 100.761% 
(      22,      34 ]      524   0.002% 100.763% 
(      34,      51 ]      212   0.001% 100.763% 
(      51,      76 ]      601   0.002% 100.765% 
(      76,     110 ]      828   0.003% 100.768% 
(     110,     170 ]      284   0.001% 100.769% 
(     170,     250 ]      104   0.000% 100.769% 
(     250,     380 ]       16   0.000% 100.769% 
(     380,     580 ]        5   0.000% 100.769% 
(     580,     870 ]       11   0.000% 100.769% 
(    1300,    1900 ]        2   0.000% 100.769% 
(    1900,    2900 ]        4   0.000% 100.769% 
(    2900,    4400 ]        9   0.000% 100.769% 
(    4400,    6600 ]        1   0.000% 100.769% 
(   50000,   75000 ]        5   0.000% 100.769% 

** Level 2 read latency histogram (micros):
Count: 10416451 Average: 6.5208  StdDev: 3052.98
Min: 0  Median: 0.9192  Max: 5451179
Percentiles: P50: 0.92 P75: 1.51 P99: 2.88 P99.9: 3.41 P99.99: 3.53
------------------------------------------------------
[       0,       1 ]  5666096  54.396%  54.396% ###########
(       1,       2 ]  4181515  40.143%  94.539% ########
(       2,       3 ]   525060   5.041%  99.580% #
(       3,       4 ]    80668   0.774% 100.354% 
(       4,       6 ]    27320   0.262% 100.616% 
(       6,      10 ]    12589   0.121% 100.737% 
(      10,      15 ]     3289   0.032% 100.769% 
(      15,      22 ]     1676   0.016% 100.785% 
(      22,      34 ]      211   0.002% 100.787% 
(      34,      51 ]      203   0.002% 100.789% 
(      51,      76 ]      514   0.005% 100.794% 
(      76,     110 ]      528   0.005% 100.799% 
(     110,     170 ]       26   0.000% 100.799% 
(     170,     250 ]        5   0.000% 100.799% 
(     250,     380 ]        4   0.000% 100.799% 
(     380,     580 ]        8   0.000% 100.799% 
(     580,     870 ]        5   0.000% 100.799% 
(     870,    1300 ]        8   0.000% 100.799% 
(    1300,    1900 ]        8   0.000% 100.800% 
(    1900,    2900 ]        8   0.000% 100.800% 
(    2900,    4400 ]       14   0.000% 100.800% 
(    4400,    6600 ]        5   0.000% 100.800% 
(    6600,    9900 ]        5   0.000% 100.800% 
(    9900,   14000 ]        7   0.000% 100.800% 
(   14000,   22000 ]       14   0.000% 100.800% 
(   22000,   33000 ]       56   0.001% 100.801% 
(   33000,   50000 ]       38   0.000% 100.801% 
(   50000,   75000 ]       56   0.001% 100.801% 
(   75000,  110000 ]       36   0.000% 100.802% 
(  110000,  170000 ]       17   0.000% 100.802% 
(  170000,  250000 ]       13   0.000% 100.802% 
(  250000,  380000 ]        4   0.000% 100.802% 
(  380000,  570000 ]        3   0.000% 100.802% 
(  570000,  860000 ]        3   0.000% 100.802% 
(  860000, 1200000 ]        2   0.000% 100.802% 
( 1200000, 1900000 ]        8   0.000% 100.802% 
( 1900000, 2900000 ]        2   0.000% 100.802% 
( 2900000, 4300000 ]        1   0.000% 100.802% 
( 4300000, 6500000 ]        2   0.000% 100.802% 


** DB Stats **
Uptime(secs): 978.7 total, 14.5 interval
Cumulative writes: 44M writes, 44M keys, 5695K commit groups, 7.7 writes per commit group, ingest: 42.96 GB, 44.95 MB/s
Cumulative WAL: 44M writes, 0 syncs, 44114568.00 writes per sync, written: 42.96 GB, 44.95 MB/s
Cumulative stall: 00:14:25.722 H:M:S, 88.5 percent
Interval writes: 262K writes, 262K keys, 33K commit groups, 7.8 writes per commit group, ingest: 261.60 MB, 18.03 MB/s
Interval WAL: 262K writes, 0 syncs, 262354.00 writes per sync, written: 0.26 GB, 18.03 MB/s
Interval stall: 00:00:19.172 H:M:S, 132.1 percent
Write Stall (count): write-buffer-manager-limit-stops: 0
num-running-compactions: 14
num-running-flushes: 2

2026/08/31-02:30:01  ... thread 7: (65000,2823000) ops and (1916.7,2787.9) ops/second in (33.912729,1012.573935) seconds
2026/08/31-02:30:01  ... thread 2: (65000,2824000) ops and (1917.0,2788.9) ops/second in (33.907805,1012.575403) seconds
2026/08/31-02:30:01  ... thread 3: (66000,2823000) ops and (1945.1,2787.9) ops/second in (33.931513,1012.575907) seconds
2026/08/31-02:30:01  ... thread 5: (66000,2821000) ops and (1944.7,2786.0) ops/second in (33.938957,1012.578338) seconds
2026/08/31-02:30:01  ... thread 0: (65000,2821000) ops and (1916.3,2785.9) ops/second in (33.920075,1012.588012) seconds

** Compaction Stats [default] **
Level    Files   Size     Score Read(GB)  Rn(GB) Rnp1(GB) Write(GB) WPreComp(GB) Wnew(GB) Moved(GB) W-Amp Rd(MB/s) Wr(MB/s) Comp(sec) CompMergeCPU(sec) Comp(cnt) Avg(sec) KeyIn KeyDrop Rblob(GB) Wblob(GB)
-------------------------------------------------------------------------------------------------------------------------------------------------------------------------------------------------------------
  L0     15/14     2.25 GB   0.2     38.7     0.0     38.7      83.0      83.0     44.3       0.0   1.9     17.9     38.4   2212.18            172.43       883    2.505     84M    37K       0.0       0.0
  L1     69/69     3.97 GB   0.0    127.9    42.1     85.8     125.9     125.9     40.1       0.0   3.0    272.3    268.1    480.92            390.98        29   16.583    130M  1966K       0.0       0.0
  L2    573/0     31.65 GB   0.8     79.2    28.2     51.0      74.7      74.7     23.7       8.0   2.6     18.4     17.4   4397.80            240.41       416   10.572     80M  4593K       0.0       0.0
 Sum    657/83    37.87 GB   0.0    245.8    70.3    175.5     283.7     283.7    108.1       8.0   6.4     35.5     41.0   7090.90            803.82      1328    5.340    295M  6597K       0.0       0.0
 Int      0/0      0.00 KB   0.0      9.1     1.9      7.2      10.0      10.0      2.8       0.0   7.1     15.9     17.5    584.10             28.88        58   10.071     10M   522K       0.0       0.0

** Compaction Stats [default] **
Priority    Files   Size     Score Read(GB)  Rn(GB) Rnp1(GB) Write(GB) WPreComp(GB) Wnew(GB) Moved(GB) W-Amp Rd(MB/s) Wr(MB/s) Comp(sec) CompMergeCPU(sec) Comp(cnt) Avg(sec) KeyIn KeyDrop Rblob(GB) Wblob(GB)
----------------------------------------------------------------------------------------------------------------------------------------------------------------------------------------------------------------
 Low      0/0      0.00 KB   0.0    245.8    70.3    175.5     239.3     239.3     63.8       0.0   0.0     44.6     43.4   5644.87            728.05       599    9.424    250M  6597K       0.0       0.0
High      0/0      0.00 KB   0.0      0.0     0.0      0.0      44.4      44.4     44.4       0.0   0.0      0.0     31.4   1446.03             75.77       729    1.984     45M      0       0.0       0.0

Blob file count: 0, total size: 0.0 GB, garbage size: 0.0 GB, space amp: 0.0

Uptime(secs): 1012.6 total, 48.4 interval
Flush(GB): cumulative 44.371, interval 1.398
AddFile(GB): cumulative 0.000, interval 0.000
AddFile(Total Files): cumulative 0, interval 0
AddFile(L0 Files): cumulative 0, interval 0
AddFile(Keys): cumulative 0, interval 0
Cumulative compaction: 283.67 GB write, 286.87 MB/s write, 245.80 GB read, 248.57 MB/s read, 7090.9 seconds
Interval compaction: 9.98 GB write, 211.02 MB/s write, 9.09 GB read, 192.31 MB/s read, 584.1 seconds
Estimated pending compaction bytes: 21165458369
Write Stall (count): cf-l0-file-count-limit-delays-with-ongoing-compaction: 33, cf-l0-file-count-limit-stops-with-ongoing-compaction: 0, l0-file-count-limit-delays: 33, l0-file-count-limit-stops: 0, memtable-limit-delays: 0, memtable-limit-stops: 609, pending-compaction-bytes-delays: 0, pending-compaction-bytes-stops: 0, total-delays: 33, total-stops: 609
interval: 29 total count
Block cache AutoHyperClockCache@0x5711ef9dd2d0#2018912 capacity: 512.00 MB seed: 591891029 usage: 11.21 MB table_size: 4996 occupancy: 2662 collections: 6 last_copies: 1 last_secs: 0.000413 secs_since: 108
Block cache entry stats(count,size,portion): Misc(2662,10.91 MB,2.13%)

** File Read Latency Histogram By Level [default] **
** Level 0 read latency histogram (micros):
Count: 20844590 Average: 3.4523  StdDev: 1756.35
Min: 0  Median: 0.9116  Max: 4154556
Percentiles: P50: 0.91 P75: 1.52 P99: 2.97 P99.9: 4.39 P99.99: 5.17
------------------------------------------------------
[       0,       1 ] 11433309  54.850%  54.850% ###########
(       1,       2 ]  8026012  38.504%  93.354% ########
(       2,       3 ]  1216139   5.834%  99.189% #
(       3,       4 ]   138861   0.666%  99.855% 
(       4,       6 ]    48059   0.231% 100.085% 
(       6,      10 ]    22849   0.110% 100.195% 
(      10,      15 ]     7824   0.038% 100.232% 
(      15,      22 ]     4541   0.022% 100.254% 
(      22,      34 ]      342   0.002% 100.256% 
(      34,      51 ]       57   0.000% 100.256% 
(      51,      76 ]      267   0.001% 100.257% 
(      76,     110 ]      518   0.002% 100.260% 
(     110,     170 ]       24   0.000% 100.260% 
(     170,     250 ]        9   0.000% 100.260% 
(     250,     380 ]       17   0.000% 100.260% 
(     380,     580 ]        6   0.000% 100.260% 
(     580,     870 ]       33   0.000% 100.260% 
(     870,    1300 ]       77   0.000% 100.261% 
(    1300,    1900 ]       51   0.000% 100.261% 
(    1900,    2900 ]        9   0.000% 100.261% 
(    2900,    4400 ]        3   0.000% 100.261% 
(    4400,    6600 ]        6   0.000% 100.261% 
(    6600,    9900 ]        4   0.000% 100.261% 
(    9900,   14000 ]        6   0.000% 100.261% 
(   14000,   22000 ]       11   0.000% 100.261% 
(   22000,   33000 ]       23   0.000% 100.261% 
(   33000,   50000 ]       12   0.000% 100.261% 
(   50000,   75000 ]       50   0.000% 100.262% 
(   75000,  110000 ]       32   0.000% 100.262% 
(  110000,  170000 ]       16   0.000% 100.262% 
(  170000,  250000 ]        8   0.000% 100.262% 
(  250000,  380000 ]        7   0.000% 100.262% 
(  380000,  570000 ]        1   0.000% 100.262% 
(  570000,  860000 ]        2   0.000% 100.262% 
( 1200000, 1900000 ]        8   0.000% 100.262% 
( 1900000, 2900000 ]        2   0.000% 100.262% 
( 2900000, 4300000 ]        2   0.000% 100.262% 

** Level 1 read latency histogram (micros):
Count: 31233213 Average: 1.5012  StdDev: 27.92
Min: 0  Median: 0.8514  Max: 70080
Percentiles: P50: 0.85 P75: 1.44 P99: 2.79 P99.9: 3.00 P99.99: 3.18
------------------------------------------------------
[       0,       1 ] 18341552  58.725%  58.725% ############
(       1,       2 ] 11546090  36.967%  95.692% #######
(       2,       3 ]  1313763   4.206%  99.898% #
(       3,       4 ]   160766   0.515% 100.413% 
(       4,       6 ]    56437   0.181% 100.594% 
(       6,      10 ]    35598   0.114% 100.708% 
(      10,      15 ]     9961   0.032% 100.739% 
(      15,      22 ]     5479   0.018% 100.757% 
(      22,      34 ]      545   0.002% 100.759% 
(      34,      51 ]      214   0.001% 100.759% 
(      51,      76 ]      601   0.002% 100.761% 
(      76,     110 ]      830   0.003% 100.764% 
(     110,     170 ]      286   0.001% 100.765% 
(     170,     250 ]      104   0.000% 100.765% 
(     250,     380 ]       16   0.000% 100.765% 
(     380,     580 ]        5   0.000% 100.765% 
(     580,     870 ]       11   0.000% 100.765% 
(    1300,    1900 ]        2   0.000% 100.765% 
(    1900,    2900 ]        5   0.000% 100.765% 
(    2900,    4400 ]        9   0.000% 100.765% 
(    4400,    6600 ]        1   0.000% 100.765% 
(   50000,   75000 ]        5   0.000% 100.765% 

** Level 2 read latency histogram (micros):
Count: 10688573 Average: 6.6335  StdDev: 3062.66
Min: 0  Median: 0.9161  Max: 5451179
Percentiles: P50: 0.92 P75: 1.51 P99: 2.89 P99.9: 3.43 P99.99: 3.54
------------------------------------------------------
[       0,       1 ]  5834033  54.582%  54.582% ###########
(       1,       2 ]  4269624  39.946%  94.528% ########
(       2,       3 ]   538815   5.041%  99.569% #
(       3,       4 ]    83306   0.779% 100.348% 
(       4,       6 ]    27726   0.259% 100.607% 
(       6,      10 ]    12852   0.120% 100.728% 
(      10,      15 ]     3373   0.032% 100.759% 
(      15,      22 ]     1708   0.016% 100.775% 
(      22,      34 ]      218   0.002% 100.777% 
(      34,      51 ]      211   0.002% 100.779% 
(      51,      76 ]      542   0.005% 100.784% 
(      76,     110 ]      558   0.005% 100.790% 
(     110,     170 ]       26   0.000% 100.790% 
(     170,     250 ]        5   0.000% 100.790% 
(     250,     380 ]        4   0.000% 100.790% 
(     380,     580 ]        8   0.000% 100.790% 
(     580,     870 ]        5   0.000% 100.790% 
(     870,    1300 ]        8   0.000% 100.790% 
(    1300,    1900 ]        9   0.000% 100.790% 
(    1900,    2900 ]        8   0.000% 100.790% 
(    2900,    4400 ]       15   0.000% 100.790% 
(    4400,    6600 ]        5   0.000% 100.790% 
(    6600,    9900 ]        5   0.000% 100.790% 
(    9900,   14000 ]        7   0.000% 100.791% 
(   14000,   22000 ]       14   0.000% 100.791% 
(   22000,   33000 ]       56   0.001% 100.791% 
(   33000,   50000 ]       40   0.000% 100.792% 
(   50000,   75000 ]       56   0.001% 100.792% 
(   75000,  110000 ]       37   0.000% 100.792% 
(  110000,  170000 ]       17   0.000% 100.793% 
(  170000,  250000 ]       13   0.000% 100.793% 
(  250000,  380000 ]        4   0.000% 100.793% 
(  380000,  570000 ]        3   0.000% 100.793% 
(  570000,  860000 ]        4   0.000% 100.793% 
(  860000, 1200000 ]        2   0.000% 100.793% 
( 1200000, 1900000 ]        9   0.000% 100.793% 
( 1900000, 2900000 ]        2   0.000% 100.793% 
( 2900000, 4300000 ]        1   0.000% 100.793% 
( 4300000, 6500000 ]        2   0.000% 100.793% 


** DB Stats **
Uptime(secs): 1012.6 total, 33.9 interval
Cumulative writes: 45M writes, 45M keys, 5829K commit groups, 7.7 writes per commit group, ingest: 43.97 GB, 44.47 MB/s
Cumulative WAL: 45M writes, 0 syncs, 45158540.00 writes per sync, written: 43.97 GB, 44.47 MB/s
Cumulative stall: 00:14:56.684 H:M:S, 88.6 percent
Interval writes: 1043K writes, 1043K keys, 133K commit groups, 7.8 writes per commit group, ingest: 1040.95 MB, 30.69 MB/s
Interval WAL: 1043K writes, 0 syncs, 1043972.00 writes per sync, written: 1.02 GB, 30.69 MB/s
Interval stall: 00:00:30.962 H:M:S, 91.3 percent
Write Stall (count): write-buffer-manager-limit-stops: 0
num-running-compactions: 2
num-running-flushes: 1

2026/08/31-02:30:01  ... thread 6: (66000,2822000) ops and (1944.5,2786.9) ops/second in (33.942638,1012.589015) seconds
2026/08/31-02:30:01  ... thread 10: (66000,2823000) ops and (1944.8,2787.9) ops/second in (33.937358,1012.595361) seconds
2026/08/31-02:30:01  ... thread 12: (66000,2822000) ops and (1944.4,2786.9) ops/second in (33.944012,1012.597301) seconds
2026/08/31-02:30:01  ... thread 1: (66000,2822000) ops and (1944.7,2786.9) ops/second in (33.938950,1012.597040) seconds
2026/08/31-02:30:01  ... thread 4: (66000,2822000) ops and (1944.1,2786.9) ops/second in (33.948705,1012.597604) seconds
2026/08/31-02:30:01  ... thread 11: (66000,2822000) ops and (1943.9,2786.9) ops/second in (33.952462,1012.598341) seconds
2026/08/31-02:30:01  ... thread 15: (66000,2821000) ops and (1944.6,2785.9) ops/second in (33.940774,1012.598765) seconds
2026/08/31-02:30:01  ... thread 9: (66000,2822000) ops and (1944.8,2786.9) ops/second in (33.936583,1012.598797) seconds
2026/08/31-02:30:01  ... thread 8: (66000,2823000) ops and (1944.5,2787.9) ops/second in (33.941122,1012.599526) seconds
2026/08/31-02:30:01  ... thread 14: (66000,2824000) ops and (1945.0,2788.9) ops/second in (33.932792,1012.600298) seconds
2026/08/31-02:30:01  ... thread 13: (66000,2826000) ops and (1944.6,2790.8) ops/second in (33.939344,1012.603554) seconds
2026/08/31-02:30:32  ... thread 6: (58000,2880000) ops and (1855.9,2759.0) ops/second in (31.250865,1043.839880) seconds
2026/08/31-02:30:32  ... thread 8: (57000,2880000) ops and (1824.4,2759.0) ops/second in (31.242862,1043.842388) seconds
2026/08/31-02:30:32  ... thread 5: (58000,2879000) ops and (1855.0,2758.1) ops/second in (31.266117,1043.844455) seconds
2026/08/31-02:30:32  ... thread 14: (57000,2881000) ops and (1824.3,2760.0) ops/second in (31.244332,1043.844630) seconds
2026/08/31-02:30:32  ... thread 7: (58000,2881000) ops and (1854.6,2760.0) ops/second in (31.273776,1043.847711) seconds
2026/08/31-02:30:32  ... thread 13: (57000,2883000) ops and (1824.2,2761.9) ops/second in (31.247214,1043.850768) seconds
2026/08/31-02:30:32  ... thread 0: (58000,2879000) ops and (1855.1,2758.0) ops/second in (31.265962,1043.853974) seconds

** Compaction Stats [default] **
Level    Files   Size     Score Read(GB)  Rn(GB) Rnp1(GB) Write(GB) WPreComp(GB) Wnew(GB) Moved(GB) W-Amp Rd(MB/s) Wr(MB/s) Comp(sec) CompMergeCPU(sec) Comp(cnt) Avg(sec) KeyIn KeyDrop Rblob(GB) Wblob(GB)
-------------------------------------------------------------------------------------------------------------------------------------------------------------------------------------------------------------
  L0     10/4      1.46 GB   1.5     39.5     0.0     39.5      84.7      84.7     45.2       0.0   1.9     17.7     38.1   2280.03            176.50       901    2.531     86M    38K       0.0       0.0
  L1     73/5      4.33 GB   1.0    133.5    43.8     89.8     131.5     131.5     41.8       0.0   3.0    271.6    267.5    503.57            408.21        30   16.786    135M  2046K       0.0       0.0
  L2    587/26    32.56 GB   0.8     84.9    29.5     55.4      80.0      80.0     24.6       8.0   2.7     18.4     17.3   4724.43            261.07       440   10.737     86M  4965K       0.0       0.0
 Sum    670/35    38.35 GB   0.0    257.9    73.3    184.6     296.3     296.3    111.6       8.0   6.5     35.2     40.4   7508.03            845.78      1371    5.476    308M  7049K       0.0       0.0
 Int      0/0      0.00 KB   0.0      4.1     0.8      3.3       4.4       4.4      1.1       0.0   9.0     15.2     16.1    277.56             16.10        23   12.068   4673K   225K       0.0       0.0

** Compaction Stats [default] **
Priority    Files   Size     Score Read(GB)  Rn(GB) Rnp1(GB) Write(GB) WPreComp(GB) Wnew(GB) Moved(GB) W-Amp Rd(MB/s) Wr(MB/s) Comp(sec) CompMergeCPU(sec) Comp(cnt) Avg(sec) KeyIn KeyDrop Rblob(GB) Wblob(GB)
----------------------------------------------------------------------------------------------------------------------------------------------------------------------------------------------------------------
 Low      0/0      0.00 KB   0.0    257.9    73.3    184.6     251.0     251.0     66.3       0.0   0.0     43.9     42.7   6017.28            768.28       627    9.597    262M  7049K       0.0       0.0
High      0/0      0.00 KB   0.0      0.0     0.0      0.0      45.3      45.3     45.3       0.0   0.0      0.0     31.1   1490.74             77.50       744    2.004     46M      0       0.0       0.0

Blob file count: 0, total size: 0.0 GB, garbage size: 0.0 GB, space amp: 0.0

Uptime(secs): 1043.9 total, 19.7 interval
Flush(GB): cumulative 45.282, interval 0.485
AddFile(GB): cumulative 0.000, interval 0.000
AddFile(Total Files): cumulative 0, interval 0
AddFile(L0 Files): cumulative 0, interval 0
AddFile(Keys): cumulative 0, interval 0
Cumulative compaction: 296.27 GB write, 290.64 MB/s write, 257.94 GB read, 253.03 MB/s read, 7508.0 seconds
Interval compaction: 4.37 GB write, 227.34 MB/s write, 4.11 GB read, 213.66 MB/s read, 277.6 seconds
Estimated pending compaction bytes: 18939892736
Write Stall (count): cf-l0-file-count-limit-delays-with-ongoing-compaction: 33, cf-l0-file-count-limit-stops-with-ongoing-compaction: 0, l0-file-count-limit-delays: 33, l0-file-count-limit-stops: 0, memtable-limit-delays: 0, memtable-limit-stops: 631, pending-compaction-bytes-delays: 0, pending-compaction-bytes-stops: 0, total-delays: 33, total-stops: 631
interval: 12 total count
Block cache AutoHyperClockCache@0x5711ef9dd2d0#2018912 capacity: 512.00 MB seed: 591891029 usage: 11.21 MB table_size: 4996 occupancy: 2662 collections: 6 last_copies: 2 last_secs: 0.000413 secs_since: 139
Block cache entry stats(count,size,portion): Misc(2662,10.91 MB,2.13%)

** File Read Latency Histogram By Level [default] **
** Level 0 read latency histogram (micros):
Count: 21107598 Average: 3.4515  StdDev: 1746.10
Min: 0  Median: 0.9098  Max: 4154556
Percentiles: P50: 0.91 P75: 1.52 P99: 2.97 P99.9: 4.41 P99.99: 5.19
------------------------------------------------------
[       0,       1 ] 11599991  54.956%  54.956% ###########
(       1,       2 ]  8110072  38.423%  93.379% ########
(       2,       3 ]  1226581   5.811%  99.190% #
(       3,       4 ]   139919   0.663%  99.853% 
(       4,       6 ]    48438   0.229% 100.082% 
(       6,      10 ]    23071   0.109% 100.192% 
(      10,      15 ]     7910   0.037% 100.229% 
(      15,      22 ]     4588   0.022% 100.251% 
(      22,      34 ]      345   0.002% 100.253% 
(      34,      51 ]       61   0.000% 100.253% 
(      51,      76 ]      274   0.001% 100.254% 
(      76,     110 ]      526   0.002% 100.257% 
(     110,     170 ]       24   0.000% 100.257% 
(     170,     250 ]        9   0.000% 100.257% 
(     250,     380 ]       18   0.000% 100.257% 
(     380,     580 ]        6   0.000% 100.257% 
(     580,     870 ]       34   0.000% 100.257% 
(     870,    1300 ]       77   0.000% 100.257% 
(    1300,    1900 ]       53   0.000% 100.258% 
(    1900,    2900 ]        9   0.000% 100.258% 
(    2900,    4400 ]        3   0.000% 100.258% 
(    4400,    6600 ]        6   0.000% 100.258% 
(    6600,    9900 ]        4   0.000% 100.258% 
(    9900,   14000 ]        7   0.000% 100.258% 
(   14000,   22000 ]       11   0.000% 100.258% 
(   22000,   33000 ]       23   0.000% 100.258% 
(   33000,   50000 ]       14   0.000% 100.258% 
(   50000,   75000 ]       51   0.000% 100.258% 
(   75000,  110000 ]       33   0.000% 100.258% 
(  110000,  170000 ]       18   0.000% 100.259% 
(  170000,  250000 ]        8   0.000% 100.259% 
(  250000,  380000 ]        7   0.000% 100.259% 
(  380000,  570000 ]        1   0.000% 100.259% 
(  570000,  860000 ]        2   0.000% 100.259% 
( 1200000, 1900000 ]        8   0.000% 100.259% 
( 1900000, 2900000 ]        2   0.000% 100.259% 
( 2900000, 4300000 ]        2   0.000% 100.259% 

** Level 1 read latency histogram (micros):
Count: 31625151 Average: 1.5056  StdDev: 27.75
Min: 0  Median: 0.8548  Max: 70080
Percentiles: P50: 0.85 P75: 1.45 P99: 2.80 P99.9: 3.07 P99.99: 3.24
------------------------------------------------------
[       0,       1 ] 18499055  58.495%  58.495% ############
(       1,       2 ] 11713232  37.038%  95.532% #######
(       2,       3 ]  1368999   4.329%  99.861% #
(       3,       4 ]   168692   0.533% 100.395% 
(       4,       6 ]    59384   0.188% 100.582% 
(       6,      10 ]    37188   0.118% 100.700% 
(      10,      15 ]    10241   0.032% 100.732% 
(      15,      22 ]     5711   0.018% 100.751% 
(      22,      34 ]      571   0.002% 100.752% 
(      34,      51 ]      220   0.001% 100.753% 
(      51,      76 ]      638   0.002% 100.755% 
(      76,     110 ]      873   0.003% 100.758% 
(     110,     170 ]      289   0.001% 100.759% 
(     170,     250 ]      104   0.000% 100.759% 
(     250,     380 ]       16   0.000% 100.759% 
(     380,     580 ]        5   0.000% 100.759% 
(     580,     870 ]       11   0.000% 100.759% 
(    1300,    1900 ]        2   0.000% 100.759% 
(    1900,    2900 ]        5   0.000% 100.759% 
(    2900,    4400 ]        9   0.000% 100.759% 
(    4400,    6600 ]        1   0.000% 100.759% 
(   50000,   75000 ]        5   0.000% 100.759% 

** Level 2 read latency histogram (micros):
Count: 12029990 Average: 13.5561  StdDev: 3138.96
Min: 0  Median: 0.9269  Max: 5451179
Percentiles: P50: 0.93 P75: 1.53 P99: 2.93 P99.9: 3.62 P99.99: 3.73
------------------------------------------------------
[       0,       1 ]  6489538  53.945%  53.945% ###########
(       1,       2 ]  4823622  40.097%  94.041% ########
(       2,       3 ]   644774   5.360%  99.401% #
(       3,       4 ]    96772   0.804% 100.205% 
(       4,       6 ]    31681   0.263% 100.469% 
(       6,      10 ]    14633   0.122% 100.590% 
(      10,      15 ]     4028   0.033% 100.624% 
(      15,      22 ]     2046   0.017% 100.641% 
(      22,      34 ]      274   0.002% 100.643% 
(      34,      51 ]      437   0.004% 100.647% 
(      51,      76 ]     1235   0.010% 100.657% 
(      76,     110 ]      923   0.008% 100.665% 
(     110,     170 ]     1176   0.010% 100.675% 
(     170,     250 ]     1755   0.015% 100.689% 
(     250,     380 ]     2749   0.023% 100.712% 
(     380,     580 ]     3191   0.027% 100.739% 
(     580,     870 ]     2460   0.020% 100.759% 
(     870,    1300 ]     1384   0.012% 100.770% 
(    1300,    1900 ]     1248   0.010% 100.781% 
(    1900,    2900 ]      878   0.007% 100.788% 
(    2900,    4400 ]      491   0.004% 100.792% 
(    4400,    6600 ]      211   0.002% 100.794% 
(    6600,    9900 ]      109   0.001% 100.795% 
(    9900,   14000 ]       65   0.001% 100.795% 
(   14000,   22000 ]      127   0.001% 100.796% 
(   22000,   33000 ]      149   0.001% 100.798% 
(   33000,   50000 ]      176   0.001% 100.799% 
(   50000,   75000 ]      206   0.002% 100.801% 
(   75000,  110000 ]      158   0.001% 100.802% 
(  110000,  170000 ]      136   0.001% 100.803% 
(  170000,  250000 ]       63   0.001% 100.804% 
(  250000,  380000 ]       42   0.000% 100.804% 
(  380000,  570000 ]        6   0.000% 100.804% 
(  570000,  860000 ]        5   0.000% 100.804% 
(  860000, 1200000 ]        4   0.000% 100.804% 
( 1200000, 1900000 ]       11   0.000% 100.804% 
( 1900000, 2900000 ]        2   0.000% 100.804% 
( 2900000, 4300000 ]        1   0.000% 100.804% 
( 4300000, 6500000 ]        2   0.000% 100.804% 


** DB Stats **
Uptime(secs): 1043.9 total, 19.7 interval
Cumulative writes: 46M writes, 46M keys, 5948K commit groups, 7.7 writes per commit group, ingest: 44.88 GB, 44.02 MB/s
Cumulative WAL: 46M writes, 0 syncs, 46085261.00 writes per sync, written: 44.88 GB, 44.02 MB/s
Cumulative stall: 00:15:26.229 H:M:S, 88.7 percent
Interval writes: 376K writes, 376K keys, 49K commit groups, 7.7 writes per commit group, ingest: 375.35 MB, 19.07 MB/s
Interval WAL: 376K writes, 0 syncs, 376435.00 writes per sync, written: 0.37 GB, 19.07 MB/s
Interval stall: 00:00:19.762 H:M:S, 100.4 percent
Write Stall (count): write-buffer-manager-limit-stops: 0
num-running-compactions: 6
num-running-flushes: 1

2026/08/31-02:30:32  ... thread 3: (58000,2881000) ops and (1854.2,2760.0) ops/second in (31.279504,1043.855411) seconds
2026/08/31-02:30:32  ... thread 1: (58000,2880000) ops and (1855.4,2759.0) ops/second in (31.260216,1043.857256) seconds
2026/08/31-02:30:32  ... thread 9: (58000,2880000) ops and (1855.3,2759.0) ops/second in (31.261344,1043.860141) seconds
2026/08/31-02:30:32  ... thread 15: (58000,2879000) ops and (1855.3,2758.0) ops/second in (31.261778,1043.860543) seconds
2026/08/31-02:30:32  ... thread 2: (58000,2882000) ops and (1853.9,2760.9) ops/second in (31.285322,1043.860725) seconds
2026/08/31-02:30:32  ... thread 4: (58000,2880000) ops and (1855.0,2759.0) ops/second in (31.266420,1043.864024) seconds
2026/08/31-02:30:32  ... thread 12: (58000,2880000) ops and (1854.8,2759.0) ops/second in (31.270333,1043.867634) seconds
2026/08/31-02:30:32  ... thread 10: (58000,2881000) ops and (1854.6,2759.9) ops/second in (31.273097,1043.868458) seconds
2026/08/31-02:30:32  ... thread 11: (58000,2880000) ops and (1854.8,2759.0) ops/second in (31.270881,1043.869222) seconds
2026/08/31-02:31:02  ... thread 4: (153000,3033000) ops and (5098.3,2824.4) ops/second in (30.010032,1073.874056) seconds
2026/08/31-02:31:02  ... thread 10: (153000,3034000) ops and (5089.0,2825.1) ops/second in (30.065118,1073.933576) seconds
2026/08/31-02:31:03  ... thread 1: (153000,3033000) ops and (5050.2,2823.6) ops/second in (30.295576,1074.152832) seconds
2026/08/31-02:31:03  ... thread 8: (153000,3033000) ops and (5033.6,2823.4) ops/second in (30.395460,1074.237848) seconds
2026/08/31-02:31:03  ... thread 12: (153000,3033000) ops and (5028.9,2823.3) ops/second in (30.424346,1074.291980) seconds
2026/08/31-02:31:03  ... thread 13: (153000,3036000) ops and (5025.1,2826.0) ops/second in (30.446894,1074.297662) seconds
2026/08/31-02:31:03  ... thread 6: (154000,3034000) ops and (5010.5,2823.4) ops/second in (30.735364,1074.575244) seconds
2026/08/31-02:31:03  ... thread 2: (153000,3035000) ops and (4952.2,2823.9) ops/second in (30.895435,1074.756160) seconds
2026/08/31-02:31:03  ... thread 7: (153000,3034000) ops and (4927.9,2822.6) ops/second in (31.048000,1074.895711) seconds
2026/08/31-02:31:03  ... thread 0: (153000,3032000) ops and (4922.8,2820.6) ops/second in (31.079774,1074.933748) seconds

** Compaction Stats [default] **
Level    Files   Size     Score Read(GB)  Rn(GB) Rnp1(GB) Write(GB) WPreComp(GB) Wnew(GB) Moved(GB) W-Amp Rd(MB/s) Wr(MB/s) Comp(sec) CompMergeCPU(sec) Comp(cnt) Avg(sec) KeyIn KeyDrop Rblob(GB) Wblob(GB)
-------------------------------------------------------------------------------------------------------------------------------------------------------------------------------------------------------------
  L0     21/19     3.83 GB   0.5     41.8     0.0     41.8      89.4      89.4     47.6       0.0   1.9     18.2     39.0   2348.20            185.83       949    2.474     90M    40K       0.0       0.0
  L1     68/68     3.97 GB   0.0    133.5    43.8     89.8     131.5     131.5     41.8       0.0   3.0    271.6    267.5    503.57            408.21        30   16.786    135M  2046K       0.0       0.0
  L2    591/0     32.82 GB   0.8     86.5    29.8     56.7      81.5      81.5     24.8       8.0   2.7     18.4     17.4   4807.25            266.32       444   10.827     87M  5053K       0.0       0.0
 Sum    680/87    40.62 GB   0.0    261.8    73.6    188.2     302.4     302.4    114.2       8.0   6.3     35.0     40.4   7659.01            860.36      1423    5.382    314M  7140K       0.0       0.0
 Int      0/0      0.00 KB   0.0      7.9     1.1      6.8      10.5      10.5      3.6       0.0   3.7     19.0     25.1    428.54             30.68        75    5.714     10M   315K       0.0       0.0

** Compaction Stats [default] **
Priority    Files   Size     Score Read(GB)  Rn(GB) Rnp1(GB) Write(GB) WPreComp(GB) Wnew(GB) Moved(GB) W-Amp Rd(MB/s) Wr(MB/s) Comp(sec) CompMergeCPU(sec) Comp(cnt) Avg(sec) KeyIn KeyDrop Rblob(GB) Wblob(GB)
----------------------------------------------------------------------------------------------------------------------------------------------------------------------------------------------------------------
 Low      0/0      0.00 KB   0.0    261.8    73.6    188.2     254.7     254.7     66.6       0.0   0.0     43.8     42.6   6121.68            779.15       640    9.565    266M  7140K       0.0       0.0
High      0/0      0.00 KB   0.0      0.0     0.0      0.0      47.7      47.7     47.7       0.0   0.0      0.0     31.7   1537.33             81.20       783    1.963     48M      0       0.0       0.0

Blob file count: 0, total size: 0.0 GB, garbage size: 0.0 GB, space amp: 0.0

Uptime(secs): 1075.0 total, 50.9 interval
Flush(GB): cumulative 47.659, interval 2.862
AddFile(GB): cumulative 0.000, interval 0.000
AddFile(Total Files): cumulative 0, interval 0
AddFile(L0 Files): cumulative 0, interval 0
AddFile(Keys): cumulative 0, interval 0
Cumulative compaction: 302.39 GB write, 288.04 MB/s write, 261.77 GB read, 249.34 MB/s read, 7659.0 seconds
Interval compaction: 10.49 GB write, 211.14 MB/s write, 7.93 GB read, 159.77 MB/s read, 428.5 seconds
Estimated pending compaction bytes: 29624850537
Write Stall (count): cf-l0-file-count-limit-delays-with-ongoing-compaction: 36, cf-l0-file-count-limit-stops-with-ongoing-compaction: 0, l0-file-count-limit-delays: 36, l0-file-count-limit-stops: 0, memtable-limit-delays: 0, memtable-limit-stops: 652, pending-compaction-bytes-delays: 0, pending-compaction-bytes-stops: 0, total-delays: 36, total-stops: 652
interval: 36 total count
Block cache AutoHyperClockCache@0x5711ef9dd2d0#2018912 capacity: 512.00 MB seed: 591891029 usage: 11.21 MB table_size: 4996 occupancy: 2662 collections: 6 last_copies: 2 last_secs: 0.000413 secs_since: 170
Block cache entry stats(count,size,portion): Misc(2662,10.91 MB,2.13%)

** File Read Latency Histogram By Level [default] **
** Level 0 read latency histogram (micros):
Count: 22189344 Average: 3.3736  StdDev: 1703.35
Min: 0  Median: 0.9110  Max: 4154556
Percentiles: P50: 0.91 P75: 1.52 P99: 2.97 P99.9: 4.41 P99.99: 5.20
------------------------------------------------------
[       0,       1 ] 12178740  54.886%  54.886% ###########
(       1,       2 ]  8539864  38.486%  93.372% ########
(       2,       3 ]  1291169   5.819%  99.191% #
(       3,       4 ]   146839   0.662%  99.852% 
(       4,       6 ]    50963   0.230% 100.082% 
(       6,      10 ]    24256   0.109% 100.191% 
(      10,      15 ]     8333   0.038% 100.229% 
(      15,      22 ]     4854   0.022% 100.251% 
(      22,      34 ]      363   0.002% 100.253% 
(      34,      51 ]       62   0.000% 100.253% 
(      51,      76 ]      284   0.001% 100.254% 
(      76,     110 ]      557   0.003% 100.257% 
(     110,     170 ]       24   0.000% 100.257% 
(     170,     250 ]        9   0.000% 100.257% 
(     250,     380 ]       18   0.000% 100.257% 
(     380,     580 ]        6   0.000% 100.257% 
(     580,     870 ]       38   0.000% 100.257% 
(     870,    1300 ]       80   0.000% 100.257% 
(    1300,    1900 ]       55   0.000% 100.258% 
(    1900,    2900 ]        9   0.000% 100.258% 
(    2900,    4400 ]        3   0.000% 100.258% 
(    4400,    6600 ]        6   0.000% 100.258% 
(    6600,    9900 ]        4   0.000% 100.258% 
(    9900,   14000 ]        7   0.000% 100.258% 
(   14000,   22000 ]       13   0.000% 100.258% 
(   22000,   33000 ]       23   0.000% 100.258% 
(   33000,   50000 ]       14   0.000% 100.258% 
(   50000,   75000 ]       52   0.000% 100.258% 
(   75000,  110000 ]       35   0.000% 100.258% 
(  110000,  170000 ]       18   0.000% 100.258% 
(  170000,  250000 ]        8   0.000% 100.259% 
(  250000,  380000 ]        7   0.000% 100.259% 
(  380000,  570000 ]        1   0.000% 100.259% 
(  570000,  860000 ]        2   0.000% 100.259% 
( 1200000, 1900000 ]        8   0.000% 100.259% 
( 1900000, 2900000 ]        2   0.000% 100.259% 
( 2900000, 4300000 ]        2   0.000% 100.259% 

** Level 1 read latency histogram (micros):
Count: 32234402 Average: 1.5048  StdDev: 27.48
Min: 0  Median: 0.8543  Max: 70080
Percentiles: P50: 0.85 P75: 1.45 P99: 2.80 P99.9: 3.08 P99.99: 3.25
------------------------------------------------------
[       0,       1 ] 18866409  58.529%  58.529% ############
(       1,       2 ] 11931063  37.013%  95.542% #######
(       2,       3 ]  1390476   4.314%  99.856% #
(       3,       4 ]   172088   0.534% 100.390% 
(       4,       6 ]    60318   0.187% 100.577% 
(       6,      10 ]    37834   0.117% 100.694% 
(      10,      15 ]    10442   0.032% 100.727% 
(      15,      22 ]     5838   0.018% 100.745% 
(      22,      34 ]      581   0.002% 100.747% 
(      34,      51 ]      222   0.001% 100.747% 
(      51,      76 ]      639   0.002% 100.749% 
(      76,     110 ]      873   0.003% 100.752% 
(     110,     170 ]      289   0.001% 100.753% 
(     170,     250 ]      104   0.000% 100.753% 
(     250,     380 ]       16   0.000% 100.753% 
(     380,     580 ]        5   0.000% 100.753% 
(     580,     870 ]       11   0.000% 100.753% 
(    1300,    1900 ]        2   0.000% 100.753% 
(    1900,    2900 ]        5   0.000% 100.753% 
(    2900,    4400 ]        9   0.000% 100.753% 
(    4400,    6600 ]        1   0.000% 100.753% 
(   50000,   75000 ]        5   0.000% 100.753% 

** Level 2 read latency histogram (micros):
Count: 12086039 Average: 13.6010  StdDev: 3131.89
Min: 0  Median: 0.9272  Max: 5451179
Percentiles: P50: 0.93 P75: 1.53 P99: 2.93 P99.9: 3.65 P99.99: 3.76
------------------------------------------------------
[       0,       1 ]  6517554  53.926%  53.926% ###########
(       1,       2 ]  4844936  40.087%  94.013% ########
(       2,       3 ]   648057   5.362%  99.375% #
(       3,       4 ]    97385   0.806% 100.181% 
(       4,       6 ]    31779   0.263% 100.444% 
(       6,      10 ]    14696   0.122% 100.566% 
(      10,      15 ]     4065   0.034% 100.599% 
(      15,      22 ]     2059   0.017% 100.616% 
(      22,      34 ]      275   0.002% 100.619% 
(      34,      51 ]      741   0.006% 100.625% 
(      51,      76 ]     1575   0.013% 100.638% 
(      76,     110 ]     1070   0.009% 100.647% 
(     110,     170 ]     1601   0.013% 100.660% 
(     170,     250 ]     2353   0.019% 100.679% 
(     250,     380 ]     2951   0.024% 100.704% 
(     380,     580 ]     3390   0.028% 100.732% 
(     580,     870 ]     2573   0.021% 100.753% 
(     870,    1300 ]     1492   0.012% 100.765% 
(    1300,    1900 ]     1331   0.011% 100.776% 
(    1900,    2900 ]      962   0.008% 100.784% 
(    2900,    4400 ]      519   0.004% 100.789% 
(    4400,    6600 ]      222   0.002% 100.791% 
(    6600,    9900 ]      113   0.001% 100.791% 
(    9900,   14000 ]       65   0.001% 100.792% 
(   14000,   22000 ]      128   0.001% 100.793% 
(   22000,   33000 ]      149   0.001% 100.794% 
(   33000,   50000 ]      176   0.001% 100.796% 
(   50000,   75000 ]      206   0.002% 100.797% 
(   75000,  110000 ]      158   0.001% 100.799% 
(  110000,  170000 ]      137   0.001% 100.800% 
(  170000,  250000 ]       63   0.001% 100.800% 
(  250000,  380000 ]       42   0.000% 100.801% 
(  380000,  570000 ]        6   0.000% 100.801% 
(  570000,  860000 ]        5   0.000% 100.801% 
(  860000, 1200000 ]        4   0.000% 100.801% 
( 1200000, 1900000 ]       11   0.000% 100.801% 
( 1900000, 2900000 ]        2   0.000% 100.801% 
( 2900000, 4300000 ]        1   0.000% 100.801% 
( 4300000, 6500000 ]        2   0.000% 100.801% 


** DB Stats **
Uptime(secs): 1075.0 total, 31.2 interval
Cumulative writes: 48M writes, 48M keys, 6266K commit groups, 7.7 writes per commit group, ingest: 47.27 GB, 45.02 MB/s
Cumulative WAL: 48M writes, 0 syncs, 48540878.00 writes per sync, written: 47.27 GB, 45.02 MB/s
Cumulative stall: 00:15:52.882 H:M:S, 88.6 percent
Interval writes: 2455K writes, 2455K keys, 318K commit groups, 7.7 writes per commit group, ingest: 2448.54 MB, 78.56 MB/s
Interval WAL: 2455K writes, 0 syncs, 2455617.00 writes per sync, written: 2.39 GB, 78.56 MB/s
Interval stall: 00:00:26.653 H:M:S, 85.5 percent
Write Stall (count): write-buffer-manager-limit-stops: 0
num-running-compactions: 2
num-running-flushes: 1

2026/08/31-02:31:04  ... thread 5: (154000,3033000) ops and (4897.9,2820.6) ops/second in (31.442356,1075.286811) seconds
2026/08/31-02:31:04  ... thread 14: (154000,3035000) ops and (4895.7,2822.5) ops/second in (31.456013,1075.300643) seconds
2026/08/31-02:31:04  ... thread 9: (153000,3033000) ops and (4855.6,2820.4) ops/second in (31.509799,1075.369940) seconds
2026/08/31-02:31:04  ... thread 11: (153000,3033000) ops and (4822.3,2819.8) ops/second in (31.727647,1075.596869) seconds
2026/08/31-02:31:04  ... thread 15: (154000,3033000) ops and (4833.6,2819.5) ops/second in (31.860266,1075.720809) seconds
2026/08/31-02:31:04  ... thread 3: (154000,3035000) ops and (4825.9,2821.2) ops/second in (31.910998,1075.766409) seconds
2026/08/31-02:31:38  ... thread 13: (52000,3088000) ops and (1456.9,2782.0) ops/second in (35.691668,1109.989330) seconds
2026/08/31-02:31:38  ... thread 1: (52000,3085000) ops and (1451.0,2779.3) ops/second in (35.837252,1109.990084) seconds
2026/08/31-02:31:38  ... thread 10: (52000,3086000) ops and (1442.2,2780.2) ops/second in (36.057002,1109.990578) seconds
2026/08/31-02:31:38  ... thread 3: (51000,3086000) ops and (1490.1,2780.2) ops/second in (34.225120,1109.991529) seconds
2026/08/31-02:31:38  ... thread 11: (51000,3084000) ops and (1482.8,2778.4) ops/second in (34.394874,1109.991743) seconds
2026/08/31-02:31:38  ... thread 15: (51000,3084000) ops and (1488.1,2778.4) ops/second in (34.272328,1109.993137) seconds
2026/08/31-02:31:38  ... thread 9: (51000,3084000) ops and (1472.9,2778.4) ops/second in (34.624593,1109.994533) seconds
2026/08/31-02:31:38  ... thread 12: (52000,3085000) ops and (1456.0,2779.3) ops/second in (35.713575,1110.005555) seconds
2026/08/31-02:31:38  ... thread 8: (52000,3085000) ops and (1453.7,2779.3) ops/second in (35.770749,1110.008597) seconds
2026/08/31-02:31:38  ... thread 4: (52000,3085000) ops and (1439.0,2779.3) ops/second in (36.135924,1110.009980) seconds
2026/08/31-02:31:38  ... thread 5: (52000,3085000) ops and (1497.5,2779.3) ops/second in (34.723499,1110.010310) seconds
2026/08/31-02:31:38  ... thread 2: (52000,3087000) ops and (1475.0,2781.1) ops/second in (35.254553,1110.010713) seconds
2026/08/31-02:31:38  ... thread 0: (52000,3084000) ops and (1482.4,2778.3) ops/second in (35.078005,1110.011753) seconds
2026/08/31-02:31:38  ... thread 7: (52000,3086000) ops and (1480.7,2780.1) ops/second in (35.118788,1110.014499) seconds
2026/08/31-02:31:38  ... thread 6: (52000,3086000) ops and (1467.2,2780.1) ops/second in (35.440551,1110.015795) seconds
2026/08/31-02:31:38  ... thread 14: (52000,3087000) ops and (1497.9,2781.0) ops/second in (34.715001,1110.015644) seconds

** Compaction Stats [default] **
Level    Files   Size     Score Read(GB)  Rn(GB) Rnp1(GB) Write(GB) WPreComp(GB) Wnew(GB) Moved(GB) W-Amp Rd(MB/s) Wr(MB/s) Comp(sec) CompMergeCPU(sec) Comp(cnt) Avg(sec) KeyIn KeyDrop Rblob(GB) Wblob(GB)
-------------------------------------------------------------------------------------------------------------------------------------------------------------------------------------------------------------
  L0      8/4      1.15 GB   1.0     42.6     0.0     42.6      91.0      91.0     48.4       0.0   1.9     18.2     38.9   2398.42            189.57       965    2.485     92M    41K       0.0       0.0
  L1    112/18     6.43 GB   1.4    141.0    47.3     93.7     138.8     138.8     45.0       0.0   2.9    270.8    266.5    533.11            430.82        31   17.197    143M  2236K       0.0       0.0
  L2    602/56    33.40 GB   0.8     89.6    30.7     58.9      84.4      84.4     25.5       8.0   2.8     18.3     17.2   5024.68            282.89       460   10.923     91M  5311K       0.0       0.0
 Sum    722/78    40.99 GB   0.0    273.2    77.9    195.3     314.2     314.2    118.9       8.0   6.5     35.2     40.4   7956.22            903.28      1456    5.464    327M  7589K       0.0       0.0
 Int      0/0      0.00 KB   0.0     11.2     4.3      6.9      11.6      11.6      4.7       0.0  14.7     40.0     41.2    287.20             42.24        32    8.975     12M   449K       0.0       0.0

** Compaction Stats [default] **
Priority    Files   Size     Score Read(GB)  Rn(GB) Rnp1(GB) Write(GB) WPreComp(GB) Wnew(GB) Moved(GB) W-Amp Rd(MB/s) Wr(MB/s) Comp(sec) CompMergeCPU(sec) Comp(cnt) Avg(sec) KeyIn KeyDrop Rblob(GB) Wblob(GB)
----------------------------------------------------------------------------------------------------------------------------------------------------------------------------------------------------------------
 Low      0/0      0.00 KB   0.0    273.2    77.9    195.3     265.7     265.7     70.5       0.0   0.0     43.8     42.6   6383.76            820.61       660    9.672    278M  7589K       0.0       0.0
High      0/0      0.00 KB   0.0      0.0     0.0      0.0      48.4      48.4     48.4       0.0   0.0      0.0     31.5   1572.46             82.67       796    1.975     49M      0       0.0       0.0

Blob file count: 0, total size: 0.0 GB, garbage size: 0.0 GB, space amp: 0.0

Uptime(secs): 1110.0 total, 25.8 interval
Flush(GB): cumulative 48.447, interval 0.788
AddFile(GB): cumulative 0.000, interval 0.000
AddFile(Total Files): cumulative 0, interval 0
AddFile(L0 Files): cumulative 0, interval 0
AddFile(Keys): cumulative 0, interval 0
Cumulative compaction: 314.19 GB write, 289.84 MB/s write, 273.22 GB read, 252.05 MB/s read, 7956.2 seconds
Interval compaction: 11.56 GB write, 458.07 MB/s write, 11.21 GB read, 444.39 MB/s read, 287.2 seconds
Estimated pending compaction bytes: 28948050187
Write Stall (count): cf-l0-file-count-limit-delays-with-ongoing-compaction: 38, cf-l0-file-count-limit-stops-with-ongoing-compaction: 0, l0-file-count-limit-delays: 38, l0-file-count-limit-stops: 0, memtable-limit-delays: 0, memtable-limit-stops: 665, pending-compaction-bytes-delays: 0, pending-compaction-bytes-stops: 0, total-delays: 38, total-stops: 665
interval: 14 total count
Block cache AutoHyperClockCache@0x5711ef9dd2d0#2018912 capacity: 512.00 MB seed: 591891029 usage: 13.12 MB table_size: 5625 occupancy: 3119 collections: 7 last_copies: 0 last_secs: 0.000441 secs_since: 25
Block cache entry stats(count,size,portion): Misc(3119,12.78 MB,2.49611%)

** File Read Latency Histogram By Level [default] **
** Level 0 read latency histogram (micros):
Count: 22769124 Average: 3.3423  StdDev: 1681.91
Min: 0  Median: 0.9112  Max: 4154556
Percentiles: P50: 0.91 P75: 1.52 P99: 2.97 P99.9: 4.47 P99.99: 5.24
------------------------------------------------------
[       0,       1 ] 12493970  54.872%  54.872% ###########
(       1,       2 ]  8761666  38.480%  93.353% ########
(       2,       3 ]  1324477   5.817%  99.170% #
(       3,       4 ]   153585   0.675%  99.844% 
(       4,       6 ]    53345   0.234% 100.079% 
(       6,      10 ]    25048   0.110% 100.189% 
(      10,      15 ]     8799   0.039% 100.227% 
(      15,      22 ]     5160   0.023% 100.250% 
(      22,      34 ]      380   0.002% 100.252% 
(      34,      51 ]       65   0.000% 100.252% 
(      51,      76 ]      290   0.001% 100.253% 
(      76,     110 ]      568   0.002% 100.256% 
(     110,     170 ]       25   0.000% 100.256% 
(     170,     250 ]        9   0.000% 100.256% 
(     250,     380 ]       18   0.000% 100.256% 
(     380,     580 ]        6   0.000% 100.256% 
(     580,     870 ]       38   0.000% 100.256% 
(     870,    1300 ]       82   0.000% 100.257% 
(    1300,    1900 ]       56   0.000% 100.257% 
(    1900,    2900 ]        9   0.000% 100.257% 
(    2900,    4400 ]        3   0.000% 100.257% 
(    4400,    6600 ]        6   0.000% 100.257% 
(    6600,    9900 ]        4   0.000% 100.257% 
(    9900,   14000 ]        7   0.000% 100.257% 
(   14000,   22000 ]       13   0.000% 100.257% 
(   22000,   33000 ]       23   0.000% 100.257% 
(   33000,   50000 ]       14   0.000% 100.257% 
(   50000,   75000 ]       54   0.000% 100.257% 
(   75000,  110000 ]       36   0.000% 100.258% 
(  110000,  170000 ]       19   0.000% 100.258% 
(  170000,  250000 ]        8   0.000% 100.258% 
(  250000,  380000 ]        7   0.000% 100.258% 
(  380000,  570000 ]        1   0.000% 100.258% 
(  570000,  860000 ]        2   0.000% 100.258% 
( 1200000, 1900000 ]        8   0.000% 100.258% 
( 1900000, 2900000 ]        2   0.000% 100.258% 
( 2900000, 4300000 ]        2   0.000% 100.258% 

** Level 1 read latency histogram (micros):
Count: 32985552 Average: 1.5125  StdDev: 27.17
Min: 0  Median: 0.8584  Max: 70080
Percentiles: P50: 0.86 P75: 1.45 P99: 2.83 P99.9: 3.24 P99.99: 3.40
------------------------------------------------------
[       0,       1 ] 19212581  58.245%  58.245% ############
(       1,       2 ] 12192362  36.963%  95.208% #######
(       2,       3 ]  1500345   4.548%  99.757% #
(       3,       4 ]   193913   0.588% 100.345% 
(       4,       6 ]    69651   0.211% 100.556% 
(       6,      10 ]    40979   0.124% 100.680% 
(      10,      15 ]    11297   0.034% 100.714% 
(      15,      22 ]     6518   0.020% 100.734% 
(      22,      34 ]      631   0.002% 100.736% 
(      34,      51 ]      237   0.001% 100.737% 
(      51,      76 ]      690   0.002% 100.739% 
(      76,     110 ]      926   0.003% 100.741% 
(     110,     170 ]      301   0.001% 100.742% 
(     170,     250 ]      104   0.000% 100.743% 
(     250,     380 ]       16   0.000% 100.743% 
(     380,     580 ]        5   0.000% 100.743% 
(     580,     870 ]       11   0.000% 100.743% 
(    1300,    1900 ]        2   0.000% 100.743% 
(    1900,    2900 ]        5   0.000% 100.743% 
(    2900,    4400 ]        9   0.000% 100.743% 
(    4400,    6600 ]        1   0.000% 100.743% 
(   50000,   75000 ]        5   0.000% 100.743% 

** Level 2 read latency histogram (micros):
Count: 13029492 Average: 26.9997  StdDev: 3423.17
Min: 0  Median: 0.9529  Max: 5451179
Percentiles: P50: 0.95 P75: 1.56 P99: 3.25 P99.9: 4.95 P99.99: 5.51
------------------------------------------------------
[       0,       1 ]  6836678  52.471%  52.471% ##########
(       1,       2 ]  5238122  40.202%  92.673% ########
(       2,       3 ]   791871   6.078%  98.750% #
(       3,       4 ]   129942   0.997%  99.748% 
(       4,       6 ]    41886   0.321% 100.069% 
(       6,      10 ]    16496   0.127% 100.196% 
(      10,      15 ]     5096   0.039% 100.235% 
(      15,      22 ]     2704   0.021% 100.256% 
(      22,      34 ]      351   0.003% 100.258% 
(      34,      51 ]     1291   0.010% 100.268% 
(      51,      76 ]     3063   0.024% 100.292% 
(      76,     110 ]     1948   0.015% 100.307% 
(     110,     170 ]     5843   0.045% 100.352% 
(     170,     250 ]     7611   0.058% 100.410% 
(     250,     380 ]     9340   0.072% 100.482% 
(     380,     580 ]    10418   0.080% 100.562% 
(     580,     870 ]     8793   0.067% 100.629% 
(     870,    1300 ]     5787   0.044% 100.673% 
(    1300,    1900 ]     5197   0.040% 100.713% 
(    1900,    2900 ]     4082   0.031% 100.745% 
(    2900,    4400 ]     2345   0.018% 100.763% 
(    4400,    6600 ]     1103   0.008% 100.771% 
(    6600,    9900 ]      480   0.004% 100.775% 
(    9900,   14000 ]      279   0.002% 100.777% 
(   14000,   22000 ]      341   0.003% 100.780% 
(   22000,   33000 ]      318   0.002% 100.782% 
(   33000,   50000 ]      361   0.003% 100.785% 
(   50000,   75000 ]      418   0.003% 100.788% 
(   75000,  110000 ]      393   0.003% 100.791% 
(  110000,  170000 ]      365   0.003% 100.794% 
(  170000,  250000 ]      194   0.001% 100.795% 
(  250000,  380000 ]      130   0.001% 100.796% 
(  380000,  570000 ]        8   0.000% 100.796% 
(  570000,  860000 ]        5   0.000% 100.796% 
(  860000, 1200000 ]        4   0.000% 100.796% 
( 1200000, 1900000 ]       11   0.000% 100.797% 
( 1900000, 2900000 ]        3   0.000% 100.797% 
( 2900000, 4300000 ]        2   0.000% 100.797% 
( 4300000, 6500000 ]        2   0.000% 100.797% 


** DB Stats **
Uptime(secs): 1110.0 total, 25.8 interval
Cumulative writes: 49M writes, 49M keys, 6378K commit groups, 7.7 writes per commit group, ingest: 48.08 GB, 44.35 MB/s
Cumulative WAL: 49M writes, 0 syncs, 49374133.00 writes per sync, written: 48.08 GB, 44.35 MB/s
Cumulative stall: 00:16:20.118 H:M:S, 88.3 percent
Interval writes: 783K writes, 783K keys, 102K commit groups, 7.6 writes per commit group, ingest: 780.83 MB, 30.21 MB/s
Interval WAL: 783K writes, 0 syncs, 783073.00 writes per sync, written: 0.76 GB, 30.21 MB/s
Interval stall: 00:00:23.608 H:M:S, 91.4 percent
Write Stall (count): write-buffer-manager-limit-stops: 0
num-running-compactions: 18
num-running-flushes: 1

2026/08/31-02:32:09  ... thread 5: (170000,3255000) ops and (5639.2,2854.9) ops/second in (30.146380,1140.156690) seconds
2026/08/31-02:32:09  ... thread 10: (171000,3257000) ops and (5668.5,2856.6) ops/second in (30.166713,1140.157291) seconds
2026/08/31-02:32:09  ... thread 11: (171000,3255000) ops and (5668.0,2854.9) ops/second in (30.169322,1140.161065) seconds
2026/08/31-02:32:09  ... thread 12: (170000,3255000) ops and (5636.8,2854.9) ops/second in (30.158874,1140.164429) seconds
2026/08/31-02:32:09  ... thread 13: (171000,3259000) ops and (5666.5,2858.4) ops/second in (30.177167,1140.166497) seconds
2026/08/31-02:32:09  ... thread 1: (171000,3256000) ops and (5666.0,2855.7) ops/second in (30.179993,1140.170077) seconds
2026/08/31-02:32:09  ... thread 14: (170000,3257000) ops and (5636.6,2856.6) ops/second in (30.160191,1140.175835) seconds
2026/08/31-02:32:09  ... thread 3: (171000,3257000) ops and (5665.0,2856.6) ops/second in (30.185145,1140.176674) seconds
2026/08/31-02:32:09  ... thread 15: (171000,3255000) ops and (5665.3,2854.8) ops/second in (30.183966,1140.177103) seconds
2026/08/31-02:32:09  ... thread 7: (170000,3256000) ops and (5636.1,2855.7) ops/second in (30.162650,1140.177149) seconds
2026/08/31-02:32:09  ... thread 8: (170000,3255000) ops and (5635.0,2854.8) ops/second in (30.168582,1140.177179) seconds
2026/08/31-02:32:09  ... thread 6: (170000,3256000) ops and (5635.7,2855.7) ops/second in (30.164910,1140.180705) seconds
2026/08/31-02:32:09  ... thread 9: (171000,3255000) ops and (5664.6,2854.8) ops/second in (30.187437,1140.181970) seconds
2026/08/31-02:32:09  ... thread 0: (171000,3255000) ops and (5667.6,2854.8) ops/second in (30.171570,1140.183323) seconds

** Compaction Stats [default] **
Level    Files   Size     Score Read(GB)  Rn(GB) Rnp1(GB) Write(GB) WPreComp(GB) Wnew(GB) Moved(GB) W-Amp Rd(MB/s) Wr(MB/s) Comp(sec) CompMergeCPU(sec) Comp(cnt) Avg(sec) KeyIn KeyDrop Rblob(GB) Wblob(GB)
-------------------------------------------------------------------------------------------------------------------------------------------------------------------------------------------------------------
  L0     18/4      3.89 GB   3.5     45.4     0.0     45.4      96.5      96.5     51.1       0.0   1.9     18.7     39.7   2492.67            201.37      1021    2.441     98M    44K       0.0       0.0
  L1     84/0      4.94 GB   1.2    141.0    47.3     93.7     138.8     138.8     45.0       0.0   2.9    270.8    266.5    533.11            430.82        31   17.197    143M  2236K       0.0       0.0
  L2    624/0     34.44 GB   0.9     95.7    32.1     63.6      90.0      90.0     26.5       8.0   2.8     18.0     16.9   5451.03            310.52       486   11.216     97M  5753K       0.0       0.0
 Sum    726/4     43.27 GB   0.0    282.1    79.4    202.7     325.3     325.3    122.6       8.0   6.4     34.1     39.3   8476.81            942.71      1538    5.512    339M  8034K       0.0       0.0
 Int      0/0      0.00 KB   0.0     20.1     5.8     14.3      22.7      22.7      8.4       0.0   6.4     25.4     28.8    807.79             81.67       114    7.086     24M   893K       0.0       0.0

** Compaction Stats [default] **
Priority    Files   Size     Score Read(GB)  Rn(GB) Rnp1(GB) Write(GB) WPreComp(GB) Wnew(GB) Moved(GB) W-Amp Rd(MB/s) Wr(MB/s) Comp(sec) CompMergeCPU(sec) Comp(cnt) Avg(sec) KeyIn KeyDrop Rblob(GB) Wblob(GB)
----------------------------------------------------------------------------------------------------------------------------------------------------------------------------------------------------------------
 Low      0/0      0.00 KB   0.0    282.1    79.4    202.7     274.2     274.2     71.5       0.0   0.0     42.2     41.0   6846.26            855.30       697    9.822    287M  8034K       0.0       0.0
High      0/0      0.00 KB   0.0      0.0     0.0      0.0      51.2      51.2     51.2       0.0   0.0      0.0     32.1   1630.56             87.41       841    1.939     52M      0       0.0       0.0

Blob file count: 0, total size: 0.0 GB, garbage size: 0.0 GB, space amp: 0.0

Uptime(secs): 1140.2 total, 56.0 interval
Flush(GB): cumulative 51.188, interval 3.529
AddFile(GB): cumulative 0.000, interval 0.000
AddFile(Total Files): cumulative 0, interval 0
AddFile(L0 Files): cumulative 0, interval 0
AddFile(Keys): cumulative 0, interval 0
Cumulative compaction: 325.35 GB write, 292.19 MB/s write, 282.07 GB read, 253.33 MB/s read, 8476.8 seconds
Interval compaction: 22.71 GB write, 415.29 MB/s write, 20.06 GB read, 366.84 MB/s read, 807.8 seconds
Estimated pending compaction bytes: 34892062897
Write Stall (count): cf-l0-file-count-limit-delays-with-ongoing-compaction: 41, cf-l0-file-count-limit-stops-with-ongoing-compaction: 0, l0-file-count-limit-delays: 41, l0-file-count-limit-stops: 0, memtable-limit-delays: 0, memtable-limit-stops: 699, pending-compaction-bytes-delays: 0, pending-compaction-bytes-stops: 0, total-delays: 41, total-stops: 699
interval: 51 total count
Block cache AutoHyperClockCache@0x5711ef9dd2d0#2018912 capacity: 512.00 MB seed: 591891029 usage: 13.12 MB table_size: 5625 occupancy: 3119 collections: 7 last_copies: 0 last_secs: 0.000441 secs_since: 56
Block cache entry stats(count,size,portion): Misc(3119,12.78 MB,2.49611%)

** File Read Latency Histogram By Level [default] **
** Level 0 read latency histogram (micros):
Count: 23421306 Average: 3.2953  StdDev: 1658.43
Min: 0  Median: 0.9061  Max: 4154556
Percentiles: P50: 0.91 P75: 1.52 P99: 2.97 P99.9: 4.50 P99.99: 5.28
------------------------------------------------------
[       0,       1 ] 12923950  55.180%  55.180% ###########
(       1,       2 ]  8967189  38.286%  93.467% ########
(       2,       3 ]  1336838   5.708%  99.175% #
(       3,       4 ]   156176   0.667%  99.841% 
(       4,       6 ]    54390   0.232% 100.074% 
(       6,      10 ]    25416   0.109% 100.182% 
(      10,      15 ]     8942   0.038% 100.220% 
(      15,      22 ]     5264   0.022% 100.243% 
(      22,      34 ]      384   0.002% 100.244% 
(      34,      51 ]       69   0.000% 100.245% 
(      51,      76 ]      303   0.001% 100.246% 
(      76,     110 ]      600   0.003% 100.249% 
(     110,     170 ]       26   0.000% 100.249% 
(     170,     250 ]       12   0.000% 100.249% 
(     250,     380 ]       25   0.000% 100.249% 
(     380,     580 ]        7   0.000% 100.249% 
(     580,     870 ]       40   0.000% 100.249% 
(     870,    1300 ]       82   0.000% 100.249% 
(    1300,    1900 ]       57   0.000% 100.250% 
(    1900,    2900 ]        9   0.000% 100.250% 
(    2900,    4400 ]        3   0.000% 100.250% 
(    4400,    6600 ]        6   0.000% 100.250% 
(    6600,    9900 ]        5   0.000% 100.250% 
(    9900,   14000 ]        7   0.000% 100.250% 
(   14000,   22000 ]       13   0.000% 100.250% 
(   22000,   33000 ]       25   0.000% 100.250% 
(   33000,   50000 ]       14   0.000% 100.250% 
(   50000,   75000 ]       56   0.000% 100.250% 
(   75000,  110000 ]       36   0.000% 100.250% 
(  110000,  170000 ]       19   0.000% 100.250% 
(  170000,  250000 ]        8   0.000% 100.250% 
(  250000,  380000 ]        7   0.000% 100.251% 
(  380000,  570000 ]        1   0.000% 100.251% 
(  570000,  860000 ]        2   0.000% 100.251% 
( 1200000, 1900000 ]        8   0.000% 100.251% 
( 1900000, 2900000 ]        2   0.000% 100.251% 
( 2900000, 4300000 ]        2   0.000% 100.251% 

** Level 1 read latency histogram (micros):
Count: 33227466 Average: 1.5171  StdDev: 27.07
Min: 0  Median: 0.8616  Max: 70080
Percentiles: P50: 0.86 P75: 1.46 P99: 2.85 P99.9: 3.31 P99.99: 3.46
------------------------------------------------------
[       0,       1 ] 19281618  58.029%  58.029% ############
(       1,       2 ] 12298148  37.012%  95.041% #######
(       2,       3 ]  1550925   4.668%  99.709% #
(       3,       4 ]   204161   0.614% 100.323% 
(       4,       6 ]    74089   0.223% 100.546% 
(       6,      10 ]    42635   0.128% 100.674% 
(      10,      15 ]    11626   0.035% 100.709% 
(      15,      22 ]     6804   0.020% 100.730% 
(      22,      34 ]      661   0.002% 100.732% 
(      34,      51 ]      240   0.001% 100.733% 
(      51,      76 ]      691   0.002% 100.735% 
(      76,     110 ]      928   0.003% 100.738% 
(     110,     170 ]      302   0.001% 100.738% 
(     170,     250 ]      105   0.000% 100.739% 
(     250,     380 ]       16   0.000% 100.739% 
(     380,     580 ]        5   0.000% 100.739% 
(     580,     870 ]       11   0.000% 100.739% 
(    1300,    1900 ]        2   0.000% 100.739% 
(    1900,    2900 ]        5   0.000% 100.739% 
(    2900,    4400 ]        9   0.000% 100.739% 
(    4400,    6600 ]        1   0.000% 100.739% 
(   50000,   75000 ]        5   0.000% 100.739% 

** Level 2 read latency histogram (micros):
Count: 13819334 Average: 33.9368  StdDev: 3578.91
Min: 0  Median: 0.9699  Max: 5451179
Percentiles: P50: 0.97 P75: 1.58 P99: 3.60 P99.9: 9.56 P99.99: 40.76
------------------------------------------------------
[       0,       1 ]  7123846  51.550%  51.550% ##########
(       1,       2 ]  5573738  40.333%  91.883% ########
(       2,       3 ]   892246   6.457%  98.339% #
(       3,       4 ]   151070   1.093%  99.432% 
(       4,       6 ]    48563   0.351%  99.784% 
(       6,      10 ]    18037   0.131%  99.914% 
(      10,      15 ]     5852   0.042%  99.957% 
(      15,      22 ]     3213   0.023%  99.980% 
(      22,      34 ]      427   0.003%  99.983% 
(      34,      51 ]     2414   0.017% 100.001% 
(      51,      76 ]     4856   0.035% 100.036% 
(      76,     110 ]     3051   0.022% 100.058% 
(     110,     170 ]     9954   0.072% 100.130% 
(     170,     250 ]    12766   0.092% 100.222% 
(     250,     380 ]    14568   0.105% 100.328% 
(     380,     580 ]    15805   0.114% 100.442% 
(     580,     870 ]    13807   0.100% 100.542% 
(     870,    1300 ]     9216   0.067% 100.609% 
(    1300,    1900 ]     8065   0.058% 100.667% 
(    1900,    2900 ]     6486   0.047% 100.714% 
(    2900,    4400 ]     3745   0.027% 100.741% 
(    4400,    6600 ]     1717   0.012% 100.753% 
(    6600,    9900 ]      725   0.005% 100.759% 
(    9900,   14000 ]      370   0.003% 100.761% 
(   14000,   22000 ]      482   0.003% 100.765% 
(   22000,   33000 ]      422   0.003% 100.768% 
(   33000,   50000 ]      486   0.004% 100.771% 
(   50000,   75000 ]      588   0.004% 100.776% 
(   75000,  110000 ]      588   0.004% 100.780% 
(  110000,  170000 ]      493   0.004% 100.783% 
(  170000,  250000 ]      232   0.002% 100.785% 
(  250000,  380000 ]      145   0.001% 100.786% 
(  380000,  570000 ]       12   0.000% 100.786% 
(  570000,  860000 ]        9   0.000% 100.786% 
(  860000, 1200000 ]        5   0.000% 100.786% 
( 1200000, 1900000 ]       15   0.000% 100.786% 
( 1900000, 2900000 ]        4   0.000% 100.786% 
( 2900000, 4300000 ]        2   0.000% 100.786% 
( 4300000, 6500000 ]        2   0.000% 100.786% 


** DB Stats **
Uptime(secs): 1140.2 total, 30.2 interval
Cumulative writes: 52M writes, 52M keys, 6727K commit groups, 7.7 writes per commit group, ingest: 50.73 GB, 45.56 MB/s
Cumulative WAL: 52M writes, 0 syncs, 52102529.00 writes per sync, written: 50.73 GB, 45.56 MB/s
Cumulative stall: 00:16:45.787 H:M:S, 88.2 percent
Interval writes: 2728K writes, 2728K keys, 348K commit groups, 7.8 writes per commit group, ingest: 2720.47 MB, 90.20 MB/s
Interval WAL: 2728K writes, 0 syncs, 2728396.00 writes per sync, written: 2.66 GB, 90.20 MB/s
Interval stall: 00:00:25.669 H:M:S, 85.1 percent
Write Stall (count): write-buffer-manager-limit-stops: 0
num-running-compactions: 2
num-running-flushes: 0

2026/08/31-02:32:09  ... thread 4: (171000,3256000) ops and (5667.0,2855.7) ops/second in (30.174909,1140.184889) seconds
2026/08/31-02:32:09  ... thread 2: (171000,3258000) ops and (5667.0,2857.4) ops/second in (30.174887,1140.185600) seconds
2026/08/31-02:32:39  ... thread 15: (31000,3286000) ops and (1014.9,2806.8) ops/second in (30.544225,1170.721328) seconds
2026/08/31-02:32:39  ... thread 7: (30000,3286000) ops and (982.2,2806.8) ops/second in (30.544359,1170.721508) seconds
2026/08/31-02:32:39  ... thread 9: (30000,3285000) ops and (982.2,2806.0) ops/second in (30.542798,1170.724768) seconds
2026/08/31-02:32:39  ... thread 0: (30000,3285000) ops and (980.3,2805.8) ops/second in (30.602978,1170.786301) seconds

** Compaction Stats [default] **
Level    Files   Size     Score Read(GB)  Rn(GB) Rnp1(GB) Write(GB) WPreComp(GB) Wnew(GB) Moved(GB) W-Amp Rd(MB/s) Wr(MB/s) Comp(sec) CompMergeCPU(sec) Comp(cnt) Avg(sec) KeyIn KeyDrop Rblob(GB) Wblob(GB)
-------------------------------------------------------------------------------------------------------------------------------------------------------------------------------------------------------------
  L0     22/22     4.32 GB   0.0     45.6     0.0     45.6      97.2      97.2     51.6       0.0   1.9     18.6     39.6   2513.95            202.66      1029    2.443     98M    44K       0.0       0.0
  L1     84/84     4.94 GB   0.0    141.0    47.3     93.7     138.8     138.8     45.0       0.0   2.9    270.8    266.5    533.11            430.82        31   17.197    143M  2236K       0.0       0.0
  L2    624/0     34.44 GB   0.9     95.7    32.1     63.6      90.0      90.0     26.5       8.0   2.8     18.0     16.9   5451.03            310.52       486   11.216     97M  5753K       0.0       0.0
 Sum    730/106   43.70 GB   0.0    282.3    79.4    202.9     326.0     326.0    123.1       8.0   6.3     34.0     39.3   8498.10            944.00      1546    5.497    339M  8034K       0.0       0.0
 Int      0/0      0.00 KB   0.0      0.0     0.0      0.0       0.2       0.2      0.2       0.0   1.0      0.0      9.5     19.80              0.35         3    6.600    186K      0       0.0       0.0

** Compaction Stats [default] **
Priority    Files   Size     Score Read(GB)  Rn(GB) Rnp1(GB) Write(GB) WPreComp(GB) Wnew(GB) Moved(GB) W-Amp Rd(MB/s) Wr(MB/s) Comp(sec) CompMergeCPU(sec) Comp(cnt) Avg(sec) KeyIn KeyDrop Rblob(GB) Wblob(GB)
----------------------------------------------------------------------------------------------------------------------------------------------------------------------------------------------------------------
 Low      0/0      0.00 KB   0.0    282.3    79.4    202.9     274.4     274.4     71.5       0.0   0.0     42.2     41.0   6847.15            855.85       698    9.810    287M  8034K       0.0       0.0
High      0/0      0.00 KB   0.0      0.0     0.0      0.0      51.6      51.6     51.6       0.0   0.0      0.0     32.0   1650.95             88.15       848    1.947     52M      0       0.0       0.0

Blob file count: 0, total size: 0.0 GB, garbage size: 0.0 GB, space amp: 0.0

Uptime(secs): 1170.8 total, 26.6 interval
Flush(GB): cumulative 51.614, interval 0.183
AddFile(GB): cumulative 0.000, interval 0.000
AddFile(Total Files): cumulative 0, interval 0
AddFile(L0 Files): cumulative 0, interval 0
AddFile(Keys): cumulative 0, interval 0
Cumulative compaction: 326.02 GB write, 285.14 MB/s write, 282.32 GB read, 246.92 MB/s read, 8498.1 seconds
Interval compaction: 0.18 GB write, 7.04 MB/s write, 0.00 GB read, 0.00 MB/s read, 19.8 seconds
Estimated pending compaction bytes: 36578891875
Write Stall (count): cf-l0-file-count-limit-delays-with-ongoing-compaction: 47, cf-l0-file-count-limit-stops-with-ongoing-compaction: 0, l0-file-count-limit-delays: 47, l0-file-count-limit-stops: 0, memtable-limit-delays: 0, memtable-limit-stops: 703, pending-compaction-bytes-delays: 0, pending-compaction-bytes-stops: 0, total-delays: 47, total-stops: 703
interval: 4 total count
Block cache AutoHyperClockCache@0x5711ef9dd2d0#2018912 capacity: 512.00 MB seed: 591891029 usage: 13.12 MB table_size: 5625 occupancy: 3119 collections: 7 last_copies: 1 last_secs: 0.000441 secs_since: 86
Block cache entry stats(count,size,portion): Misc(3119,12.78 MB,2.49611%)

** File Read Latency Histogram By Level [default] **
** Level 0 read latency histogram (micros):
Count: 24330598 Average: 3.2343  StdDev: 1627.15
Min: 0  Median: 0.9113  Max: 4154556
Percentiles: P50: 0.91 P75: 1.52 P99: 2.97 P99.9: 4.47 P99.99: 5.24
------------------------------------------------------
[       0,       1 ] 13349714  54.868%  54.868% ###########
(       1,       2 ]  9373559  38.526%  93.394% ########
(       2,       3 ]  1403770   5.770%  99.163% #
(       3,       4 ]   165673   0.681%  99.844% 
(       4,       6 ]    57231   0.235% 100.080% 
(       6,      10 ]    26803   0.110% 100.190% 
(      10,      15 ]     9613   0.040% 100.229% 
(      15,      22 ]     5710   0.023% 100.253% 
(      22,      34 ]      412   0.002% 100.254% 
(      34,      51 ]       70   0.000% 100.255% 
(      51,      76 ]      308   0.001% 100.256% 
(      76,     110 ]      604   0.002% 100.258% 
(     110,     170 ]       26   0.000% 100.259% 
(     170,     250 ]       12   0.000% 100.259% 
(     250,     380 ]       26   0.000% 100.259% 
(     380,     580 ]        7   0.000% 100.259% 
(     580,     870 ]       40   0.000% 100.259% 
(     870,    1300 ]       82   0.000% 100.259% 
(    1300,    1900 ]       57   0.000% 100.259% 
(    1900,    2900 ]        9   0.000% 100.259% 
(    2900,    4400 ]        3   0.000% 100.259% 
(    4400,    6600 ]        6   0.000% 100.259% 
(    6600,    9900 ]        5   0.000% 100.260% 
(    9900,   14000 ]        7   0.000% 100.260% 
(   14000,   22000 ]       13   0.000% 100.260% 
(   22000,   33000 ]       25   0.000% 100.260% 
(   33000,   50000 ]       14   0.000% 100.260% 
(   50000,   75000 ]       56   0.000% 100.260% 
(   75000,  110000 ]       36   0.000% 100.260% 
(  110000,  170000 ]       19   0.000% 100.260% 
(  170000,  250000 ]        8   0.000% 100.260% 
(  250000,  380000 ]        7   0.000% 100.260% 
(  380000,  570000 ]        1   0.000% 100.260% 
(  570000,  860000 ]        2   0.000% 100.260% 
( 1200000, 1900000 ]        8   0.000% 100.260% 
( 1900000, 2900000 ]        2   0.000% 100.260% 
( 2900000, 4300000 ]        2   0.000% 100.260% 

** Level 1 read latency histogram (micros):
Count: 34186553 Average: 1.5140  StdDev: 26.69
Min: 0  Median: 0.8582  Max: 70080
Percentiles: P50: 0.86 P75: 1.45 P99: 2.85 P99.9: 3.31 P99.99: 3.46
------------------------------------------------------
[       0,       1 ] 19917738  58.262%  58.262% ############
(       1,       2 ] 12583543  36.808%  95.070% #######
(       2,       3 ]  1586927   4.642%  99.712% #
(       3,       4 ]   208080   0.609% 100.321% 
(       4,       6 ]    75495   0.221% 100.542% 
(       6,      10 ]    43629   0.128% 100.669% 
(      10,      15 ]    12194   0.036% 100.705% 
(      15,      22 ]     7143   0.021% 100.726% 
(      22,      34 ]      672   0.002% 100.728% 
(      34,      51 ]      242   0.001% 100.729% 
(      51,      76 ]      692   0.002% 100.731% 
(      76,     110 ]      929   0.003% 100.733% 
(     110,     170 ]      302   0.001% 100.734% 
(     170,     250 ]      105   0.000% 100.735% 
(     250,     380 ]       16   0.000% 100.735% 
(     380,     580 ]        5   0.000% 100.735% 
(     580,     870 ]       11   0.000% 100.735% 
(    1300,    1900 ]        2   0.000% 100.735% 
(    1900,    2900 ]        5   0.000% 100.735% 
(    2900,    4400 ]        9   0.000% 100.735% 
(    4400,    6600 ]        1   0.000% 100.735% 
(   50000,   75000 ]        5   0.000% 100.735% 

** Level 2 read latency histogram (micros):
Count: 13819334 Average: 33.9368  StdDev: 3578.91
Min: 0  Median: 0.9699  Max: 5451179
Percentiles: P50: 0.97 P75: 1.58 P99: 3.60 P99.9: 9.56 P99.99: 40.76
------------------------------------------------------
[       0,       1 ]  7123846  51.550%  51.550% ##########
(       1,       2 ]  5573738  40.333%  91.883% ########
(       2,       3 ]   892246   6.457%  98.339% #
(       3,       4 ]   151070   1.093%  99.432% 
(       4,       6 ]    48563   0.351%  99.784% 
(       6,      10 ]    18037   0.131%  99.914% 
(      10,      15 ]     5852   0.042%  99.957% 
(      15,      22 ]     3213   0.023%  99.980% 
(      22,      34 ]      427   0.003%  99.983% 
(      34,      51 ]     2414   0.017% 100.001% 
(      51,      76 ]     4856   0.035% 100.036% 
(      76,     110 ]     3051   0.022% 100.058% 
(     110,     170 ]     9954   0.072% 100.130% 
(     170,     250 ]    12766   0.092% 100.222% 
(     250,     380 ]    14568   0.105% 100.328% 
(     380,     580 ]    15805   0.114% 100.442% 
(     580,     870 ]    13807   0.100% 100.542% 
(     870,    1300 ]     9216   0.067% 100.609% 
(    1300,    1900 ]     8065   0.058% 100.667% 
(    1900,    2900 ]     6486   0.047% 100.714% 
(    2900,    4400 ]     3745   0.027% 100.741% 
(    4400,    6600 ]     1717   0.012% 100.753% 
(    6600,    9900 ]      725   0.005% 100.759% 
(    9900,   14000 ]      370   0.003% 100.761% 
(   14000,   22000 ]      482   0.003% 100.765% 
(   22000,   33000 ]      422   0.003% 100.768% 
(   33000,   50000 ]      486   0.004% 100.771% 
(   50000,   75000 ]      588   0.004% 100.776% 
(   75000,  110000 ]      588   0.004% 100.780% 
(  110000,  170000 ]      493   0.004% 100.783% 
(  170000,  250000 ]      232   0.002% 100.785% 
(  250000,  380000 ]      145   0.001% 100.786% 
(  380000,  570000 ]       12   0.000% 100.786% 
(  570000,  860000 ]        9   0.000% 100.786% 
(  860000, 1200000 ]        5   0.000% 100.786% 
( 1200000, 1900000 ]       15   0.000% 100.786% 
( 1900000, 2900000 ]        4   0.000% 100.786% 
( 2900000, 4300000 ]        2   0.000% 100.786% 
( 4300000, 6500000 ]        2   0.000% 100.786% 


** DB Stats **
Uptime(secs): 1170.8 total, 26.6 interval
Cumulative writes: 52M writes, 52M keys, 6799K commit groups, 7.7 writes per commit group, ingest: 51.21 GB, 44.78 MB/s
Cumulative WAL: 52M writes, 0 syncs, 52585690.00 writes per sync, written: 51.21 GB, 44.78 MB/s
Cumulative stall: 00:17:9.190 H:M:S, 87.9 percent
Interval writes: 124K writes, 124K keys, 26K commit groups, 4.7 writes per commit group, ingest: 124.71 MB, 4.69 MB/s
Interval WAL: 124K writes, 0 syncs, 124946.00 writes per sync, written: 0.12 GB, 4.69 MB/s
Interval stall: 00:00:22.443 H:M:S, 84.4 percent
Write Stall (count): write-buffer-manager-limit-stops: 0
num-running-compactions: 2
num-running-flushes: 1

2026/08/31-02:32:39  ... thread 14: (30000,3287000) ops and (980.0,2807.5) ops/second in (30.613720,1170.789555) seconds
2026/08/31-02:32:39  ... thread 2: (30000,3288000) ops and (980.2,2808.4) ops/second in (30.604694,1170.790294) seconds
2026/08/31-02:32:39  ... thread 5: (31000,3286000) ops and (1011.8,2806.6) ops/second in (30.638024,1170.794714) seconds
2026/08/31-02:32:39  ... thread 10: (31000,3288000) ops and (1011.8,2808.3) ops/second in (30.638775,1170.796066) seconds
2026/08/31-02:32:39  ... thread 8: (31000,3286000) ops and (1012.3,2806.6) ops/second in (30.621866,1170.799045) seconds
2026/08/31-02:32:39  ... thread 11: (31000,3286000) ops and (1011.8,2806.6) ops/second in (30.638202,1170.799267) seconds
2026/08/31-02:32:39  ... thread 3: (31000,3288000) ops and (1012.3,2808.3) ops/second in (30.624235,1170.800909) seconds
2026/08/31-02:32:39  ... thread 4: (32000,3288000) ops and (1045.2,2808.3) ops/second in (30.617290,1170.802179) seconds
2026/08/31-02:32:39  ... thread 1: (31000,3287000) ops and (1012.0,2807.5) ops/second in (30.632769,1170.802846) seconds
2026/08/31-02:32:40  ... thread 12: (31000,3286000) ops and (991.3,2805.1) ops/second in (31.272761,1171.437190) seconds
2026/08/31-02:32:40  ... thread 13: (31000,3290000) ops and (980.8,2807.7) ops/second in (31.605846,1171.772343) seconds
2026/08/31-02:32:40  ... thread 6: (31000,3287000) ops and (976.4,2804.8) ops/second in (31.748850,1171.929555) seconds
2026/08/31-02:33:13  ... thread 15: (62000,3348000) ops and (1803.7,2778.2) ops/second in (34.373713,1205.095041) seconds
2026/08/31-02:33:13  ... thread 2: (62000,3350000) ops and (1807.0,2779.9) ops/second in (34.310421,1205.100715) seconds
2026/08/31-02:33:13  ... thread 9: (62000,3347000) ops and (1803.5,2777.4) ops/second in (34.377507,1205.102275) seconds
2026/08/31-02:33:13  ... thread 7: (62000,3348000) ops and (1803.3,2778.2) ops/second in (34.381458,1205.102966) seconds
2026/08/31-02:33:13  ... thread 14: (62000,3349000) ops and (1806.7,2779.0) ops/second in (34.317182,1205.106737) seconds
2026/08/31-02:33:13  ... thread 10: (62000,3350000) ops and (1806.9,2779.8) ops/second in (34.313246,1205.109312) seconds
2026/08/31-02:33:13  ... thread 0: (62000,3347000) ops and (1806.3,2777.3) ops/second in (34.323474,1205.109775) seconds

** Compaction Stats [default] **
Level    Files   Size     Score Read(GB)  Rn(GB) Rnp1(GB) Write(GB) WPreComp(GB) Wnew(GB) Moved(GB) W-Amp Rd(MB/s) Wr(MB/s) Comp(sec) CompMergeCPU(sec) Comp(cnt) Avg(sec) KeyIn KeyDrop Rblob(GB) Wblob(GB)
-------------------------------------------------------------------------------------------------------------------------------------------------------------------------------------------------------------
  L0     10/6      1.28 GB   1.0     46.4     0.0     46.4      99.0      99.0     52.6       0.0   1.9     18.3     39.1   2593.37            206.63      1048    2.475    100M    45K       0.0       0.0
  L1    131/17     7.87 GB   1.7    150.0    51.3     98.7     147.5     147.5     48.8       0.0   2.9    271.3    266.8    566.19            458.06        32   17.693    152M  2511K       0.0       0.0
  L2    635/65    35.05 GB   0.8     98.6    33.0     65.6      92.7      92.7     27.1       8.0   2.8     17.6     16.6   5722.81            326.17       502   11.400    100M  6020K       0.0       0.0
 Sum    776/88    44.20 GB   0.0    295.0    84.3    210.7     339.2     339.2    128.5       8.0   6.4     34.0     39.1   8882.37            990.87      1582    5.615    353M  8577K       0.0       0.0
 Int      0/0      0.00 KB   0.0      0.0     0.0      0.0       0.1       0.1      0.1       0.0   1.0      0.0      7.7     16.23              0.21         2    8.116    124K      0       0.0       0.0

** Compaction Stats [default] **
Priority    Files   Size     Score Read(GB)  Rn(GB) Rnp1(GB) Write(GB) WPreComp(GB) Wnew(GB) Moved(GB) W-Amp Rd(MB/s) Wr(MB/s) Comp(sec) CompMergeCPU(sec) Comp(cnt) Avg(sec) KeyIn KeyDrop Rblob(GB) Wblob(GB)
----------------------------------------------------------------------------------------------------------------------------------------------------------------------------------------------------------------
 Low      0/0      0.00 KB   0.0    295.0    84.3    210.7     286.6     286.6     75.9       0.0   0.0     42.1     40.9   7173.53            900.79       717   10.005    300M  8577K       0.0       0.0
High      0/0      0.00 KB   0.0      0.0     0.0      0.0      52.6      52.6     52.6       0.0   0.0      0.0     31.5   1708.84             90.08       865    1.976     53M      0       0.0       0.0

Blob file count: 0, total size: 0.0 GB, garbage size: 0.0 GB, space amp: 0.0

Uptime(secs): 1205.1 total, 0.9 interval
Flush(GB): cumulative 52.648, interval 0.122
AddFile(GB): cumulative 0.000, interval 0.000
AddFile(Total Files): cumulative 0, interval 0
AddFile(L0 Files): cumulative 0, interval 0
AddFile(Keys): cumulative 0, interval 0
Cumulative compaction: 339.24 GB write, 288.26 MB/s write, 295.04 GB read, 250.70 MB/s read, 8882.4 seconds
Interval compaction: 0.12 GB write, 137.59 MB/s write, 0.00 GB read, 0.00 MB/s read, 16.2 seconds
Estimated pending compaction bytes: 36508186250
Write Stall (count): cf-l0-file-count-limit-delays-with-ongoing-compaction: 49, cf-l0-file-count-limit-stops-with-ongoing-compaction: 0, l0-file-count-limit-delays: 49, l0-file-count-limit-stops: 0, memtable-limit-delays: 0, memtable-limit-stops: 718, pending-compaction-bytes-delays: 0, pending-compaction-bytes-stops: 0, total-delays: 49, total-stops: 718
interval: 0 total count
Block cache AutoHyperClockCache@0x5711ef9dd2d0#2018912 capacity: 512.00 MB seed: 591891029 usage: 13.12 MB table_size: 5625 occupancy: 3119 collections: 7 last_copies: 2 last_secs: 0.000441 secs_since: 120
Block cache entry stats(count,size,portion): Misc(3119,12.78 MB,2.49611%)

** File Read Latency Histogram By Level [default] **
** Level 0 read latency histogram (micros):
Count: 24796292 Average: 3.2175  StdDev: 1612.09
Min: 0  Median: 0.9118  Max: 4154556
Percentiles: P50: 0.91 P75: 1.52 P99: 2.97 P99.9: 4.48 P99.99: 5.24
------------------------------------------------------
[       0,       1 ] 13597271  54.836%  54.836% ###########
(       1,       2 ]  9550327  38.515%  93.351% ########
(       2,       3 ]  1437584   5.798%  99.149% #
(       3,       4 ]   172084   0.694%  99.843% 
(       4,       6 ]    58890   0.237% 100.080% 
(       6,      10 ]    27432   0.111% 100.191% 
(      10,      15 ]     9898   0.040% 100.231% 
(      15,      22 ]     5884   0.024% 100.254% 
(      22,      34 ]      427   0.002% 100.256% 
(      34,      51 ]       73   0.000% 100.256% 
(      51,      76 ]      313   0.001% 100.258% 
(      76,     110 ]      618   0.002% 100.260% 
(     110,     170 ]       26   0.000% 100.260% 
(     170,     250 ]       12   0.000% 100.260% 
(     250,     380 ]       27   0.000% 100.260% 
(     380,     580 ]        8   0.000% 100.260% 
(     580,     870 ]       41   0.000% 100.261% 
(     870,    1300 ]       82   0.000% 100.261% 
(    1300,    1900 ]       58   0.000% 100.261% 
(    1900,    2900 ]       10   0.000% 100.261% 
(    2900,    4400 ]        3   0.000% 100.261% 
(    4400,    6600 ]        6   0.000% 100.261% 
(    6600,    9900 ]        5   0.000% 100.261% 
(    9900,   14000 ]        7   0.000% 100.261% 
(   14000,   22000 ]       13   0.000% 100.261% 
(   22000,   33000 ]       25   0.000% 100.261% 
(   33000,   50000 ]       14   0.000% 100.262% 
(   50000,   75000 ]       60   0.000% 100.262% 
(   75000,  110000 ]       37   0.000% 100.262% 
(  110000,  170000 ]       19   0.000% 100.262% 
(  170000,  250000 ]        8   0.000% 100.262% 
(  250000,  380000 ]        7   0.000% 100.262% 
(  380000,  570000 ]        1   0.000% 100.262% 
(  570000,  860000 ]        2   0.000% 100.262% 
( 1200000, 1900000 ]        8   0.000% 100.262% 
( 1900000, 2900000 ]        2   0.000% 100.262% 
( 2900000, 4300000 ]        2   0.000% 100.262% 

** Level 1 read latency histogram (micros):
Count: 34857967 Average: 1.5245  StdDev: 26.43
Min: 0  Median: 0.8648  Max: 70080
Percentiles: P50: 0.86 P75: 1.47 P99: 2.88 P99.9: 3.44 P99.99: 3.57
------------------------------------------------------
[       0,       1 ] 20152793  57.814%  57.814% ############
(       1,       2 ] 12845318  36.850%  94.664% #######
(       2,       3 ]  1722550   4.942%  99.606% #
(       3,       4 ]   233994   0.671% 100.277% 
(       4,       6 ]    86427   0.248% 100.525% 
(       6,      10 ]    47176   0.135% 100.661% 
(      10,      15 ]    13025   0.037% 100.698% 
(      15,      22 ]     7812   0.022% 100.720% 
(      22,      34 ]      735   0.002% 100.723% 
(      34,      51 ]      256   0.001% 100.723% 
(      51,      76 ]      741   0.002% 100.725% 
(      76,     110 ]     1017   0.003% 100.728% 
(     110,     170 ]      309   0.001% 100.729% 
(     170,     250 ]      106   0.000% 100.730% 
(     250,     380 ]       16   0.000% 100.730% 
(     380,     580 ]        5   0.000% 100.730% 
(     580,     870 ]       11   0.000% 100.730% 
(    1300,    1900 ]        3   0.000% 100.730% 
(    1900,    2900 ]        5   0.000% 100.730% 
(    2900,    4400 ]        9   0.000% 100.730% 
(    4400,    6600 ]        1   0.000% 100.730% 
(   50000,   75000 ]        5   0.000% 100.730% 

** Level 2 read latency histogram (micros):
Count: 14834280 Average: 48.8162  StdDev: 3997.81
Min: 0  Median: 1.0032  Max: 5451179
Percentiles: P50: 1.00 P75: 1.62 P99: 4.00 P99.9: 205.49 P99.99: 262.23
------------------------------------------------------
[       0,       1 ]  7397999  49.871%  49.871% ##########
(       1,       2 ]  6025825  40.621%  90.492% ########
(       2,       3 ]  1072392   7.229%  97.721% #
(       3,       4 ]   190141   1.282%  99.003% 
(       4,       6 ]    61022   0.411%  99.414% 
(       6,      10 ]    20192   0.136%  99.550% 
(      10,      15 ]     7120   0.048%  99.598% 
(      15,      22 ]     3996   0.027%  99.625% 
(      22,      34 ]      934   0.006%  99.632% 
(      34,      51 ]     3277   0.022%  99.654% 
(      51,      76 ]     6967   0.047%  99.701% 
(      76,     110 ]     4627   0.031%  99.732% 
(     110,     170 ]    16123   0.109%  99.840% 
(     170,     250 ]    19906   0.134%  99.975% 
(     250,     380 ]    24202   0.163% 100.138% 
(     380,     580 ]    25218   0.170% 100.308% 
(     580,     870 ]    21028   0.142% 100.450% 
(     870,    1300 ]    13822   0.093% 100.543% 
(    1300,    1900 ]    11538   0.078% 100.621% 
(    1900,    2900 ]     9161   0.062% 100.682% 
(    2900,    4400 ]     5190   0.035% 100.717% 
(    4400,    6600 ]     2597   0.018% 100.735% 
(    6600,    9900 ]     1092   0.007% 100.742% 
(    9900,   14000 ]      607   0.004% 100.746% 
(   14000,   22000 ]      753   0.005% 100.751% 
(   22000,   33000 ]      667   0.004% 100.756% 
(   33000,   50000 ]      747   0.005% 100.761% 
(   50000,   75000 ]      904   0.006% 100.767% 
(   75000,  110000 ]      887   0.006% 100.773% 
(  110000,  170000 ]      824   0.006% 100.778% 
(  170000,  250000 ]      410   0.003% 100.781% 
(  250000,  380000 ]      235   0.002% 100.783% 
(  380000,  570000 ]       40   0.000% 100.783% 
(  570000,  860000 ]       10   0.000% 100.783% 
(  860000, 1200000 ]        5   0.000% 100.783% 
( 1200000, 1900000 ]       20   0.000% 100.783% 
( 1900000, 2900000 ]        8   0.000% 100.783% 
( 2900000, 4300000 ]        2   0.000% 100.783% 
( 4300000, 6500000 ]        2   0.000% 100.783% 


** DB Stats **
Uptime(secs): 1205.1 total, 0.9 interval
Cumulative writes: 53M writes, 53M keys, 6928K commit groups, 7.7 writes per commit group, ingest: 52.17 GB, 44.33 MB/s
Cumulative WAL: 53M writes, 0 syncs, 53579127.00 writes per sync, written: 52.17 GB, 44.33 MB/s
Cumulative stall: 00:17:39.729 H:M:S, 87.9 percent
Interval writes: 4908 writes, 4908 keys, 622 commit groups, 7.9 writes per commit group, ingest: 4.89 MB, 5.37 MB/s
Interval WAL: 4897 writes, 0 syncs, 4897.00 writes per sync, written: 0.00 GB, 5.36 MB/s
Interval stall: 00:00:8.440 H:M:S, 926.1 percent
Write Stall (count): write-buffer-manager-limit-stops: 0
num-running-compactions: 18
num-running-flushes: 0

2026/08/31-02:33:13  ... thread 11: (62000,3348000) ops and (1807.0,2778.2) ops/second in (34.311689,1205.110956) seconds
2026/08/31-02:33:13  ... thread 5: (62000,3348000) ops and (1806.7,2778.2) ops/second in (34.317319,1205.112033) seconds
2026/08/31-02:33:13  ... thread 3: (62000,3350000) ops and (1807.0,2779.8) ops/second in (34.311528,1205.112437) seconds
2026/08/31-02:33:13  ... thread 8: (62000,3348000) ops and (1806.6,2778.2) ops/second in (34.317964,1205.117009) seconds
2026/08/31-02:33:13  ... thread 4: (62000,3350000) ops and (1806.7,2779.8) ops/second in (34.317550,1205.119729) seconds
2026/08/31-02:33:13  ... thread 1: (62000,3349000) ops and (1806.5,2779.0) ops/second in (34.320605,1205.123451) seconds
2026/08/31-02:33:13  ... thread 6: (62000,3349000) ops and (1867.6,2779.0) ops/second in (33.197921,1205.127476) seconds
2026/08/31-02:33:13  ... thread 12: (62000,3348000) ops and (1840.2,2778.1) ops/second in (33.691275,1205.128465) seconds
2026/08/31-02:33:13  ... thread 13: (62000,3352000) ops and (1858.6,2781.4) ops/second in (33.359023,1205.131366) seconds
2026/08/31-02:33:43  ... thread 15: (77000,3425000) ops and (2564.0,2773.0) ops/second in (30.030827,1235.125868) seconds
2026/08/31-02:33:43  ... thread 3: (77000,3427000) ops and (2565.5,2774.6) ops/second in (30.013970,1235.126407) seconds
2026/08/31-02:33:43  ... thread 9: (77000,3424000) ops and (2564.4,2772.2) ops/second in (30.026801,1235.129076) seconds
2026/08/31-02:33:43  ... thread 11: (77000,3425000) ops and (2565.0,2773.0) ops/second in (30.019638,1235.130594) seconds
2026/08/31-02:33:43  ... thread 4: (77000,3427000) ops and (2565.3,2774.6) ops/second in (30.016455,1235.136184) seconds
2026/08/31-02:33:44  ... thread 12: (77000,3425000) ops and (2565.6,2773.0) ops/second in (30.012002,1235.140467) seconds
2026/08/31-02:33:44  ... thread 1: (77000,3426000) ops and (2564.8,2773.8) ops/second in (30.022051,1235.145502) seconds
2026/08/31-02:33:44  ... thread 5: (77000,3425000) ops and (2563.7,2772.9) ops/second in (30.034692,1235.146725) seconds
2026/08/31-02:33:44  ... thread 6: (77000,3426000) ops and (2564.5,2773.7) ops/second in (30.025359,1235.152835) seconds
2026/08/31-02:33:44  ... thread 2: (78000,3428000) ops and (2595.2,2775.4) ops/second in (30.055759,1235.156474) seconds
2026/08/31-02:33:44  ... thread 8: (77000,3425000) ops and (2563.1,2772.9) ops/second in (30.041203,1235.158212) seconds
2026/08/31-02:33:44  ... thread 7: (78000,3426000) ops and (2595.2,2773.7) ops/second in (30.055243,1235.158209) seconds
2026/08/31-02:33:44  ... thread 13: (77000,3429000) ops and (2564.3,2776.2) ops/second in (30.027910,1235.159276) seconds
2026/08/31-02:33:44  ... thread 14: (78000,3427000) ops and (2595.4,2774.5) ops/second in (30.053348,1235.160085) seconds
2026/08/31-02:33:44  ... thread 10: (78000,3428000) ops and (2595.6,2775.3) ops/second in (30.050823,1235.160135) seconds
2026/08/31-02:33:44  ... thread 0: (78000,3425000) ops and (2595.6,2772.9) ops/second in (30.050542,1235.160317) seconds

** Compaction Stats [default] **
Level    Files   Size     Score Read(GB)  Rn(GB) Rnp1(GB) Write(GB) WPreComp(GB) Wnew(GB) Moved(GB) W-Amp Rd(MB/s) Wr(MB/s) Comp(sec) CompMergeCPU(sec) Comp(cnt) Avg(sec) KeyIn KeyDrop Rblob(GB) Wblob(GB)
-------------------------------------------------------------------------------------------------------------------------------------------------------------------------------------------------------------
  L0     12/4      2.43 GB   2.0     47.8     0.0     47.8     101.5     101.5     53.8       0.0   1.9     18.3     38.9   2674.57            212.40      1072    2.495    103M    47K       0.0       0.0
  L1    108/9      6.35 GB   1.5    150.0    51.3     98.7     147.5     147.5     48.8       0.0   2.9    271.3    266.8    566.19            458.06        32   17.693    152M  2511K       0.0       0.0
  L2    648/27    36.09 GB   0.9    104.4    34.5     69.9      98.0      98.0     28.1       8.0   2.8     17.1     16.1   6245.46            355.99       525   11.896    106M  6507K       0.0       0.0
 Sum    768/40    44.87 GB   0.0    302.2    85.8    216.4     347.1     347.1    130.7       8.0   6.5     32.6     37.5   9486.22           1026.45      1629    5.823    362M  9066K       0.0       0.0
 Int      0/0      0.00 KB   0.0      7.1     1.5      5.6       7.9       7.9      2.3       0.0   6.2     11.8     13.1    620.08             35.79        49   12.655   8572K   488K       0.0       0.0

** Compaction Stats [default] **
Priority    Files   Size     Score Read(GB)  Rn(GB) Rnp1(GB) Write(GB) WPreComp(GB) Wnew(GB) Moved(GB) W-Amp Rd(MB/s) Wr(MB/s) Comp(sec) CompMergeCPU(sec) Comp(cnt) Avg(sec) KeyIn KeyDrop Rblob(GB) Wblob(GB)
----------------------------------------------------------------------------------------------------------------------------------------------------------------------------------------------------------------
 Low      0/0      0.00 KB   0.0    302.2    85.8    216.4     293.3     293.3     76.9       0.0   0.0     40.0     38.8   7733.52            934.15       745   10.381    307M  9066K       0.0       0.0
High      0/0      0.00 KB   0.0      0.0     0.0      0.0      53.8      53.8     53.8       0.0   0.0      0.0     31.4   1752.70             92.31       884    1.983     54M      0       0.0       0.0

Blob file count: 0, total size: 0.0 GB, garbage size: 0.0 GB, space amp: 0.0

Uptime(secs): 1235.2 total, 31.0 interval
Flush(GB): cumulative 53.801, interval 1.276
AddFile(GB): cumulative 0.000, interval 0.000
AddFile(Total Files): cumulative 0, interval 0
AddFile(L0 Files): cumulative 0, interval 0
AddFile(Keys): cumulative 0, interval 0
Cumulative compaction: 347.06 GB write, 287.73 MB/s write, 302.19 GB read, 250.53 MB/s read, 9486.2 seconds
Interval compaction: 7.94 GB write, 262.74 MB/s write, 7.15 GB read, 236.42 MB/s read, 620.1 seconds
Estimated pending compaction bytes: 35661676247
Write Stall (count): cf-l0-file-count-limit-delays-with-ongoing-compaction: 49, cf-l0-file-count-limit-stops-with-ongoing-compaction: 0, l0-file-count-limit-delays: 49, l0-file-count-limit-stops: 0, memtable-limit-delays: 0, memtable-limit-stops: 741, pending-compaction-bytes-delays: 0, pending-compaction-bytes-stops: 0, total-delays: 49, total-stops: 741
interval: 23 total count
Block cache AutoHyperClockCache@0x5711ef9dd2d0#2018912 capacity: 512.00 MB seed: 591891029 usage: 13.12 MB table_size: 5625 occupancy: 3119 collections: 7 last_copies: 2 last_secs: 0.000441 secs_since: 150
Block cache entry stats(count,size,portion): Misc(3119,12.78 MB,2.49611%)

** File Read Latency Histogram By Level [default] **
** Level 0 read latency histogram (micros):
Count: 25065996 Average: 3.2161  StdDev: 1604.16
Min: 0  Median: 0.9106  Max: 4154556
Percentiles: P50: 0.91 P75: 1.52 P99: 2.97 P99.9: 4.50 P99.99: 5.26
------------------------------------------------------
[       0,       1 ] 13763861  54.910%  54.910% ###########
(       1,       2 ]  9641604  38.465%  93.375% ########
(       2,       3 ]  1446457   5.771%  99.146% #
(       3,       4 ]   174046   0.694%  99.840% 
(       4,       6 ]    59413   0.237% 100.077% 
(       6,      10 ]    27724   0.111% 100.188% 
(      10,      15 ]     9994   0.040% 100.228% 
(      15,      22 ]     5936   0.024% 100.251% 
(      22,      34 ]      432   0.002% 100.253% 
(      34,      51 ]       74   0.000% 100.254% 
(      51,      76 ]      323   0.001% 100.255% 
(      76,     110 ]      628   0.003% 100.257% 
(     110,     170 ]       26   0.000% 100.257% 
(     170,     250 ]       13   0.000% 100.257% 
(     250,     380 ]       28   0.000% 100.258% 
(     380,     580 ]        8   0.000% 100.258% 
(     580,     870 ]       41   0.000% 100.258% 
(     870,    1300 ]       85   0.000% 100.258% 
(    1300,    1900 ]       60   0.000% 100.258% 
(    1900,    2900 ]       10   0.000% 100.258% 
(    2900,    4400 ]        3   0.000% 100.258% 
(    4400,    6600 ]        6   0.000% 100.258% 
(    6600,    9900 ]        5   0.000% 100.258% 
(    9900,   14000 ]        7   0.000% 100.258% 
(   14000,   22000 ]       13   0.000% 100.259% 
(   22000,   33000 ]       27   0.000% 100.259% 
(   33000,   50000 ]       18   0.000% 100.259% 
(   50000,   75000 ]       60   0.000% 100.259% 
(   75000,  110000 ]       37   0.000% 100.259% 
(  110000,  170000 ]       19   0.000% 100.259% 
(  170000,  250000 ]        9   0.000% 100.259% 
(  250000,  380000 ]        7   0.000% 100.259% 
(  380000,  570000 ]        1   0.000% 100.259% 
(  570000,  860000 ]        2   0.000% 100.259% 
( 1200000, 1900000 ]        8   0.000% 100.259% 
( 1900000, 2900000 ]        2   0.000% 100.259% 
( 2900000, 4300000 ]        2   0.000% 100.259% 

** Level 1 read latency histogram (micros):
Count: 35168708 Average: 1.5325  StdDev: 26.32
Min: 0  Median: 0.8703  Max: 70080
Percentiles: P50: 0.87 P75: 1.48 P99: 2.90 P99.9: 3.53 P99.99: 3.65
------------------------------------------------------
[       0,       1 ] 20205007  57.452%  57.452% ###########
(       1,       2 ] 12984392  36.920%  94.372% #######
(       2,       3 ]  1810480   5.148%  99.520% #
(       3,       4 ]   253758   0.722% 100.241% 
(       4,       6 ]    95296   0.271% 100.512% 
(       6,      10 ]    49697   0.141% 100.654% 
(      10,      15 ]    13655   0.039% 100.693% 
(      15,      22 ]     8289   0.024% 100.716% 
(      22,      34 ]      788   0.002% 100.718% 
(      34,      51 ]      263   0.001% 100.719% 
(      51,      76 ]      741   0.002% 100.721% 
(      76,     110 ]     1020   0.003% 100.724% 
(     110,     170 ]      309   0.001% 100.725% 
(     170,     250 ]      106   0.000% 100.725% 
(     250,     380 ]       16   0.000% 100.725% 
(     380,     580 ]        5   0.000% 100.725% 
(     580,     870 ]       11   0.000% 100.725% 
(    1300,    1900 ]        3   0.000% 100.725% 
(    1900,    2900 ]        5   0.000% 100.725% 
(    2900,    4400 ]        9   0.000% 100.725% 
(    4400,    6600 ]        1   0.000% 100.725% 
(   50000,   75000 ]        5   0.000% 100.725% 

** Level 2 read latency histogram (micros):
Count: 15729000 Average: 57.9465  StdDev: 4198.72
Min: 0  Median: 1.0386  Max: 5451179
Percentiles: P50: 1.04 P75: 1.65 P99: 5.83 P99.9: 356.31 P99.99: 426.54
------------------------------------------------------
[       0,       1 ]  7616447  48.423%  48.423% ##########
(       1,       2 ]  6421605  40.827%  89.249% ########
(       2,       3 ]  1237790   7.869%  97.119% ##
(       3,       4 ]   228705   1.454%  98.573% 
(       4,       6 ]    73527   0.467%  99.040% 
(       6,      10 ]    22547   0.143%  99.184% 
(      10,      15 ]     8570   0.054%  99.238% 
(      15,      22 ]     4907   0.031%  99.269% 
(      22,      34 ]     1337   0.009%  99.278% 
(      34,      51 ]     4347   0.028%  99.306% 
(      51,      76 ]     9371   0.060%  99.365% 
(      76,     110 ]     6423   0.041%  99.406% 
(     110,     170 ]    22670   0.144%  99.550% 
(     170,     250 ]    27542   0.175%  99.725% 
(     250,     380 ]    33609   0.214%  99.939% 
(     380,     580 ]    34514   0.219% 100.158% 
(     580,     870 ]    29513   0.188% 100.346% 
(     870,    1300 ]    19859   0.126% 100.472% 
(    1300,    1900 ]    16057   0.102% 100.574% 
(    1900,    2900 ]    12576   0.080% 100.654% 
(    2900,    4400 ]     6891   0.044% 100.698% 
(    4400,    6600 ]     3531   0.022% 100.721% 
(    6600,    9900 ]     1356   0.009% 100.729% 
(    9900,   14000 ]      734   0.005% 100.734% 
(   14000,   22000 ]      926   0.006% 100.740% 
(   22000,   33000 ]      828   0.005% 100.745% 
(   33000,   50000 ]      942   0.006% 100.751% 
(   50000,   75000 ]     1108   0.007% 100.758% 
(   75000,  110000 ]     1104   0.007% 100.765% 
(  110000,  170000 ]     1035   0.007% 100.772% 
(  170000,  250000 ]      537   0.003% 100.775% 
(  250000,  380000 ]      265   0.002% 100.777% 
(  380000,  570000 ]       61   0.000% 100.777% 
(  570000,  860000 ]       18   0.000% 100.777% 
(  860000, 1200000 ]        6   0.000% 100.777% 
( 1200000, 1900000 ]       21   0.000% 100.777% 
( 1900000, 2900000 ]       11   0.000% 100.777% 
( 2900000, 4300000 ]        2   0.000% 100.777% 
( 4300000, 6500000 ]        2   0.000% 100.778% 


** DB Stats **
Uptime(secs): 1235.2 total, 30.1 interval
Cumulative writes: 54M writes, 54M keys, 7089K commit groups, 7.7 writes per commit group, ingest: 53.39 GB, 44.26 MB/s
Cumulative WAL: 54M writes, 0 syncs, 54824556.00 writes per sync, written: 53.39 GB, 44.26 MB/s
Cumulative stall: 00:18:7.080 H:M:S, 88.0 percent
Interval writes: 1245K writes, 1245K keys, 161K commit groups, 7.7 writes per commit group, ingest: 1241.83 MB, 41.33 MB/s
Interval WAL: 1245K writes, 0 syncs, 1245429.00 writes per sync, written: 1.21 GB, 41.33 MB/s
Interval stall: 00:00:27.350 H:M:S, 91.0 percent
Write Stall (count): write-buffer-manager-limit-stops: 0
num-running-compactions: 9
num-running-flushes: 1

2026/08/31-02:34:16  ... thread 5: (73000,3498000) ops and (2278.0,2760.4) ops/second in (32.045209,1267.191934) seconds
2026/08/31-02:34:16  ... thread 14: (73000,3500000) ops and (2278.6,2762.0) ops/second in (32.037606,1267.197691) seconds
2026/08/31-02:34:16  ... thread 10: (73000,3501000) ops and (2278.6,2762.8) ops/second in (32.037603,1267.197738) seconds
2026/08/31-02:34:16  ... thread 6: (73000,3499000) ops and (2277.9,2761.2) ops/second in (32.047411,1267.200246) seconds
2026/08/31-02:34:16  ... thread 8: (73000,3498000) ops and (2278.2,2760.4) ops/second in (32.042142,1267.200354) seconds
2026/08/31-02:34:16  ... thread 15: (74000,3499000) ops and (2307.1,2761.2) ops/second in (32.075012,1267.200880) seconds
2026/08/31-02:34:16  ... thread 9: (74000,3498000) ops and (2307.0,2760.4) ops/second in (32.076735,1267.205811) seconds
2026/08/31-02:34:16  ... thread 0: (73000,3498000) ops and (2277.9,2760.4) ops/second in (32.046473,1267.206790) seconds

** Compaction Stats [default] **
Level    Files   Size     Score Read(GB)  Rn(GB) Rnp1(GB) Write(GB) WPreComp(GB) Wnew(GB) Moved(GB) W-Amp Rd(MB/s) Wr(MB/s) Comp(sec) CompMergeCPU(sec) Comp(cnt) Avg(sec) KeyIn KeyDrop Rblob(GB) Wblob(GB)
-------------------------------------------------------------------------------------------------------------------------------------------------------------------------------------------------------------
  L0     19/16     3.64 GB   0.8     48.8     0.0     48.8     103.8     103.8     55.0       0.0   1.9     18.4     39.0   2721.41            217.20      1096    2.483    105M    48K       0.0       0.0
  L1     99/99     5.86 GB   0.0    150.0    51.3     98.7     147.5     147.5     48.8       0.0   2.9    271.3    266.8    566.19            458.06        32   17.693    152M  2511K       0.0       0.0
  L2    654/0     36.42 GB   0.9    106.4    35.0     71.4      99.9      99.9     28.4       8.0   2.9     17.0     15.9   6415.02            367.14       533   12.036    108M  6668K       0.0       0.0
 Sum    772/115   45.93 GB   0.0    305.2    86.3    218.9     351.1     351.1    132.2       8.0   6.4     32.2     37.1   9702.62           1042.40      1661    5.841    366M  9228K       0.0       0.0
 Int      0/0      0.00 KB   0.0      0.0     0.0      0.0       0.1       0.1      0.1       0.0   1.0      0.0     35.6      3.49              0.21         2    1.747    123K      0       0.0       0.0

** Compaction Stats [default] **
Priority    Files   Size     Score Read(GB)  Rn(GB) Rnp1(GB) Write(GB) WPreComp(GB) Wnew(GB) Moved(GB) W-Amp Rd(MB/s) Wr(MB/s) Comp(sec) CompMergeCPU(sec) Comp(cnt) Avg(sec) KeyIn KeyDrop Rblob(GB) Wblob(GB)
----------------------------------------------------------------------------------------------------------------------------------------------------------------------------------------------------------------
 Low      0/0      0.00 KB   0.0    305.2    86.3    218.9     296.1     296.1     77.2       0.0   0.0     39.5     38.3   7917.01            947.84       757   10.458    310M  9228K       0.0       0.0
High      0/0      0.00 KB   0.0      0.0     0.0      0.0      55.0      55.0     55.0       0.0   0.0      0.0     31.6   1785.61             94.56       904    1.975     55M      0       0.0       0.0

Blob file count: 0, total size: 0.0 GB, garbage size: 0.0 GB, space amp: 0.0

Uptime(secs): 1267.2 total, 3.0 interval
Flush(GB): cumulative 55.019, interval 0.121
AddFile(GB): cumulative 0.000, interval 0.000
AddFile(Total Files): cumulative 0, interval 0
AddFile(L0 Files): cumulative 0, interval 0
AddFile(Keys): cumulative 0, interval 0
Cumulative compaction: 351.14 GB write, 283.75 MB/s write, 305.22 GB read, 246.64 MB/s read, 9702.6 seconds
Interval compaction: 0.12 GB write, 41.50 MB/s write, 0.00 GB read, 0.00 MB/s read, 3.5 seconds
Estimated pending compaction bytes: 38778720739
Write Stall (count): cf-l0-file-count-limit-delays-with-ongoing-compaction: 50, cf-l0-file-count-limit-stops-with-ongoing-compaction: 0, l0-file-count-limit-delays: 50, l0-file-count-limit-stops: 0, memtable-limit-delays: 0, memtable-limit-stops: 753, pending-compaction-bytes-delays: 0, pending-compaction-bytes-stops: 0, total-delays: 50, total-stops: 753
interval: 1 total count
Block cache AutoHyperClockCache@0x5711ef9dd2d0#2018912 capacity: 512.00 MB seed: 591891029 usage: 13.98 MB table_size: 5966 occupancy: 3322 collections: 8 last_copies: 0 last_secs: 0.000497 secs_since: 2
Block cache entry stats(count,size,portion): Misc(3322,13.61 MB,2.65855%)

** File Read Latency Histogram By Level [default] **
** Level 0 read latency histogram (micros):
Count: 26065957 Average: 3.1719  StdDev: 1573.45
Min: 0  Median: 0.9156  Max: 4154556
Percentiles: P50: 0.92 P75: 1.53 P99: 2.98 P99.9: 4.49 P99.99: 5.23
------------------------------------------------------
[       0,       1 ] 14234844  54.611%  54.611% ###########
(       1,       2 ] 10076713  38.659%  93.269% ########
(       2,       3 ]  1528872   5.865%  99.135% #
(       3,       4 ]   184128   0.706%  99.841% 
(       4,       6 ]    63014   0.242% 100.083% 
(       6,      10 ]    29075   0.112% 100.194% 
(      10,      15 ]    10378   0.040% 100.234% 
(      15,      22 ]     6199   0.024% 100.258% 
(      22,      34 ]      444   0.002% 100.260% 
(      34,      51 ]       75   0.000% 100.260% 
(      51,      76 ]      332   0.001% 100.261% 
(      76,     110 ]      640   0.002% 100.264% 
(     110,     170 ]       27   0.000% 100.264% 
(     170,     250 ]       13   0.000% 100.264% 
(     250,     380 ]       31   0.000% 100.264% 
(     380,     580 ]        8   0.000% 100.264% 
(     580,     870 ]       41   0.000% 100.264% 
(     870,    1300 ]       85   0.000% 100.265% 
(    1300,    1900 ]       61   0.000% 100.265% 
(    1900,    2900 ]       10   0.000% 100.265% 
(    2900,    4400 ]        3   0.000% 100.265% 
(    4400,    6600 ]        6   0.000% 100.265% 
(    6600,    9900 ]        5   0.000% 100.265% 
(    9900,   14000 ]        7   0.000% 100.265% 
(   14000,   22000 ]       14   0.000% 100.265% 
(   22000,   33000 ]       28   0.000% 100.265% 
(   33000,   50000 ]       18   0.000% 100.265% 
(   50000,   75000 ]       64   0.000% 100.265% 
(   75000,  110000 ]       37   0.000% 100.266% 
(  110000,  170000 ]       20   0.000% 100.266% 
(  170000,  250000 ]        9   0.000% 100.266% 
(  250000,  380000 ]        7   0.000% 100.266% 
(  380000,  570000 ]        1   0.000% 100.266% 
(  570000,  860000 ]        2   0.000% 100.266% 
( 1200000, 1900000 ]        8   0.000% 100.266% 
( 1900000, 2900000 ]        2   0.000% 100.266% 
( 2900000, 4300000 ]        2   0.000% 100.266% 

** Level 1 read latency histogram (micros):
Count: 36515063 Average: 1.5299  StdDev: 25.83
Min: 0  Median: 0.8682  Max: 70080
Percentiles: P50: 0.87 P75: 1.47 P99: 2.90 P99.9: 3.51 P99.99: 3.64
------------------------------------------------------
[       0,       1 ] 21030001  57.593%  57.593% ############
(       1,       2 ] 13445189  36.821%  94.414% #######
(       2,       3 ]  1868674   5.118%  99.531% #
(       3,       4 ]   261691   0.717% 100.248% 
(       4,       6 ]    98146   0.269% 100.517% 
(       6,      10 ]    51271   0.140% 100.657% 
(      10,      15 ]    14122   0.039% 100.696% 
(      15,      22 ]     8545   0.023% 100.719% 
(      22,      34 ]      811   0.002% 100.721% 
(      34,      51 ]      265   0.001% 100.722% 
(      51,      76 ]      741   0.002% 100.724% 
(      76,     110 ]     1023   0.003% 100.727% 
(     110,     170 ]      309   0.001% 100.728% 
(     170,     250 ]      106   0.000% 100.728% 
(     250,     380 ]       16   0.000% 100.728% 
(     380,     580 ]        5   0.000% 100.728% 
(     580,     870 ]       11   0.000% 100.728% 
(    1300,    1900 ]        3   0.000% 100.728% 
(    1900,    2900 ]        5   0.000% 100.728% 
(    2900,    4400 ]        9   0.000% 100.728% 
(    4400,    6600 ]        1   0.000% 100.728% 
(   50000,   75000 ]        5   0.000% 100.728% 

** Level 2 read latency histogram (micros):
Count: 15788749 Average: 57.9043  StdDev: 4190.86
Min: 0  Median: 1.0403  Max: 5451179
Percentiles: P50: 1.04 P75: 1.65 P99: 5.94 P99.9: 362.15 P99.99: 434.46
------------------------------------------------------
[       0,       1 ]  7634836  48.356%  48.356% ##########
(       1,       2 ]  6446299  40.828%  89.185% ########
(       2,       3 ]  1247033   7.898%  97.083% ##
(       3,       4 ]   230739   1.461%  98.544% 
(       4,       6 ]    74041   0.469%  99.013% 
(       6,      10 ]    22662   0.144%  99.157% 
(      10,      15 ]     8655   0.055%  99.212% 
(      15,      22 ]     4973   0.031%  99.243% 
(      22,      34 ]     1756   0.011%  99.254% 
(      34,      51 ]     4636   0.029%  99.284% 
(      51,      76 ]     9959   0.063%  99.347% 
(      76,     110 ]     6618   0.042%  99.389% 
(     110,     170 ]    23235   0.147%  99.536% 
(     170,     250 ]    28082   0.178%  99.714% 
(     250,     380 ]    34122   0.216%  99.930% 
(     380,     580 ]    34979   0.222% 100.151% 
(     580,     870 ]    29879   0.189% 100.340% 
(     870,    1300 ]    20094   0.127% 100.468% 
(    1300,    1900 ]    16274   0.103% 100.571% 
(    1900,    2900 ]    12754   0.081% 100.652% 
(    2900,    4400 ]     6995   0.044% 100.696% 
(    4400,    6600 ]     3567   0.023% 100.718% 
(    6600,    9900 ]     1360   0.009% 100.727% 
(    9900,   14000 ]      734   0.005% 100.732% 
(   14000,   22000 ]      926   0.006% 100.738% 
(   22000,   33000 ]      828   0.005% 100.743% 
(   33000,   50000 ]      947   0.006% 100.749% 
(   50000,   75000 ]     1108   0.007% 100.756% 
(   75000,  110000 ]     1104   0.007% 100.763% 
(  110000,  170000 ]     1035   0.007% 100.769% 
(  170000,  250000 ]      537   0.003% 100.773% 
(  250000,  380000 ]      265   0.002% 100.774% 
(  380000,  570000 ]       61   0.000% 100.775% 
(  570000,  860000 ]       18   0.000% 100.775% 
(  860000, 1200000 ]        6   0.000% 100.775% 
( 1200000, 1900000 ]       21   0.000% 100.775% 
( 1900000, 2900000 ]       11   0.000% 100.775% 
( 2900000, 4300000 ]        2   0.000% 100.775% 
( 4300000, 6500000 ]        2   0.000% 100.775% 


** DB Stats **
Uptime(secs): 1267.2 total, 3.0 interval
Cumulative writes: 55M writes, 55M keys, 7240K commit groups, 7.7 writes per commit group, ingest: 54.53 GB, 44.06 MB/s
Cumulative WAL: 55M writes, 0 syncs, 55995365.00 writes per sync, written: 54.53 GB, 44.06 MB/s
Cumulative stall: 00:18:33.076 H:M:S, 87.8 percent
Interval writes: 120K writes, 120K keys, 15K commit groups, 7.8 writes per commit group, ingest: 119.96 MB, 40.01 MB/s
Interval WAL: 120K writes, 0 syncs, 120302.00 writes per sync, written: 0.12 GB, 40.01 MB/s
Interval stall: 00:00:2.345 H:M:S, 78.2 percent
Write Stall (count): write-buffer-manager-limit-stops: 0
num-running-compactions: 2
num-running-flushes: 0

2026/08/31-02:34:16  ... thread 11: (74000,3499000) ops and (2306.8,2761.2) ops/second in (32.078562,1267.209156) seconds
2026/08/31-02:34:16  ... thread 12: (74000,3499000) ops and (2307.3,2761.2) ops/second in (32.072278,1267.212745) seconds
2026/08/31-02:34:16  ... thread 13: (73000,3502000) ops and (2277.3,2763.5) ops/second in (32.055826,1267.215102) seconds
2026/08/31-02:34:16  ... thread 3: (75000,3502000) ops and (2337.2,2763.5) ops/second in (32.089793,1267.216200) seconds
2026/08/31-02:34:16  ... thread 4: (74000,3501000) ops and (2306.7,2762.7) ops/second in (32.080147,1267.216331) seconds
2026/08/31-02:34:16  ... thread 1: (74000,3500000) ops and (2307.2,2762.0) ops/second in (32.073603,1267.219105) seconds
2026/08/31-02:34:16  ... thread 2: (74000,3502000) ops and (2308.0,2763.5) ops/second in (32.062776,1267.219250) seconds
2026/08/31-02:34:16  ... thread 7: (74000,3500000) ops and (2308.0,2762.0) ops/second in (32.061853,1267.220062) seconds
2026/08/31-02:34:53  ... thread 9: (77000,3575000) ops and (2052.6,2740.1) ops/second in (37.513896,1304.719707) seconds
2026/08/31-02:34:53  ... thread 15: (77000,3576000) ops and (2052.0,2740.8) ops/second in (37.523633,1304.724513) seconds
2026/08/31-02:34:53  ... thread 10: (77000,3578000) ops and (2051.9,2742.3) ops/second in (37.526981,1304.724719) seconds
2026/08/31-02:34:53  ... thread 8: (77000,3575000) ops and (2051.4,2740.0) ops/second in (37.534833,1304.735187) seconds
2026/08/31-02:34:53  ... thread 4: (77000,3578000) ops and (2052.3,2742.3) ops/second in (37.519322,1304.735653) seconds
2026/08/31-02:34:53  ... thread 14: (77000,3577000) ops and (2051.2,2741.5) ops/second in (37.538895,1304.736586) seconds
2026/08/31-02:34:53  ... thread 12: (77000,3576000) ops and (2051.9,2740.8) ops/second in (37.526175,1304.738920) seconds
2026/08/31-02:34:53  ... thread 3: (77000,3579000) ops and (2051.8,2743.1) ops/second in (37.527427,1304.743627) seconds
2026/08/31-02:34:53  ... thread 0: (77000,3575000) ops and (2051.3,2740.0) ops/second in (37.536840,1304.743630) seconds
2026/08/31-02:34:53  ... thread 13: (77000,3579000) ops and (2051.8,2743.1) ops/second in (37.528560,1304.743662) seconds
2026/08/31-02:34:53  ... thread 11: (77000,3576000) ops and (2051.4,2740.8) ops/second in (37.534983,1304.744139) seconds

** Compaction Stats [default] **
Level    Files   Size     Score Read(GB)  Rn(GB) Rnp1(GB) Write(GB) WPreComp(GB) Wnew(GB) Moved(GB) W-Amp Rd(MB/s) Wr(MB/s) Comp(sec) CompMergeCPU(sec) Comp(cnt) Avg(sec) KeyIn KeyDrop Rblob(GB) Wblob(GB)
-------------------------------------------------------------------------------------------------------------------------------------------------------------------------------------------------------------
  L0     11/4      1.82 GB   1.8     50.0     0.0     50.0     106.2     106.2     56.2       0.0   1.9     18.2     38.6   2818.84            222.56      1120    2.517    108M    49K       0.0       0.0
  L1    131/17     7.76 GB   1.7    158.9    54.4    104.5     156.2     156.2     51.7       0.0   2.9    269.6    265.0    603.45            486.03        33   18.286    161M  2728K       0.0       0.0
  L2    665/55    37.05 GB   0.9    110.0    36.0     73.9     103.1     103.1     29.2       8.0   2.9     16.8     15.8   6694.05            386.30       552   12.127    111M  7010K       0.0       0.0
 Sum    807/76    46.63 GB   0.0    318.9    90.4    228.5     365.5     365.5    137.0       8.0   6.5     32.3     37.0  10116.34           1094.88      1705    5.933    381M  9789K       0.0       0.0
 Int      0/0      0.00 KB   0.0     13.7     4.1      9.6      14.4      14.4      4.9       0.0  10.8     33.5     35.5    417.21             52.70        46    9.070     15M   560K       0.0       0.0

** Compaction Stats [default] **
Priority    Files   Size     Score Read(GB)  Rn(GB) Rnp1(GB) Write(GB) WPreComp(GB) Wnew(GB) Moved(GB) W-Amp Rd(MB/s) Wr(MB/s) Comp(sec) CompMergeCPU(sec) Comp(cnt) Avg(sec) KeyIn KeyDrop Rblob(GB) Wblob(GB)
----------------------------------------------------------------------------------------------------------------------------------------------------------------------------------------------------------------
 Low      0/0      0.00 KB   0.0    318.9    90.4    228.5     309.2     309.2     80.8       0.0   0.0     39.5     38.3   8262.29            998.03       781   10.579    324M  9789K       0.0       0.0
High      0/0      0.00 KB   0.0      0.0     0.0      0.0      56.2      56.2     56.2       0.0   0.0      0.0     31.1   1854.05             96.85       924    2.007     57M      0       0.0       0.0

Blob file count: 0, total size: 0.0 GB, garbage size: 0.0 GB, space amp: 0.0

Uptime(secs): 1304.8 total, 40.5 interval
Flush(GB): cumulative 56.232, interval 1.334
AddFile(GB): cumulative 0.000, interval 0.000
AddFile(Total Files): cumulative 0, interval 0
AddFile(L0 Files): cumulative 0, interval 0
AddFile(Keys): cumulative 0, interval 0
Cumulative compaction: 365.47 GB write, 286.83 MB/s write, 318.88 GB read, 250.27 MB/s read, 10116.3 seconds
Interval compaction: 14.45 GB write, 365.04 MB/s write, 13.67 GB read, 345.28 MB/s read, 417.2 seconds
Estimated pending compaction bytes: 39436384753
Write Stall (count): cf-l0-file-count-limit-delays-with-ongoing-compaction: 51, cf-l0-file-count-limit-stops-with-ongoing-compaction: 0, l0-file-count-limit-delays: 51, l0-file-count-limit-stops: 0, memtable-limit-delays: 0, memtable-limit-stops: 772, pending-compaction-bytes-delays: 0, pending-compaction-bytes-stops: 0, total-delays: 51, total-stops: 772
interval: 21 total count
Block cache AutoHyperClockCache@0x5711ef9dd2d0#2018912 capacity: 512.00 MB seed: 591891029 usage: 13.98 MB table_size: 5966 occupancy: 3322 collections: 8 last_copies: 0 last_secs: 0.000497 secs_since: 40
Block cache entry stats(count,size,portion): Misc(3322,13.61 MB,2.65855%)

** File Read Latency Histogram By Level [default] **
** Level 0 read latency histogram (micros):
Count: 26437955 Average: 3.3030  StdDev: 1650.65
Min: 0  Median: 0.9138  Max: 4154556
Percentiles: P50: 0.91 P75: 1.53 P99: 2.98 P99.9: 4.51 P99.99: 5.25
------------------------------------------------------
[       0,       1 ] 14465955  54.717%  54.717% ###########
(       1,       2 ] 10197671  38.572%  93.289% ########
(       2,       3 ]  1544910   5.844%  99.132% #
(       3,       4 ]   186704   0.706%  99.838% 
(       4,       6 ]    64025   0.242% 100.081% 
(       6,      10 ]    29441   0.111% 100.192% 
(      10,      15 ]    10497   0.040% 100.232% 
(      15,      22 ]     6260   0.024% 100.255% 
(      22,      34 ]      450   0.002% 100.257% 
(      34,      51 ]       78   0.000% 100.257% 
(      51,      76 ]      338   0.001% 100.259% 
(      76,     110 ]      654   0.002% 100.261% 
(     110,     170 ]       29   0.000% 100.261% 
(     170,     250 ]       13   0.000% 100.261% 
(     250,     380 ]       33   0.000% 100.261% 
(     380,     580 ]        8   0.000% 100.261% 
(     580,     870 ]       42   0.000% 100.262% 
(     870,    1300 ]       85   0.000% 100.262% 
(    1300,    1900 ]       62   0.000% 100.262% 
(    1900,    2900 ]       11   0.000% 100.262% 
(    2900,    4400 ]        3   0.000% 100.262% 
(    4400,    6600 ]        6   0.000% 100.262% 
(    6600,    9900 ]        5   0.000% 100.262% 
(    9900,   14000 ]        7   0.000% 100.262% 
(   14000,   22000 ]       14   0.000% 100.262% 
(   22000,   33000 ]       32   0.000% 100.262% 
(   33000,   50000 ]       18   0.000% 100.262% 
(   50000,   75000 ]       66   0.000% 100.263% 
(   75000,  110000 ]       37   0.000% 100.263% 
(  110000,  170000 ]       20   0.000% 100.263% 
(  170000,  250000 ]        9   0.000% 100.263% 
(  250000,  380000 ]        7   0.000% 100.263% 
(  380000,  570000 ]        1   0.000% 100.263% 
(  570000,  860000 ]        2   0.000% 100.263% 
( 1200000, 1900000 ]        8   0.000% 100.263% 
( 1900000, 2900000 ]        4   0.000% 100.263% 
( 2900000, 4300000 ]        2   0.000% 100.263% 

** Level 1 read latency histogram (micros):
Count: 37057140 Average: 1.5413  StdDev: 25.64
Min: 0  Median: 0.8757  Max: 70080
Percentiles: P50: 0.88 P75: 1.49 P99: 2.92 P99.9: 3.62 P99.99: 3.74
------------------------------------------------------
[       0,       1 ] 21158164  57.096%  57.096% ###########
(       1,       2 ] 13676246  36.906%  94.002% #######
(       2,       3 ]  2003719   5.407%  99.409% #
(       3,       4 ]   292393   0.789% 100.198% 
(       4,       6 ]   111593   0.301% 100.499% 
(       6,      10 ]    54967   0.148% 100.647% 
(      10,      15 ]    14996   0.040% 100.688% 
(      15,      22 ]     9230   0.025% 100.713% 
(      22,      34 ]      891   0.002% 100.715% 
(      34,      51 ]      278   0.001% 100.716% 
(      51,      76 ]      796   0.002% 100.718% 
(      76,     110 ]     1099   0.003% 100.721% 
(     110,     170 ]      318   0.001% 100.722% 
(     170,     250 ]      106   0.000% 100.722% 
(     250,     380 ]       16   0.000% 100.722% 
(     380,     580 ]        5   0.000% 100.722% 
(     580,     870 ]       11   0.000% 100.722% 
(    1300,    1900 ]        3   0.000% 100.722% 
(    1900,    2900 ]        5   0.000% 100.722% 
(    2900,    4400 ]        9   0.000% 100.722% 
(    4400,    6600 ]        1   0.000% 100.722% 
(   50000,   75000 ]        5   0.000% 100.722% 

** Level 2 read latency histogram (micros):
Count: 16841451 Average: 66.1830  StdDev: 4293.96
Min: 0  Median: 1.0788  Max: 5451179
Percentiles: P50: 1.08 P75: 1.69 P99: 71.99 P99.9: 513.01 P99.99: 578.06
------------------------------------------------------
[       0,       1 ]  7876115  46.766%  46.766% #########
(       1,       2 ]  6912390  41.044%  87.810% ########
(       2,       3 ]  1453538   8.631%  96.441% ##
(       3,       4 ]   281315   1.670%  98.111% 
(       4,       6 ]    90375   0.537%  98.648% 
(       6,      10 ]    25123   0.149%  98.797% 
(      10,      15 ]    10269   0.061%  98.858% 
(      15,      22 ]     5933   0.035%  98.893% 
(      22,      34 ]     2135   0.013%  98.906% 
(      34,      51 ]     5595   0.033%  98.939% 
(      51,      76 ]    12207   0.072%  99.012% 
(      76,     110 ]     8367   0.050%  99.061% 
(     110,     170 ]    29788   0.177%  99.238% 
(     170,     250 ]    35787   0.212%  99.451% 
(     250,     380 ]    44683   0.265%  99.716% 
(     380,     580 ]    46598   0.277%  99.993% 
(     580,     870 ]    40650   0.241% 100.234% 
(     870,    1300 ]    27605   0.164% 100.398% 
(    1300,    1900 ]    21532   0.128% 100.526% 
(    1900,    2900 ]    16615   0.099% 100.624% 
(    2900,    4400 ]     8974   0.053% 100.678% 
(    4400,    6600 ]     4631   0.027% 100.705% 
(    6600,    9900 ]     1762   0.010% 100.716% 
(    9900,   14000 ]      879   0.005% 100.721% 
(   14000,   22000 ]     1133   0.007% 100.728% 
(   22000,   33000 ]     1034   0.006% 100.734% 
(   33000,   50000 ]     1169   0.007% 100.741% 
(   50000,   75000 ]     1359   0.008% 100.749% 
(   75000,  110000 ]     1338   0.008% 100.757% 
(  110000,  170000 ]     1284   0.008% 100.764% 
(  170000,  250000 ]      648   0.004% 100.768% 
(  250000,  380000 ]      298   0.002% 100.770% 
(  380000,  570000 ]       65   0.000% 100.770% 
(  570000,  860000 ]       19   0.000% 100.770% 
(  860000, 1200000 ]       18   0.000% 100.771% 
( 1200000, 1900000 ]       23   0.000% 100.771% 
( 1900000, 2900000 ]       11   0.000% 100.771% 
( 2900000, 4300000 ]        2   0.000% 100.771% 
( 4300000, 6500000 ]        2   0.000% 100.771% 


** DB Stats **
Uptime(secs): 1304.8 total, 37.5 interval
Cumulative writes: 57M writes, 57M keys, 7401K commit groups, 7.7 writes per commit group, ingest: 55.73 GB, 43.74 MB/s
Cumulative WAL: 57M writes, 0 syncs, 57231556.00 writes per sync, written: 55.73 GB, 43.74 MB/s
Cumulative stall: 00:19:7.918 H:M:S, 88.0 percent
Interval writes: 1236K writes, 1236K keys, 161K commit groups, 7.7 writes per commit group, ingest: 1232.64 MB, 32.84 MB/s
Interval WAL: 1236K writes, 0 syncs, 1236191.00 writes per sync, written: 1.20 GB, 32.84 MB/s
Interval stall: 00:00:34.843 H:M:S, 92.8 percent
Write Stall (count): write-buffer-manager-limit-stops: 0
num-running-compactions: 18
num-running-flushes: 0

2026/08/31-02:34:53  ... thread 1: (77000,3577000) ops and (2051.8,2741.5) ops/second in (37.527472,1304.746577) seconds
2026/08/31-02:34:53  ... thread 6: (78000,3577000) ops and (2077.2,2741.5) ops/second in (37.550172,1304.750418) seconds
2026/08/31-02:34:53  ... thread 7: (77000,3577000) ops and (2051.6,2741.5) ops/second in (37.531140,1304.751202) seconds
2026/08/31-02:34:53  ... thread 2: (77000,3579000) ops and (2051.5,2743.1) ops/second in (37.532638,1304.751888) seconds
2026/08/31-02:34:53  ... thread 5: (78000,3576000) ops and (2076.7,2740.7) ops/second in (37.560482,1304.752416) seconds
2026/08/31-02:35:27  ... thread 7: (103000,3680000) ops and (3073.9,2749.8) ops/second in (33.507599,1338.258801) seconds
2026/08/31-02:35:27  ... thread 12: (104000,3680000) ops and (3102.0,2749.8) ops/second in (33.526369,1338.265289) seconds
2026/08/31-02:35:27  ... thread 2: (103000,3682000) ops and (3073.2,2751.3) ops/second in (33.515293,1338.267181) seconds
2026/08/31-02:35:27  ... thread 10: (104000,3682000) ops and (3100.4,2751.3) ops/second in (33.544370,1338.269089) seconds
2026/08/31-02:35:27  ... thread 13: (104000,3683000) ops and (3102.1,2752.1) ops/second in (33.525760,1338.269422) seconds
2026/08/31-02:35:27  ... thread 8: (104000,3679000) ops and (3101.2,2749.1) ops/second in (33.535171,1338.270358) seconds
2026/08/31-02:35:27  ... thread 5: (104000,3680000) ops and (3102.7,2749.8) ops/second in (33.518997,1338.271413) seconds
2026/08/31-02:35:27  ... thread 0: (104000,3679000) ops and (3101.8,2749.1) ops/second in (33.528994,1338.272624) seconds

** Compaction Stats [default] **
Level    Files   Size     Score Read(GB)  Rn(GB) Rnp1(GB) Write(GB) WPreComp(GB) Wnew(GB) Moved(GB) W-Amp Rd(MB/s) Wr(MB/s) Comp(sec) CompMergeCPU(sec) Comp(cnt) Avg(sec) KeyIn KeyDrop Rblob(GB) Wblob(GB)
-------------------------------------------------------------------------------------------------------------------------------------------------------------------------------------------------------------
  L0     19/18     3.40 GB   0.2     51.5     0.0     51.5     109.2     109.2     57.8       0.0   1.9     18.2     38.6   2901.08            229.51      1152    2.518    111M    51K       0.0       0.0
  L1    105/105    6.28 GB   0.0    158.9    54.4    104.5     156.2     156.2     51.7       0.0   2.9    269.6    265.0    603.45            486.03        33   18.286    161M  2728K       0.0       0.0
  L2    684/0     38.04 GB   1.0    115.3    37.4     77.9     108.0     108.0     30.1       8.0   2.9     16.6     15.5   7134.32            416.02       576   12.386    117M  7477K       0.0       0.0
 Sum    808/123   47.71 GB   0.0    325.7    91.8    233.9     373.4     373.4    139.5       8.0   6.5     31.3     35.9  10638.85           1131.57      1761    6.041    390M    10M       0.0       0.0
 Int      0/0      0.00 KB   0.0      1.2     0.2      1.0       1.6       1.6      0.6       0.0   3.3     12.3     16.8     97.53              5.96        13    7.502   1691K    60K       0.0       0.0

** Compaction Stats [default] **
Priority    Files   Size     Score Read(GB)  Rn(GB) Rnp1(GB) Write(GB) WPreComp(GB) Wnew(GB) Moved(GB) W-Amp Rd(MB/s) Wr(MB/s) Comp(sec) CompMergeCPU(sec) Comp(cnt) Avg(sec) KeyIn KeyDrop Rblob(GB) Wblob(GB)
----------------------------------------------------------------------------------------------------------------------------------------------------------------------------------------------------------------
 Low      0/0      0.00 KB   0.0    325.7    91.8    233.9     315.6     315.6     81.7       0.0   0.0     38.2     37.0   8734.94           1031.84       811   10.771    331M    10M       0.0       0.0
High      0/0      0.00 KB   0.0      0.0     0.0      0.0      57.8      57.8     57.8       0.0   0.0      0.0     31.1   1903.91             99.72       950    2.004     58M      0       0.0       0.0

Blob file count: 0, total size: 0.0 GB, garbage size: 0.0 GB, space amp: 0.0

Uptime(secs): 1338.3 total, 14.1 interval
Flush(GB): cumulative 57.811, interval 0.487
AddFile(GB): cumulative 0.000, interval 0.000
AddFile(Total Files): cumulative 0, interval 0
AddFile(L0 Files): cumulative 0, interval 0
AddFile(Keys): cumulative 0, interval 0
Cumulative compaction: 373.40 GB write, 285.71 MB/s write, 325.69 GB read, 249.21 MB/s read, 10638.8 seconds
Interval compaction: 1.60 GB write, 116.79 MB/s write, 1.18 GB read, 85.63 MB/s read, 97.5 seconds
Estimated pending compaction bytes: 40430085139
Write Stall (count): cf-l0-file-count-limit-delays-with-ongoing-compaction: 51, cf-l0-file-count-limit-stops-with-ongoing-compaction: 0, l0-file-count-limit-delays: 51, l0-file-count-limit-stops: 0, memtable-limit-delays: 0, memtable-limit-stops: 791, pending-compaction-bytes-delays: 0, pending-compaction-bytes-stops: 0, total-delays: 51, total-stops: 791
interval: 6 total count
Block cache AutoHyperClockCache@0x5711ef9dd2d0#2018912 capacity: 512.00 MB seed: 591891029 usage: 13.98 MB table_size: 5966 occupancy: 3322 collections: 8 last_copies: 1 last_secs: 0.000497 secs_since: 74
Block cache entry stats(count,size,portion): Misc(3322,13.61 MB,2.65855%)

** File Read Latency Histogram By Level [default] **
** Level 0 read latency histogram (micros):
Count: 27078637 Average: 3.3191  StdDev: 1648.96
Min: 0  Median: 0.9151  Max: 4154556
Percentiles: P50: 0.92 P75: 1.53 P99: 2.98 P99.9: 4.51 P99.99: 5.25
------------------------------------------------------
[       0,       1 ] 14795401  54.639%  54.639% ###########
(       1,       2 ] 10455304  38.611%  93.250% ########
(       2,       3 ]  1591256   5.876%  99.126% #
(       3,       4 ]   192692   0.712%  99.838% 
(       4,       6 ]    65824   0.243% 100.081% 
(       6,      10 ]    30244   0.112% 100.192% 
(      10,      15 ]    10746   0.040% 100.232% 
(      15,      22 ]     6376   0.024% 100.256% 
(      22,      34 ]      460   0.002% 100.257% 
(      34,      51 ]       82   0.000% 100.258% 
(      51,      76 ]      343   0.001% 100.259% 
(      76,     110 ]      682   0.003% 100.261% 
(     110,     170 ]       31   0.000% 100.261% 
(     170,     250 ]       13   0.000% 100.262% 
(     250,     380 ]       35   0.000% 100.262% 
(     380,     580 ]        8   0.000% 100.262% 
(     580,     870 ]       43   0.000% 100.262% 
(     870,    1300 ]       86   0.000% 100.262% 
(    1300,    1900 ]       66   0.000% 100.262% 
(    1900,    2900 ]       14   0.000% 100.262% 
(    2900,    4400 ]        4   0.000% 100.262% 
(    4400,    6600 ]        6   0.000% 100.262% 
(    6600,    9900 ]        7   0.000% 100.263% 
(    9900,   14000 ]        7   0.000% 100.263% 
(   14000,   22000 ]       15   0.000% 100.263% 
(   22000,   33000 ]       32   0.000% 100.263% 
(   33000,   50000 ]       18   0.000% 100.263% 
(   50000,   75000 ]       67   0.000% 100.263% 
(   75000,  110000 ]       39   0.000% 100.263% 
(  110000,  170000 ]       20   0.000% 100.263% 
(  170000,  250000 ]        9   0.000% 100.263% 
(  250000,  380000 ]        7   0.000% 100.263% 
(  380000,  570000 ]        1   0.000% 100.263% 
(  570000,  860000 ]        2   0.000% 100.263% 
( 1200000, 1900000 ]        9   0.000% 100.263% 
( 1900000, 2900000 ]        4   0.000% 100.263% 
( 2900000, 4300000 ]        2   0.000% 100.263% 

** Level 1 read latency histogram (micros):
Count: 37739857 Average: 1.5458  StdDev: 25.41
Min: 0  Median: 0.8796  Max: 70080
Percentiles: P50: 0.88 P75: 1.49 P99: 2.93 P99.9: 3.65 P99.99: 3.76
------------------------------------------------------
[       0,       1 ] 21453770  56.846%  56.846% ###########
(       1,       2 ] 13964151  37.001%  93.848% #######
(       2,       3 ]  2083292   5.520%  99.368% #
(       3,       4 ]   307539   0.815% 100.183% 
(       4,       6 ]   117261   0.311% 100.493% 
(       6,      10 ]    57029   0.151% 100.644% 
(      10,      15 ]    15531   0.041% 100.686% 
(      15,      22 ]     9551   0.025% 100.711% 
(      22,      34 ]      940   0.002% 100.713% 
(      34,      51 ]      282   0.001% 100.714% 
(      51,      76 ]      796   0.002% 100.716% 
(      76,     110 ]     1108   0.003% 100.719% 
(     110,     170 ]      319   0.001% 100.720% 
(     170,     250 ]      106   0.000% 100.720% 
(     250,     380 ]       16   0.000% 100.720% 
(     380,     580 ]        6   0.000% 100.720% 
(     580,     870 ]       11   0.000% 100.720% 
(    1300,    1900 ]        3   0.000% 100.720% 
(    1900,    2900 ]        5   0.000% 100.720% 
(    2900,    4400 ]        9   0.000% 100.720% 
(    4400,    6600 ]        1   0.000% 100.720% 
(   50000,   75000 ]        5   0.000% 100.720% 

** Level 2 read latency histogram (micros):
Count: 17421111 Average: 70.6598  StdDev: 4587.53
Min: 0  Median: 1.0969  Max: 5451179
Percentiles: P50: 1.10 P75: 1.70 P99: 148.75 P99.9: 567.16 P99.99: 657.94
------------------------------------------------------
[       0,       1 ]  8016260  46.015%  46.015% #########
(       1,       2 ]  7165170  41.129%  87.144% ########
(       2,       3 ]  1559439   8.951%  96.095% ##
(       3,       4 ]   306062   1.757%  97.852% 
(       4,       6 ]    97803   0.561%  98.414% 
(       6,      10 ]    26547   0.152%  98.566% 
(      10,      15 ]    11110   0.064%  98.630% 
(      15,      22 ]     6533   0.038%  98.667% 
(      22,      34 ]     2466   0.014%  98.681% 
(      34,      51 ]     7311   0.042%  98.723% 
(      51,      76 ]    14732   0.085%  98.808% 
(      76,     110 ]    10168   0.058%  98.866% 
(     110,     170 ]    36073   0.207%  99.073% 
(     170,     250 ]    42677   0.245%  99.318% 
(     250,     380 ]    51812   0.297%  99.616% 
(     380,     580 ]    52924   0.304%  99.919% 
(     580,     870 ]    45699   0.262% 100.182% 
(     870,    1300 ]    30987   0.178% 100.360% 
(    1300,    1900 ]    24259   0.139% 100.499% 
(    1900,    2900 ]    18793   0.108% 100.607% 
(    2900,    4400 ]    10133   0.058% 100.665% 
(    4400,    6600 ]     5184   0.030% 100.695% 
(    6600,    9900 ]     1915   0.011% 100.706% 
(    9900,   14000 ]      952   0.005% 100.711% 
(   14000,   22000 ]     1218   0.007% 100.718% 
(   22000,   33000 ]     1127   0.006% 100.725% 
(   33000,   50000 ]     1305   0.007% 100.732% 
(   50000,   75000 ]     1470   0.008% 100.741% 
(   75000,  110000 ]     1448   0.008% 100.749% 
(  110000,  170000 ]     1404   0.008% 100.757% 
(  170000,  250000 ]      707   0.004% 100.761% 
(  250000,  380000 ]      309   0.002% 100.763% 
(  380000,  570000 ]       69   0.000% 100.763% 
(  570000,  860000 ]       23   0.000% 100.763% 
(  860000, 1200000 ]       25   0.000% 100.763% 
( 1200000, 1900000 ]       23   0.000% 100.764% 
( 1900000, 2900000 ]       11   0.000% 100.764% 
( 2900000, 4300000 ]        6   0.000% 100.764% 
( 4300000, 6500000 ]        2   0.000% 100.764% 


** DB Stats **
Uptime(secs): 1338.3 total, 14.1 interval
Cumulative writes: 58M writes, 58M keys, 7616K commit groups, 7.7 writes per commit group, ingest: 57.35 GB, 43.88 MB/s
Cumulative WAL: 58M writes, 0 syncs, 58896089.00 writes per sync, written: 57.35 GB, 43.88 MB/s
Cumulative stall: 00:19:37.783 H:M:S, 88.0 percent
Interval writes: 439K writes, 439K keys, 56K commit groups, 7.8 writes per commit group, ingest: 438.44 MB, 31.20 MB/s
Interval WAL: 439K writes, 0 syncs, 439709.00 writes per sync, written: 0.43 GB, 31.20 MB/s
Interval stall: 00:00:16.516 H:M:S, 117.5 percent
Write Stall (count): write-buffer-manager-limit-stops: 0
num-running-compactions: 2
num-running-flushes: 1

2026/08/31-02:35:27  ... thread 3: (104000,3683000) ops and (3101.4,2752.0) ops/second in (33.533158,1338.276785) seconds
2026/08/31-02:35:27  ... thread 11: (104000,3680000) ops and (3101.4,2749.8) ops/second in (33.533140,1338.277279) seconds
2026/08/31-02:35:27  ... thread 15: (105000,3681000) ops and (3128.7,2750.5) ops/second in (33.560368,1338.284881) seconds
2026/08/31-02:35:27  ... thread 1: (104000,3681000) ops and (3100.9,2750.5) ops/second in (33.538424,1338.285001) seconds
2026/08/31-02:35:27  ... thread 14: (105000,3682000) ops and (3129.8,2751.3) ops/second in (33.548704,1338.285290) seconds
2026/08/31-02:35:27  ... thread 4: (105000,3683000) ops and (3129.3,2752.0) ops/second in (33.553606,1338.289259) seconds
2026/08/31-02:35:27  ... thread 6: (105000,3682000) ops and (3130.5,2751.3) ops/second in (33.540466,1338.290884) seconds
2026/08/31-02:35:27  ... thread 9: (106000,3681000) ops and (3157.4,2750.5) ops/second in (33.571627,1338.291334) seconds
2026/08/31-02:35:59  ... thread 15: (34000,3715000) ops and (1049.6,2710.3) ops/second in (32.392989,1370.677870) seconds
2026/08/31-02:35:59  ... thread 4: (34000,3717000) ops and (1049.7,2711.8) ops/second in (32.388842,1370.678101) seconds
2026/08/31-02:35:59  ... thread 1: (34000,3715000) ops and (1049.4,2710.3) ops/second in (32.398088,1370.683089) seconds
2026/08/31-02:35:59  ... thread 9: (34000,3715000) ops and (1049.4,2710.3) ops/second in (32.400176,1370.691510) seconds
2026/08/31-02:35:59  ... thread 14: (35000,3717000) ops and (1080.0,2711.8) ops/second in (32.406469,1370.691759) seconds
2026/08/31-02:35:59  ... thread 2: (35000,3717000) ops and (1079.4,2711.8) ops/second in (32.426401,1370.693582) seconds
2026/08/31-02:35:59  ... thread 10: (35000,3717000) ops and (1079.2,2711.8) ops/second in (32.431570,1370.700659) seconds
2026/08/31-02:35:59  ... thread 0: (35000,3714000) ops and (1079.3,2709.6) ops/second in (32.429490,1370.702114) seconds

** Compaction Stats [default] **
Level    Files   Size     Score Read(GB)  Rn(GB) Rnp1(GB) Write(GB) WPreComp(GB) Wnew(GB) Moved(GB) W-Amp Rd(MB/s) Wr(MB/s) Comp(sec) CompMergeCPU(sec) Comp(cnt) Avg(sec) KeyIn KeyDrop Rblob(GB) Wblob(GB)
-------------------------------------------------------------------------------------------------------------------------------------------------------------------------------------------------------------
  L0      9/4    932.86 MB   1.2     52.2     0.0     52.2     110.6     110.6     58.4       0.0   1.9     18.0     38.2   2967.43            232.72      1165    2.547    112M    51K       0.0       0.0
  L1    158/17     9.14 GB   2.0    168.3    57.5    110.8     165.3     165.3     54.5       0.0   2.9    270.1    265.4    637.89            515.79        34   18.761    171M  2963K       0.0       0.0
  L2    684/42    38.04 GB   0.9    115.3    37.4     77.9     108.0     108.0     30.1       8.0   2.9     16.6     15.5   7134.32            416.02       576   12.386    117M  7477K       0.0       0.0
 Sum    851/63    48.08 GB   0.0    335.8    94.9    240.9     383.9     383.9    142.9       8.0   6.6     32.0     36.6  10739.64           1164.53      1775    6.050    401M    10M       0.0       0.0
 Int      0/0      0.00 KB   0.0     11.3     3.3      8.0      12.1      12.1      4.1       0.0  11.0     58.2     62.3    198.32             38.93        27    7.345     12M   295K       0.0       0.0

** Compaction Stats [default] **
Priority    Files   Size     Score Read(GB)  Rn(GB) Rnp1(GB) Write(GB) WPreComp(GB) Wnew(GB) Moved(GB) W-Amp Rd(MB/s) Wr(MB/s) Comp(sec) CompMergeCPU(sec) Comp(cnt) Avg(sec) KeyIn KeyDrop Rblob(GB) Wblob(GB)
----------------------------------------------------------------------------------------------------------------------------------------------------------------------------------------------------------------
 Low      0/0      0.00 KB   0.0    335.8    94.9    240.9     325.5     325.5     84.5       0.0   0.0     39.0     37.8   8807.30           1063.66       815   10.807    341M    10M       0.0       0.0
High      0/0      0.00 KB   0.0      0.0     0.0      0.0      58.4      58.4     58.4       0.0   0.0      0.0     31.0   1932.34            100.88       960    2.013     59M      0       0.0       0.0

Blob file count: 0, total size: 0.0 GB, garbage size: 0.0 GB, space amp: 0.0

Uptime(secs): 1370.7 total, 46.5 interval
Flush(GB): cumulative 58.418, interval 1.094
AddFile(GB): cumulative 0.000, interval 0.000
AddFile(Total Files): cumulative 0, interval 0
AddFile(L0 Files): cumulative 0, interval 0
AddFile(Keys): cumulative 0, interval 0
Cumulative compaction: 383.87 GB write, 286.78 MB/s write, 335.79 GB read, 250.86 MB/s read, 10739.6 seconds
Interval compaction: 12.08 GB write, 266.02 MB/s write, 11.27 GB read, 248.34 MB/s read, 198.3 seconds
Estimated pending compaction bytes: 41865529306
Write Stall (count): cf-l0-file-count-limit-delays-with-ongoing-compaction: 57, cf-l0-file-count-limit-stops-with-ongoing-compaction: 0, l0-file-count-limit-delays: 57, l0-file-count-limit-stops: 0, memtable-limit-delays: 0, memtable-limit-stops: 796, pending-compaction-bytes-delays: 0, pending-compaction-bytes-stops: 0, total-delays: 57, total-stops: 796
interval: 17 total count
Block cache AutoHyperClockCache@0x5711ef9dd2d0#2018912 capacity: 512.00 MB seed: 591891029 usage: 13.98 MB table_size: 5966 occupancy: 3322 collections: 8 last_copies: 1 last_secs: 0.000497 secs_since: 106
Block cache entry stats(count,size,portion): Misc(3322,13.61 MB,2.65855%)

** File Read Latency Histogram By Level [default] **
** Level 0 read latency histogram (micros):
Count: 27712223 Average: 3.2983  StdDev: 1630.53
Min: 0  Median: 0.9180  Max: 4154556
Percentiles: P50: 0.92 P75: 1.53 P99: 2.98 P99.9: 4.59 P99.99: 5.31
------------------------------------------------------
[       0,       1 ] 15093593  54.465%  54.465% ###########
(       1,       2 ] 10721177  38.688%  93.153% ########
(       2,       3 ]  1645774   5.939%  99.092% #
(       3,       4 ]   203320   0.734%  99.825% 
(       4,       6 ]    69674   0.251% 100.077% 
(       6,      10 ]    31234   0.113% 100.190% 
(      10,      15 ]    11258   0.041% 100.230% 
(      15,      22 ]     6654   0.024% 100.254% 
(      22,      34 ]      476   0.002% 100.256% 
(      34,      51 ]       83   0.000% 100.256% 
(      51,      76 ]      346   0.001% 100.258% 
(      76,     110 ]      689   0.002% 100.260% 
(     110,     170 ]       31   0.000% 100.260% 
(     170,     250 ]       13   0.000% 100.260% 
(     250,     380 ]       38   0.000% 100.260% 
(     380,     580 ]        8   0.000% 100.260% 
(     580,     870 ]       43   0.000% 100.260% 
(     870,    1300 ]       86   0.000% 100.261% 
(    1300,    1900 ]       66   0.000% 100.261% 
(    1900,    2900 ]       14   0.000% 100.261% 
(    2900,    4400 ]        4   0.000% 100.261% 
(    4400,    6600 ]        6   0.000% 100.261% 
(    6600,    9900 ]        7   0.000% 100.261% 
(    9900,   14000 ]        7   0.000% 100.261% 
(   14000,   22000 ]       15   0.000% 100.261% 
(   22000,   33000 ]       32   0.000% 100.261% 
(   33000,   50000 ]       18   0.000% 100.261% 
(   50000,   75000 ]       70   0.000% 100.262% 
(   75000,  110000 ]       40   0.000% 100.262% 
(  110000,  170000 ]       21   0.000% 100.262% 
(  170000,  250000 ]        9   0.000% 100.262% 
(  250000,  380000 ]        7   0.000% 100.262% 
(  380000,  570000 ]        1   0.000% 100.262% 
(  570000,  860000 ]        2   0.000% 100.262% 
( 1200000, 1900000 ]        9   0.000% 100.262% 
( 1900000, 2900000 ]        4   0.000% 100.262% 
( 2900000, 4300000 ]        2   0.000% 100.262% 

** Level 1 read latency histogram (micros):
Count: 38923964 Average: 1.5464  StdDev: 25.02
Min: 0  Median: 0.8790  Max: 70080
Percentiles: P50: 0.88 P75: 1.49 P99: 2.94 P99.9: 3.68 P99.99: 3.79
------------------------------------------------------
[       0,       1 ] 22139967  56.880%  56.880% ###########
(       1,       2 ] 14356641  36.884%  93.764% #######
(       2,       3 ]  2170422   5.576%  99.340% #
(       3,       4 ]   322234   0.828% 100.168% 
(       4,       6 ]   121872   0.313% 100.481% 
(       6,      10 ]    59047   0.152% 100.633% 
(      10,      15 ]    16450   0.042% 100.675% 
(      15,      22 ]    10091   0.026% 100.701% 
(      22,      34 ]      988   0.003% 100.703% 
(      34,      51 ]      287   0.001% 100.704% 
(      51,      76 ]      845   0.002% 100.706% 
(      76,     110 ]     1188   0.003% 100.709% 
(     110,     170 ]      334   0.001% 100.710% 
(     170,     250 ]      108   0.000% 100.710% 
(     250,     380 ]       18   0.000% 100.710% 
(     380,     580 ]        6   0.000% 100.710% 
(     580,     870 ]       11   0.000% 100.710% 
(    1300,    1900 ]        3   0.000% 100.710% 
(    1900,    2900 ]        5   0.000% 100.710% 
(    2900,    4400 ]        9   0.000% 100.711% 
(    4400,    6600 ]        1   0.000% 100.711% 
(   50000,   75000 ]        5   0.000% 100.711% 

** Level 2 read latency histogram (micros):
Count: 17637452 Average: 73.6007  StdDev: 4632.37
Min: 0  Median: 1.1020  Max: 5451179
Percentiles: P50: 1.10 P75: 1.71 P99: 162.76 P99.9: 575.06 P99.99: 669.31
------------------------------------------------------
[       0,       1 ]  8078157  45.801%  45.801% #########
(       1,       2 ]  7263814  41.184%  86.985% ########
(       2,       3 ]  1589253   9.011%  95.996% ##
(       3,       4 ]   314473   1.783%  97.779% 
(       4,       6 ]   100276   0.569%  98.347% 
(       6,      10 ]    27048   0.153%  98.501% 
(      10,      15 ]    11353   0.064%  98.565% 
(      15,      22 ]     6681   0.038%  98.603% 
(      22,      34 ]     2480   0.014%  98.617% 
(      34,      51 ]     7654   0.043%  98.660% 
(      51,      76 ]    15436   0.088%  98.748% 
(      76,     110 ]    10648   0.060%  98.808% 
(     110,     170 ]    38446   0.218%  99.026% 
(     170,     250 ]    45544   0.258%  99.285% 
(     250,     380 ]    54924   0.311%  99.596% 
(     380,     580 ]    54987   0.312%  99.908% 
(     580,     870 ]    47128   0.267% 100.175% 
(     870,    1300 ]    31899   0.181% 100.356% 
(    1300,    1900 ]    24799   0.141% 100.496% 
(    1900,    2900 ]    19215   0.109% 100.605% 
(    2900,    4400 ]    10394   0.059% 100.664% 
(    4400,    6600 ]     5325   0.030% 100.694% 
(    6600,    9900 ]     2010   0.011% 100.706% 
(    9900,   14000 ]      978   0.006% 100.711% 
(   14000,   22000 ]     1272   0.007% 100.719% 
(   22000,   33000 ]     1177   0.007% 100.725% 
(   33000,   50000 ]     1370   0.008% 100.733% 
(   50000,   75000 ]     1525   0.009% 100.742% 
(   75000,  110000 ]     1517   0.009% 100.750% 
(  110000,  170000 ]     1501   0.009% 100.759% 
(  170000,  250000 ]      758   0.004% 100.763% 
(  250000,  380000 ]      354   0.002% 100.765% 
(  380000,  570000 ]       80   0.000% 100.766% 
(  570000,  860000 ]       23   0.000% 100.766% 
(  860000, 1200000 ]       26   0.000% 100.766% 
( 1200000, 1900000 ]       23   0.000% 100.766% 
( 1900000, 2900000 ]       11   0.000% 100.766% 
( 2900000, 4300000 ]        6   0.000% 100.766% 
( 4300000, 6500000 ]        2   0.000% 100.766% 


** DB Stats **
Uptime(secs): 1370.7 total, 32.4 interval
Cumulative writes: 59M writes, 59M keys, 7698K commit groups, 7.7 writes per commit group, ingest: 57.90 GB, 43.25 MB/s
Cumulative WAL: 59M writes, 0 syncs, 59456499.00 writes per sync, written: 57.90 GB, 43.25 MB/s
Cumulative stall: 00:20:0.902 H:M:S, 87.6 percent
Interval writes: 560K writes, 560K keys, 81K commit groups, 6.9 writes per commit group, ingest: 558.89 MB, 17.23 MB/s
Interval WAL: 560K writes, 0 syncs, 560410.00 writes per sync, written: 0.55 GB, 17.23 MB/s
Interval stall: 00:00:23.120 H:M:S, 71.3 percent
Write Stall (count): write-buffer-manager-limit-stops: 0
2026/08/31-02:35:59  ... thread 7: (35000,3715000) ops and (1078.8,2710.3) ops/second in (32.443711,1370.702512) seconds
num-running-compactions: 18
num-running-flushes: 0

2026/08/31-02:35:59  ... thread 5: (35000,3715000) ops and (1079.1,2710.3) ops/second in (32.433573,1370.704986) seconds
2026/08/31-02:35:59  ... thread 11: (35000,3715000) ops and (1079.3,2710.3) ops/second in (32.428698,1370.705977) seconds
2026/08/31-02:35:59  ... thread 12: (36000,3716000) ops and (1109.7,2711.0) ops/second in (32.441270,1370.706559) seconds
2026/08/31-02:35:59  ... thread 13: (35000,3718000) ops and (1079.0,2712.5) ops/second in (32.437929,1370.707351) seconds
2026/08/31-02:35:59  ... thread 8: (35000,3714000) ops and (1079.0,2709.5) ops/second in (32.438078,1370.708436) seconds
2026/08/31-02:35:59  ... thread 3: (35000,3718000) ops and (1078.7,2712.4) ops/second in (32.447866,1370.724651) seconds
2026/08/31-02:35:59  ... thread 6: (35000,3717000) ops and (1079.1,2711.7) ops/second in (32.434100,1370.724984) seconds
2026/08/31-02:36:36  ... thread 6: (103000,3820000) ops and (2808.2,2714.2) ops/second in (36.678180,1407.403164) seconds
2026/08/31-02:36:36  ... thread 5: (104000,3819000) ops and (2833.8,2713.5) ops/second in (36.699505,1407.404491) seconds
2026/08/31-02:36:36  ... thread 8: (104000,3818000) ops and (2834.0,2712.8) ops/second in (36.697182,1407.405618) seconds
2026/08/31-02:36:36  ... thread 14: (104000,3821000) ops and (2832.6,2714.9) ops/second in (36.715580,1407.407339) seconds
2026/08/31-02:36:36  ... thread 9: (104000,3819000) ops and (2832.3,2713.5) ops/second in (36.718803,1407.410313) seconds
2026/08/31-02:36:36  ... thread 13: (104000,3822000) ops and (2833.4,2715.6) ops/second in (36.705190,1407.412541) seconds
2026/08/31-02:36:36  ... thread 7: (104000,3819000) ops and (2832.8,2713.5) ops/second in (36.712282,1407.414794) seconds
2026/08/31-02:36:36  ... thread 4: (104000,3821000) ops and (2830.9,2714.9) ops/second in (36.737918,1407.416019) seconds
2026/08/31-02:36:36  ... thread 12: (104000,3820000) ops and (2832.7,2714.2) ops/second in (36.713561,1407.420120) seconds
2026/08/31-02:36:36  ... thread 15: (104000,3819000) ops and (2830.5,2713.5) ops/second in (36.743178,1407.421048) seconds
2026/08/31-02:36:36  ... thread 3: (103000,3821000) ops and (2806.8,2714.9) ops/second in (36.696565,1407.421216) seconds
2026/08/31-02:36:36  ... thread 11: (105000,3820000) ops and (2859.4,2714.2) ops/second in (36.721357,1407.427334) seconds
2026/08/31-02:36:36  ... thread 10: (105000,3822000) ops and (2858.5,2715.6) ops/second in (36.731959,1407.432618) seconds
2026/08/31-02:36:36  ... thread 2: (105000,3822000) ops and (2858.0,2715.6) ops/second in (36.739427,1407.433009) seconds
2026/08/31-02:36:36  ... thread 1: (105000,3820000) ops and (2857.1,2714.2) ops/second in (36.751159,1407.434248) seconds
2026/08/31-02:36:36  ... thread 0: (105000,3819000) ops and (2858.5,2713.4) ops/second in (36.733105,1407.435219) seconds

** Compaction Stats [default] **
Level    Files   Size     Score Read(GB)  Rn(GB) Rnp1(GB) Write(GB) WPreComp(GB) Wnew(GB) Moved(GB) W-Amp Rd(MB/s) Wr(MB/s) Comp(sec) CompMergeCPU(sec) Comp(cnt) Avg(sec) KeyIn KeyDrop Rblob(GB) Wblob(GB)
-------------------------------------------------------------------------------------------------------------------------------------------------------------------------------------------------------------
  L0     15/8      2.49 GB   1.8     53.5     0.0     53.5     113.4     113.4     59.9       0.0   1.9     18.1     38.3   3032.93            239.49      1195    2.538    115M    53K       0.0       0.0
  L1    126/7      7.33 GB   1.7    168.3    57.5    110.8     165.3     165.3     54.5       0.0   2.9    270.1    265.4    637.89            515.79        34   18.761    171M  2963K       0.0       0.0
  L2    706/17    39.24 GB   1.0    121.5    39.2     82.3     113.6     113.6     31.3       8.0   2.9     16.2     15.1   7687.03            451.60       608   12.643    123M  8095K       0.0       0.0
 Sum    847/32    49.05 GB   0.0    343.3    96.7    246.6     392.3     392.3    145.7       8.0   6.5     30.9     35.4  11357.86           1206.89      1837    6.183    410M    11M       0.0       0.0
 Int      0/0      0.00 KB   0.0      5.7     1.4      4.3       6.2       6.2      1.9       0.0   6.4     12.9     14.1    454.55             32.70        43   10.571   6835K   482K       0.0       0.0

** Compaction Stats [default] **
Priority    Files   Size     Score Read(GB)  Rn(GB) Rnp1(GB) Write(GB) WPreComp(GB) Wnew(GB) Moved(GB) W-Amp Rd(MB/s) Wr(MB/s) Comp(sec) CompMergeCPU(sec) Comp(cnt) Avg(sec) KeyIn KeyDrop Rblob(GB) Wblob(GB)
----------------------------------------------------------------------------------------------------------------------------------------------------------------------------------------------------------------
 Low      0/0      0.00 KB   0.0    343.3    96.7    246.6     332.3     332.3     85.7       0.0   0.0     37.5     36.3   9383.92           1102.98       851   11.027    349M    11M       0.0       0.0
High      0/0      0.00 KB   0.0      0.0     0.0      0.0      60.0      60.0     60.0       0.0   0.0      0.0     31.1   1973.94            103.90       986    2.002     61M      0       0.0       0.0

Blob file count: 0, total size: 0.0 GB, garbage size: 0.0 GB, space amp: 0.0

Uptime(secs): 1407.4 total, 23.2 interval
Flush(GB): cumulative 59.998, interval 0.972
AddFile(GB): cumulative 0.000, interval 0.000
AddFile(Total Files): cumulative 0, interval 0
AddFile(L0 Files): cumulative 0, interval 0
AddFile(Keys): cumulative 0, interval 0
Cumulative compaction: 392.32 GB write, 285.43 MB/s write, 343.26 GB read, 249.74 MB/s read, 11357.9 seconds
Interval compaction: 6.24 GB write, 275.43 MB/s write, 5.74 GB read, 253.48 MB/s read, 454.5 seconds
Estimated pending compaction bytes: 41741221261
Write Stall (count): cf-l0-file-count-limit-delays-with-ongoing-compaction: 57, cf-l0-file-count-limit-stops-with-ongoing-compaction: 0, l0-file-count-limit-delays: 57, l0-file-count-limit-stops: 0, memtable-limit-delays: 0, memtable-limit-stops: 819, pending-compaction-bytes-delays: 0, pending-compaction-bytes-stops: 0, total-delays: 57, total-stops: 819
interval: 15 total count
Block cache AutoHyperClockCache@0x5711ef9dd2d0#2018912 capacity: 512.00 MB seed: 591891029 usage: 13.98 MB table_size: 5966 occupancy: 3322 collections: 8 last_copies: 2 last_secs: 0.000497 secs_since: 143
Block cache entry stats(count,size,portion): Misc(3322,13.61 MB,2.65855%)

** File Read Latency Histogram By Level [default] **
** Level 0 read latency histogram (micros):
Count: 28100948 Average: 3.2809  StdDev: 1619.31
Min: 0  Median: 0.9174  Max: 4154556
Percentiles: P50: 0.92 P75: 1.53 P99: 2.99 P99.9: 4.63 P99.99: 5.34
------------------------------------------------------
[       0,       1 ] 15315828  54.503%  54.503% ###########
(       1,       2 ] 10863468  38.659%  93.162% ########
(       2,       3 ]  1664609   5.924%  99.085% #
(       3,       4 ]   206441   0.735%  99.820% 
(       4,       6 ]    71108   0.253% 100.073% 
(       6,      10 ]    31716   0.113% 100.186% 
(      10,      15 ]    11438   0.041% 100.227% 
(      15,      22 ]     6747   0.024% 100.251% 
(      22,      34 ]      484   0.002% 100.252% 
(      34,      51 ]       87   0.000% 100.253% 
(      51,      76 ]      353   0.001% 100.254% 
(      76,     110 ]      709   0.003% 100.256% 
(     110,     170 ]       33   0.000% 100.256% 
(     170,     250 ]       14   0.000% 100.257% 
(     250,     380 ]       40   0.000% 100.257% 
(     380,     580 ]        8   0.000% 100.257% 
(     580,     870 ]       44   0.000% 100.257% 
(     870,    1300 ]       88   0.000% 100.257% 
(    1300,    1900 ]       68   0.000% 100.257% 
(    1900,    2900 ]       17   0.000% 100.257% 
(    2900,    4400 ]        4   0.000% 100.257% 
(    4400,    6600 ]        6   0.000% 100.258% 
(    6600,    9900 ]        7   0.000% 100.258% 
(    9900,   14000 ]        8   0.000% 100.258% 
(   14000,   22000 ]       15   0.000% 100.258% 
(   22000,   33000 ]       34   0.000% 100.258% 
(   33000,   50000 ]       18   0.000% 100.258% 
(   50000,   75000 ]       72   0.000% 100.258% 
(   75000,  110000 ]       40   0.000% 100.258% 
(  110000,  170000 ]       21   0.000% 100.258% 
(  170000,  250000 ]        9   0.000% 100.258% 
(  250000,  380000 ]        7   0.000% 100.258% 
(  380000,  570000 ]        1   0.000% 100.258% 
(  570000,  860000 ]        2   0.000% 100.258% 
( 1200000, 1900000 ]        9   0.000% 100.258% 
( 1900000, 2900000 ]        4   0.000% 100.258% 
( 2900000, 4300000 ]        2   0.000% 100.258% 

** Level 1 read latency histogram (micros):
Count: 39341050 Average: 1.5575  StdDev: 24.89
Min: 0  Median: 0.8863  Max: 70080
Percentiles: P50: 0.89 P75: 1.50 P99: 2.96 P99.9: 3.76 P99.99: 3.86
------------------------------------------------------
[       0,       1 ] 22193169  56.412%  56.412% ###########
(       1,       2 ] 14530284  36.934%  93.346% #######
(       2,       3 ]  2308085   5.867%  99.213% #
(       3,       4 ]   355600   0.904% 100.117% 
(       4,       6 ]   136834   0.348% 100.465% 
(       6,      10 ]    62808   0.160% 100.625% 
(      10,      15 ]    17311   0.044% 100.669% 
(      15,      22 ]    10833   0.028% 100.696% 
(      22,      34 ]     1058   0.003% 100.699% 
(      34,      51 ]      293   0.001% 100.700% 
(      51,      76 ]      846   0.002% 100.702% 
(      76,     110 ]     1193   0.003% 100.705% 
(     110,     170 ]      334   0.001% 100.706% 
(     170,     250 ]      108   0.000% 100.706% 
(     250,     380 ]       18   0.000% 100.706% 
(     380,     580 ]        6   0.000% 100.706% 
(     580,     870 ]       11   0.000% 100.706% 
(    1300,    1900 ]        3   0.000% 100.706% 
(    1900,    2900 ]        6   0.000% 100.706% 
(    2900,    4400 ]        9   0.000% 100.706% 
(    4400,    6600 ]        1   0.000% 100.706% 
(   50000,   75000 ]        5   0.000% 100.706% 

** Level 2 read latency histogram (micros):
Count: 18673423 Average: 83.9567  StdDev: 4764.55
Min: 0  Median: 1.1365  Max: 5451179
Percentiles: P50: 1.14 P75: 1.74 P99: 242.48 P99.9: 713.10 P99.99: 795.68
------------------------------------------------------
[       0,       1 ]  8283325  44.359%  44.359% #########
(       1,       2 ]  7717011  41.326%  85.685% ########
(       2,       3 ]  1808833   9.687%  95.372% ##
(       3,       4 ]   371945   1.992%  97.364% 
(       4,       6 ]   117319   0.628%  97.992% 
(       6,      10 ]    29444   0.158%  98.150% 
(      10,      15 ]    13027   0.070%  98.219% 
(      15,      22 ]     7713   0.041%  98.261% 
(      22,      34 ]     2645   0.014%  98.275% 
(      34,      51 ]     8562   0.046%  98.321% 
(      51,      76 ]    18080   0.097%  98.417% 
(      76,     110 ]    12409   0.066%  98.484% 
(     110,     170 ]    46196   0.247%  98.731% 
(     170,     250 ]    55390   0.297%  99.028% 
(     250,     380 ]    67393   0.361%  99.389% 
(     380,     580 ]    68370   0.366%  99.755% 
(     580,     870 ]    59020   0.316% 100.071% 
(     870,    1300 ]    39383   0.211% 100.282% 
(    1300,    1900 ]    30443   0.163% 100.445% 
(    1900,    2900 ]    23607   0.126% 100.571% 
(    2900,    4400 ]    12930   0.069% 100.641% 
(    4400,    6600 ]     6776   0.036% 100.677% 
(    6600,    9900 ]     2495   0.013% 100.690% 
(    9900,   14000 ]     1218   0.007% 100.697% 
(   14000,   22000 ]     1548   0.008% 100.705% 
(   22000,   33000 ]     1387   0.007% 100.712% 
(   33000,   50000 ]     1639   0.009% 100.721% 
(   50000,   75000 ]     1839   0.010% 100.731% 
(   75000,  110000 ]     1822   0.010% 100.741% 
(  110000,  170000 ]     1870   0.010% 100.751% 
(  170000,  250000 ]      945   0.005% 100.756% 
(  250000,  380000 ]      447   0.002% 100.758% 
(  380000,  570000 ]       92   0.000% 100.759% 
(  570000,  860000 ]       24   0.000% 100.759% 
(  860000, 1200000 ]       26   0.000% 100.759% 
( 1200000, 1900000 ]       23   0.000% 100.759% 
( 1900000, 2900000 ]       12   0.000% 100.759% 
( 2900000, 4300000 ]        7   0.000% 100.759% 
( 4300000, 6500000 ]        2   0.000% 100.759% 


** DB Stats **
Uptime(secs): 1407.4 total, 23.2 interval
Cumulative writes: 61M writes, 61M keys, 7916K commit groups, 7.7 writes per commit group, ingest: 59.53 GB, 43.31 MB/s
Cumulative WAL: 61M writes, 0 syncs, 61130901.00 writes per sync, written: 59.53 GB, 43.31 MB/s
Cumulative stall: 00:20:33.989 H:M:S, 87.7 percent
Interval writes: 953K writes, 953K keys, 124K commit groups, 7.7 writes per commit group, ingest: 950.71 MB, 40.97 MB/s
Interval WAL: 953K writes, 0 syncs, 953440.00 writes per sync, written: 0.93 GB, 40.97 MB/s
Interval stall: 00:00:21.153 H:M:S, 91.1 percent
Write Stall (count): write-buffer-manager-limit-stops: 0
num-running-compactions: 9
num-running-flushes: 1

2026/08/31-02:37:06  ... thread 13: (68000,3890000) ops and (2263.9,2706.2) ops/second in (30.036787,1437.449328) seconds
2026/08/31-02:37:06  ... thread 7: (68000,3887000) ops and (2238.0,2703.4) ops/second in (30.384788,1437.799582) seconds
2026/08/31-02:37:07  ... thread 15: (68000,3887000) ops and (2157.4,2701.3) ops/second in (31.519039,1438.940087) seconds
2026/08/31-02:37:07  ... thread 3: (68000,3889000) ops and (2157.3,2702.7) ops/second in (31.520738,1438.941954) seconds
2026/08/31-02:37:07  ... thread 14: (68000,3889000) ops and (2156.0,2702.7) ops/second in (31.540031,1438.947370) seconds
2026/08/31-02:37:07  ... thread 11: (68000,3888000) ops and (2157.1,2702.0) ops/second in (31.523763,1438.951097) seconds
2026/08/31-02:37:07  ... thread 4: (68000,3889000) ops and (2156.3,2702.7) ops/second in (31.536173,1438.952192) seconds
2026/08/31-02:37:07  ... thread 6: (69000,3889000) ops and (2187.0,2702.7) ops/second in (31.550157,1438.953321) seconds
2026/08/31-02:37:07  ... thread 2: (69000,3891000) ops and (2187.6,2704.0) ops/second in (31.541941,1438.974950) seconds
2026/08/31-02:37:08  ... thread 1: (68000,3888000) ops and (2130.2,2701.2) ops/second in (31.922111,1439.356359) seconds
2026/08/31-02:37:08  ... thread 0: (68000,3887000) ops and (2130.2,2700.5) ops/second in (31.922485,1439.357704) seconds
2026/08/31-02:37:08  ... thread 12: (69000,3889000) ops and (2160.4,2701.9) ops/second in (31.938018,1439.358138) seconds

** Compaction Stats [default] **
Level    Files   Size     Score Read(GB)  Rn(GB) Rnp1(GB) Write(GB) WPreComp(GB) Wnew(GB) Moved(GB) W-Amp Rd(MB/s) Wr(MB/s) Comp(sec) CompMergeCPU(sec) Comp(cnt) Avg(sec) KeyIn KeyDrop Rblob(GB) Wblob(GB)
-------------------------------------------------------------------------------------------------------------------------------------------------------------------------------------------------------------
  L0     18/16     3.58 GB   0.5     54.7     0.0     54.7     115.7     115.7     61.0       0.0   1.9     18.2     38.5   3076.02            244.71      1218    2.525    117M    54K       0.0       0.0
  L1    119/119    6.95 GB   0.0    168.3    57.5    110.8     165.3     165.3     54.5       0.0   2.9    270.1    265.4    637.89            515.79        34   18.761    171M  2963K       0.0       0.0
  L2    713/0     39.48 GB   1.0    122.9    39.6     83.3     114.8     114.8     31.5       8.0   2.9     16.2     15.1   7791.14            458.82       615   12.669    125M  8229K       0.0       0.0
 Sum    850/135   50.01 GB   0.0    345.9    97.0    248.8     395.9     395.9    147.1       8.0   6.5     30.8     35.2  11505.05           1219.32      1867    6.162    414M    11M       0.0       0.0
 Int      0/0      0.00 KB   0.0      8.4     1.8      6.6       9.8       9.8      3.2       0.0   4.8     14.2     16.7    601.74             45.13        73    8.243     10M   617K       0.0       0.0

** Compaction Stats [default] **
Priority    Files   Size     Score Read(GB)  Rn(GB) Rnp1(GB) Write(GB) WPreComp(GB) Wnew(GB) Moved(GB) W-Amp Rd(MB/s) Wr(MB/s) Comp(sec) CompMergeCPU(sec) Comp(cnt) Avg(sec) KeyIn KeyDrop Rblob(GB) Wblob(GB)
----------------------------------------------------------------------------------------------------------------------------------------------------------------------------------------------------------------
 Low      0/0      0.00 KB   0.0    345.9    97.0    248.8     334.8     334.8     86.0       0.0   0.0     37.2     36.0   9511.45           1113.44       863   11.021    351M    11M       0.0       0.0
High      0/0      0.00 KB   0.0      0.0     0.0      0.0      61.1      61.1     61.1       0.0   0.0      0.0     31.4   1993.60            105.88      1004    1.986     62M      0       0.0       0.0

Blob file count: 0, total size: 0.0 GB, garbage size: 0.0 GB, space amp: 0.0

Uptime(secs): 1439.4 total, 55.1 interval
Flush(GB): cumulative 61.091, interval 2.065
AddFile(GB): cumulative 0.000, interval 0.000
AddFile(Total Files): cumulative 0, interval 0
AddFile(L0 Files): cumulative 0, interval 0
AddFile(Keys): cumulative 0, interval 0
Cumulative compaction: 395.90 GB write, 281.65 MB/s write, 345.89 GB read, 246.07 MB/s read, 11505.0 seconds
Interval compaction: 9.83 GB write, 182.59 MB/s write, 8.37 GB read, 155.51 MB/s read, 601.7 seconds
Estimated pending compaction bytes: 44613049592
Write Stall (count): cf-l0-file-count-limit-delays-with-ongoing-compaction: 60, cf-l0-file-count-limit-stops-with-ongoing-compaction: 0, l0-file-count-limit-delays: 60, l0-file-count-limit-stops: 0, memtable-limit-delays: 0, memtable-limit-stops: 829, pending-compaction-bytes-delays: 0, pending-compaction-bytes-stops: 0, total-delays: 60, total-stops: 829
interval: 28 total count
Block cache AutoHyperClockCache@0x5711ef9dd2d0#2018912 capacity: 512.00 MB seed: 591891029 usage: 13.98 MB table_size: 5966 occupancy: 3322 collections: 8 last_copies: 2 last_secs: 0.000497 secs_since: 175
Block cache entry stats(count,size,portion): Misc(3322,13.61 MB,2.65855%)

** File Read Latency Histogram By Level [default] **
** Level 0 read latency histogram (micros):
Count: 28811851 Average: 3.2902  StdDev: 1610.95
Min: 0  Median: 0.9196  Max: 4154556
Percentiles: P50: 0.92 P75: 1.53 P99: 2.99 P99.9: 4.66 P99.99: 5.36
------------------------------------------------------
[       0,       1 ] 15665414  54.371%  54.371% ###########
(       1,       2 ] 11165120  38.752%  93.123% ########
(       2,       3 ]  1713775   5.948%  99.071% #
(       3,       4 ]   214521   0.745%  99.816% 
(       4,       6 ]    73831   0.256% 100.072% 
(       6,      10 ]    32653   0.113% 100.186% 
(      10,      15 ]    11899   0.041% 100.227% 
(      15,      22 ]     6991   0.024% 100.251% 
(      22,      34 ]      504   0.002% 100.253% 
(      34,      51 ]       89   0.000% 100.253% 
(      51,      76 ]      358   0.001% 100.254% 
(      76,     110 ]      725   0.003% 100.257% 
(     110,     170 ]       34   0.000% 100.257% 
(     170,     250 ]       14   0.000% 100.257% 
(     250,     380 ]       43   0.000% 100.257% 
(     380,     580 ]        8   0.000% 100.257% 
(     580,     870 ]       44   0.000% 100.257% 
(     870,    1300 ]       90   0.000% 100.258% 
(    1300,    1900 ]       68   0.000% 100.258% 
(    1900,    2900 ]       17   0.000% 100.258% 
(    2900,    4400 ]        4   0.000% 100.258% 
(    4400,    6600 ]        6   0.000% 100.258% 
(    6600,    9900 ]        7   0.000% 100.258% 
(    9900,   14000 ]        8   0.000% 100.258% 
(   14000,   22000 ]       15   0.000% 100.258% 
(   22000,   33000 ]       34   0.000% 100.258% 
(   33000,   50000 ]       19   0.000% 100.258% 
(   50000,   75000 ]       75   0.000% 100.259% 
(   75000,  110000 ]       41   0.000% 100.259% 
(  110000,  170000 ]       22   0.000% 100.259% 
(  170000,  250000 ]        9   0.000% 100.259% 
(  250000,  380000 ]        7   0.000% 100.259% 
(  380000,  570000 ]        1   0.000% 100.259% 
(  570000,  860000 ]        2   0.000% 100.259% 
(  860000, 1200000 ]        1   0.000% 100.259% 
( 1200000, 1900000 ]        9   0.000% 100.259% 
( 1900000, 2900000 ]        4   0.000% 100.259% 
( 2900000, 4300000 ]        2   0.000% 100.259% 

** Level 1 read latency histogram (micros):
Count: 40406375 Average: 1.5556  StdDev: 24.56
Min: 0  Median: 0.8845  Max: 70080
Percentiles: P50: 0.88 P75: 1.50 P99: 2.96 P99.9: 3.75 P99.99: 3.85
------------------------------------------------------
[       0,       1 ] 22840136  56.526%  56.526% ###########
(       1,       2 ] 14888164  36.846%  93.372% #######
(       2,       3 ]  2365045   5.853%  99.225% #
(       3,       4 ]   362296   0.897% 100.122% 
(       4,       6 ]   139020   0.344% 100.466% 
(       6,      10 ]    64120   0.159% 100.625% 
(      10,      15 ]    17884   0.044% 100.669% 
(      15,      22 ]    11200   0.028% 100.697% 
(      22,      34 ]     1085   0.003% 100.699% 
(      34,      51 ]      298   0.001% 100.700% 
(      51,      76 ]      848   0.002% 100.702% 
(      76,     110 ]     1196   0.003% 100.705% 
(     110,     170 ]      334   0.001% 100.706% 
(     170,     250 ]      108   0.000% 100.706% 
(     250,     380 ]       18   0.000% 100.706% 
(     380,     580 ]        6   0.000% 100.706% 
(     580,     870 ]       11   0.000% 100.706% 
(    1300,    1900 ]        3   0.000% 100.706% 
(    1900,    2900 ]        6   0.000% 100.706% 
(    2900,    4400 ]        9   0.000% 100.706% 
(    4400,    6600 ]        1   0.000% 100.706% 
(   50000,   75000 ]        5   0.000% 100.706% 

** Level 2 read latency histogram (micros):
Count: 18782549 Average: 83.7258  StdDev: 4750.97
Min: 0  Median: 1.1378  Max: 5451179
Percentiles: P50: 1.14 P75: 1.74 P99: 245.68 P99.9: 719.43 P99.99: 801.61
------------------------------------------------------
[       0,       1 ]  8321667  44.305%  44.305% #########
(       1,       2 ]  7762474  41.328%  85.633% ########
(       2,       3 ]  1821181   9.696%  95.330% ##
(       3,       4 ]   375044   1.997%  97.326% 
(       4,       6 ]   117936   0.628%  97.954% 
(       6,      10 ]    29608   0.158%  98.112% 
(      10,      15 ]    13128   0.070%  98.182% 
(      15,      22 ]     7800   0.042%  98.223% 
(      22,      34 ]     2856   0.015%  98.238% 
(      34,      51 ]     9474   0.050%  98.289% 
(      51,      76 ]    19034   0.101%  98.390% 
(      76,     110 ]    12802   0.068%  98.458% 
(     110,     170 ]    47555   0.253%  98.712% 
(     170,     250 ]    57254   0.305%  99.016% 
(     250,     380 ]    68294   0.364%  99.380% 
(     380,     580 ]    68982   0.367%  99.747% 
(     580,     870 ]    59648   0.318% 100.065% 
(     870,    1300 ]    39810   0.212% 100.277% 
(    1300,    1900 ]    30817   0.164% 100.441% 
(    1900,    2900 ]    23920   0.127% 100.568% 
(    2900,    4400 ]    13058   0.070% 100.638% 
(    4400,    6600 ]     6819   0.036% 100.674% 
(    6600,    9900 ]     2499   0.013% 100.687% 
(    9900,   14000 ]     1219   0.006% 100.694% 
(   14000,   22000 ]     1549   0.008% 100.702% 
(   22000,   33000 ]     1391   0.007% 100.710% 
(   33000,   50000 ]     1640   0.009% 100.718% 
(   50000,   75000 ]     1840   0.010% 100.728% 
(   75000,  110000 ]     1823   0.010% 100.738% 
(  110000,  170000 ]     1871   0.010% 100.748% 
(  170000,  250000 ]      945   0.005% 100.753% 
(  250000,  380000 ]      447   0.002% 100.755% 
(  380000,  570000 ]       92   0.000% 100.756% 
(  570000,  860000 ]       24   0.000% 100.756% 
(  860000, 1200000 ]       26   0.000% 100.756% 
( 1200000, 1900000 ]       23   0.000% 100.756% 
( 1900000, 2900000 ]       12   0.000% 100.756% 
( 2900000, 4300000 ]        7   0.000% 100.756% 
( 4300000, 6500000 ]        2   0.000% 100.756% 


** DB Stats **
Uptime(secs): 1439.4 total, 31.9 interval
Cumulative writes: 62M writes, 62M keys, 8062K commit groups, 7.7 writes per commit group, ingest: 60.59 GB, 43.10 MB/s
Cumulative WAL: 62M writes, 0 syncs, 62218630.00 writes per sync, written: 60.59 GB, 43.10 MB/s
Cumulative stall: 00:20:54.056 H:M:S, 87.1 percent
Interval writes: 1087K writes, 1087K keys, 145K commit groups, 7.5 writes per commit group, ingest: 1084.64 MB, 33.98 MB/s
Interval WAL: 1087K writes, 0 syncs, 1087729.00 writes per sync, written: 1.06 GB, 33.98 MB/s
Interval stall: 00:00:20.067 H:M:S, 62.9 percent
Write Stall (count): write-buffer-manager-limit-stops: 0
num-running-compactions: 1
num-running-flushes: 0

2026/08/31-02:37:08  ... thread 8: (69000,3887000) ops and (2159.4,2700.5) ops/second in (31.953981,1439.359599) seconds
2026/08/31-02:37:08  ... thread 10: (68000,3890000) ops and (2129.8,2702.6) ops/second in (31.927956,1439.360574) seconds
2026/08/31-02:37:08  ... thread 9: (69000,3888000) ops and (2159.3,2701.2) ops/second in (31.954070,1439.364383) seconds
2026/08/31-02:37:08  ... thread 5: (69000,3888000) ops and (2158.8,2701.2) ops/second in (31.962263,1439.366754) seconds
2026/08/31-02:37:44  ... thread 13: (67000,3957000) ops and (1771.7,2682.2) ops/second in (37.816201,1475.265529) seconds
2026/08/31-02:37:44  ... thread 7: (67000,3954000) ops and (1788.2,2680.2) ops/second in (37.467197,1475.266779) seconds
2026/08/31-02:37:44  ... thread 5: (66000,3954000) ops and (1838.1,2680.2) ops/second in (35.906520,1475.273274) seconds
2026/08/31-02:37:44  ... thread 11: (67000,3955000) ops and (1844.5,2680.9) ops/second in (36.324383,1475.275480) seconds
2026/08/31-02:37:44  ... thread 15: (67000,3954000) ops and (1843.4,2680.2) ops/second in (36.345867,1475.285954) seconds
2026/08/31-02:37:44  ... thread 14: (67000,3956000) ops and (1843.7,2681.5) ops/second in (36.340909,1475.288279) seconds
2026/08/31-02:37:44  ... thread 2: (67000,3958000) ops and (1844.9,2682.9) ops/second in (36.315827,1475.290777) seconds
2026/08/31-02:37:44  ... thread 9: (67000,3955000) ops and (1864.9,2680.8) ops/second in (35.927168,1475.291551) seconds
2026/08/31-02:37:44  ... thread 4: (67000,3956000) ops and (1843.7,2681.5) ops/second in (36.340337,1475.292529) seconds
2026/08/31-02:37:44  ... thread 8: (67000,3954000) ops and (1864.6,2680.1) ops/second in (35.933063,1475.292662) seconds
2026/08/31-02:37:44  ... thread 6: (67000,3956000) ops and (1843.7,2681.5) ops/second in (36.340147,1475.293468) seconds
2026/08/31-02:37:44  ... thread 10: (67000,3957000) ops and (1864.5,2682.2) ops/second in (35.933720,1475.294294) seconds
2026/08/31-02:37:44  ... thread 3: (67000,3956000) ops and (1843.0,2681.5) ops/second in (36.353247,1475.295201) seconds
2026/08/31-02:37:44  ... thread 12: (67000,3956000) ops and (1864.1,2681.5) ops/second in (35.941364,1475.299502) seconds
2026/08/31-02:37:44  ... thread 0: (67000,3954000) ops and (1864.1,2680.1) ops/second in (35.941716,1475.299420) seconds
2026/08/31-02:37:44  ... thread 1: (67000,3955000) ops and (1864.1,2680.8) ops/second in (35.942913,1475.299272) seconds

** Compaction Stats [default] **
Level    Files   Size     Score Read(GB)  Rn(GB) Rnp1(GB) Write(GB) WPreComp(GB) Wnew(GB) Moved(GB) W-Amp Rd(MB/s) Wr(MB/s) Comp(sec) CompMergeCPU(sec) Comp(cnt) Avg(sec) KeyIn KeyDrop Rblob(GB) Wblob(GB)
-------------------------------------------------------------------------------------------------------------------------------------------------------------------------------------------------------------
  L0     16/10     1.34 GB   1.5     54.9     0.0     54.9     117.0     117.0     62.1       0.0   1.9     18.0     38.4   3118.08            247.32      1236    2.523    119M    55K       0.0       0.0
  L1    152/18     9.12 GB   2.0    178.5    60.7    117.8     175.3     175.3     57.5       0.0   2.9    269.0    264.2    679.34            546.67        35   19.410    181M  3238K       0.0       0.0
  L2    726/42    40.03 GB   0.9    125.6    40.4     85.1     117.2     117.2     32.1       8.0   2.9     16.1     15.0   7979.71            472.79       630   12.666    127M  8521K       0.0       0.0
 Sum    894/70    50.49 GB   0.0    359.0   101.2    257.8     409.5     409.5    151.6       8.0   6.6     31.2     35.6  11777.13           1266.77      1901    6.195    428M    11M       0.0       0.0
 Int      0/0      0.00 KB   0.0     13.1     4.1      9.0      13.5      13.5      4.5       0.0  14.8     49.9     51.2    269.24             47.20        32    8.414     14M   567K       0.0       0.0

** Compaction Stats [default] **
Priority    Files   Size     Score Read(GB)  Rn(GB) Rnp1(GB) Write(GB) WPreComp(GB) Wnew(GB) Moved(GB) W-Amp Rd(MB/s) Wr(MB/s) Comp(sec) CompMergeCPU(sec) Comp(cnt) Avg(sec) KeyIn KeyDrop Rblob(GB) Wblob(GB)
----------------------------------------------------------------------------------------------------------------------------------------------------------------------------------------------------------------
 Low      0/0      0.00 KB   0.0    359.0   101.2    257.8     347.4     347.4     89.5       0.0   0.0     37.7     36.5   9742.80           1158.89       880   11.071    365M    11M       0.0       0.0
High      0/0      0.00 KB   0.0      0.0     0.0      0.0      62.1      62.1     62.1       0.0   0.0      0.0     31.3   2034.33            107.88      1021    1.992     63M      0       0.0       0.0

Blob file count: 0, total size: 0.0 GB, garbage size: 0.0 GB, space amp: 0.0

Uptime(secs): 1475.3 total, 31.1 interval
Flush(GB): cumulative 62.124, interval 0.912
AddFile(GB): cumulative 0.000, interval 0.000
AddFile(Total Files): cumulative 0, interval 0
AddFile(L0 Files): cumulative 0, interval 0
AddFile(Keys): cumulative 0, interval 0
Cumulative compaction: 409.49 GB write, 284.22 MB/s write, 359.00 GB read, 249.18 MB/s read, 11777.1 seconds
Interval compaction: 13.47 GB write, 443.93 MB/s write, 13.11 GB read, 432.28 MB/s read, 269.2 seconds
Estimated pending compaction bytes: 44699697092
Write Stall (count): cf-l0-file-count-limit-delays-with-ongoing-compaction: 63, cf-l0-file-count-limit-stops-with-ongoing-compaction: 0, l0-file-count-limit-delays: 63, l0-file-count-limit-stops: 0, memtable-limit-delays: 0, memtable-limit-stops: 841, pending-compaction-bytes-delays: 0, pending-compaction-bytes-stops: 0, total-delays: 63, total-stops: 841
interval: 13 total count
Block cache AutoHyperClockCache@0x5711ef9dd2d0#2018912 capacity: 512.00 MB seed: 591891029 usage: 15.01 MB table_size: 6410 occupancy: 3567 collections: 9 last_copies: 0 last_secs: 0.000536 secs_since: 31
Block cache entry stats(count,size,portion): Misc(3567,14.62 MB,2.85465%)

** File Read Latency Histogram By Level [default] **
** Level 0 read latency histogram (micros):
Count: 29388267 Average: 3.2725  StdDev: 1595.45
Min: 0  Median: 0.9209  Max: 4154556
Percentiles: P50: 0.92 P75: 1.53 P99: 2.99 P99.9: 4.69 P99.99: 5.39
------------------------------------------------------
[       0,       1 ] 15956099  54.294%  54.294% ###########
(       1,       2 ] 11399910  38.791%  93.085% ########
(       2,       3 ]  1754709   5.971%  99.056% #
(       3,       4 ]   221606   0.754%  99.810% 
(       4,       6 ]    76457   0.260% 100.070% 
(       6,      10 ]    33428   0.114% 100.184% 
(      10,      15 ]    12288   0.042% 100.225% 
(      15,      22 ]     7220   0.025% 100.250% 
(      22,      34 ]      522   0.002% 100.252% 
(      34,      51 ]       92   0.000% 100.252% 
(      51,      76 ]      361   0.001% 100.253% 
(      76,     110 ]      738   0.003% 100.256% 
(     110,     170 ]       34   0.000% 100.256% 
(     170,     250 ]       14   0.000% 100.256% 
(     250,     380 ]       44   0.000% 100.256% 
(     380,     580 ]        8   0.000% 100.256% 
(     580,     870 ]       44   0.000% 100.256% 
(     870,    1300 ]       90   0.000% 100.257% 
(    1300,    1900 ]       68   0.000% 100.257% 
(    1900,    2900 ]       17   0.000% 100.257% 
(    2900,    4400 ]        4   0.000% 100.257% 
(    4400,    6600 ]        6   0.000% 100.257% 
(    6600,    9900 ]        7   0.000% 100.257% 
(    9900,   14000 ]        8   0.000% 100.257% 
(   14000,   22000 ]       15   0.000% 100.257% 
(   22000,   33000 ]       34   0.000% 100.257% 
(   33000,   50000 ]       21   0.000% 100.257% 
(   50000,   75000 ]       76   0.000% 100.257% 
(   75000,  110000 ]       43   0.000% 100.258% 
(  110000,  170000 ]       23   0.000% 100.258% 
(  170000,  250000 ]        9   0.000% 100.258% 
(  250000,  380000 ]        7   0.000% 100.258% 
(  380000,  570000 ]        1   0.000% 100.258% 
(  570000,  860000 ]        2   0.000% 100.258% 
(  860000, 1200000 ]        1   0.000% 100.258% 
( 1200000, 1900000 ]        9   0.000% 100.258% 
( 1900000, 2900000 ]        4   0.000% 100.258% 
( 2900000, 4300000 ]        2   0.000% 100.258% 

** Level 1 read latency histogram (micros):
Count: 41431591 Average: 1.5611  StdDev: 24.26
Min: 0  Median: 0.8876  Max: 70080
Percentiles: P50: 0.89 P75: 1.51 P99: 2.97 P99.9: 3.80 P99.99: 3.89
------------------------------------------------------
[       0,       1 ] 23337999  56.329%  56.329% ###########
(       1,       2 ] 15256876  36.824%  93.153% #######
(       2,       3 ]  2484672   5.997%  99.150% #
(       3,       4 ]   390598   0.943% 100.093% 
(       4,       6 ]   150632   0.364% 100.457% 
(       6,      10 ]    67321   0.162% 100.619% 
(      10,      15 ]    18900   0.046% 100.665% 
(      15,      22 ]    11897   0.029% 100.693% 
(      22,      34 ]     1155   0.003% 100.696% 
(      34,      51 ]      304   0.001% 100.697% 
(      51,      76 ]      885   0.002% 100.699% 
(      76,     110 ]     1285   0.003% 100.702% 
(     110,     170 ]      366   0.001% 100.703% 
(     170,     250 ]      109   0.000% 100.703% 
(     250,     380 ]       18   0.000% 100.703% 
(     380,     580 ]        6   0.000% 100.703% 
(     580,     870 ]       11   0.000% 100.703% 
(    1300,    1900 ]        3   0.000% 100.703% 
(    1900,    2900 ]        6   0.000% 100.703% 
(    2900,    4400 ]        9   0.000% 100.703% 
(    4400,    6600 ]        1   0.000% 100.703% 
(   50000,   75000 ]        5   0.000% 100.703% 

** Level 2 read latency histogram (micros):
Count: 19485206 Average: 88.5518  StdDev: 4936.81
Min: 0  Median: 1.1535  Max: 5451179
Percentiles: P50: 1.15 P75: 1.76 P99: 283.98 P99.9: 759.96 P99.99: 837.12
------------------------------------------------------
[       0,       1 ]  8504598  43.646%  43.646% #########
(       1,       2 ]  8066696  41.399%  85.046% ########
(       2,       3 ]  1936500   9.938%  94.984% ##
(       3,       4 ]   411277   2.111%  97.095% 
(       4,       6 ]   128350   0.659%  97.753% 
(       6,      10 ]    31139   0.160%  97.913% 
(      10,      15 ]    14136   0.073%  97.986% 
(      15,      22 ]     8312   0.043%  98.028% 
(      22,      34 ]     3017   0.015%  98.044% 
(      34,      51 ]    10262   0.053%  98.096% 
(      51,      76 ]    21077   0.108%  98.205% 
(      76,     110 ]    14161   0.073%  98.277% 
(     110,     170 ]    54702   0.281%  98.558% 
(     170,     250 ]    65717   0.337%  98.895% 
(     250,     380 ]    78090   0.401%  99.296% 
(     380,     580 ]    76791   0.394%  99.690% 
(     580,     870 ]    65907   0.338% 100.028% 
(     870,    1300 ]    44052   0.226% 100.254% 
(    1300,    1900 ]    33681   0.173% 100.427% 
(    1900,    2900 ]    26102   0.134% 100.561% 
(    2900,    4400 ]    14422   0.074% 100.635% 
(    4400,    6600 ]     7503   0.039% 100.674% 
(    6600,    9900 ]     2723   0.014% 100.688% 
(    9900,   14000 ]     1355   0.007% 100.695% 
(   14000,   22000 ]     1703   0.009% 100.703% 
(   22000,   33000 ]     1522   0.008% 100.711% 
(   33000,   50000 ]     1767   0.009% 100.720% 
(   50000,   75000 ]     1992   0.010% 100.731% 
(   75000,  110000 ]     1977   0.010% 100.741% 
(  110000,  170000 ]     2043   0.010% 100.751% 
(  170000,  250000 ]     1047   0.005% 100.757% 
(  250000,  380000 ]      498   0.003% 100.759% 
(  380000,  570000 ]       97   0.000% 100.760% 
(  570000,  860000 ]       24   0.000% 100.760% 
(  860000, 1200000 ]       27   0.000% 100.760% 
( 1200000, 1900000 ]       24   0.000% 100.760% 
( 1900000, 2900000 ]       17   0.000% 100.760% 
( 2900000, 4300000 ]        8   0.000% 100.760% 
( 4300000, 6500000 ]        2   0.000% 100.760% 


** DB Stats **
Uptime(secs): 1475.3 total, 31.1 interval
Cumulative writes: 63M writes, 63M keys, 8203K commit groups, 7.7 writes per commit group, ingest: 61.63 GB, 42.78 MB/s
Cumulative WAL: 63M writes, 0 syncs, 63292632.00 writes per sync, written: 61.63 GB, 42.78 MB/s
Cumulative stall: 00:21:19.683 H:M:S, 86.7 percent
Interval writes: 947K writes, 947K keys, 123K commit groups, 7.6 writes per commit group, ingest: 944.63 MB, 30.41 MB/s
Interval WAL: 947K writes, 0 syncs, 947349.00 writes per sync, written: 0.92 GB, 30.41 MB/s
Interval stall: 00:00:22.975 H:M:S, 74.0 percent
Write Stall (count): write-buffer-manager-limit-stops: 0
num-running-compactions: 18
num-running-flushes: 1

2026/08/31-02:38:18  ... thread 8: (77000,4031000) ops and (2215.1,2669.4) ops/second in (34.761327,1510.053989) seconds
2026/08/31-02:38:18  ... thread 4: (77000,4033000) ops and (2214.9,2670.8) ops/second in (34.764535,1510.057064) seconds
2026/08/31-02:38:18  ... thread 3: (77000,4033000) ops and (2214.5,2670.7) ops/second in (34.770675,1510.065876) seconds
2026/08/31-02:38:18  ... thread 2: (77000,4035000) ops and (2214.2,2672.1) ops/second in (34.775472,1510.066249) seconds
2026/08/31-02:38:18  ... thread 14: (77000,4033000) ops and (2213.9,2670.7) ops/second in (34.781023,1510.069302) seconds
2026/08/31-02:38:18  ... thread 9: (77000,4032000) ops and (2213.9,2670.1) ops/second in (34.779614,1510.071165) seconds
2026/08/31-02:38:18  ... thread 15: (77000,4031000) ops and (2213.5,2669.4) ops/second in (34.786255,1510.072209) seconds
2026/08/31-02:38:18  ... thread 10: (77000,4034000) ops and (2213.9,2671.4) ops/second in (34.780391,1510.074685) seconds
2026/08/31-02:38:18  ... thread 5: (78000,4032000) ops and (2241.2,2670.1) ops/second in (34.803070,1510.076344) seconds
2026/08/31-02:38:18  ... thread 13: (78000,4035000) ops and (2240.6,2672.0) ops/second in (34.811551,1510.077080) seconds
2026/08/31-02:38:18  ... thread 7: (78000,4032000) ops and (2240.6,2670.1) ops/second in (34.811940,1510.078719) seconds
2026/08/31-02:38:18  ... thread 12: (77000,4033000) ops and (2213.8,2670.7) ops/second in (34.781509,1510.081011) seconds
2026/08/31-02:38:18  ... thread 1: (77000,4032000) ops and (2213.8,2670.1) ops/second in (34.781764,1510.081036) seconds
2026/08/31-02:38:18  ... thread 11: (78000,4033000) ops and (2241.0,2670.7) ops/second in (34.806042,1510.081522) seconds
2026/08/31-02:38:18  ... thread 0: (77000,4031000) ops and (2213.5,2669.4) ops/second in (34.785881,1510.085301) seconds

** Compaction Stats [default] **
Level    Files   Size     Score Read(GB)  Rn(GB) Rnp1(GB) Write(GB) WPreComp(GB) Wnew(GB) Moved(GB) W-Amp Rd(MB/s) Wr(MB/s) Comp(sec) CompMergeCPU(sec) Comp(cnt) Avg(sec) KeyIn KeyDrop Rblob(GB) Wblob(GB)
-------------------------------------------------------------------------------------------------------------------------------------------------------------------------------------------------------------
  L0     11/4      2.61 GB   1.8     56.8     0.0     56.8     120.2     120.2     63.3       0.0   1.9     18.0     38.2   3224.51            254.53      1262    2.555    122M    58K       0.0       0.0
  L1    121/12     7.43 GB   1.7    178.5    60.7    117.8     175.3     175.3     57.5       0.0   2.9    269.0    264.2    679.34            546.67        35   19.410    181M  3238K       0.0       0.0
  L2    747/39    41.13 GB   1.0    131.6    42.1     89.5     122.6     122.6     33.2       8.0   2.9     15.8     14.7   8554.52            505.64       660   12.961    133M  9124K       0.0       0.0
 Sum    879/55    51.17 GB   0.0    366.9   102.8    264.1     418.1     418.1    154.0       8.0   6.6     30.2     34.4  12458.37           1306.84      1957    6.366    437M    12M       0.0       0.0
 Int      0/0      0.00 KB   0.0      0.9     0.2      0.7       1.0       1.0      0.3       0.0   8.0      9.5      9.9    100.17              4.98         6   16.696   1069K    88K       0.0       0.0

** Compaction Stats [default] **
Priority    Files   Size     Score Read(GB)  Rn(GB) Rnp1(GB) Write(GB) WPreComp(GB) Wnew(GB) Moved(GB) W-Amp Rd(MB/s) Wr(MB/s) Comp(sec) CompMergeCPU(sec) Comp(cnt) Avg(sec) KeyIn KeyDrop Rblob(GB) Wblob(GB)
----------------------------------------------------------------------------------------------------------------------------------------------------------------------------------------------------------------
 Low      0/0      0.00 KB   0.0    366.9   102.8    264.1     354.7     354.7     90.6       0.0   0.0     36.3     35.1  10353.80           1196.65       915   11.316    373M    12M       0.0       0.0
High      0/0      0.00 KB   0.0      0.0     0.0      0.0      63.4      63.4     63.4       0.0   0.0      0.0     30.8   2104.57            110.18      1042    2.020     64M      0       0.0       0.0

Blob file count: 0, total size: 0.0 GB, garbage size: 0.0 GB, space amp: 0.0

Uptime(secs): 1510.1 total, 5.8 interval
Flush(GB): cumulative 63.400, interval 0.121
AddFile(GB): cumulative 0.000, interval 0.000
AddFile(Total Files): cumulative 0, interval 0
AddFile(L0 Files): cumulative 0, interval 0
AddFile(Keys): cumulative 0, interval 0
Cumulative compaction: 418.07 GB write, 283.49 MB/s write, 366.90 GB read, 248.79 MB/s read, 12458.4 seconds
Interval compaction: 0.96 GB write, 169.06 MB/s write, 0.93 GB read, 163.01 MB/s read, 100.2 seconds
Estimated pending compaction bytes: 43836417312
Write Stall (count): cf-l0-file-count-limit-delays-with-ongoing-compaction: 66, cf-l0-file-count-limit-stops-with-ongoing-compaction: 0, l0-file-count-limit-delays: 66, l0-file-count-limit-stops: 0, memtable-limit-delays: 0, memtable-limit-stops: 869, pending-compaction-bytes-delays: 0, pending-compaction-bytes-stops: 0, total-delays: 66, total-stops: 869
interval: 2 total count
Block cache AutoHyperClockCache@0x5711ef9dd2d0#2018912 capacity: 512.00 MB seed: 591891029 usage: 15.01 MB table_size: 6410 occupancy: 3567 collections: 9 last_copies: 1 last_secs: 0.000536 secs_since: 65
Block cache entry stats(count,size,portion): Misc(3567,14.62 MB,2.85465%)

** File Read Latency Histogram By Level [default] **
** Level 0 read latency histogram (micros):
Count: 29714829 Average: 3.2737  StdDev: 1587.12
Min: 0  Median: 0.9177  Max: 4154556
Percentiles: P50: 0.92 P75: 1.53 P99: 2.99 P99.9: 4.71 P99.99: 5.40
------------------------------------------------------
[       0,       1 ] 16189616  54.483%  54.483% ###########
(       1,       2 ] 11484318  38.648%  93.132% ########
(       2,       3 ]  1761529   5.928%  99.060% #
(       3,       4 ]   222536   0.749%  99.809% 
(       4,       6 ]    76813   0.259% 100.067% 
(       6,      10 ]    33719   0.113% 100.181% 
(      10,      15 ]    12398   0.042% 100.222% 
(      15,      22 ]     7299   0.025% 100.247% 
(      22,      34 ]      529   0.002% 100.249% 
(      34,      51 ]       94   0.000% 100.249% 
(      51,      76 ]      368   0.001% 100.250% 
(      76,     110 ]      753   0.003% 100.253% 
(     110,     170 ]       34   0.000% 100.253% 
(     170,     250 ]       14   0.000% 100.253% 
(     250,     380 ]       45   0.000% 100.253% 
(     380,     580 ]        8   0.000% 100.253% 
(     580,     870 ]       45   0.000% 100.253% 
(     870,    1300 ]       90   0.000% 100.254% 
(    1300,    1900 ]       68   0.000% 100.254% 
(    1900,    2900 ]       21   0.000% 100.254% 
(    2900,    4400 ]        5   0.000% 100.254% 
(    4400,    6600 ]        6   0.000% 100.254% 
(    6600,    9900 ]        8   0.000% 100.254% 
(    9900,   14000 ]        9   0.000% 100.254% 
(   14000,   22000 ]       17   0.000% 100.254% 
(   22000,   33000 ]       35   0.000% 100.254% 
(   33000,   50000 ]       23   0.000% 100.254% 
(   50000,   75000 ]       81   0.000% 100.255% 
(   75000,  110000 ]       44   0.000% 100.255% 
(  110000,  170000 ]       24   0.000% 100.255% 
(  170000,  250000 ]        9   0.000% 100.255% 
(  250000,  380000 ]        7   0.000% 100.255% 
(  380000,  570000 ]        1   0.000% 100.255% 
(  570000,  860000 ]        2   0.000% 100.255% 
(  860000, 1200000 ]        1   0.000% 100.255% 
( 1200000, 1900000 ]        9   0.000% 100.255% 
( 1900000, 2900000 ]        4   0.000% 100.255% 
( 2900000, 4300000 ]        2   0.000% 100.255% 

** Level 1 read latency histogram (micros):
Count: 41868185 Average: 1.5711  StdDev: 24.13
Min: 0  Median: 0.8943  Max: 70080
Percentiles: P50: 0.89 P75: 1.52 P99: 2.99 P99.9: 3.85 P99.99: 3.94
------------------------------------------------------
[       0,       1 ] 23408809  55.911%  55.911% ###########
(       1,       2 ] 15429756  36.853%  92.764% #######
(       2,       3 ]  2626262   6.273%  99.037% #
(       3,       4 ]   423193   1.011% 100.047% 
(       4,       6 ]   164871   0.394% 100.441% 
(       6,      10 ]    71153   0.170% 100.611% 
(      10,      15 ]    19836   0.047% 100.658% 
(      15,      22 ]    12610   0.030% 100.689% 
(      22,      34 ]     1230   0.003% 100.692% 
(      34,      51 ]      310   0.001% 100.692% 
(      51,      76 ]      886   0.002% 100.694% 
(      76,     110 ]     1287   0.003% 100.697% 
(     110,     170 ]      366   0.001% 100.698% 
(     170,     250 ]      109   0.000% 100.699% 
(     250,     380 ]       18   0.000% 100.699% 
(     380,     580 ]        6   0.000% 100.699% 
(     580,     870 ]       12   0.000% 100.699% 
(    1300,    1900 ]        3   0.000% 100.699% 
(    1900,    2900 ]        6   0.000% 100.699% 
(    2900,    4400 ]        9   0.000% 100.699% 
(    4400,    6600 ]        1   0.000% 100.699% 
(   50000,   75000 ]        5   0.000% 100.699% 

** Level 2 read latency histogram (micros):
Count: 20671066 Average: 97.5338  StdDev: 5966.01
Min: 0  Median: 1.1798  Max: 5451179
Percentiles: P50: 1.18 P75: 1.78 P99: 335.26 P99.9: 834.29 P99.99: 945.66
------------------------------------------------------
[       0,       1 ]  8793419  42.540%  42.540% #########
(       1,       2 ]  8577002  41.493%  84.033% ########
(       2,       3 ]  2176399  10.529%  94.561% ##
(       3,       4 ]   468924   2.269%  96.830% 
(       4,       6 ]   145386   0.703%  97.533% 
(       6,      10 ]    33859   0.164%  97.697% 
(      10,      15 ]    15893   0.077%  97.774% 
(      15,      22 ]     9380   0.045%  97.819% 
(      22,      34 ]     3262   0.016%  97.835% 
(      34,      51 ]    10906   0.053%  97.888% 
(      51,      76 ]    23544   0.114%  98.002% 
(      76,     110 ]    15732   0.076%  98.078% 
(     110,     170 ]    60197   0.291%  98.369% 
(     170,     250 ]    72702   0.352%  98.721% 
(     250,     380 ]    88065   0.426%  99.147% 
(     380,     580 ]    88269   0.427%  99.574% 
(     580,     870 ]    76934   0.372%  99.946% 
(     870,    1300 ]    51887   0.251% 100.197% 
(    1300,    1900 ]    39615   0.192% 100.389% 
(    1900,    2900 ]    30648   0.148% 100.537% 
(    2900,    4400 ]    16683   0.081% 100.617% 
(    4400,    6600 ]     8606   0.042% 100.659% 
(    6600,    9900 ]     3156   0.015% 100.674% 
(    9900,   14000 ]     1543   0.007% 100.682% 
(   14000,   22000 ]     1927   0.009% 100.691% 
(   22000,   33000 ]     1752   0.008% 100.700% 
(   33000,   50000 ]     2051   0.010% 100.710% 
(   50000,   75000 ]     2289   0.011% 100.721% 
(   75000,  110000 ]     2287   0.011% 100.732% 
(  110000,  170000 ]     2338   0.011% 100.743% 
(  170000,  250000 ]     1193   0.006% 100.749% 
(  250000,  380000 ]      551   0.003% 100.751% 
(  380000,  570000 ]      105   0.001% 100.752% 
(  570000,  860000 ]       28   0.000% 100.752% 
(  860000, 1200000 ]       27   0.000% 100.752% 
( 1200000, 1900000 ]       27   0.000% 100.752% 
( 1900000, 2900000 ]       20   0.000% 100.752% 
( 2900000, 4300000 ]       18   0.000% 100.753% 
( 4300000, 6500000 ]        4   0.000% 100.753% 


** DB Stats **
Uptime(secs): 1510.1 total, 5.8 interval
Cumulative writes: 64M writes, 64M keys, 8364K commit groups, 7.7 writes per commit group, ingest: 62.84 GB, 42.61 MB/s
Cumulative WAL: 64M writes, 0 syncs, 64529919.00 writes per sync, written: 62.84 GB, 42.61 MB/s
Cumulative stall: 00:21:51.714 H:M:S, 86.9 percent
Interval writes: 15K writes, 15K keys, 1939 commit groups, 7.8 writes per commit group, ingest: 15.08 MB, 2.58 MB/s
Interval WAL: 15K writes, 0 syncs, 15113.00 writes per sync, written: 0.01 GB, 2.58 MB/s
Interval stall: 00:00:8.269 H:M:S, 141.5 percent
Write Stall (count): write-buffer-manager-limit-stops: 0
num-running-compactions: 13
num-running-flushes: 1

2026/08/31-02:38:18  ... thread 6: (78000,4034000) ops and (2241.8,2671.4) ops/second in (34.793571,1510.087039) seconds
2026/08/31-02:38:53  ... thread 10: (81000,4115000) ops and (2314.7,2663.3) ops/second in (34.993670,1545.068355) seconds
2026/08/31-02:38:53  ... thread 11: (80000,4113000) ops and (2286.5,2662.0) ops/second in (34.987580,1545.069102) seconds
2026/08/31-02:38:53  ... thread 14: (81000,4114000) ops and (2314.0,2662.7) ops/second in (35.004696,1545.073998) seconds
2026/08/31-02:38:53  ... thread 9: (81000,4113000) ops and (2313.8,2662.0) ops/second in (35.007015,1545.078180) seconds
2026/08/31-02:38:53  ... thread 13: (81000,4116000) ops and (2314.0,2663.9) ops/second in (35.004325,1545.081405) seconds
2026/08/31-02:38:53  ... thread 5: (81000,4113000) ops and (2313.8,2662.0) ops/second in (35.007995,1545.084339) seconds
2026/08/31-02:38:53  ... thread 3: (81000,4114000) ops and (2313.0,2662.6) ops/second in (35.019103,1545.084979) seconds
2026/08/31-02:38:53  ... thread 8: (81000,4112000) ops and (2312.2,2661.3) ops/second in (35.031018,1545.085007) seconds
2026/08/31-02:38:53  ... thread 7: (81000,4113000) ops and (2313.8,2662.0) ops/second in (35.007657,1545.086376) seconds
2026/08/31-02:38:53  ... thread 0: (80000,4111000) ops and (2285.6,2660.7) ops/second in (35.001742,1545.087043) seconds

** Compaction Stats [default] **
Level    Files   Size     Score Read(GB)  Rn(GB) Rnp1(GB) Write(GB) WPreComp(GB) Wnew(GB) Moved(GB) W-Amp Rd(MB/s) Wr(MB/s) Comp(sec) CompMergeCPU(sec) Comp(cnt) Avg(sec) KeyIn KeyDrop Rblob(GB) Wblob(GB)
-------------------------------------------------------------------------------------------------------------------------------------------------------------------------------------------------------------
  L0     19/17     3.88 GB   0.5     57.9     0.0     57.9     122.5     122.5     64.6       0.0   1.9     18.0     38.2   3283.17            259.67      1287    2.551    124M    59K       0.0       0.0
  L1    109/109    6.71 GB   0.0    178.5    60.7    117.8     175.3     175.3     57.5       0.0   2.9    269.0    264.2    679.34            546.67        35   19.410    181M  3238K       0.0       0.0
  L2    723/0     39.80 GB   1.0    134.5    42.8     91.6     125.2     125.2     33.6       8.0   2.9     15.7     14.6   8756.33            520.62       672   13.030    136M  9399K       0.0       0.0
  L3     32/0      1.78 GB   0.0      0.0     0.0      0.0       0.0       0.0      0.0       1.8   0.0      0.0      0.0      0.00              0.00         0    0.000       0      0       0.0       0.0
 Sum    883/126   52.17 GB   0.0    370.8   103.6    267.2     423.0     423.0    155.7       9.8   6.5     29.9     34.1  12718.84           1326.95      1994    6.379    443M    12M       0.0       0.0
 Int      0/0      0.00 KB   0.0      4.8     1.0      3.9       5.9       5.9      2.0       1.8   4.2     13.8     16.7    360.64             25.09        43    8.387   6350K   363K       0.0       0.0

** Compaction Stats [default] **
Priority    Files   Size     Score Read(GB)  Rn(GB) Rnp1(GB) Write(GB) WPreComp(GB) Wnew(GB) Moved(GB) W-Amp Rd(MB/s) Wr(MB/s) Comp(sec) CompMergeCPU(sec) Comp(cnt) Avg(sec) KeyIn KeyDrop Rblob(GB) Wblob(GB)
----------------------------------------------------------------------------------------------------------------------------------------------------------------------------------------------------------------
 Low      0/0      0.00 KB   0.0    370.8   103.6    267.2     358.3     358.3     91.1       0.0   0.0     35.9     34.7  10579.92           1214.51       931   11.364    377M    12M       0.0       0.0
High      0/0      0.00 KB   0.0      0.0     0.0      0.0      64.7      64.7     64.7       0.0   0.0      0.0     31.0   2138.92            112.45      1063    2.012     65M      0       0.0       0.0

Blob file count: 0, total size: 0.0 GB, garbage size: 0.0 GB, space amp: 0.0

Uptime(secs): 1545.1 total, 40.8 interval
Flush(GB): cumulative 64.675, interval 1.397
AddFile(GB): cumulative 0.000, interval 0.000
AddFile(Total Files): cumulative 0, interval 0
AddFile(L0 Files): cumulative 0, interval 0
AddFile(Keys): cumulative 0, interval 0
Cumulative compaction: 422.98 GB write, 280.33 MB/s write, 370.81 GB read, 245.75 MB/s read, 12718.8 seconds
Interval compaction: 5.88 GB write, 147.49 MB/s write, 4.84 GB read, 121.44 MB/s read, 360.6 seconds
Estimated pending compaction bytes: 52177609559
Write Stall (count): cf-l0-file-count-limit-delays-with-ongoing-compaction: 68, cf-l0-file-count-limit-stops-with-ongoing-compaction: 0, l0-file-count-limit-delays: 68, l0-file-count-limit-stops: 0, memtable-limit-delays: 0, memtable-limit-stops: 888, pending-compaction-bytes-delays: 0, pending-compaction-bytes-stops: 0, total-delays: 68, total-stops: 888
interval: 23 total count
Block cache AutoHyperClockCache@0x5711ef9dd2d0#2018912 capacity: 512.00 MB seed: 591891029 usage: 15.01 MB table_size: 6410 occupancy: 3567 collections: 9 last_copies: 1 last_secs: 0.000536 secs_since: 100
Block cache entry stats(count,size,portion): Misc(3567,14.62 MB,2.85465%)

** File Read Latency Histogram By Level [default] **
** Level 0 read latency histogram (micros):
Count: 30503687 Average: 3.2827  StdDev: 1574.55
Min: 0  Median: 0.9212  Max: 4154556
Percentiles: P50: 0.92 P75: 1.53 P99: 2.99 P99.9: 4.70 P99.99: 5.39
------------------------------------------------------
[       0,       1 ] 16556653  54.278%  54.278% ###########
(       1,       2 ] 11833683  38.794%  93.072% ########
(       2,       3 ]  1824482   5.981%  99.053% #
(       3,       4 ]   230297   0.755%  99.808% 
(       4,       6 ]    79929   0.262% 100.070% 
(       6,      10 ]    34898   0.114% 100.184% 
(      10,      15 ]    12800   0.042% 100.226% 
(      15,      22 ]     7461   0.024% 100.251% 
(      22,      34 ]      541   0.002% 100.253% 
(      34,      51 ]       95   0.000% 100.253% 
(      51,      76 ]      376   0.001% 100.254% 
(      76,     110 ]      771   0.003% 100.257% 
(     110,     170 ]       34   0.000% 100.257% 
(     170,     250 ]       15   0.000% 100.257% 
(     250,     380 ]       47   0.000% 100.257% 
(     380,     580 ]        8   0.000% 100.257% 
(     580,     870 ]       45   0.000% 100.257% 
(     870,    1300 ]       90   0.000% 100.257% 
(    1300,    1900 ]       69   0.000% 100.258% 
(    1900,    2900 ]       21   0.000% 100.258% 
(    2900,    4400 ]        5   0.000% 100.258% 
(    4400,    6600 ]        6   0.000% 100.258% 
(    6600,    9900 ]        8   0.000% 100.258% 
(    9900,   14000 ]        9   0.000% 100.258% 
(   14000,   22000 ]       17   0.000% 100.258% 
(   22000,   33000 ]       35   0.000% 100.258% 
(   33000,   50000 ]       23   0.000% 100.258% 
(   50000,   75000 ]       83   0.000% 100.258% 
(   75000,  110000 ]       45   0.000% 100.259% 
(  110000,  170000 ]       25   0.000% 100.259% 
(  170000,  250000 ]       11   0.000% 100.259% 
(  250000,  380000 ]        7   0.000% 100.259% 
(  380000,  570000 ]        1   0.000% 100.259% 
(  570000,  860000 ]        3   0.000% 100.259% 
(  860000, 1200000 ]        1   0.000% 100.259% 
( 1200000, 1900000 ]        9   0.000% 100.259% 
( 1900000, 2900000 ]        4   0.000% 100.259% 
( 2900000, 4300000 ]        2   0.000% 100.259% 

** Level 1 read latency histogram (micros):
Count: 43051640 Average: 1.5692  StdDev: 23.80
Min: 0  Median: 0.8929  Max: 70080
Percentiles: P50: 0.89 P75: 1.52 P99: 2.99 P99.9: 3.84 P99.99: 3.93
------------------------------------------------------
[       0,       1 ] 24108557  55.999%  55.999% ###########
(       1,       2 ] 15846107  36.807%  92.806% #######
(       2,       3 ]  2689306   6.247%  99.053% #
(       3,       4 ]   432108   1.004% 100.057% 
(       4,       6 ]   168203   0.391% 100.447% 
(       6,      10 ]    72658   0.169% 100.616% 
(      10,      15 ]    20372   0.047% 100.664% 
(      15,      22 ]    12927   0.030% 100.694% 
(      22,      34 ]     1255   0.003% 100.696% 
(      34,      51 ]      314   0.001% 100.697% 
(      51,      76 ]      889   0.002% 100.699% 
(      76,     110 ]     1289   0.003% 100.702% 
(     110,     170 ]      366   0.001% 100.703% 
(     170,     250 ]      109   0.000% 100.703% 
(     250,     380 ]       18   0.000% 100.703% 
(     380,     580 ]        6   0.000% 100.703% 
(     580,     870 ]       12   0.000% 100.703% 
(    1300,    1900 ]        3   0.000% 100.703% 
(    1900,    2900 ]        6   0.000% 100.703% 
(    2900,    4400 ]        9   0.000% 100.704% 
(    4400,    6600 ]        1   0.000% 100.704% 
(   50000,   75000 ]        5   0.000% 100.704% 

** Level 2 read latency histogram (micros):
Count: 20864590 Average: 97.3592  StdDev: 5944.91
Min: 0  Median: 1.1817  Max: 5451179
Percentiles: P50: 1.18 P75: 1.78 P99: 340.57 P99.9: 840.46 P99.99: 958.09
------------------------------------------------------
[       0,       1 ]  8859065  42.460%  42.460% ########
(       1,       2 ]  8659832  41.505%  83.965% ########
(       2,       3 ]  2199536  10.542%  94.507% ##
(       3,       4 ]   474270   2.273%  96.780% 
(       4,       6 ]   146874   0.704%  97.484% 
(       6,      10 ]    34232   0.164%  97.648% 
(      10,      15 ]    16122   0.077%  97.725% 
(      15,      22 ]     9514   0.046%  97.771% 
(      22,      34 ]     3864   0.019%  97.789% 
(      34,      51 ]    11530   0.055%  97.844% 
(      51,      76 ]    24684   0.118%  97.963% 
(      76,     110 ]    16472   0.079%  98.042% 
(     110,     170 ]    62239   0.298%  98.340% 
(     170,     250 ]    74843   0.359%  98.699% 
(     250,     380 ]    90234   0.432%  99.131% 
(     380,     580 ]    90134   0.432%  99.563% 
(     580,     870 ]    78250   0.375%  99.938% 
(     870,    1300 ]    52762   0.253% 100.191% 
(    1300,    1900 ]    40263   0.193% 100.384% 
(    1900,    2900 ]    31123   0.149% 100.533% 
(    2900,    4400 ]    16891   0.081% 100.614% 
(    4400,    6600 ]     8675   0.042% 100.656% 
(    6600,    9900 ]     3172   0.015% 100.671% 
(    9900,   14000 ]     1564   0.007% 100.678% 
(   14000,   22000 ]     1943   0.009% 100.688% 
(   22000,   33000 ]     1764   0.008% 100.696% 
(   33000,   50000 ]     2072   0.010% 100.706% 
(   50000,   75000 ]     2310   0.011% 100.717% 
(   75000,  110000 ]     2305   0.011% 100.728% 
(  110000,  170000 ]     2341   0.011% 100.739% 
(  170000,  250000 ]     1197   0.006% 100.745% 
(  250000,  380000 ]      553   0.003% 100.748% 
(  380000,  570000 ]      105   0.001% 100.748% 
(  570000,  860000 ]       28   0.000% 100.749% 
(  860000, 1200000 ]       28   0.000% 100.749% 
( 1200000, 1900000 ]       27   0.000% 100.749% 
( 1900000, 2900000 ]       20   0.000% 100.749% 
( 2900000, 4300000 ]       18   0.000% 100.749% 
( 4300000, 6500000 ]        4   0.000% 100.749% 


** DB Stats **
Uptime(secs): 1545.1 total, 35.0 interval
Cumulative writes: 65M writes, 65M keys, 8531K commit groups, 7.7 writes per commit group, ingest: 64.09 GB, 42.48 MB/s
Cumulative WAL: 65M writes, 0 syncs, 65821337.00 writes per sync, written: 64.09 GB, 42.48 MB/s
Cumulative stall: 00:22:21.087 H:M:S, 86.8 percent
Interval writes: 1291K writes, 1291K keys, 167K commit groups, 7.7 writes per commit group, ingest: 1287.70 MB, 36.79 MB/s
Interval WAL: 1291K writes, 0 syncs, 1291418.00 writes per sync, written: 1.26 GB, 36.79 MB/s
Interval stall: 00:00:29.373 H:M:S, 83.9 percent
Write Stall (count): write-buffer-manager-limit-stops: 0
num-running-compactions: 2
num-running-flushes: 0

2026/08/31-02:38:53  ... thread 4: (82000,4115000) ops and (2340.6,2663.3) ops/second in (35.033353,1545.090417) seconds
2026/08/31-02:38:53  ... thread 6: (81000,4115000) ops and (2313.6,2663.3) ops/second in (35.010641,1545.097680) seconds
2026/08/31-02:38:53  ... thread 2: (82000,4117000) ops and (2340.6,2664.6) ops/second in (35.033322,1545.099571) seconds
2026/08/31-02:38:53  ... thread 15: (82000,4113000) ops and (2340.9,2662.0) ops/second in (35.028717,1545.100926) seconds
2026/08/31-02:38:53  ... thread 12: (81000,4114000) ops and (2312.8,2662.6) ops/second in (35.023141,1545.104152) seconds
2026/08/31-02:38:53  ... thread 1: (81000,4113000) ops and (2312.7,2662.0) ops/second in (35.023810,1545.104846) seconds
2026/08/31-02:39:25  ... thread 3: (65000,4179000) ops and (2041.6,2650.1) ops/second in (31.837640,1576.922619) seconds
2026/08/31-02:39:25  ... thread 1: (65000,4178000) ops and (2042.9,2649.5) ops/second in (31.818001,1576.922847) seconds
2026/08/31-02:39:25  ... thread 12: (65000,4179000) ops and (2042.5,2650.1) ops/second in (31.823885,1576.928037) seconds
2026/08/31-02:39:25  ... thread 0: (65000,4176000) ops and (2041.3,2648.2) ops/second in (31.842752,1576.929795) seconds
2026/08/31-02:39:25  ... thread 7: (65000,4178000) ops and (2041.2,2649.5) ops/second in (31.844038,1576.930414) seconds

** Compaction Stats [default] **
Level    Files   Size     Score Read(GB)  Rn(GB) Rnp1(GB) Write(GB) WPreComp(GB) Wnew(GB) Moved(GB) W-Amp Rd(MB/s) Wr(MB/s) Comp(sec) CompMergeCPU(sec) Comp(cnt) Avg(sec) KeyIn KeyDrop Rblob(GB) Wblob(GB)
-------------------------------------------------------------------------------------------------------------------------------------------------------------------------------------------------------------
  L0     17/8      1.64 GB   2.2     58.3     0.0     58.3     124.0     124.0     65.6       0.0   1.9     17.9     38.1   3335.38            262.87      1306    2.554    126M    59K       0.0       0.0
  L1    153/17     8.95 GB   2.0    188.5    64.0    124.5     185.0     185.0     60.5       0.0   2.9    269.6    264.7    715.83            578.08        36   19.884    191M  3503K       0.0       0.0
  L2    734/44    40.45 GB   0.9    135.7    43.3     92.4     126.3     126.3     33.9       8.4   2.9     15.7     14.6   8846.44            527.11       680   13.009    138M  9544K       0.0       0.0
  L3     32/0      1.78 GB   0.0      0.0     0.0      0.0       0.0       0.0      0.0       1.8   0.0      0.0      0.0      0.00              0.00         0    0.000       0      0       0.0       0.0
 Sum    936/69    52.82 GB   0.0    382.5   107.3    275.3     435.3     435.3    160.1      10.2   6.6     30.4     34.6  12897.65           1368.06      2022    6.379    456M    13M       0.0       0.0
 Int      0/0      0.00 KB   0.0      1.2     0.4      0.8       1.7       1.7      0.9       0.0   2.8     10.2     14.1    123.46              7.55        18    6.859   1873K   145K       0.0       0.0

** Compaction Stats [default] **
Priority    Files   Size     Score Read(GB)  Rn(GB) Rnp1(GB) Write(GB) WPreComp(GB) Wnew(GB) Moved(GB) W-Amp Rd(MB/s) Wr(MB/s) Comp(sec) CompMergeCPU(sec) Comp(cnt) Avg(sec) KeyIn KeyDrop Rblob(GB) Wblob(GB)
----------------------------------------------------------------------------------------------------------------------------------------------------------------------------------------------------------------
 Low      0/0      0.00 KB   0.0    382.5   107.3    275.3     369.6     369.6     94.3       0.0   0.0     36.5     35.3  10718.26           1253.72       942   11.378    389M    13M       0.0       0.0
High      0/0      0.00 KB   0.0      0.0     0.0      0.0      65.7      65.7     65.7       0.0   0.0      0.0     30.9   2179.39            114.33      1080    2.018     66M      0       0.0       0.0

Blob file count: 0, total size: 0.0 GB, garbage size: 0.0 GB, space amp: 0.0

Uptime(secs): 1576.9 total, 12.7 interval
Flush(GB): cumulative 65.707, interval 0.609
AddFile(GB): cumulative 0.000, interval 0.000
AddFile(Total Files): cumulative 0, interval 0
AddFile(L0 Files): cumulative 0, interval 0
AddFile(Keys): cumulative 0, interval 0
Cumulative compaction: 435.31 GB write, 282.67 MB/s write, 382.51 GB read, 248.39 MB/s read, 12897.7 seconds
Interval compaction: 1.70 GB write, 137.16 MB/s write, 1.23 GB read, 99.51 MB/s read, 123.5 seconds
Estimated pending compaction bytes: 53319562681
Write Stall (count): cf-l0-file-count-limit-delays-with-ongoing-compaction: 71, cf-l0-file-count-limit-stops-with-ongoing-compaction: 0, l0-file-count-limit-delays: 71, l0-file-count-limit-stops: 0, memtable-limit-delays: 0, memtable-limit-stops: 899, pending-compaction-bytes-delays: 0, pending-compaction-bytes-stops: 0, total-delays: 71, total-stops: 899
interval: 6 total count
Block cache AutoHyperClockCache@0x5711ef9dd2d0#2018912 capacity: 512.00 MB seed: 591891029 usage: 15.01 MB table_size: 6410 occupancy: 3567 collections: 9 last_copies: 2 last_secs: 0.000536 secs_since: 132
Block cache entry stats(count,size,portion): Misc(3567,14.62 MB,2.85465%)

** File Read Latency Histogram By Level [default] **
** Level 0 read latency histogram (micros):
Count: 31044283 Average: 3.2642  StdDev: 1560.97
Min: 0  Median: 0.9232  Max: 4154556
Percentiles: P50: 0.92 P75: 1.54 P99: 2.99 P99.9: 4.73 P99.99: 5.41
------------------------------------------------------
[       0,       1 ] 16813323  54.159%  54.159% ###########
(       1,       2 ] 12065580  38.866%  93.025% ########
(       2,       3 ]  1867586   6.016%  99.041% #
(       3,       4 ]   236440   0.762%  99.802% 
(       4,       6 ]    82874   0.267% 100.069% 
(       6,      10 ]    35682   0.115% 100.184% 
(      10,      15 ]    13079   0.042% 100.226% 
(      15,      22 ]     7632   0.025% 100.251% 
(      22,      34 ]      548   0.002% 100.253% 
(      34,      51 ]       96   0.000% 100.253% 
(      51,      76 ]      383   0.001% 100.254% 
(      76,     110 ]      782   0.003% 100.257% 
(     110,     170 ]       35   0.000% 100.257% 
(     170,     250 ]       15   0.000% 100.257% 
(     250,     380 ]       49   0.000% 100.257% 
(     380,     580 ]        8   0.000% 100.257% 
(     580,     870 ]       45   0.000% 100.257% 
(     870,    1300 ]       91   0.000% 100.258% 
(    1300,    1900 ]       69   0.000% 100.258% 
(    1900,    2900 ]       21   0.000% 100.258% 
(    2900,    4400 ]        5   0.000% 100.258% 
(    4400,    6600 ]        6   0.000% 100.258% 
(    6600,    9900 ]        8   0.000% 100.258% 
(    9900,   14000 ]        9   0.000% 100.258% 
(   14000,   22000 ]       19   0.000% 100.258% 
(   22000,   33000 ]       35   0.000% 100.258% 
(   33000,   50000 ]       24   0.000% 100.258% 
(   50000,   75000 ]       85   0.000% 100.258% 
(   75000,  110000 ]       46   0.000% 100.259% 
(  110000,  170000 ]       25   0.000% 100.259% 
(  170000,  250000 ]       11   0.000% 100.259% 
(  250000,  380000 ]        7   0.000% 100.259% 
(  380000,  570000 ]        1   0.000% 100.259% 
(  570000,  860000 ]        3   0.000% 100.259% 
(  860000, 1200000 ]        1   0.000% 100.259% 
( 1200000, 1900000 ]        9   0.000% 100.259% 
( 1900000, 2900000 ]        4   0.000% 100.259% 
( 2900000, 4300000 ]        2   0.000% 100.259% 

** Level 1 read latency histogram (micros):
Count: 43853234 Average: 1.5747  StdDev: 23.58
Min: 0  Median: 0.8971  Max: 70080
Percentiles: P50: 0.90 P75: 1.52 P99: 3.01 P99.9: 3.87 P99.99: 3.96
------------------------------------------------------
[       0,       1 ] 24441583  55.735%  55.735% ###########
(       1,       2 ] 16178261  36.892%  92.627% #######
(       2,       3 ]  2792529   6.368%  98.995% #
(       3,       4 ]   455857   1.040% 100.034% 
(       4,       6 ]   177810   0.405% 100.440% 
(       6,      10 ]    75584   0.172% 100.612% 
(      10,      15 ]    21213   0.048% 100.660% 
(      15,      22 ]    13461   0.031% 100.691% 
(      22,      34 ]     1309   0.003% 100.694% 
(      34,      51 ]      325   0.001% 100.695% 
(      51,      76 ]      928   0.002% 100.697% 
(      76,     110 ]     1389   0.003% 100.700% 
(     110,     170 ]      379   0.001% 100.701% 
(     170,     250 ]      111   0.000% 100.701% 
(     250,     380 ]       19   0.000% 100.701% 
(     380,     580 ]        6   0.000% 100.701% 
(     580,     870 ]       12   0.000% 100.701% 
(    1300,    1900 ]        3   0.000% 100.701% 
(    1900,    2900 ]        6   0.000% 100.701% 
(    2900,    4400 ]        9   0.000% 100.701% 
(    4400,    6600 ]        1   0.000% 100.701% 
(   50000,   75000 ]        5   0.000% 100.701% 

** Level 2 read latency histogram (micros):
Count: 21449999 Average: 104.5866  StdDev: 6280.51
Min: 0  Median: 1.1933  Max: 5451179
Percentiles: P50: 1.19 P75: 1.80 P99: 363.26 P99.9: 863.34 P99.99: 1002.91
------------------------------------------------------
[       0,       1 ]  9002444  41.969%  41.969% ########
(       1,       2 ]  8911742  41.547%  83.516% ########
(       2,       3 ]  2302820  10.736%  94.252% ##
(       3,       4 ]   503737   2.348%  96.600% 
(       4,       6 ]   154892   0.722%  97.322% 
(       6,      10 ]    35651   0.166%  97.489% 
(      10,      15 ]    16966   0.079%  97.568% 
(      15,      22 ]     9979   0.047%  97.614% 
(      22,      34 ]     4068   0.019%  97.633% 
(      34,      51 ]    12199   0.057%  97.690% 
(      51,      76 ]    26429   0.123%  97.813% 
(      76,     110 ]    17814   0.083%  97.896% 
(     110,     170 ]    68130   0.318%  98.214% 
(     170,     250 ]    81972   0.382%  98.596% 
(     250,     380 ]    99468   0.464%  99.060% 
(     380,     580 ]    98177   0.458%  99.517% 
(     580,     870 ]    83993   0.392%  99.909% 
(     870,    1300 ]    56214   0.262% 100.171% 
(    1300,    1900 ]    42662   0.199% 100.370% 
(    1900,    2900 ]    33127   0.154% 100.524% 
(    2900,    4400 ]    17954   0.084% 100.608% 
(    4400,    6600 ]     9202   0.043% 100.651% 
(    6600,    9900 ]     3415   0.016% 100.667% 
(    9900,   14000 ]     1702   0.008% 100.675% 
(   14000,   22000 ]     2151   0.010% 100.685% 
(   22000,   33000 ]     1912   0.009% 100.694% 
(   33000,   50000 ]     2240   0.010% 100.704% 
(   50000,   75000 ]     2494   0.012% 100.716% 
(   75000,  110000 ]     2536   0.012% 100.728% 
(  110000,  170000 ]     2532   0.012% 100.740% 
(  170000,  250000 ]     1332   0.006% 100.746% 
(  250000,  380000 ]      599   0.003% 100.749% 
(  380000,  570000 ]      139   0.001% 100.749% 
(  570000,  860000 ]       35   0.000% 100.749% 
(  860000, 1200000 ]       31   0.000% 100.749% 
( 1200000, 1900000 ]       43   0.000% 100.750% 
( 1900000, 2900000 ]       23   0.000% 100.750% 
( 2900000, 4300000 ]       20   0.000% 100.750% 
( 4300000, 6500000 ]        4   0.000% 100.750% 


** DB Stats **
Uptime(secs): 1576.9 total, 12.7 interval
Cumulative writes: 66M writes, 66M keys, 8668K commit groups, 7.7 writes per commit group, ingest: 65.11 GB, 42.28 MB/s
Cumulative WAL: 66M writes, 0 syncs, 66865669.00 writes per sync, written: 65.11 GB, 42.28 MB/s
Cumulative stall: 00:22:44.574 H:M:S, 86.5 percent
Interval writes: 499K writes, 499K keys, 64K commit groups, 7.8 writes per commit group, ingest: 497.69 MB, 39.26 MB/s
Interval WAL: 499K writes, 0 syncs, 499128.00 writes per sync, written: 0.49 GB, 39.26 MB/s
Interval stall: 00:00:17.168 H:M:S, 135.4 percent
Write Stall (count): write-buffer-manager-limit-stops: 0
num-running-compactions: 18
num-running-flushes: 0

2026/08/31-02:39:25  ... thread 6: (65000,4180000) ops and (2041.8,2650.7) ops/second in (31.834492,1576.932172) seconds
2026/08/31-02:39:25  ... thread 15: (65000,4178000) ops and (2041.4,2649.4) ops/second in (31.840209,1576.941135) seconds
2026/08/31-02:39:25  ... thread 11: (66000,4179000) ops and (2070.8,2650.1) ops/second in (31.872016,1576.941118) seconds
2026/08/31-02:39:25  ... thread 10: (66000,4181000) ops and (2070.6,2651.3) ops/second in (31.875302,1576.943657) seconds
2026/08/31-02:39:25  ... thread 9: (66000,4179000) ops and (2071.0,2650.1) ops/second in (31.868595,1576.946775) seconds
2026/08/31-02:39:25  ... thread 14: (66000,4180000) ops and (2070.8,2650.7) ops/second in (31.872477,1576.946475) seconds
2026/08/31-02:39:25  ... thread 4: (66000,4181000) ops and (2071.5,2651.3) ops/second in (31.860355,1576.950772) seconds
2026/08/31-02:39:25  ... thread 13: (66000,4182000) ops and (2070.9,2652.0) ops/second in (31.870386,1576.951791) seconds
2026/08/31-02:39:25  ... thread 5: (66000,4179000) ops and (2071.0,2650.0) ops/second in (31.868038,1576.952377) seconds
2026/08/31-02:39:25  ... thread 8: (66000,4178000) ops and (2070.7,2649.4) ops/second in (31.872626,1576.957633) seconds
2026/08/31-02:39:25  ... thread 2: (66000,4183000) ops and (2071.7,2652.6) ops/second in (31.858059,1576.957630) seconds
2026/08/31-02:39:58  ... thread 6: (85000,4265000) ops and (2624.4,2650.2) ops/second in (32.388233,1609.320405) seconds
2026/08/31-02:39:58  ... thread 3: (85000,4264000) ops and (2623.3,2649.6) ops/second in (32.401445,1609.324064) seconds
2026/08/31-02:39:58  ... thread 1: (85000,4263000) ops and (2623.1,2648.9) ops/second in (32.404067,1609.326914) seconds
2026/08/31-02:39:58  ... thread 0: (85000,4261000) ops and (2623.3,2647.7) ops/second in (32.402395,1609.332190) seconds

** Compaction Stats [default] **
Level    Files   Size     Score Read(GB)  Rn(GB) Rnp1(GB) Write(GB) WPreComp(GB) Wnew(GB) Moved(GB) W-Amp Rd(MB/s) Wr(MB/s) Comp(sec) CompMergeCPU(sec) Comp(cnt) Avg(sec) KeyIn KeyDrop Rblob(GB) Wblob(GB)
-------------------------------------------------------------------------------------------------------------------------------------------------------------------------------------------------------------
  L0     15/4      2.97 GB   2.8     60.2     0.0     60.2     127.1     127.1     67.0       0.0   1.9     18.0     38.1   3417.66            270.69      1334    2.562    129M    62K       0.0       0.0
  L1    124/4      7.24 GB   1.7    188.5    64.0    124.5     185.0     185.0     60.5       0.0   2.9    269.6    264.7    715.83            578.08        36   19.884    191M  3503K       0.0       0.0
  L2    741/14    40.66 GB   1.0    141.5    44.9     96.6     131.6     131.6     34.9       8.4   2.9     15.4     14.3   9408.98            561.00       708   13.290    144M    10M       0.0       0.0
  L3     48/0      2.66 GB   0.0      0.0     0.0      0.0       0.0       0.0      0.0       2.7   0.0      0.0      0.0      0.00              0.00         0    0.000       0      0       0.0       0.0
 Sum    928/22    53.53 GB   0.0    390.2   108.9    281.3     443.7     443.7    162.4      11.1   6.6     29.5     33.5  13542.47           1409.77      2078    6.517    465M    13M       0.0       0.0
 Int      0/0      0.00 KB   0.0      8.9     2.1      6.8      10.1      10.1      3.3       0.9   5.2     11.8     13.4    768.28             49.26        74   10.382     11M   764K       0.0       0.0

** Compaction Stats [default] **
Priority    Files   Size     Score Read(GB)  Rn(GB) Rnp1(GB) Write(GB) WPreComp(GB) Wnew(GB) Moved(GB) W-Amp Rd(MB/s) Wr(MB/s) Comp(sec) CompMergeCPU(sec) Comp(cnt) Avg(sec) KeyIn KeyDrop Rblob(GB) Wblob(GB)
----------------------------------------------------------------------------------------------------------------------------------------------------------------------------------------------------------------
 Low      0/0      0.00 KB   0.0    390.2   108.9    281.3     376.7     376.7     95.4       0.0   0.0     35.3     34.1  11309.01           1292.96       976   11.587    397M    13M       0.0       0.0
High      0/0      0.00 KB   0.0      0.0     0.0      0.0      67.0      67.0     67.0       0.0   0.0      0.0     30.7   2233.46            116.81      1102    2.027     68M      0       0.0       0.0

Blob file count: 0, total size: 0.0 GB, garbage size: 0.0 GB, space amp: 0.0

Uptime(secs): 1609.3 total, 45.1 interval
Flush(GB): cumulative 67.043, interval 1.945
AddFile(GB): cumulative 0.000, interval 0.000
AddFile(Total Files): cumulative 0, interval 0
AddFile(L0 Files): cumulative 0, interval 0
AddFile(Keys): cumulative 0, interval 0
Cumulative compaction: 443.70 GB write, 282.32 MB/s write, 390.17 GB read, 248.26 MB/s read, 13542.5 seconds
Interval compaction: 10.08 GB write, 229.07 MB/s write, 8.89 GB read, 201.96 MB/s read, 768.3 seconds
Estimated pending compaction bytes: 51983848301
Write Stall (count): cf-l0-file-count-limit-delays-with-ongoing-compaction: 71, cf-l0-file-count-limit-stops-with-ongoing-compaction: 0, l0-file-count-limit-delays: 71, l0-file-count-limit-stops: 0, memtable-limit-delays: 0, memtable-limit-stops: 922, pending-compaction-bytes-delays: 0, pending-compaction-bytes-stops: 0, total-delays: 71, total-stops: 922
interval: 29 total count
Block cache AutoHyperClockCache@0x5711ef9dd2d0#2018912 capacity: 512.00 MB seed: 591891029 usage: 15.01 MB table_size: 6410 occupancy: 3567 collections: 9 last_copies: 2 last_secs: 0.000536 secs_since: 165
Block cache entry stats(count,size,portion): Misc(3567,14.62 MB,2.85465%)

** File Read Latency Histogram By Level [default] **
** Level 0 read latency histogram (micros):
Count: 31446506 Average: 3.3040  StdDev: 1573.74
Min: 0  Median: 0.9216  Max: 4154556
Percentiles: P50: 0.92 P75: 1.53 P99: 2.99 P99.9: 4.76 P99.99: 5.43
------------------------------------------------------
[       0,       1 ] 17060219  54.252%  54.252% ###########
(       1,       2 ] 12196141  38.784%  93.035% ########
(       2,       3 ]  1886779   6.000%  99.035% #
(       3,       4 ]   240062   0.763%  99.799% 
(       4,       6 ]    84086   0.267% 100.066% 
(       6,      10 ]    36093   0.115% 100.181% 
(      10,      15 ]    13266   0.042% 100.223% 
(      15,      22 ]     7716   0.025% 100.248% 
(      22,      34 ]      561   0.002% 100.249% 
(      34,      51 ]       98   0.000% 100.250% 
(      51,      76 ]      391   0.001% 100.251% 
(      76,     110 ]      799   0.003% 100.253% 
(     110,     170 ]       36   0.000% 100.254% 
(     170,     250 ]       16   0.000% 100.254% 
(     250,     380 ]       51   0.000% 100.254% 
(     380,     580 ]        8   0.000% 100.254% 
(     580,     870 ]       46   0.000% 100.254% 
(     870,    1300 ]       93   0.000% 100.254% 
(    1300,    1900 ]       69   0.000% 100.254% 
(    1900,    2900 ]       23   0.000% 100.255% 
(    2900,    4400 ]        7   0.000% 100.255% 
(    4400,    6600 ]        6   0.000% 100.255% 
(    6600,    9900 ]        8   0.000% 100.255% 
(    9900,   14000 ]        9   0.000% 100.255% 
(   14000,   22000 ]       19   0.000% 100.255% 
(   22000,   33000 ]       36   0.000% 100.255% 
(   33000,   50000 ]       24   0.000% 100.255% 
(   50000,   75000 ]       87   0.000% 100.255% 
(   75000,  110000 ]       46   0.000% 100.255% 
(  110000,  170000 ]       26   0.000% 100.255% 
(  170000,  250000 ]       12   0.000% 100.255% 
(  250000,  380000 ]        7   0.000% 100.255% 
(  380000,  570000 ]        1   0.000% 100.255% 
(  570000,  860000 ]        3   0.000% 100.255% 
(  860000, 1200000 ]        1   0.000% 100.255% 
( 1200000, 1900000 ]       10   0.000% 100.256% 
( 1900000, 2900000 ]        4   0.000% 100.256% 
( 2900000, 4300000 ]        2   0.000% 100.256% 

** Level 1 read latency histogram (micros):
Count: 44173836 Average: 1.5825  StdDev: 23.49
Min: 0  Median: 0.9024  Max: 70080
Percentiles: P50: 0.90 P75: 1.53 P99: 3.08 P99.9: 3.91 P99.99: 3.99
------------------------------------------------------
[       0,       1 ] 24476040  55.408%  55.408% ###########
(       1,       2 ] 16307850  36.917%  92.326% #######
(       2,       3 ]  2908409   6.584%  98.910% #
(       3,       4 ]   481639   1.090% 100.000% 
(       4,       6 ]   188651   0.427% 100.427% 
(       6,      10 ]    78962   0.179% 100.606% 
(      10,      15 ]    21946   0.050% 100.656% 
(      15,      22 ]    14045   0.032% 100.688% 
(      22,      34 ]     1365   0.003% 100.691% 
(      34,      51 ]      330   0.001% 100.691% 
(      51,      76 ]      928   0.002% 100.693% 
(      76,     110 ]     1392   0.003% 100.697% 
(     110,     170 ]      379   0.001% 100.697% 
(     170,     250 ]      111   0.000% 100.698% 
(     250,     380 ]       19   0.000% 100.698% 
(     380,     580 ]        6   0.000% 100.698% 
(     580,     870 ]       12   0.000% 100.698% 
(    1300,    1900 ]        3   0.000% 100.698% 
(    1900,    2900 ]        6   0.000% 100.698% 
(    2900,    4400 ]        9   0.000% 100.698% 
(    4400,    6600 ]        1   0.000% 100.698% 
(   50000,   75000 ]        5   0.000% 100.698% 

** Level 2 read latency histogram (micros):
Count: 22277929 Average: 110.4939  StdDev: 6276.16
Min: 0  Median: 1.2131  Max: 5451179
Percentiles: P50: 1.21 P75: 1.81 P99: 404.64 P99.9: 961.51 P99.99: 1100.79
------------------------------------------------------
[       0,       1 ]  9160804  41.121%  41.121% ########
(       1,       2 ]  9284225  41.675%  82.795% ########
(       2,       3 ]  2482110  11.142%  93.937% ##
(       3,       4 ]   544970   2.446%  96.383% 
(       4,       6 ]   166292   0.746%  97.129% 
(       6,      10 ]    37746   0.169%  97.299% 
(      10,      15 ]    18312   0.082%  97.381% 
(      15,      22 ]    10775   0.048%  97.429% 
(      22,      34 ]     4385   0.020%  97.449% 
(      34,      51 ]    12782   0.057%  97.506% 
(      51,      76 ]    28745   0.129%  97.635% 
(      76,     110 ]    19178   0.086%  97.721% 
(     110,     170 ]    73779   0.331%  98.053% 
(     170,     250 ]    88954   0.399%  98.452% 
(     250,     380 ]   108779   0.488%  98.940% 
(     380,     580 ]   108080   0.485%  99.425% 
(     580,     870 ]    92562   0.415%  99.841% 
(     870,    1300 ]    61901   0.278% 100.119% 
(    1300,    1900 ]    47400   0.213% 100.331% 
(    1900,    2900 ]    37246   0.167% 100.499% 
(    2900,    4400 ]    20278   0.091% 100.590% 
(    4400,    6600 ]    10438   0.047% 100.637% 
(    6600,    9900 ]     3943   0.018% 100.654% 
(    9900,   14000 ]     1937   0.009% 100.663% 
(   14000,   22000 ]     2446   0.011% 100.674% 
(   22000,   33000 ]     2135   0.010% 100.684% 
(   33000,   50000 ]     2473   0.011% 100.695% 
(   50000,   75000 ]     2782   0.012% 100.707% 
(   75000,  110000 ]     2813   0.013% 100.720% 
(  110000,  170000 ]     2799   0.013% 100.732% 
(  170000,  250000 ]     1462   0.007% 100.739% 
(  250000,  380000 ]      648   0.003% 100.742% 
(  380000,  570000 ]      147   0.001% 100.742% 
(  570000,  860000 ]       43   0.000% 100.743% 
(  860000, 1200000 ]       36   0.000% 100.743% 
( 1200000, 1900000 ]       44   0.000% 100.743% 
( 1900000, 2900000 ]       23   0.000% 100.743% 
( 2900000, 4300000 ]       20   0.000% 100.743% 
( 4300000, 6500000 ]        4   0.000% 100.743% 


** DB Stats **
Uptime(secs): 1609.3 total, 32.4 interval
Cumulative writes: 68M writes, 68M keys, 8846K commit groups, 7.7 writes per commit group, ingest: 66.44 GB, 42.27 MB/s
Cumulative WAL: 68M writes, 0 syncs, 68227712.00 writes per sync, written: 66.44 GB, 42.27 MB/s
Cumulative stall: 00:23:13.901 H:M:S, 86.6 percent
Interval writes: 1362K writes, 1362K keys, 177K commit groups, 7.7 writes per commit group, ingest: 1358.12 MB, 41.91 MB/s
Interval WAL: 1362K writes, 0 syncs, 1362043.00 writes per sync, written: 1.33 GB, 41.91 MB/s
Interval stall: 00:00:29.326 H:M:S, 90.5 percent
Write Stall (count): write-buffer-manager-limit-stops: 0
num-running-compactions: 5
num-running-flushes: 1

2026/08/31-02:39:58  ... thread 15: (85000,4263000) ops and (2624.1,2648.9) ops/second in (32.392173,1609.333308) seconds
2026/08/31-02:39:58  ... thread 10: (85000,4266000) ops and (2623.8,2650.8) ops/second in (32.396088,1609.339745) seconds
2026/08/31-02:39:58  ... thread 9: (85000,4264000) ops and (2623.9,2649.5) ops/second in (32.394752,1609.341527) seconds
2026/08/31-02:39:58  ... thread 14: (85000,4265000) ops and (2623.8,2650.2) ops/second in (32.395233,1609.341708) seconds
2026/08/31-02:39:58  ... thread 4: (85000,4266000) ops and (2623.9,2650.8) ops/second in (32.394047,1609.344819) seconds
2026/08/31-02:39:58  ... thread 13: (85000,4267000) ops and (2624.0,2651.4) ops/second in (32.393465,1609.345256) seconds
2026/08/31-02:39:58  ... thread 5: (85000,4264000) ops and (2623.9,2649.5) ops/second in (32.394402,1609.346779) seconds
2026/08/31-02:39:58  ... thread 11: (85000,4264000) ops and (2623.0,2649.5) ops/second in (32.405910,1609.347028) seconds
2026/08/31-02:39:58  ... thread 2: (85000,4268000) ops and (2624.1,2652.0) ops/second in (32.391588,1609.349218) seconds
2026/08/31-02:39:58  ... thread 12: (86000,4265000) ops and (2652.4,2650.1) ops/second in (32.422861,1609.350898) seconds
2026/08/31-02:39:58  ... thread 8: (85000,4263000) ops and (2623.9,2648.9) ops/second in (32.394005,1609.351638) seconds
2026/08/31-02:39:58  ... thread 7: (86000,4264000) ops and (2652.5,2649.5) ops/second in (32.422030,1609.352444) seconds
2026/08/31-02:40:35  ... thread 7: (104000,4368000) ops and (2808.6,2653.1) ops/second in (37.029442,1646.381886) seconds
2026/08/31-02:40:35  ... thread 3: (105000,4369000) ops and (2833.3,2653.7) ops/second in (37.059392,1646.383456) seconds
2026/08/31-02:40:35  ... thread 5: (104000,4368000) ops and (2807.5,2653.1) ops/second in (37.044126,1646.390905) seconds
2026/08/31-02:40:35  ... thread 8: (104000,4367000) ops and (2781.0,2651.9) ops/second in (37.396431,1646.748069) seconds
2026/08/31-02:40:35  ... thread 6: (105000,4370000) ops and (2795.6,2653.5) ops/second in (37.559183,1646.879588) seconds
2026/08/31-02:40:35  ... thread 2: (104000,4372000) ops and (2766.0,2654.6) ops/second in (37.599758,1646.948976) seconds
2026/08/31-02:40:36  ... thread 14: (104000,4369000) ops and (2747.1,2652.4) ops/second in (37.857856,1647.199564) seconds
2026/08/31-02:40:36  ... thread 9: (105000,4369000) ops and (2761.3,2652.1) ops/second in (38.025573,1647.367100) seconds
2026/08/31-02:40:36  ... thread 13: (104000,4371000) ops and (2721.3,2653.0) ops/second in (38.217259,1647.562515) seconds
2026/08/31-02:40:36  ... thread 12: (104000,4369000) ops and (2717.6,2651.7) ops/second in (38.268364,1647.619262) seconds
2026/08/31-02:40:36  ... thread 0: (105000,4366000) ops and (2736.5,2649.8) ops/second in (38.369642,1647.701832) seconds

** Compaction Stats [default] **
Level    Files   Size     Score Read(GB)  Rn(GB) Rnp1(GB) Write(GB) WPreComp(GB) Wnew(GB) Moved(GB) W-Amp Rd(MB/s) Wr(MB/s) Comp(sec) CompMergeCPU(sec) Comp(cnt) Avg(sec) KeyIn KeyDrop Rblob(GB) Wblob(GB)
-------------------------------------------------------------------------------------------------------------------------------------------------------------------------------------------------------------
  L0     21/17     4.62 GB   1.0     61.9     0.0     61.9     130.5     130.5     68.6       0.0   1.9     18.2     38.3   3485.63            277.77      1368    2.548    132M    64K       0.0       0.0
  L1    120/120    6.98 GB   0.0    188.5    64.0    124.5     185.0     185.0     60.5       0.0   2.9    269.6    264.7    715.83            578.08        36   19.884    191M  3503K       0.0       0.0
  L2    727/0     39.94 GB   1.0    142.5    45.2     97.4     132.5     132.5     35.1       8.4   2.9     15.4     14.3   9484.40            566.38       712   13.321    145M    10M       0.0       0.0
  L3     64/0      3.54 GB   0.0      0.0     0.0      0.0       0.0       0.0      0.0       3.5   0.0      0.0      0.0      0.00              0.00         0    0.000       0      0       0.0       0.0
 Sum    932/137   55.07 GB   0.0    392.9   109.2    283.7     448.0     448.0    164.2      11.9   6.5     29.4     33.5  13685.86           1422.22      2116    6.468    469M    13M       0.0       0.0
 Int      0/0      0.00 KB   0.0      0.2     0.0      0.2       0.5       0.5      0.3       0.0   1.8      5.3     11.9     46.84              1.20         6    7.807    555K    239       0.0       0.0

** Compaction Stats [default] **
Priority    Files   Size     Score Read(GB)  Rn(GB) Rnp1(GB) Write(GB) WPreComp(GB) Wnew(GB) Moved(GB) W-Amp Rd(MB/s) Wr(MB/s) Comp(sec) CompMergeCPU(sec) Comp(cnt) Avg(sec) KeyIn KeyDrop Rblob(GB) Wblob(GB)
----------------------------------------------------------------------------------------------------------------------------------------------------------------------------------------------------------------
 Low      0/0      0.00 KB   0.0    392.9   109.2    283.7     379.3     379.3     95.5       0.0   0.0     35.3     34.0  11407.81           1302.71       987   11.558    399M    13M       0.0       0.0
High      0/0      0.00 KB   0.0      0.0     0.0      0.0      68.7      68.7     68.7       0.0   0.0      0.0     30.9   2278.05            119.51      1129    2.018     69M      0       0.0       0.0

Blob file count: 0, total size: 0.0 GB, garbage size: 0.0 GB, space amp: 0.0

Uptime(secs): 1647.8 total, 23.5 interval
Flush(GB): cumulative 68.689, interval 0.304
AddFile(GB): cumulative 0.000, interval 0.000
AddFile(Total Files): cumulative 0, interval 0
AddFile(L0 Files): cumulative 0, interval 0
AddFile(Keys): cumulative 0, interval 0
Cumulative compaction: 447.95 GB write, 278.37 MB/s write, 392.88 GB read, 244.15 MB/s read, 13685.9 seconds
Interval compaction: 0.55 GB write, 23.76 MB/s write, 0.24 GB read, 10.56 MB/s read, 46.8 seconds
Estimated pending compaction bytes: 57377913726
Write Stall (count): cf-l0-file-count-limit-delays-with-ongoing-compaction: 79, cf-l0-file-count-limit-stops-with-ongoing-compaction: 0, l0-file-count-limit-delays: 79, l0-file-count-limit-stops: 0, memtable-limit-delays: 0, memtable-limit-stops: 938, pending-compaction-bytes-delays: 0, pending-compaction-bytes-stops: 0, total-delays: 79, total-stops: 938
interval: 5 total count
Block cache AutoHyperClockCache@0x5711ef9dd2d0#2018912 capacity: 512.00 MB seed: 591891029 usage: 15.83 MB table_size: 6730 occupancy: 3762 collections: 10 last_copies: 0 last_secs: 0.000554 secs_since: 23
Block cache entry stats(count,size,portion): Misc(3762,15.42 MB,3.01079%)

** File Read Latency Histogram By Level [default] **
** Level 0 read latency histogram (micros):
Count: 32710616 Average: 3.2570  StdDev: 1543.55
Min: 0  Median: 0.9261  Max: 4154556
Percentiles: P50: 0.93 P75: 1.54 P99: 3.00 P99.9: 4.74 P99.99: 5.41
------------------------------------------------------
[       0,       1 ] 17659603  53.987%  53.987% ###########
(       1,       2 ] 12750904  38.981%  92.968% ########
(       2,       3 ]  1979304   6.051%  99.019% #
(       3,       4 ]   255462   0.781%  99.800% 
(       4,       6 ]    88158   0.270% 100.070% 
(       6,      10 ]    37792   0.116% 100.185% 
(      10,      15 ]    14095   0.043% 100.228% 
(      15,      22 ]     8164   0.025% 100.253% 
(      22,      34 ]      584   0.002% 100.255% 
(      34,      51 ]      100   0.000% 100.255% 
(      51,      76 ]      400   0.001% 100.257% 
(      76,     110 ]      819   0.003% 100.259% 
(     110,     170 ]       38   0.000% 100.259% 
(     170,     250 ]       17   0.000% 100.259% 
(     250,     380 ]       57   0.000% 100.259% 
(     380,     580 ]        8   0.000% 100.260% 
(     580,     870 ]       46   0.000% 100.260% 
(     870,    1300 ]       95   0.000% 100.260% 
(    1300,    1900 ]       70   0.000% 100.260% 
(    1900,    2900 ]       25   0.000% 100.260% 
(    2900,    4400 ]        7   0.000% 100.260% 
(    4400,    6600 ]        6   0.000% 100.260% 
(    6600,    9900 ]        8   0.000% 100.260% 
(    9900,   14000 ]        9   0.000% 100.260% 
(   14000,   22000 ]       19   0.000% 100.260% 
(   22000,   33000 ]       37   0.000% 100.260% 
(   33000,   50000 ]       25   0.000% 100.261% 
(   50000,   75000 ]       88   0.000% 100.261% 
(   75000,  110000 ]       49   0.000% 100.261% 
(  110000,  170000 ]       27   0.000% 100.261% 
(  170000,  250000 ]       12   0.000% 100.261% 
(  250000,  380000 ]        7   0.000% 100.261% 
(  380000,  570000 ]        1   0.000% 100.261% 
(  570000,  860000 ]        3   0.000% 100.261% 
(  860000, 1200000 ]        1   0.000% 100.261% 
( 1200000, 1900000 ]       10   0.000% 100.261% 
( 1900000, 2900000 ]        4   0.000% 100.261% 
( 2900000, 4300000 ]        2   0.000% 100.261% 

** Level 1 read latency histogram (micros):
Count: 45638650 Average: 1.5783  StdDev: 23.11
Min: 0  Median: 0.8985  Max: 70080
Percentiles: P50: 0.90 P75: 1.53 P99: 3.06 P99.9: 3.90 P99.99: 3.98
------------------------------------------------------
[       0,       1 ] 25397637  55.649%  55.649% ###########
(       1,       2 ] 16777115  36.761%  92.410% #######
(       2,       3 ]  2980396   6.530%  98.941% #
(       3,       4 ]   487924   1.069% 100.010% 
(       4,       6 ]   190613   0.418% 100.427% 
(       6,      10 ]    80703   0.177% 100.604% 
(      10,      15 ]    22779   0.050% 100.654% 
(      15,      22 ]    14625   0.032% 100.686% 
(      22,      34 ]     1398   0.003% 100.689% 
(      34,      51 ]      337   0.001% 100.690% 
(      51,      76 ]      928   0.002% 100.692% 
(      76,     110 ]     1393   0.003% 100.695% 
(     110,     170 ]      380   0.001% 100.696% 
(     170,     250 ]      111   0.000% 100.696% 
(     250,     380 ]       19   0.000% 100.696% 
(     380,     580 ]        6   0.000% 100.696% 
(     580,     870 ]       12   0.000% 100.696% 
(    1300,    1900 ]        3   0.000% 100.696% 
(    1900,    2900 ]        6   0.000% 100.696% 
(    2900,    4400 ]        9   0.000% 100.696% 
(    4400,    6600 ]        1   0.000% 100.696% 
(   50000,   75000 ]        5   0.000% 100.696% 

** Level 2 read latency histogram (micros):
Count: 22309665 Average: 110.3835  StdDev: 6271.70
Min: 0  Median: 1.2130  Max: 5451179
Percentiles: P50: 1.21 P75: 1.81 P99: 405.18 P99.9: 963.22 P99.99: 1102.44
------------------------------------------------------
[       0,       1 ]  9175217  41.127%  41.127% ########
(       1,       2 ]  9295385  41.665%  82.792% ########
(       2,       3 ]  2485092  11.139%  93.931% ##
(       3,       4 ]   545243   2.444%  96.375% 
(       4,       6 ]   166366   0.746%  97.121% 
(       6,      10 ]    37782   0.169%  97.290% 
(      10,      15 ]    18346   0.082%  97.372% 
(      15,      22 ]    10835   0.049%  97.421% 
(      22,      34 ]     4762   0.021%  97.442% 
(      34,      51 ]    13048   0.058%  97.501% 
(      51,      76 ]    29215   0.131%  97.632% 
(      76,     110 ]    19270   0.086%  97.718% 
(     110,     170 ]    74047   0.332%  98.050% 
(     170,     250 ]    89301   0.400%  98.450% 
(     250,     380 ]   109028   0.489%  98.939% 
(     380,     580 ]   108283   0.485%  99.424% 
(     580,     870 ]    92690   0.415%  99.840% 
(     870,    1300 ]    62018   0.278% 100.118% 
(    1300,    1900 ]    47489   0.213% 100.331% 
(    1900,    2900 ]    37312   0.167% 100.498% 
(    2900,    4400 ]    20307   0.091% 100.589% 
(    4400,    6600 ]    10445   0.047% 100.636% 
(    6600,    9900 ]     3943   0.018% 100.653% 
(    9900,   14000 ]     1938   0.009% 100.662% 
(   14000,   22000 ]     2446   0.011% 100.673% 
(   22000,   33000 ]     2135   0.010% 100.683% 
(   33000,   50000 ]     2473   0.011% 100.694% 
(   50000,   75000 ]     2782   0.012% 100.706% 
(   75000,  110000 ]     2813   0.013% 100.719% 
(  110000,  170000 ]     2799   0.013% 100.731% 
(  170000,  250000 ]     1462   0.007% 100.738% 
(  250000,  380000 ]      648   0.003% 100.741% 
(  380000,  570000 ]      147   0.001% 100.741% 
(  570000,  860000 ]       43   0.000% 100.742% 
(  860000, 1200000 ]       36   0.000% 100.742% 
( 1200000, 1900000 ]       44   0.000% 100.742% 
( 1900000, 2900000 ]       23   0.000% 100.742% 
( 2900000, 4300000 ]       20   0.000% 100.742% 
( 4300000, 6500000 ]        4   0.000% 100.742% 


** DB Stats **
Uptime(secs): 1647.8 total, 23.5 interval
Cumulative writes: 69M writes, 69M keys, 9067K commit groups, 7.7 writes per commit group, ingest: 68.07 GB, 42.30 MB/s
Cumulative WAL: 69M writes, 0 syncs, 69907782.00 writes per sync, written: 68.07 GB, 42.30 MB/s
Cumulative stall: 00:23:46.267 H:M:S, 86.6 percent
Interval writes: 196K writes, 196K keys, 31K commit groups, 6.2 writes per commit group, ingest: 195.55 MB, 8.31 MB/s
Interval WAL: 196K writes, 0 syncs, 196045.00 writes per sync, written: 0.19 GB, 8.31 MB/s
Interval stall: 00:00:27.576 H:M:S, 117.2 percent
Write Stall (count): write-buffer-manager-limit-stops: 0
num-running-compactions: 1
num-running-flushes: 0

2026/08/31-02:40:37  ... thread 11: (105000,4369000) ops and (2706.4,2650.9) ops/second in (38.796401,1648.143429) seconds
2026/08/31-02:40:37  ... thread 1: (105000,4368000) ops and (2694.0,2650.0) ops/second in (38.974969,1648.301883) seconds
2026/08/31-02:40:37  ... thread 10: (105000,4371000) ops and (2694.6,2651.8) ops/second in (38.967022,1648.306767) seconds
2026/08/31-02:40:37  ... thread 15: (105000,4368000) ops and (2690.8,2649.9) ops/second in (39.021560,1648.354868) seconds
2026/08/31-02:40:37  ... thread 4: (105000,4371000) ops and (2687.7,2651.6) ops/second in (39.066220,1648.411039) seconds
2026/08/31-02:41:06  ... thread 3: (61000,4430000) ops and (1941.5,2640.4) ops/second in (31.418778,1677.802234) seconds
2026/08/31-02:41:06  ... thread 5: (61000,4429000) ops and (1941.7,2639.8) ops/second in (31.415168,1677.806073) seconds
2026/08/31-02:41:06  ... thread 14: (61000,4430000) ops and (1992.7,2640.3) ops/second in (30.612482,1677.812046) seconds
2026/08/31-02:41:06  ... thread 7: (61000,4429000) ops and (1940.7,2639.7) ops/second in (31.431423,1677.813309) seconds
2026/08/31-02:41:06  ... thread 0: (61000,4427000) ops and (2025.7,2638.6) ops/second in (30.112649,1677.814481) seconds

** Compaction Stats [default] **
Level    Files   Size     Score Read(GB)  Rn(GB) Rnp1(GB) Write(GB) WPreComp(GB) Wnew(GB) Moved(GB) W-Amp Rd(MB/s) Wr(MB/s) Comp(sec) CompMergeCPU(sec) Comp(cnt) Avg(sec) KeyIn KeyDrop Rblob(GB) Wblob(GB)
-------------------------------------------------------------------------------------------------------------------------------------------------------------------------------------------------------------
  L0     15/9      1.27 GB   1.5     62.1     0.0     62.1     131.6     131.6     69.5       0.0   1.9     18.0     38.2   3531.04            280.05      1383    2.553    133M    64K       0.0       0.0
  L1    164/17     9.75 GB   2.2    199.6    68.2    131.5     195.8     195.8     64.4       0.0   2.9    270.2    265.0    756.74            611.83        37   20.452    203M  3872K       0.0       0.0
  L2    745/44    40.81 GB   1.0    145.2    46.1     99.1     134.9     134.9     35.8       8.7   2.9     15.3     14.2   9721.16            579.69       730   13.317    147M    10M       0.0       0.0
  L3     64/0      3.54 GB   0.0      0.0     0.0      0.0       0.0       0.0      0.0       3.5   0.0      0.0      0.0      0.00              0.00         0    0.000       0      0       0.0       0.0
 Sum    988/70    55.37 GB   0.0    407.0   114.3    292.7     462.3     462.3    169.6      12.2   6.6     29.8     33.8  14008.94           1471.56      2150    6.516    484M    14M       0.0       0.0
 Int      0/0      0.00 KB   0.0     14.4     5.2      9.2      14.9      14.9      5.7       0.3  12.9     39.8     41.2    369.93             50.54        40    9.248     15M   639K       0.0       0.0

** Compaction Stats [default] **
Priority    Files   Size     Score Read(GB)  Rn(GB) Rnp1(GB) Write(GB) WPreComp(GB) Wnew(GB) Moved(GB) W-Amp Rd(MB/s) Wr(MB/s) Comp(sec) CompMergeCPU(sec) Comp(cnt) Avg(sec) KeyIn KeyDrop Rblob(GB) Wblob(GB)
----------------------------------------------------------------------------------------------------------------------------------------------------------------------------------------------------------------
 Low      0/0      0.00 KB   0.0    407.0   114.3    292.7     392.8     392.8    100.1       0.0   0.0     35.6     34.4  11694.05           1350.45      1007   11.613    414M    14M       0.0       0.0
High      0/0      0.00 KB   0.0      0.0     0.0      0.0      69.5      69.5     69.5       0.0   0.0      0.0     30.8   2314.89            121.11      1143    2.025     70M      0       0.0       0.0

Blob file count: 0, total size: 0.0 GB, garbage size: 0.0 GB, space amp: 0.0

Uptime(secs): 1677.8 total, 53.6 interval
Flush(GB): cumulative 69.539, interval 1.154
AddFile(GB): cumulative 0.000, interval 0.000
AddFile(Total Files): cumulative 0, interval 0
AddFile(L0 Files): cumulative 0, interval 0
AddFile(Keys): cumulative 0, interval 0
Cumulative compaction: 462.29 GB write, 282.14 MB/s write, 407.00 GB read, 248.40 MB/s read, 14008.9 seconds
Interval compaction: 14.88 GB write, 284.61 MB/s write, 14.36 GB read, 274.61 MB/s read, 369.9 seconds
Estimated pending compaction bytes: 56308251767
Write Stall (count): cf-l0-file-count-limit-delays-with-ongoing-compaction: 81, cf-l0-file-count-limit-stops-with-ongoing-compaction: 0, l0-file-count-limit-delays: 81, l0-file-count-limit-stops: 0, memtable-limit-delays: 0, memtable-limit-stops: 946, pending-compaction-bytes-delays: 0, pending-compaction-bytes-stops: 0, total-delays: 81, total-stops: 946
interval: 15 total count
Block cache AutoHyperClockCache@0x5711ef9dd2d0#2018912 capacity: 512.00 MB seed: 591891029 usage: 15.83 MB table_size: 6730 occupancy: 3762 collections: 10 last_copies: 0 last_secs: 0.000554 secs_since: 53
Block cache entry stats(count,size,portion): Misc(3762,15.42 MB,3.01079%)

** File Read Latency Histogram By Level [default] **
** Level 0 read latency histogram (micros):
Count: 33071828 Average: 3.2488  StdDev: 1535.29
Min: 0  Median: 0.9272  Max: 4154556
Percentiles: P50: 0.93 P75: 1.54 P99: 3.00 P99.9: 4.76 P99.99: 5.42
------------------------------------------------------
[       0,       1 ] 17834127  53.925%  53.925% ###########
(       1,       2 ] 12902808  39.014%  92.940% ########
(       2,       3 ]  2007123   6.069%  99.009% #
(       3,       4 ]   260533   0.788%  99.797% 
(       4,       6 ]    89860   0.272% 100.068% 
(       6,      10 ]    38324   0.116% 100.184% 
(      10,      15 ]    14360   0.043% 100.228% 
(      15,      22 ]     8329   0.025% 100.253% 
(      22,      34 ]      595   0.002% 100.255% 
(      34,      51 ]      101   0.000% 100.255% 
(      51,      76 ]      405   0.001% 100.256% 
(      76,     110 ]      829   0.003% 100.259% 
(     110,     170 ]       40   0.000% 100.259% 
(     170,     250 ]       18   0.000% 100.259% 
(     250,     380 ]       57   0.000% 100.259% 
(     380,     580 ]        8   0.000% 100.259% 
(     580,     870 ]       46   0.000% 100.259% 
(     870,    1300 ]       95   0.000% 100.260% 
(    1300,    1900 ]       70   0.000% 100.260% 
(    1900,    2900 ]       25   0.000% 100.260% 
(    2900,    4400 ]        8   0.000% 100.260% 
(    4400,    6600 ]        6   0.000% 100.260% 
(    6600,    9900 ]        9   0.000% 100.260% 
(    9900,   14000 ]        9   0.000% 100.260% 
(   14000,   22000 ]       20   0.000% 100.260% 
(   22000,   33000 ]       41   0.000% 100.260% 
(   33000,   50000 ]       25   0.000% 100.260% 
(   50000,   75000 ]       89   0.000% 100.260% 
(   75000,  110000 ]       49   0.000% 100.261% 
(  110000,  170000 ]       28   0.000% 100.261% 
(  170000,  250000 ]       12   0.000% 100.261% 
(  250000,  380000 ]        7   0.000% 100.261% 
(  380000,  570000 ]        1   0.000% 100.261% 
(  570000,  860000 ]        3   0.000% 100.261% 
(  860000, 1200000 ]        1   0.000% 100.261% 
( 1200000, 1900000 ]       10   0.000% 100.261% 
( 1900000, 2900000 ]        4   0.000% 100.261% 
( 2900000, 4300000 ]        2   0.000% 100.261% 

** Level 1 read latency histogram (micros):
Count: 46384274 Average: 1.5840  StdDev: 22.93
Min: 0  Median: 0.9026  Max: 70080
Percentiles: P50: 0.90 P75: 1.53 P99: 3.11 P99.9: 3.92 P99.99: 4.02
------------------------------------------------------
[       0,       1 ] 25694929  55.396%  55.396% ###########
(       1,       2 ] 17077819  36.818%  92.214% #######
(       2,       3 ]  3093996   6.670%  98.884% #
(       3,       4 ]   510859   1.101%  99.986% 
(       4,       6 ]   200399   0.432% 100.418% 
(       6,      10 ]    84180   0.181% 100.599% 
(      10,      15 ]    23705   0.051% 100.650% 
(      15,      22 ]    15228   0.033% 100.683% 
(      22,      34 ]     1463   0.003% 100.686% 
(      34,      51 ]      350   0.001% 100.687% 
(      51,      76 ]      970   0.002% 100.689% 
(      76,     110 ]     1496   0.003% 100.692% 
(     110,     170 ]      402   0.001% 100.693% 
(     170,     250 ]      114   0.000% 100.693% 
(     250,     380 ]       20   0.000% 100.693% 
(     380,     580 ]        6   0.000% 100.693% 
(     580,     870 ]       12   0.000% 100.693% 
(    1300,    1900 ]        3   0.000% 100.694% 
(    1900,    2900 ]        6   0.000% 100.694% 
(    2900,    4400 ]        9   0.000% 100.694% 
(    4400,    6600 ]        1   0.000% 100.694% 
(   50000,   75000 ]        5   0.000% 100.694% 

** Level 2 read latency histogram (micros):
Count: 22895775 Average: 115.7773  StdDev: 6364.80
Min: 0  Median: 1.2240  Max: 5451179
Percentiles: P50: 1.22 P75: 1.82 P99: 435.14 P99.9: 1025.26 P99.99: 1159.04
------------------------------------------------------
[       0,       1 ]  9306416  40.647%  40.647% ########
(       1,       2 ]  9559254  41.751%  82.398% ########
(       2,       3 ]  2594034  11.330%  93.728% ##
(       3,       4 ]   570844   2.493%  96.221% 
(       4,       6 ]   174510   0.762%  96.983% 
(       6,      10 ]    39218   0.171%  97.155% 
(      10,      15 ]    19219   0.084%  97.238% 
(      15,      22 ]    11331   0.049%  97.288% 
(      22,      34 ]     4867   0.021%  97.309% 
(      34,      51 ]    13695   0.060%  97.369% 
(      51,      76 ]    30916   0.135%  97.504% 
(      76,     110 ]    20372   0.089%  97.593% 
(     110,     170 ]    78868   0.344%  97.937% 
(     170,     250 ]    95146   0.416%  98.353% 
(     250,     380 ]   116361   0.508%  98.861% 
(     380,     580 ]   115230   0.503%  99.365% 
(     580,     870 ]    98683   0.431%  99.796% 
(     870,    1300 ]    66234   0.289% 100.085% 
(    1300,    1900 ]    50933   0.222% 100.307% 
(    1900,    2900 ]    40065   0.175% 100.482% 
(    2900,    4400 ]    21821   0.095% 100.578% 
(    4400,    6600 ]    11230   0.049% 100.627% 
(    6600,    9900 ]     4277   0.019% 100.645% 
(    9900,   14000 ]     2112   0.009% 100.655% 
(   14000,   22000 ]     2678   0.012% 100.666% 
(   22000,   33000 ]     2327   0.010% 100.676% 
(   33000,   50000 ]     2652   0.012% 100.688% 
(   50000,   75000 ]     2971   0.013% 100.701% 
(   75000,  110000 ]     3012   0.013% 100.714% 
(  110000,  170000 ]     3013   0.013% 100.727% 
(  170000,  250000 ]     1587   0.007% 100.734% 
(  250000,  380000 ]      702   0.003% 100.737% 
(  380000,  570000 ]      157   0.001% 100.738% 
(  570000,  860000 ]       45   0.000% 100.738% 
(  860000, 1200000 ]       48   0.000% 100.738% 
( 1200000, 1900000 ]       49   0.000% 100.739% 
( 1900000, 2900000 ]       24   0.000% 100.739% 
( 2900000, 4300000 ]       20   0.000% 100.739% 
( 4300000, 6500000 ]        4   0.000% 100.739% 


** DB Stats **
Uptime(secs): 1677.8 total, 30.0 interval
Cumulative writes: 70M writes, 70M keys, 9199K commit groups, 7.7 writes per commit group, ingest: 69.02 GB, 42.12 MB/s
Cumulative WAL: 70M writes, 0 syncs, 70878107.00 writes per sync, written: 69.02 GB, 42.12 MB/s
Cumulative stall: 00:24:11.037 H:M:S, 86.5 percent
Interval writes: 970K writes, 970K keys, 131K commit groups, 7.4 writes per commit group, ingest: 967.59 MB, 32.24 MB/s
Interval WAL: 970K writes, 0 syncs, 970325.00 writes per sync, written: 0.94 GB, 32.24 MB/s
Interval stall: 00:00:24.769 H:M:S, 82.5 percent
Write Stall (count): write-buffer-manager-limit-stops: 0
num-running-compactions: 18
num-running-flushes: 1

2026/08/31-02:41:06  ... thread 2: (61000,4433000) ops and (1976.3,2642.1) ops/second in (30.866385,1677.815361) seconds
2026/08/31-02:41:06  ... thread 6: (61000,4431000) ops and (1971.6,2640.9) ops/second in (30.939095,1677.818683) seconds
2026/08/31-02:41:06  ... thread 8: (62000,4429000) ops and (1995.4,2639.7) ops/second in (31.070702,1677.818771) seconds
2026/08/31-02:41:06  ... thread 9: (61000,4430000) ops and (2003.1,2640.3) ops/second in (30.452102,1677.819202) seconds
2026/08/31-02:41:06  ... thread 12: (61000,4430000) ops and (2019.8,2640.3) ops/second in (30.200876,1677.820138) seconds
2026/08/31-02:41:06  ... thread 13: (61000,4432000) ops and (2015.6,2641.5) ops/second in (30.263379,1677.825894) seconds
2026/08/31-02:41:14  ... thread 10: (61000,4432000) ops and (1650.2,2629.8) ops/second in (36.965408,1685.272175) seconds
2026/08/31-02:41:14  ... thread 1: (61000,4429000) ops and (1649.9,2628.1) ops/second in (36.973018,1685.274901) seconds
2026/08/31-02:41:14  ... thread 11: (61000,4430000) ops and (1642.8,2628.6) ops/second in (37.132712,1685.276141) seconds
2026/08/31-02:41:14  ... thread 4: (61000,4432000) ops and (1654.5,2629.8) ops/second in (36.869689,1685.280728) seconds
2026/08/31-02:41:14  ... thread 15: (61000,4429000) ops and (1651.9,2628.0) ops/second in (36.927200,1685.282068) seconds
2026/08/31-02:41:36  ... thread 2: (74000,4507000) ops and (2458.2,2638.9) ops/second in (30.103780,1707.919141) seconds
2026/08/31-02:41:36  ... thread 9: (74000,4504000) ops and (2458.2,2637.1) ops/second in (30.103185,1707.922387) seconds
2026/08/31-02:41:36  ... thread 6: (74000,4505000) ops and (2457.8,2637.7) ops/second in (30.108664,1707.927347) seconds
2026/08/31-02:41:36  ... thread 13: (74000,4506000) ops and (2458.3,2638.3) ops/second in (30.102527,1707.928421) seconds
2026/08/31-02:41:36  ... thread 12: (74000,4504000) ops and (2457.8,2637.1) ops/second in (30.108752,1707.928890) seconds
2026/08/31-02:41:36  ... thread 8: (74000,4503000) ops and (2457.0,2636.5) ops/second in (30.117870,1707.936641) seconds
2026/08/31-02:41:36  ... thread 5: (75000,4504000) ops and (2489.0,2637.1) ops/second in (30.132656,1707.938729) seconds
2026/08/31-02:41:36  ... thread 0: (75000,4502000) ops and (2489.2,2635.9) ops/second in (30.130644,1707.945125) seconds

** Compaction Stats [default] **
Level    Files   Size     Score Read(GB)  Rn(GB) Rnp1(GB) Write(GB) WPreComp(GB) Wnew(GB) Moved(GB) W-Amp Rd(MB/s) Wr(MB/s) Comp(sec) CompMergeCPU(sec) Comp(cnt) Avg(sec) KeyIn KeyDrop Rblob(GB) Wblob(GB)
-------------------------------------------------------------------------------------------------------------------------------------------------------------------------------------------------------------
  L0     12/5      2.55 GB   1.8     63.9     0.0     63.9     134.6     134.6     70.7       0.0   1.9     18.1     38.2   3608.25            287.40      1409    2.561    137M    67K       0.0       0.0
  L1    136/16     8.16 GB   1.8    199.6    68.2    131.5     195.8     195.8     64.4       0.0   2.9    270.2    265.0    756.74            611.83        37   20.452    203M  3872K       0.0       0.0
  L2    768/43    41.78 GB   1.0    150.1    47.5    102.6     139.2     139.2     36.6       8.7   2.9     15.0     14.0  10215.22            608.52       755   13.530    152M    11M       0.0       0.0
  L3     64/0      3.54 GB   0.0      0.0     0.0      0.0       0.0       0.0      0.0       3.5   0.0      0.0      0.0      0.00              0.00         0    0.000       0      0       0.0       0.0
 Sum    980/64    56.03 GB   0.0    413.6   115.7    297.9     469.6     469.6    171.7      12.2   6.6     29.0     33.0  14580.20           1507.74      2201    6.624    492M    15M       0.0       0.0
 Int      0/0      0.00 KB   0.0      5.5     1.2      4.3       6.1       6.1      1.9       0.0   5.3     11.9     13.3    470.81             31.02        45   10.462   6725K   480K       0.0       0.0

** Compaction Stats [default] **
Priority    Files   Size     Score Read(GB)  Rn(GB) Rnp1(GB) Write(GB) WPreComp(GB) Wnew(GB) Moved(GB) W-Amp Rd(MB/s) Wr(MB/s) Comp(sec) CompMergeCPU(sec) Comp(cnt) Avg(sec) KeyIn KeyDrop Rblob(GB) Wblob(GB)
----------------------------------------------------------------------------------------------------------------------------------------------------------------------------------------------------------------
 Low      0/0      0.00 KB   0.0    413.6   115.7    297.9     398.8     398.8    100.9       0.0   0.0     34.7     33.4  12214.89           1384.22      1037   11.779    420M    15M       0.0       0.0
High      0/0      0.00 KB   0.0      0.0     0.0      0.0      70.8      70.8     70.8       0.0   0.0      0.0     30.7   2365.31            123.52      1164    2.032     72M      0       0.0       0.0

Blob file count: 0, total size: 0.0 GB, garbage size: 0.0 GB, space amp: 0.0

Uptime(secs): 1708.0 total, 22.2 interval
Flush(GB): cumulative 70.815, interval 1.155
AddFile(GB): cumulative 0.000, interval 0.000
AddFile(Total Files): cumulative 0, interval 0
AddFile(L0 Files): cumulative 0, interval 0
AddFile(Keys): cumulative 0, interval 0
Cumulative compaction: 469.62 GB write, 281.56 MB/s write, 413.59 GB read, 247.97 MB/s read, 14580.2 seconds
Interval compaction: 6.14 GB write, 282.69 MB/s write, 5.45 GB read, 251.24 MB/s read, 470.8 seconds
Estimated pending compaction bytes: 56575299295
Write Stall (count): cf-l0-file-count-limit-delays-with-ongoing-compaction: 81, cf-l0-file-count-limit-stops-with-ongoing-compaction: 0, l0-file-count-limit-delays: 81, l0-file-count-limit-stops: 0, memtable-limit-delays: 0, memtable-limit-stops: 965, pending-compaction-bytes-delays: 0, pending-compaction-bytes-stops: 0, total-delays: 81, total-stops: 965
interval: 15 total count
Block cache AutoHyperClockCache@0x5711ef9dd2d0#2018912 capacity: 512.00 MB seed: 591891029 usage: 15.83 MB table_size: 6730 occupancy: 3762 collections: 10 last_copies: 1 last_secs: 0.000554 secs_since: 83
Block cache entry stats(count,size,portion): Misc(3762,15.42 MB,3.01079%)

** File Read Latency Histogram By Level [default] **
** Level 0 read latency histogram (micros):
Count: 33383030 Average: 3.2860  StdDev: 1543.62
Min: 0  Median: 0.9257  Max: 4154556
Percentiles: P50: 0.93 P75: 1.54 P99: 3.00 P99.9: 4.78 P99.99: 5.44
------------------------------------------------------
[       0,       1 ] 18030370  54.011%  54.011% ###########
(       1,       2 ] 13001405  38.946%  92.957% ########
(       2,       3 ]  2019716   6.050%  99.007% #
(       3,       4 ]   262793   0.787%  99.794% 
(       4,       6 ]    90733   0.272% 100.066% 
(       6,      10 ]    38670   0.116% 100.182% 
(      10,      15 ]    14509   0.043% 100.225% 
(      15,      22 ]     8426   0.025% 100.250% 
(      22,      34 ]      607   0.002% 100.252% 
(      34,      51 ]      101   0.000% 100.253% 
(      51,      76 ]      414   0.001% 100.254% 
(      76,     110 ]      841   0.003% 100.256% 
(     110,     170 ]       41   0.000% 100.256% 
(     170,     250 ]       20   0.000% 100.256% 
(     250,     380 ]       57   0.000% 100.257% 
(     380,     580 ]        9   0.000% 100.257% 
(     580,     870 ]       47   0.000% 100.257% 
(     870,    1300 ]       96   0.000% 100.257% 
(    1300,    1900 ]       71   0.000% 100.257% 
(    1900,    2900 ]       26   0.000% 100.257% 
(    2900,    4400 ]        8   0.000% 100.257% 
(    4400,    6600 ]        6   0.000% 100.257% 
(    6600,    9900 ]        9   0.000% 100.257% 
(    9900,   14000 ]        9   0.000% 100.257% 
(   14000,   22000 ]       21   0.000% 100.258% 
(   22000,   33000 ]       41   0.000% 100.258% 
(   33000,   50000 ]       26   0.000% 100.258% 
(   50000,   75000 ]       89   0.000% 100.258% 
(   75000,  110000 ]       52   0.000% 100.258% 
(  110000,  170000 ]       28   0.000% 100.258% 
(  170000,  250000 ]       13   0.000% 100.258% 
(  250000,  380000 ]        7   0.000% 100.258% 
(  380000,  570000 ]        1   0.000% 100.258% 
(  570000,  860000 ]        3   0.000% 100.258% 
(  860000, 1200000 ]        1   0.000% 100.258% 
( 1200000, 1900000 ]       11   0.000% 100.258% 
( 1900000, 2900000 ]        4   0.000% 100.258% 
( 2900000, 4300000 ]        2   0.000% 100.258% 

** Level 1 read latency histogram (micros):
Count: 46745248 Average: 1.5926  StdDev: 22.84
Min: 0  Median: 0.9083  Max: 70080
Percentiles: P50: 0.91 P75: 1.54 P99: 3.18 P99.9: 3.96 P99.99: 4.20
------------------------------------------------------
[       0,       1 ] 25731451  55.046%  55.046% ###########
(       1,       2 ] 17219362  36.837%  91.883% #######
(       2,       3 ]  3226834   6.903%  98.786% #
(       3,       4 ]   541935   1.159%  99.945% 
(       4,       6 ]   214831   0.460% 100.405% 
(       6,      10 ]    87985   0.188% 100.593% 
(      10,      15 ]    24542   0.053% 100.645% 
(      15,      22 ]    15984   0.034% 100.680% 
(      22,      34 ]     1541   0.003% 100.683% 
(      34,      51 ]      357   0.001% 100.684% 
(      51,      76 ]      971   0.002% 100.686% 
(      76,     110 ]     1498   0.003% 100.689% 
(     110,     170 ]      403   0.001% 100.690% 
(     170,     250 ]      114   0.000% 100.690% 
(     250,     380 ]       20   0.000% 100.690% 
(     380,     580 ]        6   0.000% 100.690% 
(     580,     870 ]       12   0.000% 100.690% 
(    1300,    1900 ]        3   0.000% 100.690% 
(    1900,    2900 ]        6   0.000% 100.690% 
(    2900,    4400 ]        9   0.000% 100.690% 
(    4400,    6600 ]        1   0.000% 100.690% 
(   50000,   75000 ]        5   0.000% 100.690% 

** Level 2 read latency histogram (micros):
Count: 23814451 Average: 122.3343  StdDev: 6389.87
Min: 0  Median: 1.2453  Max: 5451179
Percentiles: P50: 1.25 P75: 1.84 P99: 486.47 P99.9: 1125.89 P99.99: 1249.23
------------------------------------------------------
[       0,       1 ]  9462410  39.734%  39.734% ########
(       1,       2 ]  9968213  41.858%  81.592% ########
(       2,       3 ]  2801577  11.764%  93.356% ##
(       3,       4 ]   623385   2.618%  95.974% #
(       4,       6 ]   190382   0.799%  96.773% 
(       6,      10 ]    41462   0.174%  96.947% 
(      10,      15 ]    20823   0.087%  97.035% 
(      15,      22 ]    12425   0.052%  97.087% 
(      22,      34 ]     5010   0.021%  97.108% 
(      34,      51 ]    14144   0.059%  97.167% 
(      51,      76 ]    32913   0.138%  97.305% 
(      76,     110 ]    21685   0.091%  97.396% 
(     110,     170 ]    84717   0.356%  97.752% 
(     170,     250 ]   102483   0.430%  98.183% 
(     250,     380 ]   126979   0.533%  98.716% 
(     380,     580 ]   127173   0.534%  99.250% 
(     580,     870 ]   110390   0.464%  99.713% 
(     870,    1300 ]    74721   0.314% 100.027% 
(    1300,    1900 ]    57536   0.242% 100.269% 
(    1900,    2900 ]    45237   0.190% 100.459% 
(    2900,    4400 ]    24739   0.104% 100.562% 
(    4400,    6600 ]    12452   0.052% 100.615% 
(    6600,    9900 ]     4675   0.020% 100.634% 
(    9900,   14000 ]     2332   0.010% 100.644% 
(   14000,   22000 ]     2980   0.013% 100.657% 
(   22000,   33000 ]     2581   0.011% 100.668% 
(   33000,   50000 ]     2911   0.012% 100.680% 
(   50000,   75000 ]     3264   0.014% 100.693% 
(   75000,  110000 ]     3304   0.014% 100.707% 
(  110000,  170000 ]     3350   0.014% 100.721% 
(  170000,  250000 ]     1794   0.008% 100.729% 
(  250000,  380000 ]      750   0.003% 100.732% 
(  380000,  570000 ]      169   0.001% 100.733% 
(  570000,  860000 ]       48   0.000% 100.733% 
(  860000, 1200000 ]       51   0.000% 100.733% 
( 1200000, 1900000 ]       52   0.000% 100.733% 
( 1900000, 2900000 ]       25   0.000% 100.734% 
( 2900000, 4300000 ]       20   0.000% 100.734% 
( 4300000, 6500000 ]        4   0.000% 100.734% 


** DB Stats **
Uptime(secs): 1708.0 total, 22.2 interval
Cumulative writes: 72M writes, 72M keys, 9354K commit groups, 7.7 writes per commit group, ingest: 70.18 GB, 42.08 MB/s
Cumulative WAL: 72M writes, 0 syncs, 72073950.00 writes per sync, written: 70.18 GB, 42.08 MB/s
Cumulative stall: 00:24:38.489 H:M:S, 86.6 percent
Interval writes: 1064K writes, 1064K keys, 138K commit groups, 7.7 writes per commit group, ingest: 1061.07 MB, 47.73 MB/s
Interval WAL: 1064K writes, 0 syncs, 1064129.00 writes per sync, written: 1.04 GB, 47.73 MB/s
Interval stall: 00:00:20.170 H:M:S, 90.7 percent
Write Stall (count): write-buffer-manager-limit-stops: 0
num-running-compactions: 18
num-running-flushes: 0

2026/08/31-02:41:36  ... thread 3: (75000,4505000) ops and (2488.1,2637.7) ops/second in (30.143891,1707.946125) seconds
2026/08/31-02:41:36  ... thread 14: (75000,4505000) ops and (2488.8,2637.7) ops/second in (30.134675,1707.946721) seconds
2026/08/31-02:41:36  ... thread 7: (75000,4504000) ops and (2488.6,2637.1) ops/second in (30.137317,1707.950626) seconds
2026/08/31-02:41:44  ... thread 1: (81000,4510000) ops and (2650.0,2628.4) ops/second in (30.566188,1715.841089) seconds
2026/08/31-02:41:44  ... thread 4: (81000,4513000) ops and (2649.9,2630.2) ops/second in (30.567600,1715.848328) seconds
2026/08/31-02:41:44  ... thread 15: (81000,4510000) ops and (2649.7,2628.4) ops/second in (30.568944,1715.851012) seconds
2026/08/31-02:41:44  ... thread 11: (82000,4512000) ops and (2680.7,2629.6) ops/second in (30.588939,1715.865080) seconds
2026/08/31-02:41:44  ... thread 10: (82000,4514000) ops and (2680.1,2630.7) ops/second in (30.595594,1715.867769) seconds
2026/08/31-02:42:06  ... thread 12: (100000,4604000) ops and (3319.1,2648.9) ops/second in (30.128658,1738.057548) seconds
2026/08/31-02:42:06  ... thread 5: (100000,4604000) ops and (3320.2,2648.9) ops/second in (30.118951,1738.057680) seconds
2026/08/31-02:42:06  ... thread 0: (100000,4602000) ops and (3320.6,2647.8) ops/second in (30.114963,1738.060088) seconds

** Compaction Stats [default] **
Level    Files   Size     Score Read(GB)  Rn(GB) Rnp1(GB) Write(GB) WPreComp(GB) Wnew(GB) Moved(GB) W-Amp Rd(MB/s) Wr(MB/s) Comp(sec) CompMergeCPU(sec) Comp(cnt) Avg(sec) KeyIn KeyDrop Rblob(GB) Wblob(GB)
-------------------------------------------------------------------------------------------------------------------------------------------------------------------------------------------------------------
  L0     19/19     4.13 GB   0.0     65.4     0.0     65.4     137.7     137.7     72.3       0.0   1.9     18.2     38.3   3682.57            294.11      1441    2.556    140M    68K       0.0       0.0
  L1    115/115    6.96 GB   0.0    199.6    68.2    131.5     195.8     195.8     64.4       0.0   2.9    270.2    265.0    756.74            611.83        37   20.452    203M  3872K       0.0       0.0
  L2    736/0     39.86 GB   1.0    154.5    48.7    105.8     143.2     143.2     37.4       8.7   2.9     14.9     13.8  10618.12            634.28       776   13.683    157M    11M       0.0       0.0
  L3    112/0      6.18 GB   0.0      0.0     0.0      0.0       0.0       0.0      0.0       6.2   0.0      0.0      0.0      0.00              0.00         0    0.000       0      0       0.0       0.0
 Sum    982/134   57.13 GB   0.0    419.6   116.9    302.7     476.7     476.7    174.0      14.9   6.6     28.5     32.4  15057.43           1540.22      2254    6.680    500M    15M       0.0       0.0
 Int      0/0      0.00 KB   0.0     11.4     2.4      9.0      13.2      13.2      4.2       2.6   4.8     12.4     14.3    948.03             63.50        98    9.674     14M   960K       0.0       0.0

** Compaction Stats [default] **
Priority    Files   Size     Score Read(GB)  Rn(GB) Rnp1(GB) Write(GB) WPreComp(GB) Wnew(GB) Moved(GB) W-Amp Rd(MB/s) Wr(MB/s) Comp(sec) CompMergeCPU(sec) Comp(cnt) Avg(sec) KeyIn KeyDrop Rblob(GB) Wblob(GB)
----------------------------------------------------------------------------------------------------------------------------------------------------------------------------------------------------------------
 Low      0/0      0.00 KB   0.0    419.6   116.9    302.7     404.3     404.3    101.6       0.0   0.0     34.0     32.7  12644.18           1413.91      1064   11.884    426M    15M       0.0       0.0
High      0/0      0.00 KB   0.0      0.0     0.0      0.0      72.4      72.4     72.4       0.0   0.0      0.0     30.7   2413.24            126.32      1190    2.028     73M      0       0.0       0.0

Blob file count: 0, total size: 0.0 GB, garbage size: 0.0 GB, space amp: 0.0

Uptime(secs): 1738.1 total, 52.3 interval
Flush(GB): cumulative 72.396, interval 2.736
AddFile(GB): cumulative 0.000, interval 0.000
AddFile(Total Files): cumulative 0, interval 0
AddFile(L0 Files): cumulative 0, interval 0
AddFile(Keys): cumulative 0, interval 0
Cumulative compaction: 476.71 GB write, 280.86 MB/s write, 419.57 GB read, 247.20 MB/s read, 15057.4 seconds
Interval compaction: 13.23 GB write, 258.76 MB/s write, 11.44 GB read, 223.70 MB/s read, 948.0 seconds
Estimated pending compaction bytes: 55339059346
Write Stall (count): cf-l0-file-count-limit-delays-with-ongoing-compaction: 81, cf-l0-file-count-limit-stops-with-ongoing-compaction: 0, l0-file-count-limit-delays: 81, l0-file-count-limit-stops: 0, memtable-limit-delays: 0, memtable-limit-stops: 988, pending-compaction-bytes-delays: 0, pending-compaction-bytes-stops: 0, total-delays: 81, total-stops: 988
interval: 38 total count
Block cache AutoHyperClockCache@0x5711ef9dd2d0#2018912 capacity: 512.00 MB seed: 591891029 usage: 15.83 MB table_size: 6730 occupancy: 3762 collections: 10 last_copies: 1 last_secs: 0.000554 secs_since: 113
Block cache entry stats(count,size,portion): Misc(3762,15.42 MB,3.01079%)

** File Read Latency Histogram By Level [default] **
** Level 0 read latency histogram (micros):
Count: 33965063 Average: 3.2806  StdDev: 1531.72
Min: 0  Median: 0.9263  Max: 4154556
Percentiles: P50: 0.93 P75: 1.54 P99: 3.00 P99.9: 4.77 P99.99: 5.43
------------------------------------------------------
[       0,       1 ] 18334577  53.981%  53.981% ###########
(       1,       2 ] 13228737  38.948%  92.929% ########
(       2,       3 ]  2063584   6.076%  99.004% #
(       3,       4 ]   268578   0.791%  99.795% 
(       4,       6 ]    92475   0.272% 100.067% 
(       6,      10 ]    39456   0.116% 100.184% 
(      10,      15 ]    14694   0.043% 100.227% 
(      15,      22 ]     8523   0.025% 100.252% 
(      22,      34 ]      611   0.002% 100.254% 
(      34,      51 ]      103   0.000% 100.254% 
(      51,      76 ]      424   0.001% 100.255% 
(      76,     110 ]      857   0.003% 100.258% 
(     110,     170 ]       44   0.000% 100.258% 
(     170,     250 ]       21   0.000% 100.258% 
(     250,     380 ]       60   0.000% 100.258% 
(     380,     580 ]       10   0.000% 100.258% 
(     580,     870 ]       49   0.000% 100.258% 
(     870,    1300 ]       97   0.000% 100.259% 
(    1300,    1900 ]       72   0.000% 100.259% 
(    1900,    2900 ]       26   0.000% 100.259% 
(    2900,    4400 ]        8   0.000% 100.259% 
(    4400,    6600 ]        7   0.000% 100.259% 
(    6600,    9900 ]        9   0.000% 100.259% 
(    9900,   14000 ]        9   0.000% 100.259% 
(   14000,   22000 ]       22   0.000% 100.259% 
(   22000,   33000 ]       41   0.000% 100.259% 
(   33000,   50000 ]       27   0.000% 100.259% 
(   50000,   75000 ]       89   0.000% 100.260% 
(   75000,  110000 ]       55   0.000% 100.260% 
(  110000,  170000 ]       29   0.000% 100.260% 
(  170000,  250000 ]       13   0.000% 100.260% 
(  250000,  380000 ]        8   0.000% 100.260% 
(  380000,  570000 ]        1   0.000% 100.260% 
(  570000,  860000 ]        3   0.000% 100.260% 
(  860000, 1200000 ]        1   0.000% 100.260% 
( 1200000, 1900000 ]       11   0.000% 100.260% 
( 1900000, 2900000 ]        4   0.000% 100.260% 
( 2900000, 4300000 ]        2   0.000% 100.260% 

** Level 1 read latency histogram (micros):
Count: 47250110 Average: 1.5966  StdDev: 22.72
Min: 0  Median: 0.9123  Max: 70080
Percentiles: P50: 0.91 P75: 1.55 P99: 3.21 P99.9: 3.97 P99.99: 4.24
------------------------------------------------------
[       0,       1 ] 25896206  54.807%  54.807% ###########
(       1,       2 ] 17462954  36.959%  91.765% #######
(       2,       3 ]  3303074   6.991%  98.756% #
(       3,       4 ]   556405   1.178%  99.933% 
(       4,       6 ]   221131   0.468% 100.401% 
(       6,      10 ]    90359   0.191% 100.593% 
(      10,      15 ]    25018   0.053% 100.646% 
(      15,      22 ]    16359   0.035% 100.680% 
(      22,      34 ]     1588   0.003% 100.684% 
(      34,      51 ]      359   0.001% 100.684% 
(      51,      76 ]      972   0.002% 100.686% 
(      76,     110 ]     1500   0.003% 100.690% 
(     110,     170 ]      403   0.001% 100.690% 
(     170,     250 ]      114   0.000% 100.691% 
(     250,     380 ]       20   0.000% 100.691% 
(     380,     580 ]        6   0.000% 100.691% 
(     580,     870 ]       12   0.000% 100.691% 
(    1300,    1900 ]        3   0.000% 100.691% 
(    1900,    2900 ]        6   0.000% 100.691% 
(    2900,    4400 ]        9   0.000% 100.691% 
(    4400,    6600 ]        1   0.000% 100.691% 
(   50000,   75000 ]        5   0.000% 100.691% 

** Level 2 read latency histogram (micros):
Count: 24327493 Average: 126.3642  StdDev: 6394.03
Min: 0  Median: 1.2532  Max: 5451179
Percentiles: P50: 1.25 P75: 1.85 P99: 504.47 P99.9: 1167.13 P99.99: 1287.43
------------------------------------------------------
[       0,       1 ]  9584363  39.397%  39.397% ########
(       1,       2 ] 10187416  41.876%  81.273% ########
(       2,       3 ]  2900999  11.925%  93.198% ##
(       3,       4 ]   644823   2.651%  95.849% #
(       4,       6 ]   197064   0.810%  96.659% 
(       6,      10 ]    42673   0.175%  96.834% 
(      10,      15 ]    21554   0.089%  96.923% 
(      15,      22 ]    12848   0.053%  96.976% 
(      22,      34 ]     5078   0.021%  96.997% 
(      34,      51 ]    15354   0.063%  97.060% 
(      51,      76 ]    35178   0.145%  97.204% 
(      76,     110 ]    22867   0.094%  97.298% 
(     110,     170 ]    89860   0.369%  97.668% 
(     170,     250 ]   108812   0.447%  98.115% 
(     250,     380 ]   133017   0.547%  98.662% 
(     380,     580 ]   132264   0.544%  99.205% 
(     580,     870 ]   114920   0.472%  99.678% 
(     870,    1300 ]    78258   0.322%  99.999% 
(    1300,    1900 ]    60486   0.249% 100.248% 
(    1900,    2900 ]    47453   0.195% 100.443% 
(    2900,    4400 ]    26096   0.107% 100.550% 
(    4400,    6600 ]    13147   0.054% 100.604% 
(    6600,    9900 ]     4917   0.020% 100.625% 
(    9900,   14000 ]     2494   0.010% 100.635% 
(   14000,   22000 ]     3143   0.013% 100.648% 
(   22000,   33000 ]     2748   0.011% 100.659% 
(   33000,   50000 ]     3088   0.013% 100.672% 
(   50000,   75000 ]     3482   0.014% 100.686% 
(   75000,  110000 ]     3564   0.015% 100.701% 
(  110000,  170000 ]     3571   0.015% 100.715% 
(  170000,  250000 ]     1920   0.008% 100.723% 
(  250000,  380000 ]      790   0.003% 100.727% 
(  380000,  570000 ]      172   0.001% 100.727% 
(  570000,  860000 ]       48   0.000% 100.727% 
(  860000, 1200000 ]       51   0.000% 100.728% 
( 1200000, 1900000 ]       54   0.000% 100.728% 
( 1900000, 2900000 ]       25   0.000% 100.728% 
( 2900000, 4300000 ]       20   0.000% 100.728% 
( 4300000, 6500000 ]        4   0.000% 100.728% 


** DB Stats **
Uptime(secs): 1738.1 total, 30.1 interval
Cumulative writes: 73M writes, 73M keys, 9561K commit groups, 7.7 writes per commit group, ingest: 71.74 GB, 42.27 MB/s
Cumulative WAL: 73M writes, 0 syncs, 73673853.00 writes per sync, written: 71.74 GB, 42.27 MB/s
Cumulative stall: 00:25:4.852 H:M:S, 86.6 percent
Interval writes: 1599K writes, 1599K keys, 207K commit groups, 7.7 writes per commit group, ingest: 1595.30 MB, 52.97 MB/s
Interval WAL: 1599K writes, 0 syncs, 1599903.00 writes per sync, written: 1.56 GB, 52.97 MB/s
Interval stall: 00:00:26.363 H:M:S, 87.5 percent
Write Stall (count): write-buffer-manager-limit-stops: 0
num-running-compactions: 2
num-running-flushes: 0

2026/08/31-02:42:06  ... thread 3: (100000,4605000) ops and (3320.6,2649.5) ops/second in (30.115264,1738.061389) seconds
2026/08/31-02:42:06  ... thread 8: (100000,4603000) ops and (3319.4,2648.4) ops/second in (30.125577,1738.062218) seconds
2026/08/31-02:42:06  ... thread 7: (100000,4604000) ops and (3320.6,2648.9) ops/second in (30.114860,1738.065486) seconds
2026/08/31-02:42:06  ... thread 14: (100000,4605000) ops and (3320.1,2649.5) ops/second in (30.119526,1738.066247) seconds
2026/08/31-02:42:06  ... thread 9: (101000,4605000) ops and (3350.5,2649.5) ops/second in (30.145053,1738.067440) seconds
2026/08/31-02:42:06  ... thread 2: (102000,4609000) ops and (3382.2,2651.8) ops/second in (30.157522,1738.076663) seconds
2026/08/31-02:42:06  ... thread 6: (101000,4606000) ops and (3350.0,2650.1) ops/second in (30.149414,1738.076761) seconds
2026/08/31-02:42:06  ... thread 13: (101000,4607000) ops and (3349.9,2650.6) ops/second in (30.150311,1738.078732) seconds
2026/08/31-02:42:15  ... thread 11: (100000,4612000) ops and (3290.1,2641.1) ops/second in (30.394275,1746.259355) seconds
2026/08/31-02:42:15  ... thread 4: (101000,4614000) ops and (3319.7,2642.2) ops/second in (30.424827,1746.273155) seconds
2026/08/31-02:42:15  ... thread 15: (101000,4611000) ops and (3319.5,2640.5) ops/second in (30.426428,1746.277440) seconds
2026/08/31-02:42:15  ... thread 10: (100000,4614000) ops and (3288.1,2642.2) ops/second in (30.412879,1746.280648) seconds
2026/08/31-02:42:15  ... thread 1: (101000,4611000) ops and (3317.9,2640.5) ops/second in (30.441249,1746.282338) seconds
2026/08/31-02:42:40  ... thread 13: (30000,4637000) ops and (884.6,2616.8) ops/second in (33.914625,1771.993357) seconds
2026/08/31-02:42:40  ... thread 2: (30000,4639000) ops and (884.3,2617.9) ops/second in (33.924667,1772.001330) seconds
2026/08/31-02:42:41  ... thread 12: (31000,4635000) ops and (906.0,2615.3) ops/second in (34.214830,1772.272378) seconds
2026/08/31-02:42:41  ... thread 0: (31000,4633000) ops and (893.3,2613.4) ops/second in (34.701338,1772.761426) seconds

** Compaction Stats [default] **
Level    Files   Size     Score Read(GB)  Rn(GB) Rnp1(GB) Write(GB) WPreComp(GB) Wnew(GB) Moved(GB) W-Amp Rd(MB/s) Wr(MB/s) Comp(sec) CompMergeCPU(sec) Comp(cnt) Avg(sec) KeyIn KeyDrop Rblob(GB) Wblob(GB)
-------------------------------------------------------------------------------------------------------------------------------------------------------------------------------------------------------------
  L0     21/19     4.61 GB   0.5     65.9     0.0     65.9     138.7     138.7     72.8       0.0   1.9     18.1     38.0   3737.20            296.35      1451    2.576    141M    69K       0.0       0.0
  L1    115/115    6.96 GB   0.0    199.6    68.2    131.5     195.8     195.8     64.4       0.0   2.9    270.2    265.0    756.74            611.83        37   20.452    203M  3872K       0.0       0.0
  L2    736/0     39.86 GB   1.0    154.5    48.7    105.8     143.2     143.2     37.4       8.7   2.9     14.9     13.8  10618.12            634.28       776   13.683    157M    11M       0.0       0.0
  L3    112/0      6.18 GB   0.0      0.0     0.0      0.0       0.0       0.0      0.0       6.2   0.0      0.0      0.0      0.00              0.00         0    0.000       0      0       0.0       0.0
 Sum    984/134   57.62 GB   0.0    420.1   116.9    303.2     477.7     477.7    174.5      14.9   6.6     28.5     32.4  15112.06           1542.45      2264    6.675    501M    15M       0.0       0.0
 Int      0/0      0.00 KB   0.0      0.5     0.0      0.5       0.9       0.9      0.4       0.0   2.1     10.2     19.0     49.17              2.14         9    5.464    927K    455       0.0       0.0

** Compaction Stats [default] **
Priority    Files   Size     Score Read(GB)  Rn(GB) Rnp1(GB) Write(GB) WPreComp(GB) Wnew(GB) Moved(GB) W-Amp Rd(MB/s) Wr(MB/s) Comp(sec) CompMergeCPU(sec) Comp(cnt) Avg(sec) KeyIn KeyDrop Rblob(GB) Wblob(GB)
----------------------------------------------------------------------------------------------------------------------------------------------------------------------------------------------------------------
 Low      0/0      0.00 KB   0.0    420.1   116.9    303.2     404.8     404.8    101.6       0.0   0.0     34.0     32.7  12661.92           1415.20      1066   11.878    427M    15M       0.0       0.0
High      0/0      0.00 KB   0.0      0.0     0.0      0.0      72.9      72.9     72.9       0.0   0.0      0.0     30.5   2450.14            127.26      1198    2.045     74M      0       0.0       0.0

Blob file count: 0, total size: 0.0 GB, garbage size: 0.0 GB, space amp: 0.0

Uptime(secs): 1772.8 total, 27.0 interval
Flush(GB): cumulative 72.882, interval 0.424
AddFile(GB): cumulative 0.000, interval 0.000
AddFile(Total Files): cumulative 0, interval 0
AddFile(L0 Files): cumulative 0, interval 0
AddFile(Keys): cumulative 0, interval 0
Cumulative compaction: 477.68 GB write, 275.92 MB/s write, 420.06 GB read, 242.64 MB/s read, 15112.1 seconds
Interval compaction: 0.91 GB write, 34.51 MB/s write, 0.49 GB read, 18.47 MB/s read, 49.2 seconds
Estimated pending compaction bytes: 57604820191
Write Stall (count): cf-l0-file-count-limit-delays-with-ongoing-compaction: 87, cf-l0-file-count-limit-stops-with-ongoing-compaction: 0, l0-file-count-limit-delays: 87, l0-file-count-limit-stops: 0, memtable-limit-delays: 0, memtable-limit-stops: 992, pending-compaction-bytes-delays: 0, pending-compaction-bytes-stops: 0, total-delays: 87, total-stops: 992
interval: 9 total count
Block cache AutoHyperClockCache@0x5711ef9dd2d0#2018912 capacity: 512.00 MB seed: 591891029 usage: 15.83 MB table_size: 6730 occupancy: 3762 collections: 10 last_copies: 2 last_secs: 0.000554 secs_since: 148
Block cache entry stats(count,size,portion): Misc(3762,15.42 MB,3.01079%)

** File Read Latency Histogram By Level [default] **
** Level 0 read latency histogram (micros):
Count: 34828323 Average: 3.2540  StdDev: 1513.29
Min: 0  Median: 0.9302  Max: 4154556
Percentiles: P50: 0.93 P75: 1.54 P99: 3.02 P99.9: 4.77 P99.99: 5.42
------------------------------------------------------
[       0,       1 ] 18720162  53.750%  53.750% ###########
(       1,       2 ] 13608387  39.073%  92.823% ########
(       2,       3 ]  2146664   6.164%  98.986% #
(       3,       4 ]   281354   0.808%  99.794% 
(       4,       6 ]    96200   0.276% 100.070% 
(       6,      10 ]    40784   0.117% 100.187% 
(      10,      15 ]    15248   0.044% 100.231% 
(      15,      22 ]     8828   0.025% 100.256% 
(      22,      34 ]      630   0.002% 100.258% 
(      34,      51 ]      106   0.000% 100.259% 
(      51,      76 ]      426   0.001% 100.260% 
(      76,     110 ]      868   0.002% 100.262% 
(     110,     170 ]       45   0.000% 100.262% 
(     170,     250 ]       21   0.000% 100.262% 
(     250,     380 ]       61   0.000% 100.263% 
(     380,     580 ]       11   0.000% 100.263% 
(     580,     870 ]       49   0.000% 100.263% 
(     870,    1300 ]       98   0.000% 100.263% 
(    1300,    1900 ]       72   0.000% 100.263% 
(    1900,    2900 ]       28   0.000% 100.263% 
(    2900,    4400 ]        8   0.000% 100.263% 
(    4400,    6600 ]        7   0.000% 100.263% 
(    6600,    9900 ]        9   0.000% 100.263% 
(    9900,   14000 ]        9   0.000% 100.263% 
(   14000,   22000 ]       22   0.000% 100.264% 
(   22000,   33000 ]       41   0.000% 100.264% 
(   33000,   50000 ]       27   0.000% 100.264% 
(   50000,   75000 ]       92   0.000% 100.264% 
(   75000,  110000 ]       55   0.000% 100.264% 
(  110000,  170000 ]       29   0.000% 100.264% 
(  170000,  250000 ]       14   0.000% 100.264% 
(  250000,  380000 ]        8   0.000% 100.264% 
(  380000,  570000 ]        1   0.000% 100.264% 
(  570000,  860000 ]        3   0.000% 100.264% 
(  860000, 1200000 ]        1   0.000% 100.264% 
( 1200000, 1900000 ]       11   0.000% 100.264% 
( 1900000, 2900000 ]        4   0.000% 100.264% 
( 2900000, 4300000 ]        2   0.000% 100.264% 

** Level 1 read latency histogram (micros):
Count: 48568182 Average: 1.5937  StdDev: 22.41
Min: 0  Median: 0.9100  Max: 70080
Percentiles: P50: 0.91 P75: 1.54 P99: 3.19 P99.9: 3.96 P99.99: 4.21
------------------------------------------------------
[       0,       1 ] 26686977  54.947%  54.947% ###########
(       1,       2 ] 17913733  36.884%  91.831% #######
(       2,       3 ]  3375570   6.950%  98.781% #
(       3,       4 ]   563920   1.161%  99.942% 
(       4,       6 ]   223411   0.460% 100.402% 
(       6,      10 ]    91914   0.189% 100.592% 
(      10,      15 ]    25638   0.053% 100.644% 
(      15,      22 ]    16723   0.034% 100.679% 
(      22,      34 ]     1623   0.003% 100.682% 
(      34,      51 ]      362   0.001% 100.683% 
(      51,      76 ]      973   0.002% 100.685% 
(      76,     110 ]     1501   0.003% 100.688% 
(     110,     170 ]      404   0.001% 100.689% 
(     170,     250 ]      114   0.000% 100.689% 
(     250,     380 ]       20   0.000% 100.689% 
(     380,     580 ]        6   0.000% 100.689% 
(     580,     870 ]       12   0.000% 100.689% 
(    1300,    1900 ]        3   0.000% 100.689% 
(    1900,    2900 ]        6   0.000% 100.689% 
(    2900,    4400 ]        9   0.000% 100.689% 
(    4400,    6600 ]        1   0.000% 100.689% 
(   50000,   75000 ]        5   0.000% 100.689% 

** Level 2 read latency histogram (micros):
Count: 24327493 Average: 126.3642  StdDev: 6394.03
Min: 0  Median: 1.2532  Max: 5451179
Percentiles: P50: 1.25 P75: 1.85 P99: 504.47 P99.9: 1167.13 P99.99: 1287.43
------------------------------------------------------
[       0,       1 ]  9584363  39.397%  39.397% ########
(       1,       2 ] 10187416  41.876%  81.273% ########
(       2,       3 ]  2900999  11.925%  93.198% ##
(       3,       4 ]   644823   2.651%  95.849% #
(       4,       6 ]   197064   0.810%  96.659% 
(       6,      10 ]    42673   0.175%  96.834% 
(      10,      15 ]    21554   0.089%  96.923% 
(      15,      22 ]    12848   0.053%  96.976% 
(      22,      34 ]     5078   0.021%  96.997% 
(      34,      51 ]    15354   0.063%  97.060% 
(      51,      76 ]    35178   0.145%  97.204% 
(      76,     110 ]    22867   0.094%  97.298% 
(     110,     170 ]    89860   0.369%  97.668% 
(     170,     250 ]   108812   0.447%  98.115% 
(     250,     380 ]   133017   0.547%  98.662% 
(     380,     580 ]   132264   0.544%  99.205% 
(     580,     870 ]   114920   0.472%  99.678% 
(     870,    1300 ]    78258   0.322%  99.999% 
(    1300,    1900 ]    60486   0.249% 100.248% 
(    1900,    2900 ]    47453   0.195% 100.443% 
(    2900,    4400 ]    26096   0.107% 100.550% 
(    4400,    6600 ]    13147   0.054% 100.604% 
(    6600,    9900 ]     4917   0.020% 100.625% 
(    9900,   14000 ]     2494   0.010% 100.635% 
(   14000,   22000 ]     3143   0.013% 100.648% 
(   22000,   33000 ]     2748   0.011% 100.659% 
(   33000,   50000 ]     3088   0.013% 100.672% 
(   50000,   75000 ]     3482   0.014% 100.686% 
(   75000,  110000 ]     3564   0.015% 100.701% 
(  110000,  170000 ]     3571   0.015% 100.715% 
(  170000,  250000 ]     1920   0.008% 100.723% 
(  250000,  380000 ]      790   0.003% 100.727% 
(  380000,  570000 ]      172   0.001% 100.727% 
(  570000,  860000 ]       48   0.000% 100.727% 
(  860000, 1200000 ]       51   0.000% 100.728% 
( 1200000, 1900000 ]       54   0.000% 100.728% 
( 1900000, 2900000 ]       25   0.000% 100.728% 
( 2900000, 4300000 ]       20   0.000% 100.728% 
( 4300000, 6500000 ]        4   0.000% 100.728% 


** DB Stats **
Uptime(secs): 1772.8 total, 27.0 interval
Cumulative writes: 74M writes, 74M keys, 9627K commit groups, 7.7 writes per commit group, ingest: 72.22 GB, 41.72 MB/s
Cumulative WAL: 74M writes, 0 syncs, 74169810.00 writes per sync, written: 72.22 GB, 41.72 MB/s
Cumulative stall: 00:25:26.071 H:M:S, 86.1 percent
Interval writes: 376K writes, 376K keys, 50K commit groups, 7.4 writes per commit group, ingest: 375.02 MB, 13.87 MB/s
Interval WAL: 376K writes, 0 syncs, 376078.00 writes per sync, written: 0.37 GB, 13.87 MB/s
Interval stall: 00:00:21.219 H:M:S, 78.5 percent
Write Stall (count): write-buffer-manager-limit-stops: 0
num-running-compactions: 2
num-running-flushes: 0

2026/08/31-02:42:41  ... thread 8: (31000,4634000) ops and (892.4,2613.9) ops/second in (34.736760,1772.798978) seconds
2026/08/31-02:42:41  ... thread 5: (31000,4635000) ops and (889.5,2614.3) ops/second in (34.852189,1772.909869) seconds
2026/08/31-02:42:42  ... thread 3: (31000,4636000) ops and (881.0,2614.4) ops/second in (35.186757,1773.248146) seconds
2026/08/31-02:42:42  ... thread 14: (31000,4636000) ops and (880.2,2614.4) ops/second in (35.218857,1773.285104) seconds
2026/08/31-02:42:42  ... thread 9: (31000,4636000) ops and (873.0,2613.9) ops/second in (35.511340,1773.578780) seconds
2026/08/31-02:42:42  ... thread 6: (31000,4637000) ops and (869.9,2614.3) ops/second in (35.636124,1773.712885) seconds
2026/08/31-02:42:42  ... thread 7: (31000,4635000) ops and (865.1,2612.9) ops/second in (35.833434,1773.898920) seconds
2026/08/31-02:42:45  ... thread 10: (24000,4638000) ops and (791.8,2610.6) ops/second in (30.311523,1776.592171) seconds
2026/08/31-02:42:45  ... thread 15: (24000,4635000) ops and (791.7,2608.9) ops/second in (30.315269,1776.592709) seconds
2026/08/31-02:42:45  ... thread 1: (24000,4635000) ops and (791.5,2608.9) ops/second in (30.323199,1776.605537) seconds
2026/08/31-02:42:45  ... thread 4: (25000,4639000) ops and (813.3,2610.6) ops/second in (30.739431,1777.012586) seconds
2026/08/31-02:42:46  ... thread 11: (25000,4637000) ops and (804.0,2608.9) ops/second in (31.096139,1777.355494) seconds
2026/08/31-02:43:13  ... thread 9: (65000,4701000) ops and (2119.8,2605.5) ops/second in (30.663129,1804.241909) seconds
2026/08/31-02:43:13  ... thread 13: (66000,4703000) ops and (2045.8,2606.6) ops/second in (32.260713,1804.254070) seconds
2026/08/31-02:43:13  ... thread 12: (66000,4701000) ops and (2063.6,2605.5) ops/second in (31.982979,1804.255357) seconds
2026/08/31-02:43:13  ... thread 14: (66000,4702000) ops and (2131.0,2606.1) ops/second in (30.970863,1804.255967) seconds
2026/08/31-02:43:13  ... thread 2: (66000,4705000) ops and (2046.1,2607.7) ops/second in (32.256485,1804.257815) seconds
2026/08/31-02:43:13  ... thread 5: (66000,4701000) ops and (2105.4,2605.5) ops/second in (31.348540,1804.258409) seconds
2026/08/31-02:43:13  ... thread 0: (67000,4700000) ops and (2127.2,2604.9) ops/second in (31.497393,1804.258819) seconds

** Compaction Stats [default] **
Level    Files   Size     Score Read(GB)  Rn(GB) Rnp1(GB) Write(GB) WPreComp(GB) Wnew(GB) Moved(GB) W-Amp Rd(MB/s) Wr(MB/s) Comp(sec) CompMergeCPU(sec) Comp(cnt) Avg(sec) KeyIn KeyDrop Rblob(GB) Wblob(GB)
-------------------------------------------------------------------------------------------------------------------------------------------------------------------------------------------------------------
  L0     14/6      1.70 GB   2.0     66.5     0.0     66.5     140.3     140.3     73.8       0.0   1.9     18.0     37.9   3792.41            300.01      1470    2.580    142M    69K       0.0       0.0
  L1    148/17     8.96 GB   2.0    210.5    72.1    138.4     206.3     206.3     67.9       0.0   2.9    269.4    264.0    800.23            646.67        38   21.059    214M  4207K       0.0       0.0
  L2    753/45    41.06 GB   1.0    157.5    49.7    107.8     145.8     145.8     38.0       9.3   2.9     14.9     13.8  10841.72            649.72       792   13.689    160M    11M       0.0       0.0
  L3    112/0      6.18 GB   0.0      0.0     0.0      0.0       0.0       0.0      0.0       6.2   0.0      0.0      0.0      0.00              0.00         0    0.000       0      0       0.0       0.0
 Sum   1027/68    57.91 GB   0.0    434.5   121.7    312.7     492.5     492.5    179.7      15.5   6.7     28.8     32.7  15434.36           1596.39      2300    6.711    517M    16M       0.0       0.0
 Int      0/0      0.00 KB   0.0     14.9     4.8     10.1      15.7      15.7      5.6       0.6  10.8     41.1     43.3    371.48             56.08        45    8.255     16M   692K       0.0       0.0

** Compaction Stats [default] **
Priority    Files   Size     Score Read(GB)  Rn(GB) Rnp1(GB) Write(GB) WPreComp(GB) Wnew(GB) Moved(GB) W-Amp Rd(MB/s) Wr(MB/s) Comp(sec) CompMergeCPU(sec) Comp(cnt) Avg(sec) KeyIn KeyDrop Rblob(GB) Wblob(GB)
----------------------------------------------------------------------------------------------------------------------------------------------------------------------------------------------------------------
 Low      0/0      0.00 KB   0.0    434.5   121.7    312.7     418.5     418.5    105.8       0.0   0.0     34.4     33.1  12946.60           1467.15      1085   11.932    442M    16M       0.0       0.0
High      0/0      0.00 KB   0.0      0.0     0.0      0.0      73.9      73.9     73.9       0.0   0.0      0.0     30.4   2487.76            129.24      1215    2.048     75M      0       0.0       0.0

Blob file count: 0, total size: 0.0 GB, garbage size: 0.0 GB, space amp: 0.0

Uptime(secs): 1804.3 total, 58.5 interval
Flush(GB): cumulative 73.916, interval 1.459
AddFile(GB): cumulative 0.000, interval 0.000
AddFile(Total Files): cumulative 0, interval 0
AddFile(L0 Files): cumulative 0, interval 0
AddFile(Keys): cumulative 0, interval 0
Cumulative compaction: 492.47 GB write, 279.50 MB/s write, 434.49 GB read, 246.59 MB/s read, 15434.4 seconds
Interval compaction: 15.70 GB write, 274.58 MB/s write, 14.92 GB read, 260.99 MB/s read, 371.5 seconds
Estimated pending compaction bytes: 55546130073
Write Stall (count): cf-l0-file-count-limit-delays-with-ongoing-compaction: 87, cf-l0-file-count-limit-stops-with-ongoing-compaction: 0, l0-file-count-limit-delays: 87, l0-file-count-limit-stops: 0, memtable-limit-delays: 0, memtable-limit-stops: 1007, pending-compaction-bytes-delays: 0, pending-compaction-bytes-stops: 0, total-delays: 87, total-stops: 1007
interval: 24 total count
Block cache AutoHyperClockCache@0x5711ef9dd2d0#2018912 capacity: 512.00 MB seed: 591891029 usage: 15.83 MB table_size: 6730 occupancy: 3762 collections: 10 last_copies: 2 last_secs: 0.000554 secs_since: 179
Block cache entry stats(count,size,portion): Misc(3762,15.42 MB,3.01079%)

** File Read Latency Histogram By Level [default] **
** Level 0 read latency histogram (micros):
Count: 35113528 Average: 3.2596  StdDev: 1508.26
Min: 0  Median: 0.9298  Max: 4154556
Percentiles: P50: 0.93 P75: 1.54 P99: 3.02 P99.9: 4.78 P99.99: 5.43
------------------------------------------------------
[       0,       1 ] 18882195  53.775%  53.775% ###########
(       1,       2 ] 13717633  39.067%  92.841% ########
(       2,       3 ]  2157523   6.144%  98.986% #
(       3,       4 ]   283387   0.807%  99.793% 
(       4,       6 ]    96770   0.276% 100.068% 
(       6,      10 ]    41098   0.117% 100.185% 
(      10,      15 ]    15392   0.044% 100.229% 
(      15,      22 ]     8927   0.025% 100.255% 
(      22,      34 ]      638   0.002% 100.256% 
(      34,      51 ]      107   0.000% 100.257% 
(      51,      76 ]      432   0.001% 100.258% 
(      76,     110 ]      881   0.003% 100.260% 
(     110,     170 ]       47   0.000% 100.261% 
(     170,     250 ]       21   0.000% 100.261% 
(     250,     380 ]       62   0.000% 100.261% 
(     380,     580 ]       11   0.000% 100.261% 
(     580,     870 ]       49   0.000% 100.261% 
(     870,    1300 ]       99   0.000% 100.261% 
(    1300,    1900 ]       73   0.000% 100.261% 
(    1900,    2900 ]       28   0.000% 100.262% 
(    2900,    4400 ]        8   0.000% 100.262% 
(    4400,    6600 ]        7   0.000% 100.262% 
(    6600,    9900 ]        9   0.000% 100.262% 
(    9900,   14000 ]        9   0.000% 100.262% 
(   14000,   22000 ]       22   0.000% 100.262% 
(   22000,   33000 ]       43   0.000% 100.262% 
(   33000,   50000 ]       28   0.000% 100.262% 
(   50000,   75000 ]       93   0.000% 100.262% 
(   75000,  110000 ]       56   0.000% 100.262% 
(  110000,  170000 ]       29   0.000% 100.262% 
(  170000,  250000 ]       15   0.000% 100.262% 
(  250000,  380000 ]        9   0.000% 100.262% 
(  380000,  570000 ]        1   0.000% 100.263% 
(  570000,  860000 ]        3   0.000% 100.263% 
(  860000, 1200000 ]        1   0.000% 100.263% 
( 1200000, 1900000 ]       11   0.000% 100.263% 
( 1900000, 2900000 ]        4   0.000% 100.263% 
( 2900000, 4300000 ]        2   0.000% 100.263% 

** Level 1 read latency histogram (micros):
Count: 49083325 Average: 1.5999  StdDev: 22.29
Min: 0  Median: 0.9144  Max: 70080
Percentiles: P50: 0.91 P75: 1.55 P99: 3.24 P99.9: 3.99 P99.99: 4.31
------------------------------------------------------
[       0,       1 ] 26839724  54.682%  54.682% ###########
(       1,       2 ] 18123390  36.924%  91.606% #######
(       2,       3 ]  3489608   7.110%  98.715% #
(       3,       4 ]   588901   1.200%  99.915% 
(       4,       6 ]   234253   0.477% 100.392% 
(       6,      10 ]    95079   0.194% 100.586% 
(      10,      15 ]    26393   0.054% 100.640% 
(      15,      22 ]    17336   0.035% 100.675% 
(      22,      34 ]     1685   0.003% 100.679% 
(      34,      51 ]      368   0.001% 100.679% 
(      51,      76 ]     1019   0.002% 100.681% 
(      76,     110 ]     1592   0.003% 100.685% 
(     110,     170 ]      427   0.001% 100.685% 
(     170,     250 ]      118   0.000% 100.686% 
(     250,     380 ]       20   0.000% 100.686% 
(     380,     580 ]        6   0.000% 100.686% 
(     580,     870 ]       12   0.000% 100.686% 
(    1300,    1900 ]        3   0.000% 100.686% 
(    1900,    2900 ]        6   0.000% 100.686% 
(    2900,    4400 ]        9   0.000% 100.686% 
(    4400,    6600 ]        1   0.000% 100.686% 
(   50000,   75000 ]        5   0.000% 100.686% 

** Level 2 read latency histogram (micros):
Count: 25161286 Average: 128.8558  StdDev: 6372.96
Min: 0  Median: 1.2649  Max: 5451179
Percentiles: P50: 1.26 P75: 1.86 P99: 522.95 P99.9: 1193.97 P99.99: 1318.69
------------------------------------------------------
[       0,       1 ]  9783307  38.882%  38.882% ########
(       1,       2 ] 10560583  41.972%  80.854% ########
(       2,       3 ]  3049579  12.120%  92.974% ##
(       3,       4 ]   680428   2.704%  95.678% #
(       4,       6 ]   207662   0.825%  96.504% 
(       6,      10 ]    44396   0.176%  96.680% 
(      10,      15 ]    22670   0.090%  96.770% 
(      15,      22 ]    13515   0.054%  96.824% 
(      22,      34 ]     5223   0.021%  96.845% 
(      34,      51 ]    16389   0.065%  96.910% 
(      51,      76 ]    37845   0.150%  97.060% 
(      76,     110 ]    24588   0.098%  97.158% 
(     110,     170 ]    98255   0.391%  97.548% 
(     170,     250 ]   118691   0.472%  98.020% 
(     250,     380 ]   145119   0.577%  98.597% 
(     380,     580 ]   141907   0.564%  99.161% 
(     580,     870 ]   122905   0.488%  99.649% 
(     870,    1300 ]    83705   0.333%  99.982% 
(    1300,    1900 ]    64354   0.256% 100.238% 
(    1900,    2900 ]    50338   0.200% 100.438% 
(    2900,    4400 ]    27704   0.110% 100.548% 
(    4400,    6600 ]    13968   0.056% 100.603% 
(    6600,    9900 ]     5187   0.021% 100.624% 
(    9900,   14000 ]     2644   0.011% 100.635% 
(   14000,   22000 ]     3338   0.013% 100.648% 
(   22000,   33000 ]     2891   0.011% 100.659% 
(   33000,   50000 ]     3240   0.013% 100.672% 
(   50000,   75000 ]     3696   0.015% 100.687% 
(   75000,  110000 ]     3760   0.015% 100.702% 
(  110000,  170000 ]     3746   0.015% 100.717% 
(  170000,  250000 ]     2011   0.008% 100.725% 
(  250000,  380000 ]      846   0.003% 100.728% 
(  380000,  570000 ]      190   0.001% 100.729% 
(  570000,  860000 ]       48   0.000% 100.729% 
(  860000, 1200000 ]       53   0.000% 100.729% 
( 1200000, 1900000 ]       55   0.000% 100.729% 
( 1900000, 2900000 ]       26   0.000% 100.730% 
( 2900000, 4300000 ]       20   0.000% 100.730% 
( 4300000, 6500000 ]        4   0.000% 100.730% 


** DB Stats **
Uptime(secs): 1804.3 total, 31.5 interval
Cumulative writes: 75M writes, 75M keys, 9766K commit groups, 7.7 writes per commit group, ingest: 73.25 GB, 41.57 MB/s
Cumulative WAL: 75M writes, 0 syncs, 75226926.00 writes per sync, written: 73.25 GB, 41.57 MB/s
Cumulative stall: 00:25:52.393 H:M:S, 86.0 percent
Interval writes: 1057K writes, 1057K keys, 139K commit groups, 7.6 writes per commit group, ingest: 1054.10 MB, 33.47 MB/s
Interval WAL: 1057K writes, 0 syncs, 1057116.00 writes per sync, written: 1.03 GB, 33.47 MB/s
Interval stall: 00:00:26.323 H:M:S, 83.6 percent
Write Stall (count): write-buffer-manager-limit-stops: 0
num-running-compactions: 18
num-running-flushes: 1

2026/08/31-02:43:13  ... thread 6: (66000,4703000) ops and (2160.5,2606.6) ops/second in (30.547962,1804.260847) seconds
2026/08/31-02:43:13  ... thread 8: (66000,4700000) ops and (2097.7,2604.9) ops/second in (31.462524,1804.261502) seconds
2026/08/31-02:43:13  ... thread 3: (66000,4702000) ops and (2127.7,2606.0) ops/second in (31.019050,1804.267196) seconds
2026/08/31-02:43:13  ... thread 7: (66000,4701000) ops and (2173.3,2605.5) ops/second in (30.368401,1804.267321) seconds
2026/08/31-02:43:16  ... thread 15: (88000,4723000) ops and (2880.3,2613.5) ops/second in (30.552492,1807.145201) seconds
2026/08/31-02:43:16  ... thread 4: (87000,4726000) ops and (2886.7,2615.2) ops/second in (30.138212,1807.150798) seconds
2026/08/31-02:43:16  ... thread 1: (88000,4723000) ops and (2880.6,2613.5) ops/second in (30.549275,1807.154812) seconds
2026/08/31-02:43:16  ... thread 10: (88000,4726000) ops and (2878.8,2615.2) ops/second in (30.568793,1807.160964) seconds
2026/08/31-02:43:18  ... thread 11: (93000,4730000) ops and (2860.8,2613.5) ops/second in (32.508941,1809.864435) seconds
2026/08/31-02:43:45  ... thread 6: (92000,4795000) ops and (2869.7,2611.2) ops/second in (32.058972,1836.319819) seconds
2026/08/31-02:43:45  ... thread 3: (92000,4794000) ops and (2868.6,2610.6) ops/second in (32.071696,1836.338892) seconds
2026/08/31-02:43:45  ... thread 9: (93000,4794000) ops and (2897.3,2610.6) ops/second in (32.098552,1836.340461) seconds
2026/08/31-02:43:45  ... thread 2: (92000,4797000) ops and (2866.5,2612.2) ops/second in (32.094370,1836.352185) seconds
2026/08/31-02:43:45  ... thread 8: (92000,4792000) ops and (2866.8,2609.5) ops/second in (32.091172,1836.352674) seconds
2026/08/31-02:43:45  ... thread 13: (93000,4796000) ops and (2897.3,2611.7) ops/second in (32.099203,1836.353273) seconds
2026/08/31-02:43:45  ... thread 7: (92000,4793000) ops and (2866.9,2610.1) ops/second in (32.090645,1836.357966) seconds
2026/08/31-02:43:45  ... thread 5: (93000,4794000) ops and (2896.6,2610.6) ops/second in (32.106670,1836.365079) seconds
2026/08/31-02:43:45  ... thread 14: (93000,4795000) ops and (2896.3,2611.1) ops/second in (32.109475,1836.365442) seconds
2026/08/31-02:43:45  ... thread 0: (93000,4793000) ops and (2896.4,2610.0) ops/second in (32.109165,1836.367984) seconds

** Compaction Stats [default] **
Level    Files   Size     Score Read(GB)  Rn(GB) Rnp1(GB) Write(GB) WPreComp(GB) Wnew(GB) Moved(GB) W-Amp Rd(MB/s) Wr(MB/s) Comp(sec) CompMergeCPU(sec) Comp(cnt) Avg(sec) KeyIn KeyDrop Rblob(GB) Wblob(GB)
-------------------------------------------------------------------------------------------------------------------------------------------------------------------------------------------------------------
  L0     15/4      3.22 GB   2.8     68.4     0.0     68.4     143.7     143.7     75.3       0.0   1.9     18.0     37.8   3886.78            308.24      1501    2.589    146M    71K       0.0       0.0
  L1    119/3      7.27 GB   1.8    210.5    72.1    138.4     206.3     206.3     67.9       0.0   2.9    269.4    264.0    800.23            646.67        38   21.059    214M  4207K       0.0       0.0
  L2    743/11    40.34 GB   1.0    163.7    51.4    112.3     151.3     151.3     39.0       9.3   2.9     14.8     13.6  11361.16            684.05       821   13.838    166M    12M       0.0       0.0
  L3    144/0      7.93 GB   0.0      0.0     0.0      0.0       0.0       0.0      0.0       7.9   0.0      0.0      0.0      0.00              0.00         0    0.000       0      0       0.0       0.0
 Sum   1021/18    58.75 GB   0.0    442.6   123.4    319.1     501.3     501.3    182.2      17.2   6.7     28.2     32.0  16048.18           1638.95      2360    6.800    527M    16M       0.0       0.0
 Int      0/0      0.00 KB   0.0      6.7     1.4      5.3       7.4       7.4      2.1       1.7   6.1     13.4     14.7    516.06             35.79        51   10.119   8097K   581K       0.0       0.0

** Compaction Stats [default] **
Priority    Files   Size     Score Read(GB)  Rn(GB) Rnp1(GB) Write(GB) WPreComp(GB) Wnew(GB) Moved(GB) W-Amp Rd(MB/s) Wr(MB/s) Comp(sec) CompMergeCPU(sec) Comp(cnt) Avg(sec) KeyIn KeyDrop Rblob(GB) Wblob(GB)
----------------------------------------------------------------------------------------------------------------------------------------------------------------------------------------------------------------
 Low      0/0      0.00 KB   0.0    442.6   123.4    319.1     425.9     425.9    106.8       0.0   0.0     33.6     32.3  13506.58           1506.93      1121   12.049    450M    16M       0.0       0.0
High      0/0      0.00 KB   0.0      0.0     0.0      0.0      75.4      75.4     75.4       0.0   0.0      0.0     30.4   2541.59            132.01      1239    2.051     76M      0       0.0       0.0

Blob file count: 0, total size: 0.0 GB, garbage size: 0.0 GB, space amp: 0.0

Uptime(secs): 1836.4 total, 30.6 interval
Flush(GB): cumulative 75.374, interval 1.215
AddFile(GB): cumulative 0.000, interval 0.000
AddFile(Total Files): cumulative 0, interval 0
AddFile(L0 Files): cumulative 0, interval 0
AddFile(Keys): cumulative 0, interval 0
Cumulative compaction: 501.31 GB write, 279.54 MB/s write, 442.56 GB read, 246.78 MB/s read, 16048.2 seconds
Interval compaction: 7.39 GB write, 246.85 MB/s write, 6.74 GB read, 225.37 MB/s read, 516.1 seconds
Estimated pending compaction bytes: 53577552891
Write Stall (count): cf-l0-file-count-limit-delays-with-ongoing-compaction: 87, cf-l0-file-count-limit-stops-with-ongoing-compaction: 0, l0-file-count-limit-delays: 87, l0-file-count-limit-stops: 0, memtable-limit-delays: 0, memtable-limit-stops: 1028, pending-compaction-bytes-delays: 0, pending-compaction-bytes-stops: 0, total-delays: 87, total-stops: 1028
interval: 19 total count
Block cache AutoHyperClockCache@0x5711ef9dd2d0#2018912 capacity: 512.00 MB seed: 591891029 usage: 15.50 MB table_size: 6923 occupancy: 3679 collections: 11 last_copies: 0 last_secs: 0.000764 secs_since: 30
Block cache entry stats(count,size,portion): Misc(3683,15.09 MB,2.9471%)

** File Read Latency Histogram By Level [default] **
** Level 0 read latency histogram (micros):
Count: 35502799 Average: 3.2545  StdDev: 1500.32
Min: 0  Median: 0.9283  Max: 4154556
Percentiles: P50: 0.93 P75: 1.54 P99: 3.02 P99.9: 4.80 P99.99: 5.45
------------------------------------------------------
[       0,       1 ] 19123344  53.864%  53.864% ###########
(       1,       2 ] 13844886  38.997%  92.861% ########
(       2,       3 ]  2174244   6.124%  98.985% #
(       3,       4 ]   285945   0.805%  99.790% 
(       4,       6 ]    97677   0.275% 100.066% 
(       6,      10 ]    41471   0.117% 100.182% 
(      10,      15 ]    15558   0.044% 100.226% 
(      15,      22 ]     9010   0.025% 100.252% 
(      22,      34 ]      650   0.002% 100.253% 
(      34,      51 ]      109   0.000% 100.254% 
(      51,      76 ]      442   0.001% 100.255% 
(      76,     110 ]      897   0.003% 100.258% 
(     110,     170 ]       48   0.000% 100.258% 
(     170,     250 ]       22   0.000% 100.258% 
(     250,     380 ]       65   0.000% 100.258% 
(     380,     580 ]       13   0.000% 100.258% 
(     580,     870 ]       49   0.000% 100.258% 
(     870,    1300 ]      101   0.000% 100.258% 
(    1300,    1900 ]       74   0.000% 100.259% 
(    1900,    2900 ]       29   0.000% 100.259% 
(    2900,    4400 ]        8   0.000% 100.259% 
(    4400,    6600 ]        7   0.000% 100.259% 
(    6600,    9900 ]       11   0.000% 100.259% 
(    9900,   14000 ]        9   0.000% 100.259% 
(   14000,   22000 ]       23   0.000% 100.259% 
(   22000,   33000 ]       44   0.000% 100.259% 
(   33000,   50000 ]       29   0.000% 100.259% 
(   50000,   75000 ]       95   0.000% 100.259% 
(   75000,  110000 ]       59   0.000% 100.259% 
(  110000,  170000 ]       29   0.000% 100.260% 
(  170000,  250000 ]       15   0.000% 100.260% 
(  250000,  380000 ]        9   0.000% 100.260% 
(  380000,  570000 ]        1   0.000% 100.260% 
(  570000,  860000 ]        3   0.000% 100.260% 
(  860000, 1200000 ]        1   0.000% 100.260% 
( 1200000, 1900000 ]       11   0.000% 100.260% 
( 1900000, 2900000 ]        4   0.000% 100.260% 
( 2900000, 4300000 ]        2   0.000% 100.260% 

** Level 1 read latency histogram (micros):
Count: 49449285 Average: 1.6054  StdDev: 22.21
Min: 0  Median: 0.9183  Max: 70080
Percentiles: P50: 0.92 P75: 1.56 P99: 3.28 P99.9: 4.04 P99.99: 4.41
------------------------------------------------------
[       0,       1 ] 26923085  54.446%  54.446% ###########
(       1,       2 ] 18270849  36.949%  91.395% #######
(       2,       3 ]  3588369   7.257%  98.651% #
(       3,       4 ]   612171   1.238%  99.889% 
(       4,       6 ]   244300   0.494% 100.383% 
(       6,      10 ]    97755   0.198% 100.581% 
(      10,      15 ]    27025   0.055% 100.636% 
(      15,      22 ]    17854   0.036% 100.672% 
(      22,      34 ]     1738   0.004% 100.675% 
(      34,      51 ]      376   0.001% 100.676% 
(      51,      76 ]     1019   0.002% 100.678% 
(      76,     110 ]     1595   0.003% 100.681% 
(     110,     170 ]      429   0.001% 100.682% 
(     170,     250 ]      118   0.000% 100.682% 
(     250,     380 ]       20   0.000% 100.682% 
(     380,     580 ]        6   0.000% 100.682% 
(     580,     870 ]       12   0.000% 100.682% 
(    1300,    1900 ]        3   0.000% 100.682% 
(    1900,    2900 ]        6   0.000% 100.682% 
(    2900,    4400 ]        9   0.000% 100.682% 
(    4400,    6600 ]        1   0.000% 100.682% 
(   50000,   75000 ]        5   0.000% 100.682% 

** Level 2 read latency histogram (micros):
Count: 26000981 Average: 132.1473  StdDev: 6462.50
Min: 0  Median: 1.2764  Max: 5451179
Percentiles: P50: 1.28 P75: 1.87 P99: 545.13 P99.9: 1235.53 P99.99: 1386.73
------------------------------------------------------
[       0,       1 ]  9981846  38.390%  38.390% ########
(       1,       2 ] 10919814  41.998%  80.388% ########
(       2,       3 ]  3209365  12.343%  92.731% ##
(       3,       4 ]   721013   2.773%  95.504% #
(       4,       6 ]   219300   0.843%  96.348% 
(       6,      10 ]    46291   0.178%  96.526% 
(      10,      15 ]    23951   0.092%  96.618% 
(      15,      22 ]    14288   0.055%  96.673% 
(      22,      34 ]     5550   0.021%  96.694% 
(      34,      51 ]    17892   0.069%  96.763% 
(      51,      76 ]    40821   0.157%  96.920% 
(      76,     110 ]    26404   0.102%  97.021% 
(     110,     170 ]   105430   0.405%  97.427% 
(     170,     250 ]   127881   0.492%  97.919% 
(     250,     380 ]   155671   0.599%  98.518% 
(     380,     580 ]   151948   0.584%  99.102% 
(     580,     870 ]   131527   0.506%  99.608% 
(     870,    1300 ]    89391   0.344%  99.952% 
(    1300,    1900 ]    69171   0.266% 100.218% 
(    1900,    2900 ]    53932   0.207% 100.425% 
(    2900,    4400 ]    29365   0.113% 100.538% 
(    4400,    6600 ]    14804   0.057% 100.595% 
(    6600,    9900 ]     5466   0.021% 100.616% 
(    9900,   14000 ]     2774   0.011% 100.627% 
(   14000,   22000 ]     3535   0.014% 100.640% 
(   22000,   33000 ]     3041   0.012% 100.652% 
(   33000,   50000 ]     3415   0.013% 100.665% 
(   50000,   75000 ]     3882   0.015% 100.680% 
(   75000,  110000 ]     3979   0.015% 100.695% 
(  110000,  170000 ]     3987   0.015% 100.711% 
(  170000,  250000 ]     2129   0.008% 100.719% 
(  250000,  380000 ]      885   0.003% 100.722% 
(  380000,  570000 ]      196   0.001% 100.723% 
(  570000,  860000 ]       48   0.000% 100.723% 
(  860000, 1200000 ]       54   0.000% 100.723% 
( 1200000, 1900000 ]       55   0.000% 100.724% 
( 1900000, 2900000 ]       36   0.000% 100.724% 
( 2900000, 4300000 ]       20   0.000% 100.724% 
( 4300000, 6500000 ]        4   0.000% 100.724% 


** DB Stats **
Uptime(secs): 1836.4 total, 30.6 interval
Cumulative writes: 76M writes, 76M keys, 9958K commit groups, 7.7 writes per commit group, ingest: 74.70 GB, 41.65 MB/s
Cumulative WAL: 76M writes, 0 syncs, 76714455.00 writes per sync, written: 74.70 GB, 41.65 MB/s
Cumulative stall: 00:26:17.837 H:M:S, 85.9 percent
Interval writes: 1134K writes, 1134K keys, 146K commit groups, 7.8 writes per commit group, ingest: 1131.38 MB, 36.93 MB/s
Interval WAL: 1134K writes, 0 syncs, 1134654.00 writes per sync, written: 1.10 GB, 36.93 MB/s
Interval stall: 00:00:24.612 H:M:S, 80.3 percent
Write Stall (count): write-buffer-manager-limit-stops: 0
num-running-compactions: 5
num-running-flushes: 0

2026/08/31-02:43:45  ... thread 12: (93000,4794000) ops and (2895.8,2610.6) ops/second in (32.115239,1836.370596) seconds
2026/08/31-02:43:46  ... thread 15: (83000,4806000) ops and (2766.4,2616.0) ops/second in (30.002564,1837.147765) seconds
2026/08/31-02:43:46  ... thread 4: (84000,4810000) ops and (2798.6,2618.2) ops/second in (30.015164,1837.165962) seconds
2026/08/31-02:43:46  ... thread 1: (84000,4807000) ops and (2798.6,2616.5) ops/second in (30.014586,1837.169398) seconds
2026/08/31-02:43:46  ... thread 10: (84000,4810000) ops and (2799.1,2618.2) ops/second in (30.009986,1837.170950) seconds
2026/08/31-02:43:49  ... thread 11: (119000,4849000) ops and (3882.5,2634.6) ops/second in (30.650596,1840.515031) seconds
2026/08/31-02:44:15  ... thread 5: (81000,4875000) ops and (2675.9,2611.7) ops/second in (30.269921,1866.635000) seconds
2026/08/31-02:44:15  ... thread 9: (81000,4875000) ops and (2672.9,2611.6) ops/second in (30.304558,1866.645019) seconds
2026/08/31-02:44:15  ... thread 2: (81000,4878000) ops and (2654.3,2612.9) ops/second in (30.516011,1866.868196) seconds
2026/08/31-02:44:15  ... thread 7: (81000,4874000) ops and (2639.3,2610.5) ops/second in (30.690479,1867.048445) seconds
2026/08/31-02:44:16  ... thread 14: (81000,4876000) ops and (2596.9,2610.9) ops/second in (31.191481,1867.556923) seconds
2026/08/31-02:44:16  ... thread 0: (81000,4874000) ops and (2596.7,2609.8) ops/second in (31.192907,1867.560891) seconds
2026/08/31-02:44:16  ... thread 1: (67000,4874000) ops and (2204.4,2609.8) ops/second in (30.393175,1867.562573) seconds
2026/08/31-02:44:16  ... thread 12: (81000,4875000) ops and (2588.9,2610.2) ops/second in (31.287680,1867.658276) seconds
2026/08/31-02:44:16  ... thread 10: (67000,4877000) ops and (2194.0,2611.2) ops/second in (30.537152,1867.708102) seconds
2026/08/31-02:44:16  ... thread 6: (82000,4877000) ops and (2592.9,2610.9) ops/second in (31.625422,1867.945241) seconds
2026/08/31-02:44:16  ... thread 3: (82000,4876000) ops and (2584.6,2610.2) ops/second in (31.726340,1868.065232) seconds
2026/08/31-02:44:17  ... thread 8: (82000,4874000) ops and (2575.7,2608.9) ops/second in (31.836177,1868.188851) seconds
2026/08/31-02:44:17  ... thread 4: (68000,4878000) ops and (2186.8,2611.0) ops/second in (31.095319,1868.261281) seconds
2026/08/31-02:44:17  ... thread 13: (82000,4878000) ops and (2567.1,2610.9) ops/second in (31.943244,1868.296517) seconds

** Compaction Stats [default] **
Level    Files   Size     Score Read(GB)  Rn(GB) Rnp1(GB) Write(GB) WPreComp(GB) Wnew(GB) Moved(GB) W-Amp Rd(MB/s) Wr(MB/s) Comp(sec) CompMergeCPU(sec) Comp(cnt) Avg(sec) KeyIn KeyDrop Rblob(GB) Wblob(GB)
-------------------------------------------------------------------------------------------------------------------------------------------------------------------------------------------------------------
  L0     21/17     4.50 GB   1.0     69.6     0.0     69.6     146.2     146.2     76.6       0.0   1.9     18.1     38.0   3934.84            313.81      1527    2.577    148M    72K       0.0       0.0
  L1    116/116    7.09 GB   0.0    210.5    72.1    138.4     206.3     206.3     67.9       0.0   2.9    269.4    264.0    800.23            646.67        38   21.059    214M  4207K       0.0       0.0
  L2    732/0     39.78 GB   1.0    164.4    51.5    112.9     151.9     151.9     39.1       9.3   2.9     14.7     13.6  11420.55            687.77       824   13.860    167M    12M       0.0       0.0
  L3    156/0      8.59 GB   0.0      0.0     0.0      0.0       0.0       0.0      0.0       8.6   0.0      0.0      0.0      0.00              0.00         0    0.000       0      0       0.0       0.0
 Sum   1025/133   59.95 GB   0.0    444.5   123.6    320.9     504.4     504.4    183.6      17.9   6.6     28.2     32.0  16155.62           1648.24      2389    6.763    530M    16M       0.0       0.0
 Int      0/0      0.00 KB   0.0      0.0     0.0      0.0       0.1       0.1      0.1       0.0   1.0      0.0     69.4      1.79              0.25         2    0.895    123K      0       0.0       0.0

** Compaction Stats [default] **
Priority    Files   Size     Score Read(GB)  Rn(GB) Rnp1(GB) Write(GB) WPreComp(GB) Wnew(GB) Moved(GB) W-Amp Rd(MB/s) Wr(MB/s) Comp(sec) CompMergeCPU(sec) Comp(cnt) Avg(sec) KeyIn KeyDrop Rblob(GB) Wblob(GB)
----------------------------------------------------------------------------------------------------------------------------------------------------------------------------------------------------------------
 Low      0/0      0.00 KB   0.0    444.5   123.6    320.9     427.8     427.8    106.9       0.0   0.0     33.5     32.3  13582.13           1513.95      1129   12.030    452M    16M       0.0       0.0
High      0/0      0.00 KB   0.0      0.0     0.0      0.0      76.7      76.7     76.7       0.0   0.0      0.0     30.5   2573.49            134.29      1260    2.042     78M      0       0.0       0.0

Blob file count: 0, total size: 0.0 GB, garbage size: 0.0 GB, space amp: 0.0

Uptime(secs): 1868.3 total, 2.6 interval
Flush(GB): cumulative 76.654, interval 0.121
AddFile(GB): cumulative 0.000, interval 0.000
AddFile(Total Files): cumulative 0, interval 0
AddFile(L0 Files): cumulative 0, interval 0
AddFile(Keys): cumulative 0, interval 0
Cumulative compaction: 504.45 GB write, 276.48 MB/s write, 444.49 GB read, 243.62 MB/s read, 16155.6 seconds
Interval compaction: 0.12 GB write, 48.55 MB/s write, 0.00 GB read, 0.00 MB/s read, 1.8 seconds
Estimated pending compaction bytes: 57905587821
Write Stall (count): cf-l0-file-count-limit-delays-with-ongoing-compaction: 94, cf-l0-file-count-limit-stops-with-ongoing-compaction: 0, l0-file-count-limit-delays: 94, l0-file-count-limit-stops: 0, memtable-limit-delays: 0, memtable-limit-stops: 1040, pending-compaction-bytes-delays: 0, pending-compaction-bytes-stops: 0, total-delays: 94, total-stops: 1040
interval: 1 total count
Block cache AutoHyperClockCache@0x5711ef9dd2d0#2018912 capacity: 512.00 MB seed: 591891029 usage: 15.50 MB table_size: 6923 occupancy: 3679 collections: 11 last_copies: 1 last_secs: 0.000764 secs_since: 62
Block cache entry stats(count,size,portion): Misc(3683,15.09 MB,2.9471%)

** File Read Latency Histogram By Level [default] **
** Level 0 read latency histogram (micros):
Count: 36608704 Average: 3.2169  StdDev: 1477.72
Min: 0  Median: 0.9338  Max: 4154556
Percentiles: P50: 0.93 P75: 1.55 P99: 3.04 P99.9: 4.81 P99.99: 5.45
------------------------------------------------------
[       0,       1 ] 19601793  53.544%  53.544% ###########
(       1,       2 ] 14353136  39.207%  92.751% ########
(       2,       3 ]  2274659   6.213%  98.964% #
(       3,       4 ]   301236   0.823%  99.787% 
(       4,       6 ]   102512   0.280% 100.067% 
(       6,      10 ]    43149   0.118% 100.185% 
(      10,      15 ]    16284   0.044% 100.230% 
(      15,      22 ]     9420   0.026% 100.255% 
(      22,      34 ]      675   0.002% 100.257% 
(      34,      51 ]      113   0.000% 100.258% 
(      51,      76 ]      452   0.001% 100.259% 
(      76,     110 ]      911   0.002% 100.261% 
(     110,     170 ]       48   0.000% 100.261% 
(     170,     250 ]       23   0.000% 100.261% 
(     250,     380 ]       71   0.000% 100.262% 
(     380,     580 ]       13   0.000% 100.262% 
(     580,     870 ]       50   0.000% 100.262% 
(     870,    1300 ]      101   0.000% 100.262% 
(    1300,    1900 ]       74   0.000% 100.262% 
(    1900,    2900 ]       30   0.000% 100.262% 
(    2900,    4400 ]        8   0.000% 100.262% 
(    4400,    6600 ]        7   0.000% 100.262% 
(    6600,    9900 ]       11   0.000% 100.262% 
(    9900,   14000 ]        9   0.000% 100.262% 
(   14000,   22000 ]       23   0.000% 100.263% 
(   22000,   33000 ]       44   0.000% 100.263% 
(   33000,   50000 ]       29   0.000% 100.263% 
(   50000,   75000 ]       96   0.000% 100.263% 
(   75000,  110000 ]       62   0.000% 100.263% 
(  110000,  170000 ]       29   0.000% 100.263% 
(  170000,  250000 ]       15   0.000% 100.263% 
(  250000,  380000 ]        9   0.000% 100.263% 
(  380000,  570000 ]        1   0.000% 100.263% 
(  570000,  860000 ]        3   0.000% 100.263% 
(  860000, 1200000 ]        1   0.000% 100.263% 
( 1200000, 1900000 ]       11   0.000% 100.263% 
( 1900000, 2900000 ]        4   0.000% 100.263% 
( 2900000, 4300000 ]        2   0.000% 100.263% 

** Level 1 read latency histogram (micros):
Count: 50863862 Average: 1.6029  StdDev: 21.90
Min: 0  Median: 0.9168  Max: 70080
Percentiles: P50: 0.92 P75: 1.55 P99: 3.26 P99.9: 4.00 P99.99: 4.37
------------------------------------------------------
[       0,       1 ] 27740327  54.538%  54.538% ###########
(       1,       2 ] 18787378  36.937%  91.475% #######
(       2,       3 ]  3665547   7.207%  98.682% #
(       3,       4 ]   620270   1.219%  99.901% 
(       4,       6 ]   246809   0.485% 100.386% 
(       6,      10 ]    99482   0.196% 100.582% 
(      10,      15 ]    27789   0.055% 100.636% 
(      15,      22 ]    18337   0.036% 100.673% 
(      22,      34 ]     1779   0.003% 100.676% 
(      34,      51 ]      379   0.001% 100.677% 
(      51,      76 ]     1019   0.002% 100.679% 
(      76,     110 ]     1600   0.003% 100.682% 
(     110,     170 ]      432   0.001% 100.683% 
(     170,     250 ]      118   0.000% 100.683% 
(     250,     380 ]       20   0.000% 100.683% 
(     380,     580 ]        6   0.000% 100.683% 
(     580,     870 ]       12   0.000% 100.683% 
(    1300,    1900 ]        3   0.000% 100.683% 
(    1900,    2900 ]        6   0.000% 100.683% 
(    2900,    4400 ]        9   0.000% 100.683% 
(    4400,    6600 ]        1   0.000% 100.683% 
(   50000,   75000 ]        5   0.000% 100.683% 

** Level 2 read latency histogram (micros):
Count: 26023300 Average: 132.0664  StdDev: 6459.73
Min: 0  Median: 1.2765  Max: 5451179
Percentiles: P50: 1.28 P75: 1.87 P99: 545.29 P99.9: 1236.28 P99.99: 1388.05
------------------------------------------------------
[       0,       1 ]  9989526  38.387%  38.387% ########
(       1,       2 ] 10929485  41.999%  80.386% ########
(       2,       3 ]  3211826  12.342%  92.728% ##
(       3,       4 ]   721448   2.772%  95.500% #
(       4,       6 ]   219366   0.843%  96.343% 
(       6,      10 ]    46327   0.178%  96.521% 
(      10,      15 ]    23966   0.092%  96.613% 
(      15,      22 ]    14293   0.055%  96.668% 
(      22,      34 ]     5550   0.021%  96.689% 
(      34,      51 ]    18144   0.070%  96.759% 
(      51,      76 ]    41110   0.158%  96.917% 
(      76,     110 ]    26480   0.102%  97.019% 
(     110,     170 ]   105738   0.406%  97.425% 
(     170,     250 ]   128346   0.493%  97.918% 
(     250,     380 ]   155812   0.599%  98.517% 
(     380,     580 ]   152033   0.584%  99.101% 
(     580,     870 ]   131608   0.506%  99.607% 
(     870,    1300 ]    89478   0.344%  99.951% 
(    1300,    1900 ]    69242   0.266% 100.217% 
(    1900,    2900 ]    54001   0.208% 100.425% 
(    2900,    4400 ]    29387   0.113% 100.537% 
(    4400,    6600 ]    14810   0.057% 100.594% 
(    6600,    9900 ]     5470   0.021% 100.615% 
(    9900,   14000 ]     2774   0.011% 100.626% 
(   14000,   22000 ]     3535   0.014% 100.640% 
(   22000,   33000 ]     3041   0.012% 100.651% 
(   33000,   50000 ]     3415   0.013% 100.664% 
(   50000,   75000 ]     3882   0.015% 100.679% 
(   75000,  110000 ]     3979   0.015% 100.695% 
(  110000,  170000 ]     3987   0.015% 100.710% 
(  170000,  250000 ]     2129   0.008% 100.718% 
(  250000,  380000 ]      885   0.003% 100.722% 
(  380000,  570000 ]      196   0.001% 100.722% 
(  570000,  860000 ]       48   0.000% 100.722% 
(  860000, 1200000 ]       54   0.000% 100.723% 
( 1200000, 1900000 ]       55   0.000% 100.723% 
( 1900000, 2900000 ]       36   0.000% 100.723% 
( 2900000, 4300000 ]       20   0.000% 100.723% 
( 4300000, 6500000 ]        4   0.000% 100.723% 


** DB Stats **
Uptime(secs): 1868.3 total, 2.6 interval
Cumulative writes: 78M writes, 78M keys, 10M commit groups, 7.7 writes per commit group, ingest: 75.97 GB, 41.64 MB/s
Cumulative WAL: 78M writes, 0 syncs, 78015453.00 writes per sync, written: 75.97 GB, 41.64 MB/s
Cumulative stall: 00:26:41.373 H:M:S, 85.7 percent
Interval writes: 12K writes, 12K keys, 2819 commit groups, 4.5 writes per commit group, ingest: 12.57 MB, 4.92 MB/s
Interval WAL: 12K writes, 0 syncs, 12589.00 writes per sync, written: 0.01 GB, 4.92 MB/s
Interval stall: 00:00:2.249 H:M:S, 88.0 percent
Write Stall (count): write-buffer-manager-limit-stops: 0
num-running-compactions: 1
num-running-flushes: 0

2026/08/31-02:44:17  ... thread 15: (69000,4875000) ops and (2198.2,2609.0) ops/second in (31.389052,1868.536817) seconds
2026/08/31-02:44:19  ... thread 11: (28000,4877000) ops and (926.8,2607.0) ops/second in (30.213063,1870.728094) seconds
2026/08/31-02:44:49  ... thread 15: (57000,4932000) ops and (1783.4,2595.1) ops/second in (31.960728,1900.497545) seconds
2026/08/31-02:44:49  ... thread 14: (57000,4933000) ops and (1730.3,2595.6) ops/second in (32.942477,1900.499400) seconds
2026/08/31-02:44:49  ... thread 1: (57000,4931000) ops and (1730.4,2594.6) ops/second in (32.939659,1900.502232) seconds
2026/08/31-02:44:49  ... thread 13: (57000,4935000) ops and (1769.8,2596.7) ops/second in (32.207416,1900.503933) seconds
2026/08/31-02:44:49  ... thread 0: (57000,4931000) ops and (1730.3,2594.6) ops/second in (32.943146,1900.504037) seconds

** Compaction Stats [default] **
Level    Files   Size     Score Read(GB)  Rn(GB) Rnp1(GB) Write(GB) WPreComp(GB) Wnew(GB) Moved(GB) W-Amp Rd(MB/s) Wr(MB/s) Comp(sec) CompMergeCPU(sec) Comp(cnt) Avg(sec) KeyIn KeyDrop Rblob(GB) Wblob(GB)
-------------------------------------------------------------------------------------------------------------------------------------------------------------------------------------------------------------
  L0     15/9      1.27 GB   1.5     69.8     0.0     69.8     147.3     147.3     77.4       0.0   1.9     18.0     38.1   3962.29            316.10      1542    2.570    149M    73K       0.0       0.0
  L1    165/17     9.78 GB   2.2    221.7    76.2    145.5     217.1     217.1     71.6       0.0   2.9    270.4    264.9    839.49            681.77        39   21.525    225M  4568K       0.0       0.0
  L2    743/38    40.70 GB   1.0    166.1    52.1    113.9     153.5     153.5     39.5       9.8   2.9     14.7     13.6  11531.62            695.58       835   13.810    168M    12M       0.0       0.0
  L3    156/0      8.59 GB   0.0      0.0     0.0      0.0       0.0       0.0      0.0       8.6   0.0      0.0      0.0      0.00              0.00         0    0.000       0      0       0.0       0.0
 Sum   1079/64    60.34 GB   0.0    457.5   128.3    329.3     517.9     517.9    188.6      18.4   6.7     28.7     32.5  16333.40           1693.45      2416    6.761    544M    17M       0.0       0.0
 Int      0/0      0.00 KB   0.0     13.0     4.6      8.4      13.6      13.6      5.2       0.5  14.0     74.4     77.3    179.57             45.46        29    6.192     14M   472K       0.0       0.0

** Compaction Stats [default] **
Priority    Files   Size     Score Read(GB)  Rn(GB) Rnp1(GB) Write(GB) WPreComp(GB) Wnew(GB) Moved(GB) W-Amp Rd(MB/s) Wr(MB/s) Comp(sec) CompMergeCPU(sec) Comp(cnt) Avg(sec) KeyIn KeyDrop Rblob(GB) Wblob(GB)
----------------------------------------------------------------------------------------------------------------------------------------------------------------------------------------------------------------
 Low      0/0      0.00 KB   0.0    457.5   128.3    329.3     440.4     440.4    111.1       0.0   0.0     34.1     32.8  13734.21           1557.52      1142   12.026    465M    17M       0.0       0.0
High      0/0      0.00 KB   0.0      0.0     0.0      0.0      77.5      77.5     77.5       0.0   0.0      0.0     30.5   2599.19            135.93      1274    2.040     78M      0       0.0       0.0

Blob file count: 0, total size: 0.0 GB, garbage size: 0.0 GB, space amp: 0.0

Uptime(secs): 1900.5 total, 34.8 interval
Flush(GB): cumulative 77.504, interval 0.971
AddFile(GB): cumulative 0.000, interval 0.000
AddFile(Total Files): cumulative 0, interval 0
AddFile(L0 Files): cumulative 0, interval 0
AddFile(Keys): cumulative 0, interval 0
Cumulative compaction: 517.88 GB write, 279.03 MB/s write, 457.54 GB read, 246.52 MB/s read, 16333.4 seconds
Interval compaction: 13.55 GB write, 399.23 MB/s write, 13.05 GB read, 384.33 MB/s read, 179.6 seconds
Estimated pending compaction bytes: 57169923726
Write Stall (count): cf-l0-file-count-limit-delays-with-ongoing-compaction: 96, cf-l0-file-count-limit-stops-with-ongoing-compaction: 0, l0-file-count-limit-delays: 96, l0-file-count-limit-stops: 0, memtable-limit-delays: 0, memtable-limit-stops: 1052, pending-compaction-bytes-delays: 0, pending-compaction-bytes-stops: 0, total-delays: 96, total-stops: 1052
interval: 15 total count
Block cache AutoHyperClockCache@0x5711ef9dd2d0#2018912 capacity: 512.00 MB seed: 591891029 usage: 15.50 MB table_size: 6923 occupancy: 3679 collections: 11 last_copies: 1 last_secs: 0.000764 secs_since: 94
Block cache entry stats(count,size,portion): Misc(3683,15.09 MB,2.9471%)

** File Read Latency Histogram By Level [default] **
** Level 0 read latency histogram (micros):
Count: 37034039 Average: 3.2106  StdDev: 1469.51
Min: 0  Median: 0.9350  Max: 4154556
Percentiles: P50: 0.93 P75: 1.55 P99: 3.05 P99.9: 4.82 P99.99: 5.45
------------------------------------------------------
[       0,       1 ] 19805240  53.478%  53.478% ###########
(       1,       2 ] 14532694  39.241%  92.720% ########
(       2,       3 ]  2309025   6.235%  98.955% #
(       3,       4 ]   307420   0.830%  99.785% 
(       4,       6 ]   104504   0.282% 100.067% 
(       6,      10 ]    43771   0.118% 100.185% 
(      10,      15 ]    16570   0.045% 100.230% 
(      15,      22 ]     9602   0.026% 100.256% 
(      22,      34 ]      691   0.002% 100.258% 
(      34,      51 ]      114   0.000% 100.258% 
(      51,      76 ]      457   0.001% 100.259% 
(      76,     110 ]      921   0.002% 100.262% 
(     110,     170 ]       49   0.000% 100.262% 
(     170,     250 ]       24   0.000% 100.262% 
(     250,     380 ]       72   0.000% 100.262% 
(     380,     580 ]       13   0.000% 100.262% 
(     580,     870 ]       50   0.000% 100.262% 
(     870,    1300 ]      101   0.000% 100.263% 
(    1300,    1900 ]       74   0.000% 100.263% 
(    1900,    2900 ]       30   0.000% 100.263% 
(    2900,    4400 ]        8   0.000% 100.263% 
(    4400,    6600 ]        7   0.000% 100.263% 
(    6600,    9900 ]       11   0.000% 100.263% 
(    9900,   14000 ]        9   0.000% 100.263% 
(   14000,   22000 ]       23   0.000% 100.263% 
(   22000,   33000 ]       45   0.000% 100.263% 
(   33000,   50000 ]       29   0.000% 100.263% 
(   50000,   75000 ]       98   0.000% 100.264% 
(   75000,  110000 ]       65   0.000% 100.264% 
(  110000,  170000 ]       29   0.000% 100.264% 
(  170000,  250000 ]       15   0.000% 100.264% 
(  250000,  380000 ]        9   0.000% 100.264% 
(  380000,  570000 ]        1   0.000% 100.264% 
(  570000,  860000 ]        3   0.000% 100.264% 
(  860000, 1200000 ]        1   0.000% 100.264% 
( 1200000, 1900000 ]       11   0.000% 100.264% 
( 1900000, 2900000 ]        4   0.000% 100.264% 
( 2900000, 4300000 ]        2   0.000% 100.264% 

** Level 1 read latency histogram (micros):
Count: 51579422 Average: 1.6074  StdDev: 21.75
Min: 0  Median: 0.9200  Max: 70080
Percentiles: P50: 0.92 P75: 1.56 P99: 3.30 P99.9: 4.08 P99.99: 4.44
------------------------------------------------------
[       0,       1 ] 28032522  54.348%  54.348% ###########
(       1,       2 ] 19068470  36.969%  91.317% #######
(       2,       3 ]  3771849   7.313%  98.630% #
(       3,       4 ]   644703   1.250%  99.880% 
(       4,       6 ]   257266   0.499% 100.379% 
(       6,      10 ]   102543   0.199% 100.578% 
(      10,      15 ]    28666   0.056% 100.633% 
(      15,      22 ]    18917   0.037% 100.670% 
(      22,      34 ]     1844   0.004% 100.673% 
(      34,      51 ]      393   0.001% 100.674% 
(      51,      76 ]     1071   0.002% 100.676% 
(      76,     110 ]     1681   0.003% 100.680% 
(     110,     170 ]      462   0.001% 100.680% 
(     170,     250 ]      121   0.000% 100.681% 
(     250,     380 ]       21   0.000% 100.681% 
(     380,     580 ]        6   0.000% 100.681% 
(     580,     870 ]       13   0.000% 100.681% 
(    1300,    1900 ]        3   0.000% 100.681% 
(    1900,    2900 ]        6   0.000% 100.681% 
(    2900,    4400 ]        9   0.000% 100.681% 
(    4400,    6600 ]        1   0.000% 100.681% 
(   50000,   75000 ]        5   0.000% 100.681% 

** Level 2 read latency histogram (micros):
Count: 26548227 Average: 136.0281  StdDev: 6484.36
Min: 0  Median: 1.2833  Max: 5451179
Percentiles: P50: 1.28 P75: 1.88 P99: 560.19 P99.9: 1263.28 P99.99: 1431.49
------------------------------------------------------
[       0,       1 ] 10115022  38.101%  38.101% ########
(       1,       2 ] 11152477  42.008%  80.109% ########
(       2,       3 ]  3310988  12.472%  92.581% ##
(       3,       4 ]   750182   2.826%  95.406% #
(       4,       6 ]   227953   0.859%  96.265% 
(       6,      10 ]    47654   0.179%  96.444% 
(      10,      15 ]    24802   0.093%  96.538% 
(      15,      22 ]    14730   0.055%  96.593% 
(      22,      34 ]     5652   0.021%  96.615% 
(      34,      51 ]    18388   0.069%  96.684% 
(      51,      76 ]    42277   0.159%  96.843% 
(      76,     110 ]    27192   0.102%  96.946% 
(     110,     170 ]   109334   0.412%  97.357% 
(     170,     250 ]   132566   0.499%  97.857% 
(     250,     380 ]   161386   0.608%  98.465% 
(     380,     580 ]   157774   0.594%  99.059% 
(     580,     870 ]   137362   0.517%  99.576% 
(     870,    1300 ]    93965   0.354%  99.930% 
(    1300,    1900 ]    72416   0.273% 100.203% 
(    1900,    2900 ]    56452   0.213% 100.416% 
(    2900,    4400 ]    30642   0.115% 100.531% 
(    4400,    6600 ]    15448   0.058% 100.589% 
(    6600,    9900 ]     5746   0.022% 100.611% 
(    9900,   14000 ]     2944   0.011% 100.622% 
(   14000,   22000 ]     3751   0.014% 100.636% 
(   22000,   33000 ]     3230   0.012% 100.648% 
(   33000,   50000 ]     3593   0.014% 100.662% 
(   50000,   75000 ]     4111   0.015% 100.677% 
(   75000,  110000 ]     4201   0.016% 100.693% 
(  110000,  170000 ]     4218   0.016% 100.709% 
(  170000,  250000 ]     2261   0.009% 100.718% 
(  250000,  380000 ]      938   0.004% 100.721% 
(  380000,  570000 ]      204   0.001% 100.722% 
(  570000,  860000 ]       51   0.000% 100.722% 
(  860000, 1200000 ]       54   0.000% 100.722% 
( 1200000, 1900000 ]       58   0.000% 100.722% 
( 1900000, 2900000 ]       36   0.000% 100.723% 
( 2900000, 4300000 ]       20   0.000% 100.723% 
( 4300000, 6500000 ]        4   0.000% 100.723% 


** DB Stats **
Uptime(secs): 1900.5 total, 32.2 interval
Cumulative writes: 78M writes, 78M keys, 10M commit groups, 7.7 writes per commit group, ingest: 76.86 GB, 41.41 MB/s
Cumulative WAL: 78M writes, 0 syncs, 78932461.00 writes per sync, written: 76.86 GB, 41.41 MB/s
Cumulative stall: 00:27:4.265 H:M:S, 85.5 percent
Interval writes: 917K writes, 917K keys, 121K commit groups, 7.5 writes per commit group, ingest: 914.41 MB, 28.39 MB/s
Interval WAL: 917K writes, 0 syncs, 917008.00 writes per sync, written: 0.89 GB, 28.39 MB/s
Interval stall: 00:00:22.893 H:M:S, 71.1 percent
Write Stall (count): write-buffer-manager-limit-stops: 0
num-running-compactions: 18
num-running-flushes: 1

2026/08/31-02:44:49  ... thread 2: (58000,4936000) ops and (1724.2,2597.2) ops/second in (33.639155,1900.507351) seconds
2026/08/31-02:44:49  ... thread 3: (58000,4934000) ops and (1787.4,2596.1) ops/second in (32.449180,1900.514412) seconds
2026/08/31-02:44:49  ... thread 10: (58000,4935000) ops and (1767.6,2596.7) ops/second in (32.812379,1900.520481) seconds
2026/08/31-02:44:49  ... thread 12: (58000,4933000) ops and (1764.8,2595.6) ops/second in (32.864539,1900.522815) seconds
2026/08/31-02:44:49  ... thread 5: (59000,4934000) ops and (1741.0,2596.1) ops/second in (33.889411,1900.524411) seconds
2026/08/31-02:44:49  ... thread 8: (58000,4932000) ops and (1793.5,2595.1) ops/second in (32.338245,1900.527096) seconds
2026/08/31-02:44:49  ... thread 6: (58000,4935000) ops and (1780.1,2596.6) ops/second in (32.582686,1900.527927) seconds
2026/08/31-02:44:49  ... thread 4: (58000,4936000) ops and (1797.5,2597.2) ops/second in (32.267640,1900.528921) seconds
2026/08/31-02:44:49  ... thread 7: (59000,4933000) ops and (1762.1,2595.6) ops/second in (33.481872,1900.530317) seconds
2026/08/31-02:44:49  ... thread 9: (59000,4934000) ops and (1741.1,2596.1) ops/second in (33.886492,1900.531511) seconds
2026/08/31-02:44:49  ... thread 11: (60000,4937000) ops and (1988.5,2597.2) ops/second in (30.173123,1900.901217) seconds
2026/08/31-02:45:19  ... thread 1: (81000,5012000) ops and (2655.8,2595.5) ops/second in (30.498723,1931.000955) seconds
2026/08/31-02:45:19  ... thread 2: (81000,5017000) ops and (2656.1,2598.1) ops/second in (30.495904,1931.003255) seconds
2026/08/31-02:45:19  ... thread 5: (80000,5014000) ops and (2624.6,2596.6) ops/second in (30.480661,1931.005072) seconds
2026/08/31-02:45:19  ... thread 10: (81000,5016000) ops and (2656.1,2597.6) ops/second in (30.496200,1931.016681) seconds
2026/08/31-02:45:19  ... thread 7: (81000,5014000) ops and (2656.8,2596.6) ops/second in (30.487442,1931.017759) seconds
2026/08/31-02:45:19  ... thread 4: (81000,5017000) ops and (2656.4,2598.1) ops/second in (30.492110,1931.021031) seconds
2026/08/31-02:45:19  ... thread 3: (81000,5015000) ops and (2655.0,2597.1) ops/second in (30.508162,1931.022574) seconds
2026/08/31-02:45:19  ... thread 12: (81000,5014000) ops and (2655.5,2596.5) ops/second in (30.503123,1931.025938) seconds
2026/08/31-02:45:19  ... thread 9: (81000,5015000) ops and (2656.1,2597.1) ops/second in (30.495663,1931.027174) seconds
2026/08/31-02:45:19  ... thread 8: (81000,5013000) ops and (2655.7,2596.0) ops/second in (30.500152,1931.027248) seconds
2026/08/31-02:45:19  ... thread 11: (78000,5015000) ops and (2588.9,2597.1) ops/second in (30.128133,1931.029350) seconds
2026/08/31-02:45:19  ... thread 6: (81000,5016000) ops and (2655.6,2597.6) ops/second in (30.501447,1931.029374) seconds
2026/08/31-02:45:19  ... thread 14: (82000,5015000) ops and (2685.8,2597.1) ops/second in (30.530987,1931.030387) seconds
2026/08/31-02:45:19  ... thread 0: (82000,5013000) ops and (2686.1,2596.0) ops/second in (30.527776,1931.031813) seconds

** Compaction Stats [default] **
Level    Files   Size     Score Read(GB)  Rn(GB) Rnp1(GB) Write(GB) WPreComp(GB) Wnew(GB) Moved(GB) W-Amp Rd(MB/s) Wr(MB/s) Comp(sec) CompMergeCPU(sec) Comp(cnt) Avg(sec) KeyIn KeyDrop Rblob(GB) Wblob(GB)
-------------------------------------------------------------------------------------------------------------------------------------------------------------------------------------------------------------
  L0     11/4      2.61 GB   1.8     71.7     0.0     71.7     150.5     150.5     78.8       0.0   1.9     18.1     38.0   4059.49            323.80      1569    2.587    153M    76K       0.0       0.0
  L1    138/17     8.21 GB   1.8    221.7    76.2    145.5     217.1     217.1     71.6       0.0   2.9    270.4    264.9    839.49            681.77        39   21.525    225M  4568K       0.0       0.0
  L2    766/53    41.65 GB   1.0    171.1    53.6    117.5     157.9     157.9     40.4       9.8   2.9     14.6     13.4  12032.87            725.71       861   13.975    174M    13M       0.0       0.0
  L3    156/0      8.59 GB   0.0      0.0     0.0      0.0       0.0       0.0      0.0       8.6   0.0      0.0      0.0      0.00              0.00         0    0.000       0      0       0.0       0.0
 Sum   1071/74    61.05 GB   0.0    464.5   129.8    334.7     525.5     525.5    190.8      18.4   6.7     28.1     31.8  16931.85           1731.28      2469    6.858    552M    18M       0.0       0.0
 Int      0/0      0.00 KB   0.0      0.5     0.1      0.4       0.6       0.6      0.2       0.0   5.0     11.5     13.4     46.55              2.46         4   11.638    654K    33K       0.0       0.0

** Compaction Stats [default] **
Priority    Files   Size     Score Read(GB)  Rn(GB) Rnp1(GB) Write(GB) WPreComp(GB) Wnew(GB) Moved(GB) W-Amp Rd(MB/s) Wr(MB/s) Comp(sec) CompMergeCPU(sec) Comp(cnt) Avg(sec) KeyIn KeyDrop Rblob(GB) Wblob(GB)
----------------------------------------------------------------------------------------------------------------------------------------------------------------------------------------------------------------
 Low      0/0      0.00 KB   0.0    464.5   129.8    334.7     446.7     446.7    112.0       0.0   0.0     33.3     32.0  14282.90           1592.93      1173   12.176    472M    18M       0.0       0.0
High      0/0      0.00 KB   0.0      0.0     0.0      0.0      78.8      78.8     78.8       0.0   0.0      0.0     30.5   2648.95            138.34      1296    2.044     80M      0       0.0       0.0

Blob file count: 0, total size: 0.0 GB, garbage size: 0.0 GB, space amp: 0.0

Uptime(secs): 1931.0 total, 5.3 interval
Flush(GB): cumulative 78.842, interval 0.121
AddFile(GB): cumulative 0.000, interval 0.000
AddFile(Total Files): cumulative 0, interval 0
AddFile(L0 Files): cumulative 0, interval 0
AddFile(Keys): cumulative 0, interval 0
Cumulative compaction: 525.54 GB write, 278.68 MB/s write, 464.48 GB read, 246.31 MB/s read, 16931.9 seconds
Interval compaction: 0.61 GB write, 118.24 MB/s write, 0.52 GB read, 101.14 MB/s read, 46.6 seconds
Estimated pending compaction bytes: 57839091123
Write Stall (count): cf-l0-file-count-limit-delays-with-ongoing-compaction: 96, cf-l0-file-count-limit-stops-with-ongoing-compaction: 0, l0-file-count-limit-delays: 96, l0-file-count-limit-stops: 0, memtable-limit-delays: 0, memtable-limit-stops: 1070, pending-compaction-bytes-delays: 0, pending-compaction-bytes-stops: 0, total-delays: 96, total-stops: 1070
interval: 1 total count
Block cache AutoHyperClockCache@0x5711ef9dd2d0#2018912 capacity: 512.00 MB seed: 591891029 usage: 15.50 MB table_size: 6923 occupancy: 3679 collections: 11 last_copies: 2 last_secs: 0.000764 secs_since: 125
Block cache entry stats(count,size,portion): Misc(3683,15.09 MB,2.9471%)

** File Read Latency Histogram By Level [default] **
** Level 0 read latency histogram (micros):
Count: 37376693 Average: 3.2112  StdDev: 1463.18
Min: 0  Median: 0.9335  Max: 4154556
Percentiles: P50: 0.93 P75: 1.55 P99: 3.05 P99.9: 4.83 P99.99: 5.47
------------------------------------------------------
[       0,       1 ] 20019062  53.560%  53.560% ###########
(       1,       2 ] 14646669  39.187%  92.747% ########
(       2,       3 ]  2321737   6.212%  98.959% #
(       3,       4 ]   308486   0.825%  99.784% 
(       4,       6 ]   104965   0.281% 100.065% 
(       6,      10 ]    44148   0.118% 100.183% 
(      10,      15 ]    16698   0.045% 100.228% 
(      15,      22 ]     9665   0.026% 100.253% 
(      22,      34 ]      700   0.002% 100.255% 
(      34,      51 ]      114   0.000% 100.256% 
(      51,      76 ]      464   0.001% 100.257% 
(      76,     110 ]      937   0.003% 100.259% 
(     110,     170 ]       50   0.000% 100.260% 
(     170,     250 ]       24   0.000% 100.260% 
(     250,     380 ]       73   0.000% 100.260% 
(     380,     580 ]       13   0.000% 100.260% 
(     580,     870 ]       51   0.000% 100.260% 
(     870,    1300 ]      102   0.000% 100.260% 
(    1300,    1900 ]       75   0.000% 100.260% 
(    1900,    2900 ]       32   0.000% 100.261% 
(    2900,    4400 ]        9   0.000% 100.261% 
(    4400,    6600 ]        8   0.000% 100.261% 
(    6600,    9900 ]       12   0.000% 100.261% 
(    9900,   14000 ]        9   0.000% 100.261% 
(   14000,   22000 ]       24   0.000% 100.261% 
(   22000,   33000 ]       45   0.000% 100.261% 
(   33000,   50000 ]       29   0.000% 100.261% 
(   50000,   75000 ]      102   0.000% 100.261% 
(   75000,  110000 ]       69   0.000% 100.261% 
(  110000,  170000 ]       29   0.000% 100.261% 
(  170000,  250000 ]       15   0.000% 100.261% 
(  250000,  380000 ]        9   0.000% 100.261% 
(  380000,  570000 ]        1   0.000% 100.261% 
(  570000,  860000 ]        3   0.000% 100.261% 
(  860000, 1200000 ]        1   0.000% 100.261% 
( 1200000, 1900000 ]       11   0.000% 100.262% 
( 1900000, 2900000 ]        4   0.000% 100.262% 
( 2900000, 4300000 ]        2   0.000% 100.262% 

** Level 1 read latency histogram (micros):
Count: 51944612 Average: 1.6152  StdDev: 21.67
Min: 0  Median: 0.9253  Max: 70080
Percentiles: P50: 0.93 P75: 1.57 P99: 3.35 P99.9: 4.22 P99.99: 4.57
------------------------------------------------------
[       0,       1 ] 28067978  54.034%  54.034% ###########
(       1,       2 ] 19211076  36.984%  91.018% #######
(       2,       3 ]  3906350   7.520%  98.538% ##
(       3,       4 ]   676564   1.302%  99.841% 
(       4,       6 ]   272951   0.525% 100.366% 
(       6,      10 ]   106822   0.206% 100.572% 
(      10,      15 ]    29496   0.057% 100.629% 
(      15,      22 ]    19705   0.038% 100.667% 
(      22,      34 ]     1939   0.004% 100.670% 
(      34,      51 ]      400   0.001% 100.671% 
(      51,      76 ]     1075   0.002% 100.673% 
(      76,     110 ]     1682   0.003% 100.677% 
(     110,     170 ]      464   0.001% 100.677% 
(     170,     250 ]      122   0.000% 100.678% 
(     250,     380 ]       21   0.000% 100.678% 
(     380,     580 ]        6   0.000% 100.678% 
(     580,     870 ]       13   0.000% 100.678% 
(    1300,    1900 ]        3   0.000% 100.678% 
(    1900,    2900 ]        6   0.000% 100.678% 
(    2900,    4400 ]        9   0.000% 100.678% 
(    4400,    6600 ]        1   0.000% 100.678% 
(   50000,   75000 ]        5   0.000% 100.678% 

** Level 2 read latency histogram (micros):
Count: 27529007 Average: 143.1719  StdDev: 6537.70
Min: 0  Median: 1.3001  Max: 5451179
Percentiles: P50: 1.30 P75: 1.89 P99: 598.06 P99.9: 1338.99 P99.99: 1525.88
------------------------------------------------------
[       0,       1 ] 10284630  37.359%  37.359% #######
(       1,       2 ] 11594380  42.117%  79.476% ########
(       2,       3 ]  3525574  12.807%  92.283% ###
(       3,       4 ]   805818   2.927%  95.210% #
(       4,       6 ]   245660   0.892%  96.102% 
(       6,      10 ]    50149   0.182%  96.285% 
(      10,      15 ]    26408   0.096%  96.381% 
(      15,      22 ]    15812   0.057%  96.438% 
(      22,      34 ]     5821   0.021%  96.459% 
(      34,      51 ]    19084   0.069%  96.528% 
(      51,      76 ]    44482   0.162%  96.690% 
(      76,     110 ]    28676   0.104%  96.794% 
(     110,     170 ]   115631   0.420%  97.214% 
(     170,     250 ]   140537   0.511%  97.725% 
(     250,     380 ]   172477   0.627%  98.351% 
(     380,     580 ]   169299   0.615%  98.966% 
(     580,     870 ]   148982   0.541%  99.507% 
(     870,    1300 ]   102890   0.374%  99.881% 
(    1300,    1900 ]    79544   0.289% 100.170% 
(    1900,    2900 ]    62008   0.225% 100.395% 
(    2900,    4400 ]    33635   0.122% 100.518% 
(    4400,    6600 ]    16869   0.061% 100.579% 
(    6600,    9900 ]     6333   0.023% 100.602% 
(    9900,   14000 ]     3153   0.011% 100.613% 
(   14000,   22000 ]     4028   0.015% 100.628% 
(   22000,   33000 ]     3507   0.013% 100.641% 
(   33000,   50000 ]     3881   0.014% 100.655% 
(   50000,   75000 ]     4468   0.016% 100.671% 
(   75000,  110000 ]     4555   0.017% 100.688% 
(  110000,  170000 ]     4643   0.017% 100.704% 
(  170000,  250000 ]     2500   0.009% 100.714% 
(  250000,  380000 ]     1050   0.004% 100.717% 
(  380000,  570000 ]      234   0.001% 100.718% 
(  570000,  860000 ]       59   0.000% 100.718% 
(  860000, 1200000 ]       59   0.000% 100.719% 
( 1200000, 1900000 ]       59   0.000% 100.719% 
( 1900000, 2900000 ]       38   0.000% 100.719% 
( 2900000, 4300000 ]       20   0.000% 100.719% 
( 4300000, 6500000 ]        4   0.000% 100.719% 


** DB Stats **
Uptime(secs): 1931.0 total, 5.3 interval
Cumulative writes: 80M writes, 80M keys, 10M commit groups, 7.7 writes per commit group, ingest: 78.14 GB, 41.43 MB/s
Cumulative WAL: 80M writes, 0 syncs, 80241448.00 writes per sync, written: 78.14 GB, 41.43 MB/s
Cumulative stall: 00:27:32.238 H:M:S, 85.6 percent
Interval writes: 12K writes, 12K keys, 1590 commit groups, 8.0 writes per commit group, ingest: 12.62 MB, 2.39 MB/s
Interval WAL: 12K writes, 0 syncs, 12650.00 writes per sync, written: 0.01 GB, 2.39 MB/s
Interval stall: 00:00:7.287 H:M:S, 137.9 percent
Write Stall (count): write-buffer-manager-limit-stops: 0
num-running-compactions: 18
num-running-flushes: 0

2026/08/31-02:45:19  ... thread 15: (82000,5014000) ops and (2685.3,2596.5) ops/second in (30.536089,1931.033634) seconds
2026/08/31-02:45:19  ... thread 13: (82000,5017000) ops and (2685.6,2598.1) ops/second in (30.533081,1931.037014) seconds
2026/08/31-02:45:51  ... thread 9: (119000,5134000) ops and (3735.9,2615.5) ops/second in (31.852977,1962.880151) seconds
2026/08/31-02:45:51  ... thread 4: (120000,5137000) ops and (3736.4,2616.7) ops/second in (32.116483,1963.137514) seconds
2026/08/31-02:45:52  ... thread 10: (120000,5136000) ops and (3735.6,2616.2) ops/second in (32.122953,1963.139634) seconds
2026/08/31-02:45:52  ... thread 13: (119000,5136000) ops and (3706.1,2616.2) ops/second in (32.108850,1963.145864) seconds
2026/08/31-02:45:52  ... thread 8: (119000,5132000) ops and (3705.0,2614.2) ops/second in (32.119029,1963.146277) seconds
2026/08/31-02:45:52  ... thread 12: (120000,5134000) ops and (3735.8,2615.2) ops/second in (32.121962,1963.147900) seconds
2026/08/31-02:45:52  ... thread 14: (119000,5134000) ops and (3704.9,2615.2) ops/second in (32.119272,1963.149659) seconds
2026/08/31-02:45:52  ... thread 2: (121000,5138000) ops and (3763.6,2617.2) ops/second in (32.150176,1963.153431) seconds
2026/08/31-02:45:52  ... thread 0: (120000,5133000) ops and (3735.7,2614.7) ops/second in (32.122300,1963.154113) seconds

** Compaction Stats [default] **
Level    Files   Size     Score Read(GB)  Rn(GB) Rnp1(GB) Write(GB) WPreComp(GB) Wnew(GB) Moved(GB) W-Amp Rd(MB/s) Wr(MB/s) Comp(sec) CompMergeCPU(sec) Comp(cnt) Avg(sec) KeyIn KeyDrop Rblob(GB) Wblob(GB)
-------------------------------------------------------------------------------------------------------------------------------------------------------------------------------------------------------------
  L0     20/17     4.43 GB   0.8     73.4     0.0     73.4     154.0     154.0     80.6       0.0   1.9     18.3     38.3   4116.41            331.57      1606    2.563    156M    77K       0.0       0.0
  L1    117/117    6.95 GB   0.0    221.7    76.2    145.5     217.1     217.1     71.6       0.0   2.9    270.4    264.9    839.49            681.77        39   21.525    225M  4568K       0.0       0.0
  L2    733/0     39.87 GB   1.0    176.0    54.9    121.1     162.2     162.2     41.2       9.8   3.0     14.5     13.3  12465.33            753.68       882   14.133    179M    13M       0.0       0.0
  L3    200/0     11.08 GB   0.0      0.0     0.0      0.0       0.0       0.0      0.0      11.1   0.0      0.0      0.0      0.00              0.00         0    0.000       0      0       0.0       0.0
 Sum   1070/134   62.33 GB   0.0    471.1   131.0    340.0     533.4     533.4    193.4      20.9   6.6     27.7     31.4  17421.23           1767.03      2527    6.894    561M    18M       0.0       0.0
 Int      0/0      0.00 KB   0.0      7.1     1.3      5.8       8.5       8.5      2.7       2.5   4.3     13.5     16.2    535.93             38.21        62    8.644   9194K   590K       0.0       0.0

** Compaction Stats [default] **
Priority    Files   Size     Score Read(GB)  Rn(GB) Rnp1(GB) Write(GB) WPreComp(GB) Wnew(GB) Moved(GB) W-Amp Rd(MB/s) Wr(MB/s) Comp(sec) CompMergeCPU(sec) Comp(cnt) Avg(sec) KeyIn KeyDrop Rblob(GB) Wblob(GB)
----------------------------------------------------------------------------------------------------------------------------------------------------------------------------------------------------------------
 Low      0/0      0.00 KB   0.0    471.1   131.0    340.0     452.7     452.7    112.7       0.0   0.0     32.7     31.5  14735.93           1625.45      1201   12.270    479M    18M       0.0       0.0
High      0/0      0.00 KB   0.0      0.0     0.0      0.0      80.7      80.7     80.7       0.0   0.0      0.0     30.8   2685.30            141.57      1326    2.025     82M      0       0.0       0.0

Blob file count: 0, total size: 0.0 GB, garbage size: 0.0 GB, space amp: 0.0

Uptime(secs): 1963.2 total, 37.4 interval
Flush(GB): cumulative 80.666, interval 1.946
AddFile(GB): cumulative 0.000, interval 0.000
AddFile(Total Files): cumulative 0, interval 0
AddFile(L0 Files): cumulative 0, interval 0
AddFile(Keys): cumulative 0, interval 0
Cumulative compaction: 533.38 GB write, 278.22 MB/s write, 471.05 GB read, 245.70 MB/s read, 17421.2 seconds
Interval compaction: 8.46 GB write, 231.46 MB/s write, 7.09 GB read, 194.09 MB/s read, 535.9 seconds
Estimated pending compaction bytes: 57528143118
Write Stall (count): cf-l0-file-count-limit-delays-with-ongoing-compaction: 100, cf-l0-file-count-limit-stops-with-ongoing-compaction: 0, l0-file-count-limit-delays: 100, l0-file-count-limit-stops: 0, memtable-limit-delays: 0, memtable-limit-stops: 1091, pending-compaction-bytes-delays: 0, pending-compaction-bytes-stops: 0, total-delays: 100, total-stops: 1091
interval: 26 total count
Block cache AutoHyperClockCache@0x5711ef9dd2d0#2018912 capacity: 512.00 MB seed: 591891029 usage: 15.50 MB table_size: 6923 occupancy: 3679 collections: 11 last_copies: 2 last_secs: 0.000764 secs_since: 157
Block cache entry stats(count,size,portion): Misc(3683,15.09 MB,2.9471%)

** File Read Latency Histogram By Level [default] **
** Level 0 read latency histogram (micros):
Count: 38056503 Average: 3.1896  StdDev: 1450.27
Min: 0  Median: 0.9334  Max: 4154556
Percentiles: P50: 0.93 P75: 1.55 P99: 3.05 P99.9: 4.82 P99.99: 5.46
------------------------------------------------------
[       0,       1 ] 20386779  53.570%  53.570% ###########
(       1,       2 ] 14919616  39.204%  92.774% ########
(       2,       3 ]  2354864   6.188%  98.961% #
(       3,       4 ]   313639   0.824%  99.786% 
(       4,       6 ]   106796   0.281% 100.066% 
(       6,      10 ]    45001   0.118% 100.184% 
(      10,      15 ]    16984   0.045% 100.229% 
(      15,      22 ]     9812   0.026% 100.255% 
(      22,      34 ]      711   0.002% 100.257% 
(      34,      51 ]      116   0.000% 100.257% 
(      51,      76 ]      472   0.001% 100.258% 
(      76,     110 ]      961   0.003% 100.261% 
(     110,     170 ]       50   0.000% 100.261% 
(     170,     250 ]       24   0.000% 100.261% 
(     250,     380 ]       78   0.000% 100.261% 
(     380,     580 ]       13   0.000% 100.261% 
(     580,     870 ]       52   0.000% 100.261% 
(     870,    1300 ]      102   0.000% 100.262% 
(    1300,    1900 ]       79   0.000% 100.262% 
(    1900,    2900 ]       32   0.000% 100.262% 
(    2900,    4400 ]        9   0.000% 100.262% 
(    4400,    6600 ]        8   0.000% 100.262% 
(    6600,    9900 ]       12   0.000% 100.262% 
(    9900,   14000 ]        9   0.000% 100.262% 
(   14000,   22000 ]       26   0.000% 100.262% 
(   22000,   33000 ]       45   0.000% 100.262% 
(   33000,   50000 ]       29   0.000% 100.262% 
(   50000,   75000 ]      102   0.000% 100.263% 
(   75000,  110000 ]       72   0.000% 100.263% 
(  110000,  170000 ]       29   0.000% 100.263% 
(  170000,  250000 ]       15   0.000% 100.263% 
(  250000,  380000 ]        9   0.000% 100.263% 
(  380000,  570000 ]        1   0.000% 100.263% 
(  570000,  860000 ]        3   0.000% 100.263% 
(  860000, 1200000 ]        1   0.000% 100.263% 
( 1200000, 1900000 ]       11   0.000% 100.263% 
( 1900000, 2900000 ]        4   0.000% 100.263% 
( 2900000, 4300000 ]        2   0.000% 100.263% 

** Level 1 read latency histogram (micros):
Count: 52486953 Average: 1.6171  StdDev: 21.56
Min: 0  Median: 0.9267  Max: 70080
Percentiles: P50: 0.93 P75: 1.57 P99: 3.37 P99.9: 4.25 P99.99: 4.59
------------------------------------------------------
[       0,       1 ] 28318077  53.953%  53.953% ###########
(       1,       2 ] 19414914  36.990%  90.943% #######
(       2,       3 ]  3976306   7.576%  98.518% ##
(       3,       4 ]   690859   1.316%  99.835% 
(       4,       6 ]   278684   0.531% 100.366% 
(       6,      10 ]   108516   0.207% 100.572% 
(      10,      15 ]    30049   0.057% 100.630% 
(      15,      22 ]    20055   0.038% 100.668% 
(      22,      34 ]     1974   0.004% 100.672% 
(      34,      51 ]      402   0.001% 100.672% 
(      51,      76 ]     1075   0.002% 100.674% 
(      76,     110 ]     1685   0.003% 100.678% 
(     110,     170 ]      464   0.001% 100.678% 
(     170,     250 ]      122   0.000% 100.679% 
(     250,     380 ]       21   0.000% 100.679% 
(     380,     580 ]        6   0.000% 100.679% 
(     580,     870 ]       13   0.000% 100.679% 
(    1300,    1900 ]        3   0.000% 100.679% 
(    1900,    2900 ]        6   0.000% 100.679% 
(    2900,    4400 ]        9   0.000% 100.679% 
(    4400,    6600 ]        1   0.000% 100.679% 
(   50000,   75000 ]        5   0.000% 100.679% 

** Level 2 read latency histogram (micros):
Count: 28031299 Average: 143.5642  StdDev: 6562.38
Min: 0  Median: 1.3053  Max: 5451179
Percentiles: P50: 1.31 P75: 1.90 P99: 611.36 P99.9: 1362.30 P99.99: 1546.90
------------------------------------------------------
[       0,       1 ] 10410059  37.137%  37.137% #######
(       1,       2 ] 11808332  42.126%  79.263% ########
(       2,       3 ]  3617755  12.906%  92.169% ###
(       3,       4 ]   827790   2.953%  95.122% #
(       4,       6 ]   251182   0.896%  96.018% 
(       6,      10 ]    51207   0.183%  96.201% 
(      10,      15 ]    27131   0.097%  96.298% 
(      15,      22 ]    16288   0.058%  96.356% 
(      22,      34 ]     6219   0.022%  96.378% 
(      34,      51 ]    20003   0.071%  96.449% 
(      51,      76 ]    46677   0.167%  96.616% 
(      76,     110 ]    29840   0.106%  96.722% 
(     110,     170 ]   120227   0.429%  97.151% 
(     170,     250 ]   146215   0.522%  97.673% 
(     250,     380 ]   179426   0.640%  98.313% 
(     380,     580 ]   175950   0.628%  98.940% 
(     580,     870 ]   154280   0.550%  99.491% 
(     870,    1300 ]   106173   0.379%  99.870% 
(    1300,    1900 ]    81998   0.293% 100.162% 
(    1900,    2900 ]    63827   0.228% 100.390% 
(    2900,    4400 ]    34464   0.123% 100.513% 
(    4400,    6600 ]    17356   0.062% 100.575% 
(    6600,    9900 ]     6483   0.023% 100.598% 
(    9900,   14000 ]     3218   0.011% 100.609% 
(   14000,   22000 ]     4099   0.015% 100.624% 
(   22000,   33000 ]     3552   0.013% 100.637% 
(   33000,   50000 ]     3953   0.014% 100.651% 
(   50000,   75000 ]     4536   0.016% 100.667% 
(   75000,  110000 ]     4613   0.016% 100.683% 
(  110000,  170000 ]     4713   0.017% 100.700% 
(  170000,  250000 ]     2534   0.009% 100.709% 
(  250000,  380000 ]     1068   0.004% 100.713% 
(  380000,  570000 ]      238   0.001% 100.714% 
(  570000,  860000 ]       59   0.000% 100.714% 
(  860000, 1200000 ]       59   0.000% 100.714% 
( 1200000, 1900000 ]       66   0.000% 100.715% 
( 1900000, 2900000 ]       38   0.000% 100.715% 
( 2900000, 4300000 ]       21   0.000% 100.715% 
( 4300000, 6500000 ]        4   0.000% 100.715% 


** DB Stats **
Uptime(secs): 1963.2 total, 32.1 interval
Cumulative writes: 82M writes, 82M keys, 10M commit groups, 7.7 writes per commit group, ingest: 80.00 GB, 41.73 MB/s
Cumulative WAL: 82M writes, 0 syncs, 82155407.00 writes per sync, written: 80.00 GB, 41.73 MB/s
Cumulative stall: 00:27:55.137 H:M:S, 85.3 percent
Interval writes: 1913K writes, 1913K keys, 250K commit groups, 7.6 writes per commit group, ingest: 1908.47 MB, 59.41 MB/s
Interval WAL: 1913K writes, 0 syncs, 1913959.00 writes per sync, written: 1.86 GB, 59.41 MB/s
Interval stall: 00:00:22.899 H:M:S, 71.3 percent
Write Stall (count): write-buffer-manager-limit-stops: 0
num-running-compactions: 1
num-running-flushes: 1

2026/08/31-02:45:52  ... thread 3: (120000,5135000) ops and (3734.4,2615.7) ops/second in (32.133713,1963.156287) seconds
2026/08/31-02:45:52  ... thread 1: (120000,5132000) ops and (3731.8,2614.2) ops/second in (32.155744,1963.156699) seconds
2026/08/31-02:45:52  ... thread 15: (120000,5134000) ops and (3735.5,2615.2) ops/second in (32.124368,1963.158002) seconds
2026/08/31-02:45:52  ... thread 7: (120000,5134000) ops and (3733.6,2615.2) ops/second in (32.140616,1963.158375) seconds
2026/08/31-02:45:52  ... thread 5: (120000,5134000) ops and (3732.1,2615.2) ops/second in (32.153734,1963.158806) seconds
2026/08/31-02:45:52  ... thread 6: (120000,5136000) ops and (3734.8,2616.2) ops/second in (32.129896,1963.159270) seconds
2026/08/31-02:45:52  ... thread 11: (120000,5135000) ops and (3734.4,2615.7) ops/second in (32.133586,1963.162936) seconds
2026/08/31-02:46:22  ... thread 10: (14000,5150000) ops and (454.9,2582.9) ops/second in (30.776663,1993.916297) seconds
2026/08/31-02:46:22  ... thread 8: (14000,5146000) ops and (455.0,2580.8) ops/second in (30.770887,1993.917164) seconds
2026/08/31-02:46:22  ... thread 9: (14000,5148000) ops and (447.9,2581.6) ops/second in (31.253921,1994.134072) seconds
2026/08/31-02:46:23  ... thread 13: (14000,5150000) ops and (449.1,2582.3) ops/second in (31.170932,1994.316796) seconds
2026/08/31-02:46:23  ... thread 15: (14000,5148000) ops and (449.3,2581.3) ops/second in (31.160279,1994.318281) seconds
2026/08/31-02:46:23  ... thread 2: (14000,5152000) ops and (443.1,2582.8) ops/second in (31.596284,1994.749715) seconds
2026/08/31-02:46:23  ... thread 0: (14000,5147000) ops and (442.8,2580.2) ops/second in (31.615637,1994.769750) seconds

** Compaction Stats [default] **
Level    Files   Size     Score Read(GB)  Rn(GB) Rnp1(GB) Write(GB) WPreComp(GB) Wnew(GB) Moved(GB) W-Amp Rd(MB/s) Wr(MB/s) Comp(sec) CompMergeCPU(sec) Comp(cnt) Avg(sec) KeyIn KeyDrop Rblob(GB) Wblob(GB)
-------------------------------------------------------------------------------------------------------------------------------------------------------------------------------------------------------------
  L0      4/0    435.91 MB   1.0     73.7     0.0     73.7     154.5     154.5     80.8       0.0   1.9     18.2     38.2   4141.81            332.70      1611    2.571    157M    78K       0.0       0.0
  L1    174/9     10.83 GB   2.5    232.9    80.4    152.5     228.0     228.0     75.5       0.0   2.8    270.6    264.9    881.32            715.75        40   22.033    236M  4941K       0.0       0.0
  L2    733/3     39.87 GB   1.0    176.0    54.9    121.1     162.2     162.2     41.2       9.8   3.0     14.5     13.3  12465.33            753.68       882   14.133    179M    13M       0.0       0.0
  L3    200/0     11.08 GB   0.0      0.0     0.0      0.0       0.0       0.0      0.0      11.1   0.0      0.0      0.0      0.00              0.00         0    0.000       0      0       0.0       0.0
 Sum   1111/12    62.20 GB   0.0    482.5   135.3    347.2     544.7     544.7    197.5      20.9   6.7     28.3     31.9  17488.46           1802.14      2533    6.904    573M    19M       0.0       0.0
 Int      0/0      0.00 KB   0.0     11.2     4.2      7.0      10.8      10.8      3.9       0.0 11630279768.0    274.2    265.2     41.83             33.99         1   41.830     11M   373K       0.0       0.0

** Compaction Stats [default] **
Priority    Files   Size     Score Read(GB)  Rn(GB) Rnp1(GB) Write(GB) WPreComp(GB) Wnew(GB) Moved(GB) W-Amp Rd(MB/s) Wr(MB/s) Comp(sec) CompMergeCPU(sec) Comp(cnt) Avg(sec) KeyIn KeyDrop Rblob(GB) Wblob(GB)
----------------------------------------------------------------------------------------------------------------------------------------------------------------------------------------------------------------
 Low      0/0      0.00 KB   0.0    482.5   135.3    347.2     463.8     463.8    116.6       0.0   0.0     33.4     32.1  14788.43           1660.08      1203   12.293    490M    19M       0.0       0.0
High      0/0      0.00 KB   0.0      0.0     0.0      0.0      80.9      80.9     80.9       0.0   0.0      0.0     30.7   2700.04            142.06      1330    2.030     82M      0       0.0       0.0

Blob file count: 0, total size: 0.0 GB, garbage size: 0.0 GB, space amp: 0.0

Uptime(secs): 1994.8 total, 9.0 interval
Flush(GB): cumulative 80.909, interval 0.000
AddFile(GB): cumulative 0.000, interval 0.000
AddFile(Total Files): cumulative 0, interval 0
AddFile(L0 Files): cumulative 0, interval 0
AddFile(Keys): cumulative 0, interval 0
Cumulative compaction: 544.70 GB write, 279.62 MB/s write, 482.50 GB read, 247.68 MB/s read, 17488.5 seconds
Interval compaction: 10.83 GB write, 1230.53 MB/s write, 11.20 GB read, 1272.42 MB/s read, 41.8 seconds
Estimated pending compaction bytes: 56925469199
Write Stall (count): cf-l0-file-count-limit-delays-with-ongoing-compaction: 104, cf-l0-file-count-limit-stops-with-ongoing-compaction: 0, l0-file-count-limit-delays: 104, l0-file-count-limit-stops: 0, memtable-limit-delays: 0, memtable-limit-stops: 1092, pending-compaction-bytes-delays: 0, pending-compaction-bytes-stops: 0, total-delays: 104, total-stops: 1092
interval: 0 total count
Block cache AutoHyperClockCache@0x5711ef9dd2d0#2018912 capacity: 512.00 MB seed: 591891029 usage: 17.42 MB table_size: 7354 occupancy: 4141 collections: 12 last_copies: 0 last_secs: 0.00059 secs_since: 9
Block cache entry stats(count,size,portion): Misc(4141,16.97 MB,3.31404%)

** File Read Latency Histogram By Level [default] **
** Level 0 read latency histogram (micros):
Count: 38935087 Average: 3.1598  StdDev: 1433.87
Min: 0  Median: 0.9375  Max: 4154556
Percentiles: P50: 0.94 P75: 1.55 P99: 3.07 P99.9: 4.82 P99.99: 5.45
------------------------------------------------------
[       0,       1 ] 20765108  53.333%  53.333% ###########
(       1,       2 ] 15322327  39.354%  92.686% ########
(       2,       3 ]  2434794   6.253%  98.940% #
(       3,       4 ]   328508   0.844%  99.783% 
(       4,       6 ]   110614   0.284% 100.067% 
(       6,      10 ]    46453   0.119% 100.187% 
(      10,      15 ]    17849   0.046% 100.233% 
(      15,      22 ]    10288   0.026% 100.259% 
(      22,      34 ]      747   0.002% 100.261% 
(      34,      51 ]      119   0.000% 100.261% 
(      51,      76 ]      474   0.001% 100.262% 
(      76,     110 ]      963   0.002% 100.265% 
(     110,     170 ]       50   0.000% 100.265% 
(     170,     250 ]       25   0.000% 100.265% 
(     250,     380 ]       79   0.000% 100.265% 
(     380,     580 ]       13   0.000% 100.265% 
(     580,     870 ]       52   0.000% 100.266% 
(     870,    1300 ]      102   0.000% 100.266% 
(    1300,    1900 ]       79   0.000% 100.266% 
(    1900,    2900 ]       33   0.000% 100.266% 
(    2900,    4400 ]        9   0.000% 100.266% 
(    4400,    6600 ]        8   0.000% 100.266% 
(    6600,    9900 ]       12   0.000% 100.266% 
(    9900,   14000 ]        9   0.000% 100.266% 
(   14000,   22000 ]       26   0.000% 100.266% 
(   22000,   33000 ]       45   0.000% 100.266% 
(   33000,   50000 ]       29   0.000% 100.266% 
(   50000,   75000 ]      104   0.000% 100.267% 
(   75000,  110000 ]       72   0.000% 100.267% 
(  110000,  170000 ]       29   0.000% 100.267% 
(  170000,  250000 ]       15   0.000% 100.267% 
(  250000,  380000 ]        9   0.000% 100.267% 
(  380000,  570000 ]        1   0.000% 100.267% 
(  570000,  860000 ]        3   0.000% 100.267% 
(  860000, 1200000 ]        1   0.000% 100.267% 
( 1200000, 1900000 ]       11   0.000% 100.267% 
( 1900000, 2900000 ]        4   0.000% 100.267% 
( 2900000, 4300000 ]        2   0.000% 100.267% 

** Level 1 read latency histogram (micros):
Count: 53864774 Average: 1.6135  StdDev: 21.28
Min: 0  Median: 0.9229  Max: 70080
Percentiles: P50: 0.92 P75: 1.57 P99: 3.35 P99.9: 4.22 P99.99: 4.57
------------------------------------------------------
[       0,       1 ] 29181241  54.175%  54.175% ###########
(       1,       2 ] 19849031  36.850%  91.025% #######
(       2,       3 ]  4050858   7.520%  98.545% ##
(       3,       4 ]   698617   1.297%  99.842% 
(       4,       6 ]   280848   0.521% 100.364% 
(       6,      10 ]   110243   0.205% 100.568% 
(      10,      15 ]    31040   0.058% 100.626% 
(      15,      22 ]    20707   0.038% 100.664% 
(      22,      34 ]     2022   0.004% 100.668% 
(      34,      51 ]      411   0.001% 100.669% 
(      51,      76 ]     1125   0.002% 100.671% 
(      76,     110 ]     1780   0.003% 100.674% 
(     110,     170 ]      491   0.001% 100.675% 
(     170,     250 ]      123   0.000% 100.675% 
(     250,     380 ]       21   0.000% 100.675% 
(     380,     580 ]        6   0.000% 100.675% 
(     580,     870 ]       13   0.000% 100.675% 
(    1300,    1900 ]        3   0.000% 100.675% 
(    1900,    2900 ]        6   0.000% 100.675% 
(    2900,    4400 ]        9   0.000% 100.675% 
(    4400,    6600 ]        1   0.000% 100.675% 
(   50000,   75000 ]        5   0.000% 100.675% 

** Level 2 read latency histogram (micros):
Count: 28031322 Average: 143.5641  StdDev: 6562.38
Min: 0  Median: 1.3053  Max: 5451179
Percentiles: P50: 1.31 P75: 1.90 P99: 611.36 P99.9: 1362.30 P99.99: 1546.90
------------------------------------------------------
[       0,       1 ] 10410059  37.137%  37.137% #######
(       1,       2 ] 11808332  42.125%  79.263% ########
(       2,       3 ]  3617756  12.906%  92.169% ###
(       3,       4 ]   827801   2.953%  95.122% #
(       4,       6 ]   251191   0.896%  96.018% 
(       6,      10 ]    51208   0.183%  96.201% 
(      10,      15 ]    27131   0.097%  96.298% 
(      15,      22 ]    16288   0.058%  96.356% 
(      22,      34 ]     6219   0.022%  96.378% 
(      34,      51 ]    20003   0.071%  96.449% 
(      51,      76 ]    46677   0.167%  96.616% 
(      76,     110 ]    29840   0.106%  96.722% 
(     110,     170 ]   120227   0.429%  97.151% 
(     170,     250 ]   146216   0.522%  97.673% 
(     250,     380 ]   179426   0.640%  98.313% 
(     380,     580 ]   175950   0.628%  98.940% 
(     580,     870 ]   154280   0.550%  99.491% 
(     870,    1300 ]   106173   0.379%  99.870% 
(    1300,    1900 ]    81998   0.293% 100.162% 
(    1900,    2900 ]    63827   0.228% 100.390% 
(    2900,    4400 ]    34464   0.123% 100.513% 
(    4400,    6600 ]    17356   0.062% 100.575% 
(    6600,    9900 ]     6483   0.023% 100.598% 
(    9900,   14000 ]     3218   0.011% 100.609% 
(   14000,   22000 ]     4099   0.015% 100.624% 
(   22000,   33000 ]     3552   0.013% 100.637% 
(   33000,   50000 ]     3953   0.014% 100.651% 
(   50000,   75000 ]     4536   0.016% 100.667% 
(   75000,  110000 ]     4613   0.016% 100.683% 
(  110000,  170000 ]     4713   0.017% 100.700% 
(  170000,  250000 ]     2534   0.009% 100.709% 
(  250000,  380000 ]     1068   0.004% 100.713% 
(  380000,  570000 ]      238   0.001% 100.714% 
(  570000,  860000 ]       59   0.000% 100.714% 
(  860000, 1200000 ]       59   0.000% 100.714% 
( 1200000, 1900000 ]       66   0.000% 100.715% 
( 1900000, 2900000 ]       38   0.000% 100.715% 
( 2900000, 4300000 ]       21   0.000% 100.715% 
( 4300000, 6500000 ]        4   0.000% 100.715% 


** DB Stats **
Uptime(secs): 1994.8 total, 9.0 interval
Cumulative writes: 82M writes, 82M keys, 10M commit groups, 7.7 writes per commit group, ingest: 80.22 GB, 41.18 MB/s
Cumulative WAL: 82M writes, 0 syncs, 82379869.00 writes per sync, written: 80.22 GB, 41.18 MB/s
Cumulative stall: 00:28:11.744 H:M:S, 84.8 percent
Interval writes: 42K writes, 42K keys, 8051 commit groups, 5.3 writes per commit group, ingest: 42.32 MB, 4.69 MB/s
Interval WAL: 42K writes, 0 syncs, 42415.00 writes per sync, written: 0.04 GB, 4.69 MB/s
Interval stall: 00:00:3.875 H:M:S, 43.0 percent
Write Stall (count): write-buffer-manager-limit-stops: 0
num-running-compactions: 7
2026/08/31-02:46:23  ... thread 1: (14000,5146000) ops and (442.8,2579.7) ops/second in (31.615033,1994.771732) seconds
num-running-flushes: 0

2026/08/31-02:46:23  ... thread 12: (14000,5148000) ops and (442.6,2580.7) ops/second in (31.629717,1994.777617) seconds
2026/08/31-02:46:23  ... thread 7: (14000,5148000) ops and (442.7,2580.7) ops/second in (31.622327,1994.780702) seconds
2026/08/31-02:46:23  ... thread 3: (14000,5149000) ops and (442.7,2581.2) ops/second in (31.626186,1994.782473) seconds
2026/08/31-02:46:23  ... thread 6: (14000,5150000) ops and (442.7,2581.7) ops/second in (31.624426,1994.783696) seconds
2026/08/31-02:46:23  ... thread 11: (14000,5149000) ops and (442.7,2581.2) ops/second in (31.621466,1994.784402) seconds
2026/08/31-02:46:23  ... thread 14: (15000,5149000) ops and (474.2,2581.2) ops/second in (31.634694,1994.784353) seconds
2026/08/31-02:46:23  ... thread 4: (15000,5152000) ops and (474.0,2582.7) ops/second in (31.647466,1994.784980) seconds
2026/08/31-02:46:23  ... thread 5: (14000,5148000) ops and (442.7,2580.7) ops/second in (31.626425,1994.785231) seconds
2026/08/31-02:46:57  ... thread 10: (67000,5217000) ops and (1948.1,2572.1) ops/second in (34.392093,2028.308390) seconds
2026/08/31-02:46:57  ... thread 13: (67000,5217000) ops and (1970.9,2572.1) ops/second in (33.994744,2028.311540) seconds
2026/08/31-02:46:57  ... thread 8: (67000,5213000) ops and (1947.9,2570.1) ops/second in (34.396876,2028.314040) seconds
2026/08/31-02:46:57  ... thread 12: (67000,5215000) ops and (1997.5,2571.1) ops/second in (33.542571,2028.320188) seconds
2026/08/31-02:46:57  ... thread 2: (67000,5219000) ops and (1995.6,2573.1) ops/second in (33.574259,2028.323974) seconds
2026/08/31-02:46:57  ... thread 0: (67000,5214000) ops and (1996.7,2570.6) ops/second in (33.555166,2028.324916) seconds

** Compaction Stats [default] **
Level    Files   Size     Score Read(GB)  Rn(GB) Rnp1(GB) Write(GB) WPreComp(GB) Wnew(GB) Moved(GB) W-Amp Rd(MB/s) Wr(MB/s) Comp(sec) CompMergeCPU(sec) Comp(cnt) Avg(sec) KeyIn KeyDrop Rblob(GB) Wblob(GB)
-------------------------------------------------------------------------------------------------------------------------------------------------------------------------------------------------------------
  L0     14/8      1.52 GB   1.5     74.2     0.0     74.2     156.1     156.1     81.9       0.0   1.9     18.0     38.0   4210.93            336.25      1630    2.583    158M    79K       0.0       0.0
  L1    147/17     8.89 GB   2.0    232.9    80.4    152.5     228.0     228.0     75.5       0.0   2.8    270.6    264.9    881.32            715.75        40   22.033    236M  4941K       0.0       0.0
  L2    757/41    41.44 GB   1.0    180.3    56.3    124.0     166.2     166.2     42.1      10.4   3.0     14.4     13.2  12842.70            775.76       905   14.191    183M    14M       0.0       0.0
  L3    200/0     11.08 GB   0.0      0.0     0.0      0.0       0.0       0.0      0.0      11.1   0.0      0.0      0.0      0.00              0.00         0    0.000       0      0       0.0       0.0
 Sum   1118/66    62.93 GB   0.0    487.4   136.7    350.7     550.2     550.2    199.6      21.5   6.7     27.8     31.4  17934.95           1827.76      2575    6.965    579M    19M       0.0       0.0
 Int      0/0      0.00 KB   0.0     16.1     5.6     10.4      16.4      16.4      6.0       0.7  15.0     33.7     34.3    488.32             59.61        43   11.356     17M   801K       0.0       0.0

** Compaction Stats [default] **
Priority    Files   Size     Score Read(GB)  Rn(GB) Rnp1(GB) Write(GB) WPreComp(GB) Wnew(GB) Moved(GB) W-Amp Rd(MB/s) Wr(MB/s) Comp(sec) CompMergeCPU(sec) Comp(cnt) Avg(sec) KeyIn KeyDrop Rblob(GB) Wblob(GB)
----------------------------------------------------------------------------------------------------------------------------------------------------------------------------------------------------------------
 Low      0/0      0.00 KB   0.0    487.4   136.7    350.7     468.2     468.2    117.6       0.0   0.0     32.9     31.6  15175.58           1683.63      1227   12.368    495M    19M       0.0       0.0
High      0/0      0.00 KB   0.0      0.0     0.0      0.0      82.0      82.0     82.0       0.0   0.0      0.0     30.4   2759.38            144.13      1348    2.047     83M      0       0.0       0.0

Blob file count: 0, total size: 0.0 GB, garbage size: 0.0 GB, space amp: 0.0

Uptime(secs): 2028.3 total, 42.6 interval
Flush(GB): cumulative 82.003, interval 1.094
AddFile(GB): cumulative 0.000, interval 0.000
AddFile(Total Files): cumulative 0, interval 0
AddFile(L0 Files): cumulative 0, interval 0
AddFile(Keys): cumulative 0, interval 0
Cumulative compaction: 550.25 GB write, 277.79 MB/s write, 487.37 GB read, 246.05 MB/s read, 17935.0 seconds
Interval compaction: 16.38 GB write, 394.02 MB/s write, 16.07 GB read, 386.69 MB/s read, 488.3 seconds
Estimated pending compaction bytes: 55826521147
Write Stall (count): cf-l0-file-count-limit-delays-with-ongoing-compaction: 104, cf-l0-file-count-limit-stops-with-ongoing-compaction: 0, l0-file-count-limit-delays: 104, l0-file-count-limit-stops: 0, memtable-limit-delays: 0, memtable-limit-stops: 1107, pending-compaction-bytes-delays: 0, pending-compaction-bytes-stops: 0, total-delays: 104, total-stops: 1107
interval: 15 total count
Block cache AutoHyperClockCache@0x5711ef9dd2d0#2018912 capacity: 512.00 MB seed: 591891029 usage: 17.42 MB table_size: 7354 occupancy: 4141 collections: 12 last_copies: 0 last_secs: 0.00059 secs_since: 42
Block cache entry stats(count,size,portion): Misc(4141,16.97 MB,3.31404%)

** File Read Latency Histogram By Level [default] **
** Level 0 read latency histogram (micros):
Count: 39197846 Average: 3.1527  StdDev: 1429.14
Min: 0  Median: 0.9365  Max: 4154556
Percentiles: P50: 0.94 P75: 1.55 P99: 3.07 P99.9: 4.83 P99.99: 5.46
------------------------------------------------------
[       0,       1 ] 20928781  53.393%  53.393% ###########
(       1,       2 ] 15410524  39.315%  92.707% ########
(       2,       3 ]  2443525   6.234%  98.941% #
(       3,       4 ]   329763   0.841%  99.783% 
(       4,       6 ]   111043   0.283% 100.066% 
(       6,      10 ]    46737   0.119% 100.185% 
(      10,      15 ]    17930   0.046% 100.231% 
(      15,      22 ]    10365   0.026% 100.257% 
(      22,      34 ]      752   0.002% 100.259% 
(      34,      51 ]      120   0.000% 100.259% 
(      51,      76 ]      477   0.001% 100.261% 
(      76,     110 ]      977   0.002% 100.263% 
(     110,     170 ]       52   0.000% 100.263% 
(     170,     250 ]       26   0.000% 100.263% 
(     250,     380 ]       79   0.000% 100.264% 
(     380,     580 ]       13   0.000% 100.264% 
(     580,     870 ]       52   0.000% 100.264% 
(     870,    1300 ]      102   0.000% 100.264% 
(    1300,    1900 ]       79   0.000% 100.264% 
(    1900,    2900 ]       36   0.000% 100.264% 
(    2900,    4400 ]        9   0.000% 100.264% 
(    4400,    6600 ]        8   0.000% 100.264% 
(    6600,    9900 ]       12   0.000% 100.264% 
(    9900,   14000 ]        9   0.000% 100.264% 
(   14000,   22000 ]       26   0.000% 100.264% 
(   22000,   33000 ]       45   0.000% 100.265% 
(   33000,   50000 ]       30   0.000% 100.265% 
(   50000,   75000 ]      106   0.000% 100.265% 
(   75000,  110000 ]       72   0.000% 100.265% 
(  110000,  170000 ]       29   0.000% 100.265% 
(  170000,  250000 ]       15   0.000% 100.265% 
(  250000,  380000 ]        9   0.000% 100.265% 
(  380000,  570000 ]        1   0.000% 100.265% 
(  570000,  860000 ]        3   0.000% 100.265% 
(  860000, 1200000 ]        1   0.000% 100.265% 
( 1200000, 1900000 ]       11   0.000% 100.265% 
( 1900000, 2900000 ]        4   0.000% 100.265% 
( 2900000, 4300000 ]        2   0.000% 100.265% 

** Level 1 read latency histogram (micros):
Count: 54503791 Average: 1.9301  StdDev: 363.05
Min: 0  Median: 0.9292  Max: 1764838
Percentiles: P50: 0.93 P75: 1.57 P99: 3.40 P99.9: 4.36 P99.99: 4.69
------------------------------------------------------
[       0,       1 ] 29328673  53.810%  53.810% ###########
(       1,       2 ] 20127378  36.928%  90.739% #######
(       2,       3 ]  4206416   7.718%  98.456% ##
(       3,       4 ]   733199   1.345%  99.802% 
(       4,       6 ]   295867   0.543% 100.344% 
(       6,      10 ]   114869   0.211% 100.555% 
(      10,      15 ]    32032   0.059% 100.614% 
(      15,      22 ]    21530   0.040% 100.653% 
(      22,      34 ]     2122   0.004% 100.657% 
(      34,      51 ]      503   0.001% 100.658% 
(      51,      76 ]     1274   0.002% 100.661% 
(      76,     110 ]     1907   0.003% 100.664% 
(     110,     170 ]      987   0.002% 100.666% 
(     170,     250 ]      698   0.001% 100.667% 
(     250,     380 ]      669   0.001% 100.668% 
(     380,     580 ]      597   0.001% 100.670% 
(     580,     870 ]      527   0.001% 100.671% 
(     870,    1300 ]      393   0.001% 100.671% 
(    1300,    1900 ]      315   0.001% 100.672% 
(    1900,    2900 ]      214   0.000% 100.672% 
(    2900,    4400 ]      127   0.000% 100.672% 
(    4400,    6600 ]       63   0.000% 100.673% 
(    6600,    9900 ]       22   0.000% 100.673% 
(    9900,   14000 ]        6   0.000% 100.673% 
(   14000,   22000 ]        8   0.000% 100.673% 
(   22000,   33000 ]       20   0.000% 100.673% 
(   33000,   50000 ]       10   0.000% 100.673% 
(   50000,   75000 ]       18   0.000% 100.673% 
(   75000,  110000 ]       21   0.000% 100.673% 
(  110000,  170000 ]       11   0.000% 100.673% 
(  170000,  250000 ]       13   0.000% 100.673% 
(  250000,  380000 ]        1   0.000% 100.673% 
(  380000,  570000 ]        1   0.000% 100.673% 
(  570000,  860000 ]        2   0.000% 100.673% 
( 1200000, 1900000 ]        2   0.000% 100.673% 

** Level 2 read latency histogram (micros):
Count: 28945785 Average: 147.6732  StdDev: 6583.93
Min: 0  Median: 1.3162  Max: 5451179
Percentiles: P50: 1.32 P75: 1.91 P99: 639.08 P99.9: 1421.92 P99.99: 1600.85
------------------------------------------------------
[       0,       1 ] 10607597  36.646%  36.646% #######
(       1,       2 ] 12222344  42.225%  78.871% ########
(       2,       3 ]  3795124  13.111%  91.983% ###
(       3,       4 ]   869440   3.004%  94.986% #
(       4,       6 ]   264112   0.912%  95.899% 
(       6,      10 ]    53264   0.184%  96.083% 
(      10,      15 ]    28471   0.098%  96.181% 
(      15,      22 ]    17092   0.059%  96.240% 
(      22,      34 ]     6425   0.022%  96.262% 
(      34,      51 ]    20722   0.072%  96.334% 
(      51,      76 ]    48926   0.169%  96.503% 
(      76,     110 ]    31318   0.108%  96.611% 
(     110,     170 ]   127128   0.439%  97.050% 
(     170,     250 ]   154836   0.535%  97.585% 
(     250,     380 ]   190310   0.657%  98.243% 
(     380,     580 ]   185935   0.642%  98.885% 
(     580,     870 ]   163374   0.564%  99.449% 
(     870,    1300 ]   112672   0.389%  99.839% 
(    1300,    1900 ]    87355   0.302% 100.140% 
(    1900,    2900 ]    68195   0.236% 100.376% 
(    2900,    4400 ]    37021   0.128% 100.504% 
(    4400,    6600 ]    18653   0.064% 100.568% 
(    6600,    9900 ]     6987   0.024% 100.593% 
(    9900,   14000 ]     3396   0.012% 100.604% 
(   14000,   22000 ]     4277   0.015% 100.619% 
(   22000,   33000 ]     3760   0.013% 100.632% 
(   33000,   50000 ]     4130   0.014% 100.646% 
(   50000,   75000 ]     4763   0.016% 100.663% 
(   75000,  110000 ]     4862   0.017% 100.680% 
(  110000,  170000 ]     5017   0.017% 100.697% 
(  170000,  250000 ]     2738   0.009% 100.706% 
(  250000,  380000 ]     1180   0.004% 100.710% 
(  380000,  570000 ]      250   0.001% 100.711% 
(  570000,  860000 ]       60   0.000% 100.711% 
(  860000, 1200000 ]       60   0.000% 100.712% 
( 1200000, 1900000 ]       69   0.000% 100.712% 
( 1900000, 2900000 ]       39   0.000% 100.712% 
( 2900000, 4300000 ]       21   0.000% 100.712% 
( 4300000, 6500000 ]        4   0.000% 100.712% 


** DB Stats **
Uptime(secs): 2028.3 total, 33.6 interval
Cumulative writes: 83M writes, 83M keys, 10M commit groups, 7.7 writes per commit group, ingest: 81.26 GB, 41.02 MB/s
Cumulative WAL: 83M writes, 0 syncs, 83452378.00 writes per sync, written: 81.26 GB, 41.02 MB/s
Cumulative stall: 00:28:42.846 H:M:S, 84.9 percent
Interval writes: 1072K writes, 1072K keys, 139K commit groups, 7.7 writes per commit group, ingest: 1069.41 MB, 31.87 MB/s
Interval WAL: 1072K writes, 0 syncs, 1072509.00 writes per sync, written: 1.04 GB, 31.87 MB/s
Interval stall: 00:00:31.103 H:M:S, 92.7 percent
Write Stall (count): write-buffer-manager-limit-stops: 0
num-running-compactions: 18
num-running-flushes: 0

2026/08/31-02:46:57  ... thread 4: (67000,5219000) ops and (1997.5,2573.1) ops/second in (33.541984,2028.326964) seconds
2026/08/31-02:46:57  ... thread 7: (67000,5215000) ops and (1997.1,2571.1) ops/second in (33.547967,2028.328669) seconds
2026/08/31-02:46:57  ... thread 5: (67000,5215000) ops and (1997.4,2571.1) ops/second in (33.544394,2028.329625) seconds
2026/08/31-02:46:57  ... thread 3: (67000,5216000) ops and (1997.0,2571.6) ops/second in (33.550450,2028.332923) seconds
2026/08/31-02:46:57  ... thread 1: (67000,5213000) ops and (1996.3,2570.1) ops/second in (33.562008,2028.333740) seconds
2026/08/31-02:46:57  ... thread 11: (67000,5216000) ops and (1997.0,2571.6) ops/second in (33.550840,2028.335242) seconds
2026/08/31-02:46:57  ... thread 9: (68000,5216000) ops and (1988.1,2571.6) ops/second in (34.203665,2028.337737) seconds
2026/08/31-02:46:57  ... thread 6: (67000,5217000) ops and (1996.8,2572.1) ops/second in (33.554420,2028.338116) seconds
2026/08/31-02:46:57  ... thread 14: (67000,5216000) ops and (1996.8,2571.6) ops/second in (33.553964,2028.338317) seconds
2026/08/31-02:46:57  ... thread 15: (68000,5216000) ops and (1998.6,2571.6) ops/second in (34.024168,2028.342449) seconds
2026/08/31-02:47:33  ... thread 9: (111000,5327000) ops and (3071.4,2580.3) ops/second in (36.139663,2064.477400) seconds
2026/08/31-02:47:33  ... thread 12: (112000,5327000) ops and (3097.5,2580.3) ops/second in (36.157685,2064.477873) seconds
2026/08/31-02:47:33  ... thread 2: (112000,5331000) ops and (3097.8,2582.2) ops/second in (36.154926,2064.478900) seconds
2026/08/31-02:47:33  ... thread 15: (111000,5327000) ops and (3071.6,2580.3) ops/second in (36.137870,2064.480319) seconds
2026/08/31-02:47:33  ... thread 1: (111000,5324000) ops and (3070.7,2578.9) ops/second in (36.148559,2064.482299) seconds
2026/08/31-02:47:33  ... thread 8: (112000,5325000) ops and (3095.0,2579.3) ops/second in (36.187350,2064.501390) seconds
2026/08/31-02:47:33  ... thread 0: (112000,5326000) ops and (3095.6,2579.8) ops/second in (36.180919,2064.505835) seconds

** Compaction Stats [default] **
Level    Files   Size     Score Read(GB)  Rn(GB) Rnp1(GB) Write(GB) WPreComp(GB) Wnew(GB) Moved(GB) W-Amp Rd(MB/s) Wr(MB/s) Comp(sec) CompMergeCPU(sec) Comp(cnt) Avg(sec) KeyIn KeyDrop Rblob(GB) Wblob(GB)
-------------------------------------------------------------------------------------------------------------------------------------------------------------------------------------------------------------
  L0     15/4      3.28 GB   2.8     76.3     0.0     76.3     160.0     160.0     83.7       0.0   1.9     18.1     38.0   4313.97            345.45      1666    2.589    162M    82K       0.0       0.0
  L1    111/6      6.91 GB   1.6    232.9    80.4    152.5     228.0     228.0     75.5       0.0   2.8    270.6    264.9    881.32            715.75        40   22.033    236M  4941K       0.0       0.0
  L2    755/22    41.02 GB   1.0    186.9    58.2    128.8     172.0     172.0     43.2      10.4   3.0     14.3     13.1  13410.40            814.68       938   14.297    190M    15M       0.0       0.0
  L3    228/0     12.63 GB   0.0      0.0     0.0      0.0       0.0       0.0      0.0      12.6   0.0      0.0      0.0      0.00              0.00         0    0.000       0      0       0.0       0.0
 Sum   1109/32    63.84 GB   0.0    496.1   138.6    357.6     560.0     560.0    202.4      23.1   6.7     27.3     30.8  18605.69           1875.88      2644    7.037    590M    20M       0.0       0.0
 Int      0/0      0.00 KB   0.0      3.4     0.7      2.6       3.8       3.8      1.2       1.6   5.3     11.7     13.3    295.02             18.99        26   11.347   4179K   285K       0.0       0.0

** Compaction Stats [default] **
Priority    Files   Size     Score Read(GB)  Rn(GB) Rnp1(GB) Write(GB) WPreComp(GB) Wnew(GB) Moved(GB) W-Amp Rd(MB/s) Wr(MB/s) Comp(sec) CompMergeCPU(sec) Comp(cnt) Avg(sec) KeyIn KeyDrop Rblob(GB) Wblob(GB)
----------------------------------------------------------------------------------------------------------------------------------------------------------------------------------------------------------------
 Low      0/0      0.00 KB   0.0    496.1   138.6    357.6     476.2     476.2    118.6       0.0   0.0     32.2     30.9  15783.31           1728.58      1267   12.457    504M    20M       0.0       0.0
High      0/0      0.00 KB   0.0      0.0     0.0      0.0      83.8      83.8     83.8       0.0   0.0      0.0     30.4   2822.38            147.29      1377    2.050     85M      0       0.0       0.0

Blob file count: 0, total size: 0.0 GB, garbage size: 0.0 GB, space amp: 0.0

Uptime(secs): 2064.5 total, 18.7 interval
Flush(GB): cumulative 83.763, interval 0.729
AddFile(GB): cumulative 0.000, interval 0.000
AddFile(Total Files): cumulative 0, interval 0
AddFile(L0 Files): cumulative 0, interval 0
AddFile(Keys): cumulative 0, interval 0
Cumulative compaction: 559.98 GB write, 277.75 MB/s write, 496.14 GB read, 246.08 MB/s read, 18605.7 seconds
Interval compaction: 3.83 GB write, 209.12 MB/s write, 3.38 GB read, 184.64 MB/s read, 295.0 seconds
Estimated pending compaction bytes: 54159780999
Write Stall (count): cf-l0-file-count-limit-delays-with-ongoing-compaction: 104, cf-l0-file-count-limit-stops-with-ongoing-compaction: 0, l0-file-count-limit-delays: 104, l0-file-count-limit-stops: 0, memtable-limit-delays: 0, memtable-limit-stops: 1137, pending-compaction-bytes-delays: 0, pending-compaction-bytes-stops: 0, total-delays: 104, total-stops: 1137
interval: 8 total count
Block cache AutoHyperClockCache@0x5711ef9dd2d0#2018912 capacity: 512.00 MB seed: 591891029 usage: 17.42 MB table_size: 7354 occupancy: 4141 collections: 12 last_copies: 1 last_secs: 0.00059 secs_since: 78
Block cache entry stats(count,size,portion): Misc(4141,16.97 MB,3.31404%)

** File Read Latency Histogram By Level [default] **
** Level 0 read latency histogram (micros):
Count: 39676815 Average: 3.1679  StdDev: 1428.18
Min: 0  Median: 0.9347  Max: 4154556
Percentiles: P50: 0.93 P75: 1.55 P99: 3.07 P99.9: 4.85 P99.99: 5.49
------------------------------------------------------
[       0,       1 ] 21225255  53.495%  53.495% ###########
(       1,       2 ] 15566890  39.234%  92.730% ########
(       2,       3 ]  2464594   6.212%  98.941% #
(       3,       4 ]   332782   0.839%  99.780% 
(       4,       6 ]   112212   0.283% 100.063% 
(       6,      10 ]    47238   0.119% 100.182% 
(      10,      15 ]    18132   0.046% 100.228% 
(      15,      22 ]    10474   0.026% 100.254% 
(      22,      34 ]      763   0.002% 100.256% 
(      34,      51 ]      123   0.000% 100.256% 
(      51,      76 ]      490   0.001% 100.257% 
(      76,     110 ]      994   0.003% 100.260% 
(     110,     170 ]       53   0.000% 100.260% 
(     170,     250 ]       26   0.000% 100.260% 
(     250,     380 ]       83   0.000% 100.260% 
(     380,     580 ]       13   0.000% 100.260% 
(     580,     870 ]       52   0.000% 100.261% 
(     870,    1300 ]      103   0.000% 100.261% 
(    1300,    1900 ]       80   0.000% 100.261% 
(    1900,    2900 ]       38   0.000% 100.261% 
(    2900,    4400 ]        9   0.000% 100.261% 
(    4400,    6600 ]        8   0.000% 100.261% 
(    6600,    9900 ]       13   0.000% 100.261% 
(    9900,   14000 ]        9   0.000% 100.261% 
(   14000,   22000 ]       26   0.000% 100.261% 
(   22000,   33000 ]       45   0.000% 100.261% 
(   33000,   50000 ]       30   0.000% 100.261% 
(   50000,   75000 ]      106   0.000% 100.262% 
(   75000,  110000 ]       76   0.000% 100.262% 
(  110000,  170000 ]       30   0.000% 100.262% 
(  170000,  250000 ]       15   0.000% 100.262% 
(  250000,  380000 ]        9   0.000% 100.262% 
(  380000,  570000 ]        1   0.000% 100.262% 
(  570000,  860000 ]        3   0.000% 100.262% 
(  860000, 1200000 ]        2   0.000% 100.262% 
( 1200000, 1900000 ]       11   0.000% 100.262% 
( 1900000, 2900000 ]        4   0.000% 100.262% 
( 2900000, 4300000 ]        2   0.000% 100.262% 

** Level 1 read latency histogram (micros):
Count: 54939246 Average: 2.0433  StdDev: 372.99
Min: 0  Median: 0.9350  Max: 1764838
Percentiles: P50: 0.93 P75: 1.58 P99: 3.46 P99.9: 4.49 P99.99: 4.81
------------------------------------------------------
[       0,       1 ] 29379370  53.476%  53.476% ###########
(       1,       2 ] 20299986  36.950%  90.426% #######
(       2,       3 ]  4356641   7.930%  98.356% ##
(       3,       4 ]   771093   1.404%  99.759% 
(       4,       6 ]   312507   0.569% 100.328% 
(       6,      10 ]   118684   0.216% 100.544% 
(      10,      15 ]    33076   0.060% 100.605% 
(      15,      22 ]    22327   0.041% 100.645% 
(      22,      34 ]     2208   0.004% 100.649% 
(      34,      51 ]      530   0.001% 100.650% 
(      51,      76 ]     1345   0.002% 100.653% 
(      76,     110 ]     1966   0.004% 100.656% 
(     110,     170 ]     1196   0.002% 100.658% 
(     170,     250 ]      953   0.002% 100.660% 
(     250,     380 ]     1080   0.002% 100.662% 
(     380,     580 ]     1019   0.002% 100.664% 
(     580,     870 ]      960   0.002% 100.666% 
(     870,    1300 ]      686   0.001% 100.667% 
(    1300,    1900 ]      529   0.001% 100.668% 
(    1900,    2900 ]      387   0.001% 100.669% 
(    2900,    4400 ]      238   0.000% 100.669% 
(    4400,    6600 ]      114   0.000% 100.669% 
(    6600,    9900 ]       40   0.000% 100.669% 
(    9900,   14000 ]       15   0.000% 100.669% 
(   14000,   22000 ]       14   0.000% 100.669% 
(   22000,   33000 ]       28   0.000% 100.669% 
(   33000,   50000 ]       15   0.000% 100.669% 
(   50000,   75000 ]       24   0.000% 100.669% 
(   75000,  110000 ]       28   0.000% 100.669% 
(  110000,  170000 ]       14   0.000% 100.670% 
(  170000,  250000 ]       18   0.000% 100.670% 
(  250000,  380000 ]        2   0.000% 100.670% 
(  380000,  570000 ]        1   0.000% 100.670% 
(  570000,  860000 ]        2   0.000% 100.670% 
( 1200000, 1900000 ]        2   0.000% 100.670% 

** Level 2 read latency histogram (micros):
Count: 29978685 Average: 150.4166  StdDev: 6549.40
Min: 0  Median: 1.3294  Max: 5451179
Percentiles: P50: 1.33 P75: 1.92 P99: 671.03 P99.9: 1484.72 P99.99: 1657.17
------------------------------------------------------
[       0,       1 ] 10815216  36.076%  36.076% #######
(       1,       2 ] 12673441  42.275%  78.351% ########
(       2,       3 ]  4012066  13.383%  91.734% ###
(       3,       4 ]   927289   3.093%  94.827% #
(       4,       6 ]   280155   0.935%  95.762% 
(       6,      10 ]    55710   0.186%  95.948% 
(      10,      15 ]    30203   0.101%  96.049% 
(      15,      22 ]    18038   0.060%  96.109% 
(      22,      34 ]     6632   0.022%  96.131% 
(      34,      51 ]    21458   0.072%  96.202% 
(      51,      76 ]    51614   0.172%  96.375% 
(      76,     110 ]    33002   0.110%  96.485% 
(     110,     170 ]   134079   0.447%  96.932% 
(     170,     250 ]   163629   0.546%  97.478% 
(     250,     380 ]   202453   0.675%  98.153% 
(     380,     580 ]   198886   0.663%  98.816% 
(     580,     870 ]   175305   0.585%  99.401% 
(     870,    1300 ]   120631   0.402%  99.804% 
(    1300,    1900 ]    93872   0.313% 100.117% 
(    1900,    2900 ]    73294   0.244% 100.361% 
(    2900,    4400 ]    39815   0.133% 100.494% 
(    4400,    6600 ]    20092   0.067% 100.561% 
(    6600,    9900 ]     7414   0.025% 100.586% 
(    9900,   14000 ]     3609   0.012% 100.598% 
(   14000,   22000 ]     4480   0.015% 100.613% 
(   22000,   33000 ]     3969   0.013% 100.626% 
(   33000,   50000 ]     4334   0.014% 100.640% 
(   50000,   75000 ]     5030   0.017% 100.657% 
(   75000,  110000 ]     5081   0.017% 100.674% 
(  110000,  170000 ]     5268   0.018% 100.692% 
(  170000,  250000 ]     2920   0.010% 100.701% 
(  250000,  380000 ]     1244   0.004% 100.706% 
(  380000,  570000 ]      268   0.001% 100.707% 
(  570000,  860000 ]       64   0.000% 100.707% 
(  860000, 1200000 ]       61   0.000% 100.707% 
( 1200000, 1900000 ]       70   0.000% 100.707% 
( 1900000, 2900000 ]       39   0.000% 100.707% 
( 2900000, 4300000 ]       21   0.000% 100.707% 
( 4300000, 6500000 ]        4   0.000% 100.707% 


** DB Stats **
Uptime(secs): 2064.5 total, 18.7 interval
Cumulative writes: 85M writes, 85M keys, 11M commit groups, 7.7 writes per commit group, ingest: 83.01 GB, 41.17 MB/s
Cumulative WAL: 85M writes, 0 syncs, 85242954.00 writes per sync, written: 83.01 GB, 41.17 MB/s
Cumulative stall: 00:29:14.719 H:M:S, 85.0 percent
Interval writes: 623K writes, 623K keys, 80K commit groups, 7.8 writes per commit group, ingest: 622.17 MB, 33.20 MB/s
Interval WAL: 623K writes, 0 syncs, 623962.00 writes per sync, written: 0.61 GB, 33.20 MB/s
Interval stall: 00:00:19.187 H:M:S, 102.4 percent
Write Stall (count): write-buffer-manager-limit-stops: 0
num-running-compactions: 7
num-running-flushes: 0

2026/08/31-02:47:33  ... thread 4: (112000,5331000) ops and (3094.9,2582.2) ops/second in (36.188146,2064.515110) seconds
2026/08/31-02:47:33  ... thread 11: (112000,5328000) ops and (3095.5,2580.7) ops/second in (36.181842,2064.517084) seconds
2026/08/31-02:47:33  ... thread 5: (112000,5327000) ops and (3095.0,2580.3) ops/second in (36.187699,2064.517324) seconds
2026/08/31-02:47:33  ... thread 6: (112000,5329000) ops and (3095.6,2581.2) ops/second in (36.180415,2064.518531) seconds
2026/08/31-02:47:33  ... thread 7: (112000,5327000) ops and (3094.6,2580.3) ops/second in (36.191515,2064.520184) seconds
2026/08/31-02:47:33  ... thread 13: (113000,5330000) ops and (3120.8,2581.7) ops/second in (36.209233,2064.520773) seconds
2026/08/31-02:47:33  ... thread 14: (112000,5328000) ops and (3095.2,2580.7) ops/second in (36.184811,2064.523128) seconds
2026/08/31-02:47:33  ... thread 3: (112000,5328000) ops and (3094.7,2580.7) ops/second in (36.191310,2064.524233) seconds
2026/08/31-02:47:33  ... thread 10: (113000,5330000) ops and (3120.1,2581.7) ops/second in (36.217238,2064.525628) seconds
2026/08/31-02:48:03  ... thread 0: (67000,5393000) ops and (2228.2,2574.7) ops/second in (30.068494,2094.574329) seconds

** Compaction Stats [default] **
Level    Files   Size     Score Read(GB)  Rn(GB) Rnp1(GB) Write(GB) WPreComp(GB) Wnew(GB) Moved(GB) W-Amp Rd(MB/s) Wr(MB/s) Comp(sec) CompMergeCPU(sec) Comp(cnt) Avg(sec) KeyIn KeyDrop Rblob(GB) Wblob(GB)
-------------------------------------------------------------------------------------------------------------------------------------------------------------------------------------------------------------
  L0     20/16     4.31 GB   1.0     77.3     0.0     77.3     162.0     162.0     84.7       0.0   1.9     18.1     38.0   4362.01            349.90      1687    2.586    164M    83K       0.0       0.0
  L1    105/105    6.54 GB   0.0    232.9    80.4    152.5     228.0     228.0     75.5       0.0   2.8    270.6    264.9    881.32            715.75        40   22.033    236M  4941K       0.0       0.0
  L2    731/0     39.91 GB   1.0    188.4    58.5    129.9     173.3     173.3     43.4      10.4   3.0     14.3     13.1  13528.19            822.56       943   14.346    191M    15M       0.0       0.0
  L3    252/0     13.94 GB   0.0      0.0     0.0      0.0       0.0       0.0      0.0      13.9   0.0      0.0      0.0      0.00              0.00         0    0.000       0      0       0.0       0.0
 Sum   1108/121   64.71 GB   0.0    498.5   138.9    359.6     563.3     563.3    203.6      24.4   6.6     27.2     30.7  18771.52           1888.22      2670    7.031    593M    20M       0.0       0.0
 Int      0/0      0.00 KB   0.0      5.8     1.1      4.7       7.1       7.1      2.4       2.9   4.0     12.9     15.8    460.85             31.33        52    8.862   7680K   456K       0.0       0.0

** Compaction Stats [default] **
Priority    Files   Size     Score Read(GB)  Rn(GB) Rnp1(GB) Write(GB) WPreComp(GB) Wnew(GB) Moved(GB) W-Amp Rd(MB/s) Wr(MB/s) Comp(sec) CompMergeCPU(sec) Comp(cnt) Avg(sec) KeyIn KeyDrop Rblob(GB) Wblob(GB)
----------------------------------------------------------------------------------------------------------------------------------------------------------------------------------------------------------------
 Low      0/0      0.00 KB   0.0    498.5   138.9    359.6     478.5     478.5    118.8       0.0   0.0     32.1     30.8  15922.97           1739.03      1276   12.479    507M    20M       0.0       0.0
High      0/0      0.00 KB   0.0      0.0     0.0      0.0      84.8      84.8     84.8       0.0   0.0      0.0     30.5   2848.56            149.19      1394    2.043     86M      0       0.0       0.0

Blob file count: 0, total size: 0.0 GB, garbage size: 0.0 GB, space amp: 0.0

Uptime(secs): 2094.6 total, 48.8 interval
Flush(GB): cumulative 84.796, interval 1.762
AddFile(GB): cumulative 0.000, interval 0.000
AddFile(Total Files): cumulative 0, interval 0
AddFile(L0 Files): cumulative 0, interval 0
AddFile(Keys): cumulative 0, interval 0
Cumulative compaction: 563.25 GB write, 275.36 MB/s write, 498.54 GB read, 243.73 MB/s read, 18771.5 seconds
Interval compaction: 7.10 GB write, 148.94 MB/s write, 5.79 GB read, 121.39 MB/s read, 460.8 seconds
Estimated pending compaction bytes: 55495768516
Write Stall (count): cf-l0-file-count-limit-delays-with-ongoing-compaction: 107, cf-l0-file-count-limit-stops-with-ongoing-compaction: 0, l0-file-count-limit-delays: 107, l0-file-count-limit-stops: 0, memtable-limit-delays: 0, memtable-limit-stops: 1148, pending-compaction-bytes-delays: 0, pending-compaction-bytes-stops: 0, total-delays: 107, total-stops: 1148
interval: 22 total count
Block cache AutoHyperClockCache@0x5711ef9dd2d0#2018912 capacity: 512.00 MB seed: 591891029 usage: 17.42 MB table_size: 7354 occupancy: 4141 collections: 12 last_copies: 1 last_secs: 0.00059 secs_since: 108
Block cache entry stats(count,size,portion): Misc(4141,16.97 MB,3.31404%)

** File Read Latency Histogram By Level [default] **
** Level 0 read latency histogram (micros):
Count: 40529251 Average: 3.1430  StdDev: 1413.16
Min: 0  Median: 0.9394  Max: 4154556
Percentiles: P50: 0.94 P75: 1.55 P99: 3.08 P99.9: 4.83 P99.99: 5.47
------------------------------------------------------
[       0,       1 ] 21571746  53.225%  53.225% ###########
(       1,       2 ] 15970037  39.404%  92.629% ########
(       2,       3 ]  2554416   6.303%  98.932% #
(       3,       4 ]   344334   0.850%  99.781% 
(       4,       6 ]   115496   0.285% 100.066% 
(       6,      10 ]    48536   0.120% 100.186% 
(      10,      15 ]    18652   0.046% 100.232% 
(      15,      22 ]    10791   0.027% 100.258% 
(      22,      34 ]      782   0.002% 100.260% 
(      34,      51 ]      124   0.000% 100.261% 
(      51,      76 ]      495   0.001% 100.262% 
(      76,     110 ]     1006   0.002% 100.264% 
(     110,     170 ]       53   0.000% 100.265% 
(     170,     250 ]       27   0.000% 100.265% 
(     250,     380 ]       86   0.000% 100.265% 
(     380,     580 ]       13   0.000% 100.265% 
(     580,     870 ]       52   0.000% 100.265% 
(     870,    1300 ]      104   0.000% 100.265% 
(    1300,    1900 ]       80   0.000% 100.265% 
(    1900,    2900 ]       38   0.000% 100.266% 
(    2900,    4400 ]        9   0.000% 100.266% 
(    4400,    6600 ]        8   0.000% 100.266% 
(    6600,    9900 ]       13   0.000% 100.266% 
(    9900,   14000 ]        9   0.000% 100.266% 
(   14000,   22000 ]       26   0.000% 100.266% 
(   22000,   33000 ]       45   0.000% 100.266% 
(   33000,   50000 ]       32   0.000% 100.266% 
(   50000,   75000 ]      108   0.000% 100.266% 
(   75000,  110000 ]       76   0.000% 100.266% 
(  110000,  170000 ]       30   0.000% 100.266% 
(  170000,  250000 ]       15   0.000% 100.266% 
(  250000,  380000 ]        9   0.000% 100.266% 
(  380000,  570000 ]        1   0.000% 100.266% 
(  570000,  860000 ]        3   0.000% 100.266% 
(  860000, 1200000 ]        2   0.000% 100.266% 
( 1200000, 1900000 ]       11   0.000% 100.267% 
( 1900000, 2900000 ]        4   0.000% 100.267% 
( 2900000, 4300000 ]        2   0.000% 100.267% 

** Level 1 read latency histogram (micros):
Count: 56127150 Average: 2.0326  StdDev: 369.02
Min: 0  Median: 0.9343  Max: 1764838
Percentiles: P50: 0.93 P75: 1.58 P99: 3.44 P99.9: 4.46 P99.99: 4.78
------------------------------------------------------
[       0,       1 ] 30036025  53.514%  53.514% ###########
(       1,       2 ] 20764076  36.995%  90.509% #######
(       2,       3 ]  4421218   7.877%  98.386% ##
(       3,       4 ]   777933   1.386%  99.772% 
(       4,       6 ]   314526   0.560% 100.333% 
(       6,      10 ]   120264   0.214% 100.547% 
(      10,      15 ]    33676   0.060% 100.607% 
(      15,      22 ]    22694   0.040% 100.647% 
(      22,      34 ]     2229   0.004% 100.651% 
(      34,      51 ]      532   0.001% 100.652% 
(      51,      76 ]     1349   0.002% 100.655% 
(      76,     110 ]     1968   0.004% 100.658% 
(     110,     170 ]     1197   0.002% 100.660% 
(     170,     250 ]      953   0.002% 100.662% 
(     250,     380 ]     1080   0.002% 100.664% 
(     380,     580 ]     1019   0.002% 100.666% 
(     580,     870 ]      960   0.002% 100.667% 
(     870,    1300 ]      686   0.001% 100.669% 
(    1300,    1900 ]      529   0.001% 100.669% 
(    1900,    2900 ]      387   0.001% 100.670% 
(    2900,    4400 ]      238   0.000% 100.671% 
(    4400,    6600 ]      114   0.000% 100.671% 
(    6600,    9900 ]       40   0.000% 100.671% 
(    9900,   14000 ]       15   0.000% 100.671% 
(   14000,   22000 ]       14   0.000% 100.671% 
(   22000,   33000 ]       28   0.000% 100.671% 
(   33000,   50000 ]       15   0.000% 100.671% 
(   50000,   75000 ]       24   0.000% 100.671% 
(   75000,  110000 ]       28   0.000% 100.671% 
(  110000,  170000 ]       14   0.000% 100.671% 
(  170000,  250000 ]       18   0.000% 100.671% 
(  250000,  380000 ]        2   0.000% 100.671% 
(  380000,  570000 ]        1   0.000% 100.671% 
(  570000,  860000 ]        2   0.000% 100.671% 
( 1200000, 1900000 ]        2   0.000% 100.671% 

** Level 2 read latency histogram (micros):
Count: 30049702 Average: 150.1510  StdDev: 6541.68
Min: 0  Median: 1.3293  Max: 5451179
Percentiles: P50: 1.33 P75: 1.92 P99: 671.16 P99.9: 1486.89 P99.99: 1659.37
------------------------------------------------------
[       0,       1 ] 10841572  36.079%  36.079% #######
(       1,       2 ] 12703398  42.275%  78.353% ########
(       2,       3 ]  4019610  13.377%  91.730% ###
(       3,       4 ]   928274   3.089%  94.819% #
(       4,       6 ]   280328   0.933%  95.752% 
(       6,      10 ]    55803   0.186%  95.938% 
(      10,      15 ]    30246   0.101%  96.038% 
(      15,      22 ]    18074   0.060%  96.098% 
(      22,      34 ]     6759   0.022%  96.121% 
(      34,      51 ]    22043   0.073%  96.194% 
(      51,      76 ]    52406   0.174%  96.369% 
(      76,     110 ]    33266   0.111%  96.479% 
(     110,     170 ]   135025   0.449%  96.929% 
(     170,     250 ]   164889   0.549%  97.477% 
(     250,     380 ]   203082   0.676%  98.153% 
(     380,     580 ]   199257   0.663%  98.816% 
(     580,     870 ]   175527   0.584%  99.401% 
(     870,    1300 ]   120790   0.402%  99.802% 
(    1300,    1900 ]    94078   0.313% 100.116% 
(    1900,    2900 ]    73487   0.245% 100.360% 
(    2900,    4400 ]    39928   0.133% 100.493% 
(    4400,    6600 ]    20127   0.067% 100.560% 
(    6600,    9900 ]     7419   0.025% 100.585% 
(    9900,   14000 ]     3609   0.012% 100.597% 
(   14000,   22000 ]     4480   0.015% 100.612% 
(   22000,   33000 ]     3969   0.013% 100.625% 
(   33000,   50000 ]     4335   0.014% 100.639% 
(   50000,   75000 ]     5030   0.017% 100.656% 
(   75000,  110000 ]     5081   0.017% 100.673% 
(  110000,  170000 ]     5268   0.018% 100.690% 
(  170000,  250000 ]     2920   0.010% 100.700% 
(  250000,  380000 ]     1244   0.004% 100.704% 
(  380000,  570000 ]      268   0.001% 100.705% 
(  570000,  860000 ]       64   0.000% 100.705% 
(  860000, 1200000 ]       61   0.000% 100.706% 
( 1200000, 1900000 ]       70   0.000% 100.706% 
( 1900000, 2900000 ]       39   0.000% 100.706% 
( 2900000, 4300000 ]       21   0.000% 100.706% 
( 4300000, 6500000 ]        4   0.000% 100.706% 


** DB Stats **
Uptime(secs): 2094.6 total, 30.1 interval
Cumulative writes: 86M writes, 86M keys, 11M commit groups, 7.7 writes per commit group, ingest: 84.05 GB, 41.09 MB/s
Cumulative WAL: 86M writes, 0 syncs, 86319646.00 writes per sync, written: 84.05 GB, 41.09 MB/s
Cumulative stall: 00:29:36.451 H:M:S, 84.8 percent
Interval writes: 1076K writes, 1076K keys, 145K commit groups, 7.4 writes per commit group, ingest: 1073.65 MB, 35.71 MB/s
Interval WAL: 1076K writes, 0 syncs, 1076692.00 writes per sync, written: 1.05 GB, 35.71 MB/s
Interval stall: 00:00:21.731 H:M:S, 72.3 percent
Write Stall (count): write-buffer-manager-limit-stops: 0
num-running-compactions: 1
num-running-flushes: 0

2026/08/31-02:48:03  ... thread 5: (67000,5394000) ops and (2223.9,2575.1) ops/second in (30.127373,2094.644697) seconds
2026/08/31-02:48:03  ... thread 13: (67000,5397000) ops and (2224.1,2576.6) ops/second in (30.123925,2094.644698) seconds
2026/08/31-02:48:03  ... thread 14: (67000,5395000) ops and (2221.6,2575.6) ops/second in (30.158012,2094.681140) seconds
2026/08/31-02:48:03  ... thread 3: (67000,5395000) ops and (2200.5,2575.2) ops/second in (30.447223,2094.971456) seconds
2026/08/31-02:48:04  ... thread 12: (68000,5395000) ops and (2206.3,2574.8) ops/second in (30.821066,2095.298939) seconds
2026/08/31-02:48:04  ... thread 1: (68000,5392000) ops and (2200.5,2573.3) ops/second in (30.902425,2095.384724) seconds
2026/08/31-02:48:04  ... thread 2: (68000,5399000) ops and (2191.4,2576.5) ops/second in (31.030583,2095.509483) seconds
2026/08/31-02:48:04  ... thread 9: (68000,5395000) ops and (2180.8,2574.4) ops/second in (31.181145,2095.658545) seconds
2026/08/31-02:48:04  ... thread 11: (67000,5395000) ops and (2144.2,2574.2) ops/second in (31.246744,2095.763828) seconds
2026/08/31-02:48:04  ... thread 15: (68000,5395000) ops and (2163.8,2574.1) ops/second in (31.426264,2095.906583) seconds
2026/08/31-02:48:04  ... thread 10: (67000,5397000) ops and (2123.2,2574.8) ops/second in (31.556769,2096.082397) seconds
2026/08/31-02:48:06  ... thread 4: (69000,5400000) ops and (2104.0,2574.7) ops/second in (32.794204,2097.309314) seconds
2026/08/31-02:48:06  ... thread 8: (68000,5393000) ops and (2072.6,2571.4) ops/second in (32.808474,2097.309864) seconds
2026/08/31-02:48:06  ... thread 7: (68000,5395000) ops and (2073.6,2572.3) ops/second in (32.792529,2097.312713) seconds
2026/08/31-02:48:06  ... thread 6: (68000,5397000) ops and (2073.5,2573.3) ops/second in (32.794509,2097.313040) seconds
2026/08/31-02:48:33  ... thread 0: (55000,5448000) ops and (1833.0,2564.3) ops/second in (30.006176,2124.580505) seconds

** Compaction Stats [default] **
Level    Files   Size     Score Read(GB)  Rn(GB) Rnp1(GB) Write(GB) WPreComp(GB) Wnew(GB) Moved(GB) W-Amp Rd(MB/s) Wr(MB/s) Comp(sec) CompMergeCPU(sec) Comp(cnt) Avg(sec) KeyIn KeyDrop Rblob(GB) Wblob(GB)
-------------------------------------------------------------------------------------------------------------------------------------------------------------------------------------------------------------
  L0      8/5      1.21 GB   0.8     78.0     0.0     78.0     163.5     163.5     85.5       0.0   1.9     18.1     38.0   4404.60            353.11      1702    2.588    166M    84K       0.0       0.0
  L1    143/17     8.62 GB   1.9    243.3    84.3    159.0     238.1     238.1     79.1       0.0   2.8    269.7    263.9    923.74            749.16        41   22.530    247M  5260K       0.0       0.0
  L2    751/43    41.19 GB   1.0    190.8    59.3    131.5     175.4     175.4     44.0      11.2   3.0     14.3     13.2  13627.44            834.21       957   14.240    194M    15M       0.0       0.0
  L3    252/0     13.94 GB   0.0      0.0     0.0      0.0       0.0       0.0      0.0      13.9   0.0      0.0      0.0      0.00              0.00         0    0.000       0      0       0.0       0.0
 Sum   1154/65    64.97 GB   0.0    512.0   143.6    368.4     577.0     577.0    208.5      25.1   6.7     27.7     31.2  18955.77           1936.48      2700    7.021    608M    20M       0.0       0.0
 Int      0/0      0.00 KB   0.0     13.5     4.6      8.8      13.7      13.7      4.8       0.7  18.7     75.4     76.5    182.98             48.11        29    6.309     14M   538K       0.0       0.0

** Compaction Stats [default] **
Priority    Files   Size     Score Read(GB)  Rn(GB) Rnp1(GB) Write(GB) WPreComp(GB) Wnew(GB) Moved(GB) W-Amp Rd(MB/s) Wr(MB/s) Comp(sec) CompMergeCPU(sec) Comp(cnt) Avg(sec) KeyIn KeyDrop Rblob(GB) Wblob(GB)
----------------------------------------------------------------------------------------------------------------------------------------------------------------------------------------------------------------
 Low      0/0      0.00 KB   0.0    512.0   143.6    368.4     491.4     491.4    123.0       0.0   0.0     32.6     31.3  16084.68           1785.76      1293   12.440    521M    20M       0.0       0.0
High      0/0      0.00 KB   0.0      0.0     0.0      0.0      85.6      85.6     85.6       0.0   0.0      0.0     30.5   2871.10            150.71      1407    2.041     87M      0       0.0       0.0

Blob file count: 0, total size: 0.0 GB, garbage size: 0.0 GB, space amp: 0.0

Uptime(secs): 2124.6 total, 18.8 interval
Flush(GB): cumulative 85.586, interval 0.729
AddFile(GB): cumulative 0.000, interval 0.000
AddFile(Total Files): cumulative 0, interval 0
AddFile(L0 Files): cumulative 0, interval 0
AddFile(Keys): cumulative 0, interval 0
Cumulative compaction: 576.98 GB write, 278.09 MB/s write, 512.01 GB read, 246.78 MB/s read, 18955.8 seconds
Interval compaction: 13.66 GB write, 743.85 MB/s write, 13.47 GB read, 733.05 MB/s read, 183.0 seconds
Estimated pending compaction bytes: 52832080955
Write Stall (count): cf-l0-file-count-limit-delays-with-ongoing-compaction: 109, cf-l0-file-count-limit-stops-with-ongoing-compaction: 0, l0-file-count-limit-delays: 109, l0-file-count-limit-stops: 0, memtable-limit-delays: 0, memtable-limit-stops: 1158, pending-compaction-bytes-delays: 0, pending-compaction-bytes-stops: 0, total-delays: 109, total-stops: 1158
interval: 10 total count
Block cache AutoHyperClockCache@0x5711ef9dd2d0#2018912 capacity: 512.00 MB seed: 591891029 usage: 17.42 MB table_size: 7354 occupancy: 4141 collections: 12 last_copies: 2 last_secs: 0.00059 secs_since: 138
Block cache entry stats(count,size,portion): Misc(4141,16.97 MB,3.31404%)

** File Read Latency Histogram By Level [default] **
** Level 0 read latency histogram (micros):
Count: 41023362 Average: 3.1841  StdDev: 1448.44
Min: 0  Median: 0.9395  Max: 4154556
Percentiles: P50: 0.94 P75: 1.55 P99: 3.09 P99.9: 4.84 P99.99: 5.47
------------------------------------------------------
[       0,       1 ] 21832047  53.219%  53.219% ###########
(       1,       2 ] 16164319  39.403%  92.621% ########
(       2,       3 ]  2586995   6.306%  98.927% #
(       3,       4 ]   349728   0.853%  99.780% 
(       4,       6 ]   117246   0.286% 100.066% 
(       6,      10 ]    49270   0.120% 100.186% 
(      10,      15 ]    19047   0.046% 100.232% 
(      15,      22 ]    11040   0.027% 100.259% 
(      22,      34 ]      797   0.002% 100.261% 
(      34,      51 ]      125   0.000% 100.261% 
(      51,      76 ]      497   0.001% 100.263% 
(      76,     110 ]     1016   0.002% 100.265% 
(     110,     170 ]       54   0.000% 100.265% 
(     170,     250 ]       27   0.000% 100.265% 
(     250,     380 ]       87   0.000% 100.266% 
(     380,     580 ]       13   0.000% 100.266% 
(     580,     870 ]       52   0.000% 100.266% 
(     870,    1300 ]      105   0.000% 100.266% 
(    1300,    1900 ]       80   0.000% 100.266% 
(    1900,    2900 ]       39   0.000% 100.266% 
(    2900,    4400 ]        9   0.000% 100.266% 
(    4400,    6600 ]        8   0.000% 100.266% 
(    6600,    9900 ]       13   0.000% 100.266% 
(    9900,   14000 ]        9   0.000% 100.266% 
(   14000,   22000 ]       26   0.000% 100.266% 
(   22000,   33000 ]       45   0.000% 100.267% 
(   33000,   50000 ]       33   0.000% 100.267% 
(   50000,   75000 ]      109   0.000% 100.267% 
(   75000,  110000 ]       77   0.000% 100.267% 
(  110000,  170000 ]       30   0.000% 100.267% 
(  170000,  250000 ]       15   0.000% 100.267% 
(  250000,  380000 ]        9   0.000% 100.267% 
(  380000,  570000 ]        1   0.000% 100.267% 
(  570000,  860000 ]        3   0.000% 100.267% 
(  860000, 1200000 ]        2   0.000% 100.267% 
( 1200000, 1900000 ]       11   0.000% 100.267% 
( 1900000, 2900000 ]        5   0.000% 100.267% 
( 2900000, 4300000 ]        2   0.000% 100.267% 

** Level 1 read latency histogram (micros):
Count: 56947305 Average: 2.0651  StdDev: 366.84
Min: 0  Median: 0.9372  Max: 1764838
Percentiles: P50: 0.94 P75: 1.58 P99: 3.47 P99.9: 4.52 P99.99: 4.84
------------------------------------------------------
[       0,       1 ] 30381982  53.351%  53.351% ###########
(       1,       2 ] 21076046  37.010%  90.361% #######
(       2,       3 ]  4543322   7.978%  98.339% ##
(       3,       4 ]   803936   1.412%  99.751% 
(       4,       6 ]   325504   0.572% 100.322% 
(       6,      10 ]   123440   0.217% 100.539% 
(      10,      15 ]    34680   0.061% 100.600% 
(      15,      22 ]    23368   0.041% 100.641% 
(      22,      34 ]     2301   0.004% 100.645% 
(      34,      51 ]      562   0.001% 100.646% 
(      51,      76 ]     1470   0.003% 100.649% 
(      76,     110 ]     2078   0.004% 100.652% 
(     110,     170 ]     1415   0.002% 100.655% 
(     170,     250 ]     1190   0.002% 100.657% 
(     250,     380 ]     1377   0.002% 100.659% 
(     380,     580 ]     1333   0.002% 100.661% 
(     580,     870 ]     1264   0.002% 100.664% 
(     870,    1300 ]      929   0.002% 100.665% 
(    1300,    1900 ]      760   0.001% 100.667% 
(    1900,    2900 ]      502   0.001% 100.668% 
(    2900,    4400 ]      287   0.001% 100.668% 
(    4400,    6600 ]      134   0.000% 100.668% 
(    6600,    9900 ]       43   0.000% 100.668% 
(    9900,   14000 ]       15   0.000% 100.668% 
(   14000,   22000 ]       15   0.000% 100.668% 
(   22000,   33000 ]       29   0.000% 100.668% 
(   33000,   50000 ]       16   0.000% 100.669% 
(   50000,   75000 ]       24   0.000% 100.669% 
(   75000,  110000 ]       30   0.000% 100.669% 
(  110000,  170000 ]       14   0.000% 100.669% 
(  170000,  250000 ]       18   0.000% 100.669% 
(  250000,  380000 ]        2   0.000% 100.669% 
(  380000,  570000 ]        1   0.000% 100.669% 
(  570000,  860000 ]        2   0.000% 100.669% 
( 1200000, 1900000 ]        2   0.000% 100.669% 

** Level 2 read latency histogram (micros):
Count: 30709128 Average: 150.1915  StdDev: 6508.06
Min: 0  Median: 1.3341  Max: 5451179
Percentiles: P50: 1.33 P75: 1.93 P99: 680.52 P99.9: 1496.52 P99.99: 1666.13
------------------------------------------------------
[       0,       1 ] 11014064  35.866%  35.866% #######
(       1,       2 ] 12992001  42.307%  78.172% ########
(       2,       3 ]  4134460  13.463%  91.636% ###
(       3,       4 ]   957452   3.118%  94.754% #
(       4,       6 ]   289952   0.944%  95.698% 
(       6,      10 ]    57276   0.187%  95.884% 
(      10,      15 ]    31163   0.101%  95.986% 
(      15,      22 ]    18625   0.061%  96.046% 
(      22,      34 ]     6840   0.022%  96.069% 
(      34,      51 ]    22454   0.073%  96.142% 
(      51,      76 ]    53892   0.175%  96.317% 
(      76,     110 ]    34203   0.111%  96.429% 
(     110,     170 ]   139644   0.455%  96.883% 
(     170,     250 ]   170607   0.556%  97.439% 
(     250,     380 ]   210230   0.685%  98.123% 
(     380,     580 ]   206099   0.671%  98.795% 
(     580,     870 ]   181968   0.593%  99.387% 
(     870,    1300 ]   125465   0.409%  99.796% 
(    1300,    1900 ]    97774   0.318% 100.114% 
(    1900,    2900 ]    75904   0.247% 100.361% 
(    2900,    4400 ]    40911   0.133% 100.494% 
(    4400,    6600 ]    20633   0.067% 100.562% 
(    6600,    9900 ]     7589   0.025% 100.586% 
(    9900,   14000 ]     3662   0.012% 100.598% 
(   14000,   22000 ]     4561   0.015% 100.613% 
(   22000,   33000 ]     4048   0.013% 100.626% 
(   33000,   50000 ]     4430   0.014% 100.641% 
(   50000,   75000 ]     5111   0.017% 100.657% 
(   75000,  110000 ]     5187   0.017% 100.674% 
(  110000,  170000 ]     5352   0.017% 100.692% 
(  170000,  250000 ]     2983   0.010% 100.701% 
(  250000,  380000 ]     1277   0.004% 100.706% 
(  380000,  570000 ]      275   0.001% 100.707% 
(  570000,  860000 ]       65   0.000% 100.707% 
(  860000, 1200000 ]       61   0.000% 100.707% 
( 1200000, 1900000 ]       72   0.000% 100.707% 
( 1900000, 2900000 ]       39   0.000% 100.707% 
( 2900000, 4300000 ]       21   0.000% 100.707% 
( 4300000, 6500000 ]        4   0.000% 100.707% 


** DB Stats **
Uptime(secs): 2124.6 total, 18.8 interval
Cumulative writes: 87M writes, 87M keys, 11M commit groups, 7.7 writes per commit group, ingest: 84.91 GB, 40.93 MB/s
Cumulative WAL: 87M writes, 0 syncs, 87202082.00 writes per sync, written: 84.91 GB, 40.93 MB/s
Cumulative stall: 00:29:58.349 H:M:S, 84.6 percent
Interval writes: 819K writes, 819K keys, 107K commit groups, 7.6 writes per commit group, ingest: 817.00 MB, 43.43 MB/s
Interval WAL: 819K writes, 0 syncs, 819344.00 writes per sync, written: 0.80 GB, 43.43 MB/s
Interval stall: 00:00:15.464 H:M:S, 82.2 percent
Write Stall (count): write-buffer-manager-limit-stops: 0
num-running-compactions: 18
num-running-flushes: 1

2026/08/31-02:48:33  ... thread 13: (56000,5453000) ops and (1854.0,2566.3) ops/second in (30.204850,2124.849548) seconds
2026/08/31-02:48:33  ... thread 14: (58000,5453000) ops and (1921.8,2566.3) ops/second in (30.179828,2124.860968) seconds
2026/08/31-02:48:33  ... thread 5: (57000,5451000) ops and (1886.3,2565.3) ops/second in (30.218113,2124.862810) seconds
2026/08/31-02:48:33  ... thread 3: (60000,5455000) ops and (1998.3,2567.1) ops/second in (30.025712,2124.997168) seconds
2026/08/31-02:48:39  ... thread 1: (64000,5456000) ops and (1797.8,2560.3) ops/second in (35.598861,2130.983585) seconds
2026/08/31-02:48:39  ... thread 9: (63000,5458000) ops and (1783.3,2561.3) ops/second in (35.327139,2130.985684) seconds
2026/08/31-02:48:39  ... thread 7: (63000,5458000) ops and (1870.9,2561.3) ops/second in (33.672785,2130.985498) seconds
2026/08/31-02:48:39  ... thread 15: (63000,5458000) ops and (1795.9,2561.3) ops/second in (35.079607,2130.986190) seconds
2026/08/31-02:48:39  ... thread 11: (63000,5458000) ops and (1788.4,2561.2) ops/second in (35.227228,2130.991056) seconds
2026/08/31-02:48:39  ... thread 10: (63000,5460000) ops and (1804.5,2562.2) ops/second in (34.912655,2130.995052) seconds
2026/08/31-02:48:39  ... thread 6: (63000,5460000) ops and (1870.4,2562.2) ops/second in (33.682541,2130.995581) seconds
2026/08/31-02:48:39  ... thread 8: (63000,5456000) ops and (1869.9,2560.3) ops/second in (33.690772,2131.000636) seconds
2026/08/31-02:48:39  ... thread 12: (64000,5459000) ops and (1792.0,2561.7) ops/second in (35.714093,2131.013032) seconds
2026/08/31-02:48:39  ... thread 4: (64000,5464000) ops and (1898.8,2564.0) ops/second in (33.704956,2131.014270) seconds
2026/08/31-02:48:39  ... thread 2: (64000,5463000) ops and (1802.6,2563.6) ops/second in (35.505225,2131.014708) seconds
2026/08/31-02:49:05  ... thread 0: (55000,5503000) ops and (1736.7,2552.1) ops/second in (31.669819,2156.250324) seconds

** Compaction Stats [default] **
Level    Files   Size     Score Read(GB)  Rn(GB) Rnp1(GB) Write(GB) WPreComp(GB) Wnew(GB) Moved(GB) W-Amp Rd(MB/s) Wr(MB/s) Comp(sec) CompMergeCPU(sec) Comp(cnt) Avg(sec) KeyIn KeyDrop Rblob(GB) Wblob(GB)
-------------------------------------------------------------------------------------------------------------------------------------------------------------------------------------------------------------
  L0     12/4      2.18 GB   2.0     78.9     0.0     78.9     165.3     165.3     86.5       0.0   1.9     18.1     37.9   4467.24            357.52      1721    2.596    168M    85K       0.0       0.0
  L1    122/17     7.46 GB   1.6    243.3    84.3    159.0     238.1     238.1     79.1       0.0   2.8    269.7    263.9    923.74            749.16        41   22.530    247M  5260K       0.0       0.0
  L2    762/62    41.86 GB   1.0    195.1    60.5    134.5     179.2     179.2     44.7      11.2   3.0     14.3     13.1  13974.37            857.32       979   14.274    198M    16M       0.0       0.0
  L3    252/0     13.94 GB   0.0      0.0     0.0      0.0       0.0       0.0      0.0      13.9   0.0      0.0      0.0      0.00              0.00         0    0.000       0      0       0.0       0.0
 Sum   1148/83    65.45 GB   0.0    517.2   144.8    372.4     582.7     582.7    210.2      25.1   6.7     27.3     30.8  19365.35           1964.00      2741    7.065    614M    21M       0.0       0.0
 Int      0/0      0.00 KB   0.0     18.7     5.9     12.8      19.4      19.4      6.5       0.7  11.4     32.3     33.4    592.55             75.63        70    8.465     20M  1048K       0.0       0.0

** Compaction Stats [default] **
Priority    Files   Size     Score Read(GB)  Rn(GB) Rnp1(GB) Write(GB) WPreComp(GB) Wnew(GB) Moved(GB) W-Amp Rd(MB/s) Wr(MB/s) Comp(sec) CompMergeCPU(sec) Comp(cnt) Avg(sec) KeyIn KeyDrop Rblob(GB) Wblob(GB)
----------------------------------------------------------------------------------------------------------------------------------------------------------------------------------------------------------------
 Low      0/0      0.00 KB   0.0    517.2   144.8    372.4     496.1     496.1    123.7       0.0   0.0     32.2     30.9  16454.00           1811.44      1318   12.484    526M    21M       0.0       0.0
High      0/0      0.00 KB   0.0      0.0     0.0      0.0      86.6      86.6     86.6       0.0   0.0      0.0     30.4   2911.35            152.56      1423    2.046     88M      0       0.0       0.0

Blob file count: 0, total size: 0.0 GB, garbage size: 0.0 GB, space amp: 0.0

Uptime(secs): 2156.3 total, 50.5 interval
Flush(GB): cumulative 86.559, interval 1.702
AddFile(GB): cumulative 0.000, interval 0.000
AddFile(Total Files): cumulative 0, interval 0
AddFile(L0 Files): cumulative 0, interval 0
AddFile(Keys): cumulative 0, interval 0
Cumulative compaction: 582.66 GB write, 276.70 MB/s write, 517.22 GB read, 245.63 MB/s read, 19365.4 seconds
Interval compaction: 19.35 GB write, 392.54 MB/s write, 18.68 GB read, 378.94 MB/s read, 592.6 seconds
Estimated pending compaction bytes: 53133420012
Write Stall (count): cf-l0-file-count-limit-delays-with-ongoing-compaction: 109, cf-l0-file-count-limit-stops-with-ongoing-compaction: 0, l0-file-count-limit-delays: 109, l0-file-count-limit-stops: 0, memtable-limit-delays: 0, memtable-limit-stops: 1176, pending-compaction-bytes-delays: 0, pending-compaction-bytes-stops: 0, total-delays: 109, total-stops: 1176
interval: 28 total count
Block cache AutoHyperClockCache@0x5711ef9dd2d0#2018912 capacity: 512.00 MB seed: 591891029 usage: 17.42 MB table_size: 7354 occupancy: 4141 collections: 12 last_copies: 2 last_secs: 0.00059 secs_since: 170
Block cache entry stats(count,size,portion): Misc(4141,16.97 MB,3.31404%)

** File Read Latency Histogram By Level [default] **
** Level 0 read latency histogram (micros):
Count: 41301065 Average: 3.1798  StdDev: 1443.74
Min: 0  Median: 0.9387  Max: 4154556
Percentiles: P50: 0.94 P75: 1.55 P99: 3.09 P99.9: 4.85 P99.99: 5.48
------------------------------------------------------
[       0,       1 ] 21999739  53.267%  53.267% ###########
(       1,       2 ] 16258343  39.365%  92.632% ########
(       2,       3 ]  2599783   6.295%  98.927% #
(       3,       4 ]   351707   0.852%  99.778% 
(       4,       6 ]   117933   0.286% 100.064% 
(       6,      10 ]    49599   0.120% 100.184% 
(      10,      15 ]    19153   0.046% 100.230% 
(      15,      22 ]    11104   0.027% 100.257% 
(      22,      34 ]      803   0.002% 100.259% 
(      34,      51 ]      127   0.000% 100.260% 
(      51,      76 ]      501   0.001% 100.261% 
(      76,     110 ]     1029   0.002% 100.263% 
(     110,     170 ]       54   0.000% 100.263% 
(     170,     250 ]       27   0.000% 100.264% 
(     250,     380 ]       88   0.000% 100.264% 
(     380,     580 ]       13   0.000% 100.264% 
(     580,     870 ]       53   0.000% 100.264% 
(     870,    1300 ]      106   0.000% 100.264% 
(    1300,    1900 ]       82   0.000% 100.264% 
(    1900,    2900 ]       39   0.000% 100.264% 
(    2900,    4400 ]        9   0.000% 100.264% 
(    4400,    6600 ]        8   0.000% 100.264% 
(    6600,    9900 ]       13   0.000% 100.265% 
(    9900,   14000 ]        9   0.000% 100.265% 
(   14000,   22000 ]       26   0.000% 100.265% 
(   22000,   33000 ]       45   0.000% 100.265% 
(   33000,   50000 ]       33   0.000% 100.265% 
(   50000,   75000 ]      112   0.000% 100.265% 
(   75000,  110000 ]       78   0.000% 100.265% 
(  110000,  170000 ]       30   0.000% 100.265% 
(  170000,  250000 ]       15   0.000% 100.265% 
(  250000,  380000 ]        9   0.000% 100.265% 
(  380000,  570000 ]        1   0.000% 100.265% 
(  570000,  860000 ]        3   0.000% 100.265% 
(  860000, 1200000 ]        2   0.000% 100.265% 
( 1200000, 1900000 ]       11   0.000% 100.265% 
( 1900000, 2900000 ]        5   0.000% 100.265% 
( 2900000, 4300000 ]        2   0.000% 100.265% 

** Level 1 read latency histogram (micros):
Count: 57372760 Average: 2.0669  StdDev: 365.47
Min: 0  Median: 0.9412  Max: 1764838
Percentiles: P50: 0.94 P75: 1.59 P99: 3.50 P99.9: 4.59 P99.99: 4.90
------------------------------------------------------
[       0,       1 ] 30479811  53.126%  53.126% ###########
(       1,       2 ] 21253215  37.044%  90.170% #######
(       2,       3 ]  4655947   8.115%  98.285% ##
(       3,       4 ]   827176   1.442%  99.727% 
(       4,       6 ]   336462   0.586% 100.313% 
(       6,      10 ]   126916   0.221% 100.535% 
(      10,      15 ]    35331   0.062% 100.596% 
(      15,      22 ]    23972   0.042% 100.638% 
(      22,      34 ]     2349   0.004% 100.642% 
(      34,      51 ]      574   0.001% 100.643% 
(      51,      76 ]     1470   0.003% 100.646% 
(      76,     110 ]     2078   0.004% 100.649% 
(     110,     170 ]     1415   0.002% 100.652% 
(     170,     250 ]     1190   0.002% 100.654% 
(     250,     380 ]     1377   0.002% 100.656% 
(     380,     580 ]     1333   0.002% 100.659% 
(     580,     870 ]     1264   0.002% 100.661% 
(     870,    1300 ]      929   0.002% 100.662% 
(    1300,    1900 ]      760   0.001% 100.664% 
(    1900,    2900 ]      502   0.001% 100.665% 
(    2900,    4400 ]      287   0.001% 100.665% 
(    4400,    6600 ]      134   0.000% 100.665% 
(    6600,    9900 ]       43   0.000% 100.665% 
(    9900,   14000 ]       15   0.000% 100.665% 
(   14000,   22000 ]       15   0.000% 100.665% 
(   22000,   33000 ]       29   0.000% 100.666% 
(   33000,   50000 ]       16   0.000% 100.666% 
(   50000,   75000 ]       24   0.000% 100.666% 
(   75000,  110000 ]       30   0.000% 100.666% 
(  110000,  170000 ]       14   0.000% 100.666% 
(  170000,  250000 ]       18   0.000% 100.666% 
(  250000,  380000 ]        2   0.000% 100.666% 
(  380000,  570000 ]        1   0.000% 100.666% 
(  570000,  860000 ]        2   0.000% 100.666% 
( 1200000, 1900000 ]        2   0.000% 100.666% 

** Level 2 read latency histogram (micros):
Count: 31630907 Average: 153.6900  StdDev: 6524.30
Min: 0  Median: 1.3414  Max: 5451179
Percentiles: P50: 1.34 P75: 1.93 P99: 700.24 P99.9: 1534.85 P99.99: 1700.45
------------------------------------------------------
[       0,       1 ] 11241125  35.538%  35.538% #######
(       1,       2 ] 13397451  42.356%  77.894% ########
(       2,       3 ]  4309264  13.624%  91.518% ###
(       3,       4 ]   996395   3.150%  94.668% #
(       4,       6 ]   302566   0.957%  95.624% 
(       6,      10 ]    59390   0.188%  95.812% 
(      10,      15 ]    32451   0.103%  95.915% 
(      15,      22 ]    19452   0.061%  95.976% 
(      22,      34 ]     7095   0.022%  95.998% 
(      34,      51 ]    22969   0.073%  96.071% 
(      51,      76 ]    55553   0.176%  96.247% 
(      76,     110 ]    35383   0.112%  96.359% 
(     110,     170 ]   144165   0.456%  96.814% 
(     170,     250 ]   176472   0.558%  97.372% 
(     250,     380 ]   219015   0.692%  98.065% 
(     380,     580 ]   216454   0.684%  98.749% 
(     580,     870 ]   191502   0.605%  99.354% 
(     870,    1300 ]   132203   0.418%  99.772% 
(    1300,    1900 ]   103145   0.326% 100.098% 
(    1900,    2900 ]    79720   0.252% 100.350% 
(    2900,    4400 ]    42831   0.135% 100.486% 
(    4400,    6600 ]    21676   0.069% 100.554% 
(    6600,    9900 ]     7996   0.025% 100.580% 
(    9900,   14000 ]     3908   0.012% 100.592% 
(   14000,   22000 ]     4839   0.015% 100.607% 
(   22000,   33000 ]     4314   0.014% 100.621% 
(   33000,   50000 ]     4696   0.015% 100.636% 
(   50000,   75000 ]     5402   0.017% 100.653% 
(   75000,  110000 ]     5510   0.017% 100.670% 
(  110000,  170000 ]     5686   0.018% 100.688% 
(  170000,  250000 ]     3167   0.010% 100.698% 
(  250000,  380000 ]     1352   0.004% 100.703% 
(  380000,  570000 ]      279   0.001% 100.703% 
(  570000,  860000 ]       66   0.000% 100.704% 
(  860000, 1200000 ]       65   0.000% 100.704% 
( 1200000, 1900000 ]       74   0.000% 100.704% 
( 1900000, 2900000 ]       40   0.000% 100.704% 
( 2900000, 4300000 ]       21   0.000% 100.704% 
( 4300000, 6500000 ]        4   0.000% 100.704% 


** DB Stats **
Uptime(secs): 2156.3 total, 31.7 interval
Cumulative writes: 88M writes, 88M keys, 11M commit groups, 7.7 writes per commit group, ingest: 85.77 GB, 40.73 MB/s
Cumulative WAL: 88M writes, 0 syncs, 88082393.00 writes per sync, written: 85.77 GB, 40.73 MB/s
Cumulative stall: 00:30:28.044 H:M:S, 84.8 percent
Interval writes: 880K writes, 880K keys, 114K commit groups, 7.7 writes per commit group, ingest: 877.78 MB, 27.72 MB/s
Interval WAL: 880K writes, 0 syncs, 880311.00 writes per sync, written: 0.86 GB, 27.72 MB/s
Interval stall: 00:00:29.694 H:M:S, 93.8 percent
Write Stall (count): write-buffer-manager-limit-stops: 0
num-running-compactions: 18
num-running-flushes: 1

2026/08/31-02:49:05  ... thread 13: (54000,5507000) ops and (1719.6,2554.0) ops/second in (31.402631,2156.252179) seconds
2026/08/31-02:49:05  ... thread 5: (54000,5505000) ops and (1719.6,2553.0) ops/second in (31.402656,2156.265466) seconds
2026/08/31-02:49:05  ... thread 14: (54000,5507000) ops and (1719.4,2554.0) ops/second in (31.405876,2156.266844) seconds
2026/08/31-02:49:05  ... thread 3: (50000,5505000) ops and (1598.6,2553.0) ops/second in (31.278011,2156.275179) seconds
2026/08/31-02:49:14  ... thread 2: (69000,5532000) ops and (1993.4,2554.5) ops/second in (34.613799,2165.628507) seconds
2026/08/31-02:49:14  ... thread 6: (69000,5529000) ops and (1992.3,2553.1) ops/second in (34.633246,2165.628827) seconds
2026/08/31-02:49:14  ... thread 4: (69000,5533000) ops and (1993.3,2554.9) ops/second in (34.615189,2165.629459) seconds
2026/08/31-02:49:14  ... thread 15: (70000,5528000) ops and (2019.7,2552.6) ops/second in (34.658389,2165.644579) seconds
2026/08/31-02:49:14  ... thread 9: (70000,5528000) ops and (2019.6,2552.6) ops/second in (34.659806,2165.645490) seconds
2026/08/31-02:49:14  ... thread 1: (70000,5526000) ops and (2019.4,2551.7) ops/second in (34.662928,2165.646513) seconds
2026/08/31-02:49:14  ... thread 7: (70000,5528000) ops and (2019.5,2552.6) ops/second in (34.662792,2165.648290) seconds
2026/08/31-02:49:14  ... thread 8: (70000,5526000) ops and (2020.2,2551.7) ops/second in (34.650769,2165.651405) seconds
2026/08/31-02:49:14  ... thread 10: (70000,5530000) ops and (2019.6,2553.5) ops/second in (34.660190,2165.655242) seconds
2026/08/31-02:49:14  ... thread 11: (70000,5528000) ops and (2019.2,2552.6) ops/second in (34.666983,2165.658039) seconds
2026/08/31-02:49:14  ... thread 12: (70000,5529000) ops and (2020.3,2553.0) ops/second in (34.648099,2165.661131) seconds
2026/08/31-02:49:35  ... thread 3: (104000,5609000) ops and (3425.7,2565.1) ops/second in (30.358717,2186.633896) seconds
2026/08/31-02:49:35  ... thread 14: (104000,5611000) ops and (3408.8,2565.9) ops/second in (30.509219,2186.776063) seconds
2026/08/31-02:49:38  ... thread 5: (104000,5609000) ops and (3162.7,2562.2) ops/second in (32.882875,2189.148341) seconds
2026/08/31-02:49:38  ... thread 0: (105000,5608000) ops and (3191.4,2561.7) ops/second in (32.901146,2189.151470) seconds
2026/08/31-02:49:38  ... thread 13: (105000,5612000) ops and (3190.4,2563.5) ops/second in (32.911223,2189.163402) seconds

** Compaction Stats [default] **
Level    Files   Size     Score Read(GB)  Rn(GB) Rnp1(GB) Write(GB) WPreComp(GB) Wnew(GB) Moved(GB) W-Amp Rd(MB/s) Wr(MB/s) Comp(sec) CompMergeCPU(sec) Comp(cnt) Avg(sec) KeyIn KeyDrop Rblob(GB) Wblob(GB)
-------------------------------------------------------------------------------------------------------------------------------------------------------------------------------------------------------------
  L0     20/20     3.77 GB   0.0     80.3     0.0     80.3     168.4     168.4     88.0       0.0   1.9     18.2     38.1   4522.95            364.04      1753    2.580    171M    86K       0.0       0.0
  L1    105/105    6.32 GB   0.0    243.3    84.3    159.0     238.1     238.1     79.1       0.0   2.8    269.7    263.9    923.74            749.16        41   22.530    247M  5260K       0.0       0.0
  L2    725/0     39.90 GB   1.0    199.3    61.6    137.7     183.1     183.1     45.3      11.2   3.0     14.2     13.1  14353.26            879.89       995   14.425    202M    16M       0.0       0.0
  L3    300/0     16.59 GB   0.0      0.0     0.0      0.0       0.0       0.0      0.0      16.6   0.0      0.0      0.0      0.00              0.00         0    0.000       0      0       0.0       0.0
 Sum   1150/125   66.57 GB   0.0    523.0   145.9    377.1     589.5     589.5    212.5      27.8   6.7     27.0     30.5  19799.95           1993.09      2789    7.099    621M    21M       0.0       0.0
 Int      0/0      0.00 KB   0.0      2.5     0.4      2.1       3.5       3.5      1.4       1.3   2.9     15.7     22.4    159.93             12.34        29    5.515   3737K   177K       0.0       0.0

** Compaction Stats [default] **
Priority    Files   Size     Score Read(GB)  Rn(GB) Rnp1(GB) Write(GB) WPreComp(GB) Wnew(GB) Moved(GB) W-Amp Rd(MB/s) Wr(MB/s) Comp(sec) CompMergeCPU(sec) Comp(cnt) Avg(sec) KeyIn KeyDrop Rblob(GB) Wblob(GB)
----------------------------------------------------------------------------------------------------------------------------------------------------------------------------------------------------------------
 Low      0/0      0.00 KB   0.0    523.0   145.9    377.1     501.4     501.4    124.3       0.0   0.0     31.8     30.5  16848.76           1837.86      1340   12.574    532M    21M       0.0       0.0
High      0/0      0.00 KB   0.0      0.0     0.0      0.0      88.1      88.1     88.1       0.0   0.0      0.0     30.6   2951.19            155.22      1449    2.037     89M      0       0.0       0.0

Blob file count: 0, total size: 0.0 GB, garbage size: 0.0 GB, space amp: 0.0

Uptime(secs): 2189.2 total, 23.4 interval
Flush(GB): cumulative 88.142, interval 1.219
AddFile(GB): cumulative 0.000, interval 0.000
AddFile(Total Files): cumulative 0, interval 0
AddFile(L0 Files): cumulative 0, interval 0
AddFile(Keys): cumulative 0, interval 0
Cumulative compaction: 589.53 GB write, 275.75 MB/s write, 522.96 GB read, 244.62 MB/s read, 19799.9 seconds
Interval compaction: 3.50 GB write, 153.07 MB/s write, 2.45 GB read, 107.37 MB/s read, 159.9 seconds
Estimated pending compaction bytes: 51947167782
Write Stall (count): cf-l0-file-count-limit-delays-with-ongoing-compaction: 112, cf-l0-file-count-limit-stops-with-ongoing-compaction: 0, l0-file-count-limit-delays: 112, l0-file-count-limit-stops: 0, memtable-limit-delays: 0, memtable-limit-stops: 1198, pending-compaction-bytes-delays: 0, pending-compaction-bytes-stops: 0, total-delays: 112, total-stops: 1198
interval: 17 total count
Block cache AutoHyperClockCache@0x5711ef9dd2d0#2018912 capacity: 512.00 MB seed: 591891029 usage: 16.85 MB table_size: 7453 occupancy: 4002 collections: 13 last_copies: 0 last_secs: 0.00027 secs_since: 23
Block cache entry stats(count,size,portion): Misc(4002,16.40 MB,3.20237%)

** File Read Latency Histogram By Level [default] **
** Level 0 read latency histogram (micros):
Count: 42064243 Average: 3.1624  StdDev: 1430.96
Min: 0  Median: 0.9393  Max: 4154556
Percentiles: P50: 0.94 P75: 1.55 P99: 3.09 P99.9: 4.85 P99.99: 5.47
------------------------------------------------------
[       0,       1 ] 22392358  53.234%  53.234% ###########
(       1,       2 ] 16574167  39.402%  92.636% ########
(       2,       3 ]  2645467   6.289%  98.925% #
(       3,       4 ]   358693   0.853%  99.778% 
(       4,       6 ]   121318   0.288% 100.066% 
(       6,      10 ]    50565   0.120% 100.186% 
(      10,      15 ]    19545   0.046% 100.233% 
(      15,      22 ]    11314   0.027% 100.260% 
(      22,      34 ]      816   0.002% 100.262% 
(      34,      51 ]      130   0.000% 100.262% 
(      51,      76 ]      513   0.001% 100.263% 
(      76,     110 ]     1048   0.002% 100.266% 
(     110,     170 ]       54   0.000% 100.266% 
(     170,     250 ]       28   0.000% 100.266% 
(     250,     380 ]       93   0.000% 100.266% 
(     380,     580 ]       13   0.000% 100.266% 
(     580,     870 ]       54   0.000% 100.266% 
(     870,    1300 ]      106   0.000% 100.266% 
(    1300,    1900 ]       83   0.000% 100.267% 
(    1900,    2900 ]       39   0.000% 100.267% 
(    2900,    4400 ]        9   0.000% 100.267% 
(    4400,    6600 ]        9   0.000% 100.267% 
(    6600,    9900 ]       13   0.000% 100.267% 
(    9900,   14000 ]       10   0.000% 100.267% 
(   14000,   22000 ]       27   0.000% 100.267% 
(   22000,   33000 ]       45   0.000% 100.267% 
(   33000,   50000 ]       34   0.000% 100.267% 
(   50000,   75000 ]      113   0.000% 100.267% 
(   75000,  110000 ]       80   0.000% 100.267% 
(  110000,  170000 ]       31   0.000% 100.268% 
(  170000,  250000 ]       15   0.000% 100.268% 
(  250000,  380000 ]        9   0.000% 100.268% 
(  380000,  570000 ]        1   0.000% 100.268% 
(  570000,  860000 ]        3   0.000% 100.268% 
(  860000, 1200000 ]        2   0.000% 100.268% 
( 1200000, 1900000 ]       11   0.000% 100.268% 
( 1900000, 2900000 ]        5   0.000% 100.268% 
( 2900000, 4300000 ]        2   0.000% 100.268% 

** Level 1 read latency histogram (micros):
Count: 58140019 Average: 2.0608  StdDev: 363.05
Min: 0  Median: 0.9411  Max: 1764838
Percentiles: P50: 0.94 P75: 1.59 P99: 3.49 P99.9: 4.57 P99.99: 4.88
------------------------------------------------------
[       0,       1 ] 30890338  53.131%  53.131% ###########
(       1,       2 ] 21541844  37.052%  90.183% #######
(       2,       3 ]  4716284   8.112%  98.295% ##
(       3,       4 ]   835831   1.438%  99.732% 
(       4,       6 ]   339604   0.584% 100.316% 
(       6,      10 ]   128310   0.221% 100.537% 
(      10,      15 ]    35863   0.062% 100.599% 
(      15,      22 ]    24251   0.042% 100.640% 
(      22,      34 ]     2375   0.004% 100.644% 
(      34,      51 ]      577   0.001% 100.645% 
(      51,      76 ]     1470   0.003% 100.648% 
(      76,     110 ]     2080   0.004% 100.652% 
(     110,     170 ]     1416   0.002% 100.654% 
(     170,     250 ]     1190   0.002% 100.656% 
(     250,     380 ]     1377   0.002% 100.658% 
(     380,     580 ]     1333   0.002% 100.661% 
(     580,     870 ]     1264   0.002% 100.663% 
(     870,    1300 ]      929   0.002% 100.664% 
(    1300,    1900 ]      760   0.001% 100.666% 
(    1900,    2900 ]      502   0.001% 100.667% 
(    2900,    4400 ]      287   0.000% 100.667% 
(    4400,    6600 ]      134   0.000% 100.667% 
(    6600,    9900 ]       43   0.000% 100.667% 
(    9900,   14000 ]       15   0.000% 100.667% 
(   14000,   22000 ]       15   0.000% 100.667% 
(   22000,   33000 ]       29   0.000% 100.668% 
(   33000,   50000 ]       16   0.000% 100.668% 
(   50000,   75000 ]       24   0.000% 100.668% 
(   75000,  110000 ]       30   0.000% 100.668% 
(  110000,  170000 ]       14   0.000% 100.668% 
(  170000,  250000 ]       18   0.000% 100.668% 
(  250000,  380000 ]        2   0.000% 100.668% 
(  380000,  570000 ]        1   0.000% 100.668% 
(  570000,  860000 ]        2   0.000% 100.668% 
( 1200000, 1900000 ]        2   0.000% 100.668% 

** Level 2 read latency histogram (micros):
Count: 31899068 Average: 153.3589  StdDev: 6503.77
Min: 0  Median: 1.3425  Max: 5451179
Percentiles: P50: 1.34 P75: 1.93 P99: 703.45 P99.9: 1541.97 P99.99: 1706.46
------------------------------------------------------
[       0,       1 ] 11322420  35.495%  35.495% #######
(       1,       2 ] 13510453  42.354%  77.848% ########
(       2,       3 ]  4350843  13.639%  91.488% ###
(       3,       4 ]  1003582   3.146%  94.634% #
(       4,       6 ]   304461   0.954%  95.588% 
(       6,      10 ]    59887   0.188%  95.776% 
(      10,      15 ]    32769   0.103%  95.879% 
(      15,      22 ]    19644   0.062%  95.940% 
(      22,      34 ]     7273   0.023%  95.963% 
(      34,      51 ]    24472   0.077%  96.040% 
(      51,      76 ]    57275   0.180%  96.219% 
(      76,     110 ]    36308   0.114%  96.333% 
(     110,     170 ]   146799   0.460%  96.793% 
(     170,     250 ]   180279   0.565%  97.359% 
(     250,     380 ]   222184   0.697%  98.055% 
(     380,     580 ]   219125   0.687%  98.742% 
(     580,     870 ]   193342   0.606%  99.348% 
(     870,    1300 ]   133820   0.420%  99.768% 
(    1300,    1900 ]   104722   0.328% 100.096% 
(    1900,    2900 ]    80591   0.253% 100.349% 
(    2900,    4400 ]    43053   0.135% 100.484% 
(    4400,    6600 ]    21759   0.068% 100.552% 
(    6600,    9900 ]     8031   0.025% 100.577% 
(    9900,   14000 ]     3930   0.012% 100.589% 
(   14000,   22000 ]     4864   0.015% 100.604% 
(   22000,   33000 ]     4347   0.014% 100.618% 
(   33000,   50000 ]     4727   0.015% 100.633% 
(   50000,   75000 ]     5433   0.017% 100.650% 
(   75000,  110000 ]     5540   0.017% 100.667% 
(  110000,  170000 ]     5716   0.018% 100.685% 
(  170000,  250000 ]     3182   0.010% 100.695% 
(  250000,  380000 ]     1360   0.004% 100.699% 
(  380000,  570000 ]      279   0.001% 100.700% 
(  570000,  860000 ]       67   0.000% 100.701% 
(  860000, 1200000 ]       65   0.000% 100.701% 
( 1200000, 1900000 ]       74   0.000% 100.701% 
( 1900000, 2900000 ]       40   0.000% 100.701% 
( 2900000, 4300000 ]       21   0.000% 100.701% 
( 4300000, 6500000 ]        4   0.000% 100.701% 


** DB Stats **
Uptime(secs): 2189.2 total, 23.4 interval
Cumulative writes: 89M writes, 89M keys, 11M commit groups, 7.7 writes per commit group, ingest: 87.41 GB, 40.89 MB/s
Cumulative WAL: 89M writes, 0 syncs, 89764001.00 writes per sync, written: 87.41 GB, 40.89 MB/s
Cumulative stall: 00:30:53.699 H:M:S, 84.7 percent
Interval writes: 1208K writes, 1208K keys, 159K commit groups, 7.6 writes per commit group, ingest: 1205.53 MB, 51.50 MB/s
Interval WAL: 1208K writes, 0 syncs, 1208981.00 writes per sync, written: 1.18 GB, 51.50 MB/s
Interval stall: 00:00:17.068 H:M:S, 72.9 percent
Write Stall (count): write-buffer-manager-limit-stops: 0
num-running-compactions: 2
num-running-flushes: 1

2026/08/31-02:49:47  ... thread 9: (90000,5618000) ops and (2738.2,2555.4) ops/second in (32.867853,2198.513343) seconds
2026/08/31-02:49:47  ... thread 6: (89000,5618000) ops and (2706.4,2555.4) ops/second in (32.885320,2198.514147) seconds
2026/08/31-02:49:47  ... thread 2: (90000,5622000) ops and (2736.8,2557.2) ops/second in (32.885685,2198.514192) seconds
2026/08/31-02:49:47  ... thread 10: (89000,5619000) ops and (2708.5,2555.8) ops/second in (32.859075,2198.514317) seconds
2026/08/31-02:49:47  ... thread 8: (89000,5615000) ops and (2708.2,2554.0) ops/second in (32.863188,2198.514593) seconds
2026/08/31-02:49:47  ... thread 11: (89000,5617000) ops and (2708.7,2554.9) ops/second in (32.856999,2198.515038) seconds
2026/08/31-02:49:47  ... thread 15: (90000,5618000) ops and (2737.9,2555.4) ops/second in (32.871316,2198.515895) seconds
2026/08/31-02:49:47  ... thread 1: (89000,5615000) ops and (2707.7,2554.0) ops/second in (32.869243,2198.515756) seconds
2026/08/31-02:49:47  ... thread 12: (89000,5618000) ops and (2708.8,2555.4) ops/second in (32.855297,2198.516428) seconds
2026/08/31-02:49:47  ... thread 7: (90000,5618000) ops and (2738.2,2555.4) ops/second in (32.868844,2198.517134) seconds
2026/08/31-02:49:47  ... thread 4: (90000,5623000) ops and (2736.5,2557.6) ops/second in (32.888594,2198.518053) seconds
2026/08/31-02:50:10  ... thread 0: (46000,5654000) ops and (1414.3,2544.9) ops/second in (32.525878,2221.677348) seconds
2026/08/31-02:50:10  ... thread 14: (47000,5658000) ops and (1346.6,2546.7) ops/second in (34.901512,2221.677575) seconds

** Compaction Stats [default] **
Level    Files   Size     Score Read(GB)  Rn(GB) Rnp1(GB) Write(GB) WPreComp(GB) Wnew(GB) Moved(GB) W-Amp Rd(MB/s) Wr(MB/s) Comp(sec) CompMergeCPU(sec) Comp(cnt) Avg(sec) KeyIn KeyDrop Rblob(GB) Wblob(GB)
-------------------------------------------------------------------------------------------------------------------------------------------------------------------------------------------------------------
  L0     10/7    994.29 MB   0.8     80.8     0.0     80.8     169.7     169.7     88.8       0.0   1.9     18.1     37.9   4580.22            366.93      1768    2.591    172M    87K       0.0       0.0
  L1    151/17     8.86 GB   2.0    253.1    87.8    165.3     247.7     247.7     82.3       0.0   2.8    268.4    262.6    965.89            779.20        42   22.997    257M  5537K       0.0       0.0
  L2    734/47    40.57 GB   1.0    200.3    61.9    138.3     183.9     183.9     45.6      11.5   3.0     14.3     13.1  14383.72            882.78       999   14.398    203M    16M       0.0       0.0
  L3    300/0     16.59 GB   0.0      0.0     0.0      0.0       0.0       0.0      0.0      16.6   0.0      0.0      0.0      0.00              0.00         0    0.000       0      0       0.0       0.0
 Sum   1195/71    66.99 GB   0.0    534.2   149.7    384.5     601.3     601.3    216.8      28.1   6.8     27.4     30.9  19929.83           2028.92      2809    7.095    634M    22M       0.0       0.0
 Int      0/0      0.00 KB   0.0     13.7     4.2      9.5      15.2      15.2      5.7       1.7   7.6     48.4     53.8    289.82             48.17        49    5.915     15M   489K       0.0       0.0

** Compaction Stats [default] **
Priority    Files   Size     Score Read(GB)  Rn(GB) Rnp1(GB) Write(GB) WPreComp(GB) Wnew(GB) Moved(GB) W-Amp Rd(MB/s) Wr(MB/s) Comp(sec) CompMergeCPU(sec) Comp(cnt) Avg(sec) KeyIn KeyDrop Rblob(GB) Wblob(GB)
----------------------------------------------------------------------------------------------------------------------------------------------------------------------------------------------------------------
 Low      0/0      0.00 KB   0.0    534.2   149.7    384.5     512.3     512.3    127.9       0.0   0.0     32.3     31.0  16943.30           1872.21      1347   12.579    543M    22M       0.0       0.0
High      0/0      0.00 KB   0.0      0.0     0.0      0.0      88.9      88.9     88.9       0.0   0.0      0.0     30.5   2986.53            156.71      1462    2.043     90M      0       0.0       0.0

Blob file count: 0, total size: 0.0 GB, garbage size: 0.0 GB, space amp: 0.0

Uptime(secs): 2221.7 total, 55.9 interval
Flush(GB): cumulative 88.931, interval 2.007
AddFile(GB): cumulative 0.000, interval 0.000
AddFile(Total Files): cumulative 0, interval 0
AddFile(L0 Files): cumulative 0, interval 0
AddFile(Keys): cumulative 0, interval 0
Cumulative compaction: 601.26 GB write, 277.13 MB/s write, 534.21 GB read, 246.23 MB/s read, 19929.8 seconds
Interval compaction: 15.23 GB write, 279.01 MB/s write, 13.71 GB read, 251.09 MB/s read, 289.8 seconds
Estimated pending compaction bytes: 51991412695
Write Stall (count): cf-l0-file-count-limit-delays-with-ongoing-compaction: 115, cf-l0-file-count-limit-stops-with-ongoing-compaction: 0, l0-file-count-limit-delays: 115, l0-file-count-limit-stops: 0, memtable-limit-delays: 0, memtable-limit-stops: 1207, pending-compaction-bytes-delays: 0, pending-compaction-bytes-stops: 0, total-delays: 115, total-stops: 1207
interval: 29 total count
Block cache AutoHyperClockCache@0x5711ef9dd2d0#2018912 capacity: 512.00 MB seed: 591891029 usage: 16.85 MB table_size: 7453 occupancy: 4002 collections: 13 last_copies: 0 last_secs: 0.00027 secs_since: 55
Block cache entry stats(count,size,portion): Misc(4002,16.40 MB,3.20237%)

** File Read Latency Histogram By Level [default] **
** Level 0 read latency histogram (micros):
Count: 42727643 Average: 3.1703  StdDev: 1432.01
Min: 0  Median: 0.9407  Max: 4154556
Percentiles: P50: 0.94 P75: 1.55 P99: 3.10 P99.9: 4.86 P99.99: 5.48
------------------------------------------------------
[       0,       1 ] 22710280  53.151%  53.151% ###########
(       1,       2 ] 16857285  39.453%  92.604% ########
(       2,       3 ]  2695912   6.310%  98.914% #
(       3,       4 ]   367823   0.861%  99.775% 
(       4,       6 ]   124099   0.290% 100.065% 
(       6,      10 ]    51557   0.121% 100.186% 
(      10,      15 ]    20007   0.047% 100.232% 
(      15,      22 ]    11571   0.027% 100.260% 
(      22,      34 ]      835   0.002% 100.261% 
(      34,      51 ]      130   0.000% 100.262% 
(      51,      76 ]      517   0.001% 100.263% 
(      76,     110 ]     1061   0.002% 100.265% 
(     110,     170 ]       55   0.000% 100.266% 
(     170,     250 ]       28   0.000% 100.266% 
(     250,     380 ]       95   0.000% 100.266% 
(     380,     580 ]       13   0.000% 100.266% 
(     580,     870 ]       55   0.000% 100.266% 
(     870,    1300 ]      107   0.000% 100.266% 
(    1300,    1900 ]       84   0.000% 100.267% 
(    1900,    2900 ]       39   0.000% 100.267% 
(    2900,    4400 ]        9   0.000% 100.267% 
(    4400,    6600 ]        9   0.000% 100.267% 
(    6600,    9900 ]       13   0.000% 100.267% 
(    9900,   14000 ]       10   0.000% 100.267% 
(   14000,   22000 ]       27   0.000% 100.267% 
(   22000,   33000 ]       46   0.000% 100.267% 
(   33000,   50000 ]       34   0.000% 100.267% 
(   50000,   75000 ]      113   0.000% 100.267% 
(   75000,  110000 ]       81   0.000% 100.267% 
(  110000,  170000 ]       31   0.000% 100.267% 
(  170000,  250000 ]       15   0.000% 100.268% 
(  250000,  380000 ]        9   0.000% 100.268% 
(  380000,  570000 ]        1   0.000% 100.268% 
(  570000,  860000 ]        3   0.000% 100.268% 
(  860000, 1200000 ]        2   0.000% 100.268% 
( 1200000, 1900000 ]       12   0.000% 100.268% 
( 1900000, 2900000 ]        5   0.000% 100.268% 
( 2900000, 4300000 ]        2   0.000% 100.268% 

** Level 1 read latency histogram (micros):
Count: 59323690 Average: 2.1152  StdDev: 369.55
Min: 0  Median: 0.9401  Max: 1764838
Percentiles: P50: 0.94 P75: 1.59 P99: 3.49 P99.9: 4.59 P99.99: 4.90
------------------------------------------------------
[       0,       1 ] 31552739  53.187%  53.187% ###########
(       1,       2 ] 21941943  36.987%  90.174% #######
(       2,       3 ]  4815845   8.118%  98.292% ##
(       3,       4 ]   851466   1.435%  99.727% 
(       4,       6 ]   345651   0.583% 100.310% 
(       6,      10 ]   130467   0.220% 100.530% 
(      10,      15 ]    36749   0.062% 100.592% 
(      15,      22 ]    24829   0.042% 100.634% 
(      22,      34 ]     2425   0.004% 100.638% 
(      34,      51 ]      612   0.001% 100.639% 
(      51,      76 ]     1620   0.003% 100.642% 
(      76,     110 ]     2193   0.004% 100.645% 
(     110,     170 ]     1583   0.003% 100.648% 
(     170,     250 ]     1394   0.002% 100.650% 
(     250,     380 ]     1595   0.003% 100.653% 
(     380,     580 ]     1586   0.003% 100.656% 
(     580,     870 ]     1502   0.003% 100.658% 
(     870,    1300 ]     1079   0.002% 100.660% 
(    1300,    1900 ]      922   0.002% 100.662% 
(    1900,    2900 ]      635   0.001% 100.663% 
(    2900,    4400 ]      343   0.001% 100.663% 
(    4400,    6600 ]      152   0.000% 100.664% 
(    6600,    9900 ]       56   0.000% 100.664% 
(    9900,   14000 ]       17   0.000% 100.664% 
(   14000,   22000 ]       17   0.000% 100.664% 
(   22000,   33000 ]       30   0.000% 100.664% 
(   33000,   50000 ]       20   0.000% 100.664% 
(   50000,   75000 ]       25   0.000% 100.664% 
(   75000,  110000 ]       33   0.000% 100.664% 
(  110000,  170000 ]       15   0.000% 100.664% 
(  170000,  250000 ]       22   0.000% 100.664% 
(  250000,  380000 ]        4   0.000% 100.664% 
(  380000,  570000 ]        1   0.000% 100.664% 
(  570000,  860000 ]        2   0.000% 100.664% 
( 1200000, 1900000 ]        2   0.000% 100.664% 

** Level 2 read latency histogram (micros):
Count: 32332998 Average: 152.5980  StdDev: 6481.78
Min: 0  Median: 1.3425  Max: 5451179
Percentiles: P50: 1.34 P75: 1.93 P99: 700.90 P99.9: 1534.50 P99.99: 1699.46
------------------------------------------------------
[       0,       1 ] 11475521  35.492%  35.492% #######
(       1,       2 ] 13697361  42.363%  77.855% ########
(       2,       3 ]  4410213  13.640%  91.495% ###
(       3,       4 ]  1017153   3.146%  94.641% #
(       4,       6 ]   308526   0.954%  95.595% 
(       6,      10 ]    60671   0.188%  95.783% 
(      10,      15 ]    33197   0.103%  95.885% 
(      15,      22 ]    19908   0.062%  95.947% 
(      22,      34 ]     7300   0.023%  95.970% 
(      34,      51 ]    24802   0.077%  96.046% 
(      51,      76 ]    58106   0.180%  96.226% 
(      76,     110 ]    36752   0.114%  96.340% 
(     110,     170 ]   148593   0.460%  96.799% 
(     170,     250 ]   182643   0.565%  97.364% 
(     250,     380 ]   225051   0.696%  98.060% 
(     380,     580 ]   222205   0.687%  98.747% 
(     580,     870 ]   195900   0.606%  99.353% 
(     870,    1300 ]   135399   0.419%  99.772% 
(    1300,    1900 ]   105842   0.327% 100.099% 
(    1900,    2900 ]    81491   0.252% 100.351% 
(    2900,    4400 ]    43446   0.134% 100.486% 
(    4400,    6600 ]    21924   0.068% 100.554% 
(    6600,    9900 ]     8101   0.025% 100.579% 
(    9900,   14000 ]     3975   0.012% 100.591% 
(   14000,   22000 ]     4912   0.015% 100.606% 
(   22000,   33000 ]     4391   0.014% 100.620% 
(   33000,   50000 ]     4765   0.015% 100.634% 
(   50000,   75000 ]     5472   0.017% 100.651% 
(   75000,  110000 ]     5587   0.017% 100.669% 
(  110000,  170000 ]     5748   0.018% 100.686% 
(  170000,  250000 ]     3202   0.010% 100.696% 
(  250000,  380000 ]     1366   0.004% 100.701% 
(  380000,  570000 ]      286   0.001% 100.701% 
(  570000,  860000 ]       68   0.000% 100.702% 
(  860000, 1200000 ]       65   0.000% 100.702% 
( 1200000, 1900000 ]       76   0.000% 100.702% 
( 1900000, 2900000 ]       40   0.000% 100.702% 
( 2900000, 4300000 ]       21   0.000% 100.702% 
( 4300000, 6500000 ]        4   0.000% 100.702% 


** DB Stats **
Uptime(secs): 2221.7 total, 32.5 interval
Cumulative writes: 90M writes, 90M keys, 11M commit groups, 7.7 writes per commit group, ingest: 88.13 GB, 40.62 MB/s
Cumulative WAL: 90M writes, 0 syncs, 90503904.00 writes per sync, written: 88.13 GB, 40.62 MB/s
Cumulative stall: 00:31:18.088 H:M:S, 84.5 percent
Interval writes: 739K writes, 739K keys, 101K commit groups, 7.3 writes per commit group, ingest: 737.84 MB, 22.71 MB/s
Interval WAL: 739K writes, 0 syncs, 739903.00 writes per sync, written: 0.72 GB, 22.71 MB/s
Interval stall: 00:00:24.390 H:M:S, 75.1 percent
Write Stall (count): write-buffer-manager-limit-stops: 0
num-running-compactions: 18
num-running-flushes: 1

2026/08/31-02:50:10  ... thread 3: (47000,5656000) ops and (1341.1,2545.8) ops/second in (35.046036,2221.679932) seconds
2026/08/31-02:50:10  ... thread 5: (47000,5656000) ops and (1444.6,2545.8) ops/second in (32.533833,2221.682174) seconds
2026/08/31-02:50:10  ... thread 13: (46000,5658000) ops and (1414.4,2546.7) ops/second in (32.521987,2221.685389) seconds
2026/08/31-02:50:20  ... thread 11: (69000,5686000) ops and (2058.1,2547.4) ops/second in (33.526264,2232.041302) seconds
2026/08/31-02:50:20  ... thread 10: (69000,5688000) ops and (2058.0,2548.3) ops/second in (33.527599,2232.041916) seconds
2026/08/31-02:50:20  ... thread 12: (69000,5687000) ops and (2058.1,2547.9) ops/second in (33.526669,2232.043097) seconds
2026/08/31-02:50:20  ... thread 6: (69000,5687000) ops and (2057.7,2547.9) ops/second in (33.531818,2232.045965) seconds
2026/08/31-02:50:20  ... thread 7: (69000,5687000) ops and (2057.6,2547.9) ops/second in (33.534080,2232.051214) seconds
2026/08/31-02:50:20  ... thread 2: (69000,5691000) ops and (2057.4,2549.7) ops/second in (33.537716,2232.051908) seconds
2026/08/31-02:50:20  ... thread 15: (69000,5687000) ops and (2057.5,2547.9) ops/second in (33.536579,2232.052474) seconds
2026/08/31-02:50:20  ... thread 4: (69000,5692000) ops and (2057.4,2550.1) ops/second in (33.536721,2232.054774) seconds
2026/08/31-02:50:20  ... thread 9: (70000,5688000) ops and (2086.9,2548.3) ops/second in (33.543229,2232.056572) seconds
2026/08/31-02:50:20  ... thread 1: (70000,5685000) ops and (2086.6,2547.0) ops/second in (33.547382,2232.063138) seconds
2026/08/31-02:50:20  ... thread 8: (70000,5685000) ops and (2086.5,2547.0) ops/second in (33.548928,2232.063521) seconds
2026/08/31-02:50:44  ... thread 14: (77000,5735000) ops and (2294.0,2543.0) ops/second in (33.566304,2255.243879) seconds
2026/08/31-02:50:44  ... thread 0: (77000,5731000) ops and (2293.4,2541.2) ops/second in (33.575019,2255.252367) seconds

** Compaction Stats [default] **
Level    Files   Size     Score Read(GB)  Rn(GB) Rnp1(GB) Write(GB) WPreComp(GB) Wnew(GB) Moved(GB) W-Amp Rd(MB/s) Wr(MB/s) Comp(sec) CompMergeCPU(sec) Comp(cnt) Avg(sec) KeyIn KeyDrop Rblob(GB) Wblob(GB)
-------------------------------------------------------------------------------------------------------------------------------------------------------------------------------------------------------------
  L0     11/4      2.25 GB   1.8     82.3     0.0     82.3     172.4     172.4     90.1       0.0   1.9     18.0     37.8   4671.78            373.16      1793    2.606    175M    89K       0.0       0.0
  L1    123/13     7.26 GB   1.6    253.1    87.8    165.3     247.7     247.7     82.3       0.0   2.8    268.4    262.6    965.89            779.20        42   22.997    257M  5537K       0.0       0.0
  L2    749/46    41.50 GB   1.0    205.9    63.5    142.4     188.9     188.9     46.5      11.5   3.0     14.2     13.0  14892.04            915.26      1027   14.501    209M    17M       0.0       0.0
  L3    300/0     16.59 GB   0.0      0.0     0.0      0.0       0.0       0.0      0.0      16.6   0.0      0.0      0.0      0.00              0.00         0    0.000       0      0       0.0       0.0
 Sum   1183/63    67.59 GB   0.0    541.4   151.3    390.0     609.0     609.0    218.9      28.1   6.8     27.0     30.4  20529.71           2067.62      2862    7.173    642M    22M       0.0       0.0
 Int      0/0      0.00 KB   0.0      4.8     1.0      3.8       5.1       5.1      1.3       0.0   6.4     10.6     11.4    458.93             25.94        34   13.498   5654K   471K       0.0       0.0

** Compaction Stats [default] **
Priority    Files   Size     Score Read(GB)  Rn(GB) Rnp1(GB) Write(GB) WPreComp(GB) Wnew(GB) Moved(GB) W-Amp Rd(MB/s) Wr(MB/s) Comp(sec) CompMergeCPU(sec) Comp(cnt) Avg(sec) KeyIn KeyDrop Rblob(GB) Wblob(GB)
----------------------------------------------------------------------------------------------------------------------------------------------------------------------------------------------------------------
 Low      0/0      0.00 KB   0.0    541.4   151.3    390.0     518.8     518.8    128.8       0.0   0.0     31.7     30.4  17494.82           1908.67      1380   12.677    550M    22M       0.0       0.0
High      0/0      0.00 KB   0.0      0.0     0.0      0.0      90.1      90.1     90.1       0.0   0.0      0.0     30.4   3034.89            158.94      1482    2.048     91M      0       0.0       0.0

Blob file count: 0, total size: 0.0 GB, garbage size: 0.0 GB, space amp: 0.0

Uptime(secs): 2255.3 total, 27.6 interval
Flush(GB): cumulative 90.148, interval 0.791
AddFile(GB): cumulative 0.000, interval 0.000
AddFile(Total Files): cumulative 0, interval 0
AddFile(L0 Files): cumulative 0, interval 0
AddFile(Keys): cumulative 0, interval 0
Cumulative compaction: 608.98 GB write, 276.50 MB/s write, 541.38 GB read, 245.81 MB/s read, 20529.7 seconds
Interval compaction: 5.09 GB write, 189.10 MB/s write, 4.77 GB read, 176.92 MB/s read, 458.9 seconds
Estimated pending compaction bytes: 52094559384
Write Stall (count): cf-l0-file-count-limit-delays-with-ongoing-compaction: 115, cf-l0-file-count-limit-stops-with-ongoing-compaction: 0, l0-file-count-limit-delays: 115, l0-file-count-limit-stops: 0, memtable-limit-delays: 0, memtable-limit-stops: 1226, pending-compaction-bytes-delays: 0, pending-compaction-bytes-stops: 0, total-delays: 115, total-stops: 1226
interval: 12 total count
Block cache AutoHyperClockCache@0x5711ef9dd2d0#2018912 capacity: 512.00 MB seed: 591891029 usage: 16.85 MB table_size: 7453 occupancy: 4002 collections: 13 last_copies: 1 last_secs: 0.00027 secs_since: 89
Block cache entry stats(count,size,portion): Misc(4002,16.40 MB,3.20237%)

** File Read Latency Histogram By Level [default] **
** Level 0 read latency histogram (micros):
Count: 43007131 Average: 3.1658  StdDev: 1427.62
Min: 0  Median: 0.9391  Max: 4154556
Percentiles: P50: 0.94 P75: 1.55 P99: 3.10 P99.9: 4.87 P99.99: 5.49
------------------------------------------------------
[       0,       1 ] 22899255  53.245%  53.245% ###########
(       1,       2 ] 16939116  39.387%  92.632% ########
(       2,       3 ]  2702998   6.285%  98.917% #
(       3,       4 ]   368619   0.857%  99.774% 
(       4,       6 ]   124427   0.289% 100.063% 
(       6,      10 ]    51791   0.120% 100.184% 
(      10,      15 ]    20127   0.047% 100.231% 
(      15,      22 ]    11650   0.027% 100.258% 
(      22,      34 ]      841   0.002% 100.260% 
(      34,      51 ]      131   0.000% 100.260% 
(      51,      76 ]      526   0.001% 100.261% 
(      76,     110 ]     1072   0.002% 100.264% 
(     110,     170 ]       55   0.000% 100.264% 
(     170,     250 ]       28   0.000% 100.264% 
(     250,     380 ]       96   0.000% 100.264% 
(     380,     580 ]       13   0.000% 100.264% 
(     580,     870 ]       56   0.000% 100.264% 
(     870,    1300 ]      108   0.000% 100.265% 
(    1300,    1900 ]       87   0.000% 100.265% 
(    1900,    2900 ]       40   0.000% 100.265% 
(    2900,    4400 ]        9   0.000% 100.265% 
(    4400,    6600 ]        9   0.000% 100.265% 
(    6600,    9900 ]       14   0.000% 100.265% 
(    9900,   14000 ]       10   0.000% 100.265% 
(   14000,   22000 ]       27   0.000% 100.265% 
(   22000,   33000 ]       46   0.000% 100.265% 
(   33000,   50000 ]       36   0.000% 100.265% 
(   50000,   75000 ]      114   0.000% 100.265% 
(   75000,  110000 ]       81   0.000% 100.266% 
(  110000,  170000 ]       32   0.000% 100.266% 
(  170000,  250000 ]       15   0.000% 100.266% 
(  250000,  380000 ]        9   0.000% 100.266% 
(  380000,  570000 ]        1   0.000% 100.266% 
(  570000,  860000 ]        3   0.000% 100.266% 
(  860000, 1200000 ]        2   0.000% 100.266% 
( 1200000, 1900000 ]       12   0.000% 100.266% 
( 1900000, 2900000 ]        5   0.000% 100.266% 
( 2900000, 4300000 ]        2   0.000% 100.266% 

** Level 1 read latency histogram (micros):
Count: 59686096 Average: 2.1638  StdDev: 376.60
Min: 0  Median: 0.9443  Max: 1764838
Percentiles: P50: 0.94 P75: 1.60 P99: 3.53 P99.9: 4.68 P99.99: 4.98
------------------------------------------------------
[       0,       1 ] 31603086  52.949%  52.949% ###########
(       1,       2 ] 22079807  36.993%  89.942% #######
(       2,       3 ]  4937849   8.273%  98.215% ##
(       3,       4 ]   883056   1.480%  99.695% 
(       4,       6 ]   360745   0.604% 100.299% 
(       6,      10 ]   134445   0.225% 100.524% 
(      10,      15 ]    37564   0.063% 100.587% 
(      15,      22 ]    25526   0.043% 100.630% 
(      22,      34 ]     2502   0.004% 100.634% 
(      34,      51 ]      621   0.001% 100.635% 
(      51,      76 ]     1634   0.003% 100.638% 
(      76,     110 ]     2207   0.004% 100.642% 
(     110,     170 ]     1640   0.003% 100.644% 
(     170,     250 ]     1459   0.002% 100.647% 
(     250,     380 ]     1690   0.003% 100.650% 
(     380,     580 ]     1715   0.003% 100.652% 
(     580,     870 ]     1637   0.003% 100.655% 
(     870,    1300 ]     1176   0.002% 100.657% 
(    1300,    1900 ]      980   0.002% 100.659% 
(    1900,    2900 ]      691   0.001% 100.660% 
(    2900,    4400 ]      375   0.001% 100.661% 
(    4400,    6600 ]      170   0.000% 100.661% 
(    6600,    9900 ]       61   0.000% 100.661% 
(    9900,   14000 ]       18   0.000% 100.661% 
(   14000,   22000 ]       20   0.000% 100.661% 
(   22000,   33000 ]       33   0.000% 100.661% 
(   33000,   50000 ]       25   0.000% 100.661% 
(   50000,   75000 ]       27   0.000% 100.661% 
(   75000,  110000 ]       36   0.000% 100.661% 
(  110000,  170000 ]       16   0.000% 100.661% 
(  170000,  250000 ]       24   0.000% 100.661% 
(  250000,  380000 ]        5   0.000% 100.661% 
(  380000,  570000 ]        2   0.000% 100.661% 
(  570000,  860000 ]        2   0.000% 100.661% 
( 1200000, 1900000 ]        2   0.000% 100.661% 

** Level 2 read latency histogram (micros):
Count: 33300337 Average: 157.2754  StdDev: 6487.18
Min: 0  Median: 1.3517  Max: 5451179
Percentiles: P50: 1.35 P75: 1.94 P99: 720.66 P99.9: 1578.94 P99.99: 1740.61
------------------------------------------------------
[       0,       1 ] 11684760  35.089%  35.089% #######
(       1,       2 ] 14116395  42.391%  77.480% ########
(       2,       3 ]  4607019  13.835%  91.315% ###
(       3,       4 ]  1072731   3.221%  94.536% #
(       4,       6 ]   324609   0.975%  95.511% 
(       6,      10 ]    63047   0.189%  95.700% 
(      10,      15 ]    34732   0.104%  95.805% 
(      15,      22 ]    20857   0.063%  95.867% 
(      22,      34 ]     7592   0.023%  95.890% 
(      34,      51 ]    25257   0.076%  95.966% 
(      51,      76 ]    59990   0.180%  96.146% 
(      76,     110 ]    38032   0.114%  96.260% 
(     110,     170 ]   153626   0.461%  96.722% 
(     170,     250 ]   189322   0.569%  97.290% 
(     250,     380 ]   235348   0.707%  97.997% 
(     380,     580 ]   234078   0.703%  98.700% 
(     580,     870 ]   206056   0.619%  99.319% 
(     870,    1300 ]   141884   0.426%  99.745% 
(    1300,    1900 ]   111228   0.334% 100.079% 
(    1900,    2900 ]    85898   0.258% 100.337% 
(    2900,    4400 ]    46107   0.138% 100.475% 
(    4400,    6600 ]    23341   0.070% 100.545% 
(    6600,    9900 ]     8700   0.026% 100.571% 
(    9900,   14000 ]     4240   0.013% 100.584% 
(   14000,   22000 ]     5275   0.016% 100.600% 
(   22000,   33000 ]     4664   0.014% 100.614% 
(   33000,   50000 ]     5138   0.015% 100.629% 
(   50000,   75000 ]     5845   0.018% 100.647% 
(   75000,  110000 ]     5993   0.018% 100.665% 
(  110000,  170000 ]     6186   0.019% 100.684% 
(  170000,  250000 ]     3442   0.010% 100.694% 
(  250000,  380000 ]     1456   0.004% 100.698% 
(  380000,  570000 ]      296   0.001% 100.699% 
(  570000,  860000 ]       68   0.000% 100.699% 
(  860000, 1200000 ]       65   0.000% 100.700% 
( 1200000, 1900000 ]       78   0.000% 100.700% 
( 1900000, 2900000 ]       41   0.000% 100.700% 
( 2900000, 4300000 ]       21   0.000% 100.700% 
( 4300000, 6500000 ]        4   0.000% 100.700% 


** DB Stats **
Uptime(secs): 2255.3 total, 27.6 interval
Cumulative writes: 91M writes, 91M keys, 11M commit groups, 7.7 writes per commit group, ingest: 89.33 GB, 40.56 MB/s
Cumulative WAL: 91M writes, 0 syncs, 91736565.00 writes per sync, written: 89.33 GB, 40.56 MB/s
Cumulative stall: 00:31:48.713 H:M:S, 84.6 percent
Interval writes: 745K writes, 745K keys, 96K commit groups, 7.8 writes per commit group, ingest: 743.76 MB, 26.97 MB/s
Interval WAL: 745K writes, 0 syncs, 745903.00 writes per sync, written: 0.73 GB, 26.97 MB/s
Interval stall: 00:00:28.775 H:M:S, 104.3 percent
Write Stall (count): write-buffer-manager-limit-stops: 0
num-running-compactions: 14
num-running-flushes: 1

2026/08/31-02:50:44  ... thread 3: (77000,5733000) ops and (2293.2,2542.1) ops/second in (33.578257,2255.258189) seconds
2026/08/31-02:50:44  ... thread 13: (77000,5735000) ops and (2293.2,2542.9) ops/second in (33.577398,2255.262787) seconds
2026/08/31-02:50:44  ... thread 5: (77000,5733000) ops and (2293.0,2542.1) ops/second in (33.581194,2255.263368) seconds
2026/08/31-02:50:57  ... thread 11: (89000,5775000) ops and (2417.9,2545.3) ops/second in (36.808924,2268.850226) seconds
2026/08/31-02:50:57  ... thread 10: (89000,5777000) ops and (2417.8,2546.2) ops/second in (36.810659,2268.852575) seconds
2026/08/31-02:50:57  ... thread 6: (89000,5776000) ops and (2417.6,2545.8) ops/second in (36.813770,2268.859735) seconds
2026/08/31-02:50:57  ... thread 1: (88000,5773000) ops and (2391.5,2544.4) ops/second in (36.796694,2268.859832) seconds
2026/08/31-02:50:57  ... thread 8: (88000,5773000) ops and (2391.4,2544.4) ops/second in (36.798722,2268.862243) seconds
2026/08/31-02:50:57  ... thread 15: (89000,5776000) ops and (2417.2,2545.8) ops/second in (36.819064,2268.871538) seconds
2026/08/31-02:50:57  ... thread 2: (89000,5780000) ops and (2417.2,2547.5) ops/second in (36.820127,2268.872035) seconds
2026/08/31-02:50:57  ... thread 7: (89000,5776000) ops and (2416.9,2545.8) ops/second in (36.824168,2268.875382) seconds
2026/08/31-02:50:57  ... thread 12: (89000,5776000) ops and (2416.0,2545.7) ops/second in (36.837419,2268.880516) seconds
2026/08/31-02:50:57  ... thread 9: (89000,5777000) ops and (2416.9,2546.2) ops/second in (36.824267,2268.880839) seconds
2026/08/31-02:50:57  ... thread 4: (89000,5781000) ops and (2416.8,2548.0) ops/second in (36.826002,2268.880776) seconds
2026/08/31-02:51:16  ... thread 3: (112000,5845000) ops and (3427.8,2554.7) ops/second in (32.674298,2287.932487) seconds
2026/08/31-02:51:16  ... thread 0: (112000,5843000) ops and (3426.0,2553.8) ops/second in (32.691066,2287.943433) seconds

** Compaction Stats [default] **
Level    Files   Size     Score Read(GB)  Rn(GB) Rnp1(GB) Write(GB) WPreComp(GB) Wnew(GB) Moved(GB) W-Amp Rd(MB/s) Wr(MB/s) Comp(sec) CompMergeCPU(sec) Comp(cnt) Avg(sec) KeyIn KeyDrop Rblob(GB) Wblob(GB)
-------------------------------------------------------------------------------------------------------------------------------------------------------------------------------------------------------------
  L0     20/18     4.01 GB   0.5     83.9     0.0     83.9     175.7     175.7     91.8       0.0   1.9     18.1     38.0   4741.49            380.25      1828    2.594    178M    90K       0.0       0.0
  L1    110/110    6.44 GB   0.0    253.1    87.8    165.3     247.7     247.7     82.3       0.0   2.8    268.4    262.6    965.89            779.20        42   22.997    257M  5537K       0.0       0.0
  L2    720/0     39.97 GB   1.0    209.2    64.4    144.8     191.9     191.9     47.0      11.5   3.0     14.1     13.0  15149.20            932.41      1040   14.567    212M    17M       0.0       0.0
  L3    336/0     18.61 GB   0.0      0.0     0.0      0.0       0.0       0.0      0.0      18.6   0.0      0.0      0.0      0.00              0.00         0    0.000       0      0       0.0       0.0
 Sum   1186/128   69.02 GB   0.0    546.2   152.2    394.1     615.2     615.2    221.2      30.2   6.7     26.8     30.2  20856.58           2091.85      2910    7.167    649M    23M       0.0       0.0
 Int      0/0      0.00 KB   0.0      0.0     0.0      0.0       0.0       0.0      0.0       0.0   0.0      0.0      0.0      0.00              0.00         0    0.000       0      0       0.0       0.0

** Compaction Stats [default] **
Priority    Files   Size     Score Read(GB)  Rn(GB) Rnp1(GB) Write(GB) WPreComp(GB) Wnew(GB) Moved(GB) W-Amp Rd(MB/s) Wr(MB/s) Comp(sec) CompMergeCPU(sec) Comp(cnt) Avg(sec) KeyIn KeyDrop Rblob(GB) Wblob(GB)
----------------------------------------------------------------------------------------------------------------------------------------------------------------------------------------------------------------
 Low      0/0      0.00 KB   0.0    546.2   152.2    394.1     523.3     523.3    129.3       0.0   0.0     31.5     30.2  17769.75           1929.74      1399   12.702    555M    23M       0.0       0.0
High      0/0      0.00 KB   0.0      0.0     0.0      0.0      91.9      91.9     91.9       0.0   0.0      0.0     30.5   3086.83            162.11      1511    2.043     93M      0       0.0       0.0

Blob file count: 0, total size: 0.0 GB, garbage size: 0.0 GB, space amp: 0.0

Uptime(secs): 2288.0 total, 0.3 interval
Flush(GB): cumulative 91.911, interval 0.000
AddFile(GB): cumulative 0.000, interval 0.000
AddFile(Total Files): cumulative 0, interval 0
AddFile(L0 Files): cumulative 0, interval 0
AddFile(Keys): cumulative 0, interval 0
Cumulative compaction: 615.25 GB write, 275.36 MB/s write, 546.23 GB read, 244.47 MB/s read, 20856.6 seconds
Interval compaction: 0.00 GB write, 0.00 MB/s write, 0.00 GB read, 0.00 MB/s read, 0.0 seconds
Estimated pending compaction bytes: 54260380231
Write Stall (count): cf-l0-file-count-limit-delays-with-ongoing-compaction: 118, cf-l0-file-count-limit-stops-with-ongoing-compaction: 0, l0-file-count-limit-delays: 118, l0-file-count-limit-stops: 0, memtable-limit-delays: 0, memtable-limit-stops: 1250, pending-compaction-bytes-delays: 0, pending-compaction-bytes-stops: 0, total-delays: 118, total-stops: 1250
interval: 0 total count
Block cache AutoHyperClockCache@0x5711ef9dd2d0#2018912 capacity: 512.00 MB seed: 591891029 usage: 16.85 MB table_size: 7453 occupancy: 4002 collections: 13 last_copies: 2 last_secs: 0.00027 secs_since: 122
Block cache entry stats(count,size,portion): Misc(4002,16.40 MB,3.20237%)

** File Read Latency Histogram By Level [default] **
** Level 0 read latency histogram (micros):
Count: 43867687 Average: 3.1473  StdDev: 1414.07
Min: 0  Median: 0.9401  Max: 4154556
Percentiles: P50: 0.94 P75: 1.55 P99: 3.09 P99.9: 4.86 P99.99: 5.48
------------------------------------------------------
[       0,       1 ] 23330206  53.183%  53.183% ###########
(       1,       2 ] 17295714  39.427%  92.610% ########
(       2,       3 ]  2768188   6.310%  98.920% #
(       3,       4 ]   375359   0.856%  99.776% 
(       4,       6 ]   126696   0.289% 100.065% 
(       6,      10 ]    52926   0.121% 100.186% 
(      10,      15 ]    20481   0.047% 100.232% 
(      15,      22 ]    11845   0.027% 100.259% 
(      22,      34 ]      854   0.002% 100.261% 
(      34,      51 ]      132   0.000% 100.261% 
(      51,      76 ]      542   0.001% 100.263% 
(      76,     110 ]     1090   0.002% 100.265% 
(     110,     170 ]       55   0.000% 100.265% 
(     170,     250 ]       31   0.000% 100.265% 
(     250,     380 ]       98   0.000% 100.266% 
(     380,     580 ]       16   0.000% 100.266% 
(     580,     870 ]       56   0.000% 100.266% 
(     870,    1300 ]      110   0.000% 100.266% 
(    1300,    1900 ]       88   0.000% 100.266% 
(    1900,    2900 ]       41   0.000% 100.266% 
(    2900,    4400 ]        9   0.000% 100.266% 
(    4400,    6600 ]        9   0.000% 100.266% 
(    6600,    9900 ]       14   0.000% 100.266% 
(    9900,   14000 ]       11   0.000% 100.266% 
(   14000,   22000 ]       29   0.000% 100.267% 
(   22000,   33000 ]       47   0.000% 100.267% 
(   33000,   50000 ]       36   0.000% 100.267% 
(   50000,   75000 ]      116   0.000% 100.267% 
(   75000,  110000 ]       82   0.000% 100.267% 
(  110000,  170000 ]       32   0.000% 100.267% 
(  170000,  250000 ]       16   0.000% 100.267% 
(  250000,  380000 ]        9   0.000% 100.267% 
(  380000,  570000 ]        1   0.000% 100.267% 
(  570000,  860000 ]        3   0.000% 100.267% 
(  860000, 1200000 ]        2   0.000% 100.267% 
( 1200000, 1900000 ]       12   0.000% 100.267% 
( 1900000, 2900000 ]        5   0.000% 100.267% 
( 2900000, 4300000 ]        2   0.000% 100.267% 

** Level 1 read latency histogram (micros):
Count: 60530134 Average: 2.3409  StdDev: 616.46
Min: 0  Median: 0.9459  Max: 3696283
Percentiles: P50: 0.95 P75: 1.60 P99: 3.53 P99.9: 4.69 P99.99: 4.99
------------------------------------------------------
[       0,       1 ] 31995327  52.859%  52.859% ###########
(       1,       2 ] 22442969  37.077%  89.936% #######
(       2,       3 ]  5010903   8.278%  98.214% ##
(       3,       4 ]   894549   1.478%  99.692% 
(       4,       6 ]   364942   0.603% 100.295% 
(       6,      10 ]   136304   0.225% 100.520% 
(      10,      15 ]    38095   0.063% 100.583% 
(      15,      22 ]    25843   0.043% 100.626% 
(      22,      34 ]     2544   0.004% 100.630% 
(      34,      51 ]      663   0.001% 100.631% 
(      51,      76 ]     1743   0.003% 100.634% 
(      76,     110 ]     2288   0.004% 100.638% 
(     110,     170 ]     1938   0.003% 100.641% 
(     170,     250 ]     1795   0.003% 100.644% 
(     250,     380 ]     2107   0.003% 100.647% 
(     380,     580 ]     2119   0.004% 100.651% 
(     580,     870 ]     1946   0.003% 100.654% 
(     870,    1300 ]     1359   0.002% 100.656% 
(    1300,    1900 ]     1156   0.002% 100.658% 
(    1900,    2900 ]      846   0.001% 100.660% 
(    2900,    4400 ]      456   0.001% 100.660% 
(    4400,    6600 ]      191   0.000% 100.661% 
(    6600,    9900 ]       69   0.000% 100.661% 
(    9900,   14000 ]       23   0.000% 100.661% 
(   14000,   22000 ]       30   0.000% 100.661% 
(   22000,   33000 ]       36   0.000% 100.661% 
(   33000,   50000 ]       30   0.000% 100.661% 
(   50000,   75000 ]       36   0.000% 100.661% 
(   75000,  110000 ]       46   0.000% 100.661% 
(  110000,  170000 ]       29   0.000% 100.661% 
(  170000,  250000 ]       25   0.000% 100.661% 
(  250000,  380000 ]       10   0.000% 100.661% 
(  380000,  570000 ]        2   0.000% 100.661% 
(  570000,  860000 ]        2   0.000% 100.661% 
( 1200000, 1900000 ]        2   0.000% 100.661% 
( 2900000, 4300000 ]        1   0.000% 100.661% 

** Level 2 read latency histogram (micros):
Count: 33615730 Average: 157.4123  StdDev: 6528.55
Min: 0  Median: 1.3533  Max: 5451179
Percentiles: P50: 1.35 P75: 1.94 P99: 724.50 P99.9: 1588.81 P99.99: 1749.96
------------------------------------------------------
[       0,       1 ] 11771008  35.016%  35.016% #######
(       1,       2 ] 14254909  42.405%  77.422% ########
(       2,       3 ]  4657304  13.855%  91.276% ###
(       3,       4 ]  1083193   3.222%  94.499% #
(       4,       6 ]   327368   0.974%  95.473% 
(       6,      10 ]    63665   0.189%  95.662% 
(      10,      15 ]    35145   0.105%  95.766% 
(      15,      22 ]    21034   0.063%  95.829% 
(      22,      34 ]     8072   0.024%  95.853% 
(      34,      51 ]    25921   0.077%  95.930% 
(      51,      76 ]    61483   0.183%  96.113% 
(      76,     110 ]    38999   0.116%  96.229% 
(     110,     170 ]   156458   0.465%  96.694% 
(     170,     250 ]   192764   0.573%  97.268% 
(     250,     380 ]   239844   0.713%  97.981% 
(     380,     580 ]   238358   0.709%  98.690% 
(     580,     870 ]   208815   0.621%  99.312% 
(     870,    1300 ]   143554   0.427%  99.739% 
(    1300,    1900 ]   112643   0.335% 100.074% 
(    1900,    2900 ]    87181   0.259% 100.333% 
(    2900,    4400 ]    46699   0.139% 100.472% 
(    4400,    6600 ]    23543   0.070% 100.542% 
(    6600,    9900 ]     8800   0.026% 100.568% 
(    9900,   14000 ]     4281   0.013% 100.581% 
(   14000,   22000 ]     5327   0.016% 100.597% 
(   22000,   33000 ]     4711   0.014% 100.611% 
(   33000,   50000 ]     5173   0.015% 100.626% 
(   50000,   75000 ]     5902   0.018% 100.644% 
(   75000,  110000 ]     6049   0.018% 100.662% 
(  110000,  170000 ]     6242   0.019% 100.680% 
(  170000,  250000 ]     3465   0.010% 100.691% 
(  250000,  380000 ]     1469   0.004% 100.695% 
(  380000,  570000 ]      296   0.001% 100.696% 
(  570000,  860000 ]       68   0.000% 100.696% 
(  860000, 1200000 ]       65   0.000% 100.696% 
( 1200000, 1900000 ]       78   0.000% 100.697% 
( 1900000, 2900000 ]       41   0.000% 100.697% 
( 2900000, 4300000 ]       23   0.000% 100.697% 
( 4300000, 6500000 ]        4   0.000% 100.697% 


** DB Stats **
Uptime(secs): 2288.0 total, 0.3 interval
Cumulative writes: 93M writes, 93M keys, 12M commit groups, 7.7 writes per commit group, ingest: 91.08 GB, 40.76 MB/s
Cumulative WAL: 93M writes, 0 syncs, 93534696.00 writes per sync, written: 91.08 GB, 40.76 MB/s
Cumulative stall: 00:32:15.768 H:M:S, 84.6 percent
Interval writes: 4713 writes, 4713 keys, 593 commit groups, 7.9 writes per commit group, ingest: 4.70 MB, 18.01 MB/s
Interval WAL: 4714 writes, 0 syncs, 4714.00 writes per sync, written: 0.00 GB, 18.02 MB/s
Interval stall: 00:00:0.000 H:M:S, 0.0 percent
Write Stall (count): write-buffer-manager-limit-stops: 0
num-running-compactions: 2
num-running-flushes: 0

2026/08/31-02:51:16  ... thread 5: (112000,5845000) ops and (3425.9,2554.7) ops/second in (32.692205,2287.955573) seconds
2026/08/31-02:51:16  ... thread 14: (113000,5848000) ops and (3454.3,2556.0) ops/second in (32.713116,2287.956995) seconds
2026/08/31-02:51:16  ... thread 13: (113000,5848000) ops and (3455.8,2556.0) ops/second in (32.698253,2287.961040) seconds
2026/08/31-02:51:33  ... thread 15: (81000,5857000) ops and (2265.1,2541.4) ops/second in (35.760068,2304.631606) seconds
2026/08/31-02:51:33  ... thread 6: (81000,5857000) ops and (2254.3,2541.2) ops/second in (35.930690,2304.790425) seconds
2026/08/31-02:51:33  ... thread 12: (81000,5857000) ops and (2254.2,2541.2) ops/second in (35.933036,2304.813552) seconds
2026/08/31-02:51:33  ... thread 8: (81000,5854000) ops and (2237.9,2539.6) ops/second in (36.194196,2305.056439) seconds
2026/08/31-02:51:34  ... thread 9: (81000,5858000) ops and (2219.1,2541.0) ops/second in (36.501386,2305.382225) seconds
2026/08/31-02:51:34  ... thread 7: (81000,5857000) ops and (2208.5,2540.4) ops/second in (36.676638,2305.552020) seconds
2026/08/31-02:51:34  ... thread 10: (82000,5859000) ops and (2233.5,2541.2) ops/second in (36.713414,2305.565989) seconds
2026/08/31-02:51:34  ... thread 4: (81000,5862000) ops and (2183.8,2542.1) ops/second in (37.091237,2305.972013) seconds
2026/08/31-02:51:35  ... thread 1: (82000,5855000) ops and (2197.6,2538.8) ops/second in (37.314018,2306.173850) seconds
2026/08/31-02:51:35  ... thread 11: (82000,5857000) ops and (2184.1,2539.5) ops/second in (37.543965,2306.394191) seconds
2026/08/31-02:51:35  ... thread 2: (82000,5862000) ops and (2173.9,2541.4) ops/second in (37.721067,2306.593102) seconds
2026/08/31-02:51:47  ... thread 13: (30000,5878000) ops and (993.3,2535.6) ops/second in (30.202814,2318.163854) seconds
2026/08/31-02:51:47  ... thread 14: (30000,5878000) ops and (993.1,2535.6) ops/second in (30.207361,2318.164356) seconds
2026/08/31-02:51:47  ... thread 3: (31000,5876000) ops and (1025.0,2534.8) ops/second in (30.244825,2318.177312) seconds
2026/08/31-02:51:47  ... thread 0: (31000,5874000) ops and (1025.2,2533.9) ops/second in (30.237503,2318.180936) seconds

** Compaction Stats [default] **
Level    Files   Size     Score Read(GB)  Rn(GB) Rnp1(GB) Write(GB) WPreComp(GB) Wnew(GB) Moved(GB) W-Amp Rd(MB/s) Wr(MB/s) Comp(sec) CompMergeCPU(sec) Comp(cnt) Avg(sec) KeyIn KeyDrop Rblob(GB) Wblob(GB)
-------------------------------------------------------------------------------------------------------------------------------------------------------------------------------------------------------------
  L0      7/0    870.67 MB   1.8     84.5     0.0     84.5     176.8     176.8     92.3       0.0   1.9     18.1     37.8   4789.13            382.79      1838    2.606    179M    91K       0.0       0.0
  L1    155/17     9.39 GB   2.1    263.2    91.4    171.8     257.4     257.4     85.7       0.0   2.8    266.9    261.1   1009.83            811.15        43   23.484    267M  5829K       0.0       0.0
  L2    725/33    40.37 GB   1.0    209.2    64.4    144.8     191.9     191.9     47.0      11.9   3.0     14.1     13.0  15149.20            932.41      1040   14.567    212M    17M       0.0       0.0
  L3    336/0     18.61 GB   0.0      0.0     0.0      0.0       0.0       0.0      0.0      18.6   0.0      0.0      0.0      0.00              0.00         0    0.000       0      0       0.0       0.0
 Sum   1223/50    69.22 GB   0.0    556.9   155.8    401.1     626.1     626.1    225.0      30.6   6.8     27.2     30.6  20948.16           2126.35      2921    7.172    660M    23M       0.0       0.0
 Int      0/0      0.00 KB   0.0     10.6     3.6      7.0      10.8      10.8      3.8       0.4  22.3    118.8    121.0     91.59             34.50        11    8.326     11M   292K       0.0       0.0

** Compaction Stats [default] **
Priority    Files   Size     Score Read(GB)  Rn(GB) Rnp1(GB) Write(GB) WPreComp(GB) Wnew(GB) Moved(GB) W-Amp Rd(MB/s) Wr(MB/s) Comp(sec) CompMergeCPU(sec) Comp(cnt) Avg(sec) KeyIn KeyDrop Rblob(GB) Wblob(GB)
----------------------------------------------------------------------------------------------------------------------------------------------------------------------------------------------------------------
 Low      0/0      0.00 KB   0.0    556.9   155.8    401.1     533.7     533.7    132.6       0.0   0.0     32.0     30.6  17838.48           1963.27      1402   12.724    566M    23M       0.0       0.0
High      0/0      0.00 KB   0.0      0.0     0.0      0.0      92.4      92.4     92.4       0.0   0.0      0.0     30.4   3109.68            163.08      1519    2.047     94M      0       0.0       0.0

Blob file count: 0, total size: 0.0 GB, garbage size: 0.0 GB, space amp: 0.0

Uptime(secs): 2318.2 total, 30.5 interval
Flush(GB): cumulative 92.397, interval 0.486
AddFile(GB): cumulative 0.000, interval 0.000
AddFile(Total Files): cumulative 0, interval 0
AddFile(L0 Files): cumulative 0, interval 0
AddFile(Keys): cumulative 0, interval 0
Cumulative compaction: 626.07 GB write, 276.55 MB/s write, 556.85 GB read, 245.98 MB/s read, 20948.2 seconds
Interval compaction: 10.82 GB write, 363.42 MB/s write, 10.63 GB read, 356.82 MB/s read, 91.6 seconds
Estimated pending compaction bytes: 54037544786
Write Stall (count): cf-l0-file-count-limit-delays-with-ongoing-compaction: 123, cf-l0-file-count-limit-stops-with-ongoing-compaction: 0, l0-file-count-limit-delays: 123, l0-file-count-limit-stops: 0, memtable-limit-delays: 0, memtable-limit-stops: 1253, pending-compaction-bytes-delays: 0, pending-compaction-bytes-stops: 0, total-delays: 123, total-stops: 1253
interval: 8 total count
Block cache AutoHyperClockCache@0x5711ef9dd2d0#2018912 capacity: 512.00 MB seed: 591891029 usage: 16.85 MB table_size: 7453 occupancy: 4002 collections: 13 last_copies: 2 last_secs: 0.00027 secs_since: 152
Block cache entry stats(count,size,portion): Misc(4002,16.40 MB,3.20237%)

** File Read Latency Histogram By Level [default] **
** Level 0 read latency histogram (micros):
Count: 44463549 Average: 3.1434  StdDev: 1405.24
Min: 0  Median: 0.9424  Max: 4154556
Percentiles: P50: 0.94 P75: 1.56 P99: 3.11 P99.9: 4.87 P99.99: 5.49
------------------------------------------------------
[       0,       1 ] 23591742  53.059%  53.059% ###########
(       1,       2 ] 17557930  39.488%  92.547% ########
(       2,       3 ]  2827687   6.360%  98.907% #
(       3,       4 ]   385520   0.867%  99.774% 
(       4,       6 ]   129287   0.291% 100.064% 
(       6,      10 ]    53891   0.121% 100.186% 
(      10,      15 ]    20957   0.047% 100.233% 
(      15,      22 ]    12095   0.027% 100.260% 
(      22,      34 ]      875   0.002% 100.262% 
(      34,      51 ]      134   0.000% 100.262% 
(      51,      76 ]      546   0.001% 100.263% 
(      76,     110 ]     1095   0.002% 100.266% 
(     110,     170 ]       55   0.000% 100.266% 
(     170,     250 ]       31   0.000% 100.266% 
(     250,     380 ]       98   0.000% 100.266% 
(     380,     580 ]       17   0.000% 100.266% 
(     580,     870 ]       56   0.000% 100.266% 
(     870,    1300 ]      111   0.000% 100.267% 
(    1300,    1900 ]       88   0.000% 100.267% 
(    1900,    2900 ]       41   0.000% 100.267% 
(    2900,    4400 ]        9   0.000% 100.267% 
(    4400,    6600 ]        9   0.000% 100.267% 
(    6600,    9900 ]       14   0.000% 100.267% 
(    9900,   14000 ]       11   0.000% 100.267% 
(   14000,   22000 ]       29   0.000% 100.267% 
(   22000,   33000 ]       47   0.000% 100.267% 
(   33000,   50000 ]       36   0.000% 100.267% 
(   50000,   75000 ]      118   0.000% 100.268% 
(   75000,  110000 ]       83   0.000% 100.268% 
(  110000,  170000 ]       34   0.000% 100.268% 
(  170000,  250000 ]       17   0.000% 100.268% 
(  250000,  380000 ]        9   0.000% 100.268% 
(  380000,  570000 ]        1   0.000% 100.268% 
(  570000,  860000 ]        3   0.000% 100.268% 
(  860000, 1200000 ]        2   0.000% 100.268% 
( 1200000, 1900000 ]       12   0.000% 100.268% 
( 1900000, 2900000 ]        5   0.000% 100.268% 
( 2900000, 4300000 ]        2   0.000% 100.268% 

** Level 1 read latency histogram (micros):
Count: 61626488 Average: 2.3577  StdDev: 611.00
Min: 0  Median: 0.9461  Max: 3696283
Percentiles: P50: 0.95 P75: 1.60 P99: 3.53 P99.9: 4.70 P99.99: 5.00
------------------------------------------------------
[       0,       1 ] 32568424  52.848%  52.848% ###########
(       1,       2 ] 22859210  37.093%  89.941% #######
(       2,       3 ]  5102055   8.279%  98.220% ##
(       3,       4 ]   906265   1.471%  99.691% 
(       4,       6 ]   368504   0.598% 100.289% 
(       6,      10 ]   137987   0.224% 100.513% 
(      10,      15 ]    38860   0.063% 100.576% 
(      15,      22 ]    26241   0.043% 100.618% 
(      22,      34 ]     2699   0.004% 100.623% 
(      34,      51 ]      790   0.001% 100.624% 
(      51,      76 ]     2006   0.003% 100.627% 
(      76,     110 ]     2528   0.004% 100.631% 
(     110,     170 ]     2392   0.004% 100.635% 
(     170,     250 ]     2365   0.004% 100.639% 
(     250,     380 ]     2766   0.004% 100.644% 
(     380,     580 ]     2718   0.004% 100.648% 
(     580,     870 ]     2397   0.004% 100.652% 
(     870,    1300 ]     1543   0.003% 100.654% 
(    1300,    1900 ]     1251   0.002% 100.656% 
(    1900,    2900 ]      934   0.002% 100.658% 
(    2900,    4400 ]      490   0.001% 100.659% 
(    4400,    6600 ]      206   0.000% 100.659% 
(    6600,    9900 ]       73   0.000% 100.659% 
(    9900,   14000 ]       24   0.000% 100.659% 
(   14000,   22000 ]       31   0.000% 100.659% 
(   22000,   33000 ]       37   0.000% 100.659% 
(   33000,   50000 ]       30   0.000% 100.659% 
(   50000,   75000 ]       36   0.000% 100.659% 
(   75000,  110000 ]       46   0.000% 100.659% 
(  110000,  170000 ]       29   0.000% 100.660% 
(  170000,  250000 ]       25   0.000% 100.660% 
(  250000,  380000 ]       10   0.000% 100.660% 
(  380000,  570000 ]        2   0.000% 100.660% 
(  570000,  860000 ]        2   0.000% 100.660% 
( 1200000, 1900000 ]        2   0.000% 100.660% 
( 2900000, 4300000 ]        1   0.000% 100.660% 

** Level 2 read latency histogram (micros):
Count: 33774286 Average: 156.8039  StdDev: 6513.43
Min: 0  Median: 1.3535  Max: 5451179
Percentiles: P50: 1.35 P75: 1.94 P99: 722.48 P99.9: 1584.05 P99.99: 1745.66
------------------------------------------------------
[       0,       1 ] 11819428  34.995%  34.995% #######
(       1,       2 ] 14337617  42.451%  77.447% ########
(       2,       3 ]  4674171  13.839%  91.286% ###
(       3,       4 ]  1086245   3.216%  94.502% #
(       4,       6 ]   328362   0.972%  95.474% 
(       6,      10 ]    63952   0.189%  95.664% 
(      10,      15 ]    35281   0.104%  95.768% 
(      15,      22 ]    21114   0.063%  95.831% 
(      22,      34 ]     8363   0.025%  95.856% 
(      34,      51 ]    26166   0.077%  95.933% 
(      51,      76 ]    61883   0.183%  96.116% 
(      76,     110 ]    39328   0.116%  96.233% 
(     110,     170 ]   157316   0.466%  96.698% 
(     170,     250 ]   193745   0.574%  97.272% 
(     250,     380 ]   241072   0.714%  97.986% 
(     380,     580 ]   239502   0.709%  98.695% 
(     580,     870 ]   209644   0.621%  99.316% 
(     870,    1300 ]   143895   0.426%  99.742% 
(    1300,    1900 ]   112855   0.334% 100.076% 
(    1900,    2900 ]    87336   0.259% 100.335% 
(    2900,    4400 ]    46781   0.139% 100.473% 
(    4400,    6600 ]    23569   0.070% 100.543% 
(    6600,    9900 ]     8818   0.026% 100.569% 
(    9900,   14000 ]     4281   0.013% 100.582% 
(   14000,   22000 ]     5327   0.016% 100.597% 
(   22000,   33000 ]     4711   0.014% 100.611% 
(   33000,   50000 ]     5173   0.015% 100.627% 
(   50000,   75000 ]     5903   0.017% 100.644% 
(   75000,  110000 ]     6049   0.018% 100.662% 
(  110000,  170000 ]     6246   0.018% 100.681% 
(  170000,  250000 ]     3465   0.010% 100.691% 
(  250000,  380000 ]     1469   0.004% 100.695% 
(  380000,  570000 ]      296   0.001% 100.696% 
(  570000,  860000 ]       68   0.000% 100.696% 
(  860000, 1200000 ]       65   0.000% 100.696% 
( 1200000, 1900000 ]       78   0.000% 100.697% 
( 1900000, 2900000 ]       41   0.000% 100.697% 
( 2900000, 4300000 ]       23   0.000% 100.697% 
( 4300000, 6500000 ]        4   0.000% 100.697% 


** DB Stats **
Uptime(secs): 2318.2 total, 30.2 interval
Cumulative writes: 94M writes, 94M keys, 12M commit groups, 7.7 writes per commit group, ingest: 91.56 GB, 40.45 MB/s
Cumulative WAL: 94M writes, 0 syncs, 94031676.00 writes per sync, written: 91.56 GB, 40.45 MB/s
Cumulative stall: 00:32:37.154 H:M:S, 84.4 percent
Interval writes: 496K writes, 496K keys, 73K commit groups, 6.8 writes per commit group, ingest: 495.65 MB, 16.39 MB/s
Interval WAL: 496K writes, 0 syncs, 496980.00 writes per sync, written: 0.48 GB, 16.39 MB/s
Interval stall: 00:00:21.386 H:M:S, 70.7 percent
Write Stall (count): write-buffer-manager-limit-stops: 0
num-running-compactions: 18
num-running-flushes: 0

2026/08/31-02:51:47  ... thread 5: (31000,5876000) ops and (1025.3,2534.7) ops/second in (30.234321,2318.189894) seconds
2026/08/31-02:52:08  ... thread 15: (58000,5915000) ops and (1639.7,2527.8) ops/second in (35.371511,2340.003117) seconds
2026/08/31-02:52:08  ... thread 12: (58000,5915000) ops and (1648.1,2527.8) ops/second in (35.191473,2340.005025) seconds
2026/08/31-02:52:08  ... thread 6: (58000,5915000) ops and (1647.0,2527.8) ops/second in (35.214631,2340.005056) seconds
2026/08/31-02:52:08  ... thread 8: (58000,5912000) ops and (1659.2,2526.5) ops/second in (34.955828,2340.012267) seconds
2026/08/31-02:52:08  ... thread 4: (58000,5920000) ops and (1703.6,2529.9) ops/second in (34.045240,2340.017253) seconds
2026/08/31-02:52:08  ... thread 10: (58000,5917000) ops and (1683.5,2528.6) ops/second in (34.451304,2340.017293) seconds
2026/08/31-02:52:08  ... thread 1: (58000,5913000) ops and (1713.8,2526.9) ops/second in (33.843665,2340.017515) seconds
2026/08/31-02:52:08  ... thread 9: (58000,5916000) ops and (1674.6,2528.2) ops/second in (34.636065,2340.018290) seconds
2026/08/31-02:52:08  ... thread 7: (58000,5915000) ops and (1682.7,2527.8) ops/second in (34.467506,2340.019526) seconds
2026/08/31-02:52:08  ... thread 2: (58000,5920000) ops and (1734.7,2529.9) ops/second in (33.435309,2340.028411) seconds
2026/08/31-02:52:08  ... thread 11: (58000,5915000) ops and (1724.1,2527.7) ops/second in (33.639815,2340.034006) seconds
2026/08/31-02:52:19  ... thread 14: (62000,5940000) ops and (1935.3,2527.4) ops/second in (32.036118,2350.200474) seconds
2026/08/31-02:52:19  ... thread 13: (62000,5940000) ops and (1934.8,2527.4) ops/second in (32.045021,2350.208875) seconds
2026/08/31-02:52:19  ... thread 3: (62000,5938000) ops and (1933.7,2526.6) ops/second in (32.062836,2350.240148) seconds
2026/08/31-02:52:19  ... thread 0: (62000,5936000) ops and (1933.9,2525.7) ops/second in (32.059352,2350.240288) seconds

** Compaction Stats [default] **
Level    Files   Size     Score Read(GB)  Rn(GB) Rnp1(GB) Write(GB) WPreComp(GB) Wnew(GB) Moved(GB) W-Amp Rd(MB/s) Wr(MB/s) Comp(sec) CompMergeCPU(sec) Comp(cnt) Avg(sec) KeyIn KeyDrop Rblob(GB) Wblob(GB)
-------------------------------------------------------------------------------------------------------------------------------------------------------------------------------------------------------------
  L0     13/9      1.82 GB   1.0     85.2     0.0     85.2     178.5     178.5     93.3       0.0   1.9     18.0     37.7   4847.18            386.41      1856    2.612    181M    92K       0.0       0.0
  L1    126/16     7.64 GB   1.7    263.2    91.4    171.8     257.4     257.4     85.7       0.0   2.8    266.9    261.1   1009.83            811.15        43   23.484    267M  5829K       0.0       0.0
  L2    754/53    41.67 GB   1.0    214.7    66.1    148.6     197.0     197.0     48.3      11.9   3.0     14.2     13.0  15505.60            960.08      1069   14.505    218M    18M       0.0       0.0
  L3    336/0     18.61 GB   0.0      0.0     0.0      0.0       0.0       0.0      0.0      18.6   0.0      0.0      0.0      0.00              0.00         0    0.000       0      0       0.0       0.0
 Sum   1229/78    69.74 GB   0.0    563.1   157.6    405.6     632.9     632.9    227.3      30.6   6.8     27.0     30.3  21362.61           2157.64      2968    7.198    668M    24M       0.0       0.0
 Int      0/0      0.00 KB   0.0      0.0     0.0      0.0       0.1       0.1      0.1       0.0   1.0      0.0      8.7      7.14              0.13         1    7.136     61K      0       0.0       0.0

** Compaction Stats [default] **
Priority    Files   Size     Score Read(GB)  Rn(GB) Rnp1(GB) Write(GB) WPreComp(GB) Wnew(GB) Moved(GB) W-Amp Rd(MB/s) Wr(MB/s) Comp(sec) CompMergeCPU(sec) Comp(cnt) Avg(sec) KeyIn KeyDrop Rblob(GB) Wblob(GB)
----------------------------------------------------------------------------------------------------------------------------------------------------------------------------------------------------------------
 Low      0/0      0.00 KB   0.0    563.1   157.6    405.6     539.5     539.5    133.9       0.0   0.0     31.7     30.3  18212.51           1992.63      1433   12.709    573M    24M       0.0       0.0
High      0/0      0.00 KB   0.0      0.0     0.0      0.0      93.4      93.4     93.4       0.0   0.0      0.0     30.4   3150.10            165.01      1535    2.052     95M      0       0.0       0.0

Blob file count: 0, total size: 0.0 GB, garbage size: 0.0 GB, space amp: 0.0

Uptime(secs): 2350.2 total, 2.5 interval
Flush(GB): cumulative 93.369, interval 0.060
AddFile(GB): cumulative 0.000, interval 0.000
AddFile(Total Files): cumulative 0, interval 0
AddFile(L0 Files): cumulative 0, interval 0
AddFile(Keys): cumulative 0, interval 0
Cumulative compaction: 632.88 GB write, 275.75 MB/s write, 563.14 GB read, 245.36 MB/s read, 21362.6 seconds
Interval compaction: 0.06 GB write, 24.30 MB/s write, 0.00 GB read, 0.00 MB/s read, 7.1 seconds
Estimated pending compaction bytes: 52537203879
Write Stall (count): cf-l0-file-count-limit-delays-with-ongoing-compaction: 123, cf-l0-file-count-limit-stops-with-ongoing-compaction: 0, l0-file-count-limit-delays: 123, l0-file-count-limit-stops: 0, memtable-limit-delays: 0, memtable-limit-stops: 1271, pending-compaction-bytes-delays: 0, pending-compaction-bytes-stops: 0, total-delays: 123, total-stops: 1271
interval: 0 total count
Block cache AutoHyperClockCache@0x5711ef9dd2d0#2018912 capacity: 512.00 MB seed: 591891029 usage: 17.53 MB table_size: 7701 occupancy: 4164 collections: 14 last_copies: 0 last_secs: 0.000628 secs_since: 2
Block cache entry stats(count,size,portion): Misc(4164,17.06 MB,3.332%)

** File Read Latency Histogram By Level [default] **
** Level 0 read latency histogram (micros):
Count: 44726665 Average: 3.2313  StdDev: 1463.80
Min: 0  Median: 0.9406  Max: 4154556
Percentiles: P50: 0.94 P75: 1.55 P99: 3.10 P99.9: 4.87 P99.99: 5.50
------------------------------------------------------
[       0,       1 ] 23776817  53.160%  53.160% ###########
(       1,       2 ] 17631295  39.420%  92.580% ########
(       2,       3 ]  2831209   6.330%  98.910% #
(       3,       4 ]   386020   0.863%  99.773% 
(       4,       6 ]   129460   0.289% 100.063% 
(       6,      10 ]    54161   0.121% 100.184% 
(      10,      15 ]    21055   0.047% 100.231% 
(      15,      22 ]    12177   0.027% 100.258% 
(      22,      34 ]      877   0.002% 100.260% 
(      34,      51 ]      135   0.000% 100.261% 
(      51,      76 ]      551   0.001% 100.262% 
(      76,     110 ]     1106   0.002% 100.264% 
(     110,     170 ]       56   0.000% 100.264% 
(     170,     250 ]       31   0.000% 100.264% 
(     250,     380 ]       99   0.000% 100.265% 
(     380,     580 ]       18   0.000% 100.265% 
(     580,     870 ]       56   0.000% 100.265% 
(     870,    1300 ]      111   0.000% 100.265% 
(    1300,    1900 ]       88   0.000% 100.265% 
(    1900,    2900 ]       43   0.000% 100.265% 
(    2900,    4400 ]        9   0.000% 100.265% 
(    4400,    6600 ]        9   0.000% 100.265% 
(    6600,    9900 ]       14   0.000% 100.265% 
(    9900,   14000 ]       11   0.000% 100.265% 
(   14000,   22000 ]       29   0.000% 100.266% 
(   22000,   33000 ]       47   0.000% 100.266% 
(   33000,   50000 ]       37   0.000% 100.266% 
(   50000,   75000 ]      122   0.000% 100.266% 
(   75000,  110000 ]       83   0.000% 100.266% 
(  110000,  170000 ]       34   0.000% 100.266% 
(  170000,  250000 ]       17   0.000% 100.266% 
(  250000,  380000 ]       10   0.000% 100.266% 
(  380000,  570000 ]        1   0.000% 100.266% 
(  570000,  860000 ]        3   0.000% 100.266% 
(  860000, 1200000 ]        2   0.000% 100.266% 
( 1200000, 1900000 ]       13   0.000% 100.266% 
( 1900000, 2900000 ]        6   0.000% 100.266% 
( 2900000, 4300000 ]        2   0.000% 100.266% 

** Level 1 read latency histogram (micros):
Count: 62275037 Average: 2.9773  StdDev: 693.81
Min: 0  Median: 0.9520  Max: 3696283
Percentiles: P50: 0.95 P75: 1.61 P99: 3.57 P99.9: 4.82 P99.99: 5.11
------------------------------------------------------
[       0,       1 ] 32706162  52.519%  52.519% ###########
(       1,       2 ] 23133847  37.148%  89.667% #######
(       2,       3 ]  5271681   8.465%  98.132% ##
(       3,       4 ]   942959   1.514%  99.646% 
(       4,       6 ]   384865   0.618% 100.264% 
(       6,      10 ]   142134   0.228% 100.492% 
(      10,      15 ]    39907   0.064% 100.556% 
(      15,      22 ]    27090   0.044% 100.600% 
(      22,      34 ]     2805   0.005% 100.604% 
(      34,      51 ]      854   0.001% 100.606% 
(      51,      76 ]     2279   0.004% 100.609% 
(      76,     110 ]     2712   0.004% 100.614% 
(     110,     170 ]     3109   0.005% 100.619% 
(     170,     250 ]     3344   0.005% 100.624% 
(     250,     380 ]     4167   0.007% 100.631% 
(     380,     580 ]     4352   0.007% 100.638% 
(     580,     870 ]     3980   0.006% 100.644% 
(     870,    1300 ]     2548   0.004% 100.648% 
(    1300,    1900 ]     2103   0.003% 100.652% 
(    1900,    2900 ]     1547   0.002% 100.654% 
(    2900,    4400 ]      851   0.001% 100.656% 
(    4400,    6600 ]      417   0.001% 100.656% 
(    6600,    9900 ]      159   0.000% 100.656% 
(    9900,   14000 ]       71   0.000% 100.657% 
(   14000,   22000 ]       80   0.000% 100.657% 
(   22000,   33000 ]       70   0.000% 100.657% 
(   33000,   50000 ]       65   0.000% 100.657% 
(   50000,   75000 ]       88   0.000% 100.657% 
(   75000,  110000 ]      111   0.000% 100.657% 
(  110000,  170000 ]       61   0.000% 100.657% 
(  170000,  250000 ]       52   0.000% 100.657% 
(  250000,  380000 ]       20   0.000% 100.657% 
(  380000,  570000 ]        4   0.000% 100.657% 
(  570000,  860000 ]        2   0.000% 100.658% 
(  860000, 1200000 ]        1   0.000% 100.658% 
( 1200000, 1900000 ]        3   0.000% 100.658% 
( 2900000, 4300000 ]        1   0.000% 100.658% 

** Level 2 read latency histogram (micros):
Count: 34586176 Average: 158.8939  StdDev: 6509.56
Min: 0  Median: 1.3592  Max: 5451179
Percentiles: P50: 1.36 P75: 1.95 P99: 732.76 P99.9: 1606.94 P99.99: 1767.01
------------------------------------------------------
[       0,       1 ] 12012921  34.733%  34.733% #######
(       1,       2 ] 14698506  42.498%  77.232% ########
(       2,       3 ]  4832198  13.971%  91.203% ###
(       3,       4 ]  1122714   3.246%  94.449% #
(       4,       6 ]   339455   0.981%  95.431% 
(       6,      10 ]    65857   0.190%  95.621% 
(      10,      15 ]    36498   0.106%  95.727% 
(      15,      22 ]    21818   0.063%  95.790% 
(      22,      34 ]     8562   0.025%  95.814% 
(      34,      51 ]    26627   0.077%  95.891% 
(      51,      76 ]    63378   0.183%  96.075% 
(      76,     110 ]    40263   0.116%  96.191% 
(     110,     170 ]   161240   0.466%  96.657% 
(     170,     250 ]   199110   0.576%  97.233% 
(     250,     380 ]   248516   0.719%  97.951% 
(     380,     580 ]   248183   0.718%  98.669% 
(     580,     870 ]   217320   0.628%  99.297% 
(     870,    1300 ]   148741   0.430%  99.727% 
(    1300,    1900 ]   116677   0.337% 100.065% 
(    1900,    2900 ]    90321   0.261% 100.326% 
(    2900,    4400 ]    48263   0.140% 100.465% 
(    4400,    6600 ]    24401   0.071% 100.536% 
(    6600,    9900 ]     9207   0.027% 100.563% 
(    9900,   14000 ]     4502   0.013% 100.576% 
(   14000,   22000 ]     5564   0.016% 100.592% 
(   22000,   33000 ]     4943   0.014% 100.606% 
(   33000,   50000 ]     5413   0.016% 100.622% 
(   50000,   75000 ]     6198   0.018% 100.640% 
(   75000,  110000 ]     6302   0.018% 100.658% 
(  110000,  170000 ]     6492   0.019% 100.677% 
(  170000,  250000 ]     3607   0.010% 100.687% 
(  250000,  380000 ]     1516   0.004% 100.691% 
(  380000,  570000 ]      305   0.001% 100.692% 
(  570000,  860000 ]       70   0.000% 100.693% 
(  860000, 1200000 ]       69   0.000% 100.693% 
( 1200000, 1900000 ]       79   0.000% 100.693% 
( 1900000, 2900000 ]       42   0.000% 100.693% 
( 2900000, 4300000 ]       23   0.000% 100.693% 
( 4300000, 6500000 ]        4   0.000% 100.693% 


** DB Stats **
Uptime(secs): 2350.3 total, 2.5 interval
Cumulative writes: 95M writes, 95M keys, 12M commit groups, 7.7 writes per commit group, ingest: 92.53 GB, 40.32 MB/s
Cumulative WAL: 95M writes, 0 syncs, 95025673.00 writes per sync, written: 92.53 GB, 40.32 MB/s
Cumulative stall: 00:33:6.692 H:M:S, 84.5 percent
Interval writes: 14K writes, 14K keys, 1785 commit groups, 7.9 writes per commit group, ingest: 14.11 MB, 5.54 MB/s
Interval WAL: 14K writes, 0 syncs, 14141.00 writes per sync, written: 0.01 GB, 5.54 MB/s
Interval stall: 00:00:7.140 H:M:S, 280.3 percent
Write Stall (count): write-buffer-manager-limit-stops: 0
num-running-compactions: 18
num-running-flushes: 1

2026/08/31-02:52:19  ... thread 5: (62000,5938000) ops and (1934.2,2526.5) ops/second in (32.054806,2350.244700) seconds
2026/08/31-02:52:41  ... thread 1: (92000,6005000) ops and (2852.7,2531.3) ops/second in (32.249625,2372.267140) seconds
2026/08/31-02:52:41  ... thread 7: (92000,6007000) ops and (2852.8,2532.2) ops/second in (32.249222,2372.268748) seconds
2026/08/31-02:52:41  ... thread 2: (92000,6012000) ops and (2853.2,2534.3) ops/second in (32.244077,2372.272488) seconds
2026/08/31-02:52:41  ... thread 8: (93000,6005000) ops and (2882.5,2531.3) ops/second in (32.263178,2372.275445) seconds
2026/08/31-02:52:41  ... thread 11: (92000,6007000) ops and (2853.3,2532.2) ops/second in (32.243272,2372.277278) seconds
2026/08/31-02:52:41  ... thread 9: (93000,6009000) ops and (2882.4,2533.0) ops/second in (32.265164,2372.283454) seconds
2026/08/31-02:52:41  ... thread 12: (93000,6008000) ops and (2881.0,2532.6) ops/second in (32.280171,2372.285196) seconds
2026/08/31-02:52:41  ... thread 15: (93000,6008000) ops and (2880.8,2532.6) ops/second in (32.282853,2372.285970) seconds
2026/08/31-02:52:41  ... thread 6: (93000,6008000) ops and (2876.6,2532.5) ops/second in (32.329858,2372.334914) seconds
2026/08/31-02:52:41  ... thread 4: (93000,6013000) ops and (2877.7,2534.6) ops/second in (32.317941,2372.335194) seconds
2026/08/31-02:52:41  ... thread 10: (93000,6010000) ops and (2877.4,2533.4) ops/second in (32.321396,2372.338689) seconds
2026/08/31-02:52:54  ... thread 13: (123000,6063000) ops and (3475.7,2541.5) ops/second in (35.388105,2385.596980) seconds
2026/08/31-02:52:54  ... thread 3: (123000,6061000) ops and (3472.9,2540.6) ops/second in (35.416858,2385.657006) seconds
2026/08/31-02:52:54  ... thread 0: (123000,6059000) ops and (3472.5,2539.8) ops/second in (35.420814,2385.661102) seconds
2026/08/31-02:52:54  ... thread 14: (124000,6064000) ops and (3496.2,2541.8) ops/second in (35.466740,2385.667214) seconds
2026/08/31-02:52:54  ... thread 5: (123000,6061000) ops and (3471.9,2540.6) ops/second in (35.427278,2385.671978) seconds

** Compaction Stats [default] **
Level    Files   Size     Score Read(GB)  Rn(GB) Rnp1(GB) Write(GB) WPreComp(GB) Wnew(GB) Moved(GB) W-Amp Rd(MB/s) Wr(MB/s) Comp(sec) CompMergeCPU(sec) Comp(cnt) Avg(sec) KeyIn KeyDrop Rblob(GB) Wblob(GB)
-------------------------------------------------------------------------------------------------------------------------------------------------------------------------------------------------------------
  L0     16/14     3.76 GB   0.5     87.5     0.0     87.5     182.7     182.7     95.2       0.0   1.9     18.2     38.0   4919.11            396.26      1897    2.593    186M    94K       0.0       0.0
  L1    103/103    6.20 GB   0.0    263.2    91.4    171.8     257.4     257.4     85.7       0.0   2.8    266.9    261.1   1009.83            811.15        43   23.484    267M  5829K       0.0       0.0
  L2    724/0     39.91 GB   1.0    220.3    67.5    152.8     201.9     201.9     49.1      11.9   3.0     14.1     12.9  15974.64            991.41      1092   14.629    224M    18M       0.0       0.0
  L3    379/0     21.11 GB   0.1      0.0     0.0      0.0       0.0       0.0      0.0      21.1   0.0      0.0      0.0      0.00              0.00         0    0.000       0      0       0.0       0.0
 Sum   1222/117   70.98 GB   0.0    571.1   159.0    412.1     642.0     642.0    230.0      33.1   6.7     26.7     30.0  21903.59           2198.83      3032    7.224    678M    24M       0.0       0.0
 Int      0/0      0.00 KB   0.0      7.9     1.4      6.5       9.2       9.2      2.7       2.5   4.6     14.8     17.2    548.11             41.32        65    8.432     10M   722K       0.0       0.0

** Compaction Stats [default] **
Priority    Files   Size     Score Read(GB)  Rn(GB) Rnp1(GB) Write(GB) WPreComp(GB) Wnew(GB) Moved(GB) W-Amp Rd(MB/s) Wr(MB/s) Comp(sec) CompMergeCPU(sec) Comp(cnt) Avg(sec) KeyIn KeyDrop Rblob(GB) Wblob(GB)
----------------------------------------------------------------------------------------------------------------------------------------------------------------------------------------------------------------
 Low      0/0      0.00 KB   0.0    571.1   159.0    412.1     546.7     546.7    134.7       0.0   0.0     31.2     29.9  18716.60           2030.35      1465   12.776    581M    24M       0.0       0.0
High      0/0      0.00 KB   0.0      0.0     0.0      0.0      95.3      95.3     95.3       0.0   0.0      0.0     30.6   3186.98            168.47      1567    2.034     96M      0       0.0       0.0

Blob file count: 0, total size: 0.0 GB, garbage size: 0.0 GB, space amp: 0.0

Uptime(secs): 2385.7 total, 38.0 interval
Flush(GB): cumulative 95.313, interval 2.005
AddFile(GB): cumulative 0.000, interval 0.000
AddFile(Total Files): cumulative 0, interval 0
AddFile(L0 Files): cumulative 0, interval 0
AddFile(Keys): cumulative 0, interval 0
Cumulative compaction: 642.04 GB write, 275.58 MB/s write, 571.06 GB read, 245.11 MB/s read, 21903.6 seconds
Interval compaction: 9.22 GB write, 248.56 MB/s write, 7.93 GB read, 213.68 MB/s read, 548.1 seconds
Estimated pending compaction bytes: 51943945705
Write Stall (count): cf-l0-file-count-limit-delays-with-ongoing-compaction: 126, cf-l0-file-count-limit-stops-with-ongoing-compaction: 0, l0-file-count-limit-delays: 126, l0-file-count-limit-stops: 0, memtable-limit-delays: 0, memtable-limit-stops: 1297, pending-compaction-bytes-delays: 0, pending-compaction-bytes-stops: 0, total-delays: 126, total-stops: 1297
interval: 29 total count
Block cache AutoHyperClockCache@0x5711ef9dd2d0#2018912 capacity: 512.00 MB seed: 591891029 usage: 17.53 MB table_size: 7701 occupancy: 4164 collections: 14 last_copies: 0 last_secs: 0.000628 secs_since: 37
Block cache entry stats(count,size,portion): Misc(4164,17.06 MB,3.332%)

** File Read Latency Histogram By Level [default] **
** Level 0 read latency histogram (micros):
Count: 45356787 Average: 3.2178  StdDev: 1453.92
Min: 0  Median: 0.9398  Max: 4154556
Percentiles: P50: 0.94 P75: 1.55 P99: 3.10 P99.9: 4.88 P99.99: 5.50
------------------------------------------------------
[       0,       1 ] 24131352  53.203%  53.203% ###########
(       1,       2 ] 17873613  39.407%  92.610% ########
(       2,       3 ]  2858490   6.302%  98.912% #
(       3,       4 ]   390431   0.861%  99.773% 
(       4,       6 ]   131059   0.289% 100.062% 
(       6,      10 ]    54858   0.121% 100.183% 
(      10,      15 ]    21268   0.047% 100.230% 
(      15,      22 ]    12293   0.027% 100.257% 
(      22,      34 ]      885   0.002% 100.259% 
(      34,      51 ]      137   0.000% 100.259% 
(      51,      76 ]      561   0.001% 100.261% 
(      76,     110 ]     1130   0.002% 100.263% 
(     110,     170 ]       56   0.000% 100.263% 
(     170,     250 ]       33   0.000% 100.263% 
(     250,     380 ]      102   0.000% 100.263% 
(     380,     580 ]       20   0.000% 100.263% 
(     580,     870 ]       56   0.000% 100.264% 
(     870,    1300 ]      113   0.000% 100.264% 
(    1300,    1900 ]       90   0.000% 100.264% 
(    1900,    2900 ]       45   0.000% 100.264% 
(    2900,    4400 ]       11   0.000% 100.264% 
(    4400,    6600 ]        9   0.000% 100.264% 
(    6600,    9900 ]       15   0.000% 100.264% 
(    9900,   14000 ]       11   0.000% 100.264% 
(   14000,   22000 ]       29   0.000% 100.264% 
(   22000,   33000 ]       47   0.000% 100.264% 
(   33000,   50000 ]       37   0.000% 100.264% 
(   50000,   75000 ]      125   0.000% 100.265% 
(   75000,  110000 ]       84   0.000% 100.265% 
(  110000,  170000 ]       35   0.000% 100.265% 
(  170000,  250000 ]       17   0.000% 100.265% 
(  250000,  380000 ]       10   0.000% 100.265% 
(  380000,  570000 ]        1   0.000% 100.265% 
(  570000,  860000 ]        3   0.000% 100.265% 
(  860000, 1200000 ]        2   0.000% 100.265% 
( 1200000, 1900000 ]       13   0.000% 100.265% 
( 1900000, 2900000 ]        6   0.000% 100.265% 
( 2900000, 4300000 ]        2   0.000% 100.265% 

** Level 1 read latency histogram (micros):
Count: 62743530 Average: 2.9703  StdDev: 691.22
Min: 0  Median: 0.9544  Max: 3696283
Percentiles: P50: 0.95 P75: 1.61 P99: 3.59 P99.9: 4.85 P99.99: 5.13
------------------------------------------------------
[       0,       1 ] 32871690  52.391%  52.391% ##########
(       1,       2 ] 23320370  37.168%  89.558% #######
(       2,       3 ]  5358777   8.541%  98.099% ##
(       3,       4 ]   963438   1.536%  99.635% 
(       4,       6 ]   393290   0.627% 100.261% 
(       6,      10 ]   144569   0.230% 100.492% 
(      10,      15 ]    40549   0.065% 100.556% 
(      15,      22 ]    27508   0.044% 100.600% 
(      22,      34 ]     2859   0.005% 100.605% 
(      34,      51 ]      863   0.001% 100.606% 
(      51,      76 ]     2279   0.004% 100.610% 
(      76,     110 ]     2716   0.004% 100.614% 
(     110,     170 ]     3110   0.005% 100.619% 
(     170,     250 ]     3344   0.005% 100.624% 
(     250,     380 ]     4167   0.007% 100.631% 
(     380,     580 ]     4352   0.007% 100.638% 
(     580,     870 ]     3980   0.006% 100.644% 
(     870,    1300 ]     2548   0.004% 100.648% 
(    1300,    1900 ]     2103   0.003% 100.652% 
(    1900,    2900 ]     1547   0.002% 100.654% 
(    2900,    4400 ]      851   0.001% 100.656% 
(    4400,    6600 ]      417   0.001% 100.656% 
(    6600,    9900 ]      159   0.000% 100.657% 
(    9900,   14000 ]       71   0.000% 100.657% 
(   14000,   22000 ]       80   0.000% 100.657% 
(   22000,   33000 ]       70   0.000% 100.657% 
(   33000,   50000 ]       65   0.000% 100.657% 
(   50000,   75000 ]       88   0.000% 100.657% 
(   75000,  110000 ]      111   0.000% 100.657% 
(  110000,  170000 ]       61   0.000% 100.657% 
(  170000,  250000 ]       52   0.000% 100.658% 
(  250000,  380000 ]       20   0.000% 100.658% 
(  380000,  570000 ]        4   0.000% 100.658% 
(  570000,  860000 ]        2   0.000% 100.658% 
(  860000, 1200000 ]        1   0.000% 100.658% 
( 1200000, 1900000 ]        3   0.000% 100.658% 
( 2900000, 4300000 ]        1   0.000% 100.658% 

** Level 2 read latency histogram (micros):
Count: 35345905 Average: 159.5697  StdDev: 6534.37
Min: 0  Median: 1.3644  Max: 5451179
Percentiles: P50: 1.36 P75: 1.95 P99: 744.38 P99.9: 1629.97 P99.99: 1787.74
------------------------------------------------------
[       0,       1 ] 12198614  34.512%  34.512% #######
(       1,       2 ] 15021973  42.500%  77.012% ########
(       2,       3 ]  4973714  14.072%  91.084% ###
(       3,       4 ]  1159420   3.280%  94.364% #
(       4,       6 ]   349911   0.990%  95.354% 
(       6,      10 ]    67556   0.191%  95.545% 
(      10,      15 ]    37754   0.107%  95.652% 
(      15,      22 ]    22476   0.064%  95.715% 
(      22,      34 ]     8878   0.025%  95.740% 
(      34,      51 ]    27804   0.079%  95.819% 
(      51,      76 ]    65679   0.186%  96.005% 
(      76,     110 ]    41789   0.118%  96.123% 
(     110,     170 ]   166943   0.472%  96.595% 
(     170,     250 ]   206441   0.584%  97.179% 
(     250,     380 ]   257708   0.729%  97.909% 
(     380,     580 ]   257891   0.730%  98.638% 
(     580,     870 ]   225638   0.638%  99.277% 
(     870,    1300 ]   153839   0.435%  99.712% 
(    1300,    1900 ]   120977   0.342% 100.054% 
(    1900,    2900 ]    93852   0.266% 100.320% 
(    2900,    4400 ]    50225   0.142% 100.462% 
(    4400,    6600 ]    25245   0.071% 100.533% 
(    6600,    9900 ]     9480   0.027% 100.560% 
(    9900,   14000 ]     4621   0.013% 100.573% 
(   14000,   22000 ]     5696   0.016% 100.589% 
(   22000,   33000 ]     5028   0.014% 100.603% 
(   33000,   50000 ]     5532   0.016% 100.619% 
(   50000,   75000 ]     6340   0.018% 100.637% 
(   75000,  110000 ]     6457   0.018% 100.655% 
(  110000,  170000 ]     6627   0.019% 100.674% 
(  170000,  250000 ]     3665   0.010% 100.684% 
(  250000,  380000 ]     1536   0.004% 100.689% 
(  380000,  570000 ]      307   0.001% 100.690% 
(  570000,  860000 ]       74   0.000% 100.690% 
(  860000, 1200000 ]       73   0.000% 100.690% 
( 1200000, 1900000 ]       86   0.000% 100.690% 
( 1900000, 2900000 ]       45   0.000% 100.690% 
( 2900000, 4300000 ]       23   0.000% 100.690% 
( 4300000, 6500000 ]        4   0.000% 100.690% 


** DB Stats **
Uptime(secs): 2385.7 total, 35.4 interval
Cumulative writes: 97M writes, 97M keys, 12M commit groups, 7.7 writes per commit group, ingest: 94.46 GB, 40.54 MB/s
Cumulative WAL: 97M writes, 0 syncs, 97001387.00 writes per sync, written: 94.46 GB, 40.54 MB/s
Cumulative stall: 00:33:37.053 H:M:S, 84.5 percent
Interval writes: 1975K writes, 1975K keys, 256K commit groups, 7.7 writes per commit group, ingest: 1970.03 MB, 55.59 MB/s
Interval WAL: 1975K writes, 0 syncs, 1975714.00 writes per sync, written: 1.92 GB, 55.59 MB/s
Interval stall: 00:00:30.361 H:M:S, 85.7 percent
Write Stall (count): write-buffer-manager-limit-stops: 0
num-running-compactions: 1
num-running-flushes: 0

2026/08/31-02:53:22  ... thread 4: (85000,6098000) ops and (2075.1,2526.8) ops/second in (40.962377,2413.297571) seconds
2026/08/31-02:53:22  ... thread 15: (85000,6093000) ops and (2072.5,2524.8) ops/second in (41.012407,2413.298377) seconds
2026/08/31-02:53:22  ... thread 9: (86000,6095000) ops and (2090.5,2525.5) ops/second in (41.139146,2413.422600) seconds
2026/08/31-02:53:22  ... thread 7: (86000,6093000) ops and (2089.7,2524.6) ops/second in (41.154577,2413.423325) seconds
2026/08/31-02:53:22  ... thread 11: (85000,6092000) ops and (2062.0,2524.1) ops/second in (41.222998,2413.500276) seconds
2026/08/31-02:53:22  ... thread 6: (85000,6093000) ops and (2063.2,2524.5) ops/second in (41.198877,2413.533791) seconds
2026/08/31-02:53:22  ... thread 12: (86000,6094000) ops and (2083.9,2524.9) ops/second in (41.269085,2413.554281) seconds
2026/08/31-02:53:22  ... thread 1: (86000,6091000) ops and (2081.5,2523.6) ops/second in (41.316828,2413.583968) seconds
2026/08/31-02:53:22  ... thread 8: (86000,6091000) ops and (2081.9,2523.6) ops/second in (41.309066,2413.584511) seconds
2026/08/31-02:53:22  ... thread 10: (85000,6095000) ops and (2060.8,2525.3) ops/second in (41.246024,2413.584713) seconds
2026/08/31-02:53:22  ... thread 2: (86000,6098000) ops and (2081.7,2526.5) ops/second in (41.313355,2413.585843) seconds
2026/08/31-02:53:29  ... thread 14: (38000,6102000) ops and (1096.2,2521.1) ops/second in (34.663972,2420.331186) seconds
2026/08/31-02:53:29  ... thread 3: (39000,6100000) ops and (1124.6,2520.3) ops/second in (34.679438,2420.336444) seconds
2026/08/31-02:53:29  ... thread 5: (39000,6100000) ops and (1125.0,2520.3) ops/second in (34.665869,2420.337847) seconds
2026/08/31-02:53:29  ... thread 13: (40000,6103000) ops and (1151.3,2521.5) ops/second in (34.744288,2420.341268) seconds
2026/08/31-02:53:29  ... thread 0: (38000,6097000) ops and (1095.7,2519.1) ops/second in (34.680609,2420.341711) seconds

** Compaction Stats [default] **
Level    Files   Size     Score Read(GB)  Rn(GB) Rnp1(GB) Write(GB) WPreComp(GB) Wnew(GB) Moved(GB) W-Amp Rd(MB/s) Wr(MB/s) Comp(sec) CompMergeCPU(sec) Comp(cnt) Avg(sec) KeyIn KeyDrop Rblob(GB) Wblob(GB)
-------------------------------------------------------------------------------------------------------------------------------------------------------------------------------------------------------------
  L0      6/4    745.83 MB   0.5     88.0     0.0     88.0     183.8     183.8     95.8       0.0   1.9     18.0     37.6   5000.37            398.92      1909    2.619    187M    95K       0.0       0.0
  L1    152/16     9.24 GB   2.1    273.0    95.1    178.0     267.0     267.0     89.1       0.0   2.8    265.3    259.4   1053.89            843.31        44   23.952    277M  6113K       0.0       0.0
  L2    727/39    40.23 GB   0.9    220.3    67.5    152.8     201.9     201.9     49.1      12.3   3.0     14.1     12.9  15974.64            991.41      1092   14.629    224M    18M       0.0       0.0
  L3    379/0     21.11 GB   0.1      0.0     0.0      0.0       0.0       0.0      0.0      21.1   0.0      0.0      0.0      0.00              0.00         0    0.000       0      0       0.0       0.0
 Sum   1264/59    71.31 GB   0.0    581.4   162.6    418.8     652.7     652.7    233.9      33.4   6.8     27.0     30.3  22028.91           2233.65      3045    7.234    689M    25M       0.0       0.0
 Int      0/0      0.00 KB   0.0     10.1     3.6      6.4      10.0      10.0      3.6       0.3  41.4    119.0    118.6     86.77             33.37         6   14.462     10M   283K       0.0       0.0

** Compaction Stats [default] **
Priority    Files   Size     Score Read(GB)  Rn(GB) Rnp1(GB) Write(GB) WPreComp(GB) Wnew(GB) Moved(GB) W-Amp Rd(MB/s) Wr(MB/s) Comp(sec) CompMergeCPU(sec) Comp(cnt) Avg(sec) KeyIn KeyDrop Rblob(GB) Wblob(GB)
----------------------------------------------------------------------------------------------------------------------------------------------------------------------------------------------------------------
 Low      0/0      0.00 KB   0.0    581.4   162.6    418.8     556.8     556.8    138.0       0.0   0.0     31.7     30.4  18783.19           2063.94      1468   12.795    591M    25M       0.0       0.0
High      0/0      0.00 KB   0.0      0.0     0.0      0.0      95.9      95.9     95.9       0.0   0.0      0.0     30.3   3245.72            169.71      1577    2.058     97M      0       0.0       0.0

Blob file count: 0, total size: 0.0 GB, garbage size: 0.0 GB, space amp: 0.0

Uptime(secs): 2420.4 total, 12.6 interval
Flush(GB): cumulative 95.921, interval 0.243
AddFile(GB): cumulative 0.000, interval 0.000
AddFile(Total Files): cumulative 0, interval 0
AddFile(L0 Files): cumulative 0, interval 0
AddFile(Keys): cumulative 0, interval 0
Cumulative compaction: 652.69 GB write, 276.14 MB/s write, 581.39 GB read, 245.97 MB/s read, 22028.9 seconds
Interval compaction: 10.05 GB write, 813.97 MB/s write, 10.08 GB read, 816.98 MB/s read, 86.8 seconds
Estimated pending compaction bytes: 52674825617
Write Stall (count): cf-l0-file-count-limit-delays-with-ongoing-compaction: 129, cf-l0-file-count-limit-stops-with-ongoing-compaction: 0, l0-file-count-limit-delays: 129, l0-file-count-limit-stops: 0, memtable-limit-delays: 0, memtable-limit-stops: 1302, pending-compaction-bytes-delays: 0, pending-compaction-bytes-stops: 0, total-delays: 129, total-stops: 1302
interval: 3 total count
Block cache AutoHyperClockCache@0x5711ef9dd2d0#2018912 capacity: 512.00 MB seed: 591891029 usage: 17.53 MB table_size: 7701 occupancy: 4164 collections: 14 last_copies: 1 last_secs: 0.000628 secs_since: 72
Block cache entry stats(count,size,portion): Misc(4164,17.06 MB,3.332%)

** File Read Latency Histogram By Level [default] **
** Level 0 read latency histogram (micros):
Count: 46297721 Average: 3.2470  StdDev: 1460.50
Min: 0  Median: 0.9457  Max: 4154556
Percentiles: P50: 0.95 P75: 1.56 P99: 3.12 P99.9: 4.88 P99.99: 5.48
------------------------------------------------------
[       0,       1 ] 24476723  52.868%  52.868% ###########
(       1,       2 ] 18334472  39.601%  92.469% ########
(       2,       3 ]  2973967   6.424%  98.893% #
(       3,       4 ]   406241   0.877%  99.770% 
(       4,       6 ]   137000   0.296% 100.066% 
(       6,      10 ]    56502   0.122% 100.188% 
(      10,      15 ]    21843   0.047% 100.235% 
(      15,      22 ]    12529   0.027% 100.263% 
(      22,      34 ]      907   0.002% 100.265% 
(      34,      51 ]      140   0.000% 100.265% 
(      51,      76 ]      561   0.001% 100.266% 
(      76,     110 ]     1142   0.002% 100.268% 
(     110,     170 ]       56   0.000% 100.269% 
(     170,     250 ]       34   0.000% 100.269% 
(     250,     380 ]      103   0.000% 100.269% 
(     380,     580 ]       20   0.000% 100.269% 
(     580,     870 ]       56   0.000% 100.269% 
(     870,    1300 ]      113   0.000% 100.269% 
(    1300,    1900 ]       90   0.000% 100.270% 
(    1900,    2900 ]       45   0.000% 100.270% 
(    2900,    4400 ]       11   0.000% 100.270% 
(    4400,    6600 ]        9   0.000% 100.270% 
(    6600,    9900 ]       15   0.000% 100.270% 
(    9900,   14000 ]       11   0.000% 100.270% 
(   14000,   22000 ]       29   0.000% 100.270% 
(   22000,   33000 ]       48   0.000% 100.270% 
(   33000,   50000 ]       40   0.000% 100.270% 
(   50000,   75000 ]      126   0.000% 100.270% 
(   75000,  110000 ]       84   0.000% 100.270% 
(  110000,  170000 ]       35   0.000% 100.270% 
(  170000,  250000 ]       18   0.000% 100.271% 
(  250000,  380000 ]       10   0.000% 100.271% 
(  380000,  570000 ]        1   0.000% 100.271% 
(  570000,  860000 ]        4   0.000% 100.271% 
(  860000, 1200000 ]        2   0.000% 100.271% 
( 1200000, 1900000 ]       14   0.000% 100.271% 
( 1900000, 2900000 ]        6   0.000% 100.271% 
( 2900000, 4300000 ]        2   0.000% 100.271% 

** Level 1 read latency histogram (micros):
Count: 64085896 Average: 2.9415  StdDev: 683.94
Min: 0  Median: 0.9547  Max: 3696283
Percentiles: P50: 0.95 P75: 1.61 P99: 3.57 P99.9: 4.81 P99.99: 5.10
------------------------------------------------------
[       0,       1 ] 33564126  52.374%  52.374% ##########
(       1,       2 ] 23885981  37.272%  89.645% #######
(       2,       3 ]  5434888   8.481%  98.126% ##
(       3,       4 ]   976630   1.524%  99.650% 
(       4,       6 ]   396854   0.619% 100.269% 
(       6,      10 ]   146334   0.228% 100.498% 
(      10,      15 ]    41165   0.064% 100.562% 
(      15,      22 ]    27798   0.043% 100.605% 
(      22,      34 ]     2895   0.005% 100.610% 
(      34,      51 ]      869   0.001% 100.611% 
(      51,      76 ]     2306   0.004% 100.615% 
(      76,     110 ]     2828   0.004% 100.619% 
(     110,     170 ]     3124   0.005% 100.624% 
(     170,     250 ]     3347   0.005% 100.629% 
(     250,     380 ]     4167   0.007% 100.636% 
(     380,     580 ]     4352   0.007% 100.643% 
(     580,     870 ]     3980   0.006% 100.649% 
(     870,    1300 ]     2548   0.004% 100.653% 
(    1300,    1900 ]     2103   0.003% 100.656% 
(    1900,    2900 ]     1547   0.002% 100.658% 
(    2900,    4400 ]      851   0.001% 100.660% 
(    4400,    6600 ]      417   0.001% 100.660% 
(    6600,    9900 ]      159   0.000% 100.661% 
(    9900,   14000 ]       71   0.000% 100.661% 
(   14000,   22000 ]       80   0.000% 100.661% 
(   22000,   33000 ]       70   0.000% 100.661% 
(   33000,   50000 ]       65   0.000% 100.661% 
(   50000,   75000 ]       88   0.000% 100.661% 
(   75000,  110000 ]      111   0.000% 100.661% 
(  110000,  170000 ]       61   0.000% 100.661% 
(  170000,  250000 ]       52   0.000% 100.662% 
(  250000,  380000 ]       20   0.000% 100.662% 
(  380000,  570000 ]        4   0.000% 100.662% 
(  570000,  860000 ]        2   0.000% 100.662% 
(  860000, 1200000 ]        1   0.000% 100.662% 
( 1200000, 1900000 ]        3   0.000% 100.662% 
( 2900000, 4300000 ]        1   0.000% 100.662% 

** Level 2 read latency histogram (micros):
Count: 35357992 Average: 159.5191  StdDev: 6533.25
Min: 0  Median: 1.3646  Max: 5451179
Percentiles: P50: 1.36 P75: 1.95 P99: 744.05 P99.9: 1629.19 P99.99: 1787.01
------------------------------------------------------
[       0,       1 ] 12199885  34.504%  34.504% #######
(       1,       2 ] 15027839  42.502%  77.006% #########
(       2,       3 ]  4976401  14.074%  91.080% ###
(       3,       4 ]  1161029   3.284%  94.364% #
(       4,       6 ]   350161   0.990%  95.354% 
(       6,      10 ]    67597   0.191%  95.545% 
(      10,      15 ]    37774   0.107%  95.652% 
(      15,      22 ]    22492   0.064%  95.716% 
(      22,      34 ]     8881   0.025%  95.741% 
(      34,      51 ]    27818   0.079%  95.820% 
(      51,      76 ]    65738   0.186%  96.005% 
(      76,     110 ]    41809   0.118%  96.124% 
(     110,     170 ]   167087   0.473%  96.596% 
(     170,     250 ]   206592   0.584%  97.181% 
(     250,     380 ]   257768   0.729%  97.910% 
(     380,     580 ]   257897   0.729%  98.639% 
(     580,     870 ]   225652   0.638%  99.277% 
(     870,    1300 ]   153844   0.435%  99.712% 
(    1300,    1900 ]   120980   0.342% 100.054% 
(    1900,    2900 ]    93855   0.265% 100.320% 
(    2900,    4400 ]    50227   0.142% 100.462% 
(    4400,    6600 ]    25246   0.071% 100.533% 
(    6600,    9900 ]     9480   0.027% 100.560% 
(    9900,   14000 ]     4621   0.013% 100.573% 
(   14000,   22000 ]     5696   0.016% 100.589% 
(   22000,   33000 ]     5028   0.014% 100.604% 
(   33000,   50000 ]     5532   0.016% 100.619% 
(   50000,   75000 ]     6340   0.018% 100.637% 
(   75000,  110000 ]     6457   0.018% 100.655% 
(  110000,  170000 ]     6627   0.019% 100.674% 
(  170000,  250000 ]     3665   0.010% 100.685% 
(  250000,  380000 ]     1536   0.004% 100.689% 
(  380000,  570000 ]      307   0.001% 100.690% 
(  570000,  860000 ]       74   0.000% 100.690% 
(  860000, 1200000 ]       73   0.000% 100.690% 
( 1200000, 1900000 ]       86   0.000% 100.690% 
( 1900000, 2900000 ]       45   0.000% 100.691% 
( 2900000, 4300000 ]       23   0.000% 100.691% 
( 4300000, 6500000 ]        4   0.000% 100.691% 


** DB Stats **
Uptime(secs): 2420.4 total, 12.6 interval
Cumulative writes: 97M writes, 97M keys, 12M commit groups, 7.7 writes per commit group, ingest: 95.06 GB, 40.22 MB/s
Cumulative WAL: 97M writes, 0 syncs, 97621595.00 writes per sync, written: 95.06 GB, 40.22 MB/s
Cumulative stall: 00:34:8.912 H:M:S, 84.7 percent
Interval writes: 136K writes, 136K keys, 19K commit groups, 7.0 writes per commit group, ingest: 136.42 MB, 10.79 MB/s
Interval WAL: 136K writes, 0 syncs, 136790.00 writes per sync, written: 0.13 GB, 10.79 MB/s
Interval stall: 00:00:17.609 H:M:S, 139.3 percent
Write Stall (count): write-buffer-manager-limit-stops: 0
num-running-compactions: 18
num-running-flushes: 0

2026/08/31-02:53:53  ... thread 15: (46000,6139000) ops and (1487.3,2511.6) ops/second in (30.928207,2444.226584) seconds
2026/08/31-02:53:53  ... thread 12: (46000,6140000) ops and (1499.7,2512.0) ops/second in (30.673821,2444.228102) seconds
2026/08/31-02:53:53  ... thread 2: (45000,6143000) ops and (1468.4,2513.3) ops/second in (30.644903,2444.230746) seconds
2026/08/31-02:53:53  ... thread 10: (45000,6140000) ops and (1468.3,2512.0) ops/second in (30.647407,2444.232120) seconds
2026/08/31-02:53:53  ... thread 6: (46000,6139000) ops and (1498.4,2511.6) ops/second in (30.698847,2444.232638) seconds
2026/08/31-02:53:53  ... thread 7: (46000,6139000) ops and (1493.0,2511.6) ops/second in (30.810047,2444.233372) seconds
2026/08/31-02:53:53  ... thread 1: (46000,6137000) ops and (1498.6,2510.8) ops/second in (30.695875,2444.279843) seconds
2026/08/31-02:53:53  ... thread 11: (47000,6139000) ops and (1526.8,2511.6) ops/second in (30.783283,2444.283559) seconds
2026/08/31-02:53:53  ... thread 4: (47000,6145000) ops and (1516.8,2514.0) ops/second in (30.987148,2444.284719) seconds
2026/08/31-02:53:53  ... thread 8: (46000,6137000) ops and (1498.3,2510.8) ops/second in (30.700970,2444.285481) seconds
2026/08/31-02:53:53  ... thread 9: (47000,6142000) ops and (1522.8,2512.8) ops/second in (30.864392,2444.286992) seconds
2026/08/31-02:54:05  ... thread 5: (61000,6161000) ops and (1681.6,2507.9) ops/second in (36.275903,2456.613750) seconds
2026/08/31-02:54:05  ... thread 3: (61000,6161000) ops and (1681.3,2507.9) ops/second in (36.280956,2456.617400) seconds
2026/08/31-02:54:05  ... thread 0: (62000,6159000) ops and (1708.4,2507.1) ops/second in (36.290335,2456.632046) seconds

** Compaction Stats [default] **
Level    Files   Size     Score Read(GB)  Rn(GB) Rnp1(GB) Write(GB) WPreComp(GB) Wnew(GB) Moved(GB) W-Amp Rd(MB/s) Wr(MB/s) Comp(sec) CompMergeCPU(sec) Comp(cnt) Avg(sec) KeyIn KeyDrop Rblob(GB) Wblob(GB)
-------------------------------------------------------------------------------------------------------------------------------------------------------------------------------------------------------------
  L0     11/4      1.70 GB   1.8     88.8     0.0     88.8     185.6     185.6     96.8       0.0   1.9     17.9     37.5   5072.00            403.18      1928    2.631    188M    96K       0.0       0.0
  L1    126/16     7.72 GB   1.7    273.0    95.1    178.0     267.0     267.0     89.1       0.0   2.8    265.3    259.4   1053.89            843.31        44   23.952    277M  6113K       0.0       0.0
  L2    749/57    41.35 GB   1.0    225.7    69.1    156.6     206.8     206.8     50.2      12.3   3.0     14.1     12.9  16354.90           1017.57      1118   14.629    229M    19M       0.0       0.0
  L3    379/0     21.11 GB   0.1      0.0     0.0      0.0       0.0       0.0      0.0      21.1   0.0      0.0      0.0      0.00              0.00         0    0.000       0      0       0.0       0.0
 Sum   1265/77    71.87 GB   0.0    587.6   164.2    423.4     659.5     659.5    236.0      33.4   6.8     26.8     30.0  22480.80           2264.07      3090    7.275    696M    25M       0.0       0.0
 Int      0/0      0.00 KB   0.0     16.3     5.2     11.1      16.8      16.8      5.7       0.3  13.8     30.9     31.9    538.66             63.79        51   10.562     17M   694K       0.0       0.0

** Compaction Stats [default] **
Priority    Files   Size     Score Read(GB)  Rn(GB) Rnp1(GB) Write(GB) WPreComp(GB) Wnew(GB) Moved(GB) W-Amp Rd(MB/s) Wr(MB/s) Comp(sec) CompMergeCPU(sec) Comp(cnt) Avg(sec) KeyIn KeyDrop Rblob(GB) Wblob(GB)
----------------------------------------------------------------------------------------------------------------------------------------------------------------------------------------------------------------
 Low      0/0      0.00 KB   0.0    587.6   164.2    423.4     562.6     562.6    139.1       0.0   0.0     31.4     30.0  19172.96           2092.42      1497   12.808    597M    25M       0.0       0.0
High      0/0      0.00 KB   0.0      0.0     0.0      0.0      96.9      96.9     96.9       0.0   0.0      0.0     30.0   3307.83            171.65      1593    2.076     98M      0       0.0       0.0

Blob file count: 0, total size: 0.0 GB, garbage size: 0.0 GB, space amp: 0.0

Uptime(secs): 2456.6 total, 48.9 interval
Flush(GB): cumulative 96.892, interval 1.214
AddFile(GB): cumulative 0.000, interval 0.000
AddFile(Total Files): cumulative 0, interval 0
AddFile(L0 Files): cumulative 0, interval 0
AddFile(Keys): cumulative 0, interval 0
Cumulative compaction: 659.45 GB write, 274.88 MB/s write, 587.58 GB read, 244.92 MB/s read, 22480.8 seconds
Interval compaction: 16.81 GB write, 351.71 MB/s write, 16.27 GB read, 340.61 MB/s read, 538.7 seconds
Estimated pending compaction bytes: 52008536003
Write Stall (count): cf-l0-file-count-limit-delays-with-ongoing-compaction: 129, cf-l0-file-count-limit-stops-with-ongoing-compaction: 0, l0-file-count-limit-delays: 129, l0-file-count-limit-stops: 0, memtable-limit-delays: 0, memtable-limit-stops: 1315, pending-compaction-bytes-delays: 0, pending-compaction-bytes-stops: 0, total-delays: 129, total-stops: 1315
interval: 16 total count
Block cache AutoHyperClockCache@0x5711ef9dd2d0#2018912 capacity: 512.00 MB seed: 591891029 usage: 17.53 MB table_size: 7701 occupancy: 4164 collections: 14 last_copies: 1 last_secs: 0.000628 secs_since: 108
Block cache entry stats(count,size,portion): Misc(4164,17.06 MB,3.332%)

** File Read Latency Histogram By Level [default] **
** Level 0 read latency histogram (micros):
Count: 46550997 Average: 3.2774  StdDev: 1462.74
Min: 0  Median: 0.9450  Max: 4154556
Percentiles: P50: 0.94 P75: 1.56 P99: 3.12 P99.9: 4.88 P99.99: 5.49
------------------------------------------------------
[       0,       1 ] 24630360  52.910%  52.910% ###########
(       1,       2 ] 18421581  39.573%  92.483% ########
(       2,       3 ]  2984588   6.411%  98.895% #
(       3,       4 ]   407252   0.875%  99.770% 
(       4,       6 ]   137391   0.295% 100.065% 
(       6,      10 ]    56811   0.122% 100.187% 
(      10,      15 ]    21946   0.047% 100.234% 
(      15,      22 ]    12588   0.027% 100.261% 
(      22,      34 ]      908   0.002% 100.263% 
(      34,      51 ]      142   0.000% 100.263% 
(      51,      76 ]      570   0.001% 100.265% 
(      76,     110 ]     1150   0.002% 100.267% 
(     110,     170 ]       56   0.000% 100.267% 
(     170,     250 ]       35   0.000% 100.267% 
(     250,     380 ]      104   0.000% 100.267% 
(     380,     580 ]       21   0.000% 100.267% 
(     580,     870 ]       56   0.000% 100.268% 
(     870,    1300 ]      114   0.000% 100.268% 
(    1300,    1900 ]       91   0.000% 100.268% 
(    1900,    2900 ]       46   0.000% 100.268% 
(    2900,    4400 ]       11   0.000% 100.268% 
(    4400,    6600 ]        9   0.000% 100.268% 
(    6600,    9900 ]       15   0.000% 100.268% 
(    9900,   14000 ]       13   0.000% 100.268% 
(   14000,   22000 ]       30   0.000% 100.268% 
(   22000,   33000 ]       49   0.000% 100.268% 
(   33000,   50000 ]       40   0.000% 100.268% 
(   50000,   75000 ]      128   0.000% 100.269% 
(   75000,  110000 ]       84   0.000% 100.269% 
(  110000,  170000 ]       36   0.000% 100.269% 
(  170000,  250000 ]       18   0.000% 100.269% 
(  250000,  380000 ]       10   0.000% 100.269% 
(  380000,  570000 ]        4   0.000% 100.269% 
(  570000,  860000 ]        4   0.000% 100.269% 
(  860000, 1200000 ]        2   0.000% 100.269% 
( 1200000, 1900000 ]       14   0.000% 100.269% 
( 1900000, 2900000 ]        6   0.000% 100.269% 
( 2900000, 4300000 ]        2   0.000% 100.269% 

** Level 1 read latency histogram (micros):
Count: 64646851 Average: 2.9360  StdDev: 680.96
Min: 0  Median: 0.9591  Max: 3696283
Percentiles: P50: 0.96 P75: 1.61 P99: 3.60 P99.9: 4.87 P99.99: 5.15
------------------------------------------------------
[       0,       1 ] 33703034  52.134%  52.134% ##########
(       1,       2 ] 24105812  37.288%  89.423% #######
(       2,       3 ]  5587572   8.643%  98.066% ##
(       3,       4 ]  1006830   1.557%  99.623% 
(       4,       6 ]   411043   0.636% 100.259% 
(       6,      10 ]   151218   0.234% 100.493% 
(      10,      15 ]    42043   0.065% 100.558% 
(      15,      22 ]    28624   0.044% 100.602% 
(      22,      34 ]     2974   0.005% 100.607% 
(      34,      51 ]      876   0.001% 100.608% 
(      51,      76 ]     2307   0.004% 100.612% 
(      76,     110 ]     2835   0.004% 100.616% 
(     110,     170 ]     3124   0.005% 100.621% 
(     170,     250 ]     3347   0.005% 100.626% 
(     250,     380 ]     4167   0.006% 100.633% 
(     380,     580 ]     4352   0.007% 100.639% 
(     580,     870 ]     3980   0.006% 100.645% 
(     870,    1300 ]     2548   0.004% 100.649% 
(    1300,    1900 ]     2103   0.003% 100.653% 
(    1900,    2900 ]     1547   0.002% 100.655% 
(    2900,    4400 ]      851   0.001% 100.656% 
(    4400,    6600 ]      417   0.001% 100.657% 
(    6600,    9900 ]      159   0.000% 100.657% 
(    9900,   14000 ]       71   0.000% 100.657% 
(   14000,   22000 ]       80   0.000% 100.658% 
(   22000,   33000 ]       70   0.000% 100.658% 
(   33000,   50000 ]       65   0.000% 100.658% 
(   50000,   75000 ]       88   0.000% 100.658% 
(   75000,  110000 ]      111   0.000% 100.658% 
(  110000,  170000 ]       61   0.000% 100.658% 
(  170000,  250000 ]       52   0.000% 100.658% 
(  250000,  380000 ]       20   0.000% 100.658% 
(  380000,  570000 ]        4   0.000% 100.658% 
(  570000,  860000 ]        2   0.000% 100.658% 
(  860000, 1200000 ]        1   0.000% 100.658% 
( 1200000, 1900000 ]        3   0.000% 100.658% 
( 2900000, 4300000 ]        1   0.000% 100.658% 

** Level 2 read latency histogram (micros):
Count: 36590456 Average: 163.7643  StdDev: 6606.09
Min: 0  Median: 1.3718  Max: 5451179
Percentiles: P50: 1.37 P75: 1.96 P99: 760.42 P99.9: 1664.83 P99.99: 1820.07
------------------------------------------------------
[       0,       1 ] 12506134  34.179%  34.179% #######
(       1,       2 ] 15570702  42.554%  76.733% #########
(       2,       3 ]  5214206  14.250%  90.983% ###
(       3,       4 ]  1211599   3.311%  94.294% #
(       4,       6 ]   366792   1.002%  95.297% 
(       6,      10 ]    70324   0.192%  95.489% 
(      10,      15 ]    39548   0.108%  95.597% 
(      15,      22 ]    23598   0.064%  95.661% 
(      22,      34 ]     9049   0.025%  95.686% 
(      34,      51 ]    28274   0.077%  95.763% 
(      51,      76 ]    68080   0.186%  95.949% 
(      76,     110 ]    43287   0.118%  96.068% 
(     110,     170 ]   171667   0.469%  96.537% 
(     170,     250 ]   213260   0.583%  97.120% 
(     250,     380 ]   268511   0.734%  97.853% 
(     380,     580 ]   271399   0.742%  98.595% 
(     580,     870 ]   238087   0.651%  99.246% 
(     870,    1300 ]   161961   0.443%  99.689% 
(    1300,    1900 ]   127275   0.348% 100.036% 
(    1900,    2900 ]    98753   0.270% 100.306% 
(    2900,    4400 ]    53005   0.145% 100.451% 
(    4400,    6600 ]    26769   0.073% 100.524% 
(    6600,    9900 ]    10034   0.027% 100.552% 
(    9900,   14000 ]     4955   0.014% 100.565% 
(   14000,   22000 ]     6109   0.017% 100.582% 
(   22000,   33000 ]     5345   0.015% 100.597% 
(   33000,   50000 ]     5914   0.016% 100.613% 
(   50000,   75000 ]     6735   0.018% 100.631% 
(   75000,  110000 ]     6895   0.019% 100.650% 
(  110000,  170000 ]     7069   0.019% 100.669% 
(  170000,  250000 ]     3908   0.011% 100.680% 
(  250000,  380000 ]     1622   0.004% 100.684% 
(  380000,  570000 ]      325   0.001% 100.685% 
(  570000,  860000 ]       88   0.000% 100.685% 
(  860000, 1200000 ]       79   0.000% 100.686% 
( 1200000, 1900000 ]       91   0.000% 100.686% 
( 1900000, 2900000 ]       48   0.000% 100.686% 
( 2900000, 4300000 ]       24   0.000% 100.686% 
( 4300000, 6500000 ]        4   0.000% 100.686% 


** DB Stats **
Uptime(secs): 2456.6 total, 36.3 interval
Cumulative writes: 98M writes, 98M keys, 12M commit groups, 7.7 writes per commit group, ingest: 96.02 GB, 40.02 MB/s
Cumulative WAL: 98M writes, 0 syncs, 98609555.00 writes per sync, written: 96.02 GB, 40.02 MB/s
Cumulative stall: 00:34:43.246 H:M:S, 84.8 percent
Interval writes: 987K writes, 987K keys, 129K commit groups, 7.6 writes per commit group, ingest: 985.14 MB, 27.15 MB/s
Interval WAL: 987K writes, 0 syncs, 987960.00 writes per sync, written: 0.96 GB, 27.15 MB/s
Interval stall: 00:00:34.333 H:M:S, 94.6 percent
Write Stall (count): write-buffer-manager-limit-stops: 0
num-running-compactions: 17
num-running-flushes: 0

2026/08/31-02:54:05  ... thread 14: (62000,6164000) ops and (1707.9,2509.1) ops/second in (36.301912,2456.633098) seconds
2026/08/31-02:54:05  ... thread 13: (62000,6165000) ops and (1708.2,2509.5) ops/second in (36.295101,2456.636369) seconds
2026/08/31-02:54:26  ... thread 10: (77000,6217000) ops and (2303.9,2509.2) ops/second in (33.421767,2477.653887) seconds
2026/08/31-02:54:26  ... thread 7: (77000,6216000) ops and (2303.5,2508.8) ops/second in (33.426772,2477.660144) seconds
2026/08/31-02:54:26  ... thread 12: (78000,6218000) ops and (2332.4,2509.6) ops/second in (33.442434,2477.670536) seconds
2026/08/31-02:54:26  ... thread 2: (78000,6221000) ops and (2332.4,2510.8) ops/second in (33.441537,2477.672283) seconds
2026/08/31-02:54:26  ... thread 9: (77000,6219000) ops and (2306.3,2510.0) ops/second in (33.386674,2477.673666) seconds
2026/08/31-02:54:26  ... thread 1: (77000,6214000) ops and (2305.8,2508.0) ops/second in (33.394235,2477.674078) seconds
2026/08/31-02:54:26  ... thread 8: (77000,6214000) ops and (2306.0,2508.0) ops/second in (33.391008,2477.676489) seconds
2026/08/31-02:54:26  ... thread 4: (77000,6222000) ops and (2305.9,2511.2) ops/second in (33.392733,2477.677452) seconds
2026/08/31-02:54:26  ... thread 11: (77000,6216000) ops and (2305.8,2508.8) ops/second in (33.394231,2477.677790) seconds
2026/08/31-02:54:26  ... thread 15: (78000,6217000) ops and (2331.3,2509.2) ops/second in (33.457089,2477.683673) seconds
2026/08/31-02:54:26  ... thread 6: (78000,6217000) ops and (2331.8,2509.2) ops/second in (33.451177,2477.683815) seconds
2026/08/31-02:54:40  ... thread 0: (108000,6267000) ops and (3072.7,2515.1) ops/second in (35.148538,2491.780584) seconds

** Compaction Stats [default] **
Level    Files   Size     Score Read(GB)  Rn(GB) Rnp1(GB) Write(GB) WPreComp(GB) Wnew(GB) Moved(GB) W-Amp Rd(MB/s) Wr(MB/s) Comp(sec) CompMergeCPU(sec) Comp(cnt) Avg(sec) KeyIn KeyDrop Rblob(GB) Wblob(GB)
-------------------------------------------------------------------------------------------------------------------------------------------------------------------------------------------------------------
  L0     18/17     3.40 GB   0.2     90.6     0.0     90.6     189.0     189.0     98.5       0.0   1.9     18.0     37.6   5152.08            410.99      1963    2.625    192M    97K       0.0       0.0
  L1    107/107    6.52 GB   0.0    273.0    95.1    178.0     267.0     267.0     89.1       0.0   2.8    265.3    259.4   1053.89            843.31        44   23.952    277M  6113K       0.0       0.0
  L2    723/0     39.98 GB   1.0    230.6    70.3    160.4     211.2     211.2     50.8      12.3   3.0     14.0     12.9  16822.73           1045.41      1137   14.796    234M    19M       0.0       0.0
  L3    415/0     23.09 GB   0.1      0.0     0.0      0.0       0.0       0.0      0.0      23.1   0.0      0.0      0.0      0.00              0.00         0    0.000       0      0       0.0       0.0
 Sum   1263/124   72.99 GB   0.0    594.2   165.4    428.9     667.2     667.2    238.3      35.4   6.8     26.4     29.7  23028.70           2299.72      3144    7.325    705M    26M       0.0       0.0
 Int      0/0      0.00 KB   0.0      4.3     0.8      3.5       5.0       5.0      1.5       2.0   4.6     12.1     14.2    362.49             22.83        34   10.661   5492K   390K       0.0       0.0

** Compaction Stats [default] **
Priority    Files   Size     Score Read(GB)  Rn(GB) Rnp1(GB) Write(GB) WPreComp(GB) Wnew(GB) Moved(GB) W-Amp Rd(MB/s) Wr(MB/s) Comp(sec) CompMergeCPU(sec) Comp(cnt) Avg(sec) KeyIn KeyDrop Rblob(GB) Wblob(GB)
----------------------------------------------------------------------------------------------------------------------------------------------------------------------------------------------------------------
 Low      0/0      0.00 KB   0.0    594.2   165.4    428.9     568.6     568.6    139.7       0.0   0.0     30.9     29.6  19667.40           2124.95      1523   12.914    604M    26M       0.0       0.0
High      0/0      0.00 KB   0.0      0.0     0.0      0.0      98.6      98.6     98.6       0.0   0.0      0.0     30.0   3361.30            174.77      1621    2.074    100M      0       0.0       0.0

Blob file count: 0, total size: 0.0 GB, garbage size: 0.0 GB, space amp: 0.0

Uptime(secs): 2491.8 total, 24.1 interval
Flush(GB): cumulative 98.597, interval 1.097
AddFile(GB): cumulative 0.000, interval 0.000
AddFile(Total Files): cumulative 0, interval 0
AddFile(L0 Files): cumulative 0, interval 0
AddFile(Keys): cumulative 0, interval 0
Cumulative compaction: 667.21 GB write, 274.19 MB/s write, 594.23 GB read, 244.20 MB/s read, 23028.7 seconds
Interval compaction: 5.01 GB write, 213.32 MB/s write, 4.30 GB read, 183.00 MB/s read, 362.5 seconds
Estimated pending compaction bytes: 52148418214
Write Stall (count): cf-l0-file-count-limit-delays-with-ongoing-compaction: 129, cf-l0-file-count-limit-stops-with-ongoing-compaction: 0, l0-file-count-limit-delays: 129, l0-file-count-limit-stops: 0, memtable-limit-delays: 0, memtable-limit-stops: 1343, pending-compaction-bytes-delays: 0, pending-compaction-bytes-stops: 0, total-delays: 129, total-stops: 1343
interval: 18 total count
Block cache AutoHyperClockCache@0x5711ef9dd2d0#2018912 capacity: 512.00 MB seed: 591891029 usage: 17.53 MB table_size: 7701 occupancy: 4164 collections: 14 last_copies: 2 last_secs: 0.000628 secs_since: 144
Block cache entry stats(count,size,portion): Misc(4164,17.06 MB,3.332%)

** File Read Latency Histogram By Level [default] **
** Level 0 read latency histogram (micros):
Count: 47251771 Average: 3.3146  StdDev: 1496.31
Min: 0  Median: 0.9457  Max: 4154556
Percentiles: P50: 0.95 P75: 1.56 P99: 3.12 P99.9: 4.89 P99.99: 5.50
------------------------------------------------------
[       0,       1 ] 24982558  52.871%  52.871% ###########
(       1,       2 ] 18709540  39.595%  92.467% ########
(       2,       3 ]  3036558   6.426%  98.893% #
(       3,       4 ]   413723   0.876%  99.768% 
(       4,       6 ]   139933   0.296% 100.065% 
(       6,      10 ]    57712   0.122% 100.187% 
(      10,      15 ]    22229   0.047% 100.234% 
(      15,      22 ]    12755   0.027% 100.261% 
(      22,      34 ]      923   0.002% 100.263% 
(      34,      51 ]      145   0.000% 100.263% 
(      51,      76 ]      583   0.001% 100.264% 
(      76,     110 ]     1167   0.002% 100.267% 
(     110,     170 ]       58   0.000% 100.267% 
(     170,     250 ]       37   0.000% 100.267% 
(     250,     380 ]      107   0.000% 100.267% 
(     380,     580 ]       21   0.000% 100.267% 
(     580,     870 ]       57   0.000% 100.267% 
(     870,    1300 ]      117   0.000% 100.268% 
(    1300,    1900 ]       91   0.000% 100.268% 
(    1900,    2900 ]       49   0.000% 100.268% 
(    2900,    4400 ]       13   0.000% 100.268% 
(    4400,    6600 ]        9   0.000% 100.268% 
(    6600,    9900 ]       15   0.000% 100.268% 
(    9900,   14000 ]       13   0.000% 100.268% 
(   14000,   22000 ]       30   0.000% 100.268% 
(   22000,   33000 ]       50   0.000% 100.268% 
(   33000,   50000 ]       43   0.000% 100.268% 
(   50000,   75000 ]      130   0.000% 100.269% 
(   75000,  110000 ]       84   0.000% 100.269% 
(  110000,  170000 ]       37   0.000% 100.269% 
(  170000,  250000 ]       18   0.000% 100.269% 
(  250000,  380000 ]       10   0.000% 100.269% 
(  380000,  570000 ]        4   0.000% 100.269% 
(  570000,  860000 ]        4   0.000% 100.269% 
(  860000, 1200000 ]        2   0.000% 100.269% 
( 1200000, 1900000 ]       14   0.000% 100.269% 
( 1900000, 2900000 ]        7   0.000% 100.269% 
( 2900000, 4300000 ]        2   0.000% 100.269% 

** Level 1 read latency histogram (micros):
Count: 65497265 Average: 2.9207  StdDev: 676.53
Min: 0  Median: 0.9605  Max: 3696283
Percentiles: P50: 0.96 P75: 1.61 P99: 3.60 P99.9: 4.88 P99.99: 5.16
------------------------------------------------------
[       0,       1 ] 34094623  52.055%  52.055% ##########
(       1,       2 ] 24447912  37.327%  89.382% #######
(       2,       3 ]  5682093   8.675%  98.057% ##
(       3,       4 ]  1024012   1.563%  99.620% 
(       4,       6 ]   418538   0.639% 100.259% 
(       6,      10 ]   153606   0.235% 100.494% 
(      10,      15 ]    42654   0.065% 100.559% 
(      15,      22 ]    29033   0.044% 100.603% 
(      22,      34 ]     3013   0.005% 100.608% 
(      34,      51 ]      881   0.001% 100.609% 
(      51,      76 ]     2313   0.004% 100.613% 
(      76,     110 ]     2839   0.004% 100.617% 
(     110,     170 ]     3124   0.005% 100.622% 
(     170,     250 ]     3347   0.005% 100.627% 
(     250,     380 ]     4167   0.006% 100.633% 
(     380,     580 ]     4352   0.007% 100.640% 
(     580,     870 ]     3980   0.006% 100.646% 
(     870,    1300 ]     2548   0.004% 100.650% 
(    1300,    1900 ]     2103   0.003% 100.653% 
(    1900,    2900 ]     1547   0.002% 100.656% 
(    2900,    4400 ]      853   0.001% 100.657% 
(    4400,    6600 ]      417   0.001% 100.658% 
(    6600,    9900 ]      159   0.000% 100.658% 
(    9900,   14000 ]       71   0.000% 100.658% 
(   14000,   22000 ]       80   0.000% 100.658% 
(   22000,   33000 ]       70   0.000% 100.658% 
(   33000,   50000 ]       65   0.000% 100.658% 
(   50000,   75000 ]       88   0.000% 100.658% 
(   75000,  110000 ]      111   0.000% 100.659% 
(  110000,  170000 ]       61   0.000% 100.659% 
(  170000,  250000 ]       52   0.000% 100.659% 
(  250000,  380000 ]       20   0.000% 100.659% 
(  380000,  570000 ]        4   0.000% 100.659% 
(  570000,  860000 ]        2   0.000% 100.659% 
(  860000, 1200000 ]        1   0.000% 100.659% 
( 1200000, 1900000 ]        3   0.000% 100.659% 
( 2900000, 4300000 ]        1   0.000% 100.659% 

** Level 2 read latency histogram (micros):
Count: 37179916 Average: 164.2762  StdDev: 6586.71
Min: 0  Median: 1.3747  Max: 5451179
Percentiles: P50: 1.37 P75: 1.96 P99: 766.19 P99.9: 1677.60 P99.99: 1831.68
------------------------------------------------------
[       0,       1 ] 12661069  34.054%  34.054% #######
(       1,       2 ] 15823336  42.559%  76.612% #########
(       2,       3 ]  5317327  14.302%  90.914% ###
(       3,       4 ]  1237019   3.327%  94.241% #
(       4,       6 ]   374014   1.006%  95.247% 
(       6,      10 ]    71726   0.193%  95.440% 
(      10,      15 ]    40374   0.109%  95.549% 
(      15,      22 ]    24130   0.065%  95.613% 
(      22,      34 ]     9566   0.026%  95.639% 
(      34,      51 ]    28984   0.078%  95.717% 
(      51,      76 ]    70069   0.188%  95.906% 
(      76,     110 ]    44405   0.119%  96.025% 
(     110,     170 ]   176078   0.474%  96.499% 
(     170,     250 ]   218874   0.589%  97.087% 
(     250,     380 ]   276271   0.743%  97.830% 
(     380,     580 ]   278518   0.749%  98.579% 
(     580,     870 ]   243531   0.655%  99.234% 
(     870,    1300 ]   165443   0.445%  99.679% 
(    1300,    1900 ]   130300   0.350% 100.030% 
(    1900,    2900 ]   101263   0.272% 100.302% 
(    2900,    4400 ]    54325   0.146% 100.448% 
(    4400,    6600 ]    27370   0.074% 100.522% 
(    6600,    9900 ]    10236   0.028% 100.550% 
(    9900,   14000 ]     5034   0.014% 100.563% 
(   14000,   22000 ]     6204   0.017% 100.580% 
(   22000,   33000 ]     5433   0.015% 100.594% 
(   33000,   50000 ]     6014   0.016% 100.611% 
(   50000,   75000 ]     6862   0.018% 100.629% 
(   75000,  110000 ]     6998   0.019% 100.648% 
(  110000,  170000 ]     7188   0.019% 100.667% 
(  170000,  250000 ]     3981   0.011% 100.678% 
(  250000,  380000 ]     1665   0.004% 100.682% 
(  380000,  570000 ]      334   0.001% 100.683% 
(  570000,  860000 ]       95   0.000% 100.683% 
(  860000, 1200000 ]       79   0.000% 100.684% 
( 1200000, 1900000 ]       91   0.000% 100.684% 
( 1900000, 2900000 ]       48   0.000% 100.684% 
( 2900000, 4300000 ]       24   0.000% 100.684% 
( 4300000, 6500000 ]        4   0.000% 100.684% 


** DB Stats **
Uptime(secs): 2491.8 total, 24.1 interval
Cumulative writes: 100M writes, 100M keys, 13M commit groups, 7.7 writes per commit group, ingest: 97.70 GB, 40.15 MB/s
Cumulative WAL: 100M writes, 0 syncs, 100334409.00 writes per sync, written: 97.70 GB, 40.15 MB/s
Cumulative stall: 00:35:14.228 H:M:S, 84.8 percent
Interval writes: 995K writes, 995K keys, 126K commit groups, 7.8 writes per commit group, ingest: 992.86 MB, 41.25 MB/s
Interval WAL: 995K writes, 0 syncs, 995752.00 writes per sync, written: 0.97 GB, 41.25 MB/s
Interval stall: 00:00:21.744 H:M:S, 90.3 percent
Write Stall (count): write-buffer-manager-limit-stops: 0
num-running-compactions: 2
num-running-flushes: 0

2026/08/31-02:54:40  ... thread 13: (108000,6273000) ops and (3072.5,2517.5) ops/second in (35.150742,2491.787111) seconds
2026/08/31-02:54:40  ... thread 14: (108000,6272000) ops and (3072.1,2517.1) ops/second in (35.154652,2491.787750) seconds
2026/08/31-02:54:40  ... thread 3: (109000,6270000) ops and (3098.3,2516.3) ops/second in (35.180393,2491.797793) seconds
2026/08/31-02:54:40  ... thread 5: (109000,6270000) ops and (3097.5,2516.3) ops/second in (35.189102,2491.802852) seconds
2026/08/31-02:54:59  ... thread 15: (69000,6286000) ops and (2076.9,2503.5) ops/second in (33.223052,2510.906725) seconds
2026/08/31-02:54:59  ... thread 1: (69000,6283000) ops and (2076.3,2502.3) ops/second in (33.232314,2510.906392) seconds
2026/08/31-02:54:59  ... thread 11: (69000,6285000) ops and (2076.4,2503.1) ops/second in (33.230162,2510.907952) seconds
2026/08/31-02:55:00  ... thread 8: (69000,6283000) ops and (2022.9,2501.4) ops/second in (34.108726,2511.785215) seconds
2026/08/31-02:55:00  ... thread 10: (70000,6287000) ops and (2050.8,2503.0) ops/second in (34.132249,2511.786136) seconds
2026/08/31-02:55:00  ... thread 6: (69000,6286000) ops and (2022.9,2502.6) ops/second in (34.108710,2511.792525) seconds
2026/08/31-02:55:00  ... thread 7: (70000,6286000) ops and (2050.7,2502.6) ops/second in (34.135295,2511.795439) seconds
2026/08/31-02:55:00  ... thread 12: (70000,6288000) ops and (2050.8,2503.4) ops/second in (34.132896,2511.803432) seconds
2026/08/31-02:55:00  ... thread 2: (70000,6291000) ops and (2050.8,2504.6) ops/second in (34.133408,2511.805691) seconds
2026/08/31-02:55:00  ... thread 9: (70000,6289000) ops and (2050.6,2503.8) ops/second in (34.135668,2511.809334) seconds
2026/08/31-02:55:00  ... thread 4: (70000,6292000) ops and (2050.9,2505.0) ops/second in (34.131806,2511.809258) seconds
2026/08/31-02:55:14  ... thread 14: (39000,6311000) ops and (1149.4,2498.7) ops/second in (33.931960,2525.719710) seconds
2026/08/31-02:55:14  ... thread 3: (38000,6308000) ops and (1120.0,2497.5) ops/second in (33.927279,2525.725072) seconds
2026/08/31-02:55:14  ... thread 13: (39000,6312000) ops and (1149.2,2499.1) ops/second in (33.938045,2525.725156) seconds
2026/08/31-02:55:14  ... thread 0: (39000,6306000) ops and (1148.8,2496.7) ops/second in (33.949527,2525.730111) seconds

** Compaction Stats [default] **
Level    Files   Size     Score Read(GB)  Rn(GB) Rnp1(GB) Write(GB) WPreComp(GB) Wnew(GB) Moved(GB) W-Amp Rd(MB/s) Wr(MB/s) Comp(sec) CompMergeCPU(sec) Comp(cnt) Avg(sec) KeyIn KeyDrop Rblob(GB) Wblob(GB)
-------------------------------------------------------------------------------------------------------------------------------------------------------------------------------------------------------------
  L0      9/6      1.10 GB   0.8     91.0     0.0     91.0     190.1     190.1     99.1       0.0   1.9     17.9     37.4   5212.37            413.27      1975    2.639    193M    98K       0.0       0.0
  L1    141/16     8.34 GB   1.9    282.5    98.0    184.5     276.2     276.2     91.7       0.0   2.8    265.2    259.3   1090.65            872.96        45   24.237    287M  6340K       0.0       0.0
  L2    737/43    40.80 GB   1.0    231.8    70.6    161.2     212.3     212.3     51.1      12.8   3.0     14.1     12.9  16844.19           1049.01      1144   14.724    235M    19M       0.0       0.0
  L3    415/0     23.09 GB   0.1      0.0     0.0      0.0       0.0       0.0      0.0      23.1   0.0      0.0      0.0      0.00              0.00         0    0.000       0      0       0.0       0.0
 Sum   1302/65    73.32 GB   0.0    605.4   168.6    436.7     678.7     678.7    242.0      35.9   6.8     26.8     30.0  23147.21           2335.24      3164    7.316    716M    26M       0.0       0.0
 Int      0/0      0.00 KB   0.0     15.4     4.1     11.3      16.5      16.5      5.1       2.5   9.7     32.8     35.1    480.99             58.35        54    8.907     17M   671K       0.0       0.0

** Compaction Stats [default] **
Priority    Files   Size     Score Read(GB)  Rn(GB) Rnp1(GB) Write(GB) WPreComp(GB) Wnew(GB) Moved(GB) W-Amp Rd(MB/s) Wr(MB/s) Comp(sec) CompMergeCPU(sec) Comp(cnt) Avg(sec) KeyIn KeyDrop Rblob(GB) Wblob(GB)
----------------------------------------------------------------------------------------------------------------------------------------------------------------------------------------------------------------
 Low      0/0      0.00 KB   0.0    605.4   168.6    436.7     579.5     579.5    142.8       0.0   0.0     31.4     30.1  19743.07           2159.41      1533   12.879    616M    26M       0.0       0.0
High      0/0      0.00 KB   0.0      0.0     0.0      0.0      99.2      99.2     99.2       0.0   0.0      0.0     29.8   3404.14            175.82      1631    2.087    100M      0       0.0       0.0

Blob file count: 0, total size: 0.0 GB, garbage size: 0.0 GB, space amp: 0.0

Uptime(secs): 2525.7 total, 58.0 interval
Flush(GB): cumulative 99.204, interval 1.704
AddFile(GB): cumulative 0.000, interval 0.000
AddFile(Total Files): cumulative 0, interval 0
AddFile(L0 Files): cumulative 0, interval 0
AddFile(Keys): cumulative 0, interval 0
Cumulative compaction: 678.67 GB write, 275.15 MB/s write, 605.35 GB read, 245.42 MB/s read, 23147.2 seconds
Interval compaction: 16.47 GB write, 290.64 MB/s write, 15.42 GB read, 272.22 MB/s read, 481.0 seconds
Estimated pending compaction bytes: 51217692612
Write Stall (count): cf-l0-file-count-limit-delays-with-ongoing-compaction: 131, cf-l0-file-count-limit-stops-with-ongoing-compaction: 0, l0-file-count-limit-delays: 131, l0-file-count-limit-stops: 0, memtable-limit-delays: 0, memtable-limit-stops: 1350, pending-compaction-bytes-delays: 0, pending-compaction-bytes-stops: 0, total-delays: 131, total-stops: 1350
interval: 27 total count
Block cache AutoHyperClockCache@0x5711ef9dd2d0#2018912 capacity: 512.00 MB seed: 591891029 usage: 17.53 MB table_size: 7701 occupancy: 4164 collections: 14 last_copies: 2 last_secs: 0.000628 secs_since: 178
Block cache entry stats(count,size,portion): Misc(4164,17.06 MB,3.332%)

** File Read Latency Histogram By Level [default] **
** Level 0 read latency histogram (micros):
Count: 47781300 Average: 3.3322  StdDev: 1498.68
Min: 0  Median: 0.9467  Max: 4154556
Percentiles: P50: 0.95 P75: 1.56 P99: 3.14 P99.9: 4.91 P99.99: 5.51
------------------------------------------------------
[       0,       1 ] 25234504  52.813%  52.813% ###########
(       1,       2 ] 18926580  39.611%  92.423% ########
(       2,       3 ]  3085345   6.457%  98.881% #
(       3,       4 ]   422351   0.884%  99.765% 
(       4,       6 ]   142918   0.299% 100.064% 
(       6,      10 ]    58529   0.122% 100.186% 
(      10,      15 ]    22577   0.047% 100.233% 
(      15,      22 ]    12932   0.027% 100.260% 
(      22,      34 ]      932   0.002% 100.262% 
(      34,      51 ]      147   0.000% 100.263% 
(      51,      76 ]      586   0.001% 100.264% 
(      76,     110 ]     1176   0.002% 100.266% 
(     110,     170 ]       59   0.000% 100.266% 
(     170,     250 ]       37   0.000% 100.267% 
(     250,     380 ]      109   0.000% 100.267% 
(     380,     580 ]       21   0.000% 100.267% 
(     580,     870 ]       57   0.000% 100.267% 
(     870,    1300 ]      117   0.000% 100.267% 
(    1300,    1900 ]       91   0.000% 100.267% 
(    1900,    2900 ]       50   0.000% 100.268% 
(    2900,    4400 ]       13   0.000% 100.268% 
(    4400,    6600 ]        9   0.000% 100.268% 
(    6600,    9900 ]       15   0.000% 100.268% 
(    9900,   14000 ]       13   0.000% 100.268% 
(   14000,   22000 ]       30   0.000% 100.268% 
(   22000,   33000 ]       50   0.000% 100.268% 
(   33000,   50000 ]       43   0.000% 100.268% 
(   50000,   75000 ]      133   0.000% 100.268% 
(   75000,  110000 ]       86   0.000% 100.268% 
(  110000,  170000 ]       38   0.000% 100.268% 
(  170000,  250000 ]       18   0.000% 100.268% 
(  250000,  380000 ]       10   0.000% 100.268% 
(  380000,  570000 ]        4   0.000% 100.268% 
(  570000,  860000 ]        4   0.000% 100.268% 
(  860000, 1200000 ]        2   0.000% 100.268% 
( 1200000, 1900000 ]       15   0.000% 100.269% 
( 1900000, 2900000 ]        7   0.000% 100.269% 
( 2900000, 4300000 ]        2   0.000% 100.269% 

** Level 1 read latency histogram (micros):
Count: 66672635 Average: 2.8974  StdDev: 670.54
Min: 0  Median: 0.9593  Max: 3696283
Percentiles: P50: 0.96 P75: 1.61 P99: 3.60 P99.9: 4.87 P99.99: 5.16
------------------------------------------------------
[       0,       1 ] 34751229  52.122%  52.122% ##########
(       1,       2 ] 24852720  37.276%  89.398% #######
(       2,       3 ]  5779533   8.669%  98.066% ##
(       3,       4 ]  1037609   1.556%  99.623% 
(       4,       6 ]   423496   0.635% 100.258% 
(       6,      10 ]   155771   0.234% 100.492% 
(      10,      15 ]    43378   0.065% 100.557% 
(      15,      22 ]    29491   0.044% 100.601% 
(      22,      34 ]     3066   0.005% 100.605% 
(      34,      51 ]      889   0.001% 100.607% 
(      51,      76 ]     2345   0.004% 100.610% 
(      76,     110 ]     2910   0.004% 100.615% 
(     110,     170 ]     3164   0.005% 100.619% 
(     170,     250 ]     3348   0.005% 100.624% 
(     250,     380 ]     4167   0.006% 100.631% 
(     380,     580 ]     4352   0.007% 100.637% 
(     580,     870 ]     3980   0.006% 100.643% 
(     870,    1300 ]     2548   0.004% 100.647% 
(    1300,    1900 ]     2103   0.003% 100.650% 
(    1900,    2900 ]     1547   0.002% 100.652% 
(    2900,    4400 ]      853   0.001% 100.654% 
(    4400,    6600 ]      417   0.001% 100.654% 
(    6600,    9900 ]      159   0.000% 100.655% 
(    9900,   14000 ]       71   0.000% 100.655% 
(   14000,   22000 ]       80   0.000% 100.655% 
(   22000,   33000 ]       70   0.000% 100.655% 
(   33000,   50000 ]       65   0.000% 100.655% 
(   50000,   75000 ]       88   0.000% 100.655% 
(   75000,  110000 ]      111   0.000% 100.655% 
(  110000,  170000 ]       61   0.000% 100.655% 
(  170000,  250000 ]       52   0.000% 100.655% 
(  250000,  380000 ]       20   0.000% 100.656% 
(  380000,  570000 ]        4   0.000% 100.656% 
(  570000,  860000 ]        2   0.000% 100.656% 
(  860000, 1200000 ]        1   0.000% 100.656% 
( 1200000, 1900000 ]        3   0.000% 100.656% 
( 2900000, 4300000 ]        1   0.000% 100.656% 

** Level 2 read latency histogram (micros):
Count: 37547154 Average: 163.6284  StdDev: 6571.63
Min: 0  Median: 1.3740  Max: 5451179
Percentiles: P50: 1.37 P75: 1.96 P99: 764.26 P99.9: 1671.79 P99.99: 1826.03
------------------------------------------------------
[       0,       1 ] 12798028  34.085%  34.085% #######
(       1,       2 ] 15975526  42.548%  76.633% #########
(       2,       3 ]  5371801  14.307%  90.940% ###
(       3,       4 ]  1245524   3.317%  94.257% #
(       4,       6 ]   376893   1.004%  95.261% 
(       6,      10 ]    72433   0.193%  95.454% 
(      10,      15 ]    40735   0.108%  95.562% 
(      15,      22 ]    24371   0.065%  95.627% 
(      22,      34 ]     9617   0.026%  95.653% 
(      34,      51 ]    29109   0.078%  95.730% 
(      51,      76 ]    70484   0.188%  95.918% 
(      76,     110 ]    44671   0.119%  96.037% 
(     110,     170 ]   177206   0.472%  96.509% 
(     170,     250 ]   220352   0.587%  97.096% 
(     250,     380 ]   278139   0.741%  97.837% 
(     380,     580 ]   280732   0.748%  98.584% 
(     580,     870 ]   245628   0.654%  99.239% 
(     870,    1300 ]   166911   0.445%  99.683% 
(    1300,    1900 ]   131450   0.350% 100.033% 
(    1900,    2900 ]   102145   0.272% 100.305% 
(    2900,    4400 ]    54701   0.146% 100.451% 
(    4400,    6600 ]    27568   0.073% 100.524% 
(    6600,    9900 ]    10293   0.027% 100.552% 
(    9900,   14000 ]     5066   0.013% 100.565% 
(   14000,   22000 ]     6246   0.017% 100.582% 
(   22000,   33000 ]     5471   0.015% 100.596% 
(   33000,   50000 ]     6050   0.016% 100.613% 
(   50000,   75000 ]     6917   0.018% 100.631% 
(   75000,  110000 ]     7047   0.019% 100.650% 
(  110000,  170000 ]     7221   0.019% 100.669% 
(  170000,  250000 ]     3992   0.011% 100.680% 
(  250000,  380000 ]     1669   0.004% 100.684% 
(  380000,  570000 ]      334   0.001% 100.685% 
(  570000,  860000 ]       95   0.000% 100.685% 
(  860000, 1200000 ]       79   0.000% 100.685% 
( 1200000, 1900000 ]       94   0.000% 100.686% 
( 1900000, 2900000 ]       48   0.000% 100.686% 
( 2900000, 4300000 ]       24   0.000% 100.686% 
( 4300000, 6500000 ]        4   0.000% 100.686% 


** DB Stats **
Uptime(secs): 2525.7 total, 33.9 interval
Cumulative writes: 100M writes, 100M keys, 13M commit groups, 7.7 writes per commit group, ingest: 98.31 GB, 39.86 MB/s
Cumulative WAL: 100M writes, 0 syncs, 100958837.00 writes per sync, written: 98.31 GB, 39.86 MB/s
Cumulative stall: 00:35:43.273 H:M:S, 84.9 percent
Interval writes: 624K writes, 624K keys, 81K commit groups, 7.7 writes per commit group, ingest: 622.64 MB, 18.34 MB/s
Interval WAL: 624K writes, 0 syncs, 624428.00 writes per sync, written: 0.61 GB, 18.34 MB/s
Interval stall: 00:00:29.045 H:M:S, 85.6 percent
Write Stall (count): write-buffer-manager-limit-stops: 0
num-running-compactions: 18
num-running-flushes: 1

2026/08/31-02:55:14  ... thread 5: (38000,6308000) ops and (1120.0,2497.5) ops/second in (33.929774,2525.732626) seconds
2026/08/31-02:55:37  ... thread 1: (70000,6353000) ops and (1864.6,2492.9) ops/second in (37.542249,2548.448641) seconds
2026/08/31-02:55:37  ... thread 7: (69000,6355000) ops and (1882.4,2493.7) ops/second in (36.655735,2548.451174) seconds
2026/08/31-02:55:37  ... thread 15: (70000,6356000) ops and (1863.1,2494.0) ops/second in (37.571665,2548.478390) seconds
2026/08/31-02:55:37  ... thread 4: (69000,6361000) ops and (1881.6,2496.0) ops/second in (36.671709,2548.480967) seconds
2026/08/31-02:55:37  ... thread 9: (69000,6358000) ops and (1881.5,2494.8) ops/second in (36.672483,2548.481817) seconds
2026/08/31-02:55:37  ... thread 2: (69000,6360000) ops and (1881.2,2495.6) ops/second in (36.677837,2548.483528) seconds
2026/08/31-02:55:37  ... thread 10: (69000,6356000) ops and (1879.0,2494.0) ops/second in (36.722397,2548.508533) seconds
2026/08/31-02:55:37  ... thread 11: (70000,6355000) ops and (1861.5,2493.6) ops/second in (37.604578,2548.512530) seconds
2026/08/31-02:55:37  ... thread 12: (69000,6357000) ops and (1879.6,2494.4) ops/second in (36.710042,2548.513474) seconds
2026/08/31-02:55:37  ... thread 8: (70000,6353000) ops and (1904.4,2492.8) ops/second in (36.757161,2548.542376) seconds
2026/08/31-02:55:37  ... thread 6: (70000,6356000) ops and (1903.5,2494.0) ops/second in (36.773532,2548.566057) seconds
2026/08/31-02:55:47  ... thread 14: (69000,6380000) ops and (2074.6,2493.2) ops/second in (33.259212,2558.978922) seconds
2026/08/31-02:55:47  ... thread 5: (69000,6377000) ops and (2074.4,2492.0) ops/second in (33.263089,2558.995715) seconds
2026/08/31-02:55:47  ... thread 13: (70000,6382000) ops and (2103.5,2493.9) ops/second in (33.278592,2559.003748) seconds
2026/08/31-02:55:47  ... thread 3: (70000,6378000) ops and (2103.0,2492.4) ops/second in (33.285319,2559.010391) seconds
2026/08/31-02:55:47  ... thread 0: (70000,6376000) ops and (2103.2,2491.6) ops/second in (33.282473,2559.012584) seconds

** Compaction Stats [default] **
Level    Files   Size     Score Read(GB)  Rn(GB) Rnp1(GB) Write(GB) WPreComp(GB) Wnew(GB) Moved(GB) W-Amp Rd(MB/s) Wr(MB/s) Comp(sec) CompMergeCPU(sec) Comp(cnt) Avg(sec) KeyIn KeyDrop Rblob(GB) Wblob(GB)
-------------------------------------------------------------------------------------------------------------------------------------------------------------------------------------------------------------
  L0     14/8      2.19 GB   1.5     92.0     0.0     92.0     192.2     192.2    100.2       0.0   1.9     17.9     37.3   5277.25            418.00      1996    2.644    195M    99K       0.0       0.0
  L1    115/15     6.86 GB   1.5    282.5    98.0    184.5     276.2     276.2     91.7       0.0   2.8    265.2    259.3   1090.65            872.96        45   24.237    287M  6340K       0.0       0.0
  L2    754/56    41.70 GB   1.0    237.3    72.1    165.1     217.2     217.2     52.0      12.8   3.0     14.1     12.9  17285.31           1076.61      1170   14.774    241M    20M       0.0       0.0
  L3    415/0     23.09 GB   0.1      0.0     0.0      0.0       0.0       0.0      0.0      23.1   0.0      0.0      0.0      0.00              0.00         0    0.000       0      0       0.0       0.0
 Sum   1298/79    73.83 GB   0.0    611.7   170.1    441.6     685.6     685.6    243.9      35.9   6.8     26.5     29.7  23653.21           2367.57      3211    7.366    724M    26M       0.0       0.0
 Int      0/0      0.00 KB   0.0      6.1     1.4      4.7       6.4       6.4      1.7       0.0   7.5     12.9     13.5    483.74             30.29        41   11.799   7047K   552K       0.0       0.0

** Compaction Stats [default] **
Priority    Files   Size     Score Read(GB)  Rn(GB) Rnp1(GB) Write(GB) WPreComp(GB) Wnew(GB) Moved(GB) W-Amp Rd(MB/s) Wr(MB/s) Comp(sec) CompMergeCPU(sec) Comp(cnt) Avg(sec) KeyIn KeyDrop Rblob(GB) Wblob(GB)
----------------------------------------------------------------------------------------------------------------------------------------------------------------------------------------------------------------
 Low      0/0      0.00 KB   0.0    611.7   170.1    441.6     585.3     585.3    143.7       0.0   0.0     31.0     29.7  20206.71           2189.59      1562   12.936    622M    26M       0.0       0.0
High      0/0      0.00 KB   0.0      0.0     0.0      0.0     100.3     100.3    100.3       0.0   0.0      0.0     29.8   3446.50            177.98      1649    2.090    102M      0       0.0       0.0

Blob file count: 0, total size: 0.0 GB, garbage size: 0.0 GB, space amp: 0.0

Uptime(secs): 2559.0 total, 31.3 interval
Flush(GB): cumulative 100.297, interval 0.849
AddFile(GB): cumulative 0.000, interval 0.000
AddFile(Total Files): cumulative 0, interval 0
AddFile(L0 Files): cumulative 0, interval 0
AddFile(Keys): cumulative 0, interval 0
Cumulative compaction: 685.58 GB write, 274.34 MB/s write, 611.75 GB read, 244.79 MB/s read, 23653.2 seconds
Interval compaction: 6.38 GB write, 208.90 MB/s write, 6.08 GB read, 198.89 MB/s read, 483.7 seconds
Estimated pending compaction bytes: 50919017034
Write Stall (count): cf-l0-file-count-limit-delays-with-ongoing-compaction: 131, cf-l0-file-count-limit-stops-with-ongoing-compaction: 0, l0-file-count-limit-delays: 131, l0-file-count-limit-stops: 0, memtable-limit-delays: 0, memtable-limit-stops: 1373, pending-compaction-bytes-delays: 0, pending-compaction-bytes-stops: 0, total-delays: 131, total-stops: 1373
interval: 19 total count
Block cache AutoHyperClockCache@0x5711ef9dd2d0#2018912 capacity: 512.00 MB seed: 591891029 usage: 18.23 MB table_size: 7933 occupancy: 4331 collections: 15 last_copies: 0 last_secs: 0.000657 secs_since: 31
Block cache entry stats(count,size,portion): Misc(4331,17.74 MB,3.46564%)

** File Read Latency Histogram By Level [default] **
** Level 0 read latency histogram (micros):
Count: 48096130 Average: 3.3278  StdDev: 1494.01
Min: 0  Median: 0.9455  Max: 4154556
Percentiles: P50: 0.95 P75: 1.56 P99: 3.14 P99.9: 4.92 P99.99: 5.52
------------------------------------------------------
[       0,       1 ] 25434247  52.882%  52.882% ###########
(       1,       2 ] 19023162  39.552%  92.434% ########
(       2,       3 ]  3100289   6.446%  98.881% #
(       3,       4 ]   424537   0.883%  99.763% 
(       4,       6 ]   143685   0.299% 100.062% 
(       6,      10 ]    58850   0.122% 100.184% 
(      10,      15 ]    22725   0.047% 100.232% 
(      15,      22 ]    13036   0.027% 100.259% 
(      22,      34 ]      938   0.002% 100.261% 
(      34,      51 ]      148   0.000% 100.261% 
(      51,      76 ]      592   0.001% 100.262% 
(      76,     110 ]     1187   0.002% 100.265% 
(     110,     170 ]       60   0.000% 100.265% 
(     170,     250 ]       37   0.000% 100.265% 
(     250,     380 ]      110   0.000% 100.265% 
(     380,     580 ]       21   0.000% 100.265% 
(     580,     870 ]       58   0.000% 100.265% 
(     870,    1300 ]      118   0.000% 100.265% 
(    1300,    1900 ]       93   0.000% 100.266% 
(    1900,    2900 ]       51   0.000% 100.266% 
(    2900,    4400 ]       13   0.000% 100.266% 
(    4400,    6600 ]        9   0.000% 100.266% 
(    6600,    9900 ]       15   0.000% 100.266% 
(    9900,   14000 ]       13   0.000% 100.266% 
(   14000,   22000 ]       30   0.000% 100.266% 
(   22000,   33000 ]       51   0.000% 100.266% 
(   33000,   50000 ]       43   0.000% 100.266% 
(   50000,   75000 ]      135   0.000% 100.266% 
(   75000,  110000 ]       86   0.000% 100.267% 
(  110000,  170000 ]       40   0.000% 100.267% 
(  170000,  250000 ]       18   0.000% 100.267% 
(  250000,  380000 ]       10   0.000% 100.267% 
(  380000,  570000 ]        4   0.000% 100.267% 
(  570000,  860000 ]        4   0.000% 100.267% 
(  860000, 1200000 ]        2   0.000% 100.267% 
( 1200000, 1900000 ]       15   0.000% 100.267% 
( 1900000, 2900000 ]        7   0.000% 100.267% 
( 2900000, 4300000 ]        2   0.000% 100.267% 

** Level 1 read latency histogram (micros):
Count: 67114324 Average: 2.8937  StdDev: 668.33
Min: 0  Median: 0.9628  Max: 3696283
Percentiles: P50: 0.96 P75: 1.62 P99: 3.62 P99.9: 4.92 P99.99: 5.20
------------------------------------------------------
[       0,       1 ] 34855009  51.934%  51.934% ##########
(       1,       2 ] 25024405  37.286%  89.220% #######
(       2,       3 ]  5903856   8.797%  98.017% ##
(       3,       4 ]  1064196   1.586%  99.602% 
(       4,       6 ]   434956   0.648% 100.250% 
(       6,      10 ]   159302   0.237% 100.488% 
(      10,      15 ]    44108   0.066% 100.554% 
(      15,      22 ]    30127   0.045% 100.598% 
(      22,      34 ]     3127   0.005% 100.603% 
(      34,      51 ]      897   0.001% 100.604% 
(      51,      76 ]     2346   0.003% 100.608% 
(      76,     110 ]     2916   0.004% 100.612% 
(     110,     170 ]     3165   0.005% 100.617% 
(     170,     250 ]     3348   0.005% 100.622% 
(     250,     380 ]     4167   0.006% 100.628% 
(     380,     580 ]     4352   0.006% 100.635% 
(     580,     870 ]     3980   0.006% 100.641% 
(     870,    1300 ]     2548   0.004% 100.644% 
(    1300,    1900 ]     2103   0.003% 100.648% 
(    1900,    2900 ]     1547   0.002% 100.650% 
(    2900,    4400 ]      853   0.001% 100.651% 
(    4400,    6600 ]      417   0.001% 100.652% 
(    6600,    9900 ]      159   0.000% 100.652% 
(    9900,   14000 ]       71   0.000% 100.652% 
(   14000,   22000 ]       80   0.000% 100.652% 
(   22000,   33000 ]       70   0.000% 100.652% 
(   33000,   50000 ]       65   0.000% 100.652% 
(   50000,   75000 ]       88   0.000% 100.653% 
(   75000,  110000 ]      111   0.000% 100.653% 
(  110000,  170000 ]       61   0.000% 100.653% 
(  170000,  250000 ]       52   0.000% 100.653% 
(  250000,  380000 ]       20   0.000% 100.653% 
(  380000,  570000 ]        4   0.000% 100.653% 
(  570000,  860000 ]        2   0.000% 100.653% 
(  860000, 1200000 ]        1   0.000% 100.653% 
( 1200000, 1900000 ]        3   0.000% 100.653% 
( 2900000, 4300000 ]        1   0.000% 100.653% 

** Level 2 read latency histogram (micros):
Count: 38701867 Average: 165.4870  StdDev: 6659.16
Min: 0  Median: 1.3791  Max: 5451179
Percentiles: P50: 1.38 P75: 1.97 P99: 771.94 P99.9: 1692.01 P99.99: 1845.06
------------------------------------------------------
[       0,       1 ] 13109674  33.873%  33.873% #######
(       1,       2 ] 16465033  42.543%  76.417% #########
(       2,       3 ]  5591265  14.447%  90.864% ###
(       3,       4 ]  1294848   3.346%  94.209% #
(       4,       6 ]   391017   1.010%  95.220% 
(       6,      10 ]    74830   0.193%  95.413% 
(      10,      15 ]    42284   0.109%  95.522% 
(      15,      22 ]    25406   0.066%  95.588% 
(      22,      34 ]     9752   0.025%  95.613% 
(      34,      51 ]    29605   0.076%  95.690% 
(      51,      76 ]    72723   0.188%  95.878% 
(      76,     110 ]    46005   0.119%  95.997% 
(     110,     170 ]   183281   0.474%  96.470% 
(     170,     250 ]   228492   0.590%  97.060% 
(     250,     380 ]   289668   0.748%  97.809% 
(     380,     580 ]   292156   0.755%  98.564% 
(     580,     870 ]   255058   0.659%  99.223% 
(     870,    1300 ]   172852   0.447%  99.669% 
(    1300,    1900 ]   136551   0.353% 100.022% 
(    1900,    2900 ]   106446   0.275% 100.297% 
(    2900,    4400 ]    56983   0.147% 100.445% 
(    4400,    6600 ]    28778   0.074% 100.519% 
(    6600,    9900 ]    10788   0.028% 100.547% 
(    9900,   14000 ]     5313   0.014% 100.561% 
(   14000,   22000 ]     6547   0.017% 100.577% 
(   22000,   33000 ]     5783   0.015% 100.592% 
(   33000,   50000 ]     6336   0.016% 100.609% 
(   50000,   75000 ]     7248   0.019% 100.628% 
(   75000,  110000 ]     7390   0.019% 100.647% 
(  110000,  170000 ]     7516   0.019% 100.666% 
(  170000,  250000 ]     4139   0.011% 100.677% 
(  250000,  380000 ]     1705   0.004% 100.681% 
(  380000,  570000 ]      341   0.001% 100.682% 
(  570000,  860000 ]       99   0.000% 100.682% 
(  860000, 1200000 ]       80   0.000% 100.682% 
( 1200000, 1900000 ]       99   0.000% 100.683% 
( 1900000, 2900000 ]       57   0.000% 100.683% 
( 2900000, 4300000 ]       25   0.000% 100.683% 
( 4300000, 6500000 ]        4   0.000% 100.683% 


** DB Stats **
Uptime(secs): 2559.0 total, 31.3 interval
Cumulative writes: 102M writes, 102M keys, 13M commit groups, 7.7 writes per commit group, ingest: 99.40 GB, 39.77 MB/s
Cumulative WAL: 102M writes, 0 syncs, 102076700.00 writes per sync, written: 99.40 GB, 39.77 MB/s
Cumulative stall: 00:36:13.448 H:M:S, 84.9 percent
Interval writes: 755K writes, 755K keys, 99K commit groups, 7.6 writes per commit group, ingest: 753.06 MB, 24.07 MB/s
Interval WAL: 755K writes, 0 syncs, 755208.00 writes per sync, written: 0.74 GB, 24.07 MB/s
Interval stall: 00:00:29.112 H:M:S, 93.0 percent
Write Stall (count): write-buffer-manager-limit-stops: 0
num-running-compactions: 17
num-running-flushes: 0

Set seed to 1788113588816469 because --seed was 0
Initializing RocksDB Options from the specified file
Initializing RocksDB Options from command-line flags
Integrated BlobDB: blob cache disabled
Keys:       16 bytes each (+ 0 bytes user-defined timestamp)
Values:     1024 bytes each (512 bytes after compression)
Entries:    103244288
Prefix:    0 bytes
Keys per prefix:    0
RawSize:    102399.9 MB (estimated)
FileSize:   51987.6 MB (estimated)
Write rate: 0 bytes/second
Read rate: 0 ops/second
Compression: NoCompression
Compression sampling rate: 0
Memtablerep: SkipListFactory
Perf Level: 1
------------------------------------------------
Initializing RocksDB Options from the specified file
Initializing RocksDB Options from command-line flags
Integrated BlobDB: blob cache disabled
DB path: [/tmp/l0exp_base4g]
fillrandom   :     398.814 micros/op 40117 ops/sec 2573.567 seconds 103244288 operations;   39.8 MB/s
Microseconds per write:
Count: 103244288 Average: 398.8141  StdDev: 45247.71
Min: 2  Median: 22.2672  Max: 11742384
Percentiles: P50: 22.27 P75: 30.37 P99: 1283.86 P99.9: 5753.33 P99.99: 405459.75
------------------------------------------------------
(       1,       2 ]       82   0.000%   0.000% 
(       2,       3 ]      503   0.000%   0.001% 
(       3,       4 ]      459   0.000%   0.001% 
(       4,       6 ]    16218   0.016%   0.017% 
(       6,      10 ]   460280   0.446%   0.463% 
(      10,      15 ]  1005516   0.974%   1.436% 
(      15,      22 ] 49287337  47.739%  49.175% ##########
(      22,      34 ] 38245169  37.043%  86.218% #######
(      34,      51 ] 10381297  10.055%  96.273% ##
(      51,      76 ]  1959926   1.898%  98.172% 
(      76,     110 ]   371383   0.360%  98.532% 
(     110,     170 ]   116684   0.113%  98.645% 
(     170,     250 ]    90652   0.088%  98.732% 
(     250,     380 ]    25451   0.025%  98.757% 
(     380,     580 ]     6042   0.006%  98.763% 
(     580,     870 ]     2918   0.003%  98.766% 
(     870,    1300 ]   251363   0.243%  99.009% 
(    1300,    1900 ]     2814   0.003%  99.012% 
(    1900,    2900 ]   611875   0.593%  99.605% 
(    2900,    4400 ]   237589   0.230%  99.835% 
(    4400,    6600 ]   109706   0.106%  99.941% 
(    6600,    9900 ]    21482   0.021%  99.962% 
(    9900,   14000 ]     4358   0.004%  99.966% 
(   14000,   22000 ]     2498   0.002%  99.968% 
(   22000,   33000 ]     3416   0.003%  99.972% 
(   33000,   50000 ]     3050   0.003%  99.975% 
(   50000,   75000 ]     4820   0.005%  99.979% 
(   75000,  110000 ]     4021   0.004%  99.983% 
(  110000,  170000 ]     3225   0.003%  99.986% 
(  170000,  250000 ]     1874   0.002%  99.988% 
(  250000,  380000 ]     1666   0.002%  99.990% 
(  380000,  570000 ]     2161   0.002%  99.992% 
(  570000,  860000 ]     1557   0.002%  99.993% 
(  860000, 1200000 ]     1280   0.001%  99.995% 
( 1200000, 1900000 ]     1376   0.001%  99.996% 
( 1900000, 2900000 ]      704   0.001%  99.997% 
( 2900000, 4300000 ]      384   0.000%  99.997% 
( 4300000, 6500000 ]      624   0.001%  99.998% 
( 6500000, 9800000 ]     2304   0.002% 100.000% 
( 9800000, 14000000 ]      224   0.000% 100.000% 

STATISTICS:
rocksdb.block.cache.miss COUNT : 156978329
rocksdb.block.cache.hit COUNT : 0
rocksdb.block.cache.add COUNT : 0
rocksdb.block.cache.add.failures COUNT : 0
rocksdb.block.cache.index.miss COUNT : 0
rocksdb.block.cache.index.hit COUNT : 0
rocksdb.block.cache.index.add COUNT : 0
rocksdb.block.cache.index.bytes.insert COUNT : 0
rocksdb.block.cache.filter.miss COUNT : 0
rocksdb.block.cache.filter.hit COUNT : 0
rocksdb.block.cache.filter.add COUNT : 0
rocksdb.block.cache.filter.bytes.insert COUNT : 0
rocksdb.block.cache.data.miss COUNT : 156978330
rocksdb.block.cache.data.hit COUNT : 0
rocksdb.block.cache.data.add COUNT : 0
rocksdb.block.cache.data.bytes.insert COUNT : 0
rocksdb.block.cache.bytes.read COUNT : 0
rocksdb.block.cache.bytes.write COUNT : 0
rocksdb.block.cache.compression.dict.miss COUNT : 0
rocksdb.block.cache.compression.dict.hit COUNT : 0
rocksdb.block.cache.compression.dict.add COUNT : 0
rocksdb.block.cache.compression.dict.bytes.insert COUNT : 0
rocksdb.block.cache.add.redundant COUNT : 0
rocksdb.block.cache.index.add.redundant COUNT : 0
rocksdb.block.cache.filter.add.redundant COUNT : 0
rocksdb.block.cache.data.add.redundant COUNT : 0
rocksdb.block.cache.compression.dict.add.redundant COUNT : 0
rocksdb.secondary.cache.hits COUNT : 0
rocksdb.secondary.cache.filter.hits COUNT : 0
rocksdb.secondary.cache.index.hits COUNT : 0
rocksdb.secondary.cache.data.hits COUNT : 0
rocksdb.compressed.secondary.cache.dummy.hits COUNT : 0
rocksdb.compressed.secondary.cache.hits COUNT : 0
rocksdb.compressed.secondary.cache.promotions COUNT : 0
rocksdb.compressed.secondary.cache.promotion.skips COUNT : 0
rocksdb.bloom.filter.useful COUNT : 0
rocksdb.bloom.filter.full.positive COUNT : 0
rocksdb.bloom.filter.full.true.positive COUNT : 0
rocksdb.bloom.filter.prefix.checked COUNT : 0
rocksdb.bloom.filter.prefix.useful COUNT : 0
rocksdb.bloom.filter.prefix.true.positive COUNT : 0
rocksdb.persistent.cache.hit COUNT : 0
rocksdb.persistent.cache.miss COUNT : 0
rocksdb.sim.block.cache.hit COUNT : 0
rocksdb.sim.block.cache.miss COUNT : 0
rocksdb.memtable.hit COUNT : 0
rocksdb.memtable.miss COUNT : 0
rocksdb.l0.hit COUNT : 0
rocksdb.l1.hit COUNT : 0
rocksdb.l2andup.hit COUNT : 0
rocksdb.compaction.key.drop.new COUNT : 27349445
rocksdb.compaction.key.drop.obsolete COUNT : 0
rocksdb.compaction.key.drop.range_del COUNT : 0
rocksdb.compaction.key.drop.user COUNT : 0
rocksdb.compaction.range_del.drop.obsolete COUNT : 0
rocksdb.compaction.optimized.del.drop.obsolete COUNT : 0
rocksdb.compaction.cancelled COUNT : 0
rocksdb.compaction.aborted COUNT : 0
rocksdb.number.keys.written COUNT : 103244288
rocksdb.number.keys.read COUNT : 0
rocksdb.number.keys.updated COUNT : 0
rocksdb.bytes.written COUNT : 107948442672
rocksdb.bytes.read COUNT : 0
rocksdb.number.db.seek COUNT : 0
rocksdb.number.db.next COUNT : 0
rocksdb.number.db.prev COUNT : 0
rocksdb.number.db.seek.found COUNT : 0
rocksdb.number.db.next.found COUNT : 0
rocksdb.number.db.prev.found COUNT : 0
rocksdb.db.iter.bytes.read COUNT : 0
rocksdb.number.iter.skip COUNT : 0
rocksdb.number.reseeks.iteration COUNT : 0
rocksdb.num.iterator.created COUNT : 0
rocksdb.num.iterator.deleted COUNT : 0
rocksdb.no.file.opens COUNT : 10639
rocksdb.no.file.errors COUNT : 0
rocksdb.stall.micros COUNT : 2185130295
rocksdb.db.mutex.wait.micros COUNT : 0
rocksdb.number.multiget.get COUNT : 0
rocksdb.number.multiget.keys.read COUNT : 0
rocksdb.number.multiget.bytes.read COUNT : 0
rocksdb.number.multiget.keys.found COUNT : 0
rocksdb.number.merge.failures COUNT : 0
rocksdb.getupdatessince.calls COUNT : 0
rocksdb.wal.synced COUNT : 0
rocksdb.wal.bytes COUNT : 107948442672
rocksdb.write.self COUNT : 13450500
rocksdb.write.other COUNT : 89793788
rocksdb.write.wal COUNT : 103244288
rocksdb.compact.read.bytes COUNT : 661097880439
rocksdb.compact.write.bytes COUNT : 633592838234
rocksdb.flush.write.bytes COUNT : 108864554269
rocksdb.compact.read.marked.bytes COUNT : 0
rocksdb.compact.read.periodic.bytes COUNT : 0
rocksdb.compact.read.ttl.bytes COUNT : 0
rocksdb.compact.write.marked.bytes COUNT : 0
rocksdb.compact.write.periodic.bytes COUNT : 0
rocksdb.compact.write.ttl.bytes COUNT : 0
rocksdb.number.direct.load.table.properties COUNT : 0
rocksdb.number.superversion_acquires COUNT : 0
rocksdb.number.superversion_releases COUNT : 0
rocksdb.number.superversion_cleanups COUNT : 0
rocksdb.number.block.compressed COUNT : 0
rocksdb.number.block.decompressed COUNT : 0
rocksdb.bytes.compressed.from COUNT : 0
rocksdb.bytes.compressed.to COUNT : 0
rocksdb.bytes.compression_bypassed COUNT : 741633137348
rocksdb.bytes.compression.rejected COUNT : 0
rocksdb.number.block_compression_bypassed COUNT : 175945406
rocksdb.number.block_compression_rejected COUNT : 0
rocksdb.bytes.decompressed.from COUNT : 0
rocksdb.bytes.decompressed.to COUNT : 0
rocksdb.merge.operation.time.nanos COUNT : 0
rocksdb.filter.operation.time.nanos COUNT : 0
rocksdb.compaction.total.time.cpu_micros COUNT : 2214315968
rocksdb.row.cache.hit COUNT : 0
rocksdb.row.cache.miss COUNT : 0
rocksdb.read.amp.estimate.useful.bytes COUNT : 0
rocksdb.read.amp.total.read.bytes COUNT : 0
rocksdb.number.rate_limiter.drains COUNT : 0
rocksdb.blobdb.num.put COUNT : 0
rocksdb.blobdb.num.write COUNT : 0
rocksdb.blobdb.num.get COUNT : 0
rocksdb.blobdb.num.multiget COUNT : 0
rocksdb.blobdb.num.seek COUNT : 0
rocksdb.blobdb.num.next COUNT : 0
rocksdb.blobdb.num.prev COUNT : 0
rocksdb.blobdb.num.keys.written COUNT : 0
rocksdb.blobdb.num.keys.read COUNT : 0
rocksdb.blobdb.bytes.written COUNT : 0
rocksdb.blobdb.bytes.read COUNT : 0
rocksdb.blobdb.write.inlined COUNT : 0
rocksdb.blobdb.write.inlined.ttl COUNT : 0
rocksdb.blobdb.write.blob COUNT : 0
rocksdb.blobdb.write.blob.ttl COUNT : 0
rocksdb.blobdb.blob.file.bytes.written COUNT : 0
rocksdb.blobdb.blob.file.bytes.read COUNT : 0
rocksdb.blobdb.blob.file.synced COUNT : 0
rocksdb.blobdb.blob.index.expired.count COUNT : 0
rocksdb.blobdb.blob.index.expired.size COUNT : 0
rocksdb.blobdb.blob.index.evicted.count COUNT : 0
rocksdb.blobdb.blob.index.evicted.size COUNT : 0
rocksdb.blobdb.gc.num.files COUNT : 0
rocksdb.blobdb.gc.num.new.files COUNT : 0
rocksdb.blobdb.gc.failures COUNT : 0
rocksdb.blobdb.gc.num.keys.relocated COUNT : 0
rocksdb.blobdb.gc.bytes.relocated COUNT : 0
rocksdb.blobdb.fifo.num.files.evicted COUNT : 0
rocksdb.blobdb.fifo.num.keys.evicted COUNT : 0
rocksdb.blobdb.fifo.bytes.evicted COUNT : 0
rocksdb.blobdb.cache.miss COUNT : 0
rocksdb.blobdb.cache.hit COUNT : 0
rocksdb.blobdb.cache.add COUNT : 0
rocksdb.blobdb.cache.add.failures COUNT : 0
rocksdb.blobdb.cache.bytes.read COUNT : 0
rocksdb.blobdb.cache.bytes.write COUNT : 0
rocksdb.txn.overhead.mutex.prepare COUNT : 0
rocksdb.txn.overhead.mutex.old.commit.map COUNT : 0
rocksdb.txn.overhead.duplicate.key COUNT : 0
rocksdb.txn.overhead.mutex.snapshot COUNT : 0
rocksdb.txn.get.tryagain COUNT : 0
rocksdb.files.marked.trash COUNT : 0
rocksdb.files.marked.trash.deleted COUNT : 0
rocksdb.files.deleted.immediately COUNT : 10912
rocksdb.error.handler.bg.error.count COUNT : 0
rocksdb.error.handler.bg.io.error.count COUNT : 0
rocksdb.error.handler.bg.retryable.io.error.count COUNT : 0
rocksdb.error.handler.autoresume.count COUNT : 0
rocksdb.error.handler.autoresume.retry.total.count COUNT : 0
rocksdb.error.handler.autoresume.success.count COUNT : 0
rocksdb.memtable.payload.bytes.at.flush COUNT : 108123772872
rocksdb.memtable.garbage.bytes.at.flush COUNT : 31900072
rocksdb.verify_checksum.read.bytes COUNT : 0
rocksdb.backup.read.bytes COUNT : 0
rocksdb.backup.write.bytes COUNT : 0
rocksdb.remote.compact.read.bytes COUNT : 0
rocksdb.remote.compact.write.bytes COUNT : 0
rocksdb.remote.compact.resumed.bytes COUNT : 0
rocksdb.hot.file.read.bytes COUNT : 0
rocksdb.warm.file.read.bytes COUNT : 0
rocksdb.cool.file.read.bytes COUNT : 0
rocksdb.cold.file.read.bytes COUNT : 0
rocksdb.ice.file.read.bytes COUNT : 0
rocksdb.hot.file.read.count COUNT : 0
rocksdb.warm.file.read.count COUNT : 0
rocksdb.cool.file.read.count COUNT : 0
rocksdb.cold.file.read.count COUNT : 0
rocksdb.ice.file.read.count COUNT : 0
rocksdb.last.level.read.bytes COUNT : 0
rocksdb.last.level.read.count COUNT : 0
rocksdb.non.last.level.read.bytes COUNT : 662906948511
rocksdb.non.last.level.read.count COUNT : 157020893
rocksdb.last.level.seek.filtered COUNT : 0
rocksdb.last.level.seek.filter.match COUNT : 0
rocksdb.last.level.seek.data COUNT : 0
rocksdb.last.level.seek.data.useful.no.filter COUNT : 0
rocksdb.last.level.seek.data.useful.filter.match COUNT : 0
rocksdb.non.last.level.seek.filtered COUNT : 0
rocksdb.non.last.level.seek.filter.match COUNT : 0
rocksdb.non.last.level.seek.data COUNT : 0
rocksdb.non.last.level.seek.data.useful.no.filter COUNT : 0
rocksdb.non.last.level.seek.data.useful.filter.match COUNT : 0
rocksdb.block.checksum.compute.count COUNT : 156999616
rocksdb.block.checksum.mismatch.count COUNT : 0
rocksdb.multiget.coroutine.count COUNT : 0
rocksdb.read.async.micros COUNT : 0
rocksdb.async.read.error.count COUNT : 0
rocksdb.table.open.prefetch.tail.miss COUNT : 0
rocksdb.table.open.prefetch.tail.hit COUNT : 0
rocksdb.timestamp.filter.table.checked COUNT : 0
rocksdb.timestamp.filter.table.filtered COUNT : 0
rocksdb.readahead.trimmed COUNT : 0
rocksdb.fifo.max.size.compactions COUNT : 0
rocksdb.fifo.ttl.compactions COUNT : 0
rocksdb.fifo.change_temperature.compactions COUNT : 0
rocksdb.prefetch.bytes COUNT : 0
rocksdb.prefetch.bytes.useful COUNT : 0
rocksdb.prefetch.hits COUNT : 0
rocksdb.footer.corruption.count COUNT : 0
rocksdb.file.read.corruption.retry.count COUNT : 0
rocksdb.file.read.corruption.retry.success.count COUNT : 0
rocksdb.number.wbwi.ingest COUNT : 0
rocksdb.sst.user.defined.index.load.fail.count COUNT : 0
rocksdb.multiscan.prepare.calls COUNT : 0
rocksdb.multiscan.prepare.errors COUNT : 0
rocksdb.multiscan.blocks.prefetched COUNT : 0
rocksdb.multiscan.blocks.from.cache COUNT : 0
rocksdb.multiscan.prefetch.bytes COUNT : 0
rocksdb.multiscan.prefetch.blocks.wasted COUNT : 0
rocksdb.multiscan.io.requests COUNT : 0
rocksdb.multiscan.io.coalesced.nonadjacent COUNT : 0
rocksdb.multiscan.seek.errors COUNT : 0
rocksdb.prefetch.memory.bytes.granted COUNT : 0
rocksdb.prefetch.memory.bytes.released COUNT : 0
rocksdb.prefetch.memory.requests.blocked COUNT : 0
rocksdb.read.path.range.tombstones.inserted COUNT : 0
rocksdb.read.path.range.tombstones.discarded COUNT : 0
rocksdb.file.open.metadata.retrieved COUNT : 0
rocksdb.file.open.metadata.passed COUNT : 0
rocksdb.db.get.micros P50 : 0.000000 P95 : 0.000000 P99 : 0.000000 P100 : 0.000000 COUNT : 0 SUM : 0
rocksdb.db.write.micros P50 : 21.283073 P95 : 47.880182 P99 : 1283.189302 P100 : 11742380.000000 COUNT : 103244288 SUM : 41027412461
rocksdb.compaction.times.micros P50 : 12225477.707006 P95 : 29057803.468208 P99 : 34129411.764706 P100 : 44062709.000000 COUNT : 1580 SUM : 20483803844
rocksdb.compaction.times.cpu_micros P50 : 827199.281867 P95 : 1830479.452055 P99 : 23100000.000000 P100 : 35103425.000000 COUNT : 1580 SUM : 2210652557
rocksdb.subcompaction.setup.times.micros P50 : 134375.000000 P95 : 236153.846154 P99 : 247230.769231 P100 : 247659.000000 COUNT : 45 SUM : 5851645
rocksdb.table.sync.micros P50 : 403882.681564 P95 : 8389461.538462 P99 : 9517892.307692 P100 : 9771189.000000 COUNT : 1667 SUM : 2735606182
rocksdb.compaction.outfile.sync.micros P50 : 1053945.895522 P95 : 9167079.411765 P99 : 11012156.521739 P100 : 19709485.000000 COUNT : 8981 SUM : 23519143553
rocksdb.wal.file.sync.micros P50 : 0.000000 P95 : 0.000000 P99 : 0.000000 P100 : 0.000000 COUNT : 0 SUM : 0
rocksdb.manifest.file.sync.micros P50 : 3521.951220 P95 : 486227.272727 P99 : 5108000.000000 P100 : 9237187.000000 COUNT : 2788 SUM : 566494568
rocksdb.table.open.io.micros P50 : 235.227842 P95 : 56814.024390 P99 : 211284.210526 P100 : 5451563.000000 COUNT : 10639 SUM : 168750587
rocksdb.db.multiget.micros P50 : 0.000000 P95 : 0.000000 P99 : 0.000000 P100 : 0.000000 COUNT : 0 SUM : 0
rocksdb.read.block.compaction.micros P50 : 2.018169 P95 : 5.816157 P99 : 209.329798 P100 : 4647106.000000 COUNT : 156978377 SUM : 6844787426
rocksdb.read.block.get.micros P50 : 106.164358 P95 : 228.325301 P99 : 1274.247778 P100 : 4938.000000 COUNT : 10639 SUM : 1453582
rocksdb.write.raw.block.micros P50 : 0.576019 P95 : 1.770799 P99 : 2.968502 P100 : 8343711.000000 COUNT : 175966747 SUM : 3587504928
rocksdb.numfiles.in.singlecompaction P50 : 3.338045 P95 : 5.796748 P99 : 95.040000 P100 : 137.000000 COUNT : 1740 SUM : 9951
rocksdb.db.seek.micros P50 : 0.000000 P95 : 0.000000 P99 : 0.000000 P100 : 0.000000 COUNT : 0 SUM : 0
rocksdb.db.write.stall P50 : 2281.614767 P95 : 3847.143261 P99 : 4398.878953 P100 : 11706305.000000 COUNT : 97694 SUM : 2185130295
rocksdb.sst.read.micros P50 : 1.066087 P95 : 2.895722 P99 : 206.657327 P100 : 5451179.000000 COUNT : 157020954 SUM : 6808862483
rocksdb.file.read.flush.micros P50 : 8.651163 P95 : 36480.952381 P99 : 155924.324324 P100 : 4154556.000000 COUNT : 6668 SUM : 78968515
rocksdb.file.read.compaction.micros P50 : 1.066041 P95 : 2.895460 P99 : 206.481988 P100 : 5451179.000000 COUNT : 157014300 SUM : 6729893983
rocksdb.file.read.db.open.micros P50 : 0.000000 P95 : 0.000000 P99 : 0.000000 P100 : 0.000000 COUNT : 0 SUM : 0
rocksdb.file.read.get.micros P50 : 0.000000 P95 : 0.000000 P99 : 0.000000 P100 : 0.000000 COUNT : 0 SUM : 0
rocksdb.file.read.multiget.micros P50 : 0.000000 P95 : 0.000000 P99 : 0.000000 P100 : 0.000000 COUNT : 0 SUM : 0
rocksdb.file.read.db.iterator.micros P50 : 0.000000 P95 : 0.000000 P99 : 0.000000 P100 : 0.000000 COUNT : 0 SUM : 0
rocksdb.file.read.verify.db.checksum.micros P50 : 0.000000 P95 : 0.000000 P99 : 0.000000 P100 : 0.000000 COUNT : 0 SUM : 0
rocksdb.file.read.verify.file.checksums.micros P50 : 0.000000 P95 : 0.000000 P99 : 0.000000 P100 : 0.000000 COUNT : 0 SUM : 0
rocksdb.sst.write.micros P50 : 0.502261 P95 : 0.954296 P99 : 0.994477 P100 : 8343700.000000 COUNT : 351944325 SUM : 3502554191
rocksdb.file.write.flush.micros P50 : 0.501286 P95 : 0.952444 P99 : 0.992547 P100 : 4944629.000000 COUNT : 51614208 SUM : 127186691
rocksdb.file.write.compaction.micros P50 : 0.502430 P95 : 0.954616 P99 : 0.994810 P100 : 8343700.000000 COUNT : 300330151 SUM : 3375367511
rocksdb.file.write.db.open.micros P50 : 0.000000 P95 : 0.000000 P99 : 0.000000 P100 : 0.000000 COUNT : 0 SUM : 0
rocksdb.num.subcompactions.scheduled P50 : 16.000000 P95 : 16.000000 P99 : 16.000000 P100 : 16.000000 COUNT : 45 SUM : 696
rocksdb.bytes.per.read P50 : 0.000000 P95 : 0.000000 P99 : 0.000000 P100 : 0.000000 COUNT : 0 SUM : 0
rocksdb.bytes.per.write P50 : 8051.609306 P95 : 13263.139130 P99 : 16716.000000 P100 : 16716.000000 COUNT : 13450500 SUM : 107948442672
rocksdb.bytes.per.multiget P50 : 0.000000 P95 : 0.000000 P99 : 0.000000 P100 : 0.000000 COUNT : 0 SUM : 0
rocksdb.compression.times.nanos P50 : 0.000000 P95 : 0.000000 P99 : 0.000000 P100 : 0.000000 COUNT : 0 SUM : 0
rocksdb.decompression.times.nanos P50 : 0.000000 P95 : 0.000000 P99 : 0.000000 P100 : 0.000000 COUNT : 0 SUM : 0
rocksdb.read.num.merge_operands P50 : 0.000000 P95 : 0.000000 P99 : 0.000000 P100 : 0.000000 COUNT : 0 SUM : 0
rocksdb.blobdb.key.size P50 : 0.000000 P95 : 0.000000 P99 : 0.000000 P100 : 0.000000 COUNT : 0 SUM : 0
rocksdb.blobdb.value.size P50 : 0.000000 P95 : 0.000000 P99 : 0.000000 P100 : 0.000000 COUNT : 0 SUM : 0
rocksdb.blobdb.write.micros P50 : 0.000000 P95 : 0.000000 P99 : 0.000000 P100 : 0.000000 COUNT : 0 SUM : 0
rocksdb.blobdb.get.micros P50 : 0.000000 P95 : 0.000000 P99 : 0.000000 P100 : 0.000000 COUNT : 0 SUM : 0
rocksdb.blobdb.multiget.micros P50 : 0.000000 P95 : 0.000000 P99 : 0.000000 P100 : 0.000000 COUNT : 0 SUM : 0
rocksdb.blobdb.seek.micros P50 : 0.000000 P95 : 0.000000 P99 : 0.000000 P100 : 0.000000 COUNT : 0 SUM : 0
rocksdb.blobdb.next.micros P50 : 0.000000 P95 : 0.000000 P99 : 0.000000 P100 : 0.000000 COUNT : 0 SUM : 0
rocksdb.blobdb.prev.micros P50 : 0.000000 P95 : 0.000000 P99 : 0.000000 P100 : 0.000000 COUNT : 0 SUM : 0
rocksdb.blobdb.blob.file.write.micros P50 : 0.000000 P95 : 0.000000 P99 : 0.000000 P100 : 0.000000 COUNT : 0 SUM : 0
rocksdb.blobdb.blob.file.read.micros P50 : 0.000000 P95 : 0.000000 P99 : 0.000000 P100 : 0.000000 COUNT : 0 SUM : 0
rocksdb.blobdb.blob.file.sync.micros P50 : 0.000000 P95 : 0.000000 P99 : 0.000000 P100 : 0.000000 COUNT : 0 SUM : 0
rocksdb.blobdb.compression.micros P50 : 0.000000 P95 : 0.000000 P99 : 0.000000 P100 : 0.000000 COUNT : 0 SUM : 0
rocksdb.blobdb.decompression.micros P50 : 0.000000 P95 : 0.000000 P99 : 0.000000 P100 : 0.000000 COUNT : 0 SUM : 0
rocksdb.db.flush.micros P50 : 681015.625000 P95 : 8838339.694656 P99 : 9678202.290076 P100 : 10834573.000000 COUNT : 1667 SUM : 3470470402
rocksdb.sst.batch.size P50 : 0.000000 P95 : 0.000000 P99 : 0.000000 P100 : 0.000000 COUNT : 0 SUM : 0
rocksdb.multiget.io.batch.size P50 : 0.000000 P95 : 0.000000 P99 : 0.000000 P100 : 0.000000 COUNT : 0 SUM : 0
rocksdb.num.index.and.filter.blocks.read.per.level P50 : 0.000000 P95 : 0.000000 P99 : 0.000000 P100 : 0.000000 COUNT : 0 SUM : 0
rocksdb.num.sst.read.per.level P50 : 0.000000 P95 : 0.000000 P99 : 0.000000 P100 : 0.000000 COUNT : 0 SUM : 0
rocksdb.num.level.read.per.multiget P50 : 0.000000 P95 : 0.000000 P99 : 0.000000 P100 : 0.000000 COUNT : 0 SUM : 0
rocksdb.error.handler.autoresume.retry.count P50 : 0.000000 P95 : 0.000000 P99 : 0.000000 P100 : 0.000000 COUNT : 0 SUM : 0
rocksdb.async.read.bytes P50 : 0.000000 P95 : 0.000000 P99 : 0.000000 P100 : 0.000000 COUNT : 0 SUM : 0
rocksdb.poll.wait.micros P50 : 0.000000 P95 : 0.000000 P99 : 0.000000 P100 : 0.000000 COUNT : 0 SUM : 0
rocksdb.compaction.prefetch.bytes P50 : 0.000000 P95 : 0.000000 P99 : 0.000000 P100 : 0.000000 COUNT : 0 SUM : 0
rocksdb.prefetched.bytes.discarded P50 : 0.000000 P95 : 0.000000 P99 : 0.000000 P100 : 0.000000 COUNT : 0 SUM : 0
rocksdb.async.prefetch.abort.micros P50 : 0.000000 P95 : 0.000000 P99 : 0.000000 P100 : 0.000000 COUNT : 0 SUM : 0
rocksdb.table.open.prefetch.tail.read.bytes P50 : 0.000000 P95 : 0.000000 P99 : 0.000000 P100 : 0.000000 COUNT : 0 SUM : 0
rocksdb.num.op.per.transaction P50 : 0.000000 P95 : 0.000000 P99 : 0.000000 P100 : 0.000000 COUNT : 0 SUM : 0
rocksdb.multiscan.op.prepare.iterators.micros P50 : 0.000000 P95 : 0.000000 P99 : 0.000000 P100 : 0.000000 COUNT : 0 SUM : 0
rocksdb.multiscan.prepare.micros P50 : 0.000000 P95 : 0.000000 P99 : 0.000000 P100 : 0.000000 COUNT : 0 SUM : 0
rocksdb.multiscan.blocks.per.prepare P50 : 0.000000 P95 : 0.000000 P99 : 0.000000 P100 : 0.000000 COUNT : 0 SUM : 0
rocksdb.block.key.distribution.cv P50 : 0.000000 P95 : 0.000000 P99 : 0.000000 P100 : 0.000000 COUNT : 0 SUM : 0

