RocksDB:    version 11.2.0
Date:       Mon Aug 31 02:56:04 2026
CPU:        36 * Intel(R) Core(TM) i9-10980XE CPU @ 3.00GHz
CPUCache:   25344 KB
2026/08/31-02:56:35  ... thread 1: (13000,13000) ops and (412.0,412.0) ops/second in (31.555158,31.555158) seconds
2026/08/31-02:56:37  ... thread 15: (13000,13000) ops and (393.9,393.9) ops/second in (33.001966,33.001966) seconds
2026/08/31-02:56:37  ... thread 0: (14000,14000) ops and (417.9,417.9) ops/second in (33.501720,33.501720) seconds

** Compaction Stats [default] **
Level    Files   Size     Score Read(GB)  Rn(GB) Rnp1(GB) Write(GB) WPreComp(GB) Wnew(GB) Moved(GB) W-Amp Rd(MB/s) Wr(MB/s) Comp(sec) CompMergeCPU(sec) Comp(cnt) Avg(sec) KeyIn KeyDrop Rblob(GB) Wblob(GB)
-------------------------------------------------------------------------------------------------------------------------------------------------------------------------------------------------------------
  L0     18/18     3.35 GB   0.0      0.0     0.0      0.0       0.1       0.1      0.1       0.0   1.0      0.0    305.8      0.24              0.00         2    0.120     72K      0       0.0       0.0
  L1    102/102    6.11 GB   0.0      0.0     0.0      0.0       0.0       0.0      0.0       0.0   0.0      0.0      0.0      0.00              0.00         0    0.000       0      0       0.0       0.0
  L2    720/0     39.82 GB   1.0      0.0     0.0      0.0       0.0       0.0      0.0       0.0   0.0      0.0      0.0      0.00              0.00         0    0.000       0      0       0.0       0.0
  L3    456/0     25.35 GB   0.1      0.0     0.0      0.0       0.0       0.0      0.0       0.7   0.0      0.0      0.0      0.00              0.00         0    0.000       0      0       0.0       0.0
 Sum   1296/120   74.63 GB   0.0      0.0     0.0      0.0       0.1       0.1      0.1       0.7   1.0      0.0    305.8      0.24              0.00         2    0.120     72K      0       0.0       0.0
 Int      0/0      0.00 KB   0.0      0.0     0.0      0.0       0.0       0.0      0.0       0.7   0.0      0.0      0.0      0.00              0.00         0    0.000       0      0       0.0       0.0

** Compaction Stats [default] **
Priority    Files   Size     Score Read(GB)  Rn(GB) Rnp1(GB) Write(GB) WPreComp(GB) Wnew(GB) Moved(GB) W-Amp Rd(MB/s) Wr(MB/s) Comp(sec) CompMergeCPU(sec) Comp(cnt) Avg(sec) KeyIn KeyDrop Rblob(GB) Wblob(GB)
----------------------------------------------------------------------------------------------------------------------------------------------------------------------------------------------------------------
User      0/0      0.00 KB   0.0      0.0     0.0      0.0       0.1       0.1      0.1       0.0   0.0      0.0    305.8      0.24              0.00         2    0.120     72K      0       0.0       0.0

Blob file count: 0, total size: 0.0 GB, garbage size: 0.0 GB, space amp: 0.0

Uptime(secs): 34.2 total, 33.5 interval
Flush(GB): cumulative 0.071, interval 0.000
AddFile(GB): cumulative 0.000, interval 0.000
AddFile(Total Files): cumulative 0, interval 0
AddFile(L0 Files): cumulative 0, interval 0
AddFile(Keys): cumulative 0, interval 0
Cumulative compaction: 0.07 GB write, 2.14 MB/s write, 0.00 GB read, 0.00 MB/s read, 0.2 seconds
Interval compaction: 0.00 GB write, 0.00 MB/s write, 0.00 GB read, 0.00 MB/s read, 0.0 seconds
Estimated pending compaction bytes: 49509115913
Write Stall (count): cf-l0-file-count-limit-delays-with-ongoing-compaction: 0, cf-l0-file-count-limit-stops-with-ongoing-compaction: 0, l0-file-count-limit-delays: 0, l0-file-count-limit-stops: 0, memtable-limit-delays: 0, memtable-limit-stops: 0, pending-compaction-bytes-delays: 0, pending-compaction-bytes-stops: 0, total-delays: 0, total-stops: 0
Block cache AutoHyperClockCache@0x56a6314dd2d0#2042444 capacity: 512.00 MB seed: 1018891949 usage: 64.00 KB table_size: 1024 occupancy: 1 collections: 1 last_copies: 0 last_secs: 9.9e-05 secs_since: 33
Block cache entry stats(count,size,portion): Misc(1,0.00 KB,0%)

** File Read Latency Histogram By Level [default] **
** Level 0 read latency histogram (micros):
Count: 3624474 Average: 3.4778  StdDev: 6.34
Min: 0  Median: 2.8510  Max: 4742
Percentiles: P50: 2.85 P75: 3.62 P99: 5.81 P99.9: 5.95 P99.99: 5.96
------------------------------------------------------
[       0,       1 ]   242632   6.694%   6.694% #
(       1,       2 ]   609738  16.823%  23.517% ###
(       2,       3 ]  1127907  31.119%  54.636% ######
(       3,       4 ]  1187937  32.775%  87.412% #######
(       4,       6 ]   465095  12.832% 100.244% ###
(       6,      10 ]    32939   0.909% 101.153% 
(      10,      15 ]    13439   0.371% 101.523% 
(      15,      22 ]     9972   0.275% 101.798% 
(      22,      34 ]      948   0.026% 101.825% 
(      34,      51 ]      128   0.004% 101.828% 
(      51,      76 ]       57   0.002% 101.830% 
(      76,     110 ]       56   0.002% 101.831% 
(     110,     170 ]       78   0.002% 101.833% 
(     170,     250 ]       59   0.002% 101.835% 
(     250,     380 ]       51   0.001% 101.836% 
(     380,     580 ]       57   0.002% 101.838% 
(     580,     870 ]       17   0.000% 101.839% 
(     870,    1300 ]        5   0.000% 101.839% 
(    1300,    1900 ]        7   0.000% 101.839% 
(    1900,    2900 ]        7   0.000% 101.839% 
(    2900,    4400 ]        2   0.000% 101.839% 
(    4400,    6600 ]        1   0.000% 101.839% 

** Level 1 read latency histogram (micros):
Count: 1669578 Average: 1.8611  StdDev: 6.02
Min: 0  Median: 0.9801  Max: 1321
Percentiles: P50: 0.98 P75: 1.72 P99: 5.27 P99.9: 5.81 P99.99: 5.87
------------------------------------------------------
[       0,       1 ]   851706  51.013%  51.013% ##########
(       1,       2 ]   557501  33.392%  84.405% #######
(       2,       3 ]   118863   7.119%  91.524% #
(       3,       4 ]    89873   5.383%  96.907% #
(       4,       6 ]    55074   3.299% 100.206% #
(       6,      10 ]     5709   0.342% 100.548% 
(      10,      15 ]     1733   0.104% 100.652% 
(      15,      22 ]      924   0.055% 100.707% 
(      22,      34 ]       80   0.005% 100.712% 
(      34,      51 ]       14   0.001% 100.713% 
(      51,      76 ]        3   0.000% 100.713% 
(      76,     110 ]        7   0.000% 100.713% 
(     110,     170 ]       11   0.001% 100.714% 
(     170,     250 ]        3   0.000% 100.714% 
(     250,     380 ]        8   0.000% 100.715% 
(     380,     580 ]       18   0.001% 100.716% 
(     580,     870 ]       46   0.003% 100.718% 
(     870,    1300 ]       25   0.001% 100.720% 
(    1300,    1900 ]        1   0.000% 100.720% 

** Level 2 read latency histogram (micros):
Count: 196413 Average: 1063.0159  StdDev: 14278.53
Min: 1  Median: 4.8559  Max: 2769384
Percentiles: P50: 4.86 P75: 206.65 P99: 9251.61 P99.9: 101968.92 P99.99: 137556.31
------------------------------------------------------
[       0,       1 ]      283   0.144%   0.144% 
(       1,       2 ]     2085   1.062%   1.206% 
(       2,       3 ]    13658   6.954%   8.159% #
(       3,       4 ]    57418  29.233%  37.393% ######
(       4,       6 ]    57861  29.459%  66.851% ######
(       6,      10 ]     6102   3.107%  69.958% #
(      10,      15 ]      535   0.272%  70.231% 
(      15,      22 ]      306   0.156%  70.386% 
(      22,      34 ]       36   0.018%  70.405% 
(      34,      51 ]       12   0.006%  70.411% 
(      51,      76 ]        9   0.005%  70.415% 
(      76,     110 ]      264   0.134%  70.550% 
(     110,     170 ]     5769   2.937%  73.487% #
(     170,     250 ]     6486   3.302%  76.789% #
(     250,     380 ]     9529   4.852%  81.641% #
(     380,     580 ]     7482   3.809%  85.450% #
(     580,     870 ]     7092   3.611%  89.061% #
(     870,    1300 ]     6312   3.214%  92.274% #
(    1300,    1900 ]     5225   2.660%  94.935% #
(    1900,    2900 ]     4191   2.134%  97.068% 
(    2900,    4400 ]     2356   1.200%  98.268% 
(    4400,    6600 ]     1102   0.561%  98.829% 
(    6600,    9900 ]      418   0.213%  99.042% 
(    9900,   14000 ]      223   0.114%  99.155% 
(   14000,   22000 ]      289   0.147%  99.302% 
(   22000,   33000 ]      290   0.148%  99.450% 
(   33000,   50000 ]      346   0.176%  99.626% 
(   50000,   75000 ]      328   0.167%  99.793% 
(   75000,  110000 ]      272   0.138%  99.932% 
(  110000,  170000 ]      249   0.127% 100.059% 
(  170000,  250000 ]       84   0.043% 100.101% 
(  250000,  380000 ]       41   0.021% 100.122% 
(  380000,  570000 ]        3   0.002% 100.124% 
(  860000, 1200000 ]        2   0.001% 100.125% 
( 1200000, 1900000 ]        6   0.003% 100.128% 
( 1900000, 2900000 ]        1   0.001% 100.128% 

** Level 3 read latency histogram (micros):
Count: 80859 Average: 3344.9962  StdDev: 29323.86
Min: 1  Median: 469.2152  Max: 2693186
Percentiles: P50: 469.22 P75: 1225.29 P99: 69575.13 P99.9: 173188.22 P99.99: 218318.82
------------------------------------------------------
[       0,       1 ]      108   0.134%   0.134% 
(       1,       2 ]      382   0.472%   0.606% 
(       2,       3 ]      783   0.968%   1.574% 
(       3,       4 ]     3187   3.941%   5.516% #
(       4,       6 ]     3838   4.747%  10.262% #
(       6,      10 ]      451   0.558%  10.820% 
(      10,      15 ]       28   0.035%  10.855% 
(      15,      22 ]       23   0.028%  10.883% 
(      22,      34 ]        4   0.005%  10.888% 
(      34,      51 ]        2   0.002%  10.891% 
(      51,      76 ]        9   0.011%  10.902% 
(      76,     110 ]      330   0.408%  11.310% 
(     110,     170 ]     7144   8.835%  20.145% ##
(     170,     250 ]     8222  10.168%  30.313% ##
(     250,     380 ]    11832  14.633%  44.946% ###
(     380,     580 ]     9161  11.330%  56.276% ##
(     580,     870 ]     8778  10.856%  67.132% ##
(     870,    1300 ]     7700   9.523%  76.654% ##
(    1300,    1900 ]     6608   8.172%  84.827% ##
(    1900,    2900 ]     5197   6.427%  91.254% #
(    2900,    4400 ]     2757   3.410%  94.664% #
(    4400,    6600 ]     1360   1.682%  96.345% 
(    6600,    9900 ]      478   0.591%  96.937% 
(    9900,   14000 ]      242   0.299%  97.236% 
(   14000,   22000 ]      349   0.432%  97.668% 
(   22000,   33000 ]      335   0.414%  98.082% 
(   33000,   50000 ]      448   0.554%  98.636% 
(   50000,   75000 ]      376   0.465%  99.101% 
(   75000,  110000 ]      340   0.420%  99.521% 
(  110000,  170000 ]      301   0.372%  99.894% 
(  170000,  250000 ]      129   0.160% 100.053% 
(  250000,  380000 ]       48   0.059% 100.113% 
(  380000,  570000 ]       13   0.016% 100.129% 
(  570000,  860000 ]        1   0.001% 100.130% 
(  860000, 1200000 ]        2   0.002% 100.132% 
( 1200000, 1900000 ]        8   0.010% 100.142% 
( 1900000, 2900000 ]        4   0.005% 100.147% 


** DB Stats **
Uptime(secs): 34.2 total, 33.5 interval
Cumulative writes: 0 writes, 0 keys, 0 commit groups, 0.0 writes per commit group, ingest: 0.00 GB, 0.00 MB/s
Cumulative WAL: 0 writes, 0 syncs, 0.00 writes per sync, written: 0.00 GB, 0.00 MB/s
Cumulative stall: 00:00:0.000 H:M:S, 0.0 percent
Interval writes: 0 writes, 0 keys, 0 commit groups, 0.0 writes per commit group, ingest: 0.00 MB, 0.00 MB/s
Interval WAL: 0 writes, 0 syncs, 0.00 writes per sync, written: 0.00 GB, 0.00 MB/s
Interval stall: 00:00:0.000 H:M:S, 0.0 percent
Write Stall (count): write-buffer-manager-limit-stops: 0
num-running-compactions: 1
num-running-flushes: 0

2026/08/31-02:56:37  ... thread 14: (14000,14000) ops and (415.9,415.9) ops/second in (33.661318,33.661318) seconds
2026/08/31-02:56:37  ... thread 12: (14000,14000) ops and (415.8,415.8) ops/second in (33.672071,33.672071) seconds
2026/08/31-02:56:37  ... thread 10: (14000,14000) ops and (415.7,415.7) ops/second in (33.675639,33.675639) seconds
2026/08/31-02:56:37  ... thread 2: (14000,14000) ops and (415.7,415.7) ops/second in (33.677494,33.677494) seconds
2026/08/31-02:56:37  ... thread 5: (14000,14000) ops and (415.2,415.2) ops/second in (33.721889,33.721889) seconds
2026/08/31-02:56:37  ... thread 3: (14000,14000) ops and (415.1,415.1) ops/second in (33.726181,33.726181) seconds
2026/08/31-02:56:37  ... thread 6: (14000,14000) ops and (415.0,415.0) ops/second in (33.732174,33.732174) seconds
2026/08/31-02:56:37  ... thread 11: (14000,14000) ops and (414.5,414.5) ops/second in (33.774717,33.774717) seconds
2026/08/31-02:56:37  ... thread 8: (14000,14000) ops and (414.5,414.5) ops/second in (33.775410,33.775410) seconds
2026/08/31-02:56:37  ... thread 9: (14000,14000) ops and (414.3,414.3) ops/second in (33.792238,33.792238) seconds
2026/08/31-02:56:37  ... thread 7: (14000,14000) ops and (413.2,413.2) ops/second in (33.882596,33.882596) seconds
2026/08/31-02:56:37  ... thread 13: (14000,14000) ops and (412.8,412.8) ops/second in (33.914592,33.914592) seconds
2026/08/31-02:56:37  ... thread 4: (14000,14000) ops and (412.8,412.8) ops/second in (33.916515,33.916515) seconds
2026/08/31-02:57:05  ... thread 1: (25000,38000) ops and (829.2,615.8) ops/second in (30.148712,61.703870) seconds
2026/08/31-02:57:13  ... thread 10: (25000,39000) ops and (692.1,558.7) ops/second in (36.124057,69.799696) seconds
2026/08/31-02:57:15  ... thread 4: (24000,38000) ops and (644.3,534.0) ops/second in (37.249810,71.166325) seconds
2026/08/31-02:57:15  ... thread 15: (25000,38000) ops and (654.9,533.9) ops/second in (38.171470,71.173436) seconds
2026/08/31-02:57:15  ... thread 7: (25000,39000) ops and (670.4,548.0) ops/second in (37.291269,71.173865) seconds
2026/08/31-02:57:15  ... thread 9: (25000,39000) ops and (668.4,547.8) ops/second in (37.401469,71.193707) seconds
2026/08/31-02:57:15  ... thread 6: (25000,39000) ops and (666.6,547.5) ops/second in (37.506398,71.238572) seconds
2026/08/31-02:57:15  ... thread 12: (25000,39000) ops and (665.1,547.3) ops/second in (37.588359,71.260430) seconds
2026/08/31-02:57:15  ... thread 2: (25000,39000) ops and (665.0,547.2) ops/second in (37.595491,71.272985) seconds
2026/08/31-02:57:15  ... thread 13: (25000,39000) ops and (668.9,547.1) ops/second in (37.372180,71.286772) seconds
2026/08/31-02:57:15  ... thread 14: (25000,39000) ops and (664.3,547.0) ops/second in (37.631485,71.292803) seconds
2026/08/31-02:57:15  ... thread 11: (25000,39000) ops and (666.3,547.0) ops/second in (37.521726,71.296443) seconds
2026/08/31-02:57:15  ... thread 5: (25000,39000) ops and (665.1,546.9) ops/second in (37.589969,71.311858) seconds
2026/08/31-02:57:15  ... thread 0: (26000,40000) ops and (687.3,560.8) ops/second in (37.826463,71.328183) seconds

** Compaction Stats [default] **
Level    Files   Size     Score Read(GB)  Rn(GB) Rnp1(GB) Write(GB) WPreComp(GB) Wnew(GB) Moved(GB) W-Amp Rd(MB/s) Wr(MB/s) Comp(sec) CompMergeCPU(sec) Comp(cnt) Avg(sec) KeyIn KeyDrop Rblob(GB) Wblob(GB)
-------------------------------------------------------------------------------------------------------------------------------------------------------------------------------------------------------------
  L0      0/0      0.00 KB   0.0      0.0     0.0      0.0       0.1       0.1      0.1       0.0   1.0      0.0    305.8      0.24              0.00         2    0.120     72K      0       0.0       0.0
  L1    113/18     6.85 GB   1.4      9.5     3.3      6.1       9.2       9.2      3.1       0.0   2.7    286.9    279.4     33.74             31.82         1   33.742   9621K   253K       0.0       0.0
  L2    752/71    41.49 GB   0.9      7.4     2.1      5.2       6.7       6.7      1.4       0.2   3.2     17.7     16.1    424.93             38.44        35   12.141   7485K   691K       0.0       0.0
  L3    456/0     25.35 GB   0.1      0.0     0.0      0.0       0.0       0.0      0.0       0.7   0.0      0.0      0.0      0.00              0.00         0    0.000       0      0       0.0       0.0
 Sum   1321/89    73.70 GB   0.0     16.8     5.5     11.4      16.0      16.0      4.6       1.0 223.1     37.5     35.6    458.91             70.26        38   12.077     17M   944K       0.0       0.0
 Int      0/0      0.00 KB   0.0      2.7     0.7      2.0       2.3       2.3      0.3       0.0 2499542832.0     14.0     12.3    194.41             16.61        11   17.674   2700K   331K       0.0       0.0

** Compaction Stats [default] **
Priority    Files   Size     Score Read(GB)  Rn(GB) Rnp1(GB) Write(GB) WPreComp(GB) Wnew(GB) Moved(GB) W-Amp Rd(MB/s) Wr(MB/s) Comp(sec) CompMergeCPU(sec) Comp(cnt) Avg(sec) KeyIn KeyDrop Rblob(GB) Wblob(GB)
----------------------------------------------------------------------------------------------------------------------------------------------------------------------------------------------------------------
 Low      0/0      0.00 KB   0.0     16.8     5.5     11.4      15.9      15.9      4.5       0.0   0.0     37.5     35.5    458.67             70.26        36   12.741     17M   944K       0.0       0.0
User      0/0      0.00 KB   0.0      0.0     0.0      0.0       0.1       0.1      0.1       0.0   0.0      0.0    305.8      0.24              0.00         2    0.120     72K      0       0.0       0.0

Blob file count: 0, total size: 0.0 GB, garbage size: 0.0 GB, space amp: 0.0

Uptime(secs): 72.0 total, 11.3 interval
Flush(GB): cumulative 0.071, interval 0.000
AddFile(GB): cumulative 0.000, interval 0.000
AddFile(Total Files): cumulative 0, interval 0
AddFile(L0 Files): cumulative 0, interval 0
AddFile(Keys): cumulative 0, interval 0
Cumulative compaction: 15.95 GB write, 226.77 MB/s write, 16.81 GB read, 238.97 MB/s read, 458.9 seconds
Interval compaction: 2.33 GB write, 210.59 MB/s write, 2.65 GB read, 240.01 MB/s read, 194.4 seconds
Estimated pending compaction bytes: 28936718122
Write Stall (count): cf-l0-file-count-limit-delays-with-ongoing-compaction: 0, cf-l0-file-count-limit-stops-with-ongoing-compaction: 0, l0-file-count-limit-delays: 0, l0-file-count-limit-stops: 0, memtable-limit-delays: 0, memtable-limit-stops: 0, pending-compaction-bytes-delays: 0, pending-compaction-bytes-stops: 0, total-delays: 0, total-stops: 0
Block cache AutoHyperClockCache@0x56a6314dd2d0#2042444 capacity: 512.00 MB seed: 1018891949 usage: 64.00 KB table_size: 1024 occupancy: 1 collections: 1 last_copies: 1 last_secs: 9.9e-05 secs_since: 71
Block cache entry stats(count,size,portion): Misc(1,0.00 KB,0%)

** File Read Latency Histogram By Level [default] **
** Level 0 read latency histogram (micros):
Count: 3750395 Average: 3.4790  StdDev: 6.24
Min: 0  Median: 2.8524  Max: 4742
Percentiles: P50: 2.85 P75: 3.62 P99: 5.80 P99.9: 5.94 P99.99: 5.96
------------------------------------------------------
[       0,       1 ]   251625   6.709%   6.709% #
(       1,       2 ]   629369  16.781%  23.491% ###
(       2,       3 ]  1166370  31.100%  54.591% ######
(       3,       4 ]  1226722  32.709%  87.300% #######
(       4,       6 ]   486601  12.975% 100.274% ###
(       6,      10 ]    34039   0.908% 101.182% 
(      10,      15 ]    13838   0.369% 101.551% 
(      15,      22 ]    10293   0.274% 101.825% 
(      22,      34 ]      980   0.026% 101.852% 
(      34,      51 ]      131   0.003% 101.855% 
(      51,      76 ]       57   0.002% 101.857% 
(      76,     110 ]       56   0.001% 101.858% 
(     110,     170 ]       78   0.002% 101.860% 
(     170,     250 ]       59   0.002% 101.862% 
(     250,     380 ]       51   0.001% 101.863% 
(     380,     580 ]       57   0.002% 101.865% 
(     580,     870 ]       17   0.000% 101.865% 
(     870,    1300 ]        5   0.000% 101.865% 
(    1300,    1900 ]        7   0.000% 101.865% 
(    1900,    2900 ]        7   0.000% 101.866% 
(    2900,    4400 ]        2   0.000% 101.866% 
(    4400,    6600 ]        1   0.000% 101.866% 

** Level 1 read latency histogram (micros):
Count: 2660336 Average: 2.4422  StdDev: 5.31
Min: 0  Median: 1.4123  Max: 1321
Percentiles: P50: 1.41 P75: 2.66 P99: 7.31 P99.9: 9.17 P99.99: 9.36
------------------------------------------------------
[       0,       1 ]  1009118  37.932%  37.932% ########
(       1,       2 ]   778760  29.273%  67.205% ######
(       2,       3 ]   315001  11.841%  79.046% ##
(       3,       4 ]   270513  10.168%  89.214% ##
(       4,       6 ]   243465   9.152%  98.366% ##
(       6,      10 ]    51461   1.934% 100.300% 
(      10,      15 ]     4953   0.186% 100.486% 
(      15,      22 ]     5008   0.188% 100.674% 
(      22,      34 ]      656   0.025% 100.699% 
(      34,      51 ]       53   0.002% 100.701% 
(      51,      76 ]       27   0.001% 100.702% 
(      76,     110 ]       81   0.003% 100.705% 
(     110,     170 ]       33   0.001% 100.706% 
(     170,     250 ]       18   0.001% 100.707% 
(     250,     380 ]       22   0.001% 100.708% 
(     380,     580 ]       39   0.001% 100.709% 
(     580,     870 ]       47   0.002% 100.711% 
(     870,    1300 ]       26   0.001% 100.712% 
(    1300,    1900 ]        1   0.000% 100.712% 

** Level 2 read latency histogram (micros):
Count: 2214244 Average: 350.2183  StdDev: 8843.10
Min: 0  Median: 2.0855  Max: 3856792
Percentiles: P50: 2.09 P75: 3.80 P99: 1241.35 P99.9: 2081.90 P99.99: 2246.54
------------------------------------------------------
[       0,       1 ]   428035  19.331%  19.331% ####
(       1,       2 ]   648905  29.306%  48.637% ######
(       2,       3 ]   352929  15.939%  64.576% ###
(       3,       4 ]   290132  13.103%  77.679% ###
(       4,       6 ]   222381  10.043%  87.722% ##
(       6,      10 ]    33089   1.494%  89.217% 
(      10,      15 ]     4668   0.211%  89.427% 
(      15,      22 ]     3965   0.179%  89.606% 
(      22,      34 ]      787   0.036%  89.642% 
(      34,      51 ]      587   0.027%  89.668% 
(      51,      76 ]     1879   0.085%  89.753% 
(      76,     110 ]     2235   0.101%  89.854% 
(     110,     170 ]    27477   1.241%  91.095% 
(     170,     250 ]    33816   1.527%  92.622% 
(     250,     380 ]    46017   2.078%  94.701% 
(     380,     580 ]    42279   1.909%  96.610% 
(     580,     870 ]    33407   1.509%  98.119% 
(     870,    1300 ]    22607   1.021%  99.140% 
(    1300,    1900 ]    14643   0.661%  99.801% 
(    1900,    2900 ]    12104   0.547% 100.348% 
(    2900,    4400 ]     7102   0.321% 100.668% 
(    4400,    6600 ]     3964   0.179% 100.847% 
(    6600,    9900 ]     1741   0.079% 100.926% 
(    9900,   14000 ]      771   0.035% 100.961% 
(   14000,   22000 ]      971   0.044% 101.005% 
(   22000,   33000 ]      850   0.038% 101.043% 
(   33000,   50000 ]      919   0.042% 101.085% 
(   50000,   75000 ]      900   0.041% 101.125% 
(   75000,  110000 ]      825   0.037% 101.163% 
(  110000,  170000 ]      781   0.035% 101.198% 
(  170000,  250000 ]      407   0.018% 101.216% 
(  250000,  380000 ]      245   0.011% 101.227% 
(  380000,  570000 ]       84   0.004% 101.231% 
(  570000,  860000 ]        8   0.000% 101.231% 
(  860000, 1200000 ]        5   0.000% 101.232% 
( 1200000, 1900000 ]       16   0.001% 101.232% 
( 1900000, 2900000 ]        6   0.000% 101.233% 
( 2900000, 4300000 ]        1   0.000% 101.233% 

** Level 3 read latency histogram (micros):
Count: 228398 Average: 2623.0417  StdDev: 22670.84
Min: 1  Median: 386.0103  Max: 2693186
Percentiles: P50: 386.01 P75: 856.30 P99: 49962.52 P99.9: 168227.71 P99.99: 219353.50
------------------------------------------------------
[       0,       1 ]      109   0.048%   0.048% 
(       1,       2 ]      421   0.184%   0.232% 
(       2,       3 ]     1531   0.670%   0.902% 
(       3,       4 ]     7466   3.269%   4.171% #
(       4,       6 ]     9666   4.232%   8.403% #
(       6,      10 ]     1511   0.662%   9.065% 
(      10,      15 ]       91   0.040%   9.105% 
(      15,      22 ]      106   0.046%   9.151% 
(      22,      34 ]       13   0.006%   9.157% 
(      34,      51 ]        3   0.001%   9.158% 
(      51,      76 ]       16   0.007%   9.165% 
(      76,     110 ]      409   0.179%   9.344% 
(     110,     170 ]    22446   9.828%  19.172% ##
(     170,     250 ]    29322  12.838%  32.010% ###
(     250,     380 ]    40068  17.543%  49.553% ####
(     380,     580 ]    33975  14.875%  64.428% ###
(     580,     870 ]    25343  11.096%  75.524% ##
(     870,    1300 ]    17675   7.739%  83.263% ##
(    1300,    1900 ]    12321   5.395%  88.658% #
(    1900,    2900 ]    10305   4.512%  93.169% #
(    2900,    4400 ]     5775   2.528%  95.698% #
(    4400,    6600 ]     3147   1.378%  97.076% 
(    6600,    9900 ]     1319   0.578%  97.653% 
(    9900,   14000 ]      628   0.275%  97.928% 
(   14000,   22000 ]      807   0.353%  98.282% 
(   22000,   33000 ]      745   0.326%  98.608% 
(   33000,   50000 ]      898   0.393%  99.001% 
(   50000,   75000 ]      795   0.348%  99.349% 
(   75000,  110000 ]      687   0.301%  99.650% 
(  110000,  170000 ]      589   0.258%  99.908% 
(  170000,  250000 ]      305   0.134% 100.041% 
(  250000,  380000 ]      165   0.072% 100.113% 
(  380000,  570000 ]       40   0.018% 100.131% 
(  570000,  860000 ]        4   0.002% 100.133% 
(  860000, 1200000 ]        3   0.001% 100.134% 
( 1200000, 1900000 ]       11   0.005% 100.139% 
( 1900000, 2900000 ]        5   0.002% 100.141% 


** DB Stats **
Uptime(secs): 72.0 total, 11.3 interval
Cumulative writes: 0 writes, 0 keys, 0 commit groups, 0.0 writes per commit group, ingest: 0.00 GB, 0.00 MB/s
Cumulative WAL: 0 writes, 0 syncs, 0.00 writes per sync, written: 0.00 GB, 0.00 MB/s
Cumulative stall: 00:00:0.000 H:M:S, 0.0 percent
Interval writes: 0 writes, 0 keys, 0 commit groups, 0.0 writes per commit group, ingest: 0.00 MB, 0.00 MB/s
Interval WAL: 0 writes, 0 syncs, 0.00 writes per sync, written: 0.00 GB, 0.00 MB/s
Interval stall: 00:00:0.000 H:M:S, 0.0 percent
Write Stall (count): write-buffer-manager-limit-stops: 0
num-running-compactions: 18
num-running-flushes: 0

2026/08/31-02:57:15  ... thread 3: (25000,39000) ops and (664.5,546.6) ops/second in (37.619877,71.346058) seconds
2026/08/31-02:57:15  ... thread 8: (25000,39000) ops and (663.9,546.0) ops/second in (37.657808,71.433218) seconds
2026/08/31-02:57:37  ... thread 1: (20000,58000) ops and (620.8,617.5) ops/second in (32.215695,93.919565) seconds
2026/08/31-02:57:46  ... thread 0: (25000,65000) ops and (794.0,632.2) ops/second in (31.484707,102.812890) seconds

** Compaction Stats [default] **
Level    Files   Size     Score Read(GB)  Rn(GB) Rnp1(GB) Write(GB) WPreComp(GB) Wnew(GB) Moved(GB) W-Amp Rd(MB/s) Wr(MB/s) Comp(sec) CompMergeCPU(sec) Comp(cnt) Avg(sec) KeyIn KeyDrop Rblob(GB) Wblob(GB)
-------------------------------------------------------------------------------------------------------------------------------------------------------------------------------------------------------------
  L0      0/0      0.00 KB   0.0      0.0     0.0      0.0       0.1       0.1      0.1       0.0   1.0      0.0    305.8      0.24              0.00         2    0.120     72K      0       0.0       0.0
  L1     87/18     5.25 GB   1.0      9.5     3.3      6.1       9.2       9.2      3.1       0.0   2.7    286.9    279.4     33.74             31.82         1   33.742   9621K   253K       0.0       0.0
  L2    765/83    42.28 GB   0.9     14.6     3.7     10.9      13.1      13.1      2.2       0.2   3.5     15.5     13.9    965.61             85.84        61   15.830     14M  1520K       0.0       0.0
  L3    456/0     25.35 GB   0.1      0.0     0.0      0.0       0.0       0.0      0.0       0.7   0.0      0.0      0.0      0.00              0.00         0    0.000       0      0       0.0       0.0
 Sum   1308/101   72.88 GB   0.0     24.1     7.1     17.0      22.4      22.4      5.4       1.0 313.1     24.6     22.9    999.60            117.66        64   15.619     24M  1773K       0.0       0.0
 Int      0/0      0.00 KB   0.0      9.9     2.3      7.6       8.8       8.8      1.1       0.0 9401965227.0     13.8     12.2    735.09             64.01        37   19.867     10M  1160K       0.0       0.0

** Compaction Stats [default] **
Priority    Files   Size     Score Read(GB)  Rn(GB) Rnp1(GB) Write(GB) WPreComp(GB) Wnew(GB) Moved(GB) W-Amp Rd(MB/s) Wr(MB/s) Comp(sec) CompMergeCPU(sec) Comp(cnt) Avg(sec) KeyIn KeyDrop Rblob(GB) Wblob(GB)
----------------------------------------------------------------------------------------------------------------------------------------------------------------------------------------------------------------
 Low      0/0      0.00 KB   0.0     24.1     7.1     17.0      22.3      22.3      5.3       0.0   0.0     24.6     22.9    999.36            117.66        62   16.119     24M  1773K       0.0       0.0
User      0/0      0.00 KB   0.0      0.0     0.0      0.0       0.1       0.1      0.1       0.0   0.0      0.0    305.8      0.24              0.00         2    0.120     72K      0       0.0       0.0

Blob file count: 0, total size: 0.0 GB, garbage size: 0.0 GB, space amp: 0.0

Uptime(secs): 104.6 total, 43.9 interval
Flush(GB): cumulative 0.071, interval 0.000
AddFile(GB): cumulative 0.000, interval 0.000
AddFile(Total Files): cumulative 0, interval 0
AddFile(L0 Files): cumulative 0, interval 0
AddFile(Keys): cumulative 0, interval 0
Cumulative compaction: 22.38 GB write, 219.09 MB/s write, 24.05 GB read, 235.46 MB/s read, 999.6 seconds
Interval compaction: 8.76 GB write, 204.29 MB/s write, 9.90 GB read, 230.89 MB/s read, 735.1 seconds
Estimated pending compaction bytes: 18118103356
Write Stall (count): cf-l0-file-count-limit-delays-with-ongoing-compaction: 0, cf-l0-file-count-limit-stops-with-ongoing-compaction: 0, l0-file-count-limit-delays: 0, l0-file-count-limit-stops: 0, memtable-limit-delays: 0, memtable-limit-stops: 0, pending-compaction-bytes-delays: 0, pending-compaction-bytes-stops: 0, total-delays: 0, total-stops: 0
Block cache AutoHyperClockCache@0x56a6314dd2d0#2042444 capacity: 512.00 MB seed: 1018891949 usage: 64.00 KB table_size: 1024 occupancy: 1 collections: 1 last_copies: 1 last_secs: 9.9e-05 secs_since: 103
Block cache entry stats(count,size,portion): Misc(1,0.00 KB,0%)

** File Read Latency Histogram By Level [default] **
** Level 0 read latency histogram (micros):
Count: 3750395 Average: 3.4790  StdDev: 6.24
Min: 0  Median: 2.8524  Max: 4742
Percentiles: P50: 2.85 P75: 3.62 P99: 5.80 P99.9: 5.94 P99.99: 5.96
------------------------------------------------------
[       0,       1 ]   251625   6.709%   6.709% #
(       1,       2 ]   629369  16.781%  23.491% ###
(       2,       3 ]  1166370  31.100%  54.591% ######
(       3,       4 ]  1226722  32.709%  87.300% #######
(       4,       6 ]   486601  12.975% 100.274% ###
(       6,      10 ]    34039   0.908% 101.182% 
(      10,      15 ]    13838   0.369% 101.551% 
(      15,      22 ]    10293   0.274% 101.825% 
(      22,      34 ]      980   0.026% 101.852% 
(      34,      51 ]      131   0.003% 101.855% 
(      51,      76 ]       57   0.002% 101.857% 
(      76,     110 ]       56   0.001% 101.858% 
(     110,     170 ]       78   0.002% 101.860% 
(     170,     250 ]       59   0.002% 101.862% 
(     250,     380 ]       51   0.001% 101.863% 
(     380,     580 ]       57   0.002% 101.865% 
(     580,     870 ]       17   0.000% 101.865% 
(     870,    1300 ]        5   0.000% 101.865% 
(    1300,    1900 ]        7   0.000% 101.865% 
(    1900,    2900 ]        7   0.000% 101.866% 
(    2900,    4400 ]        2   0.000% 101.866% 
(    4400,    6600 ]        1   0.000% 101.866% 

** Level 1 read latency histogram (micros):
Count: 3354325 Average: 2.7385  StdDev: 4.86
Min: 0  Median: 1.7002  Max: 1321
Percentiles: P50: 1.70 P75: 3.20 P99: 8.26 P99.9: 9.61 P99.99: 9.74
------------------------------------------------------
[       0,       1 ]  1044352  31.134%  31.134% ######
(       1,       2 ]   903765  26.943%  58.078% #####
(       2,       3 ]   480394  14.322%  72.399% ###
(       3,       4 ]   430432  12.832%  85.232% ###
(       4,       6 ]   411353  12.263%  97.495% ##
(       6,      10 ]    89480   2.668% 100.163% #
(      10,      15 ]     7478   0.223% 100.385% 
(      15,      22 ]     8374   0.250% 100.635% 
(      22,      34 ]     1107   0.033% 100.668% 
(      34,      51 ]       81   0.002% 100.671% 
(      51,      76 ]       29   0.001% 100.671% 
(      76,     110 ]       85   0.003% 100.674% 
(     110,     170 ]       34   0.001% 100.675% 
(     170,     250 ]       18   0.001% 100.675% 
(     250,     380 ]       22   0.001% 100.676% 
(     380,     580 ]       39   0.001% 100.677% 
(     580,     870 ]       47   0.001% 100.679% 
(     870,    1300 ]       26   0.001% 100.679% 
(    1300,    1900 ]        1   0.000% 100.679% 

** Level 2 read latency histogram (micros):
Count: 4111651 Average: 325.2230  StdDev: 8373.07
Min: 0  Median: 2.2592  Max: 3856792
Percentiles: P50: 2.26 P75: 3.83 P99: 1130.05 P99.9: 1797.13 P99.99: 1882.80
------------------------------------------------------
[       0,       1 ]   628664  15.290%  15.290% ###
(       1,       2 ]  1232945  29.987%  45.276% ######
(       2,       3 ]   749200  18.221%  63.498% ####
(       3,       4 ]   568260  13.821%  77.319% ###
(       4,       6 ]   419038  10.191%  87.510% ##
(       6,      10 ]    69931   1.701%  89.211% 
(      10,      15 ]     9296   0.226%  89.437% 
(      15,      22 ]     8296   0.202%  89.639% 
(      22,      34 ]     1814   0.044%  89.683% 
(      34,      51 ]     1543   0.038%  89.720% 
(      51,      76 ]     4924   0.120%  89.840% 
(      76,     110 ]     5395   0.131%  89.971% 
(     110,     170 ]    56907   1.384%  91.355% 
(     170,     250 ]    70031   1.703%  93.059% 
(     250,     380 ]    86104   2.094%  95.153% 
(     380,     580 ]    75943   1.847%  97.000% 
(     580,     870 ]    58481   1.422%  98.422% 
(     870,    1300 ]    39295   0.956%  99.378% 
(    1300,    1900 ]    25918   0.630% 100.008% 
(    1900,    2900 ]    22346   0.543% 100.552% 
(    2900,    4400 ]    12640   0.307% 100.859% 
(    4400,    6600 ]     6549   0.159% 101.018% 
(    6600,    9900 ]     2962   0.072% 101.090% 
(    9900,   14000 ]     1305   0.032% 101.122% 
(   14000,   22000 ]     1609   0.039% 101.161% 
(   22000,   33000 ]     1367   0.033% 101.194% 
(   33000,   50000 ]     1533   0.037% 101.232% 
(   50000,   75000 ]     1432   0.035% 101.267% 
(   75000,  110000 ]     1253   0.030% 101.297% 
(  110000,  170000 ]     1197   0.029% 101.326% 
(  170000,  250000 ]      725   0.018% 101.344% 
(  250000,  380000 ]      447   0.011% 101.355% 
(  380000,  570000 ]      226   0.005% 101.360% 
(  570000,  860000 ]       16   0.000% 101.361% 
(  860000, 1200000 ]        7   0.000% 101.361% 
( 1200000, 1900000 ]       18   0.000% 101.361% 
( 1900000, 2900000 ]       11   0.000% 101.361% 
( 2900000, 4300000 ]        1   0.000% 101.361% 

** Level 3 read latency histogram (micros):
Count: 373914 Average: 2366.4143  StdDev: 20451.85
Min: 1  Median: 362.5519  Max: 2693186
Percentiles: P50: 362.55 P75: 793.81 P99: 42099.60 P99.9: 165018.53 P99.99: 215720.61
------------------------------------------------------
[       0,       1 ]      109   0.029%   0.029% 
(       1,       2 ]      459   0.123%   0.152% 
(       2,       3 ]     2185   0.584%   0.736% 
(       3,       4 ]    11294   3.020%   3.757% #
(       4,       6 ]    15470   4.137%   7.894% #
(       6,      10 ]     2726   0.729%   8.623% 
(      10,      15 ]      164   0.044%   8.667% 
(      15,      22 ]      154   0.041%   8.708% 
(      22,      34 ]       25   0.007%   8.715% 
(      34,      51 ]        4   0.001%   8.716% 
(      51,      76 ]       19   0.005%   8.721% 
(      76,     110 ]      449   0.120%   8.841% 
(     110,     170 ]    40616  10.862%  19.703% ##
(     170,     250 ]    55072  14.729%  34.432% ###
(     250,     380 ]    67235  17.981%  52.413% ####
(     380,     580 ]    55430  14.824%  67.238% ###
(     580,     870 ]    39368  10.529%  77.766% ##
(     870,    1300 ]    26497   7.086%  84.853% #
(    1300,    1900 ]    18208   4.870%  89.722% #
(    1900,    2900 ]    15827   4.233%  93.955% #
(    2900,    4400 ]     8654   2.314%  96.269% 
(    4400,    6600 ]     4492   1.201%  97.471% 
(    6600,    9900 ]     1915   0.512%  97.983% 
(    9900,   14000 ]      925   0.247%  98.230% 
(   14000,   22000 ]     1164   0.311%  98.542% 
(   22000,   33000 ]     1071   0.286%  98.828% 
(   33000,   50000 ]     1201   0.321%  99.149% 
(   50000,   75000 ]     1106   0.296%  99.445% 
(   75000,  110000 ]      951   0.254%  99.699% 
(  110000,  170000 ]      818   0.219%  99.918% 
(  170000,  250000 ]      470   0.126% 100.044% 
(  250000,  380000 ]      271   0.072% 100.116% 
(  380000,  570000 ]       84   0.022% 100.139% 
(  570000,  860000 ]        8   0.002% 100.141% 
(  860000, 1200000 ]        3   0.001% 100.142% 
( 1200000, 1900000 ]       12   0.003% 100.145% 
( 1900000, 2900000 ]        5   0.001% 100.146% 


** DB Stats **
Uptime(secs): 104.6 total, 32.6 interval
Cumulative writes: 0 writes, 0 keys, 0 commit groups, 0.0 writes per commit group, ingest: 0.00 GB, 0.00 MB/s
Cumulative WAL: 0 writes, 0 syncs, 0.00 writes per sync, written: 0.00 GB, 0.00 MB/s
Cumulative stall: 00:00:0.000 H:M:S, 0.0 percent
Interval writes: 0 writes, 0 keys, 0 commit groups, 0.0 writes per commit group, ingest: 0.00 MB, 0.00 MB/s
Interval WAL: 0 writes, 0 syncs, 0.00 writes per sync, written: 0.00 GB, 0.00 MB/s
Interval stall: 00:00:0.000 H:M:S, 0.0 percent
Write Stall (count): write-buffer-manager-limit-stops: 0
num-running-compactions: 18
num-running-flushes: 0

2026/08/31-02:57:49  ... thread 12: (26000,65000) ops and (765.5,617.7) ops/second in (33.966484,105.226914) seconds
2026/08/31-02:57:49  ... thread 9: (26000,65000) ops and (763.8,617.7) ops/second in (34.040329,105.234036) seconds
2026/08/31-02:57:49  ... thread 10: (27000,66000) ops and (761.8,627.1) ops/second in (35.441497,105.241193) seconds
2026/08/31-02:57:49  ... thread 2: (26000,65000) ops and (765.4,617.6) ops/second in (33.970475,105.243460) seconds
2026/08/31-02:57:49  ... thread 6: (26000,65000) ops and (764.4,617.6) ops/second in (34.011468,105.250040) seconds
2026/08/31-02:57:49  ... thread 7: (26000,65000) ops and (762.8,617.5) ops/second in (34.086135,105.260000) seconds
2026/08/31-02:57:49  ... thread 15: (26000,64000) ops and (762.5,608.0) ops/second in (34.096848,105.270284) seconds
2026/08/31-02:57:49  ... thread 5: (26000,65000) ops and (765.6,617.4) ops/second in (33.961806,105.273664) seconds
2026/08/31-02:57:49  ... thread 11: (26000,65000) ops and (764.9,617.4) ops/second in (33.990387,105.286830) seconds
2026/08/31-02:57:49  ... thread 14: (26000,65000) ops and (764.8,617.4) ops/second in (33.995246,105.288049) seconds
2026/08/31-02:57:49  ... thread 8: (26000,65000) ops and (767.8,617.3) ops/second in (33.860954,105.294172) seconds
2026/08/31-02:57:49  ... thread 4: (26000,64000) ops and (761.2,607.6) ops/second in (34.157933,105.324258) seconds
2026/08/31-02:57:49  ... thread 13: (26000,65000) ops and (756.1,615.1) ops/second in (34.389026,105.675798) seconds
2026/08/31-02:57:49  ... thread 3: (26000,65000) ops and (756.7,614.9) ops/second in (34.361279,105.707337) seconds
2026/08/31-02:58:07  ... thread 1: (58000,116000) ops and (1931.2,935.8) ops/second in (30.032752,123.952317) seconds
2026/08/31-02:58:16  ... thread 0: (125000,190000) ops and (4166.4,1430.6) ops/second in (30.002154,132.815044) seconds

** Compaction Stats [default] **
Level    Files   Size     Score Read(GB)  Rn(GB) Rnp1(GB) Write(GB) WPreComp(GB) Wnew(GB) Moved(GB) W-Amp Rd(MB/s) Wr(MB/s) Comp(sec) CompMergeCPU(sec) Comp(cnt) Avg(sec) KeyIn KeyDrop Rblob(GB) Wblob(GB)
-------------------------------------------------------------------------------------------------------------------------------------------------------------------------------------------------------------
  L0      0/0      0.00 KB   0.0      0.0     0.0      0.0       0.1       0.1      0.1       0.0   1.0      0.0    305.8      0.24              0.00         2    0.120     72K      0       0.0       0.0
  L1     67/0      3.97 GB   1.0      9.5     3.3      6.1       9.2       9.2      3.1       0.0   2.7    286.9    279.4     33.74             31.82         1   33.742   9621K   253K       0.0       0.0
  L2    723/0     39.90 GB   1.0     21.1     5.0     16.1      19.0      19.0      2.9       0.2   3.8     15.0     13.5   1433.41            129.99        81   17.696     21M  2124K       0.0       0.0
  L3    509/0     28.42 GB   0.1      0.0     0.0      0.0       0.0       0.0      0.0       3.8   0.0      0.0      0.0      0.00              0.00         0    0.000       0      0       0.0       0.0
 Sum   1299/0     72.29 GB   0.0     30.5     8.3     22.2      28.2      28.2      6.1       4.0 395.0     21.3     19.7   1467.40            161.81        84   17.469     31M  2377K       0.0       0.0
 Int      0/0      0.00 KB   0.0      0.0     0.0      0.0       0.0       0.0      0.0       2.0   0.0      0.0      0.0      0.00              0.00         0    0.000       0      0       0.0       0.0

** Compaction Stats [default] **
Priority    Files   Size     Score Read(GB)  Rn(GB) Rnp1(GB) Write(GB) WPreComp(GB) Wnew(GB) Moved(GB) W-Amp Rd(MB/s) Wr(MB/s) Comp(sec) CompMergeCPU(sec) Comp(cnt) Avg(sec) KeyIn KeyDrop Rblob(GB) Wblob(GB)
----------------------------------------------------------------------------------------------------------------------------------------------------------------------------------------------------------------
 Low      0/0      0.00 KB   0.0     30.5     8.3     22.2      28.2      28.2      6.0       0.0   0.0     21.3     19.7   1467.16            161.81        82   17.892     31M  2377K       0.0       0.0
User      0/0      0.00 KB   0.0      0.0     0.0      0.0       0.1       0.1      0.1       0.0   0.0      0.0    305.8      0.24              0.00         2    0.120     72K      0       0.0       0.0

Blob file count: 0, total size: 0.0 GB, garbage size: 0.0 GB, space amp: 0.0

Uptime(secs): 133.5 total, 12.8 interval
Flush(GB): cumulative 0.071, interval 0.000
AddFile(GB): cumulative 0.000, interval 0.000
AddFile(Total Files): cumulative 0, interval 0
AddFile(L0 Files): cumulative 0, interval 0
AddFile(Keys): cumulative 0, interval 0
Cumulative compaction: 28.24 GB write, 216.59 MB/s write, 30.51 GB read, 233.97 MB/s read, 1467.4 seconds
Interval compaction: 0.00 GB write, 0.00 MB/s write, 0.00 GB read, 0.00 MB/s read, 0.0 seconds
Estimated pending compaction bytes: 0
Write Stall (count): cf-l0-file-count-limit-delays-with-ongoing-compaction: 0, cf-l0-file-count-limit-stops-with-ongoing-compaction: 0, l0-file-count-limit-delays: 0, l0-file-count-limit-stops: 0, memtable-limit-delays: 0, memtable-limit-stops: 0, pending-compaction-bytes-delays: 0, pending-compaction-bytes-stops: 0, total-delays: 0, total-stops: 0
Block cache AutoHyperClockCache@0x56a6314dd2d0#2042444 capacity: 512.00 MB seed: 1018891949 usage: 64.00 KB table_size: 1024 occupancy: 1 collections: 1 last_copies: 2 last_secs: 9.9e-05 secs_since: 132
Block cache entry stats(count,size,portion): Misc(1,0.00 KB,0%)

** File Read Latency Histogram By Level [default] **
** Level 0 read latency histogram (micros):
Count: 3750395 Average: 3.4790  StdDev: 6.24
Min: 0  Median: 2.8524  Max: 4742
Percentiles: P50: 2.85 P75: 3.62 P99: 5.80 P99.9: 5.94 P99.99: 5.96
------------------------------------------------------
[       0,       1 ]   251625   6.709%   6.709% #
(       1,       2 ]   629369  16.781%  23.491% ###
(       2,       3 ]  1166370  31.100%  54.591% ######
(       3,       4 ]  1226722  32.709%  87.300% #######
(       4,       6 ]   486601  12.975% 100.274% ###
(       6,      10 ]    34039   0.908% 101.182% 
(      10,      15 ]    13838   0.369% 101.551% 
(      15,      22 ]    10293   0.274% 101.825% 
(      22,      34 ]      980   0.026% 101.852% 
(      34,      51 ]      131   0.003% 101.855% 
(      51,      76 ]       57   0.002% 101.857% 
(      76,     110 ]       56   0.001% 101.858% 
(     110,     170 ]       78   0.002% 101.860% 
(     170,     250 ]       59   0.002% 101.862% 
(     250,     380 ]       51   0.001% 101.863% 
(     380,     580 ]       57   0.002% 101.865% 
(     580,     870 ]       17   0.000% 101.865% 
(     870,    1300 ]        5   0.000% 101.865% 
(    1300,    1900 ]        7   0.000% 101.865% 
(    1900,    2900 ]        7   0.000% 101.866% 
(    2900,    4400 ]        2   0.000% 101.866% 
(    4400,    6600 ]        1   0.000% 101.866% 

** Level 1 read latency histogram (micros):
Count: 4606331 Average: 3.1386  StdDev: 4.27
Min: 0  Median: 2.4078  Max: 1321
Percentiles: P50: 2.41 P75: 3.73 P99: 8.44 P99.9: 9.78 P99.99: 9.92
------------------------------------------------------
[       0,       1 ]  1059500  23.001%  23.001% #####
(       1,       2 ]   984243  21.367%  44.368% ####
(       2,       3 ]   636182  13.811%  58.179% ###
(       3,       4 ]  1063936  23.097%  81.276% #####
(       4,       6 ]   741128  16.089%  97.366% ###
(       6,      10 ]   123453   2.680% 100.046% #
(      10,      15 ]    11330   0.246% 100.292% 
(      15,      22 ]    11315   0.246% 100.537% 
(      22,      34 ]     1406   0.031% 100.568% 
(      34,      51 ]      110   0.002% 100.570% 
(      51,      76 ]       35   0.001% 100.571% 
(      76,     110 ]      103   0.002% 100.573% 
(     110,     170 ]       39   0.001% 100.574% 
(     170,     250 ]       19   0.000% 100.575% 
(     250,     380 ]       22   0.000% 100.575% 
(     380,     580 ]       39   0.001% 100.576% 
(     580,     870 ]       47   0.001% 100.577% 
(     870,    1300 ]       26   0.001% 100.578% 
(    1300,    1900 ]        1   0.000% 100.578% 

** Level 2 read latency histogram (micros):
Count: 6786253 Average: 245.9270  StdDev: 7142.75
Min: 0  Median: 3.0764  Max: 3856792
Percentiles: P50: 3.08 P75: 4.99 P99: 863.97 P99.9: 1510.13 P99.99: 1625.05
------------------------------------------------------
[       0,       1 ]   725259  10.687%  10.687% ##
(       1,       2 ]  1566472  23.083%  33.770% #####
(       2,       3 ]  1001505  14.758%  48.528% ###
(       3,       4 ]  1307794  19.271%  67.799% ####
(       4,       6 ]   985241  14.518%  82.317% ###
(       6,      10 ]   129245   1.905%  84.222% 
(      10,      15 ]    15030   0.221%  84.443% 
(      15,      22 ]    12467   0.184%  84.627% 
(      22,      34 ]     2558   0.038%  84.665% 
(      34,      51 ]     2360   0.035%  84.700% 
(      51,      76 ]     7134   0.105%  84.805% 
(      76,     110 ]    16731   0.247%  85.051% 
(     110,     170 ]   493040   7.265%  92.317% #
(     170,     250 ]   165716   2.442%  94.759% 
(     250,     380 ]   120362   1.774%  96.532% 
(     380,     580 ]    96755   1.426%  97.958% 
(     580,     870 ]    72224   1.064%  99.022% 
(     870,    1300 ]    48406   0.713%  99.735% 
(    1300,    1900 ]    31888   0.470% 100.205% 
(    1900,    2900 ]    27131   0.400% 100.605% 
(    2900,    4400 ]    15087   0.222% 100.827% 
(    4400,    6600 ]     7733   0.114% 100.941% 
(    6600,    9900 ]     3495   0.052% 100.993% 
(    9900,   14000 ]     1543   0.023% 101.016% 
(   14000,   22000 ]     1856   0.027% 101.043% 
(   22000,   33000 ]     1556   0.023% 101.066% 
(   33000,   50000 ]     1705   0.025% 101.091% 
(   50000,   75000 ]     1668   0.025% 101.116% 
(   75000,  110000 ]     1419   0.021% 101.137% 
(  110000,  170000 ]     1335   0.020% 101.156% 
(  170000,  250000 ]      854   0.013% 101.169% 
(  250000,  380000 ]      546   0.008% 101.177% 
(  380000,  570000 ]      262   0.004% 101.181% 
(  570000,  860000 ]       19   0.000% 101.181% 
(  860000, 1200000 ]       19   0.000% 101.181% 
( 1200000, 1900000 ]       25   0.000% 101.182% 
( 1900000, 2900000 ]       11   0.000% 101.182% 
( 2900000, 4300000 ]        1   0.000% 101.182% 

** Level 3 read latency histogram (micros):
Count: 1097193 Average: 989.3436  StdDev: 12867.22
Min: 1  Median: 158.2202  Max: 2693186
Percentiles: P50: 158.22 P75: 291.41 P99: 5900.79 P99.9: 80051.30 P99.99: 116776.84
------------------------------------------------------
[       0,       1 ]      109   0.010%   0.010% 
(       1,       2 ]      561   0.051%   0.061% 
(       2,       3 ]     5712   0.521%   0.582% 
(       3,       4 ]    68856   6.276%   6.857% #
(       4,       6 ]    56901   5.186%  12.043% #
(       6,      10 ]     5972   0.544%  12.588% 
(      10,      15 ]      501   0.046%  12.633% 
(      15,      22 ]      362   0.033%  12.666% 
(      22,      34 ]       52   0.005%  12.671% 
(      34,      51 ]        9   0.001%  12.672% 
(      51,      76 ]       27   0.002%  12.674% 
(      76,     110 ]     7479   0.682%  13.356% 
(     110,     170 ]   500277  45.596%  58.952% #########
(     170,     250 ]   146734  13.374%  72.326% ###
(     250,     380 ]    92140   8.398%  80.723% ##
(     380,     580 ]    68750   6.266%  86.989% #
(     580,     870 ]    47215   4.303%  91.293% #
(     870,    1300 ]    31570   2.877%  94.170% #
(    1300,    1900 ]    21304   1.942%  96.112% 
(    1900,    2900 ]    18352   1.673%  97.784% 
(    2900,    4400 ]     9909   0.903%  98.687% 
(    4400,    6600 ]     5034   0.459%  99.146% 
(    6600,    9900 ]     2210   0.201%  99.348% 
(    9900,   14000 ]     1029   0.094%  99.441% 
(   14000,   22000 ]     1259   0.115%  99.556% 
(   22000,   33000 ]     1151   0.105%  99.661% 
(   33000,   50000 ]     1276   0.116%  99.777% 
(   50000,   75000 ]     1200   0.109%  99.887% 
(   75000,  110000 ]     1038   0.095%  99.981% 
(  110000,  170000 ]      879   0.080% 100.062% 
(  170000,  250000 ]      525   0.048% 100.109% 
(  250000,  380000 ]      323   0.029% 100.139% 
(  380000,  570000 ]       97   0.009% 100.148% 
(  570000,  860000 ]       10   0.001% 100.149% 
(  860000, 1200000 ]        9   0.001% 100.149% 
( 1200000, 1900000 ]       14   0.001% 100.151% 
( 1900000, 2900000 ]        5   0.000% 100.151% 


** DB Stats **
Uptime(secs): 133.5 total, 12.8 interval
Cumulative writes: 0 writes, 0 keys, 0 commit groups, 0.0 writes per commit group, ingest: 0.00 GB, 0.00 MB/s
Cumulative WAL: 0 writes, 0 syncs, 0.00 writes per sync, written: 0.00 GB, 0.00 MB/s
Cumulative stall: 00:00:0.000 H:M:S, 0.0 percent
Interval writes: 0 writes, 0 keys, 0 commit groups, 0.0 writes per commit group, ingest: 0.00 MB, 0.00 MB/s
Interval WAL: 0 writes, 0 syncs, 0.00 writes per sync, written: 0.00 GB, 0.00 MB/s
Interval stall: 00:00:0.000 H:M:S, 0.0 percent
Write Stall (count): write-buffer-manager-limit-stops: 0
num-running-compactions: 0
num-running-flushes: 0

2026/08/31-02:58:19  ... thread 12: (147000,212000) ops and (4898.0,1567.6) ops/second in (30.012364,135.239278) seconds
2026/08/31-02:58:19  ... thread 15: (148000,212000) ops and (4933.0,1567.2) ops/second in (30.002049,135.272333) seconds
2026/08/31-02:58:19  ... thread 10: (148000,214000) ops and (4927.9,1582.0) ops/second in (30.033241,135.274434) seconds
2026/08/31-02:58:19  ... thread 9: (147000,212000) ops and (4891.7,1567.1) ops/second in (30.051087,135.285123) seconds
2026/08/31-02:58:19  ... thread 2: (148000,213000) ops and (4926.0,1574.4) ops/second in (30.044604,135.288064) seconds
2026/08/31-02:58:19  ... thread 11: (148000,213000) ops and (4931.3,1574.3) ops/second in (30.012652,135.299482) seconds
2026/08/31-02:58:19  ... thread 8: (148000,213000) ops and (4932.3,1574.3) ops/second in (30.006194,135.300366) seconds
2026/08/31-02:58:19  ... thread 7: (148000,213000) ops and (4922.3,1574.0) ops/second in (30.067230,135.327230) seconds
2026/08/31-02:58:19  ... thread 5: (148000,213000) ops and (4922.2,1573.8) ops/second in (30.068113,135.341777) seconds
2026/08/31-02:58:19  ... thread 6: (148000,213000) ops and (4917.0,1573.7) ops/second in (30.099421,135.349461) seconds
2026/08/31-02:58:19  ... thread 14: (148000,213000) ops and (4920.2,1573.5) ops/second in (30.080378,135.368427) seconds
2026/08/31-02:58:19  ... thread 4: (148000,212000) ops and (4922.8,1565.9) ops/second in (30.064131,135.388389) seconds
2026/08/31-02:58:19  ... thread 13: (151000,216000) ops and (5032.3,1592.0) ops/second in (30.005906,135.681704) seconds
2026/08/31-02:58:19  ... thread 3: (152000,217000) ops and (5058.4,1598.5) ops/second in (30.048855,135.756192) seconds
2026/08/31-02:58:38  ... thread 1: (261000,377000) ops and (8688.0,2448.2) ops/second in (30.041382,153.993699) seconds
2026/08/31-02:58:46  ... thread 0: (259000,449000) ops and (8600.3,2755.8) ops/second in (30.115317,162.930361) seconds

** Compaction Stats [default] **
Level    Files   Size     Score Read(GB)  Rn(GB) Rnp1(GB) Write(GB) WPreComp(GB) Wnew(GB) Moved(GB) W-Amp Rd(MB/s) Wr(MB/s) Comp(sec) CompMergeCPU(sec) Comp(cnt) Avg(sec) KeyIn KeyDrop Rblob(GB) Wblob(GB)
-------------------------------------------------------------------------------------------------------------------------------------------------------------------------------------------------------------
  L0      0/0      0.00 KB   0.0      0.0     0.0      0.0       0.1       0.1      0.1       0.0   1.0      0.0    305.8      0.24              0.00         2    0.120     72K      0       0.0       0.0
  L1     67/0      3.97 GB   1.0      9.5     3.3      6.1       9.2       9.2      3.1       0.0   2.7    286.9    279.4     33.74             31.82         1   33.742   9621K   253K       0.0       0.0
  L2    723/0     39.90 GB   1.0     21.1     5.0     16.1      19.0      19.0      2.9       0.2   3.8     15.0     13.5   1433.41            129.99        81   17.696     21M  2124K       0.0       0.0
  L3    509/0     28.42 GB   0.1      0.0     0.0      0.0       0.0       0.0      0.0       3.8   0.0      0.0      0.0      0.00              0.00         0    0.000       0      0       0.0       0.0
 Sum   1299/0     72.29 GB   0.0     30.5     8.3     22.2      28.2      28.2      6.1       4.0 395.0     21.3     19.7   1467.40            161.81        84   17.469     31M  2377K       0.0       0.0
 Int      0/0      0.00 KB   0.0      0.0     0.0      0.0       0.0       0.0      0.0       2.0   0.0      0.0      0.0      0.00              0.00         0    0.000       0      0       0.0       0.0

** Compaction Stats [default] **
Priority    Files   Size     Score Read(GB)  Rn(GB) Rnp1(GB) Write(GB) WPreComp(GB) Wnew(GB) Moved(GB) W-Amp Rd(MB/s) Wr(MB/s) Comp(sec) CompMergeCPU(sec) Comp(cnt) Avg(sec) KeyIn KeyDrop Rblob(GB) Wblob(GB)
----------------------------------------------------------------------------------------------------------------------------------------------------------------------------------------------------------------
 Low      0/0      0.00 KB   0.0     30.5     8.3     22.2      28.2      28.2      6.0       0.0   0.0     21.3     19.7   1467.16            161.81        82   17.892     31M  2377K       0.0       0.0
User      0/0      0.00 KB   0.0      0.0     0.0      0.0       0.1       0.1      0.1       0.0   0.0      0.0    305.8      0.24              0.00         2    0.120     72K      0       0.0       0.0

Blob file count: 0, total size: 0.0 GB, garbage size: 0.0 GB, space amp: 0.0

Uptime(secs): 163.6 total, 42.9 interval
Flush(GB): cumulative 0.071, interval 0.000
AddFile(GB): cumulative 0.000, interval 0.000
AddFile(Total Files): cumulative 0, interval 0
AddFile(L0 Files): cumulative 0, interval 0
AddFile(Keys): cumulative 0, interval 0
Cumulative compaction: 28.24 GB write, 176.73 MB/s write, 30.51 GB read, 190.91 MB/s read, 1467.4 seconds
Interval compaction: 0.00 GB write, 0.00 MB/s write, 0.00 GB read, 0.00 MB/s read, 0.0 seconds
Estimated pending compaction bytes: 0
Write Stall (count): cf-l0-file-count-limit-delays-with-ongoing-compaction: 0, cf-l0-file-count-limit-stops-with-ongoing-compaction: 0, l0-file-count-limit-delays: 0, l0-file-count-limit-stops: 0, memtable-limit-delays: 0, memtable-limit-stops: 0, pending-compaction-bytes-delays: 0, pending-compaction-bytes-stops: 0, total-delays: 0, total-stops: 0
Block cache AutoHyperClockCache@0x56a6314dd2d0#2042444 capacity: 512.00 MB seed: 1018891949 usage: 64.00 KB table_size: 1024 occupancy: 1 collections: 1 last_copies: 2 last_secs: 9.9e-05 secs_since: 162
Block cache entry stats(count,size,portion): Misc(1,0.00 KB,0%)

** File Read Latency Histogram By Level [default] **
** Level 0 read latency histogram (micros):
Count: 3750395 Average: 3.4790  StdDev: 6.24
Min: 0  Median: 2.8524  Max: 4742
Percentiles: P50: 2.85 P75: 3.62 P99: 5.80 P99.9: 5.94 P99.99: 5.96
------------------------------------------------------
[       0,       1 ]   251625   6.709%   6.709% #
(       1,       2 ]   629369  16.781%  23.491% ###
(       2,       3 ]  1166370  31.100%  54.591% ######
(       3,       4 ]  1226722  32.709%  87.300% #######
(       4,       6 ]   486601  12.975% 100.274% ###
(       6,      10 ]    34039   0.908% 101.182% 
(      10,      15 ]    13838   0.369% 101.551% 
(      15,      22 ]    10293   0.274% 101.825% 
(      22,      34 ]      980   0.026% 101.852% 
(      34,      51 ]      131   0.003% 101.855% 
(      51,      76 ]       57   0.002% 101.857% 
(      76,     110 ]       56   0.001% 101.858% 
(     110,     170 ]       78   0.002% 101.860% 
(     170,     250 ]       59   0.002% 101.862% 
(     250,     380 ]       51   0.001% 101.863% 
(     380,     580 ]       57   0.002% 101.865% 
(     580,     870 ]       17   0.000% 101.865% 
(     870,    1300 ]        5   0.000% 101.865% 
(    1300,    1900 ]        7   0.000% 101.865% 
(    1900,    2900 ]        7   0.000% 101.866% 
(    2900,    4400 ]        2   0.000% 101.866% 
(    4400,    6600 ]        1   0.000% 101.866% 

** Level 1 read latency histogram (micros):
Count: 6713636 Average: 5.5786  StdDev: 19.76
Min: 0  Median: 3.2081  Max: 7965
Percentiles: P50: 3.21 P75: 3.93 P99: 98.53 P99.9: 151.20 P99.99: 155.44
------------------------------------------------------
[       0,       1 ]  1059614  15.783%  15.783% ###
(       1,       2 ]   998200  14.868%  30.651% ###
(       2,       3 ]   817500  12.177%  42.828% ##
(       3,       4 ]  2313862  34.465%  77.293% #######
(       4,       6 ]  1262272  18.802%  96.095% ####
(       6,      10 ]   158786   2.365%  98.460% 
(      10,      15 ]    17618   0.262%  98.722% 
(      15,      22 ]    13326   0.198%  98.921% 
(      22,      34 ]     1599   0.024%  98.945% 
(      34,      51 ]      141   0.002%  98.947% 
(      51,      76 ]       43   0.001%  98.947% 
(      76,     110 ]     5344   0.080%  99.027% 
(     110,     170 ]    85378   1.272% 100.299% 
(     170,     250 ]    11207   0.167% 100.466% 
(     250,     380 ]      834   0.012% 100.478% 
(     380,     580 ]       49   0.001% 100.479% 
(     580,     870 ]       52   0.001% 100.479% 
(     870,    1300 ]       32   0.000% 100.480% 
(    1300,    1900 ]        6   0.000% 100.480% 
(    1900,    2900 ]        8   0.000% 100.480% 
(    2900,    4400 ]        3   0.000% 100.480% 
(    4400,    6600 ]        4   0.000% 100.480% 
(    6600,    9900 ]        7   0.000% 100.480% 

** Level 2 read latency histogram (micros):
Count: 10648886 Average: 174.3291  StdDev: 5703.03
Min: 0  Median: 3.7032  Max: 3856792
Percentiles: P50: 3.70 P75: 5.84 P99: 619.67 P99.9: 1167.06 P99.99: 1252.13
------------------------------------------------------
[       0,       1 ]   725286   6.811%   6.811% #
(       1,       2 ]  1572452  14.766%  21.577% ###
(       2,       3 ]  1103702  10.364%  31.942% ##
(       3,       4 ]  2734768  25.681%  57.623% #####
(       4,       6 ]  2008867  18.865%  76.488% ####
(       6,      10 ]   211051   1.982%  78.469% 
(      10,      15 ]    24074   0.226%  78.696% 
(      15,      22 ]    15546   0.146%  78.842% 
(      22,      34 ]     2801   0.026%  78.868% 
(      34,      51 ]     2420   0.023%  78.891% 
(      51,      76 ]     7147   0.067%  78.958% 
(      76,     110 ]    66200   0.622%  79.579% 
(     110,     170 ]  1518547  14.260%  93.839% ###
(     170,     250 ]   310978   2.920%  96.760% #
(     250,     380 ]   131695   1.237%  97.996% 
(     380,     580 ]    96982   0.911%  98.907% 
(     580,     870 ]    72257   0.679%  99.586% 
(     870,    1300 ]    48445   0.455% 100.041% 
(    1300,    1900 ]    31974   0.300% 100.341% 
(    1900,    2900 ]    27223   0.256% 100.597% 
(    2900,    4400 ]    15157   0.142% 100.739% 
(    4400,    6600 ]     7756   0.073% 100.812% 
(    6600,    9900 ]     3632   0.034% 100.846% 
(    9900,   14000 ]     1543   0.014% 100.860% 
(   14000,   22000 ]     1856   0.017% 100.878% 
(   22000,   33000 ]     1556   0.015% 100.892% 
(   33000,   50000 ]     1705   0.016% 100.908% 
(   50000,   75000 ]     1668   0.016% 100.924% 
(   75000,  110000 ]     1419   0.013% 100.937% 
(  110000,  170000 ]     1335   0.013% 100.950% 
(  170000,  250000 ]      854   0.008% 100.958% 
(  250000,  380000 ]      546   0.005% 100.963% 
(  380000,  570000 ]      262   0.002% 100.966% 
(  570000,  860000 ]       19   0.000% 100.966% 
(  860000, 1200000 ]       19   0.000% 100.966% 
( 1200000, 1900000 ]       25   0.000% 100.966% 
( 1900000, 2900000 ]       11   0.000% 100.966% 
( 2900000, 4300000 ]        1   0.000% 100.966% 

** Level 3 read latency histogram (micros):
Count: 2584181 Average: 477.3698  StdDev: 8396.13
Min: 1  Median: 138.4661  Max: 2693186
Percentiles: P50: 138.47 P75: 167.02 P99: 2668.08 P99.9: 17944.84 P99.99: 40148.82
------------------------------------------------------
[       0,       1 ]      110   0.004%   0.004% 
(       1,       2 ]     1305   0.050%   0.055% 
(       2,       3 ]    22125   0.856%   0.911% 
(       3,       4 ]   329086  12.735%  13.646% ###
(       4,       6 ]   238364   9.224%  22.870% ##
(       6,      10 ]    18127   0.701%  23.571% 
(      10,      15 ]     2121   0.082%  23.653% 
(      15,      22 ]      861   0.033%  23.686% 
(      22,      34 ]       95   0.004%  23.690% 
(      34,      51 ]       16   0.001%  23.691% 
(      51,      76 ]       30   0.001%  23.692% 
(      76,     110 ]    35738   1.383%  25.075% 
(     110,     170 ]  1357642  52.537%  77.611% ###########
(     170,     250 ]   267821  10.364%  87.975% ##
(     250,     380 ]   101621   3.932%  91.908% #
(     380,     580 ]    68932   2.667%  94.575% #
(     580,     870 ]    47242   1.828%  96.403% 
(     870,    1300 ]    31601   1.223%  97.626% 
(    1300,    1900 ]    21356   0.826%  98.453% 
(    1900,    2900 ]    18419   0.713%  99.165% 
(    2900,    4400 ]     9959   0.385%  99.551% 
(    4400,    6600 ]     5056   0.196%  99.746% 
(    6600,    9900 ]     2320   0.090%  99.836% 
(    9900,   14000 ]     1030   0.040%  99.876% 
(   14000,   22000 ]     1259   0.049%  99.925% 
(   22000,   33000 ]     1151   0.045%  99.969% 
(   33000,   50000 ]     1276   0.049% 100.019% 
(   50000,   75000 ]     1200   0.046% 100.065% 
(   75000,  110000 ]     1038   0.040% 100.105% 
(  110000,  170000 ]      879   0.034% 100.139% 
(  170000,  250000 ]      525   0.020% 100.160% 
(  250000,  380000 ]      323   0.012% 100.172% 
(  380000,  570000 ]       97   0.004% 100.176% 
(  570000,  860000 ]       10   0.000% 100.176% 
(  860000, 1200000 ]        9   0.000% 100.177% 
( 1200000, 1900000 ]       14   0.001% 100.177% 
( 1900000, 2900000 ]        5   0.000% 100.177% 


** DB Stats **
Uptime(secs): 163.6 total, 30.1 interval
Cumulative writes: 0 writes, 0 keys, 0 commit groups, 0.0 writes per commit group, ingest: 0.00 GB, 0.00 MB/s
Cumulative WAL: 0 writes, 0 syncs, 0.00 writes per sync, written: 0.00 GB, 0.00 MB/s
Cumulative stall: 00:00:0.000 H:M:S, 0.0 percent
Interval writes: 0 writes, 0 keys, 0 commit groups, 0.0 writes per commit group, ingest: 0.00 MB, 0.00 MB/s
Interval WAL: 0 writes, 0 syncs, 0.00 writes per sync, written: 0.00 GB, 0.00 MB/s
Interval stall: 00:00:0.000 H:M:S, 0.0 percent
Write Stall (count): write-buffer-manager-limit-stops: 0
num-running-compactions: 0
num-running-flushes: 0

2026/08/31-02:58:49  ... thread 15: (255000,467000) ops and (8495.8,2825.4) ops/second in (30.014956,165.287289) seconds
2026/08/31-02:58:49  ... thread 9: (254000,466000) ops and (8463.7,2819.2) ops/second in (30.010674,165.295797) seconds
2026/08/31-02:58:49  ... thread 10: (255000,469000) ops and (8488.9,2837.0) ops/second in (30.039115,165.313549) seconds
2026/08/31-02:58:49  ... thread 8: (254000,467000) ops and (8460.4,2824.8) ops/second in (30.022118,165.322484) seconds
2026/08/31-02:58:49  ... thread 7: (255000,468000) ops and (8498.4,2830.7) ops/second in (30.005616,165.332846) seconds
2026/08/31-02:58:49  ... thread 6: (254000,467000) ops and (8466.2,2824.3) ops/second in (30.001627,165.351088) seconds
2026/08/31-02:58:49  ... thread 12: (255000,467000) ops and (8465.5,2824.1) ops/second in (30.122153,165.361431) seconds
2026/08/31-02:58:49  ... thread 2: (255000,468000) ops and (8465.1,2829.3) ops/second in (30.123651,165.411715) seconds
2026/08/31-02:58:49  ... thread 11: (255000,468000) ops and (8467.0,2829.2) ops/second in (30.116762,165.416244) seconds
2026/08/31-02:58:49  ... thread 5: (256000,469000) ops and (8507.8,2835.0) ops/second in (30.090031,165.431808) seconds
2026/08/31-02:58:49  ... thread 14: (254000,467000) ops and (8441.8,2822.5) ops/second in (30.088525,165.456952) seconds
2026/08/31-02:58:49  ... thread 4: (254000,466000) ops and (8439.4,2816.0) ops/second in (30.097054,165.485443) seconds
2026/08/31-02:58:49  ... thread 13: (254000,470000) ops and (8449.3,2835.7) ops/second in (30.061624,165.743328) seconds
2026/08/31-02:58:49  ... thread 3: (254000,471000) ops and (8438.4,2839.8) ops/second in (30.100577,165.856769) seconds
2026/08/31-02:59:08  ... thread 1: (243000,620000) ops and (8084.7,3368.6) ops/second in (30.056958,184.050657) seconds
2026/08/31-02:59:17  ... thread 0: (247000,696000) ops and (8203.7,3605.5) ops/second in (30.108277,193.038638) seconds

** Compaction Stats [default] **
Level    Files   Size     Score Read(GB)  Rn(GB) Rnp1(GB) Write(GB) WPreComp(GB) Wnew(GB) Moved(GB) W-Amp Rd(MB/s) Wr(MB/s) Comp(sec) CompMergeCPU(sec) Comp(cnt) Avg(sec) KeyIn KeyDrop Rblob(GB) Wblob(GB)
-------------------------------------------------------------------------------------------------------------------------------------------------------------------------------------------------------------
  L0      0/0      0.00 KB   0.0      0.0     0.0      0.0       0.1       0.1      0.1       0.0   1.0      0.0    305.8      0.24              0.00         2    0.120     72K      0       0.0       0.0
  L1     67/0      3.97 GB   1.0      9.5     3.3      6.1       9.2       9.2      3.1       0.0   2.7    286.9    279.4     33.74             31.82         1   33.742   9621K   253K       0.0       0.0
  L2    723/0     39.90 GB   1.0     21.1     5.0     16.1      19.0      19.0      2.9       0.2   3.8     15.0     13.5   1433.41            129.99        81   17.696     21M  2124K       0.0       0.0
  L3    509/0     28.42 GB   0.1      0.0     0.0      0.0       0.0       0.0      0.0       3.8   0.0      0.0      0.0      0.00              0.00         0    0.000       0      0       0.0       0.0
 Sum   1299/0     72.29 GB   0.0     30.5     8.3     22.2      28.2      28.2      6.1       4.0 395.0     21.3     19.7   1467.40            161.81        84   17.469     31M  2377K       0.0       0.0
 Int      0/0      0.00 KB   0.0      0.0     0.0      0.0       0.0       0.0      0.0       0.0   0.0      0.0      0.0      0.00              0.00         0    0.000       0      0       0.0       0.0

** Compaction Stats [default] **
Priority    Files   Size     Score Read(GB)  Rn(GB) Rnp1(GB) Write(GB) WPreComp(GB) Wnew(GB) Moved(GB) W-Amp Rd(MB/s) Wr(MB/s) Comp(sec) CompMergeCPU(sec) Comp(cnt) Avg(sec) KeyIn KeyDrop Rblob(GB) Wblob(GB)
----------------------------------------------------------------------------------------------------------------------------------------------------------------------------------------------------------------
 Low      0/0      0.00 KB   0.0     30.5     8.3     22.2      28.2      28.2      6.0       0.0   0.0     21.3     19.7   1467.16            161.81        82   17.892     31M  2377K       0.0       0.0
User      0/0      0.00 KB   0.0      0.0     0.0      0.0       0.1       0.1      0.1       0.0   0.0      0.0    305.8      0.24              0.00         2    0.120     72K      0       0.0       0.0

Blob file count: 0, total size: 0.0 GB, garbage size: 0.0 GB, space amp: 0.0

Uptime(secs): 193.7 total, 13.0 interval
Flush(GB): cumulative 0.071, interval 0.000
AddFile(GB): cumulative 0.000, interval 0.000
AddFile(Total Files): cumulative 0, interval 0
AddFile(L0 Files): cumulative 0, interval 0
AddFile(Keys): cumulative 0, interval 0
Cumulative compaction: 28.24 GB write, 149.26 MB/s write, 30.51 GB read, 161.24 MB/s read, 1467.4 seconds
Interval compaction: 0.00 GB write, 0.00 MB/s write, 0.00 GB read, 0.00 MB/s read, 0.0 seconds
Estimated pending compaction bytes: 0
Write Stall (count): cf-l0-file-count-limit-delays-with-ongoing-compaction: 0, cf-l0-file-count-limit-stops-with-ongoing-compaction: 0, l0-file-count-limit-delays: 0, l0-file-count-limit-stops: 0, memtable-limit-delays: 0, memtable-limit-stops: 0, pending-compaction-bytes-delays: 0, pending-compaction-bytes-stops: 0, total-delays: 0, total-stops: 0
Block cache AutoHyperClockCache@0x56a6314dd2d0#2042444 capacity: 512.00 MB seed: 1018891949 usage: 511.95 MB table_size: 203568 occupancy: 122055 collections: 2 last_copies: 0 last_secs: 0.017143 secs_since: 12
Block cache entry stats(count,size,portion): DataBlock(122111,499.75 MB,97.607%) Misc(1,0.00 KB,0%)

** File Read Latency Histogram By Level [default] **
** Level 0 read latency histogram (micros):
Count: 3750395 Average: 3.4790  StdDev: 6.24
Min: 0  Median: 2.8524  Max: 4742
Percentiles: P50: 2.85 P75: 3.62 P99: 5.80 P99.9: 5.94 P99.99: 5.96
------------------------------------------------------
[       0,       1 ]   251625   6.709%   6.709% #
(       1,       2 ]   629369  16.781%  23.491% ###
(       2,       3 ]  1166370  31.100%  54.591% ######
(       3,       4 ]  1226722  32.709%  87.300% #######
(       4,       6 ]   486601  12.975% 100.274% ###
(       6,      10 ]    34039   0.908% 101.182% 
(      10,      15 ]    13838   0.369% 101.551% 
(      15,      22 ]    10293   0.274% 101.825% 
(      22,      34 ]      980   0.026% 101.852% 
(      34,      51 ]      131   0.003% 101.855% 
(      51,      76 ]       57   0.002% 101.857% 
(      76,     110 ]       56   0.001% 101.858% 
(     110,     170 ]       78   0.002% 101.860% 
(     170,     250 ]       59   0.002% 101.862% 
(     250,     380 ]       51   0.001% 101.863% 
(     380,     580 ]       57   0.002% 101.865% 
(     580,     870 ]       17   0.000% 101.865% 
(     870,    1300 ]        5   0.000% 101.865% 
(    1300,    1900 ]        7   0.000% 101.865% 
(    1900,    2900 ]        7   0.000% 101.866% 
(    2900,    4400 ]        2   0.000% 101.866% 
(    4400,    6600 ]        1   0.000% 101.866% 

** Level 1 read latency histogram (micros):
Count: 8735039 Average: 7.1329  StdDev: 26.09
Min: 0  Median: 3.3773  Max: 7965
Percentiles: P50: 3.38 P75: 4.02 P99: 137.69 P99.9: 163.08 P99.99: 165.62
------------------------------------------------------
[       0,       1 ]  1059745  12.132%  12.132% ##
(       1,       2 ]  1011933  11.585%  23.717% ##
(       2,       3 ]   984280  11.268%  34.985% ##
(       3,       4 ]  3476621  39.801%  74.786% ########
(       4,       6 ]  1780712  20.386%  95.172% ####
(       6,      10 ]   195668   2.240%  97.412% 
(      10,      15 ]    23483   0.269%  97.681% 
(      15,      22 ]    14971   0.171%  97.852% 
(      22,      34 ]     1733   0.020%  97.872% 
(      34,      51 ]      181   0.002%  97.874% 
(      51,      76 ]       51   0.001%  97.875% 
(      76,     110 ]    12590   0.144%  98.019% 
(     110,     170 ]   185754   2.127% 100.145% 
(     170,     250 ]    23124   0.265% 100.410% 
(     250,     380 ]     1682   0.019% 100.429% 
(     380,     580 ]       62   0.001% 100.430% 
(     580,     870 ]       60   0.001% 100.431% 
(     870,    1300 ]       38   0.000% 100.431% 
(    1300,    1900 ]       15   0.000% 100.431% 
(    1900,    2900 ]       15   0.000% 100.431% 
(    2900,    4400 ]        7   0.000% 100.431% 
(    4400,    6600 ]        6   0.000% 100.432% 
(    6600,    9900 ]       25   0.000% 100.432% 

** Level 2 read latency histogram (micros):
Count: 14351781 Average: 145.1166  StdDev: 4913.00
Min: 0  Median: 3.9332  Max: 3856792
Percentiles: P50: 3.93 P75: 110.60 P99: 482.66 P99.9: 953.92 P99.99: 1068.34
------------------------------------------------------
[       0,       1 ]   725303   5.054%   5.054% #
(       1,       2 ]  1577820  10.994%  16.048% ##
(       2,       3 ]  1195488   8.330%  24.378% ##
(       3,       4 ]  3940701  27.458%  51.835% #####
(       4,       6 ]  2826442  19.694%  71.529% ####
(       6,      10 ]   274107   1.910%  73.439% 
(      10,      15 ]    31610   0.220%  73.660% 
(      15,      22 ]    17629   0.123%  73.782% 
(      22,      34 ]     2970   0.021%  73.803% 
(      34,      51 ]     2463   0.017%  73.820% 
(      51,      76 ]     7161   0.050%  73.870% 
(      76,     110 ]   134435   0.937%  74.807% 
(     110,     170 ]  2794027  19.468%  94.275% ####
(     170,     250 ]   483593   3.370%  97.645% #
(     250,     380 ]   144584   1.007%  98.652% 
(     380,     580 ]    97289   0.678%  99.330% 
(     580,     870 ]    72341   0.504%  99.834% 
(     870,    1300 ]    48544   0.338% 100.172% 
(    1300,    1900 ]    32064   0.223% 100.396% 
(    1900,    2900 ]    27338   0.190% 100.586% 
(    2900,    4400 ]    15228   0.106% 100.692% 
(    4400,    6600 ]     7780   0.054% 100.746% 
(    6600,    9900 ]     3829   0.027% 100.773% 
(    9900,   14000 ]     1543   0.011% 100.784% 
(   14000,   22000 ]     1856   0.013% 100.797% 
(   22000,   33000 ]     1556   0.011% 100.808% 
(   33000,   50000 ]     1705   0.012% 100.820% 
(   50000,   75000 ]     1668   0.012% 100.831% 
(   75000,  110000 ]     1419   0.010% 100.841% 
(  110000,  170000 ]     1335   0.009% 100.850% 
(  170000,  250000 ]      854   0.006% 100.856% 
(  250000,  380000 ]      546   0.004% 100.860% 
(  380000,  570000 ]      262   0.002% 100.862% 
(  570000,  860000 ]       19   0.000% 100.862% 
(  860000, 1200000 ]       19   0.000% 100.862% 
( 1200000, 1900000 ]       25   0.000% 100.862% 
( 1900000, 2900000 ]       11   0.000% 100.862% 
( 2900000, 4300000 ]        1   0.000% 100.862% 

** Level 3 read latency histogram (micros):
Count: 4006853 Average: 335.5974  StdDev: 6745.74
Min: 1  Median: 129.9077  Max: 2693186
Percentiles: P50: 129.91 P75: 159.95 P99: 1818.79 P99.9: 6444.66 P99.99: 13213.10
------------------------------------------------------
[       0,       1 ]      115   0.003%   0.003% 
(       1,       2 ]     2398   0.060%   0.063% 
(       2,       3 ]    45050   1.124%   1.187% 
(       3,       4 ]   687653  17.162%  18.349% ###
(       4,       6 ]   496066  12.380%  30.729% ##
(       6,      10 ]    35756   0.892%  31.622% 
(      10,      15 ]     4441   0.111%  31.733% 
(      15,      22 ]     1489   0.037%  31.770% 
(      22,      34 ]      155   0.004%  31.774% 
(      34,      51 ]       29   0.001%  31.774% 
(      51,      76 ]       37   0.001%  31.775% 
(      76,     110 ]    66360   1.656%  33.431% 
(     110,     170 ]  2000868  49.936%  83.368% ##########
(     170,     250 ]   351984   8.785%  92.152% ##
(     250,     380 ]   107860   2.692%  94.844% #
(     380,     580 ]    69094   1.724%  96.568% 
(     580,     870 ]    47280   1.180%  97.748% 
(     870,    1300 ]    31653   0.790%  98.538% 
(    1300,    1900 ]    21394   0.534%  99.072% 
(    1900,    2900 ]    18456   0.461%  99.533% 
(    2900,    4400 ]    10000   0.250%  99.782% 
(    4400,    6600 ]     5068   0.126%  99.909% 
(    6600,    9900 ]     2416   0.060%  99.969% 
(    9900,   14000 ]     1030   0.026%  99.995% 
(   14000,   22000 ]     1259   0.031% 100.026% 
(   22000,   33000 ]     1151   0.029% 100.055% 
(   33000,   50000 ]     1276   0.032% 100.087% 
(   50000,   75000 ]     1200   0.030% 100.117% 
(   75000,  110000 ]     1038   0.026% 100.143% 
(  110000,  170000 ]      879   0.022% 100.165% 
(  170000,  250000 ]      525   0.013% 100.178% 
(  250000,  380000 ]      323   0.008% 100.186% 
(  380000,  570000 ]       97   0.002% 100.188% 
(  570000,  860000 ]       10   0.000% 100.189% 
(  860000, 1200000 ]        9   0.000% 100.189% 
( 1200000, 1900000 ]       14   0.000% 100.189% 
( 1900000, 2900000 ]        5   0.000% 100.189% 


** DB Stats **
Uptime(secs): 193.7 total, 13.0 interval
Cumulative writes: 0 writes, 0 keys, 0 commit groups, 0.0 writes per commit group, ingest: 0.00 GB, 0.00 MB/s
Cumulative WAL: 0 writes, 0 syncs, 0.00 writes per sync, written: 0.00 GB, 0.00 MB/s
Cumulative stall: 00:00:0.000 H:M:S, 0.0 percent
Interval writes: 0 writes, 0 keys, 0 commit groups, 0.0 writes per commit group, ingest: 0.00 MB, 0.00 MB/s
Interval WAL: 0 writes, 0 syncs, 0.00 writes per sync, written: 0.00 GB, 0.00 MB/s
Interval stall: 00:00:0.000 H:M:S, 0.0 percent
Write Stall (count): write-buffer-manager-limit-stops: 0
num-running-compactions: 0
num-running-flushes: 0

2026/08/31-02:59:19  ... thread 15: (250000,717000) ops and (8331.1,3671.4) ops/second in (30.008105,195.295394) seconds
2026/08/31-02:59:19  ... thread 10: (246000,715000) ops and (8193.5,3660.3) ops/second in (30.023625,195.337174) seconds
2026/08/31-02:59:19  ... thread 8: (247000,714000) ops and (8228.0,3655.1) ops/second in (30.019299,195.341783) seconds
2026/08/31-02:59:19  ... thread 7: (247000,715000) ops and (8229.3,3660.1) ops/second in (30.014731,195.347577) seconds
2026/08/31-02:59:19  ... thread 9: (248000,714000) ops and (8248.2,3654.7) ops/second in (30.067019,195.362816) seconds
2026/08/31-02:59:19  ... thread 12: (247000,714000) ops and (8226.1,3654.3) ops/second in (30.026200,195.387631) seconds
2026/08/31-02:59:19  ... thread 6: (247000,714000) ops and (8213.9,3653.6) ops/second in (30.071076,195.422164) seconds
2026/08/31-02:59:19  ... thread 2: (248000,716000) ops and (8257.8,3663.5) ops/second in (30.032109,195.443824) seconds
2026/08/31-02:59:19  ... thread 5: (247000,716000) ops and (8214.9,3662.4) ops/second in (30.067369,195.499177) seconds
2026/08/31-02:59:19  ... thread 14: (246000,713000) ops and (8186.3,3646.9) ops/second in (30.050069,195.507021) seconds
2026/08/31-02:59:19  ... thread 11: (248000,716000) ops and (8237.7,3662.0) ops/second in (30.105630,195.521874) seconds
2026/08/31-02:59:19  ... thread 4: (247000,713000) ops and (8202.3,3645.2) ops/second in (30.113398,195.598841) seconds
2026/08/31-02:59:19  ... thread 13: (249000,719000) ops and (8288.8,3672.4) ops/second in (30.040663,195.783991) seconds
2026/08/31-02:59:19  ... thread 3: (248000,719000) ops and (8250.8,3670.0) ops/second in (30.057737,195.914506) seconds
2026/08/31-02:59:38  ... thread 1: (252000,872000) ops and (8368.5,4071.7) ops/second in (30.112873,214.163530) seconds
2026/08/31-02:59:47  ... thread 0: (254000,950000) ops and (8437.9,4257.4) ops/second in (30.102227,223.140865) seconds

** Compaction Stats [default] **
Level    Files   Size     Score Read(GB)  Rn(GB) Rnp1(GB) Write(GB) WPreComp(GB) Wnew(GB) Moved(GB) W-Amp Rd(MB/s) Wr(MB/s) Comp(sec) CompMergeCPU(sec) Comp(cnt) Avg(sec) KeyIn KeyDrop Rblob(GB) Wblob(GB)
-------------------------------------------------------------------------------------------------------------------------------------------------------------------------------------------------------------
  L0      0/0      0.00 KB   0.0      0.0     0.0      0.0       0.1       0.1      0.1       0.0   1.0      0.0    305.8      0.24              0.00         2    0.120     72K      0       0.0       0.0
  L1     67/0      3.97 GB   1.0      9.5     3.3      6.1       9.2       9.2      3.1       0.0   2.7    286.9    279.4     33.74             31.82         1   33.742   9621K   253K       0.0       0.0
  L2    723/0     39.90 GB   1.0     21.1     5.0     16.1      19.0      19.0      2.9       0.2   3.8     15.0     13.5   1433.41            129.99        81   17.696     21M  2124K       0.0       0.0
  L3    509/0     28.42 GB   0.1      0.0     0.0      0.0       0.0       0.0      0.0       3.8   0.0      0.0      0.0      0.00              0.00         0    0.000       0      0       0.0       0.0
 Sum   1299/0     72.29 GB   0.0     30.5     8.3     22.2      28.2      28.2      6.1       4.0 395.0     21.3     19.7   1467.40            161.81        84   17.469     31M  2377K       0.0       0.0
 Int      0/0      0.00 KB   0.0      0.0     0.0      0.0       0.0       0.0      0.0       0.0   0.0      0.0      0.0      0.00              0.00         0    0.000       0      0       0.0       0.0

** Compaction Stats [default] **
Priority    Files   Size     Score Read(GB)  Rn(GB) Rnp1(GB) Write(GB) WPreComp(GB) Wnew(GB) Moved(GB) W-Amp Rd(MB/s) Wr(MB/s) Comp(sec) CompMergeCPU(sec) Comp(cnt) Avg(sec) KeyIn KeyDrop Rblob(GB) Wblob(GB)
----------------------------------------------------------------------------------------------------------------------------------------------------------------------------------------------------------------
 Low      0/0      0.00 KB   0.0     30.5     8.3     22.2      28.2      28.2      6.0       0.0   0.0     21.3     19.7   1467.16            161.81        82   17.892     31M  2377K       0.0       0.0
User      0/0      0.00 KB   0.0      0.0     0.0      0.0       0.1       0.1      0.1       0.0   0.0      0.0    305.8      0.24              0.00         2    0.120     72K      0       0.0       0.0

Blob file count: 0, total size: 0.0 GB, garbage size: 0.0 GB, space amp: 0.0

Uptime(secs): 223.8 total, 43.1 interval
Flush(GB): cumulative 0.071, interval 0.000
AddFile(GB): cumulative 0.000, interval 0.000
AddFile(Total Files): cumulative 0, interval 0
AddFile(L0 Files): cumulative 0, interval 0
AddFile(Keys): cumulative 0, interval 0
Cumulative compaction: 28.24 GB write, 129.19 MB/s write, 30.51 GB read, 139.56 MB/s read, 1467.4 seconds
Interval compaction: 0.00 GB write, 0.00 MB/s write, 0.00 GB read, 0.00 MB/s read, 0.0 seconds
Estimated pending compaction bytes: 0
Write Stall (count): cf-l0-file-count-limit-delays-with-ongoing-compaction: 0, cf-l0-file-count-limit-stops-with-ongoing-compaction: 0, l0-file-count-limit-delays: 0, l0-file-count-limit-stops: 0, memtable-limit-delays: 0, memtable-limit-stops: 0, pending-compaction-bytes-delays: 0, pending-compaction-bytes-stops: 0, total-delays: 0, total-stops: 0
Block cache AutoHyperClockCache@0x56a6314dd2d0#2042444 capacity: 512.00 MB seed: 1018891949 usage: 511.95 MB table_size: 203568 occupancy: 122055 collections: 2 last_copies: 0 last_secs: 0.017143 secs_since: 43
Block cache entry stats(count,size,portion): DataBlock(122111,499.75 MB,97.607%) Misc(1,0.00 KB,0%)

** File Read Latency Histogram By Level [default] **
** Level 0 read latency histogram (micros):
Count: 3750395 Average: 3.4790  StdDev: 6.24
Min: 0  Median: 2.8524  Max: 4742
Percentiles: P50: 2.85 P75: 3.62 P99: 5.80 P99.9: 5.94 P99.99: 5.96
------------------------------------------------------
[       0,       1 ]   251625   6.709%   6.709% #
(       1,       2 ]   629369  16.781%  23.491% ###
(       2,       3 ]  1166370  31.100%  54.591% ######
(       3,       4 ]  1226722  32.709%  87.300% #######
(       4,       6 ]   486601  12.975% 100.274% ###
(       6,      10 ]    34039   0.908% 101.182% 
(      10,      15 ]    13838   0.369% 101.551% 
(      15,      22 ]    10293   0.274% 101.825% 
(      22,      34 ]      980   0.026% 101.852% 
(      34,      51 ]      131   0.003% 101.855% 
(      51,      76 ]       57   0.002% 101.857% 
(      76,     110 ]       56   0.001% 101.858% 
(     110,     170 ]       78   0.002% 101.860% 
(     170,     250 ]       59   0.002% 101.862% 
(     250,     380 ]       51   0.001% 101.863% 
(     380,     580 ]       57   0.002% 101.865% 
(     580,     870 ]       17   0.000% 101.865% 
(     870,    1300 ]        5   0.000% 101.865% 
(    1300,    1900 ]        7   0.000% 101.865% 
(    1900,    2900 ]        7   0.000% 101.866% 
(    2900,    4400 ]        2   0.000% 101.866% 
(    4400,    6600 ]        1   0.000% 101.866% 

** Level 1 read latency histogram (micros):
Count: 10815308 Average: 6.9973  StdDev: 25.22
Min: 0  Median: 3.4536  Max: 7965
Percentiles: P50: 3.45 P75: 4.10 P99: 135.44 P99.9: 162.81 P99.99: 165.54
------------------------------------------------------
[       0,       1 ]  1059866   9.800%   9.800% ##
(       1,       2 ]  1025673   9.484%  19.283% ##
(       2,       3 ]  1170113  10.819%  30.102% ##
(       3,       4 ]  4743967  43.863%  73.966% #########
(       4,       6 ]  2320109  21.452%  95.418% ####
(       6,      10 ]   233011   2.154%  97.572% 
(      10,      15 ]    29904   0.276%  97.849% 
(      15,      22 ]    16827   0.156%  98.004% 
(      22,      34 ]     1899   0.018%  98.022% 
(      34,      51 ]      219   0.002%  98.024% 
(      51,      76 ]       53   0.000%  98.024% 
(      76,     110 ]    15055   0.139%  98.164% 
(     110,     170 ]   213383   1.973% 100.137% 
(     170,     250 ]    26113   0.241% 100.378% 
(     250,     380 ]     1880   0.017% 100.395% 
(     380,     580 ]       69   0.001% 100.396% 
(     580,     870 ]       61   0.001% 100.397% 
(     870,    1300 ]       39   0.000% 100.397% 
(    1300,    1900 ]       17   0.000% 100.397% 
(    1900,    2900 ]       17   0.000% 100.397% 
(    2900,    4400 ]        7   0.000% 100.397% 
(    4400,    6600 ]        6   0.000% 100.397% 
(    6600,    9900 ]       31   0.000% 100.398% 

** Level 2 read latency histogram (micros):
Count: 18157478 Average: 127.2226  StdDev: 4368.22
Min: 0  Median: 4.1439  Max: 3856792
Percentiles: P50: 4.14 P75: 117.86 P99: 371.96 P99.9: 804.92 P99.99: 870.89
------------------------------------------------------
[       0,       1 ]   725328   3.995%   3.995% #
(       1,       2 ]  1582679   8.716%  12.711% ##
(       2,       3 ]  1291940   7.115%  19.826% #
(       3,       4 ]  5215779  28.725%  48.551% ######
(       4,       6 ]  3656051  20.135%  68.687% ####
(       6,      10 ]   333952   1.839%  70.526% 
(      10,      15 ]    39336   0.217%  70.743% 
(      15,      22 ]    19852   0.109%  70.852% 
(      22,      34 ]     3157   0.017%  70.869% 
(      34,      51 ]     2511   0.014%  70.883% 
(      51,      76 ]     7170   0.039%  70.923% 
(      76,     110 ]   203166   1.119%  72.042% 
(     110,     170 ]  4099076  22.575%  94.617% #####
(     170,     250 ]   649052   3.575%  98.191% #
(     250,     380 ]   156536   0.862%  99.053% 
(     380,     580 ]    97607   0.538%  99.591% 
(     580,     870 ]    72373   0.399%  99.989% 
(     870,    1300 ]    48591   0.268% 100.257% 
(    1300,    1900 ]    32149   0.177% 100.434% 
(    1900,    2900 ]    27419   0.151% 100.585% 
(    2900,    4400 ]    15291   0.084% 100.669% 
(    4400,    6600 ]     7809   0.043% 100.712% 
(    6600,    9900 ]     4018   0.022% 100.734% 
(    9900,   14000 ]     1543   0.008% 100.743% 
(   14000,   22000 ]     1856   0.010% 100.753% 
(   22000,   33000 ]     1556   0.009% 100.762% 
(   33000,   50000 ]     1705   0.009% 100.771% 
(   50000,   75000 ]     1668   0.009% 100.780% 
(   75000,  110000 ]     1419   0.008% 100.788% 
(  110000,  170000 ]     1335   0.007% 100.796% 
(  170000,  250000 ]      854   0.005% 100.800% 
(  250000,  380000 ]      546   0.003% 100.803% 
(  380000,  570000 ]      262   0.001% 100.805% 
(  570000,  860000 ]       19   0.000% 100.805% 
(  860000, 1200000 ]       19   0.000% 100.805% 
( 1200000, 1900000 ]       25   0.000% 100.805% 
( 1900000, 2900000 ]       11   0.000% 100.805% 
( 2900000, 4300000 ]        1   0.000% 100.805% 

** Level 3 read latency histogram (micros):
Count: 5469897 Average: 267.5462  StdDev: 5774.84
Min: 1  Median: 126.0539  Max: 2693186
Percentiles: P50: 126.05 P75: 156.47 P99: 1328.78 P99.9: 4529.94 P99.99: 6786.63
------------------------------------------------------
[       0,       1 ]      116   0.002%   0.002% 
(       1,       2 ]     3420   0.063%   0.065% 
(       2,       3 ]    69106   1.263%   1.328% 
(       3,       4 ]  1049124  19.180%  20.508% ####
(       4,       6 ]   735613  13.448%  33.956% ###
(       6,      10 ]    50590   0.925%  34.881% 
(      10,      15 ]     6641   0.121%  35.003% 
(      15,      22 ]     2157   0.039%  35.042% 
(      22,      34 ]      204   0.004%  35.046% 
(      34,      51 ]       36   0.001%  35.046% 
(      51,      76 ]       41   0.001%  35.047% 
(      76,     110 ]    96148   1.758%  36.805% 
(     110,     170 ]  2697483  49.315%  86.120% ##########
(     170,     250 ]   440969   8.062%  94.182% ##
(     250,     380 ]   114299   2.090%  96.271% 
(     380,     580 ]    69258   1.266%  97.538% 
(     580,     870 ]    47291   0.865%  98.402% 
(     870,    1300 ]    31675   0.579%  98.981% 
(    1300,    1900 ]    21433   0.392%  99.373% 
(    1900,    2900 ]    18493   0.338%  99.711% 
(    2900,    4400 ]    10031   0.183%  99.895% 
(    4400,    6600 ]     5081   0.093%  99.987% 
(    6600,    9900 ]     2511   0.046% 100.033% 
(    9900,   14000 ]     1030   0.019% 100.052% 
(   14000,   22000 ]     1259   0.023% 100.075% 
(   22000,   33000 ]     1151   0.021% 100.096% 
(   33000,   50000 ]     1276   0.023% 100.120% 
(   50000,   75000 ]     1200   0.022% 100.141% 
(   75000,  110000 ]     1038   0.019% 100.160% 
(  110000,  170000 ]      879   0.016% 100.177% 
(  170000,  250000 ]      525   0.010% 100.186% 
(  250000,  380000 ]      323   0.006% 100.192% 
(  380000,  570000 ]       97   0.002% 100.194% 
(  570000,  860000 ]       10   0.000% 100.194% 
(  860000, 1200000 ]        9   0.000% 100.194% 
( 1200000, 1900000 ]       14   0.000% 100.194% 
( 1900000, 2900000 ]        5   0.000% 100.195% 


** DB Stats **
Uptime(secs): 223.8 total, 30.1 interval
Cumulative writes: 0 writes, 0 keys, 0 commit groups, 0.0 writes per commit group, ingest: 0.00 GB, 0.00 MB/s
Cumulative WAL: 0 writes, 0 syncs, 0.00 writes per sync, written: 0.00 GB, 0.00 MB/s
Cumulative stall: 00:00:0.000 H:M:S, 0.0 percent
Interval writes: 0 writes, 0 keys, 0 commit groups, 0.0 writes per commit group, ingest: 0.00 MB, 0.00 MB/s
Interval WAL: 0 writes, 0 syncs, 0.00 writes per sync, written: 0.00 GB, 0.00 MB/s
Interval stall: 00:00:0.000 H:M:S, 0.0 percent
Write Stall (count): write-buffer-manager-limit-stops: 0
num-running-compactions: 0
num-running-flushes: 0

2026/08/31-02:59:49  ... thread 15: (254000,971000) ops and (8440.8,4308.1) ops/second in (30.091900,225.387294) seconds
2026/08/31-02:59:49  ... thread 8: (254000,968000) ops and (8451.5,4294.7) ops/second in (30.053940,225.395723) seconds
2026/08/31-02:59:49  ... thread 10: (254000,969000) ops and (8446.4,4298.9) ops/second in (30.071924,225.409098) seconds
2026/08/31-02:59:49  ... thread 7: (254000,969000) ops and (8437.9,4298.1) ops/second in (30.102408,225.449985) seconds
2026/08/31-02:59:49  ... thread 9: (255000,969000) ops and (8475.2,4298.1) ops/second in (30.087785,225.450601) seconds
2026/08/31-02:59:49  ... thread 2: (253000,969000) ops and (8427.4,4297.8) ops/second in (30.021269,225.465093) seconds
2026/08/31-02:59:49  ... thread 12: (254000,968000) ops and (8441.3,4293.1) ops/second in (30.090124,225.477755) seconds
2026/08/31-02:59:49  ... thread 6: (253000,967000) ops and (8414.4,4288.4) ops/second in (30.067488,225.489652) seconds
2026/08/31-02:59:49  ... thread 5: (254000,970000) ops and (8454.5,4300.7) ops/second in (30.043105,225.542282) seconds
2026/08/31-02:59:49  ... thread 11: (254000,970000) ops and (8459.2,4300.6) ops/second in (30.026367,225.548241) seconds
2026/08/31-02:59:49  ... thread 14: (254000,967000) ops and (8446.7,4286.8) ops/second in (30.070861,225.577882) seconds
2026/08/31-02:59:49  ... thread 4: (255000,968000) ops and (8479.4,4289.4) ops/second in (30.072821,225.671662) seconds
2026/08/31-02:59:49  ... thread 13: (254000,973000) ops and (8461.5,4309.1) ops/second in (30.018199,225.802190) seconds
2026/08/31-02:59:50  ... thread 3: (255000,974000) ops and (8469.0,4309.3) ops/second in (30.109737,226.024243) seconds
Set seed to 1788116163301037 because --seed was 0
Initializing RocksDB Options from the specified file
Initializing RocksDB Options from command-line flags
Integrated BlobDB: blob cache disabled
Keys:       16 bytes each (+ 0 bytes user-defined timestamp)
Values:     1024 bytes each (512 bytes after compression)
Entries:    103244288
Prefix:    0 bytes
Keys per prefix:    0
RawSize:    102399.9 MB (estimated)
FileSize:   51987.6 MB (estimated)
Write rate: 0 bytes/second
Read rate: 0 ops/second
Compression: NoCompression
Compression sampling rate: 0
Memtablerep: SkipListFactory
Perf Level: 1
------------------------------------------------
DB path: [/tmp/l0exp_base4g]
readrandom   :     229.140 micros/op 69724 ops/sec 229.475 seconds 16000000 operations;   43.7 MB/s (632253 of 1000000 found)

Microseconds per read:
Count: 16000000 Average: 229.1407  StdDev: 4525.31
Min: 3  Median: 119.0728  Max: 2774045
Percentiles: P50: 119.07 P75: 198.80 P99: 1138.41 P99.9: 9769.63 P99.99: 183117.58
------------------------------------------------------
(       2,       3 ]        7   0.000%   0.000% 
(       3,       4 ]       17   0.000%   0.000% 
(       4,       6 ]      174   0.001%   0.001% 
(       6,      10 ]    19803   0.124%   0.125% 
(      10,      15 ]    78314   0.489%   0.614% 
(      15,      22 ]  2126738  13.292%  13.907% ###
(      22,      34 ]  2420940  15.131%  29.037% ###
(      34,      51 ]  2224541  13.903%  42.941% ###
(      51,      76 ]   578901   3.618%  46.559% #
(      76,     110 ]    48023   0.300%  46.859% 
(     110,     170 ]  3323414  20.771%  67.630% ####
(     170,     250 ]  3275759  20.473%  88.104% ####
(     250,     380 ]  1296932   8.106%  96.210% ##
(     380,     580 ]   293288   1.833%  98.043% 
(     580,     870 ]   109485   0.684%  98.727% 
(     870,    1300 ]    69951   0.437%  99.164% 
(    1300,    1900 ]    42706   0.267%  99.431% 
(    1900,    2900 ]    38151   0.238%  99.670% 
(    2900,    4400 ]    21115   0.132%  99.802% 
(    4400,    6600 ]    10538   0.066%  99.867% 
(    6600,    9900 ]     5417   0.034%  99.901% 
(    9900,   14000 ]     1948   0.012%  99.914% 
(   14000,   22000 ]     2299   0.014%  99.928% 
(   22000,   33000 ]     2019   0.013%  99.941% 
(   33000,   50000 ]     2201   0.014%  99.954% 
(   50000,   75000 ]     2143   0.013%  99.968% 
(   75000,  110000 ]     1788   0.011%  99.979% 
(  110000,  170000 ]     1636   0.010%  99.989% 
(  170000,  250000 ]      927   0.006%  99.995% 
(  250000,  380000 ]      571   0.004%  99.998% 
(  380000,  570000 ]      183   0.001% 100.000% 
(  570000,  860000 ]       19   0.000% 100.000% 
(  860000, 1200000 ]       15   0.000% 100.000% 
( 1200000, 1900000 ]       29   0.000% 100.000% 
( 1900000, 2900000 ]        8   0.000% 100.000% 

STATISTICS:
rocksdb.block.cache.miss COUNT : 40112326
rocksdb.block.cache.hit COUNT : 1932438
rocksdb.block.cache.add COUNT : 32510297
rocksdb.block.cache.add.failures COUNT : 0
rocksdb.block.cache.index.miss COUNT : 0
rocksdb.block.cache.index.hit COUNT : 0
rocksdb.block.cache.index.add COUNT : 0
rocksdb.block.cache.index.bytes.insert COUNT : 0
rocksdb.block.cache.filter.miss COUNT : 0
rocksdb.block.cache.filter.hit COUNT : 0
rocksdb.block.cache.filter.add COUNT : 0
rocksdb.block.cache.filter.bytes.insert COUNT : 0
rocksdb.block.cache.data.miss COUNT : 40112326
rocksdb.block.cache.data.hit COUNT : 1932438
rocksdb.block.cache.data.add COUNT : 32510297
rocksdb.block.cache.data.bytes.insert COUNT : 139578039552
rocksdb.block.cache.bytes.read COUNT : 8310987088
rocksdb.block.cache.bytes.write COUNT : 139578039552
rocksdb.block.cache.compression.dict.miss COUNT : 0
rocksdb.block.cache.compression.dict.hit COUNT : 0
rocksdb.block.cache.compression.dict.add COUNT : 0
rocksdb.block.cache.compression.dict.bytes.insert COUNT : 0
rocksdb.block.cache.add.redundant COUNT : 95
rocksdb.block.cache.index.add.redundant COUNT : 0
rocksdb.block.cache.filter.add.redundant COUNT : 0
rocksdb.block.cache.data.add.redundant COUNT : 95
rocksdb.block.cache.compression.dict.add.redundant COUNT : 0
rocksdb.secondary.cache.hits COUNT : 0
rocksdb.secondary.cache.filter.hits COUNT : 0
rocksdb.secondary.cache.index.hits COUNT : 0
rocksdb.secondary.cache.data.hits COUNT : 0
rocksdb.compressed.secondary.cache.dummy.hits COUNT : 0
rocksdb.compressed.secondary.cache.hits COUNT : 0
rocksdb.compressed.secondary.cache.promotions COUNT : 0
rocksdb.compressed.secondary.cache.promotion.skips COUNT : 0
rocksdb.bloom.filter.useful COUNT : 0
rocksdb.bloom.filter.full.positive COUNT : 0
rocksdb.bloom.filter.full.true.positive COUNT : 0
rocksdb.bloom.filter.prefix.checked COUNT : 0
rocksdb.bloom.filter.prefix.useful COUNT : 0
rocksdb.bloom.filter.prefix.true.positive COUNT : 0
rocksdb.persistent.cache.hit COUNT : 0
rocksdb.persistent.cache.miss COUNT : 0
rocksdb.sim.block.cache.hit COUNT : 0
rocksdb.sim.block.cache.miss COUNT : 0
rocksdb.memtable.hit COUNT : 0
rocksdb.memtable.miss COUNT : 16000000
rocksdb.l0.hit COUNT : 7247
rocksdb.l1.hit COUNT : 658850
rocksdb.l2andup.hit COUNT : 9445372
rocksdb.compaction.key.drop.new COUNT : 2377709
rocksdb.compaction.key.drop.obsolete COUNT : 0
rocksdb.compaction.key.drop.range_del COUNT : 0
rocksdb.compaction.key.drop.user COUNT : 0
rocksdb.compaction.range_del.drop.obsolete COUNT : 0
rocksdb.compaction.optimized.del.drop.obsolete COUNT : 0
rocksdb.compaction.cancelled COUNT : 0
rocksdb.compaction.aborted COUNT : 0
rocksdb.number.keys.written COUNT : 0
rocksdb.number.keys.read COUNT : 16000000
rocksdb.number.keys.updated COUNT : 0
rocksdb.bytes.written COUNT : 0
rocksdb.bytes.read COUNT : 10354144256
rocksdb.number.db.seek COUNT : 0
rocksdb.number.db.next COUNT : 0
rocksdb.number.db.prev COUNT : 0
rocksdb.number.db.seek.found COUNT : 0
rocksdb.number.db.next.found COUNT : 0
rocksdb.number.db.prev.found COUNT : 0
rocksdb.db.iter.bytes.read COUNT : 0
rocksdb.number.iter.skip COUNT : 0
rocksdb.number.reseeks.iteration COUNT : 0
rocksdb.num.iterator.created COUNT : 0
rocksdb.num.iterator.deleted COUNT : 0
rocksdb.no.file.opens COUNT : 1788
rocksdb.no.file.errors COUNT : 0
rocksdb.stall.micros COUNT : 0
rocksdb.db.mutex.wait.micros COUNT : 0
rocksdb.number.multiget.get COUNT : 0
rocksdb.number.multiget.keys.read COUNT : 0
rocksdb.number.multiget.bytes.read COUNT : 0
rocksdb.number.multiget.keys.found COUNT : 0
rocksdb.number.merge.failures COUNT : 0
rocksdb.getupdatessince.calls COUNT : 0
rocksdb.wal.synced COUNT : 0
rocksdb.wal.bytes COUNT : 0
rocksdb.write.self COUNT : 0
rocksdb.write.other COUNT : 0
rocksdb.write.wal COUNT : 0
rocksdb.compact.read.bytes COUNT : 32029415320
rocksdb.compact.write.bytes COUNT : 30323854314
rocksdb.flush.write.bytes COUNT : 0
rocksdb.compact.read.marked.bytes COUNT : 0
rocksdb.compact.read.periodic.bytes COUNT : 0
rocksdb.compact.read.ttl.bytes COUNT : 0
rocksdb.compact.write.marked.bytes COUNT : 0
rocksdb.compact.write.periodic.bytes COUNT : 0
rocksdb.compact.write.ttl.bytes COUNT : 0
rocksdb.number.direct.load.table.properties COUNT : 0
rocksdb.number.superversion_acquires COUNT : 1574
rocksdb.number.superversion_releases COUNT : 1541
rocksdb.number.superversion_cleanups COUNT : 98
rocksdb.number.block.compressed COUNT : 0
rocksdb.number.block.decompressed COUNT : 0
rocksdb.bytes.compressed.from COUNT : 0
rocksdb.bytes.compressed.to COUNT : 0
rocksdb.bytes.compression_bypassed COUNT : 30287294548
rocksdb.bytes.compression.rejected COUNT : 0
rocksdb.number.block_compression_bypassed COUNT : 7186328
rocksdb.number.block_compression_rejected COUNT : 0
rocksdb.bytes.decompressed.from COUNT : 0
rocksdb.bytes.decompressed.to COUNT : 0
rocksdb.merge.operation.time.nanos COUNT : 0
rocksdb.filter.operation.time.nanos COUNT : 0
rocksdb.compaction.total.time.cpu_micros COUNT : 161811420
rocksdb.row.cache.hit COUNT : 0
rocksdb.row.cache.miss COUNT : 0
rocksdb.read.amp.estimate.useful.bytes COUNT : 0
rocksdb.read.amp.total.read.bytes COUNT : 0
rocksdb.number.rate_limiter.drains COUNT : 0
rocksdb.blobdb.num.put COUNT : 0
rocksdb.blobdb.num.write COUNT : 0
rocksdb.blobdb.num.get COUNT : 0
rocksdb.blobdb.num.multiget COUNT : 0
rocksdb.blobdb.num.seek COUNT : 0
rocksdb.blobdb.num.next COUNT : 0
rocksdb.blobdb.num.prev COUNT : 0
rocksdb.blobdb.num.keys.written COUNT : 0
rocksdb.blobdb.num.keys.read COUNT : 0
rocksdb.blobdb.bytes.written COUNT : 0
rocksdb.blobdb.bytes.read COUNT : 0
rocksdb.blobdb.write.inlined COUNT : 0
rocksdb.blobdb.write.inlined.ttl COUNT : 0
rocksdb.blobdb.write.blob COUNT : 0
rocksdb.blobdb.write.blob.ttl COUNT : 0
rocksdb.blobdb.blob.file.bytes.written COUNT : 0
rocksdb.blobdb.blob.file.bytes.read COUNT : 0
rocksdb.blobdb.blob.file.synced COUNT : 0
rocksdb.blobdb.blob.index.expired.count COUNT : 0
rocksdb.blobdb.blob.index.expired.size COUNT : 0
rocksdb.blobdb.blob.index.evicted.count COUNT : 0
rocksdb.blobdb.blob.index.evicted.size COUNT : 0
rocksdb.blobdb.gc.num.files COUNT : 0
rocksdb.blobdb.gc.num.new.files COUNT : 0
rocksdb.blobdb.gc.failures COUNT : 0
rocksdb.blobdb.gc.num.keys.relocated COUNT : 0
rocksdb.blobdb.gc.bytes.relocated COUNT : 0
rocksdb.blobdb.fifo.num.files.evicted COUNT : 0
rocksdb.blobdb.fifo.num.keys.evicted COUNT : 0
rocksdb.blobdb.fifo.bytes.evicted COUNT : 0
rocksdb.blobdb.cache.miss COUNT : 0
rocksdb.blobdb.cache.hit COUNT : 0
rocksdb.blobdb.cache.add COUNT : 0
rocksdb.blobdb.cache.add.failures COUNT : 0
rocksdb.blobdb.cache.bytes.read COUNT : 0
rocksdb.blobdb.cache.bytes.write COUNT : 0
rocksdb.txn.overhead.mutex.prepare COUNT : 0
rocksdb.txn.overhead.mutex.old.commit.map COUNT : 0
rocksdb.txn.overhead.duplicate.key COUNT : 0
rocksdb.txn.overhead.mutex.snapshot COUNT : 0
rocksdb.txn.get.tryagain COUNT : 0
rocksdb.files.marked.trash COUNT : 0
rocksdb.files.marked.trash.deleted COUNT : 0
rocksdb.files.deleted.immediately COUNT : 491
rocksdb.error.handler.bg.error.count COUNT : 0
rocksdb.error.handler.bg.io.error.count COUNT : 0
rocksdb.error.handler.bg.retryable.io.error.count COUNT : 0
rocksdb.error.handler.autoresume.count COUNT : 0
rocksdb.error.handler.autoresume.retry.total.count COUNT : 0
rocksdb.error.handler.autoresume.success.count COUNT : 0
rocksdb.memtable.payload.bytes.at.flush COUNT : 0
rocksdb.memtable.garbage.bytes.at.flush COUNT : 0
rocksdb.verify_checksum.read.bytes COUNT : 0
rocksdb.backup.read.bytes COUNT : 0
rocksdb.backup.write.bytes COUNT : 0
rocksdb.remote.compact.read.bytes COUNT : 0
rocksdb.remote.compact.write.bytes COUNT : 0
rocksdb.remote.compact.resumed.bytes COUNT : 0
rocksdb.hot.file.read.bytes COUNT : 0
rocksdb.warm.file.read.bytes COUNT : 0
rocksdb.cool.file.read.bytes COUNT : 0
rocksdb.cold.file.read.bytes COUNT : 0
rocksdb.ice.file.read.bytes COUNT : 0
rocksdb.hot.file.read.count COUNT : 0
rocksdb.warm.file.read.count COUNT : 0
rocksdb.cool.file.read.count COUNT : 0
rocksdb.cold.file.read.count COUNT : 0
rocksdb.ice.file.read.count COUNT : 0
rocksdb.last.level.read.bytes COUNT : 0
rocksdb.last.level.read.count COUNT : 0
rocksdb.non.last.level.read.bytes COUNT : 169005987314
rocksdb.non.last.level.read.count COUNT : 40119478
rocksdb.last.level.seek.filtered COUNT : 0
rocksdb.last.level.seek.filter.match COUNT : 0
rocksdb.last.level.seek.data COUNT : 0
rocksdb.last.level.seek.data.useful.no.filter COUNT : 0
rocksdb.last.level.seek.data.useful.filter.match COUNT : 0
rocksdb.non.last.level.seek.filtered COUNT : 0
rocksdb.non.last.level.seek.filter.match COUNT : 0
rocksdb.non.last.level.seek.data COUNT : 0
rocksdb.non.last.level.seek.data.useful.no.filter COUNT : 0
rocksdb.non.last.level.seek.data.useful.filter.match COUNT : 0
rocksdb.block.checksum.compute.count COUNT : 40115902
rocksdb.block.checksum.mismatch.count COUNT : 0
rocksdb.multiget.coroutine.count COUNT : 0
rocksdb.read.async.micros COUNT : 0
rocksdb.async.read.error.count COUNT : 0
rocksdb.table.open.prefetch.tail.miss COUNT : 0
rocksdb.table.open.prefetch.tail.hit COUNT : 0
rocksdb.timestamp.filter.table.checked COUNT : 0
rocksdb.timestamp.filter.table.filtered COUNT : 0
rocksdb.readahead.trimmed COUNT : 0
rocksdb.fifo.max.size.compactions COUNT : 0
rocksdb.fifo.ttl.compactions COUNT : 0
rocksdb.fifo.change_temperature.compactions COUNT : 0
rocksdb.prefetch.bytes COUNT : 0
rocksdb.prefetch.bytes.useful COUNT : 0
rocksdb.prefetch.hits COUNT : 0
rocksdb.footer.corruption.count COUNT : 0
rocksdb.file.read.corruption.retry.count COUNT : 0
rocksdb.file.read.corruption.retry.success.count COUNT : 0
rocksdb.number.wbwi.ingest COUNT : 0
rocksdb.sst.user.defined.index.load.fail.count COUNT : 0
rocksdb.multiscan.prepare.calls COUNT : 0
rocksdb.multiscan.prepare.errors COUNT : 0
rocksdb.multiscan.blocks.prefetched COUNT : 0
rocksdb.multiscan.blocks.from.cache COUNT : 0
rocksdb.multiscan.prefetch.bytes COUNT : 0
rocksdb.multiscan.prefetch.blocks.wasted COUNT : 0
rocksdb.multiscan.io.requests COUNT : 0
rocksdb.multiscan.io.coalesced.nonadjacent COUNT : 0
rocksdb.multiscan.seek.errors COUNT : 0
rocksdb.prefetch.memory.bytes.granted COUNT : 0
rocksdb.prefetch.memory.bytes.released COUNT : 0
rocksdb.prefetch.memory.requests.blocked COUNT : 0
rocksdb.read.path.range.tombstones.inserted COUNT : 0
rocksdb.read.path.range.tombstones.discarded COUNT : 0
rocksdb.file.open.metadata.retrieved COUNT : 0
rocksdb.file.open.metadata.passed COUNT : 0
rocksdb.db.get.micros P50 : 118.680087 P95 : 359.769964 P99 : 1136.425054 P100 : 2774039.000000 COUNT : 16000000 SUM : 3641720461
rocksdb.db.write.micros P50 : 0.000000 P95 : 0.000000 P99 : 0.000000 P100 : 0.000000 COUNT : 0 SUM : 0
rocksdb.compaction.times.micros P50 : 21000000.000000 P95 : 32392105.263158 P99 : 33758670.000000 P100 : 33758670.000000 COUNT : 82 SUM : 1467156004
rocksdb.compaction.times.cpu_micros P50 : 1562068.965517 P95 : 2816000.000000 P99 : 23980000.000000 P100 : 31820830.000000 COUNT : 82 SUM : 161811420
rocksdb.subcompaction.setup.times.micros P50 : 163507.000000 P95 : 163507.000000 P99 : 163507.000000 P100 : 163507.000000 COUNT : 1 SUM : 163507
rocksdb.table.sync.micros P50 : 22000.000000 P95 : 136934.000000 P99 : 136934.000000 P100 : 136934.000000 COUNT : 2 SUM : 154817
rocksdb.compaction.outfile.sync.micros P50 : 516119.402985 P95 : 8400344.827586 P99 : 9520068.965517 P100 : 9526919.000000 COUNT : 492 SUM : 794042331
rocksdb.wal.file.sync.micros P50 : 0.000000 P95 : 0.000000 P99 : 0.000000 P100 : 0.000000 COUNT : 0 SUM : 0
rocksdb.manifest.file.sync.micros P50 : 1876.923077 P95 : 328000.000000 P99 : 3628000.000000 P100 : 3857378.000000 COUNT : 96 SUM : 13008880
rocksdb.table.open.io.micros P50 : 1147.865497 P95 : 2850.332594 P99 : 4316.923077 P100 : 3857071.000000 COUNT : 1788 SUM : 6784661
rocksdb.db.multiget.micros P50 : 0.000000 P95 : 0.000000 P99 : 0.000000 P100 : 0.000000 COUNT : 0 SUM : 0
rocksdb.read.block.compaction.micros P50 : 3.376198 P95 : 9.920013 P99 : 806.768030 P100 : 2535358.000000 COUNT : 7602029 SUM : 821834058
rocksdb.read.block.get.micros P50 : 10.612960 P95 : 194.064112 P99 : 494.179969 P100 : 2769408.000000 COUNT : 32512085 SUM : 3337941620
rocksdb.write.raw.block.micros P50 : 0.781094 P95 : 2.679839 P99 : 5.420059 P100 : 4353603.000000 COUNT : 7187316 SUM : 211362679
rocksdb.numfiles.in.singlecompaction P50 : 3.790698 P95 : 5.945946 P99 : 10.000000 P100 : 120.000000 COUNT : 100 SUM : 558
rocksdb.db.seek.micros P50 : 0.000000 P95 : 0.000000 P99 : 0.000000 P100 : 0.000000 COUNT : 0 SUM : 0
rocksdb.db.write.stall P50 : 0.000000 P95 : 0.000000 P99 : 0.000000 P100 : 0.000000 COUNT : 0 SUM : 0
rocksdb.sst.read.micros P50 : 3.850885 P95 : 169.773486 P99 : 539.922033 P100 : 3856792.000000 COUNT : 40119478 SUM : 3957085525
rocksdb.file.read.flush.micros P50 : 0.000000 P95 : 0.000000 P99 : 0.000000 P100 : 0.000000 COUNT : 0 SUM : 0
rocksdb.file.read.compaction.micros P50 : 1.605663 P95 : 5.517135 P99 : 802.329297 P100 : 3856792.000000 COUNT : 7603997 SUM : 811070822
rocksdb.file.read.db.open.micros P50 : 3.455041 P95 : 1673.980583 P99 : 2454.893617 P100 : 4742.000000 COUNT : 5184 SUM : 1702908
rocksdb.file.read.get.micros P50 : 0.000000 P95 : 0.000000 P99 : 0.000000 P100 : 0.000000 COUNT : 0 SUM : 0
rocksdb.file.read.multiget.micros P50 : 0.000000 P95 : 0.000000 P99 : 0.000000 P100 : 0.000000 COUNT : 0 SUM : 0
rocksdb.file.read.db.iterator.micros P50 : 0.000000 P95 : 0.000000 P99 : 0.000000 P100 : 0.000000 COUNT : 0 SUM : 0
rocksdb.file.read.verify.db.checksum.micros P50 : 0.000000 P95 : 0.000000 P99 : 0.000000 P100 : 0.000000 COUNT : 0 SUM : 0
rocksdb.file.read.verify.file.checksums.micros P50 : 0.000000 P95 : 0.000000 P99 : 0.000000 P100 : 0.000000 COUNT : 0 SUM : 0
rocksdb.sst.write.micros P50 : 0.507101 P95 : 0.963492 P99 : 1.469416 P100 : 4353596.000000 COUNT : 14375126 SUM : 206434358
rocksdb.file.write.flush.micros P50 : 0.000000 P95 : 0.000000 P99 : 0.000000 P100 : 0.000000 COUNT : 0 SUM : 0
rocksdb.file.write.compaction.micros P50 : 0.507110 P95 : 0.963510 P99 : 1.470899 P100 : 4353596.000000 COUNT : 14338746 SUM : 206400307
rocksdb.file.write.db.open.micros P50 : 0.503418 P95 : 0.956494 P99 : 0.996767 P100 : 575.000000 COUNT : 36380 SUM : 34051
rocksdb.num.subcompactions.scheduled P50 : 16.000000 P95 : 16.000000 P99 : 16.000000 P100 : 16.000000 COUNT : 1 SUM : 16
rocksdb.bytes.per.read P50 : 959.792262 P95 : 1024.000000 P99 : 1024.000000 P100 : 1024.000000 COUNT : 16000000 SUM : 10354144256
rocksdb.bytes.per.write P50 : 0.000000 P95 : 0.000000 P99 : 0.000000 P100 : 0.000000 COUNT : 0 SUM : 0
rocksdb.bytes.per.multiget P50 : 0.000000 P95 : 0.000000 P99 : 0.000000 P100 : 0.000000 COUNT : 0 SUM : 0
rocksdb.compression.times.nanos P50 : 0.000000 P95 : 0.000000 P99 : 0.000000 P100 : 0.000000 COUNT : 0 SUM : 0
rocksdb.decompression.times.nanos P50 : 0.000000 P95 : 0.000000 P99 : 0.000000 P100 : 0.000000 COUNT : 0 SUM : 0
rocksdb.read.num.merge_operands P50 : 0.000000 P95 : 0.000000 P99 : 0.000000 P100 : 0.000000 COUNT : 0 SUM : 0
rocksdb.blobdb.key.size P50 : 0.000000 P95 : 0.000000 P99 : 0.000000 P100 : 0.000000 COUNT : 0 SUM : 0
rocksdb.blobdb.value.size P50 : 0.000000 P95 : 0.000000 P99 : 0.000000 P100 : 0.000000 COUNT : 0 SUM : 0
rocksdb.blobdb.write.micros P50 : 0.000000 P95 : 0.000000 P99 : 0.000000 P100 : 0.000000 COUNT : 0 SUM : 0
rocksdb.blobdb.get.micros P50 : 0.000000 P95 : 0.000000 P99 : 0.000000 P100 : 0.000000 COUNT : 0 SUM : 0
rocksdb.blobdb.multiget.micros P50 : 0.000000 P95 : 0.000000 P99 : 0.000000 P100 : 0.000000 COUNT : 0 SUM : 0
rocksdb.blobdb.seek.micros P50 : 0.000000 P95 : 0.000000 P99 : 0.000000 P100 : 0.000000 COUNT : 0 SUM : 0
rocksdb.blobdb.next.micros P50 : 0.000000 P95 : 0.000000 P99 : 0.000000 P100 : 0.000000 COUNT : 0 SUM : 0
rocksdb.blobdb.prev.micros P50 : 0.000000 P95 : 0.000000 P99 : 0.000000 P100 : 0.000000 COUNT : 0 SUM : 0
rocksdb.blobdb.blob.file.write.micros P50 : 0.000000 P95 : 0.000000 P99 : 0.000000 P100 : 0.000000 COUNT : 0 SUM : 0
rocksdb.blobdb.blob.file.read.micros P50 : 0.000000 P95 : 0.000000 P99 : 0.000000 P100 : 0.000000 COUNT : 0 SUM : 0
rocksdb.blobdb.blob.file.sync.micros P50 : 0.000000 P95 : 0.000000 P99 : 0.000000 P100 : 0.000000 COUNT : 0 SUM : 0
rocksdb.blobdb.compression.micros P50 : 0.000000 P95 : 0.000000 P99 : 0.000000 P100 : 0.000000 COUNT : 0 SUM : 0
rocksdb.blobdb.decompression.micros P50 : 0.000000 P95 : 0.000000 P99 : 0.000000 P100 : 0.000000 COUNT : 0 SUM : 0
rocksdb.db.flush.micros P50 : 0.000000 P95 : 0.000000 P99 : 0.000000 P100 : 0.000000 COUNT : 0 SUM : 0
rocksdb.sst.batch.size P50 : 0.000000 P95 : 0.000000 P99 : 0.000000 P100 : 0.000000 COUNT : 0 SUM : 0
rocksdb.multiget.io.batch.size P50 : 0.000000 P95 : 0.000000 P99 : 0.000000 P100 : 0.000000 COUNT : 0 SUM : 0
rocksdb.num.index.and.filter.blocks.read.per.level P50 : 0.000000 P95 : 0.000000 P99 : 0.000000 P100 : 0.000000 COUNT : 0 SUM : 0
rocksdb.num.sst.read.per.level P50 : 0.000000 P95 : 0.000000 P99 : 0.000000 P100 : 0.000000 COUNT : 0 SUM : 0
rocksdb.num.level.read.per.multiget P50 : 0.000000 P95 : 0.000000 P99 : 0.000000 P100 : 0.000000 COUNT : 0 SUM : 0
rocksdb.error.handler.autoresume.retry.count P50 : 0.000000 P95 : 0.000000 P99 : 0.000000 P100 : 0.000000 COUNT : 0 SUM : 0
rocksdb.async.read.bytes P50 : 0.000000 P95 : 0.000000 P99 : 0.000000 P100 : 0.000000 COUNT : 0 SUM : 0
rocksdb.poll.wait.micros P50 : 0.000000 P95 : 0.000000 P99 : 0.000000 P100 : 0.000000 COUNT : 0 SUM : 0
rocksdb.compaction.prefetch.bytes P50 : 0.000000 P95 : 0.000000 P99 : 0.000000 P100 : 0.000000 COUNT : 0 SUM : 0
rocksdb.prefetched.bytes.discarded P50 : 0.000000 P95 : 0.000000 P99 : 0.000000 P100 : 0.000000 COUNT : 0 SUM : 0
rocksdb.async.prefetch.abort.micros P50 : 0.000000 P95 : 0.000000 P99 : 0.000000 P100 : 0.000000 COUNT : 0 SUM : 0
rocksdb.table.open.prefetch.tail.read.bytes P50 : 0.000000 P95 : 0.000000 P99 : 0.000000 P100 : 0.000000 COUNT : 0 SUM : 0
rocksdb.num.op.per.transaction P50 : 0.000000 P95 : 0.000000 P99 : 0.000000 P100 : 0.000000 COUNT : 0 SUM : 0
rocksdb.multiscan.op.prepare.iterators.micros P50 : 0.000000 P95 : 0.000000 P99 : 0.000000 P100 : 0.000000 COUNT : 0 SUM : 0
rocksdb.multiscan.prepare.micros P50 : 0.000000 P95 : 0.000000 P99 : 0.000000 P100 : 0.000000 COUNT : 0 SUM : 0
rocksdb.multiscan.blocks.per.prepare P50 : 0.000000 P95 : 0.000000 P99 : 0.000000 P100 : 0.000000 COUNT : 0 SUM : 0
rocksdb.block.key.distribution.cv P50 : 0.000000 P95 : 0.000000 P99 : 0.000000 P100 : 0.000000 COUNT : 0 SUM : 0

