RocksDB:    version 11.2.0
Date:       Mon Aug 31 01:17:28 2026
CPU:        36 * Intel(R) Core(TM) i9-10980XE CPU @ 3.00GHz
CPUCache:   25344 KB
2026/08/31-01:17:59  ... thread 15: (21000,21000) ops and (696.9,696.9) ops/second in (30.134317,30.134317) seconds
2026/08/31-01:17:59  ... thread 14: (21000,21000) ops and (693.3,693.3) ops/second in (30.288877,30.288877) seconds
2026/08/31-01:17:59  ... thread 6: (21000,21000) ops and (693.0,693.0) ops/second in (30.302197,30.302197) seconds
2026/08/31-01:17:59  ... thread 11: (21000,21000) ops and (691.3,691.3) ops/second in (30.378552,30.378552) seconds
2026/08/31-01:17:59  ... thread 13: (21000,21000) ops and (691.0,691.0) ops/second in (30.390601,30.390601) seconds
2026/08/31-01:17:59  ... thread 3: (21000,21000) ops and (690.9,690.9) ops/second in (30.393366,30.393366) seconds
2026/08/31-01:17:59  ... thread 0: (21000,21000) ops and (689.7,689.7) ops/second in (30.448415,30.448415) seconds

** Compaction Stats [default] **
Level    Files   Size     Score Read(GB)  Rn(GB) Rnp1(GB) Write(GB) WPreComp(GB) Wnew(GB) Moved(GB) W-Amp Rd(MB/s) Wr(MB/s) Comp(sec) CompMergeCPU(sec) Comp(cnt) Avg(sec) KeyIn KeyDrop Rblob(GB) Wblob(GB)
-------------------------------------------------------------------------------------------------------------------------------------------------------------------------------------------------------------
  L0      0/0      0.00 KB   0.0      0.6     0.0      0.6       0.7       0.7      0.1       0.0   7.5     40.4     46.4     14.47              1.82         3    4.823    669K   1494       0.0       0.0
  L1     21/6    806.47 MB   2.3      0.8     0.6      0.2       0.8       0.8      0.6       0.0   1.4     69.1     68.9     11.72              3.17         1   11.722    804K   1265       0.0       0.0
  L2     73/27     4.03 GB   1.0      3.4     0.9      2.5       3.4       3.4      0.9       0.0   3.8     29.8     29.5    116.43             12.06        15    7.762   3447K    29K       0.0       0.0
  L3    413/43    25.58 GB   0.9      0.9     0.2      0.7       0.9       0.9      0.2       0.1   3.5     18.6     17.5     50.10              4.54         6    8.350    926K    54K       0.0       0.0
  L4    819/0     47.37 GB   0.2      2.1     1.2      0.9       1.7       1.7      0.8       0.0   1.4     12.9     10.5    164.10             13.67        15   10.940   2107K   387K       0.0       0.0
 Sum   1326/76    77.77 GB   0.0      7.7     2.9      4.9       7.4       7.4      2.5       0.1  84.4     22.2     21.1    356.82             35.26        40    8.921   7955K   473K       0.0       0.0
 Int      0/0      0.00 KB   0.0      7.7     2.9      4.9       7.3       7.3      2.4       0.1 7800068129.0     22.2     20.9    356.64             35.26        38    9.385   7866K   473K       0.0       0.0

** Compaction Stats [default] **
Priority    Files   Size     Score Read(GB)  Rn(GB) Rnp1(GB) Write(GB) WPreComp(GB) Wnew(GB) Moved(GB) W-Amp Rd(MB/s) Wr(MB/s) Comp(sec) CompMergeCPU(sec) Comp(cnt) Avg(sec) KeyIn KeyDrop Rblob(GB) Wblob(GB)
----------------------------------------------------------------------------------------------------------------------------------------------------------------------------------------------------------------
 Low      0/0      0.00 KB   0.0      7.7     2.9      4.9       7.3       7.3      2.4       0.0   0.0     22.2     20.9    356.64             35.26        38    9.385   7866K   473K       0.0       0.0
User      0/0      0.00 KB   0.0      0.0     0.0      0.0       0.1       0.1      0.1       0.0   0.0      0.0    474.8      0.19              0.00         2    0.094     88K      0       0.0       0.0

Blob file count: 0, total size: 0.0 GB, garbage size: 0.0 GB, space amp: 0.0

Uptime(secs): 31.1 total, 30.4 interval
Flush(GB): cumulative 0.087, interval 0.000
AddFile(GB): cumulative 0.000, interval 0.000
AddFile(Total Files): cumulative 0, interval 0
AddFile(L0 Files): cumulative 0, interval 0
AddFile(Keys): cumulative 0, interval 0
Cumulative compaction: 7.35 GB write, 241.67 MB/s write, 7.73 GB read, 254.12 MB/s read, 356.8 seconds
Interval compaction: 7.26 GB write, 244.30 MB/s write, 7.73 GB read, 259.96 MB/s read, 356.6 seconds
Estimated pending compaction bytes: 25910494758
Write Stall (count): cf-l0-file-count-limit-delays-with-ongoing-compaction: 0, cf-l0-file-count-limit-stops-with-ongoing-compaction: 0, l0-file-count-limit-delays: 0, l0-file-count-limit-stops: 0, memtable-limit-delays: 0, memtable-limit-stops: 0, pending-compaction-bytes-delays: 0, pending-compaction-bytes-stops: 0, total-delays: 0, total-stops: 0
Block cache AutoHyperClockCache@0x59b7b3b422d0#1989753 capacity: 512.00 MB seed: 1546246571 usage: 64.00 KB table_size: 1024 occupancy: 1 collections: 1 last_copies: 0 last_secs: 0.000105 secs_since: 30
Block cache entry stats(count,size,portion): Misc(1,0.00 KB,0%)

** File Read Latency Histogram By Level [default] **
** Level 0 read latency histogram (micros):
Count: 860297 Average: 3.8049  StdDev: 6.56
Min: 0  Median: 3.1092  Max: 1449
Percentiles: P50: 3.11 P75: 3.89 P99: 8.84 P99.9: 12.90 P99.99: 14.05
------------------------------------------------------
[       0,       1 ]    40795   4.742%   4.742% #
(       1,       2 ]   137804  16.018%  20.760% ###
(       2,       3 ]   221507  25.748%  46.508% #####
(       3,       4 ]   275087  31.976%  78.484% ######
(       4,       6 ]   162196  18.853%  97.337% ####
(       6,      10 ]    20115   2.338%  99.675% 
(      10,      15 ]     3338   0.388% 100.063% 
(      15,      22 ]     3195   0.371% 100.435% 
(      22,      34 ]      590   0.069% 100.503% 
(      34,      51 ]      134   0.016% 100.519% 
(      51,      76 ]       50   0.006% 100.525% 
(      76,     110 ]       44   0.005% 100.530% 
(     110,     170 ]       45   0.005% 100.535% 
(     170,     250 ]       38   0.004% 100.539% 
(     250,     380 ]       36   0.004% 100.544% 
(     380,     580 ]       19   0.002% 100.546% 
(     580,     870 ]       12   0.001% 100.547% 
(     870,    1300 ]       14   0.002% 100.549% 
(    1300,    1900 ]        2   0.000% 100.549% 

** Level 1 read latency histogram (micros):
Count: 434299 Average: 2.6977  StdDev: 5.45
Min: 0  Median: 1.6978  Max: 1388
Percentiles: P50: 1.70 P75: 3.17 P99: 7.25 P99.9: 9.67 P99.99: 9.92
------------------------------------------------------
[       0,       1 ]   117704  27.102%  27.102% #####
(       1,       2 ]   142505  32.813%  59.915% #######
(       2,       3 ]    53508  12.321%  72.235% ##
(       3,       4 ]    69159  15.924%  88.160% ###
(       4,       6 ]    45063  10.376%  98.536% ##
(       6,      10 ]     6452   1.486% 100.021% 
(      10,      15 ]      823   0.190% 100.211% 
(      15,      22 ]      661   0.152% 100.363% 
(      22,      34 ]      124   0.029% 100.391% 
(      34,      51 ]       20   0.005% 100.396% 
(      51,      76 ]       13   0.003% 100.399% 
(      76,     110 ]       12   0.003% 100.402% 
(     110,     170 ]        8   0.002% 100.404% 
(     170,     250 ]        7   0.002% 100.405% 
(     250,     380 ]        6   0.001% 100.407% 
(     380,     580 ]       10   0.002% 100.409% 
(     580,     870 ]        5   0.001% 100.410% 
(     870,    1300 ]        4   0.001% 100.411% 
(    1300,    1900 ]        1   0.000% 100.411% 

** Level 2 read latency histogram (micros):
Count: 1164155 Average: 2.9017  StdDev: 151.52
Min: 0  Median: 1.5265  Max: 86371
Percentiles: P50: 1.53 P75: 2.94 P99: 5.90 P99.9: 7.75 P99.99: 8.10
------------------------------------------------------
[       0,       1 ]   393584  33.809%  33.809% #######
(       1,       2 ]   358034  30.755%  64.563% ######
(       2,       3 ]   128958  11.077%  75.641% ##
(       3,       4 ]   169544  14.564%  90.204% ###
(       4,       6 ]   107608   9.243%  99.448% ##
(       6,      10 ]    12036   1.034% 100.482% 
(      10,      15 ]     2083   0.179% 100.661% 
(      15,      22 ]     1609   0.138% 100.799% 
(      22,      34 ]      246   0.021% 100.820% 
(      34,      51 ]       33   0.003% 100.823% 
(      51,      76 ]       34   0.003% 100.826% 
(      76,     110 ]       39   0.003% 100.829% 
(     110,     170 ]       11   0.001% 100.830% 
(     170,     250 ]        5   0.000% 100.831% 
(     250,     380 ]        4   0.000% 100.831% 
(     380,     580 ]       16   0.001% 100.832% 
(     580,     870 ]       20   0.002% 100.834% 
(     870,    1300 ]       23   0.002% 100.836% 
(    1300,    1900 ]        1   0.000% 100.836% 
(    1900,    2900 ]        1   0.000% 100.836% 
(    2900,    4400 ]        1   0.000% 100.836% 
(    9900,   14000 ]        2   0.000% 100.836% 
(   22000,   33000 ]        2   0.000% 100.837% 
(   50000,   75000 ]        4   0.000% 100.837% 
(   75000,  110000 ]        1   0.000% 100.837% 

** Level 3 read latency histogram (micros):
Count: 1221218 Average: 147.5954  StdDev: 11919.83
Min: 0  Median: 2.1127  Max: 4573589
Percentiles: P50: 2.11 P75: 3.59 P99: 539.58 P99.9: 833.52 P99.99: 868.44
------------------------------------------------------
[       0,       1 ]   211210  17.295%  17.295% ###
(       1,       2 ]   374582  30.673%  47.968% ######
(       2,       3 ]   220227  18.033%  66.001% ####
(       3,       4 ]   184738  15.127%  81.129% ###
(       4,       6 ]   139619  11.433%  92.561% ##
(       6,      10 ]    18020   1.476%  94.037% 
(      10,      15 ]     2654   0.217%  94.254% 
(      15,      22 ]     2018   0.165%  94.420% 
(      22,      34 ]      357   0.029%  94.449% 
(      34,      51 ]      274   0.022%  94.471% 
(      51,      76 ]      844   0.069%  94.540% 
(      76,     110 ]     1175   0.096%  94.637% 
(     110,     170 ]     9494   0.777%  95.414% 
(     170,     250 ]    13320   1.091%  96.505% 
(     250,     380 ]    18582   1.522%  98.026% 
(     380,     580 ]    14905   1.221%  99.247% 
(     580,     870 ]     9127   0.747%  99.994% 
(     870,    1300 ]     4381   0.359% 100.353% 
(    1300,    1900 ]     2449   0.201% 100.553% 
(    1900,    2900 ]     2035   0.167% 100.720% 
(    2900,    4400 ]      791   0.065% 100.785% 
(    4400,    6600 ]      378   0.031% 100.816% 
(    6600,    9900 ]      159   0.013% 100.829% 
(    9900,   14000 ]       69   0.006% 100.834% 
(   14000,   22000 ]      126   0.010% 100.845% 
(   22000,   33000 ]      140   0.011% 100.856% 
(   33000,   50000 ]      156   0.013% 100.869% 
(   50000,   75000 ]      149   0.012% 100.881% 
(   75000,  110000 ]       96   0.008% 100.889% 
(  110000,  170000 ]      116   0.009% 100.899% 
(  170000,  250000 ]       61   0.005% 100.904% 
(  250000,  380000 ]       63   0.005% 100.909% 
(  380000,  570000 ]       19   0.002% 100.910% 
(  570000,  860000 ]        5   0.000% 100.911% 
(  860000, 1200000 ]        4   0.000% 100.911% 
( 1200000, 1900000 ]        3   0.000% 100.911% 
( 2900000, 4300000 ]        8   0.001% 100.912% 
( 4300000, 6500000 ]        1   0.000% 100.912% 

** Level 4 read latency histogram (micros):
Count: 467081 Average: 921.8894  StdDev: 26110.38
Min: 0  Median: 5.0882  Max: 4948361
Percentiles: P50: 5.09 P75: 326.80 P99: 2844.56 P99.9: 19459.14 P99.99: 31657.01
------------------------------------------------------
[       0,       1 ]    15999   3.425%   3.425% #
(       1,       2 ]   103304  22.117%  25.542% ####
(       2,       3 ]    55514  11.885%  37.428% ##
(       3,       4 ]    43351   9.281%  46.709% ##
(       4,       6 ]    28254   6.049%  52.758% #
(       6,      10 ]     3974   0.851%  53.609% 
(      10,      15 ]      677   0.145%  53.754% 
(      15,      22 ]      386   0.083%  53.836% 
(      22,      34 ]       94   0.020%  53.856% 
(      34,      51 ]       97   0.021%  53.877% 
(      51,      76 ]      385   0.082%  53.960% 
(      76,     110 ]      659   0.141%  54.101% 
(     110,     170 ]    23958   5.129%  59.230% #
(     170,     250 ]    39638   8.486%  67.716% ##
(     250,     380 ]    57587  12.329%  80.045% ##
(     380,     580 ]    41784   8.946%  88.991% ##
(     580,     870 ]    22813   4.884%  93.875% #
(     870,    1300 ]    11182   2.394%  96.269% 
(    1300,    1900 ]     6846   1.466%  97.735% 
(    1900,    2900 ]     6256   1.339%  99.074% 
(    2900,    4400 ]     1966   0.421%  99.495% 
(    4400,    6600 ]     1007   0.216%  99.711% 
(    6600,    9900 ]      427   0.091%  99.802% 
(    9900,   14000 ]      229   0.049%  99.851% 
(   14000,   22000 ]      334   0.072%  99.923% 
(   22000,   33000 ]      358   0.077% 100.000% 
(   33000,   50000 ]      405   0.087% 100.086% 
(   50000,   75000 ]      389   0.083% 100.170% 
(   75000,  110000 ]      315   0.067% 100.237% 
(  110000,  170000 ]      272   0.058% 100.295% 
(  170000,  250000 ]      181   0.039% 100.334% 
(  250000,  380000 ]      121   0.026% 100.360% 
(  380000,  570000 ]       59   0.013% 100.373% 
(  570000,  860000 ]        9   0.002% 100.374% 
(  860000, 1200000 ]        6   0.001% 100.376% 
( 1200000, 1900000 ]       12   0.003% 100.378% 
( 1900000, 2900000 ]        1   0.000% 100.379% 
( 2900000, 4300000 ]       10   0.002% 100.381% 
( 4300000, 6500000 ]        4   0.001% 100.382% 


** DB Stats **
Uptime(secs): 31.1 total, 30.5 interval
Cumulative writes: 0 writes, 0 keys, 0 commit groups, 0.0 writes per commit group, ingest: 0.00 GB, 0.00 MB/s
Cumulative WAL: 0 writes, 0 syncs, 0.00 writes per sync, written: 0.00 GB, 0.00 MB/s
Cumulative stall: 00:00:0.000 H:M:S, 0.0 percent
Interval writes: 0 writes, 0 keys, 0 commit groups, 0.0 writes per commit group, ingest: 0.00 MB, 0.00 MB/s
Interval WAL: 0 writes, 0 syncs, 0.00 writes per sync, written: 0.00 GB, 0.00 MB/s
Interval stall: 00:00:0.000 H:M:S, 0.0 percent
Write Stall (count): write-buffer-manager-limit-stops: 0
num-running-compactions: 18
num-running-flushes: 0

2026/08/31-01:17:59  ... thread 10: (21000,21000) ops and (689.3,689.3) ops/second in (30.467452,30.467452) seconds
2026/08/31-01:17:59  ... thread 9: (21000,21000) ops and (689.2,689.2) ops/second in (30.471559,30.471559) seconds
2026/08/31-01:17:59  ... thread 8: (21000,21000) ops and (689.0,689.0) ops/second in (30.479484,30.479484) seconds
2026/08/31-01:17:59  ... thread 4: (21000,21000) ops and (688.7,688.7) ops/second in (30.490989,30.490989) seconds
2026/08/31-01:17:59  ... thread 12: (21000,21000) ops and (687.3,687.3) ops/second in (30.553925,30.553925) seconds
2026/08/31-01:17:59  ... thread 7: (21000,21000) ops and (687.2,687.2) ops/second in (30.556951,30.556951) seconds
2026/08/31-01:17:59  ... thread 5: (21000,21000) ops and (686.6,686.6) ops/second in (30.586040,30.586040) seconds
2026/08/31-01:17:59  ... thread 2: (21000,21000) ops and (686.5,686.5) ops/second in (30.591866,30.591866) seconds
2026/08/31-01:17:59  ... thread 1: (21000,21000) ops and (686.4,686.4) ops/second in (30.596422,30.596422) seconds
2026/08/31-01:18:30  ... thread 12: (22000,43000) ops and (710.0,698.7) ops/second in (30.987798,61.541723) seconds
2026/08/31-01:18:30  ... thread 1: (22000,43000) ops and (709.2,697.9) ops/second in (31.019945,61.616367) seconds
2026/08/31-01:18:30  ... thread 11: (23000,44000) ops and (735.3,713.6) ops/second in (31.281845,61.660397) seconds
2026/08/31-01:18:30  ... thread 6: (23000,44000) ops and (733.5,713.6) ops/second in (31.358103,61.660300) seconds
2026/08/31-01:18:30  ... thread 0: (23000,44000) ops and (736.9,713.6) ops/second in (31.213188,61.661603) seconds

** Compaction Stats [default] **
Level    Files   Size     Score Read(GB)  Rn(GB) Rnp1(GB) Write(GB) WPreComp(GB) Wnew(GB) Moved(GB) W-Amp Rd(MB/s) Wr(MB/s) Comp(sec) CompMergeCPU(sec) Comp(cnt) Avg(sec) KeyIn KeyDrop Rblob(GB) Wblob(GB)
-------------------------------------------------------------------------------------------------------------------------------------------------------------------------------------------------------------
  L0      0/0      0.00 KB   0.0      0.6     0.0      0.6       0.7       0.7      0.1       0.0   7.5     40.4     46.4     14.47              1.82         3    4.823    669K   1494       0.0       0.0
  L1      4/0    238.34 MB   0.9      0.8     0.6      0.2       0.8       0.8      0.6       0.0   1.4     69.1     68.9     11.72              3.17         1   11.722    804K   1265       0.0       0.0
  L2     66/18     3.74 GB   1.1      6.2     1.4      4.8       6.1       6.1      1.4       0.0   4.3     30.7     30.5    206.71             20.85        28    7.382   6305K    46K       0.0       0.0
  L3    412/71    25.46 GB   0.8      4.6     1.1      3.5       4.3       4.3      0.8       0.1   4.0     13.5     12.8    347.25             23.80        20   17.363   4655K   247K       0.0       0.0
  L4    827/0     47.88 GB   0.2      3.4     1.9      1.5       2.8       2.8      1.3       0.0   1.4     13.9     11.3    251.51             21.55        24   10.480   3475K   643K       0.0       0.0
 Sum   1309/89    77.31 GB   0.0     15.5     5.0     10.5      14.7      14.7      4.2       0.1 168.8     19.1     18.1    831.66             71.18        76   10.943     15M   939K       0.0       0.0
 Int      0/0      0.00 KB   0.0      0.0     0.0      0.0       0.0       0.0      0.0       0.0   0.0      0.0      0.0      0.00              0.00         0    0.000       0      0       0.0       0.0

** Compaction Stats [default] **
Priority    Files   Size     Score Read(GB)  Rn(GB) Rnp1(GB) Write(GB) WPreComp(GB) Wnew(GB) Moved(GB) W-Amp Rd(MB/s) Wr(MB/s) Comp(sec) CompMergeCPU(sec) Comp(cnt) Avg(sec) KeyIn KeyDrop Rblob(GB) Wblob(GB)
----------------------------------------------------------------------------------------------------------------------------------------------------------------------------------------------------------------
 Low      0/0      0.00 KB   0.0     15.5     5.0     10.5      14.6      14.6      4.1       0.0   0.0     19.1     18.0    831.47             71.18        74   11.236     15M   939K       0.0       0.0
User      0/0      0.00 KB   0.0      0.0     0.0      0.0       0.1       0.1      0.1       0.0   0.0      0.0    474.8      0.19              0.00         2    0.094     88K      0       0.0       0.0

Blob file count: 0, total size: 0.0 GB, garbage size: 0.0 GB, space amp: 0.0

Uptime(secs): 62.4 total, 1.7 interval
Flush(GB): cumulative 0.087, interval 0.000
AddFile(GB): cumulative 0.000, interval 0.000
AddFile(Total Files): cumulative 0, interval 0
AddFile(L0 Files): cumulative 0, interval 0
AddFile(Keys): cumulative 0, interval 0
Cumulative compaction: 14.71 GB write, 241.52 MB/s write, 15.55 GB read, 255.26 MB/s read, 831.7 seconds
Interval compaction: 0.00 GB write, 0.00 MB/s write, 0.00 GB read, 0.00 MB/s read, 0.0 seconds
Estimated pending compaction bytes: 15453668667
Write Stall (count): cf-l0-file-count-limit-delays-with-ongoing-compaction: 0, cf-l0-file-count-limit-stops-with-ongoing-compaction: 0, l0-file-count-limit-delays: 0, l0-file-count-limit-stops: 0, memtable-limit-delays: 0, memtable-limit-stops: 0, pending-compaction-bytes-delays: 0, pending-compaction-bytes-stops: 0, total-delays: 0, total-stops: 0
Block cache AutoHyperClockCache@0x59b7b3b422d0#1989753 capacity: 512.00 MB seed: 1546246571 usage: 64.00 KB table_size: 1024 occupancy: 1 collections: 1 last_copies: 1 last_secs: 0.000105 secs_since: 61
Block cache entry stats(count,size,portion): Misc(1,0.00 KB,0%)

** File Read Latency Histogram By Level [default] **
** Level 0 read latency histogram (micros):
Count: 860297 Average: 3.8049  StdDev: 6.56
Min: 0  Median: 3.1092  Max: 1449
Percentiles: P50: 3.11 P75: 3.89 P99: 8.84 P99.9: 12.90 P99.99: 14.05
------------------------------------------------------
[       0,       1 ]    40795   4.742%   4.742% #
(       1,       2 ]   137804  16.018%  20.760% ###
(       2,       3 ]   221507  25.748%  46.508% #####
(       3,       4 ]   275087  31.976%  78.484% ######
(       4,       6 ]   162196  18.853%  97.337% ####
(       6,      10 ]    20115   2.338%  99.675% 
(      10,      15 ]     3338   0.388% 100.063% 
(      15,      22 ]     3195   0.371% 100.435% 
(      22,      34 ]      590   0.069% 100.503% 
(      34,      51 ]      134   0.016% 100.519% 
(      51,      76 ]       50   0.006% 100.525% 
(      76,     110 ]       44   0.005% 100.530% 
(     110,     170 ]       45   0.005% 100.535% 
(     170,     250 ]       38   0.004% 100.539% 
(     250,     380 ]       36   0.004% 100.544% 
(     380,     580 ]       19   0.002% 100.546% 
(     580,     870 ]       12   0.001% 100.547% 
(     870,    1300 ]       14   0.002% 100.549% 
(    1300,    1900 ]        2   0.000% 100.549% 

** Level 1 read latency histogram (micros):
Count: 728019 Average: 3.0772  StdDev: 4.46
Min: 0  Median: 2.1040  Max: 1388
Percentiles: P50: 2.10 P75: 3.69 P99: 8.93 P99.9: 12.63 P99.99: 14.50
------------------------------------------------------
[       0,       1 ]   170018  23.354%  23.354% #####
(       1,       2 ]   184909  25.399%  48.752% #####
(       2,       3 ]    87357  11.999%  60.752% ##
(       3,       4 ]   151281  20.780%  81.532% ####
(       4,       6 ]   111814  15.359%  96.890% ###
(       6,      10 ]    20993   2.884%  99.774% #
(      10,      15 ]     1748   0.240% 100.014% 
(      15,      22 ]     1852   0.254% 100.268% 
(      22,      34 ]      327   0.045% 100.313% 
(      34,      51 ]       36   0.005% 100.318% 
(      51,      76 ]       16   0.002% 100.320% 
(      76,     110 ]       14   0.002% 100.322% 
(     110,     170 ]        9   0.001% 100.323% 
(     170,     250 ]        7   0.001% 100.324% 
(     250,     380 ]        6   0.001% 100.325% 
(     380,     580 ]       10   0.001% 100.327% 
(     580,     870 ]        5   0.001% 100.327% 
(     870,    1300 ]        4   0.001% 100.328% 
(    1300,    1900 ]        1   0.000% 100.328% 

** Level 2 read latency histogram (micros):
Count: 2182131 Average: 2.8563  StdDev: 127.53
Min: 0  Median: 1.5704  Max: 86371
Percentiles: P50: 1.57 P75: 3.10 P99: 6.21 P99.9: 8.75 P99.99: 9.01
------------------------------------------------------
[       0,       1 ]   748539  34.303%  34.303% #######
(       1,       2 ]   600541  27.521%  61.824% ######
(       2,       3 ]   256079  11.735%  73.559% ##
(       3,       4 ]   328131  15.037%  88.596% ###
(       4,       6 ]   225401  10.329%  98.926% ##
(       6,      10 ]    30893   1.416% 100.342% 
(      10,      15 ]     4143   0.190% 100.531% 
(      15,      22 ]     3693   0.169% 100.701% 
(      22,      34 ]      537   0.025% 100.725% 
(      34,      51 ]       60   0.003% 100.728% 
(      51,      76 ]       55   0.003% 100.731% 
(      76,     110 ]       68   0.003% 100.734% 
(     110,     170 ]       17   0.001% 100.734% 
(     170,     250 ]        5   0.000% 100.735% 
(     250,     380 ]        4   0.000% 100.735% 
(     380,     580 ]       16   0.001% 100.736% 
(     580,     870 ]       20   0.001% 100.736% 
(     870,    1300 ]       23   0.001% 100.738% 
(    1300,    1900 ]        3   0.000% 100.738% 
(    1900,    2900 ]        1   0.000% 100.738% 
(    2900,    4400 ]        1   0.000% 100.738% 
(    9900,   14000 ]        2   0.000% 100.738% 
(   14000,   22000 ]        1   0.000% 100.738% 
(   22000,   33000 ]        3   0.000% 100.738% 
(   50000,   75000 ]        6   0.000% 100.738% 
(   75000,  110000 ]        1   0.000% 100.738% 

** Level 3 read latency histogram (micros):
Count: 2512626 Average: 172.9721  StdDev: 9433.43
Min: 0  Median: 2.1075  Max: 4573589
Percentiles: P50: 2.11 P75: 3.60 P99: 546.31 P99.9: 852.27 P99.99: 924.69
------------------------------------------------------
[       0,       1 ]   456798  18.180%  18.180% ####
(       1,       2 ]   751164  29.896%  48.076% ######
(       2,       3 ]   449904  17.906%  65.981% ####
(       3,       4 ]   376989  15.004%  80.985% ###
(       4,       6 ]   286859  11.417%  92.402% ##
(       6,      10 ]    37087   1.476%  93.878% 
(      10,      15 ]     5547   0.221%  94.099% 
(      15,      22 ]     4251   0.169%  94.268% 
(      22,      34 ]      989   0.039%  94.307% 
(      34,      51 ]      826   0.033%  94.340% 
(      51,      76 ]     2038   0.081%  94.421% 
(      76,     110 ]     2927   0.116%  94.538% 
(     110,     170 ]    20425   0.813%  95.351% 
(     170,     250 ]    27548   1.096%  96.447% 
(     250,     380 ]    38247   1.522%  97.969% 
(     380,     580 ]    31151   1.240%  99.209% 
(     580,     870 ]    18497   0.736%  99.945% 
(     870,    1300 ]     8890   0.354% 100.299% 
(    1300,    1900 ]     5483   0.218% 100.517% 
(    1900,    2900 ]     4791   0.191% 100.708% 
(    2900,    4400 ]     1598   0.064% 100.771% 
(    4400,    6600 ]      956   0.038% 100.809% 
(    6600,    9900 ]      521   0.021% 100.830% 
(    9900,   14000 ]      300   0.012% 100.842% 
(   14000,   22000 ]      407   0.016% 100.858% 
(   22000,   33000 ]      415   0.017% 100.875% 
(   33000,   50000 ]      444   0.018% 100.893% 
(   50000,   75000 ]      417   0.017% 100.909% 
(   75000,  110000 ]      299   0.012% 100.921% 
(  110000,  170000 ]      429   0.017% 100.938% 
(  170000,  250000 ]      226   0.009% 100.947% 
(  250000,  380000 ]      149   0.006% 100.953% 
(  380000,  570000 ]       60   0.002% 100.955% 
(  570000,  860000 ]       22   0.001% 100.956% 
(  860000, 1200000 ]        7   0.000% 100.957% 
( 1200000, 1900000 ]        6   0.000% 100.957% 
( 2900000, 4300000 ]        8   0.000% 100.957% 
( 4300000, 6500000 ]        1   0.000% 100.957% 

** Level 4 read latency histogram (micros):
Count: 872063 Average: 942.2412  StdDev: 20551.20
Min: 0  Median: 12.4455  Max: 4948361
Percentiles: P50: 12.45 P75: 342.99 P99: 3285.89 P99.9: 26018.45 P99.99: 37284.34
------------------------------------------------------
[       0,       1 ]    39596   4.540%   4.540% #
(       1,       2 ]   165158  18.939%  23.479% ####
(       2,       3 ]    89773  10.294%  33.774% ##
(       3,       4 ]    75812   8.693%  42.467% ##
(       4,       6 ]    56842   6.518%  48.985% #
(       6,      10 ]     8290   0.951%  49.936% 
(      10,      15 ]     1146   0.131%  50.067% 
(      15,      22 ]      723   0.083%  50.150% 
(      22,      34 ]      187   0.021%  50.171% 
(      34,      51 ]      213   0.024%  50.196% 
(      51,      76 ]      705   0.081%  50.277% 
(      76,     110 ]     1460   0.167%  50.444% 
(     110,     170 ]    51469   5.902%  56.346% #
(     170,     250 ]    80000   9.174%  65.520% ##
(     250,     380 ]   115572  13.253%  78.773% ###
(     380,     580 ]    84219   9.657%  88.430% ##
(     580,     870 ]    43594   4.999%  93.429% #
(     870,    1300 ]    21400   2.454%  95.883% 
(    1300,    1900 ]    13504   1.549%  97.431% 
(    1900,    2900 ]    12692   1.455%  98.887% 
(    2900,    4400 ]     3838   0.440%  99.327% 
(    4400,    6600 ]     2220   0.255%  99.581% 
(    6600,    9900 ]      985   0.113%  99.694% 
(    9900,   14000 ]      638   0.073%  99.768% 
(   14000,   22000 ]      832   0.095%  99.863% 
(   22000,   33000 ]      884   0.101%  99.964% 
(   33000,   50000 ]      888   0.102% 100.066% 
(   50000,   75000 ]      861   0.099% 100.165% 
(   75000,  110000 ]      768   0.088% 100.253% 
(  110000,  170000 ]      720   0.083% 100.336% 
(  170000,  250000 ]      364   0.042% 100.377% 
(  250000,  380000 ]      193   0.022% 100.399% 
(  380000,  570000 ]      107   0.012% 100.412% 
(  570000,  860000 ]       22   0.003% 100.414% 
(  860000, 1200000 ]        9   0.001% 100.415% 
( 1200000, 1900000 ]       13   0.001% 100.417% 
( 1900000, 2900000 ]        1   0.000% 100.417% 
( 2900000, 4300000 ]       10   0.001% 100.418% 
( 4300000, 6500000 ]        4   0.000% 100.418% 


** DB Stats **
Uptime(secs): 62.4 total, 1.7 interval
Cumulative writes: 0 writes, 0 keys, 0 commit groups, 0.0 writes per commit group, ingest: 0.00 GB, 0.00 MB/s
Cumulative WAL: 0 writes, 0 syncs, 0.00 writes per sync, written: 0.00 GB, 0.00 MB/s
Cumulative stall: 00:00:0.000 H:M:S, 0.0 percent
Interval writes: 0 writes, 0 keys, 0 commit groups, 0.0 writes per commit group, ingest: 0.00 MB, 0.00 MB/s
Interval WAL: 0 writes, 0 syncs, 0.00 writes per sync, written: 0.00 GB, 0.00 MB/s
Interval stall: 00:00:0.000 H:M:S, 0.0 percent
Write Stall (count): write-buffer-manager-limit-stops: 0
num-running-compactions: 18
num-running-flushes: 0

2026/08/31-01:18:30  ... thread 7: (23000,44000) ops and (739.3,713.5) ops/second in (31.109670,61.666621) seconds
2026/08/31-01:18:30  ... thread 8: (23000,44000) ops and (737.0,713.3) ops/second in (31.205914,61.685398) seconds
2026/08/31-01:18:30  ... thread 2: (23000,44000) ops and (739.0,713.0) ops/second in (31.121540,61.713406) seconds
2026/08/31-01:18:30  ... thread 10: (23000,44000) ops and (735.5,712.7) ops/second in (31.271157,61.738609) seconds
2026/08/31-01:18:30  ... thread 14: (23000,44000) ops and (731.1,712.6) ops/second in (31.458738,61.747615) seconds
2026/08/31-01:18:30  ... thread 13: (23000,44000) ops and (732.8,712.3) ops/second in (31.384608,61.775209) seconds
2026/08/31-01:18:30  ... thread 4: (23000,44000) ops and (734.7,712.0) ops/second in (31.304015,61.795004) seconds
2026/08/31-01:18:30  ... thread 3: (23000,44000) ops and (732.4,712.0) ops/second in (31.405343,61.798709) seconds
2026/08/31-01:18:30  ... thread 9: (23000,44000) ops and (733.8,711.8) ops/second in (31.343395,61.814954) seconds
2026/08/31-01:18:30  ... thread 5: (23000,44000) ops and (736.1,711.6) ops/second in (31.244766,61.830806) seconds
2026/08/31-01:18:30  ... thread 15: (24000,45000) ops and (753.2,725.8) ops/second in (31.864787,61.999104) seconds
2026/08/31-01:19:00  ... thread 12: (110000,153000) ops and (3661.4,1670.6) ops/second in (30.043439,91.585162) seconds
2026/08/31-01:19:00  ... thread 1: (111000,154000) ops and (3696.7,1680.4) ops/second in (30.027162,91.643529) seconds
2026/08/31-01:19:00  ... thread 8: (111000,155000) ops and (3696.0,1690.0) ops/second in (30.032565,91.717963) seconds
2026/08/31-01:19:00  ... thread 0: (111000,155000) ops and (3692.1,1689.8) ops/second in (30.063968,91.725571) seconds

** Compaction Stats [default] **
Level    Files   Size     Score Read(GB)  Rn(GB) Rnp1(GB) Write(GB) WPreComp(GB) Wnew(GB) Moved(GB) W-Amp Rd(MB/s) Wr(MB/s) Comp(sec) CompMergeCPU(sec) Comp(cnt) Avg(sec) KeyIn KeyDrop Rblob(GB) Wblob(GB)
-------------------------------------------------------------------------------------------------------------------------------------------------------------------------------------------------------------
  L0      0/0      0.00 KB   0.0      0.6     0.0      0.6       0.7       0.7      0.1       0.0   7.5     40.4     46.4     14.47              1.82         3    4.823    669K   1494       0.0       0.0
  L1      4/0    238.34 MB   0.9      0.8     0.6      0.2       0.8       0.8      0.6       0.0   1.4     69.1     68.9     11.72              3.17         1   11.722    804K   1265       0.0       0.0
  L2     43/0      2.42 GB   1.0      6.2     1.4      4.8       6.1       6.1      1.4       0.0   4.3     30.7     30.5    206.71             20.85        28    7.382   6305K    46K       0.0       0.0
  L3    406/1     25.10 GB   1.0     11.6     2.4      9.2      11.0      11.0      1.8       0.1   4.6     15.4     14.6    773.01             64.00        43   17.977     11M   646K       0.0       0.0
  L4    842/2     48.73 GB   0.2      5.7     3.2      2.5       4.6       4.6      2.2       0.0   1.4     22.1     18.0    264.37             29.50        40    6.609   5812K  1089K       0.0       0.0
 Sum   1295/3     76.48 GB   0.0     24.9     7.6     17.3      23.2      23.2      5.9       0.1 266.5     20.1     18.7   1270.27            119.33       115   11.046     25M  1785K       0.0       0.0
 Int      0/0      0.00 KB   0.0      9.3     2.6      6.7       8.5       8.5      1.8       0.0 9142027410.0     21.8     19.9    438.61             48.15        39   11.246   9510K   845K       0.0       0.0

** Compaction Stats [default] **
Priority    Files   Size     Score Read(GB)  Rn(GB) Rnp1(GB) Write(GB) WPreComp(GB) Wnew(GB) Moved(GB) W-Amp Rd(MB/s) Wr(MB/s) Comp(sec) CompMergeCPU(sec) Comp(cnt) Avg(sec) KeyIn KeyDrop Rblob(GB) Wblob(GB)
----------------------------------------------------------------------------------------------------------------------------------------------------------------------------------------------------------------
 Low      0/0      0.00 KB   0.0     24.9     7.6     17.3      23.1      23.1      5.9       0.0   0.0     20.1     18.7   1270.08            119.33       113   11.240     25M  1785K       0.0       0.0
User      0/0      0.00 KB   0.0      0.0     0.0      0.0       0.1       0.1      0.1       0.0   0.0      0.0    474.8      0.19              0.00         2    0.094     88K      0       0.0       0.0

Blob file count: 0, total size: 0.0 GB, garbage size: 0.0 GB, space amp: 0.0

Uptime(secs): 92.4 total, 31.7 interval
Flush(GB): cumulative 0.087, interval 0.000
AddFile(GB): cumulative 0.000, interval 0.000
AddFile(Total Files): cumulative 0, interval 0
AddFile(L0 Files): cumulative 0, interval 0
AddFile(Keys): cumulative 0, interval 0
Cumulative compaction: 23.22 GB write, 257.29 MB/s write, 24.89 GB read, 275.77 MB/s read, 1270.3 seconds
Interval compaction: 8.51 GB write, 274.90 MB/s write, 9.34 GB read, 301.72 MB/s read, 438.6 seconds
Estimated pending compaction bytes: 309664850
Write Stall (count): cf-l0-file-count-limit-delays-with-ongoing-compaction: 0, cf-l0-file-count-limit-stops-with-ongoing-compaction: 0, l0-file-count-limit-delays: 0, l0-file-count-limit-stops: 0, memtable-limit-delays: 0, memtable-limit-stops: 0, pending-compaction-bytes-delays: 0, pending-compaction-bytes-stops: 0, total-delays: 0, total-stops: 0
Block cache AutoHyperClockCache@0x59b7b3b422d0#1989753 capacity: 512.00 MB seed: 1546246571 usage: 64.00 KB table_size: 1024 occupancy: 1 collections: 1 last_copies: 1 last_secs: 0.000105 secs_since: 91
Block cache entry stats(count,size,portion): Misc(1,0.00 KB,0%)

** File Read Latency Histogram By Level [default] **
** Level 0 read latency histogram (micros):
Count: 860297 Average: 3.8049  StdDev: 6.56
Min: 0  Median: 3.1092  Max: 1449
Percentiles: P50: 3.11 P75: 3.89 P99: 8.84 P99.9: 12.90 P99.99: 14.05
------------------------------------------------------
[       0,       1 ]    40795   4.742%   4.742% #
(       1,       2 ]   137804  16.018%  20.760% ###
(       2,       3 ]   221507  25.748%  46.508% #####
(       3,       4 ]   275087  31.976%  78.484% ######
(       4,       6 ]   162196  18.853%  97.337% ####
(       6,      10 ]    20115   2.338%  99.675% 
(      10,      15 ]     3338   0.388% 100.063% 
(      15,      22 ]     3195   0.371% 100.435% 
(      22,      34 ]      590   0.069% 100.503% 
(      34,      51 ]      134   0.016% 100.519% 
(      51,      76 ]       50   0.006% 100.525% 
(      76,     110 ]       44   0.005% 100.530% 
(     110,     170 ]       45   0.005% 100.535% 
(     170,     250 ]       38   0.004% 100.539% 
(     250,     380 ]       36   0.004% 100.544% 
(     380,     580 ]       19   0.002% 100.546% 
(     580,     870 ]       12   0.001% 100.547% 
(     870,    1300 ]       14   0.002% 100.549% 
(    1300,    1900 ]        2   0.000% 100.549% 

** Level 1 read latency histogram (micros):
Count: 1186902 Average: 3.5785  StdDev: 3.68
Min: 0  Median: 3.1944  Max: 1388
Percentiles: P50: 3.19 P75: 3.96 P99: 9.11 P99.9: 14.30 P99.99: 16.45
------------------------------------------------------
[       0,       1 ]   170319  14.350%  14.350% ###
(       1,       2 ]   195454  16.468%  30.817% ###
(       2,       3 ]   151908  12.799%  43.616% ###
(       3,       4 ]   389776  32.840%  76.456% #######
(       4,       6 ]   240258  20.242%  96.698% ####
(       6,      10 ]    35094   2.957%  99.655% #
(      10,      15 ]     3377   0.285%  99.940% 
(      15,      22 ]     2876   0.242% 100.182% 
(      22,      34 ]      451   0.038% 100.220% 
(      34,      51 ]       57   0.005% 100.225% 
(      51,      76 ]       19   0.002% 100.226% 
(      76,     110 ]       27   0.002% 100.229% 
(     110,     170 ]       13   0.001% 100.230% 
(     170,     250 ]        8   0.001% 100.230% 
(     250,     380 ]        6   0.001% 100.231% 
(     380,     580 ]       10   0.001% 100.232% 
(     580,     870 ]        5   0.000% 100.232% 
(     870,    1300 ]        4   0.000% 100.233% 
(    1300,    1900 ]        1   0.000% 100.233% 

** Level 2 read latency histogram (micros):
Count: 3541864 Average: 3.3699  StdDev: 100.12
Min: 0  Median: 2.6601  Max: 86371
Percentiles: P50: 2.66 P75: 3.78 P99: 7.88 P99.9: 9.62 P99.99: 9.80
------------------------------------------------------
[       0,       1 ]   790016  22.305%  22.305% ####
(       1,       2 ]   685713  19.360%  41.665% ####
(       2,       3 ]   447227  12.627%  54.292% ###
(       3,       4 ]   944009  26.653%  80.945% #####
(       4,       6 ]   605041  17.083%  98.028% ###
(       6,      10 ]    73188   2.066% 100.094% 
(      10,      15 ]     8741   0.247% 100.341% 
(      15,      22 ]     6674   0.188% 100.529% 
(      22,      34 ]      929   0.026% 100.555% 
(      34,      51 ]      114   0.003% 100.559% 
(      51,      76 ]       70   0.002% 100.561% 
(      76,     110 ]       96   0.003% 100.563% 
(     110,     170 ]       21   0.001% 100.564% 
(     170,     250 ]        9   0.000% 100.564% 
(     250,     380 ]        4   0.000% 100.564% 
(     380,     580 ]       16   0.000% 100.565% 
(     580,     870 ]       20   0.001% 100.565% 
(     870,    1300 ]       24   0.001% 100.566% 
(    1300,    1900 ]        3   0.000% 100.566% 
(    1900,    2900 ]        1   0.000% 100.566% 
(    2900,    4400 ]        2   0.000% 100.566% 
(    9900,   14000 ]        2   0.000% 100.566% 
(   14000,   22000 ]        1   0.000% 100.566% 
(   22000,   33000 ]        3   0.000% 100.566% 
(   50000,   75000 ]        6   0.000% 100.567% 
(   75000,  110000 ]        1   0.000% 100.567% 

** Level 3 read latency histogram (micros):
Count: 5373744 Average: 108.1893  StdDev: 6695.21
Min: 0  Median: 2.7955  Max: 4573589
Percentiles: P50: 2.80 P75: 4.01 P99: 435.31 P99.9: 717.11 P99.99: 768.52
------------------------------------------------------
[       0,       1 ]   847919  15.779%  15.779% ###
(       1,       2 ]  1230296  22.895%  38.674% #####
(       2,       3 ]   765115  14.238%  52.912% ###
(       3,       4 ]  1184528  22.043%  74.954% ####
(       4,       6 ]   846184  15.747%  90.701% ###
(       6,      10 ]    97479   1.814%  92.515% 
(      10,      15 ]    12591   0.234%  92.749% 
(      15,      22 ]     8246   0.153%  92.903% 
(      22,      34 ]     1974   0.037%  92.940% 
(      34,      51 ]     1832   0.034%  92.974% 
(      51,      76 ]     4254   0.079%  93.053% 
(      76,     110 ]    14631   0.272%  93.325% 
(     110,     170 ]   157551   2.932%  96.257% #
(     170,     250 ]    68957   1.283%  97.540% 
(     250,     380 ]    64894   1.208%  98.748% 
(     380,     580 ]    49022   0.912%  99.660% 
(     580,     870 ]    27281   0.508% 100.168% 
(     870,    1300 ]    12770   0.238% 100.405% 
(    1300,    1900 ]     7925   0.147% 100.553% 
(    1900,    2900 ]     7463   0.139% 100.692% 
(    2900,    4400 ]     2619   0.049% 100.740% 
(    4400,    6600 ]     1573   0.029% 100.770% 
(    6600,    9900 ]      736   0.014% 100.783% 
(    9900,   14000 ]      405   0.008% 100.791% 
(   14000,   22000 ]      530   0.010% 100.801% 
(   22000,   33000 ]      501   0.009% 100.810% 
(   33000,   50000 ]      535   0.010% 100.820% 
(   50000,   75000 ]      481   0.009% 100.829% 
(   75000,  110000 ]      376   0.007% 100.836% 
(  110000,  170000 ]      506   0.009% 100.845% 
(  170000,  250000 ]      266   0.005% 100.850% 
(  250000,  380000 ]      178   0.003% 100.854% 
(  380000,  570000 ]       78   0.001% 100.855% 
(  570000,  860000 ]       33   0.001% 100.856% 
(  860000, 1200000 ]        8   0.000% 100.856% 
( 1200000, 1900000 ]        6   0.000% 100.856% 
( 2900000, 4300000 ]        8   0.000% 100.856% 
( 4300000, 6500000 ]        1   0.000% 100.856% 

** Level 4 read latency histogram (micros):
Count: 2419213 Average: 474.5191  StdDev: 12970.76
Min: 0  Median: 124.1861  Max: 4948361
Percentiles: P50: 124.19 P75: 200.31 P99: 1972.09 P99.9: 4075.49 P99.99: 5076.98
------------------------------------------------------
[       0,       1 ]   198742   8.215%   8.215% ##
(       1,       2 ]   236733   9.786%  18.001% ##
(       2,       3 ]   118378   4.893%  22.894% #
(       3,       4 ]   227004   9.383%  32.277% ##
(       4,       6 ]   208192   8.606%  40.883% ##
(       6,      10 ]    27087   1.120%  42.003% 
(      10,      15 ]     2737   0.113%  42.116% 
(      15,      22 ]     1683   0.070%  42.185% 
(      22,      34 ]      629   0.026%  42.211% 
(      34,      51 ]     1483   0.061%  42.273% 
(      51,      76 ]     2006   0.083%  42.356% 
(      76,     110 ]    26311   1.088%  43.443% 
(     110,     170 ]   670892  27.732%  71.175% ######
(     170,     250 ]   244231  10.095%  81.271% ##
(     250,     380 ]   196718   8.131%  89.402% ##
(     380,     580 ]   124594   5.150%  94.552% #
(     580,     870 ]    58701   2.426%  96.979% 
(     870,    1300 ]    28934   1.196%  98.175% 
(    1300,    1900 ]    18613   0.769%  98.944% 
(    1900,    2900 ]    18822   0.778%  99.722% 
(    2900,    4400 ]     5497   0.227%  99.949% 
(    4400,    6600 ]     3211   0.133% 100.082% 
(    6600,    9900 ]     1390   0.057% 100.140% 
(    9900,   14000 ]      818   0.034% 100.173% 
(   14000,   22000 ]     1015   0.042% 100.215% 
(   22000,   33000 ]     1037   0.043% 100.258% 
(   33000,   50000 ]     1053   0.044% 100.302% 
(   50000,   75000 ]     1003   0.041% 100.343% 
(   75000,  110000 ]      871   0.036% 100.379% 
(  110000,  170000 ]      846   0.035% 100.414% 
(  170000,  250000 ]      408   0.017% 100.431% 
(  250000,  380000 ]      244   0.010% 100.441% 
(  380000,  570000 ]      133   0.005% 100.447% 
(  570000,  860000 ]       38   0.002% 100.448% 
(  860000, 1200000 ]        9   0.000% 100.448% 
( 1200000, 1900000 ]       13   0.001% 100.449% 
( 1900000, 2900000 ]        3   0.000% 100.449% 
( 2900000, 4300000 ]       10   0.000% 100.450% 
( 4300000, 6500000 ]        4   0.000% 100.450% 


** DB Stats **
Uptime(secs): 92.4 total, 30.1 interval
Cumulative writes: 0 writes, 0 keys, 0 commit groups, 0.0 writes per commit group, ingest: 0.00 GB, 0.00 MB/s
Cumulative WAL: 0 writes, 0 syncs, 0.00 writes per sync, written: 0.00 GB, 0.00 MB/s
Cumulative stall: 00:00:0.000 H:M:S, 0.0 percent
Interval writes: 0 writes, 0 keys, 0 commit groups, 0.0 writes per commit group, ingest: 0.00 MB, 0.00 MB/s
Interval WAL: 0 writes, 0 syncs, 0.00 writes per sync, written: 0.00 GB, 0.00 MB/s
Interval stall: 00:00:0.000 H:M:S, 0.0 percent
Write Stall (count): write-buffer-manager-limit-stops: 0
num-running-compactions: 1
num-running-flushes: 0

2026/08/31-01:19:00  ... thread 14: (111000,155000) ops and (3696.0,1688.8) ops/second in (30.032116,91.779731) seconds
2026/08/31-01:19:00  ... thread 10: (110000,154000) ops and (3659.8,1677.7) ops/second in (30.056327,91.794936) seconds
2026/08/31-01:19:00  ... thread 11: (112000,156000) ops and (3716.5,1699.4) ops/second in (30.135652,91.796049) seconds
2026/08/31-01:19:00  ... thread 6: (112000,156000) ops and (3716.5,1699.4) ops/second in (30.136244,91.796544) seconds
2026/08/31-01:19:00  ... thread 13: (111000,155000) ops and (3696.2,1688.3) ops/second in (30.031128,91.806337) seconds
2026/08/31-01:19:00  ... thread 7: (112000,156000) ops and (3715.9,1699.2) ops/second in (30.140941,91.807562) seconds
2026/08/31-01:19:00  ... thread 4: (111000,155000) ops and (3696.1,1688.0) ops/second in (30.031760,91.826764) seconds
2026/08/31-01:19:00  ... thread 2: (111000,155000) ops and (3682.7,1687.5) ops/second in (30.140786,91.854192) seconds
2026/08/31-01:19:00  ... thread 3: (112000,156000) ops and (3722.3,1697.7) ops/second in (30.088583,91.887292) seconds
2026/08/31-01:19:00  ... thread 9: (111000,155000) ops and (3690.4,1686.8) ops/second in (30.077668,91.892622) seconds
2026/08/31-01:19:00  ... thread 5: (112000,156000) ops and (3720.1,1696.8) ops/second in (30.106656,91.937462) seconds
2026/08/31-01:19:01  ... thread 15: (113000,158000) ops and (3751.8,1715.2) ops/second in (30.118959,92.118063) seconds
2026/08/31-01:19:30  ... thread 1: (207000,361000) ops and (6887.7,2966.4) ops/second in (30.053718,121.697247) seconds
2026/08/31-01:19:30  ... thread 12: (207000,360000) ops and (6872.0,2957.9) ops/second in (30.122207,121.707369) seconds
2026/08/31-01:19:30  ... thread 8: (207000,362000) ops and (6890.7,2973.1) ops/second in (30.040591,121.758554) seconds
2026/08/31-01:19:30  ... thread 7: (207000,363000) ops and (6894.7,2979.5) ops/second in (30.023252,121.830814) seconds
2026/08/31-01:19:30  ... thread 6: (205000,361000) ops and (6821.9,2962.7) ops/second in (30.050212,121.846756) seconds
2026/08/31-01:19:30  ... thread 0: (207000,362000) ops and (6870.9,2970.8) ops/second in (30.127104,121.852675) seconds

** Compaction Stats [default] **
Level    Files   Size     Score Read(GB)  Rn(GB) Rnp1(GB) Write(GB) WPreComp(GB) Wnew(GB) Moved(GB) W-Amp Rd(MB/s) Wr(MB/s) Comp(sec) CompMergeCPU(sec) Comp(cnt) Avg(sec) KeyIn KeyDrop Rblob(GB) Wblob(GB)
-------------------------------------------------------------------------------------------------------------------------------------------------------------------------------------------------------------
  L0      0/0      0.00 KB   0.0      0.6     0.0      0.6       0.7       0.7      0.1       0.0   7.5     40.4     46.4     14.47              1.82         3    4.823    669K   1494       0.0       0.0
  L1      4/0    238.34 MB   0.9      0.8     0.6      0.2       0.8       0.8      0.6       0.0   1.4     69.1     68.9     11.72              3.17         1   11.722    804K   1265       0.0       0.0
  L2     43/0      2.42 GB   1.0      6.2     1.4      4.8       6.1       6.1      1.4       0.0   4.3     30.7     30.5    206.71             20.85        28    7.382   6305K    46K       0.0       0.0
  L3    405/0     25.00 GB   1.0     11.6     2.4      9.2      11.0      11.0      1.8       0.1   4.6     15.4     14.6    773.01             64.00        43   17.977     11M   646K       0.0       0.0
  L4    843/0     48.80 GB   0.2      5.9     3.3      2.6       4.8       4.8      2.2       0.0   1.4     22.8     18.5    265.30             30.11        41    6.471   6003K  1126K       0.0       0.0
 Sum   1295/0     76.44 GB   0.0     25.1     7.7     17.4      23.4      23.4      6.0       0.1 268.2     20.2     18.8   1271.21            119.95       116   10.959     25M  1822K       0.0       0.0
 Int      0/0      0.00 KB   0.0      0.0     0.0      0.0       0.0       0.0      0.0       0.0   0.0      0.0      0.0      0.00              0.00         0    0.000       0      0       0.0       0.0

** Compaction Stats [default] **
Priority    Files   Size     Score Read(GB)  Rn(GB) Rnp1(GB) Write(GB) WPreComp(GB) Wnew(GB) Moved(GB) W-Amp Rd(MB/s) Wr(MB/s) Comp(sec) CompMergeCPU(sec) Comp(cnt) Avg(sec) KeyIn KeyDrop Rblob(GB) Wblob(GB)
----------------------------------------------------------------------------------------------------------------------------------------------------------------------------------------------------------------
 Low      0/0      0.00 KB   0.0     25.1     7.7     17.4      23.3      23.3      5.9       0.0   0.0     20.2     18.8   1271.02            119.95       114   11.149     25M  1822K       0.0       0.0
User      0/0      0.00 KB   0.0      0.0     0.0      0.0       0.1       0.1      0.1       0.0   0.0      0.0    474.8      0.19              0.00         2    0.094     88K      0       0.0       0.0

Blob file count: 0, total size: 0.0 GB, garbage size: 0.0 GB, space amp: 0.0

Uptime(secs): 122.6 total, 1.8 interval
Flush(GB): cumulative 0.087, interval 0.000
AddFile(GB): cumulative 0.000, interval 0.000
AddFile(Total Files): cumulative 0, interval 0
AddFile(L0 Files): cumulative 0, interval 0
AddFile(Keys): cumulative 0, interval 0
Cumulative compaction: 23.37 GB write, 195.31 MB/s write, 25.08 GB read, 209.54 MB/s read, 1271.2 seconds
Interval compaction: 0.00 GB write, 0.00 MB/s write, 0.00 GB read, 0.00 MB/s read, 0.0 seconds
Estimated pending compaction bytes: 0
Write Stall (count): cf-l0-file-count-limit-delays-with-ongoing-compaction: 0, cf-l0-file-count-limit-stops-with-ongoing-compaction: 0, l0-file-count-limit-delays: 0, l0-file-count-limit-stops: 0, memtable-limit-delays: 0, memtable-limit-stops: 0, pending-compaction-bytes-delays: 0, pending-compaction-bytes-stops: 0, total-delays: 0, total-stops: 0
Block cache AutoHyperClockCache@0x59b7b3b422d0#1989753 capacity: 512.00 MB seed: 1546246571 usage: 64.00 KB table_size: 1024 occupancy: 1 collections: 1 last_copies: 2 last_secs: 0.000105 secs_since: 121
Block cache entry stats(count,size,portion): Misc(1,0.00 KB,0%)

** File Read Latency Histogram By Level [default] **
** Level 0 read latency histogram (micros):
Count: 860297 Average: 3.8049  StdDev: 6.56
Min: 0  Median: 3.1092  Max: 1449
Percentiles: P50: 3.11 P75: 3.89 P99: 8.84 P99.9: 12.90 P99.99: 14.05
------------------------------------------------------
[       0,       1 ]    40795   4.742%   4.742% #
(       1,       2 ]   137804  16.018%  20.760% ###
(       2,       3 ]   221507  25.748%  46.508% #####
(       3,       4 ]   275087  31.976%  78.484% ######
(       4,       6 ]   162196  18.853%  97.337% ####
(       6,      10 ]    20115   2.338%  99.675% 
(      10,      15 ]     3338   0.388% 100.063% 
(      15,      22 ]     3195   0.371% 100.435% 
(      22,      34 ]      590   0.069% 100.503% 
(      34,      51 ]      134   0.016% 100.519% 
(      51,      76 ]       50   0.006% 100.525% 
(      76,     110 ]       44   0.005% 100.530% 
(     110,     170 ]       45   0.005% 100.535% 
(     170,     250 ]       38   0.004% 100.539% 
(     250,     380 ]       36   0.004% 100.544% 
(     380,     580 ]       19   0.002% 100.546% 
(     580,     870 ]       12   0.001% 100.547% 
(     870,    1300 ]       14   0.002% 100.549% 
(    1300,    1900 ]        2   0.000% 100.549% 

** Level 1 read latency histogram (micros):
Count: 2037494 Average: 3.8495  StdDev: 2.93
Min: 0  Median: 3.4057  Max: 1388
Percentiles: P50: 3.41 P75: 3.98 P99: 8.89 P99.9: 14.04 P99.99: 16.31
------------------------------------------------------
[       0,       1 ]   170518   8.369%   8.369% ##
(       1,       2 ]   208948  10.255%  18.624% ##
(       2,       3 ]   278657  13.676%  32.301% ###
(       3,       4 ]   888866  43.625%  75.926% #########
(       4,       6 ]   434757  21.338%  97.264% ####
(       6,      10 ]    48973   2.404%  99.667% 
(      10,      15 ]     5870   0.288%  99.956% 
(      15,      22 ]     3751   0.184% 100.140% 
(      22,      34 ]      516   0.025% 100.165% 
(      34,      51 ]       70   0.003% 100.168% 
(      51,      76 ]       22   0.001% 100.170% 
(      76,     110 ]       43   0.002% 100.172% 
(     110,     170 ]       15   0.001% 100.172% 
(     170,     250 ]        8   0.000% 100.173% 
(     250,     380 ]        6   0.000% 100.173% 
(     380,     580 ]       10   0.000% 100.174% 
(     580,     870 ]        5   0.000% 100.174% 
(     870,    1300 ]        4   0.000% 100.174% 
(    1300,    1900 ]        1   0.000% 100.174% 

** Level 2 read latency histogram (micros):
Count: 5619616 Average: 3.7781  StdDev: 79.57
Min: 0  Median: 3.2835  Max: 86371
Percentiles: P50: 3.28 P75: 3.93 P99: 8.13 P99.9: 9.92 P99.99: 10.88
------------------------------------------------------
[       0,       1 ]   790319  14.064%  14.064% ###
(       1,       2 ]   708811  12.613%  26.677% ###
(       2,       3 ]   694641  12.361%  39.038% ##
(       3,       4 ]  2173078  38.670%  77.707% ########
(       4,       6 ]  1136115  20.217%  97.924% ####
(       6,      10 ]   113439   2.019%  99.943% 
(      10,      15 ]    14993   0.267% 100.210% 
(      15,      22 ]     8796   0.157% 100.366% 
(      22,      34 ]     1105   0.020% 100.386% 
(      34,      51 ]      145   0.003% 100.388% 
(      51,      76 ]       77   0.001% 100.390% 
(      76,     110 ]      245   0.004% 100.394% 
(     110,     170 ]     2200   0.039% 100.433% 
(     170,     250 ]      249   0.004% 100.438% 
(     250,     380 ]       31   0.001% 100.438% 
(     380,     580 ]       16   0.000% 100.439% 
(     580,     870 ]       20   0.000% 100.439% 
(     870,    1300 ]       24   0.000% 100.439% 
(    1300,    1900 ]        8   0.000% 100.439% 
(    1900,    2900 ]        3   0.000% 100.440% 
(    2900,    4400 ]        2   0.000% 100.440% 
(    9900,   14000 ]        2   0.000% 100.440% 
(   14000,   22000 ]        1   0.000% 100.440% 
(   22000,   33000 ]        3   0.000% 100.440% 
(   50000,   75000 ]        6   0.000% 100.440% 
(   75000,  110000 ]        1   0.000% 100.440% 

** Level 3 read latency histogram (micros):
Count: 8363619 Average: 82.8127  StdDev: 5367.02
Min: 0  Median: 3.4614  Max: 4573589
Percentiles: P50: 3.46 P75: 4.93 P99: 329.99 P99.9: 575.25 P99.99: 647.44
------------------------------------------------------
[       0,       1 ]   849099  10.152%  10.152% ##
(       1,       2 ]  1242217  14.853%  25.005% ###
(       2,       3 ]   924652  11.056%  36.061% ##
(       3,       4 ]  2526776  30.212%  66.272% ######
(       4,       6 ]  1574558  18.826%  85.098% ####
(       6,      10 ]   153722   1.838%  86.936% 
(      10,      15 ]    19879   0.238%  87.174% 
(      15,      22 ]    10869   0.130%  87.304% 
(      22,      34 ]     2143   0.026%  87.330% 
(      34,      51 ]     1863   0.022%  87.352% 
(      51,      76 ]     4275   0.051%  87.403% 
(      76,     110 ]    44584   0.533%  87.936% 
(     110,     170 ]   733725   8.773%  96.709% ##
(     170,     250 ]   148072   1.770%  98.479% 
(     250,     380 ]    70782   0.846%  99.326% 
(     380,     580 ]    49210   0.588%  99.914% 
(     580,     870 ]    27343   0.327% 100.241% 
(     870,    1300 ]    13238   0.158% 100.399% 
(    1300,    1900 ]     8390   0.100% 100.500% 
(    1900,    2900 ]     8012   0.096% 100.595% 
(    2900,    4400 ]     2691   0.032% 100.627% 
(    4400,    6600 ]     1600   0.019% 100.647% 
(    6600,    9900 ]      833   0.010% 100.657% 
(    9900,   14000 ]      405   0.005% 100.661% 
(   14000,   22000 ]      530   0.006% 100.668% 
(   22000,   33000 ]      501   0.006% 100.674% 
(   33000,   50000 ]      535   0.006% 100.680% 
(   50000,   75000 ]      481   0.006% 100.686% 
(   75000,  110000 ]      376   0.004% 100.690% 
(  110000,  170000 ]      506   0.006% 100.696% 
(  170000,  250000 ]      266   0.003% 100.700% 
(  250000,  380000 ]      178   0.002% 100.702% 
(  380000,  570000 ]       78   0.001% 100.703% 
(  570000,  860000 ]       33   0.000% 100.703% 
(  860000, 1200000 ]        8   0.000% 100.703% 
( 1200000, 1900000 ]        6   0.000% 100.703% 
( 2900000, 4300000 ]        8   0.000% 100.703% 
( 4300000, 6500000 ]        1   0.000% 100.703% 

** Level 4 read latency histogram (micros):
Count: 4834793 Average: 283.8829  StdDev: 9177.51
Min: 0  Median: 122.1032  Max: 4948361
Percentiles: P50: 122.10 P75: 159.71 P99: 1123.39 P99.9: 2512.34 P99.99: 2734.56
------------------------------------------------------
[       0,       1 ]   200221   4.141%   4.141% #
(       1,       2 ]   239405   4.952%   9.093% #
(       2,       3 ]   141080   2.918%  12.011% #
(       3,       4 ]   666269  13.781%  25.792% ###
(       4,       6 ]   607152  12.558%  38.350% ###
(       6,      10 ]    66739   1.380%  39.730% 
(      10,      15 ]     5879   0.122%  39.852% 
(      15,      22 ]     2861   0.059%  39.911% 
(      22,      34 ]      722   0.015%  39.926% 
(      34,      51 ]     1520   0.031%  39.957% 
(      51,      76 ]     2030   0.042%  39.999% 
(      76,     110 ]    94554   1.956%  41.955% 
(     110,     170 ]  1928240  39.883%  81.837% ########
(     170,     250 ]   418091   8.648%  90.485% ##
(     250,     380 ]   210241   4.349%  94.834% #
(     380,     580 ]   125156   2.589%  97.422% #
(     580,     870 ]    58816   1.217%  98.639% 
(     870,    1300 ]    29647   0.613%  99.252% 
(    1300,    1900 ]    19346   0.400%  99.652% 
(    1900,    2900 ]    19581   0.405% 100.057% 
(    2900,    4400 ]     5634   0.117% 100.174% 
(    4400,    6600 ]     3267   0.068% 100.241% 
(    6600,    9900 ]     1600   0.033% 100.274% 
(    9900,   14000 ]      818   0.017% 100.291% 
(   14000,   22000 ]     1016   0.021% 100.312% 
(   22000,   33000 ]     1037   0.021% 100.334% 
(   33000,   50000 ]     1053   0.022% 100.355% 
(   50000,   75000 ]     1003   0.021% 100.376% 
(   75000,  110000 ]      871   0.018% 100.394% 
(  110000,  170000 ]      846   0.017% 100.412% 
(  170000,  250000 ]      408   0.008% 100.420% 
(  250000,  380000 ]      244   0.005% 100.425% 
(  380000,  570000 ]      133   0.003% 100.428% 
(  570000,  860000 ]       38   0.001% 100.429% 
(  860000, 1200000 ]        9   0.000% 100.429% 
( 1200000, 1900000 ]       13   0.000% 100.429% 
( 1900000, 2900000 ]        3   0.000% 100.429% 
( 2900000, 4300000 ]       10   0.000% 100.429% 
( 4300000, 6500000 ]        4   0.000% 100.429% 


** DB Stats **
Uptime(secs): 122.6 total, 1.8 interval
Cumulative writes: 0 writes, 0 keys, 0 commit groups, 0.0 writes per commit group, ingest: 0.00 GB, 0.00 MB/s
Cumulative WAL: 0 writes, 0 syncs, 0.00 writes per sync, written: 0.00 GB, 0.00 MB/s
Cumulative stall: 00:00:0.000 H:M:S, 0.0 percent
Interval writes: 0 writes, 0 keys, 0 commit groups, 0.0 writes per commit group, ingest: 0.00 MB, 0.00 MB/s
Interval WAL: 0 writes, 0 syncs, 0.00 writes per sync, written: 0.00 GB, 0.00 MB/s
Interval stall: 00:00:0.000 H:M:S, 0.0 percent
Write Stall (count): write-buffer-manager-limit-stops: 0
num-running-compactions: 0
num-running-flushes: 0

2026/08/31-01:19:30  ... thread 13: (206000,361000) ops and (6854.2,2962.4) ops/second in (30.054726,121.861063) seconds
2026/08/31-01:19:30  ... thread 4: (207000,362000) ops and (6891.5,2970.5) ops/second in (30.036838,121.863602) seconds
2026/08/31-01:19:30  ... thread 10: (207000,361000) ops and (6876.6,2961.5) ops/second in (30.101928,121.896864) seconds
2026/08/31-01:19:30  ... thread 3: (206000,362000) ops and (6862.8,2969.5) ops/second in (30.016959,121.904251) seconds
2026/08/31-01:19:30  ... thread 14: (207000,362000) ops and (6870.1,2969.4) ops/second in (30.130607,121.910338) seconds
2026/08/31-01:19:30  ... thread 11: (207000,363000) ops and (6871.7,2977.4) ops/second in (30.123562,121.919611) seconds
2026/08/31-01:19:30  ... thread 2: (207000,362000) ops and (6876.7,2968.3) ops/second in (30.101839,121.956031) seconds
2026/08/31-01:19:30  ... thread 9: (207000,362000) ops and (6880.3,2967.7) ops/second in (30.085730,121.978352) seconds
2026/08/31-01:19:30  ... thread 5: (207000,363000) ops and (6888.0,2975.7) ops/second in (30.052481,121.989943) seconds
2026/08/31-01:19:31  ... thread 15: (205000,363000) ops and (6826.3,2971.8) ops/second in (30.030905,122.148968) seconds
2026/08/31-01:20:00  ... thread 1: (196000,557000) ops and (6518.4,3670.1) ops/second in (30.068820,151.766067) seconds
2026/08/31-01:20:00  ... thread 8: (195000,557000) ops and (6496.4,3669.9) ops/second in (30.016628,151.775182) seconds
2026/08/31-01:20:00  ... thread 12: (196000,556000) ops and (6508.7,3662.2) ops/second in (30.113570,151.820939) seconds
2026/08/31-01:20:00  ... thread 0: (196000,558000) ops and (6532.6,3674.5) ops/second in (30.003244,151.855919) seconds

** Compaction Stats [default] **
Level    Files   Size     Score Read(GB)  Rn(GB) Rnp1(GB) Write(GB) WPreComp(GB) Wnew(GB) Moved(GB) W-Amp Rd(MB/s) Wr(MB/s) Comp(sec) CompMergeCPU(sec) Comp(cnt) Avg(sec) KeyIn KeyDrop Rblob(GB) Wblob(GB)
-------------------------------------------------------------------------------------------------------------------------------------------------------------------------------------------------------------
  L0      0/0      0.00 KB   0.0      0.6     0.0      0.6       0.7       0.7      0.1       0.0   7.5     40.4     46.4     14.47              1.82         3    4.823    669K   1494       0.0       0.0
  L1      4/0    238.34 MB   0.9      0.8     0.6      0.2       0.8       0.8      0.6       0.0   1.4     69.1     68.9     11.72              3.17         1   11.722    804K   1265       0.0       0.0
  L2     43/0      2.42 GB   1.0      6.2     1.4      4.8       6.1       6.1      1.4       0.0   4.3     30.7     30.5    206.71             20.85        28    7.382   6305K    46K       0.0       0.0
  L3    405/0     25.00 GB   1.0     11.6     2.4      9.2      11.0      11.0      1.8       0.1   4.6     15.4     14.6    773.01             64.00        43   17.977     11M   646K       0.0       0.0
  L4    843/0     48.80 GB   0.2      5.9     3.3      2.6       4.8       4.8      2.2       0.0   1.4     22.8     18.5    265.30             30.11        41    6.471   6003K  1126K       0.0       0.0
 Sum   1295/0     76.44 GB   0.0     25.1     7.7     17.4      23.4      23.4      6.0       0.1 268.2     20.2     18.8   1271.21            119.95       116   10.959     25M  1822K       0.0       0.0
 Int      0/0      0.00 KB   0.0      0.0     0.0      0.0       0.0       0.0      0.0       0.0   0.0      0.0      0.0      0.00              0.00         0    0.000       0      0       0.0       0.0

** Compaction Stats [default] **
Priority    Files   Size     Score Read(GB)  Rn(GB) Rnp1(GB) Write(GB) WPreComp(GB) Wnew(GB) Moved(GB) W-Amp Rd(MB/s) Wr(MB/s) Comp(sec) CompMergeCPU(sec) Comp(cnt) Avg(sec) KeyIn KeyDrop Rblob(GB) Wblob(GB)
----------------------------------------------------------------------------------------------------------------------------------------------------------------------------------------------------------------
 Low      0/0      0.00 KB   0.0     25.1     7.7     17.4      23.3      23.3      5.9       0.0   0.0     20.2     18.8   1271.02            119.95       114   11.149     25M  1822K       0.0       0.0
User      0/0      0.00 KB   0.0      0.0     0.0      0.0       0.1       0.1      0.1       0.0   0.0      0.0    474.8      0.19              0.00         2    0.094     88K      0       0.0       0.0

Blob file count: 0, total size: 0.0 GB, garbage size: 0.0 GB, space amp: 0.0

Uptime(secs): 152.6 total, 31.8 interval
Flush(GB): cumulative 0.087, interval 0.000
AddFile(GB): cumulative 0.000, interval 0.000
AddFile(Total Files): cumulative 0, interval 0
AddFile(L0 Files): cumulative 0, interval 0
AddFile(Keys): cumulative 0, interval 0
Cumulative compaction: 23.37 GB write, 156.90 MB/s write, 25.08 GB read, 168.33 MB/s read, 1271.2 seconds
Interval compaction: 0.00 GB write, 0.00 MB/s write, 0.00 GB read, 0.00 MB/s read, 0.0 seconds
Estimated pending compaction bytes: 0
Write Stall (count): cf-l0-file-count-limit-delays-with-ongoing-compaction: 0, cf-l0-file-count-limit-stops-with-ongoing-compaction: 0, l0-file-count-limit-delays: 0, l0-file-count-limit-stops: 0, memtable-limit-delays: 0, memtable-limit-stops: 0, pending-compaction-bytes-delays: 0, pending-compaction-bytes-stops: 0, total-delays: 0, total-stops: 0
Block cache AutoHyperClockCache@0x59b7b3b422d0#1989753 capacity: 512.00 MB seed: 1546246571 usage: 64.00 KB table_size: 1024 occupancy: 1 collections: 1 last_copies: 2 last_secs: 0.000105 secs_since: 151
Block cache entry stats(count,size,portion): Misc(1,0.00 KB,0%)

** File Read Latency Histogram By Level [default] **
** Level 0 read latency histogram (micros):
Count: 860297 Average: 3.8049  StdDev: 6.56
Min: 0  Median: 3.1092  Max: 1449
Percentiles: P50: 3.11 P75: 3.89 P99: 8.84 P99.9: 12.90 P99.99: 14.05
------------------------------------------------------
[       0,       1 ]    40795   4.742%   4.742% #
(       1,       2 ]   137804  16.018%  20.760% ###
(       2,       3 ]   221507  25.748%  46.508% #####
(       3,       4 ]   275087  31.976%  78.484% ######
(       4,       6 ]   162196  18.853%  97.337% ####
(       6,      10 ]    20115   2.338%  99.675% 
(      10,      15 ]     3338   0.388% 100.063% 
(      15,      22 ]     3195   0.371% 100.435% 
(      22,      34 ]      590   0.069% 100.503% 
(      34,      51 ]      134   0.016% 100.519% 
(      51,      76 ]       50   0.006% 100.525% 
(      76,     110 ]       44   0.005% 100.530% 
(     110,     170 ]       45   0.005% 100.535% 
(     170,     250 ]       38   0.004% 100.539% 
(     250,     380 ]       36   0.004% 100.544% 
(     380,     580 ]       19   0.002% 100.546% 
(     580,     870 ]       12   0.001% 100.547% 
(     870,    1300 ]       14   0.002% 100.549% 
(    1300,    1900 ]        2   0.000% 100.549% 

** Level 1 read latency histogram (micros):
Count: 2841945 Average: 3.9591  StdDev: 2.58
Min: 0  Median: 3.4657  Max: 1388
Percentiles: P50: 3.47 P75: 3.99 P99: 8.78 P99.9: 13.94 P99.99: 16.25
------------------------------------------------------
[       0,       1 ]   170720   6.007%   6.007% #
(       1,       2 ]   221746   7.803%  13.810% ##
(       2,       3 ]   394765  13.891%  27.700% ###
(       3,       4 ]  1360873  47.885%  75.586% ##########
(       4,       6 ]   622044  21.888%  97.474% ####
(       6,      10 ]    62463   2.198%  99.672% 
(      10,      15 ]     8249   0.290%  99.962% 
(      15,      22 ]     4490   0.158% 100.120% 
(      22,      34 ]      568   0.020% 100.140% 
(      34,      51 ]       88   0.003% 100.143% 
(      51,      76 ]       22   0.001% 100.144% 
(      76,     110 ]       58   0.002% 100.146% 
(     110,     170 ]       25   0.001% 100.147% 
(     170,     250 ]        8   0.000% 100.147% 
(     250,     380 ]        6   0.000% 100.147% 
(     380,     580 ]       10   0.000% 100.147% 
(     580,     870 ]        5   0.000% 100.148% 
(     870,    1300 ]        4   0.000% 100.148% 
(    1300,    1900 ]        1   0.000% 100.148% 

** Level 2 read latency histogram (micros):
Count: 7584480 Average: 4.2536  StdDev: 68.94
Min: 0  Median: 3.4087  Max: 86371
Percentiles: P50: 3.41 P75: 3.98 P99: 8.69 P99.9: 14.40 P99.99: 17.88
------------------------------------------------------
[       0,       1 ]   790653  10.425%  10.425% ##
(       1,       2 ]   731008   9.638%  20.063% ##
(       2,       3 ]   912695  12.034%  32.097% ##
(       3,       4 ]  3322638  43.808%  75.905% #########
(       4,       6 ]  1649044  21.742%  97.647% ####
(       6,      10 ]   152382   2.009%  99.656% 
(      10,      15 ]    20973   0.277%  99.933% 
(      15,      22 ]    10532   0.139% 100.072% 
(      22,      34 ]     1239   0.016% 100.088% 
(      34,      51 ]      183   0.002% 100.091% 
(      51,      76 ]       84   0.001% 100.092% 
(      76,     110 ]      897   0.012% 100.103% 
(     110,     170 ]    18781   0.248% 100.351% 
(     170,     250 ]     2092   0.028% 100.379% 
(     250,     380 ]      160   0.002% 100.381% 
(     380,     580 ]       23   0.000% 100.381% 
(     580,     870 ]       21   0.000% 100.381% 
(     870,    1300 ]       25   0.000% 100.382% 
(    1300,    1900 ]        8   0.000% 100.382% 
(    1900,    2900 ]        3   0.000% 100.382% 
(    2900,    4400 ]        2   0.000% 100.382% 
(    6600,    9900 ]        2   0.000% 100.382% 
(    9900,   14000 ]        2   0.000% 100.382% 
(   14000,   22000 ]        1   0.000% 100.382% 
(   22000,   33000 ]        3   0.000% 100.382% 
(   50000,   75000 ]        6   0.000% 100.382% 
(   75000,  110000 ]        1   0.000% 100.382% 

** Level 3 read latency histogram (micros):
Count: 11184939 Average: 75.0469  StdDev: 4641.25
Min: 0  Median: 3.6782  Max: 4573589
Percentiles: P50: 3.68 P75: 5.51 P99: 269.13 P99.9: 515.46 P99.99: 556.14
------------------------------------------------------
[       0,       1 ]   849172   7.592%   7.592% ##
(       1,       2 ]  1251003  11.185%  18.777% ##
(       2,       3 ]  1047522   9.365%  28.142% ##
(       3,       4 ]  3604846  32.229%  60.372% ######
(       4,       6 ]  2165438  19.360%  79.732% ####
(       6,      10 ]   199378   1.783%  81.515% 
(      10,      15 ]    25851   0.231%  81.746% 
(      15,      22 ]    12701   0.114%  81.859% 
(      22,      34 ]     2268   0.020%  81.880% 
(      34,      51 ]     1899   0.017%  81.897% 
(      51,      76 ]     4286   0.038%  81.935% 
(      76,     110 ]    81559   0.729%  82.664% 
(     110,     170 ]  1560329  13.950%  96.614% ###
(     170,     250 ]   255254   2.282%  98.896% 
(     250,     380 ]    78730   0.704%  99.600% 
(     380,     580 ]    49493   0.442% 100.043% 
(     580,     870 ]    27404   0.245% 100.288% 
(     870,    1300 ]    13293   0.119% 100.407% 
(    1300,    1900 ]     8423   0.075% 100.482% 
(    1900,    2900 ]     8062   0.072% 100.554% 
(    2900,    4400 ]     2761   0.025% 100.579% 
(    4400,    6600 ]     1633   0.015% 100.593% 
(    6600,    9900 ]      957   0.009% 100.602% 
(    9900,   14000 ]      405   0.004% 100.606% 
(   14000,   22000 ]      530   0.005% 100.610% 
(   22000,   33000 ]      501   0.004% 100.615% 
(   33000,   50000 ]      535   0.005% 100.620% 
(   50000,   75000 ]      481   0.004% 100.624% 
(   75000,  110000 ]      376   0.003% 100.627% 
(  110000,  170000 ]      506   0.005% 100.632% 
(  170000,  250000 ]      266   0.002% 100.634% 
(  250000,  380000 ]      178   0.002% 100.636% 
(  380000,  570000 ]       78   0.001% 100.636% 
(  570000,  860000 ]       33   0.000% 100.637% 
(  860000, 1200000 ]        8   0.000% 100.637% 
( 1200000, 1900000 ]        6   0.000% 100.637% 
( 2900000, 4300000 ]        8   0.000% 100.637% 
( 4300000, 6500000 ]        1   0.000% 100.637% 

** Level 4 read latency histogram (micros):
Count: 7112840 Average: 219.9331  StdDev: 7567.23
Min: 0  Median: 119.7806  Max: 4948361
Percentiles: P50: 119.78 P75: 155.08 P99: 802.32 P99.9: 1959.23 P99.99: 2284.95
------------------------------------------------------
[       0,       1 ]   200225   2.815%   2.815% #
(       1,       2 ]   241222   3.391%   6.206% #
(       2,       3 ]   166334   2.339%   8.545% 
(       3,       4 ]  1127490  15.851%  24.396% ###
(       4,       6 ]  1033573  14.531%  38.927% ###
(       6,      10 ]   108840   1.530%  40.458% 
(      10,      15 ]     9082   0.128%  40.585% 
(      15,      22 ]     3915   0.055%  40.640% 
(      22,      34 ]      789   0.011%  40.651% 
(      34,      51 ]     1543   0.022%  40.673% 
(      51,      76 ]     2036   0.029%  40.702% 
(      76,     110 ]   168687   2.372%  43.073% 
(     110,     170 ]  3022404  42.492%  85.566% ########
(     170,     250 ]   563851   7.927%  93.493% ##
(     250,     380 ]   221072   3.108%  96.601% #
(     380,     580 ]   125492   1.764%  98.365% 
(     580,     870 ]    58907   0.828%  99.193% 
(     870,    1300 ]    29711   0.418%  99.611% 
(    1300,    1900 ]    19392   0.273%  99.884% 
(    1900,    2900 ]    19654   0.276% 100.160% 
(    2900,    4400 ]     5722   0.080% 100.240% 
(    4400,    6600 ]     3304   0.046% 100.287% 
(    6600,    9900 ]     1747   0.025% 100.311% 
(    9900,   14000 ]      818   0.012% 100.323% 
(   14000,   22000 ]     1016   0.014% 100.337% 
(   22000,   33000 ]     1037   0.015% 100.352% 
(   33000,   50000 ]     1053   0.015% 100.367% 
(   50000,   75000 ]     1003   0.014% 100.381% 
(   75000,  110000 ]      871   0.012% 100.393% 
(  110000,  170000 ]      846   0.012% 100.405% 
(  170000,  250000 ]      408   0.006% 100.411% 
(  250000,  380000 ]      244   0.003% 100.414% 
(  380000,  570000 ]      133   0.002% 100.416% 
(  570000,  860000 ]       38   0.001% 100.416% 
(  860000, 1200000 ]        9   0.000% 100.417% 
( 1200000, 1900000 ]       13   0.000% 100.417% 
( 1900000, 2900000 ]        3   0.000% 100.417% 
( 2900000, 4300000 ]       10   0.000% 100.417% 
( 4300000, 6500000 ]        4   0.000% 100.417% 


** DB Stats **
Uptime(secs): 152.6 total, 30.0 interval
Cumulative writes: 0 writes, 0 keys, 0 commit groups, 0.0 writes per commit group, ingest: 0.00 GB, 0.00 MB/s
Cumulative WAL: 0 writes, 0 syncs, 0.00 writes per sync, written: 0.00 GB, 0.00 MB/s
Cumulative stall: 00:00:0.000 H:M:S, 0.0 percent
Interval writes: 0 writes, 0 keys, 0 commit groups, 0.0 writes per commit group, ingest: 0.00 MB, 0.00 MB/s
Interval WAL: 0 writes, 0 syncs, 0.00 writes per sync, written: 0.00 GB, 0.00 MB/s
Interval stall: 00:00:0.000 H:M:S, 0.0 percent
Write Stall (count): write-buffer-manager-limit-stops: 0
num-running-compactions: 0
num-running-flushes: 0

2026/08/31-01:20:00  ... thread 13: (197000,558000) ops and (6559.4,3673.6) ops/second in (30.033273,151.894336) seconds
2026/08/31-01:20:00  ... thread 11: (195000,558000) ops and (6498.7,3672.8) ops/second in (30.006219,151.925830) seconds
2026/08/31-01:20:00  ... thread 6: (197000,558000) ops and (6546.9,3672.6) ops/second in (30.090520,151.937276) seconds
2026/08/31-01:20:00  ... thread 3: (196000,558000) ops and (6525.4,3672.5) ops/second in (30.036558,151.940809) seconds
2026/08/31-01:20:00  ... thread 10: (196000,557000) ops and (6520.2,3665.5) ops/second in (30.060465,151.957329) seconds
2026/08/31-01:20:00  ... thread 7: (196000,559000) ops and (6505.4,3678.6) ops/second in (30.128936,151.959750) seconds
2026/08/31-01:20:00  ... thread 4: (196000,558000) ops and (6505.0,3671.2) ops/second in (30.130515,151.994117) seconds
2026/08/31-01:20:00  ... thread 9: (196000,558000) ops and (6526.3,3670.8) ops/second in (30.032355,152.010707) seconds
2026/08/31-01:20:00  ... thread 14: (196000,558000) ops and (6497.9,3669.3) ops/second in (30.163817,152.074155) seconds
2026/08/31-01:20:01  ... thread 2: (196000,558000) ops and (6501.2,3668.5) ops/second in (30.148343,152.104374) seconds
2026/08/31-01:20:01  ... thread 5: (195000,558000) ops and (6471.0,3668.0) ops/second in (30.134487,152.124430) seconds
2026/08/31-01:20:01  ... thread 15: (196000,559000) ops and (6513.0,3671.8) ops/second in (30.093889,152.242857) seconds
2026/08/31-01:20:30  ... thread 1: (202000,759000) ops and (6731.6,4175.5) ops/second in (30.007629,181.773696) seconds
2026/08/31-01:20:30  ... thread 0: (201000,759000) ops and (6697.0,4173.3) ops/second in (30.013436,181.869355) seconds

** Compaction Stats [default] **
Level    Files   Size     Score Read(GB)  Rn(GB) Rnp1(GB) Write(GB) WPreComp(GB) Wnew(GB) Moved(GB) W-Amp Rd(MB/s) Wr(MB/s) Comp(sec) CompMergeCPU(sec) Comp(cnt) Avg(sec) KeyIn KeyDrop Rblob(GB) Wblob(GB)
-------------------------------------------------------------------------------------------------------------------------------------------------------------------------------------------------------------
  L0      0/0      0.00 KB   0.0      0.6     0.0      0.6       0.7       0.7      0.1       0.0   7.5     40.4     46.4     14.47              1.82         3    4.823    669K   1494       0.0       0.0
  L1      4/0    238.34 MB   0.9      0.8     0.6      0.2       0.8       0.8      0.6       0.0   1.4     69.1     68.9     11.72              3.17         1   11.722    804K   1265       0.0       0.0
  L2     43/0      2.42 GB   1.0      6.2     1.4      4.8       6.1       6.1      1.4       0.0   4.3     30.7     30.5    206.71             20.85        28    7.382   6305K    46K       0.0       0.0
  L3    405/0     25.00 GB   1.0     11.6     2.4      9.2      11.0      11.0      1.8       0.1   4.6     15.4     14.6    773.01             64.00        43   17.977     11M   646K       0.0       0.0
  L4    843/0     48.80 GB   0.2      5.9     3.3      2.6       4.8       4.8      2.2       0.0   1.4     22.8     18.5    265.30             30.11        41    6.471   6003K  1126K       0.0       0.0
 Sum   1295/0     76.44 GB   0.0     25.1     7.7     17.4      23.4      23.4      6.0       0.1 268.2     20.2     18.8   1271.21            119.95       116   10.959     25M  1822K       0.0       0.0
 Int      0/0      0.00 KB   0.0      0.0     0.0      0.0       0.0       0.0      0.0       0.0   0.0      0.0      0.0      0.00              0.00         0    0.000       0      0       0.0       0.0

** Compaction Stats [default] **
Priority    Files   Size     Score Read(GB)  Rn(GB) Rnp1(GB) Write(GB) WPreComp(GB) Wnew(GB) Moved(GB) W-Amp Rd(MB/s) Wr(MB/s) Comp(sec) CompMergeCPU(sec) Comp(cnt) Avg(sec) KeyIn KeyDrop Rblob(GB) Wblob(GB)
----------------------------------------------------------------------------------------------------------------------------------------------------------------------------------------------------------------
 Low      0/0      0.00 KB   0.0     25.1     7.7     17.4      23.3      23.3      5.9       0.0   0.0     20.2     18.8   1271.02            119.95       114   11.149     25M  1822K       0.0       0.0
User      0/0      0.00 KB   0.0      0.0     0.0      0.0       0.1       0.1      0.1       0.0   0.0      0.0    474.8      0.19              0.00         2    0.094     88K      0       0.0       0.0

Blob file count: 0, total size: 0.0 GB, garbage size: 0.0 GB, space amp: 0.0

Uptime(secs): 182.6 total, 1.8 interval
Flush(GB): cumulative 0.087, interval 0.000
AddFile(GB): cumulative 0.000, interval 0.000
AddFile(Total Files): cumulative 0, interval 0
AddFile(L0 Files): cumulative 0, interval 0
AddFile(Keys): cumulative 0, interval 0
Cumulative compaction: 23.37 GB write, 131.10 MB/s write, 25.08 GB read, 140.66 MB/s read, 1271.2 seconds
Interval compaction: 0.00 GB write, 0.00 MB/s write, 0.00 GB read, 0.00 MB/s read, 0.0 seconds
Estimated pending compaction bytes: 0
Write Stall (count): cf-l0-file-count-limit-delays-with-ongoing-compaction: 0, cf-l0-file-count-limit-stops-with-ongoing-compaction: 0, l0-file-count-limit-delays: 0, l0-file-count-limit-stops: 0, memtable-limit-delays: 0, memtable-limit-stops: 0, pending-compaction-bytes-delays: 0, pending-compaction-bytes-stops: 0, total-delays: 0, total-stops: 0
Block cache AutoHyperClockCache@0x59b7b3b422d0#1989753 capacity: 512.00 MB seed: 1546246571 usage: 511.95 MB table_size: 203416 occupancy: 121979 collections: 2 last_copies: 0 last_secs: 0.009254 secs_since: 1
Block cache entry stats(count,size,portion): DataBlock(122049,499.82 MB,97.6212%) Misc(1,0.00 KB,0%)

** File Read Latency Histogram By Level [default] **
** Level 0 read latency histogram (micros):
Count: 860297 Average: 3.8049  StdDev: 6.56
Min: 0  Median: 3.1092  Max: 1449
Percentiles: P50: 3.11 P75: 3.89 P99: 8.84 P99.9: 12.90 P99.99: 14.05
------------------------------------------------------
[       0,       1 ]    40795   4.742%   4.742% #
(       1,       2 ]   137804  16.018%  20.760% ###
(       2,       3 ]   221507  25.748%  46.508% #####
(       3,       4 ]   275087  31.976%  78.484% ######
(       4,       6 ]   162196  18.853%  97.337% ####
(       6,      10 ]    20115   2.338%  99.675% 
(      10,      15 ]     3338   0.388% 100.063% 
(      15,      22 ]     3195   0.371% 100.435% 
(      22,      34 ]      590   0.069% 100.503% 
(      34,      51 ]      134   0.016% 100.519% 
(      51,      76 ]       50   0.006% 100.525% 
(      76,     110 ]       44   0.005% 100.530% 
(     110,     170 ]       45   0.005% 100.535% 
(     170,     250 ]       38   0.004% 100.539% 
(     250,     380 ]       36   0.004% 100.544% 
(     380,     580 ]       19   0.002% 100.546% 
(     580,     870 ]       12   0.001% 100.547% 
(     870,    1300 ]       14   0.002% 100.549% 
(    1300,    1900 ]        2   0.000% 100.549% 

** Level 1 read latency histogram (micros):
Count: 3668670 Average: 4.0136  StdDev: 2.34
Min: 0  Median: 3.4907  Max: 1388
Percentiles: P50: 3.49 P75: 3.98 P99: 8.67 P99.9: 13.90 P99.99: 16.28
------------------------------------------------------
[       0,       1 ]   170891   4.658%   4.658% #
(       1,       2 ]   234617   6.395%  11.053% #
(       2,       3 ]   516951  14.091%  25.144% ###
(       3,       4 ]  1858190  50.650%  75.794% ##########
(       4,       6 ]   801614  21.850%  97.645% ####
(       6,      10 ]    74472   2.030%  99.675% 
(      10,      15 ]    10593   0.289%  99.963% 
(      15,      22 ]     5337   0.145% 100.109% 
(      22,      34 ]      633   0.017% 100.126% 
(      34,      51 ]       97   0.003% 100.129% 
(      51,      76 ]       24   0.001% 100.129% 
(      76,     110 ]       69   0.002% 100.131% 
(     110,     170 ]       27   0.001% 100.132% 
(     170,     250 ]        8   0.000% 100.132% 
(     250,     380 ]        6   0.000% 100.132% 
(     380,     580 ]       10   0.000% 100.133% 
(     580,     870 ]        5   0.000% 100.133% 
(     870,    1300 ]        4   0.000% 100.133% 
(    1300,    1900 ]        1   0.000% 100.133% 

** Level 2 read latency histogram (micros):
Count: 9600549 Average: 4.3435  StdDev: 61.38
Min: 0  Median: 3.4628  Max: 86371
Percentiles: P50: 3.46 P75: 3.99 P99: 8.73 P99.9: 15.01 P99.99: 19.74
------------------------------------------------------
[       0,       1 ]   790901   8.238%   8.238% ##
(       1,       2 ]   752350   7.837%  16.075% ##
(       2,       3 ]  1155154  12.032%  28.107% ##
(       3,       4 ]  4541776  47.307%  75.414% #########
(       4,       6 ]  2137088  22.260%  97.674% ####
(       6,      10 ]   186544   1.943%  99.617% 
(      10,      15 ]    27114   0.282%  99.900% 
(      15,      22 ]    12801   0.133% 100.033% 
(      22,      34 ]     1403   0.015% 100.048% 
(      34,      51 ]      213   0.002% 100.050% 
(      51,      76 ]       90   0.001% 100.051% 
(      76,     110 ]     1169   0.012% 100.063% 
(     110,     170 ]    24219   0.252% 100.315% 
(     170,     250 ]     2654   0.028% 100.343% 
(     250,     380 ]      193   0.002% 100.345% 
(     380,     580 ]       23   0.000% 100.345% 
(     580,     870 ]       21   0.000% 100.345% 
(     870,    1300 ]       27   0.000% 100.346% 
(    1300,    1900 ]        8   0.000% 100.346% 
(    1900,    2900 ]        3   0.000% 100.346% 
(    2900,    4400 ]        3   0.000% 100.346% 
(    6600,    9900 ]        2   0.000% 100.346% 
(    9900,   14000 ]        2   0.000% 100.346% 
(   14000,   22000 ]        1   0.000% 100.346% 
(   22000,   33000 ]        3   0.000% 100.346% 
(   50000,   75000 ]        6   0.000% 100.346% 
(   75000,  110000 ]        1   0.000% 100.346% 

** Level 3 read latency histogram (micros):
Count: 14081435 Average: 68.8621  StdDev: 4136.64
Min: 0  Median: 3.7751  Max: 4573589
Percentiles: P50: 3.78 P75: 5.75 P99: 244.52 P99.9: 453.89 P99.99: 504.93
------------------------------------------------------
[       0,       1 ]   849230   6.031%   6.031% #
(       1,       2 ]  1258837   8.940%  14.971% ##
(       2,       3 ]  1187862   8.436%  23.406% ##
(       3,       4 ]  4831176  34.309%  57.715% #######
(       4,       6 ]  2778325  19.730%  77.445% ####
(       6,      10 ]   240444   1.708%  79.153% 
(      10,      15 ]    32238   0.229%  79.382% 
(      15,      22 ]    15122   0.107%  79.489% 
(      22,      34 ]     2414   0.017%  79.506% 
(      34,      51 ]     1941   0.014%  79.520% 
(      51,      76 ]     4296   0.031%  79.551% 
(      76,     110 ]   120510   0.856%  80.407% 
(     110,     170 ]  2298048  16.320%  96.726% ###
(     170,     250 ]   343735   2.441%  99.167% 
(     250,     380 ]    84833   0.602%  99.770% 
(     380,     580 ]    49657   0.353% 100.122% 
(     580,     870 ]    27418   0.195% 100.317% 
(     870,    1300 ]    13311   0.095% 100.412% 
(    1300,    1900 ]     8449   0.060% 100.472% 
(    1900,    2900 ]     8117   0.058% 100.529% 
(    2900,    4400 ]     2816   0.020% 100.549% 
(    4400,    6600 ]     1654   0.012% 100.561% 
(    6600,    9900 ]     1069   0.008% 100.569% 
(    9900,   14000 ]      405   0.003% 100.571% 
(   14000,   22000 ]      530   0.004% 100.575% 
(   22000,   33000 ]      501   0.004% 100.579% 
(   33000,   50000 ]      535   0.004% 100.583% 
(   50000,   75000 ]      481   0.003% 100.586% 
(   75000,  110000 ]      376   0.003% 100.589% 
(  110000,  170000 ]      506   0.004% 100.592% 
(  170000,  250000 ]      266   0.002% 100.594% 
(  250000,  380000 ]      178   0.001% 100.595% 
(  380000,  570000 ]       78   0.001% 100.596% 
(  570000,  860000 ]       33   0.000% 100.596% 
(  860000, 1200000 ]        8   0.000% 100.596% 
( 1200000, 1900000 ]        6   0.000% 100.596% 
( 2900000, 4300000 ]        8   0.000% 100.596% 
( 4300000, 6500000 ]        1   0.000% 100.596% 

** Level 4 read latency histogram (micros):
Count: 9452643 Average: 187.4973  StdDev: 6564.64
Min: 0  Median: 119.7199  Max: 4948361
Percentiles: P50: 119.72 P75: 153.25 P99: 645.45 P99.9: 1598.71 P99.99: 1861.37
------------------------------------------------------
[       0,       1 ]   200227   2.118%   2.118% 
(       1,       2 ]   242615   2.567%   4.685% #
(       2,       3 ]   192545   2.037%   6.722% 
(       3,       4 ]  1593562  16.858%  23.580% ###
(       4,       6 ]  1404425  14.857%  38.438% ###
(       6,      10 ]   140142   1.483%  39.920% 
(      10,      15 ]    12023   0.127%  40.047% 
(      15,      22 ]     5090   0.054%  40.101% 
(      22,      34 ]      874   0.009%  40.111% 
(      34,      51 ]     1566   0.017%  40.127% 
(      51,      76 ]     2042   0.022%  40.149% 
(      76,     110 ]   246241   2.605%  42.754% #
(     110,     170 ]  4228254  44.731%  87.485% #########
(     170,     250 ]   717514   7.591%  95.075% ##
(     250,     380 ]   231894   2.453%  97.528% 
(     380,     580 ]   125801   1.331%  98.859% 
(     580,     870 ]    58957   0.624%  99.483% 
(     870,    1300 ]    29747   0.315%  99.798% 
(    1300,    1900 ]    19434   0.206% 100.003% 
(    1900,    2900 ]    19751   0.209% 100.212% 
(    2900,    4400 ]     5792   0.061% 100.274% 
(    4400,    6600 ]     3341   0.035% 100.309% 
(    6600,    9900 ]     1940   0.021% 100.329% 
(    9900,   14000 ]      818   0.009% 100.338% 
(   14000,   22000 ]     1016   0.011% 100.349% 
(   22000,   33000 ]     1037   0.011% 100.360% 
(   33000,   50000 ]     1053   0.011% 100.371% 
(   50000,   75000 ]     1003   0.011% 100.381% 
(   75000,  110000 ]      871   0.009% 100.391% 
(  110000,  170000 ]      846   0.009% 100.400% 
(  170000,  250000 ]      408   0.004% 100.404% 
(  250000,  380000 ]      244   0.003% 100.407% 
(  380000,  570000 ]      133   0.001% 100.408% 
(  570000,  860000 ]       38   0.000% 100.408% 
(  860000, 1200000 ]        9   0.000% 100.408% 
( 1200000, 1900000 ]       13   0.000% 100.409% 
( 1900000, 2900000 ]        3   0.000% 100.409% 
( 2900000, 4300000 ]       10   0.000% 100.409% 
( 4300000, 6500000 ]        4   0.000% 100.409% 


** DB Stats **
Uptime(secs): 182.6 total, 1.8 interval
Cumulative writes: 0 writes, 0 keys, 0 commit groups, 0.0 writes per commit group, ingest: 0.00 GB, 0.00 MB/s
Cumulative WAL: 0 writes, 0 syncs, 0.00 writes per sync, written: 0.00 GB, 0.00 MB/s
Cumulative stall: 00:00:0.000 H:M:S, 0.0 percent
Interval writes: 0 writes, 0 keys, 0 commit groups, 0.0 writes per commit group, ingest: 0.00 MB, 0.00 MB/s
Interval WAL: 0 writes, 0 syncs, 0.00 writes per sync, written: 0.00 GB, 0.00 MB/s
Interval stall: 00:00:0.000 H:M:S, 0.0 percent
Write Stall (count): write-buffer-manager-limit-stops: 0
num-running-compactions: 0
num-running-flushes: 0

2026/08/31-01:20:30  ... thread 8: (201000,758000) ops and (6675.7,4167.5) ops/second in (30.109393,181.884575) seconds
2026/08/31-01:20:30  ... thread 13: (200000,758000) ops and (6659.9,4166.6) ops/second in (30.030692,181.925028) seconds
2026/08/31-01:20:30  ... thread 12: (202000,758000) ops and (6708.7,4166.4) ops/second in (30.110172,181.931111) seconds
2026/08/31-01:20:30  ... thread 3: (200000,758000) ops and (6662.6,4165.8) ops/second in (30.018527,181.959336) seconds
2026/08/31-01:20:30  ... thread 6: (201000,759000) ops and (6677.7,4169.5) ops/second in (30.100016,182.037292) seconds
2026/08/31-01:20:30  ... thread 10: (202000,759000) ops and (6715.1,4169.4) ops/second in (30.081349,182.038678) seconds
2026/08/31-01:20:30  ... thread 7: (201000,760000) ops and (6681.4,4174.8) ops/second in (30.083524,182.043274) seconds
2026/08/31-01:20:30  ... thread 11: (202000,760000) ops and (6706.3,4174.8) ops/second in (30.120994,182.046824) seconds
2026/08/31-01:20:30  ... thread 9: (201000,759000) ops and (6690.0,4169.1) ops/second in (30.044727,182.055434) seconds
2026/08/31-01:20:31  ... thread 14: (201000,759000) ops and (6688.1,4167.4) ops/second in (30.053367,182.127522) seconds
2026/08/31-01:20:31  ... thread 4: (201000,759000) ops and (6667.2,4167.1) ops/second in (30.147562,182.141679) seconds
2026/08/31-01:20:31  ... thread 5: (201000,759000) ops and (6685.6,4166.0) ops/second in (30.064839,182.189269) seconds
2026/08/31-01:20:31  ... thread 2: (201000,759000) ops and (6678.7,4165.7) ops/second in (30.095760,182.200134) seconds
2026/08/31-01:20:31  ... thread 15: (202000,761000) ops and (6700.3,4172.4) ops/second in (30.147961,182.390818) seconds
2026/08/31-01:21:00  ... thread 1: (202000,961000) ops and (6717.1,4536.3) ops/second in (30.072323,211.846019) seconds
2026/08/31-01:21:00  ... thread 8: (203000,961000) ops and (6755.0,4534.4) ops/second in (30.051933,211.936508) seconds
2026/08/31-01:21:00  ... thread 13: (204000,962000) ops and (6794.6,4538.8) ops/second in (30.023871,211.948899) seconds
2026/08/31-01:21:00  ... thread 12: (203000,961000) ops and (6760.2,4533.9) ops/second in (30.028642,211.959753) seconds
2026/08/31-01:21:00  ... thread 0: (204000,963000) ops and (6770.3,4542.4) ops/second in (30.131684,212.001039) seconds

** Compaction Stats [default] **
Level    Files   Size     Score Read(GB)  Rn(GB) Rnp1(GB) Write(GB) WPreComp(GB) Wnew(GB) Moved(GB) W-Amp Rd(MB/s) Wr(MB/s) Comp(sec) CompMergeCPU(sec) Comp(cnt) Avg(sec) KeyIn KeyDrop Rblob(GB) Wblob(GB)
-------------------------------------------------------------------------------------------------------------------------------------------------------------------------------------------------------------
  L0      0/0      0.00 KB   0.0      0.6     0.0      0.6       0.7       0.7      0.1       0.0   7.5     40.4     46.4     14.47              1.82         3    4.823    669K   1494       0.0       0.0
  L1      4/0    238.34 MB   0.9      0.8     0.6      0.2       0.8       0.8      0.6       0.0   1.4     69.1     68.9     11.72              3.17         1   11.722    804K   1265       0.0       0.0
  L2     43/0      2.42 GB   1.0      6.2     1.4      4.8       6.1       6.1      1.4       0.0   4.3     30.7     30.5    206.71             20.85        28    7.382   6305K    46K       0.0       0.0
  L3    405/0     25.00 GB   1.0     11.6     2.4      9.2      11.0      11.0      1.8       0.1   4.6     15.4     14.6    773.01             64.00        43   17.977     11M   646K       0.0       0.0
  L4    843/0     48.80 GB   0.2      5.9     3.3      2.6       4.8       4.8      2.2       0.0   1.4     22.8     18.5    265.30             30.11        41    6.471   6003K  1126K       0.0       0.0
 Sum   1295/0     76.44 GB   0.0     25.1     7.7     17.4      23.4      23.4      6.0       0.1 268.2     20.2     18.8   1271.21            119.95       116   10.959     25M  1822K       0.0       0.0
 Int      0/0      0.00 KB   0.0      0.0     0.0      0.0       0.0       0.0      0.0       0.0   0.0      0.0      0.0      0.00              0.00         0    0.000       0      0       0.0       0.0

** Compaction Stats [default] **
Priority    Files   Size     Score Read(GB)  Rn(GB) Rnp1(GB) Write(GB) WPreComp(GB) Wnew(GB) Moved(GB) W-Amp Rd(MB/s) Wr(MB/s) Comp(sec) CompMergeCPU(sec) Comp(cnt) Avg(sec) KeyIn KeyDrop Rblob(GB) Wblob(GB)
----------------------------------------------------------------------------------------------------------------------------------------------------------------------------------------------------------------
 Low      0/0      0.00 KB   0.0     25.1     7.7     17.4      23.3      23.3      5.9       0.0   0.0     20.2     18.8   1271.02            119.95       114   11.149     25M  1822K       0.0       0.0
User      0/0      0.00 KB   0.0      0.0     0.0      0.0       0.1       0.1      0.1       0.0   0.0      0.0    474.8      0.19              0.00         2    0.094     88K      0       0.0       0.0

Blob file count: 0, total size: 0.0 GB, garbage size: 0.0 GB, space amp: 0.0

Uptime(secs): 212.7 total, 32.0 interval
Flush(GB): cumulative 0.087, interval 0.000
AddFile(GB): cumulative 0.000, interval 0.000
AddFile(Total Files): cumulative 0, interval 0
AddFile(L0 Files): cumulative 0, interval 0
AddFile(Keys): cumulative 0, interval 0
Cumulative compaction: 23.37 GB write, 112.53 MB/s write, 25.08 GB read, 120.73 MB/s read, 1271.2 seconds
Interval compaction: 0.00 GB write, 0.00 MB/s write, 0.00 GB read, 0.00 MB/s read, 0.0 seconds
Estimated pending compaction bytes: 0
Write Stall (count): cf-l0-file-count-limit-delays-with-ongoing-compaction: 0, cf-l0-file-count-limit-stops-with-ongoing-compaction: 0, l0-file-count-limit-delays: 0, l0-file-count-limit-stops: 0, memtable-limit-delays: 0, memtable-limit-stops: 0, pending-compaction-bytes-delays: 0, pending-compaction-bytes-stops: 0, total-delays: 0, total-stops: 0
Block cache AutoHyperClockCache@0x59b7b3b422d0#1989753 capacity: 512.00 MB seed: 1546246571 usage: 511.95 MB table_size: 203416 occupancy: 121979 collections: 2 last_copies: 0 last_secs: 0.009254 secs_since: 31
Block cache entry stats(count,size,portion): DataBlock(122049,499.82 MB,97.6212%) Misc(1,0.00 KB,0%)

** File Read Latency Histogram By Level [default] **
** Level 0 read latency histogram (micros):
Count: 860297 Average: 3.8049  StdDev: 6.56
Min: 0  Median: 3.1092  Max: 1449
Percentiles: P50: 3.11 P75: 3.89 P99: 8.84 P99.9: 12.90 P99.99: 14.05
------------------------------------------------------
[       0,       1 ]    40795   4.742%   4.742% #
(       1,       2 ]   137804  16.018%  20.760% ###
(       2,       3 ]   221507  25.748%  46.508% #####
(       3,       4 ]   275087  31.976%  78.484% ######
(       4,       6 ]   162196  18.853%  97.337% ####
(       6,      10 ]    20115   2.338%  99.675% 
(      10,      15 ]     3338   0.388% 100.063% 
(      15,      22 ]     3195   0.371% 100.435% 
(      22,      34 ]      590   0.069% 100.503% 
(      34,      51 ]      134   0.016% 100.519% 
(      51,      76 ]       50   0.006% 100.525% 
(      76,     110 ]       44   0.005% 100.530% 
(     110,     170 ]       45   0.005% 100.535% 
(     170,     250 ]       38   0.004% 100.539% 
(     250,     380 ]       36   0.004% 100.544% 
(     380,     580 ]       19   0.002% 100.546% 
(     580,     870 ]       12   0.001% 100.547% 
(     870,    1300 ]       14   0.002% 100.549% 
(    1300,    1900 ]        2   0.000% 100.549% 

** Level 1 read latency histogram (micros):
Count: 4506084 Average: 4.0590  StdDev: 2.18
Min: 0  Median: 3.5111  Max: 1388
Percentiles: P50: 3.51 P75: 3.99 P99: 8.65 P99.9: 13.97 P99.99: 16.47
------------------------------------------------------
[       0,       1 ]   171073   3.796%   3.796% #
(       1,       2 ]   247341   5.489%   9.286% #
(       2,       3 ]   635327  14.099%  23.385% ###
(       3,       4 ]  2346354  52.071%  75.456% ##########
(       4,       6 ]  1002161  22.240%  97.696% ####
(       6,      10 ]    88809   1.971%  99.667% 
(      10,      15 ]    13231   0.294%  99.960% 
(      15,      22 ]     6385   0.142% 100.102% 
(      22,      34 ]      698   0.015% 100.118% 
(      34,      51 ]      113   0.003% 100.120% 
(      51,      76 ]       28   0.001% 100.121% 
(      76,     110 ]       77   0.002% 100.122% 
(     110,     170 ]       29   0.001% 100.123% 
(     170,     250 ]        8   0.000% 100.123% 
(     250,     380 ]        6   0.000% 100.123% 
(     380,     580 ]       10   0.000% 100.124% 
(     580,     870 ]        5   0.000% 100.124% 
(     870,    1300 ]        4   0.000% 100.124% 
(    1300,    1900 ]        1   0.000% 100.124% 

** Level 2 read latency histogram (micros):
Count: 11646337 Average: 4.3645  StdDev: 55.81
Min: 0  Median: 3.4985  Max: 86371
Percentiles: P50: 3.50 P75: 4.02 P99: 8.71 P99.9: 14.76 P99.99: 19.00
------------------------------------------------------
[       0,       1 ]   791162   6.793%   6.793% #
(       1,       2 ]   774195   6.648%  13.441% #
(       2,       3 ]  1396028  11.987%  25.428% ##
(       3,       4 ]  5740413  49.289%  74.717% ##########
(       4,       6 ]  2674154  22.961%  97.678% #####
(       6,      10 ]   227081   1.950%  99.628% 
(      10,      15 ]    33282   0.286%  99.914% 
(      15,      22 ]    15508   0.133% 100.047% 
(      22,      34 ]     1579   0.014% 100.061% 
(      34,      51 ]      247   0.002% 100.063% 
(      51,      76 ]       94   0.001% 100.064% 
(      76,     110 ]     1273   0.011% 100.075% 
(     110,     170 ]    26078   0.224% 100.298% 
(     170,     250 ]     2827   0.024% 100.323% 
(     250,     380 ]      208   0.002% 100.324% 
(     380,     580 ]       24   0.000% 100.325% 
(     580,     870 ]       21   0.000% 100.325% 
(     870,    1300 ]       27   0.000% 100.325% 
(    1300,    1900 ]        8   0.000% 100.325% 
(    1900,    2900 ]        4   0.000% 100.325% 
(    2900,    4400 ]        3   0.000% 100.325% 
(    6600,    9900 ]        3   0.000% 100.325% 
(    9900,   14000 ]        2   0.000% 100.325% 
(   14000,   22000 ]        1   0.000% 100.325% 
(   22000,   33000 ]        3   0.000% 100.325% 
(   50000,   75000 ]        6   0.000% 100.325% 
(   75000,  110000 ]        1   0.000% 100.325% 

** Level 3 read latency histogram (micros):
Count: 17021772 Average: 63.7618  StdDev: 3762.60
Min: 0  Median: 3.8327  Max: 4573589
Percentiles: P50: 3.83 P75: 5.85 P99: 238.39 P99.9: 391.07 P99.99: 452.58
------------------------------------------------------
[       0,       1 ]   849280   4.989%   4.989% #
(       1,       2 ]  1266995   7.443%  12.433% #
(       2,       3 ]  1329050   7.808%  20.241% ##
(       3,       4 ]  6083145  35.737%  55.978% #######
(       4,       6 ]  3498419  20.553%  76.531% ####
(       6,      10 ]   297335   1.747%  78.278% 
(      10,      15 ]    39014   0.229%  78.507% 
(      15,      22 ]    18333   0.108%  78.614% 
(      22,      34 ]     2598   0.015%  78.630% 
(      34,      51 ]     1984   0.012%  78.641% 
(      51,      76 ]     4305   0.025%  78.667% 
(      76,     110 ]   156023   0.917%  79.583% 
(     110,     170 ]  2947805  17.318%  96.901% ###
(     170,     250 ]   417924   2.455%  99.356% 
(     250,     380 ]    89785   0.527%  99.884% 
(     380,     580 ]    49810   0.293% 100.176% 
(     580,     870 ]    27440   0.161% 100.338% 
(     870,    1300 ]    13324   0.078% 100.416% 
(    1300,    1900 ]     8458   0.050% 100.466% 
(    1900,    2900 ]     8147   0.048% 100.513% 
(    2900,    4400 ]     2888   0.017% 100.530% 
(    4400,    6600 ]     1686   0.010% 100.540% 
(    6600,    9900 ]     1173   0.007% 100.547% 
(    9900,   14000 ]      405   0.002% 100.550% 
(   14000,   22000 ]      530   0.003% 100.553% 
(   22000,   33000 ]      501   0.003% 100.556% 
(   33000,   50000 ]      535   0.003% 100.559% 
(   50000,   75000 ]      481   0.003% 100.562% 
(   75000,  110000 ]      376   0.002% 100.564% 
(  110000,  170000 ]      506   0.003% 100.567% 
(  170000,  250000 ]      266   0.002% 100.568% 
(  250000,  380000 ]      178   0.001% 100.569% 
(  380000,  570000 ]       78   0.000% 100.570% 
(  570000,  860000 ]       33   0.000% 100.570% 
(  860000, 1200000 ]        8   0.000% 100.570% 
( 1200000, 1900000 ]        6   0.000% 100.570% 
( 2900000, 4300000 ]        8   0.000% 100.570% 
( 4300000, 6500000 ]        1   0.000% 100.570% 

** Level 4 read latency histogram (micros):
Count: 11826348 Average: 168.5499  StdDev: 5869.28
Min: 0  Median: 120.3626  Max: 4948361
Percentiles: P50: 120.36 P75: 152.51 P99: 549.67 P99.9: 1279.12 P99.99: 1583.73
------------------------------------------------------
[       0,       1 ]   200234   1.693%   1.693% 
(       1,       2 ]   243895   2.062%   3.755% 
(       2,       3 ]   215866   1.825%   5.581% 
(       3,       4 ]  2014885  17.037%  22.618% ###
(       4,       6 ]  1763076  14.908%  37.526% ###
(       6,      10 ]   174050   1.472%  38.998% 
(      10,      15 ]    14738   0.125%  39.122% 
(      15,      22 ]     6483   0.055%  39.177% 
(      22,      34 ]      944   0.008%  39.185% 
(      34,      51 ]     1579   0.013%  39.198% 
(      51,      76 ]     2048   0.017%  39.216% 
(      76,     110 ]   322200   2.724%  41.940% #
(     110,     170 ]  5518949  46.667%  88.607% #########
(     170,     250 ]   879186   7.434%  96.041% #
(     250,     380 ]   242940   2.054%  98.095% 
(     380,     580 ]   126139   1.067%  99.162% 
(     580,     870 ]    58992   0.499%  99.661% 
(     870,    1300 ]    29764   0.252%  99.912% 
(    1300,    1900 ]    19452   0.164% 100.077% 
(    1900,    2900 ]    19820   0.168% 100.244% 
(    2900,    4400 ]     5917   0.050% 100.294% 
(    4400,    6600 ]     3380   0.029% 100.323% 
(    6600,    9900 ]     2140   0.018% 100.341% 
(    9900,   14000 ]      818   0.007% 100.348% 
(   14000,   22000 ]     1016   0.009% 100.357% 
(   22000,   33000 ]     1037   0.009% 100.365% 
(   33000,   50000 ]     1053   0.009% 100.374% 
(   50000,   75000 ]     1003   0.008% 100.383% 
(   75000,  110000 ]      871   0.007% 100.390% 
(  110000,  170000 ]      846   0.007% 100.397% 
(  170000,  250000 ]      408   0.003% 100.401% 
(  250000,  380000 ]      244   0.002% 100.403% 
(  380000,  570000 ]      133   0.001% 100.404% 
(  570000,  860000 ]       38   0.000% 100.404% 
(  860000, 1200000 ]        9   0.000% 100.404% 
( 1200000, 1900000 ]       13   0.000% 100.404% 
( 1900000, 2900000 ]        3   0.000% 100.404% 
( 2900000, 4300000 ]       10   0.000% 100.404% 
( 4300000, 6500000 ]        4   0.000% 100.404% 


** DB Stats **
Uptime(secs): 212.7 total, 30.1 interval
Cumulative writes: 0 writes, 0 keys, 0 commit groups, 0.0 writes per commit group, ingest: 0.00 GB, 0.00 MB/s
Cumulative WAL: 0 writes, 0 syncs, 0.00 writes per sync, written: 0.00 GB, 0.00 MB/s
Cumulative stall: 00:00:0.000 H:M:S, 0.0 percent
Interval writes: 0 writes, 0 keys, 0 commit groups, 0.0 writes per commit group, ingest: 0.00 MB, 0.00 MB/s
Interval WAL: 0 writes, 0 syncs, 0.00 writes per sync, written: 0.00 GB, 0.00 MB/s
Interval stall: 00:00:0.000 H:M:S, 0.0 percent
Write Stall (count): write-buffer-manager-limit-stops: 0
num-running-compactions: 0
num-running-flushes: 0

2026/08/31-01:21:00  ... thread 3: (204000,962000) ops and (6789.6,4537.6) ops/second in (30.045803,212.005139) seconds
2026/08/31-01:21:00  ... thread 10: (203000,962000) ops and (6764.2,4536.7) ops/second in (30.010859,212.049537) seconds
2026/08/31-01:21:01  ... thread 6: (203000,962000) ops and (6754.3,4535.8) ops/second in (30.054873,212.092165) seconds
2026/08/31-01:21:01  ... thread 14: (203000,962000) ops and (6757.2,4534.1) ops/second in (30.041867,212.169389) seconds
2026/08/31-01:21:01  ... thread 7: (203000,963000) ops and (6737.1,4538.7) ops/second in (30.131475,212.174749) seconds
2026/08/31-01:21:01  ... thread 11: (204000,964000) ops and (6771.0,4543.4) ops/second in (30.128541,212.175365) seconds
2026/08/31-01:21:01  ... thread 9: (203000,962000) ops and (6734.9,4533.5) ops/second in (30.141586,212.197020) seconds
2026/08/31-01:21:01  ... thread 5: (204000,963000) ops and (6791.8,4537.6) ops/second in (30.036041,212.225310) seconds
2026/08/31-01:21:01  ... thread 4: (204000,963000) ops and (6772.8,4536.8) ops/second in (30.120483,212.262162) seconds
2026/08/31-01:21:01  ... thread 2: (203000,962000) ops and (6745.1,4531.4) ops/second in (30.096045,212.296179) seconds
2026/08/31-01:21:01  ... thread 15: (203000,964000) ops and (6758.0,4538.0) ops/second in (30.038336,212.429154) seconds
Set seed to 1788110248204715 because --seed was 0
Initializing RocksDB Options from the specified file
Initializing RocksDB Options from command-line flags
Integrated BlobDB: blob cache disabled
Keys:       16 bytes each (+ 0 bytes user-defined timestamp)
Values:     1024 bytes each (512 bytes after compression)
Entries:    103244288
Prefix:    0 bytes
Keys per prefix:    0
RawSize:    102399.9 MB (estimated)
FileSize:   51987.6 MB (estimated)
Write rate: 0 bytes/second
Read rate: 0 ops/second
Compression: NoCompression
Compression sampling rate: 0
Memtablerep: SkipListFactory
Perf Level: 1
------------------------------------------------
DB path: [/tmp/l0exp_base256m]
readrandom   :     217.633 micros/op 73421 ops/sec 217.920 seconds 16000000 operations;   46.0 MB/s (632223 of 1000000 found)

Microseconds per read:
Count: 16000000 Average: 217.6331  StdDev: 5432.26
Min: 3  Median: 148.3277  Max: 4948449
Percentiles: P50: 148.33 P75: 229.18 P99: 782.08 P99.9: 4503.32 P99.99: 134613.78
------------------------------------------------------
(       2,       3 ]        4   0.000%   0.000% 
(       3,       4 ]       30   0.000%   0.000% 
(       4,       6 ]      220   0.001%   0.002% 
(       6,      10 ]    14713   0.092%   0.094% 
(      10,      15 ]    40968   0.256%   0.350% 
(      15,      22 ]   554133   3.463%   3.813% #
(      22,      34 ]  1388384   8.677%  12.490% ##
(      34,      51 ]  2705631  16.910%  29.401% ###
(      51,      76 ]  1654724  10.342%  39.743% ##
(      76,     110 ]   299027   1.869%  41.611% 
(     110,     170 ]  2101089  13.132%  54.743% ###
(     170,     250 ]  4380975  27.381%  82.124% #####
(     250,     380 ]  2122393  13.265%  95.389% ###
(     380,     580 ]   502629   3.141%  98.531% #
(     580,     870 ]   107745   0.673%  99.204% 
(     870,    1300 ]    51182   0.320%  99.524% 
(    1300,    1900 ]    24382   0.152%  99.676% 
(    1900,    2900 ]    25181   0.157%  99.834% 
(    2900,    4400 ]    10365   0.065%  99.899% 
(    4400,    6600 ]     4791   0.030%  99.929% 
(    6600,    9900 ]     3045   0.019%  99.948% 
(    9900,   14000 ]      977   0.006%  99.954% 
(   14000,   22000 ]     1185   0.007%  99.961% 
(   22000,   33000 ]     1105   0.007%  99.968% 
(   33000,   50000 ]     1088   0.007%  99.975% 
(   50000,   75000 ]     1082   0.007%  99.982% 
(   75000,  110000 ]      959   0.006%  99.988% 
(  110000,  170000 ]      958   0.006%  99.994% 
(  170000,  250000 ]      472   0.003%  99.996% 
(  250000,  380000 ]      307   0.002%  99.998% 
(  380000,  570000 ]      156   0.001%  99.999% 
(  570000,  860000 ]       56   0.000% 100.000% 
(  860000, 1200000 ]       11   0.000% 100.000% 
( 1200000, 1900000 ]       15   0.000% 100.000% 
( 1900000, 2900000 ]        2   0.000% 100.000% 
( 2900000, 4300000 ]       11   0.000% 100.000% 
( 4300000, 6500000 ]        5   0.000% 100.000% 

STATISTICS:
rocksdb.block.cache.miss COUNT : 47734220
rocksdb.block.cache.hit COUNT : 4309797
rocksdb.block.cache.add COUNT : 41545002
rocksdb.block.cache.add.failures COUNT : 0
rocksdb.block.cache.index.miss COUNT : 0
rocksdb.block.cache.index.hit COUNT : 0
rocksdb.block.cache.index.add COUNT : 0
rocksdb.block.cache.index.bytes.insert COUNT : 0
rocksdb.block.cache.filter.miss COUNT : 0
rocksdb.block.cache.filter.hit COUNT : 0
rocksdb.block.cache.filter.add COUNT : 0
rocksdb.block.cache.filter.bytes.insert COUNT : 0
rocksdb.block.cache.data.miss COUNT : 47734220
rocksdb.block.cache.data.hit COUNT : 4309797
rocksdb.block.cache.data.add COUNT : 41545002
rocksdb.block.cache.data.bytes.insert COUNT : 178417318080
rocksdb.block.cache.bytes.read COUNT : 18543629104
rocksdb.block.cache.bytes.write COUNT : 178417318080
rocksdb.block.cache.compression.dict.miss COUNT : 0
rocksdb.block.cache.compression.dict.hit COUNT : 0
rocksdb.block.cache.compression.dict.add COUNT : 0
rocksdb.block.cache.compression.dict.bytes.insert COUNT : 0
rocksdb.block.cache.add.redundant COUNT : 117
rocksdb.block.cache.index.add.redundant COUNT : 0
rocksdb.block.cache.filter.add.redundant COUNT : 0
rocksdb.block.cache.data.add.redundant COUNT : 117
rocksdb.block.cache.compression.dict.add.redundant COUNT : 0
rocksdb.secondary.cache.hits COUNT : 0
rocksdb.secondary.cache.filter.hits COUNT : 0
rocksdb.secondary.cache.index.hits COUNT : 0
rocksdb.secondary.cache.data.hits COUNT : 0
rocksdb.compressed.secondary.cache.dummy.hits COUNT : 0
rocksdb.compressed.secondary.cache.hits COUNT : 0
rocksdb.compressed.secondary.cache.promotions COUNT : 0
rocksdb.compressed.secondary.cache.promotion.skips COUNT : 0
rocksdb.bloom.filter.useful COUNT : 0
rocksdb.bloom.filter.full.positive COUNT : 0
rocksdb.bloom.filter.full.true.positive COUNT : 0
rocksdb.bloom.filter.prefix.checked COUNT : 0
rocksdb.bloom.filter.prefix.useful COUNT : 0
rocksdb.bloom.filter.prefix.true.positive COUNT : 0
rocksdb.persistent.cache.hit COUNT : 0
rocksdb.persistent.cache.miss COUNT : 0
rocksdb.sim.block.cache.hit COUNT : 0
rocksdb.sim.block.cache.miss COUNT : 0
rocksdb.memtable.hit COUNT : 0
rocksdb.memtable.miss COUNT : 16000000
rocksdb.l0.hit COUNT : 1696
rocksdb.l1.hit COUNT : 38696
rocksdb.l2andup.hit COUNT : 10074467
rocksdb.compaction.key.drop.new COUNT : 1822164
rocksdb.compaction.key.drop.obsolete COUNT : 0
rocksdb.compaction.key.drop.range_del COUNT : 0
rocksdb.compaction.key.drop.user COUNT : 0
rocksdb.compaction.range_del.drop.obsolete COUNT : 0
rocksdb.compaction.optimized.del.drop.obsolete COUNT : 0
rocksdb.compaction.cancelled COUNT : 0
rocksdb.compaction.aborted COUNT : 0
rocksdb.number.keys.written COUNT : 0
rocksdb.number.keys.read COUNT : 16000000
rocksdb.number.keys.updated COUNT : 0
rocksdb.bytes.written COUNT : 0
rocksdb.bytes.read COUNT : 10357615616
rocksdb.number.db.seek COUNT : 0
rocksdb.number.db.next COUNT : 0
rocksdb.number.db.prev COUNT : 0
rocksdb.number.db.seek.found COUNT : 0
rocksdb.number.db.next.found COUNT : 0
rocksdb.number.db.prev.found COUNT : 0
rocksdb.db.iter.bytes.read COUNT : 0
rocksdb.number.iter.skip COUNT : 0
rocksdb.number.reseeks.iteration COUNT : 0
rocksdb.num.iterator.created COUNT : 0
rocksdb.num.iterator.deleted COUNT : 0
rocksdb.no.file.opens COUNT : 1708
rocksdb.no.file.errors COUNT : 0
rocksdb.stall.micros COUNT : 0
rocksdb.db.mutex.wait.micros COUNT : 0
rocksdb.number.multiget.get COUNT : 0
rocksdb.number.multiget.keys.read COUNT : 0
rocksdb.number.multiget.bytes.read COUNT : 0
rocksdb.number.multiget.keys.found COUNT : 0
rocksdb.number.merge.failures COUNT : 0
rocksdb.getupdatessince.calls COUNT : 0
rocksdb.wal.synced COUNT : 0
rocksdb.wal.bytes COUNT : 0
rocksdb.write.self COUNT : 0
rocksdb.write.other COUNT : 0
rocksdb.write.wal COUNT : 0
rocksdb.compact.read.bytes COUNT : 26110304444
rocksdb.compact.write.bytes COUNT : 25098150857
rocksdb.flush.write.bytes COUNT : 0
rocksdb.compact.read.marked.bytes COUNT : 0
rocksdb.compact.read.periodic.bytes COUNT : 0
rocksdb.compact.read.ttl.bytes COUNT : 0
rocksdb.compact.write.marked.bytes COUNT : 0
rocksdb.compact.write.periodic.bytes COUNT : 0
rocksdb.compact.write.ttl.bytes COUNT : 0
rocksdb.number.direct.load.table.properties COUNT : 0
rocksdb.number.superversion_acquires COUNT : 1688
rocksdb.number.superversion_releases COUNT : 1654
rocksdb.number.superversion_cleanups COUNT : 108
rocksdb.number.block.compressed COUNT : 0
rocksdb.number.block.decompressed COUNT : 0
rocksdb.bytes.compressed.from COUNT : 0
rocksdb.bytes.compressed.to COUNT : 0
rocksdb.bytes.compression_bypassed COUNT : 25067924342
rocksdb.bytes.compression.rejected COUNT : 0
rocksdb.number.block_compression_bypassed COUNT : 5947711
rocksdb.number.block_compression_rejected COUNT : 0
rocksdb.bytes.decompressed.from COUNT : 0
rocksdb.bytes.decompressed.to COUNT : 0
rocksdb.merge.operation.time.nanos COUNT : 0
rocksdb.filter.operation.time.nanos COUNT : 0
rocksdb.compaction.total.time.cpu_micros COUNT : 119950192
rocksdb.row.cache.hit COUNT : 0
rocksdb.row.cache.miss COUNT : 0
rocksdb.read.amp.estimate.useful.bytes COUNT : 0
rocksdb.read.amp.total.read.bytes COUNT : 0
rocksdb.number.rate_limiter.drains COUNT : 0
rocksdb.blobdb.num.put COUNT : 0
rocksdb.blobdb.num.write COUNT : 0
rocksdb.blobdb.num.get COUNT : 0
rocksdb.blobdb.num.multiget COUNT : 0
rocksdb.blobdb.num.seek COUNT : 0
rocksdb.blobdb.num.next COUNT : 0
rocksdb.blobdb.num.prev COUNT : 0
rocksdb.blobdb.num.keys.written COUNT : 0
rocksdb.blobdb.num.keys.read COUNT : 0
rocksdb.blobdb.bytes.written COUNT : 0
rocksdb.blobdb.bytes.read COUNT : 0
rocksdb.blobdb.write.inlined COUNT : 0
rocksdb.blobdb.write.inlined.ttl COUNT : 0
rocksdb.blobdb.write.blob COUNT : 0
rocksdb.blobdb.write.blob.ttl COUNT : 0
rocksdb.blobdb.blob.file.bytes.written COUNT : 0
rocksdb.blobdb.blob.file.bytes.read COUNT : 0
rocksdb.blobdb.blob.file.synced COUNT : 0
rocksdb.blobdb.blob.index.expired.count COUNT : 0
rocksdb.blobdb.blob.index.expired.size COUNT : 0
rocksdb.blobdb.blob.index.evicted.count COUNT : 0
rocksdb.blobdb.blob.index.evicted.size COUNT : 0
rocksdb.blobdb.gc.num.files COUNT : 0
rocksdb.blobdb.gc.num.new.files COUNT : 0
rocksdb.blobdb.gc.failures COUNT : 0
rocksdb.blobdb.gc.num.keys.relocated COUNT : 0
rocksdb.blobdb.gc.bytes.relocated COUNT : 0
rocksdb.blobdb.fifo.num.files.evicted COUNT : 0
rocksdb.blobdb.fifo.num.keys.evicted COUNT : 0
rocksdb.blobdb.fifo.bytes.evicted COUNT : 0
rocksdb.blobdb.cache.miss COUNT : 0
rocksdb.blobdb.cache.hit COUNT : 0
rocksdb.blobdb.cache.add COUNT : 0
rocksdb.blobdb.cache.add.failures COUNT : 0
rocksdb.blobdb.cache.bytes.read COUNT : 0
rocksdb.blobdb.cache.bytes.write COUNT : 0
rocksdb.txn.overhead.mutex.prepare COUNT : 0
rocksdb.txn.overhead.mutex.old.commit.map COUNT : 0
rocksdb.txn.overhead.duplicate.key COUNT : 0
rocksdb.txn.overhead.mutex.snapshot COUNT : 0
rocksdb.txn.get.tryagain COUNT : 0
rocksdb.files.marked.trash COUNT : 0
rocksdb.files.marked.trash.deleted COUNT : 0
rocksdb.files.deleted.immediately COUNT : 412
rocksdb.error.handler.bg.error.count COUNT : 0
rocksdb.error.handler.bg.io.error.count COUNT : 0
rocksdb.error.handler.bg.retryable.io.error.count COUNT : 0
rocksdb.error.handler.autoresume.count COUNT : 0
rocksdb.error.handler.autoresume.retry.total.count COUNT : 0
rocksdb.error.handler.autoresume.success.count COUNT : 0
rocksdb.memtable.payload.bytes.at.flush COUNT : 0
rocksdb.memtable.garbage.bytes.at.flush COUNT : 0
rocksdb.verify_checksum.read.bytes COUNT : 0
rocksdb.backup.read.bytes COUNT : 0
rocksdb.backup.write.bytes COUNT : 0
rocksdb.remote.compact.read.bytes COUNT : 0
rocksdb.remote.compact.write.bytes COUNT : 0
rocksdb.remote.compact.resumed.bytes COUNT : 0
rocksdb.hot.file.read.bytes COUNT : 0
rocksdb.warm.file.read.bytes COUNT : 0
rocksdb.cool.file.read.bytes COUNT : 0
rocksdb.cold.file.read.bytes COUNT : 0
rocksdb.ice.file.read.bytes COUNT : 0
rocksdb.hot.file.read.count COUNT : 0
rocksdb.warm.file.read.count COUNT : 0
rocksdb.cool.file.read.count COUNT : 0
rocksdb.cold.file.read.count COUNT : 0
rocksdb.ice.file.read.count COUNT : 0
rocksdb.last.level.read.bytes COUNT : 0
rocksdb.last.level.read.count COUNT : 0
rocksdb.non.last.level.read.bytes COUNT : 201015575744
rocksdb.non.last.level.read.count COUNT : 47741052
rocksdb.last.level.seek.filtered COUNT : 0
rocksdb.last.level.seek.filter.match COUNT : 0
rocksdb.last.level.seek.data COUNT : 0
rocksdb.last.level.seek.data.useful.no.filter COUNT : 0
rocksdb.last.level.seek.data.useful.filter.match COUNT : 0
rocksdb.non.last.level.seek.filtered COUNT : 0
rocksdb.non.last.level.seek.filter.match COUNT : 0
rocksdb.non.last.level.seek.data COUNT : 0
rocksdb.non.last.level.seek.data.useful.no.filter COUNT : 0
rocksdb.non.last.level.seek.data.useful.filter.match COUNT : 0
rocksdb.block.checksum.compute.count COUNT : 47737636
rocksdb.block.checksum.mismatch.count COUNT : 0
rocksdb.multiget.coroutine.count COUNT : 0
rocksdb.read.async.micros COUNT : 0
rocksdb.async.read.error.count COUNT : 0
rocksdb.table.open.prefetch.tail.miss COUNT : 0
rocksdb.table.open.prefetch.tail.hit COUNT : 0
rocksdb.timestamp.filter.table.checked COUNT : 0
rocksdb.timestamp.filter.table.filtered COUNT : 0
rocksdb.readahead.trimmed COUNT : 0
rocksdb.fifo.max.size.compactions COUNT : 0
rocksdb.fifo.ttl.compactions COUNT : 0
rocksdb.fifo.change_temperature.compactions COUNT : 0
rocksdb.prefetch.bytes COUNT : 0
rocksdb.prefetch.bytes.useful COUNT : 0
rocksdb.prefetch.hits COUNT : 0
rocksdb.footer.corruption.count COUNT : 0
rocksdb.file.read.corruption.retry.count COUNT : 0
rocksdb.file.read.corruption.retry.success.count COUNT : 0
rocksdb.number.wbwi.ingest COUNT : 0
rocksdb.sst.user.defined.index.load.fail.count COUNT : 0
rocksdb.multiscan.prepare.calls COUNT : 0
rocksdb.multiscan.prepare.errors COUNT : 0
rocksdb.multiscan.blocks.prefetched COUNT : 0
rocksdb.multiscan.blocks.from.cache COUNT : 0
rocksdb.multiscan.prefetch.bytes COUNT : 0
rocksdb.multiscan.prefetch.blocks.wasted COUNT : 0
rocksdb.multiscan.io.requests COUNT : 0
rocksdb.multiscan.io.coalesced.nonadjacent COUNT : 0
rocksdb.multiscan.seek.errors COUNT : 0
rocksdb.prefetch.memory.bytes.granted COUNT : 0
rocksdb.prefetch.memory.bytes.released COUNT : 0
rocksdb.prefetch.memory.requests.blocked COUNT : 0
rocksdb.read.path.range.tombstones.inserted COUNT : 0
rocksdb.read.path.range.tombstones.discarded COUNT : 0
rocksdb.file.open.metadata.retrieved COUNT : 0
rocksdb.file.open.metadata.passed COUNT : 0
rocksdb.db.get.micros P50 : 146.016423 P95 : 375.273330 P99 : 780.401500 P100 : 4948446.000000 COUNT : 16000000 SUM : 3459509339
rocksdb.db.write.micros P50 : 0.000000 P95 : 0.000000 P99 : 0.000000 P100 : 0.000000 COUNT : 0 SUM : 0
rocksdb.compaction.times.micros P50 : 11327272.727273 P95 : 28820000.000000 P99 : 30506455.000000 P100 : 30506455.000000 COUNT : 114 SUM : 1271018709
rocksdb.compaction.times.cpu_micros P50 : 925384.615385 P95 : 2472727.272727 P99 : 2887272.727273 P100 : 3170725.000000 COUNT : 114 SUM : 119950192
rocksdb.subcompaction.setup.times.micros P50 : 38231.000000 P95 : 38231.000000 P99 : 38231.000000 P100 : 38231.000000 COUNT : 1 SUM : 38231
rocksdb.table.sync.micros P50 : 33000.000000 P95 : 57626.000000 P99 : 57626.000000 P100 : 57626.000000 COUNT : 2 SUM : 83233
rocksdb.compaction.outfile.sync.micros P50 : 562297.297297 P95 : 10521304.347826 P99 : 11547551.000000 P100 : 11547551.000000 COUNT : 381 SUM : 720329400
rocksdb.wal.file.sync.micros P50 : 0.000000 P95 : 0.000000 P99 : 0.000000 P100 : 0.000000 COUNT : 0 SUM : 0
rocksdb.manifest.file.sync.micros P50 : 4620.000000 P95 : 452833.333333 P99 : 4366000.000000 P100 : 4816756.000000 COUNT : 97 SUM : 13253943
rocksdb.table.open.io.micros P50 : 1406.666667 P95 : 3190.000000 P99 : 31020.000000 P100 : 553830.000000 COUNT : 1708 SUM : 4333158
rocksdb.db.multiget.micros P50 : 0.000000 P95 : 0.000000 P99 : 0.000000 P100 : 0.000000 COUNT : 0 SUM : 0
rocksdb.read.block.compaction.micros P50 : 2.918779 P95 : 9.415990 P99 : 461.197888 P100 : 4129137.000000 COUNT : 6189218 SUM : 419919135
rocksdb.read.block.get.micros P50 : 10.505460 P95 : 180.871591 P99 : 346.787929 P100 : 4948377.000000 COUNT : 41546710 SUM : 3071305762
rocksdb.write.raw.block.micros P50 : 0.720046 P95 : 2.475477 P99 : 4.245387 P100 : 3310372.000000 COUNT : 5948477 SUM : 163333110
rocksdb.numfiles.in.singlecompaction P50 : 2.465517 P95 : 7.660000 P99 : 9.532000 P100 : 10.000000 COUNT : 117 SUM : 416
rocksdb.db.seek.micros P50 : 0.000000 P95 : 0.000000 P99 : 0.000000 P100 : 0.000000 COUNT : 0 SUM : 0
rocksdb.db.write.stall P50 : 0.000000 P95 : 0.000000 P99 : 0.000000 P100 : 0.000000 COUNT : 0 SUM : 0
rocksdb.sst.read.micros P50 : 3.886079 P95 : 167.877816 P99 : 347.098316 P100 : 4948361.000000 COUNT : 47741052 SUM : 3235773526
rocksdb.file.read.flush.micros P50 : 0.000000 P95 : 0.000000 P99 : 0.000000 P100 : 0.000000 COUNT : 0 SUM : 0
rocksdb.file.read.compaction.micros P50 : 1.433180 P95 : 4.788131 P99 : 456.534710 P100 : 4129128.000000 COUNT : 6190742 SUM : 410605591
rocksdb.file.read.db.open.micros P50 : 3.792771 P95 : 1711.315789 P99 : 2556.380952 P100 : 3846.000000 COUNT : 5308 SUM : 1796613
rocksdb.file.read.get.micros P50 : 0.000000 P95 : 0.000000 P99 : 0.000000 P100 : 0.000000 COUNT : 0 SUM : 0
rocksdb.file.read.multiget.micros P50 : 0.000000 P95 : 0.000000 P99 : 0.000000 P100 : 0.000000 COUNT : 0 SUM : 0
rocksdb.file.read.db.iterator.micros P50 : 0.000000 P95 : 0.000000 P99 : 0.000000 P100 : 0.000000 COUNT : 0 SUM : 0
rocksdb.file.read.verify.db.checksum.micros P50 : 0.000000 P95 : 0.000000 P99 : 0.000000 P100 : 0.000000 COUNT : 0 SUM : 0
rocksdb.file.read.verify.file.checksums.micros P50 : 0.000000 P95 : 0.000000 P99 : 0.000000 P100 : 0.000000 COUNT : 0 SUM : 0
rocksdb.sst.write.micros P50 : 0.504549 P95 : 0.958643 P99 : 0.999007 P100 : 3310367.000000 COUNT : 11897337 SUM : 159368052
rocksdb.file.write.flush.micros P50 : 0.000000 P95 : 0.000000 P99 : 0.000000 P100 : 0.000000 COUNT : 0 SUM : 0
rocksdb.file.write.compaction.micros P50 : 0.504555 P95 : 0.958655 P99 : 0.999019 P100 : 3310367.000000 COUNT : 11852993 SUM : 159326273
rocksdb.file.write.db.open.micros P50 : 0.502903 P95 : 0.955516 P99 : 0.995749 P100 : 593.000000 COUNT : 44344 SUM : 41779
rocksdb.num.subcompactions.scheduled P50 : 13.000000 P95 : 13.000000 P99 : 13.000000 P100 : 13.000000 COUNT : 1 SUM : 13
rocksdb.bytes.per.read P50 : 959.906282 P95 : 1024.000000 P99 : 1024.000000 P100 : 1024.000000 COUNT : 16000000 SUM : 10357615616
rocksdb.bytes.per.write P50 : 0.000000 P95 : 0.000000 P99 : 0.000000 P100 : 0.000000 COUNT : 0 SUM : 0
rocksdb.bytes.per.multiget P50 : 0.000000 P95 : 0.000000 P99 : 0.000000 P100 : 0.000000 COUNT : 0 SUM : 0
rocksdb.compression.times.nanos P50 : 0.000000 P95 : 0.000000 P99 : 0.000000 P100 : 0.000000 COUNT : 0 SUM : 0
rocksdb.decompression.times.nanos P50 : 0.000000 P95 : 0.000000 P99 : 0.000000 P100 : 0.000000 COUNT : 0 SUM : 0
rocksdb.read.num.merge_operands P50 : 0.000000 P95 : 0.000000 P99 : 0.000000 P100 : 0.000000 COUNT : 0 SUM : 0
rocksdb.blobdb.key.size P50 : 0.000000 P95 : 0.000000 P99 : 0.000000 P100 : 0.000000 COUNT : 0 SUM : 0
rocksdb.blobdb.value.size P50 : 0.000000 P95 : 0.000000 P99 : 0.000000 P100 : 0.000000 COUNT : 0 SUM : 0
rocksdb.blobdb.write.micros P50 : 0.000000 P95 : 0.000000 P99 : 0.000000 P100 : 0.000000 COUNT : 0 SUM : 0
rocksdb.blobdb.get.micros P50 : 0.000000 P95 : 0.000000 P99 : 0.000000 P100 : 0.000000 COUNT : 0 SUM : 0
rocksdb.blobdb.multiget.micros P50 : 0.000000 P95 : 0.000000 P99 : 0.000000 P100 : 0.000000 COUNT : 0 SUM : 0
rocksdb.blobdb.seek.micros P50 : 0.000000 P95 : 0.000000 P99 : 0.000000 P100 : 0.000000 COUNT : 0 SUM : 0
rocksdb.blobdb.next.micros P50 : 0.000000 P95 : 0.000000 P99 : 0.000000 P100 : 0.000000 COUNT : 0 SUM : 0
rocksdb.blobdb.prev.micros P50 : 0.000000 P95 : 0.000000 P99 : 0.000000 P100 : 0.000000 COUNT : 0 SUM : 0
rocksdb.blobdb.blob.file.write.micros P50 : 0.000000 P95 : 0.000000 P99 : 0.000000 P100 : 0.000000 COUNT : 0 SUM : 0
rocksdb.blobdb.blob.file.read.micros P50 : 0.000000 P95 : 0.000000 P99 : 0.000000 P100 : 0.000000 COUNT : 0 SUM : 0
rocksdb.blobdb.blob.file.sync.micros P50 : 0.000000 P95 : 0.000000 P99 : 0.000000 P100 : 0.000000 COUNT : 0 SUM : 0
rocksdb.blobdb.compression.micros P50 : 0.000000 P95 : 0.000000 P99 : 0.000000 P100 : 0.000000 COUNT : 0 SUM : 0
rocksdb.blobdb.decompression.micros P50 : 0.000000 P95 : 0.000000 P99 : 0.000000 P100 : 0.000000 COUNT : 0 SUM : 0
rocksdb.db.flush.micros P50 : 0.000000 P95 : 0.000000 P99 : 0.000000 P100 : 0.000000 COUNT : 0 SUM : 0
rocksdb.sst.batch.size P50 : 0.000000 P95 : 0.000000 P99 : 0.000000 P100 : 0.000000 COUNT : 0 SUM : 0
rocksdb.multiget.io.batch.size P50 : 0.000000 P95 : 0.000000 P99 : 0.000000 P100 : 0.000000 COUNT : 0 SUM : 0
rocksdb.num.index.and.filter.blocks.read.per.level P50 : 0.000000 P95 : 0.000000 P99 : 0.000000 P100 : 0.000000 COUNT : 0 SUM : 0
rocksdb.num.sst.read.per.level P50 : 0.000000 P95 : 0.000000 P99 : 0.000000 P100 : 0.000000 COUNT : 0 SUM : 0
rocksdb.num.level.read.per.multiget P50 : 0.000000 P95 : 0.000000 P99 : 0.000000 P100 : 0.000000 COUNT : 0 SUM : 0
rocksdb.error.handler.autoresume.retry.count P50 : 0.000000 P95 : 0.000000 P99 : 0.000000 P100 : 0.000000 COUNT : 0 SUM : 0
rocksdb.async.read.bytes P50 : 0.000000 P95 : 0.000000 P99 : 0.000000 P100 : 0.000000 COUNT : 0 SUM : 0
rocksdb.poll.wait.micros P50 : 0.000000 P95 : 0.000000 P99 : 0.000000 P100 : 0.000000 COUNT : 0 SUM : 0
rocksdb.compaction.prefetch.bytes P50 : 0.000000 P95 : 0.000000 P99 : 0.000000 P100 : 0.000000 COUNT : 0 SUM : 0
rocksdb.prefetched.bytes.discarded P50 : 0.000000 P95 : 0.000000 P99 : 0.000000 P100 : 0.000000 COUNT : 0 SUM : 0
rocksdb.async.prefetch.abort.micros P50 : 0.000000 P95 : 0.000000 P99 : 0.000000 P100 : 0.000000 COUNT : 0 SUM : 0
rocksdb.table.open.prefetch.tail.read.bytes P50 : 0.000000 P95 : 0.000000 P99 : 0.000000 P100 : 0.000000 COUNT : 0 SUM : 0
rocksdb.num.op.per.transaction P50 : 0.000000 P95 : 0.000000 P99 : 0.000000 P100 : 0.000000 COUNT : 0 SUM : 0
rocksdb.multiscan.op.prepare.iterators.micros P50 : 0.000000 P95 : 0.000000 P99 : 0.000000 P100 : 0.000000 COUNT : 0 SUM : 0
rocksdb.multiscan.prepare.micros P50 : 0.000000 P95 : 0.000000 P99 : 0.000000 P100 : 0.000000 COUNT : 0 SUM : 0
rocksdb.multiscan.blocks.per.prepare P50 : 0.000000 P95 : 0.000000 P99 : 0.000000 P100 : 0.000000 COUNT : 0 SUM : 0
rocksdb.block.key.distribution.cv P50 : 0.000000 P95 : 0.000000 P99 : 0.000000 P100 : 0.000000 COUNT : 0 SUM : 0

