t_s,state,nthreads,utime_s,stime_s,disk_r_mb,disk_w_mb,disk_io_ms
0.0,R,1,0.00,0.00,17774186.3,87106849.8,436177833
1.0,S,42,9.50,4.43,17774186.3,87106851.6,436177855
2.0,S,42,20.32,9.44,17774186.3,87106851.7,436177857
3.0,S,42,30.42,14.26,17774186.3,87106968.1,436177953
4.0,S,42,41.15,19.36,17774186.3,87106968.9,436177964
5.0,S,42,51.96,24.35,17774186.3,87106971.1,436177966
6.0,S,42,62.82,29.32,17774186.3,87106971.2,436177967
7.0,S,42,75.19,34.25,17774186.3,87107067.3,436178121
8.0,S,46,85.00,38.99,17774186.3,87107118.9,436178240
9.0,S,44,98.52,43.96,17774186.3,87107194.2,436178471
10.0,S,47,110.44,48.59,17774186.3,87107271.4,436178601
11.0,S,44,126.34,53.62,17774186.3,87107342.3,436178695
12.0,S,43,139.41,58.61,17774186.3,87107365.8,436178734
13.0,S,47,151.75,62.98,17774186.3,87107462.1,436178882
14.0,S,46,166.02,67.77,17774186.3,87107635.3,436179137
15.1,S,45,179.99,73.24,17774186.3,87107708.5,436179321
16.1,S,45,194.63,78.49,17774186.3,87107709.8,436179326
17.1,S,48,206.86,82.00,17774186.3,87107837.2,436179642
18.1,S,45,222.37,86.81,17774186.3,87107907.4,436179836
19.1,S,44,235.56,92.09,17774186.3,87107989.3,436180136
20.1,S,52,240.10,93.63,17774186.3,87108217.8,436180910
21.1,S,50,260.38,98.34,17774186.3,87108264.7,436181046
22.1,S,48,279.03,103.21,17774186.3,87108312.2,436181114
23.1,S,52,295.66,107.22,17774186.3,87108416.7,436181268
24.1,S,49,317.02,111.90,17774186.3,87108507.4,436181386
25.1,S,45,332.14,116.93,17774186.3,87108750.7,436181694
26.1,S,51,343.22,121.48,17774186.3,87108961.5,436182293
27.1,S,55,363.36,125.06,17774186.3,87109050.4,436182596
28.1,S,51,386.68,129.80,17774186.3,87109149.5,436182717
29.1,S,51,407.62,134.82,17774186.3,87109149.7,436182721
30.1,S,54,426.46,139.30,17774186.3,87109288.1,436182894
31.1,S,49,445.75,143.93,17774186.3,87109696.9,436183377
32.1,S,42,457.53,148.50,17774186.3,87109962.8,436183699
33.1,S,51,476.18,153.92,17774186.3,87109963.5,436183705
34.1,S,55,497.68,157.88,17774186.3,87110066.9,436183924
35.1,S,51,519.57,162.46,17774186.3,87110182.6,436184121
36.1,S,50,539.50,167.44,17774186.3,87110196.4,436184180
37.1,S,54,559.12,171.65,17774186.3,87110331.8,436184358
38.1,S,50,579.52,176.47,17774186.3,87110607.5,436184838
39.1,S,51,593.54,181.31,17774186.3,87110978.5,436185199
40.1,S,51,614.32,186.48,17774186.3,87110979.2,436185205
41.1,S,54,636.28,190.55,17774186.3,87111106.6,436185388
42.1,S,50,655.64,194.76,17774186.3,87111202.7,436185668
43.1,S,50,675.56,199.76,17774186.3,87111242.9,436185723
44.1,S,45,688.63,203.06,17774186.3,87111621.0,436186293
45.1,S,47,703.66,207.23,17774186.3,87111877.8,436186803
46.1,S,50,719.75,212.32,17774186.4,87111983.7,436186967
47.1,S,50,739.38,217.62,17774186.4,87111984.0,436186968
48.1,S,53,757.75,221.57,17774186.4,87112107.3,436187207
49.1,S,51,779.63,226.43,17774186.4,87112203.5,436187352
50.1,S,49,798.08,231.39,17774186.4,87112300.8,436187474
51.1,S,50,812.84,235.76,17774186.4,87112669.5,436187830
52.1,S,46,828.01,240.28,17774186.4,87112858.3,436188209
53.1,S,42,839.72,245.20,17774186.4,87112920.5,436188315
54.1,S,46,850.88,249.39,17774186.4,87113023.4,436188480
55.1,S,43,865.41,254.38,17774186.4,87113115.9,436188612
56.1,S,42,876.91,259.55,17774186.4,87113184.8,436188811
57.1,S,46,889.22,263.89,17774186.4,87113287.6,436188969
58.1,S,42,902.41,268.97,17774186.4,87113383.3,436189055
59.1,S,42,914.11,274.09,17774186.4,87113383.6,436189058
60.1,S,56,930.55,278.80,17774186.4,87113545.5,436189205
61.1,S,52,953.10,283.87,17774186.4,87113642.7,436189290
62.1,S,52,975.03,288.91,17774186.4,87113642.8,436189291
63.1,S,56,993.13,292.10,17774186.4,87113796.3,436189765
64.1,S,55,1018.79,296.98,17774186.4,87114030.7,436190068
65.1,S,50,1039.06,301.75,17774186.4,87114262.6,436190386
66.1,S,46,1048.90,305.25,17774186.4,87114462.1,436190976
67.1,S,46,1060.40,309.65,17774186.4,87114655.2,436191242
68.1,S,42,1074.36,314.66,17774186.4,87114751.1,436191371
69.1,S,42,1085.89,319.98,17774186.4,87114751.4,436191372
70.1,S,46,1097.78,324.19,17774186.4,87114854.4,436191549
71.1,S,42,1111.29,329.16,17774186.4,87114981.5,436191757
72.1,S,42,1122.99,334.23,17774186.4,87115019.7,436191793
73.1,S,46,1137.18,338.94,17774186.4,87115118.7,436191884
74.1,S,42,1149.51,343.87,17774186.4,87115214.7,436191972
75.1,S,46,1161.34,348.46,17774186.4,87115317.8,436192067
76.1,S,57,1177.82,353.39,17774186.4,87115477.4,436192445
77.1,S,57,1205.08,358.06,17774186.4,87115478.5,436192448
78.1,S,57,1231.98,363.05,17774186.4,87115478.7,436192449
79.1,S,61,1259.43,367.30,17774186.4,87115581.4,436192592
80.1,S,60,1289.59,371.96,17774186.4,87115652.1,436192745
81.1,S,56,1314.83,376.32,17774186.4,87115891.1,436193135
82.1,S,53,1334.79,379.97,17774186.4,87116399.8,436193936
83.1,S,46,1346.63,383.01,17774186.4,87116841.1,436194605
84.1,S,43,1361.23,388.13,17774186.4,87116913.0,436194704
85.1,S,42,1373.07,393.45,17774186.4,87116937.5,436194870
86.1,S,46,1384.99,397.81,17774186.4,87117040.6,436195004
87.1,S,42,1398.53,402.81,17774186.4,87117137.4,436195127
88.1,S,42,1410.03,408.08,17774186.4,87117202.3,436195216
89.1,S,46,1422.69,412.49,17774186.4,87117305.4,436195361
90.1,S,42,1434.97,417.25,17774186.4,87117401.3,436195540
91.1,S,42,1445.98,422.12,17774186.4,87117437.4,436195610
92.1,S,61,1464.31,426.37,17774186.4,87117570.3,436195829
93.1,S,57,1492.85,431.38,17774186.4,87117666.6,436195957
94.1,S,57,1519.63,436.26,17774186.4,87117667.4,436195962
95.1,S,61,1545.81,440.43,17774186.4,87117770.3,436196065
96.1,S,61,1575.84,445.33,17774186.4,87117814.1,436196106
97.1,S,57,1603.23,450.14,17774186.4,87118049.7,436196394
98.1,S,57,1629.65,455.14,17774186.4,87118249.1,436196770
99.1,S,57,1656.46,460.15,17774186.4,87118321.5,436196883
100.1,S,60,1682.34,464.31,17774186.4,87118619.2,436197396
101.1,S,55,1695.61,467.54,17774186.4,87119245.6,436198397
102.3,S,42,1705.95,472.30,17774186.4,87119527.1,436198722
103.3,S,46,1717.26,476.95,17774186.4,87119631.0,436198826
104.3,S,42,1731.75,481.98,17774186.4,87119727.0,436198969
105.3,S,42,1743.55,487.03,17774186.4,87119727.9,436198972
106.3,S,46,1753.25,490.70,17774186.4,87119895.3,436199328
107.3,S,44,1768.06,495.89,17774186.4,87119988.3,436199458
108.3,S,42,1779.86,500.95,17774186.4,87119991.8,436199473
109.3,S,46,1792.46,505.27,17774186.4,87120094.4,436199614
110.3,S,42,1805.19,510.11,17774186.4,87120190.5,436199779
111.3,S,42,1815.78,514.74,17774186.4,87120299.4,436199978
112.3,S,46,1830.67,519.19,17774186.4,87120383.9,436200074
113.3,S,57,1852.85,523.92,17774186.4,87120480.1,436200163
114.3,S,57,1880.06,528.60,17774186.4,87120509.6,436200196
115.3,S,61,1907.99,532.99,17774186.4,87120612.7,436200289
116.3,S,58,1935.04,537.29,17774186.4,87120780.9,436200526
117.3,S,57,1962.30,541.81,17774186.4,87120827.5,436200662
118.3,S,57,1989.57,546.46,17774186.4,87120827.9,436200664
119.3,S,61,2012.75,549.69,17774186.4,87121124.4,436201069
120.3,S,61,2042.59,554.61,17774186.4,87121277.6,436201260
121.3,S,57,2068.47,558.77,17774186.4,87121373.9,436201668
122.3,S,57,2095.50,563.55,17774186.4,87121483.1,436201805
123.3,S,57,2121.19,567.98,17774186.4,87121742.3,436202224
124.3,S,57,2134.01,569.89,17774186.4,87122505.1,436203225
125.3,S,43,2146.84,574.11,17774186.4,87123015.8,436204136
126.3,S,42,2158.73,579.41,17774186.4,87123034.9,436204154
127.3,S,46,2171.14,584.04,17774186.4,87123138.2,436204248
128.3,S,42,2184.71,588.88,17774186.4,87123234.1,436204335
129.3,S,42,2196.31,593.70,17774186.4,87123298.8,436204394
130.3,S,46,2208.42,598.04,17774186.4,87123401.7,436204576
131.3,S,42,2221.46,603.27,17774186.4,87123519.6,436204774
132.3,S,42,2232.64,608.20,17774186.4,87123556.7,436204818
133.3,S,46,2247.10,612.84,17774186.4,87123622.7,436204907
134.3,S,42,2258.65,617.86,17774186.4,87123718.7,436205058
135.3,S,42,2267.13,621.66,17774186.4,87123876.2,436205337
136.3,S,46,2282.53,626.54,17774186.4,87123906.4,436205408
137.3,S,42,2290.69,630.04,17774186.4,87123999.0,436205772
138.3,S,42,2301.65,634.76,17774186.4,87124044.3,436205849
139.3,S,46,2315.95,639.55,17774186.4,87124102.5,436205938
140.3,S,42,2327.77,644.59,17774186.4,87124198.3,436206099
141.3,S,46,2338.40,649.11,17774186.4,87124365.6,436206322
142.3,S,42,2353.06,654.06,17774186.4,87124461.8,436206444
143.3,S,42,2364.70,659.26,17774186.4,87124462.2,436206446
144.3,S,46,2376.62,663.68,17774186.4,87124565.0,436206582
145.3,S,42,2390.09,668.48,17774186.4,87124725.2,436206813
146.3,S,42,2401.75,673.65,17774186.4,87124725.5,436206817
147.3,S,46,2415.47,678.20,17774186.4,87124828.2,436206908
148.3,S,42,2428.10,683.23,17774186.4,87124924.4,436206995
149.3,S,42,2437.52,687.37,17774186.4,87125048.1,436207194
150.3,S,46,2450.02,691.67,17774186.4,87125092.3,436207386
151.3,S,42,2462.18,696.82,17774186.4,87125214.5,436207567
152.3,S,61,2478.18,701.01,17774186.4,87125318.1,436207717
153.3,S,61,2508.50,705.82,17774186.4,87125318.9,436207719
154.3,S,57,2536.66,710.37,17774186.4,87125415.3,436207923
155.3,S,57,2563.75,715.11,17774186.4,87125415.5,436207924
156.3,S,57,2590.65,720.11,17774186.4,87125415.8,436207927
157.3,S,61,2618.74,723.94,17774186.4,87125518.6,436208074
158.3,S,57,2648.37,728.40,17774186.4,87125624.9,436208230
159.3,S,57,2674.76,732.93,17774186.4,87125832.0,436208432
160.3,S,57,2701.70,737.88,17774186.4,87125911.3,436208501
161.3,S,61,2728.74,741.99,17774186.4,87126014.2,436208606
162.3,S,61,2753.49,745.37,17774186.4,87126385.1,436209390
163.3,S,57,2775.80,748.55,17774186.4,87126636.3,436209738
164.3,S,57,2794.56,751.07,17774186.4,87127102.4,436210563
165.3,S,57,2813.21,753.62,17774186.4,87127589.6,436211102
166.3,S,57,2833.23,754.84,17774186.4,87127590.4,436211106
167.3,S,56,2852.08,756.19,17774186.4,87127800.8,436211379
168.3,S,52,2868.99,757.60,17774186.4,87128108.8,436211953
169.3,S,47,2877.31,758.89,17774186.4,87128590.2,436212954
170.3,S,46,2884.59,760.76,17774186.4,87128768.5,436213207
171.3,S,42,2896.22,762.23,17774186.4,87128864.7,436213335
172.3,S,42,2904.91,763.65,17774186.4,87128864.9,436213338
173.3,S,42,2913.76,764.99,17774186.4,87128865.2,436213347
174.3,S,42,2922.49,766.48,17774186.4,87128929.7,436213447
175.3,S,42,2931.07,767.84,17774186.4,87128938.3,436213458
176.3,S,42,2939.81,769.17,17774186.4,87128938.4,436213461
177.3,S,46,2948.94,770.54,17774186.4,87129041.9,436213557
178.3,S,42,2959.82,772.13,17774186.4,87129137.7,436213644
179.3,S,42,2968.48,773.62,17774186.4,87129202.4,436213703
180.3,S,42,2977.21,775.00,17774186.4,87129202.6,436213706
181.3,S,42,2986.05,776.31,17774186.4,87129203.2,436213706
182.3,S,42,2994.85,777.64,17774186.4,87129203.6,436213708
183.3,S,42,3003.44,778.86,17774186.4,87129268.3,436213766
184.3,S,46,3010.88,780.01,17774186.4,87129371.2,436214045
185.3,S,43,3022.21,781.67,17774186.4,87129467.1,436214259
186.3,S,42,3030.68,783.25,17774186.4,87129523.3,436214334
187.3,S,42,3039.38,784.62,17774186.4,87129524.1,436214337
188.3,S,42,3048.14,786.01,17774186.4,87129524.6,436214339
189.3,S,42,3056.91,787.32,17774186.4,87129524.9,436214341
190.3,S,42,3065.45,788.82,17774186.4,87129589.5,436214433
191.3,S,46,3075.04,790.22,17774186.4,87129692.3,436214582
192.3,S,42,3084.79,791.83,17774186.4,87129788.3,436214742
193.3,S,42,3093.45,793.17,17774186.4,87129789.0,436214747
194.3,S,42,3101.99,794.51,17774186.4,87129853.6,436214831
195.3,S,42,3110.75,795.93,17774186.4,87129853.9,436214834
196.3,S,42,3119.45,797.42,17774186.4,87129854.1,436214836
197.3,S,42,3128.19,798.74,17774186.4,87129854.4,436214846
198.3,S,46,3138.13,799.97,17774186.4,87130021.7,436215069
199.3,S,42,3147.89,801.51,17774186.4,87130118.0,436215157
200.3,S,42,3156.60,802.98,17774186.4,87130118.2,436215159
201.3,S,42,3165.39,804.35,17774186.4,87130153.4,436215193
202.3,S,42,3174.16,805.77,17774186.4,87130153.6,436215193
203.3,S,42,3183.03,807.15,17774186.4,87130153.8,436215197
204.3,S,42,3191.46,808.48,17774186.4,87130193.3,436215235
205.4,S,46,3203.03,809.99,17774186.4,87130321.8,436215358
206.4,S,42,3211.69,811.39,17774186.4,87130417.6,436215461
207.4,S,42,3220.19,812.74,17774186.4,87130417.9,436215465
208.4,S,42,3228.95,814.16,17774186.4,87130418.0,436215468
209.4,S,42,3237.57,815.56,17774186.4,87130482.9,436215537
210.4,S,42,3246.38,816.84,17774186.4,87130483.3,436215540
211.4,S,46,3254.53,818.19,17774186.4,87130586.1,436215654
212.4,S,45,3266.35,819.88,17774186.4,87130681.9,436215770
213.4,S,57,3275.40,821.42,17774186.4,87130744.2,436215843
214.4,S,57,3298.74,822.85,17774186.4,87130744.9,436215851
215.4,S,57,3322.25,824.34,17774186.4,87130746.1,436215858
216.4,S,57,3346.54,826.03,17774186.4,87130746.3,436215858
217.4,S,61,3370.70,828.16,17774186.4,87130849.2,436216154
218.4,S,60,3400.03,832.78,17774186.4,87130977.2,436216389
219.4,S,57,3427.39,837.72,17774186.4,87131110.7,436216607
220.4,S,57,3454.61,842.42,17774186.4,87131111.5,436216608
221.4,S,61,3480.85,846.67,17774186.4,87131297.4,436216852
222.4,S,61,3509.65,851.15,17774186.4,87131482.2,436217184
223.4,S,57,3534.51,855.01,17774186.4,87131578.2,436217424
224.4,S,57,3560.87,859.76,17774186.4,87131773.5,436217737
225.4,S,57,3583.69,864.02,17774186.4,87132403.4,436218684
226.4,S,61,3600.88,866.10,17774186.4,87133077.3,436219439
227.4,S,61,3631.44,870.85,17774186.4,87133109.0,436219488
228.4,S,57,3659.42,875.44,17774186.4,87133204.8,436219617
229.4,S,57,3686.53,880.13,17774186.4,87133271.4,436219705
230.4,S,57,3709.91,883.31,17774186.4,87133529.6,436220079
231.4,S,59,3725.34,884.37,17774186.4,87133883.6,436220943
232.4,S,56,3750.85,888.58,17774186.4,87134189.8,436221501
233.4,S,46,3766.68,893.34,17774186.4,87134757.7,436222209
234.4,S,42,3777.21,898.61,17774186.4,87134846.8,436222344
235.4,S,46,3791.18,903.07,17774186.4,87134924.9,436222465
236.4,S,42,3802.94,908.02,17774186.4,87135020.7,436222750
237.4,S,46,3813.84,912.29,17774186.4,87135124.5,436222904
238.4,S,43,3828.31,917.42,17774186.4,87135196.7,436223049
239.4,S,42,3840.10,922.46,17774186.4,87135285.5,436223163
240.4,S,46,3851.10,926.72,17774186.4,87135409.0,436223341
241.4,S,42,3864.22,931.45,17774186.4,87135504.9,436223559
242.4,S,42,3875.96,936.54,17774186.4,87135505.5,436223560
243.4,S,46,3888.62,940.86,17774186.4,87135608.8,436223703
244.4,S,42,3900.99,945.32,17774186.4,87135705.2,436223935
245.4,S,42,3912.61,950.34,17774186.4,87135770.1,436224093
246.4,S,46,3925.90,954.88,17774186.4,87135873.0,436224240
247.4,S,42,3934.11,958.11,17774186.4,87135969.2,436224676
248.4,S,42,3945.93,963.11,17774186.4,87135969.6,436224677
249.4,S,46,3959.81,967.82,17774186.4,87136136.9,436224830
250.4,S,42,3972.02,972.87,17774186.4,87136232.4,436224915
251.4,S,42,3980.21,976.42,17774186.4,87136288.6,436225237
252.4,S,46,3994.71,980.93,17774186.4,87136335.3,436225327
253.4,S,42,4006.39,985.90,17774186.4,87136437.5,436225459
254.4,S,46,4017.53,990.17,17774186.4,87136598.5,436225679
255.4,S,42,4032.57,995.45,17774186.4,87136695.0,436225812
256.4,S,42,4044.22,1000.66,17774186.4,87136695.0,436225812
257.4,S,46,4056.52,1005.05,17774186.4,87136798.1,436225954
258.4,S,42,4069.37,1009.88,17774186.4,87136958.8,436226236
259.4,S,42,4081.13,1014.91,17774186.4,87136959.5,436226241
260.4,S,46,4095.14,1019.73,17774186.4,87137062.5,436226334
261.4,S,42,4107.36,1024.70,17774186.4,87137158.5,436226425
262.4,S,46,4117.18,1028.84,17774186.4,87137327.1,436226625
263.4,S,61,4133.70,1033.36,17774186.5,87137373.5,436226731
264.4,S,57,4159.63,1038.20,17774186.5,87137423.5,436226978
265.4,S,57,4186.76,1042.98,17774186.5,87137425.3,436226983
266.4,S,61,4213.52,1047.29,17774186.5,87137528.4,436227124
267.4,S,61,4244.25,1051.94,17774186.5,87137528.8,436227129
268.4,S,57,4267.11,1055.20,17774186.5,87137625.0,436227254
269.4,S,57,4288.12,1057.80,17774186.5,87137685.1,436227336
270.4,S,57,4308.99,1060.54,17774186.5,87137908.5,436227666
271.4,S,57,4330.41,1063.38,17774186.5,87137994.5,436227743
272.4,S,57,4351.57,1065.83,17774186.5,87137994.7,436227744
273.4,S,57,4373.03,1068.63,17774186.5,87137995.1,436227751
274.4,S,57,4391.71,1070.02,17774186.5,87138434.9,436228436
275.4,S,57,4403.23,1071.13,17774186.5,87139050.2,436229409
276.4,S,57,4411.55,1071.46,17774186.5,87139677.7,436230410
277.4,S,61,4436.72,1072.60,17774186.5,87139709.3,436230444
278.4,S,57,4452.23,1073.31,17774186.5,87139890.6,436230883
279.4,S,57,4471.11,1074.22,17774186.5,87139891.1,436230888
280.4,S,57,4489.04,1075.17,17774186.5,87140155.3,436231227
281.4,S,57,4507.53,1076.09,17774186.5,87140290.3,436231422
282.4,S,57,4526.04,1077.00,17774186.5,87140430.0,436231607
283.4,S,56,4544.20,1077.90,17774186.5,87140468.9,436231679
284.4,S,56,4561.50,1078.84,17774186.5,87140628.5,436231914
285.4,S,54,4577.79,1079.89,17774186.5,87140959.4,436232403
286.4,S,49,4587.93,1080.78,17774186.5,87141470.1,436233136
287.4,S,48,4595.68,1081.72,17774186.5,87141754.6,436233730
288.5,S,42,4601.70,1082.98,17774186.5,87142029.7,436234144
289.5,S,42,4609.97,1084.75,17774186.5,87142030.7,436234153
290.5,S,46,4617.98,1085.95,17774186.5,87142133.9,436234330
291.5,S,43,4629.99,1087.57,17774186.5,87142206.1,436234393
292.5,S,42,4638.85,1088.97,17774186.5,87142230.3,436234416
293.5,S,42,4647.65,1090.43,17774186.5,87142295.9,436234475
294.5,S,42,4656.49,1091.89,17774186.5,87142296.2,436234478
295.5,S,42,4665.22,1093.25,17774186.5,87142390.3,436234560
296.5,S,42,4674.10,1094.55,17774186.5,87142390.6,436234565
297.5,S,46,4685.10,1096.23,17774186.5,87142464.3,436234637
298.5,S,42,4694.95,1097.69,17774186.5,87142560.5,436234801
299.5,S,42,4703.71,1099.23,17774186.5,87142590.4,436234844
300.5,S,42,4712.38,1100.51,17774186.5,87142678.8,436235003
301.5,S,42,4720.92,1101.98,17774186.5,87142743.4,436235088
302.5,S,42,4729.68,1103.39,17774186.5,87142743.8,436235092
303.5,S,42,4738.25,1104.79,17774186.5,87142757.7,436235127
304.5,S,46,4750.70,1106.34,17774186.5,87142790.8,436235183
305.5,S,42,4759.25,1107.70,17774186.5,87142920.3,436235447
306.5,S,42,4768.03,1109.11,17774186.5,87142920.6,436235450
307.5,S,42,4776.70,1110.57,17774186.5,87142943.7,436235489
308.5,S,42,4785.45,1111.97,17774186.5,87142944.1,436235492
309.5,S,42,4794.16,1113.23,17774186.5,87142944.3,436235494
310.5,S,46,4803.72,1114.83,17774186.5,87143048.1,436235652
311.5,S,46,4814.38,1116.36,17774186.5,87143187.6,436236028
312.5,S,42,4823.05,1117.66,17774186.5,87143208.4,436236132
313.5,S,42,4831.86,1119.08,17774186.5,87143208.6,436236135
314.5,S,42,4840.57,1120.54,17774186.5,87143208.8,436236136
315.5,S,42,4848.91,1122.01,17774186.5,87143273.9,436236359
316.5,S,42,4857.76,1123.50,17774186.5,87143274.3,436236362
317.5,S,46,4866.49,1124.77,17774186.5,87143377.3,436236509
318.5,S,42,4877.77,1126.38,17774186.5,87143473.3,436236646
319.5,S,42,4886.35,1127.87,17774186.5,87143538.0,436236738
320.5,S,42,4895.10,1129.28,17774186.5,87143538.2,436236741
321.5,S,42,4903.79,1130.62,17774186.5,87143538.8,436236746
322.5,S,42,4912.28,1132.05,17774186.5,87143590.0,436236820
323.5,S,42,4921.19,1133.43,17774186.5,87143590.5,436236824
324.5,S,46,4930.50,1134.82,17774186.5,87143693.2,436236968
325.5,S,42,4941.54,1136.41,17774186.5,87143789.4,436237107
326.6,S,42,4950.19,1137.75,17774186.5,87143853.9,436237162
327.6,S,42,4958.71,1139.18,17774186.5,87143855.0,436237165
328.6,S,42,4967.34,1140.55,17774186.5,87143855.2,436237167
329.6,S,42,4976.04,1141.88,17774186.5,87143855.4,436237170
330.6,S,42,4984.73,1143.23,17774186.5,87143920.1,436237226
331.6,S,46,4995.44,1144.87,17774186.5,87144022.8,436237320
332.6,S,42,5005.41,1146.43,17774186.5,87144118.9,436237421
333.6,S,42,5014.16,1147.91,17774186.5,87144119.4,436237425
334.6,S,42,5022.78,1149.35,17774186.5,87144149.6,436237457
335.6,S,42,5031.23,1150.80,17774186.5,87144184.5,436237535
336.6,S,42,5039.95,1152.22,17774186.5,87144184.8,436237540
337.6,S,46,5048.58,1153.62,17774186.5,87144287.9,436237650
338.6,S,42,5060.21,1155.19,17774186.5,87144384.2,436237771
339.6,S,42,5068.72,1156.57,17774186.5,87144449.2,436237843
340.6,S,42,5077.48,1158.00,17774186.5,87144449.3,436237844
341.6,S,42,5086.34,1159.39,17774186.5,87144449.6,436237852
342.6,S,42,5095.04,1160.73,17774186.5,87144449.8,436237855
343.6,S,42,5103.03,1162.12,17774186.5,87144514.6,436238121
344.6,S,46,5110.97,1163.57,17774186.5,87144662.6,436238351
345.6,S,42,5122.68,1165.15,17774186.5,87144759.2,436238471
346.6,S,42,5131.31,1166.64,17774186.5,87144759.5,436238474
347.6,S,42,5140.17,1168.07,17774186.5,87144759.7,436238481
348.6,S,42,5148.67,1169.57,17774186.5,87144825.0,436238584
349.6,S,42,5157.20,1170.98,17774186.5,87144825.4,436238588
350.6,S,42,5166.22,1172.35,17774186.5,87144825.5,436238590
351.6,S,46,5175.75,1173.88,17774186.5,87144928.6,436238684
352.6,S,42,5186.46,1175.43,17774186.5,87145088.9,436238827
353.6,S,42,5195.39,1176.76,17774186.5,87145089.4,436238830
354.6,S,42,5204.14,1178.15,17774186.5,87145089.6,436238832
355.6,S,42,5212.77,1179.42,17774186.5,87145089.9,436238834
356.6,S,42,5221.47,1180.80,17774186.5,87145156.3,436238895
357.6,S,42,5230.07,1182.23,17774186.5,87145156.8,436238898
358.6,S,46,5239.32,1183.46,17774186.5,87145259.6,436239084
359.6,S,42,5249.42,1185.06,17774186.5,87145355.9,436239258
360.6,S,42,5258.07,1186.41,17774186.5,87145356.2,436239265
361.6,S,42,5266.59,1187.86,17774186.5,87145420.9,436239406
362.6,S,42,5275.23,1189.24,17774186.5,87145421.4,436239408
363.6,S,42,5284.12,1190.67,17774186.5,87145421.7,436239410
364.6,S,42,5292.75,1191.93,17774186.5,87145421.9,436239411
365.6,S,46,5301.59,1193.20,17774186.5,87145589.4,436239651
366.6,S,42,5311.44,1194.74,17774186.5,87145685.2,436239789
367.6,S,42,5320.22,1196.09,17774186.5,87145685.7,436239793
368.6,S,42,5328.93,1197.56,17774186.5,87145685.9,436239795
369.6,S,42,5337.52,1199.02,17774186.5,87145750.6,436239963
370.6,S,42,5346.20,1200.41,17774186.5,87145751.0,436239964
371.6,S,42,5354.88,1201.79,17774186.5,87145751.3,436239968
372.6,S,46,5364.56,1203.15,17774186.5,87145854.1,436240175
373.6,S,42,5372.35,1204.28,17774186.5,87146014.5,436240406
374.6,S,42,5378.16,1205.28,17774186.5,87146014.7,436240410
375.6,S,42,5384.05,1206.20,17774186.5,87146015.0,436240415
376.6,S,42,5389.92,1207.06,17774186.5,87146015.5,436240419
377.6,S,42,5395.62,1207.97,17774186.5,87146015.8,436240422
378.6,S,42,5401.31,1208.88,17774186.5,87146080.7,436240513
379.6,S,42,5407.25,1209.68,17774186.5,87146108.0,436240580
380.6,S,42,5413.10,1210.63,17774186.5,87146108.2,436240583
381.6,S,42,5418.83,1211.61,17774186.5,87146124.5,436240608
382.6,S,42,5424.73,1212.52,17774186.5,87146271.2,436240829
383.6,S,42,5430.77,1213.59,17774186.5,87146282.6,436240848
384.6,S,61,5438.86,1214.44,17774186.5,87146288.2,436240898
385.6,S,57,5460.15,1215.19,17774186.5,87146384.8,436241069
386.6,S,57,5478.89,1216.08,17774186.5,87146385.0,436241072
387.6,S,57,5497.40,1216.87,17774186.5,87146385.6,436241082
388.6,S,57,5515.94,1217.81,17774186.5,87146429.9,436241164
389.6,S,57,5533.60,1218.81,17774186.5,87146679.1,436241556
390.6,S,57,5552.26,1219.77,17774186.5,87146804.8,436241667
391.6,S,57,5570.72,1220.74,17774186.5,87146866.2,436241757
392.6,S,57,5589.25,1221.60,17774186.5,87146954.9,436241980
393.6,S,57,5607.43,1222.58,17774186.5,87147063.5,436242334
394.6,S,57,5620.16,1223.58,17774186.5,87147540.0,436243335
395.6,S,57,5630.53,1224.67,17774186.5,87148107.0,436244352
396.6,S,57,5645.94,1225.70,17774186.5,87148350.5,436244906
397.6,S,57,5664.54,1226.61,17774186.5,87148351.0,436244910
398.6,S,57,5682.95,1227.45,17774186.5,87148483.3,436245084
399.6,S,57,5701.39,1228.48,17774186.5,87148669.6,436245362
400.6,S,57,5719.21,1229.46,17774186.5,87148930.6,436245911
401.6,S,57,5737.83,1230.45,17774186.5,87149009.8,436246041
402.6,S,57,5756.30,1231.36,17774186.5,87149177.2,436246250
403.6,S,61,5776.01,1232.17,17774186.5,87149320.3,436246508
404.6,S,59,5796.49,1232.77,17774186.5,87149432.6,436246679
405.6,S,56,5811.08,1233.08,17774186.5,87149870.5,436247220
406.6,S,55,5823.28,1233.40,17774186.5,87150423.4,436247987
407.6,S,49,5831.85,1233.66,17774186.5,87150793.6,436248798
408.6,S,42,5832.62,1234.02,17774186.5,87151173.6,436249517
409.6,S,42,5838.71,1235.22,17774186.5,87151175.3,436249524
410.6,S,42,5847.58,1236.50,17774186.5,87151176.5,436249529
411.6,S,42,5856.35,1237.91,17774186.5,87151176.8,436249533
412.6,S,42,5865.15,1239.38,17774186.5,87151224.6,436249579
413.6,S,42,5873.92,1240.75,17774186.5,87151225.0,436249583
414.6,S,42,5882.57,1242.24,17774186.5,87151225.2,436249586
415.6,S,46,5893.03,1243.78,17774186.5,87151316.0,436249684
416.6,S,42,5903.26,1245.31,17774186.5,87151411.9,436249772
417.6,S,42,5911.95,1246.77,17774186.5,87151412.1,436249777
418.6,S,42,5920.85,1248.06,17774186.5,87151476.4,436249833
419.6,S,42,5929.55,1249.52,17774186.5,87151476.7,436249836
420.6,S,42,5938.36,1250.96,17774186.5,87151541.6,436249904
421.6,S,46,5946.79,1252.37,17774186.5,87151593.6,436249983
422.6,S,46,5958.64,1254.08,17774186.5,87151641.6,436250070
423.6,S,42,5967.22,1255.38,17774186.5,87151690.0,436250155
424.6,S,42,5976.03,1256.79,17774186.5,87151754.7,436250242
425.6,S,42,5984.88,1258.22,17774186.5,87151755.3,436250246
426.6,S,42,5993.56,1259.49,17774186.5,87151755.7,436250246
427.7,S,42,6002.45,1260.74,17774186.5,87151755.9,436250251
428.7,S,46,6010.27,1261.92,17774186.5,87151858.9,436250521
429.7,S,46,6021.71,1263.45,17774186.5,87151954.6,436250696
430.7,S,42,6030.51,1264.90,17774186.5,87151954.9,436250699
431.7,S,42,6039.14,1266.38,17774186.5,87151955.5,436250709
432.7,S,42,6047.71,1268.00,17774186.5,87152020.3,436250790
433.7,S,42,6056.42,1269.38,17774186.5,87152020.6,436250795
434.7,S,42,6065.07,1270.86,17774186.5,87152118.5,436250985
435.7,S,46,6075.61,1272.45,17774186.5,87152124.1,436251001
436.7,S,42,6085.18,1273.84,17774186.5,87152284.5,436251285
437.7,S,42,6093.83,1275.29,17774186.5,87152290.2,436251296
438.7,S,42,6102.50,1276.75,17774186.5,87152291.0,436251297
439.7,S,42,6111.15,1278.12,17774186.5,87152291.5,436251302
440.7,S,42,6119.89,1279.50,17774186.5,87152291.8,436251307
441.7,S,42,6128.44,1281.08,17774186.5,87152356.4,436251434
442.7,S,46,6136.85,1282.40,17774186.5,87152459.6,436251653
443.7,S,42,6147.58,1283.88,17774186.5,87152555.5,436251838
444.7,S,42,6156.41,1285.29,17774186.5,87152556.1,436251848
445.7,S,42,6164.78,1286.78,17774186.5,87152620.7,436252065
446.7,S,42,6173.51,1288.25,17774186.5,87152621.0,436252070
447.7,S,42,6182.31,1289.65,17774186.5,87152621.5,436252072
448.7,S,42,6190.88,1291.07,17774186.5,87152621.8,436252073
449.7,S,46,6200.59,1292.42,17774186.5,87152785.9,436252231
450.7,S,42,6210.81,1293.98,17774186.5,87152882.2,436252324
451.7,S,42,6219.41,1295.35,17774186.5,87152882.6,436252327
452.7,S,42,6228.30,1296.89,17774186.5,87152882.8,436252331
453.7,S,42,6236.96,1298.21,17774186.5,87152947.7,436252389
454.7,S,42,6245.58,1299.71,17774186.5,87152948.0,436252393
455.7,S,42,6254.33,1301.07,17774186.5,87152948.5,436252395
456.7,S,46,6265.50,1302.55,17774186.5,87153051.2,436252489
457.7,S,42,6275.19,1304.10,17774186.5,87153211.3,436252633
458.7,S,42,6283.67,1305.51,17774186.5,87153211.8,436252637
459.7,S,42,6292.34,1306.97,17774186.5,87153212.0,436252640
460.7,S,42,6300.96,1308.26,17774186.5,87153212.3,436252644
461.7,S,42,6309.55,1309.66,17774186.5,87153277.1,436252701
462.7,S,46,6317.94,1310.99,17774186.5,87153380.2,436252793
463.7,S,43,6329.50,1312.61,17774186.5,87153452.5,436252934
464.7,S,42,6338.16,1313.97,17774186.5,87153476.8,436253041
465.7,S,42,6346.60,1315.38,17774186.5,87153541.7,436253187
466.7,S,42,6355.15,1316.90,17774186.5,87153554.6,436253210
467.7,S,42,6363.87,1318.26,17774186.5,87153555.1,436253215
468.7,S,42,6372.60,1319.65,17774186.5,87153555.2,436253217
469.7,S,46,6380.81,1320.98,17774186.5,87153658.8,436253371
470.7,S,42,6392.52,1322.70,17774186.5,87153819.2,436253581
471.7,S,42,6401.31,1324.16,17774186.5,87153819.5,436253584
472.7,S,42,6410.01,1325.64,17774186.5,87153820.3,436253600
473.7,S,42,6418.59,1327.09,17774186.5,87153820.4,436253601
474.7,S,42,6427.18,1328.53,17774186.5,87153885.6,436253691
475.7,S,42,6435.77,1329.90,17774186.5,87153886.0,436253692
476.7,S,46,6444.65,1331.23,17774186.5,87153988.8,436253836
477.7,S,42,6455.43,1332.73,17774186.5,87154084.8,436253950
478.7,S,42,6464.00,1334.17,17774186.5,87154149.6,436254010
479.7,S,42,6472.83,1335.50,17774186.5,87154149.8,436254012
480.7,S,42,6481.57,1336.84,17774186.5,87154150.3,436254017
481.7,S,42,6490.30,1338.26,17774186.5,87154150.5,436254019
482.7,S,42,6498.89,1339.73,17774186.5,87154215.2,436254080
483.7,S,46,6508.65,1341.16,17774186.5,87154318.1,436254175
484.7,S,42,6519.13,1342.68,17774186.5,87154414.3,436254326
485.7,S,42,6527.82,1344.11,17774186.5,87154414.9,436254330
486.7,S,42,6536.48,1345.49,17774186.5,87154479.5,436254464
487.7,S,42,6545.21,1346.96,17774186.5,87154479.7,436254467
488.7,S,42,6553.85,1348.38,17774186.5,87154480.0,436254470
489.7,S,42,6562.52,1349.97,17774186.5,87154480.3,436254472
490.7,S,46,6572.95,1351.42,17774186.5,87154647.7,436254705
491.7,S,42,6582.57,1352.94,17774186.5,87154743.8,436254864
492.7,S,42,6591.04,1354.38,17774186.5,87154763.4,436254897
493.7,S,57,6611.56,1355.81,17774186.5,87154764.0,436254903
494.7,S,57,6634.92,1357.24,17774186.5,87154764.3,436254908
495.7,S,57,6658.23,1358.68,17774186.5,87154816.7,436254981
496.7,S,61,6682.46,1359.81,17774186.5,87154909.9,436255291
497.7,S,57,6707.28,1361.38,17774186.5,87155161.2,436255632
498.7,S,57,6729.23,1362.75,17774186.5,87155343.9,436255899
499.7,S,57,6752.31,1364.25,17774186.5,87155488.2,436256097
500.7,S,57,6777.67,1367.75,17774186.5,87155697.2,436256425
501.7,S,61,6805.87,1372.20,17774186.5,87155800.7,436256520
502.7,S,60,6835.35,1376.74,17774186.5,87155992.7,436256690
503.7,S,57,6853.72,1378.49,17774186.5,87156228.4,436257022
504.7,S,57,6867.03,1379.91,17774186.5,87156567.0,436257672
505.7,S,57,6885.13,1381.47,17774186.6,87156796.5,436257927
506.7,S,57,6903.94,1383.06,17774186.6,87156873.1,436257998
507.7,S,57,6922.50,1384.52,17774186.6,87156949.4,436258067
508.7,S,57,6940.94,1386.20,17774186.6,87157136.5,436258450
509.7,S,57,6958.06,1387.68,17774186.6,87157351.2,436258844
510.7,S,57,6975.81,1388.49,17774186.6,87157611.4,436259217
511.7,S,57,6992.88,1389.45,17774186.6,87157923.0,436259789
512.7,S,57,7010.89,1390.28,17774186.6,87157999.2,436259886
513.7,S,57,7028.41,1391.19,17774186.6,87158384.8,436260496
514.7,S,57,7046.48,1392.03,17774186.6,87158607.9,436260692
515.7,S,56,7063.41,1392.87,17774186.6,87158833.9,436261091
516.7,S,56,7079.36,1393.80,17774186.6,87159239.5,436261806
517.7,S,56,7093.23,1394.58,17774186.6,87159679.4,436262613
518.7,S,42,7100.87,1396.06,17774186.6,87160023.9,436263154
519.7,S,42,7109.68,1397.67,17774186.6,87160024.9,436263157
520.7,S,42,7118.51,1399.14,17774186.6,87160025.4,436263160
521.7,S,42,7126.85,1400.45,17774186.6,87160114.1,436263236
522.7,S,42,7135.54,1401.83,17774186.6,87160179.9,436263301
523.7,S,42,7144.30,1403.27,17774186.6,87160191.4,436263316
524.7,S,46,7152.96,1404.53,17774186.6,87160206.3,436263338
525.7,S,46,7165.10,1406.07,17774186.6,87160269.0,436263397
526.7,S,42,7173.82,1407.46,17774186.6,87160303.5,436263462
527.7,S,42,7181.92,1408.74,17774186.6,87160368.3,436263710
528.7,S,42,7190.98,1410.05,17774186.6,87160368.7,436263715
529.7,S,42,7199.65,1411.39,17774186.6,87160368.8,436263715
530.7,S,42,7208.20,1412.88,17774186.6,87160369.2,436263720
531.7,S,46,7216.64,1414.27,17774186.6,87160556.8,436264007
532.7,S,46,7228.66,1416.00,17774186.6,87160654.6,436264197
533.7,S,42,7237.47,1417.42,17774186.6,87160708.6,436264281
534.7,S,42,7246.08,1418.72,17774186.6,87160708.9,436264286
535.7,S,42,7254.94,1420.22,17774186.6,87160709.0,436264287
536.7,S,42,7263.12,1421.60,17774186.6,87160774.1,436264382
537.7,S,42,7271.67,1423.07,17774186.6,87160774.3,436264382
538.7,S,46,7280.75,1424.39,17774186.6,87160802.0,436264440
539.7,S,42,7292.14,1426.00,17774186.6,87160897.9,436264601
540.7,S,42,7300.71,1427.39,17774186.6,87160962.6,436264664
541.7,S,42,7309.44,1428.78,17774186.6,87160962.9,436264665
542.7,S,42,7317.99,1430.19,17774186.6,87161003.8,436264708
543.7,S,42,7326.61,1431.57,17774186.6,87161005.1,436264723
544.7,S,42,7335.18,1432.99,17774186.6,87161005.4,436264729
545.7,S,46,7344.25,1434.36,17774186.6,87161108.6,436264821
546.7,S,42,7355.42,1436.02,17774186.6,87161269.4,436264963
547.7,S,42,7364.19,1437.51,17774186.6,87161269.4,436264963
548.7,S,42,7372.86,1438.89,17774186.6,87161269.8,436264965
549.7,S,42,7381.52,1440.30,17774186.6,87161269.8,436264965
550.8,S,42,7390.18,1441.80,17774186.6,87161271.2,436264998
551.8,S,42,7398.82,1443.25,17774186.6,87161335.9,436265207
552.8,S,46,7408.78,1444.60,17774186.6,87161438.8,436265380
553.8,S,42,7418.65,1446.11,17774186.6,87161534.5,436265509
554.8,S,42,7427.49,1447.52,17774186.6,87161534.9,436265514
555.8,S,42,7436.21,1449.12,17774186.6,87161596.5,436265595
556.8,S,42,7444.84,1450.63,17774186.6,87161597.6,436265598
557.8,S,42,7453.30,1452.10,17774186.6,87161597.6,436265598
558.8,S,46,7461.13,1453.28,17774186.6,87161716.3,436265781
559.8,S,46,7472.77,1454.77,17774186.6,87161820.1,436265943
560.8,S,42,7481.71,1456.23,17774186.6,87161857.2,436266003
561.8,S,42,7490.49,1457.54,17774186.6,87161857.2,436266003
562.8,S,42,7499.23,1458.97,17774186.6,87161857.8,436266008
563.8,S,42,7507.67,1460.40,17774186.6,87161922.4,436266259
564.8,S,42,7516.30,1461.90,17774186.6,87161922.8,436266264
565.8,S,46,7524.48,1463.22,17774186.6,87162025.4,436266403
566.8,S,42,7535.58,1464.91,17774186.6,87162121.3,436266555
567.8,S,42,7544.01,1466.42,17774186.6,87162185.8,436266645
568.8,S,42,7552.82,1467.75,17774186.6,87162186.1,436266649
569.8,S,42,7561.47,1469.19,17774186.6,87162186.7,436266650
570.8,S,42,7570.19,1470.61,17774186.6,87162187.0,436266654
571.8,S,42,7578.64,1472.16,17774186.6,87162251.4,436266941
572.8,S,46,7587.72,1473.46,17774186.6,87162354.6,436267096
573.8,S,42,7598.26,1474.84,17774186.6,87162450.7,436267235
574.8,S,42,7606.93,1476.27,17774186.6,87162451.2,436267241
575.8,S,42,7615.42,1477.69,17774186.6,87162477.9,436267274
576.8,S,42,7624.13,1479.13,17774186.6,87162516.1,436267330
577.8,S,42,7632.93,1480.48,17774186.6,87162516.2,436267330
578.8,S,42,7641.44,1481.86,17774186.6,87162544.7,436267375
579.8,S,46,7651.05,1483.26,17774186.7,87162676.2,436267492
580.8,S,42,7661.51,1484.83,17774186.7,87162808.3,436267606
581.8,S,42,7670.29,1486.26,17774186.7,87162808.7,436267606
582.8,S,42,7679.09,1487.66,17774186.7,87162808.9,436267611
583.8,S,42,7687.78,1489.10,17774186.7,87162833.9,436267631
584.8,S,42,7696.32,1490.54,17774186.7,87162873.9,436267670
585.8,S,42,7705.00,1491.89,17774186.7,87162874.2,436267671
586.8,S,46,7714.34,1493.12,17774186.7,87162977.2,436267880
587.8,S,42,7724.18,1494.64,17774186.7,87163073.1,436268133
588.8,S,42,7732.60,1496.11,17774186.7,87163137.8,436268257
589.8,S,42,7741.29,1497.55,17774186.7,87163138.0,436268261
590.8,S,42,7750.06,1498.96,17774186.7,87163138.6,436268267
591.8,S,42,7758.81,1500.26,17774186.7,87163138.6,436268267
592.8,S,42,7766.95,1501.68,17774186.7,87163203.7,436268438
593.8,S,46,7776.48,1503.04,17774186.7,87163306.4,436268590
594.8,S,42,7786.84,1504.62,17774186.7,87163402.2,436268726
595.8,S,42,7795.29,1506.33,17774186.7,87163455.1,436268804
596.8,S,42,7804.16,1507.77,17774186.7,87163455.4,436268807
597.8,S,42,7812.77,1509.28,17774186.7,87163456.1,436268808
598.8,S,42,7821.33,1510.79,17774186.7,87163456.8,436268811
599.8,S,42,7829.87,1512.17,17774186.7,87163521.4,436268897
600.8,S,46,7840.16,1513.60,17774186.7,87163624.3,436269053
601.8,S,42,7849.49,1515.00,17774186.7,87163720.2,436269187
602.8,S,42,7858.31,1516.40,17774186.7,87163720.6,436269188
603.8,S,42,7866.87,1517.77,17774186.7,87163785.6,436269278
604.8,S,42,7875.64,1519.17,17774186.7,87163785.7,436269280
605.8,S,42,7884.32,1520.61,17774186.7,87163785.9,436269284
606.8,S,42,7892.45,1521.97,17774186.7,87163840.6,436269360
607.8,S,46,7903.57,1523.60,17774186.7,87163953.3,436269541
608.8,S,42,7909.54,1524.54,17774186.7,87164049.6,436269681
609.8,S,42,7913.94,1525.24,17774186.7,87164049.8,436269683
610.8,S,42,7918.35,1525.92,17774186.7,87164050.1,436269683
611.8,S,42,7922.57,1526.66,17774187.7,87164114.8,436269902
612.8,S,42,7927.05,1527.46,17774187.7,87164115.0,436269904
613.8,S,42,7931.38,1528.23,17774187.7,87164115.5,436269906
614.8,S,42,7935.79,1528.93,17774187.7,87164115.7,436269907
615.8,S,42,7940.26,1529.70,17774187.7,87164115.8,436269911
616.8,S,42,7944.59,1530.46,17774187.7,87164180.6,436270081
617.8,S,42,7948.93,1531.23,17774187.7,87164180.8,436270084
618.8,S,42,7953.38,1531.94,17774187.7,87164275.5,436270167
619.8,S,42,7957.77,1532.63,17774187.7,87164275.8,436270170
620.8,S,42,7962.29,1533.38,17774187.7,87164340.3,436270224
621.8,S,42,7966.71,1534.04,17774187.7,87164340.7,436270228
622.8,S,42,7971.15,1534.75,17774187.7,87164340.8,436270230
623.8,S,42,7975.57,1535.52,17774187.7,87164405.7,436270284
624.8,S,42,7979.95,1536.25,17774187.7,87164480.4,436270353
625.8,S,42,7984.38,1536.97,17774187.7,87164480.6,436270355
626.8,S,46,7992.26,1537.79,17774187.7,87164532.5,436270420
627.8,S,57,8005.04,1538.68,17774187.8,87164611.6,436270585
628.8,S,57,8022.96,1539.47,17774187.8,87164612.3,436270588
629.8,S,57,8040.80,1540.22,17774187.8,87164612.5,436270590
630.8,S,57,8058.49,1540.94,17774187.8,87164749.0,436270755
631.8,S,57,8075.73,1541.75,17774187.8,87164973.4,436271163
632.8,S,57,8093.54,1542.53,17774187.8,87165037.7,436271243
633.8,S,57,8111.34,1543.31,17774187.8,87165121.2,436271389
634.8,S,57,8127.39,1544.19,17774187.8,87165590.4,436272176
635.8,S,57,8141.46,1545.00,17774187.8,87165953.2,436272807
636.8,S,57,8159.22,1545.83,17774187.8,87166132.7,436272961
637.8,S,57,8177.09,1546.59,17774187.8,87166133.6,436272964
638.8,S,57,8193.89,1547.38,17774187.8,87166264.6,436273184
639.8,S,57,8211.72,1548.17,17774187.8,87166304.1,436273243
640.8,S,57,8228.95,1548.95,17774187.8,87166520.4,436273621
641.8,S,57,8245.11,1549.86,17774187.8,87166812.9,436274123
642.8,S,57,8262.80,1550.66,17774187.8,87167083.3,436274353
643.8,S,57,8280.31,1551.51,17774187.8,87167315.0,436274624
644.8,S,57,8297.23,1552.33,17774187.8,87167668.0,436275274
645.8,S,57,8315.05,1553.09,17774187.8,87167741.0,436275385
646.8,S,57,8330.98,1553.94,17774187.8,87168176.7,436276181
647.8,S,56,8348.70,1554.75,17774187.8,87168231.6,436276269
648.8,S,56,8365.42,1555.65,17774187.9,87168442.4,436276609
649.8,S,55,8381.79,1556.55,17774187.9,87168821.7,436277006
650.8,S,50,8389.21,1557.39,17774187.9,87169336.0,436277970
651.8,S,46,8396.42,1559.16,17774187.9,87169423.5,436278242
652.8,S,43,8407.75,1560.74,17774187.9,87169502.5,436278476
653.8,S,42,8416.31,1562.30,17774187.9,87169520.3,436278533
654.8,S,42,8425.04,1563.76,17774187.9,87169521.9,436278539
655.8,S,42,8433.61,1565.16,17774187.9,87169586.4,436278628
656.8,S,42,8442.30,1566.51,17774187.9,87169586.6,436278629
657.8,S,42,8450.80,1568.03,17774187.9,87169587.2,436278630
658.8,S,46,8460.94,1569.37,17774187.9,87169630.6,436278701
659.8,S,42,8471.11,1570.85,17774187.9,87169790.6,436278948
660.8,S,42,8479.79,1572.34,17774187.9,87169848.9,436279022
661.8,S,42,8488.64,1573.84,17774187.9,87169849.0,436279024
662.8,S,42,8497.28,1575.28,17774187.9,87169849.2,436279032
663.8,S,42,8505.86,1576.84,17774187.9,87169907.5,436279113
664.8,S,42,8514.41,1578.33,17774187.9,87169907.8,436279117
665.8,S,46,8524.84,1579.87,17774187.9,87169972.0,436279216
666.8,S,42,8534.58,1581.32,17774187.9,87170068.2,436279394
667.8,S,42,8543.20,1582.87,17774187.9,87170132.7,436279459
668.8,S,42,8551.81,1584.31,17774187.9,87170132.9,436279462
669.8,S,42,8560.52,1585.72,17774187.9,87170133.3,436279463
670.8,S,42,8569.40,1587.13,17774187.9,87170133.5,436279464
671.8,S,42,8577.77,1588.57,17774187.9,87170220.8,436279542
672.8,S,46,8589.78,1590.19,17774187.9,87170243.4,436279566
673.8,S,42,8598.60,1591.53,17774187.9,87170339.2,436279650
674.8,S,42,8607.35,1592.88,17774187.9,87170339.8,436279652
675.8,S,42,8615.98,1594.37,17774187.9,87170397.4,436279703
676.8,S,42,8624.74,1595.72,17774187.9,87170397.6,436279707
677.8,S,42,8633.47,1597.09,17774187.9,87170398.0,436279709
678.9,S,42,8639.98,1598.07,17774187.9,87170500.6,436280000
679.9,S,46,8652.26,1599.79,17774187.9,87170589.1,436280112
680.9,S,42,8661.26,1601.31,17774187.9,87170661.4,436280218
681.9,S,42,8670.10,1602.62,17774187.9,87170661.6,436280220
682.9,S,42,8678.77,1603.99,17774187.9,87170661.8,436280224
683.9,S,42,8687.39,1605.51,17774187.9,87170726.5,436280339
684.9,S,42,8696.23,1606.78,17774187.9,87170726.7,436280342
685.9,S,46,8704.60,1608.10,17774187.9,87170829.8,436280480
686.9,S,42,8716.01,1609.70,17774187.9,87170925.7,436280612
687.9,S,42,8724.58,1611.18,17774187.9,87170990.4,436280694
688.9,S,42,8733.44,1612.71,17774187.9,87170990.8,436280696
689.9,S,42,8742.03,1614.13,17774187.9,87170990.9,436280698
690.9,S,42,8750.76,1615.51,17774187.9,87170991.3,436280699
691.9,S,42,8759.48,1616.94,17774187.9,87171020.5,436280781
692.9,S,46,8768.26,1618.45,17774187.9,87171161.7,436281006
693.9,S,42,8779.29,1620.04,17774187.9,87171257.7,436281092
694.9,S,42,8787.83,1621.40,17774187.9,87171258.1,436281095
695.9,S,42,8796.50,1622.90,17774187.9,87171258.2,436281097
696.9,S,42,8805.08,1624.38,17774187.9,87171323.1,436281161
697.9,S,42,8813.68,1625.80,17774187.9,87171323.2,436281162
698.9,S,42,8822.23,1627.15,17774187.9,87171323.5,436281166
699.9,S,46,8832.33,1628.60,17774187.9,87171426.2,436281260
700.9,S,42,8842.06,1630.05,17774187.9,87171586.5,436281482
701.9,S,42,8850.77,1631.47,17774187.9,87171586.9,436281483
702.9,S,42,8859.57,1632.93,17774187.9,87171587.1,436281485
703.9,S,42,8868.40,1634.29,17774187.9,87171587.2,436281487
704.9,S,42,8877.09,1635.74,17774187.9,87171652.1,436281587
705.9,S,42,8885.77,1637.14,17774187.9,87171652.2,436281593
706.9,S,46,8895.89,1638.38,17774187.9,87171755.5,436281779
707.9,S,42,8904.90,1639.78,17774187.9,87171851.6,436281967
708.9,S,42,8913.31,1641.27,17774187.9,87171915.3,436282151
709.9,S,42,8922.01,1642.87,17774187.9,87171915.8,436282155
710.9,S,42,8930.89,1644.27,17774187.9,87171916.5,436282157
711.9,S,42,8939.76,1645.59,17774187.9,87171916.6,436282159
712.9,S,42,8948.53,1646.86,17774187.9,87171920.1,436282166
713.9,S,46,8956.86,1648.13,17774187.9,87172084.4,436282496
714.9,S,42,8966.37,1649.55,17774187.9,87172180.4,436282637
715.9,S,42,8975.01,1651.07,17774187.9,87172180.6,436282639
716.9,S,42,8983.68,1652.46,17774187.9,87172181.0,436282643
717.9,S,42,8992.29,1653.92,17774187.9,87172246.0,436282805
718.9,S,42,9001.00,1655.30,17774187.9,87172246.2,436282808
719.9,S,42,9009.76,1656.71,17774187.9,87172246.3,436282810
720.9,S,46,9020.03,1658.04,17774187.9,87172394.9,436283055
721.9,S,42,9029.10,1659.42,17774187.9,87172491.1,436283246
722.9,S,42,9037.87,1660.73,17774187.9,87172491.3,436283246
723.9,S,42,9046.67,1662.02,17774187.9,87172491.9,436283254
724.9,S,42,9055.34,1663.44,17774187.9,87172556.5,436283384
725.9,S,42,9063.96,1664.81,17774187.9,87172556.6,436283386
726.9,S,42,9072.49,1666.30,17774187.9,87172557.2,436283396
727.9,S,46,9082.88,1667.78,17774187.9,87172660.0,436283561
728.9,S,42,9092.51,1669.32,17774187.9,87172819.3,436283716
729.9,S,42,9101.33,1670.70,17774187.9,87172820.8,436283720
730.9,S,42,9109.95,1672.11,17774187.9,87172821.0,436283724
731.9,S,42,9118.68,1673.48,17774187.9,87172821.5,436283728
732.9,S,42,9127.48,1674.96,17774187.9,87172883.9,436283785
733.9,S,46,9136.61,1676.34,17774187.9,87172987.4,436283874
734.9,S,42,9147.77,1678.05,17774187.9,87173083.6,436284031
735.9,S,42,9156.52,1679.40,17774187.9,87173084.0,436284033
736.9,S,42,9165.20,1680.81,17774187.9,87173084.2,436284035
737.9,S,42,9173.91,1682.31,17774187.9,87173149.1,436284118
738.9,S,42,9182.48,1683.73,17774187.9,87173149.4,436284126
739.9,S,42,9191.18,1685.19,17774187.9,87173149.8,436284126
740.9,S,46,9201.05,1686.52,17774187.9,87173252.7,436284256
741.9,S,42,9211.15,1688.05,17774187.9,87173412.9,436284462
742.9,S,42,9220.03,1689.43,17774187.9,87173413.2,436284470
743.9,S,42,9228.66,1690.95,17774187.9,87173413.6,436284472
744.9,S,42,9237.21,1692.32,17774187.9,87173459.8,436284541
745.9,S,57,9254.53,1693.90,17774187.9,87173460.4,436284545
746.9,S,57,9276.13,1695.13,17774187.9,87173521.9,436284796
747.9,S,61,9302.01,1696.31,17774187.9,87173563.2,436284915
748.9,S,57,9326.69,1697.69,17774187.9,87173659.3,436285055
749.9,S,57,9345.22,1698.59,17774187.9,87173711.9,436285149
750.9,S,57,9362.81,1699.58,17774187.9,87174126.4,436285743
751.9,S,57,9381.25,1700.52,17774187.9,87174225.3,436285894
752.9,S,57,9399.74,1701.42,17774187.9,87174324.4,436286114
753.9,S,57,9417.69,1702.55,17774187.9,87174511.5,436286644
754.9,S,57,9436.05,1703.47,17774187.9,87174675.4,436286789
755.9,S,57,9450.77,1704.39,17774187.9,87175029.1,436287541
756.9,S,57,9466.88,1705.40,17774187.9,87175523.7,436288157
757.9,S,57,9485.40,1706.29,17774187.9,87175677.5,436288287
758.9,S,57,9503.99,1707.19,17774187.9,87175677.7,436288291
759.9,S,57,9522.07,1708.13,17774187.9,87175847.1,436288679
760.9,S,57,9540.06,1709.15,17774187.9,87176126.8,436289077
761.9,S,61,9557.18,1710.04,17774188.0,87176424.2,436289597
762.9,S,61,9578.86,1710.67,17774188.0,87176424.4,436289598
763.9,S,57,9595.59,1711.58,17774188.0,87176964.4,436290474
764.9,S,57,9612.06,1712.36,17774188.0,87177094.2,436290697
765.9,S,57,9629.40,1713.15,17774188.0,87177335.4,436290908
766.9,S,57,9646.97,1713.88,17774188.0,87177419.2,436291021
767.9,S,56,9663.19,1714.71,17774188.0,87177711.9,436291575
768.9,S,56,9678.70,1715.49,17774188.0,87178002.6,436292079
769.9,S,55,9695.08,1716.28,17774188.0,87178221.1,436292414
770.9,S,51,9703.99,1717.03,17774188.0,87178747.0,436293337
771.9,S,42,9710.37,1718.63,17774188.0,87178941.2,436293506
772.9,S,42,9718.98,1720.32,17774188.0,87178942.5,436293513
773.9,S,42,9727.52,1721.84,17774188.0,87179010.5,436293625
774.9,S,42,9736.24,1723.23,17774188.0,87179010.7,436293628
775.9,S,46,9745.38,1724.70,17774188.0,87179030.9,436293668
776.9,S,43,9757.19,1726.31,17774188.0,87179186.5,436293876
777.9,S,42,9766.04,1727.68,17774188.0,87179192.9,436293889
778.9,S,42,9774.28,1729.10,17774188.0,87179373.4,436294187
779.9,S,42,9782.83,1730.56,17774189.0,87179375.7,436294219
780.9,S,42,9791.52,1731.96,17774190.3,87179398.4,436294253
781.9,S,42,9799.68,1733.28,17774190.3,87179455.9,436294384
782.9,S,46,9808.67,1734.68,17774190.3,87179461.2,436294406
783.9,S,46,9820.52,1736.42,17774190.3,87179533.2,436294519
784.9,S,42,9829.10,1737.93,17774190.3,87179602.8,436294621
785.9,S,42,9837.73,1739.56,17774190.3,87179602.9,436294622
786.9,S,42,9846.48,1741.05,17774190.3,87179603.1,436294630
787.9,S,42,9855.31,1742.41,17774190.3,87179604.1,436294630
788.9,S,42,9863.46,1743.91,17774190.3,87179668.7,436294999
789.9,S,46,9873.16,1745.53,17774190.3,87179699.5,436295035
790.9,S,42,9884.20,1747.16,17774190.3,87179795.4,436295122
791.9,S,42,9892.84,1748.56,17774190.3,87179795.5,436295124
792.9,S,42,9901.32,1750.02,17774190.3,87179855.6,436295180
793.9,S,42,9910.13,1751.32,17774190.3,87179856.1,436295182
794.9,S,42,9918.81,1752.70,17774190.3,87179856.4,436295184
795.9,S,42,9927.42,1754.14,17774190.3,87179856.5,436295185
797.0,S,46,9937.84,1755.56,17774190.3,87179977.4,436295297
798.0,S,42,9947.90,1757.08,17774190.3,87180073.7,436295544
799.0,S,42,9956.70,1758.48,17774190.3,87180074.2,436295547
800.0,S,42,9965.41,1759.81,17774190.3,87180074.4,436295549
801.0,S,42,9973.88,1761.13,17774190.3,87180139.0,436295660
802.0,S,42,9982.77,1762.50,17774190.3,87180139.1,436295661
803.0,S,42,9991.62,1763.90,17774190.3,87180139.3,436295664
804.0,S,46,10002.61,1765.31,17774190.3,87180221.7,436295785
805.0,S,42,10010.57,1766.63,17774190.3,87180374.9,436296143
806.0,S,42,10019.39,1768.02,17774190.3,87180375.5,436296144
807.0,S,42,10028.23,1769.37,17774190.3,87180375.7,436296148
808.0,S,42,10037.03,1770.69,17774190.3,87180403.5,436296195
809.0,S,42,10045.85,1772.09,17774190.3,87180468.2,436296285
810.0,S,46,10053.46,1773.29,17774190.3,87180571.5,436296464
811.0,S,46,10065.01,1774.82,17774190.3,87180595.8,436296570
812.1,S,42,10073.58,1776.15,17774190.3,87180667.3,436296811
813.1,S,42,10082.23,1777.66,17774190.3,87180731.9,436296902
814.1,S,42,10090.94,1779.11,17774190.3,87180732.2,436296907
815.1,S,42,10099.95,1780.53,17774190.3,87180732.8,436296910
816.1,S,42,10108.53,1782.10,17774190.3,87180776.4,436296968
817.1,S,46,10116.02,1783.34,17774190.3,87180879.7,436297181
818.1,S,46,10127.56,1785.10,17774190.3,87180949.9,436297307
819.1,S,42,10136.31,1786.55,17774190.3,87180975.8,436297351
820.2,S,42,10144.67,1788.03,17774190.3,87181040.6,436297443
821.2,S,42,10153.43,1789.43,17774190.3,87181040.8,436297447
822.2,S,42,10162.04,1790.82,17774190.3,87181041.4,436297453
823.2,S,42,10170.68,1792.13,17774190.3,87181041.4,436297453
824.2,S,46,10177.70,1793.28,17774190.3,87181208.5,436297691
825.2,S,46,10189.69,1794.87,17774190.3,87181280.4,436297756
826.2,S,42,10198.48,1796.24,17774190.3,87181304.9,436297781
827.2,S,42,10206.99,1797.76,17774190.3,87181347.8,436297820
828.2,S,42,10215.94,1799.16,17774190.3,87181347.9,436297822
829.2,S,42,10224.59,1800.60,17774190.3,87181348.4,436297823
830.2,S,42,10233.27,1802.08,17774190.3,87181348.5,436297824
831.2,S,46,10241.52,1803.49,17774190.3,87181516.1,436297971
832.2,S,42,10252.41,1804.98,17774190.3,87181612.1,436298210
833.2,S,42,10261.03,1806.44,17774190.3,87181612.3,436298218
834.2,S,42,10269.71,1807.78,17774190.3,87181612.4,436298219
835.2,S,42,10278.34,1809.21,17774190.3,87181677.0,436298309
836.2,S,42,10286.98,1810.71,17774190.3,87181677.3,436298311
837.2,S,42,10295.64,1811.95,17774190.3,87181677.9,436298315
838.2,S,46,10304.00,1813.26,17774190.3,87181780.7,436298462
839.2,S,42,10315.07,1814.87,17774190.3,87181876.4,436298586
840.2,S,42,10323.59,1816.46,17774190.3,87181947.3,436298680
841.2,S,42,10332.24,1817.83,17774190.3,87181947.8,436298682
842.2,S,42,10340.90,1819.10,17774190.3,87181948.3,436298691
843.2,S,42,10349.32,1820.68,17774190.3,87181974.4,436298726
844.2,S,42,10357.82,1822.17,17774190.3,87182004.7,436298779
845.2,S,46,10366.03,1823.39,17774190.3,87182107.6,436298944
846.2,S,46,10376.57,1824.82,17774190.3,87182203.6,436299198
847.2,S,42,10385.41,1826.11,17774190.3,87182204.0,436299200
848.2,S,42,10393.94,1827.50,17774190.3,87182269.1,436299392
849.2,S,42,10402.64,1828.91,17774190.3,87182269.3,436299392
850.2,S,42,10411.40,1830.32,17774190.3,87182269.6,436299394
851.2,S,42,10420.14,1831.72,17774190.3,87182269.7,436299395
852.2,S,46,10428.09,1832.98,17774190.3,87182437.1,436299618
853.2,S,42,10439.70,1834.54,17774190.3,87182549.1,436299858
854.2,S,42,10448.42,1836.07,17774190.3,87182549.4,436299862
855.2,S,42,10457.16,1837.53,17774190.3,87182549.5,436299864
856.2,S,42,10465.96,1838.97,17774190.3,87182549.7,436299866
857.2,S,42,10474.66,1840.41,17774190.3,87182614.3,436299949
858.2,S,42,10483.44,1841.83,17774190.3,87182614.5,436299951
859.2,S,46,10493.05,1843.09,17774190.3,87182717.7,436300102
860.2,S,42,10503.22,1844.61,17774190.3,87182813.2,436300293
861.2,S,42,10511.87,1846.00,17774190.3,87182877.9,436300393
862.2,S,42,10520.49,1847.63,17774190.3,87182891.2,436300410
863.2,S,42,10529.11,1849.01,17774190.3,87182891.5,436300411
864.2,S,42,10537.95,1850.36,17774190.3,87182892.2,436300412
865.2,S,42,10546.15,1851.85,17774190.3,87182950.4,436300464
866.2,S,46,10557.92,1853.55,17774190.3,87183059.7,436300562
867.2,S,42,10563.60,1854.41,17774190.3,87183155.6,436300648
868.2,S,42,10568.26,1855.16,17774190.3,87183155.8,436300650
869.2,S,42,10572.71,1855.86,17774190.3,87183183.6,436300679
870.2,S,42,10577.10,1856.67,17774190.3,87183184.2,436300682
871.2,S,42,10581.52,1857.35,17774190.3,87183248.7,436300757
872.2,S,42,10586.11,1858.28,17774190.3,87183262.1,436300782
873.2,S,57,10593.49,1859.15,17774190.3,87183262.3,436300789
874.2,S,57,10612.43,1860.12,17774190.3,87183263.5,436300796
875.2,S,57,10631.17,1860.93,17774190.3,87183263.7,436300798
876.2,S,57,10649.96,1861.85,17774190.3,87183339.3,436300946
877.2,S,57,10668.65,1862.91,17774190.3,87183485.2,436301150
878.2,S,57,10687.46,1863.92,17774190.3,87183721.9,436301522
879.2,S,57,10705.91,1864.93,17774190.3,87183793.5,436301793
880.2,S,57,10724.61,1865.76,17774190.3,87183892.9,436301899
881.2,S,57,10743.33,1866.72,17774190.3,87184000.4,436301990
882.2,S,61,10762.03,1867.63,17774190.3,87184309.2,436302375
883.2,S,61,10781.17,1868.34,17774190.3,87184801.7,436303198
884.2,S,57,10794.95,1869.37,17774190.3,87185288.7,436304125
885.2,S,57,10812.76,1870.15,17774190.3,87185465.2,436304388
886.2,S,57,10830.33,1870.95,17774190.3,87185615.2,436304522
887.2,S,57,10847.83,1871.77,17774190.3,87185815.0,436304696
888.2,S,57,10862.85,1872.51,17774190.3,87186037.2,436305200
889.2,S,57,10880.42,1873.34,17774190.3,87186264.4,436305575
890.2,S,57,10897.99,1874.18,17774190.4,87186540.0,436306013
891.2,S,57,10915.88,1874.93,17774190.4,87186540.3,436306020
892.2,S,57,10932.24,1875.64,17774190.4,87186818.6,436306390
893.2,S,57,10949.69,1876.43,17774190.4,87187070.1,436306813
894.2,S,57,10967.13,1877.24,17774190.4,87187312.2,436307154
895.2,S,57,10983.77,1878.08,17774190.4,87187662.4,436307586
896.2,S,56,11001.38,1878.84,17774190.4,87187790.1,436308131
897.2,S,56,11018.00,1879.71,17774190.4,87188077.2,436308606
898.2,S,56,11034.97,1880.57,17774190.4,87188113.5,436308849
899.2,S,55,11050.42,1881.41,17774190.4,87188420.5,436309319
900.2,S,45,11057.86,1882.15,17774190.4,87188939.4,436310116
901.2,S,42,11064.32,1883.81,17774190.4,87188973.0,436310160
902.2,S,42,11072.87,1885.38,17774190.4,87188973.3,436310160
903.2,S,46,11083.94,1886.91,17774190.4,87188998.4,436310195
904.2,S,42,11093.96,1888.47,17774190.4,87189094.7,436310285
905.2,S,42,11102.68,1889.92,17774190.4,87189094.9,436310289
906.2,S,42,11111.17,1891.35,17774190.4,87189159.4,436310424
907.2,S,42,11119.99,1892.75,17774190.4,87189160.1,436310429
908.2,S,42,11128.58,1894.11,17774190.4,87189160.2,436310431
909.2,S,46,11136.60,1895.32,17774190.4,87189204.3,436310537
910.2,S,46,11148.14,1896.87,17774190.4,87189304.8,436310722
911.2,S,42,11156.72,1898.28,17774190.4,87189364.8,436310948
912.2,S,42,11165.55,1899.71,17774190.4,87189365.2,436310948
913.2,S,42,11174.23,1901.15,17774190.4,87189365.4,436310950
914.2,S,42,11182.70,1902.75,17774190.4,87189412.7,436311053
915.2,S,42,11191.45,1904.13,17774190.4,87189413.0,436311055
916.2,S,46,11200.55,1905.48,17774190.4,87189548.5,436311275
917.2,S,46,11211.42,1907.02,17774190.4,87189637.8,436311611
918.2,S,42,11219.90,1908.34,17774190.4,87189709.3,436311720
919.2,S,42,11228.61,1909.74,17774190.4,87189709.6,436311723
920.2,S,42,11237.20,1911.15,17774190.4,87189747.6,436311757
921.2,S,42,11245.80,1912.70,17774190.4,87189748.0,436311761
922.2,S,42,11254.48,1914.18,17774190.4,87189748.1,436311770
923.2,S,46,11264.69,1915.77,17774190.4,87189775.1,436311803
924.2,S,42,11275.26,1917.15,17774190.4,87189870.8,436311890
925.2,S,42,11284.00,1918.52,17774190.4,87189935.5,436311948
926.2,S,42,11292.81,1919.98,17774190.4,87189936.0,436311951
927.2,S,42,11301.55,1921.44,17774190.4,87189936.2,436311953
928.2,S,42,11310.23,1922.74,17774190.4,87189936.7,436311955
929.2,S,42,11318.97,1924.15,17774190.4,87190001.3,436312013
930.2,S,46,11328.05,1925.36,17774190.4,87190104.1,436312251
931.2,S,42,11337.55,1926.78,17774190.4,87190200.3,436312474
932.2,S,42,11346.41,1928.27,17774190.4,87190200.4,436312478
933.2,S,42,11354.62,1929.59,17774190.4,87190265.1,436312924
934.2,S,42,11363.44,1930.96,17774190.4,87190265.7,436312931
935.2,S,42,11372.20,1932.38,17774190.4,87190265.8,436312933
936.2,S,42,11380.46,1933.60,17774190.4,87190275.3,436313000
937.2,S,46,11388.63,1934.67,17774190.4,87190432.6,436313429
938.2,S,42,11396.99,1936.09,17774190.4,87190528.5,436313676
939.2,S,42,11405.75,1937.57,17774190.4,87190528.8,436313678
940.2,S,42,11414.41,1939.12,17774190.4,87190529.1,436313686
941.2,S,42,11423.07,1940.52,17774190.4,87190555.4,436313715
942.3,S,42,11431.70,1941.98,17774190.4,87190594.2,436313761
943.3,S,42,11440.50,1943.38,17774190.4,87190594.3,436313762
944.3,S,46,11450.09,1944.75,17774190.4,87190697.2,436313895
945.3,S,42,11460.04,1946.09,17774190.4,87190793.4,436314021
946.3,S,42,11468.63,1947.64,17774190.4,87190858.1,436314150
947.3,S,42,11477.36,1949.04,17774190.4,87190858.3,436314151
948.3,S,42,11486.13,1950.40,17774190.4,87190858.5,436314154
949.3,S,42,11494.49,1951.85,17774190.4,87190912.7,436314304
950.3,S,42,11503.25,1953.29,17774190.4,87190913.0,436314308
951.3,S,46,11513.31,1954.72,17774190.4,87191016.1,436314433
952.3,S,42,11523.00,1956.09,17774190.4,87191112.0,436314568
953.3,S,42,11531.73,1957.51,17774190.4,87191112.1,436314570
954.3,S,42,11540.30,1959.01,17774190.4,87191176.8,436314709
955.3,S,42,11549.06,1960.47,17774190.4,87191177.2,436314711
956.3,S,42,11557.63,1961.92,17774190.4,87191177.8,436314714
957.3,S,42,11566.47,1963.30,17774190.4,87191183.8,436314721
958.3,S,46,11575.65,1964.57,17774190.4,87191344.9,436314987
959.3,S,42,11585.52,1966.03,17774190.4,87191440.6,436315166
960.3,S,42,11594.19,1967.38,17774190.4,87191440.8,436315173
961.3,S,42,11602.94,1968.85,17774190.4,87191441.2,436315174
962.3,S,42,11611.49,1970.29,17774190.4,87191503.2,436315254
963.3,S,42,11620.20,1971.60,17774190.4,87191503.5,436315258
964.3,S,42,11628.66,1973.12,17774190.4,87191511.3,436315270
965.3,S,46,11638.39,1974.48,17774190.4,87191606.9,436315493
966.3,S,42,11646.78,1975.80,17774190.4,87191767.4,436315742
967.3,S,42,11655.42,1977.06,17774190.4,87191767.9,436315745
968.3,S,42,11664.05,1978.51,17774190.4,87191768.5,436315747
969.3,S,42,11672.85,1979.88,17774190.4,87191768.7,436315751
970.3,S,42,11681.62,1981.32,17774190.4,87191833.2,436315805
971.3,S,42,11690.34,1982.82,17774190.4,87191833.5,436315807
972.3,S,46,11701.27,1984.45,17774190.4,87191964.8,436315925
973.3,S,42,11710.75,1986.05,17774190.4,87192061.1,436316154
974.3,S,42,11719.46,1987.52,17774190.4,87192061.3,436316156
975.3,S,42,11728.15,1988.95,17774190.4,87192061.6,436316165
976.3,S,42,11736.86,1990.42,17774190.4,87192061.7,436316166
977.3,S,42,11745.69,1991.71,17774190.4,87192126.4,436316245
978.3,S,46,11753.74,1993.01,17774190.4,87192229.1,436316378
979.3,S,44,11765.34,1994.67,17774190.4,87192279.0,436316467
980.3,S,42,11774.24,1996.04,17774190.4,87192325.4,436316538
981.3,S,42,11782.97,1997.39,17774190.4,87192390.0,436316708
982.3,S,42,11791.67,1998.94,17774190.4,87192390.2,436316710
983.3,S,42,11800.43,2000.49,17774190.4,87192418.7,436316754
984.3,S,42,11809.04,2001.80,17774190.4,87192419.2,436316756
985.3,S,46,11817.24,2002.99,17774190.4,87192522.1,436316955
986.3,S,42,11828.89,2004.70,17774190.4,87192618.3,436317105
987.3,S,42,11837.38,2006.06,17774190.4,87192682.7,436317260
988.3,S,42,11845.99,2007.52,17774190.4,87192682.8,436317262
989.3,S,42,11854.62,2009.06,17774190.4,87192683.4,436317265
990.3,S,42,11863.32,2010.51,17774190.4,87192683.8,436317267
991.3,S,42,11872.03,2011.88,17774190.4,87192749.2,436317326
992.3,S,46,11882.00,2013.35,17774190.4,87192852.2,436317417
993.3,S,42,11892.14,2014.86,17774190.4,87192948.2,436317502
994.3,S,42,11900.81,2016.35,17774190.4,87192948.5,436317503
995.3,S,42,11909.53,2017.85,17774190.4,87193013.7,436317558
996.3,S,42,11918.24,2019.27,17774190.4,87193013.8,436317560
997.3,S,42,11926.86,2020.54,17774190.4,87193014.0,436317564
998.3,S,42,11935.63,2022.01,17774190.4,87193014.1,436317565
999.3,S,46,11945.09,2023.31,17774190.4,87193133.7,436317851
1000.3,S,42,11952.65,2024.63,17774190.4,87193275.9,436318076
1001.3,S,42,11957.32,2025.39,17774190.4,87193276.4,436318078
1002.3,S,42,11962.12,2026.24,17774190.4,87193276.5,436318078
1003.3,S,42,11966.73,2027.08,17774190.4,87193276.7,436318081
1004.3,S,42,11971.53,2027.86,17774190.4,87193341.2,436318193
1005.3,S,42,11976.08,2028.75,17774190.4,87193341.7,436318197
1006.3,S,42,11980.73,2029.58,17774190.4,87193342.1,436318199
1007.3,S,42,11985.35,2030.35,17774190.4,87193342.3,436318201
1008.3,S,42,11990.16,2031.28,17774190.4,87193405.4,436318316
1009.3,S,42,11995.65,2032.19,17774190.4,87193405.7,436318319
1010.3,S,42,12001.05,2033.07,17774190.4,87193405.9,436318322
1011.3,S,42,12006.46,2033.93,17774190.4,87193406.3,436318322
1012.3,S,42,12011.86,2034.72,17774190.4,87193470.7,436318428
1013.3,S,42,12017.41,2035.58,17774190.4,87193571.7,436318564
1014.3,S,46,12023.89,2036.46,17774190.4,87193573.9,436318573
1015.3,S,42,12031.53,2037.34,17774190.4,87193669.7,436318781
1016.3,S,42,12035.56,2038.02,17774190.4,87193732.9,436318894
1017.3,S,42,12040.31,2038.77,17774190.4,87193733.1,436318896
1018.3,S,57,12053.50,2039.66,17774190.4,87193816.7,436319217
1019.3,S,57,12072.06,2040.52,17774190.4,87193816.9,436319220
1020.3,S,57,12090.54,2041.45,17774190.4,87193817.1,436319222
1021.3,S,57,12108.93,2042.28,17774190.4,87193900.0,436319378
1022.3,S,57,12127.24,2043.23,17774190.4,87194047.3,436319700
1023.3,S,57,12144.26,2044.21,17774190.5,87194460.3,436320349
1024.3,S,57,12162.37,2045.03,17774190.5,87194689.7,436320646
1025.3,S,57,12179.78,2045.99,17774190.5,87194847.3,436321030
1026.3,S,57,12197.95,2047.01,17774190.5,87195139.6,436321532
1027.3,S,57,12216.32,2047.99,17774190.5,87195307.6,436321778
1028.3,S,57,12235.04,2048.96,17774190.5,87195478.2,436321926
1029.3,S,57,12253.48,2049.88,17774190.5,87195593.6,436322074
1030.3,S,57,12271.43,2050.81,17774190.5,87195827.5,436322552
1031.3,S,57,12289.94,2051.73,17774190.5,87195956.0,436322796
1032.3,S,57,12307.82,2052.63,17774190.5,87196221.4,436323233
1033.3,S,61,12324.78,2053.64,17774190.5,87196632.5,436323846
1034.3,S,61,12346.04,2054.19,17774190.5,87196796.9,436324225
1035.3,S,57,12363.13,2054.61,17774190.5,87196938.1,436324641
1036.3,S,57,12377.69,2054.92,17774190.6,87197368.7,436325189
1037.3,S,57,12391.70,2055.20,17774190.6,87197729.2,436325868
1038.3,S,57,12407.21,2055.46,17774190.6,87197914.6,436326145
1039.3,S,57,12422.71,2055.73,17774190.6,87198101.3,436326415
1040.3,S,57,12438.25,2055.95,17774190.6,87198225.9,436326837
1041.3,S,56,12451.39,2056.21,17774190.6,87198413.3,436327248
1042.3,S,56,12465.88,2056.48,17774190.6,87198633.2,436327476
1043.3,S,56,12480.35,2056.72,17774190.6,87198811.8,436327629
1044.3,S,55,12494.09,2056.99,17774190.6,87199168.6,436328226
1045.3,S,49,12499.06,2057.22,17774190.6,87199627.0,436328995
1046.3,S,42,12501.03,2058.11,17774190.6,87199719.2,436329133
1047.3,S,42,12509.75,2059.60,17774190.6,87199720.3,436329138
1048.3,S,42,12518.34,2061.11,17774190.6,87199720.5,436329139
1049.3,S,42,12527.11,2062.54,17774190.6,87199758.3,436329274
1050.3,S,42,12535.64,2063.88,17774190.6,87199823.0,436329361
1051.3,S,42,12544.27,2065.27,17774190.6,87199823.2,436329363
1052.3,S,42,12553.01,2066.59,17774190.6,87199824.4,436329368
1053.3,S,46,12564.11,2068.13,17774190.6,87199864.1,436329437
1054.3,S,42,12573.12,2069.64,17774190.6,87200024.7,436329817
1055.3,S,42,12581.81,2071.10,17774190.6,87200025.2,436329817
1056.3,S,42,12590.45,2072.57,17774190.6,87200025.4,436329820
1057.3,S,42,12599.21,2073.96,17774190.6,87200025.5,436329821
1058.3,S,42,12607.89,2075.44,17774190.6,87200026.0,436329822
1059.3,S,46,12616.13,2076.82,17774190.6,87200142.0,436329963
1060.3,S,46,12628.02,2078.40,17774190.6,87200236.2,436330043
1061.3,S,42,12636.84,2079.85,17774190.6,87200274.0,436330085
1062.3,S,42,12645.72,2081.39,17774190.6,87200274.4,436330089
1063.3,S,42,12654.42,2082.95,17774190.6,87200274.5,436330091
1064.3,S,42,12663.00,2084.38,17774190.6,87200344.8,436330150
1065.4,S,42,12671.50,2085.77,17774190.6,87200401.0,436330201
1066.4,S,46,12680.53,2087.20,17774190.6,87200467.4,436330268
1067.4,S,42,12691.58,2088.80,17774190.6,87200596.4,436330506
1068.4,S,42,12700.38,2090.17,17774190.6,87200596.7,436330510
1069.4,S,42,12709.06,2091.51,17774190.6,87200597.0,436330515
1070.4,S,42,12717.81,2092.85,17774190.6,87200597.6,436330519
1071.4,S,42,12726.36,2094.34,17774190.6,87200662.4,436330663
1072.4,S,42,12735.27,2095.57,17774190.6,87200662.6,436330665
1073.4,S,46,12745.54,2096.86,17774190.6,87200695.8,436330727
1074.4,S,42,12755.16,2098.25,17774190.6,87200792.0,436330946
1075.4,S,42,12763.86,2099.73,17774190.6,87200856.5,436331037
1076.4,S,42,12772.44,2101.14,17774190.6,87200868.5,436331071
1077.4,S,42,12781.10,2102.61,17774190.6,87200869.2,436331074
1078.4,S,42,12789.80,2104.03,17774190.6,87200869.4,436331077
1079.4,S,42,12798.54,2105.32,17774190.6,87200869.5,436331079
1080.4,S,46,12807.58,2106.69,17774190.6,87201036.5,436331387
1081.4,S,42,12817.99,2108.20,17774190.6,87201132.2,436331499
1082.4,S,42,12826.86,2109.56,17774190.6,87201132.7,436331502
1083.4,S,42,12835.64,2110.81,17774190.6,87201133.1,436331504
1084.4,S,42,12844.34,2112.29,17774190.6,87201133.3,436331508
1085.4,S,42,12852.90,2114.00,17774190.6,87201209.1,436331578
1086.4,S,42,12861.62,2115.42,17774190.6,87201231.2,436331603
1087.4,S,46,12873.04,2117.02,17774190.6,87201312.5,436331681
1088.4,S,42,12881.94,2118.48,17774190.6,87201408.6,436331766
1089.4,S,42,12890.64,2119.88,17774190.6,87201408.8,436331768
1090.4,S,42,12899.38,2121.22,17774190.6,87201473.3,436331869
1091.4,S,42,12908.05,2122.66,17774190.6,87201473.6,436331870
1092.4,S,42,12916.62,2124.11,17774190.6,87201473.8,436331870
1093.4,S,46,12925.06,2125.52,17774190.6,87201576.9,436331999
1094.4,S,42,12936.35,2127.15,17774190.6,87201737.5,436332235
1095.4,S,42,12945.07,2128.63,17774190.6,87201748.6,436332256
1096.4,S,42,12953.87,2129.95,17774190.6,87201748.9,436332258
1097.4,S,42,12962.67,2131.30,17774190.6,87201749.1,436332261
1098.4,S,42,12971.37,2132.73,17774190.6,87201749.6,436332263
1099.4,S,42,12979.99,2134.13,17774190.6,87201814.2,436332456
1100.4,S,46,12988.82,2135.57,17774190.6,87201917.4,436332597
1101.4,S,42,12999.31,2136.96,17774190.6,87202013.3,436332723
1102.4,S,42,13007.93,2138.32,17774190.6,87202013.4,436332723
1103.4,S,42,13016.58,2139.80,17774190.6,87202040.9,436332811
1104.4,S,42,13025.19,2141.16,17774190.6,87202089.4,436332962
1105.4,S,42,13033.98,2142.67,17774190.6,87202090.1,436332965
1106.4,S,42,13042.77,2144.08,17774190.6,87202090.3,436332965
1107.4,S,46,13052.25,2145.53,17774190.6,87202193.1,436333128
1108.4,S,42,13062.47,2146.99,17774190.6,87202289.1,436333254
1109.4,S,42,13070.93,2148.53,17774190.6,87202353.7,436333468
1110.4,S,42,13079.66,2149.92,17774190.6,87202354.4,436333469
1111.4,S,42,13088.41,2151.27,17774190.6,87202354.7,436333473
1112.4,S,42,13097.10,2152.64,17774190.6,87202354.8,436333475
1113.4,S,42,13105.64,2154.04,17774190.6,87202440.1,436333584
1114.4,S,46,13116.68,2155.45,17774190.6,87202533.1,436333820
1115.4,S,42,13125.40,2156.86,17774190.6,87202629.5,436333973
1116.4,S,42,13134.19,2158.33,17774190.6,87202629.8,436333975
1117.4,S,42,13142.91,2159.82,17774190.6,87202630.0,436333977
1118.4,S,42,13151.57,2161.23,17774190.6,87202694.5,436334058
1119.4,S,42,13160.21,2162.73,17774190.6,87202694.8,436334062
1120.4,S,46,13168.21,2163.99,17774190.6,87202797.6,436334194
1121.4,S,42,13179.91,2165.80,17774190.6,87202893.9,436334282
1122.4,S,42,13188.57,2167.12,17774190.6,87202958.7,436334345
1123.4,S,42,13197.30,2168.60,17774190.6,87202969.9,436334362
1124.4,S,42,13205.97,2170.02,17774190.6,87202970.2,436334363
1125.4,S,42,13214.66,2171.45,17774190.6,87202970.5,436334367
1126.4,S,42,13223.35,2172.91,17774190.6,87202970.6,436334369
1127.4,S,46,13233.13,2174.34,17774190.6,87203138.3,436334572
1128.4,S,42,13243.63,2175.95,17774190.6,87203234.7,436334704
1129.4,S,42,13252.28,2177.35,17774190.6,87203234.9,436334708
1130.4,S,42,13260.91,2178.91,17774190.6,87203235.0,436334710
1131.4,S,42,13269.49,2180.23,17774190.6,87203268.9,436334761
1132.4,S,42,13278.04,2181.61,17774190.6,87203311.0,436334847
1133.4,S,42,13286.53,2183.15,17774190.6,87203311.5,436334851
1134.4,S,46,13296.10,2184.45,17774190.6,87203414.3,436335030
1135.4,S,42,13306.37,2186.04,17774190.6,87203510.4,436335200
1136.4,S,42,13314.96,2187.39,17774190.6,87203510.6,436335201
1137.4,S,42,13323.46,2188.88,17774190.6,87203575.5,436335344
1138.4,S,42,13332.13,2190.27,17774190.6,87203576.0,436335347
1139.4,S,42,13340.98,2191.54,17774190.6,87203576.2,436335351
1140.4,S,42,13349.58,2193.11,17774190.6,87203622.1,436335411
1141.4,S,46,13359.66,2194.52,17774190.6,87203724.6,436335567
1142.4,S,42,13369.05,2195.99,17774190.6,87203820.3,436335694
1143.4,S,42,13377.88,2197.38,17774190.6,87203820.8,436335702
1144.4,S,42,13386.62,2198.84,17774190.6,87203886.0,436335760
1145.4,S,42,13395.56,2200.18,17774190.6,87203886.1,436335762
1146.4,S,42,13404.21,2201.60,17774190.6,87203886.3,436335766
1147.4,S,42,13412.45,2202.78,17774190.6,87203969.4,436335841
1148.4,S,46,13424.45,2204.56,17774190.6,87204053.7,436335918
1149.4,S,42,13429.96,2205.42,17774190.6,87204149.7,436336028
1150.4,S,42,13434.44,2206.26,17774190.6,87204170.6,436336063
1151.4,S,42,13439.15,2207.19,17774190.6,87204170.9,436336064
1152.4,S,42,13444.04,2207.97,17774190.6,87204171.0,436336066
1153.4,S,42,13448.71,2208.79,17774190.6,87204171.4,436336073
1154.4,S,42,13453.37,2209.58,17774190.6,87204171.8,436336075
1155.4,S,42,13457.86,2210.50,17774190.6,87204237.2,436336139
1156.4,S,42,13462.55,2211.33,17774190.6,87204237.9,436336148
1157.4,S,42,13467.14,2212.09,17774190.6,87204238.0,436336149
1158.4,S,42,13471.77,2212.91,17774190.6,87204238.2,436336153
1159.4,S,42,13476.41,2213.70,17774190.6,87204303.0,436336222
1160.4,S,42,13481.18,2214.44,17774190.6,87204303.4,436336224
1161.4,S,42,13486.26,2215.27,17774190.6,87204408.0,436336335
1162.4,S,42,13491.73,2216.23,17774190.6,87204431.0,436336400
1163.4,S,42,13497.17,2217.03,17774190.6,87204431.1,436336402
1164.4,S,46,13503.81,2217.81,17774190.6,87204436.0,436336421
1165.4,S,42,13511.36,2218.75,17774190.6,87204532.1,436336523
1166.4,S,42,13515.42,2219.45,17774190.6,87204597.3,436336595
1167.4,S,42,13519.54,2220.10,17774190.6,87204677.1,436336671
1168.4,S,42,13523.68,2220.74,17774190.6,87204677.3,436336673
1169.4,S,42,13527.80,2221.39,17774190.6,87204677.4,436336674
1170.4,S,42,13531.87,2222.03,17774190.6,87204742.1,436336905
1171.4,S,42,13535.90,2222.76,17774190.6,87204765.0,436336937
1172.4,S,42,13540.57,2223.52,17774190.6,87204825.8,436337112
1173.4,S,42,13545.38,2224.31,17774190.6,87204825.9,436337113
1174.4,S,42,13550.03,2225.06,17774190.6,87204826.1,436337116
1175.4,S,42,13554.74,2225.77,17774190.6,87204826.2,436337118
1176.4,S,42,13559.36,2226.55,17774190.6,87204890.8,436337202
1177.4,S,42,13563.97,2227.35,17774190.6,87204891.2,436337203
1178.4,S,42,13568.65,2228.09,17774190.6,87204891.6,436337205
1179.4,S,42,13573.91,2228.88,17774190.6,87204940.9,436337261
1180.4,S,42,13579.46,2229.69,17774191.1,87204941.2,436337274
1181.4,S,42,13584.93,2230.52,17774191.1,87204941.3,436337276
1182.4,S,42,13590.44,2231.32,17774191.1,87204990.5,436337334
1183.4,S,46,13596.30,2232.25,17774191.1,87205078.3,436337450
1184.4,S,45,13604.79,2233.13,17774191.1,87205129.6,436337529
1185.4,S,57,13606.72,2233.36,17774191.1,87205190.0,436337735
1186.4,S,57,13622.50,2233.60,17774191.1,87205190.6,436337741
1187.4,S,57,13638.26,2233.85,17774191.1,87205190.9,436337742
1188.5,S,57,13654.00,2234.08,17774191.1,87205230.6,436337789
1189.5,S,57,13669.55,2234.33,17774191.1,87205414.5,436338042
1190.5,S,57,13684.48,2234.64,17774191.1,87205824.2,436338511
1191.5,S,57,13699.81,2234.88,17774191.1,87206066.5,436339018
1192.5,S,57,13715.48,2235.15,17774191.1,87206161.0,436339127
1193.5,S,57,13730.53,2235.41,17774191.1,87206429.4,436339479
1194.5,S,57,13745.16,2235.74,17774191.2,87206895.8,436339947
1195.5,S,57,13760.75,2235.98,17774191.2,87207019.2,436340144
1196.5,S,57,13776.44,2236.23,17774191.2,87207090.3,436340233
1197.5,S,57,13791.89,2236.49,17774191.2,87207342.8,436340613
1198.5,S,57,13806.64,2236.75,17774191.2,87207536.7,436340926
1199.5,S,57,13820.38,2237.00,17774191.2,87207716.2,436341396
1200.5,S,57,13835.31,2237.30,17774191.2,87207992.3,436341952
1201.5,S,57,13850.92,2237.56,17774191.2,87208116.6,436342128
1202.5,S,57,13866.35,2237.86,17774191.2,87208445.8,436342462
1203.5,S,57,13881.63,2238.13,17774191.2,87208742.3,436342923
1204.5,S,57,13896.63,2238.36,17774191.2,87208997.3,436343373
1205.5,S,57,13911.89,2238.64,17774191.2,87209176.7,436343699
1206.5,S,57,13924.76,2238.95,17774191.3,87209552.1,436344367
1207.5,S,57,13940.32,2239.20,17774191.3,87209677.8,436344566
1208.5,S,56,13955.44,2239.48,17774191.3,87209869.1,436344946
1209.5,S,56,13970.11,2239.71,17774191.3,87210036.8,436345095
1210.5,S,56,13984.26,2239.95,17774191.3,87210327.1,436345613
1211.5,S,54,13996.46,2240.22,17774191.3,87210687.4,436346219
1212.5,S,42,13997.29,2240.89,17774191.3,87211073.9,436346640
1213.5,S,42,14004.53,2242.30,17774191.3,87211079.7,436346652
1214.5,S,42,14013.32,2243.71,17774191.3,87211080.0,436346655
1215.5,S,42,14022.14,2245.17,17774191.3,87211080.2,436346658
1216.5,S,42,14031.07,2246.63,17774191.3,87211082.2,436346661
1217.5,S,42,14039.83,2248.05,17774191.3,87211146.9,436346719
1218.5,S,42,14048.51,2249.36,17774191.3,87211169.2,436346744
1219.5,S,46,14059.86,2251.06,17774191.3,87211193.3,436346775
1220.5,S,42,14069.06,2252.53,17774191.3,87211289.5,436346966
1221.5,S,42,14077.77,2253.83,17774191.3,87211354.6,436347061
1222.5,S,42,14086.35,2255.29,17774191.3,87211354.9,436347065
1223.5,S,42,14094.95,2256.79,17774191.3,87211355.4,436347067
1224.5,S,42,14103.60,2258.27,17774191.3,87211384.8,436347220
1225.5,S,42,14111.23,2259.61,17774191.3,87211489.1,436347417
1226.5,S,46,14123.56,2261.35,17774191.3,87211499.9,436347459
1227.5,S,42,14132.29,2262.69,17774191.3,87211586.1,436347621
1228.5,S,42,14140.96,2264.06,17774191.3,87211586.4,436347624
1229.5,S,42,14149.51,2265.65,17774191.3,87211651.0,436347754
1230.5,S,42,14158.08,2267.15,17774191.3,87211651.2,436347755
1231.5,S,42,14166.86,2268.63,17774191.3,87211651.3,436347756
1232.5,S,46,14175.38,2270.01,17774191.3,87211726.9,436347877
1233.5,S,46,14185.66,2271.55,17774191.3,87211857.0,436348157
1234.5,S,42,14194.26,2272.98,17774191.3,87211887.8,436348210
1235.5,S,42,14203.08,2274.46,17774191.3,87211888.1,436348213
1236.5,S,42,14211.78,2275.84,17774191.3,87211888.2,436348215
1237.5,S,42,14220.57,2277.25,17774191.3,87211888.4,436348217
1238.5,S,42,14229.16,2278.61,17774191.3,87211953.2,436348312
1239.5,S,46,14238.23,2279.97,17774191.3,87212057.3,436348465
1240.5,S,42,14249.60,2281.64,17774191.3,87212153.2,436348597
1241.5,S,42,14258.45,2282.91,17774191.3,87212153.5,436348599
1242.5,S,42,14267.23,2284.42,17774191.3,87212153.6,436348601
1243.5,S,42,14275.79,2285.88,17774191.3,87212218.5,436348694
1244.5,S,42,14284.63,2287.26,17774191.3,87212219.0,436348696
1245.5,S,42,14293.22,2288.70,17774191.3,87212219.2,436348698
1246.5,S,46,14303.17,2290.06,17774191.3,87212322.0,436348875
1247.5,S,42,14312.94,2291.44,17774191.3,87212418.1,436349015
1248.5,S,42,14321.64,2292.83,17774191.3,87212482.9,436349252
1249.5,S,42,14330.49,2294.31,17774191.3,87212506.4,436349277
1250.5,S,42,14339.22,2295.77,17774191.3,87212507.0,436349278
1251.5,S,42,14347.70,2297.20,17774191.3,87212507.2,436349280
1252.5,S,46,14356.23,2298.54,17774191.3,87212610.0,436349373
1253.5,S,43,14368.18,2300.16,17774191.3,87212682.0,436349439
1254.5,S,42,14376.88,2301.56,17774191.3,87212770.7,436349517
1255.5,S,42,14385.57,2302.90,17774191.3,87212771.0,436349521
1256.5,S,42,14394.21,2304.40,17774191.3,87212771.4,436349523
1257.5,S,42,14402.96,2305.74,17774191.3,87212771.6,436349524
1258.5,S,42,14411.62,2307.13,17774191.3,87212836.1,436349639
1259.5,S,46,14420.30,2308.46,17774191.3,87212939.5,436349775
1260.5,S,42,14431.34,2310.24,17774191.3,87213058.4,436349925
1261.5,S,42,14440.17,2311.75,17774191.3,87213058.7,436349928
1262.5,S,42,14449.16,2313.09,17774191.3,87213059.2,436349931
1263.5,S,42,14457.95,2314.60,17774191.3,87213059.4,436349935
1264.5,S,42,14466.48,2316.07,17774191.3,87213124.5,436350086
1265.5,S,42,14475.15,2317.63,17774191.3,87213124.8,436350087
1266.5,S,46,14485.15,2318.98,17774191.3,87213227.4,436350277
1267.5,S,42,14494.72,2320.43,17774191.3,87213323.4,436350404
1268.5,S,42,14503.25,2321.84,17774191.3,87213388.2,436350567
1269.5,S,42,14512.08,2323.35,17774191.3,87213388.4,436350569
1270.5,S,42,14520.87,2324.76,17774191.3,87213388.8,436350571
1271.5,S,42,14529.79,2326.16,17774191.3,87213389.0,436350574
1272.5,S,42,14537.99,2327.50,17774191.3,87213477.4,436350769
1273.5,S,46,14548.17,2328.83,17774191.3,87213584.2,436350999
1274.5,S,42,14557.18,2330.30,17774191.3,87213680.3,436351197
1275.5,S,42,14565.92,2331.67,17774191.3,87213680.6,436351201
1276.5,S,42,14574.45,2333.14,17774191.3,87213745.7,436351298
1277.5,S,42,14583.27,2334.55,17774191.3,87213746.0,436351302
1278.5,S,42,14591.77,2336.03,17774191.3,87213771.7,436351346
1279.5,S,42,14600.50,2337.35,17774191.3,87213775.9,436351355
1280.5,S,46,14610.99,2338.97,17774191.3,87213875.4,436351496
1281.5,S,42,14620.33,2340.43,17774191.3,87213971.7,436351739
1282.5,S,42,14628.99,2341.87,17774191.3,87214036.4,436351855
1283.5,S,42,14637.60,2343.29,17774191.3,87214036.5,436351855
1284.5,S,42,14646.21,2344.74,17774191.3,87214036.8,436351858
1285.5,S,42,14654.98,2346.09,17774191.3,87214037.1,436351858
1286.5,S,46,14663.53,2347.55,17774191.3,87214192.4,436352045
1287.5,S,42,14674.67,2349.22,17774191.3,87214287.9,436352130
1288.5,S,42,14683.41,2350.61,17774191.3,87214288.2,436352134
1289.5,S,42,14692.26,2351.98,17774191.3,87214288.2,436352134
1290.5,S,42,14700.89,2353.40,17774191.3,87214352.9,436352191
1291.5,S,42,14709.60,2354.86,17774191.3,87214353.2,436352191
1292.5,S,42,14718.20,2356.45,17774191.3,87214353.9,436352198
1293.5,S,46,14727.56,2357.85,17774191.3,87214457.0,436352328
1294.5,S,42,14737.89,2359.42,17774191.3,87214609.4,436352528
1295.5,S,42,14746.52,2360.76,17774191.3,87214609.5,436352528
1296.5,S,42,14755.32,2362.21,17774191.3,87214610.0,436352536
1297.5,S,42,14763.98,2363.62,17774191.3,87214610.3,436352536
1298.5,S,42,14772.69,2364.98,17774191.3,87214675.0,436352637
1299.5,S,42,14781.41,2366.29,17774191.3,87214675.2,436352637
1300.5,S,46,14790.34,2367.54,17774191.3,87214778.1,436352872
1301.5,S,42,14800.34,2369.09,17774191.3,87214873.9,436353036
1302.5,S,42,14808.88,2370.65,17774191.3,87214935.3,436353123
1303.5,S,42,14817.63,2372.08,17774191.3,87214935.5,436353123
1304.5,S,42,14826.42,2373.31,17774191.3,87214936.2,436353128
1305.5,S,42,14834.99,2374.75,17774191.3,87214936.2,436353128
1306.5,S,42,14843.55,2376.22,17774191.3,87215000.9,436353272
1307.5,S,46,14852.74,2377.41,17774191.3,87215103.6,436353528
1308.5,S,42,14862.67,2378.89,17774191.3,87215199.6,436353617
1309.5,S,42,14871.23,2380.39,17774191.3,87215241.8,436353656
1310.5,S,42,14880.03,2381.83,17774191.3,87215248.6,436353668
1311.5,S,42,14888.77,2383.19,17774191.3,87215248.6,436353668
1312.5,S,42,14897.52,2384.54,17774191.3,87215249.0,436353672
1313.5,S,46,14906.27,2385.85,17774191.3,87215351.5,436353760
1314.5,S,43,14917.60,2387.40,17774191.3,87215511.8,436353935
1315.5,S,42,14923.26,2388.29,17774191.3,87215512.5,436353936
1316.5,S,42,14928.82,2389.12,17774191.3,87215512.8,436353940
1317.6,S,42,14934.13,2390.05,17774191.3,87215512.8,436353940
1318.6,S,42,14940.16,2391.00,17774191.3,87215574.2,436354017
1319.6,S,42,14946.56,2391.88,17774191.3,87215574.2,436354017
1320.6,S,42,14953.05,2392.76,17774191.3,87215574.5,436354020
1321.6,S,42,14959.37,2393.59,17774191.3,87215575.0,436354020
1322.6,S,42,14965.59,2394.74,17774191.3,87215639.7,436354186
1323.6,S,42,14972.23,2395.84,17774191.3,87215639.9,436354189
1324.6,S,42,14978.68,2396.82,17774191.3,87215640.2,436354192
1325.6,S,46,14985.58,2397.85,17774191.3,87215743.1,436354319
1326.6,S,44,14994.50,2398.89,17774191.3,87215848.5,436354449
1327.6,S,42,15000.27,2399.83,17774191.3,87215901.0,436354513
1328.6,S,42,15005.72,2400.72,17774191.3,87215901.4,436354523
1329.6,S,42,15011.11,2401.60,17774191.3,87215901.4,436354523
1330.6,S,42,15016.61,2402.48,17774191.3,87215986.8,436354621
1331.6,S,42,15022.00,2403.36,17774191.3,87216051.7,436354725
1332.6,S,42,15027.55,2404.24,17774191.3,87216052.0,436354728
1333.6,S,42,15032.96,2405.15,17774191.3,87216052.2,436354728
1334.6,S,42,15038.56,2405.98,17774191.3,87216052.6,436354735
1335.6,S,42,15044.54,2407.04,17774191.3,87216114.4,436354869
1336.6,S,42,15051.06,2408.02,17774191.3,87216114.5,436354871
1337.6,S,42,15057.42,2408.97,17774191.3,87216114.9,436354872
1338.6,S,42,15063.89,2409.97,17774191.3,87216115.0,436354873
1339.6,S,42,15070.04,2410.88,17774191.3,87216188.8,436355022
1340.6,S,46,15079.36,2411.87,17774191.3,87216212.9,436355069
1341.6,S,42,15083.33,2412.40,17774191.3,87216372.3,436355381
1342.6,S,42,15084.32,2412.41,17774191.3,87216372.4,436355394
1343.6,S,42,15085.18,2412.47,17774191.3,87216433.8,436355486
1344.6,S,57,15090.37,2412.57,17774191.3,87216434.6,436355496
1345.6,S,57,15106.15,2412.80,17774191.3,87216435.4,436355499
1346.6,S,57,15121.94,2413.02,17774191.3,87216489.4,436355575
1347.6,S,57,15137.60,2413.26,17774191.3,87216574.2,436355712
1348.6,S,57,15152.65,2413.55,17774191.3,87216741.8,436356069
1349.6,S,57,15167.18,2413.85,17774191.3,87217201.9,436356610
1350.6,S,57,15182.64,2414.11,17774191.3,87217322.1,436356909
1351.6,S,57,15198.17,2414.37,17774191.4,87217520.5,436357197
1352.6,S,57,15213.86,2414.62,17774191.4,87217559.7,436357258
1353.6,S,57,15226.27,2414.93,17774191.4,87218175.5,436358170
1354.6,S,57,15241.93,2415.18,17774191.4,87218253.4,436358289
1355.6,S,57,15257.27,2415.44,17774191.4,87218443.6,436358618
1356.6,S,57,15272.30,2415.69,17774191.4,87218612.6,436358914
1357.6,S,57,15287.88,2415.95,17774191.4,87218742.5,436359121
1358.6,S,57,15302.07,2416.25,17774191.4,87219241.3,436359971
1359.6,S,57,15317.65,2416.50,17774191.4,87219380.5,436360214
1360.6,S,57,15332.98,2416.79,17774191.4,87219764.6,436360559
1361.6,S,57,15347.97,2417.02,17774191.4,87219895.6,436360948
1362.6,S,57,15363.47,2417.28,17774191.4,87220078.7,436361235
1363.6,S,57,15378.55,2417.55,17774191.4,87220345.2,436361696
1364.6,S,57,15394.12,2417.79,17774191.4,87220448.4,436361825
1365.6,S,57,15406.60,2418.11,17774191.4,87220836.6,436362467
1366.6,S,57,15422.29,2418.36,17774191.4,87220898.6,436362554
1367.6,S,57,15437.45,2418.61,17774191.4,87221102.9,436362949
1368.6,S,57,15452.44,2418.91,17774191.5,87221470.9,436363339
1369.6,S,56,15467.01,2419.15,17774191.5,87221668.8,436363624
1370.6,S,56,15481.55,2419.39,17774191.5,87221781.4,436363896
1371.6,S,55,15494.65,2419.65,17774191.5,87222139.1,436364543
1372.6,S,43,15498.99,2419.87,17774191.5,87222708.2,436365460
1373.6,S,42,15500.00,2420.61,17774191.5,87222715.4,436365476
1374.6,S,42,15508.52,2422.05,17774191.5,87222716.4,436365481
1375.6,S,42,15517.29,2423.50,17774191.5,87222716.7,436365484
1376.6,S,42,15526.02,2424.86,17774191.5,87222717.1,436365486
1377.6,S,42,15534.74,2426.23,17774191.5,87222717.3,436365489
1378.6,S,42,15543.48,2427.67,17774191.5,87222783.1,436365545
1379.6,S,42,15552.13,2429.06,17774191.5,87222794.9,436365560
1380.6,S,46,15564.19,2430.70,17774191.5,87222823.0,436365591
1381.6,S,42,15572.66,2432.00,17774191.5,87222902.7,436365663
1382.6,S,42,15581.28,2433.47,17774191.5,87222974.5,436365745
1383.6,S,42,15589.95,2434.82,17774191.5,87222974.8,436365746
1384.6,S,42,15598.77,2436.25,17774191.5,87222975.4,436365750
1385.6,S,42,15607.37,2437.74,17774191.5,87222975.5,436365752
1386.6,S,42,15614.72,2438.89,17774191.5,87223062.3,436365923
1387.6,S,46,15626.40,2440.48,17774191.5,87223089.1,436365967
1388.6,S,42,15634.78,2441.81,17774191.5,87223184.8,436366140
1389.6,S,42,15643.65,2443.23,17774191.5,87223185.0,436366140
1390.6,S,42,15652.40,2444.62,17774191.5,87223185.4,436366141
1391.6,S,42,15661.19,2445.91,17774191.5,87223253.4,436366251
1392.6,S,42,15669.91,2447.50,17774191.5,87223257.5,436366263
1393.6,S,46,15678.48,2448.78,17774191.5,87223332.2,436366387
1394.6,S,42,15689.25,2450.29,17774191.5,87223428.2,436366650
1395.6,S,42,15697.92,2451.80,17774191.5,87223428.9,436366655
1396.6,S,42,15706.82,2453.12,17774191.5,87223493.7,436366755
1397.6,S,42,15715.49,2454.47,17774191.5,87223493.9,436366759
1398.6,S,42,15724.29,2455.74,17774191.5,87223494.4,436366762
1399.6,S,42,15733.14,2457.15,17774191.5,87223494.7,436366764
1400.6,S,46,15740.81,2458.35,17774191.5,87223660.0,436367031
1401.6,S,42,15751.78,2459.99,17774191.5,87223763.1,436367123
1402.6,S,42,15760.67,2461.29,17774191.5,87223763.3,436367126
1403.6,S,42,15769.50,2462.55,17774191.5,87223763.8,436367129
1404.6,S,42,15778.27,2464.11,17774191.5,87223763.9,436367131
1405.6,S,42,15787.03,2465.60,17774191.5,87223828.5,436367189
1406.6,S,42,15795.62,2467.02,17774191.5,87223829.0,436367191
1407.6,S,46,15806.06,2468.51,17774191.5,87223931.7,436367285
1408.6,S,42,15814.82,2469.76,17774191.5,87224027.6,436367716
1409.6,S,42,15823.62,2471.16,17774191.5,87224092.1,436367806
1410.6,S,42,15832.10,2472.49,17774191.5,87224099.7,436367823
1411.6,S,42,15840.75,2473.91,17774191.5,87224099.8,436367825
1412.6,S,42,15849.44,2475.24,17774191.5,87224100.4,436367834
1413.6,S,42,15858.36,2476.61,17774191.5,87224100.7,436367840
1414.6,S,46,15867.74,2477.88,17774191.5,87224268.0,436368072
1415.6,S,42,15877.65,2479.41,17774191.5,87224364.1,436368221
1416.6,S,42,15886.45,2480.85,17774191.5,87224364.3,436368223
1417.6,S,42,15895.30,2482.03,17774191.5,87224364.4,436368223
1418.6,S,42,15903.87,2483.39,17774191.5,87224429.3,436368328
1419.6,S,42,15912.61,2484.83,17774191.5,87224436.4,436368340
1420.6,S,42,15920.59,2486.17,17774191.5,87224504.1,436368442
1421.6,S,46,15932.26,2487.80,17774191.5,87224539.7,436368500
1422.6,S,42,15941.24,2489.41,17774191.5,87224635.8,436368644
1423.6,S,42,15949.92,2490.66,17774191.5,87224700.7,436368735
1424.6,S,42,15958.70,2492.07,17774191.5,87224700.9,436368738
1425.6,S,42,15967.43,2493.47,17774191.5,87224701.1,436368739
1426.6,S,42,15976.08,2494.84,17774191.5,87224757.3,436368812
1427.6,S,46,15984.60,2496.09,17774191.5,87224860.2,436368954
1428.6,S,44,15996.26,2497.74,17774191.5,87224952.6,436369122
1429.6,S,42,16004.99,2499.19,17774191.5,87224956.8,436369140
1430.6,S,42,16013.71,2500.70,17774191.5,87224957.1,436369141
1431.6,S,42,16022.04,2502.22,17774191.5,87225021.9,436369416
1432.6,S,42,16030.86,2503.66,17774191.5,87225022.2,436369423
1433.6,S,42,16039.59,2505.07,17774191.5,87225022.3,436369423
1434.6,S,46,16049.44,2506.46,17774191.5,87225125.2,436369575
1435.6,S,42,16059.49,2508.15,17774191.5,87225292.5,436369751
1436.6,S,42,16068.10,2509.57,17774191.5,87225293.1,436369755
1437.6,S,42,16076.83,2511.00,17774191.5,87225293.6,436369756
1438.7,S,42,16085.63,2512.45,17774191.5,87225293.8,436369757
1439.7,S,42,16094.21,2513.93,17774191.5,87225293.9,436369759
1440.7,S,42,16102.83,2515.37,17774191.5,87225358.6,436369816
1441.7,S,46,16113.73,2516.93,17774191.5,87225461.5,436369906
1442.7,S,42,16123.21,2518.43,17774191.5,87225558.2,436370023
1443.7,S,42,16131.55,2519.94,17774191.5,87225604.8,436370101
1444.7,S,42,16140.23,2521.39,17774191.5,87225605.0,436370102
1445.7,S,42,16148.89,2522.81,17774191.5,87225605.2,436370104
1446.7,S,42,16157.54,2524.20,17774191.5,87225605.4,436370108
1447.7,S,42,16165.42,2525.65,17774191.5,87225724.9,436370373
1448.7,S,46,16176.27,2527.07,17774191.5,87225773.5,436370512
1449.7,S,42,16185.57,2528.36,17774191.5,87225869.5,436370656
1450.7,S,42,16194.26,2529.76,17774191.5,87225869.7,436370659
1451.7,S,42,16202.70,2531.23,17774191.5,87225934.3,436370804
1452.7,S,42,16211.46,2532.63,17774191.5,87225934.5,436370807
1453.7,S,42,16220.28,2533.94,17774191.5,87225934.8,436370809
1454.7,S,42,16228.73,2535.34,17774191.5,87225954.7,436370850
1455.7,S,46,16239.57,2536.94,17774191.5,87226102.5,436371132
1456.7,S,42,16248.32,2538.39,17774191.5,87226198.8,436371256
1457.7,S,42,16256.93,2539.83,17774191.5,87226199.2,436371261
1458.7,S,42,16265.61,2541.34,17774191.5,87226244.3,436371394
1459.7,S,42,16274.12,2542.80,17774191.5,87226245.3,436371401
1460.7,S,42,16282.84,2544.29,17774191.5,87226245.7,436371403
1461.7,S,42,16289.96,2545.47,17774191.5,87226344.4,436371592
1462.7,S,46,16301.86,2547.05,17774191.5,87226356.7,436371640
1463.7,S,42,16310.33,2548.52,17774191.5,87226508.7,436371831
1464.7,S,42,16319.18,2549.98,17774191.5,87226509.0,436371835
1465.7,S,42,16328.01,2551.29,17774191.5,87226509.9,436371838
1466.7,S,42,16336.70,2552.74,17774191.5,87226510.1,436371841
1467.7,S,42,16345.13,2554.23,17774191.5,87226574.7,436371915
1468.7,S,46,16352.70,2555.35,17774191.5,87226677.7,436372100
1469.7,S,45,16364.66,2556.93,17774191.5,87226749.6,436372201
1470.7,S,42,16373.33,2558.51,17774191.5,87226773.9,436372237
1471.7,S,42,16382.11,2559.91,17774191.5,87226838.9,436372305
1472.7,S,42,16390.86,2561.39,17774191.5,87226839.2,436372318
1473.7,S,42,16399.52,2562.81,17774191.5,87226839.3,436372318
1474.7,S,42,16408.11,2564.37,17774191.5,87226884.8,436372361
1475.7,S,46,16417.92,2565.83,17774191.5,87226987.6,436372453
1476.7,S,42,16428.60,2567.41,17774191.5,87227083.6,436372540
1477.7,S,42,16437.52,2568.81,17774191.5,87227084.3,436372543
1478.7,S,42,16446.10,2570.11,17774191.5,87227148.9,436372601
1479.7,S,42,16454.75,2571.59,17774191.5,87227149.1,436372605
1480.7,S,42,16463.64,2573.00,17774191.5,87227149.4,436372608
1481.7,S,42,16472.37,2574.45,17774191.5,87227149.5,436372609
1482.7,S,46,16482.66,2575.81,17774191.5,87227306.5,436372924
1483.7,S,42,16489.62,2576.91,17774191.5,87227402.1,436373107
1484.7,S,42,16495.02,2577.78,17774191.5,87227402.4,436373114
1485.7,S,42,16500.55,2578.63,17774191.5,87227402.6,436373120
1486.7,S,42,16505.98,2579.44,17774191.5,87227433.3,436373157
1487.7,S,42,16511.45,2580.33,17774191.5,87227468.0,436373300
1488.7,S,42,16516.86,2581.15,17774191.5,87227468.2,436373303
1489.7,S,42,16522.27,2582.03,17774191.5,87227468.5,436373305
1490.7,S,42,16527.91,2582.97,17774191.5,87227522.5,436373371
1491.7,S,42,16534.34,2583.91,17774191.5,87227522.7,436373371
1492.7,S,42,16540.62,2584.86,17774191.5,87227523.1,436373372
1493.7,S,42,16547.07,2585.89,17774191.5,87227523.7,436373377
1494.7,S,42,16553.37,2586.78,17774191.5,87227536.3,436373391
1495.7,S,46,16561.36,2587.73,17774191.5,87227691.3,436373613
1496.7,S,42,16567.64,2588.55,17774191.5,87227787.5,436373734
1497.7,S,42,16572.34,2589.37,17774191.5,87227787.7,436373738
1498.7,S,42,16577.23,2590.26,17774191.5,87227842.0,436373808
1499.7,S,42,16582.66,2591.19,17774191.5,87227842.7,436373812
1500.7,S,42,16588.09,2591.99,17774191.5,87227870.7,436373856
1501.7,S,42,16593.51,2592.92,17774191.5,87227957.1,436373942
1502.7,S,42,16599.14,2593.80,17774191.5,87227957.2,436373943
1503.7,S,42,16604.68,2594.74,17774191.5,87228021.9,436373999
1504.7,S,42,16610.13,2595.61,17774191.5,87228022.6,436374000
1505.7,S,42,16615.54,2596.48,17774191.5,87228023.2,436374003
1506.7,S,42,16621.17,2597.41,17774191.5,87228146.0,436374107
1507.7,S,42,16627.57,2598.39,17774191.5,87228146.2,436374111
1508.7,S,42,16634.10,2599.44,17774191.5,87228146.4,436374113
1509.7,S,42,16640.40,2600.46,17774191.5,87228146.8,436374114
1510.7,S,46,16649.65,2601.50,17774191.5,87228227.9,436374194
1511.7,S,42,16652.69,2601.80,17774191.5,87228324.2,436374337
1512.7,S,42,16653.68,2601.81,17774191.5,87228324.3,436374338
1513.7,S,42,16654.54,2601.88,17774191.5,87228378.0,436374419
1514.7,S,42,16655.51,2601.90,17774191.5,87228378.3,436374421
1515.7,S,42,16656.51,2601.92,17774191.5,87228378.8,436374423
1516.7,S,42,16657.50,2601.93,17774191.5,87228432.5,436374495
1517.7,S,42,16658.39,2601.95,17774191.5,87228497.4,436374591
1518.7,S,42,16659.37,2601.97,17774191.5,87228497.5,436374595
1519.7,S,42,16660.36,2601.98,17774191.5,87228497.7,436374601
1520.7,S,42,16661.23,2602.03,17774191.5,87228544.1,436374687
1521.7,S,42,16662.22,2602.05,17774191.5,87228544.3,436374688
1522.7,S,42,16663.21,2602.06,17774191.5,87228544.5,436374692
1523.7,S,42,16664.10,2602.08,17774191.5,87228609.1,436374782
1524.7,S,42,16665.09,2602.10,17774191.5,87228609.3,436374783
1525.7,S,42,16666.07,2602.12,17774191.5,87228609.5,436374785
1526.7,S,42,16666.89,2602.17,17774191.5,87228691.5,436375000
1527.7,S,42,16667.87,2602.18,17774191.5,87228691.7,436375001
1528.7,S,42,16668.86,2602.19,17774191.5,87228691.8,436375004
1529.7,S,42,16669.85,2602.21,17774191.5,87228692.2,436375011
1530.7,S,42,16670.63,2602.23,17774191.5,87228756.8,436375209
1531.7,S,42,16671.61,2602.26,17774191.5,87228757.1,436375210
1532.7,S,42,16672.59,2602.28,17774191.5,87228757.3,436375214
1533.7,S,42,16673.47,2602.34,17774191.5,87228810.9,436375288
1534.7,S,42,16674.46,2602.35,17774191.5,87228811.2,436375289
1535.7,S,42,16675.44,2602.37,17774191.5,87228811.5,436375289
1536.7,S,42,16676.42,2602.39,17774191.5,87228821.8,436375307
1537.7,S,42,16677.26,2602.41,17774191.5,87228886.3,436375458
1538.7,S,42,16678.24,2602.43,17774191.5,87228886.5,436375462
1539.7,S,42,16679.23,2602.45,17774191.5,87228886.6,436375463
1540.7,S,42,16680.13,2602.50,17774191.5,87228940.2,436375521
1541.7,S,42,16681.12,2602.51,17774191.5,87228940.5,436375522
1542.7,S,42,16682.10,2602.53,17774191.5,87228943.2,436375530
1543.7,S,42,16683.02,2602.56,17774191.5,87229007.7,436375595
1544.7,S,42,16684.00,2602.58,17774191.5,87229007.9,436375602
1545.7,S,42,16684.99,2602.59,17774191.5,87229008.0,436375604
1546.7,S,42,16685.88,2602.64,17774191.5,87229061.6,436375676
1547.7,S,42,16686.86,2602.66,17774191.5,87229062.3,436375679
1548.7,S,42,16687.85,2602.67,17774191.5,87229062.5,436375683
1549.7,S,42,16688.83,2602.69,17774191.5,87229062.7,436375685
1550.7,S,42,16689.74,2602.72,17774191.5,87229127.3,436375766
1551.7,S,42,16690.73,2602.73,17774191.5,87229127.4,436375767
1552.7,S,42,16691.66,2602.76,17774191.5,87229159.3,436375813
1553.7,S,57,16700.93,2602.91,17774191.5,87229159.6,436375814
1554.7,S,57,16716.70,2603.14,17774191.5,87229160.3,436375815
1555.7,S,57,16732.48,2603.37,17774191.5,87229160.4,436375815
1556.7,S,57,16748.13,2603.62,17774191.5,87229296.2,436375967
1557.7,S,57,16763.60,2603.86,17774191.5,87229484.2,436376309
1558.7,S,57,16779.12,2604.14,17774191.5,87229784.7,436376588
1559.7,S,57,16794.20,2604.44,17774191.5,87230082.5,436376960
1560.7,S,57,16809.74,2604.72,17774191.5,87230244.8,436377195
1561.7,S,57,16824.38,2604.98,17774191.5,87230550.6,436377821
1562.8,S,57,16839.35,2605.30,17774191.5,87230935.3,436378176
1563.8,S,57,16854.79,2605.58,17774191.5,87231143.7,436378516
1564.8,S,57,16870.23,2605.83,17774191.5,87231313.8,436378865
1565.8,S,57,16885.87,2606.09,17774191.5,87231430.6,436379011
1566.8,S,57,16900.35,2606.32,17774191.5,87231717.6,436379520
1567.8,S,57,16914.92,2606.59,17774191.5,87231973.1,436380124
1568.8,S,57,16930.15,2606.82,17774191.5,87232121.0,436380341
1569.8,S,57,16945.87,2607.04,17774191.5,87232201.9,436380430
1570.8,S,57,16960.61,2607.32,17774191.5,87232607.1,436380829
1571.8,S,57,16974.36,2607.62,17774191.5,87233032.7,436381450
1572.8,S,57,16989.69,2607.89,17774191.5,87233157.1,436381899
1573.8,S,57,17005.03,2608.13,17774191.5,87233245.5,436382047
1574.8,S,57,17020.39,2608.38,17774191.6,87233483.0,436382487
1575.8,S,57,17035.98,2608.63,17774191.6,87233597.6,436382692
1576.8,S,57,17051.18,2608.89,17774191.6,87233743.7,436382893
1577.8,S,56,17065.83,2609.17,17774191.6,87233980.5,436383117
1578.8,S,56,17080.19,2609.43,17774191.6,87234277.0,436383529
1579.8,S,56,17094.27,2609.69,17774191.6,87234493.4,436384016
1580.8,S,49,17101.45,2609.95,17774191.6,87235056.1,436384952
1581.8,S,42,17103.11,2610.37,17774191.6,87235293.8,436385346
1582.8,S,42,17108.51,2611.62,17774191.6,87235295.1,436385353
1583.8,S,42,17117.33,2613.04,17774191.6,87235295.3,436385355
1584.8,S,42,17126.05,2614.40,17774191.6,87235295.6,436385356
1585.8,S,42,17134.78,2615.77,17774191.6,87235296.0,436385360
1586.8,S,42,17143.22,2617.21,17774191.6,87235361.9,436385572
1587.8,S,42,17151.79,2618.68,17774191.6,87235362.1,436385574
1588.8,S,46,17162.13,2620.15,17774191.6,87235386.1,436385604
1589.8,S,42,17172.44,2621.71,17774191.6,87235482.0,436385687
1590.8,S,42,17181.16,2623.09,17774191.6,87235546.7,436385745
1591.8,S,42,17189.90,2624.50,17774191.6,87235547.1,436385747
1592.8,S,42,17198.68,2625.91,17774191.6,87235547.6,436385749
1593.8,S,42,17207.49,2627.31,17774191.6,87235547.9,436385754
1594.8,S,42,17216.08,2628.70,17774191.6,87235607.6,436385809
1595.8,S,46,17226.60,2630.10,17774191.6,87235657.1,436385859
1596.8,S,42,17236.38,2631.60,17774191.6,87235753.2,436385963
1597.8,S,42,17245.10,2633.02,17774191.6,87235753.6,436385965
1598.8,S,42,17253.74,2634.44,17774191.6,87235818.5,436386055
1599.8,S,42,17262.52,2635.85,17774191.6,87235818.6,436386057
1600.8,S,42,17271.26,2637.13,17774191.6,87235818.9,436386066
1601.8,S,42,17279.88,2638.64,17774191.6,87235819.3,436386068
1602.8,S,46,17290.36,2640.15,17774191.6,87235894.2,436386190
1603.8,S,42,17299.64,2641.62,17774191.6,87236061.6,436386651
1604.8,S,42,17308.30,2643.12,17774191.6,87236062.0,436386654
1605.9,S,42,17316.93,2644.59,17774191.6,87236062.1,436386656
1606.9,S,42,17325.48,2646.13,17774191.6,87236062.3,436386660
1607.9,S,42,17334.19,2647.57,17774191.6,87236062.8,436386661
1608.9,S,42,17342.42,2648.94,17774191.6,87236168.3,436386803
1609.9,S,46,17353.77,2650.44,17774191.6,87236228.1,436386896
1610.9,S,42,17363.19,2651.83,17774191.6,87236324.5,436387058
1611.9,S,42,17371.95,2653.20,17774191.6,87236324.6,436387060
1612.9,S,42,17380.44,2654.69,17774191.6,87236387.6,436387183
1613.9,S,42,17389.26,2656.08,17774191.6,87236388.0,436387184
1614.9,S,42,17398.08,2657.48,17774191.6,87236388.2,436387186
1615.9,S,46,17407.06,2658.91,17774191.6,87236491.6,436387277
1616.9,S,42,17418.52,2660.57,17774191.6,87236652.2,436387422
1617.9,S,42,17427.07,2662.04,17774191.6,87236652.4,436387424
1618.9,S,42,17435.67,2663.24,17774191.6,87236653.0,436387426
1619.9,S,42,17444.35,2664.64,17774191.6,87236653.1,436387426
1620.9,S,42,17452.96,2666.17,17774191.6,87236716.1,436387482
1621.9,S,42,17461.74,2667.50,17774191.6,87236716.3,436387484
1622.9,S,46,17469.97,2668.81,17774191.6,87236818.9,436387724
1623.9,S,42,17480.85,2670.44,17774191.6,87236914.9,436387864
1624.9,S,42,17489.51,2671.84,17774191.6,87236979.9,436387972
1625.9,S,42,17498.17,2673.21,17774191.6,87236980.1,436387973
1626.9,S,42,17506.85,2674.63,17774191.6,87236980.6,436387975
1627.9,S,42,17515.67,2675.84,17774191.6,87236980.8,436387976
1628.9,S,42,17524.58,2677.16,17774191.6,87236981.0,436387980
1629.9,S,46,17533.95,2678.50,17774191.6,87237148.5,436388329
1630.9,S,42,17544.20,2680.01,17774191.6,87237244.5,436388469
1631.9,S,42,17552.56,2681.58,17774191.6,87237278.1,436388521
1632.9,S,42,17561.31,2682.92,17774191.6,87237278.5,436388524
1633.9,S,42,17569.98,2684.40,17774191.6,87237279.0,436388525
1634.9,S,42,17578.52,2685.79,17774191.6,87237279.4,436388529
1635.9,S,42,17586.62,2687.19,17774191.6,87237344.5,436388663
1636.9,S,46,17595.24,2688.52,17774191.6,87237447.4,436388895
1637.9,S,42,17605.83,2690.06,17774191.6,87237543.6,436389076
1638.9,S,42,17614.55,2691.54,17774191.6,87237544.2,436389081
1639.9,S,42,17623.05,2692.97,17774191.6,87237606.4,436389170
1640.9,S,42,17631.69,2694.31,17774191.6,87237607.0,436389174
1641.9,S,42,17640.29,2695.81,17774191.6,87237607.1,436389176
1642.9,S,42,17649.04,2697.14,17774191.6,87237607.4,436389178
1643.9,S,46,17658.71,2698.50,17774191.6,87237710.6,436389339
1644.9,S,42,17668.29,2699.93,17774191.6,87237871.1,436389734
1645.9,S,42,17676.83,2701.42,17774191.6,87237871.2,436389735
1646.9,S,42,17685.61,2702.79,17774191.6,87237871.7,436389738
1647.9,S,42,17694.37,2704.17,17774191.6,87237871.9,436389740
1648.9,S,42,17702.99,2705.59,17774191.6,87237936.6,436389841
1649.9,S,42,17711.69,2707.06,17774191.6,87237976.2,436389877
1650.9,S,46,17723.42,2708.63,17774191.6,87238039.3,436389939
1651.9,S,42,17732.61,2710.16,17774191.6,87238136.7,436390025
1652.9,S,42,17741.24,2711.66,17774191.6,87238188.9,436390073
1653.9,S,42,17750.11,2713.05,17774191.6,87238189.3,436390079
1654.9,S,42,17758.75,2714.41,17774191.6,87238189.4,436390081
1655.9,S,42,17767.48,2715.70,17774191.6,87238189.9,436390082
1656.9,S,46,17776.12,2716.99,17774191.6,87238357.1,436390264
1657.9,S,42,17787.38,2718.58,17774191.6,87238453.4,436390375
1658.9,S,42,17796.11,2719.97,17774191.6,87238453.6,436390377
1659.9,S,42,17805.06,2721.33,17774191.6,87238453.9,436390381
1660.9,S,42,17813.60,2722.83,17774191.6,87238516.5,436390448
1661.9,S,42,17822.50,2724.19,17774191.6,87238517.2,436390455
1662.9,S,42,17831.35,2725.57,17774191.6,87238517.5,436390457
1663.9,S,46,17840.43,2726.80,17774191.6,87238620.6,436390669
1664.9,S,42,17850.39,2728.22,17774191.6,87238781.0,436390959
1665.9,S,42,17859.03,2729.70,17774191.6,87238781.2,436390963
1666.9,S,42,17867.86,2731.09,17774191.6,87238781.4,436390965
1667.9,S,42,17876.55,2732.53,17774191.6,87238781.9,436390967
1668.9,S,42,17885.13,2734.05,17774191.6,87238837.4,436391035
1669.9,S,42,17893.86,2735.47,17774191.6,87238837.8,436391037
1670.9,S,46,17904.25,2736.89,17774191.6,87238940.5,436391166
1671.9,S,42,17913.49,2738.33,17774191.6,87239036.4,436391346
1672.9,S,42,17922.17,2739.76,17774191.6,87239100.9,436391431
1673.9,S,42,17930.78,2741.15,17774191.6,87239102.0,436391436
1674.9,S,42,17939.57,2742.57,17774191.6,87239102.1,436391443
1675.9,S,42,17948.27,2743.88,17774191.6,87239102.4,436391447
1676.9,S,42,17956.85,2745.22,17774191.6,87239164.8,436391529
1677.9,S,46,17966.27,2746.61,17774191.6,87239267.9,436391753
1678.9,S,42,17975.90,2747.99,17774191.6,87239363.8,436391891
1679.9,S,42,17984.54,2749.45,17774191.6,87239393.8,436391949
1680.9,S,42,17993.20,2750.86,17774191.6,87239394.2,436391954
1681.9,S,42,18001.77,2752.22,17774191.6,87239458.7,436392130
1682.9,S,42,18010.49,2753.73,17774191.6,87239459.1,436392133
1683.9,S,42,18019.18,2755.01,17774191.6,87239459.4,436392138
1684.9,S,46,18028.57,2756.33,17774191.6,87239562.6,436392364
1685.9,S,42,18038.27,2757.85,17774191.6,87239718.3,436392549
1686.9,S,42,18047.06,2759.17,17774191.6,87239718.5,436392551
1687.9,S,42,18055.76,2760.48,17774191.6,87239718.7,436392553
1688.9,S,42,18064.66,2761.82,17774191.6,87239718.9,436392557
1689.9,S,42,18073.20,2763.27,17774191.6,87239783.5,436392616
1690.9,S,42,18081.48,2764.73,17774191.6,87239834.6,436392664
1691.9,S,46,18093.16,2766.35,17774191.6,87239927.1,436392747
1692.9,S,42,18099.27,2767.33,17774191.6,87240023.3,436392833
1693.9,S,42,18104.84,2768.21,17774191.6,87240023.5,436392835
1694.9,S,42,18110.45,2769.08,17774191.6,87240023.7,436392837
1695.9,S,42,18115.90,2769.94,17774191.6,87240024.6,436392840
1696.9,S,42,18121.38,2770.83,17774191.6,87240089.2,436392938
1697.9,S,42,18126.80,2771.67,17774191.6,87240089.5,436392949
1698.9,S,42,18132.28,2772.59,17774191.6,87240089.9,436392954
1699.9,S,42,18138.36,2773.53,17774191.6,87240136.8,436393055
1700.9,S,42,18144.45,2774.43,17774191.6,87240232.5,436393262
1701.9,S,42,18150.82,2775.36,17774191.6,87240233.2,436393264
1702.9,S,42,18157.20,2776.19,17774191.6,87240233.4,436393265
1703.9,S,46,18163.53,2777.24,17774191.6,87240305.1,436393455
1704.9,S,46,18172.85,2778.40,17774191.6,87240367.3,436393564
1705.9,S,42,18178.69,2779.34,17774191.6,87240415.1,436393647
1706.9,S,42,18184.13,2780.26,17774191.6,87240415.4,436393649
1707.9,S,42,18189.48,2781.07,17774191.6,87240416.1,436393651
1708.9,S,42,18194.82,2781.94,17774191.6,87240416.3,436393654
1709.9,S,42,18200.21,2782.83,17774191.6,87240480.8,436393759
1710.9,S,42,18205.55,2783.64,17774191.6,87240481.1,436393763
1711.9,S,42,18210.82,2784.44,17774191.6,87240570.6,436393880
1712.9,S,42,18216.81,2785.36,17774191.6,87240617.6,436393943
1713.9,S,42,18223.14,2786.35,17774191.6,87240618.1,436393944
1714.9,S,42,18229.65,2787.33,17774191.6,87240618.3,436393948
1715.9,S,42,18235.81,2788.30,17774191.6,87240618.5,436393950
1716.9,S,42,18242.09,2789.27,17774191.6,87240757.2,436394110
1717.9,S,46,18249.07,2790.20,17774191.6,87240770.6,436394132
1718.9,S,43,18258.02,2791.25,17774191.6,87240858.7,436394212
1719.9,S,42,18259.09,2791.38,17774191.6,87240913.5,436394263
1720.9,S,42,18260.08,2791.40,17774191.6,87240913.8,436394266
1721.9,S,42,18261.06,2791.42,17774191.6,87240967.3,436394310
1722.9,S,42,18262.05,2791.43,17774191.6,87240967.5,436394313
1723.9,S,42,18262.96,2791.46,17774191.6,87241032.0,436394390
1724.9,S,42,18263.94,2791.47,17774191.6,87241032.7,436394394
1726.0,S,42,18264.84,2791.52,17774191.6,87241079.1,436394463
1727.0,S,42,18265.82,2791.53,17774191.6,87241079.3,436394470
1728.0,S,42,18266.80,2791.56,17774191.6,87241079.5,436394471
1729.0,S,42,18267.79,2791.57,17774191.6,87241079.6,436394475
1730.0,S,42,18268.60,2791.59,17774191.6,87241144.6,436394659
1731.0,S,42,18269.58,2791.61,17774191.6,87241145.1,436394663
1732.0,S,42,18270.56,2791.63,17774191.6,87241172.7,436394711
1733.0,S,42,18271.45,2791.67,17774191.6,87241219.2,436394784
1734.0,S,42,18272.43,2791.70,17774191.6,87241219.4,436394788
1735.0,S,42,18273.41,2791.71,17774191.6,87241220.0,436394791
1736.0,S,42,18274.26,2791.74,17774191.6,87241284.5,436394932
1737.0,S,42,18275.25,2791.75,17774191.6,87241312.6,436394974
1738.0,S,42,18276.23,2791.77,17774191.6,87241312.8,436394978
1739.0,S,42,18277.11,2791.81,17774191.6,87241359.1,436395066
1740.0,S,42,18278.09,2791.83,17774191.6,87241359.8,436395075
1741.0,S,42,18279.08,2791.84,17774191.6,87241359.9,436395077
1742.0,S,42,18280.06,2791.86,17774191.6,87241360.3,436395079
1743.0,S,42,18280.88,2791.90,17774191.6,87241438.8,436395225
1744.0,S,42,18281.87,2791.92,17774191.6,87241439.0,436395243
1745.0,S,42,18282.86,2791.93,17774191.6,87241439.1,436395245
1746.0,S,42,18283.84,2791.95,17774191.6,87241439.7,436395250
1747.0,S,42,18284.70,2791.98,17774191.6,87241504.1,436395374
1748.0,S,42,18285.69,2791.99,17774191.6,87241509.5,436395385
1749.0,S,42,18286.67,2792.01,17774191.6,87241509.5,436395386
1750.0,S,42,18287.56,2792.06,17774191.6,87241556.0,436395462
1751.0,S,42,18288.54,2792.08,17774191.6,87241556.1,436395463
1752.0,S,42,18289.52,2792.09,17774191.6,87241556.5,436395466
1753.0,S,42,18290.39,2792.12,17774191.6,87241623.4,436395580
1754.0,S,42,18291.38,2792.14,17774191.6,87241623.6,436395584
1755.0,S,42,18292.37,2792.15,17774191.6,87241623.6,436395585
1756.0,S,42,18293.24,2792.19,17774191.6,87241670.3,436395693
1757.0,S,57,18296.78,2792.25,17774191.6,87241670.8,436395703
1758.0,S,57,18312.56,2792.49,17774191.6,87241671.5,436395704
1759.0,S,57,18328.36,2792.71,17774191.6,87241672.4,436395708
1760.0,S,57,18344.03,2792.95,17774191.6,87241749.4,436395822
1761.0,S,57,18359.31,2793.24,17774191.6,87241920.9,436396069
1762.0,S,57,18369.96,2793.51,17774191.6,87242287.4,436396970
1763.0,S,57,18380.66,2793.72,17774191.6,87242531.4,436397788
1764.0,S,57,18396.34,2793.97,17774191.6,87242617.1,436397902
1765.0,S,57,18412.06,2794.20,17774191.6,87242672.4,436397980
1766.0,S,57,18426.74,2794.47,17774191.6,87242931.1,436398507
1767.0,S,57,18441.67,2794.76,17774191.6,87243364.9,436399163
1768.0,S,57,18456.59,2795.00,17774191.6,87243627.6,436399741
1769.0,S,57,18472.08,2795.25,17774191.6,87243739.9,436399927
1770.0,S,57,18487.76,2795.52,17774191.6,87243835.0,436400025
1771.0,S,57,18502.62,2795.83,17774191.7,87244251.3,436400527
1772.0,S,57,18516.91,2796.13,17774191.7,87244556.3,436400966
1773.0,S,57,18532.09,2796.39,17774191.7,87244673.9,436401575
1774.0,S,57,18547.68,2796.64,17774191.7,87244768.6,436401757
1775.0,S,57,18563.30,2796.88,17774191.7,87244904.8,436401954
1776.0,S,57,18578.06,2797.15,17774191.7,87245193.6,436402386
1777.0,S,57,18593.48,2797.43,17774191.7,87245504.8,436402750
1778.0,S,57,18609.06,2797.70,17774191.7,87245667.0,436402955
1779.0,S,57,18623.81,2798.03,17774191.7,87245995.3,436403612
1780.0,S,57,18637.58,2798.28,17774191.7,87246260.2,436404057
1781.0,S,57,18653.02,2798.54,17774191.7,87246417.4,436404403
1782.0,S,56,18668.55,2798.77,17774191.7,87246498.1,436404517
1783.0,S,56,18682.55,2799.02,17774191.7,87246757.8,436404956
1784.0,S,56,18696.82,2799.28,17774191.7,87247026.7,436405282
1785.0,S,53,18706.83,2799.58,17774191.8,87247526.5,436406059
1786.0,S,43,18710.56,2799.71,17774191.8,87247810.4,436406612
1787.0,S,42,18712.17,2800.73,17774191.8,87247845.1,436406697
1788.0,S,42,18721.13,2802.15,17774191.8,87247845.4,436406700
1789.0,S,42,18729.88,2803.60,17774191.8,87247845.8,436406703
1790.0,S,42,18738.79,2804.96,17774191.8,87247846.0,436406707
1791.0,S,42,18747.32,2806.29,17774191.8,87247911.0,436406793
1792.0,S,42,18756.00,2807.75,17774191.8,87247911.2,436406795
1793.0,S,46,18764.19,2809.02,17774191.8,87247936.4,436406907
1794.0,S,46,18775.80,2810.72,17774191.8,87248023.3,436407019
1795.0,S,42,18784.66,2812.22,17774191.8,87248033.0,436407053
1796.0,S,42,18793.53,2813.58,17774191.8,87248098.0,436407155
1797.0,S,42,18802.32,2814.97,17774191.8,87248098.2,436407157
1798.0,S,42,18810.64,2816.42,17774191.8,87248136.5,436407291
1799.0,S,42,18819.29,2817.76,17774191.8,87248137.0,436407294
1800.0,S,46,18828.79,2819.13,17774191.8,87248186.5,436407382
1801.0,S,42,18839.20,2820.63,17774191.8,87248282.6,436407568
1802.0,S,42,18848.01,2822.02,17774191.8,87248282.8,436407572
1803.0,S,42,18856.53,2823.42,17774191.8,87248347.4,436407710
1804.0,S,42,18865.29,2824.91,17774191.8,87248347.6,436407711
1805.0,S,42,18874.11,2826.35,17774191.8,87248348.1,436407711
1806.0,S,42,18882.78,2827.61,17774191.8,87248348.3,436407713
1807.0,S,46,18892.96,2829.09,17774191.8,87248488.0,436407891
1808.0,S,42,18903.20,2830.71,17774191.8,87248590.3,436407987
1809.0,S,42,18912.04,2832.03,17774191.8,87248590.4,436407989
1810.0,S,42,18920.59,2833.38,17774191.8,87248590.6,436407993
1811.0,S,42,18929.47,2834.88,17774191.8,87248591.1,436407995
1812.0,S,42,18938.08,2836.22,17774191.8,87248655.7,436408054
1813.0,S,46,18946.57,2837.51,17774191.8,87248756.7,436408147
1814.0,S,45,18958.27,2839.17,17774191.8,87248842.3,436408273
1815.0,S,42,18967.14,2840.59,17774191.8,87248852.6,436408302
1816.0,S,42,18975.77,2842.04,17774191.8,87248917.2,436408453
1817.0,S,42,18984.42,2843.56,17774191.8,87248924.0,436408468
1818.0,S,42,18993.40,2845.03,17774191.8,87248924.6,436408472
1819.0,S,42,19002.23,2846.40,17774191.8,87248924.9,436408474
1820.0,S,46,19011.52,2847.78,17774191.8,87249027.9,436408649
1821.0,S,42,19021.75,2849.38,17774191.8,87249188.3,436408866
1822.0,S,42,19030.54,2850.70,17774191.8,87249188.5,436408870
1823.0,S,42,19039.51,2852.01,17774191.8,87249189.0,436408872
1824.0,S,42,19048.33,2853.32,17774191.8,87249189.6,436408875
1825.0,S,42,19057.07,2854.79,17774191.8,87249254.4,436409008
1826.0,S,42,19065.86,2856.37,17774191.8,87249261.1,436409027
1827.0,S,46,19076.16,2857.78,17774191.8,87249363.8,436409189
1828.0,S,42,19085.11,2859.28,17774191.8,87249459.7,436409451
1829.0,S,42,19093.91,2860.60,17774191.8,87249460.5,436409456
1830.0,S,42,19102.45,2862.00,17774191.8,87249525.2,436409668
1831.0,S,42,19111.25,2863.43,17774191.8,87249525.4,436409671
1832.0,S,42,19120.02,2864.79,17774191.8,87249525.5,436409673
1833.0,S,46,19127.13,2866.01,17774191.8,87249628.3,436409886
1834.0,S,46,19139.40,2867.79,17774191.8,87249715.5,436410007
1835.0,S,42,19147.81,2869.25,17774191.8,87249786.4,436410111
1836.0,S,42,19156.63,2870.63,17774191.8,87249786.5,436410112
1837.0,S,42,19165.73,2871.91,17774191.8,87249786.7,436410116
1838.0,S,42,19174.45,2873.30,17774191.8,87249851.2,436410208
1839.0,S,42,19183.23,2874.70,17774191.8,87249851.4,436410217
1840.0,S,46,19192.21,2875.95,17774191.8,87249954.6,436410362
1841.0,S,42,19203.42,2877.55,17774191.8,87250050.7,436410513
1842.0,S,42,19212.10,2878.97,17774191.8,87250103.1,436410570
1843.0,S,42,19220.94,2880.32,17774191.8,87250103.3,436410574
1844.0,S,42,19229.64,2881.75,17774191.8,87250103.4,436410576
1845.0,S,42,19238.35,2883.21,17774191.8,87250104.3,436410580
1846.0,S,42,19247.24,2884.44,17774191.8,87250168.9,436410637
1847.0,S,46,19258.10,2885.87,17774191.8,87250271.6,436410730
1848.1,S,42,19267.54,2887.38,17774191.8,87250367.2,436410816
1849.1,S,42,19276.26,2888.74,17774191.8,87250421.1,436410872
1850.1,S,42,19285.02,2890.14,17774191.8,87250422.0,436410874
1851.1,S,42,19293.94,2891.43,17774191.8,87250422.2,436410875
1852.1,S,42,19302.60,2892.84,17774191.8,87250422.4,436410876
1853.1,S,42,19309.25,2893.96,17774191.8,87250516.2,436411126
1854.1,S,46,19321.23,2895.66,17774191.8,87250596.3,436411244
1855.1,S,42,19329.63,2897.04,17774191.8,87250713.6,436411419
1856.1,S,42,19338.31,2898.40,17774191.8,87250714.3,436411421
1857.1,S,42,19346.74,2899.88,17774191.8,87250768.4,436411501
1858.1,S,42,19355.56,2901.26,17774191.8,87250768.7,436411502
1859.1,S,42,19364.39,2902.67,17774191.8,87250769.0,436411506
1860.1,S,46,19372.20,2903.85,17774191.8,87250871.7,436411658
1861.1,S,46,19383.92,2905.39,17774191.8,87250920.1,436411752
1862.1,S,42,19390.70,2906.53,17774191.8,87251032.8,436412079
1863.1,S,42,19399.56,2907.93,17774191.8,87251033.0,436412082
1864.1,S,42,19408.25,2909.43,17774191.8,87251033.4,436412087
1865.1,S,42,19416.89,2910.69,17774191.8,87251033.7,436412091
1866.1,S,42,19425.57,2912.18,17774191.8,87251098.2,436412146
1867.1,S,42,19433.49,2913.57,17774191.8,87251202.7,436412244
1868.1,S,46,19445.77,2915.26,17774191.8,87251242.8,436412280
1869.1,S,42,19454.54,2916.72,17774191.8,87251308.6,436412346
1870.1,S,42,19463.13,2918.17,17774191.8,87251308.8,436412347
1871.1,S,42,19471.85,2919.58,17774191.8,87251373.4,436412403
1872.1,S,42,19480.57,2921.12,17774191.8,87251373.8,436412405
1873.1,S,42,19489.25,2922.54,17774191.8,87251374.0,436412407
1874.1,S,46,19496.64,2923.62,17774191.8,87251476.8,436412630
1875.1,S,46,19508.67,2925.33,17774191.8,87251588.0,436412845
1876.1,S,42,19516.93,2926.72,17774191.8,87251637.3,436412948
1877.1,S,42,19525.62,2928.06,17774191.8,87251637.5,436412952
1878.1,S,42,19534.33,2929.49,17774191.8,87251638.0,436412955
1879.1,S,42,19543.05,2930.98,17774191.8,87251671.8,436413004
1880.1,S,42,19551.71,2932.26,17774191.8,87251703.0,436413060
1881.1,S,46,19559.01,2933.45,17774191.8,87251823.7,436413319
1882.1,S,44,19570.99,2935.23,17774191.8,87251895.7,436413432
1883.1,S,42,19579.87,2936.58,17774191.8,87251920.3,436413535
1884.1,S,42,19588.68,2938.01,17774191.8,87251920.5,436413537
1885.1,S,42,19597.11,2939.42,17774191.8,87251985.4,436413625
1886.1,S,42,19605.74,2940.82,17774191.8,87251986.0,436413633
1887.1,S,42,19614.36,2942.18,17774191.8,87251986.3,436413636
1888.1,S,46,19623.42,2943.54,17774191.8,87252088.8,436413764
1889.1,S,42,19633.98,2945.04,17774191.8,87252249.3,436414053
1890.1,S,42,19642.80,2946.42,17774191.8,87252249.6,436414058
1891.1,S,42,19651.38,2947.84,17774191.8,87252249.9,436414061
1892.1,S,42,19660.00,2949.28,17774191.8,87252250.0,436414063
1893.1,S,42,19668.70,2950.68,17774191.8,87252250.3,436414067
1894.1,S,42,19677.32,2952.12,17774191.8,87252315.3,436414230
1895.1,S,46,19686.43,2953.48,17774191.8,87252418.4,436414372
1896.1,S,42,19695.51,2954.77,17774191.8,87252514.5,436414492
1897.1,S,42,19700.82,2955.60,17774191.8,87252514.7,436414496
1898.1,S,42,19706.50,2956.63,17774191.8,87252578.6,436414574
1899.1,S,42,19712.72,2957.65,17774191.8,87252578.9,436414577
1900.1,S,42,19718.98,2958.65,17774191.8,87252579.2,436414579
1901.1,S,42,19725.17,2959.63,17774191.8,87252579.8,436414580
1902.1,S,42,19731.81,2960.61,17774191.8,87252579.9,436414580
1903.1,S,42,19738.31,2961.64,17774191.8,87252644.5,436414737
1904.1,S,42,19744.85,2962.72,17774191.8,87252644.7,436414739
1905.1,S,42,19751.46,2963.71,17774191.8,87252645.3,436414743
1906.1,S,42,19757.78,2964.73,17774191.8,87252746.5,436414837
1907.1,S,46,19765.94,2965.81,17774191.8,87252795.6,436414895
1908.1,S,42,19773.06,2966.78,17774191.8,87252891.5,436414982
1909.1,S,42,19777.78,2967.59,17774191.8,87252891.7,436414984
1910.1,S,42,19782.49,2968.37,17774191.8,87252892.3,436414985
1911.1,S,42,19787.15,2969.11,17774191.8,87252957.1,436415043
1912.1,S,42,19791.92,2969.87,17774191.8,87252957.5,436415045
1913.1,S,42,19796.64,2970.64,17774191.8,87252957.7,436415048
1914.1,S,42,19801.70,2971.49,17774191.8,87252999.6,436415085
1915.1,S,42,19807.24,2972.28,17774191.8,87252999.9,436415088
1916.1,S,42,19812.82,2973.11,17774191.8,87253042.2,436415158
1917.1,S,42,19818.28,2973.86,17774191.8,87253092.0,436415341
1918.1,S,42,19823.59,2974.77,17774191.8,87253156.5,436415424
1919.1,S,42,19828.96,2975.57,17774191.8,87253156.8,436415426
1920.1,S,42,19834.37,2976.46,17774191.8,87253156.9,436415426
1921.1,S,42,19840.18,2977.48,17774191.8,87253198.9,436415487
1922.1,S,42,19846.45,2978.59,17774191.8,87253274.3,436415581
1923.1,S,46,19854.37,2979.60,17774191.8,87253286.2,436415607
1924.1,S,42,19862.24,2980.68,17774191.8,87253382.6,436415775
1925.1,S,42,19863.11,2980.71,17774191.8,87253447.1,436415892
1926.1,S,42,19864.09,2980.72,17774191.8,87253447.4,436415901
1927.1,S,42,19865.04,2980.74,17774191.8,87253530.8,436416008
1928.1,S,42,19865.90,2980.80,17774191.8,87253543.6,436416099
1929.1,S,42,19866.88,2980.82,17774191.8,87253544.1,436416109
1930.1,S,42,19867.87,2980.83,17774191.8,87253544.2,436416110
1931.1,S,42,19868.75,2980.86,17774191.8,87253608.7,436416208
1932.1,S,42,19869.73,2980.88,17774191.8,87253608.9,436416212
1933.1,S,42,19870.72,2980.90,17774191.8,87253609.3,436416216
1934.1,S,42,19871.70,2980.92,17774191.8,87253609.6,436416218
1935.1,S,42,19872.55,2980.97,17774191.8,87253673.0,436416333
1936.1,S,42,19873.53,2980.99,17774191.8,87253673.5,436416336
1937.1,S,42,19874.51,2981.00,17774191.8,87253702.0,436416381
1938.1,S,42,19875.42,2981.03,17774191.8,87253762.1,436416458
1939.1,S,42,19876.39,2981.05,17774191.8,87253766.9,436416470
1940.1,S,42,19877.38,2981.06,17774191.8,87253767.2,436416472
1941.1,S,42,19878.28,2981.11,17774191.8,87253809.0,436416534
1942.1,S,42,19879.26,2981.13,17774191.8,87253809.1,436416536
1943.1,S,42,19880.25,2981.14,17774191.8,87253809.2,436416538
1944.1,S,42,19881.16,2981.17,17774191.8,87253868.7,436416617
1945.1,S,42,19882.13,2981.18,17774191.8,87253874.2,436416632
1946.1,S,42,19883.12,2981.20,17774191.8,87253874.7,436416638
1947.1,S,42,19884.02,2981.24,17774191.8,87253916.6,436416700
1948.1,S,42,19885.00,2981.26,17774191.8,87253916.8,436416703
1949.1,S,42,19885.99,2981.27,17774191.8,87253917.3,436416706
1950.1,S,42,19886.91,2981.30,17774191.8,87253961.6,436416769
1951.1,S,42,19887.85,2981.32,17774191.8,87253981.9,436416817
1952.1,S,42,19888.84,2981.33,17774191.8,87253982.4,436416818
1953.1,S,42,19889.74,2981.37,17774191.8,87254028.3,436416892
1954.1,S,42,19890.73,2981.39,17774191.8,87254028.8,436416895
1955.1,S,42,19891.71,2981.41,17774191.8,87254028.9,436416897
1956.1,S,42,19892.68,2981.43,17774191.8,87254035.4,436416907
1957.1,S,42,19893.58,2981.46,17774191.8,87254093.5,436416993
1958.1,S,42,19894.57,2981.47,17774191.8,87254096.7,436416998
1959.1,S,42,19895.56,2981.48,17774191.8,87254097.0,436416999
1960.1,S,42,19896.45,2981.51,17774191.8,87254161.6,436417094
1961.1,S,42,19897.44,2981.52,17774191.8,87254166.9,436417157
1962.1,S,42,19898.43,2981.53,17774191.8,87254189.2,436417395
1963.1,S,42,19899.30,2981.58,17774191.8,87254237.6,436417485
1964.2,S,42,19900.28,2981.61,17774191.8,87254237.9,436417487
1965.2,S,42,19901.26,2981.62,17774191.8,87254238.3,436417489
1966.2,S,42,19902.24,2981.65,17774191.8,87254242.9,436417499
1967.2,S,42,19903.17,2981.66,17774191.8,87254303.0,436417558
1968.2,S,42,19904.15,2981.68,17774191.8,87254303.2,436417562
1969.2,S,42,19905.07,2981.73,17774191.8,87254345.0,436417603
1970.2,S,42,19906.06,2981.74,17774191.8,87254345.2,436417607
1971.2,S,42,19907.05,2981.76,17774191.8,87254345.7,436417610
1972.2,S,42,19907.97,2981.79,17774191.8,87254410.2,436417666
1973.2,S,42,19908.96,2981.81,17774191.8,87254410.4,436417669
1974.2,S,42,19909.94,2981.83,17774191.8,87254410.6,436417672
1975.2,S,42,19910.87,2981.87,17774191.8,87254452.3,436417709
1976.2,S,57,19919.62,2982.01,17774191.8,87254452.7,436417712
1977.2,S,57,19935.40,2982.25,17774191.8,87254453.3,436417713
1978.2,S,57,19951.18,2982.47,17774191.8,87254453.5,436417713
1979.2,S,57,19966.66,2982.74,17774191.8,87254643.5,436417904
1980.2,S,57,19981.08,2983.05,17774191.8,87254962.0,436418451
1981.2,S,57,19994.59,2983.36,17774191.8,87255374.7,436419117
1982.2,S,57,20010.30,2983.61,17774191.8,87255457.7,436419190
1983.2,S,57,20026.10,2983.82,17774191.8,87255457.8,436419191
1984.2,S,57,20041.08,2984.12,17774191.8,87255773.3,436419576
1985.2,S,57,20053.93,2984.40,17774191.8,87256210.6,436420267
1986.2,S,57,20068.69,2984.65,17774191.8,87256337.9,436420631
1987.2,S,57,20083.94,2984.92,17774191.8,87256576.6,436421182
1988.2,S,57,20099.59,2985.15,17774191.8,87256671.1,436421327
1989.2,S,57,20115.23,2985.37,17774191.8,87256783.4,436421491
1990.2,S,57,20130.53,2985.67,17774191.8,87257106.0,436421830
1991.2,S,57,20145.39,2986.00,17774191.8,87257480.1,436422278
1992.2,S,57,20159.13,2986.23,17774191.8,87257633.6,436422603
1993.2,S,57,20174.77,2986.48,17774191.8,87257677.4,436422739
1994.2,S,57,20189.33,2986.77,17774191.8,87257992.5,436423343
1995.2,S,57,20201.49,2987.00,17774191.8,87258215.2,436423839
1996.2,S,57,20216.76,2987.26,17774191.9,87258363.1,436424065
1997.2,S,57,20232.43,2987.51,17774191.9,87258447.2,436424186
1998.2,S,57,20247.83,2987.77,17774191.9,87258803.3,436424515
1999.2,S,57,20262.28,2988.00,17774191.9,87258930.7,436424806
2000.2,S,56,20275.92,2988.32,17774191.9,87259360.4,436425561
2001.2,S,56,20289.90,2988.55,17774191.9,87259513.5,436425838
2002.2,S,56,20304.37,2988.80,17774191.9,87259661.5,436426154
2003.2,S,56,20318.58,2989.07,17774191.9,87259940.3,436426620
2004.2,S,42,20322.91,2989.26,17774191.9,87260588.1,436427414
2005.2,S,42,20323.54,2990.03,17774191.9,87260592.5,436427427
2006.2,S,42,20332.19,2991.47,17774191.9,87260593.6,436427432
2007.2,S,42,20340.93,2992.90,17774191.9,87260594.5,436427444
2008.2,S,42,20349.70,2994.29,17774191.9,87260594.8,436427447
2009.2,S,42,20358.33,2995.64,17774191.9,87260596.4,436428475
2010.2,S,42,20367.03,2996.89,17774191.9,87260661.0,436428567
2011.2,S,42,20375.06,2998.07,17774191.9,87260684.2,436428677
2012.2,S,46,20387.58,2999.60,17774191.9,87260692.0,436428692
2013.2,S,42,20395.97,3000.91,17774191.9,87260780.5,436428853
2014.2,S,42,20404.59,3002.24,17774191.9,87260845.2,436428949
2015.2,S,42,20413.29,3003.74,17774191.9,87260845.6,436428951
2016.2,S,42,20421.99,3005.05,17774191.9,87260845.8,436428960
2017.2,S,42,20430.59,3006.58,17774191.9,87260890.6,436429055
2018.2,S,46,20439.58,3008.19,17774191.9,87260939.7,436429138
2019.2,S,42,20451.30,3009.88,17774191.9,87261036.2,436429278
2020.2,S,42,20460.07,3011.25,17774191.9,87261036.2,436429278
2021.2,S,42,20468.74,3012.59,17774191.9,87261101.1,436429357
2022.2,S,42,20477.46,3013.99,17774191.9,87261101.3,436429361
2023.2,S,42,20486.01,3015.47,17774191.9,87261101.5,436429363
2024.2,S,42,20494.54,3016.97,17774191.9,87261102.1,436429366
2025.2,S,46,20503.87,3018.52,17774191.9,87261237.8,436429590
2026.2,S,42,20514.71,3020.14,17774191.9,87261334.2,436429732
2027.2,S,42,20523.40,3021.64,17774191.9,87261334.3,436429737
2028.2,S,42,20532.00,3023.14,17774191.9,87261334.5,436429741
2029.2,S,42,20540.74,3024.52,17774191.9,87261334.9,436429746
2030.2,S,42,20549.21,3026.04,17774191.9,87261399.9,436430018
2031.2,S,42,20557.99,3027.51,17774191.9,87261404.7,436430025
2032.2,S,46,20568.71,3028.99,17774191.9,87261499.8,436430176
2033.2,S,42,20577.88,3030.50,17774191.9,87261595.6,436430310
2034.2,S,42,20586.22,3032.07,17774191.9,87261656.9,436430500
2035.2,S,42,20594.92,3033.25,17774191.9,87261657.6,436430503
2036.2,S,42,20603.54,3034.67,17774191.9,87261657.7,436430503
2037.2,S,42,20612.40,3035.97,17774191.9,87261657.8,436430505
2038.2,S,46,20620.37,3037.17,17774191.9,87261760.7,436430611
2039.2,S,45,20632.54,3038.87,17774191.9,87261896.8,436430726
2040.2,S,42,20641.38,3040.28,17774191.9,87261921.1,436430747
2041.2,S,42,20650.00,3041.48,17774191.9,87261921.6,436430749
2042.2,S,42,20658.62,3042.94,17774191.9,87261969.9,436430794
2043.2,S,42,20667.32,3044.37,17774191.9,87261970.3,436430796
2044.2,S,42,20676.15,3045.71,17774191.9,87261970.6,436430798
2045.2,S,46,20684.52,3047.00,17774191.9,87262073.4,436430954
2046.2,S,42,20695.71,3048.57,17774191.9,87262234.1,436431256
2047.2,S,42,20704.39,3050.00,17774191.9,87262234.5,436431262
2048.2,S,42,20713.26,3051.41,17774191.9,87262234.5,436431262
2049.2,S,42,20721.97,3052.89,17774191.9,87262279.4,436431334
2050.2,S,42,20730.66,3054.27,17774191.9,87262283.1,436431357
2051.2,S,42,20739.35,3055.64,17774191.9,87262283.4,436431359
2052.2,S,46,20748.35,3056.90,17774191.9,87262386.3,436431545
2053.2,S,42,20758.42,3058.41,17774191.9,87262482.1,436431792
2054.2,S,42,20767.08,3059.83,17774191.9,87262546.8,436431898
2055.2,S,42,20775.89,3061.21,17774191.9,87262547.2,436431898
2056.2,S,42,20784.72,3062.66,17774191.9,87262547.5,436431901
2057.2,S,42,20793.32,3064.02,17774191.9,87262596.1,436431981
2058.2,S,42,20802.23,3065.40,17774191.9,87262596.3,436431982
2059.2,S,46,20811.35,3066.71,17774191.9,87262699.5,436432221
2060.2,S,42,20821.26,3068.07,17774191.9,87262795.7,436432427
2061.2,S,42,20829.94,3069.38,17774191.9,87262796.1,436432429
2062.2,S,42,20838.57,3070.84,17774191.9,87262861.1,436432570
2063.2,S,42,20847.31,3072.29,17774191.9,87262861.4,436432579
2064.2,S,42,20856.08,3073.52,17774191.9,87262861.4,436432579
2065.2,S,42,20864.72,3074.96,17774191.9,87262861.6,436432581
2066.2,S,46,20873.33,3076.14,17774191.9,87263029.2,436432944
2067.2,S,42,20882.51,3077.56,17774191.9,87263139.5,436433189
2068.2,S,42,20891.10,3079.05,17774191.9,87263140.0,436433195
2069.2,S,42,20899.83,3080.43,17774191.9,87263140.3,436433199
2070.2,S,42,20908.60,3081.89,17774191.9,87263140.5,436433201
2071.2,S,42,20917.32,3083.32,17774191.9,87263193.7,436433314
2072.2,S,42,20925.97,3084.84,17774191.9,87263205.7,436433350
2073.2,S,46,20934.87,3086.04,17774191.9,87263308.9,436433602
2074.2,S,42,20944.20,3087.41,17774191.9,87263442.3,436433917
2075.2,S,42,20953.11,3088.91,17774191.9,87263442.6,436433920
2076.3,S,42,20961.85,3090.40,17774191.9,87263442.7,436433922
2077.3,S,42,20970.61,3091.87,17774191.9,87263442.9,436433926
2078.3,S,42,20979.53,3093.36,17774191.9,87263469.2,436433987
2079.3,S,42,20987.83,3094.67,17774191.9,87263538.8,436434117
2080.3,S,46,20998.81,3096.25,17774191.9,87263611.0,436434231
2081.3,S,42,21007.48,3097.71,17774191.9,87263743.0,436434565
2082.3,S,42,21016.14,3099.09,17774191.9,87263743.1,436434567
2083.3,S,42,21024.87,3100.47,17774191.9,87263743.4,436434571
2084.3,S,42,21033.39,3101.71,17774191.9,87263744.0,436434572
2085.3,S,42,21041.92,3103.28,17774191.9,87263808.7,436434675
2086.3,S,42,21050.67,3104.67,17774191.9,87263808.8,436434676
2087.3,S,46,21061.03,3106.14,17774191.9,87263911.7,436434831
2088.3,S,42,21069.81,3107.63,17774191.9,87264039.8,436435093
2089.3,S,42,21078.56,3109.02,17774191.9,87264040.7,436435096
2090.3,S,42,21087.34,3110.37,17774191.9,87264040.9,436435098
2091.3,S,42,21096.13,3111.90,17774191.9,87264041.1,436435102
2092.3,S,42,21104.67,3113.47,17774191.9,87264105.6,436435288
2093.3,S,46,21111.91,3114.63,17774191.9,87264208.5,436435513
2094.3,S,46,21123.97,3116.29,17774191.9,87264227.2,436435600
2095.3,S,42,21132.38,3117.56,17774191.9,87264305.1,436435795
2096.3,S,42,21140.93,3118.98,17774191.9,87264305.5,436435798
2097.3,S,42,21149.52,3120.27,17774191.9,87264369.9,436435935
2098.3,S,42,21158.03,3121.70,17774191.9,87264387.2,436435982
2099.3,S,42,21166.62,3123.14,17774191.9,87264387.5,436435984
2100.3,S,46,21173.72,3124.15,17774191.9,87264490.7,436436205
2101.3,S,46,21186.05,3125.87,17774191.9,87264511.2,436436282
2102.3,S,42,21194.12,3127.19,17774191.9,87264651.6,436436584
2103.3,S,42,21202.88,3128.56,17774191.9,87264651.9,436436593
2104.3,S,42,21211.60,3129.90,17774191.9,87264652.2,436436597
2105.3,S,42,21220.33,3131.39,17774191.9,87264690.2,436436706
2106.3,S,42,21229.02,3132.87,17774191.9,87264690.3,436436707
2107.3,S,46,21235.82,3133.98,17774191.9,87264793.7,436436965
2108.3,S,46,21247.93,3135.69,17774191.9,87264817.8,436437017
2109.3,S,42,21256.13,3137.02,17774191.9,87264954.2,436437337
2110.3,S,42,21264.71,3138.49,17774191.9,87264954.6,436437338
2111.3,S,42,21273.43,3139.83,17774191.9,87264954.8,436437341
2112.3,S,42,21282.11,3141.18,17774191.9,87264955.2,436437343
2113.3,S,42,21290.70,3142.73,17774191.9,87264955.4,436437352
2114.3,S,42,21297.93,3143.94,17774191.9,87265094.8,436437669
2115.3,S,46,21309.39,3145.44,17774191.9,87265139.5,436437793
2116.3,S,42,21315.81,3146.51,17774191.9,87265235.4,436438020
2117.3,S,42,21321.26,3147.32,17774191.9,87265235.6,436438022
2118.3,S,42,21326.61,3148.16,17774191.9,87265236.1,436438023
2119.3,S,42,21331.87,3149.11,17774191.9,87265300.8,436438205
2120.3,S,42,21337.29,3149.99,17774191.9,87265301.1,436438209
2121.3,S,42,21342.81,3150.82,17774191.9,87265301.4,436438209
2122.3,S,42,21348.80,3151.84,17774191.9,87265338.9,436438303
2123.3,S,42,21355.08,3152.83,17774191.9,87265339.1,436438305
2124.3,S,42,21361.47,3153.72,17774191.9,87265339.2,436438307
2125.3,S,42,21367.93,3154.74,17774191.9,87265339.7,436438311
2126.3,S,42,21374.22,3155.72,17774191.9,87265404.6,436438463
2127.3,S,46,21381.18,3156.70,17774191.9,87265507.6,436438643
2128.3,S,43,21390.02,3157.72,17774191.9,87265603.6,436438850
2129.3,S,42,21395.41,3158.69,17774191.9,87265641.3,436438912
2130.3,S,42,21400.83,3159.53,17774191.9,87265642.0,436438922
2131.3,S,42,21406.38,3160.34,17774191.9,87265642.5,436438925
2132.3,S,42,21411.73,3161.19,17774191.9,87265728.0,436439030
2133.3,S,42,21417.00,3162.08,17774191.9,87265776.6,436439088
2134.3,S,42,21422.33,3162.90,17774191.9,87265792.8,436439114
2135.3,S,42,21427.68,3163.68,17774191.9,87265821.7,436439216
2136.3,S,42,21433.54,3164.64,17774191.9,87265859.3,436439398
2137.3,S,42,21439.84,3165.69,17774191.9,87265859.9,436439401
2138.3,S,42,21446.14,3166.74,17774191.9,87265860.2,436439404
2139.3,S,42,21452.28,3167.77,17774191.9,87265860.3,436439412
2140.3,S,42,21458.52,3168.69,17774191.9,87265860.6,436439414
2141.3,S,46,21464.71,3169.67,17774191.9,87265942.6,436439722
2142.3,S,45,21474.02,3170.66,17774191.9,87265967.0,436439784
2143.3,S,42,21476.76,3171.01,17774191.9,87266155.1,436440268
2144.3,S,42,21477.72,3171.05,17774191.9,87266155.4,436440276
2145.3,S,42,21478.71,3171.07,17774191.9,87266155.5,436440277
2146.3,S,42,21479.70,3171.09,17774191.9,87266155.6,436440278
2147.3,S,42,21480.49,3171.12,17774191.9,87266220.1,436440457
2148.3,S,42,21481.47,3171.14,17774191.9,87266274.8,436440616
2149.3,S,42,21482.34,3171.18,17774191.9,87266309.4,436440718
2150.3,S,42,21483.32,3171.20,17774191.9,87266309.7,436440720
2151.3,S,42,21484.31,3171.21,17774191.9,87266309.7,436440721
2152.3,S,42,21485.30,3171.23,17774191.9,87266309.9,436440729
2153.3,S,42,21486.04,3171.26,17774191.9,87266374.5,436440963
2154.3,S,42,21487.03,3171.27,17774191.9,87266375.0,436440965
2155.3,S,42,21487.95,3171.32,17774191.9,87266412.1,436441001
2156.3,S,42,21488.94,3171.33,17774191.9,87266412.3,436441006
2157.3,S,42,21489.93,3171.34,17774191.9,87266412.4,436441008
2158.3,S,42,21490.92,3171.35,17774191.9,87266412.5,436441012
2159.3,S,42,21491.81,3171.39,17774191.9,87266505.9,436441128
2160.3,S,42,21492.80,3171.40,17774191.9,87266506.1,436441129
2161.3,S,42,21493.79,3171.41,17774191.9,87266506.2,436441131
2162.3,S,42,21494.54,3171.47,17774191.9,87266569.9,436441343
2163.3,S,42,21495.52,3171.48,17774191.9,87266570.1,436441345
2164.3,S,42,21496.50,3171.51,17774191.9,87266570.3,436441348
2165.3,S,42,21497.49,3171.52,17774191.9,87266570.8,436441350
2166.3,S,42,21498.41,3171.55,17774191.9,87266635.7,436441413
2167.3,S,42,21499.39,3171.57,17774191.9,87266635.8,436441414
2168.3,S,42,21500.38,3171.58,17774191.9,87266635.9,436441416
2169.3,S,42,21501.36,3171.60,17774191.9,87266636.0,436441417
2170.3,S,42,21502.29,3171.63,17774191.9,87266700.8,436441480
2171.3,S,42,21503.27,3171.65,17774191.9,87266701.1,436441482
2172.3,S,42,21504.26,3171.66,17774191.9,87266701.3,436441486
2173.3,S,42,21505.19,3171.69,17774191.9,87266765.7,436441546
2174.3,S,42,21506.17,3171.70,17774191.9,87266769.0,436441553
2175.3,S,42,21507.16,3171.72,17774191.9,87266769.1,436441554
2176.3,S,42,21508.14,3171.73,17774191.9,87266769.7,436441559
2177.3,S,42,21509.07,3171.76,17774191.9,87266834.4,436441619
2178.3,S,42,21509.99,3171.82,17774191.9,87266854.2,436441640
2179.3,S,42,21510.97,3171.84,17774191.9,87266854.4,436441643
2180.3,S,42,21511.96,3171.85,17774191.9,87266854.6,436441647
2181.3,S,42,21512.87,3171.88,17774191.9,87266919.3,436441723
2182.3,S,42,21513.86,3171.90,17774191.9,87266919.5,436441727
2183.3,S,42,21514.84,3171.91,17774191.9,87266920.5,436441729
2184.3,S,42,21515.69,3171.95,17774191.9,87266957.3,436441846
2185.3,S,42,21516.67,3171.97,17774191.9,87266957.4,436441848
2186.3,S,42,21517.66,3171.98,17774191.9,87266957.6,436441851
2187.3,S,42,21518.49,3172.01,17774191.9,87267022.3,436442015
2188.3,S,42,21519.47,3172.02,17774191.9,87267022.6,436442021
2189.3,S,42,21520.46,3172.04,17774191.9,87267023.1,436442025
2190.3,S,42,21521.45,3172.06,17774191.9,87267023.4,436442030
2191.3,S,42,21522.24,3172.08,17774191.9,87267115.4,436442430
2192.3,S,42,21523.23,3172.09,17774191.9,87267116.1,436442432
2193.4,S,42,21524.21,3172.11,17774191.9,87267116.2,436442434
2194.4,S,42,21525.21,3172.12,17774191.9,87267116.7,436442438
2195.4,S,42,21526.04,3172.13,17774191.9,87267181.4,436442608
2196.4,S,42,21527.02,3172.15,17774191.9,87267181.5,436442609
2197.4,S,42,21528.00,3172.17,17774191.9,87267181.8,436442610
2198.4,S,42,21528.77,3172.20,17774191.9,87267246.3,436442841
2199.4,S,42,21529.74,3172.22,17774191.9,87267246.5,436442850
2200.4,S,42,21530.59,3172.28,17774191.9,87267274.2,436442945
2201.4,S,42,21531.58,3172.30,17774191.9,87267274.4,436442948
2202.4,S,42,21532.57,3172.31,17774191.9,87267274.5,436442948
2203.4,S,42,21533.55,3172.33,17774191.9,87267274.9,436442951
2204.4,S,42,21534.43,3172.36,17774191.9,87267339.4,436443051
2205.4,S,42,21535.42,3172.37,17774191.9,87267339.8,436443055
2206.4,S,42,21536.40,3172.39,17774191.9,87267340.0,436443056
2207.4,S,42,21537.29,3172.41,17774191.9,87267404.5,436443161
2208.4,S,42,21538.27,3172.43,17774191.9,87267404.7,436443166
2209.4,S,42,21539.23,3172.44,17774191.9,87267428.7,436443202
2210.4,S,42,21540.14,3172.48,17774191.9,87267443.1,436443268
2211.4,S,57,21552.46,3172.67,17774191.9,87267443.7,436443273
2212.4,S,57,21568.26,3172.89,17774191.9,87267444.5,436443273
2213.4,S,57,21584.00,3173.16,17774191.9,87267444.6,436443274
2214.4,S,57,21599.60,3173.42,17774191.9,87267538.7,436443437
2215.4,S,57,21611.96,3173.69,17774191.9,87267842.4,436444317
2216.4,S,57,21624.37,3173.98,17774191.9,87268267.5,436444923
2217.4,S,57,21639.09,3174.22,17774191.9,87268468.0,436445500
2218.4,S,57,21654.46,3174.45,17774192.0,87268658.6,436445780
2219.4,S,57,21669.83,3174.73,17774192.0,87268854.2,436446134
2220.4,S,57,21684.78,3174.97,17774192.0,87268963.8,436446393
2221.4,S,57,21699.96,3175.24,17774192.0,87269289.6,436446867
2222.4,S,57,21715.46,3175.47,17774192.0,87269399.7,436447156
2223.4,S,57,21730.43,3175.74,17774192.0,87269615.8,436447656
2224.4,S,57,21744.91,3176.00,17774192.0,87269948.5,436448240
2225.4,S,57,21759.82,3176.28,17774192.0,87270218.8,436448795
2226.4,S,57,21774.67,3176.55,17774192.0,87270467.2,436449140
2227.4,S,57,21789.99,3176.82,17774192.1,87270637.1,436449408
2228.4,S,57,21804.55,3177.10,17774192.1,87270882.7,436449853
2229.4,S,57,21820.09,3177.36,17774192.1,87271000.6,436450073
2230.4,S,57,21835.44,3177.64,17774192.1,87271191.4,436450495
2231.4,S,57,21850.68,3177.96,17774192.1,87271558.9,436450855
2232.4,S,57,21865.68,3178.20,17774192.1,87271689.7,436451059
2233.4,S,57,21879.60,3178.46,17774192.1,87272035.3,436451689
2234.4,S,57,21894.64,3178.75,17774192.1,87272233.2,436451997
2235.4,S,56,21909.79,3179.00,17774192.1,87272412.4,436452154
2236.4,S,56,21923.24,3179.23,17774192.2,87272674.8,436452644
2237.4,S,56,21937.65,3179.50,17774192.2,87272914.6,436453007
2238.4,S,53,21947.67,3179.72,17774192.2,87273271.9,436453697
2239.4,S,42,21949.89,3180.03,17774192.2,87273557.0,436454228
2240.4,S,42,21953.96,3181.19,17774192.2,87273558.0,436454232
2241.4,S,42,21962.69,3182.58,17774192.2,87273558.8,436454242
2242.4,S,42,21971.49,3184.04,17774192.2,87273558.9,436454243
2243.4,S,42,21980.20,3185.52,17774192.2,87273559.4,436454245
2244.4,S,42,21988.70,3187.03,17774192.2,87273625.3,436454348
2245.4,S,42,21997.22,3188.56,17774192.2,87273625.7,436454352
2246.4,S,46,22007.37,3189.93,17774192.2,87273648.9,436454402
2247.4,S,42,22017.61,3191.33,17774192.2,87273744.7,436454546
2248.4,S,42,22026.27,3192.84,17774192.2,87273801.4,436454595
2249.4,S,42,22035.07,3194.27,17774192.2,87273802.2,436454599
2250.4,S,42,22043.66,3195.74,17774192.2,87273802.9,436454605
2251.4,S,42,22052.45,3197.07,17774192.2,87273803.2,436454607
2252.4,S,42,22061.02,3198.39,17774192.2,87273842.3,436454641
2253.4,S,46,22071.67,3199.89,17774192.2,87273916.7,436454709
2254.4,S,42,22081.58,3201.47,17774192.2,87274012.7,436454797
2255.4,S,42,22090.40,3202.87,17774192.2,87274013.3,436454800
2256.4,S,42,22099.11,3204.42,17774192.2,87274067.8,436454845
2257.4,S,42,22107.80,3205.89,17774192.2,87274068.2,436454849
2258.4,S,42,22116.63,3207.29,17774192.2,87274068.3,436454851
2259.4,S,42,22124.33,3208.47,17774192.2,87274143.1,436454978
2260.4,S,46,22136.50,3210.12,17774192.2,87274223.9,436455100
2261.4,S,42,22145.02,3211.53,17774192.2,87274304.2,436455290
2262.4,S,42,22153.71,3212.94,17774192.2,87274304.7,436455291
2263.4,S,42,22162.45,3214.34,17774192.2,87274304.9,436455294
2264.4,S,42,22171.02,3215.71,17774192.2,87274305.1,436455296
2265.4,S,42,22179.51,3217.15,17774192.2,87274369.7,436455439
2266.4,S,46,22186.88,3218.40,17774192.2,87274470.5,436455610
2267.4,S,46,22198.72,3219.96,17774192.2,87274521.4,436455697
2268.4,S,42,22207.54,3221.31,17774192.2,87274567.2,436455784
2269.4,S,42,22216.16,3222.70,17774192.2,87274631.9,436455882
2270.4,S,42,22224.92,3223.97,17774192.2,87274632.1,436455884
2271.4,S,42,22233.60,3225.49,17774192.2,87274659.4,436455928
2272.4,S,42,22242.41,3226.88,17774192.2,87274659.9,436455936
2273.4,S,42,22249.26,3227.86,17774192.2,87274711.5,436456190
2274.4,S,46,22260.78,3229.29,17774192.2,87274763.2,436456274
2275.4,S,42,22269.73,3230.66,17774192.2,87274923.5,436456511
2276.4,S,42,22278.53,3232.05,17774192.2,87274923.6,436456512
2277.4,S,42,22287.08,3233.59,17774192.2,87274924.3,436456516
2278.4,S,42,22295.67,3235.12,17774192.2,87274958.5,436456564
2279.4,S,42,22304.25,3236.58,17774192.2,87274975.9,436456594
2280.4,S,42,22311.34,3237.82,17774192.2,87275053.4,436456801
2281.4,S,46,22323.06,3239.58,17774192.2,87275079.2,436456849
2282.4,S,42,22331.84,3240.98,17774192.2,87275175.2,436456986
2283.4,S,42,22340.40,3242.42,17774192.2,87275240.1,436457070
2284.4,S,42,22349.31,3243.69,17774192.2,87275240.5,436457073
2285.4,S,42,22357.86,3244.94,17774192.2,87275240.9,436457077
2286.4,S,42,22366.44,3246.33,17774192.2,87275283.9,436457140
2287.4,S,42,22374.56,3247.72,17774192.2,87275361.3,436457219
2288.4,S,46,22386.68,3249.43,17774192.2,87275405.3,436457260
2289.4,S,42,22395.76,3250.88,17774192.2,87275483.4,436457340
2290.4,S,42,22404.35,3252.34,17774192.2,87275548.0,436457395
2291.4,S,42,22413.21,3253.75,17774192.2,87275548.5,436457398
2292.4,S,42,22422.05,3255.29,17774192.2,87275548.6,436457400
2293.4,S,42,22430.61,3256.74,17774192.2,87275591.5,436457439
2294.4,S,46,22439.32,3257.99,17774192.2,87275694.5,436457551
2295.4,S,42,22449.98,3259.41,17774192.2,87275790.4,436457769
2296.4,S,42,22458.55,3260.92,17774192.2,87275790.8,436457771
2297.4,S,42,22467.10,3262.37,17774192.2,87275855.6,436457858
2298.4,S,42,22475.84,3263.74,17774192.2,87275855.7,436457858
2299.4,S,42,22484.54,3265.16,17774192.2,87275856.0,436457862
2300.4,S,42,22492.97,3266.85,17774192.2,87275899.2,436457929
2301.4,S,46,22501.22,3268.19,17774192.2,87276002.3,436458114
2302.4,S,42,22512.47,3269.73,17774192.2,87276098.6,436458322
2303.4,S,42,22521.13,3271.23,17774192.2,87276098.8,436458323
2304.4,S,42,22529.83,3272.72,17774192.2,87276114.1,436458346
2305.4,S,42,22538.37,3274.06,17774192.2,87276163.8,436458424
2306.4,S,42,22546.98,3275.42,17774192.2,87276164.0,436458426
2307.4,S,42,22555.58,3276.84,17774192.2,87276164.2,436458429
2308.4,S,46,22563.55,3278.34,17774192.2,87276316.8,436458746
2309.4,S,44,22574.86,3279.89,17774192.2,87276412.8,436459012
2310.4,S,42,22583.65,3281.25,17774192.2,87276413.8,436459017
2311.4,S,42,22592.37,3282.62,17774192.2,87276414.1,436459020
2312.4,S,42,22601.15,3284.15,17774192.2,87276478.8,436459104
2313.4,S,42,22609.95,3285.59,17774192.2,87276479.2,436459106
2314.4,S,42,22618.64,3287.00,17774192.2,87276479.4,436459110
2315.4,S,46,22628.39,3288.35,17774192.2,87276601.2,436459280
2316.4,S,42,22638.45,3289.89,17774192.2,87276728.0,436459487
2317.4,S,42,22647.10,3291.30,17774192.2,87276728.3,436459488
2318.4,S,42,22655.71,3292.73,17774192.2,87276728.8,436459492
2319.4,S,42,22664.46,3294.15,17774192.2,87276729.0,436459494
2320.4,S,42,22673.20,3295.53,17774192.2,87276793.6,436459577
2321.4,S,42,22682.00,3296.97,17774192.2,87276794.0,436459578
2322.4,S,46,22691.53,3298.46,17774192.2,87276930.2,436459779
2323.5,S,42,22701.61,3300.06,17774192.2,87277026.5,436459905
2324.5,S,42,22710.30,3301.46,17774192.2,87277026.8,436459909
2325.5,S,42,22719.15,3302.98,17774192.2,87277026.9,436459911
2326.5,S,42,22728.08,3304.29,17774192.2,87277091.5,436459969
2327.5,S,42,22736.87,3305.71,17774192.2,87277092.1,436459971
2328.5,S,42,22745.56,3307.03,17774192.2,87277125.5,436460004
2329.5,S,46,22756.59,3308.58,17774192.2,87277228.6,436460101
2330.5,S,42,22765.84,3309.83,17774192.2,87277324.4,436460186
2331.5,S,42,22774.71,3311.27,17774192.2,87277324.6,436460187
2332.5,S,42,22783.57,3312.68,17774192.2,87277324.8,436460187
2333.5,S,42,22792.25,3314.09,17774192.2,87277389.7,436460287
2334.5,S,42,22800.88,3315.55,17774192.2,87277389.9,436460291
2335.5,S,46,22808.74,3316.90,17774192.2,87277526.3,436460486
2336.5,S,44,22820.40,3318.43,17774192.2,87277622.4,436460617
2337.5,S,42,22829.26,3319.72,17774192.2,87277622.6,436460617
2338.5,S,42,22837.99,3321.19,17774192.2,87277622.9,436460627
2339.5,S,42,22846.72,3322.56,17774192.2,87277687.6,436460711
2340.5,S,42,22855.49,3324.01,17774192.2,87277688.4,436460714
2341.5,S,42,22864.30,3325.30,17774192.2,87277721.8,436460807
2342.5,S,46,22871.31,3326.48,17774192.2,87277824.6,436461113
2343.5,S,43,22882.28,3327.97,17774192.2,87277912.0,436461307
2344.5,S,42,22890.93,3329.40,17774192.2,87277920.6,436461322
2345.5,S,42,22899.50,3330.76,17774192.2,87277921.3,436461325
2346.5,S,42,22908.09,3332.22,17774192.2,87277986.2,436461477
2347.5,S,42,22916.89,3333.58,17774192.2,87277986.4,436461479
2348.5,S,42,22925.65,3335.01,17774192.2,87278019.8,436461512
2349.5,S,46,22935.54,3336.30,17774192.2,87278150.6,436461636
2350.5,S,42,22945.02,3337.68,17774192.2,87278246.9,436461724
2351.5,S,42,22950.50,3338.46,17774192.2,87278247.3,436461725
2352.5,S,42,22956.00,3339.32,17774192.2,87278311.9,436461780
2353.5,S,42,22961.47,3340.07,17774192.2,87278312.1,436461784
2354.5,S,42,22967.00,3340.97,17774192.2,87278312.2,436461786
2355.5,S,42,22973.34,3341.92,17774192.2,87278346.1,436461819
2356.5,S,42,22979.69,3342.87,17774192.2,87278346.2,436461819
2357.5,S,42,22986.05,3343.81,17774192.2,87278346.7,436461823
2358.5,S,42,22992.53,3344.88,17774192.2,87278347.1,436461826
2359.5,S,42,22998.71,3345.87,17774192.2,87278411.7,436461903
2360.5,S,42,23005.07,3346.90,17774192.2,87278412.2,436461927
2361.5,S,46,23011.81,3347.91,17774192.2,87278548.4,436462092
2362.5,S,44,23020.75,3348.95,17774192.2,87278620.3,436462231
2363.5,S,42,23025.53,3349.76,17774192.2,87278644.9,436462260
2364.5,S,42,23030.31,3350.51,17774192.2,87278645.1,436462261
2365.5,S,42,23034.94,3351.23,17774192.2,87278709.7,436462326
2366.5,S,42,23039.78,3352.04,17774192.2,87278710.1,436462328
2367.5,S,42,23044.42,3352.82,17774192.2,87278710.4,436462330
2368.5,S,42,23049.47,3353.78,17774192.2,87278743.8,436462368
2369.5,S,42,23054.81,3354.66,17774192.2,87278831.7,436462453
2370.5,S,42,23060.27,3355.58,17774192.2,87278832.5,436462459
2371.5,S,42,23065.82,3356.45,17774192.2,87278832.9,436462464
2372.5,S,42,23071.30,3357.31,17774192.2,87278833.1,436462468
2373.5,S,42,23076.82,3358.16,17774192.2,87278897.9,436462531
2374.5,S,42,23082.25,3358.98,17774192.2,87278968.8,436462693
2375.5,S,42,23087.95,3359.84,17774192.2,87278969.6,436462702
2376.5,S,42,23093.67,3360.76,17774192.2,87278969.8,436462706
2377.5,S,42,23099.42,3361.67,17774192.2,87279045.5,436462819
2378.5,S,46,23108.78,3362.73,17774192.2,87279053.3,436462843
2379.5,S,42,23111.85,3363.07,17774192.2,87279203.3,436463041
2380.5,S,42,23112.83,3363.08,17774192.2,87279203.4,436463042
2381.5,S,42,23113.74,3363.12,17774192.2,87279267.9,436463109
2382.5,S,42,23114.72,3363.14,17774192.2,87279268.4,436463111
2383.5,S,42,23115.62,3363.21,17774192.2,87279301.5,436463156
2384.5,S,42,23116.60,3363.22,17774192.2,87279301.7,436463158
2385.5,S,42,23117.59,3363.23,17774192.2,87279302.3,436463159
2386.5,S,42,23118.58,3363.25,17774192.2,87279302.4,436463161
2387.5,S,42,23119.50,3363.27,17774192.2,87279366.9,436463232
2388.5,S,42,23120.48,3363.29,17774192.2,87279367.3,436463235
2389.5,S,42,23121.41,3363.33,17774192.2,87279400.5,436463273
2390.5,S,42,23122.39,3363.35,17774192.2,87279400.7,436463275
2391.5,S,42,23123.38,3363.35,17774192.2,87279401.1,436463279
2392.5,S,42,23124.31,3363.37,17774192.2,87279465.6,436463346
2393.5,S,42,23125.29,3363.39,17774192.2,87279466.0,436463348
2394.5,S,42,23126.22,3363.43,17774192.2,87279499.0,436463390
2395.5,S,42,23127.20,3363.44,17774192.2,87279527.1,436463443
2396.5,S,42,23128.20,3363.45,17774192.2,87279527.1,436463457
2397.5,S,42,23129.19,3363.46,17774192.2,87279527.6,436463461
2398.5,S,42,23130.09,3363.48,17774192.2,87279592.4,436463555
2399.5,S,42,23131.05,3363.51,17774192.2,87279605.4,436463571
2400.5,S,42,23131.97,3363.55,17774192.2,87279625.5,436463623
2401.5,S,42,23132.95,3363.57,17774192.2,87279625.7,436463623
2402.5,S,42,23133.93,3363.58,17774192.2,87279625.8,436463624
2403.5,S,42,23134.85,3363.61,17774192.2,87279690.9,436463694
2404.5,S,42,23135.86,3363.63,17774192.2,87279691.2,436463700
2405.5,S,42,23136.85,3363.64,17774192.2,87279699.8,436463712
2406.5,S,42,23137.70,3363.69,17774192.2,87279749.0,436463826
2407.5,S,42,23138.69,3363.71,17774192.2,87279749.2,436463830
2408.5,S,42,23139.67,3363.73,17774192.2,87279749.3,436463832
2409.5,S,42,23140.66,3363.74,17774192.2,87279749.9,436463835
2410.5,S,42,23141.57,3363.76,17774192.2,87279816.7,436463911
2411.5,S,42,23142.56,3363.77,17774192.2,87279816.9,436463915
2412.5,S,42,23143.55,3363.78,17774192.2,87279817.0,436463917
2413.5,S,42,23144.32,3363.80,17774192.2,87279881.6,436464144
2414.5,S,42,23145.30,3363.82,17774192.2,87279882.2,436464144
2415.5,S,42,23146.23,3363.87,17774192.2,87279918.3,436464181
2416.5,S,42,23147.21,3363.89,17774192.2,87279918.4,436464182
2417.5,S,42,23148.19,3363.91,17774192.2,87279918.6,436464184
2418.5,S,42,23149.17,3363.93,17774192.2,87279918.7,436464186
2419.5,S,42,23150.10,3363.96,17774192.2,87279983.6,436464245
2420.5,S,42,23151.09,3363.97,17774192.2,87279984.1,436464246
2421.5,S,42,23152.02,3364.02,17774192.2,87280018.6,436464280
2422.5,S,42,23153.01,3364.02,17774192.2,87280018.8,436464282
2423.5,S,42,23154.00,3364.04,17774192.2,87280018.9,436464283
2424.5,S,42,23154.92,3364.06,17774192.2,87280111.1,436464368
2425.5,S,42,23155.90,3364.08,17774192.2,87280111.3,436464372
2426.5,S,42,23156.89,3364.10,17774192.2,87280111.6,436464374
2427.5,S,42,23157.81,3364.15,17774192.2,87280154.3,436464415
2428.5,S,42,23158.80,3364.16,17774192.2,87280154.5,436464416
2429.5,S,42,23159.79,3364.18,17774192.2,87280155.2,436464421
2430.5,S,42,23160.74,3364.20,17774192.2,87280186.7,436464449
2431.5,S,42,23161.66,3364.22,17774192.2,87280219.9,436464519
2432.5,S,42,23162.65,3364.23,17774192.2,87280220.2,436464520
2433.5,S,42,23163.54,3364.29,17774192.2,87280261.9,436464582
2434.5,S,42,23164.53,3364.30,17774192.2,87280262.2,436464586
2435.5,S,42,23165.52,3364.32,17774192.2,87280262.7,436464589
2436.5,S,42,23166.47,3364.34,17774192.2,87280284.7,436464618
2437.5,S,42,23167.41,3364.35,17774192.2,87280327.3,436464674
2438.5,S,42,23168.40,3364.36,17774192.2,87280327.8,436464681
2439.5,S,42,23169.38,3364.38,17774192.2,87280328.0,436464689
2440.5,S,42,23170.19,3364.42,17774192.2,87280393.4,436464854
2441.5,S,42,23171.19,3364.42,17774192.2,87280393.7,436464855
2442.5,S,57,23186.86,3364.68,17774192.2,87280394.3,436464858
2443.6,S,57,23202.63,3364.93,17774192.2,87280394.5,436464859
2444.6,S,57,23218.42,3365.16,17774192.2,87280395.3,436464861
2445.6,S,57,23231.53,3365.43,17774192.2,87280752.5,436465478
2446.6,S,57,23246.91,3365.69,17774192.2,87280997.1,436465753
2447.6,S,57,23261.73,3365.96,17774192.2,87281322.6,436466199
2448.6,S,57,23277.39,3366.22,17774192.2,87281404.8,436466316
2449.6,S,57,23292.58,3366.47,17774192.2,87281556.9,436466575
2450.6,S,57,23307.33,3366.76,17774192.2,87281795.5,436466984
2451.6,S,57,23321.75,3367.07,17774192.2,87282082.6,436467504
2452.6,S,57,23337.19,3367.35,17774192.2,87282265.2,436467823
2453.6,S,57,23351.55,3367.68,17774192.2,87282679.1,436468350
2454.6,S,57,23367.05,3367.94,17774192.2,87282862.4,436468528
2455.6,S,57,23382.34,3368.21,17774192.2,87283033.9,436468762
2456.6,S,57,23395.72,3368.43,17774192.2,87283169.9,436469109
2457.6,S,57,23411.09,3368.71,17774192.2,87283362.4,436469522
2458.6,S,57,23426.49,3368.97,17774192.2,87283627.3,436469901
2459.6,S,57,23441.61,3369.25,17774192.2,87283913.8,436470562
2460.6,S,57,23455.97,3369.52,17774192.3,87284207.9,436471109
2461.6,S,57,23471.52,3369.78,17774192.3,87284353.3,436471230
2462.6,S,57,23487.28,3370.00,17774192.3,87284415.8,436471285
2463.6,S,57,23500.76,3370.26,17774192.3,87284559.7,436472111
2464.6,S,57,23509.61,3370.54,17774192.3,87284978.1,436473029
2465.6,S,57,23523.93,3370.81,17774192.3,87285105.2,436473267
2466.6,S,56,23538.66,3371.07,17774192.3,87285384.8,436473669
2467.6,S,56,23553.27,3371.32,17774192.3,87285600.8,436473850
2468.6,S,56,23567.98,3371.58,17774192.3,87285661.9,436473905
2469.6,S,50,23579.73,3371.89,17774192.3,87286392.8,436474528
2470.6,S,42,23582.74,3371.97,17774192.3,87286537.1,436474884
2471.6,S,42,23585.19,3373.07,17774192.3,87286538.0,436474895
2472.6,S,42,23593.86,3374.44,17774192.3,87286540.3,436474903
2473.6,S,42,23602.75,3375.77,17774192.3,87286540.5,436474905
2474.6,S,42,23611.47,3377.14,17774192.3,87286540.9,436474906
2475.6,S,42,23619.94,3378.49,17774192.3,87286603.3,436475040
2476.6,S,42,23628.56,3379.98,17774192.3,87286605.8,436475046
2477.6,S,46,23637.21,3381.29,17774192.3,87286629.8,436475101
2478.6,S,44,23648.90,3382.81,17774192.3,87286700.1,436475231
2479.6,S,42,23657.61,3384.27,17774192.3,87286726.6,436475287
2480.6,S,42,23665.98,3385.76,17774192.3,87286801.6,436475401
2481.6,S,42,23674.76,3387.19,17774192.3,87286802.1,436475409
2482.6,S,42,23683.47,3388.69,17774192.3,87286802.4,436475409
2483.6,S,42,23692.37,3390.02,17774192.3,87286802.6,436475410
2484.6,S,46,23700.32,3391.24,17774192.3,87286852.3,436475545
2485.6,S,46,23711.75,3392.77,17774192.3,87286965.3,436475743
2486.6,S,42,23720.30,3394.28,17774192.3,87287013.2,436475785
2487.6,S,42,23728.93,3395.73,17774192.3,87287013.4,436475789
2488.6,S,42,23737.50,3397.25,17774192.3,87287061.6,436475832
2489.6,S,42,23746.25,3398.60,17774192.3,87287062.3,436475837
2490.6,S,42,23755.02,3400.03,17774192.3,87287062.8,436475840
2491.6,S,46,23764.14,3401.49,17774192.3,87287137.8,436475913
2492.6,S,42,23775.26,3403.06,17774192.3,87287298.0,436476053
2493.6,S,42,23783.92,3404.50,17774192.3,87287298.2,436476056
2494.6,S,42,23792.73,3405.85,17774192.3,87287298.6,436476057
2495.6,S,42,23801.43,3407.24,17774192.3,87287324.8,436476082
2496.6,S,42,23810.05,3408.65,17774192.3,87287347.6,436476137
2497.6,S,42,23818.89,3409.91,17774192.3,87287347.8,436476141
2498.6,S,46,23828.01,3411.23,17774192.3,87287448.9,436476306
2499.6,S,42,23838.75,3412.74,17774192.3,87287545.1,436476457
2500.6,S,42,23847.25,3414.08,17774192.3,87287609.7,436476570
2501.6,S,42,23855.76,3415.60,17774192.3,87287610.6,436476573
2502.6,S,42,23864.29,3417.02,17774192.3,87287638.7,436476624
2503.6,S,42,23873.14,3418.57,17774192.3,87287638.8,436476624
2504.6,S,42,23881.69,3420.04,17774192.3,87287639.2,436476633
2505.6,S,46,23891.16,3421.36,17774192.3,87287742.1,436476824
2506.6,S,42,23901.02,3422.94,17774192.3,87287903.3,436477074
2507.6,S,42,23909.73,3424.48,17774192.3,87287903.5,436477076
2508.6,S,42,23918.41,3425.97,17774192.3,87287903.7,436477079
2509.6,S,42,23926.85,3427.46,17774192.3,87287942.0,436477234
2510.6,S,42,23935.57,3428.89,17774192.3,87287942.4,436477236
2511.6,S,42,23944.24,3430.33,17774192.3,87287943.0,436477240
2512.6,S,46,23953.41,3431.59,17774192.3,87288045.8,436477499
2513.6,S,42,23962.66,3433.06,17774192.3,87288206.0,436477740
2514.6,S,42,23971.47,3434.50,17774192.3,87288206.2,436477742
2515.6,S,42,23980.25,3435.92,17774192.3,87288206.5,436477746
2516.6,S,42,23988.77,3437.39,17774192.3,87288244.7,436477881
2517.6,S,42,23997.64,3438.71,17774192.3,87288245.2,436477883
2518.6,S,42,24006.13,3440.10,17774192.3,87288256.0,436477898
2519.6,S,46,24016.84,3441.58,17774192.3,87288348.7,436478040
2520.6,S,42,24025.32,3442.98,17774192.3,87288509.3,436478318
2521.6,S,42,24033.89,3444.39,17774192.3,87288523.2,436478344
2522.6,S,42,24042.72,3445.88,17774192.3,87288523.6,436478346
2523.6,S,42,24051.39,3447.16,17774192.3,87288523.8,436478349
2524.6,S,42,24060.17,3448.48,17774192.3,87288524.2,436478351
2525.6,S,42,24068.11,3449.72,17774192.3,87288613.8,436478474
2526.6,S,46,24080.13,3451.38,17774192.3,87288715.7,436478561
2527.6,S,42,24088.95,3452.60,17774192.3,87288788.1,436478628
2528.6,S,42,24097.83,3453.96,17774192.3,87288826.3,436478669
2529.6,S,42,24106.67,3455.44,17774192.3,87288826.5,436478670
2530.6,S,42,24115.34,3456.75,17774192.3,87288826.9,436478672
2531.6,S,42,24124.15,3458.09,17774192.3,87288827.3,436478674
2532.6,S,46,24132.80,3459.46,17774192.3,87288930.2,436478764
2533.6,S,42,24144.08,3461.05,17774192.3,87289090.8,436478969
2534.6,S,42,24152.74,3462.49,17774192.3,87289090.9,436478971
2535.6,S,42,24161.36,3463.83,17774192.3,87289128.4,436479056
2536.6,S,42,24170.27,3465.22,17774192.3,87289128.6,436479058
2537.6,S,42,24178.85,3466.72,17774192.3,87289128.9,436479062
2538.6,S,42,24187.38,3468.11,17774192.3,87289129.2,436479065
2539.6,S,46,24194.11,3469.15,17774192.3,87289296.8,436479470
2540.6,S,42,24205.42,3470.70,17774192.3,87289392.5,436479622
2541.6,S,42,24214.35,3472.04,17774192.3,87289392.8,436479630
2542.6,S,42,24223.06,3473.41,17774192.3,87289393.1,436479632
2543.6,S,42,24231.80,3474.76,17774192.3,87289393.5,436479636
2544.6,S,42,24240.36,3476.23,17774192.3,87289458.3,436479720
2545.6,S,42,24249.10,3477.61,17774192.3,87289458.5,436479720
2546.6,S,46,24257.36,3478.90,17774192.3,87289561.1,436479879
2547.6,S,42,24268.40,3480.54,17774192.3,87289699.7,436480053
2548.6,S,42,24277.02,3481.99,17774192.3,87289700.2,436480055
2549.6,S,42,24285.75,3483.42,17774192.3,87289700.8,436480060
2550.6,S,42,24294.48,3484.91,17774192.3,87289701.0,436480062
2551.6,S,42,24303.14,3486.28,17774192.3,87289765.6,436480118
2552.6,S,42,24311.84,3487.64,17774192.3,87289765.7,436480119
2553.6,S,46,24321.20,3489.05,17774192.3,87289868.8,436480211
2554.6,S,42,24331.60,3490.62,17774192.3,87289965.1,436480317
2555.6,S,42,24339.90,3492.13,17774192.3,87290030.9,436480463
2556.6,S,42,24348.49,3493.68,17774192.3,87290031.0,436480465
2557.6,S,42,24357.33,3495.08,17774192.3,87290031.2,436480468
2558.6,S,42,24366.00,3496.42,17774192.3,87290031.6,436480473
2559.6,S,42,24374.64,3497.85,17774192.3,87290032.4,436480482
2560.6,S,46,24383.06,3499.04,17774192.3,87290199.4,436480803
2561.6,S,42,24393.81,3500.65,17774192.3,87290295.6,436480951
2562.6,S,42,24402.44,3502.21,17774192.3,87290295.9,436480955
2563.6,S,42,24411.22,3503.68,17774192.3,87290296.0,436480957
2564.6,S,42,24419.75,3505.15,17774192.3,87290360.7,436481077
2565.6,S,42,24428.47,3506.58,17774192.3,87290361.1,436481078
2566.6,S,42,24437.14,3507.99,17774192.3,87290361.7,436481082
2567.6,S,46,24445.59,3509.18,17774192.3,87290464.5,436481369
2568.7,S,42,24454.23,3510.44,17774192.3,87290560.6,436481708
2569.7,S,42,24462.94,3511.86,17774192.3,87290625.4,436481806
2570.7,S,42,24471.67,3513.19,17774192.3,87290625.9,436481810
2571.7,S,42,24480.52,3514.77,17774192.3,87290626.2,436481810
2572.7,S,42,24489.08,3516.15,17774192.3,87290629.8,436481814
2573.7,S,42,24497.74,3517.57,17774192.3,87290680.7,436481899
2574.7,S,46,24507.82,3518.97,17774192.3,87290783.4,436482049
2575.7,S,42,24517.54,3520.43,17774192.3,87290879.0,436482179
2576.7,S,42,24526.36,3521.80,17774192.3,87290879.6,436482184
2577.7,S,42,24534.81,3523.10,17774192.3,87290944.5,436482282
2578.7,S,42,24543.44,3524.62,17774192.3,87290944.8,436482286
2579.7,S,42,24552.02,3526.04,17774192.3,87290975.0,436482335
2580.7,S,42,24560.78,3527.44,17774192.3,87290975.0,436482335
2581.7,S,46,24569.88,3528.79,17774192.3,87291077.9,436482562
2582.7,S,42,24577.76,3530.02,17774192.3,87291174.3,436482747
2583.7,S,42,24583.08,3530.95,17774192.3,87291239.2,436482816
2584.7,S,42,24588.51,3531.84,17774192.3,87291239.5,436482820
2585.7,S,42,24593.94,3532.73,17774192.3,87291239.6,436482822
2586.7,S,42,24599.50,3533.58,17774192.3,87291239.8,436482826
2587.7,S,42,24604.96,3534.44,17774192.3,87291240.1,436482826
2588.7,S,42,24610.28,3535.28,17774192.3,87291305.1,436482881
2589.7,S,42,24615.73,3536.19,17774192.3,87291333.9,436482912
2590.7,S,42,24621.06,3536.99,17774192.3,87291334.2,436482914
2591.7,S,42,24626.51,3537.78,17774192.3,87291334.3,436482915
2592.7,S,42,24632.62,3538.86,17774192.3,87291394.1,436482969
2593.7,S,42,24638.86,3539.80,17774192.3,87291394.9,436482972
2594.7,S,46,24645.62,3540.79,17774192.3,87291497.7,436483066
2595.7,S,46,24654.76,3541.80,17774192.3,87291545.6,436483199
2596.7,S,42,24659.70,3542.67,17774192.3,87291658.3,436483354
2597.7,S,42,24664.60,3543.37,17774192.3,87291658.6,436483359
2598.7,S,42,24669.39,3544.12,17774192.3,87291659.1,436483363
2599.7,S,42,24674.73,3545.08,17774192.3,87291774.1,436483523
2600.7,S,42,24680.29,3545.90,17774192.3,87291774.2,436483523
2601.7,S,42,24685.73,3546.84,17774192.3,87291774.3,436483523
2602.7,S,42,24691.18,3547.79,17774192.3,87291774.6,436483526
2603.7,S,42,24696.69,3548.74,17774192.3,87291774.7,436483528
2604.7,S,42,24702.13,3549.64,17774192.3,87291840.5,436483634
2605.7,S,42,24707.77,3550.49,17774192.3,87291907.0,436483716
2606.7,S,42,24713.80,3551.48,17774192.3,87291937.2,436483776
2607.7,S,42,24720.09,3552.36,17774192.3,87291937.3,436483778
2608.7,S,42,24726.42,3553.23,17774192.3,87291937.5,436483780
2609.7,S,46,24732.98,3554.28,17774192.3,87291956.0,436483822
2610.7,S,44,24742.05,3555.25,17774192.3,87292069.2,436483998
2611.7,S,42,24744.17,3555.47,17774192.3,87292117.3,436484123
2612.7,S,42,24744.88,3555.55,17774192.3,87292147.1,436484349
2613.7,S,42,24745.87,3555.56,17774192.3,87292147.3,436484349
2614.7,S,42,24746.85,3555.58,17774192.3,87292147.5,436484353
2615.7,S,42,24747.83,3555.60,17774192.3,87292201.4,436484430
2616.7,S,42,24748.71,3555.62,17774192.3,87292266.2,436484543
2617.7,S,42,24749.68,3555.64,17774192.3,87292279.9,436484559
2618.7,S,42,24750.61,3555.68,17774192.3,87292296.2,436484586
2619.7,S,42,24751.59,3555.70,17774192.3,87292296.4,436484588
2620.7,S,42,24752.58,3555.71,17774192.3,87292296.8,436484590
2621.7,S,42,24753.48,3555.73,17774192.3,87292361.5,436484681
2622.7,S,42,24754.46,3555.75,17774192.3,87292361.7,436484685
2623.7,S,42,24755.33,3555.79,17774192.3,87292391.5,436484785
2624.7,S,42,24756.31,3555.81,17774194.6,87292458.2,436485004
2625.7,S,42,24757.29,3555.83,17774196.2,87292458.3,436485010
2626.7,S,42,24758.28,3555.84,17774196.8,87292458.5,436485013
2627.7,S,42,24759.21,3555.86,17774196.8,87292505.8,436485113
2628.7,S,42,24760.20,3555.88,17774196.8,87292506.0,436485123
2629.7,S,42,24761.11,3555.92,17774196.8,87292535.9,436485172
2630.7,S,42,24762.10,3555.93,17774196.8,87292536.1,436485174
2631.7,S,42,24763.09,3555.94,17774196.8,87292536.1,436485174
2632.7,S,42,24763.93,3555.96,17774196.8,87292601.4,436485323
2633.7,S,42,24764.92,3555.97,17774196.8,87292601.5,436485325
2634.7,S,42,24765.91,3555.99,17774196.8,87292601.7,436485329
2635.7,S,42,24766.89,3556.01,17774196.8,87292601.8,436485331
2636.7,S,42,24767.73,3556.03,17774196.8,87292666.3,436485477
2637.7,S,42,24768.72,3556.05,17774196.8,87292666.7,436485479
2638.7,S,42,24769.71,3556.06,17774196.8,87292667.1,436485480
2639.7,S,42,24770.57,3556.11,17774196.8,87292721.5,436485570
2640.7,S,42,24771.56,3556.13,17774196.8,87292721.8,436485573
2641.7,S,42,24772.54,3556.15,17774196.8,87292721.8,436485574
2642.7,S,42,24773.52,3556.17,17774196.8,87292722.0,436485576
2643.7,S,42,24774.45,3556.21,17774196.8,87292786.9,436485629
2644.7,S,42,24775.40,3556.23,17774196.8,87292816.8,436485658
2645.7,S,42,24776.37,3556.26,17774196.8,87292816.9,436485660
2646.7,S,42,24777.36,3556.27,17774196.8,87292817.1,436485662
2647.7,S,42,24778.35,3556.29,17774196.8,87292817.2,436485663
2648.7,S,42,24779.28,3556.31,17774196.8,87292882.1,436485720
2649.7,S,42,24780.27,3556.33,17774196.8,87292882.5,436485721
2650.7,S,42,24781.25,3556.35,17774196.8,87292882.7,436485723
2651.7,S,42,24782.23,3556.36,17774196.8,87292882.8,436485724
2652.7,S,42,24783.17,3556.39,17774196.8,87292947.4,436485780
2653.7,S,42,24784.15,3556.40,17774196.8,87292947.4,436485781
2654.7,S,42,24785.13,3556.42,17774196.8,87292947.8,436485785
2655.7,S,42,24786.03,3556.48,17774196.8,87293032.0,436485866
2656.7,S,42,24787.02,3556.49,17774196.8,87293032.2,436485867
2657.7,S,42,24788.00,3556.51,17774196.8,87293032.3,436485869
2658.7,S,42,24788.90,3556.54,17774196.8,87293096.9,436485958
2659.7,S,42,24789.88,3556.56,17774196.8,87293097.7,436485965
2660.7,S,42,24790.87,3556.57,17774196.8,87293098.0,436485969
2661.7,S,42,24791.85,3556.59,17774196.8,87293098.3,436485971
2662.7,S,42,24792.73,3556.61,17774196.8,87293162.8,436486084
2663.7,S,42,24793.72,3556.63,17774196.8,87293162.9,436486084
2664.7,S,42,24794.70,3556.65,17774196.8,87293163.3,436486088
2665.7,S,42,24795.68,3556.66,17774196.8,87293163.4,436486090
2666.7,S,42,24796.56,3556.69,17774196.8,87293228.0,436486198
2667.7,S,42,24797.55,3556.70,17774196.8,87293228.3,436486199
2668.7,S,42,24798.54,3556.71,17774196.8,87293228.4,436486200
2669.7,S,42,24799.40,3556.79,17774196.8,87293284.1,436486283
2670.7,S,42,24800.37,3556.81,17774196.8,87293284.7,436486287
2671.7,S,42,24801.37,3556.82,17774196.8,87293284.9,436486289
2672.7,S,42,24802.36,3556.83,17774196.8,87293285.0,436486293
2673.7,S,42,24803.20,3556.85,17774196.8,87293350.0,436486436
2674.7,S,42,24804.19,3556.87,17774196.8,87293350.1,436486439
2675.7,S,42,24805.17,3556.89,17774196.8,87293350.3,436486441
2676.7,S,42,24806.08,3556.91,17774196.8,87293414.9,436486524
2677.7,S,42,24807.06,3556.93,17774196.8,87293415.1,436486526
2678.7,S,42,24808.04,3556.94,17774196.8,87293415.3,436486530
2679.7,S,42,24808.90,3557.01,17774196.8,87293467.3,436486619
2680.7,S,42,24809.89,3557.02,17774196.8,87293467.5,436486628
2681.7,S,42,24810.87,3557.04,17774196.8,87293467.8,436486630
2682.7,S,42,24811.86,3557.05,17774196.8,87293468.0,436486634
2683.7,S,42,24812.74,3557.08,17774196.8,87293532.5,436486736
2684.7,S,42,24813.72,3557.10,17774196.8,87293532.7,436486738
2685.7,S,42,24814.71,3557.12,17774196.8,87293533.0,436486738
2686.7,S,42,24815.69,3557.14,17774196.8,87293533.1,436486741
2687.8,S,42,24816.58,3557.16,17774196.8,87293598.1,436486840
2688.8,S,42,24817.49,3557.21,17774196.8,87293625.6,436486892
2689.8,S,57,24819.40,3557.23,17774196.8,87293625.9,436486896
2690.8,S,57,24835.17,3557.48,17774196.8,87293626.4,436486900
2691.8,S,57,24850.95,3557.70,17774196.8,87293627.2,436486901
2692.8,S,57,24866.33,3557.95,17774196.8,87293704.2,436487011
2693.8,S,57,24881.54,3558.20,17774196.8,87293965.2,436487239
2694.8,S,57,24894.43,3558.48,17774196.8,87294367.5,436487860
2695.8,S,57,24908.17,3558.71,17774196.8,87294566.5,436488200
2696.8,S,57,24923.28,3558.98,17774196.8,87294714.5,436488557
2697.8,S,57,24938.81,3559.23,17774196.8,87294814.7,436488843
2698.8,S,57,24952.49,3559.50,17774196.8,87295059.3,436489280
2699.8,S,57,24967.04,3559.80,17774196.8,87295455.1,436489765
2700.8,S,57,24982.52,3560.10,17774196.8,87295708.7,436490056
2701.8,S,57,24998.24,3560.35,17774196.8,87295737.1,436490102
2702.8,S,57,25013.38,3560.60,17774196.8,87295885.0,436490475
2703.8,S,57,25026.99,3560.90,17774196.8,87296239.2,436491099
2704.8,S,57,25041.50,3561.15,17774196.8,87296465.8,436491636
2705.8,S,57,25056.99,3561.40,17774196.8,87296668.5,436491964
2706.8,S,57,25072.24,3561.65,17774196.8,87296816.6,436492176
2707.8,S,57,25087.50,3561.95,17774196.9,87297194.6,436492584
2708.8,S,57,25102.26,3562.22,17774196.9,87297434.1,436493055
2709.8,S,57,25117.97,3562.45,17774196.9,87297491.8,436493147
2710.8,S,57,25132.91,3562.71,17774196.9,87297679.6,436493433
2711.8,S,57,25146.35,3563.00,17774196.9,87298049.5,436494066
2712.8,S,57,25160.66,3563.27,17774196.9,87298283.0,436494553
2713.8,S,57,25176.18,3563.52,17774196.9,87298412.4,436494815
2714.8,S,56,25191.38,3563.77,17774196.9,87298540.1,436494931
2715.8,S,56,25205.88,3564.02,17774197.0,87298766.7,436495131
2716.8,S,56,25218.11,3564.31,17774197.0,87299180.8,436495767
2717.8,S,54,25227.59,3564.52,17774197.0,87299520.8,436496528
2718.8,S,42,25230.72,3564.66,17774197.0,87299752.3,436496978
2719.8,S,42,25233.53,3565.90,17774197.0,87299754.2,436496986
2720.8,S,42,25242.22,3567.37,17774197.0,87299755.3,436496990
2721.8,S,42,25250.92,3568.77,17774197.0,87299755.9,436496998
2722.8,S,42,25259.65,3570.17,17774197.0,87299756.1,436496998
2723.8,S,42,25268.40,3571.55,17774197.0,87299818.0,436497142
2724.8,S,42,25277.00,3573.05,17774197.0,87299820.8,436497153
2725.8,S,46,25285.57,3574.31,17774197.0,87299844.8,436497236
2726.8,S,44,25297.43,3575.89,17774197.0,87299893.3,436497317
2727.8,S,42,25306.32,3577.32,17774197.0,87299941.3,436497400
2728.8,S,42,25314.81,3578.82,17774197.0,87300007.8,436497546
2729.8,S,42,25323.54,3580.25,17774197.0,87300008.2,436497550
2730.8,S,42,25332.33,3581.62,17774197.0,87300008.4,436497552
2731.8,S,42,25341.06,3583.06,17774197.0,87300008.8,436497556
2732.8,S,46,25350.95,3584.58,17774197.0,87300122.6,436497662
2733.8,S,42,25361.44,3586.08,17774197.0,87300218.7,436497750
2734.8,S,42,25370.32,3587.52,17774197.0,87300219.0,436497753
2735.8,S,42,25378.86,3588.98,17774197.0,87300262.0,436497795
2736.8,S,42,25387.79,3590.39,17774197.0,87300262.5,436497797
2737.8,S,42,25396.45,3591.78,17774197.0,87300262.7,436497800
2738.8,S,42,25405.17,3593.26,17774197.0,87300262.9,436497802
2739.8,S,46,25416.45,3594.80,17774197.0,87300337.9,436497877
2740.8,S,42,25424.30,3595.97,17774197.0,87300498.2,436498189
2741.8,S,42,25433.09,3597.40,17774197.0,87300498.2,436498189
2742.8,S,42,25441.71,3598.82,17774197.0,87300498.6,436498190
2743.8,S,42,25450.26,3600.26,17774197.0,87300546.0,436498352
2744.8,S,42,25458.74,3601.70,17774197.0,87300546.3,436498354
2745.8,S,42,25467.47,3603.01,17774197.0,87300546.6,436498355
2746.8,S,46,25477.87,3604.42,17774197.0,87300647.1,436498509
2747.8,S,42,25487.56,3605.93,17774197.0,87300743.0,436498660
2748.8,S,42,25496.00,3607.50,17774197.0,87300808.2,436498792
2749.8,S,42,25504.70,3608.96,17774197.0,87300808.6,436498796
2750.8,S,42,25513.10,3610.57,17774197.0,87300844.6,436498856
2751.8,S,42,25521.99,3611.99,17774197.0,87300844.8,436498858
2752.8,S,42,25529.70,3613.33,17774197.0,87300917.6,436498983
2753.8,S,46,25541.24,3614.94,17774197.0,87300948.2,436499047
2754.8,S,42,25549.97,3616.18,17774197.0,87301044.2,436499212
2755.8,S,42,25558.82,3617.68,17774197.0,87301108.8,436499268
2756.8,S,42,25567.63,3618.86,17774197.0,87301109.0,436499271
2757.8,S,42,25576.34,3620.35,17774197.0,87301143.4,436499305
2758.8,S,42,25585.17,3621.67,17774197.0,87301144.0,436499309
2759.8,S,46,25593.49,3622.85,17774197.0,87301246.8,436499400
2760.8,S,45,25605.79,3624.55,17774197.0,87301290.9,436499440
2761.8,S,42,25614.61,3626.01,17774197.0,87301407.4,436499689
2762.8,S,42,25623.24,3627.32,17774197.0,87301407.7,436499691
2763.8,S,42,25631.96,3628.72,17774197.0,87301407.8,436499691
2764.8,S,42,25640.65,3630.01,17774197.0,87301442.6,436499746
2765.8,S,42,25649.37,3631.39,17774197.0,87301442.8,436499748
2766.8,S,46,25657.85,3632.59,17774197.0,87301545.5,436499902
2767.8,S,42,25668.87,3634.11,17774197.0,87301641.4,436500046
2768.8,S,42,25677.34,3635.52,17774197.0,87301706.0,436500188
2769.8,S,42,25686.09,3636.93,17774197.0,87301706.1,436500190
2770.8,S,42,25694.57,3638.44,17774197.0,87301735.3,436500238
2771.8,S,42,25703.25,3639.87,17774197.0,87301735.5,436500239
2772.8,S,42,25711.98,3641.37,17774197.0,87301735.7,436500241
2773.8,S,46,25720.50,3642.55,17774197.0,87301838.6,436500393
2774.8,S,45,25731.02,3643.87,17774197.0,87301977.5,436500698
2775.8,S,42,25739.69,3645.23,17774197.0,87301999.2,436500734
2776.8,S,42,25748.44,3646.68,17774197.0,87301999.4,436500736
2777.8,S,42,25756.81,3648.28,17774197.0,87302033.4,436500814
2778.8,S,42,25765.61,3649.81,17774197.0,87302033.8,436500823
2779.8,S,42,25774.33,3651.20,17774197.0,87302034.2,436500833
2780.8,S,46,25782.23,3652.48,17774197.0,87302138.1,436501036
2781.8,S,42,25793.27,3653.97,17774197.0,87302298.3,436501326
2782.8,S,42,25801.87,3655.49,17774197.0,87302317.4,436501363
2783.8,S,42,25810.56,3656.86,17774197.0,87302317.6,436501365
2784.8,S,42,25819.30,3658.31,17774197.0,87302317.9,436501366
2785.8,S,42,25827.97,3659.68,17774197.0,87302318.2,436501368
2786.8,S,42,25836.70,3661.00,17774197.0,87302318.5,436501371
2787.8,S,46,25844.27,3662.09,17774197.0,87302485.7,436501739
2788.8,S,46,25855.49,3663.72,17774197.0,87302538.3,436502032
2789.8,S,42,25864.08,3665.20,17774197.0,87302581.9,436502072
2790.8,S,42,25872.72,3666.64,17774197.0,87302582.6,436502073
2791.8,S,42,25881.31,3668.12,17774197.0,87302647.1,436502127
2792.8,S,42,25890.12,3669.50,17774197.0,87302647.4,436502131
2793.8,S,42,25898.73,3670.98,17774197.0,87302672.2,436502159
2794.8,S,46,25907.98,3672.33,17774197.0,87302775.2,436502262
2795.8,S,42,25918.83,3673.88,17774197.0,87302871.4,436502347
2796.8,S,42,25927.57,3675.31,17774197.0,87302871.7,436502350
2797.8,S,42,25936.08,3676.66,17774197.0,87302936.2,436502633
2798.8,S,42,25944.94,3678.04,17774197.0,87302936.5,436502637
2799.8,S,42,25953.71,3679.44,17774197.0,87302936.6,436502639
2800.8,S,42,25962.54,3680.80,17774197.0,87302936.9,436502643
2801.8,S,46,25971.72,3682.19,17774197.0,87303092.1,436502876
2802.8,S,42,25981.74,3683.65,17774197.0,87303187.9,436503039
2803.8,S,42,25990.53,3685.13,17774197.0,87303188.1,436503043
2804.8,S,42,25999.23,3686.55,17774197.0,87303188.2,436503045
2805.8,S,42,26007.81,3688.02,17774197.0,87303253.0,436503145
2806.8,S,42,26016.61,3689.31,17774197.0,87303253.1,436503152
2807.8,S,42,26025.20,3690.77,17774197.0,87303253.7,436503154
2808.8,S,46,26035.14,3692.17,17774197.0,87303356.7,436503325
2809.8,S,42,26044.74,3693.73,17774197.0,87303517.4,436503708
2810.8,S,42,26053.26,3695.25,17774197.0,87303517.4,436503708
2811.8,S,42,26061.94,3696.77,17774197.0,87303543.6,436503749
2812.8,S,42,26070.62,3698.37,17774197.0,87303550.0,436503769
2813.8,S,42,26079.46,3699.82,17774197.0,87303550.2,436503769
2814.8,S,42,26087.00,3701.08,17774197.0,87303641.4,436503913
2815.8,S,46,26098.98,3702.72,17774197.0,87303662.3,436503949
2816.8,S,42,26107.07,3704.20,17774197.0,87303814.0,436504232
2817.8,S,42,26115.66,3705.66,17774197.0,87303814.1,436504235
2818.8,S,42,26124.37,3707.07,17774197.0,87303814.7,436504240
2819.8,S,42,26133.24,3708.48,17774197.0,87303814.8,436504242
2820.8,S,42,26141.70,3710.09,17774197.0,87303879.5,436504360
2821.9,S,46,26149.36,3711.34,17774197.0,87303982.4,436504532
2822.9,S,46,26161.56,3713.07,17774197.0,87304024.7,436504622
2823.9,S,42,26170.23,3714.54,17774197.0,87304079.1,436504705
2824.9,S,42,26178.77,3716.05,17774197.0,87304134.9,436504758
2825.9,S,42,26187.50,3717.34,17774197.0,87304135.3,436504759
2826.9,S,42,26196.40,3718.73,17774197.0,87304135.5,436504763
2827.9,S,42,26205.03,3720.13,17774197.0,87304135.6,436504765
2828.9,S,46,26214.31,3721.61,17774197.0,87304302.7,436504913
2829.9,S,42,26224.25,3723.06,17774197.0,87304398.7,436505007
2830.9,S,42,26229.55,3724.04,17774197.0,87304399.0,436505010
2831.9,S,42,26235.24,3724.98,17774197.0,87304440.8,436505050
2832.9,S,42,26241.45,3725.98,17774197.0,87304441.2,436505054
2833.9,S,42,26247.72,3726.92,17774197.0,87304441.4,436505056
2834.9,S,42,26254.16,3727.97,17774197.0,87304442.0,436505061
2835.9,S,42,26260.73,3728.99,17774197.0,87304442.5,436505066
2836.9,S,42,26267.01,3729.94,17774197.0,87304507.1,436505253
2837.9,S,42,26273.24,3730.95,17774197.0,87304507.2,436505253
2838.9,S,42,26279.61,3731.96,17774197.0,87304507.5,436505256
2839.9,S,42,26286.04,3732.94,17774197.0,87304507.8,436505261
2840.9,S,46,26293.51,3733.96,17774197.0,87304675.8,436505538
2841.9,S,42,26300.81,3734.93,17774197.0,87304771.9,436505674
2842.9,S,42,26305.65,3735.62,17774197.0,87304772.9,436505676
2843.9,S,42,26310.70,3736.50,17774197.0,87304811.0,436505735
2844.9,S,42,26316.26,3737.33,17774197.0,87304839.7,436505784
2845.9,S,42,26321.72,3738.21,17774197.0,87304840.5,436505787
2846.9,S,42,26327.18,3739.06,17774197.0,87304840.6,436505787
2847.9,S,42,26332.61,3739.92,17774197.0,87304993.5,436506100
2848.9,S,42,26338.18,3740.80,17774197.0,87304993.8,436506104
2849.9,S,42,26343.71,3741.72,17774197.0,87304993.9,436506106
2850.9,S,42,26349.06,3742.62,17774197.0,87304994.1,436506118
2851.9,S,42,26354.45,3743.55,17774197.0,87304994.5,436506119
2852.9,S,42,26359.79,3744.38,17774197.0,87305059.2,436506255
2853.9,S,42,26365.15,3745.23,17774197.0,87305131.4,436506317
2854.9,S,42,26370.50,3746.04,17774197.0,87305131.6,436506321
2855.9,S,42,26375.82,3746.86,17774197.0,87305131.7,436506323
2856.9,S,46,26384.24,3747.86,17774197.0,87305208.9,436506411
2857.9,S,42,26387.99,3748.31,17774197.0,87305305.2,436506496
2858.9,S,42,26388.97,3748.33,17774197.0,87305305.4,436506498
2859.9,S,42,26389.95,3748.35,17774197.0,87305305.5,436506498
2860.9,S,42,26390.87,3748.38,17774197.0,87305370.1,436506554
2861.9,S,42,26391.86,3748.39,17774197.0,87305370.1,436506554
2862.9,S,42,26392.71,3748.45,17774197.0,87305406.6,436506650
2863.9,S,42,26393.69,3748.47,17774197.0,87305460.0,436506721
2864.9,S,42,26394.68,3748.49,17774197.0,87305460.2,436506721
2865.9,S,42,26395.57,3748.53,17774197.0,87305524.6,436506804
2866.9,S,42,26396.55,3748.54,17774197.0,87305524.8,436506818
2867.9,S,42,26397.54,3748.55,17774197.0,87305525.2,436506821
2868.9,S,42,26398.52,3748.57,17774197.0,87305525.4,436506825
2869.9,S,42,26399.40,3748.60,17774197.0,87305590.1,436506931
2870.9,S,42,26400.38,3748.61,17774197.0,87305590.4,436506936
2871.9,S,42,26401.38,3748.62,17774197.0,87305590.5,436506940
2872.9,S,42,26402.25,3748.68,17774197.0,87305643.5,436507019
2873.9,S,42,26403.25,3748.68,17774197.0,87305672.7,436507066
2874.9,S,42,26404.23,3748.70,17774197.0,87305672.9,436507069
2875.9,S,42,26405.22,3748.71,17774197.0,87305673.1,436507076
2876.9,S,42,26406.11,3748.73,17774197.0,87305737.6,436507172
2877.9,S,42,26407.10,3748.74,17774197.0,87305737.8,436507176
2878.9,S,42,26408.09,3748.76,17774197.0,87305737.8,436507178
2879.9,S,42,26409.05,3748.78,17774197.0,87305757.1,436507206
2880.9,S,42,26409.96,3748.80,17774197.0,87305802.9,436507286
2881.9,S,42,26410.94,3748.81,17774197.0,87305803.0,436507290
2882.9,S,42,26411.83,3748.87,17774197.0,87305840.7,436507353
2883.9,S,42,26412.81,3748.89,17774197.0,87305847.9,436507364
2884.9,S,42,26413.80,3748.90,17774197.0,87305848.0,436507365
2885.9,S,42,26414.67,3748.92,17774197.0,87305929.3,436507688
2886.9,S,42,26415.64,3748.93,17774197.0,87305940.4,436507715
2887.9,S,42,26416.63,3748.95,17774197.0,87305940.5,436507716
2888.9,S,42,26417.61,3748.96,17774197.0,87305942.8,436507719
2889.9,S,42,26418.46,3748.99,17774197.0,87306007.3,436507856
2890.9,S,42,26419.45,3749.00,17774197.0,87306007.9,436507861
2891.9,S,42,26420.43,3749.02,17774197.0,87306008.0,436507863
2892.9,S,42,26421.42,3749.04,17774197.0,87306008.2,436507867
2893.9,S,42,26422.28,3749.10,17774197.0,87306070.6,436507954
2894.9,S,42,26423.26,3749.12,17774197.0,87306070.8,436507963
2895.9,S,42,26424.25,3749.13,17774197.0,87306070.9,436507965
2896.9,S,42,26425.14,3749.15,17774197.0,87306135.8,436508062
2897.9,S,42,26426.13,3749.16,17774197.0,87306136.0,436508063
2898.9,S,42,26427.01,3749.20,17774197.0,87306162.6,436508150
2899.9,S,42,26428.00,3749.22,17774197.0,87306162.7,436508152
2900.9,S,42,26428.99,3749.23,17774197.0,87306162.9,436508155
2901.9,S,42,26429.96,3749.25,17774197.0,87306163.2,436508155
2902.9,S,42,26430.86,3749.28,17774197.0,87306227.8,436508246
2903.9,S,42,26431.77,3749.33,17774197.0,87306254.4,436508298
2904.9,S,42,26432.75,3749.34,17774197.0,87306255.2,436508302
2905.9,S,42,26433.74,3749.36,17774197.0,87306255.3,436508303
2906.9,S,42,26434.72,3749.38,17774197.0,87306255.4,436508306
2907.9,S,42,26435.61,3749.42,17774197.0,87306320.2,436508397
2908.9,S,42,26436.59,3749.43,17774197.0,87306320.4,436508400
2909.9,S,42,26437.58,3749.45,17774197.0,87306320.5,436508402
2910.9,S,42,26438.56,3749.46,17774197.0,87306320.7,436508406
2911.9,S,42,26439.47,3749.48,17774197.0,87306385.2,436508501
2912.9,S,42,26440.45,3749.50,17774197.0,87306385.6,436508505
2913.9,S,42,26441.43,3749.52,17774197.0,87306385.8,436508511
2914.9,S,42,26442.32,3749.55,17774197.0,87306450.4,436508605
2915.9,S,42,26443.25,3749.61,17774197.0,87306458.9,436508621
2916.9,S,42,26444.24,3749.62,17774197.0,87306459.0,436508624
2917.9,S,42,26445.23,3749.63,17774197.0,87306459.1,436508625
2918.9,S,42,26446.12,3749.66,17774197.0,87306523.8,436508717
2919.9,S,42,26447.10,3749.68,17774197.0,87306524.0,436508719
2920.9,S,42,26448.09,3749.69,17774197.0,87306524.2,436508723
2921.9,S,42,26449.07,3749.71,17774197.0,87306524.3,436508725
2922.9,S,42,26449.73,3749.73,17774197.0,87306588.8,436509053
2923.9,S,42,26450.72,3749.74,17774197.0,87306589.1,436509366
2924.9,S,42,26451.70,3749.76,17774197.0,87306589.3,436509369
2925.9,S,42,26452.61,3749.82,17774197.0,87306634.6,436509410
2926.9,S,42,26453.61,3749.82,17774197.0,87306634.8,436509414
2927.9,S,42,26454.58,3749.85,17774197.0,87306634.9,436509416
2928.9,S,42,26455.57,3749.86,17774197.0,87306635.4,436509420
2929.9,S,42,26456.46,3749.90,17774197.0,87306710.9,436509504
2930.9,S,42,26457.45,3749.91,17774197.0,87306711.2,436509509
2931.9,S,42,26458.44,3749.92,17774197.0,87306711.2,436509511
2932.9,S,42,26459.42,3749.94,17774197.0,87306711.4,436509514
2933.9,S,42,26460.36,3749.96,17774197.0,87306776.3,436509570
2934.9,S,42,26461.35,3749.97,17774197.0,87306776.8,436509574
2935.9,S,42,26462.33,3749.99,17774197.0,87306777.0,436509577
2936.9,S,42,26463.32,3750.00,17774197.0,87306777.0,436509577
2937.9,S,42,26464.25,3750.03,17774197.0,87306841.5,436509633
2938.9,S,42,26465.23,3750.05,17774197.0,87306841.9,436509633
2939.9,S,42,26466.16,3750.10,17774197.0,87306877.6,436509665
2940.9,S,57,26475.25,3750.25,17774197.0,87306877.8,436509667
2941.9,S,57,26491.03,3750.49,17774197.0,87306878.5,436509670
2942.9,S,57,26506.80,3750.74,17774197.0,87306878.6,436509671
2944.0,S,57,26521.05,3750.98,17774197.0,87307082.0,436510008
2945.0,S,57,26534.50,3751.24,17774197.0,87307403.6,436510669
2946.0,S,57,26547.49,3751.52,17774197.0,87307760.8,436511361
2947.0,S,57,26563.12,3751.77,17774197.0,87307842.5,436511498
2948.0,S,57,26578.88,3752.00,17774197.0,87307868.4,436511532
2949.0,S,57,26593.96,3752.27,17774197.0,87308155.4,436512067
2950.0,S,57,26608.02,3752.58,17774197.0,87308571.8,436512610
2951.0,S,57,26623.29,3752.84,17774197.0,87308782.7,436512943
2952.0,S,57,26638.92,3753.11,17774197.0,87308863.8,436513079
2953.0,S,57,26653.69,3753.37,17774197.0,87309015.8,436513357
2954.0,S,57,26667.57,3753.64,17774197.0,87309335.6,436513939
2955.0,S,57,26682.21,3753.94,17774197.0,87309614.8,436514380
2956.0,S,57,26697.42,3754.17,17774197.0,87309744.0,436514668
2957.0,S,57,26713.04,3754.42,17774197.0,87309888.4,436514792
2958.0,S,57,26727.77,3754.75,17774197.1,87310295.8,436515434
2959.0,S,57,26742.76,3755.03,17774197.1,87310500.8,436515826
2960.0,S,57,26758.10,3755.34,17774197.1,87310762.5,436516256
2961.0,S,57,26773.77,3755.58,17774197.1,87310828.5,436516353
2962.0,S,57,26788.66,3755.83,17774197.1,87311104.5,436516751
2963.0,S,57,26802.64,3756.11,17774197.1,87311424.6,436517370
2964.0,S,57,26818.10,3756.38,17774197.1,87311612.3,436517695
2965.0,S,57,26832.75,3756.61,17774197.1,87311774.8,436518020
2966.0,S,56,26847.20,3756.89,17774197.1,87311963.1,436518329
2967.0,S,56,26860.40,3757.19,17774197.1,87312327.4,436518822
2968.0,S,54,26874.80,3757.48,17774197.1,87312482.2,436518958
2969.0,S,43,26879.04,3757.66,17774197.1,87312944.5,436519823
2970.0,S,42,26879.40,3758.37,17774197.1,87313025.8,436520000
2971.0,S,42,26887.45,3759.98,17774197.1,87313026.4,436520006
2972.0,S,42,26896.17,3761.29,17774197.1,87313026.8,436520008
2973.0,S,42,26904.98,3762.63,17774197.1,87313027.1,436520012
2974.0,S,42,26913.65,3764.08,17774197.1,87313027.5,436520016
2975.0,S,42,26922.41,3765.46,17774197.1,87313092.1,436520124
2976.0,S,42,26931.07,3766.91,17774197.1,87313105.7,436520187
2977.0,S,46,26942.66,3768.54,17774197.1,87313129.8,436520236
2978.0,S,42,26951.67,3769.97,17774197.1,87313225.6,436520402
2979.0,S,42,26960.31,3771.35,17774197.1,87313225.7,436520407
2980.0,S,42,26968.88,3772.83,17774197.1,87313290.4,436520506
2981.0,S,42,26977.53,3774.20,17774197.1,87313309.4,436520538
2982.0,S,42,26986.13,3775.66,17774197.1,87313310.9,436520558
2983.0,S,42,26994.13,3776.86,17774197.1,87313359.7,436520641
2984.0,S,46,27005.85,3778.37,17774197.1,87313360.7,436520699
2985.0,S,42,27014.19,3779.70,17774197.1,87313456.5,436521007
2986.0,S,42,27022.85,3781.20,17774197.1,87313521.1,436521101
2987.0,S,42,27031.70,3782.60,17774197.1,87313521.3,436521105
2988.0,S,42,27040.36,3784.11,17774197.1,87313552.2,436521159
2989.0,S,42,27048.91,3785.38,17774197.1,87313552.4,436521163
2990.0,S,46,27056.67,3786.71,17774197.1,87313627.4,436521289
2991.0,S,45,27068.62,3788.64,17774197.1,87313651.6,436521326
2992.0,S,42,27077.23,3790.10,17774197.1,87313788.7,436521526
2993.0,S,42,27085.89,3791.48,17774197.1,87313789.0,436521530
2994.0,S,42,27094.77,3792.89,17774197.1,87313789.4,436521532
2995.0,S,42,27103.23,3794.37,17774197.1,87313789.6,436521536
2996.0,S,42,27111.74,3795.83,17774197.1,87313854.3,436521602
2997.0,S,42,27120.28,3797.34,17774197.1,87313856.7,436521610
2998.0,S,46,27131.35,3798.85,17774197.1,87313957.7,436521708
2999.0,S,42,27140.85,3800.41,17774197.1,87314054.1,436521797
3000.0,S,42,27149.44,3801.98,17774197.1,87314106.1,436521857
3001.0,S,42,27158.19,3803.31,17774197.1,87314106.5,436521863
3002.0,S,42,27166.81,3804.67,17774197.1,87314106.8,436521866
3003.0,S,42,27175.46,3806.12,17774197.1,87314106.9,436521868
3004.0,S,42,27183.37,3807.53,17774197.1,87314218.8,436522020
3005.0,S,46,27193.94,3808.84,17774197.1,87314289.2,436522217
3006.0,S,42,27203.21,3810.30,17774197.1,87314385.2,436522472
3007.0,S,42,27211.90,3811.93,17774197.1,87314385.5,436522475
3008.0,S,42,27220.60,3813.40,17774197.1,87314385.7,436522477
3009.0,S,42,27229.43,3814.74,17774197.1,87314394.5,436522490
3010.0,S,42,27237.99,3816.05,17774197.1,87314450.7,436522574
3011.0,S,42,27245.65,3817.28,17774197.1,87314511.7,436522698
3012.0,S,46,27256.95,3818.89,17774197.1,87314554.0,436522773
3013.0,S,42,27264.99,3820.24,17774197.1,87314697.9,436523000
3014.0,S,42,27273.71,3821.61,17774197.1,87314698.1,436523002
3015.0,S,42,27282.32,3823.08,17774197.1,87314698.6,436523004
3016.0,S,42,27290.99,3824.59,17774197.1,87314698.8,436523005
3017.0,S,42,27299.58,3826.03,17774197.1,87314763.4,436523106
3018.0,S,42,27307.78,3827.35,17774197.1,87314801.9,436523169
3019.0,S,46,27318.64,3828.84,17774197.1,87314866.3,436523292
3020.0,S,42,27327.85,3830.25,17774197.1,87314962.8,436523433
3021.0,S,42,27336.49,3831.68,17774197.1,87315027.3,436523554
3022.0,S,42,27345.27,3833.03,17774197.1,87315027.3,436523560
3023.0,S,42,27353.97,3834.33,17774197.1,87315027.6,436523565
3024.0,S,42,27362.76,3835.57,17774197.1,87315027.7,436523567
3025.0,S,46,27369.97,3836.81,17774197.1,87315179.6,436523870
3026.0,S,46,27382.08,3838.51,17774197.1,87315221.9,436523932
3027.0,S,42,27390.58,3839.87,17774197.1,87315275.9,436524129
3028.0,S,42,27399.21,3841.33,17774197.1,87315277.0,436524132
3029.0,S,42,27408.00,3842.63,17774197.1,87315341.6,436524187
3030.0,S,42,27416.82,3844.05,17774197.1,87315341.8,436524189
3031.0,S,42,27425.62,3845.48,17774197.1,87315342.4,436524192
3032.0,S,46,27434.68,3846.81,17774197.1,87315445.2,436524282
3033.0,S,42,27445.73,3848.37,17774197.1,87315605.7,436524421
3034.0,S,42,27454.34,3849.90,17774197.1,87315605.8,436524422
3035.0,S,42,27462.83,3851.51,17774197.1,87315629.1,436524449
3036.0,S,42,27471.58,3852.95,17774197.1,87315629.5,436524450
3037.0,S,42,27480.15,3854.39,17774197.1,87315630.0,436524452
3038.0,S,42,27489.06,3855.78,17774197.1,87315630.1,436524453
3039.0,S,46,27497.83,3857.00,17774197.1,87315797.2,436524778
3040.0,S,42,27508.32,3858.50,17774197.1,87315893.1,436524990
3041.0,S,42,27517.08,3859.85,17774197.1,87315893.3,436524992
3042.0,S,42,27525.70,3861.18,17774197.1,87315893.7,436524994
3043.0,S,42,27534.35,3862.57,17774197.1,87315893.9,436524998
3044.0,S,42,27542.97,3863.91,17774197.1,87315958.4,436525088
3045.0,S,42,27551.63,3865.30,17774197.1,87315958.7,436525092
3046.0,S,46,27561.17,3866.56,17774197.1,87316061.2,436525832
3047.0,S,42,27571.43,3868.19,17774197.1,87316205.2,436526057
3048.0,S,42,27580.25,3869.58,17774197.1,87316205.4,436526059
3049.0,S,42,27589.08,3870.97,17774197.1,87316205.6,436526063
3050.0,S,42,27597.92,3872.35,17774197.1,87316205.7,436526069
3051.0,S,42,27606.49,3873.82,17774197.1,87316270.4,436526295
3052.0,S,42,27614.74,3875.16,17774197.1,87316320.9,436526361
3053.0,S,46,27626.03,3876.60,17774197.1,87316374.0,436526446
3054.0,S,42,27634.23,3877.87,17774197.1,87316470.2,436526688
3055.0,S,42,27643.14,3879.24,17774197.1,87316499.0,436526752
3056.0,S,42,27651.76,3880.71,17774197.1,87316563.8,436526863
3057.0,S,42,27660.57,3882.04,17774197.1,87316564.0,436526865
3058.0,S,42,27668.90,3883.60,17774197.1,87316597.6,436526923
3059.0,S,46,27676.23,3884.79,17774197.1,87316700.7,436527092
3060.0,S,46,27688.46,3886.48,17774197.1,87316722.5,436527134
3061.0,S,42,27696.99,3887.80,17774197.1,87316796.6,436527273
3062.0,S,42,27705.36,3889.25,17774197.1,87316861.2,436527482
3063.0,S,42,27714.05,3890.73,17774197.1,87316862.5,436527486
3064.0,S,42,27722.81,3892.09,17774197.1,87316862.8,436527488
3065.0,S,42,27731.62,3893.51,17774197.1,87316862.9,436527490
3066.0,S,46,27739.99,3894.82,17774197.1,87316968.1,436527584
3067.0,S,43,27751.89,3896.41,17774197.1,87317101.8,436527701
3068.0,S,42,27760.48,3897.97,17774197.1,87317148.6,436527750
3069.0,S,42,27768.97,3899.37,17774197.1,87317149.5,436527753
3070.1,S,42,27777.52,3900.79,17774197.1,87317149.7,436527755
3071.1,S,42,27786.36,3902.19,17774197.1,87317149.9,436527759
3072.1,S,42,27794.99,3903.59,17774197.1,87317214.4,436527816
3073.1,S,46,27802.03,3904.70,17774197.1,87317317.3,436528083
3074.1,S,43,27813.81,3906.30,17774197.1,87317389.7,436528197
3075.1,S,42,27822.53,3907.71,17774197.1,87317413.8,436528234
3076.1,S,42,27831.17,3909.22,17774197.1,87317414.0,436528234
3077.1,S,42,27839.85,3910.71,17774197.1,87317478.6,436528352
3078.1,S,42,27848.49,3912.21,17774197.1,87317501.5,436528393
3079.1,S,42,27857.18,3913.65,17774197.1,87317501.9,436528395
3080.1,S,46,27865.24,3914.95,17774197.1,87317605.0,436528560
3081.1,S,42,27876.75,3916.58,17774197.1,87317700.8,436528705
3082.1,S,42,27882.06,3917.56,17774197.1,87317700.9,436528707
3083.1,S,42,27887.41,3918.60,17774197.1,87317765.6,436528811
3084.1,S,42,27892.88,3919.49,17774197.1,87317765.7,436528813
3085.1,S,42,27898.28,3920.39,17774197.1,87317766.2,436528821
3086.1,S,42,27903.77,3921.25,17774197.1,87317766.3,436528823
3087.1,S,42,27909.11,3922.07,17774197.1,87317802.4,436529053
3088.1,S,42,27914.62,3922.98,17774197.1,87317831.0,436529103
3089.1,S,42,27920.02,3923.92,17774197.1,87317831.4,436529106
3090.1,S,42,27925.62,3924.69,17774197.1,87317831.9,436529109
3091.1,S,42,27931.53,3925.61,17774197.1,87317884.1,436529157
3092.1,S,42,27937.91,3926.65,17774197.1,87317884.2,436529159
3093.1,S,42,27944.39,3927.58,17774197.1,87317884.4,436529162
3094.1,S,46,27953.49,3928.51,17774197.1,87317988.5,436529257
3095.1,S,42,27959.06,3929.33,17774197.1,87318149.0,436529397
3096.1,S,42,27963.72,3930.01,17774197.1,87318149.4,436529399
3097.1,S,42,27968.52,3930.66,17774197.1,87318149.7,436529403
3098.1,S,42,27973.17,3931.48,17774197.1,87318149.8,436529405
3099.1,S,42,27977.89,3932.27,17774197.1,87318256.7,436529560
3100.1,S,42,27982.64,3933.01,17774197.1,87318299.8,436529621
3101.1,S,42,27987.25,3933.86,17774197.1,87318300.3,436529624
3102.1,S,42,27991.94,3934.65,17774197.1,87318300.4,436529626
3103.1,S,42,27996.65,3935.53,17774197.1,87318357.6,436529754
3104.1,S,42,28002.20,3936.30,17774197.1,87318424.4,436529844
3105.1,S,42,28007.71,3937.06,17774197.1,87318424.9,436529848
3106.1,S,42,28013.22,3937.95,17774197.1,87318425.1,436529850
3107.1,S,42,28018.69,3938.78,17774197.1,87318425.7,436529859
3108.1,S,42,28024.11,3939.64,17774197.1,87318490.2,436530036
3109.1,S,42,28029.60,3940.46,17774197.1,87318490.5,436530038
3110.1,S,42,28035.05,3941.40,17774197.1,87318490.7,436530038
3111.1,S,46,28043.02,3942.13,17774197.1,87318508.8,436530079
3112.1,S,42,28047.12,3942.60,17774197.1,87318669.4,436530401
3113.1,S,42,28048.03,3942.67,17774197.1,87318684.2,436530432
3114.1,S,42,28049.02,3942.68,17774197.1,87318684.4,436530433
3115.1,S,42,28050.00,3942.70,17774197.1,87318737.7,436530510
3116.1,S,42,28050.99,3942.71,17774197.1,87318737.7,436530512
3117.1,S,42,28051.82,3942.74,17774197.1,87318802.3,436530680
3118.1,S,42,28052.80,3942.76,17774197.1,87318802.9,436530688
3119.1,S,42,28053.78,3942.77,17774197.1,87318830.6,436530732
3120.1,S,42,28054.69,3942.80,17774197.1,87318884.7,436530802
3121.1,S,42,28055.66,3942.82,17774197.1,87318895.3,436530822
3122.1,S,42,28056.65,3942.83,17774197.1,87318895.5,436530826
3123.1,S,42,28057.63,3942.84,17774197.1,87318896.1,436530829
3124.1,S,42,28058.50,3942.89,17774197.1,87318952.9,436530922
3125.1,S,42,28059.49,3942.90,17774197.1,87318980.9,436530964
3126.1,S,42,28060.47,3942.93,17774197.1,87318981.2,436530967
3127.1,S,42,28061.36,3942.94,17774197.1,87319045.6,436531067
3128.1,S,42,28062.34,3942.96,17774197.1,87319045.8,436531068
3129.1,S,42,28063.33,3942.98,17774197.1,87319046.2,436531070
3130.1,S,42,28064.32,3942.99,17774197.1,87319046.4,436531072
3131.1,S,42,28065.21,3943.01,17774197.1,87319110.9,436531169
3132.1,S,42,28066.19,3943.03,17774197.1,87319111.8,436531202
3133.1,S,42,28067.17,3943.05,17774197.1,87319111.9,436531202
3134.1,S,42,28068.03,3943.11,17774197.1,87319168.3,436531296
3135.1,S,42,28069.02,3943.12,17774197.1,87319180.8,436531316
3136.1,S,42,28070.01,3943.13,17774197.1,87319181.1,436531322
3137.1,S,42,28071.00,3943.15,17774197.1,87319181.2,436531324
3138.1,S,42,28071.88,3943.17,17774197.1,87319245.8,436531425
3139.1,S,42,28072.87,3943.19,17774197.1,87319246.0,436531427
3140.1,S,42,28073.85,3943.20,17774197.1,87319246.6,436531431
3141.1,S,42,28074.83,3943.22,17774197.1,87319246.7,436531433
3142.1,S,42,28075.63,3943.25,17774197.1,87319311.2,436531621
3143.1,S,42,28076.58,3943.26,17774197.1,87319339.9,436531661
3144.1,S,42,28077.53,3943.31,17774197.1,87319341.0,436531672
3145.1,S,42,28078.51,3943.33,17774197.1,87319343.3,436531676
3146.1,S,42,28079.50,3943.34,17774197.1,87319343.5,436531679
3147.1,S,42,28080.32,3943.36,17774197.1,87319407.9,436531841
3148.1,S,42,28081.31,3943.38,17774197.1,87319408.1,436531843
3149.1,S,42,28082.30,3943.39,17774197.1,87319408.2,436531843
3150.1,S,42,28083.28,3943.41,17774197.1,87319408.8,436531846
3151.1,S,42,28084.22,3943.43,17774197.1,87319473.3,436531902
3152.1,S,42,28085.21,3943.44,17774197.1,87319473.5,436531904
3153.1,S,42,28086.19,3943.46,17774197.1,87319473.5,436531905
3154.1,S,42,28087.08,3943.52,17774197.1,87319534.6,436531962
3155.1,S,42,28088.07,3943.54,17774197.1,87319535.1,436531964
3156.1,S,42,28089.05,3943.56,17774197.1,87319535.2,436531965
3157.1,S,42,28090.03,3943.58,17774197.1,87319535.3,436531967
3158.1,S,42,28090.96,3943.60,17774197.1,87319599.8,436532026
3159.1,S,42,28091.95,3943.61,17774197.1,87319599.9,436532028
3160.1,S,42,28092.94,3943.63,17774197.1,87319600.1,436532032
3161.1,S,42,28093.93,3943.64,17774197.1,87319600.7,436532039
3162.1,S,42,28094.85,3943.67,17774197.1,87319665.1,436532093
3163.1,S,42,28095.84,3943.68,17774197.1,87319665.7,436532097
3164.1,S,42,28096.83,3943.70,17774197.1,87319665.8,436532098
3165.1,S,42,28097.75,3943.73,17774197.1,87319730.4,436532153
3166.1,S,42,28098.74,3943.74,17774197.1,87319730.6,436532155
3167.1,S,42,28099.57,3943.81,17774197.1,87319764.2,436532262
3168.1,S,42,28100.56,3943.82,17774197.1,87319764.5,436532263
3169.1,S,42,28101.55,3943.84,17774197.1,87319764.7,436532327
3170.1,S,42,28102.53,3943.86,17774197.1,87319764.9,436532331
3171.1,S,42,28103.40,3943.89,17774197.1,87319829.5,436532440
3172.1,S,42,28104.39,3943.90,17774197.1,87319829.7,436532445
3173.1,S,42,28105.38,3943.91,17774197.1,87319830.1,436532448
3174.1,S,42,28106.32,3943.94,17774197.1,87319863.4,436532496
3175.1,S,42,28107.25,3943.95,17774197.1,87319894.5,436532546
3176.1,S,42,28108.24,3943.97,17774197.1,87319894.7,436532549
3177.1,S,42,28109.22,3943.99,17774197.1,87319894.9,436532551
3178.1,S,42,28109.98,3944.05,17774197.1,87319955.1,436532741
3179.1,S,42,28110.97,3944.06,17774197.1,87319955.5,436532746
3180.1,S,42,28111.96,3944.08,17774197.1,87319955.7,436532749
3181.1,S,42,28112.94,3944.10,17774197.1,87319955.9,436532752
3182.1,S,42,28113.83,3944.12,17774197.1,87320020.4,436532849
3183.1,S,42,28114.82,3944.13,17774197.1,87320020.6,436532852
3184.1,S,42,28115.80,3944.15,17774197.1,87320021.2,436532858
3185.1,S,42,28116.69,3944.17,17774197.1,87320085.7,436532958
3186.1,S,42,28117.68,3944.19,17774197.1,87320085.9,436532962
3187.1,S,42,28118.58,3944.24,17774197.1,87320119.2,436533019
3188.1,S,42,28119.56,3944.26,17774197.1,87320119.4,436533021
3189.1,S,42,28120.54,3944.28,17774197.1,87320119.8,436533022
3190.2,S,42,28121.53,3944.29,17774197.1,87320120.0,436533023
3191.2,S,42,28122.41,3944.32,17774197.1,87320184.4,436533119
3192.2,S,42,28123.40,3944.33,17774197.1,87320184.6,436533122
3193.2,S,42,28124.39,3944.35,17774197.1,87320184.7,436533124
3194.2,S,42,28125.37,3944.36,17774197.1,87320185.5,436533128
3195.2,S,42,28126.23,3944.41,17774197.1,87320257.3,436533237
3196.2,S,42,28127.21,3944.42,17774197.1,87320257.5,436533241
3197.2,S,42,28128.19,3944.45,17774197.1,87320257.6,436533243
3198.2,S,42,28129.18,3944.46,17774197.1,87320257.7,436533246
3199.2,S,42,28130.07,3944.48,17774197.1,87320322.4,436533347
3200.2,S,42,28131.05,3944.50,17774197.1,87320323.0,436533349
3201.2,S,42,28132.03,3944.52,17774197.1,87320323.1,436533351
3202.2,S,42,28132.92,3944.55,17774197.1,87320365.5,436533455
3203.2,S,42,28133.79,3944.59,17774197.1,87320403.4,436533540
3204.2,S,42,28134.77,3944.61,17774197.1,87320403.6,436533542
3205.2,S,42,28135.74,3944.64,17774197.1,87320403.9,436533542
3206.2,S,42,28136.73,3944.65,17774197.1,87320404.1,436533551
3207.2,S,42,28137.63,3944.68,17774197.1,87320468.6,436533638
3208.2,S,42,28138.62,3944.69,17774197.1,87320468.8,436533639
3209.2,S,42,28139.61,3944.70,17774197.1,87320468.8,436533641
3210.2,S,42,28140.60,3944.71,17774197.1,87320469.0,436533645
3211.2,S,42,28141.49,3944.74,17774197.1,87320533.9,436533738
3212.2,S,42,28142.48,3944.75,17774197.1,87320534.2,436533739
3213.2,S,42,28143.38,3944.81,17774197.1,87320571.1,436533796
3214.2,S,42,28144.37,3944.82,17774197.1,87320571.2,436533800
3215.2,S,42,28145.35,3944.84,17774197.1,87320571.3,436533802
3216.2,S,42,28146.29,3944.86,17774197.1,87320602.4,436533847
3217.2,S,42,28147.22,3944.88,17774197.1,87320636.2,436533898
3218.2,S,42,28148.21,3944.90,17774197.1,87320636.4,436533902
3219.2,S,42,28149.18,3944.92,17774197.1,87320636.4,436533904
3220.2,S,42,28150.03,3944.95,17774197.1,87320701.0,436534040
3221.2,S,42,28151.02,3944.97,17774197.1,87320701.1,436534041
3222.2,S,42,28151.92,3945.01,17774197.1,87320736.5,436534097
3223.2,S,57,28153.47,3945.04,17774197.1,87320736.7,436534099
3224.2,S,57,28169.25,3945.29,17774197.1,87320737.5,436534103
3225.2,S,57,28184.99,3945.56,17774197.1,87320737.6,436534104
3226.2,S,57,28200.80,3945.76,17774197.1,87320738.6,436534109
3227.2,S,57,28216.28,3946.01,17774197.1,87320898.9,436534414
3228.2,S,57,28229.83,3946.31,17774197.1,87321468.6,436535182
3229.2,S,57,28245.24,3946.59,17774197.1,87321704.0,436535544
3230.2,S,57,28260.86,3946.85,17774197.1,87321805.2,436535697
3231.2,S,57,28276.63,3947.08,17774197.1,87321805.3,436535698
3232.2,S,57,28291.15,3947.37,17774197.1,87322190.2,436536451
3233.2,S,57,28305.59,3947.71,17774197.1,87322664.7,436537105
3234.2,S,57,28321.08,3947.95,17774197.1,87322886.7,436537431
3235.2,S,57,28336.77,3948.19,17774197.1,87322941.7,436537531
3236.2,S,57,28352.50,3948.41,17774197.1,87322998.2,436537622
3237.2,S,57,28367.58,3948.68,17774197.1,87323298.5,436538157
3238.2,S,57,28379.50,3948.96,17774197.1,87323785.1,436538965
3239.2,S,57,28394.40,3949.21,17774197.1,87323950.7,436539413
3240.2,S,57,28410.08,3949.46,17774197.1,87324014.9,436539521
3241.2,S,57,28425.71,3949.72,17774197.1,87324160.2,436539656
3242.2,S,57,28441.35,3949.95,17774197.1,87324278.5,436539757
3243.2,S,57,28452.66,3950.17,17774197.1,87324588.9,436540544
3244.2,S,57,28467.15,3950.45,17774197.1,87324884.4,436541141
3245.2,S,57,28482.48,3950.75,17774197.1,87325205.9,436541471
3246.2,S,57,28494.77,3950.95,17774197.1,87325285.6,436542418
3247.2,S,57,28510.30,3951.24,17774197.1,87325436.6,436542633
3248.2,S,56,28524.06,3951.51,17774197.1,87325760.6,436543239
3249.2,S,56,28538.59,3951.75,17774197.2,87325915.6,436543513
3250.2,S,56,28553.23,3952.00,17774197.2,87326079.5,436543655
3251.2,S,46,28564.80,3952.30,17774197.2,87326717.5,436544200
3252.2,S,42,28565.56,3953.11,17774197.2,87326869.7,436544345
3253.2,S,42,28574.25,3954.63,17774197.2,87326870.2,436544349
3254.2,S,42,28583.01,3956.09,17774197.2,87326870.4,436544353
3255.2,S,42,28591.82,3957.49,17774197.2,87326870.8,436544355
3256.2,S,42,28600.43,3958.96,17774197.2,87326871.0,436544359
3257.2,S,42,28609.19,3960.33,17774197.2,87326935.6,436544416
3258.2,S,42,28617.87,3961.73,17774197.2,87326935.8,436544419
3259.2,S,46,28629.33,3963.25,17774197.2,87326959.8,436544453
3260.2,S,42,28638.38,3964.60,17774197.2,87327055.7,436544559
3261.2,S,42,28646.93,3966.02,17774197.2,87327120.7,436544795
3262.2,S,42,28655.43,3967.63,17774197.2,87327126.7,436544809
3263.2,S,42,28664.19,3969.08,17774197.2,87327126.8,436544811
3264.2,S,42,28672.93,3970.36,17774197.2,87327127.0,436544813
3265.2,S,46,28681.20,3971.66,17774197.2,87327176.6,436544899
3266.2,S,46,28693.09,3973.27,17774197.2,87327299.0,436545103
3267.2,S,42,28701.74,3974.70,17774197.2,87327338.9,436545171
3268.2,S,42,28710.40,3976.16,17774197.2,87327339.2,436545175
3269.2,S,42,28719.01,3977.55,17774197.2,87327339.4,436545177
3270.2,S,42,28727.56,3978.97,17774197.2,87327404.1,436545328
3271.2,S,42,28736.22,3980.27,17774197.2,87327410.1,436545342
3272.2,S,46,28744.10,3981.53,17774197.2,87327485.7,436545508
3273.2,S,46,28755.71,3983.18,17774197.2,87327557.9,436545629
3274.2,S,42,28764.37,3984.59,17774197.2,87327582.1,436545670
3275.2,S,42,28772.70,3986.04,17774197.2,87327646.7,436545884
3276.2,S,42,28781.40,3987.47,17774197.2,87327647.0,436545888
3277.2,S,42,28790.27,3988.83,17774197.2,87327647.3,436545890
3278.2,S,42,28799.15,3990.04,17774197.2,87327647.9,436545895
3279.2,S,46,28806.74,3991.21,17774197.2,87327748.9,436546078
3280.2,S,46,28818.29,3992.83,17774197.2,87327883.4,436546358
3281.2,S,42,28826.59,3994.19,17774197.2,87327909.3,436546426
3282.3,S,42,28835.34,3995.61,17774197.2,87327939.6,436546477
3283.3,S,42,28844.22,3996.99,17774197.2,87327940.0,436546480
3284.3,S,42,28853.12,3998.32,17774197.2,87327940.7,436546505
3285.3,S,42,28861.87,3999.70,17774197.2,87327940.8,436546507
3286.3,S,46,28868.35,4000.62,17774197.2,87328108.1,436546828
3287.3,S,43,28880.38,4002.32,17774197.2,87328180.1,436546891
3288.3,S,42,28889.19,4003.80,17774197.2,87328232.4,436546944
3289.3,S,42,28897.81,4005.23,17774197.2,87328232.6,436546946
3290.3,S,42,28906.32,4006.63,17774197.2,87328232.8,436546950
3291.3,S,42,28915.01,4007.98,17774197.2,87328232.9,436546952
3292.3,S,42,28923.83,4009.38,17774197.2,87328233.1,436546956
3293.3,S,46,28933.05,4010.88,17774197.2,87328400.0,436547105
3294.3,S,42,28943.84,4012.55,17774197.2,87328496.2,436547191
3295.3,S,42,28952.41,4014.02,17774197.2,87328524.0,436547218
3296.3,S,42,28961.06,4015.36,17774197.2,87328524.2,436547219
3297.3,S,42,28969.92,4016.70,17774197.2,87328524.3,436547220
3298.3,S,42,28978.52,4018.00,17774197.2,87328524.5,436547230
3299.3,S,42,28987.09,4019.46,17774197.2,87328589.6,436547290
3300.3,S,46,28997.10,4020.91,17774197.2,87328692.9,436547386
3301.3,S,42,29006.95,4022.38,17774197.2,87328813.8,436547544
3302.3,S,42,29015.72,4023.96,17774197.2,87328814.1,436547549
3303.3,S,42,29024.30,4025.39,17774197.2,87328814.3,436547550
3304.3,S,42,29032.97,4026.72,17774197.2,87328815.3,436547551
3305.3,S,42,29041.62,4028.11,17774197.2,87328879.8,436547640
3306.3,S,42,29050.28,4029.57,17774197.2,87328880.0,436547640
3307.3,S,46,29059.77,4030.95,17774197.2,87328983.0,436547824
3308.3,S,42,29069.12,4032.27,17774197.2,87329079.1,436547983
3309.3,S,42,29077.74,4033.68,17774197.2,87329105.5,436548021
3310.3,S,42,29086.28,4035.14,17774197.2,87329144.1,436548093
3311.3,S,42,29094.86,4036.64,17774197.2,87329163.1,436548143
3312.3,S,42,29103.61,4038.02,17774197.2,87329163.2,436548145
3313.3,S,42,29112.28,4039.41,17774197.2,87329163.4,436548146
3314.3,S,46,29121.24,4040.80,17774197.2,87329266.0,436548328
3315.3,S,42,29130.66,4042.27,17774197.2,87329427.1,436548735
3316.3,S,42,29139.37,4043.66,17774197.2,87329427.3,436548735
3317.3,S,42,29148.32,4045.11,17774197.2,87329427.5,436548739
3318.3,S,42,29157.08,4046.52,17774197.2,87329427.9,436548742
3319.3,S,42,29165.62,4047.98,17774197.2,87329476.9,436548819
3320.3,S,42,29174.40,4049.44,17774197.2,87329477.1,436548821
3321.3,S,46,29183.63,4050.75,17774197.2,87329580.3,436549008
3322.3,S,42,29194.05,4052.30,17774197.2,87329676.2,436549160
3323.3,S,42,29202.63,4053.68,17774197.2,87329740.8,436549295
3324.3,S,42,29211.31,4055.19,17774197.2,87329741.0,436549297
3325.3,S,42,29219.90,4056.70,17774197.2,87329741.2,436549300
3326.3,S,42,29228.55,4058.07,17774197.2,87329741.3,436549302
3327.3,S,42,29237.00,4059.54,17774197.2,87329794.1,436549412
3328.3,S,46,29246.03,4060.86,17774197.2,87329896.9,436549658
3329.3,S,42,29255.91,4062.27,17774197.2,87329992.8,436549812
3330.3,S,42,29264.57,4063.69,17774197.2,87329993.0,436549812
3331.3,S,42,29273.23,4064.97,17774197.2,87330057.6,436549869
3332.3,S,42,29281.97,4066.40,17774197.2,87330058.0,436549869
3333.3,S,42,29290.75,4067.76,17774197.2,87330058.3,436549871
3334.3,S,42,29299.56,4069.09,17774197.2,87330058.5,436549872
3335.3,S,46,29310.67,4070.63,17774197.2,87330190.0,436549999
3336.3,S,42,29319.86,4072.05,17774197.2,87330350.3,436550146
3337.3,S,42,29328.44,4073.49,17774197.2,87330363.6,436550179
3338.3,S,42,29337.20,4074.89,17774197.2,87330364.1,436550182
3339.3,S,42,29345.82,4076.37,17774197.2,87330364.3,436550185
3340.3,S,42,29354.60,4077.77,17774197.2,87330364.7,436550193
3341.3,S,42,29362.48,4079.08,17774197.2,87330484.2,436550374
3342.3,S,46,29372.46,4080.37,17774197.2,87330531.8,436550589
3343.3,S,42,29381.59,4081.73,17774197.2,87330627.8,436550817
3344.3,S,42,29390.34,4083.28,17774197.2,87330628.0,436550819
3345.3,S,42,29398.95,4084.65,17774197.2,87330692.7,436550945
3346.3,S,42,29407.59,4086.14,17774197.2,87330706.5,436550970
3347.3,S,42,29416.39,4087.45,17774197.2,87330706.9,436550972
3348.3,S,46,29423.99,4088.63,17774197.2,87330809.5,436551142
3349.3,S,45,29436.41,4090.28,17774197.2,87330834.1,436551180
3350.3,S,42,29444.88,4091.62,17774197.2,87330906.0,436551300
3351.3,S,42,29453.46,4092.98,17774197.2,87330997.8,436551440
3352.3,S,42,29462.08,4094.37,17774197.2,87330998.0,436551442
3353.3,S,42,29470.58,4095.85,17774197.2,87330998.3,436551446
3354.3,S,42,29479.07,4097.33,17774197.2,87330998.9,436551449
3355.3,S,46,29486.93,4098.59,17774197.2,87331166.3,436551715
3356.3,S,42,29498.39,4100.08,17774197.2,87331275.2,436551878
3357.3,S,42,29507.08,4101.47,17774197.2,87331275.6,436551882
3358.3,S,42,29515.73,4102.97,17774197.2,87331275.8,436551884
3359.3,S,42,29524.58,4104.34,17774197.2,87331276.0,436551886
3360.3,S,42,29533.32,4105.82,17774197.2,87331319.2,436552000
3361.3,S,42,29541.76,4107.26,17774197.2,87331341.6,436552100
3362.3,S,46,29550.09,4108.53,17774197.2,87331444.5,436552317
3363.3,S,42,29560.63,4109.97,17774197.2,87331540.5,436552467
3364.3,S,42,29565.24,4110.88,17774197.2,87331540.8,436552471
3365.3,S,42,29569.93,4111.62,17774197.2,87331606.0,436552526
3366.3,S,42,29574.72,4112.29,17774197.2,87331606.2,436552530
3367.3,S,42,29579.58,4113.19,17774197.2,87331639.0,436552560
3368.3,S,42,29584.93,4114.07,17774197.2,87331639.2,436552564
3369.3,S,42,29590.42,4114.94,17774197.2,87331639.4,436552566
3370.3,S,42,29595.81,4115.82,17774197.2,87331639.8,436552570
3371.3,S,42,29601.36,4116.66,17774197.2,87331640.0,436552570
3372.3,S,42,29606.77,4117.61,17774197.2,87331704.6,436552627
3373.3,S,42,29612.11,4118.53,17774197.2,87331704.7,436552629
3374.3,S,42,29617.64,4119.45,17774197.2,87331704.9,436552633
3375.3,S,42,29623.09,4120.30,17774197.2,87331805.4,436552718
3376.3,S,42,29628.55,4121.20,17774197.2,87331870.1,436552773
3377.3,S,46,29635.87,4122.16,17774197.2,87331872.8,436552781
3378.3,S,42,29642.24,4122.90,17774197.2,87331969.5,436552929
3379.3,S,42,29646.40,4123.53,17774197.2,87331969.6,436552931
3380.3,S,42,29650.47,4124.17,17774197.2,87331969.8,436552940
3381.3,S,42,29654.68,4124.99,17774197.2,87332118.0,436553293
3382.3,S,42,29659.47,4125.78,17774197.2,87332118.3,436553296
3383.3,S,42,29664.17,4126.51,17774197.2,87332118.4,436553297
3384.3,S,42,29668.82,4127.32,17774197.2,87332118.6,436553298
3385.3,S,42,29673.38,4128.13,17774197.2,87332118.7,436553300
3386.3,S,42,29678.26,4128.96,17774197.2,87332246.6,436553518
3387.3,S,42,29683.25,4129.71,17774197.2,87332246.8,436553520
3388.3,S,42,29687.96,4130.47,17774197.2,87332247.0,436553523
3389.3,S,42,29692.64,4131.32,17774197.2,87332247.1,436553523
3390.3,S,42,29697.26,4132.03,17774197.2,87332247.3,436553533
3391.3,S,42,29701.98,4132.86,17774197.2,87332311.9,436553621
3392.3,S,42,29706.79,4133.64,17774197.2,87332312.4,436553625
3393.3,S,42,29711.49,4134.35,17774197.2,87332312.6,436553631
3394.3,S,42,29716.42,4135.10,17774197.2,87332313.0,436553635
3395.3,S,42,29721.18,4135.82,17774197.2,87332377.5,436553804
3396.3,S,42,29725.76,4136.60,17774197.2,87332444.0,436553917
3397.3,S,46,29733.92,4137.51,17774197.2,87332466.1,436553967
3398.3,S,42,29737.65,4137.90,17774197.2,87332562.1,436554121
3399.3,S,42,29738.64,4137.92,17774197.2,87332562.2,436554123
3400.3,S,42,29739.53,4137.95,17774197.2,87332626.8,436554216
3401.3,S,42,29740.51,4137.97,17774197.2,87332626.9,436554218
3402.4,S,42,29741.49,4137.99,17774197.2,87332627.1,436554221
3403.4,S,42,29742.48,4138.00,17774197.2,87332627.4,436554223
3404.4,S,42,29743.37,4138.03,17774197.2,87332691.9,436554320
3405.4,S,42,29744.28,4138.09,17774197.2,87332711.0,436554353
3406.4,S,42,29745.26,4138.11,17774197.2,87332711.1,436554357
3407.4,S,42,29746.24,4138.13,17774197.2,87332711.2,436554359
3408.4,S,42,29747.23,4138.15,17774197.2,87332711.4,436554361
3409.4,S,42,29748.09,4138.17,17774197.2,87332776.4,436554486
3410.4,S,42,29749.07,4138.19,17774197.2,87332777.0,436554490
3411.4,S,42,29750.05,4138.21,17774197.2,87332777.3,436554494
3412.4,S,42,29751.04,4138.22,17774197.2,87332804.7,436554538
3413.4,S,42,29751.88,4138.27,17774197.2,87332884.1,436554657
3414.4,S,42,29752.84,4138.31,17774197.2,87332884.3,436554661
3415.4,S,42,29753.83,4138.32,17774197.2,87332884.6,436554663
3416.4,S,42,29754.82,4138.33,17774197.2,87332884.8,436554666
3417.4,S,42,29755.60,4138.36,17774197.2,87332965.1,436554893
3418.4,S,42,29756.59,4138.37,17774197.2,87332965.4,436554897
3419.4,S,42,29757.57,4138.39,17774197.2,87332965.4,436554899
3420.4,S,42,29758.55,4138.41,17774197.2,87332965.6,436554903
3421.4,S,42,29759.36,4138.44,17774197.2,87333030.7,436555098
3422.4,S,42,29760.35,4138.45,17774197.2,87333030.9,436555103
3423.4,S,42,29761.33,4138.46,17774197.2,87333031.1,436555105
3424.4,S,42,29762.31,4138.48,17774197.2,87333031.3,436555107
3425.4,S,42,29763.06,4138.55,17774197.2,87333100.5,436555300
3426.4,S,42,29764.05,4138.56,17774197.2,87333100.7,436555301
3427.4,S,42,29765.04,4138.58,17774197.2,87333105.3,436555307
3428.4,S,42,29766.02,4138.60,17774197.2,87333105.5,436555310
3429.4,S,42,29766.95,4138.62,17774197.2,87333170.0,436555367
3430.4,S,42,29767.94,4138.63,17774197.2,87333170.2,436555371
3431.4,S,42,29768.92,4138.65,17774197.2,87333170.3,436555375
3432.4,S,42,29769.88,4138.68,17774197.2,87333185.1,436555391
3433.4,S,42,29770.80,4138.72,17774197.2,87333235.8,436555438
3434.4,S,42,29771.78,4138.74,17774197.2,87333236.1,436555442
3435.4,S,42,29772.77,4138.75,17774197.2,87333236.5,436555446
3436.4,S,42,29773.70,4138.78,17774197.2,87333301.0,436555502
3437.4,S,42,29774.69,4138.79,17774197.2,87333301.1,436555502
3438.4,S,42,29775.67,4138.80,17774197.2,87333301.6,436555507
3439.4,S,42,29776.65,4138.82,17774197.2,87333301.9,436555512
3440.4,S,42,29777.59,4138.85,17774197.2,87333367.0,436555569
3441.4,S,42,29778.52,4138.90,17774197.2,87333384.8,436555588
3442.4,S,42,29779.50,4138.92,17774197.2,87333384.9,436555592
3443.4,S,42,29780.48,4138.94,17774197.2,87333385.3,436555594
3444.4,S,42,29781.46,4138.96,17774197.2,87333393.2,436555604
3445.4,S,42,29782.34,4138.97,17774197.2,87333450.0,436555720
3446.4,S,42,29783.32,4138.99,17774197.2,87333450.2,436555722
3447.4,S,42,29784.31,4139.00,17774197.2,87333450.2,436555724
3448.4,S,42,29785.21,4139.04,17774197.2,87333514.8,436555812
3449.4,S,42,29786.19,4139.05,17774197.2,87333515.2,436555814
3450.4,S,42,29787.17,4139.08,17774197.2,87333515.5,436555815
3451.4,S,42,29788.15,4139.09,17774197.2,87333515.6,436555817
3452.4,S,42,29789.01,4139.12,17774197.2,87333580.1,436555953
3453.4,S,42,29789.94,4139.16,17774197.2,87333590.9,436555975
3454.4,S,42,29790.93,4139.18,17774197.2,87333591.3,436555977
3455.4,S,42,29791.92,4139.19,17774197.2,87333591.4,436555979
3456.4,S,42,29792.81,4139.22,17774197.2,87333656.0,436556079
3457.4,S,42,29793.79,4139.23,17774197.2,87333656.1,436556080
3458.4,S,42,29794.77,4139.25,17774197.2,87333656.4,436556084
3459.4,S,42,29795.75,4139.27,17774197.2,87333656.6,436556086
3460.4,S,42,29796.66,4139.29,17774197.2,87333721.2,436556176
3461.4,S,42,29797.63,4139.32,17774197.2,87333721.3,436556178
3462.4,S,42,29798.62,4139.33,17774197.2,87333721.5,436556181
3463.4,S,42,29799.47,4139.39,17774197.2,87333777.4,436556284
3464.4,S,42,29800.45,4139.40,17774197.2,87333777.6,436556288
3465.4,S,42,29801.44,4139.42,17774197.2,87333777.9,436556290
3466.4,S,42,29802.42,4139.43,17774197.2,87333778.1,436556293
3467.4,S,42,29803.28,4139.46,17774197.2,87333842.6,436556421
3468.4,S,42,29804.27,4139.47,17774197.2,87333842.7,436556423
3469.4,S,42,29805.25,4139.49,17774197.2,87333842.8,436556425
3470.4,S,42,29806.21,4139.51,17774197.2,87333862.5,436556453
3471.4,S,42,29807.07,4139.53,17774197.2,87333908.3,436556582
3472.4,S,42,29808.06,4139.54,17774197.2,87333908.5,436556582
3473.4,S,42,29808.95,4139.59,17774197.2,87333945.2,436556657
3474.4,S,42,29809.93,4139.60,17774197.2,87333945.4,436556661
3475.4,S,42,29810.92,4139.62,17774197.2,87333945.7,436556661
3476.4,S,42,29811.77,4139.65,17774197.2,87334010.5,436556790
3477.4,S,42,29812.76,4139.66,17774197.2,87334010.6,436556792
3478.4,S,42,29813.74,4139.67,17774197.2,87334010.8,436556794
3479.4,S,42,29814.73,4139.69,17774197.2,87334010.9,436556795
3480.4,S,42,29815.63,4139.72,17774197.2,87334075.5,436556879
3481.4,S,42,29816.61,4139.74,17774197.2,87334075.6,436556881
3482.4,S,42,29817.60,4139.75,17774197.2,87334076.2,436556884
3483.4,S,42,29818.59,4139.76,17774197.2,87334076.3,436556885
3484.4,S,42,29819.52,4139.79,17774197.2,87334140.9,436556944
3485.4,S,42,29820.45,4139.85,17774197.2,87334155.7,436556958
3486.4,S,42,29821.44,4139.86,17774197.2,87334155.8,436556959
3487.4,S,42,29822.43,4139.87,17774197.2,87334156.3,436556962
3488.4,S,42,29823.36,4139.89,17774197.2,87334220.8,436557020
3489.4,S,42,29824.35,4139.91,17774197.2,87334221.0,436557024
3490.4,S,42,29825.33,4139.92,17774197.2,87334221.1,436557025
3491.4,S,42,29826.32,4139.93,17774197.2,87334221.4,436557028
3492.4,S,42,29827.25,4139.96,17774197.2,87334285.8,436557084
3493.4,S,42,29828.19,4140.01,17774197.2,87334309.1,436557107
3494.4,S,42,29829.17,4140.03,17774197.2,87334309.2,436557109
3495.4,S,42,29830.15,4140.04,17774197.2,87334309.4,436557113
3496.4,S,42,29831.14,4140.06,17774197.2,87334309.5,436557115
3497.4,S,42,29832.07,4140.08,17774197.2,87334374.1,436557171
3498.4,S,42,29833.07,4140.09,17774197.2,87334374.5,436557172
3499.4,S,42,29834.05,4140.10,17774197.2,87334374.7,436557174
3500.4,S,42,29834.97,4140.13,17774197.2,87334439.1,436557241
3501.4,S,42,29835.96,4140.15,17774197.2,87334439.8,436557246
3502.4,S,42,29836.94,4140.17,17774197.2,87334439.9,436557248
3503.4,S,42,29837.92,4140.19,17774197.2,87334440.3,436557253
3504.4,S,42,29838.74,4140.25,17774197.2,87334507.5,436557384
3505.4,S,57,29840.44,4140.27,17774197.2,87334507.8,436557388
3506.4,S,57,29856.22,4140.51,17774197.2,87334508.5,436557392
3507.4,S,57,29872.02,4140.73,17774197.2,87334508.6,436557394
3508.4,S,57,29887.78,4140.96,17774197.2,87334508.7,436557396
3509.4,S,57,29902.24,4141.24,17774197.2,87334683.1,436557639
3510.4,S,57,29911.38,4141.55,17774197.2,87335196.2,436558619
3511.4,S,57,29924.65,4141.82,17774197.2,87335448.8,436559078
3512.4,S,57,29940.24,4142.06,17774197.2,87335541.5,436559280
3513.4,S,57,29956.04,4142.28,17774197.2,87335541.8,436559284
3514.4,S,57,29971.19,4142.60,17774197.2,87335906.7,436559686
3515.4,S,57,29985.91,4142.88,17774197.2,87336217.5,436560112
3516.4,S,57,30000.35,4143.19,17774197.2,87336583.3,436560812
3517.4,S,57,30016.15,4143.42,17774197.2,87336583.6,436560816
3518.4,S,57,30031.36,4143.68,17774197.2,87336746.6,436561105
3519.4,S,57,30045.27,4143.95,17774197.2,87337113.8,436561803
3520.4,S,57,30060.32,4144.23,17774197.2,87337294.5,436562068
3521.5,S,57,30075.34,4144.51,17774197.2,87337586.3,436562324
3522.5,S,57,30090.57,4144.79,17774197.2,87337785.8,436562647
3523.5,S,57,30105.36,4145.08,17774197.2,87338039.9,436563178
3524.5,S,57,30120.56,4145.33,17774197.2,87338245.7,436563533
3525.5,S,57,30136.25,4145.58,17774197.2,87338368.9,436563640
3526.5,S,57,30151.49,4145.84,17774197.2,87338730.2,436564124
3527.5,S,57,30167.15,4146.08,17774197.2,87338794.0,436564248
3528.5,S,57,30181.03,4146.39,17774197.2,87339134.2,436564905
3529.5,S,57,30196.67,4146.66,17774197.2,87339202.7,436565025
3530.5,S,56,30210.28,4146.93,17774197.2,87339521.7,436565644
3531.5,S,56,30224.31,4147.18,17774197.2,87339825.5,436566187
3532.5,S,56,30239.06,4147.41,17774197.2,87339872.8,436566237
3533.5,S,56,30250.94,4147.69,17774197.2,87340291.6,436566892
3534.6,S,44,30253.34,4147.85,17774197.2,87340695.6,436567806
3535.6,S,42,30255.38,4148.89,17774197.2,87340699.8,436567831
3536.6,S,42,30263.97,4150.29,17774197.2,87340701.0,436567841
3537.6,S,42,30272.58,4151.82,17774197.2,87340701.3,436567842
3538.6,S,42,30281.27,4153.08,17774197.2,87340701.4,436567842
3539.6,S,42,30289.91,4154.47,17774197.2,87340766.1,436567937
3540.6,S,42,30298.59,4156.02,17774197.2,87340766.2,436567939
3541.6,S,42,30307.27,4157.31,17774197.2,87340780.7,436567967
3542.6,S,46,30319.46,4158.96,17774197.2,87340791.4,436567993
3543.6,S,42,30328.00,4160.33,17774197.2,87340887.5,436568133
3544.6,S,42,30336.48,4161.79,17774197.2,87340952.3,436568253
3545.6,S,42,30345.17,4163.24,17774197.2,87340952.6,436568257
3546.6,S,42,30353.94,4164.76,17774197.2,87340952.7,436568259
3547.6,S,42,30362.17,4166.05,17774197.2,87340998.7,436568325
3548.6,S,46,30370.46,4167.48,17774197.2,87341049.0,436568423
3549.6,S,46,30381.84,4169.13,17774197.2,87341116.0,436568557
3550.6,S,42,30390.59,4170.52,17774197.2,87341145.2,436568625
3551.6,S,42,30399.13,4172.10,17774197.2,87341145.4,436568626
3552.6,S,42,30407.70,4173.62,17774197.2,87341210.2,436568728
3553.6,S,42,30416.42,4175.00,17774197.2,87341210.5,436568729
3554.6,S,42,30425.25,4176.40,17774197.2,87341210.7,436568730
3555.6,S,46,30433.54,4177.68,17774197.2,87341286.1,436568854
3556.6,S,43,30445.36,4179.39,17774197.2,87341446.4,436568993
3557.6,S,42,30454.08,4180.81,17774197.2,87341446.7,436568995
3558.6,S,42,30462.79,4182.21,17774197.2,87341449.1,436568999
3559.6,S,42,30471.60,4183.70,17774197.2,87341484.3,436569032
3560.6,S,42,30480.30,4185.14,17774197.2,87341484.4,436569033
3561.6,S,42,30488.92,4186.64,17774197.2,87341484.6,436569035
3562.6,S,46,30498.80,4188.02,17774197.2,87341585.6,436569131
3563.6,S,42,30508.95,4189.55,17774197.2,87341745.9,436569345
3564.6,S,42,30517.74,4190.92,17774197.2,87341746.3,436569347
3565.6,S,42,30526.42,4192.34,17774197.2,87341746.6,436569351
3566.6,S,42,30535.01,4193.89,17774197.2,87341746.8,436569353
3567.6,S,42,30543.71,4195.40,17774197.2,87341811.4,436569435
3568.6,S,42,30552.47,4196.80,17774197.2,87341811.6,436569442
3569.6,S,46,30559.91,4197.93,17774197.2,87341914.3,436569808
3570.6,S,42,30570.72,4199.62,17774197.2,87342043.7,436569988
3571.6,S,42,30579.66,4201.03,17774197.2,87342044.2,436569991
3572.6,S,42,30588.29,4202.46,17774197.2,87342044.3,436569993
3573.6,S,42,30597.02,4203.93,17774197.2,87342044.6,436570003
3574.6,S,42,30605.72,4205.30,17774197.2,87342109.2,436570127
3575.6,S,42,30614.52,4206.59,17774197.2,87342109.7,436570129
3576.6,S,46,30624.91,4207.94,17774197.2,87342212.5,436570283
3577.6,S,42,30632.85,4209.13,17774197.2,87342308.4,436570562
3578.6,S,42,30641.60,4210.48,17774197.2,87342308.5,436570569
3579.6,S,42,30650.24,4211.87,17774197.2,87342373.2,436570661
3580.6,S,42,30658.97,4213.29,17774197.2,87342373.6,436570661
3581.6,S,42,30667.55,4214.47,17774197.2,87342373.9,436570662
3582.6,S,42,30675.94,4215.96,17774197.2,87342417.7,436570743
3583.6,S,46,30685.44,4217.34,17774197.2,87342520.7,436570917
3584.6,S,42,30695.37,4218.90,17774197.2,87342644.3,436571124
3585.6,S,42,30703.98,4220.27,17774197.2,87342645.4,436571127
3586.6,S,42,30712.24,4221.63,17774197.2,87342710.7,436571329
3587.6,S,42,30721.02,4222.97,17774197.2,87342710.7,436571329
3588.6,S,42,30729.79,4224.25,17774197.2,87342710.9,436571335
3589.6,S,42,30738.58,4225.52,17774197.2,87342711.2,436571337
3590.6,S,46,30748.52,4226.90,17774197.2,87342813.9,436571513
3591.6,S,42,30757.58,4228.45,17774197.2,87342974.8,436571696
3592.6,S,42,30766.08,4230.13,17774197.2,87342995.4,436571718
3593.6,S,42,30774.98,4231.50,17774197.2,87342995.8,436571719
3594.6,S,42,30783.73,4232.85,17774197.2,87342995.9,436571720
3595.6,S,42,30792.69,4234.12,17774197.2,87342996.2,436571724
3596.6,S,46,30800.03,4235.34,17774197.2,87343163.3,436571869
3597.6,S,45,30812.37,4237.12,17774197.2,87343204.8,436571931
3598.6,S,42,30820.86,4238.49,17774197.2,87343260.3,436572031
3599.6,S,42,30829.51,4239.84,17774197.2,87343260.5,436572033
3600.6,S,42,30838.30,4241.25,17774197.2,87343260.7,436572034
3601.6,S,42,30846.97,4242.67,17774197.2,87343325.3,436572165
3602.6,S,42,30855.58,4244.00,17774197.2,87343342.5,436572197
3603.6,S,42,30862.46,4245.16,17774197.2,87343438.6,436572419
3604.6,S,46,30874.46,4246.75,17774197.2,87343449.9,436572453
3605.6,S,42,30882.35,4248.12,17774197.2,87343542.0,436572639
3606.6,S,42,30891.10,4249.67,17774197.2,87343542.2,436572646
3607.6,S,42,30899.47,4251.15,17774197.2,87343606.9,436572773
3608.6,S,42,30908.04,4252.68,17774197.2,87343607.6,436572776
3609.6,S,42,30916.60,4254.07,17774197.2,87343608.0,436572781
3610.6,S,42,30925.37,4255.45,17774197.2,87343608.3,436572783
3611.6,S,46,30933.85,4256.60,17774197.2,87343780.7,436573165
3612.6,S,42,30944.16,4258.35,17774197.2,87343877.1,436573253
3613.6,S,42,30952.90,4259.74,17774197.2,87343877.6,436573256
3614.6,S,42,30961.58,4261.07,17774197.2,87343877.9,436573260
3615.6,S,42,30970.39,4262.51,17774197.2,87343878.0,436573262
3616.6,S,42,30978.95,4263.94,17774197.2,87343943.4,436573322
3617.6,S,42,30987.49,4265.33,17774197.2,87343943.6,436573323
3618.6,S,46,30998.15,4266.84,17774197.2,87344046.6,436573422
3619.6,S,42,31007.64,4268.21,17774197.2,87344143.1,436573509
3620.6,S,42,31016.21,4269.73,17774197.2,87344207.7,436573602
3621.6,S,42,31024.95,4271.32,17774197.2,87344207.9,436573608
3622.6,S,42,31033.72,4272.70,17774197.2,87344208.2,436573612
3623.6,S,42,31042.22,4274.24,17774197.2,87344248.0,436573687
3624.6,S,42,31050.22,4275.53,17774197.2,87344322.9,436573790
3625.6,S,46,31061.89,4277.17,17774197.2,87344351.6,436573842
3626.6,S,42,31070.47,4278.68,17774197.2,87344447.7,436573978
3627.6,S,42,31079.26,4280.03,17774197.2,87344447.8,436573979
3628.6,S,42,31087.79,4281.42,17774197.2,87344512.5,436574213
3629.6,S,42,31096.42,4282.89,17774197.2,87344512.6,436574213
3630.6,S,42,31105.19,4284.27,17774197.2,87344513.3,436574217
3631.6,S,42,31112.18,4285.33,17774197.2,87344601.9,436574422
3632.6,S,46,31124.18,4286.83,17774197.2,87344683.5,436574575
3633.6,S,42,31132.11,4288.12,17774197.2,87344776.4,436574781
3634.6,S,42,31140.84,4289.65,17774197.2,87344802.1,436574822
3635.6,S,42,31149.57,4291.04,17774197.2,87344802.7,436574829
3636.6,S,42,31158.29,4292.45,17774197.2,87344802.7,436574829
3637.6,S,42,31166.96,4293.88,17774197.2,87344802.8,436574830
3638.6,S,46,31173.72,4295.07,17774197.2,87344970.2,436575123
3639.6,S,46,31186.19,4296.72,17774197.2,87344990.8,436575151
3640.6,S,42,31194.90,4298.10,17774197.2,87345066.5,436575327
3641.6,S,42,31203.58,4299.50,17774197.2,87345066.9,436575329
3642.6,S,42,31212.22,4300.94,17774197.2,87345069.9,436575337
3643.6,S,42,31220.74,4302.40,17774197.2,87345135.8,436575445
3644.6,S,42,31229.48,4303.73,17774197.2,87345136.2,436575449
3645.6,S,46,31237.02,4304.87,17774197.2,87345238.8,436575651
3646.6,S,46,31249.25,4306.53,17774197.2,87345262.6,436575747
3647.6,S,42,31254.15,4307.42,17774197.2,87345400.4,436575962
3648.7,S,42,31259.00,4308.34,17774197.2,87345400.7,436575965
3649.7,S,42,31263.79,4309.07,17774197.2,87345401.0,436575967
3650.7,S,42,31268.58,4309.91,17774197.2,87345401.2,436575967
3651.7,S,42,31273.35,4310.76,17774197.2,87345401.3,436575968
3652.7,S,42,31277.97,4311.54,17774197.2,87345401.8,436575970
3653.7,S,42,31283.12,4312.39,17774197.2,87345468.6,436576029
3654.7,S,42,31288.71,4313.21,17774197.2,87345469.1,436576031
3655.7,S,42,31294.08,4314.09,17774197.2,87345469.2,436576031
3656.7,S,42,31299.45,4315.03,17774197.2,87345469.4,436576033
3657.7,S,42,31304.80,4315.91,17774197.2,87345630.8,436576173
3658.7,S,42,31310.09,4316.81,17774197.2,87345631.4,436576177
3659.7,S,42,31315.67,4317.63,17774197.2,87345631.5,436576179
3660.7,S,42,31321.28,4318.45,17774197.2,87345631.7,436576181
3661.7,S,46,31329.69,4319.45,17774197.2,87345699.6,436576249
3662.7,S,42,31335.30,4320.34,17774197.2,87345874.9,436576573
3663.7,S,42,31340.15,4321.10,17774197.2,87345875.5,436576575
3664.7,S,42,31344.89,4321.80,17774197.2,87345875.8,436576577
3665.7,S,42,31349.55,4322.57,17774197.2,87345875.9,436576577
3666.7,S,42,31354.20,4323.34,17774197.2,87345940.6,436576703
3667.7,S,42,31358.79,4324.09,17774197.2,87345940.7,436576704
3668.7,S,42,31363.49,4324.83,17774197.2,87345940.9,436576707
3669.7,S,42,31368.20,4325.66,17774197.2,87345941.5,436576713
3670.7,S,42,31372.95,4326.55,17774197.2,87346010.2,436576841
3671.7,S,42,31378.34,4327.40,17774197.2,87346010.5,436576844
3672.7,S,42,31383.67,4328.27,17774197.2,87346010.7,436576850
3673.7,S,42,31389.11,4329.11,17774197.2,87346079.4,436577008
3674.7,S,42,31394.60,4329.93,17774197.2,87346079.9,436577016
3675.7,S,42,31400.03,4330.82,17774197.2,87346144.6,436577137
3676.7,S,42,31405.34,4331.71,17774197.2,87346144.7,436577139
3677.7,S,42,31410.75,4332.62,17774197.2,87346145.0,436577143
3678.7,S,46,31418.21,4333.51,17774197.2,87346219.8,436577285
3679.7,S,42,31423.42,4334.18,17774197.2,87346380.2,436577726
3680.7,S,42,31424.40,4334.20,17774197.2,87346380.9,436577730
3681.7,S,42,31425.38,4334.21,17774197.2,87346381.0,436577731
3682.7,S,42,31426.36,4334.24,17774197.2,87346381.1,436577733
3683.7,S,42,31427.16,4334.32,17774197.2,87346442.0,436577869
3684.7,S,42,31428.15,4334.33,17774197.2,87346442.2,436577873
3685.7,S,42,31429.13,4334.34,17774197.2,87346442.5,436577880
3686.7,S,42,31430.07,4334.37,17774197.2,87346466.9,436577932
3687.7,S,42,31430.99,4334.39,17774197.2,87346507.2,436577993
3688.7,S,42,31431.98,4334.40,17774197.2,87346507.3,436577997
3689.7,S,42,31432.96,4334.41,17774197.2,87346507.4,436577999
3690.7,S,42,31433.79,4334.44,17774197.2,87346572.4,436578155
3691.7,S,42,31434.73,4334.49,17774197.2,87346576.5,436578165
3692.7,S,42,31435.72,4334.51,17774197.2,87346576.6,436578168
3693.7,S,42,31436.70,4334.53,17774197.2,87346604.6,436578209
3694.7,S,42,31437.59,4334.55,17774197.2,87346669.2,436578306
3695.7,S,42,31438.58,4334.57,17774197.2,87346669.5,436578307
3696.7,S,42,31439.56,4334.58,17774197.2,87346669.7,436578307
3697.7,S,42,31440.54,4334.60,17774197.2,87346669.8,436578308
3698.7,S,42,31441.43,4334.62,17774197.2,87346734.4,436578408
3699.7,S,42,31442.42,4334.64,17774197.2,87346734.4,436578410
3700.7,S,42,31443.30,4334.70,17774197.2,87346774.4,436578473
3701.7,S,42,31444.29,4334.71,17774197.2,87346774.4,436578474
3702.7,S,42,31445.28,4334.73,17774197.2,87346774.6,436578477
3703.7,S,42,31446.27,4334.74,17774197.2,87346785.4,436578491
3704.7,S,42,31447.16,4334.77,17774197.2,87346850.0,436578586
3705.7,S,42,31448.14,4334.78,17774197.2,87346850.3,436578596
3706.7,S,42,31449.12,4334.81,17774197.2,87346850.5,436578605
3707.7,S,42,31450.11,4334.82,17774197.2,87346850.6,436578607
3708.7,S,42,31450.97,4334.87,17774197.2,87346923.0,436578715
3709.7,S,42,31451.95,4334.89,17774197.2,87346923.0,436578717
3710.7,S,42,31452.93,4334.91,17774197.2,87346923.8,436578719
3711.7,S,42,31453.86,4334.94,17774197.2,87346988.6,436578774
3712.7,S,42,31454.84,4334.96,17774197.2,87346988.8,436578777
3713.7,S,42,31455.83,4334.97,17774197.2,87346989.0,436578779
3714.7,S,42,31456.82,4334.98,17774197.2,87346989.1,436578783
3715.7,S,42,31457.74,4335.01,17774197.2,87347053.6,436578844
3716.7,S,42,31458.72,4335.03,17774197.2,87347053.8,436578845
3717.7,S,42,31459.65,4335.08,17774197.2,87347093.5,436578883
3718.7,S,42,31460.63,4335.10,17774197.2,87347093.7,436578887
3719.7,S,42,31461.61,4335.11,17774197.2,87347093.8,436578889
3720.7,S,42,31462.60,4335.13,17774197.2,87347094.0,436578891
3721.7,S,42,31463.53,4335.15,17774197.2,87347158.5,436578946
3722.7,S,42,31464.52,4335.17,17774197.2,87347158.9,436578950
3723.7,S,42,31465.50,4335.18,17774197.2,87347159.2,436578956
3724.7,S,42,31466.48,4335.20,17774197.2,87347159.3,436578960
3725.7,S,42,31467.38,4335.25,17774197.2,87347227.3,436579023
3726.7,S,42,31468.37,4335.26,17774197.2,87347227.4,436579030
3727.7,S,42,31469.35,4335.28,17774197.2,87347227.8,436579033
3728.7,S,42,31470.34,4335.30,17774197.2,87347228.0,436579037
3729.7,S,42,31471.25,4335.33,17774197.2,87347292.6,436579112
3730.7,S,42,31472.23,4335.35,17774197.2,87347293.0,436579117
3731.7,S,42,31473.22,4335.36,17774197.2,87347293.1,436579119
3732.7,S,42,31474.04,4335.38,17774197.2,87347357.5,436579289
3733.7,S,42,31475.01,4335.40,17774197.2,87347358.0,436579296
3734.7,S,42,31475.94,4335.45,17774197.2,87347384.4,436579326
3735.7,S,42,31476.93,4335.46,17774197.2,87347384.9,436579331
3736.7,S,42,31477.92,4335.48,17774197.2,87347385.0,436579334
3737.7,S,42,31478.91,4335.49,17774197.2,87347385.2,436579341
3738.7,S,42,31479.80,4335.51,17774197.2,87347449.7,436579431
3739.7,S,42,31480.78,4335.53,17774197.2,87347450.2,436579434
3740.7,S,42,31481.77,4335.54,17774197.2,87347450.3,436579436
3741.7,S,42,31482.62,4335.57,17774197.2,87347515.3,436579578
3742.7,S,42,31483.60,4335.59,17774197.2,87347515.4,436579580
3743.7,S,42,31484.59,4335.60,17774197.2,87347515.6,436579581
3744.7,S,42,31485.58,4335.61,17774197.2,87347515.9,436579583
3745.7,S,42,31486.46,4335.64,17774197.2,87347580.5,436579691
3746.7,S,42,31487.40,4335.69,17774197.2,87347589.7,436579709
3747.7,S,42,31488.37,4335.72,17774197.2,87347590.0,436579710
3748.7,S,42,31489.36,4335.73,17774197.2,87347590.0,436579712
3749.7,S,42,31490.27,4335.76,17774197.2,87347654.6,436579789
3750.7,S,42,31491.25,4335.77,17774197.2,87347655.1,436579792
3751.7,S,42,31492.24,4335.79,17774197.2,87347655.3,436579794
3752.7,S,42,31493.22,4335.80,17774197.2,87347655.4,436579794
3753.7,S,42,31494.10,4335.83,17774197.2,87347719.9,436579904
3754.7,S,42,31495.09,4335.84,17774197.2,87347720.2,436579911
3755.7,S,42,31496.08,4335.86,17774197.2,87347720.6,436579915
3756.7,S,42,31497.06,4335.87,17774197.2,87347720.7,436579917
3757.7,S,42,31497.93,4335.90,17774197.2,87347785.2,436580036
3758.7,S,42,31498.91,4335.92,17774197.2,87347785.3,436580038
3759.7,S,42,31499.90,4335.93,17774197.2,87347785.5,436580041
3760.7,S,42,31500.78,4335.97,17774197.2,87347850.0,436580134
3761.7,S,42,31501.69,4336.04,17774197.2,87347858.9,436580165
3762.7,S,42,31502.68,4336.05,17774197.2,87347859.1,436580167
3763.7,S,42,31503.66,4336.06,17774197.2,87347859.3,436580167
3764.7,S,42,31504.65,4336.08,17774197.2,87347859.4,436580167
3765.7,S,42,31505.57,4336.11,17774197.2,87347924.1,436580224
3766.7,S,42,31506.55,4336.13,17774197.2,87347924.5,436580227
3767.8,S,42,31507.54,4336.15,17774197.2,87347924.7,436580231
3768.8,S,42,31508.47,4336.17,17774197.2,87347989.1,436580287
3769.8,S,42,31509.46,4336.18,17774197.2,87347989.3,436580291
3770.8,S,42,31510.38,4336.24,17774197.2,87348015.3,436580318
3771.8,S,42,31511.36,4336.26,17774197.2,87348015.5,436580319
3772.8,S,42,31512.35,4336.27,17774197.2,87348016.3,436580321
3773.8,S,42,31513.28,4336.30,17774197.2,87348080.8,436580380
3774.8,S,42,31514.26,4336.31,17774197.2,87348080.9,436580382
3775.8,S,42,31515.25,4336.33,17774197.2,87348081.1,436580384
3776.8,S,42,31516.23,4336.35,17774197.2,87348081.2,436580385
3777.8,S,42,31517.15,4336.38,17774197.2,87348146.1,436580440
3778.8,S,42,31518.14,4336.40,17774197.2,87348146.2,436580442
3779.8,S,42,31519.12,4336.41,17774197.2,87348146.3,436580445
3780.8,S,42,31520.01,4336.47,17774197.2,87348205.0,436580507
3781.8,S,42,31520.99,4336.49,17774197.2,87348205.2,436580510
3782.8,S,42,31521.98,4336.51,17774197.2,87348205.3,436580512
3783.8,S,42,31522.97,4336.52,17774197.2,87348205.8,436580516
3784.8,S,42,31523.86,4336.55,17774197.2,87348270.3,436580604
3785.8,S,42,31524.84,4336.57,17774197.2,87348270.5,436580613
3786.8,S,42,31525.83,4336.58,17774197.2,87348270.6,436580614
3787.8,S,42,31526.82,4336.59,17774197.2,87348270.7,436580615
3788.8,S,42,31527.66,4336.61,17774197.2,87348335.6,436580766
3789.8,S,42,31528.56,4336.66,17774197.2,87348361.4,436580826
3790.8,S,42,31529.55,4336.67,17774197.2,87348361.8,436580831
3791.8,S,42,31530.53,4336.69,17774197.2,87348362.0,436580833
3792.8,S,42,31531.52,4336.71,17774197.2,87348362.2,436580836
3793.8,S,42,31532.39,4336.73,17774197.2,87348427.0,436580954
3794.8,S,42,31533.37,4336.75,17774197.2,87348427.2,436580958
3795.8,S,42,31534.35,4336.77,17774197.2,87348427.4,436580959
3796.8,S,42,31535.34,4336.78,17774197.2,87348427.6,436580961
3797.8,S,42,31536.00,4336.83,17774197.2,87348499.9,436581263
3798.8,S,42,31537.00,4336.83,17774197.2,87348500.6,436581272
3799.8,S,57,31552.25,4337.10,17774197.2,87348501.2,436581274
3800.8,S,57,31568.04,4337.32,17774197.2,87348501.5,436581276
3801.8,S,57,31583.81,4337.57,17774197.2,87348501.6,436581276
3802.8,S,57,31599.43,4337.82,17774197.2,87348598.9,436581423
3803.8,S,57,31613.87,4338.16,17774197.2,87349090.7,436581967
3804.8,S,57,31628.44,4338.45,17774197.2,87349340.9,436582317
3805.8,S,57,31643.98,4338.71,17774197.2,87349438.5,436582564
3806.8,S,57,31658.80,4338.96,17774197.2,87349709.4,436583069
3807.8,S,57,31673.95,4339.22,17774197.2,87349872.2,436583442
3808.8,S,57,31686.54,4339.54,17774197.2,87350352.1,436584161
3809.8,S,57,31701.57,4339.76,17774197.2,87350480.3,436584405
3810.8,S,57,31717.03,4340.02,17774197.2,87350649.6,436584558
3811.8,S,57,31732.71,4340.27,17774197.2,87350787.0,436584675
3812.8,S,57,31747.11,4340.51,17774197.2,87350940.3,436585008
3813.8,S,57,31759.70,4340.81,17774197.2,87351304.8,436585643
3814.8,S,57,31774.95,4341.06,17774197.2,87351496.8,436585962
3815.8,S,57,31790.01,4341.30,17774197.2,87351766.1,436586448
3816.8,S,57,31804.90,4341.58,17774197.2,87351987.6,436586872
3817.8,S,57,31820.26,4341.85,17774197.2,87352276.4,436587123
3818.8,S,57,31835.68,4342.11,17774197.2,87352506.0,436587432
3819.8,S,57,31851.34,4342.32,17774197.2,87352590.3,436587585
3820.8,S,57,31865.83,4342.59,17774197.2,87352923.8,436588229
3821.8,S,57,31880.40,4342.87,17774197.2,87353220.2,436588827
3822.8,S,56,31895.30,4343.13,17774197.2,87353359.7,436589120
3823.8,S,56,31909.75,4343.40,17774197.2,87353603.4,436589468
3824.8,S,56,31924.15,4343.67,17774197.2,87353899.5,436589722
3825.8,S,56,31938.76,4343.90,17774197.2,87354027.3,436589922
3826.8,S,53,31950.56,4344.12,17774197.2,87354335.4,436590550
3827.9,S,42,31951.68,4344.75,17774197.2,87354684.9,436591020
3828.9,S,42,31958.44,4346.03,17774197.2,87354686.5,436591026
3829.9,S,42,31967.15,4347.59,17774197.2,87354713.8,436591058
3830.9,S,42,31975.63,4349.03,17774197.2,87354714.1,436591058
3831.9,S,42,31984.34,4350.55,17774197.2,87354714.8,436591060
3832.9,S,42,31992.94,4352.04,17774197.2,87354779.4,436591120
3833.9,S,42,32001.87,4353.54,17774197.2,87354779.6,436591121
3834.9,S,46,32012.71,4355.10,17774197.2,87354830.4,436591176
3835.9,S,42,32022.72,4356.50,17774197.2,87354926.3,436591292
3836.9,S,42,32031.54,4358.05,17774197.2,87354926.5,436591292
3837.9,S,42,32040.36,4359.30,17774197.2,87354927.0,436591292
3838.9,S,42,32048.88,4360.77,17774197.2,87354991.6,436591385
3839.9,S,42,32057.53,4362.18,17774197.2,87354991.8,436591387
3840.9,S,42,32065.55,4363.38,17774197.2,87355066.3,436591517
3841.9,S,46,32077.76,4365.02,17774197.2,87355086.0,436591552
3842.9,S,42,32085.71,4366.35,17774197.2,87355166.0,436591727
3843.9,S,42,32094.47,4367.75,17774197.2,87355166.2,436591731
3844.9,S,42,32103.17,4369.15,17774197.2,87355166.4,436591733
3845.9,S,42,32111.76,4370.63,17774197.2,87355231.0,436591928
3846.9,S,42,32120.59,4371.99,17774197.2,87355231.2,436591930
3847.9,S,46,32129.04,4373.21,17774197.2,87355306.6,436592049
3848.9,S,46,32140.37,4374.72,17774197.2,87355402.9,436592245
3849.9,S,42,32148.53,4376.07,17774197.2,87355467.6,436592422
3850.9,S,42,32157.14,4377.39,17774197.2,87355468.0,436592428
3851.9,S,42,32165.83,4378.95,17774197.2,87355488.2,436592490
3852.9,S,42,32174.60,4380.35,17774197.2,87355500.2,436592514
3853.9,S,42,32183.28,4381.65,17774197.2,87355500.5,436592517
3854.9,S,46,32190.59,4382.71,17774197.2,87355601.9,436592773
3855.9,S,43,32202.46,4384.30,17774197.2,87355697.8,436592939
3856.9,S,42,32210.90,4385.80,17774197.2,87355762.5,436593071
3857.9,S,42,32219.74,4387.21,17774197.2,87355762.9,436593073
3858.9,S,42,32228.40,4388.53,17774197.2,87355763.2,436593074
3859.9,S,42,32237.15,4390.04,17774197.2,87355763.9,436593076
3860.9,S,42,32245.56,4391.50,17774197.2,87355828.6,436593221
3861.9,S,46,32253.77,4392.90,17774197.2,87355937.0,436593411
3862.9,S,42,32264.69,4394.48,17774197.2,87356033.1,436593601
3863.9,S,42,32273.37,4396.02,17774197.2,87356033.3,436593603
3864.9,S,42,32282.22,4397.37,17774197.2,87356033.5,436593606
3865.9,S,42,32290.87,4398.86,17774197.2,87356098.4,436593679
3866.9,S,42,32299.72,4400.16,17774197.2,87356099.4,436593684
3867.9,S,42,32308.53,4401.42,17774197.2,87356099.5,436593686
3868.9,S,46,32317.86,4402.86,17774197.2,87356202.2,436593777
3869.9,S,42,32328.55,4404.57,17774197.2,87356298.0,436593860
3870.9,S,42,32337.22,4405.99,17774197.2,87356362.7,436593915
3871.9,S,42,32346.05,4407.34,17774197.2,87356363.2,436593916
3872.9,S,42,32354.83,4408.61,17774197.2,87356363.5,436593918
3873.9,S,42,32363.33,4410.03,17774197.2,87356409.1,436593962
3874.9,S,42,32372.10,4411.32,17774197.2,87356409.5,436593966
3875.9,S,46,32381.26,4412.61,17774197.2,87356512.2,436594156
3876.9,S,42,32391.01,4413.97,17774197.2,87356608.3,436594450
3877.9,S,42,32399.44,4415.45,17774197.2,87356672.9,436594538
3878.9,S,42,32407.96,4416.89,17774197.2,87356673.2,436594540
3879.9,S,42,32416.84,4418.27,17774197.2,87356673.3,436594547
3880.9,S,42,32425.60,4419.64,17774197.2,87356673.6,436594549
3881.9,S,42,32434.22,4421.07,17774197.2,87356673.7,436594551
3882.9,S,46,32443.18,4422.31,17774197.2,87356841.5,436594822
3883.9,S,42,32453.96,4423.92,17774197.2,87356937.7,436595004
3884.9,S,42,32462.60,4425.34,17774197.2,87356980.6,436595060
3885.9,S,42,32471.39,4426.91,17774197.2,87356981.1,436595074
3886.9,S,42,32480.13,4428.42,17774197.2,87356981.4,436595078
3887.9,S,42,32488.74,4429.73,17774197.2,87356981.9,436595081
3888.9,S,42,32497.46,4431.02,17774197.2,87356982.3,436595084
3889.9,S,46,32506.01,4432.21,17774197.2,87357149.8,436595358
3890.9,S,42,32516.09,4433.73,17774197.2,87357245.8,436595493
3891.9,S,42,32524.77,4435.17,17774197.2,87357245.9,436595494
3892.9,S,42,32533.58,4436.51,17774197.2,87357246.4,436595496
3893.9,S,42,32541.85,4438.17,17774197.2,87357310.9,436595700
3894.9,S,42,32550.36,4439.74,17774197.2,87357311.2,436595702
3895.9,S,42,32558.85,4441.21,17774197.2,87357334.6,436595738
3896.9,S,46,32567.93,4442.54,17774197.2,87357437.4,436595934
3897.9,S,42,32578.24,4444.15,17774197.2,87357533.1,436596138
3898.9,S,42,32587.08,4445.41,17774197.2,87357534.5,436596143
3899.9,S,42,32595.63,4446.95,17774197.2,87357599.1,436596225
3900.9,S,42,32604.46,4448.34,17774197.2,87357599.4,436596234
3901.9,S,42,32612.95,4449.78,17774197.2,87357599.6,436596245
3902.9,S,42,32621.82,4451.23,17774197.2,87357599.8,436596246
3903.9,S,46,32632.29,4452.76,17774197.2,87357772.4,436596462
3904.9,S,42,32641.71,4454.31,17774197.2,87357868.4,436596547
3905.9,S,42,32650.49,4455.64,17774197.2,87357868.7,436596549
3906.9,S,42,32659.16,4456.92,17774197.2,87357868.9,436596553
3907.9,S,42,32667.94,4458.34,17774197.2,87357869.0,436596555
3908.9,S,42,32676.63,4459.74,17774197.2,87357936.3,436596620
3909.9,S,42,32685.04,4461.13,17774197.2,87357960.4,436596642
3910.9,S,46,32696.31,4462.73,17774197.2,87358039.5,436596733
3911.9,S,42,32705.23,4464.29,17774197.2,87358136.2,436596926
3912.9,S,42,32713.81,4465.73,17774197.2,87358201.0,436597014
3913.9,S,42,32722.54,4467.19,17774197.2,87358201.2,436597018
3914.9,S,42,32731.20,4468.62,17774197.2,87358201.7,436597020
3915.9,S,42,32739.81,4470.06,17774197.2,87358201.9,436597024
3916.9,S,42,32746.79,4471.24,17774197.2,87358348.8,436597241
3917.9,S,46,32758.77,4472.77,17774197.2,87358372.3,436597282
3918.9,S,42,32766.66,4474.03,17774197.2,87358465.5,436597494
3919.9,S,42,32775.46,4475.47,17774197.2,87358466.2,436597505
3921.0,S,42,32783.65,4477.06,17774197.2,87358516.2,436597654
3922.0,S,42,32792.17,4478.51,17774197.2,87358516.2,436597654
3923.0,S,42,32800.96,4479.92,17774197.2,87358516.6,436597662
3924.0,S,42,32808.47,4481.19,17774197.2,87358611.9,436597817
3925.0,S,46,32820.53,4482.86,17774197.2,87358707.9,436597956
3926.0,S,42,32829.25,4484.22,17774197.2,87358780.2,436598022
3927.0,S,42,32837.92,4485.82,17774197.2,87358780.3,436598024
3928.0,S,42,32846.68,4487.24,17774197.2,87358780.6,436598026
3929.0,S,42,32855.47,4488.74,17774197.2,87358780.7,436598026
3930.0,S,42,32864.15,4490.14,17774197.2,87358845.9,436598087
3931.0,S,46,32872.94,4491.58,17774197.2,87358949.2,436598181
3932.0,S,42,32883.88,4493.20,17774197.2,87359045.2,436598289
3933.0,S,42,32892.55,4494.68,17774197.2,87359045.3,436598290
3934.0,S,42,32901.18,4496.18,17774197.2,87359110.0,436598419
3935.0,S,42,32909.96,4497.50,17774197.2,87359110.4,436598423
3936.0,S,42,32918.62,4498.83,17774197.2,87359110.6,436598425
3937.0,S,42,32927.22,4500.33,17774197.2,87359110.9,436598426
3938.0,S,46,32935.78,4501.61,17774197.2,87359278.2,436598739
3939.0,S,42,32945.82,4503.06,17774197.2,87359374.1,436598972
3940.0,S,42,32950.53,4503.88,17774197.2,87359374.4,436598976
3941.0,S,42,32955.31,4504.71,17774197.2,87359411.3,436599028
3942.0,S,42,32960.83,4505.55,17774197.2,87359411.7,436599032
3943.0,S,42,32966.28,4506.35,17774197.2,87359412.0,436599034
3944.0,S,42,32971.52,4507.15,17774197.2,87359412.3,436599036
3945.0,S,42,32977.05,4507.91,17774197.2,87359412.4,436599036
3946.0,S,42,32982.54,4508.79,17774197.2,87359477.1,436599115
3947.0,S,42,32987.92,4509.60,17774197.2,87359477.5,436599117
3948.0,S,42,32993.39,4510.41,17774197.2,87359477.8,436599125
3949.0,S,42,32998.78,4511.18,17774197.2,87359478.3,436599127
3950.0,S,42,33004.25,4512.05,17774197.2,87359640.6,436599382
3951.0,S,42,33009.61,4513.01,17774197.2,87359640.8,436599384
3952.0,S,42,33015.07,4513.81,17774197.2,87359641.0,436599388
3953.0,S,46,33023.44,4514.78,17774197.2,87359684.5,436599459
3954.0,S,42,33029.60,4515.70,17774197.2,87359780.8,436599601
3955.0,S,42,33034.24,4516.56,17774197.2,87359861.3,436599732
3956.0,S,42,33039.02,4517.37,17774197.2,87359861.6,436599736
3957.0,S,42,33043.66,4518.11,17774197.2,87359926.2,436599860
3958.0,S,42,33048.31,4518.96,17774197.2,87359926.7,436599862
3959.0,S,42,33053.09,4519.69,17774197.2,87359927.2,436599864
3960.0,S,42,33057.83,4520.47,17774197.2,87359927.4,436599868
3961.0,S,42,33062.48,4521.21,17774197.2,87359927.6,436599870
3962.0,S,42,33067.15,4521.97,17774197.2,87359992.2,436599964
3963.0,S,42,33071.92,4522.74,17774197.2,87359992.4,436599966
3964.0,S,42,33076.64,4523.60,17774197.2,87360029.7,436600029
3965.0,S,42,33082.08,4524.50,17774197.2,87360099.0,436600130
3966.0,S,42,33087.55,4525.32,17774197.2,87360099.3,436600135
3967.0,S,42,33093.00,4526.17,17774197.2,87360099.4,436600137
3968.0,S,42,33098.28,4527.00,17774197.2,87360099.7,436600139
3969.0,S,42,33103.74,4527.90,17774197.2,87360164.3,436600251
3970.0,S,46,33110.04,4528.80,17774197.2,87360267.2,436600466
3971.0,S,42,33117.26,4529.65,17774197.2,87360363.8,436600553
3972.0,S,42,33118.25,4529.66,17774197.2,87360363.9,436600555
3973.0,S,42,33119.17,4529.69,17774197.2,87360428.6,436600616
3974.0,S,42,33120.16,4529.71,17774197.2,87360428.8,436600620
3975.0,S,42,33121.14,4529.73,17774197.2,87360429.3,436600623
3976.0,S,42,33122.02,4529.81,17774197.2,87360488.7,436600678
3977.0,S,42,33123.00,4529.82,17774197.2,87360489.3,436600681
3978.0,S,42,33123.99,4529.84,17774197.2,87360489.4,436600684
3979.0,S,42,33124.97,4529.86,17774197.2,87360489.6,436600689
3980.0,S,42,33125.90,4529.88,17774197.2,87360554.2,436600745
3981.0,S,42,33126.89,4529.89,17774197.2,87360554.7,436600746
3982.0,S,42,33127.87,4529.91,17774197.2,87360555.1,436600747
3983.0,S,42,33128.85,4529.93,17774197.2,87360555.2,436600748
3984.0,S,42,33129.77,4529.96,17774197.2,87360619.7,436600817
3985.0,S,42,33130.76,4529.97,17774197.2,87360619.9,436600821
3986.0,S,42,33131.65,4530.02,17774197.2,87360683.7,436600921
3987.0,S,42,33132.63,4530.04,17774197.2,87360684.2,436600922
3988.0,S,42,33133.62,4530.05,17774197.2,87360684.6,436600924
3989.0,S,42,33134.61,4530.07,17774197.2,87360688.3,436600933
3990.0,S,42,33135.43,4530.08,17774197.2,87360749.2,436601099
3991.0,S,42,33136.41,4530.10,17774197.2,87360749.5,436601102
3992.0,S,42,33137.39,4530.12,17774197.2,87360749.5,436601104
3993.0,S,42,33138.27,4530.14,17774197.2,87360814.2,436601216
3994.0,S,42,33139.25,4530.16,17774197.2,87360814.8,436601221
3995.0,S,42,33140.17,4530.21,17774197.2,87360838.0,436601261
3996.0,S,42,33141.15,4530.23,17774197.2,87360848.2,436601274
3997.0,S,42,33142.14,4530.24,17774197.2,87360848.4,436601274
3998.0,S,42,33143.03,4530.27,17774197.2,87360912.9,436601362
3999.0,S,42,33144.02,4530.28,17774197.2,87360913.6,436601364
4000.0,S,42,33145.01,4530.30,17774197.2,87360913.6,436601366
4001.0,S,42,33145.99,4530.31,17774197.2,87360917.2,436601374
4002.0,S,42,33146.88,4530.34,17774197.2,87360981.7,436601469
4003.0,S,42,33147.86,4530.36,17774197.2,87360981.9,436601471
4004.0,S,42,33148.74,4530.42,17774197.2,87361018.3,436601542
4005.0,S,42,33149.72,4530.43,17774197.2,87361019.0,436601544
4006.0,S,42,33150.71,4530.45,17774197.2,87361019.2,436601546
4007.0,S,42,33151.69,4530.46,17774197.2,87361019.3,436601551
4008.0,S,42,33152.54,4530.49,17774197.2,87361083.8,436601686
4009.0,S,42,33153.52,4530.51,17774197.2,87361084.0,436601688
4010.0,S,42,33154.50,4530.53,17774197.2,87361084.1,436601690
4011.0,S,42,33155.49,4530.54,17774197.2,87361084.9,436601700
4012.0,S,42,33156.38,4530.57,17774197.2,87361149.3,436601798
4013.0,S,42,33157.36,4530.58,17774197.2,87361149.5,436601801
4014.0,S,42,33158.34,4530.60,17774197.2,87361149.6,436601803
4015.0,S,42,33159.32,4530.62,17774197.2,87361149.8,436601807
4016.0,S,42,33160.17,4530.65,17774197.2,87361214.5,436601947
4017.0,S,42,33161.09,4530.70,17774197.2,87361232.5,436601977
4018.0,S,42,33162.07,4530.72,17774197.2,87361232.7,436601979
4019.0,S,42,33163.05,4530.74,17774197.2,87361232.8,436601979
4020.0,S,42,33163.93,4530.77,17774197.2,87361297.3,436602088
4021.0,S,42,33164.92,4530.77,17774197.2,87361297.5,436602092
4022.0,S,42,33165.91,4530.79,17774197.2,87361298.0,436602095
4023.0,S,42,33166.90,4530.80,17774197.2,87361298.4,436602096
4024.0,S,42,33167.75,4530.83,17774197.2,87361363.0,436602229
4025.0,S,42,33168.74,4530.83,17774197.2,87361363.2,436602237
4026.0,S,42,33169.73,4530.85,17774197.2,87361363.2,436602239
4027.0,S,42,33170.71,4530.86,17774197.2,87361363.4,436602243
4028.0,S,42,33171.53,4530.89,17774197.2,87361428.2,436602415
4029.0,S,42,33172.44,4530.96,17774197.2,87361442.5,436602445
4030.0,S,42,33173.42,4530.98,17774197.2,87361442.7,436602447
4031.0,S,42,33174.40,4531.00,17774197.2,87361442.9,436602450
4032.0,S,42,33175.39,4531.01,17774197.2,87361443.0,436602451
4033.0,S,42,33176.27,4531.05,17774197.2,87361507.6,436602549
4034.0,S,42,33177.26,4531.06,17774197.2,87361508.2,436602555
4035.0,S,42,33178.24,4531.08,17774197.2,87361508.9,436602559
4036.0,S,42,33179.09,4531.11,17774197.2,87361573.6,436602695
4037.0,S,42,33180.03,4531.15,17774197.2,87361580.6,436602713
4038.0,S,42,33181.01,4531.17,17774197.2,87361580.8,436602716
4039.0,S,42,33182.00,4531.18,17774197.2,87361581.0,436602720
4040.0,S,42,33182.88,4531.21,17774197.2,87361621.1,436602818
4041.0,S,42,33183.82,4531.23,17774197.2,87361646.3,436602868
4042.0,S,42,33184.81,4531.25,17774197.2,87361646.4,436602868
4043.0,S,42,33185.79,4531.27,17774197.2,87361674.1,436602916
4044.0,S,42,33186.64,4531.30,17774197.2,87361738.6,436603045
4045.1,S,42,33187.62,4531.32,17774197.2,87361739.2,436603049
4046.1,S,42,33188.54,4531.36,17774197.2,87361766.4,436603092
4047.1,S,42,33189.53,4531.38,17774197.2,87361766.7,436603094
4048.1,S,42,33190.51,4531.39,17774197.2,87361766.8,436603095
4049.1,S,42,33191.42,4531.42,17774197.2,87361818.3,436603170
4050.1,S,42,33192.39,4531.44,17774197.2,87361831.4,436603184
4051.1,S,42,33193.37,4531.46,17774197.2,87361832.0,436603189
4052.1,S,42,33194.36,4531.48,17774197.2,87361832.3,436603191
4053.1,S,42,33195.29,4531.49,17774197.2,87361896.8,436603247
4054.1,S,42,33196.28,4531.51,17774197.2,87361897.1,436603249
4055.1,S,42,33197.26,4531.53,17774197.2,87361897.2,436603249
4056.1,S,42,33198.24,4531.55,17774197.2,87361897.7,436603251
4057.1,S,42,33199.17,4531.57,17774197.2,87361962.2,436603307
4058.1,S,42,33200.16,4531.59,17774197.2,87361962.5,436603311
4059.1,S,42,33201.15,4531.60,17774197.2,87361962.6,436603313
4060.1,S,42,33202.08,4531.63,17774197.2,87362027.2,436603369
4061.1,S,42,33203.07,4531.64,17774197.2,87362027.5,436603369
4062.1,S,42,33204.06,4531.65,17774197.2,87362027.7,436603371
4063.1,S,42,33205.05,4531.67,17774197.2,87362027.7,436603373
4064.1,S,42,33205.93,4531.74,17774197.2,87362082.1,436603422
4065.1,S,42,33206.92,4531.75,17774197.2,87362082.2,436603422
4066.1,S,42,33207.91,4531.77,17774197.2,87362082.5,436603425
4067.1,S,42,33208.84,4531.79,17774197.2,87362147.0,436603480
4068.1,S,42,33209.83,4531.81,17774197.2,87362147.2,436603483
4069.1,S,42,33210.81,4531.83,17774197.2,87362147.5,436603484
4070.1,S,42,33211.79,4531.84,17774197.2,87362148.0,436603484
4071.1,S,42,33212.67,4531.90,17774197.2,87362207.5,436603562
4072.1,S,42,33213.65,4531.92,17774197.2,87362207.7,436603570
4073.1,S,42,33214.63,4531.93,17774197.2,87362207.8,436603572
4074.1,S,42,33215.53,4531.96,17774197.2,87362272.4,436603668
4075.1,S,42,33216.51,4531.98,17774197.2,87362272.6,436603670
4076.1,S,42,33217.49,4532.00,17774197.2,87362273.0,436603672
4077.1,S,42,33218.48,4532.01,17774197.2,87362273.4,436603674
4078.1,S,42,33219.21,4532.03,17774197.2,87362338.0,436603931
4079.1,S,42,33220.20,4532.04,17774197.2,87362338.1,436603933
4080.1,S,42,33221.11,4532.09,17774197.2,87362369.3,436603987
4081.1,S,42,33222.09,4532.11,17774197.2,87362369.4,436603988
4082.1,S,42,33223.08,4532.12,17774197.2,87362370.2,436603991
4083.1,S,42,33224.06,4532.14,17774197.2,87362370.3,436603992
4084.1,S,42,33224.95,4532.16,17774197.2,87362434.9,436604087
4085.1,S,42,33225.94,4532.18,17774197.2,87362435.0,436604089
4086.1,S,42,33226.92,4532.20,17774197.2,87362435.2,436604092
4087.1,S,42,33227.79,4532.23,17774197.2,87362499.6,436604202
4088.1,S,42,33228.73,4532.27,17774197.2,87362512.3,436604225
4089.1,S,42,33229.71,4532.29,17774197.2,87362512.6,436604229
4090.1,S,42,33230.70,4532.31,17774197.2,87362512.6,436604231
4091.1,S,42,33231.67,4532.33,17774197.2,87362512.8,436604234
4092.1,S,42,33232.52,4532.35,17774197.2,87362577.3,436604382
4093.1,S,42,33233.50,4532.37,17774197.2,87362577.7,436604392
4094.1,S,42,33234.48,4532.38,17774197.2,87362578.3,436604398
4095.1,S,42,33235.35,4532.43,17774197.2,87362636.6,436604498
4096.1,S,57,33237.20,4532.46,17774197.2,87362636.8,436604501
4097.1,S,57,33252.97,4532.71,17774197.2,87362637.5,436604504
4098.1,S,57,33268.78,4532.91,17774197.2,87362637.7,436604504
4099.1,S,57,33284.52,4533.16,17774197.2,87362659.3,436604535
4100.1,S,57,33299.96,4533.45,17774197.2,87362908.6,436604848
4101.1,S,57,33314.67,4533.77,17774197.2,87363355.5,436605422
4102.1,S,57,33328.25,4534.07,17774197.2,87363661.2,436606023
4103.1,S,57,33344.04,4534.29,17774197.2,87363661.7,436606024
4104.1,S,57,33359.62,4534.54,17774197.2,87363776.0,436606229
4105.1,S,57,33373.80,4534.82,17774197.2,87364101.6,436606881
4106.1,S,57,33385.35,4535.12,17774197.2,87364591.2,436607528
4107.1,S,57,33401.05,4535.39,17774197.2,87364667.0,436607595
4108.1,S,57,33416.84,4535.59,17774197.2,87364667.1,436607596
4109.1,S,57,33430.18,4535.87,17774197.2,87364924.8,436608061
4110.1,S,57,33445.03,4536.13,17774197.2,87365107.4,436608406
4111.1,S,57,33457.65,4536.42,17774197.2,87365511.3,436609135
4112.1,S,57,33471.85,4536.68,17774197.2,87365751.6,436609670
4113.1,S,57,33487.57,4536.91,17774197.2,87365802.2,436609744
4114.1,S,57,33502.38,4537.17,17774197.2,87366013.3,436610143
4115.1,S,57,33517.67,4537.44,17774197.2,87366295.3,436610657
4116.1,S,57,33532.59,4537.69,17774197.2,87366405.4,436611160
4117.1,S,57,33544.88,4537.97,17774197.2,87366779.4,436611987
4118.1,S,57,33559.55,4538.26,17774197.2,87367003.0,436612393
4119.1,S,57,33575.08,4538.52,17774197.2,87367201.5,436612644
4120.1,S,56,33590.75,4538.78,17774197.2,87367327.2,436612750
4121.1,S,56,33605.22,4539.07,17774197.2,87367652.2,436613026
4122.1,S,56,33619.88,4539.33,17774197.2,87367787.2,436613142
4123.1,S,56,33634.25,4539.61,17774197.2,87368057.8,436613534
4124.1,S,55,33643.89,4539.84,17774197.2,87368402.7,436614202
4125.1,S,44,33648.38,4540.00,17774197.2,87368731.2,436614739
4126.1,S,42,33649.25,4540.83,17774197.2,87368774.6,436614800
4127.1,S,42,33658.21,4542.22,17774197.2,87368776.0,436614805
4128.1,S,42,33666.62,4543.61,17774197.2,87368776.2,436614808
4129.1,S,42,33675.36,4545.05,17774197.2,87368776.6,436614810
4130.1,S,42,33684.17,4546.42,17774197.2,87368776.9,436614813
4131.1,S,42,33692.67,4547.86,17774197.2,87368841.4,436614927
4132.1,S,42,33701.54,4549.28,17774197.2,87368843.5,436614933
4133.1,S,46,33712.50,4550.86,17774197.2,87368899.9,436615093
4134.1,S,42,33721.08,4552.26,17774197.2,87368996.1,436615316
4135.1,S,42,33730.03,4553.64,17774197.2,87368996.3,436615318
4136.1,S,42,33739.10,4555.06,17774197.2,87368996.5,436615319
4137.1,S,42,33747.84,4556.54,17774197.2,87368997.0,436615321
4138.1,S,42,33756.39,4557.84,17774197.2,87369061.9,436615377
4139.1,S,42,33764.64,4559.13,17774197.2,87369101.7,436615419
4140.1,S,46,33776.63,4560.74,17774197.2,87369187.8,436615496
4141.1,S,42,33785.52,4562.14,17774197.2,87369239.1,436615545
4142.1,S,42,33794.17,4563.62,17774197.2,87369239.5,436615548
4143.1,S,42,33802.80,4564.96,17774197.2,87369239.9,436615549
4144.1,S,42,33811.31,4566.50,17774197.2,87369305.0,436615608
4145.1,S,42,33819.91,4567.94,17774197.2,87369305.2,436615610
4146.1,S,46,33827.87,4569.16,17774197.2,87369380.7,436615760
4147.1,S,44,33839.75,4570.79,17774197.2,87369463.8,436615892
4148.1,S,42,33848.64,4572.25,17774197.2,87369512.0,436615969
4149.1,S,42,33857.23,4573.63,17774197.2,87369512.6,436615972
4150.1,S,42,33865.94,4575.06,17774197.2,87369513.1,436615974
4151.1,S,42,33874.45,4576.54,17774197.2,87369577.7,436616130
4152.1,S,42,33883.09,4577.96,17774197.2,87369577.9,436616132
4153.1,S,46,33890.91,4579.05,17774197.2,87369679.4,436616309
4154.1,S,46,33902.00,4580.78,17774197.2,87369776.0,436616492
4155.1,S,42,33911.03,4582.12,17774197.2,87369776.8,436616496
4156.1,S,42,33919.60,4583.61,17774197.2,87369841.3,436616582
4157.1,S,42,33928.02,4585.16,17774197.2,87369856.6,436616609
4158.1,S,42,33936.26,4586.64,17774197.2,87369856.7,436616611
4159.1,S,42,33945.00,4588.06,17774197.2,87369857.1,436616613
4160.1,S,46,33952.31,4589.18,17774197.2,87369960.1,436616825
4161.1,S,44,33964.11,4590.88,17774197.2,87370099.8,436616946
4162.1,S,42,33972.83,4592.33,17774197.2,87370120.9,436616965
4163.1,S,42,33981.56,4593.74,17774197.2,87370121.1,436616967
4164.2,S,42,33990.55,4595.11,17774197.2,87370121.3,436616969
4165.2,S,42,33999.42,4596.54,17774197.2,87370121.6,436616972
4166.2,S,42,34008.00,4598.03,17774197.2,87370193.6,436617034
4167.2,S,46,34017.13,4599.43,17774197.2,87370296.8,436617127
4168.2,S,42,34027.89,4601.07,17774197.2,87370392.6,436617278
4169.2,S,42,34036.42,4602.62,17774197.2,87370392.8,436617280
4170.2,S,42,34044.50,4604.08,17774197.2,87370429.3,436617346
4171.2,S,42,34053.00,4605.40,17774197.2,87370457.4,436617433
4172.2,S,42,34061.75,4606.71,17774197.2,87370458.4,436617436
4173.2,S,42,34070.65,4608.04,17774197.2,87370458.5,436617437
4174.2,S,46,34079.32,4609.30,17774197.2,87370561.4,436617614
4175.2,S,42,34090.26,4610.92,17774197.2,87370721.6,436617870
4176.2,S,42,34099.03,4612.26,17774197.2,87370721.9,436617872
4177.2,S,42,34107.82,4613.46,17774197.2,87370722.2,436617874
4178.2,S,42,34116.46,4614.89,17774197.2,87370722.8,436617878
4179.2,S,42,34124.92,4616.27,17774197.2,87370787.3,436618079
4180.2,S,42,34133.72,4617.64,17774197.2,87370787.6,436618081
4181.2,S,46,34142.42,4618.83,17774197.2,87370890.4,436618295
4182.2,S,42,34152.91,4620.29,17774197.2,87370986.5,436618465
4183.2,S,42,34161.78,4621.68,17774197.2,87370986.9,436618467
4184.2,S,42,34170.45,4623.10,17774197.2,87371056.0,436618572
4185.2,S,42,34179.20,4624.37,17774197.2,87371056.3,436618573
4186.2,S,42,34187.98,4625.67,17774197.2,87371056.5,436618575
4187.2,S,42,34196.64,4627.06,17774197.2,87371056.6,436618577
4188.2,S,46,34206.43,4628.37,17774197.2,87371223.6,436618835
4189.2,S,42,34216.14,4629.88,17774197.2,87371320.1,436618969
4190.2,S,42,34224.79,4631.28,17774197.2,87371320.4,436618972
4191.2,S,42,34233.57,4632.64,17774197.2,87371320.6,436618974
4192.2,S,42,34242.40,4634.00,17774197.2,87371320.8,436618982
4193.2,S,42,34250.97,4635.44,17774197.2,87371385.4,436619073
4194.2,S,42,34259.67,4636.74,17774197.2,87371385.9,436619077
4195.2,S,46,34268.01,4637.89,17774197.2,87371497.7,436619423
4196.2,S,42,34277.79,4639.40,17774197.2,87371625.0,436619600
4197.2,S,42,34286.55,4640.84,17774197.2,87371626.0,436619610
4198.2,S,42,34295.28,4642.22,17774197.2,87371626.2,436619614
4199.2,S,42,34304.01,4643.64,17774197.2,87371626.6,436619616
4200.2,S,42,34312.63,4645.10,17774197.2,87371691.5,436619673
4201.2,S,42,34321.29,4646.67,17774197.2,87371691.7,436619675
4202.2,S,46,34332.00,4648.13,17774197.2,87371794.6,436619768
4203.2,S,42,34341.52,4649.69,17774197.2,87371891.8,436619877
4204.2,S,42,34350.06,4651.22,17774197.2,87371956.5,436619992
4205.2,S,42,34358.55,4652.74,17774197.2,87371974.7,436620024
4206.2,S,42,34367.08,4654.36,17774197.2,87371975.4,436620027
4207.2,S,42,34375.53,4655.79,17774197.2,87371975.5,436620028
4208.2,S,42,34384.11,4657.04,17774197.2,87371975.8,436620031
4209.2,S,46,34393.19,4658.28,17774197.2,87372078.4,436620295
4210.2,S,42,34402.22,4659.75,17774197.2,87372238.6,436620594
4211.2,S,42,34410.87,4661.19,17774197.2,87372239.9,436620606
4212.2,S,42,34419.41,4662.57,17774197.2,87372240.3,436620608
4213.2,S,42,34428.07,4663.97,17774197.2,87372240.5,436620617
4214.2,S,42,34436.74,4665.25,17774197.2,87372260.8,436620647
4215.2,S,42,34445.42,4666.70,17774197.2,87372305.4,436620718
4216.2,S,46,34454.14,4668.00,17774197.2,87372435.3,436620990
4217.2,S,42,34464.64,4669.60,17774197.2,87372531.7,436621145
4218.2,S,42,34473.53,4670.90,17774197.2,87372532.2,436621148
4219.2,S,42,34481.94,4672.49,17774197.2,87372532.5,436621151
4220.2,S,42,34490.43,4674.05,17774197.2,87372532.7,436621153
4221.2,S,42,34498.98,4675.54,17774197.2,87372597.4,436621218
4222.2,S,42,34507.74,4676.98,17774197.2,87372598.2,436621224
4223.2,S,46,34517.91,4678.41,17774197.2,87372701.4,436621317
4224.2,S,42,34527.89,4679.90,17774197.2,87372797.3,436621402
4225.2,S,42,34536.39,4681.29,17774197.2,87372862.0,436621475
4226.2,S,42,34545.19,4682.68,17774197.2,87372862.3,436621489
4227.2,S,42,34553.83,4684.17,17774197.2,87372862.9,436621492
4228.2,S,42,34562.50,4685.58,17774197.2,87372896.5,436621537
4229.2,S,42,34571.32,4686.95,17774197.2,87372897.3,436621539
4230.2,S,46,34580.22,4688.18,17774197.2,87373000.0,436621789
4231.2,S,42,34590.45,4689.83,17774197.2,87373096.2,436621954
4232.2,S,42,34599.22,4691.36,17774197.2,87373160.9,436622049
4233.2,S,42,34607.88,4692.93,17774197.2,87373161.2,436622053
4234.2,S,42,34616.61,4694.38,17774197.2,87373161.6,436622058
4235.2,S,42,34625.34,4695.74,17774197.2,87373162.1,436622060
4236.2,S,42,34634.05,4697.20,17774197.2,87373162.5,436622062
4237.2,S,46,34644.04,4698.63,17774197.2,87373329.7,436622351
4238.2,S,42,34652.01,4699.72,17774197.2,87373425.7,436622546
4239.2,S,42,34656.71,4700.68,17774197.2,87373459.2,436622613
4240.2,S,42,34662.23,4701.45,17774197.2,87373459.5,436622614
4241.2,S,42,34667.53,4702.25,17774197.2,87373460.1,436622616
4242.2,S,42,34672.88,4703.08,17774197.2,87373460.2,436622616
4243.2,S,42,34678.48,4703.84,17774197.2,87373460.7,436622620
4244.2,S,42,34683.87,4704.73,17774197.2,87373525.4,436622707
4245.2,S,42,34689.22,4705.57,17774197.2,87373525.5,436622709
4246.2,S,42,34694.60,4706.48,17774197.2,87373572.5,436622794
4247.2,S,42,34700.00,4707.37,17774197.2,87373621.6,436622894
4248.2,S,42,34705.30,4708.29,17774197.2,87373686.7,436622996
4249.2,S,42,34710.66,4709.15,17774197.2,87373707.7,436623030
4250.2,S,46,34717.33,4710.01,17774197.2,87373715.2,436623058
4251.2,S,44,34726.32,4711.08,17774197.2,87373763.4,436623147
4252.2,S,42,34731.49,4711.93,17774197.2,87373811.5,436623274
4253.2,S,42,34736.12,4712.73,17774197.2,87373811.9,436623276
4254.2,S,42,34740.75,4713.44,17774197.2,87373876.8,436623422
4255.2,S,42,34745.51,4714.11,17774197.2,87373876.9,436623424
4256.2,S,42,34750.24,4714.85,17774197.2,87373877.2,436623428
4257.2,S,42,34754.95,4715.68,17774197.2,87373964.0,436623570
4258.2,S,42,34759.63,4716.46,17774197.2,87373964.4,436623574
4259.2,S,42,34764.61,4717.29,17774197.2,87374033.8,436623666
4260.2,S,42,34770.05,4718.15,17774197.2,87374034.2,436623669
4261.2,S,42,34775.42,4719.00,17774197.2,87374034.3,436623671
4262.2,S,42,34780.85,4719.89,17774197.2,87374102.9,436623757
4263.2,S,42,34786.20,4720.82,17774197.2,87374167.5,436623813
4264.2,S,42,34791.61,4721.64,17774197.2,87374168.1,436623817
4265.3,S,42,34797.13,4722.53,17774197.2,87374168.7,436623820
4266.3,S,42,34802.66,4723.35,17774197.2,87374168.9,436623822
4267.3,S,46,34808.92,4724.31,17774197.2,87374236.8,436623886
4268.3,S,42,34816.37,4725.21,17774197.2,87374397.6,436624040
4269.3,S,42,34817.35,4725.23,17774197.2,87374397.6,436624041
4270.3,S,42,34818.34,4725.25,17774197.2,87374398.3,436624045
4271.3,S,42,34819.28,4725.28,17774197.2,87374450.3,436624090
4272.3,S,42,34820.25,4725.29,17774197.2,87374462.9,436624103
4273.3,S,42,34821.24,4725.31,17774197.2,87374463.0,436624104
4274.3,S,42,34822.23,4725.32,17774197.2,87374463.2,436624106
4275.3,S,42,34823.09,4725.34,17774197.2,87374527.7,436624237
4276.3,S,42,34824.07,4725.37,17774197.2,87374557.0,436624285
4277.3,S,42,34825.06,4725.38,17774197.2,87374557.3,436624285
4278.3,S,42,34825.86,4725.47,17774197.2,87374604.1,436624411
4279.3,S,42,34826.84,4725.48,17774197.2,87374604.5,436624417
4280.3,S,42,34827.83,4725.50,17774197.2,87374604.7,436624420
4281.3,S,42,34828.82,4725.51,17774197.2,87374605.5,436624425
4282.3,S,42,34829.66,4725.55,17774197.2,87374670.5,436624554
4283.3,S,42,34830.65,4725.56,17774197.2,87374697.8,436624588
4284.3,S,42,34831.63,4725.58,17774197.2,87374697.8,436624591
4285.3,S,42,34832.56,4725.61,17774197.2,87374735.3,436624645
4286.3,S,42,34833.50,4725.63,17774197.2,87374762.5,436624690
4287.3,S,42,34834.48,4725.65,17774197.2,87374763.1,436624693
4288.3,S,42,34835.47,4725.66,17774197.2,87374763.2,436624695
4289.3,S,42,34836.36,4725.69,17774197.2,87374827.9,436624789
4290.3,S,42,34837.34,4725.71,17774197.2,87374828.1,436624791
4291.3,S,42,34838.33,4725.72,17774197.2,87374828.3,436624794
4292.3,S,42,34839.21,4725.78,17774197.2,87374872.6,436624856
4293.3,S,42,34840.19,4725.80,17774197.2,87374882.8,436624872
4294.3,S,42,34841.17,4725.82,17774197.2,87374883.0,436624878
4295.3,S,42,34842.10,4725.85,17774197.2,87374922.1,436624934
4296.3,S,42,34843.05,4725.87,17774197.2,87374948.1,436624973
4297.3,S,42,34844.03,4725.88,17774197.2,87374948.2,436624974
4298.3,S,42,34845.02,4725.90,17774197.2,87374951.5,436624978
4299.3,S,42,34845.91,4725.92,17774197.2,87375016.1,436625076
4300.3,S,42,34846.90,4725.94,17774197.2,87375016.5,436625078
4301.3,S,42,34847.80,4725.99,17774197.2,87375047.3,436625130
4302.3,S,42,34848.80,4726.00,17774197.2,87375047.5,436625131
4303.3,S,42,34849.78,4726.01,17774197.2,87375047.9,436625132
4304.3,S,42,34850.76,4726.03,17774197.2,87375048.0,436625133
4305.3,S,42,34851.58,4726.05,17774197.2,87375112.6,436625299
4306.3,S,42,34852.57,4726.07,17774197.2,87375113.0,436625301
4307.3,S,42,34853.55,4726.09,17774197.2,87375113.0,436625301
4308.3,S,42,34854.48,4726.12,17774197.2,87375177.5,436625357
4309.3,S,42,34855.46,4726.14,17774197.2,87375178.0,436625362
4310.3,S,42,34856.44,4726.15,17774197.2,87375178.1,436625364
4311.3,S,42,34857.42,4726.18,17774197.2,87375178.4,436625368
4312.3,S,42,34858.34,4726.21,17774197.2,87375242.9,436625433
4313.3,S,42,34859.33,4726.22,17774197.2,87375243.1,436625437
4314.3,S,42,34860.31,4726.23,17774197.2,87375243.4,436625438
4315.3,S,42,34861.20,4726.31,17774197.2,87375296.7,436625487
4316.3,S,42,34862.19,4726.32,17774197.2,87375296.9,436625488
4317.3,S,42,34863.17,4726.34,17774197.2,87375297.3,436625492
4318.3,S,42,34864.16,4726.35,17774197.2,87375297.4,436625494
4319.3,S,42,34865.09,4726.37,17774197.2,87375362.0,436625551
4320.3,S,42,34866.08,4726.39,17774197.2,87375389.6,436625583
4321.3,S,42,34867.06,4726.41,17774197.2,87375389.8,436625587
4322.3,S,42,34867.98,4726.44,17774197.2,87375454.3,436625642
4323.3,S,42,34868.96,4726.46,17774197.2,87375454.7,436625644
4324.3,S,42,34869.95,4726.48,17774197.2,87375455.0,436625647
4325.3,S,42,34870.93,4726.50,17774197.2,87375455.8,436625651
4326.3,S,42,34871.80,4726.53,17774197.2,87375520.3,436625759
4327.3,S,42,34872.79,4726.54,17774197.2,87375520.5,436625762
4328.3,S,42,34873.65,4726.60,17774197.2,87375560.3,436625853
4329.3,S,42,34874.64,4726.61,17774197.2,87375560.8,436625856
4330.3,S,42,34875.62,4726.62,17774197.2,87375560.9,436625858
4331.3,S,42,34876.62,4726.63,17774197.2,87375561.4,436625864
4332.3,S,42,34877.41,4726.65,17774197.2,87375626.0,436626063
4333.3,S,42,34878.40,4726.67,17774197.2,87375626.1,436626064
4334.3,S,42,34879.39,4726.68,17774197.2,87375626.2,436626069
4335.3,S,42,34880.37,4726.70,17774197.2,87375626.9,436626076
4336.3,S,42,34881.26,4726.72,17774197.2,87375691.4,436626173
4337.3,S,42,34882.24,4726.74,17774197.2,87375691.6,436626174
4338.3,S,42,34883.23,4726.76,17774197.2,87375691.7,436626175
4339.3,S,42,34884.21,4726.78,17774197.2,87375691.9,436626178
4340.3,S,42,34885.04,4726.84,17774197.2,87375762.7,436626289
4341.3,S,42,34886.03,4726.86,17774197.2,87375763.2,436626293
4342.3,S,42,34887.01,4726.87,17774197.2,87375763.7,436626295
4343.3,S,42,34888.00,4726.89,17774197.2,87375763.9,436626300
4344.3,S,42,34888.87,4726.91,17774197.2,87375828.4,436626412
4345.3,S,42,34889.86,4726.92,17774197.2,87375828.5,436626413
4346.3,S,42,34890.85,4726.94,17774197.2,87375829.0,436626415
4347.3,S,42,34891.72,4726.96,17774197.2,87375893.8,436626532
4348.3,S,42,34892.70,4726.98,17774197.2,87375894.0,436626535
4349.3,S,42,34893.69,4727.00,17774197.2,87375894.1,436626536
4350.3,S,42,34894.66,4727.02,17774197.2,87375894.3,436626539
4351.3,S,42,34895.53,4727.05,17774197.2,87375958.7,436626651
4352.3,S,42,34896.52,4727.07,17774197.2,87375959.6,436626656
4353.3,S,42,34897.41,4727.13,17774197.2,87375987.4,436626707
4354.3,S,42,34898.40,4727.15,17774197.2,87375987.7,436626710
4355.3,S,42,34899.38,4727.16,17774197.2,87375988.0,436626713
4356.3,S,42,34900.26,4727.18,17774197.2,87376052.4,436626825
4357.3,S,42,34901.24,4727.20,17774197.2,87376052.9,436626828
4358.3,S,42,34902.22,4727.22,17774197.2,87376053.1,436626829
4359.3,S,42,34903.21,4727.23,17774197.2,87376053.3,436626830
4360.3,S,42,34904.00,4727.25,17774197.2,87376117.8,436627027
4361.3,S,42,34904.98,4727.27,17774197.2,87376118.0,436627029
4362.3,S,42,34905.97,4727.29,17774197.2,87376118.1,436627029
4363.3,S,42,34906.95,4727.30,17774197.2,87376118.5,436627031
4364.3,S,42,34907.79,4727.36,17774197.2,87376181.3,436627142
4365.3,S,42,34908.78,4727.37,17774197.2,87376181.5,436627143
4366.3,S,42,34909.77,4727.39,17774197.2,87376181.6,436627144
4367.3,S,42,34910.70,4727.41,17774197.2,87376218.4,436627199
4368.3,S,42,34911.63,4727.42,17774197.2,87376246.2,436627257
4369.3,S,42,34912.61,4727.44,17774197.2,87376247.0,436627262
4370.3,S,42,34913.60,4727.45,17774197.2,87376247.1,436627264
4371.3,S,42,34914.50,4727.47,17774197.2,87376311.7,436627362
4372.3,S,42,34915.48,4727.49,17774197.2,87376311.7,436627364
4373.3,S,42,34916.40,4727.53,17774197.2,87376341.9,436627413
4374.3,S,42,34917.38,4727.55,17774197.2,87376342.4,436627414
4375.3,S,42,34918.38,4727.55,17774197.2,87376342.6,436627416
4376.3,S,42,34919.30,4727.57,17774197.2,87376372.5,436627490
4377.3,S,42,34920.23,4727.58,17774197.2,87376407.2,436627550
4378.3,S,42,34921.21,4727.60,17774197.2,87376407.3,436627552
4379.3,S,42,34922.20,4727.61,17774197.2,87376407.8,436627557
4380.3,S,42,34923.09,4727.64,17774197.2,87376472.5,436627655
4381.3,S,42,34924.07,4727.66,17774197.2,87376472.7,436627659
4382.3,S,42,34925.06,4727.67,17774197.2,87376472.8,436627661
4383.3,S,42,34926.05,4727.67,17774197.2,87376472.9,436627665
4384.4,S,42,34926.93,4727.70,17774197.2,87376537.6,436627780
4385.4,S,42,34927.93,4727.71,17774197.2,87376538.2,436627784
4386.4,S,42,34928.91,4727.73,17774197.2,87376538.2,436627785
4387.4,S,42,34929.90,4727.74,17774197.2,87376538.6,436627787
4388.4,S,42,34930.74,4727.82,17774197.2,87376603.1,436627888
4389.4,S,42,34931.72,4727.84,17774197.2,87376603.2,436627892
4390.4,S,42,34932.70,4727.85,17774197.2,87376603.6,436627894
4391.4,S,42,34933.61,4727.88,17774197.2,87376668.1,436627976
4392.4,S,42,34934.59,4727.89,17774197.2,87376668.2,436627977
4393.4,S,42,34935.56,4727.92,17774197.2,87376668.7,436627978
4394.4,S,42,34936.55,4727.94,17774197.2,87376668.8,436627979
4395.4,S,42,34937.48,4727.97,17774197.2,87376733.6,436628036
4396.4,S,42,34938.45,4727.99,17774197.2,87376733.6,436628038
4397.4,S,42,34939.44,4728.01,17774197.2,87376733.8,436628041
4398.4,S,42,34940.37,4728.03,17774197.2,87376798.6,436628100
4399.4,S,42,34941.36,4728.05,17774197.2,87376798.8,436628102
4400.4,S,42,34942.27,4728.11,17774197.2,87376828.6,436628130
4401.4,S,57,34944.92,4728.17,17774197.2,87376828.7,436628134
4402.4,S,57,34960.67,4728.43,17774197.2,87376829.6,436628141
4403.4,S,57,34976.45,4728.66,17774197.2,87376830.6,436628147
4404.4,S,57,34992.19,4728.93,17774197.2,87376830.6,436628147
4405.4,S,57,35007.40,4729.21,17774197.2,87377007.2,436628344
4406.4,S,57,35015.08,4729.49,17774197.2,87377537.5,436629345
4407.4,S,57,35028.17,4729.72,17774197.2,87377714.9,436629682
4408.4,S,57,35043.61,4729.97,17774197.2,87377889.5,436630031
4409.4,S,57,35059.39,4730.20,17774197.2,87377894.1,436630038
4410.4,S,57,35074.80,4730.47,17774197.2,87378053.7,436630304
4411.4,S,57,35090.05,4730.75,17774197.2,87378452.4,436630768
4412.4,S,57,35103.82,4731.06,17774197.2,87378810.5,436631457
4413.4,S,57,35119.34,4731.30,17774197.2,87378978.8,436631695
4414.4,S,57,35134.99,4731.53,17774197.2,87379069.7,436631856
4415.4,S,57,35150.04,4731.79,17774197.2,87379337.4,436632318
4416.4,S,57,35163.71,4732.06,17774197.2,87379596.1,436632861
4417.4,S,57,35178.23,4732.37,17774197.2,87379921.7,436633273
4418.4,S,57,35193.84,4732.63,17774197.2,87380101.9,436633446
4419.4,S,57,35209.42,4732.90,17774197.2,87380218.6,436633637
4420.4,S,57,35223.30,4733.15,17774197.2,87380486.9,436634133
4421.4,S,57,35238.08,4733.42,17774197.2,87380731.7,436634603
4422.4,S,57,35253.73,4733.70,17774197.2,87380851.5,436634709
4423.4,S,57,35269.06,4733.99,17774197.2,87381195.5,436635164
4424.4,S,57,35284.64,4734.26,17774197.2,87381317.9,436635347
4425.4,S,57,35299.99,4734.53,17774197.2,87381642.4,436635887
4426.4,S,56,35311.26,4734.78,17774197.2,87381867.7,436636442
4427.4,S,56,35325.74,4735.02,17774197.2,87381987.5,436636618
4428.4,S,56,35340.21,4735.27,17774197.2,87382165.7,436636943
4429.4,S,51,35352.76,4735.56,17774197.2,87382614.6,436637416
4430.4,S,44,35356.70,4735.69,17774197.2,87382932.7,436638050
4431.4,S,42,35357.67,4736.55,17774197.2,87383014.2,436638209
4432.4,S,42,35366.34,4738.09,17774197.2,87383015.6,436638214
4433.4,S,42,35374.99,4739.45,17774197.2,87383015.8,436638218
4434.4,S,42,35383.94,4740.81,17774197.2,87383016.2,436638219
4435.4,S,42,35392.74,4742.17,17774197.2,87383016.4,436638221
4436.4,S,42,35401.36,4743.67,17774197.2,87383080.9,436638341
4437.4,S,42,35409.99,4745.04,17774197.2,87383086.2,436638383
4438.4,S,46,35421.11,4746.58,17774197.2,87383130.5,436638480
4439.4,S,42,35430.09,4748.12,17774197.2,87383226.8,436638640
4440.4,S,42,35438.95,4749.62,17774197.2,87383227.1,436638642
4441.4,S,42,35447.77,4751.06,17774197.2,87383227.6,436638646
4442.4,S,42,35456.26,4752.40,17774197.2,87383292.1,436638789
4443.4,S,42,35464.97,4753.87,17774197.2,87383292.3,436638791
4444.4,S,46,35472.50,4755.03,17774197.2,87383342.5,436638995
4445.4,S,46,35484.18,4756.61,17774197.2,87383391.0,436639116
4446.4,S,42,35492.79,4758.15,17774197.2,87383490.0,436639278
4447.4,S,42,35501.40,4759.43,17774197.2,87383490.0,436639279
4448.4,S,42,35510.10,4760.84,17774197.2,87383490.2,436639282
4449.4,S,42,35518.81,4762.18,17774197.2,87383490.3,436639284
4450.4,S,42,35527.55,4763.58,17774197.2,87383555.3,436639382
4451.4,S,46,35536.25,4764.87,17774197.2,87383631.4,436639529
4452.4,S,42,35547.52,4766.44,17774197.2,87383727.4,436639680
4453.4,S,42,35556.16,4767.90,17774197.2,87383727.5,436639681
4454.4,S,42,35564.98,4769.29,17774197.2,87383744.4,436639705
4455.4,S,42,35573.44,4770.72,17774197.2,87383790.4,436639780
4456.4,S,42,35582.43,4772.02,17774197.2,87383791.0,436639782
4457.4,S,42,35591.25,4773.25,17774197.2,87383791.4,436639786
4458.4,S,46,35601.14,4774.67,17774197.2,87383892.6,436639884
4459.4,S,42,35611.39,4776.28,17774197.2,87384052.9,436640027
4460.4,S,42,35620.05,4777.57,17774197.2,87384053.0,436640029
4461.4,S,42,35628.70,4779.05,17774197.2,87384053.2,436640033
4462.4,S,42,35637.42,4780.39,17774197.2,87384054.2,436640040
4463.4,S,42,35645.92,4781.80,17774197.2,87384112.0,436640091
4464.4,S,42,35654.57,4783.20,17774197.2,87384112.2,436640094
4465.4,S,46,35664.19,4784.66,17774197.2,87384215.3,436640267
4466.4,S,42,35674.09,4786.12,17774197.2,87384311.4,436640438
4467.4,S,42,35682.91,4787.53,17774197.2,87384374.5,436640581
4468.4,S,42,35689.72,4788.73,17774197.6,87384590.3,436641083
4469.4,S,42,35698.58,4790.35,17774200.9,87384590.7,436641148
4470.4,S,42,35707.17,4791.71,17774201.7,87384590.9,436641151
4471.4,S,42,35715.48,4793.18,17774201.7,87384669.6,436641296
4472.4,S,46,35725.39,4794.69,17774201.7,87384685.9,436641338
4473.4,S,42,35736.00,4796.20,17774201.7,87384781.7,436641486
4474.4,S,42,35744.70,4797.65,17774201.7,87384781.9,436641490
4475.4,S,42,35753.50,4798.97,17774201.7,87384782.0,436641492
4476.4,S,42,35762.09,4800.46,17774201.7,87384847.4,436641617
4477.4,S,42,35770.93,4801.94,17774201.7,87384847.6,436641619
4478.4,S,42,35779.60,4803.59,17774201.7,87384847.8,436641628
4479.4,S,46,35790.60,4805.24,17774201.7,87384877.8,436641723
4480.4,S,42,35800.06,4806.61,17774201.7,87384973.7,436641876
4481.4,S,42,35808.41,4807.96,17774201.7,87385038.3,436642086
4482.4,S,42,35817.12,4809.33,17774201.7,87385038.9,436642087
4483.4,S,42,35825.83,4810.79,17774201.7,87385039.0,436642088
4484.4,S,42,35834.64,4812.22,17774201.7,87385039.2,436642090
4485.4,S,46,35842.42,4813.42,17774201.7,87385159.1,436642324
4486.4,S,46,35854.58,4815.01,17774201.7,87385219.2,436642418
4487.4,S,42,35863.00,4816.44,17774201.7,87385267.5,436642510
4488.4,S,42,35871.77,4817.96,17774201.7,87385268.5,436642514
4489.4,S,42,35880.52,4819.35,17774201.7,87385268.8,436642520
4490.4,S,42,35889.29,4820.69,17774201.7,87385269.0,436642522
4491.4,S,42,35897.79,4822.02,17774201.7,87385333.6,436642624
4492.4,S,46,35906.18,4823.39,17774201.7,87385414.8,436642699
4493.4,S,44,35918.26,4825.25,17774201.7,87385464.1,436642748
4494.4,S,42,35927.03,4826.75,17774201.7,87385511.5,436642792
4495.4,S,42,35935.58,4828.25,17774201.7,87385576.0,436642848
4496.4,S,42,35944.46,4829.55,17774201.7,87385576.3,436642850
4497.4,S,42,35953.16,4830.91,17774201.7,87385576.4,436642851
4498.4,S,42,35961.72,4832.28,17774201.7,87385576.6,436642853
4499.4,S,46,35969.79,4833.64,17774201.7,87385734.7,436643064
4500.4,S,43,35981.55,4835.17,17774201.7,87385830.8,436643215
4501.4,S,42,35990.34,4836.57,17774201.7,87385831.0,436643217
4502.4,S,42,35998.93,4838.06,17774201.7,87385831.3,436643220
4503.4,S,42,36007.27,4839.54,17774201.7,87385923.7,436643448
4504.4,S,42,36015.96,4841.09,17774201.7,87385924.4,436643450
4505.4,S,42,36024.67,4842.55,17774201.7,87385925.2,436643452
4506.4,S,46,36033.62,4843.77,17774201.7,87386028.0,436643608
4507.4,S,43,36044.08,4845.22,17774201.7,87386100.0,436643823
4508.5,S,42,36052.70,4846.78,17774201.7,87386188.7,436644079
4509.5,S,42,36061.41,4848.24,17774201.7,87386188.9,436644081
4510.5,S,42,36070.06,4849.56,17774201.7,87386189.6,436644084
4511.5,S,42,36078.53,4851.06,17774201.7,87386234.7,436644176
4512.5,S,42,36087.26,4852.58,17774201.7,87386235.2,436644180
4513.5,S,46,36096.37,4853.90,17774201.7,87386337.8,436644328
4514.5,S,42,36107.10,4855.48,17774201.7,87386433.7,436644416
4515.5,S,42,36116.00,4856.79,17774201.7,87386433.8,436644418
4516.5,S,42,36124.52,4858.29,17774201.7,87386498.8,436644480
4517.5,S,42,36133.18,4859.73,17774201.7,87386499.3,436644482
4518.5,S,42,36142.04,4861.07,17774201.7,87386499.5,436644484
4519.5,S,42,36150.71,4862.53,17774201.7,87386499.7,436644485
4520.5,S,46,36161.16,4864.15,17774201.7,87386667.2,436644661
4521.5,S,42,36170.25,4865.55,17774201.7,87386763.3,436644886
4522.5,S,42,36179.12,4866.94,17774201.7,87386764.1,436644889
4523.5,S,42,36187.89,4868.48,17774201.7,87386764.5,436644891
4524.5,S,42,36196.47,4869.99,17774201.7,87386829.1,436644996
4525.5,S,42,36204.87,4871.45,17774201.7,87386838.0,436645012
4526.5,S,42,36213.40,4872.79,17774201.7,87386863.7,436645059
4527.5,S,46,36223.86,4874.13,17774201.7,87386941.6,436645231
4528.5,S,42,36233.10,4875.63,17774201.7,87387038.2,436645470
4529.5,S,42,36241.60,4877.15,17774201.7,87387102.7,436645595
4530.5,S,42,36250.30,4878.57,17774201.7,87387103.0,436645596
4531.5,S,42,36258.96,4879.98,17774201.7,87387103.5,436645601
4532.5,S,42,36267.58,4881.49,17774201.7,87387103.9,436645605
4533.5,S,42,36275.96,4882.85,17774201.7,87387130.6,436645652
4534.5,S,46,36286.87,4884.23,17774201.7,87387271.7,436645943
4535.5,S,42,36295.61,4885.58,17774201.7,87387367.5,436646082
4536.5,S,42,36304.40,4887.11,17774201.7,87387405.7,436646151
4537.5,S,42,36312.95,4888.65,17774201.7,87387406.2,436646161
4538.5,S,42,36321.69,4890.05,17774201.7,87387406.7,436646163
4539.5,S,42,36330.38,4891.45,17774201.7,87387406.9,436646164
4540.5,S,42,36337.44,4892.46,17774201.7,87387484.6,436646358
4541.5,S,46,36348.61,4893.98,17774201.7,87387575.0,436646581
4542.5,S,42,36355.04,4894.92,17774201.7,87387671.1,436646782
4543.5,S,42,36359.78,4895.67,17774201.7,87387671.3,436646785
4544.5,S,42,36364.44,4896.52,17774201.7,87387671.6,436646787
4545.5,S,42,36369.11,4897.27,17774201.7,87387736.5,436646894
4546.5,S,42,36373.78,4898.06,17774201.7,87387736.7,436646895
4547.5,S,42,36378.46,4898.90,17774201.7,87387736.9,436646899
4548.5,S,42,36383.19,4899.73,17774201.7,87387737.1,436646901
4549.5,S,42,36387.85,4900.44,17774201.7,87387753.3,436646927
4550.5,S,42,36392.58,4901.26,17774201.7,87387802.4,436647052
4551.5,S,42,36397.56,4902.15,17774201.7,87387824.4,436647074
4552.5,S,42,36403.04,4902.97,17774201.7,87387824.7,436647076
4553.5,S,42,36408.38,4903.90,17774201.7,87387921.7,436647159
4554.5,S,42,36413.93,4904.69,17774201.7,87387921.9,436647160
4555.5,S,42,36419.44,4905.55,17774201.7,87387986.7,436647217
4556.5,S,46,36425.80,4906.45,17774201.7,87387992.9,436647235
4557.5,S,42,36433.56,4907.38,17774201.7,87388088.9,436647321
4558.5,S,42,36437.93,4907.97,17774201.7,87388168.1,436647386
4559.5,S,42,36442.02,4908.65,17774201.7,87388168.4,436647387
4560.5,S,42,36446.17,4909.25,17774201.7,87388233.3,436647487
4561.5,S,42,36450.28,4909.97,17774201.7,87388233.5,436647491
4562.5,S,42,36454.34,4910.80,17774201.7,87388264.9,436647538
4563.5,S,42,36459.04,4911.62,17774201.7,87388265.3,436647540
4564.5,S,42,36463.76,4912.42,17774201.7,87388265.6,436647542
4565.5,S,42,36468.49,4913.27,17774201.7,87388265.8,436647545
4566.5,S,42,36473.25,4914.02,17774201.7,87388266.3,436647546
4567.5,S,42,36477.93,4914.80,17774201.7,87388331.0,436647651
4568.5,S,42,36482.67,4915.51,17774201.7,87388397.4,436647742
4569.5,S,42,36487.26,4916.36,17774201.7,87388397.7,436647744
4570.5,S,42,36491.94,4917.20,17774201.7,87388397.8,436647744
4571.5,S,42,36496.63,4918.03,17774201.7,87388462.8,436647861
4572.5,S,42,36501.36,4918.78,17774201.7,87388462.9,436647861
4573.5,S,42,36506.13,4919.49,17774201.7,87388510.5,436647925
4574.5,S,42,36510.88,4920.26,17774201.7,87388510.7,436647926
4575.5,S,42,36515.56,4921.11,17774201.7,87388574.9,436648059
4576.5,S,46,36521.96,4922.00,17774201.7,87388598.8,436648124
4577.5,S,43,36529.73,4922.80,17774201.7,87388681.0,436648390
4578.5,S,42,36531.03,4922.88,17774201.7,87388694.9,436648419
4579.5,S,42,36531.87,4922.95,17774201.7,87388747.0,436648529
4580.5,S,42,36532.85,4922.96,17774201.7,87388747.2,436648531
4581.5,S,42,36533.84,4922.98,17774201.7,87388747.4,436648533
4582.5,S,42,36534.82,4923.00,17774201.7,87388751.5,436648540
4583.5,S,42,36535.72,4923.02,17774201.7,87388812.4,436648630
4584.5,S,42,36536.70,4923.04,17774201.7,87388812.4,436648632
4585.5,S,42,36537.69,4923.05,17774201.7,87388812.7,436648642
4586.5,S,42,36538.54,4923.08,17774201.7,87388877.3,436648775
4587.5,S,42,36539.49,4923.09,17774201.7,87388890.1,436648817
4588.5,S,42,36540.32,4923.14,17774201.7,87388897.7,436648939
4589.5,S,42,36541.30,4923.16,17774201.7,87388925.3,436648975
4590.5,S,42,36542.29,4923.18,17774201.7,87388925.7,436648977
4591.5,S,42,36543.18,4923.20,17774201.7,87388990.2,436649071
4592.5,S,42,36544.17,4923.21,17774201.7,87388990.6,436649077
4593.5,S,42,36545.16,4923.23,17774201.7,87388991.2,436649081
4594.5,S,42,36546.14,4923.24,17774201.7,87388991.4,436649082
4595.5,S,42,36547.02,4923.27,17774201.7,87389056.0,436649189
4596.5,S,42,36548.01,4923.28,17774201.7,87389056.2,436649191
4597.5,S,42,36548.99,4923.30,17774201.7,87389056.4,436649195
4598.5,S,42,36549.98,4923.32,17774201.7,87389056.7,436649197
4599.5,S,42,36550.82,4923.37,17774201.7,87389144.6,436649348
4600.5,S,42,36551.78,4923.41,17774201.7,87389144.9,436649352
4601.5,S,42,36552.77,4923.43,17774201.7,87389145.1,436649352
4602.5,S,42,36553.75,4923.44,17774201.7,87389145.2,436649353
4603.5,S,42,36554.64,4923.46,17774201.7,87389210.1,436649455
4604.5,S,42,36555.62,4923.48,17774201.7,87389216.2,436649464
4605.5,S,42,36556.60,4923.50,17774201.7,87389216.3,436649468
4606.5,S,42,36557.59,4923.52,17774201.7,87389216.5,436649470
4607.5,S,42,36558.44,4923.55,17774201.7,87389280.9,436649597
4608.5,S,42,36559.42,4923.57,17774201.7,87389281.3,436649601
4609.5,S,42,36560.32,4923.62,17774201.7,87389312.6,436649657
4610.5,S,42,36561.30,4923.64,17774201.7,87389312.6,436649659
4611.5,S,42,36562.28,4923.67,17774201.7,87389312.8,436649663
4612.5,S,42,36563.20,4923.69,17774201.7,87389377.3,436649732
4613.5,S,42,36564.18,4923.71,17774201.7,87389377.7,436649736
4614.5,S,42,36565.16,4923.73,17774201.7,87389378.2,436649741
4615.5,S,42,36566.14,4923.75,17774201.7,87389378.2,436649741
4616.5,S,42,36567.08,4923.77,17774201.7,87389442.7,436649796
4617.5,S,42,36568.06,4923.79,17774201.7,87389442.9,436649797
4618.5,S,42,36569.05,4923.80,17774201.7,87389442.9,436649797
4619.5,S,42,36570.04,4923.81,17774201.7,87389443.3,436649797
4620.5,S,42,36570.92,4923.88,17774201.7,87389511.1,436649861
4621.5,S,42,36571.91,4923.89,17774201.7,87389511.1,436649861
4622.5,S,42,36572.89,4923.91,17774201.7,87389511.2,436649863
4623.5,S,42,36573.83,4923.94,17774201.7,87389575.7,436649921
4624.5,S,42,36574.81,4923.95,17774201.7,87389576.0,436649921
4625.5,S,42,36575.79,4923.97,17774201.7,87389576.6,436649926
4626.5,S,42,36576.78,4923.99,17774201.7,87389576.8,436649932
4627.5,S,42,36577.70,4924.02,17774201.7,87389641.3,436649986
4628.5,S,42,36578.69,4924.03,17774201.7,87389641.4,436649989
4629.5,S,42,36579.67,4924.05,17774201.7,87389641.5,436649993
4630.5,S,42,36580.58,4924.11,17774201.7,87389699.9,436650049
4631.6,S,42,36581.56,4924.13,17774201.7,87389700.6,436650049
4632.6,S,42,36582.54,4924.15,17774201.7,87389700.6,436650051
4633.6,S,42,36583.53,4924.16,17774201.7,87389700.8,436650055
4634.6,S,42,36584.35,4924.19,17774201.7,87389765.6,436650229
4635.6,S,42,36585.34,4924.20,17774201.7,87389765.8,436650231
4636.6,S,42,36586.32,4924.22,17774201.7,87389766.3,436650231
4637.6,S,42,36587.31,4924.23,17774201.7,87389766.5,436650236
4638.6,S,42,36588.16,4924.24,17774201.7,87389831.1,436650385
4639.6,S,42,36589.15,4924.26,17774201.7,87389831.3,436650389
4640.6,S,42,36590.12,4924.28,17774201.7,87389831.5,436650395
4641.6,S,42,36591.11,4924.29,17774201.7,87389831.9,436650396
4642.6,S,42,36592.00,4924.32,17774201.7,87389896.6,436650494
4643.6,S,42,36592.88,4924.37,17774201.7,87389920.1,436650567
4644.6,S,42,36593.87,4924.38,17774201.7,87389920.3,436650573
4645.6,S,42,36594.86,4924.40,17774201.7,87389920.3,436650573
4646.6,S,42,36595.84,4924.42,17774201.7,87389920.5,436650582
4647.6,S,42,36596.73,4924.44,17774201.7,87389985.5,436650676
4648.6,S,42,36597.72,4924.46,17774201.7,87389985.7,436650686
4649.6,S,42,36598.70,4924.47,17774201.7,87389985.7,436650686
4650.6,S,42,36599.56,4924.51,17774201.7,87390050.2,436650812
4651.6,S,42,36600.55,4924.53,17774201.7,87390050.4,436650814
4652.6,S,42,36601.53,4924.54,17774201.7,87390050.6,436650822
4653.6,S,42,36602.51,4924.56,17774201.7,87390050.9,436650827
4654.6,S,42,36603.40,4924.59,17774201.7,87390115.9,436650923
4655.6,S,42,36604.38,4924.60,17774201.7,87390116.0,436650924
4656.6,S,42,36605.37,4924.62,17774201.7,87390116.1,436650925
4657.6,S,42,36606.35,4924.64,17774201.7,87390116.2,436650927
4658.6,S,42,36607.23,4924.67,17774201.7,87390180.8,436651031
4659.6,S,42,36608.22,4924.68,17774201.7,87390181.3,436651033
4660.6,S,42,36609.21,4924.70,17774201.7,87390181.5,436651036
4661.6,S,42,36609.96,4924.79,17774201.7,87390242.4,436651205
4662.6,S,42,36610.94,4924.80,17774201.7,87390242.8,436651207
4663.6,S,42,36611.93,4924.82,17774201.7,87390242.9,436651209
4664.6,S,42,36612.91,4924.83,17774201.7,87390243.2,436651212
4665.6,S,42,36613.68,4924.85,17774201.7,87390307.9,436651438
4666.6,S,42,36614.67,4924.86,17774201.7,87390308.1,436651442
4667.6,S,42,36615.65,4924.88,17774201.7,87390308.2,436651443
4668.6,S,42,36616.64,4924.90,17774201.7,87390308.4,436651447
4669.6,S,42,36617.52,4924.92,17774201.7,87390373.0,436651553
4670.6,S,42,36618.50,4924.94,17774201.7,87390373.6,436651557
4671.6,S,42,36619.49,4924.96,17774201.7,87390373.9,436651558
4672.6,S,42,36620.41,4924.98,17774201.7,87390421.9,436651621
4673.6,S,42,36621.37,4925.00,17774201.7,87390438.6,436651649
4674.6,S,42,36622.35,4925.02,17774201.7,87390438.8,436651653
4675.6,S,42,36623.23,4925.09,17774201.7,87390482.5,436651714
4676.6,S,42,36624.21,4925.10,17774201.7,87390483.2,436651762
4677.6,S,42,36625.21,4925.11,17774201.7,87390483.6,436651764
4678.6,S,42,36626.19,4925.12,17774201.7,87390483.8,436651768
4679.6,S,42,36627.10,4925.14,17774201.7,87390548.3,436651855
4680.6,S,42,36628.05,4925.17,17774201.7,87390560.7,436651877
4681.6,S,42,36629.03,4925.19,17774201.7,87390561.2,436651884
4682.6,S,42,36630.01,4925.21,17774201.7,87390561.3,436651885
4683.6,S,42,36630.84,4925.23,17774201.7,87390626.0,436652039
4684.6,S,42,36631.83,4925.25,17774201.7,87390626.2,436652043
4685.6,S,42,36632.82,4925.26,17774201.7,87390626.3,436652045
4686.6,S,42,36633.80,4925.28,17774201.7,87390626.4,436652048
4687.6,S,42,36634.66,4925.30,17774201.7,87390691.2,436652172
4688.6,S,42,36635.65,4925.32,17774201.7,87390691.6,436652180
4689.6,S,42,36636.63,4925.34,17774201.7,87390691.7,436652182
4690.6,S,42,36637.61,4925.36,17774201.7,87390691.9,436652185
4691.6,S,42,36638.51,4925.38,17774201.7,87390756.4,436652268
4692.6,S,42,36639.43,4925.44,17774201.7,87390778.1,436652303
4693.6,S,42,36640.41,4925.45,17774201.7,87390778.4,436652305
4694.6,S,42,36641.40,4925.47,17774201.7,87390778.9,436652308
4695.6,S,42,36642.38,4925.49,17774201.7,87390779.0,436652315
4696.6,S,42,36643.28,4925.51,17774201.7,87390843.5,436652405
4697.6,S,42,36644.26,4925.53,17774201.7,87390843.6,436652406
4698.6,S,42,36645.25,4925.54,17774201.7,87390844.2,436652408
4699.6,S,42,36646.04,4925.57,17774201.7,87390908.7,436652605
4700.6,S,42,36647.03,4925.58,17774201.7,87390909.1,436652609
4701.6,S,42,36648.01,4925.59,17774201.7,87390909.1,436652609
4702.6,S,42,36649.00,4925.61,17774201.7,87390909.3,436652611
4703.6,S,42,36649.92,4925.64,17774201.7,87390973.8,436652675
4704.6,S,42,36650.85,4925.69,17774201.7,87390995.4,436652697
4705.6,S,42,36651.83,4925.71,17774201.7,87390995.6,436652698
4706.6,S,42,36652.82,4925.72,17774201.7,87390996.0,436652700
4707.6,S,42,36653.80,4925.74,17774201.7,87390996.1,436652700
4708.6,S,42,36654.73,4925.77,17774201.7,87391060.6,436652759
4709.6,S,42,36655.71,4925.78,17774201.7,87391061.1,436652762
4710.6,S,42,36656.69,4925.80,17774201.7,87391061.3,436652763
4711.6,S,42,36657.68,4925.82,17774201.7,87391061.4,436652764
4712.6,S,42,36658.59,4925.85,17774201.7,87391126.1,436652830
4713.6,S,42,36659.58,4925.87,17774201.7,87391126.4,436652837
4714.6,S,42,36660.56,4925.89,17774201.7,87391126.6,436652842
4715.6,S,42,36661.49,4925.91,17774201.7,87391191.6,436652902
4716.6,S,42,36662.42,4925.97,17774201.7,87391208.0,436652918
4717.6,S,42,36663.40,4925.98,17774201.7,87391208.3,436652920
4718.6,S,42,36664.38,4926.01,17774201.7,87391208.3,436652920
4719.6,S,42,36665.36,4926.02,17774201.7,87391208.8,436652927
4720.6,S,42,36666.16,4926.05,17774201.7,87391273.2,436653116
4721.6,S,42,36667.15,4926.06,17774201.7,87391273.7,436653119
4722.6,S,42,36668.14,4926.07,17774201.7,87391273.8,436653119
4723.6,S,42,36669.12,4926.09,17774201.7,87391274.1,436653121
4724.6,S,42,36669.88,4926.11,17774201.7,87391338.4,436653356
4725.6,S,42,36670.86,4926.12,17774201.7,87391338.9,436653362
4726.6,S,42,36671.84,4926.14,17774201.7,87391338.9,436653362
4727.6,S,42,36672.83,4926.16,17774201.7,87391339.5,436653367
4728.6,S,42,36673.72,4926.19,17774201.7,87391404.1,436653462
4729.6,S,42,36674.70,4926.21,17774201.7,87391404.2,436653467
4730.6,S,42,36675.68,4926.23,17774201.7,87391404.4,436653467
4731.6,S,42,36676.55,4926.29,17774201.7,87391463.1,436653559
4732.6,S,57,36681.88,4926.39,17774201.7,87391463.3,436653559
4733.6,S,57,36697.66,4926.62,17774201.7,87391464.2,436653564
4734.6,S,57,36713.43,4926.85,17774201.7,87391464.2,436653564
4735.6,S,57,36729.24,4927.06,17774201.7,87391493.3,436653622
4736.6,S,57,36743.41,4927.31,17774201.7,87391731.7,436653985
4737.6,S,57,36754.69,4927.58,17774201.7,87392178.1,436654723
4738.6,S,57,36768.95,4927.85,17774201.7,87392503.7,436655329
4739.6,S,57,36784.69,4928.07,17774201.7,87392597.1,436655410
4740.6,S,57,36800.43,4928.30,17774201.7,87392644.4,436655450
4741.6,S,57,36815.53,4928.55,17774201.7,87392892.2,436655723
4742.6,S,57,36830.21,4928.86,17774201.7,87393221.7,436656310
4743.6,S,57,36844.15,4929.13,17774201.7,87393523.1,436656821
4744.6,S,57,36859.75,4929.41,17774201.7,87393730.6,436657003
4745.6,S,57,36875.47,4929.67,17774201.7,87393784.9,436657055
4746.6,S,57,36891.07,4929.92,17774201.7,87393892.1,436657230
4747.6,S,57,36902.50,4930.20,17774201.7,87394424.9,436658177
4748.6,S,57,36917.92,4930.45,17774201.7,87394599.6,436658560
4749.6,S,57,36932.92,4930.72,17774201.7,87394785.0,436658882
4750.6,S,57,36948.31,4930.99,17774201.7,87394968.5,436659276
4751.6,S,57,36963.94,4931.27,17774201.7,87395101.9,436659412
4752.6,S,57,36978.08,4931.54,17774201.7,87395560.3,436659935
4753.6,S,57,36993.52,4931.79,17774201.7,87395727.3,436660294
4754.6,S,57,37008.67,4932.05,17774201.7,87395869.1,436660606
4755.6,S,57,37024.21,4932.31,17774201.7,87395978.4,436660810
4756.7,S,57,37035.76,4932.54,17774201.7,87396411.0,436661669
4757.7,S,56,37049.62,4932.84,17774201.7,87396685.5,436662040
4758.7,S,56,37064.29,4933.09,17774201.7,87396814.5,436662152
4759.7,S,56,37079.04,4933.31,17774201.7,87396888.8,436662217
4760.7,S,51,37089.78,4933.53,17774201.7,87397198.5,436662799
4761.8,S,42,37090.92,4933.96,17774201.7,87397636.8,436663569
4762.8,S,42,37095.05,4935.18,17774201.7,87397636.8,436663569
4763.8,S,42,37103.60,4936.60,17774201.7,87397638.9,436663578
4764.8,S,42,37112.19,4938.12,17774201.7,87397638.9,436663578
4765.8,S,42,37120.80,4939.60,17774201.7,87397639.3,436663591
4766.8,S,42,37129.22,4941.06,17774201.7,87397704.0,436663763
4767.8,S,42,37137.92,4942.48,17774201.7,87397704.4,436663768
4768.8,S,46,37146.80,4943.95,17774207.7,87397728.5,436663840
4769.8,S,44,37157.38,4945.34,17774214.7,87397779.2,436664066
4770.8,S,42,37165.71,4946.66,17774222.5,87397826.2,436664156
4771.8,S,42,37174.21,4948.16,17774229.0,87397891.1,436664282
4772.8,S,42,37182.77,4949.76,17774236.8,87397891.5,436664306
4773.8,S,42,37191.46,4951.20,17774245.3,87397891.7,436664327
4774.8,S,42,37200.21,4952.57,17774254.3,87397892.5,436664347
4775.8,S,46,37209.27,4954.08,17774262.3,87397993.6,436664529
4776.8,S,42,37220.48,4955.68,17774270.1,87398089.7,436664671
4777.8,S,42,37229.28,4957.17,17774278.2,87398090.3,436664677
4778.8,S,42,37237.85,4958.69,17774286.6,87398090.4,436664686
4779.8,S,42,37246.44,4960.16,17774294.3,87398155.1,436664754
4780.8,S,42,37255.03,4961.68,17774297.1,87398155.5,436664756
4781.8,S,42,37263.63,4962.94,17774297.1,87398155.7,436664759
4782.8,S,46,37272.92,4964.44,17774297.1,87398231.3,436664834
4783.8,S,42,37284.47,4966.01,17774297.1,87398327.4,436664922
4784.8,S,42,37293.20,4967.45,17774297.1,87398392.0,436664978
4785.8,S,42,37301.80,4969.08,17774297.1,87398410.3,436664997
4786.8,S,42,37310.46,4970.50,17774297.1,87398410.4,436664999
4787.8,S,42,37319.08,4971.77,17774297.1,87398410.6,436665000
4788.8,S,42,37327.86,4973.07,17774297.1,87398411.3,436665006
4789.8,S,46,37337.94,4974.51,17774297.1,87398576.6,436665292
4790.8,S,42,37347.29,4975.93,17774297.1,87398672.3,436665412
4791.8,S,42,37355.94,4977.35,17774297.1,87398672.8,436665421
4792.8,S,42,37364.68,4978.79,17774297.1,87398673.0,436665422
4793.8,S,42,37373.23,4980.29,17774297.1,87398727.3,436665497
4794.8,S,42,37382.01,4981.66,17774297.1,87398727.8,436665498
4795.8,S,42,37390.11,4982.85,17774297.1,87398734.4,436665570
4796.8,S,46,37399.61,4984.15,17774297.1,87398830.9,436665819
4797.8,S,42,37408.46,4985.61,17774297.1,87398927.2,436665965
4798.8,S,42,37417.07,4986.99,17774297.1,87398991.8,436666044
4799.8,S,42,37425.85,4988.42,17774297.1,87398992.3,436666049
4800.8,S,42,37434.81,4989.76,17774297.1,87398992.5,436666051
4801.8,S,42,37443.46,4991.17,17774297.1,87398992.8,436666054
4802.8,S,42,37451.28,4992.53,17774297.1,87399097.7,436666219
4803.8,S,46,37463.17,4994.10,17774297.1,87399157.2,436666272
4804.8,S,42,37472.14,4995.38,17774297.1,87399253.7,436666358
4805.8,S,42,37480.82,4996.84,17774297.1,87399254.0,436666362
4806.8,S,42,37489.57,4998.33,17774297.1,87399318.5,436666425
4807.8,S,42,37498.31,4999.69,17774297.1,87399318.9,436666428
4808.8,S,42,37507.10,5001.09,17774297.1,87399319.2,436666429
4809.8,S,46,37515.71,5002.26,17774297.1,87399422.1,436666522
4810.8,S,42,37527.09,5003.89,17774297.1,87399518.4,436666657
4811.8,S,42,37535.41,5005.66,17774297.1,87399585.1,436666792
4812.8,S,42,37544.04,5007.17,17774297.1,87399585.5,436666796
4813.8,S,42,37552.68,5008.59,17774297.1,87399585.7,436666798
4814.8,S,42,37561.33,5010.13,17774297.1,87399586.4,436666800
4815.8,S,42,37569.82,5011.63,17774297.6,87399679.2,436666957
4816.8,S,46,37577.86,5012.93,17774306.1,87399782.7,436667167
4817.8,S,43,37589.16,5014.51,17774313.7,87399873.6,436667392
4818.8,S,42,37597.72,5016.00,17774321.3,87399879.2,436667436
4819.8,S,42,37606.32,5017.54,17774328.3,87399879.4,436667464
4820.8,S,42,37615.07,5018.96,17774331.3,87399913.1,436667554
4821.8,S,42,37623.56,5020.44,17774331.3,87399944.9,436667625
4822.8,S,42,37631.92,5021.92,17774331.3,87399971.5,436667721
4823.8,S,46,37639.14,5022.93,17774331.3,87400074.4,436667982
4824.8,S,44,37650.90,5024.60,17774331.3,87400146.3,436668095
4825.8,S,42,37659.83,5025.97,17774331.3,87400170.8,436668183
4826.8,S,42,37668.55,5027.29,17774331.3,87400171.1,436668185
4827.8,S,42,37677.05,5028.79,17774331.3,87400235.8,436668349
4828.8,S,42,37685.69,5030.11,17774331.3,87400236.0,436668351
4829.8,S,42,37694.46,5031.57,17774331.3,87400236.2,436668353
4830.8,S,46,37703.30,5032.93,17774331.3,87400339.0,436668534
4831.8,S,42,37713.57,5034.38,17774331.3,87400499.8,436668849
4832.8,S,42,37722.36,5035.76,17774331.3,87400500.3,436668852
4833.8,S,42,37730.93,5036.97,17774331.3,87400500.5,436668853
4834.8,S,42,37739.81,5038.40,17774331.3,87400500.9,436668856
4835.8,S,42,37748.59,5039.78,17774331.3,87400501.2,436668859
4836.8,S,42,37757.16,5041.13,17774331.3,87400566.1,436668968
4837.8,S,46,37767.13,5042.55,17774331.3,87400668.8,436669080
4838.8,S,42,37777.14,5044.32,17774331.3,87400790.2,436669197
4839.9,S,42,37785.70,5045.88,17774331.3,87400790.5,436669201
4840.9,S,42,37794.25,5047.34,17774331.3,87400790.9,436669204
4841.9,S,42,37803.03,5048.67,17774331.3,87400791.4,436669208
4842.9,S,42,37811.56,5050.10,17774331.3,87400856.5,436669268
4843.9,S,42,37820.32,5051.37,17774331.3,87400857.0,436669271
4844.9,S,46,37829.98,5052.72,17774331.3,87400959.7,436669363
4845.9,S,42,37840.25,5054.32,17774331.3,87401055.5,436669497
4846.9,S,42,37848.98,5055.78,17774331.3,87401120.2,436669630
4847.9,S,42,37857.55,5057.40,17774331.3,87401130.2,436669647
4848.9,S,42,37866.34,5058.68,17774331.3,87401130.9,436669657
4849.9,S,42,37875.05,5060.05,17774331.3,87401131.5,436669659
4850.9,S,42,37883.82,5061.53,17774331.3,87401131.8,436669662
4851.9,S,46,37894.15,5062.90,17774331.3,87401263.5,436669866
4852.9,S,42,37903.38,5064.41,17774331.3,87401395.6,436670057
4853.9,S,42,37912.06,5065.97,17774331.3,87401395.7,436670059
4854.9,S,42,37920.91,5067.47,17774331.3,87401396.2,436670063
4855.9,S,42,37929.70,5069.00,17774331.3,87401396.6,436670065
4856.9,S,42,37937.98,5070.43,17774331.3,87401461.3,436670295
4857.9,S,42,37946.07,5071.81,17774331.3,87401495.3,436670349
4858.9,S,46,37956.51,5073.26,17774331.3,87401564.2,436670524
4859.9,S,42,37965.37,5074.75,17774331.3,87401708.0,436670731
4860.9,S,42,37973.99,5076.21,17774331.3,87401708.8,436670738
4861.9,S,42,37982.67,5077.72,17774331.3,87401709.4,436670741
4862.9,S,42,37991.15,5079.32,17774331.3,87401709.6,436670745
4863.9,S,42,37999.81,5080.73,17774331.3,87401710.0,436670751
4864.9,S,42,38008.18,5082.15,17774331.3,87401774.7,436670863
4865.9,S,46,38018.46,5083.56,17774331.3,87401877.5,436671034
4866.9,S,42,38026.87,5084.88,17774331.3,87401973.6,436671466
4867.9,S,42,38035.71,5086.19,17774331.3,87401974.0,436671468
4868.9,S,42,38044.35,5087.59,17774331.3,87402018.0,436671538
4869.9,S,42,38052.85,5089.02,17774331.3,87402038.9,436671573
4870.9,S,42,38061.62,5090.26,17774331.3,87402039.2,436671577
4871.9,S,42,38070.48,5091.42,17774331.3,87402039.3,436671578
4872.9,S,46,38079.60,5092.70,17774331.3,87402189.3,436671806
4873.9,S,42,38087.63,5093.94,17774331.3,87402285.6,436671892
4874.9,S,42,38092.66,5094.72,17774331.3,87402285.8,436671896
4875.9,S,42,38097.36,5095.55,17774331.3,87402286.2,436671899
4876.9,S,42,38102.03,5096.33,17774331.3,87402286.2,436671899
4877.9,S,42,38106.72,5097.09,17774331.3,87402350.8,436671955
4878.9,S,42,38111.38,5097.87,17774331.3,87402351.7,436671959
4879.9,S,42,38115.98,5098.69,17774331.3,87402352.0,436671965
4880.9,S,42,38120.70,5099.43,17774331.3,87402380.3,436671998
4881.9,S,42,38125.39,5100.22,17774331.3,87402444.9,436672054
4882.9,S,42,38130.01,5100.96,17774331.3,87402445.2,436672058
4883.9,S,42,38134.74,5101.84,17774331.3,87402474.4,436672087
4884.9,S,42,38140.20,5102.75,17774331.3,87402475.1,436672088
4885.9,S,42,38145.70,5103.58,17774331.3,87402573.7,436672194
4886.9,S,42,38151.28,5104.39,17774331.3,87402573.9,436672198
4887.9,S,42,38156.71,5105.32,17774331.3,87402574.1,436672200
4888.9,S,46,38164.11,5106.15,17774331.3,87402642.9,436672329
4889.9,S,42,38170.42,5107.00,17774331.3,87402739.3,436672512
4890.9,S,42,38174.56,5107.67,17774331.3,87402816.6,436672646
4891.9,S,42,38178.71,5108.33,17774331.3,87402819.9,436672662
4892.9,S,42,38182.74,5109.04,17774331.3,87402884.5,436672777
4893.9,S,42,38186.84,5109.77,17774331.3,87402884.9,436672789
4894.9,S,42,38191.12,5110.53,17774331.3,87402916.1,436672854
4895.9,S,42,38195.76,5111.30,17774331.3,87402928.7,436672873
4896.9,S,42,38200.40,5112.08,17774331.3,87402977.2,436673008
4897.9,S,42,38205.21,5112.78,17774331.3,87402977.3,436673009
4898.9,S,42,38209.98,5113.53,17774331.3,87402984.9,436673024
4899.9,S,42,38214.68,5114.32,17774331.3,87403042.1,436673112
4900.9,S,42,38219.36,5115.05,17774331.3,87403042.6,436673115
4901.9,S,42,38224.13,5115.79,17774331.3,87403042.9,436673121
4902.9,S,42,38228.82,5116.59,17774331.3,87403043.4,436673126
4903.9,S,42,38233.53,5117.34,17774331.3,87403108.0,436673222
4904.9,S,42,38238.26,5118.12,17774331.3,87403108.2,436673224
4905.9,S,42,38242.98,5118.93,17774331.3,87403108.4,436673228
4906.9,S,42,38248.20,5119.77,17774331.3,87403201.2,436673380
4907.9,S,42,38253.69,5120.58,17774331.3,87403201.5,436673384
4908.9,S,46,38261.94,5121.47,17774331.3,87403224.7,436673419
4909.9,S,42,38265.36,5121.89,17774331.3,87403320.6,436673507
4910.9,S,42,38266.29,5121.92,17774331.3,87403385.0,436673561
4911.9,S,42,38267.27,5121.94,17774331.3,87403385.6,436673566
4912.9,S,42,38268.26,5121.95,17774331.3,87403385.7,436673568
4913.9,S,42,38269.25,5121.96,17774331.3,87403385.8,436673572
4914.9,S,42,38270.18,5121.99,17774331.3,87403450.6,436673627
4915.9,S,42,38271.17,5122.00,17774331.3,87403450.8,436673628
4916.9,S,42,38272.16,5122.01,17774340.5,87403451.1,436673636
4917.9,S,42,38273.06,5122.04,17774350.1,87403515.6,436673725
4918.9,S,42,38274.02,5122.06,17774360.1,87403515.7,436673745
4919.9,S,42,38274.99,5122.08,17774370.2,87403515.9,436673775
4920.9,S,42,38275.80,5122.16,17774374.2,87403557.9,436673898
4921.9,S,42,38276.78,5122.19,17774374.2,87403585.7,436673951
4922.9,S,42,38277.76,5122.21,17774374.2,87403586.2,436673953
4923.9,S,42,38278.74,5122.23,17774374.2,87403586.4,436673957
4924.9,S,42,38279.58,5122.25,17774374.2,87403650.8,436674094
4925.9,S,42,38280.57,5122.27,17774374.2,87403651.4,436674096
4926.9,S,42,38281.55,5122.29,17774374.2,87403670.1,436674130
4927.9,S,42,38282.50,5122.32,17774374.2,87403691.9,436674169
4928.9,S,42,38283.39,5122.34,17774374.2,87403735.2,436674262
4929.9,S,42,38284.29,5122.39,17774374.2,87403763.0,436674311
4930.9,S,42,38285.28,5122.41,17774374.2,87403763.2,436674311
4931.9,S,42,38286.26,5122.42,17774374.2,87403763.7,436674316
4932.9,S,42,38287.24,5122.44,17774374.2,87403764.1,436674318
4933.9,S,42,38288.09,5122.47,17774374.2,87403828.7,436674453
4934.9,S,42,38289.07,5122.49,17774374.2,87403828.7,436674454
4935.9,S,42,38290.06,5122.50,17774374.2,87403829.1,436674459
4936.9,S,42,38291.05,5122.52,17774374.2,87403833.9,436674467
4937.9,S,42,38291.91,5122.54,17774374.2,87403898.7,436674589
4938.9,S,42,38292.89,5122.57,17774374.2,87403899.3,436674592
4939.9,S,42,38293.87,5122.58,17774374.2,87403899.5,436674601
4940.9,S,42,38294.78,5122.60,17774374.2,87403964.0,436674693
4941.9,S,42,38295.76,5122.62,17774374.2,87403964.2,436674695
4942.9,S,42,38296.74,5122.63,17774374.2,87403966.1,436674698
4943.9,S,42,38297.61,5122.70,17774374.2,87404011.9,436674770
4944.9,S,42,38298.60,5122.71,17774374.2,87404012.4,436674772
4945.9,S,42,38299.58,5122.73,17774374.2,87404012.6,436674775
4946.9,S,42,38300.56,5122.75,17774374.2,87404012.7,436674777
4947.9,S,42,38301.41,5122.79,17774374.2,87404077.2,436674916
4948.9,S,42,38302.40,5122.80,17774374.2,87404077.3,436674917
4949.9,S,42,38303.38,5122.82,17774374.2,87404077.7,436674920
4950.9,S,42,38304.26,5122.84,17774374.2,87404123.8,436675025
4951.9,S,42,38305.21,5122.86,17774374.2,87404142.8,436675058
4952.9,S,42,38306.13,5122.91,17774374.2,87404169.1,436675101
4953.9,S,42,38307.11,5122.92,17774374.2,87404169.4,436675102
4954.9,S,42,38308.10,5122.94,17774374.2,87404169.4,436675103
4955.9,S,42,38309.09,5122.95,17774374.2,87404170.1,436675107
4956.9,S,42,38309.95,5122.97,17774374.2,87404234.6,436675232
4957.9,S,42,38310.94,5122.99,17774374.2,87404234.8,436675233
4958.9,S,42,38311.92,5123.00,17774374.2,87404234.9,436675233
4959.9,S,42,38312.71,5123.03,17774374.2,87404294.1,436675442
4961.0,S,42,38313.67,5123.04,17774374.2,87404299.7,436675460
4962.0,S,42,38314.65,5123.06,17774374.2,87404300.1,436675464
4963.0,S,42,38315.63,5123.08,17774374.2,87404327.9,436675521
4964.0,S,42,38316.50,5123.12,17774374.2,87404392.6,436675628
4965.0,S,42,38317.49,5123.13,17774374.2,87404392.8,436675632
4966.0,S,42,38318.47,5123.15,17774374.2,87404392.8,436675632
4967.0,S,42,38319.34,5123.21,17774374.2,87404436.4,436675704
4968.0,S,42,38320.33,5123.23,17774374.2,87404436.8,436675706
4969.0,S,42,38321.31,5123.25,17774374.2,87404437.0,436675712
4970.0,S,42,38322.15,5123.27,17774374.2,87404501.6,436675862
4971.0,S,42,38323.14,5123.28,17774374.2,87404501.7,436675865
4972.0,S,42,38324.12,5123.30,17774374.2,87404502.2,436675870
4973.0,S,42,38325.11,5123.32,17774374.2,87404502.6,436675872
4974.0,S,42,38326.00,5123.34,17774374.2,87404567.1,436675973
4975.0,S,42,38326.98,5123.35,17774374.2,87404567.3,436675981
4976.0,S,42,38327.96,5123.37,17774374.2,87404567.5,436675984
4977.0,S,42,38328.95,5123.39,17774374.2,87404567.5,436675984
4978.0,S,42,38329.84,5123.41,17774374.2,87404632.4,436676088
4979.0,S,42,38330.82,5123.43,17774374.2,87404632.7,436676090
4980.0,S,42,38331.72,5123.49,17774374.2,87404674.8,436676140
4981.0,S,42,38332.70,5123.51,17774374.2,87404675.1,436676140
4982.0,S,42,38333.69,5123.52,17774374.2,87404675.3,436676142
4983.0,S,42,38334.68,5123.53,17774374.2,87404675.6,436676143
4984.0,S,42,38335.61,5123.56,17774374.2,87404740.2,436676198
4985.0,S,42,38336.59,5123.57,17774374.2,87404740.6,436676200
4986.0,S,42,38337.58,5123.59,17774374.2,87404740.7,436676204
4987.0,S,42,38338.51,5123.62,17774374.2,87404805.2,436676257
4988.0,S,42,38339.50,5123.63,17774374.2,87404805.4,436676258
4989.0,S,42,38340.49,5123.64,17774374.2,87404805.9,436676260
4990.0,S,42,38341.47,5123.65,17774374.2,87404806.0,436676264
4991.0,S,42,38342.40,5123.68,17774374.2,87404870.6,436676322
4992.0,S,42,38343.39,5123.69,17774374.2,87404870.8,436676326
4993.0,S,42,38344.37,5123.71,17774374.2,87404870.9,436676337
4994.0,S,42,38345.36,5123.72,17774374.2,87404871.4,436676341
4995.0,S,42,38346.29,5123.75,17774374.2,87404935.9,436676397
4996.0,S,42,38347.28,5123.77,17774374.2,87404936.0,436676401
4997.0,S,42,38348.26,5123.78,17774374.2,87404936.3,436676403
4998.0,S,42,38349.13,5123.87,17774374.2,87404996.5,436676461
4999.0,S,42,38350.12,5123.88,17774374.2,87404997.4,436676468
5000.0,S,42,38351.11,5123.89,17774374.2,87404997.5,436676472
5001.0,S,42,38352.09,5123.91,17774374.2,87404997.6,436676474
5002.0,S,42,38352.97,5123.94,17774374.2,87405062.2,436676579
5003.0,S,42,38353.96,5123.95,17774374.2,87405062.5,436676581
5004.0,S,42,38354.94,5123.97,17774374.2,87405062.7,436676582
5005.0,S,42,38355.92,5123.99,17774374.2,87405063.1,436676584
5006.0,S,42,38356.81,5124.01,17774374.2,87405127.7,436676693
5007.0,S,42,38357.80,5124.02,17774374.2,87405127.7,436676695
5008.0,S,42,38358.78,5124.03,17774374.2,87405127.9,436676699
5009.0,S,42,38359.68,5124.06,17774374.2,87405192.6,436676785
5010.0,S,42,38360.67,5124.07,17774374.2,87405192.7,436676787
5011.0,S,42,38361.65,5124.09,17774374.2,87405193.2,436676789
5012.0,S,42,38362.46,5124.16,17774374.2,87405247.1,436676924
5013.0,S,42,38363.44,5124.18,17774374.2,87405247.3,436676926
5014.0,S,42,38364.42,5124.20,17774374.2,87405247.5,436676928
5015.0,S,42,38365.40,5124.22,17774374.2,87405247.8,436676929
5016.0,S,42,38366.24,5124.24,17774374.2,87405312.6,436677077
5017.0,S,42,38367.23,5124.26,17774374.2,87405312.7,436677078
5018.0,S,42,38368.22,5124.27,17774374.2,87405312.9,436677082
5019.0,S,42,38369.19,5124.29,17774374.2,87405313.0,436677084
5020.0,S,42,38370.02,5124.32,17774374.2,87405377.7,436677251
5021.0,S,42,38371.00,5124.34,17774374.2,87405377.8,436677253
5022.0,S,42,38371.99,5124.36,17774375.4,87405378.2,436677260
5023.0,S,42,38372.98,5124.36,17774379.9,87405379.0,436677287
5024.0,S,42,38373.84,5124.39,17774380.1,87405449.0,436677415
5025.0,S,42,38374.82,5124.41,17774380.1,87405456.9,436677427
5026.0,S,42,38375.80,5124.43,17774380.1,87405457.8,436677430
5027.0,S,42,38376.79,5124.44,17774380.1,87405458.8,436677434
5028.0,S,42,38377.60,5124.51,17774380.1,87405525.5,436677572
5029.0,S,42,38378.59,5124.53,17774380.1,87405525.8,436677574
5030.0,S,42,38379.57,5124.54,17774380.1,87405525.9,436677574
5031.0,S,42,38380.55,5124.57,17774380.1,87405526.0,436677577
5032.0,S,42,38381.44,5124.59,17774380.1,87405590.9,436677675
5033.0,S,42,38382.43,5124.60,17774380.1,87405668.0,436677804
5034.0,S,42,38383.42,5124.61,17774380.1,87405668.2,436677814
5035.0,S,42,38384.29,5124.64,17774380.1,87405732.7,436677926
5036.0,S,42,38385.28,5124.65,17774380.1,87405732.9,436677927
5037.0,S,42,38386.26,5124.67,17774380.1,87405733.0,436677929
5038.0,S,42,38387.25,5124.69,17774380.1,87405760.9,436677974
5039.0,S,42,38388.12,5124.71,17774380.1,87405825.4,436678092
5040.0,S,42,38389.10,5124.73,17774380.1,87405826.4,436678095
5041.0,S,42,38389.97,5124.79,17774380.1,87405865.5,436678167
5042.0,S,42,38390.96,5124.81,17774380.1,87405865.6,436678169
5043.0,S,42,38391.95,5124.81,17774380.1,87405865.8,436678178
5044.0,S,42,38392.94,5124.83,17774380.1,87405866.8,436678185
5045.0,S,42,38393.82,5124.85,17774380.1,87405933.7,436678292
5046.0,S,42,38394.81,5124.87,17774380.1,87405934.1,436678293
5047.0,S,42,38395.80,5124.88,17774380.1,87405934.2,436678293
5048.0,S,42,38396.79,5124.89,17774380.1,87405934.3,436678294
5049.0,S,42,38397.68,5124.91,17774380.1,87406005.0,436678395
5050.0,S,42,38398.66,5124.93,17774380.1,87406005.5,436678399
5051.0,S,42,38399.65,5124.95,17774402.1,87406008.7,436678461
5052.0,S,42,38400.63,5124.96,17774402.2,87406010.1,436678471
5053.0,S,42,38401.51,5124.99,17774569.8,87406082.5,436678812
5054.0,S,42,38402.50,5125.01,17774661.7,87406137.3,436679198
5055.0,S,42,38403.49,5125.02,17774665.3,87406240.1,436679331
5056.0,S,42,38404.38,5125.10,17774665.8,87406294.9,436679386
5057.0,S,42,38405.37,5125.10,17774665.8,87406297.5,436679392
5058.0,S,42,38406.34,5125.13,17774665.8,87406297.8,436679395
5059.0,S,42,38407.33,5125.14,17774665.8,87406298.0,436679397
5060.0,S,42,38408.24,5125.18,17774665.8,87406363.0,436679466
5061.0,S,42,38409.23,5125.19,17774665.9,87406363.3,436679467
5062.0,S,42,38410.21,5125.21,17774666.0,87406363.4,436679470
5063.0,S,42,38411.16,5125.23,17774666.0,87406413.8,436679514
5064.0,S,42,38412.13,5125.25,17774666.0,87406428.5,436679528
5065.0,S,42,38413.12,5125.26,17774666.0,87406428.8,436679530
5066.0,S,42,38414.10,5125.28,17774666.0,87406429.0,436679534
5067.0,S,42,38415.02,5125.31,17774666.0,87406493.5,436679598
5068.0,S,42,38416.00,5125.33,17774666.0,87406493.8,436679601
5069.0,S,42,38416.99,5125.34,17774666.0,87406493.9,436679603
5070.0,S,42,38417.98,5125.36,17774666.0,87406494.6,436679608
5071.0,S,42,38418.91,5125.38,17774666.0,87406559.0,436679664
5072.0,S,42,38419.80,5125.45,17774666.0,87406580.9,436679706
5073.0,S,57,38421.36,5125.48,17774666.0,87406589.4,436679720
5074.0,S,57,38437.14,5125.71,17774666.0,87406619.5,436679771
5075.0,S,57,38452.90,5125.95,17774666.0,87406620.5,436679774
5076.0,S,57,38468.60,5126.18,17774666.0,87406663.4,436679865
5077.0,S,57,38483.64,5126.45,17774666.0,87406812.0,436680215
5078.0,S,57,38496.89,5126.73,17774666.0,87407242.2,436681036
5079.0,S,57,38507.61,5127.00,17774666.0,87407692.4,436681891
5080.0,S,57,38523.40,5127.23,17774666.0,87407692.9,436681903
5081.1,S,57,38539.12,5127.47,17774666.0,87407709.9,436681974
5082.1,S,57,38554.03,5127.75,17774666.0,87408040.7,436682420
5083.1,S,57,38565.51,5128.01,17774666.0,87408278.1,436683088
5084.1,S,57,38574.76,5128.26,17774666.0,87408657.7,436684088
5085.1,S,57,38590.11,5128.53,17774666.0,87408927.6,436684588
5086.1,S,57,38605.81,5128.75,17774666.0,87408987.5,436684699
5087.1,S,57,38621.12,5129.04,17774666.0,87409196.6,436685077
5088.1,S,57,38636.40,5129.32,17774666.0,87409412.6,436685481
5089.1,S,57,38651.25,5129.63,17774666.0,87409752.4,436685909
5090.1,S,57,38666.77,5129.90,17774666.0,87409979.5,436686180
5091.1,S,57,38681.18,5130.19,17774666.0,87410252.4,436686670
5092.1,S,57,38696.74,5130.43,17774666.0,87410366.5,436686907
5093.1,S,57,38710.42,5130.73,17774666.0,87410625.9,436687448
5094.1,S,57,38725.09,5130.99,17774666.0,87410889.5,436688025
5095.1,S,57,38739.93,5131.27,17774666.0,87411123.5,436688414
5096.1,S,57,38755.41,5131.57,17774666.0,87411416.7,436688702
5097.1,S,57,38771.08,5131.81,17774666.0,87411452.0,436688786
5098.1,S,57,38786.22,5132.06,17774666.0,87411531.1,436688909
5099.1,S,56,38796.73,5132.35,17774666.0,87411868.2,436689554
5100.1,S,56,38807.91,5132.63,17774666.0,87412245.1,436690243
5101.1,S,56,38822.55,5132.87,17774666.0,87412326.0,436690383
5102.1,S,49,38832.03,5133.09,17774666.0,87412724.2,436691080
5103.1,S,42,38834.68,5133.50,17774666.0,87412997.1,436691374
5104.1,S,42,38839.48,5134.70,17774673.0,87412998.8,436691399
5105.1,S,42,38848.18,5136.16,17774681.6,87412999.2,436691425
5106.1,S,42,38856.84,5137.76,17774688.6,87412999.4,436691448
5107.1,S,42,38865.61,5139.21,17774696.0,87412999.6,436691471
5108.1,S,42,38874.44,5140.44,17774703.7,87413001.7,436691494
5109.1,S,42,38883.01,5141.77,17774710.6,87413066.4,436691643
5110.1,S,46,38892.00,5143.19,17774718.0,87413090.5,436691739
5111.1,S,42,38903.24,5144.77,17774719.1,87413213.8,436692095
5112.1,S,42,38911.90,5146.09,17774719.1,87413214.1,436692098
5113.1,S,42,38920.38,5147.61,17774721.1,87413214.6,436692104
5114.1,S,42,38928.97,5149.00,17774730.1,87413215.0,436692129
5115.1,S,42,38937.52,5150.35,17774737.8,87413279.7,436692258
5116.1,S,42,38946.17,5151.91,17774746.7,87413279.8,436692290
5117.1,S,46,38955.30,5153.32,17774754.3,87413329.6,436692451
5118.1,S,42,38966.17,5154.95,17774763.0,87413425.6,436692635
5119.1,S,42,38974.79,5156.37,17774773.2,87413426.1,436692660
5120.1,S,42,38983.25,5157.96,17774776.6,87413483.6,436692776
5121.1,S,42,38992.00,5159.37,17774776.6,87413483.6,436692776
5122.1,S,42,39000.70,5160.75,17774776.6,87413484.1,436692777
5123.1,S,42,39009.33,5162.07,17774784.3,87413484.3,436692784
5124.1,S,46,39019.59,5163.55,17774794.3,87413624.4,436692924
5125.1,S,42,39029.65,5165.01,17774805.2,87413721.2,436693027
5126.1,S,42,39038.33,5166.47,17774815.0,87413721.3,436693041
5127.1,S,42,39047.09,5167.83,17774823.5,87413721.6,436693058
5128.1,S,42,39055.82,5169.25,17774832.1,87413721.7,436693065
5129.1,S,42,39064.64,5170.71,17774840.3,87413786.3,436693127
5130.1,S,42,39072.75,5171.94,17774848.6,87413862.7,436693241
5131.1,S,46,39083.83,5173.39,17774856.6,87413888.2,436693380
5132.1,S,42,39092.58,5174.92,17774863.6,87414031.3,436693665
5133.1,S,42,39101.36,5176.38,17774871.7,87414031.9,436693708
5134.1,S,42,39110.23,5177.78,17774880.9,87414032.2,436693743
5135.1,S,42,39118.92,5179.15,17774889.9,87414032.8,436693769
5136.1,S,42,39127.56,5180.53,17774899.0,87414032.9,436693794
5137.1,S,46,39134.64,5181.74,17774906.5,87414200.6,436694158
5138.1,S,46,39146.54,5183.41,17774913.8,87414246.8,436694245
5139.1,S,42,39155.03,5184.79,17774913.8,87414296.6,436694328
5140.1,S,42,39163.85,5186.21,17774913.8,87414296.7,436694330
5141.1,S,42,39172.60,5187.43,17774913.8,87414354.2,436694414
5142.1,S,42,39181.18,5188.82,17774913.8,87414362.1,436694432
5143.1,S,42,39189.86,5190.29,17774913.8,87414362.4,436694436
5144.1,S,46,39197.88,5191.69,17774913.8,87414498.8,436694686
5145.1,S,43,39209.37,5193.22,17774913.8,87414595.2,436694837
5146.1,S,42,39218.05,5194.53,17774913.8,87414596.0,436694844
5147.1,S,42,39226.73,5195.93,17774913.8,87414596.2,436694852
5148.1,S,42,39235.58,5197.36,17774913.8,87414654.3,436694935
5149.1,S,42,39244.25,5198.77,17774913.8,87414661.5,436694948
5150.1,S,42,39253.12,5200.12,17774913.8,87414661.7,436694948
5151.1,S,46,39262.30,5201.37,17774913.8,87414764.6,436695115
5152.1,S,42,39272.45,5202.80,17774913.8,87414861.0,436695259
5153.1,S,42,39281.06,5204.09,17774913.8,87414925.7,436695401
5154.1,S,42,39289.68,5205.55,17774913.8,87414926.1,436695424
5155.1,S,42,39298.12,5207.18,17774913.8,87414959.4,436695481
5156.1,S,42,39306.73,5208.65,17774913.8,87414959.7,436695482
5157.1,S,42,39315.49,5209.92,17774913.8,87414960.2,436695485
5158.1,S,46,39322.95,5211.12,17774913.8,87415063.0,436695760
5159.1,S,42,39334.61,5212.79,17774913.8,87415159.2,436695845
5160.1,S,42,39343.22,5214.16,17774913.8,87415224.1,436695902
5161.1,S,42,39352.02,5215.59,17774913.8,87415224.4,436695905
5162.1,S,42,39360.74,5216.97,17774913.8,87415224.5,436695906
5163.1,S,42,39369.49,5218.36,17774913.8,87415225.1,436695910
5164.1,S,42,39377.89,5219.94,17774913.8,87415287.9,436695968
5165.1,S,46,39387.06,5221.33,17774913.8,87415390.9,436696117
5166.1,S,42,39397.39,5222.96,17774913.8,87415487.0,436696319
5167.1,S,42,39406.19,5224.38,17774913.8,87415487.2,436696323
5168.1,S,42,39414.77,5225.84,17774913.8,87415552.1,436696416
5169.1,S,42,39423.43,5227.13,17774913.8,87415552.4,436696424
5170.1,S,42,39432.29,5228.64,17774913.8,87415552.6,436696426
5171.1,S,42,39441.18,5230.05,17774913.8,87415554.7,436696431
5172.1,S,46,39451.04,5231.25,17774913.8,87415655.9,436696659
5173.1,S,42,39459.82,5232.47,17774913.8,87415816.5,436696973
5174.1,S,42,39468.69,5234.00,17774913.8,87415816.9,436696977
5175.1,S,42,39477.38,5235.35,17774913.8,87415850.0,436697033
5176.1,S,42,39486.15,5236.73,17774913.8,87415850.5,436697035
5177.1,S,42,39494.84,5238.15,17774913.8,87415850.9,436697036
5178.1,S,42,39502.56,5239.59,17774913.8,87415919.9,436697144
5179.1,S,46,39514.03,5241.02,17774919.6,87415961.3,436697257
5180.1,S,42,39522.18,5242.39,17774925.7,87416114.9,436697649
5181.1,S,42,39530.90,5243.77,17774935.2,87416115.1,436697676
5182.1,S,42,39539.70,5245.09,17774944.6,87416115.6,436697704
5183.1,S,42,39548.31,5246.43,17774954.1,87416115.9,436697736
5184.1,S,42,39557.02,5247.76,17774962.3,87416180.8,436697851
5185.1,S,42,39564.27,5249.06,17774968.1,87416272.4,436698048
5186.1,S,46,39576.16,5250.66,17774968.1,87416294.7,436698088
5187.1,S,42,39584.77,5252.01,17774968.1,87416390.7,436698235
5188.1,S,42,39593.43,5253.41,17774968.1,87416391.0,436698238
5189.1,S,42,39602.25,5254.80,17774968.1,87416391.8,436698241
5190.1,S,42,39610.84,5256.18,17774968.1,87416456.5,436698348
5191.1,S,42,39619.53,5257.58,17774968.1,87416456.7,436698349
5192.1,S,42,39626.68,5258.74,17774968.1,87416526.9,436698542
5193.1,S,46,39638.90,5260.38,17774968.1,87416573.2,436698586
5194.1,S,42,39647.58,5261.89,17774968.1,87416720.5,436698717
5195.1,S,42,39656.10,5263.35,17774968.1,87416720.6,436698718
5196.1,S,42,39664.66,5264.85,17774968.1,87416786.2,436698782
5197.1,S,42,39673.35,5266.16,17774968.1,87416786.5,436698784
5198.1,S,42,39681.96,5267.54,17774968.1,87416786.8,436698788
5199.1,S,46,39690.80,5268.94,17774968.1,87416889.7,436698879
5200.1,S,43,39701.73,5270.39,17774968.1,87416962.5,436699079
5201.1,S,42,39710.24,5271.86,17774968.1,87417051.2,436699252
5202.1,S,42,39718.86,5273.32,17774968.1,87417051.4,436699254
5203.1,S,42,39727.66,5274.75,17774968.1,87417051.6,436699256
5204.2,S,42,39736.24,5276.27,17774968.1,87417051.8,436699260
5205.2,S,42,39744.53,5277.77,17774968.1,87417117.1,436699422
5206.2,S,46,39752.75,5279.07,17774968.1,87417220.2,436699608
5207.2,S,42,39764.30,5280.74,17774968.1,87417315.9,436699763
5208.2,S,42,39773.21,5282.13,17774968.1,87417316.1,436699765
5209.2,S,42,39781.97,5283.45,17774968.1,87417364.9,436699865
5210.2,S,42,39790.58,5284.87,17774968.1,87417365.0,436699867
5211.2,S,42,39799.27,5286.20,17774968.1,87417366.2,436699872
5212.2,S,42,39808.11,5287.59,17774968.1,87417366.3,436699872
5213.2,S,46,39815.78,5288.73,17774968.1,87417533.5,436700172
5214.2,S,42,39825.37,5290.26,17774968.1,87417644.4,436700375
5215.2,S,42,39830.12,5291.05,17774968.1,87417644.6,436700378
5216.2,S,42,39834.75,5291.88,17774968.1,87417644.8,436700378
5217.2,S,42,39839.39,5292.71,17774968.1,87417645.6,436700381
5218.2,S,42,39844.00,5293.56,17774968.1,87417645.7,436700383
5219.2,S,42,39848.68,5294.33,17774974.8,87417710.3,436700538
5220.2,S,42,39853.30,5295.17,17774983.7,87417710.5,436700565
5221.2,S,42,39858.11,5296.00,17774990.1,87417710.7,436700592
5222.2,S,42,39862.94,5296.81,17774996.8,87417711.2,436700620
5223.2,S,42,39867.78,5297.64,17775005.1,87417711.6,436700656
5224.2,S,42,39872.51,5298.44,17775010.7,87417870.4,436701008
5225.2,S,42,39877.36,5299.22,17775016.2,87417887.6,436701063
5226.2,S,42,39882.99,5300.20,17775016.2,87417887.9,436701065
5227.2,S,42,39888.35,5301.07,17775016.2,87417888.1,436701069
5228.2,S,42,39893.72,5301.92,17775016.2,87417888.5,436701072
5229.2,S,46,39899.58,5302.86,17775016.2,87417897.8,436701117
5230.2,S,46,39907.81,5303.82,17775016.2,87418061.8,436701408
5231.2,S,42,39912.29,5304.55,17775016.2,87418135.4,436701476
5232.2,S,42,39916.37,5305.20,17775016.2,87418135.6,436701479
5233.2,S,42,39920.39,5305.91,17775016.2,87418136.0,436701484
5234.2,S,42,39924.48,5306.56,17775016.2,87418136.5,436701488
5235.2,S,42,39928.78,5307.29,17775016.3,87418201.4,436701542
5236.2,S,42,39933.27,5307.99,17775016.3,87418201.8,436701544
5237.2,S,42,39937.50,5308.66,17775016.3,87418202.1,436701546
5238.2,S,42,39942.06,5309.45,17775016.3,87418229.0,436701573
5239.2,S,42,39946.64,5310.29,17775016.3,87418229.3,436701576
5240.2,S,42,39951.41,5310.98,17775016.3,87418293.5,436701631
5241.2,S,42,39956.07,5311.75,17775016.3,87418293.7,436701635
5242.2,S,42,39960.65,5312.59,17775016.3,87418358.4,436701701
5243.2,S,42,39965.40,5313.32,17775016.3,87418358.4,436701701
5244.2,S,42,39970.04,5314.09,17775016.3,87418358.5,436701703
5245.2,S,42,39974.73,5314.89,17775016.3,87418403.7,436701742
5246.2,S,42,39979.45,5315.76,17775016.3,87418437.2,436701786
5247.2,S,42,39984.17,5316.57,17775016.3,87418468.7,436701857
5248.2,S,42,39989.40,5317.46,17775016.3,87418484.9,436701882
5249.2,S,42,39994.67,5318.25,17775016.3,87418500.5,436701915
5250.2,S,46,40003.34,5319.15,17775016.3,87418511.2,436701943
5251.2,S,42,40006.00,5319.42,17775016.3,87418607.2,436702122
5252.2,S,42,40006.84,5319.45,17775016.3,87418672.0,436702259
5253.2,S,42,40007.83,5319.47,17775016.3,87418672.1,436702262
5254.2,S,42,40008.82,5319.48,17775016.3,87418672.4,436702267
5255.2,S,42,40009.81,5319.49,17775016.3,87418672.6,436702275
5256.2,S,42,40010.70,5319.52,17775016.3,87418737.3,436702369
5257.2,S,42,40011.69,5319.54,17775016.3,87418737.5,436702370
5258.2,S,42,40012.67,5319.55,17775016.3,87418737.8,436702371
5259.2,S,42,40013.55,5319.58,17775016.3,87418802.3,436702478
5260.2,S,42,40014.54,5319.59,17775016.3,87418829.8,436702524
5261.2,S,42,40015.52,5319.61,17775016.3,87418830.0,436702528
5262.2,S,42,40016.35,5319.67,17775016.3,87418882.9,436702651
5263.2,S,42,40017.29,5319.73,17775016.3,87418883.2,436702652
5264.2,S,42,40018.27,5319.75,17775016.3,87418883.5,436702654
5265.2,S,42,40019.25,5319.77,17775016.3,87418883.7,436702655
5266.2,S,42,40020.06,5319.80,17775016.3,87418948.4,436702831
5267.2,S,42,40021.05,5319.81,17775016.3,87418948.9,436702835
5268.2,S,42,40022.03,5319.83,17775016.3,87418949.1,436702838
5269.2,S,42,40023.02,5319.85,17775016.3,87418949.4,436702841
5270.2,S,42,40023.85,5319.88,17775016.3,87419029.5,436703009
5271.2,S,42,40024.83,5319.90,17775016.3,87419029.6,436703009
5272.2,S,42,40025.82,5319.91,17775016.3,87419030.2,436703013
5273.2,S,42,40026.70,5319.97,17775016.3,87419079.3,436703078
5274.2,S,42,40027.69,5319.98,17775016.3,87419079.6,436703087
5275.2,S,42,40028.67,5320.00,17775016.3,87419079.7,436703089
5276.2,S,42,40029.66,5320.01,17775016.3,87419088.7,436703099
5277.2,S,42,40030.47,5320.04,17775016.3,87419153.2,436703271
5278.2,S,42,40031.46,5320.05,17775016.3,87419153.4,436703275
5279.2,S,42,40032.45,5320.07,17775016.3,87419154.0,436703278
5280.2,S,42,40033.35,5320.09,17775016.3,87419218.5,436703370
5281.2,S,42,40034.33,5320.10,17775016.3,87419220.7,436703373
5282.2,S,42,40035.32,5320.12,17775016.3,87419220.9,436703374
5283.2,S,42,40036.29,5320.13,17775025.2,87419221.0,436703397
5284.2,S,42,40037.16,5320.16,17775035.3,87419285.6,436703512
5285.2,S,42,40038.13,5320.18,17775046.6,87419286.2,436703546
5286.2,S,42,40039.08,5320.19,17775058.0,87419286.3,436703578
5287.2,S,42,40039.96,5320.26,17775062.0,87419329.2,436703645
5288.2,S,42,40040.95,5320.28,17775062.0,87419329.5,436703649
5289.2,S,42,40041.93,5320.29,17775062.0,87419329.6,436703651
5290.2,S,42,40042.92,5320.31,17775062.0,87419330.0,436703655
5291.2,S,42,40043.79,5320.33,17775062.0,87419394.5,436703769
5292.2,S,42,40044.77,5320.35,17775062.0,87419394.9,436703772
5293.2,S,42,40045.75,5320.36,17775062.0,87419395.0,436703772
5294.2,S,42,40046.65,5320.39,17775062.0,87419459.5,436703862
5295.2,S,42,40047.64,5320.41,17775062.0,87419459.7,436703863
5296.2,S,42,40048.62,5320.43,17775062.0,87419460.0,436703865
5297.2,S,42,40049.61,5320.43,17775062.0,87419460.1,436703865
5298.2,S,42,40050.47,5320.46,17775062.0,87419524.8,436703993
5299.2,S,42,40051.46,5320.48,17775062.0,87419525.1,436703999
5300.2,S,42,40052.45,5320.49,17775062.0,87419525.2,436704003
5301.2,S,42,40053.32,5320.55,17775062.0,87419573.9,436704085
5302.2,S,42,40054.31,5320.56,17775062.0,87419574.1,436704087
5303.2,S,42,40055.29,5320.57,17775062.0,87419574.3,436704097
5304.2,S,42,40056.24,5320.60,17775062.0,87419599.9,436704135
5305.2,S,42,40057.12,5320.61,17775062.0,87419639.1,436704239
5306.2,S,42,40058.11,5320.63,17775062.0,87419639.4,436704239
5307.2,S,42,40059.09,5320.64,17775062.0,87419639.7,436704243
5308.2,S,42,40060.02,5320.67,17775062.0,87419704.1,436704298
5309.2,S,42,40061.00,5320.69,17775062.0,87419704.3,436704300
5310.2,S,42,40061.98,5320.71,17775062.0,87419732.4,436704329
5311.2,S,42,40062.98,5320.72,17775062.0,87419732.6,436704332
5312.2,S,42,40063.91,5320.75,17775062.0,87419797.7,436704390
5313.2,S,42,40064.89,5320.76,17775062.0,87419797.8,436704392
5314.2,S,42,40065.88,5320.77,17775062.0,87419798.1,436704394
5315.2,S,42,40066.86,5320.79,17775062.0,87419798.5,436704395
5316.2,S,42,40067.71,5320.88,17775062.0,87419874.9,436704461
5317.2,S,42,40068.69,5320.91,17775062.0,87419875.1,436704465
5318.2,S,42,40069.68,5320.92,17775062.0,87419875.4,436704466
5319.2,S,42,40070.66,5320.94,17775062.0,87419875.5,436704467
5320.2,S,42,40071.59,5320.96,17775062.0,87419940.1,436704524
5321.2,S,42,40072.57,5320.98,17775062.0,87419940.5,436704528
5322.2,S,42,40073.55,5321.01,17775062.0,87419940.6,436704530
5323.2,S,42,40074.53,5321.02,17775062.0,87419941.0,436704534
5324.2,S,42,40075.47,5321.04,17775062.0,87420005.5,436704591
5325.2,S,42,40076.45,5321.06,17775062.0,87420005.7,436704592
5326.3,S,42,40077.44,5321.07,17775062.0,87420005.9,436704614
5327.3,S,42,40078.32,5321.10,17775062.0,87420070.8,436704722
5328.3,S,42,40079.31,5321.11,17775062.0,87420070.9,436704724
5329.3,S,42,40080.27,5321.14,17775072.7,87420071.6,436704752
5330.3,S,42,40081.23,5321.16,17775083.9,87420099.1,436704836
5331.3,S,42,40082.10,5321.19,17775094.2,87420163.9,436704959
5332.3,S,42,40083.05,5321.21,17775105.4,87420163.9,436704982
5333.3,S,42,40084.01,5321.24,17775117.2,87420164.2,436705008
5334.3,S,42,40084.88,5321.31,17775121.0,87420206.4,436705091
5335.3,S,42,40085.86,5321.33,17775121.0,87420206.6,436705093
5336.3,S,42,40086.84,5321.35,17775121.0,87420206.8,436705102
5337.3,S,42,40087.83,5321.36,17775121.0,87420207.0,436705104
5338.3,S,42,40088.72,5321.39,17775121.0,87420271.6,436705196
5339.3,S,42,40089.71,5321.41,17775121.0,87420271.9,436705198
5340.3,S,42,40090.69,5321.42,17775121.0,87420272.4,436705203
5341.3,S,42,40091.56,5321.45,17775121.0,87420336.9,436705312
5342.3,S,42,40092.54,5321.47,17775121.0,87420337.1,436705314
5343.3,S,42,40093.53,5321.48,17775121.0,87420337.2,436705316
5344.3,S,42,40094.51,5321.51,17775121.0,87420337.4,436705317
5345.3,S,42,40095.40,5321.53,17775121.0,87420402.4,436705421
5346.3,S,42,40096.37,5321.55,17775121.0,87420402.7,436705425
5347.3,S,42,40097.35,5321.57,17775121.0,87420402.7,436705427
5348.3,S,42,40098.34,5321.59,17775121.0,87420402.9,436705431
5349.3,S,42,40099.17,5321.61,17775126.8,87420467.4,436705592
5350.3,S,42,40100.14,5321.63,17775137.1,87420467.6,436705617
5351.3,S,42,40101.10,5321.65,17775147.4,87420468.1,436705649
5352.3,S,42,40102.07,5321.67,17775156.4,87420468.2,436705687
5353.3,S,42,40102.89,5321.69,17775163.5,87420532.7,436705865
5354.3,S,42,40103.86,5321.70,17775172.5,87420532.9,436705889
5355.3,S,42,40104.72,5321.80,17775175.0,87420564.4,436705938
5356.3,S,42,40105.70,5321.82,17775175.0,87420565.2,436705941
5357.3,S,42,40106.68,5321.84,17775175.0,87420565.3,436705942
5358.3,S,42,40107.60,5321.86,17775175.0,87420629.7,436706004
5359.3,S,42,40108.58,5321.89,17775175.0,87420630.1,436706008
5360.3,S,42,40109.57,5321.90,17775175.0,87420630.3,436706012
5361.3,S,42,40110.55,5321.92,17775175.0,87420630.4,436706014
5362.3,S,42,40111.48,5321.94,17775175.0,87420695.4,436706074
5363.3,S,42,40112.48,5321.95,17775175.0,87420695.7,436706079
5364.3,S,42,40113.46,5321.96,17775175.0,87420695.7,436706079
5365.3,S,42,40114.35,5322.04,17775175.0,87420748.8,436706126
5366.3,S,42,40115.35,5322.04,17775175.0,87420749.1,436706130
5367.3,S,42,40116.33,5322.06,17775175.0,87420749.6,436706131
5368.3,S,42,40117.31,5322.08,17775175.0,87420749.8,436706133
5369.3,S,42,40118.24,5322.10,17775175.0,87420814.3,436706192
5370.3,S,42,40119.23,5322.12,17775175.0,87420814.5,436706194
5371.3,S,42,40120.21,5322.14,17775175.0,87420814.6,436706194
5372.3,S,42,40121.13,5322.17,17775175.0,87420879.2,436706250
5373.3,S,42,40122.12,5322.18,17775175.0,87420879.9,436706253
5374.3,S,42,40123.11,5322.19,17775175.0,87420880.0,436706256
5375.3,S,42,40124.09,5322.21,17775175.0,87420880.1,436706258
5376.3,S,42,40125.02,5322.24,17775175.0,87420944.6,436706315
5377.3,S,42,40126.01,5322.25,17775175.0,87420944.8,436706316
5378.3,S,42,40126.99,5322.26,17775175.0,87420945.2,436706316
5379.3,S,42,40127.98,5322.28,17775175.0,87420945.4,436706317
5380.3,S,42,40128.86,5322.31,17775175.0,87421010.0,436706420
5381.3,S,42,40129.76,5322.37,17775175.0,87421030.3,436706464
5382.3,S,42,40130.74,5322.39,17775175.0,87421030.6,436706467
5383.3,S,42,40131.72,5322.41,17775175.0,87421030.6,436706469
5384.3,S,42,40132.71,5322.42,17775175.0,87421031.1,436706473
5385.3,S,42,40133.61,5322.45,17775175.0,87421095.8,436706560
5386.3,S,42,40134.60,5322.46,17775175.0,87421096.0,436706561
5387.3,S,42,40135.59,5322.47,17775175.0,87421096.3,436706566
5388.3,S,42,40136.44,5322.49,17775175.0,87421160.9,436706705
5389.3,S,42,40137.43,5322.51,17775175.0,87421161.5,436706713
5390.3,S,42,40138.41,5322.52,17775175.0,87421161.7,436706715
5391.3,S,42,40139.39,5322.54,17775175.0,87421162.0,436706719
5392.3,S,42,40140.24,5322.57,17775175.0,87421226.5,436706853
5393.3,S,42,40141.23,5322.58,17775175.0,87421226.7,436706856
5394.3,S,42,40142.22,5322.60,17775175.0,87421226.7,436706858
5395.3,S,42,40143.20,5322.61,17775175.0,87421227.2,436706861
5396.3,S,42,40144.04,5322.69,17775175.0,87421288.7,436706964
5397.3,S,42,40145.03,5322.70,17775175.0,87421289.3,436706971
5398.3,S,42,40146.01,5322.71,17775175.0,87421289.4,436706972
5399.3,S,42,40146.89,5322.74,17775175.0,87421340.8,436707081
5400.3,S,42,40147.82,5322.76,17775175.0,87421354.4,436707128
5401.3,S,42,40148.82,5322.77,17775175.0,87421354.6,436707132
5402.3,S,42,40149.79,5322.79,17775180.3,87421354.7,436707161
5403.3,S,42,40150.59,5322.80,17775188.4,87421419.4,436707365
5404.3,S,42,40151.56,5322.82,17775198.2,87421419.6,436707393
5405.3,S,42,40152.56,5322.83,17775209.6,87421420.2,436707414
5406.3,S,42,40153.52,5322.85,17775221.4,87421420.3,436707444
5407.3,S,42,40154.36,5322.91,17775230.0,87421483.8,436707562
5408.3,S,42,40155.36,5322.91,17775230.0,87421484.0,436707562
5409.3,S,57,40169.48,5323.15,17775230.0,87421485.0,436707570
5410.3,S,57,40185.26,5323.38,17775230.0,87421485.3,436707572
5411.3,S,57,40201.05,5323.61,17775230.0,87421485.5,436707576
5412.3,S,57,40216.70,5323.83,17775230.0,87421586.5,436707741
5413.3,S,57,40226.67,5324.16,17775230.0,87422127.1,436708710
5414.3,S,57,40241.98,5324.40,17775230.0,87422364.4,436708954
5415.3,S,57,40257.56,5324.68,17775230.0,87422566.6,436709149
5416.3,S,57,40273.20,5324.93,17775230.0,87422634.6,436709284
5417.3,S,57,40288.22,5325.22,17775230.0,87422878.2,436709709
5418.3,S,57,40302.83,5325.48,17775230.0,87423153.5,436710244
5419.3,S,57,40318.31,5325.72,17775230.0,87423400.7,436710460
5420.3,S,57,40333.78,5326.04,17775230.0,87423607.8,436710720
5421.3,S,57,40349.25,5326.28,17775230.0,87423758.9,436711014
5422.3,S,57,40362.69,5326.56,17775230.1,87424066.2,436711649
5423.3,S,57,40377.11,5326.84,17775230.1,87424338.2,436712100
5424.3,S,57,40392.02,5327.12,17775230.1,87424544.2,436712514
5425.3,S,57,40406.60,5327.36,17775230.1,87424666.4,436712815
5426.3,S,57,40421.41,5327.62,17775230.1,87424858.9,436713218
5427.3,S,57,40436.87,5327.88,17775230.1,87425041.7,436713557
5428.3,S,57,40450.70,5328.16,17775230.1,87425383.6,436714025
5429.3,S,57,40466.19,5328.43,17775230.1,87425622.9,436714331
5430.3,S,57,40481.69,5328.72,17775230.1,87425755.9,436714596
5431.3,S,57,40496.00,5328.98,17775230.1,87426002.1,436715070
5432.3,S,57,40511.68,5329.24,17775230.1,87426043.2,436715148
5433.3,S,57,40522.44,5329.51,17775230.1,87426431.4,436715896
5434.3,S,56,40537.59,5329.77,17775230.1,87426527.1,436716041
5435.3,S,56,40550.34,5330.01,17775230.1,87426753.8,436716489
5436.3,S,56,40564.39,5330.30,17775230.1,87427117.8,436717008
5437.3,S,47,40572.13,5330.57,17775230.1,87427584.4,436717777
5438.3,S,42,40573.15,5331.14,17775230.1,87427681.6,436717959
5439.3,S,42,40579.80,5332.45,17775237.2,87427681.8,436717981
5440.3,S,42,40588.59,5333.94,17775246.8,87427682.7,436718002
5441.3,S,42,40597.34,5335.32,17775256.4,87427684.6,436718036
5442.3,S,42,40606.12,5336.78,17775266.2,87427684.8,436718057
5443.3,S,42,40614.60,5338.12,17775274.3,87427749.7,436718216
5444.3,S,42,40623.21,5339.66,17775282.3,87427758.6,436718255
5445.3,S,46,40633.81,5340.99,17775290.1,87427782.9,436718337
5446.3,S,42,40643.63,5342.45,17775297.7,87427878.9,436718503
5447.3,S,42,40652.27,5343.75,17775306.1,87427879.5,436718526
5448.3,S,42,40661.03,5345.16,17775314.0,87427879.8,436718552
5449.3,S,42,40669.60,5346.60,17775320.8,87427944.5,436718715
5450.4,S,42,40678.12,5348.03,17775328.9,87427945.1,436718734
5451.4,S,42,40686.78,5349.50,17775332.5,87427971.6,436718804
5452.4,S,46,40696.99,5351.05,17775332.5,87428021.3,436718892
5453.4,S,42,40706.94,5352.64,17775332.5,87428117.8,436719121
5454.4,S,42,40715.67,5354.17,17775332.5,87428118.2,436719126
5455.4,S,42,40724.42,5355.66,17775340.5,87428122.5,436719153
5456.4,S,42,40733.05,5357.18,17775349.1,87428183.6,436719290
5457.4,S,42,40741.76,5358.63,17775360.3,87428183.7,436719322
5458.4,S,42,40750.38,5360.07,17775371.1,87428184.2,436719347
5459.4,S,46,40760.44,5361.50,17775381.7,87428259.5,436719507
5460.4,S,42,40770.07,5363.19,17775392.1,87428420.0,436719668
5461.4,S,42,40778.83,5364.63,17775395.4,87428428.8,436719683
5462.4,S,42,40787.58,5366.03,17775395.4,87428429.1,436719686
5463.4,S,42,40796.41,5367.43,17775395.4,87428429.3,436719687
5464.4,S,42,40804.99,5368.72,17775395.4,87428429.8,436719691
5465.4,S,42,40813.75,5370.05,17775395.4,87428499.8,436719753
5466.4,S,46,40824.84,5371.60,17775395.4,87428596.0,436719858
5467.4,S,42,40833.17,5372.99,17775395.4,87428692.0,436720089
5468.4,S,42,40841.86,5374.45,17775401.3,87428692.2,436720112
5469.4,S,42,40850.48,5376.00,17775409.8,87428701.3,436720155
5470.4,S,42,40858.97,5377.52,17775416.2,87428757.4,436720282
5471.4,S,42,40867.57,5379.05,17775423.6,87428757.6,436720311
5472.4,S,42,40874.93,5380.23,17775432.5,87428859.9,436720509
5473.4,S,46,40887.18,5381.89,17775441.6,87428880.6,436720569
5474.4,S,42,40895.57,5383.10,17775448.8,87428992.9,436720842
5475.4,S,42,40904.20,5384.61,17775448.8,87429020.7,436720912
5476.4,S,42,40912.84,5385.84,17775456.6,87429021.4,436720936
5477.4,S,42,40921.35,5387.25,17775467.3,87429021.8,436720964
5478.4,S,42,40929.95,5388.64,17775477.2,87429021.9,436720990
5479.4,S,46,40936.92,5389.86,17775485.5,87429188.9,436721284
5480.4,S,46,40949.05,5391.57,17775495.0,87429236.9,436721339
5481.4,S,42,40957.96,5392.95,17775505.5,87429284.9,436721399
5482.4,S,42,40966.59,5394.38,17775516.5,87429285.1,436721414
5483.4,S,42,40975.12,5395.85,17775528.2,87429285.8,436721425
5484.4,S,42,40983.79,5397.32,17775538.0,87429350.3,436721489
5485.4,S,42,40992.48,5398.74,17775547.5,87429350.6,436721506
5486.4,S,46,41001.06,5400.13,17775557.0,87429453.3,436721616
5487.4,S,42,41012.31,5401.73,17775565.7,87429596.3,436721830
5488.4,S,42,41020.89,5403.32,17775575.4,87429597.2,436721854
5489.4,S,42,41029.53,5404.75,17775586.2,87429597.4,436721882
5490.4,S,42,41038.08,5406.15,17775597.1,87429597.7,436721907
5491.4,S,42,41046.66,5407.56,17775607.5,87429597.9,436721939
5492.4,S,42,41055.11,5409.01,17775616.2,87429662.5,436722084
5493.4,S,46,41063.88,5410.33,17775626.2,87429765.5,436722265
5494.4,S,42,41074.76,5411.86,17775635.0,87429862.3,436722453
5495.4,S,42,41083.55,5413.18,17775635.6,87429862.5,436722457
5496.4,S,42,41092.30,5414.64,17775635.6,87429862.7,436722459
5497.4,S,42,41100.79,5416.10,17775635.6,87429927.4,436722710
5498.4,S,42,41109.56,5417.50,17775635.6,87429927.5,436722712
5499.4,S,42,41118.30,5418.97,17775635.6,87429927.8,436722714
5500.4,S,46,41127.24,5420.22,17775635.6,87430031.0,436722925
5501.4,S,42,41137.45,5421.75,17775635.6,87430191.6,436723067
5502.4,S,42,41146.15,5423.25,17775642.0,87430191.7,436723086
5503.4,S,42,41154.86,5424.68,17775652.1,87430192.0,436723099
5504.4,S,42,41163.55,5426.13,17775662.1,87430192.1,436723111
5505.4,S,42,41172.25,5427.57,17775671.4,87430192.9,436723121
5506.4,S,42,41180.86,5429.05,17775680.0,87430257.4,436723184
5507.4,S,46,41191.09,5430.57,17775689.2,87430360.2,436723290
5508.4,S,42,41200.44,5432.24,17775694.5,87430486.9,436723595
5509.4,S,42,41209.01,5433.70,17775694.5,87430487.5,436723599
5510.4,S,42,41217.79,5435.18,17775694.5,87430488.0,436723601
5511.4,S,42,41226.52,5436.62,17775694.5,87430488.7,436723605
5512.4,S,42,41235.37,5438.00,17775694.5,87430488.8,436723607
5513.4,S,42,41243.61,5439.38,17775694.5,87430582.2,436723751
5514.4,S,46,41253.96,5440.93,17775694.5,87430656.3,436723907
5515.4,S,42,41262.86,5442.30,17775694.5,87430752.5,436724065
5516.4,S,42,41271.66,5443.78,17775694.5,87430752.7,436724069
5517.4,S,42,41280.42,5445.14,17775694.5,87430817.7,436724171
5518.4,S,42,41289.11,5446.63,17775694.5,87430837.7,436724206
5519.4,S,42,41297.73,5448.05,17775694.5,87430838.2,436724295
5520.4,S,46,41305.20,5449.27,17775694.5,87430940.8,436724487
5521.4,S,46,41316.92,5450.92,17775694.5,87431006.2,436724578
5522.4,S,42,41325.87,5452.15,17775694.5,87431037.4,436724637
5523.4,S,42,41334.57,5453.47,17775694.5,87431102.0,436724809
5524.4,S,42,41343.36,5454.82,17775694.5,87431102.3,436724812
5525.4,S,42,41352.13,5456.31,17775694.5,87431102.5,436724814
5526.4,S,42,41360.88,5457.80,17775703.1,87431102.7,436724836
5527.4,S,46,41366.69,5458.73,17775710.0,87431270.5,436725222
5528.4,S,46,41378.38,5460.37,17775717.6,87431323.3,436725320
5529.4,S,42,41387.29,5461.61,17775725.6,87431367.2,436725428
5530.4,S,42,41395.98,5463.08,17775734.3,87431367.4,436725461
5531.4,S,42,41404.44,5464.45,17775743.4,87431367.8,436725487
5532.4,S,42,41412.89,5465.81,17775750.9,87431430.2,436725603
5533.4,S,42,41421.58,5467.29,17775761.0,87431430.8,436725626
5534.4,S,46,41428.66,5468.41,17775770.6,87431534.2,436725868
5535.4,S,45,41441.06,5470.12,17775779.8,87431606.5,436725946
5536.4,S,42,41449.99,5471.45,17775789.9,87431630.8,436725983
5537.4,S,42,41458.79,5472.91,17775799.3,87431695.5,436726049
5538.4,S,42,41467.46,5474.32,17775805.6,87431695.7,436726060
5539.4,S,42,41475.94,5475.94,17775805.6,87431696.5,436726067
5540.4,S,42,41484.63,5477.35,17775805.6,87431696.9,436726071
5541.4,S,46,41493.41,5478.72,17775805.6,87431864.2,436726225
5542.4,S,42,41504.91,5480.34,17775805.6,87431960.3,436726355
5543.4,S,42,41513.39,5481.84,17775805.6,87431986.8,436726396
5544.4,S,42,41522.02,5483.23,17775805.6,87431987.2,436726400
5545.4,S,42,41530.73,5484.65,17775805.6,87431988.0,436726401
5546.4,S,42,41539.53,5486.04,17775805.6,87431988.3,436726405
5547.4,S,42,41548.28,5487.49,17775805.6,87432052.8,436726503
5548.4,S,46,41555.93,5488.57,17775805.6,87432155.7,436726790
5549.4,S,42,41566.39,5490.14,17775809.1,87432251.7,436726930
5550.4,S,42,41571.30,5490.95,17775814.0,87432252.3,436726949
5551.4,S,42,41576.04,5491.69,17775822.2,87432252.7,436726970
5552.4,S,42,41580.78,5492.56,17775828.6,87432317.4,436727137
5553.4,S,42,41585.72,5493.27,17775834.0,87432317.6,436727165
5554.4,S,42,41590.70,5494.01,17775839.8,87432317.9,436727181
5555.4,S,42,41595.61,5494.78,17775845.5,87432318.3,436727206
5556.4,S,42,41600.31,5495.59,17775854.3,87432318.6,436727228
5557.4,S,42,41605.50,5496.54,17775854.8,87432362.2,436727300
5558.4,S,42,41611.08,5497.40,17775854.8,87432362.6,436727305
5559.4,S,42,41616.58,5498.19,17775854.8,87432362.8,436727307
5560.4,S,42,41622.02,5499.09,17775854.8,87432363.0,436727309
5561.4,S,42,41627.46,5499.95,17775854.8,87432427.8,436727470
5562.4,S,42,41633.00,5500.88,17775854.8,87432528.1,436727607
5563.4,S,42,41638.46,5501.72,17775854.8,87432528.6,436727611
5564.4,S,46,41646.82,5502.71,17775854.8,87432531.4,436727626
5565.4,S,42,41651.71,5503.46,17775854.8,87432637.6,436727936
5566.4,S,42,41655.79,5504.10,17775854.8,87432692.4,436728021
5567.5,S,42,41659.89,5504.72,17775854.8,87432773.7,436728155
5568.5,S,42,41663.94,5505.36,17775854.8,87432773.9,436728155
5569.5,S,42,41668.10,5505.97,17775854.8,87432774.5,436728160
5570.5,S,42,41672.20,5506.70,17775854.8,87432839.1,436728250
5571.5,S,42,41676.30,5507.38,17775854.8,87432839.7,436728253
5572.5,S,42,41680.47,5508.02,17775854.8,87432901.1,436728361
5573.5,S,42,41684.73,5508.82,17775854.8,87432947.6,436728452
5574.5,S,42,41689.44,5509.58,17775854.8,87432948.3,436728460
5575.5,S,42,41694.14,5510.40,17775854.8,87432948.7,436728464
5576.5,S,42,41698.76,5511.20,17775854.8,87432949.2,436728470
5577.5,S,42,41703.47,5511.91,17775854.8,87432949.4,436728474
5578.5,S,42,41708.14,5512.64,17775854.8,87433014.1,436728603
5579.5,S,42,41712.82,5513.45,17775854.8,87433014.4,436728604
5580.5,S,42,41717.35,5514.31,17775854.8,87433014.7,436728610
5581.5,S,42,41722.05,5514.97,17775854.8,87433015.3,436728613
5582.5,S,42,41726.72,5515.75,17775854.8,87433079.9,436728708
5583.5,S,42,41731.46,5516.55,17775854.8,87433129.0,436728771
5584.5,S,46,41737.14,5517.50,17775854.8,87433176.0,436728822
5585.5,S,42,41745.15,5518.45,17775854.8,87433271.8,436728907
5586.5,S,42,41746.17,5518.48,17775854.8,87433272.4,436728912
5587.5,S,42,41747.16,5518.50,17775854.8,87433272.8,436728916
5588.5,S,42,41748.09,5518.52,17775854.8,87433337.4,436728972
5589.5,S,42,41749.08,5518.53,17775854.8,87433337.4,436728974
5590.5,S,42,41750.06,5518.55,17775854.8,87433337.6,436728978
5591.5,S,42,41751.06,5518.56,17775854.8,87433337.7,436728979
5592.5,S,42,41751.99,5518.59,17775854.8,87433402.7,436729033
5593.5,S,42,41752.98,5518.60,17775854.8,87433402.8,436729034
5594.5,S,42,41753.97,5518.61,17775854.8,87433402.9,436729042
5595.5,S,42,41754.90,5518.63,17775854.8,87433467.4,436729096
5596.5,S,42,41755.88,5518.65,17775854.8,87433467.6,436729098
5597.5,S,42,41756.87,5518.67,17775854.8,87433467.7,436729100
5598.5,S,42,41757.48,5518.75,17775854.8,87433542.6,436729460
5599.5,S,42,41758.46,5518.78,17775854.8,87433542.6,436729462
5600.5,S,42,41759.44,5518.79,17775854.8,87433542.8,436729465
5601.5,S,42,41760.43,5518.81,17775854.8,87433542.9,436729466
5602.5,S,42,41761.32,5518.84,17775854.8,87433607.4,436729560
5603.5,S,42,41762.29,5518.86,17775854.8,87433625.7,436729585
5604.5,S,42,41763.28,5518.88,17775854.8,87433625.9,436729586
5605.5,S,42,41764.26,5518.90,17775854.8,87433625.9,436729591
5606.5,S,42,41765.14,5518.92,17775854.8,87433690.3,436729691
5607.5,S,42,41766.05,5518.97,17775854.8,87433719.2,436729742
5608.5,S,42,41767.04,5518.98,17775854.8,87433719.4,436729743
5609.5,S,42,41768.02,5519.00,17775854.8,87433720.2,436729746
5610.5,S,42,41769.01,5519.02,17775854.8,87433720.3,436729750
5611.5,S,42,41769.89,5519.04,17775854.8,87433784.8,436729847
5612.5,S,42,41770.88,5519.06,17775854.8,87433785.0,436729850
5613.5,S,42,41771.87,5519.07,17775854.8,87433789.3,436729858
5614.5,S,42,41772.86,5519.09,17775854.8,87433789.9,436729861
5615.5,S,42,41773.74,5519.11,17775854.8,87433854.7,436729963
5616.5,S,42,41774.73,5519.12,17775854.8,87433854.8,436729969
5617.5,S,42,41775.72,5519.13,17775854.8,87433854.9,436729970
5618.5,S,42,41776.69,5519.15,17775854.8,87433871.2,436729992
5619.5,S,42,41777.60,5519.16,17775854.8,87433921.3,436730070
5620.5,S,42,41778.58,5519.19,17775854.8,87433921.7,436730072
5621.5,S,42,41779.46,5519.25,17775854.8,87433961.6,436730135
5622.5,S,42,41780.45,5519.27,17775854.8,87433961.8,436730136
5623.5,S,42,41781.44,5519.28,17775854.8,87433962.0,436730138
5624.5,S,42,41782.43,5519.28,17775854.8,87433962.0,436730138
5625.5,S,42,41783.32,5519.31,17775854.8,87434026.9,436730236
5626.5,S,42,41784.31,5519.32,17775854.8,87434027.3,436730241
5627.5,S,42,41785.29,5519.34,17775854.8,87434027.4,436730243
5628.5,S,42,41786.10,5519.36,17775854.8,87434092.0,436730424
5629.5,S,42,41787.09,5519.38,17775854.8,87434092.3,436730429
5630.5,S,42,41787.98,5519.43,17775854.8,87434117.1,436730483
5631.5,S,42,41788.97,5519.45,17775854.8,87434117.7,436730486
5632.5,S,42,41789.95,5519.47,17775854.8,87434118.1,436730493
5633.5,S,42,41790.93,5519.48,17775854.8,87434118.1,436730494
5634.5,S,42,41791.73,5519.50,17775854.8,87434182.8,436730694
5635.5,S,42,41792.71,5519.52,17775854.8,87434183.1,436730705
5636.5,S,42,41793.70,5519.53,17775854.8,87434183.6,436730709
5637.5,S,42,41794.51,5519.56,17775854.8,87434247.7,436730887
5638.5,S,42,41795.49,5519.57,17775854.8,87434248.2,436730896
5639.5,S,42,41796.49,5519.58,17775854.8,87434248.4,436730897
5640.5,S,42,41797.47,5519.60,17775856.1,87434248.5,436730900
5641.5,S,42,41798.33,5519.62,17775864.4,87434313.1,436731027
5642.5,S,42,41799.29,5519.64,17775874.6,87434313.6,436731057
5643.5,S,42,41800.25,5519.67,17775885.2,87434313.7,436731081
5644.5,S,42,41801.21,5519.69,17775895.7,87434314.1,436731114
5645.5,S,42,41802.07,5519.72,17775905.1,87434378.8,436731233
5646.5,S,42,41802.97,5519.78,17775911.5,87434392.9,436731273
5647.5,S,42,41803.96,5519.80,17775911.5,87434393.2,436731276
5648.5,S,42,41804.94,5519.81,17775911.5,87434393.6,436731279
5649.5,S,42,41805.93,5519.83,17775911.5,87434393.7,436731282
5650.5,S,42,41806.81,5519.85,17775911.5,87434458.4,436731379
5651.5,S,42,41807.79,5519.88,17775911.5,87434458.7,436731383
5652.5,S,42,41808.78,5519.89,17775911.5,87434458.8,436731385
5653.5,S,42,41809.76,5519.91,17775911.5,87434458.9,436731386
5654.5,S,42,41810.60,5519.93,17775911.5,87434552.4,436731550
5655.5,S,42,41811.58,5519.95,17775911.5,87434552.9,436731554
5656.5,S,42,41812.57,5519.97,17775911.5,87434552.9,436731556
5657.5,S,42,41813.42,5520.02,17775911.5,87434604.8,436731657
5658.5,S,42,41814.40,5520.04,17775911.5,87434605.0,436731659
5659.5,S,42,41815.39,5520.05,17775911.5,87434605.6,436731661
5660.5,S,42,41816.32,5520.07,17775911.5,87434670.1,436731716
5661.5,S,42,41817.29,5520.10,17775912.7,87434675.7,436731725
5662.5,S,42,41818.26,5520.11,17775923.6,87434675.9,436731741
5663.5,S,42,41819.23,5520.14,17775933.5,87434676.1,436731755
5664.5,S,42,41820.21,5520.16,17775942.0,87434676.4,436731763
5665.5,S,42,41821.13,5520.19,17775942.0,87434741.0,436731819
5666.5,S,42,41822.11,5520.21,17775942.0,87434741.2,436731821
5667.5,S,42,41823.10,5520.22,17775942.0,87434741.4,436731825
5668.5,S,42,41824.03,5520.25,17775942.0,87434805.9,436731881
5669.5,S,42,41825.02,5520.26,17775942.0,87434806.1,436731883
5670.5,S,42,41826.01,5520.27,17775942.0,87434806.5,436731884
5671.5,S,42,41826.99,5520.29,17775942.0,87434806.7,436731887
5672.5,S,42,41827.91,5520.32,17775942.0,87434871.3,436731950
5673.5,S,42,41828.84,5520.38,17775942.0,87434885.6,436731968
5674.5,S,42,41829.82,5520.40,17775942.0,87434885.9,436731970
5675.5,S,42,41830.80,5520.42,17775942.0,87434886.4,436731971
5676.5,S,42,41831.73,5520.44,17775942.0,87434951.0,436732027
5677.5,S,42,41832.72,5520.46,17775942.0,87434951.2,436732031
5678.5,S,42,41833.70,5520.48,17775942.0,87434951.5,436732032
5679.5,S,42,41834.67,5520.51,17775942.0,87434951.7,436732033
5680.5,S,42,41835.47,5520.53,17775942.0,87435016.4,436732220
5681.5,S,42,41836.45,5520.55,17775942.0,87435016.6,436732226
5682.5,S,42,41837.44,5520.56,17775942.0,87435016.8,436732229
5683.5,S,42,41838.42,5520.58,17775942.0,87435016.9,436732231
5684.5,S,42,41839.28,5520.61,17775942.0,87435081.7,436732357
5685.5,S,42,41840.20,5520.67,17775942.0,87435094.6,436732379
5686.5,S,42,41841.19,5520.68,17775942.0,87435095.0,436732385
5687.6,S,42,41842.18,5520.70,17775942.0,87435095.1,436732387
5688.6,S,42,41843.04,5520.72,17775942.0,87435159.7,436732509
5689.6,S,42,41844.02,5520.74,17775942.0,87435160.0,436732509
5690.6,S,42,41845.01,5520.75,17775942.0,87435160.2,436732511
5691.6,S,42,41845.99,5520.77,17775942.0,87435160.6,436732515
5692.6,S,42,41846.89,5520.79,17775942.0,87435225.2,436732607
5693.6,S,42,41847.87,5520.81,17775942.0,87435225.3,436732609
5694.6,S,42,41848.86,5520.83,17775942.0,87435225.4,436732613
5695.6,S,42,41849.84,5520.85,17775942.0,87435225.8,436732617
5696.6,S,42,41850.69,5520.88,17775949.8,87435290.5,436732755
5697.6,S,42,41851.65,5520.90,17775960.2,87435290.7,436732790
5698.6,S,42,41852.61,5520.92,17775970.9,87435291.2,436732832
5699.6,S,42,41853.58,5520.94,17775982.4,87435291.3,436732854
5700.6,S,42,41854.43,5520.97,17775992.5,87435355.9,436732988
5701.6,S,42,41855.32,5521.04,17775997.3,87435374.0,436733033
5702.6,S,42,41856.31,5521.06,17775997.3,87435374.1,436733034
5703.6,S,42,41857.29,5521.07,17775997.3,87435374.6,436733038
5704.6,S,42,41858.27,5521.09,17775997.3,87435378.2,436733043
5705.6,S,42,41859.17,5521.12,17775997.3,87435439.3,436733133
5706.6,S,42,41860.15,5521.13,17775997.3,87435439.7,436733135
5707.6,S,42,41861.13,5521.14,17776009.7,87435439.8,436733161
5708.6,S,42,41861.95,5521.17,17776020.0,87435504.3,436733327
5709.6,S,42,41862.91,5521.19,17776033.3,87435504.8,436733356
5710.6,S,42,41863.87,5521.21,17776046.6,87435504.9,436733383
5711.6,S,42,41864.82,5521.23,17776059.8,87435505.2,436733410
5712.6,S,42,41865.66,5521.27,17776071.0,87435569.7,436733558
5713.6,S,42,41866.62,5521.28,17776083.7,87435569.9,436733588
5714.6,S,42,41867.57,5521.31,17776096.3,87435570.2,436733612
5715.6,S,42,41868.53,5521.34,17776108.4,87435570.4,436733634
5716.6,S,42,41869.41,5521.36,17776119.0,87435634.9,436733758
5717.6,S,42,41870.38,5521.38,17776131.1,87435635.2,436733799
5718.6,S,42,41871.34,5521.40,17776141.8,87435635.4,436733839
5719.6,S,42,41872.22,5521.46,17776145.6,87435674.8,436733913
5720.6,S,42,41873.21,5521.48,17776145.6,87435675.4,436733916
5721.6,S,42,41874.19,5521.50,17776145.6,87435675.5,436733919
5722.6,S,42,41875.17,5521.52,17776145.6,87435681.8,436733926
5723.6,S,42,41876.02,5521.54,17776145.6,87435740.4,436734073
5724.6,S,42,41877.00,5521.55,17776145.6,87435740.5,436734074
5725.6,S,42,41877.99,5521.57,17776145.6,87435740.7,436734074
5726.6,S,42,41878.88,5521.60,17776145.6,87435805.4,436734166
5727.6,S,42,41879.86,5521.62,17776145.6,87435805.6,436734169
5728.6,S,42,41880.85,5521.63,17776145.6,87435805.7,436734171
5729.6,S,42,41881.83,5521.65,17776145.6,87435806.0,436734173
5730.6,S,42,41882.68,5521.68,17776145.6,87435870.5,436734304
5731.6,S,42,41883.66,5521.70,17776145.6,87435871.0,436734306
5732.6,S,42,41884.65,5521.71,17776145.6,87435871.1,436734307
5733.6,S,42,41885.63,5521.73,17776145.6,87435871.3,436734311
5734.6,S,42,41886.48,5521.81,17776145.6,87435935.4,436734412
5735.6,S,42,41887.47,5521.82,17776145.6,87435935.8,436734412
5736.6,S,42,41888.45,5521.84,17776145.6,87435936.3,436734415
5737.6,S,42,41889.30,5521.86,17776145.6,87435993.0,436734556
5738.6,S,42,41890.27,5521.88,17776145.6,87436001.0,436734573
5739.6,S,42,41891.25,5521.90,17776145.6,87436001.1,436734573
5740.6,S,42,41892.22,5521.92,17776145.6,87436001.3,436734575
5741.6,S,42,41893.12,5521.94,17776145.6,87436065.9,436734666
5742.6,S,42,41894.10,5521.96,17776145.6,87436066.4,436734668
5743.6,S,42,41895.09,5521.98,17776145.6,87436066.4,436734669
5744.6,S,42,41896.07,5521.99,17776145.6,87436066.6,436734672
5745.6,S,42,41896.96,5522.02,17776150.6,87436131.1,436734778
5746.6,S,42,41897.92,5522.04,17776162.1,87436131.4,436734812
5747.6,S,42,41898.89,5522.06,17776172.1,87436131.7,436734848
5748.6,S,42,41899.86,5522.07,17776183.2,87436131.9,436734874
5749.6,S,42,41900.71,5522.11,17776193.9,87436196.5,436735001
5750.6,S,42,41901.62,5522.18,17776204.5,87436221.5,436735033
5751.6,S,42,41902.61,5522.19,17776204.5,87436221.8,436735038
5752.6,S,42,41903.59,5522.20,17776204.5,87436222.6,436735040
5753.6,S,42,41904.57,5522.23,17776204.5,87436222.7,436735044
5754.6,S,42,41905.48,5522.26,17776204.5,87436287.2,436735109
5755.6,S,42,41906.46,5522.28,17776215.3,87436287.4,436735119
5756.6,S,42,41907.44,5522.30,17776227.3,87436287.6,436735134
5757.6,S,42,41908.42,5522.31,17776239.8,87436288.3,436735151
5758.6,S,42,41909.33,5522.35,17776251.7,87436353.0,436735215
5759.6,S,42,41910.31,5522.36,17776263.8,87436353.1,436735233
5760.6,S,42,41911.29,5522.38,17776275.8,87436353.3,436735244
5761.6,S,42,41912.26,5522.40,17776289.3,87436353.4,436735258
5762.6,S,42,41913.17,5522.43,17776301.2,87436418.0,436735337
5763.6,S,42,41914.12,5522.46,17776314.8,87436418.6,436735367
5764.6,S,42,41915.03,5522.52,17776324.2,87436461.4,436735415
5765.6,S,57,41916.91,5522.55,17776324.2,87436461.7,436735416
5766.6,S,57,41932.67,5522.80,17776324.2,87436462.4,436735419
5767.6,S,57,41948.44,5523.04,17776324.2,87436462.6,436735421
5768.6,S,57,41964.22,5523.28,17776324.2,87436463.0,436735424
5769.6,S,57,41979.81,5523.54,17776324.2,87436573.8,436735574
5770.6,S,57,41987.54,5523.86,17776324.2,87437157.9,436736575
5771.6,S,57,41998.08,5524.12,17776324.2,87437489.6,436737311
5772.6,S,57,42013.87,5524.35,17776324.2,87437489.8,436737314
5773.6,S,57,42029.57,5524.59,17776324.2,87437543.6,436737396
5774.6,S,57,42044.68,5524.85,17776324.2,87437700.9,436737654
5775.6,S,57,42057.25,5525.13,17776324.2,87438120.4,436738238
5776.6,S,57,42071.79,5525.41,17776324.2,87438389.0,436738689
5777.6,S,57,42085.88,5525.67,17776324.2,87438551.8,436739009
5778.6,S,57,42101.49,5525.93,17776324.2,87438657.2,436739170
5779.6,S,57,42116.88,5526.19,17776324.2,87438850.6,436739569
5780.6,S,57,42131.47,5526.48,17776324.2,87439210.0,436740317
5781.6,S,57,42147.00,5526.75,17776324.2,87439479.5,436740566
5782.6,S,57,42162.75,5527.02,17776324.2,87439479.7,436740567
5783.6,S,57,42178.09,5527.31,17776324.2,87439782.4,436740988
5784.6,S,57,42192.46,5527.57,17776324.2,87439962.9,436741422
5785.6,S,57,42203.52,5527.83,17776324.2,87440348.7,436742332
5786.6,S,57,42218.95,5528.10,17776324.2,87440570.0,436742686
5787.6,S,57,42234.54,5528.36,17776324.2,87440695.7,436742886
5788.6,S,57,42250.09,5528.62,17776324.2,87440899.4,436743122
5789.6,S,57,42265.60,5528.90,17776324.2,87441104.9,436743306
5790.6,S,57,42279.89,5529.19,17776324.2,87441435.6,436743935
5791.6,S,56,42291.55,5529.42,17776324.2,87441709.2,436744497
5792.6,S,56,42306.06,5529.68,17776324.2,87441866.9,436744769
5793.6,S,55,42319.04,5529.92,17776324.2,87442028.8,436745199
5794.6,S,44,42325.56,5530.16,17776324.2,87442589.7,436745884
5795.6,S,42,42326.23,5530.82,17776324.2,87442604.6,436745905
5796.6,S,42,42334.03,5532.32,17776331.7,87442606.8,436745920
5797.6,S,42,42342.67,5533.79,17776340.5,87442607.3,436745929
5798.6,S,42,42351.34,5535.30,17776349.3,87442607.5,436745940
5799.6,S,42,42359.96,5536.66,17776359.5,87442607.6,436745949
5800.6,S,42,42368.34,5538.26,17776367.1,87442700.1,436746131
5801.6,S,42,42377.03,5539.74,17776374.1,87442701.4,436746166
5802.6,S,46,42387.62,5541.20,17776382.0,87442750.2,436746332
5803.6,S,42,42397.41,5542.66,17776390.3,87442846.2,436746527
5804.6,S,42,42406.28,5544.20,17776399.1,87442846.4,436746563
5805.7,S,42,42414.91,5545.75,17776408.0,87442846.6,436746601
5806.7,S,42,42423.71,5547.08,17776416.6,87442846.9,436746629
5807.7,S,42,42432.41,5548.49,17776425.1,87442912.0,436746742
5808.7,S,42,42440.65,5549.85,17776434.5,87442940.4,436746813
5809.7,S,46,42452.81,5551.46,17776444.7,87442962.2,436746872
5810.7,S,42,42461.14,5552.81,17776454.8,87443058.0,436747071
5811.7,S,42,42469.81,5554.21,17776465.3,87443058.2,436747111
5812.7,S,42,42478.29,5555.55,17776473.0,87443123.1,436747281
5813.7,S,42,42487.13,5556.90,17776482.8,87443123.6,436747325
5814.7,S,42,42495.83,5558.28,17776490.9,87443123.7,436747353
5815.7,S,46,42502.96,5559.45,17776492.1,87443234.2,436747603
5816.7,S,46,42515.27,5561.15,17776492.1,87443258.6,436747643
5817.7,S,42,42523.70,5562.69,17776492.1,87443331.0,436747758
5818.7,S,42,42532.33,5564.09,17776492.1,87443331.4,436747763
5819.7,S,42,42540.87,5565.54,17776492.1,87443396.4,436747989
5820.7,S,42,42549.74,5566.98,17776492.1,87443396.6,436747993
5821.7,S,42,42558.58,5568.43,17776492.1,87443396.8,436747995
5822.7,S,46,42566.43,5569.81,17776495.0,87443498.4,436748209
5823.7,S,42,42577.76,5571.45,17776502.3,87443594.6,436748407
5824.7,S,42,42586.32,5572.86,17776509.8,87443659.6,436748540
5825.7,S,42,42594.87,5574.34,17776518.8,87443659.8,436748571
5826.7,S,42,42603.56,5575.68,17776527.1,87443660.0,436748598
5827.7,S,42,42612.24,5577.07,17776535.1,87443660.1,436748616
5828.7,S,42,42620.91,5578.43,17776544.1,87443660.8,436748647
5829.7,S,46,42629.00,5579.76,17776548.7,87443833.1,436748983
5830.7,S,42,42640.65,5581.46,17776548.7,87443929.2,436749073
5831.7,S,42,42649.29,5582.88,17776548.7,87443930.0,436749078
5832.7,S,42,42657.89,5584.31,17776548.7,87443930.2,436749082
5833.7,S,42,42666.78,5585.66,17776548.7,87443930.3,436749084
5834.7,S,42,42675.47,5587.12,17776548.7,87443995.4,436749142
5835.7,S,42,42684.00,5588.56,17776548.7,87443995.8,436749143
5836.7,S,46,42693.62,5590.03,17776548.7,87444099.2,436749236
5837.7,S,42,42703.79,5591.49,17776548.7,87444195.2,436749361
5838.7,S,42,42712.39,5592.88,17776548.7,87444259.9,436749641
5839.7,S,42,42721.10,5594.19,17776548.7,87444260.4,436749643
5840.7,S,42,42729.81,5595.63,17776548.7,87444260.7,436749644
5841.7,S,42,42738.54,5597.01,17776551.7,87444261.1,436749667
5842.7,S,42,42747.21,5598.48,17776558.3,87444261.3,436749686
5843.7,S,46,42756.18,5599.91,17776564.6,87444428.5,436749980
5844.7,S,42,42766.38,5601.32,17776571.5,87444524.4,436750159
5845.7,S,42,42775.10,5602.73,17776578.3,87444549.9,436750250
5846.7,S,42,42783.76,5604.19,17776588.2,87444550.8,436750284
5847.7,S,42,42792.29,5605.67,17776598.0,87444551.0,436750310
5848.7,S,42,42801.17,5607.05,17776607.7,87444551.2,436750332
5849.7,S,42,42809.77,5608.45,17776618.0,87444551.3,436750352
5850.7,S,46,42819.15,5609.85,17776626.1,87444718.7,436750718
5851.7,S,42,42828.61,5611.41,17776634.6,87444814.3,436750914
5852.7,S,42,42837.33,5612.92,17776635.6,87444814.9,436750921
5853.7,S,42,42846.16,5614.44,17776635.6,87444815.2,436750925
5854.7,S,42,42854.87,5615.82,17776635.6,87444815.5,436750930
5855.7,S,42,42863.54,5617.30,17776635.6,87444880.0,436751112
5856.7,S,42,42871.66,5618.58,17776635.6,87444929.0,436751182
5857.7,S,46,42882.93,5620.10,17776640.2,87445014.3,436751323
5858.7,S,42,42891.66,5621.43,17776649.1,87445110.4,436751504
5859.7,S,42,42900.24,5622.93,17776659.7,87445110.7,436751538
5860.7,S,42,42909.03,5624.35,17776670.6,87445110.9,436751573
5861.7,S,42,42917.81,5625.70,17776681.1,87445111.3,436751598
5862.7,S,42,42926.11,5627.20,17776691.0,87445176.0,436751749
5863.7,S,42,42934.75,5628.61,17776701.6,87445176.5,436751786
5864.7,S,46,42944.72,5629.92,17776711.3,87445279.4,436752001
5865.7,S,42,42952.73,5631.22,17776720.3,87445375.2,436752273
5866.7,S,42,42961.30,5632.54,17776730.6,87445440.1,436752340
5867.7,S,42,42970.06,5633.99,17776741.2,87445440.3,436752356
5868.7,S,42,42978.68,5635.41,17776751.4,87445469.4,436752398
5869.7,S,42,42987.33,5636.82,17776761.2,87445469.7,436752412
5870.7,S,42,42995.97,5638.32,17776772.0,87445470.0,436752426
5871.7,S,46,43006.32,5639.73,17776782.2,87445572.8,436752542
5872.7,S,42,43016.21,5641.24,17776790.8,87445669.2,436752664
5873.7,S,42,43024.43,5642.76,17776798.1,87445733.8,436752925
5874.7,S,42,43032.96,5644.14,17776807.6,87445734.1,436752953
5875.7,S,42,43041.64,5645.53,17776816.9,87445734.6,436752975
5876.7,S,42,43050.31,5647.02,17776827.3,87445734.8,436753003
5877.7,S,42,43058.83,5648.56,17776837.9,87445735.1,436753024
5878.7,S,46,43068.31,5650.04,17776847.4,87445903.2,436753321
5879.7,S,42,43077.97,5651.39,17776856.9,87445999.2,436753509
5880.7,S,42,43086.58,5652.84,17776866.3,87445999.5,436753546
5881.7,S,42,43095.37,5654.34,17776874.9,87445999.8,436753570
5882.7,S,42,43103.88,5655.85,17776885.0,87445999.9,436753592
5883.7,S,42,43112.41,5657.31,17776893.0,87446092.9,436753784
5884.7,S,42,43120.97,5658.68,17776898.5,87446108.1,436753832
5885.7,S,46,43129.98,5659.89,17776898.5,87446211.0,436754071
5886.7,S,42,43139.93,5661.34,17776898.5,87446306.8,436754210
5887.7,S,42,43148.57,5662.65,17776898.5,87446307.5,436754214
5888.7,S,42,43157.28,5664.02,17776898.5,87446307.9,436754227
5889.7,S,42,43166.10,5665.40,17776903.7,87446372.6,436754343
5890.7,S,42,43174.94,5666.79,17776915.0,87446372.8,436754369
5891.7,S,42,43183.38,5668.15,17776926.3,87446390.1,436754430
5892.7,S,46,43193.97,5669.66,17776937.3,87446475.9,436754603
5893.7,S,42,43201.79,5670.87,17776945.2,87446593.1,436754960
5894.7,S,42,43210.39,5672.22,17776955.0,87446637.3,436755051
5895.7,S,42,43219.06,5673.66,17776955.3,87446651.8,436755078
5896.7,S,42,43227.63,5675.15,17776955.3,87446651.9,436755080
5897.7,S,42,43236.44,5676.62,17776955.3,87446652.1,436755084
5898.7,S,42,43245.11,5678.01,17776955.3,87446670.1,436755110
5899.7,S,46,43254.89,5679.40,17776955.3,87446820.0,436755423
5900.7,S,42,43264.28,5680.90,17776955.3,87446916.4,436755522
5901.7,S,42,43273.13,5682.28,17776955.3,87446916.6,436755523
5902.7,S,42,43281.74,5683.80,17776955.3,87446916.7,436755523
5903.7,S,42,43290.40,5685.14,17776955.3,87446981.3,436755579
5904.7,S,42,43299.31,5686.40,17776963.6,87446981.7,436755588
5905.7,S,46,43307.25,5687.68,17776971.8,87447084.8,436755689
5906.7,S,46,43319.12,5689.43,17776980.0,87447156.7,436755765
5907.7,S,42,43324.68,5690.45,17776988.2,87447180.9,436755797
5908.7,S,42,43329.43,5691.36,17776992.5,87447252.6,436755954
5909.7,S,42,43334.78,5692.27,17776992.5,87447253.4,436755960
5910.7,S,42,43340.30,5693.07,17776992.5,87447253.6,436755962
5911.7,S,42,43345.64,5693.96,17776992.5,87447254.2,436755965
5912.7,S,42,43351.15,5694.82,17776992.5,87447258.1,436755971
5913.7,S,42,43356.57,5695.70,17776992.5,87447318.9,436756058
5914.7,S,42,43361.89,5696.68,17776998.1,87447319.0,436756074
5915.7,S,42,43367.24,5697.60,17777007.9,87447414.0,436756238
5916.7,S,42,43372.68,5698.49,17777017.8,87447414.4,436756272
5917.7,S,42,43378.05,5699.39,17777026.6,87447479.1,436756397
5918.7,S,42,43383.55,5700.20,17777035.9,87447479.3,436756421
5919.7,S,42,43388.95,5700.99,17777045.4,87447479.5,436756451
5920.7,S,46,43397.03,5701.93,17777050.2,87447528.6,436756549
5921.7,S,42,43403.39,5702.89,17777050.2,87447624.8,436756728
5922.7,S,42,43408.00,5703.66,17777050.2,87447625.3,436756732
5923.8,S,42,43412.50,5704.47,17777050.2,87447625.6,436756737
5924.8,S,42,43417.10,5705.22,17777050.2,87447680.2,436756871
5925.8,S,42,43421.64,5705.87,17777050.2,87447775.0,436757117
5926.8,S,42,43426.32,5706.60,17777050.2,87447775.2,436757121
5927.8,S,42,43430.96,5707.38,17777050.2,87447775.6,436757123
5928.8,S,42,43435.60,5708.19,17777053.7,87447776.3,436757141
5929.8,S,42,43440.30,5708.99,17777061.3,87447841.0,436757266
5930.8,S,42,43445.33,5709.75,17777067.5,87447841.1,436757286
5931.8,S,42,43450.33,5710.58,17777073.8,87447908.0,436757441
5932.8,S,42,43455.11,5711.43,17777083.0,87447908.2,436757478
5933.8,S,42,43459.85,5712.19,17777093.7,87447908.9,436757501
5934.8,S,42,43464.60,5713.00,17777103.0,87447909.1,436757529
5935.8,S,42,43469.58,5713.99,17777107.2,87447978.2,436757650
5936.8,S,42,43475.02,5714.87,17777107.2,87448026.5,436757748
5937.8,S,42,43480.45,5715.73,17777107.2,87448026.8,436757750
5938.8,S,46,43487.59,5716.65,17777107.2,87448045.6,436757803
5939.8,S,42,43494.24,5717.44,17777107.2,87448142.1,436758124
5940.8,S,42,43495.12,5717.47,17777107.2,87448206.7,436758228
5941.8,S,42,43496.10,5717.49,17777107.2,87448206.9,436758229
5942.8,S,42,43497.09,5717.50,17777107.2,87448207.0,436758231
5943.8,S,42,43497.96,5717.53,17777107.2,87448272.0,436758344
5944.8,S,42,43498.93,5717.55,17777117.4,87448272.4,436758366
5945.8,S,42,43499.90,5717.56,17777127.6,87448272.5,436758396
5946.8,S,42,43500.87,5717.58,17777137.6,87448272.6,436758415
5947.8,S,42,43501.67,5717.60,17777145.4,87448337.2,436758624
5948.8,S,42,43502.59,5717.67,17777151.5,87448348.9,436758648
5949.8,S,42,43503.57,5717.69,17777151.5,87448349.4,436758651
5950.8,S,42,43504.56,5717.70,17777151.5,87448349.7,436758653
5951.8,S,42,43505.54,5717.72,17777151.5,87448377.6,436758682
5952.8,S,42,43506.48,5717.74,17777151.5,87448442.1,436758738
5953.8,S,42,43507.47,5717.75,17777151.5,87448442.3,436758740
5954.8,S,42,43508.45,5717.77,17777151.5,87448442.6,436758742
5955.8,S,42,43509.43,5717.79,17777151.5,87448442.8,436758746
5956.8,S,42,43510.36,5717.82,17777151.5,87448507.5,436758799
5957.8,S,42,43511.29,5717.87,17777151.5,87448531.1,436758826
5958.8,S,42,43512.27,5717.89,17777151.5,87448531.3,436758831
5959.8,S,42,43513.26,5717.90,17777151.5,87448531.5,436758835
5960.8,S,42,43514.24,5717.92,17777151.5,87448532.0,436758837
5961.8,S,42,43515.17,5717.94,17777151.5,87448596.6,436758894
5962.8,S,42,43516.15,5717.96,17777151.5,87448609.0,436758906
5963.8,S,42,43517.14,5717.97,17777151.5,87448609.3,436758907
5964.8,S,42,43518.07,5718.01,17777151.5,87448673.7,436758961
5965.8,S,42,43519.05,5718.02,17777151.5,87448674.1,436758964
5966.8,S,42,43520.03,5718.04,17777151.5,87448674.2,436758965
5967.8,S,42,43521.01,5718.06,17777151.5,87448679.8,436758975
5968.8,S,42,43521.83,5718.12,17777151.5,87448746.0,436759112
5969.8,S,42,43522.81,5718.14,17777151.5,87448746.3,436759133
5970.8,S,42,43523.80,5718.15,17777151.5,87448746.8,436759134
5971.8,S,42,43524.78,5718.17,17777151.5,87448746.9,436759137
5972.8,S,42,43525.63,5718.20,17777151.5,87448813.5,436759272
5973.8,S,42,43526.61,5718.22,17777151.5,87448813.9,436759275
5974.8,S,42,43527.59,5718.24,17777151.5,87448814.0,436759277
5975.8,S,42,43528.58,5718.25,17777151.5,87448814.5,436759281
5976.8,S,42,43529.46,5718.28,17777151.5,87448879.0,436759379
5977.8,S,42,43530.45,5718.30,17777151.5,87448879.2,436759381
5978.8,S,42,43531.43,5718.32,17777151.5,87448879.2,436759383
5979.8,S,42,43532.32,5718.34,17777151.5,87448943.9,436759481
5980.8,S,42,43533.26,5718.38,17777151.5,87448947.9,436759493
5981.8,S,42,43534.25,5718.40,17777151.5,87448948.4,436759496
5982.8,S,42,43535.23,5718.41,17777151.5,87448948.5,436759498
5983.8,S,42,43536.09,5718.44,17777152.3,87448997.5,436759632
5984.8,S,42,43536.99,5718.47,17777163.7,87449013.2,436759717
5985.8,S,42,43537.96,5718.49,17777176.3,87449013.6,436759746
5986.8,S,42,43538.91,5718.51,17777189.2,87449013.6,436759785
5987.8,S,42,43539.80,5718.54,17777201.0,87449067.2,436759897
5988.8,S,42,43540.74,5718.56,17777213.1,87449078.7,436759950
5989.8,S,42,43541.70,5718.59,17777226.1,87449078.9,436759990
5990.8,S,42,43542.66,5718.61,17777238.5,87449079.1,436760019
5991.8,S,42,43543.56,5718.65,17777249.8,87449119.6,436760117
5992.8,S,42,43544.47,5718.67,17777261.7,87449144.2,436760208
5993.8,S,42,43545.36,5718.73,17777266.6,87449166.7,436760270
5994.8,S,42,43546.34,5718.75,17777266.6,87449166.8,436760270
5995.8,S,42,43547.32,5718.77,17777266.6,87449166.9,436760272
5996.8,S,42,43548.30,5718.78,17777266.6,87449167.3,436760274
5997.8,S,42,43549.18,5718.81,17777266.6,87449232.1,436760385
5998.8,S,42,43550.16,5718.83,17777266.6,87449232.4,436760392
5999.8,S,42,43551.14,5718.85,17777266.6,87449232.7,436760404
6000.8,S,42,43552.02,5718.87,17777266.6,87449271.0,436760522
6001.8,S,42,43552.95,5718.89,17777266.6,87449297.3,436760575
6002.8,S,42,43553.93,5718.90,17777266.6,87449297.7,436760577
6003.8,S,42,43554.92,5718.91,17777266.6,87449298.4,436760583
6004.8,S,42,43555.81,5718.96,17777266.6,87449365.3,436760706
6005.8,S,42,43556.76,5718.98,17777279.7,87449365.5,436760743
6006.8,S,42,43557.73,5719.00,17777290.9,87449365.7,436760780
6007.8,S,42,43558.69,5719.03,17777303.7,87449365.8,436760813
6008.8,S,42,43559.52,5719.06,17777314.7,87449430.5,436760966
6009.8,S,42,43560.49,5719.08,17777323.9,87449430.8,436760985
6010.8,S,42,43561.45,5719.10,17777335.8,87449431.0,436761014
6011.8,S,42,43562.41,5719.12,17777347.4,87449431.1,436761051
6012.8,S,42,43563.26,5719.14,17777357.9,87449457.4,436761202
6013.8,S,42,43564.10,5719.16,17777370.9,87449495.8,436761358
6014.8,S,42,43565.01,5719.20,17777381.3,87449513.2,436761402
6015.8,S,42,43565.97,5719.23,17777392.9,87449513.3,436761426
6016.8,S,42,43566.93,5719.25,17777401.8,87449513.5,436761456
6017.8,S,42,43567.88,5719.27,17777401.8,87449527.0,436761503
6018.8,S,42,43568.79,5719.29,17777401.8,87449578.2,436761575
6019.8,S,42,43569.76,5719.31,17777401.8,87449578.9,436761577
6020.8,S,42,43570.75,5719.33,17777401.8,87449579.1,436761580
6021.8,S,42,43571.63,5719.36,17777401.8,87449643.6,436761678
6022.8,S,42,43572.62,5719.37,17777401.8,87449643.7,436761679
6023.8,S,42,43573.60,5719.39,17777401.8,87449643.9,436761681
6024.8,S,42,43574.59,5719.40,17777401.8,87449644.0,436761685
6025.8,S,42,43575.44,5719.47,17777401.8,87449706.5,436761786
6026.8,S,42,43576.43,5719.47,17777401.8,87449707.0,436761792
6027.8,S,42,43577.40,5719.49,17777410.9,87449707.1,436761824
6028.8,S,42,43578.36,5719.51,17777422.7,87449707.2,436761851
6029.8,S,42,43579.23,5719.54,17777431.8,87449772.2,436761987
6030.8,S,42,43580.19,5719.56,17777442.5,87449772.2,436762009
6031.8,S,42,43581.17,5719.58,17777451.4,87449772.7,436762031
6032.8,S,42,43582.14,5719.59,17777454.1,87449773.0,436762046
6033.8,S,42,43583.03,5719.62,17777454.1,87449837.5,436762141
6034.8,S,42,43584.01,5719.64,17777454.1,87449837.7,436762144
6035.8,S,42,43585.00,5719.65,17777454.1,87449838.1,436762152
6036.8,S,42,43585.86,5719.72,17777454.1,87449897.1,436762238
6037.8,S,42,43586.84,5719.74,17777454.1,87449897.3,436762242
6038.8,S,42,43587.82,5719.76,17777454.1,87449897.7,436762243
6039.8,S,42,43588.79,5719.78,17777454.1,87449906.6,436762254
6040.8,S,42,43589.73,5719.80,17777454.1,87449962.4,436762308
6041.8,S,42,43590.71,5719.82,17777454.1,87449962.5,436762310
6042.8,S,42,43591.70,5719.83,17777456.1,87449962.9,436762317
6043.9,S,42,43592.62,5719.86,17777460.8,87450027.4,436762377
6044.9,S,42,43593.60,5719.88,17777463.7,87450027.8,436762388
6045.9,S,42,43594.58,5719.90,17777466.1,87450027.9,436762393
6046.9,S,42,43595.56,5719.91,17777466.8,87450028.1,436762397
6047.9,S,42,43596.49,5719.94,17777466.8,87450092.5,436762452
6048.9,S,42,43597.46,5719.97,17777466.8,87450093.1,436762459
6049.9,S,42,43598.44,5719.99,17777466.8,87450093.3,436762464
6050.9,S,42,43599.33,5720.06,17777466.8,87450153.6,436762520
6051.9,S,42,43600.31,5720.09,17777466.8,87450153.8,436762521
6052.9,S,42,43601.28,5720.11,17777466.8,87450154.0,436762525
6053.9,S,42,43602.27,5720.13,17777466.8,87450154.3,436762527
6054.9,S,42,43603.19,5720.16,17777466.8,87450218.8,436762585
6055.9,S,42,43604.15,5720.19,17777466.8,87450229.7,436762595
6056.9,S,42,43605.12,5720.21,17777466.8,87450230.3,436762599
6057.9,S,42,43606.11,5720.23,17777466.8,87450230.4,436762603
6058.9,S,42,43606.98,5720.25,17777466.8,87450287.7,436762725
6059.9,S,42,43607.95,5720.27,17777466.8,87450295.6,436762740
6060.9,S,42,43608.94,5720.28,17777466.8,87450295.8,436762742
6061.9,S,42,43609.92,5720.30,17777466.8,87450295.9,436762742
6062.9,S,42,43610.79,5720.32,17777466.8,87450360.6,436762859
6063.9,S,42,43611.78,5720.34,17777466.8,87450360.8,436762869
6064.9,S,42,43612.76,5720.35,17777466.8,87450361.4,436762871
6065.9,S,42,43613.75,5720.37,17777466.8,87450361.6,436762873
6066.9,S,42,43614.63,5720.39,17777466.8,87450426.3,436762988
6067.9,S,42,43615.54,5720.45,17777466.8,87450440.1,436763014
6068.9,S,42,43616.53,5720.46,17777466.8,87450440.3,436763017
6069.9,S,42,43617.51,5720.48,17777466.8,87450440.5,436763018
6070.9,S,42,43618.50,5720.50,17777466.8,87450441.0,436763022
6071.9,S,42,43619.32,5720.52,17777466.8,87450505.4,436763181
6072.9,S,42,43620.32,5720.53,17777466.8,87450505.6,436763183
6073.9,S,42,43621.30,5720.55,17777466.8,87450505.7,436763185
6074.9,S,42,43622.28,5720.57,17777466.8,87450506.1,436763192
6075.9,S,42,43623.14,5720.60,17777466.8,87450570.6,436763317
6076.9,S,42,43624.13,5720.61,17777466.8,87450571.0,436763321
6077.9,S,42,43625.12,5720.63,17777466.8,87450571.1,436763321
6078.9,S,42,43625.94,5720.65,17777466.8,87450635.7,436763483
6079.9,S,42,43626.92,5720.67,17777466.8,87450635.8,436763485
6080.9,S,42,43627.82,5720.74,17777466.8,87450665.0,436763529
6081.9,S,42,43628.80,5720.75,17777466.8,87450665.5,436763537
6082.9,S,42,43629.79,5720.77,17777466.8,87450665.6,436763541
6083.9,S,42,43630.78,5720.78,17777466.8,87450665.7,436763543
6084.9,S,42,43631.67,5720.81,17777466.8,87450730.3,436763632
6085.9,S,42,43632.66,5720.82,17777466.8,87450730.7,436763633
6086.9,S,42,43633.63,5720.84,17777471.3,87450730.8,436763648
6087.9,S,42,43634.60,5720.86,17777483.9,87450731.1,436763678
6088.9,S,42,43635.47,5720.89,17777493.9,87450795.7,436763798
6089.9,S,42,43636.44,5720.91,17777505.4,87450795.8,436763832
6090.9,S,42,43637.40,5720.94,17777517.7,87450796.0,436763866
6091.9,S,42,43638.34,5720.96,17777522.5,87450829.3,436763925
6092.9,S,42,43639.27,5720.97,17777522.5,87450860.8,436763978
6093.9,S,42,43640.26,5720.99,17777522.5,87450861.4,436763981
6094.9,S,42,43641.24,5721.01,17777522.5,87450861.6,436763983
6095.9,S,42,43641.93,5721.06,17777522.5,87450923.2,436764254
6096.9,S,42,43642.91,5721.08,17777522.5,87450923.3,436764255
6097.9,S,42,43643.90,5721.09,17777522.5,87450923.7,436764255
6098.9,S,42,43644.88,5721.11,17777522.5,87450924.1,436764258
6099.9,S,42,43645.67,5721.14,17777522.5,87450988.7,436764450
6100.9,S,42,43646.65,5721.16,17777522.5,87450988.7,436764450
6101.9,S,42,43647.64,5721.18,17777522.5,87450988.8,436764452
6102.9,S,42,43648.62,5721.19,17777524.9,87450988.9,436764459
6103.9,S,42,43649.50,5721.22,17777528.6,87451053.9,436764566
6104.9,S,42,43650.48,5721.23,17777530.8,87451054.0,436764574
6105.9,S,42,43651.46,5721.25,17777532.5,87451054.2,436764577
6106.9,S,42,43652.35,5721.28,17777534.7,87451118.7,436764683
6107.9,S,42,43653.30,5721.31,17777537.4,87451125.3,436764699
6108.9,S,57,43660.58,5721.43,17777537.4,87451127.2,436764703
6109.9,S,57,43676.34,5721.69,17777537.4,87451127.4,436764705
6110.9,S,57,43692.12,5721.92,17777537.4,87451127.6,436764708
6111.9,S,57,43707.89,5722.16,17777537.4,87451127.7,436764708
6112.9,S,57,43720.42,5722.46,17777537.4,87451529.0,436765277
6113.9,S,57,43733.72,5722.76,17777537.4,87451994.1,436765985
6114.9,S,57,43748.97,5723.01,17777537.4,87452153.3,436766251
6115.9,S,57,43764.77,5723.22,17777537.4,87452154.2,436766256
6116.9,S,57,43780.42,5723.46,17777537.4,87452235.0,436766390
6117.9,S,57,43794.75,5723.73,17777537.4,87452544.5,436767049
6118.9,S,57,43808.57,5724.00,17777537.4,87452979.3,436767791
6119.9,S,57,43823.96,5724.27,17777537.4,87453312.2,436768080
6120.9,S,57,43839.66,5724.52,17777537.4,87453360.9,436768147
6121.9,S,57,43855.23,5724.79,17777537.4,87453504.4,436768357
6122.9,S,57,43870.31,5725.06,17777537.4,87453705.4,436768693
6123.9,S,57,43883.37,5725.34,17777537.4,87454031.2,436769430
6124.9,S,57,43898.70,5725.59,17777537.4,87454238.5,436769767
6125.9,S,57,43912.58,5725.86,17777537.4,87454528.7,436770440
6126.9,S,57,43928.19,5726.13,17777537.4,87454720.0,436770607
6127.9,S,57,43943.65,5726.41,17777537.4,87454916.4,436770859
6128.9,S,57,43959.12,5726.67,17777537.4,87455038.2,436771062
6129.9,S,57,43971.39,5726.97,17777537.4,87455466.6,436771922
6130.9,S,57,43985.71,5727.23,17777537.4,87455682.0,436772368
6131.9,S,57,44000.97,5727.49,17777537.4,87455901.9,436772745
6132.9,S,57,44016.69,5727.72,17777537.4,87455910.7,436772781
6133.9,S,56,44030.26,5727.98,17777537.4,87456206.4,436773174
6134.9,S,56,44044.82,5728.23,17777537.4,87456389.9,436773385
6135.9,S,56,44057.58,5728.48,17777537.4,87456671.4,436773930
6136.9,S,49,44065.37,5728.71,17777537.4,87457090.8,436774771
6137.9,S,42,44067.59,5729.06,17777537.4,87457301.0,436775199
6138.9,S,42,44071.92,5730.26,17777542.6,87457301.8,436775224
6139.9,S,42,44080.59,5731.75,17777552.7,87457302.9,436775248
6140.9,S,42,44089.30,5733.13,17777562.7,87457303.1,436775283
6141.9,S,42,44098.04,5734.54,17777572.8,87457303.8,436775310
6142.9,S,42,44106.83,5735.87,17777582.7,87457315.0,436775349
6143.9,S,42,44115.23,5737.25,17777589.8,87457370.1,436775490
6144.9,S,46,44124.68,5738.76,17777599.2,87457394.2,436775569
6145.9,S,42,44135.26,5740.25,17777608.3,87457516.6,436775811
6146.9,S,42,44144.00,5741.67,17777619.3,87457517.0,436775821
6147.9,S,42,44152.63,5743.09,17777630.4,87457517.2,436775831
6148.9,S,42,44161.47,5744.43,17777641.4,87457517.7,436775842
6149.9,S,42,44170.14,5745.88,17777652.5,87457517.9,436775857
6150.9,S,42,44178.86,5747.25,17777662.9,87457582.5,436775931
6151.9,S,46,44189.46,5748.72,17777674.7,87457632.3,436776003
6152.9,S,42,44199.32,5750.21,17777686.7,87457728.8,436776101
6153.9,S,42,44208.05,5751.64,17777698.0,87457729.0,436776115
6154.9,S,42,44216.86,5753.13,17777708.5,87457793.8,436776182
6155.9,S,42,44225.44,5754.63,17777717.6,87457802.9,436776207
6156.9,S,42,44234.20,5756.04,17777728.5,87457803.3,436776220
6157.9,S,42,44242.93,5757.41,17777739.4,87457803.7,436776242
6158.9,S,46,44253.97,5758.93,17777749.7,87457879.0,436776353
6159.9,S,42,44262.71,5760.18,17777759.2,87457975.0,436776620
6160.9,S,42,44270.27,5761.37,17777767.3,87458040.0,436776890
6161.9,S,42,44279.17,5762.85,17777772.1,87458040.3,436776903
6162.9,S,42,44287.87,5764.26,17777772.1,87458040.4,436776904
6163.9,S,42,44296.57,5765.48,17777772.1,87458040.9,436776907
6165.0,S,42,44305.30,5766.91,17777772.1,87458054.7,436776928
6166.0,S,46,44315.03,5768.20,17777772.1,87458206.5,436777159
6167.0,S,42,44324.21,5769.82,17777772.1,87458324.6,436777360
6168.0,S,42,44332.82,5771.33,17777772.1,87458325.1,436777366
6169.0,S,42,44341.66,5772.74,17777772.1,87458325.8,436777371
6170.0,S,42,44350.27,5774.16,17777772.1,87458326.1,436777374
6171.0,S,42,44358.97,5775.46,17777772.1,87458326.2,436777374
6172.0,S,42,44367.52,5776.95,17777772.1,87458391.2,436777482
6173.0,S,46,44376.58,5778.14,17777772.1,87458494.1,436777757
6174.0,S,42,44386.13,5779.76,17777772.1,87458590.2,436777932
6175.0,S,42,44394.77,5781.12,17777772.1,87458590.6,436777934
6176.0,S,42,44403.55,5782.51,17777772.1,87458655.2,436778046
6177.0,S,42,44412.25,5784.02,17777772.1,87458655.7,436778048
6178.0,S,42,44420.79,5785.58,17777772.1,87458655.9,436778054
6179.0,S,42,44429.57,5787.09,17777772.1,87458657.4,436778057
6180.0,S,46,44439.15,5788.36,17777776.2,87458823.4,436778405
6181.0,S,42,44448.63,5789.84,17777786.2,87458919.3,436778576
6182.0,S,42,44457.44,5791.22,17777796.9,87458919.9,436778615
6183.0,S,42,44466.17,5792.68,17777807.9,87458920.1,436778641
6184.0,S,42,44474.85,5794.09,17777818.8,87458920.6,436778679
6185.0,S,42,44483.43,5795.52,17777828.5,87458985.2,436778808
6186.0,S,42,44491.52,5797.10,17777836.2,87459044.1,436778931
6187.0,S,46,44503.21,5798.75,17777846.5,87459103.5,436779004
6188.0,S,42,44512.10,5800.04,17777857.1,87459199.8,436779105
6189.0,S,42,44521.08,5801.48,17777867.7,87459200.4,436779119
6190.0,S,42,44529.73,5802.97,17777879.4,87459200.6,436779128
6191.0,S,42,44538.57,5804.38,17777889.9,87459265.2,436779191
6192.0,S,42,44547.37,5805.69,17777899.2,87459265.7,436779211
6193.0,S,46,44556.94,5807.04,17777899.2,87459368.4,436779306
6194.0,S,42,44567.39,5808.55,17777899.2,87459464.4,436779529
6195.0,S,42,44576.12,5809.83,17777899.2,87459465.0,436779534
6196.0,S,42,44584.59,5811.20,17777899.2,87459529.4,436779622
6197.0,S,42,44593.16,5812.65,17777899.2,87459554.5,436779659
6198.0,S,42,44601.88,5814.05,17777899.2,87459555.3,436779667
6199.0,S,42,44610.56,5815.32,17777899.2,87459555.7,436779669
6200.0,S,46,44619.13,5816.58,17777899.2,87459659.2,436779869
6201.0,S,42,44629.09,5818.03,17777899.2,87459755.2,436780066
6202.0,S,42,44637.53,5819.41,17777899.2,87459819.9,436780186
6203.0,S,42,44646.20,5820.81,17777899.2,87459820.3,436780191
6204.0,S,42,44654.81,5822.14,17777899.2,87459820.7,436780192
6205.0,S,42,44663.48,5823.56,17777899.2,87459820.8,436780192
6206.0,S,42,44672.21,5825.15,17777899.2,87459885.6,436780294
6207.0,S,46,44680.48,5826.30,17777899.2,87459988.7,436780541
6208.0,S,42,44691.33,5827.89,17777903.4,87460084.9,436780733
6209.0,S,42,44699.95,5829.38,17777913.4,87460085.4,436780762
6210.0,S,42,44708.66,5830.78,17777924.2,87460085.7,436780780
6211.0,S,42,44717.43,5832.26,17777933.3,87460150.3,436780888
6212.0,S,42,44726.31,5833.71,17777943.7,87460150.9,436780930
6213.0,S,42,44734.96,5835.06,17777954.5,87460151.0,436780966
6214.0,S,46,44743.63,5836.39,17777962.2,87460301.6,436781291
6215.0,S,42,44753.48,5837.96,17777969.2,87460398.1,436781498
6216.0,S,42,44762.23,5839.34,17777969.4,87460398.1,436781499
6217.0,S,42,44771.04,5840.74,17777977.6,87460398.3,436781523
6218.0,S,42,44779.69,5842.18,17777987.0,87460398.9,436781555
6219.0,S,42,44787.93,5843.58,17777997.0,87460463.7,436781683
6220.0,S,42,44796.55,5844.87,17778005.8,87460463.9,436781707
6221.0,S,46,44805.34,5846.26,17778016.3,87460566.6,436781948
6222.0,S,42,44815.24,5847.82,17778027.2,87460662.6,436782055
6223.0,S,42,44823.85,5849.12,17778039.3,87460662.8,436782076
6224.0,S,42,44832.51,5850.53,17778047.7,87460727.5,436782141
6225.0,S,42,44841.21,5851.99,17778052.2,87460727.9,436782151
6226.0,S,42,44849.88,5853.44,17778052.2,87460728.5,436782155
6227.0,S,42,44858.84,5854.92,17778057.0,87460728.6,436782161
6228.0,S,46,44869.82,5856.47,17778066.7,87460831.6,436782281
6229.0,S,42,44878.34,5857.91,17778076.0,87460992.0,436782508
6230.0,S,42,44886.88,5859.47,17778087.9,87460992.3,436782536
6231.0,S,42,44895.47,5860.96,17778099.8,87460993.3,436782567
6232.0,S,42,44904.20,5862.35,17778111.5,87460993.5,436782593
6233.0,S,42,44912.58,5863.80,17778122.2,87461054.1,436782707
6234.0,S,42,44920.81,5865.17,17778136.8,87461082.2,436782774
6235.0,S,46,44931.67,5866.77,17778148.1,87461157.4,436782907
6236.0,S,42,44939.44,5868.04,17778157.3,87461253.9,436783216
6237.0,S,42,44947.93,5869.48,17778169.1,87461254.3,436783244
6238.0,S,42,44956.43,5870.73,17778179.6,87461319.0,436783374
6239.0,S,42,44965.01,5872.15,17778191.3,87461319.1,436783403
6240.0,S,42,44973.76,5873.49,17778202.3,87461319.3,436783427
6241.0,S,42,44982.70,5874.82,17778212.9,87461319.5,436783455
6242.0,S,46,44992.94,5876.18,17778222.8,87461422.7,436783639
6243.0,S,42,45001.88,5877.67,17778230.0,87461583.1,436783915
6244.0,S,42,45010.81,5879.16,17778240.2,87461583.4,436783944
6245.0,S,42,45019.71,5880.54,17778250.3,87461583.7,436783975
6246.0,S,42,45028.34,5881.87,17778261.6,87461612.7,436784042
6247.0,S,42,45036.93,5883.22,17778272.5,87461655.4,436784126
6248.0,S,42,45044.56,5884.35,17778272.5,87461765.2,436784308
6249.0,S,46,45056.70,5885.99,17778272.5,87461791.1,436784351
6250.0,S,42,45062.39,5886.84,17778272.6,87461873.2,436784561
6251.0,S,42,45067.07,5887.59,17778284.3,87461873.5,436784594
6252.0,S,42,45071.65,5888.32,17778294.0,87461938.0,436784747
6253.0,S,42,45076.32,5889.07,17778305.6,87461938.6,436784787
6254.0,S,42,45080.97,5889.87,17778317.4,87461939.0,436784819
6255.0,S,42,45085.61,5890.66,17778329.1,87461939.3,436784848
6256.0,S,42,45090.28,5891.38,17778340.7,87461939.4,436784874
6257.0,S,42,45095.01,5892.05,17778350.6,87462004.1,436785012
6258.0,S,42,45099.68,5892.80,17778362.5,87462004.4,436785042
6259.0,S,42,45103.95,5893.57,17778373.3,87462082.9,436785281
6260.0,S,42,45108.84,5894.38,17778384.8,87462099.3,436785340
6261.0,S,42,45113.52,5895.19,17778393.9,87462164.0,436785466
6262.0,S,42,45118.81,5895.99,17778399.3,87462171.3,436785480
6263.0,S,42,45124.20,5896.77,17778399.3,87462171.5,436785480
6264.0,S,42,45129.68,5897.61,17778399.3,87462172.2,436785482
6265.0,S,46,45136.71,5898.52,17778399.3,87462258.0,436785561
6266.0,S,42,45143.24,5899.34,17778399.3,87462418.4,436785699
6267.0,S,42,45147.32,5900.05,17778399.3,87462418.6,436785702
6268.0,S,42,45151.41,5900.71,17778399.3,87462418.8,436785702
6269.0,S,42,45155.55,5901.40,17778399.3,87462419.0,436785704
6270.0,S,42,45159.70,5902.08,17778399.3,87462419.9,436785711
6271.0,S,42,45163.78,5902.75,17778399.3,87462484.3,436785766
6272.0,S,42,45167.94,5903.37,17778399.3,87462484.5,436785768
6273.0,S,42,45171.98,5904.06,17778404.0,87462484.7,436785785
6274.0,S,42,45176.09,5904.74,17778410.8,87462484.9,436785804
6275.0,S,42,45180.04,5905.55,17778416.1,87462611.9,436786002
6276.0,S,42,45184.23,5906.16,17778421.8,87462612.6,436786030
6277.0,S,42,45188.61,5906.83,17778427.1,87462612.8,436786054
6278.0,S,42,45192.81,5907.47,17778436.3,87462612.9,436786075
6279.0,S,42,45197.33,5908.32,17778437.2,87462653.2,436786239
6280.0,S,42,45202.07,5909.12,17778437.2,87462696.1,436786300
6281.0,S,42,45206.63,5909.96,17778437.2,87462696.7,436786306
6282.0,S,42,45211.47,5910.75,17778437.2,87462697.2,436786309
6283.0,S,42,45216.22,5911.48,17778437.2,87462734.2,436786362
6284.1,S,42,45220.87,5912.29,17778437.2,87462761.9,436786409
6285.1,S,42,45225.52,5913.10,17778437.2,87462762.2,436786412
6286.1,S,42,45230.17,5913.92,17778437.2,87462762.6,436786414
6287.1,S,46,45237.50,5914.68,17778437.2,87462788.7,436786471
6288.1,S,42,45240.94,5915.11,17778437.2,87462949.4,436786778
6289.1,S,42,45241.93,5915.13,17778437.2,87462949.6,436786779
6290.1,S,42,45242.91,5915.14,17778437.2,87462949.7,436786786
6291.1,S,42,45243.90,5915.16,17778438.0,87462949.9,436786786
6292.1,S,42,45244.77,5915.18,17778449.0,87463014.8,436786918
6293.1,S,42,45245.72,5915.21,17778461.9,87463015.3,436786955
6294.1,S,42,45246.67,5915.23,17778474.7,87463015.3,436786989
6295.1,S,42,45247.63,5915.25,17778487.0,87463015.5,436787029
6296.1,S,42,45248.45,5915.28,17778497.5,87463134.9,436787306
6297.1,S,42,45249.34,5915.36,17778500.4,87463148.0,436787334
6298.1,S,42,45250.30,5915.38,17778509.3,87463148.6,436787356
6299.1,S,42,45251.26,5915.40,17778522.6,87463149.2,436787382
6300.1,S,42,45252.20,5915.43,17778535.2,87463149.2,436787422
6301.1,S,42,45253.08,5915.45,17778547.4,87463213.8,436787544
6302.1,S,42,45254.04,5915.46,17778561.2,87463213.9,436787577
6303.1,S,42,45254.99,5915.48,17778575.5,87463214.0,436787609
6304.1,S,42,45255.94,5915.51,17778588.5,87463214.8,436787649
6305.1,S,42,45256.76,5915.53,17778595.3,87463279.6,436787820
6306.1,S,42,45257.75,5915.54,17778595.3,87463295.6,436787847
6307.1,S,42,45258.73,5915.56,17778595.3,87463295.8,436787851
6308.1,S,42,45259.73,5915.57,17778595.3,87463296.0,436787857
6309.1,S,42,45260.61,5915.60,17778595.3,87463360.9,436787954
6310.1,S,42,45261.54,5915.65,17778595.3,87463374.4,436787979
6311.1,S,42,45262.53,5915.66,17778595.3,87463385.1,436788004
6312.1,S,42,45263.51,5915.68,17778595.3,87463410.6,436788046
6313.1,S,42,45264.47,5915.70,17778597.7,87463456.4,436788309
6314.1,S,42,45265.46,5915.71,17778599.5,87463456.5,436788317
6315.1,S,42,45266.42,5915.72,17778599.7,87463489.2,436788432
6316.1,S,42,45267.41,5915.74,17778599.7,87463489.5,436788439
6317.1,S,42,45268.34,5915.76,17778599.7,87463523.1,436788497
6318.1,S,42,45269.32,5915.77,17778599.7,87463523.2,436788499
6319.1,S,42,45270.31,5915.79,17778599.7,87463523.4,436788500
6320.1,S,42,45271.29,5915.81,17778599.7,87463523.6,436788501
6321.1,S,42,45272.14,5915.83,17778604.6,87463589.0,436788643
6322.1,S,42,45273.08,5915.86,17778618.0,87463589.1,436788680
6323.1,S,42,45274.05,5915.87,17778631.5,87463589.3,436788700
6324.1,S,42,45275.01,5915.89,17778644.8,87463589.3,436788733
6325.1,S,42,45275.84,5915.92,17778655.9,87463653.9,436788883
6326.1,S,42,45276.73,5915.98,17778667.5,87463669.6,436788941
6327.1,S,42,45277.68,5916.00,17778680.1,87463669.8,436788973
6328.1,S,42,45278.64,5916.02,17778692.7,87463669.9,436789001
6329.1,S,42,45279.60,5916.04,17778704.8,87463670.1,436789022
6330.1,S,42,45280.49,5916.07,17778716.1,87463734.5,436789119
6331.1,S,42,45281.46,5916.09,17778726.7,87463734.7,436789138
6332.1,S,42,45282.44,5916.11,17778726.7,87463735.4,436789140
6333.1,S,42,45283.41,5916.14,17778726.7,87463735.6,436789143
6334.1,S,42,45284.34,5916.16,17778726.7,87463800.1,436789204
6335.1,S,42,45285.27,5916.21,17778727.8,87463822.3,436789230
6336.1,S,42,45286.26,5916.22,17778727.8,87463822.5,436789230
6337.1,S,42,45287.24,5916.25,17778727.8,87463822.7,436789233
6338.1,S,42,45288.23,5916.26,17778727.8,87463823.3,436789236
6339.1,S,42,45289.15,5916.29,17778731.6,87463887.8,436789296
6340.1,S,42,45290.15,5916.30,17778731.6,87463887.9,436789297
6341.1,S,42,45291.14,5916.31,17778731.6,87463888.1,436789298
6342.1,S,42,45292.07,5916.33,17778731.6,87463952.6,436789352
6343.1,S,42,45293.06,5916.34,17778731.6,87463953.0,436789356
6344.1,S,42,45294.03,5916.36,17778744.0,87463953.3,436789370
6345.1,S,42,45295.01,5916.38,17778756.8,87463953.4,436789385
6346.1,S,42,45295.92,5916.41,17778768.1,87464017.9,436789451
6347.1,S,42,45296.90,5916.43,17778781.0,87464018.1,436789459
6348.1,S,42,45297.87,5916.46,17778793.8,87464018.2,436789472
6349.1,S,42,45298.77,5916.52,17778794.4,87464088.1,436789565
6350.1,S,42,45299.76,5916.53,17778794.4,87464088.6,436789567
6351.1,S,42,45300.75,5916.55,17778794.4,87464088.9,436789570
6352.1,S,42,45301.64,5916.57,17778794.4,87464153.4,436789660
6353.1,S,42,45302.62,5916.59,17778794.4,87464153.5,436789664
6354.1,S,42,45303.60,5916.61,17778794.4,87464153.8,436789666
6355.1,S,42,45304.59,5916.63,17778794.4,87464154.0,436789669
6356.1,S,42,45305.42,5916.64,17778794.4,87464218.7,436789828
6357.1,S,42,45306.42,5916.65,17778794.4,87464218.9,436789832
6358.1,S,42,45307.40,5916.67,17778794.4,87464219.0,436789833
6359.1,S,42,45308.40,5916.68,17778794.4,87464219.2,436789836
6360.1,S,42,45309.26,5916.70,17778794.4,87464283.9,436789957
6361.1,S,42,45310.25,5916.72,17778794.4,87464284.2,436789961
6362.1,S,42,45311.10,5916.78,17778794.4,87464317.8,436790048
6363.1,S,42,45312.08,5916.80,17778794.4,87464318.1,436790053
6364.1,S,42,45313.07,5916.82,17778794.4,87464318.3,436790059
6365.1,S,42,45314.05,5916.84,17778794.4,87464318.5,436790063
6366.1,S,42,45314.93,5916.87,17778794.4,87464383.4,436790167
6367.1,S,42,45315.91,5916.89,17778794.4,87464383.8,436790171
6368.1,S,42,45316.89,5916.90,17778794.4,87464383.9,436790173
6369.1,S,42,45317.69,5916.93,17778794.4,87464438.7,436790360
6370.1,S,42,45318.65,5916.94,17778794.4,87464448.5,436790387
6371.1,S,42,45319.64,5916.96,17778794.4,87464449.0,436790391
6372.1,S,42,45320.61,5916.98,17778794.4,87464449.0,436790393
6373.1,S,42,45321.50,5917.00,17778794.4,87464513.8,436790496
6374.1,S,42,45322.50,5917.01,17778794.4,87464513.9,436790496
6375.1,S,42,45323.28,5917.07,17778794.4,87464544.9,436790651
6376.1,S,42,45324.26,5917.10,17778794.4,87464545.6,436790661
6377.1,S,42,45325.25,5917.11,17778794.4,87464545.9,436790664
6378.1,S,42,45326.23,5917.13,17778794.4,87464546.3,436790667
6379.1,S,42,45327.15,5917.16,17778794.4,87464610.9,436790724
6380.1,S,42,45328.13,5917.18,17778794.4,87464611.1,436790727
6381.1,S,42,45329.10,5917.21,17778794.4,87464611.2,436790729
6382.1,S,42,45330.09,5917.22,17778794.4,87464611.8,436790732
6383.1,S,42,45331.02,5917.25,17778794.4,87464676.4,436790785
6384.1,S,42,45332.01,5917.26,17778794.4,87464676.8,436790787
6385.1,S,42,45332.99,5917.28,17778794.4,87464676.9,436790791
6386.1,S,42,45333.91,5917.31,17778794.4,87464741.4,436790850
6387.1,S,42,45334.90,5917.32,17778794.4,87464741.7,436790851
6388.1,S,42,45335.87,5917.35,17778803.8,87464741.8,436790857
6389.1,S,42,45336.85,5917.36,17778817.4,87464741.9,436790872
6390.1,S,42,45337.78,5917.39,17778829.9,87464806.7,436790943
6391.1,S,42,45338.74,5917.41,17778843.5,87464806.8,436790955
6392.1,S,42,45339.71,5917.44,17778856.8,87464807.0,436790978
6393.1,S,42,45340.61,5917.50,17778857.7,87464852.1,436791023
6394.1,S,42,45341.59,5917.52,17778857.7,87464852.3,436791026
6395.1,S,42,45342.58,5917.53,17778857.7,87464852.4,436791026
6396.1,S,42,45343.46,5917.56,17778857.7,87464917.2,436791130
6397.1,S,42,45344.44,5917.58,17778857.7,87464917.3,436791134
6398.1,S,42,45345.43,5917.58,17778857.7,87464917.7,436791135
6399.1,S,42,45346.42,5917.60,17778857.7,87464917.8,436791137
6400.1,S,42,45347.30,5917.62,17778857.7,87464982.3,436791251
6401.1,S,42,45348.28,5917.63,17778858.6,87464982.5,436791258
6402.1,S,42,45349.24,5917.65,17778870.6,87464982.9,436791288
6403.1,S,42,45350.19,5917.68,17778883.2,87464983.0,436791323
6404.2,S,42,45351.06,5917.70,17778894.5,87465047.8,436791452
6405.2,S,42,45352.02,5917.71,17778908.1,87465047.8,436791481
6406.2,S,42,45352.99,5917.72,17778921.5,87465048.0,436791508
6407.2,S,42,45353.95,5917.74,17778935.1,87465048.1,436791535
6408.2,S,42,45354.81,5917.77,17778946.4,87465112.8,436791673
6409.2,S,42,45355.77,5917.78,17778959.8,87465113.4,436791702
6410.2,S,42,45356.73,5917.80,17778973.2,87465113.6,436791723
6411.2,S,42,45357.56,5917.85,17778984.1,87465168.7,436791851
6412.2,S,42,45358.52,5917.89,17778984.1,87465169.0,436791853
6413.2,S,42,45359.51,5917.90,17778984.1,87465169.2,436791855
6414.2,S,42,45360.50,5917.92,17778984.1,87465169.7,436791858
6415.2,S,42,45361.25,5917.93,17778984.1,87465234.4,436792099
6416.2,S,42,45362.23,5917.95,17778984.1,87465234.6,436792106
6417.2,S,42,45363.22,5917.97,17778984.1,87465234.7,436792108
6418.2,S,42,45364.21,5917.98,17778984.1,87465234.8,436792112
6419.2,S,42,45365.09,5918.01,17778984.1,87465299.3,436792206
6420.2,S,42,45366.07,5918.03,17778984.1,87465300.0,436792210
6421.2,S,42,45367.05,5918.05,17778984.1,87465300.0,436792212
6422.2,S,42,45368.03,5918.08,17778984.1,87465300.2,436792216
6423.2,S,42,45368.92,5918.10,17778984.1,87465364.7,436792313
6424.2,S,42,45369.89,5918.13,17778984.1,87465364.9,436792315
6425.2,S,42,45370.88,5918.14,17778984.1,87465365.5,436792318
6426.2,S,42,45371.75,5918.17,17778984.1,87465430.2,436792431
6427.2,S,42,45372.72,5918.19,17778987.8,87465430.3,436792444
6428.2,S,42,45373.69,5918.21,17778999.7,87465430.5,436792471
6429.2,S,42,45374.64,5918.23,17779011.0,87465430.5,436792507
6430.2,S,42,45375.50,5918.26,17779021.0,87465495.1,436792640
6431.2,S,42,45376.45,5918.28,17779032.8,87465495.5,436792667
6432.2,S,42,45377.40,5918.31,17779044.7,87465496.0,436792708
6433.2,S,42,45378.27,5918.39,17779047.5,87465533.2,436792767
6434.2,S,42,45379.25,5918.40,17779047.5,87465533.5,436792771
6435.2,S,42,45380.23,5918.42,17779047.5,87465533.6,436792773
6436.2,S,42,45381.15,5918.45,17779047.5,87465588.5,436792852
6437.2,S,42,45382.10,5918.48,17779047.5,87465599.2,436792879
6438.2,S,42,45383.09,5918.49,17779047.5,87465599.4,436792884
6439.2,S,42,45384.07,5918.51,17779047.5,87465599.6,436792889
6440.2,S,42,45384.92,5918.53,17779047.5,87465664.0,436793026
6441.2,S,42,45385.89,5918.56,17779047.5,87465664.6,436793029
6442.2,S,42,45386.88,5918.57,17779047.5,87465664.8,436793033
6443.2,S,42,45387.86,5918.59,17779049.8,87465665.1,436793037
6444.2,S,42,45388.72,5918.62,17779060.2,87465729.7,436793151
6445.2,S,42,45389.68,5918.64,17779073.2,87465729.8,436793176
6446.2,S,42,45390.64,5918.65,17779085.4,87465729.9,436793205
6447.2,S,42,45391.60,5918.67,17779097.8,87465730.2,436793237
6448.2,S,42,45392.35,5918.70,17779107.4,87465794.8,436793486
6449.2,S,42,45393.27,5918.76,17779110.9,87465802.0,436793508
6450.2,S,42,45394.26,5918.77,17779110.9,87465802.3,436793513
6451.2,S,42,45395.25,5918.78,17779110.9,87465802.4,436793518
6452.2,S,42,45396.23,5918.80,17779110.9,87465808.6,436793525
6453.2,S,42,45397.09,5918.82,17779110.9,87465867.4,436793645
6454.2,S,42,45398.07,5918.84,17779110.9,87465867.7,436793649
6455.2,S,42,45399.05,5918.86,17779110.9,87465868.0,436793651
6456.2,S,42,45399.93,5918.89,17779110.9,87465932.5,436793755
6457.2,S,42,45400.92,5918.90,17779110.9,87465932.6,436793761
6458.2,S,42,45401.91,5918.91,17779110.9,87465932.8,436793763
6459.2,S,42,45402.90,5918.92,17779110.9,87465933.1,436793764
6460.2,S,42,45403.77,5918.94,17779110.9,87465997.6,436793887
6461.2,S,42,45404.75,5918.96,17779112.7,87465997.9,436793895
6462.2,S,42,45405.72,5918.98,17779122.0,87465998.1,436793934
6463.2,S,42,45406.68,5919.00,17779132.4,87465998.1,436793965
6464.2,S,42,45407.50,5919.02,17779141.6,87466062.9,436794141
6465.2,S,42,45408.46,5919.04,17779153.7,87466063.1,436794175
6466.2,S,42,45409.36,5919.10,17779156.2,87466091.6,436794226
6467.2,S,42,45410.35,5919.12,17779156.2,87466092.2,436794227
6468.2,S,42,45411.33,5919.14,17779156.2,87466092.3,436794229
6469.2,S,42,45412.32,5919.15,17779156.2,87466092.5,436794234
6470.2,S,42,45413.25,5919.17,17779156.2,87466157.4,436794294
6471.2,S,42,45414.23,5919.19,17779156.2,87466157.6,436794296
6472.2,S,42,45415.22,5919.20,17779156.2,87466157.8,436794300
6473.2,S,42,45416.15,5919.23,17779156.2,87466222.4,436794356
6474.2,S,42,45417.13,5919.24,17779156.2,87466222.6,436794360
6475.2,S,42,45418.11,5919.27,17779156.2,87466223.2,436794363
6476.2,S,42,45419.09,5919.29,17779156.2,87466223.4,436794363
6477.2,S,42,45420.02,5919.32,17779156.2,87466287.8,436794417
6478.2,S,42,45421.01,5919.33,17779156.2,87466288.2,436794418
6479.2,S,42,45421.99,5919.35,17779156.2,87466288.3,436794418
6480.2,S,42,45422.87,5919.42,17779156.2,87466349.6,436794476
6481.2,S,57,45424.01,5919.42,17779156.2,87466350.2,436794477
6482.2,S,57,45439.76,5919.68,17779156.2,87466350.9,436794483
6483.2,S,57,45455.52,5919.94,17779156.2,87466351.1,436794485
6484.2,S,57,45471.28,5920.18,17779156.2,87466352.0,436794485
6485.2,S,57,45486.86,5920.46,17779156.2,87466513.0,436794677
6486.2,S,57,45500.45,5920.72,17779156.2,87466899.5,436795511
6487.2,S,57,45513.01,5921.02,17779156.2,87467364.2,436796333
6488.2,S,57,45528.60,5921.26,17779156.2,87467452.5,436796527
6489.2,S,57,45544.39,5921.49,17779156.2,87467452.7,436796528
6490.2,S,57,45559.16,5921.79,17779156.2,87467761.9,436797054
6491.2,S,57,45572.84,5922.12,17779156.2,87468194.2,436797803
6492.2,S,57,45587.36,5922.37,17779156.2,87468456.6,436798253
6493.2,S,57,45603.13,5922.62,17779156.2,87468456.8,436798255
6494.2,S,57,45618.65,5922.87,17779156.2,87468553.5,436798448
6495.2,S,57,45631.85,5923.17,17779156.2,87468949.9,436799155
6496.2,S,57,45646.50,5923.48,17779156.2,87469367.4,436799669
6497.2,S,57,45662.22,5923.74,17779156.2,87469437.3,436799736
6498.2,S,57,45677.88,5923.97,17779156.2,87469491.1,436799866
6499.2,S,57,45693.25,5924.24,17779156.2,87469761.8,436800276
6500.2,S,57,45706.89,5924.56,17779156.2,87470174.1,436801197
6501.2,S,57,45721.48,5924.85,17779156.2,87470400.1,436801568
6502.2,S,57,45737.15,5925.11,17779156.2,87470427.8,436801618
6503.2,S,57,45752.77,5925.35,17779156.2,87470502.0,436801778
6504.2,S,57,45768.03,5925.65,17779156.2,87470820.6,436802150
6505.2,S,57,45782.94,5925.95,17779156.2,87471142.3,436802565
6506.2,S,56,45796.31,5926.26,17779156.2,87471505.8,436803345
6507.2,S,56,45811.01,5926.50,17779156.2,87471556.1,436803442
6508.2,S,56,45825.27,5926.77,17779156.3,87471832.7,436803830
6509.2,S,51,45835.17,5926.99,17779156.3,87472144.9,436804435
6510.2,S,42,45837.58,5927.28,17779156.3,87472498.8,436804801
6511.2,S,42,45841.08,5928.39,17779156.3,87472500.2,436804806
6512.2,S,42,45849.76,5929.83,17779156.3,87472501.6,436804809
6513.2,S,42,45858.43,5931.23,17779156.3,87472501.9,436804812
6514.2,S,42,45867.21,5932.60,17779157.7,87472502.5,436804818
6515.2,S,42,45875.68,5933.99,17779167.4,87472567.2,436804884
6516.2,S,42,45884.35,5935.41,17779177.2,87472567.4,436804902
6517.2,S,46,45892.94,5936.82,17779186.3,87472593.2,436804963
6518.2,S,46,45904.41,5938.39,17779195.8,87472670.2,436805120
6519.2,S,42,45913.29,5939.88,17779205.7,87472689.4,436805188
6520.2,S,42,45921.89,5941.42,17779214.3,87472751.7,436805327
6521.2,S,42,45930.65,5942.67,17779225.8,87472752.1,436805364
6522.3,S,42,45939.42,5944.07,17779237.2,87472752.6,436805390
6523.3,S,42,45948.31,5945.39,17779249.1,87472752.8,436805421
6524.3,S,46,45957.71,5946.80,17779258.7,87472803.0,436805562
6525.3,S,42,45967.07,5948.23,17779267.2,87472963.7,436805892
6526.3,S,42,45975.98,5949.65,17779279.1,87472964.1,436805926
6527.3,S,42,45984.70,5951.10,17779291.1,87472964.4,436805956
6528.3,S,42,45993.41,5952.50,17779302.3,87472964.7,436805978
6529.3,S,42,46002.33,5953.98,17779312.6,87472965.0,436806007
6530.3,S,42,46010.92,5955.40,17779322.5,87473029.6,436806130
6531.3,S,46,46021.52,5956.80,17779332.6,87473105.6,436806304
6532.3,S,42,46030.87,5958.38,17779340.8,87473226.8,436806572
6533.3,S,42,46039.62,5959.83,17779351.6,87473227.2,436806615
6534.3,S,42,46048.28,5961.30,17779363.1,87473227.7,436806640
6535.3,S,42,46056.91,5962.72,17779374.7,87473227.9,436806669
6536.3,S,42,46065.50,5964.11,17779386.0,87473228.3,436806695
6537.3,S,46,46072.17,5965.27,17779394.6,87473394.5,436807041
6538.3,S,46,46084.32,5966.94,17779406.2,87473438.0,436807125
6539.3,S,42,46092.35,5968.21,17779416.9,87473490.8,436807333
6540.3,S,42,46101.05,5969.66,17779428.9,87473491.2,436807364
6541.3,S,42,46109.73,5971.06,17779441.1,87473491.5,436807402
6542.3,S,42,46118.33,5972.49,17779450.7,87473556.4,436807587
6543.3,S,42,46126.94,5973.92,17779462.5,87473556.7,436807626
6544.3,S,42,46133.92,5975.09,17779465.2,87473674.0,436807867
6545.3,S,46,46146.01,5976.78,17779465.2,87473693.7,436807899
6546.3,S,42,46154.24,5978.26,17779471.5,87473781.5,436808042
6547.3,S,42,46162.99,5979.64,17779482.3,87473782.1,436808063
6548.3,S,42,46171.60,5981.06,17779492.6,87473846.7,436808126
6549.3,S,42,46180.45,5982.47,17779503.7,87473846.9,436808139
6550.3,S,42,46189.20,5983.77,17779515.1,87473847.1,436808150
6551.3,S,46,46197.94,5985.09,17779526.2,87473949.9,436808257
6552.3,S,42,46209.43,5986.65,17779526.2,87474045.9,436808344
6553.3,S,42,46218.22,5988.05,17779526.2,87474110.7,436808458
6554.3,S,42,46227.03,5989.45,17779526.2,87474110.9,436808460
6555.3,S,42,46235.84,5990.91,17779526.2,87474111.2,436808462
6556.3,S,42,46244.60,5992.42,17779526.2,87474164.4,436808611
6557.3,S,42,46253.10,5994.07,17779526.2,87474164.8,436808613
6558.3,S,46,46261.54,5995.35,17779526.2,87474268.2,436808824
6559.3,S,42,46271.87,5996.92,17779526.2,87474364.8,436809019
6560.3,S,42,46280.57,5998.30,17779526.2,87474364.9,436809020
6561.3,S,42,46289.30,5999.87,17779526.2,87474429.6,436809148
6562.3,S,42,46298.10,6001.32,17779526.2,87474429.8,436809150
6563.3,S,42,46306.92,6002.75,17779533.7,87474430.3,436809172
6564.3,S,42,46315.50,6004.19,17779544.2,87474430.8,436809201
6565.3,S,46,46324.96,6005.52,17779552.9,87474533.6,436809386
6566.3,S,42,46334.22,6007.01,17779560.8,87474694.0,436809667
6567.3,S,42,46342.88,6008.31,17779571.4,87474694.3,436809699
6568.3,S,42,46351.50,6009.67,17779582.0,87474694.6,436809718
6569.3,S,42,46359.89,6011.15,17779589.4,87474741.9,436809825
6570.3,S,42,46368.61,6012.62,17779589.4,87474742.2,436809826
6571.3,S,42,46377.42,6013.97,17779589.4,87474742.5,436809829
6572.3,S,46,46385.26,6015.18,17779589.4,87474845.3,436810079
6573.3,S,42,46395.97,6016.71,17779589.4,87474941.8,436810295
6574.3,S,42,46404.28,6018.21,17779589.4,87475006.8,436810408
6575.3,S,42,46412.80,6019.74,17779589.4,87475007.1,436810414
6576.3,S,42,46421.52,6021.05,17779589.4,87475007.2,436810416
6577.3,S,42,46430.21,6022.45,17779589.4,87475007.5,436810416
6578.3,S,42,46438.59,6023.93,17779589.4,87475072.3,436810657
6579.3,S,46,46447.20,6025.26,17779589.4,87475175.2,436810832
6580.3,S,42,46458.01,6026.87,17779589.4,87475271.2,436810991
6581.3,S,42,46466.53,6028.38,17779589.4,87475345.7,436811063
6582.3,S,42,46475.02,6029.88,17779589.4,87475347.2,436811073
6583.3,S,42,46483.66,6031.29,17779589.4,87475347.6,436811081
6584.3,S,42,46492.34,6032.72,17779589.4,87475348.1,436811083
6585.3,S,42,46500.97,6034.12,17779589.4,87475348.7,436811087
6586.3,S,46,46510.53,6035.56,17779589.4,87475516.1,436811234
6587.3,S,42,46521.42,6037.04,17779589.4,87475612.3,436811358
6588.3,S,42,46530.11,6038.48,17779589.4,87475612.4,436811359
6589.3,S,42,46538.93,6039.84,17779589.4,87475612.7,436811362
6590.3,S,42,46547.48,6041.31,17779589.4,87475677.5,436811532
6591.3,S,42,46556.25,6042.84,17779589.4,87475678.2,436811537
6592.3,S,42,46564.19,6044.14,17779589.4,87475735.3,436811623
6593.3,S,46,46575.52,6045.72,17779589.4,87475781.1,436811711
6594.3,S,42,46584.06,6047.13,17779589.4,87475930.4,436811972
6595.3,S,42,46592.91,6048.52,17779589.4,87475930.9,436811978
6596.3,S,42,46601.71,6049.97,17779589.4,87475931.6,436811980
6597.3,S,42,46610.45,6051.31,17779589.4,87475932.0,436811986
6598.3,S,42,46619.10,6052.73,17779589.4,87475996.5,436812099
6599.3,S,46,46625.58,6053.60,17779589.4,87476099.7,436812426
6600.3,S,46,46637.18,6055.16,17779589.4,87476162.2,436812535
6601.3,S,42,46646.03,6056.60,17779589.4,87476196.1,436812608
6602.3,S,42,46654.62,6058.21,17779589.4,87476196.9,436812610
6603.3,S,42,46663.35,6059.60,17779589.4,87476261.6,436812727
6604.4,S,42,46671.99,6061.01,17779589.4,87476262.0,436812732
6605.4,S,42,46680.85,6062.37,17779589.4,87476262.2,436812734
6606.4,S,46,46689.12,6063.74,17779589.4,87476364.8,436812896
6607.4,S,43,46700.20,6065.35,17779589.4,87476501.3,436813112
6608.4,S,42,46709.13,6066.73,17779589.4,87476525.8,436813151
6609.4,S,42,46717.87,6068.14,17779589.4,87476549.8,436813199
6610.4,S,42,46726.64,6069.51,17779589.4,87476550.1,436813200
6611.4,S,42,46735.23,6070.97,17779589.4,87476550.4,436813203
6612.4,S,42,46744.01,6072.35,17779589.4,87476550.5,436813205
6613.4,S,46,46752.78,6073.49,17779589.4,87476718.4,436813541
6614.4,S,42,46763.50,6075.09,17779589.4,87476814.3,436813764
6615.4,S,42,46772.40,6076.43,17779589.4,87476814.5,436813767
6616.4,S,42,46780.97,6078.02,17779589.4,87476814.7,436813768
6617.4,S,42,46789.65,6079.40,17779589.4,87476815.0,436813772
6618.4,S,42,46798.12,6080.83,17779589.4,87476880.6,436813836
6619.4,S,42,46806.81,6082.34,17779589.4,87476881.0,436813844
6620.4,S,46,46817.58,6083.99,17779589.4,87476983.6,436813937
6621.4,S,42,46824.77,6085.24,17779589.4,87477126.8,436814096
6622.4,S,42,46829.38,6086.07,17779589.4,87477127.2,436814099
6623.4,S,42,46834.02,6086.79,17779589.4,87477127.4,436814101
6624.4,S,42,46838.82,6087.53,17779589.4,87477128.2,436814105
6625.4,S,42,46843.46,6088.30,17779589.4,87477174.1,436814172
6626.4,S,42,46848.12,6089.10,17779589.4,87477193.1,436814218
6627.4,S,42,46852.72,6089.92,17779589.4,87477193.2,436814220
6628.4,S,42,46857.41,6090.75,17779589.4,87477193.5,436814222
6629.4,S,42,46862.02,6091.50,17779589.4,87477194.0,436814224
6630.4,S,42,46866.65,6092.25,17779589.4,87477258.7,436814415
6631.4,S,42,46871.24,6093.10,17779589.4,87477258.9,436814417
6632.4,S,42,46875.99,6093.82,17779589.4,87477259.1,436814426
6633.4,S,42,46880.70,6094.56,17779593.1,87477356.7,436814575
6634.4,S,42,46885.44,6095.30,17779602.9,87477357.3,436814621
6635.4,S,42,46890.14,6096.10,17779612.1,87477422.3,436814740
6636.4,S,42,46894.86,6096.90,17779622.5,87477422.8,436814768
6637.4,S,46,46902.56,6097.66,17779633.2,87477428.3,436814815
6638.4,S,42,46906.87,6098.29,17779642.6,87477602.5,436815195
6639.4,S,42,46910.46,6098.89,17779652.8,87477624.8,436815272
6640.4,S,42,46914.42,6099.64,17779652.8,87477665.6,436815365
6641.4,S,42,46918.58,6100.24,17779652.8,87477666.2,436815369
6642.4,S,42,46922.68,6100.98,17779652.9,87477667.4,436815392
6643.4,S,42,46926.83,6101.60,17779652.9,87477667.6,436815395
6644.4,S,42,46930.89,6102.29,17779652.9,87477732.4,436815503
6645.4,S,42,46935.07,6102.96,17779652.9,87477732.7,436815505
6646.4,S,42,46939.18,6103.65,17779652.9,87477732.8,436815507
6647.4,S,42,46943.26,6104.30,17779652.9,87477733.2,436815510
6648.4,S,42,46947.30,6104.93,17779652.9,87477861.7,436815728
6649.4,S,42,46951.39,6105.62,17779652.9,87477862.0,436815731
6650.4,S,42,46955.59,6106.24,17779652.9,87477862.4,436815733
6651.4,S,42,46959.70,6106.94,17779652.9,87477862.7,436815737
6652.4,S,42,46963.88,6107.58,17779652.9,87477863.0,436815739
6653.4,S,42,46968.00,6108.23,17779652.9,87477970.5,436815903
6654.4,S,42,46972.19,6108.96,17779652.9,87477970.7,436815903
6655.4,S,42,46976.46,6109.62,17779655.5,87477971.1,436815914
6656.4,S,42,46980.66,6110.23,17779664.5,87477971.3,436815934
6657.4,S,42,46984.72,6110.98,17779674.3,87477971.5,436815969
6658.4,S,42,46988.86,6111.65,17779682.2,87478036.2,436816140
6659.4,S,42,46993.04,6112.29,17779690.1,87478036.5,436816163
6660.4,S,42,46997.21,6112.96,17779698.1,87478037.0,436816184
6661.4,S,46,47003.04,6113.63,17779707.6,87478061.8,436816272
6662.4,S,42,47007.80,6114.05,17779716.1,87478206.6,436816559
6663.4,S,42,47008.69,6114.13,17779716.1,87478214.3,436816598
6664.4,S,42,47009.67,6114.15,17779716.1,87478214.4,436816600
6665.4,S,42,47010.65,6114.17,17779716.1,87478214.6,436816603
6666.4,S,42,47011.45,6114.19,17779716.1,87478279.4,436816794
6667.4,S,42,47012.44,6114.21,17779716.1,87478279.6,436816798
6668.4,S,42,47013.42,6114.22,17779716.1,87478279.7,436816800
6669.4,S,42,47014.41,6114.23,17779716.1,87478306.9,436816822
6670.4,S,42,47015.34,6114.26,17779716.1,87478371.5,436816879
6671.4,S,42,47016.32,6114.28,17779716.1,87478371.9,436816885
6672.4,S,42,47017.30,6114.30,17779716.1,87478372.0,436816887
6673.4,S,42,47018.29,6114.31,17779716.1,87478372.1,436816890
6674.4,S,42,47019.21,6114.34,17779719.5,87478436.8,436816945
6675.4,S,42,47020.19,6114.36,17779732.8,87478437.3,436816958
6676.4,S,42,47021.16,6114.38,17779745.9,87478437.8,436816967
6677.4,S,42,47022.14,6114.39,17779759.6,87478438.0,436816980
6678.4,S,42,47023.05,6114.42,17779771.9,87478502.6,436817058
6679.4,S,42,47023.97,6114.48,17779779.3,87478541.3,436817102
6680.4,S,42,47024.96,6114.49,17779779.3,87478541.4,436817104
6681.4,S,42,47025.94,6114.51,17779779.3,87478542.1,436817106
6682.4,S,42,47026.92,6114.53,17779779.3,87478542.3,436817109
6683.4,S,42,47027.86,6114.56,17779779.3,87478606.9,436817164
6684.4,S,42,47028.85,6114.56,17779779.3,87478616.4,436817172
6685.4,S,42,47029.83,6114.58,17779779.3,87478616.7,436817176
6686.4,S,42,47030.82,6114.59,17779783.1,87478617.0,436817184
6687.4,S,42,47031.66,6114.62,17779794.5,87478682.2,436817330
6688.4,S,42,47032.62,6114.64,17779808.2,87478682.3,436817360
6689.4,S,42,47033.57,6114.67,17779821.9,87478682.5,436817391
6690.4,S,42,47034.52,6114.69,17779835.7,87478682.6,436817420
6691.4,S,42,47035.32,6114.73,17779842.7,87478750.8,436817593
6692.4,S,42,47036.30,6114.75,17779848.6,87478751.2,436817613
6693.4,S,42,47037.25,6114.77,17779861.8,87478751.7,436817654
6694.4,S,42,47038.21,6114.80,17779876.1,87478753.0,436817688
6695.4,S,42,47039.06,6114.83,17779887.7,87478817.5,436817831
6696.4,S,42,47040.02,6114.84,17779901.0,87478817.6,436817871
6697.4,S,42,47040.98,6114.86,17779912.8,87478817.7,436817919
6698.4,S,42,47041.94,6114.88,17779925.6,87478818.1,436817961
6699.4,S,42,47042.80,6114.91,17779936.5,87478882.8,436818084
6700.4,S,42,47043.76,6114.93,17779950.8,87478883.0,436818117
6701.4,S,42,47044.71,6114.95,17779963.9,87478883.1,436818153
6702.4,S,42,47045.66,6114.97,17779976.9,87478883.2,436818194
6703.4,S,42,47046.53,6115.00,17779988.3,87478948.0,436818320
6704.4,S,42,47047.49,6115.01,17780002.4,87478948.3,436818348
6705.4,S,42,47048.44,6115.04,17780015.4,87478948.4,436818377
6706.4,S,42,47049.24,6115.10,17780024.7,87479023.4,436818591
6707.4,S,42,47050.22,6115.12,17780024.7,87479023.5,436818591
6708.4,S,42,47051.20,6115.13,17780031.7,87479023.7,436818614
6709.4,S,42,47052.17,6115.15,17780040.8,87479024.6,436818651
6710.4,S,42,47053.01,6115.18,17780048.7,87479089.3,436818830
6711.4,S,42,47053.98,6115.20,17780058.2,87479089.4,436818857
6712.4,S,42,47054.95,6115.22,17780063.0,87479089.5,436818879
6713.4,S,42,47055.91,6115.24,17780075.4,87479089.6,436818909
6714.4,S,42,47056.80,6115.26,17780083.9,87479154.4,436819026
6715.4,S,42,47057.75,6115.28,17780097.3,87479154.5,436819055
6716.4,S,42,47058.70,6115.31,17780108.9,87479154.9,436819085
6717.4,S,42,47059.68,6115.33,17780110.5,87479155.0,436819088
6718.4,S,42,47060.54,6115.35,17780114.4,87479219.5,436819214
6719.4,S,42,47061.52,6115.38,17780114.4,87479219.6,436819216
6720.4,S,42,47062.51,6115.39,17780114.4,87479220.1,436819221
6721.4,S,42,47063.35,6115.43,17780114.4,87479277.4,436819351
6722.4,S,42,47064.32,6115.46,17780114.4,87479277.8,436819362
6723.5,S,42,47065.30,6115.48,17780114.4,87479278.1,436819365
6724.5,S,42,47066.29,6115.49,17780114.4,87479278.2,436819374
6725.5,S,42,47067.14,6115.52,17780114.4,87479343.1,436819512
6726.5,S,42,47068.12,6115.54,17780114.4,87479343.2,436819513
6727.5,S,42,47069.11,6115.55,17780114.4,87479343.4,436819514
6728.5,S,42,47070.09,6115.57,17780114.4,87479343.8,436819518
6729.5,S,42,47070.95,6115.59,17780121.5,87479408.3,436819656
6730.5,S,42,47071.90,6115.62,17780133.6,87479408.4,436819680
6731.5,S,42,47072.86,6115.63,17780145.7,87479408.9,436819704
6732.5,S,42,47073.82,6115.65,17780157.3,87479409.1,436819738
6733.5,S,42,47074.68,6115.67,17780169.7,87479473.8,436819858
6734.5,S,42,47075.59,6115.73,17780177.5,87479490.1,436819904
6735.5,S,42,47076.57,6115.75,17780177.5,87479490.5,436819908
6736.5,S,42,47077.56,6115.76,17780177.5,87479490.9,436819911
6737.5,S,42,47078.54,6115.78,17780177.5,87479491.1,436819913
6738.5,S,42,47079.39,6115.80,17780177.5,87479555.4,436820045
6739.5,S,42,47080.38,6115.82,17780177.5,87479555.9,436820048
6740.5,S,42,47081.36,6115.84,17780177.5,87479556.0,436820050
6741.5,S,42,47082.25,6115.87,17780177.5,87479620.6,436820143
6742.5,S,42,47083.23,6115.89,17780177.5,87479621.0,436820144
6743.5,S,42,47084.21,6115.91,17780177.5,87479621.1,436820153
6744.5,S,42,47085.19,6115.93,17780177.5,87479621.2,436820155
6745.5,S,42,47086.07,6115.96,17780177.5,87479686.0,436820255
6746.5,S,42,47086.99,6116.02,17780177.5,87479695.1,436820279
6747.5,S,42,47087.98,6116.04,17780177.5,87479695.5,436820283
6748.5,S,42,47088.96,6116.05,17780177.5,87479696.0,436820286
6749.5,S,42,47089.85,6116.08,17780177.5,87479760.5,436820383
6750.5,S,42,47090.84,6116.09,17780177.5,87479760.9,436820383
6751.5,S,42,47091.80,6116.11,17780186.3,87479761.1,436820403
6752.5,S,42,47092.76,6116.12,17780199.2,87479761.2,436820439
6753.5,S,42,47093.59,6116.15,17780210.4,87479811.8,436820600
6754.5,S,42,47094.55,6116.17,17780223.5,87479826.2,436820631
6755.5,S,42,47095.53,6116.19,17780237.6,87479826.4,436820649
6756.5,S,42,47096.50,6116.21,17780240.6,87479826.7,436820651
6757.5,S,42,47097.43,6116.24,17780240.6,87479891.2,436820712
6758.5,S,42,47098.41,6116.25,17780240.6,87479891.4,436820714
6759.5,S,42,47099.40,6116.27,17780240.6,87479891.7,436820716
6760.5,S,42,47100.31,6116.33,17780240.6,87479936.6,436820757
6761.5,S,42,47101.29,6116.34,17780240.6,87479936.9,436820761
6762.5,S,42,47102.28,6116.36,17780240.6,87479937.2,436820763
6763.5,S,42,47103.20,6116.39,17780240.6,87480001.8,436820822
6764.5,S,42,47104.18,6116.40,17780240.6,87480002.2,436820822
6765.5,S,42,47105.17,6116.42,17780243.9,87480002.3,436820829
6766.5,S,42,47106.14,6116.44,17780257.9,87480002.4,436820841
6767.5,S,42,47107.05,6116.48,17780271.2,87480066.9,436820903
6768.5,S,42,47108.02,6116.50,17780284.6,87480067.3,436820916
6769.5,S,42,47109.00,6116.52,17780299.1,87480067.8,436820929
6770.5,S,42,47109.97,6116.54,17780313.4,87480067.9,436820934
6771.5,S,42,47110.88,6116.57,17780326.8,87480132.4,436821007
6772.5,S,42,47111.86,6116.59,17780340.6,87480132.5,436821020
6773.5,S,42,47112.82,6116.60,17780354.4,87480132.8,436821038
6774.5,S,42,47113.72,6116.63,17780367.7,87480182.2,436821127
6775.5,S,42,47114.65,6116.69,17780367.7,87480190.8,436821147
6776.5,S,42,47115.63,6116.71,17780367.7,87480190.9,436821147
6777.5,S,42,47116.61,6116.73,17780367.7,87480191.1,436821151
6778.5,S,42,47117.51,6116.75,17780367.7,87480255.5,436821241
6779.5,S,42,47118.50,6116.76,17780367.7,87480255.8,436821245
6780.5,S,42,47119.49,6116.77,17780367.7,87480256.1,436821245
6781.5,S,42,47120.48,6116.79,17780367.7,87480256.6,436821255
6782.5,S,42,47121.24,6116.80,17780367.7,87480321.1,436821485
6783.5,S,42,47122.22,6116.83,17780367.7,87480321.3,436821488
6784.5,S,42,47123.20,6116.84,17780367.7,87480321.5,436821492
6785.5,S,42,47124.19,6116.85,17780367.7,87480321.9,436821494
6786.5,S,42,47125.09,6116.87,17780367.7,87480386.7,436821586
6787.5,S,42,47126.08,6116.88,17780367.7,87480386.9,436821588
6788.5,S,42,47127.07,6116.90,17780367.7,87480387.0,436821588
6789.5,S,42,47127.97,6116.92,17780367.7,87480451.5,436821676
6790.5,S,42,47128.94,6116.94,17780373.8,87480451.8,436821694
6791.5,S,42,47129.89,6116.96,17780385.5,87480480.5,436821764
6792.5,S,42,47130.85,6116.97,17780397.4,87480480.7,436821800
6793.5,S,42,47131.70,6117.01,17780408.0,87480545.1,436821944
6794.5,S,42,47132.65,6117.03,17780419.9,87480545.2,436821986
6795.5,S,42,47133.55,6117.06,17780431.0,87480578.3,436822066
6796.5,S,42,47134.50,6117.12,17780431.0,87480579.3,436822068
6797.5,S,42,47135.48,6117.13,17780431.0,87480579.5,436822072
6798.5,S,42,47136.46,6117.15,17780431.0,87480579.5,436822074
6799.5,S,42,47137.35,6117.18,17780431.0,87480644.1,436822175
6800.5,S,42,47138.33,6117.20,17780431.0,87480644.2,436822178
6801.5,S,42,47139.31,6117.21,17780431.0,87480644.4,436822179
6802.5,S,42,47140.30,6117.23,17780431.0,87480645.0,436822180
6803.5,S,42,47141.13,6117.25,17780431.0,87480709.5,436822341
6804.5,S,42,47142.11,6117.27,17780431.0,87480709.6,436822341
6805.5,S,42,47143.10,6117.28,17780431.0,87480709.8,436822341
6806.5,S,42,47144.08,6117.30,17780431.0,87480710.1,436822346
6807.5,S,42,47144.92,6117.33,17780431.0,87480775.1,436822494
6808.5,S,42,47145.83,6117.38,17780431.0,87480802.2,436822534
6809.5,S,42,47146.81,6117.40,17780431.0,87480802.3,436822536
6810.5,S,42,47147.79,6117.42,17780431.0,87480829.6,436822619
6811.5,S,42,47148.78,6117.43,17780431.0,87480829.8,436822621
6812.5,S,42,47149.68,6117.46,17780431.0,87480894.4,436822710
6813.5,S,42,47150.67,6117.47,17780431.0,87480895.0,436822710
6814.5,S,42,47151.65,6117.49,17780431.0,87480895.5,436822713
6815.5,S,42,47152.62,6117.51,17780434.9,87480895.6,436822728
6816.5,S,42,47153.46,6117.54,17780445.9,87480960.1,436822884
6817.5,S,42,47154.42,6117.56,17780459.2,87480960.2,436822914
6818.5,S,42,47155.38,6117.58,17780472.3,87480960.6,436822950
6819.5,S,42,47156.33,6117.60,17780485.4,87480960.7,436822980
6820.5,S,42,47157.15,6117.66,17780496.1,87481032.9,436823112
6821.5,S,42,47158.11,6117.67,17780509.2,87481033.1,436823146
6822.5,S,42,47159.07,6117.69,17780521.6,87481033.3,436823185
6823.5,S,42,47160.03,6117.71,17780533.7,87481033.6,436823209
6824.5,S,42,47160.86,6117.74,17780544.8,87481098.1,436823366
6825.5,S,42,47161.81,6117.76,17780557.0,87481098.3,436823412
6826.5,S,42,47162.77,6117.78,17780569.9,87481098.7,436823436
6827.5,S,42,47163.75,6117.80,17780570.2,87481098.8,436823438
6828.5,S,42,47164.62,6117.82,17780570.2,87481163.3,436823563
6829.5,S,42,47165.60,6117.84,17780570.2,87481163.9,436823569
6830.5,S,42,47166.58,6117.86,17780570.2,87481164.2,436823571
6831.5,S,42,47167.56,6117.88,17780570.2,87481164.5,436823573
6832.5,S,42,47168.41,6117.90,17780570.2,87481229.0,436823715
6833.5,S,42,47169.40,6117.91,17780570.2,87481229.1,436823716
6834.5,S,42,47170.29,6117.97,17780571.8,87481271.3,436823784
6835.5,S,42,47171.24,6117.99,17780585.0,87481271.5,436823834
6836.5,S,42,47172.19,6118.02,17780599.2,87481271.7,436823869
6837.5,S,42,47173.15,6118.03,17780613.0,87481272.1,436823894
6838.5,S,42,47173.97,6118.06,17780624.9,87481336.6,436824061
6839.5,S,42,47174.92,6118.08,17780638.9,87481337.0,436824099
6840.5,S,42,47175.87,6118.10,17780652.3,87481337.2,436824138
6841.5,S,42,47176.82,6118.13,17780666.2,87481337.3,436824166
6842.5,S,42,47177.73,6118.16,17780679.6,87481371.8,436824241
6843.5,S,42,47178.66,6118.17,17780683.4,87481402.2,436824305
6844.5,S,42,47179.64,6118.19,17780683.4,87481402.4,436824309
6845.6,S,42,47180.62,6118.20,17780683.4,87481402.8,436824312
6846.6,S,42,47181.56,6118.23,17780683.4,87481467.4,436824370
6847.6,S,42,47182.50,6118.27,17780683.4,87481478.2,436824380
6848.6,S,42,47183.49,6118.28,17780683.4,87481478.4,436824384
6849.6,S,42,47184.47,6118.30,17780683.4,87481478.8,436824386
6850.6,S,42,47185.40,6118.33,17780683.4,87481542.4,436824439
6851.6,S,42,47186.39,6118.34,17780683.4,87481543.6,436824444
6852.6,S,42,47187.37,6118.36,17780683.4,87481543.8,436824448
6853.6,S,42,47188.36,6118.37,17780683.4,87481543.9,436824450
6854.6,S,42,47189.29,6118.40,17780683.4,87481608.5,436824508
6855.6,S,42,47190.27,6118.42,17780683.4,87481608.8,436824508
6856.6,S,42,47191.26,6118.43,17780683.4,87481609.3,436824513
6857.6,S,42,47192.25,6118.44,17780683.4,87481609.4,436824515
6858.6,S,42,47193.18,6118.47,17780691.3,87481673.9,436824577
6859.6,S,42,47194.15,6118.49,17780705.9,87481674.2,436824588
6860.6,S,42,47195.12,6118.51,17780720.6,87481674.4,436824605
6861.6,S,42,47196.08,6118.53,17780734.7,87481674.9,436824619
6862.6,S,42,47196.93,6118.60,17780746.2,87481749.6,436824715
6863.6,S,42,47197.94,6118.60,17780746.2,87481749.8,436824716
6864.6,S,57,47212.54,6118.83,17780746.2,87481750.6,436824718
6865.6,S,57,47228.33,6119.07,17780746.2,87481750.7,436824720
6866.6,S,57,47244.08,6119.31,17780746.2,87481751.0,436824725
6867.6,S,57,47259.07,6119.57,17780746.2,87481857.9,436824944
6868.6,S,57,47267.94,6119.88,17780746.2,87482327.9,436825915
6869.6,S,57,47277.05,6120.15,17780746.2,87482740.2,436826672
6870.6,S,57,47292.85,6120.35,17780746.2,87482740.7,436826678
6871.6,S,57,47308.61,6120.61,17780746.2,87482740.8,436826679
6872.6,S,57,47324.13,6120.90,17780746.2,87482851.3,436826904
6873.6,S,57,47339.17,6121.20,17780746.2,87483315.3,436827371
6874.6,S,57,47350.21,6121.47,17780746.2,87483805.4,436828244
6875.6,S,57,47365.99,6121.70,17780746.2,87483805.7,436828266
6876.6,S,57,47381.73,6121.96,17780746.2,87483805.8,436828267
6877.6,S,57,47397.12,6122.22,17780746.2,87484005.0,436828670
6878.6,S,57,47411.28,6122.49,17780746.2,87484310.8,436829240
6879.6,S,57,47424.01,6122.81,17780746.2,87484791.1,436829855
6880.6,S,57,47439.25,6123.02,17780746.2,87484883.1,436830015
6881.6,S,57,47454.84,6123.28,17780746.2,87484997.9,436830234
6882.6,S,57,47469.20,6123.56,17780746.2,87485241.3,436830641
6883.6,S,57,47480.93,6123.82,17780746.2,87485479.8,436831285
6884.6,S,57,47494.08,6124.07,17780746.2,87485787.6,436831881
6885.6,S,57,47509.64,6124.31,17780746.2,87485882.3,436832059
6886.6,S,57,47525.22,6124.58,17780746.2,87486037.0,436832242
6887.6,S,57,47540.78,6124.86,17780746.2,87486282.1,436832455
6888.6,S,56,47556.01,6125.16,17780746.2,87486482.3,436832797
6889.6,S,56,47568.85,6125.45,17780746.2,87486894.6,436833630
6890.6,S,56,47583.38,6125.69,17780746.2,87487043.2,436833863
6891.6,S,56,47597.44,6125.95,17780746.2,87487222.0,436834197
6892.6,S,52,47609.79,6126.20,17780746.2,87487434.7,436834605
6893.6,S,42,47612.45,6126.68,17780746.2,87487910.9,436835157
6894.6,S,42,47616.95,6127.89,17780751.5,87487912.8,436835174
6895.6,S,42,47625.52,6129.35,17780762.2,87487913.4,436835209
6896.6,S,42,47634.07,6130.92,17780773.2,87487913.6,436835233
6897.6,S,42,47642.84,6132.30,17780783.4,87487913.8,436835250
6898.6,S,42,47651.43,6133.76,17780793.1,87487914.1,436835275
6899.6,S,42,47659.83,6135.31,17780801.9,87487978.6,436835411
6900.6,S,49,47667.96,6136.67,17780810.2,87488005.5,436835484
6901.6,S,46,47680.50,6138.33,17780810.2,87488031.6,436835524
6902.6,S,42,47689.03,6139.68,17780810.2,87488101.5,436835656
6903.6,S,42,47697.47,6141.06,17780810.2,87488166.1,436835748
6904.6,S,42,47706.24,6142.40,17780810.2,87488166.6,436835755
6905.6,S,42,47714.83,6143.83,17780810.2,87488195.8,436835801
6906.6,S,42,47723.56,6145.31,17780811.4,87488196.9,436835809
6907.6,S,46,47732.17,6146.72,17780821.2,87488247.3,436835920
6908.6,S,46,47743.59,6148.21,17780831.6,87488343.2,436836120
6909.6,S,42,47752.39,6149.55,17780842.6,87488343.4,436836162
6910.6,S,42,47760.98,6151.05,17780852.3,87488408.0,436836304
6911.6,S,42,47769.76,6152.39,17780863.7,87488408.4,436836330
6912.6,S,42,47778.63,6153.90,17780873.8,87488408.9,436836362
6913.6,S,42,47787.28,6155.41,17780884.7,87488409.1,436836391
6914.6,S,46,47793.64,6156.35,17780893.8,87488485.4,436836798
6915.6,S,42,47804.78,6157.95,17780903.8,87488581.3,436836983
6916.6,S,42,47812.85,6159.31,17780912.4,87488646.0,436837140
6917.6,S,42,47821.55,6160.76,17780922.8,87488646.5,436837169
6918.6,S,42,47830.33,6162.17,17780934.0,87488646.9,436837197
6919.6,S,42,47838.94,6163.61,17780944.0,87488688.9,436837302
6920.6,S,42,47847.86,6165.01,17780956.2,87488689.3,436837341
6921.6,S,46,47856.16,6166.16,17780967.6,87488791.2,436837562
6922.6,S,42,47867.12,6167.73,17780977.7,87488887.2,436837767
6923.6,S,42,47875.71,6169.27,17780989.1,87488887.9,436837789
6924.6,S,42,47884.33,6170.65,17780999.4,87488952.5,436837926
6925.6,S,42,47893.09,6172.06,17781011.2,87488952.8,436837948
6926.6,S,42,47901.81,6173.42,17781022.6,87488952.9,436837973
6927.6,S,42,47910.32,6175.01,17781034.6,87488953.7,436838006
6928.6,S,46,47918.51,6176.23,17781045.8,87489056.4,436838210
6929.6,S,42,47929.59,6177.79,17781056.3,87489216.9,436838366
6930.6,S,42,47938.35,6179.34,17781066.6,87489240.9,436838396
6931.6,S,42,47947.17,6180.80,17781078.9,87489241.3,436838415
6932.6,S,42,47956.12,6182.16,17781090.9,87489241.7,436838433
6933.6,S,42,47964.71,6183.58,17781101.8,87489242.0,436838450
6934.6,S,42,47973.30,6185.05,17781113.9,87489242.5,436838466
6935.6,S,46,47983.72,6186.49,17781122.0,87489406.8,436838772
6936.6,S,42,47992.97,6187.99,17781131.3,87489502.6,436838959
6937.6,S,42,48001.63,6189.33,17781141.5,87489502.9,436838980
6938.6,S,42,48010.12,6190.81,17781152.0,87489503.3,436839005
6939.6,S,42,48018.85,6192.34,17781161.9,87489503.6,436839031
6940.6,S,42,48027.35,6193.77,17781170.9,87489568.4,436839200
6941.6,S,42,48035.92,6195.21,17781180.6,87489568.7,436839230
6942.6,S,46,48045.83,6196.53,17781181.9,87489671.7,436839440
6943.6,S,42,48055.11,6198.01,17781181.9,87489768.3,436839613
6944.6,S,42,48063.97,6199.24,17781181.9,87489768.4,436839616
6945.6,S,42,48072.59,6200.59,17781181.9,87489833.2,436839722
6946.6,S,42,48081.48,6202.08,17781181.9,87489833.4,436839724
6947.6,S,42,48090.12,6203.68,17781190.3,87489856.3,436839788
6948.6,S,42,48097.80,6205.03,17781200.1,87489922.1,436839938
6949.6,S,46,48108.94,6206.58,17781210.8,87489959.8,436840057
6950.6,S,42,48117.98,6208.22,17781220.0,87490055.7,436840258
6951.6,S,41,48126.61,6209.72,17781231.9,87490056.4,436840294
6952.6,S,41,48134.77,6210.98,17781242.2,87490120.9,436840437
6953.6,S,41,48143.19,6212.25,17781254.2,87490121.2,436840474
6954.6,S,41,48151.43,6213.52,17781266.2,87490121.6,436840509
6955.6,S,40,48159.11,6214.72,17781275.6,87490155.1,436840600
6956.6,S,42,48167.98,6215.75,17781275.6,87490289.1,436840885
6957.6,S,37,48175.30,6216.70,17781275.6,87490385.4,436841062
6958.6,S,35,48181.15,6217.46,17781275.6,87490385.7,436841068
6959.6,S,29,48185.19,6217.95,17781275.6,87490385.8,436841070
6960.6,R,1,48185.99,6218.37,17781275.6,87490642.7,436841505
