t_s,state,nthreads,utime_s,stime_s,disk_r_mb,disk_w_mb,disk_io_ms
0.0,R,1,0.00,0.00,17773730.6,86307287.4,435023237
1.0,S,47,9.54,4.32,17773730.6,86307288.6,435023252
2.0,S,47,20.23,9.50,17773730.6,86307289.0,435023257
3.0,S,47,31.11,14.46,17773730.6,86307289.4,435023261
4.0,S,47,41.81,19.64,17773730.6,86307289.6,435023264
5.0,S,47,52.39,24.91,17773730.6,86307289.8,435023268
6.0,S,47,63.23,29.88,17773730.6,86307289.9,435023270
7.0,S,47,73.04,34.44,17773730.6,86307354.7,435023353
8.0,S,47,81.32,38.54,17773730.6,86307435.8,435023556
9.0,S,47,92.06,43.59,17773730.6,86307436.0,435023559
10.0,S,47,100.29,47.53,17773730.6,86307536.4,435023776
11.0,S,47,111.10,52.50,17773730.6,86307536.7,435023781
12.0,S,47,121.91,57.49,17773730.6,86307536.9,435023782
13.0,S,47,130.30,61.66,17773730.6,86307662.6,435023974
14.0,S,47,141.25,66.53,17773730.6,86307663.1,435023978
15.0,S,47,152.14,71.45,17773730.6,86307663.4,435023983
16.0,S,51,164.24,76.08,17773730.6,86307756.2,435024078
17.0,S,51,178.35,81.03,17773730.6,86307857.8,435024172
18.0,S,51,188.08,85.37,17773730.6,86308002.0,435024405
19.0,S,51,203.06,90.22,17773730.6,86308002.4,435024407
20.0,S,48,216.35,95.13,17773730.6,86308128.2,435024524
21.0,S,55,229.69,98.89,17773730.6,86308274.6,435024841
22.0,S,55,249.43,104.09,17773730.6,86308274.9,435024846
23.0,S,53,268.73,108.98,17773730.6,86308382.3,435024940
24.0,S,50,284.18,113.58,17773730.6,86308611.4,435025141
25.0,S,53,302.00,118.21,17773730.6,86308767.7,435025364
26.0,S,51,318.77,123.43,17773730.6,86308897.0,435025658
27.0,S,47,331.48,127.96,17773730.6,86309111.0,435025963
28.0,S,47,342.87,132.26,17773730.6,86309500.4,435026414
29.0,S,47,355.59,137.37,17773730.6,86309500.6,435026416
30.0,S,47,367.21,141.98,17773730.6,86309603.5,435026511
31.0,S,47,379.98,147.00,17773730.6,86309604.2,435026515
32.0,S,47,392.78,152.01,17773730.6,86309604.4,435026517
33.0,S,47,404.47,156.57,17773730.6,86309718.8,435026622
34.0,S,47,417.28,161.64,17773730.6,86309719.0,435026623
35.0,S,47,427.91,165.94,17773730.6,86309822.3,435026801
36.0,S,47,439.99,170.92,17773730.6,86310012.2,435026968
37.0,S,47,451.51,176.18,17773730.6,86310012.9,435026974
38.0,S,51,464.99,181.06,17773730.6,86310115.0,435027072
39.0,S,51,480.67,186.28,17773730.6,86310169.7,435027120
40.0,S,56,491.69,189.85,17773730.7,86310517.1,435027746
41.0,S,59,512.34,194.55,17773730.7,86310624.2,435027852
42.0,S,59,537.32,199.49,17773730.7,86310624.5,435027856
43.0,S,58,562.27,204.25,17773730.7,86310711.2,435027933
44.0,S,55,581.79,208.23,17773730.7,86310854.3,435028244
45.0,S,57,602.21,212.54,17773730.7,86311113.4,435028501
46.0,S,51,622.25,217.67,17773730.7,86311501.7,435028897
47.0,S,48,638.73,222.63,17773730.7,86311645.6,435029032
48.0,S,51,651.75,227.18,17773730.7,86311796.4,435029327
49.0,S,51,669.69,232.15,17773730.7,86311796.6,435029330
50.0,S,50,686.49,236.92,17773730.7,86311939.6,435029506
51.0,S,47,699.83,241.54,17773730.7,86312090.0,435029667
52.0,S,47,714.29,246.82,17773730.7,86312177.2,435029827
53.0,S,47,727.76,252.16,17773730.7,86312279.2,435029967
54.0,S,47,740.17,256.73,17773730.7,86312382.3,435030083
55.0,S,47,753.84,261.94,17773730.7,86312382.7,435030088
56.0,S,47,766.85,267.14,17773730.7,86312573.2,435030254
57.0,S,47,778.24,271.82,17773730.7,86312676.4,435030357
58.0,S,47,791.00,276.91,17773730.7,86312676.7,435030360
59.0,S,47,802.99,281.86,17773730.7,86312825.9,435030514
60.0,S,47,813.27,286.03,17773730.7,86312971.3,435030659
61.0,S,47,824.98,291.18,17773730.7,86312971.4,435030663
62.0,S,51,832.73,294.66,17773730.7,86313264.4,435031263
63.0,S,65,861.28,299.55,17773730.7,86313265.0,435031267
64.0,S,65,890.95,304.36,17773730.7,86313265.2,435031272
65.0,S,62,919.78,309.23,17773730.7,86313408.9,435031409
66.0,S,61,943.83,313.25,17773730.7,86313721.7,435031790
67.0,S,64,973.66,318.27,17773730.7,86313726.0,435031800
68.0,S,62,1000.05,322.77,17773730.7,86314044.7,435032295
69.0,S,50,1018.42,327.28,17773730.8,86314586.4,435032995
70.0,S,47,1038.08,331.88,17773730.8,86314734.9,435033140
71.0,S,51,1060.82,336.53,17773730.8,86314812.2,435033214
72.0,S,51,1084.89,341.40,17773730.8,86314812.8,435033218
73.0,S,48,1103.70,345.72,17773730.8,86315067.9,435033560
74.1,S,47,1121.73,349.42,17773730.8,86315203.1,435033886
75.1,S,51,1136.91,352.01,17773730.8,86315557.5,435034401
76.1,S,51,1161.75,357.13,17773730.8,86315558.2,435034406
77.1,S,49,1185.72,362.12,17773730.8,86315799.6,435034626
78.1,S,47,1205.14,367.02,17773730.8,86315975.2,435034944
79.1,S,47,1222.56,371.02,17773730.8,86316278.7,435035291
80.1,S,47,1239.85,376.22,17773730.8,86316474.8,435035518
81.1,S,47,1256.72,381.25,17773730.8,86316475.7,435035521
82.1,S,47,1270.07,384.69,17773730.8,86316578.5,435035839
83.1,S,47,1286.29,389.89,17773730.8,86316769.0,435036008
84.1,S,47,1301.15,394.99,17773730.8,86316957.6,435036194
85.1,S,47,1310.85,398.14,17773730.8,86317250.7,435036617
86.1,S,47,1324.46,403.40,17773730.8,86317250.9,435036621
87.1,S,47,1338.31,408.42,17773730.8,86317251.5,435036624
88.1,S,47,1347.91,411.95,17773730.8,86317480.0,435036957
89.1,S,47,1360.64,416.84,17773730.8,86317564.0,435037189
90.1,S,47,1371.87,421.96,17773730.8,86317670.8,435037425
91.1,S,66,1388.11,426.53,17773730.8,86317817.1,435037564
92.1,S,65,1418.53,431.10,17773730.8,86317826.2,435037576
93.1,S,64,1447.87,435.94,17773730.8,86317874.3,435037619
94.1,S,61,1469.21,439.23,17773730.8,86318017.1,435037985
95.1,S,65,1494.10,442.37,17773730.8,86318206.5,435038194
96.1,S,65,1524.22,446.46,17773730.8,86318207.1,435038200
97.1,S,62,1550.08,451.16,17773730.8,86318641.4,435038696
98.1,S,49,1566.17,455.00,17773730.8,86319279.4,435039517
99.1,S,47,1590.27,459.85,17773730.8,86319279.9,435039523
100.1,S,51,1616.01,464.39,17773730.8,86319405.4,435039653
101.1,S,51,1642.98,469.30,17773730.8,86319405.7,435039657
102.1,S,51,1670.01,474.15,17773730.8,86319448.6,435039711
103.1,S,47,1689.00,477.86,17773730.9,86319906.3,435040481
104.1,S,51,1709.37,481.21,17773731.2,86320346.2,435040961
105.1,S,51,1736.26,486.07,17773731.2,86320346.4,435040963
106.1,S,51,1762.80,490.91,17773731.2,86320434.3,435041054
107.1,S,47,1786.09,495.42,17773731.2,86320619.8,435041281
108.1,S,47,1807.90,499.74,17773731.2,86320787.5,435041442
109.1,S,47,1827.01,504.64,17773731.2,86321364.0,435041990
110.1,S,47,1847.79,510.03,17773731.2,86321364.7,435041996
111.1,S,47,1868.39,515.33,17773731.2,86321431.0,435042080
112.1,S,47,1885.83,518.84,17773731.2,86321534.0,435042384
113.1,S,47,1906.04,524.09,17773731.2,86321726.8,435042671
114.1,S,47,1921.62,528.51,17773731.2,86322049.8,435042967
115.1,S,47,1934.27,533.12,17773731.2,86322279.6,435043189
116.1,S,47,1948.08,538.17,17773731.2,86322280.6,435043201
117.1,S,47,1960.94,543.35,17773731.2,86322471.2,435043548
118.1,S,47,1972.40,547.76,17773731.2,86322574.0,435043660
119.1,S,47,1984.15,552.95,17773731.2,86322817.6,435044087
120.1,S,62,2007.18,558.04,17773731.2,86322828.9,435044106
121.1,S,66,2035.72,562.30,17773731.2,86322932.0,435044204
122.1,S,66,2066.17,567.15,17773731.2,86322932.3,435044209
123.1,S,66,2096.57,572.02,17773731.2,86322969.4,435044243
124.1,S,62,2123.66,576.51,17773731.2,86323293.6,435044719
125.1,S,62,2146.73,580.16,17773731.2,86323555.6,435045057
126.1,S,54,2170.26,584.60,17773731.2,86324247.1,435045765
127.1,S,51,2195.10,589.58,17773731.2,86324329.7,435045886
128.1,S,48,2223.63,594.20,17773731.2,86324494.4,435046200
129.1,S,47,2251.72,598.96,17773731.2,86324520.9,435046230
130.1,S,51,2280.32,603.23,17773731.2,86324623.8,435046351
131.1,S,51,2310.88,607.69,17773731.2,86324625.1,435046355
132.1,S,51,2338.48,609.85,17773731.2,86324644.1,435046399
133.1,S,50,2348.19,610.91,17773731.2,86325371.3,435047400
134.1,S,47,2367.93,612.33,17773731.2,86325782.5,435047844
135.1,S,47,2392.87,613.74,17773731.2,86325801.9,435047944
136.1,S,51,2418.31,615.18,17773731.2,86325927.7,435048058
137.1,S,51,2447.54,619.06,17773731.2,86326010.6,435048133
138.1,S,51,2476.05,624.02,17773731.2,86326137.4,435048246
139.1,S,47,2496.49,628.52,17773731.2,86326949.5,435049102
140.1,S,47,2512.42,632.91,17773731.2,86327206.6,435049421
141.1,S,47,2531.34,637.92,17773731.2,86327207.3,435049424
142.1,S,47,2550.24,642.97,17773731.2,86327208.4,435049429
143.1,S,47,2567.35,647.15,17773731.2,86327426.7,435049642
144.1,S,47,2577.79,650.13,17773731.2,86327823.7,435050205
145.1,S,47,2594.48,655.46,17773731.2,86327830.5,435050217
146.1,S,47,2611.25,660.62,17773731.2,86327831.4,435050221
147.1,S,47,2626.87,665.17,17773731.2,86327934.3,435050325
148.1,S,47,2641.14,670.09,17773731.2,86328229.9,435050947
149.1,S,47,2654.54,675.06,17773731.2,86328414.4,435051166
150.1,S,47,2665.17,679.18,17773731.2,86328517.3,435051356
151.1,S,47,2678.01,684.23,17773731.2,86328517.5,435051359
152.1,S,47,2689.81,689.48,17773731.2,86328708.3,435051526
153.2,S,66,2709.34,694.11,17773731.2,86328879.5,435051683
154.2,S,66,2739.75,698.78,17773731.2,86328880.9,435051694
155.2,S,65,2769.77,703.64,17773731.2,86328899.7,435051716
156.2,S,61,2797.47,708.47,17773731.2,86329091.1,435051923
157.2,S,65,2825.51,712.93,17773731.2,86329194.2,435052016
158.2,S,65,2855.42,717.63,17773731.2,86329430.7,435052257
159.2,S,58,2877.09,721.39,17773731.2,86330053.3,435052950
160.2,S,47,2896.01,726.06,17773731.2,86330352.5,435053504
161.2,S,51,2920.74,730.52,17773731.2,86330455.2,435053600
162.2,S,51,2948.84,735.33,17773731.2,86330455.5,435053604
163.2,S,51,2976.95,740.11,17773731.2,86330456.1,435053607
164.2,S,47,3002.16,744.74,17773731.2,86330711.1,435053995
165.2,S,51,3026.39,749.02,17773731.2,86331031.3,435054430
166.2,S,51,3050.81,752.94,17773731.2,86331398.5,435054816
167.2,S,50,3078.65,757.82,17773731.2,86331446.5,435054861
168.2,S,47,3104.33,762.82,17773731.2,86331619.9,435055020
169.2,S,47,3126.46,766.94,17773731.2,86331723.1,435055185
170.2,S,47,3150.39,771.80,17773731.2,86331788.2,435055249
171.2,S,47,3171.55,776.61,17773731.2,86332349.7,435056052
172.2,S,47,3193.31,781.23,17773731.2,86332561.8,435056351
173.2,S,47,3214.32,785.20,17773731.2,86332664.9,435056531
174.2,S,47,3237.29,790.05,17773731.2,86332696.1,435056591
175.2,S,47,3257.53,794.75,17773731.2,86332903.3,435056911
176.2,S,47,3277.80,799.80,17773731.2,86333191.9,435057231
177.2,S,47,3296.56,803.99,17773731.2,86333457.9,435057493
178.2,S,47,3317.00,809.07,17773731.2,86333669.4,435057714
179.3,S,47,3335.70,814.19,17773731.2,86333704.0,435057804
180.3,S,47,3348.36,817.35,17773731.2,86333905.6,435058251
181.3,S,47,3363.10,822.12,17773731.2,86334259.1,435058637
182.3,S,47,3377.73,826.71,17773731.2,86334438.4,435058795
183.3,S,51,3391.30,830.98,17773731.2,86334541.3,435058930
184.3,S,51,3409.78,835.95,17773731.2,86334650.6,435059048
185.3,S,51,3426.46,840.96,17773731.2,86334715.5,435059103
186.3,S,47,3437.73,845.56,17773731.2,86334990.0,435059455
187.3,S,51,3452.34,849.98,17773731.2,86335072.7,435059590
188.3,S,51,3468.57,855.41,17773731.2,86335107.8,435059631
189.3,S,47,3480.40,860.11,17773731.2,86335362.8,435059874
190.3,S,51,3496.37,865.19,17773731.2,86335401.9,435059919
191.3,S,51,3513.03,870.46,17773731.2,86335402.3,435059923
192.3,S,47,3526.03,875.26,17773731.2,86335649.5,435060146
193.3,S,51,3543.02,880.13,17773731.2,86335696.3,435060194
194.3,S,51,3560.69,885.41,17773731.2,86335696.6,435060195
195.3,S,47,3574.77,890.18,17773731.2,86335887.9,435060441
196.3,S,47,3587.14,894.35,17773731.2,86335990.7,435060648
197.3,S,47,3601.12,899.64,17773731.2,86336182.1,435060828
198.3,S,47,3614.79,904.86,17773731.2,86336182.9,435060830
199.3,S,47,3627.03,909.66,17773731.2,86336285.8,435060939
200.3,S,47,3640.63,914.94,17773731.2,86336286.2,435060942
201.3,S,47,3653.33,919.71,17773731.2,86336334.3,435061034
202.3,S,47,3662.26,922.88,17773731.2,86336579.7,435061602
203.3,S,47,3675.13,927.87,17773731.2,86336580.1,435061605
204.3,S,47,3686.11,932.53,17773731.2,86336872.9,435061904
205.3,S,47,3697.74,937.72,17773731.2,86336873.7,435061913
206.3,S,47,3709.51,942.66,17773731.2,86336968.0,435062061
207.3,S,66,3727.16,946.64,17773731.2,86337167.9,435062374
208.3,S,66,3757.57,951.22,17773731.2,86337168.1,435062377
209.3,S,66,3787.62,956.03,17773731.2,86337169.1,435062384
210.3,S,62,3816.40,961.02,17773731.2,86337360.0,435062560
211.3,S,62,3843.42,965.52,17773731.2,86337455.4,435062644
212.3,S,66,3873.50,970.05,17773731.2,86337779.4,435062959
213.3,S,66,3901.32,973.79,17773731.2,86338089.3,435063294
214.3,S,65,3928.59,975.30,17773731.2,86338217.6,435063554
215.4,S,62,3957.12,976.77,17773731.2,86338355.4,435063948
216.4,S,62,3982.17,978.09,17773731.2,86338540.2,435064113
217.4,S,61,3997.22,978.78,17773731.2,86339038.5,435064836
218.4,S,51,4002.87,979.22,17773731.2,86339571.8,435065692
219.4,S,51,4032.45,980.89,17773731.2,86339572.6,435065698
220.4,S,51,4062.00,982.37,17773731.2,86339574.0,435065705
221.4,S,50,4091.28,983.84,17773731.2,86339621.8,435065767
222.4,S,47,4118.66,985.43,17773731.2,86339765.4,435065926
223.4,S,47,4146.34,987.03,17773731.2,86339846.8,435066004
224.4,S,47,4170.49,988.47,17773731.2,86340615.5,435066763
225.4,S,47,4187.85,989.50,17773731.2,86341101.4,435067443
226.4,S,51,4213.86,990.79,17773731.2,86341205.3,435067665
227.4,S,51,4243.35,992.18,17773731.2,86341224.1,435067682
228.4,S,51,4271.05,993.80,17773731.2,86341473.8,435067912
229.4,S,49,4295.78,995.29,17773731.2,86341812.2,435068265
230.4,S,47,4310.34,996.70,17773731.2,86342347.1,435069102
231.4,S,47,4332.65,998.72,17773731.2,86342735.9,435069600
232.4,S,47,4354.13,1000.30,17773731.2,86342845.0,435069723
233.4,S,47,4372.01,1001.97,17773731.2,86343060.1,435069934
234.4,S,47,4388.26,1003.85,17773731.2,86343229.7,435070200
235.4,S,47,4401.63,1005.73,17773731.2,86343473.1,435070652
236.4,S,47,4412.96,1007.34,17773731.2,86343709.6,435070990
237.4,S,47,4424.55,1008.81,17773731.2,86343710.4,435070994
238.4,S,47,4435.96,1010.46,17773731.2,86343775.0,435071055
239.4,S,47,4447.44,1012.06,17773731.2,86343839.7,435071122
240.4,S,47,4457.73,1013.38,17773731.2,86344037.0,435071354
241.4,S,47,4467.49,1014.71,17773731.2,86344048.0,435071368
242.4,S,62,4476.04,1016.44,17773731.2,86344278.4,435071778
243.5,S,62,4499.51,1018.11,17773731.2,86344279.5,435071781
244.5,S,61,4522.45,1019.66,17773731.2,86344298.7,435071802
245.5,S,61,4544.68,1021.36,17773731.2,86344299.0,435071806
246.5,S,61,4566.14,1022.86,17773731.2,86344448.6,435071940
247.5,S,58,4587.56,1024.58,17773731.2,86344792.5,435072443
248.5,S,47,4596.98,1026.03,17773731.2,86345370.5,435073113
249.5,S,47,4614.35,1027.78,17773731.2,86345372.0,435073118
250.5,S,47,4631.79,1029.43,17773731.2,86345372.1,435073120
251.5,S,47,4649.02,1031.23,17773731.2,86345372.8,435073125
252.5,S,47,4665.41,1032.89,17773731.2,86345653.8,435073373
253.5,S,47,4679.91,1034.54,17773731.2,86345981.2,435073924
254.5,S,47,4696.20,1036.30,17773731.2,86345990.5,435073949
255.5,S,47,4712.03,1038.10,17773731.2,86346124.6,435074099
256.5,S,47,4727.24,1039.94,17773731.2,86346249.0,435074218
257.5,S,47,4740.42,1041.45,17773731.2,86346506.9,435074733
258.5,S,51,4753.74,1042.87,17773731.2,86346674.6,435074977
259.5,S,51,4772.87,1044.63,17773731.2,86346702.1,435075011
260.5,S,51,4792.36,1046.41,17773731.2,86346702.6,435075014
261.5,S,47,4806.88,1048.20,17773731.2,86347147.6,435075552
262.5,S,47,4821.12,1049.90,17773731.2,86347276.7,435075663
263.5,S,47,4834.98,1051.61,17773731.2,86347351.1,435075732
264.5,S,47,4847.71,1053.32,17773731.2,86347608.1,435076126
265.5,S,51,4859.75,1054.62,17773731.2,86347753.4,435076446
266.5,S,51,4875.03,1056.48,17773731.2,86347818.8,435076518
267.5,S,47,4888.54,1058.12,17773731.2,86348113.9,435076883
268.5,S,47,4900.54,1059.79,17773731.2,86348136.5,435076908
269.5,S,47,4912.11,1061.24,17773731.2,86348202.2,435076966
270.5,S,47,4923.74,1062.66,17773731.2,86348266.9,435077024
271.5,S,47,4935.27,1064.11,17773731.2,86348267.5,435077028
272.5,S,51,4948.70,1065.62,17773731.2,86348435.1,435077184
273.5,S,51,4963.86,1067.45,17773731.2,86348500.9,435077252
274.5,S,47,4976.55,1069.01,17773731.2,86348691.8,435077500
275.5,S,47,4988.82,1070.68,17773731.2,86348756.6,435077577
276.5,S,47,5001.25,1072.38,17773731.2,86348821.5,435077658
277.5,S,47,5013.55,1073.99,17773731.2,86348887.2,435077771
278.5,S,47,5024.48,1075.28,17773731.2,86348986.8,435077972
279.5,S,51,5039.09,1076.99,17773731.2,86349054.8,435078190
280.5,S,51,5054.38,1079.11,17773731.2,86349136.5,435078274
281.5,S,47,5066.02,1080.54,17773731.2,86349327.3,435078554
282.5,S,47,5077.70,1082.02,17773731.2,86349393.9,435078616
283.5,S,47,5089.24,1083.59,17773731.2,86349394.2,435078621
284.5,S,47,5100.42,1085.11,17773731.2,86349463.9,435078690
285.5,S,47,5109.12,1086.50,17773731.2,86349624.8,435078981
286.5,S,47,5117.50,1087.60,17773731.3,86349757.7,435079157
287.5,S,47,5127.20,1089.10,17773731.3,86349758.5,435079162
288.5,S,47,5136.84,1090.56,17773731.3,86349759.4,435079168
289.5,S,47,5146.41,1092.11,17773731.3,86349957.4,435079359
290.5,S,47,5155.31,1093.49,17773731.3,86350140.7,435079563
291.5,S,47,5163.88,1094.93,17773731.3,86350140.9,435079565
292.5,S,47,5171.84,1096.42,17773731.3,86350354.2,435079916
293.5,S,61,5190.03,1097.78,17773731.3,86350435.3,435080095
294.5,S,61,5212.39,1099.26,17773731.3,86350436.5,435080096
295.5,S,61,5235.17,1100.90,17773731.3,86350436.8,435080097
296.5,S,61,5257.36,1102.51,17773731.3,86350519.2,435080250
297.5,S,60,5278.43,1104.11,17773731.3,86350727.2,435080489
298.5,S,48,5288.26,1105.33,17773731.3,86351455.1,435081361
299.5,S,47,5303.59,1107.00,17773731.3,86351530.5,435081519
300.5,S,47,5323.63,1109.89,17773731.3,86351530.7,435081524
301.5,S,47,5345.75,1114.66,17773731.3,86351530.9,435081526
302.5,S,47,5366.85,1118.92,17773731.3,86351626.4,435081625
303.5,S,47,5388.11,1123.91,17773731.3,86352008.1,435082073
304.5,S,47,5409.84,1129.14,17773731.3,86352008.6,435082076
305.5,S,47,5430.05,1134.06,17773731.3,86352248.1,435082583
306.5,S,51,5450.25,1138.83,17773731.3,86352395.5,435082721
307.5,S,51,5474.15,1143.81,17773731.3,86352450.2,435082773
308.5,S,51,5497.66,1148.83,17773731.3,86352746.0,435083216
309.5,S,47,5517.27,1153.83,17773731.3,86353023.4,435083551
310.5,S,51,5536.30,1158.03,17773731.3,86353320.1,435084057
311.5,S,51,5559.04,1163.10,17773731.3,86353378.2,435084133
312.5,S,48,5580.94,1168.14,17773731.3,86353521.5,435084422
313.5,S,51,5598.35,1172.52,17773731.3,86353940.9,435084915
314.5,S,51,5619.81,1177.45,17773731.3,86354037.8,435085008
315.5,S,49,5640.25,1182.14,17773731.3,86354133.5,435085095
316.5,S,47,5657.39,1187.10,17773731.3,86354354.9,435085365
317.5,S,51,5674.45,1191.14,17773731.3,86354472.3,435085639
318.5,S,51,5695.22,1196.24,17773731.3,86354508.3,435085706
319.5,S,49,5714.40,1200.77,17773731.3,86354651.7,435085931
320.5,S,47,5728.59,1204.55,17773731.3,86355012.7,435086336
321.5,S,47,5746.34,1209.71,17773731.3,86355077.7,435086392
322.5,S,47,5764.21,1214.75,17773731.3,86355142.4,435086448
323.5,S,47,5781.08,1219.23,17773731.3,86355245.2,435086545
324.5,S,47,5799.35,1223.87,17773731.3,86355245.5,435086549
325.5,S,47,5817.35,1228.72,17773731.3,86355327.0,435086620
326.5,S,47,5832.58,1232.55,17773731.3,86355558.6,435086970
327.5,S,47,5850.31,1237.76,17773731.3,86355559.0,435086972
328.5,S,47,5867.37,1242.72,17773731.3,86355850.4,435087245
329.5,S,47,5882.26,1247.33,17773731.3,86355950.7,435087350
330.5,S,47,5897.10,1252.51,17773731.3,86356057.7,435087710
331.5,S,47,5911.73,1257.68,17773731.3,86356187.1,435087823
332.5,S,51,5925.61,1262.47,17773731.3,86356290.6,435087917
333.5,S,51,5943.91,1267.44,17773731.3,86356481.5,435088148
334.5,S,51,5960.55,1272.39,17773731.3,86356621.8,435088277
335.5,S,47,5972.37,1276.59,17773731.3,86356797.1,435088565
336.5,S,51,5987.48,1280.79,17773731.3,86356884.7,435088798
337.5,S,51,6004.98,1286.05,17773731.3,86357173.9,435089057
338.5,S,47,6018.20,1291.37,17773731.3,86357480.9,435089361
339.5,S,51,6032.53,1295.95,17773731.3,86357584.4,435089476
340.5,S,51,6049.22,1301.15,17773731.3,86357584.7,435089481
341.5,S,47,6062.93,1305.92,17773731.3,86357775.4,435089663
342.5,S,51,6077.64,1310.47,17773731.3,86357878.3,435089787
343.5,S,51,6095.52,1315.54,17773731.3,86357879.4,435089846
344.5,S,47,6109.96,1320.38,17773731.3,86358070.2,435090190
345.5,S,47,6123.53,1325.04,17773731.3,86358173.2,435090287
346.5,S,47,6138.32,1330.07,17773731.3,86358173.8,435090290
347.5,S,47,6153.09,1335.14,17773731.3,86358174.1,435090294
348.5,S,47,6166.34,1340.04,17773731.3,86358315.4,435090513
349.5,S,47,6180.18,1345.18,17773731.3,86358467.9,435090857
350.5,S,47,6193.06,1350.27,17773731.3,86358658.5,435091079
351.5,S,47,6204.38,1354.74,17773731.3,86358761.8,435091199
352.5,S,47,6216.90,1359.70,17773731.3,86358951.9,435091406
353.5,S,47,6226.37,1363.68,17773731.3,86359312.5,435091758
354.5,S,47,6237.86,1368.59,17773734.1,86359373.0,435091894
355.5,S,47,6249.69,1373.58,17773735.8,86359373.4,435091905
356.5,S,51,6262.44,1378.54,17773735.8,86359510.8,435092072
357.5,S,66,6288.00,1383.66,17773735.8,86359511.8,435092076
358.5,S,66,6318.51,1388.49,17773735.8,86359512.0,435092077
359.5,S,62,6346.49,1393.00,17773735.8,86359703.0,435092282
360.5,S,66,6374.99,1397.26,17773735.8,86359730.1,435092340
361.5,S,66,6403.85,1401.02,17773735.8,86359777.6,435092413
362.5,S,66,6427.63,1402.42,17773735.8,86360063.1,435092879
363.5,S,66,6452.49,1403.90,17773735.8,86360266.3,435093428
364.6,S,62,6477.19,1405.36,17773735.8,86360462.9,435093641
365.6,S,62,6502.44,1406.90,17773735.8,86360549.3,435093726
366.6,S,63,6525.46,1408.51,17773735.8,86361127.9,435094292
367.6,S,51,6540.04,1410.21,17773735.8,86361629.5,435095049
368.6,S,49,6560.79,1411.84,17773735.8,86361810.7,435095304
369.6,S,47,6587.26,1413.18,17773735.8,86361871.7,435095459
370.6,S,47,6613.33,1414.42,17773735.8,86361872.0,435095466
371.6,S,47,6639.47,1415.68,17773735.8,86361910.7,435095501
372.6,S,51,6666.31,1417.10,17773735.8,86361989.3,435095584
373.6,S,51,6692.62,1418.75,17773735.8,86362388.3,435096022
374.6,S,51,6716.37,1420.26,17773735.8,86362691.1,435096451
375.6,S,47,6741.78,1421.74,17773735.8,86362952.6,435096871
376.6,S,47,6767.52,1423.10,17773735.8,86363103.9,435097151
377.6,S,47,6792.50,1424.55,17773735.8,86363193.5,435097264
378.6,S,47,6811.86,1426.01,17773735.8,86363710.4,435097960
379.6,S,47,6826.02,1427.44,17773735.8,86364329.6,435098597
380.6,S,47,6847.13,1429.02,17773735.8,86364406.3,435098675
381.6,S,47,6868.19,1430.64,17773735.8,86364539.4,435098814
382.6,S,47,6889.55,1432.37,17773735.8,86364577.7,435098974
383.6,S,47,6910.18,1433.94,17773735.8,86364701.2,435099213
384.6,S,47,6924.63,1435.29,17773735.8,86365193.4,435099875
385.6,S,47,6942.38,1436.89,17773735.8,86365500.6,435100271
386.6,S,47,6958.81,1438.77,17773735.8,86365530.7,435100310
387.6,S,47,6974.52,1440.58,17773735.8,86365752.9,435100597
388.6,S,47,6986.49,1442.11,17773735.8,86366010.2,435101132
389.6,S,47,6997.29,1443.61,17773735.8,86366345.9,435101483
390.6,S,47,7008.50,1445.09,17773735.8,86366372.0,435101519
391.6,S,47,7017.56,1446.36,17773735.8,86366535.9,435101691
392.6,S,47,7027.57,1447.90,17773735.8,86366585.1,435101936
393.6,S,47,7037.38,1449.18,17773735.8,86366585.4,435101938
394.6,S,47,7047.06,1450.53,17773735.8,86366586.6,435101944
395.6,S,47,7056.81,1451.78,17773735.8,86366586.7,435101945
396.6,S,62,7071.87,1453.59,17773735.8,86366760.4,435102102
397.6,S,62,7097.47,1454.95,17773735.8,86366780.3,435102125
398.6,S,62,7122.29,1456.23,17773735.8,86366883.4,435102221
399.6,S,62,7147.42,1457.52,17773735.8,86366884.8,435102225
400.6,S,62,7172.26,1458.88,17773735.8,86366985.3,435102335
401.6,S,62,7191.99,1460.12,17773735.8,86367332.1,435102883
402.6,S,57,7211.45,1461.54,17773735.8,86367773.6,435103581
403.6,S,47,7224.69,1463.08,17773735.8,86368177.2,435104095
404.6,S,51,7241.82,1464.55,17773735.8,86368280.3,435104282
405.6,S,51,7263.02,1466.21,17773735.8,86368280.7,435104283
406.6,S,51,7283.69,1467.81,17773735.8,86368428.9,435104427
407.6,S,47,7300.51,1469.55,17773735.8,86368693.9,435104838
408.6,S,47,7317.23,1471.36,17773735.8,86368821.5,435105081
409.6,S,47,7334.37,1473.17,17773735.8,86368896.9,435105145
410.6,S,51,7351.14,1474.63,17773735.8,86369217.7,435105556
411.6,S,51,7372.04,1476.37,17773735.8,86369347.4,435105682
412.6,S,51,7391.28,1478.34,17773735.8,86369575.2,435106046
413.6,S,47,7408.19,1480.29,17773735.8,86369795.4,435106300
414.6,S,47,7424.59,1482.08,17773735.8,86369930.0,435106584
415.6,S,47,7441.88,1483.78,17773735.8,86370153.0,435106898
416.6,S,51,7459.51,1485.51,17773735.8,86370380.7,435107282
417.7,S,51,7479.54,1487.26,17773735.8,86370383.0,435107291
418.7,S,47,7497.39,1488.85,17773735.8,86370573.7,435107511
419.7,S,47,7514.58,1490.66,17773735.8,86370670.5,435107604
420.7,S,47,7531.63,1492.54,17773735.8,86370878.6,435107791
421.7,S,47,7548.28,1494.32,17773735.8,86371041.4,435108105
422.7,S,51,7565.13,1495.70,17773735.9,86371336.0,435108481
423.7,S,51,7585.19,1497.48,17773735.9,86371383.6,435108534
424.7,S,47,7600.78,1498.97,17773735.9,86371695.0,435109061
425.7,S,47,7617.44,1500.85,17773735.9,86371910.9,435109257
426.7,S,47,7632.28,1502.74,17773735.9,86371911.0,435109258
427.7,S,47,7646.58,1504.47,17773735.9,86371992.8,435109331
428.7,S,47,7659.06,1506.01,17773735.9,86372146.4,435109785
429.7,S,47,7672.25,1507.81,17773735.9,86372213.7,435109855
430.7,S,47,7685.47,1509.58,17773735.9,86372283.3,435109932
431.7,S,47,7698.06,1511.38,17773735.9,86372648.8,435110348
432.7,S,47,7712.39,1513.11,17773735.9,86372649.0,435110349
433.7,S,47,7726.62,1514.91,17773735.9,86372650.1,435110353
434.7,S,47,7741.14,1516.66,17773735.9,86372650.5,435110361
435.7,S,47,7754.43,1518.29,17773735.9,86372818.0,435110548
436.7,S,47,7765.13,1519.93,17773735.9,86373366.8,435111275
437.7,S,47,7777.60,1521.61,17773735.9,86373581.8,435111721
438.7,S,47,7789.98,1523.18,17773735.9,86373663.4,435111792
439.7,S,47,7802.63,1524.96,17773735.9,86373723.5,435111853
440.7,S,62,7830.35,1526.79,17773735.9,86373789.3,435111939
441.7,S,62,7857.49,1528.29,17773735.9,86373982.9,435112340
442.7,S,62,7885.75,1529.66,17773735.9,86374086.0,435112490
443.7,S,62,7914.76,1531.07,17773735.9,86374086.2,435112491
444.7,S,61,7942.35,1532.66,17773735.9,86374275.6,435112707
445.7,S,54,7962.47,1534.06,17773735.9,86375024.9,435113448
446.7,S,49,7975.89,1535.43,17773735.9,86375440.4,435114155
447.7,S,47,7996.13,1537.00,17773735.9,86375552.5,435114282
448.7,S,47,8017.53,1538.51,17773735.9,86375587.6,435114362
449.7,S,47,8038.16,1540.12,17773735.9,86375690.5,435114471
450.7,S,47,8058.37,1541.66,17773735.9,86375904.2,435114704
451.7,S,47,8078.22,1543.45,17773735.9,86376111.8,435115012
452.7,S,47,8097.47,1545.18,17773735.9,86376254.1,435115161
453.7,S,47,8115.61,1546.87,17773735.9,86376437.7,435115353
454.7,S,47,8133.03,1548.73,17773735.9,86376688.9,435115572
455.7,S,51,8149.67,1550.39,17773735.9,86377015.2,435115932
456.7,S,51,8170.64,1552.28,17773735.9,86377057.4,435115976
457.7,S,50,8190.10,1554.04,17773735.9,86377386.3,435116652
458.7,S,47,8205.86,1555.88,17773735.9,86377588.0,435116873
459.7,S,47,8220.94,1557.65,17773735.9,86377769.3,435117033
460.7,S,47,8236.05,1559.43,17773735.9,86377827.2,435117086
461.7,S,51,8251.26,1561.23,17773735.9,86377989.8,435117254
462.7,S,51,8269.97,1563.13,17773735.9,86378086.4,435117452
463.7,S,50,8288.29,1565.02,17773735.9,86378302.1,435117842
464.7,S,47,8303.81,1567.01,17773735.9,86378624.5,435118220
465.7,S,47,8319.78,1568.78,17773735.9,86378682.9,435118282
466.7,S,47,8334.12,1570.53,17773735.9,86378831.4,435118414
467.7,S,51,8347.31,1572.02,17773735.9,86379037.6,435118689
468.7,S,51,8364.15,1574.03,17773735.9,86379166.6,435118845
469.7,S,51,8380.99,1575.88,17773735.9,86379228.1,435118945
470.7,S,47,8394.23,1577.70,17773735.9,86379488.4,435119309
471.7,S,47,8407.62,1579.34,17773735.9,86379529.8,435119355
472.7,S,47,8420.51,1581.02,17773735.9,86379680.0,435119673
473.7,S,47,8433.67,1582.74,17773735.9,86379722.0,435119716
474.7,S,51,8448.22,1584.63,17773735.9,86379881.7,435119934
475.7,S,51,8464.05,1586.58,17773735.9,86379973.3,435120074
476.7,S,47,8479.05,1588.44,17773735.9,86380175.0,435120463
477.7,S,47,8495.14,1590.39,17773735.9,86380175.6,435120474
478.7,S,47,8511.14,1592.28,17773735.9,86380257.0,435120579
479.7,S,47,8527.50,1594.10,17773735.9,86380257.3,435120584
480.7,S,47,8542.77,1595.55,17773735.9,86380489.0,435120892
481.7,S,47,8556.71,1597.18,17773735.9,86380873.5,435121391
482.7,S,47,8571.85,1599.12,17773735.9,86380930.0,435121448
483.7,S,47,8586.52,1600.83,17773735.9,86380973.5,435121508
484.7,S,47,8601.30,1602.68,17773735.9,86381039.4,435121593
485.7,S,47,8616.12,1604.40,17773735.9,86381252.8,435121813
486.7,S,47,8630.08,1605.87,17773735.9,86381371.5,435121992
487.7,S,47,8642.70,1607.83,17773735.9,86381752.2,435122469
488.7,S,61,8657.17,1609.47,17773735.9,86382072.7,435122914
489.7,S,61,8683.65,1610.95,17773735.9,86382138.0,435123006
490.7,S,61,8710.26,1612.34,17773735.9,86382203.0,435123082
491.7,S,61,8736.71,1613.74,17773735.9,86382267.7,435123150
492.7,S,60,8763.17,1615.14,17773735.9,86382360.9,435123256
493.7,S,59,8778.29,1615.82,17773735.9,86382864.1,435124036
494.7,S,53,8792.87,1617.33,17773735.9,86383408.9,435124862
495.7,S,47,8811.02,1619.03,17773735.9,86383538.6,435124988
496.7,S,47,8832.41,1620.70,17773735.9,86383603.4,435125046
497.7,S,47,8853.61,1622.31,17773735.9,86383604.6,435125049
498.7,S,47,8875.04,1623.96,17773735.9,86383604.9,435125050
499.7,S,47,8892.66,1625.22,17773735.9,86384052.3,435125649
500.7,S,47,8908.24,1627.04,17773735.9,86384424.8,435126219
501.7,S,47,8927.42,1628.84,17773735.9,86384504.0,435126291
502.7,S,47,8946.81,1630.63,17773735.9,86384541.1,435126325
503.7,S,47,8968.50,1635.46,17773735.9,86384761.5,435126520
504.7,S,51,8988.84,1639.77,17773735.9,86384910.7,435126809
505.7,S,51,9013.68,1644.64,17773735.9,86385145.5,435127054
506.7,S,50,9038.71,1649.23,17773735.9,86385258.6,435127266
507.7,S,50,9059.51,1653.57,17773735.9,86385441.6,435127597
508.9,S,51,9078.62,1657.72,17773735.9,86385786.1,435128169
509.9,S,51,9100.97,1662.73,17773735.9,86385893.1,435128303
510.9,S,50,9120.21,1667.19,17773735.9,86386145.2,435128644
511.9,S,51,9137.45,1671.51,17773735.9,86386391.1,435128863
512.9,S,51,9158.28,1676.23,17773735.9,86386521.3,435129001
513.9,S,51,9178.65,1680.66,17773735.9,86386622.5,435129104
514.9,S,47,9194.64,1685.67,17773735.9,86386989.2,435129713
515.9,S,51,9213.36,1689.94,17773735.9,86387114.0,435129850
516.9,S,51,9233.86,1694.87,17773735.9,86387151.5,435129895
517.9,S,47,9250.84,1699.47,17773735.9,86387430.8,435130287
518.9,S,47,9265.60,1703.98,17773735.9,86387598.6,435130439
519.9,S,47,9281.34,1709.17,17773735.9,86387599.4,435130499
520.9,S,47,9297.00,1714.38,17773735.9,86387599.6,435130501
521.9,S,47,9311.39,1718.80,17773735.9,86387767.7,435130685
522.9,S,47,9327.01,1724.08,17773735.9,86387767.9,435130690
523.9,S,47,9342.54,1729.48,17773735.9,86387768.2,435130693
524.9,S,47,9351.72,1731.81,17773735.9,86387936.4,435131232
525.9,S,47,9367.26,1737.16,17773735.9,86387937.0,435131238
526.9,S,47,9384.26,1742.25,17773735.9,86388001.1,435131304
527.9,S,47,9399.90,1746.75,17773735.9,86388294.7,435131609
528.9,S,47,9416.79,1751.65,17773735.9,86388322.5,435131687
529.9,S,47,9431.18,1756.23,17773735.9,86388549.4,435132132
530.9,S,47,9445.78,1761.08,17773735.9,86388745.2,435132333
531.9,S,51,9463.87,1765.33,17773735.9,86388846.3,435132515
532.9,S,51,9487.03,1770.74,17773735.9,86388921.7,435132599
533.9,S,48,9510.87,1775.43,17773735.9,86389065.1,435132751
534.9,S,51,9527.67,1778.36,17773735.9,86389595.5,435133509
535.9,S,51,9553.02,1783.32,17773735.9,86389655.1,435133575
536.9,S,51,9578.28,1787.95,17773735.9,86389656.6,435133579
537.9,S,47,9596.67,1791.87,17773735.9,86390173.6,435134259
538.9,S,51,9617.15,1796.28,17773735.9,86390525.6,435134610
539.9,S,51,9642.12,1801.27,17773735.9,86390525.7,435134611
540.9,S,50,9666.81,1806.32,17773735.9,86390573.6,435134655
541.9,S,47,9687.24,1810.93,17773735.9,86390837.9,435134997
542.9,S,51,9703.44,1814.49,17773735.9,86391110.6,435135410
543.9,S,51,9721.54,1819.52,17773735.9,86391229.1,435135547
544.9,S,48,9737.07,1824.35,17773735.9,86391372.3,435135851
545.9,S,47,9750.31,1828.98,17773735.9,86391523.5,435136023
546.9,S,47,9765.00,1834.21,17773735.9,86391523.7,435136023
547.9,S,47,9778.43,1838.91,17773735.9,86391715.0,435136510
548.9,S,47,9790.88,1843.40,17773735.9,86391818.3,435136627
549.9,S,47,9804.06,1848.74,17773735.9,86392009.0,435136856
550.9,S,47,9816.89,1853.72,17773735.9,86392009.4,435136859
551.9,S,47,9828.56,1858.26,17773735.9,86392112.7,435136955
552.9,S,47,9840.95,1863.59,17773735.9,86392303.1,435137117
553.9,S,47,9851.23,1867.89,17773735.9,86392407.0,435137256
554.9,S,47,9863.03,1872.98,17773735.9,86392407.2,435137258
555.9,S,47,9874.85,1878.03,17773735.9,86392408.0,435137264
556.9,S,51,9887.58,1882.45,17773735.9,86392701.3,435137588
557.9,S,66,9912.98,1886.49,17773735.9,86392702.5,435137589
558.9,S,66,9941.40,1889.67,17773735.9,86392703.6,435137592
559.9,S,62,9965.23,1892.22,17773735.9,86392894.8,435137943
560.9,S,66,9992.26,1896.55,17773735.9,86393044.1,435138108
561.9,S,66,10021.15,1900.06,17773735.9,86393186.6,435138231
562.9,S,66,10048.52,1901.66,17773735.9,86393369.2,435138389
563.9,S,65,10072.75,1903.15,17773735.9,86393764.1,435139096
564.9,S,62,10097.17,1904.53,17773735.9,86394076.7,435139468
565.9,S,61,10122.19,1905.95,17773735.9,86394286.5,435139661
566.9,S,59,10139.17,1906.88,17773735.9,86394726.4,435140171
567.9,S,51,10157.84,1908.31,17773736.0,86395018.3,435140653
568.9,S,51,10188.13,1909.60,17773736.0,86395018.6,435140655
569.9,S,50,10218.20,1910.95,17773736.0,86395067.7,435140710
570.9,S,47,10245.98,1912.51,17773736.0,86395211.4,435141131
571.9,S,47,10273.95,1914.07,17773736.0,86395250.0,435141169
572.9,S,47,10301.28,1915.69,17773736.0,86395472.3,435141395
573.9,S,47,10327.02,1917.24,17773736.0,86395870.4,435141913
575.1,S,47,10352.38,1918.47,17773736.0,86396315.3,435142420
576.1,S,51,10378.00,1919.79,17773736.0,86396696.8,435142956
577.1,S,51,10404.74,1921.42,17773736.0,86397092.7,435143473
578.1,S,50,10431.84,1922.84,17773736.0,86397254.6,435143624
579.1,S,47,10453.74,1924.16,17773736.0,86397538.8,435144122
580.1,S,47,10475.80,1926.13,17773736.0,86397703.0,435144355
581.1,S,47,10498.18,1927.75,17773736.0,86397892.9,435144603
582.1,S,47,10516.21,1929.15,17773736.0,86398386.0,435145129
583.1,S,47,10534.61,1930.77,17773736.0,86398479.4,435145278
584.1,S,47,10551.25,1932.57,17773736.0,86398657.6,435145539
585.1,S,47,10567.16,1934.31,17773736.0,86398960.0,435146000
586.1,S,47,10582.51,1936.16,17773736.0,86399207.4,435146235
587.1,S,47,10598.76,1938.01,17773736.0,86399208.5,435146238
588.1,S,47,10613.25,1939.49,17773736.0,86399486.9,435146560
589.1,S,47,10632.18,1941.26,17773736.0,86399538.9,435146617
590.1,S,47,10651.76,1943.01,17773736.0,86399654.0,435146798
591.1,S,47,10667.27,1944.60,17773736.0,86400051.3,435147478
592.1,S,47,10686.63,1946.26,17773736.0,86400107.9,435147533
593.1,S,47,10702.25,1947.71,17773736.0,86400352.8,435147844
594.1,S,47,10721.21,1949.41,17773736.0,86400646.2,435148151
595.1,S,47,10744.98,1951.53,17773736.0,86400669.6,435148185
596.1,S,47,10771.20,1956.01,17773736.0,86400863.2,435148382
597.1,S,47,10796.73,1961.11,17773736.0,86401107.6,435148950
598.1,S,61,10827.57,1962.65,17773736.0,86401120.4,435148973
599.1,S,61,10857.78,1963.41,17773736.0,86401470.0,435149362
600.1,S,61,10888.04,1964.12,17773736.0,86401739.6,435149656
601.1,S,61,10919.33,1964.92,17773736.0,86401751.2,435149670
602.1,S,61,10949.02,1966.14,17773736.0,86401996.3,435149892
603.1,S,60,10973.28,1967.47,17773736.0,86402537.4,435150510
604.1,S,50,10987.61,1968.58,17773736.0,86403078.1,435151409
605.1,S,47,11011.33,1970.02,17773736.0,86403286.1,435151668
606.1,S,47,11036.85,1971.30,17773736.0,86403448.4,435151850
607.1,S,47,11061.49,1972.62,17773736.0,86403551.0,435151982
608.1,S,51,11087.90,1973.93,17773736.0,86403716.1,435152304
609.1,S,51,11107.45,1975.15,17773736.0,86403892.4,435152863
610.1,S,51,11131.33,1977.03,17773736.0,86404254.9,435153260
611.1,S,47,11152.64,1978.74,17773736.0,86404542.9,435153757
612.1,S,47,11172.08,1980.25,17773736.0,86404704.7,435153907
613.1,S,47,11190.68,1982.06,17773736.0,86404829.4,435154017
614.1,S,51,11201.70,1982.88,17773736.0,86405415.7,435154826
615.1,S,51,11223.99,1984.53,17773736.0,86405546.9,435154972
616.1,S,51,11245.95,1986.03,17773736.0,86405633.3,435155103
617.1,S,47,11263.12,1988.02,17773736.0,86405916.7,435155354
618.1,S,47,11278.92,1989.74,17773736.0,86406107.2,435155578
619.1,S,47,11294.97,1991.44,17773736.0,86406262.9,435155736
620.1,S,51,11309.66,1992.80,17773736.0,86406446.7,435155951
621.1,S,51,11328.72,1994.63,17773736.0,86406447.0,435155954
622.1,S,51,11346.46,1996.38,17773736.0,86406608.5,435156166
623.1,S,47,11361.99,1998.04,17773736.0,86406802.3,435156741
624.1,S,47,11378.02,1999.96,17773736.0,86406833.0,435156789
625.1,S,47,11393.35,2001.82,17773736.0,86406900.1,435156856
626.1,S,51,11408.07,2003.63,17773736.0,86407071.4,435157032
627.1,S,51,11423.47,2005.16,17773736.0,86407487.3,435157547
628.1,S,51,11439.16,2007.07,17773736.0,86407593.6,435157689
629.1,S,47,11451.44,2008.69,17773736.0,86407770.2,435157843
630.1,S,47,11463.84,2010.28,17773736.0,86407771.2,435157847
631.1,S,47,11479.27,2012.42,17773736.0,86407872.9,435157942
632.1,S,47,11498.68,2014.04,17773736.0,86407873.7,435157949
633.1,S,47,11516.32,2015.54,17773736.0,86407976.8,435158145
634.1,S,47,11535.39,2017.33,17773736.0,86407977.1,435158149
635.1,S,47,11554.79,2019.11,17773736.0,86407978.5,435158153
636.1,S,47,11564.07,2020.16,17773736.0,86408550.9,435158980
637.2,S,47,11581.79,2021.84,17773736.0,86408749.7,435159218
638.2,S,47,11599.97,2023.62,17773736.0,86408750.6,435159222
639.2,S,47,11617.28,2025.21,17773736.0,86408899.2,435159359
640.2,S,47,11630.85,2026.88,17773736.0,86409092.2,435159726
641.2,S,47,11643.19,2028.51,17773736.0,86409286.7,435159974
642.2,S,47,11654.55,2030.03,17773736.0,86409657.3,435160682
643.2,S,62,11672.28,2031.66,17773736.0,86409953.8,435161003
644.2,S,62,11697.38,2032.86,17773736.0,86409954.1,435161007
645.2,S,62,11722.53,2034.11,17773736.0,86409954.4,435161010
646.2,S,62,11746.92,2035.35,17773736.0,86410122.4,435161269
647.2,S,61,11770.69,2036.75,17773736.0,86410473.5,435161861
648.2,S,61,11787.95,2037.95,17773736.0,86410798.7,435162467
649.3,S,47,11799.70,2039.90,17773736.0,86411252.2,435162954
650.3,S,47,11818.92,2041.48,17773736.0,86411253.1,435162959
651.3,S,47,11838.02,2043.13,17773736.0,86411253.6,435162963
652.3,S,47,11856.38,2044.61,17773736.0,86411357.6,435163089
653.3,S,47,11875.21,2046.25,17773736.0,86411575.5,435163302
654.3,S,47,11893.30,2048.03,17773736.0,86411644.0,435163365
655.3,S,47,11910.71,2049.70,17773736.0,86411803.4,435163525
656.3,S,47,11927.97,2051.47,17773736.0,86411805.1,435163536
657.3,S,47,11944.86,2053.24,17773736.0,86411914.5,435163954
658.3,S,51,11961.49,2054.96,17773736.0,86412478.7,435164551
659.3,S,51,11982.12,2056.69,17773736.0,86412787.4,435165044
660.3,S,47,12000.21,2058.49,17773736.0,86412993.1,435165320
661.3,S,47,12015.54,2060.32,17773736.0,86413111.7,435165507
662.3,S,47,12033.12,2063.41,17773736.0,86413176.7,435165574
663.3,S,51,12050.97,2067.30,17773736.0,86413486.2,435165906
664.3,S,51,12071.87,2072.20,17773736.0,86413633.1,435166039
665.3,S,49,12090.90,2077.11,17773736.0,86413832.4,435166271
666.3,S,51,12106.71,2081.41,17773736.0,86414083.2,435166605
667.3,S,51,12126.43,2086.57,17773736.0,86414158.3,435166683
668.3,S,51,12143.55,2091.15,17773736.0,86414321.0,435166984
669.3,S,47,12158.18,2095.45,17773736.0,86414516.1,435167266
670.3,S,51,12178.75,2099.93,17773736.0,86414637.5,435167383
671.3,S,51,12201.62,2104.96,17773736.0,86414638.0,435167388
672.3,S,48,12223.16,2110.20,17773736.0,86414838.8,435167634
673.3,S,47,12241.47,2114.82,17773736.0,86414989.4,435167800
674.3,S,47,12262.05,2120.19,17773736.0,86415082.0,435167969
675.3,S,47,12285.93,2125.29,17773736.0,86415211.9,435168201
676.3,S,47,12309.03,2130.02,17773736.0,86415341.3,435168474
677.3,S,47,12331.96,2134.35,17773736.0,86415444.2,435168576
678.3,S,47,12355.77,2139.22,17773736.0,86415475.8,435168608
679.3,S,47,12378.01,2143.91,17773736.0,86415664.2,435168923
680.3,S,47,12398.02,2148.28,17773736.0,86415871.9,435169333
681.3,S,47,12415.51,2151.66,17773736.0,86416286.4,435169767
682.3,S,47,12437.19,2156.70,17773736.0,86416382.5,435169910
683.3,S,47,12458.12,2161.68,17773736.0,86416447.2,435169968
684.3,S,47,12476.71,2165.93,17773736.0,86416685.9,435170238
685.3,S,47,12494.13,2170.57,17773736.0,86416844.8,435170435
686.3,S,47,12511.44,2175.51,17773736.0,86416948.9,435170538
687.3,S,47,12527.81,2180.49,17773736.0,86417139.2,435170734
688.3,S,51,12539.72,2183.22,17773736.0,86417367.3,435171236
689.3,S,51,12557.56,2188.26,17773736.0,86417432.1,435171295
690.3,S,48,12573.84,2193.43,17773736.0,86417575.2,435171418
691.3,S,51,12588.28,2197.80,17773736.0,86417798.4,435171712
692.3,S,51,12605.47,2202.85,17773736.0,86418179.3,435172318
693.3,S,47,12620.93,2208.30,17773736.0,86418429.2,435172568
694.3,S,51,12633.95,2213.12,17773736.0,86418532.6,435172665
695.3,S,51,12651.01,2217.99,17773736.0,86418533.9,435172669
696.3,S,49,12666.84,2223.06,17773736.0,86418677.2,435172796
697.3,S,51,12680.39,2227.59,17773736.0,86418828.3,435172969
698.3,S,51,12698.05,2232.90,17773736.0,86418828.6,435172970
699.3,S,47,12712.95,2237.36,17773736.0,86419019.8,435173205
700.3,S,47,12727.20,2242.47,17773736.0,86419049.5,435173239
701.3,S,47,12740.97,2247.17,17773736.0,86419123.6,435173323
702.3,S,47,12755.66,2252.40,17773736.0,86419124.1,435173329
703.3,S,47,12768.51,2257.21,17773736.0,86419339.2,435173726
704.3,S,47,12780.23,2261.42,17773736.0,86419417.7,435173904
705.3,S,47,12793.64,2266.28,17773736.0,86419608.2,435174157
706.3,S,47,12805.00,2270.85,17773736.0,86419711.8,435174268
707.3,S,47,12817.71,2275.99,17773736.0,86419712.5,435174302
708.3,S,47,12829.95,2281.06,17773736.0,86419903.4,435174491
709.3,S,47,12840.41,2285.52,17773736.0,86420006.3,435174607
710.3,S,47,12852.16,2290.62,17773736.0,86420006.5,435174610
711.3,S,62,12863.82,2295.55,17773736.0,86420256.6,435175011
712.3,S,66,12893.12,2300.12,17773736.0,86420302.0,435175063
713.3,S,66,12923.46,2305.04,17773736.0,86420302.4,435175065
714.3,S,66,12953.92,2310.06,17773736.0,86420302.6,435175067
715.3,S,62,12981.93,2314.93,17773736.0,86420531.0,435175263
716.3,S,66,13008.80,2319.13,17773736.0,86420779.2,435175590
717.3,S,66,13036.76,2323.32,17773736.1,86421064.5,435176103
718.3,S,66,13063.21,2326.00,17773736.1,86421339.3,435176407
719.3,S,62,13088.56,2327.45,17773736.1,86421705.6,435176735
720.3,S,62,13112.94,2328.93,17773736.1,86421856.3,435177092
721.3,S,53,13132.84,2330.48,17773736.1,86422275.6,435177565
722.3,S,51,13143.92,2331.85,17773736.1,86422629.6,435177985
723.3,S,51,13173.96,2333.22,17773736.1,86422631.7,435177993
724.3,S,51,13202.66,2334.17,17773736.1,86422645.5,435178012
725.3,S,47,13228.90,2335.10,17773736.1,86422869.5,435178248
726.3,S,47,13256.30,2336.68,17773736.1,86422968.6,435178407
727.3,S,47,13282.95,2338.12,17773736.1,86423225.4,435179073
728.3,S,47,13309.79,2339.77,17773736.1,86423514.7,435179346
729.3,S,47,13337.00,2341.39,17773736.1,86423702.5,435179555
730.3,S,47,13358.21,2342.45,17773736.1,86424172.9,435180258
731.3,S,51,13382.09,2343.53,17773736.1,86424461.0,435180676
732.3,S,51,13409.88,2345.08,17773736.1,86424660.9,435181015
733.3,S,51,13436.99,2346.53,17773736.1,86424773.6,435181130
734.3,S,47,13460.88,2348.04,17773736.1,86425242.0,435181741
735.3,S,47,13482.72,2350.09,17773736.1,86425636.4,435182195
736.3,S,47,13501.34,2351.86,17773736.1,86425893.8,435182461
737.3,S,47,13514.19,2353.00,17773736.1,86426205.9,435183032
738.3,S,47,13532.43,2354.83,17773736.1,86426289.9,435183107
739.3,S,47,13549.32,2356.68,17773736.1,86426644.3,435183495
740.3,S,47,13564.52,2358.42,17773736.1,86426760.9,435183639
741.3,S,47,13579.50,2360.11,17773736.1,86426994.5,435184046
742.3,S,47,13595.79,2361.90,17773736.1,86427016.6,435184075
743.3,S,47,13613.42,2363.63,17773736.1,86427267.7,435184475
744.3,S,47,13635.51,2365.14,17773736.1,86427296.5,435184506
745.3,S,47,13659.44,2366.76,17773736.1,86427324.7,435184534
746.3,S,47,13684.07,2368.13,17773736.1,86427515.0,435184698
747.3,S,47,13707.24,2369.56,17773736.1,86427898.3,435185243
748.3,S,47,13731.35,2370.99,17773736.1,86427956.4,435185321
749.3,S,47,13749.82,2372.31,17773736.1,86428382.0,435186089
750.3,S,47,13774.81,2373.95,17773736.1,86428718.4,435186499
751.3,S,47,13801.09,2375.25,17773736.1,86428846.7,435186657
752.3,S,47,13823.61,2376.89,17773736.1,86429096.8,435186918
753.3,S,47,13843.31,2378.74,17773736.1,86429286.9,435187094
754.3,S,47,13858.50,2380.43,17773736.1,86429369.1,435187420
755.3,S,47,13870.03,2381.75,17773736.1,86429791.2,435187972
756.3,S,47,13883.15,2383.54,17773736.1,86429966.2,435188143
757.4,S,47,13896.16,2385.43,17773736.1,86430003.8,435188209
758.4,S,62,13919.61,2387.30,17773736.1,86430066.1,435188271
759.4,S,62,13948.09,2388.81,17773736.1,86430115.2,435188319
760.4,S,62,13976.26,2390.50,17773736.1,86430241.9,435188431
761.4,S,62,14003.21,2392.51,17773736.1,86430246.8,435188447
762.4,S,62,14030.39,2393.83,17773736.1,86430273.0,435188472
763.4,S,66,14049.02,2394.80,17773736.1,86430939.8,435189347
764.4,S,57,14072.49,2396.39,17773736.1,86431489.7,435189961
765.4,S,50,14093.34,2397.89,17773736.1,86431808.7,435190396
766.4,S,47,14115.93,2399.35,17773736.1,86431941.5,435190558
767.4,S,47,14138.38,2400.98,17773736.1,86431979.9,435190684
768.4,S,47,14160.49,2402.51,17773736.1,86432018.3,435190809
769.4,S,51,14179.35,2403.55,17773736.1,86432420.0,435191434
770.4,S,51,14205.46,2405.04,17773736.1,86432601.9,435191641
771.4,S,51,14231.23,2406.49,17773736.1,86432672.7,435191713
772.4,S,47,14250.39,2407.98,17773736.1,86433255.2,435192449
773.4,S,47,14272.99,2409.48,17773736.1,86433255.4,435192449
774.4,S,47,14293.87,2411.12,17773736.1,86433592.2,435192876
775.4,S,51,14315.27,2412.47,17773736.1,86433878.7,435193223
776.4,S,51,14340.09,2413.93,17773736.1,86434084.9,435193435
777.4,S,51,14361.85,2415.45,17773736.1,86434322.2,435193885
778.4,S,47,14381.09,2417.22,17773736.1,86434475.0,435194159
779.4,S,47,14398.92,2418.93,17773736.1,86434768.2,435194509
780.4,S,47,14414.59,2420.55,17773736.1,86434873.2,435194759
781.4,S,51,14434.66,2422.14,17773736.1,86435102.6,435194960
782.4,S,51,14456.48,2423.87,17773736.1,86435138.9,435194996
783.4,S,47,14474.71,2425.67,17773736.1,86435375.6,435195308
784.4,S,47,14490.15,2427.49,17773736.1,86435567.8,435195508
785.4,S,47,14506.17,2429.24,17773736.1,86435710.6,435195830
786.4,S,47,14522.48,2431.09,17773736.1,86435713.6,435195835
787.4,S,47,14536.90,2432.83,17773736.1,86435975.8,435196240
788.4,S,47,14552.07,2434.60,17773736.1,86436039.0,435196299
789.4,S,47,14566.27,2436.38,17773736.1,86436165.3,435196409
790.4,S,47,14579.80,2438.10,17773736.1,86436369.0,435196640
791.4,S,47,14593.92,2439.75,17773736.1,86436535.3,435196832
792.4,S,47,14610.27,2441.56,17773736.1,86436563.7,435196865
793.4,S,47,14624.96,2443.15,17773736.1,86436727.9,435197116
794.4,S,47,14641.12,2444.97,17773736.1,86436728.8,435197118
795.4,S,47,14659.42,2446.81,17773736.1,86437073.8,435197645
796.4,S,47,14680.60,2448.51,17773736.1,86437332.2,435197871
797.4,S,47,14702.01,2450.13,17773736.1,86437504.0,435198131
798.4,S,61,14724.96,2452.17,17773736.2,86437740.1,435198541
799.4,S,61,14754.20,2453.23,17773736.2,86437885.5,435198714
800.4,S,61,14782.63,2454.65,17773736.2,86438250.6,435199108
801.4,S,61,14811.66,2456.10,17773736.2,86438580.7,435199469
802.4,S,61,14839.97,2457.59,17773736.2,86438669.3,435199569
803.4,S,60,14864.50,2459.07,17773736.2,86438818.1,435199891
804.4,S,52,14887.69,2460.69,17773736.2,86439390.5,435200670
805.4,S,47,14910.28,2462.32,17773736.2,86439581.6,435200868
806.4,S,47,14931.20,2463.44,17773736.2,86439887.9,435201555
807.4,S,47,14950.38,2464.20,17773736.2,86440136.5,435202302
808.4,S,47,14975.59,2465.69,17773736.2,86440158.5,435202381
809.4,S,47,14999.89,2467.11,17773736.2,86440284.3,435202827
810.4,S,47,15017.96,2468.53,17773736.2,86440732.5,435203581
811.4,S,47,15038.65,2470.09,17773736.2,86441005.6,435204004
812.4,S,47,15057.35,2471.50,17773736.2,86441137.1,435204301
813.4,S,47,15075.55,2472.78,17773736.2,86441222.7,435204544
814.4,S,51,15093.27,2474.35,17773736.2,86441448.7,435204902
815.4,S,51,15115.15,2475.87,17773736.2,86441630.1,435205170
816.4,S,51,15131.58,2477.34,17773736.2,86442119.6,435205803
817.4,S,47,15146.66,2479.02,17773736.2,86442273.9,435206074
818.4,S,47,15160.87,2480.81,17773736.2,86442394.0,435206202
819.4,S,47,15175.38,2482.56,17773736.2,86442395.3,435206206
820.4,S,47,15185.94,2483.73,17773736.2,86442633.0,435206682
821.4,S,51,15203.89,2485.53,17773736.2,86442787.6,435206838
822.4,S,51,15221.15,2487.46,17773736.2,86442897.7,435207008
823.4,S,47,15232.50,2488.94,17773736.2,86443221.5,435207565
824.4,S,47,15245.96,2490.63,17773736.2,86443222.3,435207569
825.4,S,47,15259.36,2492.38,17773736.2,86443287.5,435207638
826.4,S,47,15272.71,2493.98,17773736.2,86443344.0,435207700
827.4,S,51,15287.10,2495.65,17773736.2,86443665.8,435208094
828.4,S,51,15303.74,2497.43,17773736.2,86443677.7,435208111
829.4,S,48,15318.35,2499.19,17773736.2,86443922.4,435208341
830.4,S,47,15331.51,2501.01,17773736.2,86443968.2,435208435
831.4,S,47,15344.14,2502.64,17773736.2,86443978.7,435208455
832.4,S,47,15355.80,2504.29,17773736.2,86444135.5,435208610
833.4,S,51,15367.09,2505.74,17773736.2,86444238.6,435208749
834.4,S,51,15382.38,2507.53,17773736.2,86444239.4,435208753
835.4,S,50,15396.61,2509.38,17773736.2,86444469.5,435209038
836.4,S,47,15408.98,2511.10,17773736.2,86444493.8,435209070
837.4,S,47,15424.14,2512.94,17773736.2,86444505.0,435209088
838.4,S,47,15442.20,2515.23,17773736.2,86444630.3,435209361
839.4,S,47,15462.85,2516.76,17773736.2,86444761.8,435209496
840.4,S,47,15484.24,2518.32,17773736.2,86444763.3,435209501
841.4,S,47,15505.23,2519.97,17773736.2,86444896.7,435209616
842.4,S,47,15524.94,2521.62,17773736.2,86445211.9,435209968
843.4,S,47,15543.60,2523.46,17773736.2,86445552.8,435210501
844.4,S,47,15560.53,2525.08,17773736.2,86445690.7,435210781
845.4,S,47,15576.88,2526.47,17773736.2,86445907.4,435211093
846.4,S,47,15592.95,2528.39,17773736.2,86445972.7,435211183
847.4,S,47,15606.97,2530.15,17773736.2,86446330.1,435211789
848.4,S,47,15621.21,2532.38,17773736.2,86446797.2,435212239
849.4,S,61,15646.61,2533.81,17773736.2,86446934.7,435212393
850.4,S,61,15673.17,2535.14,17773736.2,86446935.6,435212398
851.4,S,61,15698.77,2536.33,17773736.2,86447069.2,435212547
852.4,S,60,15724.91,2537.72,17773736.2,86447182.9,435212667
853.4,S,60,15745.10,2538.95,17773736.2,86447435.9,435213178
854.4,S,57,15762.12,2540.39,17773736.2,86448066.7,435213884
855.4,S,47,15776.16,2542.18,17773736.2,86448288.4,435214299
856.4,S,47,15797.20,2543.85,17773736.2,86448306.9,435214327
857.4,S,47,15817.42,2545.53,17773736.2,86448326.4,435214349
858.4,S,47,15836.64,2547.17,17773736.2,86448540.4,435214601
859.4,S,47,15857.17,2548.97,17773736.2,86448709.5,435214777
860.4,S,47,15877.64,2551.20,17773736.2,86448945.0,435215090
861.4,S,47,15898.19,2555.35,17773736.2,86449278.4,435215614
862.4,S,51,15921.64,2559.82,17773736.2,86449380.9,435215732
863.4,S,51,15949.01,2565.03,17773736.2,86449478.6,435215851
864.4,S,51,15973.87,2570.53,17773736.2,86449595.2,435216040
865.4,S,47,15995.00,2575.29,17773736.2,86450051.6,435216503
866.4,S,51,16013.83,2579.47,17773736.2,86450348.0,435216894
867.4,S,51,16036.76,2584.38,17773736.2,86450432.7,435216978
868.4,S,49,16058.96,2589.08,17773736.2,86450578.2,435217135
869.4,S,47,16075.35,2593.36,17773736.2,86450773.7,435217601
870.4,S,51,16095.55,2597.08,17773736.2,86450897.5,435217836
871.4,S,51,16119.34,2601.76,17773736.2,86451101.7,435218071
872.4,S,48,16140.05,2606.16,17773736.2,86451377.2,435218409
873.4,S,51,16158.58,2610.76,17773736.2,86451479.9,435218522
874.4,S,51,16181.68,2615.79,17773736.2,86451633.0,435218897
875.4,S,51,16203.69,2620.91,17773736.2,86451807.9,435219049
876.4,S,49,16218.27,2624.85,17773736.2,86452013.9,435219528
877.4,S,47,16233.54,2629.44,17773736.2,86452238.9,435219767
878.4,S,47,16249.27,2634.74,17773736.2,86452281.1,435219824
879.4,S,47,16264.96,2639.95,17773736.2,86452282.0,435219827
880.4,S,47,16281.03,2644.10,17773736.2,86452424.7,435220036
881.4,S,47,16301.71,2649.29,17773736.2,86452500.9,435220134
882.4,S,47,16322.61,2654.30,17773736.2,86452528.5,435220182
883.4,S,47,16345.77,2659.77,17773736.2,86452559.8,435220220
884.4,S,47,16369.24,2664.31,17773736.2,86452728.0,435220394
885.4,S,47,16394.47,2668.88,17773736.2,86452864.9,435220511
886.4,S,47,16416.21,2673.06,17773736.2,86453241.8,435221049
887.4,S,47,16440.39,2677.25,17773736.2,86453268.1,435221091
888.5,S,47,16462.10,2681.54,17773736.2,86453538.6,435221500
889.5,S,47,16483.21,2686.16,17773736.2,86453885.1,435222042
890.5,S,47,16502.51,2690.70,17773736.2,86454040.3,435222280
891.5,S,51,16519.31,2694.93,17773736.2,86454323.0,435222637
892.5,S,51,16542.24,2699.96,17773736.2,86454332.0,435222648
893.5,S,50,16564.61,2704.98,17773736.2,86454548.3,435223078
894.5,S,49,16584.56,2709.92,17773736.2,86454739.3,435223252
895.5,S,51,16595.66,2712.40,17773736.2,86455019.9,435223808
896.5,S,51,16616.58,2717.40,17773736.2,86455020.6,435223809
897.5,S,50,16636.40,2722.69,17773736.2,86455456.9,435224365
898.5,S,51,16652.56,2727.28,17773736.2,86455824.5,435224699
899.5,S,51,16672.35,2732.04,17773736.2,86455923.7,435224874
900.5,S,51,16691.13,2737.13,17773736.2,86455972.0,435224928
901.5,S,47,16705.96,2742.26,17773736.2,86456194.8,435225174
902.5,S,51,16721.76,2746.33,17773736.2,86456298.6,435225358
903.5,S,51,16739.68,2751.59,17773736.2,86456318.3,435225387
904.5,S,47,16755.72,2756.46,17773736.2,86456509.4,435225687
905.5,S,47,16767.61,2760.28,17773736.2,86456612.6,435225940
906.5,S,47,16782.50,2765.30,17773736.2,86456613.0,435225944
907.5,S,47,16796.11,2770.80,17773736.2,86456803.8,435226107
908.5,S,47,16808.67,2775.48,17773736.2,86456907.9,435226206
909.5,S,47,16822.16,2780.74,17773736.2,86456953.2,435226348
910.5,S,47,16834.44,2785.79,17773736.2,86457134.7,435226618
911.5,S,47,16846.08,2790.44,17773736.2,86457202.5,435226710
912.5,S,47,16858.42,2795.76,17773736.2,86457372.2,435226917
913.5,S,47,16868.86,2800.14,17773736.2,86457496.7,435227086
914.5,S,47,16880.78,2805.06,17773736.2,86457496.9,435227088
915.5,S,47,16892.20,2809.95,17773736.2,86457687.7,435227298
916.5,S,66,16915.82,2814.58,17773736.2,86457791.9,435227413
917.5,S,66,16946.85,2819.18,17773736.2,86457792.1,435227414
918.5,S,66,16977.05,2824.17,17773736.2,86457793.3,435227418
919.5,S,62,17005.38,2829.16,17773736.2,86458057.3,435227702
920.5,S,66,17030.89,2832.84,17773736.2,86458242.7,435227994
921.5,S,66,17058.61,2836.83,17773736.2,86458453.3,435228314
922.5,S,66,17086.45,2839.88,17773736.2,86458685.7,435228517
923.5,S,62,17110.85,2841.30,17773736.2,86459069.0,435228940
924.5,S,62,17135.47,2842.74,17773736.2,86459302.9,435229258
925.5,S,61,17160.09,2844.09,17773736.2,86459414.3,435229506
926.5,S,52,17171.44,2845.27,17773736.2,86460095.7,435230160
927.5,S,51,17196.16,2846.77,17773736.2,86460136.2,435230210
928.5,S,51,17227.12,2847.80,17773736.2,86460136.4,435230212
929.5,S,49,17257.18,2849.17,17773736.2,86460309.5,435230598
930.5,S,47,17285.51,2850.75,17773736.2,86460328.4,435230624
931.5,S,47,17313.70,2852.39,17773736.2,86460367.0,435230668
932.5,S,47,17341.74,2853.97,17773736.2,86460680.5,435231114
933.5,S,47,17367.30,2855.47,17773736.2,86461413.3,435232044
934.5,S,51,17391.99,2856.61,17773736.2,86461897.0,435232762
935.5,S,51,17422.32,2857.64,17773736.2,86462054.7,435232927
936.5,S,51,17452.99,2858.60,17773736.3,86462082.4,435232977
937.5,S,50,17481.41,2859.83,17773736.3,86462479.7,435233591
938.5,S,47,17507.03,2861.24,17773736.3,86462746.2,435233890
939.5,S,47,17529.76,2863.17,17773736.3,86463275.8,435234718
940.5,S,47,17549.52,2864.79,17773736.3,86463582.1,435234983
941.5,S,47,17567.01,2866.20,17773736.3,86463892.4,435235459
942.5,S,47,17586.54,2867.92,17773736.3,86463892.8,435235464
943.5,S,47,17604.29,2869.75,17773736.3,86464153.1,435235738
944.5,S,47,17623.16,2871.39,17773736.3,86464304.4,435236003
945.5,S,47,17644.37,2873.01,17773736.3,86464428.9,435236200
946.5,S,47,17669.06,2874.57,17773736.3,86464528.0,435236291
947.5,S,47,17693.02,2876.01,17773736.3,86464672.2,435236419
948.5,S,47,17718.48,2877.43,17773736.3,86464756.8,435236497
949.5,S,47,17737.32,2878.71,17773736.3,86465347.6,435237353
950.5,S,47,17761.51,2880.13,17773736.3,86465353.2,435237366
951.5,S,47,17782.46,2881.34,17773736.3,86465582.2,435237801
952.5,S,47,17797.18,2882.70,17773736.3,86466117.9,435238586
953.5,S,47,17819.05,2883.80,17773736.3,86466304.1,435238965
954.5,S,47,17842.39,2885.31,17773736.3,86466304.4,435238966
955.5,S,47,17865.68,2886.83,17773736.3,86466658.8,435239410
956.5,S,47,17892.29,2888.19,17773736.3,86466659.7,435239413
957.5,S,47,17917.38,2889.56,17773736.3,86466925.4,435239785
958.5,S,47,17933.01,2890.89,17773736.3,86467438.2,435240326
959.5,S,62,17954.71,2892.73,17773736.3,86467584.4,435240461
960.5,S,62,17988.87,2893.59,17773736.3,86467585.5,435240465
961.5,S,62,18020.80,2894.36,17773736.3,86467773.2,435240998
962.5,S,61,18050.16,2895.10,17773736.3,86468091.3,435241349
963.5,S,61,18080.43,2896.02,17773736.3,86468175.8,435241450
964.5,S,61,18110.39,2897.03,17773736.3,86468360.7,435241948
965.5,S,58,18135.05,2898.18,17773736.3,86468986.7,435242583
966.5,S,47,18151.36,2899.50,17773736.3,86469629.4,435243470
967.5,S,47,18177.20,2901.00,17773736.3,86469695.7,435243541
968.5,S,47,18202.08,2902.47,17773736.3,86469894.3,435243749
969.5,S,51,18227.60,2903.85,17773736.3,86470030.2,435243913
970.5,S,51,18254.84,2905.27,17773736.3,86470116.3,435244017
971.5,S,50,18279.89,2906.76,17773736.3,86470445.2,435244643
972.5,S,47,18298.55,2908.58,17773736.3,86471008.1,435245366
973.5,S,47,18317.60,2910.38,17773736.3,86471209.8,435245544
974.5,S,47,18336.65,2912.11,17773736.3,86471269.8,435245601
975.5,S,51,18357.02,2913.69,17773736.3,86471466.6,435245946
976.5,S,51,18377.92,2915.46,17773736.3,86471758.5,435246369
977.5,S,47,18396.08,2917.34,17773736.3,86472008.1,435246747
978.5,S,47,18414.33,2919.14,17773736.3,86472150.4,435246874
979.5,S,47,18432.12,2920.92,17773736.3,86472250.1,435246967
980.5,S,47,18447.90,2922.58,17773736.3,86472528.0,435247281
981.5,S,51,18465.95,2924.33,17773736.3,86472741.2,435247599
982.5,S,51,18485.19,2926.08,17773736.3,86472741.7,435247603
983.5,S,47,18497.04,2927.43,17773736.3,86473082.9,435248212
984.5,S,47,18512.06,2929.19,17773736.3,86473138.3,435248260
985.5,S,47,18527.08,2931.11,17773736.3,86473217.0,435248328
986.5,S,47,18542.21,2933.04,17773736.3,86473343.3,435248439
987.5,S,51,18556.18,2934.57,17773736.3,86473565.9,435248798
988.5,S,51,18574.04,2936.30,17773736.3,86473616.6,435248849
989.5,S,49,18591.38,2938.09,17773736.3,86473712.4,435248981
990.5,S,47,18605.94,2939.86,17773736.3,86473957.6,435249267
991.5,S,47,18619.85,2941.66,17773736.3,86474006.5,435249324
992.5,S,47,18632.19,2943.16,17773736.3,86474105.6,435249575
993.5,S,47,18644.39,2944.74,17773736.3,86474231.2,435249918
994.5,S,47,18655.89,2946.30,17773736.3,86474334.6,435250032
995.5,S,47,18667.45,2948.01,17773736.3,86474525.5,435250224
996.5,S,47,18678.95,2949.47,17773736.3,86474582.3,435250283
997.5,S,47,18692.48,2951.12,17773736.3,86474660.5,435250365
998.5,S,47,18707.72,2953.02,17773736.3,86474660.9,435250369
999.5,S,47,18726.09,2954.95,17773736.3,86474685.6,435250402
1000.5,S,47,18745.32,2956.47,17773736.3,86474789.0,435250556
1001.5,S,47,18765.31,2958.21,17773736.3,86474890.8,435250710
1002.5,S,47,18781.78,2959.97,17773736.3,86475581.2,435251628
1003.5,S,62,18808.54,2961.90,17773736.3,86475683.9,435251768
1004.5,S,62,18834.93,2962.89,17773736.3,86476045.6,435252246
1005.5,S,62,18864.29,2963.88,17773736.3,86476104.8,435252322
1006.5,S,62,18893.90,2965.05,17773736.3,86476151.5,435252377
1007.5,S,62,18920.63,2966.46,17773736.3,86476375.8,435252659
1008.5,S,61,18946.76,2968.00,17773736.3,86476743.0,435253236
1009.5,S,52,18964.18,2969.15,17773736.3,86477320.0,435254101
1010.5,S,47,18982.23,2970.69,17773736.3,86477748.2,435254602
1011.6,S,47,19006.18,2972.27,17773736.3,86477825.3,435254678
1012.6,S,47,19029.48,2973.65,17773736.3,86477825.9,435254680
1013.6,S,47,19051.53,2975.14,17773736.3,86477924.9,435254767
1014.6,S,47,19072.34,2976.63,17773736.3,86478171.1,435255086
1015.6,S,47,19090.90,2978.08,17773736.3,86478438.4,435255640
1016.6,S,47,19111.50,2979.68,17773736.3,86478641.2,435255887
1017.6,S,47,19131.31,2981.49,17773736.3,86478852.9,435256159
1018.6,S,47,19149.42,2983.34,17773736.3,86479081.2,435256358
1019.6,S,47,19164.15,2984.99,17773736.3,86479352.3,435256712
1020.6,S,51,19181.16,2986.69,17773736.3,86479515.3,435256893
1021.6,S,51,19201.27,2988.41,17773736.3,86479699.5,435257066
1022.6,S,49,19220.22,2990.14,17773736.3,86479852.2,435257345
1023.6,S,47,19235.01,2991.71,17773736.3,86480009.1,435257623
1024.6,S,47,19249.28,2993.49,17773736.3,86480261.6,435257891
1025.6,S,47,19263.74,2995.26,17773736.3,86480316.7,435257953
1026.6,S,47,19274.80,2996.50,17773736.3,86480558.1,435258410
1027.6,S,51,19292.07,2998.52,17773736.3,86480682.4,435258711
1028.6,S,51,19310.29,3000.47,17773736.3,86480807.9,435258822
1029.6,S,47,19326.29,3002.32,17773736.3,86481074.1,435259192
1030.6,S,47,19342.34,3004.20,17773736.3,86481166.8,435259296
1031.6,S,47,19358.42,3006.12,17773736.3,86481272.0,435259405
1032.6,S,51,19374.59,3007.75,17773736.3,86481513.2,435259732
1033.6,S,51,19394.59,3009.47,17773736.3,86481532.4,435259753
1034.6,S,50,19414.03,3011.27,17773736.3,86481747.7,435260027
1035.6,S,47,19428.55,3012.70,17773736.3,86481981.4,435260450
1036.6,S,47,19443.25,3014.46,17773736.3,86482074.7,435260555
1037.6,S,47,19457.52,3016.30,17773736.3,86482136.3,435260627
1038.6,S,51,19470.02,3017.86,17773736.3,86482314.0,435260935
1039.6,S,51,19486.84,3019.75,17773736.3,86482490.5,435261333
1040.6,S,51,19503.66,3021.66,17773736.3,86482578.9,435261418
1041.6,S,47,19518.05,3023.37,17773736.3,86482751.0,435261571
1042.6,S,47,19532.11,3025.04,17773736.3,86482782.2,435261604
1043.6,S,47,19545.42,3026.74,17773736.4,86482905.5,435261942
1044.6,S,47,19561.82,3028.84,17773736.4,86482923.5,435261977
1045.6,S,47,19579.55,3030.34,17773736.4,86483103.8,435262190
1046.6,S,47,19598.45,3032.12,17773736.4,86483294.1,435262391
1047.6,S,47,19616.86,3033.86,17773736.4,86483294.8,435262393
1048.6,S,47,19634.90,3035.74,17773736.4,86483413.1,435262513
1049.6,S,47,19651.22,3037.56,17773736.4,86483811.8,435262998
1050.6,S,47,19668.01,3039.12,17773736.4,86483986.9,435263222
1051.6,S,47,19686.99,3040.91,17773736.4,86484004.0,435263259
1052.6,S,47,19708.23,3042.54,17773736.4,86484103.7,435263496
1053.6,S,47,19727.11,3044.12,17773736.4,86484547.6,435264091
1054.6,S,61,19752.02,3045.82,17773736.4,86484983.2,435264586
1055.6,S,61,19782.02,3046.99,17773736.4,86485064.3,435264741
1056.6,S,61,19812.58,3047.99,17773736.4,86485129.1,435264821
1057.6,S,61,19841.64,3048.89,17773736.4,86485387.5,435265155
1058.6,S,60,19865.47,3049.92,17773736.4,86485790.5,435265815
1059.6,S,60,19893.47,3051.66,17773736.4,86485891.0,435265927
1060.6,S,56,19910.56,3053.05,17773736.4,86486600.5,435266874
1061.7,S,47,19932.17,3054.65,17773736.4,86486825.4,435267098
1062.7,S,47,19955.87,3056.05,17773736.4,86486954.6,435267231
1063.7,S,47,19977.98,3057.42,17773736.4,86487180.0,435267629
1064.7,S,47,20001.18,3058.81,17773736.4,86487197.3,435267655
1065.7,S,47,20021.69,3060.30,17773736.4,86487421.9,435268011
1066.7,S,47,20040.40,3061.93,17773736.4,86487794.1,435268534
1067.7,S,47,20061.50,3063.70,17773736.4,86487940.7,435268815
1068.7,S,47,20079.13,3065.14,17773736.4,86488247.6,435269318
1069.7,S,47,20097.77,3066.87,17773736.4,86488390.3,435269454
1070.7,S,47,20115.01,3068.69,17773736.4,86488501.3,435269574
1071.7,S,51,20131.38,3070.37,17773736.4,86488782.4,435269954
1072.7,S,51,20153.29,3072.79,17773736.4,86488915.2,435270272
1073.7,S,49,20175.49,3077.44,17773736.4,86489242.5,435270642
1074.7,S,47,20194.33,3082.18,17773736.4,86489370.2,435270753
1075.7,S,51,20215.48,3086.88,17773736.4,86489526.9,435270898
1076.7,S,51,20239.05,3092.03,17773736.4,86489728.4,435271111
1077.7,S,51,20263.30,3096.51,17773736.4,86489787.2,435271296
1078.7,S,47,20281.75,3100.72,17773736.4,86490265.7,435271901
1079.7,S,51,20302.65,3104.78,17773736.4,86490397.6,435272150
1080.7,S,51,20325.89,3109.79,17773736.4,86490494.8,435272242
1081.7,S,50,20347.90,3114.83,17773736.4,86490704.9,435272439
1082.7,S,51,20366.52,3119.12,17773736.4,86490950.7,435272688
1083.7,S,51,20389.30,3124.00,17773736.4,86491058.5,435272928
1084.7,S,51,20408.84,3128.16,17773736.4,86491192.4,435273212
1085.7,S,47,20426.06,3132.91,17773736.4,86491502.7,435273589
1086.7,S,47,20441.59,3137.30,17773736.4,86491606.5,435273709
1087.7,S,47,20458.47,3142.28,17773736.4,86491663.2,435273773
1088.7,S,47,20475.22,3147.34,17773736.4,86491700.1,435273846
1089.7,S,47,20488.82,3150.72,17773736.4,86491913.3,435274233
1090.7,S,47,20511.32,3155.85,17773736.4,86491927.4,435274261
1091.7,S,47,20537.32,3160.90,17773736.4,86491928.8,435274266
1092.7,S,47,20563.55,3165.56,17773736.4,86491930.1,435274272
1093.7,S,47,20587.81,3169.54,17773736.4,86492097.6,435274537
1094.7,S,47,20613.81,3174.38,17773736.4,86492097.9,435274540
1095.7,S,47,20633.25,3178.20,17773736.4,86492598.3,435275264
1096.7,S,47,20653.69,3182.29,17773736.4,86492997.5,435275760
1097.7,S,47,20677.44,3186.54,17773736.4,86493100.4,435275874
1098.7,S,47,20699.97,3191.12,17773736.4,86493372.4,435276172
1099.7,S,47,20722.13,3195.89,17773736.4,86493372.6,435276172
1100.7,S,47,20743.82,3200.60,17773736.4,86493500.2,435276280
1101.7,S,51,20758.99,3203.40,17773736.4,86494054.2,435276898
1102.7,S,51,20783.08,3208.20,17773736.4,86494118.8,435276965
1103.7,S,49,20805.76,3213.14,17773736.4,86494237.0,435277222
1104.7,S,47,20824.90,3217.57,17773736.4,86494358.7,435277514
1105.7,S,51,20842.79,3221.35,17773736.4,86494849.6,435278073
1106.7,S,51,20863.65,3226.40,17773736.4,86495103.7,435278580
1107.7,S,47,20881.94,3231.19,17773736.4,86495427.4,435278881
1108.7,S,51,20897.61,3235.61,17773736.4,86495543.4,435279035
1109.7,S,51,20917.70,3240.44,17773736.4,86495543.8,435279040
1110.7,S,49,20934.48,3244.22,17773736.4,86495701.0,435279369
1111.7,S,47,20947.53,3248.74,17773736.4,86495998.5,435279691
1112.7,S,51,20965.02,3253.68,17773736.4,86496011.2,435279719
1113.7,S,51,20982.65,3258.96,17773736.4,86496011.5,435279723
1114.7,S,47,20994.29,3263.00,17773736.4,86496202.7,435280058
1115.7,S,47,21007.55,3267.93,17773736.4,86496305.3,435280153
1116.7,S,47,21022.23,3273.17,17773736.4,86496305.6,435280156
1117.7,S,47,21036.57,3278.54,17773736.4,86496496.7,435280373
1118.7,S,47,21048.40,3282.63,17773736.4,86496599.8,435280555
1119.7,S,47,21062.05,3287.65,17773736.4,86496779.2,435280760
1120.7,S,47,21074.26,3292.52,17773736.4,86496841.5,435280829
1121.7,S,47,21086.04,3297.09,17773736.4,86496894.5,435280917
1122.7,S,47,21098.39,3302.30,17773736.4,86497054.6,435281261
1123.7,S,47,21107.97,3306.45,17773736.4,86497188.7,435281489
1124.7,S,47,21119.77,3311.54,17773736.4,86497188.9,435281492
1125.7,S,47,21131.49,3316.57,17773736.4,86497300.0,435281605
1126.7,S,66,21152.28,3321.38,17773736.4,86497482.9,435281837
1127.7,S,66,21182.66,3325.98,17773736.4,86497484.5,435281846
1128.7,S,66,21213.14,3330.78,17773736.4,86497484.9,435281847
1129.7,S,62,21242.15,3334.90,17773736.4,86497675.7,435282025
1130.7,S,66,21269.25,3339.36,17773736.4,86497904.7,435282244
1131.7,S,66,21295.44,3343.31,17773736.4,86498170.9,435282753
1132.7,S,66,21323.43,3345.84,17773736.4,86498290.8,435282860
1133.7,S,62,21346.11,3347.33,17773736.4,86498856.9,435283566
1134.7,S,61,21370.85,3348.77,17773736.4,86498996.5,435283846
1135.7,S,60,21393.61,3350.14,17773736.4,86499119.9,435284014
1136.7,S,51,21404.98,3351.08,17773736.4,86499649.9,435284780
1137.7,S,51,21427.85,3352.43,17773736.4,86499780.7,435284968
1138.7,S,51,21458.48,3353.35,17773736.4,86499781.4,435284971
1139.7,S,50,21488.94,3354.38,17773736.4,86499877.1,435285081
1140.7,S,47,21517.47,3355.90,17773736.4,86499972.6,435285167
1141.7,S,47,21545.53,3357.60,17773736.4,86500060.4,435285243
1142.7,S,47,21573.13,3359.27,17773736.4,86500378.7,435285629
1143.7,S,47,21590.97,3360.52,17773736.4,86501117.2,435286630
1144.7,S,47,21618.40,3362.04,17773736.4,86501192.2,435286698
1145.7,S,51,21643.93,3363.25,17773736.4,86501598.6,435287292
1146.7,S,51,21673.54,3364.80,17773736.4,86501677.7,435287368
1147.7,S,51,21701.48,3366.60,17773736.4,86501871.7,435287583
1148.7,S,47,21723.04,3368.24,17773736.4,86502376.8,435288131
1149.7,S,47,21742.77,3369.85,17773736.4,86502717.3,435288609
1150.7,S,47,21762.05,3372.02,17773736.4,86503027.3,435289114
1151.7,S,47,21779.04,3373.55,17773736.4,86503174.6,435289362
1152.7,S,47,21796.46,3375.22,17773736.4,86503305.4,435289500
1153.7,S,47,21814.11,3376.98,17773736.4,86503617.7,435289827
1154.7,S,47,21830.44,3378.77,17773736.4,86503618.7,435289829
1155.7,S,47,21843.28,3380.20,17773736.4,86503995.1,435290449
1156.7,S,47,21862.23,3381.91,17773736.4,86504153.4,435290586
1157.7,S,47,21881.50,3383.61,17773736.4,86504154.0,435290589
1158.7,S,47,21899.37,3385.08,17773736.4,86504329.9,435290871
1159.8,S,47,21921.09,3386.76,17773736.4,86504405.2,435290957
1160.8,S,47,21942.78,3388.32,17773736.4,86504581.1,435291269
1161.8,S,47,21962.61,3389.75,17773736.4,86504865.9,435291596
1162.8,S,47,21981.25,3391.10,17773736.4,86505215.2,435291993
1163.8,S,47,22001.81,3392.76,17773736.4,86505238.2,435292019
1164.8,S,47,22017.31,3394.13,17773736.4,86505664.2,435292720
1165.8,S,47,22039.67,3395.86,17773736.4,86505822.8,435292891
1166.8,S,62,22066.67,3397.59,17773736.4,86506119.2,435293398
1167.8,S,62,22102.10,3398.04,17773736.4,86506129.6,435293443
1168.8,S,62,22137.53,3398.52,17773736.4,86506130.0,435293444
1169.8,S,61,22172.86,3399.06,17773736.4,86506190.3,435293512
1170.8,S,61,22208.23,3399.52,17773736.4,86506268.5,435293590
1171.8,S,61,22243.16,3400.06,17773736.4,86506536.8,435293922
1172.8,S,61,22276.80,3400.66,17773736.4,86506947.3,435294441
1173.8,S,60,22300.80,3402.12,17773736.4,86507756.9,435295366
1174.8,S,56,22316.53,3403.43,17773736.4,86508435.6,435296367
1175.8,S,47,22343.82,3404.90,17773736.4,86508651.9,435296661
1176.8,S,47,22371.96,3406.56,17773736.4,86508695.9,435296714
1177.8,S,47,22397.44,3408.15,17773736.4,86508961.1,435297069
1178.8,S,47,22424.09,3409.54,17773736.4,86509198.3,435297291
1179.8,S,47,22450.42,3410.90,17773736.4,86509342.7,435297425
1180.8,S,47,22470.90,3412.33,17773736.4,86509818.9,435298154
1181.8,S,47,22493.57,3413.87,17773736.4,86510115.6,435298541
1182.8,S,47,22516.70,3415.32,17773736.4,86510200.3,435298652
1183.8,S,51,22539.02,3416.49,17773736.4,86510491.9,435299046
1184.8,S,51,22566.26,3418.03,17773736.4,86510556.8,435299142
1185.8,S,51,22592.79,3419.40,17773736.4,86510666.9,435299315
1186.8,S,47,22611.57,3420.71,17773736.4,86511142.5,435299955
1187.8,S,47,22630.23,3422.32,17773736.4,86511586.3,435300575
1188.8,S,47,22651.28,3424.05,17773736.4,86511702.9,435300705
1189.8,S,51,22672.54,3425.41,17773736.4,86511874.5,435300977
1190.8,S,51,22696.63,3426.85,17773736.5,86511967.5,435301263
1191.8,S,51,22718.26,3428.25,17773736.5,86512214.4,435301659
1192.8,S,47,22738.02,3430.13,17773736.5,86512537.4,435301992
1193.8,S,47,22756.28,3431.78,17773736.5,86512812.2,435302398
1194.8,S,47,22775.07,3433.84,17773736.5,86512915.8,435302501
1195.8,S,51,22791.07,3435.03,17773736.5,86513165.2,435302905
1196.8,S,51,22813.08,3436.63,17773736.5,86513234.8,435302984
1197.8,S,49,22833.63,3438.32,17773736.5,86513471.3,435303400
1198.8,S,47,22850.86,3440.10,17773736.5,86513891.4,435303799
1199.8,S,47,22868.38,3441.98,17773736.5,86513941.9,435303846
1200.8,S,47,22885.72,3443.77,17773736.5,86514034.7,435303939
1201.8,S,51,22903.59,3445.27,17773736.5,86514198.1,435304117
1202.8,S,51,22923.58,3447.02,17773736.5,86514383.8,435304320
1203.8,S,47,22937.60,3448.37,17773736.5,86514650.4,435304936
1204.8,S,47,22953.81,3450.21,17773736.5,86514729.3,435305012
1205.8,S,47,22968.05,3452.48,17773736.5,86514883.6,435305183
1206.8,S,47,22982.30,3454.29,17773736.5,86514945.8,435305238
1207.8,S,47,22995.30,3455.95,17773736.5,86515116.1,435305389
1208.8,S,47,23009.70,3457.70,17773736.5,86515116.6,435305394
1209.8,S,47,23023.54,3459.42,17773736.5,86515309.0,435305698
1210.8,S,47,23037.36,3461.36,17773736.5,86515497.7,435305906
1211.8,S,47,23055.35,3463.31,17773736.5,86515559.8,435305981
1212.8,S,47,23076.65,3464.90,17773736.5,86515561.1,435305983
1213.8,S,47,23097.33,3466.55,17773736.5,86515664.1,435306107
1214.8,S,47,23118.37,3468.19,17773736.5,86515791.8,435306311
1215.8,S,47,23137.14,3469.88,17773736.5,86516096.1,435306914
1216.8,S,47,23153.88,3471.42,17773736.5,86516585.6,435307522
1217.8,S,61,23173.47,3473.32,17773736.5,86517009.9,435307975
1218.8,S,61,23204.26,3474.54,17773736.5,86517012.9,435308010
1219.8,S,61,23234.53,3475.88,17773736.5,86517065.1,435308098
1220.8,S,61,23264.31,3476.88,17773736.5,86517168.2,435308206
1221.8,S,61,23293.66,3478.31,17773736.5,86517429.1,435308478
1222.8,S,61,23318.65,3479.47,17773736.5,86517785.0,435309009
1223.8,S,57,23337.93,3480.62,17773736.5,86518338.9,435309868
1224.8,S,47,23354.90,3482.09,17773736.5,86518870.8,435310468
1225.8,S,47,23379.99,3483.52,17773736.5,86518871.4,435310471
1226.8,S,47,23404.66,3484.81,17773736.5,86518907.9,435310514
1227.8,S,47,23428.96,3486.21,17773736.5,86519037.4,435310652
1228.8,S,47,23450.91,3487.59,17773736.5,86519335.1,435311148
1229.8,S,47,23473.95,3489.14,17773736.5,86519755.0,435311642
1230.8,S,47,23494.35,3490.69,17773736.5,86520146.8,435312163
1231.8,S,47,23514.99,3492.29,17773736.5,86520172.1,435312210
1232.8,S,47,23534.89,3494.02,17773736.5,86520248.3,435312297
1233.8,S,47,23552.61,3495.71,17773736.5,86520477.5,435312752
1234.8,S,51,23573.58,3497.32,17773736.5,86520845.0,435313128
1235.8,S,51,23594.05,3498.95,17773736.5,86521062.2,435313525
1236.8,S,47,23612.22,3500.64,17773736.5,86521347.2,435313867
1237.8,S,47,23629.55,3502.37,17773736.5,86521347.5,435313870
1238.8,S,47,23646.92,3504.21,17773736.5,86521413.9,435313942
1239.8,S,51,23662.99,3505.89,17773736.5,86521707.8,435314398
1240.8,S,51,23682.48,3507.55,17773736.5,86521961.1,435314801
1241.8,S,51,23703.06,3509.22,17773736.5,86522145.6,435314995
1242.8,S,47,23720.64,3511.23,17773736.5,86522372.0,435315348
1243.8,S,47,23737.72,3513.05,17773736.5,86522447.6,435315419
1244.8,S,47,23754.01,3514.84,17773736.5,86522519.6,435315480
1245.8,S,47,23767.24,3516.31,17773736.5,86522779.3,435315848
1246.8,S,51,23779.78,3517.48,17773736.5,86523039.5,435316301
1247.8,S,51,23797.38,3519.27,17773736.5,86523216.7,435316517
1248.8,S,47,23811.93,3521.03,17773736.5,86523407.9,435316758
1249.8,S,47,23825.24,3522.91,17773736.5,86523468.7,435316892
1250.8,S,47,23838.67,3524.60,17773736.5,86523469.7,435316899
1251.8,S,47,23851.83,3526.26,17773736.5,86523623.2,435317092
1252.8,S,51,23863.77,3527.70,17773736.5,86523781.4,435317282
1253.8,S,51,23879.43,3529.72,17773736.5,86523815.3,435317380
1254.8,S,51,23894.10,3531.48,17773736.5,86523960.2,435317636
1255.9,S,47,23909.44,3533.24,17773736.5,86524134.4,435317830
1256.9,S,47,23929.05,3535.45,17773736.5,86524155.5,435317856
1257.9,S,47,23950.58,3537.05,17773736.5,86524156.6,435317862
1258.9,S,47,23970.99,3538.55,17773736.5,86524259.7,435317955
1259.9,S,47,23991.78,3540.12,17773736.5,86524464.7,435318210
1260.9,S,47,24011.96,3541.89,17773736.5,86524720.1,435318494
1261.9,S,47,24027.69,3543.56,17773736.5,86525124.1,435319120
1262.9,S,47,24046.77,3545.33,17773736.5,86525169.4,435319178
1263.9,S,47,24065.14,3547.12,17773736.5,86525184.1,435319197
1264.9,S,47,24082.51,3548.82,17773736.5,86525390.9,435319381
1265.9,S,47,24100.56,3550.67,17773736.5,86525546.1,435319538
1266.9,S,47,24116.32,3552.19,17773736.5,86525812.6,435319908
1267.9,S,47,24129.17,3553.97,17773736.5,86526277.0,435320639
1268.9,S,62,24147.46,3555.87,17773736.5,86526468.6,435320816
1269.9,S,62,24176.53,3557.39,17773736.5,86526534.1,435320875
1270.9,S,62,24205.21,3558.90,17773736.5,86526663.2,435321017
1271.9,S,62,24232.89,3560.36,17773736.5,86526878.6,435321249
1272.9,S,61,24260.51,3561.98,17773736.5,86527184.0,435321553
1273.9,S,61,24283.22,3563.31,17773736.5,86527296.5,435321960
1275.0,S,56,24303.46,3564.73,17773736.5,86527799.0,435322740
1276.0,S,47,24319.71,3566.29,17773736.5,86528153.3,435323309
1277.0,S,47,24344.17,3567.72,17773736.5,86528325.4,435323464
1278.0,S,47,24366.61,3569.18,17773736.5,86528415.3,435323559
1279.0,S,47,24386.62,3570.74,17773736.5,86528583.0,435323977
1280.0,S,47,24407.90,3572.48,17773736.5,86528662.8,435324064
1281.0,S,47,24428.32,3574.14,17773736.5,86529101.2,435324552
1282.0,S,47,24448.28,3575.76,17773736.5,86529306.6,435324848
1283.0,S,47,24467.36,3577.78,17773736.5,86529482.9,435325007
1284.0,S,47,24486.61,3579.56,17773736.5,86529483.2,435325010
1285.1,S,51,24506.05,3581.07,17773736.5,86529840.2,435325412
1286.2,S,51,24529.39,3582.75,17773736.5,86530104.5,435325815
1287.2,S,48,24544.72,3583.99,17773736.5,86530421.4,435326467
1288.2,S,47,24561.83,3585.80,17773736.5,86530523.9,435326591
1289.2,S,47,24578.80,3587.75,17773736.5,86530568.5,435326695
1290.2,S,47,24595.23,3589.56,17773736.5,86530811.2,435327024
1291.2,S,51,24610.72,3591.16,17773736.5,86531106.4,435327396
1292.2,S,51,24630.87,3592.87,17773736.5,86531233.6,435327505
1293.2,S,50,24649.93,3594.63,17773736.5,86531346.4,435327696
1294.2,S,47,24663.28,3596.23,17773736.5,86531577.7,435328086
1295.2,S,47,24677.31,3598.14,17773736.5,86531717.2,435328233
1296.2,S,47,24690.92,3599.70,17773736.5,86531902.8,435328436
1297.2,S,51,24701.62,3601.12,17773736.5,86532112.6,435328783
1298.2,S,51,24718.80,3602.91,17773736.5,86532129.4,435328801
1299.2,S,51,24736.25,3604.64,17773736.5,86532164.0,435328834
1300.2,S,47,24750.27,3606.48,17773736.5,86532379.8,435329023
1301.2,S,47,24768.13,3608.67,17773736.5,86532486.7,435329165
1302.2,S,47,24786.86,3610.39,17773736.5,86532634.7,435329343
1303.2,S,51,24804.51,3611.82,17773736.5,86532823.9,435329666
1304.2,S,51,24828.78,3613.41,17773736.5,86532824.3,435329666
1305.2,S,51,24856.38,3617.89,17773736.5,86532826.0,435329672
1306.2,S,51,24873.13,3620.77,17773736.5,86533277.8,435330476
1307.3,S,47,24898.10,3625.20,17773736.5,86533404.1,435330618
1308.3,S,47,24921.23,3629.42,17773736.5,86533681.0,435331034
1309.3,S,47,24946.17,3634.15,17773736.5,86533829.8,435331273
1310.3,S,47,24970.73,3638.72,17773736.5,86533891.3,435331328
1311.3,S,47,24993.46,3642.69,17773736.5,86534114.3,435331524
1312.3,S,47,25009.00,3645.46,17773736.5,86534300.6,435332038
1313.3,S,47,25031.74,3650.56,17773736.5,86534429.8,435332159
1314.3,S,47,25054.11,3655.60,17773736.5,86534685.0,435332434
1315.3,S,47,25073.55,3660.18,17773736.5,86534840.0,435332589
1316.3,S,47,25092.04,3664.75,17773736.5,86535052.2,435332869
1317.3,S,47,25112.02,3669.51,17773736.5,86535132.2,435332941
1318.3,S,47,25130.99,3674.35,17773736.5,86535261.2,435333050
1319.3,S,47,25144.96,3678.12,17773736.5,86535495.3,435333368
1320.3,S,47,25160.56,3683.80,17773736.5,86535940.5,435333880
1321.3,S,47,25174.49,3689.00,17773736.5,86536223.5,435334379
1322.3,S,66,25199.19,3693.28,17773736.5,86536392.5,435334613
1323.3,S,66,25229.49,3698.04,17773736.5,86536392.9,435334621
1324.3,S,66,25258.50,3701.43,17773736.5,86536393.0,435334622
1325.3,S,63,25284.32,3703.01,17773736.5,86536585.4,435334989
1326.3,S,61,25307.90,3704.55,17773736.5,86536933.5,435335409
1327.3,S,60,25327.98,3706.01,17773736.5,86537351.7,435336032
1328.3,S,51,25344.81,3707.40,17773736.5,86537755.5,435336485
1329.3,S,51,25371.20,3708.78,17773736.5,86537755.8,435336489
1330.3,S,51,25397.32,3710.11,17773736.5,86537756.1,435336492
1331.3,S,47,25419.34,3711.58,17773736.5,86538049.9,435336938
1332.3,S,47,25441.27,3713.35,17773736.5,86538059.3,435336956
1333.3,S,47,25456.15,3714.94,17773736.5,86538613.6,435337730
1334.3,S,51,25475.05,3716.54,17773736.5,86538938.5,435338152
1335.3,S,51,25498.15,3718.12,17773736.5,86538938.8,435338155
1336.3,S,51,25520.64,3719.61,17773736.5,86539059.9,435338311
1337.3,S,47,25540.47,3721.41,17773736.5,86539265.3,435338619
1338.3,S,47,25559.89,3723.12,17773736.5,86539384.6,435338804
1339.3,S,47,25577.10,3725.05,17773736.5,86539831.8,435339342
1340.3,S,51,25595.38,3726.67,17773736.5,86540113.6,435339620
1341.3,S,51,25616.30,3728.28,17773736.5,86540148.6,435339661
1342.3,S,48,25634.61,3729.87,17773736.5,86540427.7,435339953
1343.3,S,47,25651.45,3731.76,17773736.5,86540616.4,435340160
1344.3,S,47,25666.56,3733.48,17773736.5,86540839.0,435340534
1345.3,S,47,25680.84,3735.46,17773736.5,86541043.3,435340716
1346.3,S,47,25693.96,3737.20,17773736.5,86541146.3,435340828
1347.3,S,47,25707.43,3738.91,17773736.5,86541248.2,435340953
1348.3,S,47,25720.46,3740.68,17773736.5,86541375.9,435341151
1349.3,S,47,25732.93,3742.40,17773736.5,86541575.5,435341361
1350.3,S,47,25745.36,3744.03,17773736.5,86541640.5,435341446
1351.3,S,47,25757.89,3745.64,17773736.5,86541640.8,435341453
1352.3,S,47,25770.28,3747.17,17773736.5,86541716.0,435341575
1353.3,S,47,25777.79,3748.02,17773736.5,86541947.5,435342126
1354.3,S,47,25793.09,3750.19,17773736.5,86542225.5,435342506
1355.3,S,47,25809.39,3752.06,17773736.5,86542226.6,435342512
1356.3,S,47,25825.76,3753.92,17773736.5,86542226.8,435342514
1357.3,S,47,25841.79,3755.74,17773736.5,86542227.0,435342516
1358.3,S,47,25856.52,3757.46,17773736.5,86542614.1,435343006
1359.3,S,47,25871.45,3759.11,17773736.5,86542861.5,435343227
1360.3,S,47,25886.54,3760.96,17773736.5,86542879.9,435343257
1361.3,S,47,25900.69,3762.77,17773736.5,86542967.8,435343469
1362.3,S,47,25915.12,3764.53,17773736.5,86543045.2,435343548
1363.3,S,62,25941.17,3766.33,17773736.5,86543318.1,435343908
1364.3,S,62,25972.14,3767.63,17773736.5,86543382.7,435344060
1365.3,S,62,26002.78,3769.00,17773736.5,86543390.2,435344075
1366.3,S,62,26033.29,3770.39,17773736.5,86543391.5,435344078
1367.3,S,61,26062.18,3771.57,17773736.5,86543723.9,435344473
1368.3,S,60,26089.71,3772.81,17773736.5,86544087.8,435344957
1369.3,S,54,26108.32,3774.16,17773736.5,86544802.6,435345826
1370.3,S,47,26124.27,3775.51,17773736.5,86545149.5,435346244
1371.3,S,47,26150.82,3776.84,17773736.5,86545176.4,435346280
1372.3,S,47,26174.23,3778.16,17773736.5,86545259.8,435346409
1373.3,S,47,26197.70,3779.60,17773736.5,86545260.3,435346413
1374.3,S,51,26222.02,3781.13,17773736.5,86545598.3,435346854
1375.3,S,51,26242.66,3782.33,17773736.5,86545896.7,435347478
1376.3,S,51,26263.85,3783.70,17773736.5,86546397.0,435348112
1377.3,S,47,26283.22,3785.09,17773736.5,86546563.8,435348386
1378.3,S,47,26304.66,3786.53,17773736.5,86546564.4,435348388
1379.3,S,47,26325.09,3788.79,17773736.5,86546825.3,435348661
1380.3,S,51,26349.13,3792.81,17773736.5,86547062.9,435349016
1381.3,S,51,26376.78,3797.84,17773736.5,86547306.5,435349312
1382.3,S,51,26404.55,3802.71,17773736.5,86547478.1,435349552
1383.3,S,47,26428.92,3807.40,17773736.5,86547739.9,435350251
1384.3,S,51,26455.54,3811.54,17773736.5,86547929.9,435350472
1385.3,S,51,26483.95,3816.12,17773736.5,86548048.6,435350614
1386.3,S,51,26512.16,3820.91,17773736.5,86548166.5,435350745
1387.3,S,47,26536.46,3825.10,17773736.5,86548539.8,435351154
1388.3,S,51,26554.75,3828.10,17773736.5,86548957.3,435351719
1389.3,S,51,26581.77,3833.04,17773736.5,86548957.5,435351723
1390.3,S,51,26605.80,3837.52,17773736.5,86549119.8,435352103
1391.3,S,47,26626.09,3842.54,17773736.5,86549436.1,435352434
1392.3,S,47,26644.68,3847.25,17773736.5,86549603.5,435352583
1393.3,S,47,26663.61,3852.37,17773736.5,86549653.6,435352629
1394.3,S,47,26681.59,3857.46,17773736.5,86549882.4,435352952
1395.3,S,47,26697.65,3862.25,17773736.5,86550018.5,435353115
1396.3,S,47,26714.29,3867.54,17773736.5,86550081.5,435353184
1397.3,S,47,26730.98,3872.77,17773736.5,86550081.8,435353188
1398.3,S,47,26744.40,3876.46,17773736.5,86550301.0,435353538
1399.3,S,47,26762.01,3881.63,17773736.5,86550320.3,435353608
1400.4,S,47,26779.37,3886.79,17773736.5,86550511.0,435353957
1401.4,S,47,26795.68,3892.13,17773736.5,86550590.2,435354028
1402.4,S,47,26811.20,3896.96,17773736.5,86550808.1,435354356
1403.4,S,47,26826.43,3902.39,17773736.5,86550994.8,435354559
1404.4,S,47,26841.91,3907.64,17773736.5,86551065.3,435354636
1405.4,S,51,26860.16,3911.93,17773736.5,86551163.1,435354751
1406.4,S,51,26880.70,3916.93,17773736.5,86551282.2,435354882
1407.4,S,49,26902.47,3922.01,17773736.5,86551411.6,435355076
1408.4,S,47,26912.65,3923.82,17773736.5,86551982.1,435356019
1409.4,S,47,26931.12,3928.81,17773736.5,86552055.7,435356126
1410.4,S,47,26952.20,3934.26,17773736.5,86552112.1,435356189
1411.4,S,47,26974.79,3939.29,17773736.5,86552370.5,435356448
1412.4,S,54,26998.02,3943.81,17773736.5,86552568.3,435356684
1413.4,S,54,27026.95,3948.80,17773736.5,86552568.7,435356684
1414.4,S,54,27055.65,3953.91,17773736.5,86552633.5,435356752
1415.4,S,52,27076.38,3957.53,17773736.5,86552914.2,435357243
1416.4,S,48,27095.20,3961.21,17773736.5,86553228.1,435357609
1417.4,S,48,27115.21,3965.44,17773736.5,86553522.2,435358103
1418.4,S,47,27136.80,3970.34,17773736.5,86553699.2,435358398
1419.4,S,47,27159.80,3975.20,17773736.5,86553699.5,435358402
1420.4,S,51,27181.52,3979.36,17773736.5,86553870.8,435358601
1421.4,S,51,27206.55,3984.01,17773736.5,86554064.3,435358841
1422.4,S,50,27230.18,3988.57,17773736.5,86554366.7,435359126
1423.4,S,47,27251.79,3993.45,17773736.5,86554703.1,435359518
1424.4,S,47,27267.84,3996.40,17773736.5,86554870.4,435359934
1425.4,S,47,27288.94,4001.20,17773736.5,86554871.1,435359938
1426.4,S,47,27308.73,4006.44,17773736.5,86554972.7,435360132
1427.4,S,47,27327.64,4011.52,17773736.5,86555161.1,435360295
1428.4,S,47,27343.97,4015.86,17773736.5,86555406.7,435360579
1429.4,S,47,27360.94,4021.14,17773736.5,86555437.8,435360612
1430.4,S,47,27376.72,4026.33,17773736.5,86555540.0,435360716
1431.4,S,47,27389.64,4031.08,17773736.5,86555695.0,435360907
1432.4,S,47,27403.26,4036.33,17773736.5,86555695.5,435360907
1433.4,S,47,27416.78,4041.52,17773736.5,86555764.1,435360979
1434.4,S,51,27433.05,4045.81,17773736.5,86555863.4,435361093
1435.4,S,51,27450.35,4050.78,17773736.5,86556053.7,435361570
1436.4,S,47,27462.38,4055.21,17773736.5,86556286.3,435361822
1437.4,S,51,27475.44,4059.35,17773736.5,86556389.6,435362037
1438.4,S,51,27492.12,4064.59,17773736.5,86556389.8,435362038
1439.4,S,47,27506.71,4069.59,17773736.5,86556580.7,435362227
1440.4,S,51,27522.21,4074.00,17773736.5,86556683.6,435362337
1441.4,S,51,27539.96,4079.17,17773736.5,86556683.9,435362341
1442.4,S,48,27555.60,4084.31,17773736.5,86556955.3,435362768
1443.4,S,47,27566.73,4089.08,17773736.5,86557358.8,435363161
1444.4,S,47,27580.39,4094.39,17773736.5,86557359.5,435363168
1445.4,S,47,27594.03,4099.63,17773736.5,86557359.8,435363172
1446.4,S,51,27609.58,4104.18,17773736.5,86557462.5,435363285
1447.4,S,51,27627.50,4109.19,17773736.5,86557463.8,435363290
1448.4,S,49,27642.82,4114.07,17773736.5,86557654.6,435363486
1449.4,S,47,27655.65,4118.43,17773736.5,86557948.2,435364109
1450.4,S,47,27669.41,4123.51,17773736.5,86557986.7,435364170
1451.4,S,47,27680.99,4128.33,17773736.5,86558138.7,435364317
1452.4,S,47,27692.46,4133.02,17773736.5,86558241.7,435364415
1453.4,S,47,27705.35,4137.96,17773736.5,86558242.7,435364418
1454.4,S,47,27713.71,4141.23,17773736.5,86558434.6,435364792
1455.4,S,47,27724.08,4145.71,17773736.5,86558535.8,435364907
1456.4,S,47,27735.92,4150.76,17773736.5,86558535.9,435364908
1457.4,S,51,27746.74,4155.24,17773736.5,86558638.8,435365055
1458.4,S,51,27762.60,4160.29,17773736.5,86558639.6,435365057
1459.4,S,51,27776.19,4164.59,17773736.5,86558735.3,435365314
1460.4,S,51,27787.36,4169.12,17773736.5,86559124.1,435365721
1461.4,S,66,27817.56,4173.70,17773736.5,86559124.9,435365722
1462.4,S,66,27847.56,4178.36,17773736.5,86559125.1,435365728
1463.4,S,64,27874.67,4180.27,17773736.5,86559257.6,435365850
1464.4,S,62,27899.54,4181.59,17773736.5,86559398.6,435366097
1465.4,S,62,27923.58,4182.93,17773736.5,86559634.3,435366428
1466.4,S,66,27949.27,4184.55,17773736.5,86559857.2,435366679
1467.4,S,66,27976.73,4186.20,17773736.5,86560139.7,435366994
1468.4,S,66,28004.39,4187.91,17773736.5,86560309.0,435367310
1469.4,S,62,28028.05,4189.20,17773736.5,86560679.0,435367785
1470.4,S,62,28053.59,4190.62,17773736.5,86560813.0,435367934
1471.4,S,62,28079.48,4192.09,17773736.5,86560973.1,435368211
1472.4,S,66,28104.38,4193.62,17773736.5,86561363.2,435368715
1473.4,S,66,28133.26,4195.43,17773736.5,86561370.5,435368726
1474.4,S,61,28159.24,4197.00,17773736.5,86561827.7,435369393
1475.4,S,48,28175.18,4198.72,17773736.5,86562536.7,435370074
1476.4,S,47,28200.87,4200.19,17773736.6,86562596.8,435370168
1477.4,S,47,28229.21,4201.71,17773736.6,86562596.9,435370170
1478.4,S,47,28257.31,4203.35,17773736.6,86562787.6,435370427
1479.4,S,47,28285.00,4204.92,17773736.6,86562928.8,435370707
1480.4,S,47,28313.21,4206.39,17773736.6,86563075.8,435370836
1481.4,S,47,28338.94,4207.76,17773736.7,86563598.2,435371557
1482.4,S,47,28363.06,4209.17,17773736.7,86564034.1,435372209
1483.4,S,47,28391.24,4210.79,17773736.7,86564155.9,435372373
1484.4,S,47,28419.14,4212.69,17773736.8,86564377.0,435372664
1485.4,S,47,28447.23,4214.44,17773736.8,86564466.8,435372801
1486.4,S,47,28470.93,4215.80,17773736.9,86565016.0,435373447
1487.4,S,47,28494.36,4217.16,17773736.9,86565442.1,435373996
1488.4,S,47,28514.51,4218.40,17773736.9,86565612.5,435374327
1489.4,S,47,28539.52,4219.85,17773736.9,86565700.4,435374563
1490.4,S,47,28563.59,4221.79,17773736.9,86566066.1,435374885
1491.4,S,47,28586.99,4223.33,17773736.9,86566369.6,435375349
1492.4,S,47,28611.15,4224.78,17773736.9,86566494.3,435375475
1493.4,S,47,28635.80,4225.85,17773736.9,86566718.3,435375824
1494.4,S,47,28660.79,4227.26,17773736.9,86567182.4,435376480
1495.4,S,47,28689.08,4229.01,17773736.9,86567344.8,435376758
1496.4,S,47,28716.98,4230.72,17773736.9,86567482.3,435376968
1497.4,S,47,28745.21,4232.41,17773736.9,86567482.9,435376973
1498.4,S,47,28773.30,4234.00,17773736.9,86567676.7,435377139
1499.4,S,47,28801.31,4235.59,17773736.9,86567870.1,435377386
1500.4,S,47,28817.67,4236.45,17773736.9,86568549.3,435378321
1501.4,S,62,28848.15,4237.89,17773736.9,86568796.8,435378575
1502.4,S,62,28883.60,4238.37,17773736.9,86568925.8,435378689
1503.4,S,62,28918.97,4238.85,17773736.9,86569055.1,435378924
1504.4,S,62,28954.42,4239.32,17773736.9,86569155.0,435379026
1505.4,S,62,28989.73,4239.85,17773736.9,86569358.6,435379264
1506.4,S,62,29023.38,4240.37,17773736.9,86569629.4,435379764
1507.4,S,62,29058.09,4240.89,17773736.9,86569886.7,435380222
1508.5,S,62,29092.49,4241.53,17773737.0,86570533.2,435380965
1509.5,S,61,29127.90,4242.01,17773737.0,86570902.0,435381318
1510.5,S,53,29160.82,4242.79,17773737.0,86571423.1,435381932
1511.5,S,49,29184.59,4244.06,17773737.0,86571856.3,435382932
1512.5,S,47,29209.75,4245.72,17773737.0,86572272.1,435383348
1513.5,S,47,29237.18,4247.38,17773737.0,86572430.7,435383536
1514.5,S,47,29265.32,4249.01,17773737.0,86572658.4,435383790
1515.5,S,47,29293.46,4250.77,17773737.0,86572981.0,435384218
1516.5,S,51,29321.66,4252.26,17773737.0,86573066.0,435384316
1517.5,S,51,29341.91,4253.03,17773737.0,86573198.4,435384868
1518.5,S,51,29370.05,4253.95,17773737.0,86573595.5,435385399
1519.5,S,48,29397.24,4255.07,17773737.0,86574116.0,435386115
1520.5,S,47,29423.39,4256.55,17773737.0,86574437.1,435386543
1521.5,S,47,29450.74,4258.25,17773737.0,86574637.7,435386720
1522.5,S,47,29477.08,4260.03,17773737.0,86574689.3,435386834
1523.5,S,47,29500.71,4261.37,17773737.0,86575014.8,435387269
1524.5,S,47,29521.34,4262.54,17773737.0,86575420.4,435387954
1525.5,S,51,29548.35,4264.09,17773737.0,86575609.5,435388228
1526.5,S,51,29574.86,4265.62,17773737.0,86575806.3,435388434
1527.5,S,51,29600.79,4267.09,17773737.0,86576080.2,435388796
1528.5,S,47,29624.78,4268.38,17773737.0,86576344.8,435389095
1529.5,S,47,29647.82,4270.07,17773737.0,86576653.5,435389414
1530.5,S,51,29668.74,4271.21,17773737.0,86576926.6,435389968
1531.5,S,51,29692.54,4272.70,17773737.0,86577217.8,435390363
1532.5,S,51,29717.54,4273.97,17773737.0,86577344.2,435390471
1533.5,S,47,29738.94,4275.45,17773737.0,86577572.1,435390797
1534.5,S,47,29760.53,4276.96,17773737.0,86577748.3,435391173
1535.5,S,47,29782.56,4278.46,17773737.0,86577923.7,435391363
1536.5,S,51,29805.43,4279.92,17773737.0,86578179.4,435391615
1537.5,S,51,29830.40,4281.41,17773737.0,86578472.9,435391886
1538.5,S,51,29853.67,4282.80,17773737.0,86578622.2,435392100
1539.5,S,47,29874.29,4284.59,17773737.0,86578903.9,435392432
1540.5,S,47,29893.88,4286.25,17773737.0,86579033.1,435392572
1541.5,S,47,29911.12,4288.55,17773737.0,86579232.9,435393037
1542.5,S,47,29928.99,4290.56,17773737.0,86579426.8,435393214
1543.5,S,47,29945.54,4292.43,17773737.0,86579537.5,435393370
1544.5,S,47,29960.76,4294.21,17773737.0,86579610.0,435393448
1545.5,S,47,29975.47,4295.93,17773737.0,86579767.4,435393594
1546.5,S,47,29988.74,4297.68,17773737.0,86580016.2,435393934
1547.5,S,47,30001.15,4299.40,17773737.0,86580096.1,435394102
1548.5,S,47,30014.09,4300.86,17773737.0,86580234.6,435394356
1549.5,S,47,30030.94,4302.67,17773737.0,86580263.2,435394401
1550.5,S,47,30054.28,4304.29,17773737.0,86580322.4,435394471
1551.5,S,47,30072.94,4305.68,17773737.0,86580583.3,435394991
1552.5,S,47,30095.84,4307.23,17773737.0,86580614.7,435395027
1553.5,S,47,30118.12,4308.40,17773737.0,86580965.7,435395440
1554.5,S,47,30140.89,4310.13,17773737.0,86581369.6,435395869
1555.5,S,47,30158.27,4311.58,17773737.0,86581871.5,435396627
1556.5,S,62,30186.73,4313.27,17773737.0,86581965.5,435396728
1557.5,S,62,30221.16,4313.84,17773737.0,86581996.2,435396771
1558.5,S,62,30252.13,4314.56,17773737.0,86582208.4,435397036
1559.5,S,61,30285.04,4315.19,17773737.0,86582232.6,435397061
1560.5,S,61,30317.53,4315.93,17773737.0,86582466.5,435397262
1561.5,S,61,30350.11,4316.60,17773737.0,86582573.9,435397511
1562.5,S,60,30374.34,4317.49,17773737.0,86583163.1,435398340
1563.5,S,57,30386.24,4318.61,17773737.0,86583952.1,435399341
1564.6,S,47,30412.37,4320.23,17773737.1,86584131.0,435399523
1565.6,S,47,30438.46,4321.52,17773737.1,86584428.4,435399980
1566.6,S,47,30466.83,4323.01,17773737.1,86584511.6,435400122
1567.6,S,47,30494.48,4324.77,17773737.1,86584517.0,435400135
1568.6,S,47,30521.71,4326.39,17773737.1,86584613.2,435400288
1569.6,S,47,30544.65,4327.73,17773737.1,86585232.7,435400944
1570.6,S,47,30567.15,4329.30,17773737.1,86585625.7,435401498
1571.6,S,47,30590.41,4330.75,17773737.1,86585919.2,435401880
1572.6,S,51,30615.81,4332.13,17773737.1,86586026.5,435402007
1573.6,S,51,30643.03,4333.74,17773737.1,86586071.3,435402106
1574.6,S,50,30669.28,4335.23,17773737.1,86586275.9,435402324
1575.6,S,48,30685.35,4336.51,17773737.1,86586878.9,435403246
1576.6,S,47,30707.30,4338.25,17773737.1,86587060.6,435403409
1577.6,S,47,30729.28,4339.89,17773737.1,86587263.9,435403745
1578.6,S,51,30752.23,4341.31,17773737.1,86587471.4,435403970
1579.6,S,51,30776.01,4342.79,17773737.1,86587546.1,435404107
1580.6,S,51,30798.05,4344.24,17773737.1,86587833.6,435404490
1581.6,S,47,30813.68,4346.06,17773737.1,86588271.7,435405188
1582.6,S,47,30830.72,4347.95,17773737.1,86588405.6,435405366
1583.6,S,47,30847.80,4349.77,17773737.1,86588528.6,435405535
1584.6,S,51,30865.49,4351.63,17773737.1,86588721.6,435405760
1585.6,S,51,30885.35,4353.38,17773737.1,86588853.6,435405879
1586.6,S,49,30902.21,4355.00,17773737.1,86589138.2,435406278
1587.6,S,47,30916.51,4356.77,17773737.1,86589304.5,435406579
1588.6,S,47,30931.65,4358.54,17773737.1,86589394.3,435406710
1589.6,S,47,30946.68,4360.35,17773737.1,86589454.9,435406803
1590.6,S,51,30962.73,4362.00,17773737.1,86589613.6,435406991
1591.6,S,51,30981.81,4363.72,17773737.1,86589672.5,435407132
1592.6,S,47,30999.35,4365.47,17773737.1,86590009.4,435407426
1593.6,S,47,31013.66,4367.30,17773737.1,86590132.3,435407750
1594.6,S,47,31027.40,4369.12,17773737.1,86590219.2,435407838
1595.6,S,47,31045.94,4370.86,17773737.1,86590238.4,435407865
1596.6,S,47,31062.97,4372.26,17773737.1,86590404.8,435408105
1597.6,S,47,31083.71,4374.24,17773737.1,86590419.7,435408148
1598.6,S,47,31107.86,4375.81,17773737.1,86590529.0,435408294
1599.6,S,47,31130.05,4377.39,17773737.1,86590804.6,435408704
1600.6,S,47,31152.84,4378.83,17773737.1,86591127.0,435409010
1601.6,S,47,31175.43,4380.28,17773737.1,86591143.6,435409032
1602.7,S,47,31195.86,4381.72,17773737.1,86591295.9,435409340
1603.7,S,47,31215.04,4383.25,17773737.1,86591634.6,435409761
1604.7,S,47,31237.20,4384.86,17773737.1,86591699.2,435409898
1605.7,S,47,31258.25,4386.46,17773737.1,86592021.7,435410271
1606.7,S,47,31277.49,4387.96,17773737.1,86592463.0,435410939
1607.7,S,62,31300.08,4389.65,17773737.1,86592703.7,435411205
1608.7,S,62,31327.70,4390.45,17773737.1,86593114.9,435411584
1609.7,S,61,31357.41,4391.56,17773737.1,86593216.1,435411711
1610.7,S,61,31387.21,4393.02,17773737.1,86593252.1,435411768
1611.7,S,61,31414.65,4394.37,17773737.1,86593488.0,435412059
1612.7,S,61,31443.32,4395.63,17773737.1,86593708.2,435412382
1613.7,S,56,31461.12,4396.97,17773737.1,86594390.7,435413383
1614.7,S,47,31482.28,4398.63,17773737.1,86594707.7,435413794
1615.7,S,47,31508.40,4399.99,17773737.1,86594901.2,435413988
1616.7,S,47,31532.79,4401.21,17773737.1,86595030.7,435414213
1617.7,S,47,31557.01,4402.80,17773737.1,86595219.4,435414463
1618.7,S,47,31578.28,4404.37,17773737.1,86595220.7,435414465
1619.7,S,47,31593.89,4405.74,17773737.1,86595620.3,435415118
1620.7,S,47,31611.11,4407.35,17773737.1,86595962.2,435415494
1621.7,S,47,31629.10,4409.55,17773737.1,86596131.5,435415728
1622.7,S,51,31646.78,4411.01,17773737.1,86596259.5,435415962
1623.7,S,51,31667.85,4412.78,17773737.1,86596259.7,435415966
1624.7,S,51,31688.25,4414.47,17773737.1,86596432.3,435416175
1625.7,S,47,31704.04,4416.16,17773737.1,86596789.4,435416672
1626.7,S,47,31715.62,4417.41,17773737.1,86597071.3,435417185
1627.7,S,47,31732.96,4419.20,17773737.1,86597142.4,435417262
1628.7,S,51,31749.88,4420.77,17773737.1,86597335.0,435417490
1629.7,S,51,31769.89,4422.57,17773737.1,86597471.5,435417665
1630.7,S,51,31788.90,4424.41,17773737.1,86597737.7,435418073
1631.7,S,47,31802.99,4426.14,17773737.1,86597967.5,435418352
1632.7,S,47,31817.41,4427.94,17773737.1,86598061.9,435418478
1633.7,S,47,31831.67,4429.67,17773737.1,86598195.0,435418662
1634.7,S,47,31844.28,4431.22,17773737.1,86598395.8,435418977
1635.7,S,51,31861.05,4433.00,17773737.1,86598449.0,435419043
1636.7,S,51,31878.27,4434.71,17773737.1,86598542.7,435419128
1637.7,S,47,31890.95,4436.78,17773737.1,86598787.9,435419345
1638.7,S,47,31903.31,4438.40,17773737.1,86598917.2,435419532
1639.7,S,47,31915.89,4440.06,17773737.1,86598917.6,435419535
1640.7,S,47,31928.30,4441.84,17773737.1,86598982.7,435419605
1641.7,S,51,31942.67,4443.65,17773737.1,86599093.1,435419749
1642.7,S,51,31958.61,4445.49,17773737.1,86599217.4,435419894
1643.7,S,47,31973.17,4446.98,17773737.1,86599443.4,435420359
1644.7,S,47,31995.52,4448.81,17773737.1,86599462.9,435420388
1645.7,S,47,32018.89,4450.21,17773737.1,86599463.3,435420393
1646.7,S,47,32042.00,4451.58,17773737.1,86599490.8,435420427
1647.7,S,47,32063.59,4452.76,17773737.1,86599568.2,435420662
1648.7,S,47,32084.52,4454.25,17773737.1,86599955.4,435421122
1649.7,S,47,32103.07,4455.72,17773737.1,86600597.2,435421820
1650.7,S,47,32125.38,4457.30,17773737.1,86600608.1,435421844
1651.7,S,47,32149.40,4461.69,17773737.1,86600637.7,435421885
1652.7,S,47,32171.69,4466.16,17773737.1,86600754.0,435422025
1653.7,S,47,32195.23,4471.17,17773737.1,86600925.8,435422439
1654.7,S,47,32218.14,4475.91,17773737.1,86601193.0,435422751
1655.7,S,47,32240.33,4480.27,17773737.1,86601553.5,435423162
1656.7,S,47,32260.15,4484.50,17773737.1,86601775.1,435423596
1657.7,S,47,32279.48,4489.20,17773737.1,86601998.1,435423884
1658.7,S,62,32302.84,4493.53,17773737.1,86602188.9,435424085
1659.7,S,62,32331.93,4495.14,17773737.1,86602342.6,435424312
1660.7,S,61,32359.00,4496.73,17773737.1,86602695.9,435424648
1661.7,S,61,32386.03,4498.30,17773737.1,86602889.6,435425084
1662.7,S,61,32414.48,4499.93,17773737.1,86602938.1,435425135
1663.7,S,61,32442.44,4501.54,17773737.1,86603035.9,435425258
1664.7,S,52,32461.85,4502.97,17773737.1,86603655.3,435425972
1665.7,S,47,32481.32,4504.53,17773737.1,86604008.0,435426534
1666.7,S,47,32499.77,4506.16,17773737.1,86604252.2,435426924
1667.7,S,47,32519.83,4507.78,17773737.1,86604316.8,435426980
1668.7,S,51,32541.90,4509.44,17773737.1,86604467.4,435427122
1669.7,S,51,32564.04,4511.09,17773737.1,86604590.5,435427258
1670.7,S,50,32577.86,4512.32,17773737.1,86605094.7,435428056
1671.7,S,47,32594.08,4514.07,17773737.1,86605298.3,435428330
1672.7,S,47,32610.22,4515.87,17773737.1,86605362.7,435428631
1673.7,S,47,32626.38,4517.88,17773737.1,86605421.4,435428709
1674.7,S,51,32641.83,4519.46,17773737.1,86605764.9,435429150
1675.7,S,51,32660.59,4521.33,17773737.1,86605897.3,435429301
1676.7,S,47,32678.24,4522.97,17773737.1,86606152.0,435429589
1677.7,S,47,32694.38,4524.87,17773737.1,86606152.2,435429590
1678.7,S,47,32710.75,4526.65,17773737.1,86606344.5,435429757
1679.7,S,47,32725.72,4528.52,17773737.1,86606535.7,435430061
1680.7,S,51,32741.33,4530.12,17773737.1,86606791.4,435430473
1681.7,S,51,32759.14,4531.99,17773737.1,86606791.6,435430475
1682.7,S,47,32774.80,4533.61,17773737.1,86607034.1,435430829
1683.7,S,47,32789.08,4535.31,17773737.1,86607242.1,435431033
1684.7,S,47,32803.25,4537.04,17773737.1,86607314.7,435431101
1685.7,S,47,32817.59,4538.73,17773737.1,86607390.0,435431166
1686.7,S,51,32831.51,4540.41,17773737.1,86607493.2,435431276
1687.7,S,51,32849.09,4542.28,17773737.1,86607588.8,435431387
1688.7,S,51,32866.12,4544.14,17773737.1,86607765.5,435431573
1689.7,S,47,32878.56,4546.24,17773737.1,86607995.6,435431907
1690.7,S,47,32891.81,4548.03,17773737.1,86607996.3,435431910
1691.7,S,47,32905.18,4549.78,17773737.1,86607996.4,435431912
1692.7,S,47,32918.28,4551.57,17773737.1,86608056.2,435431981
1693.7,S,47,32928.95,4552.94,17773737.1,86608291.6,435432519
1694.7,S,47,32941.26,4554.60,17773737.1,86608482.9,435432687
1695.7,S,47,32953.79,4556.23,17773737.1,86608483.2,435432693
1696.7,S,47,32966.27,4557.82,17773737.1,86608483.6,435432693
1697.7,S,47,32977.74,4559.39,17773737.1,86608620.7,435433067
1698.7,S,47,32993.01,4561.24,17773737.1,86608682.3,435433175
1699.7,S,47,33008.19,4563.06,17773737.1,86608682.8,435433177
1700.7,S,47,33018.16,4564.33,17773737.1,86609246.8,435433892
1701.7,S,47,33031.48,4566.21,17773737.1,86609357.5,435434030
1702.7,S,47,33043.66,4567.85,17773737.1,86609741.6,435434492
1703.7,S,47,33056.99,4569.52,17773737.1,86609741.9,435434495
1704.7,S,47,33070.35,4571.26,17773737.1,86609742.3,435434501
1705.7,S,47,33083.75,4572.94,17773737.1,86609799.2,435434573
1706.7,S,47,33095.71,4574.46,17773737.1,86609928.5,435434777
1707.7,S,47,33107.16,4575.97,17773737.1,86610225.1,435435149
1708.7,S,47,33120.57,4577.79,17773737.1,86610225.4,435435152
1709.7,S,47,33134.08,4579.30,17773737.1,86610225.6,435435154
1710.7,S,47,33146.47,4580.84,17773737.1,86610333.0,435435250
1711.7,S,47,33158.18,4582.48,17773737.1,86610591.4,435435618
1712.7,S,47,33170.57,4584.09,17773737.1,86610591.7,435435621
1713.7,S,61,33191.73,4585.84,17773737.1,86610673.2,435435707
1714.7,S,61,33219.93,4586.91,17773737.1,86610776.7,435436006
1715.7,S,61,33249.93,4588.26,17773737.1,86610776.8,435436008
1716.7,S,61,33278.87,4589.83,17773737.1,86610968.1,435436204
1717.7,S,61,33307.66,4591.49,17773737.1,86610968.2,435436206
1718.7,S,60,33332.04,4593.03,17773737.1,86611335.5,435436756
1719.7,S,57,33352.11,4594.43,17773737.1,86612075.6,435437734
1720.7,S,47,33373.21,4595.85,17773737.1,86612398.2,435438197
1721.7,S,47,33400.26,4597.28,17773737.1,86612398.4,435438199
1722.7,S,51,33422.86,4598.32,17773737.1,86612630.8,435438612
1723.7,S,51,33452.01,4599.83,17773737.1,86612631.3,435438615
1724.7,S,51,33480.81,4601.31,17773737.1,86612696.0,435438685
1725.7,S,51,33507.29,4602.89,17773737.1,86613267.5,435439299
1726.7,S,47,33523.36,4604.33,17773737.1,86613866.3,435440161
1727.7,S,47,33546.37,4605.76,17773737.1,86614102.2,435440496
1728.7,S,47,33570.21,4607.34,17773737.1,86614126.2,435440528
1729.7,S,51,33591.71,4608.60,17773737.1,86614229.8,435440713
1730.7,S,51,33617.86,4610.07,17773737.1,86614406.4,435440889
1731.7,S,51,33638.81,4611.34,17773737.1,86614780.1,435441421
1732.7,S,47,33660.82,4612.78,17773737.1,86615331.5,435442111
1733.7,S,47,33680.32,4614.33,17773737.1,86615432.6,435442264
1734.7,S,47,33701.27,4615.82,17773737.1,86615451.1,435442355
1735.7,S,51,33719.37,4617.15,17773737.1,86615681.9,435442662
1736.7,S,51,33741.01,4618.68,17773737.1,86616126.1,435443064
1737.7,S,51,33763.56,4620.38,17773737.1,86616291.8,435443415
1738.7,S,47,33784.95,4621.94,17773737.1,86616483.0,435443673
1739.7,S,47,33806.17,4623.67,17773737.1,86616511.4,435443712
1740.7,S,47,33825.69,4625.36,17773737.1,86616655.5,435443875
1741.8,S,51,33837.56,4626.48,17773737.1,86617056.4,435444554
1742.8,S,51,33857.17,4628.30,17773737.1,86617143.2,435444657
1743.8,S,51,33875.57,4630.50,17773737.1,86617237.0,435444761
1744.8,S,47,33888.02,4632.10,17773737.1,86617609.6,435445355
1745.8,S,47,33902.31,4633.86,17773737.1,86617610.2,435445357
1746.8,S,47,33916.41,4635.62,17773737.1,86617671.0,435445413
1747.8,S,47,33930.12,4637.71,17773737.1,86617769.5,435445509
1748.8,S,47,33942.59,4639.36,17773737.1,86617937.6,435445717
1749.8,S,47,33955.92,4641.06,17773737.1,86617939.1,435445723
1750.8,S,47,33968.57,4642.66,17773737.1,86618129.4,435446024
1751.8,S,47,33981.08,4644.25,17773737.1,86618193.3,435446094
1752.8,S,47,33992.70,4645.82,17773737.1,86618329.8,435446265
1753.8,S,47,34004.60,4647.32,17773737.1,86618358.4,435446299
1754.8,S,47,34016.11,4648.86,17773737.1,86618358.7,435446301
1755.8,S,47,34025.59,4649.98,17773737.1,86618462.0,435446561
1756.8,S,47,34036.18,4651.45,17773737.1,86618775.6,435446849
1757.8,S,47,34046.28,4652.95,17773737.1,86618978.4,435447031
1758.8,S,47,34055.61,4654.50,17773737.1,86619156.5,435447228
1759.8,S,47,34065.33,4655.92,17773737.1,86619157.1,435447233
1760.8,S,47,34076.40,4657.47,17773737.1,86619277.1,435447376
1761.8,S,47,34090.70,4659.12,17773737.1,86619277.5,435447378
1762.8,S,47,34103.65,4660.66,17773737.1,86619409.6,435447592
1763.8,S,47,34117.87,4662.46,17773737.1,86619409.9,435447596
1764.8,S,47,34131.79,4664.28,17773737.1,86619488.0,435447698
1765.8,S,62,34144.50,4665.96,17773737.1,86619869.4,435448323
1766.8,S,61,34175.33,4667.40,17773737.1,86619886.4,435448352
1767.8,S,61,34205.65,4668.39,17773737.1,86619886.4,435448352
1768.8,S,61,34236.30,4669.46,17773737.1,86619886.6,435448354
1769.8,S,61,34267.04,4670.36,17773737.1,86619929.1,435448401
1770.8,S,61,34296.91,4671.36,17773737.1,86620181.9,435448767
1771.8,S,61,34324.75,4672.32,17773737.1,86620754.9,435449359
1772.9,S,57,34339.01,4673.65,17773737.1,86621613.3,435450422
1773.9,S,47,34362.93,4675.26,17773737.1,86621752.0,435450665
1774.9,S,47,34389.82,4676.64,17773737.1,86621788.4,435450708
1775.9,S,47,34416.01,4677.83,17773737.1,86621840.8,435450770
1776.9,S,47,34440.74,4679.10,17773737.1,86621932.0,435450861
1777.9,S,47,34462.67,4680.18,17773737.1,86622182.2,435451399
1778.9,S,51,34482.00,4681.39,17773737.1,86622921.8,435452323
1779.9,S,51,34509.26,4682.72,17773737.1,86622993.6,435452420
1780.9,S,47,34534.06,4684.37,17773737.1,86623363.9,435452898
1781.9,S,47,34553.99,4686.02,17773737.1,86623450.9,435452982
1782.9,S,47,34573.10,4687.74,17773737.1,86623581.1,435453100
1783.9,S,47,34590.18,4689.33,17773737.1,86623856.5,435453508
1784.9,S,51,34607.84,4690.67,17773737.1,86624271.9,435454134
1785.9,S,51,34630.87,4692.33,17773737.1,86624340.2,435454267
1786.9,S,47,34652.02,4693.99,17773737.1,86624563.9,435454459
1787.9,S,47,34669.00,4695.74,17773737.1,86624785.7,435454919
1788.9,S,47,34686.97,4697.61,17773737.1,86624911.6,435455115
1789.9,S,47,34703.92,4699.43,17773737.1,86625214.7,435455480
1790.9,S,51,34722.02,4701.03,17773737.1,86625355.9,435455631
1791.9,S,51,34742.05,4702.71,17773737.1,86625384.5,435455703
1792.9,S,47,34759.02,4704.48,17773737.1,86625723.1,435456117
1793.9,S,47,34774.71,4706.34,17773737.1,86625904.9,435456322
1794.9,S,47,34789.85,4708.12,17773737.1,86625998.5,435456538
1795.9,S,47,34804.49,4710.34,17773737.1,86626116.4,435456814
1796.9,S,51,34821.24,4712.01,17773737.1,86626220.0,435456907
1797.9,S,51,34839.97,4713.88,17773737.1,86626362.4,435457033
1798.9,S,50,34856.51,4715.57,17773737.1,86626621.6,435457408
1799.9,S,47,34871.42,4717.52,17773737.1,86626801.5,435457600
1800.9,S,47,34886.36,4719.53,17773737.1,86626833.6,435457637
1801.9,S,47,34900.46,4721.40,17773737.1,86626915.0,435457724
1802.9,S,47,34914.03,4722.95,17773737.1,86627018.4,435457837
1803.9,S,47,34928.15,4724.76,17773737.1,86627139.1,435458011
1804.9,S,47,34942.32,4726.52,17773737.1,86627206.2,435458167
1805.9,S,47,34955.48,4728.19,17773737.1,86627454.7,435458516
1806.9,S,47,34968.81,4729.95,17773737.1,86627454.9,435458518
1807.9,S,47,34982.05,4731.70,17773737.1,86627572.3,435458712
1808.9,S,47,34995.35,4733.41,17773737.1,86627572.6,435458714
1809.9,S,47,35008.74,4734.88,17773737.1,86627825.7,435459115
1810.9,S,47,35025.83,4736.90,17773737.1,86628206.5,435459561
1811.9,S,47,35042.18,4738.65,17773737.1,86628456.3,435460036
1812.9,S,47,35058.33,4740.49,17773737.1,86628480.2,435460095
1813.9,S,61,35087.01,4742.07,17773737.1,86628480.8,435460108
1814.9,S,61,35114.19,4743.07,17773737.1,86628934.8,435460635
1815.9,S,61,35144.93,4743.88,17773737.1,86628999.5,435460811
1816.9,S,61,35175.76,4744.62,17773737.1,86628999.7,435460812
1817.9,S,60,35206.29,4745.42,17773737.1,86629197.2,435461001
1818.9,S,59,35236.70,4746.69,17773737.1,86629438.8,435461277
1819.9,S,56,35255.25,4747.83,17773737.1,86630002.6,435462142
1820.9,S,48,35271.11,4749.40,17773737.1,86630598.8,435462969
1821.9,S,47,35293.44,4750.59,17773737.2,86630870.3,435463274
1822.9,S,47,35319.05,4751.91,17773737.2,86630889.9,435463298
1823.9,S,47,35343.56,4753.13,17773737.2,86630913.7,435463356
1824.9,S,47,35366.58,4754.42,17773737.2,86631145.9,435463728
1825.9,S,47,35389.14,4755.92,17773737.2,86631364.5,435464084
1826.9,S,47,35407.14,4757.29,17773737.2,86631975.9,435464878
1827.9,S,47,35430.92,4758.73,17773737.2,86632108.2,435464996
1828.9,S,47,35454.79,4759.99,17773737.2,86632135.8,435465024
1829.9,S,47,35478.23,4761.41,17773737.2,86632247.0,435465122
1830.9,S,51,35499.42,4762.67,17773737.2,86632451.2,435465489
1831.9,S,51,35521.04,4764.04,17773737.2,86632834.1,435466046
1833.0,S,51,35542.37,4765.64,17773737.2,86633219.5,435466672
1834.0,S,47,35560.55,4766.85,17773737.2,86633410.2,435467049
1835.0,S,47,35584.25,4769.82,17773737.2,86633410.5,435467052
1836.0,S,51,35607.29,4773.82,17773737.2,86633671.2,435467347
1837.0,S,51,35636.15,4778.87,17773737.2,86633672.1,435467349
1838.0,S,51,35664.27,4783.67,17773737.2,86634108.7,435467761
1839.0,S,50,35691.16,4788.18,17773737.2,86634489.1,435468221
1840.0,S,51,35714.65,4792.34,17773737.2,86634674.7,435468429
1841.0,S,51,35737.63,4796.15,17773737.2,86634797.1,435468838
1842.0,S,51,35765.60,4800.53,17773737.2,86634905.4,435468932
1843.0,S,49,35788.96,4804.67,17773737.2,86635348.8,435469386
1844.0,S,47,35809.95,4810.00,17773737.2,86635494.0,435469650
1845.0,S,51,35830.36,4813.82,17773737.2,86635715.4,435470051
1846.0,S,51,35854.99,4818.66,17773737.2,86635798.5,435470243
1847.0,S,50,35878.32,4823.61,17773737.2,86635991.8,435470445
1848.0,S,47,35895.67,4827.10,17773737.2,86636255.9,435470883
1849.0,S,47,35915.71,4832.14,17773737.2,86636364.4,435471143
1850.0,S,47,35934.90,4837.10,17773737.2,86636507.8,435471337
1851.0,S,47,35953.99,4841.83,17773737.2,86636587.5,435471459
1852.0,S,47,35971.58,4846.23,17773737.2,86636690.5,435471578
1853.0,S,47,35989.47,4851.30,17773737.2,86636753.4,435471783
1854.0,S,47,36005.56,4855.99,17773737.2,86636948.4,435472267
1855.0,S,47,36019.98,4859.87,17773737.2,86637128.8,435472659
1856.0,S,47,36036.46,4864.51,17773737.2,86637356.1,435472984
1857.0,S,47,36052.20,4869.75,17773737.2,86637433.8,435473076
1858.0,S,47,36070.70,4874.02,17773737.2,86637537.2,435473198
1859.0,S,47,36090.32,4879.12,17773737.2,86637646.9,435473436
1860.0,S,47,36109.03,4884.14,17773737.2,86637804.8,435473665
1861.0,S,47,36130.46,4889.25,17773737.2,86637826.2,435473695
1862.0,S,51,36153.13,4893.39,17773737.2,86638230.4,435474291
1863.0,S,51,36177.71,4897.65,17773737.2,86638312.3,435474460
1864.0,S,50,36202.84,4902.15,17773737.2,86638372.2,435474510
1865.0,S,51,36219.68,4905.11,17773737.2,86638986.5,435475233
1866.0,S,51,36243.42,4910.77,17773737.2,86639194.7,435475479
1867.0,S,51,36267.86,4915.84,17773737.2,86639374.9,435475985
1868.0,S,49,36291.04,4920.59,17773737.2,86639668.4,435476316
1869.0,S,51,36309.83,4924.15,17773737.2,86639862.3,435476651
1870.0,S,51,36335.80,4929.07,17773737.2,86639862.9,435476656
1871.0,S,51,36361.65,4934.01,17773737.2,86639928.8,435476770
1872.0,S,49,36384.59,4938.66,17773737.2,86640313.4,435477190
1873.0,S,51,36407.53,4943.04,17773737.2,86640480.7,435477339
1874.0,S,51,36434.12,4947.74,17773737.2,86640674.3,435477678
1875.0,S,51,36461.00,4952.68,17773737.2,86640737.3,435477740
1876.0,S,49,36482.34,4956.65,17773737.2,86640952.8,435478109
1877.0,S,47,36504.81,4960.60,17773737.2,86641226.8,435478426
1878.0,S,47,36528.48,4965.75,17773737.2,86641291.5,435478520
1879.0,S,47,36552.23,4970.74,17773737.2,86641485.4,435478705
1880.0,S,47,36574.45,4975.91,17773737.2,86641772.4,435479248
1881.0,S,47,36594.38,4980.14,17773737.2,86641953.7,435479438
1882.0,S,47,36615.40,4984.83,17773737.2,86642048.3,435479610
1883.0,S,47,36633.27,4989.03,17773737.2,86642295.2,435479927
1884.0,S,47,36647.77,4992.23,17773737.2,86642657.0,435480430
1885.0,S,47,36661.26,4996.12,17773737.2,86642873.8,435480720
1886.0,S,47,36677.03,5001.21,17773737.2,86642938.7,435480796
1887.0,S,47,36692.60,5006.48,17773737.2,86643003.5,435480860
1888.0,S,47,36704.39,5009.95,17773737.2,86643172.2,435481183
1889.0,S,47,36720.02,5015.17,17773737.2,86643237.0,435481240
1890.0,S,47,36734.73,5020.57,17773737.2,86643466.0,435481447
1891.0,S,66,36755.84,5024.13,17773737.2,86643663.0,435481808
1892.0,S,66,36786.17,5028.94,17773737.2,86643664.1,435481810
1893.0,S,66,36816.16,5033.66,17773737.2,86643664.3,435481813
1894.0,S,65,36843.37,5035.23,17773737.2,86643792.1,435481966
1895.0,S,62,36864.96,5036.58,17773737.2,86644144.5,435482460
1896.0,S,62,36887.64,5037.98,17773737.2,86644497.8,435483035
1897.0,S,66,36907.74,5039.76,17773737.2,86644890.6,435483588
1898.0,S,66,36935.03,5041.54,17773737.2,86644892.6,435483593
1899.0,S,66,36962.43,5042.97,17773737.2,86645065.2,435483750
1900.0,S,59,36987.26,5044.52,17773737.2,86645421.2,435484181
1901.0,S,48,36996.34,5045.64,17773737.2,86645934.9,435484895
1902.3,S,47,37023.29,5047.59,17773737.2,86645992.4,435485181
1903.3,S,47,37051.94,5049.10,17773737.2,86645994.4,435485187
1904.3,S,51,37079.90,5050.53,17773737.2,86646122.0,435485304
1905.3,S,51,37110.71,5051.70,17773737.2,86646122.3,435485306
1906.3,S,51,37141.34,5052.79,17773737.2,86646240.6,435485409
1907.3,S,51,37169.79,5053.93,17773737.2,86646732.4,435486028
1908.3,S,47,37191.84,5055.14,17773737.2,86647429.4,435486936
1909.3,S,47,37219.46,5056.88,17773737.2,86647652.7,435487181
1910.3,S,47,37246.94,5058.60,17773737.2,86647937.6,435487647
1911.3,S,47,37273.77,5060.07,17773737.2,86648073.1,435487777
1912.3,S,47,37297.48,5061.19,17773737.2,86648398.6,435488140
1913.3,S,51,37321.70,5062.58,17773737.2,86648832.6,435488835
1914.3,S,51,37348.62,5064.06,17773737.2,86648950.5,435488950
1915.3,S,47,37373.71,5065.32,17773737.2,86649223.5,435489191
1916.3,S,47,37395.25,5067.21,17773737.2,86649584.0,435489587
1917.3,S,47,37414.25,5068.99,17773737.2,86649800.7,435489942
1918.3,S,47,37429.41,5070.61,17773737.2,86650141.6,435490526
1919.3,S,47,37450.39,5072.02,17773737.2,86650295.3,435490764
1920.3,S,47,37474.74,5073.47,17773737.2,86650297.0,435490771
1921.3,S,47,37499.82,5074.92,17773737.2,86650297.2,435490773
1922.3,S,47,37523.98,5076.34,17773737.2,86650471.5,435491070
1923.3,S,47,37548.12,5077.98,17773737.2,86650817.8,435491483
1924.3,S,47,37567.55,5078.88,17773737.2,86651460.2,435492270
1925.4,S,47,37594.57,5080.22,17773737.2,86651566.5,435492449
1926.4,S,47,37621.11,5081.44,17773737.2,86651566.7,435492455
1927.4,S,47,37646.97,5082.70,17773737.2,86651684.8,435492581
1928.4,S,47,37675.32,5084.29,17773737.2,86651685.5,435492585
1929.4,S,47,37696.88,5085.69,17773737.2,86652335.9,435493433
1930.4,S,62,37727.39,5087.15,17773737.2,86652655.7,435493876
1931.4,S,62,37761.66,5087.71,17773737.2,86652982.6,435494324
1932.4,S,62,37797.15,5088.14,17773737.2,86652984.1,435494329
1933.4,S,61,37832.55,5088.62,17773737.2,86653029.7,435494391
1934.4,S,61,37867.36,5089.19,17773737.2,86653302.9,435494733
1935.4,S,61,37902.68,5089.69,17773737.2,86653495.9,435494957
1936.4,S,61,37937.89,5090.24,17773737.2,86653992.2,435495683
1937.4,S,59,37968.22,5091.08,17773737.3,86654613.0,435496609
1938.4,S,49,37984.44,5091.65,17773737.3,86655392.9,435497639
1939.4,S,47,38011.79,5093.17,17773737.3,86655523.4,435497847
1940.4,S,47,38040.06,5094.76,17773737.3,86655653.1,435498009
1941.4,S,47,38067.77,5096.35,17773737.3,86655898.4,435498426
1942.4,S,47,38094.41,5097.88,17773737.3,86656323.6,435499056
1943.4,S,47,38122.79,5099.42,17773737.3,86656389.3,435499113
1944.4,S,47,38150.58,5100.88,17773737.3,86656595.6,435499296
1945.4,S,47,38177.90,5102.42,17773737.3,86656883.2,435499626
1946.5,S,47,38204.61,5103.93,17773737.3,86657163.3,435499942
1947.5,S,47,38228.69,5105.33,17773737.3,86657690.9,435500688
1948.5,S,47,38254.55,5106.89,17773737.3,86657828.7,435500836
1949.5,S,47,38277.01,5108.23,17773737.3,86658143.0,435501383
1950.5,S,47,38302.77,5109.76,17773737.3,86658343.4,435501590
1951.5,S,47,38327.01,5111.25,17773737.3,86658452.1,435501695
1952.5,S,51,38349.61,5112.75,17773737.3,86658849.5,435502197
1953.5,S,51,38376.06,5114.22,17773737.3,86659105.8,435502643
1954.5,S,51,38402.05,5115.63,17773737.3,86659297.1,435502943
1955.5,S,47,38426.50,5117.12,17773737.3,86659709.7,435503413
1956.5,S,47,38448.38,5118.79,17773737.3,86659859.2,435503585
1957.5,S,47,38469.62,5120.85,17773737.3,86660033.1,435503775
1958.5,S,51,38490.64,5124.19,17773737.3,86660235.5,435504226
1959.5,S,51,38517.00,5128.90,17773737.3,86660426.0,435504431
1960.5,S,51,38542.44,5133.67,17773737.3,86660574.8,435504908
1961.5,S,47,38563.63,5137.99,17773737.3,86661030.5,435505478
1962.5,S,51,38588.72,5142.69,17773737.3,86661133.7,435505573
1963.5,S,51,38616.32,5147.60,17773737.3,86661264.3,435505690
1964.5,S,51,38641.14,5152.11,17773737.3,86661338.8,435505829
1965.5,S,47,38662.75,5156.51,17773737.3,86661716.4,435506330
1966.5,S,51,38683.83,5160.34,17773737.3,86661988.4,435506775
1967.5,S,51,38709.06,5165.33,17773737.3,86662234.0,435507015
1968.5,S,51,38735.20,5170.08,17773737.3,86662234.2,435507017
1969.5,S,47,38758.77,5174.80,17773737.3,86662425.4,435507198
1970.5,S,47,38779.31,5178.93,17773737.3,86662698.5,435507530
1971.5,S,47,38801.26,5183.87,17773737.3,86662797.2,435507663
1972.5,S,47,38822.13,5188.54,17773737.3,86662972.4,435507853
1973.5,S,47,38842.92,5193.31,17773737.3,86663145.0,435508140
1974.5,S,47,38861.15,5198.16,17773737.3,86663223.6,435508372
1975.5,S,47,38881.97,5203.41,17773737.3,86663246.3,435508399
1976.5,S,47,38901.41,5208.76,17773737.3,86663405.2,435508588
1977.5,S,47,38918.33,5212.97,17773737.3,86663684.9,435508990
1978.5,S,47,38936.49,5218.16,17773737.3,86663926.6,435509416
1979.5,S,47,38952.00,5223.43,17773737.3,86663985.5,435509476
1980.5,S,47,38966.98,5228.31,17773737.3,86664114.1,435509589
1981.5,S,47,38982.01,5233.62,17773737.3,86664203.5,435509680
1982.5,S,47,38997.52,5238.99,17773737.3,86664246.4,435509731
1983.5,S,47,39011.97,5244.17,17773737.3,86664467.5,435509964
1984.5,S,51,39031.95,5248.65,17773737.3,86664610.4,435510158
1985.5,S,51,39055.95,5253.61,17773737.3,86664611.0,435510160
1986.5,S,50,39079.65,5259.00,17773737.3,86664703.2,435510423
1987.5,S,51,39100.43,5263.18,17773737.3,86665386.7,435511226
1988.5,S,51,39129.38,5268.46,17773737.3,86665432.7,435511272
1989.5,S,51,39158.39,5273.28,17773737.3,86665538.4,435511388
1990.5,S,49,39185.61,5277.85,17773737.3,86665870.4,435511795
1991.5,S,47,39206.70,5281.78,17773737.3,86666077.1,435512223
1992.5,S,51,39233.16,5286.53,17773737.3,86666388.4,435512617
1993.5,S,51,39259.56,5290.96,17773737.3,86666561.6,435513013
1994.5,S,51,39286.99,5295.87,17773737.3,86666729.9,435513257
1995.5,S,47,39312.56,5300.72,17773737.3,86666881.6,435513385
1996.5,S,51,39339.91,5305.28,17773737.3,86667216.7,435513774
1997.5,S,51,39368.87,5310.16,17773737.3,86667217.5,435513779
1998.5,S,51,39396.94,5314.98,17773737.3,86667296.0,435513972
1999.5,S,47,39415.73,5318.40,17773737.3,86667859.5,435514741
2000.5,S,47,39440.68,5322.64,17773737.3,86667962.4,435514837
2001.5,S,47,39466.07,5327.40,17773737.3,86668049.6,435514917
2002.5,S,47,39491.18,5332.07,17773737.3,86668179.5,435515042
2003.5,S,47,39514.44,5336.81,17773737.3,86668499.4,435515584
2004.5,S,47,39536.08,5341.29,17773737.3,86668714.8,435515857
2005.5,S,47,39558.54,5346.37,17773737.3,86668904.7,435516164
2006.5,S,47,39578.60,5350.90,17773737.3,86669163.4,435516610
2007.5,S,47,39600.40,5355.83,17773737.3,86669218.6,435516673
2008.5,S,47,39617.53,5359.61,17773737.3,86669538.0,435517216
2009.5,S,47,39634.73,5364.57,17773737.3,86669891.2,435517538
2010.5,S,47,39651.65,5369.56,17773737.3,86669913.0,435517572
2011.5,S,47,39665.70,5374.11,17773737.3,86670107.7,435517798
2012.5,S,47,39681.59,5379.10,17773737.3,86670107.9,435517801
2013.5,S,47,39694.59,5383.66,17773737.3,86670403.6,435518129
2014.5,S,62,39721.03,5387.67,17773737.3,86670502.8,435518357
2015.5,S,66,39748.11,5389.97,17773737.3,86670636.4,435518663
2016.5,S,66,39776.55,5391.53,17773737.3,86670636.6,435518665
2017.5,S,66,39804.39,5393.17,17773737.3,86670798.0,435518823
2018.5,S,62,39829.14,5394.57,17773737.3,86671224.4,435519421
2019.5,S,62,39853.16,5395.95,17773737.3,86671480.7,435519845
2020.5,S,62,39878.13,5397.31,17773737.3,86671700.8,435520062
2021.5,S,66,39899.41,5398.27,17773737.3,86672022.1,435520607
2022.5,S,65,39926.17,5400.73,17773737.3,86672195.0,435520826
2023.5,S,51,39941.74,5402.20,17773737.3,86672776.2,435521421
2024.5,S,47,39967.28,5403.95,17773737.3,86673015.2,435521742
2025.5,S,47,39994.00,5405.35,17773737.3,86673036.6,435521769
2026.5,S,47,40020.69,5406.61,17773737.3,86673036.8,435521771
2027.5,S,47,40047.52,5407.92,17773737.3,86673037.3,435521779
2028.5,S,51,40074.60,5409.23,17773737.3,86673157.6,435521945
2029.5,S,51,40092.73,5410.43,17773737.3,86673883.9,435522946
2030.5,S,51,40115.54,5411.84,17773737.3,86674236.4,435523593
2031.5,S,47,40142.45,5413.38,17773737.3,86674478.2,435523859
2032.5,S,47,40169.26,5414.74,17773737.3,86674478.8,435523863
2033.5,S,47,40195.66,5416.37,17773737.3,86674669.0,435524144
2034.5,S,47,40220.06,5418.14,17773737.3,86674885.3,435524462
2035.5,S,51,40235.32,5419.01,17773737.3,86675420.3,435525185
2036.5,S,51,40262.04,5420.54,17773737.3,86675771.4,435525561
2037.5,S,51,40286.78,5421.96,17773737.3,86675875.0,435525700
2038.5,S,47,40308.28,5423.20,17773737.3,86676089.9,435526023
2039.5,S,47,40329.28,5424.86,17773737.3,86676237.0,435526358
2040.5,S,47,40345.23,5426.47,17773737.3,86676659.5,435526744
2041.6,S,47,40360.19,5428.07,17773737.3,86677036.1,435527410
2042.7,S,47,40380.93,5429.97,17773737.3,86677043.4,435527522
2043.7,S,47,40402.91,5431.38,17773737.3,86677150.3,435527655
2044.7,S,47,40425.03,5432.94,17773737.3,86677288.6,435527825
2045.7,S,47,40447.41,5434.20,17773737.3,86677438.2,435528214
2046.7,S,47,40470.76,5435.81,17773737.3,86677618.5,435528420
2047.7,S,47,40492.23,5437.31,17773737.3,86677934.5,435528749
2048.7,S,47,40514.62,5438.79,17773737.3,86678316.6,435529283
2049.7,S,47,40540.29,5440.36,17773737.3,86678356.0,435529322
2050.7,S,47,40566.57,5441.86,17773737.3,86678598.8,435529753
2051.7,S,47,40593.75,5443.24,17773737.3,86678599.2,435529753
2052.7,S,47,40617.36,5444.51,17773737.3,86679021.2,435530260
2053.7,S,47,40639.82,5445.96,17773737.3,86679344.5,435530866
2054.7,S,47,40663.97,5447.37,17773737.3,86679638.5,435531352
2055.7,S,62,40692.62,5448.98,17773737.3,86679953.8,435531725
2056.7,S,62,40727.21,5449.50,17773737.3,86680182.9,435531920
2057.7,S,62,40762.58,5449.94,17773737.3,86680183.4,435531920
2058.7,S,61,40797.91,5450.43,17773737.3,86680208.9,435531942
2059.7,S,61,40831.93,5450.96,17773737.3,86680366.3,435532261
2060.7,S,61,40866.61,5451.54,17773737.3,86680495.5,435532507
2061.7,S,61,40897.62,5452.29,17773737.3,86681146.8,435533223
2062.7,S,61,40920.00,5453.42,17773737.3,86681950.6,435534224
2063.8,S,47,40942.46,5454.85,17773737.3,86682519.9,435534916
2064.8,S,47,40970.68,5456.42,17773737.3,86682521.3,435534921
2065.8,S,47,40998.40,5458.02,17773737.3,86682598.7,435535015
2066.8,S,47,41026.03,5459.60,17773737.3,86682815.8,435535359
2067.8,S,47,41049.42,5460.93,17773737.3,86683104.2,435535893
2068.8,S,47,41075.95,5462.43,17773737.3,86683328.3,435536259
2069.8,S,47,41101.47,5463.93,17773737.3,86684013.5,435537116
2070.8,S,47,41129.62,5465.49,17773737.3,86684090.8,435537192
2071.8,S,47,41157.80,5467.06,17773737.3,86684148.1,435537252
2072.8,S,47,41185.87,5468.58,17773737.3,86684336.9,435537437
2073.8,S,51,41211.37,5469.96,17773737.3,86684702.0,435537971
2074.8,S,51,41240.51,5471.60,17773737.3,86685034.1,435538571
2075.8,S,51,41269.74,5472.89,17773737.3,86685329.9,435539154
2076.8,S,47,41294.81,5474.29,17773737.3,86685934.5,435539766
2077.8,S,47,41320.83,5475.50,17773737.3,86685968.1,435539798
2078.8,S,47,41343.24,5476.73,17773737.3,86686176.2,435540231
2079.9,S,47,41361.97,5478.26,17773737.3,86686706.6,435541000
2080.9,S,47,41380.57,5479.73,17773737.3,86686869.1,435541140
2081.9,S,51,41403.72,5481.25,17773737.3,86687075.9,435541373
2082.9,S,51,41426.82,5482.68,17773737.3,86687181.9,435541601
2083.9,S,47,41446.75,5484.30,17773737.3,86687444.5,435541904
2084.9,S,47,41462.13,5485.68,17773737.3,86687787.2,435542478
2085.9,S,47,41480.60,5487.60,17773737.3,86687796.2,435542504
2086.9,S,51,41497.85,5489.25,17773737.3,86688200.4,435543056
2087.9,S,51,41519.92,5490.79,17773737.3,86688252.9,435543195
2088.9,S,51,41542.39,5492.30,17773737.3,86688253.3,435543201
2089.9,S,47,41557.13,5493.89,17773737.3,86688696.0,435543700
2090.9,S,47,41573.90,5496.08,17773737.3,86688804.8,435543796
2091.9,S,47,41589.87,5498.01,17773737.3,86688944.2,435544023
2092.9,S,51,41605.55,5499.71,17773737.3,86689110.3,435544351
2093.9,S,51,41624.77,5501.47,17773737.3,86689248.4,435544495
2094.9,S,51,41643.96,5503.29,17773737.3,86689330.2,435544582
2095.9,S,47,41660.05,5505.07,17773737.3,86689569.3,435544851
2096.9,S,47,41676.43,5506.91,17773737.3,86689630.7,435545028
2097.9,S,47,41691.89,5508.63,17773737.3,86689756.9,435545159
2098.9,S,47,41705.95,5510.20,17773737.3,86689989.7,435545431
2099.9,S,47,41720.46,5511.89,17773737.3,86690016.4,435545466
2100.9,S,47,41734.20,5514.36,17773737.3,86690190.4,435545673
2101.9,S,47,41747.54,5516.11,17773737.3,86690382.3,435546261
2102.9,S,47,41760.86,5517.77,17773737.3,86690441.8,435546312
2103.9,S,47,41777.83,5519.44,17773737.3,86690461.6,435546334
2104.9,S,47,41797.23,5521.16,17773737.3,86690589.4,435546451
2105.9,S,47,41820.87,5522.75,17773737.3,86690764.4,435546809
2106.9,S,47,41846.86,5525.52,17773737.3,86690780.4,435546832
2107.9,S,47,41872.85,5530.16,17773737.3,86690971.0,435547161
2108.9,S,62,41894.55,5534.55,17773737.3,86691693.1,435547919
2109.9,S,62,41925.35,5535.78,17773737.3,86691816.1,435548130
2110.9,S,62,41954.57,5536.58,17773737.3,86692219.4,435548601
2111.9,S,62,41985.58,5537.45,17773737.3,86692379.9,435548927
2112.9,S,61,42016.53,5538.31,17773737.3,86692460.3,435549033
2113.9,S,61,42047.56,5539.59,17773737.3,86692496.5,435549067
2114.9,S,55,42076.44,5540.78,17773737.3,86693089.9,435549645
2115.9,S,52,42096.54,5542.40,17773737.4,86693490.8,435550424
2116.9,S,47,42111.84,5543.70,17773737.4,86693842.6,435551020
2117.9,S,47,42135.57,5545.11,17773737.4,86694165.5,435551424
2118.9,S,47,42159.86,5546.28,17773737.4,86694268.4,435551543
2119.9,S,47,42184.74,5547.56,17773737.4,86694269.7,435551545
2120.9,S,47,42209.80,5548.95,17773737.4,86694386.6,435551647
2121.9,S,47,42229.04,5550.12,17773737.4,86694818.0,435552239
2122.9,S,47,42250.89,5551.61,17773737.4,86695083.2,435552571
2123.9,S,47,42268.05,5552.96,17773737.4,86695434.2,435553021
2124.9,S,51,42289.87,5554.53,17773737.4,86695569.3,435553170
2125.9,S,51,42313.62,5556.12,17773737.4,86695699.4,435553345
2126.9,S,51,42335.80,5557.79,17773737.4,86695830.1,435553581
2127.9,S,47,42351.37,5559.41,17773737.4,86696270.1,435554123
2128.9,S,47,42369.25,5561.22,17773737.4,86696548.6,435554370
2129.9,S,47,42386.53,5563.18,17773737.4,86696608.7,435554423
2130.9,S,51,42405.33,5564.88,17773737.4,86696844.7,435554747
2131.9,S,51,42425.38,5566.56,17773737.4,86696904.8,435554868
2132.9,S,49,42439.78,5567.95,17773737.4,86697313.8,435555511
2133.9,S,47,42455.62,5569.77,17773737.4,86697413.4,435555710
2134.9,S,47,42471.01,5571.53,17773737.4,86697471.4,435555794
2135.9,S,47,42485.65,5573.57,17773737.4,86697648.5,435556196
2136.9,S,51,42502.19,5575.15,17773737.4,86697867.8,435556456
2137.9,S,51,42520.57,5577.07,17773737.4,86697967.3,435556581
2138.9,S,50,42537.48,5578.92,17773737.4,86698158.1,435556840
2139.9,S,47,42552.80,5580.71,17773737.4,86698232.7,435556918
2140.9,S,47,42567.93,5582.68,17773737.4,86698352.2,435557024
2141.9,S,47,42581.31,5584.27,17773737.4,86698488.9,435557255
2142.9,S,51,42597.89,5585.92,17773737.4,86698663.4,435557469
2143.9,S,51,42616.79,5587.70,17773737.4,86698728.2,435557543
2144.9,S,50,42633.06,5589.80,17773737.4,86698974.4,435558008
2146.0,S,47,42648.02,5591.52,17773737.4,86699095.5,435558163
2147.0,S,47,42662.59,5593.37,17773737.4,86699221.7,435558296
2148.0,S,47,42676.21,5595.06,17773737.4,86699326.4,435558391
2149.0,S,47,42688.70,5596.54,17773737.4,86699488.9,435558536
2150.0,S,47,42701.74,5598.22,17773737.4,86699500.2,435558550
2151.0,S,47,42713.55,5599.89,17773737.4,86699691.3,435558957
2152.0,S,47,42724.97,5601.46,17773737.4,86699754.8,435559038
2153.0,S,47,42737.10,5603.20,17773737.4,86699831.2,435559145
2154.0,S,47,42751.59,5604.94,17773737.4,86699831.7,435559150
2155.0,S,47,42770.46,5606.86,17773737.4,86699880.2,435559205
2156.0,S,47,42788.43,5608.51,17773737.4,86700079.8,435559437
2157.0,S,62,42804.08,5610.43,17773737.4,86700554.5,435560102
2158.0,S,62,42833.91,5611.59,17773737.4,86700622.0,435560177
2159.0,S,62,42860.12,5612.78,17773737.4,86700815.6,435560560
2160.0,S,62,42889.93,5614.11,17773737.4,86701138.3,435560842
2161.0,S,61,42920.18,5615.52,17773737.4,86701181.2,435560897
2162.0,S,61,42949.65,5616.84,17773737.4,86701227.8,435560942
2163.0,S,58,42974.48,5618.14,17773737.4,86701680.1,435561609
2164.0,S,47,42992.97,5619.66,17773737.4,86702253.5,435562254
2165.0,S,47,43015.38,5621.16,17773737.4,86702511.7,435562569
2166.0,S,47,43035.70,5622.63,17773737.4,86702962.9,435563184
2167.0,S,47,43058.99,5623.99,17773737.4,86702963.2,435563187
2168.0,S,47,43082.91,5625.37,17773737.4,86702963.6,435563189
2169.0,S,47,43105.16,5626.85,17773737.4,86703301.2,435563484
2170.0,S,47,43124.06,5628.12,17773737.4,86703645.3,435563991
2171.0,S,47,43146.56,5631.11,17773737.4,86703844.5,435564279
2172.0,S,47,43169.32,5635.71,17773737.4,86704038.1,435564721
2173.0,S,47,43194.10,5640.78,17773737.4,86704066.8,435564755
2174.0,S,51,43218.88,5645.13,17773737.4,86704229.4,435564927
2175.0,S,51,43247.57,5650.21,17773737.4,86704419.7,435565116
2176.0,S,51,43276.67,5655.02,17773737.4,86704428.6,435565127
2177.0,S,49,43296.90,5658.43,17773737.4,86705095.9,435565859
2178.0,S,47,43318.76,5662.37,17773737.4,86705379.7,435566178
2179.0,S,51,43344.78,5666.88,17773737.4,86705499.3,435566299
2180.0,S,51,43369.82,5671.49,17773737.4,86705631.2,435566569
2181.0,S,49,43392.41,5675.86,17773737.4,86705911.8,435566976
2182.0,S,51,43413.91,5680.27,17773737.4,86706164.3,435567275
2183.0,S,51,43440.76,5685.26,17773737.4,86706297.3,435567402
2184.0,S,51,43466.75,5690.38,17773737.4,86706519.3,435567866
2185.0,S,50,43491.49,5695.15,17773737.4,86706747.9,435568118
2186.0,S,47,43509.51,5697.96,17773737.4,86707059.6,435568671
2187.0,S,51,43532.78,5702.48,17773737.4,86707088.4,435568846
2188.0,S,51,43559.05,5707.12,17773737.4,86707089.1,435568848
2189.0,S,50,43584.33,5711.91,17773737.4,86707319.2,435569150
2190.0,S,47,43602.69,5715.51,17773737.4,86707761.0,435569740
2191.0,S,47,43623.63,5720.02,17773737.4,86707967.8,435569921
2192.0,S,47,43645.72,5724.81,17773737.4,86707968.2,435569925
2193.0,S,47,43667.29,5729.48,17773737.4,86708023.4,435569982
2194.0,S,47,43684.93,5733.08,17773737.4,86708224.3,435570352
2195.0,S,47,43705.40,5738.40,17773737.4,86708381.4,435570533
2196.0,S,47,43726.04,5743.65,17773737.4,86708450.3,435570609
2197.0,S,47,43744.56,5748.35,17773737.4,86708949.2,435571259
2198.0,S,47,43757.31,5750.87,17773737.4,86709647.2,435572248
2199.0,S,47,43774.73,5755.91,17773740.1,86709711.9,435572459
2200.0,S,47,43792.75,5760.80,17773741.9,86709736.9,435572502
2201.0,S,47,43807.79,5765.08,17773741.9,86709997.0,435572913
2202.0,S,47,43824.27,5770.52,17773741.9,86710008.9,435572933
2203.0,S,47,43840.05,5775.89,17773741.9,86710073.4,435573022
2204.0,S,51,43853.34,5780.73,17773741.9,86710158.3,435573133
2205.0,S,51,43871.30,5785.69,17773741.9,86710158.5,435573135
2206.0,S,51,43888.95,5790.77,17773741.9,86710285.0,435573258
2207.0,S,51,43903.25,5795.61,17773741.9,86710468.1,435573493
2208.0,S,51,43922.91,5800.63,17773741.9,86710643.7,435573981
2209.0,S,50,43947.70,5805.67,17773741.9,86710692.2,435574027
2210.0,S,48,43970.99,5810.63,17773741.9,86710835.4,435574148
2211.0,S,51,43993.28,5814.74,17773741.9,86710974.4,435574312
2212.0,S,51,44019.37,5819.59,17773741.9,86710975.8,435574315
2213.0,S,51,44044.01,5824.21,17773741.9,86711280.4,435574630
2214.0,S,48,44059.59,5827.37,17773741.9,86711681.1,435575553
2215.0,S,51,44081.60,5831.80,17773741.9,86711794.7,435575755
2216.0,S,51,44107.78,5836.91,17773741.9,86711854.2,435575823
2217.0,S,51,44136.36,5841.87,17773741.9,86711855.4,435575828
2218.0,S,47,44160.70,5843.24,17773741.9,86712048.3,435576085
2219.0,S,47,44182.88,5844.54,17773741.9,86712333.0,435576439
2220.0,S,47,44205.40,5845.89,17773741.9,86712602.4,435576711
2221.0,S,47,44228.96,5847.35,17773741.9,86712618.2,435576728
2222.0,S,47,44243.40,5848.42,17773741.9,86713177.2,435577571
2223.0,S,47,44264.60,5850.29,17773741.9,86713250.9,435578250
2224.0,S,47,44285.68,5852.05,17773741.9,86713376.6,435578544
2225.0,S,47,44304.63,5853.70,17773741.9,86713699.9,435578823
2226.0,S,47,44323.33,5855.07,17773741.9,86713885.9,435579173
2227.0,S,47,44344.14,5859.37,17773741.9,86714183.3,435579588
2228.0,S,47,44366.65,5863.97,17773741.9,86714273.0,435579740
2229.0,S,47,44389.01,5868.74,17773741.9,86714464.5,435580090
2230.0,S,47,44408.84,5872.88,17773741.9,86714760.9,435580445
2231.0,S,47,44429.94,5877.79,17773741.9,86714971.6,435580805
2232.0,S,62,44455.16,5881.26,17773741.9,86715086.1,435580937
2233.0,S,62,44483.72,5882.82,17773741.9,86715439.3,435581318
2234.0,S,62,44512.42,5884.35,17773741.9,86715473.8,435581352
2235.0,S,62,44539.97,5885.68,17773741.9,86715680.9,435581589
2236.0,S,62,44567.52,5887.35,17773741.9,86715906.2,435581928
2237.0,S,62,44594.64,5888.91,17773741.9,86716123.7,435582159
2238.0,S,62,44621.51,5890.55,17773741.9,86716401.6,435582658
2239.0,S,62,44648.84,5891.97,17773741.9,86716733.0,435583146
2240.0,S,62,44676.38,5893.51,17773741.9,86717006.4,435583514
2241.0,S,60,44703.01,5895.19,17773741.9,86717307.2,435583843
2242.0,S,56,44717.12,5895.98,17773741.9,86717849.8,435584596
2243.0,S,51,44734.86,5897.69,17773741.9,86717999.4,435584875
2244.0,S,51,44766.02,5898.96,17773741.9,86718064.0,435584979
2245.0,S,47,44794.40,5900.54,17773741.9,86718397.4,435585320
2246.0,S,47,44822.10,5902.26,17773741.9,86718432.6,435585353
2247.0,S,47,44849.86,5903.70,17773741.9,86718433.3,435585359
2248.0,S,47,44877.58,5905.40,17773741.9,86718520.6,435585437
2249.0,S,47,44900.93,5907.40,17773741.9,86719188.1,435586301
2250.0,S,51,44918.14,5908.52,17773741.9,86719837.5,435587140
2251.0,S,51,44948.02,5909.74,17773741.9,86719905.6,435587229
2252.0,S,51,44977.43,5910.70,17773741.9,86720005.4,435587360
2253.0,S,50,45002.12,5911.92,17773741.9,86720279.0,435587930
2254.0,S,47,45027.67,5913.29,17773741.9,86720513.3,435588316
2255.0,S,47,45052.40,5914.72,17773741.9,86720897.8,435588812
2256.0,S,47,45076.09,5916.27,17773741.9,86721292.5,435589217
2257.0,S,51,45098.85,5917.38,17773741.9,86721481.2,435589492
2258.0,S,51,45125.05,5919.07,17773741.9,86721646.1,435589765
2259.0,S,51,45147.58,5920.52,17773741.9,86721993.8,435590226
2260.0,S,47,45165.30,5922.32,17773741.9,86722239.8,435590533
2261.0,S,47,45183.18,5924.05,17773741.9,86722538.4,435590830
2262.0,S,47,45206.41,5925.59,17773741.9,86722683.2,435590982
2263.0,S,51,45231.45,5927.07,17773741.9,86722787.3,435591193
2264.1,S,51,45259.81,5928.56,17773741.9,86722787.6,435591194
2265.1,S,51,45288.70,5930.34,17773741.9,86722903.4,435591317
2266.1,S,50,45318.09,5931.90,17773741.9,86723036.4,435591510
2267.1,S,47,45337.98,5933.04,17773741.9,86723608.6,435592344
2268.1,S,47,45362.42,5934.70,17773741.9,86724011.4,435593032
2269.1,S,47,45390.83,5936.36,17773741.9,86724095.7,435593111
2270.1,S,47,45419.15,5937.90,17773741.9,86724133.8,435593150
2271.1,S,47,45444.27,5939.17,17773741.9,86724497.3,435593608
2272.1,S,47,45472.47,5940.55,17773741.9,86724544.9,435593663
2273.1,S,47,45499.13,5942.01,17773741.9,86724832.0,435594194
2274.1,S,47,45526.28,5943.55,17773742.0,86725235.7,435594598
2275.1,S,47,45553.29,5945.06,17773742.0,86725684.0,435595287
2276.1,S,47,45581.30,5946.57,17773742.0,86725773.1,435595435
2277.1,S,47,45608.43,5948.11,17773742.0,86725902.2,435595624
2278.1,S,47,45635.62,5949.76,17773742.0,86725967.4,435595882
2279.1,S,47,45660.11,5950.93,17773742.0,86726394.5,435596451
2280.1,S,47,45686.41,5952.31,17773742.0,86726781.6,435597038
2281.1,S,47,45713.05,5953.71,17773742.0,86727039.4,435597448
2282.1,S,47,45739.07,5955.20,17773742.0,86727419.0,435597892
2283.1,S,47,45764.58,5956.51,17773742.0,86727567.8,435598047
2284.1,S,47,45789.21,5958.04,17773742.0,86727791.4,435598360
2285.1,S,47,45805.50,5958.90,17773742.0,86728413.2,435599270
2286.1,S,62,45836.08,5960.18,17773742.0,86728695.0,435599589
2287.1,S,62,45869.30,5960.88,17773742.0,86728953.1,435599856
2288.1,S,61,45902.02,5961.57,17773742.0,86729170.9,435600109
2289.1,S,61,45934.49,5962.23,17773742.0,86729202.3,435600150
2290.1,S,61,45966.11,5962.98,17773742.0,86729392.0,435600375
2291.1,S,61,45986.14,5963.58,17773742.0,86729634.3,435600929
2292.1,S,59,46011.38,5964.64,17773742.0,86730105.4,435601537
2293.1,S,51,46025.82,5966.23,17773742.0,86730756.9,435602538
2294.1,S,47,46045.48,5967.56,17773742.0,86731071.9,435602971
2295.1,S,47,46071.75,5969.16,17773742.0,86731222.6,435603265
2296.1,S,47,46096.45,5970.69,17773742.0,86731316.9,435603358
2297.1,S,47,46120.82,5972.03,17773742.0,86731317.1,435603361
2298.1,S,47,46145.02,5973.41,17773742.0,86731376.5,435603417
2299.1,S,47,46161.23,5974.57,17773742.0,86731934.0,435604136
2300.2,S,47,46180.04,5976.43,17773742.0,86732383.0,435604772
2301.2,S,47,46201.30,5977.96,17773742.0,86732383.3,435604772
2302.2,S,51,46224.29,5979.41,17773742.0,86732515.0,435604895
2303.2,S,51,46248.35,5980.87,17773742.0,86732635.2,435605002
2304.2,S,47,46265.90,5982.52,17773742.0,86733166.6,435605611
2305.2,S,47,46282.57,5984.43,17773742.0,86733463.2,435606120
2306.2,S,47,46299.24,5986.75,17773742.0,86733508.4,435606223
2307.2,S,47,46314.95,5988.39,17773742.0,86733636.5,435606394
2308.2,S,51,46332.48,5989.95,17773742.0,86733837.1,435606730
2309.2,S,51,46347.20,5991.51,17773742.0,86734057.8,435607194
2310.2,S,47,46363.22,5993.12,17773742.0,86734373.6,435607540
2311.2,S,47,46378.29,5994.97,17773742.0,86734375.1,435607541
2312.2,S,47,46393.30,5996.78,17773742.0,86734496.9,435607647
2313.2,S,47,46408.85,5998.43,17773742.0,86734550.4,435607726
2314.2,S,51,46421.50,5999.70,17773742.0,86734932.3,435608402
2315.2,S,51,46440.60,6001.55,17773742.0,86734932.7,435608404
2316.2,S,50,46459.42,6003.29,17773742.0,86735076.1,435608595
2317.2,S,47,46473.65,6005.01,17773742.0,86735289.7,435608846
2318.2,S,47,46487.80,6006.68,17773742.0,86735472.9,435609003
2319.2,S,47,46501.35,6008.35,17773742.0,86735571.8,435609090
2320.2,S,47,46514.13,6009.88,17773742.0,86735613.8,435609157
2321.2,S,51,46528.17,6011.55,17773742.0,86735717.2,435609277
2322.2,S,51,46543.73,6013.38,17773742.0,86735826.4,435609397
2323.2,S,47,46556.08,6014.99,17773742.0,86736081.5,435609854
2324.2,S,47,46568.49,6016.61,17773742.0,86736082.5,435609857
2325.2,S,47,46583.54,6018.40,17773742.0,86736136.4,435609983
2326.2,S,47,46606.57,6020.63,17773742.0,86736168.9,435610030
2327.2,S,47,46628.75,6022.00,17773742.0,86736274.1,435610203
2328.2,S,47,46652.23,6023.33,17773742.0,86736274.5,435610206
2329.2,S,47,46674.93,6024.89,17773742.0,86736465.0,435610641
2330.2,S,47,46698.00,6027.96,17773742.0,86736852.0,435611052
2331.2,S,47,46721.89,6032.42,17773742.0,86737253.1,435611538
2332.2,S,47,46745.83,6036.80,17773742.0,86737356.6,435611632
2333.2,S,47,46770.95,6041.57,17773742.0,86737356.9,435611635
2334.2,S,47,46796.17,6046.24,17773742.0,86737357.2,435611637
2335.2,S,47,46815.91,6049.85,17773742.0,86737745.9,435612201
2336.2,S,47,46830.50,6052.26,17773742.0,86738228.2,435612864
2337.2,S,47,46849.83,6056.37,17773742.0,86738835.4,435613637
2338.2,S,61,46878.88,6057.98,17773742.0,86738909.9,435613872
2339.2,S,61,46908.19,6059.66,17773742.0,86738931.1,435613895
2340.2,S,61,46937.30,6061.21,17773742.0,86738931.2,435613896
2341.2,S,61,46965.90,6062.90,17773742.0,86739036.5,435613991
2342.2,S,61,46993.83,6064.41,17773742.0,86739261.5,435614237
2343.2,S,59,47011.22,6065.11,17773742.0,86739805.8,435615127
2344.2,S,49,47025.62,6066.46,17773742.0,86740482.1,435616027
2345.2,S,47,47049.30,6068.17,17773742.0,86740513.8,435616182
2346.2,S,47,47075.56,6069.55,17773742.0,86740514.3,435616183
2347.2,S,47,47101.45,6070.81,17773742.0,86740646.1,435616335
2348.2,S,47,47126.10,6072.25,17773742.0,86740905.0,435616630
2349.2,S,47,47148.45,6073.34,17773742.0,86741046.5,435617038
2350.2,S,51,47171.21,6074.69,17773742.0,86741750.9,435617866
2351.2,S,51,47198.61,6076.35,17773742.0,86741843.9,435617947
2352.2,S,49,47224.01,6077.78,17773742.0,86742107.6,435618224
2353.2,S,47,47244.87,6079.31,17773742.0,86742264.3,435618400
2354.2,S,47,47262.86,6081.22,17773742.0,86742428.6,435618670
2355.2,S,47,47277.42,6082.68,17773742.0,86742790.3,435619273
2356.2,S,51,47294.68,6084.19,17773742.0,86743154.7,435619602
2357.3,S,51,47315.63,6086.14,17773742.0,86743265.6,435619733
2358.3,S,47,47335.67,6088.00,17773742.0,86743457.2,435619933
2359.3,S,47,47353.60,6089.85,17773742.0,86743519.2,435620008
2360.3,S,47,47368.98,6091.49,17773742.0,86743818.9,435620449
2361.3,S,47,47384.18,6093.37,17773742.0,86743937.1,435620823
2362.3,S,51,47398.16,6094.72,17773742.0,86744214.9,435621151
2363.3,S,51,47416.16,6096.52,17773742.0,86744215.5,435621155
2364.3,S,51,47429.51,6097.85,17773742.0,86744436.6,435621616
2365.3,S,47,47443.69,6099.63,17773742.0,86744646.1,435621990
2366.3,S,47,47458.24,6101.42,17773742.0,86744713.6,435622054
2367.3,S,47,47472.79,6103.24,17773742.0,86744788.8,435622122
2368.3,S,51,47486.20,6104.91,17773742.0,86744951.2,435622314
2369.3,S,51,47503.87,6106.79,17773742.0,86745032.0,435622409
2370.3,S,51,47519.88,6108.61,17773742.0,86745151.8,435622565
2371.3,S,47,47532.65,6110.27,17773742.0,86745424.5,435622910
2372.3,S,47,47546.54,6112.03,17773742.0,86745431.6,435622924
2373.3,S,47,47561.98,6113.90,17773742.0,86745464.2,435622965
2374.3,S,47,47577.63,6115.64,17773742.0,86745490.9,435623121
2375.3,S,47,47595.82,6117.17,17773742.0,86745638.4,435623437
2376.3,S,47,47618.36,6118.73,17773742.0,86745891.7,435623652
2377.3,S,47,47638.27,6120.13,17773742.0,86745957.1,435623821
2378.3,S,47,47657.51,6121.78,17773742.0,86746187.6,435624084
2379.3,S,47,47677.67,6123.39,17773742.0,86746187.9,435624086
2380.3,S,47,47693.08,6124.66,17773742.0,86746575.2,435624737
2381.3,S,47,47712.33,6126.15,17773742.0,86746743.6,435625052
2382.3,S,47,47732.39,6127.79,17773742.0,86746813.1,435625127
2383.3,S,47,47748.79,6129.21,17773742.0,86747116.4,435625556
2384.3,S,62,47768.68,6131.02,17773742.0,86747577.7,435626089
2385.3,S,62,47798.70,6132.23,17773742.0,86747772.4,435626270
2386.3,S,61,47828.40,6133.56,17773742.0,86748044.8,435626556
2387.3,S,61,47858.93,6134.91,17773742.0,86748045.0,435626558
2388.3,S,61,47887.71,6135.94,17773742.0,86748195.9,435626921
2389.3,S,61,47917.18,6136.92,17773742.0,86748394.5,435627237
2390.3,S,55,47941.29,6138.27,17773742.0,86749017.1,435628172
2391.3,S,47,47961.74,6140.14,17773742.0,86749375.6,435628721
2392.3,S,47,47984.72,6141.37,17773742.0,86749698.5,435629175
2393.3,S,47,48011.61,6142.79,17773742.0,86749892.0,435629488
2394.3,S,47,48038.80,6144.37,17773742.0,86749892.3,435629495
2395.3,S,47,48065.76,6145.77,17773742.0,86749956.9,435629662
2396.3,S,47,48090.96,6147.11,17773742.0,86750422.4,435630202
2397.3,S,47,48113.81,6148.36,17773742.0,86750851.1,435630704
2398.3,S,47,48136.95,6149.73,17773742.0,86751218.0,435631370
2399.3,S,47,48160.47,6151.16,17773742.0,86751364.9,435631580
2400.3,S,47,48183.91,6152.69,17773742.0,86751421.8,435631661
2401.3,S,51,48205.61,6154.05,17773742.0,86751692.0,435631995
2402.3,S,51,48231.92,6158.26,17773742.0,86752096.2,435632600
2403.3,S,51,48260.86,6163.21,17773742.0,86752118.5,435632623
2404.3,S,49,48287.62,6167.89,17773742.0,86752494.2,435633050
2405.3,S,47,48309.92,6171.74,17773742.0,86752669.2,435633325
2406.3,S,51,48336.24,6176.07,17773742.0,86752938.1,435633719
2407.3,S,51,48360.80,6180.98,17773742.0,86753230.2,435634221
2408.3,S,50,48382.80,6185.69,17773742.0,86753502.5,435634536
2409.3,S,51,48401.23,6189.69,17773742.0,86753672.5,435634781
2410.3,S,51,48421.95,6194.10,17773742.1,86753866.3,435635028
2411.3,S,51,48444.75,6199.19,17773742.1,86753978.4,435635128
2412.3,S,47,48466.09,6204.37,17773742.1,86754122.1,435635253
2413.3,S,51,48484.79,6208.61,17773742.1,86754405.4,435635682
2414.3,S,51,48507.63,6213.75,17773742.1,86754542.8,435635859
2415.3,S,50,48530.14,6218.91,17773742.1,86754590.8,435635914
2416.3,S,47,48549.81,6223.28,17773742.1,86754861.6,435636450
2417.3,S,47,48568.68,6227.63,17773742.1,86755019.2,435636593
2418.3,S,47,48588.97,6232.08,17773742.1,86755105.2,435636664
2419.3,S,47,48608.57,6236.98,17773742.1,86755208.4,435636772
2420.3,S,47,48625.41,6241.00,17773742.1,86755441.0,435637300
2421.3,S,47,48643.41,6246.02,17773742.1,86755503.6,435637372
2422.3,S,47,48661.34,6251.00,17773742.1,86755504.0,435637376
2423.3,S,47,48675.85,6254.69,17773742.1,86755798.6,435637758
2424.3,S,47,48693.61,6259.75,17773742.1,86755813.3,435637796
2425.3,S,47,48710.48,6264.61,17773742.1,86755994.4,435638028
2426.3,S,47,48724.65,6269.20,17773742.1,86756176.4,435638243
2427.3,S,47,48739.62,6274.19,17773742.1,86756232.4,435638371
2428.3,S,47,48751.48,6278.75,17773742.1,86756500.2,435638835
2429.3,S,51,48764.79,6282.84,17773742.1,86756644.3,435639079
2430.3,S,51,48786.89,6287.66,17773742.1,86756645.2,435639085
2431.3,S,50,48808.97,6292.26,17773742.1,86756693.9,435639130
2432.3,S,51,48828.05,6296.50,17773742.1,86756953.9,435639359
2433.3,S,51,48850.93,6301.51,17773742.1,86757003.6,435639421
2434.3,S,51,48873.39,6306.40,17773742.1,86757240.6,435639815
2435.3,S,48,48889.77,6310.70,17773742.1,86757901.8,435640680
2436.3,S,51,48908.33,6315.30,17773742.1,86758012.5,435640782
2437.3,S,51,48930.24,6320.30,17773742.1,86758074.4,435640856
2438.3,S,49,48950.14,6325.02,17773742.1,86758170.3,435641047
2439.3,S,47,48968.26,6329.87,17773742.1,86758336.0,435641290
2440.3,S,51,48982.31,6332.05,17773742.1,86758557.2,435641945
2441.3,S,51,49005.09,6336.82,17773742.1,86758562.8,435641968
2442.3,S,50,49026.88,6341.40,17773742.1,86758666.3,435642358
2443.3,S,47,49041.00,6344.35,17773742.1,86758811.9,435643105
2444.3,S,47,49064.36,6347.97,17773742.1,86758922.0,435643353
2445.3,S,47,49089.66,6352.51,17773742.1,86759173.3,435643577
2446.3,S,47,49115.03,6357.34,17773742.1,86759403.4,435643803
2447.3,S,47,49139.00,6362.25,17773742.1,86759420.0,435643831
2448.4,S,47,49157.28,6365.74,17773742.1,86759803.0,435644416
2449.4,S,47,49176.02,6369.84,17773742.1,86760209.4,435645049
2450.4,S,47,49198.17,6374.63,17773742.1,86760238.0,435645087
2451.4,S,47,49220.05,6379.54,17773742.1,86760367.2,435645269
2452.4,S,47,49239.80,6383.51,17773742.1,86760535.1,435645498
2453.4,S,47,49260.46,6388.20,17773742.1,86760755.6,435645762
2454.4,S,47,49280.75,6393.27,17773742.1,86761127.8,435646262
2455.4,S,47,49300.83,6398.01,17773742.1,86761261.9,435646389
2456.4,S,47,49314.36,6400.66,17773742.1,86761498.1,435646945
2457.4,S,62,49342.25,6403.13,17773742.1,86761499.4,435646951
2458.4,S,62,49370.86,6404.71,17773742.1,86761757.5,435647215
2459.4,S,62,49399.74,6406.47,17773742.1,86761856.7,435647303
2460.4,S,62,49427.87,6408.15,17773742.1,86761986.3,435647431
2461.4,S,62,49456.08,6409.79,17773742.1,86762079.5,435647688
2462.4,S,62,49479.23,6411.20,17773742.1,86762442.6,435648218
2463.4,S,66,49504.83,6412.48,17773742.1,86762932.7,435648785
2464.4,S,66,49536.11,6413.91,17773742.1,86762998.4,435648842
2465.4,S,66,49564.60,6414.83,17773742.1,86763463.2,435649370
2466.4,S,65,49590.97,6416.00,17773742.1,86763895.7,435650118
2467.4,S,49,49607.58,6417.55,17773742.1,86764434.4,435650784
2468.4,S,47,49632.26,6419.12,17773742.1,86764467.9,435650825
2469.4,S,47,49660.74,6420.78,17773742.1,86764469.2,435650827
2470.4,S,47,49688.90,6422.37,17773742.1,86764591.4,435651157
2471.4,S,47,49715.58,6423.88,17773742.1,86764861.9,435651526
2472.4,S,51,49744.51,6424.91,17773742.1,86765057.4,435651775
2473.4,S,51,49774.72,6425.92,17773742.1,86765357.0,435652180
2474.4,S,49,49803.63,6427.02,17773742.2,86765975.6,435652814
2475.4,S,47,49832.11,6428.56,17773742.2,86766149.7,435653094
2476.4,S,47,49858.95,6430.51,17773742.2,86766311.1,435653260
2477.4,S,47,49883.27,6432.04,17773742.2,86766638.0,435653715
2478.4,S,47,49907.27,6433.49,17773742.2,86767031.4,435654215
2479.4,S,51,49930.54,6434.76,17773742.2,86767283.3,435654481
2480.4,S,51,49956.51,6436.16,17773742.2,86767478.2,435654740
2481.4,S,51,49983.28,6437.65,17773742.2,86767523.9,435654850
2482.4,S,48,50000.49,6438.98,17773742.2,86768023.1,435655655
2483.4,S,47,50018.43,6440.96,17773742.2,86768365.8,435656340
2484.4,S,47,50038.44,6442.65,17773742.2,86768458.0,435656458
2485.4,S,51,50056.66,6444.28,17773742.2,86768679.4,435656668
2486.4,S,51,50077.05,6446.03,17773742.2,86768825.6,435656795
2487.4,S,50,50096.25,6447.70,17773742.2,86769061.8,435657091
2488.4,S,47,50110.62,6449.40,17773742.2,86769350.3,435657700
2489.4,S,47,50126.72,6451.17,17773742.2,86769379.1,435657736
2490.4,S,47,50142.90,6452.94,17773742.2,86769658.0,435658067
2491.4,S,47,50159.94,6454.43,17773742.2,86769911.8,435658374
2492.4,S,47,50186.80,6455.95,17773742.2,86769974.2,435658455
2493.4,S,47,50213.65,6457.23,17773742.2,86769974.5,435658457
2494.4,S,47,50240.46,6458.48,17773742.2,86769992.6,435658512
2495.4,S,47,50266.12,6460.39,17773742.2,86770249.1,435658874
2496.4,S,47,50293.34,6462.13,17773742.2,86770519.3,435659283
2497.4,S,47,50317.49,6463.46,17773742.3,86771108.6,435660046
2498.4,S,47,50344.30,6464.82,17773742.3,86771276.1,435660326
2499.4,S,47,50372.59,6466.47,17773742.3,86771276.4,435660331
2500.4,S,47,50400.30,6468.11,17773742.3,86771405.3,435660584
2501.4,S,47,50427.67,6469.61,17773742.3,86771862.6,435661221
2502.4,S,47,50455.79,6471.17,17773742.3,86771992.8,435661385
2503.4,S,62,50480.74,6472.65,17773742.3,86772558.6,435662042
2504.4,S,61,50514.36,6473.21,17773742.3,86772918.7,435662517
2505.4,S,61,50549.76,6473.70,17773742.3,86772983.5,435662655
2506.4,S,61,50584.87,6474.16,17773742.3,86773069.9,435662851
2507.4,S,61,50618.93,6474.73,17773742.3,86773393.1,435663207
2508.4,S,61,50652.99,6475.32,17773742.3,86773664.1,435663517
2509.4,S,61,50687.65,6475.85,17773742.3,86773830.4,435663821
2510.4,S,60,50712.91,6476.72,17773742.3,86774532.9,435664781
2511.4,S,49,50728.72,6477.84,17773742.3,86775213.8,435665781
2512.4,S,47,50754.53,6479.21,17773742.3,86775476.8,435666023
2513.4,S,47,50782.31,6480.76,17773742.3,86775674.0,435666273
2514.4,S,47,50809.91,6482.40,17773742.3,86775877.5,435666625
2515.4,S,47,50838.13,6484.01,17773742.3,86776055.7,435666830
2516.4,S,47,50866.08,6485.71,17773742.3,86776103.2,435666898
2517.4,S,47,50888.72,6486.98,17773742.3,86776678.9,435667639
2518.4,S,47,50914.43,6488.37,17773742.3,86776947.3,435668036
2519.4,S,47,50938.44,6489.76,17773742.3,86777229.0,435668453
2520.4,S,47,50961.43,6490.89,17773743.5,86777460.0,435668731
2521.4,S,47,50984.69,6492.30,17773751.1,86777674.3,435669048
2522.4,S,47,51002.72,6494.09,17773758.5,86777988.7,435669602
2523.4,S,47,51017.77,6495.61,17773765.1,86778270.2,435669963
2524.4,S,47,51035.81,6497.34,17773777.5,86778341.9,435670034
2525.4,S,47,51052.86,6499.02,17773787.9,86778494.7,435670302
2526.4,S,51,51068.08,6500.41,17773803.2,86778691.2,435670673
2527.4,S,51,51087.08,6502.12,17773812.9,86779001.5,435671078
2528.4,S,51,51107.02,6503.96,17773820.6,86779070.8,435671169
2529.4,S,47,51122.32,6505.78,17773825.2,86779266.1,435671681
2530.4,S,47,51137.28,6507.53,17773832.6,86779357.5,435671772
2531.4,S,47,51151.15,6509.19,17773841.5,86779610.2,435672179
2532.4,S,47,51165.54,6510.98,17773845.9,86779888.3,435672593
2533.4,S,51,51181.68,6512.95,17773845.9,86779902.1,435672622
2534.4,S,51,51199.91,6514.69,17773845.9,86779902.3,435672623
2535.4,S,47,51216.24,6516.46,17773845.9,86780158.5,435672935
2536.4,S,47,51230.03,6518.13,17773845.9,86780480.1,435673353
2537.4,S,47,51243.42,6519.92,17773845.9,86780494.2,435673434
2538.4,S,47,51256.75,6521.72,17773845.9,86780570.6,435673518
2539.4,S,51,51270.85,6523.16,17773845.9,86780673.5,435673642
2540.4,S,51,51287.88,6525.06,17773845.9,86780807.8,435673787
2541.4,S,47,51303.16,6526.88,17773845.9,86781138.8,435674272
2542.4,S,47,51317.01,6528.62,17773845.9,86781233.5,435674352
2543.4,S,47,51329.70,6530.54,17773845.9,86781289.6,435674422
2544.4,S,47,51341.26,6532.65,17773845.9,86781290.8,435674430
2545.4,S,51,51351.44,6533.86,17773845.9,86781519.6,435674784
2546.4,S,51,51366.79,6535.72,17773845.9,86781521.3,435674787
2547.4,S,51,51381.93,6537.62,17773845.9,86781534.6,435674803
2548.4,S,47,51394.39,6539.21,17773845.9,86781718.3,435675078
2549.4,S,47,51406.63,6540.88,17773845.9,86781837.1,435675216
2550.4,S,47,51420.63,6542.70,17773849.0,86781846.1,435675243
2551.4,S,47,51437.40,6544.52,17773851.6,86781889.4,435675320
2552.4,S,47,51456.61,6545.92,17773861.6,86782183.3,435675828
2553.4,S,47,51476.85,6547.61,17773872.1,86782183.7,435675853
2554.4,S,47,51497.18,6549.14,17773886.5,86782184.0,435675892
2555.4,S,47,51514.88,6550.66,17773896.1,86782497.5,435676490
2556.4,S,47,51534.96,6552.35,17773915.7,86782506.9,435676538
2557.4,S,47,51552.30,6554.17,17773924.0,86783001.8,435677113
2558.4,S,47,51571.52,6555.85,17773928.5,86783092.3,435677270
2559.4,S,47,51589.51,6558.00,17773932.3,86783387.6,435677812
2560.4,S,47,51604.09,6559.51,17773938.9,86783836.6,435678444
2561.4,S,61,51633.86,6560.78,17773943.8,86783901.9,435678509
2562.4,S,61,51662.12,6562.18,17773943.8,86784121.4,435678791
2563.4,S,61,51691.17,6563.40,17773943.8,86784227.0,435678915
2564.4,S,61,51721.04,6564.63,17773943.8,86784299.1,435679047
2565.4,S,60,51748.52,6565.39,17773943.8,86784528.9,435679395
2566.4,S,58,51775.15,6566.91,17773943.8,86785003.6,435679941
2567.4,S,47,51791.68,6568.28,17773943.8,86785668.9,435680750
2568.4,S,47,51818.01,6569.60,17773943.8,86785679.7,435680763
2569.4,S,47,51842.48,6571.01,17773943.8,86785927.9,435681302
2570.4,S,47,51867.11,6572.45,17773944.0,86786017.1,435681401
2571.4,S,47,51892.28,6573.82,17773955.7,86786017.8,435681433
2572.4,S,47,51914.55,6575.08,17773967.1,86786405.5,435681960
2573.4,S,47,51935.43,6576.65,17773981.6,86787005.6,435682742
2574.4,S,47,51957.70,6578.18,17773997.1,86787215.5,435683128
2575.4,S,47,51979.05,6579.76,17774014.2,86787352.2,435683344
2576.4,S,47,52000.38,6581.34,17774035.2,86787413.3,435683442
2577.4,S,47,52020.70,6582.77,17774054.2,86787482.8,435683658
2578.4,S,51,52038.23,6583.92,17774063.8,86788061.0,435684350
2579.4,S,51,52063.66,6586.48,17774064.4,86788076.2,435684519
2580.4,S,51,52091.40,6591.35,17774064.4,86788270.2,435684864
2581.4,S,47,52114.70,6596.03,17774064.4,86788525.4,435685236
2582.5,S,51,52135.84,6600.17,17774064.4,86788709.9,435685463
2583.5,S,51,52155.29,6603.76,17774064.4,86789081.9,435686112
2584.5,S,51,52180.99,6608.78,17774064.4,86789247.8,435686347
2585.5,S,47,52202.79,6613.40,17774064.4,86789490.0,435686663
2586.5,S,51,52223.84,6618.13,17774064.4,86789656.0,435686816
2587.5,S,51,52248.69,6623.17,17774064.4,86789716.0,435686871
2588.5,S,50,52271.70,6627.90,17774064.4,86789944.0,435687180
2589.5,S,49,52292.01,6632.45,17774064.4,86790305.6,435687745
2590.5,S,51,52310.86,6636.39,17774064.4,86790544.1,435688062
2591.5,S,51,52335.06,6641.07,17774064.4,86790544.3,435688063
2592.5,S,47,52357.49,6645.70,17774064.4,86790799.0,435688285
2593.5,S,47,52378.12,6650.79,17774064.4,86790987.1,435688547
2594.5,S,47,52395.58,6655.29,17774064.4,86791182.5,435688803
2595.5,S,47,52414.24,6660.41,17774064.4,86791306.0,435688972
2596.5,S,47,52432.92,6665.62,17774064.4,86791306.7,435688973
2597.5,S,47,52449.49,6669.86,17774064.4,86791469.8,435689266
2598.5,S,47,52468.44,6674.83,17774064.4,86791470.1,435689267
2599.5,S,47,52486.78,6679.90,17774064.4,86791593.7,435689691
2600.5,S,47,52503.14,6684.33,17774064.4,86791822.9,435690014
2601.5,S,47,52521.04,6689.54,17774064.4,86791840.3,435690038
2602.5,S,47,52537.32,6694.47,17774064.4,86791990.1,435690238
2603.5,S,47,52552.22,6699.63,17774064.4,86792187.0,435690470
2604.5,S,47,52565.20,6704.46,17774064.4,86792556.9,435690844
2605.5,S,47,52579.79,6709.70,17774064.4,86792568.6,435690857
2606.5,S,47,52597.62,6714.88,17774064.4,86792616.9,435690901
2607.5,S,51,52617.01,6719.40,17774064.4,86792719.6,435691045
2608.5,S,51,52644.10,6724.82,17774064.4,86792768.5,435691153
2609.5,S,50,52671.61,6729.70,17774064.4,86792816.3,435691211
2610.5,S,47,52692.75,6733.95,17774064.4,86793339.9,435692098
2611.5,S,65,52722.29,6735.78,17774064.4,86793509.4,435692248
2612.5,S,65,52754.97,6736.45,17774064.4,86793814.9,435692536
2613.5,S,65,52788.28,6737.18,17774064.4,86793873.7,435692716
2614.5,S,61,52815.57,6737.96,17774064.4,86794323.2,435693320
2615.5,S,61,52846.21,6738.69,17774064.4,86794427.3,435693641
2616.5,S,61,52876.97,6739.43,17774064.4,86794494.3,435693737
2617.5,S,57,52901.47,6740.50,17774064.4,86795023.8,435694380
2618.5,S,47,52919.86,6742.00,17774064.4,86795730.0,435695122
2619.5,S,47,52947.47,6743.70,17774064.4,86795854.3,435695333
2620.5,S,47,52975.15,6745.37,17774064.4,86795919.0,435695402
2621.5,S,51,53000.17,6746.69,17774064.5,86796188.8,435695914
2622.5,S,51,53029.95,6748.24,17774064.5,86796246.1,435695995
2623.5,S,51,53059.60,6749.78,17774064.5,86796341.7,435696086
2624.5,S,50,53083.43,6751.14,17774064.5,86796939.7,435696807
2625.5,S,47,53106.34,6752.29,17774064.5,86797327.7,435697464
2626.5,S,47,53130.70,6753.53,17774064.5,86797545.9,435697938
2627.5,S,47,53154.58,6754.92,17774064.5,86797900.2,435698365
2628.5,S,47,53179.97,6756.25,17774064.5,86797900.9,435698369
2629.5,S,51,53204.90,6757.62,17774064.5,86798185.1,435698727
2630.5,S,51,53230.68,6759.41,17774064.5,86798837.5,435699437
2631.5,S,51,53257.41,6760.93,17774064.5,86798945.1,435699581
2632.5,S,47,53282.46,6762.33,17774064.5,86799217.2,435700101
2633.5,S,47,53303.83,6763.77,17774064.5,86799473.0,435700555
2634.5,S,47,53326.33,6765.39,17774064.5,86799600.8,435700699
2635.5,S,47,53341.20,6766.90,17774064.5,86800059.0,435701281
2636.5,S,47,53360.36,6768.63,17774064.5,86800124.4,435701426
2637.5,S,47,53379.80,6770.46,17774064.5,86800125.5,435701429
2638.5,S,47,53397.46,6772.16,17774064.5,86800386.6,435701790
2639.5,S,47,53413.65,6773.89,17774064.5,86800600.2,435702209
2640.5,S,47,53428.45,6775.57,17774064.5,86800895.8,435702720
2641.5,S,47,53442.95,6777.23,17774064.5,86801060.3,435702870
2642.5,S,47,53458.33,6778.94,17774064.5,86801121.1,435702924
2643.5,S,47,53473.14,6780.80,17774064.5,86801307.8,435703295
2644.5,S,47,53487.48,6782.56,17774064.5,86801427.7,435703424
2645.5,S,47,53500.89,6784.47,17774064.5,86801618.8,435703658
2646.5,S,47,53513.36,6786.25,17774064.5,86801760.1,435703839
2647.5,S,47,53523.12,6787.71,17774064.5,86801904.0,435704125
2648.5,S,47,53533.57,6789.16,17774064.5,86802106.7,435704311
2649.5,S,47,53544.32,6790.67,17774064.5,86802107.0,435704313
2650.5,S,47,53555.04,6792.10,17774064.5,86802107.2,435704313
2651.5,S,47,53565.65,6793.60,17774064.5,86802107.6,435704317
2652.5,S,47,53575.98,6795.26,17774064.5,86802244.0,435704444
2653.5,S,47,53585.36,6796.78,17774064.5,86802318.8,435704634
2654.5,S,47,53593.00,6797.94,17774064.5,86802421.8,435704901
2655.5,S,47,53602.90,6799.23,17774064.5,86802422.0,435704905
2656.5,S,47,53613.30,6800.95,17774064.5,86802536.6,435705025
2657.5,S,47,53626.52,6802.72,17774064.5,86802537.2,435705030
2658.5,S,47,53639.82,6804.51,17774064.5,86802538.0,435705032
2659.5,S,47,53653.41,6806.19,17774064.5,86802538.2,435705036
2660.5,S,62,53669.90,6808.39,17774064.5,86802656.5,435705188
2661.5,S,66,53698.68,6809.56,17774064.5,86803018.2,435705617
2662.5,S,66,53730.55,6810.23,17774064.5,86803026.5,435705631
2663.5,S,66,53761.93,6810.92,17774064.5,86803026.8,435705635
2664.5,S,66,53792.37,6811.71,17774064.5,86803236.8,435705861
2665.5,S,62,53821.38,6812.77,17774064.5,86803469.2,435706145
2666.5,S,62,53839.03,6813.48,17774064.5,86803845.8,435706944
2667.5,S,60,53860.30,6814.52,17774064.5,86804414.9,435707726
2668.6,S,48,53877.34,6815.88,17774064.5,86804843.4,435708378
2669.6,S,47,53904.93,6817.45,17774064.5,86804855.6,435708398
2670.6,S,47,53933.25,6818.97,17774064.5,86804856.8,435708401
2671.6,S,51,53962.13,6820.41,17774064.5,86804959.8,435708494
2672.6,S,51,53992.81,6821.68,17774064.5,86805145.6,435708763
2673.6,S,51,54021.57,6822.70,17774064.5,86805545.9,435709296
2674.6,S,50,54047.70,6823.99,17774064.5,86806134.2,435709977
2675.6,S,47,54073.87,6825.53,17774064.5,86806562.7,435710531
2676.6,S,47,54101.54,6827.16,17774064.5,86806599.4,435710576
2677.6,S,47,54128.18,6828.46,17774064.5,86806658.4,435710869
2678.6,S,51,54153.35,6829.74,17774064.5,86806998.6,435711177
2679.6,S,51,54179.04,6831.51,17774064.5,86807343.5,435711825
2680.6,S,51,54202.43,6832.87,17774064.5,86807665.4,435712350
2681.6,S,47,54224.99,6834.41,17774064.5,86808134.0,435712877
2682.6,S,47,54246.11,6836.15,17774064.5,86808244.2,435713002
2683.6,S,47,54266.63,6837.72,17774064.5,86808338.6,435713166
2684.6,S,47,54282.92,6838.90,17774064.5,86808683.5,435713841
2685.6,S,51,54303.30,6840.39,17774064.5,86809001.4,435714436
2686.6,S,51,54326.59,6841.94,17774064.5,86809076.4,435714522
2687.6,S,47,54346.93,6843.40,17774064.5,86809330.6,435714838
2688.6,S,47,54367.22,6845.04,17774064.5,86809395.3,435714925
2689.6,S,47,54385.12,6846.90,17774064.5,86809823.1,435715368
2690.6,S,47,54399.56,6848.50,17774064.5,86810181.5,435715819
2691.6,S,47,54413.35,6850.27,17774064.5,86810215.9,435715865
2692.6,S,47,54426.70,6851.97,17774064.5,86810280.1,435715940
2693.6,S,47,54439.40,6853.82,17774064.5,86810392.6,435716086
2694.6,S,47,54451.13,6855.30,17774064.5,86810653.3,435716512
2695.6,S,47,54462.73,6856.82,17774064.5,86810654.4,435716517
2696.6,S,47,54474.44,6858.33,17774064.5,86810720.3,435716575
2697.6,S,47,54484.97,6859.63,17774064.5,86810918.0,435716788
2698.6,S,47,54496.67,6861.04,17774064.5,86810982.7,435716853
2699.6,S,47,54509.94,6862.93,17774064.5,86811244.7,435717152
2700.6,S,47,54530.47,6864.68,17774064.5,86811245.0,435717154
2701.6,S,47,54550.43,6866.33,17774064.5,86811246.8,435717158
2702.6,S,47,54570.86,6867.93,17774064.5,86811247.0,435717160
2703.6,S,47,54589.01,6869.25,17774064.5,86811410.7,435717503
2704.6,S,62,54609.73,6871.06,17774064.5,86812063.9,435718278
2705.6,S,62,54641.68,6872.04,17774064.5,86812196.1,435718430
2706.6,S,62,54673.21,6872.73,17774064.5,86812196.3,435718431
2707.6,S,62,54704.72,6873.50,17774064.5,86812196.8,435718433
2708.6,S,61,54735.73,6874.26,17774064.5,86812299.6,435718662
2709.6,S,61,54766.02,6875.11,17774064.5,86812528.9,435719021
2710.6,S,59,54791.12,6876.17,17774064.5,86813076.6,435719821
2711.7,S,54,54801.07,6877.18,17774064.5,86813938.9,435720881
2712.7,S,47,54821.89,6878.57,17774064.5,86814083.8,435721235
2713.7,S,47,54849.40,6880.19,17774064.5,86814188.5,435721350
2714.7,S,47,54877.74,6881.86,17774064.5,86814188.7,435721352
2715.7,S,47,54906.01,6883.49,17774064.5,86814317.4,435721485
2716.7,S,47,54934.15,6884.98,17774064.5,86814382.1,435721550
2717.7,S,47,54957.09,6886.44,17774065.5,86814802.6,435722017
2718.7,S,47,54979.06,6887.83,17774069.5,86815374.6,435722849
2719.7,S,47,55006.68,6889.34,17774076.5,86815610.6,435723191
2720.7,S,47,55033.84,6890.69,17774082.8,86815682.7,435723281
2721.7,S,51,55060.85,6892.23,17774088.8,86815931.6,435723643
2722.7,S,51,55088.80,6893.81,17774093.4,86816113.0,435723915
2723.7,S,51,55113.85,6895.38,17774099.2,86816359.4,435724292
2724.7,S,47,55138.45,6896.89,17774100.2,86816944.3,435725009
2725.7,S,47,55160.47,6898.29,17774101.0,86817282.2,435725514
2726.7,S,47,55183.41,6899.58,17774101.0,86817386.5,435725625
2727.7,S,51,55203.99,6901.14,17774101.0,86817659.7,435725871
2728.7,S,51,55229.45,6902.62,17774101.0,86817719.7,435725937
2729.7,S,51,55253.73,6904.24,17774101.0,86817938.1,435726361
2730.7,S,47,55270.20,6905.75,17774101.0,86818358.0,435726936
2731.7,S,47,55292.23,6909.36,17774101.0,86818504.8,435727098
2732.7,S,51,55311.17,6912.43,17774101.0,86818842.7,435727631
2733.7,S,51,55337.50,6916.96,17774101.0,86818907.7,435727714
2734.7,S,51,55363.58,6921.61,17774101.0,86818967.4,435727896
2735.7,S,50,55382.31,6925.13,17774101.0,86819432.3,435728455
2736.7,S,51,55400.68,6929.08,17774101.0,86819611.3,435728764
2737.7,S,51,55422.46,6934.19,17774101.0,86819673.4,435728830
2738.7,S,50,55444.17,6939.21,17774101.0,86819861.6,435729049
2739.7,S,47,55462.79,6944.26,17774101.0,86820053.8,435729303
2740.7,S,47,55476.35,6947.11,17774101.0,86820156.9,435729704
2741.7,S,47,55494.24,6952.03,17774101.0,86820280.1,435729814
2742.7,S,47,55511.84,6957.29,17774101.0,86820404.5,435729923
2743.7,S,47,55528.25,6962.21,17774101.0,86820507.4,435730019
2744.7,S,47,55546.28,6967.09,17774101.0,86820507.6,435730021
2745.7,S,47,55562.97,6972.67,17774101.0,86820589.2,435730228
2746.7,S,47,55578.09,6977.14,17774101.0,86820817.4,435730501
2747.7,S,47,55593.55,6982.24,17774101.0,86821008.1,435730702
2748.7,S,47,55609.26,6987.44,17774101.0,86821008.6,435730704
2749.7,S,47,55623.32,6992.02,17774101.0,86821172.0,435730905
2750.7,S,47,55638.30,6997.47,17774101.0,86821431.4,435731242
2751.7,S,47,55652.69,7002.96,17774101.0,86821432.3,435731245
2752.7,S,47,55663.28,7006.34,17774101.0,86821570.3,435731742
2753.7,S,51,55667.26,7007.10,17774101.0,86821643.7,435732601
2754.7,S,51,55685.14,7012.02,17774101.0,86821699.3,435732823
2755.7,S,51,55706.18,7016.90,17774101.0,86821699.9,435732828
2756.7,S,48,55723.56,7020.93,17774101.0,86821911.2,435733247
2757.7,S,47,55745.73,7025.80,17774101.0,86822438.6,435733738
2758.7,S,47,55769.83,7031.15,17774101.0,86822439.1,435733740
2759.7,S,47,55793.80,7036.06,17774101.0,86822559.1,435733842
2760.7,S,54,55816.92,7040.76,17774101.0,86822791.1,435734046
2761.7,S,54,55847.59,7045.66,17774101.0,86822917.2,435734155
2762.7,S,54,55877.22,7050.40,17774101.0,86823058.8,435734277
2763.7,S,53,55903.71,7054.96,17774101.0,86823432.0,435734735
2764.7,S,48,55926.94,7059.67,17774101.0,86823708.3,435735137
2765.7,S,48,55947.74,7063.31,17774101.0,86823811.1,435735418
2766.7,S,48,55971.57,7068.28,17774101.0,86823988.2,435735579
2767.7,S,47,55995.60,7073.03,17774101.0,86824081.0,435735677
2768.7,S,47,56018.28,7077.76,17774101.0,86824275.4,435735897
2769.7,S,51,56038.08,7081.21,17774101.0,86824818.1,435736745
2770.7,S,51,56063.02,7085.57,17774101.0,86824959.0,435736895
2771.7,S,50,56089.63,7090.56,17774101.0,86825013.8,435736942
2772.7,S,47,56113.24,7095.30,17774101.0,86825214.7,435737116
2773.7,S,47,56135.58,7099.66,17774101.0,86825425.0,435737494
2774.8,S,47,56158.27,7104.58,17774101.0,86825739.4,435737853
2775.8,S,47,56180.10,7109.17,17774101.0,86825932.9,435738145
2776.8,S,47,56201.27,7113.30,17774107.6,86826036.0,435738314
2777.8,S,47,56224.13,7118.36,17774115.8,86826036.5,435738333
2778.8,S,47,56246.65,7123.54,17774126.3,86826167.7,435738509
2779.8,S,47,56268.40,7128.50,17774135.7,86826361.6,435738738
2780.8,S,47,56286.45,7131.88,17774143.5,86826672.9,435739281
2781.8,S,47,56307.44,7136.50,17774149.2,86826787.1,435739551
2782.8,S,47,56328.83,7141.45,17774155.1,86826799.4,435739578
2783.8,S,47,56348.70,7146.56,17774155.1,86827012.1,435739769
2784.8,S,51,56365.40,7150.48,17774155.1,86827366.6,435740264
2785.8,S,51,56384.71,7155.04,17774155.1,86827508.8,435740461
2786.8,S,47,56401.03,7159.67,17774155.1,86827764.3,435740879
2787.8,S,51,56414.41,7163.10,17774155.1,86827919.3,435741206
2788.8,S,51,56431.91,7168.40,17774155.1,86827946.6,435741234
2789.8,S,48,56447.13,7173.41,17774155.1,86828089.7,435741367
2790.8,S,51,56458.21,7177.04,17774155.1,86828241.2,435741703
2791.8,S,51,56476.10,7182.06,17774155.1,86828241.4,435741703
2792.8,S,49,56493.33,7186.93,17774155.1,86828368.2,435741837
2793.8,S,47,56505.26,7191.28,17774155.1,86828709.1,435742233
2794.8,S,51,56514.55,7193.99,17774155.1,86828916.0,435742762
2795.8,S,51,56532.45,7199.11,17774155.1,86828917.8,435742767
2796.8,S,47,56547.76,7203.75,17774155.1,86829108.9,435743013
2797.8,S,47,56560.83,7208.40,17774155.1,86829211.9,435743136
2798.8,S,47,56574.92,7213.83,17774155.1,86829402.6,435743375
2799.8,S,47,56588.71,7218.92,17774155.1,86829403.4,435743381
2800.8,S,47,56601.00,7223.24,17774155.1,86829506.6,435743516
2801.8,S,47,56614.70,7228.39,17774155.1,86829507.3,435743516
2802.8,S,47,56627.37,7233.58,17774155.1,86829697.6,435743696
2803.8,S,47,56638.91,7238.19,17774155.1,86829800.9,435743788
2804.8,S,47,56651.84,7243.07,17774155.1,86829801.3,435744304
2805.8,S,47,56661.77,7247.52,17774155.1,86830094.8,435744636
2806.8,S,47,56673.40,7252.76,17774155.1,86830095.9,435744636
2807.8,S,47,56684.94,7258.07,17774155.1,86830124.8,435744668
2808.8,S,66,56698.88,7262.55,17774155.1,86830390.0,435744995
2809.8,S,66,56729.68,7267.42,17774155.1,86830390.9,435744998
2810.8,S,66,56759.89,7272.22,17774155.1,86830391.2,435745003
2811.8,S,62,56784.80,7276.30,17774155.1,86830581.8,435745474
2812.8,S,66,56812.50,7280.35,17774155.1,86830725.0,435745627
2813.8,S,66,56841.00,7283.86,17774155.1,86830870.8,435745755
2814.8,S,58,56867.69,7285.38,17774155.1,86831026.0,435745891
2815.8,R,30,56879.69,7286.02,17774155.1,86831431.4,435746574
