t_s,state,nthreads,utime_s,stime_s,disk_r_mb,disk_w_mb,disk_io_ms
0.0,R,1,0.00,0.00,17919690.3,90236505.7,442258414
1.0,S,47,9.35,4.47,17919690.3,90236506.9,442258427
2.0,S,47,19.93,9.71,17919690.3,90236507.3,442258431
3.0,S,47,30.71,14.74,17919690.3,90236507.8,442258434
4.0,S,47,41.59,19.71,17919690.3,90236508.1,442258437
5.0,S,47,52.29,24.86,17919690.3,90236508.6,442258439
6.0,S,47,62.24,29.67,17919690.3,90236573.4,442258500
7.0,S,47,73.05,34.69,17919690.3,90236573.6,442258501
8.0,S,47,83.03,39.28,17919690.3,90236654.8,442258569
9.0,S,47,93.82,44.29,17919690.3,90236655.0,442258570
10.0,S,47,103.41,48.94,17919690.3,90236755.5,442258663
11.0,S,47,114.12,54.05,17919690.3,90236756.0,442258671
12.0,S,47,120.43,57.16,17919690.3,90236863.9,442259075
13.0,S,47,130.08,61.73,17919690.3,90236881.8,442259170
14.0,S,47,140.84,66.80,17919690.3,90236882.0,442259172
15.0,S,47,150.54,71.49,17919690.3,90236974.8,442259255
16.0,S,50,164.20,76.63,17919690.3,90236975.0,442259257
17.0,S,49,177.34,81.93,17919690.3,90237085.0,442259352
18.0,S,48,188.10,86.52,17919690.3,90237184.6,442259442
19.0,S,47,199.32,91.56,17919690.3,90237229.9,442259485
20.0,S,54,210.78,96.31,17919690.3,90237334.4,442259576
21.0,S,54,228.61,101.38,17919690.3,90237334.7,442259586
22.0,S,52,244.79,106.19,17919690.3,90237561.5,442259788
23.0,S,48,256.51,110.82,17919690.3,90237756.2,442259961
24.0,S,48,268.11,116.01,17919690.3,90237788.0,442260035
25.0,S,54,284.78,121.32,17919690.3,90237798.7,442260066
26.0,S,58,299.37,124.57,17919690.3,90237899.4,442260473
27.0,S,58,322.29,129.60,17919690.3,90237899.6,442260476
28.0,S,57,345.13,134.52,17919690.3,90237949.2,442260533
29.0,S,54,365.12,139.32,17919690.3,90238183.6,442260748
30.0,S,47,377.76,143.49,17919690.3,90239008.1,442261463
31.0,S,47,389.46,148.71,17919690.3,90239008.8,442261479
32.0,S,47,398.83,152.73,17919690.3,90239076.1,442261699
33.0,S,47,409.38,157.21,17919690.3,90239112.9,442261814
34.0,S,47,421.19,162.26,17919690.3,90239113.1,442261821
35.0,S,47,431.70,167.01,17919690.3,90239227.7,442261922
36.0,S,47,443.52,171.99,17919690.3,90239227.8,442261927
37.0,S,47,453.96,176.56,17919690.3,90239232.4,442262041
38.0,S,50,463.29,180.01,17919690.3,90239330.3,442262413
39.0,S,50,478.08,185.14,17919690.3,90239331.0,442262421
40.0,S,48,491.13,190.31,17919690.3,90239472.8,442262653
41.0,S,48,502.98,194.86,17919690.3,90239575.7,442262754
42.0,S,47,515.14,200.16,17919690.3,90239836.3,442262996
43.0,S,55,531.61,204.38,17919690.3,90239888.7,442263123
44.0,S,62,555.33,208.74,17919690.3,90239940.1,442263370
45.0,S,62,582.29,213.72,17919690.3,90239941.1,442263389
46.0,S,61,607.64,218.53,17919690.3,90240088.5,442263610
47.0,S,55,627.32,222.39,17919690.3,90240508.1,442264098
48.0,S,49,642.30,227.45,17919690.3,90240958.2,442264487
49.0,S,49,655.85,232.68,17919690.3,90240995.0,442264643
50.0,S,48,666.01,236.55,17919690.3,90241108.7,442264992
51.0,S,51,684.01,241.21,17919690.3,90241161.5,442265051
52.0,S,51,700.87,246.25,17919690.3,90241162.0,442265060
53.0,S,47,710.62,249.80,17919690.3,90241471.9,442265881
54.0,S,47,721.80,253.95,17919690.3,90241520.8,442266048
55.0,S,47,734.62,259.03,17919690.3,90241521.1,442266056
56.0,S,47,744.71,263.00,17919690.3,90241624.0,442266296
57.0,S,47,757.49,268.08,17919690.3,90241624.7,442266300
58.0,S,47,770.35,273.07,17919690.3,90241624.9,442266302
59.0,S,47,781.76,277.43,17919690.3,90241727.6,442266444
60.0,S,47,794.55,282.51,17919690.3,90241727.8,442266446
61.0,S,50,805.06,286.51,17919690.3,90241831.2,442266662
62.0,S,50,820.55,291.95,17919690.3,90241831.4,442266667
63.0,S,50,836.17,297.04,17919690.3,90241891.6,442266729
64.0,S,48,848.28,301.95,17919690.3,90242267.9,442267177
65.0,S,48,861.10,307.03,17919690.3,90242268.2,442267183
66.0,S,47,873.74,312.07,17919690.3,90242316.7,442267327
67.0,S,54,886.12,315.62,17919690.3,90242419.4,442267646
68.0,S,54,905.95,320.76,17919690.3,90242419.6,442267651
69.0,S,50,924.37,325.92,17919690.3,90242610.5,442267842
70.0,S,48,937.68,330.47,17919690.3,90242855.9,442268063
71.0,S,48,951.59,335.43,17919690.3,90242856.7,442268076
72.0,S,47,965.13,340.50,17919690.3,90242904.7,442268209
73.0,S,51,977.36,344.40,17919690.3,90243128.4,442268817
74.0,S,51,994.27,349.44,17919690.3,90243388.2,442269306
75.0,S,49,1010.22,354.57,17919690.3,90243533.8,442269453
76.1,S,47,1022.91,359.17,17919690.3,90243682.1,442269582
77.1,S,47,1036.53,364.43,17919690.3,90243682.5,442269590
78.1,S,47,1048.78,369.29,17919690.3,90243819.1,442270020
79.1,S,47,1057.60,372.47,17919690.3,90243975.5,442270378
80.1,S,47,1070.48,377.45,17919690.3,90243976.1,442270406
81.1,S,47,1081.80,381.94,17919690.3,90244079.2,442270522
82.1,S,47,1094.49,387.06,17919690.3,90244079.6,442270546
83.1,S,47,1107.16,392.20,17919690.3,90244080.0,442270558
84.1,S,50,1117.92,395.80,17919690.3,90244182.9,442270870
85.1,S,50,1133.64,401.03,17919690.3,90244183.5,442270884
86.1,S,48,1147.17,405.89,17919690.3,90244517.1,442271172
87.1,S,48,1158.78,410.53,17919690.3,90244620.1,442271275
88.1,S,48,1171.29,415.76,17919690.3,90244661.9,442271425
89.1,S,47,1182.66,420.45,17919690.3,90244710.1,442271556
90.1,S,54,1199.31,424.38,17919690.3,90244771.1,442271744
91.1,S,54,1219.33,429.29,17919690.3,90244771.6,442271795
92.1,S,51,1236.74,433.89,17919690.3,90245010.1,442272011
93.1,S,48,1249.40,438.44,17919690.3,90245208.1,442272192
94.1,S,47,1262.83,443.76,17919690.3,90245256.1,442272272
95.1,S,47,1276.18,449.03,17919690.3,90245382.2,442272538
96.1,S,51,1279.51,449.92,17919690.3,90245739.1,442273412
97.1,S,51,1296.34,455.23,17919690.3,90245741.1,442273417
98.1,S,51,1313.06,460.42,17919690.3,90245741.3,442273427
99.1,S,47,1327.34,465.15,17919690.3,90246034.9,442273679
100.1,S,47,1340.44,470.34,17919690.3,90246155.1,442273998
101.1,S,47,1353.20,475.37,17919690.3,90246225.8,442274156
102.1,S,47,1361.70,478.49,17919690.3,90246328.8,442274546
103.1,S,47,1374.47,483.59,17919690.3,90246329.5,442274556
104.1,S,47,1386.20,488.44,17919690.3,90246346.5,442274643
105.1,S,47,1395.93,492.38,17919690.3,90246432.6,442274905
106.1,S,47,1408.57,497.55,17919690.3,90246432.8,442274923
107.1,S,50,1420.16,501.87,17919690.3,90246536.4,442275087
108.1,S,50,1435.91,507.06,17919690.3,90246536.9,442275096
109.1,S,50,1451.46,512.13,17919690.3,90246557.6,442275362
110.1,S,48,1459.89,515.12,17919690.3,90246781.2,442275903
111.2,S,48,1470.75,519.33,17919690.3,90246973.6,442276161
112.2,S,47,1483.45,524.40,17919690.3,90247021.5,442276247
113.2,S,54,1492.40,527.61,17919690.3,90247124.8,442276623
114.2,S,54,1512.49,532.42,17919690.3,90247124.9,442276648
115.2,S,54,1532.52,537.30,17919690.3,90247130.8,442276692
116.2,S,50,1547.27,541.27,17919690.3,90247561.6,442277067
117.2,S,48,1560.57,546.67,17919690.3,90247941.4,442277391
118.2,S,47,1573.15,551.75,17919690.3,90247989.8,442277504
119.2,S,51,1581.86,554.71,17919690.3,90248092.9,442277917
120.2,S,51,1598.74,559.74,17919690.3,90248093.6,442277921
121.2,S,51,1614.67,564.91,17919690.3,90248236.8,442278053
122.2,S,47,1627.60,569.58,17919690.3,90248442.2,442278226
123.2,S,47,1640.31,574.95,17919690.3,90248577.7,442278352
124.2,S,47,1653.23,579.82,17919690.3,90248578.4,442278356
125.2,S,47,1662.96,583.42,17919690.3,90248681.4,442278628
126.2,S,47,1675.46,588.73,17919690.3,90248682.1,442278632
127.2,S,47,1686.67,593.15,17919690.3,90248784.9,442278763
128.2,S,47,1699.61,598.06,17919690.3,90248785.0,442278763
129.2,S,47,1712.48,603.06,17919690.3,90248785.5,442278767
130.2,S,50,1720.92,605.83,17919690.3,90248888.1,442279216
131.2,S,50,1737.11,610.50,17919690.3,90248888.6,442279227
132.2,S,50,1751.96,615.60,17919690.3,90249054.6,442279680
133.2,S,48,1759.79,618.49,17919690.3,90249324.4,442280358
134.2,S,48,1772.68,623.45,17919690.3,90249324.9,442280361
135.2,S,48,1785.15,628.67,17919690.3,90249372.8,442280518
136.2,S,47,1794.39,632.35,17919690.3,90249475.7,442280800
137.2,S,47,1807.13,637.48,17919690.3,90249476.0,442280801
138.2,S,55,1816.56,640.97,17919690.3,90249578.9,442281111
139.2,S,55,1837.68,645.80,17919690.3,90249579.2,442281112
140.2,S,55,1858.62,650.82,17919690.3,90249579.5,442281113
141.2,S,53,1875.53,655.77,17919690.3,90250285.2,442281712
142.2,S,51,1890.08,660.30,17919690.3,90250444.3,442281854
143.2,S,49,1905.25,665.49,17919690.3,90250580.3,442281976
144.2,S,47,1916.55,669.71,17919690.3,90250738.3,442282187
145.2,S,47,1929.28,674.83,17919690.3,90250738.8,442282190
146.2,S,47,1942.10,679.90,17919690.3,90250738.9,442282193
147.2,S,47,1947.77,681.96,17919690.3,90251015.3,442282798
148.2,S,47,1959.08,687.23,17919690.3,90251032.7,442282821
149.2,S,47,1970.87,692.27,17919690.3,90251033.2,442282821
150.2,S,47,1979.66,695.93,17919690.3,90251136.1,442283090
151.2,S,47,1991.49,701.00,17919690.3,90251136.5,442283096
152.2,S,47,2003.25,706.13,17919690.3,90251136.7,442283127
153.2,S,50,2014.57,709.98,17919690.3,90251239.8,442283364
154.2,S,50,2029.28,715.20,17919690.3,90251240.0,442283372
155.2,S,48,2042.30,719.77,17919690.3,90251386.3,442283708
156.2,S,48,2052.24,723.40,17919690.3,90251487.6,442283972
157.2,S,48,2064.82,728.22,17919690.3,90251535.8,442284108
158.2,S,54,2077.60,732.60,17919690.3,90251638.8,442284240
159.2,S,54,2097.64,737.49,17919690.3,90251639.0,442284248
160.2,S,54,2117.01,742.79,17919690.3,90251703.7,442284388
161.2,S,51,2129.29,746.20,17919690.3,90251881.4,442284991
162.2,S,48,2140.72,750.41,17919690.3,90252075.6,442285262
163.2,S,48,2154.50,755.55,17919690.3,90252075.7,442285271
164.2,S,51,2167.62,760.22,17919690.3,90252226.4,442285402
165.2,S,51,2185.20,765.60,17919690.3,90252226.6,442285402
166.2,S,51,2202.56,771.01,17919690.3,90252312.3,442285474
167.2,S,47,2216.61,776.01,17919690.3,90252491.6,442285633
168.2,S,47,2230.86,781.16,17919690.3,90252520.7,442285662
169.2,S,47,2245.30,786.65,17919690.3,90252520.8,442285667
170.2,S,47,2257.62,791.07,17919690.3,90252732.6,442286128
171.2,S,47,2269.62,795.61,17919690.3,90252814.6,442286263
172.2,S,47,2283.36,800.75,17919690.3,90252814.8,442286270
173.2,S,47,2294.86,804.81,17919690.3,90252821.2,442286486
174.2,S,47,2306.30,808.75,17919690.3,90252918.0,442286704
175.2,S,47,2320.02,813.95,17919690.3,90252918.1,442286706
176.2,S,50,2333.24,818.59,17919690.3,90253020.7,442286794
177.2,S,50,2350.29,823.45,17919690.3,90253021.0,442286794
178.2,S,50,2365.58,828.77,17919690.3,90253706.4,442287392
179.2,S,48,2376.91,833.41,17919690.3,90254027.6,442287668
180.2,S,48,2389.60,838.59,17919690.3,90254027.9,442287678
181.2,S,47,2401.98,843.78,17919690.3,90254075.7,442287913
182.2,S,54,2416.07,847.45,17919690.3,90254178.5,442288181
183.2,S,54,2435.99,852.50,17919690.3,90254179.2,442288209
184.2,S,49,2452.27,857.06,17919690.3,90254465.5,442288481
185.2,S,48,2465.01,861.96,17919690.3,90254616.6,442288609
186.2,S,48,2478.65,867.13,17919690.3,90254633.8,442288657
187.2,S,47,2492.15,872.38,17919690.3,90254665.0,442288752
188.2,S,47,2496.56,873.71,17919690.3,90255127.9,442289566
189.2,S,51,2512.94,878.94,17919690.3,90255148.8,442289589
190.3,S,51,2529.78,884.04,17919690.3,90255149.1,442289594
191.3,S,47,2541.59,888.27,17919690.3,90255355.9,442290062
192.3,S,47,2551.94,892.23,17919690.3,90255443.4,442290343
193.3,S,47,2564.97,897.35,17919690.3,90255633.5,442290540
194.3,S,47,2576.47,902.12,17919690.3,90255737.2,442290640
195.3,S,47,2589.22,907.25,17919690.3,90255737.4,442290646
196.3,S,47,2601.98,912.30,17919690.3,90255737.6,442290652
197.3,S,47,2612.41,916.34,17919690.3,90255840.7,442290859
198.3,S,47,2625.18,921.45,17919690.3,90255840.9,442290863
199.3,S,50,2636.78,926.20,17919690.3,90255943.7,442290960
200.3,S,50,2652.59,931.34,17919690.3,90255944.0,442290981
201.3,S,50,2668.15,936.72,17919690.3,90255944.1,442290986
202.3,S,48,2678.81,940.62,17919690.3,90256328.5,442291680
203.3,S,48,2690.63,945.41,17919690.3,90256380.1,442291762
204.3,S,47,2703.39,950.40,17919690.3,90256428.1,442291807
205.3,S,54,2714.64,953.96,17919690.3,90256531.0,442292100
206.3,S,54,2734.64,958.93,17919690.3,90256531.2,442292107
207.3,S,54,2751.98,963.24,17919690.3,90256674.3,442292280
208.3,S,49,2766.98,967.62,17919690.3,90256967.6,442292563
209.3,S,48,2780.81,972.60,17919690.3,90257090.2,442292684
210.3,S,47,2793.37,978.04,17919690.3,90257397.1,442292959
211.3,S,51,2805.16,981.97,17919690.3,90257499.8,442293179
212.3,S,51,2822.21,986.84,17919690.3,90257500.0,442293182
213.3,S,51,2837.96,991.91,17919690.3,90257690.7,442293505
214.3,S,47,2850.30,996.57,17919690.3,90257794.0,442293623
215.3,S,47,2863.17,1001.95,17919690.3,90257984.6,442293810
216.3,S,47,2875.90,1007.13,17919690.3,90257985.5,442293813
217.3,S,47,2886.01,1011.10,17919690.3,90258088.4,442294040
218.3,S,47,2898.72,1016.27,17919690.3,90258088.8,442294044
219.3,S,47,2909.51,1020.78,17919690.3,90258192.0,442294197
220.3,S,47,2922.26,1025.91,17919690.3,90258192.2,442294206
221.3,S,47,2934.88,1031.13,17919690.3,90258192.9,442294209
222.3,S,50,2945.86,1034.88,17919690.3,90258295.7,442294471
223.3,S,50,2961.55,1040.13,17919690.3,90258295.8,442294480
224.3,S,50,2976.08,1045.38,17919690.3,90258430.2,442294909
225.3,S,48,2984.12,1048.62,17919690.3,90258761.2,442295508
226.3,S,48,2996.87,1053.74,17919690.3,90258761.5,442295521
227.3,S,47,3009.43,1058.94,17919690.3,90258809.7,442295568
228.3,S,54,3026.10,1063.47,17919690.3,90258912.7,442295659
229.3,S,54,3046.03,1068.49,17919690.3,90258912.8,442295659
230.3,S,50,3062.82,1072.99,17919690.3,90259151.1,442295862
231.3,S,48,3073.11,1076.32,17919690.3,90259349.4,442296363
232.3,S,48,3086.66,1081.34,17919690.3,90259356.5,442296566
233.3,S,47,3098.36,1086.58,17919690.3,90259778.5,442297107
234.3,S,51,3112.88,1091.25,17919690.3,90259881.1,442297212
235.3,S,51,3129.64,1096.39,17919690.3,90259881.5,442297226
236.3,S,48,3143.04,1101.00,17919690.3,90260072.5,442297729
237.3,S,47,3155.54,1105.78,17919690.3,90260175.3,442297828
238.3,S,47,3169.16,1111.06,17919690.3,90260176.2,442297830
239.3,S,47,3181.34,1115.81,17919690.3,90260322.1,442298259
240.3,S,47,3189.32,1118.78,17919690.3,90260469.1,442298678
241.3,S,47,3202.06,1123.87,17919690.3,90260469.2,442298684
242.3,S,47,3212.54,1128.03,17919690.3,90260572.7,442298877
243.3,S,47,3225.25,1133.22,17919690.3,90260573.2,442298880
244.3,S,47,3237.94,1138.39,17919690.3,90260573.2,442298880
245.3,S,50,3251.10,1143.23,17919690.3,90260676.3,442298969
246.3,S,50,3266.62,1148.62,17919690.3,90260676.5,442298970
247.3,S,48,3281.13,1153.73,17919690.3,90260956.5,442299210
248.3,S,48,3292.91,1158.30,17919690.3,90261113.3,442299353
249.3,S,48,3305.63,1163.42,17919690.3,90261113.4,442299356
250.3,S,47,3315.62,1167.46,17919690.3,90261246.1,442299716
251.3,S,54,3334.38,1172.33,17919690.3,90261264.5,442299779
252.3,S,54,3354.15,1177.53,17919690.3,90261264.5,442299779
253.3,S,51,3367.39,1181.36,17919690.3,90261423.1,442300280
254.3,S,48,3379.12,1185.78,17919690.3,90261701.0,442300725
255.3,S,48,3392.81,1191.02,17919690.3,90261701.1,442300727
256.3,S,47,3406.39,1196.25,17919690.3,90261749.4,442300776
257.3,S,51,3414.67,1199.23,17919690.3,90262232.0,442301279
258.3,S,51,3431.47,1204.45,17919690.3,90262232.6,442301282
259.3,S,51,3446.37,1209.41,17919690.3,90262338.6,442301562
260.3,S,47,3457.75,1213.34,17919690.3,90262526.9,442301942
261.3,S,47,3471.60,1218.35,17919690.3,90262527.7,442301947
262.3,S,47,3484.58,1223.60,17919690.3,90262717.8,442302427
263.3,S,47,3494.79,1227.33,17919690.3,90262820.7,442302680
264.3,S,47,3507.59,1232.37,17919690.3,90262820.7,442302680
265.3,S,47,3519.45,1237.02,17919690.3,90262849.8,442302769
266.3,S,47,3529.24,1240.79,17919690.3,90262924.3,442303028
267.3,S,47,3541.88,1245.98,17919690.3,90262924.7,442303029
268.3,S,50,3554.40,1250.49,17919690.3,90263027.3,442303127
269.3,S,50,3570.11,1255.66,17919690.3,90263027.4,442303129
270.3,S,49,3584.49,1260.54,17919690.3,90263170.1,442303254
271.3,S,48,3597.18,1265.21,17919690.3,90263273.5,442303343
272.3,S,48,3609.99,1270.36,17919690.3,90263464.0,442303509
273.3,S,47,3622.53,1275.47,17919690.3,90263511.9,442303666
274.3,S,54,3636.57,1279.35,17919690.3,90263615.1,442303908
275.3,S,54,3656.56,1284.31,17919690.3,90263615.4,442303937
276.3,S,50,3674.04,1288.94,17919690.3,90263854.4,442304222
277.3,S,48,3687.16,1293.49,17919690.3,90264052.7,442304447
278.3,S,48,3700.66,1298.69,17919690.3,90264101.2,442304635
279.3,S,47,3712.05,1303.73,17919690.3,90264481.0,442305419
280.3,S,51,3726.30,1308.64,17919690.3,90264584.2,442305517
281.3,S,51,3743.04,1313.83,17919690.3,90264585.1,442305520
282.3,S,48,3756.94,1318.55,17919690.3,90264775.9,442306087
283.3,S,47,3769.20,1323.14,17919690.3,90264906.7,442306200
284.3,S,47,3782.76,1328.41,17919690.3,90264933.3,442306253
285.3,S,47,3794.36,1332.93,17919690.3,90265145.7,442306826
286.3,S,47,3805.37,1337.34,17919690.3,90265200.5,442306976
287.3,S,47,3818.06,1342.55,17919690.3,90265201.4,442307027
288.3,S,47,3829.59,1347.16,17919690.3,90265304.4,442307124
289.3,S,47,3842.46,1352.17,17919690.3,90265304.6,442307128
290.3,S,47,3855.12,1357.38,17919690.3,90265304.9,442307130
291.3,S,50,3869.05,1362.17,17919690.3,90265407.8,442307223
292.3,S,50,3884.86,1367.25,17919690.3,90265408.1,442307225
293.3,S,48,3898.17,1372.47,17919690.3,90265749.4,442307527
294.3,S,48,3907.27,1375.83,17919690.3,90265844.2,442307862
295.3,S,48,3919.38,1381.03,17919690.3,90265892.2,442308247
296.3,S,54,3932.28,1385.77,17919690.3,90265995.8,442308350
297.3,S,54,3952.25,1390.76,17919690.3,90265995.8,442308350
298.3,S,54,3971.70,1395.73,17919690.3,90266061.2,442308503
299.3,S,50,3983.18,1399.41,17919690.3,90266330.1,442309258
300.3,S,48,3995.94,1404.25,17919690.3,90266432.8,442309354
301.3,S,47,4009.38,1409.54,17919690.3,90266481.0,442309519
302.3,S,47,4020.40,1413.63,17919690.3,90266567.1,442309760
303.3,S,51,4036.45,1418.34,17919690.3,90266811.2,442310467
304.3,S,51,4052.82,1423.30,17919690.3,90266965.0,442310643
305.3,S,47,4066.00,1427.79,17919690.3,90267259.5,442310903
306.3,S,47,4079.65,1433.01,17919690.3,90267259.6,442310905
307.3,S,47,4092.53,1438.16,17919690.3,90267450.7,442311178
308.3,S,47,4101.05,1441.29,17919690.3,90267553.3,442311557
309.3,S,47,4113.92,1446.23,17919690.3,90267553.8,442311563
310.3,S,47,4126.59,1451.42,17919690.3,90267554.0,442311566
311.3,S,47,4137.87,1455.92,17919690.3,90267657.0,442311689
312.3,S,47,4150.66,1460.93,17919690.3,90267657.3,442311689
313.3,S,47,4160.31,1464.58,17919690.3,90267748.7,442311976
314.3,S,50,4175.09,1469.81,17919690.3,90267760.3,442312026
315.3,S,50,4190.35,1475.38,17919690.3,90267931.4,442312175
316.3,S,48,4201.14,1479.71,17919690.3,90268119.8,442312519
317.3,S,48,4211.85,1483.66,17919690.3,90268197.3,442312752
318.3,S,48,4224.63,1488.77,17919690.3,90268225.5,442312813
319.3,S,54,4237.38,1493.15,17919690.3,90268376.6,442313006
320.3,S,54,4257.44,1498.04,17919690.3,90268377.1,442313014
321.3,S,54,4276.83,1503.02,17919690.3,90268431.1,442313207
322.3,S,49,4290.09,1507.05,17919690.3,90268778.4,442313953
323.3,S,48,4303.52,1511.90,17919690.3,90268814.2,442313995
324.3,S,47,4317.13,1516.98,17919690.3,90268862.2,442314127
325.3,S,47,4324.28,1519.79,17919690.3,90269133.8,442314848
326.3,S,51,4338.26,1524.34,17919690.3,90269345.6,442315027
327.3,S,51,4354.99,1529.50,17919690.3,90269346.4,442315041
328.3,S,48,4368.81,1534.09,17919690.3,90269501.2,442315498
329.3,S,47,4378.13,1537.29,17919690.3,90269640.7,442315899
330.3,S,47,4391.89,1542.37,17919690.3,90269640.8,442315927
331.3,S,47,4404.36,1547.14,17919690.3,90269883.2,442316131
332.3,S,47,4416.58,1551.91,17919690.3,90269934.5,442316179
333.3,S,47,4429.31,1557.04,17919690.3,90269934.5,442316179
334.3,S,47,4440.83,1561.76,17919690.3,90270037.1,442316270
335.3,S,47,4453.57,1566.84,17919690.3,90270037.3,442316272
336.3,S,47,4465.47,1571.40,17919690.3,90270129.2,442316356
337.3,S,50,4481.36,1576.08,17919690.3,90270141.3,442316373
338.3,S,50,4496.98,1581.39,17919690.3,90270141.6,442316377
339.3,S,48,4509.00,1585.68,17919690.3,90270577.6,442316753
340.3,S,48,4521.72,1590.85,17919690.3,90270577.8,442316759
341.3,S,48,4534.27,1595.90,17919690.3,90270625.8,442317029
342.3,S,54,4548.82,1600.13,17919690.3,90270728.9,442317185
343.3,S,54,4568.66,1605.23,17919690.3,90270729.1,442317193
344.4,S,54,4585.01,1609.65,17919690.3,90270913.0,442317653
345.4,S,48,4597.35,1613.23,17919690.3,90271165.2,442318226
346.4,S,48,4610.40,1618.66,17919690.3,90271545.8,442318551
347.4,S,47,4622.97,1623.65,17919690.3,90271594.2,442318602
348.4,S,51,4633.19,1627.17,17919690.3,90271696.9,442318921
349.4,S,51,4649.98,1632.30,17919690.3,90271697.1,442318946
350.4,S,49,4666.10,1637.40,17919690.3,90271792.6,442319035
351.4,S,47,4678.56,1641.94,17919690.3,90271990.8,442319219
352.4,S,47,4692.10,1647.16,17919690.3,90272182.2,442319395
353.4,S,47,4704.92,1652.35,17919690.3,90272183.2,442319420
354.4,S,47,4713.59,1655.47,17919690.3,90272286.1,442319790
355.4,S,47,4726.37,1660.56,17919690.3,90272286.3,442319794
356.4,S,47,4738.48,1665.38,17919690.3,90272313.3,442319862
357.4,S,47,4749.23,1669.45,17919690.3,90272389.3,442320045
358.4,S,47,4762.21,1674.33,17919690.3,90272390.3,442320053
359.4,S,50,4774.76,1679.09,17919690.3,90272493.1,442320150
360.4,S,50,4790.88,1683.87,17919690.3,90272493.4,442320158
361.4,S,48,4805.99,1688.92,17919690.3,90272636.2,442320279
362.4,S,48,4816.19,1692.88,17919690.3,90272928.8,442320528
363.4,S,48,4828.92,1698.04,17919690.3,90272929.3,442320532
364.4,S,47,4841.35,1703.33,17919690.3,90272977.8,442320662
365.4,S,54,4855.96,1707.15,17919690.3,90273080.9,442320924
366.4,S,54,4876.01,1712.04,17919690.3,90273081.1,442320945
367.4,S,52,4892.81,1716.39,17919690.3,90273224.2,442321340
368.4,S,48,4906.17,1720.76,17919690.3,90273517.9,442321616
369.4,S,48,4919.79,1725.99,17919690.3,90273625.9,442321718
370.4,S,47,4932.12,1731.08,17919690.3,90273946.8,442321998
371.4,S,51,4943.53,1734.52,17919690.3,90274049.2,442322317
372.4,S,51,4960.55,1739.45,17919690.3,90274049.5,442322333
373.4,S,47,4975.37,1744.28,17919690.3,90274240.4,442322586
374.4,S,47,4988.05,1748.76,17919690.3,90274343.8,442322681
375.4,S,47,4999.93,1753.71,17919690.3,90274534.6,442323211
376.4,S,47,5011.56,1758.27,17919690.3,90274637.5,442323304
377.4,S,47,5024.25,1763.45,17919690.3,90274637.6,442323328
378.4,S,47,5036.93,1768.59,17919690.3,90274637.9,442323353
379.4,S,47,5045.44,1771.60,17919690.3,90274740.6,442323748
380.4,S,47,5058.31,1776.61,17919690.3,90274740.8,442323755
381.4,S,47,5070.88,1781.90,17919690.3,90274741.6,442323757
382.4,S,50,5084.80,1786.52,17919690.3,90274844.6,442323846
383.4,S,50,5100.41,1791.84,17919690.3,90274844.7,442323847
384.4,S,48,5114.50,1796.97,17919690.3,90274987.5,442323977
385.4,S,48,5125.25,1801.31,17919690.3,90275280.3,442324231
386.4,S,48,5137.95,1806.45,17919690.3,90275281.1,442324233
387.4,S,54,5151.24,1810.90,17919690.3,90275431.3,442324361
388.4,S,54,5171.14,1815.98,17919690.3,90275431.6,442324362
389.4,S,54,5189.11,1820.56,17919690.3,90275621.3,442324520
390.4,S,49,5204.52,1824.61,17919690.3,90275867.4,442324738
391.4,S,48,5218.21,1829.80,17919690.3,90275867.6,442324743
392.4,S,47,5228.72,1834.16,17919690.3,90276226.2,442325494
393.4,S,51,5240.91,1839.07,17919690.3,90276399.5,442325650
394.4,S,51,5257.39,1844.51,17919690.3,90276399.5,442325650
395.4,S,51,5273.50,1849.77,17919690.3,90276409.6,442325860
396.4,S,47,5284.82,1853.78,17919690.3,90276692.9,442326340
397.4,S,47,5298.39,1859.10,17919690.3,90276694.4,442326353
398.4,S,47,5311.99,1864.34,17919690.3,90276744.4,442326402
399.4,S,47,5323.33,1868.91,17919690.3,90276987.8,442326639
400.4,S,47,5336.03,1874.09,17919690.3,90276987.8,442326639
401.4,S,47,5348.58,1879.41,17919690.3,90276988.1,442326648
402.4,S,47,5357.99,1882.95,17919690.3,90277090.8,442326947
403.4,S,47,5370.71,1888.09,17919690.3,90277091.7,442326953
404.4,S,47,5380.21,1891.85,17919690.3,90277184.5,442327239
405.4,S,50,5395.83,1896.88,17919690.3,90277194.8,442327249
406.4,S,50,5411.65,1901.97,17919690.3,90277194.8,442327249
407.4,S,48,5423.75,1906.53,17919690.3,90277630.6,442327629
408.4,S,48,5436.50,1911.67,17919690.3,90277631.0,442327629
409.4,S,48,5448.82,1916.70,17919690.3,90277678.9,442327903
410.4,S,54,5462.82,1920.38,17919690.3,90277781.7,442328142
411.4,S,54,5482.80,1925.35,17919690.3,90277782.0,442328150
412.4,S,53,5501.15,1930.00,17919690.3,90277973.5,442328355
413.4,S,48,5514.99,1934.54,17919690.3,90278218.5,442328590
414.4,S,48,5527.91,1939.96,17919690.3,90278639.0,442328954
415.4,S,47,5540.61,1945.05,17919690.3,90278647.1,442328972
416.4,S,51,5553.81,1949.12,17919690.3,90278749.6,442329190
417.4,S,51,5570.51,1954.29,17919690.3,90278749.9,442329197
418.4,S,49,5585.43,1959.23,17919690.3,90278859.3,442329595
419.4,S,47,5596.74,1963.19,17919690.3,90279043.9,442329865
420.4,S,47,5609.96,1968.69,17919690.3,90279234.5,442330029
421.4,S,47,5620.99,1973.14,17919690.3,90279294.5,442330185
422.4,S,47,5632.33,1977.44,17919690.3,90279337.6,442330316
423.4,S,47,5645.15,1982.50,17919690.3,90279338.0,442330323
424.4,S,47,5656.72,1987.18,17919690.3,90279441.2,442330416
425.4,S,47,5669.36,1992.42,17919690.3,90279442.0,442330435
426.4,S,47,5682.18,1997.46,17919690.3,90279442.3,442330439
427.4,S,50,5693.64,2000.98,17919690.3,90279545.7,442330732
428.4,S,50,5709.33,2006.23,17919690.3,90279545.7,442330732
429.4,S,48,5723.32,2010.97,17919690.3,90279879.5,442331076
430.4,S,48,5734.97,2015.47,17919690.3,90279982.0,442331178
431.4,S,48,5747.57,2020.63,17919690.3,90280029.9,442331304
432.4,S,54,5757.21,2024.35,17919690.3,90280132.9,442331576
433.4,S,54,5777.13,2029.33,17919690.3,90280133.3,442331651
434.4,S,54,5797.22,2034.16,17919690.3,90280133.6,442331651
435.4,S,49,5810.21,2037.84,17919690.3,90280419.3,442332230
436.4,S,48,5823.11,2042.37,17919690.3,90280569.5,442332438
437.4,S,48,5835.50,2047.33,17919690.3,90280818.7,442333057
438.4,S,47,5845.91,2051.70,17919690.3,90280997.8,442333575
439.4,S,51,5860.83,2056.49,17919690.3,90281101.3,442333696
440.4,S,51,5877.51,2061.70,17919690.3,90281101.5,442333696
441.4,S,48,5891.13,2066.42,17919690.3,90281286.1,442334179
442.4,S,47,5897.58,2067.96,17919690.3,90281395.2,442334469
443.4,S,47,5905.68,2070.24,17919690.3,90281396.1,442334475
444.4,S,47,5917.17,2074.79,17919690.3,90281586.2,442334638
445.4,S,47,5929.95,2079.91,17919690.3,90281586.5,442334641
446.4,S,47,5941.53,2084.63,17919690.3,90281689.1,442334730
447.4,S,47,5954.19,2089.83,17919690.3,90281689.6,442334735
448.4,S,47,5965.63,2094.56,17919690.3,90281792.2,442334828
449.4,S,47,5978.35,2099.67,17919690.3,90281792.6,442334831
450.4,S,47,5991.30,2104.54,17919690.3,90281792.7,442334831
451.4,S,50,6002.58,2108.50,17919690.3,90281895.7,442335083
452.4,S,50,6018.08,2113.62,17919690.3,90281904.0,442335430
453.4,S,48,6031.33,2118.73,17919690.3,90282229.7,442335864
454.4,S,48,6041.37,2122.74,17919690.3,90282332.6,442336097
455.4,S,48,6054.05,2127.82,17919690.3,90282339.6,442336235
456.4,S,54,6065.29,2132.45,17919690.3,90282483.4,442336674
457.4,S,54,6085.16,2137.49,17919690.3,90282512.0,442336714
458.4,S,54,6105.06,2142.54,17919690.3,90282513.2,442336727
459.4,S,49,6121.74,2147.55,17919690.3,90282798.6,442337009
460.4,S,48,6133.74,2152.14,17919690.3,90283329.3,442337464
461.4,S,47,6144.52,2156.40,17919690.3,90283377.7,442337515
462.4,S,47,6151.88,2158.40,17919690.3,90283377.9,442337520
463.4,S,47,6159.18,2160.46,17919690.3,90283378.5,442337527
464.4,S,47,6166.42,2162.49,17919690.3,90283378.6,442337553
465.4,S,47,6173.66,2164.48,17919690.3,90283378.8,442337563
466.4,S,47,6180.91,2166.51,17919690.3,90283397.5,442337624
467.4,S,51,6185.69,2168.06,17919690.3,90283672.4,442338455
468.4,S,51,6201.54,2173.19,17919690.3,90283672.8,442338456
469.4,S,51,6216.81,2178.43,17919690.3,90283727.0,442338598
470.4,S,47,6223.13,2180.60,17919690.3,90283863.8,442339088
471.4,S,47,6230.97,2182.91,17919690.3,90283864.0,442339092
472.4,S,47,6237.50,2184.65,17919690.3,90283967.4,442339186
473.4,S,47,6243.59,2186.15,17919690.3,90283967.6,442339188
474.4,S,47,6249.60,2187.70,17919690.3,90283967.7,442339188
475.4,S,47,6255.69,2189.20,17919690.3,90283968.1,442339191
476.4,S,47,6261.77,2190.61,17919690.3,90283968.2,442339193
477.4,S,47,6267.69,2192.13,17919690.3,90283968.4,442339197
478.4,S,47,6273.87,2193.58,17919690.3,90283968.7,442339199
479.4,S,47,6279.95,2195.04,17919690.3,90283968.9,442339203
480.4,S,47,6286.03,2196.58,17919690.3,90283969.4,442339205
481.4,S,47,6292.07,2198.02,17919690.3,90283969.6,442339207
482.4,S,47,6299.94,2199.40,17919690.3,90284159.8,442339372
483.4,S,47,6308.67,2200.71,17919690.3,90284160.1,442339376
484.4,S,47,6317.14,2202.38,17919690.3,90284540.2,442339699
485.4,S,47,6323.99,2203.53,17919690.3,90284642.5,442339917
486.4,S,47,6332.66,2204.95,17919690.3,90284643.9,442339926
487.4,S,62,6346.63,2206.45,17919690.3,90284644.1,442339931
488.4,S,62,6370.37,2208.00,17919690.3,90284644.9,442339932
489.4,S,62,6393.65,2209.51,17919690.3,90284645.1,442339939
490.5,S,62,6417.20,2210.91,17919690.3,90284645.3,442339941
491.5,S,62,6437.95,2211.91,17919690.3,90284749.4,442340273
492.5,S,62,6461.34,2213.34,17919690.3,90284806.8,442340349
493.5,S,62,6484.54,2214.80,17919690.3,90284870.0,442340440
494.5,S,62,6509.39,2217.58,17919690.3,90284870.3,442340445
495.5,S,62,6536.56,2222.34,17919690.3,90284870.5,442340452
496.5,S,65,6564.35,2226.95,17919690.3,90284973.5,442340539
497.5,S,65,6594.17,2231.92,17919690.3,90285076.5,442340627
498.5,S,65,6623.75,2236.65,17919690.3,90285288.0,442340817
499.5,S,64,6647.60,2240.78,17919690.3,90286450.4,442341800
500.5,S,63,6671.89,2244.71,17919690.3,90286996.8,442342267
501.5,S,63,6699.88,2249.56,17919690.3,90286997.1,442342268
502.5,S,62,6728.15,2254.08,17919690.3,90287088.8,442342360
503.5,S,62,6756.53,2258.57,17919690.3,90287089.4,442342374
504.5,S,69,6779.79,2261.11,17919690.3,90287192.1,442342816
505.5,S,69,6807.02,2263.00,17919690.3,90287450.0,442343142
506.5,S,69,6836.35,2264.74,17919690.3,90287450.1,442343150
507.5,S,69,6865.26,2266.41,17919690.3,90287545.5,442343381
508.5,S,65,6886.50,2267.69,17919690.3,90287784.0,442344150
509.5,S,63,6912.02,2269.07,17919690.3,90287784.0,442344150
510.5,S,62,6935.94,2270.38,17919690.3,90287960.6,442344424
511.5,S,62,6954.97,2271.38,17919690.3,90288604.7,442345061
512.5,S,66,6974.67,2272.46,17919690.3,90289609.2,442345917
513.5,S,66,6998.42,2273.24,17919690.3,90289609.9,442345917
514.5,S,66,7022.06,2273.98,17919690.3,90289663.6,442346050
515.5,S,64,7042.54,2274.72,17919690.3,90289886.5,442346675
516.5,S,62,7062.47,2275.40,17919690.3,90290124.8,442346878
517.5,S,62,7081.84,2276.21,17919690.3,90290378.5,442347638
518.5,S,62,7101.80,2276.85,17919690.3,90290378.9,442347644
519.5,S,62,7121.76,2277.45,17919690.3,90290379.5,442347648
520.5,S,62,7141.75,2278.03,17919690.3,90290380.0,442347653
521.5,S,62,7160.38,2278.87,17919690.3,90290683.4,442348203
522.5,S,62,7177.24,2279.93,17919690.3,90291539.3,442348922
523.5,S,62,7196.54,2280.78,17919690.3,90292054.6,442349359
524.5,S,62,7216.49,2281.41,17919690.3,90292054.8,442349363
525.5,S,62,7236.24,2282.17,17919690.3,90292184.5,442349651
526.5,S,62,7256.14,2282.86,17919690.3,90292184.8,442349660
527.5,S,62,7275.77,2283.56,17919690.3,90292434.4,442350112
528.5,S,62,7295.00,2284.48,17919690.3,90292730.7,442350495
529.5,S,62,7314.89,2285.37,17919690.3,90292730.9,442350501
530.5,S,62,7334.83,2286.28,17919690.3,90292731.3,442350507
531.5,S,62,7353.51,2287.00,17919690.3,90292840.7,442350636
532.5,S,62,7367.20,2287.99,17919690.3,90293538.9,442351547
533.5,S,62,7384.63,2288.89,17919690.3,90294116.2,442352110
534.5,S,62,7402.71,2289.81,17919690.3,90294775.6,442352664
535.5,S,62,7425.84,2291.26,17919690.3,90294890.8,442352813
536.5,S,62,7449.09,2292.77,17919690.3,90294975.0,442352979
537.5,S,62,7472.64,2294.23,17919690.3,90294975.4,442352981
538.5,S,62,7495.94,2295.66,17919690.3,90295178.2,442353207
539.5,S,62,7519.05,2297.21,17919690.3,90295407.4,442353415
540.5,S,62,7544.86,2300.56,17919690.3,90295407.7,442353423
541.5,S,62,7572.16,2305.17,17919690.3,90295408.1,442353423
542.5,S,62,7599.64,2309.60,17919690.3,90295408.7,442353475
543.5,S,62,7625.20,2314.13,17919690.3,90295712.6,442354170
544.5,S,62,7651.36,2319.06,17919690.3,90296186.1,442354599
545.5,S,62,7677.09,2323.90,17919690.3,90296679.9,442355138
546.5,S,62,7703.34,2328.73,17919690.3,90297067.7,442355466
547.5,S,62,7730.24,2333.28,17919690.3,90297087.1,442355511
548.5,S,61,7756.69,2338.08,17919690.3,90297262.1,442355904
549.5,S,61,7782.85,2342.88,17919690.3,90297262.5,442355911
550.5,S,64,7807.26,2347.01,17919690.3,90297494.2,442356491
551.5,S,64,7836.38,2351.62,17919690.3,90297623.5,442356639
552.5,S,64,7865.36,2356.42,17919690.3,90297752.5,442356780
553.5,S,64,7894.27,2361.28,17919690.3,90297927.8,442356967
554.5,S,62,7920.69,2365.73,17919690.3,90298078.4,442357146
555.5,S,62,7942.55,2369.72,17919690.3,90298336.2,442357807
556.5,S,62,7969.39,2374.52,17919690.3,90298368.5,442358086
557.5,S,61,7996.06,2379.31,17919690.3,90298565.0,442358344
558.5,S,68,8021.92,2383.45,17919690.3,90299034.7,442358746
559.5,S,65,8050.03,2387.11,17919690.3,90299548.6,442359222
560.5,S,60,8075.98,2391.80,17919690.3,90300035.9,442359630
561.5,S,54,8098.27,2396.63,17919690.3,90300443.7,442360017
562.5,S,48,8112.14,2401.32,17919690.3,90300658.7,442360228
563.5,S,48,8125.81,2406.56,17919690.3,90300658.9,442360236
564.5,S,47,8135.31,2409.39,17919690.3,90300707.0,442360347
565.5,S,47,8141.54,2410.52,17919690.3,90300707.3,442360357
566.5,S,47,8147.71,2411.70,17919690.3,90300707.5,442360391
567.5,S,121,8164.73,2413.71,17919690.3,90300815.1,442360485
568.5,S,195,8200.02,2414.44,17919690.3,90300816.3,442360493
569.5,S,195,8235.55,2414.89,17919690.3,90300817.1,442360497
570.5,S,195,8271.25,2415.32,17919690.3,90300817.4,442360548
571.5,S,195,8306.88,2415.69,17919690.3,90300817.6,442360556
572.5,S,194,8342.33,2416.11,17919690.3,90300829.4,442360579
573.5,S,194,8377.99,2416.50,17919690.3,90300829.7,442360582
574.5,S,194,8413.59,2416.90,17919690.3,90300830.0,442360597
575.5,S,194,8449.17,2417.31,17919690.3,90300830.5,442360601
576.5,S,194,8485.04,2417.72,17919690.3,90300830.8,442360607
577.5,S,194,8520.65,2418.13,17919690.3,90300831.1,442360613
578.5,S,194,8556.12,2418.52,17919690.3,90300831.5,442360621
579.5,S,194,8591.39,2418.93,17919690.3,90300831.9,442360628
580.5,S,194,8626.92,2419.32,17919690.3,90300832.3,442360633
581.6,S,194,8662.55,2419.73,17919690.3,90300833.0,442360638
582.6,S,193,8697.71,2420.14,17919690.3,90301228.3,442361220
583.6,S,192,8733.46,2420.57,17919690.3,90301427.4,442361412
584.6,S,191,8769.22,2420.96,17919690.3,90301781.6,442361723
585.6,S,190,8804.54,2421.41,17919690.3,90302810.3,442362590
586.6,S,189,8839.72,2421.82,17919690.3,90303967.9,442363561
587.6,S,189,8875.15,2422.23,17919690.3,90305096.3,442364525
588.6,S,188,8910.45,2422.66,17919690.3,90306236.9,442365487
589.6,S,188,8945.90,2423.08,17919690.3,90307398.3,442366468
590.6,S,188,8981.45,2423.48,17919690.3,90307837.4,442366845
591.6,S,185,9017.11,2423.89,17919690.3,90307878.8,442366896
592.6,S,181,9052.63,2424.34,17919690.3,90308039.0,442367158
593.6,S,174,9088.54,2424.80,17919690.3,90308163.2,442367401
594.6,S,166,9123.99,2425.28,17919690.3,90308386.7,442367683
595.6,S,157,9159.40,2425.80,17919690.3,90308850.4,442368151
596.6,S,147,9194.55,2426.39,17919690.3,90309280.0,442368569
597.6,S,137,9229.77,2426.94,17919690.3,90309740.9,442368977
598.6,S,125,9264.97,2427.51,17919690.3,90310358.4,442369509
599.6,S,116,9299.95,2428.13,17919690.3,90311082.4,442370129
600.6,S,105,9335.20,2428.67,17919690.3,90311513.7,442370502
601.6,S,103,9370.79,2429.13,17919690.3,90311584.2,442370584
602.6,S,100,9406.08,2429.59,17919690.3,90311691.1,442370785
603.6,S,88,9441.33,2430.12,17919690.9,90312145.5,442371206
604.6,S,75,9474.62,2430.82,17919702.0,90312664.4,442371707
605.6,S,62,9499.84,2432.12,17919710.5,90313492.4,442372443
606.6,S,51,9511.85,2434.27,17919711.4,90313877.1,442372788
607.6,S,51,9523.99,2435.98,17919711.4,90314015.8,442372914
608.6,S,47,9533.72,2438.43,17919711.4,90314069.4,442372963
609.6,S,47,9543.67,2440.01,17919711.4,90314071.0,442372965
610.6,S,47,9553.44,2441.61,17919711.4,90314071.2,442372976
611.6,S,47,9563.18,2443.08,17919711.4,90314071.3,442372983
612.6,S,47,9572.68,2444.31,17919711.4,90314103.1,442373028
613.6,S,47,9582.30,2445.80,17919711.4,90314103.3,442373030
614.6,S,47,9592.03,2447.25,17919711.4,90314103.5,442373040
615.6,S,47,9601.92,2448.62,17919711.4,90314104.0,442373046
616.6,S,47,9610.74,2450.34,17919711.4,90314480.6,442373379
617.6,S,47,9619.55,2452.75,17919711.4,90314481.6,442373381
618.6,S,47,9628.02,2454.81,17919711.4,90314641.1,442373522
619.6,S,62,9643.41,2456.33,17919711.4,90314686.2,442373596
620.7,S,62,9667.04,2457.89,17919711.4,90314687.1,442373606
621.7,S,62,9690.52,2459.27,17919711.4,90314687.6,442373611
622.7,S,62,9713.95,2460.74,17919711.4,90314687.9,442373614
623.7,S,62,9740.06,2464.48,17919711.4,90314689.0,442373617
624.7,S,62,9766.15,2468.84,17919711.4,90314850.1,442373878
625.7,S,62,9793.15,2473.73,17919711.4,90314850.4,442373904
626.7,S,62,9820.38,2478.43,17919711.4,90314850.9,442373920
627.7,S,62,9847.06,2483.05,17919711.4,90314861.0,442373967
628.7,S,65,9872.17,2486.65,17919711.4,90315083.0,442374500
629.7,S,65,9901.62,2491.77,17919711.4,90315270.6,442374824
630.7,S,62,9923.08,2495.78,17919711.4,90315832.5,442375728
631.7,S,59,9934.46,2498.69,17919711.4,90317067.2,442376776
632.7,S,48,9951.77,2503.07,17919711.4,90317290.0,442377033
633.7,S,57,9970.74,2507.95,17919711.4,90317319.6,442377219
634.7,S,56,9994.60,2512.94,17919711.4,90317367.3,442377271
635.7,S,56,10017.51,2518.45,17919711.4,90317368.1,442377278
636.7,S,63,10042.44,2522.39,17919711.4,90317471.0,442377496
637.7,S,62,10071.32,2527.40,17919711.4,90317588.7,442377714
638.7,S,60,10097.90,2531.99,17919711.4,90317703.2,442377928
639.7,S,50,10112.38,2535.95,17919711.4,90318541.1,442378659
640.7,S,53,10129.43,2540.52,17919711.4,90318646.9,442378755
641.7,S,53,10147.27,2545.64,17919711.4,90318647.3,442378767
642.7,S,52,10165.04,2550.82,17919711.4,90318695.7,442378908
643.7,S,56,10179.74,2554.04,17919711.4,90318798.9,442379302
644.7,S,52,10198.40,2559.05,17919711.4,90319057.8,442379653
645.7,S,49,10214.77,2564.21,17919711.4,90319331.0,442379897
646.7,S,47,10226.34,2568.83,17919711.4,90319481.7,442380027
647.7,S,47,10239.20,2573.81,17919711.4,90319482.6,442380050
648.7,S,47,10251.92,2578.95,17919711.4,90319482.8,442380058
649.7,S,47,10261.91,2582.78,17919711.4,90319586.1,442380306
650.7,S,47,10274.66,2587.91,17919711.4,90319586.4,442380311
651.7,S,47,10286.25,2592.50,17919711.4,90319689.2,442380423
652.7,S,47,10299.03,2597.63,17919711.4,90319689.4,442380430
653.7,S,47,10311.65,2602.86,17919711.4,90319689.9,442380430
654.7,S,50,10321.52,2606.08,17919711.4,90319792.6,442380789
655.7,S,50,10337.38,2611.18,17919711.4,90319793.0,442380793
656.7,S,48,10352.22,2616.27,17919711.4,90319936.2,442380960
657.7,S,48,10364.02,2620.53,17919711.4,90320229.2,442381214
658.7,S,48,10376.86,2625.56,17919711.4,90320229.7,442381217
659.7,S,47,10389.46,2630.68,17919711.4,90320277.4,442381316
660.7,S,54,10406.36,2634.89,17919711.4,90320380.3,442381465
661.7,S,54,10426.49,2639.71,17919711.4,90320380.7,442381471
662.7,S,53,10437.40,2642.76,17919711.4,90320666.8,442382114
663.7,S,48,10450.60,2647.51,17919711.4,90320817.3,442382257
664.7,S,48,10463.60,2652.72,17919711.4,90321197.9,442382590
665.7,S,47,10476.18,2657.88,17919711.4,90321246.1,442382679
666.7,S,51,10486.43,2661.15,17919711.4,90321348.9,442383062
667.7,S,51,10503.22,2666.30,17919711.4,90321349.7,442383070
668.7,S,48,10518.88,2671.42,17919711.4,90321492.7,442383202
669.7,S,47,10531.22,2676.10,17919711.4,90321643.7,442383343
670.7,S,47,10544.83,2681.37,17919711.4,90321662.1,442383375
671.7,S,47,10555.94,2686.02,17919711.4,90321834.2,442383825
672.7,S,47,10566.65,2690.17,17919711.4,90321937.1,442384004
673.7,S,47,10579.28,2695.44,17919711.4,90321937.8,442384004
674.7,S,47,10589.70,2699.49,17919711.4,90322029.6,442384221
675.7,S,47,10601.56,2704.02,17919711.4,90322040.8,442384301
676.7,S,47,10614.37,2709.03,17919711.4,90322041.4,442384308
677.7,S,50,10627.61,2713.40,17919711.4,90322144.0,442384402
678.7,S,50,10643.45,2718.50,17919711.4,90322144.2,442384412
679.7,S,49,10656.20,2722.77,17919711.4,90322287.0,442384749
680.7,S,48,10665.83,2726.34,17919711.4,90322580.0,442385217
681.7,S,48,10678.70,2731.29,17919711.4,90322580.3,442385236
682.7,S,47,10691.26,2736.40,17919711.4,90322628.3,442385337
683.7,S,54,10703.30,2739.22,17919711.4,90322731.3,442385725
684.7,S,54,10723.70,2743.69,17919711.4,90322731.8,442385726
685.7,S,49,10740.98,2748.00,17919711.4,90323017.6,442385996
686.7,S,48,10753.72,2752.80,17919711.4,90323197.1,442386161
687.7,S,48,10767.45,2757.92,17919711.4,90323197.4,442386164
688.7,S,47,10779.26,2762.63,17919711.4,90323575.8,442387078
689.7,S,51,10792.22,2766.45,17919711.4,90323729.7,442387337
690.7,S,51,10809.08,2771.48,17919711.4,90323729.7,442387337
691.7,S,49,10823.91,2776.29,17919711.4,90323906.5,442387692
692.7,S,47,10832.80,2779.21,17919711.4,90324023.1,442388106
693.7,S,47,10846.69,2784.18,17919711.4,90324023.6,442388114
694.7,S,47,10857.96,2788.59,17919711.4,90324252.7,442388563
695.8,S,47,10868.59,2792.71,17919711.4,90324317.2,442388759
696.8,S,47,10881.26,2797.86,17919711.4,90324317.4,442388769
697.8,S,47,10891.72,2801.67,17919711.4,90324420.5,442388986
698.8,S,47,10904.63,2806.62,17919711.4,90324420.5,442388986
699.8,S,47,10917.33,2811.74,17919711.4,90324420.9,442388987
700.8,S,50,10931.27,2816.41,17919711.4,90324524.0,442389079
701.8,S,50,10947.00,2821.62,17919711.4,90324524.1,442389084
702.8,S,48,10960.60,2826.65,17919711.4,90324667.3,442389573
703.8,S,48,10972.35,2830.97,17919711.4,90324960.4,442389941
704.8,S,48,10985.02,2836.17,17919711.4,90324963.0,442389953
705.8,S,47,10994.78,2839.94,17919711.4,90325073.4,442390295
706.8,S,54,11012.38,2844.16,17919711.4,90325111.9,442390424
707.8,S,54,11032.26,2849.21,17919711.4,90325112.3,442390479
708.8,S,49,11048.94,2853.80,17919711.4,90325445.6,442390847
709.8,S,48,11061.30,2858.45,17919711.4,90325548.4,442390966
710.8,S,48,11074.98,2863.64,17919711.4,90325549.1,442390974
711.8,S,51,11086.22,2868.33,17919711.4,90326080.5,442391467
712.8,S,51,11103.03,2873.44,17919711.4,90326080.8,442391470
713.8,S,51,11119.82,2878.59,17919711.4,90326092.6,442391518
714.8,S,48,11132.16,2882.81,17919711.4,90326320.4,442391978
715.8,S,47,11145.29,2887.66,17919711.4,90326374.9,442392029
716.8,S,47,11159.03,2892.81,17919711.4,90326376.5,442392058
717.8,S,47,11169.10,2896.69,17919711.4,90326669.7,442392768
718.8,S,47,11181.91,2901.77,17919711.4,90326669.8,442392791
719.8,S,47,11194.56,2907.01,17919711.4,90326670.4,442392794
720.8,S,47,11204.49,2910.71,17919711.4,90326772.9,442393045
721.8,S,47,11217.21,2915.89,17919711.5,90326773.5,442393059
722.8,S,47,11229.98,2920.98,17919711.5,90326774.4,442393067
723.8,S,50,11244.26,2925.69,17919711.5,90326877.3,442393160
724.8,S,50,11259.90,2930.97,17919711.5,90326877.4,442393168
725.8,S,48,11273.26,2935.81,17919711.5,90327131.6,442393598
726.8,S,48,11284.69,2940.13,17919711.5,90327313.4,442393756
727.8,S,48,11297.12,2945.17,17919711.5,90327358.8,442394135
728.8,S,54,11308.22,2949.19,17919711.5,90327465.2,442394393
729.8,S,54,11327.97,2954.36,17919711.5,90327465.5,442394399
730.8,S,54,11347.01,2959.25,17919711.5,90327624.9,442394539
731.8,S,48,11361.00,2963.73,17919711.5,90327901.9,442394780
732.8,S,48,11374.91,2968.70,17919711.5,90327902.3,442394785
733.8,S,48,11388.56,2973.84,17919711.5,90327941.7,442394934
734.8,S,51,11396.86,2977.04,17919711.5,90328433.7,442395731
735.8,S,51,11413.49,2982.62,17919711.5,90328434.3,442395733
736.8,S,51,11429.70,2987.90,17919711.5,90328503.9,442395851
737.9,S,47,11442.56,2992.61,17919711.5,90328727.7,442396153
738.9,S,47,11456.55,2997.44,17919711.5,90328728.3,442396205
739.9,S,47,11470.35,3002.48,17919711.5,90328729.0,442396232
740.9,S,47,11480.55,3006.21,17919711.5,90329022.1,442396489
741.9,S,47,11493.33,3011.28,17919711.5,90329022.4,442396498
742.9,S,47,11506.13,3016.35,17919711.5,90329022.6,442396506
743.9,S,47,11514.65,3019.69,17919711.5,90329125.4,442396871
744.9,S,47,11527.31,3024.84,17919711.5,90329125.9,442396888
745.9,S,50,11539.22,3029.46,17919711.5,90329228.8,442396989
746.9,S,50,11555.08,3034.51,17919711.5,90329229.0,442397007
747.9,S,50,11570.67,3039.58,17919711.5,90329236.0,442397133
748.9,S,48,11579.26,3042.69,17919711.5,90329664.7,442397998
749.9,S,48,11592.03,3047.77,17919711.5,90329665.1,442397999
750.9,S,48,11604.84,3052.82,17919711.5,90329665.3,442398006
751.9,S,47,11615.62,3057.23,17919711.5,90329816.2,442398307
752.9,S,47,11628.37,3062.36,17919711.5,90329816.4,442398314
753.9,S,47,11639.67,3066.83,17919711.5,90329822.6,442398444
754.9,S,55,11655.98,3070.41,17919711.5,90329920.1,442398689
755.9,S,55,11677.00,3075.31,17919711.5,90329920.3,442398690
756.9,S,55,11689.55,3078.63,17919711.5,90330169.7,442399392
757.9,S,51,11699.75,3081.70,17919711.5,90330756.8,442400130
758.9,S,51,11715.31,3086.52,17919711.5,90330785.6,442400161
759.9,S,51,11730.45,3091.62,17919711.5,90330802.3,442400568
760.9,S,51,11739.23,3095.07,17919711.5,90330838.7,442401569
761.9,S,47,11745.18,3097.12,17919711.5,90331080.0,442402086
762.9,S,47,11757.86,3102.26,17919711.5,90331080.8,442402087
763.9,S,47,11769.65,3107.44,17919711.5,90331271.1,442402284
764.9,S,47,11780.39,3112.01,17919711.5,90331374.1,442402378
765.9,S,47,11792.16,3117.08,17919711.5,90331374.2,442402404
766.9,S,47,11801.46,3121.16,17919711.5,90331477.4,442402605
767.9,S,47,11813.09,3126.40,17919711.5,90331478.2,442402610
768.9,S,47,11824.90,3131.41,17919711.5,90331478.4,442402616
769.9,S,50,11835.67,3134.86,17919711.5,90331581.2,442402907
770.9,S,50,11850.68,3139.75,17919711.5,90331581.4,442402921
771.9,S,48,11862.74,3144.31,17919711.5,90331790.6,442403227
772.9,S,48,11873.97,3148.52,17919711.5,90332139.6,442404193
773.9,S,47,11886.03,3153.27,17919714.2,90332319.6,442404476
774.9,S,54,11900.26,3158.43,17919716.0,90332333.3,442404498
775.9,S,54,11919.83,3163.27,17919716.0,90332458.4,442404649
776.9,S,54,11939.81,3168.17,17919716.0,90332502.4,442404710
777.9,S,49,11955.94,3172.70,17919716.0,90332811.7,442404985
778.9,S,48,11969.63,3177.91,17919716.0,90332839.6,442405015
779.9,S,47,11983.21,3183.02,17919716.0,90332887.7,442405176
780.9,S,51,11997.04,3187.62,17919716.0,90332934.1,442405304
781.9,S,51,12015.02,3192.59,17919716.0,90332934.4,442405312
782.9,S,48,12032.01,3197.56,17919716.0,90333077.8,442405464
783.9,S,47,12043.39,3201.26,17919716.0,90333196.6,442405744
784.9,S,47,12058.15,3206.44,17919716.0,90333196.7,442405748
785.9,S,47,12072.75,3211.79,17919716.0,90333196.9,442405793
786.9,S,47,12084.96,3216.34,17919716.0,90333462.9,442406067
787.9,S,47,12098.50,3221.72,17919716.0,90333463.1,442406117
788.9,S,47,12112.25,3226.86,17919716.0,90333463.4,442406126
789.9,S,47,12122.55,3230.65,17919716.0,90333566.3,442406419
791.0,S,47,12136.28,3235.80,17919716.0,90333566.5,442406424
792.0,S,47,12150.11,3240.85,17919716.0,90333567.0,442406426
793.0,S,50,12162.92,3245.13,17919716.0,90333669.7,442406660
794.0,S,50,12179.43,3250.53,17919716.0,90333669.9,442406685
795.0,S,48,12195.08,3255.85,17919716.0,90333765.2,442406767
796.0,S,48,12203.80,3259.14,17919716.0,90334436.1,442407347
797.0,S,48,12216.54,3264.28,17919716.0,90334436.9,442407360
798.0,S,47,12228.98,3269.53,17919716.0,90334485.1,442407464
799.0,S,54,12241.60,3273.19,17919716.0,90334587.9,442407777
800.0,S,54,12261.63,3278.07,17919716.0,90334588.0,442407786
801.0,S,54,12279.45,3282.75,17919716.0,90334743.4,442408138
802.0,S,50,12289.18,3285.64,17919716.0,90335025.1,442408868
803.0,S,48,12302.66,3290.74,17919716.0,90335382.6,442409173
804.0,S,47,12314.94,3296.04,17919716.0,90335453.5,442409239
805.0,S,51,12328.19,3300.74,17919716.0,90335556.1,442409332
806.0,S,51,12344.93,3305.94,17919716.0,90335556.3,442409350
807.0,S,51,12360.48,3311.15,17919716.0,90335633.2,442409728
808.0,S,47,12372.38,3315.42,17919716.0,90335851.4,442410125
809.0,S,47,12385.50,3321.03,17919716.0,90336041.6,442410296
810.0,S,47,12398.41,3326.09,17919716.0,90336042.2,442410297
811.0,S,47,12409.97,3330.74,17919716.0,90336145.1,442410398
812.0,S,47,12422.63,3335.94,17919716.0,90336145.3,442410406
813.0,S,47,12432.78,3339.95,17919716.0,90336248.8,442410627
814.0,S,47,12445.84,3344.74,17919716.0,90336249.1,442410632
815.0,S,47,12458.61,3349.82,17919716.0,90336249.2,442410633
816.0,S,50,12468.60,3353.10,17919716.0,90336352.0,442410989
817.0,S,50,12484.30,3358.31,17919716.0,90336352.3,442410997
818.0,S,48,12499.05,3363.46,17919716.0,90336447.8,442411141
819.0,S,48,12509.96,3367.54,17919716.0,90336789.2,442411477
820.0,S,48,12522.69,3372.67,17919716.0,90336789.3,442411481
821.0,S,47,12534.34,3377.53,17919716.0,90336862.4,442411763
822.0,S,54,12550.25,3381.52,17919716.0,90336940.1,442412000
823.0,S,54,12570.17,3386.53,17919716.0,90336940.3,442412021
824.0,S,51,12587.97,3391.27,17919716.0,90337182.4,442412355
825.0,S,48,12600.61,3395.49,17919716.0,90337377.1,442412530
826.0,S,47,12614.09,3400.49,17919716.0,90337458.5,442412787
827.0,S,47,12624.34,3405.14,17919716.0,90337805.8,442413417
828.0,S,51,12639.74,3409.68,17919716.0,90337908.5,442413515
829.0,S,51,12656.57,3414.74,17919716.0,90337909.5,442413528
830.0,S,48,12670.28,3419.45,17919716.0,90338174.0,442413761
831.0,S,47,12683.73,3424.31,17919716.0,90338203.1,442413796
832.0,S,47,12697.52,3429.40,17919716.0,90338203.5,442413846
833.0,S,47,12708.20,3433.64,17919716.0,90338496.7,442414340
834.0,S,47,12721.06,3438.65,17919716.0,90338496.8,442414345
835.0,S,47,12733.88,3443.71,17919716.0,90338497.6,442414352
836.0,S,47,12743.90,3447.28,17919716.0,90338600.7,442414616
837.0,S,47,12756.66,3452.40,17919716.0,90338601.1,442414624
838.0,S,50,12768.31,3456.99,17919716.0,90338703.7,442414721
839.0,S,50,12783.81,3462.39,17919716.0,90338704.0,442414727
840.0,S,50,12799.32,3467.78,17919716.0,90338704.1,442414728
841.0,S,48,12810.88,3472.06,17919716.0,90338950.6,442415327
842.0,S,48,12824.01,3477.16,17919716.0,90339140.9,442415582
843.0,S,47,12836.80,3482.14,17919716.0,90339188.9,442415631
844.0,S,54,12851.64,3486.77,17919716.0,90339291.8,442415725
845.0,S,54,12871.52,3491.82,17919716.0,90339291.8,442415733
846.0,S,53,12888.43,3496.44,17919716.0,90339460.4,442416152
847.0,S,48,12899.08,3500.08,17919716.0,90339726.9,442416799
848.0,S,48,12912.58,3505.34,17919716.0,90339729.1,442416801
849.0,S,48,12926.34,3510.47,17919716.0,90339729.2,442416801
850.0,S,47,12934.05,3513.40,17919716.0,90340054.7,442417585
851.0,S,51,12944.29,3516.88,17919716.0,90340260.3,442417985
852.0,S,51,12961.26,3521.82,17919716.0,90340260.6,442417985
853.0,S,48,12975.60,3526.55,17919716.0,90340407.4,442418358
854.0,S,47,12984.91,3529.61,17919716.0,90340554.7,442418863
855.0,S,47,12998.56,3534.72,17919716.0,90340649.7,442418952
856.0,S,47,13011.24,3539.87,17919716.0,90340745.1,442419033
857.0,S,47,13021.13,3543.63,17919716.0,90340847.8,442419286
858.0,S,47,13033.72,3548.93,17919716.0,90340849.0,442419290
859.0,S,47,13044.84,3553.50,17919716.0,90340951.9,442419417
860.0,S,47,13057.83,3558.33,17919716.0,90340952.1,442419418
861.0,S,47,13070.58,3563.39,17919716.0,90340952.1,442419427
862.0,S,50,13080.09,3566.63,17919716.0,90341054.9,442419811
863.0,S,50,13095.78,3571.85,17919716.0,90341055.7,442419819
864.0,S,50,13110.06,3576.74,17919716.0,90341168.2,442420161
865.2,S,48,13120.25,3580.63,17919716.0,90341491.4,442420945
866.2,S,48,13133.09,3585.65,17919716.0,90341491.9,442420952
867.2,S,48,13145.38,3590.66,17919716.0,90341512.9,442421527
868.2,S,48,13146.56,3590.97,17919716.0,90341552.1,442422528
869.5,S,47,13147.63,3591.01,17919716.0,90341602.2,442423815
870.5,S,47,13147.88,3591.03,17919716.0,90341637.8,442424815
871.5,S,47,13159.75,3595.62,17919716.0,90341643.0,442424876
872.5,S,47,13172.38,3600.87,17919716.0,90341643.2,442424885
873.5,S,55,13184.38,3604.56,17919716.0,90341876.1,442425475
874.5,S,55,13203.91,3609.89,17919716.0,90342127.8,442426038
875.5,S,55,13222.14,3614.71,17919716.0,90342223.5,442426257
876.5,S,52,13235.71,3618.67,17919716.0,90342461.5,442426840
877.5,S,51,13250.39,3623.34,17919716.0,90342612.2,442426972
878.5,S,49,13265.57,3628.60,17919716.0,90342707.6,442427174
879.5,S,47,13277.06,3633.16,17919716.0,90342855.3,442427559
880.5,S,47,13288.71,3637.86,17919716.0,90342906.7,442427638
881.5,S,47,13301.39,3643.02,17919716.0,90342906.9,442427648
882.5,S,47,13307.92,3645.65,17919716.0,90343052.2,442428176
883.5,S,47,13318.53,3650.34,17919716.0,90343200.0,442428569
884.5,S,47,13330.28,3655.44,17919716.0,90343200.2,442428571
885.5,S,47,13336.08,3657.74,17919716.0,90343211.6,442429125
886.5,S,47,13337.07,3657.75,17919716.0,90343225.3,442430126
887.5,S,47,13338.05,3657.78,17919716.0,90343238.4,442431126
888.5,S,47,13339.04,3657.80,17919716.0,90343251.1,442432127
889.5,S,47,13343.12,3659.29,17919716.0,90343304.1,442432840
890.5,S,47,13354.77,3664.52,17919716.0,90343304.6,442432844
891.5,S,47,13366.59,3669.59,17919716.0,90343304.9,442432895
892.5,S,50,13379.61,3674.09,17919716.0,90343408.1,442433007
893.5,S,50,13394.49,3679.08,17919716.0,90343408.1,442433007
894.5,S,48,13404.91,3683.13,17919716.0,90343576.6,442433525
895.5,S,48,13414.40,3686.72,17919716.0,90343654.2,442433822
896.5,S,48,13426.94,3691.86,17919716.0,90343702.2,442433979
897.5,S,54,13436.75,3695.68,17919716.0,90343805.5,442434247
898.5,S,54,13456.48,3700.87,17919716.0,90343805.7,442434249
899.5,S,54,13476.65,3705.58,17919716.0,90343805.8,442434276
900.5,S,50,13493.10,3709.83,17919716.0,90344205.5,442434614
901.5,S,48,13506.95,3715.12,17919716.0,90344242.4,442434652
902.5,S,48,13520.48,3720.46,17919716.0,90344242.6,442434653
903.5,S,51,13531.14,3723.92,17919716.0,90344393.5,442435132
904.5,S,51,13548.91,3729.08,17919716.0,90344393.5,442435132
905.5,S,51,13566.47,3734.29,17919716.0,90344400.0,442435248
906.5,S,47,13580.24,3738.99,17919716.0,90344661.1,442435533
907.6,S,47,13594.15,3744.19,17919716.0,90344878.2,442435718
908.6,S,47,13607.51,3749.70,17919716.0,90344878.7,442435728
909.6,S,47,13618.64,3753.58,17919716.0,90344981.5,442435975
910.6,S,47,13632.25,3758.65,17919716.0,90345271.4,442436722
911.6,S,47,13645.90,3763.86,17919716.0,90345498.2,442436941
912.6,S,47,13656.77,3767.61,17919716.0,90345601.1,442437204
913.6,S,47,13670.62,3772.62,17919716.0,90345601.2,442437208
914.6,S,47,13683.46,3777.85,17919716.0,90345684.0,442437367
915.6,S,50,13696.71,3782.86,17919716.0,90345786.9,442437475
916.6,S,50,13712.31,3788.13,17919716.0,90345787.6,442437480
917.6,S,48,13724.55,3792.48,17919716.0,90345930.7,442437852
918.6,S,48,13736.32,3796.87,17919716.0,90346038.7,442438021
919.6,S,48,13749.00,3802.09,17919716.0,90346224.0,442438178
920.6,S,47,13761.26,3807.07,17919716.0,90346303.4,442438260
921.6,S,54,13779.84,3811.72,17919716.0,90346375.3,442438327
922.6,S,54,13799.81,3816.70,17919716.0,90346375.8,442438352
923.6,S,51,13814.38,3820.93,17919716.0,90346657.0,442439069
924.6,S,48,13827.71,3825.41,17919716.0,90346812.0,442439208
925.6,S,47,13841.41,3830.52,17919716.0,90346860.1,442439259
926.6,S,47,13853.54,3835.51,17919716.0,90347240.4,442439703
927.6,S,51,13868.85,3840.00,17919716.0,90347343.9,442439796
928.6,S,51,13885.82,3844.92,17919716.0,90347344.4,442439802
929.6,S,48,13898.75,3849.12,17919716.0,90347637.8,442440515
930.6,S,47,13912.51,3854.16,17919716.0,90347638.0,442440516
931.6,S,47,13926.36,3859.20,17919716.0,90347638.7,442440525
932.6,S,47,13937.91,3864.11,17919716.0,90347931.8,442440788
933.6,S,47,13950.74,3869.09,17919716.0,90347932.3,442440796
934.6,S,47,13963.63,3873.87,17919716.0,90347938.6,442440813
935.6,S,47,13973.28,3877.53,17919716.0,90348035.4,442441092
936.6,S,47,13986.07,3882.59,17919716.0,90348036.0,442441095
937.6,S,50,13998.27,3887.30,17919716.0,90348139.3,442441196
938.6,S,50,14014.07,3892.41,17919716.0,90348139.5,442441206
939.6,S,50,14029.90,3897.18,17919716.0,90348163.4,442441404
940.6,S,48,14039.15,3900.38,17919716.0,90348385.9,442442010
941.6,S,48,14051.64,3905.47,17919716.0,90348576.3,442442364
942.6,S,47,14063.98,3910.73,17919716.0,90348624.3,442442602
943.6,S,54,14076.52,3914.50,17919716.0,90348727.0,442442872
944.6,S,54,14096.46,3919.48,17919716.0,90348727.6,442442881
945.6,S,54,14114.10,3923.83,17919716.0,90348870.5,442443770
946.6,S,48,14126.63,3927.70,17919716.0,90349163.7,442444376
947.6,S,48,14140.36,3932.82,17919716.0,90349164.0,442444388
948.6,S,47,14151.97,3937.48,17919716.0,90349394.9,442445046
949.6,S,51,14164.21,3941.96,17919716.0,90349695.4,442445604
950.6,S,51,14180.83,3947.27,17919716.0,90349696.1,442445611
951.6,S,51,14196.07,3952.49,17919716.0,90349711.0,442445990
952.6,S,51,14202.37,3954.63,17919716.0,90349747.7,442446991
953.6,S,51,14203.45,3954.64,17919716.0,90349785.9,442447992
955.1,S,47,14216.09,3959.12,17919716.0,90349990.1,442448695
956.1,S,47,14229.60,3964.20,17919716.0,90350081.1,442449004
957.1,S,47,14239.53,3967.86,17919716.0,90350283.8,442449572
958.1,S,47,14252.21,3973.07,17919716.0,90350284.2,442449585
959.1,S,47,14264.92,3978.23,17919716.0,90350284.2,442449585
960.1,S,47,14274.79,3981.80,17919716.0,90350387.4,442449851
961.1,S,47,14287.70,3986.76,17919716.0,90350388.0,442449880
962.1,S,47,14299.88,3991.75,17919716.0,90350410.2,442449945
963.1,S,50,14312.80,3995.93,17919716.0,90350490.9,442450138
964.1,S,50,14328.65,4001.02,17919716.0,90350491.0,442450144
965.1,S,48,14341.90,4005.58,17919716.0,90350764.5,442450381
966.1,S,48,14353.14,4009.91,17919716.0,90350928.0,442450520
967.1,S,47,14365.76,4015.02,17919716.0,90350976.1,442450567
968.1,S,54,14379.56,4019.69,17919716.0,90351078.9,442450673
969.1,S,54,14399.48,4024.68,17919716.0,90351078.9,442450673
970.1,S,54,14418.24,4029.63,17919716.0,90351184.1,442450935
971.1,S,48,14429.24,4033.14,17919716.0,90351895.1,442451728
972.1,S,48,14441.72,4038.64,17919716.0,90351896.0,442451734
973.1,S,47,14454.24,4043.74,17919716.0,90351943.9,442451907
974.1,S,51,14465.35,4047.51,17919716.0,90352046.7,442452180
975.1,S,51,14482.20,4052.59,17919716.0,90352047.4,442452186
976.1,S,51,14494.32,4056.34,17919716.0,90352198.7,442452560
977.1,S,47,14506.01,4060.52,17919716.0,90352341.7,442452853
978.1,S,47,14519.46,4065.82,17919716.0,90352532.3,442453014
979.1,S,47,14532.11,4071.15,17919716.0,90352532.4,442453015
980.1,S,47,14541.49,4074.59,17919716.0,90352635.6,442453325
981.1,S,47,14554.27,4079.66,17919716.0,90352635.8,442453376
982.1,S,47,14567.04,4084.70,17919716.0,90352637.0,442453384
983.2,S,47,14578.75,4089.23,17919716.0,90352739.6,442453479
984.2,S,47,14591.56,4094.23,17919716.0,90352739.7,442453484
985.2,S,50,14603.02,4098.50,17919716.0,90352842.6,442453684
986.2,S,50,14618.90,4103.55,17919716.0,90352842.8,442453687
987.2,S,50,14634.09,4108.66,17919716.0,90352993.5,442453832
988.2,S,48,14645.38,4113.18,17919716.0,90353279.5,442454079
989.2,S,48,14658.07,4118.38,17919716.0,90353279.5,442454079
990.2,S,47,14670.63,4123.50,17919716.0,90353327.5,442454213
991.2,S,54,14684.97,4127.49,17919716.0,90353430.3,442454456
992.2,S,54,14704.85,4132.54,17919716.0,90353430.7,442454461
993.2,S,51,14721.66,4137.52,17919716.0,90353662.2,442455015
994.2,S,48,14731.12,4140.76,17919716.0,90353867.1,442455612
995.2,S,48,14744.98,4145.76,17919716.0,90353867.3,442455615
996.2,S,47,14758.60,4150.92,17919716.0,90353915.4,442455673
997.2,S,51,14770.55,4155.40,17919716.0,90354399.3,442456089
998.2,S,51,14787.33,4160.55,17919716.0,90354399.7,442456103
999.2,S,51,14802.88,4166.06,17919716.0,90354405.7,442456408
1000.2,S,47,14813.64,4170.18,17919716.0,90354693.7,442456756
1001.2,S,47,14827.28,4175.44,17919716.0,90354693.8,442456756
1002.2,S,47,14841.06,4180.57,17919716.0,90354694.1,442456761
1003.2,S,47,14847.76,4182.80,17919716.0,90354987.4,442457428
1004.2,S,47,14860.50,4187.94,17919716.0,90354987.5,442457430
1005.2,S,47,14873.22,4193.12,17919716.0,90354988.2,442457440
1006.2,S,47,14883.65,4197.00,17919716.0,90355091.0,442457657
1007.2,S,47,14896.41,4202.11,17919716.0,90355091.6,442457660
1008.2,S,47,14908.29,4207.02,17919716.0,90355143.3,442457730
1009.2,S,50,14922.89,4211.68,17919716.0,90355194.7,442457816
1010.2,S,50,14938.58,4216.90,17919716.0,90355194.8,442457816
1011.2,S,49,14950.71,4221.37,17919716.0,90355569.6,442458631
1012.2,S,48,14962.47,4225.97,17919716.0,90355631.6,442458718
1013.2,S,48,14975.19,4231.05,17919716.0,90355669.1,442458821
1014.2,S,47,14982.83,4233.81,17919716.0,90355709.7,442459316
1015.2,S,54,15001.08,4238.52,17919716.0,90355782.9,442459394
1016.2,S,54,15020.81,4243.72,17919716.0,90355783.2,442459394
1017.2,S,50,15035.85,4248.45,17919716.0,90356116.8,442459686
1018.2,S,48,15048.53,4253.23,17919716.0,90356219.9,442459775
1019.2,S,48,15062.15,4258.51,17919716.0,90356220.2,442459780
1020.2,S,47,15072.87,4263.01,17919716.0,90356511.8,442460645
1021.2,S,47,15081.47,4266.45,17919716.0,90356751.1,442460981
1022.2,S,47,15094.09,4271.71,17919727.9,90356754.1,442461037
1023.2,S,47,15104.12,4275.89,17919727.9,90356853.7,442461265
1024.2,S,50,15119.70,4280.87,17919727.9,90356858.2,442461282
1025.2,S,50,15135.25,4286.26,17919727.9,90356858.5,442461291
1026.2,S,48,15146.33,4290.72,17919727.9,90357294.4,442461708
1027.2,S,48,15159.13,4295.79,17919727.9,90357296.2,442461711
1028.2,S,47,15171.69,4300.86,17919727.9,90357344.5,442461816
1029.2,S,47,15181.39,4304.55,17919727.9,90357447.4,442462088
1030.2,S,47,15194.27,4309.52,17919727.9,90357447.5,442462098
1031.2,S,47,15207.29,4314.25,17919727.9,90357451.3,442462119
1032.2,S,50,15219.30,4317.95,17919727.9,90357550.7,442462382
1033.2,S,50,15235.15,4322.97,17919727.9,90357551.0,442462385
1034.2,S,48,15248.82,4327.70,17919727.9,90357727.4,442462601
1035.2,S,48,15261.36,4332.47,17919727.9,90357797.0,442462695
1036.2,S,47,15274.86,4337.69,17919727.9,90357845.0,442462829
1037.2,S,47,15285.24,4341.25,17919727.9,90357932.0,442463198
1038.2,S,54,15305.14,4346.15,17919727.9,90357948.7,442463246
1039.2,S,54,15325.86,4351.35,17919727.9,90357977.3,442463322
1040.2,S,52,15341.52,4355.55,17919727.9,90358320.4,442464217
1041.2,S,48,15354.29,4359.91,17919727.9,90358576.2,442464517
1042.2,S,48,15367.95,4365.16,17919727.9,90358577.2,442464525
1043.2,S,48,15380.92,4370.34,17919727.9,90358600.7,442465181
1044.2,S,48,15382.16,4370.37,17919727.9,90358639.5,442466182
1046.9,S,47,15391.04,4374.06,17919727.9,90359108.4,442468240
1047.9,S,47,15403.81,4379.15,17919727.9,90359109.5,442468250
1048.9,S,47,15413.28,4382.69,17919727.9,90359175.9,442468573
1049.9,S,50,15427.71,4387.55,17919727.9,90359212.6,442468654
1050.9,S,50,15442.61,4392.76,17919727.9,90359402.9,442469162
1051.9,S,48,15453.64,4396.99,17919727.9,90359606.4,442469465
1052.9,S,48,15465.29,4401.45,17919727.9,90359649.6,442469569
1053.9,S,47,15477.78,4406.60,17919727.9,90359697.8,442469720
1054.9,S,47,15489.05,4411.10,17919727.9,90359800.5,442469856
1055.9,S,47,15501.87,4416.17,17919727.9,90359800.8,442469864
1056.9,S,47,15514.58,4421.22,17919727.9,90359805.2,442469875
1057.9,S,50,15526.80,4425.44,17919727.9,90359904.2,442470102
1058.9,S,50,15542.50,4430.67,17919727.9,90359904.6,442470103
1059.9,S,48,15556.82,4435.76,17919727.9,90360047.7,442470279
1060.9,S,48,15569.13,4440.21,17919727.9,90360150.7,442470404
1061.9,S,47,15581.72,4444.95,17919727.9,90360198.8,442470539
1062.9,S,47,15588.84,4446.60,17919727.9,90360199.1,442470543
1063.9,S,47,15595.95,4448.20,17919727.9,90360199.4,442470558
1064.9,S,47,15603.16,4449.80,17919727.9,90360199.8,442470564
1065.9,S,47,15609.94,4451.47,17919727.9,90360295.9,442470782
1066.9,S,47,15617.21,4453.91,17919727.9,90360481.1,442471378
1067.9,S,54,15636.25,4458.68,17919727.9,90360493.2,442471430
1068.9,S,54,15656.29,4463.58,17919727.9,90360493.8,442471433
1069.9,S,49,15671.45,4468.59,17919727.9,90361160.0,442472010
1070.9,S,48,15682.68,4473.22,17919727.9,90361311.4,442472162
1071.9,S,47,15695.31,4478.31,17919727.9,90361359.4,442472269
1072.9,S,47,15703.59,4481.42,17919727.9,90361368.6,442472681
1073.9,S,51,15717.94,4485.70,17919727.9,90361462.9,442472835
1074.9,S,51,15734.24,4491.07,17919727.9,90361653.3,442473030
1075.9,S,47,15746.32,4495.43,17919727.9,90361845.0,442473202
1076.9,S,47,15753.18,4497.39,17919727.9,90361948.0,442473385
1077.9,S,47,15759.00,4498.85,17919727.9,90361948.5,442473405
1078.9,S,47,15764.78,4500.34,17919727.9,90361948.9,442473428
1079.9,S,47,15770.72,4501.82,17919727.9,90361949.4,442473429
1080.9,S,47,15776.58,4503.20,17919727.9,90361950.0,442473445
1081.9,S,47,15782.45,4504.65,17919727.9,90361950.2,442473451
1082.9,S,47,15788.27,4506.14,17919727.9,90361950.5,442473460
1083.9,S,47,15794.19,4507.52,17919727.9,90361950.6,442473460
1084.9,S,47,15800.13,4508.87,17919727.9,90361951.3,442473490
1085.9,S,47,15805.98,4510.26,17919727.9,90361951.4,442473490
1086.9,S,47,15811.88,4511.63,17919727.9,90361951.8,442473546
1087.9,S,47,15821.31,4515.41,17919727.9,90362142.2,442473786
1088.9,S,47,15831.97,4520.04,17919727.9,90362245.1,442473887
1089.9,S,47,15843.73,4525.15,17919727.9,90362245.1,442473887
1090.9,S,47,15855.67,4530.03,17919727.9,90362245.8,442473895
1091.9,S,47,15865.69,4534.39,17919727.9,90362348.9,442474043
1092.9,S,47,15877.37,4539.57,17919727.9,90362349.3,442474125
1093.9,S,50,15885.27,4543.17,17919727.9,90362832.1,442474548
1094.9,S,50,15900.04,4548.29,17919727.9,90362832.7,442474552
1095.9,S,50,15914.70,4553.36,17919727.9,90362841.3,442474633
1096.9,S,63,15925.68,4556.58,17919727.9,90363079.0,442475255
1098.0,S,63,15953.94,4561.23,17919727.9,90363079.3,442475255
1099.0,S,63,15982.36,4565.71,17919727.9,90363080.1,442475264
1100.0,S,62,16010.09,4570.48,17919727.9,90363170.8,442475663
1101.0,S,69,16037.32,4574.03,17919727.9,90363274.1,442475776
1102.0,S,69,16066.26,4575.95,17919727.9,90363274.7,442475826
1103.0,S,69,16095.40,4577.62,17919727.9,90363326.9,442475880
1104.0,S,67,16123.46,4579.36,17919727.9,90363661.2,442476173
1105.0,S,63,16148.75,4580.75,17919727.9,90363661.6,442476253
1106.0,S,63,16173.51,4582.04,17919727.9,90363823.1,442476647
1107.0,S,63,16193.20,4583.18,17919727.9,90364193.1,442477590
1108.0,S,62,16212.43,4583.83,17919727.9,90364331.7,442477708
1109.0,S,62,16230.53,4584.66,17919727.9,90364564.7,442478346
1110.0,S,62,16243.99,4585.82,17919727.9,90365453.1,442479347
1111.0,S,62,16263.66,4586.54,17919727.9,90365477.6,442479377
1112.0,S,62,16283.30,4587.27,17919727.9,90365606.3,442479631
1113.0,S,62,16303.10,4587.90,17919727.9,90365607.0,442479642
1114.0,S,62,16325.27,4589.03,17919727.9,90365797.4,442479854
1115.0,S,62,16349.42,4590.39,17919727.9,90366007.0,442480048
1116.0,S,62,16374.04,4591.79,17919727.9,90366084.9,442480119
1117.0,S,66,16397.77,4593.12,17919727.9,90366316.5,442480331
1118.0,S,66,16425.11,4594.87,17919727.9,90366703.0,442480661
1119.0,S,66,16452.53,4596.58,17919727.9,90366703.8,442480665
1120.0,S,66,16476.12,4597.88,17919727.9,90366847.0,442481112
1121.0,S,62,16498.56,4598.92,17919727.9,90367106.4,442481433
1122.0,S,62,16517.15,4600.13,17919727.9,90367926.1,442482121
1123.0,S,62,16537.65,4600.90,17919727.9,90368055.3,442482243
1124.0,S,62,16558.33,4601.54,17919727.9,90368055.3,442482243
1125.0,S,62,16578.90,4602.31,17919727.9,90368056.1,442482262
1126.0,S,62,16599.47,4603.05,17919727.9,90368056.6,442482262
1127.0,S,62,16618.40,4603.96,17919727.9,90368603.3,442482987
1128.0,S,62,16637.33,4604.68,17919727.9,90368814.1,442483489
1129.0,S,62,16656.40,4605.34,17919727.9,90369035.6,442484093
1130.0,S,62,16675.93,4605.94,17919727.9,90369119.0,442484163
1131.0,S,62,16695.43,4606.55,17919727.9,90369295.7,442484329
1132.0,S,62,16713.44,4607.50,17919727.9,90370014.1,442485059
1133.0,S,62,16733.72,4608.81,17919727.9,90370687.2,442485635
1134.0,S,62,16756.94,4610.34,17919727.9,90370857.9,442485890
1135.0,S,62,16780.51,4612.07,17919727.9,90370934.9,442486043
1136.0,S,62,16804.20,4613.50,17919727.9,90370935.2,442486043
1137.0,S,62,16829.52,4616.90,17919727.9,90370949.5,442486091
1138.0,S,62,16856.36,4621.74,17919727.9,90371335.8,442486426
1139.0,S,62,16882.48,4626.29,17919727.9,90371760.2,442486790
1140.0,S,62,16909.09,4630.87,17919727.9,90371985.4,442486991
1141.0,S,62,16932.25,4634.17,17919727.9,90372124.2,442487318
1142.0,S,62,16959.40,4638.96,17919727.9,90372124.5,442487325
1143.0,S,62,16986.24,4643.75,17919727.9,90372411.1,442487697
1144.0,S,62,17011.04,4648.05,17919727.9,90372747.6,442488154
1145.0,S,65,17039.13,4652.40,17919727.9,90372979.4,442488353
1146.0,S,65,17068.43,4657.19,17919727.9,90373035.4,442488406
1147.0,S,65,17098.01,4662.02,17919727.9,90373035.8,442488413
1148.0,S,63,17126.48,4666.81,17919727.9,90373179.3,442488777
1149.0,S,63,17153.40,4671.14,17919727.9,90373281.9,442488878
1150.0,S,63,17181.28,4676.07,17919727.9,90373456.4,442489024
1151.0,S,62,17208.17,4680.66,17919727.9,90373972.7,442489478
1152.0,S,62,17236.11,4685.46,17919727.9,90374259.9,442489723
1153.0,S,69,17262.83,4687.90,17919727.9,90374492.1,442489939
1154.0,S,69,17291.60,4689.67,17919727.9,90374570.7,442490154
1155.0,S,69,17320.75,4691.37,17919727.9,90374750.1,442490632
1156.0,S,63,17345.69,4693.03,17919727.9,90375393.4,442491339
1157.1,S,63,17370.81,4694.49,17919727.9,90375654.7,442491656
1158.1,S,63,17396.21,4695.99,17919727.9,90375784.1,442491852
1159.1,S,62,17417.12,4696.94,17919727.9,90375934.2,442492271
1160.1,S,61,17436.47,4697.68,17919727.9,90375981.7,442492581
1161.1,S,61,17455.65,4698.56,17919727.9,90375981.8,442492582
1162.1,S,61,17474.68,4699.56,17919727.9,90376239.7,442492813
1163.1,S,61,17493.04,4700.51,17919727.9,90376754.9,442493271
1164.1,S,61,17511.67,4701.53,17919727.9,90377269.4,442493804
1165.1,S,61,17530.89,4702.59,17919727.9,90377287.1,442493826
1166.1,S,61,17548.12,4703.69,17919727.9,90377545.0,442494530
1167.1,S,61,17566.74,4704.79,17919727.9,90377802.6,442494991
1168.1,S,59,17584.88,4705.95,17919727.9,90378181.1,442495316
1169.1,S,53,17599.49,4707.11,17919727.9,90378556.1,442495637
1170.1,S,49,17608.75,4708.13,17919727.9,90378800.3,442495848
1171.1,S,47,17615.49,4709.03,17919727.9,90378842.4,442495894
1172.1,S,47,17621.93,4709.86,17919727.9,90378842.6,442495896
1173.1,S,47,17628.25,4710.76,17919727.9,90378842.8,442495907
1174.1,S,47,17634.33,4711.66,17919727.9,90378972.0,442496240
1175.1,S,47,17640.56,4712.58,17919727.9,90379072.9,442496524
1176.1,S,47,17646.88,4713.44,17919727.9,90379073.1,442496541
1177.1,S,51,17656.23,4714.39,17919727.9,90379075.8,442496568
1178.1,S,60,17666.71,4715.41,17919727.9,90379125.3,442497024
1179.1,S,181,17701.84,4716.35,17919727.9,90379271.2,442497180
1180.1,S,194,17737.40,4716.77,17919727.9,90379320.5,442497232
1181.1,S,193,17773.20,4717.19,17919727.9,90379412.8,442497314
1182.1,S,193,17808.75,4717.59,17919727.9,90379413.1,442497317
1183.1,S,193,17844.52,4718.02,17919727.9,90379413.4,442497360
1184.1,S,193,17880.13,4718.45,17919727.9,90379413.6,442497364
1185.1,S,192,17915.61,4718.89,17919727.9,90379439.7,442497450
1186.1,S,190,17951.34,4719.32,17919727.9,90379518.9,442497725
1187.1,S,190,17987.03,4719.72,17919727.9,90379519.4,442497727
1188.1,S,190,18022.44,4720.14,17919727.9,90379519.7,442497732
1189.1,S,189,18058.21,4720.52,17919727.9,90379538.9,442497780
1190.1,S,189,18093.85,4720.94,17919727.9,90379588.9,442497986
1191.1,S,189,18129.36,4721.36,17919727.9,90379947.0,442498551
1192.1,S,189,18164.93,4721.81,17919727.9,90379989.9,442498713
1193.1,S,188,18200.35,4722.26,17919727.9,90380180.6,442499189
1194.1,S,188,18235.95,4722.69,17919727.9,90380180.9,442499193
1195.1,S,187,18271.62,4723.13,17919727.9,90380276.6,442499315
1196.1,S,186,18306.95,4723.57,17919727.9,90380780.6,442499749
1197.2,S,184,18342.03,4724.02,17919727.9,90381938.4,442500729
1198.2,S,182,18377.24,4724.45,17919727.9,90383070.5,442501701
1199.2,S,182,18412.39,4724.88,17919727.9,90384187.2,442502646
1200.2,S,182,18447.26,4725.33,17919727.9,90385342.4,442503624
1201.2,S,193,18482.36,4725.75,17919727.9,90386462.4,442504566
1202.2,S,192,18517.74,4726.24,17919733.0,90386524.7,442504712
1203.2,S,194,18553.32,4726.71,17919746.9,90386578.3,442504858
1204.2,S,192,18588.72,4727.17,17919770.5,90386625.3,442505020
1205.2,S,186,18624.11,4727.67,17919802.6,90386768.9,442505297
1206.2,S,182,18659.74,4728.14,17919842.8,90386934.3,442505627
1207.2,S,192,18695.04,4728.82,17919885.7,90387142.0,442505988
1208.2,S,182,18730.18,4729.68,17919928.9,90387433.8,442506422
1209.2,S,177,18765.40,4730.52,17919973.3,90387626.6,442506784
1210.2,S,164,18800.66,4731.38,17920016.2,90387973.7,442507243
1211.2,S,150,18836.02,4732.30,17920058.5,90388461.2,442507825
1212.2,S,128,18870.77,4733.42,17920101.5,90389058.0,442508464
1213.2,S,123,18905.82,4734.44,17920163.0,90389611.1,442509102
1214.2,S,113,18940.56,4735.52,17920244.9,90390164.9,442509747
1215.2,S,104,18975.52,4736.50,17920338.8,90390391.4,442510177
1216.2,S,100,19010.91,4737.08,17920430.6,90390644.1,442510617
1217.3,S,99,19046.17,4737.63,17920531.1,90390804.6,442511016
1218.3,S,97,19081.34,4738.22,17920630.9,90391031.8,442511456
1219.3,S,96,19116.77,4738.76,17920729.2,90391166.0,442511832
1220.3,S,92,19152.06,4739.36,17920830.9,90391413.8,442512296
1221.3,S,86,19187.29,4739.90,17920932.6,90391732.7,442512799
1222.3,S,78,19222.33,4740.49,17921042.0,90392155.3,442513366
1223.3,S,66,19256.79,4741.22,17921164.2,90392843.3,442514162
1224.3,S,61,19289.73,4741.93,17921291.4,90393238.5,442514747
1225.3,S,67,19320.52,4742.83,17921427.4,90394144.6,442515687
1226.3,S,66,19352.98,4743.48,17921564.1,90394689.9,442516368
1227.3,S,65,19388.05,4744.07,17921699.1,90394957.9,442516853
1228.3,S,67,19422.72,4744.68,17921846.7,90395158.9,442517346
1229.3,S,65,19458.10,4745.21,17921992.1,90395180.4,442517703
1230.3,S,65,19493.23,4745.78,17922135.0,90395205.5,442518053
1231.3,S,64,19528.34,4746.36,17922278.9,90395415.2,442518523
1232.3,S,65,19563.30,4746.97,17922431.8,90395688.9,442519056
1233.3,S,59,19589.28,4747.98,17922573.8,90396680.6,442520045
1234.3,S,88,19621.44,4749.94,17922722.5,90397308.4,442520824
1235.3,S,84,19655.89,4751.41,17922837.1,90397454.5,442521229
1236.3,S,88,19690.58,4752.64,17922942.4,90397741.4,442521717
1237.3,S,90,19726.02,4753.19,17923046.3,90397744.3,442522009
1238.3,S,88,19761.40,4753.73,17923164.0,90397769.5,442522356
1239.3,S,87,19796.77,4754.23,17923276.8,90397814.0,442522690
1240.3,S,86,19832.38,4754.71,17923381.8,90397860.4,442523030
1241.3,S,85,19867.80,4755.23,17923485.8,90397882.2,442523324
1242.3,S,87,19903.15,4755.81,17923589.9,90398166.8,442523812
1243.3,S,86,19938.53,4756.38,17923700.3,90398386.2,442524292
1244.3,S,88,19973.92,4757.01,17923809.1,90398668.9,442524787
1245.3,S,87,20009.18,4757.61,17923918.1,90398990.0,442525307
1246.3,S,87,20042.97,4758.30,17924021.3,90399778.3,442526224
1247.4,S,85,20067.39,4758.95,17924085.2,90400251.0,442527299
1248.4,S,88,20091.46,4759.60,17924148.0,90400695.2,442528300
1249.4,S,95,20127.06,4760.14,17924260.4,90400933.0,442528758
1250.4,S,94,20162.36,4760.69,17924373.4,90401144.9,442529398
1251.4,S,93,20197.76,4761.18,17924479.5,90401247.2,442529876
1252.4,S,93,20233.33,4761.67,17924592.4,90401247.7,442530191
1253.4,S,92,20268.70,4762.21,17924699.9,90401416.3,442530812
1254.4,S,91,20304.14,4762.69,17924806.3,90401516.8,442531241
1255.4,S,90,20339.55,4763.24,17924898.3,90401789.4,442532076
1256.4,S,88,20374.55,4763.88,17924989.2,90402309.1,442532884
1257.4,S,86,20404.79,4764.52,17925058.6,90402656.8,442533884
1258.4,S,83,20434.34,4765.12,17925141.8,90403055.4,442534881
1259.4,S,77,20460.47,4765.73,17925232.4,90403632.3,442535881
1260.4,S,78,20489.03,4766.67,17925336.5,90404226.9,442536878
1261.4,S,77,20509.58,4767.34,17925410.7,90404626.8,442537878
1262.6,S,74,20523.84,4767.85,17925473.0,90405074.9,442539034
1263.6,S,73,20549.48,4768.65,17925594.4,90405944.0,442540078
1264.6,S,79,20584.48,4769.22,17925743.9,90406016.8,442540636
1265.6,S,77,20619.18,4770.11,17925905.5,90406150.2,442541209
1266.6,S,76,20653.37,4771.46,17926070.0,90406243.5,442541768
1267.6,S,74,20688.55,4772.04,17926227.7,90406318.3,442542212
1268.6,S,77,20723.44,4772.63,17926378.3,90406439.6,442542635
1269.6,S,71,20755.48,4773.28,17926509.1,90406783.7,442543381
1270.6,S,69,20785.63,4774.10,17926614.5,90407080.1,442544298
1271.6,S,79,20819.57,4774.91,17926714.1,90407356.4,442545129
1272.6,S,77,20851.29,4775.57,17926780.7,90407721.3,442546102
1273.8,S,76,20884.73,4776.39,17926841.9,90408286.4,442547049
1275.0,S,73,20911.74,4777.15,17926863.3,90408773.2,442548277
1276.0,S,110,20945.42,4777.84,17926876.9,90408996.1,442549251
1277.0,S,115,20981.00,4778.33,17926879.9,90409008.1,442550254
1278.0,S,115,21016.55,4778.74,17926882.3,90409020.2,442551255
1279.0,S,123,21036.08,4778.98,17926884.6,90409031.9,442552257
1281.1,S,121,21077.14,4780.10,17926892.6,90409421.3,442553575
1282.1,S,121,21112.46,4780.83,17926898.9,90409472.6,442553641
1283.1,S,120,21147.97,4781.28,17926905.3,90409588.5,442553894
1284.1,S,115,21183.45,4781.78,17926911.7,90409800.6,442554477
1285.1,S,111,21218.99,4782.28,17926917.6,90410064.1,442555292
1286.1,S,111,21253.12,4782.71,17926924.6,90410440.9,442556293
1287.2,S,113,21286.53,4783.30,17926934.7,90410773.6,442557193
1288.2,S,119,21322.07,4783.75,17926950.5,90410980.0,442557437
1289.2,S,117,21352.27,4784.19,17926962.5,90411195.4,442557883
1290.2,S,112,21384.71,4784.91,17926971.9,90411588.8,442558929
1291.2,S,123,21420.18,4785.41,17926979.6,90411898.0,442559855
1292.2,S,123,21448.68,4785.74,17926982.0,90411908.8,442560856
1295.6,S,122,21506.80,4786.61,17926988.2,90412032.7,442564232
1297.5,S,122,21537.34,4787.47,17926998.8,90412618.1,442566085
1299.0,S,121,21552.81,4788.09,17927003.0,90413152.2,442567610
1300.7,S,121,21588.07,4788.75,17927003.8,90413293.3,442569313
1301.7,S,121,21621.35,4789.16,17927005.1,90413304.9,442570314
1302.7,S,121,21649.35,4789.52,17927007.0,90413316.5,442571315
1303.7,S,121,21663.66,4789.74,17927009.2,90413328.4,442572316
1304.7,S,121,21667.25,4789.79,17927012.5,90413340.0,442573316
1305.7,S,121,21668.59,4789.83,17927014.3,90413387.5,442574317
1307.6,S,121,21669.62,4790.78,17927016.6,90414299.2,442576157
1309.1,S,118,21670.63,4791.13,17927018.9,90414707.9,442577725
1315.3,S,108,21676.37,4792.19,17927021.1,90415511.8,442583940
1317.1,S,101,21695.61,4794.08,17927029.8,90416085.3,442585685
1318.1,S,101,21700.12,4794.56,17927031.3,90416091.5,442586686
1320.6,S,101,21715.52,4798.66,17927033.0,90416101.2,442589198
1321.6,S,101,21719.32,4800.39,17927034.7,90416110.8,442590198
1322.6,S,95,21719.80,4800.61,17927036.1,90416362.7,442591198
1323.6,S,99,21720.67,4801.04,17927038.0,90416883.4,442592195
1324.8,S,71,21724.66,4801.31,17927041.3,90417285.0,442593357
1325.8,S,55,21731.45,4804.30,17927041.6,90417437.2,442594356
1326.8,S,55,21742.20,4809.40,17927041.6,90417448.1,442595357
1327.8,S,55,21750.37,4813.38,17927041.6,90417459.9,442596358
1328.8,S,54,21750.87,4813.40,17927041.6,90417469.5,442597359
1329.8,S,54,21751.86,4813.41,17927041.6,90417477.3,442598360
1330.8,S,54,21751.97,4813.41,17927041.6,90417488.4,442599361
1331.8,S,58,21751.98,4813.44,17927041.6,90417607.4,442600362
1332.8,S,78,21775.47,4815.56,17927149.1,90417698.8,442600871
1333.8,S,71,21809.72,4817.05,17927301.0,90417744.6,442601365
1334.8,S,72,21845.15,4817.61,17927439.2,90417751.7,442601715
1335.8,S,67,21879.97,4818.20,17927576.0,90417859.7,442602184
1336.8,S,67,21915.25,4818.74,17927712.1,90417860.0,442602501
1337.8,S,67,21950.52,4819.30,17927850.4,90417860.7,442602839
1338.8,S,66,21985.73,4819.83,17927980.2,90417912.3,442603203
1339.8,S,63,22019.84,4820.53,17928120.4,90418206.8,442603789
1340.8,S,61,22035.97,4822.03,17928192.1,90418524.6,442604789
1341.8,S,60,22043.32,4823.45,17928219.1,90418874.9,442605790
1343.1,S,60,22047.58,4824.67,17928234.0,90419318.6,442607119
1344.2,S,59,22049.64,4825.62,17928241.5,90419998.0,442608207
1345.3,S,51,22052.60,4826.54,17928245.7,90420231.2,442609248
1348.0,S,51,22065.91,4831.74,17928252.1,90420260.3,442612031
1349.0,S,51,22078.30,4836.70,17928257.6,90420268.1,442613032
1350.5,S,81,22094.61,4837.05,17928325.3,90420300.3,442614190
1351.5,S,75,22128.04,4837.82,17928477.3,90420452.7,442614867
1352.5,S,69,22163.17,4838.43,17928636.1,90420465.4,442615293
1353.5,S,69,22198.43,4838.99,17928783.5,90420465.6,442615641
1354.5,S,66,22233.06,4839.61,17928923.7,90420698.9,442616225
1355.5,S,67,22268.39,4840.19,17929044.2,90420875.3,442616657
1356.5,S,61,22300.84,4840.79,17929166.6,90421141.2,442617373
1357.5,S,60,22333.84,4841.39,17929286.9,90421218.8,442617834
1358.5,S,60,22358.58,4842.37,17929373.0,90421493.8,442618827
1359.5,S,58,22369.97,4843.32,17929403.1,90421892.6,442619861
1360.5,S,57,22373.08,4843.70,17929408.9,90422404.0,442620862
1361.5,S,55,22377.67,4844.24,17929413.3,90422865.1,442621863
1362.5,S,83,22388.72,4845.67,17929427.9,90423141.1,442622804
1363.5,S,87,22414.36,4846.98,17929465.3,90423150.4,442623805
1364.5,S,87,22440.11,4848.39,17929494.0,90423159.4,442624805
1365.5,S,87,22465.36,4849.88,17929528.4,90423167.9,442625806
1366.5,S,87,22492.34,4853.59,17929569.3,90423175.6,442626807
1367.5,S,87,22499.45,4854.08,17929592.2,90423207.9,442627808
1368.6,S,91,22532.86,4854.71,17929733.2,90423444.4,442628521
1369.6,S,87,22568.05,4855.37,17929888.2,90423668.4,442629053
1370.6,S,87,22601.59,4856.09,17930052.2,90423924.3,442629841
1371.6,S,89,22633.42,4856.76,17930221.5,90424174.8,442630662
1372.6,S,88,22667.16,4857.39,17930398.5,90424318.0,442631317
1373.6,S,75,22697.38,4858.18,17930557.3,90424695.6,442632252
1374.6,S,74,22732.63,4858.72,17930714.1,90424820.3,442632703
1375.6,S,70,22765.60,4859.38,17930849.2,90425102.5,442633475
1376.6,S,69,22790.81,4860.56,17930942.4,90425475.9,442634502
1377.6,S,75,22800.09,4861.12,17930969.6,90425806.7,442635509
1379.3,S,74,22827.09,4862.98,17930976.6,90425897.6,442637246
1380.3,S,74,22844.51,4864.84,17930978.9,90425907.8,442638247
1381.3,S,74,22861.38,4866.69,17930986.4,90425919.7,442639247
1382.3,S,74,22872.04,4867.81,17930995.1,90425928.8,442640248
1386.3,S,68,22876.33,4868.77,17930999.5,90426690.2,442644234
1387.3,S,68,22877.63,4869.08,17931000.9,90427076.3,442645231
1388.4,S,63,22883.68,4870.01,17931010.5,90427444.6,442646323
1389.4,S,63,22889.92,4870.48,17931026.7,90427680.8,442647324
1390.4,S,60,22892.70,4870.53,17931030.5,90427690.9,442648325
1391.4,S,60,22894.35,4870.54,17931033.3,90427699.8,442649326
1392.4,S,60,22895.52,4870.57,17931036.8,90427710.0,442650327
1393.4,S,60,22896.63,4870.59,17931042.4,90427718.8,442651329
1394.4,S,60,22898.10,4870.62,17931049.7,90427728.6,442652330
1395.4,S,60,22899.33,4870.64,17931055.9,90427762.6,442653331
1396.4,S,64,22900.79,4870.69,17931062.2,90427871.6,442654331
1397.4,S,91,22930.95,4872.00,17931117.3,90428025.3,442654586
1398.5,S,91,22966.27,4872.57,17931175.9,90428025.6,442654750
1399.5,S,90,23001.93,4873.05,17931229.8,90428043.6,442654920
1400.5,S,87,23037.37,4873.57,17931276.1,90428120.7,442655110
1401.5,S,86,23072.25,4874.05,17931323.0,90428202.4,442655492
1402.5,S,81,23107.48,4874.56,17931375.9,90428391.5,442656056
1403.5,S,73,23134.18,4875.10,17931421.7,90428685.6,442656996
1404.5,S,73,23169.52,4875.61,17931477.9,90428810.3,442657428
1405.5,S,66,23203.33,4876.23,17931525.3,90429122.4,442657977
1406.5,S,64,23234.45,4877.03,17931582.7,90429467.2,442658622
1407.5,S,64,23241.36,4877.45,17931605.3,90429754.5,442659623
1408.6,S,63,23248.21,4878.19,17931629.4,90430145.4,442660756
1409.6,S,63,23252.18,4878.93,17931637.2,90430553.3,442661767
1410.6,S,62,23252.91,4879.13,17931638.7,90430767.5,442662782
1411.9,S,61,23255.32,4879.35,17931640.5,90430820.4,442664046
1412.9,S,62,23259.69,4880.16,17931641.4,90430849.9,442665047
1417.2,S,54,23263.52,4881.18,17931641.7,90431288.4,442669342
1418.2,S,62,23275.57,4883.28,17931641.7,90431481.4,442669840
1419.2,S,62,23301.76,4884.74,17931641.7,90431501.1,442670056
1420.2,S,61,23326.85,4885.87,17931641.7,90431512.9,442670099
1421.2,S,60,23350.86,4887.14,17931641.7,90431549.9,442670192
1422.2,S,63,23377.29,4888.81,17931641.7,90431626.2,442670397
1423.2,S,62,23400.92,4890.15,17931641.7,90431854.3,442670990
1424.2,S,62,23412.16,4891.33,17931641.7,90432149.8,442671866
1425.3,S,59,23415.47,4892.16,17931641.7,90432803.5,442672979
1429.5,S,58,23422.10,4893.26,17931641.7,90432847.1,442677176
1430.5,S,52,23424.54,4893.64,17931641.7,90432856.7,442678177
1432.5,S,58,23444.11,4895.16,17931645.8,90432890.6,442679217
1433.5,S,58,23468.29,4896.45,17931656.3,90432891.7,442679251
1434.5,S,56,23488.63,4897.70,17931667.2,90432973.1,442679613
1435.5,S,55,23508.86,4899.22,17931673.1,90433061.8,442679903
1436.5,S,53,23528.27,4901.02,17931678.9,90433156.3,442680216
1437.5,S,52,23534.55,4901.77,17931681.0,90433448.0,442681145
1438.5,S,47,23538.57,4902.49,17931682.4,90433800.1,442682037
1439.5,S,47,23547.24,4903.90,17931682.4,90433800.7,442682040
1440.5,S,47,23556.08,4905.28,17931682.4,90433801.0,442682044
1441.5,S,47,23564.20,4906.60,17931682.4,90433823.1,442682103
1442.5,S,47,23572.98,4907.96,17931682.4,90433824.2,442682116
1443.5,S,47,23581.74,4909.27,17931682.4,90433851.8,442682147
1444.5,S,47,23590.46,4910.69,17931682.4,90433852.0,442682152
1445.5,S,47,23599.17,4912.04,17931682.4,90433852.9,442682155
1446.5,S,47,23607.85,4913.34,17931682.4,90433853.4,442682159
1447.5,S,47,23616.59,4914.74,17931682.4,90433853.6,442682167
1448.5,S,47,23624.13,4915.88,17931682.4,90433915.4,442682316
1449.5,S,47,23632.95,4917.31,17931682.4,90433915.7,442682321
1450.5,S,47,23641.89,4918.63,17931682.4,90433916.5,442682326
1451.5,S,47,23650.70,4919.99,17931682.4,90433916.9,442682332
1452.5,S,47,23659.39,4921.26,17931682.4,90433917.1,442682341
1453.5,S,47,23668.20,4922.50,17931682.4,90433917.3,442682343
1454.5,S,47,23676.92,4923.82,17931682.4,90433917.3,442682348
1455.5,S,47,23681.72,4924.93,17931682.4,90434400.3,442682857
1456.5,S,56,23698.39,4926.78,17931682.4,90434401.2,442682860
1457.5,S,56,23715.52,4928.72,17931682.4,90434403.4,442682869
1458.5,S,56,23732.55,4930.59,17931682.4,90434403.9,442682883
1459.5,S,55,23749.25,4932.35,17931682.4,90434457.2,442683303
1460.5,S,49,23762.56,4934.17,17931682.4,90434975.0,442683753
1461.5,S,71,23785.91,4935.45,17931682.4,90435041.0,442683819
1462.5,S,71,23818.70,4936.16,17931682.4,90435101.4,442683955
1463.5,S,73,23852.13,4936.84,17931682.4,90435165.2,442684218
1464.5,S,72,23885.98,4937.52,17931682.4,90435197.9,442684275
1465.5,S,71,23918.56,4938.22,17931682.4,90435279.0,442684379
1466.5,S,66,23949.01,4939.05,17931682.4,90435761.4,442684790
1467.5,S,62,23973.16,4940.36,17931682.4,90436500.6,442685418
1468.6,S,65,23988.00,4941.62,17931685.2,90437128.0,442685965
1469.6,S,68,24018.11,4943.07,17931694.1,90437196.3,442686044
1470.6,S,66,24049.12,4943.96,17931698.7,90437218.2,442686073
1471.6,S,66,24079.89,4944.71,17931703.2,90437218.5,442686079
1472.6,S,65,24110.95,4945.78,17931708.1,90437262.4,442686121
1473.6,S,62,24140.49,4947.40,17931713.8,90437470.3,442686311
1474.6,S,61,24164.98,4948.80,17931722.8,90438180.6,442686966
1475.6,S,56,24177.26,4950.08,17931722.8,90438625.8,442687893
1476.6,S,63,24189.27,4951.52,17931722.8,90439172.2,442688738
1477.6,S,60,24213.24,4953.27,17931722.8,90439174.1,442688759
1478.6,S,59,24235.74,4954.75,17931722.8,90439190.0,442688799
1479.6,S,58,24257.16,4956.13,17931722.8,90439216.3,442689206
1480.6,S,61,24276.95,4957.34,17931722.8,90439371.1,442689591
1481.6,S,61,24297.68,4958.75,17931722.8,90439518.7,442690033
1482.8,S,60,24307.95,4959.80,17931722.8,90440175.6,442691255
1483.8,S,63,24325.68,4961.14,17931732.0,90440383.7,442691894
1484.8,S,58,24348.55,4962.73,17931747.1,90440404.8,442691994
1485.8,S,57,24371.43,4964.38,17931764.5,90440433.5,442692127
1486.8,S,56,24391.62,4965.65,17931778.4,90440568.2,442692592
1487.8,S,60,24416.72,4968.29,17931789.1,90440571.1,442692638
1488.8,S,58,24436.00,4971.66,17931791.9,90441078.4,442693478
1489.9,S,63,24449.07,4974.75,17931791.9,90441377.7,442694284
1490.9,S,61,24474.44,4978.54,17931791.9,90441569.3,442694826
1491.9,S,59,24502.37,4983.31,17931791.9,90441595.5,442694898
1492.9,S,59,24526.02,4986.52,17931791.9,90441698.3,442695199
1493.9,S,58,24552.75,4991.30,17931791.9,90441743.8,442695553
1494.9,S,56,24578.37,4995.94,17931791.9,90441854.5,442695655
1495.9,S,54,24598.39,5000.40,17931791.9,90442264.0,442696264
1496.9,S,51,24601.25,5000.97,17931791.9,90442597.3,442697264
1497.9,S,53,24618.31,5005.13,17931791.9,90442667.2,442697474
1498.9,S,53,24638.76,5010.23,17931791.9,90442857.0,442697897
1499.9,S,52,24658.46,5015.12,17931791.9,90442886.5,442698029
1500.9,S,51,24675.16,5019.53,17931791.9,90443019.9,442698166
1501.9,S,50,24692.42,5024.85,17931791.9,90443084.2,442698384
1502.9,S,47,24705.06,5029.54,17931791.9,90443329.1,442698798
1503.9,S,47,24715.65,5034.16,17931791.9,90443483.5,442698948
1504.9,S,56,24729.26,5039.38,17931791.9,90443674.1,442699476
1505.9,S,56,24750.01,5044.58,17931791.9,90443674.5,442699476
1506.9,S,59,24771.07,5049.08,17931791.9,90443779.5,442699595
1507.9,S,59,24795.13,5053.96,17931791.9,90443779.8,442699606
1508.9,S,58,24817.11,5058.57,17931791.9,90443889.4,442699836
1509.9,S,53,24836.34,5063.14,17931791.9,90444320.9,442700271
1510.9,S,50,24848.63,5067.57,17931791.9,90444657.5,442700930
1511.9,S,73,24874.96,5069.76,17931791.9,90444664.1,442700993
1512.9,S,71,24906.91,5070.70,17931791.9,90444736.2,442701197
1513.9,S,69,24938.76,5071.42,17931791.9,90444755.9,442701219
1514.9,S,68,24970.25,5072.40,17931791.9,90444785.0,442701298
1515.9,S,66,25001.14,5073.26,17931791.9,90444869.5,442701597
1516.9,S,66,25030.39,5074.41,17931791.9,90445023.6,442701838
1517.9,S,64,25048.02,5075.19,17931791.9,90445736.0,442702813
1518.9,S,60,25048.54,5075.39,17931791.9,90446202.9,442703813
1519.9,S,59,25048.88,5075.49,17931791.9,90446381.6,442704814
1520.9,S,59,25048.88,5075.49,17931791.9,90446391.7,442705815
1526.3,S,92,25061.07,5076.22,17931792.7,90446642.5,442710846
1527.3,S,90,25096.29,5076.80,17931797.4,90446656.2,442710915
1528.3,S,90,25131.77,5077.23,17931801.9,90446663.8,442710961
1529.3,S,89,25167.35,5077.70,17931805.1,90446666.8,442711020
1530.3,S,87,25202.54,5078.23,17931807.6,90446806.2,442711438
1531.3,S,82,25236.68,5078.72,17931810.5,90447107.6,442712305
1532.3,S,79,25272.20,5079.17,17931812.9,90447107.8,442712312
1533.3,S,77,25307.61,5079.67,17931815.9,90447374.9,442712602
1534.3,S,75,25334.56,5080.25,17931818.8,90447749.0,442713370
1535.4,S,72,25353.51,5081.47,17931822.3,90448112.2,442714427
1536.4,S,68,25360.19,5082.93,17931825.8,90448831.4,442715469
1537.4,S,65,25362.34,5083.63,17931825.8,90449324.6,442716470
1538.4,S,60,25371.93,5085.26,17931825.8,90449733.9,442717043
1539.4,S,60,25395.70,5086.77,17931825.8,90449741.3,442717534
1540.4,S,59,25418.99,5088.58,17931825.8,90449745.0,442718133
1541.4,S,59,25438.18,5090.01,17931825.8,90449749.1,442718842
1542.4,S,59,25453.78,5090.28,17931825.8,90449762.9,442719842
1543.4,S,59,25460.07,5090.42,17931825.8,90449773.7,442720843
1544.4,S,59,25460.68,5090.53,17931825.8,90450008.9,442721844
1545.4,S,62,25466.32,5091.73,17931825.8,90450590.1,442722844
1546.4,S,65,25481.36,5095.10,17931825.8,90450772.5,442723368
1547.4,S,62,25503.72,5096.76,17931826.2,90450913.0,442723896
1548.6,S,59,25530.26,5099.53,17931826.2,90450971.4,442724053
1549.6,S,59,25558.38,5104.26,17931826.2,90450971.6,442724060
1550.6,S,58,25584.77,5108.85,17931826.2,90451047.5,442724174
1551.6,S,58,25611.50,5113.63,17931826.2,90451105.4,442724348
1552.6,S,56,25633.04,5117.97,17931826.2,90451388.2,442724942
1553.6,S,47,25639.45,5120.15,17931826.2,90451893.6,442725930
1554.6,S,47,25647.19,5123.00,17931826.2,90451899.0,442726388
1555.6,S,47,25649.17,5123.02,17931826.2,90451905.1,442727389
1556.6,S,47,25651.13,5123.07,17931826.2,90451943.3,442728390
1557.6,S,47,25652.27,5123.09,17931826.2,90451987.2,442729391
1558.8,S,47,25657.00,5124.44,17931826.2,90452023.2,442730451
1559.9,S,47,25669.77,5129.49,17931826.2,90452023.9,442730543
1560.9,S,47,25682.23,5134.62,17931826.2,90452187.7,442730681
1561.9,S,47,25693.50,5139.62,17931826.2,90452240.8,442730740
1562.9,S,47,25705.35,5144.62,17931826.2,90452240.9,442730741
1563.9,S,47,25714.01,5148.20,17931826.2,90452363.6,442731067
1564.9,S,47,25721.66,5152.01,17931826.2,90452719.2,442732067
1565.9,S,58,25741.98,5157.58,17931826.2,90452726.1,442732121
1566.9,S,58,25763.37,5162.00,17931826.2,90452766.4,442732270
1567.9,S,61,25785.69,5165.74,17931826.2,90452830.4,442732524
1568.9,S,61,25811.81,5170.53,17931826.2,90452830.8,442732528
1569.9,S,59,25828.70,5173.50,17931826.2,90453062.1,442733204
1570.9,S,58,25837.86,5175.63,17931826.2,90453367.9,442734149
1571.9,S,49,25849.83,5179.15,17931826.2,90453834.5,442734716
1572.9,S,78,25881.93,5180.46,17931826.2,90453900.4,442734926
1573.9,S,78,25917.49,5180.91,17931826.2,90453900.9,442734936
1574.9,S,78,25953.01,5181.36,17931826.2,90453901.1,442734939
1575.9,S,77,25988.32,5181.80,17931826.2,90453931.3,442735005
1576.9,S,75,26023.49,5182.27,17931826.2,90454006.1,442735206
1577.9,S,74,26058.97,5182.66,17931826.2,90454042.1,442735339
1578.9,S,73,26081.95,5183.14,17931826.2,90454307.0,442736142
1579.9,S,72,26096.77,5183.99,17931826.2,90454830.8,442737143
1581.0,S,72,26101.38,5184.63,17931826.2,90455265.8,442738247
1582.0,S,70,26104.27,5185.36,17931826.2,90455601.2,442739277
1583.2,S,69,26105.52,5185.69,17931826.2,90455948.9,442740460
1586.9,S,69,26105.64,5185.71,17931826.2,90455975.9,442744149
1587.9,S,69,26105.64,5185.71,17931826.2,90455984.6,442745150
1588.9,S,49,26114.18,5186.97,17931826.2,90456308.6,442745899
1589.9,S,91,26139.40,5188.43,17931826.6,90456335.2,442746076
1590.9,S,90,26174.69,5189.08,17931826.6,90456341.9,442746103
1591.9,S,89,26210.22,5189.52,17931826.6,90456350.2,442746127
1592.9,S,88,26245.64,5189.96,17931826.6,90456454.9,442746249
1593.9,S,88,26281.07,5190.40,17931826.6,90456467.2,442746267
1594.9,S,87,26316.74,5190.83,17931826.6,90456501.6,442746396
1595.9,S,85,26352.20,5191.26,17931826.6,90456606.4,442746599
1596.9,S,81,26385.25,5191.87,17931826.6,90457039.4,442747353
1597.9,S,75,26410.62,5192.48,17931826.6,90457419.0,442748349
1598.9,S,70,26435.71,5193.48,17931826.6,90457945.6,442749349
1600.0,S,70,26445.75,5194.06,17931826.6,90458165.8,442750411
1601.0,S,70,26445.76,5194.06,17931826.6,90458165.9,442751412
1602.0,S,70,26445.76,5194.06,17931826.6,90458165.9,442752413
1603.0,S,70,26445.76,5194.06,17931826.6,90458174.6,442753415
1604.0,S,70,26453.21,5195.32,17931826.6,90458187.9,442754416
1605.0,S,70,26460.72,5196.78,17931826.6,90458200.5,442755417
1606.0,S,70,26464.06,5197.48,17931826.6,90458321.5,442756417
1607.0,S,67,26464.06,5198.02,17931826.6,90459008.7,442757475
1608.1,S,58,26464.06,5198.30,17931826.6,90459539.2,442758573
1609.1,S,74,26486.24,5199.94,17931826.6,90459583.8,442758627
1610.1,S,74,26519.37,5200.61,17931826.6,90459592.0,442758652
1611.1,S,74,26551.60,5201.38,17931826.6,90459599.7,442759089
1612.1,S,67,26580.12,5202.68,17931826.6,90459950.0,442759398
1613.1,S,66,26608.69,5204.28,17931826.6,90459987.7,442759495
1614.1,S,64,26636.65,5206.01,17931826.6,90460146.9,442759657
1615.1,S,63,26652.27,5207.10,17931826.6,90460592.2,442760528
1616.2,S,59,26657.97,5207.98,17931826.6,90461155.8,442761599
1623.8,S,49,26663.90,5209.09,17931826.6,90461417.1,442769115
1624.8,S,71,26687.34,5210.71,17931826.6,90461464.3,442769287
1625.8,S,71,26719.34,5211.57,17931826.6,90461464.5,442769295
1626.8,S,71,26751.02,5212.35,17931826.6,90461464.9,442769299
1627.8,S,70,26780.86,5213.14,17931826.6,90461684.6,442769552
1628.8,S,65,26809.73,5214.41,17931826.6,90461771.7,442769716
1629.8,S,64,26836.07,5215.89,17931826.6,90461971.7,442770237
1630.8,S,60,26845.41,5216.76,17931826.6,90462485.0,442771238
1631.8,S,47,26851.30,5217.66,17931826.6,90463095.4,442772152
1632.8,S,47,26861.08,5218.98,17931826.6,90463095.5,442772152
1633.8,S,47,26870.82,5220.38,17931826.6,90463096.3,442772419
1634.8,S,47,26873.49,5220.50,17931826.6,90463102.3,442773335
1635.8,S,47,26875.46,5220.53,17931826.6,90463102.3,442774336
1636.8,S,47,26877.42,5220.56,17931826.6,90463102.3,442775337
1637.8,S,47,26880.81,5220.85,17931826.6,90463111.8,442776151
1638.8,S,47,26890.47,5222.41,17931826.6,90463112.0,442776154
1639.8,S,47,26900.17,5223.85,17931826.6,90463225.5,442776346
1640.8,S,47,26908.87,5225.46,17931826.6,90463416.2,442776592
1641.8,S,47,26917.65,5226.79,17931826.6,90463416.8,442776599
1642.8,S,47,26926.28,5228.19,17931826.6,90463417.1,442776611
1643.8,S,47,26935.06,5229.58,17931826.6,90463417.2,442776616
1644.8,S,47,26943.18,5230.95,17931826.6,90463438.5,442776676
1645.8,S,47,26951.99,5232.26,17931826.6,90463439.5,442776685
1646.8,S,47,26960.85,5233.70,17931826.6,90463439.8,442776696
1647.8,S,47,26969.39,5235.15,17931826.6,90463522.5,442776884
1648.8,S,47,26976.55,5236.66,17931826.6,90463820.6,442777698
1649.8,S,58,26995.61,5238.71,17931826.6,90463822.6,442777711
1650.8,S,58,27014.97,5240.40,17931826.6,90463822.9,442777719
1651.8,S,58,27033.03,5242.09,17931826.6,90463871.1,442777873
1652.8,S,58,27051.83,5243.81,17931826.6,90463881.9,442778518
1653.8,S,58,27067.10,5245.66,17931826.6,90463893.7,442779518
1654.8,S,58,27074.87,5247.09,17931826.6,90463906.4,442780520
1655.8,S,58,27077.21,5247.44,17931826.6,90463918.4,442781521
1657.5,S,48,27084.13,5248.87,17931826.6,90464657.4,442782801
1658.5,S,70,27111.54,5249.97,17931826.6,90464676.9,442782824
1659.5,S,70,27143.76,5250.66,17931826.6,90464705.6,442782910
1660.5,S,70,27175.88,5251.39,17931826.6,90464794.2,442783101
1661.5,S,69,27207.71,5252.17,17931826.6,90464815.0,442783165
1662.5,S,66,27238.58,5253.13,17931826.6,90464954.7,442783298
1663.5,S,64,27268.40,5254.40,17931826.6,90465207.5,442783519
1664.5,S,60,27289.32,5255.89,17931826.6,90466023.9,442784207
1665.5,S,58,27293.37,5256.66,17931826.6,90466408.9,442785208
1666.6,S,58,27309.97,5258.32,17931826.6,90466629.6,442785541
1667.6,S,58,27330.26,5259.99,17931826.6,90466631.3,442785551
1668.6,S,60,27349.33,5261.49,17931826.6,90466757.3,442785873
1669.6,S,60,27371.67,5263.11,17931826.6,90466757.6,442785875
1670.6,S,59,27393.16,5264.75,17931826.6,90466942.1,442786036
1671.6,S,50,27404.93,5266.08,17931826.6,90467634.9,442786835
1672.7,S,95,27436.22,5266.85,17931826.6,90467671.4,442786943
1673.7,S,92,27471.77,5267.27,17931827.0,90467692.2,442786995
1674.7,S,91,27507.18,5267.72,17931827.0,90467764.4,442787072
1675.7,S,94,27542.58,5268.36,17931827.0,90467888.8,442787444
1676.7,S,92,27578.24,5268.82,17931827.0,90467935.2,442787590
1677.7,S,92,27613.74,5269.26,17931827.0,90467935.7,442787596
1678.7,S,91,27649.24,5269.70,17931827.0,90467974.7,442787639
1679.7,S,89,27684.59,5270.16,17931827.0,90468094.0,442787948
1680.7,S,85,27718.48,5270.69,17931827.0,90468458.8,442788730
1681.7,S,80,27752.27,5271.31,17931827.0,90469052.2,442789233
1682.7,S,74,27771.71,5272.06,17931827.0,90469474.8,442790183
1683.7,S,73,27781.49,5273.29,17931827.0,90469860.0,442791214
1684.9,S,72,27782.72,5273.49,17931827.0,90470087.9,442792366
1687.4,S,72,27791.70,5275.09,17931827.0,90470201.9,442794901
1688.4,S,72,27793.67,5275.50,17931827.0,90470244.6,442795902
1689.4,S,69,27793.67,5275.53,17931827.0,90470283.2,442796903
1692.4,S,68,27793.68,5275.93,17931827.0,90470993.4,442799849
1693.4,S,51,27799.62,5276.82,17931827.0,90471377.7,442800655
1694.4,S,64,27825.57,5278.67,17931827.0,90471379.3,442800669
1695.4,S,64,27852.98,5280.27,17931827.0,90471383.2,442800702
1696.4,S,60,27876.18,5282.15,17931827.0,90471604.7,442801101
1697.4,S,60,27899.55,5283.69,17931827.0,90471627.2,442801141
1698.4,S,59,27921.95,5285.09,17931827.0,90471654.4,442801206
1699.4,S,57,27928.96,5285.60,17931827.0,90472194.1,442802136
1700.4,S,56,27930.51,5285.77,17931827.0,90472525.3,442803137
1701.4,S,74,27945.25,5286.98,17931827.1,90472659.5,442803517
1702.4,S,74,27978.12,5287.69,17931827.4,90472660.6,442803931
1703.4,S,74,28009.75,5288.34,17931827.4,90472665.6,442804798
1704.4,S,74,28039.94,5289.61,17931827.4,90472671.6,442805799
1705.4,S,74,28046.39,5289.87,17931827.4,90472690.0,442806800
1708.8,S,67,28074.81,5291.35,17931827.4,90472984.1,442809644
1709.8,S,66,28103.82,5292.85,17931827.4,90473096.1,442809978
1710.8,S,63,28121.86,5294.00,17931827.4,90473565.4,442810886
1711.8,S,61,28124.45,5294.52,17931827.4,90473981.5,442811886
1712.8,S,58,28128.05,5295.22,17931827.4,90474327.4,442812887
1714.7,S,56,28136.56,5296.79,17931827.4,90474393.2,442814741
1715.7,S,56,28141.10,5297.53,17931827.4,90474403.2,442815742
1716.7,S,56,28142.09,5297.54,17931827.4,90474415.5,442816743
1717.7,S,56,28142.61,5297.55,17931827.4,90474426.3,442817744
1719.1,S,53,28143.94,5297.59,17931827.4,90474443.5,442819133
1720.1,S,68,28164.97,5298.98,17931827.4,90474501.1,442819377
1721.1,S,68,28194.89,5300.51,17931827.4,90474508.3,442819393
1722.1,S,67,28222.11,5302.23,17931827.4,90474659.6,442819646
1723.1,S,62,28249.17,5303.68,17931827.4,90474740.2,442819718
1724.1,S,62,28275.63,5305.18,17931827.4,90475001.0,442819973
1725.1,S,61,28295.30,5306.48,17931827.4,90475230.4,442820501
1726.1,S,61,28306.62,5307.60,17931827.4,90475515.4,442821487
1727.1,S,58,28310.12,5308.16,17931827.4,90476016.1,442822488
1728.1,S,57,28321.38,5309.46,17931827.4,90476192.4,442822996
1729.1,S,57,28342.03,5311.00,17931827.4,90476193.0,442823000
1730.1,S,57,28361.58,5312.68,17931827.4,90476204.5,442823845
1731.1,S,57,28380.68,5314.44,17931827.4,90476215.0,442824846
1732.1,S,57,28381.89,5314.56,17931827.4,90476225.8,442825847
1733.6,S,55,28400.24,5316.29,17931827.4,90476256.3,442826422
1734.6,S,51,28408.94,5317.20,17931827.4,90476838.3,442827373
1735.6,S,47,28415.07,5318.24,17931827.4,90476968.9,442827739
1736.6,S,47,28423.81,5319.50,17931827.4,90476969.1,442827746
1737.6,S,56,28432.06,5321.11,17931827.4,90477159.3,442828207
1738.6,S,56,28449.34,5323.01,17931827.4,90477160.8,442828217
1739.6,S,56,28466.49,5324.89,17931827.4,90477162.5,442828224
1740.7,S,55,28482.91,5326.70,17931827.4,90477195.0,442828319
1741.7,S,55,28498.10,5328.38,17931827.4,90477272.6,442828547
1742.7,S,74,28508.84,5329.90,17931827.4,90477804.2,442829244
1743.7,S,72,28542.55,5330.71,17931827.4,90477818.1,442829286
1744.7,S,71,28575.30,5331.39,17931827.4,90477836.7,442829347
1745.7,S,71,28607.73,5332.07,17931827.4,90477838.4,442829353
1746.7,S,71,28639.94,5332.71,17931827.4,90477839.2,442829362
1747.7,S,70,28671.22,5333.38,17931827.4,90477889.2,442829425
1748.7,S,66,28700.38,5334.26,17931827.4,90478331.9,442829809
1749.7,S,64,28713.78,5335.52,17931827.4,90478909.7,442830741
1750.7,S,62,28716.30,5336.24,17931827.4,90479502.2,442831741
1751.7,S,62,28722.78,5337.26,17931827.4,90479659.7,442832773
1752.7,S,62,28730.40,5338.61,17931827.4,90479669.6,442833774
1753.7,S,62,28730.40,5338.61,17931827.4,90479679.3,442834775
1758.4,S,58,28740.04,5339.67,17931827.4,90479922.1,442839019
1759.4,S,58,28761.52,5341.09,17931827.4,90479923.4,442839027
1760.4,S,57,28782.08,5342.75,17931827.4,90479941.4,442839061
1761.4,S,57,28802.56,5344.45,17931827.4,90479941.7,442839068
1762.4,S,55,28820.86,5346.19,17931827.4,90480051.7,442839530
1763.4,S,53,28833.64,5347.75,17931827.4,90480578.0,442840167
1764.4,S,79,28858.98,5348.67,17931827.7,90480761.5,442840333
1765.4,S,79,28894.51,5349.10,17931827.7,90480761.8,442840339
1766.4,S,79,28930.03,5349.55,17931827.7,90480761.9,442840342
1767.4,S,79,28964.52,5350.17,17931827.7,90480771.4,442841012
1768.4,S,76,28993.38,5350.78,17931827.7,90481042.3,442842013
1769.4,S,73,29023.92,5351.39,17931827.7,90481141.0,442842299
1770.4,S,73,29052.10,5352.03,17931827.7,90481300.6,442842758
1771.4,S,68,29063.27,5352.80,17931827.7,90481922.8,442843760
1772.6,S,68,29067.55,5353.47,17931827.7,90482046.7,442844952
1780.3,S,63,29068.86,5354.07,17931827.7,90482821.1,442852682
1781.4,S,53,29072.70,5354.89,17931827.7,90483074.6,442853557
1782.4,S,52,29086.28,5356.73,17931827.7,90483080.4,442853591
1783.4,S,52,29099.57,5358.49,17931827.7,90483080.5,442853600
1784.4,S,52,29113.12,5360.18,17931827.7,90483080.9,442853619
1785.4,S,56,29127.78,5361.96,17931827.7,90483106.8,442853746
1786.4,S,56,29139.91,5363.57,17931827.7,90483117.8,442854747
1787.4,S,56,29149.97,5365.08,17931827.7,90483128.5,442855748
1788.4,S,56,29157.87,5366.43,17931827.7,90483140.1,442856749
1789.4,S,56,29165.56,5367.74,17931827.7,90483152.0,442857750
1790.4,S,56,29171.92,5368.90,17931827.7,90483163.3,442858751
1792.4,S,54,29176.29,5369.88,17931827.7,90483750.9,442860729
1793.4,S,66,29197.40,5371.69,17931827.7,90483808.7,442860803
1794.4,S,65,29225.55,5373.53,17931827.7,90483819.2,442860820
1795.4,S,65,29253.46,5375.25,17931827.7,90483819.4,442860823
1796.4,S,64,29281.03,5376.97,17931827.7,90483867.4,442860896
1797.4,S,61,29306.46,5378.30,17931827.7,90484012.3,442861144
1798.4,S,59,29324.74,5379.40,17931827.7,90484555.9,442861848
1799.5,S,58,29331.77,5380.35,17931827.7,90484895.3,442862955
1800.6,S,48,29338.28,5381.23,17931827.7,90485164.5,442863882
1801.6,S,64,29359.70,5382.68,17931827.7,90485200.1,442863993
1802.6,S,68,29390.04,5384.20,17931827.7,90485201.2,442863994
1803.6,S,66,29419.25,5385.71,17931827.7,90485239.4,442864104
1804.6,S,66,29448.38,5387.25,17931827.7,90485239.8,442864162
1805.6,S,62,29475.77,5388.79,17931827.7,90485430.7,442864330
1806.6,S,62,29501.28,5390.33,17931827.7,90485446.1,442864711
1807.6,S,62,29513.45,5391.93,17931827.7,90485489.6,442865712
1808.6,S,62,29518.40,5392.67,17931827.7,90485527.2,442866713
1811.0,S,60,29522.50,5393.74,17931827.7,90486437.5,442869059
1812.0,S,47,29528.87,5394.76,17931827.7,90486737.1,442869732
1813.0,S,47,29538.50,5396.15,17931827.7,90486746.5,442869839
1814.0,S,47,29547.10,5397.80,17931827.7,90486929.3,442870267
1815.0,S,47,29555.87,5399.19,17931827.7,90486930.4,442870277
1816.0,S,47,29564.54,5400.55,17931827.7,90486931.2,442870282
1817.0,S,47,29573.52,5401.87,17931827.7,90486931.3,442870287
1818.0,S,47,29582.32,5403.35,17931827.7,90486931.6,442870292
1819.0,S,58,29590.72,5404.69,17931827.7,90487224.7,442870692
1820.0,S,58,29609.88,5406.44,17931827.7,90487225.9,442870722
1821.0,S,58,29629.19,5408.11,17931827.7,90487226.3,442870733
1822.0,S,58,29648.35,5409.78,17931827.7,90487232.5,442870958
1823.0,S,58,29667.15,5411.66,17931827.7,90487245.4,442871959
1824.0,S,58,29678.15,5412.97,17931827.7,90487258.4,442872960
1828.7,S,58,29682.54,5413.93,17931827.7,90487753.5,442877579
1829.7,S,54,29686.20,5414.72,17931827.7,90488129.1,442878255
1830.7,S,69,29718.16,5415.83,17931827.7,90488132.5,442878268
1831.7,S,69,29749.82,5416.53,17931827.7,90488132.8,442878278
1832.7,S,69,29781.43,5417.26,17931827.7,90488132.8,442878278
1833.7,S,68,29812.43,5417.94,17931827.7,90488185.2,442878385
1834.7,S,67,29843.18,5418.87,17931827.7,90488327.3,442878638
1835.7,S,66,29867.16,5419.93,17931827.7,90488624.2,442879338
1836.7,S,63,29883.21,5421.02,17931827.7,90489340.0,442880253
1837.7,S,61,29883.63,5421.10,17931827.7,90489479.4,442881308
1839.8,S,61,29884.23,5421.15,17931827.7,90489560.2,442883379
1840.8,S,59,29885.66,5421.41,17931827.7,90489599.8,442884380
1841.9,S,59,29893.61,5422.81,17931827.7,90489641.2,442885475
1842.9,S,59,29901.45,5424.19,17931827.7,90489673.9,442886476
1843.9,S,55,29911.67,5425.42,17931827.7,90490058.7,442886858
1844.9,S,55,29928.89,5427.26,17931827.7,90490059.3,442886869
1845.9,S,55,29944.93,5429.05,17931827.7,90490147.6,442887251
1846.9,S,54,29961.85,5430.78,17931827.7,90490188.8,442887360
1847.9,S,54,29978.04,5432.67,17931827.7,90490321.0,442887480
1848.9,S,89,29996.04,5434.29,17931827.7,90490766.5,442887872
1849.9,S,88,30031.48,5434.77,17931827.7,90490777.3,442887910
1850.9,S,88,30066.95,5435.20,17931827.7,90490784.5,442887944
1851.9,S,87,30102.50,5435.66,17931827.7,90490871.3,442888326
1852.9,S,85,30137.97,5436.11,17931827.7,90490939.7,442888415
1853.9,S,85,30173.50,5436.60,17931827.7,90490939.9,442888423
1854.9,S,84,30209.02,5437.05,17931827.7,90490972.3,442888460
1855.9,S,84,30241.28,5437.51,17931827.7,90491163.0,442888955
1857.0,S,76,30265.57,5438.21,17931827.7,90491932.1,442890019
1858.0,S,67,30290.45,5439.17,17931827.7,90492598.0,442890756
1859.1,S,64,30301.82,5440.23,17931827.7,90492975.8,442891840
1860.2,S,64,30309.49,5441.56,17931827.7,90493069.1,442893010
1861.2,S,64,30314.76,5442.50,17931827.7,90493078.4,442894012
1867.8,S,54,30316.05,5443.09,17931827.7,90493819.2,442900583
1868.8,S,48,30325.16,5444.45,17931827.7,90493839.5,442900690
1869.8,S,48,30334.04,5445.83,17931827.7,90493839.8,442900744
1870.8,S,53,30344.62,5447.67,17931827.7,90493887.9,442900860
1871.8,S,53,30358.38,5449.25,17931827.7,90493911.4,442900933
1872.8,S,57,30376.26,5451.20,17931827.7,90493919.5,442900991
1873.8,S,57,30394.56,5453.02,17931827.7,90493920.0,442901001
1874.8,S,52,30409.31,5454.72,17931827.7,90494286.5,442901318
1875.8,S,59,30419.06,5455.81,17931827.7,90494558.5,442901930
1876.8,S,59,30442.52,5457.20,17931827.7,90494562.6,442901940
1877.8,S,62,30465.30,5458.63,17931827.7,90494621.4,442901997
1878.8,S,62,30492.09,5460.43,17931827.7,90494701.7,442902095
1879.8,S,61,30521.19,5465.28,17931827.7,90494747.0,442902145
1880.8,S,59,30545.23,5469.28,17931827.7,90494899.0,442902682
1881.8,S,55,30556.30,5471.38,17931827.7,90495598.0,442903612
1882.8,S,67,30578.71,5475.62,17931827.7,90495786.9,442903796
1883.8,S,67,30608.38,5477.59,17931827.7,90495787.5,442903809
1884.8,S,66,30637.87,5479.15,17931827.7,90495811.0,442903861
1885.8,S,66,30667.05,5480.71,17931828.1,90495816.7,442903897
1886.8,S,61,30694.00,5482.23,17931828.1,90496048.5,442904268
1887.8,S,61,30720.21,5483.57,17931828.1,90496065.9,442904412
1888.8,S,59,30730.10,5484.76,17931828.1,90496537.0,442905412
1889.8,S,47,30735.88,5485.76,17931828.1,90497191.5,442906414
1890.8,S,58,30742.48,5486.73,17931828.1,90497233.2,442907415
1892.8,S,47,30745.21,5486.91,17931828.1,90497319.3,442909437
1893.8,S,47,30746.31,5487.07,17931828.1,90497359.3,442910368
1894.8,S,47,30755.88,5488.69,17931828.1,90497360.5,442910486
1895.8,S,47,30765.52,5490.21,17931828.1,90497360.9,442910503
1896.8,S,47,30774.75,5491.81,17931828.1,90497551.4,442910818
1897.8,S,47,30783.40,5493.25,17931828.1,90497552.3,442910824
1898.8,S,47,30792.25,5494.66,17931828.1,90497552.6,442910830
1899.8,S,47,30801.04,5496.08,17931828.1,90497553.0,442910832
1900.8,S,59,30815.37,5497.87,17931828.1,90497848.6,442911153
1901.8,S,59,30835.73,5499.58,17931828.1,90497848.8,442911158
1902.8,S,59,30855.99,5501.35,17931828.1,90497849.0,442911164
1903.8,S,58,30875.89,5502.99,17931828.1,90497894.0,442911221
1904.8,S,58,30893.68,5504.62,17931828.1,90498193.7,442911606
1905.9,S,52,30901.58,5505.63,17931828.1,90498620.5,442912613
1906.9,S,72,30930.15,5506.55,17931828.1,90498673.4,442912757
1907.9,S,77,30965.13,5507.05,17931828.1,90498686.4,442912777
1908.9,S,76,31000.31,5507.50,17931828.1,90498694.3,442912860
1909.9,S,75,31035.72,5507.94,17931828.1,90498800.1,442913173
1910.9,S,74,31070.97,5508.45,17931828.1,90498867.8,442913356
1911.9,S,73,31105.90,5508.94,17931828.1,90498924.0,442913438
1912.9,S,70,31138.81,5509.71,17931828.1,90499540.2,442913962
1913.9,S,67,31149.23,5510.56,17931828.1,90500234.9,442914989
1915.0,S,64,31156.38,5511.48,17931828.1,90500876.7,442916013
1916.0,S,52,31165.16,5512.42,17931828.1,90501160.0,442916875
1917.0,S,52,31173.72,5513.45,17931828.1,90501233.0,442917833
1918.0,S,74,31203.46,5514.44,17931828.1,90501233.5,442918012
1919.0,S,73,31237.28,5515.05,17931828.1,90501241.1,442918882
1920.0,S,73,31271.07,5515.72,17931828.1,90501246.0,442919297
1921.0,S,73,31303.37,5516.41,17931828.1,90501254.0,442920298
1922.0,S,73,31332.48,5517.75,17931828.1,90501264.5,442921299
1923.0,S,71,31343.82,5518.34,17931828.1,90501487.4,442922299
1924.0,S,66,31368.40,5519.66,17931828.1,90501835.0,442922955
1925.0,S,65,31374.26,5520.38,17931828.1,90502242.0,442923956
1926.0,S,61,31378.24,5521.38,17931828.1,90502629.6,442924957
1927.0,S,70,31383.39,5521.90,17931828.1,90502797.4,442925958
1928.3,S,69,31393.72,5522.12,17931828.1,90502845.8,442927244
1929.3,S,69,31403.22,5522.27,17931828.1,90502889.8,442928245
1930.3,S,69,31405.28,5522.30,17931828.1,90502934.2,442929246
1932.3,S,68,31410.42,5522.43,17931828.1,90503024.7,442931254
1933.7,S,72,31429.81,5523.16,17931828.1,90503434.5,442932492
1934.7,S,70,31449.80,5524.29,17931828.1,90503788.3,442933493
1935.7,S,64,31475.43,5525.53,17931828.1,90503844.0,442933678
1936.7,S,64,31501.72,5526.83,17931828.1,90503853.0,442934326
1937.7,S,64,31526.79,5527.97,17931828.1,90503861.7,442935326
1938.7,S,64,31551.44,5529.42,17931828.1,90503869.5,442936327
1939.7,S,64,31560.19,5530.67,17931828.1,90503875.1,442937328
1941.0,S,62,31563.18,5531.84,17931828.1,90504508.3,442938638
1942.3,S,50,31569.61,5533.47,17931828.1,90505008.4,442939298
1943.3,S,50,31580.27,5534.95,17931828.1,90505009.3,442939308
1944.3,S,48,31589.64,5536.44,17931828.1,90505210.8,442939803
1945.3,S,48,31598.37,5537.72,17931828.1,90505212.8,442939904
1946.3,S,48,31607.00,5539.16,17931828.1,90505227.0,442940858
1947.3,S,48,31614.91,5540.57,17931828.1,90505238.9,442941859
1948.3,S,48,31615.36,5540.65,17931828.1,90505249.3,442942860
1950.7,S,53,31624.18,5542.40,17931828.1,90505288.7,442944821
1951.7,S,57,31639.62,5544.03,17931828.1,90505352.6,442945100
1952.7,S,56,31656.66,5545.91,17931828.1,90505358.0,442945174
1953.7,S,53,31672.31,5547.87,17931828.1,90505549.1,442945371
1954.7,S,52,31686.39,5549.65,17931828.1,90505667.0,442945479
1955.7,S,48,31694.90,5550.86,17931828.1,90505924.2,442946328
1956.7,S,57,31714.19,5552.53,17931828.1,90505938.9,442946377
1957.7,S,61,31736.81,5554.05,17931828.1,90505983.8,442946437
1958.7,S,61,31762.06,5555.50,17931828.1,90505984.0,442946443
1959.7,S,61,31787.21,5556.69,17931828.1,90505984.4,442946447
1960.7,S,55,31807.60,5558.29,17931828.1,90506358.6,442947054
1961.7,S,63,31821.15,5559.67,17931828.1,90506991.2,442947594
1962.7,S,62,31848.07,5561.06,17931828.1,90507004.0,442947649
1963.7,S,60,31869.65,5561.84,17931828.1,90507134.8,442948173
1964.7,S,64,31896.75,5563.49,17931828.1,90507145.2,442948283
1965.7,S,64,31924.45,5565.15,17931828.1,90507145.2,442948283
1966.7,S,64,31952.08,5566.75,17931828.1,90507145.5,442948302
1967.7,S,63,31961.59,5567.71,17931828.1,90507460.2,442949186
1969.0,S,47,31966.66,5568.96,17931828.1,90508491.9,442950272
1970.0,S,47,31976.17,5570.58,17931828.2,90508492.5,442950283
1971.0,S,47,31985.69,5572.15,17931828.2,90508492.8,442950289
1972.0,S,47,31995.29,5573.63,17931828.2,90508493.2,442950298
1973.0,S,47,32000.34,5574.33,17931828.2,90508518.9,442950893
1974.0,S,47,32001.52,5574.42,17931828.2,90508612.8,442951892
1975.0,S,47,32008.75,5575.90,17931828.2,90508788.0,442952044
1976.0,S,47,32017.57,5577.32,17931828.2,90508788.9,442952052
1977.0,S,47,32026.26,5578.57,17931828.2,90508789.1,442952057
1978.0,S,47,32034.90,5579.86,17931828.2,90508789.3,442952088
1979.0,S,47,32043.53,5581.32,17931828.2,90508789.7,442952090
1980.0,S,47,32051.89,5582.91,17931828.2,90508981.1,442952398
1981.0,S,58,32068.91,5584.51,17931828.2,90509086.8,442952579
1982.0,S,58,32088.29,5586.20,17931828.2,90509087.2,442952585
1983.0,S,58,32107.62,5587.96,17931828.2,90509114.7,442952651
1984.0,S,58,32126.95,5589.73,17931828.2,90509114.9,442952656
1985.0,S,55,32143.30,5591.43,17931828.2,90509658.4,442953171
1986.0,S,74,32166.25,5592.53,17931828.2,90509902.2,442953396
1987.0,S,73,32201.54,5592.99,17931828.2,90509902.6,442953535
1988.0,S,73,32237.06,5593.43,17931828.2,90509903.0,442953562
1989.0,S,73,32272.53,5593.84,17931828.2,90509903.1,442953562
1990.0,S,73,32308.23,5594.30,17931828.2,90509903.4,442953577
1991.0,S,70,32342.60,5594.86,17931828.2,90510142.8,442953860
1992.0,S,67,32373.70,5595.70,17931828.2,90510573.6,442954227
1993.0,S,67,32383.40,5596.40,17931828.2,90511209.0,442955233
1994.0,S,60,32383.70,5596.79,17931828.2,90511739.2,442956234
1995.0,S,59,32383.85,5597.03,17931828.2,90512140.8,442957235
1996.0,S,66,32405.98,5598.62,17931828.2,90512324.1,442957494
1997.0,S,66,32434.41,5600.21,17931828.2,90512324.5,442957500
1998.0,S,65,32462.27,5601.70,17931828.2,90512346.2,442957984
1999.0,S,65,32490.17,5603.26,17931828.2,90512346.4,442957989
2000.0,S,65,32517.80,5605.01,17931828.2,90512346.6,442957992
2001.0,S,65,32541.24,5606.64,17931828.2,90512538.9,442958508
2002.0,S,65,32550.51,5607.85,17931828.2,90512871.0,442959509
2003.5,S,58,32553.33,5608.64,17931828.2,90513622.3,442960961
2004.5,S,80,32579.97,5609.71,17931828.2,90513681.3,442961313
2005.5,S,80,32610.42,5610.09,17931828.2,90513690.2,442961911
2006.5,S,80,32610.42,5610.09,17931828.2,90513703.1,442962912
2007.5,S,80,32612.49,5610.23,17931828.2,90513715.4,442963915
2008.5,S,80,32647.89,5610.65,17931828.2,90513726.8,442964916
2009.5,S,80,32652.95,5610.70,17931828.2,90513737.8,442965917
2011.1,S,78,32688.30,5611.24,17931828.2,90513812.4,442966612
2012.1,S,77,32723.58,5611.67,17931828.2,90513849.8,442966668
2013.1,S,76,32758.98,5612.13,17931828.2,90513894.6,442966797
2014.1,S,76,32791.72,5612.64,17931828.2,90513992.3,442967043
2015.2,S,75,32800.84,5613.59,17931828.2,90514650.6,442968222
2016.3,S,72,32802.38,5614.57,17931828.2,90515379.5,442969247
2017.3,S,70,32803.35,5615.00,17931828.2,90515871.9,442970271
2018.3,S,70,32810.27,5616.34,17931828.2,90515882.4,442971272
2019.3,S,70,32818.18,5617.71,17931828.2,90515892.2,442972273
2020.3,S,70,32826.17,5619.04,17931828.2,90515904.6,442973274
2021.3,S,70,32830.87,5619.90,17931828.2,90515917.3,442974275
2025.1,S,47,32837.34,5621.34,17931828.2,90516053.8,442977628
2026.1,S,47,32845.34,5622.89,17931828.2,90516054.9,442977650
2027.1,S,50,32854.18,5624.18,17931828.2,90516081.0,442977748
2028.1,S,50,32864.84,5625.73,17931828.2,90516081.3,442977753
2029.1,S,48,32873.78,5627.10,17931828.2,90516224.3,442977997
2030.1,S,48,32882.27,5628.51,17931828.2,90516225.6,442978884
2031.1,S,48,32890.94,5630.04,17931828.2,90516297.8,442979154
2032.1,S,52,32902.97,5631.65,17931828.2,90516345.5,442979246
2033.1,S,52,32916.32,5633.34,17931828.2,90516345.5,442979246
2034.1,S,56,32932.87,5635.04,17931828.2,90516389.7,442979293
2035.1,S,56,32949.90,5636.93,17931828.2,90516390.0,442979313
2036.1,S,53,32958.93,5638.07,17931828.2,90516828.2,442980092
2037.1,S,55,32973.09,5639.76,17931828.2,90516970.7,442980218
2038.1,S,55,32992.27,5641.58,17931828.2,90516971.4,442980227
2039.1,S,55,33011.56,5643.23,17931828.2,90516971.6,442980231
2040.1,S,58,33030.66,5644.61,17931828.2,90517058.5,442980582
2041.1,S,57,33052.66,5646.32,17931828.2,90517195.5,442980861
2042.1,S,51,33067.88,5648.09,17931828.2,90517859.6,442981434
2043.1,S,63,33094.69,5649.73,17931828.2,90517957.7,442981519
2044.1,S,62,33121.89,5650.99,17931828.2,90517974.0,442981535
2045.1,S,62,33148.72,5652.39,17931828.2,90517974.3,442981543
2046.1,S,65,33175.42,5653.79,17931828.2,90518036.1,442981709
2047.1,S,65,33203.70,5655.53,17931828.2,90518038.0,442981718
2048.1,S,63,33224.31,5657.10,17931828.2,90518570.9,442982515
2049.1,S,47,33234.30,5658.46,17931828.2,90519248.6,442983144
2050.1,S,47,33244.45,5660.17,17931828.2,90519439.3,442983316
2051.1,S,47,33254.08,5661.66,17931828.2,90519439.3,442983316
2052.1,S,47,33263.95,5663.01,17931828.2,90519440.3,442983322
2053.1,S,47,33272.12,5664.27,17931828.2,90519543.9,442983507
2054.1,S,47,33281.89,5665.80,17931828.2,90519544.1,442983510
2055.1,S,47,33291.21,5667.37,17931828.2,90519703.3,442983933
2056.1,S,47,33299.82,5668.91,17931828.2,90519735.0,442984009
2057.1,S,47,33308.47,5670.10,17931828.2,90519735.6,442984016
2058.1,S,47,33317.27,5671.37,17931828.2,90519736.1,442984022
2059.1,S,47,33325.97,5672.74,17931828.2,90519736.9,442984026
2060.1,S,47,33332.84,5674.14,17931828.2,90520029.9,442984286
2061.1,S,58,33352.87,5675.90,17931828.2,90520039.8,442984356
2062.1,S,58,33372.12,5677.64,17931828.2,90520040.3,442984364
2063.1,S,58,33391.49,5679.39,17931828.2,90520040.9,442984386
2064.1,S,58,33410.51,5681.11,17931828.2,90520099.4,442984470
2065.1,S,51,33425.38,5682.86,17931828.2,90520631.9,442984929
2066.1,S,79,33438.78,5684.09,17931828.2,90520922.5,442985180
2067.1,S,78,33474.00,5684.55,17931828.2,90520927.0,442985186
2068.1,S,78,33509.60,5684.98,17931828.2,90520927.6,442985201
2069.1,S,77,33545.04,5685.47,17931828.2,90520946.5,442985271
2070.1,S,77,33580.73,5685.90,17931828.2,90520948.3,442985278
2071.1,S,75,33615.51,5686.37,17931828.2,90521043.0,442985681
2072.1,S,73,33650.53,5686.84,17931828.2,90521132.6,442985785
2073.1,S,70,33676.96,5687.83,17931828.2,90522135.6,442986633
2074.1,S,55,33691.89,5689.25,17931828.2,90523149.9,442987504
2075.2,S,69,33715.34,5690.90,17931828.2,90523356.4,442987681
2076.2,S,68,33746.47,5691.96,17931828.2,90523369.1,442987729
2077.2,S,67,33776.80,5693.03,17931828.2,90523490.9,442988043
2078.2,S,66,33806.47,5694.33,17931828.2,90523514.8,442988424
2079.2,S,65,33835.23,5695.91,17931828.2,90523667.2,442988573
2080.2,S,68,33865.34,5697.10,17931828.2,90523897.3,442988781
2081.2,S,89,33898.70,5698.15,17931828.2,90524183.2,442989114
2082.2,S,77,33932.38,5698.76,17931828.2,90525004.8,442989840
2083.2,S,77,33967.77,5699.22,17931828.2,90525005.0,442989841
2084.2,S,75,34002.35,5699.77,17931828.2,90525070.6,442989988
2085.2,S,73,34034.70,5700.45,17931828.2,90525134.0,442990123
2086.2,S,71,34066.67,5701.21,17931828.2,90525285.4,442990425
2087.2,S,65,34092.23,5702.69,17931828.2,90525795.5,442990959
2088.2,S,49,34097.91,5703.89,17931828.2,90527056.8,442992025
2089.2,S,47,34105.37,5705.76,17931828.2,90527076.5,442992052
2090.2,S,47,34113.08,5707.22,17931828.2,90527077.0,442992064
2091.2,S,47,34120.87,5708.59,17931828.2,90527077.4,442992083
2092.2,S,50,34129.28,5709.96,17931828.2,90527093.4,442992115
2093.2,S,50,34139.93,5711.45,17931828.2,90527093.5,442992117
2094.2,S,50,34149.73,5712.88,17931828.2,90527320.1,442992729
2095.2,S,48,34158.71,5714.08,17931828.2,90527320.2,442992731
2096.2,S,48,34167.60,5715.48,17931828.2,90527320.8,442992742
2097.2,S,53,34179.77,5717.00,17931828.2,90527369.1,442992846
2098.2,S,52,34193.33,5718.70,17931828.2,90527382.0,442993194
2099.2,S,56,34207.85,5720.49,17931828.2,90527407.4,442993327
2100.2,S,56,34224.91,5722.41,17931828.2,90527526.5,442993532
2101.2,S,51,34239.44,5724.05,17931828.2,90527939.2,442993913
2102.2,S,59,34258.52,5725.49,17931828.2,90528067.5,442994037
2103.2,S,59,34283.27,5726.75,17931828.2,90528067.8,442994045
2104.2,S,59,34307.60,5728.01,17931828.2,90528069.1,442994055
2105.2,S,62,34334.15,5729.64,17931828.2,90528177.3,442994255
2106.2,S,60,34359.55,5731.02,17931828.2,90528219.9,442994388
2107.2,S,60,34376.73,5732.38,17931828.2,90528849.6,442995022
2108.3,S,53,34390.32,5734.10,17931828.2,90529245.9,442995364
2109.3,S,53,34407.52,5735.99,17931828.2,90529246.9,442995376
2110.3,S,57,34424.19,5737.64,17931828.2,90529351.0,442995475
2111.3,S,57,34445.02,5739.44,17931828.2,90529364.1,442995512
2112.3,S,56,34465.15,5741.23,17931828.2,90529399.5,442995596
2113.3,S,50,34473.91,5742.47,17931828.2,90530014.5,442996503
2114.3,S,47,34484.79,5743.89,17931828.2,90530014.8,442996511
2115.3,S,47,34494.82,5745.40,17931828.2,90530206.9,442996716
2116.3,S,47,34504.45,5746.69,17931828.2,90530207.0,442996722
2117.3,S,47,34512.06,5747.79,17931828.2,90530310.2,442997000
2118.3,S,47,34521.89,5749.20,17931828.2,90530310.4,442997002
2119.3,S,47,34531.55,5750.63,17931828.2,90530316.9,442997025
2120.3,S,47,34540.43,5752.34,17931828.2,90530501.5,442997439
2121.3,S,47,34549.24,5753.77,17931828.2,90530502.5,442997446
2122.3,S,47,34558.00,5755.15,17931828.2,90530503.1,442997483
2123.3,S,47,34566.76,5756.52,17931828.2,90530503.3,442997490
2124.3,S,47,34571.03,5757.35,17931828.2,90530760.4,442998114
2125.3,S,59,34587.71,5759.07,17931828.2,90530796.7,442998211
2126.3,S,59,34607.38,5760.77,17931828.2,90530802.7,442998737
2127.3,S,59,34626.41,5762.50,17931828.2,90530802.7,442999738
2128.3,S,59,34644.29,5764.28,17931828.2,90530812.1,443000739
2130.2,S,59,34658.79,5765.77,17931828.2,90530887.9,443002672
2131.2,S,59,34664.01,5766.61,17931828.2,90530925.1,443003673
2132.8,S,48,34671.94,5768.09,17931828.2,90531644.3,443004789
2133.8,S,49,34681.05,5769.57,17931828.2,90531691.9,443004851
2134.8,S,68,34713.05,5770.58,17931828.2,90531699.6,443004876
2135.8,S,66,34744.72,5771.27,17931828.2,90531731.6,443004944
2136.8,S,66,34775.32,5771.99,17931828.2,90531733.4,443004950
2137.8,S,65,34805.57,5772.77,17931828.2,90531788.1,443005235
2138.8,S,64,34835.04,5773.94,17931828.2,90531867.5,443005359
2139.8,S,59,34862.10,5775.34,17931828.2,90532422.4,443005925
2140.8,S,55,34875.84,5776.57,17931828.2,90533483.1,443006824
2141.8,S,55,34893.14,5778.12,17931828.2,90533556.4,443006904
2142.8,S,55,34910.27,5780.02,17931828.2,90533556.5,443006906
2143.8,S,55,34927.46,5781.81,17931828.2,90533556.8,443006924
2144.8,S,55,34943.31,5783.66,17931828.2,90533696.1,443007165
2145.8,S,52,34955.61,5785.49,17931828.2,90534159.1,443007826
2146.8,S,97,34989.33,5786.50,17931828.2,90534201.8,443007877
2147.8,S,95,35024.87,5786.94,17931828.2,90534214.2,443007900
2148.8,S,94,35060.31,5787.37,17931828.2,90534252.2,443008029
2149.8,S,92,35095.85,5787.84,17931828.2,90534298.0,443008087
2150.8,S,92,35131.53,5788.26,17931828.2,90534298.2,443008089
2151.8,S,92,35167.09,5788.72,17931828.2,90534395.7,443008364
2152.8,S,90,35201.98,5789.21,17931828.2,90534482.2,443008541
2153.8,S,85,35236.37,5789.72,17931828.2,90534869.9,443009270
2154.8,S,80,35271.59,5790.18,17931828.2,90535123.7,443009523
2155.9,S,73,35304.59,5790.88,17931828.2,90535796.2,443010100
2156.9,S,61,35319.77,5792.19,17931828.2,90536979.0,443011100
2157.9,S,50,35325.02,5793.72,17931828.2,90537636.9,443011666
2158.9,S,50,35335.78,5795.33,17931828.2,90537637.5,443011667
2159.9,S,50,35345.57,5796.78,17931828.2,90537780.9,443011803
2160.9,S,48,35354.35,5798.25,17931828.2,90537781.1,443011812
2161.9,S,48,35363.16,5799.78,17931828.2,90537781.5,443011824
2162.9,S,53,35374.36,5801.39,17931828.2,90537900.2,443012085
2163.9,S,53,35388.89,5802.99,17931828.2,90537900.8,443012093
2164.9,S,56,35404.69,5804.86,17931828.2,90537962.9,443012151
2165.9,S,56,35421.66,5806.81,17931828.2,90537963.1,443012158
2166.9,S,55,35434.74,5808.30,17931828.2,90538237.8,443012850
2167.9,S,57,35444.65,5809.50,17931828.2,90538543.0,443013321
2168.9,S,57,35466.06,5810.99,17931828.2,90538543.4,443013322
2169.9,S,57,35487.71,5812.63,17931828.2,90538544.2,443013323
2170.9,S,60,35507.68,5814.06,17931828.2,90538613.0,443013529
2171.9,S,60,35532.01,5815.59,17931828.2,90538618.2,443013566
2172.9,S,58,35554.59,5818.77,17931828.2,90539019.6,443014023
2173.9,S,61,35573.13,5822.32,17931828.2,90539645.2,443014561
2174.9,S,60,35602.16,5827.18,17931828.2,90539650.8,443014616
2175.9,S,64,35631.11,5831.55,17931828.2,90539664.9,443014666
2176.9,S,62,35658.52,5833.56,17931828.2,90539729.4,443014952
2177.9,S,62,35689.31,5838.43,17931828.2,90539729.8,443014962
2178.9,S,58,35718.07,5842.97,17931828.2,90539920.8,443015125
2179.9,S,54,35736.01,5846.50,17931828.2,90540642.6,443015746
2180.9,S,47,35747.38,5850.65,17931828.2,90540868.3,443015975
2181.9,S,47,35760.35,5855.94,17931828.2,90541058.8,443016144
2182.9,S,47,35773.19,5860.93,17931828.2,90541060.2,443016148
2183.9,S,47,35781.15,5863.86,17931828.2,90541163.1,443016576
2184.9,S,47,35793.94,5868.96,17931828.2,90541163.4,443016585
2185.9,S,47,35804.76,5873.18,17931828.2,90541245.5,443016762
2186.9,S,47,35813.31,5876.53,17931828.2,90541457.0,443017397
2187.9,S,47,35824.96,5881.76,17931828.2,90541458.2,443017405
2188.9,S,47,35833.34,5885.30,17931828.2,90541470.2,443017717
2189.9,S,47,35834.12,5885.33,17931828.2,90541508.2,443018715
2190.9,S,47,35834.12,5885.33,17931828.2,90541546.5,443019716
2193.1,S,47,35834.12,5885.37,17931828.2,90541635.5,443021974
2194.1,S,59,35841.39,5887.26,17931828.2,90541751.9,443022563
2195.1,S,59,35865.62,5891.93,17931828.2,90541753.1,443022580
2196.1,S,59,35889.77,5896.69,17931828.2,90541753.5,443022590
2197.1,S,59,35911.14,5900.41,17931828.2,90541819.5,443022832
2198.1,S,60,35934.92,5904.47,17931828.2,90541988.7,443023215
2199.1,S,57,35957.08,5908.98,17931828.2,90542245.2,443023741
2200.1,S,56,35970.58,5912.29,17931828.2,90542554.0,443024518
2201.3,S,80,35997.08,5914.38,17931828.2,90542811.6,443024861
2202.3,S,80,36032.60,5914.79,17931828.2,90542812.8,443024868
2203.3,S,80,36068.21,5915.23,17931828.2,90542813.3,443024875
2204.3,S,79,36103.70,5915.63,17931828.2,90542845.2,443025004
2205.3,S,75,36138.82,5916.25,17931828.2,90542991.7,443025237
2206.3,S,72,36173.92,5916.77,17931828.2,90543127.2,443025426
2207.3,S,71,36207.76,5917.53,17931828.2,90543536.9,443025781
2208.3,S,62,36230.82,5918.39,17931828.2,90544646.3,443026729
2209.3,S,61,36249.49,5920.04,17931828.2,90545390.8,443027372
2210.3,S,80,36284.61,5920.59,17931828.2,90545421.7,443027398
2211.3,S,77,36319.93,5921.10,17931828.2,90545466.0,443027477
2212.3,S,73,36354.88,5921.64,17931828.2,90545657.1,443027644
2213.3,S,72,36389.84,5922.21,17931828.2,90545689.7,443027691
2214.3,S,69,36423.17,5922.84,17931828.2,90545942.7,443027910
2215.3,S,91,36457.52,5923.88,17931828.2,90545947.0,443027917
2216.3,S,90,36492.91,5924.37,17931828.2,90546083.1,443028385
2217.3,S,87,36524.55,5925.05,17931828.2,90546969.0,443029384
2218.4,S,68,36552.45,5925.82,17931828.2,90547659.0,443029985
2219.4,S,66,36581.44,5927.32,17931828.2,90547697.1,443030058
2220.4,S,66,36610.38,5928.60,17931828.6,90547788.4,443030142
2221.4,S,64,36635.57,5929.94,17931828.6,90547958.3,443030558
2222.4,S,61,36644.47,5930.85,17931828.6,90548635.6,443031559
2223.4,S,47,36651.06,5931.95,17931828.6,90549196.8,443032037
2224.4,S,51,36661.11,5933.44,17931828.6,90549208.9,443032059
2225.4,S,51,36673.65,5935.14,17931828.6,90549289.0,443032170
2226.4,S,51,36684.48,5936.75,17931828.6,90549479.8,443032417
2227.4,S,47,36694.35,5938.28,17931828.6,90549481.0,443032470
2228.4,S,47,36704.18,5939.64,17931828.6,90549481.1,443032479
2229.4,S,47,36714.05,5941.03,17931828.6,90549481.4,443032489
2230.4,S,47,36723.84,5942.49,17931828.6,90549555.5,443032563
2231.4,S,51,36735.52,5944.07,17931828.6,90549579.2,443032648
2232.4,S,51,36748.91,5945.78,17931828.6,90549579.6,443032650
2233.4,S,47,36759.76,5947.30,17931828.6,90549770.3,443033071
2234.4,S,47,36770.51,5948.69,17931828.6,90549770.5,443033079
2235.4,S,47,36781.29,5950.04,17931828.6,90549771.3,443033082
2236.4,S,47,36792.02,5951.56,17931828.6,90549771.8,443033084
2237.4,S,47,36801.71,5952.96,17931828.6,90549991.0,443033320
2238.4,S,47,36811.10,5954.52,17931828.6,90550069.2,443033474
2239.4,S,47,36819.09,5956.49,17931828.6,90550371.9,443033729
2240.4,S,47,36827.73,5957.69,17931828.6,90550459.2,443033907
2241.4,S,47,36836.50,5959.11,17931828.6,90550459.7,443033934
2242.4,S,47,36845.34,5960.46,17931828.6,90550459.8,443033943
2243.4,S,47,36854.31,5961.70,17931828.6,90550460.1,443033950
2244.4,S,47,36861.31,5962.88,17931828.6,90550654.5,443034455
2245.4,S,61,36877.44,5964.40,17931828.6,90550667.9,443034569
2246.4,S,61,36899.86,5965.82,17931828.6,90550669.3,443034573
2247.4,S,61,36922.17,5967.34,17931828.6,90550669.6,443034855
2248.4,S,61,36944.42,5968.78,17931828.6,90550669.8,443034858
2249.4,S,61,36964.64,5970.49,17931828.6,90550679.2,443035532
2250.4,S,61,36969.68,5971.11,17931828.6,90550690.1,443036533
2251.4,S,61,36969.68,5971.11,17931828.6,90550702.8,443037535
2252.4,S,61,36970.09,5971.40,17931828.6,90551115.6,443038536
2253.4,S,77,36977.24,5972.63,17931828.6,90551731.2,443039062
2254.4,S,81,37012.64,5973.09,17931828.6,90551739.7,443039079
2255.4,S,80,37048.18,5973.54,17931828.6,90551755.5,443039114
2256.4,S,80,37083.73,5973.98,17931828.6,90551755.8,443039142
2257.4,S,79,37119.16,5974.42,17931828.6,90551792.2,443039176
2258.4,S,77,37154.52,5974.89,17931828.6,90551857.3,443039261
2259.4,S,75,37189.86,5975.35,17931828.6,90551951.3,443039358
2260.4,S,74,37224.52,5975.95,17931828.6,90552356.6,443039709
2261.4,S,63,37244.82,5976.97,17931828.6,90553535.0,443040704
2262.4,S,52,37260.33,5978.53,17931828.6,90554433.9,443041489
2263.4,S,92,37289.68,5979.75,17931828.6,90554454.6,443041522
2264.4,S,92,37325.21,5980.20,17931828.6,90554454.8,443041532
2265.4,S,92,37360.74,5980.66,17931828.6,90554455.2,443041553
2266.4,S,89,37396.23,5981.12,17931828.6,90554524.9,443041786
2267.4,S,89,37431.89,5981.56,17931828.6,90554525.3,443041840
2268.4,S,89,37467.44,5982.01,17931828.6,90554586.2,443041891
2269.5,S,86,37502.98,5982.50,17931828.6,90554729.3,443042081
2270.5,S,80,37538.01,5983.02,17931828.6,90555072.9,443042408
2271.5,S,74,37572.74,5983.61,17931828.6,90555534.6,443042812
2272.5,S,87,37599.87,5984.99,17931828.6,90556626.2,443043756
2273.5,S,68,37629.64,5985.96,17931828.6,90557533.2,443044524
2274.5,S,66,37657.31,5987.55,17931828.6,90557609.6,443044617
2275.5,S,65,37684.31,5988.88,17931828.9,90557633.2,443044659
2276.5,S,64,37709.89,5990.05,17931828.9,90557687.8,443044917
2277.5,S,64,37736.50,5991.33,17931828.9,90557778.5,443045011
2278.5,S,51,37749.93,5992.52,17931828.9,90558779.8,443045863
2279.5,S,47,37757.58,5994.51,17931828.9,90558946.7,443046023
2280.5,S,47,37765.25,5995.99,17931828.9,90558947.1,443046035
2281.5,S,47,37773.15,5997.28,17931828.9,90558947.3,443046058
2282.5,S,47,37780.86,5998.66,17931828.9,90558947.6,443046077
2283.5,S,50,37789.68,6000.06,17931828.9,90558984.3,443046131
2284.5,S,50,37800.31,6001.51,17931828.9,90558985.6,443046144
2285.5,S,50,37809.14,6003.06,17931828.9,90559129.1,443046631
2286.5,S,48,37818.14,6004.46,17931828.9,90559129.3,443046631
2287.5,S,48,37826.83,6005.86,17931828.9,90559129.6,443046643
2288.5,S,53,37838.47,6007.45,17931828.9,90559246.7,443046744
2289.5,S,52,37851.86,6009.21,17931828.9,90559256.6,443046760
2290.5,S,56,37867.38,6011.01,17931828.9,90559302.5,443046803
2291.5,S,56,37884.60,6012.85,17931828.9,90559302.9,443046818
2292.5,S,56,37896.20,6014.42,17931828.9,90559613.3,443047460
2293.5,S,58,37907.09,6015.84,17931828.9,90559882.6,443047904
2294.5,S,58,37930.43,6017.26,17931828.9,90559883.2,443047909
2295.5,S,58,37953.80,6018.68,17931828.9,90559884.4,443047910
2296.5,S,62,37976.05,6019.85,17931828.9,90559949.9,443048319
2297.5,S,62,38002.40,6021.21,17931828.9,90559950.1,443048328
2298.5,S,61,38025.40,6022.45,17931828.9,90560368.7,443048686
2299.5,S,64,38043.47,6024.17,17931828.9,90561032.7,443049251
2300.5,S,63,38071.52,6025.74,17931828.9,90561041.3,443049279
2301.5,S,63,38099.39,6027.38,17931828.9,90561041.4,443049283
2302.5,S,63,38127.08,6028.91,17931828.9,90561045.7,443049325
2303.5,S,66,38154.85,6030.08,17931828.9,90561189.6,443049621
2304.5,S,63,38182.75,6031.77,17931828.9,90561520.2,443049920
2305.5,S,55,38200.56,6033.31,17931828.9,90562026.9,443050357
2306.5,S,47,38210.53,6034.68,17931828.9,90562528.8,443050783
2307.5,S,47,38220.50,6036.40,17931828.9,90562719.0,443051143
2308.5,S,47,38230.20,6037.86,17931828.9,90562719.9,443051146
2309.5,S,47,38239.98,6039.30,17931828.9,90562720.1,443051152
2310.5,S,47,38248.75,6040.63,17931828.9,90562822.8,443051252
2311.5,S,47,38258.57,6042.05,17931828.9,90562823.8,443051259
2312.5,S,47,38266.76,6043.44,17931828.9,90563014.6,443051815
2313.5,S,47,38275.58,6044.99,17931828.9,90563015.4,443051841
2314.5,S,47,38284.47,6046.30,17931828.9,90563015.7,443051848
2315.5,S,47,38293.32,6047.70,17931828.9,90563015.8,443051851
2316.5,S,47,38302.19,6048.99,17931828.9,90563016.1,443051857
2317.5,S,58,38309.51,6050.19,17931828.9,90563310.3,443052197
2318.5,S,58,38328.75,6052.01,17931828.9,90563311.3,443052207
2319.5,S,58,38347.75,6053.83,17931828.9,90563311.9,443052229
2320.5,S,58,38366.84,6055.63,17931828.9,90563312.2,443052236
2321.5,S,57,38386.16,6057.40,17931828.9,90563426.9,443052345
2322.5,S,48,38398.30,6058.94,17931828.9,90564075.0,443052998
2323.5,S,78,38419.96,6060.09,17931828.9,90564190.1,443053114
2324.5,S,77,38455.52,6060.51,17931828.9,90564199.4,443053142
2325.5,S,77,38491.08,6061.00,17931828.9,90564199.6,443053143
2326.5,S,75,38526.60,6061.43,17931828.9,90564241.6,443053304
2327.5,S,74,38561.93,6061.87,17931828.9,90564276.8,443053348
2328.5,S,74,38596.78,6062.35,17931828.9,90564319.6,443053397
2329.5,S,70,38629.77,6063.00,17931828.9,90564693.3,443053719
2330.5,S,63,38646.21,6063.97,17931828.9,90565850.1,443054700
2331.5,S,65,38654.89,6065.17,17931828.9,90566503.5,443055259
2332.5,S,98,38689.70,6066.14,17931828.9,90566504.8,443055265
2333.5,S,96,38725.26,6066.57,17931828.9,90566539.9,443055390
2334.5,S,93,38760.59,6067.02,17931828.9,90566663.2,443055713
2335.5,S,93,38795.72,6067.45,17931828.9,90566663.6,443055720
2336.5,S,93,38831.01,6067.87,17931828.9,90566664.3,443055725
2337.5,S,93,38866.63,6068.31,17931828.9,90566664.6,443055729
2338.5,S,91,38902.21,6068.73,17931828.9,90566725.0,443056140
2339.5,S,87,38937.36,6069.28,17931828.9,90567037.5,443056468
2340.5,S,77,38971.75,6069.91,17931828.9,90567668.5,443057054
2341.5,S,70,39004.03,6070.62,17931828.9,90568317.1,443057603
2342.5,S,62,39019.81,6072.04,17931828.9,90569423.0,443058545
2343.5,S,47,39025.68,6073.73,17931828.9,90569901.7,443058955
2344.5,S,47,39032.94,6075.09,17931828.9,90569973.8,443059055
2345.5,S,47,39040.48,6076.59,17931828.9,90569975.6,443059066
2346.5,S,47,39047.01,6077.77,17931828.9,90569993.8,443059219
2347.5,S,47,39054.82,6079.32,17931828.9,90569994.6,443059392
2348.5,S,47,39062.54,6080.74,17931828.9,90569994.7,443059394
2349.5,S,47,39070.26,6082.05,17931828.9,90569995.1,443059407
2350.5,S,47,39078.06,6083.43,17931828.9,90570058.7,443059478
2351.5,S,47,39085.94,6084.74,17931828.9,90570059.3,443059487
2352.5,S,47,39093.83,6086.00,17931828.9,90570059.4,443059493
2353.5,S,50,39101.27,6087.21,17931828.9,90570091.3,443059604
2354.5,S,50,39111.91,6088.68,17931828.9,90570091.4,443059606
2355.5,S,50,39122.38,6090.04,17931828.9,90570290.7,443059789
2356.5,S,48,39131.23,6091.52,17931828.9,90570290.8,443059800
2357.5,S,48,39140.05,6093.03,17931828.9,90570291.4,443059811
2358.5,S,53,39152.51,6094.67,17931828.9,90570340.0,443059884
2359.5,S,52,39165.63,6096.43,17931828.9,90570351.1,443059917
2360.5,S,56,39179.44,6097.90,17931828.9,90570390.6,443060035
2361.5,S,56,39196.68,6099.69,17931828.9,90570397.2,443060135
2362.6,S,54,39209.81,6101.36,17931828.9,90570827.1,443060859
2363.6,S,62,39228.18,6102.77,17931828.9,90570977.6,443061030
2364.6,S,62,39255.18,6104.26,17931828.9,90570992.1,443061067
2365.6,S,59,39281.01,6105.82,17931828.9,90571062.5,443061201
2366.6,S,63,39304.63,6107.10,17931828.9,90571109.1,443061397
2367.6,S,63,39331.63,6108.39,17931828.9,90571109.4,443061425
2368.6,S,63,39353.10,6109.73,17931828.9,90571480.5,443061918
2369.6,S,51,39365.70,6111.27,17931828.9,90572138.8,443062483
2370.6,S,58,39388.62,6112.97,17931828.9,90572330.2,443062645
2371.6,S,58,39412.24,6114.59,17931828.9,90572330.6,443062664
2372.6,S,58,39435.83,6116.10,17931828.9,90572330.8,443062670
2373.6,S,60,39461.45,6118.10,17931828.9,90572523.9,443062906
2374.6,S,58,39489.95,6122.93,17931828.9,90572637.1,443063049
2375.6,S,51,39507.78,6126.85,17931828.9,90573280.3,443063600
2376.6,S,47,39520.47,6131.73,17931828.9,90573614.2,443063892
2377.6,S,47,39531.29,6136.07,17931828.9,90573717.9,443064063
2378.6,S,47,39543.95,6141.20,17931828.9,90573718.1,443064065
2379.6,S,47,39554.11,6145.25,17931828.9,90573822.2,443064291
2380.6,S,47,39566.83,6150.42,17931828.9,90573822.4,443064292
2381.6,S,47,39579.50,6155.62,17931828.9,90573822.8,443064302
2382.6,S,47,39590.40,6160.49,17931828.9,90574116.3,443064556
2383.6,S,47,39602.19,6165.51,17931828.9,90574116.6,443064578
2384.6,S,47,39610.50,6168.93,17931828.9,90574220.4,443064887
2385.6,S,47,39622.18,6174.08,17931828.9,90574220.7,443064892
2386.6,S,47,39633.99,6179.10,17931828.9,90574224.8,443064902
2387.6,S,61,39641.58,6182.19,17931828.9,90574514.4,443065668
2388.6,S,61,39667.83,6186.89,17931828.9,90574515.4,443065677
2389.6,S,61,39691.70,6191.19,17931828.9,90574618.3,443065902
2390.6,S,59,39715.77,6195.83,17931828.9,90574659.5,443065989
2391.6,S,59,39737.77,6199.88,17931828.9,90574762.4,443066166
2392.6,S,58,39761.44,6204.84,17931828.9,90574994.5,443066498
2393.6,S,48,39778.12,6209.22,17931828.9,90575516.5,443066947
2394.6,S,76,39808.34,6210.80,17931828.9,90575587.0,443067014
2395.6,S,74,39842.97,6211.21,17931828.9,90575617.2,443067050
2396.6,S,72,39876.89,6211.72,17931828.9,90575657.4,443067098
2397.6,S,72,39911.23,6212.35,17931828.9,90575657.7,443067100
2398.6,S,72,39945.53,6213.00,17931828.9,90575658.0,443067107
2399.6,S,71,39978.86,6213.58,17931828.9,90575811.8,443067514
2400.6,S,77,40006.68,6214.18,17931828.9,90576141.2,443068202
2401.7,S,76,40019.14,6215.00,17931828.9,90576581.3,443069242
2402.7,S,68,40030.41,6216.37,17931828.9,90577740.4,443070223
2403.7,S,92,40053.10,6217.54,17931828.9,90578130.5,443070566
2404.7,S,90,40088.68,6217.98,17931828.9,90578145.3,443070587
2405.7,S,90,40124.10,6218.43,17931828.9,90578145.5,443070587
2406.7,S,88,40159.61,6218.90,17931828.9,90578172.9,443070658
2407.7,S,86,40195.11,6219.43,17931828.9,90578254.1,443070837
2408.7,S,86,40230.53,6219.87,17931828.9,90578254.3,443070847
2409.7,S,85,40266.11,6220.32,17931828.9,90578279.1,443071140
2410.7,S,82,40299.96,6220.88,17931828.9,90578780.0,443071574
2411.7,S,71,40330.82,6222.24,17931828.9,90579478.4,443072171
2412.7,S,61,40358.23,6223.43,17931828.9,90580149.0,443072743
2413.7,S,47,40370.76,6224.64,17931828.9,90581162.4,443073607
2414.7,S,47,40379.45,6226.02,17931828.9,90581180.7,443073636
2415.7,S,47,40388.34,6227.46,17931828.9,90581180.9,443073643
2416.7,S,51,40397.87,6229.01,17931828.9,90581284.0,443073846
2417.7,S,51,40410.33,6230.68,17931828.9,90581285.1,443073849
2418.7,S,51,40422.05,6232.30,17931828.9,90581463.6,443074055
2419.7,S,47,40431.86,6233.72,17931828.9,90581476.6,443074078
2420.7,S,47,40441.59,6235.22,17931828.9,90581476.9,443074089
2421.7,S,47,40451.33,6236.70,17931828.9,90581477.3,443074094
2422.7,S,47,40461.11,6238.25,17931828.9,90581647.5,443074382
2423.7,S,47,40468.45,6239.37,17931828.9,90581653.1,443074683
2424.7,S,47,40478.21,6240.81,17931828.9,90581653.6,443074692
2425.7,S,47,40488.07,6242.14,17931828.9,90581653.7,443074696
2426.7,S,47,40497.86,6243.62,17931828.9,90581654.0,443074701
2427.7,S,47,40507.60,6245.09,17931828.9,90581654.2,443074707
2428.7,S,47,40517.41,6246.49,17931828.9,90581654.6,443074710
2429.7,S,47,40527.07,6247.88,17931828.9,90581762.0,443074922
2430.7,S,47,40534.27,6249.11,17931828.9,90581876.0,443075386
2431.7,S,47,40542.92,6250.51,17931828.9,90581876.4,443075397
2432.7,S,62,40556.37,6252.58,17931828.9,90582343.5,443075801
2433.7,S,62,40579.87,6254.13,17931828.9,90582345.3,443075810
2434.7,S,62,40603.47,6255.56,17931828.9,90582345.5,443075816
2435.7,S,62,40626.97,6257.12,17931828.9,90582410.2,443075915
2436.7,S,61,40650.04,6260.44,17931828.9,90582546.5,443076223
2437.7,S,61,40665.63,6263.56,17931828.9,90582944.1,443077120
2438.8,S,55,40672.18,6265.07,17931828.9,90583275.2,443078069
2441.6,S,83,40687.69,6270.62,17931828.9,90583378.9,443080921
2442.6,S,82,40723.19,6271.12,17931828.9,90583381.4,443081003
2443.6,S,81,40758.29,6271.58,17931828.9,90583386.7,443081156
2444.7,S,80,40792.85,6272.01,17931828.9,90583409.6,443081177
2445.7,S,78,40827.96,6272.48,17931828.9,90583461.0,443081223
2446.7,S,74,40863.23,6272.97,17931828.9,90583644.0,443081388
2447.7,S,74,40898.77,6273.40,17931828.9,90583644.3,443081392
2448.7,S,72,40932.92,6273.99,17931828.9,90584242.2,443081897
2449.7,S,63,40959.72,6275.23,17931828.9,90585069.7,443082600
2450.7,S,50,40975.65,6276.71,17931828.9,90586030.6,443083428
2451.7,S,91,40999.76,6278.10,17931828.9,90586251.9,443083626
2452.7,S,109,41034.96,6278.87,17931828.9,90586253.2,443083630
2453.7,S,108,41070.52,6279.30,17931828.9,90586260.3,443083640
2454.7,S,108,41106.22,6279.71,17931828.9,90586260.6,443083642
2455.7,S,107,41141.81,6280.17,17931828.9,90586275.1,443083656
2456.7,S,106,41177.43,6280.60,17931828.9,90586297.7,443083680
2457.7,S,106,41212.44,6281.01,17931828.9,90586298.5,443083684
2458.7,S,102,41247.66,6281.50,17931828.9,90586629.7,443083980
2459.7,S,100,41283.22,6281.93,17931828.9,90586742.8,443084084
2460.7,S,98,41318.77,6282.41,17931828.9,90586912.4,443084230
2461.7,S,94,41352.12,6282.91,17931828.9,90587232.9,443084886
2462.7,S,90,41380.88,6283.47,17931828.9,90587864.8,443085886
2463.7,S,81,41400.59,6284.01,17931828.9,90588211.7,443086886
2464.7,S,80,41424.28,6284.56,17931828.9,90588623.1,443087940
2465.9,S,72,41438.98,6285.48,17931828.9,90589256.5,443089072
2466.9,S,69,41441.24,6285.91,17931828.9,90589647.6,443090073
2468.3,S,47,41447.29,6287.79,17931828.9,90590634.4,443091309
2469.3,S,47,41455.01,6289.69,17931828.9,90590636.2,443091319
2470.3,S,47,41462.73,6291.11,17931828.9,90590636.8,443091323
2471.3,S,47,41470.57,6292.52,17931828.9,90590683.9,443091370
2472.3,S,50,41478.12,6293.91,17931828.9,90590703.0,443091439
2473.3,S,50,41488.75,6295.37,17931828.9,90590704.7,443091444
2474.3,S,50,41499.06,6297.01,17931828.9,90590731.4,443091539
2475.3,S,48,41506.63,6298.13,17931828.9,90590848.1,443091930
2476.3,S,48,41515.31,6299.43,17931828.9,90590848.2,443091932
2477.3,S,47,41524.03,6300.80,17931828.9,90590895.9,443092057
2478.3,S,52,41538.00,6302.53,17931828.9,90590904.2,443092079
2479.3,S,56,41551.10,6304.10,17931828.9,90590947.9,443092201
2480.3,S,56,41568.36,6305.96,17931828.9,90590948.3,443092203
2481.3,S,56,41585.20,6307.68,17931828.9,90591077.2,443092509
2482.3,S,47,41594.39,6309.07,17931828.9,90591589.9,443093278
2483.3,S,59,41616.54,6310.65,17931828.9,90591590.8,443093284
2484.3,S,58,41639.65,6312.05,17931828.9,90591613.7,443093344
2485.3,S,61,41660.70,6313.32,17931828.9,90591696.2,443093632
2486.3,S,61,41688.47,6316.74,17931828.9,90591696.4,443093636
2487.3,S,61,41715.21,6321.38,17931828.9,90591776.1,443093839
2488.3,S,58,41728.01,6323.79,17931828.9,90592103.3,443094840
2489.3,S,58,41740.15,6328.54,17931828.9,90592384.2,443095841
2490.3,S,64,41750.19,6330.55,17931828.9,90592755.5,443096458
2491.3,S,64,41778.67,6333.05,17931828.9,90592755.9,443096460
2492.3,S,63,41806.27,6334.67,17931828.9,90592776.4,443096482
2493.3,S,63,41833.46,6336.03,17931828.9,90592776.8,443096485
2494.3,S,61,41859.81,6337.45,17931828.9,90592893.5,443096591
2495.3,S,61,41885.94,6338.55,17931828.9,90592894.9,443096595
2496.3,S,60,41896.50,6339.30,17931828.9,90593191.8,443097527
2497.3,S,59,41897.83,6339.47,17931828.9,90593518.2,443098528
2498.3,S,53,41898.91,6339.70,17931828.9,90594070.9,443099529
2499.5,S,51,41908.52,6341.22,17931828.9,90594177.2,443099959
2500.5,S,51,41920.87,6343.04,17931828.9,90594177.8,443099965
2501.5,S,50,41929.88,6344.40,17931828.9,90594369.9,443100556
2502.5,S,47,41939.55,6345.93,17931828.9,90594370.4,443100561
2503.5,S,47,41949.15,6347.29,17931828.9,90594370.8,443100565
2504.5,S,47,41958.14,6348.83,17931828.9,90594561.3,443101240
2505.5,S,47,41966.86,6350.48,17931828.9,90594562.1,443101249
2506.5,S,47,41972.89,6351.53,17931828.9,90594665.5,443101582
2507.5,S,47,41981.81,6352.88,17931828.9,90594665.7,443101583
2508.5,S,47,41990.47,6354.36,17931828.9,90594665.9,443101583
2509.5,S,47,41999.07,6355.74,17931828.9,90594666.5,443101587
2510.5,S,47,42007.77,6357.04,17931828.9,90594666.7,443101588
2511.5,S,47,42016.56,6358.49,17931828.9,90594666.9,443101592
2512.5,S,47,42025.08,6359.92,17931828.9,90594857.9,443101758
2513.5,S,58,42043.38,6361.66,17931828.9,90594961.5,443101854
2514.5,S,58,42062.89,6363.38,17931828.9,90594961.9,443101855
2515.5,S,58,42082.18,6365.18,17931828.9,90595004.8,443101894
2516.5,S,58,42101.28,6367.03,17931828.9,90595005.1,443101894
2517.5,S,57,42112.02,6368.17,17931828.9,90595324.3,443102791
2518.5,S,53,42117.78,6369.16,17931828.9,90595611.6,443103791
2519.5,S,71,42128.61,6370.24,17931828.9,90595735.5,443104223
2520.5,S,69,42163.38,6370.73,17931828.9,90595766.8,443104257
2521.5,S,69,42197.04,6371.47,17931828.9,90595869.9,443104351
2522.5,S,69,42230.11,6372.19,17931828.9,90595896.9,443104378
2523.5,S,67,42262.46,6372.94,17931828.9,90595976.8,443104450
2524.5,S,67,42293.14,6373.69,17931828.9,90596056.0,443104520
2525.5,S,66,42317.41,6374.69,17931828.9,90596335.6,443105268
2526.5,S,66,42326.95,6375.37,17931828.9,90596613.4,443106269
2527.5,S,63,42329.79,6376.05,17931828.9,90597161.9,443107271
2528.7,S,58,42337.53,6377.46,17931828.9,90597503.2,443108431
2529.7,S,52,42343.53,6378.52,17931828.9,90597769.9,443109374
2530.7,S,63,42365.07,6380.08,17931828.9,90597793.7,443109507
2531.7,S,62,42391.66,6381.24,17931828.9,90597809.5,443109566
2532.7,S,65,42415.90,6382.44,17931828.9,90597912.3,443109916
2533.7,S,64,42443.69,6384.05,17931828.9,90597949.2,443110038
2534.7,S,64,42470.62,6385.70,17931828.9,90598020.2,443110268
2535.7,S,59,42485.93,6386.76,17931828.9,90598565.3,443111137
2536.7,S,57,42491.79,6387.55,17931828.9,90598868.2,443112138
2538.0,S,78,42500.19,6388.86,17931828.9,90599201.0,443113293
2539.0,S,77,42534.82,6389.58,17931828.9,90599348.5,443113463
2540.0,S,81,42569.78,6390.11,17931828.9,90599360.5,443113481
2541.0,S,80,42605.23,6390.55,17931828.9,90599389.4,443113507
2542.0,S,79,42640.79,6391.02,17931828.9,90599420.8,443113535
2543.0,S,79,42676.31,6391.46,17931828.9,90599421.1,443113535
2544.0,S,78,42711.78,6391.92,17931828.9,90599537.7,443113634
2545.0,S,78,42738.05,6392.46,17931828.9,90599749.7,443114170
2546.1,S,74,42751.79,6393.65,17931828.9,90600145.2,443115331
2547.1,S,74,42757.77,6394.43,17931828.9,90600713.2,443116331
2548.1,S,73,42761.36,6395.23,17931828.9,90601013.3,443117344
2549.1,S,71,42763.64,6395.81,17931828.9,90601308.9,443118345
2550.3,S,67,42772.75,6397.22,17931828.9,90601765.6,443119018
2551.3,S,67,42801.21,6399.05,17931828.9,90601766.8,443119026
2552.3,S,67,42829.42,6400.75,17931828.9,90601803.9,443119168
2553.3,S,61,42847.79,6402.13,17931828.9,90602009.7,443119823
2554.3,S,60,42871.59,6403.83,17931828.9,90602104.9,443120119
2555.3,S,60,42895.04,6405.19,17931828.9,90602105.0,443120121
2556.3,S,60,42907.42,6405.94,17931828.9,90602363.9,443120956
2557.5,S,58,42909.52,6406.25,17931828.9,90602993.5,443122146
2558.5,S,75,42918.95,6407.09,17931828.9,90603164.8,443122768
2559.5,S,75,42952.71,6407.77,17931828.9,90603165.9,443122776
2560.5,S,75,42986.18,6408.41,17931828.9,90603166.2,443122780
2561.5,S,74,43017.18,6409.07,17931828.9,90603320.6,443123217
2562.5,S,70,43047.90,6410.03,17931828.9,90603404.4,443123537
2563.5,S,68,43078.02,6411.13,17931828.9,90603517.1,443123963
2564.5,S,67,43105.66,6412.48,17931828.9,90603783.3,443124782
2565.6,S,66,43112.71,6413.43,17931828.9,90604382.5,443125840
2566.9,S,65,43116.21,6414.12,17931828.9,90604725.6,443127096
2567.9,S,65,43124.89,6415.52,17931828.9,90604734.8,443128097
2568.9,S,65,43133.62,6416.83,17931828.9,90604743.7,443129099
2569.9,S,65,43136.08,6417.13,17931828.9,90604752.8,443130100
2570.9,S,65,43137.07,6417.14,17931828.9,90604760.7,443131101
2571.9,S,64,43142.29,6417.83,17931828.9,90605110.2,443131846
2572.9,S,71,43174.31,6418.64,17931828.9,90605125.2,443131891
2573.9,S,69,43205.45,6419.47,17931828.9,90605157.4,443131997
2574.9,S,65,43233.53,6420.63,17931828.9,90605350.3,443132455
2575.9,S,64,43261.67,6422.19,17931828.9,90605376.7,443132481
2576.9,S,64,43286.47,6423.83,17931828.9,90605567.3,443133113
2577.9,S,63,43311.62,6425.41,17931828.9,90605894.8,443133629
2578.9,S,61,43319.65,6426.32,17931828.9,90606320.6,443134630
2579.9,S,56,43327.24,6427.56,17931828.9,90606608.2,443135631
2580.9,S,56,43328.23,6427.63,17931828.9,90606716.2,443136632
2582.3,S,56,43334.64,6428.71,17931828.9,90606765.5,443138023
2583.3,S,56,43335.12,6428.71,17931828.9,90606810.0,443139024
2584.9,S,56,43336.61,6428.77,17931828.9,90606889.2,443140696
2585.9,S,56,43336.88,6428.79,17931828.9,90606935.2,443141697
2587.2,S,65,43348.39,6430.07,17931829.0,90607043.5,443142268
2588.2,S,65,43375.78,6431.67,17931829.0,90607044.0,443142274
2589.2,S,64,43403.09,6433.15,17931829.0,90607061.3,443142343
2590.2,S,63,43430.02,6434.72,17931829.0,90607093.4,443142711
2591.2,S,63,43456.53,6436.14,17931829.0,90607184.2,443142961
2592.2,S,71,43479.87,6437.63,17931829.0,90607561.3,443143933
2593.2,S,69,43498.95,6438.67,17931829.0,90608044.2,443144934
2594.2,S,65,43508.11,6439.43,17931829.0,90608380.8,443145935
2595.3,S,60,43513.53,6439.75,17931829.1,90608523.7,443147061
2596.3,S,59,43521.32,6440.02,17931829.1,90608567.6,443148062
2597.3,S,58,43528.11,6440.14,17931829.1,90608613.3,443149063
2598.3,S,58,43532.74,6440.23,17931829.1,90608659.3,443150064
2599.6,S,56,43532.95,6440.30,17931829.1,90608719.2,443151373
2600.6,S,56,43532.95,6440.30,17931829.1,90608762.4,443152374
2601.8,S,51,43533.50,6440.54,17931829.1,90609174.9,443153590
2602.9,S,70,43548.55,6442.20,17931831.5,90609212.1,443153859
2603.9,S,69,43578.04,6442.91,17931833.6,90609216.2,443153886
2604.9,S,69,43607.31,6443.60,17931833.6,90609377.4,443154386
2605.9,S,68,43630.00,6444.24,17931833.6,90609916.6,443155387
2606.9,S,68,43659.40,6445.15,17931833.6,90610142.8,443156068
2607.9,S,65,43688.70,6446.32,17931833.6,90610198.6,443156159
2608.9,S,59,43715.09,6447.87,17931833.6,90610511.6,443156441
2609.9,S,58,43722.71,6448.81,17931833.6,90610822.4,443157442
2611.2,S,82,43750.62,6449.80,17931833.6,90610916.0,443157848
2612.2,S,82,43785.99,6450.26,17931833.6,90610924.4,443158378
2613.2,S,82,43821.44,6450.67,17931833.6,90610934.3,443159377
2614.2,S,82,43856.89,6451.09,17931833.6,90610944.1,443160378
2615.2,S,82,43892.48,6451.53,17931833.6,90610953.7,443161383
2616.2,S,82,43899.19,6451.60,17931833.6,90610962.2,443162384
2617.4,S,77,43934.21,6452.23,17931833.6,90611141.8,443162953
2618.4,S,74,43968.08,6452.82,17931833.6,90611502.6,443163265
2619.4,S,72,43985.23,6453.64,17931833.6,90611947.4,443164265
2620.4,S,67,43986.13,6454.06,17931833.6,90612590.4,443165290
2621.4,S,63,43986.13,6454.38,17931833.6,90613156.6,443166292
2622.4,S,60,43986.13,6454.39,17931833.6,90613195.7,443167293
2623.4,S,57,43986.13,6454.40,17931833.6,90613207.0,443168294
2624.4,S,57,43986.13,6454.40,17931833.6,90613218.4,443169295
2625.4,S,57,43986.13,6454.40,17931833.6,90613229.0,443170296
2626.4,S,57,43986.13,6454.40,17931833.6,90613240.6,443171297
2627.4,S,47,43988.48,6455.19,17931833.6,90613336.8,443171990
2628.4,S,47,43996.30,6456.63,17931833.6,90613337.9,443172002
2629.4,S,47,44003.77,6457.98,17931833.6,90613338.0,443172008
2630.4,S,47,44011.39,6459.34,17931833.6,90613338.4,443172043
2631.4,S,47,44019.13,6460.82,17931833.6,90613338.5,443172049
2632.4,S,47,44026.64,6462.29,17931833.6,90613340.2,443172058
2633.4,S,47,44034.22,6463.69,17931833.6,90613340.3,443172059
2634.4,S,47,44041.60,6464.99,17931833.6,90613383.5,443172151
2635.4,S,47,44049.19,6466.41,17931833.6,90613383.7,443172157
2636.4,S,47,44056.91,6467.93,17931833.6,90613383.9,443172163
2637.4,S,47,44064.55,6469.36,17931833.6,90613389.6,443172267
2638.4,S,47,44072.37,6470.80,17931833.6,90613415.6,443173268
2639.4,S,47,44077.25,6471.61,17931833.6,90613438.4,443174269
2640.7,S,47,44085.16,6473.02,17931833.6,90613472.7,443175593
2641.7,S,47,44090.51,6473.93,17931833.6,90613499.2,443176594
2642.8,S,50,44099.65,6475.38,17931833.6,90613509.6,443176861
2643.8,S,50,44110.25,6476.86,17931833.6,90613510.3,443176873
2644.8,S,48,44119.60,6478.36,17931833.6,90613653.3,443177110
2645.8,S,48,44128.27,6479.74,17931833.6,90613653.4,443177112
2646.8,S,48,44136.89,6481.11,17931833.6,90613701.7,443177174
2647.8,S,53,44149.56,6482.81,17931833.6,90613702.7,443177179
2648.8,S,53,44163.66,6484.70,17931833.6,90613713.5,443177195
2649.8,S,56,44180.36,6486.65,17931833.6,90613773.5,443177284
2650.8,S,56,44197.42,6488.41,17931833.6,90613820.1,443177327
2651.8,S,49,44210.87,6490.24,17931833.6,90614272.9,443177722
2652.8,S,57,44230.14,6491.68,17931833.6,90614354.9,443177795
2653.8,S,57,44251.21,6493.28,17931833.6,90614355.3,443177795
2654.8,S,60,44271.44,6494.72,17931833.6,90614489.5,443177950
2655.8,S,60,44295.85,6496.21,17931833.6,90614503.4,443177985
2656.8,S,58,44316.67,6497.66,17931833.6,90614674.3,443178513
2657.8,S,57,44326.41,6498.79,17931833.6,90614949.3,443179513
2658.8,S,50,44333.32,6500.02,17931833.6,90615417.8,443180424
2659.8,S,59,44352.02,6501.60,17931833.6,90615425.2,443180436
2660.8,S,59,44376.24,6502.84,17931833.6,90615425.5,443180438
2661.8,S,62,44400.52,6504.22,17931833.6,90615576.6,443180727
2662.8,S,61,44427.03,6505.68,17931833.6,90615578.1,443180743
2663.8,S,60,44452.72,6507.00,17931833.6,90615674.7,443181038
2664.8,S,58,44469.29,6508.43,17931833.6,90615893.4,443181768
2665.8,S,57,44473.33,6509.25,17931833.6,90616172.5,443182769
2666.9,S,47,44481.61,6510.88,17931833.6,90616717.2,443183656
2667.9,S,47,44491.17,6512.29,17931833.6,90616718.2,443183670
2668.9,S,47,44498.02,6513.24,17931833.6,90616822.2,443184038
2669.9,S,47,44507.69,6514.85,17931833.6,90616822.4,443184039
2670.9,S,47,44517.32,6516.37,17931833.6,90616822.7,443184042
2671.9,S,47,44526.53,6517.86,17931833.6,90616951.8,443184487
2672.9,S,47,44534.99,6519.31,17931833.6,90617014.2,443184692
2673.9,S,47,44543.73,6520.72,17931833.6,90617014.3,443184694
2674.9,S,47,44552.49,6522.12,17931833.6,90617015.0,443184704
2675.9,S,47,44558.02,6522.97,17931833.6,90617117.9,443185108
2676.9,S,47,44566.79,6524.45,17931833.6,90617118.5,443185113
2677.9,S,47,44574.57,6526.20,17931833.6,90617308.7,443185744
2678.9,S,59,44594.83,6527.87,17931833.6,90617308.7,443185744
2679.9,S,59,44614.85,6529.60,17931833.6,90617311.0,443185759
2680.9,S,59,44634.42,6531.25,17931833.6,90617361.2,443185988
2681.9,S,58,44648.21,6532.39,17931833.6,90617552.4,443186644
2682.9,S,55,44664.97,6534.08,17931833.6,90617973.7,443187094
2683.9,S,47,44670.99,6534.92,17931833.6,90618228.9,443187928
2684.9,S,73,44704.58,6535.69,17931833.6,90618234.5,443187946
2685.9,S,77,44739.80,6536.15,17931833.6,90618248.8,443187992
2686.9,S,76,44775.19,6536.63,17931833.6,90618273.3,443188080
2687.9,S,75,44810.59,6537.10,17931833.6,90618301.1,443188197
2688.9,S,74,44846.07,6537.58,17931833.6,90618340.7,443188311
2689.9,S,72,44881.29,6538.05,17931833.6,90618454.6,443188673
2690.9,S,70,44911.20,6538.56,17931833.6,90618617.4,443189288
2692.0,S,69,44930.12,6539.69,17931833.6,90619212.2,443190348
2693.2,S,70,44935.58,6540.51,17931833.6,90619869.8,443191596
2694.4,S,62,44938.28,6541.08,17931833.6,90620481.9,443192805
2695.5,S,53,44943.40,6541.76,17931833.6,90620817.3,443193887
2696.5,S,92,44972.08,6542.97,17931833.6,90620827.3,443193949
2697.5,S,91,45007.54,6543.49,17931833.6,90620837.4,443193985
2698.5,S,91,45043.02,6543.98,17931833.6,90620839.7,443193994
2699.5,S,90,45078.63,6544.39,17931833.6,90620864.7,443194074
2700.5,S,89,45113.73,6544.84,17931833.6,90620935.0,443194352
2701.5,S,85,45145.83,6545.30,17931833.6,90621076.7,443194761
2702.5,S,85,45181.40,6545.73,17931833.6,90621099.5,443194832
2703.5,S,83,45216.79,6546.24,17931833.6,90621238.7,443195021
2704.5,S,78,45242.80,6546.79,17931833.6,90621731.0,443196010
2705.8,S,76,45261.86,6547.63,17931833.6,90622111.9,443197281
2706.8,S,74,45269.66,6548.48,17931833.6,90622719.0,443198282
2708.0,S,67,45272.28,6548.93,17931833.6,90623318.0,443199426
2709.3,S,48,45275.58,6549.71,17931833.6,90623904.1,443200603
2710.3,S,47,45283.28,6551.53,17931833.6,90623926.1,443200646
2711.3,S,47,45291.21,6552.88,17931833.6,90623926.6,443200650
2712.3,S,47,45298.91,6554.35,17931833.6,90623926.9,443200654
2713.3,S,47,45306.76,6555.83,17931833.6,90623927.1,443200655
2714.3,S,47,45314.47,6557.23,17931833.6,90623969.3,443200692
2715.3,S,47,45322.26,6558.58,17931833.6,90623969.9,443200695
2716.3,S,47,45330.13,6560.10,17931833.6,90623970.5,443200697
2717.3,S,50,45339.61,6561.62,17931833.6,90624003.0,443200739
2718.3,S,50,45350.40,6563.09,17931833.6,90624003.4,443200757
2719.3,S,48,45358.36,6564.25,17931833.6,90624146.5,443201145
2720.3,S,48,45367.12,6565.64,17931833.6,90624147.0,443201147
2721.3,S,48,45375.73,6567.05,17931833.6,90624175.5,443201224
2722.3,S,53,45387.73,6568.71,17931833.6,90624195.2,443201294
2723.3,S,53,45401.99,6570.52,17931833.6,90624224.9,443201404
2724.3,S,57,45417.41,6572.18,17931833.6,90624279.3,443201579
2725.3,S,56,45434.69,6574.03,17931833.6,90624374.9,443201909
2726.3,S,50,45448.61,6575.74,17931833.6,90624816.9,443202501
2727.3,S,58,45462.29,6577.19,17931833.6,90624907.9,443202854
2728.3,S,58,45486.72,6578.59,17931833.6,90624908.3,443202867
2729.3,S,58,45510.84,6579.89,17931833.6,90624923.4,443202908
2730.3,S,61,45535.90,6581.30,17931833.6,90625037.7,443203253
2731.3,S,60,45561.84,6582.67,17931833.6,90625086.2,443203390
2732.3,S,60,45586.51,6586.23,17931833.6,90625247.2,443203869
2733.3,S,58,45597.01,6589.82,17931833.6,90625752.9,443204870
2734.3,S,57,45602.73,6591.80,17931833.6,90626108.7,443205871
2735.3,S,66,45620.09,6593.38,17931833.6,90626204.1,443206293
2736.3,S,66,45650.51,6594.60,17931833.6,90626206.5,443206298
2737.3,S,65,45680.85,6595.95,17931833.6,90626226.3,443206374
2738.3,S,63,45709.55,6597.66,17931833.6,90626287.1,443206564
2739.3,S,63,45737.90,6599.34,17931833.6,90626309.3,443206630
2740.3,S,61,45764.99,6600.83,17931833.6,90626469.1,443207135
2741.3,S,56,45780.60,6602.33,17931833.6,90627050.3,443208068
2742.5,S,54,45785.11,6603.16,17931833.6,90627390.4,443209219
2743.6,S,51,45790.27,6604.14,17931833.6,90627826.4,443210092
2744.6,S,51,45802.73,6605.81,17931833.6,90627826.9,443210095
2745.6,S,51,45814.07,6607.39,17931833.6,90627960.4,443210264
2746.6,S,47,45823.25,6608.76,17931833.6,90628017.7,443210456
2747.6,S,47,45832.83,6610.07,17931833.6,90628018.0,443210457
2748.6,S,47,45842.26,6611.46,17931833.6,90628111.3,443210741
2749.6,S,47,45851.03,6613.17,17931833.6,90628210.4,443211212
2750.6,S,47,45859.11,6614.33,17931833.6,90628236.7,443211295
2751.6,S,47,45865.72,6615.36,17931833.6,90628314.0,443211554
2752.6,S,47,45874.35,6616.72,17931833.6,90628314.1,443211556
2753.6,S,47,45883.06,6618.10,17931833.6,90628315.2,443211561
2754.6,S,47,45891.69,6619.41,17931833.6,90628315.6,443211563
2755.6,S,47,45900.42,6620.68,17931833.6,90628315.8,443211566
2756.6,S,47,45909.25,6622.07,17931833.6,90628340.4,443211635
2757.6,S,59,45920.16,6623.64,17931833.6,90628506.4,443212211
2758.6,S,58,45936.75,6624.90,17931833.6,90628615.7,443212563
2759.6,S,58,45955.69,6626.66,17931833.6,90628615.9,443212566
2760.6,S,58,45974.83,6628.40,17931833.6,90628655.8,443212602
2761.6,S,58,45994.04,6630.20,17931833.6,90628795.7,443212721
2762.6,S,55,46002.40,6631.17,17931833.6,90629218.4,443213722
2763.8,S,75,46013.33,6632.38,17931833.6,90629392.7,443214310
2764.8,S,74,46048.08,6632.87,17931833.6,90629396.3,443214324
2765.8,S,73,46082.73,6633.36,17931833.6,90629514.9,443214782
2766.8,S,73,46117.47,6633.85,17931833.6,90629517.3,443214791
2767.8,S,73,46152.24,6634.38,17931833.6,90629517.5,443214792
2768.8,S,73,46186.88,6634.89,17931833.6,90629521.2,443214821
2769.8,S,68,46220.35,6635.56,17931833.6,90629795.6,443215262
2770.8,S,67,46232.60,6636.36,17931833.6,90630212.4,443216236
2772.4,S,67,46235.19,6637.19,17931833.6,90630786.7,443217856
2773.4,S,68,46249.02,6638.91,17931833.6,90631467.0,443218900
2774.4,S,57,46262.71,6640.69,17931833.6,90631649.1,443219754
2775.4,S,66,46287.01,6642.28,17931833.6,90631676.2,443219873
2776.4,S,65,46315.04,6643.73,17931833.6,90631687.8,443219907
2777.4,S,65,46342.55,6645.44,17931833.6,90631813.6,443220257
2778.4,S,65,46367.92,6646.78,17931833.6,90632109.8,443221142
2779.4,S,94,46400.31,6647.96,17931833.6,90632151.4,443221254
2780.4,S,94,46435.96,6648.43,17931833.6,90632152.0,443221256
2781.4,S,92,46470.10,6648.88,17931833.6,90632399.1,443221934
2782.4,S,82,46504.78,6649.43,17931833.6,90632970.4,443222891
2783.5,S,80,46536.99,6650.02,17931833.6,90633244.0,443223895
2784.5,S,74,46566.88,6650.61,17931833.6,90633427.4,443224432
2785.5,S,74,46601.16,6651.26,17931833.6,90633427.7,443224433
2786.5,S,74,46629.53,6651.88,17931833.6,90633621.7,443224941
2787.5,S,66,46644.94,6652.83,17931833.6,90634133.6,443225901
2788.5,S,65,46649.06,6653.83,17931833.6,90634417.8,443226902
2789.5,S,64,46651.81,6654.70,17931833.6,90635025.8,443227903
2790.8,S,53,46657.80,6655.98,17931833.6,90635404.9,443228946
2791.8,S,52,46671.47,6657.78,17931833.6,90635416.8,443228971
2792.8,S,52,46684.87,6659.60,17931833.6,90635416.8,443228971
2793.8,S,52,46697.45,6661.15,17931833.6,90635458.8,443229844
2794.8,S,56,46704.53,6661.77,17931833.6,90635519.2,443230586
2795.8,S,66,46722.09,6663.85,17931833.6,90635906.3,443230965
2796.8,S,66,46749.61,6665.54,17931833.6,90635907.8,443230975
2797.8,S,62,46775.31,6667.00,17931833.6,90636099.3,443231364
2798.8,S,61,46800.25,6668.30,17931833.6,90636130.9,443231453
2799.8,S,60,46823.98,6669.56,17931833.6,90636244.3,443231837
2800.8,S,60,46840.44,6670.44,17931833.6,90636460.4,443232391
2801.8,S,61,46851.61,6671.47,17931833.6,90636992.3,443233387
2802.9,S,58,46855.69,6672.03,17931833.6,90637267.3,443234388
2803.9,S,70,46880.33,6673.44,17931833.6,90637475.3,443234683
2804.9,S,66,46909.62,6675.13,17931833.6,90637494.0,443234705
2805.9,S,66,46938.64,6676.61,17931833.6,90637496.9,443234711
2806.9,S,65,46967.18,6678.18,17931833.6,90637535.4,443234866
2807.9,S,64,46994.98,6679.78,17931833.6,90637610.9,443235018
2808.9,S,59,47018.98,6681.25,17931833.6,90638154.6,443235487
2809.9,S,49,47029.72,6682.45,17931833.6,90638834.1,443236228
2810.9,S,59,47048.55,6683.76,17931833.6,90638961.7,443236691
2811.9,S,59,47072.19,6685.23,17931833.6,90638980.4,443236763
2812.9,S,58,47094.53,6686.84,17931833.6,90639171.1,443236952
2813.9,S,54,47114.56,6688.47,17931833.6,90639211.0,443237006
2814.9,S,53,47132.77,6690.25,17931833.6,90639354.5,443237436
2815.9,S,50,47141.11,6691.35,17931833.6,90639828.0,443238350
2816.9,S,58,47159.20,6692.68,17931833.6,90639865.4,443238391
2817.9,S,56,47180.59,6694.21,17931833.6,90639896.0,443238441
2818.9,S,56,47199.71,6696.23,17931833.6,90640086.8,443238611
2819.9,S,56,47219.11,6697.92,17931833.6,90640087.7,443238620
2820.9,S,56,47238.35,6699.75,17931833.6,90640088.1,443238627
2821.9,S,47,47243.80,6700.65,17931833.6,90640860.7,443239570
2822.9,S,47,47252.82,6702.14,17931833.6,90640865.4,443239579
2823.9,S,47,47261.57,6703.51,17931833.6,90640865.8,443239587
2824.9,S,47,47270.07,6704.69,17931833.6,90640866.0,443239596
2825.9,S,47,47278.34,6706.01,17931833.6,90641056.3,443240152
2826.9,S,56,47294.34,6708.07,17931833.6,90641056.7,443240154
2827.9,S,56,47311.77,6709.85,17931833.6,90641058.6,443240167
2828.9,S,56,47328.28,6711.56,17931833.6,90641191.8,443240305
2829.9,S,55,47344.77,6713.41,17931833.6,90641243.4,443240468
2830.9,S,55,47352.95,6714.45,17931833.6,90641604.9,443241285
2831.9,S,73,47374.79,6715.72,17931833.6,90641826.9,443241488
2832.9,S,73,47409.12,6716.38,17931833.6,90641827.3,443241488
2833.9,S,73,47443.34,6717.04,17931833.6,90641827.5,443241495
2834.9,S,72,47477.29,6717.69,17931833.6,90641859.8,443241573
2835.9,S,71,47510.71,6718.38,17931833.6,90641900.4,443241804
2836.9,S,69,47542.83,6719.10,17931833.6,90641994.8,443241903
2837.9,S,65,47566.95,6719.99,17931833.6,90642837.4,443242619
2838.9,S,53,47576.51,6720.96,17931833.6,90643841.9,443243478
2839.9,S,86,47611.11,6721.88,17931833.6,90643851.0,443243492
2840.9,S,86,47646.74,6722.33,17931833.6,90643851.3,443243500
2841.9,S,86,47682.15,6722.82,17931833.6,90643953.3,443243804
2842.9,S,85,47717.50,6723.29,17931833.6,90644009.8,443244162
2843.9,S,83,47753.04,6723.75,17931833.6,90644065.1,443244392
2844.9,S,81,47788.29,6724.24,17931833.6,90644201.5,443244534
2845.9,S,77,47822.98,6724.78,17931833.6,90644509.1,443244806
2846.9,S,65,47852.25,6725.63,17931833.6,90645260.1,443245443
2847.9,S,61,47865.75,6726.42,17931833.6,90645904.8,443246341
2848.9,S,54,47872.59,6727.47,17931833.6,90646535.6,443247341
2849.9,S,54,47879.66,6728.84,17931833.6,90646636.6,443248342
2850.9,S,54,47887.60,6730.21,17931833.6,90646647.9,443249344
2851.9,S,53,47890.08,6730.65,17931833.6,90646659.8,443250345
2854.8,S,52,47897.81,6732.01,17931833.6,90646693.6,443253263
2855.8,S,52,47903.56,6733.05,17931833.6,90646705.8,443254265
2857.5,S,47,47911.27,6734.95,17931833.6,90646758.9,443255017
2858.5,S,50,47919.41,6736.25,17931833.6,90646781.5,443255138
2859.5,S,50,47930.10,6737.66,17931833.6,90646782.3,443255141
2860.5,S,48,47939.71,6738.93,17931833.6,90646925.2,443255274
2861.5,S,48,47948.37,6740.39,17931833.6,90646926.7,443255277
2862.5,S,48,47957.05,6741.71,17931833.6,90647039.1,443255393
2863.5,S,52,47969.65,6743.42,17931833.6,90647041.9,443255429
2864.5,S,52,47983.13,6745.16,17931833.6,90647042.3,443255433
2865.5,S,56,47998.47,6746.97,17931833.6,90647075.7,443255484
2866.5,S,56,48015.66,6748.81,17931833.6,90647076.1,443255503
2867.5,S,55,48026.59,6750.17,17931833.6,90647422.9,443256393
2868.5,S,64,48045.22,6751.73,17931833.6,90647656.9,443256667
2869.5,S,64,48072.31,6753.25,17931833.6,90647658.3,443256833
2870.5,S,64,48099.37,6754.79,17931833.6,90647658.6,443256841
2871.5,S,64,48126.15,6756.03,17931833.6,90647702.5,443256948
2872.5,S,65,48153.92,6757.59,17931833.6,90647875.5,443257168
2873.5,S,65,48176.98,6759.01,17931833.6,90648396.8,443257616
2874.5,S,51,48192.43,6760.90,17931833.6,90649035.6,443258169
2875.5,S,69,48218.76,6762.29,17931833.6,90649168.1,443258289
2876.5,S,68,48250.19,6763.52,17931833.6,90649184.7,443258340
2877.5,S,68,48280.33,6764.83,17931833.6,90649224.1,443258453
2878.5,S,67,48309.43,6765.94,17931833.6,90649313.4,443258803
2879.5,S,66,48338.48,6767.45,17931833.6,90649363.5,443258883
2880.5,S,65,48367.37,6768.68,17931833.6,90649845.1,443259386
2881.5,S,56,48384.26,6770.04,17931833.6,90650703.2,443260118
2882.5,S,68,48409.94,6771.46,17931833.6,90650791.6,443260203
2883.5,S,64,48437.70,6772.94,17931833.6,90650951.5,443260342
2884.5,S,64,48465.31,6774.74,17931833.6,90650953.2,443260359
2885.5,S,64,48493.26,6776.26,17931833.6,90650968.0,443260403
2886.5,S,62,48520.47,6777.60,17931833.6,90651056.1,443260684
2887.5,S,60,48542.93,6778.94,17931833.6,90651789.1,443261445
2888.5,S,62,48556.13,6780.55,17931834.5,90652295.1,443261896
2889.5,S,61,48581.78,6782.10,17931858.5,90652490.0,443262102
2890.5,S,60,48606.26,6783.70,17931878.6,90652504.7,443262137
2891.5,S,60,48630.51,6785.06,17931894.2,90652504.9,443262150
2892.5,S,59,48654.22,6786.54,17931913.3,90652543.9,443262206
2893.5,S,59,48676.79,6787.85,17931936.5,90652652.0,443262331
2894.5,S,48,48684.85,6789.02,17931938.8,90653544.3,443263105
2895.5,S,47,48693.59,6790.51,17931938.8,90653550.4,443263119
2896.5,S,47,48702.17,6792.00,17931938.8,90653571.2,443263178
2897.5,S,56,48712.80,6793.86,17931938.8,90653742.4,443263704
2898.5,S,55,48729.02,6795.70,17931938.8,90653748.3,443263722
2899.6,S,55,48744.54,6797.46,17931938.8,90653852.8,443263822
2900.6,S,55,48760.58,6799.44,17931938.8,90653853.3,443263851
2901.6,S,55,48776.74,6801.19,17931938.8,90653978.0,443264214
2902.6,S,48,48784.37,6802.50,17931938.8,90654432.3,443264965
2903.6,S,67,48810.43,6804.00,17931938.8,90654439.7,443264980
2904.6,S,67,48840.41,6805.34,17931938.8,90654454.9,443265012
2905.6,S,66,48869.92,6806.61,17931938.8,90654477.8,443265075
2906.6,S,65,48897.98,6808.05,17931938.8,90654564.7,443265334
2907.6,S,63,48925.63,6809.77,17931938.8,90654721.5,443265475
2908.6,S,58,48949.11,6811.31,17931938.8,90655352.5,443266033
2909.6,S,47,48961.97,6812.98,17931938.8,90656068.2,443266652
2910.6,S,76,48993.32,6814.03,17931938.8,90656073.4,443266671
2911.6,S,75,49028.03,6814.57,17931938.8,90656090.2,443266733
2912.6,S,73,49061.30,6815.25,17931938.8,90656133.7,443266887
2913.6,S,72,49093.91,6815.90,17931938.8,90656167.2,443266991
2914.6,S,72,49126.17,6816.58,17931938.8,90656167.4,443266996
2915.6,S,72,49156.08,6817.24,17931938.8,90656279.9,443267266
2916.6,S,70,49175.03,6818.45,17931938.8,90656707.4,443268198
2917.6,S,67,49177.78,6819.75,17931938.8,90657894.4,443269197
2918.6,S,50,49184.89,6821.49,17931938.8,90658050.2,443269371
2919.6,S,50,49195.62,6822.95,17931938.8,90658050.6,443269400
2920.6,S,50,49205.67,6824.33,17931938.8,90658193.6,443269562
2921.6,S,48,49214.67,6825.64,17931938.8,90658194.1,443269567
2922.6,S,48,49223.50,6827.02,17931938.8,90658195.4,443269574
2923.6,S,53,49233.77,6828.53,17931938.8,90658243.4,443269728
2924.6,S,52,49248.06,6830.25,17931938.8,90658360.5,443269885
2925.6,S,56,49263.50,6832.00,17931938.8,90658364.8,443269900
2926.6,S,56,49280.57,6833.75,17931938.8,90658365.0,443269908
2927.6,S,52,49295.27,6835.42,17931938.8,90658787.9,443270267
2928.6,S,64,49314.46,6837.09,17931938.8,90658946.7,443270415
2929.6,S,64,49342.13,6838.69,17931938.8,90658947.0,443270419
2930.6,S,63,49369.67,6840.05,17931938.8,90658968.1,443270475
2931.6,S,63,49396.63,6841.38,17931938.8,90658974.6,443270500
2932.6,S,65,49424.56,6842.97,17931938.8,90659165.0,443270703
2933.6,S,65,49451.97,6844.72,17931938.8,90659593.9,443271077
2934.6,S,54,49469.15,6846.41,17931938.8,90660318.3,443271691
2935.6,S,69,49492.80,6847.93,17931938.8,90660511.1,443271862
2936.6,S,68,49524.26,6848.89,17931938.8,90660524.6,443271923
2937.6,S,68,49554.44,6849.74,17931938.8,90660525.2,443271930
2938.6,S,67,49584.36,6850.66,17931938.8,90660552.8,443271990
2939.6,S,69,49613.33,6851.96,17931938.8,90660725.9,443272273
2940.6,S,65,49643.75,6853.07,17931938.8,90661071.0,443272572
2941.6,S,60,49666.77,6855.12,17931938.8,90661821.8,443273217
2942.6,S,47,49676.31,6856.52,17931938.8,90662407.6,443273730
2943.6,S,47,49686.04,6857.94,17931938.8,90662408.3,443273740
2944.6,S,47,49695.78,6859.37,17931938.8,90662409.6,443273749
2945.6,S,47,49705.61,6860.68,17931938.8,90662409.9,443273759
2946.6,S,47,49714.59,6861.93,17931938.8,90662512.9,443273860
2947.6,S,47,49724.31,6863.40,17931938.8,90662671.6,443274004
2948.6,S,47,49733.06,6865.03,17931938.8,90662704.9,443274046
2949.6,S,47,49741.97,6866.27,17931938.8,90662705.2,443274056
2950.6,S,47,49750.72,6867.60,17931938.8,90662705.6,443274062
2951.6,S,47,49759.44,6869.04,17931938.8,90662706.8,443274069
2952.6,S,47,49768.21,6870.29,17931938.8,90662706.9,443274071
2953.6,S,58,49777.05,6871.71,17931938.8,90663000.3,443274327
2954.6,S,58,49796.10,6873.45,17931938.8,90663001.3,443274334
2955.6,S,58,49815.24,6875.16,17931938.8,90663002.0,443274335
2956.6,S,58,49834.41,6876.76,17931938.8,90663002.1,443274340
2957.6,S,58,49853.52,6878.45,17931938.8,90663003.5,443274351
2958.6,S,56,49864.80,6879.96,17931938.8,90663464.1,443275275
2959.6,S,76,49886.88,6881.04,17931938.8,90663776.5,443275544
2960.6,S,76,49922.13,6881.51,17931938.8,90663776.9,443275571
2961.6,S,75,49957.56,6881.94,17931938.8,90663797.9,443275641
2962.6,S,75,49992.39,6882.40,17931938.8,90663920.7,443276014
2963.6,S,75,50027.92,6882.86,17931938.8,90663959.2,443276186
2964.6,S,71,50062.00,6883.49,17931938.8,90664112.3,443276314
2965.6,S,70,50093.87,6884.21,17931938.8,90664445.8,443276612
2966.6,S,64,50107.26,6885.31,17931938.8,90665595.1,443277578
2967.6,S,84,50119.26,6886.76,17931938.8,90666156.3,443278067
2968.6,S,83,50154.50,6887.39,17931938.8,90666165.8,443278100
2969.6,S,83,50190.22,6887.85,17931938.8,90666166.4,443278106
2970.6,S,83,50225.71,6888.26,17931938.8,90666251.6,443278187
2971.6,S,82,50261.20,6888.73,17931938.8,90666273.9,443278207
2972.7,S,81,50296.69,6889.21,17931938.8,90666318.2,443278398
2973.7,S,81,50331.10,6889.66,17931938.8,90666374.8,443278554
2974.7,S,76,50361.39,6890.30,17931938.8,90666872.8,443279223
2975.7,S,60,50385.31,6891.69,17931938.8,90667874.6,443280073
2976.7,S,47,50394.78,6893.26,17931938.8,90668712.3,443280788
2977.7,S,47,50402.44,6894.99,17931938.8,90668713.3,443280793
2978.7,S,47,50410.10,6896.42,17931938.8,90668715.2,443280800
2979.7,S,47,50417.27,6897.81,17931938.8,90668733.3,443280869
2980.7,S,47,50424.98,6899.18,17931938.8,90668814.4,443281042
2981.7,S,47,50432.94,6900.52,17931938.8,90668814.8,443281044
2982.7,S,47,50440.74,6901.88,17931938.8,90668815.0,443281053
2983.7,S,47,50448.60,6903.19,17931938.8,90668815.6,443281054
2984.7,S,47,50456.44,6904.71,17931938.8,90668815.6,443281054
2985.7,S,47,50463.94,6906.07,17931938.8,90668890.6,443281131
2986.7,S,50,50473.15,6907.59,17931938.8,90668912.9,443281184
2987.7,S,50,50483.77,6909.11,17931938.8,90668940.4,443281211
2988.7,S,48,50493.10,6910.52,17931938.8,90669083.9,443281347
2989.7,S,48,50502.12,6911.86,17931938.8,90669084.1,443281349
2990.7,S,47,50510.63,6913.32,17931938.8,90669132.0,443281492
2991.7,S,53,50524.55,6915.03,17931938.8,90669132.0,443281494
2992.7,S,57,50538.97,6916.82,17931938.8,90669160.6,443281561
2993.7,S,57,50557.12,6918.64,17931938.8,90669160.7,443281562
2994.7,S,56,50574.51,6920.42,17931938.8,90669342.8,443281724
2995.7,S,53,50586.21,6922.07,17931938.8,90669797.3,443282115
2996.7,S,59,50608.34,6923.53,17931938.8,90669889.3,443282196
2997.7,S,59,50631.94,6925.16,17931938.8,90669889.7,443282205
2998.7,S,63,50657.17,6926.60,17931938.8,90669902.2,443282249
2999.7,S,62,50685.98,6930.16,17931938.8,90669938.3,443282329
3000.7,S,61,50715.15,6935.12,17931938.8,90670110.5,443282520
3001.7,S,48,50734.42,6939.39,17931938.8,90670995.4,443283269
3002.7,S,65,50759.21,6943.43,17931938.8,90671117.5,443283383
3003.7,S,65,50787.71,6945.13,17931938.8,90671118.1,443283385
3004.7,S,65,50816.21,6946.91,17931938.8,90671118.4,443283391
3005.7,S,64,50843.98,6948.62,17931938.8,90671274.4,443283721
3006.7,S,61,50870.47,6949.95,17931938.8,90671399.5,443283840
3007.7,S,55,50892.43,6951.43,17931938.8,90672011.9,443284362
3008.7,S,47,50903.72,6952.91,17931938.8,90672349.5,443284657
3009.7,S,47,50911.93,6954.18,17931938.8,90672642.1,443284915
3010.7,S,47,50921.54,6955.94,17931938.8,90672644.1,443284926
3011.7,S,47,50931.32,6957.26,17931938.8,90672644.3,443284931
3012.7,S,47,50941.27,6958.56,17931938.8,90672644.6,443284937
3013.7,S,47,50951.03,6959.97,17931938.8,90672644.8,443284945
3014.7,S,47,50960.26,6961.52,17931938.8,90672835.7,443285121
3015.7,S,47,50969.09,6962.86,17931938.8,90672836.4,443285130
3016.7,S,47,50975.32,6963.87,17931938.8,90672940.0,443285444
3017.7,S,47,50983.21,6965.52,17931938.8,90673130.7,443285981
3018.7,S,59,51001.68,6967.40,17931938.8,90673132.1,443285990
3019.7,S,59,51021.88,6969.07,17931938.8,90673132.3,443286000
3020.7,S,59,51042.02,6970.75,17931938.8,90673132.9,443286033
3021.7,S,58,51060.98,6972.25,17931938.8,90673229.1,443286283
3022.7,S,58,51074.19,6973.35,17931938.8,90673383.9,443286810
3023.7,S,48,51080.10,6974.02,17931938.8,90674060.8,443287558
3024.7,S,76,51112.98,6974.80,17931938.8,90674067.3,443287593
3025.7,S,75,51148.32,6975.25,17931938.8,90674082.5,443287664
3026.7,S,73,51183.42,6975.76,17931938.8,90674137.1,443287809
3027.7,S,71,51218.33,6976.28,17931938.8,90674184.6,443287953
3028.7,S,71,51252.94,6976.86,17931938.8,90674184.9,443287964
3029.7,S,69,51287.19,6977.51,17931938.8,90674280.8,443288064
3030.7,S,67,51315.49,6978.46,17931938.8,90675032.8,443288730
3031.8,S,56,51323.70,6979.69,17931938.8,90676282.2,443289781
3032.8,S,99,51350.44,6981.01,17931938.8,90676315.8,443289821
3033.8,S,99,51385.95,6981.58,17931938.8,90676316.8,443289831
3034.8,S,97,51421.47,6982.03,17931938.8,90676340.0,443289914
3035.8,S,97,51457.17,6982.42,17931938.8,90676340.3,443289919
3036.8,S,97,51492.67,6982.84,17931938.8,90676430.7,443290012
3037.8,S,97,51528.26,6983.25,17931938.8,90676432.7,443290014
3038.8,S,95,51563.67,6983.68,17931938.8,90676497.7,443290178
3039.8,S,92,51597.82,6984.17,17931938.8,90676776.4,443290913
3040.8,S,87,51633.20,6984.63,17931938.8,90677001.8,443291111
3041.8,S,81,51668.61,6985.17,17931938.8,90677385.5,443291437
3042.8,S,73,51699.93,6985.89,17931938.8,90678257.5,443292174
3043.8,S,62,51711.84,6986.98,17931938.8,90679447.3,443293175
3044.8,S,47,51718.40,6988.46,17931938.8,90679980.8,443293635
3045.8,S,47,51726.22,6990.04,17931938.8,90679982.1,443293645
3046.8,S,47,51733.91,6991.31,17931938.8,90679982.2,443293651
3047.8,S,47,51741.17,6992.72,17931938.8,90680047.0,443293798
3048.8,S,47,51749.11,6994.11,17931938.8,90680049.1,443293806
3049.8,S,47,51756.85,6995.53,17931938.8,90680049.3,443293815
3050.8,S,47,51764.64,6996.93,17931938.8,90680049.5,443293820
3051.8,S,47,51772.54,6998.28,17931938.8,90680049.8,443293831
3052.8,S,47,51780.19,6999.78,17931938.8,90680049.9,443293838
3053.8,S,50,51787.13,7001.08,17931938.8,90680087.3,443293977
3054.8,S,50,51797.77,7002.69,17931938.8,90680087.5,443293982
3055.8,S,50,51808.20,7004.25,17931938.8,90680093.9,443294069
3056.8,S,48,51816.84,7005.41,17931938.8,90680230.6,443294237
3057.8,S,48,51825.53,7006.80,17931938.8,90680295.7,443294299
3058.8,S,53,51836.01,7008.39,17931938.8,90680343.5,443294344
3059.8,S,52,51849.46,7010.13,17931938.8,90680353.5,443294408
3060.8,S,56,51864.14,7011.89,17931938.8,90680405.6,443294462
3061.8,S,56,51881.16,7013.84,17931938.8,90680405.9,443294467
3062.8,S,56,51894.59,7015.45,17931938.8,90680528.2,443294874
3063.8,S,56,51905.49,7017.07,17931938.8,90680985.8,443295291
3064.8,S,61,51930.61,7018.22,17931938.8,90680987.3,443295301
3065.8,S,61,51955.57,7019.41,17931938.8,90680987.5,443295306
3066.8,S,65,51980.29,7020.57,17931938.8,90681025.8,443295451
3067.8,S,64,52007.89,7022.26,17931938.8,90681075.2,443295534
3068.8,S,62,52034.70,7023.69,17931938.8,90681300.0,443295746
3069.8,S,51,52050.43,7025.25,17931938.8,90682271.2,443296575
3070.8,S,59,52074.49,7026.62,17931942.8,90682274.8,443296582
3071.8,S,59,52098.72,7027.94,17931946.4,90682275.0,443296585
3072.8,S,61,52122.47,7029.22,17931959.2,90682443.2,443296751
3073.8,S,60,52148.55,7030.75,17931975.7,90682491.5,443296802
3074.8,S,60,52173.89,7032.13,17931992.0,90682491.7,443296821
3075.8,S,48,52184.55,7033.56,17931993.3,90683333.9,443297553
3076.8,S,47,52194.81,7035.00,17931993.3,90683542.6,443297978
3077.8,S,47,52204.54,7036.59,17931993.3,90683566.7,443298058
3078.8,S,47,52214.26,7037.95,17931993.3,90683567.6,443298060
3079.8,S,47,52223.34,7039.25,17931993.3,90683670.3,443298152
3080.8,S,47,52233.09,7040.80,17931993.3,90683670.7,443298174
3081.8,S,47,52242.79,7042.15,17931993.3,90683671.0,443298178
3082.8,S,47,52251.92,7043.70,17931993.3,90683861.7,443298355
3083.8,S,47,52260.78,7045.11,17931993.3,90683863.2,443298366
3084.8,S,47,52269.50,7046.58,17931993.3,90683863.4,443298372
3085.8,S,47,52276.25,7047.63,17931993.3,90683961.4,443298622
3086.8,S,47,52284.64,7049.03,17931993.3,90684111.4,443298767
3087.8,S,58,52301.16,7050.80,17931993.3,90684158.9,443298813
3088.8,S,58,52320.44,7052.58,17931993.3,90684159.1,443298815
3089.8,S,58,52339.51,7054.52,17931993.3,90684160.5,443298844
3090.8,S,58,52358.73,7056.39,17931993.3,90684202.9,443298986
3091.8,S,55,52374.86,7057.93,17931993.3,90684679.9,443299547
3092.8,S,75,52395.80,7059.15,17931993.3,90685042.4,443299863
3093.8,S,74,52430.84,7059.65,17931993.3,90685060.8,443299893
3094.8,S,72,52465.24,7060.32,17931993.3,90685086.4,443299949
3095.8,S,72,52499.43,7060.92,17931993.3,90685088.4,443299965
3096.8,S,71,52533.45,7061.55,17931993.3,90685130.7,443300088
3097.9,S,70,52566.10,7062.22,17931993.3,90685175.7,443300200
3098.9,S,68,52596.89,7062.99,17931993.3,90685562.2,443300529
3099.9,S,64,52605.40,7064.17,17931993.3,90686771.8,443301545
3100.9,S,90,52622.44,7065.55,17931993.3,90687148.7,443301883
3101.9,S,88,52657.81,7066.13,17931993.3,90687161.9,443301913
3102.9,S,88,52693.40,7066.55,17931993.3,90687162.4,443301916
3103.9,S,88,52729.06,7066.98,17931993.3,90687253.5,443302212
3104.9,S,87,52764.63,7067.42,17931993.3,90687278.2,443302245
3105.9,S,86,52800.15,7067.93,17931993.3,90687325.2,443302371
3106.9,S,84,52835.62,7068.39,17931993.3,90687459.4,443302737
3107.9,S,82,52868.93,7068.93,17931993.3,90687782.9,443303266
3108.9,S,70,52901.45,7069.68,17931993.3,90688554.5,443303921
3109.9,S,57,52924.61,7070.95,17931993.3,90689466.1,443304702
3110.9,S,47,52933.36,7072.80,17931993.3,90690099.7,443305247
3111.9,S,47,52940.73,7074.32,17931993.3,90690112.8,443305286
3112.9,S,47,52948.16,7075.81,17931993.3,90690113.2,443305290
3113.9,S,47,52955.80,7077.26,17931993.3,90690115.3,443305297
3114.9,S,47,52963.49,7078.60,17931993.3,90690200.1,443305538
3115.9,S,47,52971.06,7080.07,17931993.3,90690200.3,443305541
3116.9,S,47,52978.71,7081.54,17931993.3,90690200.5,443305557
3117.9,S,47,52986.44,7082.91,17931993.3,90690200.7,443305565
3118.9,S,47,52993.98,7084.42,17931993.3,90690201.1,443305567
3119.9,S,50,53003.95,7085.94,17931993.3,90690299.1,443305803
3120.9,S,50,53014.75,7087.35,17931993.3,90690299.3,443305814
3121.9,S,48,53023.63,7088.70,17931993.3,90690442.2,443305945
3122.9,S,48,53032.20,7090.26,17931993.3,90690442.4,443305949
3123.9,S,53,53042.44,7091.75,17931993.3,90690491.1,443306075
3124.9,S,53,53056.70,7093.58,17931993.3,90690564.7,443306212
3125.9,S,56,53071.76,7095.34,17931993.3,90690624.1,443306274
3126.9,S,56,53088.89,7097.15,17931993.3,90690624.6,443306280
3127.9,S,56,53102.90,7098.66,17931993.3,90690726.6,443306642
3129.0,S,57,53114.28,7100.11,17931993.3,90691205.5,443307165
3130.0,S,57,53135.37,7101.79,17931993.3,90691206.3,443307192
3131.0,S,57,53156.63,7103.26,17931993.3,90691207.5,443307200
3132.0,S,60,53176.26,7104.71,17931993.3,90691272.1,443307377
3133.0,S,60,53200.48,7106.18,17931993.3,90691272.4,443307381
3134.0,S,58,53222.45,7107.91,17931993.3,90691756.2,443307795
3135.0,S,60,53238.59,7109.62,17931993.3,90692219.1,443308201
3136.0,S,59,53263.31,7110.91,17931993.3,90692229.7,443308220
3137.0,S,59,53287.77,7112.15,17931993.3,90692231.2,443308229
3138.0,S,63,53310.79,7113.34,17931993.3,90692334.2,443308549
3139.0,S,63,53338.30,7115.00,17931993.3,90692334.5,443308553
3140.0,S,58,53362.16,7116.58,17931993.3,90692799.9,443308960
3141.0,S,47,53372.18,7117.89,17931993.3,90693410.6,443309530
3142.0,S,47,53382.03,7119.57,17931993.3,90693601.2,443309692
3143.0,S,47,53391.53,7121.03,17931993.3,90693602.9,443309701
3144.0,S,47,53401.23,7122.35,17931993.3,90693603.1,443309703
3145.0,S,47,53410.23,7123.64,17931993.3,90693706.2,443309802
3146.0,S,47,53419.94,7125.16,17931993.3,90693706.6,443309804
3147.0,S,47,53429.28,7126.75,17931993.3,90693896.9,443309974
3148.0,S,47,53438.06,7128.14,17931993.3,90693897.4,443309975
3149.0,S,47,53446.69,7129.62,17931993.3,90693898.1,443309979
3150.0,S,47,53455.62,7131.00,17931993.3,90693898.3,443309992
3151.0,S,47,53464.45,7132.26,17931993.3,90693898.6,443310004
3152.0,S,59,53471.09,7133.40,17931993.3,90694191.8,443310410
3153.0,S,59,53491.18,7135.10,17931993.3,90694193.1,443310422
3154.0,S,58,53511.29,7136.72,17931993.3,90694217.1,443310480
3155.0,S,58,53530.36,7138.53,17931993.3,90694218.5,443310509
3156.0,S,58,53549.47,7140.23,17931993.3,90694316.4,443310682
3157.0,S,50,53565.78,7142.06,17931993.3,90694794.0,443311154
3158.1,S,72,53586.10,7143.14,17931993.3,90695098.4,443311431
3159.1,S,71,53621.06,7143.64,17931993.3,90695107.9,443311447
3160.1,S,70,53656.08,7144.09,17931993.3,90695130.3,443311527
3161.1,S,67,53688.94,7144.63,17931993.3,90695223.6,443311813
3162.1,S,67,53721.61,7145.34,17931993.3,90695230.6,443311853
3163.1,S,65,53752.96,7145.97,17931993.3,90695321.1,443311990
3164.1,S,63,53781.30,7146.84,17931993.3,90695936.4,443312558
3165.1,S,59,53791.74,7148.10,17931993.3,90697128.1,443313559
3166.1,S,61,53813.19,7149.65,17931993.3,90697169.3,443313633
3167.1,S,61,53837.48,7150.99,17931993.3,90697169.3,443313633
3168.1,S,59,53860.27,7152.48,17931993.3,90697223.2,443313699
3169.1,S,59,53881.76,7153.82,17931993.3,90697326.4,443313794
3170.1,S,58,53899.72,7155.28,17931993.3,90697537.4,443314432
3171.1,S,47,53911.71,7156.55,17931993.3,90698255.4,443315184
3172.1,S,76,53944.42,7157.73,17931999.3,90698267.7,443315202
3173.1,S,76,53979.35,7158.19,17932005.3,90698269.7,443315213
3174.1,S,76,54014.43,7158.62,17932011.2,90698270.1,443315225
3175.1,S,74,54049.14,7159.18,17932016.5,90698331.9,443315290
3176.1,S,74,54083.38,7159.84,17932024.0,90698332.0,443315298
3177.1,S,73,54117.47,7160.54,17932037.9,90698476.4,443315439
3178.1,S,66,54140.83,7161.66,17932044.2,90699310.4,443316183
3179.1,S,47,54145.27,7162.97,17932044.2,90700376.1,443317091
3180.1,S,47,54152.78,7164.67,17932044.2,90700377.2,443317102
3181.1,S,50,54162.42,7166.13,17932044.2,90700386.4,443317124
3182.1,S,50,54173.07,7167.69,17932044.2,90700467.9,443317342
3183.1,S,48,54181.89,7169.13,17932044.2,90700612.6,443317671
3184.1,S,48,54190.91,7170.52,17932044.2,90700612.8,443317674
3185.1,S,48,54199.57,7171.95,17932044.2,90700661.3,443317841
3186.1,S,53,54212.69,7173.61,17932044.2,90700661.5,443317844
3187.1,S,57,54226.63,7175.26,17932044.2,90700683.4,443317935
3188.1,S,56,54244.49,7177.20,17932044.2,90700684.4,443317938
3189.1,S,53,54260.93,7178.84,17932044.2,90700729.8,443318092
3190.1,S,38,54269.73,7179.68,17932044.2,90701245.5,443318712
3191.1,R,30,54276.53,7180.24,17932044.2,90701504.1,443318943
